path_index,source_sample_index,scale_factor,redshift,contraction_elapsed_time_Gyr,H_signed_km_s_Mpc,H_magnitude_km_s_Mpc,E_of_a,q_A_ln_E,boundary_margin_candidate,trajectory_direction
0,0,1,0,0,-67.321780000000004,67.321780000000004,1,0,0.39586391463199999,contraction
1,1,0.99540541735200005,0.0046157902783999999,0.0668129750292,-67.469553493600003,67.469553493600003,1.00219503248,0.0021926269157571138,0.39551999074600003,contraction
2,2,0.99083194489299997,0.0092528860766799993,0.13347892428800001,-67.619053279100001,67.619053279100001,1.00441570735,0.0044059867194343027,0.39517189199199998,contraction
3,3,0.98627948563099999,0.0139113857367,0.19999678877099999,-67.770296380700003,67.770296380700003,1.00666227751,0.006640182619759424,0.394819575714,contraction
4,4,0.98174794302000001,0.018591388054099999,0.266365511168,-67.923299932800006,67.923299932800006,1.0089349974499999,0.0088953165509452793,0.39446299903600002,contraction
5,5,0.97723722095599996,0.0232929922808,0.33258403605199999,-68.078081179199998,68.078081179199998,1.01123412333,0.011171489222817979,0.39410211886000002,contraction
6,6,0.97274722377699996,0.0280162981265,0.39865131007299998,-68.234657473799999,68.234657473799999,1.0135599129099999,0.013468800022101273,0.39373689186999999,contraction
7,7,0.96827785626100005,0.032761405761399999,0.46456628214899998,-68.393046279800004,68.393046279800004,1.0159126256,0.015787347033016663,0.39336727454499998,contraction
8,8,0.96382902362400003,0.037528415817999997,0.53032790366500004,-68.553265169699998,68.553265169699998,1.0182925224199999,0.018127226969071111,0.39299322315500002,contraction
9,9,0.95940063151599997,0.0423174293933,0.595935128664,-68.715331825199996,68.715331825199996,1.02069986601,0.020488535154650982,0.39261469377300001,contraction
10,10,0.95499258602100001,0.047128548050899999,0.66138691404700001,-68.8792640371,68.8792640371,1.02313492063,0.022871365496985555,0.39223164227899998,contraction
11,11,0.95060479365600004,0.0519618738232,0.72668221976900005,-69.045079704800003,69.045079704800003,1.02559795217,0.025275810468156589,0.39184402436600002,contraction
12,12,0.946237161366,0.056817509213699997,0.79182000904100003,-69.212796836300001,69.212796836300001,1.02808922813,0.027701961058091817,0.39145179554499998,contraction
13,13,0.94188959652299997,0.061695557198699999,0.85679924852400002,-69.3824335483,69.3824335483,1.03060901759,0.030149906718457815,0.39105491115500002,contraction
14,14,0.937562006926,0.066596121230299996,0.92161890853700001,-69.554008065199994,69.554008065199994,1.03315759128,0.032619735404107147,0.39065332636400002,contraction
15,15,0.933254300797,0.0715193052376,0.98627796324999994,-69.727538719899997,69.727538719899997,1.0357352215,0.035111533469041681,0.39024699618499997,contraction
16,16,0.92896638677999999,0.076465213629799994,1.0507753908899999,-69.903043952600001,69.903043952600001,1.0383421821700001,0.037625385689086591,0.38983587547199999,contraction
17,17,0.92469817393800002,0.081433951297900001,1.11511017395,-70.080542311299993,70.080542311299993,1.0409787488,0.040161375207359885,0.38941991893900002,contraction
18,18,0.92044957175300002,0.086425623617100003,1.1792812993799999,-70.2600524514,70.2600524514,1.0436451984999999,0.042719583518890401,0.38899908115800003,contraction
19,19,0.91622049012200002,0.091440336448799994,1.24328775879,-70.441593135199994,70.441593135199994,1.0463418099599999,0.045300090426811365,0.388573316572,contraction
20,20,0.91201083935600002,0.096478196143199996,1.3071285486699999,-70.625183231899996,70.625183231899996,1.0490688634800001,0.047902974046920711,0.38814257950499997,contraction
21,21,0.90782053017800002,0.101539309541,1.37080267056,-70.810841717499997,70.810841717499997,1.0518266409100001,0.050528310726647055,0.38770682416500002,contraction
22,22,0.903649473722,0.106623783978,1.4343091313,-70.9985876744,70.9985876744,1.05461542571,0.053176175079133373,0.38726600465799998,contraction
23,23,0.89949758153000003,0.111731727282,1.4976469431899999,-71.188440290900004,71.188440290900004,1.05743550291,0.055846639922292413,0.38682007499299997,contraction
24,24,0.89536476555,0.116863247781,1.5608151242199999,-71.380418861500004,71.380418861500004,1.0602871591,0.058539776247214008,0.38636898909400003,contraction
25,25,0.89125093813400003,0.12201845430200001,1.6238126982700001,-71.574542786500004,71.574542786500004,1.06317068245,0.061255653215411959,0.38591270080899998,contraction
26,26,0.88715601203799999,0.12719745617600001,1.6866386952800001,-71.770831571499997,71.770831571499997,1.0660863627099999,0.063994338137482246,0.38545116392099998,contraction
27,27,0.88307990041899997,0.13240036323599999,1.7492921515199999,-71.969304827299993,71.969304827299993,1.06903449118,0.066755896424184835,0.38498433215299999,contraction
28,28,0.87902251683099997,0.13762728582299999,1.8117721096999999,-72.169982270000006,72.169982270000006,1.0720153607,0.069540391557145004,0.38451215918800002,contraction
29,29,0.87498377522699999,0.14287833479000001,1.8740776192799999,-72.372883720100006,72.372883720100006,1.07502926572,0.0723478851346432,0.38403459866900003,contraction
30,30,0.87096358995599998,0.14815362149700001,1.9362077365599999,-72.578029103000006,72.578029103000006,1.0780765021800001,0.075178436740582874,0.383551604218,contraction
31,31,0.86696187575799999,0.153453257821,1.99816152495,-72.785438448299999,72.785438448299999,1.0811573676199999,0.078032104028615865,0.38306312944400001,contraction
32,32,0.862978547767,0.15877735615499999,2.0599380551699999,-72.995131889600003,72.995131889600003,1.0842721610999999,0.080908942629835195,0.38256912795499998,contraction
33,33,0.85901352150499999,0.16412602941000001,2.1215364053900001,-73.207129664600004,73.207129664600004,1.08742118323,0.083809006163444,0.38206955336999998,contraction
34,34,0.85506671288500002,0.16949939102,2.1829556614899999,-73.421452114499999,73.421452114499999,1.09060473616,0.086732346210829203,0.38156435933100002,contraction
35,35,0.85113803820199996,0.17489755494000001,2.2441949172100002,-73.638119684000003,73.638119684000003,1.09382312357,0.089679012290363944,0.38105349951700002,contraction
36,36,0.847227414141,0.18032063565199999,2.30525327437,-73.857152921199997,73.857152921199997,1.09707665069,0.0926490518602925,0.38053692765500002,contraction
37,37,0.84333475776400002,0.18576874816700001,2.36612984307,-74.078572476999994,74.078572476999994,1.10036562428,0.095642510285523563,0.38001459753299999,contraction
38,38,0.839459986519,0.191242008027,2.4268237418299998,-74.302399105399999,74.302399105399999,1.1036903525899999,0.098659430787220309,0.379486463015,contraction
39,39,0.83560301823100003,0.19674053130700001,2.4873340978299998,-74.528653663,74.528653663,1.1070511454500001,0.10169985451107905,0.37895247805600002,contraction
40,40,0.83176377110300004,0.202264434617,2.5476600470899999,-74.757357108700006,74.757357108700006,1.1104483141799999,0.10476382043263345,0.37841259671100003,contraction
41,41,0.82794216371200002,0.20781383510699999,2.6078007346400001,-74.988530503899995,74.988530503899995,1.11388217162,0.10785136537239479,0.377866773155,contraction
42,42,0.82413811501300005,0.213388850465,2.6677553146899999,-75.222195012300006,75.222195012300006,1.11735303214,0.11096252399321423,0.37731496169399997,contraction
43,43,0.82035154433000002,0.218989598925,2.7275229508500001,-75.458371899300005,75.458371899300005,1.1208612116200001,0.11409732877134224,0.376757116783,contraction
44,44,0.81658237135900003,0.22461619926500001,2.78710281628,-75.6970825322,75.6970825322,1.12440702745,0.1172558099862407,0.376193193037,contraction
45,45,0.81283051616400004,0.23026877081200001,2.8464940939000001,-75.938348380299999,75.938348380299999,1.1279907985199999,0.1204379957021703,0.37562314525200002,contraction
46,46,0.80909589917799996,0.23594743344499999,2.9056959765000001,-76.182191014099999,76.182191014099999,1.1316128452600001,0.12364391179477549,0.37504692841699999,contraction
47,47,0.80537844119900004,0.24165230759199999,2.9647076669899999,-76.428632105700004,76.428632105700004,1.1352734895900001,0.12687358189835948,0.37446449773200002,contraction
48,48,0.80167806338799996,0.24738351424300001,3.02352837851,-76.677693428699996,76.677693428699996,1.1389730549099999,0.13012702738978402,0.37387580862600001,contraction
49,49,0.79799468726800005,0.25314117494100002,3.0821573346300002,-76.929396857699999,76.929396857699999,1.14271186617,0.13340426744320913,0.37328081676899999,contraction
50,50,0.79432823472400005,0.25892541179400003,3.1405937695000001,-77.183764368799999,77.183764368799999,1.14649024979,0.13670531895344992,0.37267947809599999,contraction
51,51,0.79067862799999999,0.264736347471,3.19883692802,-77.440818039000007,77.440818039000007,1.1503085337200001,0.14003019658308558,0.37207174881799998,contraction
52,52,0.78704578969500005,0.27057410520899999,3.2568860659899999,-77.700580046400006,77.700580046400006,1.1541670473700001,0.14337891269655642,0.37145758544700003,contraction
53,53,0.78342964276600002,0.27643880881100003,3.31474045027,-77.963072670100004,77.963072670100004,1.1580661216899999,0.14675147742567451,0.37083694480599999,contraction
54,54,0.779830110523,0.28233058265599997,3.3723993589500001,-78.228318290199994,78.228318290199994,1.1620060891199999,0.15014789862253003,0.37020978405600002,contraction
55,55,0.77624711662900003,0.28824955169299998,3.42986208145,-78.496339387800006,78.496339387800006,1.16598728358,0.15356818184824639,0.36957606070600002,contraction
56,56,0.77268058509600002,0.29419584145,3.4871279187200002,-78.767158544899999,78.767158544899999,1.17001004051,0.15701233040532139,0.36893573264099999,contraction
57,57,0.76913044028699995,0.30016957803299998,3.54419618337,-79.0407984446,79.0407984446,1.17407469685,0.16048034531882827,0.36828875813599998,contraction
58,58,0.76559660691099995,0.306170888132,3.60106619979,-79.317281871000006,79.317281871000006,1.17818159103,0.16397222532712838,0.36763509587600002,contraction
59,59,0.762079010025,0.31219989901900003,3.6577373042899999,-79.596631709299999,79.596631709299999,1.1823310629799999,0.16748796689035009,0.366974704978,contraction
60,60,0.75857757502900003,0.31825673855600001,3.7142088452699999,-79.878870945599999,79.878870945599999,1.18652345416,0.17102756421621626,0.36630754501000001,contraction
61,61,0.75509222766499995,0.32434153519499997,3.7704801832800001,-80.164022667599994,80.164022667599994,1.1907591074899999,0.17459100920202031,0.36563357601399998,contraction
62,62,0.75162289401799998,0.33045441797800001,3.82655069124,-80.452110063999996,80.452110063999996,1.19503836744,0.17817829151241821,0.36495275852199999,contraction
63,63,0.74816950051099995,0.33659551654600001,3.8824197544599999,-80.743156425199999,80.743156425199999,1.1993615799399999,0.18178939850618014,0.36426505358200001,contraction
64,64,0.74473197390599999,0.34276496113799998,3.93808677083,-81.037185143100004,81.037185143100004,1.2037290924699999,0.18542431531477138,0.363570422778,contraction
65,65,0.74131024130099998,0.34896288259199998,3.9935511509100001,-81.334219711200006,81.334219711200006,1.2081412540100001,0.18908302480407838,0.36286882825200001,contraction
66,66,0.73790423012899997,0.35518941235099999,4.0488123180400004,-81.634283725100005,81.634283725100005,1.21259841503,0.19276550757068719,0.36216023272300002,contraction
67,67,0.73451386815700004,0.36144468246599998,4.1038697084600004,-81.9374008825,81.9374008825,1.21710092755,0.19647174199651449,0.36144459951500002,contraction
68,68,0.73113908348300005,0.36772882559600001,4.1587227713899999,-82.2435949833,82.2435949833,1.2216491451,0.20020170422113154,0.360721892574,contraction
69,69,0.72777980453699997,0.37404197501300002,4.2133709691499996,-82.552889930199996,82.552889930199996,1.2262434227100001,0.20395536813993168,0.359992076494,contraction
70,70,0.724435960075,0.38038426460300001,4.2678137772399998,-82.865309728599996,82.865309728599996,1.23088411698,0.20773270546811676,0.35925511654100001,contraction
71,71,0.721107479183,0.386755828872,4.3220506844499997,-83.180878486799998,83.180878486799998,1.2355715860000001,0.21153368568262726,0.35851097867199999,contraction
72,72,0.71779429127100003,0.39315680294499999,4.3760811929200001,-83.499620417000003,83.499620417000003,1.24030618942,0.21535827608711641,0.35775962956099999,contraction
73,73,0.714496326076,0.399587322573,4.4299048182499998,-83.821559834699997,83.821559834699997,1.2450882884400001,0.21920644181200166,0.35700103662600002,contraction
74,74,0.71121351365300001,0.40604752413,4.4835210895499999,-84.146721159699993,84.146721159699993,1.24991824577,0.22307814579131516,0.35623516804499999,contraction
75,75,0.70794578438400002,0.41253754462300002,4.5369295495499999,-84.475128916100005,84.475128916100005,1.2547964256999999,0.22697334882857573,0.355461992788,contraction
76,76,0.70469306896700001,0.41905752168900001,4.5901297546400004,-84.806807732999999,84.806807732999999,1.25972319408,0.23089200959051528,0.35468148063600002,contraction
77,77,0.70145529841999998,0.42560759360200001,4.6431212749500004,-85.141782344600003,85.141782344600003,1.2646989183099999,0.23483408460968228,0.35389360220999999,contraction
78,78,0.69823240407700005,0.43218789927399998,4.6959036944000001,-85.480077590999997,85.480077590999997,1.26972396736,0.23879952831145085,0.35309832898900001,contraction
79,79,0.69502431758899996,0.43879857825599999,4.7484766107700001,-85.821718418200007,85.821718418200007,1.2747987117699999,0.24278829302554777,0.35229563334399999,contraction
80,80,0.69183097091900003,0.445439770746,4.8008396357600001,-86.166729879000002,86.166729879000002,1.27992352369,0.24680032902940816,0.35148548855200001,contraction
81,81,0.68865229634400005,0.452111617588,4.8529923950000002,-86.5151371332,86.5151371332,1.28509877685,0.25083558453687071,0.35066786883099998,contraction
82,82,0.685488226453,0.458814260275,4.9049345281500001,-86.866965448499997,86.866965448499997,1.2903248465599999,0.2548940057112481,0.349842749359,contraction
83,83,0.68233869414199999,0.46554784095599999,4.9566656888900003,-87.222240200399995,87.222240200399995,1.2956021097499999,0.25897553670982115,0.34901010630200002,contraction
84,84,0.67920363261700001,0.47231250243299999,5.0081855449999999,-87.580986873800001,87.580986873800001,1.3009309449899999,0.26308011971274337,0.34816991683699999,contraction
85,85,0.67608297539200002,0.479108388168,5.0594937783500002,-87.943231062400002,87.943231062400002,1.30631173244,0.26720769489850982,0.34732215918100001,contraction
86,86,0.67297665628400005,0.48593564228699998,5.1105900849600001,-88.308998470399999,88.308998470399999,1.3117448539000001,0.27135820049713366,0.34646681261200002,contraction
87,87,0.66988460941700001,0.492794409579,5.1614741749900004,-88.678314912499999,88.678314912499999,1.3172306928399999,0.27553157282770174,0.34560385749799999,contraction
88,88,0.66680676921399995,0.49968483550199999,5.2121457727899996,-89.051206314799998,89.051206314799998,1.3227696343599999,0.27972774628294261,0.34473327532199999,contraction
89,89,0.66374307040199998,0.50660706618700002,5.26260461692,-89.427698715299996,89.427698715299996,1.3283620652200001,0.2839466533677466,0.34385504870400002,contraction
90,90,0.66069344800800001,0.51356124843600004,5.31285046011,-89.807818265199998,89.807818265199998,1.3340083738899999,0.28818822475259048,0.34296916143299999,contraction
91,91,0.65765783735500005,0.52054752973200002,5.3628830693199996,-90.191591228999997,90.191591228999997,1.3397089504899999,0.29245238924437339,0.342075598486,contraction
92,92,0.65463617406700003,0.52756605823799996,5.4127022257100004,-90.579043985499993,90.579043985499993,1.3454641868599999,0.2967390738554832,0.34117434605699998,contraction
93,93,0.65162839406100004,0.53461698279900005,5.4623077246599996,-90.970203028699999,90.970203028699999,1.35127447653,0.30104820379797392,0.34026539158300001,contraction
94,94,0.64863443354799999,0.54170045295000002,5.5116993757300001,-91.365094968700006,91.365094968700006,1.35714021478,0.3053797025450759,0.339348723766,contraction
95,95,0.64565422903500003,0.54881661891199995,5.5608770026799998,-91.763746532300004,91.763746532300004,1.36306179861,0.30973349182596088,0.33842433260100002,contraction
96,96,0.64268771731700003,0.55596563160500001,5.6098404434600004,-92.166184564100007,92.166184564100007,1.36903962676,0.3141094916580266,0.33749220940000002,contraction
97,97,0.63973483548300003,0.56314764264100003,5.6585895501500003,-92.5724360273,92.5724360273,1.3750740997499999,0.31850762039375424,0.33655234681700003,contraction
98,98,0.63679552090799996,0.570362804334,5.70712418899,-92.982528004599999,92.982528004599999,1.38116561987,0.32292779473099714,0.335604738874,contraction
99,99,0.63386971125699998,0.57761126969900001,5.7554442403000001,-93.396487699399998,93.396487699399998,1.3873145912,0.32736992974547674,0.33464938098199998,contraction
100,100,0.63095734447999996,0.58489319246100002,5.8035495984900001,-93.814342436299995,93.814342436299995,1.3935214196100001,0.33183393890892249,0.33368626997099998,contraction
101,101,0.62805835881299998,0.59220872705100003,5.8514401720000002,-94.236119662700006,94.236119662700006,1.39978651281,0.33631973414330113,0.33271540410900002,contraction
102,102,0.62517269277599996,0.59955802861499996,5.8991158832900004,-94.661846949400001,94.661846949400001,1.4061102803500001,0.34082722583888397,0.33173678312900001,contraction
103,103,0.62230028516900004,0.60694125301299995,5.9465766687499997,-95.091551991800003,95.091551991800003,1.4124931336,0.34535632285850182,0.33075040825200003,contraction
104,104,0.61944107507699997,0.61435855682600005,5.9938224787100003,-95.525262611200006,95.525262611200006,1.4189354858300001,0.34990693261300243,0.32975628220699998,contraction
105,105,0.61659500186100002,0.62181009735899995,6.0408532773500001,-95.963006755500004,95.963006755500004,1.4254377521699999,0.35447896105130583,0.328754409262,contraction
106,106,0.61376200516500001,0.62929603264,6.08766904265,-96.404812500600002,96.404812500600002,1.43200034967,0.35907231272138496,0.32774479523799999,contraction
107,107,0.61094202490600003,0.63681652142800005,6.1342697663500001,-96.850708051500007,96.850708051500007,1.4386236972899999,0.36368689078173583,0.32577129733600002,contraction
108,108,0.608135001279,0.64437172321500003,6.18065545389,-97.300721743500006,97.300721743500006,1.4453082159099999,0.3683225970271794,0.32373818262800003,contraction
109,109,0.605340874754,0.65196179822900002,6.2268261243199996,-97.754882043500004,97.754882043500004,1.45205432838,0.37297933194230376,0.32170252464499999,contraction
110,110,0.60255958607399995,0.65958690743799997,6.2727818102599997,-98.213217550899998,98.213217550899998,1.4588624595299999,0.37765699472680142,0.31966451328700002,contraction
111,111,0.59979107625600003,0.66724721255099995,6.3185225577899997,-98.675756999499995,98.675756999499995,1.4657330361700001,0.38235548331406122,0.31762433934399997,contraction
112,112,0.59703528658399996,0.674942876026,6.3640484264400001,-99.142529257999996,99.142529257999996,1.4726664870999999,0.38707469439680692,0.315582194426,contraction
113,113,0.59429215861600004,0.68267406106999995,6.4093594890499999,-99.613563331799995,99.613563331799995,1.4796632431900001,0.39181452350010276,0.31353827088899999,contraction
114,114,0.59156163417499996,0.69044093164300002,6.4544558317299998,-100.088888365,100.088888365,1.48672373732,0.39657486495888838,0.31149276176500001,contraction
115,115,0.58884365535600003,0.69824365246200004,6.4993375537400002,-100.56853363899999,100.56853363899999,1.49384840446,0.40135561199062048,0.30944586068800001,contraction
116,116,0.58613816451400003,0.70608238900300002,6.5440047674299997,-101.05252857799999,101.05252857799999,1.50103768168,0.40615665671995926,0.30739776182200002,contraction
117,117,0.58344510427399998,0.71395730750800002,6.5884575981499998,-101.540902747,101.540902747,1.50829200813,0.41097789018358788,0.30534865978800002,contraction
118,118,0.58076441752100005,0.72186857498599999,6.6326961841500003,-102.03368585600001,102.03368585600001,1.5156118251099999,0.41581920239500125,0.30329874959000003,contraction
119,119,0.57809604740599996,0.72981635921499999,6.6767206764699996,-102.530907758,102.530907758,1.5229975760800001,0.42068048236875111,0.30124822653799999,contraction
120,120,0.57543993733700005,0.73780082874899999,6.7205312388799996,-103.03259845300001,103.03259845300001,1.53044970666,0.42556161813815152,0.29919728617800001,contraction
121,121,0.57279603098599996,0.74582215292099996,6.7641280477199999,-103.53878809,103.53878809,1.5379686646799999,0.43046249680567694,0.29714612421600001,contraction
122,122,0.57016427228099997,0.75388050184199995,6.80751129186,-104.049506967,104.049506967,1.54555490017,0.43538300455375106,0.29509493644200002,contraction
123,123,0.56754460540899998,0.76197604641200001,6.8506811725599999,-104.56478553300001,104.56478553300001,1.55320886543,0.44032302670739865,0.29304391865599999,contraction
124,124,0.564936974812,0.77010895831699999,6.8936379033500002,-105.084654388,105.084654388,1.56093101502,0.44528244774446407,0.29099326659399999,contraction
125,125,0.56234132519000002,0.77827941003900003,6.93638170995,-105.609144289,105.609144289,1.5687218057600001,0.45026115131254668,0.28894317585099999,contraction
126,126,0.55975760149499998,0.78648757485200005,6.9789128301399996,-106.138286146,106.138286146,1.5765816968299999,0.4552590203095061,0.28689384181100003,contraction
127,127,0.55718574893200001,0.79473362683299997,7.0212315136300001,-106.67211102900001,106.67211102900001,1.58451114972,0.46027593686753276,0.28484545956700003,contraction
128,128,0.55462571295800001,0.80301774086,7.0633380219899999,-107.210650165,107.210650165,1.5925106282899999,0.46531178240737359,0.28279822385199999,contraction
129,129,0.55207743928099995,0.81134009261999995,7.1052326284599996,-107.753934943,107.753934943,1.6005805987699999,0.47036643765405478,0.28075232895899999,contraction
130,130,0.54954087385799999,0.81970085860999997,7.1469156178900004,-108.301996914,108.301996914,1.6087215298499999,0.47543978270866738,0.278707968674,contraction
131,131,0.54701596289400001,0.828100216143,7.1883872865900003,-108.85486779199999,108.85486779199999,1.6169338926000001,0.48053169701342202,0.2766653362,contraction
132,132,0.54450265284199995,0.83653834334800004,7.2296479422099997,-109.412579459,109.412579459,1.62521816059,0.48564205944138672,0.27462462408299998,contraction
133,133,0.54200089040199995,0.84501541917900003,7.2706979036000003,-109.975163964,109.975163964,1.63357480988,0.49077074830447742,0.27258602414100003,contraction
134,134,0.53951062251500004,0.853531623415,7.3115375006800001,-110.54265352500001,110.54265352500001,1.64200431903,0.49591764137391475,0.27054972739299998,contraction
135,135,0.53703179636999998,0.86208713666299996,7.3521670743599996,-111.11508053,111.11508053,1.65050716916,0.50108261593088033,0.26851592398899998,contraction
136,136,0.53456435939699998,0.870682140366,7.3925869763299996,-111.692477543,111.692477543,1.65908384394,0.50626554877393948,0.26648480313700001,contraction
137,137,0.53210825926700001,0.879316816803,7.4327975689799999,-112.274877301,112.274877301,1.6677348296700001,0.51146631628070183,0.26445655303499999,contraction
138,138,0.52966344389200004,0.88799134909599997,7.4727992252400002,-112.862312718,112.862312718,1.6764606152499999,0.51668479440244897,0.26243136080200002,contraction
139,139,0.52722986142299999,0.89670592121100001,7.5125923284700002,-113.45481688700001,113.45481688700001,1.6852616922300001,0.52192085870687188,0.26040941241400001,contraction
140,140,0.52480746025000002,0.90546071796299998,7.5521772722999998,-114.05242308,114.05242308,1.6941385548600001,0.52717438441994635,0.25839089262800002,contraction
141,141,0.52239618899899998,0.91425592502099995,7.5915544604800003,-114.655164754,114.655164754,1.7030917000900001,0.53244524643759039,0.25637598492800001,contraction
142,142,0.51999599653399997,0.92309172891000002,7.6307243067800004,-115.263075548,115.263075548,1.71212162762,0.53773331936659352,0.25436487144800002,contraction
143,143,0.51760683195099999,0.931968317017,7.6696872348099996,-115.876189289,115.876189289,1.7212288399,0.5430384775356345,0.25235773291899999,contraction
144,144,0.51522864458200002,0.94088587759300002,7.7084436779100001,-116.494539992,116.494539992,1.7304138421799999,0.54836059503525769,0.250354748598,contraction
145,145,0.51286138399100001,0.94984459975799995,7.7469940789800003,-117.118161861,117.118161861,1.7396771425399999,0.55369954574548974,0.24835609621099999,contraction
146,146,0.51050499997499998,0.958844673506,7.7853388903500003,-117.74708929499999,117.74708929499999,1.7490192519400001,0.55905520337439751,0.24636195189099999,contraction
147,147,0.50815944256099999,0.96788628970699997,7.8234785736400001,-118.381356883,118.381356883,1.75844068418,0.56442744144460355,0.244372490118,contraction
148,148,0.50582466200300003,0.97696964011200005,7.8614135996199996,-119.020999416,119.020999416,1.76794195601,0.56981613336543924,0.24238788366399999,contraction
149,149,0.50350060878799996,0.98609491735699994,7.8991444480200004,-119.666051877,119.666051877,1.7775235871299999,0.57522115244125194,0.24040830353199999,contraction
150,150,0.50118723362700002,0.99526231496899997,7.9366716074700001,-120.316549456,120.316549456,1.78718610019,0.58064237187977064,0.23843391890400001,contraction
151,151,0.49888448746000003,1.0044720273700001,7.97399557525,-120.97252754,120.97252754,1.7969300208700001,0.58607966484504703,0.236464897087,contraction
152,152,0.49659232144999998,1.0137242498600001,8.0111168572500002,-121.634021725,121.634021725,1.8067558778899999,0.59153290447025109,0.234501403458,contraction
153,153,0.49431068698699998,1.02301917868,8.0480359677099997,-122.301067811,122.301067811,1.81666420304,0.59700196388135285,0.23254360141700001,contraction
154,154,0.49203953568100001,1.03235701094,8.0847534291900001,-122.973701807,122.973701807,1.8266555311999999,0.60248671621483918,0.230591652333,contraction
155,155,0.489778819368,1.0417379446699999,8.1212697723199998,-123.651959936,123.651959936,1.83673040041,0.60798703466235082,0.228645715497,contraction
156,156,0.48752849010299998,1.0511621788300001,8.1575855357199991,-124.33587863,124.33587863,1.84688935186,0.61350279247079609,0.22670594807800001,contraction
157,157,0.48528850016199998,1.0606299132699999,8.1937012658300006,-125.025494541,125.025494541,1.8571329299499999,0.6190338629803982,0.224772505076,contraction
158,158,0.48305880204000001,1.07014134879,8.2296175167500003,-125.72084453399999,125.72084453399999,1.8674616823000001,0.62458011963495041,0.22284553927799999,contraction
159,159,0.48083934844999998,1.0796966871,8.2653348501099995,-126.42196569799999,126.42196569799999,1.87787615981,0.63014143601857853,0.22092520121799999,contraction
160,160,0.47863009232300002,1.08929613085,8.3008538349300007,-127.128895341,127.128895341,1.88837691667,0.6357176858650192,0.21901163913499999,contraction
161,161,0.47643098680500001,1.0989398836199999,8.3361750474300003,-127.841670998,127.841670998,1.8989645104099999,0.64130874308784813,0.217104998933,contraction
162,162,0.47424198526,1.1086281499299999,8.3712990709300001,-128.56033042799999,128.56033042799999,1.9096395019300001,0.64691448179941557,0.21520542414999999,contraction
163,163,0.47206304126400001,1.11836113525,8.4062264957000004,-129.28491162099999,129.28491162099999,1.9204024555000001,0.6525347763136975,0.21331305591499999,contraction
164,164,0.46989410860500003,1.12813904598,8.4409579187699997,-130.01545279699999,130.01545279699999,1.9312539388700001,0.65816950120617523,0.211428032919,contraction
165,165,0.467735141287,1.1379620895,8.4754939438299992,-130.75199241000001,130.75199241000001,1.94219452323,0.66381853129462265,0.20955049138199999,contraction
166,166,0.46558609352300001,1.1478304741300001,8.5098351810599997,-131.494569149,131.494569149,1.95322478326,0.66948174166674934,0.207680565023,contraction
167,167,0.463446919736,1.15774440915,8.5439822470000006,-132.24322194300001,132.24322194300001,1.96434529721,0.67515900772231796,0.20581838503,contraction
168,168,0.46131757456,1.1677041048200001,8.5779357643799994,-132.99798995899999,132.99798995899999,1.9755566468800001,0.68085020516333483,0.20396408003499999,contraction
169,169,0.45919801283700001,1.1777097723500001,8.6116963620100009,-133.75891260899999,133.75891260899999,1.9868594176900001,0.68655521002996833,0.20211777608500001,contraction
170,170,0.45708818961499997,1.18776162395,8.6452646746100008,-134.526029548,134.526029548,1.99825419868,0.69227389870031508,0.20027959662399999,contraction
171,171,0.45498806014999998,1.1978598727800001,8.6786413426800006,-135.29938068000001,135.29938068000001,2.0097415825899998,0.69800614793006177,0.19844966246500001,contraction
172,172,0.45289757990399998,1.2080047330200001,8.7118270123600006,-136.07900616000001,136.07900616000001,2.02132216588,0.70375183486118464,0.19662809177599999,contraction
173,173,0.45081670454099998,1.2181964197999999,8.7448223352499994,-136.86494639399999,136.86494639399999,2.0329965487199999,0.70951083701564899,0.19481500005499999,contraction
174,174,0.44874538993300001,1.2284351492700001,8.7776279683399991,-137.65724204099999,137.65724204099999,2.0447653351000001,0.71528303234806845,0.19301050011900001,contraction
175,175,0.44668359215100001,1.2387211385700001,8.8102445738200004,-138.45593402200001,138.45593402200001,2.0566291328299999,0.72106829924311022,0.19121470208399999,contraction
176,176,0.444631267469,1.2490546058400001,8.8426728189299997,-139.26106351300001,139.26106351300001,2.0685885535600002,0.7268665165226853,0.18942771335399999,contraction
177,177,0.44258837236300003,1.2594357702200001,8.8749133758600003,-140.072671955,140.072671955,2.0806442128399998,0.73267756347213553,0.187649638609,contraction
178,178,0.44055486350700002,1.26986485188,8.9069669216099996,-140.89080105299999,140.89080105299999,2.0927967301699999,0.73850131986075274,0.18588057979299999,contraction
179,179,0.43853069777499998,1.2803420720000001,8.9388341378099998,-141.71549277899999,141.71549277899999,2.1050467289900001,0.74433766593308026,0.18412063610900001,contraction
180,180,0.43651583224000001,1.29086765277,8.9705157106400009,-142.546789373,142.546789373,2.11739483676,0.75018648244301311,0.18236990400600001,contraction
181,181,0.43451022417200003,1.30144181741,9.0020123306500004,-143.38473335099999,143.38473335099999,2.1298416849800001,0.75604765065852797,0.18062847717899999,contraction
182,182,0.43251383103500002,1.31206479018,9.0333246926499999,-144.2293675,144.2293675,2.14238790923,0.76192105237555252,0.17889644656199999,contraction
183,183,0.43052661049199997,1.3227367963600001,9.0644534955800005,-145.08073488599999,145.08073488599999,2.15503414921,0.7678065699313168,0.177173900326,contraction
184,184,0.42854852039699998,1.3334580622800001,9.0953994423799998,-145.938878854,145.938878854,2.1677810487800002,0.77370408621719056,0.17546092388000001,contraction
185,185,0.42657951880200001,1.3442288153199999,9.1261632398099994,-146.80384303299999,146.80384303299999,2.18062925598,0.77961348468184644,0.17375759986799999,contraction
186,186,0.42461956394599998,1.3550492838999999,9.1567455984200006,-147.67567133399999,147.67567133399999,2.1935794231000001,0.78553464935704409,0.17206400817299999,contraction
187,187,0.422668614266,1.3659196974900001,9.1871472323300001,-148.554407959,148.554407959,2.2066322066800002,0.79146746485071429,0.170380225922,contraction
188,188,0.42072662838399999,1.37684028662,9.2173688591299996,-149.44009739699999,149.44009739699999,2.2197882675899998,0.79741181637624792,0.168706327489,contraction
189,189,0.41879356511799998,1.38781128291,9.2474111997899993,-150.33278443200001,150.33278443200001,2.2330482710299999,0.80336758974483991,0.16704238450100001,contraction
190,190,0.41686938347000002,1.39883291902,9.2772749784900004,-151.232514141,151.232514141,2.2464128866099999,0.80933467139362025,0.16538846584700001,contraction
191,191,0.41495404263399999,1.4099054286899999,9.3069609225200001,-152.13933190200001,152.13933190200001,2.2598827883400001,0.81531294837286161,0.163744637685,contraction
192,192,0.41304750199000001,1.42102904674,9.3364697621499992,-153.05328339100001,153.05328339100001,2.2734586547000002,0.8213023083687202,0.162110963454,contraction
193,193,0.41114972110499998,1.4322040090699999,9.3658022305100008,-153.97441458899999,153.97441458899999,2.2871411687099998,0.82730263972505491,0.16048750388800001,contraction
194,194,0.40926065972999998,1.44343055269,9.3949590634700009,-154.90277178100001,154.90277178100001,2.30093101788,0.83331383141218807,0.158874317022,contraction
195,195,0.40738027780399999,1.4547089156899999,9.4239409995399992,-155.83840156299999,155.83840156299999,2.3148288943500002,0.83933577307872931,0.15727145821300001,contraction
196,196,0.40550853544799997,1.46603933723,9.4527487797299994,-156.78135084199999,156.78135084199999,2.3288354948699999,0.84536835503271057,0.15567898015100001,contraction
197,197,0.40364539296800001,1.4774220576299999,9.4813831474400008,-157.73166683700001,157.73166683700001,2.3429515208399998,0.8514114682488555,0.154096932878,contraction
198,198,0.40179081084899998,1.48885731828,9.5098448483400002,-158.68939708600001,158.68939708600001,2.3571776783899998,0.85746500439241002,0.15252536380199999,contraction
199,199,0.39994474976099997,1.5003453617,9.5381346302800001,-159.654589445,159.654589445,2.3715146783900001,0.8635288558124441,0.150964317721,contraction
200,200,0.39810717055299999,1.51188643151,9.5662532431600003,-160.62729209400001,160.62729209400001,2.3859632364799999,0.86960291554360813,0.14941383683699999,contraction
201,201,0.39627803425500002,1.5234807724799999,9.5942014388299999,-161.607553537,161.607553537,2.4005240731500002,0.87568707732849282,0.14787396078100001,contraction
202,202,0.39445730207500002,1.5351286305,9.6219799709699991,-162.595422606,162.595422606,2.4151979137500001,0.88178123561001964,0.14634472663199999,contraction
203,203,0.39264493540000001,1.54683025259,9.6495895949800001,-163.59094846299999,163.59094846299999,2.4299854885499999,0.88788528554450241,0.14482616894200001,contraction
204,204,0.39084089579199999,1.55858588691,9.6770310678999998,-164.59418060499999,164.59418060499999,2.4448875327600001,0.89399912299768924,0.14331831975699999,contraction
205,205,0.389045144994,1.5703957827699999,9.7043051482799996,-165.60516886400001,165.60516886400001,2.4599047865900001,0.90012264455701629,0.14182120864200001,contraction
206,206,0.38725764492199999,1.58226019063,9.7314125960800002,-166.62396340999999,166.62396340999999,2.4750379952800001,0.9062557475311015,0.140334862708,contraction
207,207,0.38547835766600003,1.59417936212,9.7583541726000007,-167.65061475799999,167.65061475799999,2.4902879091700001,0.91239832996511638,0.138859306638,contraction
208,208,0.38370724549200003,1.6061535499999999,9.7851306403200002,-168.685173765,168.685173765,2.5056552836999999,0.91855029062745253,0.13739456271200001,contraction
209,209,0.38194427083999999,1.6181830082199999,9.8117427628599998,-169.72769163699999,169.72769163699999,2.5211408794799999,0.92471152902442866,0.135940650834,contraction
210,210,0.38018939632100002,1.6302679919,9.8381913048400005,-170.77821993000001,170.77821993000001,2.5367454623199999,0.93088194539847691,0.13449758856399999,contraction
211,211,0.37844258471699999,1.6424087573199999,9.8644770318199999,-171.83681055400001,171.83681055400001,2.5524698033000002,0.93706144074184772,0.13306539114499999,contraction
212,212,0.37670379898400003,1.65460556198,9.8906007101700002,-172.903515774,172.903515774,2.5683146787600002,0.94324991677843517,0.131644071532,contraction
213,213,0.37497300224500002,1.6668586645200001,9.916563107,-173.97838821600001,173.97838821600001,2.5842808704100002,0.9494472759924778,0.13023364042300001,contraction
214,214,0.37325015779600001,1.67916832482,9.9423649900799997,-175.061480867,175.061480867,2.6003691653200001,0.95565342160982292,0.12883410628899999,contraction
215,215,0.37153522909699999,1.69153480393,9.96800712772,-176.15284707800001,176.15284707800001,2.6165803559900001,0.96186825761021677,0.127445475408,contraction
216,216,0.36982817977999999,1.70395836411,9.9934902886699994,-177.252540571,177.252540571,2.63291524037,0.96809168871991125,0.12606775189399999,contraction
217,217,0.36812897364300001,1.7164392688400001,10.018815242100001,-178.36061543700001,178.36061543700001,2.6493746219499998,0.97432362043072263,0.12470093773,contraction
218,218,0.36643757464799998,1.7289777828099999,10.0439827574,-179.47712614100001,179.47712614100001,2.6659593097599998,0.98056395898437743,0.123345032804,contraction
219,219,0.36475394692599999,1.74157417193,10.068993604299999,-180.60212752499999,180.60212752499999,2.6826701184299999,0.98681261137954923,0.122000034935,contraction
220,220,0.36307805476999999,1.7542287033399999,10.093848552600001,-181.735674813,181.735674813,2.69950786823,0.99306948537097528,0.120665939916,contraction
221,221,0.36140986264000002,1.76694164541,10.118548371899999,-182.87782361000001,182.87782361000001,2.71647338514,0.99933448947939096,0.11934274154000001,contraction
222,222,0.35974933515599999,1.7797132677600001,10.1430938322,-184.02862990700001,184.02862990700001,2.73356750085,1.0056075329752265,0.11803043164,contraction
223,223,0.35809643710299999,1.7925438412400001,10.167485703000001,-185.18815008600001,185.18815008600001,2.7507910528499999,1.0118885258953636,0.116729000118,contraction
224,224,0.35645113342599999,1.80543363795,10.191724753800001,-186.35644091899999,186.35644091899999,2.7681448844499998,1.0181773790337159,0.115438434986,contraction
225,225,0.35481338923400002,1.8183829312599999,10.215811753800001,-187.533559575,187.533559575,2.7856298448299999,1.0244740039426588,0.114158722396,contraction
226,226,0.35318316979199998,1.8313919958,10.239747471799999,-188.71956362099999,188.71956362099999,2.8032467890900001,1.0307783129341357,0.11288984667800001,contraction
227,227,0.35156044052800001,1.8444611074499999,10.263532676200001,-189.914511025,189.914511025,2.8209965782899999,1.0370902190769045,0.111631790375,contraction
228,228,0.34994516702799999,1.85759054337,10.287168135,-191.11846016000001,191.11846016000001,2.83888007952,1.0434096362041785,0.110384534278,contraction
229,229,0.34833731503600002,1.8707805820200001,10.310654615500001,-192.33146980800001,192.33146980800001,2.8568981659100001,1.0497364788996981,0.10914805746099999,contraction
230,230,0.34673685045300001,1.8840315031299999,10.333992884400001,-193.55359916,193.55359916,2.8750517166899998,1.0560706625014371,0.107922337321,contraction
231,231,0.34514373933600001,1.8973435877,10.357183707800001,-194.784907823,194.784907823,2.8933416172699999,1.0624121031118015,0.106707349607,contraction
232,232,0.34355794789999999,1.91071711807,10.380227850800001,-196.02545581999999,196.02545581999999,2.9117687592300001,1.0687607175762475,0.10550306846099999,contraction
233,233,0.34197944251399998,1.92415237784,10.4031260779,-197.275303595,197.275303595,2.93033404041,1.075116423496546,0.104309466453,contraction
234,234,0.34040818970100001,1.9376496519599999,10.4258791527,-198.53451201600001,198.53451201600001,2.9490383649499998,1.0814791392263057,0.103126514615,contraction
235,235,0.33884415613899999,1.9512092266700001,10.4484878376,-199.80314237900001,199.80314237900001,2.9678826433199998,1.087848783863004,0.10195418248099999,contraction
236,236,0.33728730865899997,1.96483138952,10.4709528942,-201.08125640899999,201.08125640899999,2.98686779241,1.0942252772601173,0.100792438118,contraction
237,237,0.33573761424300003,1.9785164294299999,10.493275083,-202.368916265,202.368916265,3.0059947355099998,1.1006085400019039,0.099641248163400004,contraction
238,238,0.33419504002599998,1.9922646366100001,10.5154551632,-203.66618454300001,203.66618454300001,3.0252644024399999,1.1069984934284327,0.098500577862400004,contraction
239,239,0.33265955329399999,2.0060763026299999,10.537493893000001,-204.97312427899999,204.97312427899999,3.04467772954,1.1133950596133864,0.0973703911018,contraction
240,240,0.331131121483,2.0199517203999999,10.5593920291,-206.28979895200001,206.28979895200001,3.06423565973,1.1197981613652515,0.096250650445900005,contraction
241,241,0.32960971217700002,2.0338911841899998,10.5811503272,-207.61627249,207.61627249,3.0839391425799998,1.1262077222314117,0.095141317171799994,contraction
242,242,0.32809529311300001,2.0478949896300001,10.602769541300001,-208.95260927000001,208.95260927000001,3.1037891343599999,1.1326236664953451,0.094042351304100005,contraction
243,243,0.32658783217199999,2.0619634336899999,10.6242504242,-210.29887412100001,210.29887412100001,3.1237865980500001,1.1390459191608175,0.092953711650400006,contraction
244,244,0.32508729738499997,2.0760968147400001,10.6455937273,-211.655132331,211.655132331,3.1439325034299999,1.1454744059618294,0.091875355835300002,contraction
245,245,0.32359365692999997,2.0902954325100001,10.666800200100001,-213.021449649,213.021449649,3.1642278271399999,1.151909053362401,0.0908072403355,contraction
246,246,0.32210687912800001,2.1045595881299999,10.687870590899999,-214.397892286,214.397892286,3.1846735526900001,1.1583497885403624,0.089749320513200004,contraction
247,247,0.32062693245099999,2.1188895840900002,10.7088056462,-215.784526922,215.784526922,3.20527067053,1.164796539390178,0.088701550651099997,contraction
248,248,0.31915378551000001,2.1332857243199999,10.729606110900001,-217.181420707,217.181420707,3.2260201781200002,1.1712492345253651,0.087663883984900007,contraction
249,249,0.31768740706499998,2.1477483141000002,10.750272728200001,-218.58864126500001,218.58864126500001,3.2469230799400002,1.1777078032620345,0.086636272737699999,contraction
250,250,0.31622776601699998,2.16227766017,10.770806239400001,-220.00625669799999,220.00625669799999,3.2679803876000002,1.1841721756333592,0.085618668152499994,contraction
251,251,0.31477483141000001,2.1768740706499998,10.7912073842,-221.43433559100001,221.43433559100001,3.2891931198400002,1.1906422823697427,0.0846110205251,contraction
252,252,0.31332857243200002,2.1915378551,10.811476900200001,-222.872947012,222.872947012,3.3105623025900002,1.1971180548975651,0.083613279236700006,contraction
253,253,0.31188895840899999,2.20626932451,10.8316155234,-224.32216051699999,224.32216051699999,3.33208896908,1.2035994253526818,0.082625392785900004,contraction
254,254,0.31045595881299998,2.22106879128,10.8516239876,-225.78204615600001,225.78204615600001,3.3537741597999999,1.2100863265483726,0.081647308820299996,contraction
255,255,0.30902954325100002,2.2359365693000002,10.871503024800001,-227.25267447300001,227.25267447300001,3.3756189226300002,1.2165786919945774,0.080678974168400003,contraction
256,256,0.30760968147399997,2.25087297385,10.891253365000001,-228.734116513,228.734116513,3.3976243128700001,1.2230764558866589,0.079720334870199999,contraction
257,257,0.30619634336899998,2.2658783217199998,10.910875735999999,-230.22644382300001,230.22644382300001,3.4197913932700001,1.2295795530942919,0.078771336208199996,contraction
258,258,0.30478949896300001,2.2809529311299999,10.9303708637,-231.72972845699999,231.72972845699999,3.44212123412,1.2360879191679055,0.0778319227374,contraction
259,259,0.30338911841900001,2.2960971217699999,10.949739471599999,-233.24404297699999,233.24404297699999,3.4646149132900002,1.2426014903301466,0.076902038315400004,contraction
260,260,0.30199517203999998,2.3113112148299999,10.968982281500001,-234.769460463,234.769460463,3.4872735162900002,1.2491202034730979,0.075981626132099994,contraction
261,261,0.30060763026300003,2.3265955329399999,10.9881000125,-236.30605451100001,236.30605451100001,3.5100981362999999,1.2556439961467563,0.075070628738300005,contraction
262,262,0.29922646366099998,2.34195040026,11.007093381900001,-237.85389923599999,237.85389923599999,3.5330898742799999,1.2621728065702957,0.074168988074800005,contraction
263,263,0.29785164294299998,2.3573761424300002,11.025963104500001,-239.413069283,239.413069283,3.5562498389499999,1.2687065736060354,0.073276645500599993,contraction
264,264,0.29648313895200001,2.3728730865899998,11.0447098928,-240.98363982199999,240.98363982199999,3.57957914693,1.2752452367788121,0.072393541820800003,contraction
265,265,0.29512092266700002,2.3884415613900001,11.0633344572,-242.565686559,242.565686559,3.60307892274,1.2817887362554432,0.071519617314,contraction
266,266,0.29376496519599998,2.4040818970100002,11.081837505599999,-244.159285735,244.159285735,3.6267502988600002,1.2883370128412277,0.070654811759100003,contraction
267,267,0.29241523778400003,2.4197944251400001,11.1002197435,-245.764514131,245.764514131,3.6505944158200001,1.2948900079844992,0.069799064462299998,contraction
268,268,0.29107171180699998,2.4355794789999998,11.1184818742,-247.38144907399999,247.38144907399999,3.6746124222300001,1.3014476637643755,0.068952314282800006,contraction
269,269,0.28973435876999998,2.45143739336,11.136624598199999,-249.01016844,249.01016844,3.6988054748399999,1.3080099228867916,0.068114499658799996,contraction
270,270,0.28840315031300001,2.46736850453,11.154648613899999,-250.650750655,250.650750655,3.72317473862,1.3145767286857608,0.067285558632699999,contraction
271,271,0.287078058202,2.4833731503599998,11.172554617099999,-252.30327470200001,252.30327470200001,3.7477213867799999,1.3211480251082783,0.066465428875700006,contraction
272,272,0.285759054337,2.49945167028,11.1903433012,-253.96782012700001,253.96782012700001,3.7724466008899999,1.3277237567260216,0.0656540477126,contraction
273,273,0.28444611074499998,2.51560440528,11.208015356700001,-255.644467037,255.644467037,3.7973515708700001,1.334303868712063,0.064851352144999999,contraction
274,274,0.28313919958,2.53183169792,11.2255714721,-257.33329610800001,257.33329610800001,3.82243749508,1.3408883068443529,0.064057278875699994,contraction
275,275,0.28183829312600001,2.5481338923400001,11.243012332899999,-259.034388589,259.034388589,3.84770558041,1.347477017508776,0.063271764330899996,contraction
276,276,0.280543363795,2.5645113342600001,11.260338622200001,-260.74782630700003,260.74782630700003,3.8731570422899999,1.3540699476811338,0.062494744683200001,contraction
277,277,0.279254384124,2.5809643710299999,11.277551020500001,-262.47369166499999,262.47369166499999,3.8987931047800002,1.3606670449300569,0.061726155873499999,contraction
278,278,0.27797132677600001,2.5974933515599998,11.2946502056,-264.21206765699998,264.21206765699998,3.9246150006199998,1.3672682574093171,0.060965933633,contraction
279,279,0.27669416454099999,2.6140986264000001,11.3116368527,-265.96303785999999,265.96303785999999,3.9506239713100002,1.3738735338577446,0.060214013503999998,contraction
280,280,0.27542287033399998,2.6307805477000001,11.3285116342,-267.72668644700002,267.72668644700002,3.9768212671500001,1.380482823588794,0.059470330861000002,contraction
281,281,0.27415741719300002,2.6475394692599998,11.3452752201,-269.50309818800002,269.50309818800002,4.0032081473099996,1.3870960764877243,0.058734820930900003,contraction
282,282,0.27289777828099998,2.6643757464800002,11.361928277500001,-271.29235845400001,271.29235845400001,4.0297858799000004,1.3937132430085999,0.058007418812700003,contraction
283,283,0.27164392688400002,2.6812897364300001,11.378471470699999,-273.094553222,273.094553222,4.0565557420199996,1.4003342741661877,0.057288059497500002,contraction
284,284,0.27039583641100001,2.6982817978,11.3949054615,-274.90976907800001,274.90976907800001,4.0835190198199998,1.406959121530337,0.0565766778868,contraction
285,285,0.26915348039300002,2.7153522909699999,11.4112309088,-276.738093225,276.738093225,4.1106770086199997,1.4135877372348868,0.055873208811699999,contraction
286,286,0.26791683248199999,2.7325015779599999,11.4274484688,-278.57961348200001,278.57961348200001,4.13803101287,1.4202200739472723,0.055177587050399997,contraction
287,287,0.26668586645199999,2.7497300224500001,11.443558794799999,-280.43441829099999,280.43441829099999,4.1655823463199999,1.4268560848894523,0.0544897473467,contraction
288,288,0.26546055619800002,2.7670379898399999,11.4595625376,-282.30259672199998,282.30259672199998,4.1933323320099998,1.4334957238148081,0.053809624426500002,contraction
289,289,0.264240875732,2.7844258471700001,11.4754603449,-284.18423847899999,284.18423847899999,4.2212823023899997,1.4401389450164632,0.053137153015000001,contraction
290,290,0.26302679918999999,2.8018939632099999,11.4912528617,-286.07943389899998,286.07943389899998,4.2494335993299996,1.4467857033091081,0.052472267853100003,contraction
291,291,0.26181830082200003,2.8194427084,11.5069407303,-287.988273961,287.988273961,4.2777875742599996,1.4534359540416502,0.051814903713600001,contraction
292,292,0.26061535499999999,2.8370724549199999,11.5225245899,-289.910850289,289.910850289,4.3063455881500001,1.4600896530719316,0.051164995416299999,contraction
293,293,0.25941793621199999,2.85478357666,11.538005077199999,-291.847255158,291.847255158,4.3351090116500002,1.4667467567790733,0.050522477843700002,contraction
294,294,0.25822601906300002,2.8725764492199999,11.5533828258,-293.79758149600002,293.79758149600002,4.3640792251200002,1.4734072220498511,0.049887285955399999,contraction
295,295,0.25703957827700002,2.89045144994,11.568658466500001,-295.76192288999999,295.76192288999999,4.3932576187099999,1.4800710062767128,0.049259354802700002,contraction
296,296,0.25585858869099998,2.9084089579199999,11.5838326272,-297.74037359099998,297.74037359099998,4.4226455924200003,1.4867380673510775,0.048638619542600001,contraction
297,297,0.254683025259,2.9264493539999998,11.598905933099999,-299.73302851800003,299.73302851800003,4.4522445561900001,1.4934083636633648,0.048025015451100002,contraction
298,298,0.25351286304999998,2.94457302075,11.613879006299999,-301.739983263,301.739983263,4.4820559299399996,1.5000818540915941,0.047418477936700003,contraction
299,299,0.25234807724800001,2.9627803425499999,11.6287524662,-303.761334095,303.761334095,4.5120811436599997,1.5067584980012467,0.046818942552899999,contraction
300,300,0.25118864315099998,2.9810717055299998,11.6435269291,-305.79717796699998,305.79717796699998,4.5423216374699997,1.5134382552382566,0.046226345011200001,contraction
301,301,0.25003453616999999,2.9994474976099998,11.658203008599999,-307.84761251700002,307.84761251700002,4.5727788617099998,1.5201210861285737,0.045640621192399998,contraction
302,302,0.248885731828,3.0179081084899999,11.6727813153,-309.912736075,309.912736075,4.60345427698,1.5268069514666134,0.0450617071588,contraction
303,303,0.24774220576299999,3.0364539296799999,11.687262456899999,-311.99264767,311.99264767,4.6343493542500003,1.5334958125190035,0.044489539165499997,contraction
304,304,0.24660393372299999,3.0550853544800001,11.701647038100001,-314.08744703000002,314.08744703000002,4.6654655748899998,1.5401876310107681,0.0439240536711,contraction
305,305,0.24547089156900001,3.0738027780400001,11.715935661,-316.19723459099998,316.19723459099998,4.6968044307700003,1.5468823691267026,0.043365187348499999,contraction
306,306,0.24434305526899999,3.0926065973000001,11.730128924300001,-318.32211150099999,318.32211150099999,4.72836742434,1.553579989508201,0.042812877095300003,contraction
307,307,0.24322040090700001,3.1114972110500001,11.7442274242,-320.46217962100002,320.46217962100002,4.7601560686799997,1.5602804552436442,0.042267060043299998,contraction
308,308,0.242102904674,3.1304750199,11.758231753700001,-322.61754153800001,322.61754153800001,4.7921718875800003,1.5669837298651716,0.041727673568499997,contraction
309,309,0.24099054286900001,3.1495404263400002,11.7721425031,-324.78830056100003,324.78830056100003,4.82441641562,1.5736897773453224,0.0411946553002,contraction
310,310,0.239883291902,3.1686938347,11.785960259599999,-326.97456073400002,326.97456073400002,4.8568911982699996,1.5803985620976713,0.040667943129699999,contraction
311,311,0.23878112829100001,3.1879356511800001,11.799685607500001,-329.17642683600002,329.17642683600002,4.88959779191,1.5871100489608205,0.0401474752196,contraction
312,312,0.237684028662,3.2072662838400001,11.8133191283,-331.39400438600001,331.39400438600001,4.9225377639500003,1.5938242032030876,0.039633190010999998,contraction
313,313,0.23659196974899999,3.2266861426600002,11.8268614003,-333.62739965399999,333.62739965399999,4.9557126928899997,1.6005409905146473,0.039125026232499999,contraction
314,314,0.23550492839000001,3.2461956394599998,11.8403129991,-335.87671965800001,335.87671965800001,4.9891241684000001,1.6072603770037444,0.038622922907300003,contraction
315,315,0.234422881532,3.2657951880199998,11.8536744974,-338.14207217500001,338.14207217500001,5.0227737914099997,1.613982329194793,0.038126819360899997,contraction
316,316,0.233345806228,3.28548520397,11.8669464647,-340.42356574399997,340.42356574399997,5.0566631741499997,1.6207068140164169,0.037636655227599999,contraction
317,317,0.23227367963600001,3.3052661049199998,11.8801294679,-342.72130967300001,342.72130967300001,5.0907939402800002,1.6274337988073968,0.037152370458299999,contraction
318,318,0.23120647901800001,3.3251383103499998,11.893224070700001,-345.03541404100002,345.03541404100002,5.1251677249399998,1.6341632513065223,0.036673905325900001,contraction
319,319,0.23014418174099999,3.3451022417199998,11.906230834,-347.36598970799997,347.36598970799997,5.1597861748199998,1.6408951396464806,0.036201200432200001,contraction
320,320,0.229086765277,3.3651583224000001,11.9191503159,-349.713148316,349.713148316,5.1946509482599996,1.6476294323535183,0.035734196713899997,contraction
321,321,0.22803420720000001,3.38530697775,11.931983071299999,-352.07700229599999,352.07700229599999,5.2297637153399998,1.6543660983449617,0.035272835447800001,contraction
322,322,0.22698648518799999,3.4055486350700002,11.9447296524,-354.45766487600002,354.45766487600002,5.2651261579300002,1.6611051069189968,0.034817058256699999,contraction
323,323,0.22594357702199999,3.4258837236300002,11.957390608400001,-356.85525008299999,356.85525008299999,5.3007399697800004,1.667846427752161,0.034366807114299999,contraction
324,324,0.22490546058399999,3.4463126746900001,11.969966485500001,-359.269872749,359.269872749,5.3366068566399996,1.6745900309023201,0.033922024350400003,contraction
325,325,0.22387211385700001,3.46683592151,11.982457827199999,-361.70164851999999,361.70164851999999,5.3727285362900004,1.6813358867945343,0.0334826526552,contraction
326,326,0.222843514927,3.4874538993300002,11.994865173899999,-364.15069385599998,364.15069385599998,5.4091067386600002,1.6880839662238893,0.033048635084099998,contraction
327,327,0.22181964198000001,3.50816704541,12.0071890633,-366.61712604299998,366.61712604299998,5.4457432058800004,1.6948342403451282,0.032619915061699999,contraction
328,328,0.22080047330200001,3.5289757990399999,12.019430030000001,-369.10106319200003,369.10106319200003,5.4826396924100003,1.701586680677051,0.032196436385900001,contraction
329,329,0.219785987278,3.5498806015,12.0315886057,-371.60262425000002,371.60262425000002,5.5197979650900004,1.7083412590920144,0.031778143231500001,contraction
330,330,0.218776162395,3.57088189615,12.043665319500001,-374.12192900600002,374.12192900600002,5.5572198032499998,1.7150979478164152,0.031364980153899998,contraction
331,331,0.217770977235,3.5919801283699999,12.0556606972,-376.65909809099998,376.65909809099998,5.59490699876,1.7218567194201975,0.030956892092300001,contraction
332,332,0.21677041048199999,3.6131757456,12.0675752621,-379.21425298999998,379.21425298999998,5.6328613561600003,1.728617546820755,0.030553824372899999,contraction
333,333,0.215774440915,3.6344691973600001,12.0794095344,-381.78751604399997,381.78751604399997,5.67108469272,1.735380403274104,0.0301557227119,contraction
334,334,0.214783047413,3.6558609352300002,12.0911640315,-384.37901046100001,384.37901046100001,5.7095788385399997,1.7421452623731906,0.029762533217800001,contraction
335,335,0.21379620895000001,3.6773514128699998,12.1028392679,-386.98886031299998,386.98886031299998,5.7483456366299999,1.7489120980425559,0.029374202394400001,contraction
336,336,0.21281390459800001,3.69894108605,12.114435755400001,-389.61719055200001,389.61719055200001,5.7873869430099996,1.7556808845364507,0.0289906771428,contraction
337,337,0.21183611352500001,3.7206304126399998,12.1259540027,-392.26412700999998,392.26412700999998,5.8267046267899998,1.7624515964333667,0.028611904763999999,contraction
338,338,0.210862814993,3.7424198525999999,12.137394515900001,-394.92979640599998,394.92979640599998,5.86630057027,1.7692242086339747,0.028237832960000001,contraction
339,339,0.20989398836199999,3.7643098680499998,12.148757798,-397.61432635300002,397.61432635300002,5.9061766690299997,1.7759986963572303,0.027868409836600001,contraction
340,340,0.20892961308499999,3.7863009232299998,12.1600443496,-400.31784536599997,400.31784536599997,5.9463348319999998,1.7827750351330536,0.027503583904200001,contraction
341,341,0.20796966871,3.8083934844999998,12.1712546679,-403.04048286400001,403.04048286400001,5.9867769815900003,1.789553200805104,0.0271433040799,contraction
342,342,0.207014134879,3.8305880204,12.1823892478,-405.78236917800001,405.78236917800001,6.0275050537599997,1.7963331695232729,0.0267875196882,contraction
343,343,0.20606299132700001,3.8528850016199998,12.1934485811,-408.54363555999998,408.54363555999998,6.0685209981100003,1.8031149177395567,0.0264361804625,contraction
344,344,0.205116217883,3.8752849010300001,12.204433157,-411.32441418600001,411.32441418600001,6.1098267779900004,1.8098984222071508,0.0260892365461,contraction
345,345,0.20417379446700001,3.8977881936799998,12.2153434617,-414.124838162,414.124838162,6.15142437057,1.8166836599728675,0.025746638492800001,contraction
346,346,0.20323570109399999,3.9203953568099998,12.226179978699999,-416.94504153499997,416.94504153499997,6.1933157669799996,1.8234706083809447,0.025408337267800001,contraction
347,347,0.202301917868,3.9431068698699998,12.2369431887,-419.78515929500003,419.78515929500003,6.23550297237,1.8302592450636606,0.025074284248100001,contraction
348,348,0.201372424986,3.9659232145000001,12.2476335699,-422.645327382,422.645327382,6.2779880059900002,1.8370495479352991,0.024744431222800001,contraction
349,349,0.20044720273700001,3.9888448745999998,12.258251597299999,-425.525682695,425.525682695,6.3207729013599998,1.8438414952003883,0.024418730393899999,contraction
350,350,0.199526231497,4.0118723362699997,12.2687977434,-428.42636309699998,428.42636309699998,6.3638597062800004,1.8506350653362567,0.024097134375900001,contraction
351,351,0.19860949173600001,4.0350060878800003,12.279272478099999,-431.34750742099999,431.34750742099999,6.4072504830000003,1.8574302371010527,0.023779596195800001,contraction
352,352,0.19769696401100001,4.0582466200300003,12.289676268199999,-434.28925547900002,434.28925547900002,6.45094730827,1.8642269895226369,0.023466069293600001,contraction
353,353,0.196788628971,4.0815944256099996,12.300009577999999,-437.25174806500002,437.25174806500002,6.49495227347,1.8710253019000298,0.023156507521599999,contraction
354,354,0.19588446735100001,4.1050499997500003,12.3102728692,-440.23512696699999,440.23512696699999,6.5392674847199999,1.8778251538015394,0.022850865143900001,contraction
355,355,0.194984459976,4.1286138399099999,12.3204666005,-443.23953496899998,443.23953496899998,6.5838950629199999,1.8846265250521286,0.022549096836499999,contraction
356,356,0.19408858775900001,4.1522864458199997,12.330591228099999,-446.26511586100003,446.26511586100003,6.6288371439500002,1.8914293957452264,0.0222511576865,contraction
357,357,0.193196831702,4.1760683195099997,12.3406472056,-449.31201444300001,449.31201444300001,6.6740958786800002,1.8982337462253929,0.021957003191399999,contraction
358,358,0.192309172891,4.1999599653399997,12.350634983599999,-452.38037653700002,452.38037653700002,6.7196734331199997,1.9050395570923169,0.021666589258399999,contraction
359,359,0.191425592502,4.22396188999,12.360555010400001,-455.47034898700002,455.47034898700002,6.7655719885399996,1.9118468092000194,0.021379872203499999,contraction
360,360,0.190546071796,4.2480746025,12.3704077314,-458.58207967300001,458.58207967300001,6.8117937415399998,1.9186554836485508,0.0210968087507,contraction
361,361,0.18967059212099999,4.2722986142300003,12.380193589399999,-461.715717514,461.715717514,6.8583409041500003,1.9254655617801983,0.020817356031,contraction
362,362,0.18879913491,4.29663443892,12.3899130247,-464.87141247699998,464.87141247699998,6.9052157039999997,1.9322770251857886,0.0205414715809,contraction
363,363,0.18793168167999999,4.3210825926699998,12.3995664747,-468.04931558200002,468.04931558200002,6.9524203843399999,1.9390898556889662,0.0202691133419,contraction
364,364,0.187068214037,4.3456435939700002,12.4091543746,-471.249578912,471.249578912,6.9999572042200002,1.9459040353537675,0.020000239658500001,contraction
365,365,0.186208713666,4.3703179636999998,12.418677156499999,-474.47235561899998,474.47235561899998,7.0478284385699999,1.9527195464775082,0.019734809277300001,contraction
366,366,0.18535316234099999,4.3951062251500002,12.4281352503,-477.717799931,477.717799931,7.09603637829,1.9595363715851746,0.019472781345399998,contraction
367,367,0.184501541918,4.4200089040200004,12.437529083099999,-480.98606716099999,480.98606716099999,7.1445833303999997,1.9663544934322468,0.019214115409100001,contraction
368,368,0.18365383433499999,4.4450265284199997,12.446859079499999,-484.27731371300001,484.27731371300001,7.1934716181400002,1.9731738950002693,0.018958771411999999,contraction
369,369,0.18281002161400001,4.4701596289400003,12.4561256616,-487.59169708899998,487.59169708899998,7.2427035810499998,1.979994559489646,0.018706709693699999,contraction
370,370,0.181970085861,4.4954087385800001,12.4653292487,-490.92937589899998,490.92937589899998,7.2922815751399996,1.9868164703248825,0.018457890987699999,contraction
371,371,0.18113400926199999,4.5207743928099999,12.4744702578,-494.29050986800002,494.29050986800002,7.3422079729299998,1.9936396111417205,0.018212276420099999,contraction
372,372,0.18030177408600001,4.5462571295799998,12.4835491034,-497.67525984100001,497.67525984100001,7.39248516365,2.0004639657962522,0.017969827507600001,contraction
373,373,0.17947336268299999,4.5718574893200001,12.4925661972,-501.083787793,501.083787793,7.4431155532900002,2.0072895183533239,0.017730506155499998,contraction
374,374,0.178648757485,4.5975760149499996,12.501521948700001,-504.516256838,504.516256838,7.4941015647300002,2.014116253085902,0.017494274655900002,contraction
375,375,0.17782794100400001,4.6234132518999997,12.5104167647,-507.972831235,507.972831235,7.5454456378700003,2.0209441544742774,0.017261095685600001,contraction
376,376,0.177010895832,4.6493697481199998,12.519251049599999,-511.453676395,511.453676395,7.5971502297600004,2.0277732072051218,0.0170309323043,contraction
377,377,0.17619760464100001,4.67544605409,12.528025205200001,-514.95895889099995,514.95895889099995,7.6492178146700001,2.034603396162554,0.0168037479523,contraction
378,378,0.175388050184,4.70164272281,12.5367396311,-518.48884646700003,518.48884646700003,7.7016508842600002,2.041434706432371,0.016579506448499998,contraction
379,379,0.17458221529199999,4.7279603098600003,12.545394724099999,-522.04350804299997,522.04350804299997,7.7544519476899998,2.0482671232981904,0.016358171988199999,contraction
380,380,0.17378008287499999,4.7543993733700001,12.553990878700001,-525.62311372299996,525.62311372299996,7.80762353169,2.0551006322324441,0.016139709140999998,contraction
381,381,0.172981635922,4.7809604740599996,12.5625284871,-529.22783480800001,529.22783480800001,7.86116818076,2.0619352189040976,0.015924082848099999,contraction
382,382,0.17218685749900001,4.8076441752100001,12.571007938999999,-532.85784379899997,532.85784379899997,7.9150884572500004,2.0687708691707152,0.015711258420800001,contraction
383,383,0.17139573075100001,4.8344510427399996,12.579429621499999,-536.51331440800004,536.51331440800004,7.9693869414699998,2.0756075690744353,0.0155012015376,contraction
384,384,0.17060823889999999,4.8613816451399998,12.587793919599999,-540.19442156599996,540.19442156599996,8.02406623185,2.0824453048441627,0.0152938782419,contraction
385,385,0.169824365246,4.8884365535600001,12.596101215699999,-543.90134142900001,543.90134142900001,8.0791289450400008,2.0892840628900702,0.0150892549399,contraction
386,386,0.16904409316399999,4.9156163417499998,12.6043518898,-547.634251393,547.634251393,8.1345777160499999,2.0961238298030653,0.014887298397999999,contraction
387,387,0.168267406107,4.9429215861599998,12.6125463198,-551.39333009300003,551.39333009300003,8.1904151983699993,2.1029645923516633,0.014687975740199999,contraction
388,388,0.167494287603,4.9703528658399998,12.620684880900001,-555.178757421,555.178757421,8.2466440640900007,2.1098063374788141,0.014491254446300001,contraction
389,389,0.16672472125500001,4.9979107625600001,12.6287679462,-558.99071452800001,558.99071452800001,8.3032670040499994,2.1166490523022943,0.014297102348400001,contraction
390,390,0.16595869074399999,5.0255958607400002,12.6367958864,-562.82938383700002,562.82938383700002,8.3602867279699993,2.1234927241125279,0.014105487629199999,contraction
391,391,0.165196179823,5.0534087475399998,12.644769069700001,-566.69494904800001,566.69494904800001,8.4177059645199996,2.1303373403631856,0.013916378819399999,contraction
392,392,0.164437172321,5.0813500127899998,12.652687862400001,-570.58759515099996,570.58759515099996,8.4755274615600005,2.1371828886820627,0.013729744794700001,contraction
393,393,0.16368165214300001,5.1094202490600003,12.6605526281,-574.50750843100002,574.50750843100002,8.5337539861600007,2.1440293568555613,0.0135455547735,contraction
394,394,0.16292960326399999,5.1376200516499999,12.668363728399999,-578.45487647899995,578.45487647899995,8.5923883248300008,2.1508767328380736,0.0133637783145,contraction
395,395,0.162181009736,5.1659500186100002,12.676121522300001,-582.42988820200003,582.42988820200003,8.6514332835700003,2.1577250047400129,0.0131843853138,contraction
396,396,0.16143585568300001,5.1944107507700004,12.6838263668,-586.43273382899997,586.43273382899997,8.7108916880800003,2.1645741608345306,0.0130073460025,contraction
397,397,0.160694125301,5.2230028516899996,12.6914786167,-590.46360492400004,590.46360492400004,8.7707663838300007,2.1714241895478277,0.012832630943799999,contraction
398,398,0.159955802861,5.2517269277600001,12.6990786242,-594.52269439099996,594.52269439099996,8.8310602362499999,2.178275079463289,0.012660211030699999,contraction
399,399,0.15922087270499999,5.2805835881299998,12.706626739700001,-598.61019648900003,598.61019648900003,8.8917761308299994,2.185126819315157,0.0124900574832,contraction
400,400,0.15848931924599999,5.3095734447999998,12.7141233112,-602.72630683399996,602.72630683399996,8.9529169732899998,2.1919793979901199,0.0123221418456,contraction
401,401,0.15776112697,5.3386971125700002,12.721568684299999,-606.87122241500003,606.87122241500003,9.0144856897000007,2.1988328045231245,0.0121564359839,contraction
402,402,0.157036280433,5.3679552090799998,12.728963202699999,-611.04514159899998,611.04514159899998,9.07648522661,2.2056870280942946,0.011992912083100001,contraction
403,403,0.15631476426400001,5.3973483548300001,12.736307207699999,-615.24826414400002,615.24826414400002,9.1389185512300006,2.2125420580312896,0.011831542644500001,contraction
404,404,0.15559656316100001,5.4268771731700003,12.7436010387,-619.48079120600005,619.48079120600005,9.2017886515500003,2.219397883804878,0.011672300483099999,contraction
405,405,0.154881661891,5.4565422903499998,12.750845032599999,-623.74292534999995,623.74292534999995,9.2650985364699991,2.2262544950256142,0.0115151587249,contraction
406,406,0.154170045295,5.4863443354800001,12.758039524300001,-628.03487055999994,628.03487055999994,9.3288512359600002,2.2331118814437034,0.0113600908041,contraction
407,407,0.15346169828,5.5162839406100002,12.7651848467,-632.35683224700006,632.35683224700006,9.3930498012200001,2.2399700329487118,0.011207070460500001,contraction
408,408,0.152756605824,5.5463617406700001,12.7722813304,-636.70901726099999,636.70901726099999,9.4576973047999999,2.2468289395649008,0.0110560717368,contraction
409,409,0.152054752973,5.5765783735500003,12.779329303900001,-641.09163389900004,641.09163389900004,9.5227968407799999,2.2536885914528959,0.010907068976,contraction
410,410,0.15135612484399999,5.6069344800799996,12.786329093599999,-645.50489191899999,645.50489191899999,9.5883515248600002,2.2605489789017352,0.010760036818499999,contraction
411,411,0.150660706619,5.6374307040199998,12.793281023900001,-649.94900254499998,649.94900254499998,9.6543644945900002,2.2674100923355955,0.010614950199699999,contraction
412,412,0.14996848355,5.6680676921400002,12.800185417,-654.42417847800004,654.42417847800004,9.7208389094599994,2.2742719223056778,0.0104717843469,contraction
413,413,0.149279440958,5.6988460941700003,12.8070425931,-658.93063391099997,658.93063391099997,9.7877779510800007,2.2811344594914673,0.010330514777,contraction
414,414,0.148593564229,5.7297665628400001,12.8138528703,-663.46858453499999,663.46858453499999,9.8551848233200001,2.2879976946977236,0.010191117293799999,contraction
415,415,0.14791083881700001,5.7608297539200004,12.8206165646,-668.03824754799996,668.03824754799996,9.9230627524799999,2.2948616188544646,0.010053567984999999,contraction
416,416,0.14723125024299999,5.7920363261699999,12.8273339902,-672.63984167199999,672.63984167199999,9.9914149874200007,2.3017262230127926,0.0099178432198699998,contraction
417,417,0.14655478409600001,5.8233869414199999,12.834005459,-677.27358715499997,677.27358715499997,10.0602447998,2.30859149835167,0.0097839196464699994,contraction
418,418,0.145881426028,5.8548822645299996,12.840631281,-681.93970578899996,681.93970578899996,10.129555484000001,2.315457436152673,0.0096517741889300002,contraction
419,419,0.14521116175900001,5.88652296344,12.847211764100001,-686.63842091699996,686.63842091699996,10.1993503576,2.3223240278305313,0.0095213840448999994,contraction
420,420,0.144543977075,5.9183097091899999,12.8537472145,-691.36995744299998,691.36995744299998,10.2696327614,2.3291912649174789,0.00939272668286,contraction
421,421,0.14387985782599999,5.9502431758899998,12.860237936000001,-696.13454184700004,696.13454184700004,10.340406059499999,2.3360591390538885,0.0092657798394799994,contraction
422,422,0.14321878992699999,5.98232404077,12.866684230900001,-700.93240219100005,700.93240219100005,10.4116736395,2.3429276419906619,0.0091405215170599994,contraction
423,423,0.14256075936000001,6.0145529841999998,12.873086399,-705.76376813100001,705.76376813100001,10.483438912800001,2.3497967656009169,0.0090169299808199998,contraction
424,424,0.141905752169,6.0469306896699999,12.8794447386,-710.62887093400002,710.62887093400002,10.555705314600001,2.3566665018626245,0.0088949837563899996,contraction
425,425,0.141253754462,6.0794578438400002,12.885759545899999,-715.52794347899999,715.52794347899999,10.628476304099999,2.363536842860618,0.0087746616271499999,contraction
426,426,0.14060475241299999,6.1121351365300001,12.8920311151,-720.46122027599995,720.46122027599995,10.7017553647,2.3704077807883763,0.0086559426316999994,contraction
427,427,0.13995873225700001,6.14496326076,12.8982597387,-725.42893747599999,725.42893747599999,10.775546004200001,2.3772793079495855,0.0085388060612400004,contraction
428,428,0.13931568029499999,6.1779429127099998,12.904445707000001,-730.43133287800003,730.43133287800003,10.8498517549,2.38415141675027,0.0084232314570399994,contraction
429,429,0.13867558288699999,6.2110747918299998,12.910589308700001,-735.46864594800002,735.46864594800002,10.9246761739,2.3910240997094037,0.0083091986079100004,contraction
430,430,0.13803842646,6.2443596007500002,12.9166908303,-740.54111782200005,740.54111782200005,11.0000228429,2.397897349423487,0.0081966875476100001,contraction
431,431,0.137404197501,6.27779804537,12.922750556800001,-745.64899132400001,745.64899132400001,11.075895368799999,2.4047711586046514,0.0080856785523999997,contraction
432,432,0.13677288256,6.3113908348300001,12.928768771,-750.79251097600002,750.79251097600002,11.152297383900001,2.4116455200812053,0.0079761521384600007,contraction
433,433,0.13614446824699999,6.3451386815699999,12.9347457542,-755.97192300799998,755.97192300799998,11.2292325457,2.4185204267623757,0.0078680890594800008,contraction
434,434,0.135518941235,6.3790423012900002,12.940681785400001,-761.18747537199999,761.18747537199999,11.3067045371,2.4253958716397239,0.0077614703040900001,contraction
435,435,0.13489628825899999,6.4131024130099998,12.946577142200001,-766.43941775200005,766.43941775200005,11.3847170671,2.4322718478322867,0.0076562770934499999,contraction
436,436,0.134276496114,6.4473197390600001,12.952432100199999,-771.72800157899997,771.72800157899997,11.4632738703,2.4391483485250425,0.0075524908787900002,contraction
437,437,0.13365955165499999,6.4816950051099997,12.9582469332,-777.05348003899996,777.05348003899996,11.542378707699999,2.4460253670223731,0.00745009333898,contraction
438,438,0.13304544179800001,6.5162289401800004,12.9640219132,-782.41610808999997,782.41610808999997,11.6220353664,2.4529028967045563,0.0073490663780700002,contraction
439,439,0.13243415351900001,6.5509222766499997,12.9697573104,-787.81614247000005,787.81614247000005,11.702247659999999,2.4597809310456982,0.0072493921229500003,contraction
440,440,0.131825673856,6.5857757502899998,12.9754533933,-793.25384171200005,793.25384171200005,11.783019428699999,2.4666594636053429,0.0071510529208799996,contraction
441,441,0.13121998990200001,6.6207901002499998,12.981110428599999,-798.72946615399997,798.72946615399997,11.864354539600001,2.4735384880371347,0.0070540313371900004,contraction
442,442,0.13061708881299999,6.6559660691099998,12.986728681200001,-804.24327795500005,804.24327795500005,11.946256886800001,2.4804179980802461,0.00695831015288,contraction
443,443,0.13001695780299999,6.6913044028700002,12.9923084142,-809.79554110499998,809.79554110499998,12.0287303916,2.4872979875593262,0.0068638723622800003,contraction
444,444,0.12941958414499999,6.7268058509599999,12.997849889199999,-815.38652143800005,815.38652143800005,12.111779002800001,2.494178450392567,0.0067707011707399999,contraction
445,445,0.128824955169,6.7624711662900001,13.003353365900001,-821.01648664599998,821.01648664599998,12.195406696699999,2.5010593805746972,0.0066787799923000001,contraction
446,446,0.12823305826600001,6.7983011052300002,13.0088191022,-826.68570628999998,826.68570628999998,12.2796174773,2.5079407721768199,0.0065880924474099999,contraction
447,447,0.12764388088100001,6.83429642766,13.0142473546,-832.394451817,832.394451817,12.3644153767,2.514822619362294,0.0064986223606500002,contraction
448,448,0.127057410521,6.8704578969499996,13.0196383776,-838.14299656699995,838.14299656699995,12.449804455100001,2.521704916369699,0.0064103537584899997,contraction
449,449,0.12647363474699999,6.9067862800000004,13.024992424200001,-843.93161579000002,843.93161579000002,12.535788801000001,2.5285876575123112,0.0063232708670199998,contraction
450,450,0.12589254117900001,6.9432823472400003,13.0303097456,-849.76058665999994,849.76058665999994,12.6223725317,2.5354708372012311,0.0062373581097099999,contraction
451,451,0.12531411749400001,6.9799468726800002,13.0355905915,-855.63018828700001,855.63018828700001,12.7095597931,2.5423544499123469,0.0061526001052599998,contraction
452,452,0.124738351424,7.0167806338799998,13.040835209800001,-861.54070172900003,861.54070172900003,12.797354759899999,2.5492384901857661,0.0060689816653699998,contraction
453,453,0.124165230759,7.0537844119899997,13.0460438468,-867.49241000799998,867.49241000799998,12.8857616363,2.5561229526639409,0.0059864877925699996,contraction
454,454,0.123594743344,7.09095899178,13.0512167473,-873.48559812300005,873.48559812300005,12.974784655500001,2.56300783203561,0.0059051036780700004,contraction
455,455,0.12302687708100001,7.1283051616400002,13.056354154199999,-879.52055306199998,879.52055306199998,13.064428080500001,2.5698931230813984,0.0058248146995999997,contraction
456,456,0.122461619927,7.16582371359,13.061456309,-885.59756381900002,885.59756381900002,13.1546962041,2.5767788206566102,0.0057456064193600002,contraction
457,457,0.121898959892,7.2035154432999997,13.0665234516,-891.71692140499999,891.71692140499999,13.2455933489,2.5836649196745793,0.0056674645818199998,contraction
458,458,0.121338885046,7.2413811501299996,13.0715558202,-897.87891886399996,897.87891886399996,13.337123867800001,2.5905514151280578,0.0055903751117099996,contraction
459,459,0.120781383511,7.2794216371199996,13.076553651499999,-904.08385128400005,904.08385128400005,13.4292921442,2.5974383020872569,0.0055143241119200003,contraction
460,460,0.120226443462,7.3176377110299997,13.081517180600001,-910.33201581799995,910.33201581799995,13.5221025917,2.6043255756608557,0.0054392978614499999,contraction
461,461,0.119674053131,7.3560301823099996,13.0864466411,-916.62371168899995,916.62371168899995,13.6155596553,2.6112132310686373,0.0053652828134099998,contraction
462,462,0.119124200803,7.39459986519,13.0913422648,-922.95924021300004,922.95924021300004,13.709667810499999,2.6181012635578482,0.0052922655929599997,contraction
463,463,0.11857687481699999,7.4333475776400002,13.0962042823,-929.33890480699995,929.33890480699995,13.8044315644,2.6249896684677179,0.0052202329953500003,contraction
464,464,0.118032063565,7.4722741414099998,13.1010329225,-935.76301100900002,935.76301100900002,13.899855455499999,2.631878441197685,0.0051491719839200003,contraction
465,465,0.11748975549399999,7.5113803820199996,13.105828412699999,-942.23186648800004,942.23186648800004,13.995944053900001,2.6387675772053689,0.0050790696881699996,contraction
466,466,0.11694993910199999,7.5506671288499998,13.110590978799999,-948.74578106199999,948.74578106199999,14.0927019616,2.6456570720115806,0.0050099134017800003,contraction
467,467,0.116412602941,7.5901352150500001,13.115320845199999,-955.30506671199998,955.30506671199998,14.190133812699999,2.6525469211979606,0.0049416905807100004,contraction
468,468,0.115877735616,7.6297854776699996,13.1200182346,-961.91003759800003,961.91003759800003,14.288244274,2.6594371204325697,0.0048743888412899998,contraction
469,469,0.115345325782,7.6696187575800003,13.1246833686,-968.56101006999995,968.56101006999995,14.387038044300001,2.6663276654039403,0.00480799595834,contraction
470,470,0.11481536215,7.7096358995600003,13.129316467000001,-975.25830269000005,975.25830269000005,14.486519855699999,2.673218551895753,0.0047424998632599998,contraction
471,471,0.114287833479,7.7498377522700004,13.1339177482,-982.00223624099999,982.00223624099999,14.586694473,2.6801097757280772,0.0046778886422500004,contraction
472,472,0.113762728582,7.7902251683100001,13.1384874292,-988.79313374799995,988.79313374799995,14.687566694599999,2.6870013328030038,0.0046141505344,contraction
473,473,0.113240036324,7.8307990041900002,13.143025725399999,-995.63132048700004,995.63132048700004,14.789141352,2.6938932190536216,0.0045512739298999997,contraction
474,474,0.11271974561799999,7.8715601203799999,13.147532851099999,-1002.51712401,1002.51712401,14.8914233107,2.7007854304889576,0.0044892473682699996,contraction
475,475,0.11220184543,7.9125093813399996,13.152009018799999,-1009.45087415,1009.45087415,14.99441747,2.7076779631635972,0.0044280595365200001,contraction
476,476,0.111686324778,7.9536476555000002,13.156454439699999,-1016.43290304,1016.43290304,15.0981287636,2.7145708132013993,0.0043676992674499997,contraction
477,477,0.11117317272799999,7.9949758153000001,13.1608693237,-1023.46354514,1023.46354514,15.202562159499999,2.7214639767720632,0.0043081555378400001,contraction
478,478,0.110662378398,8.03649473722,13.1652538791,-1030.5431372400001,1030.5431372400001,15.3077226603,2.7283574500946584,0.0042494174667599997,contraction
479,479,0.110153930954,8.0782053017800006,13.169608312999999,-1037.67201847,1037.67201847,15.4136153036,2.7352512294473659,0.0041914743138399997,contraction
480,480,0.109647819614,8.1201083935600007,13.173932831,-1044.85053036,1044.85053036,15.5202451622,2.7421453111638141,0.0041343154775900001,contraction
481,481,0.109144033645,8.1622049012200009,13.178227637299999,-1052.0790167800001,1052.0790167800001,15.627617344300001,2.749039691629426,0.0040779304937100004,contraction
482,482,0.108642562362,8.2044957175299995,13.182492934700001,-1059.3578240300001,1059.3578240300001,15.7357369937,2.7559343672777898,0.0040223090333999997,contraction
483,483,0.10814339513,8.2469817393800007,13.186728924900001,-1066.6873008099999,1066.6873008099999,15.844609289999999,2.76282933458705,0.0039674409018000002,contraction
484,484,0.107646521363,8.2896638677999999,13.190935807900001,-1074.0677982699999,1074.0677982699999,15.954239449199999,2.7697245901013927,0.0039133160362500004,contraction
485,485,0.107151930524,8.3325430079699991,13.1951137825,-1081.4996699999999,1081.4996699999999,16.064632723500001,2.7766201304017226,0.0038599245047699999,contraction
486,486,0.106659612123,8.37562006926,13.1992630463,-1088.9832720500001,1088.9832720500001,16.175794401899999,2.7835159521268671,0.0038072565044199999,contraction
487,487,0.10616955572,8.4188959652299999,13.203383795300001,-1096.5189629700001,1096.5189629700001,16.287729809999998,2.7904120519446702,0.00375530235975,contraction
488,488,0.105681750921,8.4623716136600002,13.207476224500001,-1104.1071038099999,1104.1071038099999,16.400444311000001,2.797308426597314,0.0037040525212,contraction
489,489,0.105196187382,8.5060479365599999,13.2115405272,-1111.7480581299999,1111.7480581299999,16.513943305200002,2.8042050728538221,0.0036534975635999999,contraction
490,490,0.10471285480500001,8.5499258602099992,13.2155768958,-1119.4421920299999,1119.4421920299999,16.628232230799998,2.8111019875425631,0.0036036281846099998,contraction
491,491,0.104231742939,8.5940063151599997,13.219585521200001,-1127.1898741699999,1127.1898741699999,16.743316563699999,2.8179991675225677,0.0035544352032200002,contraction
492,492,0.103752841582,8.6382902362399996,13.223566592999999,-1134.9914757900001,1134.9914757900001,16.859201818300001,2.8248966097152128,0.0035059095582600001,contraction
493,493,0.103276140576,8.6827785626100003,13.2275202995,-1142.8473706899999,1142.8473706899999,16.975893547199998,2.831794311069685,0.0034580423068999999,contraction
494,494,0.10280162981300001,8.7274722377699998,13.231446827899999,-1150.75793531,1150.75793531,17.093397341999999,2.8386922685940799,0.0034108246232200001,contraction
495,495,0.10232929922800001,8.7723722095600003,13.2353463639,-1158.7235487,1158.7235487,17.211718832999999,2.8455904793211979,0.00336424779673,contraction
496,496,0.101859138805,8.8174794302000006,13.239219092200001,-1166.74459256,1166.74459256,17.330863690200001,2.8524889403506237,0.0033183032309499999,contraction
497,497,0.10139113857400001,8.8627948563099999,13.2430651961,-1174.82145126,1174.82145126,17.4508376229,2.8593876488087311,0.00327298244199,contraction
498,498,0.100925288608,8.9083194489299995,13.2468848578,-1182.9545118399999,1182.9545118399999,17.571646380099999,2.8662866018557263,0.0032282770571600001,contraction
499,499,0.100461579028,8.9540541735199994,13.250678257900001,-1191.14416405,1191.14416405,17.693295751299999,2.8731857967148922,0.00318417881358,contraction
500,500,0.10000000000000001,9,13.2544455763,-1199.3908003399999,1199.3908003399999,17.8157915661,2.8800852306331497,0.0031406795568000002,contraction
501,501,0.099540541735199994,9.0461579027799992,13.258186991400001,-1207.69481593,1207.69481593,17.9391396949,2.8869849009044271,0.00309777123946,contraction
502,502,0.099083194489300003,9.0925288607700008,13.2619026803,-1216.05660878,1216.05660878,18.063346049,2.8938848048587333,0.0030554459199199999,contraction
503,503,0.098627948563100004,9.1391138573700008,13.2655928192,-1224.47657961,1224.47657961,18.1884165809,2.9007849398625529,0.0030136957609800002,contraction
504,504,0.098174794302000004,9.1859138805399994,13.2692575828,-1232.9551319699999,1232.9551319699999,18.3143572848,2.907685303330017,0.0029725130285400002,contraction
505,505,0.097723722095599999,9.2329299228099995,13.2728971449,-1241.4926722099999,1241.4926722099999,18.441174196599999,2.914585892706385,0.0029318900903,contraction
506,506,0.097274722377700004,9.2801629812600002,13.2765116779,-1250.0896095000001,1250.0896095000001,18.568873394299999,2.9214867054736144,0.00289181941451,contraction
507,507,0.096827785626100005,9.3276140576100008,13.280101353199999,-1258.7463558899999,1258.7463558899999,18.697460998299999,2.9283877391502355,0.0028522935686599998,contraction
508,508,0.096382902362400005,9.3752841581799995,13.2836663408,-1267.4633262899999,1267.4633262899999,18.826943171900002,2.9352889913017313,0.0028133052182700001,contraction
509,509,0.095940063151600002,9.4231742939299998,13.287206810000001,-1276.24093851,1276.24093851,18.957326121000001,2.9421904595081632,0.0027748471256200001,contraction
510,510,0.095499258602099998,9.4712854805099997,13.290722928399999,-1285.07961327,1285.07961327,19.088616095300001,2.9490921414115898,0.0027369121485399999,contraction
511,511,0.095060479365599998,9.5196187382299993,13.294214862900001,-1293.97977423,1293.97977423,19.220819387599999,2.9559940346625635,0.00269949323922,contraction
512,512,0.094623716136600006,9.5681750921400006,13.297682779000001,-1302.9418480100001,1302.9418480100001,19.353942334999999,2.9628961369668678,0.0026625834429700001,contraction
513,513,0.094188959652299994,9.6169555719899993,13.3011268413,-1311.9662641899999,1311.9662641899999,19.487991318599999,2.9697984460532494,0.00262617589707,contraction
514,514,0.093756200692600003,9.6659612122999992,13.304547213199999,-1321.0534553699999,1321.0534553699999,19.622972764099998,2.9767009596882135,0.0025902638296,contraction
515,515,0.093325430079699997,9.7151930523800001,13.3079440568,-1330.20385715,1330.20385715,19.7588931421,2.983603675674908,0.00255484055828,contraction
516,516,0.092896638677999993,9.7646521363000005,13.3113175333,-1339.41790818,1339.41790818,19.895758968100001,2.9905065918368487,0.00251989948931,contraction
517,517,0.092469817393800002,9.8143395129800002,13.314667802900001,-1348.6960501599999,1348.6960501599999,20.033576803199999,2.9974097060371387,0.0024854341162799999,contraction
518,518,0.092044957175299993,9.8642562361700001,13.3179950245,-1358.0387278799999,1358.0387278799999,20.172353254499999,3.0043130161819049,0.0024514380190200002,contraction
519,519,0.091622049012200002,9.9144033644899991,13.321299356100001,-1367.44638923,1367.44638923,20.312094974699999,3.0112165201840808,0.0024179048625299999,contraction
520,520,0.091201083935600002,9.9647819614300008,13.3245809544,-1376.9194852200001,1376.9194852200001,20.452808663399999,3.0181202160116758,0.0023848283958500002,contraction
521,521,0.090782053017799999,10.0153930954,13.3278399753,-1386.45847002,1386.45847002,20.594501066700001,3.0250241016514012,0.0023522024510300001,contraction
522,522,0.090364947372199994,10.066237839799999,13.331076573500001,-1396.06380096,1396.06380096,20.737178977799999,3.0319281751218776,0.0023200209420400002,contraction
523,523,0.089949758153000006,10.117317272799999,13.334290902599999,-1405.73593856,1405.73593856,20.880849237300001,3.0388324344718258,0.0022882778637,contraction
524,524,0.089536476554999994,10.168632477799999,13.3374831153,-1415.4753465599999,1415.4753465599999,21.025518733399998,3.0457368777734448,0.0022569672907099998,contraction
525,525,0.089125093813400003,10.220184543,13.3406533632,-1425.2824919100001,1425.2824919100001,21.171194402699999,3.0526415031442897,0.0022260833765300001,contraction
526,526,0.088715601203799996,10.2719745618,13.343801796799999,-1435.1578448600001,1435.1578448600001,21.3178832298,3.0595463087118362,0.0021956203524499999,contraction
527,527,0.0883079900419,10.3240036324,13.346928565700001,-1445.1018789,1445.1018789,21.4655922482,3.0664512926399383,0.0021655725265299999,contraction
528,528,0.087902251683099994,10.3762728582,13.3500338184,-1455.1150708600001,1455.1150708600001,21.614328540599999,3.0733564531263267,0.0021359342826700002,contraction
529,529,0.087498377522699997,10.4287833479,13.353117702500001,-1465.1979008599999,1465.1979008599999,21.764099239,3.0802617883908976,0.00210670007954,contraction
530,530,0.087096358995600004,10.481536215,13.3561803643,-1475.35085241,1475.35085241,21.914911525000001,3.0871672966734831,0.0020778644497300002,contraction
531,531,0.086696187575799999,10.5345325782,13.3592219495,-1485.5744123500001,1485.5744123500001,22.066772630599999,3.0940729762542598,0.0020494219986900001,contraction
532,532,0.086297854776700003,10.587773561600001,13.3622426027,-1495.8690709499999,1495.8690709499999,22.219689838099999,3.1009788254326924,0.0020213674038499999,contraction
533,533,0.085901352150500002,10.6412602941,13.3652424672,-1506.2353218799999,1506.2353218799999,22.3736704805,3.1078848425295669,0.0019936954136699999,contraction
534,534,0.085506671288499994,10.694993910199999,13.3682216858,-1516.67366227,1516.67366227,22.528721942200001,3.1147910259021416,0.00196640084673,contraction
535,535,0.085113803820200007,10.748975549400001,13.3711804,-1527.18459272,1527.18459272,22.684851658900001,3.1216973739232881,0.0019394785907899999,contraction
536,536,0.084722741414099995,10.8032063565,13.374118750399999,-1537.7686172900001,1537.7686172900001,22.842067118500001,3.128603885005151,0.00191292360193,contraction
537,537,0.084333475776400005,10.857687481699999,13.3770368767,-1548.42624361,1548.42624361,23.0003758607,3.1355105575651896,0.0018867309036399999,contraction
538,538,0.0839459986519,10.9124200803,13.3799349178,-1559.1579827999999,1559.1579827999999,23.159785478100002,3.1424173900582693,0.0018608955859400001,contraction
539,539,0.083560301823099994,10.9674053131,13.3828130112,-1569.96434959,1569.96434959,23.320303616299999,3.1493243809644329,0.00183541280456,contraction
540,540,0.083176377110300001,11.0226443462,13.385671294,-1580.8458622600001,1580.8458622600001,23.481937974000001,3.156231528777055,0.00181027778,contraction
541,541,0.082794216371200005,11.0781383511,13.388509901999999,-1591.8030427399999,1591.8030427399999,23.644696303900002,3.1631388320251963,0.0017854857967600001,contraction
542,542,0.082413811501300005,11.1338885046,13.3913289703,-1602.8364165800001,1602.8364165800001,23.8085864126,3.1700462892529235,0.0017610322025000001,contraction
543,543,0.082035154432999996,11.1898959892,13.394128632799999,-1613.9465130200001,1613.9465130200001,23.973616161300001,3.1769538990327275,0.0017369124071599999,contraction
544,544,0.081658237135899994,11.246161992699999,13.396909022799999,-1625.13386496,1625.13386496,24.139793465899999,3.1838616599534149,0.00171312188219,contraction
545,545,0.081283051616399996,11.302687708100001,13.3996702724,-1636.39900904,1636.39900904,24.307126297700002,3.1907695706330679,0.0016896561597700001,contraction
546,546,0.080909589917800007,11.3594743344,13.4024125132,-1647.7424856600001,1647.7424856600001,24.475622683400001,3.1976776297027478,0.00166651083196,contraction
547,547,0.080537844119900004,11.416523075900001,13.405135875499999,-1659.1648389500001,1659.1648389500001,24.645290706000001,3.204585835827273,0.0016436815499299999,contraction
548,548,0.080167806338799996,11.4738351424,13.4078404888,-1670.66661686,1670.66661686,24.8161385047,3.2114941876847265,0.00162116402323,contraction
549,549,0.079799468726799994,11.5314117494,13.4105264819,-1682.2483711699999,1682.2483711699999,24.9881742755,3.2184026839746993,0.00159895401898,contraction
550,550,0.079432823472399994,11.589254117899999,13.413193982699999,-1693.91065751,1693.91065751,25.161406271600001,3.2253113234181296,0.00157704736111,contraction
551,551,0.079067862799999999,11.647363474700001,13.4158431179,-1705.6540353600001,1705.6540353600001,25.3358428039,3.2322201047609811,0.00155543992965,contraction
552,552,0.078704578969500005,11.7057410521,13.418474013699999,-1717.4790681300001,1717.4790681300001,25.511492241199999,3.2391290267658874,0.0015341276599800001,contraction
553,553,0.078342964276599994,11.7643880881,13.421086795400001,-1729.38632317,1729.38632317,25.688363010700002,3.2460380882157041,0.0015131065421,contraction
554,554,0.077983011052300003,11.8233058266,13.423681587200001,-1741.3763717500001,1741.3763717500001,25.866463598399999,3.252947287912928,0.0014923726199000001,contraction
555,555,0.077624711662899998,11.882495516900001,13.4262585127,-1753.4497891599999,1753.4497891599999,26.045802549600001,3.2598566246828677,0.00147192199046,contraction
556,556,0.077268058509600002,11.9419584145,13.428817694599999,-1765.60715471,1765.60715471,26.226388469,3.2667660973613089,0.00145175080336,contraction
557,557,0.076913044028700001,12.0016957803,13.4313592546,-1777.8490517099999,1777.8490517099999,26.4082300217,3.2736757048166534,0.0014318552599899999,contraction
558,558,0.076559660691099998,12.0617088813,13.433883313799999,-1790.17606759,1790.17606759,26.591335933,3.2805854459259023,0.00141223161284,contraction
559,559,0.076207901002499995,12.1219989902,13.436389992400001,-1802.58879385,1802.58879385,26.775714989200001,3.2874953195888552,0.0013928761648599999,contraction
560,560,0.075857757502899997,12.182567385600001,13.4388794097,-1815.08782612,1815.08782612,26.961376037800001,3.2944053247193557,0.0013737852687699999,contraction
561,561,0.075509222766500003,12.2434153519,13.441351684200001,-1827.6737642000001,1827.6737642000001,27.1483279883,3.3013154602588806,0.0013549553264200001,contraction
562,562,0.075162289401800003,12.304544179800001,13.443806933699999,-1840.3472120599999,1840.3472120599999,27.336579812099998,3.308225725156531,0.0013363827881199999,contraction
563,563,0.074816950051100006,12.365955165500001,13.446245275100001,-1853.1087779,1853.1087779,27.526140543299999,3.3151361183824228,0.00131806415202,contraction
564,564,0.074473197390600002,12.4276496114,13.4486668245,-1865.95907416,1865.95907416,27.717019279100001,3.3220466389259822,0.0012999959634699999,contraction
565,565,0.074131024130100004,12.489628825900001,13.4510716974,-1878.8987175499999,1878.8987175499999,27.9092251802,3.3289572857941918,0.0012821748144,contraction
566,566,0.073790423012899994,12.5518941235,13.4534600081,-1891.9283290799999,1891.9283290799999,28.1027674712,3.3358680580097944,0.0012645973427,contraction
567,567,0.073451386815700001,12.6144468247,13.455831870500001,-1905.04853411,1905.04853411,28.297655441,3.3427789546094484,0.0012472602316100001,contraction
568,568,0.073113908348300005,12.677288256000001,13.4581873976,-1918.25996235,1918.25996235,28.493898443399999,3.3496899746488693,0.0012301602091,contraction
569,569,0.0727779804537,12.740419750099999,13.460526701599999,-1931.56324791,1931.56324791,28.691505897700001,3.3566011172076395,0.0012132940473299999,contraction
570,570,0.0724435960075,12.803842646,13.4628498939,-1944.95902933,1944.95902933,28.890487288500001,3.3635123813660113,0.0011966585620199999,contraction
571,571,0.072110747918299994,12.8675582887,13.4651570852,-1958.44794959,1958.44794959,29.0908521669,3.3704237662306746,0.00118025061186,contraction
572,572,0.071779429127100003,12.931568029499999,13.467448385499999,-1972.0306561899999,1972.0306561899999,29.2926101507,3.3773352709252125,0.001164067098,contraction
573,573,0.071449632607599997,12.9958732257,13.4697239039,-1985.7078011200001,1985.7078011200001,29.4957709247,3.3842468945842188,0.0011481049634299999,contraction
574,574,0.071121351365299998,13.060475241300001,13.4719837488,-1999.48004094,1999.48004094,29.700344241300002,3.3911586363576451,0.00113236119243,contraction
575,575,0.070794578438399994,13.1253754462,13.474228028100001,-2013.3480367699999,2013.3480367699999,29.906339921000001,3.398070495411508,0.0011168328100500001,contraction
576,576,0.070469306896700001,13.190575216899999,13.4764568485,-2027.3124543700001,2027.3124543700001,30.113767852999999,3.404982470931774,0.00110151688157,contraction
577,577,0.070145529841999996,13.256075936,13.478670316400001,-2041.3739641300001,2041.3739641300001,30.322637995200001,3.4118945621081784,0.00108641051191,contraction
578,578,0.069823240407699994,13.3218789927,13.480868537299999,-2055.53324114,2055.53324114,30.5329603753,3.4188067681546226,0.00107151084515,contraction
579,579,0.069502431758900002,13.387985782599999,13.483051615799999,-2069.7909651700002,2069.7909651700002,30.744745090999999,3.4257190882993429,0.00105681506402,contraction
580,580,0.0691830970919,13.4543977075,13.4852196561,-2084.1478207700002,2084.1478207700002,30.958002310200001,3.4326315217753667,0.0010423203893399999,contraction
581,581,0.068865229634400005,13.5211161759,13.4873727615,-2098.6044972499999,2098.6044972499999,31.172742272200001,3.4395440678433249,0.00102802407954,contraction
582,582,0.068548822645300003,13.5881426028,13.4895110347,-2113.1616887300002,2113.1616887300002,31.388975287499999,3.4464567257686118,0.0010139234301499999,contraction
583,583,0.068233869414199996,13.655478409600001,13.491634577599999,-2127.8200941800001,2127.8200941800001,31.6067117385,3.4533694948278368,0.00100001577333,contraction
584,584,0.067920363261700006,13.7231250243,13.4937434915,-2142.5804174700002,2142.5804174700002,31.8259620804,3.4602823743211855,0.00098629847732299995,contraction
585,585,0.067608297539200002,13.791083881700001,13.4958378768,-2157.4433673399999,2157.4433673399999,32.046736841200001,3.4671953635560731,0.000972768946042,contraction
586,586,0.067297665628400005,13.859356422899999,13.497917833500001,-2172.4096575200001,2172.4096575200001,32.269046622399998,3.4741084618530409,0.00095942461854899995,contraction
587,587,0.066988460941699995,13.927944095799999,13.499983460699999,-2187.4800067000001,2187.4800067000001,32.4929020995,3.4810216685451461,0.00094626296860000003,contraction
588,588,0.066680676921400006,13.996848354999999,13.502034857,-2202.6551386000001,2202.6551386000001,32.7183140227,3.487934982983369,0.00093328150418000005,contraction
589,589,0.066374307040200003,14.0660706619,13.5040721201,-2217.9357819900001,2217.9357819900001,32.945293217,3.4948484045234753,0.00092047776704300003,contraction
590,590,0.066069344800799998,14.135612484399999,13.5060953472,-2233.3226707200001,2233.3226707200001,33.1738505832,3.5017619325404286,0.00090784933226499998,contraction
591,591,0.065765783735500002,14.2054752973,13.5081046348,-2248.81654377,2248.81654377,33.403997098200001,3.5086755664211431,0.00089539380779500002,contraction
592,592,0.065463617406699995,14.2756605824,13.510100078800001,-2264.4181452799999,2264.4181452799999,33.635743815399998,3.5155893055603884,0.00088310883401399997,contraction
593,593,0.065162839406100001,14.346169828000001,13.5120817742,-2280.1282245900002,2280.1282245900002,33.869101865499999,3.5225031493685592,0.00087099208330399999,contraction
594,594,0.064863443354800002,14.4170045295,13.5140498157,-2295.94753627,2295.94753627,34.104082456900002,3.5294170972672818,0.00085904125961700005,contraction
595,595,0.064565422903499994,14.488166189099999,13.516004297,-2311.8768401500001,2311.8768401500001,34.340696876300001,3.5363311486909104,0.00084725409805199998,contraction
596,596,0.064268771731699995,14.5596563161,13.5179453115,-2327.91690139,2327.91690139,34.578956489100001,3.5432453030820623,0.00083562836443899996,contraction
597,597,0.0639734835483,14.631476426400001,13.5198729517,-2344.0684904599998,2344.0684904599998,34.8188727402,3.5501595598987077,0.00082416185492699997,contraction
598,598,0.063679552090800007,14.7036280433,13.521787309500001,-2360.33238325,2360.33238325,35.060457154399998,3.557073918609448,0.00081285239557500003,contraction
599,599,0.063386971125700006,14.776112697,13.5236884764,-2376.70936102,2376.70936102,35.303721336899997,3.5639883786917026,0.00080169784195300003,contraction
600,600,0.063095734447999999,14.8489319246,13.525576543,-2393.2002105400002,2393.2002105400002,35.548676974099997,3.5709029396382954,0.00079069607874500002,contraction
601,601,0.062805835881299996,14.9220872705,13.527451599300001,-2409.80572403,2409.80572403,35.795335833800003,3.5778176009468936,0.00077984501935999997,contraction
602,602,0.062517269277599999,14.995580286099999,13.529313734900001,-2426.5266992699999,2426.5266992699999,36.043709766299997,3.584732362134734,0.00076914260554100005,contraction
603,603,0.062230028516900002,15.069412530099999,13.531163038700001,-2443.3639395999999,2443.3639395999999,36.2938107043,3.591647222719569,0.00075858680699200003,contraction
604,604,0.061944107507699998,15.143585568300001,13.5329995987,-2460.3182539700001,2460.3182539700001,36.545650664100002,3.5985621822368485,0.00074817562099599997,contraction
605,605,0.061659500186100002,15.2181009736,13.5348235027,-2477.3904569900001,2477.3904569900001,36.799241746,3.605477240234344,0.00073790707204699998,contraction
606,606,0.061376200516500001,15.292960326399999,13.536634837799999,-2494.5813689500001,2494.5813689500001,37.054596134500002,3.6123923962614817,0.00072777921148499999,contraction
607,607,0.061094202490599998,15.368165214299999,13.5384336903,-2511.8918158900001,2511.8918158900001,37.311726099399998,3.6193076498831158,0.00071779011713200001,contraction
608,608,0.060813500127900003,15.443717232099999,13.540220146099999,-2529.32262958,2529.32262958,37.570643996400001,3.6262230006793197,0.00070793789293900004,contraction
609,609,0.060534087475399997,15.5196179823,13.5419942905,-2546.8746476400001,2546.8746476400001,37.831362267000003,3.6331384482265614,0.00069822066863199997,contraction
610,610,0.060255958607399997,15.595869074399999,13.5437562081,-2564.5487135200001,2564.5487135200001,38.093893440199999,3.6400539921267936,0.00068863659936600004,contraction
611,611,0.059979107625599999,15.672472125500001,13.545505983,-2582.3456765800001,2582.3456765800001,38.358250132099997,3.6469696319804856,0.00067918386538199998,contraction
612,612,0.0597035286584,15.749428760300001,13.547243698799999,-2600.2663920800001,2600.2663920800001,38.624445047099996,3.6538853674020717,0.00066986067167200002,contraction
613,613,0.0594292158616,15.8267406107,13.5489694384,-2618.3117213,2618.3117213,38.892490978399998,3.6608011980166517,0.00066066524764000004,contraction
614,614,0.059156163417499998,15.904409316400001,13.5506832842,-2636.4825314999998,2636.4825314999998,39.162400808400001,3.6677171234541643,0.00065159584678,contraction
615,615,0.058884365535600003,15.982436524600001,13.552385317900001,-2654.77969601,2654.77969601,39.434187509700003,3.6746331433588906,0.00064265074634399998,contraction
616,616,0.0586138164514,16.060823890000002,13.554075620900001,-2673.20409427,2673.20409427,39.707864145499997,3.6815492573833533,0.00063382824702900003,contraction
617,617,0.0583445104274,16.139573075099999,13.5557542738,-2691.7566118700001,2691.7566118700001,39.983443870199999,3.6884654651873445,0.00062512667265299997,contraction
618,618,0.0580764417521,16.218685749900001,13.557421356800001,-2710.4381405600002,2710.4381405600002,40.260939929999999,3.6953817664368849,0.00061654436985199995,contraction
619,619,0.057809604740599999,16.298163592200002,13.5590769494,-2729.2495783499999,2729.2495783499999,40.540365663999999,3.7022981608154399,0.00060807970776500001,contraction
620,620,0.057543993733699998,16.378008287499998,13.560721130699999,-2748.1918295099999,2748.1918295099999,40.821734504200002,3.7092146480076216,0.00059973107773200003,contraction
621,621,0.057279603098600002,16.458221529199999,13.562353979299999,-2767.2658046299998,2767.2658046299998,41.105059976500002,3.7161312277077641,0.00059149689299600001,contraction
622,622,0.057016427228099999,16.538805018400002,13.563975573,-2786.4724206599999,2786.4724206599999,41.390355701499999,3.7230478996232064,0.00058337558840900004,contraction
623,623,0.056754460540899998,16.619760464100001,13.565585989300001,-2805.8126009699999,2805.8126009699999,41.677635394900001,3.7299646634677277,0.00057536562013299996,contraction
624,624,0.056493697481199999,16.701089583200002,13.567185305000001,-2825.2872753800002,2825.2872753800002,41.966912868000001,3.7368815189575173,0.00056746546535999995,contraction
625,625,0.056234132519000002,16.7827941004,13.5687735967,-2844.8973802,2844.8973802,42.258202029000003,3.7437984658261305,0.00055967362202499998,contraction
626,626,0.055975760149500002,16.864875748500001,13.570350940000001,-2864.6438582800001,2864.6438582800001,42.551516883200001,3.7507155038128643,0.00055198860852200004,contraction
627,627,0.0557185748932,16.947336268299999,13.571917410399999,-2884.52765907,2884.52765907,42.8468715335,3.7576326326584963,0.00054440896343499999,contraction
628,628,0.055462571295799998,17.0301774086,13.5734730826,-2904.54973866,2904.54973866,43.144280181799999,3.7645498521219425,0.00053693324525900003,contraction
629,629,0.055207743928100003,17.113400926200001,13.575018031000001,-2924.7110597999999,2924.7110597999999,43.443757128900003,3.771467161961596,0.000529560032131,contraction
630,630,0.054954087385800002,17.197008586100001,13.5765523293,-2945.0125920099999,2945.0125920099999,43.745316775699997,3.7783845619470275,0.00052228792156800005,contraction
631,631,0.054701596289400002,17.2810021614,13.5780760508,-2965.4553115399999,2965.4553115399999,44.048973623899997,3.7853020518587468,0.00051511553020399997,contraction
632,632,0.054450265284200002,17.3653834335,13.579589268199999,-2986.0402014900001,2986.0402014900001,44.354742276400003,3.7922196314810894,0.00050804149352699996,contraction
633,633,0.054200089040200003,17.450154191799999,13.581092053900001,-3006.7682518299998,3006.7682518299998,44.662637438099999,3.7991373006042393,0.00050106446562799998,contraction
634,634,0.053951062251500002,17.535316234100002,13.582584479699999,-3027.6404594400001,3027.6404594400001,44.9726739169,3.8060550590305051,0.00049418311895100002,contraction
635,635,0.053703179636999998,17.620871366599999,13.584066616699999,-3048.6578281900001,3048.6578281900001,45.284866624099998,3.8129729065669711,0.00048739614403800003,contraction
636,636,0.053456435939700002,17.706821403700001,13.5855385359,-3069.8213689499999,3069.8213689499999,45.599230575199996,3.8198908430271064,0.00048070224929,contraction
637,637,0.053210825926699998,17.793168168000001,13.5870003075,-3091.1320996600002,3091.1320996600002,45.915780890900002,3.8268088682365549,0.00047410016072100002,contraction
638,638,0.052966344389199997,17.879913491,13.5884520014,-3112.5910453800002,3112.5910453800002,46.234532797299998,3.8337269820212629,0.00046758862172200001,contraction
639,639,0.052722986142299998,17.967059212100001,13.5898936869,-3134.1992383400002,3134.1992383400002,46.555501627200002,3.840645184219615,0.00046116639282699998,contraction
640,640,0.052480746024999997,18.054607179600001,13.5913254329,-3155.95771797,3155.95771797,46.878702820599997,3.8475634746768854,0.000454832251474,contraction
641,641,0.052239618899900003,18.142559250200001,13.5927473078,-3177.86753099,3177.86753099,47.2041519251,3.8544818532376892,0.00044858499178400001,contraction
642,642,0.051999599653400001,18.230917289099999,13.594159379400001,-3199.9297314300002,3199.9297314300002,47.531864597599998,3.8614003197659761,0.00044242342433000001,contraction
643,643,0.0517606831951,18.319683170200001,13.595561715400001,-3222.14538068,3222.14538068,47.861856604000003,3.8683188741223056,0.00043634637591400001,contraction
644,644,0.0515228644582,18.408858775900001,13.5969543827,-3244.5155475800002,3244.5155475800002,48.194143820599997,3.8752375161772106,0.00043035268934999999,contraction
645,645,0.051286138399099998,18.498445997600001,13.598337447800001,-3267.0413084100001,3267.0413084100001,48.528742234799999,3.882156245809476,0.00042444122324400001,contraction
646,646,0.051050499997499998,18.5884467351,13.599710976800001,-3289.723747,3289.723747,48.865667945799999,3.8890750629043751,0.00041861085178099999,contraction
647,647,0.050815944256099997,18.6788628971,13.601075035299999,-3312.56395475,3312.56395475,49.2049371652,3.8959939673498285,0.00041286046451200002,contraction
648,648,0.050582466200299998,18.769696401099999,13.602429688599999,-3335.5630307000001,3335.5630307000001,49.546566218199999,3.9029129590447176,0.00040718896614799999,contraction
649,649,0.0503500608788,18.860949173600002,13.603775001300001,-3358.7220815699998,3358.7220815699998,49.890571544099998,3.9098320378927132,0.00040159527635399999,contraction
650,650,0.050118723362699999,18.952623149699999,13.6051110378,-3382.0422218200001,3382.0422218200001,50.236969697200003,3.9167512038042038,0.00039607832954199998,contraction
651,651,0.049888448746,19.044720273700001,13.6064378618,-3405.5245737099999,3405.5245737099999,50.585777347399997,3.9236704566920979,0.00039063707467699998,contraction
652,652,0.049659232145000003,19.137242498599999,13.607755536899999,-3429.1702673499999,3429.1702673499999,50.9370112816,3.9305897964833978,0.000385270475074,contraction
653,653,0.049431068698700002,19.230191786799999,13.6090641259,-3452.98044076,3452.98044076,51.290688403700003,3.9375092231028779,0.00037997750820800003,contraction
654,654,0.049203953568099999,19.323570109399999,13.6103636915,-3476.9562399000001,3476.9562399000001,51.646825736099998,3.9444287364863704,0.00037475716551500001,contraction
655,655,0.0489778819368,19.4173794467,13.611654295699999,-3501.09881877,3501.09881877,52.005440420200003,3.9513483365741591,0.00036960845221099999,contraction
656,656,0.048752849010299998,19.511621788300001,13.612936000199999,-3525.4093394299998,3525.4093394299998,52.366549717399998,3.9582680233140781,0.00036453038709600001,contraction
657,657,0.048528850016199998,19.606299132699998,13.6142088662,-3549.8889720799998,3549.8889720799998,52.730171009700001,3.9651877966567857,0.000359522002377,contraction
658,658,0.048305880204,19.701413487899998,13.6154729546,-3574.5388950800002,3574.5388950800002,53.096321800799998,3.9721076565605298,0.00035458234348000002,contraction
659,659,0.048083934845000002,19.796966870999999,13.6167283259,-3599.36029508,3599.36029508,53.465019716999997,3.9790276029918679,0.00034971046887399999,contraction
660,660,0.047863009232299997,19.892961308499999,13.617975039999999,-3624.3543669999999,3624.3543669999999,53.836282507599996,3.985947635916955,0.00034490544989200002,contraction
661,661,0.047643098680499998,19.989398836199999,13.619213156600001,-3649.5223141199999,3649.5223141199999,54.210128046500003,3.9928677553152054,0.00034016637055599998,contraction
662,662,0.047424198526000001,20.0862814993,13.620442734699999,-3674.86534815,3674.86534815,54.586574332200001,3.9997879611629759,0.00033549232740700001,contraction
663,663,0.047206304126399999,20.183611352500002,13.6216638332,-3700.3846892800002,3700.3846892800002,54.965639489700003,4.0067082534523673,0.00033088242932899998,contraction
664,664,0.0469894108605,20.281390459800001,13.622876510499999,-3726.08156624,3726.08156624,55.347341770299998,4.0136286321711969,0.00032633579738900002,contraction
665,665,0.046773514128699997,20.379620894999999,13.6240808246,-3751.9572163500002,3751.9572163500002,55.731699553299997,4.0205490973177733,0.00032185156466499998,contraction
666,666,0.046558609352300002,20.478304741300001,13.625276832899999,-3778.0128856000001,3778.0128856000001,56.118731346700002,4.027469648897128,0.00031742887608400002,contraction
667,667,0.0463446919736,20.577444091499999,13.6264645927,-3804.24982869,3804.24982869,56.508455787800003,4.0343902869155226,0.00031306688826300002,contraction
668,668,0.046131757455999997,20.6770410482,13.627644160799999,-3830.6693091000002,3830.6693091000002,56.9008916445,4.0413110113873616,0.00030876476934800002,contraction
669,669,0.045919801283699997,20.777097723499999,13.628815593600001,-3857.27259916,3857.27259916,57.296057816100003,4.0482318223329905,0.00030452169885699997,contraction
670,670,0.045708818961500003,20.8776162395,13.629978947,-3884.0609801199998,3884.0609801199998,57.693973333999999,4.055152719774723,0.00030033686752599999,contraction
671,671,0.045498806014999997,20.978598727800001,13.631134276699999,-3911.0357421600002,3911.0357421600002,58.094657362900001,4.0620737037415395,0.00029620947715700002,contraction
672,672,0.045289757990399998,21.080047330199999,13.632281638,-3938.1981845300002,3938.1981845300002,58.498129201799998,4.0689947742700472,0.00029213874046500003,contraction
673,673,0.045081670454099998,21.181964197999999,13.6334210857,-3965.5496155599999,3965.5496155599999,58.904408284600002,4.0759159313984989,0.00028812388093100001,contraction
674,674,0.044874538993300003,21.284351492700001,13.6345526742,-3993.0913527399998,3993.0913527399998,59.3135141813,4.0828371751710639,0.00028416413265499999,contraction
675,675,0.044668359215099998,21.387211385699999,13.635676457800001,-4020.8247227699999,4020.8247227699999,59.725466598899999,4.0897585056367767,0.00028025874021399998,contraction
676,676,0.044463126746899999,21.4905460584,13.636792490099999,-4048.7510616599998,4048.7510616599998,60.140285382599998,4.0966799228534141,0.00027640695851300002,contraction
677,677,0.044258837236300003,21.5943577022,13.637900824400001,-4076.8717147699999,4076.8717147699999,60.557990516099999,4.1036014268762244,0.00027260805265,contraction
678,678,0.044055486350700002,21.698648518799999,13.6390015139,-4105.1880368599996,4105.1880368599996,60.978602123400002,4.110523017771615,0.000268861297776,contraction
679,679,0.043853069777500003,21.803420719999998,13.6400946111,-4133.7013921999996,4133.7013921999996,61.402140469300001,4.1174446956089819,0.00026516597895600002,contraction
680,680,0.043651583224,21.908676527699999,13.6411801683,-4162.4131546099998,4162.4131546099998,61.828625960399997,4.1243664604608581,0.000261521391037,contraction
681,681,0.043451022417200003,22.014418174100001,13.6422582375,-4191.3247075199997,4191.3247075199997,62.2580791464,4.1312883124077473,0.00025792683851,contraction
682,682,0.043251383103499998,22.120647901800002,13.6433288701,-4220.4374440399997,4220.4374440399997,62.690520720599999,4.1382102515298937,0.00025438163538500001,contraction
683,683,0.043052661049199997,22.227367963599999,13.644392117400001,-4249.7527670700001,4249.7527670700001,63.1259715216,4.1451322779182806,0.00025088510505400001,contraction
684,684,0.042854852039699999,22.334580622800001,13.645448030300001,-4279.2720892899997,4279.2720892899997,63.564452533699999,4.1520543916646107,0.00024743658017000001,contraction
685,685,0.042657951880200003,22.4422881532,13.6464966592,-4308.9968333200004,4308.9968333200004,64.005984888100002,4.1589765928640841,0.00024403540251699999,contraction
686,686,0.042461956394600001,22.550492839,13.6475380543,-4338.9284317199999,4338.9284317199999,64.450589864299999,4.1658988816210494,0.00024068092288399999,contraction
687,687,0.042266861426600001,22.659196974899999,13.6485722654,-4369.0683270700001,4369.0683270700001,64.8982888906,4.1728212580404396,0.000237372500946,contraction
688,688,0.042072662838399999,22.768402866199999,13.649599342,-4399.4179720900001,4399.4179720900001,65.3491035455,4.1797437222332192,0.000234109505141,contraction
689,689,0.041879356511799998,22.878112829100001,13.6506193332,-4429.9788296500001,4429.9788296500001,65.803055558699995,4.1866662743154146,0.000230891312551,contraction
690,690,0.041686938346999998,22.988329190200002,13.6516322878,-4460.7523728699998,4460.7523728699998,66.260166811900007,4.1935889144040477,0.00022771730878300001,contraction
691,691,0.041495404263400003,23.0990542869,13.652638254299999,-4491.74008521,4491.74008521,66.720459340399998,4.2005116426251137,0.000224586887853,contraction
692,692,0.041304750198999998,23.2102904674,13.6536372807,-4522.9434605099996,4522.9434605099996,67.183955333699998,4.2074344591062394,0.00022149945207200001,contraction
693,693,0.041114972110499998,23.3220400907,13.6546294149,-4554.36400306,4554.36400306,67.650677136799999,4.2143573639798593,0.00021845441193300001,contraction
694,694,0.040926065972999998,23.434305526900001,13.6556147043,-4586.0032277099999,4586.0032277099999,68.120647251299999,4.2212803573832289,0.000215451185999,contraction
695,695,0.040738027780399998,23.5470891569,13.656593196099999,-4617.8626599299996,4617.8626599299996,68.593888336399999,4.2282034394568511,0.000212489200792,contraction
696,696,0.040550853544800002,23.6603933723,13.657564937,-4649.94383586,4649.94383586,69.070423210200005,4.2351266103472032,0.00020956789068599999,contraction
697,697,0.040364539296799999,23.774220576299999,13.6585299737,-4682.2483024200001,4682.2483024200001,69.550274850500003,4.2420498702020462,0.00020668669779700001,contraction
698,698,0.040179081084900002,23.888573182799998,13.6594883521,-4714.7776173700004,4714.7776173700004,70.0334663963,4.2489732191758041,0.00020384507188300001,contraction
699,699,0.039994474976100002,24.003453617000002,13.6604401182,-4747.53334937,4747.53334937,70.520021148699996,4.2558966574261081,0.00020104247023299999,contraction
700,700,0.039810717055300003,24.118864315100002,13.661385317600001,-4780.5170780899998,4780.5170780899998,71.009962572099994,4.2628201851145784,0.00019827835756699999,contraction
701,701,0.039627803425499999,24.2348077248,13.6623239954,-4813.73039427,4813.73039427,71.503314295500005,4.2697438024088754,0.000195552205937,contraction
702,702,0.039445730207500002,24.351286304999999,13.663256196500001,-4847.1748998000003,4847.1748998000003,72.000100113200006,4.2766675094761997,0.00019286349462299999,contraction
703,703,0.039264493540000001,24.4683025259,13.664181965699999,-4880.8522077899997,4880.8522077899997,72.500343986600001,4.2835913064921316,0.00019021171003599999,contraction
704,704,0.039084089579200003,24.585858869100001,13.6651013471,-4914.7639426699998,4914.7639426699998,73.004070044900004,4.2905151936339188,0.000187596345621,contraction
705,705,0.038904514499400002,24.703957827699998,13.6660143847,-4948.9117402499996,4948.9117402499996,73.511302586599996,4.297439171084803,0.000185016901761,contraction
706,706,0.038725764492199999,24.822601906300001,13.6669211223,-4983.2972478000002,4983.2972478000002,74.022066080299993,4.3043632390286106,0.00018247288568099999,contraction
707,707,0.038547835766600001,24.941793621199999,13.6678216032,-5017.9221241599998,5017.9221241599998,74.536385166399995,4.3112873976565069,0.00017996381135399999,contraction
708,708,0.0383707245492,25.061535500000002,13.6687158705,-5052.7880397899999,5052.7880397899999,75.054284657799997,4.3182116471600516,0.00017748919941400001,contraction
709,709,0.038194427083999997,25.181830082200001,13.6696039671,-5087.8966768600003,5087.8966768600003,75.575789541800006,4.3251359877402926,0.00017504857705600001,contraction
710,710,0.038018939632099999,25.302679918999999,13.6704859353,-5123.2497293300003,5123.2497293300003,76.100924980399995,4.332060419595348,0.000172641477957,contraction
711,711,0.037844258471699997,25.424087573200001,13.671361817499999,-5158.8489030500004,5158.8489030500004,76.629716312400006,4.3389849429318748,0.000170267442177,contraction
712,712,0.037670379898399997,25.546055619800001,13.672231655599999,-5194.6959158199998,5194.6959158199998,77.162189054199999,4.3459095579591001,0.00016792601608000001,contraction
713,713,0.037497300224499999,25.668586645200001,13.6730954911,-5230.7924975100004,5230.7924975100004,77.698368900999995,4.3528342648881386,0.00016561675224300001,contraction
714,714,0.037325015779599999,25.791683248199998,13.673953365399999,-5267.1403900900004,5267.1403900900004,78.238281728299995,4.3597590639350452,0.00016333920937300001,contraction
715,715,0.037153522909699997,25.9153480393,13.674805319600001,-5303.7413477800001,5303.7413477800001,78.781953593300003,4.3666839553223706,0.000161092952224,contraction
716,716,0.036982817978000002,26.039583641099998,13.675651394499999,-5340.5971370799998,5340.5971370799998,79.329410735699994,4.3736089392729616,0.00015887755151100001,contraction
717,717,0.036812897364299997,26.1643926884,13.676491630499999,-5377.7095368800001,5377.7095368800001,79.880679579200006,4.3805340160126782,0.00015669258383300001,contraction
718,718,0.036643757464800003,26.2897778281,13.677326067799999,-5415.08033858,5415.08033858,80.435786733200004,4.387459185775354,0.00015453763159,contraction
719,719,0.036475394692599999,26.415741719300001,13.678154746500001,-5452.7113460999999,5452.7113460999999,80.994758993399998,4.3943844487938737,0.00015241228290300001,contraction
720,720,0.036307805477000001,26.542287033400001,13.6789777061,-5490.6043760599996,5490.6043760599996,81.5576233436,4.401309805306199,0.00015031613153699999,contraction
721,721,0.036140986264000002,26.669416454099999,13.679794986099999,-5528.7612577999998,5528.7612577999998,82.124406957100007,4.4082352555561748,0.00014824877682499999,contraction
722,722,0.035974933515600001,26.797132677600001,13.680606625599999,-5567.1838334900003,5567.1838334900003,82.695137197600005,4.415160799788131,0.00014620982359,contraction
723,723,0.035809643710300001,26.925438412399998,13.6814126634,-5605.8739582400003,5605.8739582400003,83.269841620899996,4.4220864382512035,0.00014419888206900001,contraction
724,724,0.035645113342600003,27.0543363795,13.6822131382,-5644.8335001799996,5644.8335001799996,83.848547976199995,4.4290121711985861,0.00014221556784399999,contraction
725,725,0.035481338923400003,27.1838293126,13.683008088199999,-5684.0643405299998,5684.0643405299998,84.431284207399997,4.4359379988867085,0.00014025950176099999,contraction
726,726,0.035318316979200001,27.313919958,13.6837975515,-5723.5683737299996,5723.5683737299996,85.018078454399998,4.4428639215743182,0.000138330309866,contraction
727,727,0.035156044052799998,27.444611074499999,13.6845815658,-5763.3475075099996,5763.3475075099996,85.608959054799996,4.4497899395261671,0.00013642762332899999,contraction
728,728,0.034994516702800002,27.575905433700001,13.685360168800001,-5803.4036629900002,5803.4036629900002,86.203954544799998,4.456716053007149,0.00013455107837499999,contraction
729,729,0.034833731503600002,27.707805820200001,13.686133397700001,-5843.7387747700004,5843.7387747700004,86.803093661099993,4.463642262288082,0.00013270031621500001,contraction
730,730,0.034673685045300003,27.840315031300001,13.6869012896,-5884.3547910300003,5884.3547910300003,87.406405341999999,4.4705685676419842,0.00013087498297899999,contraction
731,731,0.034514373933599997,27.973435877,13.687663881100001,-5925.25367362,5925.25367362,88.013918729099998,4.4774949693472026,0.00012907472964500001,contraction
732,732,0.034355794789999998,28.1071711807,13.688421208799999,-5966.4373981799999,5966.4373981799999,88.625663168399996,4.484421467683533,0.00012729921198,contraction
733,733,0.034197944251399999,28.241523778400001,13.689173308999999,-6007.9079541999999,6007.9079541999999,89.241668211900006,4.4913480629339846,0.00012554809046399999,contraction
734,734,0.034040818970100001,28.3764965196,13.689920217599999,-6049.6673451400002,6049.6673451400002,89.861963619299999,4.4982747553874605,0.00012382103023599999,contraction
735,735,0.033884415613900001,28.512092266700002,13.690661970500001,-6091.7175885500001,6091.7175885500001,90.486579358900002,4.5052015453323868,0.00012211770102400001,contraction
736,736,0.033728730865900003,28.648313895200001,13.6913986031,-6134.0607161199996,6134.0607161199996,91.115545609700007,4.5121284330636442,0.000120437777083,contraction
737,737,0.033573761424299998,28.785164294299999,13.692130150800001,-6176.6987738099997,6176.6987738099997,91.748892762599993,4.5190554188793,0.000118780937133,contraction
738,738,0.033419504002599999,28.9226463661,13.692856648499999,-6219.6338219500003,6219.6338219500003,92.386651421699995,4.5259825030784286,0.000117146864303,contraction
739,739,0.0332659553294,29.060763026299998,13.693578131000001,-6262.8679353500002,6262.8679353500002,93.028852406300004,4.5329096859664473,0.000115535246061,contraction
740,740,0.033113112148299997,29.199517203999999,13.694294633,-6306.4032033699996,6306.4032033699996,93.675526751899994,4.539836967849423,0.000113945774164,contraction
741,741,0.032960971217700002,29.3389118419,13.695006188600001,-6350.2417300699999,6350.2417300699999,94.326705712099994,4.5467643490380514,0.000112378144593,contraction
742,742,0.032809529311299997,29.478949896300001,13.6957128321,-6394.3856342700001,6394.3856342700001,94.982420759899995,4.5536918298450386,0.000110832057499,contraction
743,743,0.032658783217199998,29.619634336899999,13.6964145971,-6438.8370496699999,6438.8370496699999,95.642703589700005,4.5606194105897861,0.00010930721714399999,contraction
744,744,0.032508729738499997,29.7609681474,13.6971115174,-6483.5981249799997,6483.5981249799997,96.307586118100005,4.5675470915903116,0.000107803331844,contraction
745,745,0.032359365692999999,29.902954325100001,13.697803626300001,-6528.6710239800004,6528.6710239800004,96.977100486300003,4.5744748731718881,0.000106320113917,contraction
746,746,0.032210687912799997,30.045595881299999,13.698490956900001,-6574.0579256600004,6574.0579256600004,97.651279060999997,4.5814027556598438,0.000104857279623,contraction
747,747,0.032062693245099999,30.188895840899999,13.699173542300001,-6619.7610243400004,6619.7610243400004,98.330154436499996,4.5883307393847499,0.00010341454911599999,contraction
748,748,0.031915378550999997,30.332857243199999,13.699851414999999,-6665.7825297299996,6665.7825297299996,99.013759436100003,4.5952588246802106,0.000101991646386,contraction
749,749,0.031768740706500001,30.477483141,13.7005246075,-6712.1246670700002,6712.1246670700002,99.7021271136,4.6021870118816262,0.000100588299208,contraction
750,750,0.031622776601700001,30.6227766017,13.7011931521,-6758.7896772499998,6758.7896772499998,100.395290755,4.6091153013268853,9.9204239090700005e-05,contraction
751,751,0.031477483140999997,30.768740706500001,13.7018570808,-6805.7798169099997,6805.7798169099997,101.093283881,4.6160436933648299,9.7839201224699998e-05,contraction
752,752,0.0313328572432,30.915378551,13.702516425500001,-6853.0973585299998,6853.0973585299998,101.796140247,4.6229721883386894,9.6492924432600006e-05,contraction
753,753,0.0311888958409,31.0626932451,13.7031712176,-6900.7445905799996,6900.7445905799996,102.50389384499999,4.6299007865886166,9.5165151119099996e-05,contraction
754,754,0.0310455958813,31.210687912800001,13.703821488499999,-6948.7238176000001,6948.7238176000001,103.216578908,4.6368294884782344,9.3855627221699995e-05,contraction
755,755,0.030902954325099999,31.359365693000001,13.7044672695,-6997.0373603400003,6997.0373603400003,103.93422990800001,4.6437582943583848,9.2564102162499994e-05,contraction
756,756,0.030760968147400002,31.508729738500001,13.7051085914,-7045.6875558700003,7045.6875558700003,104.65688156,4.6506872045895875,9.1290328800799997e-05,contraction
757,757,0.030619634336900001,31.6587832172,13.705745485,-7094.6767576700004,7094.6767576700004,105.384568823,4.6576162195349884,9.0034063385399996e-05,contraction
758,758,0.030478949896300001,31.8095293113,13.706377980799999,-7144.0073357900001,7144.0073357900001,106.117326901,4.664545339553487,8.8795065508499998e-05,contraction
759,759,0.030338911841900001,31.960971217699999,13.707006109,-7193.6816769200004,7193.6816769200004,106.855191246,4.6714745650117377,8.7573098060199998e-05,contraction
760,760,0.030199517204,32.113112148299997,13.707629899800001,-7243.7021845500003,7243.7021845500003,107.59819756,4.6784038962862642,8.6367927182699996e-05,contraction
761,761,0.030060763026300001,32.265955329400001,13.7082493831,-7294.0712790500002,7294.0712790500002,108.346381796,4.6853333337561205,8.5179322226299996e-05,contraction
762,762,0.029922646366100002,32.4195040026,13.708864588499999,-7344.7913978400002,7344.7913978400002,109.099780158,4.6922628777865825,8.4007055705300003e-05,contraction
763,763,0.0297851642943,32.573761424300002,13.7094755455,-7395.8649954599996,7395.8649954599996,109.85842910700001,4.6991925287680036,8.2850903254399994e-05,contraction
764,764,0.0296483138952,32.728730865899998,13.7100822834,-7447.2945437199996,7447.2945437199996,110.622365358,4.7061222870716071,8.1710643586399996e-05,contraction
765,765,0.029512092266699999,32.884415613900003,13.7106848312,-7499.0825318099996,7499.0825318099996,111.391625887,4.7130521530967435,8.0586058449800003e-05,contraction
766,766,0.0293764965196,33.040818970099998,13.7112832179,-7551.2314664400001,7551.2314664400001,112.166247928,4.7199821272269409,7.9476932586999998e-05,contraction
767,767,0.029241523778399999,33.197944251400003,13.711877471999999,-7603.7438719299998,7603.7438719299998,112.94626897800001,4.7269122098584671,7.8383053693800001e-05,contraction
768,768,0.029107171180700001,33.355794789999997,13.7124676222,-7656.6222903999997,7656.6222903999997,113.731726796,4.7338424013748543,7.7304212378500003e-05,contraction
769,769,0.028973435876999999,33.514373933599998,13.713053696599999,-7709.8692818099998,7709.8692818099998,114.52265941,4.7407727021922073,7.6240202122099997e-05,contraction
770,770,0.028840315031299999,33.673685045299997,13.713635723299999,-7763.48742416,7763.48742416,115.319105112,4.7477031126984688,7.5190819239099997e-05,contraction
771,771,0.028707805820200001,33.833731503599999,13.714213730299999,-7817.4793135800001,7817.4793135800001,116.121102466,4.7546336333070194,7.4155862838600004e-05,contraction
772,772,0.028575905433700002,33.994516702799999,13.714787745200001,-7871.8475644700002,7871.8475644700002,116.92869030599999,4.7615642644224332,7.3135134785800004e-05,contraction
773,773,0.028444611074500002,34.156044052799999,13.715357795499999,-7926.59480962,7926.59480962,117.74190774,4.7684950064584868,7.2128439664499995e-05,contraction
774,774,0.028313919957999999,34.318316979199999,13.715923908600001,-7981.7237003700002,7981.7237003700002,118.56079415000001,4.7754258598215644,7.1135584739799999e-05,contraction
775,775,0.028183829312599998,34.481338923400003,13.7164861116,-8037.2369066900001,8037.2369066900001,119.38538919600001,4.7823568249281472,7.0156379921400001e-05,contraction
776,776,0.0280543363795,34.645113342599998,13.7170444314,-8093.1371173699999,8093.1371173699999,120.215732819,4.7892879022131361,6.9190637727100003e-05,contraction
777,777,0.0279254384124,34.809643710300001,13.7175988948,-8149.4270401000003,8149.4270401000003,121.051865237,4.7962190920798928,6.8238173247300003e-05,contraction
778,778,0.027797132677599999,34.9749335156,13.7181495284,-8206.1094016700008,8206.1094016700008,121.893826956,4.8031503949752699,6.7298804109800005e-05,contraction
779,779,0.027669416454099999,35.140986263999999,13.718696358500001,-8263.1869480200003,8263.1869480200003,122.741658762,4.8100818113066532,6.63723504447e-05,contraction
780,780,0.0275422870334,35.307805477000002,13.7192394114,-8320.6624444600002,8320.6624444600002,123.595401733,4.8170133415241052,6.5458634850500006e-05,contraction
781,781,0.027415741719299998,35.475394692599998,13.7197787131,-8378.5386757600008,8378.5386757600008,124.455097232,4.8239449860463566,6.4557482360000004e-05,contraction
782,782,0.027289777828099999,35.643757464799997,13.720314289399999,-8436.81844628,8436.81844628,125.32078691700001,4.8308767453253685,6.3668720407099996e-05,contraction
783,783,0.027164392688399999,35.812897364299999,13.720846166099999,-8495.5045801399992,8495.5045801399992,126.192512737,4.8378086197971841,6.2792178793600006e-05,contraction
784,784,0.027039583641099998,35.982817978,13.721374368499999,-8554.5999213699997,8554.5999213699997,127.070316937,4.8447406099055099,6.1927689657299996e-05,contraction
785,785,0.026915348039299999,36.153522909700001,13.721898922099999,-8614.1073340099992,8614.1073340099992,127.95424206,4.8516727161007633,6.1075087439399993e-05,contraction
786,786,0.026791683248199999,36.325015779600001,13.722419852,-8674.0297022600007,8674.0297022600007,128.844330947,4.8586049388235182,6.02342088532e-05,contraction
787,787,0.026668586645199999,36.497300224500002,13.722937183200001,-8734.3699306500002,8734.3699306500002,129.74062674300001,4.8655372785347639,5.9404892852900001e-05,contraction
788,788,0.026546055619799998,36.6703798984,13.723450940399999,-8795.1309441899994,8795.1309441899994,130.64317289600001,4.8724697356912214,5.85869806031e-05,contraction
789,789,0.0264240875732,36.844258471700002,13.723961148300001,-8856.3156884599994,8856.3156884599994,131.55201315900001,4.8794023107443492,5.7780315447899998e-05,contraction
790,790,0.026302679919,37.0189396321,13.7244678313,-8917.9271298099993,8917.9271298099993,132.467191595,4.8863350041619364,5.69847428819e-05,contraction
791,791,0.0261818300822,37.194427083999997,13.724971013799999,-8979.9682554899991,8979.9682554899991,133.38875257699999,4.8932678164111971,5.6200110520000003e-05,contraction
792,792,0.0260615355,37.370724549199998,13.725470719800001,-9042.4420738099998,9042.4420738099998,134.31674079000001,4.9002007479573271,5.5426268068500002e-05,contraction
793,793,0.025941793621199999,37.547835766600002,13.7259669734,-9105.3516142600001,9105.3516142600001,135.251201235,4.9071337992767985,5.4663067296600003e-05,contraction
794,794,0.025822601906300001,37.7257644922,13.726459798300001,-9168.6999276900005,9168.6999276900005,136.19217922799999,4.9140669708332698,5.3910362008199998e-05,contraction
795,795,0.025703957827699998,37.904514499400001,13.7269492181,-9232.4900864400006,9232.4900864400006,137.13972040600001,4.9210002631054159,5.3168008013399999e-05,contraction
796,796,0.0255858588691,38.084089579199997,13.7274352564,-9296.7251845299998,9296.7251845299998,138.09387072800001,4.9279336765772932,5.24358631018e-05,contraction
797,797,0.025468302525899999,38.264493539999997,13.727917936400001,-9361.4083377700008,9361.4083377700008,139.05467647699999,4.9348672117361625,5.1713787014800001e-05,contraction
798,798,0.025351286305000002,38.445730207499999,13.728397281199999,-9426.5426839400006,9426.5426839400006,140.02218426100001,4.9418008690631448,5.1001641419200002e-05,contraction
799,799,0.025234807724799999,38.627803425499998,13.728873313899999,-9492.1313829299997,9492.1313829299997,140.996441017,4.9487346490454245,5.0299289880300002e-05,contraction
800,800,0.025118864315099999,38.810717055300003,13.729346057300001,-9558.1776169299992,9558.1776169299992,141.977494014,4.9556685521807857,4.9606597836500003e-05,contraction
801,801,0.025003453617000002,38.994474976100001,13.729815534,-9624.6845905600003,9624.6845905600003,142.96539085200001,4.9626025789538675,4.8923432573000002e-05,contraction
802,802,0.024888573182800001,39.179081084899998,13.730281766599999,-9691.6555310099993,9691.6555310099993,143.96017947000001,4.9695367298757933,4.8249663197099998e-05,contraction
803,803,0.0247742205763,39.364539296799997,13.7307447774,-9759.0936882799997,9759.0936882799997,144.961908142,4.9764710054392705,4.7585160612800003e-05,contraction
804,804,0.024660393372299999,39.550853544799999,13.731204588700001,-9827.0023352499993,9827.0023352499993,145.97062548299999,4.983405406143925,4.6929797495899997e-05,contraction
805,805,0.024547089156900001,39.738027780400003,13.7316612224,-9895.3847678900001,9895.3847678900001,146.986380454,4.990339932513673,4.6283448270599999e-05,contraction
806,806,0.024434305526899999,39.926065973,13.7321147006,-9964.2443054399992,9964.2443054399992,148.00922235600001,4.9972745850389435,4.5645989084700001e-05,contraction
807,807,0.024322040090699999,40.114972110499998,13.732565044799999,-10033.584290500001,10033.584290500001,149.039200843,5.0042093642486298,4.5017297786099998e-05,contraction
808,808,0.0242102904674,40.304750198999997,13.7330122768,-10103.4080894,10103.4080894,150.07636591599999,5.0111442706523768,4.4397253899900001e-05,contraction
809,809,0.024099054286899999,40.495404263399998,13.733456417999999,-10173.719091999999,10173.719091999999,151.12076792900001,5.0180793047645142,4.3785738604999998e-05,contraction
810,810,0.023988329190200001,40.686938347000002,13.7338974897,-10244.5207121,10244.5207121,152.17245759299999,5.0250144671137589,4.31826347115e-05,contraction
811,811,0.0238781128291,40.879356511799998,13.734335513,-10315.8163879,10315.8163879,153.23148597599999,5.0319497582262835,4.2587826638499999e-05,contraction
812,812,0.023768402866200002,41.072662838399999,13.734770509000001,-10387.6095816,10387.6095816,154.29790450499999,5.0388851786223281,4.2001200391800003e-05,contraction
813,813,0.023659196974900001,41.266861426600002,13.7352024986,-10459.9037797,10459.9037797,155.37176497300001,5.0458207288450128,4.1422643542200002e-05,contraction
814,814,0.023550492839000001,41.461956394600001,13.7356315024,-10532.7024936,10532.7024936,156.45311953500001,5.0527564094175403,4.0852045204199997e-05,contraction
815,815,0.0234422881532,41.657951880200002,13.736057540999999,-10606.0092594,10606.0092594,157.542020716,5.0596922208782029,4.0289296014599998e-05,contraction
816,816,0.0233345806228,41.854852039699999,13.736480634899999,-10679.8276381,10679.8276381,158.63852141300001,5.0666281637760227,3.9734288111799998e-05,contraction
817,817,0.023227367963600001,42.052661049199997,13.736900804299999,-10754.161215800001,10754.161215800001,159.742674894,5.073564238647652,3.9186915115e-05,contraction
818,818,0.0231206479018,42.251383103499997,13.737318069500001,-10829.013604100001,10829.013604100001,160.854534804,5.0805004460386378,3.8647072104099998e-05,contraction
819,819,0.0230144181741,42.451022417200001,13.737732450399999,-10904.3884399,10904.3884399,161.97415516800001,5.0874367865051626,3.81146555996e-05,contraction
820,820,0.022908676527700001,42.651583223999999,13.738143966999999,-10980.2893859,10980.2893859,163.10159039000001,5.0943732605910768,3.7589563542799999e-05,contraction
821,821,0.022803420719999998,42.853069777499996,13.738552639,-11056.720130600001,11056.720130600001,164.23689526000001,5.1013098688544565,3.7071695276200001e-05,contraction
822,822,0.022698648518800001,43.055486350700001,13.7389584859,-11133.684388600001,11133.684388600001,165.38012495500001,5.1082466118566812,3.65609515246e-05,contraction
823,823,0.022594357702199998,43.258837236300003,13.7393615273,-11211.1859007,11211.1859007,166.53133504100001,5.115183490157837,3.6057234375699997e-05,contraction
824,824,0.0224905460584,43.463126746900002,13.7397617825,-11289.228434299999,11289.228434299999,167.69058147699999,5.1221205043241191,3.55604472619e-05,contraction
825,825,0.0223872113857,43.668359215099997,13.7401592706,-11367.815783,11367.815783,168.85792061699999,5.1290576549229652,3.5070494941499997e-05,contraction
826,826,0.0222843514927,43.8745389933,13.7405540109,-11446.9517677,11446.9517677,170.03340921200001,5.135994942518268,3.4587283480400001e-05,contraction
827,827,0.022181964198,44.081670454099999,13.740946022199999,-11526.6402358,11526.6402358,171.217104417,5.1429323676948764,3.4110720234700002e-05,contraction
828,828,0.022080047330200001,44.289757990399998,13.7413353233,-11606.885062400001,11606.885062400001,172.40906378899999,5.1498699310297535,3.3640713832399999e-05,contraction
829,829,0.021978598727799999,44.498806015,13.741721933000001,-11687.6901495,11687.6901495,173.609345289,5.1568076330872508,3.3177174156399999e-05,contraction
830,830,0.021877616239499999,44.7088189615,13.7421058697,-11769.059427100001,11769.059427100001,174.81800729400001,5.163745474471658,3.2720012327000001e-05,contraction
831,831,0.021777097723500002,44.919801283699996,13.742487151900001,-11850.996852599999,11850.996852599999,176.035108587,5.1706834557524957,3.2269140684999998e-05,contraction
832,832,0.021677041048200001,45.131757456000003,13.742865798,-11933.506411599999,11933.506411599999,177.26070837099999,5.17762157752815,3.1824472775000002e-05,contraction
833,833,0.0215774440915,45.3446919736,13.743241826,-12016.5921179,12016.5921179,178.494866266,5.1845598403915396,3.1385923328799999e-05,contraction
834,834,0.021478304741300001,45.558609352300003,13.743615254,-12100.258013500001,12100.258013500001,179.73764231199999,5.1914982449304423,3.0953408249399997e-05,contraction
835,835,0.021379620895,45.7735141287,13.743986099900001,-12184.5081691,12184.5081691,180.989096977,5.1984367917553307,3.0526844594500002e-05,contraction
836,836,0.021281390459800001,45.989410860500001,13.744354381699999,-12269.346684100001,12269.346684100001,182.24929115200001,5.2053754814545918,3.0106150560799999e-05,contraction
837,837,0.021183611352499999,46.206304126399999,13.7447201168,-12354.777687100001,12354.777687100001,183.518286163,5.2123143146441242,2.9691245468499999e-05,contraction
838,838,0.021086281499299999,46.424198525999998,13.745083322899999,-12440.8053356,12440.8053356,184.79614376699999,5.2192532919281751,2.9282049745900001e-05,contraction
839,839,0.020989398836200001,46.643098680500003,13.745444017500001,-12527.4338166,12527.4338166,186.08292615900001,5.2261924139207894,2.8878484914e-05,contraction
840,840,0.020892961308500001,46.863009232300001,13.7458022177,-12614.6673469,12614.6673469,187.378695972,5.2331316812288939,2.84804735716e-05,contraction
841,841,0.020796966871000001,47.083934845000002,13.7461579409,-12702.510173000001,12702.510173000001,188.683516285,5.2400710944783633,2.8087939380700001e-05,contraction
842,842,0.0207014134879,47.305880203999997,13.746511204200001,-12790.966571299999,12790.966571299999,189.99745062100001,5.2470106542862567,2.7700807051399999e-05,contraction
843,843,0.020606299132699998,47.528850016200003,13.7468620243,-12880.0408486,12880.0408486,191.320562954,5.2539503612811105,2.73190023281e-05,contraction
844,844,0.020511621788299999,47.752849010299997,13.7472104183,-12969.737342300001,12969.737342300001,192.65291770799999,5.2608902160807611,2.69424519751e-05,contraction
845,845,0.020417379446699999,47.977881936800003,13.747556402900001,-13060.060420199999,13060.060420199999,193.99457976599999,5.2678302193225015,2.65710837623e-05,contraction
846,846,0.020323570109399999,48.203953568099998,13.747899994599999,-13151.0144812,13151.0144812,195.34561446800001,5.2747703716355687,2.62048264519e-05,contraction
847,847,0.020230191786800002,48.431068698700003,13.7482412099,-13242.603955299999,13242.603955299999,196.706087618,5.2817106736603918,2.58436097844e-05,contraction
848,848,0.020137242498600001,48.659232144999997,13.748580065300001,-13334.833303900001,13334.833303900001,198.076065486,5.2886511260416844,2.5487364465400001e-05,contraction
849,849,0.020044720273699999,48.888448746000002,13.748916576999999,-13427.7070198,13427.7070198,199.45561480800001,5.2955917294116759,2.5136022152200001e-05,contraction
850,850,0.019952623149700002,49.118723362700003,13.749250761100001,-13521.2296279,13521.2296279,200.84480279499999,5.3025324844187205,2.47895154409e-05,contraction
851,851,0.019860949173600002,49.350060878800001,13.749582633799999,-13615.405684900001,13615.405684900001,202.24369713499999,5.3094733917199983,2.4447777853299999e-05,contraction
852,852,0.0197696964011,49.582466200299997,13.7499122109,-13710.239779899999,13710.239779899999,203.65236599299999,5.3164144519645715,2.41107438244e-05,contraction
853,853,0.0196788628971,49.815944256100003,13.7502395083,-13805.7365343,13805.7365343,205.07087801700001,5.3233556658062771,2.3778348689900001e-05,contraction
854,854,0.019588446735100001,50.050499997499998,13.750564541799999,-13901.900602399999,13901.900602399999,206.49930234199999,5.3302970339062758,2.3450528673400001e-05,contraction
855,855,0.019498445997599999,50.286138399099997,13.750887326799999,-13998.7366716,13998.7366716,207.93770859200001,5.3372385569257732,2.3127220874900002e-05,contraction
856,856,0.019408858775900002,50.522864458199997,13.751207878900001,-14096.249462100001,14096.249462100001,209.38616688499999,5.3441802355332229,2.2808363258199998e-05,contraction
857,857,0.019319683170200001,50.7606831951,13.7515262135,-14194.443727899999,14194.443727899999,210.84474783499999,5.3511220703969062,2.2493894639299999e-05,contraction
858,858,0.019230917289100001,50.999599653399997,13.751842346,-14293.3242565,14293.3242565,212.31352255600001,5.358064062187097,2.2183754674600001e-05,contraction
859,859,0.0191425592502,51.239618899900002,13.7521562914,-14392.8958695,14392.8958695,213.792562667,5.3650062115827035,2.1877883849599999e-05,contraction
860,860,0.019054607179599999,51.480746025000002,13.7524680649,-14493.163422400001,14493.163422400001,215.28194029299999,5.3719485192589342,2.15762234671e-05,contraction
861,861,0.018967059212099999,51.722986142300002,13.7527776814,-14594.131805200001,14594.131805200001,216.781728071,5.3788909858984093,2.1278715636400002e-05,contraction
862,862,0.018879913490999999,51.966344389200003,13.753085155899999,-14695.8059428,14695.8059428,218.291999154,5.3858336121925365,2.0985303262099999e-05,contraction
863,863,0.018793168167999998,52.210825926699997,13.753390503,-14798.1907947,14798.1907947,219.81282721100001,5.3927763988245063,2.0695930032900001e-05,contraction
864,864,0.018706821403699999,52.4564359397,13.753693737600001,-14901.2913556,14901.2913556,221.34428643499999,5.3997193464890083,2.0410540411200001e-05,contraction
865,865,0.018620871366600001,52.703179636999998,13.753994874,-15005.1126558,15005.1126558,222.88645154400001,5.4066624558796104,2.0129079622499999e-05,contraction
866,866,0.018535316234099999,52.951062251499998,13.754293926800001,-15109.6597611,15109.6597611,224.43939778699999,5.4136057276988119,1.9851493644499999e-05,contraction
867,867,0.018450154191799999,53.200089040199998,13.754590910399999,-15214.9377733,15214.9377733,226.003200945,5.4205491626454361,1.9577729197300001e-05,contraction
868,868,0.018365383433499999,53.4502652842,13.754885839,-15320.9518303,15320.9518303,227.57793733700001,5.427492761424392,1.9307733732799999e-05,contraction
869,869,0.018281002161399999,53.701596289400001,13.755178726800001,-15427.707106399999,15427.707106399999,229.16368382499999,5.4344365247515434,1.9041455424900001e-05,contraction
870,870,0.018197008586099999,53.954087385800001,13.7554695879,-15535.2088129,15535.2088129,230.76051781300001,5.4413804533322621,1.8778843159499999e-05,contraction
871,871,0.0181134009262,54.207743928100001,13.755758436300001,-15643.4621976,15643.4621976,232.36851725599999,5.4483245478837654,1.8519846524700001e-05,contraction
872,872,0.018030177408599999,54.462571295799997,13.756045285800001,-15752.472546000001,15752.472546000001,233.987760662,5.4552688091265065,1.82644158012e-05,contraction
873,873,0.017947336268300002,54.7185748932,13.7563301502,-15862.2451807,15862.2451807,235.618327096,5.4622132377842796,1.8012501952699999e-05,contraction
874,874,0.0178648757485,54.975760149499997,13.7566130432,-15972.785462399999,15972.785462399999,237.26029618300001,5.4691578345799821,1.7764056616800002e-05,contraction
875,875,0.017782794100399998,55.234132518999999,13.756893978400001,-16084.098789600001,16084.098789600001,238.913748115,5.4761026002481721,1.75190320954e-05,contraction
876,876,0.017701089583199998,55.493697481200002,13.757172969300001,-16196.1905991,16196.1905991,240.57876365000001,5.4830475355137329,1.7277381345800001e-05,contraction
877,877,0.0176197604641,55.754460540899998,13.757450029399999,-16309.0663666,16309.0663666,242.25542412300001,5.4899926411208293,1.7039057971600001e-05,contraction
878,878,0.017538805018400001,56.0164272281,13.757725171800001,-16422.731606400001,16422.731606400001,243.943811444,5.4969379178072559,1.6804016213900001e-05,contraction
879,879,0.017458221529199999,56.279603098599999,13.757998410000001,-16537.191871999999,16537.191871999999,245.64400810500001,5.5038833663163533,1.6572210942499999e-05,contraction
880,880,0.0173780082875,56.543993733699999,13.758269756900001,-16652.4527562,16652.4527562,247.356097183,5.5108289873921468,1.6343597647200002e-05,contraction
881,881,0.017298163592199999,56.809604740600001,13.7585392256,-16768.519891899999,16768.519891899999,249.080162347,5.5177747817906138,1.6118132429600001e-05,contraction
882,882,0.017218685749900001,57.076441752100003,13.758806829199999,-16885.398951499999,16885.398951499999,250.81628785699999,5.5247207502584734,1.58957719941e-05,contraction
883,883,0.017139573075100001,57.344510427400003,13.7590725804,-17003.0956482,17003.0956482,252.56455857500001,5.5316668935602387,1.5676473640399999e-05,contraction
884,884,0.01706082389,57.613816451399998,13.759336491999999,-17121.615735300002,17121.615735300002,254.32505996200001,5.5386132124489773,1.54601952547e-05,contraction
885,885,0.016982436524599999,57.884365535599997,13.7595985767,-17240.9650072,17240.9650072,256.09787808999999,5.5455597076967305,1.52468953018e-05,contraction
886,886,0.016904409316399999,58.156163417499997,13.7598588472,-17361.149299600002,17361.149299600002,257.88309964000001,5.5525063800692687,1.50365328173e-05,contraction
887,887,0.016826740610700001,58.429215861599999,13.760117315800001,-17482.174489500001,17482.174489500001,259.68081190800001,5.5594532303325579,1.48290673999e-05,contraction
888,888,0.0167494287603,58.703528658400003,13.7603739952,-17604.0464956,17604.0464956,261.49110281399999,5.5664002592703277,1.4624459203000001e-05,contraction
889,889,0.0166724721255,58.979107625600001,13.7606288975,-17726.771278699998,17726.771278699998,263.31406089900003,5.5733474676552044,1.44226689279e-05,contraction
890,890,0.016595869074399999,59.255958607399997,13.7608820351,-17850.354842100001,17850.354842100001,265.14977533500002,5.5802948562699379,1.42236578159e-05,contraction
891,891,0.016519617982299999,59.5340874754,13.7611334201,-17974.8032317,17974.8032317,266.99833592800002,5.5872424259014268,1.40273876406e-05,contraction
892,892,0.016443717232099999,59.813500127899999,13.7613830646,-18100.122536300001,18100.122536300001,268.85983312299999,5.5941901773422869,1.38338207013e-05,contraction
893,893,0.016368165214299998,60.094202490599997,13.7616309807,-18226.318888099999,18226.318888099999,270.73435800599998,5.6011381113811609,1.3642919815000001e-05,contraction
894,894,0.016292960326399999,60.376200516499999,13.761877180200001,-18353.3984628,18353.3984628,272.62200231200001,5.6080862288153064,1.34546483099e-05,contraction
895,895,0.016218100973599998,60.659500186099997,13.762121674999999,-18481.367480100002,18481.367480100002,274.522858429,5.6150345304479758,1.32689700182e-05,contraction
896,896,0.016143585568299999,60.944107507699997,13.7623644768,-18610.232203899999,18610.232203899999,276.4370194,5.6219830170785379,1.30858492688e-05,contraction
897,897,0.0160694125301,61.230028516899999,13.7626055973,-18739.9989427,18739.9989427,278.36457893300002,5.6289316895216253,1.2905250881e-05,contraction
898,898,0.0159955802861,61.517269277600001,13.762845048200001,-18870.6740498,18870.6740498,280.305631398,5.6358805485789896,1.27271401578e-05,contraction
899,899,0.015922087270499999,61.805835881299998,13.763082840899999,-19002.2639237,19002.2639237,282.26027184200001,5.6428295950761642,1.2551482878600001e-05,contraction
900,900,0.015848931924600001,62.095734448000002,13.7633189868,-19134.775008500001,19134.775008500001,284.22859598299999,5.649778829823604,1.2378245293300001e-05,contraction
901,901,0.015776112697000001,62.386971125700001,13.7635534974,-19268.2137941,19268.2137941,286.21070022399999,5.6567282536491819,1.22073941156e-05,contraction
902,902,0.0157036280433,62.679552090800001,13.763786383899999,-19402.5868166,19402.5868166,288.206681651,5.6636778673737052,1.20388965168e-05,contraction
903,903,0.0156314764264,62.973483548300003,13.7640176576,-19537.9006587,19537.9006587,290.21663804399998,5.6706276718321122,1.1872720119e-05,contraction
904,904,0.0155596563161,63.268771731699999,13.7642473295,-19674.1619498,19674.1619498,292.24066787700002,5.6775776678560277,1.17088329897e-05,contraction
905,905,0.015488166189100001,63.5654229035,13.764475410599999,-19811.377366699999,19811.377366699999,294.27887032500001,5.6845278562806998,1.1547203635000001e-05,contraction
906,906,0.015417004529499999,63.863443354799998,13.7647019121,-19949.553633399999,19949.553633399999,296.33134527099998,5.6914782379515243,1.13878009939e-05,contraction
907,907,0.015346169828,64.162839406100005,13.7649268447,-20088.6975222,20088.6975222,298.39819330699999,5.6984288137100698,1.12305944324e-05,contraction
908,908,0.0152756605824,64.463617406699996,13.765150219200001,-20228.815853399999,20228.815853399999,300.47951574400003,5.7053795844105055,1.1075553737299999e-05,contraction
909,909,0.0152054752973,64.765783735499994,13.7653720466,-20369.9154958,20369.9154958,302.57541461099999,5.7123305508988667,1.09226491108e-05,contraction
910,910,0.015135612484400001,65.069344800799996,13.765592337299999,-20512.0033673,20512.0033673,304.685992666,5.7192817140324417,1.07718511647e-05,contraction
911,911,0.015066070661899999,65.374307040199994,13.765811102100001,-20655.086435099998,20655.086435099998,306.81135339999997,5.7262330746754149,1.0623130914700001e-05,contraction
912,912,0.014996848355,65.680676921400007,13.766028351299999,-20799.171715799999,20799.171715799999,308.95160103900002,5.7331846336880909,1.04764597748e-05,contraction
913,913,0.0149279440958,65.988460941699998,13.766244095599999,-20944.2662762,20944.2662762,311.10684055299998,5.7401363919389343,1.03318095519e-05,contraction
914,914,0.0148593564229,66.297665628399997,13.7664583453,-21090.377233499999,21090.377233499999,313.277177661,5.7470883503032244,1.01891524404e-05,contraction
915,915,0.014791083881699999,66.608297539199995,13.766671110600001,-21237.5117555,21237.5117555,315.462718833,5.7540405096521248,1.00484610171e-05,contraction
916,916,0.0147231250243,66.920363261700004,13.7668824019,-21385.677061099999,21385.677061099999,317.6635713,5.7609928708672653,9.9097082353499996e-06,contraction
917,917,0.014655478409599999,67.233869414200001,13.767092229299999,-21534.880420699999,21534.880420699999,319.87984305700002,5.7679454348327077,9.7728674206299994e-06,contraction
918,918,0.014588142602799999,67.548822645300007,13.767300602900001,-21685.129156700001,21685.129156700001,322.11164286899998,5.7748982024364359,9.6379122648700003e-06,contraction
919,919,0.0145211161759,67.865229634399995,13.7675075327,-21836.430643299998,21836.430643299998,324.359080275,5.7818511745654924,9.5048168216800006e-06,contraction
920,920,0.0144543977075,68.183097091899995,13.767713028699999,-21988.792307700001,21988.792307700001,326.62226559800001,5.7888043521195494,9.3735555012900001e-06,contraction
921,921,0.014387985782599999,68.502431758900002,13.7679171007,-22142.221629899999,22142.221629899999,328.90130994700002,5.7957577359994845,9.2441030657200006e-06,contraction
922,922,0.0143218789927,68.823240407699998,13.768119758699999,-22296.726143299999,22296.726143299999,331.196325221,5.8027113271023287,9.1164346238800007e-06,contraction
923,923,0.014256075936,69.145529842000002,13.7683210124,-22452.313435,22452.313435,333.50742412,5.8096651263372863,8.9905256268400002e-06,contraction
924,924,0.0141905752169,69.469306896700004,13.7685208714,-22608.991146199998,22608.991146199998,335.83472014900002,5.816619134620133,8.8663518631500001e-06,contraction
925,925,0.0141253754462,69.794578438399995,13.768719345399999,-22766.7669728,22766.7669728,338.17832762,5.823573352861791,8.7438894541600006e-06,contraction
926,926,0.0140604752413,70.121351365300001,13.7689164439,-22925.6486654,22925.6486654,340.538361662,5.8305277819807486,8.6231148494700004e-06,contraction
927,927,0.013995873225699999,70.449632607599995,13.7691121765,-23085.644029999999,23085.644029999999,342.91493822699999,5.837482422903177,8.5040048224300007e-06,contraction
928,928,0.0139315680295,70.779429127100002,13.7693065525,-23246.7609285,23246.7609285,345.30817409299999,5.8444372765542179,8.3865364656700002e-06,contraction
929,929,0.0138675582887,71.110747918300007,13.7694995813,-23409.007278699999,23409.007278699999,347.71818687299998,5.851392343866773,8.2706871867500004e-06,contraction
930,930,0.013803842646,71.443596007500005,13.769691272299999,-23572.391055,23572.391055,350.14509501999999,5.8583476257783644,8.1564347037799993e-06,contraction
931,931,0.0137404197501,71.777980453699996,13.769881634600001,-23736.9202888,23736.9202888,352.58901782999999,5.8653031232223336,8.0437570412299994e-06,contraction
932,932,0.013677288256,72.113908348300001,13.7700706773,-23902.603068799999,23902.603068799999,355.05007545500001,5.8722588371474433,7.9326325256400005e-06,contraction
933,933,0.0136144468247,72.451386815700005,13.7702584097,-24069.447541500002,24069.447541500002,357.528388904,5.8792147685029716,7.82303978152e-06,contraction
934,934,0.0135518941235,72.790423012900007,13.7704448408,-24237.4619117,24237.4619117,360.02408004799997,5.8861709182354067,7.7149577272600005e-06,contraction
935,935,0.013489628825899999,73.131024130100002,13.770629979500001,-24406.6544426,24406.6544426,362.53727163100001,5.8931272873017049,7.60836557106e-06,contraction
936,936,0.0134276496114,73.473197390600006,13.7708138347,-24577.033456599998,24577.033456599998,365.06808727600003,5.9000838766681714,7.5032428069800002e-06,contraction
937,937,0.0133659551655,73.816950051099994,13.770996415400001,-24748.607335600002,24748.607335600002,367.61665148499998,5.9070406872929393,7.3995692109899996e-06,contraction
938,938,0.013304544179799999,74.162289401799995,13.7711777303,-24921.384521299999,24921.384521299999,370.18308965199998,5.913997720144164,7.2973248371199998e-06,contraction
939,939,0.0132434153519,74.509222766500002,13.7713577881,-25095.373515899999,25095.373515899999,372.76752807000003,5.9209549762012417,7.1964900136099998e-06,contraction
940,940,0.013182567385600001,74.8577575029,13.771536597500001,-25270.5828821,25270.5828821,375.37009393,5.9279124564345338,7.0970453391899999e-06,contraction
941,941,0.013121998990199999,75.207901002499995,13.771714167200001,-25447.021244299998,25447.021244299998,377.99091533699999,5.9348701618307782,6.9989716793100002e-06,contraction
942,942,0.0130617088813,75.559660691100007,13.7718905056,-25624.6972881,25624.6972881,380.63012130800001,5.9418280933700318,6.9022501625199997e-06,contraction
943,943,0.013001695780300001,75.9130440287,13.772065621399999,-25803.619761400001,25803.619761400001,383.287841786,5.9487862520451777,6.8068621768099998e-06,contraction
944,944,0.0129419584145,76.268058509599996,13.7722395229,-25983.797474800002,25983.797474800002,385.96420764300001,5.9557446388520088,6.7127893661e-06,contraction
945,945,0.012882495516899999,76.624711662899998,13.7724122184,-26165.2393018,26165.2393018,388.65935068499999,5.9627032547847216,6.62001362669e-06,contraction
946,946,0.0128233058266,76.9830110523,13.7725837165,-26347.954179299999,26347.954179299999,391.37340366400002,5.9696621008493658,6.5285171037799998e-06,contraction
947,947,0.012764388088099999,77.3429642766,13.772754025199999,-26531.951108400001,26531.951108400001,394.10650027999998,5.9766211780512313,6.43828218811e-06,contraction
948,948,0.012705741052099999,77.704578969500005,13.772923152800001,-26717.239154499999,26717.239154499999,396.85877519100001,5.9835804874027847,6.3492915125100003e-06,contraction
949,949,0.0126473634747,78.0678628,13.773091107400001,-26903.827447700001,26903.827447700001,399.63036401800002,5.9905400299186375,6.2615279486299997e-06,contraction
950,950,0.0125892541179,78.432823472400003,13.773257897200001,-27091.725183899998,27091.725183899998,402.42140335300002,5.9974998066180492,6.1749746036199998e-06,contraction
951,951,0.0125314117494,78.799468726800001,13.773423530300001,-27280.941624300001,27280.941624300001,405.23203076800002,6.0044598185296669,6.0896148169400004e-06,contraction
952,952,0.012473835142400001,79.167806338800006,13.7735880144,-27471.4860969,27471.4860969,408.06238481600002,6.0114200666763269,6.0054321571299999e-06,contraction
953,953,0.0124165230759,79.537844119900001,13.7737513577,-27663.367996199999,27663.367996199999,410.912605047,6.0183805520968683,5.9224104186700002e-06,contraction
954,954,0.0123594743344,79.909589917800005,13.773913567999999,-27856.596784099998,27856.596784099998,413.78283200700002,6.0253412758258262,5.8405336188900004e-06,contraction
955,955,0.0123026877081,80.283051616400002,13.7740746531,-28051.1819904,28051.1819904,416.67320725000002,6.032302238905034,5.7597859948799996e-06,contraction
956,956,0.012246161992700001,80.658237135899995,13.7742346207,-28247.1332129,28247.1332129,419.58387334499997,6.0392634423827021,5.6801520005200001e-06,contraction
957,957,0.012189895989200001,81.035154433000002,13.7743934786,-28444.460118399998,28444.460118399998,422.51497388199999,6.0462248873100348,5.6016163034600001e-06,contraction
958,958,0.0121338885046,81.413811501300003,13.774551234500001,-28643.172442800002,28643.172442800002,425.466653479,6.0531865747402085,5.52416378217e-06,contraction
959,959,0.0120781383511,81.794216371199994,13.774707895900001,-28843.279992100001,28843.279992100001,428.43905779200003,6.0601485057342686,5.4477795231e-06,contraction
960,960,0.0120226443462,82.176377110299995,13.7748634704,-29044.792642199998,29044.792642199998,431.43233352200002,6.0671106813596882,5.3724488177700003e-06,contraction
961,961,0.011967405313099999,82.560301823100005,13.7750179655,-29247.720340100001,29247.720340100001,434.44662841899998,6.0740731026819628,5.2981571599899999e-06,contraction
962,962,0.011912420080299999,82.945998651899998,13.7751713886,-29452.073103999999,29452.073103999999,437.48209129399999,6.0810357707747,5.2248902430300002e-06,contraction
963,963,0.0118576874817,83.333475776399993,13.7753237473,-29657.861024000002,29657.861024000002,440.53887202599998,6.0879986867178131,5.1526339569400003e-06,contraction
964,964,0.0118032063565,83.7227414141,13.775475048700001,-29865.094262499999,29865.094262499999,443.61712156900001,6.0949618515956647,5.0813743858199998e-06,contraction
965,965,0.011748975549399999,84.113803820200005,13.7756253002,-30073.783054799998,30073.783054799998,446.716991957,6.10192526649067,5.0110978051199997e-06,contraction
966,966,0.011694993910199999,84.506671288500002,13.7757745091,-30283.9377098,30283.9377098,449.83863631899999,6.1088889324992692,4.9417906790900002e-06,contraction
967,967,0.0116412602941,84.901352150500003,13.775922682599999,-30495.568610099999,30495.568610099999,452.98220887999997,6.1158528507162053,4.87343965808e-06,contraction
968,968,0.0115877735616,85.297854776700007,13.776069827700001,-30708.686213199999,30708.686213199999,456.14786497300003,6.1228170222434253,4.8060315761000003e-06,contraction
969,969,0.0115345325782,85.696187575799996,13.776215951599999,-30923.3010512,30923.3010512,459.33576104500003,6.1297814481854314,4.7395534481899997e-06,contraction
970,970,0.011481536214999999,86.096358995599999,13.776361061399999,-31139.423732200001,31139.423732200001,462.54605466800001,6.1367461296554939,4.6739924680099999e-06,contraction
971,971,0.0114287833479,86.498377522699997,13.776505164,-31357.064940299999,31357.064940299999,465.77890454300001,6.1437110677664561,4.6093360053299999e-06,contraction
972,972,0.0113762728582,86.902251683100005,13.776648266500001,-31576.235436300001,31576.235436300001,469.03447051199998,6.1506762636388315,4.5455716036600002e-06,contraction
973,973,0.0113240036324,87.307990041899998,13.776790375599999,-31796.946058199999,31796.946058199999,472.31291356600002,6.1576417183999812,4.4826869778099998e-06,contraction
974,974,0.011271974561799999,87.715601203800006,13.7769314983,-32019.207722200001,32019.207722200001,475.614395849,6.1646074331747673,4.4206700115999996e-06,contraction
975,975,0.011220184543,88.125093813399999,13.777071641399999,-32243.0314225,32243.0314225,478.93908067299998,6.1715734090994427,4.3595087554599999e-06,contraction
976,976,0.0111686324778,88.536476554999993,13.7772108116,-32468.428232499999,32468.428232499999,482.28713252300003,6.1785396473140901,4.2991914242100003e-06,contraction
977,977,0.011117317272799999,88.949758153000005,13.7773490157,-32695.4093053,32695.4093053,485.65871706500002,6.185506148961422,4.2397063947499998e-06,contraction
978,978,0.0110662378398,89.364947372200007,13.7774862603,-32923.985873999998,32923.985873999998,489.05400115600003,6.1924729151895894,4.1810422038899997e-06,contraction
979,979,0.0110153930954,89.782053017799996,13.7776225521,-33154.169252300002,33154.169252300002,492.47315285399998,6.1994399471547386,4.1231875460699998e-06,contraction
980,980,0.010964781961399999,90.201083935599996,13.777757897600001,-33385.970835599997,33385.970835599997,495.91634142200002,6.2064072460112323,4.0661312712899999e-06,contraction
981,981,0.010914403364499999,90.622049012199994,13.7778923034,-33619.402101,33619.402101,499.38373734300001,6.2133748129241724,4.0098623828799999e-06,contraction
982,982,0.0108642562362,91.044957175299999,13.7780257759,-33854.474608099998,33854.474608099998,502.87551232499999,6.2203426490613793,3.9543700354600003e-06,contraction
983,983,0.010814339512999999,91.4698173938,13.778158321599999,-34091.199999900004,34091.199999900004,506.39183931100001,6.2273107555954565,3.8996435328399999e-06,contraction
984,984,0.0107646521363,91.896638678000002,13.778289946899999,-34329.590002899997,34329.590002899997,509.93289248899998,6.2342791337056207,3.8456723259399996e-06,contraction
985,985,0.010715193052400001,92.325430079699998,13.7784206582,-34569.656428100003,34569.656428100003,513.49884729799999,6.2412477845715459,3.7924460108400002e-06,contraction
986,986,0.0106659612123,92.756200692600004,13.7785504617,-34811.411171400003,34811.411171400003,517.08988044199998,6.2482167093827981,3.7399543266900001e-06,contraction
987,987,0.010616955572,93.188959652299999,13.7786793638,-35054.866214399997,35054.866214399997,520.70616989600001,6.2551859093323756,3.6881871538199999e-06,contraction
988,988,0.0105681750921,93.623716136599995,13.778807370699999,-35300.033624999996,35300.033624999996,524.34789491499998,6.2621553856161141,3.6371345117799998e-06,contraction
989,989,0.010519618738200001,94.060479365600003,13.778934488499999,-35546.925557800001,35546.925557800001,528.01523604700003,6.2691251394395522,3.5867865574099999e-06,contraction
990,990,0.010471285480499999,94.499258602099999,13.779060723300001,-35795.554255100004,35795.554255100004,531.70837513599997,6.2760951720055713,3.53713358295e-06,contraction
991,991,0.0104231742939,94.9400631516,13.779186081400001,-36045.932047299997,36045.932047299997,535.42749533999995,6.2830654845304359,3.4881660141999998e-06,contraction
992,992,0.0103752841582,95.382902362400003,13.7793105687,-36298.071353500003,36298.071353500003,539.17278113400005,6.2900360782312044,3.4398744087000001e-06,contraction
993,993,0.0103276140576,95.827785626099995,13.7794341912,-36551.984682499999,36551.984682499999,542.94441832200005,6.297006954330115,3.3922494538699999e-06,contraction
994,994,0.0102801629813,96.274722377700002,13.779556955,-36807.684632999997,36807.684632999997,546.74259404700001,6.3039781140549866,3.3452819652400001e-06,contraction
995,995,0.0102329299228,96.723722095599996,13.779678865899999,-37065.1838947,37065.1838947,550.56749679899997,6.3109495586358451,3.2989628847299998e-06,contraction
996,996,0.010185913880500001,97.174794301999995,13.779799929799999,-37324.495248500003,37324.495248500003,554.41931643099997,6.317921289315982,3.2532832788700002e-06,contraction
997,997,0.0101391138574,97.627948563100006,13.779920152700001,-37585.631567700002,37585.631567700002,558.29824415899998,6.3248933073337588,3.2082343370900002e-06,contraction
998,998,0.010092528860800001,98.083194489299999,13.780039540200001,-37848.605818199998,37848.605818199998,562.20447258199999,6.3318656139406091,3.1638073700499999e-06,contraction
999,999,0.0100461579028,98.540541735199994,13.780158098199999,-38113.431059499999,38113.431059499999,566.13819568400004,6.3388382103863616,3.1199938079599999e-06,contraction
1000,1000,0.01,99,13.780275832399999,-38380.120445200002,38380.120445200002,570.09960885199996,6.3458110979331082,3.0767851989500002e-06,contraction
1001,1001,0.0099540541735200008,99.461579027799999,13.780392748600001,-38648.687224000001,38648.687224000001,574.08890887999996,6.3527842778439672,3.0341732074300001e-06,contraction
1002,1002,0.0099083194489299996,99.925288607699997,13.780508852200001,-38919.144740000003,38919.144740000003,578.10629398000003,6.3597577513842927,2.9921496124999998e-06,contraction
1003,1003,0.0098627948563099997,100.391138574,13.780624148999999,-39191.506433399998,39191.506433399998,582.15196379899999,6.3667315198329995,2.95070630639e-06,contraction
1004,1004,0.0098174794301999994,100.859138805,13.7807386446,-39465.785841899997,39465.785841899997,586.22611942000003,6.3737055844659993,2.90983529287e-06,contraction
1005,1005,0.0097723722095599992,101.329299228,13.7808523443,-39741.996600300001,39741.996600300001,590.32896338099999,6.3806799465706678,2.8695286857499998e-06,contraction
1006,1006,0.0097274722377700008,101.80162981300001,13.7809652539,-40020.152442400002,40020.152442400002,594.46069967899996,6.3876546074343503,2.8297787073499999e-06,contraction
1007,1007,0.0096827785626099998,102.276140576,13.781077378699999,-40300.267200800001,40300.267200800001,598.62153378599999,6.3946295683532552,2.7905776870100001e-06,contraction
1008,1008,0.0096382902362400005,102.752841582,13.7811887241,-40582.354808099997,40582.354808099997,602.81167265800002,6.4016048306292257,2.7519180596300001e-06,contraction
1009,1009,0.0095940063151599992,103.231742939,13.7812992955,-40866.429297499999,40866.429297499999,607.03132474400002,6.4085803955665135,2.7137923642099998e-06,contraction
1010,1010,0.0095499258602099995,103.71285480500001,13.781409098299999,-41152.504803600001,41152.504803600001,611.28070000000002,6.4155562644767263,2.6761932424e-06,contraction
1011,1011,0.0095060479365599998,104.19618738200001,13.781518137799999,-41440.595563199997,41440.595563199997,615.56000989899997,6.4225324386769422,2.6391134371399999e-06,contraction
1012,1012,0.0094623716136600002,104.681750921,13.7816264192,-41730.715915799999,41730.715915799999,619.86946744199997,6.4295089194893702,2.6025457912100001e-06,contraction
1013,1013,0.0094188959652300001,105.16955572000001,13.781733947899999,-42022.880304699996,42022.880304699996,624.20928716799995,6.4364857082392923,2.56648324589e-06,contraction
1014,1014,0.00937562006926,105.659612123,13.781840728900001,-42317.103277499999,42317.103277499999,628.57968516999995,6.4434628062624961,2.5309188396100001e-06,contraction
1015,1015,0.0093325430079700001,106.15193052399999,13.781946767399999,-42613.399487000002,42613.399487000002,632.98087910000004,6.4504402148948925,2.4958457065800002e-06,contraction
1016,1016,0.0092896638678000003,106.64652136300001,13.782052068700001,-42911.783691999997,42911.783691999997,637.41308818699997,6.4574179354828081,2.4612570755299998e-06,contraction
1017,1017,0.0092469817393799995,107.14339513,13.7821566377,-43212.2707581,43212.2707581,641.87653324200005,6.4643959693724726,2.4271462683500001e-06,contraction
1018,1018,0.0092044957175300007,107.64256236200001,13.7822604796,-43514.875658199999,43514.875658199999,646.37143667600003,6.4713743179199099,2.3935066988500001e-06,contraction
1019,1019,0.0091622049012199999,108.14403364499999,13.7823635993,-43819.613473799996,43819.613473799996,650.89802250900004,6.478352982486463,2.3603318714700001e-06,contraction
1020,1020,0.0091201083935600006,108.647819614,13.7824660019,-44126.499395300001,44126.499395300001,655.45651638000004,6.4853319644358818,2.3276153800699999e-06,contraction
1021,1021,0.0090782053017799992,109.153930954,13.782567692300001,-44435.548723200001,44435.548723200001,660.04714556299996,6.4923112651404917,2.2953509066600001e-06,contraction
1022,1022,0.0090364947372199994,109.662378398,13.7826686754,-44746.7768688,44746.7768688,664.67013897699997,6.4992908859779419,2.2635322202000001e-06,contraction
1023,1023,0.0089949758152999999,110.173172728,13.7827689561,-45060.199354700002,45060.199354700002,669.325727196,6.5062708283279465,2.2321531754399998e-06,contraction
1024,1024,0.0089536476555000001,110.686324778,13.782868539300001,-45375.831816099999,45375.831816099999,674.01414246800005,6.5132510935823769,2.20120771167e-06,contraction
1025,1025,0.0089125093813400003,111.20184543000001,13.782967429799999,-45693.690001499999,45693.690001499999,678.73561871799996,6.5202316831312288,2.1706898516300002e-06,contraction
1026,1026,0.0088715601203799999,111.719745618,13.7830656323,-46013.7897734,46013.7897734,683.49039157000004,6.527212598376825,2.1405937003200001e-06,contraction
1027,1027,0.0088307990041899993,112.240036324,13.7831631517,-46336.147109099998,46336.147109099998,688.27869835199999,6.5341938407225948,2.1109134438900001e-06,contraction
1028,1028,0.0087902251683100001,112.76272858199999,13.7832599927,-46660.778101900003,46660.778101900003,693.10077811199994,6.541175411578048,2.0816433484899999e-06,contraction
1029,1029,0.0087498377522699997,113.287833479,13.7833561598,-46987.698961599999,46987.698961599999,697.95687163299999,6.5481573123619814,2.0527777592199998e-06,contraction
1030,1030,0.0087096358995599997,113.81536215,13.783451657900001,-47316.926015500001,47316.926015500001,702.84722144099999,6.5551395444954359,2.02431109901e-06,contraction
1031,1031,0.0086696187575799992,114.345325782,13.783546491499999,-47648.475709300001,47648.475709300001,707.77207182100005,6.5621221094061273,1.99623786756e-06,contraction
1032,1032,0.00862978547767,114.877735616,13.7836406652,-47982.364608000003,47982.364608000003,712.731668829,6.5691050085269334,1.96855264027e-06,contraction
1033,1033,0.0085901352150500009,115.412602941,13.7837341835,-48318.609396599997,48318.609396599997,717.72626030699996,6.5760882432984831,1.9412500672300001e-06,contraction
1034,1034,0.0085506671288499998,115.949939102,13.783827051099999,-48657.226881399998,48657.226881399998,722.75609589400005,6.5830718151659715,1.91432487217e-06,contraction
1035,1035,0.0085113803820199996,116.48975549399999,13.7839192723,-48998.233990399996,48998.233990399996,727.82142703900001,6.5900557255787069,1.8877718514600001e-06,contraction
1036,1036,0.0084722741414100002,117.032063565,13.7840108517,-49341.647774500001,49341.647774500001,732.92250701800003,6.5970399759950018,1.8615858730799999e-06,contraction
1037,1037,0.0084333475776400008,117.576874817,13.7841017938,-49687.485408400004,49687.485408400004,738.05959094299999,6.6040245678758769,1.83576187569e-06,contraction
1038,1038,0.0083945998651900004,118.12420080299999,13.784192102800001,-50035.764191399998,50035.764191399998,743.23293578100004,6.6110095026923466,1.8102948676e-06,contraction
1039,1039,0.0083560301823100008,118.67405313099999,13.784281783200001,-50386.501548499997,50386.501548499997,748.44280036099997,6.6179947819162201,1.78517992586e-06,contraction
1040,1040,0.0083176377110299998,119.22644346200001,13.784370839299999,-50739.715031200001,50739.715031200001,753.68944539400002,6.6249804070284046,1.7604121952800001e-06,contraction
1041,1041,0.0082794216371199995,119.781383511,13.7844592755,-51095.4223184,51095.4223184,758.97313348499995,6.6319663795161681,1.7359868875299999e-06,contraction
1042,1042,0.0082413811501299995,120.338885046,13.784547096000001,-51453.641217600001,51453.641217600001,764.29412914500006,6.6389527008703899,1.7118992801900001e-06,contraction
1043,1043,0.0082035154433000006,120.89895989199999,13.784634305000001,-51814.3896656,51814.3896656,769.65269880799997,6.6459393725892717,1.68814471585e-06,contraction
1044,1044,0.0081658237135900005,121.461619927,13.784720906900001,-52177.685729500001,52177.685729500001,775.04911084499997,6.6529263961778851,1.66471860125e-06,contraction
1045,1045,0.0081283051616400006,122.02687708099999,13.7848069058,-52543.5476079,52543.5476079,780.48363557599998,6.6599137731450373,1.6416164063299999e-06,contraction
1046,1046,0.0080909589917800007,122.59474334399999,13.7848923059,-52911.993631400001,52911.993631400001,785.95654528800003,6.6669015050077558,1.6188336634499999e-06,contraction
1047,1047,0.0080537844119900007,123.165230759,13.7849771112,-53283.042264299998,53283.042264299998,791.46811424600003,6.6738895932866011,1.59636596644e-06,contraction
1048,1048,0.00801678063388,123.738351424,13.785061325999999,-53656.712104899998,53656.712104899998,797.01861871300002,6.6808780395123328,1.57420896982e-06,contraction
1049,1049,0.0079799468726799994,124.314117494,13.7851449543,-54033.021886800001,54033.021886800001,802.608336958,6.6878668452171928,1.5523583879500001e-06,contraction
1050,1050,0.0079432823472400001,124.89254117900001,13.7852280002,-54411.990480100001,54411.990480100001,808.23754927599998,6.6948560119412681,1.53080999417e-06,contraction
1051,1051,0.0079067862799999996,125.47363474700001,13.7853104676,-54793.636892000002,54793.636892000002,813.90653800300004,6.7018455412322959,1.5095596200499999e-06,contraction
1052,1052,0.0078704578969499995,126.05741052099999,13.7853923606,-55177.9802681,55177.9802681,819.61558752799999,6.7088354346416805,1.4886031545400001e-06,contraction
1053,1053,0.0078342964276600004,126.643880881,13.785473683199999,-55565.039893599998,55565.039893599998,825.36498431200005,6.7158256937290091,1.4679365432199999e-06,contraction
1054,1054,0.0077983011052299997,127.233058266,13.7855544393,-55954.835193699997,55954.835193699997,831.15501690099995,6.7228163200590219,1.4475557874700001e-06,contraction
1055,1055,0.00776247116629,127.82495516900001,13.785634632800001,-56347.385735399999,56347.385735399999,836.98597594199998,6.7298073152021525,1.42745694376e-06,contraction
1056,1056,0.0077268058509600002,128.41958414499999,13.7857142677,-56742.711228200002,56742.711228200002,842.85815419999994,6.7367986807360829,1.4076361228400001e-06,contraction
1057,1057,0.0076913044028699999,129.016957803,13.7857933476,-57140.831525100002,57140.831525100002,848.77184657199996,6.7437904182435604,1.3880894890499999e-06,contraction
1058,1058,0.00765596606911,129.61708881300001,13.7858718766,-57541.766623800002,57541.766623800002,854.72735010600002,6.7507825293160142,1.3688132595199999e-06,contraction
1059,1059,0.0076207901002499998,130.21998990200001,13.7859498584,-57945.536667799999,57945.536667799999,860.72496401299998,6.7577750155487424,1.3498037034999999e-06,contraction
1060,1060,0.0075857757502899997,130.82567385600001,13.7860272969,-58352.161947300003,58352.161947300003,866.76498968500005,6.7647678785430791,1.3310571415999999e-06,contraction
1061,1061,0.0075509222766499996,131.43415351900001,13.7861041956,-58761.6629006,58761.6629006,872.84773071300003,6.7717611199083265,1.31256994511e-06,contraction
1062,1062,0.0075162289401799996,132.04544179800001,13.7861805585,-59174.060114899999,59174.060114899999,878.97349290199998,6.7787547412600553,1.2943385353e-06,contraction
1063,1063,0.0074816950051100001,132.659551655,13.7862563892,-59589.374327899997,59589.374327899997,885.142584285,6.7857487442171953,1.27635938272e-06,contraction
1064,1064,0.0074473197390599998,133.276496114,13.786331691299999,-60007.626428199997,60007.626428199997,891.35531514700006,6.7927431304103267,1.2586290065399999e-06,contraction
1065,1065,0.0074131024130099999,133.89628825899999,13.786406468599999,-60428.837457000001,60428.837457000001,897.61199803299996,6.799737901471655,1.2411439738499999e-06,contraction
1066,1066,0.0073790423012899996,134.518941235,13.786480724600001,-60853.028609000001,60853.028609000001,903.91294777200005,6.8067330590429611,1.2239008990400001e-06,contraction
1067,1067,0.0073451386815700003,135.14446824699999,13.786554463,-61280.221233900003,61280.221233900003,910.25848148800003,6.8137286047687935,1.2068964431400001e-06,contraction
1068,1068,0.0073113908348300003,135.77288256,13.786627687299999,-61710.4368369,61710.4368369,916.64891862399998,6.8207245403039805,1.19012731313e-06,contraction
1069,1069,0.0072777980453699997,136.404197501,13.786700401099999,-62143.697080400001,62143.697080400001,923.08458095499998,6.8277208673087717,1.1735902614000001e-06,contraction
1070,1070,0.0072443596007499998,137.03842646000001,13.786772608,-62580.0237853,62580.0237853,929.56579260499996,6.8347175874483383,1.15728208503e-06,contraction
1071,1071,0.0072110747918299996,137.67558288699999,13.786844311399999,-63019.4389314,63019.4389314,936.09288006700001,6.8417147023953495,1.1411996252500001e-06,contraction
1072,1072,0.0071779429127100001,138.31568029499999,13.7869155148,-63461.964659600002,63461.964659600002,942.66617222000002,6.8487122138291214,1.1253397667700001e-06,contraction
1073,1073,0.0071449632607600002,138.95873225700001,13.786986221799999,-63907.6232724,63907.6232724,949.28600034700003,6.8557101234357045,1.1096994372399999e-06,contraction
1074,1074,0.0071121351365300003,139.604752413,13.7870564356,-64356.437235400001,64356.437235400001,955.95269815200004,6.8627084329067767,1.09427560661e-06,contraction
1075,1075,0.0070794578438400004,140.25375446199999,13.7871261597,-64808.429178400002,64808.429178400002,962.66660177999995,6.8697071439415573,1.07906528659e-06,contraction
1076,1076,0.0070469306896699998,140.90575216900001,13.7871953976,-65263.621896800003,65263.621896800003,969.42804983500002,6.8767062582464247,1.0640655300400001e-06,contraction
1077,1077,0.0070145529842000004,141.56075935999999,13.787264152500001,-65722.038352699994,65722.038352699994,976.23738339500005,6.8837057775313335,1.0492734304299999e-06,contraction
1078,1078,0.00698232404077,142.21878992699999,13.787332427799999,-66183.701676299999,66183.701676299999,983.09494603799999,6.8907057035174306,1.0346861212599999e-06,contraction
1079,1079,0.0069502431758899997,142.87985782600001,13.787400226900001,-66648.6351669,66648.6351669,990.00108385299995,6.897706037929046,1.02030077554e-06,contraction
1080,1080,0.0069183097091900002,143.54397707499999,13.787467553000001,-67116.862294499995,67116.862294499995,996.95614546199999,6.9047067824969117,1.0061146052000001e-06,contraction
1081,1081,0.0068865229634399996,144.21116175899999,13.787534409399999,-67588.406700799998,67588.406700799998,1003.96048204,6.9117079389591005,9.921248605929999e-07,contraction
1082,1082,0.00685488226453,144.88142602799999,13.7876007994,-68063.292200700002,68063.292200700002,1011.0144473399999,6.9187095090667361,9.7832882996499995e-07,contraction
1083,1083,0.00682338694142,145.55478409599999,13.787666726099999,-68541.542783700002,68541.542783700002,1018.1183976999999,6.9257114945716243,9.647238389090001e-07,contraction
1084,1084,0.0067920363261700003,146.23125024300001,13.7877321928,-69023.182614599995,69023.182614599995,1025.2726920600001,6.9327138972240148,9.51307249871e-07,contraction
1085,1085,0.0067608297539199997,146.91083881700001,13.7877972027,-69508.236035800001,69508.236035800001,1032.4776919999999,6.939716718790641,9.3807646163499997e-07,contraction
1086,1086,0.0067297665628400002,147.59356422900001,13.7878617589,-69996.7275677,69996.7275677,1039.7337617600001,6.9467199610545656,9.2502890882799999e-07,contraction
1087,1087,0.0066988460941700004,148.27944095800001,13.7879258645,-70488.681910600004,70488.681910600004,1047.04126823,6.9537236257862132,9.1216206141999996e-07,contraction
1088,1088,0.0066680676921399996,148.96848355,13.7879895228,-70984.123946000007,70984.123946000007,1054.4005810000001,6.9607277147723705,8.9947342424699997e-07,contraction
1089,1089,0.00663743070402,149.660706619,13.788052736699999,-71483.078737799995,71483.078737799995,1061.8120723699999,6.9677322298061641,8.8696053652199997e-07,contraction
1090,1090,0.0066069344800800001,150.35612484399999,13.788115509300001,-71985.571533599999,71985.571533599999,1069.27611738,6.974737172696015,8.7462097136800004e-07,contraction
1091,1091,0.0065765783735500004,151.05475297300001,13.7881778438,-72491.627766499994,72491.627766499994,1076.7930938,6.9817425452369095,8.6245233534900002e-07,contraction
1092,1092,0.0065463617406699998,151.75660582399999,13.7882397431,-73001.273056100006,73001.273056100006,1084.36338219,6.9887483492472828,8.5045226800999998e-07,contraction
1093,1093,0.0065162839406099999,152.46169828000001,13.7883012103,-73514.533210099995,73514.533210099995,1091.9873659,6.9957545865492765,8.3861844142500004e-07,contraction
1094,1094,0.0064863443354800003,153.17004529499999,13.7883622483,-74031.434225699995,74031.434225699995,1099.6654310900001,7.0027612589678432,8.2694855974500004e-07,contraction
1095,1095,0.0064565422903500001,153.88166189099999,13.788422860100001,-74552.002290899996,74552.002290899996,1107.3979667599999,7.0097683683387793,8.1544035876199997e-07,contraction
1096,1096,0.0064268771731700002,154.59656316100001,13.7884830486,-75076.263786199997,75076.263786199997,1115.18536477,7.0167759165073056,8.0409160547099997e-07,contraction
1097,1097,0.0063973483548300002,155.31476426399999,13.7885428169,-75604.245285800003,75604.245285800003,1123.0280198400001,7.0237839053087425,7.9290009763999998e-07,contraction
1098,1098,0.0063679552090799996,156.036280433,13.788602167700001,-76135.973559200007,76135.973559200007,1130.9263296199999,7.030792336611742,7.8186366338700002e-07,contraction
1099,1099,0.0063386971125700001,156.76112696999999,13.788661103999999,-76671.475572700001,76671.475572700001,1138.8806946699999,7.0378012122805487,7.7098016076300001e-07,contraction
1100,1100,0.0063095734448000004,157.48931924600001,13.788719628699999,-77210.778490800003,77210.778490800003,1146.8915184800001,7.0448105341735445,7.6024747734100001e-07,contraction
1101,1101,0.0062805835881299997,158.220872705,13.788777744600001,-77753.909677899996,77753.909677899996,1154.9592075200001,7.0518203041676903,7.4966352980599997e-07,contraction
1102,1102,0.0062517269277599999,158.955802861,13.788835454499999,-78300.896699300007,78300.896699300007,1163.0841712599999,7.0588305241560079,7.3922626355800003e-07,contraction
1103,1103,0.0062230028516899998,159.69412530100001,13.7888927613,-78851.767323499997,78851.767323499997,1171.2668221700001,7.0658411960279333,7.2893365231599995e-07,contraction
1104,1104,0.00619441075077,160.435855683,13.788949667700001,-79406.549523099995,79406.549523099995,1179.5075757499999,7.0728523216757679,7.1878369772799999e-07,contraction
1105,1105,0.0061659500186099997,161.18100973599999,13.789006176499999,-79965.271476599999,79965.271476599999,1187.8068505700001,7.0798639030091426,7.0877442898600001e-07,contraction
1106,1106,0.0061376200516500001,161.92960326400001,13.7890622904,-80527.961569999999,80527.961569999999,1196.1650682699999,7.0868759419352747,6.9890390244599997e-07,contraction
1107,1107,0.00610942024906,162.68165214300001,13.789118012299999,-81094.648398300007,81094.648398300007,1204.5826536100001,7.0938884403814155,6.8917020125999995e-07,contraction
1108,1108,0.0060813500127900001,163.43717232099999,13.7891733447,-81665.360767100006,81665.360767100006,1213.0600344699999,7.1009014002749815,6.7957143499699998e-07,contraction
1109,1109,0.0060534087475400001,164.19617982299999,13.789228290500001,-82240.127694099996,82240.127694099996,1221.5976418600001,7.1079148235325533,6.7010573928999995e-07,contraction
1110,1110,0.00602559586074,164.95869074399999,13.789282852199999,-82818.978410900003,82818.978410900003,1230.1959100199999,7.1149287121223423,6.6077127547099995e-07,contraction
1111,1111,0.0059979107625599999,165.72472125499999,13.789337032600001,-83401.942364699993,83401.942364699993,1238.8552763299999,7.121943067970534,6.5156623021700003e-07,contraction
1112,1112,0.0059703528658400003,166.494287603,13.789390834200001,-83989.049219499997,83989.049219499997,1247.5761814299999,7.1289578930397006,6.4248881520500005e-07,contraction
1113,1113,0.0059429215861600002,167.267406107,13.7894442597,-84580.328858199995,84580.328858199995,1256.3590692099999,7.13597318930033,6.3353726676599998e-07,contraction
1114,1114,0.0059156163417500001,168.044093164,13.7894973118,-85175.811384000001,85175.811384000001,1265.20438681,7.1429889587112871,6.2470984554399998e-07,contraction
1115,1115,0.0058884365535600003,168.82436524600001,13.7895499929,-85775.527122200001,85775.527122200001,1274.1125847000001,7.1500052032637251,6.1600483616399996e-07,contraction
1116,1116,0.0058613816451400002,169.6082389,13.789602305700001,-86379.5066219,86379.5066219,1283.08411664,7.1570219249294897,6.0742054690099995e-07,contraction
1117,1117,0.00583445104274,170.395730751,13.7896542527,-86987.780657700001,86987.780657700001,1292.1194397700001,7.1640391257121268,5.9895530935199999e-07,contraction
1118,1118,0.00580764417521,171.18685749900001,13.7897058364,-87600.380231300005,87600.380231300005,1301.21901458,7.1710568076034003,5.9060747812099996e-07,contraction
1119,1119,0.0057809604740600004,171.98163592200001,13.789757059399999,-88217.336573299996,88217.336573299996,1310.38330498,7.1780749726177673,5.8237543049400004e-07,contraction
1120,1120,0.0057543993733700002,172.78008287500001,13.7898079242,-88838.681144999995,88838.681144999995,1319.6127782900001,7.1850936227646498,5.7425756613499997e-07,contraction
1121,1121,0.0057279603098600003,173.582215292,13.789858433199999,-89464.445640200007,89464.445640200007,1328.9079052899999,7.192112760066852,5.6625230677300002e-07,contraction
1122,1122,0.00570164272281,174.38805018400001,13.789908588899999,-90094.661986699997,90094.661986699997,1338.26916024,7.1991323865556422,5.5835809589999999e-07,contraction
1123,1123,0.0056754460540899996,175.197604641,13.789958393699999,-90729.362348399998,90729.362348399998,1347.69702091,7.2061525042733008,5.5057339846800003e-07,contraction
1124,1124,0.0056493697481200004,176.01089583199999,13.7900078501,-91368.579127000005,91368.579127000005,1357.19196859,7.2131731152606768,5.4289670060000004e-07,contraction
1125,1125,0.0056234132518999998,176.827941004,13.790056960499999,-92012.344963900003,92012.344963900003,1366.75448813,7.2201942215670467,5.3532650929399995e-07,contraction
1126,1126,0.0055975760149500004,177.648757485,13.7901057273,-92660.692741499995,92660.692741499995,1376.38506798,7.2272158252594219,5.2786135213700001e-07,contraction
1127,1127,0.0055718574893199998,178.473362683,13.7901541528,-93313.655585999993,93313.655585999993,1386.0842001799999,7.2342379283952329,5.2049977701800005e-07,contraction
1128,1128,0.0055462571295800001,179.30177408599999,13.790202239499999,-93971.266868299994,93971.266868299994,1395.8523804399999,7.2412605330604691,5.1324035185700005e-07,contraction
1129,1129,0.0055207743928099998,180.13400926200001,13.790249989699999,-94633.5602067,94633.5602067,1405.69010811,7.2482836413278289,5.0608166432000004e-07,contraction
1130,1130,0.0054954087385800003,180.970085861,13.790297405600001,-95300.569468000002,95300.569468000002,1415.5978862699999,7.2553072553012194,4.9902232155200002e-07,contraction
1131,1131,0.0054701596289400004,181.81002161399999,13.790344489700001,-95972.328769999993,95972.328769999993,1425.57622169,7.262331377067059,4.92060949909e-07,contraction
1132,1132,0.00544502652842,182.653834335,13.7903912442,-96648.872483200001,96648.872483200001,1435.6256249200001,7.2693560087380007,4.8519619469000002e-07,contraction
1133,1133,0.0054200089040199999,183.50154191799999,13.790437671399999,-97330.235232799998,97330.235232799998,1445.7466102799999,7.2763811524255146,4.7842671988200004e-07,contraction
1134,1134,0.0053951062251500004,184.353162341,13.7904837736,-98016.451900500004,98016.451900500004,1455.9396959000001,7.283406810247798,4.7175120789500001e-07,contraction
1135,1135,0.0053703179637000003,185.20871366599999,13.790529553100001,-98707.557626599999,98707.557626599999,1466.2054037600001,7.2904329843371896,4.6516835931700002e-07,contraction
1136,1136,0.0053456435939699997,186.06821403699999,13.7905750119,-99403.587811899997,99403.587811899997,1476.5442597000001,7.2974596768268132,4.5867689265700002e-07,contraction
1137,1137,0.0053210825926700003,186.93168168,13.790620152500001,-100104.57812000001,100104.57812000001,1486.95679348,7.3044868898712378,4.52275544099e-07,contraction
1138,1138,0.0052966344389199999,187.79913490999999,13.7906649769,-100810.564478,100810.564478,1497.44353875,7.3115146256060148,4.4596306726400001e-07,contraction
1139,1139,0.0052722986142300001,188.670592121,13.790709487499999,-101521.583082,101521.583082,1508.0050331699999,7.3185428862082196,4.39738232963e-07,contraction
1140,1140,0.0052480746024999997,189.54607179600001,13.7907536862,-102237.670394,102237.670394,1518.64181835,7.325571673835781,4.33599828965e-07,contraction
1141,1141,0.0052239618899900002,190.425592502,13.790797575399999,-102958.863148,102958.863148,1529.3544399499999,7.3326009906737974,4.2754665975999999e-07,contraction
1142,1142,0.0051999599653400003,191.309172891,13.790841157199999,-103685.198351,103685.198351,1540.1434476500001,7.3396308388943607,4.2157754633299998e-07,contraction
1143,1143,0.0051760683195099999,192.196831702,13.7908844336,-104416.713284,104416.713284,1551.0093952300001,7.3466612206888176,4.1569132593400002e-07,contraction
1144,1144,0.0051522864458199997,193.08858775900001,13.7909274069,-105153.445506,105153.445506,1561.9528406100001,7.353692138272919,4.0988685185199999e-07,contraction
1145,1145,0.0051286138399099998,193.98445997600001,13.790970078999999,-105895.432854,105895.432854,1572.9743458,7.3607235938343738,4.0416299319900001e-07,contraction
1146,1146,0.0051050499997500002,194.88446735100001,13.7910124522,-106642.713447,106642.713447,1584.0744770399999,7.3677555896023774,3.9851863469100002e-07,contraction
1147,1147,0.0050815944256100004,195.78862897100001,13.7910545284,-107395.325688,107395.325688,1595.25380475,7.3747881277949769,3.92952676427e-07,contraction
1148,1148,0.0050582466200300002,196.69696401100001,13.7910963097,-108153.308263,108153.308263,1606.5129036000001,7.38182121064317,3.8746403368700002e-07,contraction
1149,1149,0.00503500608788,197.609491736,13.791137798199999,-108916.70015,108916.70015,1617.8523525400001,7.3888548403891097,3.8205163671500001e-07,contraction
1150,1150,0.0050118723362700002,198.526231497,13.791178995999999,-109685.540613,109685.540613,1629.2727348200001,7.3958890192780897,3.7671443051700002e-07,contraction
1151,1151,0.0049888448746000002,199.447202737,13.7912199049,-110459.869211,110459.869211,1640.77463803,7.4029237495628921,3.7145137465500001e-07,contraction
1152,1152,0.0049659232144999999,200.372424986,13.791260527,-111239.72579500001,111239.72579500001,1652.35865414,7.4099590335077945,3.6626144304999998e-07,contraction
1153,1153,0.0049431068698699999,201.301917868,13.7913008643,-112025.15051599999,112025.15051599999,1664.0253795399999,7.4169948733922455,3.6114362378200001e-07,contraction
1154,1154,0.0049203953568100001,202.23570109400001,13.7913409189,-112816.18382000001,112816.18382000001,1675.77541503,7.4240312714843899,3.5609691889300001e-07,contraction
1155,1155,0.0048977881936800001,203.17379446699999,13.791380692500001,-113612.866458,113612.866458,1687.60936591,7.4310682300747928,3.511203442e-07,contraction
1156,1156,0.0048752849010300003,204.11621788299999,13.7914201873,-114415.239483,114415.239483,1699.527842,7.4381057514674103,3.4621292909999998e-07,contraction
1157,1157,0.0048528850016199996,205.06299132699999,13.791459404999999,-115223.344254,115223.344254,1711.5314576400001,7.4451438379590833,3.4137371638599998e-07,contraction
1158,1158,0.0048305880203999996,206.01413487900001,13.791498347699999,-116037.222439,116037.222439,1723.6208317600001,7.452182491860337,3.36601762061e-07,contraction
1159,1159,0.0048083934845000002,206.96966871000001,13.7915370173,-116856.916016,116856.916016,1735.7965879200001,7.4592217154978773,3.3189613515799998e-07,contraction
1160,1160,0.0047863009232299997,207.929613085,13.791575415500001,-117682.467277,117682.467277,1748.0593543099999,7.4662615111939239,3.2725591755700002e-07,contraction
1161,1161,0.0047643098680500004,208.89398836199999,13.791613544500001,-118513.91883,118513.91883,1760.4097638200001,7.4733018812860177,3.2268020381400001e-07,contraction
1162,1162,0.0047424198525999996,209.862814993,13.7916514059,-119351.31359799999,119351.31359799999,1772.8484540699999,7.4803428281232716,3.18168100978e-07,contraction
1163,1163,0.0047206304126400003,210.836113525,13.7916890016,-120194.69482800001,120194.69482800001,1785.37606742,7.4873843540514091,3.13718728426e-07,contraction
1164,1164,0.0046989410860500003,211.81390459799999,13.7917263335,-121044.10608899999,121044.10608899999,1797.9932510599999,7.4944264614427629,3.09331217691e-07,contraction
1165,1165,0.0046773514128700001,212.79620894999999,13.791763403499999,-121899.591275,121899.591275,1810.7006569800001,7.5014691526585846,3.0500471229300001e-07,contraction
1166,1166,0.0046558609352299997,213.78304741299999,13.7918002133,-122761.194607,122761.194607,1823.49894206,7.5085124300785635,3.0073836757600002e-07,contraction
1167,1167,0.0046344691973600003,214.77444091500001,13.791836764699999,-123628.960639,123628.960639,1836.3887680800001,7.5155562960853972,2.9653135054400002e-07,contraction
1168,1168,0.0046131757455999999,215.77041048199999,13.7918730595,-124502.934257,124502.934257,1849.3708017900001,7.5226007530822798,2.923828397e-07,contraction
1169,1169,0.0045919801283700002,216.770977235,13.7919090996,-125383.16068099999,125383.16068099999,1862.4457149,7.5296458034665346,2.8829202488900002e-07,contraction
1170,1170,0.0045708818961500003,217.776162395,13.7919448867,-126269.685471,126269.685471,1875.6141841599999,7.5366914496521806,2.8425810713999998e-07,contraction
1171,1171,0.0045498806015000001,218.78598727799999,13.7919804224,-127162.55452799999,127162.55452799999,1888.8768913700001,7.5437376940543155,2.8028029851299999e-07,contraction
1172,1172,0.0045289757990400002,219.800473302,13.792015708699999,-128061.814096,128061.814096,1902.2345234500001,7.5507845391055435,2.7635782194800002e-07,contraction
1173,1173,0.00450816704541,220.81964198,13.792050747099999,-128967.51076600001,128967.51076600001,1915.68777245,7.557831987240224,2.7248991111200001e-07,contraction
1174,1174,0.00448745389933,221.843514927,13.7920855395,-129879.69147600001,129879.69147600001,1929.2373356099999,7.564880040905126,2.68675810253e-07,contraction
1175,1175,0.00446683592151,222.87211385699999,13.792120087500001,-130798.403517,130798.403517,1942.88391538,7.5719287025488873,2.6491477405800001e-07,contraction
1176,1176,0.0044463126746900001,223.905460584,13.792154392900001,-131723.69453499999,131723.69453499999,1956.6282194999999,7.5789779746424131,2.6120606750000002e-07,contraction
1177,1177,0.0044258837236299999,224.943577022,13.7921884572,-132655.61253099999,132655.61253099999,1970.47096098,7.5860278596475048,2.5754896570599998e-07,contraction
1178,1178,0.0044055486350699996,225.98648518799999,13.792222282299999,-133594.20586799999,133594.20586799999,1984.41285819,7.593078360042063,2.5394275381000002e-07,contraction
1179,1179,0.0043853069777500002,227.0342072,13.7922558697,-134539.52327100001,134539.52327100001,1998.4546349100001,7.600129478324062,2.5038672682100001e-07,contraction
1180,1180,0.0043651583224,228.08676527700001,13.792289221000001,-135491.61382900001,135491.61382900001,2012.5970202999999,7.6071812169754303,2.4688018948000001e-07,contraction
1181,1181,0.0043451022417199999,229.14418174100001,13.7923223381,-136450.52700199999,136450.52700199999,2026.84074904,7.6142335785111559,2.4342245613300001e-07,contraction
1182,1182,0.0043251383103500001,230.20647901800001,13.792355222299999,-137416.312618,137416.312618,2041.1865613,7.6212865654428841,2.4001285059499999e-07,contraction
1183,1183,0.0043052661049200001,231.273679636,13.792387875499999,-138389.02088299999,138389.02088299999,2055.6352027900002,7.628340180282783,2.3665070601599999e-07,contraction
1184,1184,0.0042854852039700001,232.34580622799999,13.7924202991,-139368.702376,139368.702376,2070.1874248700001,7.6353944255760657,2.3333536476299999e-07,contraction
1185,1185,0.0042657951880199999,233.42288153199999,13.792452494799999,-140355.408058,140355.408058,2084.84398448,7.6424493038456482,2.30066178279e-07,contraction
1186,1186,0.0042461956394600001,234.50492839,13.792484464099999,-141349.189273,141349.189273,2099.6056443100001,7.6495048176532512,2.26842506971e-07,contraction
1187,1187,0.0042266861426599996,235.59196974899999,13.7925162087,-142350.09774999999,142350.09774999999,2114.47317273,7.6565609695442838,2.2366372007700001e-07,contraction
1188,1188,0.0042072662838400004,236.684028662,13.792547730000001,-143358.18560900001,143358.18560900001,2129.4473439200001,7.66361776208878,2.2052919554900001e-07,contraction
1189,1189,0.0041879356511799999,237.78112829099999,13.792579029700001,-144373.50535799999,144373.50535799999,2144.52893786,7.670675197855167,2.17438319933e-07,contraction
1190,1190,0.0041686938347000003,238.883291902,13.7926101093,-145396.10990499999,145396.10990499999,2159.7187404199999,7.6777332794312736,2.1439048824699999e-07,contraction
1191,1191,0.0041495404263399999,239.990542869,13.792640970200001,-146426.052551,146426.052551,2175.0175433700001,7.6847920094074968,2.1138510386699999e-07,contraction
1192,1192,0.0041304750198999998,241.102904674,13.7926716141,-147463.387001,147463.387001,2190.4261444200001,7.6918513903742012,2.08421578414e-07,contraction
1193,1193,0.0041114972110499999,242.220400907,13.7927020424,-148508.167365,148508.167365,2205.94534733,7.6989114249507962,2.0549933163399999e-07,contraction
1194,1194,0.0040926065972999998,243.34305526899999,13.792732256600001,-149560.44815899999,149560.44815899999,2221.5759618799998,7.7059721157503995,2.02617791293e-07,contraction
1195,1195,0.0040738027780400001,244.470891569,13.7927622583,-150620.28430900001,150620.28430900001,2237.3188039500001,7.7130334653949735,1.9977639306e-07,contraction
1196,1196,0.00405508535448,245.60393372300001,13.792792048800001,-151687.731157,151687.731157,2253.1746955799999,7.7200954765207852,1.96974580404e-07,contraction
1197,1197,0.0040364539296800003,246.74220576299999,13.792821629700001,-152762.844461,152762.844461,2269.1444650100002,7.7271581517746508,1.9421180448199999e-07,contraction
1198,1198,0.0040179081084899997,247.88573182799999,13.792851002300001,-153845.680399,153845.680399,2285.2289467000001,7.7342214938014138,1.91487524035e-07,contraction
1199,1199,0.0039994474976099998,249.03453617,13.7928801683,-154936.29557399999,154936.29557399999,2301.42898143,7.7412855052665286,1.8880120528400001e-07,contraction
1200,1200,0.00398107170553,250.18864315100001,13.7929091289,-156034.74701299999,156034.74701299999,2317.74541632,7.7483501888430268,1.8615232182499999e-07,contraction
1201,1201,0.0039627803425499996,251.34807724800001,13.792937885600001,-157141.09217700001,157141.09217700001,2334.1791048499999,7.7554155471988322,1.83540354529e-07,contraction
1202,1202,0.0039445730207499996,252.51286304999999,13.792966439800001,-158255.38896000001,158255.38896000001,2350.7309069900002,7.7624815830312528,1.8096479144099999e-07,contraction
1203,1203,0.0039264493539999997,253.683025259,13.792994793,-159377.69568999999,159377.69568999999,2367.4016891699998,7.7695482990322526,1.7842512768100001e-07,contraction
1204,1204,0.0039084089579199998,254.85858869099999,13.793022946600001,-160508.07113900001,160508.07113900001,2384.1923243699998,7.7766156979053438,1.7592086534700001e-07,contraction
1205,1205,0.0038904514499399998,256.03957827699998,13.793050901799999,-161646.57452200001,161646.57452200001,2401.1036921700002,7.7836837823649363,1.73451513418e-07,contraction
1206,1206,0.0038725764492200001,257.22601906300002,13.793078660100001,-162793.26550000001,162793.26550000001,2418.1366788,7.7907525551355414,1.7101658766000001e-07,contraction
1207,1207,0.0038547835766600002,258.41793621199997,13.793106222900001,-163948.204188,163948.204188,2435.2921771900001,7.7978220189508338,1.6861561053e-07,contraction
1208,1208,0.0038370724549200001,259.61535500000002,13.7931335916,-165111.45115400001,165111.45115400001,2452.5710869999998,7.8048921765444206,1.6624811109e-07,contraction
1209,1209,0.0038194427083999998,260.81830082200003,13.7931607674,-166283.06742199999,166283.06742199999,2469.9743147300001,7.8119630306732173,1.63913624907e-07,contraction
1210,1210,0.0038018939632099998,262.02679919000002,13.7931877517,-167463.114481,167463.114481,2487.5027737099999,7.8190345840914226,1.6161169397100001e-07,contraction
1211,1211,0.0037844258471700001,263.24087573200001,13.7932145459,-168651.65428399999,168651.65428399999,2505.1573841999998,7.8261068395693192,1.5934186660199999e-07,contraction
1212,1212,0.0037670379898399999,264.46055619800001,13.7932411512,-169848.74925299999,169848.74925299999,2522.9390734100002,7.8331797998794039,1.5710369736400001e-07,contraction
1213,1213,0.0037497300224499999,265.68586645200003,13.793267568999999,-171054.462283,171054.462283,2540.8487755900001,7.8402534678104656,1.5489674698000001e-07,contraction
1214,1214,0.0037325015779599998,266.91683248200002,13.793293800500001,-172268.856745,172268.856745,2558.8874320499999,7.8473278461535561,1.5272058224599999e-07,contraction
1215,1215,0.0037153522909700002,268.153480393,13.793319847199999,-173491.996491,173491.996491,2577.0559912499998,7.8544029377155153,1.50574775946e-07,contraction
1216,1216,0.0036982817978,269.395836411,13.793345710200001,-174723.945855,174723.945855,2595.3554088300002,7.8614787453086548,1.4845890677100001e-07,contraction
1217,1217,0.0036812897364299998,270.643926884,13.793371390800001,-175964.769661,175964.769661,2613.7866476700001,7.868555271752153,1.4637255923900001e-07,contraction
1218,1218,0.0036643757464799999,271.897778281,13.7933968904,-177214.53322499999,177214.53322499999,2632.3506779600002,7.8756325198770307,1.44315323611e-07,contraction
1219,1219,0.0036475394692600002,273.15741719300001,13.793422210099999,-178473.30235499999,178473.30235499999,2651.0484772599998,7.8827104925269618,1.4228679581499999e-07,contraction
1220,1220,0.0036307805477000001,274.42287033399998,13.793447351199999,-179741.14336300001,179741.14336300001,2669.88103052,7.8897891925438861,1.4028657736400001e-07,contraction
1221,1221,0.0036140986264000001,275.69416454100002,13.793472315000001,-181018.12306000001,181018.12306000001,2688.8493301899998,7.8968686227875269,1.3831427528600001e-07,contraction
1222,1222,0.0035974933515600001,276.97132677600001,13.7934971026,-182304.308769,182304.308769,2707.9543762600001,7.903948786128054,1.3636950203900001e-07,contraction
1223,1223,0.00358096437103,278.25438412400001,13.793521715400001,-183599.76832,183599.76832,2727.19717631,7.9110296854425473,1.3445187544199999e-07,contraction
1224,1224,0.0035645113342600001,279.543363795,13.7935461545,-184904.57006100001,184904.57006100001,2746.5787455499999,7.918111323607782,1.32561018602e-07,contraction
1225,1225,0.0035481338923399998,280.838293126,13.7935704211,-186218.78285799999,186218.78285799999,2766.1001069499998,7.9251937035256832,1.3069655983400001e-07,contraction
1226,1226,0.00353183169792,282.13919958000002,13.793594516500001,-187542.47610199999,187542.47610199999,2785.76229122,7.9322768280936842,1.28858132599e-07,contraction
1227,1227,0.00351560440528,283.446110745,13.7936184418,-188875.71971100001,188875.71971100001,2805.5663369399999,7.9393607002296056,1.2704537542299999e-07,contraction
1228,1228,0.0034994516702800001,284.75905433700001,13.793642198200001,-190218.58413500001,190218.58413500001,2825.5132905700002,7.9464453228528544,1.2525793183500001e-07,contraction
1229,1229,0.0034833731503600002,286.07805820200002,13.7936657868,-191571.14035999999,191571.14035999999,2845.6042065400002,7.953530698894328,1.23495450294e-07,contraction
1230,1230,0.00346736850453,287.40315031300003,13.793689209,-192933.45991199999,192933.45991199999,2865.8401472999999,7.9606168312917802,1.2175758412200001e-07,contraction
1231,1231,0.0034514373933599999,288.73435876999997,13.793712465700001,-194305.61486199999,194305.61486199999,2886.2221834100001,7.9677037229990493,1.20043991437e-07,contraction
1232,1232,0.0034355794790000001,290.07171180699999,13.7937355582,-195687.67783100001,195687.67783100001,2906.7513935500001,7.9747913769671976,1.18354335086e-07,contraction
1233,1233,0.0034197944251399999,291.415237784,13.7937584875,-197079.72199200001,197079.72199200001,2927.4288646599998,7.9818797961706691,1.16688282581e-07,contraction
1234,1234,0.0034040818970099999,292.76496519599999,13.793781255000001,-198481.82107599999,198481.82107599999,2948.2556919399999,7.9889689835846829,1.15045506034e-07,contraction
1235,1235,0.0033884415613899999,294.120922667,13.793803861500001,-199894.04937600001,199894.04937600001,2969.2329789300002,7.9960589421903316,1.1342568209300001e-07,contraction
1236,1236,0.0033728730865900001,295.48313895199999,13.7938263084,-201316.48175199999,201316.48175199999,2990.3618376200002,8.0031496749893165,1.11828491882e-07,contraction
1237,1237,0.0033573761424300001,296.851642943,13.7938485966,-202749.193635,202749.193635,3011.6433884399999,8.0102411849780424,1.1025362093500001e-07,contraction
1238,1238,0.0033419504002599998,298.22646366100003,13.7938707273,-204192.26103200001,204192.26103200001,3033.07876042,8.0173334751786562,1.08700759137e-07,contraction
1239,1239,0.0033265955329400002,299.60763026299998,13.793892701700001,-205645.76052899999,205645.76052899999,3054.6690911699998,8.0244265486096751,1.07169600667e-07,contraction
1240,1240,0.0033113112148300001,300.99517204,13.7939145207,-207109.76929699999,207109.76929699999,3076.4155270000001,8.0315204083031748,1.05659843934e-07,contraction
1241,1241,0.0032960971217699999,302.389118419,13.7939361854,-208584.36509899999,208584.36509899999,3098.3192229800002,8.0386150573017012,1.0417119152199999e-07,contraction
1242,1242,0.0032809529311300001,303.78949896300003,13.793957697,-210069.62628900001,210069.62628900001,3120.381343,8.0457104986551347,1.02703350129e-07,contraction
1243,1243,0.0032658783217199999,305.19634336899998,13.7939790565,-211565.631822,211565.631822,3142.6030598399998,8.0528067354206758,1.0125603051399999e-07,contraction
1244,1244,0.0032508729738499999,306.60968147400001,13.794000264899999,-213072.461255,213072.461255,3164.9855552700001,8.0599037706721273,9.9828947440599996e-08,contraction
1245,1245,0.0032359365693,308.02954325100001,13.794021323400001,-214590.194755,214590.194755,3187.5300200699999,8.0670016074835083,9.84218196175e-08,contraction
1246,1246,0.00322106879128,309.455958813,13.794042232900001,-216118.91310100001,216118.91310100001,3210.2376541600001,8.0741002489474276,9.7034369648600004e-08,contraction
1247,1247,0.0032062693245099999,310.888958409,13.794062994500001,-217658.69769100001,217658.69769100001,3233.1096666100002,8.0811996981553875,9.5666323977600004e-08,contraction
1248,1248,0.0031915378550999999,312.32857243199999,13.794083609199999,-219209.63054700001,219209.63054700001,3256.1472757800002,8.0882999582186539,9.4317412834599995e-08,contraction
1249,1249,0.0031768740706499998,313.77483140999999,13.794104078,-220771.794318,220771.794318,3279.3517093300002,8.0954010322484216,9.2987370184400002e-08,contraction
1250,1250,0.0031622776601700001,315.22776601700002,13.794124402,-222345.27228599999,222345.27228599999,3302.72420435,8.1025029233729562,9.1675933675000001e-08,contraction
1251,1251,0.0031477483141,316.687407065,13.7941445822,-223930.14837099999,223930.14837099999,3326.2660073900001,8.1096056347237617,9.0382844586399996e-08,contraction
1252,1252,0.0031332857243199998,318.15378550999998,13.7941646195,-225526.50713799999,225526.50713799999,3349.97837458,8.1167091694490221,8.9107847780499999e-08,contraction
1253,1253,0.00311888958409,319.62693245100002,13.794184515,-227134.43379899999,227134.43379899999,3373.8625716500001,8.1238135306966335,8.7850691652100002e-08,contraction
1254,1254,0.0031045595881299998,321.106879128,13.7942042697,-228754.014219,228754.014219,3397.91987406,8.1309187216301364,8.6611128079500006e-08,contraction
1255,1255,0.0030902954325099999,322.59365693000001,13.794223884399999,-230385.334924,230385.334924,3422.1515670499998,8.1380247454204326,8.5388912377100004e-08,contraction
1256,1256,0.0030760968147399998,324.087297385,13.794243360299999,-232028.483102,232028.483102,3446.5589457400001,8.1451316052521339,8.4183803247100006e-08,contraction
1257,1257,0.0030619634336900002,325.58783217199999,13.794262698300001,-233683.54661200001,233683.54661200001,3471.1433151699998,8.1522393043122001,8.2995562733700002e-08,contraction
1258,1258,0.0030478949896300001,327.09529311300003,13.7942818992,-235350.61398699999,235350.61398699999,3495.90599041,8.1593478457988784,8.18239561763e-08,contraction
1259,1259,0.00303389118419,328.60971217700001,13.7943009642,-237029.77444099999,237029.77444099999,3520.8482966500001,8.1664572329243832,8.0668752163999998e-08,contraction
1260,1260,0.0030199517204,330.13112148300002,13.794319894099999,-238721.117872,238721.117872,3545.9715692499999,8.1735674689060165,7.95297224912e-08,contraction
1261,1261,0.0030060763026299999,331.65955329399998,13.7943386899,-240424.73486999999,240424.73486999999,3571.2771538400002,8.1806785569714489,7.8406642112899996e-08,contraction
1262,1262,0.0029922646366100001,333.19504002600002,13.7943573524,-242140.71672299999,242140.71672299999,3596.7664064000001,8.1877905003580498,7.7299289101399994e-08,contraction
1263,1263,0.0029785164294299999,334.737614243,13.794375882700001,-243869.15542,243869.15542,3622.4406933300002,8.1949033023092657,7.6207444602799995e-08,contraction
1264,1264,0.0029648313895199998,336.28730865900002,13.794394281700001,-245610.14365700001,245610.14365700001,3648.3013915699999,8.2020169660846971,7.5130892794999996e-08,contraction
1265,1265,0.0029512092266699998,337.84415613900001,13.794412550200001,-247363.77484599999,247363.77484599999,3674.3498886399998,8.2091314949477603,7.4069420845799999e-08,contraction
1266,1266,0.00293764965196,339.40818970100003,13.7944306893,-249130.14311599999,249130.14311599999,3700.5875827499999,8.2162468921726024,7.3022818871199995e-08,contraction
1267,1267,0.0029241523778399999,340.97944251400003,13.7944486997,-250909.34332399999,250909.34332399999,3727.0158828799999,8.2233631610424887,7.1990879895300005e-08,contraction
1268,1268,0.0029107171180700001,342.55794789999999,13.7944665823,-252701.47105399999,252701.47105399999,3753.6362088699998,8.2304803048507154,7.0973399809400002e-08,contraction
1269,1269,0.0028973435876999999,344.14373933600001,13.7944843382,-254506.62263,254506.62263,3780.4499915199999,8.2375983269039565,6.9970177333099999e-08,contraction
1270,1270,0.0028840315031299999,345.73685045299999,13.794501968100001,-256324.89511700001,256324.89511700001,3807.45867262,8.2447172305068648,6.8981013975000006e-08,contraction
1271,1271,0.0028707805820200002,347.33731503600001,13.794519472999999,-258156.38633099999,258156.38633099999,3834.6637051299999,8.2518370189862651,6.8005713993799999e-08,contraction
1272,1272,0.0028575905433700002,348.94516702800001,13.7945368536,-260001.19484000001,260001.19484000001,3862.0665531999998,8.2589576956727058,6.7044084361099994e-08,contraction
1273,1273,0.0028444611074499998,350.56044052800002,13.7945541109,-261859.41997399999,261859.41997399999,3889.6686922700001,8.2660792639031371,6.6095934723000004e-08,contraction
1274,1274,0.0028313919958000001,352.183169792,13.7945712458,-263731.16183,263731.16183,3917.47160919,8.2732017270284199,6.5161077364000006e-08,contraction
1275,1275,0.00281838293126,353.813389234,13.794588258999999,-265616.52127899998,265616.52127899998,3945.4768022899998,8.2803250884076238,6.4239327169999994e-08,contraction
1276,1276,0.0028054336379500001,355.45113342600001,13.794605151500001,-267515.59996999998,267515.59996999998,3973.6857814800001,8.2874493514099346,6.3330501592600002e-08,contraction
1277,1277,0.0027925438412400002,357.09643710300003,13.794621923999999,-269428.50033800001,269428.50033800001,4002.1000683299999,8.2945745194112792,6.2434420613600001e-08,contraction
1278,1278,0.00277971326776,358.74933515599997,13.794638577400001,-271355.32561,271355.32561,4030.7211961799999,8.3017005957983443,6.1550906710199999e-08,contraction
1279,1279,0.0027669416454099999,360.40986263999997,13.794655112599999,-273296.17981300002,273296.17981300002,4059.5507102299998,8.3088275839673056,6.0679784820099995e-08,contraction
1280,1280,0.00275422870334,362.07805476999999,13.7946715304,-275251.16777599999,275251.16777599999,4088.5901676399999,8.3159554873248496,5.9820882307999999e-08,contraction
1281,1281,0.0027415741719299998,363.75394692600003,13.794687831499999,-277220.39514199999,277220.39514199999,4117.8411376200002,8.3230843092865356,5.8974028931799999e-08,contraction
1282,1282,0.00272897778281,365.43757464800001,13.794704016800001,-279203.96837000002,279203.96837000002,4147.3052015200001,8.3302140532750251,5.8139056809700003e-08,contraction
1283,1283,0.0027164392688399999,367.12897364299999,13.7947200872,-281201.99474400003,281201.99474400003,4176.9839529499995,8.337344722725371,5.7315800387399999e-08,contraction
1284,1284,0.0027039583641100002,368.82817978000003,13.7947360433,-283214.58237999998,283214.58237999998,4206.8789978599998,8.3444763210803785,5.65040964059e-08,contraction
1285,1285,0.00269153480393,370.53522909700001,13.7947518861,-285241.84023199999,285241.84023199999,4236.9919546399997,8.3516088517906759,5.57037838702e-08,contraction
1286,1286,0.0026791683248199999,372.250157796,13.7947676162,-287283.87809700001,287283.87809700001,4267.3244542399998,8.358742318319285,5.49147040174e-08,contraction
1287,1287,0.00266685866452,373.97300224499998,13.794783234500001,-289340.80662500003,289340.80662500003,4297.8781402499999,8.3658767241364824,5.4136700286500001e-08,contraction
1288,1288,0.0026546055619799998,375.703798984,13.794798741799999,-291412.73732399999,291412.73732399999,4328.6546690200003,8.3730120727239115,5.3369618287399998e-08,contraction
1289,1289,0.0026424087573199998,377.44258471699999,13.7948141389,-293499.78256800002,293499.78256800002,4359.6557097499999,8.3801483675714596,5.2613305771400003e-08,contraction
1290,1290,0.0026302679919,379.189396321,13.7948294264,-295602.05560199998,295602.05560199998,4390.8829446,8.3872856121786015,5.1867612601199998e-08,contraction
1291,1291,0.0026181830082199998,380.94427084,13.7948446052,-297719.670552,297719.670552,4422.33806878,8.3944238100509772,5.1132390721899998e-08,contraction
1292,1292,0.0026061535499999999,382.70724549200003,13.794859676,-299852.74242999998,299852.74242999998,4454.02279069,8.4015629647081287,5.04074941322e-08,contraction
1293,1293,0.0025941793621200001,384.47835766600002,13.7948746396,-302001.38714100001,302001.38714100001,4485.9388319999998,8.4087030796773394,4.9692778856100001e-08,contraction
1294,1294,0.0025822601906299999,386.257644922,13.7948894968,-304165.72149299999,304165.72149299999,4518.0879277599997,8.4158441584941723,4.8988102914700002e-08,contraction
1295,1295,0.0025703957827699999,388.045144994,13.7949042482,-306345.86320099997,306345.86320099997,4550.47182651,8.4229862047027826,4.82933262989e-08,contraction
1296,1296,0.0025585858869099998,389.84089579200003,13.7949188947,-308541.930895,308541.930895,4583.0922904099998,8.4301292218603709,4.76083109419e-08,contraction
1297,1297,0.0025468302525900001,391.64493540000001,13.794933436799999,-310754.04412999999,310754.04412999999,4615.9510953199997,8.4372732135304265,4.6932920692399997e-08,contraction
1298,1298,0.0025351286305000001,393.45730207499997,13.7949478755,-312982.32339099998,312982.32339099998,4649.0500309299996,8.4444181832867979,4.6267021288199999e-08,contraction
1299,1299,0.0025234807724799999,395.27803425500002,13.7949622113,-315226.89010199998,315226.89010199998,4682.3909008600003,8.4515641347109849,4.5610480330099999e-08,contraction
1300,1300,0.0025118864315100001,397.107170553,13.7949764451,-317487.86663100001,317487.86663100001,4715.9755227899996,8.458711071395701,4.4963167256100002e-08,contraction
1301,1301,0.0025003453617,398.94474976100003,13.7949905775,-319765.37630100001,319765.37630100001,4749.8057285599998,8.4658589969417637,4.4324953315900001e-08,contraction
1302,1302,0.0024888573182800001,400.79081084900002,13.795004609199999,-322059.543397,322059.543397,4783.8833642999998,8.4730079149611885,4.3695711546100002e-08,contraction
1303,1303,0.0024774220576300001,402.64539296800001,13.795018540999999,-324370.49317199999,324370.49317199999,4818.21029051,8.4801578290695598,4.3075316745299997e-08,contraction
1304,1304,0.0024660393372300002,404.50853544799998,13.7950323735,-326698.35185600002,326698.35185600002,4852.7883822399999,8.4873087428991401,4.2463645449700001e-08,contraction
1305,1305,0.0024547089156899998,406.380277804,13.795046107399999,-329043.24666599999,329043.24666599999,4887.6195291599997,8.4944606600886932,4.18605759093e-08,contraction
1306,1306,0.00244343055269,408.26065972999999,13.7950597435,-331405.30580999999,331405.30580999999,4922.7056356800003,8.5016135842837102,4.1265988063900003e-08,contraction
1307,1307,0.0024322040090699998,410.14972110500003,13.795073282400001,-333784.658498,333784.658498,4958.04862108,8.5087675191384182,4.0679763520000003e-08,contraction
1308,1308,0.0024210290467400002,412.04750199,13.795086724700001,-336181.43495000002,336181.43495000002,4993.6504196699998,8.5159224683235202,4.0101785527700002e-08,contraction
1309,1309,0.0024099054286900001,413.95404263400002,13.7951000712,-338595.76640299999,338595.76640299999,5029.5129808299998,8.5230784355095253,3.9531938957899997e-08,contraction
1310,1310,0.0023988329190199999,415.86938347,13.795113322500001,-341027.78512000002,341027.78512000002,5065.6382692200004,8.5302354243841521,3.89701102797e-08,contraction
1311,1311,0.0023878112829100002,417.793565118,13.7951264794,-343477.62439800001,343477.62439800001,5102.0282648299999,8.5373934386374106,3.8416187538800002e-08,contraction
1312,1312,0.0023768402866200002,419.72662838399998,13.795139542299999,-345945.41857899999,345945.41857899999,5138.6849631599998,8.5445524819724259,3.7870060335200001e-08,contraction
1313,1313,0.00236591969749,421.66861426600002,13.7951525121,-348431.30305300001,348431.30305300001,5175.6103753199995,8.5517125581001174,3.7331619802100001e-08,contraction
1314,1314,0.0023550492839,423.61956394600003,13.795165389399999,-350935.41427200002,350935.41427200002,5212.8065281700001,8.5588736707415798,3.6800758584099999e-08,contraction
1315,1315,0.0023442288153200002,425.579518802,13.7951781747,-353457.88975700003,353457.88975700003,5250.2754644400002,8.5660358236263399,3.6277370817199997e-08,contraction
1316,1316,0.0023334580622799998,427.548520397,13.795190868800001,-355998.86810399999,355998.86810399999,5288.0192428700002,8.5731990204942665,3.5761352107300001e-08,contraction
1317,1317,0.0023227367963599998,429.52661049199997,13.795203472300001,-358558.48899799999,358558.48899799999,5326.0399383100003,8.5803632650896606,3.5252599510300001e-08,contraction
1318,1318,0.00231206479018,431.51383103500001,13.795215985800001,-361136.89321800001,361136.89321800001,5364.33964191,8.5875285611721885,3.4751011512099998e-08,contraction
1319,1319,0.0023014418174099999,433.51022417199999,13.79522841,-363734.22264699999,363734.22264699999,5402.9204612000003,8.5946949125067604,3.4256488008600001e-08,contraction
1320,1320,0.0022908676527700002,435.51583224000001,13.795240745399999,-366350.62027999997,366350.62027999997,5441.7845202500002,8.6018623228683389,3.3768930286100003e-08,contraction
1321,1321,0.002280342072,437.53069777500002,13.7952529927,-368986.23023599997,368986.23023599997,5480.9339597999997,8.6090307960408516,3.3288241002600001e-08,contraction
1322,1322,0.00226986485188,439.55486350699999,13.795265152600001,-371641.19776499999,371641.19776499999,5520.3709373800002,8.6162003358141277,3.2814324168099997e-08,contraction
1323,1323,0.0022594357702199999,441.58837236300002,13.7952772255,-374315.66925799998,374315.66925799998,5560.0976275100002,8.6233709459951484,3.2347085126600002e-08,contraction
1324,1324,0.00224905460584,443.63126746900002,13.7952892122,-377009.79225400003,377009.79225400003,5600.1162217399997,8.6305426303900248,3.1886430537100002e-08,contraction
1325,1325,0.00223872113857,445.68359215100003,13.795301113300001,-379723.71545600001,379723.71545600001,5640.4289288800001,8.6377153928202155,3.1432268355499999e-08,contraction
1326,1326,0.00222843514927,447.74538993300001,13.7953129293,-382457.58873100003,382457.58873100003,5681.0379751,8.644889237114965,3.0984507816999999e-08,contraction
1327,1327,0.0022181964197999999,449.81670454099998,13.7953246608,-385211.56312900002,385211.56312900002,5721.9456040699997,8.6520641671108311,3.0543059417999999e-08,contraction
1328,1328,0.0022080047330200001,451.897579904,13.7953363084,-387985.79088599997,387985.79088599997,5763.1540771199998,8.6592401866544986,3.0107834899000001e-08,contraction
1329,1329,0.0021978598727800001,453.98806015000002,13.795347872700001,-390780.42543599999,390780.42543599999,5804.6656733700001,8.6664172996000737,2.9678747226799999e-08,contraction
1330,1330,0.00218776162395,456.08818961499998,13.7953593544,-393595.621423,393595.621423,5846.4826899,8.6735955098131399,2.92557105782e-08,contraction
1331,1331,0.0021777097723499998,458.19801283700002,13.7953707539,-396431.53470700001,396431.53470700001,5888.6074418600001,8.6807748211642242,2.8838640322999999e-08,contraction
1332,1332,0.0021677041048199998,460.31757456000003,13.795382071800001,-399288.32237800001,399288.32237800001,5931.0422626700001,8.6879552375374995,2.84274530073e-08,contraction
1333,1333,0.00215774440915,462.44691973599998,13.7953933088,-402166.14276299998,402166.14276299998,5973.7895041199999,8.6951367628221661,2.8022066337399999e-08,contraction
1334,1334,0.0021478304741299999,464.58609352299999,13.795404465300001,-405065.15543599997,405065.15543599997,6016.8515365499998,8.7023194009172737,2.7622399163800001e-08,contraction
1335,1335,0.0021379620895000001,466.73514128699998,13.795415542000001,-407985.52123399999,407985.52123399999,6060.2307490000003,8.7095031557311735,2.7228371465100001e-08,contraction
1336,1336,0.00212813904598,468.89410860499999,13.795426539399999,-410927.40225799999,410927.40225799999,6103.9295493600002,8.7166880311807802,2.6839904332799999e-08,contraction
1337,1337,0.00211836113525,471.06304126399999,13.7954374581,-413890.96189099998,413890.96189099998,6147.9503645200002,8.7238740311906326,2.6456919955400001e-08,contraction
1338,1338,0.0021086281499299998,473.24198525999998,13.7954482986,-416876.36480799998,416876.36480799998,6192.29564054,8.7310611596950256,2.6079341603500001e-08,contraction
1339,1339,0.0020989398836199998,475.43098680499997,13.795459061400001,-419883.77698000002,419883.77698000002,6236.9678428099996,8.738249420638212,2.5707093615e-08,contraction
1340,1340,0.0020892961308500001,477.63009232299999,13.7954697472,-422913.36569499999,422913.36569499999,6281.9694561699998,8.7454388179680205,2.5340101379900001e-08,contraction
1341,1341,0.0020796966871,479.83934844999999,13.795480356300001,-425965.29955900001,425965.29955900001,6327.3029851399997,8.752629355646901,2.49782913259e-08,contraction
1342,1342,0.0020701413487900001,482.05880203999999,13.7954908895,-429039.74851300003,429039.74851300003,6372.97095403,8.7598210376434658,2.46215909043e-08,contraction
1343,1343,0.00206062991327,484.28850016199999,13.7955013472,-432136.88384299999,432136.88384299999,6418.9759070999999,8.7670138679319347,2.4269928575299998e-08,contraction
1344,1344,0.0020511621788299999,486.52849010300002,13.795511729899999,-435256.87819000002,435256.87819000002,6465.3204087900003,8.7742078505022381,2.3923233794400001e-08,contraction
1345,1345,0.0020417379446699998,488.77881936799997,13.7955220382,-438399.90556099999,438399.90556099999,6512.0070437900004,8.7814029893448744,2.3581436998700001e-08,contraction
1346,1346,0.00203235701094,491.03953568100002,13.795532272599999,-441566.14134099998,441566.14134099998,6559.0384172900003,8.7885992884636543,2.32444695931e-08,contraction
1347,1347,0.0020230191786800001,493.310686987,13.7955424336,-444755.76230499998,444755.76230499998,6606.4171551199997,8.7957967518710074,2.2912263936699999e-08,contraction
1348,1348,0.00201372424986,495.59232144999999,13.795552521699999,-447968.94662900001,447968.94662900001,6654.1459038900002,8.8029953835832888,2.258475333e-08,contraction
1349,1349,0.0020044720273700001,497.88448746,13.7955625375,-451205.87390300003,451205.87390300003,6702.2273312200005,8.8101951876294784,2.2261872001699998e-08,contraction
1350,1350,0.00199526231497,500.18723362700001,13.795572481400001,-454466.72513699997,454466.72513699997,6750.6641258899999,8.8173961680474342,2.19435550959e-08,contraction
1351,1351,0.0019860949173599999,502.50060878800002,13.7955823539,-457751.68278199999,457751.68278199999,6799.4589979900002,8.8245983288800858,2.1629738659099999e-08,contraction
1352,1352,0.00197696964011,504.82466200300001,13.7955921556,-461060.93073299999,461060.93073299999,6848.6146791299998,8.8318016741803298,2.1320359628100001e-08,contraction
1353,1353,0.0019678862897100002,507.15944256099999,13.795601887,-464394.65434900002,464394.65434900002,6898.1339226099999,8.8390062080096854,2.1015355817499999e-08,contraction
1354,1354,0.0019588446735099999,509.50499997499998,13.7956115484,-467753.04045700002,467753.04045700002,6948.0195035999996,8.8462119344382302,2.0714665907600001e-08,contraction
1355,1355,0.00194984459976,511.86138399100003,13.7956211405,-471136.27737199998,471136.27737199998,6998.2742193100003,8.8534188575428736,2.0418229432199999e-08,contraction
1356,1356,0.0019408858775900001,514.22864458200002,13.795630663700001,-474544.55490300001,474544.55490300001,7048.9008891800004,8.8606269814083252,2.0125986767e-08,contraction
1357,1357,0.0019319683170199999,516.606831951,13.7956401185,-477978.06436999998,477978.06436999998,7099.9023550800002,8.8678363101292028,1.9837879118000001e-08,contraction
1358,1358,0.0019230917289100001,518.99599653400003,13.7956495054,-481436.99861499999,481436.99861499999,7151.2814814900003,8.8750468478090223,1.95538485097e-08,contraction
1359,1359,0.00191425592502,521.39618899899995,13.7956588249,-484921.552012,484921.552012,7203.0411556600002,8.882258598556227,1.9273837773999998e-08,contraction
1360,1360,0.0019054607179599999,523.80746024999996,13.7956680773,-488431.92048500001,488431.92048500001,7255.1842878400003,8.8894715664898172,1.8997790538699999e-08,contraction
1361,1361,0.00189670592121,526.22986142299999,13.7956772633,-491968.30151700001,491968.30151700001,7307.7138114400004,8.8966857557349162,1.87256512171e-08,contraction
1362,1362,0.0018879913491000001,528.66344389200003,13.7956863832,-495530.894164,495530.894164,7360.6326832699997,8.9039011704291813,1.8457364996399999e-08,contraction
1363,1363,0.0018793168168,531.10825926699999,13.795695437599999,-499119.89906700002,499119.89906700002,7413.9438836500003,8.9111178147111669,1.8192877827400001e-08,contraction
1364,1364,0.0018706821403699999,533.56435939699998,13.7957044268,-502735.51847000001,502735.51847000001,7467.6504167000003,8.9183356927330646,1.7932136413800002e-08,contraction
1365,1365,0.0018620871366600001,536.03179637000005,13.7957133514,-506377.95622499997,506377.95622499997,7521.75531047,8.9255548086514001,1.7675088201800001e-08,contraction
1366,1366,0.0018535316234099999,538.51062251500002,13.795722211799999,-510047.41781499999,510047.41781499999,7576.2616171899999,8.9327751666337303,1.7421681369500001e-08,contraction
1367,1367,0.0018450154191799999,541.00089040199998,13.795731008400001,-513744.11035899998,513744.11035899998,7631.1724134300002,8.9399967708530319,1.7171864817500002e-08,contraction
1368,1368,0.0018365383433500001,543.50265284199997,13.7957397417,-517468.24263200001,517468.24263200001,7686.4908003399996,8.9472196254925098,1.6925588158e-08,contraction
1369,1369,0.00182810021614,546.01596289400004,13.7957484122,-521220.02507500001,521220.02507500001,7742.2199037999999,8.9544437347383408,1.6682801705599999e-08,contraction
1370,1370,0.00181970085861,548.54087385800005,13.7957570202,-524999.66981200001,524999.66981200001,7798.3628747100001,8.9616691027904523,1.6443456467100002e-08,contraction
1371,1371,0.00181134009262,551.07743928100001,13.7957655663,-528807.39065800002,528807.39065800002,7854.92288912,8.9688957338522304,1.6207504132400001e-08,contraction
1372,1372,0.0018030177408599999,553.62571295800001,13.7957740509,-532643.40314399998,532643.40314399998,7911.9031484899997,8.9761236321368774,1.59748970644e-08,contraction
1373,1373,0.00179473362683,556.18574893200002,13.795782474299999,-536507.92451899999,536507.92451899999,7969.3068798699996,8.9833528018632141,1.5745588290200001e-08,contraction
1374,1374,0.0017864875748500001,558.75760149500002,13.795790837,-540401.17377400002,540401.17377400002,8027.1373361400001,8.9905832472589164,1.5519531491700001e-08,contraction
1375,1375,0.00177827941004,561.34132519000002,13.7957991395,-544323.37164999999,544323.37164999999,8085.3977962299996,8.9978149725608905,1.52966809964e-08,contraction
1376,1376,0.00177010895832,563.93697481200002,13.7958073822,-548274.740658,548274.740658,8144.0915652900003,9.0050479820092697,1.5076991768799999e-08,contraction
1377,1377,0.0017619760464099999,566.54460540900004,13.7958155654,-552255.505091,552255.505091,8203.2219749800006,9.0122822798560609,1.4860419401e-08,contraction
1378,1378,0.0017538805018400001,569.16427228099997,13.795823689700001,-556265.89103599999,556265.89103599999,8262.7923836299997,9.0195178703574435,1.46469201045e-08,contraction
1379,1379,0.00174582215292,571.79603098600001,13.7958317554,-560306.12639700004,560306.12639700004,8322.8061765000002,9.026754757778189,1.4436450701400001e-08,contraction
1380,1380,0.0017378008287499999,574.43993733699995,13.7958397629,-564376.44090199994,564376.44090199994,8383.2667660000006,9.0339929463908746,1.42289686161e-08,contraction
1381,1381,0.00172981635922,577.09604740600003,13.795847712700001,-568477.066124,568477.066124,8444.17759191,9.0412324404749018,1.4024431866599999e-08,contraction
1382,1382,0.0017218685749899999,579.76441752100004,13.7958556051,-572608.23549200001,572608.23549200001,8505.5421216199993,9.0484732443176643,1.38227990566e-08,contraction
1383,1383,0.00171395730751,582.44510427399996,13.7958634405,-576770.18431200006,576770.18431200006,8567.3638503300008,9.0557153622107638,1.3624029367100001e-08,contraction
1384,1384,0.001706082389,585.13816451399998,13.7958712195,-580963.14977699996,580963.14977699996,8629.6463013499997,9.0629587984577373,1.34280825487e-08,contraction
1385,1385,0.00169824365246,587.843655356,13.7958789422,-585187.37098699994,585187.37098699994,8692.3930262499998,9.070203557363957,1.32349189134e-08,contraction
1386,1386,0.00169044093164,590.56163417499999,13.7958866093,-589443.08896299999,589443.08896299999,8755.60760519,9.0774496432472844,1.30444993271e-08,contraction
1387,1387,0.0016826740610700001,593.29215861600005,13.795894220899999,-593730.54666300002,593730.54666300002,8819.2936470700006,9.0846970604276205,1.2856785201600001e-08,contraction
1388,1388,0.0016749428760300001,596.035286584,13.795901777599999,-598049.98900199996,598049.98900199996,8883.4547898399996,9.0919458132346662,1.2671738487200001e-08,contraction
1389,1389,0.0016672472125499999,598.791076256,13.7959092797,-602401.66286100005,602401.66286100005,8948.0947007199993,9.0991959060050664,1.24893216654e-08,contraction
1390,1390,0.0016595869074400001,601.55958607399998,13.7959167276,-606785.81711299997,606785.81711299997,9013.2170764399998,9.1064473430816424,1.2309497741000001e-08,contraction
1391,1391,0.0016519617982300001,604.34087475399997,13.795924121700001,-611202.70262999996,611202.70262999996,9078.8256434899995,9.1137001288135213,1.2132230235500001e-08,contraction
1392,1392,0.0016443717232100001,607.13500127899999,13.7959314624,-615652.57230799994,615652.57230799994,9144.9241583900002,9.1209542675582096,1.1957483179399999e-08,contraction
1393,1393,0.00163681652143,609.94202490600003,13.795938749999999,-620135.681079,620135.681079,9211.5164079000006,9.1282097636768178,1.1785221105400001e-08,contraction
1394,1394,0.00162929603264,612.76200516500001,13.795945984899999,-624652.28593200003,624652.28593200003,9278.6062093500004,9.1354666215421805,1.16154090413e-08,contraction
1395,1395,0.0016218100973600001,615.59500186100001,13.7959531674,-629202.64592599997,629202.64592599997,9346.1974107999995,9.1427248455281998,1.14480125034e-08,contraction
1396,1396,0.0016143585568300001,618.44107507700005,13.795960298100001,-633787.02221099997,633787.02221099997,9414.2938913800008,9.1499844400185193,1.1282997489200001e-08,contraction
1397,1397,0.0016069412530100001,621.30028516899995,13.7959673771,-638405.67804300005,638405.67804300005,9482.8995615299991,9.1572454094040374,1.11203304713e-08,contraction
1398,1398,0.0015995580286100001,624.17269277599996,13.795974405000001,-643058.87880499999,643058.87880499999,9552.0183632299995,9.1645077580792371,1.09599783903e-08,contraction
1399,1399,0.00159220872705,627.05835881300004,13.795981381900001,-647746.89202300005,647746.89202300005,9621.6542703199993,9.1717714904477816,1.0801908648699999e-08,contraction
1400,1400,0.00158489319246,629.95734447999996,13.7959883084,-652469.98738099996,652469.98738099996,9691.8112887299994,9.1790366109183381,1.0646089104299999e-08,contraction
1401,1401,0.0015776112697,632.86971125699995,13.795995184700001,-657228.43674799998,657228.43674799998,9762.4934567599994,9.1863031239054624,1.0492488063900001e-08,contraction
1402,1402,0.00157036280433,635.79552090799996,13.796002011300001,-662022.51418499998,662022.51418499998,9833.7048453700008,9.1935710338312067,1.0341074277e-08,contraction
1403,1403,0.00156314764264,638.73483548299998,13.7960087884,-666852.49597499997,666852.49597499997,9905.4495584399992,9.2008403451233889,1.01918169297e-08,contraction
1404,1404,0.0015559656316100001,641.68771731699997,13.796015516400001,-671718.66063099995,671718.66063099995,9977.7317330499991,9.2081110622156945,1.00446856386e-08,contraction
1405,1405,0.00154881661891,644.65422903499996,13.796022195700001,-676621.288925,676621.288925,10050.5555398,9.2153831895515115,9.8996504451999995e-09,contraction
1406,1406,0.00154170045295,647.63443354799995,13.796028826500001,-681560.66390000004,681560.66390000004,10123.9251829,9.222656731564614,9.7566818092599995e-09,contraction
1407,1407,0.0015346169828,650.62839406099999,13.7960354093,-686537.07089099998,686537.07089099998,10197.8449009,9.2299316927232162,9.6157506035799994e-09,contraction
1408,1408,0.00152756605824,653.63617406699996,13.796041944400001,-691550.79754499998,691550.79754499998,10272.3189664,9.2372080774725607,9.4768281080899993e-09,contraction
1409,1409,0.00152054752973,656.65783735499997,13.796048432099999,-696602.13384300005,696602.13384300005,10347.351686800001,9.2444858902802522,9.33988600413e-09,contraction
1410,1410,0.00151356124844,659.69344800800002,13.796054872699999,-701691.37211400003,701691.37211400003,10422.947404500001,9.25176513562662,9.20489636896e-09,contraction
1411,1411,0.00150660706619,662.74307040199994,13.796061266700001,-706818.80706100003,706818.80706100003,10499.1104968,9.2590458179666548,9.0718316702099995e-09,contraction
1412,1412,0.0014996848355,665.80676921400004,13.7960676142,-711984.73577599996,711984.73577599996,10575.845376900001,9.2663279417973747,8.9406647604699992e-09,contraction
1413,1413,0.0014927944095800001,668.88460941699998,13.796073915699999,-717189.45776500006,717189.45776500006,10653.1564936,9.2736115115999862,8.8113688719300002e-09,contraction
1414,1414,0.0014859356422899999,671.976656284,13.7960801715,-722433.27496499999,722433.27496499999,10731.048331800001,9.2808965318588363,8.6839176111400007e-09,contraction
1415,1415,0.0014791083881700001,675.08297539199998,13.7960863818,-727716.49176500004,727716.49176500004,10809.5254131,9.2881830070885645,8.5582849537599994e-09,contraction
1416,1416,0.0014723125024300001,678.20363261700004,13.796092547000001,-733039.41503000003,733039.41503000003,10888.592295500001,9.2954709417771575,8.4344452394499996e-09,contraction
1417,1417,0.00146554784096,681.33869414200001,13.796098667500001,-738402.35411800002,738402.35411800002,10968.2535744,9.3027603404497352,8.3123731668200007e-09,contraction
1418,1418,0.0014588142602799999,684.48822645300004,13.796104743500001,-743805.620903,743805.620903,11048.513882200001,9.3100512076026245,8.1920437884399993e-09,contraction
1419,1419,0.00145211161759,687.65229634399998,13.796110775400001,-749249.529797,749249.529797,11129.3778893,9.3173435477658106,8.0734325058999992e-09,contraction
1420,1420,0.00144543977075,690.83097091900004,13.796116763400001,-754734.39777100005,754734.39777100005,11210.850303900001,9.324637365455402,7.9565150649700002e-09,contraction
1421,1421,0.00143879857826,694.02431758900002,13.796122708,-760260.54437500006,760260.54437500006,11292.9358727,9.3319326652075922,7.8412675508199996e-09,contraction
1422,1422,0.00143218789927,697.23240407699996,13.7961286093,-765828.29176299996,765828.29176299996,11375.6393809,9.3392294515493575,7.7276663832800007e-09,contraction
1423,1423,0.0014256075936000001,700.45529841999996,13.7961344677,-771437.96471500001,771437.96471500001,11458.965652999999,9.3465277290399857,7.6156883122099999e-09,contraction
1424,1424,0.0014190575216900001,703.69306896700004,13.7961402835,-777089.89065700001,777089.89065700001,11542.9195523,9.3538275021979196,7.5053104129200001e-09,contraction
1425,1425,0.0014125375446200001,706.94578438400004,13.796146057,-782784.39968499995,782784.39968499995,11627.5059822,9.3611287755853265,7.39651008161e-09,contraction
1426,1426,0.0014060475241299999,710.21351365299995,13.7961517884,-788521.82458599994,788521.82458599994,11712.729885999999,9.3684315537606793,7.28926503091e-09,contraction
1427,1427,0.0013995873225700001,713.49632607599995,13.7961574782,-794302.50086499995,794302.50086499995,11798.596247199999,9.3757358412755085,7.1835532855199998e-09,contraction
1428,1428,0.0013931568029500001,716.79429127100002,13.7961631266,-800126.76676400006,800126.76676400006,11885.110090100001,9.3830416426962824,7.0793531778299997e-09,contraction
1429,1429,0.0013867558288699999,720.10747918300001,13.7961687338,-805994.96328799997,805994.96328799997,11972.27648,9.3903489625916627,6.9766433436499998e-09,contraction
1430,1430,0.0013803842646,723.43596007500003,13.796174300200001,-811907.43422699999,811907.43422699999,12060.1005236,9.3976578055366531,6.8754027179800003e-09,contraction
1431,1431,0.0013740419750099999,726.77980453700002,13.796179826099999,-817864.52618199994,817864.52618199994,12148.5873692,9.4049681760998247,6.77561053089e-09,contraction
1432,1432,0.0013677288256,730.13908348300004,13.7961853117,-823866.58858500002,823866.58858500002,12237.742207400001,9.4122800788717065,6.6772463033600001e-09,contraction
1433,1433,0.0013614446824700001,733.51386815700005,13.7961907574,-829913.97372699995,829913.97372699995,12327.570271099999,9.4195935184349047,6.58028984325e-09,contraction
1434,1434,0.00135518941235,736.90423012899998,13.796196163399999,-836007.03678099997,836007.03678099997,12418.076836099999,9.4269084993835506,6.48472124134e-09,contraction
1435,1435,0.00134896288259,740.31024130100002,13.796201529899999,-842146.13582700002,842146.13582700002,12509.2672212,9.4342250263017036,6.3905208673399997e-09,contraction
1436,1436,0.00134276496114,743.73197390600001,13.7962068574,-848331.63187599997,848331.63187599997,12601.146789,9.4415431037979562,6.2976693660499997e-09,contraction
1437,1437,0.0013365955165499999,747.16950051100002,13.796212146,-854563.88889599999,854563.88889599999,12693.7209458,9.4488627364673849,6.2061476535200003e-09,contraction
1438,1438,0.00133045441798,750.62289401800001,13.796217395999999,-860843.27383700002,860843.27383700002,12786.995142399999,9.4561839289252738,6.1159369132600002e-09,contraction
1439,1439,0.0013243415351900001,754.092227665,13.796222607700001,-867170.15665699996,867170.15665699996,12880.9748741,9.4635066857769967,6.0270185925399998e-09,contraction
1440,1440,0.0013182567385599999,757.57757502899995,13.796227781400001,-873544.910347,873544.910347,12975.665681300001,9.4708310116351857,5.9393743987000001e-09,contraction
1441,1441,0.0013121998990199999,761.079010025,13.796232917299999,-879967.91095699999,879967.91095699999,13071.0731498,9.4781569111129418,5.8529862955299996e-09,contraction
1442,1442,0.00130617088813,764.59660691099998,13.7962380158,-886439.53762299998,886439.53762299998,13167.2029115,9.4854843888474587,5.7678364997200001e-09,contraction
1443,1443,0.0013001695780300001,768.13044028700006,13.796243077,-892960.17259199999,892960.17259199999,13264.060644200001,9.4928134494544913,5.6839074773199998e-09,contraction
1444,1444,0.0012941958414499999,771.68058509599996,13.7962481012,-899530.20125200006,899530.20125200006,13361.6520724,9.5001440975593745,5.6011819402700003e-09,contraction
1445,1445,0.0012882495516900001,775.24711662899995,13.7962530888,-906150.012154,906150.012154,13459.9829677,9.5074763377967297,5.5196428429799996e-09,contraction
1446,1446,0.00128233058266,778.83011052300003,13.7962580399,-912819.99704299995,912819.99704299995,13559.0591491,9.5148101748025251,5.4392733789599996e-09,contraction
1447,1447,0.0012764388088100001,782.42964276600003,13.7962629548,-919540.55088400003,919540.55088400003,13658.8864835,9.5221456132208644,5.3600569774700003e-09,contraction
1448,1448,0.00127057410521,786.04578969500005,13.7962678338,-926312.07189100003,926312.07189100003,13759.470885799999,9.529482657681136,5.2819773002600002e-09,contraction
1449,1449,0.0012647363474700001,789.678628,13.796272677199999,-933134.96155200002,933134.96155200002,13860.8183199,9.5368213128408197,5.20501823831e-09,contraction
1450,1450,0.00125892541179,793.32823472400003,13.796277485099999,-940009.62466099998,940009.62466099998,13962.9347985,9.5441615833402302,5.1291639086599996e-09,contraction
1451,1451,0.0012531411749399999,796.99468726800001,13.7962822578,-946936.46934199997,946936.46934199997,14065.826384,9.5515034738371458,5.0543986512499996e-09,contraction
1452,1452,0.0012473835142400001,800.67806338800006,13.796286995699999,-953915.90708100004,953915.90708100004,14169.4991885,9.558846988976164,4.9807070257799996e-09,contraction
1453,1453,0.0012416523075899999,804.37844119900001,13.796291698799999,-960948.352755,960948.352755,14273.9593747,9.566192133422156,4.90807380873e-09,contraction
1454,1454,0.0012359474334400001,808.09589917799997,13.7962963676,-968034.22465800005,968034.22465800005,14379.213156,9.573538911836371,4.8364839902600003e-09,contraction
1455,1455,0.0012302687708100001,811.83051616399996,13.7963010021,-975173.94453500002,975173.94453500002,14485.266796800001,9.5808873288671013,4.7659227712700003e-09,contraction
1456,1456,0.00122461619927,815.58237135900004,13.7963056027,-982367.937607,982367.937607,14592.126613500001,9.5882373891884747,4.6963755604500003e-09,contraction
1457,1457,0.0012189895989199999,819.35154433000002,13.7963101697,-989616.63260500005,989616.63260500005,14699.7989745,9.5955890974692402,4.6278279714100001e-09,contraction
1458,1458,0.0012133888504600001,823.13811501299995,13.7963147032,-996920.46179700003,996920.46179700003,14808.2903007,9.6029424583764058,4.5602658197799997e-09,contraction
1459,1459,0.0012078138351100001,826.94216371200002,13.7963192034,-1004279.86102,1004279.86102,14917.607066,9.6102974765784577,4.4936751204299998e-09,contraction
1460,1460,0.0012022644346199999,830.76377110299995,13.7963236707,-1011695.26971,1011695.26971,15027.7557978,9.6176541567481486,4.4280420846899996e-09,contraction
1461,1461,0.0011967405313100001,834.60301823099996,13.796328105200001,-1019167.1309399999,1019167.1309399999,15138.743077499999,9.6250125035649052,4.3633531175800001e-09,contraction
1462,1462,0.00119124200803,838.45998651900004,13.796332507200001,-1026695.89144,1026695.89144,15250.575540899999,9.6323725217102929,4.2995948151400004e-09,contraction
1463,1463,0.0011857687481699999,842.33475776399996,13.796336877,-1034282.00163,1034282.00163,15363.259878499999,9.6397342158568851,4.2367539617800002e-09,contraction
1464,1464,0.00118032063565,846.22741414100005,13.7963412147,-1041925.91565,1041925.91565,15476.8028364,9.6470975906961254,4.17481752761e-09,contraction
1465,1465,0.00117489755494,850.13803820199996,13.796345520499999,-1049628.09143,1049628.09143,15591.2112161,9.654462650894132,4.1137726658600004e-09,contraction
1466,1466,0.0011694993910200001,854.06671288500002,13.796349794799999,-1057388.99064,1057388.99064,15706.491875899999,9.6618294011510404,4.05360671037e-09,contraction
1467,1467,0.00116412602941,858.01352150499997,13.7963540376,-1065209.0788199999,1065209.0788199999,15822.651730600001,9.6691978461500128,3.9943071730100003e-09,contraction
1468,1468,0.0011587773561600001,861.97854776700001,13.796358249400001,-1073088.8253500001,1073088.8253500001,15939.697752300001,9.6765679905772313,3.9358617412500002e-09,contraction
1469,1469,0.00115345325782,865.96187575800002,13.7963624302,-1081028.7034700001,1081028.7034700001,16057.636970899999,9.6839398391220346,3.8782582756699998e-09,contraction
1470,1470,0.0011481536215,869.96358995599996,13.796366580200001,-1089029.1903899999,1089029.1903899999,16176.476474499999,9.6913133964706084,3.8214848075700002e-09,contraction
1471,1471,0.0011428783347899999,873.98377522700002,13.796370699800001,-1097090.76725,1097090.76725,16296.2234102,9.6986886673242036,3.7655295365799998e-09,contraction
1472,1472,0.00113762728582,878.02251683099996,13.7963747891,-1105213.91919,1105213.91919,16416.884984200002,9.7060656563736494,3.7103808282999998e-09,contraction
1473,1473,0.0011324003632399999,882.07990041899996,13.7963788484,-1113399.13537,1113399.13537,16538.468462500001,9.7134443683109666,3.6560272120100001e-09,contraction
1474,1474,0.0011271974561799999,886.15601203799997,13.796382877799999,-1121646.909,1121646.909,16660.981171399999,9.7208248078281958,3.60245737835e-09,contraction
1475,1475,0.0011220184543,890.25093813399997,13.7963868776,-1129957.7374199999,1129957.7374199999,16784.430498099999,9.7282069796219641,3.54966017713e-09,contraction
1476,1476,0.0011168632477799999,894.36476555000002,13.7963908479,-1138332.12206,1138332.12206,16908.823891200002,9.7355908883916378,3.4976246150099999e-09,contraction
1477,1477,0.00111173172728,898.49758153000005,13.796394789100001,-1146770.56856,1146770.56856,17034.1688612,9.7429765388372847,3.4463398534299998e-09,contraction
1478,1478,0.00110662378398,902.64947372200004,13.796398701199999,-1155273.5867099999,1155273.5867099999,17160.472980899998,9.7503639356516114,3.39579520633e-09,contraction
1479,1479,0.0011015393095400001,906.82053017800001,13.796402584599999,-1163841.6906000001,1163841.6906000001,17287.743886100001,9.7577530835293231,3.3459801381300001e-09,contraction
1480,1480,0.00109647819614,911.01083935600002,13.7964064393,-1172475.39854,1172475.39854,17415.989276299999,9.7651439871757919,3.2968842615299998e-09,contraction
1481,1481,0.00109144033645,915.220490122,13.796410265700001,-1181175.2331999999,1181175.2331999999,17545.2169149,9.7725366512865719,3.2484973355300002e-09,contraction
1482,1482,0.0010864256236200001,919.44957175299999,13.7964140639,-1189941.7215700001,1189941.7215700001,17675.43463,9.7799310805614521,3.2008092633200001e-09,contraction
1483,1483,0.0010814339513000001,923.69817393799997,13.7964178341,-1198775.3950400001,1198775.3950400001,17806.650314899998,9.787327279700774,3.1538100902900001e-09,contraction
1484,1484,0.0010764652136299999,927.96638677999999,13.7964215765,-1207676.78942,1207676.78942,17938.871928600001,9.7947252534016283,3.1074900020599998e-09,contraction
1485,1485,0.0010715193052400001,932.25430079700004,13.7964252913,-1216646.4450099999,1216646.4450099999,18072.1074964,9.8021250063594536,3.0618393224899999e-09,contraction
1486,1486,0.0010665961212299999,936.56200692599998,13.7964289787,-1225684.90658,1225684.90658,18206.3651106,9.8095265432747816,3.0168485117800002e-09,contraction
1487,1487,0.0010616955572,940.88959652300002,13.796432639000001,-1234792.72346,1234792.72346,18341.652931100001,9.8169298688539417,2.97250816454e-09,contraction
1488,1488,0.0010568175092099999,945.23716136600001,13.796436272199999,-1243970.4495699999,1243970.4495699999,18477.9791855,9.8243349877823878,2.9288090079299998e-09,contraction
1489,1489,0.00105196187382,949.60479365599997,13.796439878599999,-1253218.6434299999,1253218.6434299999,18615.352170300001,9.8317419047579993,2.8857418997900001e-09,contraction
1490,1490,0.0010471285480499999,953.99258602099997,13.796443458400001,-1262537.8682599999,1262537.8682599999,18753.7802514,9.8391506244853044,2.84329782684e-09,contraction
1491,1491,0.00104231742939,958.40063151599998,13.7964470118,-1271928.69193,1271928.69193,18893.271864400002,9.8465611516590901,2.8014679028499999e-09,contraction
1492,1492,0.00103752841582,962.829023624,13.7964505389,-1281391.6871100001,1281391.6871100001,19033.8355152,9.853973490964183,2.7602433668900001e-09,contraction
1493,1493,0.0010327614057599999,967.27785626100001,13.79645404,-1290927.43123,1290927.43123,19175.4797812,9.861387647106266,2.7196155815699999e-09,contraction
1494,1494,0.0010280162981299999,971.74722377700004,13.7964575153,-1300536.5065299999,1300536.5065299999,19318.213311200001,9.868803624773733,2.6795760312799998e-09,contraction
1495,1495,0.00102329299228,976.23722095599999,13.7964609648,-1310219.50015,1310219.50015,19462.0448263,9.8762214286523271,2.6401163205500002e-09,contraction
1496,1496,0.00101859138805,980.74794301999998,13.7964643888,-1319977.0041199999,1319977.0041199999,19606.9831208,9.8836410634388336,2.6012281723400001e-09,contraction
1497,1497,0.00101391138574,985.27948563099994,13.796467787599999,-1329809.6154499999,1329809.6154499999,19753.037062399999,9.8910625338184488,2.5629034263499999e-09,contraction
1498,1498,0.0010092528860799999,989.83194489300001,13.7964711612,-1339717.93612,1339717.93612,19900.215593199999,9.8984858444830444,2.52513403745e-09,contraction
1499,1499,0.00100461579028,994.40541735199997,13.796474509799999,-1349702.5731599999,1349702.5731599999,20048.527730000002,9.9059110001134201,2.4879120740299998e-09,contraction
1500,1500,0.001,999,13.796477833699999,-1359764.1387,1359764.1387,20197.982565300001,9.9133380053967048,2.45122971642e-09,contraction
1501,1501,0.00099540541735199995,1003.6157902800001,13.796481133,-1369903.2499899999,1369903.2499899999,20348.589267700001,9.9207668650132135,2.41507925533e-09,contraction
1502,1502,0.00099083194489299996,1008.2528860800001,13.7964844078,-1380120.52944,1380120.52944,20500.3570827,9.9281975836430885,2.37945309029e-09,contraction
1503,1503,0.0009862794856310001,1012.91138574,13.7964876584,-1390416.6047100001,1390416.6047100001,20653.295333400001,9.9356301659675239,2.3443437281600001e-09,contraction
1504,1504,0.00098174794302000002,1017.59138805,13.796490885000001,-1400792.1086899999,1400792.1086899999,20807.4134209,9.9430646166552084,2.3097437815900002e-09,contraction
1505,1505,0.00097723722095599997,1022.29299228,13.796494087599999,-1411247.6796200001,1411247.6796200001,20962.720825600001,9.9505009403920202,2.2756459675699999e-09,contraction
1506,1506,0.00097274722377700001,1027.01629813,13.796497266499999,-1421783.96107,1421783.96107,21119.227106999999,9.9579391418380734,2.2420431059600001e-09,contraction
1507,1507,0.00096827785626099996,1031.7614057599999,13.796500421799999,-1432401.60201,1432401.60201,21276.941905200001,9.9653792256662683,2.2089281180299999e-09,contraction
1508,1508,0.00096382902362400003,1036.52841582,13.796503553799999,-1443101.2568999999,1443101.2568999999,21435.8749412,9.9728211965428617,2.1762940250800001e-09,contraction
1509,1509,0.00095940063151599999,1041.3174293899999,13.796506662500001,-1453883.5856600001,1453883.5856600001,21596.0360177,9.9802650591317494,2.1441339470000001e-09,contraction
1510,1510,0.00095499258602099995,1046.1285480500001,13.7965097482,-1464749.2537700001,1464749.2537700001,21757.435019799999,9.9877108180936567,2.1124411009300001e-09,contraction
1511,1511,0.00095060479365600005,1050.9618738199999,13.796512810999999,-1475698.9323100001,1475698.9323100001,21920.081915800001,9.9951584780896408,2.08120879987e-09,contraction
1512,1512,0.00094623716136600004,1055.81750921,13.796515851000001,-1486733.2980200001,1486733.2980200001,22083.9867576,10.002608043766008,2.0504304513300002e-09,contraction
1513,1513,0.00094188959652299995,1060.6955571999999,13.7965188685,-1497853.0333,1497853.0333,22249.159682000001,10.010059519780068,2.02009955604e-09,contraction
1514,1514,0.000937562006926,1065.5961212300001,13.796521863500001,-1509058.82632,1509058.82632,22415.610911,10.017512910779818,1.9902097066199999e-09,contraction
1515,1515,0.00093325430079700005,1070.51930524,13.7965248364,-1520351.3710400001,1520351.3710400001,22583.3507527,10.024968221410809,1.9607545862999999e-09,contraction
1516,1516,0.00092896638677999999,1075.4652136300001,13.7965277871,-1531731.36726,1531731.36726,22752.389601999999,10.032425456313598,1.9317279676600001e-09,contraction
1517,1517,0.00092469817393800002,1080.4339513,13.796530715899999,-1543199.5206899999,1543199.5206899999,22922.737941399999,10.03988462012539,1.90312371136e-09,contraction
1518,1518,0.00092044957175300003,1085.4256236199999,13.796533623,-1554756.5429700001,1554756.5429700001,23094.4063417,10.047345717476954,1.8749357648999999e-09,contraction
1519,1519,0.00091622049012199999,1090.4403364499999,13.796536508399999,-1566403.15176,1566403.15176,23267.4054631,10.054808753006592,1.84715816145e-09,contraction
1520,1520,0.00091201083935599995,1095.4781961399999,13.7965393724,-1578140.07076,1578140.07076,23441.746055399999,10.062273731334765,1.8197850185900001e-09,contraction
1521,1521,0.00090782053017799996,1100.53930954,13.796542215100001,-1589968.02978,1589968.02978,23617.438959200001,10.069740657081889,1.7928105371799999e-09,contraction
1522,1522,0.00090364947372199996,1105.6237839800001,13.7965450366,-1601887.7647899999,1601887.7647899999,23794.495106800001,10.077209534872438,1.76622900015e-09,contraction
1523,1523,0.00089949758153000001,1110.7317272800001,13.7965478372,-1613900.01798,1613900.01798,23972.925522500002,10.084680369313515,1.7400347713800001e-09,contraction
1524,1524,0.00089536476554999997,1115.8632477799999,13.796550616899999,-1626005.5378099999,1626005.5378099999,24152.741323999999,10.092153165019628,1.71422229453e-09,contraction
1525,1525,0.00089125093813399996,1121.0184543,13.7965533759,-1638205.0790500001,1638205.0790500001,24333.9537227,10.09962792659084,1.68878609198e-09,contraction
1526,1526,0.00088715601203799999,1126.19745618,13.7965561143,-1650499.40286,1650499.40286,24516.574024900001,10.107104658628298,1.66372076367e-09,contraction
1527,1527,0.00088307990041900004,1131.4003632399999,13.796558832300001,-1662889.2768399999,1662889.2768399999,24700.613632500001,10.114583365728528,1.6390209860300001e-09,contraction
1528,1528,0.00087902251683100001,1136.62728582,13.7965615301,-1675375.4750600001,1675375.4750600001,24886.084043800001,10.122064052481687,1.61468151092e-09,contraction
1529,1529,0.00087498377522699997,1141.8783347900001,13.796564207799999,-1687958.7781700001,1687958.7781700001,25072.9968544,10.129546723473563,1.5906971645600001e-09,contraction
1530,1530,0.00087096358995599995,1147.1536215000001,13.796566865500001,-1700639.9734100001,1700639.9734100001,25261.363757899999,10.137031383279282,1.5670628464899999e-09,contraction
1531,1531,0.00086696187575800005,1152.4532578200001,13.796569503400001,-1713419.8546800001,1713419.8546800001,25451.196547200001,10.144518036480543,1.5437735285500001e-09,contraction
1532,1532,0.00086297854776699998,1157.77735616,13.796572121600001,-1726299.2226199999,1726299.2226199999,25642.507114700002,10.152006687638874,1.5208242538499999e-09,contraction
1533,1533,0.00085901352150500004,1163.12602941,13.796574720300001,-1739278.8846400001,1739278.8846400001,25835.307453900001,10.159497341323977,1.4982101357599999e-09,contraction
1534,1534,0.00085506671288499998,1168.4993910200001,13.796577299599999,-1752359.655,1752359.655,26029.6096597,10.166990002090541,1.47592635698e-09,contraction
1535,1535,0.00085113803820200003,1173.89755494,13.7965798596,-1765542.3548399999,1765542.3548399999,26225.425929699999,10.174484674493906,1.4539681685e-09,contraction
1536,1536,0.00084722741414100002,1179.32063565,13.7965824005,-1778827.81231,1778827.81231,26422.768564800001,10.181981363078227,1.4323308886800001e-09,contraction
1537,1537,0.00084333475776400004,1184.76874817,13.796584922499999,-1792216.86253,1792216.86253,26621.649970300001,10.189480072383647,1.4110099022899999e-09,contraction
1538,1538,0.00083945998651900004,1190.2420080300001,13.7965874255,-1805710.34776,1805710.34776,26822.082656800001,10.196980806945355,1.3900006595900001e-09,contraction
1539,1539,0.00083560301823100002,1195.7405313100001,13.7965899099,-1819309.1173700001,1819309.1173700001,27024.079240999999,10.204483571288694,1.3692986753999999e-09,contraction
1540,1540,0.00083176377110300004,1201.26443462,13.7965923757,-1833014.02795,1833014.02795,27227.652447,10.211988369942523,1.3488995281799999e-09,contraction
1541,1541,0.00082794216371200003,1206.8138351099999,13.7965948231,-1846825.9433800001,1846825.9433800001,27432.815106499998,10.219495207411578,1.32879885919e-09,contraction
1542,1542,0.00082413811501299997,1212.38885046,13.7965972522,-1860745.7348799999,1860745.7348799999,27639.5801608,10.227004088214869,1.30899237154e-09,contraction
1543,1543,0.00082035154433,1217.9895989199999,13.7965996631,-1874774.2810500001,1874774.2810500001,27847.960660699999,10.23451501684664,1.28947582936e-09,contraction
1544,1544,0.00081658237135900002,1223.6161992699999,13.796602055899999,-1888912.46798,1888912.46798,28057.969768200001,10.242027997802907,1.27024505693e-09,contraction
1545,1545,0.00081283051616399995,1229.26877081,13.7966044308,-1903161.1893,1903161.1893,28269.620757199998,10.249543035571124,1.2512959378599999e-09,contraction
1546,1546,0.00080909589917799998,1234.9474334399999,13.796606788,-1917521.3462400001,1917521.3462400001,28482.927014699999,10.257060134637543,1.2326244142200001e-09,contraction
1547,1547,0.00080537844119900001,1240.65230759,13.7966091275,-1931993.8476799999,1931993.8476799999,28697.902041199999,10.26457929946605,1.2142264857399999e-09,contraction
1548,1548,0.00080167806338800004,1246.3835142400001,13.7966114494,-1946579.6102700001,1946579.6102700001,28914.559452599999,10.27210053452951,1.19609820898e-09,contraction
1549,1549,0.000797994687268,1252.1411749399999,13.796613753999999,-1961279.55843,1961279.55843,29132.912980500001,10.279623844284467,1.17823569658e-09,contraction
1550,1550,0.00079432823472399996,1257.92541179,13.7966160413,-1976094.6244999999,1976094.6244999999,29352.976473499999,10.287149233180724,1.1606351164e-09,contraction
1551,1551,0.00079067862800000005,1263.7363474700001,13.7966183115,-1991025.74871,1991025.74871,29574.7638983,10.294676705663411,1.1432926908e-09,contraction
1552,1552,0.00078704578969500004,1269.57410521,13.7966205646,-2006073.8793599999,2006073.8793599999,29798.2893405,10.302206266164577,1.1262046958700001e-09,contraction
1553,1553,0.00078342964276600002,1275.43880881,13.7966228008,-2021239.97279,2021239.97279,30023.567006000001,10.309737919114808,1.1093674606299999e-09,contraction
1554,1554,0.00077983011052299995,1281.3305826599999,13.7966250202,-2036524.9935300001,2036524.9935300001,30250.6112216,10.317271668927583,1.0927773663400001e-09,contraction
1555,1555,0.00077624711662899995,1287.2495516900001,13.796627223,-2051929.9143099999,2051929.9143099999,30479.436436600001,10.324807520016787,1.07643084572e-09,contraction
1556,1556,0.00077268058509599995,1293.19584145,13.796629409199999,-2067455.7161900001,2067455.7161900001,30710.057223600001,10.332345476787088,1.0603243822599999e-09,contraction
1557,1557,0.00076913044028700003,1299.1695780299999,13.796631579,-2083103.3885999999,2083103.3885999999,30942.4882794,10.339885543627647,1.0444545095e-09,contraction
1558,1558,0.00076559660691099998,1305.1708881300001,13.7966337325,-2098873.9293999998,2098873.9293999998,31176.744426500001,10.347427724925023,1.0288178102899999e-09,contraction
1559,1559,0.00076207901002499996,1311.19989902,13.796635869899999,-2114768.3449900001,2114768.3449900001,31412.840614000001,10.354972025056092,1.01341091616e-09,contraction
1560,1560,0.00075857757502899997,1317.25673856,13.796637991100001,-2130787.65038,2130787.65038,31650.791918700001,10.362518448387261,9.9823050657700004e-10,contraction
1561,1561,0.00075509222766499998,1323.3415351900001,13.796640096400001,-2146932.8692299998,2146932.8692299998,31890.613546299999,10.370066999276537,9.8327330829799991e-10,contraction
1562,1562,0.00075162289401800001,1329.45441798,13.7966421859,-2163205.0339700002,2163205.0339700002,32132.320832500001,10.377617682072064,9.6853609470099998e-10,contraction
1563,1563,0.00074816950051099997,1335.59551655,13.796644259700001,-2179605.1858799998,2179605.1858799998,32375.929244200001,10.385170501113482,9.5401568512700003e-10,contraction
1564,1564,0.000744731973906,1341.76496114,13.796646317800001,-2196134.3750999998,2196134.3750999998,32621.454380700001,10.392725460732908,9.3970894423200003e-10,contraction
1565,1565,0.00074131024130100003,1347.9628825899999,13.796648360500001,-2212793.6608000002,2212793.6608000002,32868.9119747,10.400282565249451,9.2561278134999996e-10,contraction
1566,1566,0.000737904230129,1354.1894123500001,13.7966503877,-2229584.1112099998,2229584.1112099998,33118.317893699998,10.407841818975735,9.1172414986400004e-10,contraction
1567,1567,0.00073451386815699996,1360.4446824700001,13.796652399699999,-2246506.80369,2246506.80369,33369.688140899998,10.415403226208792,8.9804004658600005e-10,contraction
1568,1568,0.00073113908348300003,1366.7288255999999,13.796654396599999,-2263562.82485,2263562.82485,33623.038856799998,10.422966791241894,8.8455751114200004e-10,contraction
1569,1569,0.00072777980453699997,1373.04197501,13.7966563784,-2280753.2705999999,2280753.2705999999,33878.386320099999,10.430532518354822,8.7127362537299998e-10,contraction
1570,1570,0.00072443596007500002,1379.3842646000001,13.796658345299999,-2298079.2462399998,2298079.2462399998,34135.746949100001,10.438100411818915,8.5818551273999997e-10,contraction
1571,1571,0.00072110747918300005,1385.75582887,13.796660297300001,-2315541.8665800001,2315541.8665800001,34395.137302900002,10.445670475895744,8.4529033773199995e-10,contraction
1572,1572,0.00071779429127099995,1392.1568029499999,13.796662234599999,-2333142.2559400001,2333142.2559400001,34656.574082599996,10.453242714835492,8.32585305295e-10,contraction
1573,1573,0.00071449632607599998,1398.58732257,13.7966641573,-2350881.5483300001,2350881.5483300001,34920.074132399997,10.460817132872247,8.2006766025799997e-10,contraction
1574,1574,0.00071121351365300005,1405.0475241300001,13.7966660655,-2368760.8874599999,2368760.8874599999,35185.654441400002,10.46839373423904,8.0773468677100005e-10,contraction
1575,1575,0.000707945784384,1411.5375446200001,13.796667959200001,-2386781.4268899998,2386781.4268899998,35453.332144300002,10.475972523150862,7.9558370775000002e-10,contraction
1576,1576,0.00070469306896700002,1418.0575216899999,13.7966698387,-2404944.3300600001,2404944.3300600001,35723.124523099999,10.483553503816102,7.8361208433400001e-10,contraction
1577,1577,0.00070145529842,1424.6075936,13.796671704,-2423250.77042,2423250.77042,35995.049008200003,10.491136680430467,7.7181721534000001e-10,contraction
1578,1578,0.00069823240407699996,1431.1878992699999,13.7966735552,-2441701.9314899999,2441701.9314899999,36269.123179599999,10.498722057173595,7.6019653673800003e-10,contraction
1579,1579,0.00069502431758900005,1437.7985782600001,13.796675392399999,-2460299.0069800001,2460299.0069800001,36545.364768699998,10.506309638221909,7.4874752112099996e-10,contraction
1580,1580,0.00069183097091899998,1444.43977075,13.796677215700001,-2479043.2008500001,2479043.2008500001,36823.791659199997,10.513899427736122,7.3746767719299996e-10,contraction
1581,1581,0.000688652296344,1451.1116175899999,13.7966790252,-2497935.7274099998,2497935.7274099998,37104.421888500001,10.521491429862429,7.2635454925699999e-10,contraction
1582,1582,0.00068548822645299995,1457.8142602800001,13.796680821000001,-2516977.8114299998,2516977.8114299998,37387.273649499999,10.529085648744015,7.1540571671399997e-10,contraction
1583,1583,0.00068233869414199995,1464.54784096,13.796682603300001,-2536170.6882099998,2536170.6882099998,37672.365291200003,10.536682088499866,7.04618793566e-10,contraction
1584,1584,0.00067920363261699999,1471.31250243,13.796684372,-2555515.6036999999,2555515.6036999999,37959.715320900003,10.544280753246323,6.93991427928e-10,contraction
1585,1585,0.00067608297539199997,1478.1083881699999,13.796686127399999,-2575013.8145499998,2575013.8145499998,38249.342405199997,10.551881647085983,6.83521301548e-10,contraction
1586,1586,0.00067297665628399995,1484.93564229,13.796687869399999,-2594666.58825,2594666.58825,38541.265371300004,10.55948477410452,6.7320612933199998e-10,contraction
1587,1587,0.00066988460941699998,1491.7944095800001,13.7966895983,-2614475.2032099999,2614475.2032099999,38835.503208800001,10.567090138380202,6.6304365887300001e-10,contraction
1588,1588,0.00066680676921400004,1498.6848355,13.7966913141,-2634440.94887,2634440.94887,39132.075070899999,10.574697743977298,6.5303166999199999e-10,contraction
1589,1589,0.00066374307040200004,1505.6070661900001,13.796693016900001,-2654565.1257500001,2654565.1257500001,39431.000275799997,10.582307594944524,6.4316797428200003e-10,contraction
1590,1590,0.00066069344800800001,1512.5612484400001,13.7966947067,-2674849.04562,2674849.04562,39732.298308400001,10.589919695320754,6.3345041465899997e-10,contraction
1591,1591,0.00065765783735499998,1519.54752973,13.796696383700001,-2695294.0315399999,2695294.0315399999,40035.988821699997,10.597534049132657,6.2387686491900001e-10,contraction
1592,1592,0.00065463617406699996,1526.5660582400001,13.7966980481,-2715901.4180100001,2715901.4180100001,40342.0916382,10.605150660392088,6.1444522930499999e-10,contraction
1593,1593,0.00065162839406099999,1533.6169828,13.7966996997,-2736672.5510200001,2736672.5510200001,40650.626751399999,10.612769533095719,6.0515344207100005e-10,contraction
1594,1594,0.00064863443354799995,1540.70045295,13.7967013389,-2757608.7881999998,2757608.7881999998,40961.614327499999,10.620390671229226,5.9599946706199997e-10,contraction
1595,1595,0.00064565422903500001,1547.81661891,13.7967029656,-2778711.4989,2778711.4989,41275.074706899999,10.628014078766098,5.8698129729399999e-10,contraction
1596,1596,0.00064268771731700004,1554.9656316099999,13.7967045799,-2799982.0642900001,2799982.0642900001,41591.028405500001,10.635639759661348,5.78096954542e-10,contraction
1597,1597,0.00063973483548300004,1562.14764264,13.796706181999999,-2821421.8774799998,2821421.8774799998,41909.4961167,10.643267717861873,5.6934448893499996e-10,contraction
1598,1598,0.00063679552090800001,1569.36280433,13.7967077719,-2843032.3436199999,2843032.3436199999,42230.498712599998,10.650897957297046,5.6072197855100005e-10,contraction
1599,1599,0.00063386971125700003,1576.6112697000001,13.7967093497,-2864814.8799999999,2864814.8799999999,42554.057245700002,10.658530481881149,5.5222752902499996e-10,contraction
1600,1600,0.00063095734448,1583.8931924599999,13.7967109155,-2886770.9161899998,2886770.9161899998,42880.192950800003,10.666165295520008,5.4385927315900005e-10,contraction
1601,1601,0.00062805835881299995,1591.2087270500001,13.796712469399999,-2908901.8941000002,2908901.8941000002,43208.9272461,10.673802402098472,5.3561537053699998e-10,contraction
1602,1602,0.00062517269277599999,1598.5580286100001,13.796714011500001,-2931209.2681200001,2931209.2681200001,43540.281735299999,10.681441805491076,5.2749400714300004e-10,contraction
1603,1603,0.00062230028516899996,1605.9412530100001,13.796715541899999,-2953694.5052399999,2953694.5052399999,43874.278208900003,10.689083509553644,5.1949339499499996e-10,contraction
1604,1604,0.00061944107507700004,1613.35855683,13.796717060600001,-2976359.0851500002,2976359.0851500002,44210.938646399998,10.696727518135278,5.1161177176599998e-10,contraction
1605,1605,0.00061659500186100002,1620.8100973600001,13.796718567699999,-2999204.5003300002,2999204.5003300002,44550.285217199998,10.704373835060279,5.0384740043200001e-10,contraction
1606,1606,0.00061376200516499995,1628.29603264,13.7967200633,-3022232.2562199999,3022232.2562199999,44892.340282999998,10.712022464143951,4.96198568904e-10,contraction
1607,1607,0.00061094202490599996,1635.81652143,13.796721547600001,-3045443.8712900002,3045443.8712900002,45237.126399300003,10.71967340918744,4.8866358968200004e-10,contraction
1608,1608,0.00060813500127900001,1643.37172321,13.7967230205,-3068840.8771600001,3068840.8771600001,45584.666316900002,10.727326673972469,4.8124079950300004e-10,contraction
1609,1609,0.00060534087475400003,1650.9617982300001,13.7967244822,-3092424.81874,3092424.81874,45934.982983900001,10.734982262266834,4.7392855899799997e-10,contraction
1610,1610,0.000602559586074,1658.58690744,13.796725932799999,-3116197.2543500001,3116197.2543500001,46288.099547400001,10.742640177822834,4.6672525235499999e-10,contraction
1611,1611,0.00059979107625600001,1666.2472125500001,13.796727372299999,-3140159.7557999999,3140159.7557999999,46644.039355399997,10.750300424379684,4.5962928698199998e-10,contraction
1612,1612,0.00059703528658400001,1673.94287603,13.7967288008,-3164313.9085499998,3164313.9085499998,47002.825958399997,10.757963005659121,4.5263909318399998e-10,contraction
1613,1613,0.00059429215861599995,1681.6740610700001,13.7967302183,-3188661.3118199999,3188661.3118199999,47364.483111100002,10.765627925362937,4.4575312383199999e-10,contraction
1614,1614,0.00059156163417500005,1689.4409316399999,13.7967316251,-3213203.5787200001,3213203.5787200001,47729.034774799999,10.773295187184946,4.38969854046e-10,contraction
1615,1615,0.00058884365535599996,1697.24365246,13.7967330211,-3237942.3363600001,3237942.3363600001,48096.505118599998,10.78096479479712,4.3228778088000002e-10,contraction
1616,1616,0.00058613816451400002,1705.0823889999999,13.796734406500001,-3262879.2259800001,3262879.2259800001,48466.918521500003,10.788636751854552,4.2570542301000002e-10,contraction
1617,1617,0.00058344510427399995,1712.95730751,13.796735781300001,-3288015.9030900002,3288015.9030900002,48840.299574500001,10.79631106199985,4.19221320427e-10,contraction
1618,1618,0.00058076441752099998,1720.8685749900001,13.7967371455,-3313354.0375700002,3313354.0375700002,49216.673082100002,10.80398772885478,4.1283403413699998e-10,contraction
1619,1619,0.00057809604740599997,1728.8163592200001,13.7967384993,-3338895.3138299999,3338895.3138299999,49596.064064699996,10.811666756030087,4.0654214585899999e-10,contraction
1620,1620,0.00057543993733699997,1736.8008287499999,13.796739842799999,-3364641.4309299998,3364641.4309299998,49978.497759999998,10.819348147114498,4.0034425773400001e-10,contraction
1621,1621,0.00057279603098599999,1744.82215292,13.796741175999999,-3390594.1026900001,3390594.1026900001,50363.999625299999,10.827031905681753,3.9423899203499999e-10,contraction
1622,1622,0.000570164272281,1752.8805018400001,13.7967424989,-3416755.0578600001,3416755.0578600001,50752.595339300002,10.834718035287084,3.8822499088100001e-10,contraction
1623,1623,0.00056754460540899996,1760.97604641,13.796743811800001,-3443126.0402199998,3443126.0402199998,51144.310804399996,10.842406539473304,3.8230091595300001e-10,contraction
1624,1624,0.00056493697481200004,1769.1089583200001,13.7967451146,-3469708.8087399998,3469708.8087399998,51539.172148199999,10.850097421760708,3.7646544822000001e-10,contraction
1625,1625,0.00056234132518999998,1777.2794100399999,13.796746407400001,-3496505.1376899998,3496505.1376899998,51937.205725799999,10.85779068565251,3.7071728766300003e-10,contraction
1626,1626,0.00055975760149499999,1785.4875748500001,13.7967476903,-3523516.8167900001,3523516.8167900001,52338.438122,10.865486334637739,3.65055153004e-10,contraction
1627,1627,0.00055718574893200005,1793.73362683,13.796748963300001,-3550745.6513800002,3550745.6513800002,52742.896153100002,10.873184372186071,3.59477781443e-10,contraction
1628,1628,0.00055462571295800003,1802.01774086,13.7967502266,-3578193.4624999999,3578193.4624999999,53150.606869000003,10.880884801748183,3.53983928391e-10,contraction
1629,1629,0.00055207743928100002,1810.34009262,13.796751480199999,-3605862.08708,3605862.08708,53561.597555400003,10.888587626757593,3.4857236721700002e-10,contraction
1630,1630,0.00054954087385800001,1818.7008586100001,13.796752724199999,-3633753.3780399999,3633753.3780399999,53975.895735999999,10.89629285063206,3.4324188898600001e-10,contraction
1631,1631,0.00054701596289399997,1827.1002161399999,13.7967539586,-3661869.2044899999,3661869.2044899999,54393.529174299998,10.904000476767202,3.3799130221399998e-10,contraction
1632,1632,0.00054450265284199995,1835.5383433500001,13.7967551836,-3690211.4518300002,3690211.4518300002,54814.525876,10.911710508540995,3.3281943261500002e-10,contraction
1633,1633,0.00054200089040200002,1844.01541918,13.7967563991,-3718782.0219000001,3718782.0219000001,55238.914091400002,10.919422949317697,3.27725122858e-10,contraction
1634,1634,0.00053951062251500004,1852.5316234100001,13.7967576053,-3747582.8331499998,3747582.8331499998,55666.722317,10.927137802436869,3.2270723232799998e-10,contraction
1635,1635,0.00053703179636999999,1861.0871366599999,13.796758802199999,-3776615.82076,3776615.82076,56097.9792982,10.934855071222136,3.1776463688599999e-10,contraction
1636,1636,0.00053456435939699997,1869.6821403700001,13.79675999,-3805882.93683,3805882.93683,56532.7140315,10.942574758980342,3.1289622863300001e-10,contraction
1637,1637,0.00053210825926700001,1878.3168168,13.7967611685,-3835386.1505,3835386.1505,56970.955766400002,10.950296868995116,3.0810091568299997e-10,contraction
1638,1638,0.00052966344389199997,1886.9913491,13.796762338100001,-3865127.4480900001,3865127.4480900001,57412.7340081,10.958021404534298,3.03377621933e-10,contraction
1639,1639,0.00052722986142300003,1895.70592121,13.796763498600001,-3895108.8333100001,3895108.8333100001,57858.078519499999,10.965748368844574,2.9872528683700001e-10,contraction
1640,1640,0.00052480746024999997,1904.46071796,13.7967646502,-3925332.3273700001,3925332.3273700001,58307.019323799999,10.973477765156257,2.9414286518799998e-10,contraction
1641,1641,0.00052239618899899999,1913.2559250199999,13.7967657929,-3955799.9691400002,3955799.9691400002,58759.586706399998,10.981209596675603,2.8962932689500001e-10,contraction
1642,1642,0.00051999599653400005,1922.09172891,13.7967669268,-3986513.8153300001,3986513.8153300001,59215.811217800001,10.988943866593971,2.8518365677300001e-10,contraction
1643,1643,0.00051760683195100005,1930.9683170200001,13.796768051999999,-4017475.9406300001,4017475.9406300001,59675.723675599998,10.996680578081133,2.8080485432500001e-10,contraction
1644,1644,0.00051522864458200003,1939.8858775900001,13.796769168499999,-4048688.4378900002,4048688.4378900002,60139.355167000002,11.004419734286833,2.7649193353899998e-10,contraction
1645,1645,0.000512861383991,1948.8445997599999,13.7967702764,-4080153.4182799999,4080153.4182799999,60606.737051199998,11.012161338340253,2.7224392267599998e-10,contraction
1646,1646,0.000510504999975,1957.8446735099999,13.796771375800001,-4111873.01143,4111873.01143,61077.900962,11.019905393352412,2.6805986406800001e-10,contraction
1647,1647,0.000508159442561,1966.88628971,13.7967724666,-4143849.3656199998,4143849.3656199998,61552.878810100003,11.027651902413224,2.6393881392199999e-10,contraction
1648,1648,0.00050582466200300004,1975.96964011,13.796773549099999,-4176084.6479699998,4176084.6479699998,62031.702785699999,11.035400868593133,2.5987984211500001e-10,contraction
1649,1649,0.00050350060878799998,1985.09491736,13.796774623199999,-4208581.0445400001,4208581.0445400001,62514.405360899997,11.043152294941127,2.5588203200400002e-10,contraction
1650,1650,0.00050118723362699996,1994.26231497,13.796775689,-4241340.7605799995,4241340.7605799995,63001.0192924,11.050906184487232,2.5194448023299999e-10,contraction
1651,1651,0.00049888448745999999,2003.47202737,13.796776746600001,-4274366.0206399998,4274366.0206399998,63491.577623800003,11.058662540238203,2.48066296542e-10,contraction
1652,1652,0.00049659232144999999,2012.7242498600001,13.796777795900001,-4307659.0687899999,4307659.0687899999,63986.113688500001,11.066421365182441,2.4424660358000001e-10,contraction
1653,1653,0.00049431068698700003,2022.0191786800001,13.7967788372,-4341222.1687700003,4341222.1687700003,64484.661112200003,11.074182662288102,2.4048453672399998e-10,contraction
1654,1654,0.00049203953568099999,2031.35701094,13.7967798705,-4375057.6041599996,4375057.6041599996,64987.253815299999,11.081946434499375,2.36779243894e-10,contraction
1655,1655,0.00048977881936799995,2040.7379446699999,13.7967808957,-4409167.6785800001,4409167.6785800001,65493.926015999998,11.08971268474326,2.3312988537500001e-10,contraction
1656,1656,0.000487528490103,2050.1621788299999,13.796781913,-4443554.71588,4443554.71588,66004.712232499995,11.097481415922006,2.2953563364e-10,contraction
1657,1657,0.00048528850016199998,2059.6299132700001,13.7967829224,-4478221.0602700002,4478221.0602700002,66519.647286099993,11.105252630919084,2.25995673179e-10,contraction
1658,1658,0.00048305880203999997,2069.1413487899999,13.7967839241,-4513169.0765699996,4513169.0765699996,67038.766303800003,11.11302633259702,2.22509200322e-10,contraction
1659,1659,0.00048083934845000002,2078.6966871,13.7967849179,-4548401.1503499998,4548401.1503499998,67562.104720799995,11.120802523793497,2.19075423074e-10,contraction
1660,1660,0.00047863009232300001,2088.2961308499998,13.7967859041,-4583919.6881200001,4583919.6881200001,68089.698283699996,11.128581207327526,2.1569356094699999e-10,contraction
1661,1661,0.00047643098680499998,2097.9398836199998,13.796786882599999,-4619727.1175499996,4619727.1175499996,68621.583053099996,11.136362385996234,2.12362844795e-10,contraction
1662,1662,0.00047424198526000003,2107.6281499299998,13.7967878535,-4655825.8876400003,4655825.8876400003,69157.795406399993,11.14414606257429,2.0908251665400001e-10,contraction
1663,1663,0.00047206304126400003,2117.3611352500002,13.796788816899999,-4692218.4688900001,4692218.4688900001,69698.372040799994,11.151932239815872,2.05851829577e-10,contraction
1664,1664,0.00046989410860499999,2127.13904598,13.7967897729,-4728907.35353,4728907.35353,70243.349975799996,11.159720920449045,2.02670047485e-10,contraction
1665,1665,0.000467735141287,2136.9620894999998,13.796790721400001,-4765895.0557199996,4765895.0557199996,70792.766556699993,11.16751210718413,1.9953644500199999e-10,contraction
1666,1666,0.00046558609352299998,2146.8304741299999,13.7967916625,-4803184.1117099999,4803184.1117099999,71346.659457100002,11.175305802707323,1.9645030730899999e-10,contraction
1667,1667,0.00046344691973599999,2156.7444091500001,13.7967925964,-4840777.0800599996,4840777.0800599996,71905.066682100005,11.183102009683934,1.9341092999e-10,contraction
1668,1668,0.00046131757455999999,2166.7041048199999,13.796793523,-4878676.5418499997,4878676.5418499997,72468.026571099996,11.190900730755601,1.9041761888300001e-10,contraction
1669,1669,0.00045919801283699998,2176.7097723500001,13.7967944423,-4916885.1008799998,4916885.1008799998,73035.577800900006,11.198701968541355,1.87469689934e-10,contraction
1670,1670,0.000457088189615,2186.7616239499998,13.7967953546,-4955405.3838600004,4955405.3838600004,73607.759388699997,11.206505725636889,1.8456646905300001e-10,contraction
1671,1671,0.00045498806015000003,2196.8598727799999,13.796796259700001,-4994240.0406200001,4994240.0406200001,74184.610695299998,11.214312004616188,1.8170729196900001e-10,contraction
1672,1672,0.00045289757990399999,2207.00473302,13.7967971579,-5033391.7443300001,5033391.7443300001,74766.171428200003,11.222120808031359,1.7889150409199999e-10,contraction
1673,1673,0.00045081670454100002,2217.1964198000001,13.796798049,-5072863.1917300001,5072863.1917300001,75352.481644600004,11.229932138410774,1.7611846037300001e-10,contraction
1674,1674,0.00044874538993300002,2227.4351492699998,13.7967989332,-5112657.10329,5112657.10329,75943.581754600003,11.237745998259522,1.7338752516700001e-10,contraction
1675,1675,0.00044668359215100002,2237.7211385700002,13.7967998105,-5152776.2234699996,5152776.2234699996,76539.512524299993,11.245562390058183,1.70698072098e-10,contraction
1676,1676,0.00044463126746899998,2248.05460584,13.796800680900001,-5193223.3208999997,5193223.3208999997,77140.315079299995,11.253381316266452,1.68049483929e-10,contraction
1677,1677,0.00044258837236300002,2258.43577022,13.796801544599999,-5234001.1886499999,5234001.1886499999,77746.030907799999,11.261202779321051,1.65441152426e-10,contraction
1678,1678,0.00044055486350700002,2268.8648518800001,13.796802401600001,-5275112.6443800004,5275112.6443800004,78356.701863499999,11.26902678163083,1.6287247823499999e-10,contraction
1679,1679,0.00043853069777500002,2279.3420719999999,13.7968032519,-5316560.5306500001,5316560.5306500001,78972.370169799993,11.276853325588146,1.6034287075000001e-10,contraction
1680,1680,0.00043651583224000001,2289.8676527699999,13.796804095500001,-5358347.7150499998,5358347.7150499998,79593.078422000006,11.284682413554226,1.5785174798700001e-10,contraction
1681,1681,0.00043451022417200001,2300.4418174100001,13.796804932600001,-5400477.0904999999,5400477.0904999999,80218.8695917,11.292514047872229,1.5539853646399999e-10,contraction
1682,1682,0.00043251383103500002,2311.0647901799998,13.7968057632,-5442951.5754500004,5442951.5754500004,80849.787029600004,11.300348230859544,1.5298267107900001e-10,contraction
1683,1683,0.00043052661049199997,2321.73679636,13.796806587200001,-5485774.1141100004,5485774.1141100004,81485.874469000002,11.308184964808639,1.50603594985e-10,contraction
1684,1684,0.00042854852039700002,2332.4580622799999,13.796807404899999,-5528947.6766799996,5528947.6766799996,82127.176029499999,11.316024251989917,1.4826075947500001e-10,contraction
1685,1685,0.00042657951880200001,2343.2288153200002,13.796808216100001,-5572475.2595899999,5572475.2595899999,82773.736220199993,11.323866094648034,1.4595362386500001e-10,contraction
1686,1686,0.00042461956394599997,2354.0492838999999,13.796809021,-5616359.88576,5616359.88576,83425.599943499998,11.331710495005163,1.4368165537900001e-10,contraction
1687,1687,0.000422668614266,2364.9196974900001,13.7968098196,-5660604.6047900002,5660604.6047900002,84082.812498300002,11.339557455256609,1.41444329033e-10,contraction
1688,1688,0.00042072662838400001,2375.8402866199999,13.796810612,-5705212.4932500003,5705212.4932500003,84745.419584100004,11.347406977576838,1.3924112752700001e-10,contraction
1689,1689,0.00041879356511800002,2386.81128291,13.796811398199999,-5750186.6548800003,5750186.6548800003,85413.467304100006,11.355259064113154,1.37071541131e-10,contraction
1690,1690,0.00041686938347,2397.8329190200002,13.7968121782,-5795530.2208900005,5795530.2208900005,86087.0021691,11.363113716988549,1.34935067577e-10,contraction
1691,1691,0.00041495404263399999,2408.90542869,13.7968129521,-5841246.3501500003,5841246.3501500003,86766.071101299996,11.370970938302898,1.32831211952e-10,contraction
1692,1692,0.00041304750199000001,2420.02904674,13.796813719999999,-5887338.2294800002,5887338.2294800002,87450.721437800006,11.378830730130272,1.3075948659500001e-10,contraction
1693,1693,0.00041114972110500002,2431.2040090700002,13.7968144818,-5933809.0739000002,5933809.0739000002,88141.0009345,11.386693094520515,1.2871941098800001e-10,contraction
1694,1694,0.00040926065973000001,2442.4305526899998,13.796815237700001,-5980662.1268499997,5980662.1268499997,88836.957769899993,11.394558033499244,1.2671051165500001e-10,contraction
1695,1695,0.00040738027780400001,2453.7089156900001,13.796815987700001,-6027900.6605099998,6027900.6605099998,89538.6405486,11.402425549064109,1.2473232206200001e-10,contraction
1696,1696,0.00040550853544800002,2465.03933723,13.7968167317,-6075527.9759999998,6075527.9759999998,90246.098305699998,11.410295643190789,1.22784382517e-10,contraction
1697,1697,0.00040364539296799999,2476.4220576299999,13.796817470000001,-6123547.4036600003,6123547.4036600003,90959.380510400006,11.418168317829545,1.20866240068e-10,contraction
1698,1698,0.00040179081084899999,2487.8573182800001,13.796818202400001,-6171962.3033400001,6171962.3033400001,91678.537069800004,11.426043574903714,1.18977448411e-10,contraction
1699,1699,0.00039994474976099998,2499.3453617,13.796818929200001,-6220776.0646400005,6220776.0646400005,92403.618333299994,11.433921416314362,1.1711756779099999e-10,contraction
1700,1700,0.00039810717055299997,2510.88643151,13.7968196502,-6269992.1071800003,6269992.1071800003,93134.675095900006,11.441801843932538,1.15286164908e-10,contraction
1701,1701,0.000396278034255,2522.4807724799998,13.7968203655,-6319613.8809000002,6319613.8809000002,93871.758603199996,11.449684859609581,1.13482812825e-10,contraction
1702,1702,0.00039445730207500002,2534.1286304999999,13.7968210752,-6369644.8662900003,6369644.8662900003,94614.9205545,11.4575704651665,1.11707090875e-10,contraction
1703,1703,0.00039264493540000001,2545.8302525899999,13.7968217794,-6420088.5747100003,6420088.5747100003,95364.213107599993,11.465458662401241,1.09958584573e-10,contraction
1704,1704,0.00039084089579199998,2557.5858869100002,13.796822477999999,-6470948.5486300001,6470948.5486300001,96119.688882699993,11.473349453085907,1.0823688552399999e-10,contraction
1705,1705,0.00038904514499400001,2569.3957827700001,13.7968231711,-6522228.36197,6522228.36197,96881.400966600006,11.481242838966761,1.06541591336e-10,contraction
1706,1706,0.00038725764492199998,2581.2601906300001,13.7968238588,-6573931.6202999996,6573931.6202999996,97649.402916899999,11.489138821763857,1.04872305535e-10,contraction
1707,1707,0.00038547835766599998,2593.17936212,13.796824541099999,-6626061.9612100003,6626061.9612100003,98423.748766200006,11.4970374031703,1.03228637477e-10,contraction
1708,1708,0.000383707245492,2605.15355,13.796825218,-6678623.0545600001,6678623.0545600001,99204.493026800003,11.504938584856156,1.0161020226699999e-10,contraction
1709,1709,0.00038194427084000001,2617.1830082199999,13.796825889599999,-6731618.6027699998,6731618.6027699998,99991.690694599994,11.51284236846381,1.00016620672e-10,contraction
1710,1710,0.00038018939632100001,2629.2679919000002,13.796826555799999,-6785052.34112,6785052.34112,100785.397254,11.520748755613043,9.8447519044800001e-11,contraction
1711,1711,0.00037844258471700002,2641.4087573199999,13.796827216900001,-6838928.0380499996,6838928.0380499996,101585.66868,11.528657747877931,9.6902529236499999e-11,contraction
1712,1712,0.00037670379898399999,2653.6055619799999,13.7968278727,-6893249.4954899997,6893249.4954899997,102392.561449,11.536569346849371,9.5381288522699996e-11,contraction
1713,1713,0.00037497300224499999,2665.8586645199998,13.7968285234,-6948020.5491000004,6948020.5491000004,103206.132534,11.544483554043147,9.3883439522599997e-11,contraction
1714,1714,0.000373250157796,2678.1683248200002,13.7968291689,-7003245.0686400002,7003245.0686400002,104026.439417,11.55240037097723,9.2408630121999994e-11,contraction
1715,1715,0.00037153522909699998,2690.5348039300002,13.7968298093,-7058926.9582200004,7058926.9582200004,104853.540091,11.560319799145885,9.0956513397699997e-11,contraction
1716,1716,0.00036982817978000002,2702.9583641099998,13.796830444699999,-7115070.1566700004,7115070.1566700004,105687.49306199999,11.56824183999457,8.9526747542000005e-11,contraction
1717,1717,0.000368128973643,2715.4392688399998,13.7968310751,-7171678.6378199998,7171678.6378199998,106528.35735799999,11.576166494961345,8.8118995788600001e-11,contraction
1718,1718,0.00036643757464799998,2727.97778281,13.7968317005,-7228756.4108300004,7228756.4108300004,107376.19253099999,11.584093765450726,8.67329263403e-11,contraction
1719,1719,0.00036475394692600001,2740.5741719299999,13.7968323209,-7286307.52049,7286307.52049,108231.058663,11.592023652845343,8.5368212296399997e-11,contraction
1720,1720,0.00036307805476999997,2753.2287033399998,13.7968329365,-7344336.0475700004,7344336.0475700004,109093.01637,11.599956158498292,8.4024531582400004e-11,contraction
1721,1721,0.00036140986264,2765.9416454100001,13.7968335472,-7402846.1091499999,7402846.1091499999,109962.126806,11.607891283725456,8.2701566879500001e-11,contraction
1722,1722,0.00035974933515599999,2778.7132677599998,13.796834153000001,-7461841.8589199996,7461841.8589199996,110838.451671,11.615829029833876,8.1399005556499999e-11,contraction
1723,1723,0.00035809643710299998,2791.5438412399999,13.796834754100001,-7521327.4875299996,7521327.4875299996,111722.05321300001,11.623769398094675,8.0116539601300001e-11,contraction
1724,1724,0.00035645113342599999,2804.43363795,13.7968353504,-7581307.2229199996,7581307.2229199996,112612.994233,11.631712389743493,7.8853865554200004e-11,contraction
1725,1725,0.000354813389234,2817.3829312600001,13.796835942,-7641785.3306700001,7641785.3306700001,113511.33809400001,11.639658006015733,7.7610684441900005e-11,contraction
1726,1726,0.00035318316979199998,2830.3919958000001,13.7968365289,-7702766.1143500004,7702766.1143500004,114417.14872,11.647606248092345,7.6386701712600003e-11,contraction
1727,1727,0.00035156044052799999,2843.4611074499999,13.7968371112,-7764253.9158199998,7764253.9158199998,115330.490605,11.65555711713446,7.5181627171699994e-11,contraction
1728,1728,0.00034994516702799999,2856.59054337,13.7968376889,-7826253.1156200003,7826253.1156200003,116251.42881899999,11.6635106142902,7.3995174918799999e-11,contraction
1729,1729,0.000348337315036,2869.7805820200001,13.7968382619,-7888768.13332,7888768.13332,117180.02900900001,11.67146674065806,7.2827063285099999e-11,contraction
1730,1730,0.00034673685045300001,2883.0315031300001,13.7968388305,-7951803.4278499996,7951803.4278499996,118116.357408,11.67942549731937,7.1677014772500006e-11,contraction
1731,1731,0.00034514373933599999,2896.3435877000002,13.796839394499999,-8015363.4978799997,8015363.4978799997,119060.480841,11.687386885343606,7.0544755992499994e-11,contraction
1732,1732,0.00034355794790000001,2909.7171180700002,13.796839954099999,-8079452.8821599996,8079452.8821599996,120012.466726,11.695350905751388,6.9430017607199997e-11,contraction
1733,1733,0.00034197944251400001,2923.1523778400001,13.796840509200001,-8144076.1599199995,8144076.1599199995,120972.383082,11.703317559536661,6.8332534269700003e-11,contraction
1734,1734,0.00034040818970100002,2936.64965196,13.7968410599,-8209237.9511799999,8209237.9511799999,121940.298536,11.711286847679247,6.7252044566800006e-11,contraction
1735,1735,0.00033884415613899999,2950.2092266700001,13.796841606199999,-8274942.9172,8274942.9172,122916.282326,11.719258771123846,6.6188290961699995e-11,contraction
1736,1736,0.00033728730865900002,2963.8313895199999,13.7968421482,-8341195.76076,8341195.76076,123900.404308,11.727233330791893,6.5141019737200003e-11,contraction
1737,1737,0.00033573761424300001,2977.5164294299998,13.7968426859,-8408001.2266399991,8408001.2266399991,124892.73496099999,11.735210527576436,6.4109980941000006e-11,contraction
1738,1738,0.00033419504002600001,2991.2646366099998,13.796843219299999,-8475364.1019000001,8475364.1019000001,125893.345391,11.743190362328901,6.3094928330200006e-11,contraction
1739,1739,0.00033265955329399999,3005.0763026300001,13.796843748500001,-8543289.2163600009,8543289.2163600009,126902.307342,11.751172835901247,6.2095619317900006e-11,contraction
1740,1740,0.00033113112148300001,3018.9517203999999,13.7968442735,-8611781.4429100007,8611781.4429100007,127919.693195,11.75915794909189,6.11118149196e-11,contraction
1741,1741,0.00032960971217700001,3032.8911841899999,13.7968447943,-8680845.6979499999,8680845.6979499999,128945.57597799999,11.76714570267908,6.0143279701199995e-11,contraction
1742,1742,0.000328095293113,3046.8949896300001,13.7968453109,-8750486.9417800009,8750486.9417800009,129980.029372,11.775136097421541,5.9189781726799997e-11,contraction
1743,1743,0.00032658783217200002,3060.9634336899999,13.7968458235,-8820710.1789500006,8820710.1789500006,131023.127715,11.783129134043371,5.8251092508500004e-11,contraction
1744,1744,0.00032508729738499998,3075.0968147399999,13.796846331899999,-8891520.4587500002,8891520.4587500002,132074.94600900001,11.791124813241973,5.73269869555e-11,contraction
1745,1745,0.00032359365692999998,3089.29543251,13.7968468363,-8962922.87555,8962922.87555,133135.55992699999,11.799123135695197,5.6417243324900003e-11,contraction
1746,1746,0.00032210687912800001,3103.5595881300001,13.796847336700001,-9034922.5692299996,9034922.5692299996,134205.04581499999,11.807124102030471,5.5521643173000002e-11,contraction
1747,1747,0.000320626932451,3117.88958409,13.796847833099999,-9107524.7255799994,9107524.7255799994,135283.48070399999,11.8151277128689,5.4639971307199998e-11,contraction
1748,1748,0.00031915378551000001,3132.2857243200001,13.796848325599999,-9180734.5767599996,9180734.5767599996,136370.94231300001,11.823133968800875,5.3772015738300003e-11,contraction
1749,1749,0.00031768740706500002,3146.7483140999998,13.796848814100001,-9254557.4016800001,9254557.4016800001,137467.50905399999,11.831142870376951,5.29175676344e-11,contraction
1750,1750,0.00031622776601699997,3161.2776601700002,13.7968492987,-9328998.5264299996,9328998.5264299996,138573.26004200001,11.83915441813485,5.2076421274299997e-11,contraction
1751,1751,0.00031477483141000002,3175.8740706499998,13.7968497795,-9404063.3247200008,9404063.3247200008,139688.27509800001,11.847168612574631,5.1248374002199999e-11,contraction
1752,1752,0.000313328572432,3190.5378550999999,13.796850256400001,-9479757.2183400001,9479757.2183400001,140812.63475699999,11.855185454170147,5.0433226183300001e-11,contraction
1753,1753,0.00031188895840900002,3205.2693245099999,13.796850729499999,-9556085.6775400005,9556085.6775400005,141946.42027500001,11.863204943372496,4.9630781159299999e-11,contraction
1754,1754,0.00031045595881299998,3220.0687912799999,13.796851198800001,-9633054.2215,9633054.2215,143089.71363400001,11.871227080598898,4.8840845205199999e-11,contraction
1755,1755,0.00030902954325100001,3234.9365693,13.7968516644,-9710668.4188100006,9710668.4188100006,144242.597549,11.879251866235569,4.8063227486600002e-11,contraction
1756,1756,0.00030760968147399998,3249.8729738500001,13.796852126199999,-9788933.8878400009,9788933.8878400009,145405.15547600001,11.887279300646913,4.7297740016800001e-11,contraction
1757,1757,0.00030619634336900002,3264.8783217199998,13.7968525844,-9867856.29727,9867856.29727,146577.47161899999,11.895309384177027,4.6544197615900002e-11,contraction
1758,1758,0.00030478949896300001,3279.9529311299998,13.7968530389,-9947441.3665200006,9947441.3665200006,147759.63093300001,11.903342117123657,4.5802417869700002e-11,contraction
1759,1759,0.00030338911841900002,3295.0971217699998,13.7968534898,-10027694.8662,10027694.8662,148951.71913499999,11.911377499766667,4.5072221088700001e-11,contraction
1760,1760,0.00030199517203999997,3310.3112148300002,13.796853937,-10108622.6186,10108622.6186,150153.822709,11.919415532354794,4.43534302689e-11,contraction
1761,1761,0.00030060763026299998,3325.5955329399999,13.796854380699999,-10190230.4981,10190230.4981,151366.028915,11.927456215119033,4.3645871052099997e-11,contraction
1762,1762,0.00029922646366099999,3340.9504002600002,13.7968548208,-10272524.431700001,10272524.431700001,152588.42579199999,11.935499548245632,4.2949371687299999e-11,contraction
1763,1763,0.00029785164294300002,3356.3761424300001,13.796855257400001,-10355510.399700001,10355510.399700001,153821.10217,11.943545531908478,4.2263762992899998e-11,contraction
1764,1764,0.00029648313895200003,3371.8730865900002,13.796855690499999,-10439194.4355,10439194.4355,155064.147673,11.951594166241467,4.15888783182e-11,contraction
1765,1765,0.00029512092266699999,3387.4415613900001,13.796856120099999,-10523582.6271,10523582.6271,156317.65272899999,11.959645451356552,4.0924553507299999e-11,contraction
1766,1766,0.00029376496519600002,3403.0818970099999,13.796856546200001,-10608681.116800001,10608681.116800001,157581.708576,11.967699387335136,4.0270626861999998e-11,contraction
1767,1767,0.00029241523778399998,3418.7944251399999,13.796856969,-10694496.1018,10694496.1018,158856.40727,11.975755974232026,3.9626939105999997e-11,contraction
1768,1768,0.00029107171180700001,3434.579479,13.796857388399999,-10781033.835200001,10781033.835200001,160141.84169199999,11.983815212072546,3.8993333349000003e-11,contraction
1769,1769,0.00028973435877000002,3450.43739336,13.7968578043,-10868300.625800001,10868300.625800001,161438.10555599999,11.991877100855552,3.8369655052399999e-11,contraction
1770,1770,0.00028840315031300001,3466.3685045299999,13.796858217,-10956302.839400001,10956302.839400001,162745.293416,11.999941640549732,3.7755751994200001e-11,contraction
1771,1771,0.00028707805820199999,3482.3731503600002,13.796858626300001,-11045046.898399999,11045046.898399999,164063.50067400001,12.008008831095765,3.7151474235500001e-11,contraction
1772,1772,0.00028575905433699997,3498.4516702800001,13.7968590324,-11134539.283199999,11134539.283199999,165392.82358900001,12.016078672413988,3.6556674086399998e-11,contraction
1773,1773,0.00028444611074500002,3514.6044052799998,13.7968594352,-11224786.532199999,11224786.532199999,166733.35928100001,12.024151164381285,3.5971206073600002e-11,contraction
1774,1774,0.00028313919958,3530.8316979199999,13.796859834699999,-11315795.2423,11315795.2423,168085.205743,12.032226306856257,3.5394926907599997e-11,contraction
1775,1775,0.000281838293126,3547.1338923399999,13.796860231,-11407572.0699,11407572.0699,169448.46184900001,12.040304099679156,3.4827695450399997e-11,contraction
1776,1776,0.000280543363795,3563.5113342599998,13.796860624200001,-11500123.731000001,11500123.731000001,170823.22735599999,12.048384542636262,3.4269372684200002e-11,contraction
1777,1777,0.00027925438412400002,3579.9643710300002,13.796861014199999,-11593457.001700001,11593457.001700001,172209.60292100001,12.05646763551265,3.37198216803e-11,contraction
1778,1778,0.00027797132677599999,3596.4933515600001,13.796861400999999,-11687578.7193,11687578.7193,173607.69010099999,12.064553378044089,3.3178907567900001e-11,contraction
1779,1779,0.00027669416454099998,3613.0986263999998,13.796861784700001,-11782495.782199999,11782495.782199999,175017.59136799999,12.072641769956499,3.2646497504400002e-11,contraction
1780,1780,0.00027542287033400001,3629.7805477000002,13.7968621653,-11878215.150800001,11878215.150800001,176439.410111,12.080732810929451,3.2122460645400002e-11,contraction
1781,1781,0.00027415741719300001,3646.5394692599998,13.7968625429,-11974743.848200001,11974743.848200001,177873.25065100001,12.088826500634024,3.1606668115000003e-11,contraction
1782,1782,0.000272897778281,3663.3757464800001,13.7968629174,-12072088.9603,12072088.9603,179319.21824300001,12.096922838695965,3.1098992977200002e-11,contraction
1783,1783,0.00027164392688400001,3680.2897364300002,13.796863288899999,-12170257.6369,12170257.6369,180777.419089,12.105021824721009,3.05993102071e-11,contraction
1784,1784,0.00027039583641100002,3697.2817977999998,13.796863657399999,-12269257.0919,12269257.0919,182247.96034600001,12.113123458291133,3.0107496662999997e-11,contraction
1785,1785,0.00026915348039300001,3714.35229097,13.796864022899999,-12369094.604,12369094.604,183730.950132,12.121227738949672,2.9623431058399998e-11,contraction
1786,1786,0.00026791683248199999,3731.5015779599998,13.796864385499999,-12469777.5174,12469777.5174,185226.497538,12.129334666219107,2.9146993934800003e-11,contraction
1787,1787,0.000266685866452,3748.73002245,13.796864745200001,-12571313.2424,12571313.2424,186734.71263600001,12.137444239596155,2.8678067634700001e-11,contraction
1788,1788,0.00026546055619800001,3766.0379898400001,13.7968651019,-12673709.255799999,12673709.255799999,188255.70648600001,12.145556458541346,2.82165362751e-11,contraction
1789,1789,0.000264240875732,3783.42584717,13.796865455800001,-12776973.101600001,12776973.101600001,189789.59114800001,12.153671322495018,2.77622857212e-11,contraction
1790,1790,0.00026302679919000001,3800.89396321,13.7968658068,-12881112.3916,12881112.3916,191336.479689,12.161788830865982,2.7315203560899999e-11,contraction
1791,1791,0.00026181830082199999,3818.4427083999999,13.7968661549,-12986134.806299999,12986134.806299999,192896.48619299999,12.169908983035844,2.6875179079000002e-11,contraction
1792,1792,0.000260615355,3836.0724549199999,13.7968665003,-13092048.095000001,13092048.095000001,194469.72576999999,12.178031778357552,2.6442103232399999e-11,contraction
1793,1793,0.00025941793621199997,3853.7835766600001,13.7968668428,-13198860.0768,13198860.0768,196056.31456599999,12.186157216158678,2.60158686252e-11,contraction
1794,1794,0.000258226019063,3871.5764492200001,13.7968671826,-13306578.6414,13306578.6414,197656.36977200001,12.194285295739055,2.5596369484799999e-11,contraction
1795,1795,0.00025703957827699999,3889.4514499400002,13.796867519599999,-13415211.749,13415211.749,199270.009632,12.202416016363056,2.51835016373e-11,contraction
1796,1796,0.000255858588691,3907.4089579199999,13.7968678539,-13524767.432,13524767.432,200897.35345699999,12.21054937728171,2.47771624843e-11,contraction
1797,1797,0.00025468302525899998,3925.4493539999999,13.796868185499999,-13635253.794600001,13635253.794600001,202538.521629,12.218685377703915,2.4377250979600001e-11,contraction
1798,1798,0.00025351286305000002,3943.5730207500001,13.7968685144,-13746679.0143,13746679.0143,204193.63561500001,12.226824016817586,2.3983667605800001e-11,contraction
1799,1799,0.00025234807724799999,3961.7803425500001,13.7968688406,-13859051.342,13859051.342,205862.817977,12.23496529378993,2.3596314352400001e-11,contraction
1800,1800,0.00025118864315100002,3980.0717055300001,13.7968691642,-13972379.1031,13972379.1031,207546.19237800001,12.243109207747979,2.3215094692800001e-11,contraction
1801,1801,0.00025003453617,3998.44749761,13.7968694852,-14086670.697699999,14086670.697699999,209243.88359499999,12.251255757793091,2.28399135629e-11,contraction
1802,1802,0.00024888573182800001,4016.9081084899999,13.7968698036,-14201934.6019,14201934.6019,210956.01753099999,12.259404943009578,2.2470677338900001e-11,contraction
1803,1803,0.00024774220576300002,4035.4539296799999,13.796870119299999,-14318179.367900001,14318179.367900001,212682.72122100001,12.267556762444263,2.21072938164e-11,contraction
1804,1804,0.00024660393372299998,4054.0853544800002,13.7968704325,-14435413.6249,14435413.6249,214424.12284600001,12.275711215123893,2.1749672189200001e-11,contraction
1805,1805,0.00024547089156900002,4072.8027780399998,13.7968707432,-14553646.0801,14553646.0801,216180.35174000001,12.283868300038904,2.1397723028600001e-11,contraction
1806,1806,0.00024434305526899999,4091.6065973,13.7968710513,-14672885.518999999,14672885.518999999,217951.53840300001,12.292028016155047,2.1051358262800001e-11,contraction
1807,1807,0.000243220400907,4110.4972110500003,13.796871357000001,-14793140.806299999,14793140.806299999,219737.81451299999,12.300190362419483,2.0710491157100001e-11,contraction
1808,1808,0.000242102904674,4129.4750199,13.796871660100001,-14914420.886600001,14914420.886600001,221539.31293300001,12.308355337743555,2.0375036293900001e-11,contraction
1809,1809,0.00024099054286900001,4148.5404263399996,13.796871960800001,-15036734.7851,15036734.7851,223356.167724,12.316522941012822,2.0044909553000001e-11,contraction
1810,1810,0.000239883291902,4167.6938346999996,13.796872259100001,-15160091.6085,15160091.6085,225188.51415500001,12.324693171082862,1.9720028092400001e-11,contraction
1811,1811,0.00023878112829100001,4186.9356511799997,13.7968725549,-15284500.545399999,15284500.545399999,227036.488717,12.332866026792423,1.9400310329799999e-11,contraction
1812,1812,0.00023768402866199999,4206.2662838400001,13.7968728483,-15409970.8674,15409970.8674,228900.22912999999,12.341041506944963,1.9085675922900001e-11,contraction
1813,1813,0.00023659196974900001,4225.6861426599999,13.796873139300001,-15536511.9298,15536511.9298,230779.87435599999,12.349219610316585,1.87760457521e-11,contraction
1814,1814,0.00023550492839000001,4245.1956394600002,13.796873428,-15664133.1721,15664133.1721,232675.56461,12.357400335654599,1.8471341901400001e-11,contraction
1815,1815,0.00023442288153200001,4264.7951880199998,13.7968737142,-15792844.119000001,15792844.119000001,234587.44137499999,12.365583681692746,1.8171487641000002e-11,contraction
1816,1816,0.00023334580622800001,4284.4852039699999,13.796873998200001,-15922654.381200001,15922654.381200001,236515.647406,12.373769647118724,1.7876407409499999e-11,contraction
1817,1817,0.000232273679636,4304.2661049199996,13.796874279900001,-16053573.656199999,16053573.656199999,238460.32675000001,12.38195823060996,1.75860267965e-11,contraction
1818,1818,0.00023120647901800001,4324.1383103500002,13.796874559200001,-16185611.728700001,16185611.728700001,240421.624751,12.390149430804797,1.7300272525599999e-11,contraction
1819,1819,0.00023014418174099999,4344.1022417200002,13.796874836300001,-16318778.472100001,16318778.472100001,242399.68806700001,12.398343246324158,1.7019072437300001e-11,contraction
1820,1820,0.00022908676527700001,4364.1583223999996,13.7968751111,-16453083.8487,16453083.8487,244394.66467900001,12.406539675758969,1.67423554725e-11,contraction
1821,1821,0.0002280342072,4384.3069777500004,13.7968753836,-16588537.910700001,16588537.910700001,246406.70390299999,12.414738717669927,1.64700516563e-11,contraction
1822,1822,0.000226986485188,4404.5486350700003,13.796875654000001,-16725150.801200001,16725150.801200001,248435.956405,12.422940370598907,1.6202092081199999e-11,contraction
1823,1823,0.00022594357702199999,4424.8837236299996,13.7968759221,-16862932.754799999,16862932.754799999,250482.57420900001,12.431144633051439,1.5938408892000001e-11,contraction
1824,1824,0.00022490546058399999,4445.3126746899998,13.796876188000001,-17001894.098499998,17001894.098499998,252546.71071499999,12.439351503519163,1.5678935269400001e-11,contraction
1825,1825,0.00022387211385699999,4465.8359215099999,13.796876451799999,-17142045.252599999,17142045.252599999,254628.520705,12.447560980453643,1.5423605415e-11,contraction
1826,1826,0.00022284351492700001,4486.4538993300002,13.7968767134,-17283396.731699999,17283396.731699999,256728.160362,12.45577306229163,1.51723545359e-11,contraction
1827,1827,0.00022181964198,4507.1670454100004,13.7968769729,-17425959.145,17425959.145,258845.787278,12.463987747436168,1.4925118829799999e-11,contraction
1828,1828,0.000220800473302,4527.9757990400003,13.7968772302,-17569743.197999999,17569743.197999999,260981.56047,12.472205034268804,1.46818354699e-11,contraction
1829,1829,0.00021978598727800001,4548.8806015,13.7968774855,-17714759.692499999,17714759.692499999,263135.64039100002,12.480424921141784,1.4442442590600001e-11,contraction
1830,1830,0.00021877616239499999,4569.8818961500001,13.796877738599999,-17861019.528299998,17861019.528299998,265308.188945,12.488647406385233,1.4206879273099999e-11,contraction
1831,1831,0.000217770977235,4590.9801283699999,13.7968779897,-18008533.703499999,18008533.703499999,267499.36949800001,12.496872488298598,1.39750855312e-11,contraction
1832,1832,0.00021677041048200001,4612.1757455999996,13.7968782387,-18157313.315499999,18157313.315499999,269709.34689300001,12.505100165156882,1.3747002297299999e-11,contraction
1833,1833,0.000215774440915,4633.4691973600002,13.796878485700001,-18307369.5623,18307369.5623,271938.287465,12.51333043521614,1.35225714087e-11,contraction
1834,1834,0.00021478304741300001,4654.86093523,13.7968787306,-18458713.743000001,18458713.743000001,274186.35905000003,12.521563296696357,1.3301735594300001e-11,contraction
1835,1835,0.00021379620895,4676.3514128699999,13.7968789736,-18611357.258699998,18611357.258699998,276453.73100299999,12.529798747797271,1.30844384607e-11,contraction
1836,1836,0.00021281390459800001,4697.9410860500002,13.796879214500001,-18765311.614,18765311.614,278740.57420999999,12.538036786691469,1.2870624479500001e-11,contraction
1837,1837,0.000211836113525,4719.63041264,13.796879453500001,-18920588.417199999,18920588.417199999,281047.06110300001,12.546277411528012,1.26602389742e-11,contraction
1838,1838,0.00021086281499300001,4741.4198526,13.796879690500001,-19077199.381700002,19077199.381700002,283373.36567299999,12.5545206204284,1.24532281077e-11,contraction
1839,1839,0.00020989398836199999,4763.3098680499997,13.796879925600001,-19235156.326900002,19235156.326900002,285719.66348599998,12.56276641149277,1.2249538868999999e-11,contraction
1840,1840,0.00020892961308500001,4785.3009232300001,13.796880158700001,-19394471.179000001,19394471.179000001,288086.13169399998,12.571014782787993,1.20491190616e-11,contraction
1841,1841,0.00020796966871000001,4807.3934845000003,13.7968803899,-19555155.972199999,19555155.972199999,290472.94905499998,12.579265732366871,1.18519172908e-11,contraction
1842,1842,0.000207014134879,4829.5880203999996,13.7968806193,-19717222.8497,19717222.8497,292880.29594099999,12.587519258244987,1.1657882951999999e-11,contraction
1843,1843,0.000206062991327,4851.8850016200004,13.796880846700001,-19880684.064300001,19880684.064300001,295308.35435899999,12.595775358422244,1.14669662185e-11,contraction
1844,1844,0.00020511621788300001,4874.2849010299997,13.7968810723,-20045551.98,20045551.98,297757.30796200002,12.604034030869329,1.1279118029899999e-11,contraction
1845,1845,0.00020417379446700001,4896.7881936800004,13.796881296,-20211839.0726,20211839.0726,300227.34206599998,12.612295273534345,1.1094290080999999e-11,contraction
1846,1846,0.00020323570109400001,4919.3953568099996,13.796881517799999,-20379557.9307,20379557.9307,302718.64366499998,12.620559084342087,1.0912434809700001e-11,contraction
1847,1847,0.000202301917868,4942.1068698700001,13.7968817379,-20548721.256999999,20548721.256999999,305231.40144300001,12.628825461183048,1.0733505386499999e-11,contraction
1848,1848,0.00020137242498599999,4964.9232144999996,13.7968819561,-20719341.8693,20719341.8693,307765.80579499999,12.63709440193176,1.05574557032e-11,contraction
1849,1849,0.00020044720273700001,4987.8448746000004,13.7968821725,-20891432.701299999,20891432.701299999,310322.04884100001,12.645365904441242,1.0384240362e-11,contraction
1850,1850,0.00019952623149700001,5010.8723362700002,13.7968823872,-21065006.803800002,21065006.803800002,312900.32443899999,12.653639966534033,1.0213814664800001e-11,contraction
1851,1851,0.00019860949173599999,5034.0060878800005,13.7968826001,-21240077.346000001,21240077.346000001,315500.828202,12.661916586005919,1.0046134603e-11,contraction
1852,1852,0.00019769696401100001,5057.2466200299996,13.7968828112,-21416657.616300002,21416657.616300002,318123.75751700002,12.67019576063529,9.8811568466599995e-12,contraction
1853,1853,0.000196788628971,5080.5944256100001,13.796883020599999,-21594761.023499999,21594761.023499999,320769.31155799999,12.678477488172888,9.7188387344799994e-12,contraction
1854,1854,0.00019588446735100001,5104.0499997500001,13.7968832282,-21774401.097600002,21774401.097600002,323437.69130300003,12.686761766343963,9.5591382637899997e-12,contraction
1855,1855,0.00019498445997600001,5127.61383991,13.7968834342,-21955591.491700001,21955591.491700001,326129.09955300001,12.695048592855997,9.4020140805100001e-12,contraction
1856,1856,0.000194088587759,5151.2864458200002,13.796883638400001,-22138345.9822,22138345.9822,328843.74094300001,12.703337965381266,9.2474254694199992e-12,contraction
1857,1857,0.00019319683170199999,5175.06831951,13.796883841,-22322678.4705,22322678.4705,331581.82196700003,12.711629881582027,9.0953323445000001e-12,contraction
1858,1858,0.00019230917289100001,5198.9599653400001,13.7968840419,-22508602.984000001,22508602.984000001,334343.550988,12.719924339089136,8.9456952394199999e-12,contraction
1859,1859,0.000191425592502,5222.9618899899997,13.796884241100001,-22696133.677299999,22696133.677299999,337129.13825600001,12.728221335504994,8.7984752982299999e-12,contraction
1860,1860,0.00019054607179599999,5247.0746024999999,13.796884438699999,-22885284.833099999,22885284.833099999,339938.79593099997,12.736520868420598,8.6536342661099998e-12,contraction
1861,1861,0.00018967059212100001,5271.2986142299997,13.7968846346,-23076070.863899998,23076070.863899998,342772.73809300002,12.744822935393369,8.5111344802800001e-12,contraction
1862,1862,0.00018879913490999999,5295.6344389200003,13.796884829,-23268506.312600002,23268506.312600002,345631.180765,12.753127533963216,8.3709388610599993e-12,contraction
1863,1863,0.00018793168168,5320.0825926699999,13.7968850217,-23462605.8541,23462605.8541,348514.34192799998,12.761434661644406,8.2330109030800005e-12,contraction
1864,1864,0.00018706821403699999,5344.6435939700004,13.796885212799999,-23658384.296399999,23658384.296399999,351422.44154000003,12.769744315928747,8.0973146665299999e-12,contraction
1865,1865,0.00018620871366600001,5369.3179637000003,13.796885402299999,-23855856.581700001,23855856.581700001,354355.70155400003,12.778056494285336,7.9638147686700005e-12,contraction
1866,1866,0.00018535316234099999,5394.1062251499998,13.796885590300001,-24055037.787900001,24055037.787900001,357314.34593499999,12.786371194157054,7.8324763753699994e-12,contraction
1867,1867,0.000184501541918,5419.00890402,13.7968857767,-24255943.1294,24255943.1294,360298.60068099998,12.794688412967888,7.7032651927699998e-12,contraction
1868,1868,0.000183653834335,5444.0265284200004,13.796885961599999,-24458587.958799999,24458587.958799999,363308.69384000002,12.803008148118401,7.5761474591700002e-12,contraction
1869,1869,0.000182810021614,5469.1596289400004,13.7968861449,-24662987.768100001,24662987.768100001,366344.85553,12.811330396989172,7.4510899369000003e-12,contraction
1870,1870,0.000181970085861,5494.4087385800003,13.796886326799999,-24869158.1897,24869158.1897,369407.31795300002,12.81965515692734,7.3280599043899995e-12,contraction
1871,1871,0.000181134009262,5519.7743928099999,13.7968865071,-25077114.9978,25077114.9978,372496.31542399997,12.827982425273635,7.2070251483699997e-12,contraction
1872,1872,0.00018030177408600001,5545.2571295799999,13.796886685900001,-25286874.109999999,25286874.109999999,375612.08438000001,12.836312199334364,7.0879539561500004e-12,contraction
1873,1873,0.00017947336268299999,5570.8574893200002,13.796886863199999,-25498451.588100001,25498451.588100001,378754.86340500001,12.844644476396542,6.9708151079800004e-12,contraction
1874,1874,0.00017864875748499999,5596.5760149500002,13.7968870391,-25711863.639899999,25711863.639899999,381924.89325000002,12.852979253728746,6.8555778696500003e-12,contraction
1875,1875,0.00017782794100400001,5622.4132519000004,13.7968872135,-25927126.620299999,25927126.620299999,385122.41684999998,12.861316528573651,6.7422119850300001e-12,contraction
1876,1876,0.00017701089583200001,5648.3697481199997,13.7968873864,-26144257.032499999,26144257.032499999,388347.67934600002,12.869656298153359,6.63068766886e-12,contraction
1877,1877,0.00017619760464100001,5674.44605409,13.796887558,-26363271.5297,26363271.5297,391600.928105,12.877998559668882,6.5209755995900002e-12,contraction
1878,1878,0.000175388050184,5700.6427228100001,13.7968877281,-26584186.916299999,26584186.916299999,394882.41274,12.886343310299191,6.4130469122899998e-12,contraction
1879,1879,0.000174582215292,5726.9603098600001,13.796887896699999,-26807020.149300002,26807020.149300002,398192.385129,12.894690547197337,6.3068731917599999e-12,contraction
1880,1880,0.000173780082875,5753.3993733699999,13.796888063999999,-27031788.339699998,27031788.339699998,401531.09944100003,12.903040267503723,6.2024264656499997e-12,contraction
1881,1881,0.00017298163592200001,5779.9604740599998,13.7968882299,-27258508.753899999,27258508.753899999,404898.81215000001,12.91139246832862,6.0996791977500001e-12,contraction
1882,1882,0.00017218685749900001,5806.64417521,13.7968883944,-27487198.815000001,27487198.815000001,408295.78206300002,12.919747146769369,5.9986042812900001e-12,contraction
1883,1883,0.00017139573075099999,5833.45104274,13.796888557500001,-27717876.104600001,27717876.104600001,411722.27033500001,12.928104299894699,5.8991750324800003e-12,contraction
1884,1884,0.00017060823890000001,5860.3816451399998,13.7968887193,-27950558.364,27950558.364,415178.54049599997,12.936463924758229,5.8013651839999997e-12,contraction
1885,1885,0.00016982436524600001,5887.43655356,13.796888879799999,-28185263.495499998,28185263.495499998,418664.85846800002,12.944826018386985,5.7051488786900001e-12,contraction
1886,1886,0.00016904409316400001,5914.6163417500002,13.7968890388,-28422009.564300001,28422009.564300001,422181.49259099999,12.953190577791302,5.6105006632700001e-12,contraction
1887,1887,0.00016826740610699999,5941.9215861599996,13.7968891966,-28660814.7995,28660814.7995,425728.713643,12.961557599959701,5.5173954821899998e-12,contraction
1888,1888,0.000167494287603,5969.35286584,13.796889353099999,-28901697.5962,28901697.5962,429306.79486299999,12.969927081860513,5.4258086715799999e-12,contraction
1889,1889,0.00016672472125499999,5996.91076256,13.7968895082,-29144676.5165,29144676.5165,432916.01197300002,12.978299020440662,5.3357159532299996e-12,contraction
1890,1890,0.00016595869074399999,6024.5958607399998,13.7968896621,-29389770.291200001,29389770.291200001,436556.64320200001,12.986673412628608,5.2470934287199996e-12,contraction
1891,1891,0.00016519617982299999,6052.4087475400001,13.7968898147,-29636997.8213,29636997.8213,440228.96930699999,12.995050255329872,5.1599175736400003e-12,contraction
1892,1892,0.000164437172321,6080.3500127899997,13.796889966,-29886378.179900002,29886378.179900002,443933.273598,13.003429545431297,5.0741652318300001e-12,contraction
1893,1893,0.000163681652143,6108.4202490600001,13.796890116,-30137930.613200001,30137930.613200001,447669.84196200001,13.01181127980243,4.9898136097900002e-12,contraction
1894,1894,0.000162929603264,6136.6200516500003,13.7968902648,-30391674.5427,30391674.5427,451438.96288299997,13.020195455287467,4.9068402711099997e-12,contraction
1895,1895,0.00016218100973599999,6164.9500186100004,13.7968904123,-30647629.566199999,30647629.566199999,455240.927471,13.02858206871692,4.82522313101e-12,contraction
1896,1896,0.00016143585568299999,6193.41075077,13.796890558599999,-30905815.460000001,30905815.460000001,459076.02948000003,13.036971116894259,4.7449404509599997e-12,contraction
1897,1897,0.00016069412530100001,6222.0028516900002,13.796890703700001,-31166252.18,31166252.18,462944.56533999997,13.045362596612991,4.6659708333899999e-12,contraction
1898,1898,0.000159955802861,6250.7269277599999,13.7968908476,-31428959.8638,31428959.8638,466846.834172,13.053756504636,4.5882932164500001e-12,contraction
1899,1899,0.00015922087270499999,6279.58358813,13.7968909903,-31693958.832199998,31693958.832199998,470783.13782300003,13.06215283771793,4.5118868688499997e-12,contraction
1900,1900,0.00015848931924599999,6308.5734448000003,13.796891131800001,-31961269.590700001,31961269.590700001,474753.78088199999,13.070551592585948,4.4367313848500003e-12,contraction
1901,1901,0.00015776112696999999,6337.6971125700002,13.796891272,-32230912.831500001,32230912.831500001,478759.07071200002,13.078952765954426,4.3628066791999996e-12,contraction
1902,1902,0.000157036280433,6366.9552090799998,13.796891411200001,-32502909.434900001,32502909.434900001,482799.31747000001,13.087356354513545,4.2900929822900001e-12,contraction
1903,1903,0.00015631476426399999,6396.3483548300001,13.7968915491,-32777280.471299998,32777280.471299998,486874.83413700003,13.095762354938543,4.2185708352199998e-12,contraction
1904,1904,0.00015559656316099999,6425.8771731699999,13.7968916859,-33054047.2029,33054047.2029,490985.93654000002,13.104170763881729,4.14822108513e-12,contraction
1905,1905,0.00015488166189100001,6455.5422903500003,13.796891821599999,-33333231.085200001,33333231.085200001,495132.94338399998,13.112581577984621,4.0790248804300002e-12,contraction
1906,1906,0.00015417004529500001,6485.3443354800002,13.7968919561,-33614853.769299999,33614853.769299999,499316.17627,13.120994793860955,4.0109636661799999e-12,contraction
1907,1907,0.00015346169828000001,6515.2839406100002,13.7968920895,-33898937.103,33898937.103,503535.95972899999,13.129410408111852,3.9440191795600003e-12,contraction
1908,1908,0.000152756605824,6545.3617406699996,13.7968922218,-34185503.133199997,34185503.133199997,507792.621246,13.137828417320044,3.8781734453500003e-12,contraction
1909,1909,0.000152054752973,6575.5783735499999,13.796892353,-34474574.1074,34474574.1074,512086.49128700001,13.14624881804979,3.8134087715099999e-12,contraction
1910,1910,0.000151356124844,6605.93448008,13.796892483000001,-34766172.475699998,34766172.475699998,516417.90332500002,13.154671606844357,3.7497077448399998e-12,contraction
1911,1911,0.00015066070661899999,6636.4307040200001,13.796892612000001,-35060320.8926,35060320.8926,520787.19387100002,13.163096780232776,3.6870532266799998e-12,contraction
1912,1912,0.00014996848355000001,6667.06769214,13.796892739900001,-35357042.218900003,35357042.218900003,525194.70250000001,13.171524334726245,3.6254283486500001e-12,contraction
1913,1913,0.000149279440958,6697.8460941699996,13.7968928667,-35656359.523500003,35656359.523500003,529640.77187900001,13.179954266818012,3.5648165085499999e-12,contraction
1914,1914,0.00014859356422900001,6728.76656284,13.7968929925,-35958296.085299999,35958296.085299999,534125.74779399997,13.188386572980917,3.5052013661999999e-12,contraction
1915,1915,0.000147910838817,6759.8297539200003,13.7968931172,-36262875.395599999,36262875.395599999,538649.97918300005,13.196821249675722,3.4465668394199998e-12,contraction
1916,1916,0.00014723125024299999,6791.0363261700004,13.796893240799999,-36570121.159100004,36570121.159100004,543213.81816000002,13.205258293341952,3.3888971000599998e-12,contraction
1917,1917,0.00014655478409600001,6822.3869414199999,13.796893363400001,-36880057.296899997,36880057.296899997,547817.620047,13.213697700403358,3.3321765700800001e-12,contraction
1918,1918,0.00014588142602800001,6853.8822645299997,13.796893485,-37192707.947800003,37192707.947800003,552461.74340299994,13.222139467267155,3.2763899176599998e-12,contraction
1919,1919,0.00014521116175900001,6885.5229634400002,13.796893605599999,-37508097.470399998,37508097.470399998,557146.55005299998,13.230583590322851,3.22152205344e-12,contraction
1920,1920,0.000144543977075,6917.3097091899999,13.7968937251,-37826250.445600003,37826250.445600003,561872.40512000001,13.239030065945967,3.16755812676e-12,contraction
1921,1921,0.00014387985782600001,6949.2431758900002,13.796893843699999,-38147191.6778,38147191.6778,566639.67705199996,13.247478890492285,3.1144835219399999e-12,contraction
1922,1922,0.000143218789927,6981.3240407699996,13.7968939612,-38470946.197700001,38470946.197700001,571448.73765499995,13.255930060302392,3.0622838546900001e-12,contraction
1923,1923,0.00014256075936,7013.5529841999996,13.796894077799999,-38797539.2641,38797539.2641,576299.96212299995,13.264383571700307,3.0109449685300002e-12,contraction
1924,1924,0.00014190575216899999,7045.93068967,13.7968941933,-39126996.365900002,39126996.365900002,581193.72907,13.272839420995142,2.96045293122e-12,contraction
1925,1925,0.00014125375446199999,7078.4578438400004,13.796894307900001,-39459343.224299997,39459343.224299997,586130.42056,13.281297604478789,2.91079403134e-12,contraction
1926,1926,0.000140604752413,7111.1351365299997,13.796894421599999,-39794605.795000002,39794605.795000002,591110.42214000004,13.289758118428297,2.8619547748499999e-12,contraction
1927,1927,0.00013995873225699999,7143.9632607599997,13.7968945342,-40132810.270400003,40132810.270400003,596134.12286999996,13.298220959102634,2.8139218817099999e-12,contraction
1928,1928,0.00013931568029500001,7176.9429127100002,13.796894646,-40473983.0814,40473983.0814,601201.91535899998,13.306686122749095,2.7666822825899999e-12,contraction
1929,1929,0.000138675582887,7210.0747918300003,13.7968947568,-40818150.899999999,40818150.899999999,606314.19579200004,13.31515360559407,2.7202231156e-12,contraction
1930,1930,0.00013803842646000001,7243.35960075,13.796894866600001,-41165340.641500004,41165340.641500004,611471.36396900006,13.3236234038534,2.6745317230400001e-12,contraction
1931,1931,0.000137404197501,7276.7980453700002,13.796894975500001,-41515579.466300003,41515579.466300003,616673.82333499996,13.332095513727163,2.6295956482899999e-12,contraction
1932,1932,0.00013677288256,7310.3908348300001,13.796895083500001,-41868894.782899998,41868894.782899998,621921.981012,13.340569931397416,2.5854026326200001e-12,contraction
1933,1933,0.000136144468247,7344.1386815699998,13.796895190600001,-42225314.249300003,42225314.249300003,627216.24783600005,13.349046653033563,2.5419406121800002e-12,contraction
1934,1934,0.00013551894123499999,7378.0423012900001,13.796895296800001,-42584865.775899999,42584865.775899999,632557.03839,13.357525674790633,2.4991977149399998e-12,contraction
1935,1935,0.00013489628825899999,7412.1024130100004,13.796895402100001,-42947577.527800001,42947577.527800001,637944.77103599999,13.3660069928056,2.45716225772e-12,contraction
1936,1936,0.00013427649611399999,7446.3197390599998,13.7968955065,-43313477.926799998,43313477.926799998,643379.86795400002,13.374490603204263,2.4158227432399998e-12,contraction
1937,1937,0.000133659551655,7480.6950051100002,13.79689561,-43682595.654100001,43682595.654100001,648862.75517500006,13.382976502098073,2.3751678572600001e-12,contraction
1938,1938,0.000133045441798,7515.2289401799999,13.7968957127,-44054959.6523,44054959.6523,654393.86261399998,13.391464685580607,2.3351864657000001e-12,contraction
1939,1939,0.00013243415351899999,7549.9222766499997,13.796895814499999,-44430599.128200002,44430599.128200002,659973.62411099998,13.399955149735865,2.2958676118599999e-12,contraction
1940,1940,0.00013182567385599999,7584.7757502900004,13.7968959154,-44809543.555200003,44809543.555200003,665602.47746199998,13.408447890630645,2.2572005136299998e-12,contraction
1941,1941,0.00013121998990199999,7619.7901002500003,13.7968960154,-45191822.675300002,45191822.675300002,671280.86445800005,13.416942904318715,2.2191745608100001e-12,contraction
1942,1942,0.000130617088813,7654.9660691099998,13.796896114700001,-45577466.502099998,45577466.502099998,677009.23092200002,13.425440186841337,2.1817793124100001e-12,contraction
1943,1943,0.00013001695780299999,7690.3044028699996,13.796896213,-45966505.322999999,45966505.322999999,682788.02674300002,13.433939734222898,2.1450044939999998e-12,contraction
1944,1944,0.00012941958414500001,7725.8058509599996,13.796896310599999,-46358969.701899998,46358969.701899998,688617.70591699996,13.442441542476407,2.1088399951300001e-12,contraction
1945,1945,0.000128824955169,7761.4711662899999,13.7968964073,-46754890.481399998,46754890.481399998,694498.72658500005,13.45094560760394,2.0732758668000001e-12,contraction
1946,1946,0.00012823305826599999,7797.3011052299998,13.796896503199999,-47154298.785899997,47154298.785899997,700431.55106500001,13.459451925587977,2.0383023188599999e-12,contraction
1947,1947,0.00012764388088099999,7833.2964276599996,13.7968965983,-47557226.023599997,47557226.023599997,706416.645899,13.467960492403934,2.0039097176199999e-12,contraction
1948,1948,0.00012705741052100001,7869.4578969499998,13.796896692600001,-47963703.8895,47963703.8895,712454.48188600002,13.476471304011923,1.9700885833400002e-12,contraction
1949,1949,0.00012647363474699999,7905.7862800000003,13.7968967861,-48373764.368100002,48373764.368100002,718545.53412199998,13.484984356358174,1.9368295878799999e-12,contraction
1950,1950,0.000125892541179,7942.2823472399996,13.7968968788,-48787439.735699996,48787439.735699996,724690.28204099997,13.493499645377272,1.90412355229e-12,contraction
1951,1951,0.000125314117494,7978.9468726799996,13.796896970700001,-49204762.563299999,49204762.563299999,730889.209454,13.502017166991054,1.8719614444800001e-12,contraction
1952,1952,0.000124738351424,8015.7806338800001,13.796897061799999,-49625765.7192,49625765.7192,737142.80459099996,13.51053691711115,1.84033437693e-12,contraction
1953,1953,0.00012416523075899999,8052.7844119900001,13.7968971521,-50050482.372100003,50050482.372100003,743451.56013600004,13.519058891631474,1.80923360447e-12,contraction
1954,1954,0.000123594743344,8089.9589917800004,13.7968972417,-50478945.993299998,50478945.993299998,749815.973275,13.527583086437936,1.7786505219700001e-12,contraction
1955,1955,0.00012302687708099999,8127.3051616399998,13.7968973305,-50911190.359800003,50911190.359800003,756236.54573400004,13.536109497403972,1.74857666221e-12,contraction
1956,1956,0.00012246161992700001,8164.8237135899999,13.7968974186,-51347249.557300001,51347249.557300001,762713.78382000001,13.544638120389708,1.7190036937e-12,contraction
1957,1957,0.000121898959892,8202.5154433000007,13.796897505900001,-51787157.982500002,51787157.982500002,769248.19846500002,13.553168951244594,1.68992341854e-12,contraction
1958,1958,0.000121338885046,8240.3811501300006,13.796897592500001,-52230950.3464,52230950.3464,775840.305268,13.561701985806828,1.6613277703599999e-12,contraction
1959,1959,0.000120781383511,8278.42163712,13.796897678400001,-52678661.677000001,52678661.677000001,782490.62453599996,13.570237219901026,1.63320881222e-12,contraction
1960,1960,0.000120226443462,8316.63771103,13.796897763500001,-53130327.322499998,53130327.322499998,789199.68133000005,13.578774649341868,1.60555873459e-12,contraction
1961,1961,0.000119674053131,8355.0301823099999,13.7968978479,-53585982.9538,53585982.9538,795968.00550700002,13.587314269932033,1.5783698533799999e-12,contraction
1962,1962,0.00011912420080299999,8393.5998651900009,13.7968979315,-54045664.567699999,54045664.567699999,802796.13176699996,13.595856077465955,1.55163460791e-12,contraction
1963,1963,0.00011857687481699999,8432.3475776399991,13.7968980145,-54509408.489799999,54509408.489799999,809684.59969099995,13.604400067721807,1.5253455590400001e-12,contraction
1964,1964,0.000118032063565,8471.2741414100001,13.7968980968,-54977251.377800003,54977251.377800003,816633.95379299996,13.612946236470513,1.4994953872100001e-12,contraction
1965,1965,0.000117489755494,8510.3803820199992,13.796898178299999,-55449230.224299997,55449230.224299997,823644.743563,13.621494579472897,1.4740768905800001e-12,contraction
1966,1966,0.000116949939102,8549.6671288500002,13.796898259200001,-55925382.359899998,55925382.359899998,830717.52350999997,13.630045092476465,1.44908298318e-12,contraction
1967,1967,0.00011641260294099999,8589.1352150500006,13.7968983394,-56405745.456299998,56405745.456299998,837852.85321099998,13.638597771219025,1.4245066930799999e-12,contraction
1968,1968,0.000115877735616,8628.7854776700005,13.7968984188,-56890357.5295,56890357.5295,845051.29735799995,13.647152611429265,1.4003411605899999e-12,contraction
1969,1969,0.000115345325782,8668.6187575799995,13.796898497700001,-57379256.943000004,57379256.943000004,852313.425804,13.655709608825603,1.3765796365100001e-12,contraction
1970,1970,0.00011481536215,8708.6358995600003,13.7968985758,-57872482.410999998,57872482.410999998,859639.81360899995,13.664268759114634,1.3532154803899999e-12,contraction
1971,1971,0.000114287833479,8748.8377522699993,13.7968986533,-58370073.001400001,58370073.001400001,867031.04108999996,13.672830057993744,1.3302421587900001e-12,contraction
1972,1972,0.000113762728582,8789.2251683100003,13.796898730100001,-58872068.139399998,58872068.139399998,874487.69386899995,13.681393501150813,1.30765324362e-12,contraction
1973,1973,0.00011324003632399999,8829.7990041899993,13.7968988063,-59378507.610399999,59378507.610399999,882010.362922,13.689959084264576,1.28544241047e-12,contraction
1974,1974,0.000112719745618,8870.5601203799997,13.796898881800001,-59889431.563699998,59889431.563699998,889599.64462699997,13.698526803003331,1.2636034369600001e-12,contraction
1975,1975,0.00011220184543000001,8911.5093813399999,13.7968989566,-60404880.515600003,60404880.515600003,897256.14081500005,13.707096653026555,1.2421302011699999e-12,contraction
1976,1976,0.000111686324778,8952.6476555000008,13.796899030900001,-60924895.352899998,60924895.352899998,904980.45881900005,13.71566862998375,1.22101667999e-12,contraction
1977,1977,0.00011117317272799999,8993.9758153000002,13.7968991044,-61449517.336199999,61449517.336199999,912773.21152500005,13.724242729514998,1.2002569476299999e-12,contraction
1978,1978,0.00011066237839800001,9035.4947372200004,13.7968991774,-61978788.103299998,61978788.103299998,920635.01742399996,13.73281894725212,1.17984517403e-12,contraction
1979,1979,0.00011015393095400001,9077.2053017800008,13.796899249799999,-62512749.673,62512749.673,928566.50066300004,13.741397278818162,1.1597756233799999e-12,contraction
1980,1980,0.000109647819614,9119.10839356,13.7968993215,-63051444.448200002,63051444.448200002,936568.29109700001,13.74997771982749,1.14004265261e-12,contraction
1981,1981,0.000109144033645,9161.2049012200005,13.7968993926,-63594915.219499998,63594915.219499998,944641.024339,13.758560265883254,1.1206407099099999e-12,contraction
1982,1982,0.00010864256236200001,9203.4957175300005,13.796899463100001,-64143205.169200003,64143205.169200003,952785.34181899996,13.767144912583939,1.1015643333300001e-12,contraction
1983,1983,0.00010814339513000001,9245.9817393800004,13.796899532999999,-64696357.874200001,64696357.874200001,961001.89083199995,13.775731655517612,1.0828081493299999e-12,contraction
1984,1984,0.00010764652136300001,9288.6638677999999,13.7968996023,-65254417.310199998,65254417.310199998,969291.32459400001,13.78432049026423,1.06436687136e-12,contraction
1985,1985,0.00010715193052399999,9331.54300797,13.796899671,-65817427.8552,65817427.8552,977654.30229599995,13.792911412395277,1.04623529853e-12,contraction
1986,1986,0.000106659612123,9374.6200692599996,13.796899739100001,-66385434.293099999,66385434.293099999,986091.48916,13.80150441747494,1.0284083142e-12,contraction
1987,1987,0.00010616955572,9417.89596523,13.796899806700001,-66958481.817400001,66958481.817400001,994603.556492,13.81009950105771,1.0108808847e-12,contraction
1988,1988,0.000105681750921,9461.3716136599996,13.796899873599999,-67536616.035300002,67536616.035300002,1003191.18174,13.81869665869058,9.9364805796000003e-13,contraction
1989,1989,0.000105196187382,9505.0479365600004,13.796899939999999,-68119882.971100003,68119882.971100003,1011855.04856,13.827295885922551,9.7670496224400003e-13,contraction
1990,1990,0.000104712854805,9548.9258602099999,13.7969000058,-68708329.070299998,68708329.070299998,1020595.84685,13.83589717828176,9.60046804876e-13,contraction
1991,1991,0.00010423174293900001,9593.0063151600007,13.7969000711,-69302001.203400001,69302001.203400001,1029414.27282,13.844500531288272,9.4366887097600009e-13,contraction
1992,1992,0.000103752841582,9637.29023624,13.7969001358,-69900946.669799998,69900946.669799998,1038311.02906,13.853105940463772,9.27566522226e-13,contraction
1993,1993,0.000103276140576,9681.7785626099994,13.7969001999,-70505213.201700002,70505213.201700002,1047286.82459,13.861713401323085,9.1173519565300005e-13,contraction
1994,1994,0.000102801629813,9726.47223777,13.7969002635,-71114848.9683,71114848.9683,1056342.37491,13.870322909365603,8.9617040243500004e-13,contraction
1995,1995,0.00010232929922800001,9771.3722095600006,13.796900326599999,-71729902.579300001,71729902.579300001,1065478.4020799999,13.878934460094811,8.8086772671599998e-13,contraction
1996,1996,0.00010185913880499999,9816.4794301999991,13.796900389099999,-72350423.089699998,72350423.089699998,1074695.63475,13.887548048989787,8.6582282444999997e-13,contraction
1997,1997,0.000101391138574,9861.7948563099999,13.796900451000001,-72976460.003399998,72976460.003399998,1083994.8082699999,13.89616367155144,8.51031422255e-13,contraction
1998,1998,0.00010092528860799999,9907.3194489300004,13.796900512500001,-73608063.277199998,73608063.277199998,1093376.66469,13.904781323245292,8.3648931628800002e-13,contraction
1999,1999,0.000100461579028,9953.0541735200004,13.7969005734,-74245283.325599998,74245283.325599998,1102841.9528699999,13.913400999546388,8.2219237113799996e-13,contraction
2000,2000,0.0001,9999,13.7969006338,-74888171.024299994,74888171.024299994,1112391.42851,13.922022695909527,8.0813651873700001e-13,contraction
2001,2001,9.9540541735200006e-05,10045.1579028,13.7969006937,-75536777.715000004,75536777.715000004,1122025.8542599999,13.93064640781177,7.9431775728499996e-13,contraction
2002,2002,9.9083194489300004e-05,10091.528860799999,13.796900752999999,-76191155.209299996,76191155.209299996,1131745.99972,13.939272130695095,7.8073215018999999e-13,contraction
2003,2003,9.8627948563100005e-05,10138.1138574,13.796900811900001,-76851355.793099999,76851355.793099999,1141552.6415500001,13.947899860007814,7.6737582503600005e-13,contraction
2004,2004,9.8174794302e-05,10184.9138805,13.7969008702,-77517432.231399998,77517432.231399998,1151446.5635200001,13.956529591191272,7.5424497254799995e-13,contraction
2005,2005,9.7723722095600002e-05,10231.9299228,13.796900927999999,-78189437.771899998,78189437.771899998,1161428.5565800001,13.965161319683933,7.4133584559499998e-13,contraction
2006,2006,9.7274722377700007e-05,10279.1629813,13.796900985400001,-78867426.150299996,78867426.150299996,1171499.41891,13.973795040907671,7.28644758188e-13,contraction
2007,2007,9.6827785626099996e-05,10326.6140576,13.7969010422,-79551451.5942,79551451.5942,1181659.9560199999,13.982430750296571,7.1616808451000005e-13,contraction
2008,2008,9.6382902362399998e-05,10374.2841582,13.796901098599999,-80241568.827700004,80241568.827700004,1191910.9807800001,13.991068443265009,7.03902257948e-13,contraction
2009,2009,9.5940063151600004e-05,10422.1742939,13.7969011545,-80937833.076499999,80937833.076499999,1202253.31351,13.999708115226774,6.9184377015400001e-13,contraction
2010,2010,9.5499258602099995e-05,10470.285480500001,13.7969012099,-81640300.071500003,81640300.071500003,1212687.78205,14.008349761596191,6.7998917010399999e-13,contraction
2011,2011,9.5060479365600005e-05,10518.618738200001,13.796901264800001,-82349026.054700002,82349026.054700002,1223215.2217999999,14.016993377764164,6.6833506318800004e-13,contraction
2012,2012,9.4623716136600004e-05,10567.1750921,13.7969013192,-83064067.782800004,83064067.782800004,1233836.47585,14.025638959147875,6.5687811030400001e-13,contraction
2013,2013,9.4188959652299995e-05,10615.955572000001,13.796901373200001,-83785482.532700002,83785482.532700002,1244552.39497,14.034286501124926,6.4561502696900004e-13,contraction
2014,2014,9.3756200692600005e-05,10664.961212300001,13.7969014267,-84513328.105700001,84513328.105700001,1255363.83776,14.042935999097811,6.3454258244399999e-13,contraction
2015,2015,9.3325430079699994e-05,10714.1930524,13.796901479800001,-85247662.832900003,85247662.832900003,1266271.6706699999,14.051587448451894,6.2365759887200001e-13,contraction
2016,2016,9.2896638677999999e-05,10763.652136299999,13.7969015324,-85988545.579600006,85988545.579600006,1277276.7680800001,14.060240844562006,6.1295695043200002e-13,contraction
2017,2017,9.2469817393799996e-05,10813.339513000001,13.7969015845,-86736035.750599995,86736035.750599995,1288380.01239,14.068896182805961,6.02437562504e-13,contraction
2018,2018,9.20449571753e-05,10863.256236200001,13.796901636199999,-87490193.2949,87490193.2949,1299582.29409,14.077553458561466,5.9209641084500003e-13,contraction
2019,2019,9.1622049012200004e-05,10913.4033645,13.7969016874,-88251078.710600004,88251078.710600004,1310884.51183,14.086212667202686,5.8193052078500004e-13,contraction
2020,2020,9.1201083935600003e-05,10963.7819614,13.796901738200001,-89018753.050500005,89018753.050500005,1322287.57247,14.094873804081328,5.7193696642500002e-13,contraction
2021,2021,9.0782053017800002e-05,11014.393095400001,13.7969017886,-89793277.926599994,89793277.926599994,1333792.39121,14.103536864568181,5.62112869858e-13,contraction
2022,2022,9.0364947372199994e-05,11065.2378398,13.7969018385,-90574715.515699998,90574715.515699998,1345399.8916199999,14.112201844017671,5.5245540039899996e-13,contraction
2023,2023,8.9949758153000004e-05,11116.317272800001,13.796901888000001,-91363128.564300001,91363128.564300001,1357111.0057399999,14.120868737785306,5.4296177381999995e-13,contraction
2024,2024,8.9536476555000002e-05,11167.6324778,13.796901937099999,-92158580.393800005,92158580.393800005,1368926.6741599999,14.1295375412291,5.3362925160800002e-13,contraction
2025,2025,8.9125093813399999e-05,11219.184542999999,13.7969019858,-92961134.906399995,92961134.906399995,1380847.84607,14.138208249688663,5.2445514022800005e-13,contraction
2026,2026,8.8715601203799994e-05,11270.9745618,13.796902034,-93770856.589499995,93770856.589499995,1392875.4793700001,14.146880858507961,5.15436790399e-13,contraction
2027,2027,8.8307990041900004e-05,11323.003632399999,13.796902081800001,-94587810.521899998,94587810.521899998,1405010.5407499999,14.155555363035008,5.0657159638100005e-13,contraction
2028,2028,8.7902251683100006e-05,11375.2728582,13.796902129199999,-95412062.378700003,95412062.378700003,1417254.0057399999,14.164231758599913,4.9785699527600004e-13,contraction
2029,2029,8.7498377522699999e-05,11427.7833479,13.7969021762,-96243678.437399998,96243678.437399998,1429606.8588399999,14.172910040549478,4.89290466334e-13,contraction
2030,2030,8.7096358995600006e-05,11480.536215,13.7969022228,-97082725.582800001,97082725.582800001,1442070.0935500001,14.181590204210167,4.8086953027700001e-13,contraction
2031,2031,8.6696187575799997e-05,11533.5325782,13.796902269,-97929271.312700003,97929271.312700003,1454644.7124900001,14.190272244914327,4.72591748628e-13,contraction
2032,2032,8.62978547767e-05,11586.773561600001,13.796902314700001,-98783383.744200006,98783383.744200006,1467331.7274799999,14.198956157997291,4.64454723057e-13,contraction
2033,2033,8.5901352150499993e-05,11640.2602941,13.796902360100001,-99645131.618399993,99645131.618399993,1480132.15958,14.20764193876707,4.5645609472499999e-13,contraction
2034,2034,8.5506671288499998e-05,11693.993910200001,13.796902405100001,-100514584.307,100514584.307,1493047.0392700001,14.216329582568878,4.4859354365700003e-13,contraction
2035,2035,8.51138038202e-05,11747.9755494,13.796902449699999,-101391811.818,101391811.818,1506077.4064199999,14.225019084706368,4.4086478810500001e-13,contraction
2036,2036,8.4722741414100002e-05,11802.206356500001,13.796902493899999,-102276884.801,102276884.801,1519224.31048,14.233710440511212,4.3326758393699999e-13,contraction
2037,2037,8.4333475776400001e-05,11856.687481700001,13.796902537799999,-103169874.552,103169874.552,1532488.8104900001,14.242403645291134,4.2579972402599998e-13,contraction
2038,2038,8.3945998651899995e-05,11911.4200803,13.796902581199999,-104070853.02500001,104070853.02500001,1545871.97523,14.251098694370656,4.1845903765200001e-13,contraction
2039,2039,8.3560301823099994e-05,11966.4053131,13.796902624299999,-104979892.82799999,104979892.82799999,1559374.88326,14.259795583058692,4.1124338991400001e-13,contraction
2040,2040,8.3176377110299996e-05,12021.644346200001,13.796902666999999,-105897067.241,105897067.241,1572998.62304,14.268494306668131,4.0415068115099999e-13,contraction
2041,2041,8.2794216371200003e-05,12077.1383511,13.796902709399999,-106822450.211,106822450.211,1586744.29302,14.277194860515014,3.9717884637099999e-13,contraction
2042,2042,8.2413811501299994e-05,12132.8885046,13.796902751299999,-107756116.366,107756116.366,1600613.00171,14.285897239904708,3.9032585468700002e-13,contraction
2043,2043,8.2035154432999994e-05,12188.8959892,13.796902792899999,-108698141.01800001,108698141.01800001,1614605.86779,14.294601440143063,3.8358970877e-13,contraction
2044,2044,8.1658237135899997e-05,12245.161992699999,13.796902834200001,-109648600.169,109648600.169,1628724.02021,14.303307456540331,3.76968444303e-13,contraction
2045,2045,8.1283051616399998e-05,12301.6877081,13.796902875100001,-110607570.52,110607570.52,1642968.59827,14.31201528440219,3.7046012944300001e-13,contraction
2046,2046,8.0909589917800001e-05,12358.4743344,13.7969029156,-111575129.473,111575129.473,1657340.7517200001,14.320724919032761,3.64062864298e-13,contraction
2047,2047,8.0537844119900001e-05,12415.523075900001,13.7969029558,-112551355.141,112551355.141,1671841.64087,14.329436355742956,3.5777478040899999e-13,contraction
2048,2048,8.0167806338800004e-05,12472.835142399999,13.7969029956,-113536326.35600001,113536326.35600001,1686472.43665,14.338149589828198,3.5159404023600002e-13,contraction
2049,2049,7.9799468726799995e-05,12530.4117494,13.7969030351,-114530122.67,114530122.67,1701234.3207400001,14.346864616587929,3.4551883666200001e-13,contraction
2050,2050,7.9432823472400004e-05,12588.2541179,13.796903074299999,-115532824.36499999,115532824.36499999,1716128.48569,14.355581431337766,3.3954739249500001e-13,contraction
2051,2051,7.9067862800000005e-05,12646.3634747,13.796903113100001,-116544512.463,116544512.463,1731156.1349500001,14.364300029368509,3.3367795998e-13,contraction
2052,2052,7.8704578969499998e-05,12704.7410521,13.7969031515,-117565268.72499999,117565268.72499999,1746318.4830499999,14.373020405992637,3.2790882032699998e-13,contraction
2053,2053,7.8342964276600005e-05,12763.3880881,13.7969031897,-118595175.66599999,118595175.66599999,1761616.75562,14.381742556497052,3.2223828323499998e-13,contraction
2054,2054,7.7983011052300001e-05,12822.305826600001,13.7969032275,-119634316.55500001,119634316.55500001,1777052.18958,14.390466476193414,3.1666468642999999e-13,contraction
2055,2055,7.7624711662899998e-05,12881.4955169,13.796903264899999,-120682775.427,120682775.427,1792626.03317,14.399192160376094,3.1118639520999998e-13,contraction
2056,2056,7.7268058509600003e-05,12940.958414500001,13.7969033021,-121740637.088,121740637.088,1808339.54611,14.407919604353653,3.0580180199599999e-13,contraction
2057,2057,7.6913044028699998e-05,13000.6957803,13.7969033389,-122807987.12199999,122807987.12199999,1824193.99966,14.416648803423366,3.0050932589000001e-13,contraction
2058,2058,7.6559660691099998e-05,13060.708881299999,13.796903375399999,-123884911.898,123884911.898,1840190.6767500001,14.425379752884567,2.9530741223899998e-13,contraction
2059,2059,7.6207901002499996e-05,13120.9989902,13.796903411600001,-124971498.57799999,124971498.57799999,1856330.87209,14.434112448040006,2.9019453221199998e-13,contraction
2060,2060,7.5857757502899995e-05,13181.567385599999,13.7969034475,-126067835.125,126067835.125,1872615.89228,14.442846884196614,2.8516918237499998e-13,contraction
2061,2061,7.5509222766500001e-05,13242.415351899999,13.796903483099999,-127174010.307,127174010.307,1889047.0559,14.451583056655123,2.8022988427699999e-13,contraction
2062,2062,7.5162289401800006e-05,13303.544179799999,13.796903518300001,-128290113.70999999,128290113.70999999,1905625.69364,14.460320960720654,2.75375184046e-13,contraction
2063,2063,7.4816950051100002e-05,13364.9551655,13.7969035533,-129416235.73800001,129416235.73800001,1922353.14839,14.46906059169147,2.7060365198499998e-13,contraction
2064,2064,7.4473197390600003e-05,13426.6496114,13.796903587899999,-130552467.63,130552467.63,1939230.7753900001,14.477801944878687,2.6591388217800001e-13,contraction
2065,2065,7.4131024130100003e-05,13488.628825899999,13.7969036222,-131698901.45900001,131698901.45900001,1956259.9423100001,14.486545015588677,2.6130449210200002e-13,contraction
2066,2066,7.37904230129e-05,13550.8941235,13.7969036563,-132855630.14300001,132855630.14300001,1973442.02936,14.495289799121043,2.5677412224499998e-13,contraction
2067,2067,7.3451386815699994e-05,13613.4468247,13.796903690000001,-134022747.456,134022747.456,1990778.4294499999,14.5040362907913,2.5232143573199999e-13,contraction
2068,2068,7.3113908348299995e-05,13676.288256,13.7969037235,-135200348.03099999,135200348.03099999,2008270.5482699999,14.512784485912009,2.47945117951e-13,contraction
2069,2069,7.2777980453699997e-05,13739.4197501,13.796903756600001,-136388527.36899999,136388527.36899999,2025919.8043899999,14.52153437978423,2.4364387619100001e-13,contraction
2070,2070,7.2443596007499997e-05,13802.842645999999,13.7969037895,-137587381.84900001,137587381.84900001,2043727.62943,14.530285967723145,2.3941643928599999e-13,contraction
2071,2071,7.2110747918300005e-05,13866.5582887,13.796903822100001,-138797008.734,138797008.734,2061695.4681599999,14.539039245047887,2.3526155725799999e-13,contraction
2072,2072,7.1779429127100003e-05,13930.5680295,13.7969038544,-140017506.183,140017506.183,2079824.77859,14.547794207066524,2.3117800097400001e-13,contraction
2073,2073,7.1449632607599998e-05,13994.873225699999,13.796903886400001,-141248973.252,141248973.252,2098117.0321499999,14.556550849104221,2.2716456180400001e-13,contraction
2074,2074,7.11213513653e-05,14059.475241300001,13.7969039182,-142491509.91,142491509.91,2116573.71374,14.56530916646798,2.23220051283e-13,contraction
2075,2075,7.0794578438400003e-05,14124.3754462,13.796903949600001,-143745217.04300001,143745217.04300001,2135196.3219499998,14.574069154492287,2.19343300784e-13,contraction
2076,2076,7.0469306896699994e-05,14189.575216900001,13.7969039808,-145010196.46200001,145010196.46200001,2153986.3690800001,14.582830808489033,2.1553316119000001e-13,contraction
2077,2077,7.0145529842e-05,14255.075935999999,13.796904011700001,-146286550.91499999,146286550.91499999,2172945.3813399998,14.591594123782315,2.1178850257399999e-13,contraction
2078,2078,6.9823240407699999e-05,14320.8789927,13.7969040424,-147574384.09299999,147574384.09299999,2192074.8989800001,14.600359095708988,2.0810821388899999e-13,contraction
2079,2079,6.9502431758899994e-05,14386.985782600001,13.7969040728,-148873800.63800001,148873800.63800001,2211376.4763500001,14.609125719586995,2.04491202651e-13,contraction
2080,2080,6.9183097091899995e-05,14453.3977075,13.796904102899999,-150184906.15599999,150184906.15599999,2230851.68212,14.617893990756517,2.0093639464000001e-13,contraction
2081,2081,6.8865229634399995e-05,14520.116175900001,13.7969041327,-151507807.22,151507807.22,2250502.0993300001,14.62666390454295,1.9744273359800001e-13,contraction
2082,2082,6.8548822645300006e-05,14587.142602800001,13.796904162300001,-152842611.384,152842611.384,2270329.3255799999,14.635435456282902,1.94009180933e-13,contraction
2083,2083,6.8233869414199998e-05,14654.4784096,13.796904191599999,-154189427.18900001,154189427.18900001,2290334.9731600001,14.644208641322143,1.90634715433e-13,contraction
2084,2084,6.7920363261700004e-05,14722.125024299999,13.7969042207,-155548364.17300001,155548364.17300001,2310520.6691399999,14.652983454995791,1.87318332973e-13,contraction
2085,2085,6.7608297539200005e-05,14790.0838817,13.796904249500001,-156919532.88,156919532.88,2330888.0555500002,14.66175989264762,1.8405904624099999e-13,contraction
2086,2086,6.7297665628400003e-05,14858.3564229,13.7969042781,-158303044.87099999,158303044.87099999,2351438.78951,14.670537949626572,1.80855884459e-13,contraction
2087,2087,6.69884609417e-05,14926.9440958,13.7969043064,-159699012.729,159699012.729,2372174.5433499999,14.67931762127869,1.7770789311e-13,contraction
2088,2088,6.6680676921400002e-05,14995.848355,13.796904334500001,-161107550.07499999,161107550.07499999,2393097.0047900002,14.688098902964024,1.7461413367e-13,contraction
2089,2089,6.6374307040199999e-05,15065.070661899999,13.796904362299999,-162528771.57100001,162528771.57100001,2414207.8770099999,14.696881790026543,1.7157368334900001e-13,contraction
2090,2090,6.6069344800800007e-05,15134.612484400001,13.7969043899,-163962792.933,163962792.933,2435508.8788899998,14.705666277834899,1.6858563482500001e-13,contraction
2091,2091,6.5765783735500006e-05,15204.4752973,13.7969044173,-165409730.94100001,165409730.94100001,2457001.7450700002,14.714452361747265,1.65649095996e-13,contraction
2092,2092,6.5463617406700004e-05,15274.6605824,13.796904444400001,-166869703.44800001,166869703.44800001,2478688.2261299998,14.723240037125873,1.6276318972400001e-13,contraction
2093,2093,6.5162839406100005e-05,15345.169828,13.7969044712,-168342829.38999999,168342829.38999999,2500570.0887500001,14.732029299342287,1.59927053592e-13,contraction
2094,2094,6.4863443354799995e-05,15416.0045295,13.7969044979,-169829228.794,169829228.794,2522649.1158400001,14.740820143769954,1.57139839658e-13,contraction
2095,2095,6.4565422903499996e-05,15487.1661891,13.7969045243,-171329022.792,171329022.792,2544927.1066800002,14.749612565780545,1.5440071421899999e-13,contraction
2096,2096,6.4268771731700004e-05,15558.656316099999,13.796904550400001,-172842333.62900001,172842333.62900001,2567405.8771000002,14.758406560755528,1.51708857574e-13,contraction
2097,2097,6.3973483548299999e-05,15630.4764264,13.796904576399999,-174369284.67199999,174369284.67199999,2590087.2596,14.767202124073444,1.49063463794e-13,contraction
2098,2098,6.3679552090799995e-05,15702.628043299999,13.7969046021,-175910000.42300001,175910000.42300001,2612973.10354,14.775999251124093,1.4646374049399999e-13,contraction
2099,2099,6.3386971125700003e-05,15775.112697,13.7969046276,-177464606.528,177464606.528,2636065.2752700001,14.784797937298695,1.43908908609e-13,contraction
2100,2100,6.3095734447999994e-05,15847.9319246,13.7969046528,-179033229.787,179033229.787,2659365.6582900002,14.79359817799129,1.4139820217600001e-13,contraction
2101,2101,6.2805835881300001e-05,15921.0872705,13.796904677900001,-180615998.167,180615998.167,2682876.1534000002,14.802399968595815,1.3893086811500001e-13,contraction
2102,2102,6.2517269277599999e-05,15994.580286099999,13.796904702699999,-182213040.80899999,182213040.80899999,2706598.6789000002,14.811203304521268,1.3650616601400001e-13,contraction
2103,2103,6.2230028516900001e-05,16068.4125301,13.796904727299999,-183824488.04300001,183824488.04300001,2730535.17068,14.82000818116526,1.3412336792700001e-13,contraction
2104,2104,6.1944107507699996e-05,16142.585568300001,13.7969047517,-185450471.39500001,185450471.39500001,2754687.5824600002,14.828814593942857,1.3178175815999999e-13,contraction
2105,2105,6.1659500186100004e-05,16217.1009736,13.7969047759,-187091123.602,187091123.602,2779057.8859100002,14.837622538270208,1.2948063307000001e-13,contraction
2106,2106,6.13762005165e-05,16291.9603264,13.7969047998,-188746578.62099999,188746578.62099999,2803648.0708099999,14.846432009562754,1.27219300869e-13,contraction
2107,2107,6.1094202490600007e-05,16367.165214299999,13.7969048236,-190416971.63699999,190416971.63699999,2828460.1452500001,14.855243003247127,1.24997081423e-13,contraction
2108,2108,6.0813500127899999e-05,16442.7172321,13.7969048471,-192102439.083,192102439.083,2853496.1357700001,14.864055514750868,1.22813306064e-13,contraction
2109,2109,6.0534087475399998e-05,16518.617982299998,13.796904870400001,-193803118.64199999,193803118.64199999,2878758.0875300001,14.872869539502577,1.20667317393e-13,contraction
2110,2110,6.02559586074e-05,16594.869074400001,13.796904893600001,-195519149.26499999,195519149.26499999,2904248.0645099999,14.881685072941824,1.1855846910099999e-13,contraction
2111,2111,5.9979107625599997e-05,16671.4721255,13.796904916500001,-197250671.17899999,197250671.17899999,2929968.1496700002,14.890502110514371,1.1648612577899999e-13,contraction
2112,2112,5.9703528658400003e-05,16748.428760300001,13.796904939199999,-198997825.90099999,198997825.90099999,2955920.44508,14.899320647656944,1.14449662739e-13,contraction
2113,2113,5.9429215861600001e-05,16825.740610699999,13.796904961799999,-200760756.25099999,200760756.25099999,2982107.0721900002,14.908140679829211,1.1244846583800001e-13,contraction
2114,2114,5.9156163417499999e-05,16903.409316400001,13.796904984099999,-202539606.35800001,202539606.35800001,3008530.1719300002,14.916962202487053,1.104819313e-13,contraction
2115,2115,5.8884365535599999e-05,16981.436524600002,13.796905006199999,-204334521.68000001,204334521.68000001,3035191.9049,14.925785211086319,1.0854946554599999e-13,contraction
2116,2116,5.86138164514e-05,17059.82389,13.796905028199999,-206145649.00999999,206145649.00999999,3062094.4515999998,14.934609701098944,1.06650485024e-13,contraction
2117,2117,5.8344510427400002e-05,17138.573075100001,13.796905049899999,-207973136.49200001,207973136.49200001,3089240.01254,14.943435667988807,1.04784416041e-13,contraction
2118,2118,5.8076441752099999e-05,17217.6857499,13.796905071499999,-209817133.632,209817133.632,3116630.8085099999,14.952263107239665,1.02950694602e-13,contraction
2119,2119,5.7809604740599999e-05,17297.163592199999,13.796905092799999,-211677791.31099999,211677791.31099999,3144269.0806900002,14.961092014330204,1.01148766244e-13,contraction
2120,2120,5.7543993733699997e-05,17377.008287500001,13.796905113999999,-213555261.79699999,213555261.79699999,3172157.09088,14.969922384747665,9.9378085884500003e-14,contraction
2121,2121,5.7279603098600003e-05,17457.2215292,13.796905134999999,-215449698.75999999,215449698.75999999,3200297.1216699998,14.978754213981487,9.7638117657900004e-14,contraction
2122,2122,5.7016427228100002e-05,17537.805018399999,13.796905155799999,-217361257.28,217361257.28,3228691.4766600002,14.987587497532212,9.5928334767100005e-14,contraction
2123,2123,5.6754460540899998e-05,17618.7604641,13.796905176399999,-219290093.86500001,219290093.86500001,3257342.4806300001,14.996422230904049,9.4248219330599994e-14,contraction
2124,2124,5.6493697481200003e-05,17700.089583199999,13.796905196899999,-221236366.46399999,221236366.46399999,3286252.4797200002,15.005258409600307,9.2597262234099994e-14,contraction
2125,2125,5.6234132519000002e-05,17781.794100399999,13.796905217200001,-223200234.477,223200234.477,3315423.8416800001,15.014096029139662,9.0974962985099994e-14,contraction
2126,2126,5.5975760149499998e-05,17863.875748499999,13.796905237200001,-225181858.76899999,225181858.76899999,3344858.95603,15.022935085044111,8.9380829568200003e-14,contraction
2127,2127,5.5718574893199998e-05,17946.336268300001,13.796905257100001,-227181401.68599999,227181401.68599999,3374560.2342400001,15.031775572832933,8.7814378304800002e-14,contraction
2128,2128,5.5462571295799999e-05,18029.1774086,13.7969052769,-229199027.06799999,229199027.06799999,3404530.1099899998,15.040617488039937,8.6275133713299994e-14,contraction
2129,2129,5.5207743928099998e-05,18112.4009262,13.7969052964,-231234900.26100001,231234900.26100001,3434771.0393400001,15.049460826203056,8.4762628372599999e-14,contraction
2130,2130,5.4954087385800001e-05,18196.008586100001,13.7969053158,-233289188.13100001,233289188.13100001,3465285.5009300001,15.0583055828626,8.3276402787799998e-14,contraction
2131,2131,5.4701596289400001e-05,18280.0021614,13.796905335,-235362059.081,235362059.081,3496075.9962300002,15.067151753573354,8.1816005257599996e-14,contraction
2132,2132,5.4450265284199998e-05,18364.383433499999,13.7969053541,-237453683.06299999,237453683.06299999,3527145.0496800002,15.075999333884324,8.0380991744299994e-14,contraction
2133,2133,5.42000890402e-05,18449.1541918,13.796905373,-239564231.58899999,239564231.58899999,3558495.20897,15.084848319358326,7.89709257458e-14,contraction
2134,2134,5.3951062251500001e-05,18534.316234099999,13.796905391699999,-241693877.75400001,241693877.75400001,3590129.0452200002,15.093698705562161,7.7585378169500005e-14,contraction
2135,2135,5.3703179637000002e-05,18619.8713666,13.796905410200001,-243842796.24200001,243842796.24200001,3622049.1532100001,15.102550488070577,7.6223927208700002e-14,contraction
2136,2136,5.3456435939699999e-05,18705.8214037,13.796905428600001,-246011163.34400001,246011163.34400001,3654258.1515899999,15.111403662463973,7.4886158220800004e-14,contraction
2137,2137,5.3210825926699998e-05,18792.168168,13.7969054468,-248199156.97499999,248199156.97499999,3686758.6830799999,15.120258224322999,7.3571663607300005e-14,contraction
2138,2138,5.2966344389199999e-05,18878.913490999999,13.7969054649,-250406956.68599999,250406956.68599999,3719553.41475,15.129114169244389,7.2280042695799995e-14,contraction
2139,2139,5.2722986142300002e-05,18966.059212100001,13.7969054828,-252634743.678,252634743.678,3752645.0381800001,15.137971492823434,7.1010901624699999e-14,contraction
2140,2140,5.2480746025000001e-05,19053.6071796,13.796905500599999,-254882700.82300001,254882700.82300001,3786036.2697299998,15.146830190665899,6.9763853228699995e-14,contraction
2141,2141,5.2239618899899997e-05,19141.5592502,13.796905518100001,-257151012.67199999,257151012.67199999,3819729.8507599998,15.155690258385667,6.8538516926600001e-14,contraction
2142,2142,5.1999599653400002e-05,19229.917289100002,13.796905535600001,-259439865.477,259439865.477,3853728.5478300001,15.164551691596779,6.7334518611400002e-14,contraction
2143,2143,5.17606831951e-05,19318.683170200002,13.7969055529,-261749447.20100001,261749447.20100001,3888035.1529799998,15.173414485925914,6.61514905416e-14,contraction
2144,2144,5.1522864458200002e-05,19407.8587759,13.79690557,-264079947.53999999,264079947.53999999,3922652.4839300001,15.182278637003279,6.4989071234400002e-14,contraction
2145,2145,5.1286138399099998e-05,19497.4459976,13.796905586999999,-266431557.93200001,266431557.93200001,3957583.3843299998,15.191144140466063,6.3846905361200005e-14,contraction
2146,2146,5.1050499997500001e-05,19587.446735099998,13.796905603800001,-268804471.579,268804471.579,3992830.72401,15.200010991961166,6.2724643643699998e-14,contraction
2147,2147,5.0815944256100001e-05,19677.8628971,13.7969056205,-271198883.46100003,271198883.46100003,4028397.3991899998,15.20887918713731,6.1621942753099995e-14,contraction
2148,2148,5.0582466200300001e-05,19768.696401099998,13.796905637,-273614990.35100001,273614990.35100001,4064286.3327600001,15.217748721654225,6.0538465209799999e-14,contraction
2149,2149,5.0350060878799998e-05,19859.949173600002,13.7969056534,-276052990.83399999,276052990.83399999,4100500.4745,15.226619591176192,5.9473879285599997e-14,contraction
2150,2150,5.0118723362699997e-05,19951.623149700001,13.796905669599999,-278513085.32200003,278513085.32200003,4137042.8013399998,15.235491791375042,5.8427858906600002e-14,contraction
2151,2151,4.9888448746000002e-05,20043.720273700001,13.796905685700001,-280995476.07200003,280995476.07200003,4173916.3176099998,15.244365317930049,5.7400083558800002e-14,contraction
2152,2152,4.9659232145000001e-05,20136.242498600001,13.7969057017,-283500367.20200002,283500367.20200002,4211124.05528,15.253240166524904,5.6390238194199999e-14,contraction
2153,2153,4.9431068698700003e-05,20229.191786799998,13.7969057175,-286027964.70899999,286027964.70899999,4248669.0742499996,15.262116332856081,5.53980131393e-14,contraction
2154,2154,4.92039535681e-05,20322.5701094,13.796905733199999,-288578476.486,288578476.486,4286554.4625599999,15.270993812621539,5.4423104004700001e-14,contraction
2155,2155,4.89778819368e-05,20416.379446700001,13.7969057487,-291152112.33999997,291152112.33999997,4324783.3366799997,15.279872601527973,5.3465211595900002e-14,contraction
2156,2156,4.8752849010300001e-05,20510.621788299999,13.7969057641,-293749084.00700003,293749084.00700003,4363358.8417800004,15.288752695292558,5.2524041826399998e-14,contraction
2157,2157,4.8528850016199998e-05,20605.299132700002,13.796905779299999,-296369605.17500001,296369605.17500001,4402284.1519499999,15.297634089632673,5.15993056315e-14,contraction
2158,2158,4.8305880203999997e-05,20700.413487900001,13.796905794500001,-299013891.49800003,299013891.49800003,4441562.4705400001,15.306516780282667,5.0690718883699997e-14,contraction
2159,2159,4.8083934845000002e-05,20795.966871000001,13.7969058095,-301682160.61299998,301682160.61299998,4481197.0303400001,15.315400762973457,4.9798002309800003e-14,contraction
2160,2160,4.7863009232300002e-05,20891.961308499998,13.7969058243,-304374632.16399997,304374632.16399997,4521191.09394,15.324286033452484,4.8920881408800003e-14,contraction
2161,2161,4.7643098680500001e-05,20988.398836199998,13.796905839100001,-307091527.81400001,307091527.81400001,4561547.9539299998,15.333172587466985,4.8059086372100003e-14,contraction
2162,2162,4.7424198526e-05,21085.281499299999,13.7969058537,-309833071.26899999,309833071.26899999,4602270.9332499998,15.342060420780186,4.7212352003800001e-14,contraction
2163,2163,4.7206304126400003e-05,21182.6113525,13.7969058681,-312599488.29100001,312599488.29100001,4643363.3853900004,15.350949529153798,4.6380417643300002e-14,contraction
2164,2164,4.69894108605e-05,21280.390459800001,13.796905882500001,-315391006.72600001,315391006.72600001,4684828.6947499998,15.359839908365027,4.5563027088799997e-14,contraction
2165,2165,4.6773514128700002e-05,21378.620895,13.7969058967,-318207856.51099998,318207856.51099998,4726670.2768599996,15.36873155419252,4.4759928522100002e-14,contraction
2166,2166,4.65586093523e-05,21477.304741299999,13.7969059108,-321050269.70499998,321050269.70499998,4768891.57871,15.377624462425574,4.3970874434300002e-14,contraction
2167,2167,4.6344691973599997e-05,21576.444091500001,13.796905924700001,-323918480.50199997,323918480.50199997,4811496.0790200001,15.386518628859836,4.3195621553800002e-14,contraction
2168,2168,4.6131757455999997e-05,21676.041048200001,13.7969059386,-326812725.25199997,326812725.25199997,4854487.2885400001,15.395414049298848,4.24339307741e-14,contraction
2169,2169,4.5919801283700001e-05,21776.097723499999,13.796905952299999,-329733242.48100001,329733242.48100001,4897868.7503599999,15.404310719557021,4.16855670838e-14,contraction
2170,2170,4.5708818961499998e-05,21876.616239499999,13.796905965900001,-332680272.91100001,332680272.91100001,4941644.0401799995,15.413208635453788,4.0950299497299999e-14,contraction
2171,2171,4.5498806015e-05,21977.598727799999,13.7969059794,-335654059.48199999,335654059.48199999,4985816.7666100003,15.422107792813543,4.0227900986999997e-14,contraction
2172,2172,4.5289757990399999e-05,22079.047330199999,13.796905992699999,-338654847.36900002,338654847.36900002,5030390.5715100002,15.431008187472971,3.9518148416200001e-14,contraction
2173,2173,4.5081670454099998e-05,22180.964198000001,13.7969060059,-341682884.00599998,341682884.00599998,5075369.13026,15.439909815273662,3.8820822473299998e-14,contraction
2174,2174,4.4874538993300002e-05,22283.3514927,13.7969060191,-344738419.10600001,344738419.10600001,5120756.1521100001,15.448812672070177,3.81357076074e-14,contraction
2175,2175,4.4668359215100001e-05,22386.2113857,13.796906032100001,-347821704.67900002,347821704.67900002,5166555.3804299999,15.457716753717779,3.7462591964200002e-14,contraction
2176,2176,4.4463126746900001e-05,22489.546058399999,13.796906045,-350932995.05900002,350932995.05900002,5212770.5930899996,15.4666220560852,3.68012673242e-14,contraction
2177,2177,4.4258837236299998e-05,22593.357702199999,13.796906057699999,-354072546.91799998,354072546.91799998,5259405.60274,15.475528575047171,3.6151529040400002e-14,contraction
2178,2178,4.4055486350699999e-05,22697.648518800001,13.7969060704,-357240619.29699999,357240619.29699999,5306464.2571299998,15.48443630648433,3.5513175978399998e-14,contraction
2179,2179,4.3853069777500003e-05,22802.420719999998,13.7969060829,-360437473.61699998,360437473.61699998,5353950.4394699996,15.493345246290042,3.48860104565e-14,contraction
2180,2180,4.3651583223999998e-05,22907.676527700001,13.796906095400001,-363663373.71200001,363663373.71200001,5401868.0687199999,15.502255390363375,3.4269838187600002e-14,contraction
2181,2181,4.3451022417200001e-05,23013.418174099999,13.7969061077,-366918585.84100002,366918585.84100002,5450221.0999299996,15.511166734611031,3.3664468221500002e-14,contraction
2182,2182,4.3251383103499997e-05,23119.647901799999,13.796906119899999,-370203378.71899998,370203378.71899998,5499013.52458,15.520079274948648,3.30697128882e-14,contraction
2183,2183,4.3052661049199999e-05,23226.367963600002,13.796906132,-373518023.53299999,373518023.53299999,5548249.3709000004,15.528993007297865,3.2485387742700002e-14,contraction
2184,2184,4.2854852039699998e-05,23333.5806228,13.796906143999999,-376862793.97000003,376862793.97000003,5597932.7042399999,15.537907927591924,3.1911311509999999e-14,contraction
2185,2185,4.2657951880200003e-05,23441.288153199999,13.7969061559,-380237966.236,380237966.236,5648067.62739,15.546824031771562,3.1347306031199997e-14,contraction
2186,2186,4.2461956394600003e-05,23549.492838999999,13.7969061677,-383643819.083,383643819.083,5698658.2809199998,15.555741315784086,3.07931962112e-14,contraction
2187,2187,4.2266861426599999e-05,23658.196974900002,13.796906179400001,-387080633.829,387080633.829,5749708.8435399998,15.564659775585405,3.02488099661e-14,contraction
2188,2188,4.2072662838399998e-05,23767.402866199998,13.796906191,-390548694.384,390548694.384,5801223.53247,15.573579407143146,2.9713978172400001e-14,contraction
2189,2189,4.1879356511799998e-05,23877.112829099999,13.796906202500001,-394048287.27200001,394048287.27200001,5853206.6037499998,15.582500206428774,2.9188534616700001e-14,contraction
2190,2190,4.1686938347000003e-05,23987.329190199998,13.7969062138,-397579701.65799999,397579701.65799999,5905662.3526400002,15.591422169424838,2.8672315946200001e-14,contraction
2191,2191,4.1495404263399999e-05,24098.054286899998,13.796906225100001,-401143229.37,401143229.37,5958595.1139500001,15.600345292119504,2.8165161620400001e-14,contraction
2192,2192,4.1304750198999997e-05,24209.290467399998,13.7969062363,-404739164.92500001,404739164.92500001,6012009.2624500003,15.609269570514162,2.7666913862600001e-14,contraction
2193,2193,4.11149721105e-05,24321.0400907,13.796906247400001,-408367805.55000001,408367805.55000001,6065909.21318,15.618195000613554,2.7177417613899999e-14,contraction
2194,2194,4.0926065972999999e-05,24433.3055269,13.7969062583,-412029451.21399999,412029451.21399999,6120299.4218800003,15.627121578435505,2.6696520486000001e-14,contraction
2195,2195,4.0738027780399998e-05,24546.089156900001,13.796906269200001,-415724404.648,415724404.648,6175184.3853200004,15.636049300003366,2.6224072716699999e-14,contraction
2196,2196,4.0550853544800001e-05,24659.393372300001,13.79690628,-419452971.37099999,419452971.37099999,6230568.6416999996,15.644978161349552,2.57599271244e-14,contraction
2197,2197,4.0364539296800002e-05,24773.220576299998,13.796906290700001,-423215459.71899998,423215459.71899998,6286456.7710300004,15.653908158515152,2.5303939064900001e-14,contraction
2198,2198,4.01790810849e-05,24887.573182799999,13.7969063013,-427012180.866,427012180.866,6342853.3955199998,15.662839287550568,2.48559663877e-14,contraction
2199,2199,3.9994474976099999e-05,25002.453616999999,13.796906311800001,-430843448.85399997,430843448.85399997,6399763.1799699999,15.671771544515581,2.4415869393799999e-14,contraction
2200,2200,3.9810717055299997e-05,25117.8643151,13.7969063222,-434709580.61900002,434709580.61900002,6457190.83213,15.680704925474192,2.39835107938e-14,contraction
2201,2201,3.9627803425500003e-05,25233.807724800001,13.796906332500001,-438610896.01599997,438610896.01599997,6515141.1031600004,15.689639426504552,2.35587556671e-14,contraction
2202,2202,3.9445730207500002e-05,25350.286305000001,13.7969063427,-442547717.84899998,442547717.84899998,6573618.7879900001,15.698575043692573,2.3141471421299998e-14,contraction
2203,2203,3.9264493540000001e-05,25467.302525899999,13.796906352900001,-446520371.89300001,446520371.89300001,6632628.7257000003,15.707511773128346,2.27315277526e-14,contraction
2204,2204,3.9084089579200002e-05,25584.8588691,13.7969063629,-450529186.92799997,450529186.92799997,6692175.7999900002,15.716449610915644,2.23287966068e-14,contraction
2205,2205,3.8904514499399999e-05,25702.9578277,13.796906372800001,-454574494.76200002,454574494.76200002,6752264.9395399997,15.725388553164061,2.1933152140999999e-14,contraction
2206,2206,3.87257644922e-05,25821.601906299999,13.7969063827,-458656630.259,458656630.259,6812901.1184700001,15.734328595995704,2.1544470685700002e-14,contraction
2207,2207,3.8547835766599999e-05,25940.793621199999,13.7969063925,-462775931.37199998,462775931.37199998,6874089.3567000004,15.743269735536407,2.1162630708000001e-14,contraction
2208,2208,3.8370724549200002e-05,26060.535500000002,13.796906402199999,-466932739.16600001,466932739.16600001,6935834.7204400003,15.752211967925607,2.0787512774800001e-14,contraction
2209,2209,3.8194427084000002e-05,26180.830082199998,13.7969064118,-471127397.84799999,471127397.84799999,6998142.3225600002,15.761155289307995,2.0418999517200001e-14,contraction
2210,2210,3.80189396321e-05,26301.679918999998,13.796906421299999,-475360254.79900002,475360254.79900002,7061017.3230499998,15.770099695837777,2.0056975595299999e-14,contraction
2211,2211,3.7844258471700002e-05,26423.087573199999,13.7969064307,-479631660.60000002,479631660.60000002,7124464.9294699999,15.779045183680775,1.9701327663299999e-14,contraction
2212,2212,3.76703798984e-05,26545.055619800001,13.796906440100001,-483941969.06199998,483941969.06199998,7188490.3973500002,15.787991749008878,1.9351944335699999e-14,contraction
2213,2213,3.7497300224500002e-05,26667.586645200001,13.7969064493,-488291537.25999999,488291537.25999999,7253099.0306500001,15.79693938800251,1.9008716153699999e-14,contraction
2214,2214,3.7325015779599997e-05,26790.683248199999,13.796906458500001,-492680725.55500001,492680725.55500001,7318296.1822300004,15.805888096853781,1.8671535552099999e-14,contraction
2215,2215,3.7153522909699998e-05,26914.348039299999,13.7969064676,-497109897.63200003,497109897.63200003,7384087.2542599998,15.814837871760773,1.8340296827200001e-14,contraction
2216,2216,3.6982817978000003e-05,27038.583641099998,13.7969064766,-501579420.528,501579420.528,7450477.6987199998,15.823788708933659,1.8014896104999998e-14,contraction
2217,2217,3.68128973643e-05,27163.392688399999,13.796906485599999,-506089664.662,506089664.662,7517473.0178199997,15.832740604589294,1.76952313094e-14,contraction
2218,2218,3.6643757464799998e-05,27288.777828099999,13.7969064944,-510641003.866,510641003.866,7585078.76449,15.841693554954757,1.7381202132099999e-14,contraction
2219,2219,3.64753946926e-05,27414.7417193,13.796906503200001,-515233815.41799998,515233815.41799998,7653300.5428200001,15.850647556263613,1.7072710002099999e-14,contraction
2220,2220,3.6307805477000003e-05,27541.2870334,13.7969065119,-519868480.074,519868480.074,7722144.0085800001,15.859602604762186,1.67696580557e-14,contraction
2221,2221,3.6140986263999997e-05,27668.416454099999,13.7969065205,-524545382.09899998,524545382.09899998,7791614.8696499998,15.868558696703364,1.6471951107500001e-14,contraction
2222,2222,3.5974933515599997e-05,27796.132677599999,13.796906529099999,-529264909.301,529264909.301,7861718.8865299998,15.877515828350376,1.6179495621899999e-14,contraction
2223,2223,3.5809643710299998e-05,27924.438412399999,13.7969065375,-534027453.05900002,534027453.05900002,7932461.8728,15.886473995973477,1.5892199684399999e-14,contraction
2224,2224,3.5645113342600003e-05,28053.3363795,13.796906545900001,-538833408.36399996,538833408.36399996,8003849.6956599997,15.895433195856267,1.5609972974000001e-14,contraction
2225,2225,3.54813389234e-05,28182.829312599999,13.7969065543,-543683173.84500003,543683173.84500003,8075888.2763400003,15.904393424284999,1.5332726735999999e-14,contraction
2226,2226,3.5318316979199998e-05,28312.919957999999,13.7969065625,-548577151.80499995,548577151.80499995,8148583.5907100001,15.913354677562451,1.5060373754900002e-14,contraction
2227,2227,3.5156044052800003e-05,28443.611074500001,13.796906570699999,-553515748.25899994,553515748.25899994,8221941.6696699997,15.92231695199373,1.47928283284e-14,contraction
2228,2228,3.4994516702800003e-05,28574.905433700002,13.7969065788,-558499372.96000004,558499372.96000004,8295968.5997599997,15.931280243898803,1.4530006241100001e-14,contraction
2229,2229,3.48337315036e-05,28706.805820199999,13.7969065868,-563528439.44099998,563528439.44099998,8370670.5235799998,15.940244549601081,1.42718247391e-14,contraction
2230,2230,3.4673685045299998e-05,28839.315031300001,13.796906594699999,-568603365.04799998,568603365.04799998,8446053.6404100005,15.949209865439757,1.4018202504799999e-14,contraction
2231,2231,3.4514373933600001e-05,28972.435877,13.7969066026,-573724570.97099996,573724570.97099996,8522124.2066200003,15.958176187756248,1.37690596328e-14,contraction
2232,2232,3.4355794790000001e-05,29106.171180699999,13.796906610400001,-578892482.28600001,578892482.28600001,8598888.5363100003,15.96714351290758,1.3524317604699999e-14,contraction
2233,2233,3.4197944251400003e-05,29240.523778399998,13.7969066182,-584107527.98599994,584107527.98599994,8676353.0017399993,15.976111837254269,1.3283899266300001e-14,contraction
2234,2234,3.4040818970100001e-05,29375.496519600001,13.7969066259,-589370141.01900005,589370141.01900005,8754524.0339599997,15.985081157171143,1.30477288034e-14,contraction
2235,2235,3.3884415613900001e-05,29511.092266700001,13.796906633500001,-594680758.32500005,594680758.32500005,8833408.1232699994,15.994051469037782,1.28157317192e-14,contraction
2236,2236,3.37287308659e-05,29647.313895200001,13.796906641,-600039820.87199998,600039820.87199998,8913011.8198399991,16.003022769246833,1.25878348115e-14,contraction
2237,2237,3.35737614243e-05,29784.164294300001,13.7969066485,-605447773.69500005,605447773.69500005,8993341.7342000008,16.011995054196909,1.23639661505e-14,contraction
2238,2238,3.3419504002600003e-05,29921.646366100002,13.796906655900001,-610905065.92799997,610905065.92799997,9074404.53785,16.020968320298476,1.21440550569e-14,contraction
2239,2239,3.32659553294e-05,30059.763026299999,13.7969066632,-616412150.85000002,616412150.85000002,9156206.9637800008,16.029942563969069,1.1928032080499999e-14,contraction
2240,2240,3.3113112148299998e-05,30198.517204,13.7969066705,-621969485.91799998,621969485.91799998,9238755.8070700001,16.038917781636847,1.1715828978899999e-14,contraction
2241,2241,3.2960971217700003e-05,30337.911841900001,13.796906677699999,-627577532.80499995,627577532.80499995,9322057.9254599996,16.047893969740187,1.1507378696900001e-14,contraction
2242,2242,3.2809529311300001e-05,30477.949896300001,13.7969066848,-633236757.44400001,633236757.44400001,9406120.2399000004,16.056871124724584,1.13026153457e-14,contraction
2243,2243,3.2658783217200003e-05,30618.634336899999,13.7969066919,-638947630.06099999,638947630.06099999,9490949.7351600006,16.065849243045502,1.11014741835e-14,contraction
2244,2244,3.2508729738500002e-05,30759.968147399999,13.796906698900001,-644710625.22000003,644710625.22000003,9576553.4604199994,16.074828321168415,1.09038915949e-14,contraction
2245,2245,3.2359365692999997e-05,30901.9543251,13.7969067059,-650526221.86000001,650526221.86000001,9662938.5298500005,16.083808355567236,1.0709805072499999e-14,contraction
2246,2246,3.2210687912799998e-05,31044.5958813,13.7969067128,-656394903.33500004,656394903.33500004,9750112.1232200004,16.092789342725343,1.0519153196700001e-14,contraction
2247,2247,3.2062693245100003e-05,31187.895840900001,13.796906719600001,-662317157.45700002,662317157.45700002,9838081.4865199998,16.101771279137029,1.0331875618e-14,contraction
2248,2248,3.1915378550999997e-05,31331.8572432,13.7969067264,-668293476.53799999,668293476.53799999,9926853.9325300008,16.110754161303234,1.0147913037799999e-14,contraction
2249,2249,3.1768740706499999e-05,31476.483141000001,13.7969067331,-674324357.426,674324357.426,10016436.841499999,16.119737985737952,9.9672071907100003e-15,contraction
2250,2250,3.1622776601699997e-05,31621.776601699999,13.796906739700001,-680410301.55299997,680410301.55299997,10106837.661599999,16.128722748950956,9.78970082665e-15,contraction
2251,2251,3.1477483141000003e-05,31767.740706500001,13.796906746299999,-686551814.97500002,686551814.97500002,10198063.91,16.137708447492681,9.6153376932299998e-15,contraction
2252,2252,3.13328572432e-05,31914.378551000002,13.7969067529,-692749408.41400003,692749408.41400003,10290123.172800001,16.146695077884363,9.4440625186599993e-15,contraction
2253,2253,3.1188895840899997e-05,32061.693245099999,13.796906759300001,-699003597.30299997,699003597.30299997,10383023.1064,16.155682636690031,9.2758209947799993e-15,contraction
2254,2254,3.1045595881300003e-05,32209.6879128,13.796906765699999,-705314901.82599998,705314901.82599998,10476771.4375,16.164671120453345,9.1105597604800001e-15,contraction
2255,2255,3.09029543251e-05,32358.365693,13.7969067721,-711683846.96599996,711683846.96599996,10571375.964299999,16.173660525750748,8.9482263853100008e-15,contraction
2256,2256,3.0760968147400001e-05,32507.729738499998,13.7969067784,-718110962.54700005,718110962.54700005,10666844.5568,16.182650849156829,8.7887693534300007e-15,contraction
2257,2257,3.0619634336900003e-05,32657.783217200002,13.796906784600001,-724596783.27999997,724596783.27999997,10763185.157600001,16.191642087257435,8.6321380478399997e-15,contraction
2258,2258,3.04789498963e-05,32808.529311300001,13.7969067908,-731141848.80499995,731141848.80499995,10860405.782600001,16.200634236652309,8.4782827348300002e-15,contraction
2259,2259,3.0338911841900001e-05,32959.971217699996,13.796906797,-737746703.74300003,737746703.74300003,10958514.521500001,16.209627293938773,8.3271545487300006e-15,contraction
2260,2260,3.0199517203999999e-05,33112.112148300002,13.796906803000001,-744411897.73300004,744411897.73300004,11057519.538699999,16.218621255731875,8.1787054769399998e-15,contraction
2261,2261,3.0060763026300001e-05,33264.9553294,13.796906809099999,-751137985.48800004,751137985.48800004,11157429.073999999,16.227616118664997,8.0328883451400005e-15,contraction
2262,2262,2.9922646366099999e-05,33418.504002599999,13.796906815,-757925526.83399999,757925526.83399999,11258251.4431,16.236611879372081,7.8896568028500001e-15,contraction
2263,2263,2.9785164294300001e-05,33572.761424299999,13.7969068209,-764775086.76199996,764775086.76199996,11359995.0382,16.245608534479015,7.7489653091499994e-15,contraction
2264,2264,2.9648313895199999e-05,33727.730865899997,13.796906826800001,-771687235.47300005,771687235.47300005,11462668.3292,16.254606080647317,7.6107691187000004e-15,contraction
2265,2265,2.9512092266699999e-05,33883.415613899997,13.7969068326,-778662548.42700005,778662548.42700005,11566279.8641,16.263604514545719,7.4750242679899995e-15,contraction
2266,2266,2.93764965196e-05,34039.818970100001,13.7969068384,-785701606.39400005,785701606.39400005,11670838.2695,16.272603832831248,7.3416875617900004e-15,contraction
2267,2267,2.9241523778399999e-05,34196.944251399997,13.7969068441,-792804995.49800003,792804995.49800003,11776352.251800001,16.281604032190241,7.2107165598800004e-15,contraction
2268,2268,2.9107171180700001e-05,34354.79479,13.796906849699999,-799973307.27199996,799973307.27199996,11882830.5977,16.290605109317649,7.0820695639499997e-15,contraction
2269,2269,2.8973435876999999e-05,34513.3739336,13.7969068553,-807207138.704,807207138.704,11990282.174699999,16.299607060896914,6.9557056048100001e-15,contraction
2270,2270,2.8840315031299999e-05,34672.685045300001,13.7969068609,-814507092.28900003,814507092.28900003,12098715.932499999,16.308609883654714,6.8315844297300002e-15,contraction
2271,2271,2.8707805820200001e-05,34832.7315036,13.796906866400001,-821873776.07799995,821873776.07799995,12208140.903000001,16.317613574297567,6.7096664900100003e-15,contraction
2272,2272,2.8575905433700001e-05,34993.5167028,13.796906871799999,-829307803.73300004,829307803.73300004,12318566.2015,16.326618129548624,6.5899129288700002e-15,contraction
2273,2273,2.8444611074499999e-05,35155.044052800004,13.7969068772,-836809794.57700002,836809794.57700002,12430001.0276,16.335623546157848,6.4722855693599996e-15,contraction
2274,2274,2.8313919958000002e-05,35317.316979199997,13.7969068826,-844380373.64400005,844380373.64400005,12542454.6654,16.344629820855239,6.3567469026500003e-15,contraction
2275,2275,2.8183829312600002e-05,35480.338923399999,13.796906887900001,-852020171.73500001,852020171.73500001,12655936.484999999,16.35363695040871,6.2432600764300001e-15,contraction
2276,2276,2.8054336379499998e-05,35644.113342600001,13.796906893199999,-859729825.47000003,859729825.47000003,12770455.942600001,16.362644931568681,6.1317888835200003e-15,contraction
2277,2277,2.7925438412399999e-05,35808.643710299999,13.7969068984,-867509977.34200001,867509977.34200001,12886022.582,16.371653761123703,6.0222977507000001e-15,contraction
2278,2278,2.7797132677600001e-05,35973.933515600002,13.7969069035,-875361275.77100003,875361275.77100003,13002646.0348,16.380663435852586,5.9147517276899997e-15,contraction
2279,2279,2.7669416454100001e-05,36139.986263999999,13.7969069087,-883284375.15900004,883284375.15900004,13120336.021400001,16.389673952539447,5.80911647638e-15,contraction
2280,2280,2.75422870334e-05,36306.805477000002,13.796906913700001,-891279935.94500005,891279935.94500005,13239102.3521,16.398685307994977,5.7053582601899999e-15,contraction
2281,2281,2.7415741719300001e-05,36474.394692599999,13.7969069188,-899348624.65999997,899348624.65999997,13358954.9275,16.407697499023598,5.6034439336200001e-15,contraction
2282,2282,2.72897778281e-05,36642.757464800001,13.7969069238,-907491113.98699999,907491113.98699999,13479903.739700001,16.41671052245113,5.5033409320199997e-15,contraction
2283,2283,2.7164392688399999e-05,36811.897364299999,13.7969069287,-915708082.81099999,915708082.81099999,13601958.8729,16.425724375106327,5.4050172614699998e-15,contraction
2284,2284,2.7039583641100001e-05,36981.817977999999,13.796906933600001,-924000216.28299999,924000216.28299999,13725130.5043,16.434739053824682,5.3084414889000002e-15,contraction
2285,2285,2.6915348039299999e-05,37152.522909699997,13.796906938399999,-932368205.87600005,932368205.87600005,13849428.905099999,16.443754555458657,5.2135827323500002e-15,contraction
2286,2286,2.67916832482e-05,37324.015779599998,13.7969069433,-940812749.43900001,940812749.43900001,13974864.441199999,16.452770876865369,5.1204106513799999e-15,contraction
2287,2287,2.6668586645200001e-05,37496.300224500003,13.796906948,-949334551.26400006,949334551.26400006,14101447.574100001,16.46178801490851,5.0288954376399997e-15,contraction
2288,2288,2.6546055619800001e-05,37669.379898400002,13.796906952700001,-957934322.13900006,957934322.13900006,14229188.8619,16.47080596646666,4.9390078056999998e-15,contraction
2289,2289,2.64240875732e-05,37843.258471699999,13.796906957399999,-966612779.40900004,966612779.40900004,14358098.960100001,16.479824728426614,4.8507189838700004e-15,contraction
2290,2290,2.6302679919000001e-05,38017.939632100002,13.7969069621,-975370647.03900003,975370647.03900003,14488188.622400001,16.48884429767654,4.7640007053500002e-15,contraction
2291,2291,2.61818300822e-05,38193.427084000003,13.7969069667,-984208655.67400002,984208655.67400002,14619468.702,16.497864671133097,4.6788251993700003e-15,contraction
2292,2292,2.6061535500000002e-05,38369.7245492,13.7969069712,-993127542.70000005,993127542.70000005,14751950.151900001,16.506885845698779,4.5951651826500001e-15,contraction
2293,2293,2.5941793621200001e-05,38546.835766600001,13.796906975700001,-1002128052.3099999,1002128052.3099999,14885644.0265,16.515907818308261,4.5129938508300001e-15,contraction
2294,2294,2.58226019063e-05,38724.764492200004,13.796906980199999,-1011210935.55,1011210935.55,15020561.481799999,16.524930585878526,4.4322848702400001e-15,contraction
2295,2295,2.5703957827699999e-05,38903.5144994,13.7969069846,-1020376950.42,1020376950.42,15156713.777100001,16.533954145360056,4.3530123695900003e-15,contraction
2296,2296,2.5585858869099999e-05,39083.089579200001,13.796906989,-1029626861.9,1029626861.9,15294112.2754,16.542978493699678,4.2751509320399997e-15,contraction
2297,2297,2.5468302525899999e-05,39263.493540000003,13.7969069934,-1038961442.03,1038961442.03,15432768.444700001,16.552003627863197,4.19867558721e-15,contraction
2298,2298,2.5351286305e-05,39444.730207499997,13.796906997700001,-1048381469.96,1048381469.96,15572693.8587,16.561029544817668,4.1235618034199999e-15,contraction
2299,2299,2.5234807724800001e-05,39626.803425500002,13.796907001999999,-1057887732.0599999,1057887732.0599999,15713900.197899999,16.570056241539532,4.0497854800900003e-15,contraction
2300,2300,2.5118864315099999e-05,39809.717055300003,13.7969070062,-1067481021.9400001,1067481021.9400001,15856399.250499999,16.579083715009119,3.9773229401900003e-15,contraction
2301,2301,2.5003453616999998e-05,39993.474976099998,13.7969070104,-1077162140.52,1077162140.52,16000202.913899999,16.588111962242387,3.9061509228500002e-15,contraction
2302,2302,2.48885731828e-05,40178.081084899997,13.7969070146,-1086931896.1400001,1086931896.1400001,16145323.194700001,16.597140980227479,3.8362465761699996e-15,contraction
2303,2303,2.47742205763e-05,40363.539296800001,13.796907018700001,-1096791104.5799999,1096791104.5799999,16291772.2107,16.606170765986846,3.7675874500399998e-15,contraction
2304,2304,2.4660393372299999e-05,40549.853544799997,13.796907022799999,-1106740589.1500001,1106740589.1500001,16439562.191400001,16.615201316544272,3.7001514891299997e-15,contraction
2305,2305,2.45470891569e-05,40737.0277804,13.7969070268,-1116781180.76,1116781180.76,16588705.4792,16.624232628935253,3.6339170260500001e-15,contraction
2306,2306,2.44343055269e-05,40925.065972999997,13.7969070308,-1126913717.99,1126913717.99,16739214.530400001,16.633264700204315,3.5688627745799999e-15,contraction
2307,2307,2.4322040090700001e-05,41113.972110499999,13.7969070348,-1137139047.1500001,1137139047.1500001,16891101.916099999,16.642297527395982,3.50496782295e-15,contraction
2308,2308,2.4210290467400001e-05,41303.750199000002,13.796907038800001,-1147458022.3900001,1147458022.3900001,17044380.3237,16.651331107580862,3.4422116274200001e-15,contraction
2309,2309,2.4099054286899999e-05,41494.4042634,13.796907042699999,-1157871505.6900001,1157871505.6900001,17199062.557399999,16.660365437821625,3.3805740057700001e-15,contraction
2310,2310,2.3988329190199999e-05,41685.938347000003,13.796907046499999,-1168380367.04,1168380367.04,17355161.539700001,16.669400515197829,3.3200351310299998e-15,contraction
2311,2311,2.38781128291e-05,41878.356511799997,13.7969070504,-1178985484.4300001,1178985484.4300001,17512690.3125,16.67843633680604,3.2605755252800001e-15,contraction
2312,2312,2.3768402866200002e-05,42071.6628384,13.7969070542,-1189687743.95,1189687743.95,17671662.037900001,16.687472899742364,3.2021760535300001e-15,contraction
2313,2313,2.3659196974899999e-05,42265.8614266,13.7969070579,-1200488039.8800001,1200488039.8800001,17832089.999400001,16.696510201107785,3.1448179177799999e-15,contraction
2314,2314,2.3550492839000001e-05,42460.956394599998,13.796907061700001,-1211387274.75,1211387274.75,17993987.6032,16.705548238018206,3.0884826510699999e-15,contraction
2315,2315,2.3442288153200001e-05,42656.951880200002,13.796907065399999,-1222386359.4200001,1222386359.4200001,18157368.3794,16.714587007607879,3.03315211176e-15,contraction
2316,2316,2.3334580622799999e-05,42853.852039700003,13.796907069,-1233486213.1500001,1233486213.1500001,18322245.982700001,16.723626507004774,2.9788084778200001e-15,contraction
2317,2317,2.3227367963599999e-05,43051.661049200004,13.7969070727,-1244687763.71,1244687763.71,18488634.1939,16.732666733349966,2.9254342412300001e-15,contraction
2318,2318,2.3120647901799999e-05,43250.383103499997,13.7969070763,-1255991947.3900001,1255991947.3900001,18656546.9212,16.741707683804705,2.8730122025300001e-15,contraction
2319,2319,2.3014418174099999e-05,43450.022417200002,13.7969070798,-1267399709.1600001,1267399709.1600001,18825998.200800002,16.750749355519343,2.8215254653900002e-15,contraction
2320,2320,2.2908676527699999e-05,43650.583224000002,13.796907083400001,-1278912002.6900001,1278912002.6900001,18997002.198899999,16.759791745677035,2.7709574313300002e-15,contraction
2321,2321,2.2803420720000002e-05,43852.069777500001,13.796907086899999,-1290529790.47,1290529790.47,19169573.212000001,16.768834851445877,2.72129179451e-15,contraction
2322,2322,2.26986485188e-05,44054.486350699997,13.7969070904,-1302254043.8599999,1302254043.8599999,19343725.668900002,16.77787867002089,2.6725125366000001e-15,contraction
2323,2323,2.2594357702200001e-05,44257.837236300002,13.7969070938,-1314085743.1900001,1314085743.1900001,19519474.1314,16.786923198596579,2.6246039217700001e-15,contraction
2324,2324,2.2490546058400001e-05,44462.126746900001,13.7969070972,-1326025877.8399999,1326025877.8399999,19696833.295899998,16.795968434386115,2.5775504917400001e-15,contraction
2325,2325,2.2387211385700001e-05,44667.359215099998,13.7969071006,-1338075446.3199999,1338075446.3199999,19875817.994100001,16.805014374593597,2.5313370609199999e-15,contraction
2326,2326,2.2284351492699999e-05,44873.538993299997,13.796907103900001,-1350235456.3599999,1350235456.3599999,20056443.195099998,16.814061016457046,2.4859487116399999e-15,contraction
2327,2327,2.2181964197999999e-05,45080.6704541,13.796907107299999,-1362506924.99,1362506924.99,20238724.0057,16.823108357199594,2.4413707894500002e-15,contraction
2328,2328,2.20800473302e-05,45288.757990400001,13.796907110599999,-1374890878.6400001,1374890878.6400001,20422675.672499999,16.832156394070825,2.3975888985300001e-15,contraction
2329,2329,2.19785987278e-05,45497.806015000002,13.7969071138,-1387388353.1800001,1387388353.1800001,20608313.582600001,16.841205124317419,2.3545888971699998e-15,contraction
2330,2330,2.1877616239500002e-05,45707.818961500001,13.796907117,-1400000394.0899999,1400000394.0899999,20795653.265299998,16.850254545202873,2.3123568932700002e-15,contraction
2331,2331,2.1777097723499999e-05,45918.801283699999,13.7969071203,-1412728056.46,1412728056.46,20984710.393199999,16.859304653996986,2.2708792400400001e-15,contraction
2332,2332,2.1677041048200001e-05,46130.757455999999,13.7969071234,-1425572405.1400001,1425572405.1400001,21175500.783599999,16.868355447979528,2.2301425316199999e-15,contraction
2333,2333,2.15774440915e-05,46343.691973599998,13.796907126600001,-1438534514.8199999,1438534514.8199999,21368040.399700001,16.877406924433757,2.1901335989299998e-15,contraction
2334,2334,2.1478304741300001e-05,46557.609352300002,13.796907129699999,-1451615470.0799999,1451615470.0799999,21562345.3521,16.886459080653612,2.1508395054999999e-15,contraction
2335,2335,2.1379620894999999e-05,46772.514128700001,13.796907132799999,-1464816365.54,1464816365.54,21758431.9003,16.895511913949992,2.11224754337e-15,contraction
2336,2336,2.1281390459799999e-05,46988.4108605,13.7969071358,-1478138305.9100001,1478138305.9100001,21956316.453699999,16.904565421633311,2.07434522909e-15,contraction
2337,2337,2.11836113525e-05,47205.304126399998,13.7969071389,-1491582406.1099999,1491582406.1099999,22156015.573399998,16.913619601032519,2.0371202998199999e-15,contraction
2338,2338,2.10862814993e-05,47423.198526,13.7969071419,-1505149791.3399999,1505149791.3399999,22357545.973000001,16.922674449467831,2.0005607094100001e-15,contraction
2339,2339,2.0989398836199999e-05,47642.098680499999,13.7969071448,-1518841597.1900001,1518841597.1900001,22560924.5209,16.931729964290799,1.9646546246299998e-15,contraction
2340,2340,2.0892961308499999e-05,47862.009232299999,13.796907147800001,-1532658969.75,1532658969.75,22766168.240800001,16.940786142842629,1.92939042145e-15,contraction
2341,2341,2.0796966871e-05,48082.934845000003,13.796907150699999,-1546603065.6800001,1546603065.6800001,22973294.313900001,16.949842982488114,1.89475668133e-15,contraction
2342,2342,2.07014134879e-05,48304.880204000001,13.796907153599999,-1560675052.3,1560675052.3,23182320.079700001,16.958900480586824,1.8607421876099999e-15,contraction
2343,2343,2.06062991327e-05,48527.850016199998,13.7969071565,-1574876107.73,1574876107.73,23393263.0381,16.967958634520812,1.82733592204e-15,contraction
2344,2344,2.0511621788300001e-05,48751.8490103,13.7969071593,-1589207420.97,1589207420.97,23606140.850299999,16.977017441669439,1.7945270612e-15,contraction
2345,2345,2.04173794467e-05,48976.881936799997,13.7969071622,-1603670191.99,1603670191.99,23820971.340700001,16.98607689942693,1.76230497316e-15,contraction
2346,2346,2.0323570109400002e-05,49202.953568099998,13.796907165,-1618265631.8199999,1618265631.8199999,24037772.498300001,16.995137005197652,1.73065921405e-15,contraction
2347,2347,2.0230191786800001e-05,49430.068698700001,13.796907167700001,-1632994962.71,1632994962.71,24256562.478100002,17.004197756391022,1.6995795248200001e-15,contraction
2348,2348,2.0137242498600001e-05,49658.232145000002,13.796907170500001,-1647859418.1500001,1647859418.1500001,24477359.602699999,17.013259150424329,1.6690558279600001e-15,contraction
2349,2349,2.0044720273700001e-05,49887.448746000002,13.796907173199999,-1662860243.0599999,1662860243.0599999,24700182.363899998,17.022321184724795,1.6390782242900001e-15,contraction
2350,2350,1.9952623149700001e-05,50117.723362700002,13.796907175899999,-1677998693.8299999,1677998693.8299999,24925049.424199998,17.031383856726961,1.6096369898900001e-15,contraction
2351,2351,1.9860949173600001e-05,50349.060878800003,13.7969071786,-1693276038.45,1693276038.45,25151979.618700001,17.040447163885521,1.5807225729400001e-15,contraction
2352,2352,1.9769696401100001e-05,50581.466200299998,13.7969071812,-1708693556.6400001,1708693556.6400001,25380991.955899999,17.049511103643567,1.55232559077e-15,contraction
2353,2353,1.9678862897099999e-05,50814.944256100003,13.7969071838,-1724252539.9000001,1724252539.9000001,25612105.620200001,17.058575673468333,1.5244368268300001e-15,contraction
2354,2354,1.9588446735099999e-05,51049.499997500003,13.7969071864,-1739954291.6900001,1739954291.6900001,25845339.973000001,17.067640870830267,1.4970472278200001e-15,contraction
2355,2355,1.9498445997599999e-05,51285.138399099997,13.796907189000001,-1755800127.48,1755800127.48,26080714.554499999,17.076706693209509,1.4701479007600001e-15,contraction
2356,2356,1.9408858775899999e-05,51521.864458199998,13.796907191600001,-1771791374.9000001,1771791374.9000001,26318249.085299999,17.08577313809382,1.44373011023e-15,contraction
2357,2357,1.9319683170199999e-05,51759.683195099999,13.796907194099999,-1787929373.8399999,1787929373.8399999,26557963.467999998,17.094840202976076,1.4177852755399999e-15,contraction
2358,2358,1.9230917289100001e-05,51998.599653400001,13.796907196599999,-1804215476.55,1804215476.55,26799877.7892,17.103907885366212,1.39230496808e-15,contraction
2359,2359,1.91425592502e-05,52238.618899900001,13.7969071991,-1820651047.78,1820651047.78,27044012.320799999,17.112976182776094,1.3672809085599999e-15,contraction
2360,2360,1.9054607179599999e-05,52479.746025,13.7969072015,-1837237464.8699999,1837237464.8699999,27290387.522,17.122045092730275,1.3427049644500001e-15,contraction
2361,2361,1.8967059212099999e-05,52721.986142299997,13.796907204,-1853976117.8800001,1853976117.8800001,27539024.0407,17.131114612753766,1.3185691473700001e-15,contraction
2362,2362,1.8879913490999999e-05,52965.3443892,13.7969072064,-1870868409.72,1870868409.72,27789942.715700001,17.140184740388747,1.29486561055e-15,contraction
2363,2363,1.8793168168e-05,53209.825926700003,13.7969072088,-1887915756.24,1887915756.24,28043164.578200001,17.149255473184773,1.27158664634e-15,contraction
2364,2364,1.8706821403700002e-05,53455.435939700001,13.796907211200001,-1905119586.3699999,1905119586.3699999,28298710.853500001,17.158326808696042,1.24872468377e-15,contraction
2365,2365,1.86208713666e-05,53702.179637000001,13.796907213500001,-1922481342.22,1922481342.22,28556602.963,17.167398744488725,1.22627228611e-15,contraction
2366,2366,1.85353162341e-05,53950.0622515,13.796907215899999,-1940002479.25,1940002479.25,28816862.525800001,17.176471278133423,1.20422214857e-15,contraction
2367,2367,1.8450154191799998e-05,54199.0890402,13.796907218199999,-1957684466.3299999,1957684466.3299999,29079511.3607,17.18554440721125,1.1825670958899999e-15,contraction
2368,2368,1.8365383433499999e-05,54449.265284200002,13.7969072205,-1975528785.9100001,1975528785.9100001,29344571.488000002,17.194618129312151,1.1613000801500001e-15,contraction
2369,2369,1.8281002161399999e-05,54700.596289399997,13.7969072227,-1993536934.1199999,1993536934.1199999,29612065.1314,17.203692442036157,1.1404141784299999e-15,contraction
2370,2370,1.81970085861e-05,54953.087385799998,13.796907225,-2011710420.9200001,2011710420.9200001,29882014.719700001,17.212767342987249,1.1199025906999999e-15,contraction
2371,2371,1.8113400926199999e-05,55206.743928099997,13.7969072272,-2030050770.1900001,2030050770.1900001,30154442.888999999,17.221842829783611,1.09975863758e-15,contraction
2372,2372,1.8030177408599999e-05,55461.5712958,13.7969072294,-2048559519.9200001,2048559519.9200001,30429372.484099999,17.230918900040415,1.0799757582600001e-15,contraction
2373,2373,1.7947336268299999e-05,55717.574893199999,13.796907231600001,-2067238222.26,2067238222.26,30706826.561299998,17.239995551398575,1.0605475083800001e-15,contraction
2374,2374,1.7864875748500001e-05,55974.760149499998,13.796907233800001,-2086088443.72,2086088443.72,30986828.3893,17.24907278149006,1.0414675579999999e-15,contraction
2375,2375,1.77827941004e-05,56233.132518999999,13.796907235899999,-2105111765.29,2105111765.29,31269401.452,17.25815058796525,1.02272968956e-15,contraction
2376,2376,1.7701089583200001e-05,56492.697481199997,13.796907237999999,-2124309782.52,2124309782.52,31554569.450199999,17.267228968483369,1.0043277959200001e-15,contraction
2377,2377,1.7619760464100002e-05,56753.4605409,13.796907240199999,-2143684105.73,2143684105.73,31842356.303300001,17.276307920702887,9.8625587838900002e-16,contraction
2378,2378,1.7538805018400001e-05,57015.427228100001,13.7969072422,-2163236360.1100001,2163236360.1100001,32132786.151900001,17.285387442299836,9.6850804482500007e-16,contraction
2379,2379,1.7458221529200001e-05,57278.603098599997,13.7969072443,-2182968185.8299999,2182968185.8299999,32425883.3594,17.294467530953749,9.5107850775500001e-16,contraction
2380,2380,1.7378008287500001e-05,57542.993733700001,13.7969072464,-2202881238.2399998,2202881238.2399998,32721672.5143,17.303548184355158,9.3396158252399992e-16,contraction
2381,2381,1.72981635922e-05,57808.6047406,13.7969072484,-2222977187.96,2222977187.96,33020178.432100002,17.312629400199985,9.1715168547999999e-16,contraction
2382,2382,1.72186857499e-05,58075.4417521,13.7969072504,-2243257721.0599999,2243257721.0599999,33321426.157400001,17.32171117618968,9.00643332191e-16,contraction
2383,2383,1.7139573075100002e-05,58343.510427399997,13.7969072524,-2263724539.1399999,2263724539.1399999,33625440.966399997,17.330793510042664,8.8443113569500002e-16,contraction
2384,2384,1.7060823889999999e-05,58612.816451400002,13.796907254400001,-2284379359.5700002,2284379359.5700002,33932248.368500002,17.339876399478047,8.6850980477500003e-16,contraction
2385,2385,1.69824365246e-05,58883.365535600002,13.796907256400001,-2305223915.54,2305223915.54,34241874.1087,17.348959842223,8.5287414227200001e-16,contraction
2386,2386,1.6904409316400001e-05,59155.1634175,13.796907258299999,-2326259956.2600002,2326259956.2600002,34554344.170000002,17.358043836019174,8.3751904341999998e-16,contraction
2387,2387,1.68267406107e-05,59428.215861600002,13.796907260199999,-2347489247.0999999,2347489247.0999999,34869684.775200002,17.367128378610971,8.2243949421800002e-16,contraction
2388,2388,1.6749428760300002e-05,59702.528658399999,13.7969072621,-2368913569.7399998,2368913569.7399998,35187922.389200002,17.376213467748087,8.0763056981899997e-16,contraction
2389,2389,1.66724721255e-05,59978.107625600001,13.796907264,-2390534722.3099999,2390534722.3099999,35509083.721600004,17.385299101195763,7.9308743296300002e-16,contraction
2390,2390,1.6595869074399999e-05,60254.958607400004,13.7969072659,-2412354519.5300002,2412354519.5300002,35833195.728600003,17.394385276724417,7.7880533242199998e-16,contraction
2391,2391,1.6519617982299999e-05,60533.087475400003,13.7969072678,-2434374792.9200001,2434374792.9200001,36160285.615199998,17.403471992107498,7.6477960148299998e-16,contraction
2392,2392,1.64437172321e-05,60812.500127899999,13.7969072696,-2456597390.8800001,2456597390.8800001,36490380.837899998,17.412559245132627,7.5100565645200001e-16,contraction
2393,2393,1.6368165214300001e-05,61093.202490600001,13.7969072714,-2479024178.9099998,2479024178.9099998,36823509.106700003,17.42164703359251,7.3747899518900002e-16,contraction
2394,2394,1.6292960326400001e-05,61375.200516500001,13.7969072732,-2501657039.71,2501657039.71,37159698.387599997,17.430735355289244,7.2419519566200003e-16,contraction
2395,2395,1.6218100973600002e-05,61658.500186099998,13.796907275000001,-2524497873.4099998,2524497873.4099998,37498976.904799998,17.439824208029798,7.1114991453100005e-16,contraction
2396,2396,1.61435855683e-05,61943.107507699999,13.796907276800001,-2547548597.6599998,2547548597.6599998,37841373.143399999,17.448913589634373,6.98338885758e-16,contraction
2397,2397,1.60694125301e-05,62229.028516899998,13.796907278600001,-2570811147.8299999,2570811147.8299999,38186915.851499997,17.458003497928026,6.8575791923800001e-16,contraction
2398,2398,1.59955802861e-05,62516.269277599997,13.796907280299999,-2594287477.1700001,2594287477.1700001,38535634.042599998,17.467093930739939,6.7340289945700005e-16,contraction
2399,2399,1.5922087270500001e-05,62804.835881300001,13.796907281999999,-2617979556.98,2617979556.98,38887556.998400003,17.476184885912446,6.6126978416699999e-16,contraction
2400,2400,1.5848931924600001e-05,63094.734448000003,13.7969072838,-2641889376.75,2641889376.75,39242714.270999998,17.485276361293696,6.4935460309700002e-16,contraction
2401,2401,1.5776112696999999e-05,63385.971125700002,13.7969072855,-2666018944.3699999,2666018944.3699999,39601135.685500003,17.494368354740246,6.3765345667200004e-16,contraction
2402,2402,1.5703628043299999e-05,63678.552090800003,13.7969072871,-2690370286.25,2690370286.25,39962851.342399999,17.503460864113901,6.2616251476799999e-16,contraction
2403,2403,1.5631476426399999e-05,63972.483548299999,13.7969072888,-2714945447.54,2714945447.54,40327891.620499998,17.512553887290586,6.1487801547499998e-16,contraction
2404,2404,1.55596563161e-05,64267.771731699999,13.7969072904,-2739746492.2800002,2739746492.2800002,40696287.178900003,17.521647422146,6.03796263894e-16,contraction
2405,2405,1.5488166189099999e-05,64564.422903500003,13.7969072921,-2764775503.5599999,2764775503.5599999,41068068.960199997,17.530741466570714,5.9291363095099997e-16,contraction
2406,2406,1.54170045295e-05,64862.443354800002,13.7969072937,-2790034583.7399998,2790034583.7399998,41443268.192500003,17.539836018454903,5.82226552228e-16,contraction
2407,2407,1.5346169827999999e-05,65161.8394061,13.7969072953,-2815525854.5700002,2815525854.5700002,41821916.392700002,17.548931075704413,5.7173152681700003e-16,contraction
2408,2408,1.5275660582400001e-05,65462.617406700003,13.796907296900001,-2841251457.4099998,2841251457.4099998,42204045.368600003,17.558026636226955,5.6142511620100003e-16,contraction
2409,2409,1.52054752973e-05,65764.783735499994,13.796907298500001,-2867213553.4299998,2867213553.4299998,42589687.222000003,17.567122697941929,5.5130394313999998e-16,contraction
2410,2410,1.51356124844e-05,66068.344800799998,13.796907300000001,-2893414323.7199998,2893414323.7199998,42978874.351199999,17.576219258775179,5.4136469059100002e-16,contraction
2411,2411,1.5066070661899999e-05,66373.307040200001,13.796907301599999,-2919855969.54,2919855969.54,43371639.453699999,17.585316316658076,5.3160410064000004e-16,contraction
2412,2412,1.4996848355e-05,66679.676921399994,13.796907303099999,-2946540712.4899998,2946540712.4899998,43768015.529100001,17.594413869530616,5.2201897345200004e-16,contraction
2413,2413,1.4927944095800001e-05,66987.460941700003,13.796907304699999,-2973470794.6799998,2973470794.6799998,44168035.881999999,17.603511915343805,5.1260616624399998e-16,contraction
2414,2414,1.48593564229e-05,67296.665628400006,13.7969073062,-3000648478.9400001,3000648478.9400001,44571734.124399997,17.612610452050074,5.0336259227199996e-16,contraction
2415,2415,1.47910838817e-05,67607.297539199993,13.7969073077,-3028076049.0100002,3028076049.0100002,44979144.178999998,17.621709477613678,4.9428521983600002e-16,contraction
2416,2416,1.4723125024299999e-05,67919.363261699997,13.7969073091,-3055755809.71,3055755809.71,45390300.281900004,17.630808990006713,4.8537107130699997e-16,contraction
2417,2417,1.46554784096e-05,68232.869414200002,13.7969073106,-3083690087.1799998,3083690087.1799998,45805236.985399999,17.639908987206951,4.7661722216500001e-16,contraction
2418,2418,1.4588142602799999e-05,68547.822645299995,13.7969073121,-3111881229.0100002,3111881229.0100002,46223989.160899997,17.649009467197384,4.6802080005900001e-16,contraction
2419,2419,1.4521116175899999e-05,68864.229634400006,13.7969073135,-3140331604.52,3140331604.52,46646592.002099998,17.658110427971646,4.5957898387999999e-16,contraction
2420,2420,1.44543977075e-05,69182.097091899996,13.7969073149,-3169043604.8899999,3169043604.8899999,47073081.027900003,17.66721186753216,4.5128900285300003e-16,contraction
2421,2421,1.43879857826e-05,69501.431758899998,13.7969073163,-3198019643.4000001,3198019643.4000001,47503492.085299999,17.676313783887849,4.4314813564299998e-16,contraction
2422,2422,1.4321878992700001e-05,69822.240407699996,13.796907317700001,-3227262155.6199999,3227262155.6199999,47937861.352200001,17.685416175049259,4.3515370947799999e-16,contraction
2423,2423,1.4256075936e-05,70144.529842000004,13.796907319100001,-3256773599.6399999,3256773599.6399999,48376225.3411,17.694519039042,4.2730309928600002e-16,contraction
2424,2424,1.41905752169e-05,70468.3068967,13.796907320500001,-3286556456.25,3286556456.25,48818620.901699997,17.70362237389633,4.1959372685000001e-16,contraction
2425,2425,1.4125375446199999e-05,70793.5784384,13.796907321899999,-3316613229.1399999,3316613229.1399999,49265085.224100001,17.712726177648918,4.1202305997499999e-16,contraction
2426,2426,1.40604752413e-05,71120.351365299997,13.796907323199999,-3346946445.1500001,3346946445.1500001,49715655.842,17.721830448343894,4.0458861167100001e-16,contraction
2427,2427,1.39958732257e-05,71448.632607599997,13.796907324599999,-3377558654.46,3377558654.46,50170370.635799997,17.730935184031313,3.9728793934999998e-16,contraction
2428,2428,1.3931568029500001e-05,71778.429127099997,13.796907325899999,-3408452430.8299999,3408452430.8299999,50629267.836199999,17.740040382774968,3.90118644039e-16,contraction
2429,2429,1.38675582887e-05,72109.747918299996,13.7969073272,-3439630371.7600002,3439630371.7600002,51092386.026699997,17.749146042637673,3.83078369602e-16,contraction
2430,2430,1.3803842646000001e-05,72442.596007500004,13.7969073285,-3471095098.79,3471095098.79,51559764.147500001,17.758252161693921,3.7616480198200001e-16,contraction
2431,2431,1.3740419750099999e-05,72776.980453700002,13.7969073298,-3502849257.6399999,3502849257.6399999,52031441.498499997,17.767358738023969,3.6937566845300002e-16,contraction
2432,2432,1.3677288256e-05,73112.908348299999,13.7969073311,-3534895518.52,3534895518.52,52507457.742799997,17.776465769717198,3.6270873688500001e-16,contraction
2433,2433,1.3614446824700001e-05,73450.386815699996,13.7969073323,-3567236576.2600002,3567236576.2600002,52987852.9098,17.785573254867135,3.5616181502200002e-16,contraction
2434,2434,1.3551894123500001e-05,73789.423012900006,13.7969073336,-3599875150.6399999,3599875150.6399999,53472667.398800001,17.794681191575549,3.4973274977399999e-16,contraction
2435,2435,1.3489628825900001e-05,74130.024130100006,13.7969073348,-3632813986.52,3632813986.52,53961941.982600003,17.803789577955712,3.43419426522e-16,contraction
2436,2436,1.34276496114e-05,74472.197390600006,13.7969073361,-3666055854.1700001,3666055854.1700001,54455717.8103,17.812898412120223,3.3721976843199999e-16,contraction
2437,2437,1.33659551655e-05,74815.950051099993,13.7969073373,-3699603549.4000001,3699603549.4000001,54954036.411499999,17.822007692194394,3.3113173578500002e-16,contraction
2438,2438,1.33045441798e-05,75161.289401799993,13.796907338500001,-3733459893.9099998,3733459893.9099998,55456939.699299999,17.831117416306661,3.2515332531399998e-16,contraction
2439,2439,1.3243415351899999e-05,75508.222766499995,13.796907339700001,-3767627735.4400001,3767627735.4400001,55964469.974399999,17.840227582598637,3.19282569561e-16,contraction
2440,2440,1.31825673856e-05,75856.7575029,13.796907340900001,-3802109948.0300002,3802109948.0300002,56476669.928000003,17.849338189212741,3.13517536236e-16,contraction
2441,2441,1.31219989902e-05,76206.901002500003,13.796907342100001,-3836909432.3000002,3836909432.3000002,56993582.645900004,17.858449234300991,3.07856327593e-16,contraction
2442,2442,1.30617088813e-05,76558.660691099998,13.796907343299999,-3872029115.6700001,3872029115.6700001,57515251.612099998,17.867560716024055,3.0229707981399999e-16,contraction
2443,2443,1.3001695780299999e-05,76912.044028699995,13.796907344399999,-3907471952.5999999,3907471952.5999999,58041720.711999997,17.876672632542864,2.9683796240899999e-16,contraction
2444,2444,1.29419584145e-05,77267.0585096,13.796907345599999,-3943240924.8400002,3943240924.8400002,58573034.237099998,17.885784982035709,2.91477177618e-16,contraction
2445,2445,1.28824955169e-05,77623.711662899994,13.796907346699999,-3979339041.7199998,3979339041.7199998,59109236.887599997,17.894897762678305,2.8621295983399998e-16,contraction
2446,2446,1.28233058266e-05,77982.011052300004,13.796907347799999,-4015769340.3400002,4015769340.3400002,59650373.777099997,17.904010972659563,2.8104357502500001e-16,contraction
2447,2447,1.27643880881e-05,78341.964276600003,13.7969073489,-4052534885.8899999,4052534885.8899999,60196490.435900003,17.913124610172655,2.7596732017600001e-16,contraction
2448,2448,1.27057410521e-05,78703.578969499998,13.79690735,-4089638771.8800001,4089638771.8800001,60747632.814900003,17.922238673415862,2.7098252273900001e-16,contraction
2449,2449,1.26473634747e-05,79066.862800000003,13.7969073511,-4127084120.4000001,4127084120.4000001,61303847.289800003,17.931353160597695,2.66087540083e-16,contraction
2450,2450,1.2589254117900001e-05,79431.823472400007,13.7969073522,-4164874082.3699999,4164874082.3699999,61865180.664800003,17.940468069933068,2.61280758969e-16,contraction
2451,2451,1.25314117494e-05,79798.468726799998,13.7969073533,-4203011837.8699999,4203011837.8699999,62431680.176399998,17.949583399640701,2.5656059502099998e-16,contraction
2452,2452,1.2473835142400001e-05,80166.806338800001,13.7969073544,-4241500596.3200002,4241500596.3200002,63003393.497900002,17.958699147951169,2.5192549221799998e-16,contraction
2453,2453,1.24165230759e-05,80536.844119899994,13.7969073554,-4280343596.8200002,4280343596.8200002,63580368.742799997,17.967815313096676,2.4737392238200001e-16,contraction
2454,2454,1.23594743344e-05,80908.589917799996,13.7969073565,-4319544108.3999996,4319544108.3999996,64162654.469300002,17.976931893317893,2.42904384688e-16,contraction
2455,2455,1.2302687708100001e-05,81282.0516164,13.7969073575,-4359105430.29,4359105430.29,64750299.6844,17.986048886863713,2.3851540517300002e-16,contraction
2456,2456,1.22461619927e-05,81657.237135899995,13.7969073585,-4399030892.2200003,4399030892.2200003,65343353.847999997,17.995166291990394,2.34205536261e-16,contraction
2457,2457,1.21898959892e-05,82034.154433000003,13.7969073596,-4439323854.6599998,4439323854.6599998,65941866.876699999,18.004284106955648,2.29973356287e-16,contraction
2458,2458,1.21338885046e-05,82412.811501300006,13.796907360600001,-4479987709.1800003,4479987709.1800003,66545889.148800001,18.01340233003048,2.2581746904200002e-16,contraction
2459,2459,1.2078138351099999e-05,82793.216371200004,13.796907361600001,-4521025878.6499996,4521025878.6499996,67155471.507799998,18.022520959487469,2.21736503315e-16,contraction
2460,2460,1.20226443462e-05,83175.377110300004,13.796907362600001,-4562441817.5799999,4562441817.5799999,67770665.267299995,18.031639993609783,2.17729112449e-16,contraction
2461,2461,1.19674053131e-05,83559.301823100002,13.796907363500001,-4604239012.4099998,4604239012.4099998,68391522.2148,18.040759430682989,2.1379397390399999e-16,contraction
2462,2462,1.19124200803e-05,83944.998651899994,13.796907364500001,-4646420981.8000002,4646420981.8000002,69018094.616699994,18.049879269004158,2.0992978882499999e-16,contraction
2463,2463,1.18576874817e-05,84332.475776399995,13.796907365499999,-4688991276.9200001,4688991276.9200001,69650435.222100005,18.058999506872649,2.06135281621e-16,contraction
2464,2464,1.18032063565e-05,84721.741414100004,13.796907366399999,-4731953481.7600002,4731953481.7600002,70288597.2676,18.06812014259501,2.0240919955000001e-16,contraction
2465,2465,1.17489755494e-05,85112.803820200003,13.796907367399999,-4775311213.4200001,4775311213.4200001,70932634.482099995,18.077241174489085,1.9875031231199999e-16,contraction
2466,2466,1.1694993910200001e-05,85505.671288500002,13.796907368299999,-4819068122.4399996,4819068122.4399996,71582601.090499997,18.08636260087189,1.95157411649e-16,contraction
2467,2467,1.1641260294100001e-05,85900.352150499995,13.796907369199999,-4863227893.0900002,4863227893.0900002,72238551.819199994,18.095484420072506,1.9162931095099999e-16,contraction
2468,2468,1.15877735616e-05,86296.854776699998,13.7969073702,-4907794243.6800003,4907794243.6800003,72900541.900099993,18.104606630423138,1.8816484486900001e-16,contraction
2469,2469,1.1534532578199999e-05,86695.187575799995,13.7969073711,-4952770926.8999996,4952770926.8999996,73568627.075800002,18.11372923026633,1.8476286893799999e-16,contraction
2470,2470,1.1481536215e-05,87095.358995600007,13.796907372,-4998161730.1000004,4998161730.1000004,74242863.603699997,18.122852217946445,1.8142225920400001e-16,contraction
2471,2471,1.1428783347899999e-05,87497.377522700001,13.7969073729,-5043970475.6400003,5043970475.6400003,74923308.261299998,18.131975591816996,1.78141911854e-16,contraction
2472,2472,1.1376272858200001e-05,87901.251683099996,13.7969073738,-5090201021.1999998,5090201021.1999998,75610018.350700006,18.141099350236448,1.74920742865e-16,contraction
2473,2473,1.1324003632399999e-05,88306.990041900004,13.7969073747,-5136857260.1300001,5136857260.1300001,76303051.703799993,18.150223491572817,1.7175768764099999e-16,contraction
2474,2474,1.12719745618e-05,88714.601203800004,13.7969073755,-5183943121.7399998,5183943121.7399998,77002466.686700001,18.159348014197061,1.68651700674e-16,contraction
2475,2475,1.1220184542999999e-05,89124.093813400003,13.7969073764,-5231462571.6499996,5231462571.6499996,77708322.204899997,18.168472916486515,1.6560175519799999e-16,contraction
2476,2476,1.1168632477800001e-05,89535.476555000001,13.7969073773,-5279419612.1499996,5279419612.1499996,78420677.708499998,18.177598196827589,1.6260684286e-16,contraction
2477,2477,1.1117317272800001e-05,89948.758153000002,13.7969073781,-5327818282.4899998,5327818282.4899998,79139593.196899995,18.186723853611397,1.59665973384e-16,contraction
2478,2478,1.10662378398e-05,90363.947372199997,13.7969073789,-5376662659.2799997,5376662659.2799997,79865129.223900005,18.195849885234061,1.56778174255e-16,contraction
2479,2479,1.10153930954e-05,90781.053017800004,13.7969073798,-5425956856.79,5425956856.79,80597346.903099999,18.204976290100099,1.5394249039800001e-16,contraction
2480,2480,1.09647819614e-05,91200.083935600007,13.7969073806,-5475705027.3100004,5475705027.3100004,81336307.912699997,18.214103066617731,1.51157983868e-16,contraction
2481,2481,1.09144033645e-05,91621.049012200005,13.796907381400001,-5525911361.5200005,5525911361.5200005,82082074.501300007,18.223230213205994,1.4842373354300001e-16,contraction
2482,2482,1.0864256236199999e-05,92043.957175300005,13.796907382200001,-5576580088.8100004,5576580088.8100004,82834709.492300004,18.232357728283979,1.45738834825e-16,contraction
2483,2483,1.0814339513e-05,92468.817393799996,13.796907383000001,-5627715477.6700001,5627715477.6700001,83594276.290199995,18.241485610282837,1.4310239934399999e-16,contraction
2484,2484,1.0764652136299999e-05,92895.638678000003,13.796907383800001,-5679321836.04,5679321836.04,84360838.885199994,18.25061385763636,1.4051355466700001e-16,contraction
2485,2485,1.07151930524e-05,93324.430079700003,13.796907384600001,-5731403511.6800003,5731403511.6800003,85134461.858899996,18.259742468784427,1.3797144401599999e-16,contraction
2486,2486,1.06659612123e-05,93755.200692600003,13.796907385400001,-5783964892.5200005,5783964892.5200005,85915210.389899999,18.268871442174511,1.3547522598500001e-16,contraction
2487,2487,1.0616955572e-05,94187.959652299993,13.796907386199999,-5837010407.0500002,5837010407.0500002,86703150.259200007,18.278000776260214,1.3302407426800001e-16,contraction
2488,2488,1.05681750921e-05,94622.716136599993,13.796907386899999,-5890544524.6999998,5890544524.6999998,87498347.855599999,18.287130469499296,1.30617177387e-16,contraction
2489,2489,1.0519618738200001e-05,95059.479365599997,13.796907387699999,-5944571756.1800003,5944571756.1800003,88300870.181700006,18.296260520358018,1.2825373843000001e-16,contraction
2490,2490,1.04712854805e-05,95498.258602100002,13.796907388499999,-5999096653.9300003,5999096653.9300003,89110784.859300002,18.305390927307943,1.25932974786e-16,contraction
2491,2491,1.04231742939e-05,95939.063151599999,13.796907389199999,-6054123812.4200001,6054123812.4200001,89928160.135100007,18.314521688825636,1.2365411789500001e-16,contraction
2492,2492,1.03752841582e-05,96381.902362399996,13.796907389899999,-6109657868.6199999,6109657868.6199999,90753064.886600003,18.32365280339404,1.2141641299100001e-16,contraction
2493,2493,1.03276140576e-05,96826.785626099998,13.796907390699999,-6165703502.3500004,6165703502.3500004,91585568.628099993,18.332784269504245,1.19219118859e-16,contraction
2494,2494,1.02801629813e-05,97273.722377700004,13.7969073914,-6222265436.6800003,6222265436.6800003,92425741.516000003,18.341916085649025,1.17061507594e-16,contraction
2495,2495,1.02329299228e-05,97722.722095599995,13.7969073921,-6279348438.3100004,6279348438.3100004,93273654.355499998,18.351048250331139,1.14942864358e-16,contraction
2496,2496,1.0185913880500001e-05,98173.794301999995,13.7969073928,-6336957318.0500002,6336957318.0500002,94129378.606000006,18.360180762056803,1.1286248714999999e-16,contraction
2497,2497,1.01391138574e-05,98626.948563099999,13.7969073935,-6395096931.1199999,6395096931.1199999,94992986.387500003,18.36931361933943,1.10819686576e-16,contraction
2498,2498,1.0092528860799999e-05,99082.194489300004,13.7969073943,-6453772177.6599998,6453772177.6599998,95864550.486599997,18.378446820698443,1.08813785624e-16,contraction
2499,2499,1.00461579028e-05,99539.541735199993,13.7969073949,-6512988003.0600004,6512988003.0600004,96744144.362599999,18.387580364658572,1.06844119438e-16,contraction
2500,2500,1.0000000000000001e-05,99999,13.7969073956,-6572749398.46,6572749398.46,97631842.153699994,18.396714249749643,1.0491003510799999e-16,contraction
2501,2501,9.9540541735199993e-06,100460.57902799999,13.7969073963,-6633061401.1099997,6633061401.1099997,98527718.683500007,18.40584847450884,1.0301089145e-16,contraction
2502,2502,9.9083194489299997e-06,100924.288608,13.796907397,-6693929094.8199997,6693929094.8199997,99431849.467099994,18.414983037478226,1.011460588e-16,contraction
2503,2503,9.8627948563099995e-06,101390.138574,13.7969073977,-6755357610.3800001,6755357610.3800001,100344310.71799999,18.424117937209797,9.93149188037e-17,contraction
2504,2504,9.8174794302000003e-06,101858.138805,13.7969073983,-6817352126.04,6817352126.04,101265179.353,18.433253172249916,9.75168642195e-17,contraction
2505,2505,9.7723722095599999e-06,102328.299228,13.796907399,-6879917867.8699999,6879917867.8699999,102194533.001,18.442388741162169,9.5751298715499997e-17,contraction
2506,2506,9.72747223777e-06,102800.62981300001,13.7969073996,-6943060110.2700005,6943060110.2700005,103132450.008,18.451524642511572,9.4017636675400002e-17,contraction
2507,2507,9.6827785626099999e-06,103275.14057600001,13.7969074003,-7006784176.3999996,7006784176.3999996,104079009.44400001,18.460660874867276,9.2315303007300002e-17,contraction
2508,2508,9.6382902362399994e-06,103751.84158199999,13.7969074009,-7071095438.5900002,7071095438.5900002,105034291.11,18.469797436805504,9.0643732954300001e-17,contraction
2509,2509,9.5940063151600004e-06,104230.742939,13.7969074016,-7135999318.8599997,7135999318.8599997,105998375.546,18.478934326921177,8.9002371910100005e-17,contraction
2510,2510,9.5499258602099998e-06,104711.854805,13.7969074022,-7201501289.3400002,7201501289.3400002,106971344.03399999,18.48807154379158,8.7390675236999999e-17,contraction
2511,2511,9.5060479365600001e-06,105195.187382,13.7969074028,-7267606872.7200003,7267606872.7200003,107953278.608,18.497209086006265,8.5808108087399996e-17,contraction
2512,2512,9.4623716136600001e-06,105680.750921,13.796907403400001,-7334321642.7700005,7334321642.7700005,108944262.06200001,18.506346952176365,8.4254145228600002e-17,contraction
2513,2513,9.4188959652300002e-06,106168.55572,13.796907404000001,-7401651224.7600002,7401651224.7600002,109944377.95299999,18.515485140897376,8.2728270870400003e-17,contraction
2514,2514,9.3756200692600005e-06,106658.612123,13.796907404600001,-7469601295.96,7469601295.96,110953710.611,18.52462365077643,8.1229978495999996e-17,contraction
2515,2515,9.3325430079700008e-06,107150.930524,13.796907405200001,-7538177586.1300001,7538177586.1300001,111972345.148,18.533762480448594,7.9758770695999996e-17,contraction
2516,2516,9.2896638678000003e-06,107645.52136300001,13.796907405800001,-7607385877.9799995,7607385877.9799995,113000367.45900001,18.542901628520884,7.8314159005200004e-17,contraction
2517,2517,9.2469817393800007e-06,108142.39513,13.796907406400001,-7677232007.6700001,7677232007.6700001,114037864.235,18.55204109362397,7.6895663742099996e-17,contraction
2518,2518,9.2044957175299997e-06,108641.562362,13.796907407000001,-7747721865.3199997,7747721865.3199997,115084922.96699999,18.561180874382277,7.5502813851900003e-17,contraction
2519,2519,9.1622049012200007e-06,109143.033645,13.796907407599999,-7818861395.5,7818861395.5,116141631.958,18.57032096945402,7.41351467518e-17,contraction
2520,2520,9.1201083935599993e-06,109646.81961399999,13.796907408199999,-7890656597.71,7890656597.71,117208080.323,18.579461377466103,7.2792208178899998e-17,contraction
2521,2521,9.0782053017799998e-06,110152.930954,13.796907408699999,-7963113526.9300003,7963113526.9300003,118284358.00300001,18.588602097070272,7.1473552041299996e-17,contraction
2522,2522,9.0364947372200004e-06,110661.378398,13.796907409299999,-8036238294.0900002,8036238294.0900002,119370555.771,18.597743126928691,7.0178740271999998e-17,contraction
2523,2523,8.9949758153000008e-06,111172.17272800001,13.796907409799999,-8110037066.6300001,8110037066.6300001,120466765.237,18.606884465691369,6.8907342684099999e-17,contraction
2524,2524,8.9536476554999992e-06,111685.32477799999,13.796907410399999,-8184516068.9799995,8184516068.9799995,121573078.861,18.616026112040025,6.7658936830700005e-17,contraction
2525,2525,8.9125093813400006e-06,112200.84543,13.796907410899999,-8259681583.1199999,8259681583.1199999,122689589.95299999,18.625168064623058,6.6433107865099997e-17,contraction
2526,2526,8.8715601203799994e-06,112718.745618,13.796907411499999,-8335539949.1199999,8335539949.1199999,123816392.691,18.634310322138806,6.5229448405199994e-17,contraction
2527,2527,8.8307990041900001e-06,113239.036324,13.796907411999999,-8412097565.6099997,8412097565.6099997,124953582.119,18.643452883253673,6.40475583995e-17,contraction
2528,2528,8.7902251683099996e-06,113761.728582,13.7969074126,-8489360890.4099998,8489360890.4099998,126101254.162,18.652595746658886,6.2887044995400004e-17,contraction
2529,2529,8.7498377522699996e-06,114286.83347899999,13.7969074131,-8567336441.0299997,8567336441.0299997,127259505.631,18.661738911045045,6.1747522410500003e-17,contraction
2530,2530,8.7096358995599992e-06,114814.36215,13.7969074136,-8646030795.2099991,8646030795.2099991,128428434.233,18.670882375116385,6.06286118053e-17,contraction
2531,2531,8.66961875758e-06,115344.325782,13.7969074141,-8725450591.5200005,8725450591.5200005,129608138.57700001,18.680026137572796,5.9529941159200003e-17,contraction
2532,2532,8.6297854776699993e-06,115876.73561600001,13.7969074146,-8805602529.8700008,8805602529.8700008,130798718.184,18.689170197122841,5.8451145147700002e-17,contraction
2533,2533,8.59013521505e-06,116411.602941,13.7969074152,-8886493372.1499996,8886493372.1499996,132000273.495,18.698314552480316,5.7391865022600006e-17,contraction
2534,2534,8.5506671288500004e-06,116948.939102,13.7969074157,-8968129942.7099991,8968129942.7099991,133212905.87800001,18.707459202352911,5.6351748494100005e-17,contraction
2535,2535,8.5113803820200007e-06,117488.755494,13.7969074162,-9050519129.0100002,9050519129.0100002,134436717.64199999,18.716604145482961,5.5330449614399998e-17,contraction
2536,2536,8.4722741414099998e-06,118031.063565,13.7969074167,-9133667882.1900005,9133667882.1900005,135671812.037,18.725749380582219,5.4327628664500003e-17,contraction
2537,2537,8.4333475776399998e-06,118575.874817,13.7969074171,-9217583217.6299992,9217583217.6299992,136918293.27200001,18.734894906401038,5.3342952041999998e-17,contraction
2538,2538,8.3945998651899995e-06,119123.200803,13.7969074176,-9302272215.5799999,9302272215.5799999,138176266.51499999,18.744040721662941,5.2376092151500001e-17,contraction
2539,2539,8.3560301823099994e-06,119673.05313099999,13.7969074181,-9387742021.7199993,9387742021.7199993,139445837.91,18.753186825124089,5.1426727296999997e-17,contraction
2540,2540,8.3176377110299993e-06,120225.443462,13.7969074186,-9473999847.8199997,9473999847.8199997,140727114.58000001,18.762333215529416,5.0494541575600001e-17,contraction
2541,2541,8.2794216371200003e-06,120780.38351100001,13.7969074191,-9561052972.2999992,9561052972.2999992,142020204.63999999,18.771479891640997,4.9579224773700003e-17,contraction
2542,2542,8.2413811501300001e-06,121337.885046,13.7969074195,-9648908740.8700008,9648908740.8700008,143325217.20100001,18.780626852201493,4.8680472264899998e-17,contraction
2543,2543,8.2035154433000001e-06,121897.959892,13.79690742,-9737574567.1399994,9737574567.1399994,144642262.38699999,18.789774095988854,4.77979849099e-17,contraction
2544,2544,8.1658237135899997e-06,122460.61992700001,13.7969074205,-9827057933.2700005,9827057933.2700005,145971451.338,18.798921621771587,4.69314689574e-17,contraction
2545,2545,8.1283051616400005e-06,123025.877081,13.7969074209,-9917366390.5900002,9917366390.5900002,147312896.222,18.808069428326927,4.6080635947900001e-17,contraction
2546,2546,8.0909589917799997e-06,123593.743344,13.7969074214,-10008507560.200001,10008507560.200001,148666710.24200001,18.81721751442381,4.5245202618500001e-17,contraction
2547,2547,8.0537844119900004e-06,124164.230759,13.7969074218,-10100489133.799999,10100489133.799999,150033007.65099999,18.826365878859527,4.44248908096e-17,contraction
2548,2548,8.0167806338800007e-06,124737.35142399999,13.7969074223,-10193318874,10193318874,151411903.755,18.835514520414524,4.36194273731e-17,contraction
2549,2549,7.9799468726800008e-06,125313.11749400001,13.7969074227,-10287004615.200001,10287004615.200001,152803514.928,18.844663437887615,4.2828544082599998e-17,contraction
2550,2550,7.9432823472399994e-06,125891.54117900001,13.7969074231,-10381554264.5,10381554264.5,154207958.62,18.853812630083294,4.2051977544899999e-17,contraction
2551,2551,7.9067862800000005e-06,126472.634747,13.7969074236,-10476975801.6,10476975801.6,155625353.36500001,18.862962095799141,4.1289469113100002e-17,contraction
2552,2552,7.8704578969500008e-06,127056.410521,13.796907424,-10573277280.6,10573277280.6,157055818.794,18.872111833845192,4.0540764801500002e-17,contraction
2553,2553,7.8342964276600008e-06,127642.880881,13.796907424400001,-10670466829.5,10670466829.5,158499475.64500001,18.881261843042697,3.98056152018e-17,contraction
2554,2554,7.7983011052300004e-06,128232.05826599999,13.796907424800001,-10768552651.700001,10768552651.700001,159956445.77000001,18.890412122203664,3.9083775400800002e-17,contraction
2555,2555,7.7624711662900008e-06,128823.95516899999,13.796907425200001,-10867543026.5,10867543026.5,161426852.14899999,18.899562670154207,3.8375004899700003e-17,contraction
2556,2556,7.7268058509599993e-06,129418.584145,13.796907425700001,-10967446309.5,10967446309.5,162910818.89899999,18.908713485725439,3.7679067534699999e-17,contraction
2557,2557,7.6913044028699994e-06,130015.957803,13.796907426100001,-11068270933.9,11068270933.9,164408471.28400001,18.917864567750289,3.6995731399100001e-17,contraction
2558,2558,7.6559660691100005e-06,130616.08881299999,13.796907426500001,-11170025410.5,11170025410.5,165919935.72600001,18.927015915065958,3.6324768766999998e-17,contraction
2559,2559,7.6207901002500001e-06,131218.989902,13.796907426900001,-11272718329.1,11272718329.1,167445339.81600001,18.936167526515636,3.5665956017999998e-17,contraction
2560,2560,7.5857757502900001e-06,131824.67385600001,13.796907427300001,-11376358358.700001,11376358358.700001,168984812.32499999,18.945319400949579,3.5019073562999999e-17,contraction
2561,2561,7.5509222766500003e-06,132433.15351900001,13.796907427700001,-11480954248.5,11480954248.5,170538483.21399999,18.954471537219629,3.4383905772700002e-17,contraction
2562,2562,7.5162289401800001e-06,133044.44179800001,13.796907428100001,-11586514828.6,11586514828.6,172106483.646,18.96362393418509,3.3760240905399998e-17,contraction
2563,2563,7.4816950051100002e-06,133658.55165499999,13.796907428400001,-11693049010.700001,11693049010.700001,173688945.99599999,18.972776590706182,3.3147871037899999e-17,contraction
2564,2564,7.44731973906e-06,134275.49611400001,13.796907428800001,-11800565789.1,11800565789.1,175286003.86300001,18.981929505648662,3.2546591996300002e-17,contraction
2565,2565,7.4131024130099996e-06,134895.28825899999,13.796907429199999,-11909074241,11909074241,176897792.08199999,18.991082677887622,3.1956203288700001e-17,contraction
2566,2566,7.3790423012900004e-06,135517.94123500001,13.796907429599999,-12018583527.6,12018583527.6,178524446.734,19.00023610629928,3.1376508039399999e-17,contraction
2567,2567,7.34513868157e-06,136143.46824700001,13.796907429999999,-12129102894.9,12129102894.9,180166105.15799999,19.009389789763727,3.0807312923299999e-17,contraction
2568,2568,7.3113908348300004e-06,136771.88256,13.796907430299999,-12240641674.200001,12240641674.200001,181822905.96200001,19.01854372716144,3.0248428102300002e-17,contraction
2569,2569,7.2777980453699997e-06,137403.19750099999,13.796907430699999,-12353209283.1,12353209283.1,183494989.03799999,19.027697917391215,2.96996671628e-17,contraction
2570,2570,7.2443596007499998e-06,138037.42645999999,13.796907431099999,-12466815226.6,12466815226.6,185182495.56999999,19.03685235934871,2.9160847053699999e-17,contraction
2571,2571,7.21107479183e-06,138674.582887,13.796907431399999,-12581469097.1,12581469097.1,186885568.04499999,19.046007051921624,2.8631788026099998e-17,contraction
2572,2572,7.1779429127100001e-06,139314.680295,13.796907431799999,-12697180576.1,12697180576.1,188604350.27200001,19.055161994026985,2.8112313574099997e-17,contraction
2573,2573,7.1449632607599998e-06,139957.732257,13.796907432099999,-12813959434.200001,12813959434.200001,190338987.38600001,19.064317184566999,2.7602250375899999e-17,contraction
2574,2574,7.11213513653e-06,140603.75241300001,13.796907432499999,-12931815532.799999,12931815532.799999,192089625.86500001,19.073472622454393,2.7101428237399999e-17,contraction
2575,2575,7.0794578438400003e-06,141252.75446200001,13.796907432799999,-13050758824,13050758824,193856413.542,19.082628306610005,2.66096800349e-17,contraction
2576,2576,7.0469306896699997e-06,141904.75216900001,13.796907433199999,-13170799352.4,13170799352.4,195639499.61500001,19.091784235949682,2.6126841660700001e-17,contraction
2577,2577,7.0145529842e-06,142559.75936,13.796907433499999,-13291947255.1,13291947255.1,197439034.664,19.100940409406785,2.5652751968299999e-17,contraction
2578,2578,6.9823240407700004e-06,143217.78992700001,13.7969074338,-13414212763,13414212763,199255170.66,19.110096825912692,2.5187252719399999e-17,contraction
2579,2579,6.95024317589e-06,143878.85782599999,13.7969074342,-13537606201.799999,13537606201.799999,201088060.97799999,19.119253484397703,2.47301885315e-17,contraction
2580,2580,6.9183097091900004e-06,144542.977075,13.7969074345,-13662137992.4,13662137992.4,202937860.41299999,19.128410383806052,2.4281406826200001e-17,contraction
2581,2581,6.8865229634400002e-06,145210.16175900001,13.7969074348,-13787818652.1,13787818652.1,204804725.18900001,19.137567523075383,2.3840757779399999e-17,contraction
2582,2582,6.8548822645299998e-06,145880.42602799999,13.7969074352,-13914658795.700001,13914658795.700001,206688812.97799999,19.146724901165094,2.3408094271000001e-17,contraction
2583,2583,6.8233869414200002e-06,146553.78409599999,13.7969074355,-14042669135.9,14042669135.9,208590282.905,19.155882517015463,2.29832718366e-17,contraction
2584,2584,6.7920363261699997e-06,147230.25024299999,13.7969074358,-14171860484.4,14171860484.4,210509295.572,19.165040369598646,2.2566148619800001e-17,contraction
2585,2585,6.7608297539200001e-06,147909.83881700001,13.7969074361,-14302243753.1,14302243753.1,212446013.06,19.174198457862769,2.2156585324900001e-17,contraction
2586,2586,6.72976656284e-06,148592.56422900001,13.7969074364,-14433829954.6,14433829954.6,214400598.95300001,19.183356780781086,2.1754445170900001e-17,contraction
2587,2587,6.6988460941700002e-06,149278.44095799999,13.7969074367,-14566630203.4,14566630203.4,216373218.34599999,19.192515337323915,2.1359593846699999e-17,contraction
2588,2588,6.66806769214e-06,149967.48355,13.796907437,-14700655716.799999,14700655716.799999,218364037.861,19.201674126468173,2.0971899465699999e-17,contraction
2589,2589,6.6374307040199999e-06,150659.706619,13.7969074374,-14835917815.700001,14835917815.700001,220373225.65799999,19.210833147183077,2.05912325231e-17,contraction
2590,2590,6.6069344800799997e-06,151355.12484400001,13.7969074377,-14972427925.799999,14972427925.799999,222400951.45699999,19.219992398465543,2.0217465852200001e-17,contraction
2591,2591,6.5765783735499997e-06,152053.752973,13.796907438,-15110197578.299999,15110197578.299999,224447386.542,19.229151879292836,1.9850474582999999e-17,contraction
2592,2592,6.5463617406699999e-06,152755.605824,13.7969074383,-15249238411.299999,15249238411.299999,226512703.78400001,19.238311588661105,1.9490136100200001e-17,contraction
2593,2593,6.5162839406099996e-06,153460.69828000001,13.7969074385,-15389562170.200001,15389562170.200001,228597077.65099999,19.247471525564357,1.9136330003100001e-17,contraction
2594,2594,6.4863443354799996e-06,154169.04529499999,13.7969074388,-15531180709.200001,15531180709.200001,230700684.22499999,19.256631689004344,1.8788938065499999e-17,contraction
2595,2595,6.4565422903499998e-06,154880.661891,13.7969074391,-15674105992,15674105992,232823701.215,19.26579207798212,1.8447844196200001e-17,contraction
2596,2596,6.4268771731699999e-06,155595.563161,13.7969074394,-15818350093,15818350093,234966307.97600001,19.274952691515033,1.8112934401299999e-17,contraction
2597,2597,6.3973483548300004e-06,156313.764264,13.7969074397,-15963925198.1,15963925198.1,237128685.51699999,19.284113528605786,1.7784096745600001e-17,contraction
2598,2598,6.36795520908e-06,157035.28043300001,13.79690744,-16110843606,16110843606,239311016.52399999,19.293274588275288,1.7461221316099999e-17,contraction
2599,2599,6.3386971125700003e-06,157760.12697000001,13.7969074403,-16259117729.299999,16259117729.299999,241513485.37200001,19.302435869547594,1.7144200185200001e-17,contraction
2600,2600,6.3095734448000001e-06,158488.319246,13.7969074405,-16408760094.9,16408760094.9,243736278.139,19.311597371443259,1.6832927375299999e-17,contraction
2601,2601,6.2805835881299999e-06,159219.87270499999,13.7969074408,-16559783346,16559783346,245979582.62599999,19.320759092996873,1.6527298823099999e-17,contraction
2602,2602,6.2517269277600001e-06,159954.802861,13.7969074411,-16712200242.5,16712200242.5,248243588.36700001,19.329921033232761,1.62272123457e-17,contraction
2603,2603,6.2230028516899996e-06,160693.12530099999,13.7969074413,-16866023662.200001,16866023662.200001,250528486.653,19.339083191197311,1.59325676064e-17,contraction
2604,2604,6.1944107507700001e-06,161434.855683,13.7969074416,-17021266602.200001,17021266602.200001,252834470.54100001,19.348245565929613,1.56432660812e-17,contraction
2605,2605,6.1659500186099998e-06,162180.00973600001,13.7969074419,-17177942179.5,17177942179.5,255161734.87200001,19.357408156468388,1.5359211026699999e-17,contraction
2606,2606,6.1376200516499999e-06,162928.603264,13.7969074421,-17336063632.700001,17336063632.700001,257510476.29300001,19.366570961873478,1.5080307447600001e-17,contraction
2607,2607,6.10942024906e-06,163680.65214300001,13.7969074424,-17495644322.599998,17495644322.599998,259880893.26499999,19.375733981191722,1.48064620653e-17,contraction
2608,2608,6.0813500127899999e-06,164436.17232099999,13.7969074426,-17656697733.599998,17656697733.599998,262273186.086,19.38489721348127,1.4537583286799999e-17,contraction
2609,2609,6.0534087475399996e-06,165195.17982300001,13.7969074429,-17819237474.799999,17819237474.799999,264687556.90700001,19.394060657807554,1.4273581174600001e-17,contraction
2610,2610,6.0255958607400004e-06,165957.69074399999,13.7969074432,-17983277281.200001,17983277281.200001,267124209.74599999,19.403224313231405,1.4014367416599999e-17,contraction
2611,2611,5.9979107625600002e-06,166723.72125500001,13.7969074434,-18148831014.599998,18148831014.599998,269583350.509,19.412388178823175,1.37598552971e-17,contraction
2612,2612,5.9703528658400001e-06,167493.287603,13.7969074436,-18315912665.299999,18315912665.299999,272065187.00599998,19.421552253657147,1.3509959667400001e-17,contraction
2613,2613,5.9429215861599999e-06,168266.40610699999,13.7969074439,-18484536352.599998,18484536352.599998,274569928.96799999,19.4307165368093,1.3264596918399999e-17,contraction
2614,2614,5.9156163417499999e-06,169043.09316399999,13.7969074441,-18654716326.700001,18654716326.700001,277097788.06599998,19.439881027361796,1.30236849521e-17,contraction
2615,2615,5.8884365535599999e-06,169823.365246,13.7969074444,-18826466969.299999,18826466969.299999,279648977.92799997,19.449045724399518,1.27871431547e-17,contraction
2616,2616,5.8613816451399999e-06,170607.2389,13.7969074446,-18999802795.299999,18999802795.299999,282223714.15700001,19.458210627009734,1.25548923698e-17,contraction
2617,2617,5.83445104274e-06,171394.730751,13.7969074449,-19174738453.599998,19174738453.599998,284822214.35100001,19.467375734288215,1.2326854872e-17,contraction
2618,2618,5.8076441752099997e-06,172185.85749900001,13.7969074451,-19351288728.900002,19351288728.900002,287444698.11799997,19.476541045327032,1.2102954341300001e-17,contraction
2619,2619,5.7809604740600002e-06,172980.63592199999,13.7969074453,-19529468542.200001,19529468542.200001,290091387.09899998,19.485706559230003,1.1883115837499999e-17,contraction
2620,2620,5.7543993733699997e-06,173779.08287499999,13.7969074455,-19709292952.799999,19709292952.799999,292762504.98400003,19.494872275102832,1.16672657755e-17,contraction
2621,2621,5.7279603098600001e-06,174581.21529200001,13.796907445800001,-19890777159,19890777159,295458277.52999997,19.504038192049908,1.14553319007e-17,contraction
2622,2622,5.7016427228100002e-06,175387.05018399999,13.796907446000001,-20073936500,20073936500,298178932.583,19.513204309184157,1.1247243265200001e-17,contraction
2623,2623,5.6754460540900001e-06,176196.60464100001,13.796907446200001,-20258786456.400002,20258786456.400002,300924700.09500003,19.522370625619125,1.10429302039e-17,contraction
2624,2624,5.6493697481199996e-06,177009.89583200001,13.796907446400001,-20445342652.200001,20445342652.200001,303695812.14600003,19.531537140477372,1.08423243118e-17,contraction
2625,2625,5.6234132518999997e-06,177826.94100399999,13.796907446700001,-20633620855.900002,20633620855.900002,306492502.95999998,19.540703852878252,1.06453584209e-17,contraction
2626,2626,5.59757601495e-06,178647.75748500001,13.796907446900001,-20823636981.799999,20823636981.799999,309315008.92900002,19.549870761951624,1.0451966578000001e-17,contraction
2627,2627,5.57185748932e-06,179472.36268300001,13.796907447100001,-21015407091.299999,21015407091.299999,312163568.63,19.559037866827804,1.02620840227e-17,contraction
2628,2628,5.5462571295800003e-06,180300.77408599999,13.796907447300001,-21208947394.400002,21208947394.400002,315038422.84600002,19.568205166640173,1.0075647165999999e-17,contraction
2629,2629,5.5207743928099998e-06,181133.00926200001,13.796907447500001,-21404274250.799999,21404274250.799999,317939814.58600003,19.577372660523903,9.8925935692899999e-18,contraction
2630,2630,5.49540873858e-06,181969.085861,13.796907447700001,-21601404171.799999,21601404171.799999,320867989.10900003,19.586540347626656,9.7128619231299993e-18,contraction
2631,2631,5.4701596289400001e-06,182809.021614,13.796907447900001,-21800353821.200001,21800353821.200001,323823193.93800002,19.59570822708719,9.53639202728e-18,contraction
2632,2632,5.4450265284199996e-06,183652.83433499999,13.796907448100001,-22001140016.799999,22001140016.799999,326805678.88700002,19.604876298054343,9.3631247705400002e-18,contraction
2633,2633,5.42000890402e-06,184500.541918,13.796907448300001,-22203779732.200001,22203779732.200001,329815696.08200002,19.614044559686203,9.1930021110900005e-18,contraction
2634,2634,5.3951062251499996e-06,185352.16234099999,13.796907448500001,-22408290097.700001,22408290097.700001,332853499.977,19.623213011133711,9.0259670571800006e-18,contraction
2635,2635,5.3703179637e-06,186207.713666,13.796907448700001,-22614688402.099998,22614688402.099998,335919347.38099998,19.632381651557306,8.8619636481800003e-18,contraction
2636,2636,5.3456435939700003e-06,187067.214037,13.796907448900001,-22822992094.200001,22822992094.200001,339013497.47799999,19.641550480121428,8.7009369359799995e-18,contraction
2637,2637,5.3210825926699998e-06,187930.68168000001,13.796907449100001,-23033218784,23033218784,342136211.847,19.650719495988739,8.5428329666999993e-18,contraction
2638,2638,5.2966344389199998e-06,188798.13490999999,13.796907449300001,-23245386244.5,23245386244.5,345287754.49000001,19.65988869833723,8.3875987627400006e-18,contraction
2639,2639,5.2722986142299997e-06,189669.59212099999,13.796907449500001,-23459512412.799999,23459512412.799999,348468391.84500003,19.669058086332772,8.2351823051199999e-18,contraction
2640,2640,5.2480746024999999e-06,190545.071796,13.796907449700001,-23675615392.099998,23675615392.099998,351678392.81900001,19.678227659159422,8.0855325162199996e-18,contraction
2641,2641,5.2239618899899998e-06,191424.59250200001,13.796907449900001,-23893713453,23893713453,354918028.801,19.68739741599116,7.9385992427699999e-18,contraction
2642,2642,5.1999599653400004e-06,192308.17289099999,13.796907450100001,-24113825035,24113825035,358187573.69400001,19.696567356017617,7.7943332391300003e-18,contraction
2643,2643,5.1760683195099996e-06,193195.831702,13.796907450300001,-24335968748.099998,24335968748.099998,361487303.93099999,19.705737478423533,7.6526861509100002e-18,contraction
2644,2644,5.1522864458200004e-06,194087.58775899999,13.796907450499999,-24560163374.400002,24560163374.400002,364817498.50300002,19.71490778240166,7.5136104988799994e-18,contraction
2645,2645,5.1286138399099999e-06,194983.45997600001,13.796907450699999,-24786427869.799999,24786427869.799999,368178438.98100001,19.724078267148073,7.3770596631699999e-18,contraction
2646,2646,5.1050499997500003e-06,195883.467351,13.796907450799999,-25014781365.400002,25014781365.400002,371570409.53799999,19.733248931857119,7.2429878677300007e-18,contraction
2647,2647,5.0815944256100003e-06,196787.628971,13.796907450999999,-25245243169.299999,25245243169.299999,374993696.977,19.742419775732095,7.1113501651100006e-18,contraction
2648,2648,5.0582466200299996e-06,197695.964011,13.796907451199999,-25477832768,25477832768,378448590.75300002,19.751590797978867,6.98210242145e-18,contraction
2649,2649,5.0350060878800001e-06,198608.491736,13.796907451399999,-25712569828.400002,25712569828.400002,381935382.99800003,19.760761997807123,6.8552013018500001e-18,contraction
2650,2650,5.0118723362700001e-06,199525.231497,13.796907451499999,-25949474199.099998,25949474199.099998,385454368.54299998,19.769933374423168,6.7306042558600002e-18,contraction
2651,2651,4.9888448746000004e-06,200446.20273700001,13.796907451699999,-26188565912.5,26188565912.5,389005844.94999999,19.779104927048245,6.6082695033699999e-18,contraction
2652,2652,4.9659232145000001e-06,201371.424986,13.796907451899999,-26429865185.900002,26429865185.900002,392590112.52899998,19.788276654897036,6.4881560206500002e-18,contraction
2653,2653,4.9431068698699998e-06,202300.91786799999,13.796907452099999,-26673392423.900002,26673392423.900002,396207474.37,19.797448557194645,6.3702235267100001e-18,contraction
2654,2654,4.9203953568099998e-06,203234.70109399999,13.796907452199999,-26919168219.599998,26919168219.599998,399858236.36299998,19.806620633162012,6.25443246987e-18,contraction
2655,2655,4.8977881936800004e-06,204172.794467,13.796907452399999,-27167213356.799999,27167213356.799999,403542707.23000002,19.815792882031282,6.1407440145699998e-18,contraction
2656,2656,4.8752849010300001e-06,205115.217883,13.796907452599999,-27417548811.099998,27417548811.099998,407261198.546,19.824965303032762,6.0291200284499997e-18,contraction
2657,2657,4.85288500162e-06,206061.991327,13.796907452699999,-27670195752.400002,27670195752.400002,411014024.76800001,19.83413789540143,5.9195230696400001e-18,contraction
2658,2658,4.8305880203999996e-06,207013.13487899999,13.796907452899999,-27925175546.200001,27925175546.200001,414801503.26099998,19.843310658375277,5.8119163742499999e-18,contraction
2659,2659,4.8083934845000002e-06,207968.66871,13.796907452999999,-28182509755.900002,28182509755.900002,418623954.32599998,19.852483591197949,5.7062638441500003e-18,contraction
2660,2660,4.7863009232300002e-06,208928.61308499999,13.796907453199999,-28442220143.900002,28442220143.900002,422481701.22500002,19.861656693113506,5.6025300349299998e-18,contraction
2661,2661,4.7643098680499996e-06,209892.988362,13.796907453399999,-28704328674.099998,28704328674.099998,426375070.20899999,19.870829963367978,5.5006801440999998e-18,contraction
2662,2662,4.7424198526000002e-06,210861.81499300001,13.796907453499999,-28968857513.5,28968857513.5,430304390.54799998,19.880003401214825,5.4006799994199999e-18,contraction
2663,2663,4.7206304126400003e-06,211835.11352499999,13.796907453699999,-29235829034.200001,29235829034.200001,434269994.55699998,19.889177005910359,5.3024960476e-18,contraction
2664,2664,4.6989410860499997e-06,212812.90459799999,13.796907453799999,-29505265814.799999,29505265814.799999,438272217.62199998,19.898350776708789,5.2060953430599997e-18,contraction
2665,2665,4.6773514128700001e-06,213795.20895,13.796907453999999,-29777190643.299999,29777190643.299999,442311398.23299998,19.907524712872771,5.1114455369199998e-18,contraction
2666,2666,4.65586093523e-06,214782.04741299999,13.796907454099999,-30051626518,30051626518,446387878.009,19.916698813664912,5.0185148662700001e-18,contraction
2667,2667,4.6344691973600002e-06,215773.44091500001,13.796907454299999,-30328596650.099998,30328596650.099998,450502001.73100001,19.925873078356847,4.9272721435500001e-18,contraction
2668,2668,4.6131757455999997e-06,216769.41048200001,13.796907454399999,-30608124465.299999,30608124465.299999,454654117.36500001,19.93504750621528,4.8376867461400004e-18,contraction
2669,2669,4.5919801283700002e-06,217769.977235,13.796907454599999,-30890233606.200001,30890233606.200001,458844576.097,19.944222096514341,4.7497286061400001e-18,contraction
2670,2670,4.5708818961500003e-06,218775.16239499999,13.796907454699999,-31174947933.799999,31174947933.799999,463073732.361,19.953396848531533,4.6633682003700001e-18,contraction
2671,2671,4.5498806014999998e-06,219784.98727799999,13.796907454899999,-31462291529.900002,31462291529.900002,467341943.86799997,19.962571761545501,4.5785765404999998e-18,contraction
2672,2672,4.5289757990399996e-06,220799.473302,13.796907454999999,-31752288699,31752288699,471649571.639,19.971746834841767,4.4953251633599998e-18,contraction
2673,2673,4.5081670454099996e-06,221818.64197999999,13.796907455099999,-32044963970.400002,32044963970.400002,475996980.03200001,19.980922067704981,4.4135861214899998e-18,contraction
2674,2674,4.4874538993300002e-06,222842.51492700001,13.7969074553,-32340342100.200001,32340342100.200001,480384536.77499998,19.990097459423492,4.33333197376e-18,contraction
2675,2675,4.4668359215099997e-06,223871.11385699999,13.7969074554,-32638448073.5,32638448073.5,484812612.99800003,19.999273009291009,4.2545357762499997e-18,contraction
2676,2676,4.4463126746899999e-06,224904.46058399999,13.7969074556,-32939307106.400002,32939307106.400002,489281583.26200002,20.008448716601468,4.1771710732700001e-18,contraction
2677,2677,4.42588372363e-06,225942.57702200001,13.7969074557,-33242944648.400002,33242944648.400002,493791825.59299999,20.017624580653685,4.1012118884500002e-18,contraction
2678,2678,4.4055486350700004e-06,226985.48518799999,13.7969074558,-33549386384.099998,33549386384.099998,498343721.514,20.026800600751173,4.0266327161899998e-18,contraction
2679,2679,4.3853069777499998e-06,228033.2072,13.796907456,-33858658235.900002,33858658235.900002,502937656.07300001,20.035976776193429,3.9534085130200003e-18,contraction
2680,2680,4.3651583223999998e-06,229085.765277,13.7969074561,-34170786365.700001,34170786365.700001,507574017.884,20.045153106292716,3.8815146893499999e-18,contraction
2681,2681,4.3451022417200001e-06,230143.18174100001,13.7969074562,-34485797177.5,34485797177.5,512253199.15100002,20.054329590356119,3.8109271011800002e-18,contraction
2682,2682,4.3251383103499997e-06,231205.47901800001,13.7969074563,-34803717319.599998,34803717319.599998,516975595.708,20.063506227699001,3.7416220420700001e-18,contraction
2683,2683,4.3052661049199997e-06,232272.67963599999,13.7969074565,-35124573686.599998,35124573686.599998,521741607.04799998,20.072683017635995,3.6735762352499996e-18,contraction
2684,2684,4.2854852039699998e-06,233344.806228,13.7969074566,-35448393421.699997,35448393421.699997,526551636.361,20.081859959489023,3.6067668257899998e-18,contraction
2685,2685,4.2657951880199999e-06,234421.881532,13.7969074567,-35775203919.5,35775203919.5,531406090.56300002,20.091037052577335,3.5411713730000003e-18,contraction
2686,2686,4.2461956394599999e-06,235503.92838999999,13.7969074569,-36105032827.800003,36105032827.800003,536305380.33600003,20.100214296228021,3.4767678429400002e-18,contraction
2687,2687,4.2266861426600001e-06,236590.96974900001,13.796907457,-36437908049.900002,36437908049.900002,541249920.15799999,20.109391689766873,3.4135346010500002e-18,contraction
2688,2688,4.2072662838400002e-06,237683.028662,13.7969074571,-36773857747.5,36773857747.5,546240128.34399998,20.118569232529314,3.35145040494e-18,contraction
2689,2689,4.1879356511799996e-06,238780.128291,13.7969074572,-37112910342.599998,37112910342.599998,551276427.07299995,20.127746923844711,3.2904943972400002e-18,contraction
2690,2690,4.1686938346999998e-06,239882.291902,13.7969074573,-37455094519.900002,37455094519.900002,556359242.43200004,20.136924763051546,3.2306460987100001e-18,contraction
2691,2691,4.1495404263399996e-06,240989.542869,13.7969074575,-37800439229.800003,37800439229.800003,561489004.44700003,20.146102749487987,3.1718854013399998e-18,contraction
2692,2692,4.1304750199000002e-06,242101.90467399999,13.7969074576,-38148973690.099998,38148973690.099998,566666147.12399995,20.155280882500051,3.1141925616400001e-18,contraction
2693,2693,4.11149721105e-06,243219.400907,13.7969074577,-38500727389,38500727389,571891108.47899997,20.164459161429484,3.0575481940800001e-18,contraction
2694,2694,4.0926065973000001e-06,244342.055269,13.7969074578,-38855730087.400002,38855730087.400002,577164330.58299994,20.173637585627706,3.0019332645600001e-18,contraction
2695,2695,4.0738027780399998e-06,245469.891569,13.7969074579,-39214011821.300003,39214011821.300003,582486259.59200001,20.182816154442651,2.9473290840799998e-18,contraction
2696,2696,4.0550853544800004e-06,246602.93372299999,13.796907458,-39575602904.800003,39575602904.800003,587857345.79200006,20.191994867231251,2.8937173024899999e-18,contraction
2697,2697,4.03645392968e-06,247741.20576300001,13.7969074582,-39940533932.099998,39940533932.099998,593278043.63,20.201173723347054,2.8410799023399998e-18,contraction
2698,2698,4.0179081084900004e-06,248884.73182799999,13.7969074583,-40308835780.5,40308835780.5,598748811.75899994,20.210352722151313,2.7893991928800001e-18,contraction
2699,2699,3.9994474976100001e-06,250033.53617000001,13.7969074584,-40680539612.800003,40680539612.800003,604270113.07200003,20.219531863004658,2.73865780415e-18,contraction
2700,2700,3.9810717055299996e-06,251187.643151,13.7969074585,-41055676880.199997,41055676880.199997,609842414.74600005,20.228711145275046,2.68883868113e-18,contraction
2701,2701,3.9627803425500001e-06,252347.07724799999,13.7969074586,-41434279324.5,41434279324.5,615466188.27499998,20.237890568326822,2.6399250780800001e-18,contraction
2702,2702,3.9445730207499997e-06,253511.86305000001,13.7969074587,-41816378981.300003,41816378981.300003,621141909.51699996,20.247070131532293,2.5919005529300001e-18,contraction
2703,2703,3.9264493540000003e-06,254682.02525899999,13.7969074588,-42202008182.400002,42202008182.400002,626870058.73099995,20.256249834266157,2.5447489617700002e-18,contraction
2704,2704,3.9084089579199997e-06,255857.58869100001,13.7969074589,-42591199558.800003,42591199558.800003,632651120.61500001,20.265429675901228,2.4984544534800001e-18,contraction
2705,2705,3.8904514499399997e-06,257038.57827699999,13.796907459,-42983986043,42983986043,638485584.35300004,20.274609655817862,2.4530014644e-18,contraction
2706,2706,3.8725764492200003e-06,258225.01906300001,13.7969074591,-43380400872.300003,43380400872.300003,644373943.65199995,20.283789773396812,2.4083747131199999e-18,contraction
2707,2707,3.8547835766600001e-06,259416.936212,13.7969074592,-43780477591.300003,43780477591.300003,650316696.78600001,20.292970028022609,2.3645591954000001e-18,contraction
2708,2708,3.8370724549200001e-06,260614.35500000001,13.7969074593,-44184250055.199997,44184250055.199997,656314346.63699996,20.30215041908161,2.32154017913e-18,contraction
2709,2709,3.8194427084e-06,261817.30082199999,13.7969074594,-44591752431.699997,44591752431.699997,662367400.73899996,20.311330945964077,2.2793031994099999e-18,contraction
2710,2710,3.80189396321e-06,263025.79918999999,13.7969074595,-45003019205.199997,45003019205.199997,668476371.31900001,20.3205116080611,2.2378340537100001e-18,contraction
2711,2711,3.7844258471699999e-06,264239.87573199999,13.7969074596,-45418085178.5,45418085178.5,674641775.34300005,20.329692404768466,2.1971187971000001e-18,contraction
2712,2712,3.7670379898400002e-06,265459.55619799998,13.7969074597,-45836985476.599998,45836985476.599998,680864134.55700004,20.338873335482401,2.1571437376100001e-18,contraction
2713,2713,3.7497300224499999e-06,266684.86645199999,13.7969074598,-46259755549.199997,46259755549.199997,687143975.53400004,20.348054399603701,2.1178954316399999e-18,contraction
2714,2714,3.73250157796e-06,267915.832482,13.7969074599,-46686431174.199997,46686431174.199997,693481829.71700001,20.357235596535251,2.0793606794599999e-18,contraction
2715,2715,3.7153522909700001e-06,269152.48039300001,13.79690746,-47117048460,47117048460,699878233.46300006,20.366416925680525,2.0415265207999999e-18,contraction
2716,2716,3.6982817977999999e-06,270394.836411,13.7969074601,-47551643849.199997,47551643849.199997,706333728.09200001,20.375598386448686,2.00438023048e-18,contraction
2717,2717,3.6812897364299999e-06,271642.92688400001,13.7969074602,-47990254121.5,47990254121.5,712848859.92999995,20.384779978250346,1.96790931421e-18,contraction
2718,2718,3.6643757464799999e-06,272896.77828099998,13.7969074603,-48432916396.599998,48432916396.599998,719424180.35500002,20.393961700497186,1.9321015043599999e-18,contraction
2719,2719,3.6475394692599999e-06,274156.41719299997,13.7969074604,-48879668137.699997,48879668137.699997,726060245.847,20.40314355260648,1.8969447558499999e-18,contraction
2720,2720,3.6307805477000002e-06,275421.87033399998,13.7969074605,-49330547154.400002,49330547154.400002,732757618.03100002,20.412325533995261,1.8624272421700001e-18,contraction
2721,2721,3.6140986264e-06,276693.16454099998,13.7969074606,-49785591606.099998,49785591606.099998,739516863.727,20.42150764408365,1.8285373513700001e-18,contraction
2722,2722,3.5974933515600002e-06,277970.32677599997,13.7969074607,-50244840005.199997,50244840005.199997,746338554.99899995,20.430689882296083,1.7952636821800002e-18,contraction
2723,2723,3.5809643710299999e-06,279253.38412399997,13.7969074608,-50708331220,50708331220,753223269.20000005,20.439872248056581,1.76259504022e-18,contraction
2724,2724,3.5645113342599999e-06,280542.36379500001,13.7969074609,-51176104478.699997,51176104478.699997,760171589.02600002,20.449054740795514,1.73052043423e-18,contraction
2725,2725,3.54813389234e-06,281837.29312599998,13.7969074609,-51648199372,51648199372,767184102.55900002,20.458237359941073,1.6990290723799999e-18,contraction
2726,2726,3.5318316979200001e-06,283138.19958000001,13.796907461,-52124655857.099998,52124655857.099998,774261403.324,20.467420104928696,1.6681103586999999e-18,contraction
2727,2727,3.5156044052799999e-06,284445.11074500001,13.7969074611,-52605514260.5,52605514260.5,781404090.33299994,20.476602975192737,1.6377538894599999e-18,contraction
2728,2728,3.4994516702799998e-06,285758.05433700001,13.7969074612,-53090815281.900002,53090815281.900002,788612768.13900006,20.485785970170721,1.6079494497700001e-18,contraction
2729,2729,3.4833731503600002e-06,287077.05820199999,13.7969074613,-53580599997.300003,53580599997.300003,795888046.88900006,20.494969089305467,1.57868701008e-18,contraction
2730,2730,3.4673685045300001e-06,288402.15031300002,13.7969074614,-54074909862.699997,54074909862.699997,803230542.37,20.504152332037837,1.5499567228799999e-18,contraction
2731,2731,3.4514373933600001e-06,289733.35876999999,13.7969074615,-54573786717.599998,54573786717.599998,810640876.06599998,20.513335697812821,1.5217489193700001e-18,contraction
2732,2732,3.435579479e-06,291070.71180699999,13.7969074615,-55077272788.300003,55077272788.300003,818119675.21200001,20.522519186081055,1.4940541062200001e-18,contraction
2733,2733,3.41979442514e-06,292414.237784,13.7969074616,-55585410691.900002,55585410691.900002,825667572.84099996,20.531702796291178,1.46686296242e-18,contraction
2734,2734,3.4040818970100001e-06,293763.965196,13.7969074617,-56098243439.599998,56098243439.599998,833285207.84200001,20.540886527895228,1.4401663361100001e-18,contraction
2735,2735,3.3884415613900001e-06,295119.92266699998,13.7969074618,-56615814440.400002,56615814440.400002,840973225.01499999,20.550070380349556,1.4139552415599999e-18,contraction
2736,2736,3.3728730865899999e-06,296482.13895200001,13.7969074619,-57138167504.699997,57138167504.699997,848732275.12300003,20.559254353111605,1.38822085612e-18,contraction
2737,2737,3.35737614243e-06,297850.64294300001,13.7969074619,-57665346848.400002,57665346848.400002,856563014.94700003,20.568438445639746,1.3629545173099999e-18,contraction
2738,2738,3.3419504002600002e-06,299225.46366100002,13.796907462,-58197397096.199997,58197397096.199997,864466107.34599996,20.577622657398322,1.3381477198600001e-18,contraction
2739,2739,3.3265955329399998e-06,300606.63026300003,13.7969074621,-58734363285.5,58734363285.5,872442221.30700004,20.586806987850377,1.3137921129100001e-18,contraction
2740,2740,3.3113112148300002e-06,301994.17203999998,13.7969074622,-59276290870.5,59276290870.5,880492032.00699997,20.595991436463791,1.28987949717e-18,contraction
2741,2741,3.2960971217700001e-06,303388.11841900001,13.7969074622,-59823225725.599998,59823225725.599998,888616220.86600006,20.605176002706404,1.2664018222199999e-18,contraction
2742,2742,3.2809529311300001e-06,304788.49896300002,13.7969074623,-60375214149.599998,60375214149.599998,896815475.61000001,20.614360686051924,1.24335118375e-18,contraction
2743,2743,3.26587832172e-06,306195.34336900001,13.7969074624,-60932302869.599998,60932302869.599998,905090490.32299995,20.623545485972784,1.22071982098e-18,contraction
2744,2744,3.2508729738499999e-06,307608.68147399998,13.7969074625,-61494539044.900002,61494539044.900002,913441965.50999999,20.632730401944855,1.19850011399e-18,contraction
2745,2745,3.2359365692999998e-06,309028.543251,13.7969074625,-62061970270.900002,62061970270.900002,921870608.15799999,20.64191543344911,1.17668458122e-18,contraction
2746,2746,3.2210687912799998e-06,310454.958813,13.7969074626,-62634644583.300003,62634644583.300003,930377131.78799999,20.651100579962964,1.15526587694e-18,contraction
2747,2747,3.20626932451e-06,311887.95840900001,13.7969074627,-63212610462.199997,63212610462.199997,938962256.52699995,20.660285840972776,1.13423678877e-18,contraction
2748,2748,3.1915378550999999e-06,313327.57243200002,13.7969074628,-63795916836,63795916836,947626709.15799999,20.669471215961856,1.1135902353000001e-18,contraction
2749,2749,3.1768740706500002e-06,314773.83140999998,13.7969074628,-64384613085.800003,64384613085.800003,956371223.18900001,20.67865670441844,1.09331926368e-18,contraction
2750,2750,3.16227766017e-06,316226.76601700002,13.7969074629,-64978749049.400002,64978749049.400002,965196538.91199994,20.68784230583222,1.0734170472999999e-18,contraction
2751,2751,3.1477483140999999e-06,317686.40706499998,13.796907463,-65578375025.5,65578375025.5,974103403.46700001,20.697028019695658,1.0538768835299999e-18,contraction
2752,2752,3.1332857243200002e-06,319152.78551000002,13.796907463,-66183541778.099998,66183541778.099998,983092570.90400004,20.706213845502578,1.0346921914200001e-18,contraction
2753,2753,3.11888958409e-06,320625.93245099997,13.7969074631,-66794300540.800003,66794300540.800003,992164802.25,20.715399782751273,1.01585650952e-18,contraction
2754,2754,3.1045595881299999e-06,322105.879128,13.7969074632,-67410703021.099998,67410703021.099998,1001320865.5700001,20.724585830940889,9.9736349372100008e-19,contraction
2755,2755,3.0902954325100001e-06,323592.65693,13.7969074632,-68032801404.800003,68032801404.800003,1010561536.03,20.733771989569362,9.7920691512100002e-19,contraction
2756,2756,3.0760968147399999e-06,325086.29738499998,13.7969074633,-68660648360.300003,68660648360.300003,1019887595.97,20.74295825814071,9.6138065792499995e-19,contraction
2757,2757,3.0619634336900001e-06,326586.83217200002,13.7969074634,-69294297043.300003,69294297043.300003,1029299834.96,20.752144636154796,9.4387871740200001e-19,contraction
2758,2758,3.0478949896299998e-06,328094.29311299999,13.7969074634,-69933801101.100006,69933801101.100006,1038799049.89,20.761331123129807,9.2669519786999991e-19,contraction
2759,2759,3.0338911841900002e-06,329608.71217700001,13.7969074635,-70579214677.199997,70579214677.199997,1048386045.01,20.770517718575224,9.09824310717e-19,contraction
2760,2760,3.0199517204e-06,331130.121483,13.7969074636,-71230592416,71230592416,1058061632,20.779704421993991,8.9326037246200007e-19,contraction
2761,2761,3.0060763026299999e-06,332658.55329399998,13.7969074636,-71887989467.399994,71887989467.399994,1067826630.0700001,20.788891232912118,8.76997802843e-19,contraction
2762,2762,2.9922646366099998e-06,334194.040026,13.7969074637,-72551461491.300003,72551461491.300003,1077681865.98,20.79807815083182,8.6103112294800003e-19,contraction
2763,2763,2.9785164294299998e-06,335736.61424299999,13.7969074637,-73221064662.5,73221064662.5,1087628174.1600001,20.80726517527857,8.4535495337499997e-19,contraction
2764,2764,2.9648313895200001e-06,337286.30865899997,13.7969074638,-73896855675.399994,73896855675.399994,1097666396.75,20.816452305772103,8.2996401242900003e-19,contraction
2765,2765,2.9512092266700001e-06,338843.15613900003,13.7969074639,-74578891748.800003,74578891748.800003,1107797383.6800001,20.825639541834544,8.1485311434700004e-19,contraction
2766,2766,2.9376496519599999e-06,340407.189701,13.7969074639,-75267230630.899994,75267230630.899994,1118021992.75,20.834826882997465,8.0001716755799996e-19,contraction
2767,2767,2.9241523778399999e-06,341978.44251399999,13.796907464,-75961930603.899994,75961930603.899994,1128341089.6700001,20.844014328772531,7.8545117297600004e-19,contraction
2768,2768,2.9107171180700001e-06,343556.94790000003,13.796907464,-76663050489.199997,76663050489.199997,1138755548.1900001,20.853201878702205,7.7115022231899998e-19,contraction
2769,2769,2.8973435876999999e-06,345142.739336,13.7969074641,-77370649652.300003,77370649652.300003,1149266250.1199999,20.862389532311358,7.5710949646700004e-19,contraction
2770,2770,2.8840315031299999e-06,346735.85045299999,13.7969074642,-78084788007.800003,78084788007.800003,1159874085.4400001,20.871577289138546,7.43324263837e-19,contraction
2771,2771,2.8707805820199999e-06,348336.31503599999,13.7969074642,-78805526024.5,78805526024.5,1170579952.3499999,20.880765148713699,7.2978987879900004e-19,contraction
2772,2772,2.8575905433700002e-06,349944.167028,13.7969074643,-79532924730.600006,79532924730.600006,1181384757.3599999,20.889953110570325,7.1650178011799996e-19,contraction
2773,2773,2.8444611074499999e-06,351559.44052800001,13.7969074643,-80267045718.600006,80267045718.600006,1192289415.3800001,20.899141174256457,7.0345548941900002e-19,contraction
2774,2774,2.8313919958000002e-06,353182.16979199997,13.7969074644,-81007951151.199997,81007951151.199997,1203294849.77,20.908329339311141,6.9064660968400001e-19,contraction
2775,2775,2.8183829312600002e-06,354812.389234,13.7969074644,-81755703765.5,81755703765.5,1214401992.4200001,20.917517605266347,6.7807082377900002e-19,contraction
2776,2776,2.8054336379500002e-06,356450.13342600001,13.7969074645,-82510366879.399994,82510366879.399994,1225611783.8800001,20.926705971688975,6.6572389299999996e-19,contraction
2777,2777,2.7925438412400001e-06,358095.437103,13.7969074646,-83272004396.399994,83272004396.399994,1236925173.3399999,20.935894438098686,6.5360165565200005e-19,contraction
2778,2778,2.7797132677600001e-06,359748.33515599999,13.7969074646,-84040680810.800003,84040680810.800003,1248343118.8399999,20.945083004073904,6.4170002565299996e-19,contraction
2779,2779,2.7669416454099999e-06,361408.86264000001,13.7969074647,-84816461214,84816461214,1259866587.22,20.954271669145051,6.3001499115700004e-19,contraction
2780,2780,2.7542287033400002e-06,363077.05476999999,13.7969074647,-85599411299,85599411299,1271496554.29,20.963460432866032,6.1854261321300003e-19,contraction
2781,2781,2.74157417193e-06,364752.946926,13.7969074648,-86389597366.800003,86389597366.800003,1283234004.9100001,20.972649294811127,6.0727902443599998e-19,contraction
2782,2782,2.7289777828099999e-06,366436.57464800001,13.7969074648,-87187086331.5,87187086331.5,1295079933,20.981838254517371,5.96220427714e-19,contraction
2783,2783,2.7164392688400001e-06,368127.973643,13.7969074649,-87991945726.399994,87991945726.399994,1307035341.7,20.991027311544261,5.8536309492600002e-19,contraction
2784,2784,2.70395836411e-06,369827.17978000001,13.7969074649,-88804243709.300003,88804243709.300003,1319101243.45,21.000216465468995,5.7470336569700004e-19,contraction
2785,2785,2.69153480393e-06,371534.22909699997,13.796907465,-89624049068.399994,89624049068.399994,1331278660.02,21.009405715843791,5.6423764615999997e-19,contraction
2786,2786,2.6791683248199999e-06,373249.15779600001,13.796907465,-90451431228.399994,90451431228.399994,1343568622.6400001,21.018595062229366,5.5396240775799998e-19,contraction
2787,2787,2.6668586645200001e-06,374972.00224499998,13.7969074651,-91286460256.199997,91286460256.199997,1355972172.0999999,21.027784504203886,5.4387418605200001e-19,contraction
2788,2788,2.6546055619799999e-06,376702.79898399999,13.7969074651,-92129206866.600006,92129206866.600006,1368490358.79,21.036974041327024,5.3396957955900002e-19,contraction
2789,2789,2.6424087573199999e-06,378441.58471700002,13.7969074652,-92979742428.800003,92979742428.800003,1381124242.8399999,21.046163673177716,5.2424524860999996e-19,contraction
2790,2790,2.6302679919000001e-06,380188.39632100001,13.7969074652,-93838138972.100006,93838138972.100006,1393874894.1600001,21.055353399317593,5.1469791422499997e-19,contraction
2791,2791,2.6181830082199998e-06,381943.27084000001,13.7969074653,-94704469191.899994,94704469191.899994,1406743392.5799999,21.064543219326875,5.0532435701799999e-19,contraction
2792,2792,2.60615355e-06,383706.24549200002,13.7969074653,-95578806456.199997,95578806456.199997,1419730827.9200001,21.073733132788412,4.9612141610499999e-19,contraction
2793,2793,2.59417936212e-06,385477.35766600003,13.7969074654,-96461224811.899994,96461224811.899994,1432838300.05,21.082923139265013,4.8708598805199996e-19,contraction
2794,2794,2.5822601906299999e-06,387256.64492200001,13.7969074654,-97351798990.399994,97351798990.399994,1446066919.0599999,21.092113238353512,4.7821502582600005e-19,contraction
2795,2795,2.5703957827700001e-06,389044.14499399997,13.7969074654,-98250604414.699997,98250604414.699997,1459417805.27,21.101303429625645,4.6950553777099997e-19,contraction
2796,2796,2.5585858869099999e-06,390839.895792,13.7969074655,-99157717205.5,99157717205.5,1472892089.3900001,21.110493712673403,4.6095458660799999e-19,contraction
2797,2797,2.5468302525899999e-06,392643.93540000002,13.7969074655,-100073214187,100073214187,1486490912.5599999,21.119684087070588,4.5255928844000001e-19,contraction
2798,2798,2.5351286305000001e-06,394456.30207500001,13.7969074656,-100997172896,100997172896,1500215426.51,21.12887455241588,4.4431681178900001e-19,contraction
2799,2799,2.5234807724799998e-06,396277.03425500001,13.7969074656,-101929671584,101929671584,1514066793.5899999,21.138065108287076,4.3622437664000001e-19,contraction
2800,2800,2.5118864315099999e-06,398106.170553,13.7969074657,-102870789227,102870789227,1528046186.9400001,21.147255754288885,4.2827925351200002e-19,contraction
2801,2801,2.5003453617e-06,399943.74976099998,13.7969074657,-103820605533,103820605533,1542154790.52,21.156446490006715,4.2047876253200002e-19,contraction
2802,2802,2.4888573182799998e-06,401789.810849,13.7969074658,-104779200947,104779200947,1556393799.25,21.16563731503307,4.1282027254399999e-19,contraction
2803,2803,2.4774220576299999e-06,403644.39296799997,13.7969074658,-105746656656,105746656656,1570764419.1199999,21.174828228972824,4.05301200216e-19,contraction
2804,2804,2.46603933723e-06,405507.53544800001,13.7969074658,-106723054600,106723054600,1585267867.25,21.184019231416084,3.9791900917699998e-19,contraction
2805,2805,2.4547089156900001e-06,407379.27780400001,13.7969074659,-107708477477,107708477477,1599905372.03,21.19321032196191,3.9067120916099998e-19,contraction
2806,2806,2.4434305526899999e-06,409259.65973000001,13.7969074659,-108703008749,108703008749,1614678173.23,21.202401500221626,3.8355535517099998e-19,contraction
2807,2807,2.4322040090699999e-06,411148.721105,13.796907466,-109706732651,109706732651,1629587522.0699999,21.211592765796745,3.7656904665799998e-19,contraction
2808,2808,2.4210290467400001e-06,413046.50199000002,13.796907466,-110719734197,110719734197,1644634681.3399999,21.220784118287963,3.6970992671100002e-19,contraction
2809,2809,2.40990542869e-06,414953.04263400001,13.7969074661,-111742099187,111742099187,1659820925.52,21.229975557303035,3.6297568126899999e-19,contraction
2810,2810,2.39883291902e-06,416868.38347,13.7969074661,-112773914215,112773914215,1675147540.8800001,21.239167082451726,3.56364038338e-19,contraction
2811,2811,2.38781128291e-06,418792.56511800003,13.7969074661,-113815266675,113815266675,1690615825.5899999,21.248358693346319,3.4987276722699998e-19,contraction
2812,2812,2.3768402866199998e-06,420725.62838399998,13.7969074662,-114866244771,114866244771,1706227089.8199999,21.257550389595675,3.4349967780400002e-19,contraction
2813,2813,2.3659196974899999e-06,422667.61426599999,13.7969074662,-115926937523,115926937523,1721982655.8800001,21.266742170822248,3.37242619752e-19,contraction
2814,2814,2.3550492839000001e-06,424618.56394600001,13.7969074662,-116997434773,116997434773,1737883858.28,21.275934036631526,3.3109948184900002e-19,contraction
2815,2815,2.3442288153200001e-06,426578.51880199998,13.7969074663,-118077827194,118077827194,1753932043.9000001,21.285125986645284,3.2506819126e-19,contraction
2816,2816,2.3334580622800002e-06,428547.52039700001,13.7969074663,-119168206301,119168206301,1770128572.0799999,21.294318020487243,3.1914671283599999e-19,contraction
2817,2817,2.3227367963599999e-06,430525.61049200001,13.7969074664,-120268664452,120268664452,1786474814.71,21.303510137768892,3.1333304843099999e-19,contraction
2818,2818,2.3120647901799998e-06,432512.83103499998,13.7969074664,-121379294860,121379294860,1802972156.4100001,21.31270233812544,3.0762523623099999e-19,contraction
2819,2819,2.30144181741e-06,434509.22417200002,13.7969074664,-122500191601,122500191601,1819621994.5599999,21.321894621166756,3.0202135009000002e-19,contraction
2820,2820,2.2908676527699999e-06,436514.83224000002,13.7969074665,-123631449622,123631449622,1836425739.52,21.331086986533862,2.96519498889e-19,contraction
2821,2821,2.2803420720000002e-06,438529.69777500001,13.7969074665,-124773164747,124773164747,1853384814.6400001,21.340279433838454,2.91117825892e-19,contraction
2822,2822,2.26986485188e-06,440553.86350699997,13.7969074665,-125925433686,125925433686,1870500656.49,21.349471962722742,2.8581450812799998e-19,contraction
2823,2823,2.2594357702200002e-06,442587.372363,13.7969074666,-127088354046,127088354046,1887774714.9000001,21.358664572814789,2.80607755772e-19,contraction
2824,2824,2.2490546058400002e-06,444630.26746900001,13.7969074666,-128262024335,128262024335,1905208453.1099999,21.367857263743407,2.7549581154799999e-19,contraction
2825,2825,2.2387211385699999e-06,446682.59215099999,13.7969074667,-129446543971,129446543971,1922803347.9100001,21.377050035146492,2.7047695013400001e-19,contraction
2826,2826,2.2284351492699998e-06,448744.38993300003,13.7969074667,-130642013296,130642013296,1940560889.74,21.386242886657651,2.6554947758100001e-19,contraction
2827,2827,2.2181964198000002e-06,450815.70454100001,13.7969074667,-131848533575,131848533575,1958482582.8399999,21.395435817918539,2.60711730748e-19,contraction
2828,2828,2.2080047330200001e-06,452896.57990399998,13.7969074668,-133066207015,133066207015,1976569945.3399999,21.404628828559552,2.5596207673599999e-19,contraction
2829,2829,2.1978598727799999e-06,454987.06014999998,13.7969074668,-134295136764,134295136764,1994824509.45,21.413821918231104,2.5129891234199998e-19,contraction
2830,2830,2.1877616239499998e-06,457087.18961499998,13.7969074668,-135535426926,135535426926,2013247821.52,21.423015086568064,2.4672066352099999e-19,contraction
2831,2831,2.1777097723500002e-06,459197.01283700002,13.7969074669,-136787182569,136787182569,2031841442.23,21.432208333219496,2.4222578484999999e-19,contraction
2832,2832,2.16770410482e-06,461316.57455999998,13.7969074669,-138050509731,138050509731,2050606946.6800001,21.441401657827416,2.3781275901599999e-19,contraction
2833,2833,2.15774440915e-06,463445.91973600001,13.7969074669,-139325515433,139325515433,2069545924.5599999,21.450595060044797,2.3348009629999999e-19,contraction
2834,2834,2.1478304741299999e-06,465585.09352300002,13.796907467,-140612307684,140612307684,2088659980.23,21.459788539508892,2.2922633407399998e-19,contraction
2835,2835,2.1379620894999999e-06,467734.14128699998,13.796907467,-141910995494,141910995494,2107950732.9400001,21.46898209588182,2.2505003631600001e-19,contraction
2836,2836,2.1281390459799998e-06,469893.10860500002,13.796907467,-143221688880,143221688880,2127419816.8900001,21.478175728813191,2.20949793119e-19,contraction
2837,2837,2.1183611352500001e-06,472062.041264,13.796907467,-144544498878,144544498878,2147068881.3900001,21.487369437950683,2.1692422022000002e-19,contraction
2838,2838,2.1086281499300002e-06,474240.98525999999,13.7969074671,-145879537549,145879537549,2166899591.02,21.496563222949494,2.1297195853500001e-19,contraction
2839,2839,2.09893988362e-06,476429.98680499999,13.7969074671,-147226917993,147226917993,2186913625.7800002,21.505757083476116,2.09091673698e-19,contraction
2840,2840,2.0892961308499999e-06,478629.09232300002,13.7969074671,-148586754356,148586754356,2207112681.1599998,21.514951019175047,2.05282055614e-19,contraction
2841,2841,2.0796966871e-06,480838.34844999999,13.7969074672,-149959161839,149959161839,2227498468.3800001,21.524145029713043,2.01541818019e-19,contraction
2842,2842,2.07014134879e-06,483057.80203999998,13.7969074672,-151344256708,151344256708,2248072714.48,21.533339114753659,1.97869698044e-19,contraction
2843,2843,2.06062991327e-06,485287.50016200001,13.7969074672,-152742156307,152742156307,2268837162.4499998,21.542533273950198,1.94264455792e-19,contraction
2844,2844,2.0511621788300001e-06,487527.49010300002,13.796907467300001,-154152979063,154152979063,2289793571.4499998,21.551727506977777,1.9072487392000001e-19,contraction
2845,2845,2.04173794467e-06,489777.81936800003,13.796907467300001,-155576844500,155576844500,2310943716.8699999,21.560921813493788,1.8724975722799999e-19,contraction
2846,2846,2.0323570109399998e-06,492038.53568099998,13.796907467300001,-157013873247,157013873247,2332289390.5500002,21.570116193168559,1.83837932259e-19,contraction
2847,2847,2.02301917868e-06,494309.68698699999,13.796907467300001,-158464187050,158464187050,2353832400.9000001,21.579310645671239,1.80488246901e-19,contraction
2848,2848,2.0137242498599998e-06,496591.32144999999,13.796907467400001,-159927908781,159927908781,2375574573.0500002,21.588505170668498,1.7719957000100001e-19,contraction
2849,2849,2.00447202737e-06,498883.48745999997,13.796907467400001,-161405162446,161405162446,2397517749.0300002,21.597699767835238,1.7397079098200001e-19,contraction
2850,2850,1.9952623149700002e-06,501186.23362700001,13.796907467400001,-162896073203,162896073203,2419663787.9000001,21.606894436843419,1.7080081947200001e-19,contraction
2851,2851,1.98609491736e-06,503499.60878800001,13.796907467500001,-164400767364,164400767364,2442014565.9200001,21.616089177367339,1.6768858493400001e-19,contraction
2852,2852,1.9769696401099998e-06,505823.66200299998,13.796907467500001,-165919372410,165919372410,2464571976.6999998,21.625283989079868,1.64633036308e-19,contraction
2853,2853,1.9678862897099999e-06,508158.442561,13.796907467500001,-167452017003,167452017003,2487337931.3899999,21.63447887166441,1.6163314165300001e-19,contraction
2854,2854,1.9588446735100002e-06,510503.99997499998,13.796907467500001,-168998830994,168998830994,2510314358.8000002,21.643673824797713,1.58687887804e-19,contraction
2855,2855,1.9498445997599999e-06,512860.38399100001,13.796907467600001,-170559945435,170559945435,2533503205.5799999,21.652868848156722,1.5579628002800001e-19,contraction
2856,2856,1.9408858775900002e-06,515227.64458199998,13.796907467600001,-172135492592,172135492592,2556906436.4000001,21.662063941424471,1.5295734168899999e-19,contraction
2857,2857,1.9319683170200002e-06,517605.83195099997,13.796907467600001,-173725605952,173725605952,2580526034.0999999,21.671259104283408,1.5017011392199999e-19,contraction
2858,2858,1.92309172891e-06,519994.99653399998,13.796907467600001,-175330420239,175330420239,2604363999.8699999,21.680454336420048,1.4743365530299999e-19,contraction
2859,2859,1.9142559250199999e-06,522395.18899900001,13.796907467700001,-176950071423,176950071423,2628422353.4099998,21.689649637521143,1.4474704154000001e-19,contraction
2860,2860,1.90546071796e-06,524806.46025,13.796907467700001,-178584696731,178584696731,2652703133.0900002,21.698845007269473,1.4210936515800001e-19,contraction
2861,2861,1.89670592121e-06,527228.86142299999,13.796907467700001,-180234434660,180234434660,2677208396.1599998,21.708040445357963,1.3951973519100001e-19,contraction
2862,2862,1.8879913491000001e-06,529662.44389200001,13.796907467700001,-181899424989,181899424989,2701940218.8800001,21.717235951472823,1.3697727688599999e-19,contraction
2863,2863,1.8793168167999999e-06,532107.25926700002,13.796907467800001,-183579808788,183579808788,2726900696.7399998,21.726431525310009,1.34481131406e-19,contraction
2864,2864,1.87068214037e-06,534563.35939700005,13.796907467800001,-185275728434,185275728434,2752091944.5999999,21.735627166561148,1.3203045553899999e-19,contraction
2865,2865,1.8620871366600001e-06,537030.79637,13.796907467800001,-186987327621,186987327621,2777516096.8800001,21.74482287491761,1.2962442141900001e-19,contraction
2866,2866,1.8535316234099999e-06,539509.62251500005,13.796907467800001,-188714751370,188714751370,2803175307.7600002,21.754018650077366,1.2726221624100001e-19,contraction
2867,2867,1.8450154191800001e-06,541999.89040200005,13.796907467900001,-190458146048,190458146048,2829071751.3400002,21.763214491736719,1.2494304199300001e-19,contraction
2868,2868,1.8365383433499999e-06,544501.65284200001,13.796907467900001,-192217659372,192217659372,2855207621.8400002,21.772410399595895,1.22666115181e-19,contraction
2869,2869,1.82810021614e-06,547014.962894,13.796907467900001,-193993440426,193993440426,2881585133.7600002,21.781606373349891,1.2043066656999999e-19,contraction
2870,2870,1.8197008586099999e-06,549539.87385800004,13.796907467900001,-195785639676,195785639676,2908206522.1100001,21.790802412703272,1.1823594092200001e-19,contraction
2871,2871,1.81134009262e-06,552076.43928100006,13.796907468000001,-197594408977,197594408977,2935074042.5599999,21.799998517356304,1.1608119674299999e-19,contraction
2872,2872,1.8030177408600001e-06,554624.71295800002,13.796907468000001,-199419901591,199419901591,2962189971.6700001,21.809194687018291,1.1396570602999999e-19,contraction
2873,2873,1.7947336268299999e-06,557184.74893200002,13.796907468000001,-201262272195,201262272195,2989556607.02,21.818390921386111,1.11888754032e-19,contraction
2874,2874,1.7864875748500001e-06,559756.60149499995,13.796907468000001,-203121676901,203121676901,3017176267.48,21.827587220169743,1.0984963900099999e-19,contraction
2875,2875,1.7782794100399999e-06,562340.32519,13.796907468000001,-204998273261,204998273261,3045051293.3699999,21.836783583079693,1.07847671962e-19,contraction
2876,2876,1.77010895832e-06,564935.97481199994,13.796907468100001,-206892220287,206892220287,3073184046.6399999,21.84598000982102,1.05882176478e-19,contraction
2877,2877,1.7619760464099999e-06,567543.60540899995,13.796907468100001,-208803678463,208803678463,3101576911.1100001,21.855176500106413,1.03952488422e-19,contraction
2878,2878,1.75388050184e-06,570163.27228100004,13.796907468100001,-210732809753,210732809753,3130232292.6300001,21.864373053642446,1.02057955754e-19,contraction
2879,2879,1.7458221529199999e-06,572795.03098599997,13.796907468100001,-212679777626,212679777626,3159152619.3400002,21.873569670147621,1.00197938299e-19,contraction
2880,2880,1.73780082875e-06,575438.93733700004,13.796907468200001,-214644747057,214644747057,3188340341.8200002,21.882766349334332,9.8371807533800002e-20,contraction
2881,2881,1.72981635922e-06,578095.04740599997,13.796907468200001,-216627884552,216627884552,3217797933.3299999,21.891963090919209,9.6578946375100001e-20,contraction
2882,2882,1.7218685749899999e-06,580763.41752100002,13.796907468200001,-218629358154,218629358154,3247527890,21.901159894616878,9.4818748969199996e-20,contraction
2883,2883,1.7139573075100001e-06,583444.10427400004,13.796907468200001,-220649337463,220649337463,3277532731.0599999,21.910356760145703,9.30906204896e-20,contraction
2884,2884,1.706082389e-06,586137.16451399995,13.796907468200001,-222687993646,222687993646,3307814999.04,21.919553687223541,9.1393976935600001e-20,contraction
2885,2885,1.6982436524599999e-06,588842.65535599994,13.796907468300001,-224745499455,224745499455,3338377260,21.928750675572118,8.97282449359e-20,contraction
2886,2886,1.69044093164e-06,591560.63417500001,13.796907468300001,-226822029240,226822029240,3369222103.75,21.93794772491762,8.8092861555000002e-20,contraction
2887,2887,1.6826740610699999e-06,594291.15861599997,13.796907468300001,-228917758962,228917758962,3400352144.02,21.94714483497593,8.6487274103599997e-20,contraction
2888,2888,1.6749428760299999e-06,597034.28658399999,13.796907468300001,-231032866213,231032866213,3431770018.75,21.956342005473068,8.4910939951700003e-20,contraction
2889,2889,1.6672472125499999e-06,599790.07625599997,13.796907468300001,-233167530226,233167530226,3463478390.29,21.965539236137946,8.3363326346499997e-20,contraction
2890,2890,1.6595869074399999e-06,602558.58607399999,13.796907468400001,-235321931892,235321931892,3495479945.5999999,21.97473652669488,8.1843910231900001e-20,contraction
2891,2891,1.6519617982300001e-06,605339.87475399999,13.796907468400001,-237496253777,237496253777,3527777396.5100002,21.983933876872982,8.0352178072699996e-20,contraction
2892,2892,1.6443717232099999e-06,608134.00127899996,13.796907468400001,-239690680133,239690680133,3560373479.9200001,21.99313128639756,7.8887625681100003e-20,contraction
2893,2893,1.6368165214299999e-06,610941.02490600001,13.796907468400001,-241905396920,241905396920,3593270958.0799999,22.002328755003667,7.74497580468e-20,contraction
2894,2894,1.6292960326399999e-06,613761.00516499998,13.796907468400001,-244140591817,244140591817,3626472618.77,22.01152628242075,7.6038089170099997e-20,contraction
2895,2895,1.62181009736e-06,616594.00186099997,13.796907468400001,-246396454238,246396454238,3659981275.5700002,22.02072386838212,7.4652141897699996e-20,contraction
2896,2896,1.6143585568299999e-06,619440.07507699996,13.796907468500001,-248673175351,248673175351,3693799768.0900002,22.029921512622501,7.3291447762399999e-20,contraction
2897,2897,1.6069412530099999e-06,622299.28516900004,13.796907468500001,-250970948093,250970948093,3727930962.1999998,22.039119214875107,7.1955546824200004e-20,contraction
2898,2898,1.59955802861e-06,625171.69277600001,13.796907468500001,-253289967182,253289967182,3762377750.3000002,22.048316974878922,7.0643987516199995e-20,contraction
2899,2899,1.5922087270499999e-06,628057.35881300003,13.796907468500001,-255630429143,255630429143,3797143051.52,22.057514792366565,6.9356326491200004e-20,contraction
2900,2900,1.58489319246e-06,630956.34447999997,13.796907468500001,-257992532315,257992532315,3832229812.04,22.066712667083511,6.80921284732e-20,contraction
2901,2901,1.5776112696999999e-06,633868.71125699999,13.796907468600001,-260376476874,260376476874,3867641005.25,22.075910598764334,6.6850966109700005e-20,contraction
2902,2902,1.57036280433e-06,636794.52090799995,13.796907468600001,-262782464847,262782464847,3903379632.0799999,22.085108587153194,6.5632419828299996e-20,contraction
2903,2903,1.56314764264e-06,639733.83548300003,13.796907468600001,-265210700130,265210700130,3939448721.1999998,22.094306631989593,6.4436077694399998e-20,contraction
2904,2904,1.5559656316100001e-06,642686.71731700003,13.796907468600001,-267661388505,267661388505,3975851329.3200002,22.103504733019506,6.3261535272900003e-20,contraction
2905,2905,1.5488166189099999e-06,645653.22903499997,13.796907468600001,-270134737659,270134737659,4012590541.4200001,22.11270288998784,6.2108395491500005e-20,contraction
2906,2906,1.5417004529499999e-06,648633.43354799994,13.796907468600001,-272630957200,272630957200,4049669471,22.121901102635643,6.0976268506599998e-20,contraction
2907,2907,1.5346169828e-06,651627.39406099997,13.796907468700001,-275150258673,275150258673,4087091260.4099998,22.131099370716495,5.9864771571999994e-20,contraction
2908,2908,1.5275660582399999e-06,654635.17406700004,13.796907468700001,-277692855584,277692855584,4124859081.02,22.140297693972546,5.8773528909700001e-20,contraction
2909,2909,1.5205475297299999e-06,657656.83735499997,13.796907468700001,-280258963410,280258963410,4162976133.5799999,22.149496072156989,5.7702171583e-20,contraction
2910,2910,1.51356124844e-06,660692.44800800004,13.796907468700001,-282848799625,282848799625,4201445648.4299998,22.158694505018957,5.6650337372400005e-20,contraction
2911,2911,1.50660706619e-06,663742.07040199998,13.796907468700001,-285462583714,285462583714,4240270885.79,22.167892992307536,5.5617670652800002e-20,contraction
2912,2912,1.4996848354999999e-06,666805.76921399997,13.796907468700001,-288100537190,288100537190,4279455136.0599999,22.177091533777311,5.4603822274e-20,contraction
2913,2913,1.49279440958e-06,669883.60941699997,13.796907468700001,-290762883619,290762883619,4319001720.0799999,22.186290129183753,5.3608449442700001e-20,contraction
2914,2914,1.4859356422900001e-06,672975.65628400003,13.796907468800001,-293449848632,293449848632,4358913989.3900003,22.195488778278239,5.2631215606800002e-20,contraction
2915,2915,1.47910838817e-06,676081.97539200005,13.796907468800001,-296161659951,296161659951,4399195326.5500002,22.204687480816435,5.1671790341900002e-20,contraction
2916,2916,1.47231250243e-06,679202.63261700002,13.796907468800001,-298898547401,298898547401,4439849145.4200001,22.213886236556583,5.0729849239900001e-20,contraction
2917,2917,1.4655478409599999e-06,682337.69414200005,13.796907468800001,-301660742937,301660742937,4480878891.4499998,22.223085045259538,4.9805073799199999e-20,contraction
2918,2918,1.45881426028e-06,685487.22645299998,13.796907468800001,-304448480655,304448480655,4522288041.9300003,22.232283906679356,4.8897151317499997e-20,contraction
2919,2919,1.4521116175900001e-06,688651.29634400003,13.796907468800001,-307261996822,307261996822,4564080106.3500004,22.241482820577925,4.8005774786300002e-20,contraction
2920,2920,1.44543977075e-06,691829.97091899998,13.796907468900001,-310101529888,310101529888,4606258626.6700001,22.250681786718619,4.7130642786999997e-20,contraction
2921,2921,1.43879857826e-06,695023.31758899998,13.796907468900001,-312967320508,312967320508,4648827177.5900002,22.259880804859776,4.6271459389699999e-20,contraction
2922,2922,1.4321878992700001e-06,698231.40407699998,13.796907468900001,-315859611566,315859611566,4691789366.9200001,22.269079874769183,4.5427934052499998e-20,contraction
2923,2923,1.4256075936000001e-06,701454.29842000001,13.796907468900001,-318778648192,318778648192,4735148835.8199997,22.278278996209767,4.4599781524299999e-20,contraction
2924,2924,1.4190575216900001e-06,704692.068967,13.796907468900001,-321724677784,321724677784,4778909259.1400003,22.287478168946393,4.3786721748000003e-20,contraction
2925,2925,1.41253754462e-06,707944.784384,13.796907468900001,-324697950027,324697950027,4823074345.7299995,22.296677392745458,4.2988479766199998e-20,contraction
2926,2926,1.4060475241300001e-06,711212.513653,13.796907468900001,-327698716918,327698716918,4867647838.75,22.305876667373941,4.2204785628300001e-20,contraction
2927,2927,1.3995873225700001e-06,714495.326076,13.796907469000001,-330727232785,330727232785,4912633516.0100002,22.315075992604005,4.1435374299200002e-20,contraction
2928,2928,1.39315680295e-06,717793.29127100005,13.796907469000001,-333783754309,333783754309,4958035190.2299995,22.32427536820062,4.0679985570500003e-20,contraction
2929,2929,1.3867558288700001e-06,721106.47918300005,13.796907469000001,-336868540545,336868540545,5003856709.4499998,22.333474793939242,3.9938363971599999e-20,contraction
2930,2930,1.3803842646000001e-06,724434.96007499995,13.796907469000001,-339981852945,339981852945,5050101957.2700005,22.34267426958829,3.92102586847e-20,contraction
2931,2931,1.3740419750100001e-06,727778.80453700002,13.796907469000001,-343123955380,343123955380,5096774853.2399998,22.351873794921389,3.8495423458899999e-20,contraction
2932,2932,1.3677288255999999e-06,731138.08348300005,13.796907469000001,-346295114161,346295114161,5143879353.1800003,22.36107336971477,3.7793616528099999e-20,contraction
2933,2933,1.36144468247e-06,734512.86815700005,13.796907469000001,-349495598065,349495598065,5191419449.4700003,22.370272993738428,3.7104600528799999e-20,contraction
2934,2934,1.35518941235e-06,737903.23012900003,13.796907469000001,-352725678354,352725678354,5239399171.4799995,22.379472666773882,3.6428142419999998e-20,contraction
2935,2935,1.3489628825899999e-06,741309.241301,13.796907469100001,-355985628800,355985628800,5287822585.8000002,22.388672388592578,3.5764013404899997e-20,contraction
2936,2936,1.3427649611400001e-06,744730.97390600003,13.796907469100001,-359275725708,359275725708,5336693796.6899996,22.397872158976064,3.5111988853200001e-20,contraction
2937,2937,1.33659551655e-06,748168.50051100005,13.796907469100001,-362596247939,362596247939,5386016946.3599997,22.407071977702945,3.4471848225399998e-20,contraction
2938,2938,1.3304544179799999e-06,751621.89401799999,13.796907469100001,-365947476934,365947476934,5435796215.3400002,22.416271844552483,3.3843374998699998e-20,contraction
2939,2939,1.32434153519e-06,755091.22766500001,13.796907469100001,-369329696737,369329696737,5486035822.8400002,22.425471759305616,3.3226356593300003e-20,contraction
2940,2940,1.3182567385600001e-06,758576.57502900006,13.796907469100001,-372743194022,372743194022,5536740027.1000004,22.434671721743481,3.2620584300999999e-20,contraction
2941,2941,1.31219989902e-06,762078.01002499997,13.796907469100001,-376188258112,376188258112,5587913125.7700005,22.443871731650844,3.2025853214699998e-20,contraction
2942,2942,1.30617088813e-06,765595.60691099998,13.796907469100001,-379665181010,379665181010,5639559456.2399998,22.453071788809844,3.1441962159099998e-20,contraction
2943,2943,1.30016957803e-06,769129.44028700003,13.796907469200001,-383174257418,383174257418,5691683396.04,22.462271893005799,3.0868713622999998e-20,contraction
2944,2944,1.2941958414499999e-06,772679.585096,13.796907469200001,-386715784765,386715784765,5744289363.1999998,22.471472044025148,3.0305913692e-20,contraction
2945,2945,1.2882495516900001e-06,776246.11662900005,13.796907469200001,-390290063234,390290063234,5797381816.6099997,22.48067224165289,2.9753371983999998e-20,contraction
2946,2946,1.28233058266e-06,779829.11052300001,13.796907469200001,-393897395781,393897395781,5850965256.4300003,22.489872485678138,2.9210901584e-20,contraction
2947,2947,1.27643880881e-06,783428.642766,13.796907469200001,-397538088169,397538088169,5905044224.4499998,22.499072775890301,2.8678318981499998e-20,contraction
2948,2948,1.2705741052099999e-06,787044.78969500004,13.796907469200001,-401212448986,401212448986,5959623304.4700003,22.508273112078228,2.81554440082e-20,contraction
2949,2949,1.2647363474699999e-06,790677.62800000003,13.796907469200001,-404920789678,404920789678,6014707122.6899996,22.517473494030494,2.7642099777600002e-20,contraction
2950,2950,1.25892541179e-06,794327.23472399998,13.796907469200001,-408663424572,408663424572,6070300348.1499996,22.526673921543274,2.71381126247e-20,contraction
2951,2951,1.2531411749400001e-06,797993.68726799998,13.796907469200001,-412440670900,412440670900,6126407693.0299997,22.535874394404392,2.66433120479e-20,contraction
2952,2952,1.24738351424e-06,801677.06338800001,13.796907469300001,-416252848834,416252848834,6183033913.1499996,22.545074912409952,2.6157530650899999e-20,contraction
2953,2953,1.24165230759e-06,805377.44119899999,13.796907469300001,-420100281502,420100281502,6240183808.3100004,22.554275475353851,2.5680604086600001e-20,contraction
2954,2954,1.2359474334400001e-06,809094.89917800005,13.796907469300001,-423983295028,423983295028,6297862222.71,22.563476083029968,2.5212371001400001e-20,contraction
2955,2955,1.2302687708099999e-06,812829.51616400003,13.796907469300001,-427902218547,427902218547,6356074045.3900003,22.572676735236787,2.47526729807e-20,contraction
2956,2956,1.2246161992699999e-06,816581.37135899998,13.796907469300001,-431857384244,431857384244,6414824210.5900002,22.58187743176871,2.43013544952e-20,contraction
2957,2957,1.21898959892e-06,820350.54432999995,13.796907469300001,-435849127375,435849127375,6474117698.2399998,22.591078172427313,2.38582628489e-20,contraction
2958,2958,1.21338885046e-06,824137.11501299997,13.796907469300001,-439877786297,439877786297,6533959534.3000002,22.60027895700847,2.3423248127000001e-20,contraction
2959,2959,1.2078138351099999e-06,827941.16371200001,13.796907469300001,-443943702499,443943702499,6594354791.2600002,22.609479785313805,2.2996163145399999e-20,contraction
2960,2960,1.20226443462e-06,831762.77110300004,13.796907469300001,-448047220628,448047220628,6655308588.5100002,22.618680657141446,2.2576863401299999e-20,contraction
2961,2961,1.19674053131e-06,835602.01823100005,13.796907469300001,-452188688521,452188688521,6716826092.8500004,22.62788157229749,2.2165207023899999e-20,contraction
2962,2962,1.1912420080300001e-06,839458.98651900003,13.796907469400001,-456368457232,456368457232,6778912518.8299999,22.637082530581186,2.1761054726800001e-20,contraction
2963,2963,1.18576874817e-06,843333.75776399998,13.796907469400001,-460586881062,460586881062,6841573129.2600002,22.646283531795198,2.13642697608e-20,contraction
2964,2964,1.1803206356499999e-06,847226.41414100002,13.796907469400001,-464844317593,464844317593,6904813235.6700001,22.655484575747447,2.0974717867700001e-20,contraction
2965,2965,1.1748975549400001e-06,851137.03820199997,13.796907469400001,-469141127712,469141127712,6968638198.6899996,22.6646856622408,2.0592267235200001e-20,contraction
2966,2966,1.1694993910199999e-06,855065.71288500004,13.796907469400001,-473477675646,473477675646,7033053428.5600004,22.673886791081202,2.0216788452e-20,contraction
2967,2967,1.16412602941e-06,859012.52150499995,13.796907469400001,-477854328992,477854328992,7098064385.5799999,22.683087962076321,1.98481544643e-20,contraction
2968,2968,1.1587773561599999e-06,862977.54776700004,13.796907469400001,-482271458748,482271458748,7163676580.5699997,22.692289175035075,1.9486240532800001e-20,contraction
2969,2969,1.1534532578199999e-06,866960.87575799995,13.796907469400001,-486729439344,486729439344,7229895575.3100004,22.701490429763819,1.9130924190599999e-20,contraction
2970,2970,1.1481536215e-06,870962.58995599998,13.796907469400001,-491228648674,491228648674,7296726983.0600004,22.710691726073104,1.8782085201799999e-20,contraction
2971,2971,1.14287833479e-06,874982.77522700001,13.796907469400001,-495769468128,495769468128,7364176469.0200005,22.719893063775363,1.84396055209e-20,contraction
2972,2972,1.13762728582e-06,879021.51683099999,13.796907469500001,-500352282626,500352282626,7432249750.7600002,22.729094442678036,1.8103369252899999e-20,contraction
2973,2973,1.1324003632399999e-06,883078.90041899995,13.796907469500001,-504977480647,504977480647,7500952598.8000002,22.738295862596519,1.7773262614099999e-20,contraction
2974,2974,1.1271974561800001e-06,887155.01203800004,13.796907469500001,-509645454265,509645454265,7570290837.0100002,22.747497323342031,1.74491738937e-20,contraction
2975,2975,1.1220184543000001e-06,891249.93813400005,13.796907469500001,-514356599183,514356599183,7640270343.1700001,22.756698824730474,1.7130993415999999e-20,contraction
2976,2976,1.1168632477800001e-06,895363.76555000001,13.796907469500001,-519111314763,519111314763,7710897049.3999996,22.765900366573366,1.6818613503500001e-20,contraction
2977,2977,1.11173172728e-06,899496.58152999997,13.796907469500001,-523910004061,523910004061,7782176942.75,22.775101948689244,1.65119284404e-20,contraction
2978,2978,1.1066237839800001e-06,903648.47372200002,13.796907469500001,-528753073865,528753073865,7854116065.6300001,22.784303570893471,1.62108344368e-20,contraction
2979,2979,1.10153930954e-06,907819.53017799999,13.796907469500001,-533640934724,533640934724,7926720516.3500004,22.793505233001881,1.5915229593599999e-20,contraction
2980,2980,1.09647819614e-06,912009.83935599995,13.796907469500001,-538574000986,538574000986,7999996449.6700001,22.802706934834898,1.5625013868500001e-20,contraction
2981,2981,1.0914403364500001e-06,916219.49012199999,13.796907469500001,-543552690832,543552690832,8073950077.2600002,22.811908676209669,1.53400890415e-20,contraction
2982,2982,1.0864256236199999e-06,920448.57175300003,13.796907469500001,-548577426315,548577426315,8148587668.2799997,22.821110456946766,1.50603586824e-20,contraction
2983,2983,1.0814339513e-06,924697.17393799999,13.796907469500001,-553648633387,553648633387,8223915549.8800001,22.830312276866223,1.47857281177e-20,contraction
2984,2984,1.0764652136299999e-06,928965.38677999994,13.796907469600001,-558766741947,558766741947,8299940107.75,22.839514135789194,1.4516104398700001e-20,contraction
2985,2985,1.0715193052400001e-06,933253.30079699995,13.796907469600001,-563932185866,563932185866,8376667786.6599998,22.848716033537734,1.4251396270399999e-20,contraction
2986,2986,1.06659612123e-06,937561.006926,13.796907469600001,-569145403034,569145403034,8454105091.0100002,22.857917969935205,1.3991514140300001e-20,contraction
2987,2987,1.0616955572e-06,941888.59652300004,13.796907469600001,-574406835387,574406835387,8532258585.3699999,22.867119944804873,1.3736370048299999e-20,contraction
2988,2988,1.0568175092100001e-06,946236.16136599996,13.796907469600001,-579716928955,579716928955,8611134895.0499992,22.876321957971484,1.34858776369e-20,contraction
2989,2989,1.05196187382e-06,950603.79365600005,13.796907469600001,-585076133891,585076133891,8690740706.6599998,22.885524009261008,1.32399521222e-20,contraction
2990,2990,1.04712854805e-06,954991.58602100005,13.796907469600001,-590484904513,590484904513,8771082768.6599998,22.894726098498655,1.29985102648e-20,contraction
2991,2991,1.04231742939e-06,959399.63151600002,13.796907469600001,-595943699345,595943699345,8852167891.9599991,22.903928225512061,1.27614703421e-20,contraction
2992,2992,1.03752841582e-06,963828.02362400002,13.796907469600001,-601452981150,601452981150,8934002950.4599991,22.913130390127012,1.25287521207e-20,contraction
2993,2993,1.0327614057600001e-06,968276.85626100004,13.796907469600001,-607013216975,607013216975,9016594881.7000008,22.922332592174961,1.23002768287e-20,contraction
2994,2994,1.0280162981300001e-06,972746.22377699998,13.796907469600001,-612624878185,612624878185,9099950687.3600006,22.931534831483106,1.207596713e-20,contraction
2995,2995,1.0232929922800001e-06,977236.22095600003,13.796907469600001,-618288440509,618288440509,9184077433.9200001,22.940737107881805,1.18557470971e-20,contraction
2996,2996,1.0185913880499999e-06,981746.94302000001,13.796907469600001,-624004384076,624004384076,9268982253.2299995,22.949939421201311,1.16395421865e-20,contraction
2997,2997,1.01391138574e-06,986278.48563100002,13.796907469700001,-629773193457,629773193457,9354672343.1399994,22.959141771274474,1.14272792126e-20,contraction
2998,2998,1.0092528860799999e-06,990830.94489299995,13.796907469700001,-635595357706,635595357706,9441154968.0699997,22.968344157932375,1.12188863235e-20,contraction
2999,2999,1.0046157902800001e-06,995404.41735200002,13.796907469700001,-641471370404,641471370404,9528437459.6700001,22.97754658100904,1.10142929765e-20,contraction
3000,3000,9.9999999999999995e-07,999999,13.796907469700001,-647401729695,647401729695,9616527217.4099998,22.986749040338019,1.08134299143e-20,contraction
3001,3001,9.9540541735200009e-07,1004614.79028,13.796907469700001,-653386938333,653386938333,9705431709.2199993,22.995951535753719,1.06162291418e-20,contraction
3002,3002,9.908319448930001e-07,1009251.88608,13.796907469700001,-659427503725,659427503725,9795158472.1200008,23.005154067091059,1.04226239026e-20,contraction
3003,3003,9.8627948563099995e-07,1013910.3857400001,13.796907469700001,-665523937972,665523937972,9885715112.8700008,23.014356634186541,1.0232548656799999e-20,contraction
3004,3004,9.8174794301999995e-07,1018590.38805,13.796907469700001,-671676757910,671676757910,9977109308.6100006,23.023559236877702,1.00459390591e-20,contraction
3005,3005,9.7723722095599999e-07,1023291.99228,13.796907469700001,-677886485161,677886485161,10069348807.5,23.032761875001995,9.8627319361999994e-21,contraction
3006,3006,9.7274722377699996e-07,1028015.29813,13.796907469700001,-684153646170,684153646170,10162441429.4,23.041964548399058,9.6828652664100002e-21,contraction
3007,3007,9.6827785626099991e-07,1032760.40576,13.796907469700001,-690478772254,690478772254,10256395066.4,23.051167256897649,9.5062781580500006e-21,contraction
3008,3008,9.6382902362399999e-07,1037527.41582,13.796907469700001,-696862399645,696862399645,10351217683.9,23.060370000355856,9.3329108290999996e-21,contraction
3009,3009,9.5940063151599991e-07,1042316.4293899999,13.796907469700001,-703305069536,703305069536,10446917320.6,23.069572778594146,9.1627045869099994e-21,contraction
3010,3010,9.5499258602100003e-07,1047127.54805,13.796907469700001,-709807328129,709807328129,10543502089.9,23.078775591465234,8.9956018084200005e-21,contraction
3011,3011,9.5060479365599999e-07,1051960.8738200001,13.796907469700001,-716369726677,716369726677,10640980180.200001,23.087978438816169,8.8315459206199998e-21,contraction
3012,3012,9.4623716136600003e-07,1056816.50921,13.796907469800001,-722992821534,722992821534,10739359855.5,23.097181320479805,8.6704813814799993e-21,contraction
3013,3013,9.4188959652299995e-07,1061694.5571999999,13.796907469800001,-729677174201,729677174201,10838649456.4,23.106384236303082,8.5123536611e-21,contraction
3014,3014,9.3756200692599999e-07,1066595.1212299999,13.796907469800001,-736423351376,736423351376,10938857400.6,23.115587186127446,8.3571092233299994e-21,contraction
3015,3015,9.3325430079700004e-07,1071518.3052399999,13.796907469800001,-743231924998,743231924998,11039992183.799999,23.12479016980598,8.2046955076499997e-21,contraction
3016,3016,9.2896638677999998e-07,1076464.2136299999,13.796907469800001,-750103472297,750103472297,11142062380.1,23.133993187174131,8.0550609113699993e-21,contraction
3017,3017,9.24698173938e-07,1081432.9513000001,13.796907469800001,-757038575845,757038575845,11245076643,23.143196238074793,7.9081547722299994e-21,contraction
3018,3018,9.2044957175299995e-07,1086424.62362,13.796907469800001,-764037823605,764037823605,11349043706.299999,23.152399322372634,7.7639273512400002e-21,contraction
3019,3019,9.1622049012199997e-07,1091439.3364500001,13.796907469800001,-771101808976,771101808976,11453972384.200001,23.161602439897184,7.6223298158399999e-21,contraction
3020,3020,9.1201083935599995e-07,1096477.1961399999,13.796907469800001,-778231130852,778231130852,11559871572.799999,23.170805590509552,7.4833142234500003e-21,contraction
3021,3021,9.0782053017800001e-07,1101538.30954,13.796907469800001,-785426393663,785426393663,11666750250.299999,23.18000877405348,7.3468335051800002e-21,contraction
3022,3022,9.0364947372199999e-07,1106622.7839800001,13.796907469800001,-792688207435,792688207435,11774617477.9,23.189211990367923,7.2128414499700003e-21,contraction
3023,3023,8.9949758152999999e-07,1111730.72728,13.796907469800001,-800017187835,800017187835,11883482401,23.198415239323602,7.0812926889499999e-21,contraction
3024,3024,8.9536476555e-07,1116862.2477800001,13.796907469800001,-807413956230,807413956230,11993354249.200001,23.207618520756924,6.9521426800700002e-21,contraction
3025,3025,8.9125093813400003e-07,1122017.4543000001,13.796907469800001,-814879139732,814879139732,12104242337.799999,23.216821834530787,6.8253476930800004e-21,contraction
3026,3026,8.8715601203799996e-07,1127196.45618,13.796907469800001,-822413371256,822413371256,12216156068,23.226025180485127,6.7008647947000002e-21,contraction
3027,3027,8.8307990041899999e-07,1132399.3632400001,13.796907469800001,-830017289575,830017289575,12329104928.200001,23.235228558478742,6.5786518341199997e-21,contraction
3028,3028,8.79022516831e-07,1137626.2858200001,13.796907469800001,-837691539369,837691539369,12443098494.6,23.244431968372002,6.4586674287600002e-21,contraction
3029,3029,8.7498377522699996e-07,1142877.33479,13.796907469900001,-845436771284,845436771284,12558146431.700001,23.253635410001944,6.34087095023e-21,contraction
3030,3030,8.7096358995599998e-07,1148152.6214999999,13.796907469900001,-853253641986,853253641986,12674258493.9,23.262838883244925,6.22522251063e-21,contraction
3031,3031,8.6696187575800004e-07,1153452.2578199999,13.796907469900001,-861142814216,861142814216,12791444525.299999,23.272042387934544,6.1116829490600001e-21,contraction
3032,3032,8.6297854776700002e-07,1158776.35616,13.796907469900001,-869104956847,869104956847,12909714461.6,23.281245923946113,6.0002138183299998e-21,contraction
3033,3033,8.5901352150499996e-07,1164125.02941,13.796907469900001,-877140744939,877140744939,13029078330.1,23.290449491130101,5.8907773720099999e-21,contraction
3034,3034,8.5506671288499996e-07,1169498.39102,13.796907469900001,-885250859800,885250859800,13149546250.9,23.29965308933987,5.7833365516199998e-21,contraction
3035,3035,8.5113803820200001e-07,1174896.5549399999,13.796907469900001,-893435989041,893435989041,13271128437.799999,23.308856718434715,5.6778549741299998e-21,contraction
3036,3036,8.47227414141e-07,1180319.6356500001,13.796907469900001,-901696826632,901696826632,13393835199.1,23.318060378274655,5.5742969196200001e-21,contraction
3037,3037,8.4333475776400002e-07,1185767.74817,13.796907469900001,-910034072968,910034072968,13517676938.5,23.327264068722339,5.4726273192399999e-21,contraction
3038,3038,8.3945998651900004e-07,1191241.0080299999,13.796907469900001,-918448434920,918448434920,13642664155.9,23.336467789636895,5.3728117433099999e-21,contraction
3039,3039,8.35603018231e-07,1196739.53131,13.796907469900001,-926940625902,926940625902,13768807448.4,23.345671540882073,5.2748163896899996e-21,contraction
3040,3040,8.3176377110300005e-07,1202263.43462,13.796907469900001,-935511365928,935511365928,13896117511,23.354875322311752,5.1786080723300003e-21,contraction
3041,3041,8.2794216371200001e-07,1207812.8351100001,13.796907469900001,-944161381671,944161381671,14024605137.799999,23.364079133791279,5.0841542100800004e-21,contraction
3042,3042,8.2413811501300001e-07,1213387.8504600001,13.796907469900001,-952891406532,952891406532,14154281222.700001,23.373282975181766,4.9914228156300003e-21,contraction
3043,3043,8.2035154433000001e-07,1218988.59892,13.796907469900001,-961702180692,961702180692,14285156760.4,23.382486846345625,4.9003824847200002e-21,contraction
3044,3044,8.1658237135900003e-07,1224615.19927,13.796907469900001,-970594451185,970594451185,14417242847.5,23.391690747158137,4.8110023854999998e-21,contraction
3045,3045,8.12830516164e-07,1230267.7708099999,13.796907469900001,-979568971954,979568971954,14550550682.9,23.400894677469701,4.72325224809e-21,contraction
3046,3046,8.0909589917800002e-07,1235946.4334400001,13.796907469900001,-988626503917,988626503917,14685091569.4,23.410098637151268,4.6371023543700001e-21,contraction
3047,3047,8.05378441199e-07,1241651.3075900001,13.796907469900001,-997767815035,997767815035,14820876914.299999,23.419302626069214,4.55252352788e-21,contraction
3048,3048,8.0167806338799999e-07,1247382.5142399999,13.796907469900001,-1006993680370,1006993680370,14957918230.5,23.428506644094448,4.4694871240300003e-21,contraction
3049,3049,7.9799468726799998e-07,1253140.1749400001,13.796907470000001,-1016304882160,1016304882160,15096227137.200001,23.437710691083886,4.3879650203000002e-21,contraction
3050,3050,7.9432823472400003e-07,1258924.41179,13.796907470000001,-1025702209880,1025702209880,15235815361.299999,23.446914766908346,4.3079296068199998e-21,contraction
3051,3051,7.9067862799999998e-07,1264735.3474699999,13.796907470000001,-1035186460300,1035186460300,15376694738.200001,23.456118871439255,4.2293537769900002e-21,contraction
3052,3052,7.8704578969499998e-07,1270573.10521,13.796907470000001,-1044758437570,1044758437570,15518877212.799999,23.465323004548409,4.1522109183e-21,contraction
3053,3053,7.83429642766e-07,1276437.8088100001,13.796907470000001,-1054418953280,1054418953280,15662374840.299999,23.474527166094372,4.0764749033499999e-21,contraction
3054,3054,7.7983011052299995e-07,1282329.5826600001,13.796907470000001,-1064168826530,1064168826530,15807199787.799999,23.48373135595962,4.0021200809900001e-21,contraction
3055,3055,7.76247116629e-07,1288248.5516900001,13.796907470000001,-1074008884000,1074008884000,15953364334.6,23.49293557400361,3.9291212676600002e-21,contraction
3056,3056,7.7268058509599997e-07,1294194.8414499999,13.796907470000001,-1083939960000,1083939960000,16100880873.9,23.502139820104741,3.8574537388399996e-21,contraction
3057,3057,7.6913044028700003e-07,1300168.57803,13.796907470000001,-1093962896590,1093962896590,16249761913.5,23.5113440941379,3.7870932207499996e-21,contraction
3058,3058,7.6559660691100003e-07,1306169.8881300001,13.796907470000001,-1104078543600,1104078543600,16400020076.700001,23.520548395964838,3.7180158820299999e-21,contraction
3059,3059,7.6207901002500003e-07,1312198.8990199999,13.796907470000001,-1114287758720,1114287758720,16551668103.799999,23.529752725460728,3.6501983257899999e-21,contraction
3060,3060,7.5857757502899997e-07,1318255.73856,13.796907470000001,-1124591407590,1124591407590,16704718853.1,23.538957082508745,3.5836175816099996e-21,contraction
3061,3061,7.5509222766500001e-07,1324340.53519,13.796907470000001,-1134990363850,1134990363850,16859185301.5,23.548161466970637,3.5182510978200003e-21,contraction
3062,3062,7.5162289401800005e-07,1330453.4179799999,13.796907470000001,-1145485509220,1145485509220,17015080546.4,23.557365878734682,3.4540767338299998e-21,contraction
3063,3063,7.4816950051100004e-07,1336594.5165500001,13.796907470000001,-1156077733600,1156077733600,17172417805.9,23.566570317661469,3.3910727526799999e-21,contraction
3064,3064,7.4473197390599998e-07,1342763.96114,13.796907470000001,-1166767935080,1166767935080,17331210420.799999,23.57577478363589,3.3292178136400002e-21,contraction
3065,3065,7.4131024130100003e-07,1348961.8825900001,13.796907470000001,-1177557020110,1177557020110,17491471855.099998,23.584979276529932,3.26849096503e-21,contraction
3066,3066,7.37904230129e-07,1355188.4123500001,13.796907470000001,-1188445903480,1188445903480,17653215697.599998,23.594183796229263,3.2088716370899999e-21,contraction
3067,3067,7.3451386815700002e-07,1361443.6824700001,13.796907470000001,-1199435508490,1199435508490,17816455662.5,23.603388342601583,3.1503396350500001e-21,contraction
3068,3068,7.3113908348299997e-07,1367727.8256000001,13.796907470000001,-1210526766940,1210526766940,17981205591.099998,23.612592915527333,3.0928751323e-21,contraction
3069,3069,7.2777980453699999e-07,1374040.9750099999,13.796907470000001,-1221720619270,1221720619270,18147479452.700001,23.62179751488403,3.03645866365e-21,contraction
3070,3070,7.2443596007500001e-07,1380383.2646000001,13.796907470000001,-1233018014630,1233018014630,18315291345.900002,23.631002140552713,2.98107111877e-21,contraction
3071,3071,7.2110747918299998e-07,1386754.8288700001,13.796907470000001,-1244419910930,1244419910930,18484655499.799999,23.640206792418034,2.9266937357099999e-21,contraction
3072,3072,7.1779429127100001e-07,1393155.8029499999,13.796907470000001,-1255927274970,1255927274970,18655586274.900002,23.649411470351652,2.87330809455e-21,contraction
3073,3073,7.1449632607600004e-07,1399586.3225700001,13.796907470000001,-1267541082470,1267541082470,18828098164.799999,23.658616174238446,2.8208961111799999e-21,contraction
3074,3074,7.11213513653e-07,1406046.52413,13.796907470000001,-1279262318190,1279262318190,19002205797.200001,23.667820903963872,2.76944003117e-21,contraction
3075,3075,7.0794578438400005e-07,1412536.5446200001,13.796907470100001,-1291091976000,1291091976000,19177923934.900002,23.677025659401394,2.71892242376e-21,contraction
3076,3076,7.0469306896699997e-07,1419056.5216900001,13.796907470100001,-1303031058960,1303031058960,19355267477.5,23.686230440436205,2.6693261759499998e-21,contraction
3077,3077,7.0145529842000004e-07,1425606.5936,13.796907470100001,-1315080579420,1315080579420,19534251462.5,23.695435246956311,2.6206344867400001e-21,contraction
3078,3078,6.9823240407700002e-07,1432186.8992699999,13.796907470100001,-1327241559090,1327241559090,19714891066.299999,23.704640078838469,2.57283086143e-21,contraction
3079,3079,6.9502431758899995e-07,1438797.5782600001,13.796907470100001,-1339515029130,1339515029130,19897201605.900002,23.713844935969448,2.5258991060200001e-21,contraction
3080,3080,6.9183097091900004e-07,1445438.7707499999,13.796907470100001,-1351902030240,1351902030240,20081198540,23.72304981823568,2.4798233217499999e-21,contraction
3081,3081,6.8865229634400002e-07,1452110.6175899999,13.796907470100001,-1364403612770,1364403612770,20266897470.200001,23.732254725517812,2.4345878997000002e-21,contraction
3082,3082,6.85488226453e-07,1458813.26028,13.796907470100001,-1377020836760,1377020836760,20454314142.599998,23.741459657704517,2.39017751553e-21,contraction
3083,3083,6.8233869414199997e-07,1465546.8409599999,13.796907470100001,-1389754772070,1389754772070,20643464449,23.750664614685576,2.3465771242800001e-21,contraction
3084,3084,6.7920363261700001e-07,1472311.5024300001,13.796907470100001,-1402606498460,1402606498460,20834364428,23.759869596339943,2.3037719553000002e-21,contraction
3085,3085,6.7608297539200001e-07,1479107.3881699999,13.796907470100001,-1415577105670,1415577105670,21027030266.799999,23.769074602557172,2.26174750718e-21,contraction
3086,3086,6.7297665628399996e-07,1485934.6422900001,13.796907470100001,-1428667693550,1428667693550,21221478302.400002,23.778279633228809,2.2204895429599999e-21,contraction
3087,3087,6.6988460941700004e-07,1492793.40958,13.796907470100001,-1441879372080,1441879372080,21417725022.799999,23.787484688239633,2.1799840851799998e-21,contraction
3088,3088,6.6680676921400002e-07,1499683.8355,13.796907470100001,-1455213261560,1455213261560,21615787068.599998,23.796689767477321,2.1402174112600001e-21,contraction
3089,3089,6.6374307040199999e-07,1506606.0661899999,13.796907470100001,-1468670492620,1468670492620,21815681234.5,23.805894870836376,2.1011760487900001e-21,contraction
3090,3090,6.6069344800800005e-07,1513560.24844,13.796907470100001,-1482252206360,1482252206360,22017424470.299999,23.81509999819858,2.0628467709800002e-21,contraction
3091,3091,6.5765783735499999e-07,1520546.5297300001,13.796907470100001,-1495959554440,1495959554440,22221033882.900002,23.824305149458876,2.0252165922099999e-21,contraction
3092,3092,6.5463617406699997e-07,1527565.0582399999,13.796907470100001,-1509793699180,1509793699180,22426526737.400002,23.833510324509142,1.9882727636000001e-21,contraction
3093,3093,6.5162839406100005e-07,1534615.9828000001,13.796907470100001,-1523755813650,1523755813650,22633920458.599998,23.842715523239928,1.9520027687200002e-21,contraction
3094,3094,6.4863443354800003e-07,1541699.4529500001,13.796907470100001,-1537847081770,1537847081770,22843232632.5,23.851920745541495,1.91639431935e-21,contraction
3095,3095,6.4565422903500004e-07,1548815.61891,13.796907470100001,-1552068698420,1552068698420,23054481007.799999,23.861125991304206,1.8814353512900001e-21,contraction
3096,3096,6.4268771731699999e-07,1555964.63161,13.796907470100001,-1566421869530,1566421869530,23267683497.599998,23.870331260426909,1.84711402032e-21,contraction
3097,3097,6.3973483548300004e-07,1563146.64264,13.796907470100001,-1580907812190,1580907812190,23482858180.400002,23.879536552794441,1.8134186981599999e-21,contraction
3098,3098,6.3679552090799998e-07,1570361.80433,13.796907470100001,-1595527754750,1595527754750,23700023302.299999,23.888741868306422,1.7803379685600001e-21,contraction
3099,3099,6.3386971125699997e-07,1577610.2697000001,13.796907470100001,-1610282936930,1610282936930,23919197278.099998,23.897947206857879,1.7478606233999999e-21,contraction
3100,3100,6.3095734448000005e-07,1584892.19246,13.796907470100001,-1625174609910,1625174609910,24140398692.799999,23.907152568336908,1.71597565894e-21,contraction
3101,3101,6.2805835881300001e-07,1592207.7270500001,13.796907470100001,-1640204036450,1640204036450,24363646303.700001,23.9163579526465,1.68467227204e-21,contraction
3102,3102,6.2517269277600003e-07,1599557.0286099999,13.796907470100001,-1655372491010,1655372491010,24588959041.299999,23.925563359675778,1.65393985656e-21,contraction
3103,3103,6.2230028516900005e-07,1606940.2530100001,13.796907470100001,-1670681259810,1670681259810,24816356011.5,23.934768789324597,1.62376799973e-21,contraction
3104,3104,6.1944107507700003e-07,1614357.5568299999,13.796907470100001,-1686131640990,1686131640990,25045856496.799999,23.943974241486274,1.5941464786400001e-21,contraction
3105,3105,6.1659500186100002e-07,1621809.09736,13.796907470100001,-1701724944710,1701724944710,25277479958.299999,23.953179716062341,1.5650652567900001e-21,contraction
3106,3106,6.1376200516499999e-07,1629295.0326400001,13.796907470100001,-1717462493220,1717462493220,25511246036.900002,23.96238521294449,1.5365144806500001e-21,contraction
3107,3107,6.1094202490600002e-07,1636815.52143,13.796907470100001,-1733345621050,1733345621050,25747174555.5,23.971590732035818,1.5084844763800001e-21,contraction
3108,3108,6.0813500127900002e-07,1644370.72321,13.796907470200001,-1749375675030,1749375675030,25985285520.299999,23.980796273235615,1.4809657465300001e-21,contraction
3109,3109,6.0534087475400002e-07,1651960.7982300001,13.796907470200001,-1765554014490,1765554014490,26225599122.400002,23.990001836435884,1.4539489667900001e-21,contraction
3110,3110,6.0255958607399997e-07,1659585.90744,13.796907470200001,-1781882011300,1781882011300,26468135740,23.999207421540078,1.4274249829099999e-21,contraction
3111,3111,5.9979107625600002e-07,1667246.2125500001,13.796907470200001,-1798361050060,1798361050060,26712915939.799999,24.008413028450327,1.40138480753e-21,contraction
3112,3112,5.9703528658400005e-07,1674941.8760299999,13.796907470200001,-1814992528150,1814992528150,26959960478.599998,24.017618657062144,1.3758196171799999e-21,contraction
3113,3113,5.9429215861599995e-07,1682673.0610700001,13.796907470200001,-1831777855900,1831777855900,27209290305.5,24.026824307280879,1.3507207492500001e-21,contraction
3114,3114,5.9156163417500001e-07,1690439.9316400001,13.796907470200001,-1848718456680,1848718456680,27460926563.099998,24.0360299790003,1.3260796991199999e-21,contraction
3115,3115,5.8884365535599995e-07,1698242.65246,13.796907470200001,-1865815767030,1865815767030,27714890590.099998,24.045235672132236,1.30188811721e-21,contraction
3116,3116,5.8613816451399996e-07,1706081.389,13.796907470200001,-1883071236780,1883071236780,27971203922.099998,24.054441386569657,1.27813780622e-21,contraction
3117,3117,5.8344510427400005e-07,1713956.30751,13.796907470200001,-1900486329180,1900486329180,28229888294.400002,24.063647122222047,1.2548207183e-21,contraction
3118,3118,5.8076441752100002e-07,1721867.5749900001,13.796907470200001,-1918062521010,1918062521010,28490965643.099998,24.072852878988542,1.2319289523500001e-21,contraction
3119,3119,5.7809604740600002e-07,1729815.35922,13.796907470200001,-1935801302720,1935801302720,28754458107.299999,24.082058656770236,1.20945475135e-21,contraction
3120,3120,5.7543993733699995e-07,1737799.8287500001,13.796907470200001,-1953704178550,1953704178550,29020388031.099998,24.091264455474327,1.1873904997299999e-21,contraction
3121,3121,5.7279603098599997e-07,1745821.15292,13.796907470200001,-1971772666650,1971772666650,29288777965.299999,24.100470275007169,1.1657287207700001e-21,contraction
3122,3122,5.7016427228099995e-07,1753879.50184,13.796907470200001,-1990008299230,1990008299230,29559650669.200001,24.109676115270521,1.1444620741000001e-21,contraction
3123,3123,5.6754460540900001e-07,1761975.04641,13.796907470200001,-2008412622660,2008412622660,29833029112.700001,24.118881976167454,1.12358335319e-21,contraction
3124,3124,5.6493697481200004e-07,1770107.95832,13.796907470200001,-2026987197630,2026987197630,30108936478.400002,24.128087857607344,1.1030854829300001e-21,contraction
3125,3125,5.6234132518999995e-07,1778278.41004,13.796907470200001,-2045733599270,2045733599270,30387396163.200001,24.137293759493552,1.08296151722e-21,contraction
3126,3126,5.5975760149499998e-07,1786486.57485,13.796907470200001,-2064653417280,2064653417280,30668431780.599998,24.146499681733985,1.0632046366099999e-21,contraction
3127,3127,5.57185748932e-07,1794732.62683,13.796907470200001,-2083748256060,2083748256060,30952067162.599998,24.155705624237591,1.04380814603e-21,contraction
3128,3128,5.5462571295800003e-07,1803016.74086,13.796907470200001,-2103019734870,2103019734870,31238326361.400002,24.164911586904037,1.02476547247e-21,contraction
3129,3129,5.5207743928099998e-07,1811339.09262,13.796907470200001,-2122469487950,2122469487950,31527233652.299999,24.174117569651411,1.00607016279e-21,contraction
3130,3130,5.4954087385800004e-07,1819699.85861,13.796907470200001,-2142099164640,2142099164640,31818813534.599998,24.183323572378985,9.8771588153700007e-22,contraction
3131,3131,5.4701596289399997e-07,1828099.2161399999,13.796907470200001,-2161910429560,2161910429560,32113090734.700001,24.1925295949999,9.6969640876600003e-22,contraction
3132,3132,5.4450265284200001e-07,1836537.34335,13.796907470200001,-2181904962740,2181904962740,32410090207.599998,24.201735637422129,9.5200563796899994e-22,contraction
3133,3133,5.4200089040200005e-07,1845014.41918,13.796907470200001,-2202084459730,2202084459730,32709837139.299999,24.210941699557374,9.3463757399100004e-22,contraction
3134,3134,5.3951062251500003e-07,1853530.62341,13.796907470200001,-2222450631770,2222450631770,33012356948.599998,24.220147781310747,9.1758633100200009e-22,contraction
3135,3135,5.3703179637000002e-07,1862086.1366600001,13.796907470200001,-2243005205960,2243005205960,33317675289.700001,24.229353882594381,9.0084613050500006e-22,contraction
3136,3136,5.3456435939700003e-07,1870681.1403699999,13.796907470200001,-2263749925360,2263749925360,33625818054.099998,24.238560003318945,8.8441129937600004e-22,contraction
3137,3137,5.3210825926699998e-07,1879315.8167999999,13.796907470200001,-2284686549150,2284686549150,33936811372.900002,24.247766143396763,8.6827626794800009e-22,contraction
3138,3138,5.2966344389199996e-07,1887990.3491,13.796907470200001,-2305816852790,2305816852790,34250681618.799999,24.256972302735448,8.5243556812000002e-22,contraction
3139,3139,5.2722986142300001e-07,1896704.9212100001,13.796907470200001,-2327142628190,2327142628190,34567455408.800003,24.266178481251529,8.3688383150999998e-22,contraction
3140,3140,5.2480746024999997e-07,1905459.71796,13.796907470200001,-2348665683820,2348665683820,34887159606,24.275384678856916,8.2161578763100004e-22,contraction
3141,3141,5.2239618899899998e-07,1914254.92502,13.796907470200001,-2370387844870,2370387844870,35209821321.900002,24.284590895459768,8.06626262111e-22,contraction
3142,3142,5.1999599653400004e-07,1923090.7289100001,13.796907470200001,-2392310953450,2392310953450,35535467919.199997,24.293797130978732,7.9191017493900003e-22,contraction
3143,3143,5.1760683195100003e-07,1931967.31702,13.796907470200001,-2414436868690,2414436868690,35864127013.400002,24.303003385322388,7.7746253874500002e-22,contraction
3144,3144,5.1522864458200004e-07,1940884.8775899999,13.796907470200001,-2436767466920,2436767466920,36195826475.699997,24.312209658405131,7.6327845710900004e-22,contraction
3145,3145,5.1286138399099995e-07,1949843.5997599999,13.796907470200001,-2459304641840,2459304641840,36530594435.300003,24.321415950145159,7.4935312290499999e-22,contraction
3146,3146,5.1050499997499999e-07,1958843.6735100001,13.796907470200001,-2482050304680,2482050304680,36868459281.400002,24.330622260453854,7.3568181667300004e-22,contraction
3147,3147,5.0815944256099999e-07,1967885.2897099999,13.796907470200001,-2505006384330,2505006384330,37209449665.900002,24.339828589243943,7.2225990501900004e-22,contraction
3148,3148,5.0582466200299996e-07,1976968.64011,13.796907470200001,-2528174827550,2528174827550,37553594506.099998,24.349034936436645,7.0908283904699998e-22,contraction
3149,3149,5.0350060878799995e-07,1986093.9173600001,13.796907470200001,-2551557599090,2551557599090,37900922986.5,24.358241301944062,6.9614615281699996e-22,contraction
3150,3150,5.0118723362699996e-07,1995261.3149699999,13.796907470200001,-2575156681910,2575156681910,38251464561.800003,24.367447685683331,6.8344546183399997e-22,contraction
3151,3151,4.9888448746000004e-07,2004471.02737,13.796907470200001,-2598974077270,2598974077270,38605248959.099998,24.376654087568664,6.70976461563e-22,contraction
3152,3152,4.9659232145000005e-07,2013723.2498600001,13.796907470200001,-2623011805000,2623011805000,38962306180.800003,24.385860507521237,6.5873492596999998e-22,contraction
3153,3153,4.9431068698700004e-07,2023018.1786799999,13.796907470200001,-2647271903570,2647271903570,39322666506.599998,24.395066945455,6.4671670609099996e-22,contraction
3154,3154,4.9203953568100005e-07,2032356.0109399999,13.796907470200001,-2671756430350,2671756430350,39686360496.5,24.404273401287913,6.3491772862700004e-22,contraction
3155,3155,4.8977881936800001e-07,2041736.9446700001,13.796907470300001,-2696467461710,2696467461710,40053418993.300003,24.413479874939476,6.2333399456400001e-22,contraction
3156,3156,4.8752849010299995e-07,2051161.1788300001,13.796907470300001,-2721407093270,2721407093270,40423873125.099998,24.422686366327788,6.1196157782099998e-22,contraction
3157,3157,4.8528850016199996e-07,2060628.9132699999,13.796907470300001,-2746577440010,2746577440010,40797754307.900002,24.43189287536865,6.0079662391499996e-22,contraction
3158,3158,4.8305880204e-07,2070140.34879,13.796907470300001,-2771980636490,2771980636490,41175094248.699997,24.441099401986243,5.8983534866000001e-22,contraction
3159,3159,4.8083934845000004e-07,2079695.6871,13.796907470300001,-2797618837020,2797618837020,41555924947.5,24.450305946096179,5.7907403688299997e-22,contraction
3160,3160,4.7863009232299998e-07,2089295.1308500001,13.796907470300001,-2823494215830,2823494215830,41940278700.699997,24.459512507622236,5.68509041168e-22,contraction
3161,3161,4.7643098680500001e-07,2098938.88362,13.796907470300001,-2849608967280,2849608967280,42328188103.099998,24.468719086478551,5.5813678061799997e-22,contraction
3162,3162,4.7424198525999998e-07,2108627.1499299998,13.796907470300001,-2875965306040,2875965306040,42719686051.599998,24.477925682591945,5.4795373964199999e-22,contraction
3163,3163,4.7206304126400003e-07,2118360.1352499998,13.796907470300001,-2902565467250,2902565467250,43114805747.099998,24.487132295880734,5.3795646676599999e-22,contraction
3164,3164,4.6989410860500001e-07,2128138.0459799999,13.796907470300001,-2929411706750,2929411706750,43513580697.699997,24.496338926263913,5.2814157346500001e-22,contraction
3165,3165,4.67735141287e-07,2137961.0894999998,13.796907470300001,-2956506301240,2956506301240,43916044721.900002,24.50554557366932,5.1850573300899999e-22,contraction
3166,3166,4.6558609352300001e-07,2147829.47413,13.796907470300001,-2983851548480,2983851548480,44322231950.5,24.514752238011376,5.0904567934400004e-22,contraction
3167,3167,4.6344691973599998e-07,2157743.4091500002,13.796907470300001,-3011449767520,3011449767520,44732176830.699997,24.523958919218643,4.9975820598199999e-22,contraction
3168,3168,4.6131757456e-07,2167703.10482,13.796907470300001,-3039303298830,3039303298830,45145914128.099998,24.533165617212781,4.9064016491200001e-22,contraction
3169,3169,4.5919801283700002e-07,2177708.7723500002,13.796907470300001,-3067414504550,3067414504550,45563478929.800003,24.54237233191219,4.8168846554000003e-22,contraction
3170,3170,4.5708818961499999e-07,2187760.6239499999,13.796907470300001,-3095785768680,3095785768680,45984906648.099998,24.551579063247907,4.7290007363699999e-22,contraction
3171,3171,4.5498806014999998e-07,2197858.8727799999,13.796907470300001,-3124419497280,3124419497280,46410233022.300003,24.560785811137116,4.6427201031299998e-22,contraction
3172,3172,4.5289757990399998e-07,2208003.7330200002,13.796907470300001,-3153318118650,3153318118650,46839494122.800003,24.569992575506589,4.5580135100699996e-22,contraction
3173,3173,4.5081670454100001e-07,2218195.4197999998,13.796907470300001,-3182484083580,3182484083580,47272726353.699997,24.579199356282551,4.4748522449999999e-22,contraction
3174,3174,4.4874538993300001e-07,2228434.1492699999,13.796907470300001,-3211919865540,3211919865540,47709966455.699997,24.588406153386778,4.39320811935e-22,contraction
3175,3175,4.4668359215100001e-07,2238720.13857,13.796907470300001,-3241627960860,3241627960860,48151251509.699997,24.597612966746844,4.3130534587099998e-22,contraction
3176,3176,4.4463126746899999e-07,2249053.6058399999,13.796907470300001,-3271610888990,3271610888990,48596618939.5,24.606819796286722,4.2343610933800001e-22,contraction
3177,3177,4.4258837236300001e-07,2259434.7702199998,13.796907470300001,-3301871192680,3301871192680,49046106515.300003,24.616026641933594,4.1571043492100002e-22,contraction
3178,3178,4.4055486350700001e-07,2269863.85188,13.796907470300001,-3332411438210,3332411438210,49499752356.699997,24.625233503613593,4.08125703853e-22,contraction
3179,3179,4.3853069777499998e-07,2280341.0720000002,13.796907470300001,-3363234215600,3363234215600,49957594935.900002,24.634440381251196,4.0067934513399998e-22,contraction
3180,3180,4.3651583224000002e-07,2290866.65277,13.796907470300001,-3394342138850,3394342138850,50419673081.199997,24.643647274774018,3.9336883465200001e-22,contraction
3181,3181,4.34510224172e-07,2301440.8174100001,13.796907470300001,-3425737846120,3425737846120,50886025980.300003,24.652854184112794,3.8619169433199998e-22,contraction
3182,3182,4.3251383103500001e-07,2312063.79018,13.796907470300001,-3457424000000,3457424000000,51356693183.099998,24.662061109191058,3.7914549129999999e-22,contraction
3183,3183,4.30526610492e-07,2322735.79636,13.796907470300001,-3489403287710,3489403287710,51831714605.699997,24.671268049937915,3.7222783705100001e-22,contraction
3184,3184,4.2854852039699999e-07,2333457.0622800002,13.796907470300001,-3521678421320,3521678421320,52311130533.400002,24.680475006280442,3.6543638664499999e-22,contraction
3185,3185,4.2657951880200001e-07,2344227.8153200001,13.796907470300001,-3554252138030,3554252138030,52794981624.5,24.689681978151036,3.5876883791299999e-22,contraction
3186,3186,4.2461956394600001e-07,2355048.2839000002,13.796907470300001,-3587127200320,3587127200320,53283308913,24.698888965473131,3.5222293067399999e-22,contraction
3187,3187,4.2266861426600002e-07,2365918.6974900002,13.796907470300001,-3620306396250,3620306396250,53776153813.099998,24.708095968180576,3.4579644597099998e-22,contraction
3188,3188,4.2072662838399998e-07,2376839.2866199999,13.796907470300001,-3653792539690,3653792539690,54273558121.800003,24.717302986200348,3.3948720531999999e-22,contraction
3189,3189,4.1879356511800002e-07,2387810.2829100001,13.796907470300001,-3687588470540,3687588470540,54775564023,24.726510019463014,3.3329306996999999e-22,contraction
3190,3190,4.1686938346999999e-07,2398831.9190199999,13.796907470300001,-3721697054940,3721697054940,55282214090.900002,24.735717067899341,3.2721194018100002e-22,contraction
3191,3191,4.1495404263400002e-07,2409904.42869,13.796907470300001,-3756121185600,3756121185600,55793551293.599998,24.744924131440101,3.2124175450800001e-22,contraction
3192,3192,4.1304750198999998e-07,2421028.0467400001,13.796907470300001,-3790863781970,3790863781970,56309618996.599998,24.754131210013526,3.1538048910799999e-22,contraction
3193,3193,4.1114972110500002e-07,2432203.0090700001,13.796907470300001,-3825927790510,3825927790510,56830460966.900002,24.763338303552828,3.0962615705300002e-22,contraction
3194,3194,4.0926065973e-07,2443429.5526899998,13.796907470300001,-3861316184950,3861316184950,57356121376.300003,24.772545411988819,3.0397680765199998e-22,contraction
3195,3195,4.0738027780400001e-07,2454707.9156900002,13.796907470300001,-3897031966530,3897031966530,57886644805.400002,24.781752535254391,2.9843052579800001e-22,contraction
3196,3196,4.0550853544799998e-07,2466038.3372300002,13.796907470300001,-3933078164250,3933078164250,58422076247.099998,24.790959673279609,2.9298543131199998e-22,contraction
3197,3197,4.03645392968e-07,2477421.0576300002,13.796907470300001,-3969457835160,3969457835160,58962461110.800003,24.800166825998382,2.8763967831099998e-22,contraction
3198,3198,4.01790810849e-07,2488856.3182799998,13.796907470300001,-4006174064580,4006174064580,59507845225.900002,24.809373993342348,2.8239145457899998e-22,contraction
3199,3199,3.9994474976100001e-07,2500344.3616999998,13.796907470300001,-4043229966360,4043229966360,60058274846,24.818581175246234,2.7723898095500001e-22,contraction
3200,3200,3.9810717055299998e-07,2511885.43151,13.796907470300001,-4080628683200,4080628683200,60613796652.5,24.827788371642363,2.7218051073e-22,contraction
3201,3201,3.9627803425500002e-07,2523479.7724799998,13.796907470300001,-4118373386850,4118373386850,61174457758.699997,24.836995582463079,2.6721432905599999e-22,contraction
3202,3202,3.9445730207500001e-07,2535127.6305,13.796907470300001,-4156467278410,4156467278410,61740305713.900002,24.846202807642438,2.62338752362e-22,contraction
3203,3203,3.9264493539999999e-07,2546829.2525900002,13.796907470300001,-4194913588600,4194913588600,62311388507.5,24.855410047117203,2.5755212778700001e-22,contraction
3204,3204,3.9084089579199999e-07,2558584.8869099999,13.796907470300001,-4233715578030,4233715578030,62887754572.599998,24.864617300819262,2.5285283261699998e-22,contraction
3205,3205,3.8904514499400001e-07,2570394.7827699999,13.796907470300001,-4272876537490,4272876537490,63469452790.699997,24.873824568685162,2.4823927373700001e-22,contraction
3206,3206,3.8725764492199999e-07,2582259.1906300001,13.796907470300001,-4312399788220,4312399788220,64056532495.400002,24.883031850648969,2.4370988709200001e-22,contraction
3207,3207,3.8547835766599999e-07,2594178.3621200002,13.796907470300001,-4352288682150,4352288682150,64649043476.800003,24.8922391466457,2.3926313715499998e-22,contraction
3208,3208,3.8370724549199999e-07,2606152.5499999998,13.796907470300001,-4392546602290,4392546602290,65247035985.800003,24.901446456612465,2.3489751640800001e-22,contraction
3209,3209,3.8194427084e-07,2618182.0082200002,13.796907470300001,-4433176962880,4433176962880,65850560738,24.910653780482892,2.3061154483000001e-22,contraction
3210,3210,3.8018939632100002e-07,2630266.9918999998,13.796907470300001,-4474183209810,4474183209810,66459668918.599998,24.919861118196291,2.2640376939600002e-22,contraction
3211,3211,3.7844258471699999e-07,2642407.7573199999,13.796907470300001,-4515568820820,4515568820820,67074412186.099998,24.929068469687831,2.2227276358599998e-22,contraction
3212,3212,3.7670379898400002e-07,2654604.5619800002,13.796907470300001,-4557337305840,4557337305840,67694842677,24.938275834893442,2.1821712689999998e-22,contraction
3213,3213,3.74973002245e-07,2666857.6645200001,13.796907470300001,-4599492207260,4599492207260,68321013010.300003,24.947483213750935,2.14235484385e-22,contraction
3214,3214,3.7325015779599998e-07,2679167.3248200002,13.796907470300001,-4642037100270,4642037100270,68952976291.899994,24.956690606198986,2.1032648616599999e-22,contraction
3215,3215,3.71535229097e-07,2691533.8039299999,13.796907470300001,-4684975593120,4684975593120,69590786118.899994,24.965898012174197,2.0648880699300001e-22,contraction
3216,3216,3.6982817978000001e-07,2703957.36411,13.796907470300001,-4728311327460,4728311327460,70234496584.300003,24.975105431613365,2.0272114578799999e-22,contraction
3217,3217,3.68128973643e-07,2716438.26884,13.796907470300001,-4772047978620,4772047978620,70884162281.899994,24.98431286445788,1.9902222520599999e-22,contraction
3218,3218,3.6643757464799998e-07,2728976.7828099998,13.796907470300001,-4816189255950,4816189255950,71539838310.199997,24.993520310643333,1.95390791203e-22,contraction
3219,3219,3.6475394692599998e-07,2741573.1719300002,13.796907470300001,-4860738903110,4860738903110,72201580277.800003,25.002727770109818,1.91825612608e-22,contraction
3220,3220,3.6307805476999999e-07,2754227.70334,13.796907470300001,-4905700698410,4905700698410,72869444307.699997,25.011935242796039,1.8832548070999999e-22,contraction
3221,3221,3.6140986264000002e-07,2766940.6454099999,13.796907470300001,-4951078455090,4951078455090,73543487042.300003,25.02114272864263,1.84889208845e-22,contraction
3222,3222,3.5974933515600002e-07,2779712.2677600002,13.796907470300001,-4996876021720,4996876021720,74223765647.899994,25.030350227587967,1.81515631994e-22,contraction
3223,3223,3.58096437103e-07,2792542.84124,13.796907470300001,-5043097282430,5043097282430,74910337819.800003,25.039557739571645,1.7820360638999999e-22,contraction
3224,3224,3.56451133426e-07,2805432.6379499999,13.796907470300001,-5089746157330,5089746157330,75603261787.300003,25.04876526453582,1.74952009132e-22,contraction
3225,3225,3.54813389234e-07,2818381.93126,13.796907470300001,-5136826602760,5136826602760,76302596318.199997,25.057972802419361,1.717597378e-22,contraction
3226,3226,3.53183169792e-07,2831390.9958000001,13.796907470300001,-5184342611710,5184342611710,77008400724.199997,25.067180353163373,1.6862571008200001e-22,contraction
3227,3227,3.5156044052800001e-07,2844460.10745,13.796907470300001,-5232298214070,5232298214070,77720734865.800003,25.076387916709457,1.6554886341099999e-22,contraction
3228,3228,3.4994516702800002e-07,2857589.5433700001,13.796907470300001,-5280697477060,5280697477060,78439659157.300003,25.085595492998671,1.6252815460299999e-22,contraction
3229,3229,3.4833731503600002e-07,2870779.5820200001,13.796907470300001,-5329544505500,5329544505500,79165234572,25.094803081972536,1.5956255950299999e-22,contraction
3230,3230,3.46736850453e-07,2884030.5031300001,13.796907470300001,-5378843442210,5378843442210,79897522647.300003,25.104010683572124,1.5665107263500001e-22,contraction
3231,3231,3.4514373933600001e-07,2897342.5877,13.796907470300001,-5428598468320,5428598468320,80636585490.199997,25.113218297741547,1.5379270687e-22,contraction
3232,3232,3.4355794789999999e-07,2910716.1180699999,13.796907470300001,-5478813803670,5478813803670,81382485782,25.122425924420867,1.5098649308e-22,contraction
3233,3233,3.4197944251400001e-07,2924151.3778400002,13.796907470300001,-5529493707130,5529493707130,82135286784.300003,25.13163356355459,1.4823147982000001e-22,contraction
3234,3234,3.4040818970099998e-07,2937648.6519599999,13.796907470300001,-5580642476980,5580642476980,82895052343.800003,25.140841215084652,1.45526732999e-22,contraction
3235,3235,3.3884415613899998e-07,2951208.2266699998,13.796907470300001,-5632264451260,5632264451260,83661846898.100006,25.150048878955133,1.42871335565e-22,contraction
3236,3236,3.37287308659e-07,2964830.3895200002,13.796907470300001,-5684364008180,5684364008180,84435735480.800003,25.159256555107842,1.40264387196e-22,contraction
3237,3237,3.3573761424299998e-07,2978515.42943,13.796907470300001,-5736945566410,5736945566410,85216783727.399994,25.168464243486916,1.37705003992e-22,contraction
3238,3238,3.3419504002600002e-07,2992263.6366099999,13.796907470300001,-5790013585540,5790013585540,86005057880.800003,25.177671944037968,1.35192318178e-22,contraction
3239,3239,3.3265955329399998e-07,3006075.3026299998,13.796907470300001,-5843572566420,5843572566420,86800624796.600006,25.18687965670432,1.3272547780799999e-22,contraction
3240,3240,3.3113112148300002e-07,3019950.7204,13.796907470300001,-5897627051520,5897627051520,87603551948.899994,25.196087381428608,1.30303646479e-22,contraction
3241,3241,3.2960971217699999e-07,3033890.1841899999,13.796907470300001,-5952181625380,5952181625380,88413907436.5,25.205295118158205,1.2792600304500001e-22,contraction
3242,3242,3.2809529311300002e-07,3047893.9896300002,13.796907470400001,-6007240914920,6007240914920,89231759988,25.214502866837435,1.2559174133700001e-22,contraction
3243,3243,3.2658783217199998e-07,3061962.4336899999,13.796907470400001,-6062809589890,6062809589890,90057178967.800003,25.223710627409623,1.2330006989500001e-22,contraction
3244,3244,3.2508729738499998e-07,3076095.8147399998,13.796907470400001,-6118892363250,6118892363250,90890234382.5,25.232918399822804,1.2105021169600001e-22,contraction
3245,3245,3.2359365693000001e-07,3090294.4325100002,13.796907470400001,-6175493991550,6175493991550,91730996886.100006,25.242126184021483,1.1884140389099999e-22,contraction
3246,3246,3.2210687912799999e-07,3104558.58813,13.796907470400001,-6232619275360,6232619275360,92579537786.399994,25.251333979951202,1.16672897549e-22,contraction
3247,3247,3.2062693245100001e-07,3118888.58409,13.796907470400001,-6290273059680,6290273059680,93435929051.100006,25.260541787559042,1.1454395739900001e-22,contraction
3248,3248,3.1915378550999998e-07,3133284.72432,13.796907470400001,-6348460234310,6348460234310,94300243313.699997,25.2697496067914,1.1245386158500001e-22,contraction
3249,3249,3.1768740706499998e-07,3147747.3141000001,13.796907470400001,-6407185734330,6407185734330,95172553879.699997,25.278957437594432,1.1040190141599999e-22,contraction
3250,3250,3.1622776601700002e-07,3162276.66017,13.796907470400001,-6466454540450,6466454540450,96052934733,25.288165279915965,1.08387381134e-22,contraction
3251,3251,3.1477483141000001e-07,3176873.0706500001,13.796907470400001,-6526271679470,6526271679470,96941460541.800003,25.297373133701555,1.0640961767000001e-22,contraction
3252,3252,3.1332857243200001e-07,3191536.8550999998,13.796907470400001,-6586642224730,6586642224730,97838206665.5,25.306580998900394,1.04467940416e-22,contraction
3253,3253,3.1188895840900002e-07,3206268.3245100002,13.796907470400001,-6647571296470,6647571296470,98743249160.5,25.315788875459145,1.0256169099899999e-22,contraction
3254,3254,3.10455958813e-07,3221067.79128,13.796907470400001,-6709064062330,6709064062330,99656664787.100006,25.32499676332657,1.00690223057e-22,contraction
3255,3255,3.0902954325099999e-07,3235935.5693000001,13.796907470400001,-6771125737760,6771125737760,100578531016,25.334204662453331,9.8852902015799997e-23,contraction
3256,3256,3.07609681474e-07,3250871.9738500002,13.796907470400001,-6833761586460,6833761586460,101508926033,25.343412572773474,9.7049104881600002e-23,contraction
3257,3257,3.06196343369e-07,3265877.3217199999,13.796907470400001,-6896976920840,6896976920840,102447928751,25.3526204942576,9.5278220023499997e-23,contraction
3258,3258,3.0478949896300001e-07,3280951.9311299999,13.796907470400001,-6960777102460,6960777102460,103395618810,25.361828426846458,9.3539646969000002e-23,contraction
3259,3259,3.0338911841899998e-07,3296096.1217700001,13.796907470400001,-7025167542490,7025167542490,104352076586,25.371036370472861,9.1832796199800003e-23,contraction
3260,3260,3.0199517204000001e-07,3311310.21483,13.796907470400001,-7090153702170,7090153702170,105317383203,25.380244325111274,9.0157088952000002e-23,contraction
3261,3261,3.0060763026299999e-07,3326594.5329399998,13.796907470400001,-7155741093270,7155741093270,106291620532,25.389452290701765,8.8511957020300001e-23,contraction
3262,3262,2.99226463661e-07,3341949.40026,13.796907470400001,-7221935278540,7221935278540,107274871201,25.398660267180073,8.6896842564899996e-23,contraction
3263,3263,2.9785164294299999e-07,3357375.14243,13.796907470400001,-7288741872230,7288741872230,108267218606,25.407868254514653,8.5311197922799997e-23,contraction
3264,3264,2.9648313895199999e-07,3372872.08659,13.796907470400001,-7356166540520,7356166540520,109268746912,25.417076252649636,8.3754485422000001e-23,contraction
3265,3265,2.9512092266699998e-07,3388440.5613899999,13.796907470400001,-7424215002010,7424215002010,110279541064,25.426284261540935,8.2226177199200004e-23,contraction
3266,3266,2.93764965196e-07,3404080.89701,13.796907470400001,-7492893028220,7492893028220,111299686791,25.435492281126916,8.0725755020899999e-23,contraction
3267,3267,2.9241523778399999e-07,3419793.4251399999,13.796907470400001,-7562206444080,7562206444080,112329270618,25.444700311371296,7.9252710108099998e-23,contraction
3268,3268,2.9107171180699998e-07,3435578.4789999998,13.796907470400001,-7632161128410,7632161128410,113368379868,25.453908352214903,7.7806542963299996e-23,contraction
3269,3269,2.8973435876999998e-07,3451436.3933600001,13.796907470400001,-7702763014410,7702763014410,114417102673,25.463116403608122,7.6386763201500003e-23,contraction
3270,3270,2.8840315031300002e-07,3467367.50453,13.796907470400001,-7774018090190,7774018090190,115475527982,25.472324465515022,7.4992889383900004e-23,contraction
3271,3271,2.8707805820199999e-07,3483372.1503599999,13.796907470400001,-7845932399270,7845932399270,116543745565,25.481532537882298,7.3624448854799996e-23,contraction
3272,3272,2.8575905433699999e-07,3499450.6702800002,13.796907470400001,-7918512041090,7918512041090,117621846022,25.490740620651863,7.2280977581299995e-23,contraction
3273,3273,2.84446110745e-07,3515603.4052800001,13.796907470400001,-7991763171500,7991763171500,118709920794,25.499948713788989,7.0962019995999999e-23,contraction
3274,3274,2.8313919958000003e-07,3531830.6979200002,13.796907470400001,-8065692003350,8065692003350,119808062166,25.509156817241557,6.9667128842599999e-23,contraction
3275,3275,2.8183829312600001e-07,3548132.8923399998,13.796907470400001,-8140304806930,8140304806930,120916363277,25.518364930958818,6.8395865024300005e-23,contraction
3276,3276,2.80543363795e-07,3564510.3342599999,13.796907470400001,-8215607910580,8215607910580,122034918129,25.527573054900337,6.7147797455199999e-23,contraction
3277,3277,2.79254384124e-07,3580963.37103,13.796907470400001,-8291607701180,8291607701180,123163821592,25.5367811890114,6.5922502913399995e-23,contraction
3278,3278,2.7797132677600001e-07,3597492.3515599999,13.796907470400001,-8368310624700,8368310624700,124303169416,25.545989333255463,6.4719565898699994e-23,contraction
3279,3279,2.7669416454099999e-07,3614097.6264,13.796907470400001,-8445723186770,8445723186770,125453058234,25.555197487572503,6.3538578490699995e-23,contraction
3280,3280,2.7542287033400002e-07,3630779.5477,13.796907470400001,-8523851953190,8523851953190,126613585576,25.564405651925927,6.2379140211099997e-23,contraction
3281,3281,2.7415741719300002e-07,3647538.4692600002,13.796907470400001,-8602703550530,8602703550530,127784849874,25.573613826275906,6.12408578878e-23,contraction
3282,3282,2.7289777828100001e-07,3664374.7464800002,13.796907470400001,-8682284666670,8682284666670,128966950468,25.582822010561308,6.0123345521599995e-23,contraction
3283,3283,2.7164392688400002e-07,3681288.73643,13.796907470400001,-8762602051370,8762602051370,130159987620,25.592030204743484,5.90262241555e-23,contraction
3284,3284,2.70395836411e-07,3698280.7977999998,13.796907470400001,-8843662516830,8843662516830,131364062519,25.601238408778585,5.7949121746000005e-23,contraction
3285,3285,2.6915348039300002e-07,3715351.29097,13.796907470400001,-8925472938300,8925472938300,132579277290,25.610446622620948,5.6891673037100001e-23,contraction
3286,3286,2.67916832482e-07,3732500.5779599999,13.796907470400001,-9008040254620,9008040254620,133805735003,25.619654846225707,5.5853519436499997e-23,contraction
3287,3287,2.6668586645200002e-07,3749729.02245,13.796907470400001,-9091371468870,9091371468870,135043539682,25.628863079550644,5.48343088942e-23,contraction
3288,3288,2.6546055619799999e-07,3767036.9898399999,13.796907470400001,-9175473648880,9175473648880,136292796312,25.638071322542732,5.3833695782600004e-23,contraction
3289,3289,2.6424087573199998e-07,3784424.84717,13.796907470400001,-9260353927920,9260353927920,137553610851,25.647279575161097,5.2851340780199998e-23,contraction
3290,3290,2.6302679919e-07,3801892.9632100002,13.796907470400001,-9346019505230,9346019505230,138826090237,25.656487837362171,5.18869107558e-23,contraction
3291,3291,2.6181830082200003e-07,3819441.7083999999,13.796907470400001,-9432477646670,9432477646670,140110342398,25.665696109106452,5.0940078655800002e-23,contraction
3292,3292,2.60615355e-07,3837071.4549199999,13.796907470400001,-9519735685350,9519735685350,141406476260,25.67490439035015,5.00105233937e-23,contraction
3293,3293,2.5941793621200002e-07,3854782.5766599998,13.796907470400001,-9607801022190,9607801022190,142714601756,25.684112681043707,4.9097929740799998e-23,contraction
3294,3294,2.58226019063e-07,3872575.4492199998,13.796907470400001,-9696681126620,9696681126620,144034829837,25.6933209811437,4.82019882193e-23,contraction
3295,3295,2.5703957827699998e-07,3890450.4499400002,13.796907470400001,-9786383537180,9786383537180,145367272481,25.702529290609739,4.7322394997899998e-23,contraction
3296,3296,2.5585858869099998e-07,3908407.95792,13.796907470400001,-9876915862140,9876915862140,146712042702,25.711737609400938,4.6458851788299998e-23,contraction
3297,3297,2.5468302525899998e-07,3926448.3539999998,13.796907470400001,-9968285780190,9968285780190,148069254559,25.720945937471978,4.5611065744300001e-23,contraction
3298,3298,2.5351286304999999e-07,3944572.0207500001,13.796907470400001,-10060501041000,10060501041000,149439023167,25.730154274782187,4.47787493624e-23,contraction
3299,3299,2.5234807724799999e-07,3962779.3425500002,13.796907470400001,-10153569466200,10153569466200,150821464705,25.739362621283622,4.3961620384600003e-23,contraction
3300,3300,2.51188643151e-07,3981070.7055299999,13.796907470400001,-10247498949300,10247498949300,152216696429,25.748570976942084,4.3159401702299998e-23,contraction
3301,3301,2.5003453617e-07,3999446.49761,13.796907470400001,-10342297457400,10342297457400,153624836678,25.757779341710808,4.2371821262800001e-23,contraction
3302,3302,2.4888573182799998e-07,4017907.10849,13.796907470400001,-10437973030800,10437973030800,155046004886,25.766987715543685,4.1598611976699998e-23,contraction
3303,3303,2.47742205763e-07,4036452.9296800001,13.796907470400001,-10534533784700,10534533784700,156480321595,25.776196098413578,4.0839511627500001e-23,contraction
3304,3304,2.4660393372299998e-07,4055084.3544800002,13.796907470400001,-10631987909000,10631987909000,157927908457,25.785404490259388,4.0094262783000002e-23,contraction
3305,3305,2.4547089156899998e-07,4073801.7780399998,13.796907470400001,-10730343669600,10730343669600,159388888256,25.79461289106089,3.9362612707300001e-23,contraction
3306,3306,2.4434305526899998e-07,4092605.5973,13.796907470400001,-10829609408700,10829609408700,160863384906,25.80382130075969,3.8644313276000001e-23,contraction
3307,3307,2.4322040090700002e-07,4111496.21105,13.796907470400001,-10929793545800,10929793545800,162351523471,25.813029719319424,3.7939120891299998e-23,contraction
3308,3308,2.4210290467399997e-07,4130474.0199000002,13.796907470400001,-11030904578300,11030904578300,163853430173,25.822238146708845,3.7246796399900001e-23,contraction
3309,3309,2.40990542869e-07,4149539.4263399998,13.796907470400001,-11132951082300,11132951082300,165369232399,25.831446582879174,3.6567105011900001e-23,contraction
3310,3310,2.3988329190200001e-07,4168692.8347,13.796907470400001,-11235941713000,11235941713000,166899058715,25.840655027784038,3.58998162208e-23,contraction
3311,3311,2.3878112829100001e-07,4187934.65118,13.796907470400001,-11339885206000,11339885206000,168443038880,25.849863481397747,3.5244703725899998e-23,contraction
3312,3312,2.37684028662e-07,4207265.2838399997,13.796907470400001,-11444790377500,11444790377500,170001303850,25.859071943673143,3.4601545355299998e-23,contraction
3313,3313,2.36591969749e-07,4226685.1426600004,13.796907470400001,-11550666125300,11550666125300,171573985793,25.868280414565252,3.39701229903e-23,contraction
3314,3314,2.3550492839000001e-07,4246194.6394600002,13.796907470400001,-11657521429600,11657521429600,173161218103,25.877488894047307,3.3350222492099997e-23,contraction
3315,3315,2.3442288153200001e-07,4265794.1880200002,13.796907470400001,-11765365353800,11765365353800,174763135404,25.886697382068064,3.2741633628600003e-23,contraction
3316,3316,2.33345806228e-07,4285484.2039700001,13.796907470400001,-11874207044800,11874207044800,176379873568,25.895905878590224,3.2144150003499999e-23,contraction
3317,3317,2.3227367963599999e-07,4305265.1049199998,13.796907470400001,-11984055734500,11984055734500,178011569725,25.905114383581246,3.1557568986199999e-23,contraction
3318,3318,2.3120647901800001e-07,4325137.3103499999,13.796907470400001,-12094920740000,12094920740000,179658362272,25.914322896998478,3.0981691643100003e-23,contraction
3319,3319,2.3014418174100001e-07,4345101.2417200003,13.796907470400001,-12206811464800,12206811464800,181320390887,25.923531418802089,3.0416322669999998e-23,contraction
3320,3320,2.2908676527700001e-07,4365157.3223999999,13.796907470400001,-12319737399200,12319737399200,182997796541,25.932739948955778,2.9861270326199999e-23,contraction
3321,3321,2.2803420719999999e-07,4385305.9777499996,13.796907470400001,-12433708121400,12433708121400,184690721509,25.941948487421435,2.9316346369299998e-23,contraction
3322,3322,2.26986485188e-07,4405547.6350699998,13.796907470400001,-12548733298300,12548733298300,186399309381,25.951157034153486,2.8781365991299999e-23,contraction
3323,3323,2.2594357702199999e-07,4425882.7236299999,13.796907470400001,-12664822686100,12664822686100,188123705079,25.960365589124866,2.8256147756199999e-23,contraction
3324,3324,2.2490546058400001e-07,4446311.6746899998,13.796907470400001,-12781986131400,12781986131400,189864054863,25.969574152293038,2.7740513538300001e-23,contraction
3325,3325,2.23872113857e-07,4466834.9215099998,13.796907470400001,-12900233571800,12900233571800,191620506347,25.978782723619464,2.72342884617e-23,contraction
3326,3326,2.22843514927e-07,4487452.8993300004,13.796907470400001,-13019575036900,13019575036900,193393208511,25.987991303066696,2.6737300841400001e-23,contraction
3327,3327,2.2181964198e-07,4508166.0454099998,13.796907470400001,-13140020649100,13140020649100,195182311714,25.997199890600243,2.6249382124700001e-23,contraction
3328,3328,2.20800473302e-07,4528974.79904,13.796907470400001,-13261580624500,13261580624500,196987967706,26.006408486184569,2.5770366834100001e-23,contraction
3329,3329,2.1978598727800001e-07,4549879.6014999999,13.796907470400001,-13384265273700,13384265273700,198810329639,26.015617089773741,2.5300092511500001e-23,contraction
3330,3330,2.18776162395e-07,4570880.8961500004,13.796907470400001,-13508085002600,13508085002600,200649552085,26.024825701336884,2.48383996629e-23,contraction
3331,3331,2.1777097723499999e-07,4591979.12837,13.796907470400001,-13633050313500,13633050313500,202505791046,26.034034320842121,2.4385131704100001e-23,contraction
3332,3332,2.16770410482e-07,4613174.7456,13.796907470400001,-13759171805900,13759171805900,204379203965,26.043242948245698,2.3940134907999999e-23,contraction
3333,3333,2.15774440915e-07,4634468.1973599996,13.796907470400001,-13886460177200,13886460177200,206269949743,26.052451583510209,2.3503258352399999e-23,contraction
3334,3334,2.1478304741299999e-07,4655859.9352299999,13.796907470400001,-14014926224000,14014926224000,208178188753,26.061660226606797,2.3074353868699999e-23,contraction
3335,3335,2.1379620895e-07,4677350.4128700001,13.796907470400001,-14144580842700,14144580842700,210104082850,26.070868877497649,2.2653275991700001e-23,contraction
3336,3336,2.12813904598e-07,4698940.08605,13.796907470400001,-14275435030400,14275435030400,212047795386,26.080077536142369,2.2239881910199999e-23,contraction
3337,3337,2.11836113525e-07,4720629.4126399998,13.796907470400001,-14407499886200,14407499886200,214009491226,26.089286202508127,2.1834031418799999e-23,contraction
3338,3338,2.10862814993e-07,4742418.8525999999,13.796907470400001,-14540786611700,14540786611700,215989336760,26.098494876560142,2.1435586870199999e-23,contraction
3339,3339,2.0989398836199999e-07,4764308.8680499997,13.796907470400001,-14675306512200,14675306512200,217987499917,26.107703558261235,2.1044413128500001e-23,contraction
3340,3340,2.08929613085e-07,4786299.9232299998,13.796907470400001,-14811070997600,14811070997600,220004150181,26.116912247579933,2.0660377523699999e-23,contraction
3341,3341,2.0796966871e-07,4808392.4845000003,13.796907470400001,-14948091583400,14948091583400,222039458603,26.126120944479506,2.0283349806099999e-23,contraction
3342,3342,2.0701413487900001e-07,4830587.0203999998,13.796907470400001,-15086379891600,15086379891600,224093597817,26.135329648924859,1.9913202102700001e-23,contraction
3343,3343,2.0606299132700001e-07,4852884.0016200002,13.796907470400001,-15225947651900,15225947651900,226166742054,26.144538360879626,1.95498088736e-23,contraction
3344,3344,2.0511621788299999e-07,4875283.9010300003,13.796907470400001,-15366806702200,15366806702200,228259067158,26.153747080311565,1.9193046869499999e-23,contraction
3345,3345,2.04173794467e-07,4897787.1936799996,13.796907470400001,-15508968990300,15508968990300,230370750600,26.162955807188414,1.8842795089899999e-23,contraction
3346,3346,2.0323570109399999e-07,4920394.3568099998,13.796907470400001,-15652446574300,15652446574300,232501971491,26.172164541469055,1.8498934742099999e-23,contraction
3347,3347,2.02301917868e-07,4943105.8698699996,13.796907470400001,-15797251623900,15797251623900,234652910603,26.181373283128661,1.81613492007e-23,contraction
3348,3348,2.0137242498599999e-07,4965922.2144999998,13.796907470400001,-15943396421600,15943396421600,236823750376,26.19058203212278,1.7829923968300001e-23,contraction
3349,3349,2.0044720273699999e-07,4988843.8745999997,13.796907470400001,-16090893363300,16090893363300,239014674943,26.199790788428079,1.75045466368e-23,contraction
3350,3350,1.99526231497e-07,5011871.3362699999,13.796907470400001,-16239754959700,16239754959700,241225870137,26.208999552005643,1.7185106848899999e-23,contraction
3351,3351,1.9860949173599999e-07,5035005.0878799995,13.796907470400001,-16389993837200,16389993837200,243457523512,26.218208322823223,1.68714962608e-23,contraction
3352,3352,1.97696964011e-07,5058245.6200299999,13.796907470400001,-16541622739200,16541622739200,245709824356,26.227417100843063,1.65636085059e-23,contraction
3353,3353,1.9678862897100001e-07,5081593.4256100003,13.796907470400001,-16694654526800,16694654526800,247982963712,26.236625886042127,1.6261339158100001e-23,contraction
3354,3354,1.9588446735100001e-07,5105048.9997500004,13.796907470400001,-16849102180200,16849102180200,250277134386,26.245834678378614,1.5964585696599999e-23,contraction
3355,3355,1.94984459976e-07,5128612.8399099996,13.796907470400001,-17004978799700,17004978799700,252592530971,26.255043477823108,1.5673247471300001e-23,contraction
3356,3356,1.9408858775899999e-07,5152285.44582,13.796907470400001,-17162297606800,17162297606800,254929349860,26.264252284344249,1.5387225668799999e-23,contraction
3357,3357,1.93196831702e-07,5176067.3195099998,13.796907470400001,-17321071945400,17321071945400,257287789263,26.273461097910157,1.5106423278300001e-23,contraction
3358,3358,1.9230917289100001e-07,5199958.9653399996,13.796907470400001,-17481315282800,17481315282800,259668049222,26.282669918481474,1.48307450593e-23,contraction
3359,3359,1.9142559250199999e-07,5223960.8899900001,13.796907470400001,-17643041210800,17643041210800,262070331634,26.291878746034719,1.4560097509e-23,contraction
3360,3360,1.9054607179599999e-07,5248073.6025,13.796907470400001,-17806263447100,17806263447100,264494840260,26.301087580530861,1.4294388830600001e-23,contraction
3361,3361,1.8967059212099999e-07,5272297.6142300004,13.796907470400001,-17970995836500,17970995836500,266941780750,26.310296421944916,1.40335289025e-23,contraction
3362,3362,1.8879913491000001e-07,5296633.4389199996,13.796907470400001,-18137252351400,18137252351400,269411360653,26.319505270237695,1.3777429247199999e-23,contraction
3363,3363,1.8793168168000001e-07,5321081.5926700002,13.796907470400001,-18305047094000,18305047094000,271903789443,26.328714125387314,1.35260030019e-23,contraction
3364,3364,1.8706821403699999e-07,5345642.5939699998,13.796907470400001,-18474394296700,18474394296700,274419278527,26.337922987352826,1.3279164888299999e-23,contraction
3365,3365,1.86208713666e-07,5370316.9637000002,13.796907470400001,-18645308323700,18645308323700,276958041271,26.347131856104212,1.3036831184500001e-23,contraction
3366,3366,1.8535316234099999e-07,5395105.2251500003,13.796907470400001,-18817803672000,18817803672000,279520293017,26.356340731617955,1.27989196961e-23,contraction
3367,3367,1.8450154191800001e-07,5420007.9040200002,13.796907470400001,-18991894972800,18991894972800,282106251095,26.365549613854544,1.2565349728400001e-23,contraction
3368,3368,1.8365383433499999e-07,5445025.5284200003,13.796907470400001,-19167596992800,19167596992800,284716134849,26.374758502785763,1.2336042059199999e-23,contraction
3369,3369,1.82810021614e-07,5470158.6289400002,13.796907470400001,-19344924635000,19344924635000,287350165653,26.383967398385117,1.21109189117e-23,contraction
3370,3370,1.8197008586099999e-07,5495407.7385799997,13.796907470400001,-19523892940700,19523892940700,290008566926,26.393176300614737,1.1889903928299999e-23,contraction
3371,3371,1.8113400926199999e-07,5520773.3928100001,13.796907470400001,-19704517090100,19704517090100,292691564158,26.402385209449971,1.16729221447e-23,contraction
3372,3372,1.8030177408599999e-07,5546256.1295800004,13.796907470400001,-19886812403900,19886812403900,295399384923,26.411594124858041,1.14598999644e-23,contraction
3373,3373,1.7947336268300001e-07,5571856.4893199997,13.796907470400001,-20070794344700,20070794344700,298132258902,26.420803046810835,1.12507651339e-23,contraction
3374,3374,1.7864875748499999e-07,5597575.0149499997,13.796907470400001,-20256478517900,20256478517900,300890417899,26.430011975273093,1.1045446717900001e-23,contraction
3375,3375,1.77827941004e-07,5623412.2518999996,13.796907470400001,-20443880673600,20443880673600,303674095866,26.439220910220335,1.08438750754e-23,contraction
3376,3376,1.77010895832e-07,5649368.7481199997,13.796907470400001,-20633016707400,20633016707400,306483528918,26.448429851622553,1.0645981836500001e-23,contraction
3377,3377,1.7619760464100001e-07,5675445.0540899998,13.796907470400001,-20823902662100,20823902662100,309318955354,26.457638799447611,1.04516998783e-23,contraction
3378,3378,1.7538805018399999e-07,5701641.7228100002,13.796907470400001,-21016554729000,21016554729000,312180615678,26.466847753663856,1.02609633031e-23,contraction
3379,3379,1.74582215292e-07,5727959.3098600004,13.796907470400001,-21210989248900,21210989248900,315068752622,26.476056714248358,1.00737074154e-23,contraction
3380,3380,1.7378008287500001e-07,5754398.3733700002,13.796907470400001,-21407222714200,21407222714200,317983611161,26.48526568116894,9.8898687001000002e-24,contraction
3381,3381,1.72981635922e-07,5780959.4740599999,13.796907470400001,-21605271769600,21605271769600,320925438537,26.494474654394615,9.7093848013099996e-24,contraction
3382,3382,1.7218685749899999e-07,5807643.17521,13.796907470400001,-21805153214000,21805153214000,323894484281,26.503683633898735,9.5321945007500005e-24,contraction
3383,3383,1.7139573075100001e-07,5834450.0427400004,13.796907470400001,-22006884001600,22006884001600,326891000232,26.512892619652142,9.3582376972400002e-24,contraction
3384,3384,1.7060823890000001e-07,5861380.6451399997,13.796907470400001,-22210481243600,22210481243600,329915240559,26.522101611625242,9.1874553862300007e-24,contraction
3385,3385,1.6982436524599999e-07,5888435.5535599999,13.796907470400001,-22415962209300,22415962209300,332967461783,26.531310609789326,9.0197896398300001e-24,contraction
3386,3386,1.6904409316400001e-07,5915615.3417499997,13.796907470400001,-22623344328200,22623344328200,336047922800,26.54051961412025,8.85518358717e-24,contraction
3387,3387,1.6826740610700001e-07,5942920.5861600004,13.796907470400001,-22832645190600,22832645190600,339156884898,26.549728624583576,8.6935813950799996e-24,contraction
3388,3388,1.6749428760299999e-07,5970351.8658400001,13.796907470400001,-23043882549800,23043882549800,342294611785,26.558937641152113,8.5349282491700005e-24,contraction
3389,3389,1.6672472125500001e-07,5997909.7625599997,13.796907470400001,-23257074323400,23257074323400,345461369610,26.568146663801617,8.3791703352600007e-24,contraction
3390,3390,1.6595869074399999e-07,6025594.8607400004,13.796907470400001,-23472238594700,23472238594700,348657426982,26.577355692500412,8.2262548211299995e-24,contraction
3391,3391,1.6519617982300001e-07,6053407.7475399999,13.796907470400001,-23689393614300,23689393614300,351883054998,26.586564727224538,8.0761298385499997e-24,contraction
3392,3392,1.6443717232099999e-07,6081349.0127900001,13.796907470400001,-23908557801800,23908557801800,355138527261,26.595773767943346,7.9287444657700004e-24,contraction
3393,3393,1.63681652143e-07,6109419.2490600003,13.796907470400001,-24129749747100,24129749747100,358424119907,26.604982814630375,7.7840487101999994e-24,contraction
3394,3394,1.6292960326400001e-07,6137619.0516499998,13.796907470400001,-24352988212100,24352988212100,361740111626,26.61419186725648,7.64199349145e-24,contraction
3395,3395,1.62181009736e-07,6165949.0186099997,13.796907470400001,-24578292132400,24578292132400,365086783689,26.623400925799139,7.5025306247400004e-24,contraction
3396,3396,1.6143585568300001e-07,6194409.7507699998,13.796907470400001,-24805680618700,24805680618700,368464419965,26.632609990223557,7.3656128044900007e-24,contraction
3397,3397,1.6069412530100001e-07,6223001.8516899999,13.796907470400001,-25035172958700,25035172958700,371873306955,26.641819060509892,7.2311935883399999e-24,contraction
3398,3398,1.5995580286099999e-07,6251725.9277600003,13.796907470400001,-25266788618400,25266788618400,375313733807,26.651028136627801,7.0992273813599995e-24,contraction
3399,3399,1.5922087270500001e-07,6280582.58813,13.796907470400001,-25500547243800,25500547243800,378785992347,26.660237218554002,6.9696694205900001e-24,contraction
3400,3400,1.58489319246e-07,6309572.4447999997,13.796907470400001,-25736468663100,25736468663100,382290377098,26.669446306256908,6.8424757598899994e-24,contraction
3401,3401,1.5776112696999999e-07,6338696.1125699999,13.796907470400001,-25974572887500,25974572887500,385827185310,26.67865539971001,6.7176032549999999e-24,contraction
3402,3402,1.57036280433e-07,6367954.2090800004,13.796907470400001,-26214880113600,26214880113600,389396716985,26.687864498891084,6.5950095489300004e-24,contraction
3403,3403,1.56314764264e-07,6397347.3548299996,13.796907470400001,-26457410724900,26457410724900,392999274899,26.697073603773259,6.47465305759e-24,contraction
3404,3404,1.5559656316099999e-07,6426876.1731700003,13.796907470400001,-26702185293400,26702185293400,396635164629,26.706282714328506,6.3564929556900001e-24,contraction
3405,3405,1.54881661891e-07,6456541.2903500004,13.796907470400001,-26949224581500,26949224581500,400304694580,26.715491830530429,6.2404891628899997e-24,contraction
3406,3406,1.5417004529499999e-07,6486343.3354799999,13.796907470400001,-27198549543600,27198549543600,404008176011,26.724700952353771,6.1266023302200003e-24,contraction
3407,3407,1.5346169827999999e-07,6516282.9406099999,13.796907470400001,-27450181328200,27450181328200,407745923060,26.73391007977094,6.0147938266900003e-24,contraction
3408,3408,1.52756605824e-07,6546360.7406700002,13.796907470400001,-27704141279300,27704141279300,411518252774,26.743119212760245,5.9050257262799997e-24,contraction
3409,3409,1.52054752973e-07,6576577.3735499997,13.796907470400001,-27960450938400,27960450938400,415325485132,26.752328351296281,5.7972607949799999e-24,contraction
3410,3410,1.5135612484400001e-07,6606933.4800800001,13.796907470400001,-28219132046500,28219132046500,419167943071,26.761537495347362,5.6914624782100001e-24,contraction
3411,3411,1.50660706619e-07,6637429.7040200001,13.796907470400001,-28480206545500,28480206545500,423045952521,26.770746644893777,5.5875948884399999e-24,contraction
3412,3412,1.4996848355e-07,6668066.6921399999,13.796907470400001,-28743696580600,28743696580600,426959842425,26.779955799909356,5.4856227929799997e-24,contraction
3413,3413,1.4927944095800001e-07,6698845.0941700004,13.796907470400001,-29009624501600,29009624501600,430909944770,26.789164960368954,5.3855116020500001e-24,contraction
3414,3414,1.4859356422900001e-07,6729765.5628399998,13.796907470400001,-29278012865400,29278012865400,434896594614,26.798374126245722,5.2872273570600003e-24,contraction
3415,3415,1.4791083881699999e-07,6760828.75392,13.796907470400001,-29548884437300,29548884437300,438920130117,26.807583297517066,5.1907367190499996e-24,contraction
3416,3416,1.47231250243e-07,6792035.3261700002,13.796907470400001,-29822262193500,29822262193500,442980892566,26.816792474156149,5.0960069574500003e-24,contraction
3417,3417,1.46554784096e-07,6823385.94142,13.796907470400001,-30098169322800,30098169322800,447079226407,26.826001656138892,5.0030059389200002e-24,contraction
3418,3418,1.4588142602799999e-07,6854881.2645300003,13.796907470400001,-30376629228300,30376629228300,451215479274,26.835210843443388,4.9117021164999999e-24,contraction
3419,3419,1.4521116175900001e-07,6886521.9634400001,13.796907470400001,-30657665529800,30657665529800,455390002015,26.844420036042123,4.8220645188700002e-24,contraction
3420,3420,1.44543977075e-07,6918308.7091899998,13.796907470400001,-30941302065800,30941302065800,459603148726,26.853629233911469,4.7340627398500001e-24,contraction
3421,3421,1.4387985782600001e-07,6950242.1758899996,13.796907470400001,-31227562895100,31227562895100,463855276779,26.862838437027122,4.6476669281400002e-24,contraction
3422,3422,1.4321878992699999e-07,6982323.0407699998,13.796907470400001,-31516472299400,31516472299400,468146746853,26.872047645365587,4.5628477771199999e-24,contraction
3423,3423,1.4256075935999999e-07,7014551.9841999998,13.796907470400001,-31808054784700,31808054784700,472477922964,26.881256858902901,4.4795765149699998e-24,contraction
3424,3424,1.4190575216899999e-07,7046929.6896700002,13.796907470400001,-32102335084000,32102335084000,476849172496,26.890466077614892,4.3978248948899997e-24,contraction
3425,3425,1.41253754462e-07,7079456.8438400002,13.796907470400001,-32399338159100,32399338159100,481260866233,26.899675301478954,4.3175651855e-24,contraction
3426,3426,1.4060475241300001e-07,7112134.1365299998,13.796907470400001,-32699089202900,32699089202900,485713378388,26.908884530468899,4.23877016149e-24,contraction
3427,3427,1.3995873225700001e-07,7144962.26076,13.796907470400001,-33001613641200,33001613641200,490207086639,26.918093764563835,4.1614130943200003e-24,contraction
3428,3428,1.3931568029500001e-07,7177941.9127099998,13.796907470400001,-33306937135000,33306937135000,494742372157,26.927303003739745,4.0854677432099996e-24,contraction
3429,3429,1.3867558288699999e-07,7211073.7918299995,13.796907470400001,-33615085583000,33615085583000,499319619639,26.936512247970981,4.0109083461899998e-24,contraction
3430,3430,1.3803842646e-07,7244358.6007500002,13.796907470400001,-33926085123400,33926085123400,503939217344,26.945721497237017,3.9377096114200001e-24,contraction
3431,3431,1.3740419750100001e-07,7277797.0453700004,13.796907470400001,-34239962136200,34239962136200,508601557122,26.954930751514485,3.86584670857e-24,contraction
3432,3432,1.3677288256e-07,7311389.8348300001,13.796907470400001,-34556743245600,34556743245600,513307034448,26.964140010778788,3.7952952604e-24,contraction
3433,3433,1.36144468247e-07,7345137.68157,13.796907470400001,-34876455322000,34876455322000,518056048458,26.973349275008889,3.7260313345200003e-24,contraction
3434,3434,1.3551894123500001e-07,7379041.3012899999,13.796907470400001,-35199125484500,35199125484500,522849001980,26.982558544181689,3.6580314352500003e-24,contraction
3435,3435,1.34896288259e-07,7413101.4130100003,13.796907470400001,-35524781103200,35524781103200,527686301568,26.991767818271811,3.59127249566e-24,contraction
3436,3436,1.34276496114e-07,7447318.7390599996,13.796907470400001,-35853449801300,35853449801300,532568357541,27.000977097260158,3.5257318697399997e-24,contraction
3437,3437,1.33659551655e-07,7481694.0051100003,13.796907470400001,-36185159457800,36185159457800,537495584012,27.01018638112285,3.4613873247300002e-24,contraction
3438,3438,1.3304544179800001e-07,7516227.9401799999,13.796907470400001,-36519938209500,36519938209500,542468398926,27.019395669836729,3.3982170335600001e-24,contraction
3439,3439,1.3243415351899999e-07,7550921.2766500004,13.796907470400001,-36857814453500,36857814453500,547487224097,27.028604963382154,3.3361995674799998e-24,contraction
3440,3440,1.3182567385599999e-07,7585774.7502899999,13.796907470400001,-37198816849700,37198816849700,552552485239,27.037814261734187,3.2753138887599999e-24,contraction
3441,3441,1.3121998990200001e-07,7620789.1002500001,13.796907470400001,-37542974323300,37542974323300,557664612007,27.047023564871608,3.2155393435599999e-24,contraction
3442,3442,1.30617088813e-07,7655965.0691099996,13.796907470400001,-37890316067000,37890316067000,562824038031,27.056232872772402,3.1568556549600001e-24,contraction
3443,3443,1.3001695780299999e-07,7691303.4028700003,13.796907470400001,-38240871543700,38240871543700,568031200953,27.065442185414177,3.09924291603e-24,contraction
3444,3444,1.29419584145e-07,7726804.8509600004,13.796907470400001,-38594670488800,38594670488800,573286542465,27.074651502775712,3.0426815831100002e-24,contraction
3445,3445,1.28824955169e-07,7762470.1662900001,13.796907470400001,-38951742913000,38951742913000,578590508346,27.083860824836087,2.9871524691800001e-24,contraction
3446,3446,1.2823305826600001e-07,7798300.1052299999,13.796907470400001,-39312119104500,39312119104500,583943548500,27.09307015157502,2.9326367373400001e-24,contraction
3447,3447,1.2764388088099999e-07,7834295.4276599996,13.796907470400001,-39675829631900,39675829631900,589346116991,27.10227948296744,2.87911589444e-24,contraction
3448,3448,1.2705741052099999e-07,7870456.89695,13.796907470400001,-40042905346500,40042905346500,594798672087,27.111488818992932,2.8265717847900002e-24,contraction
3449,3449,1.2647363474699999e-07,7906785.2800000003,13.796907470400001,-40413377385300,40413377385300,600301676297,27.120698159632425,2.774986584e-24,contraction
3450,3450,1.2589254117900001e-07,7943281.34724,13.796907470400001,-40787277173000,40787277173000,605855596406,27.129907504861134,2.72434279296e-24,contraction
3451,3451,1.25314117494e-07,7979945.87268,13.796907470400001,-41164636425600,41164636425600,611460903523,27.139116854662557,2.6746232318800002e-24,contraction
3452,3452,1.2473835142399999e-07,8016779.6338799996,13.796907470400001,-41545487152000,41545487152000,617118073111,27.148326209011966,2.6258110344600001e-24,contraction
3453,3453,1.2416523075900001e-07,8053783.4119899999,13.796907470400001,-41929861657700,41929861657700,622827585036,27.157535567890712,2.5778896421999999e-24,contraction
3454,3454,1.23594743344e-07,8090957.9917799998,13.796907470400001,-42317792546900,42317792546900,628589923601,27.166744931275257,2.5308427987599999e-24,contraction
3455,3455,1.23026877081e-07,8128304.1616399996,13.796907470400001,-42709312725600,42709312725600,634405577594,27.175954299148326,2.4846545444300001e-24,contraction
3456,3456,1.22461619927e-07,8165822.7135899998,13.796907470400001,-43104455404100,43104455404100,640275040323,27.185163671488517,2.4393092107700001e-24,contraction
3457,3457,1.21898959892e-07,8203514.4433000004,13.796907470400001,-43503254100100,43503254100100,646198809659,27.194373048272283,2.3947914152399998e-24,contraction
3458,3458,1.2133888504600001e-07,8241380.15013,13.796907470400001,-43905742641600,43905742641600,652177388084,27.203582429482879,2.3510860560099999e-24,contraction
3459,3459,1.2078138351100001e-07,8279420.6371200001,13.796907470400001,-44311955169200,44311955169200,658211282726,27.212791815098463,2.30817830684e-24,contraction
3460,3460,1.2022644346200001e-07,8317636.7110299999,13.796907470400001,-44721926139800,44721926139800,664301005407,27.222001205099826,2.2660536120499999e-24,contraction
3461,3461,1.19674053131e-07,8356029.1823100001,13.796907470400001,-45135690328800,45135690328800,670447072682,27.231210599463708,2.2246976815599999e-24,contraction
3462,3462,1.1912420080300001e-07,8394598.8651899993,13.796907470400001,-45553282833600,45553282833600,676650005891,27.240419998175053,2.1840964860700001e-24,contraction
3463,3463,1.18576874817e-07,8433346.5776400007,13.796907470400001,-45974739076200,45974739076200,682910331191,27.249629401208743,2.14423625229e-24,contraction
3464,3464,1.18032063565e-07,8472273.1414100006,13.796907470400001,-46400094806400,46400094806400,689228579613,27.258838808548024,2.10510345829e-24,contraction
3465,3465,1.17489755494e-07,8511379.3820200004,13.796907470400001,-46829386105000,46829386105000,695605287100,27.268048220173963,2.0666848288800001e-24,contraction
3466,3466,1.16949939102e-07,8550666.12885,13.796907470400001,-47262649386200,47262649386200,702040994551,27.277257636063492,2.0289673311000002e-24,contraction
3467,3467,1.16412602941e-07,8590134.2150500007,13.796907470400001,-47699921401400,47699921401400,708536247874,27.286467056199637,1.99193816987e-24,contraction
3468,3468,1.15877735616e-07,8629784.4776700009,13.796907470400001,-48141239242200,48141239242200,715091598026,27.295676480562417,1.95558478355e-24,contraction
3469,3469,1.15345325782e-07,8669617.7575800009,13.796907470400001,-48586640343000,48586640343000,721707601062,27.304885909132125,1.9198948397800002e-24,contraction
3470,3470,1.1481536214999999e-07,8709634.8995600007,13.796907470400001,-49036162485000,49036162485000,728384818182,27.314095341889079,1.8848562312100002e-24,contraction
3471,3471,1.14287833479e-07,8749836.7522700001,13.796907470400001,-49489843798700,49489843798700,735123815780,27.323304778815526,1.8504570714600001e-24,contraction
3472,3472,1.1376272858199999e-07,8790224.1683099996,13.796907470400001,-49947722767500,49947722767500,741925165488,27.332514219890104,1.8166856910300001e-24,contraction
3473,3473,1.13240036324e-07,8830798.0041899998,13.796907470400001,-50409838230800,50409838230800,748789444230,27.341723665095365,1.78353063339e-24,contraction
3474,3474,1.12719745618e-07,8871559.1203799993,13.796907470400001,-50876229387500,50876229387500,755717234267,27.350933114412392,1.7509806510799999e-24,contraction
3475,3475,1.1220184543e-07,8912508.3813400008,13.796907470400001,-51346935799200,51346935799200,762709123247,27.360142567821647,1.7190247018900001e-24,contraction
3476,3476,1.11686324778e-07,8953646.6555000003,13.796907470400001,-51821997393500,51821997393500,769765704256,27.369352025304519,1.68765194509e-24,contraction
3477,3477,1.11173172728e-07,8994974.8153000008,13.796907470400001,-52301454467300,52301454467300,776887575868,27.378561486842877,1.6568517378199999e-24,contraction
3478,3478,1.10662378398e-07,9036493.7372200005,13.796907470400001,-52785347690600,52785347690600,784075342194,27.38777095241678,1.6266136314099999e-24,contraction
3479,3479,1.1015393095400001e-07,9078204.3017800003,13.796907470400001,-53273718109600,53273718109600,791329612937,27.396980422009314,1.59692736787e-24,contraction
3480,3480,1.09647819614e-07,9120107.3935599998,13.796907470400001,-53766607150300,53766607150300,798651003439,27.406189895600544,1.5677828764e-24,contraction
3481,3481,1.09144033645e-07,9162203.9012199994,13.796907470400001,-54264056621900,54264056621900,806040134737,27.41539937317237,1.53917027e-24,contraction
3482,3482,1.0864256236200001e-07,9204494.7175299991,13.796907470400001,-54766108720700,54766108720700,813497633615,27.424608854707603,1.51107984207e-24,contraction
3483,3483,1.0814339513e-07,9246980.7393800002,13.796907470400001,-55272806033300,55272806033300,821024132655,27.433818340187301,1.4835020631600001e-24,contraction
3484,3484,1.07646521363e-07,9289662.8677999992,13.796907470400001,-55784191540200,55784191540200,828620270293,27.443027829593653,1.4564275777099999e-24,contraction
3485,3485,1.07151930524e-07,9332542.0079699997,13.796907470400001,-56300308619800,56300308619800,836286690871,27.452237322907365,1.4298472009e-24,contraction
3486,3486,1.06659612123e-07,9375619.0692599993,13.796907470400001,-56821201051700,56821201051700,844024044696,27.461446820112869,1.4037519155099999e-24,contraction
3487,3487,1.0616955572000001e-07,9418894.9652299993,13.796907470400001,-57346913020800,57346913020800,851832988088,27.470656321189743,1.3781328688700001e-24,contraction
3488,3488,1.0568175092100001e-07,9462370.6136600003,13.796907470400001,-57877489120700,57877489120700,859714183444,27.479865826122623,1.35298136989e-24,contraction
3489,3489,1.05196187382e-07,9506046.9365599994,13.796907470400001,-58412974357500,58412974357500,867668299286,27.489075334891535,1.3282888860500001e-24,contraction
3490,3490,1.04712854805e-07,9549924.8602099996,13.796907470400001,-58953414154000,58953414154000,875696010325,27.498284847480427,1.3040470405499999e-24,contraction
3491,3491,1.0423174293900001e-07,9594005.3151600007,13.796907470400001,-59498854353000,59498854353000,883797997513,27.507494363871078,1.28024760946e-24,contraction
3492,3492,1.03752841582e-07,9638289.2362399995,13.796907470400001,-60049341221700,60049341221700,891974948104,27.516703884046827,1.25688251892e-24,contraction
3493,3493,1.03276140576e-07,9682777.5626100004,13.796907470400001,-60604921455400,60604921455400,900227555709,27.525913407988824,1.23394384243e-24,contraction
3494,3494,1.02801629813e-07,9727471.2377700005,13.796907470400001,-61165642181200,61165642181200,908556520359,27.535122935680739,1.2114237981e-24,contraction
3495,3495,1.02329299228e-07,9772371.2095599994,13.796907470400001,-61731550962500,61731550962500,916962548562,27.544332467106035,1.1893147460999999e-24,contraction
3496,3496,1.0185913880500001e-07,9817478.4301999994,13.796907470400001,-62302695802800,62302695802800,925446353362,27.553542002246971,1.16760918597e-24,contraction
3497,3497,1.01391138574e-07,9862793.8563100006,13.796907470400001,-62879125149600,62879125149600,934008654400,27.562751541085216,1.14629975417e-24,contraction
3498,3498,1.00925288608e-07,9908318.4489300009,13.796907470400001,-63460887898800,63460887898800,942650177978,27.571961083605011,1.1253792215099999e-24,contraction
3499,3499,1.00461579028e-07,9954053.1735200007,13.796907470400001,-64048033398700,64048033398700,951371657118,27.581170629790307,1.1048404907399999e-24,contraction
3500,3500,9.9999999999999995e-08,9999999,13.796907470400001,-64640611454200,64640611454200,960173831622,27.590380179622514,1.08467659411e-24,contraction
3501,3501,9.9540541735200002e-08,10046156.902799999,13.796907470400001,-65238672331000,65238672331000,969057448140,27.599589733086024,1.0648806910299999e-24,contraction
3502,3502,9.9083194489299994e-08,10092527.8608,13.796907470400001,-65842266760000,65842266760000,978023260229,27.608799290163642,1.04544606576e-24,contraction
3503,3503,9.8627948563099997e-08,10139112.8574,13.796907470400001,-66451445941400,66451445941400,987072028419,27.618008850838773,1.0263661251100001e-24,contraction
3504,3504,9.8174794302e-08,10185912.8805,13.796907470400001,-67066261549200,67066261549200,996204520278,27.627218415095879,1.00763439619e-24,contraction
3505,3505,9.7723722095599996e-08,10232928.922800001,13.796907470400001,-67686765735400,67686765735400,1005421510470,27.636427982913357,9.89244524259e-25,contraction
3506,3506,9.7274722377699998e-08,10280161.9813,13.796907470400001,-68313011134700,68313011134700,1014723780840,27.645637554282828,9.7119027052900006e-25,contraction
3507,3507,9.6827785626100006e-08,10327613.057600001,13.796907470400001,-68945050868900,68945050868900,1024112120460,27.654847129188703,9.5346551007099994e-25,contraction
3508,3508,9.6382902362400001e-08,10375283.158199999,13.796907470400001,-69582938551100,69582938551100,1033587325690,27.664056707602739,9.3606422972800002e-25,contraction
3509,3509,9.5940063151599999e-08,10423173.2939,13.796907470400001,-70226728290600,70226728290600,1043150200290,27.673266289527259,9.1898052607899993e-25,contraction
3510,3510,9.54992586021e-08,10471284.4805,13.796907470400001,-70876474697300,70876474697300,1052801555420,27.682475874928986,9.0220860343499998e-25,contraction
3511,3511,9.5060479365599996e-08,10519617.7382,13.796907470400001,-71532232886500,71532232886500,1062542209760,27.691685463788833,8.85742771874e-25,contraction
3512,3512,9.46237161366e-08,10568174.0921,13.796907470400001,-72194058483300,72194058483300,1072372989590,27.700895056111126,8.69577445309e-25,contraction
3513,3513,9.4188959652300001e-08,10616954.572000001,13.796907470400001,-72862007627600,72862007627600,1082294728800,27.710104651866992,8.5370713959500001e-25,contraction
3514,3514,9.3756200692600001e-08,10665960.212300001,13.796907470400001,-73536136978800,73536136978800,1092308269020,27.719314251050143,8.3812647066899996e-25,contraction
3515,3515,9.3325430079699998e-08,10715192.0524,13.796907470400001,-74216503720500,74216503720500,1102414459640,27.72852385362922,8.22830152723e-25,contraction
3516,3516,9.2896638678000004e-08,10764651.136299999,13.796907470400001,-74903165565300,74903165565300,1112614157930,27.737733459592025,8.0781299641000003e-25,contraction
3517,3517,9.2469817393799995e-08,10814338.513,13.796907470400001,-75596180760000,75596180760000,1122908229110,27.746943068942258,7.9306990708399996e-25,contraction
3518,3518,9.2044957175299997e-08,10864255.236199999,13.796907470400001,-76295608090300,76295608090300,1133297546360,27.756152681642821,7.78595883074e-25,contraction
3519,3519,9.1622049012200005e-08,10914402.364499999,13.796907470400001,-77001506885600,77001506885600,1143782990970,27.765362297684081,7.6438601398600001e-25,contraction
3520,3520,9.1201083935600003e-08,10964780.9614,13.796907470400001,-77713937024600,77713937024600,1154365452380,27.774571917052501,7.50435479034e-25,contraction
3521,3521,9.0782053017800006e-08,11015392.0954,13.796907470400001,-78432958939800,78432958939800,1165045828260,27.783781539734743,7.3673954541300001e-25,contraction
3522,3522,9.0364947372199997e-08,11066236.8398,13.796907470400001,-79158633623100,79158633623100,1175825024580,27.792991165712408,7.2329356668299999e-25,contraction
3523,3523,8.9949758153000002e-08,11117316.2728,13.796907470400001,-79891022630400,79891022630400,1186703955690,27.802200794964946,7.1009298120300002e-25,contraction
3524,3524,8.9536476555000003e-08,11168631.4778,13.796907470400001,-80630188087500,80630188087500,1197683544430,27.811410427496813,6.9713331057499996e-25,contraction
3525,3525,8.9125093813400001e-08,11220183.543,13.796907470400001,-81376192694900,81376192694900,1208764722130,27.820620063271594,6.8441015813200003e-25,contraction
3526,3526,8.8715601203799999e-08,11271973.561799999,13.796907470400001,-82129099733300,82129099733300,1219948428770,27.82982970228025,6.7191920744000001e-25,contraction
3527,3527,8.8307990041899996e-08,11324002.6324,13.796907470400001,-82888973068800,82888973068800,1231235613030,27.839039344515712,6.5965622084100001e-25,contraction
3528,3528,8.7902251683100003e-08,11376271.858200001,13.796907470400001,-83655877158500,83655877158500,1242627232350,27.848248989956335,6.4761703800899996e-25,contraction
3529,3529,8.7498377522700006e-08,11428782.347899999,13.796907470400001,-84429877056100,84429877056100,1254124253040,27.857458638589499,6.3579757454099999e-25,contraction
3530,3530,8.7096358995600001e-08,11481535.215,13.796907470400001,-85211038416800,85211038416800,1265727650350,27.866668290401748,6.2419382057399996e-25,contraction
3531,3531,8.6696187575800002e-08,11534531.578199999,13.796907470400001,-85999427503900,85999427503900,1277438408550,27.87587794537669,6.1280183942100005e-25,contraction
3532,3532,8.6297854776699999e-08,11587772.5616,13.796907470400001,-86795111193200,86795111193200,1289257521020,27.885087603500178,6.01617766238e-25,contraction
3533,3533,8.5901352150499996e-08,11641259.2941,13.796907470400001,-87598156979600,87598156979600,1301185990320,27.894297264749252,5.9063780671300003e-25,contraction
3534,3534,8.5506671288500001e-08,11694992.9102,13.796907470400001,-88408632982600,88408632982600,1313224828320,27.903506929126767,5.7985823577499999e-25,contraction
3535,3535,8.5113803820200006e-08,11748974.5494,13.796907470400001,-89226607951900,89226607951900,1325375056210,27.912716596603012,5.6927539633699996e-25,contraction
3536,3536,8.4722741414100006e-08,11803205.3565,13.796907470400001,-90052151273100,90052151273100,1337637704660,27.921926267172029,5.5888569805100004e-25,contraction
3537,3537,8.4333475776400002e-08,11857686.481699999,13.796907470400001,-90885332974300,90885332974300,1350013813870,27.931135940822831,5.4868561608900002e-25,contraction
3538,3538,8.3945998651900004e-08,11912419.0803,13.796907470400001,-91726223731000,91726223731000,1362504433650,27.940345617533563,5.3867168995300001e-25,contraction
3539,3539,8.35603018231e-08,11967404.313100001,13.796907470400001,-92574894873100,92574894873100,1375110623530,27.94955529728724,5.2884052229300003e-25,contraction
3540,3540,8.3176377110300003e-08,12022643.3462,13.796907470400001,-93431418390200,93431418390200,1387833452860,27.958764980078826,5.1918877776300002e-25,contraction
3541,3541,8.2794216371199996e-08,12078137.3511,13.796907470400001,-94295866938300,94295866938300,1400674000870,27.967974665892765,5.0971318188300004e-25,contraction
3542,3542,8.2413811501300001e-08,12133887.5046,13.796907470400001,-95168313845400,95168313845400,1413633356770,27.977184354709429,5.0041051993099998e-25,contraction
3543,3543,8.2035154432999996e-08,12189894.9892,13.796907470400001,-96048833118000,96048833118000,1426712619870,27.986394046524659,4.9127763585400003e-25,contraction
3544,3544,8.1658237135900006e-08,12246160.992699999,13.796907470400001,-96937499447600,96937499447600,1439912899620,27.995603741312085,4.8231143119300004e-25,contraction
3545,3545,8.1283051616399998e-08,12302686.7081,13.796907470400001,-97834388216600,97834388216600,1453235315770,28.004813439069459,4.7350886403699997e-25,contraction
3546,3546,8.0909589917800002e-08,12359473.3344,13.796907470400001,-98739575504900,98739575504900,1466680998410,28.014023139780093,4.6486694798800001e-25,contraction
3547,3547,8.0537844119899995e-08,12416522.0759,13.796907470400001,-99653138096600,99653138096600,1480251088080,28.023232843423049,4.5638275114600003e-25,contraction
3548,3548,8.0167806338800002e-08,12473834.1424,13.796907470400001,-100575153486000,100575153486000,1493946735900,28.032442549995594,4.4805339512100001e-25,contraction
3549,3549,7.9799468726799998e-08,12531410.749399999,13.796907470400001,-101505699884000,101505699884000,1507769103610,28.041652259474144,4.3987605404899999e-25,contraction
3550,3550,7.9432823472400003e-08,12589253.117900001,13.796907470400001,-102444856227000,102444856227000,1521719363730,28.050861971855589,4.3184795364100001e-25,contraction
3551,3551,7.9067862800000006e-08,12647362.4747,13.796907470400001,-103392702179000,103392702179000,1535798699600,28.060071687117663,4.2396637023300002e-25,contraction
3552,3552,7.8704578969499995e-08,12705740.052100001,13.796907470400001,-104349318144000,104349318144000,1550008305540,28.069281405258252,4.1622862987100005e-25,contraction
3553,3553,7.8342964276600002e-08,12764387.088099999,13.796907470400001,-105314785267000,105314785267000,1564349386880,28.078491126248913,4.0863210739699998e-25,contraction
3554,3554,7.7983011052300001e-08,12823304.8266,13.796907470400001,-106289185446000,106289185446000,1578823160150,28.087700850091657,4.0117422556299999e-25,contraction
3555,3555,7.7624711662899994e-08,12882494.516899999,13.796907470400001,-107272601337000,107272601337000,1593430853090,28.096910576759061,3.9385245415399998e-25,contraction
3556,3556,7.7268058509599995e-08,12941957.4145,13.796907470400001,-108265116359000,108265116359000,1608173704840,28.106120306249011,3.8666430913200002e-25,contraction
3557,3557,7.69130440287e-08,13001694.780300001,13.796907470400001,-109266814704000,109266814704000,1623052965980,28.115330038543416,3.79607351789e-25,contraction
3558,3558,7.6559660691099995e-08,13061707.8813,13.796907470400001,-110277781343000,110277781343000,1638069898680,28.124539773635764,3.7267918792700001e-25,contraction
3559,3559,7.6207901002500006e-08,13121997.9902,13.796907470400001,-111298102033000,111298102033000,1653225776760,28.133749511502113,3.6587746703799999e-25,contraction
3560,3560,7.58577575029e-08,13182566.385600001,13.796907470400001,-112327863325000,112327863325000,1668521885860,28.142959252139015,3.5919988151099999e-25,contraction
3561,3561,7.5509222766499995e-08,13243414.3519,13.796907470400001,-113367152570000,113367152570000,1683959523500,28.152168995533451,3.5264416585000002e-25,contraction
3562,3562,7.5162289401800002e-08,13304543.1798,13.796907470400001,-114416057927000,114416057927000,1699539999190,28.161378741663224,3.4620809590099999e-25,contraction
3563,3563,7.4816950051099994e-08,13365954.1655,13.796907470400001,-115474668372000,115474668372000,1715264634590,28.170588490525905,3.3988948810200002e-25,contraction
3564,3564,7.44731973906e-08,13427648.611400001,13.796907470400001,-116543073704000,116543073704000,1731134763570,28.179798242107829,3.33686198742e-25,contraction
3565,3565,7.4131024130099997e-08,13489627.8259,13.796907470400001,-117621364551000,117621364551000,1747151732340,28.189007996394245,3.2759612322799999e-25,contraction
3566,3566,7.3790423012899994e-08,13551893.123500001,13.796907470400001,-118709632383000,118709632383000,1763316899570,28.198217753372663,3.2161719537999999e-25,contraction
3567,3567,7.3451386815700005e-08,13614445.8247,13.796907470400001,-119807969513000,119807969513000,1779631636500,28.207427513029792,3.1574738672300001e-25,contraction
3568,3568,7.31139083483e-08,13677287.255999999,13.796907470400001,-120916469111000,120916469111000,1796097327060,28.216637275353641,3.0998470580100001e-25,contraction
3569,3569,7.2777980453700002e-08,13740418.7501,13.796907470400001,-122035225206000,122035225206000,1812715367980,28.225847040329366,3.0432719750299999e-25,contraction
3570,3570,7.2443596007500001e-08,13803841.646,13.796907470400001,-123164332700000,123164332700000,1829487168930,28.235056807951178,2.9877294239699998e-25,contraction
3571,3571,7.2110747918299995e-08,13867557.288699999,13.796907470400001,-124303887371000,124303887371000,1846414152610,28.244266578205902,2.9332005608200001e-25,contraction
3572,3572,7.1779429127099998e-08,13931567.0295,13.796907470400001,-125453985885000,125453985885000,1863497754880,28.253476351078305,2.8796668854699999e-25,contraction
3573,3573,7.1449632607599996e-08,13995872.2257,13.796907470400001,-126614725800000,126614725800000,1880739424900,28.262686126560887,2.8271102354200002e-25,contraction
3574,3574,7.11213513653e-08,14060474.2413,13.796907470400001,-127786205580000,127786205580000,1898140625210,28.271895904630881,2.7755127796500001e-25,contraction
3575,3575,7.0794578438400005e-08,14125374.4462,13.796907470400001,-128968524596000,128968524596000,1915702831930,28.281105685290633,2.7248570125299998e-25,contraction
3576,3576,7.04693068967e-08,14190574.2169,13.796907470400001,-130161783143000,130161783143000,1933427534790,28.290315468517171,2.6751257479400001e-25,contraction
3577,3577,7.0145529841999994e-08,14256074.936000001,13.796907470400001,-131366082440000,131366082440000,1951316237340,28.299525254306239,2.6263021133699998e-25,contraction
3578,3578,6.9823240407699999e-08,14321877.992699999,13.796907470400001,-132581524645000,132581524645000,1969370457010,28.308735042637135,2.57836954426e-25,contraction
3579,3579,6.9502431758900001e-08,14387984.782600001,13.796907470400001,-133808212861000,133808212861000,1987591725310,28.31794483350934,2.5313117783400001e-25,contraction
3580,3580,6.9183097091900004e-08,14454396.7075,13.796907470400001,-135046251143000,135046251143000,2005981587880,28.327154626901741,2.4851128501299999e-25,contraction
3581,3581,6.8865229634400002e-08,14521115.175899999,13.796907470400001,-136295744512000,136295744512000,2024541604690,28.336364422807616,2.4397570855100001e-25,contraction
3582,3582,6.8548822645299997e-08,14588141.6028,13.796907470400001,-137556798958000,137556798958000,2043273350140,28.345574221218133,2.3952290964199998e-25,contraction
3583,3583,6.82338694142e-08,14655477.409600001,13.796907470400001,-138829521453000,138829521453000,2062178413180,28.354784022115897,2.3515137756400001e-25,contraction
3584,3584,6.7920363261699996e-08,14723124.0243,13.796907470400001,-140114019958000,140114019958000,2081258397480,28.363993825492251,2.3085962916299999e-25,contraction
3585,3585,6.7608297539199996e-08,14791082.8817,13.796907470400001,-141410403434000,141410403434000,2100514921540,28.373203631334473,2.26646208355e-25,contraction
3586,3586,6.7297665628400006e-08,14859355.422900001,13.796907470400001,-142718781850000,142718781850000,2119949618840,28.382413439631971,2.2250968563e-25,contraction
3587,3587,6.6988460941700001e-08,14927943.095799999,13.796907470400001,-144039266192000,144039266192000,2139564137970,28.391623250372181,2.1844865756299999e-25,contraction
3588,3588,6.6680676921399994e-08,14996847.355,13.796907470400001,-145371968473000,145371968473000,2159360142780,28.400833063545345,2.1446174634499998e-25,contraction
3589,3589,6.6374307040199996e-08,15066069.661900001,13.796907470400001,-146717001743000,146717001743000,2179339312520,28.410042879143887,2.1054759931100001e-25,contraction
3590,3590,6.6069344800799994e-08,15135611.4844,13.796907470400001,-148074480096000,148074480096000,2199503341960,28.419252697152082,2.0670488848200001e-25,contraction
3591,3591,6.5765783735500005e-08,15205474.2973,13.796907470400001,-149444518686000,149444518686000,2219853941560,28.428462517558252,2.02932310115e-25,contraction
3592,3592,6.5463617406699994e-08,15275659.5824,13.796907470400001,-150827233727000,150827233727000,2240392837610,28.437672340352321,1.9922858425999999e-25,contraction
3593,3593,6.5162839406100005e-08,15346168.828,13.796907470400001,-152222742513000,152222742513000,2261121772370,28.446882165522887,1.95592454326e-25,contraction
3594,3594,6.4863443354799995e-08,15417003.5295,13.796907470400001,-153631163420000,153631163420000,2282042504230,28.456091993062632,1.9202268665599999e-25,contraction
3595,3595,6.4565422903500007e-08,15488165.189099999,13.796907470400001,-155052615922000,155052615922000,2303156807830,28.465301822955475,1.88518070106e-25,contraction
3596,3596,6.4268771731699996e-08,15559655.316099999,13.796907470400001,-156487220597000,156487220597000,2324466474260,28.474511655198253,1.8507741563599999e-25,contraction
3597,3597,6.3973483548299996e-08,15631475.4264,13.796907470400001,-157935099139000,157935099139000,2345973311140,28.483721489769461,1.8169955590699999e-25,contraction
3598,3598,6.3679552090800001e-08,15703627.043299999,13.796907470400001,-159396374366000,159396374366000,2367679142860,28.492931326666707,1.7838334488199999e-25,contraction
3599,3599,6.3386971125700005e-08,15776111.697000001,13.796907470400001,-160871170237000,160871170237000,2389585810670,28.502141165878722,1.75127657442e-25,contraction
3600,3600,6.3095734448e-08,15848930.9246,13.796907470400001,-162359611853000,162359611853000,2411695172850,28.511351007391514,1.71931388999e-25,contraction
3601,3601,6.2805835881300006e-08,15922086.270500001,13.796907470400001,-163861825477000,163861825477000,2434009104880,28.520560851193544,1.68793455125e-25,contraction
3602,3602,6.25172692776e-08,15995579.2861,13.796907470400001,-165377938536000,165377938536000,2456529499600,28.529770697276007,1.65712791183e-25,contraction
3603,3603,6.2230028516899994e-08,16069411.530099999,13.796907470400001,-166908079639000,166908079639000,2479258267370,28.538980545632477,1.6268835196700001e-25,contraction
3604,3604,6.1944107507700001e-08,16143584.568299999,13.796907470400001,-168452378585000,168452378585000,2502197336210,28.548190396249975,1.59719111344e-25,contraction
3605,3605,6.1659500186100004e-08,16218099.9736,13.796907470400001,-170010966372000,170010966372000,2525348651970,28.557400249111826,1.5680406190900001e-25,contraction
3606,3606,6.1376200516499996e-08,16292959.326400001,13.796907470400001,-171583975211000,171583975211000,2548714178550,28.566610104219389,1.5394221464199999e-25,contraction
3607,3607,6.1094202490599997e-08,16368164.214299999,13.796907470400001,-173171538538000,173171538538000,2572295897960,28.575819961549794,1.5113259857500001e-25,contraction
3608,3608,6.0813500127899994e-08,16443716.232100001,13.796907470400001,-174773791021000,174773791021000,2596095810610,28.585029821103983,1.4837426045600001e-25,contraction
3609,3609,6.0534087475399997e-08,16519616.9823,13.796907470400001,-176390868576000,176390868576000,2620115935370,28.594239682863765,1.4566626443499999e-25,contraction
3610,3610,6.0255958607399995e-08,16595868.0744,13.796907470400001,-178022908375000,178022908375000,2644358309830,28.603449546826255,1.4300769173800001e-25,contraction
3611,3611,5.9979107625599994e-08,16672471.125499999,13.796907470400001,-179670048862000,179670048862000,2668824990390,28.612659412972125,1.40397640359e-25,contraction
3612,3612,5.9703528658400005e-08,16749427.760299999,13.796907470400001,-181332429758000,181332429758000,2693518052530,28.621869281301827,1.3783522475599999e-25,contraction
3613,3613,5.9429215861600003e-08,16826739.6107,13.796907470400001,-183010192080000,183010192080000,2718439590880,28.631079151795692,1.35319575547e-25,contraction
3614,3614,5.9156163417499998e-08,16904408.316399999,13.796907470400001,-184703478149000,184703478149000,2743591719490,28.640289024448492,1.3284983921600001e-25,contraction
3615,3615,5.8884365535600003e-08,16982435.524599999,13.796907470400001,-186412431603000,186412431603000,2768976571960,28.649498899250954,1.30425177825e-25,contraction
3616,3616,5.8613816451400003e-08,17060822.890000001,13.796907470400001,-188137197407000,188137197407000,2794596301630,28.658708776193187,1.2804476872799999e-25,contraction
3617,3617,5.8344510427400001e-08,17139572.075100001,13.796907470400001,-189877921870000,189877921870000,2820453081750,28.667918655260198,1.25707804292e-25,contraction
3618,3618,5.8076441752099998e-08,17218684.749899998,13.796907470400001,-191634752654000,191634752654000,2846549105720,28.677128536451701,1.23413491624e-25,contraction
3619,3619,5.7809604740600001e-08,17298162.5922,13.796907470400001,-193407838787000,193407838787000,2872886587180,28.68633841974799,1.21161052302e-25,contraction
3620,3620,5.7543993733700002e-08,17378007.287500001,13.796907470400001,-195197330676000,195197330676000,2899467760300,28.69554830514608,1.1894972210900001e-25,contraction
3621,3621,5.7279603098599998e-08,17458220.529199999,13.796907470400001,-197003380119000,197003380119000,2926294879890,28.704758192631786,1.1677875077800001e-25,contraction
3622,3622,5.7016427228099997e-08,17538804.018399999,13.796907470400001,-198826140321000,198826140321000,2953370221650,28.7139680822001,1.1464740173199999e-25,contraction
3623,3623,5.6754460540900001e-08,17619759.4641,13.796907470400001,-200665765901000,200665765901000,2980696082320,28.72317797384035,1.1255495183700001e-25,contraction
3624,3624,5.6493697481200002e-08,17701088.5832,13.796907470400001,-202522412911000,202522412911000,3008274779890,28.732387867541487,1.1050069115800001e-25,contraction
3625,3625,5.6234132518999998e-08,17782793.100400001,13.796907470400001,-204396238847000,204396238847000,3036108653800,28.741597763293214,1.08483922714e-25,contraction
3626,3626,5.5975760149499999e-08,17864874.748500001,13.796907470400001,-206287402661000,206287402661000,3064200065140,28.750807661086469,1.0650396224799999e-25,contraction
3627,3627,5.5718574893200002e-08,17947335.268300001,13.796907470400001,-208196064778000,208196064778000,3092551396850,28.760017560913266,1.04560137987e-25,contraction
3628,3628,5.5462571295800003e-08,18030176.408599999,13.796907470400001,-210122387104000,210122387104000,3121165053920,28.769227462765965,1.0265179042100001e-25,contraction
3629,3629,5.5207743928099997e-08,18113399.926199999,13.796907470400001,-212066533045000,212066533045000,3150043463580,28.778437366632804,1.0077827207299999e-25,contraction
3630,3630,5.4954087385799997e-08,18197007.586100001,13.796907470400001,-214028667521000,214028667521000,3179189075520,28.787647272502529,9.8938947287299995e-26,contraction
3631,3631,5.4701596289400002e-08,18281001.161400001,13.796907470400001,-216008956973000,216008956973000,3208604362120,28.796857180371283,9.7133192004999996e-26,contraction
3632,3632,5.4450265284199998e-08,18365382.433499999,13.796907470400001,-218007569388000,218007569388000,3238291818600,28.806067090223827,9.5360393558699995e-26,contraction
3633,3633,5.4200089040199999e-08,18450153.191799998,13.796907470400001,-220024674301000,220024674301000,3268253963300,28.815277002054977,9.3619950461600001e-26,contraction
3634,3634,5.3951062251500001e-08,18535315.234099999,13.796907470400001,-222060442822000,222060442822000,3298493337850,28.824486915855896,9.1911272204800004e-26,contraction
3635,3635,5.3703179636999999e-08,18620870.366599999,13.796907470400001,-224115047640000,224115047640000,3329012507390,28.833696831615608,9.0233779056200004e-26,contraction
3636,3636,5.3456435939700001e-08,18706820.403700002,13.796907470400001,-226188663042000,226188663042000,3359814060800,28.842906749324779,8.8586901863900005e-26,contraction
3637,3637,5.3210825926700002e-08,18793167.168000001,13.796907470400001,-228281464930000,228281464930000,3390900610920,28.852116668975746,8.69700818635e-26,contraction
3638,3638,5.2966344389200002e-08,18879912.491,13.796907470400001,-230393630833000,230393630833000,3422274794770,28.86132659056198,8.5382770488200002e-26,contraction
3639,3639,5.2722986142299997e-08,18967058.212099999,13.796907470400001,-232525339920000,232525339920000,3453939273740,28.870536514068252,8.3824429182800006e-26,contraction
3640,3640,5.2480746025000002e-08,19054606.1796,13.796907470400001,-234676773022000,234676773022000,3485896733890,28.879746439492365,8.2294529221099999e-26,contraction
3641,3641,5.22396188999e-08,19142558.2502,13.796907470400001,-236848112639000,236848112639000,3518149886100,28.888956366822399,8.0792551526100001e-26,contraction
3642,3642,5.1999599653400002e-08,19230916.289099999,13.796907470400001,-239039542963000,239039542963000,3550701466340,28.898166296048437,7.9317986494399996e-26,contraction
3643,3643,5.1760683195100001e-08,19319682.170200001,13.796907470400001,-241251249888000,241251249888000,3583554235910,28.907376227164697,7.7870333823300004e-26,contraction
3644,3644,5.1522864458199998e-08,19408857.775899999,13.796907470400001,-243483421030000,243483421030000,3616710981640,28.916586160159859,7.6449102340399997e-26,contraction
3645,3645,5.1286138399099999e-08,19498444.9976,13.796907470400001,-245736245739000,245736245739000,3650174516160,28.925796095026534,7.5053809837700006e-26,contraction
3646,3646,5.10504999975e-08,19588445.735100001,13.796907470400001,-248009915118000,248009915118000,3683947678120,28.935006031756039,7.3683982907900004e-26,contraction
3647,3647,5.08159442561e-08,19678861.897100002,13.796907470400001,-250304622039000,250304622039000,3718033332440,28.94421597034092,7.2339156783400004e-26,contraction
3648,3648,5.0582466200299998e-08,19769695.401099999,13.796907470400001,-252620561158000,252620561158000,3752434370540,28.953425910771436,7.10188751787e-26,contraction
3649,3649,5.0350060878800002e-08,19860948.173599999,13.796907470400001,-254957928931000,254957928931000,3787153710590,28.962635853036904,6.9722690136199998e-26,contraction
3650,3650,5.0118723362699999e-08,19952622.149700001,13.796907470400001,-257316923633000,257316923633000,3822194297790,28.97184579713424,6.8450161873299998e-26,contraction
3651,3651,4.9888448746000002e-08,20044719.273699999,13.796907470400001,-259697745374000,259697745374000,3857559104550,28.981055743049495,6.7200858633999996e-26,contraction
3652,3652,4.9659232144999999e-08,20137241.498599999,13.796907470400001,-262100596114000,262100596114000,3893251130820,28.990265690778376,6.5974356541999998e-26,contraction
3653,3653,4.9431068698699998e-08,20230190.786800001,13.796907470400001,-264525679683000,264525679683000,3929273404280,28.999475640309363,6.4770239456700002e-26,contraction
3654,3654,4.9203953568099998e-08,20323569.1094,13.796907470400001,-266973201797000,266973201797000,3965628980650,29.00868559163747,6.3588098832699996e-26,contraction
3655,3655,4.8977881936799999e-08,20417378.446699999,13.796907470400001,-269443370075000,269443370075000,4002320943900,29.017895544751635,6.2427533580600003e-26,contraction
3656,3656,4.8752849010300001e-08,20511620.7883,13.796907470400001,-271936394057000,271936394057000,4039352406550,29.027105499644509,6.1288149931099997e-26,contraction
3657,3657,4.8528850016199997e-08,20606298.1327,13.796907470400001,-274452485221000,274452485221000,4076726509920,29.036315456308849,6.0169561301300003e-26,contraction
3658,3658,4.8305880204000001e-08,20701412.4879,13.796907470400001,-276991857005000,276991857005000,4114446424400,29.045525414738368,5.9071388164000001e-26,contraction
3659,3659,4.8083934845000003e-08,20796965.870999999,13.796907470400001,-279554724818000,279554724818000,4152515349680,29.054735374918298,5.7993257918300004e-26,contraction
3660,3660,4.7863009232299999e-08,20892960.308499999,13.796907470400001,-282141306064000,282141306064000,4190936515110,29.063945336846945,5.6934804763499996e-26,contraction
3661,3661,4.76430986805e-08,20989397.836199999,13.796907470400001,-284751820159000,284751820159000,4229713179880,29.073155300512852,5.5895669575199998e-26,contraction
3662,3662,4.7424198526000001e-08,21086280.499299999,13.796907470400001,-287386488549000,287386488549000,4268848633360,29.082365265910141,5.4875499782999996e-26,contraction
3663,3663,4.7206304126399997e-08,21183610.352499999,13.796907470400001,-290045534727000,290045534727000,4308346195350,29.09157523303152,5.3873949251299995e-26,contraction
3664,3664,4.69894108605e-08,21281389.459800001,13.796907470400001,-292729184257000,292729184257000,4348209216350,29.100785201865673,5.2890678161499996e-26,contraction
3665,3665,4.6773514128700002e-08,21379619.895,13.796907470400001,-295437664788000,295437664788000,4388441077880,29.109995172405593,5.1925352897200003e-26,contraction
3666,3666,4.6558609352299999e-08,21478303.741300002,13.796907470400001,-298171206077000,298171206077000,4429045192760,29.119205144646859,5.0977645930400001e-26,contraction
3667,3667,4.6344691973599998e-08,21577443.091499999,13.796907470400001,-300930040005000,300930040005000,4470025005360,29.128415118578648,5.0047235710800002e-26,contraction
3668,3668,4.6131757456e-08,21677040.0482,13.796907470400001,-303714400600000,303714400600000,4511383991930,29.13762509419244,4.9133806556700003e-26,contraction
3669,3669,4.5919801283699997e-08,21777096.723499998,13.796907470400001,-306524524056000,306524524056000,4553125660900,29.146835071483025,4.82370485478e-26,contraction
3670,3670,4.5708818961499998e-08,21877615.239500001,13.796907470400001,-309360648749000,309360648749000,4595253553150,29.156045050442334,4.73566574198e-26,contraction
3671,3671,4.5498806015000001e-08,21978597.7278,13.796907470400001,-312223015265000,312223015265000,4637771242310,29.165255031059509,4.64923344617e-26,contraction
3672,3672,4.5289757990399999e-08,22080046.330200002,13.796907470400001,-315111866414000,315111866414000,4680682335110,29.174465013331019,4.5643786414100001e-26,contraction
3673,3673,4.5081670454100001e-08,22181963.197999999,13.796907470400001,-318027447253000,318027447253000,4723990471630,29.183674997248506,4.48107253698e-26,contraction
3674,3674,4.4874538993300001e-08,22284350.492699999,13.796907470400001,-320970005106000,320970005106000,4767699325620,29.192884982801328,4.3992868675899999e-26,contraction
3675,3675,4.4668359215099999e-08,22387210.385699999,13.796907470400001,-323939789585000,323939789585000,4811812604850,29.202094969984667,4.31899388385e-26,contraction
3676,3676,4.4463126746900001e-08,22490545.058400001,13.796907470400001,-326937052614000,326937052614000,4856334051390,29.211304958792127,4.2401663427800001e-26,contraction
3677,3677,4.4258837236300001e-08,22594356.702199999,13.796907470400001,-329962048446000,329962048446000,4901267441920,29.220514949214309,4.1627774986099999e-26,contraction
3678,3678,4.4055486350699998e-08,22698647.518800002,13.796907470400001,-333015033686000,333015033686000,4946616588070,29.229724941242903,4.0868010937299998e-26,contraction
3679,3679,4.3853069777500001e-08,22803419.719999999,13.796907470400001,-336096267316000,336096267316000,4992385336750,29.238934934871981,4.0122113497099997e-26,contraction
3680,3680,4.3651583224000002e-08,22908675.5277,13.796907470400001,-339206010711000,339206010711000,5038577570460,29.24814493009465,3.9389829586200002e-26,contraction
3681,3681,4.34510224172e-08,23014417.1741,13.796907470400001,-342344527668000,342344527668000,5085197207610,29.25735492690125,3.8670910744000001e-26,contraction
3682,3682,4.3251383103500002e-08,23120646.901799999,13.796907470400001,-345512084421000,345512084421000,5132248202900,29.266564925288755,3.7965113044699997e-26,contraction
3683,3683,4.3052661049199998e-08,23227366.963599999,13.796907470400001,-348708949670000,348708949670000,5179734547570,29.275774925243979,3.7272197014200001e-26,contraction
3684,3684,4.2854852039699999e-08,23334579.6228,13.796907470400001,-351935394602000,351935394602000,5227660269850,29.284984926765354,3.6591927548899998e-26,contraction
3685,3685,4.2657951880200003e-08,23442287.153200001,13.796907470400001,-355191692910000,355191692910000,5276029435200,29.294194929843112,3.5924073836199999e-26,contraction
3686,3686,4.2461956394599999e-08,23550491.839000002,13.796907470400001,-358478120823000,358478120823000,5324846146710,29.303404934470016,3.5268409276000001e-26,contraction
3687,3687,4.22668614266e-08,23659195.9749,13.796907470400001,-361794957123000,361794957123000,5374114545440,29.312614940639762,3.4624711403600002e-26,contraction
3688,3688,4.2072662838400001e-08,23768401.8662,13.796907470400001,-365142483173000,365142483173000,5423838810760,29.321824948344826,3.3992761814699997e-26,contraction
3689,3689,4.18793565118e-08,23878111.829100002,13.796907470400001,-368520982940000,368520982940000,5474023160710,29.331034957577543,3.3372346090899998e-26,contraction
3690,3690,4.1686938346999999e-08,23988328.190200001,13.796907470400001,-371930743017000,371930743017000,5524671852370,29.340244968332318,3.27632537272e-26,contraction
3691,3691,4.1495404263400001e-08,24099053.286899999,13.796907470400001,-375372052650000,375372052650000,5575789182190,29.349454980599933,3.2165278060400001e-26,contraction
3692,3692,4.1304750199e-08,24210289.467399999,13.796907470400001,-378845203760000,378845203760000,5627379486400,29.358664994375822,3.15782161991e-26,contraction
3693,3693,4.11149721105e-08,24322039.090700001,13.796907470400001,-382350490971000,382350490971000,5679447141340,29.367875009653194,3.10018689549e-26,contraction
3694,3694,4.0926065972999997e-08,24434304.526900001,13.796907470400001,-385888211631000,385888211631000,5731996563830,29.377085026422904,3.0436040774499999e-26,contraction
3695,3695,4.0738027780399998e-08,24547088.1569,13.796907470400001,-389458665840000,389458665840000,5785032211570,29.386295044677961,2.9880539674100002e-26,contraction
3696,3696,4.0550853544799998e-08,24660392.372299999,13.796907470400001,-393062156477000,393062156477000,5838558583520,29.395505064413726,2.9335177173199998e-26,contraction
3697,3697,4.03645392968e-08,24774219.576299999,13.796907470400001,-396698989220000,396698989220000,5892580220260,29.404715085624147,2.8799768231499999e-26,contraction
3698,3698,4.01790810849e-08,24888572.182799999,13.796907470400001,-400369472578000,400369472578000,5947101704360,29.413925108299271,2.8274131185899997e-26,contraction
3699,3699,3.9994474976100002e-08,25003452.616999999,13.796907470400001,-404073917913000,404073917913000,6002127660820,29.423135132433956,2.7758087688700002e-26,contraction
3700,3700,3.9810717055299999e-08,25118863.315099999,13.796907470400001,-407812639469000,407812639469000,6057662757420,29.432345158020667,2.7251462647299998e-26,contraction
3701,3701,3.9627803425500002e-08,25234806.724800002,13.796907470400001,-411585954397000,411585954397000,6113711705150,29.441555185055151,2.6754084164399998e-26,contraction
3702,3702,3.9445730207499998e-08,25351285.305,13.796907470400001,-415394182783000,415394182783000,6170279258560,29.450765213528253,2.6265783480300001e-26,contraction
3703,3703,3.9264493540000003e-08,25468301.525899999,13.796907470400001,-419237647674000,419237647674000,6227370216210,29.459975243433625,2.5786394915200001e-26,contraction
3704,3704,3.9084089579199997e-08,25585857.869100001,13.796907470400001,-423116675107000,423116675107000,6284989421060,29.469185274764886,2.5315755812999999e-26,contraction
3705,3705,3.8904514499399999e-08,25703956.8277,13.796907470400001,-427031594136000,427031594136000,6343141760890,29.478395307517072,2.4853706486399999e-26,contraction
3706,3706,3.8725764492200003e-08,25822600.906300001,13.796907470400001,-430982736857000,430982736857000,6401832168690,29.48760534168273,2.4400090162399999e-26,contraction
3707,3707,3.8547835766600001e-08,25941792.621199999,13.796907470400001,-434970438443000,434970438443000,6461065623090,29.496815377253803,2.3954752929300001e-26,contraction
3708,3708,3.8370724549200001e-08,26061534.5,13.796907470400001,-438995037166000,438995037166000,6520847148810,29.506025414225913,2.3517543684300001e-26,contraction
3709,3709,3.8194427083999998e-08,26181829.082199998,13.796907470400001,-443056874427000,443056874427000,6581181817050,29.515235452592695,2.30883140826e-26,contraction
3710,3710,3.8018939632099999e-08,26302678.919,13.796907470400001,-447156294788000,447156294788000,6642074745920,29.52444549234583,2.2666918486600001e-26,contraction
3711,3711,3.7844258471700003e-08,26424086.573199999,13.796907470400001,-451293645998000,451293645998000,6703531100910,29.533655533480509,2.22532139168e-26,contraction
3712,3712,3.7670379898400001e-08,26546054.619800001,13.796907470400001,-455469279024000,455469279024000,6765556095280,29.542865575988142,2.1847060003299999e-26,contraction
3713,3713,3.7497300224499999e-08,26668585.645199999,13.796907470400001,-459683548081000,459683548081000,6828154990570,29.552075619866446,2.1448318937799999e-26,contraction
3714,3714,3.7325015779599999e-08,26791682.248199999,13.796907470400001,-463936810660000,463936810660000,6891333096950,29.561285665105192,2.1056855427599999e-26,contraction
3715,3715,3.7153522909700001e-08,26915347.039299998,13.796907470400001,-468229427561000,468229427561000,6955095773770,29.570495711700875,2.0672536648700001e-26,contraction
3716,3716,3.6982817978000003e-08,27039582.641100001,13.796907470400001,-472561762922000,472561762922000,7019448429940,29.579705759645769,2.02952322016e-26,contraction
3717,3717,3.68128973643e-08,27164391.6884,13.796907470400001,-476934184251000,476934184251000,7084396524430,29.58891580893394,1.9924814066599999e-26,contraction
3718,3718,3.6643757464799998e-08,27289776.8281,13.796907470400001,-481347062455000,481347062455000,7149945566720,29.598125859559332,1.9561156560499999e-26,contraction
3719,3719,3.6475394692600002e-08,27415740.719300002,13.796907470400001,-485800771875000,485800771875000,7216101117270,29.607335911516135,1.9204136293899999e-26,contraction
3720,3720,3.6307805476999997e-08,27542286.033399999,13.796907470400001,-490295690314000,490295690314000,7282868787990,29.616545964798544,1.8853632129399999e-26,contraction
3721,3721,3.6140986264000001e-08,27669415.454100002,13.796907470400001,-494832199071000,494832199071000,7350254242700,29.625756019398583,1.85095251405e-26,contraction
3722,3722,3.5974933515599998e-08,27797131.6776,13.796907470400001,-499410682975000,499410682975000,7418263197650,29.634966075311514,1.8171698571099999e-26,contraction
3723,3723,3.5809643710300002e-08,27925437.4124,13.796907470400001,-504031530412000,504031530412000,7486901421980,29.644176132532383,1.7840037796299999e-26,contraction
3724,3724,3.5645113342599997e-08,28054335.379500002,13.796907470400001,-508695133366000,508695133366000,7556174738190,29.65338619105346,1.7514430282799999e-26,contraction
3725,3725,3.5481338923400002e-08,28183828.312600002,13.796907470400001,-513401887445000,513401887445000,7626089022670,29.662596250869086,1.7194765551500001e-26,contraction
3726,3726,3.5318316979199998e-08,28313918.958000001,13.796907470400001,-518152191918000,518152191918000,7696650206180,29.671806311973192,1.6880935139499999e-26,contraction
3727,3727,3.5156044052799999e-08,28444610.074499998,13.796907470400001,-522946449749000,522946449749000,7767864274370,29.681016374361477,1.6572832563400001e-26,contraction
3728,3728,3.49945167028e-08,28575904.433699999,13.796907470400001,-527785067631000,527785067631000,7839737268250,29.690226438026528,1.62703532834e-26,contraction
3729,3729,3.4833731503600001e-08,28707804.8202,13.796907470400001,-532668456018000,532668456018000,7912275284730,29.699436502961429,1.5973394667500001e-26,contraction
3730,3730,3.4673685045300002e-08,28840314.031300001,13.796907470400001,-537597029165000,537597029165000,7985484477170,29.708646569163857,1.56818559568e-26,contraction
3731,3731,3.4514373933600003e-08,28973434.877,13.796907470400001,-542571205157000,542571205157000,8059371055810,29.717856636624454,1.5395638231699999e-26,contraction
3732,3732,3.4355794790000003e-08,29107170.1807,13.796907470400001,-547591405950000,547591405950000,8133941288390,29.727066705338601,1.5114644377400001e-26,contraction
3733,3733,3.4197944251400002e-08,29241522.7784,13.796907470400001,-552658057402000,552658057402000,8209201500640,29.736276775301132,1.48387790521e-26,contraction
3734,3734,3.40408189701e-08,29376495.5196,13.796907470400001,-557771589313000,557771589313000,8285158076820,29.745486846506768,1.4567948653700001e-26,contraction
3735,3735,3.3884415613899997e-08,29512091.2667,13.796907470400001,-562932435459000,562932435459000,8361817460240,29.754696918947541,1.4302061288699999e-26,contraction
3736,3736,3.3728730865900001e-08,29648312.895199999,13.796907470400001,-568141033630000,568141033630000,8439186153870,29.76390699262042,1.4041026740599999e-26,contraction
3737,3737,3.3573761424299999e-08,29785163.294300001,13.796907470400001,-573397825667000,573397825667000,8517270720810,29.773117067517518,1.3784756439499999e-26,contraction
3738,3738,3.3419504002599999e-08,29922645.366099998,13.796907470400001,-578703257499000,578703257499000,8596077784920,29.782327143634831,1.3533163431899999e-26,contraction
3739,3739,3.32659553294e-08,30060762.026299998,13.796907470400001,-584057779182000,584057779182000,8675614031330,29.791537220966074,1.3286162351399999e-26,contraction
3740,3740,3.31131121483e-08,30199516.204,13.796907470400001,-589461844935000,589461844935000,8755886207030,29.800747299505399,1.3043669389699999e-26,contraction
3741,3741,3.2960971217700001e-08,30338910.841899998,13.796907470400001,-594915913180000,594915913180000,8836901121450,29.809957379248257,1.2805602267799999e-26,contraction
3742,3742,3.28095293113e-08,30478948.896299999,13.796907470400001,-600420446581000,600420446581000,8918665647010,29.819167460188218,1.25718802086e-26,contraction
3743,3743,3.2658783217200002e-08,30619633.3369,13.796907470400001,-605975912084000,605975912084000,9001186719730,29.828377542320077,1.2342423909300001e-26,contraction
3744,3744,3.2508729738500002e-08,30760967.147399999,13.796907470400001,-611582780954000,611582780954000,9084471339800,29.837587625637763,1.21171555144e-26,contraction
3745,3745,3.2359365692999999e-08,30902953.325100001,13.796907470400001,-617241528817000,617241528817000,9168526572200,29.846797710137245,1.18959985892e-26,contraction
3746,3746,3.2210687912799999e-08,31045594.881299999,13.796907470400001,-622952635701000,622952635701000,9253359547250,29.856007795811095,1.1678878094299999e-26,contraction
3747,3747,3.20626932451e-08,31188894.8409,13.796907470400001,-628716586073000,628716586073000,9338977461280,29.865217882655635,1.14657203596e-26,contraction
3748,3748,3.1915378551000001e-08,31332856.2432,13.796907470400001,-634533868886000,634533868886000,9425387577190,29.874427970665401,1.12564530597e-26,contraction
3749,3749,3.1768740706499998e-08,31477482.140999999,13.796907470400001,-640404977615000,640404977615000,9512597225070,29.883638059833636,1.10510051892e-26,contraction
3750,3750,3.1622776601699998e-08,31622775.6017,13.796907470400001,-646330410301000,646330410301000,9600613802860,29.892848150156322,1.08493070385e-26,contraction
3751,3751,3.1477483140999999e-08,31768739.706500001,13.796907470400001,-652310669595000,652310669595000,9689444776940,29.902058241628193,1.06512901704e-26,contraction
3752,3752,3.1332857243199998e-08,31915377.550999999,13.796907470400001,-658346262798000,658346262798000,9779097682760,29.91126833424244,1.04568873969e-26,contraction
3753,3753,3.1188895840899997e-08,32062692.245099999,13.796907470400001,-664437701903000,664437701903000,9869580125530,29.920478427995917,1.0266032755900001e-26,contraction
3754,3754,3.1045595881300001e-08,32210686.912799999,13.796907470400001,-670585503645000,670585503645000,9960899780800,29.929688522882444,1.00786614894e-26,contraction
3755,3755,3.0902954325100001e-08,32359364.693,13.796907470400001,-676790189536000,676790189536000,10053064395100,29.938898618891844,9.8947100213000001e-27,contraction
3756,3756,3.0760968147400002e-08,32508728.738499999,13.796907470400001,-683052285915000,683052285915000,10146081786800,29.948108716030109,9.7141159358300002e-27,contraction
3757,3757,3.0619634336899998e-08,32658782.2172,13.796907470400001,-689372323991000,689372323991000,10239959846400,29.957318814282221,9.5368179563300001e-27,contraction
3758,3758,3.0478949896300001e-08,32809528.311299998,13.796907470400001,-695750839890000,695750839890000,10334706537600,29.966528913651878,9.3627559245300001e-27,contraction
3759,3759,3.03389118419e-08,32960970.217700001,13.796907470400001,-702188374695000,702188374695000,10430329897600,29.975739014124628,9.1918707801399994e-27,contraction
3760,3760,3.0199517203999998e-08,33113111.1483,13.796907470400001,-708685474499000,708685474499000,10526838038100,29.984949115698928,9.0241045407500002e-27,contraction
3761,3761,3.0060763026300003e-08,33265954.329399999,13.796907470400001,-715242690446000,715242690446000,10624239145900,29.994159218377277,8.8594002822200007e-27,contraction
3762,3762,2.9922646366099997e-08,33419503.002599999,13.796907470400001,-721860578780000,721860578780000,10722541483300,30.003369322138543,8.6977021193399996e-27,contraction
3763,3763,2.97851642943e-08,33573760.4243,13.796907470400001,-728539700893000,728539700893000,10821753389400,30.012579426994414,8.5389551868600007e-27,contraction
3764,3764,2.9648313895200001e-08,33728729.865900002,13.796907470400001,-735280623370000,735280623370000,10921883280100,30.021789532923144,8.3831056208800006e-27,contraction
3765,3765,2.9512092266699999e-08,33884414.613899998,13.796907470400001,-742083918039000,742083918039000,11022939649500,30.030999639933295,8.2301005405899996e-27,contraction
3766,3766,2.9376496519600001e-08,34040817.970100001,13.796907470400001,-748950162019000,748950162019000,11124931070100,30.040209748015588,8.0798880303100006e-27,contraction
3767,3767,2.92415237784e-08,34197943.251400001,13.796907470400001,-755879937769000,755879937769000,11227866193800,30.049419857168004,7.9324171218900003e-27,contraction
3768,3768,2.9107171180699999e-08,34355793.789999999,13.796907470400001,-762873833138000,762873833138000,11331753752500,30.05862996738362,7.7876377773899996e-27,contraction
3769,3769,2.8973435877000001e-08,34514372.933600001,13.796907470400001,-769932441413000,769932441413000,11436602558800,30.067840078647293,7.6455008721399998e-27,contraction
3770,3770,2.8840315031300002e-08,34673684.045299999,13.796907470400001,-777056361373000,777056361373000,11542421507200,30.077050190975214,7.5059581780399995e-27,contraction
3771,3771,2.8707805820200001e-08,34833730.503600001,13.796907470400001,-784246197334000,784246197334000,11649219574000,30.086260304340147,7.3689623472299998e-27,contraction
3772,3772,2.85759054337e-08,34994515.702799998,13.796907470400001,-791502559207000,791502559207000,11757005819000,30.095470418753216,7.2344668959699997e-27,contraction
3773,3773,2.8444611074500001e-08,35156043.0528,13.796907470400001,-798826062544000,798826062544000,11865789385600,30.104680534205826,7.1024261889399999e-27,contraction
3774,3774,2.8313919957999999e-08,35318315.979199998,13.796907470400001,-806217328593000,806217328593000,11975579501800,30.113890650689296,6.9727954236900001e-27,contraction
3775,3775,2.8183829312599999e-08,35481337.9234,13.796907470400001,-813676984352000,813676984352000,12086385481100,30.123100768204562,6.8455306154800004e-27,contraction
3776,3776,2.8054336379499998e-08,35645112.342600003,13.796907470400001,-821205662619000,821205662619000,12198216723000,30.132310886737947,6.7205885823600007e-27,contraction
3777,3777,2.7925438412400001e-08,35809642.710299999,13.796907470400001,-828804002048000,828804002048000,12311082714200,30.14152100629455,6.5979269304700003e-27,contraction
3778,3778,2.77971326776e-08,35974932.515600003,13.796907470400001,-836472647200000,836472647200000,12424993029000,30.150731126864805,6.4775040397200003e-27,contraction
3779,3779,2.7669416454099999e-08,36140985.263999999,13.796907470400001,-844212248604000,844212248604000,12539957330400,30.159941248448106,6.35927904962e-27,contraction
3780,3780,2.75422870334e-08,36307804.476999998,13.796907470400001,-852023462806000,852023462806000,12655985370600,30.169151371027134,6.2432118454299997e-27,contraction
3781,3781,2.7415741719300001e-08,36475393.692599997,13.796907470400001,-859906952426000,859906952426000,12773086992400,30.178361494613455,6.12926304457e-27,contraction
3782,3782,2.7289777828100001e-08,36643756.4648,13.796907470400001,-867863386216000,867863386216000,12891272129400,30.187571619196955,6.0173939832300002e-27,contraction
3783,3783,2.7164392688400002e-08,36812896.364299998,13.796907470400001,-875893439118000,875893439118000,13010550807200,30.196781744774292,5.9075667032500002e-27,contraction
3784,3784,2.70395836411e-08,36982816.978,13.796907470400001,-883997792316000,883997792316000,13130933144000,30.205991871329505,5.7997439392799997e-27,contraction
3785,3785,2.6915348039300001e-08,37153521.909699999,13.796907470400001,-892177133298000,892177133298000,13252429352000,30.215201998875468,5.6938891060899998e-27,contraction
3786,3786,2.67916832482e-08,37325014.779600002,13.796907470400001,-900432155915000,900432155915000,13375049737500,30.224412127395293,5.5899662861799997e-27,contraction
3787,3787,2.66685866452e-08,37497299.2245,13.796907470400001,-908763560434000,908763560434000,13498804702300,30.233622256882615,5.48794021759e-27,contraction
3788,3788,2.65460556198e-08,37670378.898400001,13.796907470400001,-917172053606000,917172053606000,13623704744700,30.242832387349754,5.3877762819299998e-27,contraction
3789,3789,2.64240875732e-08,37844257.471699998,13.796907470400001,-925658348718000,925658348718000,13749760459700,30.252042518776651,5.2894404926499998e-27,contraction
3790,3790,2.6302679919000001e-08,38018938.632100001,13.796907470400001,-934223165660000,934223165660000,13876982540600,30.261252651162849,5.1928994834800002e-27,contraction
3791,3791,2.6181830082199999e-08,38194426.083999999,13.796907470400001,-942867230980000,942867230980000,14005381779600,30.270462784504698,5.09812049715e-27,contraction
3792,3792,2.6061535500000001e-08,38370723.549199998,13.796907470400001,-951591277951000,951591277951000,14134969068700,30.279672918794382,5.0050713742199998e-27,contraction
3793,3793,2.5941793621199999e-08,38547834.766599998,13.796907470400001,-960396046629000,960396046629000,14265755400800,30.288883054032471,4.9137205422299999e-27,contraction
3794,3794,2.5822601906299999e-08,38725763.492200002,13.796907470400001,-969282283919000,969282283919000,14397751870500,30.298093190218324,4.8240370049500003e-27,contraction
3795,3795,2.5703957827699999e-08,38904513.499399997,13.796907470400001,-978250743637000,978250743637000,14530969674900,30.307303327340424,4.7359903318600002e-27,contraction
3796,3796,2.5585858869100001e-08,39084088.5792,13.796907470400001,-987302186573000,987302186573000,14665420114800,30.316513465393932,4.6495506478400002e-27,contraction
3797,3797,2.54683025259e-08,39264492.539999999,13.796907470400001,-996437380558000,996437380558000,14801114595600,30.325723604376435,4.5646886230399999e-27,contraction
3798,3798,2.5351286304999999e-08,39445729.207500003,13.796907470400001,-1005657100530000,1005657100530000,14938064628200,30.334933744283305,4.4813754629000002e-27,contraction
3799,3799,2.52348077248e-08,39627802.425499998,13.796907470400001,-1014962128580000,1014962128580000,15076281830100,30.34414388511599,4.3995828984000003e-27,contraction
3800,3800,2.51188643151e-08,39810716.055299997,13.796907470400001,-1024353254070000,1024353254070000,15215777926000,30.353354026856412,4.3192831764900003e-27,contraction
3801,3801,2.5003453616999999e-08,39994473.976099998,13.796907470400001,-1033831273630000,1033831273630000,15356564749600,30.362564169520297,4.2404490506299997e-27,contraction
3802,3802,2.4888573182799998e-08,40179080.084899999,13.796907470400001,-1043396991280000,1043396991280000,15498654243500,30.371774313084416,4.16305377155e-27,contraction
3803,3803,2.47742205763e-08,40364538.296800002,13.796907470400001,-1053051218480000,1053051218480000,15642058461300,30.38098445755783,4.0870710782200003e-27,contraction
3804,3804,2.4660393372300001e-08,40550852.544799998,13.796907470400001,-1062794774190000,1062794774190000,15786789567800,30.39019460292835,4.0124751888899999e-27,contraction
3805,3805,2.4547089156899999e-08,40738026.780400001,13.796907470400001,-1072628484960000,1072628484960000,15932859840500,30.399404749192854,3.9392407923600001e-27,contraction
3806,3806,2.4434305526900002e-08,40926064.972999997,13.796907470400001,-1082553184970000,1082553184970000,16080281670600,30.408614896354308,3.8673430394000003e-27,contraction
3807,3807,2.4322040090700001e-08,41114971.1105,13.796907470400001,-1092569716130000,1092569716130000,16229067563700,30.417825044399848,3.7967575343100002e-27,contraction
3808,3808,2.4210290467399999e-08,41304749.199000001,13.796907470400001,-1102678928150000,1102678928150000,16379230141300,30.427035193328305,3.72746032664e-27,contraction
3809,3809,2.4099054286899999e-08,41495403.263400003,13.796907470400001,-1112881678570000,1112881678570000,16530782141700,30.436245343139369,3.6594279030600003e-27,contraction
3810,3810,2.3988329190199999e-08,41686937.347000003,13.796907470400001,-1123178832910000,1123178832910000,16683736421000,30.445455493828696,3.5926371794100001e-27,contraction
3811,3811,2.3878112829099999e-08,41879355.511799999,13.796907470400001,-1133571264660000,1133571264660000,16838105954100,30.454665645382722,3.5270654928299998e-27,contraction
3812,3812,2.37684028662e-08,42072661.838399999,13.796907470400001,-1144059855410000,1144059855410000,16993903836300,30.46387579780847,3.4626905940999997e-27,contraction
3813,3813,2.3659196974899999e-08,42266860.426600002,13.796907470400001,-1154645494900000,1154645494900000,17151143283800,30.473085951096991,3.39949064005e-27,contraction
3814,3814,2.3550492839000002e-08,42461955.394599997,13.796907470400001,-1165329081110000,1165329081110000,17309837635100,30.482296105240209,3.3374441862199996e-27,contraction
3815,3815,2.3442288153199999e-08,42657950.880199999,13.796907470400001,-1176111520320000,1176111520320000,17470000352400,30.491506260246236,3.2765301795000003e-27,contraction
3816,3816,2.3334580622800002e-08,42854851.039700001,13.796907470400001,-1186993727210000,1186993727210000,17631645022000,30.500716416096569,3.21672795105e-27,contraction
3817,3817,2.3227367963600001e-08,43052660.049199998,13.796907470400001,-1197976624910000,1197976624910000,17794785356400,30.509926572800538,3.15801720926e-27,contraction
3818,3818,2.3120647901799999e-08,43251382.103500001,13.796907470400001,-1209061145100000,1209061145100000,17959435194600,30.519136730345966,3.1003780328800001e-27,contraction
3819,3819,2.30144181741e-08,43451021.417199999,13.796907470400001,-1220248228060000,1220248228060000,18125608503900,30.528346888734703,3.0437908642200001e-27,contraction
3820,3820,2.29086765277e-08,43651582.223999999,13.796907470400001,-1231538822810000,1231538822810000,18293319380600,30.537557047955474,2.9882365025700001e-27,contraction
3821,3821,2.2803420719999999e-08,43853068.777500004,13.796907470400001,-1242933887110000,1242933887110000,18462582051600,30.546767208006369,2.93369609765e-27,contraction
3822,3822,2.2698648518800001e-08,44055485.350699998,13.796907470400001,-1254434387610000,1254434387610000,18633410875500,30.555977368888684,2.8801511432200002e-27,contraction
3823,3823,2.25943577022e-08,44258836.236299999,13.796907470400001,-1266041299900000,1266041299900000,18805820343700,30.565187530600504,2.8275834708300001e-27,contraction
3824,3824,2.24905460584e-08,44463125.7469,13.796907470400001,-1277755608570000,1277755608570000,18979825081400,30.574397693124766,2.7759752435799999e-27,contraction
3825,3825,2.2387211385700001e-08,44668358.215099998,13.796907470400001,-1289578307360000,1289578307360000,19155439849600,30.583607856469573,2.72530895017e-27,contraction
3826,3826,2.22843514927e-08,44874537.993299998,13.796907470400001,-1301510399180000,1301510399180000,19332679545600,30.592818020628165,2.6755673988600001e-27,contraction
3827,3827,2.2181964198000001e-08,45081669.454099998,13.796907470400001,-1313552896230000,1313552896230000,19511559204600,30.602028185596826,2.62673371172e-27,contraction
3828,3828,2.20800473302e-08,45289756.990400001,13.796907470400001,-1325706820070000,1325706820070000,19692094000900,30.611238351370901,2.5787913188500001e-27,contraction
3829,3829,2.1978598727799999e-08,45498805.015000001,13.796907470400001,-1337973201710000,1337973201710000,19874299249200,30.620448517945484,2.5317239527699998e-27,contraction
3830,3830,2.1877616239500001e-08,45708817.961499996,13.796907470400001,-1350353081710000,1350353081710000,20058190406000,30.629658685320472,2.4855156428999999e-27,contraction
3831,3831,2.1777097723499999e-08,45919800.283699997,13.796907470400001,-1362847510250000,1362847510250000,20243783070700,30.63886885348991,2.4401507101600001e-27,contraction
3832,3832,2.1677041048199999e-08,46131756.456,13.796907470400001,-1375457547240000,1375457547240000,20431092987100,30.64807902245089,2.3956137616299999e-27,contraction
3833,3833,2.1577444091500001e-08,46344690.9736,13.796907470400001,-1388184262370000,1388184262370000,20620136044600,30.65728919219686,2.35188968533e-27,contraction
3834,3834,2.1478304741300001e-08,46558608.352300003,13.796907470400001,-1401028735250000,1401028735250000,20810928279800,30.666499362729891,2.30896364509e-27,contraction
3835,3835,2.1379620895000001e-08,46773513.128700003,13.796907470400001,-1413992055480000,1413992055480000,21003485877500,30.675709534043129,2.2668210755400001e-27,contraction
3836,3836,2.1281390459799999e-08,46989409.8605,13.796907470400001,-1427075322730000,1427075322730000,21197825172300,30.684919706131925,2.22544767711e-27,contraction
3837,3837,2.1183611352499999e-08,47206303.126400001,13.796907470400001,-1440279646850000,1440279646850000,21393962650000,30.694129878994378,2.1848294112700002e-27,contraction
3838,3838,2.10862814993e-08,47424197.526000001,13.796907470400001,-1453606147970000,1453606147970000,21591914948900,30.703340052626675,2.1449524956600001e-27,contraction
3839,3839,2.0989398836199999e-08,47643097.680500001,13.796907470400001,-1467055956560000,1467055956560000,21791698861200,30.712550227022636,2.10580339951e-27,contraction
3840,3840,2.0892961308499999e-08,47863008.232299998,13.796907470400001,-1480630213580000,1480630213580000,21993331334600,30.721760402181815,2.06736883898e-27,contraction
3841,3841,2.0796966870999999e-08,48083933.844999999,13.796907470400001,-1494330070520000,1494330070520000,22196829473600,30.73097057810303,2.0296357726900001e-27,contraction
3842,3842,2.0701413487900001e-08,48305879.204000004,13.796907470400001,-1508156689540000,1508156689540000,22402210540800,30.740180754777654,1.99259139729e-27,contraction
3843,3843,2.0606299132699999e-08,48528849.016199999,13.796907470400001,-1522111243550000,1522111243550000,22609491958600,30.749390932200388,1.9562231430799999e-27,contraction
3844,3844,2.0511621788300001e-08,48752848.010300003,13.796907470400001,-1536194916320000,1536194916320000,22818691310900,30.758601110378823,1.92051866981e-27,contraction
3845,3845,2.0417379446699999e-08,48977880.936800003,13.796907470400001,-1550408902550000,1550408902550000,23029826343800,30.767811289298496,1.8854658624400001e-27,contraction
3846,3846,2.0323570109399999e-08,49203952.568099998,13.796907470400001,-1564754408030000,1564754408030000,23242914967900,30.777021468958072,1.85105282705e-27,contraction
3847,3847,2.0230191786799999e-08,49431067.698700003,13.796907470400001,-1579232649670000,1579232649670000,23457975259600,30.786231649359387,1.8172678868e-27,contraction
3848,3848,2.01372424986e-08,49659231.145000003,13.796907470400001,-1593844855670000,1593844855670000,23675025462400,30.79544183049747,1.7840995779700002e-27,contraction
3849,3849,2.0044720273700001e-08,49888447.745999999,13.796907470400001,-1608592265580000,1608592265580000,23894083988500,30.804652012363022,1.75153664607e-27,contraction
3850,3850,1.99526231497e-08,50118722.3627,13.796907470400001,-1623476130410000,1623476130410000,24115169420700,30.813862194956631,1.7195680420199998e-27,contraction
3851,3851,1.98609491736e-08,50350059.878799997,13.796907470400001,-1638497712760000,1638497712760000,24338300513700,30.823072378276994,1.6881829184000001e-27,contraction
3852,3852,1.9769696401100002e-08,50582465.200300001,13.796907470400001,-1653658286920000,1653658286920000,24563496195700,30.832282562321343,1.6573706257700001e-27,contraction
3853,3853,1.9678862897099999e-08,50815943.256099999,13.796907470400001,-1668959138940000,1668959138940000,24790775569900,30.841492747081261,1.6271207090699999e-27,contraction
3854,3854,1.9588446735100001e-08,51050498.997500002,13.796907470400001,-1684401566810000,1684401566810000,25020157916400,30.85070293255411,1.5974229040499999e-27,contraction
3855,3855,1.9498445997599999e-08,51286137.399099998,13.796907470400001,-1699986880510000,1699986880510000,25251662693800,30.859913118741357,1.56826713379e-27,contraction
3856,3856,1.94088587759e-08,51522863.4582,13.796907470400001,-1715716402120000,1715716402120000,25485309540500,30.869123305634627,1.53964350531e-27,contraction
3857,3857,1.93196831702e-08,51760682.195100002,13.796907470400001,-1731591465990000,1731591465990000,25721118276900,30.878333493236923,1.5115423061599999e-27,contraction
3858,3858,1.92309172891e-08,51999598.653399996,13.796907470400001,-1747613418800000,1747613418800000,25959108906400,30.887543681535853,1.48395400119e-27,contraction
3859,3859,1.91425592502e-08,52239617.899899997,13.796907470400001,-1763783619680000,1763783619680000,26199301618000,30.896753870538799,1.4568692292600001e-27,contraction
3860,3860,1.90546071796e-08,52480745.024999999,13.796907470400001,-1780103440360000,1780103440360000,26441716787000,30.905964060233732,1.4302788001e-27,contraction
3861,3861,1.8967059212100001e-08,52722985.142300002,13.796907470400001,-1796574265240000,1796574265240000,26686374977600,30.915174250622737,1.40417369115e-27,contraction
3862,3862,1.8879913490999999e-08,52966343.389200002,13.796907470400001,-1813197491540000,1813197491540000,26933296944100,30.924384441701179,1.37854504454e-27,contraction
3863,3863,1.8793168168000001e-08,53210824.926700003,13.796907470400001,-1829974529420000,1829974529420000,27182503632800,30.933594633463116,1.35338416409e-27,contraction
3864,3864,1.8706821403700001e-08,53456434.9397,13.796907470400001,-1846906802050000,1846906802050000,27434016184000,30.942804825909501,1.3286825123100001e-27,contraction
3865,3865,1.8620871366599999e-08,53703178.637000002,13.796907470400001,-1863995745820000,1863995745820000,27687855933400,30.952015019033666,1.3044317075299999e-27,contraction
3866,3866,1.85353162341e-08,53951061.251500003,13.796907470400001,-1881242810370000,1881242810370000,27944044414300,30.961225212835625,1.2806235210800001e-27,contraction
3867,3867,1.8450154191799999e-08,54200088.040200002,13.796907470400001,-1898649458770000,1898649458770000,28202603359100,30.97043540731018,1.2572498744599999e-27,contraction
3868,3868,1.83653834335e-08,54450264.284199998,13.796907470400001,-1916217167630000,1916217167630000,28463554701400,30.979645602456188,1.2343028366199999e-27,contraction
3869,3869,1.8281002161400001e-08,54701595.289399996,13.796907470400001,-1933947427210000,1933947427210000,28726920577700,30.988855798270752,1.2117746212599999e-27,contraction
3870,3870,1.8197008586100001e-08,54954086.385799997,13.796907470400001,-1951841741570000,1951841741570000,28992723329200,30.998065994746653,1.1896575842000001e-27,contraction
3871,3871,1.8113400926200001e-08,55207742.928099997,13.796907470400001,-1969901628690000,1969901628690000,29260985504100,31.007276191886351,1.16794422076e-27,contraction
3872,3872,1.8030177408599999e-08,55462570.2958,13.796907470400001,-1988128620580000,1988128620580000,29531729858900,31.016486389680811,1.1466271632599999e-27,contraction
3873,3873,1.7947336268299999e-08,55718573.893200003,13.796907470400001,-2006524263450000,2006524263450000,29804979361000,31.02569658813249,1.12569917846e-27,contraction
3874,3874,1.7864875748500001e-08,55975759.149499997,13.796907470400001,-2025090117780000,2025090117780000,30080757190100,31.034906787236583,1.1051531651600001e-27,contraction
3875,3875,1.7782794100400001e-08,56234131.519000001,13.796907470400001,-2043827758540000,2043827758540000,30359086740400,31.044116986989042,1.08498215176e-27,contraction
3876,3876,1.7701089583200001e-08,56493696.481200002,13.796907470400001,-2062738775220000,2062738775220000,30639991622600,31.053327187387062,1.06517929389e-27,contraction
3877,3877,1.76197604641e-08,56754459.540899999,13.796907470400001,-2081824772050000,2081824772050000,30923495665900,31.062537388428925,1.04573787214e-27,contraction
3878,3878,1.7538805018400001e-08,57016426.228100002,13.796907470400001,-2101087368090000,2101087368090000,31209622919900,31.071747590110053,1.02665128968e-27,contraction
3879,3879,1.7458221529200001e-08,57279602.0986,13.796907470400001,-2120528197400000,2120528197400000,31498397656800,31.080957792428219,1.00791307013e-27,contraction
3880,3880,1.73780082875e-08,57543992.7337,13.796907470400001,-2140148909140000,2140148909140000,31789844373400,31.090167995381584,9.8951685530400003e-28,contraction
3881,3881,1.7298163592200001e-08,57809603.740599997,13.796907470400001,-2159951167730000,2159951167730000,32083987793100,31.099378198966253,9.7145640304399996e-28,contraction
3882,3882,1.7218685749899999e-08,58076440.752099998,13.796907470400001,-2179936652990000,2179936652990000,32380852868000,31.108588403176437,9.5372558513900003e-28,contraction
3883,3883,1.7139573075099999e-08,58344509.4274,13.796907470400001,-2200107060310000,2200107060310000,32680464781400,31.11779860801628,9.3631838522100008e-28,contraction
3884,3884,1.706082389e-08,58613815.451399997,13.796907470400001,-2220464100730000,2220464100730000,32982848949200,31.127008813477072,9.1922889673100008e-28,contraction
3885,3885,1.6982436524599999e-08,58884364.535599999,13.796907470400001,-2241009501150000,2241009501150000,33288031022700,31.136219019557203,9.0245132091300003e-28,contraction
3886,3886,1.6904409316400001e-08,59156162.417499997,13.796907470400001,-2261745004420000,2261745004420000,33596036890600,31.145429226256571,8.8597996484699993e-28,contraction
3887,3887,1.6826740610700001e-08,59429214.861599997,13.796907470400001,-2282672369550000,2282672369550000,33906892680900,31.154639433567802,8.69809239519e-28,contraction
3888,3888,1.67494287603e-08,59703527.658399999,13.796907470400001,-2303793371800000,2303793371800000,34220624763600,31.163849641490692,8.5393365792199995e-28,contraction
3889,3889,1.6672472125500002e-08,59979106.625600003,13.796907470400001,-2325109802870000,2325109802870000,34537259752600,31.173059850022149,8.3834783319699993e-28,contraction
3890,3890,1.6595869074399999e-08,60255957.6074,13.796907470400001,-2346623471030000,2346623471030000,34856824508100,31.182270059160388,8.2304647679999991e-28,contraction
3891,3891,1.6519617982300002e-08,60534086.475400001,13.796907470400001,-2368336201300000,2368336201300000,35179346138700,31.191480268899799,8.0802439671500001e-28,contraction
3892,3892,1.6443717232099998e-08,60813499.127899997,13.796907470400001,-2390249835550000,2390249835550000,35504852004100,31.200690479242411,7.9327649568700001e-28,contraction
3893,3893,1.6368165214299998e-08,61094201.490599997,13.796907470400001,-2412366232730000,2412366232730000,35833369716800,31.209900690180199,7.78797769492e-28,contraction
3894,3894,1.62929603264e-08,61376199.516500004,13.796907470400001,-2434687268970000,2434687268970000,36164927145000,31.219110901710966,7.6458330524500002e-28,contraction
3895,3895,1.6218100973600001e-08,61659499.186099999,13.796907470400001,-2457214837770000,2457214837770000,36499552414900,31.22832111383633,7.5062827972300001e-28,contraction
3896,3896,1.6143585568299999e-08,61944106.507700004,13.796907470400001,-2479950850150000,2479950850150000,36837273912700,31.237531326551064,7.3692795774100001e-28,contraction
3897,3897,1.6069412530100001e-08,62230027.516900003,13.796907470400001,-2502897234790000,2502897234790000,37178120287300,31.246741539851271,7.2347769053300001e-28,contraction
3898,3898,1.5995580286100001e-08,62517268.277599998,13.796907470400001,-2526055938250000,2526055938250000,37522120452700,31.255951753733505,7.1027291418299997e-28,contraction
3899,3899,1.5922087270500001e-08,62805834.881300002,13.796907470400001,-2549428925080000,2549428925080000,37869303590700,31.265161968201287,6.9730914807399996e-28,contraction
3900,3900,1.5848931924599999e-08,63095733.447999999,13.796907470400001,-2573018178020000,2573018178020000,38219699152600,31.274372183244495,6.8458199336600003e-28,contraction
3901,3901,1.5776112697000001e-08,63386970.125699997,13.796907470400001,-2596825698130000,2596825698130000,38573336862600,31.283582398863356,6.7208713150400002e-28,contraction
3902,3902,1.57036280433e-08,63679551.090800002,13.796907470400001,-2620853505020000,2620853505020000,38930246719800,31.292792615054591,6.5982032275700001e-28,contraction
3903,3903,1.5631476426400001e-08,63973482.548299998,13.796907470400001,-2645103636970000,2645103636970000,39290459001000,31.302002831818054,6.4777740477099999e-28,contraction
3904,3904,1.5559656316100002e-08,64268770.731700003,13.796907470400001,-2669578151110000,2669578151110000,39654004263000,31.311213049149831,6.3595429116599998e-28,contraction
3905,3905,1.5488166189099999e-08,64565421.903499998,13.796907470400001,-2694279123640000,2694279123640000,40020913345400,31.320423267047602,6.24346970141e-28,contraction
3906,3906,1.5417004529499998e-08,64863442.354800001,13.796907470400001,-2719208649920000,2719208649920000,40391217373000,31.329633485505212,6.1295150311999999e-28,contraction
3907,3907,1.5346169827999999e-08,65162838.406099997,13.796907470400001,-2744368844740000,2744368844740000,40764947758900,31.338843704524141,6.0176402341100001e-28,contraction
3908,3908,1.52756605824e-08,65463616.4067,13.796907470400001,-2769761842440000,2769761842440000,41142136206700,31.348053924101837,5.9078073489400002e-28,contraction
3909,3909,1.52054752973e-08,65765782.7355,13.796907470400001,-2795389797110000,2795389797110000,41522814713200,31.357264144232165,5.7999791073599996e-28,contraction
3910,3910,1.51356124844e-08,66069343.800800003,13.796907470400001,-2821254882770000,2821254882770000,41907015571600,31.366474364917156,5.6941189212499996e-28,contraction
3911,3911,1.50660706619e-08,66374306.040200002,13.796907470400001,-2847359293560000,2847359293560000,42294771373600,31.375684586151532,5.5901908702500003e-28,contraction
3912,3912,1.4996848355000001e-08,66680675.921400003,13.796907470400001,-2873705243930000,2873705243930000,42686115012600,31.384894807933215,5.4881596896500003e-28,contraction
3913,3913,1.49279440958e-08,66988459.941699997,13.796907470400001,-2900294968800000,2900294968800000,43081079686300,31.394105030258761,5.3879907583399997e-28,contraction
3914,3914,1.4859356422899999e-08,67297664.628399998,13.796907470400001,-2927130723790000,2927130723790000,43479698899700,31.40331525312768,5.2896500871099998e-28,contraction
3915,3915,1.4791083881700001e-08,67608296.539199993,13.796907470400001,-2954214785370000,2954214785370000,43882006467700,31.412525476536747,5.1931043071200001e-28,contraction
3916,3916,1.47231250243e-08,67920362.261700004,13.796907470400001,-2981549451100000,2981549451100000,44288036518000,31.421735700480856,5.0983206585599998e-28,contraction
3917,3917,1.46554784096e-08,68233868.414199993,13.796907470400001,-3009137039770000,3009137039770000,44697823494400,31.43094592496216,5.0052669795399996e-28,contraction
3918,3918,1.45881426028e-08,68548821.645300001,13.796907470400001,-3036979891640000,3036979891640000,45111402159100,31.440156149975959,4.9139116951500001e-28,contraction
3919,3919,1.4521116175900001e-08,68865228.634399995,13.796907470400001,-3065080368640000,3065080368640000,45528807596000,31.449366375518718,4.82422380682e-28,contraction
3920,3920,1.44543977075e-08,69183096.091900006,13.796907470400001,-3093440854520000,3093440854520000,45950075213700,31.458576601588536,4.7361728817099997e-28,contraction
3921,3921,1.4387985782599999e-08,69502430.758900002,13.796907470400001,-3122063755120000,3122063755120000,46375240748500,31.467786828184991,4.6497290424600001e-28,contraction
3922,3922,1.4321878992700001e-08,69823239.407700002,13.796907470400001,-3150951498510000,3150951498510000,46804340267200,31.476997055304128,4.56486295701e-28,contraction
3923,3923,1.4256075936e-08,70145528.841999993,13.796907470400001,-3180106535260000,3180106535260000,47237410170300,31.486207282941592,4.4815458286500004e-28,contraction
3924,3924,1.4190575216899999e-08,70469305.896699995,13.796907470400001,-3209531338580000,3209531338580000,47674487195400,31.495417511099184,4.3997493862700001e-28,contraction
3925,3925,1.4125375446200001e-08,70794577.4384,13.796907470400001,-3239228404600000,3239228404600000,48115608419700,31.504627739771792,4.3194458747300002e-28,contraction
3926,3926,1.40604752413e-08,71121350.3653,13.796907470400001,-3269200252510000,3269200252510000,48560811263600,31.513837968957045,4.2406080455000002e-28,contraction
3927,3927,1.39958732257e-08,71449631.607600003,13.796907470400001,-3299449424840000,3299449424840000,49010133493800,31.523048198653679,4.1632091473499999e-28,contraction
3928,3928,1.39315680295e-08,71779428.127100006,13.796907470400001,-3329978487630000,3329978487630000,49463613226300,31.532258428857382,4.0872229173299998e-28,contraction
3929,3929,1.38675582887e-08,72110746.918300003,13.796907470400001,-3360790030670000,3360790030670000,49921288930100,31.541468659570253,4.0126235718100002e-28,contraction
3930,3930,1.3803842646e-08,72443595.007499993,13.796907470400001,-3391886667700000,3391886667700000,50383199429600,31.550678890783399,3.9393857977600001e-28,contraction
3931,3931,1.3740419750099999e-08,72777979.453700006,13.796907470400001,-3423271036660000,3423271036660000,50849383909100,31.559889122501147,3.8674847441600002e-28,contraction
3932,3932,1.3677288256e-08,73113907.348299995,13.796907470400001,-3454945799900000,3454945799900000,51319881914900,31.569099354716595,3.7968960135599998e-28,contraction
3933,3933,1.3614446824700001e-08,73451385.815699995,13.796907470400001,-3486913644390000,3486913644390000,51794733359500,31.578309587428453,3.7275956538e-28,contraction
3934,3934,1.35518941235e-08,73790422.012899995,13.796907470400001,-3519177281970000,3519177281970000,52273978524700,31.587519820635304,3.6595601498800001e-28,contraction
3935,3935,1.3489628825900001e-08,74131023.130099997,13.796907470400001,-3551739449570000,3551739449570000,52757658065000,31.5967300543353,3.5927664160000002e-28,contraction
3936,3936,1.34276496114e-08,74473196.390599996,13.796907470400001,-3584602909450000,3584602909450000,53245813011000,31.605940288525261,3.5271917877100001e-28,contraction
3937,3937,1.33659551655e-08,74816949.051100001,13.796907470400001,-3617770449420000,3617770449420000,53738484772900,31.615150523201088,3.4628140142200001e-28,contraction
3938,3938,1.3304544179800001e-08,75162288.401800007,13.796907470400001,-3651244883090000,3651244883090000,54235715144400,31.624360758364954,3.39961125086e-28,contraction
3939,3939,1.32434153519e-08,75509221.766499996,13.796907470400001,-3685029050120000,3685029050120000,54737546305500,31.633570994011404,3.33756205166e-28,contraction
3940,3940,1.3182567385600001e-08,75857756.502900004,13.796907470400001,-3719125816410000,3719125816410000,55244020826700,31.642781230138947,3.27664536206e-28,contraction
3941,3941,1.3121998990200001e-08,76207900.002499998,13.796907470400001,-3753538074410000,3753538074410000,55755181672400,31.65199146674609,3.2168405117999999e-28,contraction
3942,3942,1.30617088813e-08,76559659.691100001,13.796907470400001,-3788268743310000,3788268743310000,56271072204400,31.661201703828773,3.15812720789e-28,contraction
3943,3943,1.3001695780300001e-08,76913043.028699994,13.796907470400001,-3823320769330000,3823320769330000,56791736185900,31.670411941386146,3.1004855276800002e-28,contraction
3944,3944,1.2941958414500001e-08,77268057.509599999,13.796907470400001,-3858697125930000,3858697125930000,57317217785000,31.679622179416707,3.0438959121999999e-28,contraction
3945,3945,1.28824955169e-08,77624710.662900001,13.796907470400001,-3894400814110000,3894400814110000,57847561578300,31.688832417915819,2.98833915943e-28,contraction
3946,3946,1.2823305826599999e-08,77983010.052300006,13.796907470400001,-3930434862620000,3930434862620000,58382812555200,31.698042656884706,2.93379641781e-28,contraction
3947,3947,1.27643880881e-08,78342963.276600003,13.796907470400001,-3966802328240000,3966802328240000,58923016121100,31.707252896319734,2.8802491798800002e-28,contraction
3948,3948,1.2705741052100001e-08,78704577.969500005,13.796907470400001,-4003506296020000,4003506296020000,59468218101500,31.716463136216817,2.8276792759399998e-28,contraction
3949,3949,1.26473634747e-08,79067861.799999997,13.796907470400001,-4040549879580000,4040549879580000,60018464746200,31.725673376576633,2.7760688679599999e-28,contraction
3950,3950,1.2589254117899999e-08,79432822.472399995,13.796907470400001,-4077936221330000,4077936221330000,60573802732700,31.734883617395774,2.7254004434500001e-28,contraction
3951,3951,1.2531411749400001e-08,79799467.726799995,13.796907470400001,-4115668492770000,4115668492770000,61134279170500,31.744093858672496,2.6756568095500001e-28,contraction
3952,3952,1.2473835142399999e-08,80167805.338799998,13.796907470400001,-4153749894740000,4153749894740000,61699941604900,31.753304100403462,2.6268210872200002e-28,contraction
3953,3953,1.24165230759e-08,80537843.119900003,13.796907470400001,-4192183657690000,4192183657690000,62270838021300,31.762514342588098,2.57887670549e-28,contraction
3954,3954,1.2359474334400001e-08,80909588.917799994,13.796907470400001,-4230973041970000,4230973041970000,62847016849000,31.771724585224163,2.5318073958100001e-28,contraction
3955,3955,1.23026877081e-08,81283050.616400003,13.796907470400001,-4270121338090000,4270121338090000,63428526965400,31.780934828309267,2.4855971865900001e-28,contraction
3956,3956,1.22461619927e-08,81658236.135900006,13.796907470400001,-4309631867020000,4309631867020000,64015417700200,31.790145071841721,2.4402303977400001e-28,contraction
3957,3957,1.2189895989199999e-08,82035153.432999998,13.796907470400001,-4349507980450000,4349507980450000,64607738839500,31.799355315819192,2.3956916353399999e-28,contraction
3958,3958,1.21338885046e-08,82413810.501300007,13.796907470400001,-4389753061080000,4389753061080000,65205540630000,31.808565560238375,2.3519657864600002e-28,contraction
3959,3959,1.2078138351100001e-08,82794215.371199995,13.796907470400001,-4430370522900000,4430370522900000,65808873783600,31.817775805100169,2.30903801398e-28,contraction
3960,3960,1.20226443462e-08,83176376.110300004,13.796907470400001,-4471363811530000,4471363811530000,66417789481000,31.826986050398904,2.2668937516200002e-28,contraction
3961,3961,1.1967405313100001e-08,83560300.823100001,13.796907470400001,-4512736404420000,4512736404420000,67032339376900,31.836196296135476,2.2255186989300001e-28,contraction
3962,3962,1.19124200803e-08,83945997.651899993,13.796907470400001,-4554491811220000,4554491811220000,67652575603700,31.845406542306932,2.1848988164600002e-28,contraction
3963,3963,1.1857687481699999e-08,84333474.7764,13.796907470400001,-4596633574070000,4596633574070000,68278550776200,31.854616788910736,2.1450203210400002e-28,contraction
3964,3964,1.18032063565e-08,84722740.414100006,13.796907470400001,-4639165267860000,4639165267860000,68910317996100,31.863827035945267,2.1058696810300001e-28,contraction
3965,3965,1.1748975549400001e-08,85113802.820199996,13.796907470400001,-4682090500570000,4682090500570000,69547930856400,31.873037283408287,2.06743361178e-28,contraction
3966,3966,1.16949939102e-08,85506670.288499996,13.796907470400001,-4725412913560000,4725412913560000,70191443446100,31.882247531299146,2.0296990711200002e-28,contraction
3967,3967,1.16412602941e-08,85901351.1505,13.796907470400001,-4769136181880000,4769136181880000,70840910354500,31.891457779614647,1.99265325489e-28,contraction
3968,3968,1.1587773561599999e-08,86297853.776700005,13.796907470400001,-4813264014600000,4813264014600000,71496386676100,31.900668028352921,1.95628359267e-28,contraction
3969,3969,1.1534532578199999e-08,86696186.575800002,13.796907470400001,-4857800155090000,4857800155090000,72157928015100,31.909878277510966,1.9205777434299999e-28,contraction
3970,3970,1.1481536215e-08,87096357.9956,13.796907470400001,-4902748381370000,4902748381370000,72825590490500,31.919088527089954,1.88552359141e-28,contraction
3971,3971,1.1428783347900001e-08,87498376.522699997,13.796907470400001,-4948112506410000,4948112506410000,73499430740100,31.928298777084692,1.85110924197e-28,contraction
3972,3972,1.1376272858200001e-08,87902250.6831,13.796907470400001,-4993896378470000,4993896378470000,74179505926200,31.937509027495988,1.81732301759e-28,contraction
3973,3973,1.13240036324e-08,88307989.041899994,13.796907470400001,-5040103881410000,5040103881410000,74865873739700,31.946719278320359,1.78415345385e-28,contraction
3974,3974,1.12719745618e-08,88715600.203799993,13.796907470400001,-5086738935030000,5086738935030000,75558592405400,31.955929529555622,1.7515892956199999e-28,contraction
3975,3975,1.1220184543e-08,89125092.8134,13.796907470400001,-5133805495390000,5133805495390000,76257720686900,31.9651397812003,1.7196194931400001e-28,contraction
3976,3976,1.11686324778e-08,89536475.555000007,13.796907470400001,-5181307555160000,5181307555160000,76963317891500,31.974350033252499,1.68823319837e-28,contraction
3977,3977,1.11173172728e-08,89949757.152999997,13.796907470400001,-5229249143980000,5229249143980000,77675443875300,31.983560285710805,1.6574197612599999e-28,contraction
3978,3978,1.10662378398e-08,90364946.372199997,13.796907470400001,-5277634328730000,5277634328730000,78394159048200,31.992770538573279,1.62716872612e-28,contraction
3979,3979,1.10153930954e-08,90782052.017800003,13.796907470400001,-5326467213950000,5326467213950000,79119524379100,32.001980791838434,1.59746982812e-28,contraction
3980,3980,1.09647819614e-08,91201082.935599998,13.796907470400001,-5375751942160000,5375751942160000,79851601400900,32.011191045503061,1.5683129897700001e-28,contraction
3981,3981,1.0914403364499999e-08,91622048.012199998,13.796907470400001,-5425492694180000,5425492694180000,80590452216000,32.020401299565762,1.5396883174899999e-28,contraction
3982,3982,1.0864256236200001e-08,92044956.175300002,13.796907470400001,-5475693689560000,5475693689560000,81336139501400,32.029611554024854,1.5115860983200001e-28,contraction
3983,3983,1.0814339512999999e-08,92469816.393800005,13.796907470400001,-5526359186860000,5526359186860000,82088726514100,32.03882180887932,1.48399679654e-28,contraction
3984,3984,1.07646521363e-08,92896637.678000003,13.796907470400001,-5577493484050000,5577493484050000,82848277096200,32.048032064125628,1.4569110504900001e-28,contraction
3985,3985,1.07151930524e-08,93325429.079699993,13.796907470400001,-5629100918880000,5629100918880000,83614855680800,32.05724231976361,1.43031966937e-28,contraction
3986,3986,1.0665961212300001e-08,93756199.692599997,13.796907470400001,-5681185869220000,5681185869220000,84388527297100,32.066452575791985,1.4042136301399999e-28,contraction
3987,3987,1.0616955572e-08,94188958.6523,13.796907470400001,-5733752753460000,5733752753460000,85169357575800,32.075662832207016,1.3785840744400001e-28,contraction
3988,3988,1.05681750921e-08,94623715.136600003,13.796907470400001,-5786806030870000,5786806030870000,85957412755100,32.084873089007694,1.3534223055700001e-28,contraction
3989,3989,1.05196187382e-08,95060478.365600005,13.796907470400001,-5840350201970000,5840350201970000,86752759686000,32.094083346191894,1.3287197856e-28,contraction
3990,3990,1.04712854805e-08,95499257.6021,13.796907470400001,-5894389808960000,5894389808960000,87555465838200,32.103293603759077,1.3044681323899999e-28,contraction
3991,3991,1.0423174293900001e-08,95940062.151600003,13.796907470400001,-5948929436010000,5948929436010000,88365599305500,32.112503861706536,1.28065911683e-28,contraction
3992,3992,1.0375284158199999e-08,96382901.362399995,13.796907470400001,-6003973709760000,6003973709760000,89183228811800,32.121714120032017,1.25728465997e-28,contraction
3993,3993,1.03276140576e-08,96827784.626100004,13.796907470400001,-6059527299630000,6059527299630000,90008423717100,32.130924378735564,1.23433683033e-28,contraction
3994,3994,1.02801629813e-08,97274721.377700001,13.796907470400001,-6115594918250000,6115594918250000,90841254022800,32.140134637813027,1.2118078411899999e-28,contraction
3995,3995,1.02329299228e-08,97723721.095599994,13.796907470400001,-6172181321860000,6172181321860000,91681790378500,32.1493448972656,1.18969004797e-28,contraction
3996,3996,1.01859138805e-08,98174793.302000001,13.796907470400001,-6229291310720000,6229291310720000,92530104087000,32.158555157088884,1.16797594558e-28,contraction
3997,3997,1.0139113857400001e-08,98627947.563099995,13.796907470400001,-6286929729480000,6286929729480000,93386267111200,32.167765417282261,1.14665816594e-28,contraction
3998,3998,1.00925288608e-08,99083193.489299998,13.796907470400001,-6345101467640000,6345101467640000,94250352079800,32.176975677844389,1.12572947545e-28,contraction
3999,3999,1.00461579028e-08,99540540.735200003,13.796907470400001,-6403811459920000,6403811459920000,95122432293400,32.186185938772624,1.1051827725199999e-28,contraction
4000,4000,1e-08,99999999,13.796907470400001,-6463064686730000,6463064686730000,96002581731000,32.195396200066021,1.0850110851900001e-28,contraction
