0.000000000000000000e+00
0.000000000000000000e+00
1.991513179202149977e-14
1.991513179202149977e-14
1.991513179202149977e-14
1.991513179202149977e-14
1.991513179202149977e-14
1.991513179202149977e-14
1.991513179202149977e-14
1.991513179202149977e-14
1.991513179202149977e-14
1.991513179202149977e-14
1.991513179202149977e-14
1.991513179202149977e-14
1.991513179202149977e-14
1.991513179202149977e-14
1.991513179202149977e-14
1.991513179202149977e-14
1.991513179202149977e-14
1.991513179202149977e-14
1.991513179202149977e-14
1.991513179202149977e-14
1.991513179202149977e-14
1.991513179202149977e-14
1.991513179202149977e-14
1.991513179202149977e-14
1.991513179202149977e-14
1.991513179202149977e-14
1.991513179202149977e-14
1.991513179202149977e-14
1.991513179202149977e-14
1.991513179202149977e-14
1.991513179202149977e-14
1.991513179202149977e-14
1.991513179202149977e-14
1.991513179202149977e-14
1.991513179202149977e-14
1.991513179202149977e-14
1.991513179202149977e-14
1.991513179202149977e-14
1.991513179202149977e-14
1.991513179202149977e-14
1.991513179202149977e-14
1.991513179202149977e-14
1.991513179202149977e-14
1.991513179202149977e-14
1.991513179202149977e-14
1.991513179202149977e-14
1.991513179202149977e-14
1.991513179202149977e-14
1.991513179202149977e-14
1.991513179202149977e-14
1.991513179202149977e-14
1.991513179202149977e-14
1.991513179202149977e-14
1.991513179202149977e-14
1.991513179202149977e-14
1.991513179202149977e-14
1.991513179202149977e-14
1.991513179202149977e-14
1.991513179202149977e-14
1.991513179202149977e-14
1.991513179202149977e-14
1.991513179202149977e-14
1.991513179202149977e-14
1.991513179202149977e-14
1.991513179202149977e-14
1.991513179202149977e-14
1.991513179202149977e-14
1.991513179202149977e-14
1.991513179202149977e-14
1.991513179202149977e-14
1.991513179202149977e-14
1.991513179202149977e-14
1.991513179202149977e-14
1.991513179202149977e-14
1.991513179202149977e-14
1.991513179202149977e-14
1.991513179202149977e-14
1.991513179202149977e-14
1.991513179202149977e-14
1.991513179202149977e-14
1.991513179202149977e-14
1.991513179202149977e-14
1.991513179202149977e-14
1.991513179202149977e-14
1.991513179202149977e-14
1.991513179202149977e-14
1.991513179202149977e-14
1.991513179202149977e-14
1.991513179202149977e-14
1.991513179202149977e-14
1.991513179202149977e-14
1.991513179202149977e-14
1.991513179202149977e-14
1.991513179202149977e-14
1.991513179202149977e-14
1.991513179202149977e-14
1.991513179202149977e-14
1.991513179202149977e-14
1.991513179202149977e-14
1.991513179202149977e-14
1.991513179202149977e-14
1.991513179202149977e-14
1.991513179202149977e-14
1.991513179202149977e-14
1.991513179202149977e-14
1.991513179202149977e-14
1.991513179202149977e-14
1.991513179202149977e-14
1.991513179202149977e-14
1.991513179202149977e-14
1.991513179202149977e-14
1.991513179202149977e-14
2.987269768803224807e-14
3.360678489903627987e-14
3.485148063603762380e-14
3.734087211004031167e-14
3.983026358404299953e-14
3.983026358404299953e-14
3.983026358404299953e-14
3.983026358404299953e-14
3.983026358404299953e-14
3.983026358404299953e-14
3.983026358404299953e-14
3.983026358404299953e-14
5.974539537606449614e-14
5.974539537606449614e-14
9.957565896010750198e-14
9.957565896010750198e-14
9.957565896010750198e-14
9.957565896010750198e-14
9.957565896010750198e-14
9.957565896010750198e-14
9.957565896010750198e-14
9.957565896010750198e-14
1.792361861281935010e-13
1.792361861281935010e-13
1.792361861281935010e-13
1.792361861281935010e-13
1.792361861281935010e-13
1.792361861281935010e-13
1.792361861281935010e-13
1.792361861281935010e-13
1.792361861281935010e-13
1.792361861281935010e-13
1.792361861281935010e-13
1.792361861281935010e-13
1.792361861281935010e-13
1.792361861281935010e-13
1.792361861281935010e-13
1.792361861281935010e-13
1.792361861281935010e-13
1.792361861281935010e-13
1.792361861281935010e-13
1.792361861281935010e-13
1.792361861281935010e-13
1.792361861281935010e-13
1.792361861281935010e-13
1.792361861281935010e-13
1.792361861281935010e-13
1.792361861281935010e-13
1.792361861281935010e-13
1.792361861281935010e-13
1.792361861281935010e-13
1.792361861281935010e-13
1.792361861281935010e-13
1.792361861281935010e-13
1.792361861281935010e-13
1.792361861281935010e-13
1.792361861281935010e-13
1.792361861281935010e-13
1.792361861281935010e-13
1.792361861281935010e-13
1.792361861281935010e-13
1.792361861281935010e-13
1.792361861281935010e-13
1.792361861281935010e-13
1.792361861281935010e-13
1.792361861281935010e-13
1.792361861281935010e-13
1.792361861281935010e-13
1.792361861281935010e-13
1.792361861281935010e-13
1.792361861281935010e-13
1.792361861281935010e-13
1.792361861281935010e-13
1.792361861281935010e-13
1.792361861281935010e-13
1.792361861281935010e-13
1.792361861281935010e-13
1.792361861281935010e-13
1.792361861281935010e-13
1.792361861281935010e-13
1.792361861281935010e-13
1.792361861281935010e-13
1.792361861281935010e-13
1.792361861281935010e-13
1.792361861281935010e-13
1.792361861281935010e-13
1.792361861281935010e-13
1.792361861281935010e-13
1.792361861281935010e-13
1.792361861281935010e-13
1.792361861281935010e-13
1.792361861281935010e-13
1.792361861281935010e-13
1.792361861281935010e-13
1.792361861281935010e-13
1.792361861281935010e-13
1.792361861281935010e-13
1.792361861281935010e-13
1.792361861281935010e-13
1.792361861281935010e-13
1.792361861281935010e-13
1.792361861281935010e-13
1.792361861281935010e-13
1.792361861281935010e-13
1.792361861281935010e-13
1.792361861281935010e-13
1.792361861281935010e-13
1.792361861281935010e-13
1.792361861281935010e-13
1.792361861281935010e-13
1.792361861281935010e-13
1.792361861281935010e-13
1.792361861281935010e-13
1.792361861281935010e-13
1.792361861281935010e-13
1.792361861281935010e-13
1.792361861281935010e-13
1.792361861281935010e-13
1.792361861281935010e-13
1.792361861281935010e-13
1.792361861281935010e-13
1.792361861281935010e-13
1.792361861281935010e-13
1.792361861281935010e-13
1.792361861281935010e-13
1.792361861281935010e-13
1.792361861281935010e-13
1.792361861281935010e-13
1.792361861281935010e-13
1.792361861281935010e-13
1.792361861281935010e-13
1.792361861281935010e-13
1.792361861281935010e-13
1.792361861281935010e-13
1.792361861281935010e-13
1.792361861281935010e-13
1.792361861281935010e-13
1.792361861281935010e-13
1.792361861281935010e-13
1.792361861281935010e-13
1.792361861281935010e-13
1.792361861281935010e-13
1.792361861281935010e-13
1.792361861281935010e-13
1.792361861281935010e-13
1.792361861281935010e-13
1.792361861281935010e-13
1.792361861281935010e-13
1.792361861281935010e-13
1.792361861281935010e-13
1.792361861281935010e-13
1.792361861281935010e-13
1.792361861281935010e-13
1.792361861281935010e-13
1.792361861281935010e-13
1.792361861281935010e-13
1.792361861281935010e-13
1.792361861281935010e-13
1.792361861281935010e-13
1.792361861281935010e-13
1.792361861281935010e-13
1.792361861281935010e-13
1.792361861281935010e-13
1.792361861281935010e-13
1.792361861281935010e-13
1.792361861281935010e-13
1.792361861281935010e-13
1.792361861281935010e-13
1.792361861281935010e-13
1.792361861281935010e-13
1.792361861281935010e-13
1.792361861281935010e-13
1.792361861281935010e-13
1.792361861281935010e-13
1.792361861281935010e-13
1.792361861281935010e-13
1.792361861281935010e-13
1.792361861281935010e-13
1.792361861281935010e-13
1.792361861281935010e-13
1.792361861281935010e-13
1.792361861281935010e-13
1.792361861281935010e-13
1.792361861281935010e-13
1.792361861281935010e-13
1.792361861281935010e-13
1.792361861281935010e-13
1.792361861281935010e-13
1.792361861281935010e-13
1.792361861281935010e-13
1.792361861281935010e-13
1.792361861281935010e-13
1.792361861281935010e-13
1.792361861281935010e-13
1.792361861281935010e-13
1.792361861281935010e-13
1.792361861281935010e-13
1.792361861281935010e-13
1.792361861281935010e-13
1.792361861281935010e-13
1.792361861281935010e-13
1.792361861281935010e-13
1.792361861281935010e-13
1.792361861281935010e-13
1.792361861281935010e-13
1.792361861281935010e-13
1.792361861281935010e-13
1.792361861281935010e-13
1.792361861281935010e-13
1.792361861281935010e-13
1.792361861281935010e-13
1.792361861281935010e-13
1.792361861281935010e-13
1.792361861281935010e-13
1.792361861281935010e-13
1.792361861281935010e-13
1.792361861281935010e-13
1.792361861281935010e-13
1.792361861281935010e-13
1.792361861281935010e-13
1.792361861281935010e-13
1.792361861281935010e-13
1.792361861281935010e-13
1.792361861281935010e-13
1.792361861281935010e-13
1.792361861281935010e-13
1.792361861281935010e-13
1.792361861281935010e-13
1.792361861281935010e-13
1.792361861281935010e-13
1.792361861281935010e-13
1.792361861281935010e-13
1.792361861281935010e-13
1.792361861281935010e-13
1.792361861281935010e-13
1.792361861281935010e-13
1.792361861281935010e-13
1.792361861281935010e-13
1.792361861281935010e-13
1.792361861281935010e-13
1.792361861281935010e-13
1.792361861281935010e-13
1.792361861281935010e-13
1.792361861281935010e-13
1.792361861281935010e-13
1.792361861281935010e-13
1.792361861281935010e-13
1.792361861281935010e-13
1.792361861281935010e-13
1.792361861281935010e-13
1.792361861281935010e-13
1.792361861281935010e-13
1.792361861281935010e-13
1.792361861281935010e-13
1.792361861281935010e-13
1.792361861281935010e-13
1.792361861281935010e-13
1.792361861281935010e-13
1.792361861281935010e-13
1.792361861281935010e-13
1.792361861281935010e-13
1.792361861281935010e-13
1.792361861281935010e-13
1.792361861281935010e-13
1.792361861281935010e-13
1.792361861281935010e-13
1.792361861281935010e-13
1.792361861281935010e-13
1.792361861281935010e-13
1.792361861281935010e-13
1.792361861281935010e-13
1.792361861281935010e-13
1.792361861281935010e-13
1.792361861281935010e-13
1.792361861281935010e-13
1.792361861281935010e-13
1.792361861281935010e-13
1.792361861281935010e-13
1.792361861281935010e-13
1.792361861281935010e-13
1.792361861281935010e-13
1.792361861281935010e-13
1.792361861281935010e-13
1.792361861281935010e-13
1.792361861281935010e-13
1.792361861281935010e-13
1.792361861281935010e-13
1.792361861281935010e-13
1.792361861281935010e-13
1.792361861281935010e-13
1.792361861281935010e-13
1.792361861281935010e-13
1.792361861281935010e-13
1.792361861281935010e-13
1.792361861281935010e-13
1.792361861281935010e-13
1.792361861281935010e-13
1.792361861281935010e-13
1.792361861281935010e-13
1.792361861281935010e-13
1.792361861281935010e-13
1.792361861281935010e-13
1.792361861281935010e-13
1.792361861281935010e-13
1.792361861281935010e-13
1.792361861281935010e-13
1.792361861281935010e-13
1.792361861281935010e-13
1.792361861281935010e-13
1.792361861281935010e-13
1.792361861281935010e-13
1.792361861281935010e-13
1.792361861281935010e-13
1.792361861281935010e-13
1.792361861281935010e-13
1.792361861281935010e-13
1.792361861281935010e-13
1.792361861281935010e-13
1.792361861281935010e-13
1.792361861281935010e-13
1.792361861281935010e-13
1.792361861281935010e-13
1.792361861281935010e-13
1.792361861281935010e-13
1.792361861281935010e-13
1.792361861281935010e-13
1.792361861281935010e-13
1.792361861281935010e-13
1.792361861281935010e-13
1.792361861281935010e-13
1.792361861281935010e-13
1.792361861281935010e-13
1.792361861281935010e-13
1.792361861281935010e-13
1.792361861281935010e-13
1.792361861281935010e-13
1.792361861281935010e-13
1.792361861281935010e-13
1.792361861281935010e-13
1.792361861281935010e-13
1.792361861281935010e-13
1.792361861281935010e-13
1.792361861281935010e-13
1.792361861281935010e-13
1.792361861281935010e-13
1.792361861281935010e-13
1.792361861281935010e-13
1.792361861281935010e-13
1.792361861281935010e-13
1.792361861281935010e-13
1.792361861281935010e-13
1.792361861281935010e-13
1.792361861281935010e-13
1.792361861281935010e-13
1.792361861281935010e-13
1.792361861281935010e-13
1.792361861281935010e-13
1.792361861281935010e-13
1.792361861281935010e-13
1.792361861281935010e-13
1.792361861281935010e-13
1.792361861281935010e-13
1.792361861281935010e-13
1.792361861281935010e-13
1.792361861281935010e-13
1.792361861281935010e-13
1.792361861281935010e-13
1.792361861281935010e-13
1.792361861281935010e-13
1.792361861281935010e-13
1.792361861281935010e-13
1.792361861281935010e-13
1.792361861281935010e-13
1.792361861281935010e-13
1.792361861281935010e-13
1.792361861281935010e-13
1.792361861281935010e-13
1.792361861281935010e-13
1.792361861281935010e-13
1.792361861281935010e-13
1.792361861281935010e-13
1.792361861281935010e-13
1.792361861281935010e-13
1.792361861281935010e-13
1.792361861281935010e-13
1.792361861281935010e-13
1.792361861281935010e-13
1.792361861281935010e-13
1.792361861281935010e-13
1.792361861281935010e-13
1.792361861281935010e-13
1.792361861281935010e-13
1.792361861281935010e-13
1.792361861281935010e-13
1.792361861281935010e-13
1.792361861281935010e-13
1.792361861281935010e-13
1.792361861281935010e-13
1.792361861281935010e-13
1.792361861281935010e-13
1.792361861281935010e-13
1.792361861281935010e-13
1.792361861281935010e-13
1.792361861281935010e-13
1.792361861281935010e-13
1.792361861281935010e-13
1.792361861281935010e-13
1.792361861281935010e-13
1.792361861281935010e-13
1.792361861281935010e-13
1.792361861281935010e-13
1.792361861281935010e-13
1.792361861281935010e-13
1.792361861281935010e-13
1.792361861281935010e-13
1.792361861281935010e-13
1.792361861281935010e-13
1.792361861281935010e-13
1.792361861281935010e-13
1.792361861281935010e-13
1.792361861281935010e-13
1.792361861281935010e-13
1.792361861281935010e-13
1.792361861281935010e-13
1.792361861281935010e-13
1.792361861281935010e-13
1.792361861281935010e-13
1.792361861281935010e-13
1.792361861281935010e-13
1.792361861281935010e-13
1.792361861281935010e-13
1.792361861281935010e-13
1.792361861281935010e-13
1.792361861281935010e-13
1.792361861281935010e-13
1.792361861281935010e-13
1.792361861281935010e-13
1.792361861281935010e-13
1.792361861281935010e-13
1.792361861281935010e-13
1.792361861281935010e-13
1.792361861281935010e-13
1.792361861281935010e-13
1.792361861281935010e-13
1.792361861281935010e-13
1.792361861281935010e-13
1.792361861281935010e-13
1.792361861281935010e-13
1.792361861281935010e-13
1.792361861281935010e-13
1.792361861281935010e-13
1.792361861281935010e-13
1.792361861281935010e-13
1.792361861281935010e-13
1.792361861281935010e-13
1.792361861281935010e-13
1.792361861281935010e-13
1.792361861281935010e-13
1.792361861281935010e-13
1.792361861281935010e-13
1.792361861281935010e-13
1.792361861281935010e-13
1.792361861281935010e-13
1.792361861281935010e-13
1.792361861281935010e-13
1.792361861281935010e-13
1.792361861281935010e-13
1.792361861281935010e-13
1.792361861281935010e-13
1.792361861281935010e-13
1.792361861281935010e-13
1.792361861281935010e-13
1.792361861281935010e-13
1.792361861281935010e-13
1.792361861281935010e-13
1.792361861281935010e-13
1.792361861281935010e-13
1.792361861281935010e-13
1.792361861281935010e-13
1.792361861281935010e-13
1.792361861281935010e-13
1.792361861281935010e-13
1.792361861281935010e-13
1.792361861281935010e-13
1.792361861281935010e-13
1.792361861281935010e-13
1.792361861281935010e-13
1.792361861281935010e-13
1.792361861281935010e-13
1.792361861281935010e-13
1.792361861281935010e-13
1.792361861281935010e-13
1.792361861281935010e-13
1.792361861281935010e-13
1.792361861281935010e-13
1.792361861281935010e-13
1.792361861281935010e-13
1.792361861281935010e-13
1.792361861281935010e-13
1.792361861281935010e-13
1.792361861281935010e-13
1.792361861281935010e-13
1.792361861281935010e-13
1.792361861281935010e-13
1.792361861281935010e-13
1.792361861281935010e-13
1.792361861281935010e-13
1.792361861281935010e-13
1.792361861281935010e-13
1.792361861281935010e-13
1.792361861281935010e-13
1.792361861281935010e-13
1.792361861281935010e-13
1.792361861281935010e-13
1.792361861281935010e-13
1.792361861281935010e-13
1.792361861281935010e-13
1.792361861281935010e-13
1.792361861281935010e-13
1.792361861281935010e-13
1.792361861281935010e-13
1.792361861281935010e-13
1.792361861281935010e-13
1.792361861281935010e-13
1.792361861281935010e-13
1.792361861281935010e-13
1.792361861281935010e-13
1.792361861281935010e-13
1.792361861281935010e-13
1.792361861281935010e-13
1.792361861281935010e-13
1.792361861281935010e-13
1.792361861281935010e-13
1.792361861281935010e-13
1.792361861281935010e-13
1.792361861281935010e-13
1.792361861281935010e-13
1.792361861281935010e-13
1.792361861281935010e-13
1.792361861281935010e-13
1.792361861281935010e-13
1.792361861281935010e-13
1.792361861281935010e-13
1.792361861281935010e-13
1.792361861281935010e-13
1.792361861281935010e-13
1.792361861281935010e-13
1.792361861281935010e-13
1.792361861281935010e-13
1.792361861281935010e-13
1.792361861281935010e-13
1.792361861281935010e-13
1.792361861281935010e-13
1.792361861281935010e-13
1.792361861281935010e-13
1.792361861281935010e-13
1.792361861281935010e-13
1.792361861281935010e-13
1.792361861281935010e-13
1.792361861281935010e-13
1.792361861281935010e-13
1.792361861281935010e-13
1.792361861281935010e-13
1.792361861281935010e-13
1.792361861281935010e-13
1.792361861281935010e-13
1.792361861281935010e-13
1.792361861281935010e-13
1.792361861281935010e-13
1.792361861281935010e-13
1.792361861281935010e-13
1.792361861281935010e-13
1.792361861281935010e-13
1.792361861281935010e-13
1.792361861281935010e-13
1.792361861281935010e-13
1.792361861281935010e-13
1.792361861281935010e-13
1.792361861281935010e-13
1.792361861281935010e-13
1.792361861281935010e-13
1.792361861281935010e-13
1.792361861281935010e-13
1.792361861281935010e-13
1.792361861281935010e-13
1.792361861281935010e-13
1.792361861281935010e-13
1.792361861281935010e-13
1.792361861281935010e-13
1.792361861281935010e-13
1.792361861281935010e-13
1.792361861281935010e-13
1.792361861281935010e-13
1.792361861281935010e-13
1.792361861281935010e-13
1.792361861281935010e-13
1.792361861281935010e-13
1.792361861281935010e-13
1.792361861281935010e-13
1.792361861281935010e-13
1.792361861281935010e-13
1.792361861281935010e-13
1.792361861281935010e-13
1.792361861281935010e-13
1.792361861281935010e-13
1.792361861281935010e-13
1.792361861281935010e-13
1.792361861281935010e-13
1.792361861281935010e-13
1.792361861281935010e-13
1.792361861281935010e-13
1.792361861281935010e-13
1.792361861281935010e-13
1.792361861281935010e-13
1.792361861281935010e-13
1.792361861281935010e-13
1.792361861281935010e-13
1.792361861281935010e-13
1.792361861281935010e-13
1.792361861281935010e-13
1.792361861281935010e-13
1.792361861281935010e-13
1.792361861281935010e-13
1.792361861281935010e-13
1.792361861281935010e-13
1.792361861281935010e-13
1.792361861281935010e-13
1.792361861281935010e-13
1.792361861281935010e-13
1.792361861281935010e-13
1.792361861281935010e-13
1.792361861281935010e-13
1.792361861281935010e-13
1.792361861281935010e-13
1.792361861281935010e-13
1.792361861281935010e-13
1.792361861281935010e-13
1.792361861281935010e-13
1.792361861281935010e-13
1.792361861281935010e-13
1.792361861281935010e-13
1.792361861281935010e-13
1.792361861281935010e-13
1.792361861281935010e-13
1.792361861281935010e-13
1.792361861281935010e-13
1.792361861281935010e-13
1.792361861281935010e-13
1.792361861281935010e-13
1.792361861281935010e-13
1.792361861281935010e-13
1.792361861281935010e-13
1.792361861281935010e-13
1.792361861281935010e-13
1.792361861281935010e-13
1.792361861281935010e-13
1.792361861281935010e-13
1.792361861281935010e-13
1.792361861281935010e-13
1.792361861281935010e-13
1.792361861281935010e-13
1.792361861281935010e-13
1.792361861281935010e-13
1.792361861281935010e-13
1.792361861281935010e-13
1.792361861281935010e-13
1.792361861281935010e-13
1.792361861281935010e-13
1.792361861281935010e-13
1.792361861281935010e-13
1.792361861281935010e-13
1.792361861281935010e-13
1.792361861281935010e-13
3.385572404643654992e-13
3.385572404643654992e-13
3.385572404643654992e-13
4.978782948005374720e-13
4.978782948005374720e-13
4.978782948005374720e-13
4.978782948005374720e-13
4.978782948005374720e-13
4.978782948005374720e-13
4.978782948005374720e-13
4.978782948005374720e-13
4.978782948005374720e-13
4.978782948005374720e-13
4.978782948005374720e-13
4.978782948005374720e-13
4.978782948005374720e-13
4.978782948005374720e-13
4.978782948005374720e-13
4.978782948005374720e-13
4.978782948005374720e-13
4.978782948005374720e-13
4.978782948005374720e-13
4.978782948005374720e-13
4.978782948005374720e-13
4.978782948005374720e-13
8.165204034728815188e-13
8.165204034728815188e-13
8.165204034728815188e-13
8.165204034728815188e-13
8.165204034728815188e-13
8.165204034728815188e-13
8.165204034728815188e-13
8.165204034728815188e-13
8.165204034728815188e-13
8.165204034728815188e-13
8.165204034728815188e-13
8.165204034728815188e-13
8.165204034728815188e-13
8.165204034728815188e-13
8.165204034728815188e-13
8.165204034728815188e-13
8.165204034728815188e-13
8.165204034728815188e-13
8.165204034728815188e-13
8.165204034728815188e-13
8.165204034728815188e-13
8.165204034728815188e-13
8.165204034728815188e-13
8.165204034728815188e-13
8.165204034728815188e-13
8.165204034728815188e-13
8.165204034728815188e-13
8.165204034728815188e-13
8.165204034728815188e-13
8.165204034728815188e-13
8.165204034728815188e-13
1.453804620817569410e-12
1.453804620817569410e-12
1.453804620817569410e-12
1.453804620817569410e-12
1.453804620817569410e-12
1.453804620817569410e-12
1.453804620817569410e-12
1.453804620817569410e-12
1.453804620817569410e-12
1.453804620817569410e-12
1.453804620817569410e-12
1.453804620817569410e-12
1.453804620817569410e-12
1.453804620817569410e-12
1.453804620817569410e-12
1.453804620817569410e-12
1.453804620817569410e-12
1.453804620817569410e-12
1.453804620817569410e-12
1.453804620817569410e-12
1.453804620817569410e-12
1.453804620817569410e-12
1.453804620817569410e-12
1.453804620817569410e-12
1.453804620817569410e-12
1.453804620817569410e-12
1.453804620817569410e-12
1.453804620817569410e-12
1.453804620817569410e-12
1.453804620817569410e-12
1.453804620817569410e-12
1.453804620817569410e-12
1.453804620817569410e-12
1.453804620817569410e-12
1.453804620817569410e-12
1.453804620817569410e-12
1.453804620817569410e-12
1.453804620817569410e-12
1.453804620817569410e-12
1.453804620817569410e-12
1.453804620817569410e-12
1.453804620817569410e-12
1.453804620817569410e-12
1.453804620817569410e-12
1.453804620817569410e-12
1.453804620817569410e-12
1.453804620817569410e-12
1.453804620817569410e-12
1.453804620817569410e-12
1.453804620817569410e-12
1.453804620817569410e-12
1.453804620817569410e-12
1.453804620817569410e-12
1.453804620817569410e-12
1.453804620817569410e-12
1.453804620817569410e-12
1.453804620817569410e-12
1.453804620817569410e-12
1.453804620817569410e-12
1.453804620817569410e-12
1.453804620817569410e-12
1.453804620817569410e-12
1.453804620817569410e-12
1.453804620817569410e-12
1.453804620817569410e-12
1.453804620817569410e-12
1.453804620817569410e-12
1.453804620817569410e-12
1.453804620817569410e-12
1.453804620817569410e-12
1.453804620817569410e-12
1.453804620817569410e-12
1.453804620817569410e-12
1.453804620817569410e-12
2.728373055506945395e-12
2.728373055506945395e-12
2.728373055506945395e-12
2.728373055506945395e-12
2.728373055506945395e-12
2.728373055506945395e-12
2.728373055506945395e-12
2.728373055506945395e-12
2.728373055506945395e-12
2.728373055506945395e-12
2.728373055506945395e-12
2.728373055506945395e-12
2.728373055506945395e-12
2.728373055506945395e-12
2.728373055506945395e-12
2.728373055506945395e-12
2.728373055506945395e-12
2.728373055506945395e-12
2.728373055506945395e-12
2.728373055506945395e-12
2.728373055506945395e-12
2.728373055506945395e-12
2.728373055506945395e-12
2.728373055506945395e-12
9.790477940275690004e-10
1.101406363757749114e-09
1.142112893140640952e-09
1.304700029090704529e-09
1.305337313308049097e-09
1.305337313308049097e-09
1.305337313308049097e-09
1.305337313308049097e-09
1.305337313308049097e-09
1.305337313308049097e-09
1.305416973835217298e-09
1.305416973835217298e-09
1.305655955416721485e-09
1.306611881742738648e-09
1.306611881742738648e-09
1.307886450177427992e-09
1.307886450177427992e-09
1.631626832588529401e-09
1.631626832588529401e-09
1.957916351869009498e-09
1.957916351869009498e-09
1.957916351869009498e-09
1.957916351869009498e-09
1.958155333450513892e-09
1.958553636086354274e-09
2.202633491329369726e-09
2.284205871149489802e-09
2.284683834312498590e-09
2.607946253560591418e-09
2.607946253560591418e-09
2.609220821995280969e-09
2.609220821995280969e-09
2.609220821995280969e-09
2.609220821995280969e-09
2.609858106212625331e-09
2.610176748321297718e-09
2.610176748321297718e-09
2.610495390429970106e-09
2.610495390429970106e-09
2.610495390429970106e-09
2.610495390429970106e-09
2.610495390429970106e-09
2.610495390429970106e-09
2.610495390429970106e-09
2.610495390429970106e-09
2.610495390429970106e-09
2.610495390429970106e-09
2.610495390429970106e-09
2.610495390429970106e-09
2.610495390429970106e-09
2.610495390429970106e-09
2.610495390429970106e-09
2.610495390429970106e-09
2.610495390429970106e-09
2.610495390429970106e-09
2.610495390429970106e-09
2.610495390429970106e-09
2.610495390429970106e-09
2.610495390429970106e-09
2.610495390429970106e-09
2.610495390429970106e-09
2.610495390429970106e-09
2.610495390429970106e-09
2.610495390429970106e-09
2.610495390429970106e-09
2.610654711484306507e-09
2.610654711484306507e-09
2.610734372011474500e-09
2.610734372011474500e-09
2.610734372011474500e-09
2.610744329577370344e-09
2.610814032538642494e-09
2.610814032538642494e-09
2.610814032538642494e-09
2.610814032538642494e-09
2.610814032538642494e-09
2.611132674647314881e-09
2.611132674647314881e-09
2.611132674647314881e-09
2.611132674647314881e-09
2.611132674647314881e-09
2.611132674647314881e-09
2.611769958864659657e-09
2.611769958864659657e-09
2.611769958864659657e-09
2.611769958864659657e-09
2.614319095734038344e-09
2.748148781376422553e-09
2.773958792178882646e-09
3.261799860556241163e-09
3.263074428990930714e-09
3.263074428990930714e-09
3.263393071099603101e-09
3.264348997425619851e-09
3.832806519297082108e-09
3.914378899117201771e-09
3.914378899117201771e-09
3.915016183334546546e-09
3.915653467551891321e-09
3.915653467551891321e-09
3.915653467551891321e-09
3.915653467551891321e-09
3.915653467551891321e-09
3.915653467551891321e-09
3.915653467551891321e-09
3.915653467551891321e-09
3.915653467551891321e-09
3.915972109660563296e-09
3.915972109660563296e-09
3.916131430714899283e-09
3.916290751769236097e-09
3.916290751769236097e-09
3.916290751769236097e-09
3.916290751769236097e-09
3.916928035986580872e-09
3.916928035986580872e-09
3.916928035986580872e-09
4.405725030689956553e-09
4.568232506112851929e-09
4.568551148221523903e-09
4.568869790330196705e-09
4.569507074547540653e-09
4.894522025393332233e-09
4.894522025393332233e-09
4.976731689430796671e-09
5.219536976239122986e-09
5.219536976239122986e-09
5.219536976239122986e-09
5.219536976239122986e-09
5.219536976239122986e-09
5.219536976239122986e-09
5.219536976239122986e-09
5.219536976239122986e-09
5.219536976239122986e-09
5.219536976239122986e-09
5.219536976239122986e-09
5.220174260456467762e-09
5.220174260456467762e-09
5.220174260456467762e-09
5.220174260456467762e-09
5.220811544673811710e-09
5.220811544673811710e-09
5.220811544673811710e-09
5.220811544673811710e-09
5.220811544673811710e-09
5.220811544673811710e-09
5.220811544673811710e-09
5.220811544673811710e-09
5.220811544673811710e-09
5.220811544673811710e-09
5.220811544673811710e-09
5.220811544673811710e-09
5.220811544673811710e-09
5.220811544673811710e-09
5.220811544673811710e-09
5.220811544673811710e-09
5.220811544673811710e-09
5.220811544673811710e-09
5.220811544673811710e-09
5.220811544673811710e-09
5.220811544673811710e-09
5.220811544673811710e-09
5.220811544673811710e-09
5.220811544673811710e-09
5.220811544673811710e-09
5.220811544673811710e-09
5.220811544673811710e-09
5.220811544673811710e-09
5.220811544673811710e-09
5.220811544673811710e-09
5.220811544673811710e-09
5.220811544673811710e-09
5.220811544673811710e-09
5.220811544673811710e-09
5.220811544673811710e-09
5.220811544673811710e-09
5.220811544673811710e-09
5.220811544673811710e-09
5.220811544673811710e-09
5.220811544673811710e-09
5.220811544673811710e-09
5.220811544673811710e-09
5.220811544673811710e-09
5.220970865728148524e-09
5.221130186782484511e-09
5.221130186782484511e-09
5.221130186782484511e-09
5.221289507836820498e-09
5.221408998627573109e-09
5.221443850108208563e-09
5.221448828891156485e-09
5.221448828891156485e-09
5.221448828891156485e-09
5.221448828891156485e-09
5.221448828891156485e-09
5.221448828891156485e-09
5.221448828891156485e-09
5.221448828891156485e-09
5.221448828891156485e-09
5.221448828891156485e-09
5.221448828891156485e-09
5.221448828891156485e-09
5.221448828891156485e-09
5.221448828891156485e-09
5.221448828891156485e-09
5.221448828891156485e-09
5.221448828891156485e-09
5.221448828891156485e-09
5.221448828891156485e-09
5.221448828891156485e-09
5.221448828891156485e-09
5.221448828891156485e-09
5.221448828891156485e-09
5.221448828891156485e-09
5.221448828891156485e-09
5.221448828891156485e-09
5.221448828891156485e-09
5.221448828891156485e-09
5.221448828891156485e-09
5.221448828891156485e-09
5.221448828891156485e-09
5.221448828891156485e-09
5.221448828891156485e-09
5.221448828891156485e-09
5.221448828891156485e-09
5.221448828891156485e-09
5.221448828891156485e-09
5.221448828891156485e-09
5.221448828891156485e-09
5.221448828891156485e-09
5.221448828891156485e-09
5.221448828891156485e-09
5.221448828891156485e-09
5.221448828891156485e-09
5.221448828891156485e-09
5.221448828891156485e-09
5.221448828891156485e-09
5.221448828891156485e-09
5.221448828891156485e-09
5.221448828891156485e-09
5.221448828891156485e-09
5.221448828891156485e-09
5.221448828891156485e-09
5.221448828891156485e-09
5.221448828891156485e-09
5.221448828891156485e-09
5.221448828891156485e-09
5.221448828891156485e-09
5.221448828891156485e-09
5.221448828891156485e-09
5.221448828891156485e-09
5.221448828891156485e-09
5.221448828891156485e-09
5.221448828891156485e-09
5.221448828891156485e-09
5.221448828891156485e-09
5.221448828891156485e-09
5.221458786457053156e-09
5.221608149945493299e-09
5.221608149945493299e-09
5.221767470999829286e-09
5.221767470999829286e-09
5.221767470999829286e-09
5.221767470999829286e-09
5.222086113108501260e-09
5.222086113108501260e-09
5.222086113108501260e-09
5.222086113108501260e-09
5.222086113108501260e-09
5.222086113108501260e-09
5.222086113108501260e-09
5.222086113108501260e-09
5.222086113108501260e-09
5.222086113108501260e-09
5.222086113108501260e-09
5.222086113108501260e-09
5.222086113108501260e-09
5.222086113108501260e-09
5.222086113108501260e-09
5.222086113108501260e-09
5.222086113108501260e-09
5.222086113108501260e-09
5.222086113108501260e-09
5.222086113108501260e-09
5.222086113108501260e-09
5.222086113108501260e-09
5.222086113108501260e-09
5.222086113108501260e-09
5.222086113108501260e-09
5.222086113108501260e-09
5.222086113108501260e-09
5.222086113108501260e-09
5.222086113108501260e-09
5.222086113108501260e-09
5.222086113108501260e-09
5.222086113108501260e-09
5.222086113108501260e-09
5.222086113108501260e-09
5.222086113108501260e-09
5.222086113108501260e-09
5.222086113108501260e-09
5.222086113108501260e-09
5.222086113108501260e-09
5.222086113108501260e-09
5.222723397325846036e-09
5.222723397325846036e-09
5.222723397325846036e-09
5.222723397325846036e-09
5.223360681543190811e-09
5.223360681543190811e-09
5.223360681543190811e-09
5.223360681543190811e-09
5.223360681543190811e-09
5.223360681543190811e-09
5.223360681543190811e-09
5.223360681543190811e-09
5.223360681543190811e-09
5.223360681543190811e-09
5.223360681543190811e-09
5.223360681543190811e-09
5.223360681543190811e-09
5.497392895001406982e-09
5.547101063954292014e-09
5.547738348171636789e-09
5.873390583234772317e-09
5.874027867452117093e-09
6.037172627092357245e-09
6.200476707786933384e-09
6.200954670949942172e-09
6.524695053361043374e-09
6.525969621795732925e-09
6.525969621795732925e-09
6.525969621795732925e-09
6.526606906013077700e-09
6.526606906013077700e-09
6.526766227067413687e-09
6.526766227067413687e-09
6.526766227067413687e-09
6.526806057330997891e-09
6.527244190230422476e-09
6.527244190230422476e-09
6.527244190230422476e-09
6.527244190230422476e-09
6.527244190230422476e-09
6.527244190230422476e-09
6.608179285833198190e-09
7.179504586682710282e-09
7.179823228791383083e-09
7.179823228791383083e-09
7.179823228791383083e-09
7.179823228791383083e-09
7.670532076146792263e-09
7.829853130482964590e-09
7.829853130482964590e-09
7.831127698917654141e-09
7.831127698917654141e-09
7.831127698917654141e-09
7.831127698917654141e-09
7.831127698917654141e-09
7.831127698917654141e-09
7.831127698917654141e-09
7.831127698917654141e-09
7.831764983134998089e-09
7.831764983134998089e-09
7.831764983134998089e-09
7.831764983134998089e-09
7.831764983134998089e-09
7.831764983134998089e-09
7.831924304189334903e-09
7.832083625243671717e-09
7.832083625243671717e-09
7.832083625243671717e-09
7.832083625243671717e-09
7.832083625243671717e-09
7.832083625243671717e-09
7.832083625243671717e-09
7.832083625243671717e-09
7.832163285770838470e-09
7.832163285770838470e-09
7.832203116034423501e-09
7.832242946298006877e-09
7.832242946298006877e-09
7.832322606825175284e-09
7.832402267352343691e-09
7.832402267352343691e-09
7.832402267352343691e-09
7.832402267352343691e-09
7.832402267352343691e-09
7.832402267352343691e-09
7.832402267352343691e-09
7.832402267352343691e-09
7.832402267352343691e-09
7.832402267352343691e-09
7.832402267352343691e-09
7.832402267352343691e-09
7.832402267352343691e-09
7.832402267352343691e-09
7.832402267352343691e-09
7.832402267352343691e-09
7.832402267352343691e-09
7.832402267352343691e-09
7.832402267352343691e-09
7.832402267352343691e-09
7.832402267352343691e-09
7.832402267352343691e-09
7.832402267352343691e-09
7.832402267352343691e-09
7.832402267352343691e-09
7.832402267352343691e-09
7.832402267352343691e-09
7.832402267352343691e-09
7.832402267352343691e-09
7.832402267352343691e-09
7.832402267352343691e-09
7.832402267352343691e-09
7.832402267352343691e-09
7.832402267352343691e-09
7.832402267352343691e-09
7.832402267352343691e-09
7.832402267352343691e-09
7.832402267352343691e-09
7.832402267352343691e-09
7.832402267352343691e-09
7.832402267352343691e-09
7.832402267352343691e-09
7.832720909461015665e-09
7.833039551569687639e-09
7.834951404221722793e-09
7.836225972656412343e-09
7.836225972656412343e-09
8.158691786632823995e-09
8.240582808561615632e-09
8.323111114707752870e-09
8.484344021695958696e-09
8.484981305913304299e-09
8.484981305913304299e-09
8.810952183085112629e-09
8.811270825193784603e-09
8.811270825193784603e-09
9.136285776039575356e-09
9.136285776039575356e-09
9.136923060256919304e-09
9.137560344474264907e-09
9.137560344474264907e-09
9.137560344474264907e-09
9.137560344474264907e-09
9.137560344474264907e-09
9.137560344474264907e-09
9.137560344474264907e-09
9.137560344474264907e-09
9.137560344474264907e-09
9.137878986582936881e-09
9.137878986582936881e-09
9.138834912908954457e-09
9.140109481343642354e-09
9.300705104114504231e-09
9.341491294024564890e-09
9.463770203227576803e-09
9.790059722508057107e-09
9.790139383035225514e-09
9.790139383035225514e-09
9.790139383035225514e-09
9.953284142675464839e-09
1.044016928472680702e-08
1.044016928472680702e-08
1.044016928472680702e-08
1.044016928472680702e-08
1.044016928472680702e-08
1.044016928472680702e-08
1.044016928472680702e-08
1.044016928472680702e-08
1.044016928472680702e-08
1.044016928472680702e-08
1.044016928472680702e-08
1.044016928472680702e-08
1.044016928472680702e-08
1.044016928472680702e-08
1.044016928472680702e-08
1.044016928472680702e-08
1.044144385316149657e-08
1.044144385316149657e-08
1.044144385316149657e-08
1.044144385316149657e-08
1.044144385316149657e-08
1.044144385316149657e-08
1.044144385316149657e-08
1.044144385316149657e-08
1.044144385316149657e-08
1.044144385316149657e-08
1.044144385316149657e-08
1.044144385316149657e-08
1.044144385316149657e-08
1.044144385316149657e-08
1.044144385316149657e-08
1.044144385316149657e-08
1.044144385316149657e-08
1.044144385316149657e-08
1.044144385316149657e-08
1.044144385316149657e-08
1.044144385316149657e-08
1.044144385316149657e-08
1.044144385316149657e-08
1.044144385316149657e-08
1.044144385316149657e-08
1.044144385316149657e-08
1.044144385316149657e-08
1.044144385316149657e-08
1.044144385316149657e-08
1.044144385316149657e-08
1.044144385316149657e-08
1.044144385316149657e-08
1.044144385316149657e-08
1.044144385316149657e-08
1.044144385316149657e-08
1.044208113737884052e-08
1.044208113737884052e-08
1.044208113737884052e-08
1.044208113737884052e-08
1.044208113737884052e-08
1.044208113737884052e-08
1.044208113737884052e-08
1.044208113737884052e-08
1.044208113737884052e-08
1.044208113737884052e-08
1.044208113737884052e-08
1.044208113737884052e-08
1.044208113737884052e-08
1.044208113737884052e-08
1.044208113737884052e-08
1.044239977948751249e-08
1.044239977948751249e-08
1.044239977948751249e-08
1.044239977948751249e-08
1.044239977948751249e-08
1.044239977948751249e-08
1.044239977948751249e-08
1.044239977948751249e-08
1.044239977948751249e-08
1.044239977948751249e-08
1.044271842159618612e-08
1.044271842159618612e-08
1.044271842159618612e-08
1.044271842159618612e-08
1.044271842159618612e-08
1.044271842159618612e-08
1.044271842159618612e-08
1.044271842159618612e-08
1.044271842159618612e-08
1.044271842159618612e-08
1.044271842159618612e-08
1.044271842159618612e-08
1.044271842159618612e-08
1.044271842159618612e-08
1.044271842159618612e-08
1.044271842159618612e-08
1.044271842159618612e-08
1.044271842159618612e-08
1.044271842159618612e-08
1.044271842159618612e-08
1.044271842159618612e-08
1.044271842159618612e-08
1.044271842159618612e-08
1.044271842159618612e-08
1.044271842159618612e-08
1.044271842159618612e-08
1.044271842159618612e-08
1.044271842159618612e-08
1.044271842159618612e-08
1.044271842159618612e-08
1.044271842159618612e-08
1.044271842159618612e-08
1.044271842159618612e-08
1.044271842159618612e-08
1.044271842159618612e-08
1.044271842159618612e-08
1.044271842159618612e-08
1.044271842159618612e-08
1.044271842159618612e-08
1.044271842159618612e-08
1.044271842159618612e-08
1.044271842159618612e-08
1.044271842159618612e-08
1.044271842159618612e-08
1.044271842159618612e-08
1.044271842159618612e-08
1.044271842159618612e-08
1.044271842159618612e-08
1.044271842159618612e-08
1.044271842159618612e-08
1.044271842159618612e-08
1.044271842159618612e-08
1.044271842159618612e-08
1.044271842159618612e-08
1.044271842159618612e-08
1.044271842159618612e-08
1.044271842159618612e-08
1.044271842159618612e-08
1.044271842159618612e-08
1.044271842159618612e-08
1.044271842159618612e-08
1.044271842159618612e-08
1.044271842159618612e-08
1.044271842159618612e-08
1.044271842159618612e-08
1.044271842159618612e-08
1.044271842159618612e-08
1.044271842159618612e-08
1.044271842159618612e-08
1.044271842159618612e-08
1.044271842159618612e-08
1.044271842159618612e-08
1.044271842159618612e-08
1.044271842159618612e-08
1.044271842159618612e-08
1.044271842159618612e-08
1.044271842159618612e-08
1.044271842159618612e-08
1.044271842159618612e-08
1.044271842159618612e-08
1.044271842159618612e-08
1.044271842159618612e-08
1.044271842159618612e-08
1.044271842159618612e-08
1.044271842159618612e-08
1.044271842159618612e-08
1.044271842159618612e-08
1.044271842159618612e-08
1.044271842159618612e-08
1.044271842159618612e-08
1.044271842159618612e-08
1.044271842159618612e-08
1.044271842159618612e-08
1.044271842159618612e-08
1.044271842159618612e-08
1.044271842159618612e-08
1.044271842159618612e-08
1.044271842159618612e-08
1.044271842159618612e-08
1.044271842159618612e-08
1.044271842159618612e-08
1.044271842159618612e-08
1.044271842159618612e-08
1.044271842159618612e-08
1.044271842159618612e-08
1.044271842159618612e-08
1.044271842159618612e-08
1.044271842159618612e-08
1.044271842159618612e-08
1.044271842159618612e-08
1.044271842159618612e-08
1.044271842159618612e-08
1.044271842159618612e-08
1.044271842159618612e-08
1.044271842159618612e-08
1.044271842159618612e-08
1.044271842159618612e-08
1.044271842159618612e-08
1.044271842159618612e-08
1.044271842159618612e-08
1.044271842159618612e-08
1.044271842159618612e-08
1.044271842159618612e-08
1.044271842159618612e-08
1.044271842159618612e-08
1.044271842159618612e-08
1.044271842159618612e-08
1.044271842159618612e-08
1.044271842159618612e-08
1.044271842159618612e-08
1.044271842159618612e-08
1.044271842159618612e-08
1.044271842159618612e-08
1.044271842159618612e-08
1.044271842159618612e-08
1.044271842159618612e-08
1.044271842159618612e-08
1.044271842159618612e-08
1.044271842159618612e-08
1.044271842159618612e-08
1.044271842159618612e-08
1.044271842159618612e-08
1.044271842159618612e-08
1.044271842159618612e-08
1.044271842159618612e-08
1.044271842159618612e-08
1.044271842159618612e-08
1.044271842159618612e-08
1.044271842159618612e-08
1.044271842159618612e-08
1.044271842159618612e-08
1.044271842159618612e-08
1.044271842159618612e-08
1.044271842159618612e-08
1.044271842159618612e-08
1.044271842159618612e-08
1.044271842159618612e-08
1.044271842159618612e-08
1.044271842159618612e-08
1.044271842159618612e-08
1.044271842159618612e-08
1.044271842159618612e-08
1.044271842159618612e-08
1.044271842159618612e-08
1.044271842159618612e-08
1.044271842159618612e-08
1.044271842159618612e-08
1.044271842159618612e-08
1.044271842159618612e-08
1.044271842159618612e-08
1.044271842159618612e-08
1.044271842159618612e-08
1.044271842159618612e-08
1.044271842159618612e-08
1.044271842159618612e-08
1.044271842159618612e-08
1.044271842159618612e-08
1.044271842159618612e-08
1.044271842159618612e-08
1.044271842159618612e-08
1.044271842159618612e-08
1.044271842159618612e-08
1.044271842159618612e-08
1.044271842159618612e-08
1.044271842159618612e-08
1.044271842159618612e-08
1.044271842159618612e-08
1.044271842159618612e-08
1.044271842159618612e-08
1.044271842159618612e-08
1.044271842159618612e-08
1.044271842159618612e-08
1.044271842159618612e-08
1.044271842159618612e-08
1.044271842159618612e-08
1.044271842159618612e-08
1.044271842159618612e-08
1.044271842159618612e-08
1.044271842159618612e-08
1.044271842159618612e-08
1.044271842159618612e-08
1.044271842159618612e-08
1.044271842159618612e-08
1.044271842159618612e-08
1.044271842159618612e-08
1.044271842159618612e-08
1.044271842159618612e-08
1.044271842159618612e-08
1.044271842159618612e-08
1.044271842159618612e-08
1.044271842159618612e-08
1.044271842159618612e-08
1.044271842159618612e-08
1.044271842159618612e-08
1.044271842159618612e-08
1.044271842159618612e-08
1.044271842159618612e-08
1.044271842159618612e-08
1.044271842159618612e-08
1.044271842159618612e-08
1.044271842159618612e-08
1.044271842159618612e-08
1.044271842159618612e-08
1.044271842159618612e-08
1.044271842159618612e-08
1.044271842159618612e-08
1.044271842159618612e-08
1.044271842159618612e-08
1.044271842159618612e-08
1.044271842159618612e-08
1.044271842159618612e-08
1.044271842159618612e-08
1.044271842159618612e-08
1.044271842159618612e-08
1.044271842159618612e-08
1.044271842159618612e-08
1.044271842159618612e-08
1.044271842159618612e-08
1.044271842159618612e-08
1.044271842159618612e-08
1.044271842159618612e-08
1.044271842159618612e-08
1.044271842159618612e-08
1.044271842159618612e-08
1.044271842159618612e-08
1.044271842159618612e-08
1.044271842159618612e-08
1.044271842159618612e-08
1.044271842159618612e-08
1.044271842159618612e-08
1.044271842159618612e-08
1.044271842159618612e-08
1.044271842159618612e-08
1.044271842159618612e-08
1.044271842159618612e-08
1.044271842159618612e-08
1.044271842159618612e-08
1.044271842159618612e-08
1.044271842159618612e-08
1.044271842159618612e-08
1.044271842159618612e-08
1.044271842159618612e-08
1.044271842159618612e-08
1.044271842159618612e-08
1.044271842159618612e-08
1.044271842159618612e-08
1.044271842159618612e-08
1.044271842159618612e-08
1.044271842159618612e-08
1.044271842159618612e-08
1.044271842159618612e-08
1.044271842159618612e-08
1.044271842159618612e-08
1.044271842159618612e-08
1.044271842159618612e-08
1.044271842159618612e-08
1.044271842159618612e-08
1.044271842159618612e-08
1.044271842159618612e-08
1.044271842159618612e-08
1.044271842159618612e-08
1.044271842159618612e-08
1.044271842159618612e-08
1.044271842159618612e-08
1.044271842159618612e-08
1.044271842159618612e-08
1.044271842159618612e-08
1.044271842159618612e-08
1.044271842159618612e-08
1.044271842159618612e-08
1.044271842159618612e-08
1.044271842159618612e-08
1.044271842159618612e-08
1.044271842159618612e-08
1.044271842159618612e-08
1.044271842159618612e-08
1.044271842159618612e-08
1.044271842159618612e-08
1.044271842159618612e-08
1.044271842159618612e-08
1.044271842159618612e-08
1.044271842159618612e-08
1.044271842159618612e-08
1.044271842159618612e-08
1.044271842159618612e-08
1.044271842159618612e-08
1.044271842159618612e-08
1.044271842159618612e-08
1.044271842159618612e-08
1.044271842159618612e-08
1.044271842159618612e-08
1.044271842159618612e-08
1.044271842159618612e-08
1.044271842159618612e-08
1.044271842159618612e-08
1.044271842159618612e-08
1.044271842159618612e-08
1.044271842159618612e-08
1.044271842159618612e-08
1.044271842159618612e-08
1.044271842159618612e-08
1.044271842159618612e-08
1.044271842159618612e-08
1.044271842159618612e-08
1.044271842159618612e-08
1.044271842159618612e-08
1.044271842159618612e-08
1.044271842159618612e-08
1.044271842159618612e-08
1.044271842159618612e-08
1.044271842159618612e-08
1.044271842159618612e-08
1.044271842159618612e-08
1.044271842159618612e-08
1.044271842159618612e-08
1.044271842159618612e-08
1.044271842159618612e-08
1.044271842159618612e-08
1.044271842159618612e-08
1.044271842159618612e-08
1.044271842159618612e-08
1.044271842159618612e-08
1.044271842159618612e-08
1.044271842159618612e-08
1.044271842159618612e-08
1.044279808212335287e-08
1.044279808212335287e-08
1.044279808212335287e-08
1.044279808212335287e-08
1.044279808212335287e-08
1.044279808212335287e-08
1.044279808212335287e-08
1.044283791238693791e-08
1.044283791238693791e-08
1.044283791238693791e-08
1.044283791238693791e-08
1.044283791238693791e-08
1.044283791238693791e-08
1.044283791238693791e-08
1.044284786995283375e-08
1.044284786995283375e-08
1.044285098169217537e-08
1.044285160404004469e-08
1.044285782751872959e-08
1.044285782751872959e-08
1.044285782751872959e-08
1.044285782751872959e-08
1.044287774265052128e-08
1.044287774265052128e-08
1.044287774265052128e-08
1.044287774265052128e-08
1.044287774265052128e-08
1.044287774265052128e-08
1.044287774265052128e-08
1.044287774265052128e-08
1.044287774265052128e-08
1.044287774265052128e-08
1.044287774265052128e-08
1.044287774265052128e-08
1.044287774265052128e-08
1.044287774265052128e-08
1.044287774265052128e-08
1.044287774265052128e-08
1.044287774265052128e-08
1.044287774265052128e-08
1.044287774265052128e-08
1.044287774265052128e-08
1.044287774265052128e-08
1.044287774265052128e-08
1.044287774265052128e-08
1.044287774265052128e-08
1.044287774265052128e-08
1.044287774265052128e-08
1.044287774265052128e-08
1.044287774265052128e-08
1.044287774265052128e-08
1.044287774265052128e-08
1.044287774265052128e-08
1.044287774265052128e-08
1.044287774265052128e-08
1.044287774265052128e-08
1.044287774265052128e-08
1.044287774265052128e-08
1.044287774265052128e-08
1.044287774265052128e-08
1.044287774265052128e-08
1.044287774265052128e-08
1.044295740317768969e-08
1.044295740317768969e-08
1.044303706370485810e-08
1.044303706370485810e-08
1.044303706370485810e-08
1.044303706370485810e-08
1.044303706370485810e-08
1.044303706370485810e-08
1.044303706370485810e-08
1.044303706370485810e-08
1.044303706370485810e-08
1.044303706370485810e-08
1.044303706370485810e-08
1.044303706370485810e-08
1.044303706370485810e-08
1.044303706370485810e-08
1.044303706370485810e-08
1.044303706370485810e-08
1.044303706370485810e-08
1.044303706370485810e-08
1.044303706370485810e-08
1.044303706370485810e-08
1.044303706370485810e-08
1.044303706370485810e-08
1.044303706370485810e-08
1.044303706370485810e-08
1.044303706370485810e-08
1.044303706370485810e-08
1.044303706370485810e-08
1.044303706370485810e-08
1.044303706370485810e-08
1.044303706370485810e-08
1.044335570581353007e-08
1.044335570581353007e-08
1.044335570581353007e-08
1.044335570581353007e-08
1.044335570581353007e-08
1.044335570581353007e-08
1.044335570581353007e-08
1.044335570581353007e-08
1.044335570581353007e-08
1.044335570581353007e-08
1.044335570581353007e-08
1.044335570581353007e-08
1.044335570581353007e-08
1.044335570581353007e-08
1.044335570581353007e-08
1.044335570581353007e-08
1.044335570581353007e-08
1.044335570581353007e-08
1.044335570581353007e-08
1.044335570581353007e-08
1.044335570581353007e-08
1.044335570581353007e-08
1.044335570581353007e-08
1.044335570581353007e-08
1.044335570581353007e-08
1.044335570581353007e-08
1.044335570581353007e-08
1.044335570581353007e-08
1.044335570581353007e-08
1.044335570581353007e-08
1.044335570581353007e-08
1.044335570581353007e-08
1.044335570581353007e-08
1.044335570581353007e-08
1.044335570581353007e-08
1.044335570581353007e-08
1.044335570581353007e-08
1.044335570581353007e-08
1.044335570581353007e-08
1.044335570581353007e-08
1.044335570581353007e-08
1.044399299003087402e-08
1.044399299003087402e-08
1.044399299003087402e-08
1.044399299003087402e-08
1.044399299003087402e-08
1.044399299003087402e-08
1.044399299003087402e-08
1.044399299003087402e-08
1.044399299003087402e-08
1.044399299003087402e-08
1.044399299003087402e-08
1.044399299003087402e-08
1.044399299003087402e-08
1.044399299003087402e-08
1.044399299003087402e-08
1.044399299003087402e-08
1.044399299003087402e-08
1.044399299003087402e-08
1.044399299003087402e-08
1.044399299003087402e-08
1.044399299003087402e-08
1.044399299003087402e-08
1.044399299003087402e-08
1.044399299003087402e-08
1.044399299003087402e-08
1.044399299003087402e-08
1.044399299003087402e-08
1.044399299003087402e-08
1.044399299003087402e-08
1.044399299003087402e-08
1.044399299003087402e-08
1.044399299003087402e-08
1.044399299003087402e-08
1.044399299003087402e-08
1.044399299003087402e-08
1.044399299003087402e-08
1.044399299003087402e-08
1.044399299003087402e-08
1.044399299003087402e-08
1.044399299003087402e-08
1.044399299003087402e-08
1.044399299003087402e-08
1.044399299003087402e-08
1.044399299003087402e-08
1.044399299003087402e-08
1.044399299003087402e-08
1.044399299003087402e-08
1.044399299003087402e-08
1.044399299003087402e-08
1.044399299003087402e-08
1.044399299003087402e-08
1.044399299003087402e-08
1.044399299003087402e-08
1.044399299003087402e-08
1.044399299003087402e-08
1.044399299003087402e-08
1.044399299003087402e-08
1.044399299003087402e-08
1.044463027424821962e-08
1.044526755846556357e-08
1.044526755846556357e-08
1.044526755846556357e-08
1.044526755846556357e-08
1.044526755846556357e-08
1.044526755846556357e-08
1.044526755846556357e-08
1.044526755846556357e-08
1.044526755846556357e-08
1.044526755846556357e-08
1.044526755846556357e-08
1.044526755846556357e-08
1.044526755846556357e-08
1.044526755846556357e-08
1.044526755846556357e-08
1.044526755846556357e-08
1.044526755846556357e-08
1.044526755846556357e-08
1.044526755846556357e-08
1.044526755846556357e-08
1.044526755846556357e-08
1.044526755846556357e-08
1.044526755846556357e-08
1.044526755846556357e-08
1.044526755846556357e-08
1.093215270051690575e-08
1.099460655381668546e-08
1.109529746015714508e-08
1.109529746015714508e-08
1.109593474437449068e-08
1.109657202859183463e-08
1.142158697943762538e-08
1.142158697943762538e-08
1.158441309696919438e-08
1.174723921450076173e-08
1.174787649871810568e-08
1.174787649871810568e-08
1.174787649871810568e-08
1.174787649871810568e-08
1.174787649871810568e-08
1.174819514082677931e-08
1.174819514082677931e-08
1.174835446188111447e-08
1.174851378293545129e-08
1.174851378293545129e-08
1.174915106715279523e-08
1.174915106715279523e-08
1.207416601799858599e-08
1.207544058643327554e-08
1.207671515486796509e-08
1.240045553727906629e-08
1.240045553727906629e-08
1.240077417938773992e-08
1.240109282149641189e-08
1.240173010571375584e-08
1.240173010571375584e-08
1.272610777234220265e-08
1.272738234077689220e-08
1.305176000740533735e-08
1.305176000740533735e-08
1.305239729162268295e-08
1.305303457584002690e-08
1.305303457584002690e-08
1.305303457584002690e-08
1.305303457584002690e-08
1.305303457584002690e-08
1.305303457584002690e-08
1.305303457584002690e-08
1.305303457584002690e-08
1.305303457584002690e-08
1.305303457584002690e-08
1.305303457584002690e-08
1.305303457584002690e-08
1.305303457584002690e-08
1.305303457584002690e-08
1.305335321794870053e-08
1.305335321794870053e-08
1.305335321794870053e-08
1.305351253900303569e-08
1.305351253900303569e-08
1.305351253900303569e-08
1.305351253900303569e-08
1.305351253900303569e-08
1.305359219953020409e-08
1.305359219953020409e-08
1.305367186005737250e-08
1.305367186005737250e-08
1.305367186005737250e-08
1.305367186005737250e-08
1.305367186005737250e-08
1.305367186005737250e-08
1.305367186005737250e-08
1.305367186005737250e-08
1.305367186005737250e-08
1.305367186005737250e-08
1.305367186005737250e-08
1.305367186005737250e-08
1.305367186005737250e-08
1.305399050216604448e-08
1.305430914427471645e-08
1.305430914427471645e-08
1.305430914427471645e-08
1.305430914427471645e-08
1.305430914427471645e-08
1.305430914427471645e-08
1.305430914427471645e-08
1.305430914427471645e-08
1.305430914427471645e-08
1.305430914427471645e-08
1.305430914427471645e-08
1.305430914427471645e-08
1.305430914427471645e-08
1.305430914427471645e-08
1.305430914427471645e-08
1.305494642849206205e-08
1.305558371270940600e-08
1.305558371270940600e-08
1.305685828114409555e-08
1.305685828114409555e-08
1.321681661969761183e-08
1.370433904596629796e-08
1.370625089861833311e-08
1.370625089861833311e-08
1.370688818283567706e-08
1.370816275127036661e-08
1.374703708852839211e-08
1.435691808452725856e-08
1.435819265296194811e-08
1.435819265296194811e-08
1.435819265296194811e-08
1.435882993717929372e-08
1.435882993717929372e-08
1.435882993717929372e-08
1.435882993717929372e-08
1.435882993717929372e-08
1.435882993717929372e-08
1.435890959770646047e-08
1.435898925823362888e-08
1.435946722139663766e-08
1.435946722139663766e-08
1.435946722139663766e-08
1.435946722139663766e-08
1.435946722139663766e-08
1.435946722139663766e-08
1.435946722139663766e-08
1.435946722139663766e-08
1.435946722139663766e-08
1.436074178983132722e-08
1.484826421610001335e-08
1.484842353715435016e-08
1.501077169152291038e-08
1.501140897574025432e-08
1.501172761784892464e-08
1.501204625995759827e-08
1.533833577923807692e-08
1.533961034767276813e-08
1.566207616164917978e-08
1.566207616164917978e-08
1.566207616164917978e-08
1.566207616164917978e-08
1.566207616164917978e-08
1.566207616164917978e-08
1.566207616164917978e-08
1.566207616164917978e-08
1.566207616164917978e-08
1.566335073008386767e-08
1.566335073008386767e-08
1.566335073008386767e-08
1.566335073008386767e-08
1.566335073008386767e-08
1.566335073008386767e-08
1.566335073008386767e-08
1.566335073008386767e-08
1.566335073008386767e-08
1.566335073008386767e-08
1.566335073008386767e-08
1.566335073008386767e-08
1.566335073008386767e-08
1.566335073008386767e-08
1.566335073008386767e-08
1.566335073008386767e-08
1.566335073008386767e-08
1.566335073008386767e-08
1.566335073008386767e-08
1.566335073008386767e-08
1.566335073008386767e-08
1.566335073008386767e-08
1.566335073008386767e-08
1.566335073008386767e-08
1.566335073008386767e-08
1.566335073008386767e-08
1.566335073008386767e-08
1.566335073008386767e-08
1.566335073008386767e-08
1.566335073008386767e-08
1.566335073008386767e-08
1.566335073008386767e-08
1.566335073008386767e-08
1.566335073008386767e-08
1.566366937219254130e-08
1.566366937219254130e-08
1.566398801430121493e-08
1.566398801430121493e-08
1.566398801430121493e-08
1.566398801430121493e-08
1.566398801430121493e-08
1.566398801430121493e-08
1.566398801430121493e-08
1.566398801430121493e-08
1.566398801430121493e-08
1.566398801430121493e-08
1.566398801430121493e-08
1.566398801430121493e-08
1.566398801430121493e-08
1.566398801430121493e-08
1.566398801430121493e-08
1.566398801430121493e-08
1.566398801430121493e-08
1.566398801430121493e-08
1.566398801430121493e-08
1.566398801430121493e-08
1.566398801430121493e-08
1.566398801430121493e-08
1.566398801430121493e-08
1.566398801430121493e-08
1.566398801430121493e-08
1.566414733535555175e-08
1.566414733535555175e-08
1.566414733535555175e-08
1.566414733535555175e-08
1.566422699588271850e-08
1.566422699588271850e-08
1.566422699588271850e-08
1.566422699588271850e-08
1.566425686858040603e-08
1.566425686858040603e-08
1.566426682614630188e-08
1.566426682614630188e-08
1.566426682614630188e-08
1.566426682614630188e-08
1.566430665640988525e-08
1.566430665640988525e-08
1.566430665640988525e-08
1.566430665640988525e-08
1.566430665640988525e-08
1.566430665640988525e-08
1.566430665640988525e-08
1.566430665640988525e-08
1.566430665640988525e-08
1.566430665640988525e-08
1.566430665640988525e-08
1.566430665640988525e-08
1.566430665640988525e-08
1.566430665640988525e-08
1.566430665640988525e-08
1.566430665640988525e-08
1.566430665640988525e-08
1.566430665640988525e-08
1.566430665640988525e-08
1.566430665640988525e-08
1.566430665640988525e-08
1.566430665640988525e-08
1.566438631693705531e-08
1.566446597746422207e-08
1.566446597746422207e-08
1.566446597746422207e-08
1.566462529851855888e-08
1.566462529851855888e-08
1.566462529851855888e-08
1.566462529851855888e-08
1.566462529851855888e-08
1.566462529851855888e-08
1.566462529851855888e-08
1.566462529851855888e-08
1.566462529851855888e-08
1.566462529851855888e-08
1.566462529851855888e-08
1.566462529851855888e-08
1.566462529851855888e-08
1.566462529851855888e-08
1.566462529851855888e-08
1.566462529851855888e-08
1.566462529851855888e-08
1.566462529851855888e-08
1.566462529851855888e-08
1.566462529851855888e-08
1.566462529851855888e-08
1.566462529851855888e-08
1.566462529851855888e-08
1.566462529851855888e-08
1.566462529851855888e-08
1.566462529851855888e-08
1.566462529851855888e-08
1.566462529851855888e-08
1.566462529851855888e-08
1.566462529851855888e-08
1.566462529851855888e-08
1.566462529851855888e-08
1.566462529851855888e-08
1.566462529851855888e-08
1.566462529851855888e-08
1.566462529851855888e-08
1.566462529851855888e-08
1.566462529851855888e-08
1.566462529851855888e-08
1.566462529851855888e-08
1.566462529851855888e-08
1.566462529851855888e-08
1.566462529851855888e-08
1.566462529851855888e-08
1.566462529851855888e-08
1.566462529851855888e-08
1.566462529851855888e-08
1.566462529851855888e-08
1.566462529851855888e-08
1.566462529851855888e-08
1.566462529851855888e-08
1.566462529851855888e-08
1.566462529851855888e-08
1.566462529851855888e-08
1.566462529851855888e-08
1.566462529851855888e-08
1.566462529851855888e-08
1.566462529851855888e-08
1.566462529851855888e-08
1.566462529851855888e-08
1.566462529851855888e-08
1.566462529851855888e-08
1.566462529851855888e-08
1.566462529851855888e-08
1.566462529851855888e-08
1.566462529851855888e-08
1.566462529851855888e-08
1.566494394062723251e-08
1.566526258273590283e-08
1.566526258273590283e-08
1.566526258273590283e-08
1.566589986695324678e-08
1.566589986695324678e-08
1.566589986695324678e-08
1.566589986695324678e-08
1.566589986695324678e-08
1.566589986695324678e-08
1.566589986695324678e-08
1.566589986695324678e-08
1.566589986695324678e-08
1.566589986695324678e-08
1.566589986695324678e-08
1.566589986695324678e-08
1.566589986695324678e-08
1.566589986695324678e-08
1.566589986695324678e-08
1.566717443538793798e-08
1.590806786954422832e-08
1.599059617569036721e-08
1.599155210201638479e-08
1.631592976864482828e-08
1.631688569497084586e-08
1.631720433707951949e-08
1.648003045461108849e-08
1.648098638093710276e-08
1.664476842479468934e-08
1.696723423877110099e-08
1.696850880720578889e-08
1.696850880720578889e-08
1.696914609142313615e-08
1.696962405458614328e-08
1.696978337564048010e-08
1.696978337564048010e-08
1.696978337564048010e-08
1.696978337564048010e-08
1.696978337564048010e-08
1.696978337564048010e-08
1.696978337564048010e-08
1.696978337564048010e-08
1.696978337564048010e-08
1.697010201774915042e-08
1.697105794407516799e-08
1.697105794407516799e-08
1.762228275367427064e-08
1.762236241420144070e-08
1.762236241420144070e-08
1.762236241420144070e-08
1.762236241420144070e-08
1.762236241420144070e-08
1.811179669312216199e-08
1.827239231589302221e-08
1.827366688432771011e-08
1.827366688432771011e-08
1.827366688432771011e-08
1.827366688432771011e-08
1.827430416854505736e-08
1.827462281065372768e-08
1.827462281065372768e-08
1.827462281065372768e-08
1.827482196197164787e-08
1.827494145276240131e-08
1.827494145276240131e-08
1.827494145276240131e-08
1.827494145276240131e-08
1.827494145276240131e-08
1.827494145276240131e-08
1.827494145276240131e-08
1.827494145276240131e-08
1.827494145276240131e-08
1.827494145276240131e-08
1.827494145276240131e-08
1.827494145276240131e-08
1.827494145276240131e-08
1.827494145276240131e-08
1.827494145276240131e-08
1.827494145276240131e-08
1.827494145276240131e-08
1.827494145276240131e-08
1.827494145276240131e-08
1.827494145276240131e-08
1.827494145276240131e-08
1.827494145276240131e-08
1.827494145276240131e-08
1.827494145276240131e-08
1.827494145276240131e-08
1.827494145276240131e-08
1.827494145276240131e-08
1.827494145276240131e-08
1.827494145276240131e-08
1.827494145276240131e-08
1.827494145276240131e-08
1.827494145276240131e-08
1.827494145276240131e-08
1.827494145276240131e-08
1.827494145276240131e-08
1.827494145276240131e-08
1.827494145276240131e-08
1.827494145276240131e-08
1.827494145276240131e-08
1.827494145276240131e-08
1.827494145276240131e-08
1.827494145276240131e-08
1.827494145276240131e-08
1.827494145276240131e-08
1.827494145276240131e-08
1.827494145276240131e-08
1.827494145276240131e-08
1.827494145276240131e-08
1.827494145276240131e-08
1.827494145276240131e-08
1.827494145276240131e-08
1.827494145276240131e-08
1.827494145276240131e-08
1.827494145276240131e-08
1.827494145276240131e-08
1.827494145276240131e-08
1.827494145276240131e-08
1.827494145276240131e-08
1.827494145276240131e-08
1.827494145276240131e-08
1.827496385728566696e-08
1.827557873697974526e-08
1.827621602119708921e-08
1.827621602119708921e-08
1.827621602119708921e-08
1.827749058963178041e-08
1.859868183517350086e-08
1.860123097204287996e-08
1.868264403080866446e-08
1.892624592288867071e-08
1.892752049132336192e-08
1.892767981237769873e-08
1.925381001060384057e-08
1.925444729482118452e-08
1.925508457903853177e-08
1.957755039301494342e-08
1.958009952988432253e-08
1.958009952988432253e-08
1.958009952988432253e-08
1.958009952988432253e-08
1.958009952988432253e-08
1.958009952988432253e-08
1.958025885093865934e-08
1.958025885093865934e-08
1.958041817199299285e-08
1.958041817199299285e-08
1.958073681410166647e-08
1.958073681410166647e-08
1.958137409831901042e-08
1.958137409831901042e-08
1.958137409831901042e-08
1.974388157374190580e-08
1.990638904916480118e-08
1.990670769127347480e-08
2.023267856844528313e-08
2.023267856844528313e-08
2.023267856844528313e-08
2.023299721055395345e-08
2.031456959037407477e-08
2.039582332808552246e-08
2.088270847013686464e-08
2.088270847013686464e-08
2.088270847013686464e-08
2.088270847013686464e-08
2.088270847013686464e-08
2.088270847013686464e-08
2.088270847013686464e-08
2.088270847013686464e-08
2.088270847013686464e-08
2.088270847013686464e-08
2.088398303857155254e-08
2.088398303857155254e-08
2.088398303857155254e-08
2.088398303857155254e-08
2.088398303857155254e-08
2.088398303857155254e-08
2.088398303857155254e-08
2.088398303857155254e-08
2.088398303857155254e-08
2.088398303857155254e-08
2.088398303857155254e-08
2.088398303857155254e-08
2.088398303857155254e-08
2.088398303857155254e-08
2.088398303857155254e-08
2.088398303857155254e-08
2.088398303857155254e-08
2.088398303857155254e-08
2.088398303857155254e-08
2.088398303857155254e-08
2.088398303857155254e-08
2.088398303857155254e-08
2.088398303857155254e-08
2.088398303857155254e-08
2.088398303857155254e-08
2.088398303857155254e-08
2.088398303857155254e-08
2.088398303857155254e-08
2.088398303857155254e-08
2.088398303857155254e-08
2.088398303857155254e-08
2.088398303857155254e-08
2.088398303857155254e-08
2.088398303857155254e-08
2.088398303857155254e-08
2.088398303857155254e-08
2.088398303857155254e-08
2.088398303857155254e-08
2.088398303857155254e-08
2.088398303857155254e-08
2.088398303857155254e-08
2.088398303857155254e-08
2.088398303857155254e-08
2.088398303857155254e-08
2.088398303857155254e-08
2.088398303857155254e-08
2.088398303857155254e-08
2.088398303857155254e-08
2.088398303857155254e-08
2.088398303857155254e-08
2.088398303857155254e-08
2.088398303857155254e-08
2.088398303857155254e-08
2.088398303857155254e-08
2.088398303857155254e-08
2.088398303857155254e-08
2.088398303857155254e-08
2.088398303857155254e-08
2.088398303857155254e-08
2.088398303857155254e-08
2.088398303857155254e-08
2.088398303857155254e-08
2.088398303857155254e-08
2.088398303857155254e-08
2.088398303857155254e-08
2.088398303857155254e-08
2.088398303857155254e-08
2.088398303857155254e-08
2.088398303857155254e-08
2.088398303857155254e-08
2.088398303857155254e-08
2.088398303857155254e-08
2.088398303857155254e-08
2.088398303857155254e-08
2.088398303857155254e-08
2.088398303857155254e-08
2.088398303857155254e-08
2.088398303857155254e-08
2.088398303857155254e-08
2.088398303857155254e-08
2.088398303857155254e-08
2.088462032278889648e-08
2.088462032278889648e-08
2.088462032278889648e-08
2.088462032278889648e-08
2.088462032278889648e-08
2.088462032278889648e-08
2.088462032278889648e-08
2.088462032278889648e-08
2.088462032278889648e-08
2.088462032278889648e-08
2.088462032278889648e-08
2.088462032278889648e-08
2.088462032278889648e-08
2.088462032278889648e-08
2.088462032278889648e-08
2.088462032278889648e-08
2.088462032278889648e-08
2.088462032278889648e-08
2.088462032278889648e-08
2.088462032278889648e-08
2.088462032278889648e-08
2.088462032278889648e-08
2.088462032278889648e-08
2.088462032278889648e-08
2.088462032278889648e-08
2.088462032278889648e-08
2.088462032278889648e-08
2.088462032278889648e-08
2.088462032278889648e-08
2.088462032278889648e-08
2.088462032278889648e-08
2.088462032278889648e-08
2.088462032278889648e-08
2.088462032278889648e-08
2.088462032278889648e-08
2.088462032278889648e-08
2.088462032278889648e-08
2.088462032278889648e-08
2.088462032278889648e-08
2.088462032278889648e-08
2.088493896489757011e-08
2.088493896489757011e-08
2.088493896489757011e-08
2.088493896489757011e-08
2.088525760700624374e-08
2.088525760700624374e-08
2.088525760700624374e-08
2.088525760700624374e-08
2.088525760700624374e-08
2.088525760700624374e-08
2.088525760700624374e-08
2.088525760700624374e-08
2.088525760700624374e-08
2.088525760700624374e-08
2.088525760700624374e-08
2.088525760700624374e-08
2.088525760700624374e-08
2.088525760700624374e-08
2.088525760700624374e-08
2.088525760700624374e-08
2.088525760700624374e-08
2.088525760700624374e-08
2.088525760700624374e-08
2.088525760700624374e-08
2.088525760700624374e-08
2.088525760700624374e-08
2.088525760700624374e-08
2.088525760700624374e-08
2.088525760700624374e-08
2.088525760700624374e-08
2.088525760700624374e-08
2.088525760700624374e-08
2.088525760700624374e-08
2.088525760700624374e-08
2.088525760700624374e-08
2.088525760700624374e-08
2.088525760700624374e-08
2.088525760700624374e-08
2.088525760700624374e-08
2.088525760700624374e-08
2.088525760700624374e-08
2.088525760700624374e-08
2.088525760700624374e-08
2.088525760700624374e-08
2.088525760700624374e-08
2.088525760700624374e-08
2.088525760700624374e-08
2.088525760700624374e-08
2.088525760700624374e-08
2.088525760700624374e-08
2.088525760700624374e-08
2.088525760700624374e-08
2.088525760700624374e-08
2.088525760700624374e-08
2.088525760700624374e-08
2.088525760700624374e-08
2.088525760700624374e-08
2.088525760700624374e-08
2.088525760700624374e-08
2.088525760700624374e-08
2.088525760700624374e-08
2.088525760700624374e-08
2.088525760700624374e-08
2.088525760700624374e-08
2.088525760700624374e-08
2.088525760700624374e-08
2.088525760700624374e-08
2.088525760700624374e-08
2.088525760700624374e-08
2.088525760700624374e-08
2.088525760700624374e-08
2.088525760700624374e-08
2.088525760700624374e-08
2.088525760700624374e-08
2.088525760700624374e-08
2.088525760700624374e-08
2.088525760700624374e-08
2.088525760700624374e-08
2.088525760700624374e-08
2.088525760700624374e-08
2.088525760700624374e-08
2.088525760700624374e-08
2.088525760700624374e-08
2.088525760700624374e-08
2.088525760700624374e-08
2.088525760700624374e-08
2.088525760700624374e-08
2.088525760700624374e-08
2.088525760700624374e-08
2.088525760700624374e-08
2.088525760700624374e-08
2.088525760700624374e-08
2.088525760700624374e-08
2.088525760700624374e-08
2.088525760700624374e-08
2.088525760700624374e-08
2.088525760700624374e-08
2.088525760700624374e-08
2.088525760700624374e-08
2.088525760700624374e-08
2.088525760700624374e-08
2.088525760700624374e-08
2.088525760700624374e-08
2.088525760700624374e-08
2.088525760700624374e-08
2.088525760700624374e-08
2.088525760700624374e-08
2.088525760700624374e-08
2.088525760700624374e-08
2.088525760700624374e-08
2.088525760700624374e-08
2.088525760700624374e-08
2.088525760700624374e-08
2.088525760700624374e-08
2.088525760700624374e-08
2.088525760700624374e-08
2.088525760700624374e-08
2.088525760700624374e-08
2.088525760700624374e-08
2.088525760700624374e-08
2.088525760700624374e-08
2.088525760700624374e-08
2.088525760700624374e-08
2.088525760700624374e-08
2.088525760700624374e-08
2.088525760700624374e-08
2.088525760700624374e-08
2.088525760700624374e-08
2.088525760700624374e-08
2.088525760700624374e-08
2.088525760700624374e-08
2.088525760700624374e-08
2.088525760700624374e-08
2.088525760700624374e-08
2.088525760700624374e-08
2.088525760700624374e-08
2.088525760700624374e-08
2.088525760700624374e-08
2.088525760700624374e-08
2.088525760700624374e-08
2.088525760700624374e-08
2.088525760700624374e-08
2.088525760700624374e-08
2.088525760700624374e-08
2.088525760700624374e-08
2.088525760700624374e-08
2.088525760700624374e-08
2.088525760700624374e-08
2.088525760700624374e-08
2.088525760700624374e-08
2.088525760700624374e-08
2.088525760700624374e-08
2.088525760700624374e-08
2.088525760700624374e-08
2.088525760700624374e-08
2.088525760700624374e-08
2.088525760700624374e-08
2.088525760700624374e-08
2.088525760700624374e-08
2.088525760700624374e-08
2.088525760700624374e-08
2.088525760700624374e-08
2.088525760700624374e-08
2.088525760700624374e-08
2.088525760700624374e-08
2.088525760700624374e-08
2.088525760700624374e-08
2.088525760700624374e-08
2.088525760700624374e-08
2.088525760700624374e-08
2.088525760700624374e-08
2.088525760700624374e-08
2.088525760700624374e-08
2.088525760700624374e-08
2.088525760700624374e-08
2.088525760700624374e-08
2.088525760700624374e-08
2.088525760700624374e-08
2.088525760700624374e-08
2.088525760700624374e-08
2.088525760700624374e-08
2.088525760700624374e-08
2.088525760700624374e-08
2.088525760700624374e-08
2.088525760700624374e-08
2.088525760700624374e-08
2.088525760700624374e-08
2.088525760700624374e-08
2.088525760700624374e-08
2.088525760700624374e-08
2.088525760700624374e-08
2.088525760700624374e-08
2.088525760700624374e-08
2.088525760700624374e-08
2.088525760700624374e-08
2.088525760700624374e-08
2.088525760700624374e-08
2.088525760700624374e-08
2.088525760700624374e-08
2.088525760700624374e-08
2.088525760700624374e-08
2.088525760700624374e-08
2.088525760700624374e-08
2.088525760700624374e-08
2.088525760700624374e-08
2.088525760700624374e-08
2.088525760700624374e-08
2.088525760700624374e-08
2.088525760700624374e-08
2.088525760700624374e-08
2.088525760700624374e-08
2.088525760700624374e-08
2.088525760700624374e-08
2.088525760700624374e-08
2.088525760700624374e-08
2.088525760700624374e-08
2.088525760700624374e-08
2.088525760700624374e-08
2.088525760700624374e-08
2.088525760700624374e-08
2.088525760700624374e-08
2.088525760700624374e-08
2.088525760700624374e-08
2.088525760700624374e-08
2.088525760700624374e-08
2.088525760700624374e-08
2.088525760700624374e-08
2.088525760700624374e-08
2.088525760700624374e-08
2.088525760700624374e-08
2.088525760700624374e-08
2.088525760700624374e-08
2.088525760700624374e-08
2.088525760700624374e-08
2.088525760700624374e-08
2.088525760700624374e-08
2.088525760700624374e-08
2.088525760700624374e-08
2.088525760700624374e-08
2.088525760700624374e-08
2.088525760700624374e-08
2.088525760700624374e-08
2.088525760700624374e-08
2.088525760700624374e-08
2.088525760700624374e-08
2.088525760700624374e-08
2.088525760700624374e-08
2.088525760700624374e-08
2.088525760700624374e-08
2.088525760700624374e-08
2.088525760700624374e-08
2.088525760700624374e-08
2.088525760700624374e-08
2.088525760700624374e-08
2.088525760700624374e-08
2.088525760700624374e-08
2.088525760700624374e-08
2.088525760700624374e-08
2.088525760700624374e-08
2.088525760700624374e-08
2.088525760700624374e-08
2.088525760700624374e-08
2.088525760700624374e-08
2.088525760700624374e-08
2.088525760700624374e-08
2.088525760700624374e-08
2.088525760700624374e-08
2.088525760700624374e-08
2.088525760700624374e-08
2.088525760700624374e-08
2.088525760700624374e-08
2.088525760700624374e-08
2.088525760700624374e-08
2.088525760700624374e-08
2.088525760700624374e-08
2.088525760700624374e-08
2.088525760700624374e-08
2.088525760700624374e-08
2.088525760700624374e-08
2.088525760700624374e-08
2.088525760700624374e-08
2.088525760700624374e-08
2.088525760700624374e-08
2.088525760700624374e-08
2.088525760700624374e-08
2.088525760700624374e-08
2.088525760700624374e-08
2.088525760700624374e-08
2.088525760700624374e-08
2.088525760700624374e-08
2.088525760700624374e-08
2.088525760700624374e-08
2.088525760700624374e-08
2.088525760700624374e-08
2.088525760700624374e-08
2.088525760700624374e-08
2.088525760700624374e-08
2.088525760700624374e-08
2.088525760700624374e-08
2.088525760700624374e-08
2.088525760700624374e-08
2.088525760700624374e-08
2.088525760700624374e-08
2.088525760700624374e-08
2.088525760700624374e-08
2.088525760700624374e-08
2.088525760700624374e-08
2.088525760700624374e-08
2.088525760700624374e-08
2.088525760700624374e-08
2.088525760700624374e-08
2.088525760700624374e-08
2.088525760700624374e-08
2.088525760700624374e-08
2.088525760700624374e-08
2.088525760700624374e-08
2.088525760700624374e-08
2.088525760700624374e-08
2.088525760700624374e-08
2.088525760700624374e-08
2.088525760700624374e-08
2.088525760700624374e-08
2.088525760700624374e-08
2.088525760700624374e-08
2.088525760700624374e-08
2.088525760700624374e-08
2.088525760700624374e-08
2.088525760700624374e-08
2.088525760700624374e-08
2.088525760700624374e-08
2.088525760700624374e-08
2.088525760700624374e-08
2.088525760700624374e-08
2.088525760700624374e-08
2.088525760700624374e-08
2.088525760700624374e-08
2.088525760700624374e-08
2.088525760700624374e-08
2.088525760700624374e-08
2.088525760700624374e-08
2.088525760700624374e-08
2.088525760700624374e-08
2.088525760700624374e-08
2.088525760700624374e-08
2.088525760700624374e-08
2.088525760700624374e-08
2.088525760700624374e-08
2.088525760700624374e-08
2.088525760700624374e-08
2.088525760700624374e-08
2.088525760700624374e-08
2.088525760700624374e-08
2.088525760700624374e-08
2.088525760700624374e-08
2.088525760700624374e-08
2.088525760700624374e-08
2.088525760700624374e-08
2.088525760700624374e-08
2.088525760700624374e-08
2.088525760700624374e-08
2.088525760700624374e-08
2.088525760700624374e-08
2.088525760700624374e-08
2.088525760700624374e-08
2.088525760700624374e-08
2.088525760700624374e-08
2.088525760700624374e-08
2.088525760700624374e-08
2.088525760700624374e-08
2.088525760700624374e-08
2.088525760700624374e-08
2.088525760700624374e-08
2.088525760700624374e-08
2.088525760700624374e-08
2.088525760700624374e-08
2.088525760700624374e-08
2.088525760700624374e-08
2.088525760700624374e-08
2.088525760700624374e-08
2.088525760700624374e-08
2.088525760700624374e-08
2.088525760700624374e-08
2.088525760700624374e-08
2.088525760700624374e-08
2.088525760700624374e-08
2.088525760700624374e-08
2.088525760700624374e-08
2.088525760700624374e-08
2.088525760700624374e-08
2.088525760700624374e-08
2.088525760700624374e-08
2.088525760700624374e-08
2.088525760700624374e-08
2.088525760700624374e-08
2.088525760700624374e-08
2.088525760700624374e-08
2.088525760700624374e-08
2.088525760700624374e-08
2.088525760700624374e-08
2.088525760700624374e-08
2.088525760700624374e-08
2.088525760700624374e-08
2.088525760700624374e-08
2.088525760700624374e-08
2.088525760700624374e-08
2.088525760700624374e-08
2.088525760700624374e-08
2.088525760700624374e-08
2.088525760700624374e-08
2.088525760700624374e-08
2.088525760700624374e-08
2.088525760700624374e-08
2.088525760700624374e-08
2.088525760700624374e-08
2.088525760700624374e-08
2.088525760700624374e-08
2.088525760700624374e-08
2.088525760700624374e-08
2.088525760700624374e-08
2.088525760700624374e-08
2.088525760700624374e-08
2.088525760700624374e-08
2.088525760700624374e-08
2.088525760700624374e-08
2.088525760700624374e-08
2.088525760700624374e-08
2.088525760700624374e-08
2.088525760700624374e-08
2.088525760700624374e-08
2.088525760700624374e-08
2.088525760700624374e-08
2.088525760700624374e-08
2.088525760700624374e-08
2.088525760700624374e-08
2.088525760700624374e-08
2.088525760700624374e-08
2.088525760700624374e-08
2.088525760700624374e-08
2.088525760700624374e-08
2.088525760700624374e-08
2.088525760700624374e-08
2.088525760700624374e-08
2.088525760700624374e-08
2.088525760700624374e-08
2.088525760700624374e-08
2.088525760700624374e-08
2.088525760700624374e-08
2.088525760700624374e-08
2.088525760700624374e-08
2.088525760700624374e-08
2.088525760700624374e-08
2.088525760700624374e-08
2.088525760700624374e-08
2.088525760700624374e-08
2.088525760700624374e-08
2.088525760700624374e-08
2.088525760700624374e-08
2.088525760700624374e-08
2.088525760700624374e-08
2.088525760700624374e-08
2.088525760700624374e-08
2.088525760700624374e-08
2.088525760700624374e-08
2.088525760700624374e-08
2.088525760700624374e-08
2.088525760700624374e-08
2.088525760700624374e-08
2.088525760700624374e-08
2.088525760700624374e-08
2.088541692806057725e-08
2.088541692806057725e-08
2.088541692806057725e-08
2.088541692806057725e-08
2.088541692806057725e-08
2.088541692806057725e-08
2.088541692806057725e-08
2.088541692806057725e-08
2.088549658858774731e-08
2.088557624911491406e-08
2.088557624911491406e-08
2.088557624911491406e-08
2.088557624911491406e-08
2.088557624911491406e-08
2.088557624911491406e-08
2.088557624911491406e-08
2.088557624911491406e-08
2.088557624911491406e-08
2.088557624911491406e-08
2.088557624911491406e-08
2.088557624911491406e-08
2.088557624911491406e-08
2.088557624911491406e-08
2.088557624911491406e-08
2.088557624911491406e-08
2.088557624911491406e-08
2.088557624911491406e-08
2.088557624911491406e-08
2.088557624911491406e-08
2.088557624911491406e-08
2.088557624911491406e-08
2.088557624911491406e-08
2.088557624911491406e-08
2.088557624911491406e-08
2.088557624911491406e-08
2.088557624911491406e-08
2.088557624911491406e-08
2.088557624911491406e-08
2.088557624911491406e-08
2.088557624911491406e-08
2.088557624911491406e-08
2.088557624911491406e-08
2.088557624911491406e-08
2.088557624911491406e-08
2.088557624911491406e-08
2.088557624911491406e-08
2.088557624911491406e-08
2.088557624911491406e-08
2.088557624911491406e-08
2.088557624911491406e-08
2.088557624911491406e-08
2.088557624911491406e-08
2.088557624911491406e-08
2.088557624911491406e-08
2.088557624911491406e-08
2.088557624911491406e-08
2.088557624911491406e-08
2.088557624911491406e-08
2.088557624911491406e-08
2.088557624911491406e-08
2.088557624911491406e-08
2.088557624911491406e-08
2.088557624911491406e-08
2.088557624911491406e-08
2.088557624911491406e-08
2.088557624911491406e-08
2.088557624911491406e-08
2.088557624911491406e-08
2.088557624911491406e-08
2.088557624911491406e-08
2.088557624911491406e-08
2.088557624911491406e-08
2.088557624911491406e-08
2.088557624911491406e-08
2.088557624911491406e-08
2.088557624911491406e-08
2.088557624911491406e-08
2.088557624911491406e-08
2.088557624911491406e-08
2.088557624911491406e-08
2.088557624911491406e-08
2.088557624911491406e-08
2.088557624911491406e-08
2.088557624911491406e-08
2.088557624911491406e-08
2.088557624911491406e-08
2.088557624911491406e-08
2.088557624911491406e-08
2.088557624911491406e-08
2.088557624911491406e-08
2.088557624911491406e-08
2.088557624911491406e-08
2.088557624911491406e-08
2.088557624911491406e-08
2.088557624911491406e-08
2.088557624911491406e-08
2.088557624911491406e-08
2.088557624911491406e-08
2.088557624911491406e-08
2.088557624911491406e-08
2.088557624911491406e-08
2.088557624911491406e-08
2.088557624911491406e-08
2.088557624911491406e-08
2.088557624911491406e-08
2.088557624911491406e-08
2.088557624911491406e-08
2.088557624911491406e-08
2.088557624911491406e-08
2.088557624911491406e-08
2.088557624911491406e-08
2.088557624911491406e-08
2.088557624911491406e-08
2.088557624911491406e-08
2.088557624911491406e-08
2.088557624911491406e-08
2.088557624911491406e-08
2.088557624911491406e-08
2.088557624911491406e-08
2.088557624911491406e-08
2.088557624911491406e-08
2.088557624911491406e-08
2.088557624911491406e-08
2.088557624911491406e-08
2.088557624911491406e-08
2.088557624911491406e-08
2.088557624911491406e-08
2.088557624911491406e-08
2.088557624911491406e-08
2.088557624911491406e-08
2.088557624911491406e-08
2.088557624911491406e-08
2.088561607937849744e-08
2.088561607937849744e-08
2.088561607937849744e-08
2.088565590964208412e-08
2.088565590964208412e-08
2.088565590964208412e-08
2.088565590964208412e-08
2.088565590964208412e-08
2.088565590964208412e-08
2.088565590964208412e-08
2.088565590964208412e-08
2.088565590964208412e-08
2.088565590964208412e-08
2.088565590964208412e-08
2.088565590964208412e-08
2.088565590964208412e-08
2.088565590964208412e-08
2.088565590964208412e-08
2.088565590964208412e-08
2.088565590964208412e-08
2.088565590964208412e-08
2.088565590964208412e-08
2.088565590964208412e-08
2.088565590964208412e-08
2.088565590964208412e-08
2.088565590964208412e-08
2.088565590964208412e-08
2.088565590964208412e-08
2.088565590964208412e-08
2.088565590964208412e-08
2.088565590964208412e-08
2.088565590964208412e-08
2.088565590964208412e-08
2.088565590964208412e-08
2.088565590964208412e-08
2.088565590964208412e-08
2.088565590964208412e-08
2.088565590964208412e-08
2.088565590964208412e-08
2.088565590964208412e-08
2.088565590964208412e-08
2.088565590964208412e-08
2.088565590964208412e-08
2.088565590964208412e-08
2.088565590964208412e-08
2.088565590964208412e-08
2.088565590964208412e-08
2.088565590964208412e-08
2.088565590964208412e-08
2.088565590964208412e-08
2.088565590964208412e-08
2.088565590964208412e-08
2.088565590964208412e-08
2.088565590964208412e-08
2.088565590964208412e-08
2.088565590964208412e-08
2.088566088842503204e-08
2.088566586720797997e-08
2.088566586720797997e-08
2.088566586720797997e-08
2.088566586720797997e-08
2.088566586720797997e-08
2.088566835659945393e-08
2.088566835659945393e-08
2.088567084599092789e-08
2.088567084599092789e-08
2.088567084599092789e-08
2.088567582477387581e-08
2.088567582477387581e-08
2.088567582477387581e-08
2.088567582477387581e-08
2.088567582477387581e-08
2.088569573990566750e-08
2.088573557016925088e-08
2.088573557016925088e-08
2.088573557016925088e-08
2.088573557016925088e-08
2.088573557016925088e-08
2.088573557016925088e-08
2.088573557016925088e-08
2.088573557016925088e-08
2.088573557016925088e-08
2.088573557016925088e-08
2.088573557016925088e-08
2.088573557016925088e-08
2.088573557016925088e-08
2.088573557016925088e-08
2.088573557016925088e-08
2.088573557016925088e-08
2.088573557016925088e-08
2.088573557016925088e-08
2.088573557016925088e-08
2.088573557016925088e-08
2.088573557016925088e-08
2.088573557016925088e-08
2.088573557016925088e-08
2.088573557016925088e-08
2.088573557016925088e-08
2.088573557016925088e-08
2.088573557016925088e-08
2.088573557016925088e-08
2.088573557016925088e-08
2.088573557016925088e-08
2.088573557016925088e-08
2.088573557016925088e-08
2.088573557016925088e-08
2.088573557016925088e-08
2.088573557016925088e-08
2.088573557016925088e-08
2.088573557016925088e-08
2.088573557016925088e-08
2.088573557016925088e-08
2.088573557016925088e-08
2.088573557016925088e-08
2.088581523069641763e-08
2.088581523069641763e-08
2.088589489122358769e-08
2.088589489122358769e-08
2.088589489122358769e-08
2.088589489122358769e-08
2.088589489122358769e-08
2.088589489122358769e-08
2.088589489122358769e-08
2.088589489122358769e-08
2.088589489122358769e-08
2.088589489122358769e-08
2.088589489122358769e-08
2.088589489122358769e-08
2.088589489122358769e-08
2.088589489122358769e-08
2.088589489122358769e-08
2.088589489122358769e-08
2.088589489122358769e-08
2.088589489122358769e-08
2.088589489122358769e-08
2.088589489122358769e-08
2.088589489122358769e-08
2.088589489122358769e-08
2.088589489122358769e-08
2.088589489122358769e-08
2.088589489122358769e-08
2.088589489122358769e-08
2.088589489122358769e-08
2.088589489122358769e-08
2.088589489122358769e-08
2.088589489122358769e-08
2.088589489122358769e-08
2.088589489122358769e-08
2.088589489122358769e-08
2.088589489122358769e-08
2.088589489122358769e-08
2.088589489122358769e-08
2.088589489122358769e-08
2.088589489122358769e-08
2.088589489122358769e-08
2.088589489122358769e-08
2.088589489122358769e-08
2.088589489122358769e-08
2.088589489122358769e-08
2.088589489122358769e-08
2.088589489122358769e-08
2.088589489122358769e-08
2.088589489122358769e-08
2.088589489122358769e-08
2.088589489122358769e-08
2.088589489122358769e-08
2.088589489122358769e-08
2.088589489122358769e-08
2.088589489122358769e-08
2.088589489122358769e-08
2.088589489122358769e-08
2.088589489122358769e-08
2.088589489122358769e-08
2.088589489122358769e-08
2.088589489122358769e-08
2.088589489122358769e-08
2.088589489122358769e-08
2.088589489122358769e-08
2.088589489122358769e-08
2.088589489122358769e-08
2.088589489122358769e-08
2.088589489122358769e-08
2.088589489122358769e-08
2.088589489122358769e-08
2.088589489122358769e-08
2.088589489122358769e-08
2.088589489122358769e-08
2.088589489122358769e-08
2.088589489122358769e-08
2.088589489122358769e-08
2.088589489122358769e-08
2.088589489122358769e-08
2.088589489122358769e-08
2.088589489122358769e-08
2.088589489122358769e-08
2.088589489122358769e-08
2.088589489122358769e-08
2.088589489122358769e-08
2.088589489122358769e-08
2.088589489122358769e-08
2.088589489122358769e-08
2.088589489122358769e-08
2.088589489122358769e-08
2.088589489122358769e-08
2.088589489122358769e-08
2.088589489122358769e-08
2.088589489122358769e-08
2.088589489122358769e-08
2.088589489122358769e-08
2.088589489122358769e-08
2.088589489122358769e-08
2.088589489122358769e-08
2.088589489122358769e-08
2.088589489122358769e-08
2.088589489122358769e-08
2.088589489122358769e-08
2.088589489122358769e-08
2.088589489122358769e-08
2.088589489122358769e-08
2.088589489122358769e-08
2.088589489122358769e-08
2.088589489122358769e-08
2.088589489122358769e-08
2.088589489122358769e-08
2.088589489122358769e-08
2.088589489122358769e-08
2.088589489122358769e-08
2.088589489122358769e-08
2.088589489122358769e-08
2.088589489122358769e-08
2.088589489122358769e-08
2.088589489122358769e-08
2.088589489122358769e-08
2.088589489122358769e-08
2.088589489122358769e-08
2.088589489122358769e-08
2.088589489122358769e-08
2.088589489122358769e-08
2.088589489122358769e-08
2.088589489122358769e-08
2.088589489122358769e-08
2.088589489122358769e-08
2.088589489122358769e-08
2.088589489122358769e-08
2.088589489122358769e-08
2.088589489122358769e-08
2.088589489122358769e-08
2.088589489122358769e-08
2.088589489122358769e-08
2.088589489122358769e-08
2.088589489122358769e-08
2.088589489122358769e-08
2.088589489122358769e-08
2.088589489122358769e-08
2.088589489122358769e-08
2.088589489122358769e-08
2.088589489122358769e-08
2.088589489122358769e-08
2.088589489122358769e-08
2.088589489122358769e-08
2.088589489122358769e-08
2.088589489122358769e-08
2.088589489122358769e-08
2.088589489122358769e-08
2.088589489122358769e-08
2.088589489122358769e-08
2.088589489122358769e-08
2.088589489122358769e-08
2.088589489122358769e-08
2.088589489122358769e-08
2.088589489122358769e-08
2.088589489122358769e-08
2.088589489122358769e-08
2.088589489122358769e-08
2.088589489122358769e-08
2.088589489122358769e-08
2.088589489122358769e-08
2.088589489122358769e-08
2.088589489122358769e-08
2.088589489122358769e-08
2.088589489122358769e-08
2.088589489122358769e-08
2.088589489122358769e-08
2.088589489122358769e-08
2.088589489122358769e-08
2.088589489122358769e-08
2.088589489122358769e-08
2.088589489122358769e-08
2.088589489122358769e-08
2.088589489122358769e-08
2.088589489122358769e-08
2.088589489122358769e-08
2.088589489122358769e-08
2.088589489122358769e-08
2.088589489122358769e-08
2.088589489122358769e-08
2.088589489122358769e-08
2.088589489122358769e-08
2.088589489122358769e-08
2.088589489122358769e-08
2.088589489122358769e-08
2.088589489122358769e-08
2.088589489122358769e-08
2.088589489122358769e-08
2.088589489122358769e-08
2.088589489122358769e-08
2.088589489122358769e-08
2.088589489122358769e-08
2.088589489122358769e-08
2.088589489122358769e-08
2.088589489122358769e-08
2.088589489122358769e-08
2.088589489122358769e-08
2.088589489122358769e-08
2.088589489122358769e-08
2.088589489122358769e-08
2.088589489122358769e-08
2.088589489122358769e-08
2.088589489122358769e-08
2.088589489122358769e-08
2.088589489122358769e-08
2.088621353333225801e-08
2.088621353333225801e-08
2.088621353333225801e-08
2.088621353333225801e-08
2.088621353333225801e-08
2.088621353333225801e-08
2.088621353333225801e-08
2.088621353333225801e-08
2.088621353333225801e-08
2.088621353333225801e-08
2.088621353333225801e-08
2.088621353333225801e-08
2.088621353333225801e-08
2.088621353333225801e-08
2.088621353333225801e-08
2.088621353333225801e-08
2.088621353333225801e-08
2.088621353333225801e-08
2.088653217544093164e-08
2.088653217544093164e-08
2.088653217544093164e-08
2.088653217544093164e-08
2.088653217544093164e-08
2.088653217544093164e-08
2.088653217544093164e-08
2.088653217544093164e-08
2.088653217544093164e-08
2.088653217544093164e-08
2.088653217544093164e-08
2.088653217544093164e-08
2.088653217544093164e-08
2.088653217544093164e-08
2.088653217544093164e-08
2.088653217544093164e-08
2.088653217544093164e-08
2.088653217544093164e-08
2.088653217544093164e-08
2.088653217544093164e-08
2.088653217544093164e-08
2.088653217544093164e-08
2.088653217544093164e-08
2.088653217544093164e-08
2.088653217544093164e-08
2.088653217544093164e-08
2.088653217544093164e-08
2.088653217544093164e-08
2.088653217544093164e-08
2.088653217544093164e-08
2.088653217544093164e-08
2.088653217544093164e-08
2.088653217544093164e-08
2.088653217544093164e-08
2.088653217544093164e-08
2.088653217544093164e-08
2.088653217544093164e-08
2.088653217544093164e-08
2.088653217544093164e-08
2.088653217544093164e-08
2.088653217544093164e-08
2.088653217544093164e-08
2.088653217544093164e-08
2.088653217544093164e-08
2.088653217544093164e-08
2.088653217544093164e-08
2.088653217544093164e-08
2.088653217544093164e-08
2.088653217544093164e-08
2.088653217544093164e-08
2.088653217544093164e-08
2.088653217544093164e-08
2.088653217544093164e-08
2.088653217544093164e-08
2.088653217544093164e-08
2.088653217544093164e-08
2.088653217544093164e-08
2.088653217544093164e-08
2.088653217544093164e-08
2.088653217544093164e-08
2.088653217544093164e-08
2.088653217544093164e-08
2.088653217544093164e-08
2.088653217544093164e-08
2.088653217544093164e-08
2.088653217544093164e-08
2.088653217544093164e-08
2.088653217544093164e-08
2.088653217544093164e-08
2.088653217544093164e-08
2.088653217544093164e-08
2.088653217544093164e-08
2.088653217544093164e-08
2.088653217544093164e-08
2.088653217544093164e-08
2.088653217544093164e-08
2.088653217544093164e-08
2.088653217544093164e-08
2.088653217544093164e-08
2.088653217544093164e-08
2.088653217544093164e-08
2.088653217544093164e-08
2.088653217544093164e-08
2.088653217544093164e-08
2.088653217544093164e-08
2.088653217544093164e-08
2.088653217544093164e-08
2.088653217544093164e-08
2.088653217544093164e-08
2.088653217544093164e-08
2.088653217544093164e-08
2.088653217544093164e-08
2.088653217544093164e-08
2.088653217544093164e-08
2.088653217544093164e-08
2.088653217544093164e-08
2.088653217544093164e-08
2.088653217544093164e-08
2.088653217544093164e-08
2.088653217544093164e-08
2.088653217544093164e-08
2.088653217544093164e-08
2.088653217544093164e-08
2.088653217544093164e-08
2.088653217544093164e-08
2.088653217544093164e-08
2.088653217544093164e-08
2.088653217544093164e-08
2.088653217544093164e-08
2.088653217544093164e-08
2.088653217544093164e-08
2.088653217544093164e-08
2.088653217544093164e-08
2.088653217544093164e-08
2.088653217544093164e-08
2.088653217544093164e-08
2.088653217544093164e-08
2.088653217544093164e-08
2.088653217544093164e-08
2.088653217544093164e-08
2.088653217544093164e-08
2.088653217544093164e-08
2.088653217544093164e-08
2.088653217544093164e-08
2.088653217544093164e-08
2.088653217544093164e-08
2.088653217544093164e-08
2.088653217544093164e-08
2.088653217544093164e-08
2.088653217544093164e-08
2.088653217544093164e-08
2.088653217544093164e-08
2.088653217544093164e-08
2.088653217544093164e-08
2.088653217544093164e-08
2.088653217544093164e-08
2.088653217544093164e-08
2.088653217544093164e-08
2.088653217544093164e-08
2.088653217544093164e-08
2.088653217544093164e-08
2.088653217544093164e-08
2.088653217544093164e-08
2.088653217544093164e-08
2.088653217544093164e-08
2.088653217544093164e-08
2.088653217544093164e-08
2.088653217544093164e-08
2.088653217544093164e-08
2.088653217544093164e-08
2.088653217544093164e-08
2.088653217544093164e-08
2.088653217544093164e-08
2.088653217544093164e-08
2.088653217544093164e-08
2.088653217544093164e-08
2.088653217544093164e-08
2.088653217544093164e-08
2.088653217544093164e-08
2.088653217544093164e-08
2.088653217544093164e-08
2.088653217544093164e-08
2.088653217544093164e-08
2.088653217544093164e-08
2.088653217544093164e-08
2.088653217544093164e-08
2.088653217544093164e-08
2.088653217544093164e-08
2.088653217544093164e-08
2.088653217544093164e-08
2.088653217544093164e-08
2.088653217544093164e-08
2.088653217544093164e-08
2.088653217544093164e-08
2.088653217544093164e-08
2.088653217544093164e-08
2.088653217544093164e-08
2.088653217544093164e-08
2.088653217544093164e-08
2.088653217544093164e-08
2.088653217544093164e-08
2.088653217544093164e-08
2.088653217544093164e-08
2.088653217544093164e-08
2.088653217544093164e-08
2.088653217544093164e-08
2.088653217544093164e-08
2.088653217544093164e-08
2.088653217544093164e-08
2.088653217544093164e-08
2.088653217544093164e-08
2.088653217544093164e-08
2.088653217544093164e-08
2.088653217544093164e-08
2.088653217544093164e-08
2.088653217544093164e-08
2.088653217544093164e-08
2.088653217544093164e-08
2.088653217544093164e-08
2.088653217544093164e-08
2.088653217544093164e-08
2.088653217544093164e-08
2.088653217544093164e-08
2.088653217544093164e-08
2.088653217544093164e-08
2.088653217544093164e-08
2.088653217544093164e-08
2.088653217544093164e-08
2.088653217544093164e-08
2.088653217544093164e-08
2.088653217544093164e-08
2.088653217544093164e-08
2.088653217544093164e-08
2.088653217544093164e-08
2.088653217544093164e-08
2.088653217544093164e-08
2.088653217544093164e-08
2.088653217544093164e-08
2.088653217544093164e-08
2.088653217544093164e-08
2.088653217544093164e-08
2.088653217544093164e-08
2.088653217544093164e-08
2.088653217544093164e-08
2.088653217544093164e-08
2.088716945965827559e-08
2.088716945965827559e-08
2.088716945965827559e-08
2.088716945965827559e-08
2.088780674387562284e-08
2.088780674387562284e-08
2.088780674387562284e-08
2.088780674387562284e-08
2.088780674387562284e-08
2.088780674387562284e-08
2.088780674387562284e-08
2.088780674387562284e-08
2.088780674387562284e-08
2.088780674387562284e-08
2.088780674387562284e-08
2.088780674387562284e-08
2.088780674387562284e-08
2.088780674387562284e-08
2.088780674387562284e-08
2.088780674387562284e-08
2.088780674387562284e-08
2.088780674387562284e-08
2.088780674387562284e-08
2.088780674387562284e-08
2.088780674387562284e-08
2.088780674387562284e-08
2.088780674387562284e-08
2.088780674387562284e-08
2.088780674387562284e-08
2.088780674387562284e-08
2.088780674387562284e-08
2.088780674387562284e-08
2.088780674387562284e-08
2.088780674387562284e-08
2.088780674387562284e-08
2.088780674387562284e-08
2.088780674387562284e-08
2.088780674387562284e-08
2.088780674387562284e-08
2.088780674387562284e-08
2.088780674387562284e-08
2.088780674387562284e-08
2.088780674387562284e-08
2.088780674387562284e-08
2.088780674387562284e-08
2.088780674387562284e-08
2.088780674387562284e-08
2.088780674387562284e-08
2.088780674387562284e-08
2.088780674387562284e-08
2.088780674387562284e-08
2.088780674387562284e-08
2.088780674387562284e-08
2.088780674387562284e-08
2.088780674387562284e-08
2.088780674387562284e-08
2.088780674387562284e-08
2.088780674387562284e-08
2.088780674387562284e-08
2.088780674387562284e-08
2.088780674387562284e-08
2.088780674387562284e-08
2.088780674387562284e-08
2.088780674387562284e-08
2.088780674387562284e-08
2.088780674387562284e-08
2.088780674387562284e-08
2.088780674387562284e-08
2.088780674387562284e-08
2.088780674387562284e-08
2.088780674387562284e-08
2.088780674387562284e-08
2.088780674387562284e-08
2.088780674387562284e-08
2.145753883418177093e-08
2.153783664556720435e-08
2.153835443899379486e-08
2.153847392978454830e-08
2.153847392978454830e-08
2.610461534705923740e-08
2.610461534705923740e-08
2.610588991549392529e-08
2.610588991549392529e-08
2.610588991549392529e-08
2.610588991549392529e-08
2.610588991549392529e-08
2.610588991549392529e-08
2.610652719971127255e-08
2.610652719971127255e-08
2.610652719971127255e-08
2.610652719971127255e-08
2.610684584181994287e-08
2.610692550234711293e-08
2.610700516287427969e-08
2.610700516287427969e-08
2.610700516287427969e-08
2.610700516287427969e-08
2.610704499313786306e-08
2.610708482340144644e-08
2.610716448392861650e-08
2.610716448392861650e-08
2.610716448392861650e-08
2.610716448392861650e-08
2.610716448392861650e-08
2.610716448392861650e-08
2.610716448392861650e-08
2.610716448392861650e-08
2.610716448392861650e-08
2.610716448392861650e-08
2.610716448392861650e-08
2.610716448392861650e-08
2.610716448392861650e-08
2.610716448392861650e-08
2.610716448392861650e-08
2.610716448392861650e-08
2.610716448392861650e-08
2.610716448392861650e-08
2.610716448392861650e-08
2.610716448392861650e-08
2.610716448392861650e-08
2.610716448392861650e-08
2.610716448392861650e-08
2.610716448392861650e-08
2.610716448392861650e-08
2.610716448392861650e-08
2.610716448392861650e-08
2.610716448392861650e-08
2.610716448392861650e-08
2.610716448392861650e-08
2.610716448392861650e-08
2.610716448392861650e-08
2.610716448392861650e-08
2.610716448392861650e-08
2.610716448392861650e-08
2.610716448392861650e-08
2.610716448392861650e-08
2.610716448392861650e-08
2.610716448392861650e-08
2.610716448392861650e-08
2.610716448392861650e-08
2.610716448392861650e-08
2.610716448392861650e-08
2.610716448392861650e-08
2.610716448392861650e-08
2.610716448392861650e-08
2.610716448392861650e-08
2.610716448392861650e-08
2.610716448392861650e-08
2.610780176814596045e-08
2.610843905236330440e-08
2.610843905236330440e-08
2.610843905236330440e-08
2.610843905236330440e-08
2.610843905236330440e-08
2.610907633658064834e-08
2.610971362079799560e-08
3.132652222398161016e-08
3.132652222398161016e-08
3.132652222398161016e-08
3.132652222398161016e-08
3.132652222398161016e-08
3.132652222398161016e-08
3.132652222398161016e-08
3.132652222398161016e-08
3.132652222398161016e-08
3.132652222398161016e-08
3.132652222398161016e-08
3.132652222398161016e-08
3.132652222398161016e-08
3.132652222398161016e-08
3.132652222398161016e-08
3.132652222398161016e-08
3.132652222398161016e-08
3.132715950819895741e-08
3.132779679241629805e-08
3.132779679241629805e-08
3.132779679241629805e-08
3.132779679241629805e-08
3.132779679241629805e-08
3.132779679241629805e-08
3.132779679241629805e-08
3.132779679241629805e-08
3.132779679241629805e-08
3.132779679241629805e-08
3.132779679241629805e-08
3.132779679241629805e-08
3.132779679241629805e-08
3.132779679241629805e-08
3.132779679241629805e-08
3.132779679241629805e-08
3.132779679241629805e-08
3.132779679241629805e-08
3.132779679241629805e-08
3.132779679241629805e-08
3.132779679241629805e-08
3.132779679241629805e-08
3.132779679241629805e-08
3.132779679241629805e-08
3.132779679241629805e-08
3.132779679241629805e-08
3.132779679241629805e-08
3.132779679241629805e-08
3.132779679241629805e-08
3.132779679241629805e-08
3.132779679241629805e-08
3.132779679241629805e-08
3.132779679241629805e-08
3.132779679241629805e-08
3.132779679241629805e-08
3.132779679241629805e-08
3.132779679241629805e-08
3.132779679241629805e-08
3.132779679241629805e-08
3.132779679241629805e-08
3.132779679241629805e-08
3.132779679241629805e-08
3.132779679241629805e-08
3.132779679241629805e-08
3.132779679241629805e-08
3.132779679241629805e-08
3.132779679241629805e-08
3.132779679241629805e-08
3.132779679241629805e-08
3.132779679241629805e-08
3.132779679241629805e-08
3.132779679241629805e-08
3.132779679241629805e-08
3.132779679241629805e-08
3.132779679241629805e-08
3.132779679241629805e-08
3.132779679241629805e-08
3.132779679241629805e-08
3.132779679241629805e-08
3.132779679241629805e-08
3.132779679241629805e-08
3.132779679241629805e-08
3.132779679241629805e-08
3.132779679241629805e-08
3.132779679241629805e-08
3.132779679241629805e-08
3.132779679241629805e-08
3.132779679241629805e-08
3.132811543452497168e-08
3.132827475557930519e-08
3.132827475557930519e-08
3.132827475557930519e-08
3.132827475557930519e-08
3.132843407663364531e-08
3.132843407663364531e-08
3.132843407663364531e-08
3.132843407663364531e-08
3.132843407663364531e-08
3.132843407663364531e-08
3.132843407663364531e-08
3.132843407663364531e-08
3.132843407663364531e-08
3.132843407663364531e-08
3.132843407663364531e-08
3.132843407663364531e-08
3.132843407663364531e-08
3.132843407663364531e-08
3.132843407663364531e-08
3.132843407663364531e-08
3.132843407663364531e-08
3.132843407663364531e-08
3.132843407663364531e-08
3.132843407663364531e-08
3.132843407663364531e-08
3.132843407663364531e-08
3.132843407663364531e-08
3.132843407663364531e-08
3.132843407663364531e-08
3.132843407663364531e-08
3.132843407663364531e-08
3.132843407663364531e-08
3.132843407663364531e-08
3.132843407663364531e-08
3.132843407663364531e-08
3.132843407663364531e-08
3.132843407663364531e-08
3.132843407663364531e-08
3.132843407663364531e-08
3.132843407663364531e-08
3.132843407663364531e-08
3.132843407663364531e-08
3.132843407663364531e-08
3.132843407663364531e-08
3.132843407663364531e-08
3.132843407663364531e-08
3.132843407663364531e-08
3.132843407663364531e-08
3.132843407663364531e-08
3.132843407663364531e-08
3.132843407663364531e-08
3.132843407663364531e-08
3.132843407663364531e-08
3.132843407663364531e-08
3.132843407663364531e-08
3.132843407663364531e-08
3.132843407663364531e-08
3.132843407663364531e-08
3.132843407663364531e-08
3.132843407663364531e-08
3.132843407663364531e-08
3.132843407663364531e-08
3.132843407663364531e-08
3.132843407663364531e-08
3.132843407663364531e-08
3.132843407663364531e-08
3.132843407663364531e-08
3.132843407663364531e-08
3.132843407663364531e-08
3.132843407663364531e-08
3.132843407663364531e-08
3.132843407663364531e-08
3.132843407663364531e-08
3.132843407663364531e-08
3.132843407663364531e-08
3.132843407663364531e-08
3.132843407663364531e-08
3.132843407663364531e-08
3.132843407663364531e-08
3.132843407663364531e-08
3.132843407663364531e-08
3.132843407663364531e-08
3.132843407663364531e-08
3.132843407663364531e-08
3.132843407663364531e-08
3.132843407663364531e-08
3.132843407663364531e-08
3.132843407663364531e-08
3.132843407663364531e-08
3.132843407663364531e-08
3.132843407663364531e-08
3.132843407663364531e-08
3.132843407663364531e-08
3.132843407663364531e-08
3.132843407663364531e-08
3.132843407663364531e-08
3.132845399176543700e-08
3.132847390689722869e-08
3.132847390689722869e-08
3.132847888568017661e-08
3.132848386446312453e-08
3.132848884324607245e-08
3.132849382202902037e-08
3.132851373716081206e-08
3.132851373716081206e-08
3.132851373716081206e-08
3.132851373716081206e-08
3.132851373716081206e-08
3.132851373716081206e-08
3.132851373716081206e-08
3.132859339768797881e-08
3.132859339768797881e-08
3.132859339768797881e-08
3.132859339768797881e-08
3.132859339768797881e-08
3.132859339768797881e-08
3.132859339768797881e-08
3.132859339768797881e-08
3.132859339768797881e-08
3.132859339768797881e-08
3.132875271874231894e-08
3.132875271874231894e-08
3.132875271874231894e-08
3.132875271874231894e-08
3.132875271874231894e-08
3.132875271874231894e-08
3.132875271874231894e-08
3.132875271874231894e-08
3.132875271874231894e-08
3.132875271874231894e-08
3.132875271874231894e-08
3.132875271874231894e-08
3.132875271874231894e-08
3.132907136085098595e-08
3.132907136085098595e-08
3.132907136085098595e-08
3.132907136085098595e-08
3.132907136085098595e-08
3.132907136085098595e-08
3.132907136085098595e-08
3.132907136085098595e-08
3.132907136085098595e-08
3.132907136085098595e-08
3.132907136085098595e-08
3.132907136085098595e-08
3.132907136085098595e-08
3.132907136085098595e-08
3.132907136085098595e-08
3.132907136085098595e-08
3.132907136085098595e-08
3.132907136085098595e-08
3.132907136085098595e-08
3.132907136085098595e-08
3.132907136085098595e-08
3.132907136085098595e-08
3.132907136085098595e-08
3.132907136085098595e-08
3.132907136085098595e-08
3.132907136085098595e-08
3.132907136085098595e-08
3.132907136085098595e-08
3.132907136085098595e-08
3.132907136085098595e-08
3.132907136085098595e-08
3.132907136085098595e-08
3.132907136085098595e-08
3.132907136085098595e-08
3.132907136085098595e-08
3.132907136085098595e-08
3.132907136085098595e-08
3.132907136085098595e-08
3.132907136085098595e-08
3.132907136085098595e-08
3.132907136085098595e-08
3.132907136085098595e-08
3.132907136085098595e-08
3.132907136085098595e-08
3.132907136085098595e-08
3.132907136085098595e-08
3.132907136085098595e-08
3.132907136085098595e-08
3.132907136085098595e-08
3.132907136085098595e-08
3.132907136085098595e-08
3.132907136085098595e-08
3.132907136085098595e-08
3.132907136085098595e-08
3.132907136085098595e-08
3.132907136085098595e-08
3.132907136085098595e-08
3.132907136085098595e-08
3.132907136085098595e-08
3.132907136085098595e-08
3.132907136085098595e-08
3.132907136085098595e-08
3.132907136085098595e-08
3.132907136085098595e-08
3.132907136085098595e-08
3.132907136085098595e-08
3.132907136085098595e-08
3.132907136085098595e-08
3.133034592928568046e-08
3.133034592928568046e-08
3.133034592928568046e-08
3.133034592928568046e-08
3.133034592928568046e-08
3.133034592928568046e-08
3.133034592928568046e-08
3.133034592928568046e-08
3.133034592928568046e-08
3.133034592928568046e-08
3.133034592928568046e-08
3.133034592928568046e-08
3.133034592928568046e-08
3.133034592928568046e-08
3.133034592928568046e-08
3.133034592928568046e-08
3.133034592928568046e-08
3.133034592928568046e-08
3.133034592928568046e-08
3.133034592928568046e-08
3.133034592928568046e-08
3.133034592928568046e-08
3.133034592928568046e-08
3.133034592928568046e-08
3.133034592928568046e-08
3.133034592928568046e-08
3.133034592928568046e-08
4.176906140939166778e-08
4.176906140939166778e-08
4.177033597782635567e-08
4.177033597782635567e-08
4.177033597782635567e-08
4.177033597782635567e-08
4.177033597782635567e-08
4.177033597782635567e-08
4.177097326204370293e-08
4.177097326204370293e-08
4.177097326204370293e-08
4.177097326204370293e-08
4.177097326204370293e-08
4.177097326204370293e-08
4.177113258309803643e-08
4.177113258309803643e-08
4.177129190415237656e-08
4.177129190415237656e-08
4.177129190415237656e-08
4.177129190415237656e-08
4.177129190415237656e-08
4.177129190415237656e-08
4.177137156467954331e-08
4.177161054626104357e-08
4.177161054626104357e-08
4.177161054626104357e-08
4.177161054626104357e-08
4.177161054626104357e-08
4.177161054626104357e-08
4.177161054626104357e-08
4.177161054626104357e-08
4.177161054626104357e-08
4.177161054626104357e-08
4.177161054626104357e-08
4.177161054626104357e-08
4.177161054626104357e-08
4.177192918836971720e-08
4.177288511469573808e-08
4.177288511469573808e-08
4.177288511469573808e-08
2.928932737218783999e-01
2.928932738831112603e-01
2.928932738843858519e-01
2.928932738843858519e-01
2.928932738843858519e-01
2.928932738843858519e-01
2.928932738843858519e-01
2.928932738850231199e-01
2.928932738850231199e-01
2.928932738850231199e-01
2.928932738850231199e-01
2.928932738851027784e-01
2.928932738856604434e-01
2.928932738856604434e-01
2.928932738856604434e-01
2.928932738862977114e-01
2.928932742113126708e-01
2.928932745356903067e-01
2.928932745376021662e-01
2.928932745376021662e-01
2.928932745395140258e-01
2.928932748632543936e-01
2.928932751895439446e-01
2.928932751895439446e-01
2.928932751901812126e-01
2.928932751904998466e-01
2.928932751908184806e-01
2.928932751908184806e-01
2.928932755171080315e-01
2.928932758433975270e-01
2.928932758433975270e-01
2.928932759453630186e-01
2.928932764934274458e-01
2.928932764934274458e-01
2.928932764934274458e-01
2.928932764934274458e-01
2.928932764934274458e-01
2.928932764934274458e-01
2.928932764934274458e-01
2.928932764934274458e-01
2.928932764934274458e-01
2.928932764934274458e-01
2.928932764934274458e-01
2.928932764934274458e-01
2.928932764947019818e-01
2.928932764947019818e-01
2.928932764947019818e-01
2.928932764947019818e-01
2.928932764947019818e-01
2.928932764947019818e-01
2.928932764947019818e-01
2.928932764947019818e-01
2.928932764947019818e-01
2.928932764947019818e-01
2.928932764947019818e-01
2.928932764947019818e-01
2.928932764947019818e-01
2.928932764947019818e-01
2.928932764947019818e-01
2.928932764947019818e-01
2.928932764947019818e-01
2.928932764947019818e-01
2.928932764947019818e-01
2.928932764947019818e-01
2.928932764947019818e-01
2.928932764947019818e-01
2.928932764947019818e-01
2.928932764947019818e-01
2.928932764947019818e-01
2.928932764947019818e-01
2.928932764947019818e-01
2.928932764947019818e-01
2.928932764947019818e-01
2.928932764947019818e-01
2.928932764947019818e-01
2.928932764947019818e-01
2.928932764947019818e-01
2.928932764947019818e-01
2.928932764947019818e-01
2.928932764947019818e-01
2.928932764947019818e-01
2.928932764947019818e-01
2.928932764947019818e-01
2.928932764953393053e-01
2.928932764953393053e-01
2.928932764953393053e-01
2.928932764953393053e-01
2.928932764953393053e-01
2.928932764953393053e-01
2.928932764953393053e-01
2.928932764953393053e-01
2.928932764953393053e-01
2.928932764953393053e-01
2.928932764953393053e-01
2.928932764953393053e-01
2.928932764953393053e-01
2.928932764953393053e-01
2.928932764953393053e-01
2.928932764953393053e-01
2.928932764953393053e-01
2.928932764953393053e-01
2.928932764953393053e-01
2.928932764953393053e-01
2.928932764953393053e-01
2.928932764953393053e-01
2.928932764953393053e-01
2.928932764953393053e-01
2.928932764953393053e-01
2.928932764953393053e-01
2.928932764953393053e-01
2.928932764953393053e-01
2.928932764953393053e-01
2.928932764956579393e-01
2.928932764956579393e-01
2.928932764956579393e-01
2.928932764956579393e-01
2.928932764956579393e-01
2.928932764956579393e-01
2.928932764956579393e-01
2.928932764956579393e-01
2.928932764956579393e-01
2.928932764956579393e-01
2.928932764956579393e-01
2.928932764956579393e-01
2.928932764956579393e-01
2.928932764956579393e-01
2.928932764956579393e-01
2.928932764956579393e-01
2.928932764956579393e-01
2.928932764956579393e-01
2.928932764956579393e-01
2.928932764956579393e-01
2.928932764956579393e-01
2.928932764956579393e-01
2.928932764956579393e-01
2.928932764956579393e-01
2.928932764956579393e-01
2.928932764956579393e-01
2.928932764956579393e-01
2.928932764956579393e-01
2.928932764956579393e-01
2.928932764956579393e-01
2.928932764956579393e-01
2.928932764956579393e-01
2.928932764956579393e-01
2.928932764957375978e-01
2.928932764957375978e-01
2.928932764957375978e-01
2.928932764957375978e-01
2.928932764957375978e-01
2.928932764957375978e-01
2.928932764957575263e-01
2.928932764957674628e-01
2.928932764957674628e-01
2.928932764957674628e-01
2.928932764957773993e-01
2.928932764957773993e-01
2.928932764957773993e-01
2.928932764957773993e-01
2.928932764958172563e-01
2.928932764958172563e-01
2.928932764958172563e-01
2.928932764958172563e-01
2.928932764958172563e-01
2.928932764958172563e-01
2.928932764958172563e-01
2.928932764958172563e-01
2.928932764958172563e-01
2.928932764958172563e-01
2.928932764958172563e-01
2.928932764958172563e-01
2.928932764958172563e-01
2.928932764958172563e-01
2.928932764958172563e-01
2.928932764958172563e-01
2.928932764958969148e-01
2.928932764959765733e-01
2.928932764959765733e-01
2.928932764959765733e-01
2.928932764959765733e-01
2.928932764959765733e-01
2.928932764959765733e-01
2.928932764959765733e-01
2.928932764959765733e-01
2.928932764959765733e-01
2.928932764959765733e-01
2.928932764959765733e-01
2.928932764959765733e-01
2.928932764959765733e-01
2.928932764959765733e-01
2.928932764959765733e-01
2.928932764959765733e-01
2.928932764959765733e-01
2.928932764959765733e-01
2.928932764959765733e-01
2.928932764959765733e-01
2.928932764959765733e-01
2.928932764959765733e-01
2.928932764959765733e-01
2.928932764959765733e-01
2.928932764959765733e-01
2.928932764959765733e-01
2.928932764959765733e-01
2.928932764959765733e-01
2.928932764959765733e-01
2.928932764959765733e-01
2.928932764959765733e-01
2.928932764959765733e-01
2.928932764959765733e-01
2.928932764959765733e-01
2.928932764959765733e-01
2.928932764959765733e-01
2.928932764959765733e-01
2.928932764959765733e-01
2.928932764959765733e-01
2.928932764959765733e-01
2.928932764959765733e-01
2.928932764959765733e-01
2.928932764959765733e-01
2.928932764959765733e-01
2.928932764959765733e-01
2.928932764959765733e-01
2.928932764959765733e-01
2.928932764959765733e-01
2.928932764959765733e-01
2.928932764959765733e-01
2.928932764959765733e-01
2.928932764959765733e-01
2.928932764959765733e-01
2.928932764959765733e-01
2.928932764959765733e-01
2.928932764959765733e-01
2.928932764959765733e-01
2.928932764959765733e-01
2.928932764959765733e-01
2.928932764959765733e-01
2.928932764959765733e-01
2.928932764959765733e-01
2.928932764959765733e-01
2.928932764959765733e-01
2.928932764959765733e-01
2.928932764959765733e-01
2.928932764959765733e-01
2.928932764959765733e-01
2.928932764959765733e-01
2.928932764959765733e-01
2.928932764959765733e-01
2.928932764959765733e-01
2.928932764959765733e-01
2.928932764959765733e-01
2.928932764959765733e-01
2.928932764959765733e-01
2.928932764959765733e-01
2.928932764959765733e-01
2.928932764959765733e-01
2.928932764959765733e-01
2.928932764959765733e-01
2.928932764959765733e-01
2.928932764959765733e-01
2.928932764959765733e-01
2.928932764959765733e-01
2.928932764959765733e-01
2.928932764959765733e-01
2.928932764959765733e-01
2.928932764959765733e-01
2.928932764959765733e-01
2.928932764959765733e-01
2.928932764959765733e-01
2.928932764959765733e-01
2.928932764959765733e-01
2.928932764959765733e-01
2.928932764959765733e-01
2.928932764959765733e-01
2.928932764959765733e-01
2.928932764959765733e-01
2.928932764959765733e-01
2.928932764959765733e-01
2.928932764959765733e-01
2.928932764959765733e-01
2.928932764959765733e-01
2.928932764959765733e-01
2.928932764959765733e-01
2.928932764959765733e-01
2.928932764959765733e-01
2.928932764959765733e-01
2.928932764959765733e-01
2.928932764959765733e-01
2.928932764959765733e-01
2.928932764959765733e-01
2.928932764959765733e-01
2.928932764959765733e-01
2.928932764959765733e-01
2.928932764959765733e-01
2.928932764959765733e-01
2.928932764959765733e-01
2.928932764959765733e-01
2.928932764959765733e-01
2.928932764959765733e-01
2.928932764959765733e-01
2.928932764959765733e-01
2.928932764959765733e-01
2.928932764959765733e-01
2.928932764959765733e-01
2.928932764959765733e-01
2.928932764959765733e-01
2.928932764959765733e-01
2.928932764959765733e-01
2.928932764959765733e-01
2.928932764959765733e-01
2.928932764959765733e-01
2.928932764959765733e-01
2.928932764959765733e-01
2.928932764959765733e-01
2.928932764959765733e-01
2.928932764959765733e-01
2.928932764959765733e-01
2.928932764959765733e-01
2.928932764959765733e-01
2.928932764959765733e-01
2.928932764966138413e-01
2.928932764966138413e-01
2.928932764966138413e-01
2.928932764966138413e-01
2.928932764966138413e-01
2.928932764966138413e-01
2.928932764966138413e-01
2.928932764972511649e-01
2.928932764972511649e-01
2.928932764972511649e-01
2.928932764972511649e-01
2.928932764972511649e-01
2.928932764972511649e-01
2.928932764972511649e-01
2.928932764972511649e-01
2.928932764972511649e-01
2.928932764972511649e-01
2.928932764972511649e-01
2.928932764972511649e-01
2.928932764972511649e-01
2.928932764972511649e-01
2.928932764972511649e-01
2.928932764985257009e-01
2.928932764985257009e-01
2.928932764985257009e-01
2.928932764985257009e-01
2.928932764985257009e-01
2.928932764985257009e-01
2.928932764985257009e-01
2.928932764985257009e-01
2.928932769852515272e-01
2.928932771484759612e-01
2.928932771485556197e-01
2.928932776379898906e-01
2.928932777998600745e-01
2.928932777998600745e-01
2.928932778011346660e-01
2.928932778011346660e-01
2.928932778011346660e-01
2.928932778011346660e-01
2.928932778011346660e-01
2.928932778024092021e-01
2.928932781274241615e-01
2.928932784533950229e-01
2.928932786981121583e-01
2.928932787800032078e-01
2.928932791037435757e-01
2.928932791050181672e-01
2.928932791050181672e-01
2.928932791059740692e-01
2.928932791062927032e-01
2.928932791062927032e-01
2.928932791062927032e-01
2.928932791062927032e-01
2.928932791062927032e-01
2.928932791062927032e-01
2.928932791062927032e-01
2.928932791062927032e-01
2.928932791062927032e-01
2.928932791062927032e-01
2.928932791062927032e-01
2.928932791062927032e-01
2.928932791062927032e-01
2.928932791062927032e-01
2.928932791062927032e-01
2.928932791062927032e-01
2.928932791062927032e-01
2.928932791062927032e-01
2.928932791062927032e-01
2.928932791062927032e-01
2.928932791062927032e-01
2.928932791064122187e-01
2.928932791064520202e-01
2.928932791064520202e-01
2.928932791064520202e-01
2.928932791064520202e-01
2.928932791066113928e-01
2.928932791069300268e-01
2.928932791069300268e-01
2.928932791075672948e-01
2.928932791075672948e-01
2.928932791075672948e-01
2.928932791075672948e-01
2.928932791075672948e-01
2.928932791088418863e-01
2.928932792688002107e-01
2.928932797588717496e-01
2.928932797588717496e-01
2.928932797591903836e-01
2.928932804114507960e-01
2.928932804114507960e-01
2.928932804114507960e-01
2.928932804114507960e-01
2.928932804118490885e-01
2.928932804118490885e-01
2.928932804120880640e-01
2.928932804127253875e-01
2.928932807382182979e-01
2.928932810653044339e-01
2.928932813909566613e-01
2.928932814413021113e-01
2.928932817153342971e-01
2.928932817153342971e-01
2.928932817153342971e-01
2.928932817153342971e-01
2.928932817153342971e-01
2.928932817153342971e-01
2.928932817153342971e-01
2.928932817153342971e-01
2.928932817153342971e-01
2.928932817153342971e-01
2.928932817159716206e-01
2.928932817159716206e-01
2.928932817159716206e-01
2.928932817159716206e-01
2.928932817166088887e-01
2.928932817166088887e-01
2.928932817166088887e-01
2.928932817166088887e-01
2.928932817166088887e-01
2.928932817166088887e-01
2.928932817166088887e-01
2.928932817166088887e-01
2.928932817166088887e-01
2.928932817166088887e-01
2.928932817166088887e-01
2.928932817166088887e-01
2.928932817166088887e-01
2.928932817166088887e-01
2.928932817166088887e-01
2.928932817166088887e-01
2.928932817166088887e-01
2.928932817166088887e-01
2.928932817166088887e-01
2.928932817166088887e-01
2.928932817166088887e-01
2.928932817166088887e-01
2.928932817166088887e-01
2.928932817166088887e-01
2.928932817166088887e-01
2.928932817166088887e-01
2.928932817166088887e-01
2.928932817166088887e-01
2.928932817166088887e-01
2.928932817166088887e-01
2.928932817169275227e-01
2.928932817169275227e-01
2.928932817169275227e-01
2.928932817169275227e-01
2.928932817169275227e-01
2.928932817169275227e-01
2.928932817170868397e-01
2.928932817170868397e-01
2.928932817171565617e-01
2.928932817171664982e-01
2.928932817171664982e-01
2.928932817171664982e-01
2.928932817171664982e-01
2.928932817171664982e-01
2.928932817171739922e-01
2.928932817172461567e-01
2.928932817172461567e-01
2.928932817172461567e-01
2.928932817172461567e-01
2.928932817172461567e-01
2.928932817172461567e-01
2.928932817172461567e-01
2.928932817172461567e-01
2.928932817172461567e-01
2.928932817172461567e-01
2.928932817172461567e-01
2.928932817172461567e-01
2.928932817172461567e-01
2.928932817172461567e-01
2.928932817172461567e-01
2.928932817172461567e-01
2.928932817172461567e-01
2.928932817172461567e-01
2.928932817172461567e-01
2.928932817172461567e-01
2.928932817172461567e-01
2.928932817172461567e-01
2.928932817172461567e-01
2.928932817172461567e-01
2.928932817172461567e-01
2.928932817172461567e-01
2.928932817172461567e-01
2.928932817172461567e-01
2.928932817172461567e-01
2.928932817172461567e-01
2.928932817172461567e-01
2.928932817172461567e-01
2.928932817172461567e-01
2.928932817172461567e-01
2.928932817172461567e-01
2.928932817175647907e-01
2.928932817177241077e-01
2.928932817178834247e-01
2.928932817178834247e-01
2.928932817178834247e-01
2.928932817178834247e-01
2.928932817178834247e-01
2.928932817178834247e-01
2.928932817178834247e-01
2.928932817178834247e-01
2.928932817178834247e-01
2.928932817178834247e-01
2.928932817178834247e-01
2.928932817178834247e-01
2.928932817178834247e-01
2.928932817178834247e-01
2.928932817178834247e-01
2.928932817178834247e-01
2.928932817178834247e-01
2.928932817178834247e-01
2.928932817178834247e-01
2.928932817178834247e-01
2.928932817178834247e-01
2.928932817178834247e-01
2.928932817178834247e-01
2.928932817178834247e-01
2.928932817178834247e-01
2.928932817178834247e-01
2.928932817178834247e-01
2.928932817182021142e-01
2.928932817185207482e-01
2.928932817185207482e-01
2.928932817185207482e-01
2.928932817191580162e-01
2.928932817191580162e-01
2.928932817191580162e-01
2.928932817191580162e-01
2.928932817191580162e-01
2.928932817191580162e-01
2.928932817191580162e-01
2.928932817191580162e-01
2.928932817191580162e-01
2.928932819618836336e-01
2.928932820441729756e-01
2.928932823695065690e-01
2.928932823704624711e-01
2.928932825329699785e-01
2.928932830217669814e-01
2.928932830222449324e-01
2.928932830224042494e-01
2.928932830224042494e-01
2.928932830224042494e-01
2.928932830224042494e-01
2.928932830230415174e-01
2.928932830230415174e-01
2.928932830230415174e-01
2.928932830243161090e-01
2.928932830243161090e-01
2.928932836749832958e-01
2.928932836756205638e-01
2.928932841905462214e-01
2.928932843256504825e-01
2.928932843269250186e-01
2.928932843269250186e-01
2.928932843269250186e-01
2.928932843275623421e-01
2.928932843275623421e-01
2.928932843278411191e-01
2.928932843278809761e-01
2.928932843278809761e-01
2.928932843278809761e-01
2.928932843278809761e-01
2.928932843279606346e-01
2.928932843280402931e-01
2.928932843281996101e-01
2.928932843281996101e-01
2.928932843281996101e-01
2.928932843281996101e-01
2.928932843281996101e-01
2.928932843281996101e-01
2.928932843281996101e-01
2.928932843281996101e-01
2.928932843281996101e-01
2.928932843281996101e-01
2.928932843281996101e-01
2.928932843281996101e-01
2.928932843288368781e-01
2.928932843288368781e-01
2.928932843294741462e-01
2.928932843294741462e-01
2.928932843307487377e-01
2.928932846543297885e-01
2.928932847360615210e-01
2.928932849801413330e-01
2.928932849807786565e-01
2.928932849807786565e-01
2.928932853070681519e-01
2.928932856308085197e-01
2.928932856320831113e-01
2.928932856327203793e-01
2.928932856332182588e-01
2.928932856333577028e-01
2.928932856333577028e-01
2.928932856346322389e-01
2.928932857964227643e-01
2.928932862859366937e-01
2.928932862884858768e-01
2.928932869359666125e-01
2.928932869359666125e-01
2.928932869359666125e-01
2.928932869359666125e-01
2.928932869359666125e-01
2.928932869359666125e-01
2.928932869359666125e-01
2.928932869359666125e-01
2.928932869372412040e-01
2.928932869372412040e-01
2.928932869372412040e-01
2.928932869372412040e-01
2.928932869372412040e-01
2.928932869372412040e-01
2.928932869372412040e-01
2.928932869372412040e-01
2.928932869372412040e-01
2.928932869372412040e-01
2.928932869372412040e-01
2.928932869372412040e-01
2.928932869372412040e-01
2.928932869372412040e-01
2.928932869372412040e-01
2.928932869372412040e-01
2.928932869372412040e-01
2.928932869372412040e-01
2.928932869372412040e-01
2.928932869372412040e-01
2.928932869372412040e-01
2.928932869372412040e-01
2.928932869372412040e-01
2.928932869378784720e-01
2.928932869378784720e-01
2.928932869378784720e-01
2.928932869378784720e-01
2.928932869378784720e-01
2.928932869378784720e-01
2.928932869378784720e-01
2.928932869378784720e-01
2.928932869378784720e-01
2.928932869378784720e-01
2.928932869378784720e-01
2.928932869378784720e-01
2.928932869378784720e-01
2.928932869378784720e-01
2.928932869378784720e-01
2.928932869381971060e-01
2.928932869381971060e-01
2.928932869381971060e-01
2.928932869383564230e-01
2.928932869383564230e-01
2.928932869383564230e-01
2.928932869384360815e-01
2.928932869385157400e-01
2.928932869385157400e-01
2.928932869385157400e-01
2.928932869385157400e-01
2.928932869385157400e-01
2.928932869385157400e-01
2.928932869385157400e-01
2.928932869385157400e-01
2.928932869385157400e-01
2.928932869385157400e-01
2.928932869385157400e-01
2.928932869385157400e-01
2.928932869385157400e-01
2.928932869385157400e-01
2.928932869385157400e-01
2.928932869385157400e-01
2.928932869385157400e-01
2.928932869385157400e-01
2.928932869385157400e-01
2.928932869385157400e-01
2.928932869385157400e-01
2.928932869385157400e-01
2.928932869385157400e-01
2.928932869385157400e-01
2.928932869385157400e-01
2.928932869385157400e-01
2.928932869385157400e-01
2.928932869385157400e-01
2.928932869385157400e-01
2.928932869385157400e-01
2.928932869385157400e-01
2.928932869385157400e-01
2.928932869385157400e-01
2.928932869385157400e-01
2.928932869385157400e-01
2.928932869385157400e-01
2.928932869385157400e-01
2.928932869385157400e-01
2.928932869385157400e-01
2.928932869385157400e-01
2.928932869385157400e-01
2.928932869385157400e-01
2.928932869385157400e-01
2.928932869385157400e-01
2.928932869385157400e-01
2.928932869385157400e-01
2.928932869385157400e-01
2.928932869385157400e-01
2.928932869385157400e-01
2.928932869385157400e-01
2.928932869385157400e-01
2.928932869385157400e-01
2.928932869385157400e-01
2.928932869385157400e-01
2.928932869385157400e-01
2.928932869385157400e-01
2.928932869385157400e-01
2.928932869385157400e-01
2.928932869385157400e-01
2.928932869385157400e-01
2.928932869385157400e-01
2.928932869385157400e-01
2.928932869385157400e-01
2.928932869385157400e-01
2.928932869385157400e-01
2.928932869385157400e-01
2.928932869385157400e-01
2.928932869385157400e-01
2.928932869385157400e-01
2.928932869385157400e-01
2.928932869385157400e-01
2.928932869385157400e-01
2.928932869385157400e-01
2.928932869385157400e-01
2.928932869385157400e-01
2.928932869385157400e-01
2.928932869385157400e-01
2.928932869385157400e-01
2.928932869385157400e-01
2.928932869385157400e-01
2.928932869385157400e-01
2.928932869385157400e-01
2.928932869385157400e-01
2.928932869385157400e-01
2.928932869385157400e-01
2.928932869385157400e-01
2.928932869385157400e-01
2.928932869385157400e-01
2.928932869385157400e-01
2.928932869385157400e-01
2.928932869385157400e-01
2.928932869385157400e-01
2.928932869385157400e-01
2.928932869385157400e-01
2.928932869385157400e-01
2.928932869385157400e-01
2.928932869385157400e-01
2.928932869385157400e-01
2.928932869385157400e-01
2.928932869385157400e-01
2.928932869385157400e-01
2.928932869385157400e-01
2.928932869385157400e-01
2.928932869385157400e-01
2.928932869385157400e-01
2.928932869385157400e-01
2.928932869385157400e-01
2.928932869385157400e-01
2.928932869385157400e-01
2.928932869385157400e-01
2.928932869385157400e-01
2.928932869385157400e-01
2.928932869385157400e-01
2.928932869385157400e-01
2.928932869385157400e-01
2.928932869385157400e-01
2.928932869385157400e-01
2.928932869385157400e-01
2.928932869385157400e-01
2.928932869385157400e-01
2.928932869385157400e-01
2.928932869385157400e-01
2.928932869385157400e-01
2.928932869385157400e-01
2.928932869385157400e-01
2.928932869385157400e-01
2.928932869385157400e-01
2.928932869385157400e-01
2.928932869385157400e-01
2.928932869385157400e-01
2.928932869385157400e-01
2.928932869385157400e-01
2.928932869385157400e-01
2.928932869385157400e-01
2.928932869385157400e-01
2.928932869385157400e-01
2.928932869385157400e-01
2.928932869385157400e-01
2.928932869385157400e-01
2.928932869385157400e-01
2.928932869385157400e-01
2.928932869385157400e-01
2.928932869385157400e-01
2.928932869385157400e-01
2.928932869385157400e-01
2.928932869385157400e-01
2.928932869385157400e-01
2.928932869385157400e-01
2.928932869385157400e-01
2.928932869385157400e-01
2.928932869385157400e-01
2.928932869385157400e-01
2.928932869385157400e-01
2.928932869385157400e-01
2.928932869385157400e-01
2.928932869385157400e-01
2.928932869385157400e-01
2.928932869385157400e-01
2.928932869385157400e-01
2.928932869385157400e-01
2.928932869385157400e-01
2.928932869385157400e-01
2.928932869385157400e-01
2.928932869385157400e-01
2.928932869385157400e-01
2.928932869385157400e-01
2.928932869385157400e-01
2.928932869385157400e-01
2.928932869385157400e-01
2.928932869385157400e-01
2.928932869385157400e-01
2.928932869385157400e-01
2.928932869385157400e-01
2.928932869385157400e-01
2.928932869385157400e-01
2.928932869385157400e-01
2.928932869385157400e-01
2.928932869385157400e-01
2.928932869385157400e-01
2.928932869385157400e-01
2.928932869385157400e-01
2.928932869385157400e-01
2.928932869385157400e-01
2.928932869385157400e-01
2.928932869385157400e-01
2.928932869385157400e-01
2.928932869385157400e-01
2.928932869385157400e-01
2.928932869385157400e-01
2.928932869385157400e-01
2.928932869385157400e-01
2.928932869385157400e-01
2.928932869385157400e-01
2.928932869385157400e-01
2.928932869385157400e-01
2.928932869385157400e-01
2.928932869385157400e-01
2.928932869385157400e-01
2.928932869385157400e-01
2.928932869385157400e-01
2.928932869385157400e-01
2.928932869385157400e-01
2.928932869385157400e-01
2.928932869385157400e-01
2.928932869385157400e-01
2.928932869385157400e-01
2.928932869385157400e-01
2.928932869385157400e-01
2.928932869385157400e-01
2.928932869385157400e-01
2.928932869385157400e-01
2.928932869385157400e-01
2.928932869385157400e-01
2.928932869385157400e-01
2.928932869385157400e-01
2.928932869385804660e-01
2.928932869385854620e-01
2.928932869385854620e-01
2.928932869385953985e-01
2.928932869385953985e-01
2.928932869385953985e-01
2.928932869385953985e-01
2.928932869385953985e-01
2.928932869385953985e-01
2.928932869385953985e-01
2.928932869385953985e-01
2.928932869385953985e-01
2.928932869385953985e-01
2.928932869385953985e-01
2.928932869385953985e-01
2.928932869385953985e-01
2.928932869385953985e-01
2.928932869386750570e-01
2.928932869386750570e-01
2.928932869386750570e-01
2.928932869386750570e-01
2.928932869386750570e-01
2.928932869386750570e-01
2.928932869386750570e-01
2.928932869386750570e-01
2.928932869387547155e-01
2.928932869388343740e-01
2.928932869388343740e-01
2.928932869388343740e-01
2.928932869388343740e-01
2.928932869388343740e-01
2.928932869388343740e-01
2.928932869388343740e-01
2.928932869388343740e-01
2.928932869388343740e-01
2.928932869388343740e-01
2.928932869388343740e-01
2.928932869389937466e-01
2.928932869391530636e-01
2.928932869391530636e-01
2.928932869391530636e-01
2.928932869391530636e-01
2.928932869391530636e-01
2.928932869391530636e-01
2.928932869391530636e-01
2.928932869391530636e-01
2.928932869391530636e-01
2.928932869391530636e-01
2.928932869391530636e-01
2.928932869391530636e-01
2.928932869391530636e-01
2.928932869391530636e-01
2.928932869391530636e-01
2.928932869394716976e-01
2.928932869397903316e-01
2.928932869397903316e-01
2.928932869397903316e-01
2.928932869397903316e-01
2.928932869397903316e-01
2.928932869397903316e-01
2.928932869397903316e-01
2.928932869397903316e-01
2.928932869397903316e-01
2.928932869397903316e-01
2.928932869397903316e-01
2.928932869397903316e-01
2.928932869397903316e-01
2.928932869397903316e-01
2.928932869397903316e-01
2.928932869397903316e-01
2.928932869397903316e-01
2.928932869397903316e-01
2.928932869397903316e-01
2.928932869397903316e-01
2.928932869397903316e-01
2.928932869397903316e-01
2.928932869397903316e-01
2.928932869397903316e-01
2.928932869397903316e-01
2.928932869397903316e-01
2.928932869397903316e-01
2.928932869397903316e-01
2.928932869397903316e-01
2.928932869397903316e-01
2.928932869410648676e-01
2.928932869410648676e-01
2.928932869410648676e-01
2.928932869410648676e-01
2.928932869410648676e-01
2.928932869410648676e-01
2.928932869410648676e-01
2.928932869410648676e-01
2.928932875098410604e-01
2.928932875914134204e-01
2.928932875923693779e-01
2.928932879173843373e-01
2.928932880805290573e-01
2.928932882423992412e-01
2.928932882436738327e-01
2.928932882436738327e-01
2.928932882436738327e-01
2.928932882436738327e-01
2.928932882436738327e-01
2.928932882438331498e-01
2.928932882439924668e-01
2.928932885699633282e-01
2.928932888962528791e-01
2.928932888988020067e-01
2.928932892238169661e-01
2.928932895475573339e-01
2.928932895475573339e-01
2.928932895488319255e-01
2.928932895488319255e-01
2.928932895488319255e-01
2.928932895488319255e-01
2.928932895488319255e-01
2.928932895488319255e-01
2.928932895488319255e-01
2.928932895488319255e-01
2.928932895488319255e-01
2.928932895488319255e-01
2.928932895491505595e-01
2.928932895491505595e-01
2.928932895492874500e-01
2.928932895493098765e-01
2.928932895493098765e-01
2.928932895493098765e-01
2.928932895494293920e-01
2.928932895494691935e-01
2.928932895494691935e-01
2.928932895494691935e-01
2.928932895494691935e-01
2.928932895494691935e-01
2.928932895494691935e-01
2.928932895494691935e-01
2.928932895494691935e-01
2.928932895494691935e-01
2.928932895501064615e-01
2.928932895501064615e-01
2.928932895501064615e-01
2.928932895501064615e-01
2.928932895501064615e-01
2.928932895501064615e-01
2.928932895501064615e-01
2.928932895501064615e-01
2.928932895501064615e-01
2.928932895513810530e-01
2.928932902020482398e-01
2.928932902026855079e-01
2.928932902026855079e-01
2.928932908539899627e-01
2.928932908539899627e-01
2.928932908546272862e-01
2.928932908546272862e-01
2.928932908546272862e-01
2.928932908546272862e-01
2.928932908546472147e-01
2.928932908552645542e-01
2.928932908552645542e-01
2.928932913440615571e-01
2.928932915052944730e-01
2.928932915072063325e-01
2.928932918334958280e-01
2.928932921578735193e-01
2.928932921578735193e-01
2.928932921578735193e-01
2.928932921578735193e-01
2.928932921578735193e-01
2.928932921578735193e-01
2.928932921578735193e-01
2.928932921585107874e-01
2.928932921591480554e-01
2.928932921591480554e-01
2.928932921591480554e-01
2.928932921591480554e-01
2.928932921591480554e-01
2.928932921591480554e-01
2.928932921591480554e-01
2.928932921591480554e-01
2.928932921591480554e-01
2.928932921591480554e-01
2.928932921591480554e-01
2.928932921591480554e-01
2.928932921591480554e-01
2.928932921591480554e-01
2.928932921591480554e-01
2.928932921591480554e-01
2.928932921591480554e-01
2.928932921591480554e-01
2.928932921591480554e-01
2.928932921591480554e-01
2.928932921591480554e-01
2.928932921591480554e-01
2.928932921591480554e-01
2.928932921591480554e-01
2.928932921597853234e-01
2.928932921597853234e-01
2.928932921597853234e-01
2.928932921597853234e-01
2.928932921597853234e-01
2.928932921597853234e-01
2.928932921597853234e-01
2.928932921597853234e-01
2.928932921597853234e-01
2.928932921597853234e-01
2.928932921597853234e-01
2.928932921597853234e-01
2.928932921597853234e-01
2.928932921597853234e-01
2.928932921597853234e-01
2.928932921597853234e-01
2.928932921597853234e-01
2.928932921597853234e-01
2.928932921597853234e-01
2.928932921597853234e-01
2.928932921597853234e-01
2.928932921597853234e-01
2.928932921597853234e-01
2.928932921597853234e-01
2.928932921599446959e-01
2.928932921599446959e-01
2.928932921599446959e-01
2.928932921599446959e-01
2.928932921599446959e-01
2.928932921599446959e-01
2.928932921599446959e-01
2.928932921599446959e-01
2.928932921599446959e-01
2.928932921599844974e-01
2.928932921599844974e-01
2.928932921599844974e-01
2.928932921599844974e-01
2.928932921599944339e-01
2.928932921600243544e-01
2.928932921600243544e-01
2.928932921600243544e-01
2.928932921600243544e-01
2.928932921601040129e-01
2.928932921601040129e-01
2.928932921601040129e-01
2.928932921601040129e-01
2.928932921601040129e-01
2.928932921601040129e-01
2.928932921601040129e-01
2.928932921601040129e-01
2.928932921601040129e-01
2.928932921601040129e-01
2.928932921601040129e-01
2.928932921604226469e-01
2.928932921604226469e-01
2.928932921604226469e-01
2.928932921604226469e-01
2.928932921604226469e-01
2.928932921604226469e-01
2.928932921604226469e-01
2.928932921604226469e-01
2.928932921604226469e-01
2.928932921604226469e-01
2.928932921604226469e-01
2.928932921604226469e-01
2.928932921604226469e-01
2.928932921604226469e-01
2.928932921604226469e-01
2.928932921604226469e-01
2.928932921604226469e-01
2.928932921604226469e-01
2.928932921604226469e-01
2.928932921604226469e-01
2.928932921604226469e-01
2.928932921604226469e-01
2.928932921604226469e-01
2.928932921604226469e-01
2.928932921604226469e-01
2.928932921604226469e-01
2.928932921604226469e-01
2.928932921604226469e-01
2.928932921604226469e-01
2.928932921604226469e-01
2.928932921604226469e-01
2.928932921604226469e-01
2.928932921604226469e-01
2.928932921604226469e-01
2.928932921604226469e-01
2.928932921604226469e-01
2.928932921604226469e-01
2.928932921610599149e-01
2.928932921610599149e-01
2.928932921610599149e-01
2.928932921610599149e-01
2.928932921616971830e-01
2.928932921616971830e-01
2.928932921616971830e-01
2.928932921616971830e-01
2.928932921616971830e-01
2.928932921616971830e-01
2.928932921616971830e-01
2.928932921616971830e-01
2.928932921616971830e-01
2.928932921616971830e-01
2.928932924854376063e-01
2.928932928130016933e-01
2.928932928130016933e-01
2.928932929748718772e-01
2.928932934643061481e-01
2.928932934649434161e-01
2.928932934652620501e-01
2.928932934653417086e-01
2.928932934654213671e-01
2.928932934655806841e-01
2.928932934655806841e-01
2.928932934655806841e-01
2.928932934655806841e-01
2.928932934655806841e-01
2.928932934655806841e-01
2.928932934655806841e-01
2.928932941168851944e-01
2.928932941175224625e-01
2.928932941194343220e-01
2.928932947681896493e-01
2.928932947694642408e-01
2.928932947694642408e-01
2.928932947694642408e-01
2.928932947694642408e-01
2.928932947701015088e-01
2.928932947704201428e-01
2.928932947706591183e-01
2.928932947707387768e-01
2.928932947707387768e-01
2.928932947707387768e-01
2.928932947707387768e-01
2.928932947707387768e-01
2.928932947707387768e-01
2.928932947707387768e-01
2.928932947707387768e-01
2.928932947707387768e-01
2.928932947707387768e-01
2.928932947707387768e-01
2.928932947707387768e-01
2.928932947707387768e-01
2.928932947707387768e-01
2.928932947707387768e-01
2.928932947707387768e-01
2.928932947707387768e-01
2.928932947707387768e-01
2.928932947710574108e-01
2.928932947713760448e-01
2.928932947713760448e-01
2.928932947720133684e-01
2.928932947732879044e-01
2.928932950970283278e-01
2.928932954233178232e-01
2.928932954245924147e-01
2.928932957457836550e-01
2.928932957496073186e-01
2.928932960758968695e-01
2.928932960758968695e-01
2.928932960760561865e-01
2.928932960762155036e-01
2.928932960765341376e-01
2.928932960765341376e-01
2.928932960771714611e-01
2.928932962393602790e-01
2.928932964021863650e-01
2.928932967284759159e-01
2.928932967291131839e-01
2.928932968922579594e-01
2.928932973785057792e-01
2.928932973785057792e-01
2.928932973785057792e-01
2.928932973785057792e-01
2.928932973797803707e-01
2.928932973797803707e-01
2.928932973797803707e-01
2.928932973797803707e-01
2.928932973797803707e-01
2.928932973797803707e-01
2.928932973797803707e-01
2.928932973797803707e-01
2.928932973797803707e-01
2.928932973797803707e-01
2.928932973797803707e-01
2.928932973797803707e-01
2.928932973797803707e-01
2.928932973797803707e-01
2.928932973797803707e-01
2.928932973797803707e-01
2.928932973797803707e-01
2.928932973797803707e-01
2.928932973797803707e-01
2.928932973797803707e-01
2.928932973804176387e-01
2.928932973804176387e-01
2.928932973804176387e-01
2.928932973804176387e-01
2.928932973804176387e-01
2.928932973804176387e-01
2.928932973804176387e-01
2.928932973804176387e-01
2.928932973804176387e-01
2.928932973804176387e-01
2.928932973804176387e-01
2.928932973804176387e-01
2.928932973808956453e-01
2.928932973810549623e-01
2.928932973810549623e-01
2.928932973810549623e-01
2.928932973810549623e-01
2.928932973810549623e-01
2.928932973810549623e-01
2.928932973810549623e-01
2.928932973810549623e-01
2.928932973810549623e-01
2.928932973810549623e-01
2.928932973810549623e-01
2.928932973810549623e-01
2.928932973810549623e-01
2.928932973810549623e-01
2.928932973810549623e-01
2.928932973810549623e-01
2.928932973810549623e-01
2.928932973810549623e-01
2.928932973810549623e-01
2.928932973810549623e-01
2.928932973810549623e-01
2.928932973810549623e-01
2.928932973810549623e-01
2.928932973810549623e-01
2.928932973810549623e-01
2.928932973810549623e-01
2.928932973810549623e-01
2.928932973810549623e-01
2.928932973810549623e-01
2.928932973810549623e-01
2.928932973810549623e-01
2.928932973810549623e-01
2.928932973810549623e-01
2.928932973810549623e-01
2.928932973810549623e-01
2.928932973810549623e-01
2.928932973810549623e-01
2.928932973810549623e-01
2.928932973810549623e-01
2.928932973810549623e-01
2.928932973810549623e-01
2.928932973810549623e-01
2.928932973810549623e-01
2.928932973810549623e-01
2.928932973810549623e-01
2.928932973810549623e-01
2.928932973810549623e-01
2.928932973810549623e-01
2.928932973810549623e-01
2.928932973810549623e-01
2.928932973810549623e-01
2.928932973810549623e-01
2.928932973810549623e-01
2.928932973810549623e-01
2.928932973810549623e-01
2.928932973810549623e-01
2.928932973810549623e-01
2.928932973810549623e-01
2.928932973810549623e-01
2.928932973810549623e-01
2.928932973810549623e-01
2.928932973810549623e-01
2.928932973810549623e-01
2.928932973810549623e-01
2.928932973810549623e-01
2.928932973810549623e-01
2.928932973810549623e-01
2.928932973810549623e-01
2.928932973810549623e-01
2.928932973810549623e-01
2.928932973810549623e-01
2.928932973810549623e-01
2.928932973810549623e-01
2.928932973810549623e-01
2.928932973810549623e-01
2.928932973810549623e-01
2.928932973810549623e-01
2.928932973810549623e-01
2.928932973810549623e-01
2.928932973810549623e-01
2.928932973810549623e-01
2.928932973810549623e-01
2.928932973810549623e-01
2.928932973810549623e-01
2.928932973810549623e-01
2.928932973810549623e-01
2.928932973810549623e-01
2.928932973810549623e-01
2.928932973810549623e-01
2.928932973810549623e-01
2.928932973810549623e-01
2.928932973810549623e-01
2.928932973810549623e-01
2.928932973810549623e-01
2.928932973810549623e-01
2.928932973810549623e-01
2.928932973810549623e-01
2.928932973810549623e-01
2.928932973810549623e-01
2.928932973810549623e-01
2.928932973810549623e-01
2.928932973810549623e-01
2.928932973810549623e-01
2.928932973810549623e-01
2.928932973810549623e-01
2.928932973810549623e-01
2.928932973810549623e-01
2.928932973810549623e-01
2.928932973810549623e-01
2.928932973810549623e-01
2.928932973810549623e-01
2.928932973810549623e-01
2.928932973810549623e-01
2.928932973810549623e-01
2.928932973810549623e-01
2.928932973810549623e-01
2.928932973810549623e-01
2.928932973810549623e-01
2.928932973810549623e-01
2.928932973810549623e-01
2.928932973810549623e-01
2.928932973810549623e-01
2.928932973810549623e-01
2.928932973810549623e-01
2.928932973810549623e-01
2.928932973810549623e-01
2.928932973810549623e-01
2.928932973810549623e-01
2.928932973810549623e-01
2.928932973810549623e-01
2.928932973810549623e-01
2.928932973810549623e-01
2.928932973810549623e-01
2.928932973813735963e-01
2.928932973813735963e-01
2.928932973813735963e-01
2.928932973813735963e-01
2.928932973813735963e-01
2.928932973813735963e-01
2.928932973813735963e-01
2.928932973813735963e-01
2.928932973813735963e-01
2.928932973813735963e-01
2.928932973813735963e-01
2.928932973813735963e-01
2.928932973813735963e-01
2.928932973813735963e-01
2.928932973813735963e-01
2.928932973813735963e-01
2.928932973813735963e-01
2.928932973813735963e-01
2.928932973813735963e-01
2.928932973813735963e-01
2.928932973813735963e-01
2.928932973813735963e-01
2.928932973813735963e-01
2.928932973813735963e-01
2.928932973813735963e-01
2.928932973813735963e-01
2.928932973813735963e-01
2.928932973813735963e-01
2.928932973813735963e-01
2.928932973813735963e-01
2.928932973813735963e-01
2.928932973813735963e-01
2.928932973813735963e-01
2.928932973813735963e-01
2.928932973813735963e-01
2.928932973813735963e-01
2.928932973813735963e-01
2.928932973813735963e-01
2.928932973813735963e-01
2.928932973813735963e-01
2.928932973813735963e-01
2.928932973813735963e-01
2.928932973813735963e-01
2.928932973813735963e-01
2.928932973813735963e-01
2.928932973813735963e-01
2.928932973813735963e-01
2.928932973813735963e-01
2.928932973813735963e-01
2.928932973813735963e-01
2.928932973813735963e-01
2.928932973813935248e-01
2.928932973813984653e-01
2.928932973814012963e-01
2.928932973814034613e-01
2.928932973814034613e-01
2.928932973814133978e-01
2.928932973814133978e-01
2.928932973814133978e-01
2.928932973814133978e-01
2.928932973814133978e-01
2.928932973814133978e-01
2.928932973814532548e-01
2.928932973814532548e-01
2.928932973814532548e-01
2.928932973814532548e-01
2.928932973814532548e-01
2.928932973815329133e-01
2.928932973815329133e-01
2.928932973815329133e-01
2.928932973815329133e-01
2.928932973815329133e-01
2.928932973815329133e-01
2.928932973815329133e-01
2.928932973816922303e-01
2.928932973816922303e-01
2.928932973816922303e-01
2.928932973816922303e-01
2.928932973816922303e-01
2.928932973816922303e-01
2.928932973816922303e-01
2.928932973816922303e-01
2.928932973816922303e-01
2.928932973816922303e-01
2.928932973816922303e-01
2.928932973816922303e-01
2.928932973816922303e-01
2.928932973816922303e-01
2.928932973816922303e-01
2.928932973816922303e-01
2.928932973816922303e-01
2.928932973816922303e-01
2.928932973816922303e-01
2.928932973816922303e-01
2.928932973816922303e-01
2.928932973816922303e-01
2.928932973816922303e-01
2.928932973816922303e-01
2.928932973816922303e-01
2.928932973816922303e-01
2.928932973816922303e-01
2.928932973816922303e-01
2.928932973816922303e-01
2.928932973816922303e-01
2.928932973816922303e-01
2.928932973816922303e-01
2.928932973816922303e-01
2.928932973816922303e-01
2.928932973816922303e-01
2.928932973816922303e-01
2.928932973816922303e-01
2.928932973816922303e-01
2.928932973816922303e-01
2.928932973816922303e-01
2.928932973816922303e-01
2.928932973816922303e-01
2.928932973816922303e-01
2.928932973816922303e-01
2.928932973820108643e-01
2.928932973823294983e-01
2.928932973823294983e-01
2.928932973823294983e-01
2.928932973823294983e-01
2.928932973823294983e-01
2.928932973823294983e-01
2.928932973823294983e-01
2.928932973823294983e-01
2.928932973823294983e-01
2.928932973823294983e-01
2.928932973823294983e-01
2.928932973823294983e-01
2.928932973823294983e-01
2.928932973823294983e-01
2.928932973823294983e-01
2.928932973823294983e-01
2.928932973823294983e-01
2.928932973823294983e-01
2.928932973823294983e-01
2.928932973823294983e-01
2.928932973823294983e-01
2.928932973823294983e-01
2.928932973823294983e-01
2.928932973823294983e-01
2.928932973823294983e-01
2.928932973823294983e-01
2.928932973823294983e-01
2.928932973823294983e-01
2.928932973823294983e-01
2.928932973823294983e-01
2.928932973823294983e-01
2.928932973823294983e-01
2.928932973823294983e-01
2.928932973823294983e-01
2.928932973823294983e-01
2.928932973823294983e-01
2.928932973823294983e-01
2.928932973823294983e-01
2.928932973823294983e-01
2.928932973823294983e-01
2.928932973823294983e-01
2.928932973823294983e-01
2.928932973823294983e-01
2.928932973823294983e-01
2.928932973823294983e-01
2.928932973823294983e-01
2.928932973823294983e-01
2.928932973823294983e-01
2.928932973823294983e-01
2.928932973823294983e-01
2.928932973823294983e-01
2.928932973823294983e-01
2.928932973823294983e-01
2.928932973823294983e-01
2.928932973836040898e-01
2.928932973836040898e-01
2.928932973836040898e-01
2.928932973836040898e-01
2.928932973836040898e-01
2.928932973836040898e-01
2.928932973836040898e-01
2.928932973836040898e-01
2.928932973836040898e-01
2.928932973836040898e-01
2.928932973836040898e-01
2.928932973836040898e-01
2.928932973836040898e-01
2.928932973836040898e-01
2.928932973836040898e-01
2.928932980342712766e-01
2.928932980349085446e-01
2.928932983604811136e-01
2.928932984835566633e-01
2.928932986858943655e-01
2.928932986862129995e-01
2.928932986862129995e-01
2.928932986865316890e-01
2.928932986868503230e-01
2.928932986874875910e-01
2.928932986874875910e-01
2.928932986874875910e-01
2.928932990125025504e-01
2.928932990128211844e-01
2.928932993394293693e-01
2.928932993413411734e-01
2.928932995006622297e-01
2.928932999900965006e-01
2.928932999900965006e-01
2.928932999913710922e-01
2.928932999913710922e-01
2.928932999913710922e-01
2.928932999913710922e-01
2.928932999913710922e-01
2.928932999913710922e-01
2.928932999913710922e-01
2.928932999916897262e-01
2.928932999920083602e-01
2.928932999920083602e-01
2.928932999920083602e-01
2.928932999920083602e-01
2.928932999920083602e-01
2.928932999920083602e-01
2.928932999920083602e-01
2.928932999920083602e-01
2.928932999920083602e-01
2.928932999920083602e-01
2.928932999920083602e-01
2.928932999920083602e-01
2.928932999920880187e-01
2.928932999920880187e-01
2.928932999921676772e-01
2.928932999921676772e-01
2.928932999923270497e-01
2.928932999926456837e-01
2.928932999926456837e-01
2.928932999926456837e-01
2.928932999926456837e-01
2.928932999926456837e-01
2.928932999926456837e-01
2.928932999926456837e-01
2.928932999926456837e-01
2.928932999926456837e-01
2.928932999926456837e-01
2.928932999926456837e-01
2.928932999939202197e-01
2.928933006439501385e-01
2.928933006458619981e-01
2.928933012159127269e-01
2.928933012974850869e-01
2.928933012976444039e-01
2.928933012978037209e-01
2.928933012978037209e-01
2.928933012978037209e-01
2.928933012978037209e-01
2.928933012978037209e-01
2.928933012990783125e-01
2.928933016240932719e-01
2.928933017872380473e-01
2.928933019503827673e-01
2.928933022766723182e-01
2.928933026004126861e-01
2.928933026004126861e-01
2.928933026016872776e-01
2.928933026016872776e-01
2.928933026016872776e-01
2.928933026016872776e-01
2.928933026016872776e-01
2.928933026016872776e-01
2.928933026016872776e-01
2.928933026016872776e-01
2.928933026016872776e-01
2.928933026016872776e-01
2.928933026016872776e-01
2.928933026016872776e-01
2.928933026016872776e-01
2.928933026016872776e-01
2.928933026016872776e-01
2.928933026023245456e-01
2.928933026023245456e-01
2.928933026023245456e-01
2.928933026023245456e-01
2.928933026023245456e-01
2.928933026023245456e-01
2.928933026023245456e-01
2.928933026023245456e-01
2.928933026026431796e-01
2.928933026026431796e-01
2.928933026026431796e-01
2.928933026026431796e-01
2.928933026026431796e-01
2.928933026026431796e-01
2.928933026026431796e-01
2.928933026026431796e-01
2.928933026027228381e-01
2.928933026028024966e-01
2.928933026028024966e-01
2.928933026028024966e-01
2.928933026028024966e-01
2.928933026028024966e-01
2.928933026028024966e-01
2.928933026028024966e-01
2.928933026028024966e-01
2.928933026028024966e-01
2.928933026028024966e-01
2.928933026028024966e-01
2.928933026028024966e-01
2.928933026028024966e-01
2.928933026028423536e-01
2.928933026029618136e-01
2.928933026029618136e-01
2.928933026029618136e-01
2.928933026029618136e-01
2.928933026029618136e-01
2.928933026029618136e-01
2.928933026029618136e-01
2.928933026029618136e-01
2.928933026029618136e-01
2.928933026029618136e-01
2.928933026029618136e-01
2.928933026029618136e-01
2.928933026029618136e-01
2.928933026029618136e-01
2.928933026029618136e-01
2.928933026029618136e-01
2.928933026029618136e-01
2.928933026029618136e-01
2.928933026029618136e-01
2.928933026029618136e-01
2.928933026029618136e-01
2.928933026029618136e-01
2.928933026029618136e-01
2.928933026029618136e-01
2.928933026029618136e-01
2.928933026029618136e-01
2.928933026029618136e-01
2.928933026029618136e-01
2.928933026029618136e-01
2.928933026029618136e-01
2.928933026029618136e-01
2.928933026029618136e-01
2.928933026029618136e-01
2.928933026029618136e-01
2.928933026029618136e-01
2.928933026029618136e-01
2.928933026029618136e-01
2.928933026029618136e-01
2.928933026029618136e-01
2.928933026029618136e-01
2.928933026029618136e-01
2.928933026029618136e-01
2.928933026029618136e-01
2.928933026029618136e-01
2.928933026029618136e-01
2.928933026029618136e-01
2.928933026029618136e-01
2.928933026029618136e-01
2.928933026029618136e-01
2.928933026029618136e-01
2.928933026029618136e-01
2.928933026029618136e-01
2.928933026029618136e-01
2.928933026029618136e-01
2.928933026029618136e-01
2.928933026029618136e-01
2.928933026029618136e-01
2.928933026029618136e-01
2.928933026029618136e-01
2.928933026029618136e-01
2.928933026029618136e-01
2.928933026029618136e-01
2.928933026029618136e-01
2.928933026029618136e-01
2.928933026029618136e-01
2.928933026029618136e-01
2.928933026029618136e-01
2.928933026029618136e-01
2.928933026029618136e-01
2.928933026029618136e-01
2.928933026029618136e-01
2.928933026029618136e-01
2.928933026031211306e-01
2.928933026031211306e-01
2.928933026032804476e-01
2.928933026032804476e-01
2.928933026035990816e-01
2.928933026035990816e-01
2.928933026035990816e-01
2.928933026035990816e-01
2.928933026035990816e-01
2.928933026042364052e-01
2.928933026042364052e-01
2.928933026042364052e-01
2.928933026042364052e-01
2.928933026042364052e-01
2.928933026042364052e-01
2.928933026055109412e-01
2.928933026055109412e-01
2.928933029279767730e-01
2.928933032555408600e-01
2.928933032555408600e-01
2.928933039081199063e-01
2.928933039081199063e-01
2.928933039081199063e-01
2.928933039081199063e-01
2.928933039081199063e-01
2.928933039081199063e-01
2.928933039081199063e-01
2.928933039081199063e-01
2.928933039084385404e-01
2.928933039093944424e-01
2.928933039093944424e-01
2.928933039909668579e-01
2.928933045594243612e-01
2.928933045606989527e-01
2.928933045606989527e-01
2.928933050504518576e-01
2.928933052120034075e-01
2.928933052120034075e-01
2.928933052132779991e-01
2.928933052132779991e-01
2.928933052132779991e-01
2.928933052132779991e-01
2.928933052132779991e-01
2.928933052132779991e-01
2.928933052132779991e-01
2.928933052132779991e-01
2.928933052132779991e-01
2.928933052132779991e-01
2.928933052132779991e-01
2.928933052132779991e-01
2.928933052132779991e-01
2.928933052134373161e-01
2.928933052135169746e-01
2.928933052135966331e-01
2.928933052135966331e-01
2.928933052135966331e-01
2.928933052139152671e-01
2.928933052139152671e-01
2.928933052139152671e-01
2.928933052145525351e-01
2.928933052145525351e-01
2.928933052145525351e-01
2.928933052145525351e-01
2.928933052145525351e-01
2.928933052158271266e-01
2.928933055389302265e-01
2.928933058658569899e-01
2.928933058661756794e-01
2.928933058664943134e-01
2.928933061934210769e-01
2.928933065184360363e-01
2.928933065184360363e-01
2.928933065187546703e-01
2.928933065188741858e-01
2.928933065190733598e-01
2.928933065197106278e-01
2.928933065197106278e-01
2.928933067223670195e-01
2.928933068460001232e-01
2.928933071715428271e-01
2.928933071716523506e-01
2.928933072525874426e-01
2.928933078223195374e-01
2.928933078223195374e-01
2.928933078223195374e-01
2.928933078223195374e-01
2.928933078223195374e-01
2.928933078223195374e-01
2.928933078223195374e-01
2.928933078223195374e-01
2.928933078223195374e-01
2.928933078223195374e-01
2.928933078223195374e-01
2.928933078223195374e-01
2.928933078223195374e-01
2.928933078223195374e-01
2.928933078223195374e-01
2.928933078223195374e-01
2.928933078223195374e-01
2.928933078223195374e-01
2.928933078223195374e-01
2.928933078223195374e-01
2.928933078223195374e-01
2.928933078223195374e-01
2.928933078223195374e-01
2.928933078223195374e-01
2.928933078229568610e-01
2.928933078229568610e-01
2.928933078229568610e-01
2.928933078229568610e-01
2.928933078232754950e-01
2.928933078235941290e-01
2.928933078235941290e-01
2.928933078235941290e-01
2.928933078235941290e-01
2.928933078235941290e-01
2.928933078235941290e-01
2.928933078235941290e-01
2.928933078235941290e-01
2.928933078235941290e-01
2.928933078235941290e-01
2.928933078235941290e-01
2.928933078235941290e-01
2.928933078235941290e-01
2.928933078235941290e-01
2.928933078235941290e-01
2.928933078235941290e-01
2.928933078235941290e-01
2.928933078235941290e-01
2.928933078235941290e-01
2.928933078235941290e-01
2.928933078235941290e-01
2.928933078235941290e-01
2.928933078235941290e-01
2.928933078235941290e-01
2.928933078235941290e-01
2.928933078235941290e-01
2.928933078235941290e-01
2.928933078235941290e-01
2.928933078235941290e-01
2.928933078235941290e-01
2.928933078235941290e-01
2.928933078235941290e-01
2.928933078235941290e-01
2.928933078235941290e-01
2.928933078235941290e-01
2.928933078235941290e-01
2.928933078235941290e-01
2.928933078235941290e-01
2.928933078235941290e-01
2.928933078235941290e-01
2.928933078235941290e-01
2.928933078235941290e-01
2.928933078235941290e-01
2.928933078235941290e-01
2.928933078235941290e-01
2.928933078235941290e-01
2.928933078235941290e-01
2.928933078235941290e-01
2.928933078235941290e-01
2.928933078235941290e-01
2.928933078235941290e-01
2.928933078235941290e-01
2.928933078235941290e-01
2.928933078235941290e-01
2.928933078235941290e-01
2.928933078235941290e-01
2.928933078235941290e-01
2.928933078235941290e-01
2.928933078235941290e-01
2.928933078235941290e-01
2.928933078235941290e-01
2.928933078235941290e-01
2.928933078235941290e-01
2.928933078235941290e-01
2.928933078235941290e-01
2.928933078235941290e-01
2.928933078235941290e-01
2.928933078235941290e-01
2.928933078235941290e-01
2.928933078235941290e-01
2.928933078235941290e-01
2.928933078235941290e-01
2.928933078235941290e-01
2.928933078235941290e-01
2.928933078235941290e-01
2.928933078235941290e-01
2.928933078235941290e-01
2.928933078239127630e-01
2.928933078239127630e-01
2.928933078239127630e-01
2.928933078239127630e-01
2.928933078240720800e-01
2.928933078240720800e-01
2.928933078241517385e-01
2.928933078241517385e-01
2.928933078241517385e-01
2.928933078241517385e-01
2.928933078242115240e-01
2.928933078242164645e-01
2.928933078242313970e-01
2.928933078242313970e-01
2.928933078242313970e-01
2.928933078242313970e-01
2.928933078242313970e-01
2.928933078242313970e-01
2.928933078242313970e-01
2.928933078242313970e-01
2.928933078242313970e-01
2.928933078242313970e-01
2.928933078242313970e-01
2.928933078242313970e-01
2.928933078242313970e-01
2.928933078242313970e-01
2.928933078242313970e-01
2.928933078242313970e-01
2.928933078242313970e-01
2.928933078242313970e-01
2.928933078242313970e-01
2.928933078242313970e-01
2.928933078242313970e-01
2.928933078242313970e-01
2.928933078242313970e-01
2.928933078242313970e-01
2.928933078242313970e-01
2.928933078242313970e-01
2.928933078242313970e-01
2.928933078242313970e-01
2.928933078242313970e-01
2.928933078242313970e-01
2.928933078242313970e-01
2.928933078242313970e-01
2.928933078242313970e-01
2.928933078242313970e-01
2.928933078242313970e-01
2.928933078242313970e-01
2.928933078242313970e-01
2.928933078242313970e-01
2.928933078242313970e-01
2.928933078242313970e-01
2.928933078242313970e-01
2.928933078242313970e-01
2.928933078242313970e-01
2.928933078242313970e-01
2.928933078242313970e-01
2.928933078242313970e-01
2.928933078242313970e-01
2.928933078242313970e-01
2.928933078242313970e-01
2.928933078242313970e-01
2.928933078242313970e-01
2.928933078242313970e-01
2.928933078242313970e-01
2.928933078242313970e-01
2.928933078242313970e-01
2.928933078242313970e-01
2.928933078242313970e-01
2.928933078242313970e-01
2.928933078242313970e-01
2.928933078242313970e-01
2.928933078242313970e-01
2.928933078242313970e-01
2.928933078242313970e-01
2.928933078242313970e-01
2.928933078242313970e-01
2.928933078242313970e-01
2.928933078242313970e-01
2.928933078242313970e-01
2.928933078242313970e-01
2.928933078242313970e-01
2.928933078242313970e-01
2.928933078242313970e-01
2.928933078242313970e-01
2.928933078242313970e-01
2.928933078242313970e-01
2.928933078242313970e-01
2.928933078242313970e-01
2.928933078242313970e-01
2.928933078242313970e-01
2.928933078242313970e-01
2.928933078242313970e-01
2.928933078242313970e-01
2.928933078242313970e-01
2.928933078242313970e-01
2.928933078242313970e-01
2.928933078242313970e-01
2.928933078242313970e-01
2.928933078242313970e-01
2.928933078242313970e-01
2.928933078242313970e-01
2.928933078242313970e-01
2.928933078242313970e-01
2.928933078242313970e-01
2.928933078242313970e-01
2.928933078242313970e-01
2.928933078242313970e-01
2.928933078242313970e-01
2.928933078242313970e-01
2.928933078242313970e-01
2.928933078242313970e-01
2.928933078242313970e-01
2.928933078242313970e-01
2.928933078242313970e-01
2.928933078242313970e-01
2.928933078242313970e-01
2.928933078242313970e-01
2.928933078242313970e-01
2.928933078242313970e-01
2.928933078242313970e-01
2.928933078242313970e-01
2.928933078242313970e-01
2.928933078242313970e-01
2.928933078242313970e-01
2.928933078242313970e-01
2.928933078242313970e-01
2.928933078242313970e-01
2.928933078242313970e-01
2.928933078242313970e-01
2.928933078242313970e-01
2.928933078242313970e-01
2.928933078242513255e-01
2.928933078242513255e-01
2.928933078243110555e-01
2.928933078243110555e-01
2.928933078243907140e-01
2.928933078245500310e-01
2.928933078245500310e-01
2.928933078245500310e-01
2.928933078245500310e-01
2.928933078245500310e-01
2.928933078245500310e-01
2.928933078245500310e-01
2.928933078248687205e-01
2.928933078248687205e-01
2.928933078248687205e-01
2.928933078248687205e-01
2.928933078248687205e-01
2.928933078248687205e-01
2.928933078248687205e-01
2.928933078248687205e-01
2.928933078248687205e-01
2.928933078248687205e-01
2.928933078248687205e-01
2.928933078248687205e-01
2.928933078248687205e-01
2.928933078248687205e-01
2.928933078248687205e-01
2.928933078248687205e-01
2.928933078248687205e-01
2.928933078248687205e-01
2.928933078248687205e-01
2.928933078248687205e-01
2.928933078248687205e-01
2.928933078248687205e-01
2.928933078248687205e-01
2.928933078248687205e-01
2.928933078248687205e-01
2.928933078248687205e-01
2.928933078248687205e-01
2.928933078248687205e-01
2.928933078248687205e-01
2.928933078248687205e-01
2.928933078248687205e-01
2.928933078248687205e-01
2.928933078248687205e-01
2.928933078248687205e-01
2.928933078248687205e-01
2.928933078248687205e-01
2.928933078248687205e-01
2.928933078248687205e-01
2.928933078248687205e-01
2.928933078248687205e-01
2.928933078248687205e-01
2.928933078248687205e-01
2.928933078248687205e-01
2.928933078248687205e-01
2.928933078248687205e-01
2.928933078248687205e-01
2.928933078248687205e-01
2.928933078248687205e-01
2.928933078248687205e-01
2.928933078248687205e-01
2.928933078248687205e-01
2.928933078248687205e-01
2.928933078248687205e-01
2.928933078248687205e-01
2.928933078248687205e-01
2.928933078248687205e-01
2.928933078248687205e-01
2.928933078248687205e-01
2.928933078248687205e-01
2.928933078248687205e-01
2.928933078248687205e-01
2.928933078248687205e-01
2.928933078248687205e-01
2.928933078248687205e-01
2.928933078248687205e-01
2.928933078248687205e-01
2.928933078248687205e-01
2.928933078248687205e-01
2.928933078248687205e-01
2.928933078248687205e-01
2.928933078248687205e-01
2.928933078248687205e-01
2.928933078248687205e-01
2.928933078248687205e-01
2.928933078248687205e-01
2.928933078248687205e-01
2.928933078248687205e-01
2.928933078248687205e-01
2.928933078248687205e-01
2.928933078248687205e-01
2.928933078248687205e-01
2.928933078248687205e-01
2.928933078248687205e-01
2.928933078248687205e-01
2.928933078255059885e-01
2.928933078255059885e-01
2.928933078255059885e-01
2.928933078255059885e-01
2.928933078255059885e-01
2.928933078261432565e-01
2.928933078261432565e-01
2.928933078261432565e-01
2.928933078261432565e-01
2.928933078261432565e-01
2.928933078261432565e-01
2.928933078261432565e-01
2.928933078261432565e-01
2.928933078261432565e-01
2.928933078261432565e-01
2.928933078261432565e-01
2.928933078261432565e-01
2.928933078261432565e-01
2.928933078261432565e-01
2.928933078261432565e-01
2.928933078261432565e-01
2.928933078261432565e-01
2.928933078261432565e-01
2.928933078261432565e-01
2.928933078261432565e-01
2.928933083143029914e-01
2.928933084774477114e-01
2.928933084774477114e-01
2.928933088030999943e-01
2.928933091287522217e-01
2.928933091293894897e-01
2.928933091293894897e-01
2.928933091293894897e-01
2.928933091295488067e-01
2.928933091300267577e-01
2.928933091300267577e-01
2.928933091300267577e-01
2.928933094556789851e-01
2.928933094575908447e-01
2.928933097822871701e-01
2.928933100270043055e-01
2.928933101076207635e-01
2.928933104326357229e-01
2.928933104326357229e-01
2.928933104339102589e-01
2.928933104339102589e-01
2.928933104339102589e-01
2.928933104339102589e-01
2.928933104339102589e-01
2.928933104339102589e-01
2.928933104345475824e-01
2.928933104345475824e-01
2.928933104345475824e-01
2.928933104345475824e-01
2.928933104348662164e-01
2.928933104348662164e-01
2.928933104348662164e-01
2.928933104348662164e-01
2.928933104348662164e-01
2.928933104348662164e-01
2.928933104348662164e-01
2.928933104349458749e-01
2.928933104350255334e-01
2.928933104351848504e-01
2.928933104351848504e-01
2.928933104351848504e-01
2.928933104351848504e-01
2.928933104351848504e-01
2.928933104351848504e-01
2.928933104351848504e-01
2.928933104351848504e-01
2.928933104351848504e-01
2.928933104351848504e-01
2.928933104351848504e-01
2.928933104351848504e-01
2.928933104351848504e-01
2.928933104351848504e-01
2.928933104351848504e-01
2.928933104364594420e-01
2.928933104377339780e-01
2.928933105983296259e-01
2.928933110871266288e-01
2.928933110876045798e-01
2.928933110877638968e-01
2.928933117400243091e-01
2.928933117403429431e-01
2.928933117403429431e-01
2.928933117403429431e-01
2.928933117403429431e-01
2.928933117403429431e-01
2.928933117403429431e-01
2.928933117409802112e-01
2.928933120666324386e-01
2.928933122291399460e-01
2.928933123929219895e-01
2.928933127195301189e-01
2.928933128007838449e-01
2.928933130429518528e-01
2.928933130429518528e-01
2.928933130442264443e-01
2.928933130442264443e-01
2.928933130442264443e-01
2.928933130442264443e-01
2.928933130442264443e-01
2.928933130442264443e-01
2.928933130442264443e-01
2.928933130442264443e-01
2.928933130442264443e-01
2.928933130442264443e-01
2.928933130442264443e-01
2.928933130445450783e-01
2.928933130445450783e-01
2.928933130448637123e-01
2.928933130448637123e-01
2.928933130448637123e-01
2.928933130448637123e-01
2.928933130448637123e-01
2.928933130448637123e-01
2.928933130453416633e-01
2.928933130453416633e-01
2.928933130455009803e-01
2.928933130455009803e-01
2.928933130455009803e-01
2.928933130455009803e-01
2.928933130455009803e-01
2.928933130455009803e-01
2.928933130455009803e-01
2.928933130455009803e-01
2.928933130455009803e-01
2.928933130455009803e-01
2.928933130455009803e-01
2.928933130455009803e-01
2.928933130455009803e-01
2.928933130455009803e-01
2.928933130455009803e-01
2.928933130455009803e-01
2.928933130455009803e-01
2.928933130455009803e-01
2.928933130455009803e-01
2.928933130455009803e-01
2.928933130455009803e-01
2.928933130455009803e-01
2.928933130455009803e-01
2.928933130455009803e-01
2.928933130455009803e-01
2.928933130455009803e-01
2.928933130455009803e-01
2.928933130455009803e-01
2.928933130455009803e-01
2.928933130455009803e-01
2.928933130455009803e-01
2.928933130455009803e-01
2.928933130455009803e-01
2.928933130455009803e-01
2.928933130455009803e-01
2.928933130455009803e-01
2.928933130455009803e-01
2.928933130455009803e-01
2.928933130455009803e-01
2.928933130455009803e-01
2.928933130455009803e-01
2.928933130455009803e-01
2.928933130455009803e-01
2.928933130455009803e-01
2.928933130455009803e-01
2.928933130455009803e-01
2.928933130455009803e-01
2.928933130455009803e-01
2.928933130455009803e-01
2.928933130455009803e-01
2.928933130455009803e-01
2.928933130455009803e-01
2.928933130455009803e-01
2.928933130455009803e-01
2.928933130455009803e-01
2.928933130455009803e-01
2.928933130455009803e-01
2.928933130455009803e-01
2.928933130455009803e-01
2.928933130455009803e-01
2.928933130455009803e-01
2.928933130455009803e-01
2.928933130455009803e-01
2.928933130455009803e-01
2.928933130455009803e-01
2.928933130455009803e-01
2.928933130455009803e-01
2.928933130455009803e-01
2.928933130455009803e-01
2.928933130455009803e-01
2.928933130455806388e-01
2.928933130455806388e-01
2.928933130456204958e-01
2.928933130456204958e-01
2.928933130456304323e-01
2.928933130456304323e-01
2.928933130456603529e-01
2.928933130456603529e-01
2.928933130456603529e-01
2.928933130457400114e-01
2.928933130458196699e-01
2.928933130458196699e-01
2.928933130458196699e-01
2.928933130458196699e-01
2.928933130458196699e-01
2.928933130458196699e-01
2.928933130458196699e-01
2.928933130458196699e-01
2.928933130459789869e-01
2.928933130461383039e-01
2.928933130461383039e-01
2.928933130461383039e-01
2.928933130461383039e-01
2.928933130461383039e-01
2.928933130461383039e-01
2.928933130461383039e-01
2.928933130461383039e-01
2.928933130461383039e-01
2.928933130467755719e-01
2.928933130467755719e-01
2.928933130467755719e-01
2.928933130467755719e-01
2.928933130467755719e-01
2.928933130467755719e-01
2.928933130467755719e-01
2.928933130467755719e-01
2.928933130467755719e-01
2.928933130467755719e-01
2.928933130467755719e-01
2.928933130480501634e-01
2.928933130480501634e-01
2.928933130480501634e-01
2.928933130480501634e-01
2.928933130480501634e-01
2.928933130480501634e-01
2.928933133692414037e-01
2.928933136980800267e-01
2.928933136982393437e-01
2.928933138613841192e-01
2.928933143506590731e-01
2.928933143506590731e-01
2.928933143506590731e-01
2.928933143506590731e-01
2.928933143506590731e-01
2.928933143508980486e-01
2.928933143512963411e-01
2.928933143512963411e-01
2.928933143512963411e-01
2.928933143532082006e-01
2.928933149627705457e-01
2.928933150032381194e-01
2.928933150036364119e-01
2.928933156545425742e-01
2.928933156558171658e-01
2.928933156558171658e-01
2.928933156558171658e-01
2.928933156558171658e-01
2.928933156562951168e-01
2.928933156564544338e-01
2.928933156564544338e-01
2.928933156564544338e-01
2.928933156570917018e-01
2.928933156570917018e-01
2.928933156570917018e-01
2.928933156570917018e-01
2.928933156570917018e-01
2.928933156583662933e-01
2.928933182648587596e-01
2.928933182648587596e-01
2.928933182648587596e-01
2.928933182661332957e-01
2.928933182661332957e-01
2.928933182661332957e-01
2.928933182661332957e-01
2.928933182664519297e-01
2.928933182667706192e-01
2.928933182667706192e-01
2.928933182667706192e-01
2.928933182667706192e-01
2.928933182667706192e-01
2.928933182667706192e-01
2.928933182670095947e-01
2.928933182670095947e-01
2.928933182670493962e-01
2.928933182670892532e-01
2.928933182670892532e-01
2.928933182670892532e-01
2.928933182670892532e-01
2.928933182670892532e-01
2.928933182670892532e-01
2.928933182674078872e-01
2.928933182674078872e-01
2.928933182674078872e-01
2.928933182674078872e-01
2.928933182674078872e-01
2.928933182674078872e-01
2.928933182674078872e-01
2.928933182674078872e-01
2.928933182674078872e-01
2.928933182674078872e-01
2.928933182674078872e-01
2.928933182674078872e-01
2.928933182674078872e-01
2.928933182674078872e-01
2.928933182674078872e-01
2.928933182674078872e-01
2.928933182674078872e-01
2.928933182674078872e-01
2.928933182674078872e-01
2.928933182680451552e-01
2.928933182686824233e-01
9.999999582221958949e-01
9.999999582221958949e-01
9.999999582221958949e-01
9.999999582221958949e-01
9.999999582221958949e-01
9.999999582221958949e-01
9.999999582221958949e-01
9.999999582221958949e-01
9.999999582234704310e-01
9.999999582234704310e-01
9.999999582234704310e-01
9.999999582234704310e-01
9.999999582234704310e-01
9.999999582234704310e-01
9.999999582234704310e-01
9.999999582234704310e-01
9.999999582234704310e-01
9.999999582247449670e-01
9.999999582247449670e-01
9.999999582247449670e-01
9.999999582247449670e-01
9.999999582247449670e-01
9.999999582247449670e-01
9.999999582247449670e-01
9.999999582247449670e-01
9.999999582247449670e-01
9.999999582247449670e-01
9.999999582247449670e-01
9.999999582247449670e-01
9.999999582247449670e-01
9.999999582247449670e-01
9.999999582247449670e-01
9.999999582247449670e-01
9.999999582247449670e-01
9.999999582247449670e-01
9.999999582247449670e-01
9.999999582247449670e-01
9.999999582247449670e-01
9.999999582247449670e-01
9.999999582253822350e-01
9.999999582253822350e-01
9.999999582253822350e-01
9.999999582253822350e-01
9.999999582253822350e-01
9.999999582253822350e-01
9.999999582253822350e-01
9.999999582253822350e-01
9.999999582253822350e-01
9.999999582253822350e-01
9.999999582253822350e-01
9.999999582253822350e-01
9.999999582253822350e-01
9.999999582253822350e-01
9.999999582253822350e-01
9.999999582253822350e-01
9.999999582253822350e-01
9.999999582253822350e-01
9.999999582253822350e-01
9.999999582253822350e-01
9.999999582253822350e-01
9.999999582253822350e-01
9.999999582253822350e-01
9.999999582253822350e-01
9.999999582257008690e-01
9.999999582257008690e-01
9.999999582257008690e-01
9.999999582257008690e-01
9.999999582257008690e-01
9.999999582257008690e-01
9.999999582257008690e-01
9.999999582257008690e-01
9.999999582257008690e-01
9.999999582257008690e-01
9.999999582257008690e-01
9.999999582257008690e-01
9.999999582257008690e-01
9.999999582257008690e-01
9.999999582258601860e-01
9.999999582258601860e-01
9.999999582258601860e-01
9.999999582258601860e-01
9.999999582258601860e-01
9.999999582258601860e-01
9.999999582258601860e-01
9.999999582258601860e-01
9.999999582258601860e-01
9.999999582258601860e-01
9.999999582258601860e-01
9.999999582258601860e-01
9.999999582258601860e-01
9.999999582258601860e-01
9.999999582258601860e-01
9.999999582258601860e-01
9.999999582258601860e-01
9.999999582259299080e-01
9.999999582259399000e-01
9.999999582259399000e-01
9.999999582259399000e-01
9.999999582259399000e-01
9.999999582259399000e-01
9.999999582259399000e-01
9.999999582259399000e-01
9.999999582259399000e-01
9.999999582259399000e-01
9.999999582259399000e-01
9.999999582259399000e-01
9.999999582259399000e-01
9.999999582259399000e-01
9.999999582259399000e-01
9.999999582259399000e-01
9.999999582259399000e-01
9.999999582259423425e-01
9.999999582259423425e-01
9.999999582259498920e-01
9.999999582259597730e-01
9.999999582259597730e-01
9.999999582259797570e-01
9.999999582259797570e-01
9.999999582259797570e-01
9.999999582259797570e-01
9.999999582260195030e-01
9.999999582260195030e-01
9.999999582260195030e-01
9.999999582260195030e-01
9.999999582260195030e-01
9.999999582260195030e-01
9.999999582260195030e-01
9.999999582260195030e-01
9.999999582260195030e-01
9.999999582260195030e-01
9.999999582260195030e-01
9.999999582260195030e-01
9.999999582260195030e-01
9.999999582260195030e-01
9.999999582260195030e-01
9.999999582260195030e-01
9.999999582260195030e-01
9.999999582260195030e-01
9.999999582260195030e-01
9.999999582260195030e-01
9.999999582260195030e-01
9.999999582260195030e-01
9.999999582260195030e-01
9.999999582260195030e-01
9.999999582260195030e-01
9.999999582260195030e-01
9.999999582260195030e-01
9.999999582260195030e-01
9.999999582260195030e-01
9.999999582260195030e-01
9.999999582260195030e-01
9.999999582260195030e-01
9.999999582260195030e-01
9.999999582260195030e-01
9.999999582260195030e-01
9.999999582260195030e-01
9.999999582260195030e-01
9.999999582260195030e-01
9.999999582260195030e-01
9.999999582260195030e-01
9.999999582260195030e-01
9.999999582260195030e-01
9.999999582260195030e-01
9.999999582260195030e-01
9.999999582260195030e-01
9.999999582260195030e-01
9.999999582260195030e-01
9.999999582260195030e-01
9.999999582260195030e-01
9.999999582260195030e-01
9.999999582260195030e-01
9.999999582260195030e-01
9.999999582260195030e-01
9.999999582260195030e-01
9.999999582260195030e-01
9.999999582260195030e-01
9.999999582260195030e-01
9.999999582260195030e-01
9.999999582260195030e-01
9.999999582260195030e-01
9.999999582260195030e-01
9.999999582260195030e-01
9.999999582260195030e-01
9.999999582260195030e-01
9.999999582260195030e-01
9.999999582260195030e-01
9.999999582260195030e-01
9.999999582260195030e-01
9.999999582260195030e-01
9.999999582260195030e-01
9.999999582260195030e-01
9.999999582260195030e-01
9.999999582260195030e-01
9.999999582260195030e-01
9.999999582260195030e-01
9.999999582260195030e-01
9.999999582260195030e-01
9.999999582260195030e-01
9.999999582260195030e-01
9.999999582260195030e-01
9.999999582260195030e-01
9.999999582260195030e-01
9.999999582260195030e-01
9.999999582260195030e-01
9.999999582260195030e-01
9.999999582260195030e-01
9.999999582260195030e-01
9.999999582260195030e-01
9.999999582260195030e-01
9.999999582260195030e-01
9.999999582260195030e-01
9.999999582260195030e-01
9.999999582260195030e-01
9.999999582260195030e-01
9.999999582260195030e-01
9.999999582260195030e-01
9.999999582260195030e-01
9.999999582260195030e-01
9.999999582260195030e-01
9.999999582260195030e-01
9.999999582260195030e-01
9.999999582260195030e-01
9.999999582260195030e-01
9.999999582260195030e-01
9.999999582260195030e-01
9.999999582260195030e-01
9.999999582260195030e-01
9.999999582260195030e-01
9.999999582260195030e-01
9.999999582260195030e-01
9.999999582260195030e-01
9.999999582260195030e-01
9.999999582260195030e-01
9.999999582260195030e-01
9.999999582260195030e-01
9.999999582260195030e-01
9.999999582260195030e-01
9.999999582260195030e-01
9.999999582260195030e-01
9.999999582260195030e-01
9.999999582260195030e-01
9.999999582260195030e-01
9.999999582260195030e-01
9.999999582260195030e-01
9.999999582260195030e-01
9.999999582260195030e-01
9.999999582260195030e-01
9.999999582260195030e-01
9.999999582260195030e-01
9.999999582260195030e-01
9.999999582260195030e-01
9.999999582260195030e-01
9.999999582260195030e-01
9.999999582260195030e-01
9.999999582260195030e-01
9.999999582260195030e-01
9.999999582260195030e-01
9.999999582260195030e-01
9.999999582260195030e-01
9.999999582260195030e-01
9.999999582260195030e-01
9.999999582260195030e-01
9.999999582260195030e-01
9.999999582260195030e-01
9.999999582260195030e-01
9.999999582260195030e-01
9.999999582260195030e-01
9.999999582260195030e-01
9.999999582260195030e-01
9.999999582260195030e-01
9.999999582260195030e-01
9.999999582260195030e-01
9.999999582260195030e-01
9.999999582260195030e-01
9.999999582260195030e-01
9.999999582260195030e-01
9.999999582260195030e-01
9.999999582260195030e-01
9.999999582260195030e-01
9.999999582260195030e-01
9.999999582260195030e-01
9.999999582260195030e-01
9.999999582260195030e-01
9.999999582260195030e-01
9.999999582260195030e-01
9.999999582260195030e-01
9.999999582260195030e-01
9.999999582260195030e-01
9.999999582260195030e-01
9.999999582260195030e-01
9.999999582260195030e-01
9.999999582260195030e-01
9.999999582260195030e-01
9.999999582260195030e-01
9.999999582260195030e-01
9.999999582260195030e-01
9.999999582260195030e-01
9.999999582260195030e-01
9.999999582260195030e-01
9.999999582260195030e-01
9.999999582260195030e-01
9.999999582260195030e-01
9.999999582260195030e-01
9.999999582260195030e-01
9.999999582260195030e-01
9.999999582260195030e-01
9.999999582260195030e-01
9.999999582260195030e-01
9.999999582260195030e-01
9.999999582260195030e-01
9.999999582260195030e-01
9.999999582260195030e-01
9.999999582260195030e-01
9.999999582260195030e-01
9.999999582260195030e-01
9.999999582260195030e-01
9.999999582260195030e-01
9.999999582260195030e-01
9.999999582260195030e-01
9.999999582260195030e-01
9.999999582260195030e-01
9.999999582260195030e-01
9.999999582260195030e-01
9.999999582260195030e-01
9.999999582260195030e-01
9.999999582260195030e-01
9.999999582260195030e-01
9.999999582260195030e-01
9.999999582260195030e-01
9.999999582260195030e-01
9.999999582260195030e-01
9.999999582260195030e-01
9.999999582260195030e-01
9.999999582260195030e-01
9.999999582260195030e-01
9.999999582260195030e-01
9.999999582260195030e-01
9.999999582260195030e-01
9.999999582260195030e-01
9.999999582260195030e-01
9.999999582260195030e-01
9.999999582260195030e-01
9.999999582260195030e-01
9.999999582260195030e-01
9.999999582260195030e-01
9.999999582260195030e-01
9.999999582260195030e-01
9.999999582260195030e-01
9.999999582260195030e-01
9.999999582260195030e-01
9.999999582260195030e-01
9.999999582260195030e-01
9.999999582260195030e-01
9.999999582260195030e-01
9.999999582260195030e-01
9.999999582260195030e-01
9.999999582260195030e-01
9.999999582260195030e-01
9.999999582260195030e-01
9.999999582260195030e-01
9.999999582260195030e-01
9.999999582260195030e-01
9.999999582260195030e-01
9.999999582260195030e-01
9.999999582260195030e-01
9.999999582260195030e-01
9.999999582260195030e-01
9.999999582260195030e-01
9.999999582260195030e-01
9.999999582260195030e-01
9.999999582260195030e-01
9.999999582260195030e-01
9.999999582260195030e-01
9.999999582260195030e-01
9.999999582260195030e-01
9.999999582260195030e-01
9.999999582260195030e-01
9.999999582260195030e-01
9.999999582260195030e-01
9.999999582260195030e-01
9.999999582260195030e-01
9.999999582260195030e-01
9.999999582260195030e-01
9.999999582260195030e-01
9.999999582260195030e-01
9.999999582260195030e-01
9.999999582260195030e-01
9.999999582260195030e-01
9.999999582260195030e-01
9.999999582260195030e-01
9.999999582260195030e-01
9.999999582260195030e-01
9.999999582260195030e-01
9.999999582260195030e-01
9.999999582260195030e-01
9.999999582260195030e-01
9.999999582260195030e-01
9.999999582260195030e-01
9.999999582260195030e-01
9.999999582260195030e-01
9.999999582260195030e-01
9.999999582260195030e-01
9.999999582260195030e-01
9.999999582261788200e-01
9.999999582263382480e-01
9.999999582263382480e-01
9.999999582263382480e-01
9.999999582263382480e-01
9.999999582263382480e-01
9.999999582263382480e-01
9.999999582263382480e-01
9.999999582263382480e-01
9.999999582263382480e-01
9.999999582264975651e-01
9.999999582266568821e-01
9.999999582266568821e-01
9.999999582266568821e-01
9.999999582266568821e-01
9.999999582266568821e-01
9.999999582266568821e-01
9.999999582266568821e-01
9.999999582266568821e-01
9.999999582266568821e-01
9.999999582266568821e-01
9.999999582266568821e-01
9.999999582266568821e-01
9.999999582266568821e-01
9.999999582266568821e-01
9.999999582266568821e-01
9.999999582272941501e-01
9.999999582272941501e-01
9.999999582272941501e-01
9.999999582272941501e-01
9.999999582272941501e-01
9.999999582272941501e-01
9.999999582272941501e-01
9.999999582272941501e-01
9.999999582272941501e-01
9.999999582272941501e-01
9.999999582272941501e-01
9.999999582272941501e-01
9.999999582272941501e-01
9.999999582272941501e-01
9.999999582272941501e-01
9.999999582272941501e-01
9.999999582272941501e-01
9.999999582272941501e-01
9.999999582272941501e-01
9.999999582272941501e-01
9.999999582272941501e-01
9.999999582272941501e-01
9.999999582272941501e-01
9.999999582272941501e-01
9.999999582272941501e-01
9.999999582272941501e-01
9.999999582272941501e-01
9.999999582272941501e-01
9.999999582285686861e-01
9.999999582285686861e-01
9.999999582285686861e-01
9.999999582285686861e-01
9.999999582285686861e-01
9.999999582285686861e-01
9.999999582285686861e-01
9.999999582285686861e-01
9.999999686647350616e-01
9.999999686647350616e-01
9.999999686647350616e-01
9.999999686647350616e-01
9.999999686647350616e-01
9.999999686647350616e-01
9.999999686660095977e-01
9.999999686660095977e-01
9.999999686660095977e-01
9.999999686672841337e-01
9.999999686672841337e-01
9.999999686672841337e-01
9.999999686679214017e-01
9.999999686679214017e-01
9.999999686679214017e-01
9.999999686679214017e-01
9.999999686679214017e-01
9.999999686679214017e-01
9.999999686679214017e-01
9.999999686679214017e-01
9.999999686679214017e-01
9.999999686679214017e-01
9.999999686682401467e-01
9.999999686682401467e-01
9.999999686682401467e-01
9.999999686682401467e-01
9.999999686682401467e-01
9.999999686683994637e-01
9.999999686685587807e-01
9.999999686685587807e-01
9.999999686685587807e-01
9.999999686685587807e-01
9.999999686685587807e-01
9.999999686685587807e-01
9.999999686685587807e-01
9.999999686685587807e-01
9.999999686685587807e-01
9.999999686685587807e-01
9.999999686685587807e-01
9.999999686685587807e-01
9.999999686685587807e-01
9.999999686685587807e-01
9.999999686685587807e-01
9.999999686685587807e-01
9.999999686685587807e-01
9.999999686685587807e-01
9.999999686685587807e-01
9.999999686685587807e-01
9.999999686685587807e-01
9.999999686685587807e-01
9.999999686685587807e-01
9.999999686685587807e-01
9.999999686685587807e-01
9.999999686685587807e-01
9.999999686685587807e-01
9.999999686685587807e-01
9.999999686685587807e-01
9.999999686685587807e-01
9.999999686685587807e-01
9.999999686685587807e-01
9.999999686685587807e-01
9.999999686685587807e-01
9.999999686685587807e-01
9.999999686685587807e-01
9.999999686685587807e-01
9.999999686685587807e-01
9.999999686685587807e-01
9.999999686685587807e-01
9.999999686685587807e-01
9.999999686685587807e-01
9.999999686685587807e-01
9.999999686685587807e-01
9.999999686685587807e-01
9.999999686685587807e-01
9.999999686685587807e-01
9.999999686685587807e-01
9.999999686685587807e-01
9.999999686685587807e-01
9.999999686685587807e-01
9.999999686685587807e-01
9.999999686685587807e-01
9.999999686685587807e-01
9.999999686685587807e-01
9.999999686685587807e-01
9.999999686685587807e-01
9.999999686685587807e-01
9.999999686685587807e-01
9.999999686685587807e-01
9.999999686685587807e-01
9.999999686685587807e-01
9.999999686685587807e-01
9.999999686685587807e-01
9.999999686685587807e-01
9.999999686685587807e-01
9.999999686685587807e-01
9.999999686685587807e-01
9.999999686685587807e-01
9.999999686685587807e-01
9.999999686685587807e-01
9.999999686685587807e-01
9.999999686685587807e-01
9.999999686685587807e-01
9.999999686685587807e-01
9.999999686685587807e-01
9.999999686685587807e-01
9.999999686685587807e-01
9.999999686685587807e-01
9.999999686685587807e-01
9.999999686685587807e-01
9.999999686685587807e-01
9.999999686685587807e-01
9.999999686685587807e-01
9.999999686685587807e-01
9.999999686685587807e-01
9.999999686685587807e-01
9.999999686685587807e-01
9.999999686685587807e-01
9.999999686685587807e-01
9.999999686685587807e-01
9.999999686685587807e-01
9.999999686685587807e-01
9.999999686685587807e-01
9.999999686685587807e-01
9.999999686685587807e-01
9.999999686685587807e-01
9.999999686685587807e-01
9.999999686685587807e-01
9.999999686685587807e-01
9.999999686685587807e-01
9.999999686685587807e-01
9.999999686685587807e-01
9.999999686685587807e-01
9.999999686685587807e-01
9.999999686685587807e-01
9.999999686685587807e-01
9.999999686685587807e-01
9.999999686685587807e-01
9.999999686685587807e-01
9.999999686685587807e-01
9.999999686685587807e-01
9.999999686685587807e-01
9.999999686685587807e-01
9.999999686685587807e-01
9.999999686685587807e-01
9.999999686685587807e-01
9.999999686685587807e-01
9.999999686685587807e-01
9.999999686685587807e-01
9.999999686685587807e-01
9.999999686685587807e-01
9.999999686685587807e-01
9.999999686685587807e-01
9.999999686685587807e-01
9.999999686685587807e-01
9.999999686685587807e-01
9.999999686685587807e-01
9.999999686685587807e-01
9.999999686685587807e-01
9.999999686685587807e-01
9.999999686685587807e-01
9.999999686685587807e-01
9.999999686685587807e-01
9.999999686685587807e-01
9.999999686685587807e-01
9.999999686685587807e-01
9.999999686685587807e-01
9.999999686685587807e-01
9.999999686686383837e-01
9.999999686686383837e-01
9.999999686687180978e-01
9.999999686687180978e-01
9.999999686687180978e-01
9.999999686687180978e-01
9.999999686687180978e-01
9.999999686687180978e-01
9.999999686687180978e-01
9.999999686687180978e-01
9.999999686687180978e-01
9.999999686687180978e-01
9.999999686687180978e-01
9.999999686687180978e-01
9.999999686687180978e-01
9.999999686687578437e-01
9.999999686687578437e-01
9.999999686687578437e-01
9.999999686687578437e-01
9.999999686687578437e-01
9.999999686687600642e-01
9.999999686687628397e-01
9.999999686687977007e-01
9.999999686687977007e-01
9.999999686687977007e-01
9.999999686687977007e-01
9.999999686688375578e-01
9.999999686688375578e-01
9.999999686688774148e-01
9.999999686688774148e-01
9.999999686688774148e-01
9.999999686688774148e-01
9.999999686688774148e-01
9.999999686688774148e-01
9.999999686688774148e-01
9.999999686688774148e-01
9.999999686688774148e-01
9.999999686688774148e-01
9.999999686688774148e-01
9.999999686688774148e-01
9.999999686688774148e-01
9.999999686688774148e-01
9.999999686688774148e-01
9.999999686688774148e-01
9.999999686688774148e-01
9.999999686688774148e-01
9.999999686688774148e-01
9.999999686688774148e-01
9.999999686688774148e-01
9.999999686688774148e-01
9.999999686688774148e-01
9.999999686690367318e-01
9.999999686691960488e-01
9.999999686691960488e-01
9.999999686691960488e-01
9.999999686691960488e-01
9.999999686691960488e-01
9.999999686691960488e-01
9.999999686691960488e-01
9.999999686691960488e-01
9.999999686691960488e-01
9.999999686691960488e-01
9.999999686691960488e-01
9.999999686691960488e-01
9.999999686691960488e-01
9.999999686691960488e-01
9.999999686691960488e-01
9.999999686691960488e-01
9.999999686691960488e-01
9.999999686691960488e-01
9.999999686691960488e-01
9.999999686691960488e-01
9.999999686691960488e-01
9.999999686691960488e-01
9.999999686691960488e-01
9.999999686691960488e-01
9.999999686691960488e-01
9.999999686698333168e-01
9.999999686698333168e-01
9.999999686698333168e-01
9.999999686698333168e-01
9.999999686698333168e-01
9.999999686698333168e-01
9.999999686698333168e-01
9.999999686698333168e-01
9.999999686698333168e-01
9.999999686698333168e-01
9.999999686698333168e-01
9.999999686698333168e-01
9.999999686698333168e-01
9.999999686698333168e-01
9.999999686698333168e-01
9.999999686698333168e-01
9.999999686698333168e-01
9.999999686698333168e-01
9.999999686698333168e-01
9.999999686698333168e-01
9.999999686698333168e-01
9.999999686698333168e-01
9.999999686698333168e-01
9.999999686698333168e-01
9.999999686698333168e-01
9.999999686698333168e-01
9.999999686698333168e-01
9.999999686698333168e-01
9.999999686698333168e-01
9.999999686698333168e-01
9.999999686698333168e-01
9.999999686711078528e-01
9.999999686711078528e-01
9.999999686711078528e-01
9.999999686711078528e-01
9.999999686711078528e-01
9.999999686711078528e-01
9.999999686711078528e-01
9.999999686711078528e-01
9.999999686711078528e-01
9.999999686711078528e-01
9.999999686711078528e-01
9.999999686711078528e-01
9.999999686711078528e-01
9.999999686711078528e-01
9.999999791072742283e-01
9.999999791072742283e-01
9.999999791072742283e-01
9.999999791072742283e-01
9.999999791072742283e-01
9.999999791072742283e-01
9.999999791072742283e-01
9.999999791072742283e-01
9.999999791072742283e-01
9.999999791072742283e-01
9.999999791072742283e-01
9.999999791072742283e-01
9.999999791072742283e-01
9.999999791072742283e-01
9.999999791072742283e-01
9.999999791072742283e-01
9.999999791072742283e-01
9.999999791072742283e-01
9.999999791085487644e-01
9.999999791085487644e-01
9.999999791085487644e-01
9.999999791085487644e-01
9.999999791085487644e-01
9.999999791085487644e-01
9.999999791085487644e-01
9.999999791085487644e-01
9.999999791085487644e-01
9.999999791085487644e-01
9.999999791085487644e-01
9.999999791085487644e-01
9.999999791085487644e-01
9.999999791085487644e-01
9.999999791085487644e-01
9.999999791085487644e-01
9.999999791085487644e-01
9.999999791085487644e-01
9.999999791085487644e-01
9.999999791098233004e-01
9.999999791098233004e-01
9.999999791098233004e-01
9.999999791098233004e-01
9.999999791098233004e-01
9.999999791098233004e-01
9.999999791098233004e-01
9.999999791098233004e-01
9.999999791098233004e-01
9.999999791098233004e-01
9.999999791098233004e-01
9.999999791098233004e-01
9.999999791098233004e-01
9.999999791098233004e-01
9.999999791098233004e-01
9.999999791098233004e-01
9.999999791098233004e-01
9.999999791098233004e-01
9.999999791098233004e-01
9.999999791098233004e-01
9.999999791098233004e-01
9.999999791098233004e-01
9.999999791098233004e-01
9.999999791098233004e-01
9.999999791098233004e-01
9.999999791098233004e-01
9.999999791098233004e-01
9.999999791098233004e-01
9.999999791098233004e-01
9.999999791098233004e-01
9.999999791098233004e-01
9.999999791098233004e-01
9.999999791098233004e-01
9.999999791098233004e-01
9.999999791098233004e-01
9.999999791098233004e-01
9.999999791098233004e-01
9.999999791098233004e-01
9.999999791098233004e-01
9.999999791098233004e-01
9.999999791098233004e-01
9.999999791098233004e-01
9.999999791098233004e-01
9.999999791098233004e-01
9.999999791098233004e-01
9.999999791098233004e-01
9.999999791098233004e-01
9.999999791098233004e-01
9.999999791098233004e-01
9.999999791098233004e-01
9.999999791098233004e-01
9.999999791098233004e-01
9.999999791098233004e-01
9.999999791098233004e-01
9.999999791098233004e-01
9.999999791098233004e-01
9.999999791098233004e-01
9.999999791098233004e-01
9.999999791098233004e-01
9.999999791098233004e-01
9.999999791098233004e-01
9.999999791098233004e-01
9.999999791098233004e-01
9.999999791098233004e-01
9.999999791098233004e-01
9.999999791098233004e-01
9.999999791098233004e-01
9.999999791104606794e-01
9.999999791104606794e-01
9.999999791104606794e-01
9.999999791104606794e-01
9.999999791104606794e-01
9.999999791104606794e-01
9.999999791104606794e-01
9.999999791104606794e-01
9.999999791104606794e-01
9.999999791104606794e-01
9.999999791104606794e-01
9.999999791104606794e-01
9.999999791104606794e-01
9.999999791104606794e-01
9.999999791104606794e-01
9.999999791104606794e-01
9.999999791104606794e-01
9.999999791104606794e-01
9.999999791104606794e-01
9.999999791104606794e-01
9.999999791104606794e-01
9.999999791104606794e-01
9.999999791104606794e-01
9.999999791104606794e-01
9.999999791104606794e-01
9.999999791104606794e-01
9.999999791104606794e-01
9.999999791104606794e-01
9.999999791104606794e-01
9.999999791104606794e-01
9.999999791104606794e-01
9.999999791104606794e-01
9.999999791104606794e-01
9.999999791104606794e-01
9.999999791104606794e-01
9.999999791104606794e-01
9.999999791104606794e-01
9.999999791104606794e-01
9.999999791104606794e-01
9.999999791104606794e-01
9.999999791104606794e-01
9.999999791104606794e-01
9.999999791104606794e-01
9.999999791110979475e-01
9.999999791110979475e-01
9.999999791110979475e-01
9.999999791110979475e-01
9.999999791110979475e-01
9.999999791110979475e-01
9.999999791110979475e-01
9.999999791110979475e-01
9.999999791110979475e-01
9.999999791110979475e-01
9.999999791110979475e-01
9.999999791110979475e-01
9.999999791110979475e-01
9.999999791110979475e-01
9.999999791110979475e-01
9.999999791110979475e-01
9.999999791110979475e-01
9.999999791110979475e-01
9.999999791110979475e-01
9.999999791110979475e-01
9.999999791110979475e-01
9.999999791110979475e-01
9.999999791110979475e-01
9.999999791110979475e-01
9.999999791110979475e-01
9.999999791110979475e-01
9.999999791110979475e-01
9.999999791110979475e-01
9.999999791110979475e-01
9.999999791110979475e-01
9.999999791110979475e-01
9.999999791110979475e-01
9.999999791110979475e-01
9.999999791110979475e-01
9.999999791110979475e-01
9.999999791110979475e-01
9.999999791110979475e-01
9.999999791110979475e-01
9.999999791110979475e-01
9.999999791110979475e-01
9.999999791110979475e-01
9.999999791110979475e-01
9.999999791110979475e-01
9.999999791110979475e-01
9.999999791110979475e-01
9.999999791110979475e-01
9.999999791110979475e-01
9.999999791110979475e-01
9.999999791110979475e-01
9.999999791110979475e-01
9.999999791110979475e-01
9.999999791110979475e-01
9.999999791110979475e-01
9.999999791110979475e-01
9.999999791110979475e-01
9.999999791110979475e-01
9.999999791110979475e-01
9.999999791110979475e-01
9.999999791110979475e-01
9.999999791110979475e-01
9.999999791110979475e-01
9.999999791110979475e-01
9.999999791110979475e-01
9.999999791110979475e-01
9.999999791110979475e-01
9.999999791110979475e-01
9.999999791110979475e-01
9.999999791110979475e-01
9.999999791110979475e-01
9.999999791110979475e-01
9.999999791110979475e-01
9.999999791110979475e-01
9.999999791110979475e-01
9.999999791110979475e-01
9.999999791110979475e-01
9.999999791110979475e-01
9.999999791110979475e-01
9.999999791110979475e-01
9.999999791110979475e-01
9.999999791110979475e-01
9.999999791110979475e-01
9.999999791110979475e-01
9.999999791110979475e-01
9.999999791110979475e-01
9.999999791110979475e-01
9.999999791110979475e-01
9.999999791110979475e-01
9.999999791110979475e-01
9.999999791110979475e-01
9.999999791110979475e-01
9.999999791110979475e-01
9.999999791110979475e-01
9.999999791110979475e-01
9.999999791110979475e-01
9.999999791110979475e-01
9.999999791110979475e-01
9.999999791110979475e-01
9.999999791110979475e-01
9.999999791110979475e-01
9.999999791110979475e-01
9.999999791110979475e-01
9.999999791110979475e-01
9.999999791110979475e-01
9.999999791110979475e-01
9.999999791110979475e-01
9.999999791110979475e-01
9.999999791110979475e-01
9.999999791110979475e-01
9.999999791110979475e-01
9.999999791110979475e-01
9.999999791110979475e-01
9.999999791110979475e-01
9.999999791110979475e-01
9.999999791110979475e-01
9.999999791110979475e-01
9.999999791110979475e-01
9.999999791110979475e-01
9.999999791110979475e-01
9.999999791110979475e-01
9.999999791110979475e-01
9.999999791110979475e-01
9.999999791110979475e-01
9.999999791110979475e-01
9.999999791110979475e-01
9.999999791110979475e-01
9.999999791110979475e-01
9.999999791110979475e-01
9.999999791110979475e-01
9.999999791110979475e-01
9.999999791110979475e-01
9.999999791110979475e-01
9.999999791110979475e-01
9.999999791110979475e-01
9.999999791110979475e-01
9.999999791110979475e-01
9.999999791110979475e-01
9.999999791110979475e-01
9.999999791110979475e-01
9.999999791110979475e-01
9.999999791110979475e-01
9.999999791110979475e-01
9.999999791110979475e-01
9.999999791110979475e-01
9.999999791110979475e-01
9.999999791110979475e-01
9.999999791110979475e-01
9.999999791110979475e-01
9.999999791110979475e-01
9.999999791110979475e-01
9.999999791110979475e-01
9.999999791110979475e-01
9.999999791110979475e-01
9.999999791110979475e-01
9.999999791110979475e-01
9.999999791110979475e-01
9.999999791110979475e-01
9.999999791110979475e-01
9.999999791110979475e-01
9.999999791110979475e-01
9.999999791110979475e-01
9.999999791110979475e-01
9.999999791110979475e-01
9.999999791110979475e-01
9.999999791110979475e-01
9.999999791110979475e-01
9.999999791110979475e-01
9.999999791110979475e-01
9.999999791110979475e-01
9.999999791110979475e-01
9.999999791110979475e-01
9.999999791110979475e-01
9.999999791110979475e-01
9.999999791110979475e-01
9.999999791110979475e-01
9.999999791110979475e-01
9.999999791110979475e-01
9.999999791110979475e-01
9.999999791110979475e-01
9.999999791110979475e-01
9.999999791110979475e-01
9.999999791110979475e-01
9.999999791110979475e-01
9.999999791110979475e-01
9.999999791110979475e-01
9.999999791110979475e-01
9.999999791110979475e-01
9.999999791110979475e-01
9.999999791110979475e-01
9.999999791110979475e-01
9.999999791110979475e-01
9.999999791110979475e-01
9.999999791110979475e-01
9.999999791110979475e-01
9.999999791110979475e-01
9.999999791110979475e-01
9.999999791110979475e-01
9.999999791110979475e-01
9.999999791110979475e-01
9.999999791110979475e-01
9.999999791110979475e-01
9.999999791110979475e-01
9.999999791110979475e-01
9.999999791110979475e-01
9.999999791110979475e-01
9.999999791110979475e-01
9.999999791110979475e-01
9.999999791110979475e-01
9.999999791110979475e-01
9.999999791110979475e-01
9.999999791110979475e-01
9.999999791110979475e-01
9.999999791110979475e-01
9.999999791110979475e-01
9.999999791110979475e-01
9.999999791110979475e-01
9.999999791110979475e-01
9.999999791110979475e-01
9.999999791110979475e-01
9.999999791110979475e-01
9.999999791110979475e-01
9.999999791110979475e-01
9.999999791110979475e-01
9.999999791110979475e-01
9.999999791110979475e-01
9.999999791110979475e-01
9.999999791110979475e-01
9.999999791110979475e-01
9.999999791110979475e-01
9.999999791110979475e-01
9.999999791110979475e-01
9.999999791110979475e-01
9.999999791110979475e-01
9.999999791110979475e-01
9.999999791110979475e-01
9.999999791110979475e-01
9.999999791110979475e-01
9.999999791110979475e-01
9.999999791110979475e-01
9.999999791110979475e-01
9.999999791110979475e-01
9.999999791110979475e-01
9.999999791110979475e-01
9.999999791110979475e-01
9.999999791110979475e-01
9.999999791110979475e-01
9.999999791110979475e-01
9.999999791110979475e-01
9.999999791110979475e-01
9.999999791110979475e-01
9.999999791110979475e-01
9.999999791110979475e-01
9.999999791110979475e-01
9.999999791110979475e-01
9.999999791110979475e-01
9.999999791110979475e-01
9.999999791110979475e-01
9.999999791110979475e-01
9.999999791110979475e-01
9.999999791110979475e-01
9.999999791110979475e-01
9.999999791110979475e-01
9.999999791110979475e-01
9.999999791110979475e-01
9.999999791110979475e-01
9.999999791110979475e-01
9.999999791110979475e-01
9.999999791110979475e-01
9.999999791110979475e-01
9.999999791110979475e-01
9.999999791110979475e-01
9.999999791110979475e-01
9.999999791110979475e-01
9.999999791110979475e-01
9.999999791110979475e-01
9.999999791110979475e-01
9.999999791110979475e-01
9.999999791110979475e-01
9.999999791110979475e-01
9.999999791110979475e-01
9.999999791110979475e-01
9.999999791110979475e-01
9.999999791110979475e-01
9.999999791110979475e-01
9.999999791110979475e-01
9.999999791110979475e-01
9.999999791110979475e-01
9.999999791110979475e-01
9.999999791110979475e-01
9.999999791110979475e-01
9.999999791110979475e-01
9.999999791110979475e-01
9.999999791110979475e-01
9.999999791110979475e-01
9.999999791110979475e-01
9.999999791110979475e-01
9.999999791110979475e-01
9.999999791110979475e-01
9.999999791110979475e-01
9.999999791110979475e-01
9.999999791110979475e-01
9.999999791110979475e-01
9.999999791110979475e-01
9.999999791110979475e-01
9.999999791110979475e-01
9.999999791110979475e-01
9.999999791110979475e-01
9.999999791110979475e-01
9.999999791110979475e-01
9.999999791110979475e-01
9.999999791110979475e-01
9.999999791110979475e-01
9.999999791110979475e-01
9.999999791110979475e-01
9.999999791110979475e-01
9.999999791110979475e-01
9.999999791110979475e-01
9.999999791110979475e-01
9.999999791110979475e-01
9.999999791110979475e-01
9.999999791110979475e-01
9.999999791110979475e-01
9.999999791110979475e-01
9.999999791110979475e-01
9.999999791110979475e-01
9.999999791110979475e-01
9.999999791110979475e-01
9.999999791110979475e-01
9.999999791110979475e-01
9.999999791110979475e-01
9.999999791110979475e-01
9.999999791110979475e-01
9.999999791110979475e-01
9.999999791110979475e-01
9.999999791110979475e-01
9.999999791110979475e-01
9.999999791110979475e-01
9.999999791110979475e-01
9.999999791110979475e-01
9.999999791110979475e-01
9.999999791110979475e-01
9.999999791110979475e-01
9.999999791110979475e-01
9.999999791110979475e-01
9.999999791110979475e-01
9.999999791110979475e-01
9.999999791110979475e-01
9.999999791110979475e-01
9.999999791110979475e-01
9.999999791110979475e-01
9.999999791110979475e-01
9.999999791110979475e-01
9.999999791110979475e-01
9.999999791110979475e-01
9.999999791110979475e-01
9.999999791110979475e-01
9.999999791110979475e-01
9.999999791110979475e-01
9.999999791110979475e-01
9.999999791110979475e-01
9.999999791110979475e-01
9.999999791110979475e-01
9.999999791110979475e-01
9.999999791110979475e-01
9.999999791110979475e-01
9.999999791110979475e-01
9.999999791110979475e-01
9.999999791110979475e-01
9.999999791110979475e-01
9.999999791110979475e-01
9.999999791110979475e-01
9.999999791110979475e-01
9.999999791110979475e-01
9.999999791110979475e-01
9.999999791110979475e-01
9.999999791110979475e-01
9.999999791110979475e-01
9.999999791110979475e-01
9.999999791110979475e-01
9.999999791110979475e-01
9.999999791110979475e-01
9.999999791110979475e-01
9.999999791110979475e-01
9.999999791110979475e-01
9.999999791110979475e-01
9.999999791110979475e-01
9.999999791110979475e-01
9.999999791110979475e-01
9.999999791110979475e-01
9.999999791110979475e-01
9.999999791110979475e-01
9.999999791110979475e-01
9.999999791110979475e-01
9.999999791110979475e-01
9.999999791110979475e-01
9.999999791110979475e-01
9.999999791110979475e-01
9.999999791110979475e-01
9.999999791110979475e-01
9.999999791110979475e-01
9.999999791110979475e-01
9.999999791110979475e-01
9.999999791110979475e-01
9.999999791110979475e-01
9.999999791110979475e-01
9.999999791110979475e-01
9.999999791110979475e-01
9.999999791110979475e-01
9.999999791110979475e-01
9.999999791110979475e-01
9.999999791110979475e-01
9.999999791110979475e-01
9.999999791110979475e-01
9.999999791110979475e-01
9.999999791110979475e-01
9.999999791110979475e-01
9.999999791110979475e-01
9.999999791110979475e-01
9.999999791110979475e-01
9.999999791110979475e-01
9.999999791110979475e-01
9.999999791110979475e-01
9.999999791110979475e-01
9.999999791110979475e-01
9.999999791110979475e-01
9.999999791110979475e-01
9.999999791110979475e-01
9.999999791110979475e-01
9.999999791110979475e-01
9.999999791110979475e-01
9.999999791110979475e-01
9.999999791110979475e-01
9.999999791110979475e-01
9.999999791110979475e-01
9.999999791110979475e-01
9.999999791110979475e-01
9.999999791110979475e-01
9.999999791110979475e-01
9.999999791110979475e-01
9.999999791110979475e-01
9.999999791110979475e-01
9.999999791110979475e-01
9.999999791110979475e-01
9.999999791110979475e-01
9.999999791110979475e-01
9.999999791110979475e-01
9.999999791110979475e-01
9.999999791110979475e-01
9.999999791110979475e-01
9.999999791110979475e-01
9.999999791110979475e-01
9.999999791110979475e-01
9.999999791110979475e-01
9.999999791110979475e-01
9.999999791110979475e-01
9.999999791110979475e-01
9.999999791110979475e-01
9.999999791110979475e-01
9.999999791110979475e-01
9.999999791110979475e-01
9.999999791110979475e-01
9.999999791110979475e-01
9.999999791110979475e-01
9.999999791110979475e-01
9.999999791110979475e-01
9.999999791110979475e-01
9.999999791110979475e-01
9.999999791110979475e-01
9.999999791110979475e-01
9.999999791110979475e-01
9.999999791110979475e-01
9.999999791110979475e-01
9.999999791110979475e-01
9.999999791110979475e-01
9.999999791110979475e-01
9.999999791110979475e-01
9.999999791110979475e-01
9.999999791110979475e-01
9.999999791110979475e-01
9.999999791110979475e-01
9.999999791110979475e-01
9.999999791110979475e-01
9.999999791110979475e-01
9.999999791110979475e-01
9.999999791110979475e-01
9.999999791110979475e-01
9.999999791110979475e-01
9.999999791110979475e-01
9.999999791110979475e-01
9.999999791110979475e-01
9.999999791110979475e-01
9.999999791110979475e-01
9.999999791110979475e-01
9.999999791110979475e-01
9.999999791110979475e-01
9.999999791110979475e-01
9.999999791110979475e-01
9.999999791110979475e-01
9.999999791110979475e-01
9.999999791110979475e-01
9.999999791110979475e-01
9.999999791110979475e-01
9.999999791110979475e-01
9.999999791110979475e-01
9.999999791110979475e-01
9.999999791110979475e-01
9.999999791110979475e-01
9.999999791110979475e-01
9.999999791110979475e-01
9.999999791110979475e-01
9.999999791110979475e-01
9.999999791110979475e-01
9.999999791110979475e-01
9.999999791110979475e-01
9.999999791110979475e-01
9.999999791110979475e-01
9.999999791110979475e-01
9.999999791110979475e-01
9.999999791110979475e-01
9.999999791110979475e-01
9.999999791110979475e-01
9.999999791110979475e-01
9.999999791110979475e-01
9.999999791110979475e-01
9.999999791110979475e-01
9.999999791110979475e-01
9.999999791110979475e-01
9.999999791110979475e-01
9.999999791110979475e-01
9.999999791110979475e-01
9.999999791110979475e-01
9.999999791110979475e-01
9.999999791110979475e-01
9.999999791110979475e-01
9.999999791110979475e-01
9.999999791110979475e-01
9.999999791110979475e-01
9.999999791110979475e-01
9.999999791110979475e-01
9.999999791110979475e-01
9.999999791110979475e-01
9.999999791110979475e-01
9.999999791110979475e-01
9.999999791110979475e-01
9.999999791110979475e-01
9.999999791110979475e-01
9.999999791110979475e-01
9.999999791110979475e-01
9.999999791110979475e-01
9.999999791110979475e-01
9.999999791110979475e-01
9.999999791110979475e-01
9.999999791110979475e-01
9.999999791110979475e-01
9.999999791110979475e-01
9.999999791110979475e-01
9.999999791110979475e-01
9.999999791110979475e-01
9.999999791110979475e-01
9.999999791110979475e-01
9.999999791110979475e-01
9.999999791110979475e-01
9.999999791110979475e-01
9.999999791110979475e-01
9.999999791110979475e-01
9.999999791110979475e-01
9.999999791110979475e-01
9.999999791110979475e-01
9.999999791110979475e-01
9.999999791110979475e-01
9.999999791110979475e-01
9.999999791110979475e-01
9.999999791110979475e-01
9.999999791110979475e-01
9.999999791110979475e-01
9.999999791110979475e-01
9.999999791110979475e-01
9.999999791110979475e-01
9.999999791110979475e-01
9.999999791110979475e-01
9.999999791110979475e-01
9.999999791110979475e-01
9.999999791110979475e-01
9.999999791110979475e-01
9.999999791110979475e-01
9.999999791110979475e-01
9.999999791110979475e-01
9.999999791110979475e-01
9.999999791110979475e-01
9.999999791110979475e-01
9.999999791110979475e-01
9.999999791110979475e-01
9.999999791110979475e-01
9.999999791110979475e-01
9.999999791110979475e-01
9.999999791110979475e-01
9.999999791110979475e-01
9.999999791110979475e-01
9.999999791110979475e-01
9.999999791110979475e-01
9.999999791110979475e-01
9.999999791110979475e-01
9.999999791110979475e-01
9.999999791110979475e-01
9.999999791110979475e-01
9.999999791110979475e-01
9.999999791110979475e-01
9.999999791110979475e-01
9.999999791110979475e-01
9.999999791110979475e-01
9.999999791110979475e-01
9.999999791110979475e-01
9.999999791110979475e-01
9.999999791110979475e-01
9.999999791110979475e-01
9.999999791110979475e-01
9.999999791110979475e-01
9.999999791110979475e-01
9.999999791110979475e-01
9.999999791110979475e-01
9.999999791110979475e-01
9.999999791110979475e-01
9.999999791110979475e-01
9.999999791110979475e-01
9.999999791110979475e-01
9.999999791110979475e-01
9.999999791110979475e-01
9.999999791110979475e-01
9.999999791110979475e-01
9.999999791110979475e-01
9.999999791110979475e-01
9.999999791110979475e-01
9.999999791110979475e-01
9.999999791110979475e-01
9.999999791110979475e-01
9.999999791110979475e-01
9.999999791110979475e-01
9.999999791110979475e-01
9.999999791110979475e-01
9.999999791110979475e-01
9.999999791110979475e-01
9.999999791110979475e-01
9.999999791110979475e-01
9.999999791112572645e-01
9.999999791112572645e-01
9.999999791112572645e-01
9.999999791112572645e-01
9.999999791112572645e-01
9.999999791112572645e-01
9.999999791114165815e-01
9.999999791114165815e-01
9.999999791114165815e-01
9.999999791114165815e-01
9.999999791114165815e-01
9.999999791114165815e-01
9.999999791114165815e-01
9.999999791114165815e-01
9.999999791114165815e-01
9.999999791114165815e-01
9.999999791114165815e-01
9.999999791114165815e-01
9.999999791114165815e-01
9.999999791114165815e-01
9.999999791114165815e-01
9.999999791114165815e-01
9.999999791114165815e-01
9.999999791114165815e-01
9.999999791114165815e-01
9.999999791114165815e-01
9.999999791114165815e-01
9.999999791114165815e-01
9.999999791114165815e-01
9.999999791114165815e-01
9.999999791114165815e-01
9.999999791114165815e-01
9.999999791114165815e-01
9.999999791114165815e-01
9.999999791114165815e-01
9.999999791114165815e-01
9.999999791114165815e-01
9.999999791114165815e-01
9.999999791114165815e-01
9.999999791114165815e-01
9.999999791114165815e-01
9.999999791114165815e-01
9.999999791114165815e-01
9.999999791114165815e-01
9.999999791114165815e-01
9.999999791114165815e-01
9.999999791114165815e-01
9.999999791114165815e-01
9.999999791114165815e-01
9.999999791114165815e-01
9.999999791114165815e-01
9.999999791114165815e-01
9.999999791114165815e-01
9.999999791114165815e-01
9.999999791114165815e-01
9.999999791114165815e-01
9.999999791114165815e-01
9.999999791114165815e-01
9.999999791114165815e-01
9.999999791114165815e-01
9.999999791114165815e-01
9.999999791114165815e-01
9.999999791114165815e-01
9.999999791114165815e-01
9.999999791114165815e-01
9.999999791114165815e-01
9.999999791114165815e-01
9.999999791114165815e-01
9.999999791114165815e-01
9.999999791114165815e-01
9.999999791114165815e-01
9.999999791114165815e-01
9.999999791114165815e-01
9.999999791114165815e-01
9.999999791114165815e-01
9.999999791114165815e-01
9.999999791114165815e-01
9.999999791114165815e-01
9.999999791114165815e-01
9.999999791114165815e-01
9.999999791114165815e-01
9.999999791114165815e-01
9.999999791114165815e-01
9.999999791114165815e-01
9.999999791114165815e-01
9.999999791114165815e-01
9.999999791114165815e-01
9.999999791114165815e-01
9.999999791114165815e-01
9.999999791114165815e-01
9.999999791114165815e-01
9.999999791114165815e-01
9.999999791114165815e-01
9.999999791114165815e-01
9.999999791114165815e-01
9.999999791114165815e-01
9.999999791114165815e-01
9.999999791114165815e-01
9.999999791114165815e-01
9.999999791114165815e-01
9.999999791114165815e-01
9.999999791114165815e-01
9.999999791114165815e-01
9.999999791114165815e-01
9.999999791114165815e-01
9.999999791114165815e-01
9.999999791114165815e-01
9.999999791114165815e-01
9.999999791114165815e-01
9.999999791114165815e-01
9.999999791114165815e-01
9.999999791114165815e-01
9.999999791114165815e-01
9.999999791114165815e-01
9.999999791114165815e-01
9.999999791114961845e-01
9.999999791114961845e-01
9.999999791114961845e-01
9.999999791114961845e-01
9.999999791114961845e-01
9.999999791115360415e-01
9.999999791115560255e-01
9.999999791115659065e-01
9.999999791115733450e-01
9.999999791115733450e-01
9.999999791115758985e-01
9.999999791115758985e-01
9.999999791115758985e-01
9.999999791115758985e-01
9.999999791115758985e-01
9.999999791115758985e-01
9.999999791115758985e-01
9.999999791115758985e-01
9.999999791115758985e-01
9.999999791115758985e-01
9.999999791115758985e-01
9.999999791115758985e-01
9.999999791115758985e-01
9.999999791115758985e-01
9.999999791115758985e-01
9.999999791115758985e-01
9.999999791115758985e-01
9.999999791115758985e-01
9.999999791115758985e-01
9.999999791115758985e-01
9.999999791115758985e-01
9.999999791115758985e-01
9.999999791115758985e-01
9.999999791115758985e-01
9.999999791115758985e-01
9.999999791115758985e-01
9.999999791115758985e-01
9.999999791115758985e-01
9.999999791115758985e-01
9.999999791115758985e-01
9.999999791115758985e-01
9.999999791115758985e-01
9.999999791115758985e-01
9.999999791115758985e-01
9.999999791115758985e-01
9.999999791115758985e-01
9.999999791115758985e-01
9.999999791115758985e-01
9.999999791115758985e-01
9.999999791115758985e-01
9.999999791115758985e-01
9.999999791115758985e-01
9.999999791115758985e-01
9.999999791115758985e-01
9.999999791115758985e-01
9.999999791115758985e-01
9.999999791115758985e-01
9.999999791115758985e-01
9.999999791115758985e-01
9.999999791115758985e-01
9.999999791115758985e-01
9.999999791115758985e-01
9.999999791115758985e-01
9.999999791115758985e-01
9.999999791115758985e-01
9.999999791115758985e-01
9.999999791115758985e-01
9.999999791115758985e-01
9.999999791115758985e-01
9.999999791115758985e-01
9.999999791115758985e-01
9.999999791115758985e-01
9.999999791115758985e-01
9.999999791115758985e-01
9.999999791115758985e-01
9.999999791115758985e-01
9.999999791115758985e-01
9.999999791115758985e-01
9.999999791115758985e-01
9.999999791115758985e-01
9.999999791115758985e-01
9.999999791115758985e-01
9.999999791115758985e-01
9.999999791115758985e-01
9.999999791115758985e-01
9.999999791115758985e-01
9.999999791115758985e-01
9.999999791115758985e-01
9.999999791115758985e-01
9.999999791115758985e-01
9.999999791115758985e-01
9.999999791115758985e-01
9.999999791115758985e-01
9.999999791115758985e-01
9.999999791115758985e-01
9.999999791115758985e-01
9.999999791115758985e-01
9.999999791115758985e-01
9.999999791115758985e-01
9.999999791115758985e-01
9.999999791115758985e-01
9.999999791115758985e-01
9.999999791115758985e-01
9.999999791115758985e-01
9.999999791115758985e-01
9.999999791115758985e-01
9.999999791115758985e-01
9.999999791115758985e-01
9.999999791115758985e-01
9.999999791115758985e-01
9.999999791115758985e-01
9.999999791115758985e-01
9.999999791115758985e-01
9.999999791115758985e-01
9.999999791115758985e-01
9.999999791115758985e-01
9.999999791115758985e-01
9.999999791115758985e-01
9.999999791115758985e-01
9.999999791115758985e-01
9.999999791115758985e-01
9.999999791115758985e-01
9.999999791115758985e-01
9.999999791115758985e-01
9.999999791115758985e-01
9.999999791115758985e-01
9.999999791115758985e-01
9.999999791115758985e-01
9.999999791115758985e-01
9.999999791115758985e-01
9.999999791115758985e-01
9.999999791115758985e-01
9.999999791115758985e-01
9.999999791115758985e-01
9.999999791115758985e-01
9.999999791115758985e-01
9.999999791115758985e-01
9.999999791115758985e-01
9.999999791115758985e-01
9.999999791115758985e-01
9.999999791115758985e-01
9.999999791115758985e-01
9.999999791115758985e-01
9.999999791115758985e-01
9.999999791115758985e-01
9.999999791115758985e-01
9.999999791115758985e-01
9.999999791115758985e-01
9.999999791115758985e-01
9.999999791115758985e-01
9.999999791115758985e-01
9.999999791115758985e-01
9.999999791115758985e-01
9.999999791115758985e-01
9.999999791115758985e-01
9.999999791115758985e-01
9.999999791115758985e-01
9.999999791115758985e-01
9.999999791115758985e-01
9.999999791115758985e-01
9.999999791115758985e-01
9.999999791115758985e-01
9.999999791115758985e-01
9.999999791115758985e-01
9.999999791115758985e-01
9.999999791115758985e-01
9.999999791115758985e-01
9.999999791115758985e-01
9.999999791115758985e-01
9.999999791115758985e-01
9.999999791115758985e-01
9.999999791115758985e-01
9.999999791115758985e-01
9.999999791115758985e-01
9.999999791115758985e-01
9.999999791115758985e-01
9.999999791115758985e-01
9.999999791115758985e-01
9.999999791115758985e-01
9.999999791115758985e-01
9.999999791115758985e-01
9.999999791115758985e-01
9.999999791115758985e-01
9.999999791115758985e-01
9.999999791115758985e-01
9.999999791115758985e-01
9.999999791115758985e-01
9.999999791115758985e-01
9.999999791115758985e-01
9.999999791115758985e-01
9.999999791115758985e-01
9.999999791115758985e-01
9.999999791115758985e-01
9.999999791115777859e-01
9.999999791115783410e-01
9.999999791115808945e-01
9.999999791115858905e-01
9.999999791115858905e-01
9.999999791115957715e-01
9.999999791115957715e-01
9.999999791116157555e-01
9.999999791116555015e-01
9.999999791116555015e-01
9.999999791116555015e-01
9.999999791116555015e-01
9.999999791116555015e-01
9.999999791116555015e-01
9.999999791116555015e-01
9.999999791117352155e-01
9.999999791117352155e-01
9.999999791117352155e-01
9.999999791117352155e-01
9.999999791117352155e-01
9.999999791117352155e-01
9.999999791117352155e-01
9.999999791117352155e-01
9.999999791117352155e-01
9.999999791117352155e-01
9.999999791117352155e-01
9.999999791117352155e-01
9.999999791117352155e-01
9.999999791117352155e-01
9.999999791117352155e-01
9.999999791117352155e-01
9.999999791117352155e-01
9.999999791117352155e-01
9.999999791117352155e-01
9.999999791117352155e-01
9.999999791117352155e-01
9.999999791117352155e-01
9.999999791117352155e-01
9.999999791117352155e-01
9.999999791117352155e-01
9.999999791117352155e-01
9.999999791117352155e-01
9.999999791117352155e-01
9.999999791117352155e-01
9.999999791117352155e-01
9.999999791117352155e-01
9.999999791117352155e-01
9.999999791117352155e-01
9.999999791117352155e-01
9.999999791117352155e-01
9.999999791117352155e-01
9.999999791117352155e-01
9.999999791117352155e-01
9.999999791117352155e-01
9.999999791117352155e-01
9.999999791117352155e-01
9.999999791117352155e-01
9.999999791117352155e-01
9.999999791117352155e-01
9.999999791117352155e-01
9.999999791117352155e-01
9.999999791117352155e-01
9.999999791117352155e-01
9.999999791117352155e-01
9.999999791117352155e-01
9.999999791117352155e-01
9.999999791117352155e-01
9.999999791117352155e-01
9.999999791117352155e-01
9.999999791117352155e-01
9.999999791117352155e-01
9.999999791117352155e-01
9.999999791117352155e-01
9.999999791117352155e-01
9.999999791117352155e-01
9.999999791117352155e-01
9.999999791117352155e-01
9.999999791117352155e-01
9.999999791117352155e-01
9.999999791117352155e-01
9.999999791117352155e-01
9.999999791117352155e-01
9.999999791117352155e-01
9.999999791117352155e-01
9.999999791117352155e-01
9.999999791117352155e-01
9.999999791117352155e-01
9.999999791117352155e-01
9.999999791117352155e-01
9.999999791117352155e-01
9.999999791117352155e-01
9.999999791117352155e-01
9.999999791117352155e-01
9.999999791117352155e-01
9.999999791117352155e-01
9.999999791117352155e-01
9.999999791117352155e-01
9.999999791117352155e-01
9.999999791117352155e-01
9.999999791117352155e-01
9.999999791117352155e-01
9.999999791117352155e-01
9.999999791117352155e-01
9.999999791117352155e-01
9.999999791117352155e-01
9.999999791117352155e-01
9.999999791117352155e-01
9.999999791117352155e-01
9.999999791117352155e-01
9.999999791117352155e-01
9.999999791117352155e-01
9.999999791117352155e-01
9.999999791117352155e-01
9.999999791117352155e-01
9.999999791117352155e-01
9.999999791117352155e-01
9.999999791117352155e-01
9.999999791117352155e-01
9.999999791117352155e-01
9.999999791117352155e-01
9.999999791117352155e-01
9.999999791117352155e-01
9.999999791117352155e-01
9.999999791117352155e-01
9.999999791117352155e-01
9.999999791117352155e-01
9.999999791117352155e-01
9.999999791117352155e-01
9.999999791117352155e-01
9.999999791117352155e-01
9.999999791117352155e-01
9.999999791117352155e-01
9.999999791117352155e-01
9.999999791117352155e-01
9.999999791117352155e-01
9.999999791117352155e-01
9.999999791117352155e-01
9.999999791117352155e-01
9.999999791117352155e-01
9.999999791117352155e-01
9.999999791117352155e-01
9.999999791117352155e-01
9.999999791117352155e-01
9.999999791117352155e-01
9.999999791117352155e-01
9.999999791117352155e-01
9.999999791117352155e-01
9.999999791117352155e-01
9.999999791117352155e-01
9.999999791117352155e-01
9.999999791117352155e-01
9.999999791117352155e-01
9.999999791117352155e-01
9.999999791117352155e-01
9.999999791117352155e-01
9.999999791117352155e-01
9.999999791117352155e-01
9.999999791117352155e-01
9.999999791117352155e-01
9.999999791117352155e-01
9.999999791117352155e-01
9.999999791117352155e-01
9.999999791117352155e-01
9.999999791117352155e-01
9.999999791117352155e-01
9.999999791117352155e-01
9.999999791117352155e-01
9.999999791117352155e-01
9.999999791117352155e-01
9.999999791117352155e-01
9.999999791117352155e-01
9.999999791117352155e-01
9.999999791117352155e-01
9.999999791117352155e-01
9.999999791117352155e-01
9.999999791117352155e-01
9.999999791117352155e-01
9.999999791117352155e-01
9.999999791117352155e-01
9.999999791117352155e-01
9.999999791117352155e-01
9.999999791117352155e-01
9.999999791117352155e-01
9.999999791117352155e-01
9.999999791117352155e-01
9.999999791117352155e-01
9.999999791117352155e-01
9.999999791117352155e-01
9.999999791117352155e-01
9.999999791117352155e-01
9.999999791117352155e-01
9.999999791117352155e-01
9.999999791117352155e-01
9.999999791117352155e-01
9.999999791117352155e-01
9.999999791117352155e-01
9.999999791117352155e-01
9.999999791117352155e-01
9.999999791117352155e-01
9.999999791117352155e-01
9.999999791117352155e-01
9.999999791117352155e-01
9.999999791117352155e-01
9.999999791117352155e-01
9.999999791117352155e-01
9.999999791117352155e-01
9.999999791117352155e-01
9.999999791117352155e-01
9.999999791117352155e-01
9.999999791117352155e-01
9.999999791117352155e-01
9.999999791117352155e-01
9.999999791117352155e-01
9.999999791117352155e-01
9.999999791117352155e-01
9.999999791117352155e-01
9.999999791117352155e-01
9.999999791117352155e-01
9.999999791117352155e-01
9.999999791117352155e-01
9.999999791117352155e-01
9.999999791117352155e-01
9.999999791117352155e-01
9.999999791117352155e-01
9.999999791117352155e-01
9.999999791117352155e-01
9.999999791117352155e-01
9.999999791117352155e-01
9.999999791117352155e-01
9.999999791117352155e-01
9.999999791117352155e-01
9.999999791117352155e-01
9.999999791117352155e-01
9.999999791117352155e-01
9.999999791117352155e-01
9.999999791117352155e-01
9.999999791117352155e-01
9.999999791117352155e-01
9.999999791117352155e-01
9.999999791117352155e-01
9.999999791117352155e-01
9.999999791117352155e-01
9.999999791117352155e-01
9.999999791117352155e-01
9.999999791117352155e-01
9.999999791117352155e-01
9.999999791117352155e-01
9.999999791117352155e-01
9.999999791117352155e-01
9.999999791117352155e-01
9.999999791117352155e-01
9.999999791117352155e-01
9.999999791117352155e-01
9.999999791117352155e-01
9.999999791117352155e-01
9.999999791117352155e-01
9.999999791117352155e-01
9.999999791117352155e-01
9.999999791117352155e-01
9.999999791117352155e-01
9.999999791117352155e-01
9.999999791117352155e-01
9.999999791117352155e-01
9.999999791117352155e-01
9.999999791117352155e-01
9.999999791117352155e-01
9.999999791117352155e-01
9.999999791117352155e-01
9.999999791117352155e-01
9.999999791117352155e-01
9.999999791117352155e-01
9.999999791117352155e-01
9.999999791117352155e-01
9.999999791117352155e-01
9.999999791117352155e-01
9.999999791117352155e-01
9.999999791117352155e-01
9.999999791117352155e-01
9.999999791117352155e-01
9.999999791117352155e-01
9.999999791117352155e-01
9.999999791117352155e-01
9.999999791117352155e-01
9.999999791117352155e-01
9.999999791117352155e-01
9.999999791117352155e-01
9.999999791117352155e-01
9.999999791117352155e-01
9.999999791117352155e-01
9.999999791117352155e-01
9.999999791117352155e-01
9.999999791117352155e-01
9.999999791117352155e-01
9.999999791117352155e-01
9.999999791117352155e-01
9.999999791117352155e-01
9.999999791117352155e-01
9.999999791117352155e-01
9.999999791117352155e-01
9.999999791117352155e-01
9.999999791117352155e-01
9.999999791117352155e-01
9.999999791117352155e-01
9.999999791117352155e-01
9.999999791117352155e-01
9.999999791117352155e-01
9.999999791117352155e-01
9.999999791117352155e-01
9.999999791117352155e-01
9.999999791117352155e-01
9.999999791117352155e-01
9.999999791117352155e-01
9.999999791117352155e-01
9.999999791117352155e-01
9.999999791117352155e-01
9.999999791117352155e-01
9.999999791117352155e-01
9.999999791117352155e-01
9.999999791117352155e-01
9.999999791117352155e-01
9.999999791117352155e-01
9.999999791117352155e-01
9.999999791117352155e-01
9.999999791117352155e-01
9.999999791117352155e-01
9.999999791117352155e-01
9.999999791117352155e-01
9.999999791117352155e-01
9.999999791117352155e-01
9.999999791117352155e-01
9.999999791117352155e-01
9.999999791117352155e-01
9.999999791117352155e-01
9.999999791117352155e-01
9.999999791117352155e-01
9.999999791117352155e-01
9.999999791117352155e-01
9.999999791117352155e-01
9.999999791117352155e-01
9.999999791117352155e-01
9.999999791117352155e-01
9.999999791117352155e-01
9.999999791117352155e-01
9.999999791117352155e-01
9.999999791117352155e-01
9.999999791117352155e-01
9.999999791117352155e-01
9.999999791117352155e-01
9.999999791117352155e-01
9.999999791117352155e-01
9.999999791117352155e-01
9.999999791117352155e-01
9.999999791117352155e-01
9.999999791117352155e-01
9.999999791117352155e-01
9.999999791117352155e-01
9.999999791117352155e-01
9.999999791117352155e-01
9.999999791117352155e-01
9.999999791117352155e-01
9.999999791117352155e-01
9.999999791117352155e-01
9.999999791117352155e-01
9.999999791117352155e-01
9.999999791117352155e-01
9.999999791117352155e-01
9.999999791117352155e-01
9.999999791117352155e-01
9.999999791117352155e-01
9.999999791117352155e-01
9.999999791117352155e-01
9.999999791117352155e-01
9.999999791117352155e-01
9.999999791117352155e-01
9.999999791117352155e-01
9.999999791117352155e-01
9.999999791117352155e-01
9.999999791117352155e-01
9.999999791117352155e-01
9.999999791117352155e-01
9.999999791117352155e-01
9.999999791117352155e-01
9.999999791117352155e-01
9.999999791117352155e-01
9.999999791117352155e-01
9.999999791117352155e-01
9.999999791117352155e-01
9.999999791117352155e-01
9.999999791117352155e-01
9.999999791117352155e-01
9.999999791117352155e-01
9.999999791117352155e-01
9.999999791117352155e-01
9.999999791117352155e-01
9.999999791117352155e-01
9.999999791118945325e-01
9.999999791118945325e-01
9.999999791118945325e-01
9.999999791118945325e-01
9.999999791118945325e-01
9.999999791118945325e-01
9.999999791118945325e-01
9.999999791118945325e-01
9.999999791118945325e-01
9.999999791120538495e-01
9.999999791120538495e-01
9.999999791120538495e-01
9.999999791120538495e-01
9.999999791120538495e-01
9.999999791120538495e-01
9.999999791120538495e-01
9.999999791120538495e-01
9.999999791120538495e-01
9.999999791120538495e-01
9.999999791120538495e-01
9.999999791120538495e-01
9.999999791120538495e-01
9.999999791120538495e-01
9.999999791120538495e-01
9.999999791120538495e-01
9.999999791120538495e-01
9.999999791120538495e-01
9.999999791120538495e-01
9.999999791120538495e-01
9.999999791120538495e-01
9.999999791120538495e-01
9.999999791120538495e-01
9.999999791120538495e-01
9.999999791120538495e-01
9.999999791120538495e-01
9.999999791120538495e-01
9.999999791120538495e-01
9.999999791120538495e-01
9.999999791120538495e-01
9.999999791120538495e-01
9.999999791120538495e-01
9.999999791123724835e-01
9.999999791123724835e-01
9.999999791123724835e-01
9.999999791123724835e-01
9.999999791123724835e-01
9.999999791123724835e-01
9.999999791123724835e-01
9.999999791123724835e-01
9.999999791123724835e-01
9.999999791123724835e-01
9.999999791123724835e-01
9.999999791123724835e-01
9.999999791123724835e-01
9.999999791123724835e-01
9.999999791123724835e-01
9.999999791123724835e-01
9.999999791123724835e-01
9.999999791123724835e-01
9.999999791123724835e-01
9.999999791123724835e-01
9.999999791123724835e-01
9.999999791123724835e-01
9.999999791123724835e-01
9.999999791123724835e-01
9.999999791123724835e-01
9.999999791123724835e-01
9.999999791123724835e-01
9.999999791123724835e-01
9.999999791123724835e-01
9.999999791123724835e-01
9.999999791123724835e-01
9.999999791123724835e-01
9.999999791123724835e-01
9.999999791123724835e-01
9.999999791123724835e-01
9.999999791123724835e-01
9.999999791123724835e-01
9.999999791123724835e-01
9.999999791123724835e-01
9.999999791123724835e-01
9.999999791123724835e-01
9.999999791123724835e-01
9.999999791123724835e-01
9.999999791123724835e-01
9.999999791123724835e-01
9.999999791123724835e-01
9.999999791123724835e-01
9.999999791123724835e-01
9.999999791123724835e-01
9.999999791123724835e-01
9.999999791123724835e-01
9.999999791123724835e-01
9.999999791123724835e-01
9.999999791123724835e-01
9.999999791123724835e-01
9.999999791123724835e-01
9.999999791123724835e-01
9.999999791123724835e-01
9.999999791123724835e-01
9.999999791123724835e-01
9.999999791123724835e-01
9.999999791123724835e-01
9.999999791123724835e-01
9.999999791123724835e-01
9.999999791123724835e-01
9.999999791123724835e-01
9.999999791123724835e-01
9.999999791123724835e-01
9.999999791123724835e-01
9.999999791123724835e-01
9.999999791123724835e-01
9.999999791123724835e-01
9.999999791123724835e-01
9.999999791123724835e-01
9.999999791123724835e-01
9.999999791123724835e-01
9.999999791123724835e-01
9.999999791123724835e-01
9.999999791123724835e-01
9.999999791123724835e-01
9.999999791123724835e-01
9.999999791123724835e-01
9.999999791123724835e-01
9.999999791123724835e-01
9.999999791123724835e-01
9.999999791123724835e-01
9.999999791123724835e-01
9.999999791123724835e-01
9.999999791123724835e-01
9.999999791123724835e-01
9.999999791123724835e-01
9.999999791123724835e-01
9.999999791123724835e-01
9.999999791123724835e-01
9.999999791123724835e-01
9.999999791123724835e-01
9.999999791123724835e-01
9.999999791123724835e-01
9.999999791123724835e-01
9.999999791123724835e-01
9.999999791123724835e-01
9.999999791123724835e-01
9.999999791123724835e-01
9.999999791123724835e-01
9.999999791123724835e-01
9.999999791123724835e-01
9.999999791123724835e-01
9.999999791123724835e-01
9.999999791123724835e-01
9.999999791123724835e-01
9.999999791123724835e-01
9.999999791123724835e-01
9.999999791123724835e-01
9.999999791123724835e-01
9.999999791123724835e-01
9.999999791123724835e-01
9.999999791123724835e-01
9.999999791123724835e-01
9.999999791123724835e-01
9.999999791123724835e-01
9.999999791123724835e-01
9.999999791123724835e-01
9.999999791123724835e-01
9.999999791123724835e-01
9.999999791123724835e-01
9.999999791123724835e-01
9.999999791123724835e-01
9.999999791123724835e-01
9.999999791123724835e-01
9.999999791123724835e-01
9.999999791123724835e-01
9.999999791123724835e-01
9.999999791123724835e-01
9.999999791123724835e-01
9.999999791123724835e-01
9.999999791123724835e-01
9.999999791123724835e-01
9.999999791123724835e-01
9.999999791123724835e-01
9.999999791123724835e-01
9.999999791123724835e-01
9.999999791123724835e-01
9.999999791123724835e-01
9.999999791123724835e-01
9.999999791123724835e-01
9.999999791123724835e-01
9.999999791123724835e-01
9.999999791123724835e-01
9.999999791123724835e-01
9.999999791123724835e-01
9.999999791123724835e-01
9.999999791123724835e-01
9.999999791123724835e-01
9.999999791123724835e-01
9.999999791123724835e-01
9.999999791123724835e-01
9.999999791123724835e-01
9.999999791123724835e-01
9.999999791123724835e-01
9.999999791123724835e-01
9.999999791123724835e-01
9.999999791123724835e-01
9.999999791123724835e-01
9.999999791123724835e-01
9.999999791123724835e-01
9.999999791123724835e-01
9.999999791123724835e-01
9.999999791123724835e-01
9.999999791123724835e-01
9.999999791123724835e-01
9.999999791123724835e-01
9.999999791123724835e-01
9.999999791123724835e-01
9.999999791123724835e-01
9.999999791123724835e-01
9.999999791123724835e-01
9.999999791123724835e-01
9.999999791123724835e-01
9.999999791123724835e-01
9.999999791123724835e-01
9.999999791123724835e-01
9.999999791123724835e-01
9.999999791123724835e-01
9.999999791123724835e-01
9.999999791123724835e-01
9.999999791123724835e-01
9.999999791123724835e-01
9.999999791123724835e-01
9.999999791123724835e-01
9.999999791123724835e-01
9.999999791123724835e-01
9.999999791123724835e-01
9.999999791123724835e-01
9.999999791123724835e-01
9.999999791123724835e-01
9.999999791123724835e-01
9.999999791123724835e-01
9.999999791123724835e-01
9.999999791123724835e-01
9.999999791123724835e-01
9.999999791123724835e-01
9.999999791123724835e-01
9.999999791123724835e-01
9.999999791123724835e-01
9.999999791123724835e-01
9.999999791123724835e-01
9.999999791123724835e-01
9.999999791123724835e-01
9.999999791123724835e-01
9.999999791123724835e-01
9.999999791123724835e-01
9.999999791123724835e-01
9.999999791123724835e-01
9.999999791123724835e-01
9.999999791123724835e-01
9.999999791123724835e-01
9.999999791123724835e-01
9.999999791123724835e-01
9.999999791123724835e-01
9.999999791123724835e-01
9.999999791123724835e-01
9.999999791123724835e-01
9.999999791123724835e-01
9.999999791123724835e-01
9.999999791123724835e-01
9.999999791123724835e-01
9.999999791123724835e-01
9.999999791123724835e-01
9.999999791123724835e-01
9.999999791123724835e-01
9.999999791123724835e-01
9.999999791123724835e-01
9.999999791123724835e-01
9.999999791123724835e-01
9.999999791123724835e-01
9.999999791123724835e-01
9.999999791123724835e-01
9.999999791123724835e-01
9.999999791123724835e-01
9.999999791123724835e-01
9.999999791123724835e-01
9.999999791123724835e-01
9.999999791123724835e-01
9.999999791123724835e-01
9.999999791123724835e-01
9.999999791123724835e-01
9.999999791123724835e-01
9.999999791123724835e-01
9.999999791123724835e-01
9.999999791123724835e-01
9.999999791123724835e-01
9.999999791123724835e-01
9.999999791123724835e-01
9.999999791123724835e-01
9.999999791123724835e-01
9.999999791123724835e-01
9.999999791123724835e-01
9.999999791123724835e-01
9.999999791123724835e-01
9.999999791123724835e-01
9.999999791123724835e-01
9.999999791123724835e-01
9.999999791123724835e-01
9.999999791123724835e-01
9.999999791123724835e-01
9.999999791123724835e-01
9.999999791123724835e-01
9.999999791123724835e-01
9.999999791123724835e-01
9.999999791123724835e-01
9.999999791123724835e-01
9.999999791123724835e-01
9.999999791123724835e-01
9.999999791123724835e-01
9.999999791123724835e-01
9.999999791123724835e-01
9.999999791123724835e-01
9.999999791123724835e-01
9.999999791123724835e-01
9.999999791123724835e-01
9.999999791123724835e-01
9.999999791123724835e-01
9.999999791123724835e-01
9.999999791123724835e-01
9.999999791123724835e-01
9.999999791123724835e-01
9.999999791123724835e-01
9.999999791123724835e-01
9.999999791123724835e-01
9.999999791123724835e-01
9.999999791123724835e-01
9.999999791123724835e-01
9.999999791123724835e-01
9.999999791123724835e-01
9.999999791123724835e-01
9.999999791123724835e-01
9.999999791123724835e-01
9.999999791123724835e-01
9.999999791123724835e-01
9.999999791123724835e-01
9.999999791123724835e-01
9.999999791123724835e-01
9.999999791123724835e-01
9.999999791123724835e-01
9.999999791123724835e-01
9.999999791123724835e-01
9.999999791123724835e-01
9.999999791123724835e-01
9.999999791123724835e-01
9.999999791123724835e-01
9.999999791123724835e-01
9.999999791123724835e-01
9.999999791123724835e-01
9.999999791123724835e-01
9.999999791123724835e-01
9.999999791123724835e-01
9.999999791123724835e-01
9.999999791123724835e-01
9.999999791123724835e-01
9.999999791123724835e-01
9.999999791123724835e-01
9.999999791123724835e-01
9.999999791123724835e-01
9.999999791123724835e-01
9.999999791123724835e-01
9.999999791123724835e-01
9.999999791123724835e-01
9.999999791123724835e-01
9.999999791123724835e-01
9.999999791123724835e-01
9.999999791123724835e-01
9.999999791123724835e-01
9.999999791123724835e-01
9.999999791123724835e-01
9.999999791123724835e-01
9.999999791123724835e-01
9.999999791123724835e-01
9.999999791123724835e-01
9.999999791123724835e-01
9.999999791123724835e-01
9.999999791123724835e-01
9.999999791123724835e-01
9.999999791123724835e-01
9.999999791123724835e-01
9.999999791123724835e-01
9.999999791123724835e-01
9.999999791123724835e-01
9.999999791123724835e-01
9.999999791123724835e-01
9.999999791123724835e-01
9.999999791123724835e-01
9.999999791123724835e-01
9.999999791123724835e-01
9.999999791123724835e-01
9.999999791123724835e-01
9.999999791123724835e-01
9.999999791123724835e-01
9.999999791123724835e-01
9.999999791123724835e-01
9.999999791123724835e-01
9.999999791123724835e-01
9.999999791123724835e-01
9.999999791123724835e-01
9.999999791123724835e-01
9.999999791123724835e-01
9.999999791123724835e-01
9.999999791123724835e-01
9.999999791123724835e-01
9.999999791123724835e-01
9.999999791123724835e-01
9.999999791123724835e-01
9.999999791123724835e-01
9.999999791123724835e-01
9.999999791123724835e-01
9.999999791123724835e-01
9.999999791123724835e-01
9.999999791123724835e-01
9.999999791123724835e-01
9.999999791123724835e-01
9.999999791123724835e-01
9.999999791123724835e-01
9.999999791130097515e-01
9.999999791130097515e-01
9.999999791130097515e-01
9.999999791130097515e-01
9.999999791130097515e-01
9.999999791130097515e-01
9.999999791130097515e-01
9.999999791130097515e-01
9.999999791130097515e-01
9.999999791130097515e-01
9.999999791130097515e-01
9.999999791136470195e-01
9.999999791136470195e-01
9.999999791136470195e-01
9.999999791136470195e-01
9.999999791136470195e-01
9.999999791136470195e-01
9.999999791136470195e-01
9.999999791136470195e-01
9.999999791136470195e-01
9.999999791136470195e-01
9.999999791136470195e-01
9.999999791136470195e-01
9.999999791136470195e-01
9.999999791136470195e-01
9.999999791136470195e-01
9.999999791136470195e-01
9.999999791136470195e-01
9.999999791136470195e-01
9.999999791136470195e-01
9.999999791136470195e-01
9.999999791136470195e-01
9.999999791136470195e-01
9.999999791136470195e-01
9.999999791136470195e-01
9.999999791136470195e-01
9.999999791136470195e-01
9.999999791136470195e-01
9.999999791136470195e-01
9.999999791136470195e-01
9.999999791136470195e-01
9.999999791136470195e-01
9.999999791136470195e-01
9.999999791136470195e-01
9.999999791136470195e-01
9.999999791136470195e-01
9.999999791136470195e-01
9.999999791136470195e-01
9.999999791136470195e-01
9.999999791136470195e-01
9.999999791136470195e-01
9.999999791136470195e-01
9.999999791136470195e-01
9.999999791136470195e-01
9.999999791136470195e-01
9.999999791136470195e-01
9.999999791136470195e-01
9.999999791136470195e-01
9.999999791136470195e-01
9.999999791136470195e-01
9.999999791136470195e-01
9.999999791136470195e-01
9.999999791136470195e-01
9.999999791136470195e-01
9.999999791136470195e-01
9.999999791136470195e-01
9.999999791136470195e-01
9.999999791136470195e-01
9.999999791136470195e-01
9.999999791136470195e-01
9.999999791136470195e-01
9.999999791136470195e-01
9.999999791136470195e-01
9.999999791136470195e-01
9.999999791136470195e-01
9.999999791136470195e-01
9.999999791136470195e-01
9.999999791136470195e-01
9.999999791136470195e-01
9.999999791136470195e-01
9.999999791136470195e-01
9.999999791136470195e-01
9.999999791136470195e-01
9.999999791136470195e-01
9.999999791136470195e-01
9.999999791136470195e-01
9.999999791136470195e-01
9.999999791136470195e-01
9.999999791136470195e-01
9.999999791136470195e-01
9.999999791136470195e-01
9.999999791136470195e-01
9.999999791136470195e-01
9.999999791136470195e-01
9.999999791136470195e-01
9.999999791136470195e-01
9.999999791136470195e-01
9.999999791136470195e-01
9.999999791136470195e-01
9.999999791136470195e-01
9.999999791136470195e-01
9.999999791136470195e-01
9.999999791136470195e-01
9.999999791136470195e-01
9.999999791136470195e-01
9.999999791136470195e-01
9.999999791136470195e-01
9.999999791136470195e-01
9.999999791136470195e-01
9.999999791136470195e-01
9.999999791136470195e-01
9.999999791136470195e-01
9.999999791136470195e-01
9.999999791136470195e-01
9.999999791136470195e-01
9.999999791136470195e-01
9.999999791136470195e-01
9.999999791136470195e-01
9.999999791136470195e-01
9.999999791136470195e-01
9.999999791136470195e-01
9.999999895510879311e-01
9.999999895510879311e-01
9.999999895523625781e-01
9.999999895523625781e-01
9.999999895523625781e-01
9.999999895523625781e-01
9.999999895523625781e-01
9.999999895536371142e-01
9.999999895536371142e-01
9.999999895536371142e-01
9.999999895536371142e-01
9.999999895536371142e-01
9.999999895536371142e-01
9.999999895536371142e-01
9.999999895536371142e-01
9.999999895536371142e-01
9.999999895536371142e-01
9.999999895536371142e-01
9.999999895536371142e-01
9.999999895536371142e-01
9.999999895536371142e-01
9.999999895536371142e-01
9.999999895536371142e-01
9.999999895536371142e-01
9.999999895536371142e-01
9.999999895536371142e-01
9.999999895536371142e-01
9.999999895536371142e-01
9.999999895536371142e-01
9.999999895536371142e-01
9.999999895536371142e-01
9.999999895536371142e-01
9.999999895539557482e-01
9.999999895539557482e-01
9.999999895541150652e-01
9.999999895542743822e-01
9.999999895542743822e-01
9.999999895542743822e-01
9.999999895542743822e-01
9.999999895542743822e-01
9.999999895542743822e-01
9.999999895542743822e-01
9.999999895542743822e-01
9.999999895542743822e-01
9.999999895542743822e-01
9.999999895542743822e-01
9.999999895542743822e-01
9.999999895542743822e-01
9.999999895542743822e-01
9.999999895542743822e-01
9.999999895542743822e-01
9.999999895542743822e-01
9.999999895542743822e-01
9.999999895542743822e-01
9.999999895542743822e-01
9.999999895542743822e-01
9.999999895542743822e-01
9.999999895542743822e-01
9.999999895542743822e-01
9.999999895542743822e-01
9.999999895542743822e-01
9.999999895543341122e-01
9.999999895543540962e-01
9.999999895543938422e-01
9.999999895543938422e-01
9.999999895543938422e-01
9.999999895544336992e-01
9.999999895544336992e-01
9.999999895544336992e-01
9.999999895544336992e-01
9.999999895544336992e-01
9.999999895544336992e-01
9.999999895544336992e-01
9.999999895544336992e-01
9.999999895545930162e-01
9.999999895545930162e-01
9.999999895545930162e-01
9.999999895545930162e-01
9.999999895545930162e-01
9.999999895545930162e-01
9.999999895545930162e-01
9.999999895545930162e-01
9.999999895545930162e-01
9.999999895549116502e-01
9.999999895549116502e-01
9.999999895549116502e-01
9.999999895549116502e-01
9.999999895549116502e-01
9.999999895549116502e-01
9.999999895549116502e-01
9.999999895549116502e-01
9.999999895549116502e-01
9.999999895549116502e-01
9.999999895549116502e-01
9.999999895549116502e-01
9.999999895549116502e-01
9.999999895549116502e-01
9.999999895549116502e-01
9.999999895549116502e-01
9.999999895549116502e-01
9.999999895549116502e-01
9.999999895549116502e-01
9.999999895549116502e-01
9.999999895549116502e-01
9.999999895549116502e-01
9.999999895549116502e-01
9.999999895549116502e-01
9.999999895549116502e-01
9.999999895549116502e-01
9.999999895549116502e-01
9.999999895549116502e-01
9.999999895549116502e-01
9.999999895549116502e-01
9.999999895549116502e-01
9.999999895549116502e-01
9.999999895549116502e-01
9.999999895549116502e-01
9.999999895549116502e-01
9.999999895549116502e-01
9.999999895549116502e-01
9.999999895549116502e-01
9.999999895549116502e-01
9.999999895549116502e-01
9.999999895549116502e-01
9.999999895549116502e-01
9.999999895549116502e-01
9.999999895549116502e-01
9.999999895549116502e-01
9.999999895555489182e-01
9.999999895555489182e-01
9.999999895555489182e-01
9.999999895555489182e-01
9.999999895561862973e-01
9.999999895561862973e-01
9.999999895561862973e-01
9.999999895561862973e-01
9.999999895561862973e-01
9.999999895561862973e-01
9.999999895561862973e-01
9.999999895561862973e-01
9.999999895561862973e-01
9.999999895574608333e-01
9.999999999949017448e-01
9.999999999949017448e-01
9.999999999949017448e-01
9.999999999949017448e-01
9.999999999949017448e-01
9.999999999949017448e-01
9.999999999949017448e-01
9.999999999949017448e-01
9.999999999949017448e-01
9.999999999949017448e-01
9.999999999961762809e-01
9.999999999961762809e-01
9.999999999961762809e-01
9.999999999961762809e-01
9.999999999961762809e-01
9.999999999961762809e-01
9.999999999961762809e-01
9.999999999961762809e-01
9.999999999961762809e-01
9.999999999961762809e-01
9.999999999961762809e-01
9.999999999961762809e-01
9.999999999961762809e-01
9.999999999961762809e-01
9.999999999961762809e-01
9.999999999961762809e-01
9.999999999961762809e-01
9.999999999961762809e-01
9.999999999961762809e-01
9.999999999961762809e-01
9.999999999961762809e-01
9.999999999961762809e-01
9.999999999961762809e-01
9.999999999961762809e-01
9.999999999961762809e-01
9.999999999961762809e-01
9.999999999961762809e-01
9.999999999961762809e-01
9.999999999961762809e-01
9.999999999961762809e-01
9.999999999961762809e-01
9.999999999961762809e-01
9.999999999961762809e-01
9.999999999961762809e-01
9.999999999968135489e-01
9.999999999968135489e-01
9.999999999968135489e-01
9.999999999968135489e-01
9.999999999968135489e-01
9.999999999968135489e-01
9.999999999968135489e-01
9.999999999968135489e-01
9.999999999968135489e-01
9.999999999968135489e-01
9.999999999968135489e-01
9.999999999968135489e-01
9.999999999968135489e-01
9.999999999968135489e-01
9.999999999968135489e-01
9.999999999968135489e-01
9.999999999968135489e-01
9.999999999968135489e-01
9.999999999968135489e-01
9.999999999968135489e-01
9.999999999968135489e-01
9.999999999968135489e-01
9.999999999968135489e-01
9.999999999968135489e-01
9.999999999968135489e-01
9.999999999968135489e-01
9.999999999968135489e-01
9.999999999969728659e-01
9.999999999969728659e-01
9.999999999969728659e-01
9.999999999970525799e-01
9.999999999971321829e-01
9.999999999971321829e-01
9.999999999971321829e-01
9.999999999971321829e-01
9.999999999971321829e-01
9.999999999971321829e-01
9.999999999971321829e-01
9.999999999971321829e-01
9.999999999971321829e-01
9.999999999971321829e-01
9.999999999971321829e-01
9.999999999971321829e-01
9.999999999971321829e-01
9.999999999971321829e-01
9.999999999971321829e-01
9.999999999971321829e-01
9.999999999971321829e-01
9.999999999971321829e-01
9.999999999971321829e-01
9.999999999971321829e-01
9.999999999971321829e-01
9.999999999971321829e-01
9.999999999971321829e-01
9.999999999971321829e-01
9.999999999971321829e-01
9.999999999971321829e-01
9.999999999971321829e-01
9.999999999971720399e-01
9.999999999972069009e-01
9.999999999972118969e-01
9.999999999972118969e-01
9.999999999972118969e-01
9.999999999972118969e-01
9.999999999972118969e-01
9.999999999972118969e-01
9.999999999972118969e-01
9.999999999972118969e-01
9.999999999972118969e-01
9.999999999972118969e-01
9.999999999972118969e-01
9.999999999972118969e-01
9.999999999972118969e-01
9.999999999972118969e-01
9.999999999972914999e-01
9.999999999972914999e-01
9.999999999972914999e-01
9.999999999972914999e-01
9.999999999972914999e-01
9.999999999972914999e-01
9.999999999972914999e-01
9.999999999974508169e-01
9.999999999974508169e-01
9.999999999974508169e-01
9.999999999974508169e-01
9.999999999974508169e-01
9.999999999974508169e-01
9.999999999974508169e-01
9.999999999974508169e-01
9.999999999974508169e-01
9.999999999974508169e-01
9.999999999974508169e-01
9.999999999974508169e-01
9.999999999974508169e-01
9.999999999974508169e-01
9.999999999974508169e-01
9.999999999974508169e-01
9.999999999974508169e-01
9.999999999974508169e-01
9.999999999974508169e-01
9.999999999974508169e-01
9.999999999974508169e-01
9.999999999974508169e-01
9.999999999974508169e-01
9.999999999974508169e-01
9.999999999974508169e-01
9.999999999974508169e-01
9.999999999974508169e-01
9.999999999974508169e-01
9.999999999974508169e-01
9.999999999974508169e-01
9.999999999974508169e-01
9.999999999974508169e-01
9.999999999974508169e-01
9.999999999974508169e-01
9.999999999974508169e-01
9.999999999974508169e-01
9.999999999974508169e-01
9.999999999974508169e-01
9.999999999974508169e-01
9.999999999974508169e-01
9.999999999974508169e-01
9.999999999974508169e-01
9.999999999974508169e-01
9.999999999974508169e-01
9.999999999974508169e-01
9.999999999974508169e-01
9.999999999974508169e-01
9.999999999974508169e-01
9.999999999974508169e-01
9.999999999974508169e-01
9.999999999974508169e-01
9.999999999974508169e-01
9.999999999974508169e-01
9.999999999974508169e-01
9.999999999974508169e-01
9.999999999974508169e-01
9.999999999974508169e-01
9.999999999974508169e-01
9.999999999974508169e-01
9.999999999974508169e-01
9.999999999974508169e-01
9.999999999974508169e-01
9.999999999974508169e-01
9.999999999974508169e-01
9.999999999974508169e-01
9.999999999974508169e-01
9.999999999974508169e-01
9.999999999974508169e-01
9.999999999974508169e-01
9.999999999974508169e-01
9.999999999974508169e-01
9.999999999974508169e-01
9.999999999974508169e-01
9.999999999974508169e-01
9.999999999974508169e-01
9.999999999974508169e-01
9.999999999974508169e-01
9.999999999974508169e-01
9.999999999974508169e-01
9.999999999974508169e-01
9.999999999974508169e-01
9.999999999974508169e-01
9.999999999974508169e-01
9.999999999974508169e-01
9.999999999974508169e-01
9.999999999974508169e-01
9.999999999974508169e-01
9.999999999974508169e-01
9.999999999974508169e-01
9.999999999974508169e-01
9.999999999974508169e-01
9.999999999974508169e-01
9.999999999974508169e-01
9.999999999974508169e-01
9.999999999974508169e-01
9.999999999974508169e-01
9.999999999974508169e-01
9.999999999974508169e-01
9.999999999974508169e-01
9.999999999974508169e-01
9.999999999974508169e-01
9.999999999974508169e-01
9.999999999974508169e-01
9.999999999974508169e-01
9.999999999974508169e-01
9.999999999974508169e-01
9.999999999974508169e-01
9.999999999974508169e-01
9.999999999974508169e-01
9.999999999974508169e-01
9.999999999974508169e-01
9.999999999974508169e-01
9.999999999974508169e-01
9.999999999974508169e-01
9.999999999974508169e-01
9.999999999974508169e-01
9.999999999974508169e-01
9.999999999974508169e-01
9.999999999974508169e-01
9.999999999974508169e-01
9.999999999974508169e-01
9.999999999974508169e-01
9.999999999974508169e-01
9.999999999977694509e-01
9.999999999977694509e-01
9.999999999977694509e-01
9.999999999980881960e-01
9.999999999980881960e-01
9.999999999980881960e-01
9.999999999980881960e-01
9.999999999980881960e-01
9.999999999987254640e-01
9.999999999987254640e-01
9.999999999987254640e-01
9.999999999987254640e-01
9.999999999987254640e-01
9.999999999987254640e-01
9.999999999987254640e-01
9.999999999987254640e-01
9.999999999987254640e-01
9.999999999987254640e-01
9.999999999987254640e-01
9.999999999987254640e-01
9.999999999987254640e-01
9.999999999987254640e-01
9.999999999987254640e-01
9.999999999987254640e-01
9.999999999987254640e-01
1.000000000000000000e+00
1.000000000000000000e+00
1.000000000000000000e+00
1.000000000000000000e+00
1.000000000000000000e+00
