0.000000000000000000e+00
0.000000000000000000e+00
9.283252650341066862e-08
9.283256262566285272e-08
1.860141655436697948e-07
1.860141745742328408e-07
2.795448177845838326e-07
2.795448358457099246e-07
3.734245825623463544e-07
3.734245915929094004e-07
4.676534959992095178e-07
4.676535230908986559e-07
5.622315851868624611e-07
5.622316032479885531e-07
6.571588591558682301e-07
6.571588591558682301e-07
7.524353449979159630e-07
7.524353449979159630e-07
8.480610968963840418e-07
8.480611059269470349e-07
9.440361238818353538e-07
9.440361329123984527e-07
1.040360480137648387e-06
1.040360489168211380e-06
1.137034165663822717e-06
1.137034165663822717e-06
1.234057252704863243e-06
1.234057261735426448e-06
1.331429732230206759e-06
1.331429732230206759e-06
1.429151649392668231e-06
1.429151676484357422e-06
1.527223049345063259e-06
1.527223049345063259e-06
1.625643923056828638e-06
1.625643959179080822e-06
1.724414360833594724e-06
1.724414369864157717e-06
1.823534371705924721e-06
1.823534371705924721e-06
1.923003964704381621e-06
1.923003973734944614e-06
2.022823157890091835e-06
2.022823184981780814e-06
2.122992050599248287e-06
2.122992050599248287e-06
2.223510633801287983e-06
2.223510651862414393e-06
2.324378934587900750e-06
2.324378934587900750e-06
2.425596989081338137e-06
2.425596998111901130e-06
2.527164833403852539e-06
2.527164851464978948e-06
2.629082503677696352e-06
2.629082521738822338e-06
2.731350017963995140e-06
2.731350036025121549e-06
2.833967430446127707e-06
2.833967466568380102e-06
2.936934795307472012e-06
2.936934795307472012e-06
3.040252058364650096e-06
3.040252058364650096e-06
3.143919346045544287e-06
3.143919346045544287e-06
3.247936622227902612e-06
3.247936622227902612e-06
3.352303977217355426e-06
3.352303995278481412e-06
3.457021374891650332e-06
3.457021401983339734e-06
3.562088950709233497e-06
3.562088959739796490e-06
3.667506677578415519e-06
3.667506677578415519e-06
3.773274546468633827e-06
3.773274546468633827e-06
3.879392656716080924e-06
3.879392674777206910e-06
3.985861026381884064e-06
3.985861044443010050e-06
4.092679691588293950e-06
4.092679709649419937e-06
4.199848670396438263e-06
4.199848670396438263e-06
4.307368007959131120e-06
4.307368035050820947e-06
4.415237731368063195e-06
4.415237749429189182e-06
4.523457903837173746e-06
4.523457921898299732e-06
4.632028480213648654e-06
4.632028525366463619e-06
4.740949641108748628e-06
4.740949641108748628e-06
4.850221278155717750e-06
4.850221296216843736e-06
4.959843499721311939e-06
4.959843508751874932e-06
5.069816287744404360e-06
5.069816305805531193e-06
5.180139768652879458e-06
5.180139777683442451e-06
5.290813870202231594e-06
5.290813870202231594e-06
5.401838709789780526e-06
5.401838736881470352e-06
5.513214242262712134e-06
5.513214296446090093e-06
5.624940630171159449e-06
5.624940657262848428e-06
5.737017792240056378e-06
5.737017819331745357e-06
5.849445800713906019e-06
5.849445818775032005e-06
5.962224709776088026e-06
5.962224727837214859e-06
6.075354546518291377e-06
6.075354546518291377e-06
6.188835310940515225e-06
6.188835338032205051e-06
6.302667093348391195e-06
6.302667111409517181e-06
6.416849893741917594e-06
6.416849911803044427e-06
6.531383784365600906e-06
6.531383802426726892e-06
6.646268765219439439e-06
6.646268774250002432e-06
6.761504890486811996e-06
6.761504899517374989e-06
6.877092205320534392e-06
6.877092214351097385e-06
6.993030718751168772e-06
6.993030736812294758e-06
7.109320457870404962e-06
7.109320484962093941e-06
7.225961558136687858e-06
7.225961558136687858e-06
7.342953929244387531e-06
7.342953956336077357e-06
7.460297679560261590e-06
7.460297733743639548e-06
7.577992845206560314e-06
7.577992863267686300e-06
7.696039444244410536e-06
7.696039453274974377e-06
7.814437548918317896e-06
7.814437548918317896e-06
7.933187114075464886e-06
7.933187141167154712e-06
8.052288284204861090e-06
8.052288293235424930e-06
8.171740987062004258e-06
8.171741023184256230e-06
8.291545394227588716e-06
8.291545421319278543e-06
8.411701433457112215e-06
8.411701433457112215e-06
8.532209167964516553e-06
8.532209176995078699e-06
8.653068679024867820e-06
8.653068697085993807e-06
8.774279966638166018e-06
8.774279975668729858e-06
8.895843066926664811e-06
8.895843103048916783e-06
9.017758016012614479e-06
9.017758043104304305e-06
9.140024922262772632e-06
9.140024922262772632e-06
9.262643731493761312e-06
9.262643749554887298e-06
9.385614534011210450e-06
9.385614552072336437e-06
9.508937356906809873e-06
9.508937365937372019e-06
9.632612227272247711e-06
9.632612236302809857e-06
9.756639217352027911e-06
9.756639226382591751e-06
9.881018336176716006e-06
9.881018345207278152e-06
1.000574961986856058e-05
1.000574963792968657e-05
1.013083314970263281e-05
1.013083315873319495e-05
1.025626894374005529e-05
1.025626895277061913e-05
1.038205701101139524e-05
1.038205702907252123e-05
1.050819743279171538e-05
1.050819745085284137e-05
1.063469024520327106e-05
1.063469026326439705e-05
1.076153547533775041e-05
1.076153548436831425e-05
1.088873315028684327e-05
1.088873315028684327e-05
1.101628335132561571e-05
1.101628337841730554e-05
1.114418607845406944e-05
1.114418610554575758e-05
1.127244139488614456e-05
1.127244142197783270e-05
1.140104937286634502e-05
1.140104938189690716e-05
1.153000999433354652e-05
1.153000999433354652e-05
1.165932331347112532e-05
1.165932332250168747e-05
1.178898940252358707e-05
1.178898942058471306e-05
1.191900825246036792e-05
1.191900828858261990e-05
1.204937998067878934e-05
1.204937998067878934e-05
1.218010456911772193e-05
1.218010460523997560e-05
1.231118209002167304e-05
1.231118209002167304e-05
1.244261252532951668e-05
1.244261257048233249e-05
1.257439601049969690e-05
1.257439603759138503e-05
1.270653253650164985e-05
1.270653255456277584e-05
1.283902213945763091e-05
1.283902214848819305e-05
1.297186487355101463e-05
1.297186489161214061e-05
1.310506079296518237e-05
1.310506080199574451e-05
1.323860991576125841e-05
1.323860992479182225e-05
1.337251230515318457e-05
1.337251233224487439e-05
1.350676799726321449e-05
1.350676800629377664e-05
1.364137703724416062e-05
1.364137705530528660e-05
1.377633945218771446e-05
1.377633947927940429e-05
1.391165531433837827e-05
1.391165532336894211e-05
1.404732466884896955e-05
1.404732466884896955e-05
1.418334750668892447e-05
1.418334750668892447e-05
1.431972394525556278e-05
1.431972394525556278e-05
1.445645396648775681e-05
1.445645396648775681e-05
1.459353764263001218e-05
1.459353764263001218e-05
1.473097500980458087e-05
1.473097502786570855e-05
1.486876610413371656e-05
1.486876613122540639e-05
1.500691102495361131e-05
1.500691103398417346e-05
1.514540976323370129e-05
1.514540977226426343e-05
1.528426237315736445e-05
1.528426238218792829e-05
1.542346887278573186e-05
1.542346887278573186e-05
1.556302936145498883e-05
1.556302937048555267e-05
1.570294386625683365e-05
1.570294386625683365e-05
1.584321240525238383e-05
1.584321240525238383e-05
1.598383505068615010e-05
1.598383505068615010e-05
1.612481184771094489e-05
1.612481185674150534e-05
1.626614280535732863e-05
1.626614280535732863e-05
1.640782803199206403e-05
1.640782805908375217e-05
1.654986750955402002e-05
1.654986753664571155e-05
1.669226135544051975e-05
1.669226135544051975e-05
1.683500952449874739e-05
1.683500954255987169e-05
1.697811216121770746e-05
1.697811217024827130e-05
1.712156919335289939e-05
1.712156922947515137e-05
1.726538081054614690e-05
1.726538081957671074e-05
1.740954695861407370e-05
1.740954698570576183e-05
1.755406769174005268e-05
1.755406769174005268e-05
1.769894310022971886e-05
1.769894310022971886e-05
1.784417319311363268e-05
1.784417321117475697e-05
1.798975800651404612e-05
1.798975803360573425e-05
1.813569766685884616e-05
1.813569767588941000e-05
1.828199211996464976e-05
1.828199214705633789e-05
1.842864146516765239e-05
1.842864149225934052e-05
1.857564577471235799e-05
1.857564578374292183e-05
1.872300502150707843e-05
1.872300503053763888e-05
1.887071932294913008e-05
1.887071933197969392e-05
1.901878867903851632e-05
1.901878868806908016e-05
1.916721317105030494e-05
1.916721318911143262e-05
1.931599285316787222e-05
1.931599286219843606e-05
1.946512770733009384e-05
1.946512770733009384e-05
1.961461787802597771e-05
1.961461788705653816e-05
1.976446332913326846e-05
1.976446332913326846e-05
1.991466415095760110e-05
1.991466415998816494e-05
2.006522041574347959e-05
2.006522043380460388e-05
2.021613206930752426e-05
2.021613208736864855e-05
2.036739929226099498e-05
2.036739931032211927e-05
2.051902208460389175e-05
2.051902210266501943e-05
2.067100043730565412e-05
2.067100044633621796e-05
2.082333448582472614e-05
2.082333448582472614e-05
2.097602422113054735e-05
2.097602422113054735e-05
2.112906971546761831e-05
2.112906972449818215e-05
2.128247103204988251e-05
2.128247103204988251e-05
2.143622816184677612e-05
2.143622816184677612e-05
2.159034122225561889e-05
2.159034123128617934e-05
2.174481021327641082e-05
2.174481023133753512e-05
2.189963525230646829e-05
2.189963526133703213e-05
2.205481631225410992e-05
2.205481633934579805e-05
2.221035348342496058e-05
2.221035349245552442e-05
2.236624680194127223e-05
2.236624681097183607e-05
2.252249634004755221e-05
2.252249636713924035e-05
2.267910211580492481e-05
2.267910213386605249e-05
2.283606421951902166e-05
2.283606422854958550e-05
2.299338266022040320e-05
2.299338266925096704e-05
2.315105752821470107e-05
2.315105753724526491e-05
2.330908884156304294e-05
2.330908885962417062e-05
2.346747668154049659e-05
2.346747668154049659e-05
2.362622105717762248e-05
2.362622106620818294e-05
2.378532203168836072e-05
2.378532204974948840e-05
2.394477968634778247e-05
2.394477974053116213e-05
2.410459408436983124e-05
2.410459412049208321e-05
2.426476522575450023e-05
2.426476524381562452e-05
2.442529318274629679e-05
2.442529321886854877e-05
2.458617804565085255e-05
2.458617808177310452e-05
2.474741978737647597e-05
2.474741979640703981e-05
2.490901852532049021e-05
2.490901852532049021e-05
2.507097430463570769e-05
2.507097430463570769e-05
2.523328711629156795e-05
2.523328711629156795e-05
2.539595708671594783e-05
2.539595713186876364e-05
2.555898424300054561e-05
2.555898428815335803e-05
2.572236866642041891e-05
2.572236869351210705e-05
2.588611034794501068e-05
2.588611036600613836e-05
2.605020936884938870e-05
2.605020938691051638e-05
2.621466581943918120e-05
2.621466581943918120e-05
2.637947969971438819e-05
2.637947971777551587e-05
2.654465108191951699e-05
2.654465109095007744e-05
2.671018002926850432e-05
2.671018005636019245e-05
2.687606659594472984e-05
2.687606660497529368e-05
2.704231080903988507e-05
2.704231081807044891e-05
2.720891273176791010e-05
2.720891275885959824e-05
2.737587245443443319e-05
2.737587247249556087e-05
2.754319000413114923e-05
2.754319001316170968e-05
2.771086539891917574e-05
2.771086541698030342e-05
2.787889878328753078e-05
2.787889881940978275e-05
2.804729012111395559e-05
2.804729013917507988e-05
2.821603952076520610e-05
2.821603953882633378e-05
2.838514701836354105e-05
2.838514701836354105e-05
2.855461265003120903e-05
2.855461265003120903e-05
2.872443654219609025e-05
2.872443654219609025e-05
2.889461862261368414e-05
2.889461864970537227e-05
2.906515908995637487e-05
2.906515908995637487e-05
2.923605789004078616e-05
2.923605790810191046e-05
2.940731514929479824e-05
2.940731515832536208e-05
2.957893088577954216e-05
2.957893088577954216e-05
2.975090517173951509e-05
2.975090517173951509e-05
2.992323803426641195e-05
2.992323804329697579e-05
3.009592957269642481e-05
3.009592957269642481e-05
3.026897979606011751e-05
3.026897980509068135e-05
3.044238882175480642e-05
3.044238882175480642e-05
3.061615663171936725e-05
3.061615663171936725e-05
3.079028335238168698e-05
3.079028335238168698e-05
3.096476899277232267e-05
3.096476900180288651e-05
3.113961361610521444e-05
3.113961363416634212e-05
3.131481729462487300e-05
3.131481732171656452e-05
3.149038011863692320e-05
3.149038011863692320e-05
3.166630202492743171e-05
3.166630205201911646e-05
3.184258323926046066e-05
3.184258324829102450e-05
3.201922367133039197e-05
3.201922370745264733e-05
3.219622345659566969e-05
3.219622346562623353e-05
3.237358264020910625e-05
3.237358264020910625e-05
3.255130126732351406e-05
3.255130129441520558e-05
3.272937942824453154e-05
3.272937943727509538e-05
3.290781709588046038e-05
3.290781712297215190e-05
3.308661444181200677e-05
3.308661444181200677e-05
3.326577144797804303e-05
3.326577145700860009e-05
3.344528820468419401e-05
3.344528823177587875e-05
3.362516474805271507e-05
3.362516477514439981e-05
3.380540115935867399e-05
3.380540116838923783e-05
3.398599748375488321e-05
3.398599751084657473e-05
3.416695375736360484e-05
3.416695379348585343e-05
3.434827012467383324e-05
3.434827014273496092e-05
3.452994654053276276e-05
3.452994654956332660e-05
3.471198311330715269e-05
3.471198313136828037e-05
3.489437991524150021e-05
3.489437992427206405e-05
3.507713696439693300e-05
3.507713696439693300e-05
3.526025435107907590e-05
3.526025435107907590e-05
3.544373212947131874e-05
3.544373214753244642e-05
3.562757037181816546e-05
3.562757038084872252e-05
3.581176909618073018e-05
3.581176909618073018e-05
3.599632840189521515e-05
3.599632841092577899e-05
3.618124836120612431e-05
3.618124838829781583e-05
3.636652895605232998e-05
3.636652896508289382e-05
3.655217034898396774e-05
3.655217035801453158e-05
3.673817254000103758e-05
3.673817254903160142e-05
3.692453560134804344e-05
3.692453561037860050e-05
3.711125956914723391e-05
3.711125959623892543e-05
3.729834457885705982e-05
3.729834458788762366e-05
3.748579059435527258e-05
3.748579061241639348e-05
3.767359776013087330e-05
3.767359778722255805e-05
3.786176609424498967e-05
3.786176613036723826e-05
3.805029562378930643e-05
3.805029568700325331e-05
3.823918652034453654e-05
3.823918655646678513e-05
3.842843872972729019e-05
3.842843876584953877e-05
3.861805240545713910e-05
3.861805243254882384e-05
3.880802752044239175e-05
3.880802753850351943e-05
3.899836422820263343e-05
3.899836422820263343e-05
3.918906251067672290e-05
3.918906251970728674e-05
3.938012247623141947e-05
3.938012248526198331e-05
3.957154417905011295e-05
3.957154417905011295e-05
3.976332765525504516e-05
3.976332765525504516e-05
3.995547300418241155e-05
3.995547301321296862e-05
4.014798026195446072e-05
4.014798027098502456e-05
4.034084950984626722e-05
4.034084951887683106e-05
4.053408082913289207e-05
4.053408084719401975e-05
4.072767422884490587e-05
4.072767423787546971e-05
4.092162982637961822e-05
4.092162984444074590e-05
4.111594762173704267e-05
4.111594763076760651e-05
4.131062775940617357e-05
4.131062776843673741e-05
4.150567023938701768e-05
4.150567024841758152e-05
4.170107513392407896e-05
4.170107514295464280e-05
4.189684255138411670e-05
4.189684258750637206e-05
4.209297250982825181e-05
4.209297251885881565e-05
4.228946506343986733e-05
4.228946508150099501e-05
4.248632033864684348e-05
4.248632034767740732e-05
4.268353835351030792e-05
4.268353838963256328e-05
4.288111914415250925e-05
4.288111918027476461e-05
4.307906285506246213e-05
4.307906288215414687e-05
4.327736948624015978e-05
4.327736952236240837e-05
4.347603916411348242e-05
4.347603916411348242e-05
4.367507188868244359e-05
4.367507189771300743e-05
4.387446771413041279e-05
4.387446771413041279e-05
4.407422678494639790e-05
4.407422678494639790e-05
4.427434910113039893e-05
4.427434913725264751e-05
4.447483475298804749e-05
4.447483477104917517e-05
4.467568382179441816e-05
4.467568383082498200e-05
4.487689633464118889e-05
4.487689635270230979e-05
4.507847237280342747e-05
4.507847238183399131e-05
4.528041205367846383e-05
4.528041205367846383e-05
4.548271534114403582e-05
4.548271535920516350e-05
4.568538237968915812e-05
4.568538238871972196e-05
4.588841320543608608e-05
4.588841321446664314e-05
4.609180789965987393e-05
4.609180792675156546e-05
4.629556652557447534e-05
4.629556654363560302e-05
4.649968913736325979e-05
4.649968916445495131e-05
4.670417580727073800e-05
4.670417583436242952e-05
4.690902661657197776e-05
4.690902662560254160e-05
4.711424163751148301e-05
4.711424166460316776e-05
4.731982087911981082e-05
4.731982090621149556e-05
4.752576449491653968e-05
4.752576451297766059e-05
4.773207247587109899e-05
4.773207250296279051e-05
4.793874493938081867e-05
4.793874494841138251e-05
4.814578194865963204e-05
4.814578196672075972e-05
4.835318353079923063e-05
4.835318353982979447e-05
4.856094980319693757e-05
4.856094980319693757e-05
4.876908081100556530e-05
4.876908082003612237e-05
4.897757659937792624e-05
4.897757661743904715e-05
4.918643727668077969e-05
4.918643730377246444e-05
4.939566291515862961e-05
4.939566293321975051e-05
4.960525354190316072e-05
4.960525355093372456e-05
4.981520926528113912e-05
4.981520929237283064e-05
5.002553013044537723e-05
5.002553013044537723e-05
5.023621620060980837e-05
5.023621621867093605e-05
5.044726761123289016e-05
5.044726761123289016e-05
5.065868430813123276e-05
5.065868431716179660e-05
5.087046647191610622e-05
5.087046647191610622e-05
5.108261411161806758e-05
5.108261412064863142e-05
5.129512732657331910e-05
5.129512732657331910e-05
5.150800618902635116e-05
5.150800621611804268e-05
5.172125073509942591e-05
5.172125074412998975e-05
5.193486106412873880e-05
5.193486108218986648e-05
5.214883722126709549e-05
5.214883723029765933e-05
5.236317934197294680e-05
5.236317935100351064e-05
5.257788739915460798e-05
5.257788740818517182e-05
5.279296154633164400e-05
5.279296154633164400e-05
5.300840181962631020e-05
5.300840182865687404e-05
5.322420825516085518e-05
5.322420828225254670e-05
5.344038099742430038e-05
5.344038101548542128e-05
5.365692005544718930e-05
5.365692006447775314e-05
5.387382551953516713e-05
5.387382554662685865e-05
5.409109752514667114e-05
5.409109752514667114e-05
5.430873602712889568e-05
5.430873604519001658e-05
5.452674115190971418e-05
5.452674116997083509e-05
5.474511301688644979e-05
5.474511302591701363e-05
5.496385161302853867e-05
5.496385164012022341e-05
5.518295706676386102e-05
5.518295711191668022e-05
5.540242945033692758e-05
5.540242945033692758e-05
5.562226877277830217e-05
5.562226879986998691e-05
5.584247522372979834e-05
5.584247523276036218e-05
5.606304873997748276e-05
5.606304878513030196e-05
5.628398949310205483e-05
5.628398952019374635e-05
5.650529752825632698e-05
5.650529752825632698e-05
5.672697289059311165e-05
5.672697289059311165e-05
5.694901568847916812e-05
5.694901568847916812e-05
5.717142595803674499e-05
5.717142598512843651e-05
5.739420385278542076e-05
5.739420387987711228e-05
5.761734933660294007e-05
5.761734934563350391e-05
5.784086255397831081e-05
5.784086255397831081e-05
5.806474354103378834e-05
5.806474355909490925e-05
5.828899243322780994e-05
5.828899246935006530e-05
5.851360923056038915e-05
5.851360924862151005e-05
5.873859405042883557e-05
5.873859405945939263e-05
5.896394693798596163e-05
5.896394697410821699e-05
5.918966801062909723e-05
5.918966802869022491e-05
5.941575731351104805e-05
5.941575734963330341e-05
5.964221491887633156e-05
5.964221493693745246e-05
5.986904089896943817e-05
5.986904091703056585e-05
6.009623538021825485e-05
6.009623538021825485e-05
6.032379835359222455e-05
6.032379836262278161e-05
6.055172992745809301e-05
6.055172993648865685e-05
6.078003021018262632e-05
6.078003021921319016e-05
6.100869925594919397e-05
6.100869925594919397e-05
6.123773710991062193e-05
6.123773712797174961e-05
6.146714390752535426e-05
6.146714391655591810e-05
6.169691964879337061e-05
6.169691967588506213e-05
6.192706447820371955e-05
6.192706449626483368e-05
6.215757844090917961e-05
6.215757844993974345e-05
6.238846164527651688e-05
6.238846166333764456e-05
6.261971410033630875e-05
6.261971411839743643e-05
6.285133592348585803e-05
6.285133595057754955e-05
6.308332721406136696e-05
6.308332722309193080e-05
6.331568804430733272e-05
6.331568805333789656e-05
6.354841843228488298e-05
6.354841843228488298e-05
6.378151848636078383e-05
6.378151850442191151e-05
6.401498830587122396e-05
6.401498833296291548e-05
6.424882798112182820e-05
6.424882799015239204e-05
6.448303752114317396e-05
6.448303753017373781e-05
6.471761707945481942e-05
6.471761708848538326e-05
6.495256666508732841e-05
6.495256670120957022e-05
6.518788641349914498e-05
6.518788644059083650e-05
6.542357637887365217e-05
6.542357637887365217e-05
6.565963663345536071e-05
6.565963664248592455e-05
6.589606724045819037e-05
6.589606726754988189e-05
6.613286833534061230e-05
6.613286834437117614e-05
6.637003993616374063e-05
6.637003994519430447e-05
6.660758213323321377e-05
6.660758215129434145e-05
6.684549506200746221e-05
6.684549508006858989e-05
6.708377869539480798e-05
6.708377870442537182e-05
6.732243323206764201e-05
6.732243324109820585e-05
6.756145867202595075e-05
6.756145867202595075e-05
6.780085510557537260e-05
6.780085510557537260e-05
6.804062260496040473e-05
6.804062261399096857e-05
6.828076129660895445e-05
6.828076131467006858e-05
6.852127121664323647e-05
6.852127121664323647e-05
6.876215245536891629e-05
6.876215247343003042e-05
6.900340511212215550e-05
6.900340512115271934e-05
6.924502922302523656e-05
6.924502923205580040e-05
6.948702489644488489e-05
6.948702492353657641e-05
6.972939223171732985e-05
6.972939224074789369e-05
6.997213127399534997e-05
6.997213130108704150e-05
7.021524213164573845e-05
7.021524215873742997e-05
7.045872484982127382e-05
7.045872485885183766e-05
7.070257957301099108e-05
7.070257959107211876e-05
7.094680627412319870e-05
7.094680630121489022e-05
7.119140516086083792e-05
7.119140517892196560e-05
7.143637625128503640e-05
7.143637626031560024e-05
7.168171959957916363e-05
7.168171961764029131e-05
7.192743533217112694e-05
7.192743535023225462e-05
7.217352350324428224e-05
7.217352353033597376e-05
7.241998424825708716e-05
7.241998425728765100e-05
7.266681754914840045e-05
7.266681757624009197e-05
7.291402358652951247e-05
7.291402360459064015e-05
7.316160238749207408e-05
7.316160241458376560e-05
7.340955406040287846e-05
7.340955407846400614e-05
7.365787868653697308e-05
7.365787870459810077e-05
7.390657632910829127e-05
7.390657634716941895e-05
7.415564706036135729e-05
7.415564706036135729e-05
7.440509103381574287e-05
7.440509104284630671e-05
7.465490822237974295e-05
7.465490822237974295e-05
7.490509879763405693e-05
7.490509880666462077e-05
7.515566284085375937e-05
7.515566284085375937e-05
7.540660033397772260e-05
7.540660034300828644e-05
7.565791150277002906e-05
7.565791152986172058e-05
7.590959634723067875e-05
7.590959635626124259e-05
7.616165495766528298e-05
7.616165498475697450e-05
7.641408744244062136e-05
7.641408744244062136e-05
7.666689384670948601e-05
7.666689386477061369e-05
7.692007429689978423e-05
7.692007431496091191e-05
7.717362886525601319e-05
7.717362887428657703e-05
7.742755761499209267e-05
7.742755764208378419e-05
7.768186064544425201e-05
7.768186067253594353e-05
7.793653804691808896e-05
7.793653805594865280e-05
7.819158991874981931e-05
7.819158992778038315e-05
7.844701629706168488e-05
7.844701630609224872e-05
7.870281732634270709e-05
7.870281734440382122e-05
7.895899301562342269e-05
7.895899304271511421e-05
7.921554353648455819e-05
7.921554356357624971e-05
7.947246889795665033e-05
7.947246894310946953e-05
7.972976927162042562e-05
7.972976932580379511e-05
7.998744464844529311e-05
7.998744467553698463e-05
8.024549520904254317e-05
8.024549520904254317e-05
8.050392097147327636e-05
8.050392098953439049e-05
8.076272201701256725e-05
8.076272202604313109e-05
8.102189846305773221e-05
8.102189850821055141e-05
8.128145038185329550e-05
8.128145042700610115e-05
8.154137789982711024e-05
8.154137791788823792e-05
8.180168106213200918e-05
8.180168106213200918e-05
8.206235995004306687e-05
8.206235998616532223e-05
8.232341467192702230e-05
8.232341472611040534e-05
8.258484530002839974e-05
8.258484532712007770e-05
8.284665194271392460e-05
8.284665195174448844e-05
8.310883469028926241e-05
8.310883469931982625e-05
8.337139358790720525e-05
8.337139361499889677e-05
8.363432873490395537e-05
8.363432877102621073e-05
8.389764026673795681e-05
8.389764030286021217e-05
8.416132824662315645e-05
8.416132825565370674e-05
8.442539272874291024e-05
8.442539273777347408e-05
8.468983383952513903e-05
8.468983383952513903e-05
8.495465166927544057e-05
8.495465166927544057e-05
8.521984626314664762e-05
8.521984629023832559e-05
8.548541777465831835e-05
8.548541777465831835e-05
8.575136619477990248e-05
8.575136622187159400e-05
8.601769175830603273e-05
8.601769176733659657e-05
8.628439442911445376e-05
8.628439443814501760e-05
8.655147435169418700e-05
8.655147435169418700e-05
8.681893156216747426e-05
8.681893157119803810e-05
8.708676623211501495e-05
8.708676625017612908e-05
8.735497840668961472e-05
8.735497841572017856e-05
8.762356816716636168e-05
8.762356818522748936e-05
8.789253563094257221e-05
8.789253564900369989e-05
8.816188087026272991e-05
8.816188087929329375e-05
8.843160394834079523e-05
8.843160394834079523e-05
8.870170501869633988e-05
8.870170502772690372e-05
8.897218412648216952e-05
8.897218412648216952e-05
8.924304138909560052e-05
8.924304139812616436e-05
8.951427683362833795e-05
8.951427683362833795e-05
8.978589064972219535e-05
8.978589066778332303e-05
9.005788286446886424e-05
9.005788287349942808e-05
9.033025356817396946e-05
9.033025357720453330e-05
9.060300287823484094e-05
9.060300290532653246e-05
9.087613083980429789e-05
9.087613088495710353e-05
9.114963766961583179e-05
9.114963767864639563e-05
9.142352329542495905e-05
9.142352331348608673e-05
9.169778792493460731e-05
9.169778792493460731e-05
9.197243154911423986e-05
9.197243156717536754e-05
9.224745438469736175e-05
9.224745438469736175e-05
9.252285641362283173e-05
9.252285644974508709e-05
9.279863779844079895e-05
9.279863780747136279e-05
9.307479859333464643e-05
9.307479861139577411e-05
9.335133894279336851e-05
9.335133894279336851e-05
9.362825882875583752e-05
9.362825883778640136e-05
9.390555846795558561e-05
9.390555846795558561e-05
9.418323789651485459e-05
9.418323791457598227e-05
9.446129720473926932e-05
9.446129721376983316e-05
9.473973651905672356e-05
9.473973652808728740e-05
9.501855588462002295e-05
9.501855589365058679e-05
9.529775541882648385e-05
9.529775541882648385e-05
9.557733522101232208e-05
9.557733523004287236e-05
9.585729542663595456e-05
9.585729542663595456e-05
9.613763600860570334e-05
9.613763601763626718e-05
9.641835718365510057e-05
9.641835719268566441e-05
9.669945898790636095e-05
9.669945899693692479e-05
9.698094150263458617e-05
9.698094151166515001e-05
9.726280490845102590e-05
9.726280492651215358e-05
9.754504917826397508e-05
9.754504917826397508e-05
9.782767451977641558e-05
9.782767453783752971e-05
9.811068091492719263e-05
9.811068092395775647e-05
9.839406859851095250e-05
9.839406859851095250e-05
9.867783751634432571e-05
9.867783753440545339e-05
9.896198788516081732e-05
9.896198790322194500e-05
9.924651970496042733e-05
9.924651971399099117e-05
9.953143317441554667e-05
9.953143319247667435e-05
9.981672828449562505e-05
9.981672831158730302e-05
1.001024052248424489e-04
1.001024052338730127e-04
1.003884640135171866e-04
1.003884640225477504e-04
1.006749047950088188e-04
1.006749048040393827e-04
1.009617276415618700e-04
1.009617276505924338e-04
1.012489326705736428e-04
1.012489326796041931e-04
1.015365199542886344e-04
1.015365199813803260e-04
1.018244896371958800e-04
1.018244896552570076e-04
1.021128417463870573e-04
1.021128417644481850e-04
1.024015764263511743e-04
1.024015764263511743e-04
1.026906937764244198e-04
1.026906937854549836e-04
1.029801938688513043e-04
1.029801938959429958e-04
1.032700768300597082e-04
1.032700768481208359e-04
1.035603427232635783e-04
1.035603427503552562e-04
1.038509916568296535e-04
1.038509916929519089e-04
1.041420237662163916e-04
1.041420237933080831e-04
1.044334391056071890e-04
1.044334391688211223e-04
1.047252378104604627e-04
1.047252378375521407e-04
1.050174199620512874e-04
1.050174199620512874e-04
1.053099856235936097e-04
1.053099856416547374e-04
1.056029349215153101e-04
1.056029349576375655e-04
1.058962679912748325e-04
1.058962680183665240e-04
1.061899848960861238e-04
1.061899849141472515e-04
1.064840857172242585e-04
1.064840857443159500e-04
1.067785705991782175e-04
1.067785706082087814e-04
1.070734396051619747e-04
1.070734396141925386e-04
1.073686928616033833e-04
1.073686928706339472e-04
1.076643304497775313e-04
1.076643304588080952e-04
1.079603524599900437e-04
1.079603524599900437e-04
1.082567590006076864e-04
1.082567590367299282e-04
1.085535502341805679e-04
1.085535502432111317e-04
1.088507261426475877e-04
1.088507261697392792e-04
1.091482869246811232e-04
1.091482869517728147e-04
1.094462326705867992e-04
1.094462326886479268e-04
1.097445634074563207e-04
1.097445634074563207e-04
1.100432793159009239e-04
1.100432793159009239e-04
1.103423804501040190e-04
1.103423804681651467e-04
1.106418669455240230e-04
1.106418669545545868e-04
1.109417388744054600e-04
1.109417388834360238e-04
1.112419963812373244e-04
1.112419963902678882e-04
1.115426394931113077e-04
1.115426395021418716e-04
1.118436683725775591e-04
1.118436684086998145e-04
1.121450831280028176e-04
1.121450831550945091e-04
1.124468838316315937e-04
1.124468838406621576e-04
1.127490705647389623e-04
1.127490705828000899e-04
1.130516434989056089e-04
1.130516435259973005e-04
1.133546026612232389e-04
1.133546026883149304e-04
1.136579482232725379e-04
1.136579482413336656e-04
1.139616802663285670e-04
1.139616802753591309e-04
1.142657988355441591e-04
1.142657988445747093e-04
1.145703041295916778e-04
1.145703041657139331e-04
1.148751961665322779e-04
1.148751961665322779e-04
1.151804751089160680e-04
1.151804751269771957e-04
1.154861410199570085e-04
1.154861410289875724e-04
1.157921940441440937e-04
1.157921940712357853e-04
1.160986342356607202e-04
1.160986342446912841e-04
1.164054617751181378e-04
1.164054617751181378e-04
1.167126766715468965e-04
1.167126766805774604e-04
1.170202791055582734e-04
1.170202791145888373e-04
1.173282691313356515e-04
1.173282691584273430e-04
1.176366468753069108e-04
1.176366469114291526e-04
1.179454124638999182e-04
1.179454124819610459e-04
1.182545659783897481e-04
1.182545660054814396e-04
1.185641075181126028e-04
1.185641075361737305e-04
1.188740372004657987e-04
1.188740372185269264e-04
1.191843551247855244e-04
1.191843551247855244e-04
1.194950613994385461e-04
1.194950614265302241e-04
1.198061561147304750e-04
1.198061561418221666e-04
1.201176393880586547e-04
1.201176394693337157e-04
1.204295113548815155e-04
1.204295114180954488e-04
1.207417721416269377e-04
1.207417721506575016e-04
1.210544217482949350e-04
1.210544217482949350e-04
1.213674603554967568e-04
1.213674603645273207e-04
1.216808880445074780e-04
1.216808880535380418e-04
1.219947049417549785e-04
1.219947049598161062e-04
1.223089111556060246e-04
1.223089111736671522e-04
1.226235067853967777e-04
1.226235068034579054e-04
1.229384919394940312e-04
1.229384919394940312e-04
1.232538667172339601e-04
1.232538667443256516e-04
1.235696312540749949e-04
1.235696312631055587e-04
1.238857855861394451e-04
1.238857856132311367e-04
1.242023299301607618e-04
1.242023299482218894e-04
1.245192642951695357e-04
1.245192643132306634e-04
1.248365888708075804e-04
1.248365888708075804e-04
1.251543036751360236e-04
1.251543036841665875e-04
1.254724088977967060e-04
1.254724089248883975e-04
1.257909046200646750e-04
1.257909046290952388e-04
1.261097909593372876e-04
1.261097909593372876e-04
1.264290679788284094e-04
1.264290679788284094e-04
1.267487358230271160e-04
1.267487358320576799e-04
1.270687946364224019e-04
1.270687946454529657e-04
1.273892444551365222e-04
1.273892444912587776e-04
1.277100854417195720e-04
1.277100854507501359e-04
1.280313176684161162e-04
1.280313176955078078e-04
1.283529413248679413e-04
1.283529413338985051e-04
1.286749564020444833e-04
1.286749564201056109e-04
1.289973630986181467e-04
1.289973631076487106e-04
1.293201614868334153e-04
1.293201615229556706e-04
1.296433517111793103e-04
1.296433517202098741e-04
1.299669338258392149e-04
1.299669338439003426e-04
1.302909080023938149e-04
1.302909080023938149e-04
1.306152743040570844e-04
1.306152743221181849e-04
1.309400328933790910e-04
1.309400329024096549e-04
1.312651838064821444e-04
1.312651838245432721e-04
1.315907272059163666e-04
1.315907272420386220e-04
1.319166632452013429e-04
1.319166632542319068e-04
1.322429919423981468e-04
1.322429919694898383e-04
1.325697134600569815e-04
1.325697134781181092e-04
1.328968279426668143e-04
1.328968279426668143e-04
1.332243354173193368e-04
1.332243354353804645e-04
1.335522360646257986e-04
1.335522360826869263e-04
1.338805299568307375e-04
1.338805299748918652e-04
1.342092172474537118e-04
1.342092172564842757e-04
1.345382980177697960e-04
1.345382980358309237e-04
1.348677723942068296e-04
1.348677724212985212e-04
1.351976404851316330e-04
1.351976405122233245e-04
1.355279024079414818e-04
1.355279024169720457e-04
1.358585582890642969e-04
1.358585583161559614e-04
1.361896081917139711e-04
1.361896082007445349e-04
1.365210523055323448e-04
1.365210523145629086e-04
1.368528906576111368e-04
1.368528906666417006e-04
1.371851234375921335e-04
1.371851234646838250e-04
1.375177507267504094e-04
1.375177507538421010e-04
1.378507726334527578e-04
1.378507726605444493e-04
1.381841893021881458e-04
1.381841893202492735e-04
1.385180008142316481e-04
1.385180008142316481e-04
1.388522073140722860e-04
1.388522073231028499e-04
1.391868088649239794e-04
1.391868088649239794e-04
1.395218056383674683e-04
1.395218056473980321e-04
1.398571977337389007e-04
1.398571977337389007e-04
1.401929852413439422e-04
1.401929852413439422e-04
1.405291683237326877e-04
1.405291683417938154e-04
1.408657470531496749e-04
1.408657470621802387e-04
1.412027215560227706e-04
1.412027215650533344e-04
1.415400919768409962e-04
1.415400919858715600e-04
1.418778583878488623e-04
1.418778583968794262e-04
1.422160209335353363e-04
1.422160209515964640e-04
1.425545797403283391e-04
1.425545797493589029e-04
1.428935348985335089e-04
1.428935348985335089e-04
1.432328865165175577e-04
1.432328865345786854e-04
1.435726347748917894e-04
1.435726347839223532e-04
1.439127797097784593e-04
1.439127797278395599e-04
1.442533214837276353e-04
1.442533214927581992e-04
1.445942602141367286e-04
1.445942602231672924e-04
1.449355960003418601e-04
1.449355960274335516e-04
1.452773289778015145e-04
1.452773290139237699e-04
1.456194592458518941e-04
1.456194592639130218e-04
1.459619869670430938e-04
1.459619869670430938e-04
1.463049121774973689e-04
1.463049121865279327e-04
1.466482351029788425e-04
1.466482351120094064e-04
1.469919557525180514e-04
1.469919557796097430e-04
1.473360743067262453e-04
1.473360743338179098e-04
1.476805908920312909e-04
1.476805909281535462e-04
1.480255056077694445e-04
1.480255056438916999e-04
1.483708185713379548e-04
1.483708185803685187e-04
1.487165299181953337e-04
1.487165299272258975e-04
1.490626397296165742e-04
1.490626397386471381e-04
1.494091481771824437e-04
1.494091481771824437e-04
1.497560553421679896e-04
1.497560553511985534e-04
1.501033613780927429e-04
1.501033613871233068e-04
1.504510663481707048e-04
1.504510663572012686e-04
1.507991704330130978e-04
1.507991704601047893e-04
1.511476737590478157e-04
1.511476737590478157e-04
1.514965763353054223e-04
1.514965763443359861e-04
1.518458784597944973e-04
1.518458784597944973e-04
1.521955800783316576e-04
1.521955800873622214e-04
1.525456814798949190e-04
1.525456814798949190e-04
1.528961826103009255e-04
1.528961826193314894e-04
1.532470837585276659e-04
1.532470837585276659e-04
1.535983849065140395e-04
1.535983849155446034e-04
1.539500862709935244e-04
1.539500862890546521e-04
1.543021879061495577e-04
1.543021879151801215e-04
1.546546900106544626e-04
1.546546900106544626e-04
1.550075926567527770e-04
1.550075926657833408e-04
1.553608959437806759e-04
1.553608959889334951e-04
1.557146000613800001e-04
1.557146000794411278e-04
1.560687050727646965e-04
1.560687050817952603e-04
1.564232111675765784e-04
1.564232111675765784e-04
1.567781183548462099e-04
1.567781183819379014e-04
1.571334268783987874e-04
1.571334268783987874e-04
1.574891367653260025e-04
1.574891368195093855e-04
1.578452482594530789e-04
1.578452482955753342e-04
1.582017613788411171e-04
1.582017614059328086e-04
1.585586762589485477e-04
1.585586762860402392e-04
1.589159930894172383e-04
1.589159931074783660e-04
1.592737119153999812e-04
1.592737119153999812e-04
1.596318329084774621e-04
1.596318329265385898e-04
1.599903561860470380e-04
1.599903561950776019e-04
1.603492818293837294e-04
1.603492818384142933e-04
1.607086100461905317e-04
1.607086100642516593e-04
1.610683409087119012e-04
1.610683409358035928e-04
1.614284745524063229e-04
1.614284745704674506e-04
1.617890110946711266e-04
1.617890110946711266e-04
1.621499506709646885e-04
1.621499506709646885e-04
1.625112934077149838e-04
1.625112934077149838e-04
1.628730394132886972e-04
1.628730394132886972e-04
1.632351888502359778e-04
1.632351888502359778e-04
1.635977417908013635e-04
1.635977417998319273e-04
1.639606984155960769e-04
1.639606984155960769e-04
1.643240588239563472e-04
1.643240588510480387e-04
1.646878231513405780e-04
1.646878231513405780e-04
1.650519915151461262e-04
1.650519915332072539e-04
1.654165640327702946e-04
1.654165640508314223e-04
1.657815408667632053e-04
1.657815408938548968e-04
1.661469221254916514e-04
1.661469221435527791e-04
1.665127079263529087e-04
1.665127079715057279e-04
1.668788984228665895e-04
1.668788984318971534e-04
1.672454937143688690e-04
1.672454937143688690e-04
1.676124939363181777e-04
1.676124939363181777e-04
1.679798992332035641e-04
1.679798992512646918e-04
1.683477097224223039e-04
1.683477097314528678e-04
1.687159255033105995e-04
1.687159255304022910e-04
1.690845467655103184e-04
1.690845467835714461e-04
1.694535736083576088e-04
1.694535736264187094e-04
1.698230061402192096e-04
1.698230061492497734e-04
1.701928445146147603e-04
1.701928445236453242e-04
1.705630888670026373e-04
1.705630888850637650e-04
1.709337392605968415e-04
1.709337392967190969e-04
1.713047959753447979e-04
1.713047959753447979e-04
1.716762589751242240e-04
1.716762589751242240e-04
1.720481284676381422e-04
1.720481284947298337e-04
1.724204045883449290e-04
1.724204046064060566e-04
1.727930874546419412e-04
1.727930874727030689e-04
1.731661772019876095e-04
1.731661772381098648e-04
1.735396739387487270e-04
1.735396739477792908e-04
1.739135778274753614e-04
1.739135778455364891e-04
1.742878890126565885e-04
1.742878890126565885e-04
1.746626075575063010e-04
1.746626075665368648e-04
1.750377336516663394e-04
1.750377336516663394e-04
1.754132673944729061e-04
1.754132673944729061e-04
1.757892089755678144e-04
1.757892089936289421e-04
1.761655584130121922e-04
1.761655584310733199e-04
1.765423159686923637e-04
1.765423159957840553e-04
1.769194816877611752e-04
1.769194817148528668e-04
1.772970557598604131e-04
1.772970557688909770e-04
1.776750382662651521e-04
1.776750382662651521e-04
1.780534293875866687e-04
1.780534293966172326e-04
1.784322291960694468e-04
1.784322292141305745e-04
1.788114378994164547e-04
1.788114379084470185e-04
1.791910555518110482e-04
1.791910555608416120e-04
1.795710823699867866e-04
1.795710823699867866e-04
1.799515183900658711e-04
1.799515184171575626e-04
1.803323638558735253e-04
1.803323638558735253e-04
1.807136188215931053e-04
1.807136188215931053e-04
1.810952834588053510e-04
1.810952834678359149e-04
1.814773578578158738e-04
1.814773578668464377e-04
1.818598422172970511e-04
1.818598422353581788e-04
1.822427366185239573e-04
1.822427366275545212e-04
1.826260412421078694e-04
1.826260412421078694e-04
1.830097561693238076e-04
1.830097561693238076e-04
1.833938815898136397e-04
1.833938815898136397e-04
1.837784175938830041e-04
1.837784175938830041e-04
1.841633643350514319e-04
1.841633643621431234e-04
1.845487219668385354e-04
1.845487219939301999e-04
1.849344905795498989e-04
1.849344905885804628e-04
1.853206703718579540e-04
1.853206703899190817e-04
1.857072614340682848e-04
1.857072614430988486e-04
1.860942639106699670e-04
1.860942639197005308e-04
1.864816779461519406e-04
1.864816779551825045e-04
1.868695036850032544e-04
1.868695037030643821e-04
1.872577412265601104e-04
1.872577412355906472e-04
1.876463907604642952e-04
1.876463907785253958e-04
1.880354523860520110e-04
1.880354523950825748e-04
1.884249262387817153e-04
1.884249262478122791e-04
1.888148125173258127e-04
1.888148125263563765e-04
1.892051112397454037e-04
1.892051112578065314e-04
1.895958226679268126e-04
1.895958226859879403e-04
1.899869468831451140e-04
1.899869468921756778e-04
1.903784840298893292e-04
1.903784840389198931e-04
1.907704342345873251e-04
1.907704342345873251e-04
1.911627976326975590e-04
1.911627976417281229e-04
1.915555744048312809e-04
1.915555744138618447e-04
1.919487646774163843e-04
1.919487646954775120e-04
1.923423685407585077e-04
1.923423685497890716e-04
1.927363861754688738e-04
1.927363861844994376e-04
1.931308176989448395e-04
1.931308177170059672e-04
1.935256633008282184e-04
1.935256633188893460e-04
1.939209230533635211e-04
1.939209230804552126e-04
1.943165971642536619e-04
1.943165971913453534e-04
1.947126857238043332e-04
1.947126857328348971e-04
1.951091888765044754e-04
1.951091888855350392e-04
1.955061067758737006e-04
1.955061068119959560e-04
1.959034395754315943e-04
1.959034395934927219e-04
1.963011874016060230e-04
1.963011874016060230e-04
1.966993503808248534e-04
1.966993503898554173e-04
1.970979286846687715e-04
1.970979287117604630e-04
1.974969223944129059e-04
1.974969224215045974e-04
1.978963317809740905e-04
1.978963317900046543e-04
1.982961568443523525e-04
1.982961568443523525e-04
1.986963977741895053e-04
1.986963977832200692e-04
1.990970547510968259e-04
1.990970547601273897e-04
1.994981278834410531e-04
1.994981279105327446e-04
1.998996173157111813e-04
1.998996173247417451e-04
2.003015231562740037e-04
2.003015231923962591e-04
2.007038456489547169e-04
2.007038456670158445e-04
2.011065848389061129e-04
2.011065848479366767e-04
2.015097409338311601e-04
2.015097409428617239e-04
2.019133140150049059e-04
2.019133140150049059e-04
2.023173042540080634e-04
2.023173042630386272e-04
2.027217118314519092e-04
2.027217118495130369e-04
2.031265368195809271e-04
2.031265368195809271e-04
2.035317794351286221e-04
2.035317794531897497e-04
2.039374397503395048e-04
2.039374397954923240e-04
2.043435180090387990e-04
2.043435180180693629e-04
2.047500142383181692e-04
2.047500142563792968e-04
2.051569286820028389e-04
2.051569286910334027e-04
2.055642614394289833e-04
2.055642614394289833e-04
2.059720126099328047e-04
2.059720126189633685e-04
2.063801824463700634e-04
2.063801824554006273e-04
2.067887710029241155e-04
2.067887710209852432e-04
2.071977784872979563e-04
2.071977784963285202e-04
2.076072049717360695e-04
2.076072049807666333e-04
2.080170507000636787e-04
2.080170507181247793e-04
2.084273157354946766e-04
2.084273157535558043e-04
2.088380002405792123e-04
2.088380002586403400e-04
2.092491044320508452e-04
2.092491044410814090e-04
2.096606283460317763e-04
2.096606283640929040e-04
2.100725722444083570e-04
2.100725722534389208e-04
2.104849361362111241e-04
2.104849361633028156e-04
2.108977202923570198e-04
2.108977203375098390e-04
2.113109248212127560e-04
2.113109248483044475e-04
2.117245498762979181e-04
2.117245498853284819e-04
2.121385955659792720e-04
2.121385955930709635e-04
2.125530620798986314e-04
2.125530620979597591e-04
2.129679495535144267e-04
2.129679495535144267e-04
2.133832581403462703e-04
2.133832581584073980e-04
2.137989879668220018e-04
2.137989879758525657e-04
2.142151392045223612e-04
2.142151392135529251e-04
2.146317120159974435e-04
2.146317120250280073e-04
2.150487065096140418e-04
2.150487065186446056e-04
2.154661228659833787e-04
2.154661228750139425e-04
2.158839612205639389e-04
2.158839612295945028e-04
2.163022217359058174e-04
2.163022217359058174e-04
2.167209045384369350e-04
2.167209045384369350e-04
2.171400098087685143e-04
2.171400098268296420e-04
2.175595376733284762e-04
2.175595376823590400e-04
2.179794883127280432e-04
2.179794883217586071e-04
2.183998618263034448e-04
2.183998618533951363e-04
2.188206584036964943e-04
2.188206584127270582e-04
2.192418781803656225e-04
2.192418782074573140e-04
2.196635213459526698e-04
2.196635213640137974e-04
2.200855879997938385e-04
2.200855880088244023e-04
2.205080782954086597e-04
2.205080783315309151e-04
2.209309924405001289e-04
2.209309924946835119e-04
2.213543305163432934e-04
2.213543305614960855e-04
2.217780927396716584e-04
2.217780927577327860e-04
2.222022792369131175e-04
2.222022792459436814e-04
2.226268901435261014e-04
2.226268901525566652e-04
2.230519256130301952e-04
2.230519256220607591e-04
2.234773858079755482e-04
2.234773858170061120e-04
2.239032709089734099e-04
2.239032709180039738e-04
2.243295810153599556e-04
2.243295810334210833e-04
2.247563163258075897e-04
2.247563163348381536e-04
2.251834769757747698e-04
2.251834769757747698e-04
2.256110631007198994e-04
2.256110631187810270e-04
2.260390749173765376e-04
2.260390749264071014e-04
2.264675124799280404e-04
2.264675124889586042e-04
2.268963760592913230e-04
2.268963760683218869e-04
2.273256657277108420e-04
2.273256657457719697e-04
2.277553816387062097e-04
2.277553816657979012e-04
2.281855239999803673e-04
2.281855240090109311e-04
2.286160929379611815e-04
2.286160929469917454e-04
2.290470885971376738e-04
2.290470886061682376e-04
2.294785111400599932e-04
2.294785111671516847e-04
2.299103607563699261e-04
2.299103607744310538e-04
2.303426375363731382e-04
2.303426375454037021e-04
2.307753416877725706e-04
2.307753417148642621e-04
2.312084733640877815e-04
2.312084733821489092e-04
2.316420327007772556e-04
2.316420327007772556e-04
2.320760198513604968e-04
2.320760198694216245e-04
2.325104350054794000e-04
2.325104350145099639e-04
2.329452782985923687e-04
2.329452782985923687e-04
2.333805498751884242e-04
2.333805499022800886e-04
2.338162498797565609e-04
2.338162498978176886e-04
2.342523785561220024e-04
2.342523785561220024e-04
2.346889359584681048e-04
2.346889359855597963e-04
2.351259222944978363e-04
2.351259223035284001e-04
2.355633377538530375e-04
2.355633377628836014e-04
2.360011824178087289e-04
2.360011824358698566e-04
2.364394565030984697e-04
2.364394565030984697e-04
2.368781601361500994e-04
2.368781601361500994e-04
2.373172935066054858e-04
2.373172935156360496e-04
2.377568567408924955e-04
2.377568567499230593e-04
2.381968500196223512e-04
2.381968500376834789e-04
2.386372734872841284e-04
2.386372735234063838e-04
2.390781273425501504e-04
2.390781273515807143e-04
2.395194117028178013e-04
2.395194117208789290e-04
2.399611267396677128e-04
2.399611267577288405e-04
2.404032726246806248e-04
2.404032726427417525e-04
2.408458495023455589e-04
2.408458495023455589e-04
2.412888575532737105e-04
2.412888575623042744e-04
2.417322969038930276e-04
2.417322969129235915e-04
2.421761677348147599e-04
2.421761677528758876e-04
2.426204702447112577e-04
2.426204702627723854e-04
2.430652045238881865e-04
2.430652045238881865e-04
2.435103707981096152e-04
2.435103708071401790e-04
2.439559691667117459e-04
2.439559691938034374e-04
2.444019998644892115e-04
2.444019999096420036e-04
2.448484629636864685e-04
2.448484629998087239e-04
2.452953587623122049e-04
2.452953587713427417e-04
2.457426872964885677e-04
2.457426873055191044e-04
2.461904487377962968e-04
2.461904487739185522e-04
2.466386433119994613e-04
2.466386433481217166e-04
2.470872711726176192e-04
2.470872711816482102e-04
2.475363324822009740e-04
2.475363325002621017e-04
2.479858273039633912e-04
2.479858273310550556e-04
2.484357559539746322e-04
2.484357559720357599e-04
2.488861185135096904e-04
2.488861185135096904e-04
2.493369151722104335e-04
2.493369151902715612e-04
2.497881460384436818e-04
2.497881460565048095e-04
2.502398113470039867e-04
2.502398113560345234e-04
2.506919112604414973e-04
2.506919112694720340e-04
2.511444458871229797e-04
2.511444459232452350e-04
2.515974154076597107e-04
2.515974154437819661e-04
2.520508200749074237e-04
2.520508200929685513e-04
2.525046599249883739e-04
2.525046599340189648e-04
2.529589352107584031e-04
2.529589352197889399e-04
2.534136460676758335e-04
2.534136460767064244e-04
2.538687926492603315e-04
2.538687926673214592e-04
2.543243751632148384e-04
2.543243751632148384e-04
2.547803937179060662e-04
2.547803937269366029e-04
2.552368485661898022e-04
2.552368485752203389e-04
2.556937397261271742e-04
2.556937397622494296e-04
2.561510675589406816e-04
2.561510675860323460e-04
2.566088320917220430e-04
2.566088321097831706e-04
2.570670335592659182e-04
2.570670335773269917e-04
2.575256720609084282e-04
2.575256720699389650e-04
2.579847478404748238e-04
2.579847478765970792e-04
2.584442610334235354e-04
2.584442610514846631e-04
2.589042118023047664e-04
2.589042118113353032e-04
2.593646003186990943e-04
2.593646003277296852e-04
2.598254267541873132e-04
2.598254267632179042e-04
2.602866912893806459e-04
2.602866912984111826e-04
2.607483940777986504e-04
2.607483940868292414e-04
2.612105352819914759e-04
2.612105352910220669e-04
2.616731151006315269e-04
2.616731151186926546e-04
2.621361336691772339e-04
2.621361336872383616e-04
2.625995911772704646e-04
2.625995911863010014e-04
2.630634878235835151e-04
2.630634878416446428e-04
2.635278236984220780e-04
2.635278237164832057e-04
2.639925990456112957e-04
2.639925990546418866e-04
2.644578140367319623e-04
2.644578140457625533e-04
2.649234687711201990e-04
2.649234688072424544e-04
2.653895634926012564e-04
2.653895635016317932e-04
2.658560983546946386e-04
2.658560983637252295e-04
2.663230734747977567e-04
2.663230735018894211e-04
2.667904891418885452e-04
2.667904891509190819e-04
2.672583453920893137e-04
2.672583454101504414e-04
2.677266425143779967e-04
2.677266425414697153e-04
2.681953806171214687e-04
2.681953806351825963e-04
2.686645598628697703e-04
2.686645598899614889e-04
2.691341804683564879e-04
2.691341804864176156e-04
2.696042425509788702e-04
2.696042425690399979e-04
2.700747463726232956e-04
2.700747463726232956e-04
2.705456920416564760e-04
2.705456920416564760e-04
2.710170797115980237e-04
2.710170797206286146e-04
2.714889095991814710e-04
2.714889096082120077e-04
2.719611818669568585e-04
2.719611818850179862e-04
2.724338967045661082e-04
2.724338967135966991e-04
2.729070542564981873e-04
2.729070542745593150e-04
2.733806547123949094e-04
2.733806547214255003e-04
2.738546982438370145e-04
2.738546982618981422e-04
2.743291850404663162e-04
2.743291850675579806e-04
2.748041152738634461e-04
2.748041152828940370e-04
2.752794890975480708e-04
2.752794890975480708e-04
2.757553067011619496e-04
2.757553067101924864e-04
2.762315682653163594e-04
2.762315682653163594e-04
2.767082739525614492e-04
2.767082739615919860e-04
2.771854239615695694e-04
2.771854239615695694e-04
2.776630184729520509e-04
2.776630184729520509e-04
2.781410575950755515e-04
2.781410576311978068e-04
2.786195416169181681e-04
2.786195416169181681e-04
2.790984705926632839e-04
2.790984706197549483e-04
2.795778448022582965e-04
2.795778448293499609e-04
2.800576643811616907e-04
2.800576644082533552e-04
2.805379295190152801e-04
2.805379295190152801e-04
2.810186403603080318e-04
2.810186403693386227e-04
2.814997970946818678e-04
2.814997971127429954e-04
2.819813999840230581e-04
2.819814000020841858e-04
2.824634490554232672e-04
2.824634490734843949e-04
2.829459446249522024e-04
2.829459446339827934e-04
2.834288867829155563e-04
2.834288867919461472e-04
2.839122757550773435e-04
2.839122757641079344e-04
2.843961116768961030e-04
2.843961117039877674e-04
2.848803948192885874e-04
2.848803948192885874e-04
2.853651252725604892e-04
2.853651252815910802e-04
2.858503032082925486e-04
2.858503032353842672e-04
2.863359288883710898e-04
2.863359289064322175e-04
2.868220024392238981e-04
2.868220024482544890e-04
2.873085240504928955e-04
2.873085240504928955e-04
2.877954939118198955e-04
2.877954939118198955e-04
2.882829121586632745e-04
2.882829121767244021e-04
2.887707790709705927e-04
2.887707790980622571e-04
2.892590947119557158e-04
2.892590947300168434e-04
2.897478593525355589e-04
2.897478593796272233e-04
2.902370731552602169e-04
2.902370731552602169e-04
2.907267362736493024e-04
2.907267362826798933e-04
2.912168488973446829e-04
2.912168488973446829e-04
2.917074112430797822e-04
2.917074112430797822e-04
2.921984234372825484e-04
2.921984234372825484e-04
2.926898857328087146e-04
2.926898857418392514e-04
2.931817982560861206e-04
2.931817982651167115e-04
2.936741612057872791e-04
2.936741612238484068e-04
2.941669747805844321e-04
2.941669747805844321e-04
2.946602391520584279e-04
2.946602391610889647e-04
2.951539544917897899e-04
2.951539545188815086e-04
2.956481210255427496e-04
2.956481210436038773e-04
2.961427388978062742e-04
2.961427389068368109e-04
2.966378082982221230e-04
2.966378083253137874e-04
2.971333294525544191e-04
2.971333294525544191e-04
2.976293024601393378e-04
2.976293024782004654e-04
2.981257276099549759e-04
2.981257276460772313e-04
2.986226050284291190e-04
2.986226050374596558e-04
2.991199348961730438e-04
2.991199349142341715e-04
2.996177174118591548e-04
2.996177174389508735e-04
3.001159527831904475e-04
3.001159527922209842e-04
3.006146411817474991e-04
3.006146411907780901e-04
3.011137827700805674e-04
3.011137827971722860e-04
3.016133777739537212e-04
3.016133777829842579e-04
3.021134263559170012e-04
3.021134263559170012e-04
3.026139286785206107e-04
3.026139287146428661e-04
3.031148850036508198e-04
3.031148850036508198e-04
3.036162954848272951e-04
3.036162954938578860e-04
3.041181602575084128e-04
3.041181602755695405e-04
3.046204795835805515e-04
3.046204795926111424e-04
3.051232536165632151e-04
3.051232536346243428e-04
3.056264825370677346e-04
3.056264825731899899e-04
3.061301665618275879e-04
3.061301665889192523e-04
3.066343058714539977e-04
3.066343058804845887e-04
3.071389006646194227e-04
3.071389006646194227e-04
3.076439510677517024e-04
3.076439510677517024e-04
3.081494573788594164e-04
3.081494573878900073e-04
3.086554196792176664e-04
3.086554196972787940e-04
3.091618382216821856e-04
3.091618382487739043e-04
3.096687131868642510e-04
3.096687132049253787e-04
3.101760447914973947e-04
3.101760448185890591e-04
3.106838331258871466e-04
3.106838331620094019e-04
3.111920785241645043e-04
3.111920785241645043e-04
3.117007811037266624e-04
3.117007811037266624e-04
3.122099410271237697e-04
3.122099410451848974e-04
3.127195585110893587e-04
3.127195585201199496e-04
3.132296337723569613e-04
3.132296337904180890e-04
3.137401669915378544e-04
3.137401670005683912e-04
3.142511583492432065e-04
3.142511583492432065e-04
3.147626080531760670e-04
3.147626080622066579e-04
3.152745162658865310e-04
3.152745162749171219e-04
3.157868832041081306e-04
3.157868832221692582e-04
3.162997090665132160e-04
3.162997090845743437e-04
3.168129940427436009e-04
3.168129940608047286e-04
3.173267383134106162e-04
3.173267383314717438e-04
3.178409421133088133e-04
3.178409421223394042e-04
3.183556055688661944e-04
3.183556055959578589e-04
3.188707289329383845e-04
3.188707289509995122e-04
3.193863123590450501e-04
3.193863123861367145e-04
3.199023560729502601e-04
3.199023561090725155e-04
3.204188602642957739e-04
3.204188602823569015e-04
3.209358251317540500e-04
3.209358251588457145e-04
3.214532508649669022e-04
3.214532508649669022e-04
3.219711376355149620e-04
3.219711376355149620e-04
3.224894856872235344e-04
3.224894856872235344e-04
3.230082951645815324e-04
3.230082951645815324e-04
3.235275662933530792e-04
3.235275663023836701e-04
3.240472993083328345e-04
3.240472993173634255e-04
3.245674942998264369e-04
3.245674942998264369e-04
3.250881515748729484e-04
3.250881515839034851e-04
3.256092712689308537e-04
3.256092712779614447e-04
3.261308536258254037e-04
3.261308536348559405e-04
3.266528987629538469e-04
3.266528987810149746e-04
3.271754069873553539e-04
3.271754069963859449e-04
3.276983784164272818e-04
3.276983784254578727e-04
3.282218132669031084e-04
3.282218132669031084e-04
3.287457117735774394e-04
3.287457117826080304e-04
3.292700740809393505e-04
3.292700740899699415e-04
3.297949003786306552e-04
3.297949003966917829e-04
3.303201909827210066e-04
3.303201909917515976e-04
3.308459459473938420e-04
3.308459459564243787e-04
3.313721655616271499e-04
3.313721655887188144e-04
3.318988500240932808e-04
3.318988500331238717e-04
3.324259994792813102e-04
3.324259994883119011e-04
3.329536141619858980e-04
3.329536141890775624e-04
3.334816942799098769e-04
3.334816942889404679e-04
3.340102400226951690e-04
3.340102400407562967e-04
3.345392515980447155e-04
3.345392515980447155e-04
3.350687292317225310e-04
3.350687292407531219e-04
3.355986730411260268e-04
3.355986730591871544e-04
3.361290833423248017e-04
3.361290833423248017e-04
3.366599602346551936e-04
3.366599602707774489e-04
3.371913039890339549e-04
3.371913040070950826e-04
3.377231148041334903e-04
3.377231148131640812e-04
3.382553928425040572e-04
3.382553928515345939e-04
3.387881383479706895e-04
3.387881383750624082e-04
3.393213514740531082e-04
3.393213514921142359e-04
3.398550325006986566e-04
3.398550325097291934e-04
3.403891815723964105e-04
3.403891815814269473e-04
3.409237988787881292e-04
3.409237988787881292e-04
3.414588846998213730e-04
3.414588847178825007e-04
3.419944391528933363e-04
3.419944391799850550e-04
3.425304625269821163e-04
3.425304625450432440e-04
3.430669549485156067e-04
3.430669549575461434e-04
3.436039166884106684e-04
3.436039166974412052e-04
3.441413479272785242e-04
3.441413479272785242e-04
3.446792488547610416e-04
3.446792488637916325e-04
3.452176196514694976e-04
3.452176196605000885e-04
3.457564606425041361e-04
3.457564606515347271e-04
3.462957718820483402e-04
3.462957718820483402e-04
3.468355536681106896e-04
3.468355536771412805e-04
3.473758062083941254e-04
3.473758062354858440e-04
3.479165296744793877e-04
3.479165296744793877e-04
3.484577243101916189e-04
3.484577243101916189e-04
3.489993902509893036e-04
3.489993902780809680e-04
3.495415278129421492e-04
3.495415278219726860e-04
3.500841371134474043e-04
3.500841371224779953e-04
3.506272184234220926e-04
3.506272184324526293e-04
3.511707718873551269e-04
3.511707719144467913e-04
3.517147977851939594e-04
3.517147978032550870e-04
3.522592962704582022e-04
3.522592962704582022e-04
3.528042675960036431e-04
3.528042676140647708e-04
3.533497119243803226e-04
3.533497119334108594e-04
3.538956294903829549e-04
3.538956295084440826e-04
3.544420205288061456e-04
3.544420205378367365e-04
3.549888851841389702e-04
3.549888852022000979e-04
3.555362237453593634e-04
3.555362237453593634e-04
3.560840363930786018e-04
3.560840363930786018e-04
3.566323232988774256e-04
3.566323233079079624e-04
3.571810847156115681e-04
3.571810847246421048e-04
3.577303208419534337e-04
3.577303208600145614e-04
3.582800319307587558e-04
3.582800319307587558e-04
3.588302180813637094e-04
3.588302180903943004e-04
3.593808796730520302e-04
3.593808797091742856e-04
3.599320167419459192e-04
3.599320167600070469e-04
3.604836296673290036e-04
3.604836296673290036e-04
3.610357185214458481e-04
3.610357185304764391e-04
3.615882836023049784e-04
3.615882836293966970e-04
3.621413250995482620e-04
3.621413250995482620e-04
3.626948431847563307e-04
3.626948432118479951e-04
3.632488381739989460e-04
3.632488381830294827e-04
3.638033101937039474e-04
3.638033102117650751e-04
3.643582594967271766e-04
3.643582595147883043e-04
3.649136862456186744e-04
3.649136862636798021e-04
3.654695907474176655e-04
3.654695907564482565e-04
3.660259731466131172e-04
3.660259731646742449e-04
3.665828336779996892e-04
3.665828336779996892e-04
3.671401725221886043e-04
3.671401725402497320e-04
3.676979900042801606e-04
3.676979900042801606e-04
3.682562862326411242e-04
3.682562862507022519e-04
3.688150614240049731e-04
3.688150614420661008e-04
3.693743158583191592e-04
3.693743158854108778e-04
3.699340497432867321e-04
3.699340497432867321e-04
3.704942632324271417e-04
3.704942632595188061e-04
3.710549566418101493e-04
3.710549566508406861e-04
3.716161300707719302e-04
3.716161300978635946e-04
3.721777838624738561e-04
3.721777838715044470e-04
3.727399181072216738e-04
3.727399181433439291e-04
3.733025331662377742e-04
3.733025331842989018e-04
3.738656291207972590e-04
3.738656291298278500e-04
3.744292062869698898e-04
3.744292063140615542e-04
3.749932648363362982e-04
3.749932648543974258e-04
3.755578049946606072e-04
3.755578050036911439e-04
3.761228269967373684e-04
3.761228270057679593e-04
3.766883310593002222e-04
3.766883310683308132e-04
3.772543173629603914e-04
3.772543173629603914e-04
3.778207861966958103e-04
3.778207862057264012e-04
3.783877377230567365e-04
3.783877377501484009e-04
3.789551722039293858e-04
3.789551722129599226e-04
3.795230898289556260e-04
3.795230898560473447e-04
3.800914908329301712e-04
3.800914908600218356e-04
3.806603754777392371e-04
3.806603754958003106e-04
3.812297438807801808e-04
3.812297438898107176e-04
3.817995963761838373e-04
3.817995963942449650e-04
3.823699331265003557e-04
3.823699331265003557e-04
3.829407543665243416e-04
3.829407543755549326e-04
3.835120603310505092e-04
3.835120603310505092e-04
3.840838511826288990e-04
3.840838512187511543e-04
3.846561272734515279e-04
3.846561272824821189e-04
3.852288886938240345e-04
3.852288887209156989e-04
3.858021357327244072e-04
3.858021357507855349e-04
3.863758686068861242e-04
3.863758686430083795e-04
3.869500875601344903e-04
3.869500875781956180e-04
3.875247927730806740e-04
3.875247927730806740e-04
3.880999844985804628e-04
3.880999844985804628e-04
3.886756629533673888e-04
3.886756629533673888e-04
3.892518283722360578e-04
3.892518283902971854e-04
3.898284809538589283e-04
3.898284809628894650e-04
3.904056209872139348e-04
3.904056210052750625e-04
3.909832485987290254e-04
3.909832486258206898e-04
3.915613641225349807e-04
3.915613641496266451e-04
3.921399677121513590e-04
3.921399677482736144e-04
3.927190596384951297e-04
3.927190596475257207e-04
3.932986401002386430e-04
3.932986401002386430e-04
3.938787093412070956e-04
3.938787093412070956e-04
3.944592675691034286e-04
3.944592675871645563e-04
3.950403150187223019e-04
3.950403150277528386e-04
3.956218519248583211e-04
3.956218519248583211e-04
3.962038785403672737e-04
3.962038785493978105e-04
3.967863950458604366e-04
3.967863950458604366e-04
3.973694017303157984e-04
3.973694017303157984e-04
3.979528987291917896e-04
3.979528987562835083e-04
3.985368863585581718e-04
3.985368863946804271e-04
3.991213648441790138e-04
3.991213648441790138e-04
3.997063343666655381e-04
3.997063343937572568e-04
4.002917951698429957e-04
4.002917951879041234e-04
4.008777475426893210e-04
4.008777475697810396e-04
4.014641915935713342e-04
4.014641916387241805e-04
4.020511277288643811e-04
4.020511277469255088e-04
4.026385560298435091e-04
4.026385560298435091e-04
4.032264767854867610e-04
4.032264768035478887e-04
4.038148901944664873e-04
4.038148902125276150e-04
4.044037965638218042e-04
4.044037965818829319e-04
4.049931960561029150e-04
4.049931960922251704e-04
4.055830889422266808e-04
4.055830889512572176e-04
4.061734754028043784e-04
4.061734754298960428e-04
4.067643557539056608e-04
4.067643557809973252e-04
4.073557301671112680e-04
4.073557301761418590e-04
4.079475988952769878e-04
4.079475989223687064e-04
4.085399621731974256e-04
4.085399622002891442e-04
4.091328202356672413e-04
4.091328202446978322e-04
4.097261733174810405e-04
4.097261733265116315e-04
4.103200216263418187e-04
4.103200216353723555e-04
4.109143654421969737e-04
4.109143654783192290e-04
4.115092049817800916e-04
4.115092050088717561e-04
4.121045404798857241e-04
4.121045404979468518e-04
4.127003721713085852e-04
4.127003721893697128e-04
4.132967003089044081e-04
4.132967003089044081e-04
4.138935250913455973e-04
4.138935251094067250e-04
4.144908467805184771e-04
4.144908467895490139e-04
4.150886655660648611e-04
4.150886656202482441e-04
4.156869818453295040e-04
4.156869818724211684e-04
4.162857956363735334e-04
4.162857956454041244e-04
4.168851073546028861e-04
4.168851073636334770e-04
4.174849171354759925e-04
4.174849171445065834e-04
4.180852252318486401e-04
4.180852252318486401e-04
4.186860319326988177e-04
4.186860319417293544e-04
4.192873373825154923e-04
4.192873373915460833e-04
4.198891419334907353e-04
4.198891419696129906e-04
4.204914457572051238e-04
4.204914457752662515e-04
4.210942491336061642e-04
4.210942491336061642e-04
4.216975522252440598e-04
4.216975522252440598e-04
4.223013553933412014e-04
4.223013553933412014e-04
4.229056587372338727e-04
4.229056587462644637e-04
4.235104626271751099e-04
4.235104626362057008e-04
4.241157671986234517e-04
4.241157672166845794e-04
4.247215727947401616e-04
4.247215728037706983e-04
4.253278795871060338e-04
4.253278796051671615e-04
4.259346878014850829e-04
4.259346878105156197e-04
4.265419977629776073e-04
4.265419977720081982e-04
4.271498096431642928e-04
4.271498096612254204e-04
4.277581237039315178e-04
4.277581237039315178e-04
4.283669401891044247e-04
4.283669402071655524e-04
4.289762593695999287e-04
4.289762593786305197e-04
4.295860814531210253e-04
4.295860814621515621e-04
4.301964066834928027e-04
4.301964066834928027e-04
4.308072353226016934e-04
4.308072353316322301e-04
4.314185676142728398e-04
4.314185676142728398e-04
4.320304037842703651e-04
4.320304037933009019e-04
4.326427440944805394e-04
4.326427441125416671e-04
4.332555887977592043e-04
4.332555888067897410e-04
4.338689381289009112e-04
4.338689381469620389e-04
4.344827923227003743e-04
4.344827923317309652e-04
4.350971516320133268e-04
4.350971516500744545e-04
4.357120163187260930e-04
4.357120163367872207e-04
4.363273866176333327e-04
4.363273866266638695e-04
4.369432627906213160e-04
4.369432628086824437e-04
4.375596450273319649e-04
4.375596450363625016e-04
4.381765336799571336e-04
4.381765336889877245e-04
4.387939288839553609e-04
4.387939289110470795e-04
4.394118309373351724e-04
4.394118309644268910e-04
4.400302401381051476e-04
4.400302401381051476e-04
4.406491566668766175e-04
4.406491566759071542e-04
4.412685807674746703e-04
4.412685807765052070e-04
4.418885127379079398e-04
4.418885127379079398e-04
4.425089527858794215e-04
4.425089527858794215e-04
4.431299012093976408e-04
4.431299012364893052e-04
4.437513581800432835e-04
4.437513582071350021e-04
4.443733240409777755e-04
4.443733240500083665e-04
4.449957989999041123e-04
4.449957990089346491e-04
4.456187832735557177e-04
4.456187832825862544e-04
4.462422771509106344e-04
4.462422771599412253e-04
4.468662809119163686e-04
4.468662809480386240e-04
4.474907947371841430e-04
4.474907947462146798e-04
4.481158189337530739e-04
4.481158189518142016e-04
4.487413537544789489e-04
4.487413537725400766e-04
4.493673994160953542e-04
4.493673994160953542e-04
4.499939561714579148e-04
4.499939561985496334e-04
4.506210243005141910e-04
4.506210243276059096e-04
4.512486040832116348e-04
4.512486041012727625e-04
4.518766957091920056e-04
4.518766957362836700e-04
4.525052994674333461e-04
4.525052994945250105e-04
4.531344156017608530e-04
4.531344156107914439e-04
4.537640443830914957e-04
4.537640443921220324e-04
4.543941860642809532e-04
4.543941860823420809e-04
4.550248408530321669e-04
4.550248408801238855e-04
4.556560090834760259e-04
4.556560090834760259e-04
4.562876909452543437e-04
4.562876909542848804e-04
4.569198867363756457e-04
4.569198867363756457e-04
4.575525966826041093e-04
4.575525967096957737e-04
4.581858210638870780e-04
4.581858211000093333e-04
4.588195601330803935e-04
4.588195601601721121e-04
4.594538141340092524e-04
4.594538141430397891e-04
4.600885833375904614e-04
4.600885833646821800e-04
4.607238680147410443e-04
4.607238680328021719e-04
4.613596683821944247e-04
4.613596684002555523e-04
4.619959847198980545e-04
4.619959847560203099e-04
4.626328172987689033e-04
4.626328173168300310e-04
4.632701663897237777e-04
4.632701664168154421e-04
4.639080322004656733e-04
4.639080322275573377e-04
4.645464150380337063e-04
4.645464150470642430e-04
4.651853151372225366e-04
4.651853151552836642e-04
4.658247327689490251e-04
4.658247327779796161e-04
4.664646681589772951e-04
4.664646681770384228e-04
4.671051216594993092e-04
4.671051216865909736e-04
4.677460934240345713e-04
4.677460934601568266e-04
4.683875838047750983e-04
4.683875838047750983e-04
4.690295929913626495e-04
4.690295930274849048e-04
4.696721212727753762e-04
4.696721212818059129e-04
4.703151689199300311e-04
4.703151689289605678e-04
4.709587361856824015e-04
4.709587362127741201e-04
4.716028233319189203e-04
4.716028233590105847e-04
4.722474306566480586e-04
4.722474306566480586e-04
4.728925583675727576e-04
4.728925583675727576e-04
4.735382067627017053e-04
4.735382067807628330e-04
4.741843760768294533e-04
4.741843760948905809e-04
4.748310666079646352e-04
4.748310666169951720e-04
4.754782786179935212e-04
4.754782786270240580e-04
4.761260123326802344e-04
4.761260123597718988e-04
4.767742680680944279e-04
4.767742680861555555e-04
4.774230460680613524e-04
4.774230460770919433e-04
4.780723465944673321e-04
4.780723466034979231e-04
4.787221699091986915e-04
4.787221699182292825e-04
4.793725162922028824e-04
4.793725163283251377e-04
4.800233859963356923e-04
4.800233860324579476e-04
4.806747793015445189e-04
4.806747793286362375e-04
4.813266964877768684e-04
4.813266965238991238e-04
4.819791377537050911e-04
4.819791377988578832e-04
4.826321034966739960e-04
4.826321035057045327e-04
4.832855938521420135e-04
4.832855938702031412e-04
4.839396091632705153e-04
4.839396091723010521e-04
4.845941496648541614e-04
4.845941496738847523e-04
4.852492156639321222e-04
4.852492156639321222e-04
4.859048073591767480e-04
4.859048073862684124e-04
4.865609251208411292e-04
4.865609251298717202e-04
4.872175691295365426e-04
4.872175691656587980e-04
4.878747397103632322e-04
4.878747397193938231e-04
4.885324371342381674e-04
4.885324371522992409e-04
4.891906615817724624e-04
4.891906616088641810e-04
4.898494134683721623e-04
4.898494134683721623e-04
4.905086929746484354e-04
4.905086929746484354e-04
4.911685003895793246e-04
4.911685003986098613e-04
4.918288359660206175e-04
4.918288359660206175e-04
4.924897000290726122e-04
4.924897000290726122e-04
4.931510928044992694e-04
4.931510928135298061e-04
4.938130145632175583e-04
4.938130145722482035e-04
4.944754656212972405e-04
4.944754656303277773e-04
4.951384462045022765e-04
4.951384462135328133e-04
4.958019566379330730e-04
4.958019566559941464e-04
4.964659971654146638e-04
4.964659971834757372e-04
4.971305680217417630e-04
4.971305680217417630e-04
4.977956695861981062e-04
4.977956695861981062e-04
4.984613020032726063e-04
4.984613020213336798e-04
4.991274656974016826e-04
4.991274657064322193e-04
4.997941608040439281e-04
4.997941608040439281e-04
5.004613877024828615e-04
5.004613877295744718e-04
5.011291465372075043e-04
5.011291465733297597e-04
5.017974377778071761e-04
5.017974377868378213e-04
5.024662615687710068e-04
5.024662616048932622e-04
5.031356181719849954e-04
5.031356182351989694e-04
5.038055079757637394e-04
5.038055080118859948e-04
5.044759311607181903e-04
5.044759311787793722e-04
5.051468880519487548e-04
5.051468880700099367e-04
5.058183789023112205e-04
5.058183789203724023e-04
5.064904040007836301e-04
5.064904040098141668e-04
5.071629636182827363e-04
5.071629636363438097e-04
5.078360580799088373e-04
5.078360580799088373e-04
5.085096876114261104e-04
5.085096876204566472e-04
5.091838524927819534e-04
5.091838525018125986e-04
5.098585530400461278e-04
5.098585530490766645e-04
5.105337895331660313e-04
5.105337895331660313e-04
5.112095622069362695e-04
5.112095622069362695e-04
5.118858714045182142e-04
5.118858714135488593e-04
5.125627173336149691e-04
5.125627173607066878e-04
5.132401003644795163e-04
5.132401003735100531e-04
5.139180207228759246e-04
5.139180207409371065e-04
5.145964787158434188e-04
5.145964787248739555e-04
5.152754745872070328e-04
5.152754745872070328e-04
5.159550086710978185e-04
5.159550086801283552e-04
5.166350812113408098e-04
5.166350812294018833e-04
5.173156925149752314e-04
5.173156925330363049e-04
5.179968428709790179e-04
5.179968428890401998e-04
5.186785325502691387e-04
5.186785325773608573e-04
5.193607618327930999e-04
5.193607618598848185e-04
5.200435310255899094e-04
5.200435310526816280e-04
5.207268403815154632e-04
5.207268404086070734e-04
5.214106902527615613e-04
5.214106902617920980e-04
5.220950808199395889e-04
5.220950808380007708e-04
5.227800124803943550e-04
5.227800124894248918e-04
5.234654854598898201e-04
5.234654854689203569e-04
5.241515000293428452e-04
5.241515000474040271e-04
5.248380565228844821e-04
5.248380565499762007e-04
5.255251552114313749e-04
5.255251552204619116e-04
5.262127963749311382e-04
5.262127963929923201e-04
5.269009803384839619e-04
5.269009803475146071e-04
5.275897072917317679e-04
5.275897073007623046e-04
5.282789776591108669e-04
5.282789776771720488e-04
5.289687916483243628e-04
5.289687916573548995e-04
5.296591495573807267e-04
5.296591495664112635e-04
5.303500516662274650e-04
5.303500516752580017e-04
5.310414983360871310e-04
5.310414983631787413e-04
5.317334897475707849e-04
5.317334897656319668e-04
5.324260263070540976e-04
5.324260263160846343e-04
5.331191081861174838e-04
5.331191081861174838e-04
5.338127358001669345e-04
5.338127358182281164e-04
5.345069093298138348e-04
5.345069093569055534e-04
5.352016291724027769e-04
5.352016291814333136e-04
5.358968955266062194e-04
5.358968955627284748e-04
5.365927087536467160e-04
5.365927087536467160e-04
5.372890690883188724e-04
5.372890691154104826e-04
5.379859769008756704e-04
5.379859769099063155e-04
5.386834324261119324e-04
5.386834324351425776e-04
5.393814359349445196e-04
5.393814359530055931e-04
5.400799878066569505e-04
5.400799878247181324e-04
5.407790883031357663e-04
5.407790883121663030e-04
5.414787376591753557e-04
5.414787376682058924e-04
5.421789362450289175e-04
5.421789362540594542e-04
5.428796843225828844e-04
5.428796843496744946e-04
5.435809822259678745e-04
5.435809822620901299e-04
5.442828301990092470e-04
5.442828302170704289e-04
5.449852285577766551e-04
5.449852285848683737e-04
5.456881776364010421e-04
5.456881776364010421e-04
5.463916776606462600e-04
5.463916776606462600e-04
5.470957290368878715e-04
5.470957290368878715e-04
5.478003319096146810e-04
5.478003319367063997e-04
5.485054867303550434e-04
5.485054867303550434e-04
5.492111937158423822e-04
5.492111937339034557e-04
5.499174531731157054e-04
5.499174531821463506e-04
5.506242654363060650e-04
5.506242654633977836e-04
5.513316307672996765e-04
5.513316307943913952e-04
5.520395494641052283e-04
5.520395494641052283e-04
5.527480218879450569e-04
5.527480218969755936e-04
5.534570482465222662e-04
5.534570482826445216e-04
5.541666289281509117e-04
5.541666289642731670e-04
5.548767642037480711e-04
5.548767642127786079e-04
5.555874543803527525e-04
5.555874543893833976e-04
5.562986996927597782e-04
5.562986997108208516e-04
5.570105005654053506e-04
5.570105005744358873e-04
5.577228572059925735e-04
5.577228572150231102e-04
5.584357699396216368e-04
5.584357699847745373e-04
5.591492391546069212e-04
5.591492391636374579e-04
5.598632650044677679e-04
5.598632650134984130e-04
5.605778479136408129e-04
5.605778479226714581e-04
5.612929881259511988e-04
5.612929881440123807e-04
5.620086859755297603e-04
5.620086860026214789e-04
5.627249417694157223e-04
5.627249417784462590e-04
5.634417557875563741e-04
5.634417558056174476e-04
5.641591283640826592e-04
5.641591283821437326e-04
5.648770597879725118e-04
5.648770597970030486e-04
5.655955503843262304e-04
5.655955504023874123e-04
5.663146004421219662e-04
5.663146004782442216e-04
5.670342102683987272e-04
5.670342102864598006e-04
5.677543802243790669e-04
5.677543802243790669e-04
5.684751105267964091e-04
5.684751105448575910e-04
5.691964015368734158e-04
5.691964015639651344e-04
5.699182535797103853e-04
5.699182535887409220e-04
5.706406669352546068e-04
5.706406669623463254e-04
5.713636419195758419e-04
5.713636419286064871e-04
5.720871788668050340e-04
5.720871788668050340e-04
5.728112780388283989e-04
5.728112780478589357e-04
5.735359397788073084e-04
5.735359398149295638e-04
5.742611644299033509e-04
5.742611644299033509e-04
5.749869522088497335e-04
5.749869522449719888e-04
5.757133035400832004e-04
5.757133035491137371e-04
5.764402186493677123e-04
5.764402186854899676e-04
5.771676978888951775e-04
5.771676979250174328e-04
5.778957416108576129e-04
5.778957416289187948e-04
5.786243500319885507e-04
5.786243500410190874e-04
5.793535235406021546e-04
5.793535235676938733e-04
5.800832624166459310e-04
5.800832624617987231e-04
5.808135670213423248e-04
5.808135670303729700e-04
5.815444376075472321e-04
5.815444376075472321e-04
5.822758745184219162e-04
5.822758745274524530e-04
5.830078780971278572e-04
5.830078780971278572e-04
5.837404485694290155e-04
5.837404485874901974e-04
5.844735863778231007e-04
5.844735863958842826e-04
5.852072917571048269e-04
5.852072917751659003e-04
5.859415650143130934e-04
5.859415650504353488e-04
5.866764065467928177e-04
5.866764065648538912e-04
5.874118165893386055e-04
5.874118165983692507e-04
5.881477955212341922e-04
5.881477955392953741e-04
5.888843435953352570e-04
5.888843436224269756e-04
5.896214611818948901e-04
5.896214612089866088e-04
5.903591485789216713e-04
5.903591485969828532e-04
5.910974061566687992e-04
5.910974061656993359e-04
5.918362341409001259e-04
5.918362341409001259e-04
5.925756329018689586e-04
5.925756329289605688e-04
5.933156028098281708e-04
5.933156028098281708e-04
5.940561441086031217e-04
5.940561441176337668e-04
5.947972571413551830e-04
5.947972571503858281e-04
5.955389422331846530e-04
5.955389422422151897e-04
5.962811997272527949e-04
5.962811997362834401e-04
5.970240298944766866e-04
5.970240299396294787e-04
5.977674331231703836e-04
5.977674331412314570e-04
5.985114097294036472e-04
5.985114097384341839e-04
5.992559599931239836e-04
5.992559599931239836e-04
6.000010842394314743e-04
6.000010842484621194e-04
6.007467828114878162e-04
6.007467828295488897e-04
6.014930560524541642e-04
6.014930560614847009e-04
6.022399042332474877e-04
6.022399042784002798e-04
6.029873277783042058e-04
6.029873277963652793e-04
6.037353268953273141e-04
6.037353269495107514e-04
6.044839019997228034e-04
6.044839020268144136e-04
6.052330533804684996e-04
6.052330533804684996e-04
6.059827813807259914e-04
6.059827813807259914e-04
6.067330862623813862e-04
6.067330862894731048e-04
6.074839684498714283e-04
6.074839684859936837e-04
6.082354282231432988e-04
6.082354282231432988e-04
6.089874659163279410e-04
6.089874659343891229e-04
6.097400818545257615e-04
6.097400818725868350e-04
6.104932763628367334e-04
6.104932763899284520e-04
6.112470498024836271e-04
6.112470498024836271e-04
6.120014024353527668e-04
6.120014024443833035e-04
6.127563346587887446e-04
6.127563346678192814e-04
6.135118467978919674e-04
6.135118467978919674e-04
6.142679391416404778e-04
6.142679391597015513e-04
6.150246120422260760e-04
6.150246120602871494e-04
6.157818658518408872e-04
6.157818658789326058e-04
6.165397008955851013e-04
6.165397009046156380e-04
6.172981174624367611e-04
6.172981174895283713e-04
6.180571159587711040e-04
6.180571159678017491e-04
6.188166966555052077e-04
6.188166966555052077e-04
6.195768599048309807e-04
6.195768599319225909e-04
6.203376060408790412e-04
6.203376060770012966e-04
6.210989354429333415e-04
6.210989354519638782e-04
6.218608483819106341e-04
6.218608483909411708e-04
6.226233452009722908e-04
6.226233452190333643e-04
6.233864262794019387e-04
6.233864262794019387e-04
6.241500919061777290e-04
6.241500919152082657e-04
6.249143424605831804e-04
6.249143424786442538e-04
6.256791782315963358e-04
6.256791782315963358e-04
6.264445995804397488e-04
6.264445995985009306e-04
6.272106068502747911e-04
6.272106068683359729e-04
6.279772003842629428e-04
6.279772004113545530e-04
6.287443805255654673e-04
6.287443805345960040e-04
6.295121475631604074e-04
6.295121475812215893e-04
6.302805018853620354e-04
6.302805018943925721e-04
6.310494438263011862e-04
6.310494438353317229e-04
6.318189737201085864e-04
6.318189737381697682e-04
6.325890918738235691e-04
6.325890918828541059e-04
6.333597987028518001e-04
6.333597987118824452e-04
6.341310944781103571e-04
6.341310944781103571e-04
6.349029795608216852e-04
6.349029795788828671e-04
6.356754542851167280e-04
6.356754542941472647e-04
6.364485190573706142e-04
6.364485190664011510e-04
6.372221741033475212e-04
6.372221741304392399e-04
6.379964199016673054e-04
6.379964199016673054e-04
6.387712566961552176e-04
6.387712566961552176e-04
6.395466848570642397e-04
6.395466848660947765e-04
6.403227047275557434e-04
6.403227047365863886e-04
6.410993166869135727e-04
6.410993166869135727e-04
6.418765210060544801e-04
6.418765210150850168e-04
6.426543180732926294e-04
6.426543181003843480e-04
6.434327083040340114e-04
6.434327083220951933e-04
6.442116919059815133e-04
6.442116919150121584e-04
6.449912693306633811e-04
6.449912693396939178e-04
6.457714408851187313e-04
6.457714408941492680e-04
6.465522069125088271e-04
6.465522069215393639e-04
6.473335677650257939e-04
6.473335678011480493e-04
6.481155238038920768e-04
6.481155238219531503e-04
6.488980753903301210e-04
6.488980754083913029e-04
6.496812228494404417e-04
6.496812228494404417e-04
6.504649664792312930e-04
6.504649664882619382e-04
6.512493067583228568e-04
6.512493067673533935e-04
6.520342439215095218e-04
6.520342439305400585e-04
6.528197783661360970e-04
6.528197783661360970e-04
6.536059104263335258e-04
6.536059104263335258e-04
6.543926404723547901e-04
6.543926404904158636e-04
6.551799688473612616e-04
6.551799688654224435e-04
6.559678959035450656e-04
6.559678959306366759e-04
6.567564219930980022e-04
6.567564220292202576e-04
6.575455474953036984e-04
6.575455475223954170e-04
6.583352727172014874e-04
6.583352727352626693e-04
6.591255980200137060e-04
6.591255980290443512e-04
6.599165238010852716e-04
6.599165238191463450e-04
6.607080503584246553e-04
6.607080503584246553e-04
6.615001780984072028e-04
6.615001780984072028e-04
6.622929073280721390e-04
6.622929073461332125e-04
6.630862384447641644e-04
6.630862384537947012e-04
6.638801717735834688e-04
6.638801717735834688e-04
6.646747077118750780e-04
6.646747077118750780e-04
6.654698465395861729e-04
6.654698465486167096e-04
6.662655886811533895e-04
6.662655886901839263e-04
6.670619345158602465e-04
6.670619345248908916e-04
6.678588843146238217e-04
6.678588843417155403e-04
6.686564385018804258e-04
6.686564385199416077e-04
6.694545974298220757e-04
6.694545974388526124e-04
6.702533614596712166e-04
6.702533614596712166e-04
6.710527308894365366e-04
6.710527309165282553e-04
6.718527061796767102e-04
6.718527061796767102e-04
6.726532875922780616e-04
6.726532876193697802e-04
6.734544755877993737e-04
6.734544755968299105e-04
6.742562704552184727e-04
6.742562704732796546e-04
6.750586725376969471e-04
6.750586725647886657e-04
6.758616823138545449e-04
6.758616823409462635e-04
6.766653000275165168e-04
6.766653000275165168e-04
6.774695260669970267e-04
6.774695260669970267e-04
6.782743608838242124e-04
6.782743608928547491e-04
6.790798046676399958e-04
6.790798046857010693e-04
6.798858579693086357e-04
6.798858579873697091e-04
6.806925210507164562e-04
6.806925210687776381e-04
6.814997942911471930e-04
6.814997943092082665e-04
6.823076780518232912e-04
6.823076780789150099e-04
6.831161727391200965e-04
6.831161727481506333e-04
6.839252786871684439e-04
6.839252786871684439e-04
6.847349962210686316e-04
6.847349962481603502e-04
6.855453257923487973e-04
6.855453258194405160e-04
6.863562677261091311e-04
6.863562677351397762e-04
6.871678224196945501e-04
6.871678224287251953e-04
6.879799901711136341e-04
6.879799901711136341e-04
6.887927714228637673e-04
6.887927714409249492e-04
6.896061664819842828e-04
6.896061665000454647e-04
6.904201758090338552e-04
6.904201758180645004e-04
6.912347996658988088e-04
6.912347996749294539e-04
6.920500385131379264e-04
6.920500385221684632e-04
6.928658926487595709e-04
6.928658926668207528e-04
6.936823625242920970e-04
6.936823625242920970e-04
6.944994484196829023e-04
6.944994484467746209e-04
6.953171507774295879e-04
6.953171508045213065e-04
6.961354699587545989e-04
6.961354699677852441e-04
6.969544063158500608e-04
6.969544063248805975e-04
6.977739602460605655e-04
6.977739602460605655e-04
6.985941320925475933e-04
6.985941321015781301e-04
6.994149222526559531e-04
6.994149222616864899e-04
7.002363310966386268e-04
7.002363311146998087e-04
7.010583589947488132e-04
7.010583590308710686e-04
7.018810063443312128e-04
7.018810063533617496e-04
7.027042735066083793e-04
7.027042735156389160e-04
7.035281608428028662e-04
7.035281608608639397e-04
7.043526687502592656e-04
7.043526687683204475e-04
7.051777975902003481e-04
7.051777976353532486e-04
7.060035477690013508e-04
7.060035477960930695e-04
7.068299196569153642e-04
7.068299196569153642e-04
7.076569136241953701e-04
7.076569136422565520e-04
7.084845300140029572e-04
7.084845300320640306e-04
7.093127692598049728e-04
7.093127692688355095e-04
7.101416317589462259e-04
7.101416317589462259e-04
7.109711178184660498e-04
7.109711178365271233e-04
7.118012278357089282e-04
7.118012278447394649e-04
7.126319622802642891e-04
7.126319622983254710e-04
7.134633214230491020e-04
7.134633214501408206e-04
7.142953057065608595e-04
7.142953057155913962e-04
7.151279155100831886e-04
7.151279155371747989e-04
7.159611511587163878e-04
7.159611511948386431e-04
7.167950131581719234e-04
7.167950131762331053e-04
7.176295017613056916e-04
7.176295017883974102e-04
7.184646174467375487e-04
7.184646174467375487e-04
7.193003605485981129e-04
7.193003605485981129e-04
7.201367314552017647e-04
7.201367314732629466e-04
7.209737305819543867e-04
7.209737306000155686e-04
7.218113582810479958e-04
7.218113583081397144e-04
7.226496149588577207e-04
7.226496149588577207e-04
7.234885010036980505e-04
7.234885010398203059e-04
7.243280168038829323e-04
7.243280168219441142e-04
7.251681627567572834e-04
7.251681627657878201e-04
7.260089392054824755e-04
7.260089392054824755e-04
7.268503465925561097e-04
7.268503466015867548e-04
7.276923852882312763e-04
7.276923852882312763e-04
7.285350556627610656e-04
7.285350556717916023e-04
7.293783581496124336e-04
7.293783581586429704e-04
7.302222930648551418e-04
7.302222930829163237e-04
7.310668609142007652e-04
7.310668609232313020e-04
7.319120620046883118e-04
7.319120620046883118e-04
7.327578967246321621e-04
7.327578967336626989e-04
7.336043654713770169e-04
7.336043654984686271e-04
7.344514687235426239e-04
7.344514687416036974e-04
7.352992067791376714e-04
7.352992067881682081e-04
7.361475800625985784e-04
7.361475800625985784e-04
7.369965889532090805e-04
7.369965889532090805e-04
7.378462338844360251e-04
7.378462338934666702e-04
7.386965151904104640e-04
7.386965152175021827e-04
7.395474333587826821e-04
7.395474333678132188e-04
7.403989886785306137e-04
7.403989887056223324e-04
7.412511816463354056e-04
7.412511816734271243e-04
7.421040125872972477e-04
7.421040126053583211e-04
7.429574819258525590e-04
7.429574819439136325e-04
7.438115900683766853e-04
7.438115900683766853e-04
7.446663374122145440e-04
7.446663374122145440e-04
7.455217243276190085e-04
7.455217243366495453e-04
7.463777512390266065e-04
7.463777512570877884e-04
7.472344185528127921e-04
7.472344185799045108e-04
7.480917266482610840e-04
7.480917266572917291e-04
7.489496759588386548e-04
7.489496759859302650e-04
7.498082668457678414e-04
7.498082668547983781e-04
7.506674997425157080e-04
7.506674997425157080e-04
7.515273750464271721e-04
7.515273750554577088e-04
7.523878931367857523e-04
7.523878931458162890e-04
7.532490544109362576e-04
7.532490544199667943e-04
7.541108593474984360e-04
7.541108593565290811e-04
7.549733082535116206e-04
7.549733082535116206e-04
7.558364015895344861e-04
7.558364016256567414e-04
7.567001397709728064e-04
7.567001397980644166e-04
7.575645231861408537e-04
7.575645231861408537e-04
7.584295522052917184e-04
7.584295522233527919e-04
7.592952272889840750e-04
7.592952273070452569e-04
7.601615488165016591e-04
7.601615488165016591e-04
7.610285171671280977e-04
7.610285172213114265e-04
7.618961328465748573e-04
7.618961328826971127e-04
7.627643961709116996e-04
7.627643961980034183e-04
7.636333075826362256e-04
7.636333076097279442e-04
7.645028674881237810e-04
7.645028674971543177e-04
7.653730762937496030e-04
7.653730762937496030e-04
7.662439344149196826e-04
7.662439344329807561e-04
7.671154422489787203e-04
7.671154422670397937e-04
7.679876002113327068e-04
7.679876002384244255e-04
7.688604087535097801e-04
7.688604087625403169e-04
7.697338682367323853e-04
7.697338682367323853e-04
7.706079791034981235e-04
7.706079791125286602e-04
7.714827417421212669e-04
7.714827417421212669e-04
7.723581565589771611e-04
7.723581565770383430e-04
7.732342240326856627e-04
7.732342240417161994e-04
7.741109444973774982e-04
7.741109445244692168e-04
7.749883184677947793e-04
7.749883184677947793e-04
7.758663462148545839e-04
7.758663462238851206e-04
7.767450282984514906e-04
7.767450282984514906e-04
7.776243650346554778e-04
7.776243650617471964e-04
7.785043569111169386e-04
7.785043569382085488e-04
7.793850042980887466e-04
7.793850043161499284e-04
7.802663076200075376e-04
7.802663076380687195e-04
7.811482673193709128e-04
7.811482673645237049e-04
7.820308838296458282e-04
7.820308838477070101e-04
7.829141575120548372e-04
7.829141575301160191e-04
7.837980888000648958e-04
7.837980888271566145e-04
7.846826781632654322e-04
7.846826781813266141e-04
7.855679259990011468e-04
7.855679260080316835e-04
7.864538326594638397e-04
7.864538327046166318e-04
7.873403987135792767e-04
7.873403987135792767e-04
7.882276244412946388e-04
7.882276244683863575e-04
7.891155103392910727e-04
7.891155103392910727e-04
7.900040568229744608e-04
7.900040568320049975e-04
7.908932642806588585e-04
7.908932643077505771e-04
7.917831332090255209e-04
7.917831332090255209e-04
7.926736639331744211e-04
7.926736639422049579e-04
7.935648569588172425e-04
7.935648569768783160e-04
7.944567126923293308e-04
7.944567127013598675e-04
7.953492315400859233e-04
7.953492315581469968e-04
7.962424139807069848e-04
7.962424139897375215e-04
7.971362603573537787e-04
7.971362603844454973e-04
7.980307711576768064e-04
7.980307711757379883e-04
7.989259468332043142e-04
7.989259468512653877e-04
7.998217877361279938e-04
7.998217877451585306e-04
8.007182943540984551e-04
8.007182943540984551e-04
8.016154671025215806e-04
8.016154671115521173e-04
8.025133063968031442e-04
8.025133063968031442e-04
8.034118126975020374e-04
8.034118127065325741e-04
8.043109863929323155e-04
8.043109864109934974e-04
8.052108279888056620e-04
8.052108280158973806e-04
8.061113378282833402e-04
8.061113378282833402e-04
8.070125163899852065e-04
8.070125164080463884e-04
8.079143641164089704e-04
8.079143641435005806e-04
8.088168814500520162e-04
8.088168814590826613e-04
8.097200687701981876e-04
8.097200687792287244e-04
8.106239265644977696e-04
8.106239265644977696e-04
8.115284552573872896e-04
8.115284552664179347e-04
8.124336552552420933e-04
8.124336552642726300e-04
8.133395270366820373e-04
8.133395270457125740e-04
8.142460709900211768e-04
8.142460709990517135e-04
8.151532876209711953e-04
8.151532876480629139e-04
8.160611773178462567e-04
8.160611773359073302e-04
8.169697405231439620e-04
8.169697405321744987e-04
8.178789776613007304e-04
8.178789776974229857e-04
8.187888892470586736e-04
8.187888892831809290e-04
8.196994756326098086e-04
8.196994756326098086e-04
8.206107373236657104e-04
8.206107373236657104e-04
8.215226746814487157e-04
8.215226747175709710e-04
8.224352882477927633e-04
8.224352882477927633e-04
8.233485783748896534e-04
8.233485784200424455e-04
8.242625455594205326e-04
8.242625456045733247e-04
8.251771902529135387e-04
8.251771902980663308e-04
8.260925128527132639e-04
8.260925128798049825e-04
8.270085138645313916e-04
8.270085138735620367e-04
8.279251936586210121e-04
8.279251936676515489e-04
8.288425527226325187e-04
8.288425527587547741e-04
8.297605915171245858e-04
8.297605915442161960e-04
8.306793104394419140e-04
8.306793104484724508e-04
8.315987100223879054e-04
8.315987100223879054e-04
8.325187906000932865e-04
8.325187906000932865e-04
8.334395527053612427e-04
8.334395527143917794e-04
8.343609967535977646e-04
8.343609967806894833e-04
8.352831231963309903e-04
8.352831232234226005e-04
8.362059324670278754e-04
8.362059324760584122e-04
8.371294250984916054e-04
8.371294250984916054e-04
8.380536014158226953e-04
8.380536014338837688e-04
8.389784619789157237e-04
8.389784619789157237e-04
8.399040071489934610e-04
8.399040071670546429e-04
8.408302374498284474e-04
8.408302374588589841e-04
8.417571533058572104e-04
8.417571533329489290e-04
8.426847551234549873e-04
8.426847551866689613e-04
8.436130435076696910e-04
8.436130435257307644e-04
8.445420187294179655e-04
8.445420187565096841e-04
8.454716813215032130e-04
8.454716813576254684e-04
8.464020317986674369e-04
8.464020318167285103e-04
8.473330705401943726e-04
8.473330705492249093e-04
8.482647979885815127e-04
8.482647980066425862e-04
8.491972146676015059e-04
8.491972146766320426e-04
8.501303209926603429e-04
8.501303210107214164e-04
8.510641174333472350e-04
8.510641174604389536e-04
8.519986044411904285e-04
8.519986044411904285e-04
8.529337824948096712e-04
8.529337825038402080e-04
8.538696520186413825e-04
8.538696520367025644e-04
8.548062135093667090e-04
8.548062135364584277e-04
8.557434674094830350e-04
8.557434674185135717e-04
8.566814141885797885e-04
8.566814141976103253e-04
8.576200542801239255e-04
8.576200543162461809e-04
8.585593881898270210e-04
8.585593882530408866e-04
8.594994163511560309e-04
8.594994164053393598e-04
8.604401392698225303e-04
8.604401392969142489e-04
8.613815573612324016e-04
8.613815573792935835e-04
8.623236710769138910e-04
8.623236710859444277e-04
8.632664809587006121e-04
8.632664809767617940e-04
8.642099873949069455e-04
8.642099873949069455e-04
8.651541909002747862e-04
8.651541909183359681e-04
8.660990918992408786e-04
8.660990919443936707e-04
8.670446908884859357e-04
8.670446909155775459e-04
8.679909883917827145e-04
8.679909884008132513e-04
8.689379847252008682e-04
8.689379847522925868e-04
8.698856805208799196e-04
8.698856805208799196e-04
8.708340761039200587e-04
8.708340761490728507e-04
8.717831721154912367e-04
8.717831721335524186e-04
8.727329688445716049e-04
8.727329688626326784e-04
8.736834669142698245e-04
8.736834669233004697e-04
8.746346666587169472e-04
8.746346666948392025e-04
8.755865686829604521e-04
8.755865687010216340e-04
8.765391733753147199e-04
8.765391733753147199e-04
8.774924812324606804e-04
8.774924812414912172e-04
8.784464927149570083e-04
8.784464927420487269e-04
8.794012083375459237e-04
8.794012083375459237e-04
8.803566285156330922e-04
8.803566285246637374e-04
8.813127538000830978e-04
8.813127538000830978e-04
8.822695845882406410e-04
8.822695846153322512e-04
8.832271214038782620e-04
8.832271214129087987e-04
8.841853647075548521e-04
8.841853647346464623e-04
8.851443150230428429e-04
8.851443150320734881e-04
8.861039727386567236e-04
8.861039727476872603e-04
8.870643384323523631e-04
8.870643384413828998e-04
8.880254125195356438e-04
8.880254125195356438e-04
8.889871954788265305e-04
8.889871954968876040e-04
8.899496878069058448e-04
8.899496878339975634e-04
8.909128900275463435e-04
8.909128900275463435e-04
8.918768025742150911e-04
8.918768025922761645e-04
8.928414258984400083e-04
8.928414259255317269e-04
8.938067605872080431e-04
8.938067605962385798e-04
8.947728070017414237e-04
8.947728070107719605e-04
8.957395657380574179e-04
8.957395657380574179e-04
8.967070372115619080e-04
8.967070372115619080e-04
8.976752219189359323e-04
8.976752219189359323e-04
8.986441203297687022e-04
8.986441203568604208e-04
8.996137329858940480e-04
8.996137330039551214e-04
9.005840603569011810e-04
9.005840603569011810e-04
9.015551028581959836e-04
9.015551028581959836e-04
9.025268611128874421e-04
9.025268611219179789e-04
9.034993354551062832e-04
9.034993354912285385e-04
9.044725264989307394e-04
9.044725265440835315e-04
9.054464346958891654e-04
9.054464347049197021e-04
9.064210605065400189e-04
9.064210605155705557e-04
9.073964044636867021e-04
9.073964044727173472e-04
9.083724670278878893e-04
9.083724670549796079e-04
9.093492486958246190e-04
9.093492486958246190e-04
9.103267500002999680e-04
9.103267500002999680e-04
9.113049713657504639e-04
9.113049713838115374e-04
9.122839133430403653e-04
9.122839133701320840e-04
9.132635764198202824e-04
9.132635764288508191e-04
9.142439610656793178e-04
9.142439610837404997e-04
9.152250677682679733e-04
9.152250678224513021e-04
9.162068970965116894e-04
9.162068970965116894e-04
9.171894494748467769e-04
9.171894495019384955e-04
9.181727254180156728e-04
9.181727254360767462e-04
9.191567254588212370e-04
9.191567254768824189e-04
9.201414500217002142e-04
9.201414500487918244e-04
9.211268997026695465e-04
9.211268997387918019e-04
9.221130749171352250e-04
9.221130749351964069e-04
9.230999762069310799e-04
9.230999762520839804e-04
9.240876040958297599e-04
9.240876041500131971e-04
9.250759590353594027e-04
9.250759590353594027e-04
9.260650415492925483e-04
9.260650415763842670e-04
9.270548521614020623e-04
9.270548521614020623e-04
9.280453913322464022e-04
9.280453913593381208e-04
9.290366596126901520e-04
9.290366596307513339e-04
9.300286574452308044e-04
9.300286574542614496e-04
9.310213854349161638e-04
9.310213854529772372e-04
9.320148439971520041e-04
9.320148439971520041e-04
9.330090336737720475e-04
9.330090336828026926e-04
9.340039549524269038e-04
9.340039549795186224e-04
9.349996083568892216e-04
9.349996083930114769e-04
9.359959944470536879e-04
9.359959944560842246e-04
9.369931136383264020e-04
9.369931136473569388e-04
9.379909664996326961e-04
9.379909665086633413e-04
9.389895535095926435e-04
9.389895535276537170e-04
9.399888752190702860e-04
9.399888752371314679e-04
9.409889320886246234e-04
9.409889321066856969e-04
9.419897246871808795e-04
9.419897247142725982e-04
9.429912534572367638e-04
9.429912534662674090e-04
9.439935190309317993e-04
9.439935190580234095e-04
9.449965217694882144e-04
9.449965217875493963e-04
9.460002622779540302e-04
9.460002623050457488e-04
9.470047411162240423e-04
9.470047411252545790e-04
9.480099586906735962e-04
9.480099586906735962e-04
9.490159155702280244e-04
9.490159155792586695e-04
9.500226122876908371e-04
9.500226123057519106e-04
9.510300493216815657e-04
9.510300493307121024e-04
9.520382272411258675e-04
9.520382272411258675e-04
9.530471465336741357e-04
9.530471465427047808e-04
9.540568076869767634e-04
9.540568077140684821e-04
9.550672113241425202e-04
9.550672113241425202e-04
9.560783578425163234e-04
9.560783578696080420e-04
9.570902478290846871e-04
9.570902478561762973e-04
9.581028818166507964e-04
9.581028818527730518e-04
9.591162603018955814e-04
9.591162603289873001e-04
9.601303838266529809e-04
9.601303838447141628e-04
9.611452528966344614e-04
9.611452529146956433e-04
9.621608680536737450e-04
9.621608680536737450e-04
9.631772298215435886e-04
9.631772298215435886e-04
9.641943386878942769e-04
9.641943387059554588e-04
9.652121952126208222e-04
9.652121952397125408e-04
9.662307999375570550e-04
9.662307999556181285e-04
9.672501533684142250e-04
9.672501533774448702e-04
9.682702560650875614e-04
9.682702560831487433e-04
9.692911085061968121e-04
9.692911085152273488e-04
9.703127112426062359e-04
9.703127112606673094e-04
9.713350648251802000e-04
9.713350648342107367e-04
9.723581697505997426e-04
9.723581697596302793e-04
9.733820265968208410e-04
9.733820266148820229e-04
9.744066358514939970e-04
9.744066358695550704e-04
9.754319980564528239e-04
9.754319980654833607e-04
9.764581137715923342e-04
9.764581138077145896e-04
9.774849835206852848e-04
9.774849835297158215e-04
9.785126078184734622e-04
9.785126078275039989e-04
9.795409871796994117e-04
9.795409872158215587e-04
9.805701222455325428e-04
9.805701222635938331e-04
9.816000134584708901e-04
9.816000134584708901e-04
9.826306613784094660e-04
9.826306613784094660e-04
9.836620665110591948e-04
9.836620665291204851e-04
9.846942294704989600e-04
9.846942294885600334e-04
9.857271507534093660e-04
9.857271507805011931e-04
9.867608308745327416e-04
9.867608308835632783e-04
9.877952704208557092e-04
9.877952704569778562e-04
9.888304699251812373e-04
9.888304699432423107e-04
9.898664299293430478e-04
9.898664299474043381e-04
9.909031509209920759e-04
9.909031509661447596e-04
9.919406335503282678e-04
9.919406335683893412e-04
9.929788782688801947e-04
9.929788782688801947e-04
9.940178856726645824e-04
9.940178856726645824e-04
9.950576562673934394e-04
9.950576562854547297e-04
9.960981906129615614e-04
9.960981906310226348e-04
9.971394893053858906e-04
9.971394893234469640e-04
9.981815528142558552e-04
9.981815528323169286e-04
9.992243817175273241e-04
9.992243817536496878e-04
1.000267976593156600e-03
1.000267976620248210e-03
1.001312337973946868e-03
1.001312338019099552e-03
1.002357466392701096e-03
1.002357466419792707e-03
1.003403362427375371e-03
1.003403362454467198e-03
1.004450026601742775e-03
1.004450026619803848e-03
1.005497459484728205e-03
1.005497459493758742e-03
1.006545661609135282e-03
1.006545661618165818e-03
1.007594633580011483e-03
1.007594633607103093e-03
1.008644375912099139e-03
1.008644375912099139e-03
1.009694889102078852e-03
1.009694889111109389e-03
1.010746173854334875e-03
1.010746173881426702e-03
1.011798230557181370e-03
1.011798230584273197e-03
1.012851059924032909e-03
1.012851059942093982e-03
1.013904662397386658e-03
1.013904662397386658e-03
1.014959038591321284e-03
1.014959038600351821e-03
1.016014189029609436e-03
1.016014189047670510e-03
1.017070114299237519e-03
1.017070114326329129e-03
1.018126814951069792e-03
1.018126814978161619e-03
1.019184291581123848e-03
1.019184291608215675e-03
1.020242544677049754e-03
1.020242544677049754e-03
1.021301574843895424e-03
1.021301574870987034e-03
1.022361382686708337e-03
1.022361382686708337e-03
1.023421968675078137e-03
1.023421968675078137e-03
1.024483333441143697e-03
1.024483333450174451e-03
1.025545477553831001e-03
1.025545477562861537e-03
1.026608401536912478e-03
1.026608401545943015e-03
1.027672105995436043e-03
1.027672106004466580e-03
1.028736591426082300e-03
1.028736591444143374e-03
1.029801858515174209e-03
1.029801858533235500e-03
1.030867907750362489e-03
1.030867907759393026e-03
1.031934739700572038e-03
1.031934739718633328e-03
1.033002354961820449e-03
1.033002354970850986e-03
1.034070754094002518e-03
1.034070754103033054e-03
1.035139937675074329e-03
1.035139937684104866e-03
1.036209906273961217e-03
1.036209906282991753e-03
1.037280660432496901e-03
1.037280660450557975e-03
1.038352200773790587e-03
1.038352200800882197e-03
1.039424527875797925e-03
1.039424527884828461e-03
1.040497642235199954e-03
1.040497642244230707e-03
1.041571544547350387e-03
1.041571544556380924e-03
1.042646235281838004e-03
1.042646235290868540e-03
1.043721715052741469e-03
1.043721715070802542e-03
1.044797984456077725e-03
1.044797984474138798e-03
1.045875044051741785e-03
1.045875044060772321e-03
1.046952894435750807e-03
1.046952894435750807e-03
1.048031536149938514e-03
1.048031536167999588e-03
1.049110969808383139e-03
1.049110969808383139e-03
1.050191196007102057e-03
1.050191196025163131e-03
1.051272215269867701e-03
1.051272215296959528e-03
1.052354028246880882e-03
1.052354028255911419e-03
1.053436635452883281e-03
1.053436635498036181e-03
1.054520037529045173e-03
1.054520037556137000e-03
1.055604235080414254e-03
1.055604235089444790e-03
1.056689228594641025e-03
1.056689228621732635e-03
1.057775018749017261e-03
1.057775018767078551e-03
1.058861606076346796e-03
1.058861606094407869e-03
1.059948991181676892e-03
1.059948991217799256e-03
1.061037174670055681e-03
1.061037174733269438e-03
1.062126157092346986e-03
1.062126157146530423e-03
1.063215939143904521e-03
1.063215939143904521e-03
1.064306521258195351e-03
1.064306521267225887e-03
1.065397904130572755e-03
1.065397904148633829e-03
1.066490088348023141e-03
1.066490088357053678e-03
1.067583074443349909e-03
1.067583074443349909e-03
1.068676863048692366e-03
1.068676863048692366e-03
1.069771454787159497e-03
1.069771454796190251e-03
1.070866850191554706e-03
1.070866850209615780e-03
1.071963049921108475e-03
1.071963049930139229e-03
1.073060054526685713e-03
1.073060054526685713e-03
1.074157864631395190e-03
1.074157864640425727e-03
1.075256480822223311e-03
1.075256480840284384e-03
1.076355903686156698e-03
1.076355903704217772e-03
1.077456133855334876e-03
1.077456133864365413e-03
1.078557171889652855e-03
1.078557171898683392e-03
1.079659018421249726e-03
1.079659018439310799e-03
1.080761674046142864e-03
1.080761674055173401e-03
1.081865139333257602e-03
1.081865139369379966e-03
1.082969414950855826e-03
1.082969414968916900e-03
1.084074501458832333e-03
1.084074501476893406e-03
1.085180399462234817e-03
1.085180399489326427e-03
1.086287109566110975e-03
1.086287109593202802e-03
1.087394632402600330e-03
1.087394632429692157e-03
1.088502968549658967e-03
1.088502968567720041e-03
1.089612118621364903e-03
1.089612118630395440e-03
1.090722083249857661e-03
1.090722083249857661e-03
1.091832863022124079e-03
1.091832863022124079e-03
1.092944458507089274e-03
1.092944458525150564e-03
1.094056870418168032e-03
1.094056870445259642e-03
1.095170099270102249e-03
1.095170099288163322e-03
1.096284145740184131e-03
1.096284145749214668e-03
1.097399010397339444e-03
1.097399010397339444e-03
1.098514693882737814e-03
1.098514693891768351e-03
1.099631196783365863e-03
1.099631196792396400e-03
1.100748519749424406e-03
1.100748519776516016e-03
1.101866663376930384e-03
1.101866663376930384e-03
1.102985628270931493e-03
1.102985628288992784e-03
1.104105415081628547e-03
1.104105415090659084e-03
1.105226024377946661e-03
1.105226024396007952e-03
1.106347456855239549e-03
1.106347456864270086e-03
1.107469713064371253e-03
1.107469713082432326e-03
1.108592793664572905e-03
1.108592793673603442e-03
1.109716699224770273e-03
1.109716699233800809e-03
1.110841430440316201e-03
1.110841430440316201e-03
1.111966987889167211e-03
1.111966987898197748e-03
1.113093372194432070e-03
1.113093372212493144e-03
1.114220584006310943e-03
1.114220584033402770e-03
1.115348623920821422e-03
1.115348623929852175e-03
1.116477492579133349e-03
1.116477492588163886e-03
1.117607190640477859e-03
1.117607190640477859e-03
1.118737718664749529e-03
1.118737718664749529e-03
1.119869077311179927e-03
1.119869077320210463e-03
1.121001267220938895e-03
1.121001267257061042e-03
1.122134288999073913e-03
1.122134289035196276e-03
1.123268143340938694e-03
1.123268143340938694e-03
1.124402830770305671e-03
1.124402830806427818e-03
1.125538352027681023e-03
1.125538352063803387e-03
1.126674707700051374e-03
1.126674707709081910e-03
1.127811898401495172e-03
1.127811898410525709e-03
1.128949924746090435e-03
1.128949924773182045e-03
1.130088787465312805e-03
1.130088787474343342e-03
1.131228487119057512e-03
1.131228487119057512e-03
1.132369024348494181e-03
1.132369024384616328e-03
1.133510399821884484e-03
1.133510399867037385e-03
1.134652614162337406e-03
1.134652614180398696e-03
1.135795668038114834e-03
1.135795668047145371e-03
1.136939561991050056e-03
1.136939562009111129e-03
1.138084296770680223e-03
1.138084296797771833e-03
1.139229873009144425e-03
1.139229873018174962e-03
1.140376291275368428e-03
1.140376291284398965e-03
1.141523552282766368e-03
1.141523552282766368e-03
1.142671656654447448e-03
1.142671656672508739e-03
1.143820605004489902e-03
1.143820605040612049e-03
1.144970398019216256e-03
1.144970398037277329e-03
1.146121036348827322e-03
1.146121036366888396e-03
1.147272520607401335e-03
1.147272520634492945e-03
1.148424851463199746e-03
1.148424851463199746e-03
1.149578029584484443e-03
1.149578029602545733e-03
1.150732055567272585e-03
1.150732055585333875e-03
1.151886930106917452e-03
1.151886930115948206e-03
1.153042653871680931e-03
1.153042653880711468e-03
1.154199227421457384e-03
1.154199227439518674e-03
1.155356651523845252e-03
1.155356651550936862e-03
1.156514926756800187e-03
1.156514926792922551e-03
1.157674053833736977e-03
1.157674053869859124e-03
1.158834033341642027e-03
1.158834033359703100e-03
1.159994866002960227e-03
1.159994866021021517e-03
1.161156552449831318e-03
1.161156552485953682e-03
1.162319093314394605e-03
1.162319093314394605e-03
1.163482489264911759e-03
1.163482489273942296e-03
1.164646741005766597e-03
1.164646741023827670e-03
1.165811849151037350e-03
1.165811849169098424e-03
1.166977814378016443e-03
1.166977814387046980e-03
1.168144637327873936e-03
1.168144637363996083e-03
1.169312318732085038e-03
1.169312318768207402e-03
1.170480859159575516e-03
1.170480859186667343e-03
1.171650259350851550e-03
1.171650259359882304e-03
1.172820519938052664e-03
1.172820519974174811e-03
1.173991641607501166e-03
1.173991641607501166e-03
1.175163624973275724e-03
1.175163625000367551e-03
1.176336470766851982e-03
1.176336470775882518e-03
1.177510179647460855e-03
1.177510179665521928e-03
1.178684752256272403e-03
1.178684752256272403e-03
1.179860189234456470e-03
1.179860189279609371e-03
1.181036491376702890e-03
1.181036491412825254e-03
1.182213659242906459e-03
1.182213659260967532e-03
1.183391693501328629e-03
1.183391693528420240e-03
1.184570594946659236e-03
1.184570594955689773e-03
1.185750364120731785e-03
1.185750364120731785e-03
1.186931001755022136e-03
1.186931001782113746e-03
1.188112508526822497e-03
1.188112508526822497e-03
1.189294885095363782e-03
1.189294885113424856e-03
1.190478132183091101e-03
1.190478132192121638e-03
1.191662250413113439e-03
1.191662250422143975e-03
1.192847240516906222e-03
1.192847240534967513e-03
1.194033103117578438e-03
1.194033103135639729e-03
1.195219838964666804e-03
1.195219838973697558e-03
1.196407448681280307e-03
1.196407448690310843e-03
1.197595932998894155e-03
1.197595932998894155e-03
1.198785292576739700e-03
1.198785292576739700e-03
1.199975528065017538e-03
1.199975528083078611e-03
1.201166640231325460e-03
1.201166640240355996e-03
1.202358629698772234e-03
1.202358629698772234e-03
1.203551497198833507e-03
1.203551497234955654e-03
1.204745243336557189e-03
1.204745243372679336e-03
1.205939868951785366e-03
1.205939868978876976e-03
1.207135374559260149e-03
1.207135374586351976e-03
1.208331761025915885e-03
1.208331761034946421e-03
1.209529028884555541e-03
1.209529028911647368e-03
1.210727178929868735e-03
1.210727178947930026e-03
1.211926211848178428e-03
1.211926211848178428e-03
1.213126128262592956e-03
1.213126128280654246e-03
1.214326928958771833e-03
1.214326928985863660e-03
1.215528614577884902e-03
1.215528614595945975e-03
1.216731185833346517e-03
1.216731185860438344e-03
1.217934643402449101e-03
1.217934643420510174e-03
1.219138988043759692e-03
1.219138988079881839e-03
1.220344220407478886e-03
1.220344220416509640e-03
1.221550341216052007e-03
1.221550341216052007e-03
1.222757351146771046e-03
1.222757351173862656e-03
1.223965250913050355e-03
1.223965250940142182e-03
1.225174041255396550e-03
1.225174041300549233e-03
1.226383722824009575e-03
1.226383722824009575e-03
1.227594296350365509e-03
1.227594296368426799e-03
1.228805762547878705e-03
1.228805762556909242e-03
1.230018122120932981e-03
1.230018122129963734e-03
1.231231375764881833e-03
1.231231375791973660e-03
1.232445524193139614e-03
1.232445524211200905e-03
1.233660568137182187e-03
1.233660568137182187e-03
1.234876508274301322e-03
1.234876508292362396e-03
1.236093345335972883e-03
1.236093345363064710e-03
1.237311080017550365e-03
1.237311080053672728e-03
1.238529713068570268e-03
1.238529713095662095e-03
1.239749245202447381e-03
1.239749245211477918e-03
1.240969677105504014e-03
1.240969677141626161e-03
1.242191009482124416e-03
1.242191009482124416e-03
1.243413243108936915e-03
1.243413243108936915e-03
1.244636378618081034e-03
1.244636378636142324e-03
1.245860416804246392e-03
1.245860416840368539e-03
1.247085358371816588e-03
1.247085358398908198e-03
1.248311204043236729e-03
1.248311204052267266e-03
1.249537954522891067e-03
1.249537954522891067e-03
1.250765610515163200e-03
1.250765610515163200e-03
1.251994172805711994e-03
1.251994172832803821e-03
1.253223642071830089e-03
1.253223642080860843e-03
1.254454019054023449e-03
1.254454019063054203e-03
1.255685304483767717e-03
1.255685304492798254e-03
1.256917499029324564e-03
1.256917499056416174e-03
1.258150603557627902e-03
1.258150603575688975e-03
1.259384618637603278e-03
1.259384618682756179e-03
1.260619545136184823e-03
1.260619545172307187e-03
1.261855383721634206e-03
1.261855383739695280e-03
1.263092135080274171e-03
1.263092135098335244e-03
1.264329800033885945e-03
1.264329800042916481e-03
1.265568379259761518e-03
1.265568379295883882e-03
1.266807873534529869e-03
1.266807873543560406e-03
1.268048283562574381e-03
1.268048283580635672e-03
1.269289610075371132e-03
1.269289610084401668e-03
1.270531853840517478e-03
1.270531853849548014e-03
1.271775015580458960e-03
1.271775015598520034e-03
1.273019096017640253e-03
1.273019096017640253e-03
1.274264095946750974e-03
1.274264095955781511e-03
1.275510016054113866e-03
1.275510016063144620e-03
1.276756857116357691e-03
1.276756857134418765e-03
1.278004619837866049e-03
1.278004619837866049e-03
1.279253305031389631e-03
1.279253305031389631e-03
1.280502913365190324e-03
1.280502913383251397e-03
1.281753445642987849e-03
1.281753445670079676e-03
1.283004902596258283e-03
1.283004902614319357e-03
1.284257284956476838e-03
1.284257284956476838e-03
1.285510593509302810e-03
1.285510593527363883e-03
1.286764828977180874e-03
1.286764828995242164e-03
1.288019992100617643e-03
1.288019992118678717e-03
1.289276083638180156e-03
1.289276083692363377e-03
1.290533104402618887e-03
1.290533104420679960e-03
1.291791055071226475e-03
1.291791055116379375e-03
1.293049936465783933e-03
1.293049936465783933e-03
1.294309749245522393e-03
1.294309749272614220e-03
1.295570494295437275e-03
1.295570494322528885e-03
1.296832172238636914e-03
1.296832172247667451e-03
1.298094783969147483e-03
1.298094783978178020e-03
1.299358330128138825e-03
1.299358330146199898e-03
1.300622811564483778e-03
1.300622811582544851e-03
1.301888229009657985e-03
1.301888229018688522e-03
1.303154583213198383e-03
1.303154583231259456e-03
1.304421874924641470e-03
1.304421874951733080e-03
1.305690104983829548e-03
1.305690104992860085e-03
1.306959274095146869e-03
1.306959274095146869e-03
1.308229383035221542e-03
1.308229383053282615e-03
1.309500432562621039e-03
1.309500432589712649e-03
1.310772423463004224e-03
1.310772423472034761e-03
1.312045356549121789e-03
1.312045356558152326e-03
1.313319232489235620e-03
1.313319232516327231e-03
1.314594052168340486e-03
1.314594052204462850e-03
1.315869816281790101e-03
1.315869816299851391e-03
1.317146525606212792e-03
1.317146525642335156e-03
1.318424180981450861e-03
1.318424180990481398e-03
1.319702783157041025e-03
1.319702783157041025e-03
1.320982332819306245e-03
1.320982332828336782e-03
1.322262830907424943e-03
1.322262830907424943e-03
1.323544278062566961e-03
1.323544278080628035e-03
1.324826675124574820e-03
1.324826675142635893e-03
1.326110022888138135e-03
1.326110022897168672e-03
1.327394322129885236e-03
1.327394322166007600e-03
1.328679573590322302e-03
1.328679573608383376e-03
1.329965778109291636e-03
1.329965778118322173e-03
1.331252936445360708e-03
1.331252936454391245e-03
1.332541049375157846e-03
1.332541049393218919e-03
1.333830117711433524e-03
1.333830117729494598e-03
1.335120142221785967e-03
1.335120142230816504e-03
1.336411123709934897e-03
1.336411123718965433e-03
1.337703062979600900e-03
1.337703062997661974e-03
1.338995960780320262e-03
1.338995960798381336e-03
1.340289817933874427e-03
1.340289817951935501e-03
1.341584635234952796e-03
1.341584635262044623e-03
1.342880413478245204e-03
1.342880413496306278e-03
1.344177153467471589e-03
1.344177153476502126e-03
1.345474855970229741e-03
1.345474855970229741e-03
1.346773521790240033e-03
1.346773521808301106e-03
1.348073151785405622e-03
1.348073151785405622e-03
1.349373746660110542e-03
1.349373746678171615e-03
1.350675307281288921e-03
1.350675307308380532e-03
1.351977834407507798e-03
1.351977834425569088e-03
1.353281328941823881e-03
1.353281328950854635e-03
1.354585791543468087e-03
1.354585791588620988e-03
1.355891223124527445e-03
1.355891223142588519e-03
1.357197624470660386e-03
1.357197624479691139e-03
1.358504996349465567e-03
1.358504996367526640e-03
1.359813339627876250e-03
1.359813339627876250e-03
1.361122655046399267e-03
1.361122655046399267e-03
1.362432943453907022e-03
1.362432943462937775e-03
1.363744205699272787e-03
1.363744205708303540e-03
1.365056442523002742e-03
1.365056442559124889e-03
1.366369654773969509e-03
1.366369654819122410e-03
1.367683843301046361e-03
1.367683843319107435e-03
1.368999008880861408e-03
1.368999008880861408e-03
1.370315152326165558e-03
1.370315152362287922e-03
1.371632274431648429e-03
1.371632274458740039e-03
1.372950376100366080e-03
1.372950376118427154e-03
1.374269458108946839e-03
1.374269458145069202e-03
1.375589521252080540e-03
1.375589521261111076e-03
1.376910566342517874e-03
1.376910566369609484e-03
1.378232594301375975e-03
1.378232594337498338e-03
1.379555605833039092e-03
1.379555605860130919e-03
1.380879601858624574e-03
1.380879601876685648e-03
1.382204583136699460e-03
1.382204583163791070e-03
1.383530550534198093e-03
1.383530550552259167e-03
1.384857504863870950e-03
1.384857504881932240e-03
1.386185446974591302e-03
1.386185446992652375e-03
1.387514377679109406e-03
1.387514377697170479e-03
1.388844297808237245e-03
1.388844297808237245e-03
1.390175208201817119e-03
1.390175208246969803e-03
1.391507109663569185e-03
1.391507109708722085e-03
1.392840003141702617e-03
1.392840003159763690e-03
1.394173889349631769e-03
1.394173889358662306e-03
1.395508769154290988e-03
1.395508769154290988e-03
1.396844643449705577e-03
1.396844643458736114e-03
1.398181512985412689e-03
1.398181512994443225e-03
1.399519378673498701e-03
1.399519378691559991e-03
1.400858241371867640e-03
1.400858241371867640e-03
1.402198101784903105e-03
1.402198101821025469e-03
1.403538960987242221e-03
1.403538960996272757e-03
1.404880819611024293e-03
1.404880819620054830e-03
1.406223678649611399e-03
1.406223678658641936e-03
1.407567538852540039e-03
1.407567538861570575e-03
1.408912401131897241e-03
1.408912401140927778e-03
1.410258266282372625e-03
1.410258266282372625e-03
1.411605135225083539e-03
1.411605135243144829e-03
1.412953008709566700e-03
1.412953008763750138e-03
1.414301887729184186e-03
1.414301887738214723e-03
1.415651773042503033e-03
1.415651773078625180e-03
1.417002665534518443e-03
1.417002665552579733e-03
1.418354566036042616e-03
1.418354566045073152e-03
1.419707475432070319e-03
1.419707475441100855e-03
1.421061394607596754e-03
1.421061394607596754e-03
1.422416324330219931e-03
1.422416324339250467e-03
1.423772265530087733e-03
1.423772265575240633e-03
1.425129219128317727e-03
1.425129219155409554e-03
1.426487185874446631e-03
1.426487185883477168e-03
1.427846166689591793e-03
1.427846166689591793e-03
1.429206162449717663e-03
1.429206162458748200e-03
1.430567173967575365e-03
1.430567173967575365e-03
1.431929202191373641e-03
1.431929202209434714e-03
1.433292247906771573e-03
1.433292247933863183e-03
1.434656312052947583e-03
1.434656312071008874e-03
1.436021395487805481e-03
1.436021395496836234e-03
1.437387499060218104e-03
1.437387499087309714e-03
1.438754623655180438e-03
1.438754623664210974e-03
1.440122770157687901e-03
1.440122770184779511e-03
1.441491939425643652e-03
1.441491939479827089e-03
1.442862132362104401e-03
1.442862132389196011e-03
1.444233349870126205e-03
1.444233349870126205e-03
1.445605592735367930e-03
1.445605592744398466e-03
1.446978861906038968e-03
1.446978861942161331e-03
1.448353158294226131e-03
1.448353158330348495e-03
1.449728482721710648e-03
1.449728482739771722e-03
1.451104836091548578e-03
1.451104836109609868e-03
1.452482219342918993e-03
1.452482219379041140e-03
1.453860633252449788e-03
1.453860633270510861e-03
1.455240078831564329e-03
1.455240078840594866e-03
1.456620556893013091e-03
1.456620556911074164e-03
1.458002068321791493e-03
1.458002068321791493e-03
1.459384614093200104e-03
1.459384614093200104e-03
1.460768194983867469e-03
1.460768194983867469e-03
1.462152811969094374e-03
1.462152811987155448e-03
1.463538465951937095e-03
1.463538465988059459e-03
1.464925157745146540e-03
1.464925157772238151e-03
1.466312888378206499e-03
1.466312888378206499e-03
1.467701658618715196e-03
1.467701658627745733e-03
1.469091469460034275e-03
1.469091469487126102e-03
1.470482321714914643e-03
1.470482321769098081e-03
1.471874216403809771e-03
1.471874216430901598e-03
1.473267154375592714e-03
1.473267154393653787e-03
1.474661136452044483e-03
1.474661136479136310e-03
1.476056163707802418e-03
1.476056163707802418e-03
1.477452236901433558e-03
1.477452236901433558e-03
1.478849357008238689e-03
1.478849357035330299e-03
1.480247524967396450e-03
1.480247524985457740e-03
1.481646741609718822e-03
1.481646741627779896e-03
1.483047007919536912e-03
1.483047007928567449e-03
1.484448324772815386e-03
1.484448324790876459e-03
1.485850693099702345e-03
1.485850693099702345e-03
1.487254113830345677e-03
1.487254113848406750e-03
1.488658587831679508e-03
1.488658587867801655e-03
1.490064116079004410e-03
1.490064116115126774e-03
1.491470699493438381e-03
1.491470699502468918e-03
1.492878338959975973e-03
1.492878338996098120e-03
1.494287035417796042e-03
1.494287035417796042e-03
1.495696789769954864e-03
1.495696789788016155e-03
1.497107603000783979e-03
1.497107603027875589e-03
1.498519475932064181e-03
1.498519475959156008e-03
1.499932409656494102e-03
1.499932409674555175e-03
1.501346404941671315e-03
1.501346404959732388e-03
1.502761462799018970e-03
1.502761462808049507e-03
1.504177584122562590e-03
1.504177584131593127e-03
1.505594769878572641e-03
1.505594769896633931e-03
1.507013021015258299e-03
1.507013021015258299e-03
1.508432338408584013e-03
1.508432338408584013e-03
1.509852723042881322e-03
1.509852723051911859e-03
1.511274175830237040e-03
1.511274175839267576e-03
1.512696697754982488e-03
1.512696697754982488e-03
1.514120289675021042e-03
1.514120289693082115e-03
1.515544952601775852e-03
1.515544952619837142e-03
1.516970687492486848e-03
1.516970687501517385e-03
1.518397495214087725e-03
1.518397495232148798e-03
1.519825376778001632e-03
1.519825376787032169e-03
1.521254333123407427e-03
1.521254333123407427e-03
1.522684365153360950e-03
1.522684365153360950e-03
1.524115473870255033e-03
1.524115473879285570e-03
1.525547660204237561e-03
1.525547660213268097e-03
1.526980925103517493e-03
1.526980925121578566e-03
1.528415269498243148e-03
1.528415269534365295e-03
1.529850694435959607e-03
1.529850694454020681e-03
1.531287200765539926e-03
1.531287200774570463e-03
1.532724789498407037e-03
1.532724789507437574e-03
1.534163461591800653e-03
1.534163461591800653e-03
1.535603217975868877e-03
1.535603217984899413e-03
1.537044059634943031e-03
1.537044059643973568e-03
1.538485987544323903e-03
1.538485987553354440e-03
1.539929002661250988e-03
1.539929002661250988e-03
1.541373105924903359e-03
1.541373105933933896e-03
1.542818298319611689e-03
1.542818298328642443e-03
1.544264580820677414e-03
1.544264580838738488e-03
1.545711954385339815e-03
1.545711954403401105e-03
1.547160420015991720e-03
1.547160420070175157e-03
1.548609978615689189e-03
1.548609978633750262e-03
1.550060631231977518e-03
1.550060631268099665e-03
1.551512378831126958e-03
1.551512378840157495e-03
1.552965222343285828e-03
1.552965222361346901e-03
1.554419162770846090e-03
1.554419162779876627e-03
1.555874201089108965e-03
1.555874201098139502e-03
1.557330338300466849e-03
1.557330338300466849e-03
1.558787575344098165e-03
1.558787575353128918e-03
1.560245913213365206e-03
1.560245913240456816e-03
1.561705352937751761e-03
1.561705352964843372e-03
1.563165895465467008e-03
1.563165895474497545e-03
1.564627541753750876e-03
1.564627541789873023e-03
1.566090292877240055e-03
1.566090292904331665e-03
1.567554149757052111e-03
1.567554149766082648e-03
1.569019113395579658e-03
1.569019113413640948e-03
1.570485184786184554e-03
1.570485184795215091e-03
1.571952364931259415e-03
1.571952364958351025e-03
1.573420654824165881e-03
1.573420654851257492e-03
1.574890055467296568e-03
1.574890055476327105e-03
1.576360567835952261e-03
1.576360567854013552e-03
1.577832192950586864e-03
1.577832192959617401e-03
1.579304931813592557e-03
1.579304931822623093e-03
1.580778785418331415e-03
1.580778785418331415e-03
1.582253754740104226e-03
1.582253754740104226e-03
1.583729840835486824e-03
1.583729840844517360e-03
1.585207044697841067e-03
1.585207044706871604e-03
1.586685367320529250e-03
1.586685367320529250e-03
1.588164809696912799e-03
1.588164809696912799e-03
1.589645372874537443e-03
1.589645372910659590e-03
1.591127057810642681e-03
1.591127057828703754e-03
1.592609865625018318e-03
1.592609865625018318e-03
1.594093797202659557e-03
1.594093797229751168e-03
1.595578853645295133e-03
1.595578853654325670e-03
1.597065035955317442e-03
1.597065035982409269e-03
1.598552345135119098e-03
1.598552345135119098e-03
1.600040782187092713e-03
1.600040782196123250e-03
1.601530348203936052e-03
1.601530348203936052e-03
1.603021044115797433e-03
1.603021044142889043e-03
1.604512871015374839e-03
1.604512871024405376e-03
1.606005829886999591e-03
1.606005829896030128e-03
1.607499921805308814e-03
1.607499921823369888e-03
1.608995147763664368e-03
1.608995147772694905e-03
1.610491508800581230e-03
1.610491508809611767e-03
1.611989005936512653e-03
1.611989005945543190e-03
1.613487640209973614e-03
1.613487640209973614e-03
1.614987412695601020e-03
1.614987412695601020e-03
1.616488324350634585e-03
1.616488324359665121e-03
1.617990376303894869e-03
1.617990376312925405e-03
1.619493569512621151e-03
1.619493569521651688e-03
1.620997905060481310e-03
1.620997905060481310e-03
1.622503383958898496e-03
1.622503383995020643e-03
1.624010007309601008e-03
1.624010007336692835e-03
1.625517776124012432e-03
1.625517776151104042e-03
1.627026691413555265e-03
1.627026691422585802e-03
1.628536754243836314e-03
1.628536754279958461e-03
1.630047965734645384e-03
1.630047965761736994e-03
1.631560326852252510e-03
1.631560326861283047e-03
1.633073838671294815e-03
1.633073838671294815e-03
1.634588502266409423e-03
1.634588502275439960e-03
1.636104318658049804e-03
1.636104318667080341e-03
1.637621288920852866e-03
1.637621288929883403e-03
1.639139414129455949e-03
1.639139414147517022e-03
1.640658695295281770e-03
1.640658695304312307e-03
1.642179133511028526e-03
1.642179133547150890e-03
1.643700729869394632e-03
1.643700729887455705e-03
1.645223485390833341e-03
1.645223485426955705e-03
1.646747401168043067e-03
1.646747401195134677e-03
1.648272478239538354e-03
1.648272478248568890e-03
1.649798717688986862e-03
1.649798717698017399e-03
1.651326120600056036e-03
1.651326120600056036e-03
1.652854687993199779e-03
1.652854688002230316e-03
1.654384421006268755e-03
1.654384421033360583e-03
1.655915320641655579e-03
1.655915320677777943e-03
1.657447388091394568e-03
1.657447388118486395e-03
1.658980624330786725e-03
1.658980624348847799e-03
1.660515030452529815e-03
1.660515030461560352e-03
1.662050607549322035e-03
1.662050607558352572e-03
1.663587356722892336e-03
1.663587356731922873e-03
1.665125279029816335e-03
1.665125279038846872e-03
1.666664375580853303e-03
1.666664375589883840e-03
1.668204647432579291e-03
1.668204647450640581e-03
1.669746095695753569e-03
1.669746095713814642e-03
1.671288721454043365e-03
1.671288721454043365e-03
1.672832525800147310e-03
1.672832525827238920e-03
1.674377509790640805e-03
1.674377509817732415e-03
1.675923674590466773e-03
1.675923674608527847e-03
1.677471021265231586e-03
1.677471021274262123e-03
1.679019550871511078e-03
1.679019550889572152e-03
1.680569264574247740e-03
1.680569264610370104e-03
1.682120163420987302e-03
1.682120163430017839e-03
1.683672248540549676e-03
1.683672248549580213e-03
1.685225521025633276e-03
1.685225521052725103e-03
1.686779982014089199e-03
1.686779982023119736e-03
1.688335632553462310e-03
1.688335632562492847e-03
1.689892473790634243e-03
1.689892473799664997e-03
1.691450506818303412e-03
1.691450506827333949e-03
1.693009732801412310e-03
1.693009732810442846e-03
1.694570152787506015e-03
1.694570152787506015e-03
1.696131767896374770e-03
1.696131767905405307e-03
1.697694579247807948e-03
1.697694579274899558e-03
1.699258588024809549e-03
1.699258588033840086e-03
1.700823795256863795e-03
1.700823795283955622e-03
1.702390202126974469e-03
1.702390202136005006e-03
1.703957809727839551e-03
1.703957809727839551e-03
1.705526619170218312e-03
1.705526619179248849e-03
1.707096631646145071e-03
1.707096631664206145e-03
1.708667848185104051e-03
1.708667848203165125e-03
1.710240269979129571e-03
1.710240270015251935e-03
1.711813898166072729e-03
1.711813898175103266e-03
1.713388733874753652e-03
1.713388733901845479e-03
1.714964778197870755e-03
1.714964778206901292e-03
1.716542032318427386e-03
1.716542032336488676e-03
1.718120497311060885e-03
1.718120497329122176e-03
1.719700174385866646e-03
1.719700174385866646e-03
1.721281064644573401e-03
1.721281064653603938e-03
1.722863169252123643e-03
1.722863169279215253e-03
1.724446489319276642e-03
1.724446489328307179e-03
1.726031026010974891e-03
1.726031026029036181e-03
1.727616780501192066e-03
1.727616780510222603e-03
1.729203753882625934e-03
1.729203753900687007e-03
1.730791947338280274e-03
1.730791947338280274e-03
1.732381361978914359e-03
1.732381362015036506e-03
1.733971999059776481e-03
1.733971999068807017e-03
1.735563859655503546e-03
1.735563859655503546e-03
1.737156944912977190e-03
1.737156944931038480e-03
1.738751256033262485e-03
1.738751256033262485e-03
1.740346794118087731e-03
1.740346794145179342e-03
1.741943560404640148e-03
1.741943560449793049e-03
1.743541556039801370e-03
1.743541556039801370e-03
1.745140782143361205e-03
1.745140782152391958e-03
1.746741239853170750e-03
1.746741239916384724e-03
1.748342930505752913e-03
1.748342930514783450e-03
1.749945855112531061e-03
1.749945855130592134e-03
1.751550014874570047e-03
1.751550014892631121e-03
1.753155410992934728e-03
1.753155410992934728e-03
1.754762044623537059e-03
1.754762044632567812e-03
1.756369916976472864e-03
1.756369916976472864e-03
1.757979029171531518e-03
1.757979029180562055e-03
1.759589382454930778e-03
1.759589382454930778e-03
1.761200977946460666e-03
1.761200977964521956e-03
1.762813816892338939e-03
1.762813816892338939e-03
1.764427900421385725e-03
1.764427900430416262e-03
1.766043229752727170e-03
1.766043229752727170e-03
1.767659806033244690e-03
1.767659806060336517e-03
1.769277630554308943e-03
1.769277630563339480e-03
1.770896704417648663e-03
1.770896704435709736e-03
1.772517028815297950e-03
1.772517028833359024e-03
1.774138604975413272e-03
1.774138605011535636e-03
1.775761434126151743e-03
1.775761434162273890e-03
1.777385517387302738e-03
1.777385517405363812e-03
1.779010856005084013e-03
1.779010856032175623e-03
1.780637451225713323e-03
1.780637451234743859e-03
1.782265304150919402e-03
1.782265304168980692e-03
1.783894416081103444e-03
1.783894416117225590e-03
1.785524788154116112e-03
1.785524788181207722e-03
1.787156421616175163e-03
1.787156421634236237e-03
1.788789317713498569e-03
1.788789317722529106e-03
1.790423477592967315e-03
1.790423477656181289e-03
1.792058902473707980e-03
1.792058902482738516e-03
1.793695593629029712e-03
1.793695593638060248e-03
1.795333552223875220e-03
1.795333552241936293e-03
1.796972779486400752e-03
1.796972779513492579e-03
1.798613276698946646e-03
1.798613276717007719e-03
1.800255044972271954e-03
1.800255044981302708e-03
1.801898085660961308e-03
1.801898085669991845e-03
1.803542399884804515e-03
1.803542399884804515e-03
1.805187988926141261e-03
1.805187988926141261e-03
1.806834853967975545e-03
1.806834853977006081e-03
1.808482996346830489e-03
1.808482996346830489e-03
1.810132417182496118e-03
1.810132417191526654e-03
1.811783117757312335e-03
1.811783117784403945e-03
1.813435099344588505e-03
1.813435099371680332e-03
1.815088363118297875e-03
1.815088363127328411e-03
1.816742910387871956e-03
1.816742910414963783e-03
1.818398742327284210e-03
1.818398742336314747e-03
1.820055860209843571e-03
1.820055860245965934e-03
1.821714265317890590e-03
1.821714265335951663e-03
1.823373958870550763e-03
1.823373958888611836e-03
1.825034942105011309e-03
1.825034942114042063e-03
1.826697216303612564e-03
1.826697216312643101e-03
1.828360782676449487e-03
1.828360782694510561e-03
1.830025642523923487e-03
1.830025642541984561e-03
1.831691797110313177e-03
1.831691797137405004e-03
1.833359247654744919e-03
1.833359247672805992e-03
1.835027995394405281e-03
1.835027995430527645e-03
1.836698041729032012e-03
1.836698041747093085e-03
1.838369387787445455e-03
1.838369387814537065e-03
1.840042034842954760e-03
1.840042034870046370e-03
1.841715984259174876e-03
1.841715984268205413e-03
1.843391237237171094e-03
1.843391237273293458e-03
1.845067795041222024e-03
1.845067795068313634e-03
1.846745658989789934e-03
1.846745659016881544e-03
1.848424830365214509e-03
1.848424830383275583e-03
1.850105310368561039e-03
1.850105310377591575e-03
1.851787100363444256e-03
1.851787100381505329e-03
1.853470201596081916e-03
1.853470201623173743e-03
1.855154615348814139e-03
1.855154615348814139e-03
1.856840342913011147e-03
1.856840342913011147e-03
1.858527385561982524e-03
1.858527385589074351e-03
1.860215744641282361e-03
1.860215744686435045e-03
1.861905421333913792e-03
1.861905421388097229e-03
1.863596417084767681e-03
1.863596417111859291e-03
1.865288733085877695e-03
1.865288733103938768e-03
1.866982370628614708e-03
1.866982370637645244e-03
1.868677331058532596e-03
1.868677331067563133e-03
1.870373615657971262e-03
1.870373615657971262e-03
1.872071225709270609e-03
1.872071225718301146e-03
1.873770162530892904e-03
1.873770162576045588e-03
1.875470427486453096e-03
1.875470427531605779e-03
1.877172021813138187e-03
1.877172021840230014e-03
1.878874946847471951e-03
1.878874946874563561e-03
1.880579203907916221e-03
1.880579203907916221e-03
1.882284794285841653e-03
1.882284794303902727e-03
1.883991719290679760e-03
1.883991719326802124e-03
1.885699980331198610e-03
1.885699980331198610e-03
1.887409578617493594e-03
1.887409578635554667e-03
1.889120515522209982e-03
1.889120515522209982e-03
1.890832792345749185e-03
1.890832792372840795e-03
1.892546410469787225e-03
1.892546410514940125e-03
1.894261371167633686e-03
1.894261371185694759e-03
1.895977675766780937e-03
1.895977675802903084e-03
1.897695325666966509e-03
1.897695325675997045e-03
1.899414322141499984e-03
1.899414322150530521e-03
1.901134666535934806e-03
1.901134666544965343e-03
1.902856360195825068e-03
1.902856360213886358e-03
1.904579404466724864e-03
1.904579404466724864e-03
1.906303800667096243e-03
1.906303800676126779e-03
1.908029550187645765e-03
1.908029550187645765e-03
1.909756654337805377e-03
1.909756654346835914e-03
1.911485114472159276e-03
1.911485114481189813e-03
1.913214931927230801e-03
1.913214931936261338e-03
1.914946108111788021e-03
1.914946108120818558e-03
1.916678644317201157e-03
1.916678644317201157e-03
1.918412541916115913e-03
1.918412541934177203e-03
1.920147802299239067e-03
1.920147802317300357e-03
1.921884426785032884e-03
1.921884426794063421e-03
1.923622416764203926e-03
1.923622416800326290e-03
1.925361773573275532e-03
1.925361773600367359e-03
1.927102498648107379e-03
1.927102498657137916e-03
1.928844593271039154e-03
1.928844593280069691e-03
1.930588058850838925e-03
1.930588058850838925e-03
1.932332896742090887e-03
1.932332896751121640e-03
1.934079108371624398e-03
1.934079108380654935e-03
1.935826695048870755e-03
1.935826695057901291e-03
1.937575658209689635e-03
1.937575658209689635e-03
1.939325999199634915e-03
1.939325999199634915e-03
1.941077719418443908e-03
1.941077719427474445e-03
1.942830820211670492e-03
1.942830820238762102e-03
1.944585303051296274e-03
1.944585303069357347e-03
1.946341169264814274e-03
1.946341169264814274e-03
1.948098420233900516e-03
1.948098420242931053e-03
1.949857057376353170e-03
1.949857057403444997e-03
1.951617082100940521e-03
1.951617082109971058e-03
1.953378495780307839e-03
1.953378495780307839e-03
1.955141299850314800e-03
1.955141299868375874e-03
1.956905495638454427e-03
1.956905495638454427e-03
1.958671084625738211e-03
1.958671084625738211e-03
1.960438068166751435e-03
1.960438068184812508e-03
1.962206447724444951e-03
1.962206447733475488e-03
1.963976224653403175e-03
1.963976224671464682e-03
1.965747400398516753e-03
1.965747400416577827e-03
1.967519976377583423e-03
1.967519976386613960e-03
1.969293953981309745e-03
1.969293953990340282e-03
1.971069334645555830e-03
1.971069334672647874e-03
1.972846119788120283e-03
1.972846119815211893e-03
1.974624310835830943e-03
1.974624310853892450e-03
1.976403909206487283e-03
1.976403909224548356e-03
1.978184916354009618e-03
1.978184916363040155e-03
1.979967333660073974e-03
1.979967333669104511e-03
1.981751162614723248e-03
1.981751162632784322e-03
1.983536404599633898e-03
1.983536404599633898e-03
1.985323061059695703e-03
1.985323061086787313e-03
1.987111133484951563e-03
1.987111133493982100e-03
1.988900623220955354e-03
1.988900623248046964e-03
1.990691531839025238e-03
1.990691531884178356e-03
1.992483860639562409e-03
1.992483860666654019e-03
1.994277611220976205e-03
1.994277611220976205e-03
1.996072784901728892e-03
1.996072784928820502e-03
1.997869383189924443e-03
1.997869383189924443e-03
1.999667407503361461e-03
1.999667407548514578e-03
2.001466859413358109e-03
2.001466859422388646e-03
2.003267740256436859e-03
2.003267740265467396e-03
2.005070051504580404e-03
2.005070051531672014e-03
2.006873794665892715e-03
2.006873794692984325e-03
2.008678971185263139e-03
2.008678971203324212e-03
2.010485582552735007e-03
2.010485582588857154e-03
2.012293630177076388e-03
2.012293630195137462e-03
2.014103115593482863e-03
2.014103115602513400e-03
2.015914040264905286e-03
2.015914040264905286e-03
2.017726405636234305e-03
2.017726405654295379e-03
2.019540213188481849e-03
2.019540213206542922e-03
2.021355464447813395e-03
2.021355464474905005e-03
2.023172160850088188e-03
2.023172160850088188e-03
2.024990303885349126e-03
2.024990303903410199e-03
2.026809895079761687e-03
2.026809895115883834e-03
2.028630935860154146e-03
2.028630935887246189e-03
2.030453427779784457e-03
2.030453427788814994e-03
2.032277372328694653e-03
2.032277372337725190e-03
2.034102770942743978e-03
2.034102770951774948e-03
2.035929625166159850e-03
2.035929625184220923e-03
2.037757936525106447e-03
2.037757936561228594e-03
2.039587706428352271e-03
2.039587706446413344e-03
2.041418936528489880e-03
2.041418936537520417e-03
2.043251628189134226e-03
2.043251628198164763e-03
2.045085782990634440e-03
2.045085783008695514e-03
2.046921402459155135e-03
2.046921402477216208e-03
2.048758488057647598e-03
2.048758488093769745e-03
2.050597041375491064e-03
2.050597041375491064e-03
2.052437063821453602e-03
2.052437063848545212e-03
2.054278557057158307e-03
2.054278557066188844e-03
2.056121522500403784e-03
2.056121522527495395e-03
2.057965961713477225e-03
2.057965961740569269e-03
2.059811876231575078e-03
2.059811876258666689e-03
2.061659267571831419e-03
2.061659267589892493e-03
2.063508137296533439e-03
2.063508137296533439e-03
2.065358486895724471e-03
2.065358486913785544e-03
2.067210317949752345e-03
2.067210317958783315e-03
2.069063631993813945e-03
2.069063632002844481e-03
2.070918430517951301e-03
2.070918430526981838e-03
2.072774715138635260e-03
2.072774715147665796e-03
2.074632487382031300e-03
2.074632487391061837e-03
2.076491748747212856e-03
2.076491748774304466e-03
2.078352500895803024e-03
2.078352500922894634e-03
2.080214745290753526e-03
2.080214745290753526e-03
2.082078483476290914e-03
2.082078483503382524e-03
2.083943717123068386e-03
2.083943717159190967e-03
2.085810447694038099e-03
2.085810447694038099e-03
2.087678676742456274e-03
2.087678676778578421e-03
2.089548405948007948e-03
2.089548405948007948e-03
2.091419636791705481e-03
2.091419636809766554e-03
2.093292370808744456e-03
2.093292370835836066e-03
2.095166609696870984e-03
2.095166609714932057e-03
2.097042354946127528e-03
2.097042354955158065e-03
2.098919608118801714e-03
2.098919608127832251e-03
2.100798370876517072e-03
2.100798370885547609e-03
2.102678644736408111e-03
2.102678644736408111e-03
2.104560431296885036e-03
2.104560431323976646e-03
2.106443732183448797e-03
2.106443732192479334e-03
2.108328548958386586e-03
2.108328548976447659e-03
2.110214883202047535e-03
2.110214883229139145e-03
2.112102736548962696e-03
2.112102736567023770e-03
2.113992110570450667e-03
2.113992110588512174e-03
2.115883006882982292e-03
2.115883006892012828e-03
2.117775427093997447e-03
2.117775427103027984e-03
2.119669372765783759e-03
2.119669372774814296e-03
2.121564845568995293e-03
2.121564845587056800e-03
2.123461847093011286e-03
2.123461847129133433e-03
2.125360378918180002e-03
2.125360378945272046e-03
2.127260442724186480e-03
2.127260442742247553e-03
2.129162040064287373e-03
2.129162040091378983e-03
2.131065172636228359e-03
2.131065172636228359e-03
2.132969841993266960e-03
2.132969842002297497e-03
2.134876049797025839e-03
2.134876049815086912e-03
2.136783797663976709e-03
2.136783797673007246e-03
2.138693087246711696e-03
2.138693087246711696e-03
2.140603920125579932e-03
2.140603920152671542e-03
2.142516298025418705e-03
2.142516298079602359e-03
2.144430222481424030e-03
2.144430222508516073e-03
2.146345695263586310e-03
2.146345695272616847e-03
2.148262717907100695e-03
2.148262717907100695e-03
2.150181292100682758e-03
2.150181292109713295e-03
2.152101419478864852e-03
2.152101419487895389e-03
2.154023101739391786e-03
2.154023101766483830e-03
2.155946340453582591e-03
2.155946340471644098e-03
2.157871137382396699e-03
2.157871137391427236e-03
2.159797494088121737e-03
2.159797494097152274e-03
2.161725412331716705e-03
2.161725412340747242e-03
2.163654893684500199e-03
2.163654893693531169e-03
2.165585939871309939e-03
2.165585939898401549e-03
2.167518552508616338e-03
2.167518552553769021e-03
2.169452733393501410e-03
2.169452733420593020e-03
2.171388484043100097e-03
2.171388484061161171e-03
2.173325806236432907e-03
2.173325806254493980e-03
2.175264701671245950e-03
2.175264701698337560e-03
2.177205171945948998e-03
2.177205171945948998e-03
2.179147218794409875e-03
2.179147218821501485e-03
2.181090843878252111e-03
2.181090843905343721e-03
2.183036048976497081e-03
2.183036048994558154e-03
2.184982835687553689e-03
2.184982835687553689e-03
2.186931205736260524e-03
2.186931205763352135e-03
2.188881160829392932e-03
2.188881160847454439e-03
2.190832702691789501e-03
2.190832702700820037e-03
2.192785833012164502e-03
2.192785833030225576e-03
2.194740553452142334e-03
2.194740553470203408e-03
2.196696865781712967e-03
2.196696865817835114e-03
2.198654771716683151e-03
2.198654771734744658e-03
2.200614272945768893e-03
2.200614272954799430e-03
2.202575371175745974e-03
2.202575371202837584e-03
2.204538068167574260e-03
2.204538068185635333e-03
2.206502365628030832e-03
2.206502365637061369e-03
2.208468265290982648e-03
2.208468265300013184e-03
2.210435768854176683e-03
2.210435768872237756e-03
2.212404878087602476e-03
2.212404878087602476e-03
2.214375594689006136e-03
2.214375594716097746e-03
2.216347920482561722e-03
2.216347920500622796e-03
2.218321857093770184e-03
2.218321857111831257e-03
2.220297406355835682e-03
2.220297406364866218e-03
2.222274569948443686e-03
2.222274569957474223e-03
2.224253349695767389e-03
2.224253349713828463e-03
2.226233747241369246e-03
2.226233747259430320e-03
2.228215764463606103e-03
2.228215764472636640e-03
2.230199403051193966e-03
2.230199403069255040e-03
2.232184664747031196e-03
2.232184664783153343e-03
2.234171551393352492e-03
2.234171551402383028e-03
2.236160064678873426e-03
2.236160064696934499e-03
2.238150206382614506e-03
2.238150206409706550e-03
2.240141978337780761e-03
2.240141978355841834e-03
2.242135382242117000e-03
2.242135382269208610e-03
2.244130419928828252e-03
2.244130419973980935e-03
2.246127093104690730e-03
2.246127093149843847e-03
2.248125403693214397e-03
2.248125403711275904e-03
2.250125353346992679e-03
2.250125353356023216e-03
2.252126943890198334e-03
2.252126943908259408e-03
2.254130177147006288e-03
2.254130177156036825e-03
2.256135054869344569e-03
2.256135054887405643e-03
2.258141578899449178e-03
2.258141578899449178e-03
2.260149750971187071e-03
2.260149750980217608e-03
2.262159572944855319e-03
2.262159572980977466e-03
2.264171046644627115e-03
2.264171046662688189e-03
2.266184173840492862e-03
2.266184173840492862e-03
2.268198956320504039e-03
2.268198956338565112e-03
2.270215395972048026e-03
2.270215395981078563e-03
2.272233494528993515e-03
2.272233494538024052e-03
2.274253253887758858e-03
2.274253253887758858e-03
2.276274675782211446e-03
2.276274675818333593e-03
2.278297762153922313e-03
2.278297762181014357e-03
2.280322514772882732e-03
2.280322514809004879e-03
2.282348935481326967e-03
2.282348935490357503e-03
2.284377026076337032e-03
2.284377026085367569e-03
2.286406788445300309e-03
2.286406788445300309e-03
2.288438224403360755e-03
2.288438224412391291e-03
2.290471335810813705e-03
2.290471335837905315e-03
2.292506124500863756e-03
2.292506124500863756e-03
2.294542592324776576e-03
2.294542592342837650e-03
2.296580741169939113e-03
2.296580741188000187e-03
2.298620572842464786e-03
2.298620572842464786e-03
2.300662089220710006e-03
2.300662089238771080e-03
2.302705292201093559e-03
2.302705292201093559e-03
2.304750183598758100e-03
2.304750183607788636e-03
2.306796765292061339e-03
2.306796765301091876e-03
2.308845039177421198e-03
2.308845039195482271e-03
2.310895007115133445e-03
2.310895007124163982e-03
2.312946671001616869e-03
2.312946671010647406e-03
2.315000032670075196e-03
2.315000032670075196e-03
2.317055094044018389e-03
2.317055094053048925e-03
2.319111857001804160e-03
2.319111857010834696e-03
2.321170323439850428e-03
2.321170323448880964e-03
2.323230495236514037e-03
2.323230495254575111e-03
2.325292374252091194e-03
2.325292374288213341e-03
2.327355962518458735e-03
2.327355962536519808e-03
2.329421261751423410e-03
2.329421261778515020e-03
2.331488274028014739e-03
2.331488274046075813e-03
2.333557001154345275e-03
2.333557001172406348e-03
2.335627445071986486e-03
2.335627445099078096e-03
2.337699607695417365e-03
2.337699607704447902e-03
2.339773490921055830e-03
2.339773490930086800e-03
2.341849096699504321e-03
2.341849096708534857e-03
2.343926426954272366e-03
2.343926426954272366e-03
2.346005483599838959e-03
2.346005483599838959e-03
2.348086268550683958e-03
2.348086268559714928e-03
2.350168783775470008e-03
2.350168783811592589e-03
2.352253031206737611e-03
2.352253031206737611e-03
2.354339012722844043e-03
2.354339012740905117e-03
2.356426730364695812e-03
2.356426730373726349e-03
2.358516186028712137e-03
2.358516186028712137e-03
2.360607381647432650e-03
2.360607381656463187e-03
2.362700319207581938e-03
2.362700319225643011e-03
2.364795000641700066e-03
2.364795000650730603e-03
2.366891427909419143e-03
2.366891427918449680e-03
2.368989602970371713e-03
2.368989602997463324e-03
2.371089527847403643e-03
2.371089527856434613e-03
2.373191204427902747e-03
2.373191204436933717e-03
2.375294634725684789e-03
2.375294634734715325e-03
2.377399820700381444e-03
2.377399820700381444e-03
2.379506764356777940e-03
2.379506764356777940e-03
2.381615467636445313e-03
2.381615467654506386e-03
2.383725932571260399e-03
2.383725932616413083e-03
2.385838161066671653e-03
2.385838161120854874e-03
2.387952155262922788e-03
2.387952155262922788e-03
2.390067917020310007e-03
2.390067917029340544e-03
2.392185448388770789e-03
2.392185448406831862e-03
2.394304751373089925e-03
2.394304751382120462e-03
2.396425827941930497e-03
2.396425827950961467e-03
2.398548680136199877e-03
2.398548680145230413e-03
2.400673309978743931e-03
2.400673309978743931e-03
2.402799719447256278e-03
2.402799719465317351e-03
2.404927910582643855e-03
2.404927910609735466e-03
2.407057885362599847e-03
2.407057885416783068e-03
2.409189645954459575e-03
2.409189645981551185e-03
2.411323194227549781e-03
2.411323194254641391e-03
2.413458532258899551e-03
2.413458532267930088e-03
2.415595662107477767e-03
2.415595662116508304e-03
2.417734585805160399e-03
2.417734585814190935e-03
2.419875305356733539e-03
2.419875305374794613e-03
2.422017822884378092e-03
2.422017822911470136e-03
2.424162140365788542e-03
2.424162140365788542e-03
2.426308259850902364e-03
2.426308259887024511e-03
2.428456183479962838e-03
2.428456183516084985e-03
2.430605913221632608e-03
2.430605913230663145e-03
2.432757451171002703e-03
2.432757451180033240e-03
2.434910799387041136e-03
2.434910799405102209e-03
2.437065959964838935e-03
2.437065959973869472e-03
2.439222934945302606e-03
2.439222934945302606e-03
2.441381726405462537e-03
2.441381726441584684e-03
2.443542336422347815e-03
2.443542336458469962e-03
2.445704767136201718e-03
2.445704767163293328e-03
2.447869020542778936e-03
2.447869020587931620e-03
2.450035098818444893e-03
2.450035098836505967e-03
2.452203004013137934e-03
2.452203004022168471e-03
2.454372738203887145e-03
2.454372738203887145e-03
2.456544303530935804e-03
2.456544303558027414e-03
2.458717702080344403e-03
2.458717702080344403e-03
2.460892935938172564e-03
2.460892935938172564e-03
2.463070007244664000e-03
2.463070007262725073e-03
2.465248918131031884e-03
2.465248918149092958e-03
2.467429670674305305e-03
2.467429670692366378e-03
2.469612267014727539e-03
2.469612267023758075e-03
2.471796709292542298e-03
2.471796709292542298e-03
2.473982999593810073e-03
2.473982999593810073e-03
2.476171140103926391e-03
2.476171140112956928e-03
2.478361132872829165e-03
2.478361132908951311e-03
2.480552980185251125e-03
2.480552980203312198e-03
2.482746684064038572e-03
2.482746684073069109e-03
2.484942246667495424e-03
2.484942246685556497e-03
2.487139670181018510e-03
2.487139670208110553e-03
2.489338956753881643e-03
2.489338956790004224e-03
2.491540108553420146e-03
2.491540108562450683e-03
2.493743127719877297e-03
2.493743127728907834e-03
2.495948016384465836e-03
2.495948016402526910e-03
2.498154776804826453e-03
2.498154776822887526e-03
2.500363411030897057e-03
2.500363411067019637e-03
2.502573921392563499e-03
2.502573921401594036e-03
2.504786309930732285e-03
2.504786309930732285e-03
2.507000578921105612e-03
2.507000578930136149e-03
2.509216730494896221e-03
2.509216730512957294e-03
2.511434766864592116e-03
2.511434766873622652e-03
2.513654690215589259e-03
2.513654690242680869e-03
2.515876502715223405e-03
2.515876502760376523e-03
2.518100206693379538e-03
2.518100206693379538e-03
2.520325804199995568e-03
2.520325804218056642e-03
2.522553297528834330e-03
2.522553297537864867e-03
2.524782688865292220e-03
2.524782688874322757e-03
2.527013980439917883e-03
2.527013980448948420e-03
2.529247174474230295e-03
2.529247174483260831e-03
2.531482273153625850e-03
2.531482273171686923e-03
2.533719278771866951e-03
2.533719278807989098e-03
2.535958193523380963e-03
2.535958193541442036e-03
2.538199019638716965e-03
2.538199019647747502e-03
2.540441759366484677e-03
2.540441759375515213e-03
2.542686414955294683e-03
2.542686414973355756e-03
2.544932988644726165e-03
2.544932988671817775e-03
2.547181482683390143e-03
2.547181482701451217e-03
2.549431899337957410e-03
2.549431899346987947e-03
2.551684240875099190e-03
2.551684240893160264e-03
2.553938509516334027e-03
2.553938509516334027e-03
2.556194707555425188e-03
2.556194707573486262e-03
2.558452837268074438e-03
2.558452837268074438e-03
2.560712900948045045e-03
2.560712900984167192e-03
2.562974900798794045e-03
2.562974900816855119e-03
2.565238839186329001e-03
2.565238839204390074e-03
2.567504718341198557e-03
2.567504718368290601e-03
2.569772540602319535e-03
2.569772540602319535e-03
2.572042308200240580e-03
2.572042308209271117e-03
2.574314023500968822e-03
2.574314023509999359e-03
2.576587688716992699e-03
2.576587688744084309e-03
2.578863306259472025e-03
2.578863306277533098e-03
2.581140878358956312e-03
2.581140878377017819e-03
2.583420407399514198e-03
2.583420407399514198e-03
2.585701895602664224e-03
2.585701895611694761e-03
2.587985345379566638e-03
2.587985345406658248e-03
2.590270759014953305e-03
2.590270759014953305e-03
2.592558138811618899e-03
2.592558138829679972e-03
2.594847487171692262e-03
2.594847487180722799e-03
2.597138806370876025e-03
2.597138806397967636e-03
2.599432098775176884e-03
2.599432098793237958e-03
2.601727366768664344e-03
2.601727366768664344e-03
2.604024612599947688e-03
2.604024612636070268e-03
2.606323838734371685e-03
2.606323838743402222e-03
2.608625047483759812e-03
2.608625047492790349e-03
2.610928241168966515e-03
2.610928241196058125e-03
2.613233422201152907e-03
2.613233422219213981e-03
2.615540592982447832e-03
2.615540592982447832e-03
2.617849755815645964e-03
2.617849755815645964e-03
2.620160913102876146e-03
2.620160913102876146e-03
2.622474067228207448e-03
2.622474067246268522e-03
2.624789220620861192e-03
2.624789220647952802e-03
2.627106375610722792e-03
2.627106375619753329e-03
2.629425534581860454e-03
2.629425534627013571e-03
2.631746700035740658e-03
2.631746700062832702e-03
2.634069874284187748e-03
2.634069874293218285e-03
2.636395059747392074e-03
2.636395059792544758e-03
2.638722258827483347e-03
2.638722258854574957e-03
2.641051473989805467e-03
2.641051474007866540e-03
2.643382707627458042e-03
2.643382707627458042e-03
2.645715962142570349e-03
2.645715962151600886e-03
2.648051239991455318e-03
2.648051240027577899e-03
2.650388543576243528e-03
2.650388543594304602e-03
2.652727875389369622e-03
2.652727875398400159e-03
2.655069237805872135e-03
2.655069237851025252e-03
2.657412633273033894e-03
2.657412633318186578e-03
2.659758064346503300e-03
2.659758064355533837e-03
2.662105533383257814e-03
2.662105533401319321e-03
2.664455042821549727e-03
2.664455042830580263e-03
2.666806595198967234e-03
2.666806595226058844e-03
2.669160192926670148e-03
2.669160192944731221e-03
2.671515838488063878e-03
2.671515838497094415e-03
2.673873534366552965e-03
2.673873534384614038e-03
2.676233283036511413e-03
2.676233283063603023e-03
2.678595087026497314e-03
2.678595087062619895e-03
2.680958948747670916e-03
2.680958948756701453e-03
2.683324870737620414e-03
2.683324870755681921e-03
2.685692855461689708e-03
2.685692855497811855e-03
2.688062905493589141e-03
2.688062905529711288e-03
2.690435023253509063e-03
2.690435023262539600e-03
2.692809211306130147e-03
2.692809211315160683e-03
2.695185472143887470e-03
2.695185472143887470e-03
2.697563808295338691e-03
2.697563808331460838e-03
2.699944222234857815e-03
2.699944222252918889e-03
2.702326716608400344e-03
2.702326716617430881e-03
2.704711293809065453e-03
2.704711293818095989e-03
2.707097956473777239e-03
2.707097956500868850e-03
2.709486707076909709e-03
2.709486707113032290e-03
2.711877548246357725e-03
2.711877548246357725e-03
2.714270482447463887e-03
2.714270482465524961e-03
2.716665512290061552e-03
2.716665512317153162e-03
2.719062640293677408e-03
2.719062640302707945e-03
2.721461869059114275e-03
2.721461869086205885e-03
2.723863201096867869e-03
2.723863201132990016e-03
2.726266639089015842e-03
2.726266639107076915e-03
2.728672185464779947e-03
2.728672185500902094e-03
2.731079842969450725e-03
2.731079842987511799e-03
2.733489614059341540e-03
2.733489614059341540e-03
2.735901501380407462e-03
2.735901501407499506e-03
2.738315507524420340e-03
2.738315507533450877e-03
2.740731635065090082e-03
2.740731635074120619e-03
2.743149886657402729e-03
2.743149886666433265e-03
2.745570264857007114e-03
2.745570264893129695e-03
2.747992772327919817e-03
2.747992772364042397e-03
2.750417411679973757e-03
2.750417411689004294e-03
2.752844185495908948e-03
2.752844185495908948e-03
2.755273096439742400e-03
2.755273096448772937e-03
2.757704147103245528e-03
2.757704147130337138e-03
2.760137340213647799e-03
2.760137340222678336e-03
2.762572678326599349e-03
2.762572678335629885e-03
2.765010164115146423e-03
2.765010164124176960e-03
2.767449800243305599e-03
2.767449800252336136e-03
2.769891589366061616e-03
2.769891589366061616e-03
2.772335534111308904e-03
2.772335534111308904e-03
2.774781637197246392e-03
2.774781637197246392e-03
2.777229901242738407e-03
2.777229901260799480e-03
2.779680328956952474e-03
2.779680328975013548e-03
2.782132923012936576e-03
2.782132923021967113e-03
2.784587686119858671e-03
2.784587686119858671e-03
2.787044620905613189e-03
2.787044620932704799e-03
2.789503730124521207e-03
2.789503730142582714e-03
2.791965016404477588e-03
2.791965016449630271e-03
2.794428482572047703e-03
2.794428482590108776e-03
2.796894131209972864e-03
2.796894131246095011e-03
2.799361965135788773e-03
2.799361965189971994e-03
2.801831986950297382e-03
2.801831986986419529e-03
2.804304199516187510e-03
2.804304199561340194e-03
2.806778605443291646e-03
2.806778605470383256e-03
2.809255207540114953e-03
2.809255207540114953e-03
2.811734008506795723e-03
2.811734008524856797e-03
2.814215011106686436e-03
2.814215011106686436e-03
2.816698218076047529e-03
2.816698218085078066e-03
2.819183632169200513e-03
2.819183632169200513e-03
2.821671256122406692e-03
2.821671256140467765e-03
2.824161092762231869e-03
2.824161092762231869e-03
2.826653144806874976e-03
2.826653144815905513e-03
2.829147415010658823e-03
2.829147415037750433e-03
2.831643906236271362e-03
2.831643906254332436e-03
2.834142621192880986e-03
2.834142621219973030e-03
2.836643562670932654e-03
2.836643562679963190e-03
2.839146733478931095e-03
2.839146733506022705e-03
2.841652136470533725e-03
2.841652136479564262e-03
2.844159774345879702e-03
2.844159774363940775e-03
2.846669649994748585e-03
2.846669650021840196e-03
2.849181766126309637e-03
2.849181766189523395e-03
2.851696125756770801e-03
2.851696125765801337e-03
2.854212731532086711e-03
2.854212731559178755e-03
2.856731586323977157e-03
2.856731586323977157e-03
2.859252692968038481e-03
2.859252693004160628e-03
2.861776054354051111e-03
2.861776054363081648e-03
2.864301673272458271e-03
2.864301673308580418e-03
2.866829552585949212e-03
2.866829552604010720e-03
2.869359695157212321e-03
2.869359695157212321e-03
2.871892103821844372e-03
2.871892103830874909e-03
2.874426781496716970e-03
2.874426781523809014e-03
2.876963730972274640e-03
2.876963730981305176e-03
2.879502955201510700e-03
2.879502955228602310e-03
2.882044457047113969e-03
2.882044457065175477e-03
2.884588239371773267e-03
2.884588239380804237e-03
2.887134305056238050e-03
2.887134305092360197e-03
2.889682657044471970e-03
2.889682657089624653e-03
2.892233298244315659e-03
2.892233298262376733e-03
2.894786231446213644e-03
2.894786231482336224e-03
2.897341459738618594e-03
2.897341459747649131e-03
2.899898985893913528e-03
2.899898985921005139e-03
2.902458812919274985e-03
2.902458812937336059e-03
2.905020943713514797e-03
2.905020943731575871e-03
2.907585381220595747e-03
2.907585381220595747e-03
2.910152128348359769e-03
2.910152128402542990e-03
2.912721188058830721e-03
2.912721188103983838e-03
2.915292563350156338e-03
2.915292563350156338e-03
2.917866257130177689e-03
2.917866257148238763e-03
2.920442272342858425e-03
2.920442272360919498e-03
2.923020611995375516e-03
2.923020612022467126e-03
2.925601279022662510e-03
2.925601279058784657e-03
2.928184276458987989e-03
2.928184276486079599e-03
2.930769607239285500e-03
2.930769607248316470e-03
2.933357274361701912e-03
2.933357274361701912e-03
2.935947280788261948e-03
2.935947280833414632e-03
2.938539629607417845e-03
2.938539629634509456e-03
2.941134323754103150e-03
2.941134323772164223e-03
2.943731366244524937e-03
2.943731366253555474e-03
2.946330760094892452e-03
2.946330760121984062e-03
2.948932508366565453e-03
2.948932508375595989e-03
2.951536614048661140e-03
2.951536614066722214e-03
2.954143080184479069e-03
2.954143080193509605e-03
2.956751909799257283e-03
2.956751909808287820e-03
2.959363105936296638e-03
2.959363105954357712e-03
2.961976671693079041e-03
2.961976671729201621e-03
2.964592610076782764e-03
2.964592610085813301e-03
2.967210924130707795e-03
2.967210924166829942e-03
2.969831617024580768e-03
2.969831617024580768e-03
2.972454691711396736e-03
2.972454691747518883e-03
2.975080151261546429e-03
2.975080151315729650e-03
2.977707998935063584e-03
2.977707998944094121e-03
2.980338237630758731e-03
2.980338237648819805e-03
2.982970870536420880e-03
2.982970870590604100e-03
2.985605900695349584e-03
2.985605900731471730e-03
2.988243331313394490e-03
2.988243331340486100e-03
2.990883165397733440e-03
2.990883165406763976e-03
2.993525406118093934e-03
2.993525406118093934e-03
2.996170056571959180e-03
2.996170056608081327e-03
2.998817119956148289e-03
2.998817119956148289e-03
3.001466599341052859e-03
3.001466599359113932e-03
3.004118497833186633e-03
3.004118497851247706e-03
3.006772818701613451e-03
3.006772818737735598e-03
3.009429564998663403e-03
3.009429565016724477e-03
3.012088739948247645e-03
3.012088739957278181e-03
3.014750346638818846e-03
3.014750346665910456e-03
3.017414388303318266e-03
3.017414388339440413e-03
3.020080868120504376e-03
3.020080868129534912e-03
3.022749789269135214e-03
3.022749789296226824e-03
3.025421154882816568e-03
3.025421154900877641e-03
3.028094968239641947e-03
3.028094968239641947e-03
3.030771232491278645e-03
3.030771232509339719e-03
3.033449950816484702e-03
3.033449950843576312e-03
3.036131126529476639e-03
3.036131126556568249e-03
3.038814762763859378e-03
3.038814762772889914e-03
3.041500862743544940e-03
3.041500862761606014e-03
3.044189429755657372e-03
3.044189429782748983e-03
3.046880467006047189e-03
3.046880467024108263e-03
3.049573977718625113e-03
3.049573977736686186e-03
3.052269965189546158e-03
3.052269965189546158e-03
3.054968432633691812e-03
3.054968432642722349e-03
3.057669383338186553e-03
3.057669383374308700e-03
3.060372820535971639e-03
3.060372820563063249e-03
3.063078747550294131e-03
3.063078747577386175e-03
3.065787167668279807e-03
3.065787167668279807e-03
3.068498084113839390e-03
3.068498084122869927e-03
3.071211500210219505e-03
3.071211500255372623e-03
3.073927419262607007e-03
3.073927419280668080e-03
3.076645844558126373e-03
3.076645844594248520e-03
3.079366779483238854e-03
3.079366779483238854e-03
3.082090227270886142e-03
3.082090227270886142e-03
3.084816191253345399e-03
3.084816191280437443e-03
3.087544674780956597e-03
3.087544674780956597e-03
3.090275681204057538e-03
3.090275681204057538e-03
3.093009213854926685e-03
3.093009213854926685e-03
3.095745276065841635e-03
3.095745276074872172e-03
3.098483871205202564e-03
3.098483871214233101e-03
3.101225002641408782e-03
3.101225002659470289e-03
3.103968673751891869e-03
3.103968673760922406e-03
3.106714887868928989e-03
3.106714887905051136e-03
3.109463648451225685e-03
3.109463648487347832e-03
3.112214958822029452e-03
3.112214958831059988e-03
3.114968822367801538e-03
3.114968822385862611e-03
3.117725242556277591e-03
3.117725242583369201e-03
3.120484222710705538e-03
3.120484222737797148e-03
3.123245766325912637e-03
3.123245766343973710e-03
3.126009876797391108e-03
3.126009876806421645e-03
3.128776557511601768e-03
3.128776557529662841e-03
3.131545811954342205e-03
3.131545811963372741e-03
3.134317643521103772e-03
3.134317643521103772e-03
3.137092055670592447e-03
3.137092055697684057e-03
3.139869051915696995e-03
3.139869051915696995e-03
3.142648635633848563e-03
3.142648635651909637e-03
3.145430810310843438e-03
3.145430810337935482e-03
3.148215579477632760e-03
3.148215579522785443e-03
3.151002946556799491e-03
3.151002946556799491e-03
3.153792915043171757e-03
3.153792915052202293e-03
3.156585488431576814e-03
3.156585488440607351e-03
3.159380670261996340e-03
3.159380670271026877e-03
3.162178463966043400e-03
3.162178463966043400e-03
3.164978873119821817e-03
3.164978873128852354e-03
3.167781901227189386e-03
3.167781901263311533e-03
3.170587551792004768e-03
3.170587551810065841e-03
3.173395828390370918e-03
3.173395828399401455e-03
3.176206734544207138e-03
3.176206734544207138e-03
3.179020273784464567e-03
3.179020273811556177e-03
3.181836449660153249e-03
3.181836449687244859e-03
3.184655265792529690e-03
3.184655265801560227e-03
3.187476725694483089e-03
3.187476725730605236e-03
3.190300832960176608e-03
3.190300832969207145e-03
3.193127591165714069e-03
3.193127591174745039e-03
3.195957003887198427e-03
3.195957003887198427e-03
3.198789074763946395e-03
3.198789074791038006e-03
3.201623807308846305e-03
3.201623807381091032e-03
3.204461205287644117e-03
3.204461205341827771e-03
3.207301272159044942e-03
3.207301272186136552e-03
3.210144011670732368e-03
3.210144011679762904e-03
3.212989427362687202e-03
3.212989427389778812e-03
3.215837522901317767e-03
3.215837522901317767e-03
3.218688301934972181e-03
3.218688301953033255e-03
3.221541768139088869e-03
3.221541768139088869e-03
3.224397925143954874e-03
3.224397925143954874e-03
3.227256776625009056e-03
3.227256776634039592e-03
3.230118326239629200e-03
3.230118326248659737e-03
3.232982577699376747e-03
3.232982577708407284e-03
3.235849534697752498e-03
3.235849534715813571e-03
3.238719200865042194e-03
3.238719200883103267e-03
3.241591580003113510e-03
3.241591580030205120e-03
3.244466675733221651e-03
3.244466675733221651e-03
3.247344491803050206e-03
3.247344491839172786e-03
3.250225031978344701e-03
3.250225031996405774e-03
3.253108299925513026e-03
3.253108299943574099e-03
3.255994299446422421e-03
3.255994299473514465e-03
3.258883034216512615e-03
3.258883034216512615e-03
3.261774508055710620e-03
3.261774508055710620e-03
3.264668724675578743e-03
3.264668724684609280e-03
3.267565687868953257e-03
3.267565687877983793e-03
3.270465401410609790e-03
3.270465401428670864e-03
3.273367869075323108e-03
3.273367869093384182e-03
3.276273094692052062e-03
3.276273094710113135e-03
3.279181081963327988e-03
3.279181081999450135e-03
3.282091834826475745e-03
3.282091834862597892e-03
3.285005357002087744e-03
3.285005357020148817e-03
3.287921652337183476e-03
3.287921652373305623e-03
3.290840724642661152e-03
3.290840724660722225e-03
3.293762577801662410e-03
3.293762577801662410e-03
3.296687215588962449e-03
3.296687215607023522e-03
3.299614641932856890e-03
3.299614641959948500e-03
3.302544860617150600e-03
3.302544860626181137e-03
3.305477875570139636e-03
3.305477875579170173e-03
3.308413690629812519e-03
3.308413690647873592e-03
3.311352309697372827e-03
3.311352309697372827e-03
3.314293736601779412e-03
3.314293736619840485e-03
3.317237975343571323e-03
3.317237975370662933e-03
3.320185029760737948e-03
3.320185029778799021e-03
3.323134903763512969e-03
3.323134903781574043e-03
3.326087601325344693e-03
3.326087601334375230e-03
3.329043126311313685e-03
3.329043126320344222e-03
3.332001482658745236e-03
3.332001482676806309e-03
3.334962674377209800e-03
3.334962674377209800e-03
3.337926705349849449e-03
3.337926705358879986e-03
3.340893579586233769e-03
3.340893579595264305e-03
3.343863300987565904e-03
3.343863301005627411e-03
3.346835873608569427e-03
3.346835873653722544e-03
3.349811301350447048e-03
3.349811301404630702e-03
3.352789588313074588e-03
3.352789588340166198e-03
3.355770738397655193e-03
3.355770738415716267e-03
3.358754755658911132e-03
3.358754755676972639e-03
3.361741644061260609e-03
3.361741644079321682e-03
3.364731407722639650e-03
3.364731407740700724e-03
3.367724050526190761e-03
3.367724050571343445e-03
3.370719576707247814e-03
3.370719576752400498e-03
3.373717990139922344e-03
3.373717990167013955e-03
3.376719294987303929e-03
3.376719295041487150e-03
3.379723495213809471e-03
3.379723495249931618e-03
3.382730595009621026e-03
3.382730595045743173e-03
3.385740598348185599e-03
3.385740598384307746e-03
3.388753509419684378e-03
3.388753509428714915e-03
3.391769332224657280e-03
3.391769332251748890e-03
3.394788070908132810e-03
3.394788070917163347e-03
3.397809729597077964e-03
3.397809729615139038e-03
3.400834312382337594e-03
3.400834312391368131e-03
3.403861823427001710e-03
3.403861823436032247e-03
3.406892266849006774e-03
3.406892266858037310e-03
3.409925646784350752e-03
3.409925646784350752e-03
3.412961967396123224e-03
3.412961967405153760e-03
3.416001232874505376e-03
3.416001232874505376e-03
3.419043447337434538e-03
3.419043447346465075e-03
3.422088614993152103e-03
3.422088615002182640e-03
3.425136740040870230e-03
3.425136740058931303e-03
3.428187826679801077e-03
3.428187826697862584e-03
3.431241879100125833e-03
3.431241879109156370e-03
3.434298901492025685e-03
3.434298901510086759e-03
3.437358898135987190e-03
3.437358898154048263e-03
3.440421873222191968e-03
3.440421873222191968e-03
3.443487830976943356e-03
3.443487830995004429e-03
3.446556775680728341e-03
3.446556775680728341e-03
3.449628711577911334e-03
3.449628711595972407e-03
3.452703642930918249e-03
3.452703642967040396e-03
3.455781574002175002e-03
3.455781574038297149e-03
3.458862509144412876e-03
3.458862509162473949e-03
3.461946452529751986e-03
3.461946452556843596e-03
3.465033408565107269e-03
3.465033408583168342e-03
3.468123381503873236e-03
3.468123381512903773e-03
3.471216375671690429e-03
3.471216375680720966e-03
3.474312395376137012e-03
3.474312395385167548e-03
3.477411445033158459e-03
3.477411445042188996e-03
3.480513528869057672e-03
3.480513528869057672e-03
3.483618651335903572e-03
3.483618651344934109e-03
3.486726816750303996e-03
3.486726816777395606e-03
3.489838029446929585e-03
3.489838029483051732e-03
3.492952293913970541e-03
3.492952293923001078e-03
3.496069614431913421e-03
3.496069614440943957e-03
3.499189995461856380e-03
3.499189995488947991e-03
3.502313441374591777e-03
3.502313441410714358e-03
3.505439956604126592e-03
3.505439956622187665e-03
3.508569545566405865e-03
3.508569545593497475e-03
3.511702212740588826e-03
3.511702212776710973e-03
3.514837962497467834e-03
3.514837962515528907e-03
3.517976799298141478e-03
3.517976799334263625e-03
3.521118727675951778e-03
3.521118727684982314e-03
3.524263752046844639e-03
3.524263752055875176e-03
3.527411876880948757e-03
3.527411876880948757e-03
3.530563106684514538e-03
3.530563106693545075e-03
3.533717445981854333e-03
3.533717446017976913e-03
3.536874899216005657e-03
3.536874899216005657e-03
3.540035470965463213e-03
3.540035470974493750e-03
3.543199165682295055e-03
3.543199165727448172e-03
3.546365988026272016e-03
3.546365988035302553e-03
3.549535942458491387e-03
3.549535942458491387e-03
3.552709033512296052e-03
3.552709033539388096e-03
3.555885265820365668e-03
3.555885265829396204e-03
3.559064643843797091e-03
3.559064643870889135e-03
3.562247172323637287e-03
3.562247172332667824e-03
3.565432855720983112e-03
3.565432855748074722e-03
3.568621698722697876e-03
3.568621698740758949e-03
3.571813705871153700e-03
3.571813705889215207e-03
3.575008881844183358e-03
3.575008881862244432e-03
3.578207231229312089e-03
3.578207231247373596e-03
3.581408758686311158e-03
3.581408758704372232e-03
3.584613468874950099e-03
3.584613468883980636e-03
3.587821366436939104e-03
3.587821366445969641e-03
3.591032456059140184e-03
3.591032456068170720e-03
3.594246742410354273e-03
3.594246742410354273e-03
3.597464230159382742e-03
3.597464230159382742e-03
3.600684924029209748e-03
3.600684924047271255e-03
3.603908828742820314e-03
3.603908828751850851e-03
3.607135948987076016e-03
3.607135948987076016e-03
3.610366289503022519e-03
3.610366289503022519e-03
3.613599855013644845e-03
3.613599855022675382e-03
3.616836650250957689e-03
3.616836650296110373e-03
3.620076680109525838e-03
3.620076680145647985e-03
3.623319949158814758e-03
3.623319949185906802e-03
3.626566462329511818e-03
3.626566462338542355e-03
3.629816224317509565e-03
3.629816224335570638e-03
3.633069239945128925e-03
3.633069239981251072e-03
3.636325514034690395e-03
3.636325514061782005e-03
3.639585051408514467e-03
3.639585051417545004e-03
3.642847856888922070e-03
3.642847856906983144e-03
3.646113935280173059e-03
3.646113935298234132e-03
3.649383291485862324e-03
3.649383291531015008e-03
3.652655930301219617e-03
3.652655930346372301e-03
3.655931856702084558e-03
3.655931856738206705e-03
3.659211075465625389e-03
3.659211075465625389e-03
3.662493591504468408e-03
3.662493591513498944e-03
3.665779409749300981e-03
3.665779409749300981e-03
3.669068535058565752e-03
3.669068535076627259e-03
3.672360972426164712e-03
3.672360972435195249e-03
3.675656726719571041e-03
3.675656726728601578e-03
3.678955802896563283e-03
3.678955802905593819e-03
3.682258205932982791e-03
3.682258205942013328e-03
3.685563940777577142e-03
3.685563940831760362e-03
3.688873012397156283e-03
3.688873012415217357e-03
3.692185425758530166e-03
3.692185425776591239e-03
3.695501185918813672e-03
3.695501185918813672e-03
3.698820297817725141e-03
3.698820297826755678e-03
3.702142766485288280e-03
3.702142766494318817e-03
3.705468596987648508e-03
3.705468597005709581e-03
3.708797794282585238e-03
3.708797794291615775e-03
3.712130363517519589e-03
3.712130363517519589e-03
3.715466309686352251e-03
3.715466309695383221e-03
3.718805637819107800e-03
3.718805637846199410e-03
3.722148353135450779e-03
3.722148353162542389e-03
3.725494460575099528e-03
3.725494460584130064e-03
3.728843965321597745e-03
3.728843965348689355e-03
3.732196872486243100e-03
3.732196872495273637e-03
3.735553187171304461e-03
3.735553187189365534e-03
3.738912914506141438e-03
3.738912914524202512e-03
3.742276059665266760e-03
3.742276059692358370e-03
3.745642627787070141e-03
3.745642627796100677e-03
3.749012624009943027e-03
3.749012624028004101e-03
3.752386053580642009e-03
3.752386053598703083e-03
3.755762921628526697e-03
3.755762921646587770e-03
3.759143233391324009e-03
3.759143233409385082e-03
3.762526994061607313e-03
3.762526994070637849e-03
3.765914208868072991e-03
3.765914208868072991e-03
3.769304883048447529e-03
3.769304883057478500e-03
3.772699021822396338e-03
3.772699021849488382e-03
3.776096630526982242e-03
3.776096630526982242e-03
3.779497714345748504e-03
3.779497714372840114e-03
3.782902278543512787e-03
3.782902278579634934e-03
3.786310328538613611e-03
3.786310328547644148e-03
3.789721869505563272e-03
3.789721869514593808e-03
3.793136906826577275e-03
3.793136906844638348e-03
3.796555445775504686e-03
3.796555445784535656e-03
3.799977491752622519e-03
3.799977491761653055e-03
3.803403050058870149e-03
3.803403050067901119e-03
3.806832126067433847e-03
3.806832126085494920e-03
3.810264725169559222e-03
3.810264725178589759e-03
3.813700852729400275e-03
3.813700852729400275e-03
3.817140514129173379e-03
3.817140514129173379e-03
3.820583714787216187e-03
3.820583714814307797e-03
3.824030460176049140e-03
3.824030460194110213e-03
3.827480755641766465e-03
3.827480755650797001e-03
3.830934606674950543e-03
3.830934606674950543e-03
3.834392018721030203e-03
3.834392018748121814e-03
3.837852997225435145e-03
3.837852997252526755e-03
3.841317547705839792e-03
3.841317547723900865e-03
3.844785675625734048e-03
3.844785675639280070e-03
3.848257386493762235e-03
3.848257386511823308e-03
3.851732685832113395e-03
3.851732685872751027e-03
3.855211579162976573e-03
3.855211579181037646e-03
3.858694071999510707e-03
3.858694072008541243e-03
3.862180169931634082e-03
3.862180169963241178e-03
3.865669878490566713e-03
3.865669878513143271e-03
3.869163203270742802e-03
3.869163203279773339e-03
3.872660149866595687e-03
3.872660149871110739e-03
3.876160723849982580e-03
3.876160723859013117e-03
3.879664930846944779e-03
3.879664930851460265e-03
3.883172776488038203e-03
3.883172776501583792e-03
3.886684266385757695e-03
3.886684266385757695e-03
3.890199406188720246e-03
3.890199406224842393e-03
3.893718201622303060e-03
3.893718201653910155e-03
3.897240658294485929e-03
3.897240658308031951e-03
3.900766781876461968e-03
3.900766781899038527e-03
3.904296578156823006e-03
3.904296578165853543e-03
3.907830052730001946e-03
3.907830052739032049e-03
3.911367211438773403e-03
3.911367211483925653e-03
3.914908059922723831e-03
3.914908059927238448e-03
3.918452603965928704e-03
3.918452603965928704e-03
3.922000849325373191e-03
3.922000849347948882e-03
3.925552801785131031e-03
3.925552801807707590e-03
3.929108467160886096e-03
3.929108467165401582e-03
3.932667851196076231e-03
3.932667851232198378e-03
3.936230959724445512e-03
3.936230959747022071e-03
3.939797798602312842e-03
3.939797798633920371e-03
3.943368373595694358e-03
3.943368373622786402e-03
3.946942690655729814e-03
3.946942690660245300e-03
3.950520755552949966e-03
3.950520755593587598e-03
3.954102574233979948e-03
3.954102574288163169e-03
3.957688152537079326e-03
3.957688152573201473e-03
3.961277496440479898e-03
3.961277496476602045e-03
3.964870611759864667e-03
3.964870611782441226e-03
3.968467504523134903e-03
3.968467504527650389e-03
3.972068180591125861e-03
3.972068180613702419e-03
3.975672645960131278e-03
3.975672645991737940e-03
3.979280906617413925e-03
3.979280906635474999e-03
3.982892968550238305e-03
3.982892968563783893e-03
3.986508837678137511e-03
3.986508837705229555e-03
3.990128520074165928e-03
3.990128520119318178e-03
3.993752021806860723e-03
3.993752021847498355e-03
3.997379348804787694e-03
3.997379348831879738e-03
4.001010507222275622e-03
4.001010507249366799e-03
4.004645503033040822e-03
4.004645503051101896e-03
4.008284342386897459e-03
4.008284342391412944e-03
4.011927031325292388e-03
4.011927031334323358e-03
4.015573576007069878e-03
4.015573576043192025e-03
4.019223982464644948e-03
4.019223982496252477e-03
4.022878256942652615e-03
4.022878256965229174e-03
4.026536405505116295e-03
4.026536405523177369e-03
4.030198434337971432e-03
4.030198434387639167e-03
4.033864349609091529e-03
4.033864349627152603e-03
4.037534157508929251e-03
4.037534157536021295e-03
4.041207864282117881e-03
4.041207864300178955e-03
4.044885476069440614e-03
4.044885476078471584e-03
4.048566999156170097e-03
4.048566999174231171e-03
4.052252439755332086e-03
4.052252439768877675e-03
4.055941804152199230e-03
4.055941804156714715e-03
4.059635098595921164e-03
4.059635098600436649e-03
4.063332329389830744e-03
4.063332329407892685e-03
4.067033502837261692e-03
4.067033502837261692e-03
4.070738625223485792e-03
4.070738625223485792e-03
4.074447702887957178e-03
4.074447702910533736e-03
4.078160742242376013e-03
4.078160742246891499e-03
4.081877749544923772e-03
4.081877749572015816e-03
4.085598731234390060e-03
4.085598731270512207e-03
4.089323693605078497e-03
4.089323693672808173e-03
4.093052643258330951e-03
4.093052643262846436e-03
4.096785586420719633e-03
4.096785586479418338e-03
4.100522529571673513e-03
4.100522529607795660e-03
4.104263479199653404e-03
4.104263479213198992e-03
4.108008441743448910e-03
4.108008441756995366e-03
4.111757423655399563e-03
4.111757423691521710e-03
4.115510431451054746e-03
4.115510431464600334e-03
4.119267471609843433e-03
4.119267471632419991e-03
4.123028550706017183e-03
4.123028550706017183e-03
4.126793675223518719e-03
4.126793675223518719e-03
4.130562851718537661e-03
4.130562851727568631e-03
4.134336086774353936e-03
4.134336086801445979e-03
4.138113386938126192e-03
4.138113386951672648e-03
4.141894758847318447e-03
4.141894758874409624e-03
4.145680209121332775e-03
4.145680209121332775e-03
4.149469744325388031e-03
4.149469744352480075e-03
4.153263371133072111e-03
4.153263371146617700e-03
4.157061096217969445e-03
4.157061096254091592e-03
4.160862926181421902e-03
4.160862926222059534e-03
4.164668867855051554e-03
4.164668867886658216e-03
4.168478927763438757e-03
4.168478927786015316e-03
4.172293112747235688e-03
4.172293112769812247e-03
4.176111429525181627e-03
4.176111429556788289e-03
4.179933884784407458e-03
4.179933884793438428e-03
4.183760485342989666e-03
4.183760485347505151e-03
4.187591237973849016e-03
4.187591237982879987e-03
4.191426149445394260e-03
4.191426149463455333e-03
4.195265226580213898e-03
4.195265226593760353e-03
4.199108476246053018e-03
4.199108476250567636e-03
4.202955905229377974e-03
4.202955905238408077e-03
4.206807520379871913e-03
4.206807520420509545e-03
4.210663328691705704e-03
4.210663328709766777e-03
4.214523336910709801e-03
4.214523336937800978e-03
4.218387551999448412e-03
4.218387552031055074e-03
4.222255980920484875e-03
4.222255980938545948e-03
4.226128630568656321e-03
4.226128630582201909e-03
4.230005507847825648e-03
4.230005507883947795e-03
4.233886619883108458e-03
4.233886619905685017e-03
4.237771973510640576e-03
4.237771973524186164e-03
4.241661575810383618e-03
4.241661575851021250e-03
4.245555433735870819e-03
4.245555433785538554e-03
4.249453554466400135e-03
4.249453554479945723e-03
4.253355944901321579e-03
4.253355944910352550e-03
4.257262612188326446e-03
4.257262612215417623e-03
4.261173563348675912e-03
4.261173563393829029e-03
4.265088805615852886e-03
4.265088805661006004e-03
4.269008345961450811e-03
4.269008345993057472e-03
4.272932191637011934e-03
4.272932191641527419e-03
4.276860349731528843e-03
4.276860349767650990e-03
4.280792827379145508e-03
4.280792827419783141e-03
4.284729631903649340e-03
4.284729631948802457e-03
4.288670770357909910e-03
4.288670770389516572e-03
4.292616250065712895e-03
4.292616250074743865e-03
4.296566078224418189e-03
4.296566078224418189e-03
4.300520262072022454e-03
4.300520262076537072e-03
4.304478808918764908e-03
4.304478808936825981e-03
4.308441726029734256e-03
4.308441726029734256e-03
4.312409020706141349e-03
4.312409020706141349e-03
4.316380700298863907e-03
4.316380700303379392e-03
4.320356772118142882e-03
4.320356772122657500e-03
4.324337243528401584e-03
4.324337243541948039e-03
4.328322121939218170e-03
4.328322121957279243e-03
4.332311414715016816e-03
4.332311414724047786e-03
4.336305129269889432e-03
4.336305129269889432e-03
4.340303273022442544e-03
4.340303273035989000e-03
4.344305853427407431e-03
4.344305853449983990e-03
4.348312877980151266e-03
4.348312878011757927e-03
4.352324354103796061e-03
4.352324354112826164e-03
4.356340289352408565e-03
4.356340289361438668e-03
4.360360691171687349e-03
4.360360691194263040e-03
4.364385567201489041e-03
4.364385567228580218e-03
4.368414924914604258e-03
4.368414924919119743e-03
4.372448771883160820e-03
4.372448771901221894e-03
4.376487115742499871e-03
4.376487115756045460e-03
4.380529964082808571e-03
4.380529964082808571e-03
4.384577324516852372e-03
4.384577324525883342e-03
4.388629204675456932e-03
4.388629204684487903e-03
4.392685612243632000e-03
4.392685612261693073e-03
4.396746554928961277e-03
4.396746554960568806e-03
4.400812040375818614e-03
4.400812040411940761e-03
4.404882076291787713e-03
4.404882076336940830e-03
4.408956670524429716e-03
4.408956670565067348e-03
4.413035830654900814e-03
4.413035830713598652e-03
4.417119564661703413e-03
4.417119564688795456e-03
4.421207880184695009e-03
4.421207880198240597e-03
4.425300785057887688e-03
4.425300785066918659e-03
4.429398287124327108e-03
4.429398287151418284e-03
4.433500394281238675e-03
4.433500394290269646e-03
4.437607114331031284e-03
4.437607114340061387e-03
4.441718455184475930e-03
4.441718455193506034e-03
4.445834424743316110e-03
4.445834424752346213e-03
4.449955030936386495e-03
4.449955030954447568e-03
4.454080281683489920e-03
4.454080281706066478e-03
4.458210185008282776e-03
4.458210185048920408e-03
4.462344748835084252e-03
4.462344748848629840e-03
4.466483981187548136e-03
4.466483981201093724e-03
4.470627890089330821e-03
4.470627890093846306e-03
4.474776483573117934e-03
4.474776483577633419e-03
4.478929769703202633e-03
4.478929769707718118e-03
4.483087756534847104e-03
4.483087756570969251e-03
4.487250452240710077e-03
4.487250452276832224e-03
4.491417864862508151e-03
4.491417864867023636e-03
4.495590002545809746e-03
4.495590002568386305e-03
4.499766873503912093e-03
4.499766873526487784e-03
4.503948485886897363e-03
4.503948485895927466e-03
4.508134847835818491e-03
4.508134847862910535e-03
4.512325967672340885e-03
4.512325967676855502e-03
4.516521853578152508e-03
4.516521853587182611e-03
4.520722513816219194e-03
4.520722513816219194e-03
4.524927956663052364e-03
4.524927956667567849e-03
4.529138190422254615e-03
4.529138190449346658e-03
4.533353223397428543e-03
4.533353223410974131e-03
4.537573063964421907e-03
4.537573063986997599e-03
4.541797720471988688e-03
4.541797720494565246e-03
4.546027201259856231e-03
4.546027201295978377e-03
4.550261514830297206e-03
4.550261514857389250e-03
4.554500669500462402e-03
4.554500669504977887e-03
4.558744673727472239e-03
4.558744673754564283e-03
4.562993536045210387e-03
4.562993536085848019e-03
4.567247264888221574e-03
4.567247264892736192e-03
4.571505868713627956e-03
4.571505868754265588e-03
4.575769356186255334e-03
4.575769356213347377e-03
4.580037735695497922e-03
4.580037735727104584e-03
4.584311015955846655e-03
4.584311015955846655e-03
4.588589205456032084e-03
4.588589205519246275e-03
4.592872312802181306e-03
4.592872312842818938e-03
4.597160346708786989e-03
4.597160346717817092e-03
4.601453315795521817e-03
4.601453315800036435e-03
4.605751228691087711e-03
4.605751228700118681e-03
4.610054094150617572e-03
4.610054094159647675e-03
4.614361920861511160e-03
4.614361920893117822e-03
4.618674717560839436e-03
4.618674717587930613e-03
4.622992493044370335e-03
4.622992493066946026e-03
4.627315256062718672e-03
4.627315256080779746e-03
4.631643015452291748e-03
4.631643015470353689e-03
4.635975779995311907e-03
4.635975780022403951e-03
4.640313558595913525e-03
4.640313558613975466e-03
4.644656360085988415e-03
4.644656360117595077e-03
4.649004193387732027e-03
4.649004193405793101e-03
4.653357067396248631e-03
4.653357067441400881e-03
4.657714991042765512e-03
4.657714991056311100e-03
4.662077973276571030e-03
4.662077973339785221e-03
4.666446023195956749e-03
4.666446023227564278e-03
4.670819149655391044e-03
4.670819149664421147e-03
4.675197361775740301e-03
4.675197361789286757e-03
4.679580668560478704e-03
4.679580668569508807e-03
4.683969079098865111e-03
4.683969079107896082e-03
4.688362602507254763e-03
4.688362602516285733e-03
4.692761247870394503e-03
4.692761247888455577e-03
4.697165024367849426e-03
4.697165024372364911e-03
4.701573941106944668e-03
4.701573941134036712e-03
4.705988007357552426e-03
4.705988007375613499e-03
4.710407232294724043e-03
4.710407232335360808e-03
4.714831625107057320e-03
4.714831625143180334e-03
4.719261195159247906e-03
4.719261195172793494e-03
4.723695951635377248e-03
4.723695951653438321e-03
4.728135903868531734e-03
4.728135903882077322e-03
4.732581061209859691e-03
4.732581061214375176e-03
4.737031432978903653e-03
4.737031432996964726e-03
4.741487028603569125e-03
4.741487028608084610e-03
4.745947857421459713e-03
4.745947857439520787e-03
4.750413928910151261e-03
4.750413928932727819e-03
4.754885252456914242e-03
4.754885252474975316e-03
4.759361837602537823e-03
4.759361837611567926e-03
4.763843693806536772e-03
4.763843693815566875e-03
4.768330830578094461e-03
4.768330830596155534e-03
4.772823257507668657e-03
4.772823257516698760e-03
4.777320984095411761e-03
4.777320984117988320e-03
4.781824020008541322e-03
4.781824020031117881e-03
4.786332374823969518e-03
4.786332374823969518e-03
4.790846058177307236e-03
4.790846058190853692e-03
4.795365079758348581e-03
4.795365079762864066e-03
4.799889449252373042e-03
4.799889449279465085e-03
4.804419176290475151e-03
4.804419176349173856e-03
4.808954270837881469e-03
4.808954270851427057e-03
4.813494742457957720e-03
4.813494742480534279e-03
4.818040600994019304e-03
4.818040601003050274e-03
4.822591856262286973e-03
4.822591856284863532e-03
4.827148518155742127e-03
4.827148518160257612e-03
4.831710596486092635e-03
4.831710596508669193e-03
4.836278101128258823e-03
4.836278101146320764e-03
4.840851042083589399e-03
4.840851042092620370e-03
4.845429429227004689e-03
4.845429429231520174e-03
4.850013272532761356e-03
4.850013272537276841e-03
4.854602582029301019e-03
4.854602582033815637e-03
4.859197367722485270e-03
4.859197367745061828e-03
4.863797639618180034e-03
4.863797639640756593e-03
4.868403407871252711e-03
4.868403407871252711e-03
4.873014682510143185e-03
4.873014682528204258e-03
4.877631473716811765e-03
4.877631473739388324e-03
4.882253791582912526e-03
4.882253791591942629e-03
4.886881646317496955e-03
4.886881646322011573e-03
4.891515048147677611e-03
4.891515048147677611e-03
4.896154007255413936e-03
4.896154007296051568e-03
4.900798533912973341e-03
4.900798533926518930e-03
4.905448638437771153e-03
4.905448638451317608e-03
4.910104331093044679e-03
4.910104331124652208e-03
4.914765622272971625e-03
4.914765622300062801e-03
4.919432522299483669e-03
4.919432522308514640e-03
4.924105041566761119e-03
4.924105041602883266e-03
4.928783190450919741e-03
4.928783190500588343e-03
4.933466979549326267e-03
4.933466979589963899e-03
4.938156419170366788e-03
4.938156419179397759e-03
4.942851519866255788e-03
4.942851519906893420e-03
4.947552292243389237e-03
4.947552292279511384e-03
4.952258746723036016e-03
4.952258746745611707e-03
4.956970894010929302e-03
4.956970894051566934e-03
4.961688744632189799e-03
4.961688744659281843e-03
4.966412309274489609e-03
4.966412309283520579e-03
4.971141598589377819e-03
4.971141598593893304e-03
4.975876623278071252e-03
4.975876623296132326e-03
4.980617394005664583e-03
4.980617394046302215e-03
4.985363921672048178e-03
4.985363921699140222e-03
4.990116216906194564e-03
4.990116216924255638e-03
4.994874290553809153e-03
4.994874290589932167e-03
4.999638153537358867e-03
4.999638153587027470e-03
5.004407816607729133e-03
5.004407816621274721e-03
5.009183290687385139e-03
5.009183290728022771e-03
5.013964586811675735e-03
5.013964586825221323e-03
5.018751715749546552e-03
5.018751715776637728e-03
5.023544688640197396e-03
5.023544688676319543e-03
5.028343516369972177e-03
5.028343516401578839e-03
5.033148210114192847e-03
5.033148210154829612e-03
5.037958780795324595e-03
5.037958780826931257e-03
5.042775239633843359e-03
5.042775239688026580e-03
5.047597597669610872e-03
5.047597597692187431e-03
5.052425866136648659e-03
5.052425866145679630e-03
5.057260056156095453e-03
5.057260056160610071e-03
5.062100178957454691e-03
5.062100178984546735e-03
5.066946245851508546e-03
5.066946245851508546e-03
5.071798268036154661e-03
5.071798268040669279e-03
5.076656256858294754e-03
5.076656256885385930e-03
5.081520223637739364e-03
5.081520223646770335e-03
5.086390179730422914e-03
5.086390179757514958e-03
5.091266136614190120e-03
5.091266136618705605e-03
5.096148105622397978e-03
5.096148105667551095e-03
5.101036098232892071e-03
5.101036098278044321e-03
5.105930126027368940e-03
5.105930126049945499e-03
5.110830200406915255e-03
5.110830200411430740e-03
5.115736332971288630e-03
5.115736332975804115e-03
5.120648535324763030e-03
5.120648535356369692e-03
5.125566819049034994e-03
5.125566819076127038e-03
5.130491195807077194e-03
5.130491195816108164e-03
5.135421677284437991e-03
5.135421677316045520e-03
5.140358275189243174e-03
5.140358275189243174e-03
5.145301001220585826e-03
5.145301001229615930e-03
5.150249867203989147e-03
5.150249867222050221e-03
5.155204884879184719e-03
5.155204884919822352e-03
5.160166066202637875e-03
5.160166066207153360e-03
5.165133422918596548e-03
5.165133422968264283e-03
5.170106966969979616e-03
5.170106966988040689e-03
5.175086710326798865e-03
5.175086710326798865e-03
5.180072664900366511e-03
5.180072664904881996e-03
5.185064842696817354e-03
5.185064842696817354e-03
5.190063255749374771e-03
5.190063255790012403e-03
5.195067916186086460e-03
5.195067916217693121e-03
5.200078836017600105e-03
5.200078836022115590e-03
5.205096027399054581e-03
5.205096027426146625e-03
5.210119502476556926e-03
5.210119502508163587e-03
5.215149273509096101e-03
5.215149273513611586e-03
5.220185352660841084e-03
5.220185352674386672e-03
5.225227752213356530e-03
5.225227752217872015e-03
5.230276484470786254e-03
5.230276484502392915e-03
5.235331561719209527e-03
5.235331561741786086e-03
5.240392996425320693e-03
5.240392996434350796e-03
5.245460800875198157e-03
5.245460800893259230e-03
5.250534987549082717e-03
5.250534987558112821e-03
5.255615568891087823e-03
5.255615568909149764e-03
5.260702557440152111e-03
5.260702557444667596e-03
5.265795965712635925e-03
5.265795965717150542e-03
5.270895806238444330e-03
5.270895806261020021e-03
5.276002091646819596e-03
5.276002091691972713e-03
5.281114834634734537e-03
5.281114834643765507e-03
5.286234047786278305e-03
5.286234047795309275e-03
5.291359743861637037e-03
5.291359743879698110e-03
5.296491935548750842e-03
5.296491935580357503e-03
5.301630635720686914e-03
5.301630635761324546e-03
5.306775857087964524e-03
5.306775857101510979e-03
5.311927612582348704e-03
5.311927612604925263e-03
5.317085914991117636e-03
5.317085915036269886e-03
5.322250777358918279e-03
5.322250777376979353e-03
5.327422212576880638e-03
5.327422212603971814e-03
5.332600233621922863e-03
5.332600233639983936e-03
5.337784853543209133e-03
5.337784853552239236e-03
5.342976085398933733e-03
5.342976085407963836e-03
5.348173942256321048e-03
5.348173942292443195e-03
5.353378437363207065e-03
5.353378437376752653e-03
5.358589583791331656e-03
5.358589583840999392e-03
5.363807394784016191e-03
5.363807394788530809e-03
5.369031883584580306e-03
5.369031883593611276e-03
5.374263063495044943e-03
5.374263063508590531e-03
5.379500947803881987e-03
5.379500947803881987e-03
5.384745549898902264e-03
5.384745549898902264e-03
5.389996883185975939e-03
5.389996883195006909e-03
5.395254961021306306e-03
5.395254961061943938e-03
5.400519797041042867e-03
5.400519797050073838e-03
5.405791404574297743e-03
5.405791404596874301e-03
5.411069797306888168e-03
5.411069797320434624e-03
5.416354988744022381e-03
5.416354988780144528e-03
5.421646992517333528e-03
5.421646992544425572e-03
5.426945822348763597e-03
5.426945822362310053e-03
5.432251491874462955e-03
5.432251491888008543e-03
5.437564014884099795e-03
5.437564014893130765e-03
5.442883405122192660e-03
5.442883405131223630e-03
5.448209676405502654e-03
5.448209676410017271e-03
5.453542842627549792e-03
5.453542842641096247e-03
5.458882917636704440e-03
5.458882917650250029e-03
5.464229915439368541e-03
5.464229915443884027e-03
5.469583849933579330e-03
5.469583849933579330e-03
5.474944735175407348e-03
5.474944735184438319e-03
5.480312585220924876e-03
5.480312585225440361e-03
5.485687414162325470e-03
5.485687414175871059e-03
5.491069236127924837e-03
5.491069236132439454e-03
5.496458065304736518e-03
5.496458065309252003e-03
5.501853915879776659e-03
5.501853915915898806e-03
5.507256802143910626e-03
5.507256802161971700e-03
5.512666738369943580e-03
5.512666738406065726e-03
5.518083738970652914e-03
5.518083738970652914e-03
5.523507818209814554e-03
5.523507818232391113e-03
5.528938990567935571e-03
5.528938990595027615e-03
5.534377270521008418e-03
5.534377270552615947e-03
5.539822672526965343e-03
5.539822672549541901e-03
5.545275211206286518e-03
5.545275211228863077e-03
5.550734901034966133e-03
5.550734901057542692e-03
5.556201756755397257e-03
5.556201756768942845e-03
5.561675792965485240e-03
5.561675793001607387e-03
5.567157024403109403e-03
5.567157024425685961e-03
5.572645465824209270e-03
5.572645465837754858e-03
5.578141132047939425e-03
5.578141132075030602e-03
5.583644037857330572e-03
5.583644037893452719e-03
5.589154198161842661e-03
5.589154198188934705e-03
5.594671627943180806e-03
5.594671627947696291e-03
5.600196342065650104e-03
5.600196342101772251e-03
5.605728355673506198e-03
5.605728355700598242e-03
5.611267683712330319e-03
5.611267683721361289e-03
5.616814341330891858e-03
5.616814341380560460e-03
5.622368343641838927e-03
5.622368343673445588e-03
5.627929705911337462e-03
5.627929705920367565e-03
5.633498443297186957e-03
5.633498443301702442e-03
5.639074571070071436e-03
5.639074571088132509e-03
5.644658104613553377e-03
5.644658104627098966e-03
5.650249059229922599e-03
5.650249059257014643e-03
5.655847450402078785e-03
5.655847450429170829e-03
5.661453293504556915e-03
5.661453293522617988e-03
5.667066604119592142e-03
5.667066604133137731e-03
5.672687397730085887e-03
5.672687397739115990e-03
5.678315689945365348e-03
5.678315689949879966e-03
5.683951496424427194e-03
5.683951496428941812e-03
5.689594832794660564e-03
5.689594832821752608e-03
5.695245714882128142e-03
5.695245714891158245e-03
5.700904158386462493e-03
5.700904158458707655e-03
5.706570179111150609e-03
5.706570179156302859e-03
5.712243793040287614e-03
5.712243793049317717e-03
5.717925015990905219e-03
5.717925016013481777e-03
5.723613863888400710e-03
5.723613863924522857e-03
5.729310352883937828e-03
5.729310352901998901e-03
5.735014498930004166e-03
5.735014498966126313e-03
5.740726318146155936e-03
5.740726318173247980e-03
5.746445826670008687e-03
5.746445826706131702e-03
5.752173040756577115e-03
5.752173040765607218e-03
5.757907976633781268e-03
5.757907976660873312e-03
5.763650650552121224e-03
5.763650650556635842e-03
5.769401078870460033e-03
5.769401078902066694e-03
5.775159278037969579e-03
5.775159278060546138e-03
5.780925264467697867e-03
5.780925264494789911e-03
5.786699054604300431e-03
5.786699054617846019e-03
5.792480665064012567e-03
5.792480665091103743e-03
5.798270112363734102e-03
5.798270112372765073e-03
5.804067413155824216e-03
5.804067413187431745e-03
5.809872584201007661e-03
5.809872584219068735e-03
5.815685642124550706e-03
5.815685642147127264e-03
5.821506603813606483e-03
5.821506603827152071e-03
5.827335486065021893e-03
5.827335486101144039e-03
5.833172305747888128e-03
5.833172305765949202e-03
5.839017079821604353e-03
5.839017079835149941e-03
5.844869825272658304e-03
5.844869825299750347e-03
5.850730559123662466e-03
5.850730559155269128e-03
5.856599298523654240e-03
5.856599298546230799e-03
5.862476060603613419e-03
5.862476060603613419e-03
5.868360862485487092e-03
5.868360862494517195e-03
5.874253721471833084e-03
5.874253721476348569e-03
5.880154654878757409e-03
5.880154654901333967e-03
5.886063680017848861e-03
5.886063680040425419e-03
5.891980814318093645e-03
5.891980814318093645e-03
5.897906075181387660e-03
5.897906075222025292e-03
5.903839480239905270e-03
5.903839480244419888e-03
5.909781046931662785e-03
5.909781046976815035e-03
5.915730792938503173e-03
5.915730792947533276e-03
5.921688735888085316e-03
5.921688735897115419e-03
5.927654893498373462e-03
5.927654893543526579e-03
5.933629283658915093e-03
5.933629283695037240e-03
5.939611924033488637e-03
5.939611924051549710e-03
5.945602832633554470e-03
5.945602832647100058e-03
5.951602027326080048e-03
5.951602027330595533e-03
5.957609526145100573e-03
5.957609526149616058e-03
5.963625347106589307e-03
5.963625347120134895e-03
5.969649508339401438e-03
5.969649508348431541e-03
5.975682027990452359e-03
5.975682027994967845e-03
5.981722924274389744e-03
5.981722924287935332e-03
5.987772215487133058e-03
5.987772215532285308e-03
5.993829919861389313e-03
5.993829919915572534e-03
5.999896055963995813e-03
5.999896055973025916e-03
6.005970642077328170e-03
6.005970642108934832e-03
6.012053696709524983e-03
6.012053696727586057e-03
6.018145238504183335e-03
6.018145238522244408e-03
6.024245285973957309e-03
6.024245285987503765e-03
6.030353857834690016e-03
6.030353857839205502e-03
6.036470972757069717e-03
6.036470972802222834e-03
6.042596649664641432e-03
6.042596649682702506e-03
6.048730907232609776e-03
6.048730907268731923e-03
6.054873764443217607e-03
6.054873764474824269e-03
6.061025240260647581e-03
6.061025240265163067e-03
6.067185353676173530e-03
6.067185353685204501e-03
6.073354123735254240e-03
6.073354123748799828e-03
6.079531569654926526e-03
6.079531569663957496e-03
6.085717710507740352e-03
6.085717710548377984e-03
6.091912565704889725e-03
6.091912565754558327e-03
6.098116154422777296e-03
6.098116154436322885e-03
6.104328496104203736e-03
6.104328496126779427e-03
6.110549610155849298e-03
6.110549610169394887e-03
6.116779516070184122e-03
6.116779516088245196e-03
6.123018233448045654e-03
6.123018233484168668e-03
6.129265781840603604e-03
6.129265781849634574e-03
6.135522180961576477e-03
6.135522180970606580e-03
6.141787450542743852e-03
6.141787450556289440e-03
6.148061610388131336e-03
6.148061610392646821e-03
6.154344680346915918e-03
6.154344680378523447e-03
6.160636680390188351e-03
6.160636680394703836e-03
6.166937630457431860e-03
6.166937630489039389e-03
6.173247550587466007e-03
6.173247550614557183e-03
6.179566460954567103e-03
6.179566460968113559e-03
6.185894381714953857e-03
6.185894381746560519e-03
6.192231333065479140e-03
6.192231333074510111e-03
6.198577335361033468e-03
6.198577335392640129e-03
6.204932408956503886e-03
6.204932408961019372e-03
6.211296574238388442e-03
6.211296574269995971e-03
6.217669851827977399e-03
6.217669851864099546e-03
6.224052262152402967e-03
6.224052262156918452e-03
6.230443825891656719e-03
6.230443825932294351e-03
6.236844563797971051e-03
6.236844563834093198e-03
6.243254496515212790e-03
6.243254496546820319e-03
6.249673644989774124e-03
6.249673644994289609e-03
6.256102030019041436e-03
6.256102030059679069e-03
6.262539672590042815e-03
6.262539672612619374e-03
6.268986593753021405e-03
6.268986593771082479e-03
6.275442814553703133e-03
6.275442814594340765e-03
6.281908356227458232e-03
6.281908356231973717e-03
6.288383239919349832e-03
6.288383239928379935e-03
6.294867486964081903e-03
6.294867487018265990e-03
6.301361118678300809e-03
6.301361118718938441e-03
6.307864156613443400e-03
6.307864156626988988e-03
6.314376622140337528e-03
6.314376622158399469e-03
6.320898536873636835e-03
6.320898536887182423e-03
6.327429922446054303e-03
6.327429922473145479e-03
6.333970800616730429e-03
6.333970800657368061e-03
6.340521193108687031e-03
6.340521193108687031e-03
6.347081121762339004e-03
6.347081121771369974e-03
6.353650608508410076e-03
6.353650608530985767e-03
6.360229675390503302e-03
6.360229675399533406e-03
6.366818344389009281e-03
6.366818344398040251e-03
6.373416637664931078e-03
6.373416637687507637e-03
6.380024577451513454e-03
6.380024577469574527e-03
6.386642185991033872e-03
6.386642186004579461e-03
6.393269485638650856e-03
6.393269485643166342e-03
6.399906498803707017e-03
6.399906498839830031e-03
6.406553247994881302e-03
6.406553248021972478e-03
6.413209755788579734e-03
6.413209755811156293e-03
6.419876044792817600e-03
6.419876044806363188e-03
6.426552137733007597e-03
6.426552137751068670e-03
6.433238057433896158e-03
6.433238057442927128e-03
6.439933826697656627e-03
6.439933826702172112e-03
6.446639468470949201e-03
6.446639468498040378e-03
6.453355005826861591e-03
6.453355005862984606e-03
6.460080461775269921e-03
6.460080461793330994e-03
6.466815859488598238e-03
6.466815859529235870e-03
6.473561222283760047e-03
6.473561222283760047e-03
6.480316573391878970e-03
6.480316573423486499e-03
6.487081936188568085e-03
6.487081936220174747e-03
6.493857334239080438e-03
6.493857334239080438e-03
6.500642791022880930e-03
6.500642791036427386e-03
6.507438330168437667e-03
6.507438330168437667e-03
6.514243975362917459e-03
6.514243975403555091e-03
6.521059750383792486e-03
6.521059750410883663e-03
6.527885679148508896e-03
6.527885679166569970e-03
6.534721785551937147e-03
6.534721785556452632e-03
6.541568093601828754e-03
6.541568093610858857e-03
6.548424627396240601e-03
6.548424627405271571e-03
6.555291411105476466e-03
6.555291411105476466e-03
6.562168469012718587e-03
6.562168469039809764e-03
6.569055825374059757e-03
6.569055825423727492e-03
6.575953504761661988e-03
6.575953504770692959e-03
6.582861531512893341e-03
6.582861531535469900e-03
6.589779930321827857e-03
6.589779930353435386e-03
6.596708725774174005e-03
6.596708725778689490e-03
6.603647942645281092e-03
6.603647942645281092e-03
6.610597605751136058e-03
6.610597605782742719e-03
6.617557740002547560e-03
6.617557740016093148e-03
6.624528370418689832e-03
6.624528370427720803e-03
6.631509522018738841e-03
6.631509522054860988e-03
6.638501220052148155e-03
6.638501220079240199e-03
6.645503489678066845e-03
6.645503489678066845e-03
6.652516356281406966e-03
6.652516356290437936e-03
6.659539845210960159e-03
6.659539845229021232e-03
6.666573982072886845e-03
6.666573982095463403e-03
6.673618792346920799e-03
6.673618792369497357e-03
6.680674301788229116e-03
6.680674301810804808e-03
6.687740536097792204e-03
6.687740536111337793e-03
6.694817521157204673e-03
6.694817521161720159e-03
6.701905282884183281e-03
6.701905282884183281e-03
6.709003847313839593e-03
6.709003847345447122e-03
6.716113240517410793e-03
6.716113240539987352e-03
6.723233488769319623e-03
6.723233488778349726e-03
6.730364618289804736e-03
6.730364618294320221e-03
6.737506655484233609e-03
6.737506655484233609e-03
6.744659626812156070e-03
6.744659626816671555e-03
6.751823558832458286e-03
6.751823558841488389e-03
6.758998478203361027e-03
6.758998478230452203e-03
6.766184411601147870e-03
6.766184411628239914e-03
6.773381385982050334e-03
6.773381385991081305e-03
6.780589428148779511e-03
6.780589428153294997e-03
6.787808565170447977e-03
6.787808565183993566e-03
6.795038824116167442e-03
6.795038824143259486e-03
6.802280232258239509e-03
6.802280232271785965e-03
6.809532816778658681e-03
6.809532816805750725e-03
6.816796605189035137e-03
6.816796605216127181e-03
6.824071624874551538e-03
6.824071624888097126e-03
6.831357903450669018e-03
6.831357903477761062e-03
6.838655468568972592e-03
6.838655468568972592e-03
6.845964347998442952e-03
6.845964348021019510e-03
6.853284569629974551e-03
6.853284569634490037e-03
6.860616161390583126e-03
6.860616161399613229e-03
6.867959151333712792e-03
6.867959151342743762e-03
6.875313567603113900e-03
6.875313567612144003e-03
6.882679438487024522e-03
6.882679438500570110e-03
6.890056792282713699e-03
6.890056792300774773e-03
6.897445657504185958e-03
6.897445657504185958e-03
6.904846062593197192e-03
6.904846062611258266e-03
6.912258036303062236e-03
6.912258036339184383e-03
6.919681607296787086e-03
6.919681607319363645e-03
6.927116804467658810e-03
6.927116804472173428e-03
6.934563656745084889e-03
6.934563656745084889e-03
6.942022193139750670e-03
6.942022193139750670e-03
6.949492442842950500e-03
6.949492442842950500e-03
6.956974435077587123e-03
6.956974435086617226e-03
6.964468199224595722e-03
6.964468199247172281e-03
6.971973764701037100e-03
6.971973764705552586e-03
6.979491161077489014e-03
6.979491161100065573e-03
6.987020418041927500e-03
6.987020418069019544e-03
6.994561565331997195e-03
6.994561565368120210e-03
7.002114632811770253e-03
7.002114632829831327e-03
7.009679650489807415e-03
7.009679650498837518e-03
7.017256648383699523e-03
7.017256648433367258e-03
7.024845656804531817e-03
7.024845656836138479e-03
7.032446705900839874e-03
7.032446705932446536e-03
7.040059826191410845e-03
7.040059826245594066e-03
7.047685048068604366e-03
7.047685048122787586e-03
7.055322402317609938e-03
7.055322402362763055e-03
7.062971919506884182e-03
7.062971919520429770e-03
7.070633630529983039e-03
7.070633630543528628e-03
7.078307566352706748e-03
7.078307566370767821e-03
7.085993757967947587e-03
7.085993758017616190e-03
7.093692236648546645e-03
7.093692236675637822e-03
7.101403033577037040e-03
7.101403033586067143e-03
7.109126180175262197e-03
7.109126180224930799e-03
7.116861707901190291e-03
7.116861707946343409e-03
7.124609648488218483e-03
7.124609648537886218e-03
7.132370033543318152e-03
7.132370033565894711e-03
7.140142894921800223e-03
7.140142894971467959e-03
7.147928264695709369e-03
7.147928264749892589e-03
7.155726174783570703e-03
7.155726174797116292e-03
7.163536657429008664e-03
7.163536657460616193e-03
7.171359744974986627e-03
7.171359744993047701e-03
7.179195469782526443e-03
7.179195469791556546e-03
7.187043864415838118e-03
7.187043864415838118e-03
7.194904961497830369e-03
7.194904961511375957e-03
7.202778793795902232e-03
7.202778793841055349e-03
7.210665394303215729e-03
7.210665394303215729e-03
7.218564795895534604e-03
7.218564795940686854e-03
7.226477031760178069e-03
7.226477031760178069e-03
7.234402135120589217e-03
7.234402135138650290e-03
7.242340139380819275e-03
7.242340139385334760e-03
7.250291077990074322e-03
7.250291078012650881e-03
7.258254984614293318e-03
7.258254984623324288e-03
7.266231892937476296e-03
7.266231892991659516e-03
7.274221836824234892e-03
7.274221836851326936e-03
7.282224850297214919e-03
7.282224850319791477e-03
7.290240967428731657e-03
7.290240967451308216e-03
7.298270222408496065e-03
7.298270222435587241e-03
7.306312649688105967e-03
7.306312649701651556e-03
7.314368283687553395e-03
7.314368283696583498e-03
7.322437159016470347e-03
7.322437159020985832e-03
7.330519310392857001e-03
7.330519310428979148e-03
7.338614772769506620e-03
7.338614772778537590e-03
7.346723581036000879e-03
7.346723581045031849e-03
7.354845770370897762e-03
7.354845770384443350e-03
7.362981375988877399e-03
7.362981375993392884e-03
7.371130433312323565e-03
7.371130433321354536e-03
7.379292977808773156e-03
7.379292977817803259e-03
7.387469045148949490e-03
7.387469045162495078e-03
7.395658671093882121e-03
7.395658671111943194e-03
7.403861891589727691e-03
7.403861891612304250e-03
7.412078742627795092e-03
7.412078742645856165e-03
7.420309260407096860e-03
7.420309260416126963e-03
7.428553481216949167e-03
7.428553481230495623e-03
7.436811441549858945e-03
7.436811441576950989e-03
7.445083177934452671e-03
7.445083177943483642e-03
7.453368727116092309e-03
7.453368727134153382e-03
7.461668125962050112e-03
7.461668125966565597e-03
7.469981411447968248e-03
7.469981411475059424e-03
7.478308620693974000e-03
7.478308620703004971e-03
7.486649790964687579e-03
7.486649790978233167e-03
7.495004959718883780e-03
7.495004959723398398e-03
7.503374164460490520e-03
7.503374164483067078e-03
7.511757442923716784e-03
7.511757442955323445e-03
7.520154832896952177e-03
7.520154832919528735e-03
7.528566372403382861e-03
7.528566372412413832e-03
7.536992099520379088e-03
7.536992099524894573e-03
7.545432052546556870e-03
7.545432052546556870e-03
7.553886269870841060e-03
7.553886269888902133e-03
7.562354790035674332e-03
7.562354790058250890e-03
7.570837651795718493e-03
7.570837651818294184e-03
7.579334893941755760e-03
7.579334893959816834e-03
7.587846555508395881e-03
7.587846555508395881e-03
7.596372675611522997e-03
7.596372675620553100e-03
7.604913293552146604e-03
7.604913293561177574e-03
7.613468448775766520e-03
7.613468448775766520e-03
7.622038180854310944e-03
7.622038180885917606e-03
7.630622529585469327e-03
7.630622529599014915e-03
7.639221534830148777e-03
7.639221534866270924e-03
7.647835236611803464e-03
7.647835236625349052e-03
7.656463675188683246e-03
7.656463675206744320e-03
7.665106890868707452e-03
7.665106890891284011e-03
7.673764924158466352e-03
7.673764924199103984e-03
7.682437815808376008e-03
7.682437815821921596e-03
7.691125606546274189e-03
7.691125606550789674e-03
7.699828337388980176e-03
7.699828337402525764e-03
7.708546049452646119e-03
7.708546049497798369e-03
7.717278784115311902e-03
7.717278784169495122e-03
7.726026582732442582e-03
7.726026582741472686e-03
7.734789486998145530e-03
7.734789487007176501e-03
7.743567538624593523e-03
7.743567538633624493e-03
7.752360779594872839e-03
7.752360779608419294e-03
7.761169252027529976e-03
7.761169252036560946e-03
7.769992998144963255e-03
7.769992998158508843e-03
7.778832060404363216e-03
7.778832060413393319e-03
7.787686481407411591e-03
7.787686481416442562e-03
7.796556303913825155e-03
7.796556303927370743e-03
7.805441570778139798e-03
7.805441570836838504e-03
7.814342325292876132e-03
7.814342325315451823e-03
7.823258610506726371e-03
7.823258610542848518e-03
7.832190470023765727e-03
7.832190470077949815e-03
7.841137947339701236e-03
7.841137947339701236e-03
7.850101086270823772e-03
7.850101086275339257e-03
7.859079930759854324e-03
7.859079930768883560e-03
7.868074524961727809e-03
7.868074525002365441e-03
7.877084913103632111e-03
7.877084913117176831e-03
7.886111139728814792e-03
7.886111139737844028e-03
7.895153249466319370e-03
7.895153249470834855e-03
7.904211287103224404e-03
7.904211287103224404e-03
7.913285297679463481e-03
7.913285297688492717e-03
7.922375326307212751e-03
7.922375326343334898e-03
7.931481418477933504e-03
7.931481418509540166e-03
7.940603619592784268e-03
7.940603619606328989e-03
7.949741975450261983e-03
7.949741975459292953e-03
7.958896531903052879e-03
7.958896531921113085e-03
7.968067335079270438e-03
7.968067335115392585e-03
7.977254431161217435e-03
7.977254431224432493e-03
7.986457866773689906e-03
7.986457866800781083e-03
7.995677688387962598e-03
7.995677688433115715e-03
8.004913942854600603e-03
8.004913942881691780e-03
8.014166677272501621e-03
8.014166677277017106e-03
8.023435938749601259e-03
8.023435938763147715e-03
8.032721774727960215e-03
8.032721774736991185e-03
8.042024232758009095e-03
8.042024232767040065e-03
8.051343360643033534e-03
8.051343360674640195e-03
8.060679206312747550e-03
8.060679206317261300e-03
8.070031817913594571e-03
8.070031817945202968e-03
8.079401243899065818e-03
8.079401243917126024e-03
8.088787532700066410e-03
8.088787532709097380e-03
8.098190733108731609e-03
8.098190733126791815e-03
8.107610894070711033e-03
8.107610894079740269e-03
8.117048064712268501e-03
8.117048064721297737e-03
8.126502294394460923e-03
8.126502294403491894e-03
8.135973632622835530e-03
8.135973632636381986e-03
8.145462129169342771e-03
8.145462129200949433e-03
8.154967833968476687e-03
8.154967833986538628e-03
8.164490797189533078e-03
8.164490797198564048e-03
8.174031069146294598e-03
8.174031069182416745e-03
8.183588700391850740e-03
8.183588700437003857e-03
8.193163741804395522e-03
8.193163741804395522e-03
8.202756244225997348e-03
8.202756244244059289e-03
8.212366258878011499e-03
8.212366258900587190e-03
8.221993837194008919e-03
8.221993837234646552e-03
8.231639030733988935e-03
8.231639030738504420e-03
8.241301891337900545e-03
8.241301891364991722e-03
8.250982471044361957e-03
8.250982471062422163e-03
8.260680822086148567e-03
8.260680822086148567e-03
8.270396996935349548e-03
8.270396996948896004e-03
8.280131048244661340e-03
8.280131048258206061e-03
8.289883028928668116e-03
8.289883028960274777e-03
8.299652992168355531e-03
8.299652992190931222e-03
8.309440991198893331e-03
8.309440991221469022e-03
8.319247079607641759e-03
8.319247079630219185e-03
8.329071311243850528e-03
8.329071311252879764e-03
8.338913740038039410e-03
8.338913740060615101e-03
8.348774420259377424e-03
8.348774420259377424e-03
8.358653406348615089e-03
8.358653406348615089e-03
8.368550752999357953e-03
8.368550752999357953e-03
8.378466515099367018e-03
8.378466515140004650e-03
8.388400747879564551e-03
8.388400747915688432e-03
8.398353506625060375e-03
8.398353506643122315e-03
8.408324847000244254e-03
8.408324847013790709e-03
8.418314824832056481e-03
8.418314824868178628e-03
8.428323496182232172e-03
8.428323496186747657e-03
8.438350917396969866e-03
8.438350917401485352e-03
8.448397144998563355e-03
8.448397145003078840e-03
8.458462235807316307e-03
8.458462235825378248e-03
8.468546246797050217e-03
8.468546246842203334e-03
8.478649235361507622e-03
8.478649235388600533e-03
8.488771258926041188e-03
8.488771258930556673e-03
8.498912375259161378e-03
8.498912375259161378e-03
8.509072642364173475e-03
8.509072642395781871e-03
8.519252118555940834e-03
8.519252118596578466e-03
8.529450862239627840e-03
8.529450862275749987e-03
8.539668932303538448e-03
8.539668932335145110e-03
8.549906387563727117e-03
8.549906387622426690e-03
8.560163287490969372e-03
8.560163287527091519e-03
8.570439691429607154e-03
8.570439691456698331e-03
8.580735659243245855e-03
8.580735659306459179e-03
8.591051250867729958e-03
8.591051250876760928e-03
8.601386526636254498e-03
8.601386526672376645e-03
8.611741547121317883e-03
8.611741547152924545e-03
8.622116373030881339e-03
8.622116373057974251e-03
8.632511065542495740e-03
8.632511065569586917e-03
8.642925685833706753e-03
8.642925685869828900e-03
8.653360295691631468e-03
8.653360295718722645e-03
8.663814956776949919e-03
8.663814956799527345e-03
8.674289731373458281e-03
8.674289731409580428e-03
8.684784681764949263e-03
8.684784681787524954e-03
8.695299870713836185e-03
8.695299870713836185e-03
8.705835361072836870e-03
8.705835361072836870e-03
8.716391216119107402e-03
8.716391216128136638e-03
8.726967499274290718e-03
8.726967499323959321e-03
8.737564274452200297e-03
8.737564274519929106e-03
8.748181605530520530e-03
8.748181605553096221e-03
8.758819556946833423e-03
8.758819556951348909e-03
8.769478193278699291e-03
8.769478193283214776e-03
8.780157579406195137e-03
8.780157579415226107e-03
8.790857780507409583e-03
8.790857780516440553e-03
8.801578862099080497e-03
8.801578862103595982e-03
8.812320889860489337e-03
8.812320889892095999e-03
8.823083929868268116e-03
8.823083929904390263e-03
8.833868048497055259e-03
8.833868048515117199e-03
8.844673312369828733e-03
8.844673312387890673e-03
8.855499788348878548e-03
8.855499788366938754e-03
8.866347543675774656e-03
8.866347543711896803e-03
8.877216645957829166e-03
8.877216645971375622e-03
8.888107162910720629e-03
8.888107162910720629e-03
8.899019162692620860e-03
8.899019162706165581e-03
8.909952713764228774e-03
8.909952713804866406e-03
8.920907884807493388e-03
8.920907884807493388e-03
8.931884744856550748e-03
8.931884744892672895e-03
8.942883363356433912e-03
8.942883363397071544e-03
8.953903809801841071e-03
8.953903809851507939e-03
8.964946154369273987e-03
8.964946154400880649e-03
8.976010467162997067e-03
8.976010467181057273e-03
8.987096818901347747e-03
8.987096818923923439e-03
8.998205280424578095e-03
8.998205280429093580e-03
9.009335923019952397e-03
9.009335923024467882e-03
9.020488818200502260e-03
9.020488818241139892e-03
9.031664037966902203e-03
9.031664037998510600e-03
9.042861654387565964e-03
9.042861654410141656e-03
9.054081740081761781e-03
9.054081740099821987e-03
9.065324367926135343e-03
9.065324367975802211e-03
9.076589611054701121e-03
9.076589611063730356e-03
9.087877543057516772e-03
9.087877543062032257e-03
9.099188237759436512e-03
9.099188237777498453e-03
9.110521769396204630e-03
9.110521769400718381e-03
9.121878212510601061e-03
9.121878212510601061e-03
9.133257641947932839e-03
9.133257641984056721e-03
9.144660132968916028e-03
9.144660132977945263e-03
9.156085761136781645e-03
9.156085761141297130e-03
9.167534602366961619e-03
9.167534602375992589e-03
9.179006732927076639e-03
9.179006732927076639e-03
9.190502229409843252e-03
9.190502229441449913e-03
9.202021168836936951e-03
9.202021168864028128e-03
9.213563628537068881e-03
9.213563628546099851e-03
9.225129686155018535e-03
9.225129686182109712e-03
9.236719419714852289e-03
9.236719419728398744e-03
9.248332907696676236e-03
9.248332907728284633e-03
9.259970228788305321e-03
9.259970228815396498e-03
9.271631462210348784e-03
9.271631462219379755e-03
9.283316687400159153e-03
9.283316687409190124e-03
9.295025984251125209e-03
9.295025984264669930e-03
9.306759433040436361e-03
9.306759433053982816e-03
9.318517114325231693e-03
9.318517114325231693e-03
9.330299109141269170e-03
9.330299109159331111e-03
9.342105498894559198e-03
9.342105498939712316e-03
9.353936365266544636e-03
9.353936365298151298e-03
9.365791790516622695e-03
9.365791790534682901e-03
9.377671857048680906e-03
9.377671857071258332e-03
9.389576647889719477e-03
9.389576647894234962e-03
9.401506246278950804e-03
9.401506246301526495e-03
9.413460735943238872e-03
9.413460735943238872e-03
9.425440200970674337e-03
9.425440200979705307e-03
9.437444725846688004e-03
9.437444725864749945e-03
9.449474395539848512e-03
9.449474395539848512e-03
9.461529295262548558e-03
9.461529295271579529e-03
9.473609510750952839e-03
9.473609510759983809e-03
9.485715128102450988e-03
9.485715128143088620e-03
9.497846233933687418e-03
9.497846233956263109e-03
9.510002915069010188e-03
9.510002915069010188e-03
9.522185258910723440e-03
9.522185258910723440e-03
9.534393353204296054e-03
9.534393353208811539e-03
9.546627286160264125e-03
9.546627286196386272e-03
9.558887146422636455e-03
9.558887146422636455e-03
9.571173022924397283e-03
9.571173022965034916e-03
9.583485005293886083e-03
9.583485005302917054e-03
9.595823183317473901e-03
9.595823183321989386e-03
9.608187647354977587e-03
9.608187647359493072e-03
9.620578488154521435e-03
9.620578488177098861e-03
9.632995796992524160e-03
9.632995797024130821e-03
9.645439665465986578e-03
9.645439665465986578e-03
9.657910185673104081e-03
9.657910185682135051e-03
9.670407450127481083e-03
9.670407450163603230e-03
9.682931551947769264e-03
9.682931551961315719e-03
9.695482584451291241e-03
9.695482584469351447e-03
9.708060641569447868e-03
9.708060641578477104e-03
9.720665817716776097e-03
9.720665817721291582e-03
9.733298207637427688e-03
9.733298207646458658e-03
9.745957906662543191e-03
9.745957906689634367e-03
9.758645010583818363e-03
9.758645010592847599e-03
9.771359615563203135e-03
9.771359615603840768e-03
9.784101818304484846e-03
9.784101818336091508e-03
9.796871716039734848e-03
9.796871716062310539e-03
9.809669406335154787e-03
9.809669406366761449e-03
9.822494987447786055e-03
9.822494987465846261e-03
9.835348557883011322e-03
9.835348557887526807e-03
9.848230216791898153e-03
9.848230216818989330e-03
9.861140063804131259e-03
9.861140063831224170e-03
9.874078199037050405e-03
9.874078199055112345e-03
9.887044723005335503e-03
9.887044723055004106e-03
9.900039736819687963e-03
9.900039736860325595e-03
9.913063342186820281e-03
9.913063342195851252e-03
9.926115641111461774e-03
9.926115641138552950e-03
9.939196736239504226e-03
9.939196736253050682e-03
9.952306730668372334e-03
9.952306730699978995e-03
9.965445728127627495e-03
9.965445728177296097e-03
9.978613832793846797e-03
9.978613832843513665e-03
9.991811149295129826e-03
9.991811149299645312e-03
1.000503778288269405e-02
1.000503778288269405e-02
1.001829383930442907e-02
1.001829383932248928e-02
1.003157942487263934e-02
1.003157942487715483e-02
1.004489464636470174e-02
1.004489464640985485e-02
1.005823961125786384e-02
1.005823961129850147e-02
1.007161442733641062e-02
1.007161442737704825e-02
1.008501920321092267e-02
1.008501920326059127e-02
1.009845404772677716e-02
1.009845404775838555e-02
1.011191907061886192e-02
1.011191907063692212e-02
1.012541438187491809e-02
1.012541438189297829e-02
1.013894009230446869e-02
1.013894009235413729e-02
1.015249631304214126e-02
1.015249631309180812e-02
1.016608315611658257e-02
1.016608315613464278e-02
1.017970073371899341e-02
1.017970073374156910e-02
1.019334915898426758e-02
1.019334915902038972e-02
1.020702854539046189e-02
1.020702854539497738e-02
1.022073900713355889e-02
1.022073900713807437e-02
1.023448065893331829e-02
1.023448065893331829e-02
1.024825361613260558e-02
1.024825361613260558e-02
1.026205799463418208e-02
1.026205799467933520e-02
1.027589391106777106e-02
1.027589391109486223e-02
1.028976148247849783e-02
1.028976148251461997e-02
1.030366082656169156e-02
1.030366082664296683e-02
1.031759206191122311e-02
1.031759206195186074e-02
1.033155530725641744e-02
1.033155530728802410e-02
1.034555068236511950e-02
1.034555068243736380e-02
1.035957830733027010e-02
1.035957830737542149e-02
1.037363830314335343e-02
1.037363830316141364e-02
1.038773079123835041e-02
1.038773079124738138e-02
1.040185589372201978e-02
1.040185589375362644e-02
1.041601373336938259e-02
1.041601373340550474e-02
1.043020443369144755e-02
1.043020443374111615e-02
1.044442811864172357e-02
1.044442811866881649e-02
1.045868491305420103e-02
1.045868491305420103e-02
1.047297494223245473e-02
1.047297494227760785e-02
1.048729833233345149e-02
1.048729833234248246e-02
1.050165521001535443e-02
1.050165521005599206e-02
1.051604570268585906e-02
1.051604570269489003e-02
1.053046993843899208e-02
1.053046993846608326e-02
1.054492804600090997e-02
1.054492804602800114e-02
1.055942015492858550e-02
1.055942015496019390e-02
1.057394639518537127e-02
1.057394639524858460e-02
1.058850689789052162e-02
1.058850689789052162e-02
1.060310179433939827e-02
1.060310179434391376e-02
1.061773121689747398e-02
1.061773121693359613e-02
1.063239529849915530e-02
1.063239529850818627e-02
1.064709417285998952e-02
1.064709417289159618e-02
1.066182797436378282e-02
1.066182797437732928e-02
1.067659683814388243e-02
1.067659683815742888e-02
1.069140090009220237e-02
1.069140090010123161e-02
1.070624029673730715e-02
1.070624029680955144e-02
1.072111516560564186e-02
1.072111516564176401e-02
1.073602564461648319e-02
1.073602564462099694e-02
1.075097187267343331e-02
1.075097187267343331e-02
1.076595398939351501e-02
1.076595398939351501e-02
1.078097213513425252e-02
1.078097213514779898e-02
1.079602645104334700e-02
1.079602645105689346e-02
1.081111707906770407e-02
1.081111707908125052e-02
1.082624416184055187e-02
1.082624416185861381e-02
1.084140784289817395e-02
1.084140784294332707e-02
1.085660826646317814e-02
1.085660826649027105e-02
1.087184557766574314e-02
1.087184557767928959e-02
1.088711992234946135e-02
1.088711992239461447e-02
1.090243144714358667e-02
1.090243144716616236e-02
1.091778029963912447e-02
1.091778029965266919e-02
1.093316662807728226e-02
1.093316662808179775e-02
1.094859058162038663e-02
1.094859058162038663e-02
1.096405231022545140e-02
1.096405231023448237e-02
1.097955196472997184e-02
1.097955196473900281e-02
1.099508969676613220e-02
1.099508969677064768e-02
1.101066565883304996e-02
1.101066565884208093e-02
1.102628000430129138e-02
1.102628000431483783e-02
1.104193288738126999e-02
1.104193288739933020e-02
1.105762446312323448e-02
1.105762446315935663e-02
1.107335488758886058e-02
1.107335488759789155e-02
1.108912431754421023e-02
1.108912431756678592e-02
1.110493291071257965e-02
1.110493291073515534e-02
1.112078082577450805e-02
1.112078082578353902e-02
1.113666822220070983e-02
1.113666822222328552e-02
1.115259526037849780e-02
1.115259526044171112e-02
1.116856210183303846e-02
1.116856210187819158e-02
1.118456890866293893e-02
1.118456890867648539e-02
1.120061584408208084e-02
1.120061584408208084e-02
1.121670307219837029e-02
1.121670307225255264e-02
1.123283075822144317e-02
1.123283075828465649e-02
1.124899906799758931e-02
1.124899906800210479e-02
1.126520816856513632e-02
1.126520816858319653e-02
1.128145822779321773e-02
1.128145822783836912e-02
1.129774941471591194e-02
1.129774941471591194e-02
1.131408189907168529e-02
1.131408189908974550e-02
1.133045585176394032e-02
1.133045585177297129e-02
1.134687144463074684e-02
1.134687144463526233e-02
1.136332885048547611e-02
1.136332885053062923e-02
1.137982824329740981e-02
1.137982824336062314e-02
1.139636979776730355e-02
1.139636979780342570e-02
1.141295368992792207e-02
1.141295368993243756e-02
1.142958009657963313e-02
1.142958009658866410e-02
1.144624919570579914e-02
1.144624919570579914e-02
1.146296116630121306e-02
1.146296116631927327e-02
1.147971618835402600e-02
1.147971618839014815e-02
1.149651444308957653e-02
1.149651444310312298e-02
1.151335611256853325e-02
1.151335611260013991e-02
1.153024138006165586e-02
1.153024138006616961e-02
1.154717042989628073e-02
1.154717042990079622e-02
1.156414344749696378e-02
1.156414344750147753e-02
1.158116061938546486e-02
1.158116061939449409e-02
1.159822213317624785e-02
1.159822213319430806e-02
1.161532817760356495e-02
1.161532817762614238e-02
1.163247894257112870e-02
1.163247894259370439e-02
1.164967461909792099e-02
1.164967461912952765e-02
1.166691539927756406e-02
1.166691539928659503e-02
1.168420147644086936e-02
1.168420147644538484e-02
1.170153304502037292e-02
1.170153304502940389e-02
1.171891030069934468e-02
1.171891030070837565e-02
1.173633344023569322e-02
1.173633344025827065e-02
1.175380266167418315e-02
1.175380266170578981e-02
1.177131816417033294e-02
1.177131816419742412e-02
1.178888014804460940e-02
1.178888014813040015e-02
1.180648881517976437e-02
1.180648881520685728e-02
1.182414436814938942e-02
1.182414436816745136e-02
1.184184701113902977e-02
1.184184701114354525e-02
1.185959694944498793e-02
1.185959694945401890e-02
1.187739438964591221e-02
1.187739438965945866e-02
1.189523953960278622e-02
1.189523953960278622e-02
1.191313260840023633e-02
1.191313260841829827e-02
1.193107380647295823e-02
1.193107380648650469e-02
1.194906334546574217e-02
1.194906334548831786e-02
1.196710143843666106e-02
1.196710143851342084e-02
1.198518829958164326e-02
1.198518829965840304e-02
1.200332414476274964e-02
1.200332414477178061e-02
1.202150919073155522e-02
1.202150919076316188e-02
1.203974365590125724e-02
1.203974365591480369e-02
1.205802775992224213e-02
1.205802775994030407e-02
1.207636172385366177e-02
1.207636172388526843e-02
1.209474577016795248e-02
1.209474577020407463e-02
1.211318012258828271e-02
1.211318012261086013e-02
1.213166500640914039e-02
1.213166500642268684e-02
1.215020064824798816e-02
1.215020064831571871e-02
1.216878727609493893e-02
1.216878727612203011e-02
1.218742511953850929e-02
1.218742511954753853e-02
1.220611440941343773e-02
1.220611440945407536e-02
1.222485537824769160e-02
1.222485537829284472e-02
1.224364825977933453e-02
1.224364825978836550e-02
1.226249328938999392e-02
1.226249328943063155e-02
1.228139070401455119e-02
1.228139070406873527e-02
1.230034074189731950e-02
1.230034074190183499e-02
1.231934364296229968e-02
1.231934364298036162e-02
1.233839964856031993e-02
1.233839964859644207e-02
1.235750900176252852e-02
1.235750900177607497e-02
1.237667194692241776e-02
1.237667194695853991e-02
1.239588873025828687e-02
1.239588873028086430e-02
1.241515959934302513e-02
1.241515959937914727e-02
1.243448480338856139e-02
1.243448480344726097e-02
1.245386459344906792e-02
1.245386459348519007e-02
1.247329922183395765e-02
1.247329922183847313e-02
1.249278894269488342e-02
1.249278894273100557e-02
1.251233401191284914e-02
1.251233401192639386e-02
1.253193468683180822e-02
1.253193468683632371e-02
1.255159122658828542e-02
1.255159122660634737e-02
1.257130389200300166e-02
1.257130389201654812e-02
1.259107294559893946e-02
1.259107294559893946e-02
1.261089865158779647e-02
1.261089865159231195e-02
1.263078127595126249e-02
1.263078127597383818e-02
1.265072108646359168e-02
1.265072108648165362e-02
1.267071835250648329e-02
1.267071835254712092e-02
1.269077334547995956e-02
1.269077334550253525e-02
1.271088633833730545e-02
1.271088633839148954e-02
1.273105760593725398e-02
1.273105760597789161e-02
1.275128742507107907e-02
1.275128742511623045e-02
1.277157607426391769e-02
1.277157607433164650e-02
1.279192383381090245e-02
1.279192383384251085e-02
1.281233098609322642e-02
1.281233098611128836e-02
1.283279781519434080e-02
1.283279781520788726e-02
1.285332460718893559e-02
1.285332460719796656e-02
1.287391165003909377e-02
1.287391165007973140e-02
1.289455923376585898e-02
1.289455923377037273e-02
1.291526765013317757e-02
1.291526765016478423e-02
1.293603719301815100e-02
1.293603719303169572e-02
1.295686815827556612e-02
1.295686815829814355e-02
1.297776084376951918e-02
1.297776084380112584e-02
1.299871554930115414e-02
1.299871554930566789e-02
1.301973257684346796e-02
1.301973257686604539e-02
1.304081223031554847e-02
1.304081223033812416e-02
1.306195481574511270e-02
1.306195481580381228e-02
1.308316064141752492e-02
1.308316064144461610e-02
1.310443001740168104e-02
1.310443001743328770e-02
1.312576325623633633e-02
1.312576325623633633e-02
1.314716067236118384e-02
1.314716067237472856e-02
1.316862258252322025e-02
1.316862258255482691e-02
1.319014930560968683e-02
1.319014930564129350e-02
1.321174116279256149e-02
1.321174116280610794e-02
1.323339847736599954e-02
1.323339847739760620e-02
1.325512157490437576e-02
1.325512157491340673e-02
1.327691078330291846e-02
1.327691078331194943e-02
1.329876643271901346e-02
1.329876643273255818e-02
1.332068885557220056e-02
1.332068885558123153e-02
1.334267838669318286e-02
1.334267838669769835e-02
1.336473536320642412e-02
1.336473536322448433e-02
1.338686012467012361e-02
1.338686012469721479e-02
1.340905301295431014e-02
1.340905301297237034e-02
1.343131437233113616e-02
1.343131437240338046e-02
1.345364454979547202e-02
1.345364454983610965e-02
1.347604389435600250e-02
1.347604389439212465e-02
1.349851275781185911e-02
1.349851275781185911e-02
1.352105149432817656e-02
1.352105149437784516e-02
1.354366046080635391e-02
1.354366046088311369e-02
1.356634001635124466e-02
1.356634001639188229e-02
1.358909052303875972e-02
1.358909052304327521e-02
1.361191234520244854e-02
1.361191234521599500e-02
1.363480585000694661e-02
1.363480585002500682e-02
1.365777140722671500e-02
1.365777140725380791e-02
1.368080938924605590e-02
1.368080938927314708e-02
1.370392017117649276e-02
1.370392017120358567e-02
1.372710413094709384e-02
1.372710413095612307e-02
1.375036164909223570e-02
1.375036164911481139e-02
1.377369310895480529e-02
1.377369310899092744e-02
1.379709889681714034e-02
1.379709889684874700e-02
1.382057940152625099e-02
1.382057940156688862e-02
1.384413501509888095e-02
1.384413501513048761e-02
1.386776613213902901e-02
1.386776613215257546e-02
1.389147315033914531e-02
1.389147315035269004e-02
1.391525647025436754e-02
1.391525647027242948e-02
1.393911649543346995e-02
1.393911649543798544e-02
1.396305363237369986e-02
1.396305363240079103e-02
1.398706829070139705e-02
1.398706829071945726e-02
1.401116088296880391e-02
1.401116088296880391e-02
1.403533182483467784e-02
1.403533182483467784e-02
1.405958153509137901e-02
1.405958153511847018e-02
1.408391043560165874e-02
1.408391043566035832e-02
1.410831895163731052e-02
1.410831895165988795e-02
1.413280751128765875e-02
1.413280751131023444e-02
1.415737654616394843e-02
1.415737654617749489e-02
1.418202649103360823e-02
1.418202649111036800e-02
1.420675778389248953e-02
1.420675778394215813e-02
1.423157086628546071e-02
1.423157086633964306e-02
1.425646618277359029e-02
1.425646618283228986e-02
1.428144418170627754e-02
1.428144418176045989e-02
1.430650531446718207e-02
1.430650531448072679e-02
1.433165003616056025e-02
1.433165003616958949e-02
1.435687880529067442e-02
1.435687880530421914e-02
1.438219208386564557e-02
1.438219208387016106e-02
1.440759033747872689e-02
1.440759033751484904e-02
1.443307403541215991e-02
1.443307403544376658e-02
1.445864365034819042e-02
1.445864365037979708e-02
1.448429965892444882e-02
1.448429965895153999e-02
1.451004254121018508e-02
1.451004254122372980e-02
1.453587278122551486e-02
1.453587278123454583e-02
1.456179086663890627e-02
1.456179086664342176e-02
1.458779728901099700e-02
1.458779728901099700e-02
1.461389254371332075e-02
1.461389254371332075e-02
1.464007713002765144e-02
1.464007713003216693e-02
1.466635155118662694e-02
1.466635155119114069e-02
1.469271631436472846e-02
1.469271631439633512e-02
1.471917193073698019e-02
1.471917193076407136e-02
1.474571891560536897e-02
1.474571891565955306e-02
1.477235778838079105e-02
1.477235778838530654e-02
1.479908907244532890e-02
1.479908907250628534e-02
1.482591329549767800e-02
1.482591329551348133e-02
1.485283098948315603e-02
1.485283098949444387e-02
1.487984269051468092e-02
1.487984269053499974e-02
1.490694893911434851e-02
1.490694893914595517e-02
1.493415028005764741e-02
1.493415028008925408e-02
1.496144726265115181e-02
1.496144726267598611e-02
1.498884044055190726e-02
1.498884044057222607e-02
1.501633037189160566e-02
1.501633037189386427e-02
1.504391761942333247e-02
1.504391761944816504e-02
1.507160275043350865e-02
1.507160275043802240e-02
1.509938633689090690e-02
1.509938633693380140e-02
1.512726895535182470e-02
1.512726895538343136e-02
1.515525118723777716e-02
1.515525118728293028e-02
1.518333361875647512e-02
1.518333361876550609e-02
1.521151684073250576e-02
1.521151684076862791e-02
1.523980144913787867e-02
1.523980144913787867e-02
1.526818804472402681e-02
1.526818804473079917e-02
1.529667723328143741e-02
1.529667723331078720e-02
1.532526962574124775e-02
1.532526962579768871e-02
1.535396583789303687e-02
1.535396583794722096e-02
1.538276649101922265e-02
1.538276649103276911e-02
1.541167221125163724e-02
1.541167221127647154e-02
1.544068363025558749e-02
1.544068363026235985e-02
1.546980138488444206e-02
1.546980138493411067e-02
1.549902611740990727e-02
1.549902611741442275e-02
1.552835847554911650e-02
1.552835847555363198e-02
1.555779911246463199e-02
1.555779911250752823e-02
1.558734868705568578e-02
1.558734868706697536e-02
1.561700786358791865e-02
1.561700786360823746e-02
1.564677731214942843e-02
1.564677731215620080e-02
1.567665770857626026e-02
1.567665770858077748e-02
1.570664973446822890e-02
1.570664973447725640e-02
1.573675407732886417e-02
1.573675407733789514e-02
1.576697143052480446e-02
1.576697143057221445e-02
1.579730249363570094e-02
1.579730249363570094e-02
1.582774797201400366e-02
1.582774797202980699e-02
1.585830857734484012e-02
1.585830857735161248e-02
1.588898502747669930e-02
1.588898502749475777e-02
1.591977804651624126e-02
1.591977804654784792e-02
1.595068836486670041e-02
1.595068836493217235e-02
1.598171671961392051e-02
1.598171671961617912e-02
1.601286385392808320e-02
1.601286385393937278e-02
1.604413051777036150e-02
1.604413051781551636e-02
1.607551746785227179e-02
1.607551746785678554e-02
1.610702546733540352e-02
1.610702546735797921e-02
1.613865528635746727e-02
1.613865528637778435e-02
1.617040770186069232e-02
1.617040770188327148e-02
1.620228349772730517e-02
1.620228349774085336e-02
1.623428346495335226e-02
1.623428346496915559e-02
1.626640840145906347e-02
1.626640840152453540e-02
1.629865911268938913e-02
1.629865911274131635e-02
1.633103641095250830e-02
1.633103641096379441e-02
1.636354111620999530e-02
1.636354111623031238e-02
1.639617405575173256e-02
1.639617405575624978e-02
1.642893606442392615e-02
1.642893606443972948e-02
1.646182798473069808e-02
1.646182798474198419e-02
1.649485066684537246e-02
1.649485066686794815e-02
1.652800496868498531e-02
1.652800496873239530e-02
1.656129175628956798e-02
1.656129175630311270e-02
1.659471190339318128e-02
1.659471190341124322e-02
1.662826629193416353e-02
1.662826629197705630e-02
1.666195581217927782e-02
1.666195581226732544e-02
1.669578136240992480e-02
1.669578136243024535e-02
1.672974384946395582e-02
1.672974384949556248e-02
1.676384418862280137e-02
1.676384418864763567e-02
1.679808330373111849e-02
1.679808330376724237e-02
1.683246212727130750e-02
1.683246212728485222e-02
1.686698160053958298e-02
1.686698160058022061e-02
1.690164267387177233e-02
1.690164267387177233e-02
1.693644630635882109e-02
1.693644630638139678e-02
1.697139346636606164e-02
1.697139346637960983e-02
1.700648513145872412e-02
1.700648513147904120e-02
1.704172228844931872e-02
1.704172228850124593e-02
1.707710593385371178e-02
1.707710593386725997e-02
1.711263707339442247e-02
1.711263707342602913e-02
1.714831672281111677e-02
1.714831672284272343e-02
1.718414590741586256e-02
1.718414590742941075e-02
1.722012566261238442e-02
1.722012566264850483e-02
1.725625703374705083e-02
1.725625703377414374e-02
1.729254107637528612e-02
1.729254107643398569e-02
1.732897885650990302e-02
1.732897885651216163e-02
1.736557145033213595e-02
1.736557145034568067e-02
1.740231994479215366e-02
1.740231994479666741e-02
1.743922543745781914e-02
1.743922543746007775e-02
1.747628903676979109e-02
1.747628903682397344e-02
1.751351186213634392e-02
1.751351186214311628e-02
1.755089504408914938e-02
1.755089504409592174e-02
1.758843972438261724e-02
1.758843972440293779e-02
1.762614705627156900e-02
1.762614705627608622e-02
1.766401820443449719e-02
1.766401820444578677e-02
1.770205434533703506e-02
1.770205434533703506e-02
1.774025666725904254e-02
1.774025666729290782e-02
1.777862637050006689e-02
1.777862637051361508e-02
1.781716466753285530e-02
1.781716466754640002e-02
1.785587278308462325e-02
1.785587278311622991e-02
1.789475195450054151e-02
1.789475195450957248e-02
1.793380343162408533e-02
1.793380343166020574e-02
1.797302847714470075e-02
1.797302847718759353e-02
1.801242836687775781e-02
1.801242836690033350e-02
1.805200438955233133e-02
1.805200438957265188e-02
1.809175784743657228e-02
1.809175784747043755e-02
1.813169005611870929e-02
1.813169005615257456e-02
1.817180234512112691e-02
1.817180234513918538e-02
1.821209605753914759e-02
1.821209605755269231e-02
1.825257255077928145e-02
1.825257255081088811e-02
1.829323319631765213e-02
1.829323319632442796e-02
1.833407938019668629e-02
1.833407938021474823e-02
1.837511250299801030e-02
1.837511250300026891e-02
1.841633398017207893e-02
1.841633398020368906e-02
1.845774524228650793e-02
1.845774524228876307e-02
1.849934773498994670e-02
1.849934773500123628e-02
1.854114291952683666e-02
1.854114291953586763e-02
1.858313227269224252e-02
1.858313227271933543e-02
1.862531728730822470e-02
1.862531728735563469e-02
1.866769947213352612e-02
1.866769947213578473e-02
1.871028035233091372e-02
1.871028035236929274e-02
1.875306146971098681e-02
1.875306146974710722e-02
1.879604438262608840e-02
1.879604438267349839e-02
1.883923066677400948e-02
1.883923066680110239e-02
1.888262191479614036e-02
1.888262191481194369e-02
1.892621973698861704e-02
1.892621973702022370e-02
1.897002576149197164e-02
1.897002576152357831e-02
1.901404163425500157e-02
1.901404163425500157e-02
1.905826901960596537e-02
1.905826901964208925e-02
1.910270960036770937e-02
1.910270960036770937e-02
1.914736507809697980e-02
1.914736507817599992e-02
1.919223717367368395e-02
1.919223717369400103e-02
1.923732762689447928e-02
1.923732762691479983e-02
1.928263819738264620e-02
1.928263819743908716e-02
1.932817066483865157e-02
1.932817066485897212e-02
1.937392682879634023e-02
1.937392682882794689e-02
1.941990850951470088e-02
1.941990850954404893e-02
1.946611754790561130e-02
1.946611754795527990e-02
1.951255580617728552e-02
1.951255580620889218e-02
1.955922516773266409e-02
1.955922516775523978e-02
1.960612753772479969e-02
1.960612753772705830e-02
1.965326484342033372e-02
1.965326484348580566e-02
1.970063903442300854e-02
1.970063903443429812e-02
1.974825208301230969e-02
1.974825208306423691e-02
1.979610598468755506e-02
1.979610598470109978e-02
1.984420275805276121e-02
1.984420275807308176e-02
1.989254444567003025e-02
1.989254444567905775e-02
1.994113311412726991e-02
1.994113311416339032e-02
1.998997085460713086e-02
1.998997085460713086e-02
2.003905978296150955e-02
2.003905978297957149e-02
2.008840204037302610e-02
2.008840204037302610e-02
2.013799979365303236e-02
2.013799979366432194e-02
2.018785523562091622e-02
2.018785523565704010e-02
2.023797058542917832e-02
2.023797058547884345e-02
2.028834808926782349e-02
2.028834808928588196e-02
2.033899002030566810e-02
2.033899002034630574e-02
2.038989867952566148e-02
2.038989867955049579e-02
2.044107639607707985e-02
2.044107639607707985e-02
2.049252552751257631e-02
2.049252552753741061e-02
2.054424846041354863e-02
2.054424846046773445e-02
2.059624761105614821e-02
2.059624761106743779e-02
2.064852542524646048e-02
2.064852542526000520e-02
2.070108437953286501e-02
2.070108437954641320e-02
2.075392698115863591e-02
2.075392698116992549e-02
2.080705576889047351e-02
2.080705576891756642e-02
2.086047331330298515e-02
2.086047331331878849e-02
2.091418221744016648e-02
2.091418221745145606e-02
2.096818511728498757e-02
2.096818511728950479e-02
2.102248468223350680e-02
2.102248468228317541e-02
2.107708361591213372e-02
2.107708361596406094e-02
2.113198465621825631e-02
2.113198465625212158e-02
2.118719057654389754e-02
2.118719057658905239e-02
2.124270418574410180e-02
2.124270418576893610e-02
2.129852832923639916e-02
2.129852832926800582e-02
2.135466588922432449e-02
2.135466588924690365e-02
2.141111978551467690e-02
2.141111978555305592e-02
2.146789297623092826e-02
2.146789297623770409e-02
2.152498845811576245e-02
2.152498845814962772e-02
2.158240926763730153e-02
2.158240926767793916e-02
2.164015848124423505e-02
2.164015848125100741e-02
2.169823921627563740e-02
2.169823921633659211e-02
2.175665463185951290e-02
2.175665463193175719e-02
2.181540792901213652e-02
2.181540792901890888e-02
2.187450235196328197e-02
2.187450235202649529e-02
2.193394118882223062e-02
2.193394118886738547e-02
2.199372777187126593e-02
2.199372777187577968e-02
2.205386547888863596e-02
2.205386547889992555e-02
2.211435773374459748e-02
2.211435773378975234e-02
2.217520800706062473e-02
2.217520800708320042e-02
2.223641981735178033e-02
2.223641981736081130e-02
2.229799673153695302e-02
2.229799673153695302e-02
2.235994236603154259e-02
2.235994236603831495e-02
2.242226038753311959e-02
2.242226038758730194e-02
2.248495451410510368e-02
2.248495451415928950e-02
2.254802851568247016e-02
2.254802851568247016e-02
2.261148621542632964e-02
2.261148621547825338e-02
2.267533149067890719e-02
2.267533149068116580e-02
2.273956827354151750e-02
2.273956827358892749e-02
2.280420055232620577e-02
2.280420055235329521e-02
2.286923237234141787e-02
2.286923237238656925e-02
2.293466783719239760e-02
2.293466783720368718e-02
2.300051110941559243e-02
2.300051110943365437e-02
2.306676641201157660e-02
2.306676641205221423e-02
2.313343802949712619e-02
2.313343802952421910e-02
2.320053030876762651e-02
2.320053030877891609e-02
2.326804766055551657e-02
2.326804766060744378e-02
2.333599456078035150e-02
2.333599456078035150e-02
2.340437555122158730e-02
2.340437555124868022e-02
2.347319524136757748e-02
2.347319524141273234e-02
2.354245830935702485e-02
2.354245830939314527e-02
2.361216950360446251e-02
2.361216950365864833e-02
2.368233364369430258e-02
2.368233364371236452e-02
2.375295562227723589e-02
2.375295562229755644e-02
2.382404040616293781e-02
2.382404040616293781e-02
2.389559303781914334e-02
2.389559303787558431e-02
2.396761863713259624e-02
2.396761863714162721e-02
2.404012240242501056e-02
2.404012240242952778e-02
2.411310961249169341e-02
2.411310961253458965e-02
2.418658562799001072e-02
2.418658562799903822e-02
2.426055589302424098e-02
2.426055589307165097e-02
2.433502593713231243e-02
2.433502593714585716e-02
2.441000137652071800e-02
2.441000137652297314e-02
2.448548791622734422e-02
2.448548791622960283e-02
2.456149135177406254e-02
2.456149135182147253e-02
2.463801757106089119e-02
2.463801757106766355e-02
2.471507255622627797e-02
2.471507255624885713e-02
2.479266238568577849e-02
2.479266238573544709e-02
2.487079323593361854e-02
2.487079323593587715e-02
2.494947138378456400e-02
2.494947138384100496e-02
2.502870320855025629e-02
2.502870320858412156e-02
2.510849519386567502e-02
2.510849519397629834e-02
2.518885393006188578e-02
2.518885393011381299e-02
2.526978611676687289e-02
2.526978611681654149e-02
2.535129856453101696e-02
2.535129856455585126e-02
2.543339819794942711e-02
2.543339819795619947e-02
2.551609205753351678e-02
2.551609205758092677e-02
2.559938730275656410e-02
2.559938730278591562e-02
2.568329121402012152e-02
2.568329121403141110e-02
2.576781119592306754e-02
2.576781119595467420e-02
2.585295477951926255e-02
2.585295477955538296e-02
2.593872962550532180e-02
2.593872962553918707e-02
2.602514352663179431e-02
2.602514352667243194e-02
2.611220441120474384e-02
2.611220441125215383e-02
2.619992034549918289e-02
2.619992034558271329e-02
2.628829953765348879e-02
2.628829953768509545e-02
2.637735033993609396e-02
2.637735033997899020e-02
2.646708125283179711e-02
2.646708125283631086e-02
2.655750092806023407e-02
2.655750092810087171e-02
2.664861817204813854e-02
2.664861817207749006e-02
2.674044194972894153e-02
2.674044194974700001e-02
2.683298138788407783e-02
2.683298138789988116e-02
2.692624577913676348e-02
2.692624577920900777e-02
2.702024458610378932e-02
2.702024458613314084e-02
2.711498744462620750e-02
2.711498744466233138e-02
2.721048416882418733e-02
2.721048416888740065e-02
2.730674475453991404e-02
2.730674475458732750e-02
2.740377938442632375e-02
2.740377938446470277e-02
2.750159843169928606e-02
2.750159843174444091e-02
2.760021246522634253e-02
2.760021246536405529e-02
2.769963225469442708e-02
2.769963225472377513e-02
2.779986877418824665e-02
2.779986877424920136e-02
2.790093320862454401e-02
2.790093320863357498e-02
2.800283695832157457e-02
2.800283695833286068e-02
2.810559164443322822e-02
2.810559164446483488e-02
2.820920911443059939e-02
2.820920911446897841e-02
2.831370144807795683e-02
2.831370144809827391e-02
2.841908096292332375e-02
2.841908096295041666e-02
2.852536022057923504e-02
2.852536022059955559e-02
2.863255203304864577e-02
2.863255203309380062e-02
2.874066946889281340e-02
2.874066946893570965e-02
2.884972586030221109e-02
2.884972586030446970e-02
2.895973480942923631e-02
2.895973480946310158e-02
2.907071019593547231e-02
2.907071019597159620e-02
2.918266618401298140e-02
2.918266618405813279e-02
2.929561723021829878e-02
2.929561723023861586e-02
2.940957809083460245e-02
2.940957809089329855e-02
2.952456383045978447e-02
2.952456383046655683e-02
2.964058982971177689e-02
2.964058982978853840e-02
2.975767179437650845e-02
2.975767179438553942e-02
2.987582576399145859e-02
2.987582576400048956e-02
2.999506812107488596e-02
2.999506812114035789e-02
3.011541560048601809e-02
3.011541560060115863e-02
3.023688529984857112e-02
3.023688529990049487e-02
3.035949468852713190e-02
3.035949468857454189e-02
3.048326161917273153e-02
3.048326161924723443e-02
3.060820433841503208e-02
3.060820433843535263e-02
3.073434149743712110e-02
3.073434149743937971e-02
3.086169216437446502e-02
3.086169216438123739e-02
3.099027583592596155e-02
3.099027583597563015e-02
3.112011245012541796e-02
3.112011245018411407e-02
3.125122239879694203e-02
3.125122239881048675e-02
3.138362654135816443e-02
3.138362654139428831e-02
3.151734621867088165e-02
3.151734621867314373e-02
3.165240326701808382e-02
3.165240326703614576e-02
3.178882003345816915e-02
3.178882003346042429e-02
3.192661939098954266e-02
3.192661939101437696e-02
3.206582475481013078e-02
3.206582475488011647e-02
3.220646009856786840e-02
3.220646009861076464e-02
3.234854997215543676e-02
3.234854997221639494e-02
3.249211951899025341e-02
3.249211951902863244e-02
3.263719449524728200e-02
3.263719449524954408e-02
3.278380128860652887e-02
3.278380128865394233e-02
3.293196693864852698e-02
3.293196693870045072e-02
3.308171915778945066e-02
3.308171915779170580e-02
3.323308635243522879e-02
3.323308635248038018e-02
3.338609764619909076e-02
3.338609764620586312e-02
3.354078290267441947e-02
3.354078290268570905e-02
3.369717275027104414e-02
3.369717275029361636e-02
3.385529860734502045e-02
3.385529860735179281e-02
3.401519270863564287e-02
3.401519270867176675e-02
3.417688813273639381e-02
3.417688813274316617e-02
3.434041883066989154e-02
3.434041883073987722e-02
3.450581965597097900e-02
3.450581965603870954e-02
3.467312639503166566e-02
3.467312639511745814e-02
3.484237580058418410e-02
3.484237580061353562e-02
3.501360562424263995e-02
3.501360562429456369e-02
3.518685465266814527e-02
3.518685465267040041e-02
3.536216274385815816e-02
3.536216274387622011e-02
3.553957086557375800e-02
3.553957086560085438e-02
3.571912113545794992e-02
3.571912113551439089e-02
3.590085686287197014e-02
3.590085686289905959e-02
3.608482259226912514e-02
3.608482259228718014e-02
3.627106414933979617e-02
3.627106414935898915e-02
3.645962868844564164e-02
3.645962868847273802e-02
3.665056474277079285e-02
3.665056474280917187e-02
3.684392227629728483e-02
3.684392227630067101e-02
3.703975273873681695e-02
3.703975273880116131e-02
3.723810912294710923e-02
3.723810912295275055e-02
3.743904602436538137e-02
3.743904602440602247e-02
3.764261970448761624e-02
3.764261970453389866e-02
3.784888815647442784e-02
3.784888815649474492e-02
3.805791117441210264e-02
3.805791117442113014e-02
3.826975042561468754e-02
3.826975042567451468e-02
3.848446952725736309e-02
3.848446952726525955e-02
3.870213412558796279e-02
3.870213412559925237e-02
3.892281198061794262e-02
3.892281198066309400e-02
3.914657305414544208e-02
3.914657305416801431e-02
3.937348960238184342e-02
3.937348960242812584e-02
3.960363627391077362e-02
3.960363627395366987e-02
3.983709021253605681e-02
3.983709021261620103e-02
4.007393116508631281e-02
4.007393116509872649e-02
4.031424159580512118e-02
4.031424159592816164e-02
4.055810680693724274e-02
4.055810680696433218e-02
4.080561506429408042e-02
4.080561506434713520e-02
4.105685773221885021e-02
4.105685773228658075e-02
4.131192941445204631e-02
4.131192941446897721e-02
4.157092810281518003e-02
4.157092810282082135e-02
4.183395533544877892e-02
4.183395533553457141e-02
4.210111636319040923e-02
4.210111636321749867e-02
4.237252032599456847e-02
4.237252032612438130e-02
4.264828044004710661e-02
4.264828044009790625e-02
4.292851419452427958e-02
4.292851419453443812e-02
4.321334356240331270e-02
4.321334356242814700e-02
4.350289522220562866e-02
4.350289522221240102e-02
4.379730079415736221e-02
4.379730079417881033e-02
4.409669709070959676e-02
4.409669709072427252e-02
4.440122638300883495e-02
4.440122638302802793e-02
4.471103668399158820e-02
4.471103668401755354e-02
4.502628204987200317e-02
4.502628204998827127e-02
4.534712290087809794e-02
4.534712290095937320e-02
4.567372636384649937e-02
4.567372636384649937e-02
4.600626663609992673e-02
4.600626663616088491e-02
4.634492537554386199e-02
4.634492537557885483e-02
4.668989211628346570e-02
4.668989211629023806e-02
4.704136471290929628e-02
4.704136471292284100e-02
4.739954981633340975e-02
4.739954981634469933e-02
4.776466338298449021e-02
4.776466338298449021e-02
4.813693122038927019e-02
4.813693122040620109e-02
4.851658957272780848e-02
4.851658957282714568e-02
4.890388574891366830e-02
4.890388574907170161e-02
4.929907879885098848e-02
4.929907879898306339e-02
4.970244023807512262e-02
4.970244023815414275e-02
5.011425483181093654e-02
5.011425483182899848e-02
5.053482143634583507e-02
5.053482143639776575e-02
5.096445390916268942e-02
5.096445390918300650e-02
5.140348209091531034e-02
5.140348209093337228e-02
5.185225286719353371e-02
5.185225286727367794e-02
5.231113131794797033e-02
5.231113131796264609e-02
5.278050196319182541e-02
5.278050196319294951e-02
5.326077011407583800e-02
5.326077011419323021e-02
5.375236334163827068e-02
5.375236334174889052e-02
5.425573307224688946e-02
5.425573307229542702e-02
5.477135632798262044e-02
5.477135632799503412e-02
5.529973762203393983e-02
5.529973762209602212e-02
5.584141103026628999e-02
5.584141103037239262e-02
5.639694245652299848e-02
5.639694245664039762e-02
5.696693211238968574e-02
5.696693211240323046e-02
5.755201723950263692e-02
5.755201723962116017e-02
5.815287509934246452e-02
5.815287509939551930e-02
5.877022626252978443e-02
5.877022626253768783e-02
5.940483823703678751e-02
5.940483823711467659e-02
6.005752947326790242e-02
6.005752947332095720e-02
6.072917379472723282e-02
6.072917379479721850e-02
6.142070531033664432e-02
6.142070531037276820e-02
6.213312386905955192e-02
6.213312386906971047e-02
6.286750113000834361e-02
6.286750113008510166e-02
6.362498733313386168e-02
6.362498733325239186e-02
6.440681886489227348e-02
6.440681886501643805e-02
6.521432673646386513e-02
6.521432673659932622e-02
6.604894610109399156e-02
6.604894610115494280e-02
6.691222697204042558e-02
6.691222697209235626e-02
6.780584631693789555e-02
6.780584631697063325e-02
6.873162174820045267e-02
6.873162174837428584e-02
6.969152706204224945e-02
6.969152706220253790e-02
7.068770992626441374e-02
7.068770992638971629e-02
7.172251208432692260e-02
7.172251208444319071e-02
7.279849249994911620e-02
7.279849249995476446e-02
7.391845397146980245e-02
7.391845397147600583e-02
7.508547384102302880e-02
7.508547384105068723e-02
7.630293956820446977e-02
7.630293956825356938e-02
7.757459010498675422e-02
7.757459010512107733e-02
7.890456422428114569e-02
7.890456422441942397e-02
8.029745722569607558e-02
8.029745722582362633e-02
8.175838779508286247e-02
8.175838779527870581e-02
8.329307723130495444e-02
8.329307723152845622e-02
8.490794384866123812e-02
8.490794384885934354e-02
8.661021610242421176e-02
8.661021610247726654e-02
8.840806900430467352e-02
8.840806900442602090e-02
9.031078970527883776e-02
9.031078970528730321e-02
9.232897991934124748e-02
9.232897991946259486e-02
9.447480528971151370e-02
9.447480528983512316e-02
9.676230512386910232e-02
9.676230512388885041e-02
9.920778057846757481e-02
9.920778057855901555e-02
1.018302859093447588e-01
1.018302859093797585e-01
1.046522567821008970e-01
1.046522567822205513e-01
1.077003232664372895e-01
1.077003232665580679e-01
1.110063753170393991e-01
1.110063753171263295e-01
1.146089790022433857e-01
1.146089790023630400e-01
1.185552886958148450e-01
1.185552886960389157e-01
1.229036745797581487e-01
1.229036745800047986e-01
1.277274049891206076e-01
1.277274049893096786e-01
1.331199239046076122e-01
1.331199239046646221e-01
1.392026108245432714e-01
1.392026108247777783e-01
1.461365336508439472e-01
1.461365336510598301e-01
1.541408769847300853e-01
1.541408769847676385e-01
1.635230508908184222e-01
1.635230508909155112e-01
1.747303899021591111e-01
1.747303899024320040e-01
1.884445399578839331e-01
1.884445399581125280e-01
2.057677342471353199e-01
2.057677342475535409e-01
2.286301383341171611e-01
2.286301383344985783e-01
2.608172410075724756e-01
2.608172410079169223e-01
3.111863716078738795e-01
3.111863716081196274e-01
4.084968563619717496e-01
4.084968563621758642e-01
1.000000000000000000e+00
