0.000000000000000000e+00
6.601037748510546691e-06
6.897389266667636499e-06
7.054817707159626487e-06
4.522169638092175841e-05
4.973939319220913079e-05
5.377553881447870400e-05
6.276912677484568876e-05
6.807608157131216770e-05
6.888329732179755086e-05
7.530948101186864859e-05
8.884548886615742879e-05
8.901090504027823829e-05
1.006322292071850326e-04
1.066568308995944524e-04
1.093253171565655105e-04
1.114041936439073252e-04
1.161795424778432723e-04
1.164282796762992000e-04
1.195685744207080389e-04
1.239474372228956762e-04
1.283342258087881937e-04
1.304396103700372167e-04
1.399185352942026788e-04
1.631462736061526264e-04
1.674266506521680006e-04
1.766427951449197904e-04
1.841798403402068165e-04
1.885231065668120534e-04
1.917434699645482858e-04
1.960617721133631056e-04
2.063568260821181167e-04
2.084033915292421229e-04
2.193945642511263528e-04
2.205530413666668607e-04
2.226488160516999423e-04
2.268272492544926445e-04
2.293198212136630346e-04
2.311526897014729205e-04
2.322178450255039191e-04
2.344443469874190429e-04
2.445048149054530559e-04
2.496505250154944819e-04
2.553844432594759919e-04
2.553944194115074107e-04
2.680131006389900312e-04
2.752457923693064240e-04
3.026223780869167590e-04
3.206199775923859090e-04
3.479089833838858951e-04
3.619546659262251847e-04
3.876065052042097130e-04
4.140856977085483428e-04
4.179203512155886318e-04
4.265537362194892694e-04
4.293440065727538034e-04
4.320288765693729052e-04
4.419650722433242254e-04
4.440732416900101975e-04
4.511027484495642526e-04
4.704509596964385532e-04
4.802337595216346535e-04
4.953361255244281749e-04
4.998848449419125792e-04
5.048402941780437934e-04
5.083902220839966492e-04
5.149551271786068302e-04
5.319706535475198037e-04
5.629790798298275542e-04
5.641629105333053262e-04
5.696063652635286866e-04
5.713990246929240248e-04
5.770450595556857838e-04
5.778427723557728315e-04
5.782249223789738849e-04
5.798306102701653855e-04
5.814602296408966911e-04
5.822891905797350932e-04
5.882801227123894564e-04
5.900591824416712367e-04
5.924203308715009567e-04
6.025012804482341583e-04
6.131104800120841612e-04
6.137939344747422258e-04
6.244632818728483191e-04
6.258849590838882083e-04
6.328892914593437250e-04
6.369669428340386927e-04
6.411881183993050097e-04
6.487625452734048720e-04
6.644877706149537487e-04
6.709028770366342025e-04
6.721118885431182901e-04
6.899771771923238943e-04
7.086686106214151650e-04
7.134749519324886389e-04
7.198367824893843340e-04
7.210976289402532555e-04
7.215234511221361308e-04
7.249208649643506782e-04
7.249418154458930983e-04
7.264834263537810460e-04
7.297007863495412645e-04
7.326713374501864521e-04
7.611452808833235086e-04
7.614406225244220406e-04
7.675835703846793341e-04
7.793091431621152485e-04
7.835757112279877505e-04
8.109514825902121174e-04
8.263057549219239616e-04
8.348308663615613230e-04
8.368565532537414024e-04
8.381417210954788307e-04
8.404011725550207881e-04
8.406794980883167860e-04
8.595468024253824198e-04
8.610826449867666800e-04
8.620774072590724332e-04
8.793392829492066316e-04
8.843963297558531242e-04
9.005905382888951694e-04
9.124373399519807287e-04
9.234954626066615080e-04
9.448163247813897315e-04
9.484136416237661090e-04
9.572491474724254077e-04
9.736485359200554301e-04
9.843262314809262184e-04
9.889297345098988033e-04
9.961422111660024267e-04
1.000900774506325707e-03
1.002691798855800303e-03
1.003877730831036121e-03
1.012559433429331820e-03
1.047492449891565969e-03
1.057557630233333604e-03
1.058744834844115631e-03
1.059549257442954449e-03
1.062375167960663558e-03
1.063791184540941034e-03
1.080196051333548153e-03
1.091591285713868192e-03
1.097549542520848088e-03
1.101721108985081760e-03
1.107217683560823797e-03
1.117086873525277276e-03
1.121098384946881722e-03
1.132090653488904359e-03
1.150813347620888117e-03
1.154261108290699717e-03
1.178072928492242136e-03
1.183072988111189515e-03
1.213610193516015878e-03
1.217361816771511890e-03
1.231724204690999840e-03
1.243646574189940547e-03
1.268932728639814243e-03
1.281804407677215223e-03
1.283394310727782681e-03
1.285559162911878786e-03
1.291452758303953275e-03
1.294137163452227339e-03
1.300375696468723504e-03
1.304170462795719177e-03
1.304474725592839847e-03
1.316398974077757347e-03
1.322211810989173605e-03
1.327254696565672914e-03
1.330303187437876112e-03
1.334054544719210592e-03
1.352803310203017214e-03
1.355597084832100814e-03
1.357958609464661503e-03
1.368981886282296268e-03
1.372063457717266621e-03
1.374005523644229732e-03
1.404045446025162366e-03
1.407516796019361470e-03
1.419244032637405643e-03
1.419943214232716536e-03
1.422655455347785836e-03
1.443209576698866814e-03
1.448087491419192694e-03
1.458382196527773476e-03
1.459738156065264799e-03
1.463101497747857109e-03
1.473575734134136049e-03
1.475182317388324836e-03
1.505547190917639862e-03
1.517998662725181594e-03
1.518799506434618130e-03
1.528349773264404358e-03
1.537998777151846621e-03
1.568142844716168775e-03
1.584631607712653394e-03
1.592395257320507055e-03
1.605848872547197687e-03
1.607049012053307071e-03
1.626973062920327893e-03
1.632340090551835264e-03
1.639140675125764189e-03
1.645105299215591111e-03
1.647472943853771918e-03
1.654141794501873828e-03
1.654687211808098576e-03
1.656970452710185976e-03
1.661715780163141795e-03
1.668902473012099643e-03
1.674674149585455912e-03
1.677250931643668383e-03
1.684780072924320100e-03
1.689081242610188929e-03
1.692859031572964195e-03
1.709184011543978541e-03
1.712201950380612099e-03
1.720250307184952379e-03
1.730019219255328044e-03
1.732903178991420474e-03
1.733035992861163034e-03
1.744032683259384145e-03
1.757250385015175905e-03
1.769597340135710102e-03
1.782550359970615098e-03
1.787836318015912111e-03
1.793090004790852399e-03
1.793227268045946435e-03
1.810705862582829943e-03
1.813733922718425203e-03
1.839061545651251737e-03
1.849293712585272807e-03
1.859180444056326856e-03
1.860422327859387890e-03
1.863583219578920621e-03
1.863641670501509648e-03
1.867136277654058308e-03
1.874110676386046359e-03
1.883654644065462435e-03
1.890585271829884305e-03
1.892585719253226436e-03
1.909246743041416667e-03
1.913909786863809016e-03
1.921151686847771432e-03
1.922622901009330429e-03
1.952838994033863395e-03
1.953990774931742540e-03
1.960026964046434391e-03
1.960739791866500728e-03
1.964357958017983428e-03
1.968390965789526027e-03
1.968599828838569089e-03
1.972785789877663613e-03
1.991045071696165378e-03
2.011086677382954453e-03
2.014353801926785370e-03
2.030777666615214520e-03
2.033374557568984158e-03
2.038687510530000618e-03
2.041434372583988358e-03
2.042604727524519742e-03
2.055520370208678300e-03
2.060061224747443496e-03
2.060439367680382515e-03
2.062897843147791770e-03
2.074486090695330104e-03
2.076894597291877118e-03
2.081846616822233525e-03
2.084995691519132832e-03
2.093084111538331786e-03
2.098467194749046878e-03
2.130337935062866488e-03
2.134974876570913931e-03
2.156389929649179561e-03
2.163112772666427822e-03
2.188528146895274938e-03
2.208679246671786580e-03
2.212387474229466147e-03
2.229705636799484466e-03
2.244565684057554973e-03
2.257409856632093537e-03
2.276209391919664649e-03
2.286360773577819291e-03
2.303826140736119944e-03
2.322486019063342826e-03
2.328119883975500893e-03
2.328622861167706400e-03
2.330151060066334642e-03
2.344968406286760104e-03
2.367949600365363595e-03
2.376125085653593792e-03
2.394688521284621223e-03
2.397154596888122994e-03
2.401614467164880397e-03
2.409635925623231957e-03
2.411750256226210653e-03
2.413240163640486234e-03
2.424225244075609454e-03
2.442153349350599523e-03
2.445683267263177446e-03
2.457622781465771886e-03
2.463931353100814146e-03
2.464055817514058336e-03
2.475080347163167299e-03
2.478341301892643921e-03
2.484020461553901847e-03
2.484731588910754369e-03
2.489152470977989799e-03
2.494362983544751253e-03
2.495859271602158744e-03
2.503413133340658733e-03
2.507955144327763362e-03
2.509814674445677660e-03
2.514868744595796877e-03
2.534462543304225306e-03
2.554522079535051331e-03
2.556194904216430377e-03
2.572276366773892150e-03
2.599810255203503871e-03
2.605565075314509194e-03
2.608502575309700443e-03
2.626139399854405653e-03
2.632835571065838751e-03
2.647304195616186507e-03
2.663689584297656166e-03
2.664446552661523752e-03
2.671930919298762860e-03
2.693694013991194004e-03
2.700615922067463575e-03
2.712949739425329215e-03
2.719286189471572125e-03
2.722572637117226524e-03
2.733740667271634776e-03
2.740612997744302885e-03
2.744497121870038189e-03
2.744963489023846594e-03
2.744971750829910094e-03
2.745273155745177503e-03
2.754353488987046784e-03
2.813176227107970582e-03
2.817127748337971450e-03
2.818926002616764254e-03
2.833766221445740367e-03
2.849163354765322197e-03
2.858070096508106075e-03
2.862915257333335795e-03
2.871192085730902687e-03
2.887629054146861104e-03
2.894983458626098315e-03
2.896788398471021771e-03
2.906544134165764490e-03
2.912134187096520818e-03
2.913647397633999190e-03
2.933351158303353339e-03
2.952537150066821253e-03
2.953511809961995287e-03
2.959117301560186368e-03
2.975343251666856276e-03
2.975636667057171472e-03
2.978942630023569387e-03
3.007414231575424556e-03
3.016168673336240558e-03
3.032764783866912645e-03
3.067110975818147268e-03
3.083042686426356108e-03
3.106155939481291574e-03
3.119148686297220415e-03
3.119343529145491428e-03
3.124129995328672142e-03
3.138826247211716752e-03
3.161906552435950635e-03
3.190239607287028052e-03
3.190746343433926643e-03
3.190776502448231661e-03
3.193613727310968056e-03
3.205940086743892022e-03
3.241596882727809485e-03
3.249577559936852982e-03
3.260799126357202034e-03
3.275216263989876465e-03
3.309553674128878388e-03
3.321335460839540919e-03
3.339498577106898933e-03
3.351005484690396108e-03
3.360885000463199011e-03
3.360992603127201540e-03
3.361618038388577718e-03
3.376901740899805344e-03
3.380636197557698730e-03
3.384785120702739000e-03
3.391477247554437833e-03
3.391523667652517494e-03
3.398786875524300623e-03
3.399291815023886519e-03
3.403494694661851876e-03
3.436155491828755439e-03
3.445305246883135965e-03
3.470545996591695680e-03
3.479874308089473626e-03
3.502419131979141696e-03
3.515596707201778647e-03
3.530592579966677913e-03
3.541009878650558905e-03
3.550253621859312918e-03
3.553909657576358877e-03
3.586588880914680973e-03
3.587504361621126747e-03
3.596986004977618077e-03
3.608449458993611032e-03
3.612859658032815686e-03
3.632340144782201380e-03
3.639058084599805596e-03
3.665470876737457473e-03
3.677393412804567593e-03
3.683142792194600643e-03
3.695537211767022795e-03
3.699918300536960292e-03
3.705573910867606801e-03
3.716064922944980250e-03
3.721481730450322632e-03
3.722099048107145418e-03
3.758340246583951379e-03
3.763902606057617246e-03
3.769695238872117389e-03
3.784349644800623705e-03
3.791477003107113653e-03
3.793947469442575295e-03
3.797297521647383968e-03
3.803145641965388363e-03
3.824901077506027546e-03
3.826741001779182527e-03
3.832365741604378939e-03
3.833883190263040735e-03
3.834990878538898675e-03
3.845775076816748336e-03
3.855539047820900293e-03
3.885402700861305229e-03
3.888686936123410265e-03
3.899371662179627104e-03
3.902161291886087693e-03
3.909451412023931885e-03
3.914968953044517877e-03
3.926456223170757091e-03
3.937058014574860640e-03
3.937638480063003488e-03
3.938237844980175921e-03
3.938579661622163518e-03
3.946335646979485211e-03
3.948994541671543498e-03
3.970687589709353919e-03
3.970813644245284844e-03
3.989052165512252217e-03
3.996303968328396294e-03
4.007779489642227314e-03
4.016894753933387963e-03
4.036900054588747101e-03
4.038213781494705452e-03
4.047321442651794984e-03
4.050260993823896413e-03
4.105327933413726281e-03
4.107515283421772113e-03
4.119860335012715848e-03
4.130834704579661003e-03
4.144663646580337701e-03
4.147917085614702924e-03
4.152234890410121809e-03
4.170197762691501588e-03
4.173329701255731362e-03
4.188633628750205312e-03
4.191201060350618034e-03
4.195898011182594770e-03
4.199235464026174203e-03
4.201012654326312379e-03
4.211206118729527402e-03
4.218754270526121376e-03
4.240060930295150299e-03
4.241715536632799897e-03
4.254185034873033885e-03
4.261038140766649183e-03
4.265488925241155832e-03
4.269539737619880253e-03
4.270978829228218136e-03
4.271119281448946051e-03
4.275343271381842371e-03
4.283632620232232652e-03
4.286619063055780408e-03
4.287703596788735964e-03
4.293290453352210760e-03
4.298757090689399839e-03
4.299380951253371427e-03
4.300698893988492109e-03
4.304146204339579125e-03
4.307137943060602644e-03
4.312640950700556003e-03
4.316081087772918531e-03
4.324866263512996273e-03
4.326561735802170530e-03
4.326708135165838881e-03
4.328299117836888546e-03
4.340801679895993706e-03
4.369932858954364216e-03
4.382841992766512394e-03
4.391276817752548349e-03
4.398111595922878439e-03
4.398368976211763925e-03
4.401000230216124340e-03
4.415094386160649947e-03
4.416478118172483674e-03
4.423864151148078003e-03
4.425321206990389528e-03
4.430110774451450142e-03
4.436088062573623723e-03
4.445162718764269355e-03
4.465113130642545981e-03
4.482533008693190615e-03
4.489988583095651936e-03
4.513943753007919335e-03
4.514365670702546671e-03
4.524503467277286341e-03
4.533732285754180254e-03
4.549329560120860677e-03
4.553187915631487503e-03
4.556656838494840475e-03
4.564985259087632127e-03
4.566842797154738696e-03
4.569272590802535457e-03
4.572165353996014356e-03
4.572239326185936412e-03
4.574179116236897977e-03
4.576595936824233782e-03
4.598893092381769500e-03
4.610644573388668691e-03
4.617064988172447232e-03
4.623671709515487366e-03
4.623966017930128056e-03
4.630416196840986265e-03
4.637912183318480298e-03
4.642913996095395651e-03
4.643594398976950456e-03
4.657634579520140115e-03
4.661180878883453005e-03
4.661903178274664356e-03
4.662097270123163884e-03
4.671571624685469382e-03
4.698209921313544618e-03
4.699983721295246213e-03
4.713401961075240100e-03
4.717086496643326833e-03
4.726273391616318820e-03
4.736629113170484282e-03
4.738287118394444303e-03
4.757477011012763157e-03
4.767049810920733106e-03
4.800310327916919653e-03
4.803796195701641458e-03
4.822642692079309040e-03
4.823748631128157646e-03
4.829418053903415838e-03
4.830675282080653526e-03
4.830777364956672162e-03
4.831123986225774325e-03
4.852367988647497861e-03
4.888466210182940662e-03
4.889225334002202279e-03
4.901793920424299920e-03
4.910566191522506944e-03
4.929161289262079179e-03
4.932736322567530911e-03
4.948197954913603584e-03
4.952531392846971567e-03
4.958517575385938507e-03
4.961184728201895044e-03
4.965445675817377509e-03
4.968636010967395628e-03
4.991283080339192768e-03
4.994299185588694373e-03
5.005954243355157166e-03
5.018863565156713238e-03
5.020282569887840954e-03
5.027551429558168444e-03
5.034628391526881422e-03
5.041329809983952082e-03
5.045802500237683147e-03
5.045834667673498863e-03
5.057120643168551422e-03
5.061763614917028260e-03
5.063082926521553055e-03
5.077256477040790160e-03
5.086311643188250534e-03
5.089379132323248490e-03
5.091061207070584661e-03
5.096132855573825941e-03
5.102358531791705704e-03
5.113454117045732397e-03
5.122656259176305155e-03
5.137106287727852619e-03
5.139264436880417418e-03
5.149714856780148245e-03
5.165075784623569984e-03
5.169499781552885920e-03
5.194815921557277734e-03
5.197107696297745445e-03
5.219741719419849178e-03
5.224312306886815492e-03
5.225630222702330741e-03
5.233842220448498700e-03
5.236728165549036675e-03
5.242589364439853919e-03
5.243884608921872865e-03
5.256173512236556392e-03
5.279418902887004009e-03
5.289814156056018256e-03
5.296457061329582112e-03
5.299693382380862502e-03
5.315252345645714652e-03
5.328368865585887681e-03
5.329162727231010789e-03
5.330396703844673782e-03
5.337397563292464557e-03
5.341279332142423800e-03
5.343013212886861540e-03
5.352675168985754524e-03
5.357857545389824172e-03
5.366634915738036950e-03
5.372666364787884695e-03
5.385622773034835428e-03
5.389230901756109082e-03
5.390935759085569920e-03
5.395941824264495652e-03
5.401891872582153913e-03
5.406269592271407270e-03
5.414371110034618857e-03
5.428274386582514557e-03
5.434033738206059221e-03
5.435435504412985952e-03
5.476832177999654133e-03
5.484015242822222469e-03
5.503892484575496728e-03
5.513423870561229810e-03
5.514735133775935418e-03
5.518751235214194167e-03
5.526076292969514525e-03
5.542101479158676076e-03
5.554219132370406299e-03
5.566013738037983889e-03
5.567878958990358541e-03
5.568532057330971737e-03
5.570368870834722062e-03
5.584434152342642073e-03
5.587832565295316675e-03
5.641713522951900123e-03
5.642722851218736312e-03
5.666123730605309231e-03
5.690125177683000995e-03
5.715291395214133069e-03
5.717110236995184835e-03
5.723232068371738798e-03
5.730623463474003761e-03
5.741848361071137316e-03
5.741945769190967032e-03
5.768302692386806201e-03
5.772156367431401786e-03
5.778785541666037369e-03
5.796210493539851773e-03
5.804303846862874337e-03
5.806369134223885071e-03
5.806673021440261935e-03
5.825790119315285044e-03
5.831022065162483857e-03
5.835962324494957040e-03
5.841595432871657563e-03
5.858518066498934022e-03
5.866844941577960097e-03
5.867387932512162924e-03
5.879375039302226456e-03
5.881931326416092905e-03
5.890126622344584589e-03
5.890940306183379757e-03
5.905860593895818564e-03
5.911509074685879564e-03
5.913227552191272808e-03
5.930069754291675613e-03
5.931389294165497969e-03
5.937846893103618934e-03
5.951676388206403150e-03
5.953356877172522911e-03
5.963174293197094980e-03
5.972898889526206088e-03
5.974183816932575504e-03
5.975111054534153199e-03
5.979148855388728701e-03
5.988092699015607964e-03
5.989636907976421919e-03
5.994350805595728866e-03
5.999936711663262159e-03
6.001552413647703171e-03
6.011441323914998303e-03
6.017408183153105661e-03
6.019433511370153936e-03
6.027753219265929475e-03
6.035404209030988988e-03
6.035469790613740178e-03
6.037200799518932341e-03
6.045776481336136848e-03
6.046426745086761964e-03
6.065662885326112211e-03
6.075584620407482525e-03
6.079617071152179468e-03
6.086731999791095138e-03
6.099580598003514174e-03
6.136567221827903158e-03
6.137008367584712021e-03
6.140925339367001717e-03
6.141830408797838495e-03
6.142105137379224450e-03
6.150568119998950367e-03
6.154735778293764226e-03
6.174845437999698129e-03
6.191298179164850084e-03
6.200363715182232414e-03
6.217728127400960932e-03
6.231163592506586829e-03
6.238209518944209421e-03
6.240066042226778339e-03
6.258695519512040908e-03
6.259913440437648788e-03
6.262114998076086236e-03
6.266786446537679980e-03
6.269410943099070627e-03
6.269545209308897103e-03
6.287457290999700667e-03
6.289096084034593616e-03
6.298762778232850842e-03
6.319892446223233408e-03
6.326263164827773330e-03
6.362717624064278057e-03
6.376782894513265652e-03
6.394290716850116116e-03
6.401407291366650008e-03
6.408098521561618639e-03
6.417987751231774701e-03
6.417995356443282132e-03
6.418102220161625224e-03
6.423944599158469375e-03
6.428845200691997615e-03
6.439567295688729785e-03
6.440789221863517724e-03
6.449704492443904778e-03
6.490102576695976760e-03
6.494078876054478443e-03
6.498759578764893435e-03
6.499550748931505993e-03
6.504190310697420888e-03
6.505555532271013394e-03
6.518116483315223794e-03
6.524221559862133403e-03
6.550497588859709869e-03
6.553465775861691371e-03
6.557213934698306705e-03
6.571527834138639855e-03
6.572379384806255158e-03
6.587870998626609367e-03
6.595054112013937556e-03
6.601086703766207570e-03
6.617891624066500611e-03
6.654411524378850938e-03
6.661724502048277027e-03
6.668203319488439328e-03
6.681130179885695283e-03
6.708635267808099600e-03
6.717744576721209303e-03
6.732379618372340453e-03
6.739029570151201104e-03
6.740872326779855095e-03
6.746731366927298176e-03
6.748177982888809573e-03
6.762191748730808985e-03
6.767705847074076408e-03
6.769781492064300653e-03
6.779771384240532162e-03
6.799310503209332959e-03
6.799607276459683318e-03
6.800333886993373267e-03
6.804561979056173576e-03
6.806308704582434560e-03
6.822762362108871111e-03
6.823151845560058992e-03
6.825357600915391877e-03
6.830077755999488208e-03
6.838713883487958743e-03
6.858134282636328509e-03
6.862468152577117647e-03
6.881260046839158574e-03
6.882120783162848192e-03
6.882371783953058694e-03
6.882605497181597948e-03
6.898135372021373460e-03
6.904317948955651131e-03
6.906641813806487298e-03
6.906852856298638550e-03
6.937370261574787866e-03
6.941380753049360315e-03
6.958096267132321024e-03
6.960392648378324262e-03
6.970318937071439194e-03
6.986679932887159862e-03
7.004146945674283829e-03
7.008127787032030105e-03
7.011657151425769625e-03
7.023802100234266196e-03
7.025372287684214338e-03
7.042448947730857098e-03
7.043770000156234813e-03
7.048704071907288538e-03
7.052989010066214315e-03
7.057235501505224745e-03
7.057437614948335915e-03
7.059229903648487833e-03
7.068400124787007840e-03
7.069942869291426235e-03
7.074055429423391043e-03
7.093881444610389102e-03
7.098443609873236401e-03
7.098751767156057796e-03
7.114572801612772252e-03
7.115066586095569398e-03
7.115828965159419657e-03
7.138107943651406453e-03
7.158844365964255572e-03
7.159406481860043289e-03
7.170351248469229721e-03
7.181249252041480360e-03
7.185315270812743169e-03
7.204389085544752117e-03
7.204819288457040699e-03
7.213720930203434099e-03
7.216156647955765911e-03
7.216695103060838043e-03
7.228707386878445960e-03
7.233825046610267880e-03
7.251603473504650982e-03
7.268902885474733296e-03
7.276038434705626827e-03
7.288943497885301548e-03
7.304808202958169676e-03
7.321905837631897083e-03
7.346878311726872876e-03
7.350425592243876177e-03
7.384378122824880077e-03
7.392314368503523359e-03
7.408250863188390462e-03
7.422396155585687071e-03
7.435134364084152077e-03
7.450813033087547166e-03
7.456573652420500631e-03
7.461977835675796637e-03
7.469919397503818267e-03
7.471613771861207974e-03
7.473316746709124034e-03
7.477557896746076828e-03
7.489798477602426126e-03
7.510293032384937964e-03
7.517929608766243596e-03
7.541058748020835166e-03
7.573564677673757031e-03
7.580737138709462038e-03
7.583454706448173287e-03
7.585077992372160974e-03
7.592010800860984031e-03
7.596723527315734151e-03
7.600662187492727290e-03
7.609309084981697759e-03
7.634503201101295287e-03
7.645648124431657366e-03
7.647944047528117996e-03
7.649044193089740186e-03
7.658080133016102742e-03
7.665721451676526382e-03
7.669941452332873846e-03
7.692272296259057215e-03
7.708010450176543127e-03
7.715656777028049099e-03
7.735203571816342931e-03
7.747452553194338586e-03
7.751711161055735259e-03
7.759766985960727531e-03
7.776281702327395365e-03
7.786537421179494552e-03
7.792566707859782844e-03
7.822759679897621152e-03
7.830909505676626053e-03
7.836954900301222604e-03
7.850522910323110698e-03
7.875709402018015934e-03
7.877512059966102972e-03
7.895802460189267277e-03
7.901560465708140635e-03
7.910233497979186554e-03
7.910917799824751517e-03
7.914995025362137060e-03
7.927490494005672017e-03
7.930909260070954231e-03
7.944105101465025534e-03
7.966419810197642240e-03
7.971599766673477527e-03
7.975583156076378882e-03
7.983856945954572598e-03
7.985925478272502820e-03
8.027376250836921676e-03
8.036204013368037496e-03
8.058080398100683078e-03
8.060652082949006786e-03
8.062861451701592089e-03
8.067645960540850009e-03
8.082579539373118543e-03
8.083318871958121085e-03
8.088885557178524324e-03
8.095684500726335955e-03
8.103419193845034368e-03
8.109201958111286399e-03
8.118302800808462061e-03
8.119967788261562430e-03
8.128099120818929255e-03
8.130705992726472431e-03
8.156456737819676311e-03
8.170163337876189952e-03
8.174160480075132185e-03
8.176715659572873079e-03
8.178795172185171491e-03
8.191043450425310180e-03
8.195849197713739320e-03
8.213144915328719417e-03
8.213713518749917245e-03
8.219729061820914978e-03
8.234837736241687467e-03
8.235303698988756874e-03
8.236609994267391280e-03
8.240776689551880876e-03
8.245817127782951658e-03
8.254444213275728345e-03
8.255038236081778391e-03
8.255198856112689471e-03
8.255640434722821830e-03
8.265896417795078055e-03
8.268619359378700032e-03
8.273026448208289224e-03
8.275274710155631347e-03
8.275955814999487806e-03
8.287166306378159278e-03
8.287812198673763509e-03
8.288602697890355697e-03
8.291111375514251952e-03
8.294492507893281782e-03
8.299277690568580487e-03
8.307156489162196428e-03
8.309133058858131707e-03
8.310797559170865836e-03
8.320947173228510074e-03
8.326423008064407980e-03
8.335907874782425356e-03
8.364174176326405127e-03
8.377462238317878035e-03
8.390943474204279676e-03
8.396601018703606437e-03
8.437439453327710143e-03
8.442163729002289882e-03
8.458488963129708049e-03
8.464054028409360303e-03
8.464402557736120519e-03
8.467212365353835729e-03
8.481501320321414156e-03
8.490306184195156938e-03
8.492313061883768541e-03
8.495014275713337962e-03
8.504816159274806997e-03
8.506967508888308924e-03
8.513179846491417818e-03
8.523456318530723066e-03
8.545602320590395609e-03
8.547602391002424513e-03
8.556663166528902589e-03
8.561203590553014345e-03
8.570683046156650498e-03
8.571179836504492361e-03
8.574176788000622412e-03
8.580701036628992848e-03
8.582505967218746756e-03
8.586777859718867575e-03
8.600044902542753472e-03
8.601588131656049199e-03
8.602568297730126684e-03
8.608216959468700802e-03
8.624630151852157034e-03
8.636106085468855248e-03
8.637512266783225687e-03
8.651972086364952477e-03
8.653240655010678919e-03
8.653579783623074201e-03
8.661142306806847435e-03
8.681786211461213487e-03
8.686943754491879485e-03
8.689650624735138773e-03
8.694390930512330140e-03
8.696452981748639330e-03
8.700682526425198085e-03
8.707147391946341852e-03
8.713177330239067764e-03
8.731306362703203719e-03
8.739546782707508996e-03
8.754702788462472018e-03
8.755226896412986876e-03
8.779259021242298913e-03
8.780878903876307776e-03
8.786744936403721035e-03
8.793558330455480618e-03
8.798355739843933404e-03
8.808732131363419815e-03
8.811065190080560536e-03
8.814657477694694612e-03
8.816492251965244234e-03
8.820061808026635752e-03
8.835497996668157175e-03
8.840357165689807437e-03
8.855878037140633638e-03
8.858141078511190536e-03
8.861416837580687531e-03
8.863354138488680964e-03
8.864265118066660259e-03
8.883617869894647537e-03
8.899271968413745293e-03
8.915600772162957793e-03
8.935974751171247774e-03
8.953782797916561356e-03
8.972975154076854795e-03
8.981829474963322346e-03
8.991151764505541516e-03
9.000907049483487452e-03
9.018390512040419874e-03
9.020842437833458127e-03
9.023354349961780832e-03
9.023714540752177798e-03
9.038548082523807647e-03
9.076294926830388854e-03
9.085007870650939343e-03
9.104213392215012093e-03
9.110698013989858290e-03
9.111828742711288939e-03
9.114248503855015143e-03
9.115751681788904909e-03
9.130253752655366484e-03
9.130923561801370172e-03
9.160892361726201416e-03
9.169760290075183382e-03
9.188971458138470508e-03
9.192409226061631564e-03
9.196564700174774884e-03
9.197657409257575453e-03
9.211709364714864429e-03
9.212370992838501624e-03
9.216931568451372167e-03
9.221344019109078277e-03
9.232156714302188621e-03
9.240050771258483814e-03
9.249677352933848365e-03
9.251355021859815342e-03
9.281106920770290647e-03
9.308739763766478784e-03
9.327539990019617644e-03
9.336504818349774040e-03
9.348506297223642750e-03
9.350712989621333404e-03
9.358525655750586994e-03
9.358901112271099734e-03
9.365343618596798717e-03
9.369797171399442404e-03
9.370862025395559555e-03
9.373630401849554483e-03
9.380732355823283297e-03
9.395816240907345698e-03
9.411188040638987853e-03
9.415825020113134311e-03
9.418333245399956519e-03
9.435249162262224210e-03
9.441692664862121748e-03
9.444628555303745746e-03
9.458390009753890951e-03
9.461161160519539551e-03
9.467841974568739355e-03
9.476791879286612305e-03
9.493828643681746088e-03
9.507918216750028267e-03
9.511997992708560654e-03
9.512082596401096740e-03
9.519828205345191516e-03
9.520340204598399386e-03
9.536596386068924708e-03
9.554364839423621844e-03
9.562974387875667476e-03
9.571196145029990318e-03
9.577283635150386082e-03
9.581717679810017319e-03
9.582505107728513452e-03
9.583234978022417763e-03
9.584694440631716383e-03
9.584871593728960110e-03
9.588427288382909627e-03
9.600758131248762761e-03
9.603423330726395743e-03
9.610316008962581369e-03
9.611560159063040412e-03
9.613301526555305745e-03
9.614139019752677637e-03
9.627947003521850761e-03
9.630510468573126592e-03
9.637033075267279966e-03
9.648469101937180714e-03
9.653841165152084527e-03
9.658661312215188408e-03
9.667468515606660040e-03
9.672058808025824073e-03
9.676646129286828324e-03
9.684643290151543141e-03
9.712876648343129679e-03
9.713954914783898276e-03
9.716872370271646339e-03
9.717629684058431624e-03
9.733696329338539094e-03
9.751514907919237377e-03
9.761681745150437364e-03
9.761792925857938966e-03
9.763077298700533271e-03
9.771851158459757269e-03
9.773079424270060545e-03
9.781049998814879756e-03
9.784077198667553293e-03
9.807171199129133266e-03
9.807881603338801726e-03
9.824844770826200724e-03
9.832855766875377157e-03
9.836531670654541371e-03
9.849473147900000489e-03
9.851255998442160280e-03
9.864384917298860481e-03
9.870337995540028747e-03
9.871972378374761770e-03
9.878226256698414628e-03
9.882945405158445606e-03
9.883660799994276394e-03
9.887943862787190383e-03
9.889129541937073317e-03
9.897994627008461013e-03
9.909068981812072657e-03
9.911109417152504791e-03
9.911478650939994223e-03
9.913861144900308273e-03
9.922868819191126011e-03
9.929260334559293980e-03
9.931026462503184105e-03
9.932635643325148783e-03
9.938941984066302152e-03
9.940618889391038271e-03
9.945575415828121837e-03
9.948045009639956346e-03
9.954100282316764164e-03
9.956622679009445934e-03
9.969857363354150959e-03
9.998168244411723485e-03
1.000588237286753265e-02
1.000919990220816742e-02
1.002077432247047879e-02
1.002263899291443335e-02
1.002804772182625849e-02
1.003956849793273196e-02
1.006329808262063953e-02
1.008784762714735016e-02
1.008960359142251247e-02
1.010280063106246129e-02
1.010565783325802561e-02
1.010848441119286713e-02
1.011007318551084347e-02
1.011256633238521302e-02
1.012304678068193936e-02
1.013528766001750049e-02
1.014363973403667810e-02
1.015974826900946371e-02
1.017298948767789320e-02
1.017910717472893245e-02
1.018750478756498372e-02
1.018883870217227733e-02
1.018922402623341841e-02
1.019252999313077605e-02
1.019266941807746296e-02
1.019530074114728159e-02
1.021166652079086475e-02
1.021947798126015064e-02
1.022011315995083325e-02
1.022317049054227538e-02
1.022840862019854143e-02
1.023647210470160149e-02
1.024886983039716495e-02
1.025319692679795523e-02
1.025367410133680261e-02
1.026158516384888773e-02
1.026612409495447284e-02
1.027335785288978516e-02
1.027470719899921912e-02
1.029011434633741312e-02
1.031692639152877872e-02
1.032105159556558419e-02
1.033395706532584495e-02
1.035858877794277808e-02
1.037903018496498693e-02
1.038336465071974454e-02
1.038802097384616992e-02
1.040635209437633900e-02
1.042106676762906067e-02
1.044486285309726564e-02
1.045419654679946228e-02
1.047584647607303215e-02
1.049281784966132371e-02
1.049445222529344496e-02
1.050835322724663276e-02
1.052525324332986324e-02
1.052891491614167674e-02
1.054498005165984201e-02
1.054711963424604174e-02
1.055257158566957031e-02
1.056443580155579792e-02
1.057397662923241152e-02
1.058292920205762717e-02
1.059079942836783569e-02
1.059432794282852246e-02
1.063032909482908121e-02
1.063653876497793437e-02
1.064959893275444804e-02
1.065631989911195246e-02
1.066177630401350836e-02
1.067653500679387017e-02
1.067660528156540167e-02
1.068635045266158254e-02
1.069209562561445996e-02
1.070832445629307621e-02
1.071085287762830150e-02
1.072487863369148663e-02
1.073316450623060248e-02
1.074075860720633512e-02
1.074439733658391627e-02
1.076393687956760450e-02
1.077394024493175465e-02
1.079044140103229722e-02
1.079047415263847953e-02
1.079759194901152609e-02
1.079948466990833696e-02
1.080447906043749753e-02
1.080813627579056517e-02
1.081033769684061618e-02
1.081854979239426848e-02
1.084329660249642655e-02
1.084672515149964073e-02
1.084844954731264792e-02
1.087022023803605603e-02
1.087397381258975969e-02
1.089811795333097029e-02
1.089967517284563120e-02
1.090850672743359957e-02
1.091131242535804680e-02
1.094796171520211539e-02
1.095081708228667731e-02
1.095858364155059828e-02
1.096358997632365141e-02
1.096786533433734799e-02
1.097170899990383870e-02
1.097514662156049217e-02
1.097900501083258484e-02
1.099254487687340194e-02
1.099725864315389406e-02
1.102976938191223798e-02
1.103571562600697692e-02
1.104502216056395432e-02
1.105426701747808972e-02
1.105543279263987433e-02
1.106166807627090125e-02
1.106632839618748067e-02
1.107947308600205037e-02
1.109217841710364444e-02
1.109789597651234493e-02
1.110415062962055895e-02
1.113292833049866516e-02
1.113685251807250594e-02
1.113770073817910329e-02
1.114181120199032871e-02
1.117011110838251817e-02
1.118746764253639864e-02
1.119147546313578601e-02
1.120306501413211551e-02
1.122715352523486441e-02
1.123179024501691839e-02
1.123942266483200086e-02
1.124012498962712915e-02
1.124295501282364558e-02
1.124800765996659610e-02
1.125247521719641673e-02
1.125974169316304452e-02
1.127776531350253679e-02
1.129328974252104441e-02
1.129516320898341780e-02
1.130275582505181793e-02
1.131452227534973827e-02
1.131753067076326710e-02
1.131969011268043994e-02
1.132455014337670381e-02
1.133227470367723956e-02
1.137840672764429094e-02
1.138308434736324919e-02
1.140800599328718225e-02
1.144803629377805741e-02
1.147469739728307694e-02
1.147694138843003038e-02
1.148597726715285330e-02
1.149537335015075531e-02
1.150575344698475874e-02
1.150941973621036341e-02
1.151521983065684901e-02
1.154816332556000968e-02
1.154986364034287817e-02
1.155399950593671669e-02
1.155409869398484404e-02
1.155778600779554417e-02
1.156342778289196939e-02
1.156791399292046024e-02
1.156898488065257607e-02
1.157538488868357224e-02
1.158136553250126502e-02
1.158662027741324922e-02
1.159424009755921983e-02
1.160111128001769555e-02
1.160974052468923857e-02
1.163062142407703115e-02
1.163889383974917209e-02
1.166465933708474983e-02
1.166489216022474282e-02
1.167401954878776772e-02
1.169444757885591477e-02
1.171117245349774516e-02
1.172164172632674493e-02
1.174140602039399316e-02
1.174555299958027384e-02
1.175304153113080480e-02
1.176346819405572029e-02
1.176674879527059986e-02
1.178268343186825856e-02
1.179757884373800955e-02
1.180608976587099908e-02
1.180618760560017862e-02
1.181544372197518983e-02
1.182235159737362457e-02
1.182463005218381547e-02
1.183856366522383942e-02
1.184578809428430898e-02
1.185291944410650153e-02
1.186462402411659484e-02
1.186520991244046849e-02
1.187305183636813005e-02
1.187693496750064949e-02
1.187958924070349996e-02
1.190099264625064067e-02
1.190323079320597388e-02
1.190540662978333344e-02
1.193417808551199694e-02
1.194872038307642943e-02
1.195942978062766379e-02
1.200083043184728068e-02
1.200608720443750027e-02
1.200838632051763090e-02
1.201129293551506973e-02
1.202603109007788391e-02
1.203372435272948709e-02
1.204191471948414839e-02
1.204210714291421500e-02
1.205211348889073143e-02
1.206073698538059555e-02
1.206140428199691320e-02
1.206520158055814952e-02
1.207245182867999755e-02
1.209660180655482836e-02
1.211303797573435453e-02
1.211329879364691359e-02
1.212746261215652890e-02
1.213215089830890075e-02
1.213517371882442270e-02
1.214102653457191545e-02
1.216256159945617969e-02
1.216866443586647230e-02
1.217862549809062278e-02
1.218000975423862153e-02
1.218022645798352149e-02
1.219325467676611943e-02
1.219986199255475474e-02
1.221370418131513536e-02
1.221573969810527995e-02
1.221628619552957672e-02
1.222916086921137409e-02
1.225449496300035426e-02
1.227103289964153084e-02
1.228255341829506686e-02
1.228259943586791809e-02
1.230581413212236859e-02
1.231444173378365425e-02
1.232634646352067861e-02
1.234517987328790332e-02
1.234707052650026518e-02
1.234855702410613508e-02
1.235661688991261317e-02
1.237117163802473052e-02
1.238535870685705809e-02
1.238884341660115296e-02
1.239247714442425624e-02
1.240096322234882607e-02
1.241026586575395482e-02
1.241838164440210029e-02
1.241933927642769470e-02
1.243587961622833089e-02
1.245386091454429162e-02
1.247379910770816946e-02
1.248254171190833588e-02
1.248630373036107091e-02
1.248695710362002220e-02
1.249372939466849956e-02
1.249658215990601638e-02
1.250361578489250260e-02
1.250449063962874238e-02
1.251501220670545381e-02
1.252118677288946783e-02
1.253367161331448397e-02
1.255142750481688836e-02
1.256981714125486940e-02
1.257580787335644407e-02
1.258239864863978062e-02
1.260995780784906518e-02
1.261131054922484500e-02
1.261987245072152160e-02
1.262121928695093473e-02
1.262467124369559546e-02
1.264183085872089274e-02
1.266299534595214868e-02
1.268410823083734873e-02
1.269509610573651102e-02
1.270898742468022993e-02
1.272370414881130764e-02
1.272639170487203930e-02
1.272778400490666949e-02
1.273240773197346735e-02
1.273535851766476046e-02
1.276033174458814957e-02
1.276587911775322291e-02
1.277307112267132318e-02
1.277953894422389700e-02
1.278185612793715162e-02
1.278294508589763144e-02
1.278437321268508821e-02
1.280038252627123223e-02
1.280072437921239183e-02
1.281901124408525890e-02
1.283680420677047428e-02
1.284634370267299930e-02
1.284858918407637621e-02
1.285360862113394710e-02
1.285420179751495078e-02
1.285724677198258649e-02
1.286000601761489760e-02
1.288149125433424129e-02
1.288322682484371352e-02
1.289346654573749786e-02
1.289549785582925177e-02
1.292404448398858964e-02
1.294700075180622335e-02
1.296115926143127234e-02
1.296990687043890998e-02
1.297136129281234625e-02
1.298698692724777580e-02
1.299109989285007934e-02
1.300204568668354710e-02
1.300888920471929278e-02
1.303391271106086290e-02
1.304351818488726049e-02
1.304443051887966241e-02
1.305536459238462559e-02
1.306023943219932794e-02
1.306129513324345848e-02
1.306309882533232374e-02
1.308345530662812992e-02
1.309740808149491981e-02
1.309884881738858885e-02
1.310685085443382379e-02
1.310857083033123253e-02
1.311383840285819391e-02
1.311455597201195873e-02
1.311534619867376489e-02
1.311885104448181835e-02
1.312108696235946351e-02
1.312460357783204641e-02
1.312509030111820921e-02
1.313268328624892650e-02
1.314939569686461238e-02
1.316327849658664728e-02
1.317164099769856968e-02
1.317816363851493852e-02
1.321619528896372971e-02
1.322324978704411333e-02
1.322970609929599584e-02
1.324577612502049299e-02
1.325354372191454161e-02
1.325581042534662753e-02
1.326054840956907878e-02
1.326865739069340092e-02
1.326932201397146294e-02
1.327462606633313287e-02
1.327750415729667122e-02
1.328076206598072934e-02
1.328668208022886973e-02
1.329184260094856164e-02
1.329543900680362281e-02
1.329924669663114060e-02
1.330136121940328139e-02
1.331305586570885949e-02
1.332158692460243092e-02
1.332458906454153137e-02
1.333173831047766017e-02
1.334949406280421143e-02
1.336249119984207236e-02
1.337038551786193935e-02
1.338421579905079220e-02
1.339846653701076348e-02
1.340863892201937108e-02
1.341847064185843451e-02
1.341930651048746891e-02
1.342893140844040462e-02
1.343221955022988294e-02
1.343947935130367782e-02
1.344285135259357111e-02
1.344750683205346402e-02
1.346686935567337207e-02
1.346928886045885808e-02
1.348237148699852651e-02
1.348492659145973313e-02
1.350168891520378903e-02
1.351454785460630068e-02
1.352359183458163444e-02
1.352953832717269413e-02
1.354268195811627468e-02
1.354367859610290485e-02
1.356193278771509504e-02
1.356675781690491571e-02
1.357388778999578556e-02
1.357417998783374061e-02
1.359430321860349671e-02
1.361057966655625402e-02
1.361771423419184598e-02
1.362954139994331133e-02
1.366042563419300401e-02
1.367164078163093065e-02
1.367882099445564409e-02
1.368355600160483729e-02
1.373010507760379952e-02
1.373706774930226124e-02
1.373802749444224917e-02
1.374578092649240448e-02
1.375955169900725493e-02
1.375985710362357534e-02
1.376707636802586635e-02
1.376763012334402368e-02
1.376995884123745698e-02
1.377532344481073590e-02
1.378283119152343139e-02
1.379101867250633572e-02
1.379830441407828984e-02
1.379918952160158127e-02
1.381097100685993277e-02
1.381141706085448236e-02
1.383134094025207511e-02
1.383538362664185790e-02
1.383790449942860767e-02
1.385116712133549477e-02
1.387486193807781210e-02
1.388135531669210457e-02
1.388249551372546658e-02
1.389734770837040487e-02
1.392955128108202927e-02
1.394076011783794422e-02
1.394413009487986167e-02
1.396598451816542796e-02
1.398494519163655941e-02
1.400446431406556815e-02
1.401470660257222479e-02
1.404266016677163317e-02
1.404421799993574478e-02
1.405243236206047200e-02
1.405769228613537591e-02
1.406439228366271506e-02
1.407256897640223395e-02
1.410354453409500865e-02
1.411144264613720632e-02
1.413248900063551923e-02
1.414664677133978948e-02
1.415850388821256189e-02
1.417068979751949336e-02
1.417710191697968067e-02
1.418636150384416754e-02
1.419732123128535084e-02
1.421412160123933059e-02
1.421523523815089972e-02
1.421976332080474026e-02
1.422259321622020706e-02
1.423381912173514105e-02
1.425105813155906447e-02
1.425495447956480304e-02
1.425668384020394551e-02
1.425878716103658357e-02
1.426511750087972388e-02
1.427796605955863884e-02
1.427964249005369071e-02
1.429197508207658007e-02
1.429343223892961048e-02
1.431105637707531103e-02
1.432772156037794356e-02
1.432898241128223969e-02
1.433555639082161569e-02
1.436475902289739703e-02
1.437779840590219620e-02
1.438880917182072845e-02
1.439753269658877212e-02
1.440685453830021535e-02
1.440985550738575066e-02
1.441219992592762331e-02
1.442480154800501214e-02
1.443528395562358041e-02
1.443640963678214165e-02
1.444287966633947540e-02
1.445905405614642328e-02
1.446947947728635837e-02
1.447733955988740780e-02
1.449432139236442665e-02
1.451152435377639494e-02
1.451686867332740299e-02
1.451936130407680339e-02
1.452767460511579685e-02
1.456527896956384682e-02
1.456689865754074407e-02
1.458700980409461181e-02
1.458893535912986379e-02
1.462537129196093792e-02
1.462643758669085817e-02
1.463308235479117252e-02
1.463788232103211892e-02
1.463807487127293319e-02
1.467187197422805192e-02
1.468629725622316862e-02
1.468960217430084932e-02
1.469095069835469648e-02
1.469309996353985320e-02
1.469705484549103068e-02
1.470013319498260709e-02
1.471210406684345627e-02
1.471392482466848256e-02
1.473567461358706553e-02
1.473859248394026808e-02
1.475436038335009754e-02
1.475702128539384782e-02
1.475812445052911322e-02
1.478429309672271881e-02
1.479973078893119000e-02
1.480091155505403044e-02
1.481585275661296761e-02
1.482064815318867926e-02
1.483038218911879313e-02
1.484685281602313514e-02
1.486297555039120012e-02
1.486441850011143047e-02
1.488671820427391046e-02
1.488674534122662318e-02
1.489743310054020102e-02
1.490610243395295784e-02
1.491616931981780414e-02
1.493054179733045717e-02
1.495140385956257763e-02
1.496641732274714941e-02
1.496642971329172934e-02
1.496803173765972293e-02
1.496825615862980297e-02
1.498696754073055269e-02
1.501432724606418384e-02
1.501613320457484586e-02
1.502530888019269414e-02
1.503016794571567644e-02
1.503492948653354852e-02
1.507524839121943995e-02
1.507698061466657483e-02
1.508336884223534548e-02
1.510141814584397418e-02
1.511299174125175712e-02
1.511451139413349555e-02
1.512030204081073193e-02
1.513898187941122714e-02
1.514833214643476582e-02
1.515283417051239978e-02
1.515982955055161611e-02
1.516456702932239900e-02
1.517608395458179202e-02
1.518842258980265987e-02
1.519806859484107257e-02
1.520990533573698955e-02
1.520990586542127904e-02
1.521973254805977782e-02
1.522757808302735785e-02
1.523623362967113301e-02
1.523863391027563928e-02
1.524077213936795780e-02
1.524192544555257912e-02
1.525486090288259537e-02
1.526788607253472090e-02
1.527170334643842588e-02
1.527510929911979690e-02
1.527996622341456362e-02
1.528359205906614990e-02
1.528378799771900817e-02
1.529973620001896274e-02
1.531485154341124741e-02
1.532930219385046644e-02
1.533615726174046914e-02
1.534050032042238998e-02
1.534749192651702066e-02
1.537714624989359319e-02
1.540022054464415188e-02
1.540766374238478585e-02
1.541351882967924997e-02
1.543975366356968235e-02
1.543987613603163729e-02
1.544962394024527313e-02
1.545258029819538727e-02
1.546123495141676560e-02
1.546842762594139407e-02
1.547548203445562112e-02
1.547641950742861122e-02
1.547850934233503152e-02
1.548099554813093214e-02
1.548890264654451121e-02
1.549495788419100184e-02
1.549641653033015549e-02
1.551219226884355609e-02
1.552198316920597697e-02
1.553132302080525128e-02
1.553438278136380288e-02
1.554131410961019470e-02
1.554237130003996784e-02
1.555830317131990694e-02
1.556347497973869544e-02
1.557020963003825746e-02
1.557262886214456042e-02
1.558846205883923815e-02
1.559369575122646241e-02
1.559680063517664139e-02
1.559814591092727708e-02
1.560049181457551920e-02
1.560535893224512284e-02
1.563384761361492903e-02
1.566235592863231968e-02
1.568082904774288633e-02
1.568237340515959977e-02
1.570635303389702683e-02
1.572877335269548885e-02
1.574318933605677734e-02
1.575309636401472577e-02
1.576401228614220801e-02
1.577540673157531992e-02
1.578512801475283334e-02
1.578540705696464957e-02
1.580058785284002565e-02
1.580482772444451178e-02
1.580762422190959068e-02
1.580826719944882983e-02
1.580899380901221868e-02
1.583244297595120739e-02
1.583375591194447624e-02
1.583885430919956816e-02
1.585135442938673256e-02
1.585428851049250354e-02
1.585662305769962657e-02
1.585696566687768913e-02
1.585710932593996023e-02
1.585817797441868224e-02
1.587070438657652363e-02
1.590093551549446801e-02
1.591769188010833461e-02
1.592318344131339602e-02
1.594031192451154585e-02
1.595043297345925121e-02
1.595222039687610102e-02
1.597448625931276872e-02
1.599133593822164509e-02
1.599533590864609181e-02
1.599900423321281087e-02
1.600006251913617741e-02
1.601075435714318512e-02
1.601363342915467294e-02
1.602567523096658925e-02
1.602585516178397715e-02
1.602592096412242331e-02
1.603452705231046133e-02
1.603740836929763020e-02
1.604021652790291186e-02
1.605842029257555786e-02
1.607348213469490111e-02
1.608102492595710892e-02
1.608638006072086665e-02
1.610348542848666700e-02
1.611392512000306074e-02
1.611455355107816942e-02
1.612104602173422205e-02
1.613361082612590341e-02
1.614532317289312652e-02
1.615907226129254665e-02
1.616072688783234262e-02
1.617236504446533177e-02
1.618055866597943246e-02
1.618204231354048936e-02
1.618443449955396865e-02
1.619507638218723247e-02
1.621642040365062556e-02
1.621679129664491820e-02
1.622251176345809384e-02
1.622781147515777248e-02
1.624900936417086189e-02
1.625769762343466304e-02
1.627675693337567869e-02
1.627780911367376904e-02
1.628165166463921981e-02
1.629210525353879530e-02
1.630044862063299849e-02
1.630070574207569470e-02
1.631655265682220926e-02
1.631807307594240405e-02
1.631959593942249043e-02
1.632039864727729064e-02
1.633025874232115968e-02
1.633249042357039216e-02
1.635650390055205447e-02
1.635761110377742175e-02
1.637016757141358109e-02
1.637037829001212336e-02
1.637153971285587942e-02
1.637796449986127917e-02
1.637978466077763887e-02
1.638756065633359058e-02
1.638890736448340296e-02
1.639638897410022889e-02
1.639943642122817374e-02
1.640195452700539749e-02
1.641781804338611137e-02
1.645998216895169786e-02
1.646261996830139518e-02
1.647194077393146147e-02
1.650010454269120949e-02
1.651474087691879797e-02
1.651872106379674229e-02
1.652140999197365331e-02
1.652556576126947702e-02
1.654394561170934724e-02
1.655116745549250687e-02
1.655388545600990427e-02
1.655480704596781066e-02
1.656510347756354889e-02
1.657088846511056701e-02
1.657638360304517985e-02
1.659710914963836992e-02
1.659902647873677875e-02
1.660609298303586043e-02
1.661719278002637273e-02
1.662561511123039626e-02
1.663042485050723884e-02
1.663629227218083734e-02
1.665169213694471864e-02
1.665568447200371782e-02
1.665738712078107184e-02
1.666884328928696854e-02
1.668233367491590499e-02
1.669081710629742588e-02
1.669092092230342605e-02
1.670174959861144004e-02
1.670883601418830799e-02
1.672488339107658373e-02
1.673394971298721931e-02
1.673567072996678257e-02
1.675821246265476322e-02
1.677312166041027355e-02
1.678942133052838126e-02
1.680410321092472639e-02
1.681165162057233001e-02
1.681534393336870173e-02
1.685404264387964021e-02
1.687364985402510162e-02
1.688151403034678782e-02
1.688920171483069069e-02
1.690192723094663049e-02
1.691662905051067450e-02
1.693393937203652166e-02
1.695139084872813659e-02
1.695503763144033671e-02
1.696401356958125370e-02
1.696444118428045572e-02
1.697135095828234200e-02
1.698111337750309729e-02
1.701790463652000721e-02
1.704211453195544207e-02
1.704724514444606528e-02
1.705576300534373049e-02
1.706896558139115935e-02
1.707029386453888867e-02
1.707241615259716058e-02
1.708468515331699675e-02
1.709477161313421173e-02
1.709729272763762381e-02
1.710250190974891074e-02
1.710945272485391369e-02
1.711465046711559829e-02
1.711661994930483918e-02
1.714698787633097896e-02
1.717342846267520817e-02
1.719208476487464957e-02
1.720685917551850394e-02
1.721715153498899753e-02
1.723427788424862495e-02
1.724493609334895594e-02
1.724940943038228564e-02
1.725630707016051479e-02
1.726418287973249810e-02
1.727681501916345300e-02
1.728000535724924860e-02
1.728254166585473095e-02
1.729529246551352387e-02
1.729950095273918506e-02
1.730386743565765287e-02
1.731490577710450771e-02
1.731690546561640009e-02
1.733842145019776071e-02
1.735967387617953772e-02
1.737176110521138420e-02
1.737270998980819728e-02
1.737684371365135275e-02
1.738687621321883744e-02
1.739759560731084231e-02
1.741997436478854439e-02
1.742737976405675168e-02
1.744040811599436788e-02
1.744204810911622119e-02
1.744220241936078261e-02
1.745993182846491271e-02
1.748292712605324997e-02
1.748739736340098813e-02
1.750207448634173019e-02
1.751420045702737835e-02
1.752049418292293131e-02
1.752165201690060806e-02
1.753441000658201993e-02
1.753780676878069836e-02
1.758334976525764703e-02
1.758822153927261725e-02
1.760429057793454558e-02
1.760522346969822099e-02
1.761243702271559491e-02
1.762621021864180584e-02
1.763261894606240124e-02
1.763479489193535074e-02
1.763685759588501378e-02
1.764184152847086615e-02
1.770723553501340683e-02
1.771677779296200114e-02
1.772023262571944049e-02
1.772627500510564474e-02
1.773030078742618074e-02
1.776831453236280695e-02
1.776860061387108489e-02
1.777133718672688906e-02
1.779253874688251774e-02
1.783084564557055329e-02
1.783328339826592904e-02
1.783524188236575159e-02
1.783593163699883841e-02
1.783685832829662657e-02
1.784672038583447543e-02
1.785186463308040955e-02
1.785778142244937375e-02
1.786562163942649606e-02
1.786604859093807521e-02
1.786646414077762771e-02
1.787086092641432256e-02
1.787587399506946825e-02
1.787660804832673367e-02
1.789089920015306256e-02
1.789148536048126154e-02
1.789194982632908229e-02
1.789778301997307225e-02
1.791230412245328057e-02
1.791409626222481913e-02
1.793599852734678243e-02
1.797835162647805352e-02
1.798157105896000529e-02
1.798902165151876342e-02
1.800947303516571216e-02
1.805611380017450515e-02
1.816675667771200722e-02
1.816985241555205827e-02
1.819277777359197198e-02
1.820462209484478844e-02
1.821256564366064215e-02
1.821306868041434185e-02
1.821765109658485954e-02
1.824815558237852589e-02
1.826777266331138655e-02
1.827141172425167728e-02
1.827336976141638591e-02
1.830270574047956900e-02
1.830368543449025290e-02
1.831199807581542285e-02
1.832998811262842934e-02
1.833040565081174578e-02
1.833459721272107448e-02
1.834762478105434955e-02
1.834933511328919881e-02
1.835481406828650894e-02
1.835665094378372345e-02
1.835913862056066242e-02
1.836220338366265081e-02
1.837393356648472920e-02
1.837440814201279221e-02
1.838415608241674229e-02
1.838648184124344609e-02
1.839676203633634419e-02
1.840463172590271063e-02
1.840894905406934706e-02
1.841446509848612689e-02
1.843107539741534878e-02
1.845892923046918779e-02
1.846556656418055567e-02
1.847487130895695759e-02
1.847754073615614709e-02
1.847843026297305360e-02
1.848089836610550957e-02
1.848256034741989351e-02
1.849939758172728169e-02
1.851032487893684159e-02
1.852299682197764211e-02
1.859614122257343544e-02
1.859959864106223645e-02
1.860165747040490661e-02
1.861844147682138392e-02
1.863107783864968378e-02
1.864036692686410132e-02
1.864223364996529450e-02
1.864680126107428823e-02
1.864751749328525179e-02
1.866159697298801906e-02
1.866498703966876921e-02
1.867471672753524478e-02
1.867726959014937016e-02
1.868056705613012694e-02
1.869293002357687999e-02
1.870646290740099818e-02
1.871331622631278516e-02
1.871813910362597061e-02
1.872304126489966747e-02
1.872830793345532999e-02
1.872968634946706179e-02
1.873336521274834507e-02
1.874966303468128190e-02
1.875397337360276348e-02
1.875583007945101285e-02
1.875871076310594437e-02
1.876693193807248486e-02
1.877853314160849232e-02
1.878068322637372473e-02
1.879034210007827013e-02
1.880710909218448815e-02
1.880864759030773103e-02
1.880987054569716044e-02
1.881537112266094131e-02
1.885149263430761432e-02
1.886691239733730846e-02
1.888126864159078364e-02
1.888277564487027965e-02
1.888569083301569126e-02
1.891342866040836984e-02
1.892562878455588543e-02
1.893234133886010154e-02
1.893307021857721165e-02
1.894102997353049045e-02
1.896179939676686729e-02
1.896533824656474604e-02
1.896968677243941401e-02
1.897247499953988448e-02
1.897801072072040698e-02
1.897888925839206348e-02
1.902526359672504844e-02
1.903735550052552614e-02
1.903992665220643338e-02
1.909179714191507754e-02
1.910260466112984057e-02
1.910744859111706412e-02
1.911625745874721838e-02
1.913777904962253931e-02
1.914194019716694214e-02
1.919981903443803914e-02
1.920114629618328503e-02
1.920569591183455063e-02
1.920679962168131416e-02
1.920872266898162456e-02
1.923473563640957715e-02
1.923853670107835909e-02
1.924546397506298259e-02
1.926112876917425096e-02
1.926642775897072224e-02
1.926736126515821851e-02
1.926816737856703113e-02
1.926865748093543190e-02
1.927469653691347290e-02
1.931484141878326080e-02
1.931896408457121211e-02
1.933694512006026503e-02
1.934681056633359014e-02
1.935310833813140910e-02
1.935420126272032956e-02
1.935755016733389441e-02
1.941317893093336480e-02
1.941598559869755700e-02
1.942530687610490026e-02
1.943689692695501486e-02
1.944134116377039048e-02
1.945027205389208633e-02
1.945336994067299249e-02
1.946540986470558787e-02
1.949852342274867312e-02
1.950482303960928560e-02
1.951146685034691949e-02
1.951877245391039559e-02
1.952073147918883048e-02
1.952391417464437173e-02
1.952544058101324254e-02
1.954171312477729489e-02
1.955403694592404429e-02
1.956108956050904221e-02
1.958923672595522594e-02
1.959340814722277183e-02
1.960518952829826828e-02
1.963180757720324465e-02
1.963327880532219488e-02
1.963792146811719694e-02
1.965740643501542179e-02
1.966221732479440584e-02
1.966392776224460889e-02
1.968906976529202768e-02
1.968965579191786497e-02
1.969915547280329943e-02
1.970570873340208098e-02
1.971246513777819356e-02
1.971651507327937952e-02
1.972931012921746302e-02
1.973235759863742333e-02
1.974933691694271201e-02
1.975946761788760497e-02
1.976963650595984362e-02
1.977942158647522097e-02
1.978022992036585631e-02
1.981691860757505905e-02
1.982042317909920096e-02
1.985847993196817110e-02
1.986488460171850767e-02
1.986566556753842708e-02
1.987860071215816551e-02
1.988374314379861771e-02
1.989030624522989885e-02
1.989134382261230002e-02
1.989193387871993415e-02
1.993409025895273926e-02
1.994272767277913486e-02
1.995839347441013406e-02
1.996384211181128493e-02
1.998209433841666854e-02
1.998238196106614378e-02
1.999944459858577980e-02
1.999996362012410392e-02
2.000489575481112850e-02
2.001103960194668477e-02
2.004512567507408041e-02
2.006446617512282898e-02
2.007997951651763896e-02
2.009504258313616135e-02
2.010791034325620438e-02
2.011183351789280760e-02
2.011326971472301300e-02
2.013009891507690566e-02
2.014103856964803013e-02
2.014347712495567419e-02
2.015503648536563081e-02
2.017511881699462703e-02
2.018877547929207733e-02
2.022029727071145838e-02
2.024541682778378121e-02
2.025256091510744746e-02
2.026478607456272743e-02
2.026967621619524262e-02
2.029969254941350540e-02
2.032005004698039796e-02
2.033325683927994509e-02
2.034357214074788284e-02
2.036028415142580525e-02
2.036043089288242652e-02
2.037609031192969336e-02
2.037735613378047900e-02
2.037824309358161542e-02
2.039031086213955249e-02
2.039147409824700399e-02
2.039254759340228262e-02
2.041085558573070557e-02
2.042506146070642570e-02
2.043645015061840847e-02
2.044517761042571879e-02
2.045548420434669182e-02
2.045830203520106541e-02
2.047750343632393291e-02
2.047966093923181061e-02
2.048774805967097656e-02
2.049661231754916144e-02
2.050287945359193301e-02
2.050895199517079742e-02
2.050995297965365824e-02
2.051096111624280127e-02
2.054813310312164631e-02
2.057777678412327227e-02
2.057859238806139524e-02
2.058270566437428797e-02
2.058811024908499543e-02
2.059232846409076584e-02
2.060295522059271689e-02
2.060662720330244668e-02
2.062844254585168013e-02
2.064662995270909879e-02
2.065203607461138513e-02
2.066549491742891709e-02
2.067840605448764343e-02
2.069903452087264520e-02
2.071929336107088127e-02
2.071967551606998179e-02
2.073253060516654089e-02
2.073499619004703226e-02
2.079160568212139529e-02
2.080311259540229551e-02
2.080719674370684613e-02
2.080993730250534773e-02
2.082611660914589907e-02
2.083874953447010375e-02
2.084658150429517798e-02
2.084844167640339044e-02
2.085063512925021054e-02
2.086233453288699816e-02
2.086282368224662634e-02
2.087759447994105844e-02
2.088631067600821983e-02
2.090192258190199867e-02
2.092128191791220795e-02
2.093019217796283915e-02
2.093045955910908737e-02
2.093199007173785972e-02
2.093662595681310482e-02
2.094507321815929773e-02
2.097207585652122869e-02
2.097427512131585375e-02
2.097540831982401544e-02
2.097663686952793219e-02
2.098269016457159422e-02
2.098586531570817079e-02
2.098656564572818836e-02
2.100548041564915744e-02
2.100613809266137916e-02
2.101170011352522168e-02
2.101746481652749798e-02
2.102733227107305911e-02
2.103054960648788330e-02
2.103644931439685450e-02
2.106358601294157362e-02
2.106513965155159748e-02
2.106826458644056946e-02
2.107429262632887559e-02
2.107576703738640519e-02
2.108550472143931598e-02
2.111028278704455557e-02
2.111873966680062609e-02
2.115359851114137837e-02
2.115730103612147722e-02
2.116269297812155975e-02
2.117441721448488218e-02
2.117575983166324061e-02
2.117825688576160589e-02
2.118745414642476954e-02
2.119104124919257356e-02
2.120880671153527880e-02
2.121105251067459049e-02
2.123115713034370161e-02
2.124698153383133836e-02
2.127194284910296357e-02
2.128035299503061931e-02
2.128104259854569913e-02
2.128939451268929001e-02
2.130950875853068055e-02
2.131373247568487533e-02
2.134679976529523307e-02
2.138078654657728228e-02
2.139163157863551920e-02
2.139352614843278641e-02
2.139796398899937099e-02
2.140120000413247431e-02
2.141143076607207596e-02
2.145390510580723678e-02
2.146570221539619711e-02
2.146573224389271284e-02
2.147270002792778937e-02
2.147788585683346393e-02
2.148389417002490379e-02
2.148801208486945252e-02
2.149283651645398502e-02
2.150879050551126118e-02
2.151347727355462300e-02
2.152203132074636052e-02
2.155187970063012284e-02
2.155394009308879769e-02
2.156082806892768364e-02
2.156679424940361259e-02
2.157211312776289788e-02
2.157281281040620766e-02
2.157648245617323560e-02
2.158038409097055507e-02
2.160212874147882101e-02
2.162145318301258307e-02
2.162660102156278158e-02
2.164280346438517480e-02
2.164657259349496432e-02
2.165299330494175473e-02
2.166107523848048028e-02
2.166675381782769139e-02
2.167612573913615601e-02
2.168361913180267761e-02
2.168931432567166098e-02
2.169922490587308100e-02
2.170033148810644047e-02
2.173691352732733464e-02
2.173991734814949284e-02
2.174477516422461051e-02
2.177707852265185068e-02
2.178750236683034761e-02
2.179438572968880883e-02
2.179572685126165282e-02
2.180742536676293433e-02
2.181029413203620232e-02
2.182534366631038239e-02
2.183232587544745029e-02
2.183885442578897482e-02
2.185469761503126829e-02
2.185592547924310181e-02
2.189570317312212328e-02
2.191087075555143288e-02
2.192716160036796078e-02
2.195972102773605800e-02
2.196842885948433605e-02
2.197748024985545987e-02
2.197970835903226977e-02
2.198223706297981403e-02
2.198318006521365192e-02
2.198780133249527563e-02
2.199873173438498739e-02
2.201783515938932415e-02
2.202050550633340847e-02
2.202460940198480363e-02
2.202476264196357239e-02
2.203310100275753317e-02
2.203509988562186300e-02
2.203583768075094429e-02
2.206419664672061576e-02
2.209077034291340863e-02
2.211177681206031795e-02
2.211199932932043227e-02
2.211656147726715621e-02
2.219018728958999792e-02
2.220288338520190474e-02
2.220581388433321909e-02
2.222733958957915507e-02
2.223885197219243465e-02
2.225784221289438258e-02
2.227762152338684173e-02
2.228692536939175933e-02
2.229216239791922613e-02
2.229698183031905007e-02
2.229828260526234979e-02
2.229931736444568102e-02
2.231779210997810597e-02
2.231845582165930403e-02
2.232845415743601666e-02
2.233145853697682259e-02
2.237761590965854294e-02
2.239366919756474381e-02
2.239448079560682481e-02
2.240189724654242931e-02
2.241027489838836803e-02
2.241220888740428838e-02
2.241485696308947659e-02
2.242611553780972725e-02
2.243162058400025374e-02
2.244389625008407635e-02
2.245698272562974412e-02
2.248121695618952517e-02
2.248559882556582304e-02
2.249239250346339591e-02
2.249362204392448689e-02
2.249615947703304669e-02
2.250670590816889957e-02
2.250978138689104652e-02
2.251348739338223520e-02
2.251651990211947854e-02
2.252801352380784036e-02
2.253885029284091734e-02
2.255712997114941304e-02
2.257316286812618630e-02
2.258114890331169161e-02
2.260099067161330452e-02
2.262771162352172558e-02
2.263478340687486920e-02
2.264086225465743868e-02
2.264966389215923581e-02
2.266762844894985862e-02
2.267071289179490440e-02
2.270580362311028916e-02
2.271354409493779938e-02
2.271366838957342149e-02
2.272703826101730301e-02
2.273195039053135455e-02
2.274538159915473479e-02
2.274903879332292045e-02
2.275973805818038570e-02
2.277730690533787822e-02
2.280249237753669347e-02
2.281382892362545517e-02
2.281467327108432225e-02
2.282773325127416403e-02
2.283824711092665924e-02
2.284003953419995805e-02
2.284418383005886941e-02
2.284667578311590924e-02
2.287274880902966101e-02
2.287784896992320349e-02
2.291568090765015372e-02
2.291801335348599838e-02
2.292008839186455635e-02
2.294870636892065024e-02
2.296031292024497059e-02
2.296843299038079864e-02
2.298018526790449045e-02
2.298749347376284613e-02
2.300868560280137920e-02
2.302185137021923317e-02
2.307142129302531056e-02
2.307593292904415797e-02
2.308140253666872421e-02
2.310710186056342055e-02
2.312246261420066937e-02
2.313996793177023475e-02
2.316278106742337972e-02
2.316738397110549783e-02
2.318108075157659584e-02
2.318266618005133256e-02
2.319439602734863978e-02
2.323714675749055658e-02
2.324970121343355317e-02
2.325950831529337640e-02
2.328945548439463956e-02
2.329329657319260602e-02
2.330517779395976929e-02
2.331240143901782552e-02
2.331691959216867366e-02
2.332099119832548723e-02
2.333300064151516695e-02
2.333420558185426638e-02
2.335834435375134382e-02
2.336898043752341433e-02
2.338758716052696807e-02
2.339369756196839692e-02
2.341454086362390954e-02
2.342335604014475145e-02
2.344097044583299747e-02
2.344465690359029061e-02
2.345020630154757979e-02
2.346703751619454159e-02
2.348692634651455488e-02
2.349005209655505300e-02
2.352131194540563880e-02
2.355548856703372496e-02
2.355787092477884537e-02
2.357632906728382091e-02
2.361718968855168466e-02
2.362107916509175939e-02
2.363964551434713166e-02
2.363980840985597381e-02
2.364775291140692320e-02
2.365590469639581098e-02
2.365929302773230741e-02
2.367298304282387800e-02
2.367979065781851411e-02
2.368404972190751162e-02
2.371280115855557008e-02
2.371946745497596418e-02
2.373200117525935474e-02
2.373344908674554152e-02
2.374196269762962608e-02
2.378255087490614705e-02
2.381116775964699922e-02
2.381643876220939163e-02
2.385002358113617188e-02
2.387013219893892660e-02
2.389946549820762614e-02
2.390689541185688979e-02
2.391366248114254467e-02
2.392348802928263157e-02
2.392831092473296159e-02
2.393069038874488796e-02
2.393597709032611182e-02
2.394073306534138731e-02
2.397606692552737076e-02
2.399429700503494245e-02
2.401846951616678008e-02
2.401949954335865986e-02
2.404197268108523855e-02
2.404648348005860442e-02
2.405723965380802618e-02
2.405814599439252272e-02
2.406575917232642650e-02
2.407885252807045323e-02
2.408051296847377523e-02
2.409040847100912125e-02
2.409306876241073050e-02
2.412942522043774046e-02
2.414156406158084536e-02
2.414703771597845675e-02
2.414830296047585159e-02
2.416845675370568602e-02
2.420582197185155646e-02
2.422105699510771620e-02
2.423344365718128890e-02
2.425489476517749682e-02
2.426393878680731253e-02
2.427779849607600293e-02
2.429195857201407044e-02
2.430311643650939074e-02
2.430501950900213967e-02
2.431176438416153204e-02
2.434408332690072424e-02
2.434542927562905953e-02
2.436313500112798416e-02
2.440493319476239042e-02
2.440720379780535187e-02
2.441237400858784976e-02
2.442528976959884926e-02
2.442628955777643301e-02
2.442820654786694717e-02
2.445440086247663639e-02
2.445831887073837696e-02
2.447769885861407479e-02
2.452318902155864802e-02
2.457918982306288996e-02
2.458407675331335251e-02
2.460037238688388486e-02
2.462008543282678125e-02
2.462396462560484042e-02
2.462651553050806963e-02
2.464513981350368449e-02
2.465421928626359768e-02
2.466312094328599810e-02
2.467506694100840559e-02
2.473113340121869952e-02
2.474445738384418655e-02
2.474479784057338760e-02
2.475401535478144455e-02
2.476135738529828059e-02
2.479936199005231684e-02
2.480196171169466238e-02
2.481574272293965433e-02
2.483181220194363367e-02
2.483828373208238002e-02
2.483976741768417068e-02
2.484637952085843801e-02
2.484756667546144868e-02
2.488594991108493415e-02
2.488646277723900735e-02
2.488894793242390699e-02
2.491826026572358660e-02
2.492897471296488809e-02
2.493436049301253274e-02
2.493723549031597736e-02
2.494053371710058115e-02
2.496680307540996221e-02
2.501207133210975320e-02
2.501559950151682754e-02
2.503098973963571727e-02
2.504777105389260558e-02
2.505908119906341200e-02
2.507570362256305099e-02
2.507700702328746756e-02
2.507857931897542955e-02
2.508769266197304407e-02
2.509270288371819382e-02
2.510672733321021172e-02
2.512350609079498295e-02
2.512485043087163070e-02
2.513911707411382521e-02
2.514272934641422971e-02
2.515815568780434622e-02
2.516015388302451916e-02
2.516048046866815532e-02
2.518526456516068796e-02
2.518580771681638159e-02
2.521660947709498946e-02
2.522993099414771664e-02
2.524025022620149036e-02
2.524590852301920180e-02
2.526020068271356972e-02
2.526826683394937934e-02
2.527018242949485849e-02
2.529610138629604169e-02
2.533384067400563586e-02
2.534097364875691899e-02
2.534164872155657972e-02
2.534204675683401908e-02
2.536539205041978690e-02
2.536814433715991676e-02
2.537748366416275880e-02
2.540154728683379631e-02
2.540197143358123230e-02
2.540821096886788227e-02
2.542605292652885818e-02
2.542935395599239812e-02
2.545134995326502753e-02
2.545181912860080067e-02
2.545309393936067560e-02
2.546874182955197186e-02
2.549290551760894502e-02
2.550991799962424450e-02
2.552755674531322072e-02
2.554598976272035721e-02
2.555084689555498986e-02
2.557182856433113521e-02
2.557927772741405703e-02
2.558547771899442880e-02
2.558751830012865811e-02
2.559699772164739442e-02
2.560813166632543506e-02
2.561142809629945311e-02
2.561177166649748066e-02
2.562417003876116608e-02
2.562724921937690331e-02
2.563531056925725041e-02
2.564302883759758678e-02
2.565067983492601289e-02
2.565597517738960748e-02
2.566379623298157414e-02
2.566400399949208405e-02
2.566511321153703423e-02
2.566725641986071157e-02
2.567168658809714996e-02
2.569842149978650986e-02
2.571500043687771977e-02
2.575305775828030247e-02
2.578149403496545616e-02
2.578572323122967427e-02
2.579547089576986543e-02
2.579797035974515373e-02
2.580973479497874340e-02
2.582166473159869594e-02
2.585688399753684891e-02
2.587018566913047019e-02
2.587619867091109707e-02
2.589654097402760424e-02
2.590399454625330611e-02
2.591309455247101101e-02
2.592782464511578580e-02
2.592913593910641662e-02
2.594970859525275869e-02
2.595470739037175276e-02
2.595865685332175016e-02
2.596035819264191566e-02
2.597310807937279128e-02
2.598178629396645165e-02
2.598204961662141724e-02
2.602542713280672770e-02
2.602839808994060825e-02
2.604622909515358353e-02
2.604899748804048037e-02
2.606493198484029911e-02
2.606794060150711273e-02
2.607216519535846683e-02
2.608120694286006694e-02
2.609185904086163549e-02
2.609669804082912631e-02
2.609735526339262632e-02
2.610272388531413579e-02
2.611098766246745112e-02
2.613093762477338919e-02
2.613621305026179661e-02
2.614380749616674465e-02
2.618761858189439656e-02
2.620407801271835632e-02
2.620451527040837045e-02
2.621178196750388253e-02
2.622437292192254452e-02
2.623266340451252052e-02
2.626900610318774754e-02
2.628099916879545264e-02
2.628420229792337998e-02
2.629576019303103696e-02
2.631471749214703282e-02
2.633001362758504577e-02
2.633354716526402350e-02
2.633798279116436603e-02
2.633945214135471891e-02
2.634397472066591847e-02
2.635318892057792253e-02
2.635606800025229457e-02
2.636786366145701249e-02
2.637114901967966760e-02
2.643138682099890543e-02
2.643513579643005929e-02
2.644222755497639341e-02
2.646906003207370392e-02
2.649163992579044169e-02
2.653121804846214973e-02
2.653530475218862303e-02
2.654354935232002694e-02
2.655668776212899429e-02
2.656203936417967509e-02
2.658962617868091891e-02
2.660662822443538369e-02
2.661733629572333656e-02
2.661986937855398416e-02
2.662077169218350636e-02
2.662694195402024941e-02
2.663759476855106015e-02
2.664288213062047592e-02
2.664675945484950778e-02
2.667849206315384830e-02
2.668766287239369289e-02
2.669590812409399633e-02
2.672437992401000689e-02
2.673682444919095458e-02
2.676243708419350636e-02
2.678291633301577157e-02
2.679236974223414905e-02
2.680395224514533353e-02
2.681200006139304939e-02
2.681205804393440792e-02
2.682719648447261587e-02
2.683081368370769659e-02
2.683625817750483894e-02
2.687488063865612134e-02
2.687496993919782917e-02
2.688306811307084043e-02
2.689064195497842952e-02
2.689494336445279882e-02
2.691037507637885143e-02
2.693351426485652775e-02
2.694363377498305151e-02
2.696186295181305509e-02
2.698113322124825325e-02
2.700914790267694085e-02
2.702713661060187830e-02
2.702716575025381970e-02
2.703108427881095385e-02
2.706350123875404107e-02
2.706622287137806435e-02
2.706990525397481862e-02
2.707100269896758893e-02
2.708793934377682136e-02
2.709179345910748757e-02
2.710949773464853968e-02
2.711611479963851878e-02
2.711743839562763547e-02
2.713956890202096767e-02
2.714258270531454478e-02
2.715042189646063586e-02
2.716151424162168218e-02
2.716832373108666807e-02
2.719945273192410362e-02
2.722660818691544082e-02
2.722785540853791403e-02
2.722922385471700582e-02
2.723581577585001967e-02
2.724715800829493120e-02
2.725132629872776407e-02
2.728061245651764583e-02
2.730198288599586937e-02
2.730266456658838464e-02
2.730391005129919474e-02
2.730821761829745065e-02
2.730901314080697376e-02
2.731732529419563654e-02
2.733023696414810591e-02
2.733855172771844366e-02
2.734589665696925131e-02
2.735643314638628448e-02
2.736486333871222462e-02
2.741536057353442454e-02
2.741774079253928020e-02
2.741971644323670451e-02
2.742732706488878666e-02
2.744216554858498053e-02
2.744489717478911656e-02
2.745106747971713321e-02
2.745970583502065770e-02
2.745983796013910447e-02
2.746107034565045332e-02
2.747335813705107863e-02
2.748415270330801033e-02
2.748836172514410037e-02
2.748964255330658621e-02
2.750589289760150408e-02
2.751371180432725383e-02
2.751483993677464324e-02
2.751869107785587243e-02
2.752419665925393000e-02
2.752451496323767011e-02
2.754241307678802902e-02
2.756062801777430307e-02
2.757679104024291644e-02
2.758447400184126097e-02
2.758755446959417282e-02
2.759797325973180337e-02
2.759996821412505005e-02
2.760519457039730534e-02
2.761326899684922107e-02
2.761725275691916809e-02
2.763736588980156283e-02
2.764185630117935513e-02
2.766073540685253657e-02
2.768039708322186238e-02
2.773467586739210289e-02
2.777279569848222981e-02
2.781046054432693287e-02
2.783699877899000266e-02
2.785234766212616245e-02
2.786047487240124118e-02
2.786796640370890060e-02
2.787346737503743760e-02
2.788563557110224772e-02
2.789231429347073174e-02
2.789525711949245729e-02
2.790886994714329369e-02
2.791309770074554622e-02
2.794303735758506615e-02
2.798043545287901349e-02
2.799136664832485924e-02
2.799247421115834064e-02
2.799516146383860399e-02
2.800241226791747723e-02
2.804828019786593379e-02
2.804916362463056451e-02
2.805763049847678076e-02
2.805818531522851628e-02
2.806720338367163503e-02
2.807283238643530285e-02
2.807451095375956482e-02
2.808197358010348921e-02
2.808289340677747742e-02
2.808465117531307523e-02
2.808679290830801839e-02
2.809296891741523347e-02
2.811067034823256858e-02
2.812442255960478227e-02
2.812678948433011000e-02
2.813181947715713560e-02
2.813198909808904691e-02
2.814139217486016920e-02
2.814528092230686451e-02
2.814640922617392405e-02
2.817278331841799321e-02
2.817371954652094640e-02
2.818994294434050765e-02
2.819124465992747450e-02
2.819994745321566590e-02
2.821391872389777955e-02
2.821430501660444901e-02
2.821860827591847476e-02
2.822773321828052698e-02
2.823910784162881119e-02
2.826455102132220329e-02
2.826518438729342178e-02
2.828436983668406249e-02
2.828648433059599912e-02
2.828906554508419172e-02
2.829575984958767471e-02
2.830445770812902925e-02
2.830885059131547574e-02
2.831276568907835703e-02
2.831608514294687087e-02
2.833026618164450477e-02
2.833306955672048114e-02
2.835159608272365059e-02
2.835770274668138191e-02
2.835909278007030243e-02
2.839526558122835651e-02
2.841388092499921858e-02
2.842143856971355784e-02
2.844252480886664755e-02
2.845329164061533370e-02
2.846619715192433633e-02
2.849022355397392778e-02
2.849332937823189846e-02
2.850986395116636082e-02
2.851270854841836053e-02
2.851576172554107572e-02
2.852622430713142032e-02
2.853119109929289077e-02
2.855982088047160500e-02
2.857850089162845136e-02
2.859655452506405446e-02
2.859718513926443398e-02
2.860049477887174202e-02
2.860344674775682286e-02
2.862002053297791129e-02
2.863188647430636030e-02
2.863448550335353018e-02
2.865369681114001907e-02
2.867108398582580639e-02
2.867182048936427891e-02
2.867266635348914711e-02
2.868094200131771077e-02
2.869134107527938557e-02
2.870272958526291426e-02
2.870959662983966001e-02
2.871284461205602517e-02
2.871782425385703899e-02
2.871993169027316217e-02
2.875705116864525623e-02
2.875871577305376750e-02
2.876186855067675366e-02
2.877150217137801683e-02
2.879075025885923997e-02
2.881133349284313930e-02
2.881758187567362919e-02
2.882391359199929642e-02
2.882640826169733869e-02
2.882683265674205672e-02
2.883457790553069222e-02
2.884482386460766185e-02
2.885019308233069749e-02
2.886445144239534882e-02
2.887281805976872270e-02
2.887492061033242879e-02
2.888531773264758212e-02
2.889242918166624874e-02
2.889422275944729043e-02
2.889987475394249425e-02
2.891393634204073027e-02
2.892953836928519387e-02
2.894890937810408113e-02
2.898419163076907529e-02
2.900181580260160000e-02
2.900699312349380374e-02
2.900953726112666733e-02
2.901030145528597087e-02
2.902679897940428286e-02
2.904754307432717148e-02
2.906027262850211651e-02
2.909768143585223996e-02
2.910496600435635503e-02
2.911225205697166515e-02
2.913019066308219704e-02
2.913319167961291728e-02
2.915594809000960838e-02
2.920132015928203484e-02
2.921075249607206145e-02
2.922156216895478373e-02
2.922545809341212802e-02
2.923056719233620496e-02
2.923690333606619729e-02
2.924420492990218584e-02
2.924643386652099261e-02
2.925454114797824620e-02
2.925595443109276633e-02
2.925617554888792701e-02
2.925718981513593039e-02
2.926187958251346907e-02
2.926433563331387946e-02
2.927157184924226649e-02
2.927474016863328490e-02
2.927723491928917524e-02
2.928083357176196333e-02
2.928908264888250776e-02
2.929882515298159670e-02
2.931609771121771943e-02
2.932863157582390676e-02
2.933804110125868073e-02
2.934832953424845736e-02
2.936202189149498404e-02
2.936214250371765519e-02
2.936600727803654817e-02
2.938496888696396844e-02
2.939283066426863142e-02
2.940172545345777141e-02
2.941471936708434792e-02
2.943869033562047585e-02
2.945739282818081103e-02
2.946381127519616047e-02
2.947539987768768577e-02
2.947709768683171028e-02
2.947945697330557266e-02
2.948315068482673315e-02
2.948513167998639134e-02
2.952172864100336552e-02
2.952407316473571255e-02
2.952410297872128456e-02
2.953411718572019826e-02
2.957193875228349492e-02
2.957353620910722902e-02
2.957950448372694344e-02
2.958396968566543925e-02
2.962863392050558292e-02
2.962905926666822842e-02
2.963787461249398417e-02
2.968709118475157047e-02
2.969302369845424477e-02
2.969945985737580674e-02
2.970220978126124692e-02
2.970417810888055163e-02
2.970773691013659304e-02
2.971181392852736622e-02
2.973812337515500601e-02
2.974208244050493416e-02
2.976160220864372194e-02
2.977296592641696243e-02
2.980128994072157519e-02
2.981070936949856143e-02
2.981480374068502109e-02
2.981598339372447046e-02
2.986197476011550472e-02
2.986237062291608943e-02
2.990983207573127273e-02
2.991765763650084189e-02
2.992697290306131977e-02
2.993143807905672762e-02
2.995332370567308986e-02
2.995693802674331135e-02
2.997834252798308591e-02
3.001606933498483440e-02
3.001864542893862078e-02
3.002042328288354045e-02
3.002831327505715159e-02
3.002985429230314862e-02
3.003905354874903885e-02
3.004237910732228747e-02
3.004361331458434842e-02
3.005528614197743378e-02
3.005976884942191188e-02
3.008534271823948975e-02
3.009263261472318318e-02
3.009583921692805114e-02
3.010526948132363073e-02
3.010532623985173392e-02
3.010938096156921470e-02
3.011302995639128857e-02
3.012959975509744981e-02
3.013922882695761057e-02
3.014819538986076089e-02
3.017295809104206597e-02
3.018421860456791186e-02
3.019099435401443460e-02
3.021314600557130012e-02
3.023328314745771586e-02
3.024018131736806378e-02
3.024197904037027873e-02
3.025190226596930626e-02
3.026695230207519099e-02
3.026833470495016512e-02
3.027553364845878350e-02
3.032304706887577542e-02
3.032434999032174519e-02
3.033293964613073893e-02
3.033769534728505621e-02
3.034631901982217522e-02
3.038608168955090477e-02
3.040056516098519485e-02
3.040764467285258718e-02
3.041515890037323200e-02
3.042221447145615140e-02
3.042405419372030961e-02
3.044762696090842075e-02
3.045491029499188332e-02
3.046188116530251094e-02
3.054889642721068596e-02
3.055965769899101833e-02
3.057017908521562563e-02
3.057068870705964211e-02
3.058632823495662650e-02
3.059767797423955382e-02
3.062197113077086072e-02
3.063677288018982689e-02
3.066912458170049927e-02
3.067548430844792631e-02
3.067939834524683121e-02
3.068289594500366035e-02
3.070680506365625062e-02
3.070721090435043002e-02
3.072501804513408721e-02
3.074099240653892576e-02
3.074640523179306487e-02
3.075989169849219912e-02
3.076187711259715726e-02
3.077006116697800220e-02
3.077060538128636655e-02
3.077985950113226385e-02
3.078422712764570385e-02
3.080638574477800179e-02
3.082459669084008230e-02
3.083598684150141642e-02
3.084682435681960350e-02
3.085218687499423698e-02
3.086362815367419896e-02
3.088474753287690985e-02
3.089013581667178140e-02
3.089535658710101246e-02
3.089724971602141740e-02
3.092280224439636696e-02
3.092744337579360001e-02
3.093605014308280221e-02
3.093767884809504876e-02
3.095212859206257841e-02
3.095458440020013025e-02
3.095682666560630944e-02
3.098350933708931068e-02
3.098795483120202893e-02
3.099460295931445383e-02
3.100808551580405345e-02
3.102184667065540843e-02
3.103161617008072526e-02
3.103875878461336696e-02
3.104763930083858509e-02
3.110508926753126693e-02
3.110712761329329987e-02
3.110849057192822259e-02
3.111629098630311688e-02
3.112383051666065686e-02
3.113032161182936047e-02
3.115743454251449288e-02
3.117769231726111659e-02
3.119563420998927236e-02
3.119947651770797054e-02
3.121256380844248529e-02
3.124926167881981326e-02
3.127402483275491807e-02
3.127604165467517960e-02
3.128135854297401514e-02
3.128140529541229009e-02
3.129207787385968748e-02
3.133380032896006945e-02
3.135789737477197997e-02
3.137505192741867760e-02
3.138574772947443081e-02
3.140682082280389642e-02
3.140842578729910461e-02
3.144479273620987003e-02
3.146366890977635861e-02
3.147000613234001570e-02
3.147650324849397829e-02
3.148488288948293745e-02
3.148687415056601602e-02
3.149638884119652232e-02
3.150049861039733862e-02
3.150066882127165735e-02
3.154450054141184207e-02
3.156029919045012788e-02
3.156935287875602819e-02
3.157147506859008662e-02
3.157364768426899199e-02
3.157398838914619865e-02
3.158031085578842656e-02
3.158101039740236760e-02
3.158130568880555822e-02
3.158510413903826974e-02
3.158535439493662805e-02
3.158917993068371260e-02
3.159544234185057004e-02
3.161119859574450935e-02
3.161247101235129670e-02
3.161618719313475517e-02
3.163241973127996903e-02
3.163649428774593236e-02
3.165434782372329725e-02
3.167087465368852855e-02
3.173672542115039963e-02
3.176735047619986402e-02
3.178397118430859036e-02
3.181655581748358413e-02
3.181856748835474452e-02
3.183625709189599057e-02
3.185402944292096278e-02
3.185438876327760516e-02
3.187093575878898605e-02
3.187096640355040894e-02
3.187434427428149225e-02
3.187789178863457973e-02
3.187827509625057454e-02
3.187966469464653674e-02
3.189771470393695102e-02
3.190122852830422351e-02
3.191502857084575068e-02
3.194846870345487838e-02
3.195436283818448020e-02
3.195822374939070315e-02
3.196848291268345604e-02
3.199062357686151964e-02
3.199873965199851594e-02
3.201232444790587384e-02
3.203121276356726832e-02
3.203748270452345948e-02
3.205923736570404775e-02
3.206772008220459130e-02
3.207128734561499189e-02
3.207913626842238963e-02
3.208905887790578643e-02
3.209178255975368016e-02
3.210316835886824899e-02
3.211565325124163262e-02
3.212538674696343438e-02
3.213352895867383624e-02
3.214584878395718853e-02
3.218201084282427266e-02
3.219515885835457641e-02
3.220988657549966189e-02
3.221740247923223638e-02
3.224806490219399302e-02
3.226102263209102566e-02
3.226566366607573622e-02
3.228998089218017287e-02
3.230989142456616725e-02
3.231114516006142884e-02
3.232802657076629810e-02
3.232866194535806426e-02
3.233225439054798062e-02
3.233399093464155855e-02
3.233709689091009143e-02
3.234212712344786828e-02
3.235178492450129645e-02
3.235989725251380011e-02
3.236151344074294361e-02
3.236164005563957335e-02
3.240429719467263769e-02
3.241177627180643478e-02
3.242681098709901399e-02
3.244650102809936570e-02
3.244972812896184527e-02
3.246252993622254085e-02
3.246724339108648938e-02
3.248432996090654806e-02
3.250572199734905188e-02
3.251618751740591173e-02
3.256870583329272290e-02
3.258500467825774238e-02
3.259244506863432506e-02
3.260670723655430259e-02
3.261448456724307804e-02
3.265911859716626175e-02
3.266113627466721986e-02
3.266226827460606136e-02
3.266975039345624415e-02
3.268808698463740448e-02
3.269021688019609767e-02
3.269931649155767561e-02
3.270051235547409563e-02
3.270649365372182982e-02
3.271240018851241660e-02
3.275970432484480444e-02
3.278191562323146124e-02
3.278597473485987679e-02
3.279626368295456007e-02
3.280753561701420240e-02
3.281874593975970394e-02
3.283043438445494566e-02
3.283063409747533773e-02
3.285140233259178921e-02
3.285942616126916183e-02
3.286490143438842992e-02
3.287598374901088555e-02
3.289914044998568099e-02
3.290512286990023016e-02
3.292201458887340088e-02
3.294976772814765115e-02
3.294989919019043756e-02
3.295960322591667824e-02
3.297084107656650387e-02
3.298962372272495891e-02
3.301323343077711830e-02
3.302920198153722064e-02
3.303554197208381088e-02
3.303933056362055865e-02
3.304314333240886137e-02
3.305006679578897238e-02
3.306427705221038488e-02
3.306659781194568049e-02
3.308379302191073040e-02
3.312148152894422298e-02
3.312482571735237552e-02
3.314707766210420181e-02
3.316518078989664359e-02
3.317102748688248448e-02
3.317654437944100171e-02
3.319802092018234174e-02
3.320343900813538945e-02
3.323750079393193724e-02
3.324438773983467987e-02
3.325651880151034301e-02
3.325754721378712531e-02
3.326233220387030814e-02
3.328944332500811260e-02
3.330283404140719355e-02
3.334962612613992516e-02
3.336337745210093964e-02
3.338379971848748351e-02
3.341376408185234292e-02
3.342855857133732872e-02
3.343268532855078051e-02
3.343534107287773199e-02
3.343635768332080954e-02
3.346195722526913024e-02
3.347346246269262970e-02
3.347636913028530919e-02
3.347773419198331324e-02
3.349498821122887798e-02
3.351511642438968763e-02
3.351671591004855288e-02
3.351846119117128653e-02
3.352342236171302475e-02
3.352705549210499569e-02
3.354927775221970554e-02
3.356099043376531421e-02
3.356256025732787945e-02
3.356949922041724960e-02
3.358901861560008306e-02
3.361104353472962186e-02
3.361214979442530421e-02
3.361401467577267155e-02
3.362175786135516292e-02
3.367223271944188440e-02
3.367442755310025987e-02
3.367558713222471023e-02
3.372931240268149666e-02
3.373548501704794200e-02
3.373864656508835519e-02
3.375428937593323575e-02
3.376080039340134675e-02
3.376614143440812704e-02
3.377847755132726282e-02
3.378969326092964853e-02
3.381376418880290002e-02
3.382054979047672411e-02
3.384555638173831343e-02
3.384809413872804512e-02
3.385417557746044775e-02
3.386176035171341303e-02
3.386382322317666588e-02
3.387228165954275089e-02
3.387271029410190981e-02
3.389711444996924838e-02
3.389796137021592465e-02
3.391041601257827748e-02
3.392415215663321937e-02
3.394754333969474125e-02
3.396395293293689305e-02
3.397534918686617722e-02
3.398129742127637548e-02
3.398239577562996161e-02
3.398431045940131234e-02
3.398944916271372241e-02
3.399095767381456190e-02
3.400309367028681723e-02
3.400820221694846740e-02
3.401665251474903645e-02
3.401737439443573013e-02
3.402138832475307129e-02
3.402564426173928375e-02
3.405162617573535833e-02
3.408650136097327726e-02
3.410516717539694570e-02
3.414648918305406011e-02
3.417452107621174462e-02
3.420569364869473217e-02
3.422136675106206977e-02
3.422324073190784882e-02
3.423105398914884356e-02
3.423807503198137564e-02
3.426158928390854452e-02
3.428383911141598406e-02
3.429784804725378999e-02
3.430385689127397192e-02
3.434979790817530715e-02
3.435635879704888179e-02
3.435700560490962535e-02
3.437796362093113040e-02
3.439803038086207410e-02
3.439916270689636485e-02
3.440511048575693037e-02
3.443737182661092688e-02
3.444734419263120045e-02
3.447120883582865947e-02
3.447450456336144387e-02
3.447728194840420091e-02
3.449077675483195465e-02
3.449160752585302830e-02
3.449913689089979113e-02
3.450579230488306365e-02
3.451793295770069075e-02
3.451900716331150060e-02
3.452898966284656534e-02
3.456216269525484025e-02
3.458218603229468169e-02
3.460276124941107784e-02
3.460443840447610664e-02
3.464411750308567239e-02
3.464638418850501250e-02
3.465606339957344462e-02
3.466458898662180821e-02
3.467247468996983994e-02
3.467714332461115101e-02
3.469868653762710198e-02
3.471165627700009693e-02
3.473496636417040817e-02
3.474159898496045201e-02
3.474879122777620871e-02
3.475160043435526758e-02
3.475210854424794910e-02
3.476019401868510328e-02
3.476103858896465587e-02
3.477640787701252040e-02
3.478303386378672757e-02
3.478438389135776743e-02
3.478590080227118159e-02
3.478820908832087194e-02
3.479091516097752163e-02
3.480885410952931636e-02
3.483596602850252966e-02
3.484888097092863485e-02
3.485220823839924043e-02
3.486831314355431227e-02
3.488669293863732451e-02
3.489165058268586805e-02
3.490100814569375987e-02
3.490927676659718454e-02
3.491735280076158771e-02
3.491765455152661540e-02
3.492470207723013392e-02
3.492518885664441797e-02
3.492943047692857045e-02
3.495374118648567757e-02
3.497833764586395777e-02
3.498927392712488510e-02
3.499017470628713183e-02
3.499230896366781890e-02
3.499265496867201564e-02
3.500425085540399828e-02
3.501371124043260730e-02
3.502940751849041578e-02
3.504179839720172884e-02
3.504911711145899250e-02
3.507959049896305914e-02
3.509412501954800589e-02
3.509581506604390194e-02
3.510570771873346846e-02
3.510661715277280104e-02
3.511968748745238067e-02
3.514256528048995132e-02
3.514375470624186287e-02
3.515012714088417561e-02
3.515049877713450482e-02
3.515410321444888825e-02
3.515847082225606601e-02
3.516991109053028280e-02
3.517782879487035830e-02
3.518053468017202229e-02
3.518925449889160478e-02
3.519101580668358015e-02
3.519326939275417565e-02
3.521809389721663325e-02
3.523555118446280304e-02
3.524328638181407208e-02
3.525961485100881365e-02
3.526448148278202993e-02
3.527339674898362365e-02
3.527782747034083344e-02
3.531900598207047409e-02
3.533887290968387718e-02
3.534850432158424122e-02
3.535017732471063684e-02
3.536086563027823759e-02
3.539110758513198951e-02
3.539940303592549464e-02
3.542044888631563221e-02
3.543284331319018071e-02
3.543544610824538033e-02
3.545037355157210773e-02
3.547684770530847020e-02
3.548965652583858238e-02
3.549434131910682994e-02
3.549669228678816596e-02
3.550008767419611522e-02
3.552316648543200200e-02
3.552906573018443231e-02
3.553910673259046138e-02
3.556154005029917020e-02
3.559418216076288416e-02
3.560922129835949329e-02
3.561665748539641352e-02
3.564390652507769264e-02
3.564625339200993420e-02
3.564724704231842650e-02
3.564741830216169860e-02
3.566414769243051591e-02
3.567447829757289940e-02
3.568534356652854761e-02
3.568863889187198074e-02
3.569571770482480449e-02
3.569661564593414743e-02
3.570256132093548723e-02
3.571166222513475624e-02
3.572524814046977581e-02
3.574683113038744364e-02
3.575466171362891993e-02
3.579310035676679796e-02
3.582901065920387346e-02
3.583231076757902728e-02
3.583971706927600864e-02
3.585050038201825773e-02
3.586664536519148377e-02
3.586800832850375181e-02
3.589028557345524256e-02
3.589250741514082854e-02
3.593179657191952758e-02
3.596931581817656987e-02
3.598030946705744332e-02
3.601096973481687086e-02
3.601293832576067666e-02
3.602542101858832724e-02
3.603553163021781802e-02
3.605164561969480957e-02
3.606110232166360313e-02
3.606565205673641084e-02
3.607239334684872456e-02
3.607782578932065831e-02
3.611207477661651510e-02
3.613445162744224892e-02
3.613547470476075746e-02
3.613716462200771556e-02
3.613942238116451405e-02
3.615476692810454945e-02
3.618027565482308944e-02
3.619104315973606378e-02
3.619531346655448928e-02
3.619729148111422434e-02
3.622877915345126820e-02
3.625190639385360986e-02
3.625354127747511257e-02
3.626796102147045869e-02
3.627006762241473392e-02
3.628936156577701466e-02
3.629681275663768775e-02
3.630201535324814599e-02
3.630290831467829910e-02
3.630721950286108779e-02
3.634213268604272878e-02
3.636154917852067042e-02
3.640634449051792509e-02
3.642048114978280876e-02
3.645120199635763780e-02
3.649282675871685921e-02
3.652266448275343080e-02
3.653525297224308188e-02
3.655158909188024191e-02
3.656004665542415127e-02
3.656356757144054587e-02
3.656886287290275067e-02
3.658850348866148072e-02
3.659003096497271540e-02
3.662524633042921196e-02
3.662766883135186446e-02
3.663143325366068070e-02
3.665527715760344418e-02
3.667458109555345874e-02
3.668367552740380705e-02
3.671818542994077089e-02
3.675182897383769826e-02
3.677275882217419939e-02
3.677319240178029969e-02
3.677582035054473980e-02
3.678417778283427086e-02
3.679303733774137025e-02
3.681384600852016104e-02
3.682338030157449732e-02
3.682357759630870003e-02
3.684071670327194320e-02
3.686355221265016219e-02
3.687282415561357607e-02
3.687780944940594746e-02
3.688183076098208724e-02
3.689174049572876285e-02
3.689848546018063141e-02
3.691202468618419441e-02
3.698864927319689411e-02
3.700217769825609598e-02
3.701753511296659860e-02
3.701882599831361059e-02
3.701887364223367671e-02
3.702069857662803470e-02
3.703343742895787855e-02
3.703901514235944520e-02
3.707702368543683985e-02
3.708744818862320242e-02
3.710204360951628588e-02
3.713234266647608833e-02
3.713282925571156912e-02
3.715411189622622873e-02
3.716310582688909375e-02
3.716602721303732121e-02
3.718140271523477647e-02
3.718163904648202900e-02
3.718852379311271550e-02
3.720158111517344462e-02
3.720842385934516883e-02
3.722372729747256553e-02
3.722528256046432615e-02
3.722578212430279615e-02
3.723389852373147624e-02
3.723461527874133425e-02
3.726006090518304420e-02
3.726145350324905348e-02
3.727974280155971903e-02
3.729345608723211997e-02
3.730763010847126110e-02
3.732448307679670646e-02
3.733860639005760762e-02
3.735994780928054981e-02
3.738451505683304532e-02
3.738659435199240266e-02
3.738662638264080018e-02
3.738825808825607666e-02
3.740541017663928658e-02
3.741311198235956065e-02
3.744663921850859001e-02
3.746951816550656011e-02
3.746999904455133867e-02
3.747328304918059322e-02
3.747763462067772722e-02
3.750441522359570373e-02
3.750986382429960520e-02
3.751513764495532921e-02
3.753497001604903099e-02
3.753881621433491356e-02
3.756401287254646643e-02
3.758379381055004104e-02
3.758425057614671327e-02
3.760555700156341385e-02
3.760766471271749511e-02
3.760775725376269696e-02
3.761526938747543347e-02
3.761982941902367039e-02
3.762581451776239594e-02
3.765558419719670924e-02
3.766309827544043337e-02
3.766490629407217433e-02
3.767307649814183312e-02
3.769538430411038810e-02
3.771847257273611143e-02
3.773121975760439922e-02
3.776730393402226438e-02
3.778865971032823595e-02
3.778976637844558284e-02
3.779016547259401310e-02
3.779086652669419455e-02
3.781767497274425571e-02
3.783406536260467551e-02
3.784746201328399728e-02
3.787007235556252155e-02
3.788478430152582288e-02
3.789262394717039101e-02
3.791649473787774005e-02
3.792075481351694227e-02
3.792981743952994478e-02
3.794972200000546608e-02
3.797091579547207107e-02
3.799889068609141329e-02
3.800052781717653400e-02
3.802105235546100748e-02
3.802269571085900579e-02
3.802766566127160214e-02
3.810773449597125440e-02
3.812442986249593019e-02
3.812619214591213279e-02
3.812958508548950493e-02
3.818713714606738335e-02
3.822346198783874854e-02
3.823246941796227399e-02
3.823504178555349464e-02
3.825816507223207819e-02
3.826377577969043015e-02
3.826589444815645807e-02
3.827088077919954534e-02
3.828090297122022784e-02
3.830784926834059773e-02
3.833338772144402606e-02
3.833771825897649976e-02
3.833893692359974237e-02
3.834082346542703329e-02
3.840518558646657116e-02
3.841150466878943959e-02
3.841221744913943942e-02
3.841562771035094553e-02
3.843690366858356494e-02
3.843981932120412587e-02
3.844091599642555229e-02
3.846080664682935413e-02
3.846862527393454106e-02
3.848067539875606180e-02
3.853681099125316062e-02
3.853761977184255033e-02
3.854052352626493455e-02
3.854166545456853832e-02
3.854378052672952082e-02
3.857283330870647092e-02
3.859692025289909734e-02
3.861105171454048274e-02
3.862056406983301049e-02
3.862564656250871975e-02
3.862689822832917480e-02
3.865258801061696725e-02
3.867907526238346244e-02
3.868882455180298191e-02
3.869512086441885546e-02
3.869633584364361861e-02
3.869715855744265687e-02
3.870290322591416615e-02
3.872523875691188250e-02
3.877376407412912174e-02
3.877700665107778472e-02
3.880552424601962924e-02
3.881131096928409907e-02
3.881371843891603945e-02
3.881680217434396035e-02
3.882242314498899477e-02
3.882591011973675343e-02
3.883255514603638908e-02
3.883686259690808523e-02
3.884952644936500582e-02
3.885202695850268478e-02
3.885300620664807608e-02
3.885600565417879348e-02
3.887122477735253934e-02
3.888825088710713695e-02
3.889179176428469997e-02
3.889941338933797232e-02
3.890946971825470085e-02
3.893200364214232517e-02
3.893374595056436904e-02
3.895848697349869189e-02
3.897383631592263309e-02
3.898755286139257009e-02
3.899295339803649646e-02
3.900074721496840646e-02
3.901113965777538994e-02
3.902077659580800023e-02
3.904429494210267387e-02
3.905708703794152914e-02
3.906436149983802397e-02
3.906752069523055509e-02
3.908077802666991285e-02
3.910002064568953578e-02
3.910433154658888438e-02
3.910908091984457990e-02
3.913697056612457786e-02
3.917074946485819137e-02
3.918656197132320412e-02
3.918784212812515683e-02
3.919421799010347485e-02
3.920043165253929429e-02
3.920258292216524665e-02
3.923743489145768704e-02
3.924058995072871731e-02
3.925659314499342634e-02
3.928521744344215527e-02
3.928812103068059919e-02
3.928963403969423090e-02
3.929446827091082756e-02
3.933534303385356062e-02
3.935342462208039210e-02
3.936878055469494181e-02
3.937426627079251146e-02
3.939226738951082107e-02
3.941298730168689424e-02
3.941617652686345286e-02
3.943977661332116746e-02
3.944818531564143332e-02
3.945880847616177467e-02
3.946848550793638499e-02
3.947041685901445107e-02
3.947557089255704366e-02
3.949846909977392656e-02
3.951465926430799275e-02
3.951799250546795400e-02
3.953406617298341891e-02
3.955975043550810644e-02
3.956341003725186156e-02
3.957346428708933411e-02
3.957768670881837286e-02
3.958889004334189415e-02
3.959588644495463244e-02
3.959772489667311851e-02
3.960483416634819759e-02
3.962239364444736928e-02
3.962540101126824088e-02
3.962975006361774133e-02
3.966864106788686034e-02
3.967379554189590096e-02
3.970579705247836294e-02
3.970774077234389549e-02
3.971268256967652732e-02
3.973174021508031617e-02
3.974355895663730237e-02
3.976012321821447565e-02
3.978062358860207787e-02
3.978261984337150281e-02
3.979130763582147678e-02
3.979891038122491259e-02
3.981687880614764169e-02
3.981953763916344646e-02
3.983108275313101271e-02
3.983300247692985602e-02
3.984180400471311334e-02
3.986497561982110804e-02
3.986710327115051272e-02
3.986775531077718648e-02
3.987812517872554863e-02
3.988858327805229476e-02
3.991440408378239130e-02
3.995237194033913336e-02
3.996083223042607574e-02
3.997723251408742684e-02
3.998232834325071705e-02
4.000266743493541277e-02
4.002053961485435574e-02
4.003276038699238315e-02
4.003563056418278643e-02
4.003674510133373166e-02
4.003959519491236130e-02
4.005553148095784138e-02
4.005900703330896040e-02
4.007338786563652971e-02
4.007416708252799914e-02
4.007477538953106017e-02
4.007944359261278455e-02
4.009471555937022674e-02
4.011982160842334638e-02
4.015293605636838237e-02
4.015608259052128731e-02
4.019884269060164383e-02
4.019911708092151897e-02
4.021095718052337259e-02
4.022433749560485466e-02
4.024134355761768006e-02
4.026451367010414062e-02
4.026587366101427867e-02
4.027574994091117494e-02
4.029049545756314271e-02
4.029106993784272589e-02
4.029672415320538492e-02
4.030961441634919179e-02
4.031068923367196744e-02
4.031086406232844976e-02
4.032269334736442168e-02
4.033482162811048710e-02
4.034314925206208824e-02
4.035046492893199638e-02
4.037311234318947256e-02
4.037974673420480914e-02
4.038101142254614528e-02
4.038686963883423436e-02
4.039022242833002069e-02
4.039212647531498224e-02
4.039793635105735220e-02
4.040539414349100106e-02
4.042131089529489574e-02
4.043922452201430956e-02
4.044373665584682920e-02
4.046087791625411351e-02
4.047488102521642345e-02
4.048986982673337398e-02
4.050762723454102987e-02
4.052895799427348733e-02
4.054881887267584861e-02
4.056238956650404237e-02
4.060541760858892707e-02
4.060609676704828030e-02
4.061680098274960543e-02
4.061793552032154364e-02
4.062696436387167737e-02
4.065198839182258828e-02
4.066749099687806679e-02
4.067178951941134019e-02
4.068136413910454496e-02
4.068989850154623028e-02
4.069714857787521539e-02
4.075222360429367474e-02
4.076765402282225143e-02
4.076861319613598461e-02
4.077083705446186285e-02
4.079678505189462956e-02
4.079832880135618456e-02
4.080666902711653499e-02
4.081232481603525031e-02
4.082265878515180246e-02
4.087161830968461668e-02
4.089799864896896675e-02
4.090052497677617444e-02
4.090412925185765020e-02
4.093650178073371393e-02
4.094387286063971149e-02
4.094505119810162158e-02
4.095671795604420573e-02
4.095857922928743122e-02
4.096370233123921428e-02
4.098075943376950497e-02
4.098192753496433804e-02
4.100164628552493279e-02
4.101113859939507084e-02
4.101569130199363145e-02
4.102891721467071678e-02
4.104595587916828880e-02
4.105240144482504711e-02
4.106167762824831924e-02
4.107365575879917685e-02
4.107573813911450517e-02
4.107764977466659556e-02
4.108303946589407507e-02
4.109537728924751027e-02
4.111618108690440199e-02
4.112368623497950071e-02
4.112373811866280177e-02
4.112601301573115542e-02
4.114484244492965653e-02
4.115609905640332800e-02
4.115678729687702320e-02
4.120537834351092887e-02
4.127223692198896815e-02
4.127290720331654866e-02
4.128842985980218927e-02
4.131073341167693092e-02
4.131731051647800912e-02
4.132047858587993561e-02
4.135500279887421859e-02
4.135955869390910145e-02
4.137282935264928463e-02
4.139436175659771955e-02
4.143326756883926321e-02
4.144212631869746005e-02
4.144437956670558171e-02
4.144685598726220027e-02
4.146072320818308676e-02
4.146420224371222263e-02
4.148026003873662299e-02
4.148526719264192253e-02
4.148752191313007792e-02
4.151436322681181096e-02
4.152241421011877015e-02
4.153786898980807440e-02
4.155272986468229457e-02
4.157294723301396822e-02
4.158203541513704610e-02
4.161514643706468869e-02
4.162607431639828159e-02
4.166207520373085144e-02
4.168257382332403449e-02
4.169888679575774193e-02
4.172782034721923827e-02
4.175124718093696508e-02
4.175498286313353291e-02
4.178569737056421485e-02
4.179788610440963309e-02
4.180396370981011300e-02
4.180535984688370926e-02
4.181090445290241986e-02
4.184780263300976605e-02
4.186722031172728647e-02
4.191999989367037327e-02
4.192879338160991620e-02
4.193984930582599774e-02
4.194297449931236321e-02
4.194306626779972097e-02
4.195178690877664207e-02
4.195653188200517553e-02
4.197810500526543559e-02
4.197965990974378281e-02
4.199064868677316459e-02
4.199248973563646931e-02
4.200859573886016329e-02
4.202608664348136958e-02
4.202998733646568646e-02
4.203129969057128185e-02
4.203826175443898389e-02
4.205045537797447858e-02
4.206548759693391759e-02
4.208420913125883456e-02
4.208555166224220434e-02
4.210920402597671114e-02
4.211178261442255488e-02
4.212294468490719590e-02
4.213869125361471846e-02
4.214652533819623209e-02
4.216004062643818190e-02
4.218038839488148090e-02
4.218728655200376654e-02
4.219008160931971008e-02
4.219933117333336814e-02
4.222994653272214155e-02
4.224287310053662786e-02
4.224799000577311031e-02
4.227250643243025963e-02
4.227885753140680353e-02
4.227899595311303965e-02
4.229410458135748202e-02
4.230247385277506600e-02
4.232576212158023488e-02
4.235183977667095201e-02
4.235737118820176450e-02
4.236316914413189999e-02
4.236435331145484151e-02
4.238935854519207402e-02
4.239324767392468885e-02
4.242189555129040335e-02
4.243344784007922060e-02
4.244598963615096171e-02
4.245839555881042449e-02
4.245848614592019621e-02
4.245969254500584628e-02
4.246106566044276220e-02
4.247348647201384247e-02
4.248803702951838013e-02
4.249738916951949913e-02
4.250828223839467346e-02
4.251118297791142697e-02
4.253249214796165495e-02
4.253328358754824429e-02
4.262248959584105656e-02
4.262889314673284913e-02
4.263453056085318021e-02
4.266483431774721613e-02
4.266553728682154906e-02
4.267448761250035305e-02
4.268498374312177518e-02
4.269565796757118087e-02
4.270118477872303364e-02
4.271472310402694289e-02
4.271485976486256997e-02
4.272986333785373791e-02
4.273457037724327084e-02
4.280304267640910182e-02
4.285516890684218372e-02
4.289040187528249393e-02
4.290468193205159569e-02
4.290970713592558161e-02
4.293264966862404830e-02
4.294165495279225753e-02
4.296327151091065139e-02
4.296531708744790595e-02
4.296571516860311218e-02
4.298212834939273141e-02
4.298350984389272961e-02
4.299720466922174467e-02
4.300019603759915043e-02
4.304867223574174867e-02
4.306637982725199792e-02
4.308839323601102583e-02
4.313282042551286333e-02
4.313520845132771259e-02
4.314576676764355495e-02
4.315075933550145681e-02
4.316357429398463147e-02
4.318669517155755699e-02
4.323167526500149016e-02
4.323744177069679256e-02
4.325831573161846577e-02
4.326935583552821846e-02
4.327524883399685302e-02
4.333716560647409011e-02
4.334142119275904287e-02
4.335664643957082287e-02
4.340930429043385330e-02
4.344049164321083650e-02
4.344070342726099460e-02
4.344165733427995946e-02
4.349964414625047404e-02
4.350522699522609699e-02
4.351227145607530766e-02
4.354515638941835326e-02
4.354706548472344479e-02
4.354900066588666269e-02
4.356494774517630925e-02
4.356842890540123941e-02
4.359521428786779923e-02
4.359732595407669886e-02
4.362053068507633358e-02
4.363269970608275178e-02
4.365865240668408143e-02
4.368489491231376809e-02
4.370027868674179750e-02
4.371963294295776181e-02
4.376028097475181955e-02
4.376635927001072679e-02
4.377791480753814857e-02
4.378961098383268857e-02
4.379335153959743737e-02
4.380500740135075816e-02
4.382652015000022827e-02
4.384536000736750927e-02
4.384586401587044907e-02
4.384756202039386680e-02
4.386682655729658153e-02
4.387190541050134396e-02
4.387650471576366035e-02
4.390074768406165839e-02
4.391608701291482147e-02
4.392623090327219676e-02
4.393180867317508093e-02
4.395779835755758008e-02
4.396473272866481541e-02
4.396768609846408299e-02
4.397747511714109742e-02
4.398228358206571209e-02
4.398477720401389179e-02
4.405279943227373429e-02
4.405560992825711258e-02
4.406647211049249252e-02
4.407343132128008212e-02
4.411826492833190172e-02
4.412022853611338030e-02
4.414345916053918212e-02
4.415423492820364643e-02
4.417937660463315541e-02
4.419724929254147117e-02
4.422001587894712482e-02
4.424365720773324601e-02
4.425424426921187315e-02
4.428938976396148280e-02
4.429697406485731681e-02
4.430400239976813037e-02
4.431253237988712346e-02
4.436683679333801311e-02
4.439515698228457818e-02
4.439544474570219362e-02
4.439622948822832121e-02
4.440022259472559130e-02
4.441032666434360093e-02
4.442279672956247344e-02
4.442443666113247286e-02
4.446260077855631460e-02
4.450017079270140313e-02
4.450364103706361263e-02
4.451101496029696153e-02
4.451857837327072992e-02
4.453013858912843043e-02
4.454959371605057145e-02
4.455126888618032854e-02
4.456403641172147767e-02
4.459027725326176333e-02
4.459593406681418987e-02
4.459620436189577763e-02
4.462627701288180565e-02
4.463422124592088258e-02
4.464393105119562194e-02
4.465659713102443362e-02
4.466716378331209159e-02
4.467962916922182948e-02
4.468052867793792515e-02
4.468966410894457258e-02
4.470443305908825687e-02
4.470850673659924890e-02
4.473484917363883262e-02
4.473820793331596130e-02
4.477556054089550791e-02
4.477793134182011386e-02
4.478071026608212296e-02
4.481356555476783549e-02
4.482258704533470528e-02
4.483171320034785856e-02
4.484470532095952838e-02
4.484897468520612773e-02
4.485809621579429224e-02
4.486414589526375313e-02
4.487581203306022920e-02
4.490999264286627685e-02
4.494024789843090173e-02
4.495515873655322320e-02
4.496220049623646936e-02
4.496225420298910480e-02
4.500425991095553108e-02
4.502141053657415098e-02
4.505825823391238633e-02
4.505984330019154049e-02
4.507777452898667492e-02
4.508110252920794619e-02
4.508995545587281273e-02
4.509634661886657847e-02
4.511449066016146731e-02
4.513309264153277101e-02
4.514189808111784830e-02
4.515238458761955398e-02
4.515332566826751187e-02
4.515719229073425489e-02
4.517204891027069152e-02
4.527648275659567484e-02
4.527801907549972721e-02
4.529016367181564612e-02
4.531741415661574152e-02
4.531752543816602863e-02
4.533526082543781754e-02
4.533750915402486731e-02
4.534423335110822351e-02
4.535312454916725494e-02
4.538250792813249695e-02
4.540048315766970211e-02
4.541160620721897134e-02
4.542492724459206571e-02
4.543447504310301616e-02
4.544479931991449867e-02
4.544999924143891534e-02
4.546470423756616974e-02
4.547503528862049255e-02
4.548441928496431419e-02
4.549708352381056503e-02
4.550527061561608633e-02
4.551988384381577130e-02
4.552639354152657886e-02
4.553554053865867257e-02
4.555961034595979592e-02
4.556143435289661953e-02
4.556451195162478096e-02
4.556887602620885575e-02
4.559680518076673905e-02
4.561374774828726164e-02
4.563016704171816984e-02
4.563260040517435473e-02
4.563334435718356674e-02
4.564518578908197816e-02
4.567477115460494286e-02
4.571670836242569536e-02
4.573375515141322317e-02
4.573933937211939471e-02
4.574127688199020048e-02
4.575296676220699105e-02
4.578028216132819933e-02
4.578054703392547831e-02
4.582134416510471459e-02
4.582599468486675542e-02
4.588865900840509437e-02
4.589657298838540483e-02
4.590101588566429525e-02
4.590214377414342933e-02
4.590392848164077944e-02
4.591492463628411153e-02
4.591720344781639873e-02
4.592830757037949518e-02
4.593081281502907343e-02
4.593794380800477611e-02
4.596811364180199144e-02
4.597178212686629101e-02
4.600696133998920939e-02
4.601692530022582356e-02
4.602882416094772333e-02
4.603973013208255416e-02
4.604158231836663617e-02
4.606921133131499507e-02
4.614426010542658357e-02
4.614643013005613470e-02
4.615142230228042736e-02
4.615678783792638573e-02
4.615855234558121495e-02
4.616776685509355743e-02
4.619783113562480475e-02
4.622080216608443620e-02
4.625435267002779571e-02
4.625496858264044331e-02
4.626013283369097978e-02
4.628952666773838293e-02
4.636948670540858020e-02
4.637036373491058155e-02
4.637716678767894729e-02
4.639806358642764583e-02
4.640022567957609312e-02
4.640396252613267908e-02
4.641993195237706371e-02
4.642815281556163937e-02
4.645367878339184270e-02
4.647824252415413970e-02
4.648007754842466838e-02
4.650637346936866562e-02
4.651422624618284374e-02
4.652345565037262903e-02
4.654322192194862429e-02
4.655054120186592065e-02
4.658733032154545317e-02
4.661655391528610887e-02
4.662572650256340684e-02
4.663175264962030747e-02
4.664711860734972737e-02
4.664745862505548929e-02
4.665478700290377756e-02
4.665998411925975642e-02
4.667055693862502685e-02
4.668717965338882447e-02
4.672942791354420949e-02
4.673154115900345767e-02
4.673734116169439567e-02
4.674368543581699370e-02
4.674480369160542714e-02
4.674898158890405248e-02
4.675271023729631048e-02
4.675501920371290254e-02
4.676487210345969814e-02
4.678222743337174389e-02
4.679776554700405822e-02
4.679881439922286418e-02
4.680151329955864470e-02
4.680227007953114554e-02
4.680703667615943725e-02
4.682121683969622111e-02
4.682991598465635619e-02
4.684304230833371413e-02
4.686167588070798418e-02
4.688199764294639221e-02
4.688415485299782248e-02
4.692567777858891453e-02
4.694733372195612764e-02
4.696116584472465050e-02
4.699018482080224990e-02
4.699962237840345919e-02
4.700219743840306635e-02
4.701105092356266946e-02
4.702833033690308195e-02
4.703855220511007212e-02
4.704723685200912220e-02
4.705847978126364434e-02
4.706420300065623785e-02
4.707007594828793717e-02
4.707779039398209131e-02
4.712212557150102787e-02
4.712935698861243916e-02
4.713248733470287027e-02
4.715882645244562354e-02
4.716517295927832171e-02
4.719819369877039511e-02
4.720329987408101308e-02
4.722541622502868242e-02
4.724489271685387848e-02
4.725642867571737404e-02
4.726441259094196073e-02
4.727233617350879574e-02
4.728783494913843533e-02
4.729425931060508154e-02
4.729612468416823090e-02
4.732275417405482770e-02
4.735091562545203081e-02
4.737062167309363803e-02
4.739484189913916595e-02
4.740565909557891561e-02
4.741504815972507475e-02
4.743195311901416550e-02
4.744894800764913600e-02
4.747475624600368954e-02
4.747549351851736849e-02
4.750233662462934048e-02
4.750415403253088753e-02
4.751024581504706412e-02
4.751805183010560096e-02
4.752551709638706823e-02
4.754345068938038016e-02
4.756551614107630555e-02
4.757026437098271776e-02
4.757095543237357255e-02
4.757682494678526497e-02
4.762597523667957272e-02
4.764249739768553621e-02
4.764407015827160086e-02
4.764768003253772033e-02
4.768682903604761630e-02
4.770596025875409318e-02
4.771169599606180783e-02
4.771605092599120329e-02
4.772608050811534552e-02
4.773583749196421561e-02
4.773801546071365642e-02
4.773821087470788566e-02
4.775593805891407972e-02
4.776213284485975735e-02
4.781214290450966353e-02
4.782359425490376875e-02
4.782387792614327393e-02
4.785241227438467165e-02
4.785733518012531829e-02
4.787530640797110770e-02
4.792121763952315872e-02
4.792428795672194070e-02
4.793393661866570538e-02
4.793794176768084725e-02
4.793806589852236261e-02
4.797323908751276178e-02
4.799061606590348389e-02
4.799251852434249094e-02
4.800716697785360754e-02
4.801658887182705393e-02
4.803429479790440743e-02
4.805240593156762108e-02
4.809389802933402430e-02
4.818302335242560103e-02
4.822055744678568207e-02
4.822063936028411074e-02
4.822593121693247165e-02
4.831436417931440214e-02
4.833402481504939924e-02
4.834736983128812976e-02
4.834968271780385601e-02
4.836655265862958158e-02
4.840341295419391815e-02
4.840349790102434213e-02
4.840941151014793720e-02
4.842230235206326089e-02
4.842566391526056252e-02
4.842922045352817534e-02
4.843268397520406748e-02
4.843291704445194801e-02
4.845839160252820438e-02
4.850536979789423636e-02
4.851266047247146385e-02
4.853776427356336354e-02
4.854376183259632299e-02
4.857242900863997792e-02
4.857300062392217593e-02
4.858728218729352344e-02
4.859541060664950007e-02
4.861052671323250196e-02
4.866050308017229320e-02
4.866945013659935287e-02
4.867633910876219966e-02
4.870050453728860113e-02
4.874116135218862361e-02
4.874702886288103526e-02
4.875886660736571815e-02
4.880357994632793933e-02
4.880520453486725252e-02
4.880965778290861229e-02
4.881644225231696055e-02
4.882079684617424142e-02
4.882530499986097866e-02
4.884441560911589181e-02
4.884458415216888505e-02
4.885140297293446426e-02
4.886824014124279553e-02
4.889140071413759780e-02
4.893613480318952796e-02
4.893745226709402679e-02
4.894980902463313271e-02
4.895347826210288966e-02
4.897049510210874784e-02
4.899382553413167418e-02
4.901816876053211730e-02
4.901853273668678457e-02
4.904317165450283039e-02
4.908735296403497761e-02
4.909088779674104092e-02
4.911301430369455212e-02
4.914856470245052011e-02
4.918277579450518189e-02
4.918444391670528937e-02
4.919117289442571234e-02
4.920370873391897298e-02
4.922851349033795232e-02
4.923850964959489845e-02
4.925424387475518806e-02
4.925511583774858787e-02
4.927494981868819207e-02
4.927506126039395140e-02
4.928448844832427483e-02
4.930862105483554969e-02
4.932005962005907990e-02
4.932917693029002099e-02
4.934064589307238236e-02
4.936397116797561907e-02
4.936461819611934199e-02
4.939085396328911359e-02
4.942716642044965580e-02
4.945200557703942346e-02
4.945667840705895990e-02
4.948054729836671300e-02
4.951375069076578705e-02
4.954013581273354616e-02
4.955317852212583196e-02
4.956492127249760571e-02
4.959657302104932691e-02
4.960565981778302519e-02
4.962993289820993859e-02
4.963296491383573789e-02
4.963882849573363065e-02
4.965466894753566701e-02
4.966624958683640151e-02
4.969399729035313407e-02
4.969518449195349519e-02
4.969765793106428742e-02
4.971110370855577609e-02
4.972231313039016110e-02
4.973710754720216815e-02
4.975011579029398057e-02
4.976247165008165774e-02
4.981366033101866653e-02
4.982228927940039048e-02
4.983679894972498081e-02
4.987405551649291141e-02
4.988864625856822416e-02
4.989100543266766080e-02
4.996671006470285864e-02
4.998057451386223732e-02
4.999595015222513261e-02
5.000368481700609435e-02
5.001614858559986360e-02
5.001617057442682424e-02
5.002160508210769241e-02
5.004482678186324834e-02
5.004494674269117926e-02
5.004523016692712795e-02
5.005797141490282709e-02
5.006618701333905019e-02
5.007617813157642234e-02
5.008137970856950394e-02
5.009065115972143045e-02
5.009283069753307088e-02
5.009326250122890511e-02
5.009748532555780703e-02
5.010544686108625578e-02
5.010689406843318178e-02
5.010752573518516273e-02
5.011410401733335657e-02
5.011455066702991124e-02
5.013225838970481602e-02
5.013941087236276073e-02
5.014974251117009646e-02
5.015922008543664823e-02
5.016854958933362335e-02
5.018798829409363421e-02
5.022146360222411871e-02
5.022918995825142313e-02
5.025506752675624328e-02
5.026099406271420517e-02
5.026375948006415323e-02
5.026933858536108968e-02
5.027206817628630808e-02
5.028419878778007945e-02
5.029532202795287260e-02
5.030205877009486654e-02
5.030656228288639398e-02
5.031035752070456279e-02
5.035093159125567097e-02
5.036901710810286203e-02
5.040107136309936869e-02
5.040728557280927530e-02
5.042438633306814411e-02
5.046796964023313181e-02
5.048925436380776594e-02
5.050841453016558652e-02
5.051048656474409204e-02
5.051936576645536803e-02
5.053368543184755257e-02
5.054317306777692670e-02
5.056108888218700803e-02
5.056327259366951571e-02
5.058700072415137777e-02
5.058768089102611692e-02
5.059137464892263930e-02
5.059842578737654833e-02
5.061441551446173304e-02
5.061717419025426462e-02
5.063391141925346201e-02
5.064091135537370642e-02
5.064412344739922106e-02
5.064700979600150754e-02
5.066757415128098768e-02
5.069767498132194544e-02
5.071055136984729816e-02
5.072525996812627530e-02
5.072711865234161288e-02
5.075581244421223381e-02
5.077118384084641778e-02
5.077874107674101856e-02
5.078821995120958582e-02
5.092112614335629617e-02
5.092821577460692611e-02
5.093225054038794108e-02
5.093569818827903273e-02
5.095039651613139653e-02
5.095245420109228290e-02
5.095907574742531559e-02
5.098302037368444145e-02
5.098556231555325530e-02
5.099099288559495735e-02
5.103200206484546225e-02
5.103705449329772048e-02
5.105158834940130841e-02
5.107803671592204414e-02
5.107886371595918990e-02
5.110080923031342509e-02
5.111296661478545444e-02
5.111672541801225850e-02
5.112263582699310555e-02
5.112459898209853471e-02
5.114295470306168268e-02
5.119915144771575166e-02
5.120574209800454052e-02
5.122923087224177940e-02
5.123602259802634284e-02
5.123640831002089502e-02
5.125349999603402706e-02
5.126729678025213066e-02
5.126943484290067549e-02
5.127418800888497441e-02
5.130556903221365761e-02
5.131181205510686877e-02
5.132372027479534943e-02
5.134198537795366113e-02
5.134566465136086028e-02
5.136360034927077434e-02
5.136398066394662343e-02
5.137230642434997135e-02
5.139507350247380507e-02
5.139838932682316147e-02
5.141066652274667304e-02
5.141100309603666152e-02
5.142218197354812143e-02
5.145205108420267126e-02
5.148164652069339015e-02
5.148515382240542032e-02
5.152795201723558288e-02
5.152991595666063518e-02
5.153114585783075130e-02
5.154240714424099257e-02
5.155054531228828174e-02
5.156728741647281788e-02
5.158407647233056309e-02
5.159020202533014243e-02
5.161945078880243037e-02
5.162078111948222719e-02
5.163383509461745569e-02
5.164767644195356749e-02
5.165562944895540215e-02
5.166547646619616685e-02
5.172908100315817131e-02
5.173230466408318406e-02
5.177695971473514347e-02
5.178266512290261719e-02
5.180059985050007587e-02
5.183190423102488481e-02
5.183446303760359808e-02
5.184643036140072769e-02
5.186707187249911533e-02
5.195055933886428418e-02
5.195112540950388991e-02
5.195913286907696826e-02
5.197056478491536569e-02
5.197218361897849165e-02
5.197619014323218156e-02
5.202155743240866742e-02
5.203144866423069920e-02
5.207444358435335541e-02
5.208039773385549770e-02
5.208591923812558311e-02
5.209330889534588560e-02
5.213325103079485823e-02
5.214217533039006841e-02
5.215139322415959094e-02
5.215212964733731416e-02
5.219216996829059013e-02
5.221910589086369014e-02
5.222475351880979944e-02
5.222904226925260268e-02
5.225555110205881010e-02
5.225979626645083087e-02
5.228692094387404898e-02
5.230759502341583017e-02
5.233495400754287902e-02
5.233631028270154667e-02
5.234890389549966966e-02
5.235102620664610490e-02
5.236831367327760001e-02
5.237017964514266433e-02
5.239065745120344980e-02
5.240927342892853780e-02
5.241060991738101527e-02
5.243500909555952327e-02
5.243533312105413263e-02
5.245783114346806025e-02
5.247135247876897474e-02
5.249308551734865880e-02
5.250066514471984219e-02
5.251720306900835300e-02
5.252493004724675951e-02
5.252800031094842503e-02
5.254663944486468591e-02
5.256023754124655722e-02
5.256517597711162643e-02
5.256715824241888629e-02
5.260791083328993090e-02
5.261957371901861830e-02
5.263233104971704046e-02
5.265158413648249325e-02
5.271234903621688922e-02
5.272477625266371731e-02
5.273711978478971829e-02
5.274149965145435298e-02
5.274566720724567503e-02
5.275904204550605631e-02
5.276169755397545902e-02
5.279323864033580449e-02
5.281630620614012617e-02
5.282772798855703278e-02
5.283165661554576481e-02
5.284110029050292923e-02
5.286212149940271166e-02
5.289760529840777797e-02
5.289843563763290540e-02
5.290468187618744406e-02
5.292401577122984174e-02
5.293589240889684522e-02
5.293932434690921257e-02
5.294299302051026085e-02
5.294442551343164077e-02
5.295497958749630779e-02
5.295585861029308838e-02
5.295606715871613301e-02
5.296312252096063711e-02
5.300350423436063496e-02
5.301072427662010395e-02
5.303383734825381501e-02
5.304410001704148309e-02
5.305795574146217330e-02
5.308154358805791673e-02
5.308261225275806572e-02
5.310230885375777365e-02
5.310510277154342762e-02
5.315996231283916240e-02
5.318134158619772234e-02
5.319020275541814363e-02
5.321718161956377757e-02
5.322061107447888934e-02
5.324100937204178513e-02
5.325837251772044117e-02
5.326853335914442933e-02
5.327933160368431009e-02
5.328533908137279840e-02
5.330647259762279905e-02
5.333876708385063004e-02
5.334301925771483405e-02
5.334890588515859428e-02
5.335978740278626148e-02
5.337079450185396035e-02
5.339128467338079970e-02
5.340358950613569022e-02
5.342802503727596408e-02
5.342962390375902842e-02
5.344388369695679541e-02
5.345059518728972892e-02
5.347299421192140689e-02
5.348113947939266144e-02
5.349219118376154908e-02
5.349761969828487063e-02
5.350427801528138266e-02
5.350989256537658917e-02
5.351059503188527328e-02
5.355217660882810593e-02
5.357510233670160354e-02
5.357899263416524699e-02
5.359235955925582134e-02
5.359773305311589520e-02
5.361040592584094544e-02
5.361802006122304981e-02
5.364166259447492729e-02
5.366081572043536474e-02
5.367079696638012848e-02
5.368554919334087711e-02
5.369561801041685539e-02
5.370173383391964317e-02
5.370304304875637980e-02
5.375018324847288809e-02
5.376347777221462260e-02
5.376908748511546182e-02
5.378595026252717265e-02
5.382162949393728968e-02
5.387089644290273677e-02
5.387836475458275542e-02
5.388023567627162058e-02
5.388983682769912797e-02
5.390033127608156310e-02
5.396794965778168446e-02
5.397919958942395263e-02
5.399296424611293305e-02
5.399420312422510693e-02
5.402724972096857592e-02
5.402751835464774527e-02
5.407458782573799916e-02
5.407766064509172965e-02
5.408974402274158155e-02
5.409292673496590015e-02
5.410619302456951690e-02
5.410901542697996863e-02
5.413723791004899921e-02
5.414103289983111106e-02
5.414196182113956840e-02
5.414546342281172792e-02
5.418424442523810114e-02
5.419573674854064049e-02
5.420106666911311821e-02
5.422018246021793886e-02
5.423455691374345911e-02
5.426146198425925438e-02
5.426437478041609697e-02
5.428477365713613861e-02
5.429944466769682371e-02
5.432663715973631152e-02
5.435662889586166668e-02
5.436037474886737386e-02
5.437238297966719147e-02
5.438780327912351442e-02
5.440995471947841083e-02
5.442170512825403317e-02
5.444138537910140491e-02
5.446452202287399569e-02
5.447553216025581568e-02
5.451020061890848867e-02
5.451239577445767676e-02
5.451991011080119937e-02
5.454894711604824087e-02
5.455756911429536504e-02
5.455776982269430059e-02
5.457355515483760383e-02
5.461725261446536556e-02
5.462624137656398038e-02
5.463584228611310933e-02
5.464209824788236747e-02
5.464781983261799564e-02
5.466969171279191519e-02
5.467381537492559118e-02
5.468664598729620213e-02
5.469833068567552664e-02
5.472627188882187715e-02
5.472913940854091941e-02
5.473223632131477001e-02
5.474579927625396192e-02
5.475610179537514915e-02
5.476527368264319517e-02
5.478086350848938163e-02
5.482016508998463489e-02
5.484327630963905381e-02
5.485172576943628253e-02
5.487431554419077567e-02
5.487938866048425873e-02
5.489940076672440022e-02
5.491159518180079024e-02
5.492235880086124983e-02
5.494631890308215860e-02
5.494910389754106145e-02
5.495600732170061870e-02
5.497289200205529580e-02
5.498339982798889497e-02
5.499933938853569793e-02
5.501131711703403232e-02
5.501926190369146874e-02
5.502833271326454390e-02
5.502946961408924226e-02
5.504901837709379880e-02
5.506592191317668389e-02
5.508950726600187614e-02
5.509810442347395226e-02
5.510325831122275114e-02
5.510786765252202735e-02
5.511097826802194982e-02
5.512417086276107103e-02
5.513400969654750489e-02
5.515839215752659647e-02
5.517898362199328416e-02
5.519877541634084228e-02
5.523532911177972404e-02
5.527905422003173697e-02
5.530192189251673801e-02
5.530746855285961078e-02
5.534309349205299849e-02
5.535312486883409155e-02
5.536288681738470163e-02
5.536584596641524331e-02
5.536900140723809149e-02
5.539413172787335110e-02
5.540420251632528076e-02
5.540464466211308947e-02
5.542244448865084328e-02
5.542717869328106506e-02
5.550152865906429062e-02
5.550742453120315056e-02
5.550836685785442981e-02
5.551906955009639627e-02
5.553850329318996831e-02
5.554438927339385573e-02
5.554582959051599517e-02
5.556350079413367726e-02
5.558273208462696097e-02
5.559481955893323668e-02
5.559599620195276870e-02
5.560197764149111405e-02
5.560311596858219518e-02
5.561489820282507907e-02
5.562547859888995749e-02
5.562911201044502124e-02
5.563991877178083717e-02
5.564176358727416366e-02
5.564741688356367177e-02
5.565178542938972739e-02
5.566634872937162998e-02
5.567728779877720996e-02
5.568656612019436125e-02
5.569880114648120828e-02
5.574004339667140706e-02
5.575139329515817199e-02
5.575284972495794106e-02
5.575424131605156985e-02
5.575661876703461722e-02
5.575666968216413250e-02
5.577297900388135388e-02
5.578283409511293478e-02
5.578784776022891606e-02
5.579845137689174589e-02
5.580348910114275168e-02
5.580809197890160972e-02
5.581085311542473282e-02
5.582346557612646171e-02
5.586239794187185942e-02
5.586593005950432622e-02
5.586965905038760588e-02
5.587112430143359454e-02
5.587327430623615504e-02
5.587643297114203156e-02
5.587783768601606305e-02
5.591296004214564574e-02
5.591506013083429733e-02
5.593243356953013501e-02
5.594087704481543605e-02
5.597115706866872403e-02
5.597239323795204918e-02
5.599164009476942372e-02
5.599607223677024320e-02
5.600222263935221434e-02
5.601650656707102272e-02
5.602193648059280301e-02
5.605267260237683374e-02
5.607325577172382614e-02
5.608918155205738776e-02
5.611257169248684562e-02
5.611619991231484028e-02
5.611879617481275312e-02
5.611970855169739342e-02
5.612372528345747208e-02
5.613450225892153284e-02
5.614393103192400619e-02
5.618093231755383332e-02
5.618947712291161301e-02
5.622396973925528063e-02
5.624377077615830278e-02
5.625123360785751897e-02
5.627602198028805458e-02
5.628185211116761011e-02
5.631519962242677313e-02
5.631967613035078479e-02
5.635608875501511850e-02
5.636316079512457278e-02
5.638938906112885008e-02
5.639096884604015425e-02
5.640863507390960624e-02
5.642089070603489159e-02
5.643298390603179032e-02
5.647847741379954239e-02
5.648315260612642164e-02
5.653657822689712315e-02
5.655498874460813258e-02
5.656868146509518025e-02
5.657085350436611565e-02
5.658521069531363690e-02
5.659654852761747401e-02
5.663942783615762144e-02
5.665034298820276898e-02
5.666201982139237869e-02
5.667178789761149332e-02
5.667559124517228958e-02
5.669303040850793424e-02
5.670451913351429868e-02
5.673343078520574900e-02
5.673573007355145470e-02
5.677686946907904708e-02
5.678798083936029834e-02
5.679501996933147140e-02
5.684656896836721290e-02
5.685034602908251022e-02
5.686425752283377072e-02
5.686927231641488584e-02
5.690829821373252079e-02
5.692459499325224631e-02
5.695166052471950513e-02
5.696417303257766962e-02
5.700048423342360393e-02
5.701419270551227880e-02
5.701862208581534586e-02
5.703528588435058388e-02
5.704068484171928577e-02
5.704623493520752375e-02
5.704830143693632311e-02
5.705334999533453327e-02
5.706461935187925882e-02
5.708609780256910377e-02
5.711165555503932428e-02
5.712255760426504514e-02
5.718374106744155555e-02
5.719554035926013164e-02
5.719833427637403822e-02
5.721135052786190112e-02
5.724520612280320497e-02
5.724576390297557438e-02
5.725338049207225749e-02
5.725769845543709352e-02
5.729039727274643640e-02
5.729131982444581744e-02
5.731363241991475899e-02
5.731526248024952641e-02
5.733115213576622793e-02
5.736180805115786985e-02
5.736436383154499413e-02
5.737527959414520651e-02
5.738345545148128973e-02
5.738937807212942527e-02
5.740995743752717179e-02
5.741036565020680993e-02
5.743240542104691149e-02
5.745686456172616197e-02
5.748270149021007802e-02
5.748690194663572117e-02
5.750425551005439173e-02
5.751777901395095649e-02
5.753124049622088121e-02
5.755252413428792180e-02
5.763903577577273590e-02
5.763922124394302293e-02
5.764663025854908224e-02
5.766957096773039221e-02
5.769279019386777674e-02
5.770452890906034582e-02
5.771835594121203783e-02
5.772906857468894370e-02
5.773490207833134602e-02
5.778040604869487396e-02
5.779788749750608412e-02
5.780962467240957636e-02
5.786208076425024271e-02
5.786817961752922096e-02
5.788937803769448470e-02
5.789357995215761027e-02
5.789888399137669422e-02
5.792466688566282745e-02
5.795858873815011580e-02
5.796479813676424370e-02
5.799090881151274662e-02
5.799310890967068755e-02
5.802503185814607972e-02
5.803910944375480219e-02
5.807416260045095147e-02
5.810835586040659362e-02
5.812245142273879395e-02
5.814540308884640768e-02
5.815161718251838502e-02
5.817400684364297525e-02
5.820552255008705489e-02
5.820574774083470126e-02
5.821418418327354433e-02
5.823369895216542330e-02
5.823513115046391464e-02
5.824858168312209428e-02
5.829731317461240431e-02
5.834782771383969363e-02
5.838352340954923447e-02
5.839426432443527160e-02
5.841802458199842063e-02
5.841993562564262027e-02
5.843861893442626326e-02
5.844120977757468610e-02
5.845391606285438302e-02
5.846295321067986744e-02
5.848833659974002341e-02
5.849468542598781906e-02
5.850850836183141279e-02
5.850960790013450680e-02
5.851729933382655846e-02
5.852888699103983572e-02
5.854360204892943703e-02
5.856577031209717760e-02
5.856873913693457639e-02
5.857339113411522830e-02
5.858105205398039111e-02
5.858161727876717850e-02
5.863731769295207202e-02
5.864172947624240323e-02
5.865123383685992564e-02
5.867452306855723554e-02
5.873035173778787255e-02
5.873534910793421632e-02
5.873862813915391862e-02
5.876946529200875041e-02
5.878099291465163634e-02
5.879650582173067547e-02
5.881052225957987545e-02
5.881849805315232660e-02
5.882671682301880700e-02
5.883148533581547546e-02
5.883285038569572439e-02
5.884559593899209989e-02
5.886873757615870145e-02
5.886946336367893801e-02
5.887811920103952490e-02
5.889388723278335402e-02
5.889778752829297886e-02
5.890122369457425483e-02
5.891035138373124785e-02
5.891917089515447820e-02
5.895628538668208629e-02
5.896042207329901808e-02
5.896332882175003148e-02
5.896359627464872050e-02
5.896707230508407144e-02
5.897924410234274550e-02
5.898230770003977386e-02
5.898960558668284865e-02
5.899121846434786376e-02
5.901045509975121756e-02
5.902432668305388624e-02
5.907076040723083926e-02
5.907899977965944821e-02
5.909312554637835557e-02
5.909780602246929998e-02
5.912398028331636995e-02
5.913530398362813051e-02
5.918733662997459344e-02
5.918917748654434208e-02
5.919175408379772491e-02
5.921644605722044957e-02
5.922113974816781146e-02
5.922621926219663602e-02
5.923322763271195862e-02
5.925828452992103201e-02
5.928824962377563651e-02
5.938258736301332136e-02
5.938420175305263171e-02
5.939414275390104275e-02
5.940965690500421559e-02
5.942081182182760990e-02
5.943114357518011065e-02
5.943822730765352391e-02
5.944502985912510085e-02
5.949074937870091340e-02
5.952537884018744424e-02
5.953956400325724485e-02
5.954013485892515473e-02
5.954723553220860055e-02
5.958018388112466118e-02
5.961399570019713240e-02
5.962970777369422382e-02
5.963744067867439436e-02
5.964749584356698192e-02
5.965754743967123519e-02
5.968712001987435539e-02
5.969641399874915655e-02
5.969653477373343398e-02
5.971263146450274395e-02
5.972266388587400138e-02
5.975525877477182168e-02
5.976493395161891486e-02
5.976972021086696119e-02
5.978187781266131040e-02
5.985420606332618465e-02
5.986845099640412254e-02
5.987438262195885624e-02
5.988246786014039119e-02
5.989602812885375799e-02
5.990895962713579936e-02
5.991790444379944264e-02
5.992056767889225588e-02
5.993157050735860303e-02
5.994616736250438227e-02
5.995839314892274785e-02
5.996058132398435908e-02
5.996393025982167668e-02
5.997459864622003284e-02
5.997575526210267155e-02
5.998879165449354928e-02
6.000204820636526742e-02
6.001103476299682327e-02
6.001737401757085977e-02
6.002262503592124127e-02
6.003947677017434231e-02
6.003969992082888729e-02
6.011504643387569069e-02
6.012093386574792614e-02
6.012679369930222506e-02
6.015590046036267680e-02
6.015774759566917818e-02
6.016053278772096752e-02
6.017193548125775865e-02
6.019002550213187891e-02
6.019066672856882017e-02
6.020355251324004120e-02
6.023740983813918870e-02
6.029148414835030362e-02
6.029736568072380926e-02
6.030543585187059241e-02
6.030861912808023473e-02
6.032062004283038348e-02
6.034054914299873118e-02
6.034176045394520210e-02
6.034912287815308307e-02
6.035382258826950397e-02
6.035926884721652674e-02
6.037869749419490922e-02
6.039270135790135441e-02
6.039832719151590201e-02
6.040809540171104830e-02
6.041119561163898338e-02
6.041342475261790579e-02
6.041585842657009459e-02
6.042701083718319405e-02
6.043581703783180298e-02
6.043885285454570627e-02
6.047181126808525570e-02
6.053493422554537956e-02
6.054058717242737087e-02
6.063019643284985744e-02
6.066323446291091437e-02
6.066471766015635314e-02
6.066877266104656052e-02
6.068667949090146563e-02
6.073907473629808207e-02
6.075231083091165579e-02
6.079331813862759448e-02
6.081371570761957834e-02
6.082316840764816213e-02
6.082407087154979158e-02
6.083404094940359635e-02
6.089652561664481156e-02
6.089742705690635860e-02
6.095106122397757342e-02
6.096350002207465146e-02
6.096489505733525965e-02
6.097136603009884609e-02
6.097908409563403825e-02
6.098335773278334287e-02
6.099265465768802241e-02
6.101132226841069622e-02
6.102387349024422647e-02
6.105471896692968997e-02
6.106490466808688761e-02
6.110362628738115476e-02
6.110650408426914620e-02
6.113734969943383779e-02
6.114824064778053014e-02
6.117439487073810661e-02
6.119160460529200068e-02
6.119870130589973728e-02
6.120776690412828291e-02
6.120828832105122685e-02
6.121563236824956178e-02
6.123079329236821161e-02
6.123429264514617526e-02
6.127507534124673749e-02
6.129002634256213583e-02
6.131604070901343351e-02
6.134573904208869694e-02
6.135410187728237985e-02
6.137174902805838522e-02
6.137784360067225636e-02
6.137820685218696448e-02
6.138288574324773927e-02
6.138832947356804431e-02
6.139218605370332094e-02
6.140682894227018213e-02
6.142377372824484039e-02
6.145132532015895599e-02
6.148838015012812047e-02
6.149387066590411566e-02
6.151301942595998468e-02
6.151354002794287568e-02
6.154766922010818792e-02
6.156666769059629396e-02
6.156961377966854720e-02
6.159172357100870659e-02
6.159883046558838754e-02
6.159908947667792206e-02
6.160561985212889557e-02
6.162680803493239545e-02
6.163275339259587093e-02
6.167488229995311821e-02
6.168147112625203821e-02
6.169727078861941827e-02
6.170586215321381685e-02
6.175136312221548435e-02
6.176885909437778571e-02
6.178066630812373977e-02
6.179002721643996748e-02
6.179636233803353224e-02
6.181404958459164878e-02
6.182051461257584424e-02
6.182327352213604077e-02
6.183417771270192931e-02
6.188167917953278641e-02
6.188885477553319331e-02
6.189782996403027371e-02
6.194514229302862385e-02
6.194847262968257440e-02
6.202776432109574634e-02
6.204347352748069283e-02
6.205205285327670961e-02
6.207461077387788767e-02
6.210189478685382986e-02
6.210348186916762186e-02
6.212176579181716979e-02
6.212978128388829679e-02
6.213479998147774380e-02
6.214317216309874631e-02
6.214688745593329594e-02
6.220393386537115960e-02
6.221341278248316425e-02
6.225941227750036999e-02
6.226318809138014360e-02
6.227237270983027040e-02
6.227508785696900251e-02
6.228756994363281868e-02
6.228932364885050865e-02
6.232006499597689958e-02
6.232105781082909052e-02
6.234031765172853151e-02
6.238947526266084426e-02
6.239251820655178360e-02
6.239428470052269665e-02
6.241728017960689739e-02
6.248647753808903027e-02
6.249510199622084622e-02
6.249891804774556497e-02
6.250629702738644267e-02
6.251524141945674629e-02
6.256020476636835193e-02
6.259267619190397869e-02
6.263800123168015987e-02
6.265423642966649886e-02
6.266375685454617095e-02
6.267126477979406696e-02
6.268797307170390076e-02
6.270064586910008286e-02
6.270382325726334138e-02
6.273907381022687801e-02
6.276096642914857915e-02
6.279019553095897821e-02
6.279262055385308183e-02
6.283439264135413926e-02
6.284731827509314195e-02
6.285018779124178223e-02
6.285357697310843539e-02
6.285799396904948044e-02
6.286300336041684977e-02
6.286527422504274709e-02
6.292629041715494531e-02
6.293646161192886779e-02
6.294141166143919774e-02
6.296067347339116826e-02
6.297612466928981245e-02
6.298119067366983459e-02
6.299341020447693507e-02
6.300665107231970263e-02
6.302302744773895238e-02
6.302412432035423007e-02
6.302579976186944988e-02
6.304620896761972682e-02
6.304663994032824736e-02
6.305367415085347260e-02
6.305811497457634862e-02
6.308118451472000121e-02
6.313117245635621599e-02
6.315343155846389611e-02
6.315671321368582225e-02
6.316569608269217984e-02
6.316812943002646230e-02
6.317416934200814627e-02
6.318307266249796605e-02
6.321555349026561355e-02
6.321561304996743680e-02
6.321769162058481217e-02
6.322473572232505112e-02
6.322619075088720120e-02
6.322799339744047953e-02
6.323987507927431029e-02
6.324816764534098301e-02
6.325792374920238825e-02
6.326210088802496079e-02
6.326819415264953173e-02
6.329158956444529138e-02
6.329184416241132038e-02
6.330250475710619273e-02
6.330477383603175245e-02
6.337067559131633054e-02
6.338275264659082309e-02
6.338698607791604100e-02
6.340113435886227111e-02
6.346499347911140065e-02
6.351234765232273427e-02
6.359790164937641210e-02
6.361891656685091101e-02
6.362631655806490205e-02
6.364947213481030042e-02
6.365582348443524219e-02
6.366042631800696017e-02
6.373995046919521401e-02
6.381165902683419433e-02
6.383940305914619084e-02
6.387175913437125041e-02
6.388092187106329811e-02
6.390580180045578318e-02
6.391338964797232958e-02
6.393495952276766203e-02
6.393679310009695027e-02
6.395152604760692694e-02
6.399184979690127062e-02
6.401893497445586279e-02
6.408274140194077095e-02
6.409113166746607804e-02
6.410046112986407529e-02
6.411646777838439504e-02
6.412638957888637525e-02
6.413357396361551999e-02
6.416903452363670324e-02
6.426152420652925246e-02
6.428922636651444866e-02
6.429930022485257080e-02
6.431652694471969023e-02
6.433800531851324722e-02
6.433822580212406050e-02
6.440789149210437992e-02
6.442182981677199716e-02
6.442747699848583309e-02
6.443115086933097480e-02
6.447289397982974846e-02
6.447879012663813858e-02
6.448459183613655665e-02
6.454324816491910366e-02
6.455023951691953032e-02
6.456509517412982457e-02
6.461076382915145744e-02
6.461131876330637736e-02
6.462517662776107175e-02
6.466518178897280589e-02
6.466613058455081275e-02
6.466795176234158005e-02
6.470429985877090839e-02
6.471413388690394619e-02
6.472472189143954613e-02
6.473034885279151107e-02
6.475088591213835898e-02
6.475990227504284380e-02
6.478036664175181036e-02
6.485342401744553786e-02
6.485612726293406294e-02
6.487106966669471675e-02
6.488657450744582389e-02
6.489863862394378013e-02
6.491081501315970614e-02
6.491465372502118469e-02
6.495092507450110630e-02
6.496217637443432724e-02
6.496273376340164218e-02
6.496437055593913545e-02
6.501622839650580965e-02
6.502713040194363359e-02
6.506969976868239025e-02
6.507102066943930285e-02
6.507251125549134985e-02
6.510142966139066678e-02
6.511248731757983410e-02
6.513401860747457250e-02
6.513577136806787682e-02
6.513589446669677818e-02
6.513716633451183124e-02
6.513799367355688208e-02
6.516820025505380698e-02
6.517449701142022378e-02
6.518162898671273076e-02
6.518174083682772013e-02
6.519700606557307654e-02
6.519912482672762799e-02
6.520652053746311960e-02
6.521160551415662587e-02
6.521882740476298013e-02
6.522884876919239627e-02
6.524022236432121258e-02
6.526367711929262350e-02
6.527583346021942345e-02
6.527990248463182155e-02
6.529659692852557429e-02
6.529880375703273065e-02
6.530186451672662096e-02
6.537487894350836604e-02
6.538316300118839075e-02
6.539511532046514419e-02
6.545330786091807518e-02
6.551394553214059946e-02
6.554363625138361071e-02
6.556773161230686209e-02
6.556962185923718989e-02
6.557195446435151731e-02
6.563572637229385387e-02
6.564609572432406059e-02
6.565507991566274515e-02
6.566818378619970753e-02
6.568948419494773094e-02
6.572012434709414985e-02
6.576433155239112816e-02
6.576898004260897657e-02
6.577788766578224200e-02
6.581669095149675353e-02
6.581897338374086137e-02
6.583270754031775307e-02
6.584184810953569444e-02
6.584375653351913493e-02
6.584445219633387747e-02
6.584967276379624646e-02
6.587392693715612979e-02
6.590138096699614534e-02
6.591902838726676483e-02
6.592597548990439260e-02
6.595316743399805282e-02
6.596916397517679775e-02
6.598861936780331394e-02
6.599778176956769271e-02
6.601984950803684027e-02
6.603280847864709258e-02
6.603418861129370376e-02
6.603485007600887191e-02
6.605297951510334664e-02
6.607437459822555759e-02
6.616639108206014142e-02
6.620435492505795383e-02
6.622975126744291841e-02
6.622993804948028307e-02
6.624331372548275532e-02
6.625866351229166284e-02
6.626783140570532971e-02
6.628582657314137372e-02
6.632912081076541844e-02
6.634482612186852479e-02
6.635269932971785134e-02
6.636232016427824620e-02
6.636415810487254763e-02
6.637418071745608550e-02
6.637670026246189625e-02
6.639338774751324390e-02
6.640211577845406277e-02
6.642333738809304278e-02
6.645683086765385994e-02
6.646406934892257201e-02
6.647853739273591744e-02
6.648815401074564813e-02
6.653380383257676001e-02
6.654488562361039750e-02
6.656963339221970422e-02
6.658513243480623789e-02
6.659197847597032871e-02
6.661907116992910050e-02
6.667146121776441892e-02
6.670034879735668720e-02
6.671097975336685859e-02
6.680719858866032701e-02
6.682311357045038480e-02
6.682368240380781588e-02
6.687099053629903811e-02
6.687114662411766663e-02
6.688403605029062671e-02
6.689538357104478361e-02
6.689953820428100328e-02
6.690700210038688645e-02
6.692357646593447007e-02
6.692822343370183336e-02
6.695460129227737145e-02
6.697209543069704285e-02
6.698540609759377762e-02
6.701020417879649527e-02
6.703023097015414766e-02
6.705350852134879525e-02
6.712569498861595263e-02
6.715590181243909218e-02
6.716922762442531503e-02
6.717088170444984740e-02
6.721030456654276952e-02
6.721856265899442406e-02
6.726100944216253930e-02
6.726432711002905407e-02
6.727289469076634665e-02
6.728734386012967528e-02
6.730311055586989111e-02
6.730649680143455105e-02
6.739400841842393963e-02
6.740862868019158183e-02
6.742466828826083891e-02
6.743311585632136285e-02
6.743611150385867004e-02
6.745406703568360141e-02
6.746129325855512726e-02
6.746418624346624260e-02
6.747299349582890071e-02
6.747806843842604763e-02
6.748979060443037470e-02
6.749328198063316020e-02
6.750420159624496985e-02
6.750815310953840742e-02
6.753349082110343682e-02
6.756663688932215694e-02
6.757588428777545897e-02
6.766322760907614309e-02
6.768184707449487192e-02
6.772698287317623078e-02
6.777619092891155883e-02
6.777866889944782203e-02
6.779267991401656535e-02
6.779477228329686134e-02
6.782167695753217596e-02
6.783367982804640317e-02
6.784695548258767861e-02
6.787825861641380576e-02
6.789077750370844933e-02
6.791845926962940261e-02
6.791848892334131915e-02
6.793789212910308906e-02
6.795147218066632799e-02
6.795567216256549747e-02
6.795943981255554711e-02
6.799241912186353154e-02
6.802994370029234739e-02
6.803429652268035144e-02
6.803799518611519659e-02
6.804486971175480181e-02
6.819112397347536214e-02
6.819479531495362123e-02
6.820769945313882865e-02
6.824114438796798077e-02
6.825163138106268845e-02
6.826371422559489310e-02
6.826619903833852643e-02
6.827524198447786075e-02
6.828160494931546920e-02
6.829816393989954215e-02
6.833404924482079645e-02
6.837868167131076758e-02
6.841495996545178537e-02
6.842328092035723786e-02
6.842601166947236135e-02
6.842715538361936189e-02
6.844543671917539818e-02
6.848579389199624390e-02
6.851326661284982966e-02
6.851372531770302809e-02
6.853215909512876125e-02
6.854101044110026686e-02
6.855499342979709532e-02
6.857182799658180505e-02
6.861596678260389881e-02
6.862162679895494888e-02
6.868075881587622222e-02
6.868477738804663890e-02
6.869474597203649446e-02
6.870552939636324907e-02
6.871674794289896193e-02
6.872185820508835974e-02
6.874939634491235296e-02
6.877354546242185618e-02
6.880420746236584617e-02
6.881435018744266885e-02
6.882329103115070179e-02
6.882431062937142963e-02
6.884631438635718803e-02
6.887657469744612460e-02
6.890495773997078188e-02
6.895205881810501092e-02
6.897140707030351148e-02
6.897141609389460803e-02
6.897176381906656994e-02
6.897389653521276975e-02
6.898738994651081036e-02
6.904692509275972556e-02
6.905563057789651515e-02
6.910435964055172686e-02
6.913242873834579694e-02
6.913982111404817776e-02
6.916526642424208893e-02
6.917590535470488633e-02
6.918973242900242071e-02
6.924578835280262301e-02
6.926097442693592010e-02
6.928380375873736952e-02
6.929218640551673691e-02
6.931327332719283696e-02
6.931764211641089357e-02
6.934592644667647576e-02
6.936910766568961384e-02
6.940321363484366901e-02
6.941023744451156607e-02
6.941622875039632490e-02
6.950427248100796151e-02
6.950560034523488306e-02
6.950575034058016632e-02
6.954826877224071224e-02
6.955059711602129546e-02
6.959397450768477211e-02
6.964000399159034349e-02
6.964123919940587437e-02
6.967011901268883867e-02
6.968142641649154034e-02
6.968575532192963773e-02
6.969745094477998448e-02
6.971834363886106334e-02
6.977040090038159892e-02
6.978883855963559368e-02
6.979143343730391524e-02
6.979210117652631662e-02
6.980973006239973855e-02
6.981368277493424368e-02
6.981697193106042865e-02
6.983536238011223141e-02
6.985789473271093730e-02
6.987493963954034826e-02
6.990077164136326848e-02
6.991504820350979976e-02
6.992180251479949982e-02
6.994817184033280677e-02
6.995336716461929283e-02
6.995364088774594369e-02
6.998797986285447414e-02
6.999728392488797912e-02
7.001356595699195773e-02
7.002407965264352552e-02
7.003046649484780117e-02
7.007029200889318410e-02
7.007902692309254944e-02
7.009890936465870692e-02
7.010287184689525941e-02
7.010675067996569032e-02
7.012056610787656408e-02
7.013622319572829222e-02
7.015571734431431949e-02
7.015833217268196975e-02
7.015909114676403824e-02
7.015949078837314945e-02
7.015953414670196564e-02
7.016327848121303723e-02
7.016541472571839744e-02
7.017025988375712175e-02
7.018387808037648834e-02
7.019864678053108764e-02
7.028737382115507470e-02
7.028739032216418936e-02
7.031335016710940633e-02
7.033995397325415455e-02
7.034350590428850580e-02
7.037002300357811380e-02
7.046284315338900706e-02
7.049034408688482911e-02
7.049314791516554657e-02
7.049785900068125666e-02
7.050395083207318392e-02
7.050668214060358541e-02
7.051582880850541801e-02
7.055039933404375074e-02
7.057530334809877792e-02
7.058565813080060203e-02
7.058643360900172803e-02
7.063718416420339263e-02
7.065862582892887267e-02
7.065896242729738375e-02
7.066180380788043836e-02
7.066681725141971127e-02
7.067665836734554619e-02
7.069940851945642757e-02
7.071811515940246151e-02
7.073121147386490781e-02
7.074060521078932851e-02
7.074577106152871164e-02
7.080344986375176897e-02
7.082831415807815112e-02
7.083101696459299934e-02
7.083174388092046414e-02
7.087521452719772186e-02
7.092002923407413062e-02
7.092576793400633128e-02
7.095138137204411166e-02
7.100518587876743226e-02
7.108109445751564781e-02
7.108708181222679612e-02
7.118451160318453597e-02
7.118902627237366776e-02
7.121466913541867061e-02
7.122640173996030999e-02
7.125713130311335519e-02
7.126792783693966515e-02
7.130679055183820891e-02
7.131389571510411696e-02
7.131406597048783880e-02
7.132608383664046370e-02
7.135689918750084959e-02
7.140849228968264295e-02
7.141481449885948851e-02
7.141645664181786590e-02
7.141986766364506745e-02
7.142477176293131336e-02
7.144211637784519953e-02
7.147797869859827402e-02
7.148300242751672029e-02
7.149322065467290932e-02
7.153980754683361698e-02
7.154362215165968597e-02
7.154628414546509996e-02
7.155546761476279383e-02
7.160084301765641535e-02
7.160336160594642230e-02
7.160966811932634180e-02
7.163694584055356473e-02
7.168758686605052055e-02
7.170834620739705012e-02
7.170850344526066844e-02
7.171789318384619305e-02
7.171973856175899165e-02
7.172836645365815444e-02
7.173163277096214485e-02
7.180850536521535266e-02
7.183047678439055672e-02
7.193378269421900340e-02
7.193721527387335335e-02
7.197202439979259736e-02
7.198266806449379884e-02
7.201238848289111261e-02
7.201841697409332166e-02
7.202581744854161250e-02
7.206658768208391852e-02
7.207537784884822385e-02
7.208791502218057923e-02
7.209025672654451045e-02
7.212283792333980259e-02
7.212942500168056936e-02
7.215234175715251608e-02
7.217260013900839155e-02
7.223509323870408450e-02
7.223549077708839306e-02
7.225865367044323473e-02
7.229396399168890042e-02
7.231536133729883631e-02
7.237641425113656990e-02
7.244929574288547225e-02
7.245094367291216031e-02
7.245930667151431748e-02
7.249195580635302283e-02
7.255686106919596867e-02
7.256331619579099723e-02
7.256488360325677456e-02
7.260676983768490911e-02
7.262806525655315926e-02
7.263024872282344835e-02
7.263422098419136663e-02
7.266516688835882032e-02
7.267344347663201587e-02
7.269480414842498239e-02
7.269499057097240924e-02
7.277540441863079856e-02
7.277832623621421915e-02
7.279296317885722289e-02
7.279441636765592027e-02
7.284647981249414705e-02
7.287978585238433227e-02
7.288547983818004228e-02
7.289414444752546907e-02
7.291173132744437069e-02
7.292878016535721264e-02
7.293948739028231765e-02
7.295159651949550961e-02
7.296908641880192614e-02
7.297830310942120258e-02
7.303904095497694426e-02
7.305425487564458364e-02
7.306906038931136604e-02
7.307019138523848656e-02
7.309544391103048322e-02
7.311186550009170226e-02
7.314047425549111137e-02
7.314053476446978619e-02
7.315839151159285458e-02
7.316117729254210944e-02
7.316839992575141505e-02
7.318541705416027610e-02
7.319540614312713966e-02
7.321480006090351489e-02
7.321502556959856578e-02
7.323531411851726125e-02
7.326856257321638644e-02
7.328214901410569360e-02
7.328379053632085027e-02
7.328380576779192079e-02
7.330401461047056366e-02
7.336439825927668079e-02
7.336814412004478980e-02
7.340647997656546409e-02
7.351258961714704498e-02
7.351326460490861803e-02
7.355282792428834149e-02
7.355294760198459458e-02
7.356526387134232348e-02
7.356805191010507006e-02
7.365856971835954559e-02
7.365989776574924375e-02
7.366238232855355783e-02
7.368261856170689461e-02
7.372230285779067527e-02
7.374543927160838452e-02
7.374791427645996378e-02
7.377346258562213210e-02
7.379626663615722337e-02
7.382018120242239689e-02
7.385260094445508794e-02
7.387850220950245572e-02
7.388922558788267592e-02
7.389309470018901038e-02
7.392833764201972579e-02
7.401124281273675776e-02
7.402702362810863190e-02
7.406193446445796802e-02
7.408146294157429146e-02
7.409382212717721683e-02
7.412630207525594539e-02
7.415063219134825079e-02
7.416435729658098219e-02
7.417348978976798235e-02
7.417471798394402460e-02
7.418999082475519202e-02
7.422659118923630173e-02
7.424448026989063920e-02
7.424538093739374567e-02
7.425524867058956591e-02
7.427135503813603323e-02
7.427437696836397540e-02
7.428420633121990413e-02
7.434615595552800105e-02
7.435348521351305140e-02
7.436584093579179378e-02
7.437168763175758257e-02
7.438228934133304937e-02
7.439488956759655880e-02
7.440669980758385371e-02
7.443493911655078843e-02
7.443905222268798472e-02
7.445510922709203117e-02
7.445680617085362329e-02
7.454649792395656727e-02
7.454963015969383322e-02
7.457170679991921569e-02
7.458491998254002109e-02
7.459678768521178782e-02
7.463012863769068195e-02
7.466723338362447893e-02
7.467517579757494695e-02
7.471430308701450251e-02
7.473551376500471577e-02
7.475103408547441319e-02
7.479328833838928825e-02
7.480131471477594052e-02
7.481694493764506904e-02
7.482484538766245863e-02
7.482676844989046006e-02
7.482955395024885881e-02
7.486198916105317458e-02
7.489277383774459174e-02
7.489631573284150079e-02
7.493516461026666908e-02
7.493683444414442341e-02
7.493828402330265925e-02
7.496144244327587747e-02
7.496156989528018899e-02
7.496610500597875038e-02
7.497282069758633150e-02
7.497703973540652267e-02
7.503595138087372496e-02
7.504331111259859854e-02
7.505960114689118334e-02
7.507601630370921986e-02
7.513170557263007532e-02
7.513421094369232556e-02
7.517049126063521380e-02
7.520895805595817496e-02
7.522326258884368122e-02
7.523475995404901862e-02
7.525345212030341846e-02
7.526396326348751276e-02
7.526939742942996558e-02
7.527841084681459460e-02
7.529633896870908949e-02
7.532558835058592028e-02
7.532784770387100648e-02
7.533532301310592871e-02
7.534171256386536231e-02
7.538258856314447587e-02
7.539996155184501558e-02
7.541434744864107531e-02
7.542938175675596713e-02
7.544104856789088376e-02
7.546004655230845182e-02
7.551058441254729359e-02
7.555819887759440689e-02
7.556094962509039836e-02
7.556959137360148848e-02
7.562123605038248431e-02
7.566399622507642697e-02
7.567151645069319921e-02
7.567397939173006738e-02
7.580868809432682320e-02
7.581045694942330215e-02
7.584346794340864062e-02
7.584919142608841092e-02
7.585415927806629655e-02
7.589939758496339062e-02
7.590339028065055949e-02
7.592956448089120680e-02
7.593513524953213190e-02
7.598534113045347926e-02
7.599019012819327457e-02
7.599033240443886505e-02
7.599877521413800352e-02
7.600766951046450393e-02
7.602243670493738503e-02
7.602964946469717433e-02
7.606721235534739944e-02
7.607691394551487074e-02
7.608632890845028196e-02
7.609892930853276449e-02
7.609964671074516407e-02
7.612282512335209750e-02
7.612481451492829343e-02
7.615801389121829024e-02
7.616241225869280207e-02
7.619183296519908832e-02
7.620144396188764657e-02
7.623295867821520966e-02
7.623788511307383331e-02
7.624254769921316732e-02
7.625136089323693300e-02
7.631936201013202192e-02
7.634602858976152762e-02
7.635709867713591503e-02
7.637233113158499453e-02
7.639475904076678536e-02
7.641134031615663680e-02
7.643268981979645105e-02
7.644866529576811731e-02
7.645983792160547521e-02
7.646121833414633306e-02
7.646513367985507958e-02
7.647382955545151129e-02
7.647423862099998748e-02
7.649599065693436784e-02
7.652703801742527512e-02
7.656427917082198054e-02
7.658541896242512803e-02
7.663530005337984563e-02
7.665469406199122704e-02
7.665873965574816762e-02
7.668525884501424528e-02
7.673706389002707406e-02
7.675150536764803466e-02
7.679658943789410830e-02
7.686912180290998708e-02
7.691331240960808113e-02
7.691928490607778668e-02
7.706209345726050541e-02
7.708097255576838724e-02
7.708212309985718047e-02
7.711237233768332422e-02
7.712506008197277108e-02
7.713339065705454578e-02
7.722634581547917210e-02
7.724677199739946043e-02
7.724954724365219738e-02
7.725115424993231339e-02
7.726063042975334083e-02
7.729344476827046395e-02
7.731546692602567217e-02
7.732051536552481119e-02
7.732308101975951531e-02
7.734355611778759299e-02
7.736416282551822343e-02
7.738627328997914334e-02
7.741248789580126854e-02
7.748187239908235768e-02
7.748226700531954392e-02
7.749740223948892170e-02
7.751681321665718216e-02
7.760695486895410888e-02
7.760829377842952403e-02
7.768131961389931894e-02
7.769871182685549049e-02
7.774539763607071774e-02
7.774763488862090899e-02
7.780847122068543231e-02
7.784420884524796691e-02
7.784731040541056912e-02
7.786910657720751139e-02
7.787795578090586646e-02
7.787905609266246310e-02
7.791087999614679238e-02
7.793720020031652540e-02
7.794069706075450188e-02
7.797285283162350145e-02
7.800782005474386771e-02
7.802468147259110365e-02
7.808723431100897394e-02
7.813260143683918579e-02
7.814155526554983355e-02
7.815301718736258896e-02
7.816037018602638164e-02
7.817988634339270715e-02
7.820123389262437219e-02
7.820276238289912418e-02
7.820843687307864334e-02
7.821076498764449603e-02
7.822598794683716106e-02
7.823588608913589759e-02
7.825144441774989357e-02
7.825828731464436194e-02
7.828931427241295204e-02
7.830941547896468069e-02
7.831876559078998490e-02
7.832174625538364243e-02
7.836682533049414701e-02
7.837499094927423415e-02
7.839350484666102181e-02
7.839931453053278210e-02
7.842703495635353073e-02
7.852382711066406562e-02
7.853446628700619381e-02
7.855373960915451592e-02
7.857498035315951812e-02
7.862088181160103995e-02
7.863015810937043493e-02
7.864331671826309267e-02
7.864773999114955949e-02
7.865145544127223609e-02
7.866549614811610414e-02
7.866685499392293834e-02
7.873182162246973592e-02
7.883832735039858486e-02
7.885762412968969071e-02
7.891580626036599766e-02
7.892142931016492280e-02
7.892197690440141966e-02
7.894642926989862974e-02
7.896544807593441906e-02
7.899016911685857734e-02
7.900998851440044213e-02
7.902930112713113520e-02
7.905402238948272542e-02
7.906280989304717566e-02
7.906287324289013041e-02
7.906522856446934755e-02
7.910276225807064132e-02
7.910727627343927537e-02
7.912185115701202143e-02
7.913604147456429483e-02
7.923010088015797203e-02
7.924133207704231463e-02
7.927051145137507804e-02
7.931323606930061609e-02
7.931883231100389509e-02
7.935176448927312720e-02
7.935800904230458364e-02
7.942812144047313450e-02
7.942889880573363037e-02
7.945223135259074643e-02
7.946031874381513649e-02
7.947674603878779331e-02
7.948967488877900500e-02
7.949894193587600522e-02
7.951720915279558710e-02
7.952039398286139815e-02
7.952384427740127881e-02
7.954207835763617285e-02
7.955438687205762527e-02
7.956545134388288976e-02
7.957580043704398642e-02
7.961545210467506350e-02
7.963353643536780213e-02
7.963954128170216973e-02
7.964037292987445615e-02
7.969607895627463245e-02
7.972416852715018265e-02
7.973589693392515998e-02
7.973643652184306263e-02
7.974005280765263104e-02
7.974522119969483513e-02
7.976354214058364867e-02
7.978246106156003381e-02
7.979736596584993680e-02
7.985216622022255073e-02
7.985647339681188617e-02
7.986369328680889557e-02
7.987978849279527005e-02
7.988395617380504576e-02
7.990236713012276171e-02
7.991208518772448255e-02
7.991717406034669346e-02
7.994991508951319881e-02
7.998412759014493500e-02
7.998811828900442844e-02
8.002512723858623556e-02
8.005921991306269581e-02
8.010410299525194677e-02
8.010671352084906827e-02
8.016354154414133404e-02
8.018212019835584126e-02
8.020697059967783760e-02
8.021495795245145444e-02
8.023394683408650863e-02
8.024635377594040164e-02
8.025889482012293907e-02
8.027756986095528624e-02
8.031757833636354871e-02
8.033027339920305321e-02
8.035309475282459424e-02
8.035670324110422147e-02
8.037179548361866877e-02
8.037884070279464888e-02
8.038374487079805175e-02
8.043247584633755887e-02
8.047695709274592379e-02
8.049227286235399736e-02
8.055639568904908454e-02
8.056521800036008096e-02
8.059547523768784139e-02
8.060379042060195065e-02
8.063277443415148293e-02
8.065833288863999417e-02
8.065943800707625622e-02
8.071279324304901637e-02
8.075151885545125974e-02
8.080835720922921461e-02
8.082673410408548753e-02
8.086447338861051104e-02
8.086622778935916023e-02
8.087247772840158722e-02
8.087514489126886030e-02
8.089830481192301914e-02
8.089876231803275197e-02
8.091001617219367725e-02
8.094332296391709702e-02
8.094927289117118119e-02
8.099898297505821188e-02
8.102725241119371202e-02
8.102934680636092457e-02
8.104075797513868307e-02
8.104652935937806113e-02
8.108907729492625949e-02
8.112160578992605453e-02
8.113808796412207147e-02
8.114900775525865639e-02
8.122894665981943152e-02
8.126545218578394569e-02
8.128611342895317171e-02
8.129437901411128153e-02
8.132033231097440806e-02
8.136011762907287281e-02
8.136325946713543478e-02
8.137590426286120393e-02
8.150369891560516056e-02
8.153162815771396177e-02
8.154584758962817037e-02
8.158363644559911421e-02
8.159246204284355264e-02
8.164490264075943693e-02
8.164607879156318693e-02
8.165533851653371256e-02
8.172203285352262758e-02
8.172925941346144418e-02
8.176784598207076371e-02
8.179359473163003158e-02
8.181836361200214847e-02
8.182303429115111992e-02
8.183131139189354919e-02
8.186557252888809755e-02
8.192437645498162890e-02
8.193501951227502578e-02
8.196815663193918189e-02
8.199020755361631496e-02
8.200595550622045982e-02
8.202841829659304751e-02
8.206023481621865789e-02
8.209134629597555910e-02
8.209469496891133589e-02
8.209720652979105027e-02
8.210122631088064005e-02
8.211435640623854226e-02
8.211565075794503843e-02
8.213088635930096415e-02
8.214807054321827950e-02
8.217965101241141157e-02
8.221183373963293628e-02
8.222117904785117282e-02
8.223598508221452441e-02
8.227898230448592309e-02
8.227902327353804612e-02
8.231876799000464873e-02
8.232332536724744354e-02
8.235679378417039287e-02
8.236713178884244591e-02
8.238280973882865232e-02
8.240320744577739331e-02
8.240946997856761491e-02
8.241566917907980350e-02
8.244272671517544060e-02
8.249478336833653003e-02
8.249506175855648993e-02
8.251018959620350091e-02
8.252532997032571704e-02
8.256627206482460013e-02
8.258001054789462780e-02
8.258639747827180300e-02
8.260731091654616165e-02
8.261588162300542715e-02
8.263819747508734104e-02
8.264734656314132177e-02
8.269777408974456068e-02
8.270463566202826411e-02
8.271872311324945937e-02
8.272425020774135107e-02
8.282181149495118633e-02
8.282532040064377599e-02
8.289882617371853446e-02
8.290165200576635196e-02
8.291139088376719979e-02
8.294079569969504961e-02
8.295718569215541904e-02
8.295911638895271667e-02
8.296861329408349028e-02
8.301754525149723785e-02
8.303453446094134771e-02
8.304079942410920456e-02
8.304644264997830538e-02
8.305433803771661294e-02
8.305708081860166403e-02
8.307448890064041136e-02
8.308807490877591351e-02
8.310039078045990124e-02
8.312216742185914164e-02
8.313651885223033444e-02
8.317233305095422802e-02
8.317995345910200733e-02
8.318743260281330487e-02
8.321607466872414649e-02
8.322776555659749942e-02
8.332167362449802162e-02
8.337295406277638044e-02
8.337569409930467579e-02
8.339824510201507279e-02
8.340005740190903349e-02
8.343813251712109413e-02
8.344937182636041895e-02
8.345036601720065561e-02
8.347777788173303681e-02
8.348090986313974615e-02
8.351529045446562383e-02
8.353968464132134619e-02
8.356134284038729820e-02
8.368491535127155212e-02
8.368556976633416411e-02
8.369311115643339460e-02
8.370089861944274290e-02
8.375189929216306228e-02
8.375728414933099331e-02
8.376763711896505205e-02
8.376879692140777600e-02
8.378394145055369224e-02
8.381367032093586800e-02
8.386184651512713917e-02
8.389227423297311581e-02
8.390269196595333268e-02
8.390880388643674748e-02
8.391685015234406908e-02
8.395561133524820363e-02
8.396923515891102641e-02
8.398545703141896412e-02
8.399416255936091591e-02
8.406904390148765838e-02
8.407475098183037066e-02
8.408007117911969752e-02
8.412445192171270902e-02
8.413917255223120339e-02
8.415803199845676985e-02
8.416571140276110641e-02
8.417413338386098287e-02
8.420348617896979138e-02
8.420478095233382976e-02
8.424234446750894501e-02
8.425237649732683631e-02
8.429315602507442273e-02
8.430597890707726416e-02
8.430890726323879425e-02
8.433980609973243392e-02
8.434755457051421046e-02
8.439688898369324122e-02
8.440963265249283587e-02
8.441274042262528199e-02
8.445253520108511602e-02
8.445414731111998419e-02
8.445837387330577817e-02
8.446377147195589796e-02
8.446562255379598538e-02
8.446685450351823499e-02
8.448460175621570756e-02
8.450939786273349574e-02
8.451609196581265360e-02
8.453129730654644625e-02
8.454430111715852125e-02
8.456226804137544073e-02
8.460045320724381146e-02
8.461404963779471655e-02
8.463771406758308080e-02
8.463906590090732041e-02
8.464759871237419186e-02
8.465330821211022871e-02
8.467653314316386792e-02
8.468964340250442757e-02
8.472306774034912835e-02
8.481847717279544785e-02
8.482470753775178673e-02
8.484797389554059321e-02
8.484904692155270656e-02
8.485938789097645374e-02
8.487108945094330725e-02
8.488090800542835712e-02
8.490130589929668903e-02
8.491275438048877244e-02
8.493267595569750639e-02
8.497353629749408721e-02
8.498357898227593132e-02
8.501497100813502905e-02
8.501930958403088046e-02
8.505381236125676703e-02
8.509227788294901340e-02
8.513570534679541779e-02
8.514355038482011862e-02
8.516289797746341705e-02
8.519646344308468011e-02
8.520340137131175717e-02
8.521013319726701563e-02
8.521222723884695760e-02
8.524310254300267176e-02
8.527556261597837861e-02
8.530179338484666918e-02
8.530526221412582100e-02
8.531600452798544787e-02
8.532530991490143435e-02
8.534646989544365792e-02
8.537457287255020844e-02
8.540549194224821006e-02
8.540872859868897660e-02
8.545553454109722225e-02
8.546331285290859059e-02
8.547584875606845101e-02
8.550182479397740176e-02
8.551053517531025105e-02
8.551772387257512709e-02
8.553291349148804679e-02
8.553800096886859938e-02
8.562434935278272208e-02
8.564781990090450381e-02
8.567295920072096060e-02
8.571540914405359479e-02
8.572413735110387401e-02
8.576522485897988823e-02
8.578472569992413865e-02
8.578588909923171024e-02
8.579174618524468277e-02
8.579403860844411756e-02
8.580350715190451782e-02
8.582508510561680237e-02
8.584330045393004371e-02
8.584751855727666692e-02
8.587009008451934600e-02
8.587324518658308314e-02
8.588999204354588746e-02
8.591138770531521474e-02
8.591622635581298850e-02
8.592306078798428448e-02
8.600468688329873657e-02
8.604837368318565827e-02
8.605313624018132157e-02
8.605439366508144117e-02
8.605638305669417731e-02
8.607321848891186233e-02
8.610744497965262811e-02
8.612908157085877314e-02
8.623566617722805416e-02
8.627713947371500047e-02
8.628131909919259379e-02
8.630056984569392520e-02
8.630378459085553955e-02
8.632277693524255391e-02
8.632894103408192410e-02
8.637993822850061065e-02
8.642521269066706646e-02
8.642778904283261732e-02
8.650721879019555860e-02
8.654886772564213127e-02
8.654998391902056498e-02
8.655090013471061772e-02
8.658630175622100689e-02
8.666636093240426275e-02
8.667569750084727631e-02
8.669923689114238108e-02
8.670183606235093432e-02
8.670834455445154687e-02
8.673407884280867619e-02
8.674960933475926728e-02
8.676135426380288118e-02
8.676510585760106864e-02
8.679177334525722820e-02
8.679858922837731250e-02
8.680991856624410696e-02
8.682253074098100765e-02
8.683982171924020665e-02
8.684564867604450955e-02
8.685544227433855680e-02
8.686129026570461875e-02
8.687075670092818391e-02
8.687509601509678381e-02
8.693654414437082534e-02
8.694367337784429661e-02
8.695749994863077870e-02
8.697103103450140593e-02
8.699618184060814441e-02
8.700641223893403053e-02
8.700737797194467438e-02
8.704440291612607072e-02
8.708551251721093067e-02
8.716900038715870436e-02
8.716950787695502967e-02
8.718329173788409714e-02
8.718971730400308651e-02
8.719493399673405865e-02
8.721079504342757471e-02
8.725438897179506326e-02
8.727397761900033968e-02
8.744782742554005339e-02
8.751537307594579873e-02
8.752706323638025088e-02
8.754471657085335923e-02
8.759874206907734828e-02
8.762164888274338870e-02
8.767066371776059686e-02
8.767151937595696332e-02
8.768128401176590592e-02
8.768761100886329762e-02
8.769330749928945512e-02
8.774724432689547104e-02
8.774804546117244419e-02
8.776421240006425373e-02
8.776812322293717217e-02
8.777187739484737516e-02
8.777598579881118468e-02
8.779726124676551224e-02
8.780238285049321578e-02
8.782320619118660909e-02
8.789763937542226235e-02
8.789846576055043714e-02
8.789848610715705890e-02
8.796130847206694303e-02
8.796874036669563579e-02
8.799029545561153076e-02
8.799356032597427379e-02
8.804142438572248874e-02
8.808539942046843263e-02
8.815502519810311521e-02
8.816058146021149566e-02
8.816971425289776843e-02
8.817711252180436554e-02
8.819390468834444052e-02
8.821144789976194389e-02
8.828231195974459156e-02
8.830137189060298375e-02
8.836595464112176335e-02
8.838842216208010749e-02
8.839886148269310295e-02
8.843816610635257813e-02
8.843872451241821531e-02
8.846981880109609786e-02
8.850879252239644834e-02
8.853758757532385892e-02
8.855199256364346128e-02
8.858728492897423312e-02
8.859286521252637825e-02
8.862265258182368266e-02
8.865488833397547341e-02
8.872111068001702072e-02
8.876630904478771678e-02
8.876676992122212173e-02
8.878788622907697603e-02
8.880999233435311890e-02
8.884377467362129799e-02
8.884659599407258856e-02
8.887761824543828626e-02
8.889756690017788787e-02
8.890071338866449568e-02
8.895944071066663739e-02
8.896939406671831863e-02
8.896992794275371264e-02
8.899032562940079050e-02
8.899100679225116495e-02
8.905783986681629905e-02
8.906873782102764370e-02
8.908425696624010237e-02
8.914218790039926676e-02
8.915977934363913948e-02
8.916064845793121585e-02
8.917166658061470574e-02
8.917750531093984745e-02
8.919719530404718322e-02
8.922125442595672806e-02
8.922800036937911239e-02
8.925262385683746524e-02
8.925472200348308349e-02
8.928599148405796937e-02
8.928879503353914782e-02
8.929608021412840935e-02
8.930296207175300593e-02
8.939294031055015910e-02
8.939895016417995222e-02
8.944235558380522755e-02
8.950651056241132331e-02
8.964550674009102993e-02
8.968039532308226536e-02
8.977205972851874660e-02
8.978914362797379978e-02
8.980500641319612287e-02
8.985466853224258199e-02
8.985750102530047634e-02
8.989999913111633434e-02
8.994849018679129671e-02
8.995838845769210668e-02
8.996687753376907126e-02
9.002258536194174265e-02
9.003497907363054720e-02
9.006287349249286756e-02
9.019600063586036276e-02
9.020761268965653279e-02
9.024773723257636937e-02
9.025884452998599039e-02
9.028353172983119568e-02
9.030916991136522798e-02
9.034126382302087865e-02
9.034562513698479735e-02
9.040039179304472372e-02
9.041043411749695446e-02
9.042337590697999139e-02
9.050927970674235712e-02
9.052760243409033181e-02
9.053573802296822903e-02
9.053605114704266210e-02
9.055201079890766447e-02
9.055761598075623420e-02
9.056787793251706853e-02
9.060896672622720249e-02
9.063460455069081989e-02
9.063907159097464583e-02
9.066360662732675380e-02
9.068689970677987211e-02
9.072153891257893343e-02
9.072284369275897264e-02
9.073256718613063876e-02
9.075170788140345113e-02
9.077603686504366609e-02
9.079021328367023469e-02
9.084383533070064520e-02
9.090344006196529603e-02
9.090869760037101344e-02
9.093727035132051495e-02
9.093906759773126569e-02
9.093974527984183265e-02
9.097569310101881468e-02
9.098321344294720003e-02
9.107998585733741159e-02
9.110845368029221736e-02
9.113210131155012605e-02
9.113697838477154145e-02
9.115983922065948319e-02
9.120751361935335033e-02
9.121564681698283994e-02
9.122029106069511062e-02
9.124271595799102186e-02
9.125102951129869522e-02
9.125784018030018430e-02
9.130640218814359277e-02
9.130807504418245180e-02
9.134224061630999425e-02
9.143861428687362347e-02
9.145072319737124200e-02
9.145941798789859745e-02
9.148465755843139535e-02
9.151917779952745136e-02
9.152158788483943930e-02
9.154993829554639029e-02
9.164891668612226705e-02
9.165252358514998365e-02
9.169156051199227331e-02
9.170944336023546806e-02
9.172638182208697755e-02
9.172686859712869678e-02
9.174224178956429110e-02
9.175471982495186918e-02
9.176453930059993991e-02
9.177883098942513085e-02
9.180397219344292592e-02
9.182035548297128036e-02
9.183138741170535080e-02
9.183637164431293631e-02
9.185524466068178961e-02
9.186819392868997292e-02
9.188863267808532187e-02
9.195332054155290480e-02
9.197418867948027599e-02
9.197523414699408650e-02
9.207893148669553385e-02
9.208597271027559039e-02
9.210987895345652821e-02
9.214436018260803440e-02
9.214952593767335165e-02
9.219644741359539486e-02
9.220059608922373529e-02
9.223520424294684439e-02
9.224931242405561005e-02
9.225427700428136257e-02
9.228196819365652726e-02
9.228483443899845873e-02
9.230394634074275129e-02
9.232416505764216852e-02
9.233535919782356882e-02
9.236291482922102947e-02
9.247020546533919749e-02
9.262652431054260727e-02
9.263520408005448958e-02
9.265107564171508325e-02
9.272515449095823648e-02
9.274707488582496773e-02
9.275523735521025437e-02
9.276658506497387213e-02
9.278343676967014397e-02
9.278408729373018027e-02
9.278461067803592255e-02
9.278619594305241580e-02
9.282705770691074276e-02
9.284044689536875838e-02
9.286410297522013080e-02
9.292649841792648135e-02
9.304661840133063300e-02
9.306475431979005508e-02
9.306631514584766396e-02
9.316214180025590708e-02
9.321501790779170016e-02
9.326459271512536897e-02
9.327602443277997757e-02
9.334034467618096409e-02
9.337544642750458812e-02
9.340508650177667405e-02
9.341682066566506237e-02
9.342794946255944533e-02
9.343582187568330588e-02
9.343699923355484882e-02
9.345409569357875090e-02
9.347141333363599702e-02
9.349438409621196877e-02
9.351737514824015607e-02
9.354579031512796905e-02
9.354848859228234725e-02
9.366120352371105906e-02
9.366636083470318563e-02
9.368691987701786850e-02
9.369108530004000013e-02
9.374079601477133816e-02
9.380516622980479557e-02
9.384233376738536359e-02
9.386400913857216588e-02
9.388546939250434764e-02
9.390856494141547328e-02
9.393070585685146801e-02
9.396139706304434958e-02
9.398739241465611793e-02
9.403119116467358041e-02
9.406444456474308269e-02
9.407445904248058766e-02
9.410452653842435455e-02
9.416093603707406667e-02
9.418264345940995097e-02
9.418529933833492962e-02
9.420648653387059257e-02
9.421211984183054666e-02
9.423577700805252366e-02
9.423960150636230548e-02
9.430844065500859630e-02
9.431034200520638233e-02
9.435806626860691881e-02
9.436379031329565625e-02
9.439947356483910368e-02
9.440011204881945672e-02
9.443376707915282497e-02
9.444424108241830651e-02
9.444645332547320360e-02
9.446469720680185367e-02
9.448825418009319799e-02
9.451145342367306412e-02
9.454055616490496250e-02
9.454882511456592920e-02
9.459866993709939442e-02
9.462172983509035962e-02
9.473960822927081360e-02
9.479775314590629942e-02
9.480608673184144630e-02
9.480920585332716644e-02
9.480940084183239747e-02
9.481341967362025280e-02
9.484016968865131847e-02
9.486285774908113921e-02
9.489930600853595244e-02
9.490937562732232324e-02
9.495061192932463534e-02
9.498595017730679380e-02
9.500906502404218856e-02
9.501879952255661010e-02
9.503674284758442670e-02
9.508244994515555049e-02
9.512869933643187947e-02
9.514207596385707011e-02
9.516208109403817561e-02
9.518016015300387322e-02
9.520201264744496128e-02
9.520353551152216376e-02
9.522150386999177207e-02
9.522737600578091988e-02
9.529872730383742718e-02
9.533231293550864516e-02
9.534949627589936472e-02
9.540950952322412026e-02
9.546606078169822540e-02
9.548862058333794367e-02
9.551930877110707818e-02
9.553523396955918012e-02
9.555163190564185116e-02
9.555465948806639298e-02
9.560160679569792985e-02
9.562120670913752674e-02
9.562997635808702379e-02
9.564023331670887251e-02
9.569606453358037168e-02
9.569668455658290884e-02
9.570015185008862169e-02
9.570631202629115153e-02
9.571542340245332847e-02
9.573956926659663025e-02
9.574422243361078999e-02
9.580194015093498883e-02
9.580218852106769933e-02
9.581306601145272994e-02
9.582164227632539166e-02
9.582583116448595284e-02
9.584488779430905270e-02
9.585121769478044396e-02
9.588524361950757913e-02
9.593348048857394672e-02
9.593829669480086197e-02
9.595508986950752883e-02
9.599174644779746857e-02
9.600057882534912546e-02
9.603131746030971194e-02
9.604451065348136585e-02
9.604699636298125176e-02
9.607099248253964108e-02
9.616529668256121322e-02
9.617910464667558945e-02
9.618354995806091545e-02
9.630112343986105272e-02
9.633285927674849203e-02
9.634085084918271591e-02
9.634816352001342177e-02
9.640251271848247760e-02
9.641700106746566024e-02
9.642266977228110270e-02
9.644373647370947655e-02
9.644944716876804880e-02
9.649378576482808834e-02
9.653417367740023403e-02
9.656854267229746103e-02
9.657921027400144520e-02
9.663417724022212163e-02
9.664184877385081918e-02
9.669568687136542717e-02
9.674538377559274704e-02
9.678853959419754516e-02
9.679107915818445373e-02
9.682376461324351813e-02
9.685017369878534677e-02
9.686212343487467236e-02
9.686870798461361121e-02
9.688834200997024915e-02
9.690324460605326262e-02
9.690887207121483271e-02
9.692169038250750268e-02
9.694417352457457282e-02
9.697325545100521360e-02
9.699116082550961193e-02
9.702786654974404623e-02
9.705885602631587894e-02
9.708670601300094238e-02
9.710265072851535784e-02
9.711947289439318287e-02
9.712191440241084439e-02
9.712542209944549643e-02
9.713103138153313110e-02
9.713461148216820384e-02
9.714219798678952467e-02
9.725199193922283436e-02
9.732251668479306728e-02
9.733956324001293015e-02
9.738206828292654549e-02
9.740860484111023287e-02
9.751703018646880328e-02
9.752494534369669787e-02
9.753380301826344856e-02
9.753938022402394714e-02
9.754162569530137883e-02
9.756586537959410776e-02
9.761766257453151352e-02
9.762932696733049587e-02
9.765773940299792011e-02
9.768196346802301977e-02
9.774189967999534490e-02
9.774612068665376741e-02
9.777209350100216079e-02
9.780846661522409058e-02
9.781925011777194146e-02
9.786778688930310166e-02
9.789671300294539025e-02
9.793062375196619207e-02
9.794645590456829698e-02
9.797246579465243577e-02
9.798269782056952260e-02
9.800182431974047148e-02
9.800513697724516637e-02
9.800535239559134137e-02
9.800889647674930483e-02
9.804437823857217738e-02
9.814235934235414349e-02
9.818023005874314257e-02
9.818426612176550661e-02
9.826361611163977883e-02
9.829441424863152865e-02
9.829873652497993219e-02
9.834171116896711640e-02
9.835421965714599701e-02
9.835563199982209903e-02
9.837204842484713330e-02
9.852801932862607914e-02
9.853275601060638988e-02
9.858333831355896304e-02
9.864354370898494040e-02
9.864910314138690406e-02
9.864914864069514178e-02
9.865726738423181985e-02
9.866878458970887444e-02
9.867383586233478832e-02
9.868430730704352838e-02
9.870180803198408404e-02
9.870334355295320994e-02
9.877607275800580344e-02
9.881857821426721922e-02
9.886683528318855607e-02
9.887520141620807779e-02
9.891272928161524980e-02
9.894659811949725603e-02
9.894680915756086381e-02
9.899120287999708945e-02
9.903133106485094428e-02
9.907612199457527247e-02
9.908780843383453718e-02
9.909952153624156101e-02
9.915385407341539836e-02
9.916558292055731305e-02
9.920492196463946699e-02
9.926158909119116303e-02
9.927549091374449075e-02
9.933714372009380678e-02
9.940354024120769127e-02
9.942904859908781312e-02
9.946476849661119168e-02
9.947305088528188288e-02
9.948356238735880930e-02
9.954321071957704381e-02
9.960524405241372170e-02
9.965715099475135064e-02
9.965736084576484743e-02
9.966411264517172075e-02
9.969210276109823077e-02
9.969278652952136277e-02
9.974809691035620152e-02
9.982632241393417372e-02
9.994275398609342442e-02
9.995321448278271514e-02
9.996789697571205335e-02
9.999592003097913795e-02
1.000582655214838634e-01
1.000583429674349184e-01
1.001454029365382165e-01
1.002729973367003230e-01
1.002750876261549740e-01
1.003493662529185981e-01
1.003684000198112741e-01
1.003765388793637081e-01
1.004125961475164364e-01
1.004249127348340181e-01
1.005277606607670321e-01
1.005733283883564755e-01
1.005900347970881265e-01
1.006132240249326959e-01
1.006332799971054043e-01
1.006678151164584339e-01
1.006682469847040989e-01
1.006941623347757386e-01
1.007285644653686668e-01
1.007285946836956742e-01
1.007683430680953729e-01
1.007707521073244183e-01
1.007723608036432544e-01
1.008212892057782362e-01
1.008246988975480263e-01
1.008523248944058759e-01
1.008644420778058021e-01
1.009192274239914117e-01
1.009512833614383820e-01
1.009770963131620958e-01
1.011307720567491825e-01
1.011861086524656062e-01
1.012173122172266848e-01
1.012922232072917539e-01
1.013159132637499737e-01
1.013419364269411982e-01
1.013843747971075043e-01
1.014247027474774743e-01
1.014337404957445093e-01
1.014426368159177944e-01
1.014900998678869154e-01
1.015376321264298831e-01
1.016208165393400475e-01
1.016367546482558337e-01
1.016575654937739437e-01
1.016596766113403855e-01
1.016944028833912245e-01
1.017528671311849625e-01
1.017600975525197599e-01
1.017620379757039201e-01
1.017729738205288836e-01
1.017935615134145377e-01
1.018659363382312805e-01
1.018950905088905623e-01
1.019109837231256255e-01
1.019286989950580757e-01
1.020404639449611350e-01
1.020977036310384417e-01
1.021042197262606865e-01
1.021196709681863740e-01
1.022032014857679749e-01
1.022127181561868076e-01
1.022265677422003888e-01
1.022276791315114841e-01
1.022467859648065885e-01
1.022713071279334890e-01
1.022741546284475361e-01
1.022810516885834520e-01
1.023219146746714853e-01
1.023649078734694823e-01
1.023665346521127617e-01
1.024150388219148833e-01
1.024722663385469468e-01
1.024782120315112788e-01
1.025094916903591391e-01
1.025642992613163273e-01
1.025811849951307059e-01
1.025918935545915150e-01
1.026088598756037251e-01
1.026326834545476935e-01
1.026498424024544220e-01
1.026902343221665903e-01
1.027001396823032098e-01
1.027355071478598669e-01
1.027813369180981817e-01
1.027827331910510927e-01
1.027936303491810421e-01
1.028382316056040968e-01
1.029080250642672861e-01
1.029132593211700836e-01
1.029382693024111228e-01
1.030175647709410114e-01
1.030311021758407303e-01
1.030539266912346430e-01
1.030592134858153847e-01
1.030659573972304982e-01
1.030712011931776140e-01
1.031609514680723733e-01
1.031725862563959428e-01
1.032099037857391460e-01
1.032245668218145229e-01
1.032438739170710301e-01
1.032851257006827811e-01
1.032939078563391844e-01
1.033270893083641090e-01
1.033274699766272287e-01
1.033742169569389358e-01
1.033782893237114447e-01
1.033802070833532843e-01
1.034128312659778198e-01
1.034262194621843323e-01
1.034594796868962968e-01
1.034675063426920422e-01
1.034807729601202181e-01
1.034945244324596975e-01
1.035056096347447552e-01
1.035057343964429916e-01
1.035069406693896465e-01
1.035144756162489632e-01
1.035324411456471638e-01
1.035606296182577102e-01
1.036234532100000078e-01
1.036344883607023398e-01
1.037104758264339732e-01
1.037278700373871487e-01
1.037706348086534780e-01
1.038106679635998481e-01
1.038235801567982536e-01
1.038268019026495903e-01
1.038918025130683431e-01
1.039447720548602599e-01
1.039833060416180954e-01
1.040034181403597102e-01
1.040122292645096203e-01
1.040195025433367226e-01
1.040605581056273099e-01
1.040659282134140107e-01
1.040664531787116737e-01
1.041039033664526992e-01
1.041277871117101683e-01
1.041530747785840844e-01
1.041738474778767520e-01
1.041811305078831074e-01
1.042480150203906469e-01
1.042835466520018184e-01
1.043979140405038863e-01
1.044346549257611501e-01
1.044695309991097026e-01
1.045147697615004534e-01
1.045589924804765369e-01
1.046235930837194211e-01
1.046419736595953914e-01
1.046657974471289915e-01
1.046756729645566819e-01
1.046911066453085348e-01
1.047380585549237547e-01
1.047422216758966684e-01
1.047503486127461803e-01
1.047942767513996981e-01
1.047946597185647893e-01
1.047957770719493281e-01
1.048241792238547437e-01
1.048738177207980959e-01
1.048895445629580148e-01
1.048907011390723398e-01
1.049219510373073649e-01
1.049556060567932714e-01
1.049854510899754512e-01
1.050079004886404488e-01
1.050087295460121750e-01
1.050361252911245769e-01
1.050566625162185630e-01
1.050623124783581913e-01
1.051024391869627844e-01
1.051556746332287101e-01
1.051625915694379548e-01
1.051769341856784584e-01
1.052798803521118876e-01
1.052850719050039408e-01
1.053177873261120084e-01
1.053179636801796215e-01
1.053183951562996906e-01
1.053332289325107363e-01
1.053569179459446503e-01
1.053677061500438994e-01
1.053684874286985040e-01
1.053740288961698551e-01
1.054517469447205785e-01
1.054531094821955367e-01
1.054546544449301848e-01
1.054669641114709538e-01
1.055039421974513641e-01
1.055109717007029074e-01
1.055269913228559092e-01
1.055314420149777582e-01
1.055541809465392888e-01
1.055620255912192856e-01
1.055722250584457261e-01
1.055781379011611759e-01
1.055973076702254598e-01
1.056321465572738066e-01
1.057838444013190354e-01
1.058184411798170077e-01
1.058946416057019307e-01
1.059389310135223500e-01
1.059444016371505481e-01
1.060869181041323717e-01
1.061352232253954392e-01
1.061489319207526427e-01
1.061527183330453067e-01
1.061656895520760729e-01
1.061751514292270659e-01
1.061781087025432807e-01
1.062034012805907202e-01
1.062210718230982287e-01
1.062536277826016395e-01
1.063686814776015482e-01
1.063888787616185938e-01
1.063959492974893561e-01
1.064119028169338566e-01
1.064417461125419656e-01
1.064821038006574239e-01
1.065045612760064375e-01
1.065102123357730690e-01
1.065120972034596381e-01
1.065350592261017776e-01
1.065542293007652741e-01
1.065657903956560848e-01
1.065721920103285814e-01
1.065754309591451093e-01
1.066192083890091652e-01
1.066470419144300991e-01
1.066754386897041107e-01
1.067345382131190124e-01
1.067366868089962006e-01
1.067618338902953379e-01
1.067792978637255447e-01
1.067858546082776916e-01
1.068109263752878291e-01
1.068148888480204145e-01
1.068296728739393242e-01
1.068530580798458668e-01
1.068572251050074751e-01
1.068574636486382817e-01
1.068665493815250944e-01
1.069004065804842751e-01
1.070711959981277550e-01
1.070849295478939478e-01
1.071523578122499376e-01
1.071715176086995291e-01
1.072679985180459983e-01
1.073276635380561034e-01
1.073327960839317030e-01
1.073345299855002627e-01
1.073701025141623189e-01
1.073731320851794430e-01
1.073949653473661586e-01
1.074199022869101183e-01
1.074390924628560312e-01
1.074503201988543793e-01
1.074605581918180036e-01
1.074904282935220529e-01
1.075540698878338780e-01
1.076130754795397437e-01
1.076484753136082440e-01
1.077336675243997510e-01
1.078129998065973094e-01
1.078187822432504772e-01
1.078609399236355321e-01
1.079023807522419831e-01
1.079182506403092157e-01
1.079496017033111793e-01
1.079574995902958662e-01
1.079729656421322542e-01
1.079850297581823743e-01
1.080000697286447181e-01
1.080041742548418365e-01
1.080557934578452034e-01
1.081324304040916506e-01
1.081514457532470469e-01
1.081853685986995661e-01
1.081952715195579340e-01
1.082322181862971355e-01
1.082447795657785622e-01
1.082635374149249763e-01
1.082640255571132026e-01
1.082998151761225131e-01
1.083528980583853552e-01
1.084814727546417334e-01
1.085194669770861153e-01
1.085336748710011429e-01
1.085457694479035201e-01
1.086075472489972382e-01
1.086126789895238143e-01
1.086160908953689719e-01
1.086255438341908741e-01
1.086878295017812412e-01
1.086998751219725029e-01
1.087188742595294327e-01
1.087298992519370178e-01
1.087442957447077724e-01
1.087767294647331850e-01
1.088570282995961203e-01
1.088748282167947279e-01
1.089290544080421114e-01
1.089543330650032116e-01
1.089659476258423715e-01
1.089798563676486337e-01
1.090126688678701855e-01
1.090290697355775079e-01
1.090344806548296519e-01
1.090926181729524047e-01
1.091602683127274737e-01
1.091804831772870410e-01
1.092379584574525997e-01
1.093145140765230672e-01
1.093269554835329532e-01
1.093335407067596160e-01
1.093849668955445970e-01
1.093982204922867713e-01
1.094099518012726369e-01
1.094335821351912208e-01
1.094350197605518382e-01
1.094805125712710048e-01
1.095113373199597395e-01
1.095199453431001529e-01
1.095719488699968269e-01
1.095893316252708194e-01
1.096033237530182197e-01
1.096705479593005905e-01
1.097562972053974933e-01
1.097587099994885712e-01
1.097787863607371794e-01
1.098286907075440716e-01
1.098513104630762238e-01
1.098543878301763560e-01
1.098598764581940196e-01
1.098737412761420507e-01
1.098985827848136809e-01
1.099007900958336170e-01
1.099486767287906203e-01
1.099859842143095928e-01
1.099893867231971772e-01
1.100914760225679273e-01
1.101216707785552112e-01
1.101310798147348696e-01
1.101561376851082075e-01
1.101652557413256989e-01
1.102202345039812320e-01
1.102271313871493741e-01
1.102470445792894244e-01
1.102499182994743504e-01
1.102550902772478081e-01
1.102656084705011807e-01
1.102800061739015874e-01
1.103121570984641198e-01
1.103123568144202815e-01
1.103721680870299593e-01
1.103783464327097869e-01
1.103941791957052387e-01
1.104112021357633727e-01
1.104460303171309193e-01
1.105396187180000961e-01
1.105458867179581889e-01
1.105681574959347380e-01
1.105683624231981327e-01
1.105886365934399540e-01
1.106222582016649497e-01
1.106796083390842594e-01
1.108321180546406742e-01
1.108474478698390359e-01
1.108525299862373747e-01
1.108594166051987684e-01
1.108669510720829976e-01
1.109038122556957606e-01
1.109145468937358936e-01
1.109160583023438423e-01
1.109539066446174616e-01
1.109637097470250189e-01
1.110041532221107824e-01
1.110853123613894933e-01
1.111826310257775091e-01
1.112020892317267112e-01
1.112643839320389405e-01
1.112696652841695943e-01
1.112783463086028241e-01
1.112925196401576833e-01
1.113094721900998729e-01
1.113557377530742104e-01
1.113583880029156148e-01
1.113607038934428528e-01
1.114199192257470522e-01
1.114608879847869410e-01
1.114954032749520541e-01
1.115721701698469404e-01
1.116201767024283392e-01
1.116360206831368829e-01
1.116712937150159679e-01
1.117818235515382619e-01
1.117846426182065450e-01
1.118419052632319971e-01
1.118519341264384570e-01
1.118713608398701487e-01
1.118718317505190823e-01
1.118730721934701605e-01
1.118752771808205898e-01
1.118788379468595301e-01
1.119066359907973929e-01
1.119372175191087754e-01
1.119586486515510293e-01
1.119723858404896438e-01
1.120009638076476105e-01
1.120183321278367256e-01
1.120247280780233140e-01
1.120466624286529378e-01
1.120601984184695921e-01
1.120672938961509990e-01
1.121329869437838189e-01
1.121422567307406026e-01
1.121700816049666233e-01
1.122004600921052420e-01
1.122190494017797496e-01
1.123282395866715272e-01
1.123990084490021774e-01
1.124104220306672841e-01
1.124190022365502833e-01
1.124384391104536890e-01
1.124860875902634477e-01
1.124977260426637954e-01
1.125206118687902962e-01
1.125474422143624004e-01
1.125712357839748351e-01
1.125969104076558064e-01
1.126074666516845013e-01
1.126199968385084293e-01
1.127015989829373427e-01
1.127368772763802096e-01
1.127699925927810737e-01
1.127720755377861345e-01
1.128326208671237563e-01
1.128510943602849675e-01
1.129185290084686599e-01
1.129319064353401930e-01
1.129414209918702672e-01
1.130352412359261899e-01
1.132149751650490671e-01
1.132189740699597047e-01
1.132300409583917866e-01
1.134046062854025122e-01
1.135062192840362305e-01
1.136525739056287732e-01
1.137002572972062170e-01
1.137051270360293492e-01
1.137081565501222025e-01
1.137172971604907962e-01
1.137186917313011414e-01
1.137835197737877974e-01
1.137855550045384773e-01
1.137867237176691804e-01
1.138208055034637678e-01
1.138298979346550055e-01
1.138427592107996295e-01
1.138455305335649564e-01
1.138718422830379551e-01
1.138905519310384196e-01
1.139207483936621468e-01
1.140548442651698191e-01
1.140864428455040935e-01
1.141219834383396942e-01
1.141242224357754270e-01
1.142080083641607985e-01
1.142087127669653701e-01
1.142144199072427646e-01
1.142180349405194084e-01
1.142247529936879641e-01
1.142405164363107933e-01
1.142772097299571132e-01
1.142968237220269578e-01
1.142972715748208912e-01
1.143030798761892897e-01
1.143120552697928644e-01
1.143268618841219442e-01
1.143496580685840897e-01
1.143667106970361336e-01
1.143711227101134181e-01
1.144128820281055392e-01
1.144289538962369457e-01
1.144291561627635428e-01
1.144564625207536296e-01
1.144574301097491670e-01
1.144966938351137803e-01
1.145062010198516916e-01
1.145456157037958306e-01
1.145651494627278333e-01
1.145831433651383485e-01
1.145922189815807984e-01
1.146106292976311197e-01
1.146557651439007175e-01
1.146858269004079611e-01
1.146901878376886535e-01
1.146999356027171013e-01
1.147380396168223016e-01
1.147956039559870633e-01
1.148065279225982810e-01
1.148149812312024842e-01
1.148317846007269882e-01
1.148514837119177234e-01
1.148704464003287851e-01
1.148948109472558293e-01
1.149127702399636297e-01
1.149297207732491860e-01
1.149362857323820430e-01
1.149640320173823532e-01
1.150268876620650638e-01
1.150364837923641553e-01
1.151237646829572359e-01
1.151295388697713695e-01
1.151531119836302630e-01
1.151637306957479928e-01
1.151974257983772315e-01
1.152070758454615818e-01
1.152516834183884425e-01
1.152546118791184654e-01
1.153283234765611898e-01
1.153493384406598515e-01
1.153506228363666841e-01
1.153782041166996064e-01
1.154075310058927384e-01
1.154435930001575933e-01
1.154581472302725620e-01
1.154662857726068553e-01
1.155004012655230089e-01
1.156234185853685231e-01
1.156800148456668537e-01
1.157791277400703200e-01
1.157875086406144338e-01
1.159246558927094772e-01
1.159519662220131198e-01
1.159643575287511302e-01
1.159917202496279359e-01
1.160954596378185044e-01
1.161039785212848729e-01
1.161176779576785917e-01
1.161625187962520150e-01
1.162380416130725513e-01
1.162877925880642788e-01
1.163315289738645619e-01
1.163346996496913699e-01
1.163757696221686955e-01
1.163884333529416060e-01
1.163910552480135890e-01
1.164255068523631365e-01
1.164569502837466547e-01
1.165202291319954314e-01
1.165206381840592220e-01
1.165548790174015942e-01
1.166282083617702775e-01
1.166302429123157597e-01
1.166380868680827604e-01
1.166926034897293046e-01
1.167078873277342249e-01
1.167377008938381561e-01
1.167503268516276727e-01
1.167870766331770144e-01
1.167985017008680571e-01
1.168189288699566508e-01
1.169033176327534951e-01
1.169363866496969107e-01
1.169456984885108713e-01
1.170781659175222228e-01
1.170790366639460067e-01
1.170968776296369279e-01
1.171250277068539430e-01
1.171408737811713563e-01
1.172510638629143259e-01
1.173534318675135552e-01
1.173777693626752577e-01
1.173947035070462414e-01
1.173996002657640980e-01
1.174259983462005025e-01
1.174414159001929414e-01
1.174672261375147991e-01
1.174738385506874788e-01
1.175126451381712095e-01
1.175128864506215232e-01
1.175306293158275839e-01
1.175438082296661746e-01
1.176686300561549658e-01
1.177349002729677491e-01
1.177839388127128462e-01
1.178298418024619348e-01
1.178593908857057670e-01
1.178714738929995814e-01
1.178862638972105470e-01
1.178893421974905042e-01
1.179255814841279615e-01
1.179769940609970147e-01
1.179774628933939334e-01
1.179777124600309562e-01
1.179996373634215751e-01
1.180333106819198424e-01
1.180704325928278592e-01
1.181046709888574492e-01
1.181186478694659231e-01
1.181447329190389028e-01
1.181554250246994314e-01
1.181720217514950072e-01
1.181974604876870477e-01
1.182281876766403533e-01
1.182445228062480591e-01
1.183146328713177986e-01
1.184241982448526603e-01
1.184438401467564905e-01
1.184483509990714861e-01
1.185337413409709301e-01
1.185635992507060310e-01
1.186138300747068830e-01
1.186348263189815205e-01
1.186544524077567664e-01
1.186829961929495025e-01
1.186974846289238217e-01
1.187290153637228229e-01
1.187780942568024828e-01
1.188252549190764590e-01
1.188472885701970516e-01
1.189022904013000287e-01
1.189028456583191701e-01
1.189188450740117087e-01
1.189957937675266419e-01
1.190013614040764389e-01
1.190155321804333005e-01
1.191538690712735521e-01
1.192797459948071598e-01
1.193827484758984286e-01
1.194283392745663086e-01
1.194427226526983271e-01
1.194508045652154377e-01
1.194735995438932219e-01
1.194880463779185720e-01
1.194991849038867793e-01
1.195480919425034178e-01
1.195560535832347754e-01
1.195972363804934657e-01
1.196765166955619242e-01
1.196772522189978732e-01
1.198473579653415166e-01
1.198532844821920407e-01
1.198592283786832080e-01
1.199274630451744456e-01
1.199578405846767198e-01
1.199724267148725154e-01
1.199790352163491169e-01
1.199922592002190536e-01
1.200769452907802515e-01
1.200863853162773415e-01
1.202106077290354263e-01
1.202342761060540000e-01
1.202499394022708418e-01
1.203247430391898437e-01
1.203508958380953148e-01
1.203710971081545789e-01
1.203921343082454548e-01
1.204710421582034646e-01
1.204711234212028081e-01
1.205182716177837232e-01
1.205397779892794091e-01
1.206504465605914150e-01
1.207055173216954047e-01
1.207869725595176469e-01
1.207981929845806240e-01
1.208036348495349216e-01
1.208172830290715760e-01
1.208369199729413812e-01
1.208449817681272465e-01
1.208500174502959573e-01
1.208602920904461586e-01
1.208623085564902305e-01
1.209546613864277559e-01
1.209711638775615994e-01
1.210019426526395409e-01
1.210165115491626531e-01
1.210243888033371989e-01
1.210321863996623032e-01
1.210476863048455531e-01
1.210544568475875604e-01
1.210545217149797403e-01
1.210575364873791165e-01
1.211228819921568584e-01
1.211264042039964794e-01
1.211840162830166157e-01
1.211973741097283619e-01
1.212036376151572753e-01
1.212067540232487639e-01
1.212148907915014395e-01
1.212491084034994920e-01
1.212701752857892890e-01
1.213120593721971202e-01
1.213228610321930440e-01
1.213582331110037993e-01
1.213692184908884419e-01
1.213761215904453211e-01
1.213804985185439334e-01
1.214172957108210216e-01
1.215129694376871072e-01
1.215299632336149793e-01
1.215518261333419503e-01
1.215995945065811157e-01
1.216196254730153303e-01
1.216492823891579395e-01
1.216614700465425553e-01
1.216773271314264687e-01
1.217428490341592451e-01
1.218178135689135105e-01
1.218475197675889937e-01
1.218792499399427159e-01
1.219164087869690077e-01
1.219560079998330271e-01
1.220343947498700871e-01
1.220722839566195650e-01
1.221249427203483229e-01
1.222359574380670888e-01
1.223117097836724787e-01
1.223634135018222824e-01
1.223774146942678970e-01
1.224516559738108024e-01
1.224575607237469582e-01
1.224984890794942743e-01
1.225563708303648303e-01
1.226438650352738163e-01
1.227079266283471609e-01
1.227742252509665122e-01
1.227762885234186946e-01
1.227796087170725386e-01
1.228568296751292865e-01
1.229544439262151290e-01
1.229737576730523807e-01
1.230294736160679608e-01
1.230721736620662005e-01
1.231335668984331611e-01
1.231491087298073051e-01
1.231558925645399177e-01
1.231673818390354169e-01
1.231790430698754546e-01
1.231823034200582589e-01
1.231949619225903431e-01
1.231966254389691151e-01
1.232058985088240327e-01
1.233095733147755585e-01
1.233620996951492188e-01
1.233793167109837052e-01
1.233931458004202258e-01
1.233941183317259632e-01
1.235074083036705600e-01
1.235236305035925519e-01
1.235439508285180871e-01
1.235462352071342584e-01
1.235506770838316892e-01
1.235847888942167155e-01
1.235995371336797988e-01
1.236046860954082421e-01
1.236164202935121498e-01
1.236485068405409476e-01
1.236800768886124197e-01
1.236917872929882978e-01
1.237019274510991196e-01
1.237259526333571863e-01
1.237447381688202841e-01
1.237489851670544594e-01
1.238152914307117936e-01
1.238642844093231082e-01
1.239079043969883165e-01
1.239195508104266041e-01
1.239197467367889882e-01
1.239311817073992794e-01
1.239600827083554985e-01
1.239710638138446647e-01
1.239800593647343990e-01
1.240281031829349040e-01
1.241317364980119436e-01
1.241499468309066045e-01
1.241658853699265236e-01
1.241997886772686910e-01
1.242572393736020991e-01
1.243553409160972067e-01
1.243975707823249816e-01
1.244032553102332739e-01
1.244209648962822795e-01
1.245445443758363552e-01
1.245720922621249560e-01
1.246104887230869152e-01
1.246186428765034965e-01
1.246551314130621146e-01
1.246973648158592879e-01
1.247053682917350498e-01
1.247560974656046484e-01
1.247700741774306898e-01
1.247936692080282156e-01
1.248986089814751593e-01
1.249215437570417447e-01
1.249817946615411624e-01
1.249838216190163331e-01
1.250044749876287331e-01
1.250169457841801279e-01
1.250636934716664039e-01
1.250695907781077254e-01
1.250785212381625988e-01
1.251002291970992608e-01
1.251087361320455671e-01
1.251125840787249976e-01
1.251402920858873669e-01
1.251845085375961342e-01
1.251919134805745404e-01
1.252588584642190528e-01
1.252601400176683588e-01
1.252721841922121160e-01
1.252845620411875138e-01
1.252906118368441735e-01
1.253153770559260194e-01
1.253338836439183979e-01
1.253352695195966426e-01
1.253372652716262525e-01
1.253397644610066419e-01
1.253503839329190295e-01
1.253606841082307854e-01
1.253671244544695973e-01
1.254009474688138892e-01
1.255243687069653447e-01
1.255698757901757001e-01
1.256074537861082141e-01
1.256668944646102126e-01
1.256670904307253533e-01
1.258608975432571053e-01
1.258630458624246384e-01
1.259938200959371257e-01
1.260372716642439439e-01
1.260397969445687383e-01
1.260427516387280233e-01
1.260577762687222492e-01
1.261091345114028761e-01
1.262003058783182363e-01
1.262221876691893563e-01
1.262299991197192994e-01
1.262779554868321275e-01
1.263097712635313508e-01
1.263106909273691014e-01
1.263801944059518567e-01
1.264253867074919269e-01
1.265525037119800966e-01
1.265536036593081781e-01
1.265784097374996753e-01
1.266108244879856626e-01
1.267920428766738938e-01
1.268801351469666661e-01
1.268833645706278490e-01
1.269715012887222272e-01
1.270819858184039919e-01
1.271088051997849577e-01
1.271172003528358574e-01
1.271297277253418956e-01
1.271849928681653141e-01
1.272410662935996029e-01
1.273319197021477445e-01
1.273672381132666676e-01
1.273689168196175114e-01
1.274609207330039407e-01
1.275019956524688081e-01
1.275077283385561699e-01
1.275182862822768215e-01
1.275358577006391603e-01
1.275637763877995323e-01
1.275768854212282200e-01
1.275980032620078197e-01
1.277489234178443844e-01
1.277536278587455831e-01
1.277608651229844017e-01
1.277847930632678708e-01
1.278460783166381065e-01
1.278532231496497806e-01
1.279047097951913903e-01
1.279291551123297732e-01
1.279623366454120670e-01
1.279637164010846984e-01
1.279708642219237746e-01
1.279721085746676479e-01
1.279761442743002353e-01
1.279948169360067001e-01
1.280064736821946991e-01
1.280390399627420461e-01
1.282207759180410411e-01
1.282728387627751487e-01
1.283120430795419431e-01
1.283455777491344929e-01
1.284358870588741819e-01
1.284784473350462641e-01
1.284881624491060470e-01
1.285666450439852115e-01
1.285686430194697694e-01
1.285816994012848880e-01
1.286356563300334044e-01
1.286431219874359655e-01
1.286600890237334371e-01
1.287311458303058154e-01
1.287410544520685984e-01
1.287530027524124709e-01
1.287945438398055420e-01
1.289104343030938460e-01
1.289477095996515721e-01
1.290776657245270853e-01
1.291043008635874290e-01
1.291618277966541661e-01
1.292384225850070623e-01
1.293571011559447592e-01
1.293579855760975672e-01
1.293861261041443222e-01
1.294273330717380655e-01
1.294408721914937777e-01
1.294479291588135350e-01
1.295072309841585612e-01
1.295347758373390779e-01
1.295545210112091505e-01
1.296072051096703037e-01
1.296638230935367175e-01
1.296707950622254246e-01
1.296993555389185926e-01
1.297036764806939746e-01
1.297244889321145789e-01
1.297837246873619066e-01
1.298260971735601677e-01
1.298592120700201580e-01
1.298978305618979923e-01
1.299517154894748727e-01
1.299674866215138336e-01
1.299731239910376923e-01
1.300098330592245333e-01
1.302412246119596662e-01
1.302922253504116001e-01
1.304089619704650871e-01
1.304859920214716529e-01
1.305507288763074758e-01
1.305536246561885549e-01
1.306482721723637164e-01
1.307093117013854722e-01
1.307343568110696519e-01
1.307415589058141536e-01
1.307823178273749831e-01
1.308000210832364618e-01
1.308055526351871167e-01
1.308750009545029958e-01
1.309798077013045736e-01
1.310332290724784410e-01
1.310399907545153619e-01
1.310597993678940809e-01
1.310855585157854053e-01
1.311436213388696148e-01
1.311887835884518183e-01
1.313009304367889207e-01
1.313170598453283211e-01
1.314521117442963571e-01
1.314623760299521715e-01
1.314792998213215047e-01
1.314852317049262920e-01
1.315017107606775704e-01
1.315095312354827850e-01
1.316623635879163035e-01
1.316774399329979917e-01
1.318228067913659041e-01
1.318288405223872195e-01
1.318316303384410582e-01
1.318446018965792332e-01
1.319839699913489262e-01
1.319860462969641712e-01
1.319980667599381929e-01
1.321390921427557097e-01
1.321485338958346689e-01
1.322444095215022930e-01
1.322564900751623806e-01
1.322806044039084028e-01
1.323452914348958731e-01
1.323828245950934013e-01
1.324598607646625681e-01
1.324732608580658777e-01
1.324753042343358722e-01
1.326929293078600580e-01
1.327265388625704368e-01
1.327879329686247889e-01
1.327902927178571113e-01
1.328166145098854944e-01
1.328203728915542670e-01
1.328314594070533206e-01
1.328575577797908858e-01
1.328691357769273829e-01
1.328817603587661433e-01
1.330263241126131424e-01
1.330626332553656865e-01
1.330754407958803787e-01
1.331109218941175509e-01
1.331784578407270159e-01
1.331895201703786336e-01
1.331918462297246586e-01
1.332289501282382382e-01
1.332319124997346504e-01
1.332600515021960808e-01
1.333222714983141044e-01
1.333404339253201620e-01
1.333922426205518819e-01
1.335847369134688378e-01
1.336386464870392699e-01
1.336556145853674271e-01
1.337108713674887983e-01
1.337753031145703375e-01
1.337797924283148920e-01
1.337916646238986873e-01
1.337984029560638499e-01
1.338152527553645721e-01
1.338296304827320815e-01
1.338485692787741710e-01
1.338927660212514692e-01
1.339304408123727641e-01
1.339367821934836777e-01
1.339523448768041303e-01
1.339712562189785960e-01
1.340394963480101287e-01
1.340799832338457898e-01
1.340885939604410937e-01
1.341491059818298581e-01
1.342138546561140733e-01
1.342204382004107133e-01
1.343569852009955934e-01
1.343797548043158818e-01
1.344779054260007156e-01
1.345088211224025054e-01
1.345600185507185298e-01
1.346014644466794752e-01
1.347478350453813201e-01
1.348062535727876932e-01
1.348140610276594986e-01
1.348799742360668741e-01
1.349238820678338724e-01
1.350059851897537355e-01
1.350228850476531961e-01
1.351387800849560006e-01
1.351527552478100080e-01
1.352095213980559207e-01
1.352322706301482547e-01
1.352761895998149388e-01
1.353157200268421123e-01
1.353709732144249001e-01
1.353950622922823754e-01
1.355287168944444010e-01
1.356229840508247353e-01
1.356934606275923549e-01
1.357011867863377741e-01
1.357858330189025686e-01
1.358602029187531979e-01
1.358827104519980955e-01
1.358849016583267011e-01
1.358948331438160906e-01
1.359158043005111449e-01
1.360037767163980171e-01
1.360929328196078536e-01
1.360953215340371669e-01
1.361013995086492456e-01
1.361100940279653115e-01
1.362256536569849963e-01
1.362994288364460516e-01
1.363144328998865673e-01
1.363760333071568909e-01
1.363864211312036390e-01
1.364476641826436187e-01
1.364736078266636510e-01
1.365792085558349689e-01
1.365988303431707462e-01
1.366603554476883697e-01
1.367139953434621802e-01
1.368001300501961726e-01
1.368544351403691295e-01
1.368819721822115976e-01
1.369150530269131472e-01
1.369340372406587514e-01
1.370198085316236547e-01
1.370296321579197452e-01
1.371123954264364120e-01
1.371635808732888373e-01
1.371775990445416871e-01
1.371828546313257624e-01
1.371947916236439802e-01
1.372142182804624022e-01
1.372285795320859481e-01
1.372392152620716954e-01
1.372432172477843770e-01
1.372451469181286687e-01
1.372763755442961142e-01
1.373271477429601206e-01
1.373617622663545201e-01
1.373775942412424345e-01
1.373894765945487539e-01
1.375001648096094153e-01
1.375750175348022519e-01
1.376066969022721187e-01
1.376221327973605746e-01
1.376358940783011797e-01
1.376572640413885329e-01
1.376899550973178232e-01
1.376951802674604985e-01
1.377977424525538563e-01
1.378411909034484295e-01
1.378969745805142810e-01
1.379674800149435221e-01
1.380595640915751043e-01
1.380608288937987815e-01
1.381414885095970657e-01
1.382670364308677680e-01
1.383015637100668549e-01
1.383237959867557598e-01
1.385421397955850509e-01
1.386152530866488208e-01
1.386886538830490734e-01
1.386897912406611644e-01
1.387211466661071035e-01
1.387344765210349329e-01
1.388061730174715291e-01
1.389499655339131445e-01
1.391240744030367016e-01
1.392428775514898132e-01
1.393074764903198537e-01
1.393287368606578869e-01
1.393434901602604026e-01
1.393694443669664107e-01
1.395020089981327260e-01
1.395471620063536977e-01
1.395670301771951005e-01
1.395699407620630828e-01
1.396207831764129659e-01
1.396252309722638973e-01
1.396354853153300990e-01
1.396411365443332442e-01
1.398061164920934296e-01
1.398119727358611009e-01
1.399780138197014301e-01
1.399808174604530164e-01
1.399900316012016033e-01
1.399938731857482410e-01
1.399980916507430895e-01
1.400312186837156525e-01
1.400372664739363560e-01
1.400871109957265714e-01
1.400890544518446634e-01
1.401346816033374743e-01
1.402113724706235687e-01
1.402348133623464443e-01
1.403005100797036775e-01
1.403864224052061571e-01
1.405145261109815580e-01
1.405161503053302674e-01
1.405452439244482821e-01
1.405661369897064639e-01
1.405860137444188696e-01
1.405961739665426702e-01
1.406264980778430262e-01
1.406565307703817325e-01
1.407137458419955856e-01
1.407675003708043493e-01
1.407688916266717494e-01
1.407813701036204901e-01
1.408293667094605295e-01
1.408528804590335193e-01
1.408991306643355979e-01
1.409360367794817992e-01
1.409508329905775903e-01
1.409761723185131432e-01
1.409789576814870216e-01
1.409989971585470514e-01
1.410363329083331729e-01
1.410785275133608629e-01
1.410800689464426216e-01
1.411340221403975248e-01
1.411408638189434739e-01
1.411445535930369588e-01
1.411872500063812153e-01
1.412928047244234597e-01
1.413642016992971429e-01
1.413657493332677040e-01
1.413767300858911058e-01
1.414848538343393969e-01
1.414974920716829954e-01
1.415066601045710526e-01
1.415537249007309817e-01
1.415625334758281173e-01
1.415940241869955152e-01
1.416237079247184560e-01
1.416347108223995344e-01
1.416912779200510675e-01
1.417032663648413182e-01
1.417358994566898234e-01
1.417877966930666533e-01
1.418248742926681849e-01
1.418307646036942316e-01
1.418555898562579853e-01
1.419513201703988814e-01
1.419990951020202175e-01
1.420208730497768135e-01
1.420523685330437602e-01
1.420848621970595693e-01
1.420924289098495219e-01
1.421332541616168732e-01
1.421598546226150173e-01
1.422381799712959527e-01
1.422447119254996728e-01
1.422913532529777036e-01
1.423144163049490651e-01
1.423253883364910544e-01
1.423500147538573901e-01
1.423505906542829880e-01
1.423808459087653744e-01
1.424921271745905049e-01
1.425991824126785490e-01
1.426869506995976922e-01
1.427193159599812466e-01
1.427699256317011556e-01
1.428374355381452077e-01
1.428643491712849600e-01
1.429026742524000804e-01
1.429785428620525267e-01
1.429970269873508115e-01
1.430289387220440578e-01
1.431017338690836471e-01
1.431554757780833520e-01
1.433193398728787038e-01
1.433279172815111469e-01
1.433487375809857356e-01
1.433669695835284308e-01
1.434048727050021010e-01
1.435870174799655785e-01
1.436585853177427541e-01
1.437187040377861380e-01
1.437278218702872923e-01
1.437792433821142302e-01
1.437854821803833949e-01
1.438528171888069640e-01
1.439589566572071211e-01
1.439844045729374022e-01
1.440897551538116161e-01
1.441486212459821004e-01
1.441820982012092800e-01
1.442790094385621169e-01
1.443499826321431589e-01
1.443537675871944814e-01
1.443817541487316669e-01
1.443962056362163571e-01
1.444005763920375440e-01
1.444258213242118616e-01
1.444797848527575590e-01
1.445166444151234075e-01
1.445283285755211422e-01
1.445368622529558944e-01
1.445616967222750904e-01
1.446002900419831039e-01
1.446081279196912983e-01
1.446083343747542604e-01
1.446618819630514918e-01
1.446954176478764120e-01
1.447174404872798303e-01
1.447344103274955385e-01
1.447974213889131334e-01
1.448132169078133469e-01
1.448511862130528738e-01
1.448838044274654568e-01
1.448904727896296873e-01
1.449128492688305236e-01
1.449274751330855704e-01
1.449486481170598751e-01
1.450121080259408890e-01
1.450714630865597987e-01
1.450802760484082021e-01
1.450885570864150487e-01
1.452366624851086363e-01
1.452662206154049229e-01
1.452918923483708935e-01
1.453274133652979749e-01
1.455780931824533220e-01
1.456152456606791268e-01
1.456385699922004007e-01
1.456583812437517722e-01
1.457621255097493740e-01
1.457991088718480766e-01
1.458977199122873381e-01
1.459510486061012802e-01
1.459799236881547391e-01
1.459824283856546168e-01
1.459874885151541679e-01
1.460241078133731329e-01
1.460666828866701850e-01
1.460959798298174239e-01
1.461411697269043020e-01
1.461602035916479969e-01
1.464020451546669821e-01
1.464248790445398518e-01
1.464493904718008055e-01
1.465148811015464514e-01
1.465232299838819252e-01
1.465708849836723782e-01
1.465902486428169726e-01
1.466061113629794355e-01
1.466358525568932925e-01
1.466478050361949281e-01
1.467102968568361476e-01
1.467634910724172903e-01
1.467771821552742439e-01
1.468372458563710903e-01
1.468524663079726345e-01
1.470522815872287448e-01
1.471306149996501056e-01
1.471481809881638181e-01
1.471994300299719061e-01
1.472435138734274618e-01
1.472826404706015224e-01
1.474178758485486240e-01
1.474562402073912037e-01
1.475588552722678914e-01
1.476474757745847854e-01
1.476832452816135011e-01
1.476838168692794495e-01
1.476996154199442524e-01
1.477132279924061875e-01
1.477364994060551828e-01
1.477384974496473158e-01
1.478329183830799087e-01
1.478892647313206354e-01
1.479706644791778658e-01
1.480951940718032156e-01
1.481127086691728378e-01
1.481668868082028911e-01
1.481794848589044755e-01
1.482023609930773478e-01
1.482232726555036406e-01
1.484324745393073020e-01
1.484728031639860335e-01
1.485340571768803963e-01
1.485751607414427522e-01
1.486574767775883932e-01
1.488004821642921471e-01
1.488473687159912184e-01
1.489242465463564979e-01
1.490588297292143594e-01
1.490977429485271510e-01
1.491504238751522049e-01
1.491801520080317245e-01
1.492248635758232356e-01
1.492256630610380164e-01
1.492726253310689422e-01
1.492846629333975383e-01
1.494759664912546637e-01
1.495132202412851885e-01
1.495343695714848042e-01
1.495543616887982652e-01
1.495913993789401708e-01
1.495993468371072110e-01
1.496225827828573107e-01
1.496389529548251551e-01
1.496837010813815427e-01
1.497118380395203729e-01
1.498315637257154609e-01
1.498375260374061879e-01
1.498713888968468688e-01
1.499139184921325085e-01
1.499171344247298698e-01
1.499435104208145242e-01
1.500140142185528991e-01
1.500551519931569988e-01
1.501164078176263628e-01
1.501707985224947084e-01
1.502709872847137751e-01
1.503974848953580912e-01
1.505109999121196918e-01
1.505404608723430737e-01
1.505478240210167684e-01
1.505699297363815858e-01
1.506271360444447482e-01
1.506749249867007090e-01
1.507538211088415014e-01
1.508653313205250701e-01
1.509507108175305590e-01
1.510135227436792127e-01
1.510259151554645685e-01
1.510492874823053389e-01
1.510640439465289198e-01
1.510916266202873004e-01
1.511421863050862735e-01
1.513269704652180081e-01
1.513468747407238635e-01
1.514074737940929172e-01
1.514377501572779228e-01
1.514945558143338533e-01
1.516290744369243604e-01
1.517401979919641430e-01
1.517969737005235298e-01
1.518524041531612578e-01
1.519141540159382187e-01
1.519293225851832685e-01
1.519581398201144129e-01
1.519609326201641908e-01
1.522612921468852187e-01
1.522812402514397978e-01
1.522930416293785394e-01
1.523175682225033634e-01
1.523227223923855345e-01
1.523971829511978904e-01
1.524488881876930602e-01
1.525144982907966074e-01
1.525287899278724713e-01
1.526741451254609305e-01
1.526944230454318208e-01
1.528388817761029694e-01
1.528463420785534932e-01
1.528924705569199016e-01
1.529027627795531974e-01
1.529185730407937593e-01
1.530023099483037996e-01
1.532140292014767535e-01
1.532836060828077218e-01
1.532865734585891204e-01
1.532970832647557735e-01
1.533220258949600512e-01
1.533622004575670994e-01
1.533990818940405565e-01
1.534035479037289540e-01
1.535191890663870351e-01
1.536168994325311232e-01
1.537243075455589358e-01
1.537840666657868394e-01
1.537964790364444168e-01
1.538531689428523641e-01
1.541088592039531469e-01
1.541739298518957357e-01
1.542014288076215545e-01
1.542188544108652470e-01
1.542451724467130136e-01
1.542622036487078241e-01
1.542819798800464659e-01
1.542845100652005252e-01
1.543084289088964833e-01
1.543414663026179967e-01
1.544497889907824606e-01
1.544776363445211076e-01
1.545306016967317175e-01
1.545460939571699499e-01
1.546010295041556626e-01
1.546167715369842766e-01
1.547094306080113724e-01
1.548159027411588895e-01
1.548782142697325837e-01
1.549493657347935927e-01
1.550098420513810193e-01
1.551898981502251029e-01
1.551918557965828172e-01
1.551926408003933000e-01
1.552510145554203136e-01
1.552633511507222341e-01
1.553394942916866139e-01
1.553949203303549298e-01
1.554007017957875492e-01
1.556198241765884283e-01
1.556742579053741748e-01
1.556820355144146739e-01
1.556868682670930759e-01
1.556892288380451184e-01
1.557413711752656249e-01
1.558155186102523349e-01
1.558992536775510862e-01
1.559092413563485935e-01
1.559435928189694953e-01
1.559544682059431364e-01
1.561513912133382920e-01
1.561811730586429858e-01
1.562406232692821195e-01
1.563426141551871595e-01
1.563476676416644950e-01
1.563533872295475857e-01
1.563683524289520843e-01
1.563992471295419240e-01
1.564305992519622046e-01
1.564350789653594087e-01
1.564350885270440472e-01
1.565583746455694869e-01
1.566558013422653939e-01
1.566791089097407108e-01
1.567098758183480267e-01
1.567367504923001809e-01
1.567485842816678521e-01
1.567871361016940357e-01
1.567875718290965281e-01
1.567973087791361408e-01
1.568752376749745492e-01
1.569303363845752641e-01
1.570370220136558248e-01
1.571010530665891136e-01
1.572585066402398812e-01
1.572852558938591105e-01
1.573079725331012479e-01
1.573970741601229961e-01
1.574481683220457784e-01
1.574562364002974335e-01
1.574752624051134198e-01
1.574969721762719821e-01
1.575574287523792971e-01
1.575996158045046003e-01
1.576653896103319685e-01
1.577240156902976753e-01
1.577522568319871810e-01
1.578327960197670188e-01
1.578653563741448107e-01
1.578727074839827993e-01
1.578748183689757945e-01
1.578982651333772913e-01
1.579657776564717120e-01
1.580455843757181122e-01
1.580500158576288172e-01
1.580635460320767571e-01
1.580778034671966870e-01
1.580899382443999024e-01
1.581287897557666633e-01
1.581397511232636444e-01
1.581444140037771007e-01
1.581453826997605561e-01
1.582002060528464871e-01
1.582445870330043969e-01
1.582798871631734550e-01
1.583696342119201850e-01
1.584527767605645177e-01
1.584669452413408341e-01
1.585152233377581654e-01
1.585602769383446242e-01
1.586381349174927347e-01
1.586925053200212987e-01
1.587068320395443322e-01
1.587110270937375778e-01
1.587988242651197646e-01
1.589339037527773557e-01
1.589684570300760602e-01
1.590131277721337222e-01
1.590151884897299805e-01
1.590366760387489087e-01
1.590518740695409661e-01
1.590695368160268408e-01
1.590888602910889016e-01
1.591544070812706546e-01
1.593416764536110530e-01
1.593829971811687729e-01
1.596094475989627559e-01
1.596607979638770825e-01
1.597719373312493363e-01
1.598522119761597304e-01
1.600083560759534285e-01
1.600095621163763748e-01
1.600199129619739313e-01
1.600517846618647044e-01
1.601007375299403901e-01
1.601418395548107887e-01
1.602057844001704978e-01
1.603661146628754253e-01
1.605159142782899839e-01
1.605600331849919848e-01
1.605656206657818108e-01
1.605744683358836522e-01
1.605979462127809509e-01
1.606142785642455661e-01
1.606230890043091053e-01
1.606247777772489005e-01
1.606311922825572891e-01
1.606661357556193326e-01
1.607492267114215834e-01
1.607782135188691452e-01
1.607870549008049432e-01
1.608212323561407642e-01
1.608809696189924809e-01
1.609201168105293123e-01
1.609220779216044561e-01
1.609427704797884995e-01
1.610571653647021317e-01
1.611273170788798947e-01
1.611424242274790142e-01
1.611503953932724165e-01
1.612008400422375309e-01
1.612568744825131628e-01
1.612740748145986835e-01
1.614111049124212771e-01
1.616362879598029767e-01
1.616385746946185642e-01
1.619769992196065933e-01
1.620442151912761530e-01
1.620800184971384339e-01
1.621839608690223977e-01
1.622120233125922406e-01
1.622419356065981921e-01
1.622733859279328339e-01
1.623081682216482025e-01
1.623117288028325389e-01
1.623333366967689151e-01
1.623367586387007844e-01
1.623374194484883126e-01
1.624124413414083090e-01
1.624308871473696403e-01
1.624397643494480958e-01
1.624692969112442875e-01
1.625258890695557845e-01
1.627290268420705510e-01
1.627725834715084141e-01
1.628002333963128878e-01
1.628351311692892434e-01
1.629081957443602735e-01
1.629119927870608664e-01
1.629761559861482023e-01
1.629870208648224461e-01
1.630126744694742058e-01
1.630422910162349914e-01
1.631553094301654572e-01
1.631858068918080329e-01
1.631999884057287742e-01
1.632378243537305484e-01
1.633053995919175605e-01
1.633601690477735346e-01
1.633912007222078078e-01
1.633959252663693684e-01
1.634990973898386712e-01
1.635355101644765663e-01
1.635599577109165537e-01
1.635748945856091707e-01
1.636278984495249111e-01
1.637285996129501930e-01
1.638310744109272299e-01
1.638581181345098170e-01
1.638914679088071813e-01
1.638983691904447870e-01
1.639473805709451559e-01
1.640876993952251617e-01
1.642659950513370437e-01
1.643653085798057745e-01
1.643767449815090598e-01
1.644270455601291037e-01
1.645283461329560826e-01
1.645627290289684019e-01
1.647619485823677565e-01
1.647759313565038963e-01
1.648032843861734209e-01
1.648157522033066869e-01
1.648243902832067231e-01
1.648810592081224047e-01
1.650001870789694347e-01
1.650744892527996610e-01
1.652429253132984832e-01
1.654208214374824903e-01
1.654717372314924162e-01
1.654788548274363225e-01
1.655357432967186071e-01
1.655604599403363852e-01
1.655685574046464048e-01
1.656038543035174004e-01
1.657303823197815162e-01
1.657627676831393004e-01
1.657709813681438882e-01
1.657951614586498923e-01
1.658941323563202508e-01
1.659213603490497790e-01
1.659566904269068055e-01
1.659771776639354102e-01
1.659875119421578282e-01
1.659965507332248624e-01
1.660032779740386599e-01
1.660274694358637171e-01
1.660438920123918083e-01
1.660720029527070207e-01
1.660857233333624117e-01
1.661059327551360210e-01
1.661178963394964181e-01
1.661258354135249637e-01
1.661812837369492923e-01
1.662050116695397151e-01
1.662481076956701942e-01
1.663822270839287742e-01
1.664574871467150441e-01
1.664980570806031401e-01
1.665442928869395045e-01
1.665798164651103308e-01
1.665967859805492224e-01
1.666137912963515655e-01
1.666398569179556588e-01
1.667262771135250010e-01
1.669550183664109677e-01
1.670576748475236795e-01
1.670994744324688086e-01
1.671029802338979686e-01
1.671041750535725290e-01
1.671606406583402149e-01
1.672183761973669025e-01
1.672992175051948860e-01
1.673033613657125274e-01
1.673793310861496630e-01
1.673877788315511761e-01
1.674507438345189392e-01
1.674891029482850346e-01
1.675183357441519805e-01
1.675727554606921688e-01
1.676178251865950708e-01
1.676351727304963568e-01
1.677231834316974812e-01
1.679087819556741301e-01
1.679222787846798293e-01
1.679482765545225742e-01
1.679703533126518655e-01
1.680020622677786124e-01
1.680086929100522986e-01
1.680294462398677635e-01
1.681385556675352999e-01
1.681471824990707076e-01
1.682735376909698377e-01
1.683606279256711635e-01
1.683607008590429499e-01
1.684566204264447420e-01
1.684593260353228483e-01
1.685604119178894245e-01
1.686556086723127457e-01
1.686608289157695284e-01
1.688562520253673316e-01
1.689411101321828812e-01
1.689434672638443213e-01
1.690560931318577376e-01
1.691528841488895707e-01
1.691686120192689435e-01
1.691922094985554015e-01
1.692565933717309068e-01
1.692982112771043157e-01
1.693039120915232065e-01
1.693092259788582521e-01
1.693106149515848646e-01
1.693432189511022146e-01
1.693984428163181066e-01
1.694069211602051706e-01
1.694327803284878808e-01
1.694864057844559235e-01
1.695043612898339824e-01
1.696508521006963310e-01
1.696638612071561247e-01
1.697195827426575543e-01
1.697392078644666402e-01
1.699194193057554370e-01
1.699648022018842297e-01
1.700684542210116612e-01
1.701756248677775696e-01
1.701819537489487888e-01
1.701888439355789540e-01
1.702135751533082053e-01
1.702989294161939282e-01
1.703660982233711485e-01
1.704244147158194000e-01
1.704515711272777401e-01
1.704625129937348271e-01
1.705094981991203962e-01
1.705122334212688107e-01
1.705406181742271099e-01
1.705628136964311981e-01
1.706522640410179092e-01
1.707943272835005244e-01
1.709493463769171107e-01
1.709993235860275407e-01
1.710218620119517419e-01
1.711176235607280438e-01
1.711372837262656044e-01
1.711449669938318874e-01
1.711472346203924966e-01
1.711669362467376776e-01
1.711885636384423148e-01
1.713202228574380037e-01
1.715091711983839362e-01
1.715888020110202805e-01
1.716798151444322573e-01
1.719081787166586162e-01
1.720676920037695345e-01
1.721628800798543912e-01
1.722365567457502522e-01
1.724263438768612045e-01
1.725027324269883255e-01
1.725794505144739033e-01
1.726784541976612020e-01
1.727658486132563898e-01
1.727736452959818259e-01
1.728296209313121834e-01
1.729405264264759490e-01
1.729753343331759119e-01
1.731132352719270129e-01
1.731385741501409725e-01
1.731559478944564301e-01
1.731646647382734938e-01
1.733302526409795652e-01
1.733313880525181316e-01
1.733501309641944099e-01
1.733721220515001549e-01
1.733790953002400381e-01
1.734718102812227991e-01
1.735059264202157003e-01
1.737608276979059618e-01
1.738204345741805046e-01
1.738414998394902100e-01
1.739313483942447058e-01
1.742352151333355081e-01
1.742461241983030429e-01
1.743518438214201050e-01
1.744195557935884211e-01
1.744763794337867435e-01
1.745382707839161218e-01
1.746309731566214607e-01
1.746672671140916955e-01
1.747073441666227855e-01
1.747293568905241568e-01
1.747633182619875158e-01
1.748740357455260963e-01
1.748883575106786048e-01
1.749358403758132785e-01
1.750543084247377090e-01
1.750733274870819867e-01
1.750889587384691082e-01
1.751858255733010350e-01
1.752042593533639780e-01
1.752495258052310934e-01
1.752934437068711659e-01
1.752939242805451048e-01
1.752981028830279397e-01
1.753834136900074836e-01
1.754121856465435114e-01
1.754875170965825570e-01
1.754958468326036081e-01
1.756010221741692579e-01
1.757225157118036396e-01
1.757856489160299907e-01
1.758214187042964061e-01
1.758256081409999283e-01
1.758362132197493766e-01
1.759344709085765568e-01
1.760149253824725979e-01
1.760804802353996279e-01
1.761574876762264652e-01
1.761989434269524146e-01
1.762269998779556202e-01
1.763938129592199366e-01
1.764901306053884844e-01
1.767524577285586040e-01
1.769083218315394279e-01
1.769206779710471855e-01
1.769265530631787542e-01
1.770990083844002638e-01
1.771801524749228862e-01
1.772064930368328073e-01
1.772120343871715353e-01
1.772298516679137736e-01
1.773204330943364826e-01
1.776542761478281107e-01
1.776676698518555864e-01
1.776925134920026850e-01
1.777063061972287972e-01
1.777161307627224129e-01
1.777391563228983840e-01
1.777598576322928781e-01
1.777611162572791947e-01
1.777670303816320796e-01
1.778063466206783738e-01
1.779085468098501321e-01
1.780105858661127638e-01
1.780281209298339717e-01
1.780580027172840307e-01
1.780618821782629646e-01
1.781614063884712773e-01
1.781889882539946235e-01
1.781925614260904955e-01
1.782770653231693092e-01
1.783600529831707582e-01
1.784969535009096331e-01
1.785126880799930704e-01
1.785181292006790543e-01
1.786504774125600992e-01
1.789189347206310843e-01
1.789512887272262653e-01
1.789974789941731481e-01
1.790433678093567016e-01
1.790578076442348454e-01
1.790792243954874297e-01
1.790969327154192936e-01
1.791207080805536644e-01
1.791442454008412011e-01
1.791789368572089258e-01
1.792547206404725424e-01
1.794558352297801751e-01
1.794805160508481934e-01
1.794902496677579784e-01
1.795400819767551115e-01
1.795537918013424827e-01
1.796358372991349039e-01
1.798049327022779031e-01
1.798686408375254897e-01
1.799624602514026950e-01
1.801021396070717484e-01
1.802221671775103007e-01
1.803171548483279152e-01
1.803504399773820099e-01
1.803561451549912931e-01
1.803588148663142210e-01
1.805005388664354116e-01
1.805251316425299513e-01
1.805842412168348898e-01
1.806013028607175441e-01
1.807068204525933142e-01
1.808771458341572325e-01
1.809354440762076521e-01
1.810918373221252764e-01
1.810929088053727931e-01
1.811284618068714769e-01
1.811398311172549569e-01
1.812003232556041732e-01
1.812800269480965565e-01
1.814372008288374083e-01
1.814656091769045465e-01
1.814890468919647115e-01
1.815133426996541899e-01
1.815532852223772919e-01
1.816000588332446208e-01
1.816346392262116194e-01
1.816643829821155964e-01
1.816789548054180692e-01
1.816897093808781116e-01
1.819650001575751630e-01
1.820164563965515625e-01
1.821371641134636732e-01
1.821641375455961553e-01
1.823020854103386268e-01
1.823945182398764575e-01
1.824095448806557496e-01
1.824391319458457950e-01
1.825200130112223651e-01
1.826330526699462553e-01
1.826367717180409078e-01
1.827267739553429249e-01
1.827527115367543198e-01
1.828897762389834203e-01
1.829578565082762842e-01
1.830512715981377214e-01
1.832433689004669131e-01
1.833546354967864056e-01
1.833631074711816189e-01
1.833753678002503495e-01
1.834840828653503952e-01
1.835593370202286689e-01
1.838403625848321898e-01
1.838463438770590874e-01
1.840199961253037308e-01
1.840363139577276264e-01
1.840823118313112960e-01
1.841571691248134468e-01
1.843629656833715436e-01
1.844225622918566898e-01
1.844901576362273921e-01
1.845506050602659653e-01
1.846207271027190677e-01
1.846666530657142258e-01
1.847504437818832945e-01
1.849462686013966517e-01
1.849535996694514906e-01
1.849814448200788886e-01
1.850238032392982623e-01
1.851966149855633625e-01
1.852034652741287035e-01
1.852936850550324921e-01
1.853705690556350927e-01
1.855062535473696317e-01
1.856025842786558633e-01
1.856328340825898759e-01
1.858371071528941987e-01
1.858711915210800592e-01
1.858914263850654502e-01
1.859247777551828740e-01
1.860634985227076210e-01
1.861513846300226482e-01
1.861640318474182265e-01
1.861982174447653626e-01
1.862894852728375072e-01
1.863041288105102000e-01
1.863481696258250386e-01
1.864321857455733533e-01
1.865696308509124102e-01
1.866447222325396393e-01
1.867044607077291418e-01
1.869350248459745178e-01
1.870346684484646971e-01
1.872757994878524734e-01
1.873019985654907626e-01
1.874592354284055074e-01
1.874674383420847634e-01
1.875794423704452152e-01
1.876209307455934117e-01
1.877342078213551646e-01
1.878640608925570554e-01
1.878691840726490758e-01
1.878836691713262619e-01
1.879488491402346584e-01
1.880771768006950229e-01
1.880893310846355471e-01
1.884244275748695463e-01
1.884678028065208122e-01
1.884788139188613154e-01
1.885568041808513839e-01
1.886383051557800339e-01
1.886644528319492420e-01
1.886984354209879089e-01
1.887127448736676538e-01
1.887238189438499303e-01
1.888170087913512429e-01
1.889566969744117531e-01
1.892686424521418664e-01
1.892865099045601129e-01
1.893024972356013857e-01
1.893715351106471101e-01
1.893774552052559790e-01
1.895009193286217031e-01
1.895952165539837309e-01
1.899509046660720624e-01
1.899928606427791766e-01
1.900381517681316856e-01
1.902724440168848952e-01
1.902746454336556869e-01
1.902771290188827180e-01
1.903173050320696169e-01
1.903439241521422964e-01
1.906417739871794637e-01
1.910619506514440735e-01
1.913205177976229354e-01
1.914507661802959670e-01
1.918255632244880993e-01
1.918644306187952953e-01
1.919863627245533833e-01
1.920370743892846066e-01
1.920743752074741129e-01
1.921330868584343876e-01
1.922091319416755484e-01
1.922237352553372580e-01
1.922289477092006538e-01
1.922399718409770197e-01
1.922588546997080483e-01
1.923118179777037473e-01
1.923910634828611410e-01
1.923933263434822183e-01
1.924550572695066519e-01
1.924871869597064855e-01
1.925376381508821233e-01
1.927304077900635071e-01
1.927506474743998222e-01
1.929456226785586925e-01
1.929847769189519113e-01
1.930549726819140444e-01
1.931978557138109842e-01
1.932099838426988569e-01
1.932797354961539038e-01
1.932838652911605670e-01
1.933297751474662707e-01
1.933825342310608042e-01
1.934387371119730137e-01
1.934993715431647665e-01
1.935040751658418379e-01
1.935224502547458481e-01
1.936617750871220123e-01
1.937321193480823489e-01
1.937726095766513223e-01
1.938711304327548623e-01
1.940867185728259725e-01
1.941182644710506555e-01
1.944216285800554056e-01
1.944816513955334725e-01
1.945145434620977332e-01
1.945367221176513284e-01
1.946058751765638584e-01
1.946317163858123922e-01
1.946577868803875677e-01
1.947076315247341372e-01
1.947125230328103085e-01
1.947701591019260492e-01
1.947911336274779082e-01
1.948925381427235592e-01
1.949433683029057618e-01
1.949576453064641446e-01
1.952114736572497511e-01
1.952222695606796177e-01
1.952659507585767507e-01
1.953501978264473304e-01
1.953605695610367843e-01
1.954957657948188654e-01
1.955153939390129603e-01
1.955463543789339176e-01
1.955501720043599234e-01
1.955535825233229164e-01
1.957026204361344279e-01
1.957318563250690369e-01
1.957396177491569633e-01
1.957836458395593449e-01
1.958775592769011198e-01
1.960837100720471127e-01
1.961254132087168200e-01
1.961867349098894153e-01
1.962896604710690773e-01
1.963885818863372046e-01
1.966694064619385063e-01
1.966918586896500287e-01
1.968297808070400001e-01
1.968719069038159519e-01
1.969046245571318687e-01
1.971980987725075740e-01
1.972064857750383537e-01
1.972189662368725727e-01
1.972241069603371810e-01
1.972267712035965792e-01
1.975035464288497911e-01
1.975502540577736554e-01
1.975691108340010549e-01
1.977309603087791801e-01
1.979179677164119300e-01
1.979243889600060813e-01
1.979831697144396330e-01
1.980201435369466634e-01
1.980530754567677576e-01
1.981650098735660559e-01
1.982125508467963981e-01
1.983545225753150509e-01
1.984021244161307818e-01
1.984730720700221829e-01
1.986617054177226560e-01
1.987694445044142222e-01
1.988012774861747378e-01
1.988105959523368271e-01
1.992212664160463165e-01
1.994797232308038459e-01
1.998881065365598342e-01
1.999686733999083976e-01
2.001002944295624808e-01
2.001196618134400418e-01
2.002282947430668592e-01
2.003580399018551061e-01
2.004717049035126264e-01
2.005812348604003315e-01
2.006569969379282670e-01
2.006944601656804605e-01
2.008365470375061135e-01
2.009083761223048048e-01
2.009344280806914518e-01
2.010401250109542792e-01
2.010853341681481110e-01
2.011039457418058451e-01
2.012183175302950378e-01
2.012239544813085868e-01
2.012720385248386867e-01
2.015418541249613116e-01
2.016490362028690031e-01
2.017316658307239108e-01
2.019897411546651700e-01
2.021521909139623319e-01
2.021589485240108397e-01
2.022844680798357164e-01
2.023375144122094571e-01
2.027009369341386258e-01
2.027233544652651542e-01
2.027608129844748197e-01
2.028117287404191393e-01
2.029555190269122789e-01
2.029755545932651895e-01
2.029782677796017343e-01
2.031904870067515190e-01
2.031967660409364773e-01
2.034975357068056212e-01
2.035026429728329644e-01
2.035393722709291919e-01
2.035451276323805292e-01
2.035486412238757814e-01
2.035768402911672936e-01
2.036301295931144673e-01
2.036790032642919190e-01
2.038577873487966985e-01
2.041952232583878757e-01
2.042659828067589223e-01
2.044321888429077583e-01
2.046688780705087085e-01
2.046876307072283407e-01
2.047571600159935890e-01
2.047605801743647702e-01
2.048287612884805986e-01
2.048766950676932930e-01
2.050457086875570878e-01
2.050754437130747343e-01
2.051416024590602960e-01
2.052637222168105791e-01
2.052646913444531596e-01
2.055040562313160957e-01
2.055698852535585153e-01
2.055960441578404685e-01
2.059727543347327217e-01
2.060909095692825821e-01
2.063037738412330790e-01
2.063463793341570873e-01
2.065844508103552857e-01
2.065955715437579887e-01
2.066183650620098400e-01
2.068402969908296474e-01
2.070333861020867139e-01
2.075298738009643262e-01
2.076225118254626245e-01
2.078188525337265613e-01
2.079762548943455136e-01
2.080104121560462371e-01
2.080725110364802788e-01
2.081797273000478288e-01
2.083092280732776747e-01
2.083841267222228122e-01
2.084200602447851269e-01
2.087368905277091624e-01
2.087736254405583858e-01
2.088696516411451820e-01
2.088941805157936427e-01
2.091019204935735398e-01
2.093033937707017289e-01
2.093421858486051446e-01
2.095151687261612439e-01
2.096847691507319755e-01
2.098261650745052720e-01
2.098355336567874763e-01
2.102364388273719464e-01
2.103191136476466050e-01
2.104006807060394557e-01
2.105080387021634747e-01
2.105277259328017792e-01
2.105504424398840779e-01
2.105662869865512210e-01
2.105921927471726962e-01
2.106198723996806910e-01
2.106569401687249377e-01
2.106580652294917089e-01
2.109731320111579711e-01
2.109818565778789623e-01
2.110003611938236212e-01
2.111449794064990670e-01
2.112612172633546448e-01
2.113935247015621965e-01
2.114792623401466343e-01
2.115451496450765634e-01
2.116468624109031083e-01
2.117104694255635133e-01
2.118355023276590754e-01
2.119870945910833360e-01
2.120702131523687917e-01
2.121383895444574064e-01
2.123544124941764977e-01
2.123942659898331864e-01
2.124231562208075685e-01
2.125349784856653546e-01
2.126015618874700086e-01
2.126802556276682632e-01
2.128323742478750169e-01
2.129676625739261031e-01
2.130165614208595071e-01
2.130759099601417794e-01
2.130995495493541447e-01
2.131423728047945054e-01
2.131897669913870863e-01
2.132760827413252291e-01
2.133045759358091764e-01
2.134913850617135844e-01
2.137110225491099247e-01
2.137923809332268610e-01
2.138240408415289784e-01
2.138303806614023084e-01
2.141190275527042608e-01
2.142606005427951654e-01
2.142911452954920359e-01
2.145468974374373228e-01
2.145625814205872894e-01
2.147356974874321256e-01
2.147380678872372051e-01
2.148180422326279593e-01
2.148255567575082514e-01
2.148684931868264925e-01
2.149359506546285326e-01
2.149810030412172834e-01
2.152971458120566117e-01
2.153113611634876468e-01
2.154755226836620186e-01
2.155510582161896116e-01
2.158465803251790049e-01
2.159078743373728515e-01
2.159592813570102854e-01
2.160256987613689006e-01
2.165452370831971729e-01
2.166502813475248701e-01
2.166730952366035245e-01
2.167226237789502963e-01
2.168673148430631525e-01
2.168706693830796950e-01
2.168764712424521290e-01
2.168897404662927519e-01
2.169212891830399337e-01
2.169274267382526045e-01
2.169276405230427252e-01
2.170710642042351368e-01
2.170758820084217888e-01
2.170783852462172536e-01
2.173767925246829491e-01
2.176501885781322587e-01
2.177153265584271524e-01
2.177156205166132508e-01
2.177740011820422927e-01
2.179813727972646220e-01
2.180344313851059479e-01
2.181086921343406149e-01
2.181506566585947049e-01
2.182658271455595322e-01
2.183015262250784239e-01
2.183444897193730361e-01
2.185872685378933977e-01
2.187067802669146188e-01
2.188623357079322040e-01
2.190167392101667054e-01
2.190259637440226392e-01
2.190943231158849758e-01
2.191452299500948053e-01
2.193178096959597090e-01
2.197127119397866701e-01
2.199166648561182991e-01
2.200816745329503832e-01
2.200868433634686760e-01
2.203778441144809142e-01
2.204841190808494167e-01
2.204898851564996709e-01
2.205741833622194004e-01
2.206390573603041194e-01
2.207572239628640409e-01
2.208562668862302236e-01
2.209789806075274921e-01
2.209789810256832521e-01
2.210496944286755305e-01
2.210700302250845628e-01
2.211982906162247853e-01
2.212600782101211416e-01
2.213743786033382233e-01
2.214388102848374451e-01
2.215859832344729552e-01
2.216780499711528685e-01
2.217868708084086427e-01
2.218153372510743571e-01
2.218992567412814976e-01
2.220408152744992869e-01
2.221345010152687427e-01
2.222803789245584305e-01
2.223629747796286027e-01
2.224108218794779990e-01
2.225788800353396268e-01
2.227161825586743138e-01
2.230356967369659382e-01
2.230571560774725903e-01
2.230968524123423391e-01
2.232513325944760207e-01
2.233009121224809601e-01
2.234116352250891391e-01
2.236581958784621127e-01
2.237072078943845854e-01
2.237809645188358065e-01
2.240610318902568621e-01
2.240790433357569278e-01
2.241014787463281310e-01
2.241761300092486864e-01
2.242114129737904638e-01
2.244230512543325673e-01
2.245619693473923373e-01
2.246128962904479776e-01
2.246292200431636299e-01
2.247313559952898721e-01
2.247720851098314043e-01
2.248692110665660715e-01
2.248961095238652674e-01
2.252977560541407631e-01
2.253850584324506023e-01
2.254382672575653557e-01
2.255558108296654152e-01
2.256367913652732593e-01
2.256906526064335616e-01
2.258565083671136842e-01
2.259336677394075399e-01
2.260865338955136972e-01
2.261433665174557850e-01
2.261764193452171501e-01
2.265391790261477023e-01
2.265796241424834767e-01
2.266441451872207302e-01
2.266477093540741061e-01
2.268104669321935607e-01
2.268576399606924143e-01
2.272909463182624101e-01
2.275449982759799317e-01
2.275735430044660002e-01
2.276557704470951737e-01
2.278199377329166442e-01
2.279800211506512186e-01
2.280370288502437115e-01
2.281830922676850171e-01
2.282587064821890444e-01
2.285223615266098740e-01
2.289836567187101546e-01
2.292021498753680497e-01
2.292554597936030669e-01
2.295013337674849108e-01
2.297746107201404375e-01
2.298521903884341300e-01
2.300672309937307480e-01
2.302675448186198293e-01
2.305127018464298294e-01
2.306606236564988921e-01
2.306961090007689230e-01
2.307644547715130001e-01
2.309263332283999492e-01
2.310016386295490609e-01
2.310244017319805498e-01
2.311716163844917959e-01
2.312123573149208189e-01
2.312689075558238827e-01
2.314115298035199497e-01
2.315524829639716564e-01
2.317928694499632736e-01
2.318812311916773061e-01
2.319764577534433880e-01
2.322407248499267773e-01
2.322551912377054384e-01
2.325502026320006854e-01
2.325700836697915386e-01
2.328070110398166581e-01
2.333231034543476745e-01
2.334781565453725172e-01
2.335934227207869807e-01
2.337661556958578191e-01
2.337872766799616309e-01
2.338907110918704846e-01
2.339795943007764722e-01
2.340892505925670775e-01
2.341736600444242478e-01
2.341935712226941579e-01
2.342163577747392866e-01
2.345689530137548273e-01
2.347546366193403178e-01
2.348862061744542706e-01
2.349823742358388423e-01
2.354782074457120178e-01
2.354966653795776133e-01
2.358977695280682629e-01
2.359248513483350462e-01
2.361526598789861764e-01
2.361629908173364101e-01
2.361961069637916188e-01
2.363702219226269108e-01
2.364918871436747227e-01
2.365404097614675627e-01
2.366571420276231963e-01
2.372016957024848660e-01
2.373778040194859107e-01
2.375111250548698483e-01
2.375418160364001774e-01
2.375431610329718779e-01
2.375537189042434549e-01
2.377521441479834297e-01
2.377524142120589767e-01
2.377811232810047581e-01
2.378997384872215681e-01
2.379604089779588372e-01
2.380837333693463509e-01
2.382498941871758757e-01
2.383068119020407549e-01
2.386984868323851205e-01
2.387668591797709738e-01
2.389326322061783858e-01
2.394144017878851172e-01
2.395008989620443229e-01
2.395628595585423126e-01
2.397049358086678628e-01
2.399721773077458375e-01
2.400773673568019073e-01
2.401809379795883936e-01
2.403093226063127974e-01
2.403598164969586726e-01
2.405014337858727702e-01
2.409518591752470573e-01
2.411978561666009158e-01
2.413637825653957292e-01
2.414453912951015635e-01
2.415362505051076858e-01
2.416852106658136101e-01
2.418197282340985299e-01
2.418389260089365556e-01
2.419094523982198985e-01
2.420203873489553403e-01
2.422036581932098254e-01
2.422527562175953442e-01
2.423801227687982784e-01
2.423888647301124799e-01
2.425130066094621784e-01
2.425148126793085501e-01
2.425313527922331458e-01
2.427104157681641006e-01
2.427734565935097399e-01
2.428493375154234801e-01
2.429031550422792451e-01
2.436619445474083323e-01
2.437423472921475542e-01
2.439425112585783262e-01
2.443588126007160410e-01
2.444874211202252012e-01
2.445150437408495081e-01
2.446012304626802580e-01
2.446994248015338658e-01
2.447050200935871056e-01
2.451558943341442809e-01
2.456490610368739502e-01
2.456799800453575156e-01
2.457543776803134961e-01
2.458842015511574775e-01
2.459327052294404403e-01
2.460748658897956576e-01
2.461286184278473343e-01
2.462864838867881989e-01
2.472664861882060694e-01
2.473128993935232722e-01
2.473814372454551658e-01
2.474843879413859138e-01
2.476156328949206953e-01
2.477468719487328497e-01
2.483614456283154692e-01
2.486340042594117616e-01
2.486999046467474606e-01
2.487922827804922021e-01
2.489253854193309023e-01
2.490443740530713934e-01
2.493893324597765415e-01
2.494023583854167725e-01
2.494671681488444259e-01
2.495197640894289692e-01
2.496131447446366669e-01
2.500971979631527731e-01
2.500994007944716824e-01
2.501722720073598083e-01
2.502403142352569443e-01
2.503652509248786573e-01
2.504627131695356113e-01
2.506447164716222309e-01
2.506926217531360024e-01
2.511245006089705689e-01
2.511761792224983525e-01
2.512492481054028892e-01
2.513893528681644396e-01
2.518298731822224967e-01
2.518990915264528452e-01
2.519884013893615160e-01
2.520603570955752271e-01
2.523414040268319170e-01
2.525524211184191903e-01
2.526627651328355872e-01
2.527349716194072782e-01
2.528416630303315094e-01
2.530102636522696402e-01
2.530513216727406922e-01
2.530543467205176866e-01
2.531058765114415077e-01
2.535682289148951662e-01
2.540112491893318225e-01
2.540286415389183539e-01
2.540402929228801621e-01
2.542473403544987520e-01
2.544130929257378826e-01
2.544447028805322253e-01
2.544951618130848470e-01
2.545629737355092348e-01
2.546882189477068237e-01
2.547038408276379173e-01
2.548443391059199148e-01
2.548800066692484823e-01
2.549474598845956064e-01
2.549877244675079480e-01
2.553763505816559753e-01
2.556437291013269331e-01
2.558280204485696152e-01
2.559068001819175819e-01
2.561543720192188678e-01
2.563369787852675108e-01
2.564380670071652046e-01
2.565790323130114903e-01
2.570878016151143530e-01
2.571711263547033499e-01
2.572069002757512157e-01
2.574154956898770941e-01
2.574400237896787846e-01
2.574705008103841952e-01
2.576812834724375723e-01
2.580931909645688416e-01
2.582196187895443584e-01
2.585540668108137763e-01
2.587077819427098802e-01
2.590320883134972774e-01
2.590441589361304753e-01
2.590511361393653678e-01
2.591594332697279568e-01
2.592767453780535081e-01
2.595450176284284094e-01
2.597737791730741486e-01
2.598205503583904674e-01
2.598505981432243650e-01
2.598957027179498724e-01
2.600941145267665622e-01
2.601460801060755945e-01
2.602186131824458237e-01
2.606202760094822324e-01
2.607756723010705713e-01
2.607907767580947556e-01
2.610192777189688229e-01
2.610825746070851716e-01
2.611046021049736043e-01
2.611751269489049343e-01
2.612512420532370205e-01
2.615137454299616415e-01
2.615522008452577096e-01
2.623401863524771893e-01
2.624400642196746403e-01
2.624940110708032237e-01
2.627846556930990007e-01
2.629449914154085022e-01
2.634004711676649069e-01
2.634637609669933100e-01
2.635769475030905196e-01
2.639831763888181304e-01
2.641034495398887905e-01
2.643738302263936024e-01
2.645365418592026674e-01
2.645653531811255621e-01
2.646682785074428446e-01
2.646756692483140938e-01
2.651679313904979907e-01
2.653573227035789794e-01
2.655369537236651478e-01
2.656139258048437757e-01
2.658743557693629134e-01
2.662012026806571119e-01
2.664429079048805660e-01
2.664594679899381924e-01
2.665673775563019987e-01
2.667070850943598637e-01
2.667194105496721868e-01
2.667460290876084161e-01
2.669200105258379141e-01
2.670368107939896096e-01
2.672015497857292976e-01
2.675747202594572216e-01
2.676442733688856879e-01
2.677936414392204645e-01
2.680936792417932257e-01
2.684571906645751294e-01
2.686359854198513419e-01
2.687036778323139141e-01
2.689510654263491118e-01
2.690143441122841428e-01
2.690968541367297906e-01
2.691640894989246191e-01
2.694451890261145843e-01
2.696289464441294914e-01
2.700250102856034951e-01
2.708453124334134765e-01
2.708648989184482270e-01
2.710161257533776902e-01
2.710264762315425791e-01
2.710552341574949398e-01
2.714376773221445216e-01
2.715042336631339204e-01
2.717616277697387228e-01
2.717760585853050137e-01
2.720671076589995518e-01
2.721164755542962443e-01
2.722137406546901173e-01
2.722871893047600911e-01
2.723695544174364325e-01
2.727464672435266912e-01
2.732948113133520929e-01
2.733221778149655390e-01
2.736501735116175782e-01
2.742485979110658167e-01
2.742722400539585048e-01
2.745143143970262267e-01
2.747464594373815183e-01
2.753078576787781340e-01
2.757528672474173215e-01
2.763026654184468356e-01
2.764844816637581637e-01
2.766675004072007837e-01
2.772454256703088538e-01
2.773625067338925665e-01
2.783112434316532546e-01
2.784673959201041660e-01
2.786156845867754916e-01
2.791134271720236981e-01
2.791941955434725786e-01
2.793002970774214333e-01
2.794149667939175297e-01
2.795156094211582176e-01
2.795314751921927354e-01
2.801536602553119648e-01
2.803195947306601488e-01
2.803269230619122587e-01
2.804608974125828436e-01
2.807673523853370101e-01
2.812332654036836521e-01
2.812384856659493337e-01
2.815743862840349165e-01
2.818607440576074707e-01
2.823431033149336189e-01
2.824478370526800064e-01
2.826127161689651057e-01
2.828242312879456488e-01
2.831486254650127377e-01
2.833552024601045383e-01
2.834590085841787732e-01
2.835524139888958017e-01
2.835615688980034355e-01
2.843279814187003596e-01
2.844981783765791472e-01
2.844989235433044716e-01
2.847269342686550853e-01
2.848763477854229786e-01
2.849866082892271169e-01
2.851589038238930285e-01
2.859765166433021477e-01
2.860400379999769038e-01
2.864077382608369859e-01
2.864998868465588044e-01
2.865800310859027422e-01
2.865977477416571384e-01
2.870475639841466031e-01
2.871941375308491029e-01
2.874414844867791419e-01
2.880537682545973310e-01
2.883414984273450221e-01
2.884587092859090540e-01
2.885138898769385452e-01
2.887612290366821099e-01
2.888749771622002305e-01
2.892988218046795845e-01
2.894996266189949763e-01
2.896016666194217160e-01
2.896554803659637800e-01
2.898035563242621904e-01
2.899392599251847114e-01
2.903254043208509660e-01
2.904379517013957468e-01
2.905782878375571254e-01
2.906049671253178590e-01
2.906406969229677895e-01
2.911969366157919348e-01
2.914301323799503574e-01
2.914340836150662306e-01
2.914584913953275902e-01
2.918306902735171016e-01
2.922048853102172661e-01
2.927181084153233082e-01
2.931240163687110489e-01
2.933281109106049001e-01
2.934463509873669329e-01
2.936106176928396927e-01
2.940254894126761998e-01
2.947088597174074565e-01
2.948368004804403086e-01
2.952947466249166153e-01
2.953889086083388293e-01
2.956095504937832352e-01
2.959920322990324260e-01
2.967493834213697501e-01
2.968196837148643352e-01
2.973313563145212890e-01
2.978058255848798352e-01
2.981147872555690581e-01
2.981205469570479827e-01
2.981853944301407489e-01
2.983059389332109457e-01
2.983214761003280535e-01
2.983472952934692612e-01
2.986949937640950847e-01
2.990132895965940674e-01
2.990905090749432782e-01
2.993009400898472006e-01
2.997857316030755892e-01
3.003586636912662367e-01
3.007776033415889283e-01
3.015557194673962882e-01
3.017854914717284509e-01
3.019152230969960327e-01
3.019892903709456844e-01
3.021734427846612947e-01
3.021942950444748699e-01
3.022233906937590864e-01
3.023235222843090320e-01
3.024890588912714229e-01
3.028205130053610028e-01
3.031583236038284945e-01
3.036355519598940567e-01
3.038411559075053781e-01
3.040778685302587547e-01
3.041989177257006238e-01
3.047330675703018854e-01
3.047394542165553499e-01
3.051172640374387179e-01
3.051493247839413558e-01
3.057041864088178018e-01
3.062768389076470088e-01
3.063557229197407250e-01
3.066716495075830773e-01
3.070395600340982134e-01
3.073423664675736799e-01
3.074224643369330989e-01
3.088338670546615927e-01
3.092095738213209155e-01
3.092312477029230400e-01
3.093309868858361567e-01
3.094242138470144066e-01
3.096762930516986367e-01
3.103844014064396362e-01
3.108579544236396708e-01
3.108862602417961640e-01
3.114810879384775077e-01
3.118370544313315840e-01
3.118729135437254829e-01
3.128358882349068781e-01
3.128998909640861026e-01
3.130398806222469132e-01
3.136799303815601125e-01
3.137135085480851626e-01
3.138084669255702397e-01
3.141720073102401423e-01
3.147758355187064150e-01
3.151001275311248184e-01
3.153031338455712929e-01
3.153331881415661342e-01
3.154186666894839841e-01
3.161397102250692592e-01
3.161677885614131989e-01
3.162813568251545138e-01
3.169742475350608713e-01
3.171295583437280241e-01
3.172892645376401144e-01
3.173805166593913207e-01
3.176112465989927025e-01
3.181874472893075345e-01
3.198181451185119761e-01
3.198816231201294658e-01
3.202714607581892414e-01
3.205611115500988095e-01
3.208364188965843189e-01
3.208709188825307757e-01
3.212248985057801209e-01
3.215321320766231228e-01
3.217197755846569196e-01
3.218672221077938933e-01
3.222835026339609943e-01
3.228139182223584425e-01
3.232491437232141718e-01
3.235225661215030968e-01
3.237450126835674791e-01
3.238333633779182374e-01
3.238599166001090435e-01
3.246594471305854768e-01
3.247163133142347280e-01
3.248852146819310449e-01
3.251592808167577120e-01
3.256390354513130636e-01
3.263876308926423331e-01
3.264798334645569455e-01
3.270515553046061674e-01
3.273922041405191719e-01
3.281814930538868302e-01
3.281844252244096594e-01
3.281956064708339560e-01
3.287252184114544673e-01
3.288290239324421216e-01
3.288754434896418166e-01
3.290195326000273091e-01
3.290953606728340697e-01
3.304572123046634058e-01
3.305597888341496593e-01
3.309360837233824015e-01
3.311854184040252114e-01
3.331970231520773318e-01
3.333148783621005529e-01
3.335857390644065834e-01
3.337951434295960973e-01
3.338870903478768914e-01
3.341264959185548666e-01
3.349198148641073791e-01
3.363617423684827634e-01
3.367110035222954934e-01
3.370699927223141934e-01
3.383749816509603603e-01
3.384281116746273854e-01
3.387174921838951303e-01
3.387266023315206320e-01
3.392153546219942584e-01
3.396296658874120022e-01
3.402794745177827318e-01
3.405521458083735076e-01
3.408934793129054786e-01
3.422249970992353729e-01
3.423467750928891329e-01
3.427996242090979306e-01
3.431034087692261814e-01
3.433763523255654038e-01
3.451271062466299555e-01
3.453901464558692402e-01
3.456357869076965295e-01
3.470402943000860385e-01
3.476910036564266337e-01
3.486906258825525629e-01
3.489470732550439269e-01
3.490602851728957234e-01
3.495914882672088719e-01
3.496371892686586658e-01
3.497972940793191432e-01
3.505448256483844061e-01
3.507029865586537842e-01
3.511690787002047509e-01
3.514288973528260640e-01
3.522177003890589186e-01
3.523706809878719426e-01
3.528117235882044511e-01
3.534775321128775238e-01
3.541838114009744909e-01
3.543516841958964658e-01
3.546275392359871104e-01
3.547677436816996099e-01
3.550820381941117154e-01
3.551183202189318600e-01
3.559627160179653638e-01
3.568769415980344584e-01
3.573749512336312772e-01
3.574201492596428831e-01
3.577337561689004630e-01
3.577555698475469170e-01
3.581803807250349414e-01
3.586091005627433659e-01
3.587955094181162763e-01
3.592245193865939434e-01
3.615453532733109987e-01
3.629476684414027488e-01
3.630539756961711495e-01
3.631711904956211323e-01
3.639563263731400156e-01
3.648480466292067237e-01
3.652088033481690199e-01
3.653260308966023162e-01
3.657422287001154682e-01
3.672217030585200326e-01
3.682034231703869009e-01
3.683816150473393503e-01
3.684839613601602615e-01
3.688058440648190883e-01
3.695358135955864043e-01
3.698871505337518184e-01
3.704571508433337490e-01
3.710631039261805264e-01
3.714757137699269962e-01
3.724300974130930197e-01
3.726290134188561809e-01
3.731906150256317223e-01
3.732809164206590813e-01
3.733716229353232774e-01
3.735211096508524453e-01
3.735644122184772487e-01
3.747877599302554819e-01
3.754237035806878287e-01
3.756336682691562845e-01
3.757186710300643440e-01
3.767810051337590616e-01
3.768972162080267418e-01
3.770409730851995711e-01
3.775647302302624353e-01
3.783488661644304196e-01
3.786506405660617913e-01
3.786948721194204337e-01
3.788580644745832560e-01
3.789988717210203695e-01
3.802774492514270355e-01
3.816685240777807353e-01
3.825837419069145207e-01
3.851701420642125173e-01
3.872179914280385882e-01
3.874823765808251275e-01
3.876641935961566143e-01
3.886875292895408118e-01
3.895071147142115664e-01
3.905315552855718186e-01
3.907648003592822383e-01
3.915471554978044444e-01
3.927533075940384255e-01
3.943503434645070915e-01
3.955938688249630020e-01
3.957969441441920311e-01
3.988497800043819264e-01
3.998487468073781415e-01
3.999915352428358717e-01
4.032918812947165477e-01
4.036107432330596212e-01
4.045973391363691940e-01
4.048612535943799107e-01
4.053237338400571543e-01
4.065071965843235491e-01
4.081669466479945219e-01
4.092473207393230172e-01
4.095525136042363346e-01
4.132020707736852039e-01
4.135898459786583325e-01
4.136067067424735733e-01
4.139430458219436337e-01
4.145882736009143255e-01
4.150592936228594820e-01
4.226508962728041663e-01
4.268078640864669260e-01
4.269425643641570067e-01
4.345998925299633386e-01
4.347668122351077136e-01
4.370892126443271519e-01
4.374908989194347120e-01
4.376181622132259141e-01
4.389153996596273366e-01
4.389366115932355483e-01
4.396401253904170803e-01
4.406762751622472218e-01
4.410707985334259007e-01
4.416565821361278510e-01
4.470651155241407437e-01
4.494075049177988501e-01
4.510069426267384607e-01
4.555926718113072482e-01
4.628098388139828545e-01
4.670521204635753043e-01
4.699037919339835168e-01
4.764697532047864059e-01
4.766783554472369122e-01
4.824686016969947921e-01
4.826151044854892769e-01
4.886588519358486815e-01
4.903323123287127716e-01
4.979098247982559622e-01
4.982565957561130299e-01
4.987094058272253383e-01
5.055773596947804593e-01
5.106120850822237767e-01
5.113839880459218890e-01
5.170048929842542274e-01
5.202264697845896402e-01
5.212352164168126967e-01
5.343430765003748251e-01
5.387642547252365910e-01
5.519909976976700161e-01
5.635820238933827442e-01
5.677906736840530044e-01
5.817224007161144739e-01
5.894118158614546354e-01
5.949872251356891351e-01
5.997244986879940454e-01
6.011136158824699205e-01
6.163243856998638082e-01
6.617818236883642458e-01
7.438103677437010175e-01
7.973462975352250126e-01
1.000000000000000000e+00
