0.000000000000000000e+00
8.265523976521731088e-05
2.328104942739759307e-04
3.156308506550829524e-04
3.573648092114997178e-04
4.397296484063606447e-04
5.071492404079200583e-04
7.398681094695233693e-04
7.549985396844097890e-04
8.647313434236969087e-04
9.880088108906608969e-04
1.055757641496055978e-03
1.111913279473551903e-03
1.139808935039674995e-03
1.305932463436050269e-03
1.386689976830354862e-03
1.561659939864425833e-03
1.603235256824923904e-03
1.813289696760255225e-03
1.814836556087923332e-03
1.836139803453751317e-03
1.960757285907900258e-03
2.015929557926013187e-03
2.057399938999421741e-03
2.248639715619837887e-03
2.373019008976776003e-03
2.469795264405681267e-03
2.557345271188195528e-03
2.657054999874572301e-03
2.847735295624330247e-03
2.912125888477569511e-03
2.924364976237194425e-03
2.972283084406480546e-03
3.074690582876329382e-03
3.234205765644180847e-03
3.286407283963720463e-03
3.317368335730534745e-03
3.360708561046822727e-03
3.519978715502045195e-03
3.591091092436077704e-03
3.643386953316968963e-03
3.863365495769824614e-03
4.064549881142060991e-03
4.095235843218764799e-03
4.221167728434191933e-03
4.340498564087886570e-03
4.461804240719702622e-03
4.476892872313941243e-03
4.498662714753155593e-03
4.571433920650351708e-03
4.595539159876611997e-03
4.847420997576533386e-03
4.921518022275329744e-03
4.972493933643420960e-03
4.985846383747789129e-03
5.054600404157133346e-03
5.164918226522301897e-03
5.255187515196096427e-03
5.506660617153759547e-03
5.553833818768743984e-03
5.713617565484604283e-03
5.745352374181298370e-03
5.788757576124177288e-03
5.909583030263648729e-03
6.058178723638939570e-03
6.148555106087170291e-03
6.294243824599326034e-03
6.348016140631933778e-03
6.524528900610115055e-03
6.526235403995940022e-03
6.609565732252750160e-03
6.615359142697245856e-03
6.653500873080811333e-03
6.691878066899335092e-03
6.861831978517579991e-03
6.962604826484565523e-03
7.080079386042699083e-03
7.186363450438763845e-03
7.350296461542814470e-03
7.564078517744087307e-03
7.597392931847239683e-03
7.724436885261296883e-03
7.732902914251698484e-03
7.780303771009760942e-03
7.881800534242745099e-03
8.012465869489523648e-03
8.258145947401294290e-03
8.309269019654324379e-03
8.381671143307933489e-03
8.401706201273166641e-03
8.417508823911640931e-03
8.426640988770942725e-03
8.638500847109676153e-03
8.638872521431639750e-03
8.755329909242597075e-03
8.778582113488668168e-03
8.800283613383122830e-03
9.122005118345200697e-03
9.164269292125210367e-03
9.304526264864745183e-03
9.379544992599880837e-03
9.460855011260527886e-03
9.532273762839308176e-03
9.663352735735920157e-03
9.666184639619854885e-03
9.706779947914877249e-03
9.994639475161149617e-03
1.028350903687008482e-02
1.030249843006223603e-02
1.035657185517331082e-02
1.040759653125851274e-02
1.058472966085109365e-02
1.061116047951885140e-02
1.074990528850333638e-02
1.081760183052759595e-02
1.086268853373410607e-02
1.103065745035701137e-02
1.106885692655489029e-02
1.108575631831579256e-02
1.110551139660346555e-02
1.112083945015323455e-02
1.122439346164822577e-02
1.126423078416337667e-02
1.148935565123812043e-02
1.162185313665729802e-02
1.173290762677584552e-02
1.178569598162922116e-02
1.180712077670346451e-02
1.182524344660649748e-02
1.206574816261715699e-02
1.213436908244017697e-02
1.217563827069233044e-02
1.242091539900593185e-02
1.255423885756275053e-02
1.276241445547606455e-02
1.284038317254774207e-02
1.288920402144693236e-02
1.288999361304041594e-02
1.295114384037654096e-02
1.311325345707202092e-02
1.312518299485717840e-02
1.325441545046969656e-02
1.337291154817528416e-02
1.343709538918303782e-02
1.345450063314899102e-02
1.347686326867100423e-02
1.382915105889251026e-02
1.390258269063784739e-02
1.393491639181655348e-02
1.409255201531935640e-02
1.420161930480681733e-02
1.423169691726008587e-02
1.424187600242658031e-02
1.429184691603806352e-02
1.430450788844365648e-02
1.448746040208713504e-02
1.453400115793974760e-02
1.468330815339504228e-02
1.475932827408978250e-02
1.498045031915459444e-02
1.502574320967320354e-02
1.503548041672656162e-02
1.536371682185324813e-02
1.539090997528496860e-02
1.556675040705438225e-02
1.560583028389194576e-02
1.563632561879603824e-02
1.569040333258492695e-02
1.572456692639146239e-02
1.581869831222069284e-02
1.606384390180713023e-02
1.616455090473285783e-02
1.623615390780195830e-02
1.626615631892186498e-02
1.630575484927462848e-02
1.649779821446118247e-02
1.676730752074147637e-02
1.677346020604496626e-02
1.679291637820450739e-02
1.682856669164240968e-02
1.686073920690151287e-02
1.689164400299763419e-02
1.689998824463493157e-02
1.704230425054776427e-02
1.711087091595124565e-02
1.715558327562294316e-02
1.719033362124452319e-02
1.726128537957391518e-02
1.741046308753835259e-02
1.741242667163876365e-02
1.781798567758165544e-02
1.807893443769128389e-02
1.821427187916067544e-02
1.829480272835763699e-02
1.836320518941346458e-02
1.851220564234859131e-02
1.851391351665303969e-02
1.852535314955198673e-02
1.861149876675352588e-02
1.866835514026946724e-02
1.869736169716730567e-02
1.880872585148054416e-02
1.892165387440896893e-02
1.940329547390931553e-02
1.947028645656034146e-02
1.950603310671803620e-02
1.957680946612684603e-02
1.960315772820131475e-02
1.966964169355963840e-02
1.967371565366419703e-02
1.980401437087785446e-02
1.988723282458286501e-02
1.992129569098106262e-02
2.008739082966288364e-02
2.013705064096541972e-02
2.014206878101497747e-02
2.021964301414760218e-02
2.026701576149419343e-02
2.037536460465958973e-02
2.047755449493432467e-02
2.062666147603012257e-02
2.070148700676707754e-02
2.071514974542776333e-02
2.082997507157872616e-02
2.084905775649696300e-02
2.085723141428313596e-02
2.098342855804752674e-02
2.129940721220714706e-02
2.142379364721038598e-02
2.145951168785698027e-02
2.151255578517649938e-02
2.155470820134538015e-02
2.165671013663965361e-02
2.175689775835927542e-02
2.191630880104537132e-02
2.196922872461547563e-02
2.197808797955138130e-02
2.213349655320589332e-02
2.220319660865275116e-02
2.277271351863447216e-02
2.278126969657655321e-02
2.280293398760095680e-02
2.286546085465806372e-02
2.304830060361382632e-02
2.308939944909731146e-02
2.312380253232815958e-02
2.321201945001532402e-02
2.321213590525893905e-02
2.340834154367566616e-02
2.355578619088296091e-02
2.366655292347065107e-02
2.369415901778515118e-02
2.369989818935269027e-02
2.376189122762745881e-02
2.376382112508392680e-02
2.378380383260829053e-02
2.391954500274590112e-02
2.394167990764582352e-02
2.420506955725799936e-02
2.423859177498772360e-02
2.460170441483600784e-02
2.461604655818778326e-02
2.463029902246534342e-02
2.473759315668462577e-02
2.481076352299020280e-02
2.483706112281060599e-02
2.487597148882283657e-02
2.525671132468455468e-02
2.529378711521313577e-02
2.538723362926069774e-02
2.539447746545750451e-02
2.547457320926015470e-02
2.548758569070411553e-02
2.558019428477355597e-02
2.558662003755774253e-02
2.574675373638576209e-02
2.581956411469781346e-02
2.589814593803979950e-02
2.600659018825385652e-02
2.625408924733161828e-02
2.636876504122107751e-02
2.642495770946087785e-02
2.646384365985105652e-02
2.658635422233229795e-02
2.670587722491782681e-02
2.672636849514917895e-02
2.675461165431261903e-02
2.702510790360423618e-02
2.713613666808267419e-02
2.722899312763565546e-02
2.723885508486170726e-02
2.736782375671156092e-02
2.738898417412188521e-02
2.740995739569794878e-02
2.748260056507204757e-02
2.757301988209275717e-02
2.783932756436215822e-02
2.799455840428961145e-02
2.799677859638261684e-02
2.803361354914811823e-02
2.807340263897482174e-02
2.821909113886702722e-02
2.830598992317262530e-02
2.831370554942232165e-02
2.837273833280129845e-02
2.838748231791283355e-02
2.852249291767807934e-02
2.856249001235090096e-02
2.856540091070484608e-02
2.894338002285029923e-02
2.922804272659556071e-02
2.935228363605391078e-02
2.945229517105121472e-02
2.951276075816234787e-02
2.953591932337714179e-02
2.954917875764310684e-02
2.981836797563141433e-02
2.990374315627502416e-02
2.996944425765173114e-02
3.036927848184623260e-02
3.038800908044411719e-02
3.043744953936132133e-02
3.045219072579015071e-02
3.048846183780510449e-02
3.052761722810824405e-02
3.056070171456071877e-02
3.066004543328580342e-02
3.097827278120653116e-02
3.098839943249659390e-02
3.114676421138496201e-02
3.127507676236570416e-02
3.129520907199339480e-02
3.138386761779932838e-02
3.141573462124380017e-02
3.146898014372023766e-02
3.149984932391998449e-02
3.157527849019015759e-02
3.160157019535084905e-02
3.170269852438344776e-02
3.182423717703462135e-02
3.185071589804639586e-02
3.193269031678500763e-02
3.199428182282994942e-02
3.203255813176498351e-02
3.204320334787314623e-02
3.204708965679615301e-02
3.226399144440691980e-02
3.228980381160605206e-02
3.239554016443253748e-02
3.249673608587413942e-02
3.254958327970153970e-02
3.269625976595796901e-02
3.283812070983853360e-02
3.303154847962816443e-02
3.323320591049041400e-02
3.325405888640080992e-02
3.331849233837703289e-02
3.368077612429717232e-02
3.369183881839961370e-02
3.369910971060675886e-02
3.375351804310718767e-02
3.382671456470420085e-02
3.389680101947664670e-02
3.394100531594995696e-02
3.396804738285996023e-02
3.402070103869054424e-02
3.408552459949162894e-02
3.419277018734805801e-02
3.420482363752970489e-02
3.459338897770783405e-02
3.461130767384831136e-02
3.463662443416262726e-02
3.523823240015517416e-02
3.554247760936295186e-02
3.557196724757816231e-02
3.565637993651722681e-02
3.574212373518355357e-02
3.578079844027629020e-02
3.586424539203170170e-02
3.589787147597149619e-02
3.591437907084568670e-02
3.593311907151746504e-02
3.610292211444303401e-02
3.612151987731346270e-02
3.626490777594725684e-02
3.629300960185307540e-02
3.631230530536247447e-02
3.652117606826262713e-02
3.661404628403935879e-02
3.669954923620023096e-02
3.672442927136513463e-02
3.681449591750548395e-02
3.684475988627638338e-02
3.695860358424014197e-02
3.707041333326065169e-02
3.716458649112793639e-02
3.728228058921514987e-02
3.734337297565325925e-02
3.734706764653474009e-02
3.740287158067060608e-02
3.752514225755334415e-02
3.754947827892560902e-02
3.762429032486667296e-02
3.765365137407560014e-02
3.782396297140105945e-02
3.783529626466860390e-02
3.796304862296970284e-02
3.804242899974596276e-02
3.818207434036324094e-02
3.826411678102160235e-02
3.833093899685812572e-02
3.837991265374463695e-02
3.848331689208639439e-02
3.850964768336916783e-02
3.856952432145196313e-02
3.876486679555214004e-02
3.895503301416781972e-02
3.918619613869449986e-02
3.918935829746757887e-02
3.935101229322785638e-02
3.936693590893533545e-02
3.959371478320476007e-02
3.971774582770811607e-02
3.990854815012647577e-02
3.991017426547629338e-02
3.996631749457107280e-02
3.997682094414303083e-02
4.006515457205569314e-02
4.010686421048764022e-02
4.012148289555550473e-02
4.015038915802281172e-02
4.047550306913626911e-02
4.049908853515522822e-02
4.057633451739104530e-02
4.057872094801613649e-02
4.072512766774223636e-02
4.077610250905583378e-02
4.099714213191935769e-02
4.103224855101459539e-02
4.125006109915022035e-02
4.132448851632682107e-02
4.155039118464760178e-02
4.155246744345533760e-02
4.159062078114658667e-02
4.164188708787993493e-02
4.166407985053348362e-02
4.188915772170194451e-02
4.208373130245744720e-02
4.212206754308232826e-02
4.218392140159133580e-02
4.228321560912551291e-02
4.246157165671060607e-02
4.251311015886479611e-02
4.266624908360420326e-02
4.268043689189728040e-02
4.295519693001718931e-02
4.298521474557964045e-02
4.319703536130149041e-02
4.334186676131197846e-02
4.334403419855493295e-02
4.341595955558661540e-02
4.347941068626546418e-02
4.359073417887214530e-02
4.365482887163910780e-02
4.373974181946276713e-02
4.381711157766474130e-02
4.387847681858738497e-02
4.399015429400233296e-02
4.404451760910414737e-02
4.406696700105423858e-02
4.421999338185270828e-02
4.434041427194678614e-02
4.434471076333468265e-02
4.436219163616986899e-02
4.436291048491176892e-02
4.441531642041353367e-02
4.476258151767237986e-02
4.484957531597458247e-02
4.485344076154428039e-02
4.511803924810432048e-02
4.523030369895777308e-02
4.523431040585240703e-02
4.524208224644531151e-02
4.526566812623278313e-02
4.540382849698358647e-02
4.561461576241166577e-02
4.581090229932716085e-02
4.588550276300368269e-02
4.588973399337044345e-02
4.605868052334757129e-02
4.618614752110130478e-02
4.622427990140916265e-02
4.628464452006574720e-02
4.630961724839607191e-02
4.633944324429121325e-02
4.646749129950037555e-02
4.647383517807153475e-02
4.648104538552315368e-02
4.666357728253684584e-02
4.667027676491196375e-02
4.670545355484592709e-02
4.671107785714641997e-02
4.673671568654744202e-02
4.679243602193169926e-02
4.686017923244800709e-02
4.699353335433246320e-02
4.700696619347415756e-02
4.736625058990010656e-02
4.739981369193530664e-02
4.747704045602905987e-02
4.747813167603674722e-02
4.779807015585160052e-02
4.782420251298362401e-02
4.791733154072601308e-02
4.803203960461031874e-02
4.820468622829905680e-02
4.824706976532234376e-02
4.838366164754087650e-02
4.863301218892104871e-02
4.865815505216453118e-02
4.877861650764513113e-02
4.882769467889796350e-02
4.896217866929845897e-02
4.898619885434964127e-02
4.903354518586584138e-02
4.924291866762262743e-02
4.965584030711896885e-02
4.967660010764371470e-02
5.003362046947885250e-02
5.015656520059243867e-02
5.020672019399510799e-02
5.030318721972450169e-02
5.041363117412174522e-02
5.060140493937562156e-02
5.061352362080278472e-02
5.070293716579451354e-02
5.070364901003185376e-02
5.076644469729717224e-02
5.085556629771670334e-02
5.106960557144968327e-02
5.113853779613022205e-02
5.118702804893203451e-02
5.130619670586753639e-02
5.142778715103230730e-02
5.151310890110215313e-02
5.151867926165288464e-02
5.158518214121301376e-02
5.158632349088772967e-02
5.160362422974662522e-02
5.161830741307490977e-02
5.179589686210304272e-02
5.180195447714859569e-02
5.182225215791499973e-02
5.184551048855101651e-02
5.199572564398272784e-02
5.210355008160913459e-02
5.214506722419352813e-02
5.217584966291851506e-02
5.220643660828661048e-02
5.237233125869915351e-02
5.247216340542738833e-02
5.250605188943709145e-02
5.264539500913414244e-02
5.266462742471830771e-02
5.278893841082180766e-02
5.285239847462877560e-02
5.310441721185148872e-02
5.320697604774490136e-02
5.325037338850788227e-02
5.344402013135979290e-02
5.357867783101421394e-02
5.359180152035555866e-02
5.364320971125032672e-02
5.372851399093622748e-02
5.373219956545979142e-02
5.378100430569520557e-02
5.388386163773443982e-02
5.395011671562733452e-02
5.395524545107534264e-02
5.397617744290414410e-02
5.398567305906667307e-02
5.404900739186854070e-02
5.418177673093986513e-02
5.424692565963673552e-02
5.434413566003234997e-02
5.465244615850146231e-02
5.469585013511937127e-02
5.479006141238314254e-02
5.480036701279865363e-02
5.489581541340660814e-02
5.495836494821763896e-02
5.518261050229466419e-02
5.531695725447759171e-02
5.571956395176686644e-02
5.589866796331037502e-02
5.591875829103370305e-02
5.595285147823712141e-02
5.609006535936494897e-02
5.614611591661763240e-02
5.617342483024349853e-02
5.636168931892616279e-02
5.639371556597551349e-02
5.646563300149056580e-02
5.647932755681164818e-02
5.666575452434764043e-02
5.695086837954189268e-02
5.698239310800170404e-02
5.725843723621070608e-02
5.769846609073964877e-02
5.773847460411331983e-02
5.780350951873425985e-02
5.782877263883617891e-02
5.790475413859438869e-02
5.791408193115121089e-02
5.794866247371481538e-02
5.806899490172261202e-02
5.841946793666301374e-02
5.844544104553487524e-02
5.848687721958541197e-02
5.849255364051621914e-02
5.852986026126685143e-02
5.858020053621642437e-02
5.865467720772094690e-02
5.876207309711982407e-02
5.879998717465672459e-02
5.882025858761112669e-02
5.894779774218383145e-02
5.897606252334976207e-02
5.899704426094874721e-02
5.904882218743989775e-02
5.916553318953288870e-02
5.930799692719194993e-02
5.938061919997199983e-02
5.943180703759422256e-02
5.955149982314655865e-02
5.963620767848432092e-02
5.974782774417233128e-02
5.976422364373581986e-02
5.981088203759572786e-02
6.007806175859024128e-02
6.017630333841567786e-02
6.025062727644935751e-02
6.028673619247110899e-02
6.031734253689106234e-02
6.039152406066640444e-02
6.042339088238452005e-02
6.043587945692338592e-02
6.056440233228738840e-02
6.063894000156567349e-02
6.078499321994611237e-02
6.098638827149523850e-02
6.122743618933995657e-02
6.132977581673949852e-02
6.145683272736664898e-02
6.154629167806262291e-02
6.163609158771562319e-02
6.167362362957978794e-02
6.175185423869829215e-02
6.176082837821664229e-02
6.178994498932867396e-02
6.180977956165917275e-02
6.191818738107129905e-02
6.192435394678898891e-02
6.194492520169367356e-02
6.218929096996025918e-02
6.225801271839490059e-02
6.227613297922285351e-02
6.230005869186343304e-02
6.239083929706678439e-02
6.250061049320285167e-02
6.267661208324440403e-02
6.279861388021586166e-02
6.282065308092614486e-02
6.306087065856252893e-02
6.309043581397047462e-02
6.310211300150646296e-02
6.351728023348310326e-02
6.354702436591863624e-02
6.364695170760971410e-02
6.371255495520052048e-02
6.376184405582516201e-02
6.379932571950060194e-02
6.382182403818741079e-02
6.400010070914281812e-02
6.409064067187608682e-02
6.413146713905995555e-02
6.414147674882621220e-02
6.439620935742973451e-02
6.440652859641371464e-02
6.451408336626383855e-02
6.452894503570325013e-02
6.475353070501309316e-02
6.483688160233688769e-02
6.494902924395376531e-02
6.511049147092184963e-02
6.511399357746687488e-02
6.512096305281143971e-02
6.527115016941018033e-02
6.538891114955867889e-02
6.555186242168130339e-02
6.571820649724292862e-02
6.596702313841558418e-02
6.630364982293077136e-02
6.631959719075401771e-02
6.652629706119388142e-02
6.653337478576028252e-02
6.660501121791136125e-02
6.664507581921083612e-02
6.674783198201066081e-02
6.700297661466114718e-02
6.707069140817834008e-02
6.727641442610951539e-02
6.728172858745605500e-02
6.732509490799433449e-02
6.742342524035044304e-02
6.742501864329374095e-02
6.751800631922705298e-02
6.754448367590884517e-02
6.763623691772718827e-02
6.770280578874242339e-02
6.771061450185772435e-02
6.779075042018924135e-02
6.789422047205019572e-02
6.791051908244806479e-02
6.807627912663027914e-02
6.812656818810304549e-02
6.822790541377624085e-02
6.836449702678641660e-02
6.836724074362125758e-02
6.856368912546575989e-02
6.870158638302166498e-02
6.887313503799312453e-02
6.918805528075583355e-02
6.920161404715247100e-02
6.933017279011288725e-02
6.936519610886460185e-02
6.941398845234816872e-02
6.953719098914973307e-02
6.967591975202640231e-02
6.970263876569320061e-02
6.979082854068395514e-02
6.980583172999438313e-02
6.984244611532455793e-02
6.985237023230495002e-02
7.002899678203318434e-02
7.004763596764271294e-02
7.007717367619746562e-02
7.010256019627024437e-02
7.017025090875401994e-02
7.018621047587750295e-02
7.028263048051341944e-02
7.029756119219170152e-02
7.044589605944408250e-02
7.051521550135061989e-02
7.059256340994646273e-02
7.059398188114987538e-02
7.072243807519248970e-02
7.092187020225841632e-02
7.098084436062984670e-02
7.098597652772785371e-02
7.098615694540212628e-02
7.111795407445226092e-02
7.123868325310704630e-02
7.139363610542247274e-02
7.140517079685945734e-02
7.147720800437236399e-02
7.160191242251741361e-02
7.162807110698019009e-02
7.174933212259325399e-02
7.181171212868268927e-02
7.185200841725844501e-02
7.197520311194072207e-02
7.207286386846885329e-02
7.207298537033826613e-02
7.225825039878798484e-02
7.235840247625768828e-02
7.235902005231217848e-02
7.249710059457174782e-02
7.271486832231585651e-02
7.273949193013011516e-02
7.284356747258337317e-02
7.293531508235868988e-02
7.299688378629606844e-02
7.314786254038099789e-02
7.328396944803515500e-02
7.334049070538596615e-02
7.364575115190070964e-02
7.372129706298324869e-02
7.377979394493726362e-02
7.383950143757564422e-02
7.442536090615160804e-02
7.442741300237314117e-02
7.462526638034799875e-02
7.470693580668544276e-02
7.473320096927929534e-02
7.478857222894126633e-02
7.498559277888239283e-02
7.501612562179255095e-02
7.505272927331586852e-02
7.529778299904060779e-02
7.558924714649317700e-02
7.570378250051415514e-02
7.576932036700242956e-02
7.599094248464130508e-02
7.603314588009382757e-02
7.607344645515105863e-02
7.620099869718117980e-02
7.637141563057331384e-02
7.641741440767199633e-02
7.650340203099868785e-02
7.650389179057227873e-02
7.673794680554001102e-02
7.685061809419370393e-02
7.693354662381940434e-02
7.694824007863299009e-02
7.700369188860853309e-02
7.702228502510576058e-02
7.716561267124429080e-02
7.722400335062008792e-02
7.732338453130487010e-02
7.734024562249600110e-02
7.737922598758102677e-02
7.739336346648811871e-02
7.744418135430891637e-02
7.754095239912453530e-02
7.759405450547182670e-02
7.762625191492626697e-02
7.763585524670721383e-02
7.765058156442257442e-02
7.769174004361133201e-02
7.799173429504926980e-02
7.799286840574254365e-02
7.831124521555293816e-02
7.834014118275851868e-02
7.837072054909427488e-02
7.847742398319036694e-02
7.854844725718630738e-02
7.862439935032294880e-02
7.869621068662635555e-02
7.882927366880498887e-02
7.884445924482595680e-02
7.884786707505221648e-02
7.905872385993031881e-02
7.905891049194016529e-02
7.909503897591908805e-02
7.912264116053087382e-02
7.930726270647915632e-02
7.932002873711185842e-02
7.940418046129213425e-02
7.940849606470681832e-02
7.942953029775641494e-02
7.945043224255998737e-02
7.987225839736322719e-02
7.987862221006988839e-02
7.994545614844518477e-02
8.013618925816275163e-02
8.019065938119832038e-02
8.020185836940420254e-02
8.033444285961635623e-02
8.036899755626768227e-02
8.041909628764318252e-02
8.052841555592631095e-02
8.056715631295227609e-02
8.059127101630117473e-02
8.061961255677291271e-02
8.082534643353467274e-02
8.087279363695533407e-02
8.104006367212210349e-02
8.126010130044902802e-02
8.140787481717898233e-02
8.147414217798969183e-02
8.152821773288897178e-02
8.156082684635232449e-02
8.166863238741753350e-02
8.176324075632446231e-02
8.176383108820864387e-02
8.193964889791478801e-02
8.207280034258034040e-02
8.209439877139446118e-02
8.215273988854726595e-02
8.243098466026509141e-02
8.250317178440709498e-02
8.257534000596455925e-02
8.258622212331778734e-02
8.268801829513541812e-02
8.330931429572291380e-02
8.338266409125089096e-02
8.339129688765611892e-02
8.343879990145508518e-02
8.375080167982190682e-02
8.392354376624892864e-02
8.397798684381023449e-02
8.411870868494682185e-02
8.412427312505466048e-02
8.416366627620983087e-02
8.427672989632110923e-02
8.439901779103008150e-02
8.449760838987645239e-02
8.465449115407647218e-02
8.467939434007006050e-02
8.482852570476513698e-02
8.485491907636805164e-02
8.495756615659334765e-02
8.516164931926872850e-02
8.523443746466115301e-02
8.527776236592446435e-02
8.531902209085150124e-02
8.534191630857548838e-02
8.557157332743053901e-02
8.561501755154772575e-02
8.563123657301871527e-02
8.565754987991761049e-02
8.570710881754527166e-02
8.576273860782737679e-02
8.613435582233179566e-02
8.621773002623230042e-02
8.623017593199713837e-02
8.643304974683559128e-02
8.651317733843881530e-02
8.655146241797871676e-02
8.658994909276479524e-02
8.659801365781805149e-02
8.660189283296645946e-02
8.660646433200330785e-02
8.673826592223486676e-02
8.690346469702386889e-02
8.690806089932649747e-02
8.726788266754414991e-02
8.731847112819567103e-02
8.733880455192453984e-02
8.737652344964373652e-02
8.756298172366357158e-02
8.761707722802650200e-02
8.773385069723589613e-02
8.784470964874417642e-02
8.785220443616748032e-02
8.789729636573299920e-02
8.791323157790421894e-02
8.797460959355904442e-02
8.798154774880501128e-02
8.808261898345329244e-02
8.817272443002029114e-02
8.835453956529071284e-02
8.839271977220920784e-02
8.854994010597022625e-02
8.859464092083813025e-02
8.865593341440007602e-02
8.885653341669708105e-02
8.912174751385695814e-02
8.922530154805063951e-02
8.949862646036467473e-02
8.953324109422652888e-02
8.965417873973623164e-02
8.968084503805785757e-02
8.971029441370824420e-02
8.978409794908479014e-02
8.983408043132901089e-02
8.985798237559382284e-02
8.988017335102774230e-02
8.998349213279797920e-02
9.000231654935923753e-02
9.008274685198200404e-02
9.014768643246948154e-02
9.029024002189994791e-02
9.037414708554870890e-02
9.042727280956056046e-02
9.044519703761266793e-02
9.052531999430382670e-02
9.068238015702467791e-02
9.094172394865818188e-02
9.108704750206428336e-02
9.108933355017544142e-02
9.115121396812829457e-02
9.117580150030371589e-02
9.122653220895383941e-02
9.146913081085089603e-02
9.154158065474200801e-02
9.166473409664284422e-02
9.177599425545859835e-02
9.182540851244463953e-02
9.194020108620221121e-02
9.195343483667557660e-02
9.210733352199920732e-02
9.215969275885506351e-02
9.233730427026223819e-02
9.242953400695229360e-02
9.243711918109975834e-02
9.261189507865837112e-02
9.270082894404232943e-02
9.273049480625145113e-02
9.273645545334112394e-02
9.278545913204751250e-02
9.281974690705262210e-02
9.324177499442050376e-02
9.328968572478069099e-02
9.333309306274627237e-02
9.336991574910492864e-02
9.345689257474541767e-02
9.347763908264150601e-02
9.356419881408288564e-02
9.357649792575685466e-02
9.381963378195046221e-02
9.382772601024429171e-02
9.384578180164394878e-02
9.413519121665180067e-02
9.427440067974769689e-02
9.440469887161306861e-02
9.454871284459340219e-02
9.471414756203602736e-02
9.477821175967031386e-02
9.479148226771165475e-02
9.486723854776632492e-02
9.492487317668873992e-02
9.509463256995211167e-02
9.522130972584490205e-02
9.557952117115468826e-02
9.566898618421040834e-02
9.567148313263997006e-02
9.568456319462013970e-02
9.581593376891853198e-02
9.594428000519250599e-02
9.602804395659007841e-02
9.615737469096351242e-02
9.623274810861014161e-02
9.623318088753694821e-02
9.640213673153369411e-02
9.642507227889560162e-02
9.664643474290253444e-02
9.689855505514931300e-02
9.690399692319659475e-02
9.692754238183315385e-02
9.693377809972741899e-02
9.708270156361822889e-02
9.759133967393367193e-02
9.759809704996726121e-02
9.760786058002235421e-02
9.760846176354477655e-02
9.775245795547859995e-02
9.779271162847565091e-02
9.783666215064815153e-02
9.801071450148077235e-02
9.802467856944822866e-02
9.808166553263172882e-02
9.816576835000381807e-02
9.817262085461339605e-02
9.819630034942136709e-02
9.822692703362742583e-02
9.826163637607872314e-02
9.838899674220089042e-02
9.847145354282939300e-02
9.865899817056654475e-02
9.867435489470820220e-02
9.885036480746896281e-02
9.914722639677070459e-02
9.922089127501015904e-02
9.930367875511780795e-02
9.931064174565699954e-02
9.938984878410039858e-02
9.947881999992275182e-02
9.952834764244883337e-02
9.963797261828884200e-02
9.970880636398195274e-02
9.988278540705337882e-02
1.000332716508961217e-01
1.000992140508834005e-01
1.001363375283153972e-01
1.002042734094355930e-01
1.002120903339595581e-01
1.003316287871540008e-01
1.003378071885029643e-01
1.003716127438108036e-01
1.004186453247449262e-01
1.004249484852185598e-01
1.006976302889436570e-01
1.007010005555029758e-01
1.007572606855672293e-01
1.007890336217295568e-01
1.009923468494366983e-01
1.011012855186282505e-01
1.012370676868507013e-01
1.013632537829088909e-01
1.013919433291780858e-01
1.015013695017513012e-01
1.015289298546572239e-01
1.015421019687695603e-01
1.016357399881450130e-01
1.018554145383387399e-01
1.019090479737901345e-01
1.019159298016955040e-01
1.019482192397642845e-01
1.020300510422792878e-01
1.021242345384715117e-01
1.021773483543102767e-01
1.022253801638683818e-01
1.023961092315209959e-01
1.024857869328862775e-01
1.028154507113130112e-01
1.028302340901092460e-01
1.028372948591206176e-01
1.028974018123135353e-01
1.030469250854542940e-01
1.031993021353571766e-01
1.033097796330762486e-01
1.034389573046245459e-01
1.034536385108204004e-01
1.036350245567505962e-01
1.036434193219118449e-01
1.038956827215506001e-01
1.039447492530072570e-01
1.039970194622913818e-01
1.040116132265845178e-01
1.041760719691562365e-01
1.042572914220114139e-01
1.044684613045448601e-01
1.045147144759591001e-01
1.046144260031166839e-01
1.047214129718228026e-01
1.047951908189427433e-01
1.048241890061004794e-01
1.049331738952725829e-01
1.049738993294131728e-01
1.052817510916262272e-01
1.053044260044485314e-01
1.054026135401730235e-01
1.055197330337259015e-01
1.055856272269018736e-01
1.056435978870982756e-01
1.056559444391814012e-01
1.059142872145966974e-01
1.062614643087903821e-01
1.063052793848376920e-01
1.063512723561830242e-01
1.065205115094194216e-01
1.065739736391658476e-01
1.067543912534465178e-01
1.070193410342483720e-01
1.070442019147292562e-01
1.072985833513823845e-01
1.073282428785639758e-01
1.073725470464643728e-01
1.074670468368134207e-01
1.077226323163919391e-01
1.077410319050485649e-01
1.077695150891831155e-01
1.078517333247390741e-01
1.078664364039359364e-01
1.079437998621376044e-01
1.079507825492451167e-01
1.079776317274179914e-01
1.080619620984522716e-01
1.081457005383459069e-01
1.083210931886958162e-01
1.083820578546649538e-01
1.084885449330750123e-01
1.085683596354368730e-01
1.086344141859133389e-01
1.087309930296494614e-01
1.088220079939719726e-01
1.088995983060339207e-01
1.090528799935612109e-01
1.090672719751460684e-01
1.090784441052802950e-01
1.091211587299006497e-01
1.091671964561736069e-01
1.092649485720012387e-01
1.094885382149859282e-01
1.095319722066147861e-01
1.095364214244554241e-01
1.095560939955187996e-01
1.095859037401441943e-01
1.096666171672769780e-01
1.096694003363426623e-01
1.097507014663069852e-01
1.099062195368712830e-01
1.099485769080589814e-01
1.099723338945377132e-01
1.100151760956259023e-01
1.100625445521506984e-01
1.101256571549256574e-01
1.103481521455138420e-01
1.104505058430653164e-01
1.105659799066794485e-01
1.109093011210119939e-01
1.112002853608805436e-01
1.112707141530902277e-01
1.113285830498759732e-01
1.114010578005621005e-01
1.114163676678804615e-01
1.114239734528000986e-01
1.115604684025818527e-01
1.116487121903979446e-01
1.117892474980793499e-01
1.121100248785656950e-01
1.122599315036995060e-01
1.123212014393427383e-01
1.124838314370053688e-01
1.124959144344922918e-01
1.125074229814335552e-01
1.126307607009992273e-01
1.126893245397008608e-01
1.127324474016363071e-01
1.127783213362739678e-01
1.128047376983571382e-01
1.128173303659017607e-01
1.128698047181161401e-01
1.128699293505948942e-01
1.129136032393580624e-01
1.132070266184819207e-01
1.132162704392201125e-01
1.133016526554149472e-01
1.135064496815965523e-01
1.136811016096308524e-01
1.138664943188739814e-01
1.139662398210341682e-01
1.139933947244698431e-01
1.141135536362710007e-01
1.143583967365133236e-01
1.143712553287884043e-01
1.144554172569984957e-01
1.147449023230396742e-01
1.147774315864271422e-01
1.149467547267227635e-01
1.149547884825095900e-01
1.149687999550317585e-01
1.151038200584700161e-01
1.152133605253634341e-01
1.152649163446052560e-01
1.152823569745071719e-01
1.153493332394892601e-01
1.154969186440765738e-01
1.156351648588496289e-01
1.156726447572344746e-01
1.158039454633813664e-01
1.158060836461312498e-01
1.158070889828621691e-01
1.160307393214564803e-01
1.160592731637631325e-01
1.162405858323844604e-01
1.162450936457693207e-01
1.163276168638532199e-01
1.163928797044534030e-01
1.164841853332595489e-01
1.166181183510657249e-01
1.166990979151621005e-01
1.168902924319327602e-01
1.169507173663629496e-01
1.170132464235174169e-01
1.170170246647624923e-01
1.172456042869455539e-01
1.173036797412454896e-01
1.173548511724314264e-01
1.173718065532527444e-01
1.174315866631051447e-01
1.174387606675419554e-01
1.176245766507550417e-01
1.177194352650951376e-01
1.177601705935825693e-01
1.178623896440568197e-01
1.180219034158103281e-01
1.182773604918379018e-01
1.183164181383630914e-01
1.183490723329934796e-01
1.184562647352536968e-01
1.185193618966108170e-01
1.186712106202984646e-01
1.187362145488354698e-01
1.187721985972414879e-01
1.187833171235143925e-01
1.188092604873111080e-01
1.188145179795949691e-01
1.190038906122362627e-01
1.191335430484096458e-01
1.192242820138367521e-01
1.193527888271116583e-01
1.193997929884904052e-01
1.194390547810181002e-01
1.194695522734818410e-01
1.195209243046078534e-01
1.199882139028601163e-01
1.199886756540081006e-01
1.200404082135607675e-01
1.201522554307380558e-01
1.202180754977377614e-01
1.202923208274686989e-01
1.204130870233771355e-01
1.206544122185460727e-01
1.206706504383261436e-01
1.206876245127045666e-01
1.207499389857880634e-01
1.209809545418057547e-01
1.212638987634176296e-01
1.213878737751963310e-01
1.214653970603419425e-01
1.214963764643872263e-01
1.215455888663240502e-01
1.218307561646875675e-01
1.219696274057461838e-01
1.220590537772074657e-01
1.220887570986916304e-01
1.221842340123312637e-01
1.222529154168387200e-01
1.222943267758885288e-01
1.223552288973249330e-01
1.223696324168124655e-01
1.225054501194150075e-01
1.225177113924623695e-01
1.226640280923451815e-01
1.228627051416464888e-01
1.229280747392498679e-01
1.231637218044057819e-01
1.232708568809172539e-01
1.233087057439737760e-01
1.233249903151136112e-01
1.233894982658187423e-01
1.234522943773634085e-01
1.235496287579053859e-01
1.237295678281486178e-01
1.237963216612048556e-01
1.239943458450635527e-01
1.240950030068393578e-01
1.241489248752432883e-01
1.241770321565949103e-01
1.241786203566187102e-01
1.242380537150334363e-01
1.243749991928886633e-01
1.246038684488438020e-01
1.246174329245056112e-01
1.247435811762110658e-01
1.251103443427400430e-01
1.251472986408431742e-01
1.251544865361516046e-01
1.253490002923067781e-01
1.255122024468838526e-01
1.257164886216352861e-01
1.257611340695861668e-01
1.258098054733070292e-01
1.258294974605989047e-01
1.259756220285353778e-01
1.261347292934116848e-01
1.261550966058469503e-01
1.261777863542463685e-01
1.262920708436857109e-01
1.264643859173451568e-01
1.265109607439339479e-01
1.265167400658384622e-01
1.265382184979609026e-01
1.265765827635254859e-01
1.266805649941384337e-01
1.267021350549559500e-01
1.267296207111957007e-01
1.267904097906859262e-01
1.268225337435283928e-01
1.269308302410588063e-01
1.269627786752704213e-01
1.270041753663838924e-01
1.271583034062718776e-01
1.273123867481979199e-01
1.275527714001409019e-01
1.275579552615833112e-01
1.275821200036696135e-01
1.276596189162747808e-01
1.276634406147761636e-01
1.278323140833558802e-01
1.279227311810098022e-01
1.279502692732528701e-01
1.279979714007785929e-01
1.280380926790079532e-01
1.280543083698331974e-01
1.280619476642561316e-01
1.280703954136941936e-01
1.280936841439294371e-01
1.281588005969132027e-01
1.283004366773022598e-01
1.283246861837291364e-01
1.283407876394978553e-01
1.286693618985350895e-01
1.286868941747020545e-01
1.287646347868007524e-01
1.288454369413536971e-01
1.291343259059813398e-01
1.291990393242613555e-01
1.293186276887492714e-01
1.294036801309572660e-01
1.295021282695904552e-01
1.295450254935593681e-01
1.296885105623568346e-01
1.297556998441947163e-01
1.299625882360913309e-01
1.300202299426908847e-01
1.300278033723993587e-01
1.300718777008184335e-01
1.302499660765897294e-01
1.303469714585746286e-01
1.304015129633756542e-01
1.305671931664224572e-01
1.305765593250531043e-01
1.308165936743220792e-01
1.311822195470437047e-01
1.312789342343521348e-01
1.313440347790995333e-01
1.313598481411600016e-01
1.313984065919188704e-01
1.314672413264187656e-01
1.316900448812102775e-01
1.317182346009127258e-01
1.317276363172379672e-01
1.317574591127363415e-01
1.319011366194507706e-01
1.319562335462349523e-01
1.320316250758810650e-01
1.320690612454916146e-01
1.321703746021479220e-01
1.326158065664324592e-01
1.326989914237965418e-01
1.328801441382431725e-01
1.329098288154096641e-01
1.330716575898710508e-01
1.330933470346596093e-01
1.336546968947052716e-01
1.337570938324126324e-01
1.338303488061861057e-01
1.339584184521146193e-01
1.339984251485037137e-01
1.341314291886442911e-01
1.343351148519212057e-01
1.343504449523465760e-01
1.343759243468719555e-01
1.344176938457431469e-01
1.345005506299697118e-01
1.346386065914709773e-01
1.347403518501010811e-01
1.348254041023720373e-01
1.348390156713223931e-01
1.349044197821192281e-01
1.350269290543232581e-01
1.351222036249841163e-01
1.351499904006415731e-01
1.351747359650333768e-01
1.353576278476418260e-01
1.353768945547182967e-01
1.354081844067913099e-01
1.354570750374031185e-01
1.355979767477442366e-01
1.355981098815017827e-01
1.356134067957988076e-01
1.358896691389656630e-01
1.359556516314526786e-01
1.361246606394042047e-01
1.364029362269390533e-01
1.364212705593574604e-01
1.364221097109308001e-01
1.364297055323360208e-01
1.366279463600438004e-01
1.368697646257956979e-01
1.369150812110135340e-01
1.369162988284695903e-01
1.370242404104133338e-01
1.370652716060803966e-01
1.371118024782066736e-01
1.371516645208923080e-01
1.373314610963858040e-01
1.373625791128908480e-01
1.373791434878739448e-01
1.374728850057098939e-01
1.375408437377099169e-01
1.378765470936627602e-01
1.378993070141071309e-01
1.379156603481136167e-01
1.379805277179863288e-01
1.381134326756446873e-01
1.381745088750833128e-01
1.382290426438945452e-01
1.382612315009686954e-01
1.382843609136497898e-01
1.383049646668323140e-01
1.383760930552396795e-01
1.384783654016137344e-01
1.385469703045433820e-01
1.386259200652946721e-01
1.386278335288336772e-01
1.386790800017300151e-01
1.387799780557256446e-01
1.389275240590660820e-01
1.389413519217691240e-01
1.390815055054671623e-01
1.391463690494373073e-01
1.391591143681223108e-01
1.391702571621889206e-01
1.394334825790204124e-01
1.394631217221966313e-01
1.397342225348857936e-01
1.399743491162484810e-01
1.400244705379304622e-01
1.400301752692758306e-01
1.401920896001283279e-01
1.402173382206657604e-01
1.403507919727335351e-01
1.404869197551882609e-01
1.406593073175357034e-01
1.408190525455920716e-01
1.408741050669482797e-01
1.409236305548575985e-01
1.410283026745849655e-01
1.410579937053141608e-01
1.411471982857767926e-01
1.411669495641701688e-01
1.411892638702755276e-01
1.414041947131565724e-01
1.414124603031340910e-01
1.414455600336457231e-01
1.414522355850270641e-01
1.415583527282134602e-01
1.416049273347000925e-01
1.420004262853620525e-01
1.423448861297089696e-01
1.423716968290193452e-01
1.424167063241294495e-01
1.424229491987214213e-01
1.424309310748829160e-01
1.424448855976647998e-01
1.426347251483107426e-01
1.426997243331192822e-01
1.427090023343783876e-01
1.427137847242035684e-01
1.427202970548299699e-01
1.429465889081597274e-01
1.431029485491316922e-01
1.431756438651551333e-01
1.432372477802954513e-01
1.434060939039078775e-01
1.434988058606566086e-01
1.435466370148168469e-01
1.436887908392004976e-01
1.437514442006274373e-01
1.438349728502829328e-01
1.439428149813013758e-01
1.439847461851187505e-01
1.441320133620243582e-01
1.441688680625198282e-01
1.442197311618838851e-01
1.443343002001550301e-01
1.444745446553796497e-01
1.445426382987640146e-01
1.445586586848791044e-01
1.445976684011665847e-01
1.446808546365294657e-01
1.451054062634287156e-01
1.451403166874307704e-01
1.451721584574121870e-01
1.452373348583207713e-01
1.453937434953294083e-01
1.454298554587554748e-01
1.456893228279091124e-01
1.458245479944630385e-01
1.460740318632209322e-01
1.460839184630211840e-01
1.461951823190606181e-01
1.462145925138549074e-01
1.464038954864862463e-01
1.464520793628752149e-01
1.464964989301870690e-01
1.466276065457138011e-01
1.467902103114191448e-01
1.468367289282457855e-01
1.468837623087923538e-01
1.469050387337395014e-01
1.470816702657516128e-01
1.473145885864767524e-01
1.473411518926599495e-01
1.476130148010338095e-01
1.477027488824752266e-01
1.477620382800200749e-01
1.481745574590405401e-01
1.482738457313584890e-01
1.483432029425930387e-01
1.486077852904396368e-01
1.486969194422629592e-01
1.488586973150387016e-01
1.488740775333666777e-01
1.489464615781549151e-01
1.490190711300811988e-01
1.490455280651438730e-01
1.491358331694002393e-01
1.491591719933848537e-01
1.492167506620896422e-01
1.493373444942732997e-01
1.493864589224961070e-01
1.494007683243100959e-01
1.494323331918582798e-01
1.494513961698466231e-01
1.495503931803764952e-01
1.495614882263320011e-01
1.496199455160952263e-01
1.496226842211570429e-01
1.496500815370628013e-01
1.497159714965452249e-01
1.497359367720996759e-01
1.497383592369590788e-01
1.497387276017685953e-01
1.500621532981481210e-01
1.501356674162693805e-01
1.503585840980168620e-01
1.504911140285340176e-01
1.505624190924929329e-01
1.505994899823176192e-01
1.506841092389345216e-01
1.507462268775408842e-01
1.508301925996481663e-01
1.508517652759008287e-01
1.509612504371006803e-01
1.510762325442320253e-01
1.512852231890007282e-01
1.514223956568959140e-01
1.515943155651664487e-01
1.519423435516412124e-01
1.521211348269473906e-01
1.522283894882054123e-01
1.523515274738710679e-01
1.523644455553574417e-01
1.524226681855757048e-01
1.524993818880341911e-01
1.524997092896764050e-01
1.525145496078775531e-01
1.526165980067565597e-01
1.526677915597152990e-01
1.527469131511395573e-01
1.527628555505758379e-01
1.528058584245814422e-01
1.530380323045266999e-01
1.530387842393634013e-01
1.531086407757352719e-01
1.531107094600870078e-01
1.531612632384206363e-01
1.531760571985415487e-01
1.531872368631346792e-01
1.534266557692839095e-01
1.534526824055535699e-01
1.535196843644152098e-01
1.536133439289564251e-01
1.536623328880317163e-01
1.539249874520734473e-01
1.539622387785472557e-01
1.542062401395914439e-01
1.543935916206637671e-01
1.544164873391784265e-01
1.544279532025756574e-01
1.545230936179462222e-01
1.545329808653142234e-01
1.545970366071103275e-01
1.546474516618625561e-01
1.546652679119848717e-01
1.546677489635416014e-01
1.548106620144855117e-01
1.548908854003772095e-01
1.549030618587851904e-01
1.549827036409951453e-01
1.550074055234414994e-01
1.550143406839629978e-01
1.550150739981996928e-01
1.552168410454159153e-01
1.553038513607606641e-01
1.554459529380952387e-01
1.557460813663539279e-01
1.557900386636955348e-01
1.557957909526369589e-01
1.558203127899142892e-01
1.560796884260690631e-01
1.563550572138782957e-01
1.564117920791507355e-01
1.564930564129675683e-01
1.565812099533030188e-01
1.566708366727127544e-01
1.567529558785359933e-01
1.567875637899610597e-01
1.568436144713595271e-01
1.568914692693344493e-01
1.569321723784456446e-01
1.571534671986340448e-01
1.576220020838000058e-01
1.576309817804705804e-01
1.576525886830654755e-01
1.578738208032762769e-01
1.579303168134550961e-01
1.579500734849621224e-01
1.582774342194205597e-01
1.583301903397007215e-01
1.583305076429159242e-01
1.583618170239348144e-01
1.583780250252828647e-01
1.583876219430516985e-01
1.583991475964291740e-01
1.585139768585042963e-01
1.585334017323690448e-01
1.588038637427778288e-01
1.589041659043189669e-01
1.589197017380356847e-01
1.590567540231541399e-01
1.590732531534508609e-01
1.592853530557933328e-01
1.593476877725414631e-01
1.594455821791326000e-01
1.597074133281405628e-01
1.598744614802214692e-01
1.598809425282751162e-01
1.598982520471645963e-01
1.599572654447729836e-01
1.600337414277653580e-01
1.607030040530781356e-01
1.607163717507841816e-01
1.607869590475221044e-01
1.608067848533558941e-01
1.608662370318897084e-01
1.608809847889951516e-01
1.609669031502134751e-01
1.609787824071754747e-01
1.609908736232467941e-01
1.610040733284791303e-01
1.611820583337188195e-01
1.612576722478300251e-01
1.614842927383288440e-01
1.616005234590373041e-01
1.616324933128024666e-01
1.616773051652849458e-01
1.620681170957589678e-01
1.622974646122156694e-01
1.623297973022801155e-01
1.623555585649612554e-01
1.625372044070058364e-01
1.626527737945520080e-01
1.628906581460068392e-01
1.632272064034600012e-01
1.632626915899484388e-01
1.635799015587482697e-01
1.636889952389767866e-01
1.636993322555236607e-01
1.637161824902152174e-01
1.637413502959149669e-01
1.637425437019869867e-01
1.639924599138481986e-01
1.640811219539787535e-01
1.641003924286073001e-01
1.641292368803695112e-01
1.643067779689542374e-01
1.643750179781382492e-01
1.643958715718185082e-01
1.644225197847745401e-01
1.644328098963450391e-01
1.645564959679203521e-01
1.646461066384124483e-01
1.647102372950585703e-01
1.647461071265216292e-01
1.647949021557801874e-01
1.648646989305899146e-01
1.650114043176285350e-01
1.650766864103996034e-01
1.650996760931722485e-01
1.651095318950252522e-01
1.652466415360543950e-01
1.652743267494938828e-01
1.652909751285742412e-01
1.653050129035399662e-01
1.653531594909392888e-01
1.655598529966785804e-01
1.656513974820268131e-01
1.656800063566144787e-01
1.657528920895852131e-01
1.657788958832110970e-01
1.658077904798456736e-01
1.658184965035998659e-01
1.658275183438268907e-01
1.659416522696618157e-01
1.660719523707145928e-01
1.660805090781531101e-01
1.660838331096451681e-01
1.661604358627170597e-01
1.661658172017342061e-01
1.664439184976877761e-01
1.664483980789860651e-01
1.666330294954019853e-01
1.666675811036320565e-01
1.668313297246770410e-01
1.669231316596356540e-01
1.669904350458168985e-01
1.670347079600838502e-01
1.671800548514646434e-01
1.674318261968023303e-01
1.675129317828660536e-01
1.675388967301917331e-01
1.675924605899740960e-01
1.676801300439549058e-01
1.677000084200690189e-01
1.677076379941350448e-01
1.678028085771686995e-01
1.678286887774888270e-01
1.679056937165337715e-01
1.679558940339831719e-01
1.681072438334675068e-01
1.681651605349724077e-01
1.683680140110346835e-01
1.684126432442631105e-01
1.686115517331041869e-01
1.686605467170223527e-01
1.687160554259109768e-01
1.687315188211052641e-01
1.687865731719704054e-01
1.691543213581341298e-01
1.692561812991349168e-01
1.693494365184884110e-01
1.693622621348655766e-01
1.696162188959342842e-01
1.696533910910927312e-01
1.696912678254006990e-01
1.698411055029987182e-01
1.699429085514898019e-01
1.700721273454031679e-01
1.701240598410630189e-01
1.701631397812204405e-01
1.704860205848100496e-01
1.705502174369421808e-01
1.707003649135172552e-01
1.707370907522115788e-01
1.708531406702298583e-01
1.708681254646114422e-01
1.709231528022452928e-01
1.710540836270697806e-01
1.712779453114841310e-01
1.714619580654941911e-01
1.716141375069308306e-01
1.717164568915077461e-01
1.719648350216783639e-01
1.720366068958866790e-01
1.720713664903770757e-01
1.720796436184801603e-01
1.721405957792095931e-01
1.723442963845131237e-01
1.724617406302680900e-01
1.724771240261399885e-01
1.728833695938007675e-01
1.729842069468205956e-01
1.730736045336643270e-01
1.731010947080152684e-01
1.731078353458202768e-01
1.731754433861547315e-01
1.731796678076830964e-01
1.732810180558563840e-01
1.733843188857884521e-01
1.734551493194582683e-01
1.735960310733978273e-01
1.738196852167697426e-01
1.739017339717467414e-01
1.739722649144254674e-01
1.740168381634819017e-01
1.740622117708769956e-01
1.740841485709208880e-01
1.741530610622363251e-01
1.742085097720418030e-01
1.742324968132855922e-01
1.743297172393143135e-01
1.744535623023708848e-01
1.747253489345008959e-01
1.750820075159151001e-01
1.752318137999181735e-01
1.752555287537415074e-01
1.752787622645742005e-01
1.754496146774958409e-01
1.756576055184153329e-01
1.758336960120936709e-01
1.758397152623709658e-01
1.759224772740583254e-01
1.759568176487504298e-01
1.760690083821441487e-01
1.761178505870528987e-01
1.762022381860731679e-01
1.762121351360073362e-01
1.762933048567315863e-01
1.763456461257177366e-01
1.764017266024846264e-01
1.764268848311161819e-01
1.765905578220556549e-01
1.766267465551358828e-01
1.766897417194005504e-01
1.767088463097364059e-01
1.768144905041172943e-01
1.768181005156658769e-01
1.768923994770842112e-01
1.769982515399400880e-01
1.771312890906776294e-01
1.771350032657099671e-01
1.771794332723263810e-01
1.772711893763905810e-01
1.773445276196896347e-01
1.774651084720944016e-01
1.774789448563131311e-01
1.774978641033689575e-01
1.775865655128532894e-01
1.776479440102286533e-01
1.777542891723487561e-01
1.777943138058680206e-01
1.780842727241557233e-01
1.781130853400439973e-01
1.781396104946901537e-01
1.784363688325274755e-01
1.784814929194709354e-01
1.785050162537603902e-01
1.785431146123302448e-01
1.786222259821719782e-01
1.787236672924805980e-01
1.787723300141929317e-01
1.788005383778274726e-01
1.789720347261254396e-01
1.790372050709790053e-01
1.790499495070339564e-01
1.791190870512480160e-01
1.791333696246418805e-01
1.791976976112562847e-01
1.792801365914424017e-01
1.795146233741982955e-01
1.798700968228189589e-01
1.803660541029968867e-01
1.805044766667015799e-01
1.806126944090076514e-01
1.806285736611395187e-01
1.809416981888408993e-01
1.810558617188807451e-01
1.811377900988814516e-01
1.811504684999794279e-01
1.812025790712424866e-01
1.812144494695833441e-01
1.812369848082029666e-01
1.812601157487964965e-01
1.813472886514320703e-01
1.814571111226042088e-01
1.815750227792196081e-01
1.816617267014804804e-01
1.818019897451687850e-01
1.820221183042918800e-01
1.821853327090051100e-01
1.822421525256311403e-01
1.822628127556818467e-01
1.822716622441557244e-01
1.823088991732310926e-01
1.823705156280085449e-01
1.823997511904818514e-01
1.824463451374716827e-01
1.824543902181477717e-01
1.824858220177009160e-01
1.825315064201916693e-01
1.825766733167139000e-01
1.826344466535454181e-01
1.826841438414913699e-01
1.829502352601333481e-01
1.831595798059041658e-01
1.831926017445700827e-01
1.832969636594453666e-01
1.833708165959100356e-01
1.833906816123797578e-01
1.834162326902394058e-01
1.835912195753411080e-01
1.836357753136175497e-01
1.837233254539125948e-01
1.837311458915467377e-01
1.841991553064103726e-01
1.844202727442726675e-01
1.844715934170877980e-01
1.846169852263049305e-01
1.849085621478563646e-01
1.849763766972102319e-01
1.850409489416850461e-01
1.851204664794150745e-01
1.851391222823576543e-01
1.852787501489895072e-01
1.852816343845709590e-01
1.853379180793877645e-01
1.853706982137381387e-01
1.854664559054443884e-01
1.854709903295660711e-01
1.856295770542995827e-01
1.856612263465720891e-01
1.856802340759673431e-01
1.857383828323380670e-01
1.859026836766577984e-01
1.859531475286306523e-01
1.861639529982452579e-01
1.862831591488340321e-01
1.864566048330645320e-01
1.865024120115330586e-01
1.865653946126978602e-01
1.866021162178930493e-01
1.866035230056715677e-01
1.866367018823490709e-01
1.866585642489405061e-01
1.867730327380768551e-01
1.869257708886613578e-01
1.869483337010707513e-01
1.869890492780002800e-01
1.870483385841623658e-01
1.872958374047416497e-01
1.873368908627922880e-01
1.874584818936087527e-01
1.876251580686300602e-01
1.877536219568408937e-01
1.878278739192174585e-01
1.878680973450079783e-01
1.879254830667573539e-01
1.879382350843833149e-01
1.880820417497279240e-01
1.883056532898855218e-01
1.883251302784935688e-01
1.885683587163077823e-01
1.887270940198030877e-01
1.887866486539340471e-01
1.888928235145079237e-01
1.890194805933962940e-01
1.890615465387487371e-01
1.890790148802296566e-01
1.892457547308429577e-01
1.892779968645486866e-01
1.893314421751410015e-01
1.893540582638759684e-01
1.894225653276154220e-01
1.894285629930132220e-01
1.895054017799647217e-01
1.895331346813617923e-01
1.896288793078654278e-01
1.897071318971952913e-01
1.898702526747100827e-01
1.898744562952870696e-01
1.899867138738431660e-01
1.900186302329297250e-01
1.901876608429944326e-01
1.902521678673724792e-01
1.903438909092114995e-01
1.903678653663385401e-01
1.903846940042198399e-01
1.907143875460807214e-01
1.908280654000028276e-01
1.909111505149870824e-01
1.909617639938344935e-01
1.913724124708499064e-01
1.914484889322086436e-01
1.915429367755807355e-01
1.915928104849752844e-01
1.916110763379776372e-01
1.916517129234026617e-01
1.917566544322828748e-01
1.918994482596324269e-01
1.920115435267964465e-01
1.921744252564881461e-01
1.923102201705249870e-01
1.927525248961366178e-01
1.928895168187843845e-01
1.929544069450137012e-01
1.930615684028409718e-01
1.931267584953696159e-01
1.931840212068272611e-01
1.933038752901980184e-01
1.934215185528929404e-01
1.934589992729217056e-01
1.934740395078175523e-01
1.935773646445969332e-01
1.936011542834272514e-01
1.936555650724951227e-01
1.938238230969701603e-01
1.938599021093409258e-01
1.938760875885470192e-01
1.939153574122216839e-01
1.939697447269626007e-01
1.940582017316922203e-01
1.940928537260925013e-01
1.941843410173141049e-01
1.944807569747004639e-01
1.944929449235774377e-01
1.946430292370857351e-01
1.946761285877835757e-01
1.947708990967081943e-01
1.948431828019612233e-01
1.948466113242005859e-01
1.949807909834516129e-01
1.950152349133370266e-01
1.952206214892855396e-01
1.953275337177590998e-01
1.955101842242705223e-01
1.955771518768628092e-01
1.956658385457103466e-01
1.959287739655108385e-01
1.959460347551880699e-01
1.962387634606922726e-01
1.965284056781708422e-01
1.965320056401480553e-01
1.965808216836517075e-01
1.966124141256431201e-01
1.966540839159876819e-01
1.969046900029011449e-01
1.971754211956810998e-01
1.974206230683912267e-01
1.975468963696415114e-01
1.977031673031911796e-01
1.977152773084362436e-01
1.978018462732459293e-01
1.978746019146118418e-01
1.978759828894951500e-01
1.979686648709925445e-01
1.979847983201492301e-01
1.980576100498007142e-01
1.981071907677549315e-01
1.981180744015566264e-01
1.981254173339019042e-01
1.981614188522733966e-01
1.981879772250564054e-01
1.982573483727469443e-01
1.982999225692696765e-01
1.983226655498115665e-01
1.983731087135497950e-01
1.983962931715852196e-01
1.984296043783391472e-01
1.985462763882144543e-01
1.985781804013052321e-01
1.986347983313902499e-01
1.989010824510733799e-01
1.990110653772929061e-01
1.991918218489365788e-01
1.991952774607794185e-01
1.993055610440111203e-01
1.993343294954411649e-01
1.993393271607931116e-01
1.993691354092622381e-01
1.993807806040358011e-01
1.994373170641135784e-01
1.994888548185013988e-01
1.995507576595009491e-01
1.997135283090108737e-01
1.998890371395002918e-01
2.001940226047392579e-01
2.003167693823511841e-01
2.003358916858676841e-01
2.003846901553438808e-01
2.004238079172538101e-01
2.004653741574757564e-01
2.004806353255276508e-01
2.005082910210397584e-01
2.007867785463412769e-01
2.008114995349561671e-01
2.008790235592206597e-01
2.009405536973726536e-01
2.009805031605299552e-01
2.011917395290861166e-01
2.012828418719852241e-01
2.012980769389663693e-01
2.013435661998591031e-01
2.013619951579385114e-01
2.017001454303884167e-01
2.017859769217336396e-01
2.018449464734772547e-01
2.018878910477024391e-01
2.022206225308852690e-01
2.023609008004932652e-01
2.025164533606324813e-01
2.025735884073576187e-01
2.026948017145586423e-01
2.027412589655647746e-01
2.027940072965828122e-01
2.028947456512116276e-01
2.029440666851258512e-01
2.030135847346990485e-01
2.030483210338420996e-01
2.030633663340385142e-01
2.031228663259403711e-01
2.032564389924829962e-01
2.032637620339145523e-01
2.033125998001873158e-01
2.033526718181436765e-01
2.033699852734466296e-01
2.034176691158406936e-01
2.034334459466785594e-01
2.035415235573166670e-01
2.038261103530996377e-01
2.039165667073703225e-01
2.039294440472275427e-01
2.039341758583655129e-01
2.039753185851881923e-01
2.040555076052151529e-01
2.040780526257976735e-01
2.041187788403474312e-01
2.043770456598477947e-01
2.044073930065437028e-01
2.044213623320324524e-01
2.047548718112138511e-01
2.048683828930412398e-01
2.049442117075551406e-01
2.051410418869775154e-01
2.052286057673122222e-01
2.052506120905602527e-01
2.054004957386833252e-01
2.057142336216513379e-01
2.057383046771540380e-01
2.060355869303874266e-01
2.060869505887644171e-01
2.060974925431679761e-01
2.061733218384753652e-01
2.062585741457881872e-01
2.065478920046815714e-01
2.068900585481872889e-01
2.068949248215066761e-01
2.069023293701536537e-01
2.070860654823574731e-01
2.071751921421500220e-01
2.071783575633350249e-01
2.071785614482671289e-01
2.072656195170267113e-01
2.077276705607296048e-01
2.077436641042387233e-01
2.078551815831963523e-01
2.079746939689769702e-01
2.079904396074940542e-01
2.080094020589521309e-01
2.080243844532864150e-01
2.083283854338560115e-01
2.083706386351470707e-01
2.087585605769905206e-01
2.089023127143826430e-01
2.089237056207243481e-01
2.089665462989486466e-01
2.089791741894601040e-01
2.090290065495224447e-01
2.093773723470895853e-01
2.093928770199620926e-01
2.095781251948651003e-01
2.097108592825356610e-01
2.098608848216227951e-01
2.098786231185395257e-01
2.099587775272461210e-01
2.101341975394823702e-01
2.102571852377414230e-01
2.105959040196040966e-01
2.106459970660686243e-01
2.108047500317274114e-01
2.109777144277063254e-01
2.109827049741417604e-01
2.110194278149349068e-01
2.110428682078462903e-01
2.110617624303956497e-01
2.110793536353287037e-01
2.110955991317338687e-01
2.111192209540224962e-01
2.111737195061572092e-01
2.111738981875516397e-01
2.111912868882987182e-01
2.112996403597298678e-01
2.114784999181751612e-01
2.115280027591741885e-01
2.116586342041571200e-01
2.117195686053961468e-01
2.117810901240193555e-01
2.118886070366699237e-01
2.119433479288171662e-01
2.119816574274109300e-01
2.120639906024615051e-01
2.120865221413976709e-01
2.122345466765827582e-01
2.123448934993823756e-01
2.123912060771140919e-01
2.125144769482091300e-01
2.125311715134444723e-01
2.125744421344147317e-01
2.126720628731436080e-01
2.127669243997880877e-01
2.127930689474213655e-01
2.127932901353653816e-01
2.128225990565849879e-01
2.130306344574138533e-01
2.130362720419970990e-01
2.130762333406235332e-01
2.130966591969858104e-01
2.132410956022472437e-01
2.134881680517504987e-01
2.135531785474136524e-01
2.137397052776148221e-01
2.137474978983384677e-01
2.138957625991119715e-01
2.139485466152503124e-01
2.140940761132965886e-01
2.141721654722166801e-01
2.143290396171080026e-01
2.144844227889753652e-01
2.144852307978026007e-01
2.145160795141600740e-01
2.147403715922887590e-01
2.147445024723494411e-01
2.148981713983308950e-01
2.149422705515136589e-01
2.149812765578054119e-01
2.151726454476068084e-01
2.151924606111715599e-01
2.152150564074266359e-01
2.153360218999340880e-01
2.153536169297590730e-01
2.153784912947620533e-01
2.153810602357722481e-01
2.154515368135612174e-01
2.154759462815331872e-01
2.155147547385908025e-01
2.156090960153097813e-01
2.156676671729948758e-01
2.157438761587177067e-01
2.158305621308154454e-01
2.160059193614180251e-01
2.160189080973067832e-01
2.160557863917869081e-01
2.161866732277348546e-01
2.162074849584449399e-01
2.163086887119454182e-01
2.163324749510413536e-01
2.165074971003226323e-01
2.165316119194887479e-01
2.167109342478944489e-01
2.167793853433931106e-01
2.169632110100531419e-01
2.171179710271342045e-01
2.171446231880338196e-01
2.172262855158427486e-01
2.172484764774537669e-01
2.172976874512466683e-01
2.175401613041381965e-01
2.176835270054388871e-01
2.178239585344490525e-01
2.178989138102652434e-01
2.182234438491734430e-01
2.182413996486231023e-01
2.182454874170390857e-01
2.184057042706896157e-01
2.187638843917855680e-01
2.187799119662771630e-01
2.187831081226345176e-01
2.188064810673307770e-01
2.188726505577335557e-01
2.188821754815954423e-01
2.193803823224850791e-01
2.197861492862918098e-01
2.197871893534457666e-01
2.198330465118889798e-01
2.198922939449862446e-01
2.199415227917643489e-01
2.199532509969355509e-01
2.199970974946738878e-01
2.201459225651321017e-01
2.202350147077951625e-01
2.203659142767436796e-01
2.204648423754658748e-01
2.204969990525597889e-01
2.208162433404295966e-01
2.208285201807775044e-01
2.208457870526559785e-01
2.208806381867502722e-01
2.209845413613628629e-01
2.211517006633831051e-01
2.213392112681283608e-01
2.213475573759701720e-01
2.216447967283123877e-01
2.216869676161390135e-01
2.217352329787703191e-01
2.217992242919482604e-01
2.218088710833585608e-01
2.218203592489493559e-01
2.218401341618304601e-01
2.219345866414985102e-01
2.219743380446551340e-01
2.220321827820536387e-01
2.221859061079478892e-01
2.223897109621338908e-01
2.225268211261928197e-01
2.226233986578141921e-01
2.227425850452318390e-01
2.227963151836752642e-01
2.230358918312268790e-01
2.230632943264908574e-01
2.231614667056541212e-01
2.231765337572165220e-01
2.232672542245599245e-01
2.234671255807134660e-01
2.235474249417220005e-01
2.237138771315352881e-01
2.238134266287826468e-01
2.238980394833014476e-01
2.241997671299409689e-01
2.242200775732382800e-01
2.242586257150739892e-01
2.243107020212087022e-01
2.244215813256051628e-01
2.244323190459164008e-01
2.245266526958367981e-01
2.245504628412190729e-01
2.246320498185275794e-01
2.247530151718507840e-01
2.247864130728771670e-01
2.249714300949998691e-01
2.249715796962088454e-01
2.249819636129614109e-01
2.249912075537412182e-01
2.250457714201745119e-01
2.252678243216124920e-01
2.253710439611244787e-01
2.254729572845309005e-01
2.255862568625376929e-01
2.258695853744868143e-01
2.258805787654708797e-01
2.261351325403351820e-01
2.261436077633653119e-01
2.262011502948040598e-01
2.262663083103676476e-01
2.263090075939980794e-01
2.263849560261176064e-01
2.267022959717770458e-01
2.267201225354689154e-01
2.269517502729729297e-01
2.270294398258222712e-01
2.270658750665828784e-01
2.270961663187143764e-01
2.271075093703025516e-01
2.271311408852199620e-01
2.271394281096771883e-01
2.272336973492730117e-01
2.274210818705879045e-01
2.275480172707300963e-01
2.276301721429291602e-01
2.276783473964203441e-01
2.278731811095715265e-01
2.279006592283613075e-01
2.279151188386216442e-01
2.280022088233309707e-01
2.281732946220366709e-01
2.282400604629946927e-01
2.282625524318872834e-01
2.283030028586926774e-01
2.284437863752540321e-01
2.285325796136325471e-01
2.285371077966325826e-01
2.285520641809144216e-01
2.287070931619707981e-01
2.288673449957583095e-01
2.288864274389216802e-01
2.289193660482850001e-01
2.291461980272050114e-01
2.292184658407996345e-01
2.292344143965748260e-01
2.293570566316385229e-01
2.293687077696242305e-01
2.293871443932001264e-01
2.296066395553466866e-01
2.296777430344792148e-01
2.297086162946476162e-01
2.297236853597919848e-01
2.298826939125573621e-01
2.299779188599051782e-01
2.300351516780161920e-01
2.301067132423379180e-01
2.306827080314182155e-01
2.309701537768788504e-01
2.310904524643910829e-01
2.311217924307647498e-01
2.313018009436120792e-01
2.313145401578714511e-01
2.313626896150060563e-01
2.314468901101212894e-01
2.315332090155451106e-01
2.316546052059433314e-01
2.316922415667871382e-01
2.317805631814636169e-01
2.318788447156369670e-01
2.319660405037711481e-01
2.319696405116050963e-01
2.321635110923375156e-01
2.322530567802133794e-01
2.323782860198397304e-01
2.323843330320273515e-01
2.325470146264549398e-01
2.326869066294784683e-01
2.327152670809210233e-01
2.328269906794187549e-01
2.328762101942721541e-01
2.329077958194949727e-01
2.331712309197207789e-01
2.331777932424344557e-01
2.333155239911615664e-01
2.333432900837487944e-01
2.333813941420333771e-01
2.334042511816302734e-01
2.334120442242104687e-01
2.335620477355662972e-01
2.338559852681421913e-01
2.338591065930822332e-01
2.338738105141592305e-01
2.339404975568525336e-01
2.339877971953491786e-01
2.340133518648102040e-01
2.340836338605350730e-01
2.341498280631019169e-01
2.341897104219331227e-01
2.342670842787082652e-01
2.343202481622577715e-01
2.344338312866791063e-01
2.345015093372073145e-01
2.345132000432066377e-01
2.345570231601660227e-01
2.346164390506122743e-01
2.346784918310198809e-01
2.352654766581222523e-01
2.353984588168780423e-01
2.354040523477956837e-01
2.354174322752862203e-01
2.354845064868351656e-01
2.355400344526497047e-01
2.355414833686163556e-01
2.356044624067301085e-01
2.357279693605284221e-01
2.357640617227262370e-01
2.357964185241299970e-01
2.357998092888566044e-01
2.358019637641189381e-01
2.358431469434498495e-01
2.358805513856793712e-01
2.361278217279181857e-01
2.365868158869854909e-01
2.367686620221347293e-01
2.367914831929812669e-01
2.368580334782351415e-01
2.368760131117755574e-01
2.369288334262231732e-01
2.372318664723286896e-01
2.373056070895822600e-01
2.374980960803714514e-01
2.375300675494277924e-01
2.375744610814744251e-01
2.376795281334874443e-01
2.378615997133648741e-01
2.379421775305969877e-01
2.380168972637775604e-01
2.380440804539013244e-01
2.380842116392414831e-01
2.381395783543056588e-01
2.381846507679820368e-01
2.382159855993527808e-01
2.382293552965374928e-01
2.384277822969640692e-01
2.385863853515445832e-01
2.387409671441847181e-01
2.390167189220014921e-01
2.390958811289266572e-01
2.391595453950456363e-01
2.391631363998005522e-01
2.391703358428159398e-01
2.392854875825188299e-01
2.392909819973400853e-01
2.393864601438507045e-01
2.394516439727829016e-01
2.394556310081845385e-01
2.395070030971920283e-01
2.396294077623102592e-01
2.399939775001111719e-01
2.400766043530685734e-01
2.402185498063247326e-01
2.402302585289848302e-01
2.402692525534189105e-01
2.402879700943782448e-01
2.405047275408549456e-01
2.405265522033720738e-01
2.406507420218679805e-01
2.410553244929252159e-01
2.412177019382275578e-01
2.412342385635425357e-01
2.412421969826468726e-01
2.413116993039470803e-01
2.414490265180192219e-01
2.415214130039372575e-01
2.416130870736637182e-01
2.416795466387355318e-01
2.416930524608000841e-01
2.417686593927029226e-01
2.420221299708989193e-01
2.422209930168590930e-01
2.422571830084847555e-01
2.424023333582621120e-01
2.424263806879635441e-01
2.425594017204306396e-01
2.426865290501324379e-01
2.427686437728334423e-01
2.428090357476987149e-01
2.429320664220118164e-01
2.429507317197457383e-01
2.430219009536197794e-01
2.433813635183997015e-01
2.434829194657204265e-01
2.436279895765156023e-01
2.437138360492253353e-01
2.441326127492637055e-01
2.444121879406446762e-01
2.444550718453803728e-01
2.445383207906100531e-01
2.445525581184050945e-01
2.446650221854829166e-01
2.446842190777747950e-01
2.446849433759402392e-01
2.447972449285968077e-01
2.450276991648280001e-01
2.450329355249985241e-01
2.451757978426902518e-01
2.452126259054951962e-01
2.452291748853689946e-01
2.453029426189005102e-01
2.455262151053557163e-01
2.455424793528790117e-01
2.455778013898224366e-01
2.455944770684888312e-01
2.456637819894550989e-01
2.457257161811293167e-01
2.457960776527983726e-01
2.458041693199704558e-01
2.458224879822296649e-01
2.459908377133009083e-01
2.461273032133636240e-01
2.461977414172750456e-01
2.461980787880996835e-01
2.462210952225647731e-01
2.462285841489710303e-01
2.463065504182121168e-01
2.463474503485633127e-01
2.463547907337232667e-01
2.465890674728341558e-01
2.466124401433903157e-01
2.466864194262529675e-01
2.470813257663303231e-01
2.470963821960344697e-01
2.471108768829554936e-01
2.472127873321814384e-01
2.472635811824253071e-01
2.473273719306432195e-01
2.473694664576806257e-01
2.475616988085774517e-01
2.476260512516829382e-01
2.476594530887378520e-01
2.477034254408959912e-01
2.477456221623562105e-01
2.478461243723076579e-01
2.479189556343362744e-01
2.479194955987892857e-01
2.479507396442079126e-01
2.479869404293006119e-01
2.481090809373446837e-01
2.481810430515800081e-01
2.481976598470194695e-01
2.483258547112569825e-01
2.483372788257234287e-01
2.487631104225199730e-01
2.488883453880184893e-01
2.490357274796688170e-01
2.491735928937557909e-01
2.492631205934467964e-01
2.492862848464375281e-01
2.494041137469692193e-01
2.494539116613102847e-01
2.495570710299344908e-01
2.498564858211244077e-01
2.500518353557293350e-01
2.501771674969755499e-01
2.502158038861679312e-01
2.503677777209666888e-01
2.504836192534006245e-01
2.505324974311162745e-01
2.506653089171278492e-01
2.506754899849292229e-01
2.507778694728670099e-01
2.508857804703719663e-01
2.509348734315140494e-01
2.509359228053335555e-01
2.509629108619270688e-01
2.511188039479416712e-01
2.511779519527592708e-01
2.512631097370423006e-01
2.512697839639772557e-01
2.514604987526556923e-01
2.514677859926029990e-01
2.514708169864027787e-01
2.514848929061723748e-01
2.516518531415710691e-01
2.516971345072585575e-01
2.517014527639587218e-01
2.517832709612557451e-01
2.518832046724691631e-01
2.518951046977817576e-01
2.519333554070308234e-01
2.521490562596049867e-01
2.521877265479613439e-01
2.523560847183594635e-01
2.523904466405161862e-01
2.525674360122338591e-01
2.526255408504740063e-01
2.526621164327023106e-01
2.529649936209698580e-01
2.530056148170495289e-01
2.530433499545929887e-01
2.530678565656228063e-01
2.531858310928453148e-01
2.532101278907307185e-01
2.532156727549115804e-01
2.533609347244552557e-01
2.535688406214445245e-01
2.538303669024718490e-01
2.539185991318970714e-01
2.539369399349053480e-01
2.540733999721402347e-01
2.541938359645737333e-01
2.542933821949446838e-01
2.543040774325725506e-01
2.544435403121244610e-01
2.545948820769463050e-01
2.546252524731612010e-01
2.547397925361404858e-01
2.548363017191469515e-01
2.549766165073006907e-01
2.550601895668170305e-01
2.550626807225563897e-01
2.550794913897435623e-01
2.551540210539213760e-01
2.553464597648893442e-01
2.554664704236235262e-01
2.558344070362842393e-01
2.559795080581537263e-01
2.560374480378990736e-01
2.560786402715297116e-01
2.561814271170385626e-01
2.563275349234861444e-01
2.564180397283774004e-01
2.568738026018363430e-01
2.569022590990834853e-01
2.569390441970787475e-01
2.570007303265077203e-01
2.571963806464693247e-01
2.572550308501431182e-01
2.574161538145547379e-01
2.574410292381341114e-01
2.574577975326832746e-01
2.574741948025010552e-01
2.575124898050746847e-01
2.577551626874665103e-01
2.577579712552389157e-01
2.577798651500701754e-01
2.578441980228672326e-01
2.581338228125644174e-01
2.581683025283554311e-01
2.582892253736164268e-01
2.583901403731627133e-01
2.587356023598009203e-01
2.587358464167129890e-01
2.587579604194721328e-01
2.587765198273786482e-01
2.587907504109267509e-01
2.588192014095112570e-01
2.588491396087657104e-01
2.588944571957273455e-01
2.589135269820447283e-01
2.590054602338950351e-01
2.590350079252564108e-01
2.592786734950725536e-01
2.593651196018021965e-01
2.593695969801063095e-01
2.594587358386915010e-01
2.596389955871656885e-01
2.597192466378160369e-01
2.598367121176561323e-01
2.599012841294741638e-01
2.601369787253510757e-01
2.601828899943350315e-01
2.602180170409018611e-01
2.602692309259120318e-01
2.603672724415247997e-01
2.603913498503558910e-01
2.604180068624743494e-01
2.604243754349676587e-01
2.604353900632707108e-01
2.605848836222296461e-01
2.608376822417773910e-01
2.608605335117007984e-01
2.610667941869564412e-01
2.611123014592049429e-01
2.613658641814010086e-01
2.614814054102010399e-01
2.616294566394148924e-01
2.616919346742709318e-01
2.618725006942515532e-01
2.619490095951939046e-01
2.619842311555596881e-01
2.620265962505685109e-01
2.620569884116020209e-01
2.621392878282260419e-01
2.622249163787391257e-01
2.622604100146114781e-01
2.623508712757043337e-01
2.626195334254343150e-01
2.626942435875123660e-01
2.627975553108797269e-01
2.628126456641015629e-01
2.630136981170020372e-01
2.631204623490562278e-01
2.632833457983718706e-01
2.634289260641555219e-01
2.635352052630663411e-01
2.638392838371388383e-01
2.638950707649564409e-01
2.640140155346210604e-01
2.641098724777616868e-01
2.643245057124044561e-01
2.643849491727110479e-01
2.645130033510378897e-01
2.645314821248667680e-01
2.646098028496031707e-01
2.647222218956910567e-01
2.647462320583707229e-01
2.647754574691564833e-01
2.647786813036929199e-01
2.648075746361303606e-01
2.648782402445489237e-01
2.648978187524153038e-01
2.649080196127774900e-01
2.649876882638548814e-01
2.649906591480656326e-01
2.652131788811791790e-01
2.652657374656449685e-01
2.653157076518405377e-01
2.653308237107580014e-01
2.655572295515125081e-01
2.655740309011194178e-01
2.656381221686978100e-01
2.656897522567621683e-01
2.658058627882011193e-01
2.658895374198885775e-01
2.659896553937228236e-01
2.660072032937758069e-01
2.660785065584071463e-01
2.661225092060462982e-01
2.663277845426950674e-01
2.665832617123052306e-01
2.665847670528153635e-01
2.666030626489654942e-01
2.666062889336623387e-01
2.667734232724650045e-01
2.671181471935977214e-01
2.671362640982574144e-01
2.672118885284536227e-01
2.672512223943038778e-01
2.672865958513886975e-01
2.672939356280806811e-01
2.673747256007019679e-01
2.678315891213169375e-01
2.678362693879657863e-01
2.678617229038307013e-01
2.678778761754877502e-01
2.682764755957074976e-01
2.683463726042691899e-01
2.683677255465631850e-01
2.685335526592361743e-01
2.685669716656526873e-01
2.687932706825267859e-01
2.688104278071354880e-01
2.689289503334864606e-01
2.690932505353312298e-01
2.691092813851044818e-01
2.692635882893997801e-01
2.693202931624890106e-01
2.694305262798859513e-01
2.694597935992294468e-01
2.694797808951814311e-01
2.696023263200734155e-01
2.698156617656992107e-01
2.698492054289078346e-01
2.699846903581895052e-01
2.701229585931513300e-01
2.701681869787269652e-01
2.703537517475574914e-01
2.703621758855329626e-01
2.703841332447620704e-01
2.704600568446099973e-01
2.705171526511959690e-01
2.707576561120879632e-01
2.709012789621974004e-01
2.709054027492234784e-01
2.710719905592244849e-01
2.710936827847938435e-01
2.710947185099941703e-01
2.711050093175439990e-01
2.711170756699463613e-01
2.711232548337576542e-01
2.712098478365225218e-01
2.712737664644321312e-01
2.714428479502588032e-01
2.714430804709752065e-01
2.715742138417421292e-01
2.715792019169797622e-01
2.716086435193648674e-01
2.716880663783729499e-01
2.717618530002107735e-01
2.717764665148125203e-01
2.717837759820464494e-01
2.720580764781123650e-01
2.722018158586423930e-01
2.723866844367952567e-01
2.724308506940141816e-01
2.724984302838855399e-01
2.727693258317412939e-01
2.728075392907282626e-01
2.729132202404561669e-01
2.729570891246874687e-01
2.729929851402938534e-01
2.730541379995264362e-01
2.730707304610871522e-01
2.733138117656891408e-01
2.735195072496771629e-01
2.735539630602616956e-01
2.735705527667416370e-01
2.736774591299012682e-01
2.737503535233085650e-01
2.737724290851979991e-01
2.738377171726429915e-01
2.738682176193020235e-01
2.738872985181881603e-01
2.739238885948624969e-01
2.740425324868460133e-01
2.740645608282582524e-01
2.741137541616066597e-01
2.741643626067140627e-01
2.743392018432972423e-01
2.743493942829354215e-01
2.743756735426643445e-01
2.744324541133328910e-01
2.744991663571964557e-01
2.749928679336834381e-01
2.751989528710829247e-01
2.753623122258259115e-01
2.754100292986655374e-01
2.756966421697976677e-01
2.757076760396715565e-01
2.758454400979059584e-01
2.760097128265003863e-01
2.760252709001518312e-01
2.761483136097938051e-01
2.762172303148011099e-01
2.762373545379301909e-01
2.764607817851763016e-01
2.765052303625359920e-01
2.767437672873900301e-01
2.769361126755501834e-01
2.772396973468494452e-01
2.772515396697384782e-01
2.774478010627685065e-01
2.776749226304555118e-01
2.777269947690602647e-01
2.777521285441236221e-01
2.778545015315038724e-01
2.779284747413367507e-01
2.779769617547078742e-01
2.781130696337674180e-01
2.782095886626170245e-01
2.782276225696069805e-01
2.783303627889648357e-01
2.784554178320711171e-01
2.785884998381752964e-01
2.786096176442626748e-01
2.786150597277779473e-01
2.786594315812777056e-01
2.787034465637857061e-01
2.787235524572355128e-01
2.790034095890281396e-01
2.790169417058436241e-01
2.790904331719074039e-01
2.791942897884311381e-01
2.792147691978155155e-01
2.792493778424385842e-01
2.792567608121103162e-01
2.794069527491550575e-01
2.796237168000939022e-01
2.796567154810999933e-01
2.797445999148966411e-01
2.799255320418693738e-01
2.800491626011149537e-01
2.802565087378812714e-01
2.804574405957799832e-01
2.806527978170824666e-01
2.807298316819252793e-01
2.807936574263630858e-01
2.808993206795554753e-01
2.809212792694764649e-01
2.811265146044898966e-01
2.811925131331284300e-01
2.812091738191347945e-01
2.812968417915449049e-01
2.814809447135057652e-01
2.816094397926761084e-01
2.816124833479819456e-01
2.816492977090288563e-01
2.817251398058933654e-01
2.818003762725981298e-01
2.820895092177942987e-01
2.820997683399147360e-01
2.821522814511387423e-01
2.821656630997162463e-01
2.822245672435512720e-01
2.823643477477993380e-01
2.824516875423012108e-01
2.825082547709515390e-01
2.826624836154085219e-01
2.826739902604096244e-01
2.829173193448722423e-01
2.829251548113258519e-01
2.832825305356934664e-01
2.833079405045650367e-01
2.833177694776571887e-01
2.833818521250126565e-01
2.834864638713325835e-01
2.836865408780698816e-01
2.838205001940601879e-01
2.838409532968774185e-01
2.838458979696200646e-01
2.839460488500211155e-01
2.840513967975460408e-01
2.841961111266637641e-01
2.842361384998844942e-01
2.842914636373156667e-01
2.842931143546710837e-01
2.843685576587238750e-01
2.843807474100792376e-01
2.844393935865744960e-01
2.844572482701759886e-01
2.844656798784052643e-01
2.846475951224077261e-01
2.846739715077514776e-01
2.847608253263694267e-01
2.849058574366332142e-01
2.849605702220754377e-01
2.850343776613326607e-01
2.851750904250842655e-01
2.852039417560845447e-01
2.853862758771811281e-01
2.854319463539700674e-01
2.854907800325515721e-01
2.855340421919417837e-01
2.855582050140602068e-01
2.855728693650071426e-01
2.857163925486848610e-01
2.857469836964915966e-01
2.858582473350017028e-01
2.859680441573383414e-01
2.859690141867027302e-01
2.861509346326183145e-01
2.862498687386913487e-01
2.863190484485602649e-01
2.863628055693023811e-01
2.865253418689583942e-01
2.867057051261518441e-01
2.867687280468675382e-01
2.867793151627894832e-01
2.868725532023900793e-01
2.869006413898985142e-01
2.869167473970684612e-01
2.870162793222222897e-01
2.871353347133315803e-01
2.871726379279554431e-01
2.872242730985798409e-01
2.872367268647856853e-01
2.873389531761387783e-01
2.877346817239245791e-01
2.877873080292105423e-01
2.879310924085817791e-01
2.879837130054442862e-01
2.880146594874870569e-01
2.881786276349767029e-01
2.882055428635196259e-01
2.882234625059351130e-01
2.884434199826561018e-01
2.884565701722784925e-01
2.886415893822182333e-01
2.886563164597746867e-01
2.888145165090794664e-01
2.888869592808932518e-01
2.889704585129087011e-01
2.891850825963745986e-01
2.892084714892129149e-01
2.893140134227119020e-01
2.894475739024688909e-01
2.894907036505777187e-01
2.895734487206689800e-01
2.895909625515956654e-01
2.897915465765203424e-01
2.899096623214690860e-01
2.900285683504776335e-01
2.900834328345781588e-01
2.902332381319214227e-01
2.904931308332457385e-01
2.905372281153930092e-01
2.907242631589518900e-01
2.907568797970032093e-01
2.909051399955470685e-01
2.909609232106450394e-01
2.911999166541240913e-01
2.912736950829371563e-01
2.914335036319981587e-01
2.914893920196691135e-01
2.916375195895404837e-01
2.916879331270857967e-01
2.916955066220021653e-01
2.917122780698838680e-01
2.917545314178340843e-01
2.919705379537742007e-01
2.920335796043736498e-01
2.920754341762282214e-01
2.922313185522401047e-01
2.922782721567866449e-01
2.922889469691261066e-01
2.922920246550622658e-01
2.923383153217077868e-01
2.925150758630907788e-01
2.926998095437513547e-01
2.928861205530965406e-01
2.929351728136811439e-01
2.929938172356034709e-01
2.930498902108508719e-01
2.932588640918874501e-01
2.932867424407578638e-01
2.933149867975133329e-01
2.934239499211144242e-01
2.934413724461202300e-01
2.934966519702385535e-01
2.936331641198555165e-01
2.936432859541991958e-01
2.936593716916292562e-01
2.937918066638087744e-01
2.940906427152840119e-01
2.940942528987416926e-01
2.941243274581548661e-01
2.942876765850332421e-01
2.944674068378255738e-01
2.944845881151121891e-01
2.945615021035148384e-01
2.947637815930795324e-01
2.950476404505224526e-01
2.953324425337356951e-01
2.953591026564024724e-01
2.954820898733064305e-01
2.957907617711464932e-01
2.958314749805593946e-01
2.959092055339966332e-01
2.959504787018906180e-01
2.960864274404834684e-01
2.961627234513236617e-01
2.961636180634920068e-01
2.961839408682427344e-01
2.962748740359428257e-01
2.963019587934577759e-01
2.964468157795216996e-01
2.965501156548808193e-01
2.965780484490179170e-01
2.966246678713197471e-01
2.968949811486779056e-01
2.970471539725005883e-01
2.972053233014601004e-01
2.972076788810203429e-01
2.972589304329152360e-01
2.972701698736305298e-01
2.973594840725377608e-01
2.975742885434251028e-01
2.975951177621243837e-01
2.977221901893546963e-01
2.977343549472830642e-01
2.977689574603160083e-01
2.978187476931687394e-01
2.978284411206607585e-01
2.979289960262601067e-01
2.982862428620973172e-01
2.983734927475530929e-01
2.984319808060081347e-01
2.985165436652051363e-01
2.985637465937238666e-01
2.985981661098575102e-01
2.988810368129460882e-01
2.992640226201150333e-01
2.994735490113600851e-01
2.995950795499357500e-01
2.996801453992845587e-01
2.997321409258382197e-01
2.997404332173664310e-01
2.997563680106780648e-01
2.997785189495250635e-01
2.998284331052684659e-01
2.998758827632921897e-01
2.998946270959880755e-01
2.999873904837214167e-01
3.000212978467094449e-01
3.001282439559756487e-01
3.001675682391992117e-01
3.001809309740381959e-01
3.002285041461577597e-01
3.002588082415122428e-01
3.002685081312699289e-01
3.002716983548032736e-01
3.003165437984347541e-01
3.003543336390430141e-01
3.003971285463346019e-01
3.004413918735922007e-01
3.004926843793509494e-01
3.007716749003054302e-01
3.010921515004824078e-01
3.011154944168527581e-01
3.011581414991971184e-01
3.011973417231689210e-01
3.013018644154599746e-01
3.016646539206598310e-01
3.016670025994597770e-01
3.018305679139811071e-01
3.018676291004680490e-01
3.020289072756782711e-01
3.021337841567633409e-01
3.022769206331368252e-01
3.023184613865949055e-01
3.024489306750702822e-01
3.025229494995709811e-01
3.027758695197292904e-01
3.028945863687911300e-01
3.031422535987991496e-01
3.031615690169584543e-01
3.031843340424373867e-01
3.032384633121788520e-01
3.033055783030588204e-01
3.033483491390424613e-01
3.034072332341617440e-01
3.034082825238900716e-01
3.034606077452598472e-01
3.034837123724544727e-01
3.036039331983300116e-01
3.036727803286832228e-01
3.037211594592473807e-01
3.039010818343025333e-01
3.043272034515476232e-01
3.043480912654904502e-01
3.044885755415179251e-01
3.046517759695533401e-01
3.046680342239987405e-01
3.047937164019876022e-01
3.048337083190106322e-01
3.049467494518970367e-01
3.049525814724783346e-01
3.049587996472989948e-01
3.050547031946621579e-01
3.050898610171006720e-01
3.051324629155636181e-01
3.052574965839860988e-01
3.052936523409102709e-01
3.054224966781129424e-01
3.054681307541217694e-01
3.055491310901082280e-01
3.055712331393207748e-01
3.056512761061340733e-01
3.057402866142091558e-01
3.057759814606675897e-01
3.057871554673257108e-01
3.058762003188100209e-01
3.058806370584257750e-01
3.060891891733762971e-01
3.063617744807867194e-01
3.063986984745599718e-01
3.064019496691017252e-01
3.064809911533846187e-01
3.067586280232375562e-01
3.067653076246213417e-01
3.069625829371410153e-01
3.070704389886654284e-01
3.072878427802681611e-01
3.073553812187209133e-01
3.073704550495918730e-01
3.073774043979943804e-01
3.073828066202713427e-01
3.075406689062393784e-01
3.075783193014515748e-01
3.076072819954671078e-01
3.077526005343130810e-01
3.077656388555014555e-01
3.077705691700033386e-01
3.078189200889359101e-01
3.078297326282288249e-01
3.079695366015936520e-01
3.081083443999094174e-01
3.082204362895001326e-01
3.085557129484539640e-01
3.085820300373138814e-01
3.085958048830513278e-01
3.086882167361101326e-01
3.089595029179367236e-01
3.093862088390596510e-01
3.095366173745481841e-01
3.096103166641798743e-01
3.097688523781785830e-01
3.098261979564597146e-01
3.099963091448325603e-01
3.101124327609824927e-01
3.101124781318536083e-01
3.101131015570949279e-01
3.101472033548045015e-01
3.102179474033646689e-01
3.102421539257380623e-01
3.102583168022140514e-01
3.103133068946219431e-01
3.104762622830594121e-01
3.105125939742398589e-01
3.106033885836225750e-01
3.106358153460618277e-01
3.106851413071342605e-01
3.108926631116747386e-01
3.109024329166939493e-01
3.109385766311916210e-01
3.109996432041687298e-01
3.110297007329951846e-01
3.112138495084069145e-01
3.112375509726352241e-01
3.112524063305135980e-01
3.114430941311784329e-01
3.115285067784202555e-01
3.118036254019786457e-01
3.118879501800114196e-01
3.119592244286340521e-01
3.120304491162688154e-01
3.120871687989206222e-01
3.120900307277786334e-01
3.121587243092381891e-01
3.122570143447447877e-01
3.124895774413617433e-01
3.125897023657959739e-01
3.128411690351151631e-01
3.128640539503169116e-01
3.128922958117732467e-01
3.129032586716993802e-01
3.130904935962248170e-01
3.132617385757684447e-01
3.132664454703097401e-01
3.133413346420653722e-01
3.136079792066662209e-01
3.137747898173702255e-01
3.138395020434470717e-01
3.138491240899981549e-01
3.138760810313058203e-01
3.139448222348846240e-01
3.139970020908267045e-01
3.140780527803452293e-01
3.141020853483385555e-01
3.143583356758901659e-01
3.143720769623625788e-01
3.145355337805437745e-01
3.147184496346785987e-01
3.147800086418661158e-01
3.148370413929844069e-01
3.149302556732649916e-01
3.149948888932629920e-01
3.150671792158420970e-01
3.151339748936507479e-01
3.152005828823506994e-01
3.153417893310910269e-01
3.153994151319876593e-01
3.158658780979005654e-01
3.159325960013366075e-01
3.160299252976649931e-01
3.161453429316226638e-01
3.161466325207898942e-01
3.161730762817693274e-01
3.162462097908229075e-01
3.165680354989270362e-01
3.166179296090816386e-01
3.169024326522025814e-01
3.171116726424346166e-01
3.171460278564818824e-01
3.172032521066871502e-01
3.172593752826018965e-01
3.176320087374001067e-01
3.178170510319738296e-01
3.178371769372010935e-01
3.180384546550574787e-01
3.181260216457303946e-01
3.181571306034788882e-01
3.182027105584642190e-01
3.184754614854788946e-01
3.185177854891571014e-01
3.186377315001115984e-01
3.187487046576673033e-01
3.188950126430898369e-01
3.189920535196087426e-01
3.190250621313103219e-01
3.190534385902838443e-01
3.192156929315254632e-01
3.192376473222501843e-01
3.192821795701334953e-01
3.193292025390923050e-01
3.193477100569300231e-01
3.193867794133573024e-01
3.194033509187199082e-01
3.194216811610232076e-01
3.195203034496870154e-01
3.196318009110573066e-01
3.198235504740430946e-01
3.198312408273546459e-01
3.198940124009411745e-01
3.199156577470200769e-01
3.199818870136552085e-01
3.201563888726096652e-01
3.202496227672512186e-01
3.202654380009204438e-01
3.202962003983719219e-01
3.203092149355966090e-01
3.203273102432668273e-01
3.203826604820787516e-01
3.204353475695867481e-01
3.204364213191369659e-01
3.204857455922953680e-01
3.206746749468549762e-01
3.207819766790618865e-01
3.211836413677419122e-01
3.212778487958544149e-01
3.214747678114732166e-01
3.215488587109483487e-01
3.215841259031985144e-01
3.217028957792849031e-01
3.217301710879237331e-01
3.218525250730175924e-01
3.219307639327967374e-01
3.220639909481907148e-01
3.221008609906638731e-01
3.224171792796126090e-01
3.224545767363868332e-01
3.224630977200445558e-01
3.225442822510993235e-01
3.225597047006406592e-01
3.225731361384053253e-01
3.225777931592167524e-01
3.226452246911500898e-01
3.227307169926966202e-01
3.229010263610030962e-01
3.230679056837020835e-01
3.230680824170962251e-01
3.231294768265464690e-01
3.231940265640547150e-01
3.232292260160011810e-01
3.232340922955363460e-01
3.232528018807562797e-01
3.232766590644697846e-01
3.233081352139184905e-01
3.233583370792906253e-01
3.233891912756235998e-01
3.234290237256112199e-01
3.234941476659388138e-01
3.235446129120176928e-01
3.235651093759055463e-01
3.236510714332820338e-01
3.239200664084870285e-01
3.239536272813340889e-01
3.241960689042615029e-01
3.244041950636802341e-01
3.244086290950830009e-01
3.244767577229707989e-01
3.245673940773282640e-01
3.245948536336722978e-01
3.246803719137272282e-01
3.247698469821583833e-01
3.248102030975800192e-01
3.250464487083783438e-01
3.254645895156286217e-01
3.255608493408697623e-01
3.257331408203200107e-01
3.257437937352223312e-01
3.258163981193206160e-01
3.258648216055048952e-01
3.259093534673847548e-01
3.260401613535349186e-01
3.261292828117688947e-01
3.261712646163135720e-01
3.261845728629075847e-01
3.262404276142901183e-01
3.262889215006041788e-01
3.262915806045260103e-01
3.263884699173515980e-01
3.264116545356531840e-01
3.264839963823176761e-01
3.266788519892699916e-01
3.266821895341016635e-01
3.267582436538732926e-01
3.268939707384825866e-01
3.269000009024589648e-01
3.269569818798467309e-01
3.271527315407630754e-01
3.273875598792405639e-01
3.274123970504985159e-01
3.274326939898106748e-01
3.275975379586609781e-01
3.276222708375822190e-01
3.276374188143992283e-01
3.276590184990241239e-01
3.277150386556147987e-01
3.277280597291892250e-01
3.277471826423786760e-01
3.278800987856934079e-01
3.281969723566568464e-01
3.283873918438543482e-01
3.284017736028034262e-01
3.284307086865912439e-01
3.286251225280042432e-01
3.287473821877520685e-01
3.287522215619192445e-01
3.287789540653233145e-01
3.293086735154032163e-01
3.293674247153548507e-01
3.294187275696310313e-01
3.296098381262171917e-01
3.299928832052818062e-01
3.300215932023209398e-01
3.300655664812878753e-01
3.301333966881312976e-01
3.302115590992878436e-01
3.302850818276890088e-01
3.304798388648826357e-01
3.305470852688006667e-01
3.308244988355771854e-01
3.309147775430560379e-01
3.310643649932880073e-01
3.311353790341241554e-01
3.312685611674325847e-01
3.313940429861585990e-01
3.314945826417695640e-01
3.315672401865350505e-01
3.320249140736456495e-01
3.320525626241032091e-01
3.322813106890776802e-01
3.324012447535549253e-01
3.324132442611210658e-01
3.325092685720230090e-01
3.327524706374931363e-01
3.328537115839190763e-01
3.330146412457995475e-01
3.330213863588498135e-01
3.330908199065145681e-01
3.331876436176345324e-01
3.333440963548182645e-01
3.333464198989899430e-01
3.334074010696219670e-01
3.334763824261314791e-01
3.337012813835559810e-01
3.337119718591317619e-01
3.338664935102097497e-01
3.338841458738843748e-01
3.339364284171661423e-01
3.339396464482199400e-01
3.341449680640999897e-01
3.341523004010170106e-01
3.344236500802905132e-01
3.344986345129549177e-01
3.345018699188823108e-01
3.345355223764601704e-01
3.346641916141411266e-01
3.348454572188543366e-01
3.349072537398050109e-01
3.350784528641800875e-01
3.351161796954373329e-01
3.351215632158069946e-01
3.353104236965434026e-01
3.353612315117793230e-01
3.354777098660693957e-01
3.355924734231733875e-01
3.357504860773863897e-01
3.359392357638733007e-01
3.361130356594937418e-01
3.361262738840745112e-01
3.361679185580147555e-01
3.361888477375559181e-01
3.362122206088430376e-01
3.363364282250976278e-01
3.364406952413855900e-01
3.364505835387364696e-01
3.364848846227881385e-01
3.365345319356419784e-01
3.365550076767728216e-01
3.365791603844954794e-01
3.366442591455461875e-01
3.367548237905629849e-01
3.369512501932578341e-01
3.369536289363327386e-01
3.370574938063710113e-01
3.370621509525562609e-01
3.370730989440784975e-01
3.371374543496712950e-01
3.371748554986820356e-01
3.372234086677158849e-01
3.374117033263975829e-01
3.375063534026727097e-01
3.375114025586306021e-01
3.375277872372219878e-01
3.375408340255339201e-01
3.375837271963797459e-01
3.376302487449480694e-01
3.376424079638756792e-01
3.376600292048374530e-01
3.378379966482530916e-01
3.378553502664691788e-01
3.378866229820735034e-01
3.379312813516925917e-01
3.381183649870611041e-01
3.381858460865247995e-01
3.382619157502327889e-01
3.382709691988378120e-01
3.383711458669704242e-01
3.385615745173612967e-01
3.387308806777092896e-01
3.388286561642838146e-01
3.388662338247585559e-01
3.391766466734411622e-01
3.393676076063336100e-01
3.396424586872157647e-01
3.396839487014838288e-01
3.397002281516898758e-01
3.397091877964897866e-01
3.398159678437676079e-01
3.398549969600648812e-01
3.398640541728408238e-01
3.401105470249887186e-01
3.401718861516007664e-01
3.401764987882394675e-01
3.401895796608269129e-01
3.403927918358243820e-01
3.404764973961565411e-01
3.405050836699663463e-01
3.405073416741797865e-01
3.405823102253837109e-01
3.405970340349362968e-01
3.406835523757684170e-01
3.409055700845778358e-01
3.409108648050121482e-01
3.411366943296316179e-01
3.412024247193958804e-01
3.412100990078433260e-01
3.414147423161384975e-01
3.415556363253763883e-01
3.415862501872891643e-01
3.415883029751829447e-01
3.416664644633594095e-01
3.417149559900973244e-01
3.417188374636472847e-01
3.417479924397089364e-01
3.418684673166544896e-01
3.419616200405873885e-01
3.421009056263302206e-01
3.421936494340720447e-01
3.422970347428181959e-01
3.424225823882281472e-01
3.424725502008142408e-01
3.425861114215016379e-01
3.426247416446247529e-01
3.427242280761057525e-01
3.427687575570064205e-01
3.428069136778434389e-01
3.428100537410803117e-01
3.428740174730330326e-01
3.431065909101010947e-01
3.432050993140179362e-01
3.433795040242029750e-01
3.436364975450760251e-01
3.436625921602985967e-01
3.437167496730324512e-01
3.440051250009791284e-01
3.440279573178920969e-01
3.441327066534297652e-01
3.443270702842466946e-01
3.444383684660355383e-01
3.445091195973511988e-01
3.446071100242401597e-01
3.447548457644428743e-01
3.448135609855823014e-01
3.450401284393344592e-01
3.451381080015235581e-01
3.451713210566366152e-01
3.452000234400272038e-01
3.455967623790464072e-01
3.458093489277523358e-01
3.460206607057271788e-01
3.463913941177750866e-01
3.464160845180572212e-01
3.466425270976870587e-01
3.466926018479823957e-01
3.467184053533522992e-01
3.468178386872063368e-01
3.468215831097186674e-01
3.468437573222984960e-01
3.469060756415806579e-01
3.469620822496502499e-01
3.469997359013733407e-01
3.470431793201609882e-01
3.471457392334268977e-01
3.471759015636340373e-01
3.472923681912842286e-01
3.475250325368403059e-01
3.476258089956237307e-01
3.477435476013140958e-01
3.479302500399980014e-01
3.479908156612206427e-01
3.480248463381421797e-01
3.481129253580201866e-01
3.481379669414406686e-01
3.483581643676327833e-01
3.483677927235871441e-01
3.485015028241696400e-01
3.485887357043057078e-01
3.486527521162949284e-01
3.487093190494531814e-01
3.487288158465475796e-01
3.488291530290571485e-01
3.489802177179268106e-01
3.491088434091926818e-01
3.491228171286537840e-01
3.492460766212152623e-01
3.493865265604173542e-01
3.495074933986438426e-01
3.496328708956491504e-01
3.497375395051515179e-01
3.499315047536538104e-01
3.499711775760959709e-01
3.500749401309271591e-01
3.502901104278302591e-01
3.503016670549105038e-01
3.503931880922053210e-01
3.504778359231935925e-01
3.505187885609548637e-01
3.505550476652796732e-01
3.506026991382244495e-01
3.506717833375291304e-01
3.509738873901528944e-01
3.509817949752634392e-01
3.510026837766329066e-01
3.510139735321310961e-01
3.511729467433695184e-01
3.511848805803175488e-01
3.511920034801594981e-01
3.512051122692216309e-01
3.512922334078303899e-01
3.513153597007367401e-01
3.513704985406578829e-01
3.514324879955202929e-01
3.514478929813371622e-01
3.514644752875554778e-01
3.515291611990123410e-01
3.518048582030349758e-01
3.518368391698822317e-01
3.520096893354824896e-01
3.521323306456491387e-01
3.521607978780991188e-01
3.521858311485536186e-01
3.522452251055793737e-01
3.524721362337571717e-01
3.526037328514963765e-01
3.526091058536538481e-01
3.526851708573425226e-01
3.527095762569608661e-01
3.527595062586385555e-01
3.529070935359919781e-01
3.531176870748370389e-01
3.531941313581352104e-01
3.532868688354113829e-01
3.534612059412454155e-01
3.535199275611778380e-01
3.536251488096415763e-01
3.540687991194685913e-01
3.540906182123304546e-01
3.545423434945444430e-01
3.547008733454064533e-01
3.547151763235850130e-01
3.547692052034329135e-01
3.549086575516850472e-01
3.549444322528541584e-01
3.550180507227526094e-01
3.550577667316942021e-01
3.551232248926955437e-01
3.551777806129150505e-01
3.551976475655885812e-01
3.552065636517967029e-01
3.552806820388670905e-01
3.553723302250622607e-01
3.554092191988513783e-01
3.554146643596590160e-01
3.555123500117690627e-01
3.556969653243194363e-01
3.557451468371202186e-01
3.557910857307489683e-01
3.559476001084316832e-01
3.560159198036920714e-01
3.560167540679360920e-01
3.560944326499360102e-01
3.561526885771779116e-01
3.563341400264084524e-01
3.563510873372437993e-01
3.563780088726410389e-01
3.564337703153450665e-01
3.564932846882801765e-01
3.564956989577457991e-01
3.565853554649449086e-01
3.565956549262008224e-01
3.566366658941612089e-01
3.566483697582317758e-01
3.570122229193233854e-01
3.570588964175543389e-01
3.571306509841636334e-01
3.571893448624961498e-01
3.573696949179049898e-01
3.574414792365471771e-01
3.574752448143652117e-01
3.576470727870249555e-01
3.576571471088773602e-01
3.577166652319749840e-01
3.582432033551475881e-01
3.585804008620123717e-01
3.586672000225367141e-01
3.587296257784983733e-01
3.588267270331051417e-01
3.588677844487655477e-01
3.588733388556196724e-01
3.589687549216395990e-01
3.590796114051678090e-01
3.591062364477391466e-01
3.594188645224201117e-01
3.596054340279623007e-01
3.596498910105986324e-01
3.596875044087706197e-01
3.597754733344858957e-01
3.601389315956348702e-01
3.601939702053766346e-01
3.601944766450761448e-01
3.602258318915887436e-01
3.602746405218958947e-01
3.602898414249015024e-01
3.604068320536957803e-01
3.604466271820745416e-01
3.604744839546680790e-01
3.605372149021510153e-01
3.605484426843697521e-01
3.608623834016822518e-01
3.608715316503114945e-01
3.608865233751817336e-01
3.610031374776318525e-01
3.610408424307062769e-01
3.610507951253385528e-01
3.611864889499103448e-01
3.612339587526318119e-01
3.614899746748756471e-01
3.615780926413098006e-01
3.619707454780005107e-01
3.619859535932151151e-01
3.620087870895305482e-01
3.621638708439214871e-01
3.621756863907775181e-01
3.622108074670929434e-01
3.622951741969711592e-01
3.623305800998859461e-01
3.624024424409209022e-01
3.624457534477755205e-01
3.624564060343471450e-01
3.624705756750754015e-01
3.628794103668228077e-01
3.628905214169880766e-01
3.629079805147431559e-01
3.629643033011163422e-01
3.630782921136812003e-01
3.631146668009880285e-01
3.631664836533528007e-01
3.631858320243819827e-01
3.632593595204560710e-01
3.633621228516224488e-01
3.635249575089800067e-01
3.635371582924113443e-01
3.636456057402109310e-01
3.636680177577885087e-01
3.638314296180546470e-01
3.638838219503405247e-01
3.639595553413906281e-01
3.639919896217507223e-01
3.641774015196976855e-01
3.641840158612951739e-01
3.643452146104353973e-01
3.644229780525974904e-01
3.644278000364666315e-01
3.644343806543507980e-01
3.647658590661814193e-01
3.648464031745709546e-01
3.649317146795553191e-01
3.649336612938494651e-01
3.649868084394012890e-01
3.650819735513413100e-01
3.650858201048673979e-01
3.651502875434917139e-01
3.651691759585234398e-01
3.651840884577578494e-01
3.652200417463757343e-01
3.655045472469770074e-01
3.655510653801019028e-01
3.656522822541459217e-01
3.657216485847131771e-01
3.657991552968760662e-01
3.658668866779893891e-01
3.659950399219670802e-01
3.660813699955906553e-01
3.663627150944568367e-01
3.663715107028380769e-01
3.665955262749279187e-01
3.666812739029827739e-01
3.667380503810865333e-01
3.667549832703630441e-01
3.669203976481694718e-01
3.669345787301856454e-01
3.673117880028314852e-01
3.675344137116243748e-01
3.675456390862102407e-01
3.676894993492757502e-01
3.679061619415665008e-01
3.679164212203755446e-01
3.679876220527096287e-01
3.681755568096893860e-01
3.683024026283890362e-01
3.683056520263961464e-01
3.683092288576165774e-01
3.685566856353615917e-01
3.686558561941455370e-01
3.687334310463631359e-01
3.688848522373016636e-01
3.691272493996383686e-01
3.692208165122712882e-01
3.692562224798714432e-01
3.693260190477727356e-01
3.696118073189271769e-01
3.698323345057814571e-01
3.699123590832377739e-01
3.700466586967861571e-01
3.701174264756255661e-01
3.703288839169986413e-01
3.703540187327967748e-01
3.704666114679198152e-01
3.704877827871987939e-01
3.705325127821493258e-01
3.705691238844605051e-01
3.706839529062147531e-01
3.707590490680973128e-01
3.707948204070651288e-01
3.710352227351966792e-01
3.711271564272700108e-01
3.712347840243611641e-01
3.712785006947987299e-01
3.713111746419502368e-01
3.713930021221110156e-01
3.714665399898417486e-01
3.715055641052271151e-01
3.715182184406529142e-01
3.715415528022674163e-01
3.717218385526819824e-01
3.717353839181654629e-01
3.717998279055128030e-01
3.726948424691680084e-01
3.727450665798091034e-01
3.727674655082002797e-01
3.727777885768792099e-01
3.731972412786474513e-01
3.732130350946698538e-01
3.732200601845502286e-01
3.732477311817657961e-01
3.733274907313044455e-01
3.734266793872219603e-01
3.735191603772241575e-01
3.735352065792866827e-01
3.736454157556076683e-01
3.737292238353009943e-01
3.737395016155851124e-01
3.737624689668453959e-01
3.737739830985568612e-01
3.738937956532962237e-01
3.738949741883315636e-01
3.739463831470279387e-01
3.740422931329518419e-01
3.740755536774179046e-01
3.741550624317911411e-01
3.741822142041060784e-01
3.743414358874357362e-01
3.746643175223339228e-01
3.747091679088815908e-01
3.747222738026932953e-01
3.747686925544253533e-01
3.748757958722114259e-01
3.752015207723649604e-01
3.752059705435705772e-01
3.752313619680885393e-01
3.753419594969804596e-01
3.753679388001585626e-01
3.754228683105206299e-01
3.754642109152064866e-01
3.754744589474871552e-01
3.757750705338736563e-01
3.757812087006115465e-01
3.758186692018508079e-01
3.758699854189387346e-01
3.759145306032022904e-01
3.759232134832430905e-01
3.759586104080078206e-01
3.759825407568278544e-01
3.763379767456198621e-01
3.763584417492070733e-01
3.764392147495888574e-01
3.764582537030420895e-01
3.767011840798824562e-01
3.767021970407946063e-01
3.768792669270835671e-01
3.769382222895241719e-01
3.770330308322629165e-01
3.771259604478615080e-01
3.771433209935904363e-01
3.773583967006585715e-01
3.773781265514851158e-01
3.775567539969223452e-01
3.775610274094787777e-01
3.775616301299871136e-01
3.776451218268876420e-01
3.777299143658948144e-01
3.777992721993893577e-01
3.778981347140216718e-01
3.779452683511535516e-01
3.780027784626755483e-01
3.780120443178645595e-01
3.780140888196952265e-01
3.780821386022078512e-01
3.781550586482168574e-01
3.782135725668241966e-01
3.782924488442154787e-01
3.783532833716584665e-01
3.784366371638298032e-01
3.785179231438780545e-01
3.785856942602544573e-01
3.786235941366908331e-01
3.786870669539519896e-01
3.787870412007320331e-01
3.787915864632898644e-01
3.788378255909754522e-01
3.788477701954908738e-01
3.790410879389572441e-01
3.791131797196020670e-01
3.792055548423807765e-01
3.792083257624858650e-01
3.794261680069325182e-01
3.794495121039274665e-01
3.796230462687129048e-01
3.796685799139961071e-01
3.796958750791575299e-01
3.797723428067139584e-01
3.797921711176085457e-01
3.800046164529710668e-01
3.801671512005409537e-01
3.802213222890440947e-01
3.804345395798680030e-01
3.804596499933444731e-01
3.804773925946832724e-01
3.805338088142237174e-01
3.806379649158436740e-01
3.806449865679205624e-01
3.807592959910791608e-01
3.810164206436525425e-01
3.810264335327843699e-01
3.812109996262481593e-01
3.812727284480060819e-01
3.813261286064457134e-01
3.813393854788669768e-01
3.814236261738473410e-01
3.815990056585708556e-01
3.816988032543232601e-01
3.818749871649606553e-01
3.819194354056869578e-01
3.821041301033818449e-01
3.821532047502338436e-01
3.829884945890319470e-01
3.834050699973503007e-01
3.834184279519089467e-01
3.834247310890102067e-01
3.835576547269902714e-01
3.835860052894598526e-01
3.836299291882178664e-01
3.838208155722500625e-01
3.839147116786836844e-01
3.839719702213124086e-01
3.841183759150608168e-01
3.842940315663956330e-01
3.843701488360775631e-01
3.843718300313057057e-01
3.845448551055972164e-01
3.845878472608358911e-01
3.847391610853139188e-01
3.847456161246027295e-01
3.847730117992052556e-01
3.850946174979746894e-01
3.851092992239989465e-01
3.852843182576303205e-01
3.853475252717156185e-01
3.854270165052315900e-01
3.854717680797035140e-01
3.854944981069923227e-01
3.857183185171755291e-01
3.857193933554247112e-01
3.858393848716232810e-01
3.858414824785369457e-01
3.858446128203121273e-01
3.858481174862730678e-01
3.860404200809761099e-01
3.860658568347105635e-01
3.861692979423713701e-01
3.862557368477567699e-01
3.864499383515165865e-01
3.865098924272305503e-01
3.867085403698514723e-01
3.867355309139245412e-01
3.869680473376380658e-01
3.869835618883978312e-01
3.870219907666206938e-01
3.870513376035198960e-01
3.872768553852512508e-01
3.874273888708127944e-01
3.877228231334487463e-01
3.878293436949947770e-01
3.878593586895331402e-01
3.879272959497247486e-01
3.879596166401934054e-01
3.879984255388758685e-01
3.880929042232619808e-01
3.881354404204300224e-01
3.882769890524998546e-01
3.883820187680573910e-01
3.885168692864565121e-01
3.885627454277687520e-01
3.886025556016602378e-01
3.887745786732417774e-01
3.888271848492151905e-01
3.889175752886795401e-01
3.890290361032947564e-01
3.891400000360037970e-01
3.891461319040208089e-01
3.896366525122575419e-01
3.899182407024888164e-01
3.899991125099032119e-01
3.901172570518009475e-01
3.901874999421969803e-01
3.901914010798549493e-01
3.901982696071556456e-01
3.902132997338432774e-01
3.902511289353600143e-01
3.902969349724826897e-01
3.906694838334239805e-01
3.907991551818752463e-01
3.909567053453710250e-01
3.909751258027731602e-01
3.910052025921416097e-01
3.910277473941348170e-01
3.910728419464417072e-01
3.911433035188059959e-01
3.911793873905883845e-01
3.912186197807162036e-01
3.912850659836278333e-01
3.913569669573169207e-01
3.913592892906970766e-01
3.913934230590153662e-01
3.915130678813217302e-01
3.915552901211890591e-01
3.915816793886492397e-01
3.917101686979571618e-01
3.919261373228945522e-01
3.919372608389041779e-01
3.921371443652190703e-01
3.923147853831833731e-01
3.923359625704377351e-01
3.924033745337394130e-01
3.924297378931095870e-01
3.924569919036633436e-01
3.925125151065718132e-01
3.925294016644951256e-01
3.925757552325696564e-01
3.925861561841033631e-01
3.926967801049482953e-01
3.927115204094955847e-01
3.927310517580220872e-01
3.927739885911346596e-01
3.928239305534489412e-01
3.928686477856273007e-01
3.928909601592628364e-01
3.929143193959755420e-01
3.930814950146213071e-01
3.931639367619896852e-01
3.931673100436430812e-01
3.933125787623434899e-01
3.933559633894367358e-01
3.934402849976231242e-01
3.936265560647724815e-01
3.936621291548442203e-01
3.936801622783200894e-01
3.938923704721074559e-01
3.940735444119798370e-01
3.941447128361647567e-01
3.944303619389152860e-01
3.944404524731262018e-01
3.945649540902051444e-01
3.946195151747518559e-01
3.946961979259463460e-01
3.950198158353581679e-01
3.951154601162463753e-01
3.951269011257705910e-01
3.953162641217632389e-01
3.953183261832159956e-01
3.953316149435969762e-01
3.954107778884526914e-01
3.957450497360768260e-01
3.957731299536358938e-01
3.958285343479759910e-01
3.959902017507826444e-01
3.959929072838265229e-01
3.959929324386364247e-01
3.960852699133075028e-01
3.962503275232585054e-01
3.962706835107998038e-01
3.963023286904571729e-01
3.963746431607805820e-01
3.964386746571819664e-01
3.964450737701070704e-01
3.967483443559893241e-01
3.967534984627368866e-01
3.969334719991320926e-01
3.969704165883922720e-01
3.969979433788174972e-01
3.974222607689472109e-01
3.974362042584053123e-01
3.978012383990845446e-01
3.978579400228794416e-01
3.980446218834078898e-01
3.980633531356232435e-01
3.982749552890243461e-01
3.985478647164140131e-01
3.985483819612778422e-01
3.986643110389190836e-01
3.986720490235996506e-01
3.987660315893544749e-01
3.988281172171443401e-01
3.988718810413575122e-01
3.989728017164975160e-01
3.989932657875890354e-01
3.990759483216481662e-01
3.991649226449768828e-01
3.992783944297456644e-01
3.993739753017222505e-01
3.994109456171342498e-01
3.995091468924547584e-01
3.996012211800940572e-01
3.997150790429298550e-01
3.998999054199252612e-01
3.999120168972500333e-01
3.999342789791055508e-01
3.999865393783677003e-01
4.000052409040089629e-01
4.000553062159981077e-01
4.001310761281708372e-01
4.002036415035090111e-01
4.002096289749081381e-01
4.003274289642551609e-01
4.006971445348683214e-01
4.007741864146163180e-01
4.008514019403058848e-01
4.008707308793298951e-01
4.009282910037211822e-01
4.009753900271194049e-01
4.011293435070530378e-01
4.011457530459964782e-01
4.011828527277742640e-01
4.012881291039552267e-01
4.013960973010644584e-01
4.014178407524170988e-01
4.014406515037179379e-01
4.016846952572883933e-01
4.017455568637987584e-01
4.017621085319013075e-01
4.020085272887413130e-01
4.020330638548227364e-01
4.022038533636493329e-01
4.022119472968030407e-01
4.023197722774760621e-01
4.024728121353495780e-01
4.025246200060311197e-01
4.025370030832190471e-01
4.025484519029075003e-01
4.026723848434525799e-01
4.027361349333645757e-01
4.028307253464472049e-01
4.028408954684267185e-01
4.028973446934239200e-01
4.031132841479934670e-01
4.033212217373579045e-01
4.033896593416732568e-01
4.034940572187786789e-01
4.035573782008248234e-01
4.037649396683213876e-01
4.038946681709006947e-01
4.041361625189743845e-01
4.041447192171960245e-01
4.041990326354615859e-01
4.042159286164621057e-01
4.042841080556043853e-01
4.044247954531153266e-01
4.049179069330524072e-01
4.050378718716478033e-01
4.051586384922300499e-01
4.052074734689328772e-01
4.053302796360500060e-01
4.057807311752331669e-01
4.058047434768866646e-01
4.058167829484815581e-01
4.058453318054837111e-01
4.058805490403035732e-01
4.059116801676585506e-01
4.059343991836590337e-01
4.061797265724501060e-01
4.063896474319429464e-01
4.064121209922160749e-01
4.064862992293321597e-01
4.066166057626638963e-01
4.066862326099472402e-01
4.067026387717441738e-01
4.067130922135470672e-01
4.067187249042255592e-01
4.067602851994229218e-01
4.068129629501652245e-01
4.068143814396869562e-01
4.068204693213824941e-01
4.068952907073358771e-01
4.069315814986609880e-01
4.070562342659072019e-01
4.071045813803497171e-01
4.071373044906850258e-01
4.071391409793035931e-01
4.071566436504681086e-01
4.072054295382787070e-01
4.074636512371758723e-01
4.075832504727032179e-01
4.078170736468674784e-01
4.080860201524709185e-01
4.081088847052489199e-01
4.082370833653279907e-01
4.082793600760629138e-01
4.084852563704993167e-01
4.085563140464469334e-01
4.085997964818779415e-01
4.086601592395761040e-01
4.089184980388040902e-01
4.089313246051718420e-01
4.090558945507002386e-01
4.090983393160408377e-01
4.091062155104926434e-01
4.094617948947529840e-01
4.095060858972128792e-01
4.095786923419767467e-01
4.099798095150110067e-01
4.102505404065072692e-01
4.108847673649215215e-01
4.109331066346125771e-01
4.110273643287520318e-01
4.110984858745521109e-01
4.110996378515525129e-01
4.111116075522535662e-01
4.111793615178329642e-01
4.112268729143434554e-01
4.112576108218269910e-01
4.115737636798240118e-01
4.116170465165585046e-01
4.116954731971061987e-01
4.116965803692651527e-01
4.117013406640215312e-01
4.117372931921560175e-01
4.117751515218132652e-01
4.119520210689566198e-01
4.119595040983439760e-01
4.119701985301740810e-01
4.120964509051532887e-01
4.122555158706583400e-01
4.122653485076459012e-01
4.122693323231979567e-01
4.122786028069288511e-01
4.123002277536855775e-01
4.123169761791549703e-01
4.124393164534507772e-01
4.125003259202956740e-01
4.125794865875437867e-01
4.127081368344195922e-01
4.127264450144013108e-01
4.127639715009732146e-01
4.129671282315123815e-01
4.130677199177394399e-01
4.130994955116619183e-01
4.131664683064389387e-01
4.131721814479254462e-01
4.133732333646975565e-01
4.137473861022339938e-01
4.137772439600150287e-01
4.137910505076430878e-01
4.138614189117598707e-01
4.139138625029750163e-01
4.139379526923165908e-01
4.139422878340598411e-01
4.141238969630670619e-01
4.141615592553957170e-01
4.141625286813079843e-01
4.142608720560276847e-01
4.144820453181638498e-01
4.146079334172201869e-01
4.147612001555928685e-01
4.147977199417979266e-01
4.148646270842775707e-01
4.149090887988687859e-01
4.149147051770987749e-01
4.149241215943371697e-01
4.149542308440749006e-01
4.149744268284868420e-01
4.150718503255376723e-01
4.151224210294485184e-01
4.151444260354329452e-01
4.151946331086560638e-01
4.152207420746309996e-01
4.152986240023705533e-01
4.154852221684169900e-01
4.155767573601691911e-01
4.156670264901194956e-01
4.157218074517952666e-01
4.157926555643534083e-01
4.158043622378629345e-01
4.159261954583268195e-01
4.159845756632553626e-01
4.160031970721719263e-01
4.160093523915744385e-01
4.160777255923563400e-01
4.163444643242072418e-01
4.164100571529420480e-01
4.164543173462466052e-01
4.165317377716682423e-01
4.165591692795741485e-01
4.165894945604559085e-01
4.165954213893954261e-01
4.167090274171690312e-01
4.167196166053618867e-01
4.169531757288399976e-01
4.170329076697487647e-01
4.170964373744470710e-01
4.172513691292544791e-01
4.173601977665401530e-01
4.175755247852095398e-01
4.178708752078147959e-01
4.180077694762590057e-01
4.180507637119607600e-01
4.181171228171715604e-01
4.184678111252921884e-01
4.185276812175754979e-01
4.186600197277491886e-01
4.187865785442178024e-01
4.188531589087313711e-01
4.190474761105807411e-01
4.190602815769116640e-01
4.191018458798436708e-01
4.191054541707712744e-01
4.193839354539606323e-01
4.196676488017762052e-01
4.197575624191243748e-01
4.197899321123470529e-01
4.198209938806660158e-01
4.201205349428435154e-01
4.203151285547747640e-01
4.205346670774166018e-01
4.206022213728041748e-01
4.206053368920787960e-01
4.207841900007167624e-01
4.208073681988512837e-01
4.208708472917665477e-01
4.208897382716939584e-01
4.210411335418628442e-01
4.210420980876936059e-01
4.210721633448250012e-01
4.211084900264990272e-01
4.211224733924456842e-01
4.211863222009026853e-01
4.212537819795389993e-01
4.213639255106652604e-01
4.213774069649184328e-01
4.213975367801544025e-01
4.214972530224680436e-01
4.215753869787140506e-01
4.217083979982250708e-01
4.219718961859435513e-01
4.220318814687560871e-01
4.220681642039814108e-01
4.222170898968152231e-01
4.222339514178741759e-01
4.224502460706038853e-01
4.225963505807923681e-01
4.227115690394554481e-01
4.227535098531904345e-01
4.228354686724959954e-01
4.228824899064022036e-01
4.233340558937266906e-01
4.234688759447012285e-01
4.234886200075878571e-01
4.235177409022401473e-01
4.239028513631305506e-01
4.239750087910532095e-01
4.241306647041569455e-01
4.241368557707004827e-01
4.242096757138781316e-01
4.242478255169898071e-01
4.244038411194421268e-01
4.245322258070238219e-01
4.245929872358358836e-01
4.246177762923650234e-01
4.246202749346522087e-01
4.248159929295161064e-01
4.248993957288501599e-01
4.249378806215121651e-01
4.251977097250025373e-01
4.253616184406111556e-01
4.253652295786989890e-01
4.254544605428589588e-01
4.254835916979823884e-01
4.258229864740367132e-01
4.258233491225253964e-01
4.258563168972000490e-01
4.259064750925746212e-01
4.260262238042519800e-01
4.261172126193358833e-01
4.264141591227071371e-01
4.264275729105134749e-01
4.264358947737165728e-01
4.264535202021690341e-01
4.264960202410187917e-01
4.266231536071463104e-01
4.267408663429160809e-01
4.268348856478345610e-01
4.269398467817425158e-01
4.271323551254651574e-01
4.272494747054167985e-01
4.272526007350291311e-01
4.272701430633361608e-01
4.272759102479188331e-01
4.273322724940150641e-01
4.276086898183910634e-01
4.276924542156291253e-01
4.277947438499360988e-01
4.278044707955010462e-01
4.278111519765940285e-01
4.278927204622845482e-01
4.279358711885507538e-01
4.279558783302728764e-01
4.280051460579349931e-01
4.280997904570598700e-01
4.281206610090635967e-01
4.281301810129040097e-01
4.281874991878568681e-01
4.281878253364779785e-01
4.282173856174597559e-01
4.283419531660129231e-01
4.283583263784395134e-01
4.284424630038273785e-01
4.285546422945500922e-01
4.288623138009871605e-01
4.288965700705784645e-01
4.289449713911676620e-01
4.292208652592078844e-01
4.292736984613978457e-01
4.296842161734919507e-01
4.298235740458756782e-01
4.298533629864111916e-01
4.301286530949257614e-01
4.301523058724241455e-01
4.302040577834739810e-01
4.302556458219988222e-01
4.302982277016037527e-01
4.303060571626855513e-01
4.303209940827549818e-01
4.303472908835461741e-01
4.304089023142012582e-01
4.305465378013966227e-01
4.305502932982101516e-01
4.305694588371302700e-01
4.308534218701046692e-01
4.308538398571824524e-01
4.309878486096989092e-01
4.310257060868205592e-01
4.312039132429862920e-01
4.312114906364891143e-01
4.312542280442057119e-01
4.314185626413108432e-01
4.314204456356568462e-01
4.315017099363919750e-01
4.315396738738936921e-01
4.317195898681721600e-01
4.318631387469623606e-01
4.319840526376799161e-01
4.320592791260139398e-01
4.320644384557491557e-01
4.321710498892372132e-01
4.323275911407138961e-01
4.323688841345431078e-01
4.327528074624512611e-01
4.330780305472552993e-01
4.331364400858168096e-01
4.333186117875715282e-01
4.334600062498268902e-01
4.334655775109081399e-01
4.335543293552032718e-01
4.336761229365513337e-01
4.336927799215193891e-01
4.337321027512027749e-01
4.337366647886186644e-01
4.337524465419899111e-01
4.338739018252500967e-01
4.339828740549083741e-01
4.340065746236351774e-01
4.341333212654671092e-01
4.344994326760955317e-01
4.345564910537132453e-01
4.345725478003950593e-01
4.347555949953723631e-01
4.348685754962507422e-01
4.349541795354315288e-01
4.350279393518783344e-01
4.351226259540710295e-01
4.351302503260417454e-01
4.351456327056241191e-01
4.351568193155864739e-01
4.354513113790913770e-01
4.354678320135778047e-01
4.354853642532070523e-01
4.356043844766331885e-01
4.356573290556605693e-01
4.357196660679636402e-01
4.358142436214418325e-01
4.358408378719668130e-01
4.359206223496982502e-01
4.359439130739844459e-01
4.359820323465396497e-01
4.360131952688903745e-01
4.362189847386147568e-01
4.362694272614623392e-01
4.363474659934669653e-01
4.363568425587691646e-01
4.363665667482799493e-01
4.364304616409467319e-01
4.364851244099821059e-01
4.364897188429755492e-01
4.366027761390753326e-01
4.366738639814589096e-01
4.366832019814895771e-01
4.368722443470469119e-01
4.371173007171915148e-01
4.372287873187477025e-01
4.372708943520298708e-01
4.375092558040510338e-01
4.375981425305576211e-01
4.376852556115911619e-01
4.377565473169425236e-01
4.378602037737166497e-01
4.379395843588670956e-01
4.380152032005824037e-01
4.380605527299771818e-01
4.380789321816464521e-01
4.381755213555389439e-01
4.383793328075266671e-01
4.385875204032527175e-01
4.387215929526052660e-01
4.388950304225013865e-01
4.390440392041297102e-01
4.391069704965440690e-01
4.391280997289364607e-01
4.392777726283738082e-01
4.395268523255154713e-01
4.398214652053831220e-01
4.401201223862020173e-01
4.402884749115157370e-01
4.403118606715701322e-01
4.403525872155472087e-01
4.403975164492450189e-01
4.404971817828456371e-01
4.405916165419980213e-01
4.406344411422898899e-01
4.406638963032550316e-01
4.407165570443765668e-01
4.407312140500445619e-01
4.407852367016618089e-01
4.409663804153540756e-01
4.409963731120101205e-01
4.410148910721072846e-01
4.411071886778566431e-01
4.412535588778998541e-01
4.412815104467059379e-01
4.412837189176180286e-01
4.414265985737889086e-01
4.414296922953059865e-01
4.415104596340778675e-01
4.415946879121305235e-01
4.416915890983590942e-01
4.417140861304166277e-01
4.419330178634927053e-01
4.420376642182603510e-01
4.420467838643314384e-01
4.421009839056875279e-01
4.422150513957133211e-01
4.422845628380063232e-01
4.424611482427753817e-01
4.426981631459986910e-01
4.427108528561612411e-01
4.427553813321519760e-01
4.428065540778921005e-01
4.428589386432941200e-01
4.430054733177216097e-01
4.430186457118506227e-01
4.430736673982832996e-01
4.433491599452097365e-01
4.435214973220907853e-01
4.436200753823550391e-01
4.436965771977268158e-01
4.437073576493376081e-01
4.438132951567441142e-01
4.439141238322732441e-01
4.439250078527658960e-01
4.440173487875399005e-01
4.441736041303870342e-01
4.443146774665847620e-01
4.443965746862652555e-01
4.445769814379968987e-01
4.446434169301263784e-01
4.446532645991156940e-01
4.446557807067964552e-01
4.448361869724302697e-01
4.449793388765466706e-01
4.451133583946631500e-01
4.452283827503951130e-01
4.453241775991840790e-01
4.453776430661033903e-01
4.456349181482676669e-01
4.456726137675372512e-01
4.459111233279596798e-01
4.459124130975279932e-01
4.459702091053332484e-01
4.460429713081412451e-01
4.460951038148781578e-01
4.462826642635232544e-01
4.466132783603831147e-01
4.466958656524931404e-01
4.469009621698561419e-01
4.470270892080233094e-01
4.470961328985241234e-01
4.471519778265514167e-01
4.471867949178713331e-01
4.471990225074787828e-01
4.472257578792616650e-01
4.472993165725934195e-01
4.473195700578146417e-01
4.473790921485891192e-01
4.474149708606441345e-01
4.477027729012156287e-01
4.477584741033486249e-01
4.477942118948987638e-01
4.479025026295088141e-01
4.479353551330498284e-01
4.481183292039770949e-01
4.481248283183023595e-01
4.481847922813043672e-01
4.482330597485632007e-01
4.484433331023358615e-01
4.485133068853413008e-01
4.485338276492769616e-01
4.486196259845003365e-01
4.488410141951358345e-01
4.488460203127151993e-01
4.489069095147814048e-01
4.489215185701682098e-01
4.491012155983107879e-01
4.492823023113163283e-01
4.492952357789400386e-01
4.492974876294946185e-01
4.493587404120637507e-01
4.494929186384419295e-01
4.494950460720030794e-01
4.495799539832582847e-01
4.496332969637248378e-01
4.496513901813544156e-01
4.497802347471741014e-01
4.498130365018540022e-01
4.499439456428868667e-01
4.499870072752414907e-01
4.502315650581956152e-01
4.502361902771960800e-01
4.503996802105781350e-01
4.504913511842377205e-01
4.505568492469477215e-01
4.505696514019669197e-01
4.506207422259196904e-01
4.507001377329846736e-01
4.508836925715169475e-01
4.512010148173098978e-01
4.512718622993028283e-01
4.512956052777765126e-01
4.513745558146097792e-01
4.514534932490956720e-01
4.515213117388827135e-01
4.518510451409336048e-01
4.519206673021844978e-01
4.519841419254181925e-01
4.520370464606049410e-01
4.521624000104263463e-01
4.521692086843216440e-01
4.522122678681181340e-01
4.522653599894751464e-01
4.523344644233820433e-01
4.523698973886700059e-01
4.523791301878127280e-01
4.524296086306511810e-01
4.524728815529624470e-01
4.525474857319651267e-01
4.527767487281892933e-01
4.529150011542220078e-01
4.530158814711932047e-01
4.532245983393483058e-01
4.532561513412731724e-01
4.535488460465894045e-01
4.539130419576912767e-01
4.539130429242941300e-01
4.539255195446981195e-01
4.540871766682021970e-01
4.541395597695409569e-01
4.542219991376495458e-01
4.544325860037603526e-01
4.544456923320800978e-01
4.544634003014941803e-01
4.545485651388386783e-01
4.549697647704532000e-01
4.549801862116933937e-01
4.551427364323479829e-01
4.554303012028295128e-01
4.554728073963288937e-01
4.555023474034590736e-01
4.555146936490547804e-01
4.555317717535452005e-01
4.555417372502779672e-01
4.556062965073242599e-01
4.559413270180193156e-01
4.560440961689321560e-01
4.560508257966611745e-01
4.561915858109922839e-01
4.562088659185992157e-01
4.562702681650688818e-01
4.562746032864611334e-01
4.563120000397216658e-01
4.564412308092055670e-01
4.566657061217077040e-01
4.566778878389435303e-01
4.567033490344031832e-01
4.567136065510719045e-01
4.568267495082397045e-01
4.568551169513040966e-01
4.569067669266856924e-01
4.570368025728894223e-01
4.571788057068537081e-01
4.573237299088734886e-01
4.573307335121183370e-01
4.573604864150020988e-01
4.574209895657704306e-01
4.574394041609750605e-01
4.574480413657004418e-01
4.576884725943186627e-01
4.577974770089907608e-01
4.580485004772110735e-01
4.580825228438404895e-01
4.581753222647736434e-01
4.582637976193572604e-01
4.585127895604704795e-01
4.586428075311170249e-01
4.587272097403958804e-01
4.587394495535902506e-01
4.588083045368023249e-01
4.588586451178619519e-01
4.589515953875788479e-01
4.590618542703880922e-01
4.590788582563049558e-01
4.591671808757668005e-01
4.592984446384409947e-01
4.594419887792766666e-01
4.594983095307862975e-01
4.595334021930693735e-01
4.596563892132325968e-01
4.597623128942047166e-01
4.597965738818906578e-01
4.598391704422149506e-01
4.599507389120461309e-01
4.599853113852344633e-01
4.601361599078553910e-01
4.601438409302801014e-01
4.602113582816459991e-01
4.603602985401895054e-01
4.604075015044416519e-01
4.604705499887127851e-01
4.604760031238170903e-01
4.605276771207652553e-01
4.606173206124608011e-01
4.607325251166447533e-01
4.607410323406862518e-01
4.607451349323437584e-01
4.609452753315781970e-01
4.609666839225632362e-01
4.610249326827824956e-01
4.611087036887696611e-01
4.611707872430099719e-01
4.612937377658239968e-01
4.613193007471718676e-01
4.616137850269034226e-01
4.616167592993300484e-01
4.616457008142250129e-01
4.617943776552699831e-01
4.619884711788960208e-01
4.620052588725684362e-01
4.620848031857576754e-01
4.623679989538945767e-01
4.623731322557011469e-01
4.623985254835274450e-01
4.624042984086683128e-01
4.625677200957876711e-01
4.626381134778277948e-01
4.626855715163937233e-01
4.627193375382602225e-01
4.628161230276291449e-01
4.629600989041014469e-01
4.629807772921701314e-01
4.630523031993679650e-01
4.634269901662310676e-01
4.634474319207276816e-01
4.636098428705251462e-01
4.640652500213580112e-01
4.642786345989515784e-01
4.644079092782041340e-01
4.646281988316916522e-01
4.646374854991019987e-01
4.647046492697466946e-01
4.647074198915952525e-01
4.647281062389931328e-01
4.647559126287630904e-01
4.649587798893441981e-01
4.650562172887143797e-01
4.653091690660582369e-01
4.654272490493782666e-01
4.654824950244237924e-01
4.655333408290696084e-01
4.657402951636532284e-01
4.660228618001212575e-01
4.660394370709809442e-01
4.662017806866811664e-01
4.662454711246010186e-01
4.662724602226147597e-01
4.662765837868453889e-01
4.667374295643728632e-01
4.668327927567934577e-01
4.668675928952267240e-01
4.668900554928450686e-01
4.670864793657739655e-01
4.671563828821968523e-01
4.671937386553749461e-01
4.671994385413691386e-01
4.672086585033968231e-01
4.675359576783450488e-01
4.675507349482956876e-01
4.677449539980799154e-01
4.677657985794637097e-01
4.679538364048860255e-01
4.679773082281651342e-01
4.679985688586922876e-01
4.681278544742935033e-01
4.681412628287642264e-01
4.681756838077784644e-01
4.682604830262832030e-01
4.682750176218510862e-01
4.684734834540054127e-01
4.685404094540830400e-01
4.687079916168572224e-01
4.687986870636077219e-01
4.688343765776867844e-01
4.688643954452632601e-01
4.689082722280650817e-01
4.689278358307303329e-01
4.689788448928506881e-01
4.692541135843127376e-01
4.692633582228286082e-01
4.692922491017645359e-01
4.695155336321379935e-01
4.695637230712817467e-01
4.695901447184003263e-01
4.697748322600681092e-01
4.698002869480124022e-01
4.698530000159311659e-01
4.698714007992709774e-01
4.699352816424935408e-01
4.699712512866305314e-01
4.700773813842331617e-01
4.700785199925198721e-01
4.701917582493364556e-01
4.701990441504071971e-01
4.702403260745655622e-01
4.704396682037276789e-01
4.704949138772318018e-01
4.705562383396810211e-01
4.706098517624704991e-01
4.709348628725501529e-01
4.710606335536946521e-01
4.711873001638815506e-01
4.711920881172845244e-01
4.713730500857453709e-01
4.715610121164269253e-01
4.716601084395731225e-01
4.717855192596870917e-01
4.718193521335695140e-01
4.718309987911893377e-01
4.718606141159750744e-01
4.720345092610286897e-01
4.721165024604230820e-01
4.722273472591451138e-01
4.723321946692935480e-01
4.723690203427794998e-01
4.725038846849300422e-01
4.726182814399396692e-01
4.727885320355671994e-01
4.728256623255982505e-01
4.729162077842660739e-01
4.729383098637526261e-01
4.729731398490693017e-01
4.729819538864675210e-01
4.729965050861988929e-01
4.730145296949412881e-01
4.732191790733549230e-01
4.732669377829683000e-01
4.734037034128741328e-01
4.734704436418314399e-01
4.734964147014835700e-01
4.735984653677197120e-01
4.736068698300400226e-01
4.736623683577830257e-01
4.738236402284777826e-01
4.738860141762190614e-01
4.741843471136715782e-01
4.743148638886067192e-01
4.743300104502075620e-01
4.743825386390976284e-01
4.744192063280985305e-01
4.745272117729059103e-01
4.746369220654191867e-01
4.746566240560943783e-01
4.746693588343910974e-01
4.746704656465661754e-01
4.747487294157379800e-01
4.747700874095645007e-01
4.748484292205750745e-01
4.751191924412146439e-01
4.753369549423668849e-01
4.754224240847760852e-01
4.754335476366717272e-01
4.756113774225826374e-01
4.758659865084068907e-01
4.758711873883543220e-01
4.759077539038605309e-01
4.760374798228305671e-01
4.762674598375630231e-01
4.762898143177091703e-01
4.763550515823495313e-01
4.763562822424102228e-01
4.763967786895308976e-01
4.764148263744443224e-01
4.765618719693316407e-01
4.766956203475647413e-01
4.769937816780420170e-01
4.770308080479359059e-01
4.772154838766735074e-01
4.772911108402480562e-01
4.773947349591208256e-01
4.774268999250321777e-01
4.774664747124351405e-01
4.775014680968545644e-01
4.775359176033996955e-01
4.777294581446784316e-01
4.779117226003249952e-01
4.779798242055950386e-01
4.781852953259910222e-01
4.784416540073354041e-01
4.785035238408742453e-01
4.785995359696487150e-01
4.786994258839661343e-01
4.788319090213356555e-01
4.788322045940739957e-01
4.788766610336588347e-01
4.788849323489100529e-01
4.789383224610476719e-01
4.790754329035233350e-01
4.791844852560217527e-01
4.792139136640424235e-01
4.793417566273488473e-01
4.795419660726215616e-01
4.799589005735352409e-01
4.800638814825460843e-01
4.800763619177230157e-01
4.800804899463894104e-01
4.801181696590214321e-01
4.801362977507784846e-01
4.801757676871793445e-01
4.803610416082678136e-01
4.805051574958456029e-01
4.805121847522962342e-01
4.806417145966460636e-01
4.807092809480649764e-01
4.807452742724276917e-01
4.809371849907129737e-01
4.811171985011320484e-01
4.811364779673531489e-01
4.811567163799038704e-01
4.812013116169975291e-01
4.813574188137564325e-01
4.815800736068133192e-01
4.816761870976192794e-01
4.816990854332258709e-01
4.817460597134465838e-01
4.818693585667228052e-01
4.818850728801781225e-01
4.820626433291840818e-01
4.822236184043902085e-01
4.823570228798598203e-01
4.823777224216529991e-01
4.823928512831309190e-01
4.824263233805191065e-01
4.824682846505694567e-01
4.825625981255964869e-01
4.832386953571847776e-01
4.832653032181777331e-01
4.832708816483144987e-01
4.832809584103762712e-01
4.833030159857307217e-01
4.835207809427852221e-01
4.838439169466257073e-01
4.838944516369350635e-01
4.839270048311952732e-01
4.839681518652534931e-01
4.840872879977735632e-01
4.842740332864198805e-01
4.843220593448072098e-01
4.843490493421216958e-01
4.844067525506356442e-01
4.845050509298807762e-01
4.846084637192966671e-01
4.846600444203982838e-01
4.846937191347209239e-01
4.847719955922842883e-01
4.847925835705718112e-01
4.849652368458201024e-01
4.850313380992525847e-01
4.851053060893109614e-01
4.852160110737768761e-01
4.852628965572662878e-01
4.853764371010900192e-01
4.853767143971474685e-01
4.854276720242741705e-01
4.854693637808437656e-01
4.855499240087378654e-01
4.855549114262279753e-01
4.855889049670702451e-01
4.855999423960845052e-01
4.857229859773215530e-01
4.857712451492586236e-01
4.858053703468750983e-01
4.858735882660069616e-01
4.860946143587204782e-01
4.862989948060851275e-01
4.863570092404355116e-01
4.864621111767053474e-01
4.865159742999699555e-01
4.865855403508870247e-01
4.866610509486034575e-01
4.867674217518189184e-01
4.868291696511982680e-01
4.868492946748480543e-01
4.870104680119907159e-01
4.870496435235628363e-01
4.871531966131419367e-01
4.872982529408215746e-01
4.873455483792110687e-01
4.874074776913314144e-01
4.874257757908798117e-01
4.874915430474530686e-01
4.876330475026102729e-01
4.876669109244559652e-01
4.877139074520639994e-01
4.884576861834019068e-01
4.885589521566039428e-01
4.887175507465660873e-01
4.887802236057918193e-01
4.887820412348634069e-01
4.890241213441936519e-01
4.892109297670957369e-01
4.892795322468966868e-01
4.893068850830653016e-01
4.893187852170464702e-01
4.894000186359820370e-01
4.894497731679247066e-01
4.896125407100815341e-01
4.896930752604713444e-01
4.897912163512155859e-01
4.898009878491016988e-01
4.898118955694199528e-01
4.899563627071247263e-01
4.900061551083928491e-01
4.902379064453220026e-01
4.902994813733135837e-01
4.903326853967583943e-01
4.903957679950907145e-01
4.904670945194550269e-01
4.905951918785899091e-01
4.906613307697030302e-01
4.907301196090613216e-01
4.907325026941858903e-01
4.909400768452939490e-01
4.911452609867095198e-01
4.911883239126915157e-01
4.914057745104144503e-01
4.914601248222278396e-01
4.916086624342531075e-01
4.916676212219419639e-01
4.916967187382321192e-01
4.917781163933285238e-01
4.918585448506583302e-01
4.919195405332964510e-01
4.919251539345610991e-01
4.919425365481386314e-01
4.919585380628437310e-01
4.922699844265051028e-01
4.923715645116237827e-01
4.925118736819665832e-01
4.925248215708057931e-01
4.925635774038374937e-01
4.927557155785438625e-01
4.928225081494105320e-01
4.928544640205476113e-01
4.930015060126873849e-01
4.930765258480075408e-01
4.931356073594138634e-01
4.932267258132366217e-01
4.932432083079518192e-01
4.933421552576823244e-01
4.933747340033625139e-01
4.934159413922020176e-01
4.937705071684140301e-01
4.938097298573969618e-01
4.938660560771416796e-01
4.939283660490373373e-01
4.939492684914590925e-01
4.940636074614778162e-01
4.942874604872414257e-01
4.945542468527134305e-01
4.947094703480337530e-01
4.947252420910899229e-01
4.947395226534371804e-01
4.949173213728186305e-01
4.949879484917024119e-01
4.950229297821905905e-01
4.950338043409449051e-01
4.952346106958912531e-01
4.952937124120923573e-01
4.953869413721272430e-01
4.953894741744341301e-01
4.954557826603214754e-01
4.955170812166244110e-01
4.956039160155455425e-01
4.958225592909125123e-01
4.958498760724406873e-01
4.959656125698707618e-01
4.959943634472098739e-01
4.960644392971330086e-01
4.961936008805067355e-01
4.962665175397562578e-01
4.962827528997327264e-01
4.966372472744503552e-01
4.966926479217555479e-01
4.968238723279381763e-01
4.968632816368653282e-01
4.969220526132774318e-01
4.970113640171907599e-01
4.973205402925164331e-01
4.973902166039201322e-01
4.974209247014889645e-01
4.975387242090434370e-01
4.976007434089416703e-01
4.977489284173547968e-01
4.977832030679468223e-01
4.977885663212948120e-01
4.978051504982700104e-01
4.978850558740161580e-01
4.980423948154525382e-01
4.981011324827577802e-01
4.981281297640063888e-01
4.981524799819743166e-01
4.983215748019961810e-01
4.984204289034478430e-01
4.984350452686098221e-01
4.986710054572104922e-01
4.987370340011665903e-01
4.988911934329475772e-01
4.992218391671470190e-01
4.992591574599617998e-01
4.993011325917655063e-01
4.993015930701735217e-01
4.993692869599116180e-01
4.993870499250168127e-01
4.994553259136692014e-01
4.997131060438242400e-01
4.997322260765166280e-01
4.998650350647009244e-01
4.999654155786542042e-01
4.999837931334509822e-01
5.000025668017904490e-01
5.001163712212476353e-01
5.001588445416542683e-01
5.001800383253558469e-01
5.003349527184216550e-01
5.004686238735751580e-01
5.007595202267119960e-01
5.007845798323862230e-01
5.008563756771404751e-01
5.009539810892069678e-01
5.009810670659894383e-01
5.010938589646574126e-01
5.011307374483667809e-01
5.011494847421719134e-01
5.012201524825522503e-01
5.012703328794050339e-01
5.014371004353715966e-01
5.014945266701137383e-01
5.015646418883030755e-01
5.015924019023861868e-01
5.018543195993323547e-01
5.019251088859405519e-01
5.019270409256054721e-01
5.022169549246932041e-01
5.022577430371141238e-01
5.024014692063206722e-01
5.024673061815855268e-01
5.026223803298431880e-01
5.028107745697683040e-01
5.028671767490446864e-01
5.031445006184567248e-01
5.032227288638836393e-01
5.033443133181519924e-01
5.033824826563253474e-01
5.034220694490114667e-01
5.034248902980981155e-01
5.034960329054546380e-01
5.035797960101401349e-01
5.035830420033871047e-01
5.038130157295326317e-01
5.038681584408610803e-01
5.038760943793828551e-01
5.040537087134665528e-01
5.041550033873162251e-01
5.043086361232944625e-01
5.043207963766490609e-01
5.045718140785180328e-01
5.046414074160714414e-01
5.049685758304948147e-01
5.049847546703781775e-01
5.052764888529343024e-01
5.053426411404390306e-01
5.053595063496372219e-01
5.054208546415772663e-01
5.054482842413178245e-01
5.054604589770050893e-01
5.055908306386329709e-01
5.056053956753748801e-01
5.056916332741498987e-01
5.057266187469979801e-01
5.057624568924129482e-01
5.058260455969434410e-01
5.058702977665763267e-01
5.060315581975179944e-01
5.060789811219058576e-01
5.062162487920337517e-01
5.062745679251045017e-01
5.063482295928715127e-01
5.064110349926409516e-01
5.064485578557613721e-01
5.064663570898719769e-01
5.064769951433604200e-01
5.065154934577410506e-01
5.066417673035631397e-01
5.068374298302794623e-01
5.070281943005838787e-01
5.073358439563230293e-01
5.073792926583839957e-01
5.073995994671558485e-01
5.074628562984503377e-01
5.077846922197781776e-01
5.081123288859953346e-01
5.081617960179647397e-01
5.082255915020913450e-01
5.082533340393939891e-01
5.082680981295094602e-01
5.084582919220319575e-01
5.085267158539545918e-01
5.085778429471397022e-01
5.085842749141618047e-01
5.085946790882581725e-01
5.087276836280236747e-01
5.087880557535330306e-01
5.088563804427891357e-01
5.088918788773172386e-01
5.090900135097617962e-01
5.093638115109134779e-01
5.093692247568863962e-01
5.093728365088274757e-01
5.094015786488149677e-01
5.095107419374478308e-01
5.095732444547367290e-01
5.095796977806383854e-01
5.096255068443799052e-01
5.096383164921597375e-01
5.096661283842229828e-01
5.096666155236209139e-01
5.098605834017411187e-01
5.099353283005554349e-01
5.101513508001320751e-01
5.103529963999602348e-01
5.103914279269960996e-01
5.105040724455601753e-01
5.105596173363884382e-01
5.108829200260642800e-01
5.109620096914548881e-01
5.109976556008710702e-01
5.110537260678813531e-01
5.111268980888429292e-01
5.112226139026321281e-01
5.112616796817714970e-01
5.113329578082563831e-01
5.113807667568734949e-01
5.114407786183525761e-01
5.114545110511431458e-01
5.114804343452408197e-01
5.117038731632020943e-01
5.119479098440645748e-01
5.119739022334437450e-01
5.121588755829291628e-01
5.121843794116385240e-01
5.123483838090849840e-01
5.125860040788297045e-01
5.126329609424769007e-01
5.127407029837968144e-01
5.127832331365417273e-01
5.128283750064372981e-01
5.128488930711715410e-01
5.130156103667492529e-01
5.131261779746666418e-01
5.131267602771809599e-01
5.133114178855345822e-01
5.136068018294719373e-01
5.136863321506204283e-01
5.138959344922667816e-01
5.139521608917767548e-01
5.139544010844037114e-01
5.139571257996450315e-01
5.140095045493676684e-01
5.140682531015716705e-01
5.141464562358802892e-01
5.141870658621735535e-01
5.143952252037494732e-01
5.144824976342058376e-01
5.145034223037229237e-01
5.145292962599160580e-01
5.145722182750556151e-01
5.149446063900734449e-01
5.151005730089145418e-01
5.151975357629648977e-01
5.153993925652546881e-01
5.154436113307793166e-01
5.154459351176773341e-01
5.156288247013476322e-01
5.156538444440598168e-01
5.157473836667182399e-01
5.159265624727011890e-01
5.160023471563963682e-01
5.160681147126575663e-01
5.161920615080165531e-01
5.161960358711824570e-01
5.162358573901408842e-01
5.162432200727441467e-01
5.166416488276890373e-01
5.166596413905415464e-01
5.167050237337413865e-01
5.167937383828440367e-01
5.168822277942498600e-01
5.170617051349324367e-01
5.172570899464006278e-01
5.172876782634450166e-01
5.173672746050478333e-01
5.174142565658972348e-01
5.174930342203077904e-01
5.176600647508955433e-01
5.177403381434498852e-01
5.178845634731846781e-01
5.179523205190901258e-01
5.179648292261487263e-01
5.181339937620942360e-01
5.181536924608706185e-01
5.181616550168764990e-01
5.181878953012893918e-01
5.182987025544334436e-01
5.184536098730495590e-01
5.187200329468292237e-01
5.187658140203197377e-01
5.188373378738565522e-01
5.190027194555569823e-01
5.190475495240923776e-01
5.191103007211156362e-01
5.191894838911876864e-01
5.193506793932771703e-01
5.193847459371752073e-01
5.194340772913197402e-01
5.194348147025911189e-01
5.195232579232673675e-01
5.196319121711279188e-01
5.196700447981149606e-01
5.197207295533415872e-01
5.198333712988462141e-01
5.198388734084002927e-01
5.198841321930257608e-01
5.199502031104930033e-01
5.201167344780561752e-01
5.201834120945255657e-01
5.203133765090470764e-01
5.203239461594590942e-01
5.204098619082702104e-01
5.204807721602536796e-01
5.204893038792235416e-01
5.205341071023138477e-01
5.205575331062889388e-01
5.206531978884553213e-01
5.206619239626638640e-01
5.206712153188099990e-01
5.208010940921239396e-01
5.208312329874977831e-01
5.208621658805262511e-01
5.209271885156189219e-01
5.209503883005807134e-01
5.210057016498463867e-01
5.210293988234847573e-01
5.211577936831770508e-01
5.217400591581723424e-01
5.220351021962500448e-01
5.220787565094735516e-01
5.224108074733988527e-01
5.226124084946845993e-01
5.228323478578580374e-01
5.228405165402094656e-01
5.230335864583276484e-01
5.231084862047705730e-01
5.231122754162099708e-01
5.231447908610276087e-01
5.232197563832112763e-01
5.235305351441478239e-01
5.235593303433817569e-01
5.236996588435031130e-01
5.237666880034571593e-01
5.237780911498898240e-01
5.238936385807969609e-01
5.239893474221493097e-01
5.240647495727888128e-01
5.240727623557994708e-01
5.240977607377016456e-01
5.243500930676281424e-01
5.244258049701858715e-01
5.244391368957879163e-01
5.244576064409034455e-01
5.244709574172407018e-01
5.244861460130482156e-01
5.245321033434802160e-01
5.246048781006428241e-01
5.247358750660149340e-01
5.248361204401000846e-01
5.248938486407940252e-01
5.253115974962832002e-01
5.253982802087989734e-01
5.254118222562929041e-01
5.254345961029369683e-01
5.255290445482737605e-01
5.255516528371675378e-01
5.255526985018128538e-01
5.259131630799681600e-01
5.260091205324020081e-01
5.260318794070008019e-01
5.260627132079193080e-01
5.262443305378303737e-01
5.262885108006785106e-01
5.265829816144140807e-01
5.266469230873800367e-01
5.266618635308926155e-01
5.266843021617519938e-01
5.267370443219230314e-01
5.267680265059930811e-01
5.268209702020898444e-01
5.268363042847147293e-01
5.269700217091707328e-01
5.269820267280940218e-01
5.270529525049384434e-01
5.272247370659804977e-01
5.275154278235472116e-01
5.275679998450019115e-01
5.276055023422114854e-01
5.276113038214524931e-01
5.276983153985371766e-01
5.279181536342886227e-01
5.281425141229547648e-01
5.281675174918571969e-01
5.281734938784287126e-01
5.281753183034991750e-01
5.282880947979916586e-01
5.283576362613232602e-01
5.285420352382197429e-01
5.285639424877649484e-01
5.286450988180775301e-01
5.287186057171765485e-01
5.288650899750373391e-01
5.288844094469862256e-01
5.288848057940063185e-01
5.290290845770764250e-01
5.290821759142005920e-01
5.294344952824148187e-01
5.294587199887128559e-01
5.295427192558537222e-01
5.296064756462638412e-01
5.296743466027360459e-01
5.300171133738341700e-01
5.300723073500069882e-01
5.300725125230708601e-01
5.301337498384497415e-01
5.302642586976644701e-01
5.302996815537206476e-01
5.302999006007544924e-01
5.304392200757039877e-01
5.307818194179957372e-01
5.310780620151585030e-01
5.311538649683508195e-01
5.311685226083532330e-01
5.314025241483596451e-01
5.315094710136485379e-01
5.316799508070705338e-01
5.317587626436586223e-01
5.317744435238974665e-01
5.318722251765028997e-01
5.319375274018145472e-01
5.320795461555200001e-01
5.321092482425001657e-01
5.322303573730301496e-01
5.322342548172541710e-01
5.323657467690562362e-01
5.325530575100801967e-01
5.328874720885189431e-01
5.329236007198967506e-01
5.329305268904078741e-01
5.329615860566484509e-01
5.329882533350673857e-01
5.330358809834915279e-01
5.330505133327481104e-01
5.331652592274903624e-01
5.332298393429327765e-01
5.332466827527279074e-01
5.332541105438488582e-01
5.333625239017505404e-01
5.333726266789766690e-01
5.337936043997406621e-01
5.338397295316206215e-01
5.341475697468321959e-01
5.341938545060352928e-01
5.342049958282768518e-01
5.342116068487795522e-01
5.342816522458432305e-01
5.343925578304173918e-01
5.344228250684553982e-01
5.344737036447076983e-01
5.347661382772507244e-01
5.348285093891996800e-01
5.349297706566823463e-01
5.351130267695168863e-01
5.352157675550307525e-01
5.352525630842286386e-01
5.353772779045438135e-01
5.354844448032377580e-01
5.355941762935156891e-01
5.357843791195756600e-01
5.358051986178477000e-01
5.360213374343318904e-01
5.360473552911697581e-01
5.361455082498631786e-01
5.363247478593328177e-01
5.363505125756214964e-01
5.364117911400627658e-01
5.364407841078002726e-01
5.364408287163189293e-01
5.365036769106439341e-01
5.365158238473383134e-01
5.365323751035233624e-01
5.365614201662183280e-01
5.365678763152647024e-01
5.365854165320508296e-01
5.366106863930358850e-01
5.371175401694009421e-01
5.372201413877233378e-01
5.372656501804947693e-01
5.373226231677301623e-01
5.374495784254738062e-01
5.375884407845198387e-01
5.376006597655142993e-01
5.376008571454635732e-01
5.377031841338449913e-01
5.377036453655434922e-01
5.377245075418991549e-01
5.377262953035054638e-01
5.377419536201074601e-01
5.377633765449545411e-01
5.378017556328502646e-01
5.379697466509207882e-01
5.379998117370975441e-01
5.380189957257526245e-01
5.381924003289786373e-01
5.384456036497805576e-01
5.385205547132958515e-01
5.385489300475914121e-01
5.385766067817077118e-01
5.388580801200626436e-01
5.389779953468021301e-01
5.390448692929369345e-01
5.392145027361290310e-01
5.392454482762171208e-01
5.393031329802990825e-01
5.393636718580018252e-01
5.393707533883540517e-01
5.393775316514397566e-01
5.394449848636719835e-01
5.395645245567332049e-01
5.396911873605952925e-01
5.398736586019456940e-01
5.399161521182157530e-01
5.399770236486616248e-01
5.400093823024539885e-01
5.404041623432278563e-01
5.405544435821141303e-01
5.406014175986835202e-01
5.407039218679878800e-01
5.407278727213833402e-01
5.408614735642957028e-01
5.409519676471515881e-01
5.409828528434281747e-01
5.411273628162546201e-01
5.411342872130686654e-01
5.411679459830468497e-01
5.413403246792037882e-01
5.417684734450142203e-01
5.418365795313533351e-01
5.418611175792684698e-01
5.420338086319490545e-01
5.421846002581065527e-01
5.422808776949286091e-01
5.423170077011566503e-01
5.423573936923401506e-01
5.423949088945803076e-01
5.425719649336189221e-01
5.428045344509215830e-01
5.428192222826183633e-01
5.428519980460356775e-01
5.429514732857764203e-01
5.429636807258405584e-01
5.432135206759334256e-01
5.432429016995476978e-01
5.432936102513864496e-01
5.434195896278812832e-01
5.434435485379712771e-01
5.436564607792651049e-01
5.437500766881052661e-01
5.438224946454899289e-01
5.438420567390358507e-01
5.441705171621693538e-01
5.441923276525635345e-01
5.441962721014811377e-01
5.443175957771478890e-01
5.443758272469210180e-01
5.443850889359472811e-01
5.445397513027201430e-01
5.446602320296485278e-01
5.448169223863031929e-01
5.448650184009847797e-01
5.448974512698371298e-01
5.449099618051345129e-01
5.450435846243906202e-01
5.451949996443254953e-01
5.452078515066365316e-01
5.453342244986900678e-01
5.454633937647812569e-01
5.454828568252916288e-01
5.455932896075297300e-01
5.456711375682996579e-01
5.457717985999041010e-01
5.458773016116728050e-01
5.459896083554061086e-01
5.460196323784719530e-01
5.460492018865467090e-01
5.460687750408759200e-01
5.460745225043526219e-01
5.460959216867392607e-01
5.463509840364422221e-01
5.466114181752772527e-01
5.466304505993246909e-01
5.466572951353181331e-01
5.469204111468508600e-01
5.471033439559206402e-01
5.471527643327758206e-01
5.471909244682723328e-01
5.472281174307227491e-01
5.475494926720360089e-01
5.475864677881674414e-01
5.477007797163755409e-01
5.477277443857554440e-01
5.478081579767990483e-01
5.478521470803164872e-01
5.478831583514744974e-01
5.480314076484464891e-01
5.483762666121556606e-01
5.484181990788330463e-01
5.484610867149931623e-01
5.484858853377656551e-01
5.485828656602441677e-01
5.488344328053456067e-01
5.488474554927659232e-01
5.488531469704266419e-01
5.488585722567961289e-01
5.490654332129726312e-01
5.493197703643637464e-01
5.494584482661100111e-01
5.494970806851009471e-01
5.495417890236595770e-01
5.495551191975592831e-01
5.496213265088912836e-01
5.496715107830729696e-01
5.499034479110835871e-01
5.499330689788020088e-01
5.501488305048237715e-01
5.501857031878399917e-01
5.505767891549928628e-01
5.506590529123317479e-01
5.507698132591707374e-01
5.508202627307560162e-01
5.508295488348554647e-01
5.508745750608780023e-01
5.510111160044157685e-01
5.510138019756498640e-01
5.511217491180073758e-01
5.512041665032015869e-01
5.512143131938859186e-01
5.513572004181080954e-01
5.515529153615560398e-01
5.515628396191629701e-01
5.516765374483347806e-01
5.517059070585030867e-01
5.517307179956578711e-01
5.517872330232477251e-01
5.518104170990680846e-01
5.518439408165446425e-01
5.519204548524117016e-01
5.519448825195437669e-01
5.522153920476839950e-01
5.522990569346943879e-01
5.525618765204223237e-01
5.526877469150192068e-01
5.526997075867690068e-01
5.527330549864930553e-01
5.528915691986723280e-01
5.529021692674753741e-01
5.529608957457710083e-01
5.529897299589495718e-01
5.533186808373409260e-01
5.536671359921533364e-01
5.537718736281267429e-01
5.538268956355885120e-01
5.539660984676688660e-01
5.540667818645038656e-01
5.541081382131963773e-01
5.541105563673811574e-01
5.542368701401300113e-01
5.544568153183210280e-01
5.547494826600700701e-01
5.548506889709996504e-01
5.548730724457641150e-01
5.550719564013311125e-01
5.550911532422857508e-01
5.551354548350604379e-01
5.551522280553800037e-01
5.552433968050265456e-01
5.553006865031898664e-01
5.553762790152456663e-01
5.554604276923760242e-01
5.554806739749302835e-01
5.556655806814788656e-01
5.556783311760625788e-01
5.557023731400151378e-01
5.557614080457782268e-01
5.558648548671041301e-01
5.558851859318697519e-01
5.561049170560360411e-01
5.561112159279322231e-01
5.561522737712109032e-01
5.561999264787554909e-01
5.562202532956593837e-01
5.562336852842904023e-01
5.562916656330856302e-01
5.563434136629207272e-01
5.563473279815386308e-01
5.564546838895592096e-01
5.567212061215157659e-01
5.567786021395956242e-01
5.567972082566776670e-01
5.571563193882448362e-01
5.572237379289860515e-01
5.572510861115138603e-01
5.573157565655137979e-01
5.573269252735547630e-01
5.574218501975861662e-01
5.575122052535929074e-01
5.576095885046128409e-01
5.576206675658761380e-01
5.576250320744203792e-01
5.576763587599792293e-01
5.577144925184824853e-01
5.579139011451220709e-01
5.579946554311001616e-01
5.580165375775165693e-01
5.580678228925972650e-01
5.580764786592161686e-01
5.581518015122132192e-01
5.583125028524970057e-01
5.583635101924092625e-01
5.583819564427772164e-01
5.584186658531222758e-01
5.584681593133664634e-01
5.585354166077218796e-01
5.586096307256547266e-01
5.587669531868854067e-01
5.589076624739697241e-01
5.590321013604815370e-01
5.590520394593975206e-01
5.591853730427190916e-01
5.593899987975056165e-01
5.594612136460865859e-01
5.595147529476930393e-01
5.595600154590021358e-01
5.595663129242970379e-01
5.595885593489844378e-01
5.596991505933536226e-01
5.597000477969424903e-01
5.600170114731638504e-01
5.600938317784873721e-01
5.601909344770739096e-01
5.602807247459855589e-01
5.604531382303721276e-01
5.608695994610644053e-01
5.608985283398574273e-01
5.609027903390991776e-01
5.609449338038785537e-01
5.609638163544506950e-01
5.612387687979381035e-01
5.613672549013215551e-01
5.614024436371881643e-01
5.614846349319698726e-01
5.615060086064588285e-01
5.615507080944024398e-01
5.617964040309713081e-01
5.618513240252809293e-01
5.620196415432882064e-01
5.620346130026335763e-01
5.626097466561680305e-01
5.628071999218346999e-01
5.628546630475753654e-01
5.629417730207895154e-01
5.630408761623989511e-01
5.630477244816947113e-01
5.632750121517777764e-01
5.632878560006019386e-01
5.632992627574768818e-01
5.633613299027935284e-01
5.635558148104404808e-01
5.636347343768074447e-01
5.638781597551877356e-01
5.640634899523657708e-01
5.640959467163132457e-01
5.641504915158959133e-01
5.641542842126321400e-01
5.642867847897411471e-01
5.643854105724458448e-01
5.645230410273308630e-01
5.645521591362676617e-01
5.645526516214536272e-01
5.647398050350823651e-01
5.648463015388831554e-01
5.649134970085796237e-01
5.649217158915742498e-01
5.653530000083009099e-01
5.653568549473497740e-01
5.656093147908837215e-01
5.656441918797636692e-01
5.656808214515749444e-01
5.657141266499484678e-01
5.659085041183142817e-01
5.659103055096088575e-01
5.659444319446631511e-01
5.661372605841228367e-01
5.661849137368971663e-01
5.662318330220380558e-01
5.662400994053498060e-01
5.663359878858953422e-01
5.664765308191656024e-01
5.665489210411590593e-01
5.665492448493981703e-01
5.666856859948884440e-01
5.666955607673219708e-01
5.667224745151706600e-01
5.667487641378136098e-01
5.668294433607717897e-01
5.669231305043724856e-01
5.673507112081526138e-01
5.673595889777223178e-01
5.675191941444202026e-01
5.675265728995876335e-01
5.675405292333085550e-01
5.676050827994895132e-01
5.676254699202558651e-01
5.676972115956621101e-01
5.677899017801705250e-01
5.678935618792365636e-01
5.679910294640150292e-01
5.681178107394028176e-01
5.682612117287171305e-01
5.685172844650981938e-01
5.685453366592598812e-01
5.687936417935091082e-01
5.689925580617118950e-01
5.690044992941718505e-01
5.690223815080601710e-01
5.691322356792145598e-01
5.691329270800032925e-01
5.691854314515164548e-01
5.693220431276891924e-01
5.695683361551705515e-01
5.695758310957248494e-01
5.697891502050086432e-01
5.699710098777247547e-01
5.699779883798151703e-01
5.700549735507178806e-01
5.700736492837324976e-01
5.701150770730349926e-01
5.701760142336446124e-01
5.702047696332108728e-01
5.703841853765226899e-01
5.703972729146212783e-01
5.704153766926198799e-01
5.705234787500932381e-01
5.706130173097813119e-01
5.706743767478206220e-01
5.707824776389696098e-01
5.709466530778440907e-01
5.710282773663478695e-01
5.710670345154014171e-01
5.711916325150332430e-01
5.711970785963935704e-01
5.712378384889208460e-01
5.712997983850025552e-01
5.713148262804100819e-01
5.714808030098185165e-01
5.714810909925420734e-01
5.715782298586662424e-01
5.715859028621860238e-01
5.715974610530777378e-01
5.716772378933603349e-01
5.717192015395238247e-01
5.719063160211699248e-01
5.719395128249706861e-01
5.720765212473586381e-01
5.721556674575690726e-01
5.721721941929882593e-01
5.722881680376636915e-01
5.724517467265033410e-01
5.727210716743067476e-01
5.728280670327121626e-01
5.728620659921755953e-01
5.728874097770424445e-01
5.730455185232011805e-01
5.733040954973642744e-01
5.733755613032404108e-01
5.733927633371153076e-01
5.734596486709797603e-01
5.736641216994423642e-01
5.736703221660487406e-01
5.740425426898526640e-01
5.740875855689425711e-01
5.741420903436417200e-01
5.743829562815321310e-01
5.744930280011965040e-01
5.745915635848326541e-01
5.746660178013818232e-01
5.747539430936591254e-01
5.747615116116278067e-01
5.749851576912762274e-01
5.750208441690998207e-01
5.750752821156726036e-01
5.752403041248675963e-01
5.754019805194717785e-01
5.754285405734688164e-01
5.755447080762868817e-01
5.756265386028734943e-01
5.756938027186701001e-01
5.757256785850066727e-01
5.757663965857079402e-01
5.758534866379211303e-01
5.760428357248073006e-01
5.761833785857114476e-01
5.761978899325446157e-01
5.764282245963664453e-01
5.764731430852536587e-01
5.764763907339353066e-01
5.764953450970109472e-01
5.765184385678348011e-01
5.767439366913581500e-01
5.768221477821039445e-01
5.769762161879328222e-01
5.770173523392542192e-01
5.772632314145424992e-01
5.772788513510337394e-01
5.773184805591684565e-01
5.774696206990579395e-01
5.775169550686325426e-01
5.775770441432129809e-01
5.777247862788047472e-01
5.778043589455633677e-01
5.779169418272791514e-01
5.779285763888311056e-01
5.780738727356291573e-01
5.783215371730231480e-01
5.784083426857624666e-01
5.784189378943273008e-01
5.784400127723244855e-01
5.785142271792103053e-01
5.785402335674545427e-01
5.785464432922386990e-01
5.786022400963881651e-01
5.786465975419681218e-01
5.786539714987473104e-01
5.786692760140720315e-01
5.787025337860970398e-01
5.788027569356574142e-01
5.789477725040533818e-01
5.792687858509707466e-01
5.794357271548025157e-01
5.794460484485799423e-01
5.794766229264988189e-01
5.795498926664697237e-01
5.796422690167570835e-01
5.796700748275062098e-01
5.797640511500894434e-01
5.797922771470889192e-01
5.797982335162361611e-01
5.798516600721715930e-01
5.799284098710927315e-01
5.801561556854640811e-01
5.802717619139881045e-01
5.802929240693183166e-01
5.803123596809033335e-01
5.803976682161653411e-01
5.804855815454333934e-01
5.804872631934897553e-01
5.805651585799670444e-01
5.807529376159260570e-01
5.808739329025036646e-01
5.809861866129444330e-01
5.811315073782529206e-01
5.812076221165486389e-01
5.813554414038355489e-01
5.814499578221073994e-01
5.816083116417506416e-01
5.816198618436937418e-01
5.817038315283380445e-01
5.820920923724727247e-01
5.821943473930178969e-01
5.822523466692617333e-01
5.822568903550126018e-01
5.822755737944583787e-01
5.824534799517351313e-01
5.825515236212347459e-01
5.826597492187353122e-01
5.826715386595521240e-01
5.827918431864054227e-01
5.830785363313792935e-01
5.831458402108187222e-01
5.831848254331714054e-01
5.832189061919903494e-01
5.834406833905032563e-01
5.834617794210424924e-01
5.836621774847122746e-01
5.838192762809391034e-01
5.841255689578358501e-01
5.841403944518647195e-01
5.842876915484930267e-01
5.844329397092987710e-01
5.847993561501670934e-01
5.848541570506273768e-01
5.850849913775674205e-01
5.851142362574426325e-01
5.851799652651135109e-01
5.852096086131330921e-01
5.852372944848396319e-01
5.853524510464773734e-01
5.854083185464850070e-01
5.854958244163976921e-01
5.856254454643532448e-01
5.857260027060670060e-01
5.858599738683007985e-01
5.858792426845914614e-01
5.858793863798472668e-01
5.859319480824811688e-01
5.860243133330813592e-01
5.860772300205842056e-01
5.862451314692311843e-01
5.863077436971741996e-01
5.864223653434036398e-01
5.864467848249391713e-01
5.864562439841347619e-01
5.864872167651715706e-01
5.865823276953899823e-01
5.866875556484510978e-01
5.866924048284462012e-01
5.866974050809523611e-01
5.867915454890815230e-01
5.869052842671877990e-01
5.869384986466914533e-01
5.871116354916439128e-01
5.871965770466655021e-01
5.874182443352348182e-01
5.875106894522340584e-01
5.875379612102553661e-01
5.876338520273097776e-01
5.876438514765621735e-01
5.876612949271728947e-01
5.878754453633862065e-01
5.879861524689998786e-01
5.880089147208656941e-01
5.882889304472014302e-01
5.885040118696932554e-01
5.888236308885534953e-01
5.888418520837215286e-01
5.888961722829380019e-01
5.889482182865488635e-01
5.891090521637173394e-01
5.891097409142410646e-01
5.892395354774910832e-01
5.893195778097134463e-01
5.893241817336118960e-01
5.894374080896437329e-01
5.894700150800379346e-01
5.896014814935255366e-01
5.896516228534253168e-01
5.897202100576166561e-01
5.898789762792380209e-01
5.900204038817516983e-01
5.900801023063191320e-01
5.901707684099335438e-01
5.902642364514830708e-01
5.903965803943411750e-01
5.904849319905299820e-01
5.904944786468380169e-01
5.907446441805015436e-01
5.909093202683490809e-01
5.909351331967364063e-01
5.910072542617756941e-01
5.910796576757508802e-01
5.911096701846089152e-01
5.911209316974016525e-01
5.911242655604234120e-01
5.912692150646325917e-01
5.914214216146443936e-01
5.914218246425722025e-01
5.914942573889764299e-01
5.915061298164185910e-01
5.916437383587825893e-01
5.916613019561550724e-01
5.918576953247287609e-01
5.919616988186153783e-01
5.919819788971069086e-01
5.920950723901025059e-01
5.921929628821557268e-01
5.922725258119162506e-01
5.923653598465475900e-01
5.924767352345353677e-01
5.925923219392370545e-01
5.926275145076346229e-01
5.926515683830362313e-01
5.928437019348485881e-01
5.928792433991031396e-01
5.929326079165334606e-01
5.930704280123141325e-01
5.930946690977293434e-01
5.931148143442249721e-01
5.931375965733636235e-01
5.931433759063975408e-01
5.931866005528336760e-01
5.932501958998179781e-01
5.936006447553592302e-01
5.936076514753412248e-01
5.936120144570765644e-01
5.936722747044530513e-01
5.937416833601689703e-01
5.938445188390981677e-01
5.940374364850735667e-01
5.941160804209693058e-01
5.941182739521537748e-01
5.941848276923259453e-01
5.942186600930299267e-01
5.943611275346996070e-01
5.945684086339018126e-01
5.945908909466598447e-01
5.948228026961442927e-01
5.948289457884493592e-01
5.951182989114328636e-01
5.951960065537107436e-01
5.952562914854355736e-01
5.954558238476189702e-01
5.954628884892710916e-01
5.955687500225468334e-01
5.956058008612575838e-01
5.958574403798416741e-01
5.960091155667904816e-01
5.961979888059855126e-01
5.962272608373111460e-01
5.962364605365522152e-01
5.962967168404665896e-01
5.963561476186233223e-01
5.964331421497127694e-01
5.965312699556720721e-01
5.968337386389639398e-01
5.969093487721012226e-01
5.969617938610449759e-01
5.973023686343705840e-01
5.974943475897449563e-01
5.975375378126127623e-01
5.975499493580105348e-01
5.976244970400160783e-01
5.976873315378917750e-01
5.977970834144551437e-01
5.978191605861004065e-01
5.982662063792267837e-01
5.982813862014887407e-01
5.984022480511916875e-01
5.986444042181578995e-01
5.986904636054849460e-01
5.986939436336244924e-01
5.987072602586098746e-01
5.988621255471997529e-01
5.989479120083425201e-01
5.992368139712631603e-01
5.992881544209073263e-01
5.992908354657588976e-01
5.993021936718329057e-01
5.993566809074356572e-01
5.994933072860149093e-01
5.995718214619237818e-01
5.996535093614839829e-01
5.997922631866563492e-01
5.999024481819164034e-01
6.001252283375109187e-01
6.001418303683262456e-01
6.001986745751323182e-01
6.003273071589654286e-01
6.004556638919674727e-01
6.004745922762028121e-01
6.005000298488476496e-01
6.005514930157533904e-01
6.006282892577078369e-01
6.006485771506343552e-01
6.008285906717204528e-01
6.008365891257622105e-01
6.008504391655824506e-01
6.010065652158359528e-01
6.010626556116303032e-01
6.010729288503298129e-01
6.012395117843122305e-01
6.013387936898069164e-01
6.013833099652737824e-01
6.015504004759411050e-01
6.015554504902986821e-01
6.015610904236505796e-01
6.016256480826066566e-01
6.016754989217720784e-01
6.016917188775511294e-01
6.017021945760490098e-01
6.019108813526222734e-01
6.019198152122591239e-01
6.019799671769000549e-01
6.020200695879619479e-01
6.023888471636584807e-01
6.024446713393009079e-01
6.024468559529942979e-01
6.025585861024512768e-01
6.025892248761652858e-01
6.026004814535436127e-01
6.027279411048171998e-01
6.030081929123547457e-01
6.031766394320552394e-01
6.032507964744628914e-01
6.032788135028895882e-01
6.034249953661214860e-01
6.036053154401231913e-01
6.037382566638120895e-01
6.038695596936940468e-01
6.039586536992250787e-01
6.043359944512347592e-01
6.043620505880848981e-01
6.044402085646546352e-01
6.044899091076213482e-01
6.045066301455997992e-01
6.047107662065511757e-01
6.047892154628167205e-01
6.049180826465164751e-01
6.049664605536289042e-01
6.050618673432243133e-01
6.051150143363172029e-01
6.051454183919391383e-01
6.052214463710392511e-01
6.052375524725931433e-01
6.052675886896238255e-01
6.053662528273429100e-01
6.053692038834831424e-01
6.055792720010511054e-01
6.056483017325884344e-01
6.056717948161783882e-01
6.058837019296025028e-01
6.059208337703558822e-01
6.060301512973802485e-01
6.061646984266126914e-01
6.061794028403151291e-01
6.062376165636713665e-01
6.062519364045345638e-01
6.062661578961306974e-01
6.063146440072255672e-01
6.064520338800474253e-01
6.064579164224007668e-01
6.065409498575862202e-01
6.065472492045299591e-01
6.065793073765981536e-01
6.068853950535766373e-01
6.069601925585655922e-01
6.069667982704113340e-01
6.069698502318062738e-01
6.069823282109237939e-01
6.070082720405264309e-01
6.072557075425562001e-01
6.072782202920492534e-01
6.074023796905441142e-01
6.074766013827218591e-01
6.075568099192232285e-01
6.076376164820874726e-01
6.076521575289116628e-01
6.077877624635671383e-01
6.080587256954694819e-01
6.081090794853534209e-01
6.081554357559718627e-01
6.082399462930806466e-01
6.082407819690972550e-01
6.083887984303847363e-01
6.084932701851908377e-01
6.086221748771828421e-01
6.087812006502447693e-01
6.087876300966210685e-01
6.089119473870512333e-01
6.089530269171713472e-01
6.091969375147390231e-01
6.092479159070451900e-01
6.093449914915550769e-01
6.095372144181405716e-01
6.099608223490399217e-01
6.102480644410198662e-01
6.103907269289846615e-01
6.104011202556345328e-01
6.107976827502193951e-01
6.108108554050790673e-01
6.109334383755369302e-01
6.109391943366537792e-01
6.109642501528974590e-01
6.111663122458605990e-01
6.113559638891066239e-01
6.115930821393820160e-01
6.116453832937587265e-01
6.117209264994838414e-01
6.117393106757822441e-01
6.118116647972107192e-01
6.118216404629394090e-01
6.118543837499988980e-01
6.120597316241317420e-01
6.123072235976496636e-01
6.123119322933707753e-01
6.123276864029145727e-01
6.123352438912379458e-01
6.124181645850961253e-01
6.128086830677084151e-01
6.128395080946873463e-01
6.129601599164301584e-01
6.129670699535890721e-01
6.130117172869571363e-01
6.130327640245937237e-01
6.132877716964536541e-01
6.134154370442471693e-01
6.136019286884454305e-01
6.136581271577217223e-01
6.136663703362742472e-01
6.136692543282261658e-01
6.139986359896052459e-01
6.140978343574164944e-01
6.142024429562691346e-01
6.142660444630478889e-01
6.142982471782717502e-01
6.143298628730666788e-01
6.143667879112967301e-01
6.144206293017288045e-01
6.144247334908193858e-01
6.144394730748087285e-01
6.145277339010178919e-01
6.146680601515681630e-01
6.147631569191646106e-01
6.148447295006065350e-01
6.149332879862230428e-01
6.149594015597233954e-01
6.149656457830895429e-01
6.151880371177631535e-01
6.152090175833574426e-01
6.153489096770380362e-01
6.154233134790412230e-01
6.155606690725872188e-01
6.156383071046225286e-01
6.157292166887546880e-01
6.158725141617072962e-01
6.161654780165130019e-01
6.162016784465055297e-01
6.162320713479763068e-01
6.162415161161685084e-01
6.162511561759040912e-01
6.162765873370552594e-01
6.163396684512696400e-01
6.163973337937320718e-01
6.164525296387259878e-01
6.164786346343290591e-01
6.164862381875479969e-01
6.164937067665363646e-01
6.167253595130555155e-01
6.167642404820918856e-01
6.169030358542594294e-01
6.172697004566851664e-01
6.173260315449948799e-01
6.173986034575679183e-01
6.174538428203264484e-01
6.175324846474612439e-01
6.175386241304550161e-01
6.175394625676250415e-01
6.176546826018987080e-01
6.177148085390915533e-01
6.178477142825822277e-01
6.179299667246891392e-01
6.179502703226604776e-01
6.180552324261530117e-01
6.180741825529594280e-01
6.181112362712750663e-01
6.181500981179911536e-01
6.182077498926662473e-01
6.184115533427292366e-01
6.184514792450906961e-01
6.185767835666677872e-01
6.188343297567031609e-01
6.188522440750169329e-01
6.189846754728741685e-01
6.192522091217411706e-01
6.192853273260937597e-01
6.193068616239839619e-01
6.193188552947872516e-01
6.193969415172104753e-01
6.195505057618763134e-01
6.195588001278977686e-01
6.195674976468399375e-01
6.196227968658171159e-01
6.196292291433393995e-01
6.196781580753831786e-01
6.199785881405457388e-01
6.201922197804540238e-01
6.202503316988621229e-01
6.202757858686479553e-01
6.204416231531819648e-01
6.205501269664417396e-01
6.206159674923428238e-01
6.207276710453258906e-01
6.207627682667388180e-01
6.210087316095258547e-01
6.210090162793991952e-01
6.211175076044674892e-01
6.212100464145418055e-01
6.212686049561144674e-01
6.213874854133631942e-01
6.214196769249692442e-01
6.216671086846715655e-01
6.217174012564202767e-01
6.217428786516331352e-01
6.217861887136628685e-01
6.219266980306334958e-01
6.219379903428373657e-01
6.220127656797177496e-01
6.224143898921427054e-01
6.224214997944941263e-01
6.224862995045612468e-01
6.224879240645937450e-01
6.225720659456722705e-01
6.226114147375622077e-01
6.227131646589857406e-01
6.227472022526227002e-01
6.227801226825645520e-01
6.228159911226262002e-01
6.228190282971167724e-01
6.229373442797934146e-01
6.233997357968934505e-01
6.234286919091902579e-01
6.235590874794061378e-01
6.236137303668816134e-01
6.237199737617996620e-01
6.239730191597919751e-01
6.240209051665766005e-01
6.242767661116879196e-01
6.246029304698601514e-01
6.246739500857663163e-01
6.248658647151263956e-01
6.249462446074138811e-01
6.249829785351108669e-01
6.251001952392316596e-01
6.252336915001671658e-01
6.252406200857890672e-01
6.255413786376826657e-01
6.255458494316429308e-01
6.257462027853217812e-01
6.257979726104602181e-01
6.258786681437937816e-01
6.258869469411569852e-01
6.260212556340695178e-01
6.260557356436234899e-01
6.260734027270613566e-01
6.261191163857374731e-01
6.262679522943844779e-01
6.262699197119571126e-01
6.262781789662597021e-01
6.264080192342891262e-01
6.265725974077676064e-01
6.266351176811678636e-01
6.266566374323122579e-01
6.268171445366064187e-01
6.270692421622229284e-01
6.271102918177310359e-01
6.271520067144968902e-01
6.272299736055615416e-01
6.273406017930197587e-01
6.276652026964028019e-01
6.279011752913022937e-01
6.279601493111932609e-01
6.280423098844047924e-01
6.280682228119659483e-01
6.281193860199694168e-01
6.281197844868635638e-01
6.281587677258410052e-01
6.282207493715692426e-01
6.284027320591381027e-01
6.284060685933358092e-01
6.284820863287307047e-01
6.285016839798769350e-01
6.286593995148400671e-01
6.286720792791198331e-01
6.290280642293156754e-01
6.290410428028523349e-01
6.290787716350263459e-01
6.290957802230240370e-01
6.290962155164885328e-01
6.291411466165899302e-01
6.291851282953223601e-01
6.291991793027851276e-01
6.291995382579012031e-01
6.294170393824387588e-01
6.294453539513262808e-01
6.294777266123721127e-01
6.295010826371898460e-01
6.295984543551237378e-01
6.297382123228192352e-01
6.298827720990652912e-01
6.299519073378884171e-01
6.302082960271726542e-01
6.302128413572026799e-01
6.302299146261597373e-01
6.303078235966262932e-01
6.304446631576374749e-01
6.304852995531751159e-01
6.305305196429347170e-01
6.305594266866907383e-01
6.306854106421981854e-01
6.308164630709700571e-01
6.310090695994993171e-01
6.311077851132959049e-01
6.311474016596526626e-01
6.315609183888859501e-01
6.315765823433636683e-01
6.317343268210762197e-01
6.318631463129816828e-01
6.318875662715645047e-01
6.318939098206522997e-01
6.320417144834913348e-01
6.320683298330150857e-01
6.320959863997732686e-01
6.322668154836280641e-01
6.323710985701321841e-01
6.325042817828836483e-01
6.325579553083816586e-01
6.325621946980153343e-01
6.325885824277135416e-01
6.327472791152196629e-01
6.329510337835529965e-01
6.329592187488333188e-01
6.330433522462681761e-01
6.331405891899203331e-01
6.332206994873085248e-01
6.334615556920655255e-01
6.335275168589611372e-01
6.335560801196378211e-01
6.336107950956824109e-01
6.337746505135402053e-01
6.338126425916907891e-01
6.339457942620050357e-01
6.339683739371032578e-01
6.341285895219167523e-01
6.341886771267334355e-01
6.342782073469607207e-01
6.344357742490013274e-01
6.345242377763095076e-01
6.346436324686014485e-01
6.348211541171696615e-01
6.349412098371608471e-01
6.351815471834610927e-01
6.352589806590203114e-01
6.355970521620514235e-01
6.356502212967777288e-01
6.358320314882834889e-01
6.358661477289397901e-01
6.359905377773168444e-01
6.360480861066626357e-01
6.361173879107328011e-01
6.361338232133610937e-01
6.361461079911289174e-01
6.362098280313047693e-01
6.363451683977623397e-01
6.363554323888578335e-01
6.364472882353023886e-01
6.367085402191334786e-01
6.367440929727213872e-01
6.370338919301883340e-01
6.370649088910897984e-01
6.370696706850152990e-01
6.370805203297668085e-01
6.371494581489549613e-01
6.372718611403144218e-01
6.372860123572122726e-01
6.373009785642070879e-01
6.373165339024882137e-01
6.373683845750207633e-01
6.374552638475811106e-01
6.375709529258911656e-01
6.376545545292739980e-01
6.376809255342120730e-01
6.376911659211624839e-01
6.377464543078733561e-01
6.380042713117887176e-01
6.381610668329562586e-01
6.381898197855048194e-01
6.382896004181672911e-01
6.383375129818560367e-01
6.383917810531457571e-01
6.384005259352668604e-01
6.386136909793662664e-01
6.386208123664987024e-01
6.386816773555280546e-01
6.387289012749953754e-01
6.387323047547566190e-01
6.388569619425404911e-01
6.390654566528708447e-01
6.394588354214248982e-01
6.396494941045635096e-01
6.400774608128557697e-01
6.401913271392020155e-01
6.402107715734931537e-01
6.403128617338057493e-01
6.406321001979469187e-01
6.407444933113168872e-01
6.407690056460619843e-01
6.408084833591711771e-01
6.408440779471704651e-01
6.408795539997060864e-01
6.410168060772151177e-01
6.410691330332375371e-01
6.411267611916724452e-01
6.411595077326920356e-01
6.412931989232464325e-01
6.413323668757872076e-01
6.414494168166624544e-01
6.414793731899960383e-01
6.415636705023352038e-01
6.416488371716556616e-01
6.416729640713014771e-01
6.416975044868428180e-01
6.417113859097748341e-01
6.417698759957315424e-01
6.419273438555798128e-01
6.420033059700120948e-01
6.421078281481490402e-01
6.421835231814349010e-01
6.422309727362197629e-01
6.423142086338035073e-01
6.423426265618744635e-01
6.423993232291697053e-01
6.424275014411138240e-01
6.425660644332121807e-01
6.425995021608759128e-01
6.426922939478679764e-01
6.427528888377328498e-01
6.427793349973485171e-01
6.429613671963733124e-01
6.429677179280218757e-01
6.431055614472289683e-01
6.431228521985906665e-01
6.431440805386484660e-01
6.432477940348967360e-01
6.433663929369874968e-01
6.434996305586041521e-01
6.435540628392043550e-01
6.436186880045176029e-01
6.436555825753330629e-01
6.436643257693153153e-01
6.437802053212853259e-01
6.437912713801571263e-01
6.438689073804850782e-01
6.439740282491557277e-01
6.441807310979276169e-01
6.442012186063517110e-01
6.443708716461742370e-01
6.444102888530103268e-01
6.444542016265890627e-01
6.444665576199821722e-01
6.444812613618713382e-01
6.446635416238860605e-01
6.447319458473511622e-01
6.450053863031324219e-01
6.450333500762256422e-01
6.450396585458109122e-01
6.450422962261060933e-01
6.451036899308684180e-01
6.451642160137873727e-01
6.452124800168754781e-01
6.455907262100615274e-01
6.456377895313522020e-01
6.456535448599231009e-01
6.457869828723116212e-01
6.458407486141105602e-01
6.459237835306623765e-01
6.463649552518884178e-01
6.463789067429496216e-01
6.464360089978906654e-01
6.464602626234645655e-01
6.466386861384754159e-01
6.467349015791847844e-01
6.470993068255299629e-01
6.471567741022425935e-01
6.472090601319926417e-01
6.472455378992664210e-01
6.472656454000023096e-01
6.475747131663064371e-01
6.476645706908009670e-01
6.477853894623507580e-01
6.479335090614408710e-01
6.479397732153369116e-01
6.480795020069496370e-01
6.484571449313691893e-01
6.485586349787056948e-01
6.486328411681814288e-01
6.486577693199342409e-01
6.486971949096483891e-01
6.487666025361649158e-01
6.488886432409108895e-01
6.489449196735038727e-01
6.492563924123582186e-01
6.493795321215855010e-01
6.494383788917662548e-01
6.495191017430125280e-01
6.497679651998410355e-01
6.499661973295635109e-01
6.502039372098551429e-01
6.502137099434791567e-01
6.504819040294241850e-01
6.505193430985135583e-01
6.506301496393643857e-01
6.506560276552967315e-01
6.508625780598008559e-01
6.508629909228540456e-01
6.509491604109509666e-01
6.510708712509309937e-01
6.511309089503631853e-01
6.511678022624419748e-01
6.512145949614512874e-01
6.513267644687468216e-01
6.513269843252488256e-01
6.513507767732799048e-01
6.514370975171357436e-01
6.514527570951795798e-01
6.514609023169919411e-01
6.515113942901498145e-01
6.517849779719203651e-01
6.518077112973243992e-01
6.518218535271377290e-01
6.519032003375414552e-01
6.520960139199282191e-01
6.522389569308206791e-01
6.522837104702089439e-01
6.523263058832357020e-01
6.523532880282720825e-01
6.525199040015390306e-01
6.525244039084016068e-01
6.528663141180808260e-01
6.530923973458013787e-01
6.531776326491761653e-01
6.532023869998272447e-01
6.534064897246333325e-01
6.537781036680060387e-01
6.539812959660312730e-01
6.540988244915001415e-01
6.541463470197236285e-01
6.542179033477600880e-01
6.542454111960446239e-01
6.542537752443785548e-01
6.543250703674818869e-01
6.543698264209725224e-01
6.544068244064353834e-01
6.544670314216465279e-01
6.544854154872906671e-01
6.544863198445950436e-01
6.545310586725426871e-01
6.545582239748026776e-01
6.546761946981703995e-01
6.547346528104354135e-01
6.548758038273353455e-01
6.549065496241058826e-01
6.549249575472996243e-01
6.550176267418681419e-01
6.553099285078528569e-01
6.553299941136695450e-01
6.553945090326832590e-01
6.554106961400669729e-01
6.555123951310553032e-01
6.555506459748594583e-01
6.555638454446526264e-01
6.556377865431822771e-01
6.558979265482449694e-01
6.559907934387899653e-01
6.560447503360953281e-01
6.561032842614329397e-01
6.561675984775933168e-01
6.561828888477398980e-01
6.563521127271936262e-01
6.564298140920290514e-01
6.565707206852745559e-01
6.567636457283996254e-01
6.568036091390021536e-01
6.568086760313638361e-01
6.568730923584114034e-01
6.569104689710244527e-01
6.569758060662999055e-01
6.570256916948258308e-01
6.571267087002899965e-01
6.571703913055290114e-01
6.572107832282372275e-01
6.573231546389827207e-01
6.573947296885578329e-01
6.574587206402526807e-01
6.575716929831098012e-01
6.575986456839467698e-01
6.576037005488946097e-01
6.576427850125027286e-01
6.576573380696953963e-01
6.577082342550798488e-01
6.578215423914555160e-01
6.579293279824013352e-01
6.579402768208026941e-01
6.584620822512720073e-01
6.584808534227329924e-01
6.586496740728401411e-01
6.586801600616293273e-01
6.587040827744995442e-01
6.587092443173189205e-01
6.588357607474034650e-01
6.588886386167223108e-01
6.589224784514351452e-01
6.589453692053481859e-01
6.589625867471916587e-01
6.589680022934351067e-01
6.590587650763850558e-01
6.590593604185738252e-01
6.591306311260549666e-01
6.592074534769187810e-01
6.592947974503058362e-01
6.593263042387345063e-01
6.594900251647084488e-01
6.595151905429212924e-01
6.595778363274936718e-01
6.596659760799120642e-01
6.598331753191551963e-01
6.598345611956867307e-01
6.600559289070587754e-01
6.601781619889707242e-01
6.603501326694073414e-01
6.603903279459749642e-01
6.607606813299169435e-01
6.608582241763378828e-01
6.614200791916505784e-01
6.615138578358062960e-01
6.615655876326622664e-01
6.616398939445803373e-01
6.616607388666737588e-01
6.617204632228523842e-01
6.618578713191575202e-01
6.622002652208734963e-01
6.623268398876795970e-01
6.623503110098805102e-01
6.624190176180242418e-01
6.624653318998097173e-01
6.625393318206940219e-01
6.628923147791486725e-01
6.629341610504979609e-01
6.629918086654900122e-01
6.629918695479297686e-01
6.630149109945199237e-01
6.631136023464128115e-01
6.631519903970375385e-01
6.632469726812539879e-01
6.632859837744240483e-01
6.635308443717301552e-01
6.635613220867209172e-01
6.635791279544660526e-01
6.635791404381835568e-01
6.637578467681425343e-01
6.641533967028772079e-01
6.643488767356273694e-01
6.643655503340659685e-01
6.643962273869156165e-01
6.644958199991289893e-01
6.646260183031259539e-01
6.647641608249161838e-01
6.649560767872180200e-01
6.650114168345360177e-01
6.651300807337802157e-01
6.652209141351932420e-01
6.653185419991866079e-01
6.653871755675041522e-01
6.656709034470524866e-01
6.656847332000008777e-01
6.657263862176053815e-01
6.658595197324823634e-01
6.659297469179129569e-01
6.661706334995672885e-01
6.661977002253836044e-01
6.662121842409557404e-01
6.662563409870231323e-01
6.663125221374917029e-01
6.663229654556011017e-01
6.663381616401233831e-01
6.663725462561692625e-01
6.664108014115186496e-01
6.665698425366762825e-01
6.665818538398996518e-01
6.666238422337791292e-01
6.667646724762598121e-01
6.668949750371981899e-01
6.670789748983372291e-01
6.673019642136871488e-01
6.673668850456978552e-01
6.674038549301614109e-01
6.674355104133465888e-01
6.675911200893765995e-01
6.676257439423146645e-01
6.676713657538002611e-01
6.678130441034177966e-01
6.680890862167738753e-01
6.682609729603162796e-01
6.684224417205144597e-01
6.686970166510149971e-01
6.688312597970641482e-01
6.688575039385757925e-01
6.688789424918992754e-01
6.688887381490769002e-01
6.690197221305824726e-01
6.692487361303375293e-01
6.692617411930901206e-01
6.693074368749870606e-01
6.693544604012596766e-01
6.693756975524574049e-01
6.695004022367219143e-01
6.695223115175059636e-01
6.696584883821015133e-01
6.696952845302533985e-01
6.698615255878396235e-01
6.699238276505371514e-01
6.699323718285701279e-01
6.699661366532764228e-01
6.700521468768696476e-01
6.700795711095778318e-01
6.702121219125928286e-01
6.702844212550699288e-01
6.703075783555723088e-01
6.703350385656881016e-01
6.704234044987894547e-01
6.705368281388934815e-01
6.706037804508090394e-01
6.708246471431011937e-01
6.708587313370564242e-01
6.708625096926504883e-01
6.709467495225067690e-01
6.711965791817025018e-01
6.712067293663799283e-01
6.713895305676726988e-01
6.713925177340436257e-01
6.714706393543597995e-01
6.716361163565541803e-01
6.716424281400885654e-01
6.717628954935213059e-01
6.718083727245419690e-01
6.720310831243228034e-01
6.720709902803554403e-01
6.720823347769193656e-01
6.721118891241563142e-01
6.721196519732133279e-01
6.721515635808846811e-01
6.721626997234233514e-01
6.722321898670903240e-01
6.722436924868602226e-01
6.724734674212927699e-01
6.725436274099370060e-01
6.725984800831035226e-01
6.726108253190030695e-01
6.726446850582177284e-01
6.729796105217309421e-01
6.731385002272110007e-01
6.732320331767907007e-01
6.733010327140001028e-01
6.733056620830505379e-01
6.733670541733072223e-01
6.734117135574916313e-01
6.735081647200117372e-01
6.735825816941517497e-01
6.736569659776348029e-01
6.737079843441174942e-01
6.737972336210391600e-01
6.738388305653902899e-01
6.741765573905416087e-01
6.743395604111309671e-01
6.744465045153876792e-01
6.745407498659937717e-01
6.745427940585886351e-01
6.745810294926333217e-01
6.745822677215507213e-01
6.746504376281015070e-01
6.747990770578430331e-01
6.752313821922907300e-01
6.753930538807720874e-01
6.754773952305629381e-01
6.756184929570285824e-01
6.758698410659127465e-01
6.758984503668328259e-01
6.760333452348560312e-01
6.761575271654566288e-01
6.763484400203888525e-01
6.765356791808980752e-01
6.766021950959167919e-01
6.767151585233694977e-01
6.768024083918330325e-01
6.768889335999996870e-01
6.770138920453980802e-01
6.771829403519257218e-01
6.771952126936684468e-01
6.773137642514804879e-01
6.773152574779222057e-01
6.773730558923126699e-01
6.774197067614849965e-01
6.774935763772983455e-01
6.776506985689638718e-01
6.777264049492425224e-01
6.777762241243076025e-01
6.778352753718968060e-01
6.779017639376158089e-01
6.779642800176922668e-01
6.780256632260537319e-01
6.781184376561623095e-01
6.781759375347388152e-01
6.781941257089431074e-01
6.782877140389708126e-01
6.783418456644887407e-01
6.783531632272263856e-01
6.786205500969955118e-01
6.787182012920368601e-01
6.789822840120514069e-01
6.790019052743160310e-01
6.790921689947206907e-01
6.792558833494590775e-01
6.792882255439049999e-01
6.794030983432408632e-01
6.796095148448941803e-01
6.797502171444069763e-01
6.798202040214138542e-01
6.800869649661906990e-01
6.800962429156635070e-01
6.801211341430927204e-01
6.802759501257623631e-01
6.806293702051665617e-01
6.806429149699491088e-01
6.806659957291207874e-01
6.806813171723495870e-01
6.806964739642554774e-01
6.807000372165508129e-01
6.807248092187700994e-01
6.807833148091205766e-01
6.807889653171684818e-01
6.808037312642017946e-01
6.808296943034795046e-01
6.809340167621737994e-01
6.813082839341662034e-01
6.813268550216016184e-01
6.813863812362958017e-01
6.814358448103631227e-01
6.816358462775716776e-01
6.816583088745991059e-01
6.819303567194899829e-01
6.819652539842432359e-01
6.820431186147704050e-01
6.820595825711224247e-01
6.820739701088349705e-01
6.821160901817551192e-01
6.821184424494374232e-01
6.822619388306031540e-01
6.823119617856220342e-01
6.823696161361818557e-01
6.824058838116245918e-01
6.825595942210962441e-01
6.826887330329032277e-01
6.827500579453691376e-01
6.828515569279689501e-01
6.828790613764942341e-01
6.831023946376459932e-01
6.831951410426342353e-01
6.832080672824841772e-01
6.832411772960618190e-01
6.832526323805733215e-01
6.832587012797344261e-01
6.832632402477233358e-01
6.832681473081224643e-01
6.833616871416774430e-01
6.834048204168117202e-01
6.835339763305724459e-01
6.835724696635703257e-01
6.840099447703832380e-01
6.840664681892215659e-01
6.844182276833292722e-01
6.844480782578544753e-01
6.846275051434285164e-01
6.846288735101395684e-01
6.847771590421489751e-01
6.847961670625128949e-01
6.851213703826020129e-01
6.852898495859950367e-01
6.854579563412492860e-01
6.854928245397241549e-01
6.856333250688239067e-01
6.856478144181431533e-01
6.857272573525740045e-01
6.857364439080446683e-01
6.859032634930125605e-01
6.861629140073177702e-01
6.861860954787154521e-01
6.862302705332311570e-01
6.864175933951222053e-01
6.864484270573775193e-01
6.864873653344073512e-01
6.867089089759340625e-01
6.868091193535599270e-01
6.868173019600913864e-01
6.868669333458793380e-01
6.868735963440912862e-01
6.869872166719829254e-01
6.870868643217059590e-01
6.871238496176301780e-01
6.871436835282126454e-01
6.871753834633976821e-01
6.872598662618804033e-01
6.873868820144051206e-01
6.874311558708753322e-01
6.874539068755705085e-01
6.875072105501101039e-01
6.875204005301102095e-01
6.875941119696923343e-01
6.876400669499986851e-01
6.876779215888784158e-01
6.877384375005189954e-01
6.877952959403353939e-01
6.880357580483954516e-01
6.880493840142443140e-01
6.882546791063085534e-01
6.884282665844750904e-01
6.887741500560429220e-01
6.887970173077181402e-01
6.888135230792735708e-01
6.889862615780036892e-01
6.891509737725608487e-01
6.891894164714538196e-01
6.892562681920152423e-01
6.893466340711235096e-01
6.895911577783278013e-01
6.901976980141819595e-01
6.902701725159210433e-01
6.903098288255200554e-01
6.905255780675363386e-01
6.906260499413678922e-01
6.906508631093767336e-01
6.907015280544254177e-01
6.907511050538132080e-01
6.908771465957436186e-01
6.909267891980604981e-01
6.909322914832418672e-01
6.909617863500191470e-01
6.911074085378442478e-01
6.911451158365257141e-01
6.911610419140209460e-01
6.912021253641662533e-01
6.913826299159836486e-01
6.913853675122770825e-01
6.914384187534029502e-01
6.917418196417550735e-01
6.918093221956613803e-01
6.918663111273309907e-01
6.919339069640311202e-01
6.919605231266936496e-01
6.921864047583802249e-01
6.922877473820556737e-01
6.923411743820907516e-01
6.924091449199857307e-01
6.924544076223524414e-01
6.928766024772162746e-01
6.929321985147117724e-01
6.930434493765725845e-01
6.930475799276900606e-01
6.931650947127645512e-01
6.932052937838300011e-01
6.932626707450154635e-01
6.932928384129988242e-01
6.933222044130661343e-01
6.935429491144096126e-01
6.935506349684945615e-01
6.937896716884458526e-01
6.938304024699769590e-01
6.938428911943033128e-01
6.943867913945386272e-01
6.944805379482136276e-01
6.945021745255782752e-01
6.945650688885521840e-01
6.945856257980140835e-01
6.946033835044379545e-01
6.946140436151648778e-01
6.947398677783411802e-01
6.949084186298127852e-01
6.949666194836443545e-01
6.950294680534507830e-01
6.951081857355926319e-01
6.951372791213430435e-01
6.951928370269236934e-01
6.952108797278268026e-01
6.952532328454866795e-01
6.954351358609790479e-01
6.954514054858621508e-01
6.955843175962429514e-01
6.956967437039727198e-01
6.957680857034861388e-01
6.957912072663884340e-01
6.959365242591504241e-01
6.961007069850780882e-01
6.961265250256124526e-01
6.961437834283696890e-01
6.961572937864879407e-01
6.961908334198427806e-01
6.962289551790014075e-01
6.962657613877174523e-01
6.962763565137588539e-01
6.963432215966834926e-01
6.964412758609378473e-01
6.964631003086457772e-01
6.964655458030439839e-01
6.966241858490458405e-01
6.966664835137154066e-01
6.967072670805579682e-01
6.967192394243120201e-01
6.967477019509180636e-01
6.971331166041120353e-01
6.971343624154960894e-01
6.972658437528514996e-01
6.972866999444512492e-01
6.974918325559691379e-01
6.975527656327651371e-01
6.976449407908494882e-01
6.978404957571731071e-01
6.978579009227404706e-01
6.983550141324086358e-01
6.986454066022911302e-01
6.988198450888104540e-01
6.988536019559645762e-01
6.988612837736205563e-01
6.988954125996397204e-01
6.990502074541737887e-01
6.991790199534936301e-01
6.992604086263461971e-01
6.993001290017902827e-01
6.993972156084524716e-01
6.994444855230709246e-01
6.996310829519174490e-01
6.996474690633561755e-01
6.996492984957546346e-01
6.996571098958017654e-01
6.999997649600196992e-01
7.000390252103376731e-01
7.000989667492453217e-01
7.002345739536469660e-01
7.002444185105232144e-01
7.003275520173593005e-01
7.003331760421683816e-01
7.004761087080169091e-01
7.005402448739859178e-01
7.005633024030583078e-01
7.005804225680596353e-01
7.005906755656389207e-01
7.006019982273274938e-01
7.007019160498074717e-01
7.008501748601504433e-01
7.010445448508003663e-01
7.010635739025868896e-01
7.010939813098969742e-01
7.012422321461254660e-01
7.012487075525337676e-01
7.013675702292158087e-01
7.015902860859668522e-01
7.016139400372783941e-01
7.016619474703018611e-01
7.017557102837282956e-01
7.017895982443256298e-01
7.018022066030968897e-01
7.018750595397391656e-01
7.019192029589551574e-01
7.019314324796774862e-01
7.020504424721023540e-01
7.020786708707467128e-01
7.022551719059769715e-01
7.023159038995264725e-01
7.023960634923939184e-01
7.025747560596375951e-01
7.027050936044887397e-01
7.031402841289607908e-01
7.033604101636348194e-01
7.033823979473178278e-01
7.033829125306912955e-01
7.034627856794312128e-01
7.038351220087549764e-01
7.040754813181450134e-01
7.040888487903731452e-01
7.042144359278654786e-01
7.042379830416604092e-01
7.042643648958590852e-01
7.043198533592202049e-01
7.043516994683046706e-01
7.047308306887225537e-01
7.047816372382674777e-01
7.050196051467132463e-01
7.050623924874408477e-01
7.052360679821825240e-01
7.053933972240064021e-01
7.054836858539691447e-01
7.057519005315995297e-01
7.058335527710907220e-01
7.058697470590523659e-01
7.060521314419807570e-01
7.061450519480086951e-01
7.062129446291631751e-01
7.062373831872577057e-01
7.062533595819751042e-01
7.063434714136638259e-01
7.064080424448433426e-01
7.064112769556298854e-01
7.064198288004400750e-01
7.065588344302403678e-01
7.065695701716989685e-01
7.065793008545847576e-01
7.065960659616369322e-01
7.066400698076606979e-01
7.067449293755753148e-01
7.068974921472755968e-01
7.069161781285673296e-01
7.069184334550651094e-01
7.069615974034969552e-01
7.070912243433330469e-01
7.071424369252086173e-01
7.071431905744689494e-01
7.073107440978378957e-01
7.074949642101687752e-01
7.075832066278104904e-01
7.076619358780095181e-01
7.078182701399204912e-01
7.083689127495056415e-01
7.083828199753233745e-01
7.085039167950306638e-01
7.085760266678928776e-01
7.086772238872236507e-01
7.087781139215030279e-01
7.088423250057231950e-01
7.090576384650639774e-01
7.090930224683794636e-01
7.091512804766335609e-01
7.092043380068629999e-01
7.092274681368503364e-01
7.093264319818293195e-01
7.093596891817004479e-01
7.093662416475169374e-01
7.095096238019650281e-01
7.095524157465061821e-01
7.095685877951808385e-01
7.096223115005060311e-01
7.096798458564007595e-01
7.099325417662255555e-01
7.099998023618099285e-01
7.100183101393853224e-01
7.100509046820572268e-01
7.101718799262762838e-01
7.102439059162394264e-01
7.102868722663170375e-01
7.103274912409442976e-01
7.106775209577248509e-01
7.109710853798284491e-01
7.109756822155225420e-01
7.110723457936691805e-01
7.110892510290915958e-01
7.110900454333609622e-01
7.113469795944273866e-01
7.114519539897461442e-01
7.117039727274353522e-01
7.118698743378560900e-01
7.119600820485409987e-01
7.120127429440858968e-01
7.120400043664800727e-01
7.120662508048233308e-01
7.120970366845551514e-01
7.121338227681019983e-01
7.121751454306347595e-01
7.121784530200555574e-01
7.122400309931808948e-01
7.124388927724750742e-01
7.127416495767465721e-01
7.127593693959899390e-01
7.128975112983350071e-01
7.129763776383749585e-01
7.130267463553487950e-01
7.133371286739409456e-01
7.133652921523773172e-01
7.135663492669299668e-01
7.136498837124932715e-01
7.136558571038217336e-01
7.137697047149750285e-01
7.137982325262078875e-01
7.138270180016467181e-01
7.138549844951941337e-01
7.139435410876988630e-01
7.139924232156198425e-01
7.142480480569010082e-01
7.143263506806072360e-01
7.144124306215510201e-01
7.144461143344782439e-01
7.145194752526328186e-01
7.147095132643330739e-01
7.147657642608713502e-01
7.148016556263296906e-01
7.148522180103215051e-01
7.148861909872752385e-01
7.148902470093602135e-01
7.148987465113156858e-01
7.149185003747610123e-01
7.149315583078044156e-01
7.150039287134958288e-01
7.151849160246570580e-01
7.152101903768079971e-01
7.153265794583296699e-01
7.153477641201064774e-01
7.153990826602995012e-01
7.155075514293515182e-01
7.155292349120130346e-01
7.157755963191420046e-01
7.159155650039120689e-01
7.160220793123128757e-01
7.160384106227819512e-01
7.160757344565539251e-01
7.163137424524653740e-01
7.164898038261924285e-01
7.165034474907185924e-01
7.165146060968091701e-01
7.165304545217199284e-01
7.166040272172045089e-01
7.166635205171126843e-01
7.170269402900505407e-01
7.171359452886105768e-01
7.171465426612066985e-01
7.172406471499992442e-01
7.174981072609789567e-01
7.175633744415980120e-01
7.178731450271199632e-01
7.182565231025932473e-01
7.182927438548353249e-01
7.183918992148710103e-01
7.185695770893774093e-01
7.186489897206764788e-01
7.188865026069942710e-01
7.189124166275028260e-01
7.190001815116540129e-01
7.190272281778131713e-01
7.190732221453469686e-01
7.191226192712426579e-01
7.191445029220735474e-01
7.192392321437852676e-01
7.193126627698831488e-01
7.193261944067639302e-01
7.193297031969072552e-01
7.193689466573932600e-01
7.194719979364117002e-01
7.196452759021968459e-01
7.196706924718432319e-01
7.197986561859943677e-01
7.198028973314386514e-01
7.198133286380355988e-01
7.198854205534170880e-01
7.199845326714470195e-01
7.203299875331377056e-01
7.203952982527846993e-01
7.204651833103241643e-01
7.205649076392713903e-01
7.206296430310947798e-01
7.206644565490013532e-01
7.206980476645330480e-01
7.207503868796436564e-01
7.207747534989729088e-01
7.207781416019104492e-01
7.208351170100270044e-01
7.210987743072357903e-01
7.212114013344038677e-01
7.212686818613658346e-01
7.214807894058955506e-01
7.214817731414706614e-01
7.216085827770870598e-01
7.216423748429812157e-01
7.216466984323274270e-01
7.216699758715126034e-01
7.216705052618231919e-01
7.217964678597152961e-01
7.218214206369544250e-01
7.219369681186206256e-01
7.220004186177906291e-01
7.221156569662408042e-01
7.222028082330066434e-01
7.223401050036361015e-01
7.224290740740887395e-01
7.224441299495731883e-01
7.228571823682136133e-01
7.228724709312178698e-01
7.229169597668555491e-01
7.230961331814158566e-01
7.230998635666598950e-01
7.231361633658214272e-01
7.233641975148160652e-01
7.233792952631633577e-01
7.236551988837424121e-01
7.237839069757695531e-01
7.237880625539673263e-01
7.239564615768829814e-01
7.239882577627235749e-01
7.242379151692522887e-01
7.243546269341578636e-01
7.245128850672822862e-01
7.245194980858531419e-01
7.245213074252470076e-01
7.246113760447234764e-01
7.247451945447626054e-01
7.249884707562338493e-01
7.250163832161687916e-01
7.251529315365198292e-01
7.252011321564287849e-01
7.252141766291495539e-01
7.253421960166287485e-01
7.254868118371756713e-01
7.254943262768636103e-01
7.255782333589209099e-01
7.257188564843517486e-01
7.258185821876630417e-01
7.258619952583700297e-01
7.259740510882467524e-01
7.263250206161239175e-01
7.263530000053027846e-01
7.263579224174286919e-01
7.264652801916887670e-01
7.267274377881012271e-01
7.268801893487235599e-01
7.270231201587519232e-01
7.270376070432976734e-01
7.270972895353419174e-01
7.272787724904120621e-01
7.273251810963888841e-01
7.274324659560016393e-01
7.276052374675103795e-01
7.276839913591683917e-01
7.277025321087917664e-01
7.277106174908197778e-01
7.277343760080605684e-01
7.279421065617464048e-01
7.280057163124324937e-01
7.280630639378681268e-01
7.281494304348918867e-01
7.281628438789177205e-01
7.282694826837113888e-01
7.282966609158411098e-01
7.285538759103629136e-01
7.286090859988182400e-01
7.286710160697332794e-01
7.287277588903470216e-01
7.287992876719987523e-01
7.288253748826066802e-01
7.288904463833598690e-01
7.290148127791503674e-01
7.291621332169644365e-01
7.292486278006107270e-01
7.292947872046909863e-01
7.293797418486153150e-01
7.294747731488354647e-01
7.295602781597013697e-01
7.301212411617971076e-01
7.303327498382101712e-01
7.306201150300583036e-01
7.306236015615282797e-01
7.306388633142754108e-01
7.307758417571108556e-01
7.308267096519099892e-01
7.308874046037291405e-01
7.309386404869927523e-01
7.309485284030127206e-01
7.311210414606329477e-01
7.312622791961095325e-01
7.313680661197873301e-01
7.314410933542484505e-01
7.314634872601780691e-01
7.317172908464451009e-01
7.317221559287976351e-01
7.319897968628286122e-01
7.319959267309533724e-01
7.320005409651039185e-01
7.320080870384139127e-01
7.320287244929966075e-01
7.322419036463415631e-01
7.323635913122821250e-01
7.324019484174222328e-01
7.324363413486790764e-01
7.324823202034492775e-01
7.325000546653526179e-01
7.326046255766013315e-01
7.326091012056014096e-01
7.327043928625467384e-01
7.327783246314909515e-01
7.329002854403022793e-01
7.329478728331911830e-01
7.329693526719198715e-01
7.329797539105872284e-01
7.331275078246292098e-01
7.331741431523154384e-01
7.331987962572683593e-01
7.333881148290933849e-01
7.334172723105703007e-01
7.334800479887571001e-01
7.334910453680510978e-01
7.337258002676202429e-01
7.338163509278727847e-01
7.339575709731731568e-01
7.340665777402560765e-01
7.340792320671974958e-01
7.342697981049264300e-01
7.343671988462795452e-01
7.344285234425571574e-01
7.345744283724345847e-01
7.346226590536535372e-01
7.346913765590706857e-01
7.347471397700758855e-01
7.347640051348166557e-01
7.348976491088626828e-01
7.349684156610563068e-01
7.349918500797751886e-01
7.350737022769623374e-01
7.353042486948705436e-01
7.353129645509074441e-01
7.354085022205607558e-01
7.354279221686110812e-01
7.354514838232231178e-01
7.354803445779947157e-01
7.355039427519018957e-01
7.355351203619929779e-01
7.356448175638639064e-01
7.356867465167586939e-01
7.356894433941618683e-01
7.358567987159598811e-01
7.358807169885305255e-01
7.358938623432842441e-01
7.359144918436634208e-01
7.359351296242222507e-01
7.359707755661466511e-01
7.359848032606107759e-01
7.360112881180704836e-01
7.362124404054256610e-01
7.365179768377324576e-01
7.367880936485153853e-01
7.369583770552147195e-01
7.370700789092894389e-01
7.371698520740053162e-01
7.372106175318157151e-01
7.373535342200088216e-01
7.373795271388248196e-01
7.378613190100595798e-01
7.378926760252774164e-01
7.379413208465036567e-01
7.379661145980244141e-01
7.380480635427615344e-01
7.380718414353679702e-01
7.381662448577732683e-01
7.382133942508843916e-01
7.384284918329635516e-01
7.384720131751782990e-01
7.387484905384290590e-01
7.388002079387315790e-01
7.388169839404077344e-01
7.390953556779163991e-01
7.395723597608950817e-01
7.396210247558593354e-01
7.396283809995757297e-01
7.396337072307613836e-01
7.397517125775674440e-01
7.398101410756399154e-01
7.398845755602830865e-01
7.399063432545716079e-01
7.399748451026628704e-01
7.400488058883676334e-01
7.404204355766792478e-01
7.404309307088066117e-01
7.404406921862407565e-01
7.405936116081167642e-01
7.406180912105684300e-01
7.406546406028486906e-01
7.407584870308218106e-01
7.408077582782705006e-01
7.408985674130953436e-01
7.409273364102207937e-01
7.409922692887614959e-01
7.410536992692955405e-01
7.411986257325906546e-01
7.416889601250746811e-01
7.417974946794182456e-01
7.418112837359109868e-01
7.418158158647772948e-01
7.418639524034805754e-01
7.418751616576033658e-01
7.419305007014287412e-01
7.420102202794828239e-01
7.420154473792310856e-01
7.420208546418679552e-01
7.420454087447160285e-01
7.421532916946742553e-01
7.422357306647936470e-01
7.425645301521424102e-01
7.426644048982713464e-01
7.430086353706946145e-01
7.431137000820136063e-01
7.431555792411499439e-01
7.433613840055652844e-01
7.434730413119680081e-01
7.435229172483859283e-01
7.436656634395309995e-01
7.436656747112251331e-01
7.437995039167146771e-01
7.442241503727600183e-01
7.442858163259723492e-01
7.443378300512907275e-01
7.443850625628984918e-01
7.446334403651291289e-01
7.446513156013215839e-01
7.447090279826140691e-01
7.447109829215016186e-01
7.449394726632293517e-01
7.450153404964907633e-01
7.450560588772826565e-01
7.451232940901889590e-01
7.451871734203499020e-01
7.452324976403111867e-01
7.452787690363131823e-01
7.453252638200830171e-01
7.453758138580420800e-01
7.454914217995944892e-01
7.456331588953697409e-01
7.456828265118633503e-01
7.457503767538141703e-01
7.459797660642768502e-01
7.460299255030299337e-01
7.460455033291123472e-01
7.460476950419194786e-01
7.460766999539631961e-01
7.460838400833235129e-01
7.465507544614374824e-01
7.467466286745695347e-01
7.468218426737180948e-01
7.468607132506358548e-01
7.469887578727318900e-01
7.470127198150253722e-01
7.470363780530897557e-01
7.472070875814439406e-01
7.473462838018974930e-01
7.473628381279121546e-01
7.473646268366682666e-01
7.474027379635597157e-01
7.474969695827775595e-01
7.475083653183799415e-01
7.475234567650758111e-01
7.476758506341609767e-01
7.477879242302014617e-01
7.478358120633707973e-01
7.479688989915201924e-01
7.479889457831599975e-01
7.480012866492827817e-01
7.480952153082490730e-01
7.484993974962418362e-01
7.486265957206297283e-01
7.486509816513671201e-01
7.487174348334345586e-01
7.489513603105371065e-01
7.490060153158715206e-01
7.490673077849027139e-01
7.491136682551136072e-01
7.491859971518265437e-01
7.492486877879798168e-01
7.493018196777064821e-01
7.493337046381807198e-01
7.493391729610319185e-01
7.494456395985931163e-01
7.495289941356948482e-01
7.497129953422935200e-01
7.498700830589474231e-01
7.499535109953915368e-01
7.500210794048880469e-01
7.500211470771491751e-01
7.500831433354366862e-01
7.501872439426737760e-01
7.501890570209452935e-01
7.502285188320529929e-01
7.505226278493494219e-01
7.505393782337739239e-01
7.505843212577573142e-01
7.506657265820798619e-01
7.507023105218663117e-01
7.508692272570013371e-01
7.509053877095135388e-01
7.509594870974615199e-01
7.511268331809271004e-01
7.512454871554296032e-01
7.512656510463034953e-01
7.516132685915091205e-01
7.516539004021850490e-01
7.517240534636193683e-01
7.517319535487210214e-01
7.518415067688475339e-01
7.518895347932396112e-01
7.519093727625459911e-01
7.519108021055320723e-01
7.519945033386350453e-01
7.522507082287548386e-01
7.526040883037053986e-01
7.526640472374076518e-01
7.527213033680035803e-01
7.528929377879423068e-01
7.529087087928856281e-01
7.529198119479866280e-01
7.530539667300545359e-01
7.533850276896115750e-01
7.535090224146612226e-01
7.536535414842675529e-01
7.536566308539569548e-01
7.536919390077784220e-01
7.537082735729631056e-01
7.537487508824515237e-01
7.537636881913405418e-01
7.539270232189915211e-01
7.539850161104073578e-01
7.540812794406854813e-01
7.542659650983568609e-01
7.543278090512215428e-01
7.543532132811668900e-01
7.543704134917310622e-01
7.544751863428496019e-01
7.545968191531245983e-01
7.546078482694820178e-01
7.546697903274117714e-01
7.547190167742318101e-01
7.548171515693888889e-01
7.549319555580025209e-01
7.549476797645255921e-01
7.550122162524476321e-01
7.551673675140966324e-01
7.551850216150065576e-01
7.551952462450949310e-01
7.553917187544744172e-01
7.554422622570028389e-01
7.554735002005229516e-01
7.555615616153110725e-01
7.556405953494008676e-01
7.557396800505160606e-01
7.558341382960462873e-01
7.558883847757127405e-01
7.560067624919385443e-01
7.560884119593707098e-01
7.561761067606891373e-01
7.562246933731756604e-01
7.563218130686109042e-01
7.566274200946688788e-01
7.570571523272388026e-01
7.571761847507019194e-01
7.575511498755284068e-01
7.576073867438319898e-01
7.577479047598071338e-01
7.578634797825569702e-01
7.579517814401611764e-01
7.580072275050993014e-01
7.580128212205553551e-01
7.581857172794889133e-01
7.582597668405669511e-01
7.582751434044555650e-01
7.582763082223946682e-01
7.583080046704905319e-01
7.584804364174536628e-01
7.585026294304714201e-01
7.585227656632380633e-01
7.585274128407815120e-01
7.585672349668658443e-01
7.588765850681462588e-01
7.589917024494235998e-01
7.590825704872961044e-01
7.591966569944721410e-01
7.592190818603404834e-01
7.594039405750407923e-01
7.595036628389196798e-01
7.596264767225762160e-01
7.596624899954634857e-01
7.596917247886145752e-01
7.598176478629411479e-01
7.598195735737042211e-01
7.598300102235463482e-01
7.599336426334465378e-01
7.599666311853857659e-01
7.600913048662404359e-01
7.601152678366603910e-01
7.601405271025482024e-01
7.601896827521309463e-01
7.604270200402529767e-01
7.604342822713265893e-01
7.604715638665331401e-01
7.605988375614695096e-01
7.606950148275675172e-01
7.608715125523910494e-01
7.609262654659930680e-01
7.609887130724289905e-01
7.611487652060127118e-01
7.611772727273603545e-01
7.613390484320149421e-01
7.614164754351825382e-01
7.615607739750805960e-01
7.616156861285743318e-01
7.617607082760099457e-01
7.618156119684517114e-01
7.620122313569581696e-01
7.623995122443515404e-01
7.625036689689297376e-01
7.625596738630807669e-01
7.626502343553394070e-01
7.630049563041227945e-01
7.630725883447646574e-01
7.631886121582360794e-01
7.632000838030964518e-01
7.633231335663989148e-01
7.633462378822938321e-01
7.633906134476957650e-01
7.635107196740864577e-01
7.636245735429592063e-01
7.636540400007522100e-01
7.637431356234348767e-01
7.637955583288917882e-01
7.637996869469806382e-01
7.639197537173992858e-01
7.639403350617750554e-01
7.639511885953633730e-01
7.640192154152762871e-01
7.641288795506573361e-01
7.643580203551765262e-01
7.645085128880730885e-01
7.645173011556322118e-01
7.646167002990350570e-01
7.649259585137317963e-01
7.649493410593867226e-01
7.649687734884246249e-01
7.652640717330592146e-01
7.654172525298212904e-01
7.655425324941941279e-01
7.655980706359952759e-01
7.656102284214568732e-01
7.659685665636098983e-01
7.660559533045082636e-01
7.660748819034113311e-01
7.662877569378907516e-01
7.663880989605189598e-01
7.667028885875561972e-01
7.667060092708606334e-01
7.667469982600639833e-01
7.668031687590011192e-01
7.668048449873289263e-01
7.668055297813702875e-01
7.668996885158024801e-01
7.669031782440388634e-01
7.669600675068035667e-01
7.670689058272468497e-01
7.670915092710209882e-01
7.673241141669904231e-01
7.673775610187790752e-01
7.673881388435085382e-01
7.673918635649739084e-01
7.675261469418118709e-01
7.676764754514766587e-01
7.676891187459857768e-01
7.677524761064734582e-01
7.678567109989780093e-01
7.679628982508615032e-01
7.680618439067155023e-01
7.681539996620335708e-01
7.681597079860188471e-01
7.682052441099903595e-01
7.682119205587861765e-01
7.682588641296966836e-01
7.684240029499702640e-01
7.684327923048607234e-01
7.685001213232828254e-01
7.685398456006519163e-01
7.686191552927561510e-01
7.686514177639527379e-01
7.686861459563628651e-01
7.686864530019079655e-01
7.687654093628103480e-01
7.689992534574306982e-01
7.690949985943285050e-01
7.691032347350336140e-01
7.691231472239193900e-01
7.691519933831226785e-01
7.694097101107605363e-01
7.695421437791227781e-01
7.696868317856060404e-01
7.698404965187339855e-01
7.699871742320925083e-01
7.700847002018860188e-01
7.700955837218039779e-01
7.700974117184998802e-01
7.702489103860373776e-01
7.702966526829924110e-01
7.703277486924632322e-01
7.703970373332342803e-01
7.704902910366583368e-01
7.705034621905325620e-01
7.706985694707029211e-01
7.708288459901116996e-01
7.709166942564189551e-01
7.710910091570277736e-01
7.711268125749052293e-01
7.711382657250980266e-01
7.711944805992794194e-01
7.713564210808089294e-01
7.716867750242931701e-01
7.716985633391025834e-01
7.718303772755634728e-01
7.719141536868127096e-01
7.719482786526447038e-01
7.719985307716136225e-01
7.720269826800865154e-01
7.720901041552422628e-01
7.720932967654096091e-01
7.722012260401250883e-01
7.722904388311101487e-01
7.724497712178788333e-01
7.726261913226795119e-01
7.726318100201057248e-01
7.727219273939339717e-01
7.729300149754394500e-01
7.729546888933775950e-01
7.730715496310195389e-01
7.731358499833675957e-01
7.731768412167925320e-01
7.732494836708139196e-01
7.732837082168728671e-01
7.733804516295063047e-01
7.734861911422642455e-01
7.735720830982781848e-01
7.735981910718963128e-01
7.736265652894928069e-01
7.736267759661515919e-01
7.737103107170806293e-01
7.741386165675645525e-01
7.743365551646652634e-01
7.743735822411427216e-01
7.744264763430748211e-01
7.745618902220854363e-01
7.746789089004184614e-01
7.747714288998819310e-01
7.747771535265386422e-01
7.748184495589094389e-01
7.748919549017060371e-01
7.749823461415048520e-01
7.752653934202344832e-01
7.759198577971219146e-01
7.759905634461043977e-01
7.760252095552359064e-01
7.760550850876911655e-01
7.762011867806749565e-01
7.762446015342781003e-01
7.767397739739174689e-01
7.767954203987421646e-01
7.769054090784618394e-01
7.769255884569978843e-01
7.770416253078700208e-01
7.770457519731543972e-01
7.772853390723036826e-01
7.773503022293583031e-01
7.774731321136486573e-01
7.775394813762410706e-01
7.776247222840917406e-01
7.778414027118614182e-01
7.778423333388172489e-01
7.778683709452050010e-01
7.779060446679335605e-01
7.779349728130215968e-01
7.779633119465814151e-01
7.779938593887738563e-01
7.780783737520841070e-01
7.781967862790309942e-01
7.782752222012798704e-01
7.785782689976729065e-01
7.785914658749606421e-01
7.786193970668754405e-01
7.786712804327028392e-01
7.786722510605399439e-01
7.786884383655557906e-01
7.787118978412287396e-01
7.787226997010986418e-01
7.787799249297187032e-01
7.787977649490940291e-01
7.790316866106652416e-01
7.791749659861190169e-01
7.793489312042062300e-01
7.795603104173742803e-01
7.800538700188318630e-01
7.800753101977606629e-01
7.801656233485774194e-01
7.801848461392024703e-01
7.803604126520938822e-01
7.803919239828095433e-01
7.804423116717593700e-01
7.804493901763333019e-01
7.806531705319994519e-01
7.806774979769849354e-01
7.807976553311029022e-01
7.808930283657008475e-01
7.810968836789153880e-01
7.811452299981795910e-01
7.812323701211100202e-01
7.814676479006473775e-01
7.814772650596524262e-01
7.814817563790226185e-01
7.815149169813417895e-01
7.815638188308019485e-01
7.815824842376859483e-01
7.815876934272221188e-01
7.816326794435651815e-01
7.817216222631808709e-01
7.817726584678500457e-01
7.818426127485376131e-01
7.818471864168095031e-01
7.818785565178540953e-01
7.821428440491225986e-01
7.821796565375584986e-01
7.822304511454720721e-01
7.822762798463599454e-01
7.823838064589255792e-01
7.824161221171433978e-01
7.824826692033900466e-01
7.825605824563265367e-01
7.826260554487088905e-01
7.828059658053139191e-01
7.828181933217585042e-01
7.828327554502720886e-01
7.828663189166464864e-01
7.829251653703633851e-01
7.830860713141581941e-01
7.834906781205722703e-01
7.835635673121396083e-01
7.836295225329716896e-01
7.837164315994245012e-01
7.837377212521804415e-01
7.839694157874527169e-01
7.841140226793157364e-01
7.841479125855053134e-01
7.842018692465442253e-01
7.842405101840614901e-01
7.845063000343198700e-01
7.845420452078728513e-01
7.846539785456233540e-01
7.848674568516653682e-01
7.849161209288094687e-01
7.849197698088496988e-01
7.849543604383938389e-01
7.850057350652782651e-01
7.850535025208064122e-01
7.850692519945000614e-01
7.851032052936554040e-01
7.851760969720541494e-01
7.853526375580499597e-01
7.853871659595946797e-01
7.854474905513719740e-01
7.856405700935901182e-01
7.857106506311722915e-01
7.857140252053904650e-01
7.858277985553808742e-01
7.859487515420437997e-01
7.861210014611815788e-01
7.862235488840346731e-01
7.864344891797675485e-01
7.864394457108437875e-01
7.864423591995188811e-01
7.865408927613518619e-01
7.865490793887740528e-01
7.866669466683493539e-01
7.868151589479772667e-01
7.870310074799958810e-01
7.870755945523262298e-01
7.870917783388332589e-01
7.873239592236739304e-01
7.874590446346884098e-01
7.875584765240922769e-01
7.875746815521417199e-01
7.876029846229850584e-01
7.876860671404671832e-01
7.877642270724179996e-01
7.879181662642494866e-01
7.879733256396818097e-01
7.881433223506085772e-01
7.882127577167699073e-01
7.884033935443309771e-01
7.884904332931530480e-01
7.886077923416857649e-01
7.890084144916026387e-01
7.891292912771876722e-01
7.892390139849954078e-01
7.893441271762603462e-01
7.895401598752560535e-01
7.896703613242059827e-01
7.897116700585831151e-01
7.900040647817120343e-01
7.900411449399267205e-01
7.900609859874496710e-01
7.900753428520923549e-01
7.902633215463629179e-01
7.902734969082644279e-01
7.903426526567570720e-01
7.903892924706216183e-01
7.904572789436774549e-01
7.904589216241728611e-01
7.905592125820870564e-01
7.906299283129186728e-01
7.906468235853133519e-01
7.907222704340628461e-01
7.907639657907886699e-01
7.909133143705937563e-01
7.909167696650420964e-01
7.909246406865183543e-01
7.909573695647448277e-01
7.910200233564723682e-01
7.910451392049037134e-01
7.911027821590302933e-01
7.912094978962769254e-01
7.914628057329640143e-01
7.916368273125443666e-01
7.916995652247484916e-01
7.917316667444013190e-01
7.917734245679302063e-01
7.921199628105514146e-01
7.921337818136419129e-01
7.922004336472167063e-01
7.922080035506319229e-01
7.923895763552825100e-01
7.924048206152826124e-01
7.925123240192232243e-01
7.925679783597557870e-01
7.925927531914829238e-01
7.928056056519323658e-01
7.928561069153939878e-01
7.931517625263979632e-01
7.932955016883523891e-01
7.933491295540912036e-01
7.933719293826559937e-01
7.933939523743200883e-01
7.934847610527910877e-01
7.936390101592657453e-01
7.936878693426401288e-01
7.937849486629321438e-01
7.938312294941985980e-01
7.938763601623440858e-01
7.939937215428053419e-01
7.940504536132249047e-01
7.941264984818033890e-01
7.941428830363614910e-01
7.944060830586582300e-01
7.944980552905117621e-01
7.947845685274914640e-01
7.947903089914569730e-01
7.948247629040260387e-01
7.948512385443581296e-01
7.950059777995199806e-01
7.950432027171094873e-01
7.950526993545830035e-01
7.952513190291317091e-01
7.952586672553679792e-01
7.953670593356823026e-01
7.953864472874128122e-01
7.954578712605343549e-01
7.956221060195631800e-01
7.956785054841774008e-01
7.958808924257829709e-01
7.959438198054488156e-01
7.959672290064211397e-01
7.961489501654889223e-01
7.961595241202853446e-01
7.964647090490921677e-01
7.966344192623855403e-01
7.966439734132324535e-01
7.966640191870717480e-01
7.967402439566277916e-01
7.967700445260119668e-01
7.968039788460291595e-01
7.968828400002098133e-01
7.970811432743798441e-01
7.971733705151892169e-01
7.974078583791046615e-01
7.976897393966984051e-01
7.978040327162932988e-01
7.979045801118623826e-01
7.979259130692764046e-01
7.979411069533727252e-01
7.980152259212270893e-01
7.981473479624425771e-01
7.982081239417113672e-01
7.982784440834636008e-01
7.985010409637833817e-01
7.986130373901617618e-01
7.986489977612539759e-01
7.988753623539833759e-01
7.991631152154496931e-01
7.992287163758388102e-01
7.994738703486350406e-01
7.994976360333732046e-01
7.995820544853393663e-01
7.996296019001685185e-01
7.996297435079494642e-01
7.998771854825380556e-01
7.999077959613817290e-01
7.999455641916775051e-01
7.999770659396510109e-01
8.000681104888016648e-01
8.001509931340141657e-01
8.001691298432966892e-01
8.001852445858579355e-01
8.001899333012041371e-01
8.002652199290536394e-01
8.008177294523528555e-01
8.009075166525284617e-01
8.009513867999835668e-01
8.009600260108428182e-01
8.010839402565613776e-01
8.010987021416141607e-01
8.011477281651133708e-01
8.011509802026781646e-01
8.012756049998416286e-01
8.013129050410305876e-01
8.013849048757575311e-01
8.014603154022442721e-01
8.015792190760884228e-01
8.016146459674948765e-01
8.019230307162696914e-01
8.019589853943512869e-01
8.020273507055597495e-01
8.020297976343084834e-01
8.020363952999096657e-01
8.020411953086749035e-01
8.020567561846174698e-01
8.023427007567540681e-01
8.023842958980843543e-01
8.029215730564814857e-01
8.030685167728160989e-01
8.030770839465289912e-01
8.031152147501771088e-01
8.031720456826049181e-01
8.031885710952795243e-01
8.032149826487452460e-01
8.032328515064239838e-01
8.032952828988787486e-01
8.033673002620070891e-01
8.034903045088384044e-01
8.035770068099207242e-01
8.036198924990438641e-01
8.036466857375853534e-01
8.038014645523156032e-01
8.038205617715248330e-01
8.039501983959185250e-01
8.039835164895260400e-01
8.041158740093844459e-01
8.042234672900423487e-01
8.045740515940926763e-01
8.045802566097300934e-01
8.046194869943167349e-01
8.046663021631992319e-01
8.046686858191502978e-01
8.047021893184850283e-01
8.047978962026265393e-01
8.048363276964018986e-01
8.048564644721574179e-01
8.050448040349483803e-01
8.051156097376865883e-01
8.052169008917019477e-01
8.052735136336635069e-01
8.053941869944167831e-01
8.053974041817736351e-01
8.054149561618189068e-01
8.054504323139782818e-01
8.054638185505310632e-01
8.055233119452059887e-01
8.055994147905339853e-01
8.056010377949660572e-01
8.058771003753378848e-01
8.059424588378555354e-01
8.059448086011501422e-01
8.062839686202007972e-01
8.063989974785678028e-01
8.065507958192147386e-01
8.067919734121028474e-01
8.069252550047715244e-01
8.069286499728559603e-01
8.069626898429668183e-01
8.070230759534684495e-01
8.070593170263128391e-01
8.070815736873910851e-01
8.071493979718784573e-01
8.074030140723362781e-01
8.074393183157836384e-01
8.074567344314700357e-01
8.075230513003568422e-01
8.076752052439847285e-01
8.077664549107940184e-01
8.078362599511061948e-01
8.078777993058959828e-01
8.079705350779872175e-01
8.080178755260249979e-01
8.080613038185552321e-01
8.082130373842716375e-01
8.082144661329414559e-01
8.082711690150096162e-01
8.083015405656026608e-01
8.085086316496769010e-01
8.088273503408929255e-01
8.089253735718173743e-01
8.089859384712149160e-01
8.094022009109108629e-01
8.094312183311765940e-01
8.094476863883697249e-01
8.094808498909403793e-01
8.095008135439401009e-01
8.099230567071820097e-01
8.100051870339652904e-01
8.100279061865961472e-01
8.102968642174024350e-01
8.103454494335295966e-01
8.103859831125542756e-01
8.104963787972734313e-01
8.107931617090045062e-01
8.109306480201526890e-01
8.110972148320444441e-01
8.111983334238824783e-01
8.112108190705309418e-01
8.112348945798857347e-01
8.112538052443317715e-01
8.112879873336134029e-01
8.113541220458500014e-01
8.115860561470278345e-01
8.115938292932696196e-01
8.118538849430558813e-01
8.118991899548769764e-01
8.119308154838896785e-01
8.120498335425782033e-01
8.121391882158351949e-01
8.122471708591578743e-01
8.123583568545045264e-01
8.124391916841394723e-01
8.124507124537294622e-01
8.125043601855584940e-01
8.125238774981455858e-01
8.127511547725405627e-01
8.128051127340253368e-01
8.129012992212165667e-01
8.130265361210570196e-01
8.130669198622724192e-01
8.132075390583209940e-01
8.132865224771980150e-01
8.134169652542349027e-01
8.135995178141537387e-01
8.138250065811305500e-01
8.138954351221172612e-01
8.139407694950543393e-01
8.140933255355196074e-01
8.141512527655710985e-01
8.142577489200504282e-01
8.144873768753204679e-01
8.146012178495359857e-01
8.147878114608614331e-01
8.148596152082331345e-01
8.148715872129703719e-01
8.149841292005789439e-01
8.150319232863797447e-01
8.153700012149383003e-01
8.155087804702065846e-01
8.155306589296538178e-01
8.157796906966878758e-01
8.159167025532300110e-01
8.159395271375478043e-01
8.160071455287848385e-01
8.160177704723119430e-01
8.160665209284501120e-01
8.161166835467698055e-01
8.161844093346344309e-01
8.162264505010451421e-01
8.162632742135631503e-01
8.163231640578428872e-01
8.163273856045583088e-01
8.164223589780778001e-01
8.165024548960121420e-01
8.165553173768153039e-01
8.165571872076836657e-01
8.168777806488998205e-01
8.168915936230792818e-01
8.169421357147204077e-01
8.169821655894141665e-01
8.169898608455948841e-01
8.170394881487282879e-01
8.171746578130558714e-01
8.172357917629488044e-01
8.172362599406981509e-01
8.172517006066656320e-01
8.173822906688157364e-01
8.174616427134127061e-01
8.176233628114800700e-01
8.177267490139722428e-01
8.177885906552735396e-01
8.178123031194315384e-01
8.178228332934096567e-01
8.178903493321116880e-01
8.179693633787257223e-01
8.180418190806569845e-01
8.180861174750728715e-01
8.183918915572004904e-01
8.184123019844903313e-01
8.184138860604885934e-01
8.185561044577984724e-01
8.185794200218980965e-01
8.187519016899059698e-01
8.187639671345620096e-01
8.187911637439986290e-01
8.188943034185491854e-01
8.188944832598176182e-01
8.191453168767629522e-01
8.192457975025250194e-01
8.193116559769834106e-01
8.193895009220105718e-01
8.195170252908604569e-01
8.195172872579694623e-01
8.197204733740599547e-01
8.198015996894970625e-01
8.199487436097755433e-01
8.200066279376881928e-01
8.200264024691978904e-01
8.201654089195486996e-01
8.201841850152531421e-01
8.203832427763518842e-01
8.205106885479821477e-01
8.205302125438346250e-01
8.205607316920021654e-01
8.205747779916289231e-01
8.206155090523457041e-01
8.206332344566600323e-01
8.206375877731698631e-01
8.206433412503993940e-01
8.206904249752454694e-01
8.208350973892981628e-01
8.208915003985279846e-01
8.210172775305633053e-01
8.210303572614630063e-01
8.210846903520461204e-01
8.210904331540594958e-01
8.211049591207977283e-01
8.211832753061273360e-01
8.215515176671809305e-01
8.216111675404068615e-01
8.220162482661658165e-01
8.223561838760088394e-01
8.224970261688298034e-01
8.225822214641717034e-01
8.226006097540402573e-01
8.226077985427705519e-01
8.226628214256916927e-01
8.227251658249969957e-01
8.228461925586565417e-01
8.228732702903723828e-01
8.234103147319458138e-01
8.234410673102836586e-01
8.234525060575499378e-01
8.237085970047222094e-01
8.237355173088198868e-01
8.239031390988681425e-01
8.239981564082896615e-01
8.241284217394908573e-01
8.241522922642333659e-01
8.242400884112154325e-01
8.242683690404665198e-01
8.243821912478607183e-01
8.244843707222524465e-01
8.245448364336880331e-01
8.246527034398271061e-01
8.247682599787699020e-01
8.248841392953056850e-01
8.250086092329200760e-01
8.250434813734123241e-01
8.251324416301167863e-01
8.252119831324996602e-01
8.263330783240269151e-01
8.264078847711050502e-01
8.264297752317272261e-01
8.264498342214279258e-01
8.265238018062426306e-01
8.266464975153651196e-01
8.267336706695783688e-01
8.267517465681428757e-01
8.267945426095658634e-01
8.269088458107893835e-01
8.269817143701528872e-01
8.270692194870487013e-01
8.270758120169783290e-01
8.271059745954258968e-01
8.271729364983370081e-01
8.273630392521321708e-01
8.273795237357968180e-01
8.274136340689649538e-01
8.276027147921077853e-01
8.276687465855815384e-01
8.277819345995359734e-01
8.278357807375034128e-01
8.278914350181206805e-01
8.278954622724301604e-01
8.279609415230125835e-01
8.279725458960655038e-01
8.280520741668060403e-01
8.280726095257300301e-01
8.284422222350823484e-01
8.285584684646748466e-01
8.285866769920142705e-01
8.286209488542023438e-01
8.286283732798083168e-01
8.287498939886870364e-01
8.288334774278222072e-01
8.290054472163524979e-01
8.290850809233071272e-01
8.293270683055058434e-01
8.293804925793945015e-01
8.293824083820082738e-01
8.293914624295739557e-01
8.294536056473805763e-01
8.294631128625827854e-01
8.295103134714382209e-01
8.297045588465886690e-01
8.297426528588621730e-01
8.297481546378062678e-01
8.297778309553380804e-01
8.297909165447883151e-01
8.298345883429369962e-01
8.299040756353733839e-01
8.299178347006116452e-01
8.300678074829078712e-01
8.300732687604318594e-01
8.302144421238935035e-01
8.303033115359185201e-01
8.303219292849938205e-01
8.304074439211426295e-01
8.307533631597041612e-01
8.309050458899907010e-01
8.309339486102569339e-01
8.310766326446527019e-01
8.311044513907965836e-01
8.311644368616358802e-01
8.312270564421134766e-01
8.316246052077784778e-01
8.316392429183304680e-01
8.316486979988497730e-01
8.316897573923655029e-01
8.316923376496598852e-01
8.319737345271339679e-01
8.320203642932225696e-01
8.320287654784656040e-01
8.321860852748446113e-01
8.322552284512343412e-01
8.324364266105442889e-01
8.324374723628488182e-01
8.325262744617905053e-01
8.325625594225884996e-01
8.327411838083230711e-01
8.327726016021154143e-01
8.327994068975337338e-01
8.328191429370140897e-01
8.329229831664168859e-01
8.330175961847919863e-01
8.330219794499367225e-01
8.330393545655989662e-01
8.331105510467603503e-01
8.331764501826312008e-01
8.331935539319316186e-01
8.332050353688331690e-01
8.332596751209171426e-01
8.333611928851382133e-01
8.333835996175807947e-01
8.337219305067595787e-01
8.338126089601720636e-01
8.341119531452126923e-01
8.343095947965166737e-01
8.343754501223007436e-01
8.346041765810067181e-01
8.346668648319356398e-01
8.349292458986067311e-01
8.349508126115408047e-01
8.350813063699947802e-01
8.352832363053294129e-01
8.354907569145223478e-01
8.355332054106421324e-01
8.358514245830708234e-01
8.359495334358548746e-01
8.359664476669068645e-01
8.359705106458467094e-01
8.360125811195472378e-01
8.361262265296496299e-01
8.361716918165909007e-01
8.362582846113826296e-01
8.362645894916785894e-01
8.363113635646798327e-01
8.364113231856443731e-01
8.365137355250564788e-01
8.365569526014701163e-01
8.365704334286263588e-01
8.366643170055280132e-01
8.366672212337435965e-01
8.370663126814308352e-01
8.371056518527449919e-01
8.371120680949082349e-01
8.371578048997648791e-01
8.371785594179119716e-01
8.372273134914715031e-01
8.372642566285367627e-01
8.373086958596330787e-01
8.373230970714643506e-01
8.374979981463035461e-01
8.376887779230752784e-01
8.378666667971742532e-01
8.380314354519204922e-01
8.380994279825920712e-01
8.381848003534966285e-01
8.385691858873742799e-01
8.388969494510886138e-01
8.389010970931981559e-01
8.389144097808218792e-01
8.390040010699942874e-01
8.390480530603630083e-01
8.391843528530993357e-01
8.391946451309471033e-01
8.392160466598000967e-01
8.392215965639270303e-01
8.392269884226106758e-01
8.394137007647081150e-01
8.394455895052074235e-01
8.394888448801398617e-01
8.396120702536399305e-01
8.397936899384559339e-01
8.398543582621214032e-01
8.398976108059301726e-01
8.401403714791196853e-01
8.402552046949745002e-01
8.402752723129914836e-01
8.402887659772347861e-01
8.403714330857990911e-01
8.404777894511441527e-01
8.405690884170285981e-01
8.407819028529304184e-01
8.408044301333128523e-01
8.408814529293873186e-01
8.409129466186567869e-01
8.409887507955210451e-01
8.410833331540887858e-01
8.412820004788723605e-01
8.413131397592674698e-01
8.413468256092345721e-01
8.413867810835654604e-01
8.414027798000924818e-01
8.414307066153106085e-01
8.415584745832402902e-01
8.416444292920670645e-01
8.417438190399012532e-01
8.417782890742693258e-01
8.419058676783183204e-01
8.419869916595066339e-01
8.422782520907091675e-01
8.423419064008725865e-01
8.425428588235106542e-01
8.427728924808394195e-01
8.429733529892534660e-01
8.430946730707380432e-01
8.431184494609558211e-01
8.431384033551161394e-01
8.435761734102108500e-01
8.436209571579379451e-01
8.437431697344651704e-01
8.437727635008889226e-01
8.438302803351852566e-01
8.440237050865955215e-01
8.440297571733380577e-01
8.441158375577759720e-01
8.442976677873195168e-01
8.443054635725768531e-01
8.443733368719096299e-01
8.443987290659183964e-01
8.445214018636966191e-01
8.446050151961664865e-01
8.446821998173048573e-01
8.447226036985069353e-01
8.448650651343776463e-01
8.448864262852376905e-01
8.449672123628769738e-01
8.450253668157008402e-01
8.450643625592949570e-01
8.451019383627357273e-01
8.451582322619496379e-01
8.452200525281544641e-01
8.452498953133217308e-01
8.453653076630333052e-01
8.454889876315766495e-01
8.456056598755619103e-01
8.459680144775899580e-01
8.461309581171306826e-01
8.461886643365399419e-01
8.462427010751938372e-01
8.463472473248543348e-01
8.463682456315732017e-01
8.464840359646268464e-01
8.466877796726672845e-01
8.467091313725870760e-01
8.467841726942006986e-01
8.469291361108401972e-01
8.469549264026761115e-01
8.469785186642208030e-01
8.470161718424884523e-01
8.471582800071666419e-01
8.471848223641124109e-01
8.472599495451819118e-01
8.472820732194561444e-01
8.472848657919664905e-01
8.474418429875693048e-01
8.475554427373384048e-01
8.476170083561740398e-01
8.476802117739407061e-01
8.477553113305338339e-01
8.480839456242285079e-01
8.482752766116817833e-01
8.482970882916351929e-01
8.483775625744335303e-01
8.484265191075817114e-01
8.484322003037044757e-01
8.484330772183651392e-01
8.487409610629427226e-01
8.487775953512392002e-01
8.488575125868881299e-01
8.489019266234484329e-01
8.490225620870968104e-01
8.490246842053539300e-01
8.490368201897313671e-01
8.491155594627012304e-01
8.494019954796423466e-01
8.494422116639620546e-01
8.494758033854341583e-01
8.495269236393139245e-01
8.496413651040645165e-01
8.497918337536201072e-01
8.498519366134088537e-01
8.499566853533540023e-01
8.501469275566617689e-01
8.502545235260127177e-01
8.505044965295777137e-01
8.505233328935511983e-01
8.506173591648978904e-01
8.506392452134506899e-01
8.506592447205387764e-01
8.507173086152476360e-01
8.507329596976005437e-01
8.507446190074263725e-01
8.509238004468641092e-01
8.509361610897000494e-01
8.509747810648220501e-01
8.510163671560329046e-01
8.511564593027470815e-01
8.513093681913960209e-01
8.513898516869287114e-01
8.513988260438138944e-01
8.517075140406830114e-01
8.519768931203565154e-01
8.520702208165312763e-01
8.522232875763686710e-01
8.522458283333768092e-01
8.522481502129505282e-01
8.522675181047306703e-01
8.522961444974065381e-01
8.527240618609435163e-01
8.527739940042665667e-01
8.528522052197924364e-01
8.528773753266463142e-01
8.530998336228194923e-01
8.532673541711153220e-01
8.532677433793612876e-01
8.532972477890402585e-01
8.533698065963548629e-01
8.534691667374267876e-01
8.535048603595747352e-01
8.535725526968527266e-01
8.536074364703338802e-01
8.536762227446043072e-01
8.537055816802296970e-01
8.537574549072740604e-01
8.538894635889493490e-01
8.539496431169646407e-01
8.539945394422919778e-01
8.540395162042236921e-01
8.541906531135788905e-01
8.543609213340818131e-01
8.546915398389426377e-01
8.549187816004384377e-01
8.549433497683062155e-01
8.550066678957457533e-01
8.551390269713884384e-01
8.551544010106263416e-01
8.553613743791931290e-01
8.553863107924151166e-01
8.554895559867862209e-01
8.556544299805065590e-01
8.558384782906097721e-01
8.558492350907904722e-01
8.560421832863464031e-01
8.560592062716961825e-01
8.561045149597847903e-01
8.562112520504059354e-01
8.562578160204278310e-01
8.562939960307296428e-01
8.563084457927312432e-01
8.563584399420391957e-01
8.564718081402382666e-01
8.567367357417389195e-01
8.568563272829006205e-01
8.569151051702207367e-01
8.569884206579759800e-01
8.570769232448947061e-01
8.573949573006938163e-01
8.574071670002156864e-01
8.574780059356804651e-01
8.574851325876690078e-01
8.574958996367568753e-01
8.577129066224254972e-01
8.579149224673209284e-01
8.580388409371639824e-01
8.581821610794868604e-01
8.582438829686676041e-01
8.584061697667733082e-01
8.584126944338499321e-01
8.585305617471368222e-01
8.585547516367976195e-01
8.585671825539471502e-01
8.587051311505257134e-01
8.588277474161257752e-01
8.588741344866144267e-01
8.593410300548471881e-01
8.594573450643583357e-01
8.594750090177574187e-01
8.595957283990325326e-01
8.596137654631985647e-01
8.596672850102021757e-01
8.597630864967346076e-01
8.597674802536144911e-01
8.598026915898491218e-01
8.598762986965714505e-01
8.598844091599681105e-01
8.599159352326603001e-01
8.599748138357821148e-01
8.601327666492857293e-01
8.601334877744978291e-01
8.601347159718101265e-01
8.603355011090757509e-01
8.603898472479222237e-01
8.604536084228656678e-01
8.605306898624419665e-01
8.607344181833297414e-01
8.608104497966947433e-01
8.608436554753403636e-01
8.610439683394520705e-01
8.610545602383246067e-01
8.611182356094873036e-01
8.611221178343237970e-01
8.611993880238217880e-01
8.613673309198023320e-01
8.614425491761409370e-01
8.615009173133967302e-01
8.615682410503364697e-01
8.616338667165940324e-01
8.618095064241674264e-01
8.618161304510790766e-01
8.618264999663919346e-01
8.620304692942168945e-01
8.622325626869785653e-01
8.622765168858672613e-01
8.626191394909562549e-01
8.627215299046399055e-01
8.627693287429843982e-01
8.628366208941862237e-01
8.628993168329751606e-01
8.629354356799981973e-01
8.630143577926483456e-01
8.630639564423985277e-01
8.630902843857057860e-01
8.631023736846422656e-01
8.634453251285076902e-01
8.634782401065863588e-01
8.635161959174177948e-01
8.636023021423975266e-01
8.636637646301068560e-01
8.640314493763119330e-01
8.640721348604379903e-01
8.641706402075679527e-01
8.642584617947665082e-01
8.642807062047251909e-01
8.642970363122793875e-01
8.643197195287388723e-01
8.643432693112583776e-01
8.643999864516662690e-01
8.644678091015184362e-01
8.645140149422159137e-01
8.647054129108450171e-01
8.648122527789201541e-01
8.648269686342052731e-01
8.649580880262860427e-01
8.650238016780952277e-01
8.650513511147577272e-01
8.651350479273124394e-01
8.651587271352755293e-01
8.651691568163798474e-01
8.652668526752196332e-01
8.657082846048310687e-01
8.659095530300274790e-01
8.662420568251808506e-01
8.664030029458538174e-01
8.665188026121719567e-01
8.666561113109227943e-01
8.667333812544490979e-01
8.668558176050300546e-01
8.668917462922968165e-01
8.669935176898680984e-01
8.670307190836328282e-01
8.670408372884373938e-01
8.671152987173768034e-01
8.672776088238023373e-01
8.673085836044679420e-01
8.673621996913408738e-01
8.674285585726412284e-01
8.674736569128449482e-01
8.674986972045849454e-01
8.675021715904750463e-01
8.675395945224322336e-01
8.676590137215025589e-01
8.676725980307912200e-01
8.680162961068897953e-01
8.680554238719042637e-01
8.682646680111092419e-01
8.682694162407936789e-01
8.682779732844797538e-01
8.684407125580626552e-01
8.685527341521732669e-01
8.686227863531224003e-01
8.688203458106806831e-01
8.688284819119153068e-01
8.688450811287429243e-01
8.688753309337396979e-01
8.689668169414134224e-01
8.691171823940824215e-01
8.691935312332750296e-01
8.693359187063508520e-01
8.693457034708348408e-01
8.693522519234818668e-01
8.693805452579642656e-01
8.694082293138816198e-01
8.695710223194477173e-01
8.696009435977354318e-01
8.696025492582705185e-01
8.699435914009954196e-01
8.700257337577752548e-01
8.701784695920316004e-01
8.702099123323951968e-01
8.702433626776656661e-01
8.702634271057414495e-01
8.702919061934092371e-01
8.703749412772959770e-01
8.710379839716919648e-01
8.710760047848480347e-01
8.711679553618003613e-01
8.712301091542467013e-01
8.714599552871361565e-01
8.718641878980818438e-01
8.719021833241688002e-01
8.720569175710487508e-01
8.721427557877834413e-01
8.722527720501358495e-01
8.723052588547647312e-01
8.724180557126255398e-01
8.724962157819052821e-01
8.726000993852975895e-01
8.726335816495383035e-01
8.727894008537956383e-01
8.729188221293678884e-01
8.729358725938753949e-01
8.730109741211705687e-01
8.730861784988669383e-01
8.733005979410550790e-01
8.733981576780891487e-01
8.734414400366385944e-01
8.734555638505725472e-01
8.734926666597977452e-01
8.735545670646470695e-01
8.736187054420327947e-01
8.737077542448580258e-01
8.737946200084644177e-01
8.738375550902806044e-01
8.741971194559984282e-01
8.742650215567004945e-01
8.742678093601161660e-01
8.743879804287953972e-01
8.744897554127388783e-01
8.745599469849033580e-01
8.746106928330300567e-01
8.746343917028491788e-01
8.748360326289384981e-01
8.749193048820739227e-01
8.749573868350679628e-01
8.750825495123516484e-01
8.751607940449347423e-01
8.751689929273211987e-01
8.752856727036191220e-01
8.753229508339657183e-01
8.753280793590461073e-01
8.753755927725835884e-01
8.755036925941963588e-01
8.756269130025008396e-01
8.756286465224284443e-01
8.757563214733392609e-01
8.757624452687416960e-01
8.758561422156881937e-01
8.758613990850843134e-01
8.760066338093995819e-01
8.760219578553904984e-01
8.760677694378898872e-01
8.761813233128484812e-01
8.762763754469586885e-01
8.763134239267383885e-01
8.763650154995639152e-01
8.765960385943766253e-01
8.766186877654977838e-01
8.768499100685540615e-01
8.771348208807231428e-01
8.771654237941366450e-01
8.771895585993931821e-01
8.772301328494143124e-01
8.773012597149709713e-01
8.773255783866752422e-01
8.774314194070124140e-01
8.775322707450955440e-01
8.776041875437635698e-01
8.776302189964478861e-01
8.776555360759149549e-01
8.778081019599361934e-01
8.778368088996058027e-01
8.778919598372887378e-01
8.779347972728324123e-01
8.781229474405508606e-01
8.781934074151536151e-01
8.783884640661298038e-01
8.783954391673214346e-01
8.785020170157989972e-01
8.785267548851785069e-01
8.785887178588410729e-01
8.786039327010595201e-01
8.787054280615083091e-01
8.787524898292154996e-01
8.787632425189254581e-01
8.788056452389383377e-01
8.788853031617092082e-01
8.791052262334145828e-01
8.792574240588986179e-01
8.792629014477335581e-01
8.793071653418389477e-01
8.795626675404105699e-01
8.796259307366628422e-01
8.800458437462932437e-01
8.801994791148095576e-01
8.802413072031547436e-01
8.803414708170179681e-01
8.804324812680729417e-01
8.804775045904152941e-01
8.805433280854546574e-01
8.808303347666033289e-01
8.808390230519093089e-01
8.808458051613194950e-01
8.811473324114534877e-01
8.812830091853637304e-01
8.812979776312328539e-01
8.813896640653703374e-01
8.814730426789200157e-01
8.816896853382669708e-01
8.819135961404531709e-01
8.820134082432667944e-01
8.820388340357727675e-01
8.820751867884981667e-01
8.822379095554164774e-01
8.825277483036447768e-01
8.826039525665483332e-01
8.826762914421056871e-01
8.827249067141332839e-01
8.828739344242004794e-01
8.830841238243795077e-01
8.830909380763451999e-01
8.833915818046648161e-01
8.833989115002356396e-01
8.834180487764210499e-01
8.834287172496763096e-01
8.834658011110763098e-01
8.835804107272219321e-01
8.836098825671545587e-01
8.837530355562276396e-01
8.838783121408086974e-01
8.839787355669278535e-01
8.840738719566660908e-01
8.841831692512457375e-01
8.843572780065019900e-01
8.843769350803991625e-01
8.846133961015599789e-01
8.846534831606668314e-01
8.847233137936519887e-01
8.850029719830923014e-01
8.850535278855822252e-01
8.851314816028643673e-01
8.852532005677983262e-01
8.853650669547235008e-01
8.854226009312942125e-01
8.854993609521715214e-01
8.855590428065213127e-01
8.855988551953423160e-01
8.856702581882047731e-01
8.857272573995883524e-01
8.857400302410491921e-01
8.858128554272270971e-01
8.862596746693696126e-01
8.863250607245688473e-01
8.863314887372109041e-01
8.864479062758764405e-01
8.864485376475262912e-01
8.865590780757258704e-01
8.866786390843851562e-01
8.867057287972082147e-01
8.867880025289592849e-01
8.868167305756454732e-01
8.869581935763640734e-01
8.870077269687339783e-01
8.870177249523916174e-01
8.870482379591253519e-01
8.871332268849742020e-01
8.871911861416464928e-01
8.872724919571138846e-01
8.872798074118080081e-01
8.873581467608789852e-01
8.874038150415063386e-01
8.875751518528838258e-01
8.876153596260976109e-01
8.877004039518429090e-01
8.877509133766793292e-01
8.877633692140239896e-01
8.877634293149194722e-01
8.877869508033062740e-01
8.878224664534641875e-01
8.878291899492103401e-01
8.879783079843722726e-01
8.880279776518440471e-01
8.880292578548141247e-01
8.882779916506372553e-01
8.883304631261763618e-01
8.883982898092107616e-01
8.884307030295494068e-01
8.884766901968739194e-01
8.885632109735827067e-01
8.886469319464169736e-01
8.887491480972538049e-01
8.889424657593556489e-01
8.890410574673220934e-01
8.891735304611683155e-01
8.891913652814871227e-01
8.892660579183623293e-01
8.893267210290149993e-01
8.894228752454140796e-01
8.894643600821410256e-01
8.895287891513379286e-01
8.896728409468742660e-01
8.896831503851093670e-01
8.898351422138888189e-01
8.898761919035842460e-01
8.899647305828823907e-01
8.899974749853063472e-01
8.900049297900219925e-01
8.906438519214116001e-01
8.910217284575036034e-01
8.910750873688125795e-01
8.914133721208037375e-01
8.914602413216302645e-01
8.916139787315178200e-01
8.916491702932936025e-01
8.916688151091090031e-01
8.916982566779942943e-01
8.917499839611250367e-01
8.917755697580523888e-01
8.919641205377668580e-01
8.920450026615861505e-01
8.921167461380071773e-01
8.921381433911177439e-01
8.921739392123234635e-01
8.923864920143246282e-01
8.924350715604190132e-01
8.928730444507172459e-01
8.929895893487330705e-01
8.930906325379589505e-01
8.931581578321420301e-01
8.931683250898928561e-01
8.933578938415760451e-01
8.933780825493248257e-01
8.933784944709521891e-01
8.936133519923236124e-01
8.938896846638841875e-01
8.939609586141361586e-01
8.939939192153888436e-01
8.941969854215175983e-01
8.942187306797954038e-01
8.942400514105289799e-01
8.943041668971282165e-01
8.943818018389790847e-01
8.945177609658665485e-01
8.945793816546142585e-01
8.946695831505453445e-01
8.949662708743251205e-01
8.950495019425785959e-01
8.950793788448401234e-01
8.951607723737047273e-01
8.952777746722372365e-01
8.953224486376971658e-01
8.954701385546878223e-01
8.955104537299367617e-01
8.955718757311555978e-01
8.955873589930206657e-01
8.956711191806016048e-01
8.957469252265897186e-01
8.957487822150873580e-01
8.958535543063000928e-01
8.958694545319789704e-01
8.959179808295991698e-01
8.959454516375663369e-01
8.961165824269170521e-01
8.962289535605806323e-01
8.963339908019178903e-01
8.964554890737236326e-01
8.965380220036535119e-01
8.967231919172496957e-01
8.967428854577925712e-01
8.967446218113642731e-01
8.967589462007834467e-01
8.971534401486693788e-01
8.971860034324471433e-01
8.973359021848227313e-01
8.973444302374290471e-01
8.974783568135479284e-01
8.975454089453557271e-01
8.975688880116401425e-01
8.977012353342265216e-01
8.978471426607704808e-01
8.978609743135589349e-01
8.978761226687080876e-01
8.978960033109533168e-01
8.979675705419848386e-01
8.982287630532297396e-01
8.982511046218638606e-01
8.984468790441220154e-01
8.984967961660615954e-01
8.986093140462280138e-01
8.987207354374663337e-01
8.987292023109312300e-01
8.987523881214178889e-01
8.989003993344274468e-01
8.990529796895290193e-01
8.990765160073550533e-01
8.992630815407101075e-01
8.993006159336319749e-01
8.993132703882750212e-01
8.993242430345536054e-01
8.993457896160628184e-01
8.993488876303437074e-01
8.995030123654077503e-01
8.995089105771354454e-01
8.996214338302652713e-01
8.997578478248270395e-01
9.000146845912924132e-01
9.000906561584993693e-01
9.001758266331584268e-01
9.002190043437718892e-01
9.002696525673019590e-01
9.002726967324709006e-01
9.005740126975089188e-01
9.007748364906914551e-01
9.008183786565032714e-01
9.008536356177915261e-01
9.008676620849324079e-01
9.010925860900795836e-01
9.011577769662804105e-01
9.012406021964861624e-01
9.014319521151440417e-01
9.015536115701437980e-01
9.015773792854548940e-01
9.016762326568406039e-01
9.016788720322912454e-01
9.016982113493514639e-01
9.017575066504956993e-01
9.018243907160327089e-01
9.018497108484225810e-01
9.018571243758226608e-01
9.020117250980864698e-01
9.022214316536796286e-01
9.022718577264173812e-01
9.022929082236029741e-01
9.024164537735942515e-01
9.027423421913103319e-01
9.028466708753732917e-01
9.029374639447667050e-01
9.031048001964852023e-01
9.032020851535770278e-01
9.034082411638216792e-01
9.034358024185055180e-01
9.034787933396000170e-01
9.034904992845125271e-01
9.036724208111061030e-01
9.038095557130210178e-01
9.038775193895220994e-01
9.039453511634665261e-01
9.039514736381865090e-01
9.042392723040123537e-01
9.043270399492808753e-01
9.044295287936521266e-01
9.047412715908316194e-01
9.049214226500073011e-01
9.049379372217130069e-01
9.049653032011995002e-01
9.050089227382769330e-01
9.051567655846434191e-01
9.052909760135922079e-01
9.053638508491400616e-01
9.053801405378990586e-01
9.054214740591272070e-01
9.055239549501200580e-01
9.056181588252336656e-01
9.056195746672672797e-01
9.057712794960582903e-01
9.057795023170320814e-01
9.058140781466355040e-01
9.058451422298688938e-01
9.061036665777647547e-01
9.063078069666458125e-01
9.065935137220977325e-01
9.066165016819840439e-01
9.066318529852329666e-01
9.066323894956731522e-01
9.067396493380530664e-01
9.067982753278397423e-01
9.068473945653069412e-01
9.068970999600798333e-01
9.070169191478388848e-01
9.070860481949734044e-01
9.072216641500981948e-01
9.072684553558432174e-01
9.072966827649945332e-01
9.076979563502173276e-01
9.077169801717481779e-01
9.077596123153989227e-01
9.078875536323458562e-01
9.080975986209399720e-01
9.081078826339256116e-01
9.083765749961553171e-01
9.083973955651197807e-01
9.085495380579026170e-01
9.085952809231963023e-01
9.086311522812989816e-01
9.086832832305042906e-01
9.087110696852896963e-01
9.088623154140217375e-01
9.089091729852644130e-01
9.091118525792123428e-01
9.092020248751853106e-01
9.092991069973765939e-01
9.094997599715948233e-01
9.096263481311203103e-01
9.096345140623158798e-01
9.096944537888312921e-01
9.098171558010559323e-01
9.098868020079881047e-01
9.098884217118585749e-01
9.099816256434941630e-01
9.100121024530655189e-01
9.100523787256518116e-01
9.101125578476150224e-01
9.101911727939464569e-01
9.102018682481033407e-01
9.102768507243328422e-01
9.103022760405313774e-01
9.104376548412255188e-01
9.106467687243264830e-01
9.107404683695446979e-01
9.107658576091762770e-01
9.108981429237212879e-01
9.109163363162817717e-01
9.109560452303072653e-01
9.109586985395715653e-01
9.110513577452418188e-01
9.112432218318776700e-01
9.113973025788500992e-01
9.114444174147974254e-01
9.114457190309142032e-01
9.114843461862200957e-01
9.115266950773243115e-01
9.116203920949439432e-01
9.116832228936834204e-01
9.117803969910035500e-01
9.118150574577735812e-01
9.119418175377087543e-01
9.119676696090711632e-01
9.119699336746189822e-01
9.120247599735007427e-01
9.120572584221146029e-01
9.121077234731544969e-01
9.123877991658634334e-01
9.124285604778996639e-01
9.124360782956938420e-01
9.127158813167453033e-01
9.128408244409849104e-01
9.131475589670108306e-01
9.131670024253133455e-01
9.133851769512673080e-01
9.134054939989371125e-01
9.135679687779129088e-01
9.139939300198741678e-01
9.142922027741776647e-01
9.143219502576780400e-01
9.143575760988776890e-01
9.145158130531985119e-01
9.145320043249500763e-01
9.147234987040164800e-01
9.147955801162912515e-01
9.148996923696425254e-01
9.149013911773221652e-01
9.149104621413942651e-01
9.149503752798563427e-01
9.150627730663531967e-01
9.151600579777399158e-01
9.152073539525984458e-01
9.153124590165102603e-01
9.154184276429521150e-01
9.156017298532224125e-01
9.157896239880825018e-01
9.159581536053598150e-01
9.160943127920625484e-01
9.162985949805804164e-01
9.164074510073502156e-01
9.164484818021592094e-01
9.164534283909582246e-01
9.164703564529226298e-01
9.164868114722012349e-01
9.164910406295565526e-01
9.165696871677083690e-01
9.167625448103002839e-01
9.168019782712150123e-01
9.168235345846952322e-01
9.170026993225488532e-01
9.170143117090344687e-01
9.170530629743824935e-01
9.172438786433848579e-01
9.173102553587244579e-01
9.173331591240913019e-01
9.174139053484895445e-01
9.176299402023074814e-01
9.176626607795562718e-01
9.177255218205271348e-01
9.179015946762657530e-01
9.179261600315762326e-01
9.179976132047235060e-01
9.180877810464420641e-01
9.184450614108752298e-01
9.186170979116152768e-01
9.188696296351831494e-01
9.188841418068163236e-01
9.188894457456666665e-01
9.189166927283629605e-01
9.189934805053088240e-01
9.190532705965043236e-01
9.191136843792114819e-01
9.191382741085427632e-01
9.191546095185872955e-01
9.192018143031714938e-01
9.192234010378035336e-01
9.192523957387814804e-01
9.193493338928064862e-01
9.193662907789593719e-01
9.194480187121936154e-01
9.195209755266343654e-01
9.195916146280911363e-01
9.196245795569742976e-01
9.197648797335721271e-01
9.200128798669717778e-01
9.200275987599726424e-01
9.201551789678376059e-01
9.201838026099050660e-01
9.202820281792636337e-01
9.202883185472954253e-01
9.205226690931547218e-01
9.205728702798990915e-01
9.207463406252828220e-01
9.208102571715127693e-01
9.208544031194447754e-01
9.209002722901248328e-01
9.209340674264722137e-01
9.209962022134206006e-01
9.211156041750734325e-01
9.213088246792418001e-01
9.213324945793380794e-01
9.215237859366599560e-01
9.216204575767624751e-01
9.218111277888298982e-01
9.220753090852721323e-01
9.222032477105041037e-01
9.222665309147524138e-01
9.223625246560005486e-01
9.224645743001057552e-01
9.227236346711779058e-01
9.227340545687255924e-01
9.228994457193897549e-01
9.229329160627236517e-01
9.229846914738468744e-01
9.229868867588612025e-01
9.230034602345175143e-01
9.230450573201203213e-01
9.232374353204102491e-01
9.233729584487921915e-01
9.234380162222644017e-01
9.235202910914800389e-01
9.235550187960851476e-01
9.237412148770443032e-01
9.237886383110002209e-01
9.238020960045876251e-01
9.238978147938657903e-01
9.239866605432419666e-01
9.240148013108382408e-01
9.242880088730518473e-01
9.243391946342361942e-01
9.244268668599971983e-01
9.245736084089566376e-01
9.247965817968702984e-01
9.251136638400453416e-01
9.252803941704814683e-01
9.253495171945349540e-01
9.254037465120507067e-01
9.255150148515020048e-01
9.255889984367684509e-01
9.256504399432867736e-01
9.256541215004245871e-01
9.257848075739196769e-01
9.258102338300133738e-01
9.258487824463655924e-01
9.258649671113278190e-01
9.259002435019871857e-01
9.260454767966004308e-01
9.261098143187259657e-01
9.261165331606693307e-01
9.261278572926258112e-01
9.261450977731053857e-01
9.261591216789126779e-01
9.263074202151971859e-01
9.265017961340239472e-01
9.265379580154290418e-01
9.265410739250160566e-01
9.265900891975397125e-01
9.266102056253543440e-01
9.267985374890701511e-01
9.269228234215967088e-01
9.269298327760974177e-01
9.270835140702041732e-01
9.273319573298904883e-01
9.273905219395407462e-01
9.274930413041350130e-01
9.276598606587814766e-01
9.277034489234571302e-01
9.279770889362513042e-01
9.280228131448314821e-01
9.281662851494927313e-01
9.281953396466893214e-01
9.282276302338572371e-01
9.283898827631463790e-01
9.285333195482374791e-01
9.286455725669801042e-01
9.287136702580093273e-01
9.291144796869466038e-01
9.292407180484411056e-01
9.292696705714760252e-01
9.292946215191375536e-01
9.293091399009690834e-01
9.294235496687843767e-01
9.294394598956327025e-01
9.295024411247188034e-01
9.295654453679300655e-01
9.296091868602924801e-01
9.296267412962447851e-01
9.298231565977144175e-01
9.298811624258231934e-01
9.302847890338796777e-01
9.303302580024244151e-01
9.303651367305125763e-01
9.304413275202438882e-01
9.304521061221827649e-01
9.305435710683195305e-01
9.306712020279994668e-01
9.307971511671543352e-01
9.309634578957987072e-01
9.309639448762594416e-01
9.310040045181622315e-01
9.312092559622666688e-01
9.314037314114665955e-01
9.314161328433453457e-01
9.314860024754370027e-01
9.316541504893587344e-01
9.317472461466945743e-01
9.318371625117016777e-01
9.318894486438287217e-01
9.319015827534513630e-01
9.319166425265569265e-01
9.319847100758824610e-01
9.320418065695810217e-01
9.320870098816670390e-01
9.321121855485999808e-01
9.321278656815992214e-01
9.321427729104280191e-01
9.323263850354672755e-01
9.323268490419956978e-01
9.324839343141381187e-01
9.324913354959701861e-01
9.325254024231554029e-01
9.326083376366866018e-01
9.326203939386641384e-01
9.328081330849579134e-01
9.329987294982566848e-01
9.331301206815983962e-01
9.331607798481357241e-01
9.336745338014912354e-01
9.336920106149571019e-01
9.337680284167968470e-01
9.339282951213808692e-01
9.340399301100448248e-01
9.341294251791026904e-01
9.342687609263503612e-01
9.343958699592314066e-01
9.344249734907762450e-01
9.344359996316559114e-01
9.344708936845056435e-01
9.345114020638713992e-01
9.345760610688300662e-01
9.346742109676750010e-01
9.347851424333433190e-01
9.348233663896041712e-01
9.348719353237076035e-01
9.349916299240954576e-01
9.351275417708673210e-01
9.352342065614385191e-01
9.352633864716447532e-01
9.354459343515578729e-01
9.356035815637252506e-01
9.356756299848065783e-01
9.357017417041992857e-01
9.357401275448242739e-01
9.357568092574728436e-01
9.357991510756786813e-01
9.362095501913167972e-01
9.365141301229301662e-01
9.365199822216474512e-01
9.366146157792997196e-01
9.368479894831948096e-01
9.368627425786537621e-01
9.368668816929307530e-01
9.368792220669109883e-01
9.370668247253690630e-01
9.372081355571312278e-01
9.372172462999526221e-01
9.372592200976496146e-01
9.374739782840734170e-01
9.375971147496912073e-01
9.376362032841207839e-01
9.376589838859926695e-01
9.380705082612028622e-01
9.381522859864067643e-01
9.382826968818412938e-01
9.383826131962149653e-01
9.384206846264867563e-01
9.385586879755165590e-01
9.386201721490600169e-01
9.386421056939254770e-01
9.386735861284958293e-01
9.386906694275839458e-01
9.387948608409747431e-01
9.388640812254267498e-01
9.389981505077862334e-01
9.390987784064959154e-01
9.391367504723235893e-01
9.391617034217113469e-01
9.392197753837947527e-01
9.393593768459668203e-01
9.393910511060681312e-01
9.394150320169317725e-01
9.395009337792625814e-01
9.395247939057070896e-01
9.395943349136363087e-01
9.396438496058414636e-01
9.396881495063491574e-01
9.397588380898432847e-01
9.398889130866687758e-01
9.398894747533869110e-01
9.400442272531793764e-01
9.401737788051188760e-01
9.402413535214371176e-01
9.403948802712576160e-01
9.405172251899344138e-01
9.405298916294548839e-01
9.408256861312558339e-01
9.411204298846026495e-01
9.411718255176129144e-01
9.412133952228420863e-01
9.412603150508223049e-01
9.413591862531544008e-01
9.414816779804811020e-01
9.415866808556635492e-01
9.416750358231200657e-01
9.417618510021042999e-01
9.417994321798202062e-01
9.421289393991444383e-01
9.421366299854637694e-01
9.421772323635692059e-01
9.421927936413408977e-01
9.421989326980078072e-01
9.425046317723131395e-01
9.425283735155900455e-01
9.425743105853413573e-01
9.426424286944826703e-01
9.426744927468854174e-01
9.426905420404458891e-01
9.428489991501008971e-01
9.428694007704834235e-01
9.428837198479389503e-01
9.432652498084455051e-01
9.433095770079475972e-01
9.433183947334806696e-01
9.434891982967024138e-01
9.435161219774527153e-01
9.436340381162570123e-01
9.437047295900977684e-01
9.438286285423851396e-01
9.440026336596425427e-01
9.440973584293275156e-01
9.441494825983515193e-01
9.445306120702277042e-01
9.445827507625313979e-01
9.446435751527368918e-01
9.446673323742934558e-01
9.446786688871235960e-01
9.447547714484219039e-01
9.448522019319591791e-01
9.448647468237021396e-01
9.448701635175490443e-01
9.451729018473767896e-01
9.451959704287372643e-01
9.452599326697024296e-01
9.452724846686240134e-01
9.453019465324680182e-01
9.453369950413667011e-01
9.455856696449880250e-01
9.456343659662446166e-01
9.456446620899144895e-01
9.458096634782049428e-01
9.459534601081059924e-01
9.460377813407829795e-01
9.465420219457211237e-01
9.465558948492825975e-01
9.465571542742785560e-01
9.466960714588977810e-01
9.468897240254573466e-01
9.469629005701810653e-01
9.469989822379260014e-01
9.470155020743173946e-01
9.472063266001569115e-01
9.472823562024880184e-01
9.473291488483457368e-01
9.473352104236936189e-01
9.474757567202463093e-01
9.475371323044070593e-01
9.476502194265468138e-01
9.477271031987043459e-01
9.477439628017793050e-01
9.479519265382768678e-01
9.479782610082152505e-01
9.480380587847534457e-01
9.480558866489849912e-01
9.481436257221349528e-01
9.481771135757829372e-01
9.485629090208996805e-01
9.487671604390669478e-01
9.488451870087858397e-01
9.491720344312050139e-01
9.492000362242486444e-01
9.492337509894240855e-01
9.492901321366618017e-01
9.493613982292521403e-01
9.494676130221949562e-01
9.494865624045647490e-01
9.495113308476403891e-01
9.496120038633785176e-01
9.496412014273015734e-01
9.497133749884135723e-01
9.497195256889966464e-01
9.497544397781468861e-01
9.498041173767254319e-01
9.498488253006863724e-01
9.498607128034944891e-01
9.498655806052291872e-01
9.498713308494211027e-01
9.499367281374004879e-01
9.501225466716967105e-01
9.502741622617223438e-01
9.502795859683811353e-01
9.503362738068341642e-01
9.507753883312267673e-01
9.508208135566067476e-01
9.508862191279646714e-01
9.511204626946579976e-01
9.511616911553171239e-01
9.511617813547403877e-01
9.511830917554716658e-01
9.512953663709834418e-01
9.513298980869302479e-01
9.515631928514182158e-01
9.515742123141079922e-01
9.516524084237503178e-01
9.520357763359358350e-01
9.520413830161501556e-01
9.520569079668633750e-01
9.520675820201448536e-01
9.520745271351030992e-01
9.522330978384131450e-01
9.522595162718388018e-01
9.522598280984250207e-01
9.522957875820317053e-01
9.523447145703548555e-01
9.523544017924743255e-01
9.530289493238415233e-01
9.531912816047900527e-01
9.533210045671393074e-01
9.535138868385797384e-01
9.535331983691941460e-01
9.538722722421347777e-01
9.540075497382430880e-01
9.540528111410351286e-01
9.540705222958989484e-01
9.542084357167652797e-01
9.543080196847786301e-01
9.543979249125572606e-01
9.544088007050980371e-01
9.544555596857777768e-01
9.544851207473260546e-01
9.545299562450796360e-01
9.545962622820497456e-01
9.547603206656094521e-01
9.550633971576640846e-01
9.552064558282505891e-01
9.552386393048988289e-01
9.552488657808673178e-01
9.552563058399046181e-01
9.555380404471079947e-01
9.555785723356330363e-01
9.556716798620422670e-01
9.557581277173728962e-01
9.558475749418293699e-01
9.558495241588665925e-01
9.558551519644823413e-01
9.559529117350853422e-01
9.559666023330575246e-01
9.560063736018742375e-01
9.560601270273246799e-01
9.562032442963819268e-01
9.563485796968791419e-01
9.563673878900419423e-01
9.564598291059409618e-01
9.565688327948879133e-01
9.565748030733886020e-01
9.565821686306519300e-01
9.567273272413894247e-01
9.567442694885897048e-01
9.568433202445192354e-01
9.569016079606529335e-01
9.569492618955237617e-01
9.569953712565356652e-01
9.570010981663423788e-01
9.572365077599511718e-01
9.573077124256750281e-01
9.574099978747010464e-01
9.574383155871628581e-01
9.574524175946773630e-01
9.579961543562880433e-01
9.580157290131487979e-01
9.581074048756527128e-01
9.581145432127075035e-01
9.581485936580683704e-01
9.581745695421943765e-01
9.581915029638071735e-01
9.584391620264550715e-01
9.586687098491423198e-01
9.587368104365640020e-01
9.590073081863348392e-01
9.590241764865816698e-01
9.590398387641129174e-01
9.590448197160562627e-01
9.592342555685942074e-01
9.592919576070078058e-01
9.592972375595636425e-01
9.593276011280704729e-01
9.595663698078050752e-01
9.595878296482360792e-01
9.595961296525821194e-01
9.597027361026365666e-01
9.603958024808474381e-01
9.604535095445210224e-01
9.605032583261284840e-01
9.606007839853496488e-01
9.608306093551530758e-01
9.609214083324985056e-01
9.609879989291766345e-01
9.610831561814646706e-01
9.611025803264257039e-01
9.611161839349517955e-01
9.612624675090314375e-01
9.612896775502166591e-01
9.613840178991482910e-01
9.613871170431261826e-01
9.614429888567408433e-01
9.616042443257180050e-01
9.616219744996250540e-01
9.616258620285969005e-01
9.616375864424959730e-01
9.617079223092684925e-01
9.617924358616303238e-01
9.619192294365082052e-01
9.622030296178789577e-01
9.624285416646152225e-01
9.624776662004869143e-01
9.624803149310604544e-01
9.626438171392837084e-01
9.626922271823393773e-01
9.627137143550047460e-01
9.628891401172369191e-01
9.629489648527459478e-01
9.629801977630814136e-01
9.630093329199794772e-01
9.630446835303984043e-01
9.632403035546462933e-01
9.634006502438974273e-01
9.634795978756094392e-01
9.636206522535152308e-01
9.636700292075770502e-01
9.638342896957645678e-01
9.638445662661420110e-01
9.638973210653641877e-01
9.640216660750045019e-01
9.640303390186772958e-01
9.642078299893891424e-01
9.642914504470251336e-01
9.643215109548927133e-01
9.643802619368403439e-01
9.644867939466277296e-01
9.645510265096064462e-01
9.646610381250096955e-01
9.646811564716307741e-01
9.646972232028332428e-01
9.648305265873785563e-01
9.648508730576639270e-01
9.650512956787455909e-01
9.651151929390643369e-01
9.651213369561588706e-01
9.652290749736194275e-01
9.654725321390296155e-01
9.655144026217697961e-01
9.656429615875334882e-01
9.657765436845937579e-01
9.657890650040626968e-01
9.658808439501621601e-01
9.659693780408759034e-01
9.660914692140203375e-01
9.660920684580958095e-01
9.661704136836922752e-01
9.663955750506064701e-01
9.664664902243788047e-01
9.667293493975843699e-01
9.670257822055147168e-01
9.670648892252245998e-01
9.670873838718720972e-01
9.671664556915089417e-01
9.671742432464517369e-01
9.672129397278129703e-01
9.672234703724827964e-01
9.675657816446904258e-01
9.676890323857602061e-01
9.679088051227482392e-01
9.680008779166990873e-01
9.680429598687581016e-01
9.682215864384444703e-01
9.682293463904079189e-01
9.682539203696433061e-01
9.684669873679331298e-01
9.685260491265945682e-01
9.687468375084390404e-01
9.688566946897935184e-01
9.689111035845662245e-01
9.689214247150204073e-01
9.690194011247090788e-01
9.691044020951794513e-01
9.691973588461841871e-01
9.692665670683016099e-01
9.692838034638161515e-01
9.694478163026932771e-01
9.697137791303004350e-01
9.697605880766815289e-01
9.698205811546025679e-01
9.698440873044956723e-01
9.699045635329094361e-01
9.699713669121834414e-01
9.700551355349745775e-01
9.700908492759671153e-01
9.701034851057346309e-01
9.701046343120195425e-01
9.701053562150893095e-01
9.701107826770456466e-01
9.702693317079622570e-01
9.704597873336808789e-01
9.704974306652254246e-01
9.705548487345732056e-01
9.706107151847105374e-01
9.706169078372782755e-01
9.706597692869637362e-01
9.706711534256136087e-01
9.706871050697917225e-01
9.707618821772223683e-01
9.707802767610596018e-01
9.708200277114600318e-01
9.711583297967268935e-01
9.713908519181103651e-01
9.714543926574745747e-01
9.717182072021386396e-01
9.718635612783746991e-01
9.718993447249515416e-01
9.720941162751144393e-01
9.723959297918675082e-01
9.724717669345456228e-01
9.725462314413266807e-01
9.726341610499886770e-01
9.727770610916544047e-01
9.728205145416419786e-01
9.729876414412146346e-01
9.730396140994923559e-01
9.730470417424460505e-01
9.731903644332234871e-01
9.731981332094149506e-01
9.732068572700312004e-01
9.734452597035496701e-01
9.739404084791394300e-01
9.740936924462588742e-01
9.742289664051587694e-01
9.742697087199969630e-01
9.742768131805429332e-01
9.743056573340145299e-01
9.743280135094866123e-01
9.743911459699824418e-01
9.744625397709946180e-01
9.745368732935613121e-01
9.745464569105396491e-01
9.746060720870640681e-01
9.746283394808982203e-01
9.747365917482222475e-01
9.748986055210606683e-01
9.749074192311244502e-01
9.749531485153926091e-01
9.749619153790444193e-01
9.750445339850617454e-01
9.752647672551612024e-01
9.752673644397806818e-01
9.754369104941570390e-01
9.756435668669805050e-01
9.756439281069863023e-01
9.756452564853793641e-01
9.756961445825730328e-01
9.758234408292280060e-01
9.758303905170663262e-01
9.758484099530805311e-01
9.760062941291297589e-01
9.760140357586170046e-01
9.761320546233622775e-01
9.761322526257791843e-01
9.761453666806499951e-01
9.763039718879722439e-01
9.763716684867974616e-01
9.767689273985717957e-01
9.768500357490613739e-01
9.769149452456294958e-01
9.771050400590290952e-01
9.774379034509333986e-01
9.774852079440465857e-01
9.774862901503984514e-01
9.775781167518083903e-01
9.777223891932147470e-01
9.777285304675151778e-01
9.777862830167188823e-01
9.778071627026827528e-01
9.778676051902267519e-01
9.778743173851341952e-01
9.781215070221003227e-01
9.781811140651425207e-01
9.782388519706093355e-01
9.783694523741409688e-01
9.784319294863951244e-01
9.786395711225797100e-01
9.790967290663690203e-01
9.792191324849669476e-01
9.792334708143406452e-01
9.792375169049002404e-01
9.793114155423610079e-01
9.793208486890067066e-01
9.793245563099480799e-01
9.794579991874016178e-01
9.796067767775826773e-01
9.798258538158556297e-01
9.798905923245758709e-01
9.801298220243597203e-01
9.801409154872724461e-01
9.801821509426825729e-01
9.802436030223901087e-01
9.802645498100102106e-01
9.803484858528906942e-01
9.804218346416292418e-01
9.804514851525995001e-01
9.805549025253540441e-01
9.805817230518439898e-01
9.806201047717615360e-01
9.806377017253238293e-01
9.806533313819819631e-01
9.808623550341035724e-01
9.809573006844960474e-01
9.811828214384592517e-01
9.813237690826810411e-01
9.813510460941800018e-01
9.813942040841423520e-01
9.814357636705153265e-01
9.815974770216632228e-01
9.816924804898907730e-01
9.817443145836197704e-01
9.817456562214589288e-01
9.817532938745942017e-01
9.817725395711041081e-01
9.818058328164319670e-01
9.819404998658255446e-01
9.820855656838484160e-01
9.822328721461159873e-01
9.823213071902663351e-01
9.823909684840299583e-01
9.826027972782970243e-01
9.827802156561434854e-01
9.829393170918159228e-01
9.829401369773612673e-01
9.833620638724709373e-01
9.836628306694807922e-01
9.837456275012756990e-01
9.837561797513563189e-01
9.838090437640081287e-01
9.838512022883959540e-01
9.840148173827382161e-01
9.840309326964862269e-01
9.840834835853625728e-01
9.843976284785274089e-01
9.843996556815388654e-01
9.844185954435292762e-01
9.845037713892053066e-01
9.846390947030068119e-01
9.847049899324881173e-01
9.847056130499689530e-01
9.847254083636907129e-01
9.848507744391831187e-01
9.848896888373347425e-01
9.849200465634084800e-01
9.849911170995808707e-01
9.850108060886331174e-01
9.850517401843195131e-01
9.850724741805884088e-01
9.851479603548821684e-01
9.852347223591625403e-01
9.854299452736059450e-01
9.854685586304110512e-01
9.854865337928236935e-01
9.857282125717728993e-01
9.858681572640182189e-01
9.858741470872928181e-01
9.859738089538626626e-01
9.860679143098844968e-01
9.861100346056046462e-01
9.861859994346811042e-01
9.862164583351920033e-01
9.864154780362995867e-01
9.864638526907076876e-01
9.866775681026196398e-01
9.870649848456373165e-01
9.873121999337958199e-01
9.873448526268847614e-01
9.874104665855275575e-01
9.874623868900367363e-01
9.876329574930806654e-01
9.876993829573401662e-01
9.877158190524959469e-01
9.877860081702292128e-01
9.878105899037993298e-01
9.878487288942107147e-01
9.878929736644866955e-01
9.880284581374295660e-01
9.882698789815747009e-01
9.885788916730164910e-01
9.886125326184510564e-01
9.886222488566753785e-01
9.886228499449917217e-01
9.886229237061421316e-01
9.886958305411873704e-01
9.887161131484150101e-01
9.887629078833225504e-01
9.888640820496108486e-01
9.889421697456319826e-01
9.889541999277585704e-01
9.892768908594897770e-01
9.894119262460299158e-01
9.894647872799142707e-01
9.895247337868688930e-01
9.895735726455916481e-01
9.896870472634999860e-01
9.896957842212148471e-01
9.897571859694017649e-01
9.898078185710526000e-01
9.899257329151940343e-01
9.899428796271267927e-01
9.900283721040880058e-01
9.901986220620518919e-01
9.904402298809661387e-01
9.905706920341145194e-01
9.905930134669315157e-01
9.906026595696617587e-01
9.909357062176302744e-01
9.909963416177005602e-01
9.911770266562518472e-01
9.911860227480724372e-01
9.912220454256888136e-01
9.915177590095334281e-01
9.917553100017189038e-01
9.918800097711274466e-01
9.919379398739178733e-01
9.919400696079779811e-01
9.920049030543063306e-01
9.920111880603800225e-01
9.920498972191136300e-01
9.921336616647222773e-01
9.921596101704346360e-01
9.922403363636276286e-01
9.922889920611687176e-01
9.924766701066149999e-01
9.925070390516843588e-01
9.925782179420172824e-01
9.925864612594224035e-01
9.927072845741077289e-01
9.927193246514637304e-01
9.927570754761257943e-01
9.928261749686125848e-01
9.929081028368818007e-01
9.930620958995561853e-01
9.931455716695128944e-01
9.931617887483129570e-01
9.936593420885604377e-01
9.937031644839404709e-01
9.939041674058674003e-01
9.939799180342836493e-01
9.941501280877577118e-01
9.942713219899634858e-01
9.943115195405112239e-01
9.945259682104107268e-01
9.945655673092980154e-01
9.946030582052926006e-01
9.946171516825589309e-01
9.946572649924819709e-01
9.947302985333750236e-01
9.947354207822926009e-01
9.947949467369745502e-01
9.949614823270365171e-01
9.950211255093809326e-01
9.951278303990908070e-01
9.951360860154697674e-01
9.952638189815555814e-01
9.953166801164989863e-01
9.953861332091723524e-01
9.955171557059898646e-01
9.956202823389883605e-01
9.957997475470807824e-01
9.958219614345309445e-01
9.960424660419776588e-01
9.961297140791577354e-01
9.961744559257931231e-01
9.962868394714753384e-01
9.965228374948414958e-01
9.965421869342057093e-01
9.967437175240397851e-01
9.967836125897319155e-01
9.968687128167100786e-01
9.969369953094610048e-01
9.971010833685156616e-01
9.971453905553128161e-01
9.971552904715119681e-01
9.972386727544467755e-01
9.973203087422481961e-01
9.973537776315072323e-01
9.973628316454274945e-01
9.975277483946380919e-01
9.975959967293629438e-01
9.975969533421809032e-01
9.976775349371111989e-01
9.979318481484453773e-01
9.982986409377696546e-01
9.983192650553425196e-01
9.984226736566013116e-01
9.984808527824434732e-01
9.985646443861634358e-01
9.986283189357718637e-01
9.986555885083030493e-01
9.986950240216133645e-01
9.987326159466040076e-01
9.987531541560045190e-01
9.989435375140655049e-01
9.989859184620474286e-01
9.992654591601585201e-01
9.993894026563810984e-01
9.994302106862206214e-01
9.995549632776532523e-01
9.996224246631084664e-01
9.996427839998394127e-01
9.997671033930294326e-01
9.997877060343618449e-01
1.000000000000000000e+00
