0.000000000000000000e+00
1.486988886266924447e-04
2.102919814381001243e-04
2.973977781630147911e-04
3.589908709744225250e-04
5.076897605107449528e-04
5.692828524125226764e-04
6.563886500470671095e-04
7.179817437681049620e-04
8.666806314851674235e-04
1.015379521021489906e-03
1.076972614742527541e-03
1.164078410785219673e-03
1.225671504278849806e-03
1.374370393815171855e-03
1.435963485716949904e-03
1.523069282441864760e-03
1.584662377072532623e-03
1.733361264789595084e-03
1.882060154325917133e-03
1.943653248046954768e-03
2.030759043407424393e-03
2.092352135764017230e-03
2.241051025300339495e-03
2.302644119021377347e-03
2.389749915291477199e-03
2.451343006738440026e-03
2.600041898094021878e-03
2.661634989995800143e-03
2.748740786720714566e-03
2.810333881351381562e-03
2.959032769068444674e-03
3.107731658604766939e-03
3.169324752325803924e-03
3.256430547913681268e-03
3.318023640042867036e-03
3.466722529579189735e-03
3.528315623300227587e-03
3.615421419115512000e-03
3.677014511017289832e-03
3.825713402372872118e-03
3.974412290999564806e-03
4.036005385630232235e-03
4.123111180535887071e-03
4.184704273347294480e-03
4.333403162883616745e-03
4.394996256604654164e-03
4.482102052419939010e-03
4.543695144321717276e-03
4.692394033858039541e-03
4.753987127579076960e-03
4.841092924303991817e-03
4.902686015296139205e-03
5.051384906651721490e-03
5.200083795278413745e-03
5.261676889909082042e-03
5.348782684814736878e-03
5.410375777626145154e-03
5.559074667162466551e-03
5.620667760883503970e-03
5.707773556698788817e-03
5.769366648600567082e-03
5.918065538136889348e-03
6.066764428582841623e-03
6.128357519574989011e-03
6.215463317664348883e-03
6.277056410930571297e-03
6.425755300466894429e-03
6.487348394187931848e-03
6.574454189548399954e-03
6.636047281904994093e-03
6.784746171441316358e-03
6.846339265162352909e-03
6.933445060977638623e-03
6.995038152879416889e-03
7.082143950457109663e-03
7.143737044235000042e-03
7.292435931952061419e-03
7.354029023853838817e-03
7.441134821943198689e-03
7.502727915209421103e-03
7.651426804745744235e-03
7.713019898466781654e-03
7.800125693372436490e-03
7.861718786183843899e-03
8.010417675720166164e-03
8.159116565256488429e-03
8.220709657158266695e-03
8.307815454792810694e-03
8.369408548513848980e-03
8.518107438050171246e-03
8.579700531771209532e-03
8.666806326676863501e-03
8.728399419488271777e-03
8.877098309024594042e-03
9.025797198560916307e-03
9.087390290462694573e-03
9.174496087642423567e-03
9.236089179999016838e-03
9.384788069535339103e-03
9.446381161437115634e-03
9.533486959071661368e-03
9.595080052792697919e-03
9.743778942329021919e-03
9.805372036050058471e-03
9.892477830955714174e-03
9.954070923767120715e-03
1.010276981330344298e-02
1.025146870283976525e-02
1.031306179474154178e-02
1.040016759192127424e-02
1.046176068427786404e-02
1.061045957381418804e-02
1.067205266571596631e-02
1.075915846335051204e-02
1.082075155707154859e-02
1.096945044660787086e-02
1.111814933523456311e-02
1.117974242804597139e-02
1.126684822477088538e-02
1.132844131758229365e-02
1.147714020711861592e-02
1.153873329902039072e-02
1.162583909665493818e-02
1.168743219037597647e-02
1.183613107809304045e-02
1.189772416999481525e-02
1.198482996853899099e-02
1.204642306135039753e-02
1.213352885750679407e-02
1.219512195088672153e-02
1.234382083951341379e-02
1.240541393232482033e-02
1.249251972904973605e-02
1.255411282186114259e-02
1.270281171139746486e-02
1.276440480329924139e-02
1.285151060093378886e-02
1.291310369465482541e-02
1.306180258237189112e-02
1.321050147281783819e-02
1.327209456562924821e-02
1.335920036189934719e-02
1.342079345516557047e-02
1.356949234470189274e-02
1.363108543660367100e-02
1.371819123378340000e-02
1.377978432795924982e-02
1.392848321567631553e-02
1.407718210521263780e-02
1.413877519893367608e-02
1.422588099463525588e-02
1.428747408665074006e-02
1.443617297618706059e-02
1.449776606990809888e-02
1.458487186617819786e-02
1.464646495762516112e-02
1.479516384898074341e-02
1.485675694088251994e-02
1.494386273760743566e-02
1.500545583223810049e-02
1.515415471995516621e-02
1.530285360949148847e-02
1.536444670321252502e-02
1.545155249902781074e-02
1.551314559274884729e-02
1.566184448046591127e-02
1.572343757418694782e-02
1.581054337091186354e-02
1.587213646190401006e-02
1.602083535325959235e-02
1.616953424279591461e-02
1.623112733651695117e-02
1.631823313176371942e-02
1.637982622423401688e-02
1.652852511377033914e-02
1.659011820749137570e-02
1.667722400330666141e-02
1.673881709520843794e-02
1.688751598656402023e-02
1.694910907846579676e-02
1.703621487519071248e-02
1.709780796982137904e-02
1.724650685753844129e-02
1.739520574707476355e-02
1.745679884079580357e-02
1.754390463615627255e-02
1.760549772851286582e-02
1.775419661804918808e-02
1.781578971177022463e-02
1.790289550758551035e-02
1.796448859948728688e-02
1.811318749084286917e-02
1.826188637946956142e-02
1.832347947410023145e-02
1.841058526900588369e-02
1.847217836181729370e-02
1.862087725135361596e-02
1.868247034507465251e-02
1.876957614043512149e-02
1.883116923279171476e-02
1.897986812232803702e-02
1.904146121604907357e-02
1.912856701186435929e-02
1.919016010376613582e-02
1.927726590168494028e-02
1.933885899512171810e-02
1.948755788465804384e-02
1.954915097837908039e-02
1.963625677328473609e-02
1.969784986609614263e-02
1.984654875563246490e-02
1.990814184935350145e-02
1.999524764516878717e-02
2.005684073707056370e-02
2.020553962660688596e-02
2.035423851705283824e-02
2.041583160804498823e-02
2.050293740613434723e-02
2.056453049940057051e-02
2.071322938893689278e-02
2.077482248265792586e-02
2.086192827756358503e-02
2.092352137037499504e-02
2.107222025991131384e-02
2.122091914944763610e-02
2.128251224134941263e-02
2.136961803887025418e-02
2.143121113088573837e-02
2.157991002042206063e-02
2.164150311232383717e-02
2.172860891041319617e-02
2.179020200367941945e-02
2.193890089321574172e-02
2.200049398693677827e-02
2.208759978184243397e-02
2.214919287465384051e-02
2.229789176419016278e-02
2.244659065372648504e-02
2.250818374562826504e-02
2.259528954326281078e-02
2.265688263698384733e-02
2.280558152470090957e-02
2.286717462024121308e-02
2.295428041514685838e-02
2.301587350795826839e-02
2.316457239749459066e-02
2.331327128703091292e-02
2.337486437893269292e-02
2.346197017588501355e-02
2.352356326846901519e-02
2.367226215800533745e-02
2.373385524990712092e-02
2.382096104754165972e-02
2.388255414126269627e-02
2.403125303079901853e-02
2.409284612452005508e-02
2.417995191942571079e-02
2.424154501223712080e-02
2.432865080873462468e-02
2.439024390177344306e-02
2.453894279130976533e-02
2.460053588321154186e-02
2.468764168039127085e-02
2.474923477274786413e-02
2.489793366228418639e-02
2.495952675418596292e-02
2.504663255182050866e-02
2.510822564554154521e-02
2.525692453507786747e-02
2.540562342370456667e-02
2.546721651651596974e-02
2.555432231324088893e-02
2.561591540605229200e-02
2.576461429558861427e-02
2.582620738749039080e-02
2.591331318467011979e-02
2.597490627884598002e-02
2.612360516656303533e-02
2.627230405609935759e-02
2.633389714982039068e-02
2.642100294586309517e-02
2.648259603935671294e-02
2.663129492889303521e-02
2.669288802079481868e-02
2.677999381751973440e-02
2.684158691215040096e-02
2.699028579986746321e-02
2.705187889176923974e-02
2.713898468940378547e-02
2.720057778312482202e-02
2.734927667084188774e-02
2.749797556128784001e-02
2.755956865409924655e-02
2.764667445036934554e-02
2.770826754363556882e-02
2.785696643317189108e-02
2.791855952507366762e-02
2.800566532179858681e-02
2.806725841642924990e-02
2.821595730414631215e-02
2.836465619368263441e-02
2.842624928740367790e-02
2.851335508299155178e-02
2.857494817512073668e-02
2.872364706465705894e-02
2.878524015837809202e-02
2.887234595464819101e-02
2.893393904609515774e-02
2.908263793745073655e-02
2.914423102935252002e-02
2.923133682607743228e-02
2.929292992070810231e-02
2.944162880842516455e-02
2.959032769796148682e-02
2.965192079168252337e-02
2.973902658749780215e-02
2.980061968121884564e-02
2.994931856893590788e-02
3.001091166265694443e-02
3.009801745938186016e-02
3.015961055037400668e-02
3.030830944172958896e-02
3.045700833035628816e-02
3.051860142498695125e-02
3.060570722012000838e-02
3.066730031270401349e-02
3.081599920224033576e-02
3.087759229596137925e-02
3.096469809177665802e-02
3.102629118367843455e-02
3.117499007503401684e-02
3.132368896366070909e-02
3.138528205465285909e-02
3.147238785291277263e-02
3.153398094600844137e-02
3.168267983554476364e-02
3.174427292926580019e-02
3.183137872462626916e-02
3.189297181698286243e-02
3.204167070651918470e-02
3.210326380024022125e-02
3.219036959605550696e-02
3.225196268795728349e-02
3.240066157931286578e-02
3.254936046793956150e-02
3.261095356257022460e-02
3.269805935724847540e-02
3.275965245028729378e-02
3.290835133982361604e-02
3.296994443354465260e-02
3.305705022935993831e-02
3.311864332126171484e-02
3.326734221079803711e-02
3.341604110033435937e-02
3.347763419223613590e-02
3.356473999009809001e-02
3.362633308359171819e-02
3.377503197312804045e-02
3.383662506684907700e-02
3.392373086175472924e-02
3.398532395456613925e-02
3.413402284410246151e-02
3.419561593782349807e-02
3.428272173363878378e-02
3.434431482554056031e-02
3.449301371507688257e-02
3.464171260552283832e-02
3.470330569651498831e-02
3.479041149460434384e-02
3.485200458787057060e-02
3.500070347740689286e-02
3.506229657112792941e-02
3.514940236603358165e-02
3.521099545884499166e-02
3.535969434838131392e-02
3.550839323791763619e-02
3.556998632981941272e-02
3.565709212722655008e-02
3.571868521935573498e-02
3.586738410889205725e-02
3.592897720079383378e-02
3.601608299888319625e-02
3.607767609214941606e-02
3.622637498168573833e-02
3.628796807540677488e-02
3.637507387031243405e-02
3.643666696312383713e-02
3.652377275993403533e-02
3.658536585266015939e-02
3.673406474219648166e-02
3.679565783409826513e-02
3.688276363173280392e-02
3.694435672545384741e-02
3.709305561317090966e-02
3.715464870507268619e-02
3.724175450361685846e-02
3.730334759642826847e-02
3.745204648596459074e-02
3.760074537459127952e-02
3.766233846740268953e-02
3.774944426435501016e-02
3.781103735693901180e-02
3.795973624647533406e-02
3.802132933837711060e-02
3.810843513601165633e-02
3.817002822973269288e-02
3.831872711744975513e-02
3.846742600789571087e-02
3.852901910070711394e-02
3.861612489709091711e-02
3.867771799024343621e-02
3.882641687977975847e-02
3.888800997168154194e-02
3.897511576886127094e-02
3.903670886303712423e-02
3.918540775075418647e-02
3.924700084265596300e-02
3.933410664029050874e-02
3.939569973401154529e-02
3.954439862354786756e-02
3.969309751217455634e-02
3.975469060498596635e-02
3.984179640148347717e-02
3.990338949452228862e-02
4.005208838405861088e-02
4.011368147596038741e-02
4.020078727359493315e-02
4.026238036731596970e-02
4.041107925503303194e-02
4.055977814456936115e-02
4.062137123829039076e-02
4.070847703433308484e-02
4.077007012782671302e-02
4.091876901736304223e-02
4.098036210926481876e-02
4.106746790598973101e-02
4.112906100062040105e-02
4.127775988833746329e-02
4.133935298023923982e-02
4.142645877787377862e-02
4.148805187159482211e-02
4.157515766697660736e-02
4.163675075931188435e-02
4.178544964884820662e-02
4.184704274256924317e-02
4.193414853883934562e-02
4.199574163210556543e-02
4.214444052164188770e-02
4.220603361354366423e-02
4.229313941026857648e-02
4.235473250489925345e-02
4.250343139261630876e-02
4.265213028215263102e-02
4.271372337587366758e-02
4.280082917146155186e-02
4.286242226359073676e-02
4.301112115312705902e-02
4.307271424684808864e-02
4.315982004311819109e-02
4.322141313456516476e-02
4.337011202592073317e-02
4.351881091454742889e-02
4.358040400917809892e-02
4.366750980414060845e-02
4.372910289689515423e-02
4.387780178643148343e-02
4.393939488015251998e-02
4.402650067596779876e-02
4.408809376786958223e-02
4.423679265740590449e-02
4.429838575112694105e-02
4.438549154785186024e-02
4.444708463884400329e-02
4.459578353019958558e-02
4.474448241882628130e-02
4.480607551345695133e-02
4.489318130858999806e-02
4.495477440117401358e-02
4.510347329071033584e-02
4.516506638443137239e-02
4.525217218024665811e-02
4.531376527214843464e-02
4.546246416168475690e-02
4.561116305213070571e-02
4.567275614312285570e-02
4.575986194132591195e-02
4.582145503447843798e-02
4.597015392401475331e-02
4.603174701773579680e-02
4.611885281309626577e-02
4.618044590545285905e-02
4.632914479498917437e-02
4.639073788871021786e-02
4.647784368452550358e-02
4.653943677642728011e-02
4.668813566778286239e-02
4.683683455640956506e-02
4.689842764740170811e-02
4.698553344549106364e-02
4.704712653875729039e-02
4.719582542829361266e-02
4.725741852201465615e-02
4.734452431692030144e-02
4.740611740973171145e-02
4.755481629926803372e-02
4.770351518880435598e-02
4.776510828070613252e-02
4.785221407834067825e-02
4.791380717206172868e-02
4.806250606159803707e-02
4.812409915531907362e-02
4.821120495022473279e-02
4.827279804303612892e-02
4.842149693257245813e-02
4.848309002629349468e-02
4.857019582210879427e-02
4.863178891401054998e-02
4.871889471119029286e-02
4.878048780354688613e-02
4.892918669308319451e-02
4.899077978498498492e-02
4.907788558261953066e-02
4.913947867634056721e-02
4.928817756587688947e-02
4.934977065959792603e-02
4.943687645450357826e-02
4.949846954731498827e-02
4.964716843685131054e-02
4.979586732638763280e-02
4.985746041828940933e-02
4.994456621546913833e-02
5.000615930782573160e-02
5.015485819736205386e-02
5.021645128926383039e-02
5.030355708735319981e-02
5.036515018061941268e-02
5.051384907015574882e-02
5.066254795878243067e-02
5.072414105159384068e-02
5.081124684831875293e-02
5.087283994113016988e-02
5.102153883066648521e-02
5.108313192256826174e-02
5.117023772020281441e-02
5.123183081392384403e-02
5.138052970164090627e-02
5.144212279354268280e-02
5.152922859208685508e-02
5.159082168489826509e-02
5.173952057443458735e-02
5.188821946306128308e-02
5.194981255587268615e-02
5.203691835259760534e-02
5.209851144540900841e-02
5.224721033494533068e-02
5.230880342684710721e-02
5.239590922448165294e-02
5.245750231820268950e-02
5.260620120591975174e-02
5.275490009636570748e-02
5.281649318917712443e-02
5.290359898544722689e-02
5.296519207871343976e-02
5.311389096824976896e-02
5.317548406015154550e-02
5.326258985733126755e-02
5.332418295150710696e-02
5.347288183922419003e-02
5.353447493112595268e-02
5.362158072876050535e-02
5.368317382248154190e-02
5.377027961819733776e-02
5.383187271019859721e-02
5.398057159973492641e-02
5.404216469345596296e-02
5.412927048972606542e-02
5.419086358299228523e-02
5.433956247252860750e-02
5.440115556443038403e-02
5.448826136115530322e-02
5.454985445578596631e-02
5.469855334350303550e-02
5.484725223303935776e-02
5.490884532676039431e-02
5.499595112257568003e-02
5.505754421629671658e-02
5.520624310401377882e-02
5.526783619773481537e-02
5.535494199445972763e-02
5.541653508545187762e-02
5.556523397680745990e-02
5.571393286634378217e-02
5.577552596006481872e-02
5.586263175531158698e-02
5.592422484778188096e-02
5.607292373731821711e-02
5.613451683103923978e-02
5.622162262685452550e-02
5.628321571875630203e-02
5.643191461011188431e-02
5.649350770201366778e-02
5.658061349873858004e-02
5.664220659336925007e-02
5.679090548108631231e-02
5.693960437062263458e-02
5.700119746434367113e-02
5.708830325970414010e-02
5.714989635206073337e-02
5.729859524159705564e-02
5.736018833531809219e-02
5.744729413113337790e-02
5.750888722303515443e-02
5.765758611439073672e-02
5.780628500301741857e-02
5.786787809764810941e-02
5.795498389255375471e-02
5.801657698536515778e-02
5.816527587490148005e-02
5.822686896862250966e-02
5.831397476398298557e-02
5.837556785633959272e-02
5.852426674587590111e-02
5.858585983959693072e-02
5.867296563541223725e-02
5.873455872731401378e-02
5.888325761866957525e-02
5.903195650729627791e-02
5.909354960192694795e-02
5.918065539683260018e-02
5.924224848964401019e-02
5.939094737918033245e-02
5.945254047290136901e-02
5.953964626871664084e-02
5.960123936061843125e-02
5.974993825015475352e-02
5.989863714060070926e-02
5.996023023159285231e-02
6.004733602968221479e-02
6.010892912294843460e-02
6.025762801248475686e-02
6.031922110620579341e-02
6.040632690111145953e-02
6.046791999392285566e-02
6.061661888345917792e-02
6.067821197718022141e-02
6.076531777299550019e-02
6.082691086489728366e-02
6.091401666236127138e-02
6.097560975443361286e-02
6.112430864396992819e-02
6.118590173587170472e-02
6.127300753396105332e-02
6.133460062722728701e-02
6.148329951676359539e-02
6.154489261048464582e-02
6.163199840539029806e-02
6.169359149820170807e-02
6.184229038773802339e-02
6.199098927727435260e-02
6.205258236917612913e-02
6.213968816681066792e-02
6.220128126053171141e-02
6.234998014824877366e-02
6.241157324378907023e-02
6.249867903869472940e-02
6.256027213150613941e-02
6.270897102104246168e-02
6.285766991057878394e-02
6.291926300248056048e-02
6.300636879954658875e-02
6.306796189201688274e-02
6.321666078155320501e-02
6.327825387345498154e-02
6.336535967108952727e-02
6.342695276481055688e-02
6.357565165434687915e-02
6.363724474806792264e-02
6.372435054297358181e-02
6.378594363578499182e-02
6.393464252532131409e-02
6.408334141485763635e-02
6.414493450675941288e-02
6.423204030393914188e-02
6.429363339629573515e-02
6.444233228583205741e-02
6.450392537773383395e-02
6.459103117536837968e-02
6.465262426908940929e-02
6.480132315862573156e-02
6.495002204725243422e-02
6.501161514006383035e-02
6.509872093678875649e-02
6.516031402960015262e-02
6.530901291913647488e-02
6.537060601103825142e-02
6.545771180821799429e-02
6.551930490239384064e-02
6.566800379011090982e-02
6.572959688201268635e-02
6.581670267964723209e-02
6.587829577336826170e-02
6.596540156941095578e-02
6.602699466290458397e-02
6.617569355244090623e-02
6.623728664434268276e-02
6.632439244106759502e-02
6.638598553569827199e-02
6.653468442341532729e-02
6.659627751531710382e-02
6.668338331295164956e-02
6.674497640667269305e-02
6.689367529438974835e-02
6.704237418483570410e-02
6.710396727764711411e-02
6.719107307391720962e-02
6.725266616718343637e-02
6.740136505671975864e-02
6.746295814862153517e-02
6.755006394534644742e-02
6.761165703997712439e-02
6.776035592769417970e-02
6.790905481723050197e-02
6.797064791095154546e-02
6.805775370653942280e-02
6.811934679866860076e-02
6.826804568820492303e-02
6.832963878192596652e-02
6.841674457819606203e-02
6.847833766964302182e-02
6.862703656099861105e-02
6.868862965290038758e-02
6.877573544962529983e-02
6.883732854425596293e-02
6.898602743197303211e-02
6.913472632150935437e-02
6.919631941523038399e-02
6.928342521104567664e-02
6.934501830476670625e-02
6.949371719248377544e-02
6.955531028620481893e-02
6.964241608292973118e-02
6.970400917392187423e-02
6.985270806527746346e-02
7.000140695390415224e-02
7.006300004853481533e-02
7.015010584366787594e-02
7.021169893625188452e-02
7.036039782578820678e-02
7.042199091950923640e-02
7.050909671532452905e-02
7.057068980722630558e-02
7.071938869858188093e-02
7.078098179048365746e-02
7.086808758720858359e-02
7.092968067820072664e-02
7.101678647645708053e-02
7.107837956955630199e-02
7.122707845909262425e-02
7.128867155281366774e-02
7.137577734817414365e-02
7.143737044053072305e-02
7.158606933006704531e-02
7.164766242378808880e-02
7.173476821960338146e-02
7.179636131150515799e-02
7.194506020286073333e-02
7.209375909148742212e-02
7.215535218611809909e-02
7.224245798079634295e-02
7.230405107383515440e-02
7.245274996337147666e-02
7.251434305709252015e-02
7.260144885245298219e-02
7.266304194480957546e-02
7.281174083434589772e-02
7.296043972388221999e-02
7.302203281578399652e-02
7.310913861358910026e-02
7.317073170713958574e-02
7.331943059667590801e-02
7.338102369039693762e-02
7.346812948530259679e-02
7.352972257811400680e-02
7.367842146765032907e-02
7.374001456137137256e-02
7.382712035718665133e-02
7.388871344908842786e-02
7.403741233862475013e-02
7.418611122907070587e-02
7.424770432006284893e-02
7.433481011792480997e-02
7.439640321141843815e-02
7.454510210095476042e-02
7.460669519467579003e-02
7.469380098958144920e-02
7.475539408239285921e-02
7.490409297192918148e-02
7.505279186146550374e-02
7.511438495336728027e-02
7.520149075077441070e-02
7.526308384290360254e-02
7.541178273243992480e-02
7.547337582434170133e-02
7.556048162243106381e-02
7.562207471569729056e-02
7.577077360523361282e-02
7.583236669895464244e-02
7.591947249386030161e-02
7.598106558667171162e-02
7.612976447620803389e-02
7.627846336574435615e-02
7.634005645764613268e-02
7.642716225528067842e-02
7.648875534718245495e-02
7.663745423671877721e-02
7.669904732862055374e-02
7.678615312716473296e-02
7.684774621997612909e-02
7.699644510951245135e-02
7.714514399813915402e-02
7.720673709095055015e-02
7.729384288790287771e-02
7.735543598048687242e-02
7.750413487002319468e-02
7.756572796192498509e-02
7.765283375955951695e-02
7.771442685328056044e-02
7.786312574099762962e-02
7.792471883653792619e-02
7.801182463144357149e-02
7.807341772425498150e-02
7.816052352063879161e-02
7.822211661379130376e-02
7.837081550332762603e-02
7.843240859522940256e-02
7.851951439240913155e-02
7.858110748658499178e-02
7.872980637430204709e-02
7.879139946620382362e-02
7.887850526383836935e-02
7.894009835755941284e-02
7.908879724709573511e-02
7.923749613572242390e-02
7.929908922853383391e-02
7.938619502503134473e-02
7.944778811807015617e-02
7.959648700760647844e-02
7.965808009950825497e-02
7.974518589668798396e-02
7.980677899086384419e-02
7.995547787858089950e-02
8.010417676811720789e-02
8.016576986183826525e-02
8.025287565776724474e-02
8.031446875137458752e-02
8.046316764091090978e-02
8.052476073281270019e-02
8.061186652953761245e-02
8.067345962416826166e-02
8.082215851188533084e-02
8.088375160378710738e-02
8.097085740142165311e-02
8.103245049514269660e-02
8.118114938285976578e-02
8.132984827239607417e-02
8.139144136611711766e-02
8.147854716238721318e-02
8.154014025565343993e-02
8.168883914518976219e-02
8.175043223709152485e-02
8.183753803381643710e-02
8.189913112844711407e-02
8.204783001616418325e-02
8.219652890570050552e-02
8.225812199942153513e-02
8.234522779500942635e-02
8.240682088713859044e-02
8.255551977667492658e-02
8.261711287039595619e-02
8.270421866666606558e-02
8.276581175811302538e-02
8.291451064946860072e-02
8.297610374137037725e-02
8.306320953809530339e-02
8.312480263272596648e-02
8.321190842767425822e-02
8.327350152044302178e-02
8.342220040997934405e-02
8.348379350370038754e-02
8.357089929951566631e-02
8.363249239141745672e-02
8.378119128095377899e-02
8.384278437467480860e-02
8.392989017139972086e-02
8.399148326239187778e-02
8.414018215374745313e-02
8.428888104237414192e-02
8.435047413700481889e-02
8.443757993213787949e-02
8.449917302472187419e-02
8.464787191425819646e-02
8.470946500797923995e-02
8.479657080379451872e-02
8.485816389569629525e-02
8.500686278523261752e-02
8.515556167567858714e-02
8.521715476667071631e-02
8.530426056481692221e-02
8.536585365802630554e-02
8.551455254756262780e-02
8.557614564128367129e-02
8.566325143664413333e-02
8.572484452900072660e-02
8.587354341853704887e-02
8.593513651225809236e-02
8.602224230807337113e-02
8.608383539997514766e-02
8.623253429133073689e-02
8.638123317995741179e-02
8.644282627094958260e-02
8.652993206926634651e-02
8.659152516230515795e-02
8.674022405184148021e-02
8.680181714556250983e-02
8.688892294046816900e-02
8.695051603327959289e-02
8.709921492281590127e-02
8.724791381235222354e-02
8.730950690425400007e-02
8.739661270200224652e-02
8.745820579560957542e-02
8.760690468514591156e-02
8.766849777886694117e-02
8.775560357377260035e-02
8.781719666658401036e-02
8.796589555612033262e-02
8.802748864984136223e-02
8.811459444565664101e-02
8.817618753755843142e-02
8.832488642709475368e-02
8.847358531663107595e-02
8.853517840853285248e-02
8.862228420616739821e-02
8.868387729988842783e-02
8.883257618942475009e-02
8.889416928314579358e-02
8.898127507805145275e-02
8.904286817086284889e-02
8.919156706039919891e-02
8.934026594993549342e-02
8.940185904183728383e-02
8.948896483901701282e-02
8.955055793137360609e-02
8.969925682090992836e-02
8.976084991281170489e-02
8.984795571090103961e-02
8.990954880416728023e-02
9.005824769370360250e-02
9.011984078742464599e-02
9.020694658233029128e-02
9.026853967514170130e-02
9.035564547186664131e-02
9.041723856467800968e-02
9.056593745421434583e-02
9.062753054611612236e-02
9.071463634375066809e-02
9.077622943747172546e-02
9.092492832518876689e-02
9.098652141709054342e-02
9.107362721563472263e-02
9.113522030844613264e-02
9.128391919798245491e-02
9.143261808660914369e-02
9.149421117942056758e-02
9.158131697637285351e-02
9.164291006895687597e-02
9.179160895849319823e-02
9.185320205039497476e-02
9.194030784802952050e-02
9.200190094175053623e-02
9.215059982946764705e-02
9.229929871991357504e-02
9.236089181272498505e-02
9.244799760899508057e-02
9.250959070226130732e-02
9.265828959179760183e-02
9.271988268369937836e-02
9.280698848087913511e-02
9.286858157505498146e-02
9.301728046277205064e-02
9.307887355467382717e-02
9.316597935230837291e-02
9.322757244602940252e-02
9.337627133374645783e-02
9.352497022419242745e-02
9.358656331700383746e-02
9.367366911327393297e-02
9.373526220654017360e-02
9.388396109607648199e-02
9.394555418797825852e-02
9.403265998470317077e-02
9.409425307933383387e-02
9.424295196705090305e-02
9.439165085658723919e-02
9.445324395030825493e-02
9.454034974612354758e-02
9.460194283984457719e-02
9.475064172756164638e-02
9.481223482128267599e-02
9.489934061800760212e-02
9.496093370899974517e-02
9.510963260035532052e-02
9.517122569225709705e-02
9.525833148989164278e-02
9.531992458361268628e-02
9.540703037888788318e-02
9.546862347132975546e-02
9.561732236086604997e-02
9.567891545458710734e-02
9.576602125040239999e-02
9.582761434230417652e-02
9.597631323365975187e-02
9.603790632556155615e-02
9.612501212228646841e-02
9.618660521691711762e-02
9.633530410463417293e-02
9.648400299417049519e-02
9.654559608789155256e-02
9.663270188325200072e-02
9.669429497560862174e-02
9.684299386514491625e-02
9.690458695886595974e-02
9.699169275513605526e-02
9.705328584658301505e-02
9.720198473793861815e-02
9.735068362656527918e-02
9.741227672119597003e-02
9.749938251610161533e-02
9.756097560891302534e-02
9.770967449844934760e-02
9.777126759217036334e-02
9.785837338753088088e-02
9.791996647988743252e-02
9.806866536942376866e-02
9.813025846314481215e-02
9.821736425896009093e-02
9.827895735086186746e-02
9.842765624221745668e-02
9.857635513084414547e-02
9.863794822547480856e-02
9.872505402038046773e-02
9.878664711319187774e-02
9.893534600272820001e-02
9.899693909644922962e-02
9.908404489226452228e-02
9.914563798416629881e-02
9.929433687370262107e-02
9.944303576414857682e-02
9.950462885514071987e-02
9.959173465323009622e-02
9.965332774649630909e-02
9.980202663603263136e-02
9.986361972975366097e-02
9.995072552465932014e-02
1.000123186174707302e-01
1.001610175070070247e-01
1.002226106007280820e-01
1.003097163965433747e-01
1.003713094884451512e-01
1.005200083779814735e-01
1.006687072684274431e-01
1.007303003594195723e-01
1.008174061575089070e-01
1.008789992507751476e-01
1.010276981403114699e-01
1.010892912340325273e-01
1.011763970289381726e-01
1.012379901217495687e-01
1.013866890112858909e-01
1.015353879008222271e-01
1.015969809927240036e-01
1.016840867903585494e-01
1.017456798840796067e-01
1.018943787717966620e-01
1.019559718673369447e-01
1.020430776622425900e-01
1.021046707550540000e-01
1.022533696445903223e-01
1.024020685341266723e-01
1.024636616260284072e-01
1.025507674230944494e-01
1.026123605155647434e-01
1.027610594051010656e-01
1.028226524970028422e-01
1.029097582946373879e-01
1.029713513883584036e-01
1.031200502778947536e-01
1.031816433716157833e-01
1.032687491665214424e-01
1.033303422593328524e-01
1.034790411488691747e-01
1.036277400384054831e-01
1.036893331303072735e-01
1.037764389274870025e-01
1.038380320198435958e-01
1.039867309093799180e-01
1.040483240012816946e-01
1.041354297989162403e-01
1.041970228926372838e-01
1.043457217821736061e-01
1.044944206708002948e-01
1.045560137636117048e-01
1.046431195602229164e-01
1.047047126531480410e-01
1.048534115426843494e-01
1.049150046345861259e-01
1.050021104317658549e-01
1.050637035259417013e-01
1.052124024136587704e-01
1.052739955055605470e-01
1.053611013031951066e-01
1.054226943969161362e-01
1.055713932864524585e-01
1.057200921750791472e-01
1.057816852678905573e-01
1.058687910646154834e-01
1.059303841574268518e-01
1.060790830469632018e-01
1.061406761388649783e-01
1.062277819364995241e-01
1.062893750302205814e-01
1.064380739179376228e-01
1.065867728083835786e-01
1.066483659011949747e-01
1.067354716974650841e-01
1.067970647907312970e-01
1.069457636802676470e-01
1.070073567721694235e-01
1.070944625688942942e-01
1.071560556635249850e-01
1.073047545512420403e-01
1.073663476431438307e-01
1.074534534407783626e-01
1.075150465344993922e-01
1.076021523301157051e-01
1.076637454222164891e-01
1.078124443117527975e-01
1.078740374054738271e-01
1.079611432017439226e-01
1.080227362931908963e-01
1.081714351845464578e-01
1.082330282764482343e-01
1.083201340731731604e-01
1.083817271678038374e-01
1.085304260555208927e-01
1.086791249450572150e-01
1.087407180387782585e-01
1.088278238345935234e-01
1.088894169283145807e-01
1.090381158160316361e-01
1.090997089097526795e-01
1.091868147060227751e-01
1.092484077974697487e-01
1.093971066888253241e-01
1.095458055774520129e-01
1.096073986720826898e-01
1.096945044672157504e-01
1.097560975597997451e-01
1.099047964493360952e-01
1.099663895430571109e-01
1.100534953388723897e-01
1.101150884307741662e-01
1.102637873221297554e-01
1.103253804140315320e-01
1.104124862107564442e-01
1.104740793017485873e-01
1.106227781931041765e-01
1.107714770826404987e-01
1.108330701763615284e-01
1.109201759717220043e-01
1.109817690640785975e-01
1.111304679536149059e-01
1.111920610473359633e-01
1.112791668431512421e-01
1.113407599350530186e-01
1.114894588264086078e-01
1.116381577150353105e-01
1.116997508096659597e-01
1.117868566043442036e-01
1.118484496973830289e-01
1.119971485869193512e-01
1.120587416806404085e-01
1.121458474760008567e-01
1.122074405683574638e-01
1.123561394578937722e-01
1.124177325516148018e-01
1.125048383474300945e-01
1.125664314393318710e-01
1.126535372371582910e-01
1.127151303306874325e-01
1.128638292193141213e-01
1.129254223139448121e-01
1.130125281088504713e-01
1.130741212016618674e-01
1.132228200911981897e-01
1.132844131849192332e-01
1.133715189807344981e-01
1.134331120726362746e-01
1.135818109621726246e-01
1.137305098526185665e-01
1.137921029436107234e-01
1.138792087414726706e-01
1.139408018349662988e-01
1.140895007245026210e-01
1.141510938182236645e-01
1.142381996131293098e-01
1.142997927059407198e-01
1.144484915954770698e-01
1.145971904850133644e-01
1.146587835769151409e-01
1.147458893743222852e-01
1.148074824664514632e-01
1.149561813559877854e-01
1.150177744478895620e-01
1.151048802459789522e-01
1.151664733392451512e-01
1.153151722287814734e-01
1.153767653225025169e-01
1.154638711174081622e-01
1.155254642102195722e-01
1.156741630997558806e-01
1.158228619892922168e-01
1.158844550811939933e-01
1.159715608788285390e-01
1.160331539707303156e-01
1.161818528602666378e-01
1.162434459521684144e-01
1.163305517507125936e-01
1.163921448435240036e-01
1.165408437330603258e-01
1.166895426216870146e-01
1.167511357144984385e-01
1.168382415114507661e-01
1.168998346040347469e-01
1.170485334935710692e-01
1.171101265854728457e-01
1.171972323831073914e-01
1.172588254768284488e-01
1.174075243645455041e-01
1.174691174600857868e-01
1.175562232549914460e-01
1.176178163478028560e-01
1.177665152373391783e-01
1.179152141268755144e-01
1.179768072187772493e-01
1.180639130159570060e-01
1.181255061083135993e-01
1.182742049978499216e-01
1.183357980897516981e-01
1.184229038873862438e-01
1.184844969811072596e-01
1.186331958706435957e-01
1.187818947592702984e-01
1.188434878520816945e-01
1.189305936485792053e-01
1.189921867416180168e-01
1.191408856311543252e-01
1.192024787230561295e-01
1.192895845202358585e-01
1.193511776144117048e-01
1.194998765021287740e-01
1.195614695940305505e-01
1.196485753916650963e-01
1.197101684853861259e-01
1.197972742813151192e-01
1.198588673749224481e-01
1.200075662644587704e-01
1.200691593563605469e-01
1.201562651530854592e-01
1.202178582477161362e-01
1.203665571354331915e-01
1.204281502273349680e-01
1.205152560249695137e-01
1.205768491186905572e-01
1.207255480064076125e-01
1.208742468959439625e-01
1.209358399896649783e-01
1.210229457857076724e-01
1.210845388792013005e-01
1.212332377687376228e-01
1.212948308606393993e-01
1.213819366573643393e-01
1.214435297519949886e-01
1.215922286397120439e-01
1.217409275292483661e-01
1.218025206229694235e-01
1.218896264184435724e-01
1.219512195106864649e-01
1.220999184002227872e-01
1.221615114939438307e-01
1.222486172902139262e-01
1.223102103816608860e-01
1.224589092730164891e-01
1.225205023649182656e-01
1.226076081616431501e-01
1.226692012562738271e-01
1.228179001439908963e-01
1.229665990335272185e-01
1.230281921272482343e-01
1.231152979230635547e-01
1.231768910149653312e-01
1.233255899045016396e-01
1.233871829982226831e-01
1.234742887949475953e-01
1.235358818859397384e-01
1.236845807772952999e-01
1.238332796659220164e-01
1.238948727605526795e-01
1.239819785556857401e-01
1.240435716482697487e-01
1.241922705378060710e-01
1.242538636315271006e-01
1.243409694273423655e-01
1.244025625192441697e-01
1.245512614087804920e-01
1.246128545025015216e-01
1.246999602992264478e-01
1.247615533902185908e-01
1.248486591883790076e-01
1.249102522815741662e-01
1.250589511711104884e-01
1.251205442648315458e-01
1.252076500601919939e-01
1.252692431525485872e-01
1.254179420420849234e-01
1.254795351358059530e-01
1.255666409316212317e-01
1.256282340235230222e-01
1.257769329148785975e-01
1.259256318035053002e-01
1.259872248944974293e-01
1.260743306928142071e-01
1.261359237858530324e-01
1.262846226753893408e-01
1.263462157691103704e-01
1.264333215644708464e-01
1.264949146568274396e-01
1.266436135463637758e-01
1.267923124359000842e-01
1.268539055278018746e-01
1.269410113255501071e-01
1.270026044191574499e-01
1.271513033086937583e-01
1.272128964024148157e-01
1.273000021973204610e-01
1.273615952901318849e-01
1.275102941796681932e-01
1.275718872733892228e-01
1.276589930692045294e-01
1.277205861611062920e-01
1.278692850506426282e-01
1.280179839401789366e-01
1.280795770320807270e-01
1.281666828299426741e-01
1.282282759234363023e-01
1.283769748129726107e-01
1.284385679066936681e-01
1.285256737015993134e-01
1.285872667944107095e-01
1.287359656839470456e-01
1.288846645734833540e-01
1.289462576653851444e-01
1.290333634626785742e-01
1.290949565549214528e-01
1.292436554444577890e-01
1.293052485363595794e-01
1.293923543344489280e-01
1.294539474277151547e-01
1.296026463172514631e-01
1.296642394109725205e-01
1.297513452058781658e-01
1.298129382986895619e-01
1.299616371882258981e-01
1.301103360777622064e-01
1.301719291696639969e-01
1.302590349672985426e-01
1.303206280592003052e-01
1.304693269487366414e-01
1.305309200406384040e-01
1.306180258391825832e-01
1.306796189319940071e-01
1.308283178215303155e-01
1.309770167101570182e-01
1.310386098029684143e-01
1.311257155999207558e-01
1.311873086925047505e-01
1.313360075820410588e-01
1.313976006739428493e-01
1.314847064715773950e-01
1.315462995652984246e-01
1.316949984530154938e-01
1.317565915449172564e-01
1.318436973434614357e-01
1.319052904362728595e-01
1.319923962325429412e-01
1.320539893258091679e-01
1.322026882153455041e-01
1.322642813072472667e-01
1.323513871044270096e-01
1.324129801986028421e-01
1.325616790863199113e-01
1.326232721782217017e-01
1.327103779758562474e-01
1.327719710695772770e-01
1.329206699591135854e-01
1.330693688477402881e-01
1.331309619405517120e-01
1.332180677370491950e-01
1.332796608300880203e-01
1.334283597196243565e-01
1.334899528115261191e-01
1.335770586082510314e-01
1.336386517028816945e-01
1.337873505905987637e-01
1.339360494801350998e-01
1.339976425738561294e-01
1.340847483696714082e-01
1.341463414633924378e-01
1.342950403511095070e-01
1.343566334448305366e-01
1.344437392415554766e-01
1.345053323325476058e-01
1.346540312239031811e-01
1.347156243158049715e-01
1.348027301134395173e-01
1.348643232071605469e-01
1.350130220948776161e-01
1.351617209844139245e-01
1.352233140781349818e-01
1.353104198739502606e-01
1.353720129676712902e-01
1.355207118572076264e-01
1.355823049491093890e-01
1.356694107458343013e-01
1.357310038404649921e-01
1.358797027281820335e-01
1.360284016177183697e-01
1.360899947114393993e-01
1.361771005067998752e-01
1.362386935991564685e-01
1.363873924886927769e-01
1.364489855824138342e-01
1.365360913786839159e-01
1.365976844701308757e-01
1.367463833614864788e-01
1.368079764533882414e-01
1.368950822501131537e-01
1.369566753447438168e-01
1.370437811395926464e-01
1.371053742324608860e-01
1.372540731219972221e-01
1.373156662157182517e-01
1.374027720110787276e-01
1.374643651034353209e-01
1.376130639929716293e-01
1.376746570866926866e-01
1.377617628825079654e-01
1.378233559744097281e-01
1.379720548657653312e-01
1.381207537543920061e-01
1.381823468490226692e-01
1.382694526439283422e-01
1.383310457367397384e-01
1.384797446262760745e-01
1.385413377199971041e-01
1.386284435158123829e-01
1.386900366077141733e-01
1.388387354972504817e-01
1.389874343876964513e-01
1.390490274786885805e-01
1.391361332767779568e-01
1.391977263700441836e-01
1.393464252595804920e-01
1.394080183533015216e-01
1.394951241482071946e-01
1.395567172410185908e-01
1.397054161305549269e-01
1.397670092242759565e-01
1.398541150200912353e-01
1.399157081119930257e-01
1.400644070015293341e-01
1.402131058919752760e-01
1.402746989829674329e-01
1.403618047810568092e-01
1.404233978743230082e-01
1.405720967638593444e-01
1.406336898575803740e-01
1.407207956524860470e-01
1.407823887452974432e-01
1.409310876348337516e-01
1.410797865243700877e-01
1.411413796162718781e-01
1.412284854139063961e-01
1.412900785076274535e-01
1.414387773953445226e-01
1.415003704908848192e-01
1.415874762857904645e-01
1.416490693786018606e-01
1.417977682681381968e-01
1.418593613618592264e-01
1.419464671576745052e-01
1.420080602495762956e-01
1.420951660466352184e-01
1.421567591391126040e-01
1.423054580286489401e-01
1.423670511205507028e-01
1.424541569181852485e-01
1.425157500119063059e-01
1.426644489014426143e-01
1.427260419951636439e-01
1.428131477900693169e-01
1.428747408828807131e-01
1.430234397724170492e-01
1.431721386619533576e-01
1.432337317538551480e-01
1.433208375510348631e-01
1.433824306433914564e-01
1.435311295329277925e-01
1.435927226248295552e-01
1.436798284229189315e-01
1.437414215161851583e-01
1.438901204057214667e-01
1.440388192943481693e-01
1.441004123871595655e-01
1.441875181837707909e-01
1.442491112766959016e-01
1.443978101662322100e-01
1.444594032581340004e-01
1.445465090553137155e-01
1.446081021494895757e-01
1.447568010372066449e-01
1.448183941291084076e-01
1.449054999267429533e-01
1.449670930204639829e-01
1.451157919100003191e-01
1.452644907986270217e-01
1.453260838914384179e-01
1.454131896881633301e-01
1.454747827809747540e-01
1.456234816705110624e-01
1.456850747624128528e-01
1.457721805600473985e-01
1.458337736537684282e-01
1.459824725414854973e-01
1.461311714319314392e-01
1.461927645247428353e-01
1.462798703208992301e-01
1.463414634142791715e-01
1.464901623038154799e-01
1.465517553957172703e-01
1.466388611924421825e-01
1.467004542870728456e-01
1.468491531747899148e-01
1.469107462666917052e-01
1.469978520643262232e-01
1.470594451580472806e-01
1.472081440457643497e-01
1.473568429362102916e-01
1.474184360290216877e-01
1.475055418252917971e-01
1.475671349185580239e-01
1.477158338080943323e-01
1.477774268999961227e-01
1.478645326967210349e-01
1.479261257913516980e-01
1.480748246790687672e-01
1.482235235686050756e-01
1.482851166623261330e-01
1.483722224581414117e-01
1.484338155518624414e-01
1.485825144395795105e-01
1.486441075333005402e-01
1.487312133295706496e-01
1.487928064210176093e-01
1.489415053123731847e-01
1.490030984042749751e-01
1.490902042009998874e-01
1.491517972956305504e-01
1.492389030908204683e-01
1.493004961833476196e-01
1.494491950728839280e-01
1.495107881666049854e-01
1.495978939624202642e-01
1.496594870543220268e-01
1.498081859456776299e-01
1.498697790375793926e-01
1.499568848343043048e-01
1.500184779252964618e-01
1.501671768166520371e-01
1.503158757061883732e-01
1.503774687999094029e-01
1.504645745952698788e-01
1.505261676876264720e-01
1.506748665771627804e-01
1.507364596708838100e-01
1.508235654666991166e-01
1.508851585586008792e-01
1.510338574499564546e-01
1.511825563385831572e-01
1.512441494332138203e-01
1.513312552280057788e-01
1.513928483209308895e-01
1.515415472104672256e-01
1.516031403041882553e-01
1.516902460995487312e-01
1.517518391919053244e-01
1.519005380814416328e-01
1.519621311751626624e-01
1.520492369709779690e-01
1.521108300628797316e-01
1.522595289542353070e-01
1.524082278428620096e-01
1.524698209374926727e-01
1.525569267323983458e-01
1.526185198252097419e-01
1.527672187147460503e-01
1.528288118084671077e-01
1.529159176042823864e-01
1.529775106961841491e-01
1.531262095857204852e-01
1.532749084761664271e-01
1.533365015671585840e-01
1.534236073650205312e-01
1.534852004585141594e-01
1.536338993480504955e-01
1.536954924417715251e-01
1.537825982366771704e-01
1.538441913294885943e-01
1.539928902190249027e-01
1.540544833127459601e-01
1.541415891085612389e-01
1.542031822004630015e-01
1.542902879978559350e-01
1.543518810899993376e-01
1.545005799795356460e-01
1.545621730714374364e-01
1.546492788695267850e-01
1.547108719627930118e-01
1.548595708523293479e-01
1.549211639460503775e-01
1.550082697409560228e-01
1.550698628337674467e-01
1.552185617233037551e-01
1.553672606128400913e-01
1.554288537047418539e-01
1.555159595023763996e-01
1.555775525942781901e-01
1.557262514838144984e-01
1.557878445757162889e-01
1.558749503738056374e-01
1.559365434670718642e-01
1.560852423566082003e-01
1.562339412452348753e-01
1.562955343380462991e-01
1.563826401349986128e-01
1.564442332275826075e-01
1.565929321171189437e-01
1.566545252090207063e-01
1.567416310066552521e-01
1.568032241003762817e-01
1.569519229880933509e-01
1.570135160836336474e-01
1.571006218785393205e-01
1.571622149713507166e-01
1.573109138608870528e-01
1.574596127504233611e-01
1.575212058423251515e-01
1.576083116395048667e-01
1.576699047318614599e-01
1.578186036213977961e-01
1.578801967132995587e-01
1.579673025109341045e-01
1.580288956046551341e-01
1.581775944941914702e-01
1.583262933828181729e-01
1.583878864756295690e-01
1.584749922721270798e-01
1.585365853651658774e-01
1.586852842547022135e-01
1.587468773466039762e-01
1.588339831437837191e-01
1.588955762379595793e-01
1.590442751256766207e-01
1.591058682175784111e-01
1.591929740152129569e-01
1.592545671089339865e-01
1.594032659984703504e-01
1.595519648870969975e-01
1.596135579799083937e-01
1.597006637766333059e-01
1.597622568694447298e-01
1.599109557589810660e-01
1.599725488508828286e-01
1.600596546485174021e-01
1.601212477422384317e-01
1.602699466299554731e-01
1.604186455194918093e-01
1.604802386132128389e-01
1.605673444092555469e-01
1.606289375027491750e-01
1.607776363922854834e-01
1.608392294841872461e-01
1.609263352809121861e-01
1.609879283755428492e-01
1.611366272632599184e-01
1.611982203551616810e-01
1.612853261527962545e-01
1.613469192465172841e-01
1.614340250420482903e-01
1.614956181342343255e-01
1.616443170237706617e-01
1.617059101174916913e-01
1.617930159137618007e-01
1.618546090052087605e-01
1.620033078965643358e-01
1.620649009884661262e-01
1.621520067851910385e-01
1.622135998798217293e-01
1.623622987675387708e-01
1.625109976570750514e-01
1.625725907507961088e-01
1.626596965463839861e-01
1.627212896385131780e-01
1.628699885280495141e-01
1.629315816217705437e-01
1.630186874184954560e-01
1.630802805094876129e-01
1.632289794008431882e-01
1.633776782894698909e-01
1.634392713841005818e-01
1.635263771792336007e-01
1.635879702718176232e-01
1.637366691613539038e-01
1.637982622550749612e-01
1.638853680508902677e-01
1.639469611427920304e-01
1.640956600323283665e-01
1.641572531260493961e-01
1.642443589227743084e-01
1.643059520137664653e-01
1.644546509051220406e-01
1.646033497946583490e-01
1.646649428883793786e-01
1.647520486837398823e-01
1.648136417760964478e-01
1.649623406656327840e-01
1.650239337593538136e-01
1.651110395551690924e-01
1.651726326470708828e-01
1.653213315384264581e-01
1.654700304270531608e-01
1.655316235180452900e-01
1.656187293163620677e-01
1.656803224094008931e-01
1.658290212989372014e-01
1.658906143926582311e-01
1.659777201880187070e-01
1.660393132803753002e-01
1.661880121699116364e-01
1.662496052636326660e-01
1.663367110594479448e-01
1.663983041513497352e-01
1.664854099490695460e-01
1.665470030427053105e-01
1.666957019322416467e-01
1.667572950259626763e-01
1.668444008208683216e-01
1.669059939136797455e-01
1.670546928032160539e-01
1.671162858969371112e-01
1.672033916927523900e-01
1.672649847846541526e-01
1.674136836741904888e-01
1.675623825637267972e-01
1.676239756556285876e-01
1.677110814534905348e-01
1.677726745469841629e-01
1.679213734365204991e-01
1.679829665302415287e-01
1.680700723251471740e-01
1.681316654179585979e-01
1.682803643074949063e-01
1.684290631970312424e-01
1.684906562889330051e-01
1.685777620862264348e-01
1.686393551784693412e-01
1.687880540680056773e-01
1.688496471599074400e-01
1.689367529579967886e-01
1.689983460512630153e-01
1.691470449407993515e-01
1.692086380345203811e-01
1.692957438294260264e-01
1.693573369222374225e-01
1.695060358117737587e-01
1.696547347013100948e-01
1.697163277932118575e-01
1.698034335906190018e-01
1.698650266827481936e-01
1.700137255722844742e-01
1.700753186641862924e-01
1.701624244627304439e-01
1.702240175555418678e-01
1.703727164450782039e-01
1.705214153337048788e-01
1.705830084265162749e-01
1.706701142233548740e-01
1.707317073160526111e-01
1.708804062055889195e-01
1.709419992974907099e-01
1.710291050951252834e-01
1.710906981888462852e-01
1.712393970765633266e-01
1.713009901684651448e-01
1.713880959670092963e-01
1.714496890598207202e-01
1.715983879493570563e-01
1.717470868379837312e-01
1.718086799307951273e-01
1.718957857279748702e-01
1.719573788203314635e-01
1.721060777098677719e-01
1.721676708017695623e-01
1.722547765994041358e-01
1.723163696931251376e-01
1.724650685826614738e-01
1.726137674712881487e-01
1.726753605640995726e-01
1.727624663605970834e-01
1.728240594536358810e-01
1.729727583431722171e-01
1.730343514350739798e-01
1.731214572322537226e-01
1.731830503264295829e-01
1.733317492141466243e-01
1.734804481036829327e-01
1.735420411974039900e-01
1.736291469932761400e-01
1.736907400869403262e-01
1.738394389746573676e-01
1.739010320683784250e-01
1.739881378651033372e-01
1.740497309560954942e-01
1.741984298474510695e-01
1.742600229393528322e-01
1.743471287369873779e-01
1.744087218307084075e-01
1.745574207184254767e-01
1.747061196079618128e-01
1.747677127016828424e-01
1.748548184977255227e-01
1.749164115912191508e-01
1.750651104807554592e-01
1.751267035726572774e-01
1.752138093693821896e-01
1.752754024640128527e-01
1.754241013517299219e-01
1.755728002412662303e-01
1.756343933349872599e-01
1.757214991304614227e-01
1.757830922227043291e-01
1.759317911122406652e-01
1.759933842059616949e-01
1.760804900022318042e-01
1.761420830936787640e-01
1.762907819850343116e-01
1.763523750769361020e-01
1.764394808736610420e-01
1.765010739682917051e-01
1.766497728560087466e-01
1.767984717455450827e-01
1.768600648392661123e-01
1.769471706346265605e-01
1.770087637269831815e-01
1.771574626165195177e-01
1.772190557102405750e-01
1.773061615060558260e-01
1.773677545979576164e-01
1.775164534893131918e-01
1.776651523779398667e-01
1.777267454725705575e-01
1.778138512674762028e-01
1.778754443602876545e-01
1.780241432498239351e-01
1.780857363435449647e-01
1.781728421393602435e-01
1.782344352312620339e-01
1.783831341207983423e-01
1.784447272145194274e-01
1.785318330112443397e-01
1.785934261022364411e-01
1.786805319002973957e-01
1.787421249935920442e-01
1.788908238831283526e-01
1.789524169768494100e-01
1.790395227717550553e-01
1.791011158645665069e-01
1.792498147541027875e-01
1.793114078478238171e-01
1.793985136436390959e-01
1.794601067355408863e-01
1.796088056250771947e-01
1.797575045155231088e-01
1.798190976065152935e-01
1.799062034046046699e-01
1.799677964978708966e-01
1.801164953874072050e-01
1.801780884811282346e-01
1.802651942764887105e-01
1.803267873688452760e-01
1.804754862583816399e-01
1.806241851479179483e-01
1.806857782398197387e-01
1.807728840374543122e-01
1.808344771311753141e-01
1.809831760188923278e-01
1.810447691144326798e-01
1.811318749093383251e-01
1.811934680021497490e-01
1.813421668916860852e-01
1.814037599854070870e-01
1.814908657812223935e-01
1.815524588731241284e-01
1.817011577626604923e-01
1.818498566521968007e-01
1.819114497440985911e-01
1.819985555419605661e-01
1.820601486354541665e-01
1.822088475249904749e-01
1.822704406187115600e-01
1.823575464136171775e-01
1.824191395064285737e-01
1.825678383959648821e-01
1.827165372855012182e-01
1.827781303774030086e-01
1.828652361745827515e-01
1.829268292669393448e-01
1.830755281564756531e-01
1.831371212483774713e-01
1.832242270464667644e-01
1.832858201397330189e-01
1.834345190292693273e-01
1.834961121229904124e-01
1.835832179178960299e-01
1.836448110107074261e-01
1.837319168073328624e-01
1.837935099002437067e-01
1.839422087897800706e-01
1.840038018816818610e-01
1.840909076788615761e-01
1.841525007712181694e-01
1.843011996607545055e-01
1.843627927526563237e-01
1.844498985502907862e-01
1.845114916440118713e-01
1.846601905335481797e-01
1.848088894221749101e-01
1.848704825149862785e-01
1.849575883117111907e-01
1.850191814045226146e-01
1.851678802940589230e-01
1.852294733859607134e-01
1.853165791835952592e-01
1.853781722773162610e-01
1.855268711650333580e-01
1.856755700554792998e-01
1.857371631482907237e-01
1.858242689445039619e-01
1.858858620378270321e-01
1.860345609273633127e-01
1.860961540192651309e-01
1.861832598159900432e-01
1.862448529106207062e-01
1.863935517983377754e-01
1.864551448902395658e-01
1.865422506878741116e-01
1.866038437815951134e-01
1.867525426693122104e-01
1.869012415597581522e-01
1.869628346525695761e-01
1.870499404488396578e-01
1.871115335421058845e-01
1.872602324316422207e-01
1.873218255235439833e-01
1.874089313202688956e-01
1.874705244148995587e-01
1.876192233026166278e-01
1.877679221921529640e-01
1.878295152858739936e-01
1.879166210816892724e-01
1.879782141754103020e-01
1.881269130631273712e-01
1.881885061568484563e-01
1.882756119531185657e-01
1.883372050445654700e-01
1.884859039359210453e-01
1.885474970278228357e-01
1.886346028245477480e-01
1.886961959191784111e-01
1.888448948068955080e-01
1.889935936964318164e-01
1.890551867901528460e-01
1.891422925859681248e-01
1.892038856796891544e-01
1.893525845692254905e-01
1.894141776611273087e-01
1.895012834578521377e-01
1.895628765488443224e-01
1.897115754401998977e-01
1.898602743297362339e-01
1.899218674234572635e-01
1.900089732188177394e-01
1.900705663111743604e-01
1.902192652007106410e-01
1.902808582944316984e-01
1.903679640902469772e-01
1.904295571821487398e-01
1.905782560735043429e-01
1.906398491654060778e-01
1.907269549621309901e-01
1.907885480567617087e-01
1.908756538514967960e-01
1.909372469444787501e-01
1.910859458340151140e-01
1.911475389277361159e-01
1.912346447230965918e-01
1.912962378154531295e-01
1.914449367049894934e-01
1.915065297987105508e-01
1.915936355945258296e-01
1.916552286864275922e-01
1.918039275777831953e-01
1.919526264664098703e-01
1.920142195610405333e-01
1.921013253559462064e-01
1.921629184487576025e-01
1.923116173382939664e-01
1.923732104320149683e-01
1.924603162278302471e-01
1.925219093197320375e-01
1.926706082092683459e-01
1.928193070997143155e-01
1.928809001907064447e-01
1.929680059886820787e-01
1.930295990820620478e-01
1.931782979715983561e-01
1.932398910653194413e-01
1.933269968602250588e-01
1.933885899530364549e-01
1.935372888425727356e-01
1.935988819362938207e-01
1.936859877321090995e-01
1.937475808240108899e-01
1.938962797135471983e-01
1.940449786039931679e-01
1.941065716949853526e-01
1.941936774930746179e-01
1.942552705863408724e-01
1.944039694758772086e-01
1.944655625695982937e-01
1.945526683645039112e-01
1.946142614573153073e-01
1.947629603468515880e-01
1.949116592363879519e-01
1.949732523282897423e-01
1.950603581259242603e-01
1.951219512178260507e-01
1.952706501073623868e-01
1.953322431992641217e-01
1.954193489973534981e-01
1.954809420906197248e-01
1.956296409801560610e-01
1.956912340738770628e-01
1.957783398687827914e-01
1.958399329615941598e-01
1.959270387585464734e-01
1.959886318511304681e-01
1.961373307406668043e-01
1.961989238325685669e-01
1.962860296302031127e-01
1.963476227239241145e-01
1.964963216116412115e-01
1.965579147071815080e-01
1.966450205020871811e-01
1.967066135948985772e-01
1.968553124844349134e-01
1.970040113739711940e-01
1.970656044658730122e-01
1.971527102630527273e-01
1.972143033554093206e-01
1.973630022449456567e-01
1.974245953368474193e-01
1.975117011344819651e-01
1.975732942282030224e-01
1.977219931177393308e-01
1.978706920063660335e-01
1.979322850991774296e-01
1.980193908956749682e-01
1.980809839887137658e-01
1.982296828782500742e-01
1.982912759701518646e-01
1.983783817673315797e-01
1.984399748615074399e-01
1.985886737492245369e-01
1.986502668411262718e-01
1.987373726387608175e-01
1.987989657324818749e-01
1.989476646220181832e-01
1.990963635106448859e-01
1.991579566034563098e-01
1.992450624001812498e-01
1.993066554929926182e-01
1.994553543825289266e-01
1.995169474744307170e-01
1.996040532720652627e-01
1.996656463657862923e-01
1.998143452535033893e-01
1.999630441430396699e-01
2.000246372367606995e-01
2.001117430328034075e-01
2.001733361262970357e-01
2.003220350158333440e-01
2.003836281077351067e-01
2.004707339044600189e-01
2.005323269990907098e-01
2.006810258868077790e-01
2.007426189787095694e-01
2.008297247763440874e-01
2.008913178700651447e-01
2.010400167577821584e-01
2.011887156482281558e-01
2.012503087410395519e-01
2.013374145373096613e-01
2.013990076305759158e-01
2.015477065201121964e-01
2.016092996120139313e-01
2.016964054087388714e-01
2.017579985033695622e-01
2.019066973910866314e-01
2.020553962806229953e-01
2.021169893743439971e-01
2.022040951699318745e-01
2.022656882620610108e-01
2.024143871515973747e-01
2.024759802453184043e-01
2.025630860415885137e-01
2.026246791330354735e-01
2.027733780243910489e-01
2.029220769130177515e-01
2.029836700076484424e-01
2.030707758027246179e-01
2.031323688953654838e-01
2.032810677849017644e-01
2.033426608786228496e-01
2.034297666744381283e-01
2.034913597663398910e-01
2.036400586558762271e-01
2.037016517495972567e-01
2.037887575463221690e-01
2.038503506373143537e-01
2.039990495286699013e-01
2.041477484182062374e-01
2.042093415119272948e-01
2.042964473070603415e-01
2.043580403996443362e-01
2.045067392891806168e-01
2.045683323829016742e-01
2.046554381787169807e-01
2.047170312706187434e-01
2.048657301619743742e-01
2.050144290506010214e-01
2.050760221415932061e-01
2.051631279399099284e-01
2.052247210329487537e-01
2.053734199224850898e-01
2.054350130162060639e-01
2.055221188115666231e-01
2.055837119039231886e-01
2.057324107934594970e-01
2.057940038871805266e-01
2.058811096829958331e-01
2.059427027748975958e-01
2.060914016662531434e-01
2.062401005548798738e-01
2.063016936495105369e-01
2.063887994444162099e-01
2.064503925372276061e-01
2.065990914267639145e-01
2.066606845204849163e-01
2.067477903163002229e-01
2.068093834082020410e-01
2.069580822977383494e-01
2.071067811872746856e-01
2.071683742791764482e-01
2.072554800770383954e-01
2.073170731705319958e-01
2.074657720600683597e-01
2.075273651537893893e-01
2.076144709486950346e-01
2.076760640415064585e-01
2.078247629310427669e-01
2.078863560247638242e-01
2.079734618205790475e-01
2.080350549124808657e-01
2.081221607097743231e-01
2.081837538020172018e-01
2.083324526915535102e-01
2.083940457834553006e-01
2.084811515815446492e-01
2.085427446748108760e-01
2.086914435643472121e-01
2.087530366580682417e-01
2.088401424529738870e-01
2.089017355457853387e-01
2.090504344353216193e-01
2.091991333248579554e-01
2.092607264167597181e-01
2.093478322141668624e-01
2.094094253062960542e-01
2.095581241958324181e-01
2.096197172877341530e-01
2.097068230858235016e-01
2.097684161790897284e-01
2.099171150686260645e-01
2.100658139572527394e-01
2.101274070500641911e-01
2.102145128469027346e-01
2.102761059396004717e-01
2.104248048291368078e-01
2.104863979210385705e-01
2.105735037186731162e-01
2.106350968123941458e-01
2.107837957001112705e-01
2.108453887920130054e-01
2.109324945905571846e-01
2.109940876833685808e-01
2.111427865729049447e-01
2.112914854615315918e-01
2.113530785543429602e-01
2.114401843512952739e-01
2.115017774438793241e-01
2.116504763334156602e-01
2.117120694253174229e-01
2.117991752229520241e-01
2.118607683166729982e-01
2.120094672062093344e-01
2.121581660948360371e-01
2.122197591876474332e-01
2.123068649840312294e-01
2.123684580771837971e-01
2.125171569667200777e-01
2.125787500586218126e-01
2.126658558558015832e-01
2.127274489499774435e-01
2.128761478376945127e-01
2.129377409295962753e-01
2.130248467272308488e-01
2.130864398209518507e-01
2.131735456168168952e-01
2.132351387104881868e-01
2.133838375991148617e-01
2.134454306919262856e-01
2.135325364886511978e-01
2.135941295814625662e-01
2.137428284709989301e-01
2.138044215629006928e-01
2.138915273605352385e-01
2.139531204542563236e-01
2.141018193419733373e-01
2.142505182315096457e-01
2.143121113252307031e-01
2.143992171212734110e-01
2.144608102147670392e-01
2.146095091043034031e-01
2.146711021962051380e-01
2.147582079929300503e-01
2.148198010875607133e-01
2.149684999752777825e-01
2.151171988648140909e-01
2.151787919585351760e-01
2.152658977539524676e-01
2.153274908462521897e-01
2.154761897357884703e-01
2.155377828295095555e-01
2.156248886257796649e-01
2.156864817172266247e-01
2.158351806085822555e-01
2.158967737004839904e-01
2.159838794972089027e-01
2.160454725918395658e-01
2.161941714795566349e-01
2.163428703690929433e-01
2.164044634628139452e-01
2.164915692584019058e-01
2.165531623505310421e-01
2.167018612400673783e-01
2.167634543337884079e-01
2.168505601296036867e-01
2.169121532215054771e-01
2.170608521128610247e-01
2.172095510014877551e-01
2.172711440961184182e-01
2.173582498911377781e-01
2.174198429838354873e-01
2.175685418733717957e-01
2.176301349670928253e-01
2.177172407629080764e-01
2.177788338548098945e-01
2.179275327443462307e-01
2.179891258380672603e-01
2.180762316347922003e-01
2.181378247257843295e-01
2.182865236171399048e-01
2.184352225057666075e-01
2.184968156003972706e-01
2.185839213953029159e-01
2.186455144881143120e-01
2.187942133776506481e-01
2.188558064713716778e-01
2.189429122671869843e-01
2.190045053590887469e-01
2.191532042486250831e-01
2.193019031390710527e-01
2.193634962300631819e-01
2.194506020281525305e-01
2.195121951214187572e-01
2.196608940109550656e-01
2.197224871046761230e-01
2.198095929000365711e-01
2.198711859923932199e-01
2.200198848819295006e-01
2.200814779756505302e-01
2.201685837714658089e-01
2.202301768633675993e-01
2.203172826610021451e-01
2.203788757547231747e-01
2.205275746424402716e-01
2.205891677379805405e-01
2.206762735328861857e-01
2.207378666256976096e-01
2.208865655152339180e-01
2.209481586089549754e-01
2.210352644047702542e-01
2.210968574966719891e-01
2.212455563862083530e-01
2.213942552757446613e-01
2.214558483676464518e-01
2.215429541655083989e-01
2.216045472590020271e-01
2.217532461485383632e-01
2.218148392422593929e-01
2.219019450371650382e-01
2.219635381299764620e-01
2.221122370195128259e-01
2.222609359090491066e-01
2.223225290009508415e-01
2.224096347981306121e-01
2.224712278904872054e-01
2.226199267800235138e-01
2.226815198719253042e-01
2.227686256700147083e-01
2.228302187632808795e-01
2.229789176528172157e-01
2.230405107465382453e-01
2.231276165414438906e-01
2.231892096342553145e-01
2.233379085237916784e-01
2.234866074133279590e-01
2.235482005052297216e-01
2.236353063024094645e-01
2.236968993947660578e-01
2.238455982843023662e-01
2.239071913762041566e-01
2.239942971738387301e-01
2.240558902675597319e-01
2.242045891570960403e-01
2.243532880457227430e-01
2.244148811385341391e-01
2.245019869352590791e-01
2.245635800280704475e-01
2.247122789176067836e-01
2.247738720095085740e-01
2.248609778071431198e-01
2.249225709008642049e-01
2.250712697885812186e-01
2.251328628804830367e-01
2.252199686790271604e-01
2.252815617718385843e-01
2.253686675680376117e-01
2.254302606613748927e-01
2.255789595509112566e-01
2.256405526428129915e-01
2.257276584395379038e-01
2.257892515323492721e-01
2.259379504218856360e-01
2.259995435137874265e-01
2.260866493114219722e-01
2.261482424051429740e-01
2.262969412928600710e-01
2.264456401833060128e-01
2.265072332761174367e-01
2.265943390723875184e-01
2.266559321656537451e-01
2.268046310551900258e-01
2.268662241470918439e-01
2.269533299442715868e-01
2.270149230384474470e-01
2.271636219261644885e-01
2.273123208157008246e-01
2.273739139094218265e-01
2.274610197052371052e-01
2.275226127989581903e-01
2.276713116866752318e-01
2.277329047803962891e-01
2.278200105766663708e-01
2.278816036681133306e-01
2.280303025594688782e-01
2.280918956513706963e-01
2.281790014480956086e-01
2.282405945427262717e-01
2.283892934304433409e-01
2.285379923199796770e-01
2.285995854137007066e-01
2.286866912095159576e-01
2.287482843032370428e-01
2.288969831927733511e-01
2.289585762846751693e-01
2.290456820814000816e-01
2.291072751723921830e-01
2.292559740637477861e-01
2.294046729532840945e-01
2.294662660470051241e-01
2.295533718423656000e-01
2.296149649347222488e-01
2.297636638242585294e-01
2.298252569179795590e-01
2.299123627137948378e-01
2.299739558056966282e-01
2.301226546970522036e-01
2.301842477889540217e-01
2.302713535856789340e-01
2.303329466803095693e-01
2.304816455680266107e-01
2.306303444575629469e-01
2.306919375512839765e-01
2.307790433466444524e-01
2.308406364390010734e-01
2.309893353285373818e-01
2.310509284222584114e-01
2.311380342180736902e-01
2.311996273099754806e-01
2.313483262013310560e-01
2.314970250899577031e-01
2.315586181845884217e-01
2.316457239794940670e-01
2.317073170723054631e-01
2.318560159618417993e-01
2.319176090555628289e-01
2.320047148513781077e-01
2.320663079432798703e-01
2.322150068328162065e-01
2.322765999265372638e-01
2.323637057232621761e-01
2.324252988142543053e-01
2.325124046122300225e-01
2.325739977056099084e-01
2.327226965951462168e-01
2.327842896888672741e-01
2.328713954837729194e-01
2.329329885765843156e-01
2.330816874661206795e-01
2.331432805598416813e-01
2.332303863556569601e-01
2.332919794475586950e-01
2.334406783370950589e-01
2.335893772275410285e-01
2.336509703185331577e-01
2.337380761166225618e-01
2.337996692098887608e-01
2.339483680994250692e-01
2.340099611931461543e-01
2.340970669880517718e-01
2.341586600808631680e-01
2.343073589703994486e-01
2.344560578599358125e-01
2.345176509518376029e-01
2.346047567493584340e-01
2.346663498413739113e-01
2.348150487309102474e-01
2.348766418228120656e-01
2.349637476209013309e-01
2.350253407141676132e-01
2.351740396037039216e-01
2.352356326974250067e-01
2.353227384923306242e-01
2.353843315851420204e-01
2.355330304746783010e-01
2.356817293642146649e-01
2.357433224561164553e-01
2.358304282537510010e-01
2.358920213474720584e-01
2.360407202351890998e-01
2.361023133307293964e-01
2.361894191256350417e-01
2.362510122184464378e-01
2.363997111079827740e-01
2.365484099975191379e-01
2.366100030894208728e-01
2.366971088866006157e-01
2.367587019789572089e-01
2.369074008684935173e-01
2.369689939603953077e-01
2.370560997580298535e-01
2.371176928517508276e-01
2.372663917412871915e-01
2.373279848350082488e-01
2.374150906299138941e-01
2.374766837227252902e-01
2.375637895192512228e-01
2.376253826122616264e-01
2.377740815017979070e-01
2.378356745936997252e-01
2.379227803908794403e-01
2.379843734850553005e-01
2.381330723727723697e-01
2.381946654646741324e-01
2.382817712623086781e-01
2.383433643560296800e-01
2.384920632455660439e-01
2.386407621341927465e-01
2.387023552270041427e-01
2.387894610237291104e-01
2.388510541165404788e-01
2.389997530060767872e-01
2.390613460979785776e-01
2.391484518951582927e-01
2.392100449893341529e-01
2.393587438770512221e-01
2.395074427665875305e-01
2.395690358603085879e-01
2.396561416563512681e-01
2.397177347498448963e-01
2.398664336393812324e-01
2.399280267312830506e-01
2.400151325280079628e-01
2.400767256226385704e-01
2.402254245103556396e-01
2.402870176022574300e-01
2.403741233998919757e-01
2.404357164936130054e-01
2.405844153813301023e-01
2.407331142717760164e-01
2.407947073645874403e-01
2.408818131608575219e-01
2.409434062541237487e-01
2.410921051436600848e-01
2.411536982355619030e-01
2.412408040322867320e-01
2.413023971269174228e-01
2.414510960146344920e-01
2.415997949041708281e-01
2.416613879978918578e-01
2.417484937935934497e-01
2.418100868856089547e-01
2.419587857751452353e-01
2.420203788688662649e-01
2.421074846651363743e-01
2.421690777565833341e-01
2.423177766479389095e-01
2.423793697398406721e-01
2.424664755365655844e-01
2.425280686311962752e-01
2.426151744262937671e-01
2.426767675189133444e-01
2.428254664084497083e-01
2.428870595021707102e-01
2.429741652979859889e-01
2.430357583917070186e-01
2.431844572794240877e-01
2.432460503731451174e-01
2.433331561698700296e-01
2.433947492608621865e-01
2.435434481522177619e-01
2.436921470417540980e-01
2.437537401354751276e-01
2.438408459306082021e-01
2.439024390231921968e-01
2.440511379127285607e-01
2.441127310064495626e-01
2.441998368022648414e-01
2.442614298941666040e-01
2.444101287855222071e-01
2.445588276741488820e-01
2.446204207651410389e-01
2.447075265634577612e-01
2.447691196564966143e-01
2.449178185460329504e-01
2.449794116397540078e-01
2.450665174351144560e-01
2.451281105274710492e-01
2.452768094170073299e-01
2.453384025107284150e-01
2.454255083065436938e-01
2.454871013984454564e-01
2.456358002898010873e-01
2.457844991784277344e-01
2.458460922730583975e-01
2.459331980679640706e-01
2.459947911607754667e-01
2.461434900503118028e-01
2.462050831440328047e-01
2.462921889398481667e-01
2.463537820317499016e-01
2.465024809212861823e-01
2.466511798108225462e-01
2.467127729027243088e-01
2.467998787005862560e-01
2.468614717940798564e-01
2.470101706836162203e-01
2.470717637773372499e-01
2.471588695722429230e-01
2.472204626650543191e-01
2.473691615545906552e-01
2.474307546483116294e-01
2.475178604441269359e-01
2.475794535360287540e-01
2.477281524255650624e-01
2.478768513160110321e-01
2.479384444070031612e-01
2.480255502050925376e-01
2.480871432983587088e-01
2.482358421878950727e-01
2.482974352816161023e-01
2.483845410765217754e-01
2.484461341693331715e-01
2.485948330588695077e-01
2.487435319484057883e-01
2.488051250403076065e-01
2.488922308377147230e-01
2.489538239298439148e-01
2.491025228193802510e-01
2.491641159112820136e-01
2.492512217093713900e-01
2.493128148026375890e-01
2.494615136921739251e-01
2.495231067858949547e-01
2.496102125808006000e-01
2.496718056736120517e-01
2.497589114704790725e-01
2.498205045631483323e-01
2.499692034526846685e-01
2.500307965445864311e-01
2.501179023422209768e-01
2.501794954359420342e-01
2.503281943236591034e-01
2.503897874155608938e-01
2.504768932141050453e-01
2.505384863069164414e-01
2.506871851964527775e-01
2.508358840850794524e-01
2.508974771778908486e-01
2.509845829748432178e-01
2.510461760674271847e-01
2.511948749569635209e-01
2.512564680488653113e-01
2.513435738464998570e-01
2.514051669402208589e-01
2.515538658297571950e-01
2.517025647183838699e-01
2.517641578111953216e-01
2.518512636075790900e-01
2.519128567007316022e-01
2.520615555902679383e-01
2.521231486821697287e-01
2.522102544793494716e-01
2.522718475735252763e-01
2.524205464612423455e-01
2.524821395531441359e-01
2.525692453507786817e-01
2.526308384444997390e-01
2.527795373340360752e-01
2.529282362226627501e-01
2.529898293154741462e-01
2.530769351119716570e-01
2.531385282050104824e-01
2.532872270945468185e-01
2.533488201864485534e-01
2.534359259840830991e-01
2.534975190778041565e-01
2.536462179655212257e-01
2.537949168550575618e-01
2.538565099487785637e-01
2.539436157448212716e-01
2.540052088383148998e-01
2.541539077278512360e-01
2.542155008197529709e-01
2.543026066164779109e-01
2.543641997111085740e-01
2.545128985988256431e-01
2.545744916907274336e-01
2.546615974883619793e-01
2.547231905820829811e-01
2.548102963775145113e-01
2.548718894698000503e-01
2.550205883593363865e-01
2.550821814530574438e-01
2.551692872493275255e-01
2.552308803425937245e-01
2.553795792321300606e-01
2.554411723240318510e-01
2.555282781207567355e-01
2.555898712153874541e-01
2.557385701031044678e-01
2.558872689926408039e-01
2.559488620863618613e-01
2.560359678819497109e-01
2.560975609740789305e-01
2.562462598636152111e-01
2.563078529573362685e-01
2.563949587536063501e-01
2.564565518450533377e-01
2.566052507364089408e-01
2.567539496250356157e-01
2.568155427196662788e-01
2.569026485146856387e-01
2.569642416073833480e-01
2.571129404969196841e-01
2.571745335906406860e-01
2.572616393864559647e-01
2.573232324783577551e-01
2.574719313678940913e-01
2.575335244616151487e-01
2.576206302583400332e-01
2.576822233493321623e-01
2.578309222406877654e-01
2.579796211293144403e-01
2.580412142239451034e-01
2.581283200190782057e-01
2.581899131116621726e-01
2.583386120011985088e-01
2.584002050949195661e-01
2.584873108907348449e-01
2.585489039826366353e-01
2.586976028721729159e-01
2.588463017626189133e-01
2.589078948536110425e-01
2.589950006518140779e-01
2.590565937449666456e-01
2.592052926345029262e-01
2.592668857282239836e-01
2.593539915235844595e-01
2.594155846159410528e-01
2.595642835054773889e-01
2.596258765991983908e-01
2.597129823950136696e-01
2.597745754869154600e-01
2.599232743782710631e-01
2.600719732668977380e-01
2.601335663615284011e-01
2.602206721564340741e-01
2.602822652492454703e-01
2.604309641387818064e-01
2.604925572325028083e-01
2.605796630283180870e-01
2.606412561202198774e-01
2.607899550097562136e-01
2.609386538992925497e-01
2.610002469911943401e-01
2.610873527890562595e-01
2.611489458825498877e-01
2.612976447720862239e-01
2.613592378658072812e-01
2.614463436607128988e-01
2.615079367535242949e-01
2.616566356430606310e-01
2.617182287367816884e-01
2.618053345325969672e-01
2.618669276244987576e-01
2.619540334216784450e-01
2.620156265140350382e-01
2.621643254035713744e-01
2.622259184954731648e-01
2.623130242935625134e-01
2.623746173868287679e-01
2.625233162763650485e-01
2.625849093700861059e-01
2.626720151649917789e-01
2.627336082578031751e-01
2.628823071473395112e-01
2.630310060368757918e-01
2.630925991287775823e-01
2.631797049261847543e-01
2.632412980183139184e-01
2.633899969078502545e-01
2.634515899997519894e-01
2.635386957978413935e-01
2.636002888911075925e-01
2.637489877806439287e-01
2.638976866692706036e-01
2.639592797620819997e-01
2.640463855588069397e-01
2.641079786516183359e-01
2.642566775411546720e-01
2.643182706330564624e-01
2.644053764306910081e-01
2.644669695244120100e-01
2.646156684121290792e-01
2.646772615040308696e-01
2.647643673025750211e-01
2.648259603953864727e-01
2.649746592849227533e-01
2.651233581735494838e-01
2.651849512663608799e-01
2.652720570630857644e-01
2.653336501558972160e-01
2.654823490454334967e-01
2.655439421373352871e-01
2.656310479349698328e-01
2.656926410286908902e-01
2.658413399164079594e-01
2.659900388068539012e-01
2.660516318996652974e-01
2.661387376959353790e-01
2.662003307892016335e-01
2.663490296787379141e-01
2.664106227706397045e-01
2.664977285678194474e-01
2.665593216619953076e-01
2.667080205497123768e-01
2.667696136416141672e-01
2.668567194392487130e-01
2.669183125329697148e-01
2.670054183287281502e-01
2.670670114225060510e-01
2.672157103102231201e-01
2.672773034039441220e-01
2.673644092002142592e-01
2.674260022916611912e-01
2.675747011830167943e-01
2.676362942749185847e-01
2.677234000716434692e-01
2.677849931662741323e-01
2.679336920539912015e-01
2.680823909435275376e-01
2.681439840372485950e-01
2.682310898330638738e-01
2.682926829267848756e-01
2.684413818163212118e-01
2.685029749082230022e-01
2.685900807049478867e-01
2.686516737959400714e-01
2.688003726872956189e-01
2.689490715768319551e-01
2.690106646705530125e-01
2.690977704659134884e-01
2.691593635582700816e-01
2.693080624478063623e-01
2.693696555415274196e-01
2.694567613373426984e-01
2.695183544292444888e-01
2.696670533206000919e-01
2.697286464125018268e-01
2.698157522092267668e-01
2.698773453038574299e-01
2.700260441915744991e-01
2.701747430811108353e-01
2.702363361748318371e-01
2.703234419701923130e-01
2.703850350625489063e-01
2.705337339520852424e-01
2.705953270458062998e-01
2.706824328416215786e-01
2.707440259335233135e-01
2.708927248248789166e-01
2.710414237135055915e-01
2.711030168081362546e-01
2.711901226030419276e-01
2.712517156958533238e-01
2.714004145853896599e-01
2.714620076791107173e-01
2.715491134749259960e-01
2.716107065668277865e-01
2.717594054563640671e-01
2.718209985500851245e-01
2.719081043468100645e-01
2.719696974378021936e-01
2.721183963291577412e-01
2.722670952177844717e-01
2.723286883124151347e-01
2.724157941073208078e-01
2.724773872001322039e-01
2.726260860896685401e-01
2.726876791833895419e-01
2.727747849792048207e-01
2.728363780711066111e-01
2.729850769606429473e-01
2.731337758510888891e-01
2.731953689420810183e-01
2.732824747401704224e-01
2.733440678334366214e-01
2.734927667229729575e-01
2.735543598166939594e-01
2.736414656120544353e-01
2.737030587044110286e-01
2.738517575939473647e-01
2.740004564834837009e-01
2.740620495753854358e-01
2.741491553729062947e-01
2.742107484649217719e-01
2.743594473544581080e-01
2.744210404463598985e-01
2.745081462444492471e-01
2.745697393377154460e-01
2.747184382272517822e-01
2.747800313209728396e-01
2.748671371158784571e-01
2.749287302086899087e-01
2.750774290982261894e-01
2.752261279877625255e-01
2.752877210796643159e-01
2.753748268772988617e-01
2.754364199710199190e-01
2.755851188587369327e-01
2.756467119542772570e-01
2.757338177491829301e-01
2.757954108419943262e-01
2.759441097315306624e-01
2.760928086210669430e-01
2.761544017129687334e-01
2.762415075100347894e-01
2.763031006025050695e-01
2.764517994920414057e-01
2.765133925839431406e-01
2.766004983815776863e-01
2.766620914752987437e-01
2.768107903648350798e-01
2.768723834585560817e-01
2.769594892534617547e-01
2.770210823462731509e-01
2.771697812358094870e-01
2.773184801253458232e-01
2.773800732172476136e-01
2.774671790144273009e-01
2.775287721067838942e-01
2.776774709963202303e-01
2.777390640882220207e-01
2.778261698858565665e-01
2.778877629795775683e-01
2.780364618691139045e-01
2.781851607577406349e-01
2.782467538505520310e-01
2.783338596472769155e-01
2.783954527400883672e-01
2.785441516296246478e-01
2.786057447215264382e-01
2.786928505187061811e-01
2.787544436128820413e-01
2.789031425005991105e-01
2.789647355925008454e-01
2.790518413901353911e-01
2.791134344838564485e-01
2.792005402799559999e-01
2.792621333733927846e-01
2.794108322629290653e-01
2.794724253548308557e-01
2.795595311515557957e-01
2.796211242461864588e-01
2.797698231339035280e-01
2.798314162258052629e-01
2.799185220234398086e-01
2.799801151171608660e-01
2.801288140048779352e-01
2.802775128953238770e-01
2.803391059881352732e-01
2.804262117844054103e-01
2.804878048776716093e-01
2.806365037672079454e-01
2.806980968591097358e-01
2.807852026558346203e-01
2.808467957504652834e-01
2.809954946381823526e-01
2.811441935277186888e-01
2.812057866214397461e-01
2.812928924171412826e-01
2.813544855091567598e-01
2.815031843986930959e-01
2.815647774924141533e-01
2.816518832886842350e-01
2.817134763801312225e-01
2.818621752714867701e-01
2.819237683633885605e-01
2.820108741601135005e-01
2.820724672547441636e-01
2.822211661424612328e-01
2.823698650319975134e-01
2.824314581257185708e-01
2.825185639215338496e-01
2.825801570152549069e-01
2.827288559029719761e-01
2.827904489966929780e-01
2.828775547934179180e-01
2.829391478844100472e-01
2.830878467757656503e-01
2.832365456653019864e-01
2.832981387590229883e-01
2.833852445541560350e-01
2.834468376467400574e-01
2.835955365362763936e-01
2.836571296299973954e-01
2.837442354258127297e-01
2.838058285177144646e-01
2.839545274090700677e-01
2.840161205009718581e-01
2.841032262976967426e-01
2.841648193923274057e-01
2.842519251869914387e-01
2.843135182800444749e-01
2.844622171695808110e-01
2.845238102633018684e-01
2.846109160586623443e-01
2.846725091510189376e-01
2.848212080405552182e-01
2.848828011342762756e-01
2.849699069300915544e-01
2.850315000219933448e-01
2.851801989133488924e-01
2.853288978019756228e-01
2.853904908966062859e-01
2.854775966915119034e-01
2.855391897843233551e-01
2.856878886738596357e-01
2.857494817675806931e-01
2.858365875629411690e-01
2.858981806552977623e-01
2.860468795448340984e-01
2.861955784343703790e-01
2.862571715262721694e-01
2.863442773241341444e-01
2.864058704176277725e-01
2.865545693071641087e-01
2.866161624008851105e-01
2.867032681957907836e-01
2.867648612886021797e-01
2.869135601781385159e-01
2.869751532718595732e-01
2.870622590676748520e-01
2.871238521595765869e-01
2.872725510491129230e-01
2.874212499395588649e-01
2.874828430305510496e-01
2.875699488286403982e-01
2.876315419219065972e-01
2.877802408114429333e-01
2.878418339051639907e-01
2.879289397000696082e-01
2.879905327928810599e-01
2.881392316824173405e-01
2.882879305719536767e-01
2.883495236638554671e-01
2.884366294612625836e-01
2.884982225533918032e-01
2.886469214429280838e-01
2.887085145348298743e-01
2.887956203329192229e-01
2.888572134261854774e-01
2.890059123157218135e-01
2.890675054094428154e-01
2.891546112043484884e-01
2.892162042971598845e-01
2.893649031866962207e-01
2.895136020762325568e-01
2.895751951681342917e-01
2.896623009657688375e-01
2.897238940594898948e-01
2.898725929472069640e-01
2.899341860391087544e-01
2.900212918376529059e-01
2.900828849304643020e-01
2.902315838200006382e-01
2.903802827086273131e-01
2.904418758014387647e-01
2.905289815983910784e-01
2.905905746909750453e-01
2.907392735805113815e-01
2.908008666724131719e-01
2.908879724700477176e-01
2.909495655637687195e-01
2.910982644533050556e-01
2.911598575470261130e-01
2.912469633419317305e-01
2.913085564347431822e-01
2.913956622311837941e-01
2.914572553242794628e-01
2.916059542138157989e-01
2.916675473057175894e-01
2.917546531028973322e-01
2.918162461970731925e-01
2.919649450847902061e-01
2.920265381766919965e-01
2.921136439743265423e-01
2.921752370680475996e-01
2.923239359575839358e-01
2.924726348462106107e-01
2.925342279390220068e-01
2.926213337355195176e-01
2.926829268285583430e-01
2.928316257180946791e-01
2.928932188099964140e-01
2.929803246071761569e-01
2.930419177013520171e-01
2.931906165890690863e-01
2.933393154786054224e-01
2.934009085723264243e-01
2.934880143683691323e-01
2.935496074618627604e-01
2.936983063513990966e-01
2.937598994433008870e-01
2.938470052400257715e-01
2.939085983346564346e-01
2.940572972223735038e-01
2.941188903142752942e-01
2.942059961119098399e-01
2.942675892056308973e-01
2.944162880933479109e-01
2.945649869837939083e-01
2.946265800766053045e-01
2.947136858728753861e-01
2.947752789661416406e-01
2.949239778556779212e-01
2.949855709475797116e-01
2.950726767443046517e-01
2.951342698389353147e-01
2.952829687266523839e-01
2.954316676161886646e-01
2.954932607099097219e-01
2.955803665054975715e-01
2.956419595976267911e-01
2.957906584871631273e-01
2.958522515808841291e-01
2.959393573771542663e-01
2.960009504686011983e-01
2.961496493599568014e-01
2.962112424518585918e-01
2.962983482485834763e-01
2.963599413432141394e-01
2.964470471382192884e-01
2.965086402309312086e-01
2.966573391204675447e-01
2.967189322141885466e-01
2.968060380100038809e-01
2.968676311019056158e-01
2.970163299914419519e-01
2.970779230851630093e-01
2.971650288818878938e-01
2.972266219728800785e-01
2.973753208642356261e-01
2.975240197528623565e-01
2.975856128474930196e-01
2.976727186426260663e-01
2.977343117352100332e-01
2.978830106247463694e-01
2.979446037184674267e-01
2.980317095142827055e-01
2.980933026061844959e-01
2.982420014957207766e-01
2.983907003861667739e-01
2.984522934771589031e-01
2.985393992753619941e-01
2.986009923685145062e-01
2.987496912580507868e-01
2.988112843517718442e-01
2.988983901471323201e-01
2.989599832394889134e-01
2.991086821290252495e-01
2.991702752227462514e-01
2.992573810185615302e-01
2.993189741104633206e-01
2.994676730018189237e-01
2.996163718904455986e-01
2.996779649850762617e-01
2.997650707797545055e-01
2.998266638727933309e-01
2.999753627623296670e-01
3.000369558560506689e-01
3.001240616518660032e-01
3.001856547437677381e-01
3.003343536333040742e-01
3.004830525228404103e-01
3.005446456147422007e-01
3.006317514124904333e-01
3.006933445060977483e-01
3.008420433956340845e-01
3.009036364893551418e-01
3.009907422842607594e-01
3.010523353770722110e-01
3.012010342666084917e-01
3.012626273603295490e-01
3.013497331561448278e-01
3.014113262480466182e-01
3.015600251375829544e-01
3.017087240271192350e-01
3.017703171190210254e-01
3.018574229171103740e-01
3.019190160103766285e-01
3.020677148999129091e-01
3.021293079936339665e-01
3.022164137885396396e-01
3.022780068813510357e-01
3.024267057708873718e-01
3.025754046604237080e-01
3.026369977523254429e-01
3.027241035497326149e-01
3.027856966418617790e-01
3.029343955313981152e-01
3.029959886232999056e-01
3.030830944213892542e-01
3.031446875146554532e-01
3.032933864041917893e-01
3.033549794979128467e-01
3.034420852928184642e-01
3.035036783856298603e-01
3.035907841824116438e-01
3.036523772751661965e-01
3.038010761647025326e-01
3.038626692566043230e-01
3.039497750542388688e-01
3.040113681479598706e-01
3.041600670356769398e-01
3.042216601275787302e-01
3.043087659261228817e-01
3.043703590189343333e-01
3.045190579084706139e-01
3.046677567970973444e-01
3.047293498899087405e-01
3.048164556868610542e-01
3.048780487794450766e-01
3.050267476689813573e-01
3.050883407608831477e-01
3.051754465585176934e-01
3.052370396522387508e-01
3.053857385399558200e-01
3.055344374304017618e-01
3.055960305232131580e-01
3.056831363195969820e-01
3.057447294127494941e-01
3.058934283022858303e-01
3.059550213941875652e-01
3.060421271913673080e-01
3.061037202855431683e-01
3.062524191732602374e-01
3.063140122651620278e-01
3.064011180627965736e-01
3.064627111565175754e-01
3.066114100460539116e-01
3.067601089346805865e-01
3.068217020274920381e-01
3.069088078237621198e-01
3.069704009170283188e-01
3.071190998065646549e-01
3.071806928984664453e-01
3.072677986951913298e-01
3.073293917898219929e-01
3.074780906775390621e-01
3.076267895670753982e-01
3.076883826607964556e-01
3.077754884566117344e-01
3.078370815503327362e-01
3.079857804398690724e-01
3.080473735317708628e-01
3.081344793284958028e-01
3.081960724194879320e-01
3.083447713108435351e-01
3.084063644027452700e-01
3.084934702003798157e-01
3.085550632941008731e-01
3.086421690894329273e-01
3.087037621818179423e-01
3.088524610713542784e-01
3.089140541650752803e-01
3.090011599608905590e-01
3.090627530527923494e-01
3.092114519441479525e-01
3.092730450360496874e-01
3.093601508327746274e-01
3.094217439274052905e-01
3.095704428151223597e-01
3.097191417046586959e-01
3.097807347983796977e-01
3.098678405937401736e-01
3.099294336860967669e-01
3.100781325756331031e-01
3.101397256693541604e-01
3.102268314656242421e-01
3.102884245570712296e-01
3.104371234484267772e-01
3.105858223370534521e-01
3.106474154316841707e-01
3.107345212265897882e-01
3.107961143194011844e-01
3.109448132089375205e-01
3.110064063026585779e-01
3.110935120984738567e-01
3.111551051903756471e-01
3.113038040799119277e-01
3.113653971736329851e-01
3.114525029703579251e-01
3.115140960613500543e-01
3.116627949527056574e-01
3.118114938413323323e-01
3.118730869359629954e-01
3.119601927310960421e-01
3.120217858236800645e-01
3.121704847132164007e-01
3.122320778069374025e-01
3.123191836027526813e-01
3.123807766946544717e-01
3.125294755841908079e-01
3.126781744746367497e-01
3.127397675656288789e-01
3.128268733637182830e-01
3.128884664569844820e-01
3.130371653465208182e-01
3.130987584402418200e-01
3.131858642356022959e-01
3.132474573279588892e-01
3.133961562174952253e-01
3.134577493112162827e-01
3.135448551070315615e-01
3.136064481989333519e-01
3.136935539964719188e-01
3.137551470884696325e-01
3.139038459789156299e-01
3.139654390699077591e-01
3.140525448679971077e-01
3.141141379612633622e-01
3.142628368507996428e-01
3.143244299445207002e-01
3.144115357394263732e-01
3.144731288322377694e-01
3.146218277217741055e-01
3.147705266113103861e-01
3.148321197032121765e-01
3.149192255008467223e-01
3.149808185945677796e-01
3.151295174822848488e-01
3.151911105778251176e-01
3.152782163727307907e-01
3.153398094655421868e-01
3.154885083550785230e-01
3.156372072446148036e-01
3.156988003365165940e-01
3.157859061336394935e-01
3.158474992260529302e-01
3.159961981155892663e-01
3.160577912074910567e-01
3.161448970051255469e-01
3.162064900988466043e-01
3.163551889883829404e-01
3.164167820821039978e-01
3.165038878770096153e-01
3.165654809698210115e-01
3.167141798593573476e-01
3.168628787488936838e-01
3.169244718407954742e-01
3.170115776379751615e-01
3.170731707303317548e-01
3.172218696198680910e-01
3.172834627117698814e-01
3.173705685094044271e-01
3.174321616031254845e-01
3.175808604926617651e-01
3.177295593812884955e-01
3.177911524740998916e-01
3.178782582708247761e-01
3.179398513636362278e-01
3.180885502531725084e-01
3.181501433450742988e-01
3.182372491422540417e-01
3.182988422364299019e-01
3.184475411241469711e-01
3.185091342160487060e-01
3.185962400136833073e-01
3.186578331074043091e-01
3.188065319969405897e-01
3.189552308855673202e-01
3.190168239783787163e-01
3.191039297751036563e-01
3.191655228679150524e-01
3.193142217574513886e-01
3.193758148493531790e-01
3.194629206469876692e-01
3.195245137407087821e-01
3.196732126284257958e-01
3.198219115188717376e-01
3.198835046116831338e-01
3.199706104079532709e-01
3.200322035012194699e-01
3.201809023907558616e-01
3.202424954826575965e-01
3.203296012793824810e-01
3.203911943740131441e-01
3.205398932617302132e-01
3.206014863536319481e-01
3.206885921512665494e-01
3.207501852449876067e-01
3.208372910406322998e-01
3.208988841327046759e-01
3.210475830222410121e-01
3.211091761159620139e-01
3.211962819122320956e-01
3.212578750036790276e-01
3.214065738950346307e-01
3.214681669869364211e-01
3.215552727836613611e-01
3.216168658782920242e-01
3.217655647660090934e-01
3.219142636555453740e-01
3.219758567492664869e-01
3.220629625450817102e-01
3.221245556388027675e-01
3.222732545265198367e-01
3.223348476202408386e-01
3.224219534169657786e-01
3.224835465079579078e-01
3.226322453993135664e-01
3.227809442888498470e-01
3.228425373825708489e-01
3.229296431778175824e-01
3.229912362702879181e-01
3.231399351598242542e-01
3.232015282535453116e-01
3.232886340493605903e-01
3.233502271412623252e-01
3.234989260326179283e-01
3.235605191245197187e-01
3.236476249212446032e-01
3.237092180158752663e-01
3.238579169035923355e-01
3.240066157931286717e-01
3.240682088868497290e-01
3.241553146822101494e-01
3.242169077745667982e-01
3.243656066641030788e-01
3.244271997578240807e-01
3.245143055536394150e-01
3.245758986455412054e-01
3.247245975368968085e-01
3.248732964255235389e-01
3.249348895201541465e-01
3.250219953150598196e-01
3.250835884078711602e-01
3.252322872974075518e-01
3.252938803911285537e-01
3.253809861864890296e-01
3.254425792788456229e-01
3.255912781683819590e-01
3.256528712621029609e-01
3.257399770579182396e-01
3.258015701498200301e-01
3.258886759476962158e-01
3.259502690411756332e-01
3.260989679307119693e-01
3.261605610244329712e-01
3.262476668193386442e-01
3.263092599121500403e-01
3.264579588016863765e-01
3.265195518954074339e-01
3.266066576912227126e-01
3.266682507831245030e-01
3.268169496726607837e-01
3.269656485631067255e-01
3.270272416540989102e-01
3.271143474521882588e-01
3.271759405454544578e-01
3.273246394349907384e-01
3.273862325287118513e-01
3.274733383236175244e-01
3.275349314164288650e-01
3.276836303059652011e-01
3.278323291955015373e-01
3.278939222874033277e-01
3.279810280848673432e-01
3.280426211769396638e-01
3.281913200664759445e-01
3.282529131583777349e-01
3.283400189564670835e-01
3.284016120497333380e-01
3.285503109392696741e-01
3.286119040329906760e-01
3.286990098278963490e-01
3.287606029207077452e-01
3.289093018102441368e-01
3.290580006997804174e-01
3.291195937916822079e-01
3.292066995893166981e-01
3.292682926830377554e-01
3.294169915707548246e-01
3.294785846626566150e-01
3.295656904612008220e-01
3.296272835540121626e-01
3.297759824435484433e-01
3.299246813321751737e-01
3.299862744249866253e-01
3.300733802219389390e-01
3.301349733145229060e-01
3.302836722040592421e-01
3.303452652959610325e-01
3.304323710935955227e-01
3.304939641873166356e-01
3.306426630768529162e-01
3.307042561705739181e-01
3.307913619654796467e-01
3.308529550582910428e-01
3.310016539478273789e-01
3.311503528373637151e-01
3.312119459292654500e-01
3.312990517264451928e-01
3.313606448188018416e-01
3.315093437083381223e-01
3.315709368002398572e-01
3.316580425978744029e-01
3.317196356915954603e-01
3.318683345811317964e-01
3.320170334697584158e-01
3.320786265625698674e-01
3.321657323590673783e-01
3.322273254521062036e-01
3.323760243416425397e-01
3.324376174335443301e-01
3.325247232307240175e-01
3.325863163248998777e-01
3.327350152126169469e-01
3.327966083045187373e-01
3.328837141021532831e-01
3.329453071958743404e-01
3.330324129918601495e-01
3.330940060854106211e-01
3.332427049749469572e-01
3.333042980668487476e-01
3.333914038635736321e-01
3.334529969582042952e-01
3.336016958459214199e-01
3.336632889378231548e-01
3.337503947354577005e-01
3.338119878291787579e-01
3.339606867168957716e-01
3.341093856073417689e-01
3.341709787001531651e-01
3.342580844961958730e-01
3.343196775896895012e-01
3.344683764792257818e-01
3.345299695711275723e-01
3.346170753678525123e-01
3.346786684624831754e-01
3.348273673502002445e-01
3.349760662397365252e-01
3.350376593334575825e-01
3.351247651290454876e-01
3.351863582211746517e-01
3.353350571107109879e-01
3.353966502044319897e-01
3.354837560007021269e-01
3.355453490921490589e-01
3.356940479835046620e-01
3.357556410754064524e-01
3.358427468721313924e-01
3.359043399667620000e-01
3.360530388544790137e-01
3.362017377440154053e-01
3.362633308377364627e-01
3.363504366335517415e-01
3.364120297254534764e-01
3.365607286149898125e-01
3.366223217087108699e-01
3.367094275054357544e-01
3.367710205964279391e-01
3.369197194877834867e-01
3.370684183764102171e-01
3.371300114710408802e-01
3.372171172661739269e-01
3.372787103587579494e-01
3.374274092482942300e-01
3.374890023420152874e-01
3.375761081378305661e-01
3.376377012297324121e-01
3.377864001192686927e-01
3.378479932129896945e-01
3.379350990097146346e-01
3.379966921007067637e-01
3.380837978989098547e-01
3.381453909920623668e-01
3.382940898815986475e-01
3.383556829753197048e-01
3.384427887706801807e-01
3.385043818630367185e-01
3.386530807525731102e-01
3.387146738462941120e-01
3.388017796421094463e-01
3.388633727340111812e-01
3.390120716253667843e-01
3.391607705139934592e-01
3.392223636086241223e-01
3.393094694033023662e-01
3.393710624963411915e-01
3.395197613858775276e-01
3.395813544795985850e-01
3.396684602749590054e-01
3.397300533673155987e-01
3.398787522568519903e-01
3.400274511463882710e-01
3.400890442382900059e-01
3.401761500360382384e-01
3.402377431296456090e-01
3.403864420191819451e-01
3.404480351129030025e-01
3.405351409078086755e-01
3.405967340006200716e-01
3.407454328901563523e-01
3.408070259838774652e-01
3.408941317796926884e-01
3.409557248715944788e-01
3.411044237611308150e-01
3.412531226506670956e-01
3.413147157425688860e-01
3.414018215404308054e-01
3.414634146339245446e-01
3.416121135234608253e-01
3.416737066171818271e-01
3.417608124120875002e-01
3.418224055048988963e-01
3.419711043944352324e-01
3.421198032839715686e-01
3.421813963758733035e-01
3.422685021731667332e-01
3.423300952654095841e-01
3.424787941549459758e-01
3.425403872468477107e-01
3.426274930449371148e-01
3.426890861382033138e-01
3.428377850277396499e-01
3.428993781214607073e-01
3.429864839163663248e-01
3.430480770091777765e-01
3.431967758987140571e-01
3.433454747882503932e-01
3.434070678801521836e-01
3.434941736777867294e-01
3.435557667696885198e-01
3.437044656592248004e-01
3.437660587511265908e-01
3.438531645496707978e-01
3.439147576424821939e-01
3.440634565320185301e-01
3.442121554206452050e-01
3.442737485134566011e-01
3.443608543104089148e-01
3.444224474029929373e-01
3.445711462925292734e-01
3.446327393844310083e-01
3.447198451820655540e-01
3.447814382757866114e-01
3.449301371635036806e-01
3.450788360539496225e-01
3.451404291467610186e-01
3.452275349430879992e-01
3.452891280362973547e-01
3.454378269258336909e-01
3.454994200177354813e-01
3.455865258149151686e-01
3.456481189090910289e-01
3.457968177968080981e-01
3.458584108887098885e-01
3.459455166863444342e-01
3.460071097800654361e-01
3.461558086696018277e-01
3.463045075582284471e-01
3.463661006510398432e-01
3.464532064475374096e-01
3.465147995405761794e-01
3.466634984301125155e-01
3.467250915220143059e-01
3.468121973187392459e-01
3.468737904133699090e-01
3.470224893010869227e-01
3.471711881906232589e-01
3.472327812843443162e-01
3.473198870802732818e-01
3.473814801738806524e-01
3.475301790634169330e-01
3.475917721553187234e-01
3.476788779520436079e-01
3.477404710430357926e-01
3.478891699343913957e-01
3.479507630262931861e-01
3.480378688239276763e-01
3.480994619176487337e-01
3.482481608053658029e-01
3.483968596949021390e-01
3.484584527886231409e-01
3.485455585844384196e-01
3.486071516781594215e-01
3.487558505676958132e-01
3.488174436595975481e-01
3.489045494563224881e-01
3.489661425509531512e-01
3.491148414386702203e-01
3.492635403282065010e-01
3.493251334219275583e-01
3.494122392172880343e-01
3.494738323096446275e-01
3.496225311991809637e-01
3.496841242929020210e-01
3.497712300891721027e-01
3.498328231806190902e-01
3.499815220719746378e-01
3.500431151638764282e-01
3.501302209606013682e-01
3.501918140552319758e-01
3.502789198501376489e-01
3.503405129429491005e-01
3.504892118324853811e-01
3.505508049262064385e-01
3.506379107220217173e-01
3.506995038139235077e-01
3.508482027034598438e-01
3.509097957971808457e-01
3.509969015939057857e-01
3.510584946848978594e-01
3.512071935762535180e-01
3.513558924648801929e-01
3.514174855595108560e-01
3.515045913546439027e-01
3.515661844472279252e-01
3.517148833367642058e-01
3.517764764304853187e-01
3.518635822263005419e-01
3.519251753182023323e-01
3.520738742077386685e-01
3.522225730981846104e-01
3.522841661891767950e-01
3.523712719872661436e-01
3.524328650805323981e-01
3.525815639700686788e-01
3.526431570637896806e-01
3.527302628591501565e-01
3.527918559515067498e-01
3.529405548410430860e-01
3.530021479347641433e-01
3.530892537305794776e-01
3.531508468224812125e-01
3.532995457120174931e-01
3.534482446024634905e-01
3.535098376934555642e-01
3.535969434917723975e-01
3.536585365848112228e-01
3.538072354743475034e-01
3.538688285680685608e-01
3.539559343629741783e-01
3.540175274557856300e-01
3.541662263453219661e-01
3.543149252348582467e-01
3.543765183267600372e-01
3.544636241243945829e-01
3.545252172181156403e-01
3.546739161058327094e-01
3.547355092013729783e-01
3.548226149962786513e-01
3.548842080890901030e-01
3.550329069786263836e-01
3.550945000723473854e-01
3.551816058681627197e-01
3.552431989600644546e-01
3.553303047571731432e-01
3.553918978496007908e-01
3.555405967391370714e-01
3.556021898310389173e-01
3.556892956286734631e-01
3.557508887223944649e-01
3.558995876119308011e-01
3.559611807056518584e-01
3.560482865005574760e-01
3.561098795933689276e-01
3.562585784829052082e-01
3.564072773724415444e-01
3.564688704643433903e-01
3.565559762615230777e-01
3.566175693538796709e-01
3.567662682434159516e-01
3.568278613353177420e-01
3.569149671334070906e-01
3.569765602266733451e-01
3.571252591162097367e-01
3.572739580048363561e-01
3.573355510976476967e-01
3.574226568943157933e-01
3.574842499871840884e-01
3.576329488767203690e-01
3.576945419686221594e-01
3.577816477658019578e-01
3.578432408599777625e-01
3.579919397476947207e-01
3.580535328395966221e-01
3.581406386372311679e-01
3.582022317309521697e-01
3.583509306204885059e-01
3.584996295091151808e-01
3.585612226019265769e-01
3.586483283986514614e-01
3.587099214914630241e-01
3.588586203809992492e-01
3.589202134729010951e-01
3.590073192705355853e-01
3.590689123642565872e-01
3.592176112519736564e-01
3.593663101424197093e-01
3.594279032352310499e-01
3.595150090315011315e-01
3.595766021247672750e-01
3.597253010143036667e-01
3.597868941062054571e-01
3.598739999029303416e-01
3.599355929975610602e-01
3.600842918852780739e-01
3.601458849771798643e-01
3.602329907748143545e-01
3.602945838685354674e-01
3.604432827562525365e-01
3.605919816466984784e-01
3.606535747395098745e-01
3.607406805357799562e-01
3.608022736290462107e-01
3.609509725185825468e-01
3.610125656104842817e-01
3.610996714072092217e-01
3.611612645018398293e-01
3.613099633895569540e-01
3.614586622790932902e-01
3.615202553728142920e-01
3.616073611686296818e-01
3.616689542623506282e-01
3.618176531500677529e-01
3.618792462437887547e-01
3.619663520405136392e-01
3.620279451315057129e-01
3.621766440228613715e-01
3.622382371147631619e-01
3.623253429123977076e-01
3.623869360061187095e-01
3.624740418013654986e-01
3.625356348938357787e-01
3.626843337833721148e-01
3.627459268770932277e-01
3.628330326729084510e-01
3.628946257648102414e-01
3.630433246561657890e-01
3.631049177480675794e-01
3.631920235447925194e-01
3.632536166394231825e-01
3.634023155271403072e-01
3.635510144166765323e-01
3.636126075103974786e-01
3.636997133057580656e-01
3.637613063981146588e-01
3.639100052876509950e-01
3.639715983813719968e-01
3.640587041776421895e-01
3.641202972690890660e-01
3.642689961604445581e-01
3.644176950490713440e-01
3.644792881437020071e-01
3.645663939384939378e-01
3.646279870314190763e-01
3.647766859209554124e-01
3.648382790146764143e-01
3.649253848100368347e-01
3.649869779023934835e-01
3.651356767919298196e-01
3.651972698856507660e-01
3.652843756814661558e-01
3.653459687733678907e-01
3.654946676647234938e-01
3.656433665533502797e-01
3.657049596479808318e-01
3.657920654428865048e-01
3.658536585356978454e-01
3.660023574252342371e-01
3.660639505189552945e-01
3.661510563147705732e-01
3.662126494066723637e-01
3.663613482962086443e-01
3.665100471866545306e-01
3.665716402776467708e-01
3.666587460757361194e-01
3.667203391690023739e-01
3.668690380585386546e-01
3.669306311522597119e-01
3.670177369471653850e-01
3.670793300399767811e-01
3.672280289295131173e-01
3.672896220232341191e-01
3.673767278190493979e-01
3.674383209109512993e-01
3.675254267083867821e-01
3.675870198004875244e-01
3.677357186900238606e-01
3.677973117819255955e-01
3.678844175800149996e-01
3.679460106732811986e-01
3.680947095628174237e-01
3.681563026565385366e-01
3.682434084514442096e-01
3.683050015442555503e-01
3.684537004337919419e-01
3.686023993233282781e-01
3.686639924152300685e-01
3.687510982128645032e-01
3.688126913065856161e-01
3.689613901943026297e-01
3.690229832862044757e-01
3.691100890842938242e-01
3.691716821775600232e-01
3.693203810670963594e-01
3.694690799557230898e-01
3.695306730485344859e-01
3.696177788454867996e-01
3.696793719380708776e-01
3.698280708276071027e-01
3.698896639195089486e-01
3.699767697171434389e-01
3.700383628108644962e-01
3.701870617004007769e-01
3.702486547941218342e-01
3.703357605890275628e-01
3.703973536818389034e-01
3.705460525713751285e-01
3.706947514609115202e-01
3.707563445528133106e-01
3.708434503499930535e-01
3.709050434423496467e-01
3.710537423318859829e-01
3.711153354237877178e-01
3.712024412214222080e-01
3.712640343151434319e-01
3.714127332046796570e-01
3.715614320933063319e-01
3.716230251861177281e-01
3.717101309827289812e-01
3.717717240756540642e-01
3.719204229651904559e-01
3.719820160570921908e-01
3.720691218542718781e-01
3.721307149484476828e-01
3.722794138361648075e-01
3.723410069280665424e-01
3.724281127257011437e-01
3.724897058194222010e-01
3.726384047089584817e-01
3.727871035975851011e-01
3.728486966903966082e-01
3.729358024871214927e-01
3.729973955799329444e-01
3.731460944694692250e-01
3.732076875613710154e-01
3.732947933590055611e-01
3.733563864527266185e-01
3.735050853404436877e-01
3.736537842308896296e-01
3.737153773237010812e-01
3.738024831197437337e-01
3.738640762132373618e-01
3.740127751027736980e-01
3.740743681946754329e-01
3.741614739914003729e-01
3.742230670860310360e-01
3.743717659737481607e-01
3.744333590656498956e-01
3.745204648632844413e-01
3.745820579570054432e-01
3.746691637525933483e-01
3.747307568447225123e-01
3.748794557342588485e-01
3.749410488279798503e-01
3.750281546242500430e-01
3.750897477156969195e-01
3.752384466070525226e-01
3.753000396989543130e-01
3.753871454956791975e-01
3.754487385903098606e-01
3.755974374780269298e-01
3.757461363675632660e-01
3.758077294612843233e-01
3.758948352570996021e-01
3.759564283490013925e-01
3.761051272385376731e-01
3.761667203322586195e-01
3.762538261289836150e-01
3.763154192199757997e-01
3.764641181113313473e-01
3.766128169999581332e-01
3.766744100945887408e-01
3.767615158897217875e-01
3.768231089823056990e-01
3.769718078718420906e-01
3.770334009655631480e-01
3.771205067613784268e-01
3.771820998532802172e-01
3.773307987428165533e-01
3.773923918365375552e-01
3.774794976332623841e-01
3.775410907242546243e-01
3.776897896156102274e-01
3.778384885051465636e-01
3.779000815988675654e-01
3.779871873942280414e-01
3.780487804865846346e-01
3.781974793761209708e-01
3.782590724698420281e-01
3.783461782656573069e-01
3.784077713575591528e-01
3.785564702489146449e-01
3.787051691375413198e-01
3.787667622321719829e-01
3.788538680268503378e-01
3.789154611198890521e-01
3.790641600094253327e-01
3.791257531031464456e-01
3.792128588985069215e-01
3.792744519908634038e-01
3.794231508803997954e-01
3.794847439741208528e-01
3.795718497699361316e-01
3.796334428618379220e-01
3.797205486596145763e-01
3.797821417531935251e-01
3.799308406427298057e-01
3.799924337364509186e-01
3.800795395313565361e-01
3.801411326241679323e-01
3.802898315137042684e-01
3.803514246074252703e-01
3.804385304032405490e-01
3.805001234951423394e-01
3.806488223846787311e-01
3.807975212742150117e-01
3.808591143661168577e-01
3.809462201639787216e-01
3.810078132574723497e-01
3.811565121470086859e-01
3.812181052407296877e-01
3.813052110356354163e-01
3.813668041284467569e-01
3.815155030179830375e-01
3.816642019075194292e-01
3.817257949994212196e-01
3.818129007967146493e-01
3.818744938889575002e-01
3.820231927784938364e-01
3.820847858703956268e-01
3.821718916684849199e-01
3.822334847617512854e-01
3.823821836512875105e-01
3.824437767450084569e-01
3.825308825399141854e-01
3.825924756327256371e-01
3.827411745222619177e-01
3.828898734117983649e-01
3.829514665037000443e-01
3.830385723011071608e-01
3.831001653932364359e-01
3.832488642827726610e-01
3.833104573746743959e-01
3.833975631732186584e-01
3.834591562660300545e-01
3.836078551555663907e-01
3.837565540441930101e-01
3.838181471370044617e-01
3.839052529339567754e-01
3.839668460265407979e-01
3.841155449160771340e-01
3.841771380079788689e-01
3.842642438056134147e-01
3.843258368993344720e-01
3.844745357870515412e-01
3.845361288825918100e-01
3.846232346774974831e-01
3.846848277703089902e-01
3.847719335666500706e-01
3.848335266598452153e-01
3.849822255493815515e-01
3.850438186412833419e-01
3.851309244384630293e-01
3.851925175308196225e-01
3.853412164203560697e-01
3.854028095122577491e-01
3.854899153098922948e-01
3.855515084036132967e-01
3.857002072931496328e-01
3.858489061817763632e-01
3.859104992745877594e-01
3.859976050710851592e-01
3.860591981641240955e-01
3.862078970536603761e-01
3.862694901455621665e-01
3.863565959427419094e-01
3.864181890369177697e-01
3.865668879246348388e-01
3.867155868141711195e-01
3.867771799078921768e-01
3.868642857038211424e-01
3.869258787974285685e-01
3.870745776869647936e-01
3.871361707788665285e-01
3.872232765755915240e-01
3.872848696665836532e-01
3.874335685579392563e-01
3.874951616498410467e-01
3.875822674474756480e-01
3.876438605411965943e-01
3.877925594289136080e-01
3.879412583184499996e-01
3.880028514121710015e-01
3.880899572082137094e-01
3.881515503017073376e-01
3.883002491912436738e-01
3.883618422831454642e-01
3.884489480798702932e-01
3.885105411745011228e-01
3.886592400622180810e-01
3.888079389517544171e-01
3.888695320454754745e-01
3.889566378409496372e-01
3.890182309331924881e-01
3.891669298227288243e-01
3.892285229164498817e-01
3.893156287127199633e-01
3.893772218041670063e-01
3.895259206955224984e-01
3.895875137874242333e-01
3.896746195841492288e-01
3.897362126787798919e-01
3.898849115664969611e-01
3.900336104560331862e-01
3.900952035497542991e-01
3.901823093455695779e-01
3.902439024374712573e-01
3.903926013270077044e-01
3.904541944207287063e-01
3.905413002174536463e-01
3.906028933084457755e-01
3.907515921998013786e-01
3.909002910884280535e-01
3.909618841830586611e-01
3.910489899781917633e-01
3.911105830707757858e-01
3.912592819603121219e-01
3.913208750540331238e-01
3.914079808498484581e-01
3.914695739417501930e-01
3.916182728312866401e-01
3.916798659250075865e-01
3.917669717217324710e-01
3.918285648127245446e-01
3.919156706108140042e-01
3.919772637040802032e-01
3.921259625936165394e-01
3.921875556873375968e-01
3.922746614826979616e-01
3.923362545750546659e-01
3.924849534645908911e-01
3.925465465583120594e-01
3.926336523541272827e-01
3.926952454460290731e-01
3.928439443373846207e-01
3.929926432260113511e-01
3.930542363170034803e-01
3.931413421153202581e-01
3.932029352083591389e-01
3.933516340978953640e-01
3.934132271916163659e-01
3.935003329869768973e-01
3.935619260793334906e-01
3.937106249688698267e-01
3.938593238584062184e-01
3.939209169503078978e-01
3.940080227479424435e-01
3.940696158416633899e-01
3.942183147293805701e-01
3.942799078249208389e-01
3.943670136198265119e-01
3.944286067126379081e-01
3.945773056021742442e-01
3.946388986958953016e-01
3.947260044917104693e-01
3.947875975836123152e-01
3.949362964731486514e-01
3.950849953626849875e-01
3.951465884545867779e-01
3.952336942522213237e-01
3.952952873459423255e-01
3.954439862354787727e-01
3.955055793291997190e-01
3.955926851241053366e-01
3.956542782169168437e-01
3.958029771064530689e-01
3.959516759959894050e-01
3.960132690878911954e-01
3.961003748850709938e-01
3.961619679774275316e-01
3.963106668669639232e-01
3.963722599588656026e-01
3.964593657569549512e-01
3.965209588502212057e-01
3.966696577397575418e-01
3.967312508334785437e-01
3.968183566283842167e-01
3.968799497211956129e-01
3.969670555178779203e-01
3.970286486107319490e-01
3.971773475002682852e-01
3.972389405921701311e-01
3.973260463893497629e-01
3.973876394817063562e-01
3.975363383712426923e-01
3.975979314631444828e-01
3.976850372607790285e-01
3.977466303545000303e-01
3.978953292440364220e-01
3.980440281326630414e-01
3.981056212254743820e-01
3.981927270221993775e-01
3.982543201150107737e-01
3.984030190045471098e-01
3.984646120964489002e-01
3.985517178940835015e-01
3.986133109878044478e-01
3.987620098755214615e-01
3.989107087659675144e-01
3.989723018587789105e-01
3.990594076550489921e-01
3.991210007483151911e-01
3.992696996378515273e-01
3.993312927297533177e-01
3.994183985264781467e-01
3.994799916211089763e-01
3.996286905088259345e-01
3.996902836007278359e-01
3.997773893983622706e-01
3.998389824920833280e-01
3.999876813798003972e-01
4.001363802702463945e-01
4.001979733630577352e-01
4.002850791593278168e-01
4.003466722525939603e-01
4.004953711421304074e-01
4.005569642340321423e-01
4.006440700307570824e-01
4.007056631253877454e-01
4.008543620131048146e-01
4.010030609026410398e-01
4.010646539963621526e-01
4.011517597921774314e-01
4.012133528858984888e-01
4.013620517736155580e-01
4.014236448673366153e-01
4.015107506640614998e-01
4.015723437550536845e-01
4.017210426464092321e-01
4.017826357383110225e-01
4.018697415359455682e-01
4.019313346296665146e-01
4.020800335173836393e-01
4.022287324069199754e-01
4.022903255006410328e-01
4.023774312964563116e-01
4.024390243901773689e-01
4.025877232797135941e-01
4.026493163716154400e-01
4.027364221683403800e-01
4.027980152629710431e-01
4.029467141506881123e-01
4.030954130402243929e-01
4.031570061339454503e-01
4.032441119293058152e-01
4.033057050216625194e-01
4.034544039111987446e-01
4.035159970049199685e-01
4.036031028011899946e-01
4.036646958926369266e-01
4.038133947839925297e-01
4.038749878758943201e-01
4.039620936726192046e-01
4.040236867672498677e-01
4.041107925620418539e-01
4.041723856549669924e-01
4.043210845445032731e-01
4.043826776382242194e-01
4.044697834335847508e-01
4.045313765259413441e-01
4.046800754154776802e-01
4.047416685091987376e-01
4.048287743050140719e-01
4.048903673969158068e-01
4.050390662882712989e-01
4.051877651768980848e-01
4.052493582715287479e-01
4.053364640664343654e-01
4.053980571592457616e-01
4.055467560487820977e-01
4.056083491425031551e-01
4.056954549383183783e-01
4.057570480302202243e-01
4.059057469197565604e-01
4.060544458102025023e-01
4.061160389011946314e-01
4.062031446991702932e-01
4.062647377925502346e-01
4.064134366820866262e-01
4.064750297758075726e-01
4.065621355707132456e-01
4.066237286635245862e-01
4.067724275530609779e-01
4.068340206467819797e-01
4.069211264425972585e-01
4.069827195344990489e-01
4.071314184240353851e-01
4.072801173144812714e-01
4.073417104054734561e-01
4.074288162035628602e-01
4.074904092968290592e-01
4.076391081863653953e-01
4.077007012800864527e-01
4.077878070749920703e-01
4.078494001678034664e-01
4.079980990573398025e-01
4.081467979468761387e-01
4.082083910387779846e-01
4.082954968364124748e-01
4.083570899301334767e-01
4.085057888178505459e-01
4.085673819097523363e-01
4.086544877078416849e-01
4.087160808011079394e-01
4.088647796906443310e-01
4.089263727843652774e-01
4.090134785792709504e-01
4.090750716720822355e-01
4.091621774690915037e-01
4.092237705616186827e-01
4.093724694511549633e-01
4.094340625430567537e-01
4.095211683406914105e-01
4.095827614344123568e-01
4.097314603239486930e-01
4.097930534176698059e-01
4.098801592125753679e-01
4.099417523053867640e-01
4.100904511949231002e-01
4.102391500844594363e-01
4.103007431763611712e-01
4.103878489735409141e-01
4.104494420658975629e-01
4.105981409554338435e-01
4.106597340473356894e-01
4.107468398449701796e-01
4.108084329386911815e-01
4.109571318282275176e-01
4.111058307168543036e-01
4.111674238096655887e-01
4.112545296062768418e-01
4.113161226992018693e-01
4.114648215887382610e-01
4.115264146806400514e-01
4.116135204778197942e-01
4.116751135719955990e-01
4.118238124597126681e-01
4.118854055516144586e-01
4.119725113492489488e-01
4.120341044429700617e-01
4.121828033325063423e-01
4.123315022211330727e-01
4.123930953139444688e-01
4.124802011106693533e-01
4.125417942034808050e-01
4.126904930930171966e-01
4.127520861849188760e-01
4.128391919825534218e-01
4.129007850762743681e-01
4.130494839639915483e-01
4.131981828544374902e-01
4.132597759472488863e-01
4.133468817434052811e-01
4.134084748367852225e-01
4.135571737263214476e-01
4.136187668182232935e-01
4.137058726149482335e-01
4.137674657095788966e-01
4.139161645972959658e-01
4.139777576891977562e-01
4.140648634868323019e-01
4.141264565805533038e-01
4.142135623761292185e-01
4.142751554682703730e-01
4.144238543587163148e-01
4.144854474515278220e-01
4.145725532477978481e-01
4.146341463410640471e-01
4.147828452306003832e-01
4.148444383225021737e-01
4.149315441192270582e-01
4.149931372138577212e-01
4.151418361015749015e-01
4.152905349911111266e-01
4.153521280848320729e-01
4.154392338806474627e-01
4.155008269725492531e-01
4.156495258620855338e-01
4.157111189558065911e-01
4.157982247520767838e-01
4.158598178435236603e-01
4.160085167348791524e-01
4.161572156235059383e-01
4.162188087181366014e-01
4.163059145132696481e-01
4.163675076058536706e-01
4.165162064953900067e-01
4.165777995891110086e-01
4.166649053849262319e-01
4.167264984768280778e-01
4.168751973663644139e-01
4.169367904600853603e-01
4.170238962568103558e-01
4.170854893478024850e-01
4.172341882391580881e-01
4.173828871286944797e-01
4.174444802224154261e-01
4.175315860177759020e-01
4.175931791101324397e-01
4.177418779996688314e-01
4.178034710933898888e-01
4.178905768892051675e-01
4.179521699811069579e-01
4.181008688724625055e-01
4.182495677610891249e-01
4.183111608557199546e-01
4.183982666503981429e-01
4.184598597434369127e-01
4.186085586329732489e-01
4.186701517266943062e-01
4.187572575220547821e-01
4.188188506144113754e-01
4.189675495039476560e-01
4.190291425976687134e-01
4.191162483934839922e-01
4.191778414853858381e-01
4.193265403767413857e-01
4.194752392653680606e-01
4.195368323599987237e-01
4.196239381549044523e-01
4.196855312477157929e-01
4.198342301372520180e-01
4.198958232309731309e-01
4.199829290267884097e-01
4.200445221186901446e-01
4.201932210082265362e-01
4.203419198977628723e-01
4.204035129896646072e-01
4.204906187875265267e-01
4.205522118810202103e-01
4.207009107705565465e-01
4.207625038642776594e-01
4.208496096591832214e-01
4.209112027519946175e-01
4.210599016415309537e-01
4.211214947352520110e-01
4.212086005310672898e-01
4.212701936229690802e-01
4.213572994203193534e-01
4.214188925125054719e-01
4.215675914020416970e-01
4.216291844939435429e-01
4.217162902920328360e-01
4.217778833852990905e-01
4.219265822748353711e-01
4.219881753685564285e-01
4.220752811634621571e-01
4.221368742562734977e-01
4.222855731458097228e-01
4.224342720353461145e-01
4.224958651272479049e-01
4.225829709246550214e-01
4.226445640167842410e-01
4.227932629063205772e-01
4.228548559982223121e-01
4.229419617963116051e-01
4.230035548895779707e-01
4.231522537791142513e-01
4.233009526677409262e-01
4.233625457605523223e-01
4.234496515575046360e-01
4.235112446500886585e-01
4.236599435396250501e-01
4.237215366315267850e-01
4.238086424291613308e-01
4.238702355228822771e-01
4.240189344105994018e-01
4.240805275061397261e-01
4.241676333010453437e-01
4.242292263938567398e-01
4.243779252833930760e-01
4.245266241729293566e-01
4.245882172648312025e-01
4.246753230617835162e-01
4.247369161543674831e-01
4.248856150439038193e-01
4.249472081358056097e-01
4.250343139334401554e-01
4.250959070271612128e-01
4.252446059166974934e-01
4.253933048053242238e-01
4.254548978981356755e-01
4.255420036946331308e-01
4.256035967876719561e-01
4.257522956772082368e-01
4.258138887691100272e-01
4.259009945662897700e-01
4.259625876604656303e-01
4.261112865481827550e-01
4.261728796400844343e-01
4.262599854377189801e-01
4.263215785314400375e-01
4.264086843273547922e-01
4.264702774209763736e-01
4.266189763096030485e-01
4.266805694024144446e-01
4.267676751991392736e-01
4.268292682919507808e-01
4.269779671814871169e-01
4.270395602733889073e-01
4.271266660710234531e-01
4.271882591647444549e-01
4.273369580524615241e-01
4.274856569419978602e-01
4.275472500357189176e-01
4.276343558317615701e-01
4.276959489252553093e-01
4.278446478147915344e-01
4.279062409066932138e-01
4.279933467034182093e-01
4.280549397980488724e-01
4.282036386857659416e-01
4.283523375753023332e-01
4.284139306690233351e-01
4.285010364644974978e-01
4.285626295567402932e-01
4.287113284462766849e-01
4.287729215399977423e-01
4.288600273362678239e-01
4.289216204277148115e-01
4.290703193190703590e-01
4.291319124109721495e-01
4.292190182076969784e-01
4.292806113023278081e-01
4.294293101900448217e-01
4.295780090795811579e-01
4.296396021733021597e-01
4.297267079688900648e-01
4.297883010610192289e-01
4.299369999505555651e-01
4.299985930442765669e-01
4.300856988410015069e-01
4.301472919319937471e-01
4.302959908233492392e-01
4.304446897119759141e-01
4.305062828066065772e-01
4.305933886016259371e-01
4.306549816943236464e-01
4.308036805838599270e-01
4.308652736775810399e-01
4.309523794733963187e-01
4.310139725652979981e-01
4.311626714548343897e-01
4.312242645485554471e-01
4.313113703452803316e-01
4.313729634362725163e-01
4.315216623276280639e-01
4.316703612162547943e-01
4.317319543108855129e-01
4.318190601062459333e-01
4.318806531986025266e-01
4.320293520881388072e-01
4.320909451818598646e-01
4.321780509776751433e-01
4.322396440695769337e-01
4.323883429609324258e-01
4.325370418495592117e-01
4.325986349405512854e-01
4.326857407388681187e-01
4.327473338319069440e-01
4.328960327214432802e-01
4.329576258151642820e-01
4.330447316105248690e-01
4.331063247028813512e-01
4.332550235924175763e-01
4.333166166861388002e-01
4.334037224819540235e-01
4.334653155738557584e-01
4.335524213715472031e-01
4.336140144652113615e-01
4.337627133529284307e-01
4.338243064484686995e-01
4.339114122433743725e-01
4.339730053361858797e-01
4.341217042257221048e-01
4.341832973194430512e-01
4.342704031152584410e-01
4.343319962071602314e-01
4.344806950966965120e-01
4.346293939862329037e-01
4.346909870781346386e-01
4.347780928759965580e-01
4.348396859694901306e-01
4.349883848590265223e-01
4.350499779527475797e-01
4.351370837476532527e-01
4.351986768404646488e-01
4.353473757300009295e-01
4.354960746195372101e-01
4.355576677114390560e-01
4.356447735087324857e-01
4.357063666009753922e-01
4.358550654905117283e-01
4.359166585824134632e-01
4.360037643805028118e-01
4.360653574737690663e-01
4.362140563633054580e-01
4.362756494570264043e-01
4.363627552519320774e-01
4.364243483447435845e-01
4.365730472342798096e-01
4.367217461238161458e-01
4.367833392157178807e-01
4.368704450128976235e-01
4.369320381052542168e-01
4.370807369947906085e-01
4.371423300866923434e-01
4.372294358843268891e-01
4.372910289780478910e-01
4.374397278675842271e-01
4.375884267562109020e-01
4.376500198490223537e-01
4.377371256457471826e-01
4.377987187385586343e-01
4.379474176280949704e-01
4.380090107199967608e-01
4.380961165176313066e-01
4.381577096113523639e-01
4.383064084990693776e-01
4.383680015909711680e-01
4.384551073895153750e-01
4.385167004823267711e-01
4.386038062785684311e-01
4.386653993718631628e-01
4.388140982613993879e-01
4.388756913533011228e-01
4.389627971500261183e-01
4.390243902428375145e-01
4.391730891323738506e-01
4.392346822242755855e-01
4.393217880219102423e-01
4.393833811156311886e-01
4.395320800033481468e-01
4.396807788937941996e-01
4.397423719866055958e-01
4.398294777828757329e-01
4.398910708761419319e-01
4.400397697656782681e-01
4.401013628575800585e-01
4.401884686547596903e-01
4.402500617489357171e-01
4.403987606366526752e-01
4.405474595261890114e-01
4.406090526199100132e-01
4.406961584157253475e-01
4.407577515094463494e-01
4.409064503971634186e-01
4.409680434908844759e-01
4.410551492876093604e-01
4.411167423786016006e-01
4.412654412699570927e-01
4.413270343618588276e-01
4.414141401594934289e-01
4.414757332532144862e-01
4.416244321409315554e-01
4.417731310304677805e-01
4.418347241241888934e-01
4.419218299202316014e-01
4.419834230137252296e-01
4.421321219032615102e-01
4.421937149951633006e-01
4.422808207918882406e-01
4.423424138865189037e-01
4.424911127742359729e-01
4.426398116637722535e-01
4.427014047574932554e-01
4.427885105528537868e-01
4.428501036452103801e-01
4.429988025347467162e-01
4.430603956284677181e-01
4.431475014247378552e-01
4.432090945161847872e-01
4.433577934075402793e-01
4.434193864994421808e-01
4.435064922961670653e-01
4.435680853907977284e-01
4.437167842785147975e-01
4.438654831680511337e-01
4.439270762617721910e-01
4.440141820571325559e-01
4.440757751494892047e-01
4.442244740390254854e-01
4.442860671327466537e-01
4.443731729285618770e-01
4.444347660204636674e-01
4.445834649118192150e-01
4.447321638004459454e-01
4.447937568950766085e-01
4.448808626899822261e-01
4.449424557827937332e-01
4.450911546723299583e-01
4.451527477660509602e-01
4.452398535618662945e-01
4.453014466537680849e-01
4.454501455433044210e-01
4.455988444337504184e-01
4.456604375247424921e-01
4.457475433227749972e-01
4.458091364160979841e-01
4.459578353056344313e-01
4.460194283993554332e-01
4.461065341942611062e-01
4.461681272870725024e-01
4.463168261766088385e-01
4.463784192703298404e-01
4.464655250661450636e-01
4.465271181580469095e-01
4.466758170475832457e-01
4.468245159380291875e-01
4.468861090290213722e-01
4.469732148271107208e-01
4.470348079203769198e-01
4.471835068099133115e-01
4.472450999036343133e-01
4.473322056985399309e-01
4.473937987913514380e-01
4.475424976808876631e-01
4.476911965704239993e-01
4.477527896623257897e-01
4.478398954599603909e-01
4.479014885536813373e-01
4.480501874413985175e-01
4.481117805333001969e-01
4.481988863313895455e-01
4.482604794246558000e-01
4.484091783141920806e-01
4.484707714079131380e-01
4.485578772028188110e-01
4.486194702956302072e-01
4.487681691851665433e-01
4.489168680747028239e-01
4.489784611666047254e-01
4.490655669642391601e-01
4.491271600579602175e-01
4.492758589474965536e-01
4.493374520412175555e-01
4.494245578361232285e-01
4.494861509289346246e-01
4.496348498184710163e-01
4.497835487080072969e-01
4.498451417999089763e-01
4.499322475970887747e-01
4.499938406894453680e-01
4.501425395789817041e-01
4.502041326708834945e-01
4.502912384685180958e-01
4.503528315622390421e-01
4.505015304517753782e-01
4.505631235454964911e-01
4.506502293404020532e-01
4.507118224332135048e-01
4.507989282297962808e-01
4.508605213227497854e-01
4.510092202122861216e-01
4.510708133041879120e-01
4.511579191013676549e-01
4.512195121955435706e-01
4.513682110832605288e-01
4.514298041751624302e-01
4.515169099727968649e-01
4.515785030665179223e-01
4.517272019560542584e-01
4.518759008446809888e-01
4.519374939374923295e-01
4.520245997342172695e-01
4.520861928270285546e-01
4.522348917165650017e-01
4.522964848084667366e-01
4.523835906061012824e-01
4.524451836998223397e-01
4.525938825875394089e-01
4.527425814779852953e-01
4.528041745707967469e-01
4.528912803669531417e-01
4.529528734603330831e-01
4.531015723498694192e-01
4.531631654417712096e-01
4.532502712384960941e-01
4.533118643331267572e-01
4.534605632208438264e-01
4.535221563127456168e-01
4.536092621103801625e-01
4.536708552041011089e-01
4.538195540918182336e-01
4.539682529822641754e-01
4.540298460750756271e-01
4.541169518713457642e-01
4.541785449646119077e-01
4.543272438541481884e-01
4.543888369460500343e-01
4.544759427427749188e-01
4.545375358374056374e-01
4.546862347251226510e-01
4.548349336146589872e-01
4.548965267083800446e-01
4.549836325041952678e-01
4.550452255960971137e-01
4.551939244856333389e-01
4.552555175793545628e-01
4.553426233756245334e-01
4.554042164670715209e-01
4.555529153584271240e-01
4.556145084503288589e-01
4.557016142470537989e-01
4.557632073416844620e-01
4.558503131368316641e-01
4.559119062294015867e-01
4.560606051189378674e-01
4.561221982126588137e-01
4.562093040084741480e-01
4.562708971021952054e-01
4.564195959899122745e-01
4.564811890836333319e-01
4.565682948803583274e-01
4.566298879713503456e-01
4.567785868627058932e-01
4.569272857522422848e-01
4.569888788459632867e-01
4.570759846413237626e-01
4.571375777336803559e-01
4.572862766232166920e-01
4.573478697169377494e-01
4.574349755127529171e-01
4.574965686046548186e-01
4.576452674960103661e-01
4.577939663846370966e-01
4.578555594792677597e-01
4.579426652740028469e-01
4.580042583669848288e-01
4.581529572565212205e-01
4.582145503502421668e-01
4.583016561456026428e-01
4.583632492379591250e-01
4.585119481274955722e-01
4.585735412212165740e-01
4.586606470170318528e-01
4.587222401089336432e-01
4.588709390002892463e-01
4.590196378889158657e-01
4.590812309835466953e-01
4.591683367784522574e-01
4.592299298712636535e-01
4.593786287607999896e-01
4.594402218545209915e-01
4.595273276503363258e-01
4.595889207422380607e-01
4.597376196317743968e-01
4.598863185213107330e-01
4.599479116132125789e-01
4.600350174110744428e-01
4.600966105045680710e-01
4.602453093941044071e-01
4.603069024878254645e-01
4.603940082827310820e-01
4.604556013755424781e-01
4.606043002650789253e-01
4.606658933587998717e-01
4.607529991546151504e-01
4.608145922465168298e-01
4.609632911360532215e-01
4.611119900264992189e-01
4.611735831174913480e-01
4.612606889155806411e-01
4.613222820088469511e-01
4.614709808983832318e-01
4.615325739921043446e-01
4.616196797870099622e-01
4.616812728798213583e-01
4.618299717693576945e-01
4.619786706588939751e-01
4.620402637507957655e-01
4.621273695482029376e-01
4.621889626403321572e-01
4.623376615298684378e-01
4.623992546217702837e-01
4.624863604198595768e-01
4.625479535131257758e-01
4.626966524026621119e-01
4.627582454963831138e-01
4.628453512912888979e-01
4.629069443841001830e-01
4.629940501809956532e-01
4.630556432736364636e-01
4.632043421631728553e-01
4.632659352550746457e-01
4.633530410527091914e-01
4.634146341464301933e-01
4.635633330341472624e-01
4.636249261296875868e-01
4.637120319245931488e-01
4.637736250174046559e-01
4.639223239069409366e-01
4.640710227964772727e-01
4.641326158883790631e-01
4.642197216853313768e-01
4.642813147779153993e-01
4.644300136674517909e-01
4.644916067593534703e-01
4.645787125569880160e-01
4.646403056507089624e-01
4.647890045402453540e-01
4.649377034288720845e-01
4.649992965216834806e-01
4.650864023181810469e-01
4.651479954112198167e-01
4.652966943007560419e-01
4.653582873926578878e-01
4.654453931898376307e-01
4.655069862840134909e-01
4.656556851717305601e-01
4.657172782636323505e-01
4.658043840612668962e-01
4.658659771549878981e-01
4.660146760445242342e-01
4.661633749331509091e-01
4.662249680259624163e-01
4.663120738226872453e-01
4.663736669154986414e-01
4.665223658050349775e-01
4.665839588969367679e-01
4.666710646945713137e-01
4.667326577882923155e-01
4.668813566760094957e-01
4.670300555655457209e-01
4.670916486592666672e-01
4.671787544553094307e-01
4.672403475488030589e-01
4.673890464383393950e-01
4.674506395302411854e-01
4.675377453269661809e-01
4.675993384215967885e-01
4.677480373093137467e-01
4.678096304012155926e-01
4.678967361988501383e-01
4.679583292925711957e-01
4.680454350880453585e-01
4.681070281802882649e-01
4.682557270698245455e-01
4.683173201635456029e-01
4.684044259598156845e-01
4.684660190530819945e-01
4.686147179426182752e-01
4.686763110345199546e-01
4.687634168312449501e-01
4.688250099258756132e-01
4.689737088135926824e-01
4.691224077031290740e-01
4.691840007968500204e-01
4.692711065924379255e-01
4.693326996845670340e-01
4.694813985741034257e-01
4.695429916678244830e-01
4.696300974640945647e-01
4.696916905555414967e-01
4.698403894468970998e-01
4.699890883355237192e-01
4.700506814301545488e-01
4.701377872251737977e-01
4.701993803178715070e-01
4.703480792074078431e-01
4.704096723011289005e-01
4.704967780969441793e-01
4.705583711888459697e-01
4.707070700783822503e-01
4.707686631721033077e-01
4.708557689688282477e-01
4.709173620598204324e-01
4.710660609511759245e-01
4.712147598398026549e-01
4.712763529344333180e-01
4.713634587295664757e-01
4.714250518221503872e-01
4.715737507116866123e-01
4.716353438054077252e-01
4.717224496012230039e-01
4.717840426931247388e-01
4.719327415844803975e-01
4.720814404731070724e-01
4.721430335640992015e-01
4.722301393623022925e-01
4.722917324554548046e-01
4.724404313449911408e-01
4.725020244387122537e-01
4.725891302340726186e-01
4.726507233264292118e-01
4.727994222159655480e-01
4.728610153096866053e-01
4.729481211055018841e-01
4.730097141974036190e-01
4.731584130887593331e-01
4.733071119773858970e-01
4.733687050720166156e-01
4.734558108669222332e-01
4.735174039597336293e-01
4.736661028492699654e-01
4.737276959429910228e-01
4.738148017388063571e-01
4.738763948307080920e-01
4.740250937202443171e-01
4.741737926097807088e-01
4.742353857016824992e-01
4.743224914995444741e-01
4.743840845930381023e-01
4.745327834825743829e-01
4.745943765762954403e-01
4.746814823712011133e-01
4.747430754640125650e-01
4.748917743535488456e-01
4.749533674472697919e-01
4.750404732430851262e-01
4.751020663349869166e-01
4.751891721322235029e-01
4.752507652245232528e-01
4.753994641140596444e-01
4.754610572059613238e-01
4.755481630040507279e-01
4.756097560973168714e-01
4.757584549868532631e-01
4.758200480805742649e-01
4.759071538754799380e-01
4.759687469682913341e-01
4.761174458578276703e-01
4.762661447473638954e-01
4.763277378392657968e-01
4.764148436366729134e-01
4.764764367288020774e-01
4.766251356183384136e-01
4.766867287102402040e-01
4.767738345078747497e-01
4.768354276015957516e-01
4.769841264911321987e-01
4.771328253797588181e-01
4.771944184725702698e-01
4.772815242694088966e-01
4.773431173621065504e-01
4.774918162516428310e-01
4.775534093435446215e-01
4.776405151411792227e-01
4.777021082349002246e-01
4.778508071226173493e-01
4.779124002145190286e-01
4.779995060130632356e-01
4.780610991058746317e-01
4.782097979954109679e-01
4.783584968840376428e-01
4.784200899768490389e-01
4.785071957735738679e-01
4.785687888663853751e-01
4.787174877559217112e-01
4.787790808478234461e-01
4.788661866454579918e-01
4.789277797391790492e-01
4.790764786268961184e-01
4.792251775173420603e-01
4.792867706101534564e-01
4.793738764064235935e-01
4.794354694996899036e-01
4.795841683892261287e-01
4.796457614811278081e-01
4.797328672783076065e-01
4.797944603724834667e-01
4.799431592602005359e-01
4.800047523521023263e-01
4.800918581497369275e-01
4.801534512434579294e-01
4.802405570392732082e-01
4.803021501329941545e-01
4.804508490207112792e-01
4.805124421144323366e-01
4.805995479111572211e-01
4.806611410021494057e-01
4.808098398935049533e-01
4.808714329854067437e-01
4.809585387830412895e-01
4.810201318767624024e-01
4.811688307644794160e-01
4.813175296540156967e-01
4.813791227477367540e-01
4.814662285437794620e-01
4.815278216372730902e-01
4.816765205268094818e-01
4.817381136187111612e-01
4.818252194154361012e-01
4.818868125100667088e-01
4.820355113977838335e-01
4.821842102873201696e-01
4.822458033810411715e-01
4.823329091764017584e-01
4.823945022687582407e-01
4.825432011582944658e-01
4.826047942520155787e-01
4.826919000482857158e-01
4.827534931397325924e-01
4.829021920310882510e-01
4.829637851229900414e-01
4.830508909197149259e-01
4.831124840143455890e-01
4.832611829020626582e-01
4.834098817915989943e-01
4.834714748853199406e-01
4.835585806809079013e-01
4.836201737730371208e-01
4.837688726625734015e-01
4.838304657562944588e-01
4.839175715521097376e-01
4.839791646440115280e-01
4.841278635353670201e-01
4.842765624239938060e-01
4.843381555186244691e-01
4.844252613135301422e-01
4.844868544063415383e-01
4.846355532958778189e-01
4.846971463895988763e-01
4.847842521854140996e-01
4.848458452773159455e-01
4.849945441668521706e-01
4.850561372605733945e-01
4.851432430572982235e-01
4.852048361482903527e-01
4.852919419463085915e-01
4.853535350396459558e-01
4.855022339282726307e-01
4.855638270229032938e-01
4.856509328178089668e-01
4.857125259106204740e-01
4.858612248001566991e-01
4.859228178938776455e-01
4.860099236896930353e-01
4.860715167815947702e-01
4.862202156711311063e-01
4.863689145615771592e-01
4.864305076525692328e-01
4.865176134506585814e-01
4.865792065439247249e-01
4.867279054334611166e-01
4.867894985271821739e-01
4.868766043225426499e-01
4.869381974148992431e-01
4.870868963044355238e-01
4.872355951939718044e-01
4.872971882858736503e-01
4.873842940834513526e-01
4.874458871772292534e-01
4.875945860649462671e-01
4.876561791568480575e-01
4.877432849549374061e-01
4.878048780482036606e-01
4.879535769377400523e-01
4.880151700314609986e-01
4.881022758263666717e-01
4.881638689191781233e-01
4.883125678087144039e-01
4.884612666982507401e-01
4.885228597901524750e-01
4.886099655877871317e-01
4.886715586815080781e-01
4.888202575710443032e-01
4.888818506647654161e-01
4.889689564596710891e-01
4.890305495524824853e-01
4.891792484420188214e-01
4.893279473315551575e-01
4.893895404234569479e-01
4.894766462206365798e-01
4.895382393129932286e-01
4.896869382025295647e-01
4.897485312944313551e-01
4.898356370920659009e-01
4.898972301857869027e-01
4.900459290753232389e-01
4.901075221690442962e-01
4.901946279639499138e-01
4.902562210567613654e-01
4.904049199462977571e-01
4.905536188358339822e-01
4.906152119277357171e-01
4.907023177249155155e-01
4.907639108172721087e-01
4.909126097068083894e-01
4.909742027987101798e-01
4.910613085963448365e-01
4.911229016900657829e-01
4.912716005796021190e-01
4.914202994682287939e-01
4.914818925610401901e-01
4.915689983577651301e-01
4.916305914505765262e-01
4.917792903401128624e-01
4.918408834320145973e-01
4.919279892296491430e-01
4.919895823233702559e-01
4.921382812110872695e-01
4.921998743029891155e-01
4.922869801015332114e-01
4.923485731943446075e-01
4.924356789905010023e-01
4.924972720838809437e-01
4.926459709734173353e-01
4.927075640653190702e-01
4.927946698620439547e-01
4.928562629566745623e-01
4.930049618443916870e-01
4.930665549362933664e-01
4.931536607339280232e-01
4.932152538276490805e-01
4.933639527153660942e-01
4.935126516058119805e-01
4.935742446986234877e-01
4.936613504948935693e-01
4.937229435881598238e-01
4.938716424776961045e-01
4.939332355695978949e-01
4.940203413667776378e-01
4.940819344609534980e-01
4.942306333486705672e-01
4.943793322382068478e-01
4.944409253319278497e-01
4.945280311276295526e-01
4.945896242196449744e-01
4.947383231091813105e-01
4.947999162029023124e-01
4.948870219991725050e-01
4.949486150906193815e-01
4.950973139819748736e-01
4.951589070738767751e-01
4.952460128706016596e-01
4.953076059652323226e-01
4.954563048529493918e-01
4.956050037424857280e-01
4.956665968362067298e-01
4.957537026320219531e-01
4.958152957257430660e-01
4.959639946134600796e-01
4.960255877071812480e-01
4.961126935039060770e-01
4.961742865948982617e-01
4.963229854862538093e-01
4.964716843757901454e-01
4.965332774695112028e-01
4.966203832648716232e-01
4.966819763572283275e-01
4.968306752467645526e-01
4.968922683404854990e-01
4.969793741363008888e-01
4.970409672282026792e-01
4.971896661195582268e-01
4.972512592114600172e-01
4.973383650081850127e-01
4.973999581028156203e-01
4.974870638975222858e-01
4.975486569905325784e-01
4.976973558800689701e-01
4.977589489737900275e-01
4.978460547691505034e-01
4.979076478615070966e-01
4.980563467510434328e-01
4.981179398447644346e-01
4.982050456405796579e-01
4.982666387324815038e-01
4.984153376238371069e-01
4.985640365124637818e-01
4.986256296070944449e-01
4.987127354020001180e-01
4.987743284948115141e-01
4.989230273843479058e-01
4.989846204780689076e-01
4.990717262734293280e-01
4.991333193657860323e-01
4.992820182553222574e-01
4.994307171448585936e-01
4.994923102367603840e-01
4.995794160346791468e-01
4.996410091281159316e-01
4.997897080176522122e-01
4.998513011113733806e-01
4.999384069062789426e-01
4.999999999990903943e-01
5.001486988886266749e-01
5.002102919823476768e-01
5.002973977781630666e-01
5.003589908700647459e-01
5.005076897596011376e-01
5.006563886500470240e-01
5.007179817410392086e-01
5.008050875391285572e-01
5.008666806323948117e-01
5.010153795219310924e-01
5.010769726156522053e-01
5.011640784105577673e-01
5.012256715033692744e-01
5.013743703929055551e-01
5.015230692824418357e-01
5.015846623743436261e-01
5.016717681718644295e-01
5.017333612638800178e-01
5.018820601534162984e-01
5.019436532453180888e-01
5.020307590434074374e-01
5.020923521366736919e-01
5.022410510262099725e-01
5.023026441199309744e-01
5.023897499148366474e-01
5.024513430076480436e-01
5.026000418971844352e-01
5.027487407867207159e-01
5.028103338786225063e-01
5.028974396762569965e-01
5.029590327699781094e-01
5.031077316576951786e-01
5.031693247532353919e-01
5.032564305481410649e-01
5.033180236409524611e-01
5.034667225304888527e-01
5.036154214200251333e-01
5.036770145119269237e-01
5.037641203088792929e-01
5.038257134014632044e-01
5.039744122909995960e-01
5.040360053829013864e-01
5.041231111805358767e-01
5.041847042742568785e-01
5.043334031637932702e-01
5.043949962575142720e-01
5.044821020524199451e-01
5.045436951452313412e-01
5.046308009417288520e-01
5.046923940347676218e-01
5.048410929243040135e-01
5.049026860162058039e-01
5.049897918133855468e-01
5.050513849075614070e-01
5.052000837952783652e-01
5.052616768871801556e-01
5.053487826848147568e-01
5.054103757785357587e-01
5.055590746680721503e-01
5.057077735566988252e-01
5.057693666495102214e-01
5.058564724462351059e-01
5.059180655390465020e-01
5.060667644285828937e-01
5.061283575204845731e-01
5.062154633176643159e-01
5.062770564118401762e-01
5.064257552995572453e-01
5.065744541890936370e-01
5.066360472828146388e-01
5.067231530788572913e-01
5.067847461723509195e-01
5.069334450618873111e-01
5.069950381537891015e-01
5.070821439505139860e-01
5.071437370451445936e-01
5.072924359328616628e-01
5.073540290247634532e-01
5.074411348223980545e-01
5.075027279161190563e-01
5.076514268038361255e-01
5.078001256942820119e-01
5.078617187870935190e-01
5.079488245833635451e-01
5.080104176766297996e-01
5.081591165661660803e-01
5.082207096580678707e-01
5.083078154547928662e-01
5.083694085494234738e-01
5.085181074371405430e-01
5.086668063266768236e-01
5.087283994203979365e-01
5.088155052159857306e-01
5.088770983081150057e-01
5.090257971976512863e-01
5.090873902913722882e-01
5.091744960876424253e-01
5.092360891790893573e-01
5.093847880704449604e-01
5.094463811623467508e-01
5.095334869590716353e-01
5.095950800537023540e-01
5.096821858487501355e-01
5.097437789414194231e-01
5.098924778309557038e-01
5.099540709246767056e-01
5.100411767204919844e-01
5.101027698123937748e-01
5.102514687019301665e-01
5.103130617956511683e-01
5.104001675923760528e-01
5.104617606833682375e-01
5.106104595747238406e-01
5.107591584633505155e-01
5.108207515579811231e-01
5.109078573531142808e-01
5.109694504456981923e-01
5.111181493352345839e-01
5.111797424289555858e-01
5.112668482247708646e-01
5.113284413166726550e-01
5.114771402080282581e-01
5.116258390966549330e-01
5.116874321876471177e-01
5.117745379858501531e-01
5.118361310790027208e-01
5.119848299685390014e-01
5.120464230622600033e-01
5.121335288576205347e-01
5.121951219499770724e-01
5.123438208395134641e-01
5.124054139332344660e-01
5.124925197290497447e-01
5.125541128209515351e-01
5.127028117123071382e-01
5.128515106009338131e-01
5.129131036955644207e-01
5.130002094902427201e-01
5.130618025832814899e-01
5.132105014728178816e-01
5.132720945665388834e-01
5.133592003623541622e-01
5.134207934542559526e-01
5.135694923437922332e-01
5.137181912333286249e-01
5.137797843252304153e-01
5.138668901230922792e-01
5.139284832165859074e-01
5.140771821061222990e-01
5.141387751998433009e-01
5.142258809947489739e-01
5.142874740875603701e-01
5.144361729770966507e-01
5.144977660708177636e-01
5.145848718666330424e-01
5.146464649585348328e-01
5.147951638480711134e-01
5.149438627385171108e-01
5.150054558295091844e-01
5.150925616275985330e-01
5.151541547208647875e-01
5.153028536104010682e-01
5.153644467041221811e-01
5.154515524990278541e-01
5.155131455918392502e-01
5.156618444813755309e-01
5.158105433709118115e-01
5.158721364628136019e-01
5.159592422602208295e-01
5.160208353523499936e-01
5.161695342418862742e-01
5.162311273337880646e-01
5.163182331318774132e-01
5.163798262251436677e-01
5.165285251146799483e-01
5.166772240033066232e-01
5.167388170961180194e-01
5.168259228929567017e-01
5.168875159856544110e-01
5.170362148751906917e-01
5.170978079670924821e-01
5.171849137647270833e-01
5.172465068584480852e-01
5.173952057461651544e-01
5.174567988380669448e-01
5.175439046366110407e-01
5.176054977294225479e-01
5.177541966189588285e-01
5.179028955075855034e-01
5.179644886003968995e-01
5.180515943973492687e-01
5.181131874899332912e-01
5.182618863794695718e-01
5.183234794713713622e-01
5.184105852690058525e-01
5.184721783627269653e-01
5.186208772504440345e-01
5.187695761408899209e-01
5.188311692337013170e-01
5.189182750300851410e-01
5.189798681232377087e-01
5.191285670127739893e-01
5.191901601046757797e-01
5.192772659018555226e-01
5.193388589960313828e-01
5.194875578837484520e-01
5.195491509756502424e-01
5.196362567732847326e-01
5.196978498670057345e-01
5.198465487565421261e-01
5.199952476451688010e-01
5.200568407379801972e-01
5.201439465347050817e-01
5.202055396275164778e-01
5.203542385170528695e-01
5.204158316089546599e-01
5.205029374065891501e-01
5.205645305003101520e-01
5.207132293880272211e-01
5.208619282775636128e-01
5.209235213712846146e-01
5.210106271673272671e-01
5.210722202608208953e-01
5.212209191503572869e-01
5.212825122422590773e-01
5.213696180389839618e-01
5.214312111336146804e-01
5.215799100213316386e-01
5.216415031132334290e-01
5.217286089108680303e-01
5.217902020045890321e-01
5.218773077999779852e-01
5.219389008923061013e-01
5.220875997818423819e-01
5.221491928755634948e-01
5.222362986718335209e-01
5.222978917632805640e-01
5.224465906546361671e-01
5.225081837465378465e-01
5.225952895432628420e-01
5.226568826378934496e-01
5.228055815256105188e-01
5.229542804151469104e-01
5.230158735088679123e-01
5.231029793044558174e-01
5.231645723965849815e-01
5.233132712861212621e-01
5.233748643798423750e-01
5.234619701761124011e-01
5.235235632675593331e-01
5.236722621589149362e-01
5.238209610475416111e-01
5.238825541421723297e-01
5.239696599370780028e-01
5.240312530298893989e-01
5.241799519194256796e-01
5.242415450131467924e-01
5.243286508089620712e-01
5.243902439008638616e-01
5.245389427904001423e-01
5.246005358841211441e-01
5.246876416808461396e-01
5.247492347718382133e-01
5.248979336631938164e-01
5.250466325518204913e-01
5.251082256464512099e-01
5.251953314415842566e-01
5.252569245341682791e-01
5.254056234237045597e-01
5.254672165174255616e-01
5.255543223132408404e-01
5.256159154051426308e-01
5.257646142946790224e-01
5.259133131851249088e-01
5.259749062761170935e-01
5.260620120742064421e-01
5.261236051674726966e-01
5.262723040570089772e-01
5.263338971507299791e-01
5.264210029460905105e-01
5.264825960384470482e-01
5.266312949279834399e-01
5.266928880217044417e-01
5.267799938175197205e-01
5.268415869094215109e-01
5.269286927070062632e-01
5.269902858007771140e-01
5.271389846894037889e-01
5.272005777803959736e-01
5.272876835784853222e-01
5.273492766717514657e-01
5.274979755612878574e-01
5.275595686550088592e-01
5.276466744499145323e-01
5.277082675427259284e-01
5.278569664322622090e-01
5.280056653217986007e-01
5.280672584137003911e-01
5.281543642113348813e-01
5.282159573050559942e-01
5.283646561945922748e-01
5.284262492883132767e-01
5.285133550832189497e-01
5.285749481760303459e-01
5.287236470655667375e-01
5.288723459551030182e-01
5.289339390470048086e-01
5.290210448441845514e-01
5.290826379365410892e-01
5.292313368260774809e-01
5.292929299179791602e-01
5.293800357156137615e-01
5.294416288093347633e-01
5.295903276988711550e-01
5.296519207925921569e-01
5.297390265874978299e-01
5.298006196803092260e-01
5.299493185698455067e-01
5.300980174593818983e-01
5.301596105512836887e-01
5.302467163484633206e-01
5.303083094408199694e-01
5.304570083303562500e-01
5.305186014222580404e-01
5.306057072198926416e-01
5.306673003136136435e-01
5.308159992031499241e-01
5.309646980917767101e-01
5.310262911845881062e-01
5.311133969813129907e-01
5.311749900741243868e-01
5.313236889636606675e-01
5.313852820555624579e-01
5.314723878531970591e-01
5.315339809469180610e-01
5.316826798346351302e-01
5.317442729265369206e-01
5.318313787250811275e-01
5.318929718178925237e-01
5.320416707074288043e-01
5.321903695960554792e-01
5.322519626888668753e-01
5.323390684855918709e-01
5.324006615784032670e-01
5.325493604679395476e-01
5.326109535598413380e-01
5.326980593574758283e-01
5.327596524511969411e-01
5.329083513389140103e-01
5.330570502293598967e-01
5.331186433221712928e-01
5.332057491184414300e-01
5.332673422117076845e-01
5.334160411012439651e-01
5.334776341931457555e-01
5.335647399903254984e-01
5.336263330845013586e-01
5.337750319722184278e-01
5.338366250641202182e-01
5.339237308617547084e-01
5.339853239554758213e-01
5.340724297511773022e-01
5.341340228431927795e-01
5.342827217327291711e-01
5.343443148264501730e-01
5.344314206227203101e-01
5.344930137141672422e-01
5.346417126055228453e-01
5.347033056974246357e-01
5.347904114941495202e-01
5.348520045887802388e-01
5.350007034764973080e-01
5.351494023660335886e-01
5.352109954597545904e-01
5.352981012555698692e-01
5.353596943492909821e-01
5.355083932370080513e-01
5.355699863307290531e-01
5.356570921274539376e-01
5.357186852184461223e-01
5.358673841098017254e-01
5.360160829993380061e-01
5.360776760930590079e-01
5.361647818883058525e-01
5.362263749807760771e-01
5.363750738703124687e-01
5.364366669640334706e-01
5.365237727598487494e-01
5.365853658517505398e-01
5.367340647431061429e-01
5.367956578350079333e-01
5.368827636317328178e-01
5.369443567263634254e-01
5.370930556140804946e-01
5.372417545036168862e-01
5.373033475973378881e-01
5.373904533926984195e-01
5.374520464850549573e-01
5.376007453745912379e-01
5.376623384683123508e-01
5.377494442641276295e-01
5.378110373560294200e-01
5.379597362473849120e-01
5.381084351360116980e-01
5.381700282306423055e-01
5.382571340255479786e-01
5.383187271183593747e-01
5.384674260078956554e-01
5.385290191016167682e-01
5.386161248969771886e-01
5.386777179893338374e-01
5.388264168788701181e-01
5.388880099725911199e-01
5.389751157684065097e-01
5.390367088603081891e-01
5.391238146582270074e-01
5.391854077516637922e-01
5.393341066412001839e-01
5.393956997349211857e-01
5.394828055298268588e-01
5.395443986226382549e-01
5.396930975121745355e-01
5.397546906058956484e-01
5.398417964017109272e-01
5.399033894936126066e-01
5.400520883831489982e-01
5.402007872735948846e-01
5.402623803645870693e-01
5.403494861626764179e-01
5.404110792559426724e-01
5.405597781454789530e-01
5.406213712392000659e-01
5.407084770341056279e-01
5.407700701269171351e-01
5.409187690164534157e-01
5.410674679059896963e-01
5.411290609978914867e-01
5.412161667954124011e-01
5.412777598874278784e-01
5.414264587769641590e-01
5.414880518688659494e-01
5.415751576669552980e-01
5.416367507602215525e-01
5.417854496497578332e-01
5.418470427434788350e-01
5.419341485383845081e-01
5.419957416311959042e-01
5.421444405207322959e-01
5.422931394102685765e-01
5.423547325021703669e-01
5.424418382998048571e-01
5.425034313935259700e-01
5.426521302812430392e-01
5.427137233767832525e-01
5.428008291716889255e-01
5.428624222645003217e-01
5.430111211540367133e-01
5.431598200435729940e-01
5.432214131354747844e-01
5.433085189325408404e-01
5.433701120250110650e-01
5.435188109145474566e-01
5.435804040064492471e-01
5.436675098040837373e-01
5.437291028978047391e-01
5.438778017873411308e-01
5.439393948810621326e-01
5.440265006759678057e-01
5.440880937687792018e-01
5.442367926583154825e-01
5.443854915478518741e-01
5.444470846397536645e-01
5.445341904369334074e-01
5.445957835292899452e-01
5.447444824188262258e-01
5.448060755107280162e-01
5.448931813083626174e-01
5.449547744020836193e-01
5.451034732916200110e-01
5.452521721802466859e-01
5.453137652730580820e-01
5.454008710697829665e-01
5.454624641625943626e-01
5.456111630521307543e-01
5.456727561440324337e-01
5.457598619412121765e-01
5.458214550353880368e-01
5.459701539231051060e-01
5.460317470150068964e-01
5.461188528126414976e-01
5.461804459063624995e-01
5.462675517024051519e-01
5.463291447958987801e-01
5.464778436854351717e-01
5.465394367773369622e-01
5.466265425740618467e-01
5.466881356686924542e-01
5.468368345564095234e-01
5.468984276483113138e-01
5.469855334459459151e-01
5.470471265396669169e-01
5.471958254273839861e-01
5.473445243178299835e-01
5.474061174106413796e-01
5.474932232069114058e-01
5.475548163001776603e-01
5.477035151897139409e-01
5.477651082816157313e-01
5.478522140783407268e-01
5.479138071729713344e-01
5.480625060606884036e-01
5.482112049502246842e-01
5.482727980439457971e-01
5.483599038395335912e-01
5.484214969316628663e-01
5.485701958211991469e-01
5.486317889149201488e-01
5.487188947111902859e-01
5.487804878026372180e-01
5.489291866939928211e-01
5.489907797858946115e-01
5.490778855826194960e-01
5.491394786772502146e-01
5.492881775649672838e-01
5.494368764545035644e-01
5.494984695482245662e-01
5.495855753440399560e-01
5.496471684377609579e-01
5.497958673254780271e-01
5.498574604191990289e-01
5.499445662159239134e-01
5.500061593069160981e-01
5.501548581982717012e-01
5.503035570868983761e-01
5.503651501815290947e-01
5.504522559766621415e-01
5.505138490692460529e-01
5.506625479587824445e-01
5.507241410525034464e-01
5.508112468483187252e-01
5.508728399402205156e-01
5.510215388315761187e-01
5.510831319234779091e-01
5.511702377202027936e-01
5.512318308111949783e-01
5.513189366094548571e-01
5.513805297025505814e-01
5.515292285920868620e-01
5.515908216858078639e-01
5.516779274811683953e-01
5.517395205735249331e-01
5.518882194630613247e-01
5.519498125567823266e-01
5.520369183525976053e-01
5.520985114444993958e-01
5.522472103358549989e-01
5.523959092244816738e-01
5.524575023191122813e-01
5.525446081137905807e-01
5.526062012068293505e-01
5.527549000963657422e-01
5.528164931900867440e-01
5.529035989854471644e-01
5.529651920778038132e-01
5.531138909673400939e-01
5.532625898568764855e-01
5.533241829487782759e-01
5.534112887466401398e-01
5.534728818401337680e-01
5.536215807296701596e-01
5.536831738233911615e-01
5.537702796182968346e-01
5.538318727111082307e-01
5.539805716006445113e-01
5.540421646943656242e-01
5.541292704901809030e-01
5.541908635820826934e-01
5.543395624716189740e-01
5.544882613620649714e-01
5.545498544530570451e-01
5.546369602509190200e-01
5.546985533444126482e-01
5.548472522339490398e-01
5.549088453276700417e-01
5.549959511225757147e-01
5.550575442153871109e-01
5.552062431049233915e-01
5.553549419944597831e-01
5.554165350863614625e-01
5.555036408837686901e-01
5.555652339758978542e-01
5.557139328654341348e-01
5.557755259573359252e-01
5.558626317554252738e-01
5.559242248486915283e-01
5.560729237382278090e-01
5.561345168319489218e-01
5.562216226268544839e-01
5.562832157196658800e-01
5.563703215164867988e-01
5.564319146092022716e-01
5.565806134987385523e-01
5.566422065906403427e-01
5.567293123882749439e-01
5.567909054801767343e-01
5.569396043697130150e-01
5.570011974616148054e-01
5.570883032601589013e-01
5.571498963529704085e-01
5.572985952425066891e-01
5.574472941311333640e-01
5.575088872239447602e-01
5.575959930208971294e-01
5.576575861134811518e-01
5.578062850030174324e-01
5.578678780949192229e-01
5.579549838925537131e-01
5.580165769862748260e-01
5.581652758739918951e-01
5.583139747644377815e-01
5.583755678572491776e-01
5.584626736536330016e-01
5.585242667467855693e-01
5.586729656363218499e-01
5.587345587282236403e-01
5.588216645254033832e-01
5.588832576195792434e-01
5.590319565072963126e-01
5.590935495991981030e-01
5.591806553968325932e-01
5.592422484905535951e-01
5.593909473800899868e-01
5.595396462687166617e-01
5.596012393615280578e-01
5.596883451580255686e-01
5.597499382510643384e-01
5.598986371406007301e-01
5.599602302325025205e-01
5.600473360301370107e-01
5.601089291238580126e-01
5.602576280115750818e-01
5.604063269011114734e-01
5.604679199948324753e-01
5.605550257907614409e-01
5.606166188843687559e-01
5.607653177739051475e-01
5.608269108658069380e-01
5.609140166625318225e-01
5.609756097571625411e-01
5.611243086448796102e-01
5.611859017367812896e-01
5.612730075344158909e-01
5.613346006281368927e-01
5.614832995158539619e-01
5.616319984053903536e-01
5.616935914991113554e-01
5.617806972953814926e-01
5.618422903886476361e-01
5.619909892781840277e-01
5.620525823700857071e-01
5.621396881668107026e-01
5.622012812614413102e-01
5.623499801491583794e-01
5.624986790386947710e-01
5.625602721324157729e-01
5.626473779280036780e-01
5.627089710201328421e-01
5.628576699096691227e-01
5.629192630033902356e-01
5.630063687996602617e-01
5.630679618911073048e-01
5.632166607824627969e-01
5.632782538743645873e-01
5.633653596710894718e-01
5.634269527657201904e-01
5.635140585606827068e-01
5.635756516534372595e-01
5.637243505429735402e-01
5.637859436366946531e-01
5.638730494325099318e-01
5.639346425244117222e-01
5.640833414139480029e-01
5.641449345076690047e-01
5.642320403043940003e-01
5.642936333953860739e-01
5.644423322867416770e-01
5.645910311753683519e-01
5.646526242699990705e-01
5.647397300651321173e-01
5.648013231577161397e-01
5.649500220472524203e-01
5.650116151409734222e-01
5.650987209367887010e-01
5.651603140286904914e-01
5.653090129182268830e-01
5.654577118086727694e-01
5.655193048996649541e-01
5.656064106978679895e-01
5.656680037910205572e-01
5.658167026805568378e-01
5.658782957742778397e-01
5.659654015696383711e-01
5.660269946619949089e-01
5.661756935515313005e-01
5.662372866452523024e-01
5.663243924410675811e-01
5.663859855329693715e-01
5.665346844243249746e-01
5.666833833129516496e-01
5.667449764039438342e-01
5.668320822020331828e-01
5.668936752952994373e-01
5.670423741848357180e-01
5.671039672785567198e-01
5.671910730734623929e-01
5.672526661662737890e-01
5.674013650558101807e-01
5.675500639453464613e-01
5.676116570372482517e-01
5.676987628348827419e-01
5.677603559286038548e-01
5.679090548181401354e-01
5.679706479118611373e-01
5.680577537067668104e-01
5.681193467995782065e-01
5.682680456891145981e-01
5.683296387828356000e-01
5.684167445786508788e-01
5.684783376705526692e-01
5.685654434677039903e-01
5.686270365600889498e-01
5.687757354496253415e-01
5.688373285415271319e-01
5.689244343391616221e-01
5.689860274328826240e-01
5.691347263224190156e-01
5.691963194161400175e-01
5.692834252110456905e-01
5.693450183038570867e-01
5.694937171933933673e-01
5.696424160829297589e-01
5.697040091748315493e-01
5.697911149720111812e-01
5.698527080643678300e-01
5.700014069539041106e-01
5.700630000458059010e-01
5.701501058438952496e-01
5.702116989371615041e-01
5.703603978266977848e-01
5.705090967153245707e-01
5.705706898081359668e-01
5.706577956048608513e-01
5.707193886976722474e-01
5.708680875872085281e-01
5.709296806791103185e-01
5.710167864767449197e-01
5.710783795704659216e-01
5.712270784581829908e-01
5.712886715500847812e-01
5.713757773486289882e-01
5.714373704414403843e-01
5.715860693309766649e-01
5.717347682196033398e-01
5.717963613124147360e-01
5.718834671093671052e-01
5.719450602019511276e-01
5.720937590914874082e-01
5.721553521833891987e-01
5.722424579810237999e-01
5.723040510747448018e-01
5.724527499624618709e-01
5.726014488529077573e-01
5.726630419457192644e-01
5.727501477419892906e-01
5.728117408352555451e-01
5.729604397247918257e-01
5.730220328166936161e-01
5.731091386138733590e-01
5.731707317080492192e-01
5.733194305957662884e-01
5.733810236876680788e-01
5.734681294853025690e-01
5.735297225790236819e-01
5.736784214667407511e-01
5.738271203571866375e-01
5.738887134499980336e-01
5.739758192462681707e-01
5.740374123395344252e-01
5.741861112290707059e-01
5.742477043209724963e-01
5.743348101176973808e-01
5.743964032123280994e-01
5.745451021000451686e-01
5.746938009895814492e-01
5.747553940833024511e-01
5.748424998791177298e-01
5.749040929728388427e-01
5.750527918605559119e-01
5.751143849542769138e-01
5.752014907510017983e-01
5.752630838419939829e-01
5.754117827333495860e-01
5.754733758252513764e-01
5.755604816228858667e-01
5.756220747166068685e-01
5.757091805119105565e-01
5.757707736043239377e-01
5.759194724938603294e-01
5.759810655875813312e-01
5.760681713833966100e-01
5.761297644752984004e-01
5.762784633666540035e-01
5.763400564585557939e-01
5.764271622552806784e-01
5.764887553499112860e-01
5.766374542376283552e-01
5.767861531271647468e-01
5.768477462208857487e-01
5.769348520162462801e-01
5.769964451086028179e-01
5.771451439981390985e-01
5.772067370918602114e-01
5.772938428876754902e-01
5.773554359795772806e-01
5.775041348709328837e-01
5.776528337595595586e-01
5.777144268541901662e-01
5.778015326490958392e-01
5.778631257419072353e-01
5.780118246314436270e-01
5.780734177251646289e-01
5.781605235205250493e-01
5.782221166128816980e-01
5.783708155024179787e-01
5.784324085961390916e-01
5.785195143919543703e-01
5.785811074838560497e-01
5.787298063752116528e-01
5.788785052638383277e-01
5.789400983584690463e-01
5.790272041533747194e-01
5.790887972461861155e-01
5.792374961357223961e-01
5.792990892294435090e-01
5.793861950252587878e-01
5.794477881171605782e-01
5.795964870066968588e-01
5.797451858971428562e-01
5.798067789881349299e-01
5.798938847862242785e-01
5.799554778794905330e-01
5.801041767690268136e-01
5.801657698627479265e-01
5.802528756576535995e-01
5.803144687504649957e-01
5.804631676400012763e-01
5.805247607337222782e-01
5.806118665295375569e-01
5.806734596214393473e-01
5.807605654189318400e-01
5.808221585109757390e-01
5.809708574005120196e-01
5.810324504924138100e-01
5.811195562905031586e-01
5.811811493837694131e-01
5.813298482733056938e-01
5.813914413670266956e-01
5.814785471619323687e-01
5.815401402547437648e-01
5.816888391442801565e-01
5.818375380338164371e-01
5.818991311257182275e-01
5.819862369233527177e-01
5.820478300170738306e-01
5.821965289047908998e-01
5.822581220003311131e-01
5.823452277952367862e-01
5.824068208880481823e-01
5.825555197775845739e-01
5.827042186671208546e-01
5.827658117590226450e-01
5.828529175560887010e-01
5.829145106485589256e-01
5.830632095380953173e-01
5.831248026299971077e-01
5.832119084276315979e-01
5.832735015213527108e-01
5.834222004108889914e-01
5.834837935046099933e-01
5.835708992995156663e-01
5.836324923923270624e-01
5.837811912818634541e-01
5.839298901713997347e-01
5.839914832633015251e-01
5.840785890604812680e-01
5.841401821528378058e-01
5.842888810423741974e-01
5.843504741342758768e-01
5.844375799319104781e-01
5.844991730256314799e-01
5.846478719151678716e-01
5.847965708037945465e-01
5.848581638966059426e-01
5.849452696932171403e-01
5.850068627861422232e-01
5.851555616756786149e-01
5.852171547675804053e-01
5.853042605647600372e-01
5.853658536589358974e-01
5.855145525466529666e-01
5.855761456385547570e-01
5.856632514361893582e-01
5.857248445299103601e-01
5.858735434194466407e-01
5.860222423080734266e-01
5.860838354008848228e-01
5.861709411976097073e-01
5.862325342904211034e-01
5.863812331799573840e-01
5.864428262718591744e-01
5.865299320694937757e-01
5.865915251632147775e-01
5.867402240509318467e-01
5.868889229413778441e-01
5.869505160341892402e-01
5.870376218304592664e-01
5.870992149237255209e-01
5.872479138132618015e-01
5.873095069051635919e-01
5.873966127018885874e-01
5.874582057965191950e-01
5.876069046842362642e-01
5.877556035737725448e-01
5.878171966674936577e-01
5.879043024631384062e-01
5.879658955552107269e-01
5.881145944447470075e-01
5.881761875384680094e-01
5.882632933347381465e-01
5.883248864261850786e-01
5.884735853175406817e-01
5.885351784094424721e-01
5.886222842061673566e-01
5.886838773007980752e-01
5.888325761885151444e-01
5.889812750780514250e-01
5.890428681717725379e-01
5.891299739675878167e-01
5.891915670613088185e-01
5.893402659490258877e-01
5.894018590427468895e-01
5.894889648394717740e-01
5.895505579304639587e-01
5.896992568218195618e-01
5.898479557104462367e-01
5.899095488050769553e-01
5.899966546002100021e-01
5.900582476927940245e-01
5.902069465823303052e-01
5.902685396760513070e-01
5.903556454718665858e-01
5.904172385637683762e-01
5.905659374551239793e-01
5.906275305470257697e-01
5.907146363437506542e-01
5.907762294347428389e-01
5.909249283260984420e-01
5.910736272156347226e-01
5.911352203093557245e-01
5.912223261047162559e-01
5.912839191970727937e-01
5.914326180866091853e-01
5.914942111803301872e-01
5.915813169761454660e-01
5.916429100680472564e-01
5.917916089594028595e-01
5.919403078480295344e-01
5.920019009426601420e-01
5.920890067373384413e-01
5.921505998303772111e-01
5.922992987199136028e-01
5.923608918136346047e-01
5.924479976089951361e-01
5.925095907013516738e-01
5.926582895908879545e-01
5.927198826846090673e-01
5.928069884804243461e-01
5.928685815723261365e-01
5.929556873701595787e-01
5.930172804636816286e-01
5.931659793532180203e-01
5.932275724469390221e-01
5.933146782418446952e-01
5.933762713346560913e-01
5.935249702241923719e-01
5.935865633179134848e-01
5.936736691137287636e-01
5.937352622056305540e-01
5.938839610951668346e-01
5.940326599856128320e-01
5.940942530766049057e-01
5.941813588744668806e-01
5.942429519679605088e-01
5.943916508574969004e-01
5.944532439512179023e-01
5.945403497461235753e-01
5.946019428389349715e-01
5.947506417284712521e-01
5.948993406180076438e-01
5.949609337099093231e-01
5.950480395073165507e-01
5.951096325994457148e-01
5.952583314889819954e-01
5.953199245808837858e-01
5.954070303789731344e-01
5.954686234722393889e-01
5.956173223617756696e-01
5.956789154554967824e-01
5.957660212504023445e-01
5.958276143432138516e-01
5.959763132327501323e-01
5.961250121222864129e-01
5.961866052141882033e-01
5.962737110118228046e-01
5.963353041037245950e-01
5.964840029932608756e-01
5.965455960851626660e-01
5.966327018837068730e-01
5.966942949765182691e-01
5.968429938660545497e-01
5.969916927546812246e-01
5.970532858474926208e-01
5.971403916444449900e-01
5.972019847370290124e-01
5.973506836265652931e-01
5.974122767184670835e-01
5.974993825161015737e-01
5.975609756098226866e-01
5.977096744975397558e-01
5.977712675930799691e-01
5.978583733879856421e-01
5.979199664807970382e-01
5.980070722771808622e-01
5.980686653703334299e-01
5.982173642598697105e-01
5.982789573517715009e-01
5.983660631489512438e-01
5.984276562413077816e-01
5.985763551308441732e-01
5.986379482227459636e-01
5.987250540203804539e-01
5.987866471141014557e-01
5.989353460036378474e-01
5.990840448922645223e-01
5.991456379850759184e-01
5.992327437815734292e-01
5.992943368746121990e-01
5.994430357641485907e-01
5.995046288560503811e-01
5.995917346532301240e-01
5.996533277474059842e-01
5.998020266351229424e-01
5.999507255246593340e-01
6.000123186183803359e-01
6.000994244143093015e-01
6.001610175079167275e-01
6.003097163974530082e-01
6.003713094893547986e-01
6.004584152860796831e-01
6.005200083807104017e-01
6.006687072684274709e-01
6.007303003603291502e-01
6.008174061579637515e-01
6.008789992516847533e-01
6.010276981394018225e-01
6.011763970289382142e-01
6.012379901226592160e-01
6.013250959187018685e-01
6.013866890121954967e-01
6.015353879017318883e-01
6.015969809936336787e-01
6.016840867903585632e-01
6.017456798849891708e-01
6.018943787727062400e-01
6.020430776622426317e-01
6.021046707559636335e-01
6.021917765514378518e-01
6.022533696436807027e-01
6.024020685332169833e-01
6.024636616269380962e-01
6.025507674232081223e-01
6.026123605146551654e-01
6.027610594060106575e-01
6.028226524979124479e-01
6.029097582946374434e-01
6.029713513892680510e-01
6.031200502769851202e-01
6.032687491665214008e-01
6.033303422602425137e-01
6.034174480560577924e-01
6.034790411479595829e-01
6.036277400374958635e-01
6.036893331312168653e-01
6.037764389279418609e-01
6.038380320189339345e-01
6.039867309102895376e-01
6.041354297989162125e-01
6.041970228935469311e-01
6.042841286886799779e-01
6.043457217812640003e-01
6.044944206708002810e-01
6.045560137645212828e-01
6.046431195603366726e-01
6.047047126522383520e-01
6.048534115417747437e-01
6.049150046354957455e-01
6.050021104322206300e-01
6.050637035232128147e-01
6.051508093213590067e-01
6.052124024145684178e-01
6.053611013041046984e-01
6.054226943978258113e-01
6.055098001931862317e-01
6.055713932855427695e-01
6.057200921750791611e-01
6.057816852688001630e-01
6.058687910646154418e-01
6.059303841565172322e-01
6.060790830478728353e-01
6.062277819364995102e-01
6.062893750274916949e-01
6.063764808258084171e-01
6.064380739188472980e-01
6.065867728083835786e-01
6.066483659021045804e-01
6.067354716974651119e-01
6.067970647898216496e-01
6.069457636793580413e-01
6.070944625688943219e-01
6.071560556607961123e-01
6.072431614585442894e-01
6.073047545521517154e-01
6.074534534416879961e-01
6.075150465354089979e-01
6.076021523303146710e-01
6.076637454231260671e-01
6.078124443126624588e-01
6.078740374063834606e-01
6.079611432021987394e-01
6.080227362941005298e-01
6.081714351836368104e-01
6.083201340731732021e-01
6.083817271650749925e-01
6.084688329627094827e-01
6.085304260564304846e-01
6.086791249459668762e-01
6.087407180396878781e-01
6.088278238345935511e-01
6.088894169274049473e-01
6.090381158169412279e-01
6.091868147064776196e-01
6.092484077983794100e-01
6.093355135955591528e-01
6.093971066879156906e-01
6.095458055774519712e-01
6.096073986693537616e-01
6.096945044674431102e-01
6.097560975607093647e-01
6.099047964502456454e-01
6.099663895439667582e-01
6.100534953388724313e-01
6.101150884316838274e-01
6.102021942284087119e-01
6.102637873212201081e-01
6.104124862107563887e-01
6.104740793026581791e-01
6.105611851002927803e-01
6.106227781921945708e-01
6.107714770817308514e-01
6.108330701736326418e-01
6.109201759721768488e-01
6.109817690649882449e-01
6.111304679545245255e-01
6.112791668431512004e-01
6.113407599359625966e-01
6.114278657329149658e-01
6.114894588254989882e-01
6.116381577150352689e-01
6.116997508069370593e-01
6.117868566045716605e-01
6.118484496982926624e-01
6.119971485860097316e-01
6.121458474764556179e-01
6.122074405692671251e-01
6.122945463655371512e-01
6.123561394588034057e-01
6.125048383483396863e-01
6.125664314402414767e-01
6.126535372374212196e-01
6.127151303315970798e-01
6.128638292193141490e-01
6.129254223112159394e-01
6.130125281088504297e-01
6.130741212025715425e-01
6.132228200902886117e-01
6.133715189807344981e-01
6.134331120735458942e-01
6.135202178700434050e-01
6.135818109630822859e-01
6.137305098526185665e-01
6.137921029445203569e-01
6.138792087412452414e-01
6.139408018358759600e-01
6.140895007235930292e-01
6.142381996131293098e-01
6.142997927068503117e-01
6.143868985026655904e-01
6.144484915963867033e-01
6.145971904841037725e-01
6.146587835778247744e-01
6.147458893745496589e-01
6.148074824655418436e-01
6.149561813568974467e-01
6.150177744487992371e-01
6.151048802464337273e-01
6.151664733401547291e-01
6.153151722278717983e-01
6.154638711174081900e-01
6.155254642111291918e-01
6.156125700069444706e-01
6.156741631006654725e-01
6.158228619902018641e-01
6.158844550821036545e-01
6.159715608788285390e-01
6.160331539734592576e-01
6.161818528611762158e-01
6.163305517507126075e-01
6.163921448444336093e-01
6.164792506397941407e-01
6.165408437321506785e-01
6.166895426216870701e-01
6.167511357154080720e-01
6.168382415116780981e-01
6.168998346031251412e-01
6.170485334944807443e-01
6.171972323831074192e-01
6.172588254777380268e-01
6.173459312725868564e-01
6.174075243654550960e-01
6.175562232549914876e-01
6.176178163487124895e-01
6.177049221440729099e-01
6.177665152364295587e-01
6.179152141259658393e-01
6.179768072196869522e-01
6.180639130155022309e-01
6.181255061074039103e-01
6.182742049987595134e-01
6.184229038873861883e-01
6.184844969820169069e-01
6.185716027769225800e-01
6.186331958697339761e-01
6.187818947592702568e-01
6.188434878529913696e-01
6.189305936488066484e-01
6.189921867407084388e-01
6.191408856302447195e-01
6.192895845206907168e-01
6.193511776116827905e-01
6.194382834097721391e-01
6.194998765030383936e-01
6.196485753925746742e-01
6.197101684862957871e-01
6.197972742812014602e-01
6.198588673740128563e-01
6.200075662635491369e-01
6.200691593572701388e-01
6.201562651530854176e-01
6.202178582449872080e-01
6.203665571345235996e-01
6.205152560249694860e-01
6.205768491159616707e-01
6.206639549140510193e-01
6.207255480073172738e-01
6.208742468968535544e-01
6.209358399905745562e-01
6.210229457854802293e-01
6.210845388782916254e-01
6.212332377678280171e-01
6.213819366573642977e-01
6.214435297492660881e-01
6.215306355469006894e-01
6.215922286406216912e-01
6.217409275283387604e-01
6.218025206238790847e-01
6.218896264187846468e-01
6.219512195115960429e-01
6.220999184011324346e-01
6.221615114948534364e-01
6.222486172906687152e-01
6.223102103825705056e-01
6.223973161796365616e-01
6.224589092721068972e-01
6.226076081616431779e-01
6.226692012535449683e-01
6.227563070511794585e-01
6.228179001449005714e-01
6.229665990344368520e-01
6.230281921281578539e-01
6.231152979230635269e-01
6.231768910158749231e-01
6.233255899054113147e-01
6.234742887949475953e-01
6.235358818868493858e-01
6.236229876840291286e-01
6.236845807763856664e-01
6.238332796659220580e-01
6.238948727578237374e-01
6.239819785559131970e-01
6.240435716491793405e-01
6.241922705387157322e-01
6.243409694273424071e-01
6.244025625201538032e-01
6.244896683167650009e-01
6.245512614096900839e-01
6.246999602992264755e-01
6.247615533911282659e-01
6.248486591883078978e-01
6.249102522824837580e-01
6.250589511702008272e-01
6.251205442621026176e-01
6.252076500597372188e-01
6.252692431534582207e-01
6.254179420429945013e-01
6.255666409316212873e-01
6.256282340244326834e-01
6.257153398211575679e-01
6.257769329139689640e-01
6.259256318035052447e-01
6.259872248954070351e-01
6.260743306930416363e-01
6.261359237867626382e-01
6.262846226744797073e-01
6.264333215649257047e-01
6.264949146577371009e-01
6.265820204538934401e-01
6.266436135472733815e-01
6.267923124368097731e-01
6.268539055287114525e-01
6.269410113254364481e-01
6.270026044200670556e-01
6.271513033077841248e-01
6.272128963996859152e-01
6.273000021973205165e-01
6.273615952910415183e-01
6.274487010866649506e-01
6.275102941787585875e-01
6.276589930692044739e-01
6.277205861620158700e-01
6.278076919582860072e-01
6.278692850515522617e-01
6.280179839410885423e-01
6.280795770329903327e-01
6.281666828297152172e-01
6.282282759243459358e-01
6.283769748120630050e-01
6.285256737015992856e-01
6.285872667953203985e-01
6.286743725911356773e-01
6.287359656848566791e-01
6.288846645725737483e-01
6.289462576662947502e-01
6.290333634625648873e-01
6.290949565540118193e-01
6.292436554453674225e-01
6.293923543339940974e-01
6.294539474286248160e-01
6.295410532238147061e-01
6.296026463163418851e-01
6.297513452058781658e-01
6.298129382995991676e-01
6.299000440954144464e-01
6.299616371873162368e-01
6.301103360786718399e-01
6.301719291705736303e-01
6.302590349672985148e-01
6.303206280582906995e-01
6.304693269496463026e-01
6.306180258391825832e-01
6.306796189329035851e-01
6.307667247282641165e-01
6.308283178206206543e-01
6.309770167101570459e-01
6.310386098038780478e-01
6.311257155996933266e-01
6.311873086915951170e-01
6.313360075829507201e-01
6.314847064715773950e-01
6.315462995662080026e-01
6.316334053609999888e-01
6.316949984539250718e-01
6.318436973434614634e-01
6.319052904371824653e-01
6.319923962325429967e-01
6.320539893248995345e-01
6.322026882144358151e-01
6.322642813081569280e-01
6.323513871039722067e-01
6.324129801958739971e-01
6.325616790872296002e-01
6.327103779758562752e-01
6.327719710704868827e-01
6.328590768653925558e-01
6.329206699582039519e-01
6.330693688477403436e-01
6.331309619414613454e-01
6.332180677372766242e-01
6.332796608291784146e-01
6.334283597187146952e-01
6.335770586091606926e-01
6.336386517001527663e-01
6.337257574980147412e-01
6.337873505915083694e-01
6.339360494810447610e-01
6.339976425747657629e-01
6.340847483696714360e-01
6.341463414624828321e-01
6.342950403520191127e-01
6.343566334457402256e-01
6.344437392415555044e-01
6.345053323334572948e-01
6.345924381308644113e-01
6.346540312229935754e-01
6.348027301125298560e-01
6.348643232044316465e-01
6.349514290025209950e-01
6.350130220957872496e-01
6.351617209853235302e-01
6.352233140790446431e-01
6.353104198739502051e-01
6.353720129667617122e-01
6.355207118562979929e-01
6.356694107458342735e-01
6.357310038377360639e-01
6.358181096353706652e-01
6.358797027272724556e-01
6.360284016168087362e-01
6.360899947087105266e-01
6.361771005067998752e-01
6.362386936000661297e-01
6.363873924896024104e-01
6.365360913782290853e-01
6.365976844710404814e-01
6.366847902679928506e-01
6.367463833605767620e-01
6.368950822501131537e-01
6.369566753420149441e-01
6.370437811396494343e-01
6.371053742333705472e-01
6.372540731210876164e-01
6.373156662166278297e-01
6.374027720115335027e-01
6.374643651043448989e-01
6.376130639938812905e-01
6.377617628834175711e-01
6.378233559753193616e-01
6.379104617724992154e-01
6.379720548648556422e-01
6.381207537543920338e-01
6.381823468462938242e-01
6.382694526439283145e-01
6.383310457376493163e-01
6.384797446271857080e-01
6.386284435158123829e-01
6.386900366086237790e-01
6.387771424051211788e-01
6.388387354981601707e-01
6.389874343876963403e-01
6.390490274795982417e-01
6.391361332767779846e-01
6.391977263709538448e-01
6.393464252586709140e-01
6.394080183505725934e-01
6.394951241482073057e-01
6.395567172419281965e-01
6.396438230378855838e-01
6.397054161314645881e-01
6.398541150210008688e-01
6.399157081129025482e-01
6.400028139096275437e-01
6.400644070024389398e-01
6.402131058919753315e-01
6.402746989838771219e-01
6.403618047815116121e-01
6.404233978752327250e-01
6.405720967629496831e-01
6.407207956524860748e-01
6.407823887462070767e-01
6.408694945422497291e-01
6.409310876357433573e-01
6.410797865252797489e-01
6.411413796171815394e-01
6.412284854139063128e-01
6.412900785085370314e-01
6.414387773962541006e-01
6.415874762857904923e-01
6.416490693795114941e-01
6.417361751749857124e-01
6.417977682672285633e-01
6.419464671567648439e-01
6.420080602504859568e-01
6.420951660467559829e-01
6.421567591382030260e-01
6.423054580295585181e-01
6.423670511214603085e-01
6.424541569181853040e-01
6.425157500128159116e-01
6.426644489005329808e-01
6.428131477900692614e-01
6.428747408837903743e-01
6.429618466793782794e-01
6.430234397715074435e-01
6.431721386610437241e-01
6.432337317547647260e-01
6.433208375514897215e-01
6.433824306424817951e-01
6.435311295338373982e-01
6.436798284224640732e-01
6.437414215170946807e-01
6.438285273122278385e-01
6.438901204048118609e-01
6.440388192943481416e-01
6.441004123880692545e-01
6.441875181838845332e-01
6.442491112757862126e-01
6.443978101653227153e-01
6.444594032590436061e-01
6.445465090557684906e-01
6.446081021467606753e-01
6.447568010381162784e-01
6.449054999276525590e-01
6.449670930213736719e-01
6.450541988167339813e-01
6.451157919090907411e-01
6.452644907986270217e-01
6.453260838923481346e-01
6.454131896881633024e-01
6.454747827800649818e-01
6.456234816714206959e-01
6.457721805600473708e-01
6.458337736510395555e-01
6.459208794493561667e-01
6.459824725423951586e-01
6.461311714319314392e-01
6.461927645256524411e-01
6.462798703210129725e-01
6.463414634133695102e-01
6.464901623029059019e-01
6.465517553966269038e-01
6.466388611924422936e-01
6.467004542843439729e-01
6.467875600820922610e-01
6.468491531756995760e-01
6.469978520652358567e-01
6.470594451589568585e-01
6.471465509538625316e-01
6.472081440466739277e-01
6.473568429362103194e-01
6.474184360299313212e-01
6.475055418257466000e-01
6.475671349176485014e-01
6.477158338071846710e-01
6.478645326967210627e-01
6.479261257886228531e-01
6.480132315864848280e-01
6.480748246799783452e-01
6.482235235695148479e-01
6.482851166632357387e-01
6.483722224581413007e-01
6.484338155509528079e-01
6.485825144404890885e-01
6.487312133300254802e-01
6.487928064219272706e-01
6.488799122192207003e-01
6.489415053114635512e-01
6.490902042009998318e-01
6.491517972929016222e-01
6.492389030909909708e-01
6.493004961842571143e-01
6.494491950737936170e-01
6.495107881675146189e-01
6.495978939624202919e-01
6.496594870552316880e-01
6.498081859447680797e-01
6.499568848343042493e-01
6.500184779262060397e-01
6.501055837238406410e-01
6.501671768157424314e-01
6.503158757052787120e-01
6.503774687971805024e-01
6.504645745957247094e-01
6.505261676885361055e-01
6.506748665780723861e-01
6.508235654666990611e-01
6.508851585595104572e-01
6.509722643564628264e-01
6.510338574490468488e-01
6.511825563385831295e-01
6.512441494304849199e-01
6.513312552281195211e-01
6.513928483218406340e-01
6.515415472095574811e-01
6.516031403014593826e-01
6.516902461000035895e-01
6.517518391928149857e-01
6.518389449891134335e-01
6.519005380823512663e-01
6.520492369718876580e-01
6.521108300637893374e-01
6.521979358609689692e-01
6.522595289551449405e-01
6.524082278428620096e-01
6.524698209347639111e-01
6.525569267323982903e-01
6.526185198261194031e-01
6.527672187156556838e-01
6.529159176042823587e-01
6.529775106970937548e-01
6.530646164935912656e-01
6.531262095866300355e-01
6.532749084761664271e-01
6.533365015680682175e-01
6.534236073652479604e-01
6.534852004594238206e-01
6.536338993471408898e-01
6.537825982366770594e-01
6.538441913303981723e-01
6.539312971262134511e-01
6.539928902199345639e-01
6.541415891076516331e-01
6.542031822013726350e-01
6.542902879980975195e-01
6.543518810890897042e-01
6.545005799804453073e-01
6.545621730723470977e-01
6.546492788699815879e-01
6.547108719637025898e-01
6.548595708514196589e-01
6.550082697409560506e-01
6.550698628346770525e-01
6.551569686307198159e-01
6.552185617242134441e-01
6.553672606137496137e-01
6.554288537056515151e-01
6.555159595023763996e-01
6.555775525970071183e-01
6.557262514847241874e-01
6.558749503742604681e-01
6.559365434679814699e-01
6.560236492634556882e-01
6.560852423556985391e-01
6.562339412452349308e-01
6.562955343389560436e-01
6.563826401352260698e-01
6.564442332266728908e-01
6.565929321180286049e-01
6.566545252099303953e-01
6.567416310066552798e-01
6.568032241012858874e-01
6.568903298961435988e-01
6.569519229890030676e-01
6.571006218785393482e-01
6.571622149722603501e-01
6.572493207676207705e-01
6.573109138599774193e-01
6.574596127495136999e-01
6.575212058432348128e-01
6.576083116390500916e-01
6.576699047309518820e-01
6.578186036223073740e-01
6.579673025109341600e-01
6.580288956055647676e-01
6.581160014004704406e-01
6.581775944932818367e-01
6.583262933828181174e-01
6.583878864765392303e-01
6.584749922723545090e-01
6.585365853642562994e-01
6.586852842537924690e-01
6.588339831442385774e-01
6.588955762352306511e-01
6.589826820333199997e-01
6.590442751265862542e-01
6.591929740161226459e-01
6.592545671098436477e-01
6.593416729047492097e-01
6.594032659975607169e-01
6.595519648870969975e-01
6.596135579808179994e-01
6.597006637766332782e-01
6.597622568685350686e-01
6.599109557580714602e-01
6.600596546485173466e-01
6.601212477395095313e-01
6.602083535375988799e-01
6.602699466308650234e-01
6.604186455204014150e-01
6.604802386141225279e-01
6.605673444090280899e-01
6.606289375018394860e-01
6.607776363913759887e-01
6.609263352809120473e-01
6.609879283728139487e-01
6.610750341704485500e-01
6.611366272641695518e-01
6.612853261518866210e-01
6.613469192474269454e-01
6.614340250423326184e-01
6.614956181351440145e-01
6.616443170246802952e-01
6.617059101184014080e-01
6.617930159142165758e-01
6.618546090061182552e-01
6.620033078956547579e-01
6.621520067851910385e-01
6.622135998770928289e-01
6.623007056747273191e-01
6.623622987684484320e-01
6.625109976579846016e-01
6.625725907517057145e-01
6.626596965466113875e-01
6.627212896394227837e-01
6.628699885289591753e-01
6.630186874184955670e-01
6.630802805103972464e-01
6.631673863075768782e-01
6.632289793999335270e-01
6.633776782894699187e-01
6.634392713813717091e-01
6.635263771794610577e-01
6.635879702727272011e-01
6.637366691622635928e-01
6.637982622559845947e-01
6.638853680508902677e-01
6.639469611437016638e-01
6.640340669403412832e-01
6.640956600332379445e-01
6.642443589227743361e-01
6.643059520146761265e-01
6.643930578118558694e-01
6.644546509060316186e-01
6.646033497937486878e-01
6.646649428856504782e-01
6.647520486832849684e-01
6.648136417770060813e-01
6.649623406665423619e-01
6.651110395551691479e-01
6.651726326479805440e-01
6.652597384447055395e-01
6.653213315375168246e-01
6.654700304270531053e-01
6.655316235189548957e-01
6.656187293165894969e-01
6.656803224103103878e-01
6.658290212980275680e-01
6.659777201884735653e-01
6.660393132812849615e-01
6.661264190774413008e-01
6.661880121708212421e-01
6.663367110603575227e-01
6.663983041522593131e-01
6.664854099489843087e-01
6.665470030436149163e-01
6.666957019313319854e-01
6.667572950232336648e-01
6.668444008208683771e-01
6.669059939145893789e-01
6.670546928023064481e-01
6.672033916927523345e-01
6.672649847855638416e-01
6.673520905818338678e-01
6.674136836751001223e-01
6.675623825646364029e-01
6.676239756565381933e-01
6.677110814532630778e-01
6.677726745478937964e-01
6.679213734356109766e-01
6.680700723251471462e-01
6.681316654188682591e-01
6.682187712146835379e-01
6.682803643084045397e-01
6.684290631961216089e-01
6.684906562898426108e-01
6.685777620861128590e-01
6.686393551775596800e-01
6.687880540689152831e-01
6.688496471608171845e-01
6.689367529575419580e-01
6.689983460521726766e-01
6.690854518473625667e-01
6.691470449398897458e-01
6.692957438294260264e-01
6.693573369231470283e-01
6.694444427189623070e-01
6.695060358126834199e-01
6.696547347022197005e-01
6.697163277941214909e-01
6.698034335908463754e-01
6.698650266818385601e-01
6.700137255731941632e-01
6.701624244627305549e-01
6.702240175564514457e-01
6.703111233518119771e-01
6.703727164441685149e-01
6.705214153337049066e-01
6.705830084274257974e-01
6.706701142232411872e-01
6.707317073151429776e-01
6.708804062064985807e-01
6.710291050951252556e-01
6.710906981897559742e-01
6.711778039844908950e-01
6.712393970774729324e-01
6.713880959670093240e-01
6.714496890607303259e-01
6.715367948560908573e-01
6.715983879484473951e-01
6.717470868379837867e-01
6.718086799317047886e-01
6.718957857275199563e-01
6.719573788194218578e-01
6.721060777107774609e-01
6.722547765994041358e-01
6.723163696940347434e-01
6.724034754889405274e-01
6.724650685817518125e-01
6.726137674712882042e-01
6.726753605650093171e-01
6.727624663608244848e-01
6.728240594527261642e-01
6.729727583422625559e-01
6.731214572327085532e-01
6.731830503237006269e-01
6.732701561216762887e-01
6.733317492150563410e-01
6.734804481045925106e-01
6.735420411983136235e-01
6.736291469932192966e-01
6.736907400860306927e-01
6.738394389755669733e-01
6.739010320692880862e-01
6.739881378651033650e-01
6.740497309570051554e-01
6.741984298465414360e-01
6.743471287369874334e-01
6.744087218279796181e-01
6.744958276260688557e-01
6.745574207193351102e-01
6.747061196088713908e-01
6.747677127025925037e-01
6.748548184974981767e-01
6.749164115903095729e-01
6.750651104798457425e-01
6.752138093693821341e-01
6.752754024612839245e-01
6.753625082589185258e-01
6.754241013508203162e-01
6.755728002403565968e-01
6.756343933322583872e-01
6.757214991303476248e-01
6.757830922236139903e-01
6.759317911131502710e-01
6.759933842068712728e-01
6.760804900017769459e-01
6.761420830945883420e-01
6.762291888915407112e-01
6.762907819841247337e-01
6.764394808736610143e-01
6.765010739655628047e-01
6.765881797631974059e-01
6.766497728569182968e-01
6.767984717446354770e-01
6.768600648401758013e-01
6.769471706350813633e-01
6.770087637278927595e-01
6.771574626174291511e-01
6.773061615069654318e-01
6.773677545988672222e-01
6.774548603960469650e-01
6.775164534884035028e-01
6.776651523779398945e-01
6.777267454698415738e-01
6.778138512674761751e-01
6.778754443611972880e-01
6.780241432507335686e-01
6.781728421393602435e-01
6.782344352321717507e-01
6.783215410286691505e-01
6.783831341217080313e-01
6.785318330112443119e-01
6.785934261031461023e-01
6.786805319003258452e-01
6.787421249945017054e-01
6.788908238822187746e-01
6.789524169741204540e-01
6.790395227717550553e-01
6.791011158654760571e-01
6.792498147550124488e-01
6.793985136436391237e-01
6.794601067364505198e-01
6.795472125331752933e-01
6.796088056259868004e-01
6.797575045155231921e-01
6.798190976074249825e-01
6.799062034050594727e-01
6.799677964987804746e-01
6.801164953864975438e-01
6.802651942760339354e-01
6.803267873697549373e-01
6.804138931657975897e-01
6.804754862592913289e-01
6.806241851488276096e-01
6.806857782407294000e-01
6.807728840374542845e-01
6.808344771320848920e-01
6.809831760198019612e-01
6.810447691117037516e-01
6.811318749093383529e-01
6.811934680030593547e-01
6.812805737985904164e-01
6.813421668907764239e-01
6.814908657803127046e-01
6.815524588740337064e-01
6.816395646703038436e-01
6.817011577617508866e-01
6.818498566531063787e-01
6.819114497450081691e-01
6.819985555417331646e-01
6.820601486363638832e-01
6.822088475240807304e-01
6.823575464136172330e-01
6.824191395073382349e-01
6.825062453029261400e-01
6.825678383950553041e-01
6.827165372845916957e-01
6.827781303783125866e-01
6.828652361745826127e-01
6.829268292660296558e-01
6.830755281573852589e-01
6.832242270460119338e-01
6.832858201406426524e-01
6.833729259357756991e-01
6.834345190283597216e-01
6.835832179178960022e-01
6.836448110116171151e-01
6.837319168074323938e-01
6.837935098993340732e-01
6.839422087888704649e-01
6.840038018825914667e-01
6.840909076793163512e-01
6.841525007703085359e-01
6.843011996616642501e-01
6.844498985512004197e-01
6.845114916449215325e-01
6.845985974400545793e-01
6.846601905326386017e-01
6.848088894221748824e-01
6.848704825158958842e-01
6.849575883117112740e-01
6.850191814036129534e-01
6.851678802949685565e-01
6.853165791835952314e-01
6.853781722745873051e-01
6.854652780729041384e-01
6.855268711659430192e-01
6.856755700554792998e-01
6.857371631492003017e-01
6.858242689445608331e-01
6.858858620369173709e-01
6.860345609264536515e-01
6.860961540201747644e-01
6.861832598159900432e-01
6.862448529078918336e-01
6.863935517992474367e-01
6.865422506878742226e-01
6.866038437825047192e-01
6.866909495774103922e-01
6.867525426702217883e-01
6.869012415597581800e-01
6.869628346534790708e-01
6.870499404492944606e-01
6.871115335411962510e-01
6.872602324307325317e-01
6.874089313202689233e-01
6.874705244121707137e-01
6.875576302100325776e-01
6.876192233035262058e-01
6.877679221930625975e-01
6.878295152867835993e-01
6.879166210816892724e-01
6.879782141745006685e-01
6.881269130640370602e-01
6.882756119535732298e-01
6.883372050454751312e-01
6.884243108427686719e-01
6.884859039350114118e-01
6.886346028245478035e-01
6.886961959164494829e-01
6.887833017145389425e-01
6.888448948078050860e-01
6.889935936973414776e-01
6.890551867910624795e-01
6.891422925859681525e-01
6.892038856787796597e-01
6.893525845683158293e-01
6.895012834578522209e-01
6.895628765497539003e-01
6.896499823471611279e-01
6.897115754392902920e-01
6.898602743288266836e-01
6.899218674207283630e-01
6.900089732192725700e-01
6.900705663120839661e-01
6.902192652016202468e-01
6.903679640902469217e-01
6.904295571830584288e-01
6.905166629798970002e-01
6.905782560725947095e-01
6.907269549621309901e-01
6.907885480540328915e-01
6.908756538516673817e-01
6.909372469453883836e-01
6.910859458331054528e-01
6.911475389250072432e-01
6.912346447235514502e-01
6.912962378163628463e-01
6.914449367058992379e-01
6.915936355945258018e-01
6.916552286873371980e-01
6.917423344845169408e-01
6.918039275768735896e-01
6.919526264664098703e-01
6.920142195583116607e-01
6.921013253559462619e-01
6.921629184496672638e-01
6.923116173392035444e-01
6.924603162278302193e-01
6.925219093206416154e-01
6.926090151171391263e-01
6.926706082101780071e-01
6.928193070997142877e-01
6.928809001916160781e-01
6.929680059887958210e-01
6.930295990829717923e-01
6.931782979706886394e-01
6.932398910625905408e-01
6.933269968602250310e-01
6.933885899539460329e-01
6.934756957498182661e-01
6.935372888434824246e-01
6.936859877311996048e-01
6.937475808249204956e-01
6.938346866216453801e-01
6.938962797126375648e-01
6.940449786039931679e-01
6.941065716958948473e-01
6.941936774935294485e-01
6.942552705872505614e-01
6.944039694749676306e-01
6.945526683645039112e-01
6.946142614582250241e-01
6.947013672542676765e-01
6.947629603477611937e-01
6.949116592372975854e-01
6.949732523291993758e-01
6.950603581259242603e-01
6.951219512205549789e-01
6.952706501082720481e-01
6.954193489978082177e-01
6.954809420915293305e-01
6.955680478870036598e-01
6.956296409792463997e-01
6.957783398687827914e-01
6.958399329625037932e-01
6.959270387587739304e-01
6.959886318502208624e-01
6.961373307415764655e-01
6.961989238334782559e-01
6.962860296302031404e-01
6.963476227248337480e-01
6.964963216125508172e-01
6.966450205020872088e-01
6.967066135958082107e-01
6.967937193913960048e-01
6.968553124835252799e-01
6.970040113730615605e-01
6.970656044667826734e-01
6.971527102625979522e-01
6.972143033544997426e-01
6.973630022458552347e-01
6.975117011344820206e-01
6.975732942291126282e-01
6.976604000240181902e-01
6.977219931168296974e-01
6.978706920063659780e-01
6.979322851000869798e-01
6.980193908959023696e-01
6.980809839878041601e-01
6.982296828773404407e-01
6.982912759710614425e-01
6.983783817677864381e-01
6.984399748587785117e-01
6.985270806568465440e-01
6.985886737501340038e-01
6.987373726387607897e-01
6.987989657333915083e-01
6.988860715282971814e-01
6.989476646211085775e-01
6.990963635106448582e-01
6.991579566043658600e-01
6.992450624001811388e-01
6.993066554920829292e-01
6.994553543816193208e-01
6.996040532720652072e-01
6.996656463630573919e-01
6.997527521611468515e-01
6.998143452544129950e-01
6.999630441439492756e-01
7.000246372376703885e-01
7.001117430330308089e-01
7.001733361253874577e-01
7.003220350149237383e-01
7.004707339044600189e-01
7.005323269963618094e-01
7.006194327939964106e-01
7.006810258877174125e-01
7.008297247754345927e-01
7.008913178709748060e-01
7.009784236658803680e-01
7.010400167586918752e-01
7.011887156482281558e-01
7.012503087419491576e-01
7.013374145377644364e-01
7.013990076296662268e-01
7.015477065192026185e-01
7.016964054087388991e-01
7.017579985006408005e-01
7.018451042985026644e-01
7.019066973919962926e-01
7.020553962815325733e-01
7.021169893752535751e-01
7.022040951701592482e-01
7.022656882629706443e-01
7.024143871525070359e-01
7.025630860420433166e-01
7.026246791339451070e-01
7.027117849311248499e-01
7.027733780234813876e-01
7.029220769130177793e-01
7.029836700049195697e-01
7.030707758030088073e-01
7.031323688962750618e-01
7.032810677858114534e-01
7.033426608795325663e-01
7.034297666744381283e-01
7.034913597672494134e-01
7.036400586567858051e-01
7.037887575463221967e-01
7.038503506382239872e-01
7.039374564354037300e-01
7.039990495277603788e-01
7.041477484172965484e-01
7.042093415091983388e-01
7.042964473068329401e-01
7.043580404005539419e-01
7.045067392900903336e-01
7.046554381787170085e-01
7.047170312715284046e-01
7.048041370682532891e-01
7.048657301610646853e-01
7.050144290506010769e-01
7.050760221425027563e-01
7.051631279401373575e-01
7.052247210338583594e-01
7.053734199215754286e-01
7.054350130134772190e-01
7.055221188120214260e-01
7.055837119048329331e-01
7.056708177010460048e-01
7.057324107943691027e-01
7.058811096839054944e-01
7.059427027758072848e-01
7.060298085725321693e-01
7.060914016671627769e-01
7.062401005548799571e-01
7.063016936467816365e-01
7.063887994444161267e-01
7.064503925381372396e-01
7.065990914258543087e-01
7.067477903163001951e-01
7.068093834091117023e-01
7.068964892053818394e-01
7.069580822986479829e-01
7.071067811881842635e-01
7.071683742800861650e-01
7.072554800772657968e-01
7.073170731714415460e-01
7.074657720591587262e-01
7.076144709486950068e-01
7.076760640424161197e-01
7.077631698382313985e-01
7.078247629319525114e-01
7.079734618196693585e-01
7.080350549133904714e-01
7.081221607096606085e-01
7.081837538011075406e-01
7.083324526924631437e-01
7.083940457843649341e-01
7.084811515810899296e-01
7.085427446757205372e-01
7.086914435634376064e-01
7.088401424529738870e-01
7.089017355466948889e-01
7.089888413425101676e-01
7.090504344362312805e-01
7.091991333257675612e-01
7.092607264176693516e-01
7.093478322143942361e-01
7.094094253053864207e-01
7.095581241967419128e-01
7.097068230862783045e-01
7.097684161799994174e-01
7.098555219753598378e-01
7.099171150677163755e-01
7.100658139572528782e-01
7.101274070509737690e-01
7.102145128467889368e-01
7.102761059386908382e-01
7.104248048300464413e-01
7.104863979219481207e-01
7.105735037186731162e-01
7.106350968133038348e-01
7.107222026080672883e-01
7.107837957010209040e-01
7.109324945905571846e-01
7.109940876842781865e-01
7.110811934796387179e-01
7.111427865719951447e-01
7.112914854615316473e-01
7.113530785552526492e-01
7.114401843510679280e-01
7.115017774429697184e-01
7.116504763343253215e-01
7.117991752229517743e-01
7.118607683175826040e-01
7.119478741124882770e-01
7.120094672052996732e-01
7.121581660948360648e-01
7.122197591885570667e-01
7.123068649843723454e-01
7.123684580762741358e-01
7.125171569658104165e-01
7.126658558562564139e-01
7.127274489472487096e-01
7.128145547452243713e-01
7.128761478386040906e-01
7.130248467281404823e-01
7.130864398218614841e-01
7.131735456167671572e-01
7.132351387095785533e-01
7.133838375991150560e-01
7.134454306928359468e-01
7.135325364886512256e-01
7.135941295805530160e-01
7.137428284700892966e-01
7.138915273605352940e-01
7.139531204515273677e-01
7.140402262496166053e-01
7.141018193428829708e-01
7.142505182324192514e-01
7.143121113261404753e-01
7.143992171210460373e-01
7.144608102138574335e-01
7.146095091033937141e-01
7.147582079929299947e-01
7.148198010848317852e-01
7.149069068823526996e-01
7.149684999743682878e-01
7.151171988639044574e-01
7.151787919558062478e-01
7.152658977538955964e-01
7.153274908471618510e-01
7.154761897366981316e-01
7.155377828304191334e-01
7.156248886253250285e-01
7.156864817181362026e-01
7.158351806076725943e-01
7.159838794972088749e-01
7.160454725891105543e-01
7.161325783867452666e-01
7.161941714804662684e-01
7.163428703681833376e-01
7.164044634637236619e-01
7.164915692586292240e-01
7.165531623514408421e-01
7.167018612409767897e-01
7.168505601305132924e-01
7.169121532224150828e-01
7.169992590195948257e-01
7.170608521119514744e-01
7.172095510014878661e-01
7.172711440933895455e-01
7.173582498910239247e-01
7.174198429847451486e-01
7.175685418742814292e-01
7.176301349680023201e-01
7.177172407629081041e-01
7.177788338557195003e-01
7.178659396522738545e-01
7.179275327452558919e-01
7.180762316347921725e-01
7.181378247266940740e-01
7.182249305238737058e-01
7.182865236180493440e-01
7.184352225057666352e-01
7.184968155976684256e-01
7.185839213953029159e-01
7.186455144890239177e-01
7.187942133785604204e-01
7.189429122671867622e-01
7.190045053599983804e-01
7.190916111567232649e-01
7.191532042495346611e-01
7.193019031390710527e-01
7.193634962309728431e-01
7.194506020286075554e-01
7.195121951223283352e-01
7.196608940100454044e-01
7.198095928995817960e-01
7.198711859933026869e-01
7.199582917893454503e-01
7.200198848828390785e-01
7.201685837723754702e-01
7.202301768642772606e-01
7.203172826610021451e-01
7.203788757556329747e-01
7.205275746433497108e-01
7.205891677352516123e-01
7.206762735328862135e-01
7.207378666266072154e-01
7.208865655143242845e-01
7.210352644047703929e-01
7.210968574975816781e-01
7.211839632938515932e-01
7.212455563871179587e-01
7.213942552766543503e-01
7.214558483685559187e-01
7.215429541652810252e-01
7.216045472599116328e-01
7.217532461476287020e-01
7.219019450371650937e-01
7.219635381308860955e-01
7.220506439264740006e-01
7.221122370186029427e-01
7.222609359081394453e-01
7.223225290018605582e-01
7.224096347981305843e-01
7.224712278895775164e-01
7.226199267809333415e-01
7.226815198728349099e-01
7.227686256695596834e-01
7.228302187641905130e-01
7.229173245592951380e-01
7.229789176519075822e-01
7.231276165414438628e-01
7.231892096351649757e-01
7.232763154309803655e-01
7.233379085228820449e-01
7.234866074124183255e-01
7.235482005061393274e-01
7.236353063028643229e-01
7.236968993938566186e-01
7.238455982852119996e-01
7.239942971747482803e-01
7.240558902684693932e-01
7.241429960636025509e-01
7.242045891561864623e-01
7.243532880457226319e-01
7.244148811394437448e-01
7.245019869352590236e-01
7.245635800271608140e-01
7.247122789185164171e-01
7.248609778071430920e-01
7.249225708981352767e-01
7.250096766964519990e-01
7.250712697894908798e-01
7.252199686790271604e-01
7.252815617727483843e-01
7.253686675681086937e-01
7.254302606604652315e-01
7.255789595500016231e-01
7.256405526437226250e-01
7.257276584395379038e-01
7.257892515314396942e-01
7.259379504227954083e-01
7.260866493114219722e-01
7.261482424060526908e-01
7.262353482009582528e-01
7.262969412937696490e-01
7.264456401833060406e-01
7.265072332770270425e-01
7.265943390728422102e-01
7.266559321647441116e-01
7.268046310542803923e-01
7.269533299438167839e-01
7.270149230357183523e-01
7.271020288335805493e-01
7.271636219270741774e-01
7.273123208166104581e-01
7.273739139103314599e-01
7.274610197052371330e-01
7.275226127980487512e-01
7.276713116875849208e-01
7.277329047813059226e-01
7.278200105771212014e-01
7.278816036690229918e-01
7.279687094663236380e-01
7.280303025585592724e-01
7.281790014490053808e-01
7.282405945399973435e-01
7.283277003380868031e-01
7.283892934313529466e-01
7.285379923208893382e-01
7.285995854146102291e-01
7.286866912095160131e-01
7.287482843023274093e-01
7.288969831918636899e-01
7.290456820814000816e-01
7.291072751733019830e-01
7.291943809707089885e-01
7.292559740628380416e-01
7.294046729523744332e-01
7.294662660442762236e-01
7.295533718423655722e-01
7.296149649356318267e-01
7.297636638251683294e-01
7.299123627137946713e-01
7.299739558066062894e-01
7.300610616034449718e-01
7.301226546961425701e-01
7.302713535856788507e-01
7.303329466775806411e-01
7.304200524752153534e-01
7.304816455689362442e-01
7.306303444566533134e-01
7.306919375485551038e-01
7.307790433470993108e-01
7.308406364399104849e-01
7.309893353294469875e-01
7.311380342180736625e-01
7.311996273108850586e-01
7.312867331078373168e-01
7.313483262004215613e-01
7.314970250899576198e-01
7.315586181818595213e-01
7.316457239794940115e-01
7.317073170732151244e-01
7.318560159627514050e-01
7.320047148513783020e-01
7.320663079441894761e-01
7.321534137405733000e-01
7.322150068337258677e-01
7.323637057232621483e-01
7.324252988151638277e-01
7.325124046123436816e-01
7.325739977065195419e-01
7.327226965942366110e-01
7.327842896861384014e-01
7.328713954837728917e-01
7.329329885774941156e-01
7.330816874670300631e-01
7.332303863556569601e-01
7.332919794484683562e-01
7.333790852451932407e-01
7.334406783380047479e-01
7.335893772275411395e-01
7.336509703194428189e-01
7.337380761170771981e-01
7.337996692107984220e-01
7.339483680985154912e-01
7.340970669880517718e-01
7.341586600817727737e-01
7.342457658778155372e-01
7.343073589713091653e-01
7.344560578608454460e-01
7.345176509527472364e-01
7.346047567494721209e-01
7.346663498441026174e-01
7.348150487318199087e-01
7.348766418237216991e-01
7.349637476213561893e-01
7.350253407150771912e-01
7.351124465104945660e-01
7.351740396027942603e-01
7.353227384923304299e-01
7.353843315860516539e-01
7.354714373823217910e-01
7.355330304737687230e-01
7.356817293651243261e-01
7.357433224570261165e-01
7.358304282537510010e-01
7.358920213483816086e-01
7.360407202360986778e-01
7.361894191256350695e-01
7.362510122193559603e-01
7.363381180149439764e-01
7.363997111070731405e-01
7.365484099966094211e-01
7.366100030903305340e-01
7.366971088866005601e-01
7.367587019780476032e-01
7.369074008694029843e-01
7.370560997580298812e-01
7.371176928526604888e-01
7.372047986476797377e-01
7.372663917403775580e-01
7.374150906299138386e-01
7.374766837236349515e-01
7.375637895194500082e-01
7.376253826113520207e-01
7.377740815008883013e-01
7.378356745946095252e-01
7.379227803913342987e-01
7.379843734823262613e-01
7.381330723736819754e-01
7.382817712623086503e-01
7.383433643569393690e-01
7.384304701518450420e-01
7.384920632446565492e-01
7.386407621341927188e-01
7.387023552279138316e-01
7.387894610237291104e-01
7.388510541156307898e-01
7.389997530051671815e-01
7.391484518956132899e-01
7.392100449866052525e-01
7.392971507846946011e-01
7.393587438779608556e-01
7.395074427674971362e-01
7.395690358612180271e-01
7.396561416565786695e-01
7.397177347489353183e-01
7.398664336384715989e-01
7.399280267321926008e-01
7.400151325280078796e-01
7.400767256199098920e-01
7.401638314175442712e-01
7.402254245112652731e-01
7.403741233989823423e-01
7.404357164945226666e-01
7.405228222894283396e-01
7.405844153822397358e-01
7.407331142717761274e-01
7.407947073654970183e-01
7.408818131613122970e-01
7.409434062532140874e-01
7.410921051427504791e-01
7.412408040322867597e-01
7.413023971241885501e-01
7.413895029220505251e-01
7.414510960155441532e-01
7.415997949050804339e-01
7.416613879988016578e-01
7.417484937937071088e-01
7.418100868865183939e-01
7.419587857760548966e-01
7.421074846655911772e-01
7.421690777574929676e-01
7.422561835546727105e-01
7.423177766470294703e-01
7.424664755365654178e-01
7.425280686284674303e-01
7.426151744265567789e-01
7.426767675198229224e-01
7.428254664093593140e-01
7.428870595030803159e-01
7.429741652979861000e-01
7.430357583907973851e-01
7.431844572803336657e-01
7.433331561698700574e-01
7.433947492617716257e-01
7.434818550591789643e-01
7.435434481513081284e-01
7.436921470408445201e-01
7.437537401327461994e-01
7.438408459303808007e-01
7.439024390241020246e-01
7.440511379136379722e-01
7.441998368022648691e-01
7.442614298950762652e-01
7.443485356918011497e-01
7.444101287846125459e-01
7.445588276741490485e-01
7.446204207660506169e-01
7.447075265636851071e-01
7.447691196574062200e-01
7.449178185451232892e-01
7.449794116370253017e-01
7.450665174355692866e-01
7.451281105283806827e-01
7.452768094179169633e-01
7.454255083065436382e-01
7.454871013993551454e-01
7.455742071960800299e-01
7.456358002888913150e-01
7.457844991784277067e-01
7.458460922703294971e-01
7.459331980679640983e-01
7.459947911616851002e-01
7.461434900494021694e-01
7.462921889398479447e-01
7.463537820326595629e-01
7.464408878289295890e-01
7.465024809221958435e-01
7.466511798117321241e-01
7.467127729036339145e-01
7.467998787008136574e-01
7.468614717949895176e-01
7.470101706827065868e-01
7.470717637746083772e-01
7.471588695722428675e-01
7.472204626659637583e-01
7.473075684617224157e-01
7.473691615555002610e-01
7.475178604432173302e-01
7.475794535369383320e-01
7.476665593332084692e-01
7.477281524246554012e-01
7.478768513160108933e-01
7.479384444079127947e-01
7.480255502046376792e-01
7.480871432992683978e-01
7.482358421869854670e-01
7.483845410765217476e-01
7.484461341702427495e-01
7.485332399660579172e-01
7.485948330597791411e-01
7.487435319493154218e-01
7.488051250412174342e-01
7.488922308379420967e-01
7.489538239289341703e-01
7.491025228202898845e-01
7.492512217098261651e-01
7.493128148035472780e-01
7.493999205989076984e-01
7.494615136912644582e-01
7.496102125808006278e-01
7.496718056745216296e-01
7.497589114703369084e-01
7.498205045622386988e-01
7.499692034535943019e-01
7.500307965454960923e-01
7.501179023422211989e-01
7.501794954368516954e-01
7.503281943245687646e-01
7.504768932141050453e-01
7.505384863078260471e-01
7.506255921031865785e-01
7.506871851955431163e-01
7.508358840850795080e-01
7.508974771788005098e-01
7.509845829746157886e-01
7.510461760665176900e-01
7.511948749578731821e-01
7.513435738464998570e-01
7.514051669411304646e-01
7.514922727360361376e-01
7.515538658288475338e-01
7.517025647183840364e-01
7.517641578121049273e-01
7.518512636079202061e-01
7.519128566998219965e-01
7.520615555893582771e-01
7.521231486830791679e-01
7.522102544798042745e-01
7.522718475707964592e-01
7.523589533687721209e-01
7.524205464621519512e-01
7.525692453516883429e-01
7.526308384454095668e-01
7.527179442403150178e-01
7.527795373331263029e-01
7.529282362226626946e-01
7.529898293163838074e-01
7.530769351121990862e-01
7.531385282041008766e-01
7.532872270936372683e-01
7.534359259840829326e-01
7.534975190750752283e-01
7.535846248731645769e-01
7.536462179664308314e-01
7.537949168559672231e-01
7.538565099496882249e-01
7.539436157450488674e-01
7.540052088374052941e-01
7.541539077269415747e-01
7.543026066164779664e-01
7.543641997083795347e-01
7.544513055059003381e-01
7.545128985979160374e-01
7.546615974874523181e-01
7.547231905793541085e-01
7.548102963774434571e-01
7.548718894707098226e-01
7.550205883602458812e-01
7.550821814539671051e-01
7.551692872488726671e-01
7.552308803416840632e-01
7.553795792312204549e-01
7.555282781207569576e-01
7.555898712126585259e-01
7.556769770102929051e-01
7.557385701040141290e-01
7.558872689917311982e-01
7.559488620872713005e-01
7.560359678821770846e-01
7.560975609749885917e-01
7.562462598645248724e-01
7.563949587540611530e-01
7.564565518459629434e-01
7.565436576430289994e-01
7.566052507354991130e-01
7.567539496250356157e-01
7.568155427169374061e-01
7.569026485145718963e-01
7.569642416082930092e-01
7.571129404978294009e-01
7.571745335915502917e-01
7.572616393864558537e-01
7.573232324792673609e-01
7.574719313688037525e-01
7.576206302583400332e-01
7.576822233502418236e-01
7.577693291474216775e-01
7.578309222397781042e-01
7.579796211293144959e-01
7.580412142212162863e-01
7.581283200188507765e-01
7.581899131125716673e-01
7.583386120021081700e-01
7.584873108907348449e-01
7.585489039835462410e-01
7.586360097802711255e-01
7.586976028730825217e-01
7.588463017626186913e-01
7.589078948545207037e-01
7.589950006517004466e-01
7.590565937458761958e-01
7.592052926335932650e-01
7.593539915231296566e-01
7.594155846168506585e-01
7.595026904129502654e-01
7.595642835063870502e-01
7.597129823959233308e-01
7.597745754878252322e-01
7.598616812845500057e-01
7.599232743791807243e-01
7.600719732668977935e-01
7.601335663587994729e-01
7.602206721564340741e-01
7.602822652501550760e-01
7.604309641378723672e-01
7.605796630283181425e-01
7.606412561211295387e-01
7.607283619173996758e-01
7.607899550106658193e-01
7.609386539002022110e-01
7.610002469921038903e-01
7.610873527888289969e-01
7.611489458834594934e-01
7.612976447711765626e-01
7.614463436607129543e-01
7.615079367544339561e-01
7.615950425501353260e-01
7.616566356421510253e-01
7.618053345316873060e-01
7.618669276254084188e-01
7.619540334216784450e-01
7.620156265131255990e-01
7.621643254044809801e-01
7.622259184963827705e-01
7.623130242931076550e-01
7.623746173877383736e-01
7.625233162754554428e-01
7.626720151649919455e-01
7.627336082587128363e-01
7.628207140545281151e-01
7.628823071482491169e-01
7.630310060359661861e-01
7.630925991296870770e-01
7.631797049264121835e-01
7.632412980174042572e-01
7.633899969087598603e-01
7.635386957982961409e-01
7.636002888920173648e-01
7.636873946871503005e-01
7.637489877797341009e-01
7.638976866692706036e-01
7.639592797629916054e-01
7.640463855588068842e-01
7.641079786507086746e-01
7.642566775420644998e-01
7.643182706339660681e-01
7.644053764306908416e-01
7.644669695253216712e-01
7.645540753199998596e-01
7.646156684130387404e-01
7.647643673025750211e-01
7.648259603962960229e-01
7.649130661916566654e-01
7.649746592840130921e-01
7.651233581735494838e-01
7.651849512672707077e-01
7.652720570630857644e-01
7.653336501549874438e-01
7.654823490463431579e-01
7.656310479349698328e-01
7.656926410296005514e-01
7.657797468245061134e-01
7.658413399173177316e-01
7.659900388068536792e-01
7.660516319005749031e-01
7.661387376959354345e-01
7.662003307882919723e-01
7.663490296778283639e-01
7.664977285673647556e-01
7.665593216592664350e-01
7.666464274571284099e-01
7.667080205506220381e-01
7.668567194401583187e-01
7.669183125338792095e-01
7.670054183287849936e-01
7.670670114215963897e-01
7.672157103111327814e-01
7.672773034048537832e-01
7.673644092006690620e-01
7.674260022925708524e-01
7.675747011821070220e-01
7.677234000725531304e-01
7.677849931635453151e-01
7.678720989616346637e-01
7.679336920549008072e-01
7.680823909444373099e-01
7.681439840381582007e-01
7.682310898330636517e-01
7.682926829258752699e-01
7.684413818154115505e-01
7.685900807049479422e-01
7.686516737968497326e-01
7.687387795942568491e-01
7.688003726863860132e-01
7.689490715759222939e-01
7.690106646678240843e-01
7.690977704659134329e-01
7.691593635591795763e-01
7.693080624487159680e-01
7.693696555424370809e-01
7.694567613373427539e-01
7.695183544301541501e-01
7.696054602270211431e-01
7.696670533196904307e-01
7.698157522092266003e-01
7.698773453011285017e-01
7.699644510987631030e-01
7.700260441924841048e-01
7.701747430802011740e-01
7.702363361721028534e-01
7.703234419706471714e-01
7.703850350634585675e-01
7.705337339529948482e-01
7.706824328416215231e-01
7.707440259344331412e-01
7.708311317313852884e-01
7.708927248239693109e-01
7.710414237135055915e-01
7.711030168054073819e-01
7.711901226030419831e-01
7.712517156967629850e-01
7.714004145862991546e-01
7.715491134749259405e-01
7.716107065677374477e-01
7.716978123641782261e-01
7.717594054572737283e-01
7.719081043468100090e-01
7.719696974387117994e-01
7.720568032358914312e-01
7.721183963300674025e-01
7.722670952177844717e-01
7.723286883096863731e-01
7.724157941073207523e-01
7.724773872010418652e-01
7.726260860905781458e-01
7.727747849792048207e-01
7.728363780720162168e-01
7.729234838685136166e-01
7.729850769615527195e-01
7.731337758510888891e-01
7.731953689429906795e-01
7.732824747406251698e-01
7.733440678343462826e-01
7.734927667220633518e-01
7.736414656115997435e-01
7.737030587053206343e-01
7.737901645013633978e-01
7.738517575948570260e-01
7.740004564843933066e-01
7.740620495762949860e-01
7.741491553730199815e-01
7.742107484676507001e-01
7.743594473553677693e-01
7.744210404472695597e-01
7.745081462449040499e-01
7.745697393386252738e-01
7.747184382263420099e-01
7.748671371167881183e-01
7.749287302095995145e-01
7.750158360058696516e-01
7.750774290991357951e-01
7.752261279886722978e-01
7.752877210805739772e-01
7.753748268772987506e-01
7.754364199719295803e-01
7.755851188596465384e-01
7.757338177491829301e-01
7.757954108429039319e-01
7.758825166384918370e-01
7.759441097306210011e-01
7.760928086201572818e-01
7.761544017138785057e-01
7.762415075101484208e-01
7.763031006015952418e-01
7.764517994929510669e-01
7.765133925848527463e-01
7.766004983815777418e-01
7.766620914762083494e-01
7.767491972712277093e-01
7.768107903639256406e-01
7.769594892534615882e-01
7.770210823471828121e-01
7.771081881429980909e-01
7.771697812348998813e-01
7.773184801244361619e-01
7.773800732181572748e-01
7.774671790148822703e-01
7.775287721058742330e-01
7.776774709972298361e-01
7.778261698858565110e-01
7.778877629804871185e-01
7.779748687756202763e-01
7.780364618682042988e-01
7.781851607577405794e-01
7.782467538514616923e-01
7.783338596472769710e-01
7.783954527391787614e-01
7.785441516287148200e-01
7.786928505191610395e-01
7.787544436101531131e-01
7.788415494083561486e-01
7.789031425015087162e-01
7.790518413910452189e-01
7.791134344847661097e-01
7.792005402801264191e-01
7.792621333724831789e-01
7.794108322620194595e-01
7.794724253557403504e-01
7.795595311515557402e-01
7.796211242434575306e-01
7.797698231348131337e-01
7.799185220234398086e-01
7.799801151180706382e-01
7.800672209129762003e-01
7.801288140057873743e-01
7.802775128953238770e-01
7.803391059890448789e-01
7.804262117848601576e-01
7.804878048767619481e-01
7.806365037662983397e-01
7.807852026558345093e-01
7.808467957477364108e-01
7.809339015455983857e-01
7.809954946390920139e-01
7.811441935286282945e-01
7.812057866223492963e-01
7.812928924172551914e-01
7.813544855100663655e-01
7.815031843996027572e-01
7.815647774933237590e-01
7.816518832891390378e-01
7.817134763810409392e-01
7.818005821782489928e-01
7.818621752705771089e-01
7.820108741601135005e-01
7.820724672520152909e-01
7.821595730501046395e-01
7.822211661433708940e-01
7.823698650329069526e-01
7.824314581266281765e-01
7.825185639215338496e-01
7.825801570143452457e-01
7.827288559038816373e-01
7.828775547934179180e-01
7.829391478853197084e-01
7.830262536827268249e-01
7.830878467748559890e-01
7.832365456643923807e-01
7.832981387562942821e-01
7.833852445543835197e-01
7.834468376476496632e-01
7.835955365371860548e-01
7.837442354258127297e-01
7.838058285186241259e-01
7.838929343153490104e-01
7.839545274081606285e-01
7.841032262976967981e-01
7.841648193895985886e-01
7.842519251872330788e-01
7.843135182809540806e-01
7.844622171686711498e-01
7.845238102605729402e-01
7.846109160591169251e-01
7.846725091519285433e-01
7.848212080414648240e-01
7.849699069300916099e-01
7.850315000229027840e-01
7.851186058198552642e-01
7.851801989124392867e-01
7.853288978019755673e-01
7.853904908938773577e-01
7.854775966915119589e-01
7.855391897852330718e-01
7.856878886729499190e-01
7.858365875633960274e-01
7.858981806562074235e-01
7.859852864525912475e-01
7.860468795457437041e-01
7.861955784352802068e-01
7.862571715271817752e-01
7.863442773243615180e-01
7.864058704185373783e-01
7.865545693062544474e-01
7.866161623981561268e-01
7.867032681957907281e-01
7.867648612895118410e-01
7.869135601790481216e-01
7.870622590676747965e-01
7.871238521604864147e-01
7.872109579567563298e-01
7.872725510500223622e-01
7.874212499395588649e-01
7.874828430314606553e-01
7.875699488281855398e-01
7.876315419228162584e-01
7.877802408105334386e-01
7.879289397000694972e-01
7.879905327937907211e-01
7.880776385896059999e-01
7.881392316833270018e-01
7.882879305728632824e-01
7.883495236647650728e-01
7.884366294614901793e-01
7.884982225524821420e-01
7.886469214438377451e-01
7.887956203333740257e-01
7.888572134270949165e-01
7.889443192224555590e-01
7.890059123148122078e-01
7.891546112043484884e-01
7.892162042980694903e-01
7.893033100938847690e-01
7.893649031857865594e-01
7.895136020771420515e-01
7.895751951690439530e-01
7.896623009657688375e-01
7.897238940603995561e-01
7.898725929481166252e-01
7.900212918376530169e-01
7.900828849313739077e-01
7.901699907267342171e-01
7.902315838190909769e-01
7.903802827086273686e-01
7.904418758023482594e-01
7.905289815981636492e-01
7.905905746900654396e-01
7.907392735814210427e-01
7.908879724700477176e-01
7.909495655646785472e-01
7.910366713595839983e-01
7.910982644523952834e-01
7.912469633419317860e-01
7.913085564356527879e-01
7.913956622314680667e-01
7.914572553233698571e-01
7.916059542129061377e-01
7.916675473066272506e-01
7.917546531033520241e-01
7.918162461943443198e-01
7.919649450856998119e-01
7.921136439743265978e-01
7.921752370689572054e-01
7.922623428638629894e-01
7.923239359566742745e-01
7.924726348462105552e-01
7.925342279399316681e-01
7.926213337357469468e-01
7.926829268276488483e-01
7.928316257171850179e-01
7.929803246076310153e-01
7.930419176986230889e-01
7.931290234967124375e-01
7.931906165899786920e-01
7.933393154795148616e-01
7.934009085732360855e-01
7.934880143685965059e-01
7.935496074609531547e-01
7.936983063504894353e-01
7.937598994442105482e-01
7.938470052400258270e-01
7.939085983319275064e-01
7.939957041294768425e-01
7.940572972214638980e-01
7.942059961110001787e-01
7.942675892029021911e-01
7.943546950009913177e-01
7.944162880942575722e-01
7.945649869837938528e-01
7.946265800775149657e-01
7.947136858724205277e-01
7.947752789652320349e-01
7.949239778547684265e-01
7.950726767443045961e-01
7.951342698362063866e-01
7.952213756338409878e-01
7.952829687275619897e-01
7.954316676152790588e-01
7.954932607108193832e-01
7.955803665057248342e-01
7.956419595985364523e-01
7.957906584880727330e-01
7.959393573776090136e-01
7.960009504695106930e-01
7.960880562665768601e-01
7.961496493590471957e-01
7.962983482485834763e-01
7.963599413404852667e-01
7.964470471381197569e-01
7.965086402318409808e-01
7.966573391213771504e-01
7.967189322150981523e-01
7.968060380100038254e-01
7.968676311028152215e-01
7.970163299923516131e-01
7.971650288818881158e-01
7.972266219737896842e-01
7.973137277709694271e-01
7.973753208633259648e-01
7.975240197528623565e-01
7.975856128447639248e-01
7.976727186423986371e-01
7.977343117361196390e-01
7.978830106256560306e-01
7.980317095142827055e-01
7.980933026070943237e-01
7.981804084038189862e-01
7.982420014966302713e-01
7.983907003861667739e-01
7.984522934780685643e-01
7.985393992752483072e-01
7.986009923694241674e-01
7.987496912571413477e-01
7.988112843490429160e-01
7.988983901466772952e-01
7.989599832403985191e-01
7.990470890364981260e-01
7.991086821299349108e-01
7.992573810185615857e-01
7.993189741113729818e-01
7.994060799080980884e-01
7.994676730009092624e-01
7.996163718904456541e-01
7.996779649823473335e-01
7.997650707799819347e-01
7.998266638737028256e-01
7.999753627614200058e-01
8.001240616518660032e-01
8.001856547446773993e-01
8.002727605409475364e-01
8.003343536342139020e-01
8.004830525237498495e-01
8.005446456156518620e-01
8.006317514123767465e-01
8.006933445070073541e-01
8.008420433947244232e-01
8.009907422842609259e-01
8.010523353779818168e-01
8.011394411736265653e-01
8.012010342656988859e-01
8.013497331552351666e-01
8.014113262489560574e-01
8.014984320452263056e-01
8.015600251366733486e-01
8.017087240280288407e-01
8.017703171199306311e-01
8.018574229166556266e-01
8.019190160112864563e-01
8.020677148990031924e-01
8.022164137885395840e-01
8.022780068822606969e-01
8.023651126780759757e-01
8.024267057717969776e-01
8.025754046595140467e-01
8.026369977532350486e-01
8.027241035499598221e-01
8.027856966409521178e-01
8.029343955323077209e-01
8.030830944218440015e-01
8.031446875155651144e-01
8.032317933108118480e-01
8.032933864032821836e-01
8.034420852928184642e-01
8.035036783865394661e-01
8.035907841823548559e-01
8.036523772742567573e-01
8.038010761656121383e-01
8.038626692575139288e-01
8.039497750542388133e-01
8.040113681488695319e-01
8.041600670365866010e-01
8.043087659261227707e-01
8.043703590198439946e-01
8.044574648152044150e-01
8.045190579075609527e-01
8.046677567970973444e-01
8.047293498908183462e-01
8.048164556866336250e-01
8.048780487785354154e-01
8.050267476698910185e-01
8.051754465585176934e-01
8.052370396531481900e-01
8.053241454480539741e-01
8.053857385408654812e-01
8.055344374304017618e-01
8.055960305241227637e-01
8.056831363194832951e-01
8.057447294118398329e-01
8.058934283013763356e-01
8.059550213950972264e-01
8.060421271909125052e-01
8.061037202828142956e-01
8.061908260806762705e-01
8.062524191741698987e-01
8.064011180637061793e-01
8.064627111574271812e-01
8.065498169523327432e-01
8.066114100451442503e-01
8.067601089346806420e-01
8.068217020284017549e-01
8.069088078242169226e-01
8.069704009161186020e-01
8.071190998056549937e-01
8.072677986961009911e-01
8.073293917870931757e-01
8.074164975851825243e-01
8.074780906784488899e-01
8.076267895679850595e-01
8.076883826617060613e-01
8.077754884566117344e-01
8.078370815494231305e-01
8.079857804389594111e-01
8.081344793284959138e-01
8.081960724203975932e-01
8.082831782178047098e-01
8.083447713099338738e-01
8.084934701994701545e-01
8.085550632913718339e-01
8.086421690894612935e-01
8.087037621827275480e-01
8.088524610722638286e-01
8.089140541659849415e-01
8.090011599608906145e-01
8.090627530537021217e-01
8.092114519432381803e-01
8.093601508327746830e-01
8.094217439246763623e-01
8.095088497223109636e-01
8.095704428160319654e-01
8.097191417037492567e-01
8.097807347956508250e-01
8.098678405941950320e-01
8.099294336870064281e-01
8.100781325765427088e-01
8.102268314651693837e-01
8.102884245579807798e-01
8.103755303549331490e-01
8.104371234475171715e-01
8.105858223370534521e-01
8.106474154289554646e-01
8.107345212265898438e-01
8.107961143203107346e-01
8.109448132098471262e-01
8.110064063035682391e-01
8.110935120984738012e-01
8.111551051912853083e-01
8.112422109877258647e-01
8.113038040808217000e-01
8.114525029703577585e-01
8.115140960622596600e-01
8.116012018594394029e-01
8.116627949517960516e-01
8.118114938413323323e-01
8.118730869332341227e-01
8.119601927308688349e-01
8.120217858245897258e-01
8.121704847141260064e-01
8.123191836027526813e-01
8.123807766955639664e-01
8.124678824920615883e-01
8.125294755851004691e-01
8.126781744746367497e-01
8.127397675665385401e-01
8.128268733637182830e-01
8.128884664578942543e-01
8.130371653456109904e-01
8.131858642351474931e-01
8.132474573288684949e-01
8.133345631248545260e-01
8.133961562184048866e-01
8.135448551079413892e-01
8.136064481998429576e-01
8.136935539965677311e-01
8.137551470911985607e-01
8.139038459789156299e-01
8.139654390708171983e-01
8.140525448684519105e-01
8.141141379621729124e-01
8.142628368498899816e-01
8.144115357403359790e-01
8.144731288331473751e-01
8.145602346291900275e-01
8.146218277226835447e-01
8.147705266122200474e-01
8.148321197041218378e-01
8.149192255008467223e-01
8.149808185954774409e-01
8.151295174831943990e-01
8.152782163727305687e-01
8.153398094664517926e-01
8.154269152620396977e-01
8.154885083541688617e-01
8.156372072437052534e-01
8.156988003374262552e-01
8.157859061336965034e-01
8.158474992251433244e-01
8.159961981164989275e-01
8.160577912084006069e-01
8.161448970051256024e-01
8.162064900997560990e-01
8.163551889874732792e-01
8.165038878770096709e-01
8.165654809707306727e-01
8.166525867665459515e-01
8.167141798584477419e-01
8.168628787479839115e-01
8.169244718417051354e-01
8.170115776384300199e-01
8.170731707294222046e-01
8.172218696207776967e-01
8.173705685094043716e-01
8.174321616040350902e-01
8.175192673991681369e-01
8.175808604917521594e-01
8.177295593812884400e-01
8.177911524750096639e-01
8.178782582708248317e-01
8.179398513627266221e-01
8.180885502522629027e-01
8.181501433459839046e-01
8.182372491427089001e-01
8.182988422337009737e-01
8.183859480319040092e-01
8.184475411250566879e-01
8.185962400145928575e-01
8.186578331083139703e-01
8.187449389036743908e-01
8.188065319960310395e-01
8.189552308855673202e-01
8.190168239792883220e-01
8.191039297751038228e-01
8.191655228670053912e-01
8.193142217583609943e-01
8.194629206469876692e-01
8.195245137416183878e-01
8.196116195362965762e-01
8.196732126293354570e-01
8.198219115188717376e-01
8.198835046125927395e-01
8.199706104084081293e-01
8.200322035003100307e-01
8.201809023898459783e-01
8.203296012793824810e-01
8.203911943712842714e-01
8.204783001690325595e-01
8.205398932626398745e-01
8.206885921521763771e-01
8.207501852458972680e-01
8.208372910408028300e-01
8.208988841336142261e-01
8.210475830231506178e-01
8.211091761168715086e-01
8.211962819126868984e-01
8.212578750045886888e-01
8.214065738941250805e-01
8.215552727836613611e-01
8.216168658755632626e-01
8.217039716736525001e-01
8.217655647669185326e-01
8.219142636564550353e-01
8.219758567501760371e-01
8.220629625450817102e-01
8.221245556378931063e-01
8.222732545274296090e-01
8.224219534169656676e-01
8.224835465088675690e-01
8.225706523062746856e-01
8.226322453984038496e-01
8.227809442879402413e-01
8.228425373798419207e-01
8.229296431779314913e-01
8.229912362711975238e-01
8.231399351607339154e-01
8.232015282544550283e-01
8.232886340493605903e-01
8.233502271421718754e-01
8.234373329389537144e-01
8.234989260317082671e-01
8.236476249212446588e-01
8.237092180131464492e-01
8.237963238107809394e-01
8.238579169045021633e-01
8.240066157922188994e-01
8.240682088841208008e-01
8.241553146826650078e-01
8.242169077754764039e-01
8.243656066650126846e-01
8.245143055536395815e-01
8.245758986464508666e-01
8.246630044434031248e-01
8.247245975359871473e-01
8.248732964255234279e-01
8.249348895174251073e-01
8.250219953150598196e-01
8.250835884087808214e-01
8.252322872964978906e-01
8.253809861869438880e-01
8.254425792797553951e-01
8.255296850761391081e-01
8.255912781692914537e-01
8.257399770588279564e-01
8.258015701507296358e-01
8.258886759479093786e-01
8.259502690420852389e-01
8.260989679298025301e-01
8.261605610217040985e-01
8.262476668193384777e-01
8.263092599130597016e-01
8.264579588025959822e-01
8.266066576912226571e-01
8.266682507840340532e-01
8.267553565805315641e-01
8.268169496735704449e-01
8.269656485631067255e-01
8.270272416550085159e-01
8.271143474517334004e-01
8.271759405463640080e-01
8.273246394340811882e-01
8.274733383236174689e-01
8.275349314173385817e-01
8.276220372132675474e-01
8.276836303068748624e-01
8.278323291964110320e-01
8.278939222883129334e-01
8.279810280850378179e-01
8.280426211760300026e-01
8.281913200673856057e-01
8.282529131592873961e-01
8.283400189569218863e-01
8.284016120506429992e-01
8.284887178459794388e-01
8.285503109383600684e-01
8.286990098278963490e-01
8.287606029216175729e-01
8.288477087174326297e-01
8.289093018111537425e-01
8.290580007006900232e-01
8.291195937925918136e-01
8.292066995893166981e-01
8.292682926839474167e-01
8.294169915716642638e-01
8.295656904612007665e-01
8.296272835549217683e-01
8.297143893502822998e-01
8.297759824426388375e-01
8.299246813321752292e-01
8.299862744258962310e-01
8.300733802221661461e-01
8.301349733136133002e-01
8.302836722049689033e-01
8.304323710935955782e-01
8.304939641882261858e-01
8.305810699831318589e-01
8.306426630759432550e-01
8.307913619654796467e-01
8.308529550592006485e-01
8.309400608550159273e-01
8.310016539469178287e-01
8.311503528364539983e-01
8.312119459301751112e-01
8.312990517268999957e-01
8.313606448178921804e-01
8.315093437092477835e-01
8.316580425978745694e-01
8.317196356925050660e-01
8.318067414876381127e-01
8.318683345802221352e-01
8.320170334697585268e-01
8.320786265634793066e-01
8.321657323592948075e-01
8.322273254511965979e-01
8.323760243407328785e-01
8.325247232311788759e-01
8.325863163221711716e-01
8.326734221202604092e-01
8.327350152135264416e-01
8.328837141030629443e-01
8.329453071967839461e-01
8.330324129921443665e-01
8.330940060845010153e-01
8.332427049740375180e-01
8.333042980677584088e-01
8.333914038635734656e-01
8.334529969554754780e-01
8.336016958450117587e-01
8.337503947354576450e-01
8.338119878264498297e-01
8.338990936245394003e-01
8.339606867178054328e-01
8.341093856073417134e-01
8.341709787010629373e-01
8.342580844959684994e-01
8.343196775887796734e-01
8.344683764783161761e-01
8.346170753678524568e-01
8.346786684597542472e-01
8.347657742573888484e-01
8.348273673511099613e-01
8.349760662388268084e-01
8.350376593343672438e-01
8.351247651292729168e-01
8.351863582220843130e-01
8.353350571116205936e-01
8.353966502053415955e-01
8.354837560011570963e-01
8.355453490930586646e-01
8.356324548901531424e-01
8.356940479825950563e-01
8.358427468721313369e-01
8.359043399640330163e-01
8.359914457616676176e-01
8.360530388553887304e-01
8.362017377449250111e-01
8.362633308386460129e-01
8.363504366335516860e-01
8.364120297263633041e-01
8.365607286158992517e-01
8.367094275054357544e-01
8.367710205973375448e-01
8.368581263945172877e-01
8.369197194868738254e-01
8.370684183764103281e-01
8.371300114683120075e-01
8.372171172664011340e-01
8.372787103596676106e-01
8.374274092492038912e-01
8.375761081378305661e-01
8.376377012306419623e-01
8.377248070273670688e-01
8.377864001201783539e-01
8.379350990097146346e-01
8.379966921016164250e-01
8.380837978987961678e-01
8.381453909929718060e-01
8.382940898806890972e-01
8.383556829725907766e-01
8.384427887702253779e-01
8.385043818639463797e-01
8.386530807534828824e-01
8.388017796421092243e-01
8.388633727349208424e-01
8.389504785316457269e-01
8.390120716244571231e-01
8.391607705139935147e-01
8.392223636058953051e-01
8.393094694035299064e-01
8.393710624972507972e-01
8.395197613849678664e-01
8.396684602754138638e-01
8.397300533682251489e-01
8.398171591644953971e-01
8.398787522577615405e-01
8.400274511472979322e-01
8.400890442391997226e-01
8.401761500359246071e-01
8.402377431305552147e-01
8.403864420182721728e-01
8.404480351101740743e-01
8.405351409078086755e-01
8.405967340015296774e-01
8.406838397972028476e-01
8.407454328892467466e-01
8.408941317787830272e-01
8.409557248725041401e-01
8.410428306687740552e-01
8.411044237620404207e-01
8.412531226515767013e-01
8.413147157434787138e-01
8.414018215402034873e-01
8.414634146348340948e-01
8.416121135225511640e-01
8.417608124120874447e-01
8.418224055058085575e-01
8.419095113016238363e-01
8.419711043953450602e-01
8.421198032830619074e-01
8.421813963767829092e-01
8.422685021735079047e-01
8.423300952644999784e-01
8.424787941558555815e-01
8.426274930453917511e-01
8.426890861391129750e-01
8.427761919343597086e-01
8.428377850268300442e-01
8.429864839163663248e-01
8.430480770100874377e-01
8.431351828059027165e-01
8.431967758978043959e-01
8.433454747891599990e-01
8.434070678810617894e-01
8.434941736777866739e-01
8.435557667724175035e-01
8.437044656601344617e-01
8.438531645496707423e-01
8.439147576433918552e-01
8.440018634387522756e-01
8.440634565311089244e-01
8.442121554206453160e-01
8.442737485143662068e-01
8.443608543101814856e-01
8.444224474020832760e-01
8.445711462934388791e-01
8.447198451820655540e-01
8.447814382766962726e-01
8.448685440714881478e-01
8.449301371644133418e-01
8.450788360539496225e-01
8.451404291476708464e-01
8.452275349430311557e-01
8.452891280353875825e-01
8.454378269249240851e-01
8.454994200186450870e-01
8.455865258144603658e-01
8.456481189063621562e-01
8.457968177977178703e-01
8.459455166863442122e-01
8.460071097809750418e-01
8.460942155758807148e-01
8.461558086686921110e-01
8.463045075582285026e-01
8.463661006519495045e-01
8.464532064477650053e-01
8.465147995396665737e-01
8.466634984292028543e-01
8.468121973196488517e-01
8.468737904106408143e-01
8.469608962087303849e-01
8.470224893019965284e-01
8.471711881915329201e-01
8.472327812852539219e-01
8.473198870801595950e-01
8.473814801729711021e-01
8.475301790625071607e-01
8.475917721562283846e-01
8.476788779520436634e-01
8.477404710439454538e-01
8.478275768414094138e-01
8.478891699334817345e-01
8.480378688230182371e-01
8.480994619149198055e-01
8.481865677130090431e-01
8.482481608062754086e-01
8.483968596958118003e-01
8.484584527895325801e-01
8.485455585844384752e-01
8.486071516772498713e-01
8.487558505667861519e-01
8.489045494563225436e-01
8.489661425482242230e-01
8.490532483458588242e-01
8.491148414395797150e-01
8.492635403272968952e-01
8.493251334191986857e-01
8.494122392172880343e-01
8.494738323105542888e-01
8.496225312000907914e-01
8.497712300887171333e-01
8.498328231815287515e-01
8.499199289784810096e-01
8.499815220710650321e-01
8.501302209606013127e-01
8.501918140525031031e-01
8.502789198501378154e-01
8.503405129438587062e-01
8.504892118333949869e-01
8.505508049271160997e-01
8.506379107220217728e-01
8.506995038148329469e-01
8.508482027043694496e-01
8.509969015939057302e-01
8.510584946858075206e-01
8.511456004829872635e-01
8.512071935753439123e-01
8.513558924648800819e-01
8.514174855567819833e-01
8.515045913544164735e-01
8.515661844481375864e-01
8.517148833376738670e-01
8.518635822263005419e-01
8.519251753191119381e-01
8.520122811156094489e-01
8.520738742086483297e-01
8.522225730981846104e-01
8.522841661900865118e-01
8.523712719872661436e-01
8.524328650814420039e-01
8.525815639691590730e-01
8.526431570610608635e-01
8.527302628586953537e-01
8.527918559524163555e-01
8.528789617484306973e-01
8.529405548419525251e-01
8.530892537314890278e-01
8.531508468233908182e-01
8.532379526201157027e-01
8.532995457129270989e-01
8.534482446024634905e-01
8.535098376943652809e-01
8.535969434919996601e-01
8.536585365857208840e-01
8.538072354734378422e-01
8.539559343638838396e-01
8.540175274566952357e-01
8.541046332527379992e-01
8.541662263462316274e-01
8.543149252357679080e-01
8.543765183276696984e-01
8.544636241243945829e-01
8.545252172190254125e-01
8.546739161067423707e-01
8.548226149962786513e-01
8.548842080899996532e-01
8.549713138855876693e-01
8.550329069777167224e-01
8.551816058672532250e-01
8.552431989609741159e-01
8.553303047572442530e-01
8.553918978486911850e-01
8.555405967400467881e-01
8.556021898319483565e-01
8.556892956286734631e-01
8.557508887233040706e-01
8.558995876110211398e-01
8.560482865005575315e-01
8.561098795942786444e-01
8.561969853900938121e-01
8.562585784819953805e-01
8.564072773715318831e-01
8.564688704652529960e-01
8.565559762619778805e-01
8.566175693529700652e-01
8.567662682443257793e-01
8.569149671329521212e-01
8.569765602275829508e-01
8.570636660227159975e-01
8.571252591153000200e-01
8.572739580048363006e-01
8.573355510985574135e-01
8.574226568943728033e-01
8.574842499862744827e-01
8.576329488758107633e-01
8.576945419695319872e-01
8.577816477662567607e-01
8.578432408572487233e-01
8.579919397486044375e-01
8.581406386381407181e-01
8.582022317318618310e-01
8.582893375272222514e-01
8.583509306195790112e-01
8.584996295091150698e-01
8.585612226028361826e-01
8.586483283986514614e-01
8.587099214905532518e-01
8.588586203819088549e-01
8.590073192705357519e-01
8.590689123651662484e-01
8.591560181598444368e-01
8.592176112528833176e-01
8.593663101424195983e-01
8.594279032361404891e-01
8.595150090315011315e-01
8.595766021238576693e-01
8.597253010133940609e-01
8.598739999029303416e-01
8.599355929948321320e-01
8.600226987925804201e-01
8.600842918861875130e-01
8.602329907757240157e-01
8.602945838694451286e-01
8.603816896643506906e-01
8.604432827571621978e-01
8.605919816466985894e-01
8.606535747404194803e-01
8.607406805362346480e-01
8.608022736281365495e-01
8.609509725176729411e-01
8.610996714072092217e-01
8.611612644991110121e-01
8.612483702969729871e-01
8.613099633904666153e-01
8.614586622800028959e-01
8.615202553737241198e-01
8.616073611686295708e-01
8.616689542614408559e-01
8.618176531509773586e-01
8.619663520405136392e-01
8.620279451324154296e-01
8.621150509297088593e-01
8.621766440219517103e-01
8.623253429114878799e-01
8.623869360033898923e-01
8.624740418014792409e-01
8.625356348947453844e-01
8.626843337842817760e-01
8.627459268780027779e-01
8.628330326729084510e-01
8.628946257657198471e-01
8.630433246552561277e-01
8.631920235447925194e-01
8.632536166366944208e-01
8.633407224343288000e-01
8.634023155262305904e-01
8.635510144157668710e-01
8.636126075076686615e-01
8.636997133062128684e-01
8.637613063990242646e-01
8.639100052885604342e-01
8.640587041771873311e-01
8.641202972699987273e-01
8.642074030669509854e-01
8.642689961595350079e-01
8.644176950490712885e-01
8.644792881409730789e-01
8.645663939386074581e-01
8.646279870323286820e-01
8.647766859200457512e-01
8.648382790155858535e-01
8.649253848104917486e-01
8.649869779033031447e-01
8.650740836996301253e-01
8.651356767928394254e-01
8.652843756823758170e-01
8.653459687742774964e-01
8.654330745714572393e-01
8.654946676656329885e-01
8.656433665533501687e-01
8.657049596452519591e-01
8.657920654428865603e-01
8.658536585366075622e-01
8.660023574261438428e-01
8.661510563147707398e-01
8.662126494075820249e-01
8.662997552040795357e-01
8.663613482971183055e-01
8.665100471866545861e-01
8.665716402785562655e-01
8.666587460757361194e-01
8.667203391699119797e-01
8.668690380576290488e-01
8.670177369471653295e-01
8.670793300408865534e-01
8.671664358368154080e-01
8.672280289304227230e-01
8.673767278199590036e-01
8.674383209118607940e-01
8.675254267085857895e-01
8.675870197995778632e-01
8.677357186909335773e-01
8.677973117828352567e-01
8.678844175804697469e-01
8.679460106741908598e-01
8.680947095619079290e-01
8.682434084514442096e-01
8.683050015451652115e-01
8.683921073412079750e-01
8.684537004347016032e-01
8.686023993242378838e-01
8.686639924161397852e-01
8.687510982128645587e-01
8.688126913074952773e-01
8.689613901952123465e-01
8.691100890847486271e-01
8.691716821784696290e-01
8.692587879738301604e-01
8.693203810661869202e-01
8.694690799557228678e-01
8.695306730494440917e-01
8.696177788457142288e-01
8.696793719371611608e-01
8.698280708285167639e-01
8.698896639204185544e-01
8.699767697171435499e-01
8.700383628117741575e-01
8.701254686066796085e-01
8.701870616994911156e-01
8.703357605890275073e-01
8.703973536827483981e-01
8.704844594785637879e-01
8.705460525704655783e-01
8.706947514600018589e-01
8.707563445537229718e-01
8.708434503504478563e-01
8.709050434414400410e-01
8.710537423327954221e-01
8.712024412214223190e-01
8.712640343160529266e-01
8.713511401111859733e-01
8.714127332037699958e-01
8.715614320933064985e-01
8.716230251870273893e-01
8.717101309828425570e-01
8.717717240747444585e-01
8.719204229642807391e-01
8.720691218547267365e-01
8.721307149457188101e-01
8.722178207438083808e-01
8.722794138370744133e-01
8.724281127266108049e-01
8.724897058203319178e-01
8.725768116156922272e-01
8.726384047080487649e-01
8.727871035975851566e-01
8.728486966913062695e-01
8.729358024871215482e-01
8.729973955790233386e-01
8.731460944685596193e-01
8.732947933590053946e-01
8.733563864499976903e-01
8.734434922483145236e-01
8.735050853413532934e-01
8.736537842308895740e-01
8.737153773246106869e-01
8.738024831195163600e-01
8.738640762123277561e-01
8.740127751018640367e-01
8.741614739914003174e-01
8.742230670833023298e-01
8.743101728809367090e-01
8.743717659746577109e-01
8.745204648623747801e-01
8.745820579579151044e-01
8.746691637528207774e-01
8.747307568456321736e-01
8.748794557351683432e-01
8.749410488288894561e-01
8.750281546247048459e-01
8.750897477166065253e-01
8.752384466061429169e-01
8.753871454956791975e-01
8.754487385875809879e-01
8.755358443852153671e-01
8.755974374789365910e-01
8.757461363684728717e-01
8.758077294621937625e-01
8.758948352570995466e-01
8.759564283499109427e-01
8.761051272394473344e-01
8.762538261289836150e-01
8.763154192208854054e-01
8.764025250180651483e-01
8.764641181104219081e-01
8.766128169999580777e-01
8.766744100918598681e-01
8.767615158899492167e-01
8.768231089832154712e-01
8.769718078727517518e-01
8.770334009664727537e-01
8.771205067613786488e-01
8.771820998541898229e-01
8.772692056508578640e-01
8.773307987437262145e-01
8.774794976332624952e-01
8.775410907251640635e-01
8.776281965223440285e-01
8.776897896165198887e-01
8.778384885042369579e-01
8.779000815961386373e-01
8.779871873937732385e-01
8.780487804874944624e-01
8.781974793770306320e-01
8.783461782656573069e-01
8.784077713584687030e-01
8.784948771551935875e-01
8.785564702480049837e-01
8.787051691375414864e-01
8.787667622294431657e-01
8.788538680270776560e-01
8.789154611207986578e-01
8.790641600085157270e-01
8.792128588989617244e-01
8.792744519917731205e-01
8.793615577880433687e-01
8.794231508813094012e-01
8.795718497708457928e-01
8.796334428627476942e-01
8.797205486594724677e-01
8.797821417541030753e-01
8.799308406418201445e-01
8.799924337337219349e-01
8.800795395313565361e-01
8.801411326250775380e-01
8.802898315127947182e-01
8.804385304032403825e-01
8.805001234960520007e-01
8.805872292923220268e-01
8.806488223855882813e-01
8.807975212751245619e-01
8.808591143670263524e-01
8.809462201637514589e-01
8.810078132583819555e-01
8.811565121460990246e-01
8.813052110356354163e-01
8.813668041293561961e-01
8.814539099251716969e-01
8.815155030188926988e-01
8.816642019066097680e-01
8.817257950003307698e-01
8.818129007970557653e-01
8.818744938880478390e-01
8.820231927794033311e-01
8.820847858713052325e-01
8.821718916689398338e-01
8.822334847626608356e-01
8.823205905579075692e-01
8.823821836503779048e-01
8.825308825399144075e-01
8.825924756336352983e-01
8.826795814294503550e-01
8.827411745231715789e-01
8.828898734127078596e-01
8.829514665046095390e-01
8.830385723013345345e-01
8.831001653959652531e-01
8.832488642836823223e-01
8.833975631732186029e-01
8.834591562669398268e-01
8.835462620623001362e-01
8.836078551546565629e-01
8.837565540441930656e-01
8.838181471379140675e-01
8.839052529341842046e-01
8.839668460256311366e-01
8.841155449169868508e-01
8.842642438056133036e-01
8.843258369002441333e-01
8.844129426950360084e-01
8.844745357879612024e-01
8.846232346774974831e-01
8.846848277712184849e-01
8.847719335665791274e-01
8.848335266589355541e-01
8.849822255484719458e-01
8.850438186421929476e-01
8.851309244380082264e-01
8.851925175299101278e-01
8.853412164212656199e-01
8.854899153098922948e-01
8.855515084045229024e-01
8.856386141994285754e-01
8.857002072922399716e-01
8.858489061817761412e-01
8.859104992754973651e-01
8.859976050713126439e-01
8.860591981632144343e-01
8.862078970527507149e-01
8.863565959431967123e-01
8.864181890341888970e-01
8.865052948321645587e-01
8.865668879255443890e-01
8.867155868150807807e-01
8.867771799088016715e-01
8.868642857037074556e-01
8.869258787965188517e-01
8.870745776860552434e-01
8.871361707797762453e-01
8.872232765755915240e-01
8.872848696674933144e-01
8.874335685570298171e-01
8.875822674474755924e-01
8.876438605384676661e-01
8.877309663365571257e-01
8.877925594298232692e-01
8.879412583193596609e-01
8.880028514130806627e-01
8.880899572079861137e-01
8.881515503007977319e-01
8.883002491903340125e-01
8.884489480798704042e-01
8.885105411717719726e-01
8.885976469694066848e-01
8.886592400631276867e-01
8.888079389508447559e-01
8.888695320427465463e-01
8.889566378408358949e-01
8.890182309341022604e-01
8.891669298236384300e-01
8.892285229173595429e-01
8.893156287122651049e-01
8.893772218050766121e-01
8.894643276020857137e-01
8.895259206946128927e-01
8.896746195841493954e-01
8.897362126760509637e-01
8.898233184736855650e-01
8.898849115674065668e-01
8.900336104569428475e-01
8.900952035506639604e-01
8.901823093455696334e-01
8.902439024383810295e-01
8.903926013279173102e-01
8.905413002174535908e-01
8.906028933093556033e-01
8.906899991065351241e-01
8.907515921988915508e-01
8.909002910884280535e-01
8.909618841803298439e-01
8.910489899779643341e-01
8.911105830716854470e-01
8.912592819612219497e-01
8.914079808498484025e-01
8.914695739426597987e-01
8.915566797392711074e-01
8.916182728321961903e-01
8.917669717217324710e-01
8.918285648136342614e-01
8.919156706108141153e-01
8.919772637049898645e-01
8.921259625927069337e-01
8.921875556846087241e-01
8.922746614822432143e-01
8.923362545759641051e-01
8.924849534655006078e-01
8.926336523541272827e-01
8.926952454469386788e-01
8.927823512436635633e-01
8.928439443364751815e-01
8.929926432260111291e-01
8.930542363179131415e-01
8.931413421155476318e-01
8.932029352092687446e-01
8.933516340969858138e-01
8.935003329874319222e-01
8.935619260802430963e-01
8.936490318762858598e-01
8.937106249697794880e-01
8.938593238593157686e-01
8.939209169512173370e-01
8.940080227479424435e-01
8.940696158425731621e-01
8.942183147302902313e-01
8.942799078221919107e-01
8.943670136198265119e-01
8.944286067135477358e-01
8.945157125091354189e-01
8.945773056012644719e-01
8.947260044908009746e-01
8.947875975845219765e-01
8.948747033807921136e-01
8.949362964722390457e-01
8.950849953635947598e-01
8.951465884554964392e-01
8.952336942522211016e-01
8.952952873468519313e-01
8.954439862345690004e-01
8.955926851241053921e-01
8.956542782178263939e-01
8.957413840136418948e-01
8.958029771055434631e-01
8.959516759950797438e-01
8.960132690888008566e-01
8.961003748850708828e-01
8.961619679765180368e-01
8.963106668678734179e-01
8.964593657565002038e-01
8.965209588511308114e-01
8.966080646462640802e-01
8.966696577388478806e-01
8.968183566283840502e-01
8.968799497221052741e-01
8.969670555179205529e-01
8.970286486098223433e-01
8.971773474993586239e-01
8.972389405930796258e-01
8.973260463898047323e-01
8.973876394807966950e-01
8.975363383721522981e-01
8.976850372616886897e-01
8.977466303554094695e-01
8.978337361507701120e-01
8.978953292431267608e-01
8.980440281326630414e-01
8.981056212263840433e-01
8.981927270221994331e-01
8.982543201141011124e-01
8.984030190054566045e-01
8.985517178940833904e-01
8.986133109887141091e-01
8.987004167833922974e-01
8.987620098764311782e-01
8.989107087659674589e-01
8.989723018596885717e-01
8.990594076550488811e-01
8.991210007474056409e-01
8.992696996369419216e-01
8.993312927306631455e-01
8.994183985264782022e-01
8.994799916183798816e-01
8.995670974161567024e-01
8.996286905097355957e-01
8.997773893983622706e-01
8.998389824929929892e-01
8.999260882878986623e-01
8.999876813807101694e-01
9.001363802702463390e-01
9.001979733639673409e-01
9.002850791597826197e-01
9.003466722516844101e-01
9.004953711412208017e-01
9.006440700307571934e-01
9.007056631226588728e-01
9.007927689205208477e-01
9.008543620140144759e-01
9.010030609035507565e-01
9.010646539972717584e-01
9.011517597921774314e-01
9.012133528849888275e-01
9.013620517745252192e-01
9.015107506640614998e-01
9.015723437559634013e-01
9.016594495533135634e-01
9.017210426454994598e-01
9.018697415350359625e-01
9.019313346269377529e-01
9.020184404250271015e-01
9.020800335182932450e-01
9.022287324078297477e-01
9.022903255015506385e-01
9.023774312964563116e-01
9.024390243892677077e-01
9.025877232788039883e-01
9.027364221683403800e-01
9.027980152602421704e-01
9.028851210576492869e-01
9.029467141497784510e-01
9.030954130393147317e-01
9.031570061312167441e-01
9.032441119297607290e-01
9.033057050225720142e-01
9.034544039121085168e-01
9.036031028007351917e-01
9.036646958935465879e-01
9.037518016904987350e-01
9.038133947830830905e-01
9.039620936726190381e-01
9.040236867645209395e-01
9.041107925621555408e-01
9.041723856558765426e-01
9.043210845435936118e-01
9.043826776391339362e-01
9.044697834340397202e-01
9.045313765268510053e-01
9.046800754163872860e-01
9.048287743059236776e-01
9.048903673978252460e-01
9.049774731950050999e-01
9.050390662873617487e-01
9.051877651768980293e-01
9.052493582687998197e-01
9.053364640664344209e-01
9.053980571601555338e-01
9.055467560496915924e-01
9.056954549383183783e-01
9.057570480311298855e-01
9.058441538276273963e-01
9.059057469206661661e-01
9.060544458102026688e-01
9.061160389021042372e-01
9.062031446992838690e-01
9.062647377934598403e-01
9.064134366811769095e-01
9.064750297730788109e-01
9.065621355707131901e-01
9.066237286644343030e-01
9.067108344603348469e-01
9.067724275539705836e-01
9.069211264435068642e-01
9.069827195354086546e-01
9.070698253321336502e-01
9.071314184231256128e-01
9.072801173144813269e-01
9.073417104063831173e-01
9.074288162040176076e-01
9.074904092977387204e-01
9.076391081854557896e-01
9.077878070749919592e-01
9.078494001687130721e-01
9.079365059647558356e-01
9.079980990582494638e-01
9.081467979477857444e-01
9.082083910396875348e-01
9.082954968364126414e-01
9.083570899310431379e-01
9.085057888187602071e-01
9.086544877082964877e-01
9.087160808020173786e-01
9.088031865974917078e-01
9.088647796897345588e-01
9.090134785792709504e-01
9.090750716729919523e-01
9.091621774692620894e-01
9.092237705607090215e-01
9.093724694520644025e-01
9.094340625439664150e-01
9.095211683406912995e-01
9.095827614353220181e-01
9.097314603230390873e-01
9.098801592125753679e-01
9.099417523062963697e-01
9.100288581021115375e-01
9.100904511940134389e-01
9.102391500835498306e-01
9.103007431772709435e-01
9.103878489739957169e-01
9.104494420649876796e-01
9.105981409563435047e-01
9.107468398449701796e-01
9.108084329396007872e-01
9.108955387347337229e-01
9.109571318273180784e-01
9.111058307168542481e-01
9.111674238105752499e-01
9.112545296063905287e-01
9.113161226982923191e-01
9.114648215878285997e-01
9.115264146815497126e-01
9.116135204782743751e-01
9.116751135692667818e-01
9.117622193673843300e-01
9.118238124606222739e-01
9.119725113501586655e-01
9.120341044438796674e-01
9.121212102392400878e-01
9.121828033315967366e-01
9.123315022211330172e-01
9.123930953148541301e-01
9.124802011106694088e-01
9.125417942025713103e-01
9.126904930939266913e-01
9.128391919825534773e-01
9.129007850735455509e-01
9.129878908718624952e-01
9.130494839649011540e-01
9.131981828544376567e-01
9.132597759481585475e-01
9.133468817435189679e-01
9.134084748358756167e-01
9.135571737254118974e-01
9.137058726149481780e-01
9.137674657068499684e-01
9.138545715045414131e-01
9.139161645982055715e-01
9.140648634859226407e-01
9.141264565814630760e-01
9.142135623763686381e-01
9.142751554691798122e-01
9.144238543587163148e-01
9.144854474524374277e-01
9.145725532482527065e-01
9.146341463401543859e-01
9.147828452296908885e-01
9.149315441192269471e-01
9.149931372111288486e-01
9.150802430089908235e-01
9.151418361024844517e-01
9.152905349920207323e-01
9.153521280857418452e-01
9.154392338806476292e-01
9.155008269734589144e-01
9.156495258629951950e-01
9.157982247525314756e-01
9.158598178444331550e-01
9.159469236417266957e-01
9.160085167339696577e-01
9.161572156235059383e-01
9.162188087154077287e-01
9.163059145134970773e-01
9.163675076067634429e-01
9.165162064962995014e-01
9.165777995900206143e-01
9.166649053849262874e-01
9.167264984777376835e-01
9.168751973672740752e-01
9.170238962568104668e-01
9.170854893487121462e-01
9.171725951458916670e-01
9.172341882382484268e-01
9.173828871277848185e-01
9.174444802196863868e-01
9.175315860173210991e-01
9.175931791110421010e-01
9.177418780005784926e-01
9.178905768892051675e-01
9.179521699820165637e-01
9.180392757787414482e-01
9.181008688715527333e-01
9.182495677610892360e-01
9.183111608529910264e-01
9.183982666506255166e-01
9.184598597443465184e-01
9.186085586320635876e-01
9.186701517239653780e-01
9.187572575225094740e-01
9.188188506153209811e-01
9.189059564115911183e-01
9.189675495048572618e-01
9.191162483943936534e-01
9.191778414862954438e-01
9.192649472830204394e-01
9.193265403776510469e-01
9.194752392653680051e-01
9.195368323572697955e-01
9.196239381549043967e-01
9.196855312486252876e-01
9.198342301363424678e-01
9.199829290267884652e-01
9.200445221195998613e-01
9.201316279158698874e-01
9.201932210091361419e-01
9.203419198986723115e-01
9.204035129905742130e-01
9.204906187872992085e-01
9.205522118819298161e-01
9.207009107696468853e-01
9.208496096591832769e-01
9.209112027529042788e-01
9.209983085487194465e-01
9.210599016424405594e-01
9.212086005301576286e-01
9.212701936238788525e-01
9.213572994206036260e-01
9.214188925115956996e-01
9.215675914029513027e-01
9.216291844948530931e-01
9.217162902924876944e-01
9.217778833862086962e-01
9.219265822739258764e-01
9.220752811634620461e-01
9.221368742571831589e-01
9.222239800529984377e-01
9.222855731467194396e-01
9.224342720362557202e-01
9.224958651281575106e-01
9.225829709248822841e-01
9.226445640195131137e-01
9.227932629072301829e-01
9.229419617967664635e-01
9.230035548904875764e-01
9.230906606858479968e-01
9.231522537782046456e-01
9.233009526677409262e-01
9.233625457614619281e-01
9.234496515577320652e-01
9.235112446491792193e-01
9.236599435405346004e-01
9.237215366324363908e-01
9.238086424291612753e-01
9.238702355237919939e-01
9.239573413186124018e-01
9.240189344115090631e-01
9.241676333010455657e-01
9.242292263947663455e-01
9.243163321901268770e-01
9.243779252824834147e-01
9.245266241720198064e-01
9.245882172657406972e-01
9.246753230615560870e-01
9.247369161534578774e-01
9.248856150448134805e-01
9.250343139334401554e-01
9.250959070280709851e-01
9.251830128229764361e-01
9.252446059157877212e-01
9.253933048053242238e-01
9.254548978990452257e-01
9.255420036948605045e-01
9.256035967867622949e-01
9.257522956762987976e-01
9.259009945667445729e-01
9.259625876577367576e-01
9.260496934557124193e-01
9.261112865490923607e-01
9.262599854386286413e-01
9.263215785323496432e-01
9.264086843272555383e-01
9.264702774200667124e-01
9.266189763096031040e-01
9.266805694033242169e-01
9.267676751991393846e-01
9.268292682910409530e-01
9.269779671805774557e-01
9.271266660710234531e-01
9.271882591620155267e-01
9.272753649601049863e-01
9.273369580533713519e-01
9.274856569429072994e-01
9.275472500366285233e-01
9.276343558315341964e-01
9.276959489243455925e-01
9.278446478138818732e-01
9.279933467034183758e-01
9.280549397953200552e-01
9.281420455929544344e-01
9.282036386866755473e-01
9.283523375743926165e-01
9.284139306662942959e-01
9.285010364643837555e-01
9.285626295576500100e-01
9.287113284471862906e-01
9.287729215409074035e-01
9.288600273358130766e-01
9.289216204286245837e-01
9.290703193181606423e-01
9.292190182076970340e-01
9.292806112995988244e-01
9.293677170972334256e-01
9.294293101909544275e-01
9.295780090804909301e-01
9.296396021742118210e-01
9.297267079691172720e-01
9.297883010619288902e-01
9.299369999514651708e-01
9.300856988410014514e-01
9.301472919329032418e-01
9.302343977300832067e-01
9.302959908224396335e-01
9.304446897119759141e-01
9.305062828038777045e-01
9.305933886015121947e-01
9.306549816952330856e-01
9.308036805847695883e-01
9.309523794733962632e-01
9.310139725662076593e-01
9.311010783627621246e-01
9.311626714557440510e-01
9.313113703452802206e-01
9.313729634371821220e-01
9.314600692343618649e-01
9.315216623285377251e-01
9.316703612162547943e-01
9.317319543081565847e-01
9.318190601057912970e-01
9.318806531995121878e-01
9.320293520890484684e-01
9.321780509776751433e-01
9.322396440704864284e-01
9.323267498672114240e-01
9.323883429600229311e-01
9.325370418495592117e-01
9.325986349414610022e-01
9.326857407390954924e-01
9.327473338328166053e-01
9.328960327205334524e-01
9.330447316109795608e-01
9.331063247037909569e-01
9.331934304999474072e-01
9.332550235933273486e-01
9.334037224828636292e-01
9.334653155747654196e-01
9.335524213714901931e-01
9.336140144661210227e-01
9.337627133538380919e-01
9.338243064457399933e-01
9.339114122433743725e-01
9.339730053370953744e-01
9.341217042248124436e-01
9.342704031152584410e-01
9.343319962080698371e-01
9.344191020043399742e-01
9.344806950976063398e-01
9.346293939871425094e-01
9.346909870790442998e-01
9.347780928757691843e-01
9.348396859703997919e-01
9.349883848581168611e-01
9.351370837476533637e-01
9.351986768413742546e-01
9.352857826371895333e-01
9.353473757290913237e-01
9.354960746186276044e-01
9.355576677123484952e-01
9.356447735086187434e-01
9.357063666000657864e-01
9.358550654914212785e-01
9.359166585833230689e-01
9.360037643800480645e-01
9.360653574746788941e-01
9.361524632698117188e-01
9.362140563623956302e-01
9.363627552519320218e-01
9.364243483456531347e-01
9.365114541414684135e-01
9.365730472333702039e-01
9.367217461229067066e-01
9.367833392166274864e-01
9.368704450133524819e-01
9.369320381043445556e-01
9.370807369957001587e-01
9.372294358852365503e-01
9.372910289789575522e-01
9.373781347743181946e-01
9.374397278666746214e-01
9.375884267562109020e-01
9.376500198499321259e-01
9.377371256457472937e-01
9.377987187376488620e-01
9.379474176290045762e-01
9.380961165176312511e-01
9.381577096122619697e-01
9.382448154069400470e-01
9.383064084999791499e-01
9.384551073895152085e-01
9.385167004832364324e-01
9.386038062785968528e-01
9.386653993709535015e-01
9.388140982604897822e-01
9.388756913542107840e-01
9.389627971500262849e-01
9.390243902419278532e-01
9.391730891332834563e-01
9.393217880219101312e-01
9.393833811165406278e-01
9.394704869114465229e-01
9.395320800042579190e-01
9.396807788937941996e-01
9.397423719875152015e-01
9.398294777833304803e-01
9.398910708752324927e-01
9.400397697647684403e-01
9.401884686543049430e-01
9.402500617462067334e-01
9.403371675440687083e-01
9.403987606375623365e-01
9.405474595270988392e-01
9.406090526208196190e-01
9.406961584157251810e-01
9.407577515085366882e-01
9.409064503980730798e-01
9.409680434917939706e-01
9.410551492876093604e-01
9.411167423795111509e-01
9.412038481768614240e-01
9.412654412690474315e-01
9.414141401594934289e-01
9.414757332504856135e-01
9.415628390485749621e-01
9.416244321418409946e-01
9.417731310313774973e-01
9.418347241250984991e-01
9.419218299200041722e-01
9.419834230128155683e-01
9.421321219023520710e-01
9.422808207918880186e-01
9.423424138837900310e-01
9.424295196811971476e-01
9.424911127733263116e-01
9.426398116628627033e-01
9.427014047547643827e-01
9.427885105528539533e-01
9.428501036461199858e-01
9.429988025356563774e-01
9.431475014242830524e-01
9.432090945170942264e-01
9.432962003139898632e-01
9.433577934066307291e-01
9.435064922961671208e-01
9.435680853880688002e-01
9.436551911857034014e-01
9.437167842794244033e-01
9.438654831671413614e-01
9.439270762626817968e-01
9.440141820575874698e-01
9.440757751503988660e-01
9.442244740399351466e-01
9.443731729294715382e-01
9.444347660213733286e-01
9.445218718183255868e-01
9.445834649109096093e-01
9.447321638004458899e-01
9.447937568923479024e-01
9.448808626899822816e-01
9.449424557837032834e-01
9.450911546732395641e-01
9.452398535618663500e-01
9.453014466546777461e-01
9.453885524511750349e-01
9.454501455442139157e-01
9.455988444337503074e-01
9.456604375256520978e-01
9.457475433228318407e-01
9.458091364170077009e-01
9.459578353047247701e-01
9.460194283966265605e-01
9.461065341942609397e-01
9.461681272879821636e-01
9.463168261775184442e-01
9.464655250661451191e-01
9.465271181589565153e-01
9.466142239556815108e-01
9.466758170484929069e-01
9.468245159380291875e-01
9.468861090299309780e-01
9.469732148275655792e-01
9.470348079212866921e-01
9.471835068090036502e-01
9.473322056985399309e-01
9.473937987922609327e-01
9.474809045883038072e-01
9.475424976817973244e-01
9.476911965713338271e-01
9.477527896632353954e-01
9.478398954599602799e-01
9.479014885545909985e-01
9.480501874423080677e-01
9.481117805342096361e-01
9.481988863318443483e-01
9.482604794255654612e-01
9.483475852210395685e-01
9.484091783132825304e-01
9.485578772028188110e-01
9.486194702965400349e-01
9.487065760928099500e-01
9.487681691842567711e-01
9.489168680756124852e-01
9.489784611675142756e-01
9.490655669642391601e-01
9.491271600588698787e-01
9.492758589465870589e-01
9.494245578361232285e-01
9.494861509298442304e-01
9.495732567254321355e-01
9.496348498175612995e-01
9.497835487070976912e-01
9.498451418008186931e-01
9.499322475970889412e-01
9.499938406885357622e-01
9.501425395798913653e-01
9.502912384685180402e-01
9.503528315631485368e-01
9.504399373581680077e-01
9.505015304508657170e-01
9.506502293404021087e-01
9.507118224341231105e-01
9.507989282299383893e-01
9.508605213218402907e-01
9.510092202113763493e-01
9.510708133050975732e-01
9.511579191018224577e-01
9.512195121928146424e-01
9.513682110841701345e-01
9.515169099727970314e-01
9.515785030674275280e-01
9.516656088627878374e-01
9.517272019551445972e-01
9.518759008446808778e-01
9.519374939384017686e-01
9.520245997342172695e-01
9.520861928261190599e-01
9.522348917174745520e-01
9.523835906061013379e-01
9.524451836970934115e-01
9.525322894954102448e-01
9.525938825884489036e-01
9.527425814779854063e-01
9.528041745717064082e-01
9.528912803670668286e-01
9.529528734594234773e-01
9.531015723489599800e-01
9.531631654426807598e-01
9.532502712384959276e-01
9.533118643303978290e-01
9.533989701280750628e-01
9.534605632217534321e-01
9.536092621094705013e-01
9.536708552050108256e-01
9.537579609999166097e-01
9.538195540927278948e-01
9.539682529822641754e-01
9.540298460759853993e-01
9.541169518718005671e-01
9.541785449637021355e-01
9.543272438532386381e-01
9.544759427427749188e-01
9.545375358346767092e-01
9.546246416325387951e-01
9.546862347260324233e-01
9.548349336155684819e-01
9.548965267092897058e-01
9.549836325041952678e-01
9.550452255970067750e-01
9.551939244865430556e-01
9.553426233760795583e-01
9.554042164679811266e-01
9.554913222652745564e-01
9.555529153575175183e-01
9.557016142470537989e-01
9.557632073389557004e-01
9.558503131370449379e-01
9.559119062303111924e-01
9.560606051198474731e-01
9.561221982135684749e-01
9.562093040084741480e-01
9.562708971012855441e-01
9.564195959908217137e-01
9.565682948803582164e-01
9.566298879722600068e-01
9.567169937696671234e-01
9.567785868617962874e-01
9.569272857513326791e-01
9.569888788432344695e-01
9.570759846408688487e-01
9.571375777345899616e-01
9.572862766241263532e-01
9.574349755127530281e-01
9.574965686055644243e-01
9.575836744024029956e-01
9.576452674951007049e-01
9.577939663846370966e-01
9.578555594765388870e-01
9.579426652741733772e-01
9.580042583678942680e-01
9.581529572556114482e-01
9.582145503475132386e-01
9.583016561460574456e-01
9.583632492388688418e-01
9.585119481284052334e-01
9.586606470170320193e-01
9.587222401098433044e-01
9.588093459065681889e-01
9.588709389993795851e-01
9.590196378889159767e-01
9.590812309808175451e-01
9.591683367784522574e-01
9.592299298721732592e-01
9.593786287598903284e-01
9.595273276503363258e-01
9.595889207431478329e-01
9.596760265394178591e-01
9.597376196326840025e-01
9.598863185222203942e-01
9.599479116141220736e-01
9.600350174113018165e-01
9.600966105054776767e-01
9.602453093931949679e-01
9.603069024850965363e-01
9.603940082827311375e-01
9.604556013764521394e-01
9.605427071722674182e-01
9.606043002659884200e-01
9.607529991537054892e-01
9.608145922474266021e-01
9.609016980441515976e-01
9.609632911351436713e-01
9.611119900264991633e-01
9.611735831184011758e-01
9.612606889160355550e-01
9.613222820097564458e-01
9.614709808974736260e-01
9.616196797870099067e-01
9.616812728807310195e-01
9.617683786767735610e-01
9.618299717702674112e-01
9.619786706598035808e-01
9.620402637517053712e-01
9.621273695484303667e-01
9.621889626430609743e-01
9.623376615307780435e-01
9.624863604203145462e-01
9.625479535140354370e-01
9.626350593093957464e-01
9.626966524017525062e-01
9.628453512912887868e-01
9.629069443850096777e-01
9.629940501812799258e-01
9.630556432727268579e-01
9.632043421640824610e-01
9.632659352559842514e-01
9.633530410527091359e-01
9.634146341473399655e-01
9.635633330350567016e-01
9.637120319245932043e-01
9.637736250183142062e-01
9.638607308136747376e-01
9.639223239060312753e-01
9.640710227955677780e-01
9.641326158892886689e-01
9.642197216851038366e-01
9.642813147770057380e-01
9.644300136683613411e-01
9.645787125569880160e-01
9.646403056516187347e-01
9.647274114465245187e-01
9.647890045393358038e-01
9.649377034288720845e-01
9.649992965225933084e-01
9.650864023184083651e-01
9.651479954103100445e-01
9.652966942998465472e-01
9.653582873935675490e-01
9.654453931902924335e-01
9.655069862812846182e-01
9.655940920792887017e-01
9.656556851726403323e-01
9.658043840621763909e-01
9.658659771558975038e-01
9.659530829508031768e-01
9.660146760436145730e-01
9.661633749331509646e-01
9.662249680268719665e-01
9.663120738226873563e-01
9.663736669145890357e-01
9.665223658041253163e-01
9.666710646945713137e-01
9.667326577855636094e-01
9.668197635836528470e-01
9.668813566769189904e-01
9.670300555664553821e-01
9.670916486601763840e-01
9.671787544555368044e-01
9.672403475478934531e-01
9.673890464374296227e-01
9.675377453269661254e-01
9.675993384188679158e-01
9.676864442165024061e-01
9.677480373102234079e-01
9.678967361979404771e-01
9.679583292898422675e-01
9.680454350879315051e-01
9.681070281811978706e-01
9.682557270707341512e-01
9.683173201644550421e-01
9.684044259593609372e-01
9.684660190521723333e-01
9.686147179417086139e-01
9.687634168312448946e-01
9.688250099231466850e-01
9.689121157207812862e-01
9.689737088145021771e-01
9.691224077040386797e-01
9.691840007977596816e-01
9.692711065926653546e-01
9.693326996854767508e-01
9.694813985750130314e-01
9.696300974645492010e-01
9.696916905564511024e-01
9.697787963536308453e-01
9.698403894459874941e-01
9.699890883355237747e-01
9.700506814274254541e-01
9.701377872250601664e-01
9.701993803187811682e-01
9.703480792083174489e-01
9.704096723020385618e-01
9.704967780969441238e-01
9.705583711897557420e-01
9.706454769863381848e-01
9.707070700792919116e-01
9.708557689688281922e-01
9.709173620607299826e-01
9.710044678579097255e-01
9.710660609502663743e-01
9.712147598398027659e-01
9.712763529317044453e-01
9.713634587293389355e-01
9.714250518230600484e-01
9.715737507125963290e-01
9.717224496012230039e-01
9.717840426940344001e-01
9.718711484907595066e-01
9.719327415835707917e-01
9.720814404731070724e-01
9.721430335650089738e-01
9.722301393626433530e-01
9.722917324563644659e-01
9.724404313440815351e-01
9.725891302345274214e-01
9.726507233273388175e-01
9.727378291234952679e-01
9.727994222168753202e-01
9.729481211064114898e-01
9.730097141983132802e-01
9.730968199950381647e-01
9.731584130896688833e-01
9.733071119773859525e-01
9.733687050692877429e-01
9.734558108669224552e-01
9.735174039606432350e-01
9.736661028483603042e-01
9.738148017388063016e-01
9.738763948316175867e-01
9.739635006278878349e-01
9.740250937211539783e-01
9.741737926106903700e-01
9.742353857025921604e-01
9.743224914993170449e-01
9.743840845939478745e-01
9.745327834816646106e-01
9.746814823712011133e-01
9.747430754649221152e-01
9.748301812606237071e-01
9.748917743526391844e-01
9.750404732421756870e-01
9.751020663358965779e-01
9.751891721321664930e-01
9.752507652236136471e-01
9.753994641149692502e-01
9.754610572068708185e-01
9.755481630035959251e-01
9.756097560982265327e-01
9.757584549859436018e-01
9.759071538754799935e-01
9.759687469692011064e-01
9.760558527650162741e-01
9.761174458587371650e-01
9.762661447464543452e-01
9.763277378401754580e-01
9.764148436369003425e-01
9.764764367278924162e-01
9.766251356192482413e-01
9.767738345087841889e-01
9.768354276025054128e-01
9.769225333978658332e-01
9.769841264902224820e-01
9.771328253797587626e-01
9.771944184734798755e-01
9.772815242692952653e-01
9.773431173611969447e-01
9.774918162525524368e-01
9.775534093444542272e-01
9.776405151411792227e-01
9.777021082358097193e-01
9.777892140305449731e-01
9.778508071235268995e-01
9.779995060130631801e-01
9.780610991067842930e-01
9.781482049021447134e-01
9.782097979945013622e-01
9.783584968840375318e-01
9.784200899777586447e-01
9.785071957735739234e-01
9.785687888654757138e-01
9.787174877568313169e-01
9.788661866454579918e-01
9.789277797400887104e-01
9.790148855349941615e-01
9.790764786278057796e-01
9.792251775173420603e-01
9.792867706110629511e-01
9.793738764064235935e-01
9.794354694987801313e-01
9.795841683883165230e-01
9.797328672778528036e-01
9.797944603697545940e-01
9.798815661676163469e-01
9.799431592611099751e-01
9.800918581506464777e-01
9.801534512443675906e-01
9.802405570392731526e-01
9.803021501320845488e-01
9.804508490216209404e-01
9.805124421153419423e-01
9.805995479111571100e-01
9.806611410030590115e-01
9.808098398925952921e-01
9.809585387830412895e-01
9.810201318740332521e-01
9.811072376721228228e-01
9.811688307653890773e-01
9.813175296549253579e-01
9.813791227486463598e-01
9.814662285435520328e-01
9.815278216363636510e-01
9.816765205258998206e-01
9.818252194154361012e-01
9.818868125073378916e-01
9.819739183047451192e-01
9.820355113968741723e-01
9.821842102864106749e-01
9.822458033783122433e-01
9.823329091764017029e-01
9.823945022696678464e-01
9.825432011592042381e-01
9.826047942529252399e-01
9.826919000478309130e-01
9.827534931406423091e-01
9.828405989375518237e-01
9.829021920301785897e-01
9.830508909197149814e-01
9.831124840116168828e-01
9.831995898092512620e-01
9.832611829029722639e-01
9.834098817906893331e-01
9.834714748862296574e-01
9.835585806811353304e-01
9.836201737739467266e-01
9.837688726634832292e-01
9.839175715530193989e-01
9.839791646449211893e-01
9.840662704418734474e-01
9.841278635344574699e-01
9.842765624239937505e-01
9.843381555158955409e-01
9.844252613135302532e-01
9.844868544072511440e-01
9.846355532967874247e-01
9.847842521854142106e-01
9.848458452782253847e-01
9.849329510747231176e-01
9.849945441677618874e-01
9.851432430572981680e-01
9.852048361491999584e-01
9.852919419463797013e-01
9.853535350405557836e-01
9.855022339282725197e-01
9.855638270201744211e-01
9.856509328178089113e-01
9.857125259115300242e-01
9.858612248010663048e-01
9.860099236896932018e-01
9.860715167825043759e-01
9.861586225792291494e-01
9.862202156720407675e-01
9.863689145615770482e-01
9.864305076534787275e-01
9.865176134511134398e-01
9.865792065448344417e-01
9.867279054325515109e-01
9.868766043220877915e-01
9.869381974158090154e-01
9.870253032118515568e-01
9.870868963053449630e-01
9.872355951948814656e-01
9.872971882867832560e-01
9.873842940835081405e-01
9.874458871781388591e-01
9.875945860658560393e-01
9.876561791577577187e-01
9.877432849553920979e-01
9.878048780491133218e-01
9.879535769368303910e-01
9.881022758272762774e-01
9.881638689200876735e-01
9.882509747163579217e-01
9.883125678096240652e-01
9.884612666991603458e-01
9.885228597910621362e-01
9.886099655877870207e-01
9.886715586824175173e-01
9.888202575701348085e-01
9.889689564596710891e-01
9.890305495533920910e-01
9.891176553489802181e-01
9.891792484411091602e-01
9.893279473306453298e-01
9.893895404243665537e-01
9.894766462206366908e-01
9.895382393120836229e-01
9.896869382034392260e-01
9.897485312953410164e-01
9.898356370920660119e-01
9.898972301866965084e-01
9.899843359817158683e-01
9.900459290744135776e-01
9.901946279639499693e-01
9.902562210576708601e-01
9.903433268534862499e-01
9.904049199453880403e-01
9.905536188349243210e-01
9.906152119286454338e-01
9.907023177253703183e-01
9.907639108163625030e-01
9.909126097077178841e-01
9.910613085963447810e-01
9.911229016909753886e-01
9.912100074861084353e-01
9.912716005786924578e-01
9.914202994682287384e-01
9.914818925619498513e-01
9.915689983577649080e-01
9.916305914496669205e-01
9.917792903410225236e-01
9.919279892296491985e-01
9.919895823206411611e-01
9.920766881188444186e-01
9.921382812119968753e-01
9.922869801015332669e-01
9.923485731952542688e-01
9.924356789906146892e-01
9.924972720829714490e-01
9.926459709725076186e-01
9.927075640662287315e-01
9.927946698620440102e-01
9.928562629539456896e-01
9.930049618453012927e-01
9.931536607339281897e-01
9.932152538285586862e-01
9.933023596234643593e-01
9.933639527162757554e-01
9.935126516058120361e-01
9.935742446995331489e-01
9.936613504953484277e-01
9.937229435872502181e-01
9.938716424767864988e-01
9.940203413663227794e-01
9.940819344582247918e-01
9.941690402560865447e-01
9.942306333495801729e-01
9.943793322391164535e-01
9.944409253328375664e-01
9.945280311277432395e-01
9.945896242205546356e-01
9.947383231100910272e-01
9.947999162038119181e-01
9.948870219996271969e-01
9.949486150915289873e-01
9.950357208887655736e-01
9.950973139810653789e-01
9.952460128706016596e-01
9.953076059625034500e-01
9.953947117605929096e-01
9.954563048538590531e-01
9.956050037433953337e-01
9.956665968371165576e-01
9.957537026320220086e-01
9.958152957248332937e-01
9.959639946143697964e-01
9.961126935039060770e-01
9.961742865958078674e-01
9.962613923932148730e-01
9.963229854853443701e-01
9.964716843748803177e-01
9.965332774667823301e-01
9.966203832648716787e-01
9.966819763581378222e-01
9.968306752476742139e-01
9.969793741363009998e-01
9.970409672291122849e-01
9.971280730259509673e-01
9.971896661186485655e-01
9.973383650081849572e-01
9.973999581000865255e-01
9.974870638977212378e-01
9.975486569914423507e-01
9.976973558791593089e-01
9.977589489710610993e-01
9.978460547696053062e-01
9.979076478624169244e-01
9.980563467519528720e-01
9.982050456405797689e-01
9.982666387333911651e-01
9.983537445303434232e-01
9.984153376229274457e-01
9.985640365124639484e-01
9.986256296043655167e-01
9.987127354020000070e-01
9.987743284957211198e-01
9.989230273834381890e-01
9.990717262738841864e-01
9.991333193666955825e-01
9.992204251630794065e-01
9.992820182562318632e-01
9.994307171457682548e-01
9.994923102376700452e-01
9.995794160348496771e-01
9.996410091290254263e-01
9.997897080167426065e-01
9.998513011086443969e-01
9.999384069062789981e-01
1.000000000000000000e+00
