0.000000000000000000e+00
2.571266438450259175e-03
4.544362307996496070e-03
6.207837569010017827e-03
7.673457711264406594e-03
8.998541946272933800e-03
1.021713996852355658e-02
1.135143668488987866e-02
1.241684154063916155e-02
1.342457388229935378e-02
1.438310327714600011e-02
1.529900963325138766e-02
1.617752552413920242e-02
1.702289343394830165e-02
1.783860972327053901e-02
1.862759634965407626e-02
1.939232488791304762e-02
2.013490810954596602e-02
2.085716892665217745e-02
2.156069318451093661e-02
2.224687069986066093e-02
2.291692759357656303e-02
2.357195207380071572e-02
2.421291522157302187e-02
2.484068791421879113e-02
2.545605472900231911e-02
2.605972546060456724e-02
2.665234473463866383e-02
2.723450008831478433e-02
2.780672880679311079e-02
2.836952374169087604e-02
2.892333829105309118e-02
2.946859068391942046e-02
3.000566768461196757e-02
3.053492781000061163e-02
3.105670413579130970e-02
3.157130675423631960e-02
3.207902493476836453e-02
3.258012903030259311e-02
3.307487216486657694e-02
3.356349173245620071e-02
3.404621073230102574e-02
3.452323896184603114e-02
3.499477408555283497e-02
3.546100259496245966e-02
3.592210067324272393e-02
3.637823497558374808e-02
3.682956333524146225e-02
3.727623540370753746e-02
3.771839323236556019e-02
3.815617180204008974e-02
3.858969950603273469e-02
3.901909859154317067e-02
3.944448556377480597e-02
3.986597155650947050e-02
4.028366267249025579e-02
4.069766029656533141e-02
4.110806138421075479e-02
4.151495872775718549e-02
4.191844120239134747e-02
4.231859399377868591e-02
4.271549880895812029e-02
4.310923407198730128e-02
4.349987510566476201e-02
4.388749430052112099e-02
4.427216127215264502e-02
4.465394300786541815e-02
4.503290400350431349e-02
4.540910639125813469e-02
4.578261005915760379e-02
4.615347276291691808e-02
4.652175023070991705e-02
4.688749626141878318e-02
4.725076281684570390e-02
4.761160010833451195e-02
4.797005667821122032e-02
4.832617947641706241e-02
4.868001393267642335e-02
4.903160402451376548e-02
4.938099234140736621e-02
4.972822014534488549e-02
5.007332742802443615e-02
5.041635296492530394e-02
5.075733436645535335e-02
5.109630812636595243e-02
5.143330966761062301e-02
5.176837338581069536e-02
5.210153269047852059e-02
5.243282004413833686e-02
5.276226699947419302e-02
5.308990423462518066e-02
5.341576158673979474e-02
5.373986808389304148e-02
5.406225197546308398e-02
5.438294076105720798e-02
5.470196121807086032e-02
5.501933942795797505e-02
5.533510080128550140e-02
5.564927010164005816e-02
5.596187146845058025e-02
5.627292843878598655e-02
5.658246396818431695e-02
5.689050045056449900e-02
5.719705973727051002e-02
5.750216315529305122e-02
5.780583152471206743e-02
5.810808517540048262e-02
5.840894396302665631e-02
5.870842728439180230e-02
5.900655409213519803e-02
5.930334290883940151e-02
5.959881184056437659e-02
5.989297858983939210e-02
6.018586046813819562e-02
6.047747440786289952e-02
6.076783697385988725e-02
6.105696437448965980e-02
6.134487247227195239e-02
6.163157679412548801e-02
6.191709254122137324e-02
6.220143459846757400e-02
6.248461754364138809e-02
6.276665565618562426e-02
6.304756292568360065e-02
6.332735306002704179e-02
6.360603949329066142e-02
6.388363539332572727e-02
6.416015366908521533e-02
6.443560697769179502e-02
6.471000773125983041e-02
6.498336810348138981e-02
6.525570003598661628e-02
6.552701524448747983e-02
6.579732522471411216e-02
6.606664125815205069e-02
6.633497441758853808e-02
6.660233557247563496e-02
6.686873539411745948e-02
6.713418436068852024e-02
6.739869276208981796e-02
6.766227070464909954e-02
6.792492811567146793e-02
6.818667474784577409e-02
6.844752018351274447e-02
6.870747383879984016e-02
6.896654496762796849e-02
6.922474266559498768e-02
6.948207587374036209e-02
6.973855338219554778e-02
6.999418383372452146e-02
7.024897572715776972e-02
7.050293742072459569e-02
7.075607713528646314e-02
7.100840295747586073e-02
7.125992284274300370e-02
7.151064461831470320e-02
7.176057598606772059e-02
7.200972452531990975e-02
7.225809769554208950e-02
7.250570283899311630e-02
7.275254718328105774e-02
7.299863784385275667e-02
7.324398182641450594e-02
7.348858602928574901e-02
7.373245724568848469e-02
7.397560216597419414e-02
7.421802737979051046e-02
7.445973937818964328e-02
7.470074455568015415e-02
7.494104921222451143e-02
7.518065955518361820e-02
7.541958170121022820e-02
7.565782167809290137e-02
7.589538542655220599e-02
7.613227880199022191e-02
7.636850757619542684e-02
7.660407743900381206e-02
7.683899399991787893e-02
7.707326278968484878e-02
7.730688926183505727e-02
7.753987879418215712e-02
7.777223669028576758e-02
7.800396818087834694e-02
7.823507842525680156e-02
7.846557251264002497e-02
7.869545546349367149e-02
7.892473223082281664e-02
7.915340770143347582e-02
7.938148669716395267e-02
7.960897397608719672e-02
7.983587423368417035e-02
8.006219210399012631e-02
8.028793216071372640e-02
8.051309891833026422e-02
8.073769683314936663e-02
8.096173030435835360e-02
8.118520367504139523e-02
8.140812123317550664e-02
8.163048721260406093e-02
8.185230579398812545e-02
8.207358110573650944e-02
8.229431722491482859e-02
8.251451817813480749e-02
8.273418794242326513e-02
8.295333044607244855e-02
8.317194956947140949e-02
8.339004914591939543e-02
8.360763296242160192e-02
8.382470476046742502e-02
8.404126823679250458e-02
8.425732704412387808e-02
8.447288479190971644e-02
8.468794504703322512e-02
8.490251133451183485e-02
8.511658713818132105e-02
8.533017590136589281e-02
8.554328102753425145e-02
8.575590588094206268e-02
8.596805378726105062e-02
8.617972803419544914e-02
8.639093187208557456e-02
8.660166851449933867e-02
8.681194113881152141e-02
8.702175288677169163e-02
8.723110686506045652e-02
8.744000614583478936e-02
8.764845376726221327e-02
8.785645273404488198e-02
8.806400601793282212e-02
8.827111655822748870e-02
8.847778726227505108e-02
8.868402100595074167e-02
8.888982063413297663e-02
8.909518896116908060e-02
8.930012877133153282e-02
8.950464281926590049e-02
8.970873383042976545e-02
8.991240450152382380e-02
9.011565750091442284e-02
9.031849546904849313e-02
9.052092101886030640e-02
9.072293673617115584e-02
9.092454518008108444e-02
9.112574888335382706e-02
9.132655035279423072e-02
9.152695206961906915e-02
9.172695648982095995e-02
9.192656604452560665e-02
9.212578314034275406e-02
9.232461015971044072e-02
9.252304946123351970e-02
9.272110338001576801e-02
9.291877422798609787e-02
9.311606429421924458e-02
9.331297584525048705e-02
9.350951112538481713e-02
9.370567235700101583e-02
9.390146174084987307e-02
9.409688145634781398e-02
9.429193366186483516e-02
9.448662049500794469e-02
9.468094407289938397e-02
9.487490649245032548e-02
9.506850983062967164e-02
9.526175614472841280e-02
9.545464747261940552e-02
9.564718583301295984e-02
9.583937322570777739e-02
9.603121163183803155e-02
9.622270301411603444e-02
9.641384931707108752e-02
9.660465246728426603e-02
9.679511437361919268e-02
9.698523692744928648e-02
9.717502200288107017e-02
9.736447145697386951e-02
9.755358712995597370e-02
9.774237084543729859e-02
9.793082441061846943e-02
9.811894961649682279e-02
9.830674823806870299e-02
9.849422203452884439e-02
9.868137274946639503e-02
9.886820211105808165e-02
9.905471183225779408e-02
9.924090361098389379e-02
9.942677913030281700e-02
9.961234005861042962e-02
9.979758804981019027e-02
9.998252474348866270e-02
1.001671517650883497e-01
1.003514707260775990e-01
1.005354832241183438e-01
1.007191908432308047e-01
1.009025951539560817e-01
1.010856977135157486e-01
1.012685000659696855e-01
1.014510037423708988e-01
1.016332102609184967e-01
1.018151211271079853e-01
1.019967378338794972e-01
1.021780618617638553e-01
1.023590946790262357e-01
1.025398377418080403e-01
1.027202924942663270e-01
1.029004603687113800e-01
1.030803427857421711e-01
1.032599411543800028e-01
1.034392568721998473e-01
1.036182913254602295e-01
1.037970458892308323e-01
1.039755219275185077e-01
1.041537207933912745e-01
1.043316438291008313e-01
1.045092923662028356e-01
1.046866677256760997e-01
1.048637712180394282e-01
1.050406041434672616e-01
1.052171677919035570e-01
1.053934634431739903e-01
1.055694923670965901e-01
1.057452558235909418e-01
1.059207550627857403e-01
1.060959913251249276e-01
1.062709658414722064e-01
1.064456798332144294e-01
1.066201345123631572e-01
1.067943310816550639e-01
1.069682707346509692e-01
1.071419546558334268e-01
1.073153840207030363e-01
1.074885599958733534e-01
1.076614837391647178e-01
1.078341563996965402e-01
1.080065791179786738e-01
1.081787530260011343e-01
1.083506792473231395e-01
1.085223588971603453e-01
1.086937930824716514e-01
1.088649829020440912e-01
1.090359294465771539e-01
1.092066337987658842e-01
1.093770970333825532e-01
1.095473202173578020e-01
1.097173044098602446e-01
1.098870506623752519e-01
1.100565600187828064e-01
1.102258335154340102e-01
1.103948721812271078e-01
1.105636770376820510e-01
1.107322490990142183e-01
1.109005893722074670e-01
1.110686988570859790e-01
1.112365785463852313e-01
1.114042294258220517e-01
1.115716524741639792e-01
1.117388486632974742e-01
1.119058189582954610e-01
1.120725643174838443e-01
1.122390856925075814e-01
1.124053840283951861e-01
1.125714602636234268e-01
1.127373153301802627e-01
1.129029501536276264e-01
1.130683656531632358e-01
1.132335627416815177e-01
1.133985423258340175e-01
1.135633053060889214e-01
1.137278525767897591e-01
1.138921850262137742e-01
1.140563035366290862e-01
1.142202089843514928e-01
1.143839022398004807e-01
1.145473841675545418e-01
1.147106556264058941e-01
1.148737174694144936e-01
1.150365705439613945e-01
1.151992156918014432e-01
1.153616537491155697e-01
1.155238855465620246e-01
1.156859119093273519e-01
1.158477336571768213e-01
1.160093516045039574e-01
1.161707665603796541e-01
1.163319793286007597e-01
1.164929907077379978e-01
1.166538014911834148e-01
1.168144124671972039e-01
1.169748244189539738e-01
1.171350381245886141e-01
1.172950543572414545e-01
1.174548738851030200e-01
1.176144974714583430e-01
1.177739258747304285e-01
1.179331598485236499e-01
1.180922001416665201e-01
1.182510474982536863e-01
1.184097026576878681e-01
1.185681663547210607e-01
1.187264393194953499e-01
1.188845222775833238e-01
1.190424159500278883e-01
1.192001210533817357e-01
1.193576382997464519e-01
1.195149683968109861e-01
1.196721120478898281e-01
1.198290699519607705e-01
1.199858428037021418e-01
1.201424312935298611e-01
1.202988361076336582e-01
1.204550579280135314e-01
1.206110974325150659e-01
1.207669552948650582e-01
1.209226321847062802e-01
1.210781287676319373e-01
1.212334457052200443e-01
1.213885836550670921e-01
1.215435432708215358e-01
1.216983252022167394e-01
1.218529300951039507e-01
1.220073585914844133e-01
1.221616113295415085e-01
1.223156889436724654e-01
1.224695920645196417e-01
1.226233213190014021e-01
1.227768773303432731e-01
1.229302607181076007e-01
1.230834720982242753e-01
1.232365120830200000e-01
1.233893812812477953e-01
1.235420802981162941e-01
1.236946097353183172e-01
1.238469701910594883e-01
1.239991622600863652e-01
1.241511865337143750e-01
1.243030435998554728e-01
1.244547340430455645e-01
1.246062584444712351e-01
1.247576173819969353e-01
1.249088114301911967e-01
1.250598411603529581e-01
1.252107071405376137e-01
1.253614099355824796e-01
1.255119501071325361e-01
1.256623282136653530e-01
1.258125448105161526e-01
1.259626004499024565e-01
1.261124956809484832e-01
1.262622310497093503e-01
1.264118070991950282e-01
1.265612243693940153e-01
1.267104833972968192e-01
1.268595847169191049e-01
1.270085288593248707e-01
1.271573163526490136e-01
1.273059477221200053e-01
1.274544234900822082e-01
1.276027441760178849e-01
1.277509102965692089e-01
1.278989223655598306e-01
1.280467808940164154e-01
1.281944863901897935e-01
1.283420393595761655e-01
1.284894403049377243e-01
1.286366897263234721e-01
1.287837881210896207e-01
1.289307359839196865e-01
1.290775338068447520e-01
1.292241820792632001e-01
1.293706812879603374e-01
1.295170319171279061e-01
1.296632344483834298e-01
1.298092893607891984e-01
1.299551971308713916e-01
1.301009582326385083e-01
1.302465731376002134e-01
1.303920423147855168e-01
1.305373662307612037e-01
1.306825453496496814e-01
1.308275801331469645e-01
1.309724710405403003e-01
1.311172185287257652e-01
1.312618230522256679e-01
1.314062850632056745e-01
1.315506050114919612e-01
1.316947833445880067e-01
1.318388205076914121e-01
1.319827169437104708e-01
1.321264730932805720e-01
1.322700893947804379e-01
1.324135662843484718e-01
1.325569041958984118e-01
1.327001035611354018e-01
1.328431648095716178e-01
1.329860883685418660e-01
1.331288746632188769e-01
1.332715241166286813e-01
1.334140371496656541e-01
1.335564141811075856e-01
1.336986556276304750e-01
1.338407619038233520e-01
1.339827334222027377e-01
1.341245705932271326e-01
1.342662738253114774e-01
1.344078435248412251e-01
1.345492800961864410e-01
1.346905839417157635e-01
1.348317554618101988e-01
1.349727950548769984e-01
1.351137031173630099e-01
1.352544800437682215e-01
1.353951262266591682e-01
1.355356420566821429e-01
1.356760279225761590e-01
1.358162842111862723e-01
1.359564113074760439e-01
1.360964095945407515e-01
1.362362794536196575e-01
1.363760212641087766e-01
1.365156354035733099e-01
1.366551222477599692e-01
1.367944821706090774e-01
1.369337155442668652e-01
1.370728227390973497e-01
1.372118041236943531e-01
1.373506600648933262e-01
1.374893909277828674e-01
1.376279970757166293e-01
1.377664788703245047e-01
1.379048366715243668e-01
1.380430708375331161e-01
1.381811817248780883e-01
1.383191696884080168e-01
1.384570350813042194e-01
1.385947782550914775e-01
1.387323995596488890e-01
1.388698993432204987e-01
1.390072779524262059e-01
1.391445357322722010e-01
1.392816730261613178e-01
1.394186901759037756e-01
1.395555875217271979e-01
1.396923654022869665e-01
1.398290241546763235e-01
1.399655641144364748e-01
1.401019856155664711e-01
1.402382889905333108e-01
1.403744745702814878e-01
1.405105426842428729e-01
1.406464936603464000e-01
1.407823278250275312e-01
1.409180455032378321e-01
1.410536470184543811e-01
1.411891326926890400e-01
1.413245028464978070e-01
1.414597577989899491e-01
1.415948978678371883e-01
1.417299233692826399e-01
1.418648346181498876e-01
1.419996319278517549e-01
1.421343156103993255e-01
1.422688859764104918e-01
1.424033433351187816e-01
1.425376879943818786e-01
1.426719202606901715e-01
1.428060404391753302e-01
1.429400488336187158e-01
1.430739457464595688e-01
1.432077314788033351e-01
1.433414063304301045e-01
1.434749705998024094e-01
1.436084245840736351e-01
1.437417685790957078e-01
1.438750028794274216e-01
1.440081277783419600e-01
1.441411435678350283e-01
1.442740505386324035e-01
1.444068489801978994e-01
1.445395391807407226e-01
1.446721214272232714e-01
1.448045960053685466e-01
1.449369631996677843e-01
1.450692232933876447e-01
1.452013765685777058e-01
1.453334233060779579e-01
1.454653637855255477e-01
1.455971982853624669e-01
1.457289270828424077e-01
1.458605504540379794e-01
1.459920686738475915e-01
1.461234820160025871e-01
1.462547907530740154e-01
1.463859951564796813e-01
1.465170954964907790e-01
1.466480920422386924e-01
1.467789850617218783e-01
1.469097748218121668e-01
1.470404615882618393e-01
1.471710456257097621e-01
1.473015271976881868e-01
1.474319065666291062e-01
1.475621839938705826e-01
1.476923597396632981e-01
1.478224340631767719e-01
1.479524072225055775e-01
1.480822794746757265e-01
1.482120510756506637e-01
1.483417222803375402e-01
1.484712933425932357e-01
1.486007645152304102e-01
1.487301360500235259e-01
1.488594081977147876e-01
1.489885812080200267e-01
1.491176553296345852e-01
1.492466308102392558e-01
1.493755078965057215e-01
1.495042868341027731e-01
1.496329678677016106e-01
1.497615512409816996e-01
1.498900371966363498e-01
1.500184259763781836e-01
1.501467178209448805e-01
1.502749129701045072e-01
1.504030116626609848e-01
1.505310141364595289e-01
1.506589206283920901e-01
1.507867313744025439e-01
1.509144466094920756e-01
1.510420665677245367e-01
1.511695914822314968e-01
1.512970215852175171e-01
1.514243571079652295e-01
1.515515982808405826e-01
1.516787453332978375e-01
1.518057984938845084e-01
1.519327579902465530e-01
1.520596240491331741e-01
1.521863968964019820e-01
1.523130767570235466e-01
1.524396638550865324e-01
1.525661584138025550e-01
1.526925606555106785e-01
1.528188708016824937e-01
1.529450890729267265e-01
1.530712156889938724e-01
1.531972508687810264e-01
1.533231948303361569e-01
1.534490477908632688e-01
1.535748099667264277e-01
1.537004815734546170e-01
1.538260628257461238e-01
1.539515539374730069e-01
1.540769551216855382e-01
1.542022665906167822e-01
1.543274885556865372e-01
1.544526212275063592e-01
1.545776648158831423e-01
1.547026195298240037e-01
1.548274855775401693e-01
1.549522631664514150e-01
1.550769525031901741e-01
1.552015537936058120e-01
1.553260672427684563e-01
1.554504930549736874e-01
1.555748314337460636e-01
1.556990825818435065e-01
1.558232467012611588e-01
1.559473239932356037e-01
1.560713146582486111e-01
1.561952188960313015e-01
1.563190369055678375e-01
1.564427688850995590e-01
1.565664150321287307e-01
1.566899755434224828e-01
1.568134506150164198e-01
1.569368404422186447e-01
1.570601452196135617e-01
1.571833651410652621e-01
1.573065003997217437e-01
1.574295511880182685e-01
1.575525176976811104e-01
1.576754001197312738e-01
1.577981986444880191e-01
1.579209134615726096e-01
1.580435447599115861e-01
1.581660927277407924e-01
1.582885575526084554e-01
1.584109394213790156e-01
1.585332385202362915e-01
1.586554550346873094e-01
1.587775891495653846e-01
1.588996410490338129e-01
1.590216109165892844e-01
1.591434989350648810e-01
1.592653052866337682e-01
1.593870301528125533e-01
1.595086737144643108e-01
1.596302361518020796e-01
1.597517176443922216e-01
1.598731183711572246e-01
1.599944385103795330e-01
1.601156782397042400e-01
1.602368377361425011e-01
1.603579171760747546e-01
1.604789167352536627e-01
1.605998365888074431e-01
1.607206769112426992e-01
1.608414378764478347e-01
1.609621196576958291e-01
1.610827224276475678e-01
1.612032463583544795e-01
1.613236916212618943e-01
1.614440583872119306e-01
1.615643468264461868e-01
1.616845571086091560e-01
1.618046894027508620e-01
1.619247438773297743e-01
1.620447207002158607e-01
1.621646200386931413e-01
1.622844420594630188e-01
1.624041869286466933e-01
1.625238548117881321e-01
1.626434458738570121e-01
1.627629602792512731e-01
1.628823981917999486e-01
1.630017597747660807e-01
1.631210451908492454e-01
1.632402546021883560e-01
1.633593881703643558e-01
1.634784460564029929e-01
1.635974284207773466e-01
1.637163354234102974e-01
1.638351672236778300e-01
1.639539239804109483e-01
1.640726058518985064e-01
1.641912129958899569e-01
1.643097455695977371e-01
1.644282037296998233e-01
1.645465876323425058e-01
1.646648974331425819e-01
1.647831332871899368e-01
1.649012953490503197e-01
1.650193837727675084e-01
1.651373987118658349e-01
1.652553403193527670e-01
1.653732087477211565e-01
1.654910041489518480e-01
1.656087266745158992e-01
1.657263764753771074e-01
1.658439537019943122e-01
1.659614585043237278e-01
1.660788910318214961e-01
1.661962514334456020e-01
1.663135398576586488e-01
1.664307564524298566e-01
1.665479013652375884e-01
1.666649747430713480e-01
1.667819767324342506e-01
1.668989074793452987e-01
1.670157671293413248e-01
1.671325558274796286e-01
1.672492737183399192e-01
1.673659209460264807e-01
1.674824976541705590e-01
1.675990039859323877e-01
1.677154400840034365e-01
1.678318060906083542e-01
1.679481021475074665e-01
1.680643283959984413e-01
1.681804849769188981e-01
1.682965720306479895e-01
1.684125896971088998e-01
1.685285381157707318e-01
1.686444174256505057e-01
1.687602277653154348e-01
1.688759692728846740e-01
1.689916420860315405e-01
1.691072463419854843e-01
1.692227821775340313e-01
1.693382497290249478e-01
1.694536491323678784e-01
1.695689805230366776e-01
1.696842440360711302e-01
1.697994398060790611e-01
1.699145679672380560e-01
1.700296286532975432e-01
1.701446219975807361e-01
1.702595481329863547e-01
1.703744071919906788e-01
1.704891993066494082e-01
1.706039246085994110e-01
1.707185832290606387e-01
1.708331752988381247e-01
1.709477009483234555e-01
1.710621603074971020e-01
1.711765535059296683e-01
1.712908806727843070e-01
1.714051419368178286e-01
1.715193374263831450e-01
1.716334672694306007e-01
1.717475315935098612e-01
1.718615305257718273e-01
1.719754641929701067e-01
1.720893327214629009e-01
1.722031362372146990e-01
1.723168748657980254e-01
1.724305487323952446e-01
1.725441579617998933e-01
1.726577026784187341e-01
1.727711830062732823e-01
1.728845990690016377e-01
1.729979509898596779e-01
1.731112388917234457e-01
1.732244628970900091e-01
1.733376231280796542e-01
1.734507197064373285e-01
1.735637527535340285e-01
1.736767223903689095e-01
1.737896287375703674e-01
1.739024719153978160e-01
1.740152520437435457e-01
1.741279692421338066e-01
1.742406236297305844e-01
1.743532153253332939e-01
1.744657444473802221e-01
1.745782111139498327e-01
1.746906154427627367e-01
1.748029575511827194e-01
1.749152375562188222e-01
1.750274555745262306e-01
1.751396117224081617e-01
1.752517061158173350e-01
1.753637388703572220e-01
1.754757101012837661e-01
1.755876199235067159e-01
1.756994684515910399e-01
1.758112557997584535e-01
1.759229820818890011e-01
1.760346474115220272e-01
1.761462519018581196e-01
1.762577956657602196e-01
1.763692788157550650e-01
1.764807014640348004e-01
1.765920637224579481e-01
1.767033657025512683e-01
1.768146075155108687e-01
1.769257892722035097e-01
1.770369110831682136e-01
1.771479730586174306e-01
1.772589753084383990e-01
1.773699179421946159e-01
1.774808010691271976e-01
1.775916247981557117e-01
1.777023892378802594e-01
1.778130944965823357e-01
1.779237406822260503e-01
1.780343279024597658e-01
1.781448562646171241e-01
1.782553258757184067e-01
1.783657368424720335e-01
1.784760892712753400e-01
1.785863832682162144e-01
1.786966189390745141e-01
1.788067963893227863e-01
1.789169157241279340e-01
1.790269770483522982e-01
1.791369804665550736e-01
1.792469260829930855e-01
1.793568140016226220e-01
1.794666443261001276e-01
1.795764171597837855e-01
1.796861326057344332e-01
1.797957907667168953e-01
1.799053917452011764e-01
1.800149356433636827e-01
1.801244225630882212e-01
1.802338526059673873e-01
1.803432258733036198e-01
1.804525424661103383e-01
1.805618024851131931e-01
1.806710060307510080e-01
1.807801532031772795e-01
1.808892441022609543e-01
1.809982788275876775e-01
1.811072574784610423e-01
1.812161801539035333e-01
1.813250469526578035e-01
1.814338579731875345e-01
1.815426133136788800e-01
1.816513130720411873e-01
1.817599573459084128e-01
1.818685462326400937e-01
1.819770798293222080e-01
1.820855582327686462e-01
1.821939815395219597e-01
1.823023498458546110e-01
1.824106632477699164e-01
1.825189218410031566e-01
1.826271257210226040e-01
1.827352749830306045e-01
1.828433697219644660e-01
1.829514100324977632e-01
1.830593960090410588e-01
1.831673277457432081e-01
1.832752053364921085e-01
1.833830288749159210e-01
1.834907984543839854e-01
1.835985141680077093e-01
1.837061761086418721e-01
1.838137843688854023e-01
1.839213390410821269e-01
1.840288402173223536e-01
1.841362879894434534e-01
1.842436824490306657e-01
1.843510236874183750e-01
1.844583117956911378e-01
1.845655468646843489e-01
1.846727289849853793e-01
1.847798582469344641e-01
1.848869347406256747e-01
1.849939585559077226e-01
1.851009297823851818e-01
1.852078485094191818e-01
1.853147148261283794e-01
1.854215288213899582e-01
1.855282905838403218e-01
1.856350002018763989e-01
1.857416577636561428e-01
1.858482633570996967e-01
1.859548170698901715e-01
1.860613189894746167e-01
1.861677692030648812e-01
1.862741677976383070e-01
1.863805148599390615e-01
1.864868104764784984e-01
1.865930547335364342e-01
1.866992477171618425e-01
1.868053895131736586e-01
1.869114802071616677e-01
1.870175198844875875e-01
1.871235086302855677e-01
1.872294465294633004e-01
1.873353336667027413e-01
1.874411701264610541e-01
1.875469559929711649e-01
1.876526913502430116e-01
1.877583762820640711e-01
1.878640108720003310e-01
1.879695952033968998e-01
1.880751293593792006e-01
1.881806134228533323e-01
1.882860474765072900e-01
1.883914316028114655e-01
1.884967658840195903e-01
1.886020504021695410e-01
1.887072852390840050e-01
1.888124704763714801e-01
1.889176061954269126e-01
1.890226924774324191e-01
1.891277294033582856e-01
1.892327170539634396e-01
1.893376555097966429e-01
1.894425448511967147e-01
1.895473851582938907e-01
1.896521765110100455e-01
1.897569189890597752e-01
1.898616126719511188e-01
1.899662576389861135e-01
1.900708539692617660e-01
1.901754017416707465e-01
1.902799010349019992e-01
1.903843519274415474e-01
1.904887544975734370e-01
1.905931088233800696e-01
1.906974149827431464e-01
1.908016730533445560e-01
1.909058831126666245e-01
1.910100452379934477e-01
1.911141595064110299e-01
1.912182259948083940e-01
1.913222447798779147e-01
1.914262159381165396e-01
1.915301395458259559e-01
1.916340156791136728e-01
1.917378444138933824e-01
1.918416258258860974e-01
1.919453599906201791e-01
1.920490469834327529e-01
1.921526868794699583e-01
1.922562797536875867e-01
1.923598256808520257e-01
1.924633247355406751e-01
1.925667769921428907e-01
1.926701825248602895e-01
1.927735414077077769e-01
1.928768537145138795e-01
1.929801195189216612e-01
1.930833388943891948e-01
1.931865119141903675e-01
1.932896386514155185e-01
1.933927191789718003e-01
1.934957535695842057e-01
1.935987418957959560e-01
1.937016842299692509e-01
1.938045806442858510e-01
1.939074312107478271e-01
1.940102360011778104e-01
1.941129950872202414e-01
1.942157085403413141e-01
1.943183764318301421e-01
1.944209988327991745e-01
1.945235758141845572e-01
1.946261074467471597e-01
1.947285938010729633e-01
1.948310349475737280e-01
1.949334309564874912e-01
1.950357818978792346e-01
1.951380878416416331e-01
1.952403488574952772e-01
1.953425650149897275e-01
1.954447363835037921e-01
1.955468630322460544e-01
1.956489450302557609e-01
1.957509824464032377e-01
1.958529753493903625e-01
1.959549238077512578e-01
1.960568278898529304e-01
1.961586876638957422e-01
1.962605031979139103e-01
1.963622745597763675e-01
1.964640018171868452e-01
1.965656850376849563e-01
1.966673242886463613e-01
1.967689196372835736e-01
1.968704711506464033e-01
1.969719788956224016e-01
1.970734429389376652e-01
1.971748633471571421e-01
1.972762401866853810e-01
1.973775735237669748e-01
1.974788634244869501e-01
1.975801099547716266e-01
1.976813131803888401e-01
1.977824731669486358e-01
1.978835899799040177e-01
1.979846636845507546e-01
1.980856943460288511e-01
1.981866820293224363e-01
1.982876267992603192e-01
1.983885287205168491e-01
1.984893878576121096e-01
1.985902042749126406e-01
1.986909780366317990e-01
1.987917092068303138e-01
1.988923978494168410e-01
1.989930440281485191e-01
1.990936478066312465e-01
1.991942092483204307e-01
1.992947284165212940e-01
1.993952053743896502e-01
1.994956401849320438e-01
1.995960329110064435e-01
1.996963836153227978e-01
1.997966923604433120e-01
1.998969592087831426e-01
1.999971842226108132e-01
2.000973674640485200e-01
2.001975089950728537e-01
2.002976088775153540e-01
2.003976671730626491e-01
2.004976839432570934e-01
2.005976592494974065e-01
2.006975931530387558e-01
2.007974857149937287e-01
2.008973369963323874e-01
2.009971470578828801e-01
2.010969159603319401e-01
2.011966437642252747e-01
2.012963305299681482e-01
2.013959763178256035e-01
2.014955811879232950e-01
2.015951452002473221e-01
2.016946684146455060e-01
2.017941508908272230e-01
2.018935926883638488e-01
2.019929938666897296e-01
2.020923544851019882e-01
2.021916746027614953e-01
2.022909542786928971e-01
2.023901935717853651e-01
2.024893925407928175e-01
2.025885512443343917e-01
2.026876697408950823e-01
2.027867480888259355e-01
2.028857863463444933e-01
2.029847845715354038e-01
2.030837428223506158e-01
2.031826611566099616e-01
2.032815396320016010e-01
2.033803783060822434e-01
2.034791772362778695e-01
2.035779364798836755e-01
2.036766560940652115e-01
2.037753361358579929e-01
2.038739766621685545e-01
2.039725777297744791e-01
2.040711393953249242e-01
2.041696617153411220e-01
2.042681447462164901e-01
2.043665885442175478e-01
2.044649931654837216e-01
2.045633586660282888e-01
2.046616851017382666e-01
2.047599725283753003e-01
2.048582210015757188e-01
2.049564305768509787e-01
2.050546013095882469e-01
2.051527332550505400e-01
2.052508264683772787e-01
2.053488810045847324e-01
2.054468969185660465e-01
2.055448742650921867e-01
2.056428130988117997e-01
2.057407134742518517e-01
2.058385754458181005e-01
2.059363990677951783e-01
2.060341843943472862e-01
2.061319314795182212e-01
2.062296403772321818e-01
2.063273111412937399e-01
2.064249438253884517e-01
2.065225384830831623e-01
2.066200951678262288e-01
2.067176139329482687e-01
2.068150948316620497e-01
2.069125379170632939e-01
2.070099432421304841e-01
2.071073108597260848e-01
2.072046408225959591e-01
2.073019331833703682e-01
2.073991879945639993e-01
2.074964053085765758e-01
2.075935851776928576e-01
2.076907276540834735e-01
2.077878327898047828e-01
2.078849006367995966e-01
2.079819312468973447e-01
2.080789246718144081e-01
2.081758809631545359e-01
2.082728001724091782e-01
2.083696823509579021e-01
2.084665275500684478e-01
2.085633358208973942e-01
2.086601072144904090e-01
2.087568417817824984e-01
2.088535395735984790e-01
2.089502006406530610e-01
2.090468250335514866e-01
2.091434128027896966e-01
2.092399639987546078e-01
2.093364786717247517e-01
2.094329568718701351e-01
2.095293986492529070e-01
2.096258040538275524e-01
2.097221731354413365e-01
2.098185059438344158e-01
2.099148025286405039e-01
2.100110629393867889e-01
2.101072872254943769e-01
2.102034754362788471e-01
2.102996276209503079e-01
2.103957438286139792e-01
2.104918241082699981e-01
2.105878685088143354e-01
2.106838770790387116e-01
2.107798498676310417e-01
2.108757869231758231e-01
2.109716882941542748e-01
2.110675540289446983e-01
2.111633841758229491e-01
2.112591787829624090e-01
2.113549378984346805e-01
2.114506615702096137e-01
2.115463498461556680e-01
2.116420027740402443e-01
2.117376204015300745e-01
2.118332027761911374e-01
2.119287499454897417e-01
2.120242619567917763e-01
2.121197388573638765e-01
2.122151806943733676e-01
2.123105875148883770e-01
2.124059593658786382e-01
2.125012962942152139e-01
2.125965983466711617e-01
2.126918655699216454e-01
2.127870980105444065e-01
2.128822957150197648e-01
2.129774587297312005e-01
2.130725871009653827e-01
2.131676808749126684e-01
2.132627400976672416e-01
2.133577648152274187e-01
2.134527550734960089e-01
2.135477109182805366e-01
2.136426323952934081e-01
2.137375195501524661e-01
2.138323724283810179e-01
2.139271910754080575e-01
2.140219755365688759e-01
2.141167258571049781e-01
2.142114420821646659e-01
2.143061242568029823e-01
2.144007724259822389e-01
2.144953866345721827e-01
2.145899669273502175e-01
2.146845133490017377e-01
2.147790259441205163e-01
2.148735047572085943e-01
2.149679498326770299e-01
2.150623612148456210e-01
2.151567389479438763e-01
2.152510830761104610e-01
2.153453936433941396e-01
2.154396706937535266e-01
2.155339142710576972e-01
2.156281244190864366e-01
2.157223011815300184e-01
2.158164446019902316e-01
2.159105547239799083e-01
2.160046315909236458e-01
2.160986752461577787e-01
2.161926857329310170e-01
2.162866630944041413e-01
2.163806073736506408e-01
2.164745186136569077e-01
2.165683968573224316e-01
2.166622421474599935e-01
2.167560545267961103e-01
2.168498340379709233e-01
2.169435807235388924e-01
2.170372946259686575e-01
2.171309757876435653e-01
2.172246242508616421e-01
2.173182400578360374e-01
2.174118232506952464e-01
2.175053738714831653e-01
2.175988919621595352e-01
2.176923775646001646e-01
2.177858307205970401e-01
2.178792514718587148e-01
2.179726398600102810e-01
2.180659959265940084e-01
2.181593197130690942e-01
2.182526112608123847e-01
2.183458706111183201e-01
2.184390978051990451e-01
2.185322928841850476e-01
2.186254558891249644e-01
2.187185868609861916e-01
2.188116858406546628e-01
2.189047528689355426e-01
2.189977879865531996e-01
2.190907912341512886e-01
2.191837626522933624e-01
2.192767022814628153e-01
2.193696101620632166e-01
2.194624863344183940e-01
2.195553308387727942e-01
2.196481437152917326e-01
2.197409250040614770e-01
2.198336747450894968e-01
2.199263929783047689e-01
2.200190797435579160e-01
2.201117350806215678e-01
2.202043590291901110e-01
2.202969516288807161e-01
2.203895129192326441e-01
2.204820429397082449e-01
2.205745417296925970e-01
2.206670093284940348e-01
2.207594457753442874e-01
2.208518511093985059e-01
2.209442253697359027e-01
2.210365685953595005e-01
2.211288808251966609e-01
2.212211620980989724e-01
2.213134124528428615e-01
2.214056319281293983e-01
2.214978205625848517e-01
2.215899783947606339e-01
2.216821054631336885e-01
2.217742018061063802e-01
2.218662674620072717e-01
2.219583024690907069e-01
2.220503068655373391e-01
2.221422806894542690e-01
2.222342239788753782e-01
2.223261367717611903e-01
2.224180191059993705e-01
2.225098710194048646e-01
2.226016925497200372e-01
2.226934837346147278e-01
2.227852446116868612e-01
2.228769752184623920e-01
2.229686755923951103e-01
2.230603457708675852e-01
2.231519857911909710e-01
2.232435956906050900e-01
2.233351755062787936e-01
2.234267252753099897e-01
2.235182450347262539e-01
2.236097348214844127e-01
2.237011946724712652e-01
2.237926246245033612e-01
2.238840247143274453e-01
2.239753949786206233e-01
2.240667354539904177e-01
2.241580461769750177e-01
2.242493271840436397e-01
2.243405785115962781e-01
2.244318001959643150e-01
2.245229922734106320e-01
2.246141547801295268e-01
2.247052877522471015e-01
2.247963912258215402e-01
2.248874652368430815e-01
2.249785098212343515e-01
2.250695250148502524e-01
2.251605108534786570e-01
2.252514673728401029e-01
2.253423946085882090e-01
2.254332925963097589e-01
2.255241613715250615e-01
2.256150009696877845e-01
2.257058114261855097e-01
2.257965927763395941e-01
2.258873450554055029e-01
2.259780682985731703e-01
2.260687625409665280e-01
2.261594278176444484e-01
2.262500641636005227e-01
2.263406716137632002e-01
2.264312502029960372e-01
2.265217999660979753e-01
2.266123209378033132e-01
2.267028131527820123e-01
2.267932766456398630e-01
2.268837114509184016e-01
2.269741176030956320e-01
2.270644951365855535e-01
2.271548440857386886e-01
2.272451644848422769e-01
2.273354563681203033e-01
2.274257197697335531e-01
2.275159547237801949e-01
2.276061612642954479e-01
2.276963394252520256e-01
2.277864892405602193e-01
2.278766107440682032e-01
2.279667039695619790e-01
2.280567689507655704e-01
2.281468057213412726e-01
2.282368143148899853e-01
2.283267947649508522e-01
2.284167471050018994e-01
2.285066713684600903e-01
2.285965675886812709e-01
2.286864357989605301e-01
2.287762760325323108e-01
2.288660883225706322e-01
2.289558727021890339e-01
2.290456292044409092e-01
2.291353578623197829e-01
2.292250587087590330e-01
2.293147317766323912e-01
2.294043770987541364e-01
2.294939947078789566e-01
2.295835846367024480e-01
2.296731469178609208e-01
2.297626815839317882e-01
2.298521886674335934e-01
2.299416682008263157e-01
2.300311202165113145e-01
2.301205447468316345e-01
2.302099418240719508e-01
2.302993114804591512e-01
2.303886537481618924e-01
2.304779686592912102e-01
2.305672562459004926e-01
2.306565165399855621e-01
2.307457495734849817e-01
2.308349553782800823e-01
2.309241339861950737e-01
2.310132854289973781e-01
2.311024097383975462e-01
2.311915069460495631e-01
2.312805770835508201e-01
2.313696201824425591e-01
2.314586362742096504e-01
2.315476253902809534e-01
2.316365875620294557e-01
2.317255228207722728e-01
2.318144311977710093e-01
2.319033127242317582e-01
2.319921674313050464e-01
2.320809953500863887e-01
2.321697965116161499e-01
2.322585709468799053e-01
2.323473186868079687e-01
2.324360397622765584e-01
2.325247342041069087e-01
2.326134020430661309e-01
2.327020433098668517e-01
2.327906580351678800e-01
2.328792462495736237e-01
2.329678079836349225e-01
2.330563432678487978e-01
2.331448521326587031e-01
2.332333346084544956e-01
2.333217907255730195e-01
2.334102205142975506e-01
2.334986240048584905e-01
2.335870012274332830e-01
2.336753522121466087e-01
2.337636769890704125e-01
2.338519755882241535e-01
2.339402480395746942e-01
2.340284943730369105e-01
2.341167146184733039e-01
2.342049088056944173e-01
2.342930769644588629e-01
2.343812191244734611e-01
2.344693353153935733e-01
2.345574255668227415e-01
2.346454899083133538e-01
2.347335283693664232e-01
2.348215409794318365e-01
2.349095277679084381e-01
2.349974887641442245e-01
2.350854239974364823e-01
2.351733334970317890e-01
2.352612172921260403e-01
2.353490754118650607e-01
2.354369078853441877e-01
2.355247147416086040e-01
2.356124960096535881e-01
2.357002517184242918e-01
2.357879818968162955e-01
2.358756865736754693e-01
2.359633657777981119e-01
2.360510195379310616e-01
2.361386478827718072e-01
2.362262508409688211e-01
2.363138284411213652e-01
2.364013807117797961e-01
2.364889076814457036e-01
2.365764093785717725e-01
2.366638858315622818e-01
2.367513370687729934e-01
2.368387631185112641e-01
2.369261640090362386e-01
2.370135397685588508e-01
2.371008904252421834e-01
2.371882160072012746e-01
2.372755165425034785e-01
2.373627920591683538e-01
2.374500425851680530e-01
2.375372681484271831e-01
2.376244687768230834e-01
2.377116444981858812e-01
2.377987953402985188e-01
2.378859213308970599e-01
2.379730224976706332e-01
2.380600988682616270e-01
2.381471504702657449e-01
2.382341773312321720e-01
2.383211794786637416e-01
2.384081569400167966e-01
2.384951097427016053e-01
2.385820379140823067e-01
2.386689414814769372e-01
2.387558204721578758e-01
2.388426749133515381e-01
2.389295048322388482e-01
2.390163102559549058e-01
2.391030912115896245e-01
2.391898477261875378e-01
2.392765798267477428e-01
2.393632875402244842e-01
2.394499708935267923e-01
2.395366299135188171e-01
2.396232646270200495e-01
2.397098750608050999e-01
2.397964612416041141e-01
2.398830231961025794e-01
2.399695609509417404e-01
2.400560745327185441e-01
2.401425639679856949e-01
2.402290292832519047e-01
2.403154705049818096e-01
2.404018876595963028e-01
2.404882807734723960e-01
2.405746498729434690e-01
2.406609949842994645e-01
2.407473161337866929e-01
2.408336133476081387e-01
2.409198866519236537e-01
2.410061360728497915e-01
2.410923616364600564e-01
2.411785633687851815e-01
2.412647412958127680e-01
2.413508954434879505e-01
2.414370258377128986e-01
2.415231325043475652e-01
2.416092154692091598e-01
2.416952747580727312e-01
2.417813103966709176e-01
2.418673224106942521e-01
2.419533108257912457e-01
2.420392756675684431e-01
2.421252169615903671e-01
2.422111347333799902e-01
2.422970290084184852e-01
2.423828998121454192e-01
2.424687471699589203e-01
2.425545711072158162e-01
2.426403716492314122e-01
2.427261488212800189e-01
2.428119026485947851e-01
2.428976331563677815e-01
2.429833403697503058e-01
2.430690243138527162e-01
2.431546850137445981e-01
2.432403224944550968e-01
2.433259367809726958e-01
2.434115278982453834e-01
2.434970958711808464e-01
2.435826407246465541e-01
2.436681624834697857e-01
2.437536611724375746e-01
2.438391368162972361e-01
2.439245894397560344e-01
2.440100190674815428e-01
2.440954257241013392e-01
2.441808094342037272e-01
2.442661702223372922e-01
2.443515081130111788e-01
2.444368231306951744e-01
2.445221152998199865e-01
2.446073846447767985e-01
2.446926311899179918e-01
2.447778549595569231e-01
2.448630559779678417e-01
2.449482342693863890e-01
2.450333898580094039e-01
2.451185227679950618e-01
2.452036330234629302e-01
2.452887206484942184e-01
2.453737856671316941e-01
2.454588281033798225e-01
2.455438479812048769e-01
2.456288453245349113e-01
2.457138201572602043e-01
2.457987725032326765e-01
2.458837023862667504e-01
2.459686098301388790e-01
2.460534948585877679e-01
2.461383574953147080e-01
2.462231977639833258e-01
2.463080156882198057e-01
2.463928112916130009e-01
2.464775845977144331e-01
2.465623356300385705e-01
2.466470644120624389e-01
2.467317709672265935e-01
2.468164553189340915e-01
2.469011174905514638e-01
2.469857575054081877e-01
2.470703753867974084e-01
2.471549711579753561e-01
2.472395448421618180e-01
2.473240964625401661e-01
2.474086260422572181e-01
2.474931336044239594e-01
2.475776191721145159e-01
2.476620827683673753e-01
2.477465244161848046e-01
2.478309441385331269e-01
2.479153419583426388e-01
2.479997178985080819e-01
2.480840719818882545e-01
2.481684042313064553e-01
2.482527146695502063e-01
2.483370033193717519e-01
2.484212702034878095e-01
2.485055153445795972e-01
2.485897387652935553e-01
2.486739404882403470e-01
2.487581205359959413e-01
2.488422789311010852e-01
2.489264156960617480e-01
2.490105308533487605e-01
2.490946244253984254e-01
2.491786964346121291e-01
2.492627469033566745e-01
2.493467758539643642e-01
2.494307833087328619e-01
2.495147692899256364e-01
2.495987338197714900e-01
2.496826769204652519e-01
2.497665986141675565e-01
2.498504989230045104e-01
2.499343778690687190e-01
2.500182354744184821e-01
2.501020717610782373e-01
2.501858867510388662e-01
2.502696804662570829e-01
2.503534529286561838e-01
2.504372041601258814e-01
2.505209341825222480e-01
2.506046430176679385e-01
2.506883306873521899e-01
2.507719972133310993e-01
2.508556426173273457e-01
2.509392669210303572e-01
2.510228701460968104e-01
2.511064523141500193e-01
2.511900134467804913e-01
2.512735535655459262e-01
2.513570726919709952e-01
2.514405708475478951e-01
2.515240480537359602e-01
2.516075043319620508e-01
2.516909397036203866e-01
2.517743541900727688e-01
2.518577478126486358e-01
2.519411205926451180e-01
2.520244725513270945e-01
2.521078037099273583e-01
2.521911140896462289e-01
2.522744037116524396e-01
2.523576725970825274e-01
2.524409207670412214e-01
2.525241482426011652e-01
2.526073550448035832e-01
2.526905411946577251e-01
2.527737067131414217e-01
2.528568516212008621e-01
2.529399759397505387e-01
2.530230796896739687e-01
2.531061628918228057e-01
2.531892255670178393e-01
2.532722677360482733e-01
2.533552894196722804e-01
2.534382906386171697e-01
2.535212714135788303e-01
2.536042317652224543e-01
2.536871717141822580e-01
2.537700912810615939e-01
2.538529904864332276e-01
2.539358693508388387e-01
2.540187278947898530e-01
2.541015661387669433e-01
2.541843841032204176e-01
2.542671818085699420e-01
2.543499592752049288e-01
2.544327165234844812e-01
2.545154535737373935e-01
2.545981704462623174e-01
2.546808671613277619e-01
2.547635437391722601e-01
2.548462002000041471e-01
2.549288365640021148e-01
2.550114528513147683e-01
2.550940490820609585e-01
2.551766252763298937e-01
2.552591814541808057e-01
2.553417176356437279e-01
2.554242338407189394e-01
2.555067300893770765e-01
2.555892064015595766e-01
2.556716627971782896e-01
2.557540992961160331e-01
2.558365159182262039e-01
2.559189126833329997e-01
2.560012896112315306e-01
2.560836467216877632e-01
2.561659840344388539e-01
2.562483015691929267e-01
2.563305993456290732e-01
2.564128773833977415e-01
2.564951357021205691e-01
2.565773743213904945e-01
2.566595932607717012e-01
2.567417925398000067e-01
2.568239721779825846e-01
2.569061321947980758e-01
2.569882726096968661e-01
2.570703934421008086e-01
2.571524947114036119e-01
2.572345764369708965e-01
2.573166386381396387e-01
2.573986813342192259e-01
2.574807045444905684e-01
2.575627082882069874e-01
2.576446925845935487e-01
2.577266574528475074e-01
2.578086029121384737e-01
2.578905289816079693e-01
2.579724356803700380e-01
2.580543230275110789e-01
2.581361910420897909e-01
2.582180397431374508e-01
2.582998691496576904e-01
2.583816792806268858e-01
2.584634701549939351e-01
2.585452417916803691e-01
2.586269942095809071e-01
2.587087274275622906e-01
2.587904414644647266e-01
2.588721363391011665e-01
2.589538120702575275e-01
2.590354686766926928e-01
2.591171061771386230e-01
2.591987245903004111e-01
2.592803239348566713e-01
2.593619042294585397e-01
2.594434654927312289e-01
2.595250077432727509e-01
2.596065309996547499e-01
2.596880352804223913e-01
2.597695206040941951e-01
2.598509869891623136e-01
2.599324344540924203e-01
2.600138630173242094e-01
2.600952726972706186e-01
2.601766635123187177e-01
2.602580354808293750e-01
2.603393886211371466e-01
2.604207229515507205e-01
2.605020384903527497e-01
2.605833352557997418e-01
2.606646132661226134e-01
2.607458725395261911e-01
2.608271130941896554e-01
2.609083349482664294e-01
2.609895381198840125e-01
2.610707226271445913e-01
2.611518884881245950e-01
2.612330357208748621e-01
2.613141643434208627e-01
2.613952743737626983e-01
2.614763658298747684e-01
2.615574387297064374e-01
2.616384930911818119e-01
2.617195289321995189e-01
2.618005462706330944e-01
2.618815451243311498e-01
2.619625255111169837e-01
2.620434874487889698e-01
2.621244309551203910e-01
2.622053560478597167e-01
2.622862627447306028e-01
2.623671510634316140e-01
2.624480210216368348e-01
2.625288726369954806e-01
2.626097059271319534e-01
2.626905209096463967e-01
2.627713176021138630e-01
2.628520960220853131e-01
2.629328561870870606e-01
2.630135981146208279e-01
2.630943218221642455e-01
2.631750273271704077e-01
2.632557146470682063e-01
2.633363837992622192e-01
2.634170348011328211e-01
2.634976676700364062e-01
2.635782824233049437e-01
2.636588790782466996e-01
2.637394576521459033e-01
2.638200181622625262e-01
2.639005606258329473e-01
2.639810850600694536e-01
2.640615914821607402e-01
2.641420799092715765e-01
2.642225503585430846e-01
2.643030028470926829e-01
2.643834373920141423e-01
2.644638540103778079e-01
2.645442527192301552e-01
2.646246335355945667e-01
2.647049964764707775e-01
2.647853415588350967e-01
2.648656687996405190e-01
2.649459782158168908e-01
2.650262698242706327e-01
2.651065436418849619e-01
2.651867996855198917e-01
2.652670379720125649e-01
2.653472585181767540e-01
2.654274613408033057e-01
2.655076464566602512e-01
2.655878138824923074e-01
2.656679636350217089e-01
2.657480957309475422e-01
2.658282101869463010e-01
2.659083070196714971e-01
2.659883862457541048e-01
2.660684478818023946e-01
2.661484919444019326e-01
2.662285184501157476e-01
2.663085274154843862e-01
2.663885188570257467e-01
2.664684927912354673e-01
2.665484492345866485e-01
2.666283882035300201e-01
2.667083097144940518e-01
2.667882137838851198e-01
2.668681004280868407e-01
2.669479696634610155e-01
2.670278215063474625e-01
2.671076559730635180e-01
2.671874730799045361e-01
2.672672728431440548e-01
2.673470552790334631e-01
2.674268204038022234e-01
2.675065682336579820e-01
2.675862987847864582e-01
2.676660120733516113e-01
2.677457081154955842e-01
2.678253869273388710e-01
2.679050485249801494e-01
2.679846929244967813e-01
2.680643201419439792e-01
2.681439301933559172e-01
2.682235230947449534e-01
2.683030988621020740e-01
2.683826575113968937e-01
2.684621990585774887e-01
2.685417235195707297e-01
2.686212309102820606e-01
2.687007212465956640e-01
2.687801945443746288e-01
2.688596508194606161e-01
2.689390900876744150e-01
2.690185123648154986e-01
2.690979176666623562e-01
2.691773060089724390e-01
2.692566774074822145e-01
2.693360318779072227e-01
2.694153694359420204e-01
2.694946900972604586e-01
2.695739938775152944e-01
2.696532807923388009e-01
2.697325508573422681e-01
2.698118040881163915e-01
2.698910405002312163e-01
2.699702601092360266e-01
2.700494629306596228e-01
2.701286489800103219e-01
2.702078182727758460e-01
2.702869708244233227e-01
2.703661066503996180e-01
2.704452257661311698e-01
2.705243281870239325e-01
2.706034139284637652e-01
2.706824830058160991e-01
2.707615354344261038e-01
2.708405712296187984e-01
2.709195904066989957e-01
2.709985929809514693e-01
2.710775789676407865e-01
2.711565483820115863e-01
2.712355012392883569e-01
2.713144375546756581e-01
2.713933573433582325e-01
2.714722606205008382e-01
2.715511474012481941e-01
2.716300177007254235e-01
2.717088715340378324e-01
2.717877089162708537e-01
2.718665298624903248e-01
2.719453343877423768e-01
2.720241225070533786e-01
2.721028942354303815e-01
2.721816495878603970e-01
2.722603885793115075e-01
2.723391112247318113e-01
2.724178175390500889e-01
2.724965075371757472e-01
2.725751812339989866e-01
2.726538386443902451e-01
2.727324797832009762e-01
2.728111046652630933e-01
2.728897133053895807e-01
2.729683057183739936e-01
2.730468819189907914e-01
2.731254419219952267e-01
2.732039857421236229e-01
2.732825133940930407e-01
2.733610248926016117e-01
2.734395202523285384e-01
2.735179994879339826e-01
2.735964626140591216e-01
2.736749096453263141e-01
2.737533405963391009e-01
2.738317554816822041e-01
2.739101543159215835e-01
2.739885371136043246e-01
2.740669038892588616e-01
2.741452546573950322e-01
2.742235894325039669e-01
2.743019082290580890e-01
2.743802110615114476e-01
2.744584979442993844e-01
2.745367688918389781e-01
2.746150239185284336e-01
2.746932630387478036e-01
2.747714862668586555e-01
2.748496936172043492e-01
2.749278851041095373e-01
2.750060607418808867e-01
2.750842205448069122e-01
2.751623645271573104e-01
2.752404927031842918e-01
2.753186050871212487e-01
2.753967016931839762e-01
2.754747825355698954e-01
2.755528476284582196e-01
2.756308969860105651e-01
2.757089306223701186e-01
2.757869485516623032e-01
2.758649507879946672e-01
2.759429373454564405e-01
2.760209082381196999e-01
2.760988634800379815e-01
2.761768030852473910e-01
2.762547270677662703e-01
2.763326354415949204e-01
2.764105282207163783e-01
2.764884054190955842e-01
2.765662670506801035e-01
2.766441131293998490e-01
2.767219436691669143e-01
2.767997586838761293e-01
2.768775581874048375e-01
2.769553421936125637e-01
2.770331107163417350e-01
2.771108637694171262e-01
2.771886013666462478e-01
2.772663235218191802e-01
2.773440302487086284e-01
2.774217215610702558e-01
2.774993974726421286e-01
2.775770579971452712e-01
2.776547031482834993e-01
2.777323329397433649e-01
2.778099473851943779e-01
2.778875464982888954e-01
2.779651302926621770e-01
2.780426987819324958e-01
2.781202519797010830e-01
2.781977898995521281e-01
2.782753125550528894e-01
2.783528199597538055e-01
2.784303121271881620e-01
2.785077890708727577e-01
2.785852508043071829e-01
2.786626973409744856e-01
2.787401286943408385e-01
2.788175448778557053e-01
2.788949459049516744e-01
2.789723317890449583e-01
2.790497025435348388e-01
2.791270581818040553e-01
2.792043987172189157e-01
2.792817241631288527e-01
2.793590345328670899e-01
2.794363298397500306e-01
2.795136100970779247e-01
2.795908753181342576e-01
2.796681255161864166e-01
2.797453607044850799e-01
2.798225808962648276e-01
2.798997861047437530e-01
2.799769763431237402e-01
2.800541516245903528e-01
2.801313119623129455e-01
2.802084573694446079e-01
2.802855878591223870e-01
2.803627034444667876e-01
2.804398041385828266e-01
2.805168899545587569e-01
2.805939609054671768e-01
2.806710170043646424e-01
2.807480582642913891e-01
2.808250846982719429e-01
2.809020963193148424e-01
2.809790931404125836e-01
2.810560751745418973e-01
2.811330424346635271e-01
2.812099949337223959e-01
2.812869326846476614e-01
2.813638557003526608e-01
2.814407639937350214e-01
2.815176575776764945e-01
2.815945364650433436e-01
2.816714006686859006e-01
2.817482502014390655e-01
2.818250850761221393e-01
2.819019053055384916e-01
2.819787109024763927e-01
2.820555018797081814e-01
2.821322782499909310e-01
2.822090400260660603e-01
2.822857872206596674e-01
2.823625198464824182e-01
2.824392379162294908e-01
2.825159414425805759e-01
2.825926304382003207e-01
2.826693049157378290e-01
2.827459648878269949e-01
2.828226103670863911e-01
2.828992413661193805e-01
2.829758578975141159e-01
2.830524599738434843e-01
2.831290476076653850e-01
2.832056208115223406e-01
2.832821795979419410e-01
2.833587239794366219e-01
2.834352539685039418e-01
2.835117695776260827e-01
2.835882708192704604e-01
2.836647577058895031e-01
2.837412302499205952e-01
2.838176884637862996e-01
2.838941323598941913e-01
2.839705619506369683e-01
2.840469772483926181e-01
2.841233782655240292e-01
2.841997650143796572e-01
2.842761375072928587e-01
2.843524957565824463e-01
2.844288397745524111e-01
2.845051695734920894e-01
2.845814851656762179e-01
2.846577865633647675e-01
2.847340737788030540e-01
2.848103468242219050e-01
2.848866057118377149e-01
2.849628504538519458e-01
2.850390810624520155e-01
2.851152975498104647e-01
2.851914999280854568e-01
2.852676882094207778e-01
2.853438624059458917e-01
2.854200225297757187e-01
2.854961685930108573e-01
2.855723006077374726e-01
2.856484185860275193e-01
2.857245225399387412e-01
2.858006124815143378e-01
2.858766884227834648e-01
2.859527503757611222e-01
2.860287983524479882e-01
2.861048323648304748e-01
2.861808524248810603e-01
2.862568585445578462e-01
2.863328507358052777e-01
2.864088290105532009e-01
2.864847933807177505e-01
2.865607438582007394e-01
2.866366804548904357e-01
2.867126031826606747e-01
2.867885120533716359e-01
2.868644070788693434e-01
2.869402882709861102e-01
2.870161556415401494e-01
2.870920092023361292e-01
2.871678489651645072e-01
2.872436749418021407e-01
2.873194871440122311e-01
2.873952855835437692e-01
2.874710702721324784e-01
2.875468412215001490e-01
2.876225984433548044e-01
2.876983419493909788e-01
2.877740717512894397e-01
2.878497878607172433e-01
2.879254902893281232e-01
2.880011790487619350e-01
2.880768541506451008e-01
2.881525156065905535e-01
2.882281634281976257e-01
2.883037976270522718e-01
2.883794182147266794e-01
2.884550252027801576e-01
2.885306186027580266e-01
2.886061984261925617e-01
2.886817646846023266e-01
2.887573173894930623e-01
2.888328565523566316e-01
2.889083821846720190e-01
2.889838942979043868e-01
2.890593929035063514e-01
2.891348780129167628e-01
2.892103496375613703e-01
2.892858077888527668e-01
2.893612524781904449e-01
2.894366837169605189e-01
2.895121015165362799e-01
2.895875058882775854e-01
2.896628968435315810e-01
2.897382743936319227e-01
2.898136385498995549e-01
2.898889893236422099e-01
2.899643267261548529e-01
2.900396507687191816e-01
2.901149614626040707e-01
2.901902588190656274e-01
2.902655428493466361e-01
2.903408135646775579e-01
2.904160709762753645e-01
2.904913150953447043e-01
2.905665459330770140e-01
2.906417635006512401e-01
2.907169678092333953e-01
2.907921588699765580e-01
2.908673366940214833e-01
2.909425012924958809e-01
2.910176526765148042e-01
2.910927908571807610e-01
2.911679158455834360e-01
2.912430276528000239e-01
2.913181262898950075e-01
2.913932117679204348e-01
2.914682840979155309e-01
2.915433432909071421e-01
2.916183893579095687e-01
2.916934223099245660e-01
2.917684421579413989e-01
2.918434489129368425e-01
2.919184425858754595e-01
2.919934231877089892e-01
2.920683907293769588e-01
2.921433452218066829e-01
2.922182866759128750e-01
2.922932151025978698e-01
2.923681305127518448e-01
2.924430329172526544e-01
2.925179223269658846e-01
2.925927987527446872e-01
2.926676622054301680e-01
2.927425126958510537e-01
2.928173502348239143e-01
2.928921748331532737e-01
2.929669865016313324e-01
2.930417852510382448e-01
2.931165710921419532e-01
2.931913440356982981e-01
2.932661040924512408e-01
2.933408512731323636e-01
2.934155855884614250e-01
2.934903070491460819e-01
2.935650156658820009e-01
2.936397114493528582e-01
2.937143944102305060e-01
2.937890645591745287e-01
2.938637219068329087e-01
2.939383664638415827e-01
2.940129982408245524e-01
2.940876172483940509e-01
2.941622234971504324e-01
2.942368169976822267e-01
2.943113977605660847e-01
2.943859657963670551e-01
2.944605211156380853e-01
2.945350637289206874e-01
2.946095936467446608e-01
2.946841108796277586e-01
2.947586154380763546e-01
2.948331073325849983e-01
2.949075865736365820e-01
2.949820531717025074e-01
2.950565071372423520e-01
2.951309484807043138e-01
2.952053772125247666e-01
2.952797933431287603e-01
2.953541968829295206e-01
2.954285878423291156e-01
2.955029662317178452e-01
2.955773320614745736e-01
2.956516853419666746e-01
2.957260260835501975e-01
2.958003542965696453e-01
2.958746699913580858e-01
2.959489731782373179e-01
2.960232638675177053e-01
2.960975420694981763e-01
2.961718077944663907e-01
2.962460610526988503e-01
2.963203018544602885e-01
2.963945302100047252e-01
2.964687461295745230e-01
2.965429496234009976e-01
2.966171407017040296e-01
2.966913193746926192e-01
2.967654856525641094e-01
2.968396395455051850e-01
2.969137810636909292e-01
2.969879102172856555e-01
2.970620270164421872e-01
2.971361314713026336e-01
2.972102235919976132e-01
2.972843033886470865e-01
2.973583708713595231e-01
2.974324260502328454e-01
2.975064689353535408e-01
2.975804995367973271e-01
2.976545178646288758e-01
2.977285239289020335e-01
2.978025177396593781e-01
2.978764993069328848e-01
2.979504686407434266e-01
2.980244257511011075e-01
2.980983706480051509e-01
2.981723033414437340e-01
2.982462238413943756e-01
2.983201321578237697e-01
2.983940283006878968e-01
2.984679122799315243e-01
2.985417841054892052e-01
2.986156437872843905e-01
2.986894913352298730e-01
2.987633267592276765e-01
2.988371500691692217e-01
2.989109612749352163e-01
2.989847603863958203e-01
2.990585474134102029e-01
2.991323223658270969e-01
2.992060852534848547e-01
2.992798360862107820e-01
2.993535748738219704e-01
2.994273016261245202e-01
2.995010163529145952e-01
2.995747190639773683e-01
2.996484097690875203e-01
2.997220884780093519e-01
2.997957552004966164e-01
2.998694099462927420e-01
2.999430527251306655e-01
3.000166835467325543e-01
3.000903024208105840e-01
3.001639093570663830e-01
3.002375043651911990e-01
3.003110874548657327e-01
3.003846586357606374e-01
3.004582179175361301e-01
3.005317653098419917e-01
3.006053008223177336e-01
3.006788244645926533e-01
3.007523362462858341e-01
3.008258361770058120e-01
3.008993242663513534e-01
3.009728005239105109e-01
3.010462649592615114e-01
3.011197175819720906e-01
3.011931584016000474e-01
3.012665874276929112e-01
3.013400046697881640e-01
3.014134101374129071e-01
3.014868038400844719e-01
3.015601857873099201e-01
3.016335559885862105e-01
3.017069144534001990e-01
3.017802611912288602e-01
3.018535962115390658e-01
3.019269195237875847e-01
3.020002311374213044e-01
3.020735310618770098e-01
3.021468193065817154e-01
3.022200958809522220e-01
3.022933607943956158e-01
3.023666140563087690e-01
3.024398556760791168e-01
3.025130856630837139e-01
3.025863040266901227e-01
3.026595107762556913e-01
3.027327059211283311e-01
3.028058894706456838e-01
3.028790614341358434e-01
3.029522218209171891e-01
3.030253706402979974e-01
3.030985079015770522e-01
3.031716336140432011e-01
3.032447477869757990e-01
3.033178504296441536e-01
3.033909415513080798e-01
3.034640211612177341e-01
3.035370892686133359e-01
3.036101458827257238e-01
3.036831910127759659e-01
3.037562246679754718e-01
3.038292468575260474e-01
3.039022575906200063e-01
3.039752568764398921e-01
3.040482447241587560e-01
3.041212211429401568e-01
3.041941861419379944e-01
3.042671397302966207e-01
3.043400819171511729e-01
3.044130127116267959e-01
3.044859321228395865e-01
3.045588401598958717e-01
3.046317368318927077e-01
3.047046221479175476e-01
3.047774961170487407e-01
3.048503587483546995e-01
3.049232100508949550e-01
3.049960500337192681e-01
3.050688787058683515e-01
3.051416960763731479e-01
3.052145021542557735e-01
3.052872969485286858e-01
3.053600804681950720e-01
3.054328527222489043e-01
3.055056137196746069e-01
3.055783634694478335e-01
3.056511019805345231e-01
3.057238292618915665e-01
3.057965453224666397e-01
3.058692501711980372e-01
3.059419438170151717e-01
3.060146262688379637e-01
3.060872975355773407e-01
3.061599576261349598e-01
3.062326065494034300e-01
3.063052443142662007e-01
3.063778709295975622e-01
3.064504864042627563e-01
3.065230907471178656e-01
3.065956839670100353e-01
3.066682660727772514e-01
3.067408370732484513e-01
3.068133969772436354e-01
3.068859457935734780e-01
3.069584835310401605e-01
3.070310101984364270e-01
3.071035258045462513e-01
3.071760303581445584e-01
3.072485238679974473e-01
3.073210063428620242e-01
3.073934777914862915e-01
3.074659382226096471e-01
3.075383876449623299e-01
3.076108260672659189e-01
3.076832534982330003e-01
3.077556699465672230e-01
3.078280754209635761e-01
3.079004699301080561e-01
3.079728534826779995e-01
3.080452260873418613e-01
3.081175877527592144e-01
3.081899384875811942e-01
3.082622783004496103e-01
3.083346071999980009e-01
3.084069251948510226e-01
3.084792322936246167e-01
3.085515285049258427e-01
3.086238138373534334e-01
3.086960882994970734e-01
3.087683518999379539e-01
3.088406046472485511e-01
3.089128465499929033e-01
3.089850776167259450e-01
3.090572978559944506e-01
3.091295072763365348e-01
3.092017058862813750e-01
3.092738936943499883e-01
3.093460707090545103e-01
3.094182369388987497e-01
3.094903923923778555e-01
3.095625370779784280e-01
3.096346710041786299e-01
3.097067941794480750e-01
3.097789066122479396e-01
3.098510083110307956e-01
3.099230992842409438e-01
3.099951795403140808e-01
3.100672490876775211e-01
3.101393079347500858e-01
3.102113560899422140e-01
3.102833935616560734e-01
3.103554203582853943e-01
3.104274364882151915e-01
3.104994419598226529e-01
3.105714367814763621e-01
3.106434209615363540e-01
3.107153945083547253e-01
3.107873574302750241e-01
3.108593097356325274e-01
3.109312514327542409e-01
3.110031825299589547e-01
3.110751030355570768e-01
3.111470129578509103e-01
3.112189123051343209e-01
3.112908010856931251e-01
3.113626793078048682e-01
3.114345469797387689e-01
3.115064041097560521e-01
3.115782507061097273e-01
3.116500867770444771e-01
3.117219123307969908e-01
3.117937273755957972e-01
3.118655319196612097e-01
3.119373259712054369e-01
3.120091095384326940e-01
3.120808826295389249e-01
3.121526452527123019e-01
3.122243974161323932e-01
3.122961391279713284e-01
3.123678703963926884e-01
3.124395912295523381e-01
3.125113016355979823e-01
3.125830016226692765e-01
3.126546911988979938e-01
3.127263703724077470e-01
3.127980391513144887e-01
3.128696975437258443e-01
3.129413455577417236e-01
3.130129832014539315e-01
3.130846104829465015e-01
3.131562274102954735e-01
3.132278339915690601e-01
3.132994302348272586e-01
3.133710161481227385e-01
3.134425917394998429e-01
3.135141570169951986e-01
3.135857119886375499e-01
3.136572566624479252e-01
3.137287910464394147e-01
3.138003151486173925e-01
3.138718289769792946e-01
3.139433325395147856e-01
3.140148258442059248e-01
3.140863088990268337e-01
3.141577817119439175e-01
3.142292442909158656e-01
3.143006966438935956e-01
3.143721387788202537e-01
3.144435707036315475e-01
3.145149924262549690e-01
3.145864039546109603e-01
3.146578052966116923e-01
3.147291964601621195e-01
3.148005774531591472e-01
3.148719482834924643e-01
3.149433089590438772e-01
3.150146594876875317e-01
3.150859998772900794e-01
3.151573301357103452e-01
3.152286502708000482e-01
3.152999602904028587e-01
3.153712602023551193e-01
3.154425500144852901e-01
3.155138297346149479e-01
3.155850993705575092e-01
3.156563589301191741e-01
3.157276084210984823e-01
3.157988478512864794e-01
3.158700772284669389e-01
3.159412965604159740e-01
3.160125058549020927e-01
3.160837051196867531e-01
3.161548943625235308e-01
3.162260735911588405e-01
3.162972428133316583e-01
3.163684020367732996e-01
3.164395512692078638e-01
3.165106905183522334e-01
3.165818197919156862e-01
3.166529390975999503e-01
3.167240484430998704e-01
3.167951478361025752e-01
3.168662372842878661e-01
3.169373167953284387e-01
3.170083863768894950e-01
3.170794460366290202e-01
3.171504957821975057e-01
3.172215356212385040e-01
3.172925655613879625e-01
3.173635856102747788e-01
3.174345957755204117e-01
3.175055960647392150e-01
3.175765864855382703e-01
3.176475670455174982e-01
3.177185377522694365e-01
3.177894986133796285e-01
3.178604496364262344e-01
3.179313908289803647e-01
3.180023221986057469e-01
3.180732437528593914e-01
3.181441554992907594e-01
3.182150574454422065e-01
3.182859495988491494e-01
3.183568319670396218e-01
3.184277045575348297e-01
3.184985673778487070e-01
3.185694204354881376e-01
3.186402637379529557e-01
3.187110972927358343e-01
3.187819211073224523e-01
3.188527351891914385e-01
3.189235395458143718e-01
3.189943341846557812e-01
3.190651191131733122e-01
3.191358943388174496e-01
3.192066598690316281e-01
3.192774157112523992e-01
3.193481618729092641e-01
3.194188983614250077e-01
3.194896251842149759e-01
3.195603423486881312e-01
3.196310498622459417e-01
3.197017477322833812e-01
3.197724359661883176e-01
3.198431145713415691e-01
3.199137835551174591e-01
3.199844429248829836e-01
3.200550926879984770e-01
3.201257328518174461e-01
3.201963634236863476e-01
3.202669844109448105e-01
3.203375958209258578e-01
3.204081976609555182e-01
3.204787899383530481e-01
3.205493726604308202e-01
3.206199458344943243e-01
3.206905094678423884e-01
3.207610635677671240e-01
3.208316081415537591e-01
3.209021431964807491e-01
3.209726687398198330e-01
3.210431847788359772e-01
3.211136913207874310e-01
3.211841883729256719e-01
3.212546759424956266e-01
3.213251540367351722e-01
3.213956226628759127e-01
3.214660818281423471e-01
3.215365315397527013e-01
3.216069718049182069e-01
3.216774026308436563e-01
3.217478240247270138e-01
3.218182359937596382e-01
3.218886385451263377e-01
3.219590316860052592e-01
3.220294154235679440e-01
3.220997897649793829e-01
3.221701547173977387e-01
3.222405102879749017e-01
3.223108564838559342e-01
3.223811933121796258e-01
3.224515207800776606e-01
3.225218388946758941e-01
3.225921476630930207e-01
3.226624470924416843e-01
3.227327371898276454e-01
3.228030179623502804e-01
3.228732894171025825e-01
3.229435515611707164e-01
3.230138044016347965e-01
3.230840479455681091e-01
3.231542822000377235e-01
3.232245071721041030e-01
3.232947228688213270e-01
3.233649292972368694e-01
3.234351264643921531e-01
3.235053143773217177e-01
3.235754930430539966e-01
3.236456624686109840e-01
3.237158226610080680e-01
3.237859736272545863e-01
3.238561153743531040e-01
3.239262479093003022e-01
3.239963712390860895e-01
3.240664853706942128e-01
3.241365903111019242e-01
3.242066860672803141e-01
3.242767726461942002e-01
3.243468500548017941e-01
3.244169183000553680e-01
3.244869773889004771e-01
3.245570273282767926e-01
3.246270681251174350e-01
3.246970997863493635e-01
3.247671223188933753e-01
3.248371357296637729e-01
3.249071400255686415e-01
3.249771352135101266e-01
3.250471213003838233e-01
3.251170982930793318e-01
3.251870661984798683e-01
3.252570250234624316e-01
3.253269747748979146e-01
3.253969154596512148e-01
3.254668470845806794e-01
3.255367696565386604e-01
3.256066831823715146e-01
3.256765876689191042e-01
3.257464831230153512e-01
3.258163695514882385e-01
3.258862469611590873e-01
3.259561153588437232e-01
3.260259747513513662e-01
3.260958251454852963e-01
3.261656665480429096e-01
3.262354989658152182e-01
3.263053224055872947e-01
3.263751368741382719e-01
3.264449423782409543e-01
3.265147389246623177e-01
3.265845265201630654e-01
3.266543051714981827e-01
3.267240748854163268e-01
3.267938356686603263e-01
3.268635875279670144e-01
3.269333304700669518e-01
3.270030645016850923e-01
3.270727896295401727e-01
3.271425058603450453e-01
3.272122132008064010e-01
3.272819116576252685e-01
3.273516012374965700e-01
3.274212819471091773e-01
3.274909537931462444e-01
3.275606167822848747e-01
3.276302709211963426e-01
3.276999162165458723e-01
3.277695526749928590e-01
3.278391803031908136e-01
3.279087991077873632e-01
3.279784090954241949e-01
3.280480102727372782e-01
3.281176026463564765e-01
3.281871862229059911e-01
3.282567610090042498e-01
3.283263270112635746e-01
3.283958842362905695e-01
3.284654326906862876e-01
3.285349723810454536e-01
3.286045033139572968e-01
3.286740254960054397e-01
3.287435389337672320e-01
3.288130436338145834e-01
3.288825396027135195e-01
3.289520268470244035e-01
3.290215053733016592e-01
3.290909751880939926e-01
3.291604362979446696e-01
3.292298887093907389e-01
3.292993324289639201e-01
3.293687674631898266e-01
3.294381938185888536e-01
3.295076115016752905e-01
3.295770205189578750e-01
3.296464208769396276e-01
3.297158125821179619e-01
3.297851956409845742e-01
3.298545700600252206e-01
3.299239358457207172e-01
3.299932930045453294e-01
3.300626415429684379e-01
3.301319814674532616e-01
3.302013127844576346e-01
3.302706355004338956e-01
3.303399496218284992e-01
3.304092551550822932e-01
3.304785521066308518e-01
3.305478404829037542e-01
3.306171202903254169e-01
3.306863915353141503e-01
3.307556542242833797e-01
3.308249083636403132e-01
3.308941539597868853e-01
3.309633910191197015e-01
3.310326195480294276e-01
3.311018395529015113e-01
3.311710510401156826e-01
3.312402540160461761e-01
3.313094484870620082e-01
3.313786344595260891e-01
3.314478119397965550e-01
3.315169809342256024e-01
3.315861414491599324e-01
3.316552934909410832e-01
3.317244370659047648e-01
3.317935721803815796e-01
3.318626988406963574e-01
3.319318170531688206e-01
3.320009268241128630e-01
3.320700281598374382e-01
3.321391210666456151e-01
3.322082055508351339e-01
3.322772816186988498e-01
3.323463492765234562e-01
3.324154085305907058e-01
3.324844593871769116e-01
3.325535018525530018e-01
3.326225359329845199e-01
3.326915616347315696e-01
3.327605789640488698e-01
3.328295879271861435e-01
3.328985885303872849e-01
3.329675807798911924e-01
3.330365646819313796e-01
3.331055402427359757e-01
3.331745074685276697e-01
3.332434663655243212e-01
3.333124169399378500e-01
3.333813591979753466e-01
3.334502931458384611e-01
3.335192187897235150e-01
3.335881361358217223e-01
3.336570451903190238e-01
3.337259459593958644e-01
3.337948384492275267e-01
3.338637226659843527e-01
3.339325986158310222e-01
3.340014663049273858e-01
3.340703257394275205e-01
3.341391769254810629e-01
3.342080198692317095e-01
3.342768545768186050e-01
3.343456810543749547e-01
3.344144993080294670e-01
3.344833093439054106e-01
3.345521111681206139e-01
3.346209047867882980e-01
3.346896902060160217e-01
3.347584674319064590e-01
3.348272364705570103e-01
3.348959973280600799e-01
3.349647500105029652e-01
3.350334945239674678e-01
3.351022308745307265e-01
3.351709590682644402e-01
3.352396791112355889e-01
3.353083910095055464e-01
3.353770947691310234e-01
3.354457903961634013e-01
3.355144778966490660e-01
3.355831572766294624e-01
3.356518285421407066e-01
3.357204916992140298e-01
3.357891467538755559e-01
3.358577937121464685e-01
3.359264325800427886e-01
3.359950633635754857e-01
3.360636860687508110e-01
3.361323007015694087e-01
3.362009072680275934e-01
3.362695057741160731e-01
3.363380962258210038e-01
3.364066786291234346e-01
3.364752529899991407e-01
3.365438193144194012e-01
3.366123776083501107e-01
3.366809278777522785e-01
3.367494701285824177e-01
3.368180043667912682e-01
3.368865305983255176e-01
3.369550488291260804e-01
3.370235590651295965e-01
3.370920613122672105e-01
3.371605555764657369e-01
3.372290418636467169e-01
3.372975201797268618e-01
3.373659905306179985e-01
3.374344529222268463e-01
3.375029073604556284e-01
3.375713538512016276e-01
3.376397924003567419e-01
3.377082230138086505e-01
3.377766456974398146e-01
3.378450604571280325e-01
3.379134672987459953e-01
3.379818662281617314e-01
3.380502572512384951e-01
3.381186403738345447e-01
3.381870156018033646e-01
3.382553829409937207e-01
3.383237423972495495e-01
3.383920939764098468e-01
3.384604376843086682e-01
3.385287735267760167e-01
3.385971015096361225e-01
3.386654216387092187e-01
3.387337339198102648e-01
3.388020383587497242e-01
3.388703349613332305e-01
3.389386237333616436e-01
3.390069046806308828e-01
3.390751778089327595e-01
3.391434431240535896e-01
3.392117006317753591e-01
3.392799503378752801e-01
3.393481922481257906e-01
3.394164263682946658e-01
3.394846527041449624e-01
3.395528712614349631e-01
3.396210820459184543e-01
3.396892850633444483e-01
3.397574803194569615e-01
3.398256678199959580e-01
3.398938475706961837e-01
3.399620195772879994e-01
3.400301838454968251e-01
3.400983403810438621e-01
3.401664891896455933e-01
3.402346302770133391e-01
3.403027636488544228e-01
3.403708893108712830e-01
3.404390072687614732e-01
3.405071175282185503e-01
3.405752200949307973e-01
3.406433149745824451e-01
3.407114021728527842e-01
3.407794816954164974e-01
3.408475535479440488e-01
3.409156177361009621e-01
3.409836742655483199e-01
3.410517231419424311e-01
3.411197643709354965e-01
3.411877979581748321e-01
3.412558239093032020e-01
3.413238422299589292e-01
3.413918529257757295e-01
3.414598560023829887e-01
3.415278514654050968e-01
3.415958393204624466e-01
3.416638195731707128e-01
3.417317922291408516e-01
3.417997572939797668e-01
3.418677147732894217e-01
3.419356646726674498e-01
3.420036069977072102e-01
3.420715417539972325e-01
3.421394689471218276e-01
3.422073885826606432e-01
3.422753006661889419e-01
3.423432052032777673e-01
3.424111021994933890e-01
3.424789916603977469e-01
3.425468735915481178e-01
3.426147479984978927e-01
3.426826148867956334e-01
3.427504742619853495e-01
3.428183261296070539e-01
3.428861704951960410e-01
3.429540073642832754e-01
3.430218367423953918e-01
3.430896586350544175e-01
3.431574730477782720e-01
3.432252799860803782e-01
3.432930794554697740e-01
3.433608714614510005e-01
3.434286560095244911e-01
3.434964331051860720e-01
3.435642027539274057e-01
3.436319649612356031e-01
3.436997197325936670e-01
3.437674670734801596e-01
3.438352069893691465e-01
3.439029394857306410e-01
3.439706645680301600e-01
3.440383822417291126e-01
3.441060925122839675e-01
3.441737953851479737e-01
3.442414908657689954e-01
3.443091789595912333e-01
3.443768596720544473e-01
3.444445330085941226e-01
3.445121989746413593e-01
3.445798575756229831e-01
3.446475088169619339e-01
3.447151527040763219e-01
3.447827892423804830e-01
3.448504184372841452e-01
3.449180402941930401e-01
3.449856548185084026e-01
3.450532620156275265e-01
3.451208618909433201e-01
3.451884544498445284e-01
3.452560396977155110e-01
3.453236176399365753e-01
3.453911882818838097e-01
3.454587516289290838e-01
3.455263076864400484e-01
3.455938564597801355e-01
3.456613979543086690e-01
3.457289321753807543e-01
3.457964591283472777e-01
3.458639788185550179e-01
3.459314912513465901e-01
3.459989964320605016e-01
3.460664943660307635e-01
3.461339850585877231e-01
3.462014685150572868e-01
3.462689447407613641e-01
3.463364137410175903e-01
3.464038755211395482e-01
3.464713300864366019e-01
3.465387774422143408e-01
3.466062175937738021e-01
3.466736505464120266e-01
3.467410763054221690e-01
3.468084948760931652e-01
3.468759062637097323e-01
3.469433104735527018e-01
3.470107075108985750e-01
3.470780973810201342e-01
3.471454800891856651e-01
3.472128556406596789e-01
3.472802240407026342e-01
3.473475852945708264e-01
3.474149394075164987e-01
3.474822863847877863e-01
3.475496262316289386e-01
3.476169589532802084e-01
3.476842845549774630e-01
3.477516030419529613e-01
3.478189144194348548e-01
3.478862186926469091e-01
3.479535158668094486e-01
3.480208059471383564e-01
3.480880889388455746e-01
3.481553648471394369e-01
3.482226336772236697e-01
3.482898954342985021e-01
3.483571501235598888e-01
3.484243977502002321e-01
3.484916383194072709e-01
3.485588718363653582e-01
3.486260983062547392e-01
3.486933177342516066e-01
3.487605301255281010e-01
3.488277354852529766e-01
3.488949338185903248e-01
3.489621251307005734e-01
3.490293094267405971e-01
3.490964867118626636e-01
3.491636569912155985e-01
3.492308202699442310e-01
3.492979765531894487e-01
3.493651258460881426e-01
3.494322681537732622e-01
3.494994034813742045e-01
3.495665318340160921e-01
3.496336532168203837e-01
3.497007676349044303e-01
3.497678750933819747e-01
3.498349755973628183e-01
3.499020691519528214e-01
3.499691557622538474e-01
3.500362354333642068e-01
3.501033081703781580e-01
3.501703739783862401e-01
3.502374328624749400e-01
3.503044848277270806e-01
3.503715298792215993e-01
3.504385680220337140e-01
3.505055992612345350e-01
3.505726236018916753e-01
3.506396410490686399e-01
3.507066516078253815e-01
3.507736552832179666e-01
3.508406520802985207e-01
3.509076420041155053e-01
3.509746250597136075e-01
3.510416012521336837e-01
3.511085705864127604e-01
3.511755330675842557e-01
3.512424887006775909e-01
3.513094374907185236e-01
3.513763794427290366e-01
3.514433145617275045e-01
3.515102428527282497e-01
3.515771643207419861e-01
3.516440789707759307e-01
3.517109868078330814e-01
3.517778878369131612e-01
3.518447820630117295e-01
3.519116694911210708e-01
3.519785501262293614e-01
3.520454239733210589e-01
3.521122910373774562e-01
3.521791513233755722e-01
3.522460048362887619e-01
3.523128515810869943e-01
3.523796915627362414e-01
3.524465247861991446e-01
3.525133512564341265e-01
3.525801709783963345e-01
3.526469839570372522e-01
3.527137901973044776e-01
3.527805897041420558e-01
3.528473824824902572e-01
3.529141685372859660e-01
3.529809478734622918e-01
3.530477204959482918e-01
3.531144864096699143e-01
3.531812456195494443e-01
3.532479981305052252e-01
3.533147439474519369e-01
3.533814830753012060e-01
3.534482155189602737e-01
3.535149412833334392e-01
3.535816603733207275e-01
3.536483727938192767e-01
3.537150785497219507e-01
3.537817776459182828e-01
3.538484700872945865e-01
3.539151558787330676e-01
3.539818350251124346e-01
3.540485075313078434e-01
3.541151734021911746e-01
3.541818326426303121e-01
3.542484852574897536e-01
3.543151312516303886e-01
3.543817706299096093e-01
3.544484033971813663e-01
3.545150295582958355e-01
3.545816491180994734e-01
3.546482620814358500e-01
3.547148684531442053e-01
3.547814682380609486e-01
3.548480614410185474e-01
3.549146480668459724e-01
3.549812281203688080e-01
3.550478016064089748e-01
3.551143685297851182e-01
3.551809288953120536e-01
3.552474827078012654e-01
3.553140299720607409e-01
3.553805706928951369e-01
3.554471048751052242e-01
3.555136325234886097e-01
3.555801536428392362e-01
3.556466682379476607e-01
3.557131763136011093e-01
3.557796778745830335e-01
3.558461729256734984e-01
3.559126614716493497e-01
3.559791435172837137e-01
3.560456190673462196e-01
3.561120881266034432e-01
3.561785506998181305e-01
3.562450067917495855e-01
3.563114564071539481e-01
3.563778995507836944e-01
3.564443362273880811e-01
3.565107664417125344e-01
3.565771901984997605e-01
3.566436075024883023e-01
3.567100183584136497e-01
3.567764227710080172e-01
3.568428207450000111e-01
3.569092122851147408e-01
3.569755973960742623e-01
3.570419760825968014e-01
3.571083483493976973e-01
3.571747142011885701e-01
3.572410736426775979e-01
3.573074266785699060e-01
3.573737733135668448e-01
3.574401135523669892e-01
3.575064473996649173e-01
3.575727748601520983e-01
3.576390959385167823e-01
3.577054106394438326e-01
3.577717189676145049e-01
3.578380209277068902e-01
3.579043165243960267e-01
3.579706057623530113e-01
3.580368886462461653e-01
3.581031651807401461e-01
3.581694353704965028e-01
3.582356992201733981e-01
3.583019567344255529e-01
3.583682079179044688e-01
3.584344527752584275e-01
3.585006913111323246e-01
3.585669235301678359e-01
3.586331494370030848e-01
3.586993690362732523e-01
3.587655823326101889e-01
3.588317893306421369e-01
3.588979900349943408e-01
3.589641844502888257e-01
3.590303725811441748e-01
3.590965544321756964e-01
3.591627300079955898e-01
3.592288993132126129e-01
3.592950623524324150e-01
3.593612191302575365e-01
3.594273696512868543e-01
3.594935139201164143e-01
3.595596519413386538e-01
3.596257837195431240e-01
3.596919092593158229e-01
3.597580285652399179e-01
3.598241416418948568e-01
3.598902484938574231e-01
3.599563491257006809e-01
3.600224435419949187e-01
3.600885317473068170e-01
3.601546137462001140e-01
3.602206895432352174e-01
3.602867591429693706e-01
3.603528225499568194e-01
3.604188797687483681e-01
3.604849308038917122e-01
3.605509756599314386e-01
3.606170143414087481e-01
3.606830468528619549e-01
3.607490731988260979e-01
3.608150933838327190e-01
3.608811074124108620e-01
3.609471152890859624e-01
3.610131170183803473e-01
3.610791126048132904e-01
3.611451020529007905e-01
3.612110853671558486e-01
3.612770625520883017e-01
3.613430336122044895e-01
3.614089985520084758e-01
3.614749573760003831e-01
3.615409100886774474e-01
3.616068566945339069e-01
3.616727971980606693e-01
3.617387316037460332e-01
3.618046599160744115e-01
3.618705821395277744e-01
3.619364982785847618e-01
3.620024083377206825e-01
3.620683123214081256e-01
3.621342102341165714e-01
3.622001020803120031e-01
3.622659878644576836e-01
3.623318675910137676e-01
3.623977412644372453e-01
3.624636088891820540e-01
3.625294704696990222e-01
3.625953260104360365e-01
3.626611755158380412e-01
3.627270189903463726e-01
3.627928564383998689e-01
3.628586878644340374e-01
3.629245132728816103e-01
3.629903326681719888e-01
3.630561460547315211e-01
3.631219534369838353e-01
3.631877548193493399e-01
3.632535502062452792e-01
3.633193396020861221e-01
3.633851230112830066e-01
3.634509004382445729e-01
3.635166718873759639e-01
3.635824373630792139e-01
3.636481968697540812e-01
3.637139504117964939e-01
3.637796979935999930e-01
3.638454396195547336e-01
3.639111752940480393e-01
3.639769050214641810e-01
3.640426288061843763e-01
3.641083466525872891e-01
3.641740585650480866e-01
3.642397645479392154e-01
3.643054646056300139e-01
3.643711587424870446e-01
3.644368469628737062e-01
3.645025292711506770e-01
3.645682056716754160e-01
3.646338761688024954e-01
3.646995407668837674e-01
3.647651994702678646e-01
3.648308522833005330e-01
3.648964992103246319e-01
3.649621402556801897e-01
3.650277754237039596e-01
3.650934047187302522e-01
3.651590281450901587e-01
3.652246457071117169e-01
3.652902574091203003e-01
3.653558632554382846e-01
3.654214632503852145e-01
3.654870573982775817e-01
3.655526457034288246e-01
3.656182281701501058e-01
3.656838048027490351e-01
3.657493756055306133e-01
3.658149405827967326e-01
3.658804997388470093e-01
3.659460530779773402e-01
3.660116006044811798e-01
3.660771423226493737e-01
3.661426782367692145e-01
3.662082083511258301e-01
3.662737326700007401e-01
3.663392511976735211e-01
3.664047639384199750e-01
3.664702708965137945e-01
3.665357720762250082e-01
3.666012674818217576e-01
3.666667571175685203e-01
3.667322409877273870e-01
3.667977190965573953e-01
3.668631914483149736e-01
3.669286580472534975e-01
3.669941188976234558e-01
3.670595740036727839e-01
3.671250233696465304e-01
3.671904669997866355e-01
3.672559048983325969e-01
3.673213370695209146e-01
3.673867635175852020e-01
3.674521842467564636e-01
3.675175992612627063e-01
3.675830085653294388e-01
3.676484121631790614e-01
3.677138100590311431e-01
3.677792022571027553e-01
3.678445887616079157e-01
3.679099695767582001e-01
3.679753447067619088e-01
3.680407141558251216e-01
3.681060779281505324e-01
3.681714360279388365e-01
3.682367884593871210e-01
3.683021352266902526e-01
3.683674763340401559e-01
3.684328117856262019e-01
3.684981415856345421e-01
3.685634657382491075e-01
3.686287842476509424e-01
3.686940971180179272e-01
3.687594043535257771e-01
3.688247059583471543e-01
3.688900019366519456e-01
3.689552922926077061e-01
3.690205770303785493e-01
3.690858561541266458e-01
3.691511296680110576e-01
3.692163975761880157e-01
3.692816598828110863e-01
3.693469165920313935e-01
3.694121677079971744e-01
3.694774132348538354e-01
3.695426531767442846e-01
3.696078875378087658e-01
3.696731163221843586e-01
3.697383395340060885e-01
3.698035571774058727e-01
3.698687692565131857e-01
3.699339757754545599e-01
3.699991767383540298e-01
3.700643721493330207e-01
3.701295620125101271e-01
3.701947463320012233e-01
3.702599251119196300e-01
3.703250983563761145e-01
3.703902660694785021e-01
3.704554282553321753e-01
3.705205849180397415e-01
3.705857360617013652e-01
3.706508816904142134e-01
3.707160218082731218e-01
3.707811564193701503e-01
3.708462855277946391e-01
3.709114091376333744e-01
3.709765272529707003e-01
3.710416398778879632e-01
3.711067470164641224e-01
3.711718486727754729e-01
3.712369448508955339e-01
3.713020355548956042e-01
3.713671207888437631e-01
3.714322005568061469e-01
3.714972748628456722e-01
3.715623437110232019e-01
3.716274071053964900e-01
3.716924650500207372e-01
3.717575175489493122e-01
3.718225646062319201e-01
3.718876062259164339e-01
3.719526424120477293e-01
3.720176731686682947e-01
3.720826984998180653e-01
3.721477184095339230e-01
3.722127329018510289e-01
3.722777419808012134e-01
3.723427456504141975e-01
3.724077439147168156e-01
3.724727367777334042e-01
3.725377242434861902e-01
3.726027063159939590e-01
3.726676829992738860e-01
3.727326542973399270e-01
3.727976202142038176e-01
3.728625807538746284e-01
3.729275359203588214e-01
3.729924857176605268e-01
3.730574301497811551e-01
3.731223692207195630e-01
3.731873029344722759e-01
3.732522312950330989e-01
3.733171543063934505e-01
3.733820719725421955e-01
3.734469842974653675e-01
3.735118912851469464e-01
3.735767929395683584e-01
3.736416892647080878e-01
3.737065802645425094e-01
3.737714659430454445e-01
3.738363463041880497e-01
3.739012213519389838e-01
3.739660910902647406e-01
3.740309555231287608e-01
3.740958146544925977e-01
3.741606684883148071e-01
3.742255170285518906e-01
3.742903602791575746e-01
3.743551982440830872e-01
3.744200309272773808e-01
3.744848583326867986e-01
3.745496804642551858e-01
3.746144973259242783e-01
3.746793089216327588e-01
3.747441152553171451e-01
3.748089163309116234e-01
3.748737121523476601e-01
3.749385027235544454e-01
3.750032880484588382e-01
3.750680681309848663e-01
3.751328429750544480e-01
3.751976125845868926e-01
3.752623769634989559e-01
3.753271361157055064e-01
3.753918900451182483e-01
3.754566387556469986e-01
3.755213822511989097e-01
3.755861205356787469e-01
3.756508536129885001e-01
3.757155814870286603e-01
3.757803041616964990e-01
3.758450216408870115e-01
3.759097339284928618e-01
3.759744410284044935e-01
3.760391429445096301e-01
3.761038396806937745e-01
3.761685312408399318e-01
3.762332176288287755e-01
3.762978988485387588e-01
3.763625749038454482e-01
3.764272457986226894e-01
3.764919115367411639e-01
3.765565721220698325e-01
3.766212275584751579e-01
3.766858778498207716e-01
3.767505229999684735e-01
3.768151630127773988e-01
3.768797978921042957e-01
3.769444276418039697e-01
3.770090522657281729e-01
3.770736717677267702e-01
3.771382861516470730e-01
3.772028954213343388e-01
3.772674995806309939e-01
3.773320986333772997e-01
3.773966925834115194e-01
3.774612814345691958e-01
3.775258651906834295e-01
3.775904438555853782e-01
3.776550174331035903e-01
3.777195859270642275e-01
3.777841493412913976e-01
3.778487076796064326e-01
3.779132609458289993e-01
3.779778091437758780e-01
3.780423522772616285e-01
3.781068903500985900e-01
3.781714233660969926e-01
3.782359513290641795e-01
3.783004742428057177e-01
3.783649921111247316e-01
3.784295049378219034e-01
3.784940127266956389e-01
3.785585154815421793e-01
3.786230132061554898e-01
3.786875059043268710e-01
3.787519935798459025e-01
3.788164762364992777e-01
3.788809538780720243e-01
3.789454265083462836e-01
3.790098941311023650e-01
3.790743567501179689e-01
3.791388143691687973e-01
3.792032669920280541e-01
3.792677146224670004e-01
3.793321572642540107e-01
3.793965949211559607e-01
3.794610275969367286e-01
3.795254552953586935e-01
3.795898780201812928e-01
3.796542957751621317e-01
3.797187085640562620e-01
3.797831163906168483e-01
3.798475192585943350e-01
3.799119171717372789e-01
3.799763101337921833e-01
3.800406981485024982e-01
3.801050812196103967e-01
3.801694593508552766e-01
3.802338325459743151e-01
3.802982008087026911e-01
3.803625641427731963e-01
3.804269225519163466e-01
3.804912760398605487e-01
3.805556246103318219e-01
3.806199682670544093e-01
3.806843070137497786e-01
3.807486408541373990e-01
3.808129697919348522e-01
3.808772938308570000e-01
3.809416129746166502e-01
3.810059272269246122e-01
3.810702365914895307e-01
3.811345410720173854e-01
3.811988406722124911e-01
3.812631353957765534e-01
3.813274252464094460e-01
3.813917102278085447e-01
3.814559903436694488e-01
3.815202655976849266e-01
3.815845359935463588e-01
3.816488015349422391e-01
3.817130622255593964e-01
3.817773180690819945e-01
3.818415690691926434e-01
3.819058152295712327e-01
3.819700565538958204e-01
3.820342930458422437e-01
3.820985247090840642e-01
3.821627515472928449e-01
3.822269735641375399e-01
3.822911907632858264e-01
3.823554031484024951e-01
3.824196107231502828e-01
3.824838134911899279e-01
3.825480114561802258e-01
3.826122046217775297e-01
3.826763929916360274e-01
3.827405765694079087e-01
3.828047553587434204e-01
3.828689293632902002e-01
3.829330985866941650e-01
3.829972630325990113e-01
3.830614227046460485e-01
3.831255776064748653e-01
3.831897277417227188e-01
3.832538731140247568e-01
3.833180137270140175e-01
3.833821495843215410e-01
3.834462806895759801e-01
3.835104070464042669e-01
3.835745286584310021e-01
3.836386455292786768e-01
3.837027576625675618e-01
3.837668650619163735e-01
3.838309677309409973e-01
3.838950656732555977e-01
3.839591588924723409e-01
3.840232473922013390e-01
3.840873311760503173e-01
3.841514102476248915e-01
3.842154846105291233e-01
3.842795542683644650e-01
3.843436192247305927e-01
3.844076794832249067e-01
3.844717350474428641e-01
3.845357859209777573e-01
3.845998321074211024e-01
3.846638736103619727e-01
3.847279104333873323e-01
3.847919425800827575e-01
3.848559700540309381e-01
3.849199928588130093e-01
3.849840109980079417e-01
3.850480244751925407e-01
3.851120332939416135e-01
3.851760374578281354e-01
3.852400369704228611e-01
3.853040318352943805e-01
3.853680220560093406e-01
3.854320076361325009e-01
3.854959885792266228e-01
3.855599648888521913e-01
3.856239365685675824e-01
3.856879036219294510e-01
3.857518660524922871e-01
3.858158238638088045e-01
3.858797770594289966e-01
3.859437256429018026e-01
3.860076696177733302e-01
3.860716089875882440e-01
3.861355437558885995e-01
3.861994739262152865e-01
3.862633995021064193e-01
3.863273204870983357e-01
3.863912368847254863e-01
3.864551486985203788e-01
3.865190559320134112e-01
3.865829585887328723e-01
3.866468566722050526e-01
3.867107501859547991e-01
3.867746391335042389e-01
3.868385235183737780e-01
3.869024033440820465e-01
3.869662786141455646e-01
3.870301493320786879e-01
3.870940155013938289e-01
3.871578771256018459e-01
3.872217342082113767e-01
3.872855867527287277e-01
3.873494347626586509e-01
3.874132782415040666e-01
3.874771171927654523e-01
3.875409516199415649e-01
3.876047815265292740e-01
3.876686069160235060e-01
3.877324277919170226e-01
3.877962441577008090e-01
3.878600560168638522e-01
3.879238633728933627e-01
3.879876662292741640e-01
3.880514645894895809e-01
3.881152584570208286e-01
3.881790478353472906e-01
3.882428327279459634e-01
3.883066131382925112e-01
3.883703890698604333e-01
3.884341605261212305e-01
3.884979275105443497e-01
3.885616900265977391e-01
3.886254480777471820e-01
3.886892016674564077e-01
3.887529507991872024e-01
3.888166954763998540e-01
3.888804357025523739e-01
3.889441714811008866e-01
3.890079028154996843e-01
3.890716297092012277e-01
3.891353521656559789e-01
3.891990701883123460e-01
3.892627837806171831e-01
3.893264929460149570e-01
3.893901976879490245e-01
3.894538980098598557e-01
3.895175939151867550e-01
3.895812854073669729e-01
3.896449724898355949e-01
3.897086551660262632e-01
3.897723334393702888e-01
3.898360073132975390e-01
3.898996767912356054e-01
3.899633418766103587e-01
3.900270025728460599e-01
3.900906588833646382e-01
3.901543108115862468e-01
3.902179583609294844e-01
3.902816015348107848e-01
3.903452403366449719e-01
3.904088747698445938e-01
3.904725048378206442e-01
3.905361305439824515e-01
3.905997518917370126e-01
3.906633688844896035e-01
3.907269815256441681e-01
3.907905898186019300e-01
3.908541937667628363e-01
3.909177933735248911e-01
3.909813886422842111e-01
3.910449795764351366e-01
3.911085661793701762e-01
3.911721484544795624e-01
3.912357264051524730e-01
3.912993000347755879e-01
3.913628693467343100e-01
3.914264343444116556e-01
3.914899950311891974e-01
3.915535514104463988e-01
3.916171034855612243e-01
3.916806512599097512e-01
3.917441947368657806e-01
3.918077339198018927e-01
3.918712688120886689e-01
3.919347994170946925e-01
3.919983257381869368e-01
3.920618477787304323e-01
3.921253655420884332e-01
3.921888790316226392e-01
3.922523882506925297e-01
3.923158932026560297e-01
3.923793938908690659e-01
3.924428903186863438e-01
3.925063824894599596e-01
3.925698704065407885e-01
3.926333540732775407e-01
3.926968334930175386e-01
3.927603086691061063e-01
3.928237796048866248e-01
3.928872463037008655e-01
3.929507087688891009e-01
3.930141670037892720e-01
3.930776210117378211e-01
3.931410707960693585e-01
3.932045163601169402e-01
3.932679577072115684e-01
3.933313948406825244e-01
3.933948277638574242e-01
3.934582564800621629e-01
3.935216809926206927e-01
3.935851013048552449e-01
3.936485174200863857e-01
3.937119293416331267e-01
3.937753370728122038e-01
3.938387406169387983e-01
3.939021399773265930e-01
3.939655351572874387e-01
3.940289261601311321e-01
3.940923129891661381e-01
3.941556956476989226e-01
3.942190741390341757e-01
3.942824484664748663e-01
3.943458186333226867e-01
3.944091846428768311e-01
3.944725464984353835e-01
3.945359042032943186e-01
3.945992577607480567e-01
3.946626071740892971e-01
3.947259524466089076e-01
3.947892935815960902e-01
3.948526305823383820e-01
3.949159634521214879e-01
3.949792921942295032e-01
3.950426168119448023e-01
3.951059373085478721e-01
3.951692536873179229e-01
3.952325659515317779e-01
3.952958741044650393e-01
3.953591781493915325e-01
3.954224780895835289e-01
3.954857739283110796e-01
3.955490656688431250e-01
3.956123533144463855e-01
3.956756368683864156e-01
3.957389163339264937e-01
3.958021917143288992e-01
3.958654630128536911e-01
3.959287302327592073e-01
3.959919933773024536e-01
3.960552524497384930e-01
3.961185074533209449e-01
3.961817583913014862e-01
3.962450052669301281e-01
3.963082480834555499e-01
3.963714868441242656e-01
3.964347215521814016e-01
3.964979522108704191e-01
3.965611788234331692e-01
3.966244013931095047e-01
3.966876199231378353e-01
3.967508344167551271e-01
3.968140448771962925e-01
3.968772513076948005e-01
3.969404537114822884e-01
3.970036520917890055e-01
3.970668464518434249e-01
3.971300367948722987e-01
3.971932231241004363e-01
3.972564054427520919e-01
3.973195837540483555e-01
3.973827580612099841e-01
3.974459283674551258e-01
3.975090946760009292e-01
3.975722569900626557e-01
3.976354153128538460e-01
3.976985696475865417e-01
3.977617199974712858e-01
3.978248663657166784e-01
3.978880087555297096e-01
3.979511471701160930e-01
3.980142816126795435e-01
3.980774120864222776e-01
3.981405385945449571e-01
3.982036611402464121e-01
3.982667797267243626e-01
3.983298943571742523e-01
3.983930050347903040e-01
3.984561117627650195e-01
3.985192145442893463e-01
3.985823133825526221e-01
3.986454082807423527e-01
3.987084992420446561e-01
3.987715862696442071e-01
3.988346693667236820e-01
3.988977485364644249e-01
3.989608237820460590e-01
3.990238951066469308e-01
3.990869625134431109e-01
3.991500260056095595e-01
3.992130855863198491e-01
3.992761412587455538e-01
3.993391930260565270e-01
3.994022408914215116e-01
3.994652848580076410e-01
3.995283249289798833e-01
3.995913611075023741e-01
3.996543933967370288e-01
3.997174217998445411e-01
3.997804463199840508e-01
3.998434669603130320e-01
3.999064837239872938e-01
3.999694966141610908e-01
4.000325056339872898e-01
4.000955107866170368e-01
4.001585120752001457e-01
4.002215095028844871e-01
4.002845030728163223e-01
4.003474927881410794e-01
4.004104786520018555e-01
4.004734606675405262e-01
4.005364388378973572e-01
4.005994131662110047e-01
4.006623836556187368e-01
4.007253503092560454e-01
4.007883131302571456e-01
4.008512721217545316e-01
4.009142272868790324e-01
4.009771786287602557e-01
4.010401261505260329e-01
4.011030698553025853e-01
4.011660097462149133e-01
4.012289458263862407e-01
4.012918780989383483e-01
4.013548065669913512e-01
4.014177312336639769e-01
4.014806521020733432e-01
4.015435691753352909e-01
4.016064824565635516e-01
4.016693919488710240e-01
4.017322976553685532e-01
4.017951995791658737e-01
4.018580977233707774e-01
4.019209920910899458e-01
4.019838826854284508e-01
4.020467695094894767e-01
4.021096525663752086e-01
4.021725318591859444e-01
4.022354073910207606e-01
4.022982791649770684e-01
4.023611471841507248e-01
4.024240114516362543e-01
4.024868719705265718e-01
4.025497287439130378e-01
4.026125817748855695e-01
4.026754310665326964e-01
4.027382766219413379e-01
4.028011184441968595e-01
4.028639565363834052e-01
4.029267909015832871e-01
4.029896215428774853e-01
4.030524484633456472e-01
4.031152716660654778e-01
4.031780911541139045e-01
4.032409069305655236e-01
4.033037189984943205e-01
4.033665273609720603e-01
4.034293320210697309e-01
4.034921329818559332e-01
4.035549302463989352e-01
4.036177238177644511e-01
4.036805136990174736e-01
4.037432998932211636e-01
4.038060824034371832e-01
4.038688612327261951e-01
4.039316363841468083e-01
4.039944078607564659e-01
4.040571756656111679e-01
4.041199398017654154e-01
4.041827002722722106e-01
4.042454570801830016e-01
4.043082102285481816e-01
4.043709597204160899e-01
4.044337055588341778e-01
4.044964477468482866e-01
4.045591862875025368e-01
4.046219211838400498e-01
4.046846524389019484e-01
4.047473800557284673e-01
4.048101040373580650e-01
4.048728243868279786e-01
4.049355411071738908e-01
4.049982542014298748e-01
4.050609636726290042e-01
4.051236695238024099e-01
4.051863717579802238e-01
4.052490703781909120e-01
4.053117653874616089e-01
4.053744567888179495e-01
4.054371445852842371e-01
4.054998287798832202e-01
4.055625093756363708e-01
4.056251863755637177e-01
4.056878597826839017e-01
4.057505296000137873e-01
4.058131958305695175e-01
4.058758584773650702e-01
4.059385175434136461e-01
4.060011730317265033e-01
4.060638249453140114e-01
4.061264732871847638e-01
4.061891180603460771e-01
4.062517592678037692e-01
4.063143969125623811e-01
4.063770309976251771e-01
4.064396615259935341e-01
4.065022885006679965e-01
4.065649119246474430e-01
4.066275318009292539e-01
4.066901481325096990e-01
4.067527609223834384e-01
4.068153701735438554e-01
4.068779758889828901e-01
4.069405780716912613e-01
4.070031767246578003e-01
4.070657718508706724e-01
4.071283634533161000e-01
4.071909515349793063e-01
4.072535360988438491e-01
4.073161171478920650e-01
4.073786946851048474e-01
4.074412687134617017e-01
4.075038392359408568e-01
4.075664062555190981e-01
4.076289697751721564e-01
4.076915297978735420e-01
4.077540863265964877e-01
4.078166393643120613e-01
4.078791889139902205e-01
4.079417349785998126e-01
4.080042775611078532e-01
4.080668166644805250e-01
4.081293522916821792e-01
4.081918844456761120e-01
4.082544131294242318e-01
4.083169383458868373e-01
4.083794600980231726e-01
4.084419783887911493e-01
4.085044932211471247e-01
4.085670045980462350e-01
4.086295125224420621e-01
4.086920169972874661e-01
4.087545180255331978e-01
4.088170156101290642e-01
4.088795097540233736e-01
4.089420004601634351e-01
4.090044877314949479e-01
4.090669715709622234e-01
4.091294519815082409e-01
4.091919289660749803e-01
4.092544025276027564e-01
4.093168726690307180e-01
4.093793393932965152e-01
4.094418027033367435e-01
4.095042626020863885e-01
4.095667190924793810e-01
4.096291721774480976e-01
4.096916218599238046e-01
4.097540681428362697e-01
4.098165110291140945e-01
4.098789505216845486e-01
4.099413866234733472e-01
4.100038193374053730e-01
4.100662486664035655e-01
4.101286746133903649e-01
4.101910971812861573e-01
4.102535163730103296e-01
4.103159321914810476e-01
4.103783446396151446e-01
4.104407537203278999e-01
4.105031594365336489e-01
4.105655617911453392e-01
4.106279607870743087e-01
4.106903564272311180e-01
4.107527487145246625e-01
4.108151376518625608e-01
4.108775232421513768e-01
4.109399054882962865e-01
4.110022843932010228e-01
4.110646599597681528e-01
4.111270321908990222e-01
4.111894010894936446e-01
4.112517666584507570e-01
4.113141289006676526e-01
4.113764878190406260e-01
4.114388434164645281e-01
4.115011956958329886e-01
4.115635446600385827e-01
4.116258903119718315e-01
4.116882326545230897e-01
4.117505716905806579e-01
4.118129074230317821e-01
4.118752398547624316e-01
4.119375689886574654e-01
4.119998948276003548e-01
4.120622173744732386e-01
4.121245366321569792e-01
4.121868526035315505e-01
4.122491652914752613e-01
4.123114746988651991e-01
4.123737808285773965e-01
4.124360836834864985e-01
4.124983832664659844e-01
4.125606795803879456e-01
4.126229726281232524e-01
4.126852624125418312e-01
4.127475489365119432e-01
4.128098322029009060e-01
4.128721122145744271e-01
4.129343889743974927e-01
4.129966624852334234e-01
4.130589327499444297e-01
4.131211997713916673e-01
4.131834635524348487e-01
4.132457240959322431e-01
4.133079814047413425e-01
4.133702354817184177e-01
4.134324863297179076e-01
4.134947339515937514e-01
4.135569783501982788e-01
4.136192195283823758e-01
4.136814574889962071e-01
4.137436922348884383e-01
4.138059237689065140e-01
4.138681520938968239e-01
4.139303772127042591e-01
4.139925991281727669e-01
4.140548178431447957e-01
4.141170333604620724e-01
4.141792456829643809e-01
4.142414548134909502e-01
4.143036607548795658e-01
4.143658635099666254e-01
4.144280630815876387e-01
4.144902594725766165e-01
4.145524526857666259e-01
4.146146427239894572e-01
4.146768295900753465e-01
4.147390132868539192e-01
4.148011938171533575e-01
4.148633711838004556e-01
4.149255453896207868e-01
4.149877164374392580e-01
4.150498843300789442e-01
4.151120490703622545e-01
4.151742106611099881e-01
4.152363691051420558e-01
4.152985244052769254e-01
4.153606765643321208e-01
4.154228255851237228e-01
4.154849714704669239e-01
4.155471142231755843e-01
4.156092538460623986e-01
4.156713903419386735e-01
4.157335237136149386e-01
4.157956539639003357e-01
4.158577810956027299e-01
4.159199051115288759e-01
4.159820260144846404e-01
4.160441438072743359e-01
4.161062584927010533e-01
4.161683700735672731e-01
4.162304785526736994e-01
4.162925839328202593e-01
4.163546862168053253e-01
4.164167854074267150e-01
4.164788815074804695e-01
4.165409745197616864e-01
4.166030644470645750e-01
4.166651512921816791e-01
4.167272350579049323e-01
4.167893157470246579e-01
4.168513933623302359e-01
4.169134679066098248e-01
4.169755393826506396e-01
4.170376077932383407e-01
4.170996731411579228e-01
4.171617354291927704e-01
4.172237946601255465e-01
4.172858508367373598e-01
4.173479039618084863e-01
4.174099540381180362e-01
4.174720010684438432e-01
4.175340450555625194e-01
4.175960860022497889e-01
4.176581239112802102e-01
4.177201587854269538e-01
4.177821906274623021e-01
4.178442194401573162e-01
4.179062452262820582e-01
4.179682679886052576e-01
4.180302877298944231e-01
4.180923044529163968e-01
4.181543181604364112e-01
4.182163288552189773e-01
4.182783365400271069e-01
4.183403412176228131e-01
4.184023428907672204e-01
4.184643415622201212e-01
4.185263372347400868e-01
4.185883299110848554e-01
4.186503195940107780e-01
4.187123062862732614e-01
4.187742899906265470e-01
4.188362707098238769e-01
4.188982484466172163e-01
4.189602232037574203e-01
4.190221949839942894e-01
4.190841637900765693e-01
4.191461296247518398e-01
4.192080924907666817e-01
4.192700523908663990e-01
4.193320093277954075e-01
4.193939633042966242e-01
4.194559143231123555e-01
4.195178623869836310e-01
4.195798074986503701e-01
4.196417496608511044e-01
4.197036888763238660e-01
4.197656251478051881e-01
4.198275584780303826e-01
4.198894888697342620e-01
4.199514163256498622e-01
4.200133408485096087e-01
4.200752624410446501e-01
4.201371811059851358e-01
4.201990968460599940e-01
4.202610096639972648e-01
4.203229195625236003e-01
4.203848265443649868e-01
4.204467306122460224e-01
4.205086317688903064e-01
4.205705300170204386e-01
4.206324253593579088e-01
4.206943177986229854e-01
4.207562073375351042e-01
4.208180939788125907e-01
4.208799777251724383e-01
4.209418585793308076e-01
4.210037365440029711e-01
4.210656116219025913e-01
4.211274838157429423e-01
4.211893531282355219e-01
4.212512195620912725e-01
4.213130831200200266e-01
4.213749438047303397e-01
4.214368016189299349e-01
4.214986565653253137e-01
4.215605086466219231e-01
4.216223578655244886e-01
4.216842042247360145e-01
4.217460477269591723e-01
4.218078883748951902e-01
4.218697261712441859e-01
4.219315611187055559e-01
4.219933932199773086e-01
4.220552224777565642e-01
4.221170488947395549e-01
4.221788724736211251e-01
4.222406932170953420e-01
4.223025111278551624e-01
4.223643262085924333e-01
4.224261384619980575e-01
4.224879478907620500e-01
4.225497544975727604e-01
4.226115582851183716e-01
4.226733592560853459e-01
4.227351574131597012e-01
4.227969527590257348e-01
4.228587452963674109e-01
4.229205350278669728e-01
4.229823219562063308e-01
4.230441060840658407e-01
4.231058874141251924e-01
4.231676659490628545e-01
4.232294416915562407e-01
4.232912146442819323e-01
4.233529848099152892e-01
4.234147521911307277e-01
4.234765167906018313e-01
4.235382786110007403e-01
4.236000376549989288e-01
4.236617939252670939e-01
4.237235474244741007e-01
4.237852981552885923e-01
4.238470461203776019e-01
4.239087913224079962e-01
4.239705337640446436e-01
4.240322734479520794e-01
4.240940103767933400e-01
4.241557445532311288e-01
4.242174759799265948e-01
4.242792046595398880e-01
4.243409305947304366e-01
4.244026537881566141e-01
4.244643742424756283e-01
4.245260919603437433e-01
4.245878069444164460e-01
4.246495191973479466e-01
4.247112287217916227e-01
4.247729355203998525e-01
4.248346395958237931e-01
4.248963409507139355e-01
4.249580395877197159e-01
4.250197355094893492e-01
4.250814287186703289e-01
4.251431192179092045e-01
4.252048070098511379e-01
4.252664920971407359e-01
4.253281744824214949e-01
4.253898541683358014e-01
4.254515311575252645e-01
4.255132054526304386e-01
4.255748770562908234e-01
4.256365459711448085e-01
4.256982121998301727e-01
4.257598757449836402e-01
4.258215366092407139e-01
4.258831947952362307e-01
4.259448503056038615e-01
4.260065031429762783e-01
4.260681533099853757e-01
4.261298008092618828e-01
4.261914456434358067e-01
4.262530878151357672e-01
4.263147273269899395e-01
4.263763641816252781e-01
4.264379983816677933e-01
4.264996299297424409e-01
4.265612588284733442e-01
4.266228850804836270e-01
4.266845086883956362e-01
4.267461296548304417e-01
4.268077479824083920e-01
4.268693636737485586e-01
4.269309767314697357e-01
4.269925871581891075e-01
4.270541949565231921e-01
4.271158001290875084e-01
4.271774026784966316e-01
4.272390026073643599e-01
4.273005999183031034e-01
4.273621946139248839e-01
4.274237866968403909e-01
4.274853761696595367e-01
4.275469630349910677e-01
4.276085472954433420e-01
4.276701289536230521e-01
4.277317080121366133e-01
4.277932844735889972e-01
4.278548583405845651e-01
4.279164296157266789e-01
4.279779983016176459e-01
4.280395644008589406e-01
4.281011279160512606e-01
4.281626888497939709e-01
4.282242472046858262e-01
4.282858029833245816e-01
4.283473561883071601e-01
4.284089068222294294e-01
4.284704548876863694e-01
4.285320003872720163e-01
4.285935433235795178e-01
4.286550836992010227e-01
4.287166215167280137e-01
4.287781567787508075e-01
4.288396894878588328e-01
4.289012196466407967e-01
4.289627472576841294e-01
4.290242723235758171e-01
4.290857948469015692e-01
4.291473148302460960e-01
4.292088322761937746e-01
4.292703471873276500e-01
4.293318595662297121e-01
4.293933694154814518e-01
4.294548767376629161e-01
4.295163815353540970e-01
4.295778838111332654e-01
4.296393835675780815e-01
4.297008808072655395e-01
4.297623755327714123e-01
4.298238677466706403e-01
4.298853574515372200e-01
4.299468446499447039e-01
4.300083293444651455e-01
4.300698115376698216e-01
4.301312912321295645e-01
4.301927684304139299e-01
4.302542431350914742e-01
4.303157153487300879e-01
4.303771850738969396e-01
4.304386523131579212e-01
4.305001170690783141e-01
4.305615793442225114e-01
4.306230391411536296e-01
4.306844964624344518e-01
4.307459513106266513e-01
4.308074036882910129e-01
4.308688535979873224e-01
4.309303010422746438e-01
4.309917460237111531e-01
4.310531885448541933e-01
4.311146286082601642e-01
4.311760662164844105e-01
4.312375013720817774e-01
4.312989340776059999e-01
4.313603643356099804e-01
4.314217921486458440e-01
4.314832175192645503e-01
4.315446404500166699e-01
4.316060609434515527e-01
4.316674790021179375e-01
4.317288946285631202e-01
4.317903078253344518e-01
4.318517185949776183e-01
4.319131269400378614e-01
4.319745328630595349e-01
4.320359363665859931e-01
4.320973374531596467e-01
4.321587361253222959e-01
4.322201323856149635e-01
4.322815262365776179e-01
4.323429176807492835e-01
4.324043067206683189e-01
4.324656933588719721e-01
4.325270775978972693e-01
4.325884594402795713e-01
4.326498388885539614e-01
4.327112159452545792e-01
4.327725906129143985e-01
4.328339628940659489e-01
4.328953327912406501e-01
4.329567003069693110e-01
4.330180654437816856e-01
4.330794282042069177e-01
4.331407885907728739e-01
4.332021466060073656e-01
4.332635022524363722e-01
4.333248555325858176e-01
4.333862064489805155e-01
4.334475550041443359e-01
4.335089012006005937e-01
4.335702450408714381e-01
4.336315865274786296e-01
4.336929256629424856e-01
4.337542624497831567e-01
4.338155968905194615e-01
4.338769289876696633e-01
4.339382587437511374e-01
4.339995861612804262e-01
4.340609112427730731e-01
4.341222339907442329e-01
4.341835544077077280e-01
4.342448724961771034e-01
4.343061882586644606e-01
4.343675016976816794e-01
4.344288128157394735e-01
4.344901216153477241e-01
4.345514280990157019e-01
4.346127322692519002e-01
4.346740341285635356e-01
4.347353336794576029e-01
4.347966309244399308e-01
4.348579258660157376e-01
4.349192185066891869e-01
4.349805088489637761e-01
4.350417968953422809e-01
4.351030826483266445e-01
4.351643661104178662e-01
4.352256472841161128e-01
4.352869261719210514e-01
4.353482027763314055e-01
4.354094770998448438e-01
4.354707491449585910e-01
4.355320189141688170e-01
4.355932864099711366e-01
4.356545516348601654e-01
4.357158145913297420e-01
4.357770752818731497e-01
4.358383337089825615e-01
4.358995898751495957e-01
4.359608437828647598e-01
4.360220954346181732e-01
4.360833448328990114e-01
4.361445919801954507e-01
4.362058368789953344e-01
4.362670795317853401e-01
4.363283199410513680e-01
4.363895581092787079e-01
4.364507940389518170e-01
4.365120277325543197e-01
4.365732591925691186e-01
4.366344884214783395e-01
4.366957154217633308e-01
4.367569401959044972e-01
4.368181627463817440e-01
4.368793830756739771e-01
4.369406011862594363e-01
4.370018170806156954e-01
4.370630307612191623e-01
4.371242422305459674e-01
4.371854514910710199e-01
4.372466585452689514e-01
4.373078633956131722e-01
4.373690660445765377e-01
4.374302664946312924e-01
4.374914647482482932e-01
4.375526608078986190e-01
4.376138546760515724e-01
4.376750463551764558e-01
4.377362358477412951e-01
4.377974231562136165e-01
4.378586082830604465e-01
4.379197912307473683e-01
4.379809720017398544e-01
4.380421505985020447e-01
4.381033270234980237e-01
4.381645012791904326e-01
4.382256733680415239e-01
4.382868432925128843e-01
4.383480110550651010e-01
4.384091766581582061e-01
4.384703401042511217e-01
4.385315013958026586e-01
4.385926605352700736e-01
4.386538175251107341e-01
4.387149723677804536e-01
4.387761250657351564e-01
4.388372756214291015e-01
4.388984240373164925e-01
4.389595703158505891e-01
4.390207144594837629e-01
4.390818564706677751e-01
4.391429963518536650e-01
4.392041341054917503e-01
4.392652697340315160e-01
4.393264032399217256e-01
4.393875346256106984e-01
4.394486638935453104e-01
4.395097910461726598e-01
4.395709160859383458e-01
4.396320390152874125e-01
4.396931598366645155e-01
4.397542785525132003e-01
4.398153951652764015e-01
4.398765096773965544e-01
4.399376220913148727e-01
4.399987324094722929e-01
4.400598406343088076e-01
4.401209467682639098e-01
4.401820508137758714e-01
4.402431527732829086e-01
4.403042526492221276e-01
4.403653504440298017e-01
4.404264461601418712e-01
4.404875397999933329e-01
4.405486313660183506e-01
4.406097208606506443e-01
4.406708082863229903e-01
4.407318936454674985e-01
4.407929769405157794e-01
4.408540581738984998e-01
4.409151373480456049e-01
4.409762144653865956e-01
4.410372895283498629e-01
4.410983625393635199e-01
4.411594335008544587e-01
4.412205024152495714e-01
4.412815692849742510e-01
4.413426341124537799e-01
4.414036969001126631e-01
4.414647576503742954e-01
4.415258163656618495e-01
4.415868730483974991e-01
4.416479277010029736e-01
4.417089803258988923e-01
4.417700309255057078e-01
4.418310795022427073e-01
4.418921260585288446e-01
4.419531705967821300e-01
4.420142131194199631e-01
4.420752536288591883e-01
4.421362921275156510e-01
4.421973286178046969e-01
4.422583631021411166e-01
4.423193955829388124e-01
4.423804260626109097e-01
4.424414545435703117e-01
4.425024810282286447e-01
4.425635055189971467e-01
4.426245280182863340e-01
4.426855485285062231e-01
4.427465670520659979e-01
4.428075835913738434e-01
4.428685981488377221e-01
4.429296107268649307e-01
4.429906213278617111e-01
4.430516299542339165e-01
4.431126366083865675e-01
4.431736412927242963e-01
4.432346440096505691e-01
4.432956447615686302e-01
4.433566435508809467e-01
4.434176403799890975e-01
4.434786352512941066e-01
4.435396281671964980e-01
4.436006191300960744e-01
4.436616081423917501e-01
4.437225952064820511e-01
4.437835803247643374e-01
4.438445634996361910e-01
4.439055447334935844e-01
4.439665240287324344e-01
4.440275013877478805e-01
4.440884768129342297e-01
4.441494503066851229e-01
4.442104218713938124e-01
4.442713915094527732e-01
4.443323592232537034e-01
4.443933250151878012e-01
4.444542888876455433e-01
4.445152508430162408e-01
4.445762108836897597e-01
4.446371690120544118e-01
4.446981252304977872e-01
4.447590795414072540e-01
4.448200319471694586e-01
4.448809824501701038e-01
4.449419310527946148e-01
4.450028777574273620e-01
4.450638225664527159e-01
4.451247654822537148e-01
4.451857065072130082e-01
4.452466456437127462e-01
4.453075828941341352e-01
4.453685182608581039e-01
4.454294517462646374e-01
4.454903833527334434e-01
4.455513130826430079e-01
4.456122409383717620e-01
4.456731669222970815e-01
4.457340910367961206e-01
4.457950132842449231e-01
4.458559336670190332e-01
4.459168521874939395e-01
4.459777688480434654e-01
4.460386836510418229e-01
4.460995965988618361e-01
4.461605076938762182e-01
4.462214169384565166e-01
4.462823243349743341e-01
4.463432298857998859e-01
4.464041335933033872e-01
4.464650354598542203e-01
4.465259354878209908e-01
4.465868336795718041e-01
4.466477300374743220e-01
4.467086245638952624e-01
4.467695172612006771e-01
4.468304081317565624e-01
4.468912971779277488e-01
4.469521844020785117e-01
4.470130698065727937e-01
4.470739533937736487e-01
4.471348351660436315e-01
4.471957151257446306e-01
4.472565932752380902e-01
4.473174696168845110e-01
4.473783441530440053e-01
4.474392168860762409e-01
4.475000878183398312e-01
4.475609569521932229e-01
4.476218242899940303e-01
4.476826898340989791e-01
4.477435535868649619e-01
4.478044155506475943e-01
4.478652757278019925e-01
4.479261341206830505e-01
4.479869907316444411e-01
4.480478455630397816e-01
4.481086986172218012e-01
4.481695498965428959e-01
4.482303994033545180e-01
4.482912471400077314e-01
4.483520931088528227e-01
4.484129373122396900e-01
4.484737797525176761e-01
4.485346204320352359e-01
4.485954593531406021e-01
4.486562965181808971e-01
4.487171319295034100e-01
4.487779655894539310e-01
4.488387975003785835e-01
4.488996276646219918e-01
4.489604560845290582e-01
4.490212827624432967e-01
4.490821077007083884e-01
4.491429309016667371e-01
4.492037523676609134e-01
4.492645721010318782e-01
4.493253901041211473e-01
4.493862063792688488e-01
4.494470209288147777e-01
4.495078337550984515e-01
4.495686448604581109e-01
4.496294542472319966e-01
4.496902619177576832e-01
4.497510678743721346e-01
4.498118721194114822e-01
4.498726746552115796e-01
4.499334754841076145e-01
4.499942746084342193e-01
4.500550720305256380e-01
4.501158677527150598e-01
4.501766617773354517e-01
4.502374541067190594e-01
4.502982447431978508e-01
4.503590336891028501e-01
4.504198209467648595e-01
4.504806065185136821e-01
4.505413904066790654e-01
4.506021726135897576e-01
4.506629531415741186e-01
4.507237319929600639e-01
4.507845091700748430e-01
4.508452846752449839e-01
4.509060585107965702e-01
4.509668306790554637e-01
4.510276011823463604e-01
4.510883700229938453e-01
4.511491372033216152e-01
4.512099027256532557e-01
4.512706665923113536e-01
4.513314288056182177e-01
4.513921893678953801e-01
4.514529482814640948e-01
4.515137055486447282e-01
4.515744611717575352e-01
4.516352151531217718e-01
4.516959674950564163e-01
4.517567181998797254e-01
4.518174672699096783e-01
4.518782147074633104e-01
4.519389605148575462e-01
4.519997046944083663e-01
4.520604472484315295e-01
4.521211881792421283e-01
4.521819274891544782e-01
4.522426651804828945e-01
4.523034012555405825e-01
4.523641357166406363e-01
4.524248685660952063e-01
4.524855998062163320e-01
4.525463294393151092e-01
4.526070574677026337e-01
4.526677838936887244e-01
4.527285087195833113e-01
4.527892319476952698e-01
4.528499535803338083e-01
4.529106736198064143e-01
4.529713920684209638e-01
4.530321089284843339e-01
4.530928242023030683e-01
4.531535378921831003e-01
4.532142500004300301e-01
4.532749605293485140e-01
4.533356694812431531e-01
4.533963768584177156e-01
4.534570826631754703e-01
4.535177868978192972e-01
4.535784895646513548e-01
4.536391906659736906e-01
4.536998902040872417e-01
4.537605881812929454e-01
4.538212845998909062e-01
4.538819794621806736e-01
4.539426727704616304e-01
4.540033645270324381e-01
4.540640547341909805e-01
4.541247433942349754e-01
4.541854305094614741e-01
4.542461160821673616e-01
4.543068001146483570e-01
4.543674826092000685e-01
4.544281635681177711e-01
4.544888429936956298e-01
4.545495208882280869e-01
4.546101972540083080e-01
4.546708720933294590e-01
4.547315454084838726e-01
4.547922172017638265e-01
4.548528874754604878e-01
4.549135562318651904e-01
4.549742234732682133e-01
4.550348892019595581e-01
4.550955534202285602e-01
4.551562161303644438e-01
4.552168773346553787e-01
4.552775370353895346e-01
4.553381952348544148e-01
4.553988519353367459e-01
4.554595071391234207e-01
4.555201608484999443e-01
4.555808130657520438e-01
4.556414637931647804e-01
4.557021130330224379e-01
4.557627607876091891e-01
4.558234070592084852e-01
4.558840518501032224e-01
4.559446951625760192e-01
4.560053369989088834e-01
4.560659773613834345e-01
4.561266162522806811e-01
4.561872536738811879e-01
4.562478896284648533e-01
4.563085241183115759e-01
4.563691571457002549e-01
4.564297887129095677e-01
4.564904188222177472e-01
4.565510474759021942e-01
4.566116746762404199e-01
4.566723004255088814e-01
4.567329247259839797e-01
4.567935475799411171e-01
4.568541689896559177e-01
4.569147889574028398e-01
4.569754074854565085e-01
4.570360245760905493e-01
4.570966402315781996e-01
4.571572544541925853e-01
4.572178672462060556e-01
4.572784786098902932e-01
4.573390885475170364e-01
4.573996970613570801e-01
4.574603041536812187e-01
4.575209098267590258e-01
4.575815140828604632e-01
4.576421169242543829e-01
4.577027183532096921e-01
4.577633183719944099e-01
4.578239169828762223e-01
4.578845141881223713e-01
4.579451099899995437e-01
4.580057043907742598e-01
4.580662973927123183e-01
4.581268889980788517e-01
4.581874792091391591e-01
4.582480680281574292e-01
4.583086554573978511e-01
4.583692414991239472e-01
4.584298261555986298e-01
4.584904094290847554e-01
4.585509913218443478e-01
4.586115718361391536e-01
4.586721509742304748e-01
4.587327287383791141e-01
4.587933051308455412e-01
4.588538801538895040e-01
4.589144538097704729e-01
4.589750261007474741e-01
4.590355970290791454e-01
4.590961665970236250e-01
4.591567348068382737e-01
4.592173016607807301e-01
4.592778671611074115e-01
4.593384313100747907e-01
4.593989941099386187e-01
4.594595555629545913e-01
4.595201156713774604e-01
4.595806744374618114e-01
4.596412318634617855e-01
4.597017879516311356e-01
4.597623427042228927e-01
4.598228961234898660e-01
4.598834482116846423e-01
4.599439989710587540e-01
4.600045484038640109e-01
4.600650965123512237e-01
4.601256432987710365e-01
4.601861887653737049e-01
4.602467329144087627e-01
4.603072757481257993e-01
4.603678172687734604e-01
4.604283574786002253e-01
4.604888963798540180e-01
4.605494339747824850e-01
4.606099702656328287e-01
4.606705052546516965e-01
4.607310389440855136e-01
4.607915713361798726e-01
4.608521024331803106e-01
4.609126322373318652e-01
4.609731607508791296e-01
4.610336879760663642e-01
4.610942139151369967e-01
4.611547385703346769e-01
4.612152619439021661e-01
4.612757840380818930e-01
4.613363048551159529e-01
4.613968243972459971e-01
4.614573426667131217e-01
4.615178596657583676e-01
4.615783753966218872e-01
4.616388898615437775e-01
4.616994030627635248e-01
4.617599150025202270e-01
4.618204256830527599e-01
4.618809351065992219e-01
4.619414432753977673e-01
4.620019501916856064e-01
4.620624558577000052e-01
4.621229602756776189e-01
4.621834634478546033e-01
4.622439653764670031e-01
4.623044660637499748e-01
4.623649655119388413e-01
4.624254637232680376e-01
4.624859606999718875e-01
4.625464564442841042e-01
4.626069509584382344e-01
4.626674442446671587e-01
4.627279363052038130e-01
4.627884271422800788e-01
4.628489167581276709e-01
4.629094051549784150e-01
4.629698923350630824e-01
4.630303783006122775e-01
4.630908630538562720e-01
4.631513465970248378e-01
4.632118289323475246e-01
4.632723100620532164e-01
4.633327899883705747e-01
4.633932687135279838e-01
4.634537462397532170e-01
4.635142225692736040e-01
4.635746977043164185e-01
4.636351716471082129e-01
4.636956443998753175e-01
4.637561159648435072e-01
4.638165863442385017e-01
4.638770555402854101e-01
4.639375235552088417e-01
4.639979903912332948e-01
4.640584560505826017e-01
4.641189205354803726e-01
4.641793838481498846e-01
4.642398459908138597e-01
4.643003069656947979e-01
4.643607667750148105e-01
4.644212254209953983e-01
4.644816829058581731e-01
4.645421392318236919e-01
4.646025944011126230e-01
4.646630484159451902e-01
4.647235012785411734e-01
4.647839529911199641e-01
4.648444035559005649e-01
4.649048529751016456e-01
4.649653012509415428e-01
4.650257483856380381e-01
4.650861943814089128e-01
4.651466392404710604e-01
4.652070829650414296e-01
4.652675255573365809e-01
4.653279670195724083e-01
4.653884073539645283e-01
4.654488465627283911e-01
4.655092846480790580e-01
4.655697216122308690e-01
4.656301574573982749e-01
4.656905921857950603e-01
4.657510257996347325e-01
4.658114583011303544e-01
4.658718896924947672e-01
4.659323199759405343e-01
4.659927491536794419e-01
4.660531772279232765e-01
4.661136042008834357e-01
4.661740300747709287e-01
4.662344548517963760e-01
4.662948785341700098e-01
4.663553011241015622e-01
4.664157226238007103e-01
4.664761430354766869e-01
4.665365623613385027e-01
4.665969806035943357e-01
4.666573977644525861e-01
4.667178138461207104e-01
4.667782288508064981e-01
4.668386427807168504e-01
4.668990556380585577e-01
4.669594674250379107e-01
4.670198781438611446e-01
4.670802877967337730e-01
4.671406963858612538e-01
4.672011039134484900e-01
4.672615103817002735e-01
4.673219157928207856e-01
4.673823201490140966e-01
4.674427234524836661e-01
4.675031257054330092e-01
4.675635269100649749e-01
4.676239270685822458e-01
4.676843261831867826e-01
4.677447242560808238e-01
4.678051212894658306e-01
4.678655172855431532e-01
4.679259122465135867e-01
4.679863061745777042e-01
4.680466990719359122e-01
4.681070909407878955e-01
4.681674817833334501e-01
4.682278716017716502e-01
4.682882603983015146e-01
4.683486481751215069e-01
4.684090349344299797e-01
4.684694206784248971e-01
4.685298054093036679e-01
4.685901891292636456e-01
4.686505718405017396e-01
4.687109535452148035e-01
4.687713342455985810e-01
4.688317139438496484e-01
4.688920926421630830e-01
4.689524703427346286e-01
4.690128470477589739e-01
4.690732227594308634e-01
4.691335974799447639e-01
4.691939712114946426e-01
4.692543439562739671e-01
4.693147157164763161e-01
4.693750864942949352e-01
4.694354562919220708e-01
4.694958251115505798e-01
4.695561929553724867e-01
4.696165598255795381e-01
4.696769257243631479e-01
4.697372906539143966e-01
4.697976546164243095e-01
4.698580176140834119e-01
4.699183796490818410e-01
4.699787407236095671e-01
4.700391008398561721e-01
4.700994600000111268e-01
4.701598182062631248e-01
4.702201754608008044e-01
4.702805317658128592e-01
4.703408871234870947e-01
4.704012415360114829e-01
4.704615950055732188e-01
4.705219475343595525e-01
4.705822991245573461e-01
4.706426497783530172e-01
4.707029994979331500e-01
4.707633482854832740e-01
4.708236961431889744e-01
4.708840430732360582e-01
4.709443890778091668e-01
4.710047341590931080e-01
4.710650783192724678e-01
4.711254215605310547e-01
4.711857638850531216e-01
4.712461052950218110e-01
4.713064457926205986e-01
4.713667853800324603e-01
4.714271240594398726e-01
4.714874618330254230e-01
4.715477987029709217e-01
4.716081346714585121e-01
4.716684697406694493e-01
4.717288039127848776e-01
4.717891371899857744e-01
4.718494695744527845e-01
4.719098010683661637e-01
4.719701316739061125e-01
4.720304613932522764e-01
4.720907902285841895e-01
4.721511181820811087e-01
4.722114452559216247e-01
4.722717714522847166e-01
4.723320967733485864e-01
4.723924212212912144e-01
4.724527447982903583e-01
4.725130675065237207e-01
4.725733893481683379e-01
4.726337103254011907e-01
4.726940304403989823e-01
4.727543496953380275e-01
4.728146680923943634e-01
4.728749856337440272e-01
4.729353023215624452e-01
4.729956181580247665e-01
4.730559331453061400e-01
4.731162472855812151e-01
4.731765605810245301e-01
4.732368730338102347e-01
4.732971846461122567e-01
4.733574954201040796e-01
4.734178053579592982e-01
4.734781144618507853e-01
4.735384227339516361e-01
4.735987301764341684e-01
4.736590367914707556e-01
4.737193425812336045e-01
4.737796475478942004e-01
4.738399516936241396e-01
4.739002550205946296e-01
4.739605575309767116e-01
4.740208592269412047e-01
4.740811601106582618e-01
4.741414601842984244e-01
4.742017594500313460e-01
4.742620579100266798e-01
4.743223555664539126e-01
4.743826524214823093e-01
4.744429484772805794e-01
4.745032437360173772e-01
4.745635381998611901e-01
4.746238318709800619e-01
4.746841247515418694e-01
4.747444168437141010e-01
4.748047081496644672e-01
4.748649986715596238e-01
4.749252884115667261e-01
4.749855773718522634e-01
4.750458655545826692e-01
4.751061529619238777e-01
4.751664395960419895e-01
4.752267254591023282e-01
4.752870105532704392e-01
4.753472948807113685e-01
4.754075784435899954e-01
4.754678612440709218e-01
4.755281432843185274e-01
4.755884245664970256e-01
4.756487050927700744e-01
4.757089848653014985e-01
4.757692638862546231e-01
4.758295421577926065e-01
4.758898196820784965e-01
4.759500964612748963e-01
4.760103724975440764e-01
4.760706477930484182e-01
4.761309223499498589e-01
4.761911961704101137e-01
4.762514692565906760e-01
4.763117416106526503e-01
4.763720132347573633e-01
4.764322841310653089e-01
4.764925543017372034e-01
4.765528237489331520e-01
4.766130924748135933e-01
4.766733604815381331e-01
4.767336277712663772e-01
4.767938943461578205e-01
4.768541602083716247e-01
4.769144253600666739e-01
4.769746898034016858e-01
4.770349535405351005e-01
4.770952165736252470e-01
4.771554789048300660e-01
4.772157405363075533e-01
4.772760014702150944e-01
4.773362617087100190e-01
4.773965212539496017e-01
4.774567801080906171e-01
4.775170382732898400e-01
4.775772957517038231e-01
4.776375525454886195e-01
4.776978086568002824e-01
4.777580640877948648e-01
4.778183188406275317e-01
4.778785729174541141e-01
4.779388263204294440e-01
4.779990790517086308e-01
4.780593311134463397e-01
4.781195825077970696e-01
4.781798332369151527e-01
4.782400833029545884e-01
4.783003327080693201e-01
4.783605814544131252e-01
4.784208295441391701e-01
4.784810769794009544e-01
4.785413237623513116e-01
4.786015698951432973e-01
4.786618153799292452e-01
4.787220602188617113e-01
4.787823044140929185e-01
4.788425479677747565e-01
4.789027908820591706e-01
4.789630331590975509e-01
4.790232748010415098e-01
4.790835158100418822e-01
4.791437561882499474e-01
4.792039959378164293e-01
4.792642350608917190e-01
4.793244735596263739e-01
4.793847114361704520e-01
4.794449486926740667e-01
4.795051853312867207e-01
4.795654213541580835e-01
4.796256567634378243e-01
4.796858915612748353e-01
4.797461257498180642e-01
4.798063593312165698e-01
4.798665923076186890e-01
4.799268246811728700e-01
4.799870564540273943e-01
4.800472876283303214e-01
4.801075182062292668e-01
4.801677481898720679e-01
4.802279775814060625e-01
4.802882063829786441e-01
4.803484345967367064e-01
4.804086622248272542e-01
4.804688892693970148e-01
4.805291157325922158e-01
4.805893416165594179e-01
4.806495669234447377e-01
4.807097916553942363e-01
4.807700158145535307e-01
4.808302394030681826e-01
4.808904624230834757e-01
4.809506848767449161e-01
4.810109067661973437e-01
4.810711280935857648e-01
4.811313488610546307e-01
4.811915690707487259e-01
4.812517887248120574e-01
4.813120078253891321e-01
4.813722263746236241e-01
4.814324443746595961e-01
4.814926618276403891e-01
4.815528787357095108e-01
4.816130951010102468e-01
4.816733109256857159e-01
4.817335262118788708e-01
4.817937409617325528e-01
4.818539551773889928e-01
4.819141688609910323e-01
4.819743820146804025e-01
4.820345946405997228e-01
4.820948067408905580e-01
4.821550183176946391e-01
4.822152293731537531e-01
4.822754399094090205e-01
4.823356499286017840e-01
4.823958594328732752e-01
4.824560684243642261e-01
4.825162769052153688e-01
4.825764848775673244e-01
4.826366923435605472e-01
4.826968993053352142e-01
4.827571057650313358e-01
4.828173117247890889e-01
4.828775171867480398e-01
4.829377221530478659e-01
4.829979266258280779e-01
4.830581306072280201e-01
4.831183340993865927e-01
4.831785371044430288e-01
4.832387396245359512e-01
4.832989416618042045e-01
4.833591432183862446e-01
4.834193442964204168e-01
4.834795448980450105e-01
4.835397450253980933e-01
4.835999446806173441e-01
4.836601438658408303e-01
4.837203425832060089e-01
4.837805408348503922e-01
4.838407386229112706e-01
4.839009359495258233e-01
4.839611328168310633e-01
4.840213292269638923e-01
4.840815251820609344e-01
4.841417206842587584e-01
4.842019157356939885e-01
4.842621103385028047e-01
4.843223044948213873e-01
4.843824982067857499e-01
4.844426914765317393e-01
4.845028843061949253e-01
4.845630766979111548e-01
4.846232686538157752e-01
4.846834601760440786e-01
4.847436512667311903e-01
4.848038419280122913e-01
4.848640321620220628e-01
4.849242219708954638e-01
4.849844113567668979e-01
4.850446003217710467e-01
4.851047888680423137e-01
4.851649769977147697e-01
4.852251647129225409e-01
4.852853520157994760e-01
4.853455389084794791e-01
4.854057253930964544e-01
4.854659114717837509e-01
4.855260971466747177e-01
4.855862824199028704e-01
4.856464672936013360e-01
4.857066517699030195e-01
4.857668358509409923e-01
4.858270195388481039e-01
4.858872028357568706e-01
4.859473857437998090e-01
4.860075682651096574e-01
4.860677504018183770e-01
4.861279321560582622e-01
4.861881135299615520e-01
4.862482945256598743e-01
4.863084751452851351e-01
4.863686553909691290e-01
4.864288352648434843e-01
4.864890147690395517e-01
4.865491939056885706e-01
4.866093726769220029e-01
4.866695510848706996e-01
4.867297291316659003e-01
4.867899068194383450e-01
4.868500841503188292e-01
4.869102611264379266e-01
4.869704377499264325e-01
4.870306140229143654e-01
4.870907899475325209e-01
4.871509655259106952e-01
4.872111407601790178e-01
4.872713156524676736e-01
4.873314902049064035e-01
4.873916644196251702e-01
4.874518382987532705e-01
4.875120118444206119e-01
4.875721850587564354e-01
4.876323579438901490e-01
4.876925305019508827e-01
4.877527027350679334e-01
4.878128746453703757e-01
4.878730462349867292e-01
4.879332175060463461e-01
4.879933884606775796e-01
4.880535591010092822e-01
4.881137294291696960e-01
4.881738994472876181e-01
4.882340691574911240e-01
4.882942385619083447e-01
4.883544076626677444e-01
4.884145764618970653e-01
4.884747449617243831e-01
4.885349131642774401e-01
4.885950810716839787e-01
4.886552486860717970e-01
4.887154160095683042e-01
4.887755830443011318e-01
4.888357497923974671e-01
4.888959162559846638e-01
4.889560824371901315e-01
4.890162483381405578e-01
4.890764139609631855e-01
4.891365793077850355e-01
4.891967443807327953e-01
4.892569091819332638e-01
4.893170737135130732e-01
4.893772379775988557e-01
4.894374019763170214e-01
4.894975657117941470e-01
4.895577291861563096e-01
4.896178924015299194e-01
4.896780553600412200e-01
4.897382180638161220e-01
4.897983805149807024e-01
4.898585427156608718e-01
4.899187046679824853e-01
4.899788663740711203e-01
4.900390278360527430e-01
4.900991890560528197e-01
4.901593500361968170e-01
4.902195107786103123e-01
4.902796712854186056e-01
4.903398315587468859e-01
4.903999916007207860e-01
4.904601514134649398e-01
4.905203109991047028e-01
4.905804703597652083e-01
4.906406294975709237e-01
4.907007884146472043e-01
4.907609471131186840e-01
4.908211055951099966e-01
4.908812638627458869e-01
4.909414219181509886e-01
4.910015797634496582e-01
4.910617374007664737e-01
4.911218948322258471e-01
4.911820520599519679e-01
4.912422090860691926e-01
4.913023659127017662e-01
4.913625225419736564e-01
4.914226789760089975e-01
4.914828352169319237e-01
4.915429912668662915e-01
4.916031471279360132e-01
4.916633028022647789e-01
4.917234582919764452e-01
4.917836135991947577e-01
4.918437687260433511e-01
4.919039236746456933e-01
4.919640784471255857e-01
4.920242330456062185e-01
4.920843874722111710e-01
4.921445417290636892e-01
4.922046958182874632e-01
4.922648497420051839e-01
4.923250035023403748e-01
4.923851571014162265e-01
4.924453105413558185e-01
4.925054638242820637e-01
4.925656169523181527e-01
4.926257699275868873e-01
4.926859227522114582e-01
4.927460754283142785e-01
4.928062279580184279e-01
4.928663803434468194e-01
4.929265325867216996e-01
4.929866846899662591e-01
4.930468366553028003e-01
4.931069884848541252e-01
4.931671401807425914e-01
4.932272917450908345e-01
4.932874431800211568e-01
4.933475944876561936e-01
4.934077456701181918e-01
4.934678967295295093e-01
4.935280476680123929e-01
4.935881984876891448e-01
4.936483491906820120e-01
4.937084997791132412e-01
4.937686502551048573e-01
4.938288006207789405e-01
4.938889508782577931e-01
4.939491010296632734e-01
4.940092510771173506e-01
4.940694010227421051e-01
4.941295508686595062e-01
4.941897006169915230e-01
4.942498502698597918e-01
4.943099998293864483e-01
4.943701492976931289e-01
4.944302986769016917e-01
4.944904479691338839e-01
4.945505971765115083e-01
4.946107463011560901e-01
4.946708953451895430e-01
4.947310443107334477e-01
4.947911931999093849e-01
4.948513420148389352e-01
4.949114907576438460e-01
4.949716394304456424e-01
4.950317880353656830e-01
4.950919365745256595e-01
4.951520850500471527e-01
4.952122334640514101e-01
4.952723818186599014e-01
4.953325301159942629e-01
4.953926783581757975e-01
4.954528265473258086e-01
4.955129746855659323e-01
4.955731227750174717e-01
4.956332708178016189e-01
4.956934188160398436e-01
4.957535667718535044e-01
4.958137146873638490e-01
4.958738625646921805e-01
4.959340104059598575e-01
4.959941582132879057e-01
4.960543059887980166e-01
4.961144537346111605e-01
4.961746014528484183e-01
4.962347491456314819e-01
4.962948968150813767e-01
4.963550444633191283e-01
4.964151920924662620e-01
4.964753397046438033e-01
4.965354873019729998e-01
4.965956348865749881e-01
4.966557824605712379e-01
4.967159300260825527e-01
4.967760775852302912e-01
4.968362251401357566e-01
4.968963726929200297e-01
4.969565202457042474e-01
4.970166678006097127e-01
4.970768153597575623e-01
4.971369629252688771e-01
4.971971104992647938e-01
4.972572580838669487e-01
4.973174056811961452e-01
4.973775532933737420e-01
4.974377009225208202e-01
4.974978485707586273e-01
4.975579962402084111e-01
4.976181439329913636e-01
4.976782916512287880e-01
4.977384393970419874e-01
4.977985871725519318e-01
4.978587349798801465e-01
4.979188828211478235e-01
4.979790306984760995e-01
4.980391786139863886e-01
4.980993265697999939e-01
4.981594745680382741e-01
4.982196226108224768e-01
4.982797707002739052e-01
4.983399188385139733e-01
4.984000670276641509e-01
4.984602152698458521e-01
4.985203635671800471e-01
4.985805119217885384e-01
4.986406603357929623e-01
4.987008088113143445e-01
4.987609573504743210e-01
4.988211059553944726e-01
4.988812546281959914e-01
4.989414033710009577e-01
4.990015521859306191e-01
4.990617010751066118e-01
4.991218500406503500e-01
4.991819990846838029e-01
4.992421482093286067e-01
4.993022974167061201e-01
4.993624467089383123e-01
4.994225960881468751e-01
4.994827455564534446e-01
4.995428951159801012e-01
4.996030447688484810e-01
4.996631945171803313e-01
4.997233443630978988e-01
4.997834943087224868e-01
4.998436443561768416e-01
4.999037945075822109e-01
4.999639447650610635e-01
5.000240951307352022e-01
5.000842456067267072e-01
5.001443961951578254e-01
5.002045468981508591e-01
5.002646977178276666e-01
5.003248486563105502e-01
5.003849997157217011e-01
5.004451508981836438e-01
5.005053022058185697e-01
5.005654536407490030e-01
5.006256052050973571e-01
5.006857569009858233e-01
5.007459087305370371e-01
5.008060606958736338e-01
5.008662127991182489e-01
5.009263650423931846e-01
5.009865174278215205e-01
5.010466699575256699e-01
5.011068226336286013e-01
5.011669754582530611e-01
5.012271284335216848e-01
5.012872815615578848e-01
5.013474348444840745e-01
5.014075882844236665e-01
5.014677418834995182e-01
5.015278956438348201e-01
5.015880495675526518e-01
5.016482036567762037e-01
5.017083579136287774e-01
5.017685123402337855e-01
5.018286669387143073e-01
5.018888217111941996e-01
5.019489766597965419e-01
5.020091317866453018e-01
5.020692870938635588e-01
5.021294425835751696e-01
5.021895982579038797e-01
5.022497541189735459e-01
5.023099101689080248e-01
5.023700664098308399e-01
5.024302228438664031e-01
5.024903794731382378e-01
5.025505362997707559e-01
5.026106933258879250e-01
5.026708505536140459e-01
5.027310079850735303e-01
5.027911656223903458e-01
5.028513234676890153e-01
5.029114815230939506e-01
5.029716397907300074e-01
5.030317982727212645e-01
5.030919569711926886e-01
5.031521158882690248e-01
5.032122750260747956e-01
5.032724343867353012e-01
5.033325939723750642e-01
5.033927537851192735e-01
5.034529138270930071e-01
5.035130741004214538e-01
5.035732346072296917e-01
5.036333953496431315e-01
5.036935563297871843e-01
5.037537175497872610e-01
5.038138790117687726e-01
5.038740407178575742e-01
5.039342026701792987e-01
5.039943648708591351e-01
5.040545273220238265e-01
5.041146900257986729e-01
5.041748529843100846e-01
5.042350161996836944e-01
5.042951796740458015e-01
5.043553434095230381e-01
5.044155074082410373e-01
5.044756716723267642e-01
5.045358362039067401e-01
5.045960010051071531e-01
5.046561660780548575e-01
5.047163314248767074e-01
5.047764970476993351e-01
5.048366629486498169e-01
5.048968291298551181e-01
5.049569955934423149e-01
5.050171623415388167e-01
5.050773293762715888e-01
5.051374966997680405e-01
5.051976643141560253e-01
5.052578322215626194e-01
5.053180004241155654e-01
5.053781689239429387e-01
5.054383377231722596e-01
5.054985068239314927e-01
5.055586762283489355e-01
5.056188459385523304e-01
5.056790159566701970e-01
5.057391862848307218e-01
5.057993569251623134e-01
5.058595278797936023e-01
5.059196991508529972e-01
5.059798707404696838e-01
5.060400426507719596e-01
5.061002148838891213e-01
5.061603874419499105e-01
5.062205603270835130e-01
5.062807335414194476e-01
5.063409070870865669e-01
5.064010809662148338e-01
5.064612551809335450e-01
5.065214297333723303e-01
5.065816046256609306e-01
5.066417798599294198e-01
5.067019554383075386e-01
5.067621313629254720e-01
5.068223076359135160e-01
5.068824842594019664e-01
5.069426612355211192e-01
5.070028385664016035e-01
5.070630162541740482e-01
5.071231943009693044e-01
5.071833727089178900e-01
5.072435514801513223e-01
5.073037306168003413e-01
5.073639101209964641e-01
5.074240899948707639e-01
5.074842702405547579e-01
5.075444508601801852e-01
5.076046318558784520e-01
5.076648132297816307e-01
5.077249949840215715e-01
5.077851771207303466e-01
5.078453596420401395e-01
5.079055425500831333e-01
5.079657258469919556e-01
5.080259095348990117e-01
5.080860936159369290e-01
5.081462780922386679e-01
5.082064629659369670e-01
5.082666482391652307e-01
5.083268339140561975e-01
5.083870199927434941e-01
5.084472064773605249e-01
5.085073933700404725e-01
5.085675806729175186e-01
5.086277683881251788e-01
5.086879565177977458e-01
5.087481450640687353e-01
5.088083340290728840e-01
5.088685234149445957e-01
5.089287132238180522e-01
5.089889034578276572e-01
5.090490941191087026e-01
5.091092852097958144e-01
5.091694767320242843e-01
5.092296686879287382e-01
5.092898610796450232e-01
5.093500539093082091e-01
5.094102471790542541e-01
5.094704408910185611e-01
5.095306350473370882e-01
5.095908296501459045e-01
5.096510247015811901e-01
5.097112202037791251e-01
5.097714161588762227e-01
5.098316125690088851e-01
5.098918094363140696e-01
5.099520067629286224e-01
5.100122045509895008e-01
5.100724028026338841e-01
5.101326015199991737e-01
5.101928007052226599e-01
5.102530003604418551e-01
5.103132004877949379e-01
5.103734010894194206e-01
5.104336021674537038e-01
5.104938037240357440e-01
5.105540057613040528e-01
5.106142082813969196e-01
5.106744112864534113e-01
5.107346147786119284e-01
5.107948187600116485e-01
5.108550232327920826e-01
5.109152281990918532e-01
5.109754336610508041e-01
5.110356396208086682e-01
5.110958460805048453e-01
5.111560530422794013e-01
5.112162605082727351e-01
5.112764684806246906e-01
5.113366769614757779e-01
5.113968859529667288e-01
5.114570954572381645e-01
5.115173054764310390e-01
5.115775160126863064e-01
5.116377270681454759e-01
5.116979386449495015e-01
5.117581507452402256e-01
5.118183633711593794e-01
5.118785765248490272e-01
5.119387902084509001e-01
5.119990044241075067e-01
5.120592191739611332e-01
5.121194344601541770e-01
5.121796502848295907e-01
5.122398666501305486e-01
5.123000835581996704e-01
5.123603010111804634e-01
5.124205190112163244e-01
5.124807375604507609e-01
5.125409566610278356e-01
5.126011763150911671e-01
5.126613965247852622e-01
5.127216172922544057e-01
5.127818386196426603e-01
5.128420605090949769e-01
5.129022829627565283e-01
5.129625059827718214e-01
5.130227295712864732e-01
5.130829537304455457e-01
5.131431784623950998e-01
5.132034037692805306e-01
5.132636296532476772e-01
5.133238561164430447e-01
5.133840831610126942e-01
5.134443107891032421e-01
5.135045390028613044e-01
5.135647678044338305e-01
5.136249971959678806e-01
5.136852271796107372e-01
5.137454577575096826e-01
5.138056889318125542e-01
5.138659207046670785e-01
5.139261530782214260e-01
5.139863860546235452e-01
5.140466196360218287e-01
5.141068538245651132e-01
5.141670886224021242e-01
5.142273240316818095e-01
5.142875600545533388e-01
5.143477966931659928e-01
5.144080339496694965e-01
5.144682718262135745e-01
5.145285103249481740e-01
5.145887494480235747e-01
5.146489891975899456e-01
5.147092295757978997e-01
5.147694705847984942e-01
5.148297122267424530e-01
5.148899545037808334e-01
5.149501974180652475e-01
5.150104409717470855e-01
5.150706851669784037e-01
5.151309300059107033e-01
5.151911754906967067e-01
5.152514216234886923e-01
5.153116684064390496e-01
5.153719158417007229e-01
5.154321639314268788e-01
5.154924126777705728e-01
5.155526620828853046e-01
5.156129121489249068e-01
5.156731628780428789e-01
5.157334142723937198e-01
5.157936663341311512e-01
5.158539190654103379e-01
5.159141724683857788e-01
5.159744265452123058e-01
5.160346812980450837e-01
5.160949367290396106e-01
5.161551928403512735e-01
5.162154496341362364e-01
5.162757071125498864e-01
5.163359652777492759e-01
5.163962241318904578e-01
5.164564836771299294e-01
5.165167439156249651e-01
5.165770048495325062e-01
5.166372664810098270e-01
5.166975288122147569e-01
5.167577918453047925e-01
5.168180555824383182e-01
5.168783200257732746e-01
5.169385851774682683e-01
5.169988510396821280e-01
5.170591176145736823e-01
5.171193849043017599e-01
5.171796529110262997e-01
5.172399216369065744e-01
5.173001910841028561e-01
5.173604612547746395e-01
5.174207321510825297e-01
5.174810037751872427e-01
5.175412761292493835e-01
5.176015492154300013e-01
5.176618230358900341e-01
5.177220975927916413e-01
5.177823728882959831e-01
5.178426489245651076e-01
5.179029257037613965e-01
5.179632032280472309e-01
5.180234814995854364e-01
5.180837605205383944e-01
5.181440402930698186e-01
5.182043208193429784e-01
5.182646021015213655e-01
5.183248841417690267e-01
5.183851669422498976e-01
5.184454505051285800e-01
5.185057348325695648e-01
5.185660199267375647e-01
5.186263057897979589e-01
5.186865924239160153e-01
5.187468798312573348e-01
5.188071680139876296e-01
5.188674569742732778e-01
5.189277467142804356e-01
5.189880372361755922e-01
5.190483285421257920e-01
5.191086206342981901e-01
5.191689135148598311e-01
5.192292071859787583e-01
5.192895016498225713e-01
5.193497969085594246e-01
5.194100929643578057e-01
5.194703898193859803e-01
5.195306874758132132e-01
5.195909859358087690e-01
5.196512852015416906e-01
5.197115852751815757e-01
5.197718861588987993e-01
5.198321878548631814e-01
5.198924903652453189e-01
5.199527936922159199e-01
5.200130978379459146e-01
5.200734028046064550e-01
5.201337085943691374e-01
5.201940152094057801e-01
5.202543226518884234e-01
5.203146309239891076e-01
5.203749400278806503e-01
5.204352499657358688e-01
5.204955607397276918e-01
5.205558723520297137e-01
5.206161848048154184e-01
5.206764981002587334e-01
5.207368122405339195e-01
5.207971272278151265e-01
5.208574430642775033e-01
5.209177597520958658e-01
5.209780772934455850e-01
5.210383956905019209e-01
5.210987149454409106e-01
5.211590350604387023e-01
5.212193560376715551e-01
5.212796778793161723e-01
5.213400005875495902e-01
5.214003241645487341e-01
5.214606486124915286e-01
5.215209739335552319e-01
5.215813001299183238e-01
5.216416272037589508e-01
5.217019551572558145e-01
5.217622839925875056e-01
5.218226137119337249e-01
5.218829443174738403e-01
5.219432758113872195e-01
5.220036081958542296e-01
5.220639414730552375e-01
5.221242756451704992e-01
5.221846107143813809e-01
5.222449466828688047e-01
5.223052835528144699e-01
5.223656213264000758e-01
5.224259600058075437e-01
5.224862995932193499e-01
5.225466400908180820e-01
5.226069815007868824e-01
5.226673238253088938e-01
5.227276670665674807e-01
5.227880112267467849e-01
5.228483563080307261e-01
5.229087023126037792e-01
5.229690492426509740e-01
5.230293971003567854e-01
5.230897458879067985e-01
5.231500956074868203e-01
5.232104462612825468e-01
5.232707978514803404e-01
5.233311503802666742e-01
5.233915038498284655e-01
5.234518582623528538e-01
5.235122136200270893e-01
5.235725699250390885e-01
5.236329271795768792e-01
5.236932853858289327e-01
5.237536445459837209e-01
5.238140046622303814e-01
5.238743657367580520e-01
5.239347277717566476e-01
5.239950907694156390e-01
5.240554547319256073e-01
5.241158196614769116e-01
5.241761855602604658e-01
5.242365524304674063e-01
5.242969202742893131e-01
5.243572890939178777e-01
5.244176588915451243e-01
5.244780296693634103e-01
5.245384014295659814e-01
5.245987741743454169e-01
5.246591479058950735e-01
5.247195226264091961e-01
5.247798983380811411e-01
5.248402750431054864e-01
5.249006527436770320e-01
5.249610314419904666e-01
5.250214111402412565e-01
5.250817918406253115e-01
5.251421735453382089e-01
5.252025562565764139e-01
5.252629399765362805e-01
5.253233247074150514e-01
5.253837104514098577e-01
5.254440972107182750e-01
5.255044849875384338e-01
5.255648737840683538e-01
5.256252636025066094e-01
5.256856544450519975e-01
5.257460463139040918e-01
5.258064392112622443e-01
5.258668331393262507e-01
5.259272281002969063e-01
5.259876240963741179e-01
5.260480211297592357e-01
5.261084192026532769e-01
5.261688183172578137e-01
5.262292184757750846e-01
5.262896196804068838e-01
5.263500219333562269e-01
5.264104252368259074e-01
5.264708295930191628e-01
5.265312350041396749e-01
5.265916414723914585e-01
5.266520489999787502e-01
5.267124575891062310e-01
5.267728672419788039e-01
5.268332779608020378e-01
5.268936897477813908e-01
5.269541026051230981e-01
5.270145165350335059e-01
5.270749315397191825e-01
5.271353476213874734e-01
5.271957647822457238e-01
5.272561830245013903e-01
5.273166023503631505e-01
5.273770227620393491e-01
5.274374442617385528e-01
5.274978668516701052e-01
5.275582905340435724e-01
5.276187153110690753e-01
5.276791411849564017e-01
5.277395681579165609e-01
5.277999962321604510e-01
5.278604254098995252e-01
5.279208556933451257e-01
5.279812870847095940e-01
5.280417195862053825e-01
5.281021532000448326e-01
5.281625879284417291e-01
5.282230237736090794e-01
5.282834607377610014e-01
5.283438988231116129e-01
5.284043380318754757e-01
5.284647783662675957e-01
5.285252198285033121e-01
5.285856624207984078e-01
5.286461061453687771e-01
5.287065510044309802e-01
5.287669970002020214e-01
5.288274441348984611e-01
5.288878924107383028e-01
5.289483418299394391e-01
5.290087923947200954e-01
5.290692441072987195e-01
5.291296969698947583e-01
5.291901509847272145e-01
5.292506061540163120e-01
5.293110624799820529e-01
5.293715199648444392e-01
5.294319786108252490e-01
5.294924384201450396e-01
5.295528993950261443e-01
5.296133615376900083e-01
5.296738248503595203e-01
5.297342893352573467e-01
5.297947549946067092e-01
5.298552218306311623e-01
5.299156898455545939e-01
5.299761590416014467e-01
5.300366294209963858e-01
5.300971009859646310e-01
5.301575737387318465e-01
5.302180476815235854e-01
5.302785228165665110e-01
5.303389991460868425e-01
5.303994766723120202e-01
5.304599553974693738e-01
5.305204353237866766e-01
5.305809164534925904e-01
5.306413987888152217e-01
5.307018823319836764e-01
5.307623670852276154e-01
5.308228530507770326e-01
5.308833402308614779e-01
5.309438286277120556e-01
5.310043182435598697e-01
5.310648090806361354e-01
5.311253011411727343e-01
5.311857944274016585e-01
5.312462889415557887e-01
5.313067846858682275e-01
5.313672816625719664e-01
5.314277798739012182e-01
5.314882793220899737e-01
5.315487800093728898e-01
5.316092819379852896e-01
5.316697851101623851e-01
5.317302895281399433e-01
5.317907951941542866e-01
5.318513021104422922e-01
5.319118102792407266e-01
5.319723197027873551e-01
5.320328303833197214e-01
5.320933423230763681e-01
5.321538555242962820e-01
5.322143699892180058e-01
5.322748857200816364e-01
5.323354027191267157e-01
5.323959209885938959e-01
5.324564405307240511e-01
5.325169613477580555e-01
5.325774834419377823e-01
5.326380068155053271e-01
5.326985314707028962e-01
5.327590574097736953e-01
5.328195846349608189e-01
5.328801131485080278e-01
5.329406429526597488e-01
5.330011740496601869e-01
5.330617064417544348e-01
5.331222401311882519e-01
5.331827751202070642e-01
5.332433114110574079e-01
5.333038490059859305e-01
5.333643879072397231e-01
5.334249281170666546e-01
5.334854696377142602e-01
5.335460124714311858e-01
5.336065566204661881e-01
5.336671020870689119e-01
5.337276488734886692e-01
5.337881969819758821e-01
5.338487464147811945e-01
5.339092971741554727e-01
5.339698492623501380e-01
5.340304026816171667e-01
5.340909574342087573e-01
5.341515135223781074e-01
5.342120709483781926e-01
5.342726297144624326e-01
5.343331898228853571e-01
5.343937512759011632e-01
5.344543140757652688e-01
5.345148782247326480e-01
5.345754437250591629e-01
5.346360105790015638e-01
5.346965787888164900e-01
5.347571483567608031e-01
5.348177192850924744e-01
5.348782915760694756e-01
5.349388652319504445e-01
5.349994402549942407e-01
5.350600166474608343e-01
5.351205944116095292e-01
5.351811735497008504e-01
5.352417540639955451e-01
5.353023359567553596e-01
5.353629192302413742e-01
5.354235038867161123e-01
5.354840899284419864e-01
5.355446773576822972e-01
5.356052661767007894e-01
5.356658563877609858e-01
5.357264479931276302e-01
5.357870409950656887e-01
5.358476353958404603e-01
5.359082311977176882e-01
5.359688284029637817e-01
5.360294270138455941e-01
5.360900270326302008e-01
5.361506284615855655e-01
5.362112313029796518e-01
5.362718355590809782e-01
5.363324412321588408e-01
5.363930483244828684e-01
5.364536568383230231e-01
5.365142667759495998e-01
5.365748781396338929e-01
5.366354909316474187e-01
5.366961051542618044e-01
5.367567208097495657e-01
5.368173379003834400e-01
5.368779564284370531e-01
5.369385763961840308e-01
5.369991978058987758e-01
5.370598206598561353e-01
5.371204449603310671e-01
5.371810707095995285e-01
5.372416979099376988e-01
5.373023265636223122e-01
5.373629566729304363e-01
5.374235882401398046e-01
5.374842212675283726e-01
5.375448557573752062e-01
5.376054917119588161e-01
5.376661291335592674e-01
5.377267680244565140e-01
5.377874083869310651e-01
5.378480502232638738e-01
5.379086935357367816e-01
5.379693383266315188e-01
5.380299845982307039e-01
5.380906323528175106e-01
5.381512815926752236e-01
5.382119323200877936e-01
5.382725845373399487e-01
5.383332382467166388e-01
5.383938934505031471e-01
5.384545501509855336e-01
5.385152083504505249e-01
5.385758680511845142e-01
5.386365292554755602e-01
5.386971919656113883e-01
5.387578561838805014e-01
5.388185219125717351e-01
5.388791891539745915e-01
5.389398579103793496e-01
5.390005281840761775e-01
5.390611999773560203e-01
5.391218732925106005e-01
5.391825481318316404e-01
5.392432244976119726e-01
5.393039023921443187e-01
5.393645818177221773e-01
5.394252627766399355e-01
5.394859452711916470e-01
5.395466293036725869e-01
5.396073148763784744e-01
5.396680019916049176e-01
5.397286906516490790e-01
5.397893808588076769e-01
5.398500726153783180e-01
5.399107659236592749e-01
5.399714607859491533e-01
5.400321572045470031e-01
5.400928551817526513e-01
5.401535547198663689e-01
5.402142558211885381e-01
5.402749584880206513e-01
5.403356627226645337e-01
5.403963685274222328e-01
5.404570759045969064e-01
5.405177848564913790e-01
5.405784953854100294e-01
5.406392074936566816e-01
5.406999211835370467e-01
5.407606364573556146e-01
5.408213533174189847e-01
5.408820717660336452e-01
5.409427918055063067e-01
5.410035134381445676e-01
5.410642366662568037e-01
5.411249614921512796e-01
5.411856879181373703e-01
5.412464159465246727e-01
5.413071455796237830e-01
5.413678768197447422e-01
5.414286096691992567e-01
5.414893441302992549e-01
5.415500802053571094e-01
5.416108178966853037e-01
5.416715572065978757e-01
5.417322981374084190e-01
5.417930406914315267e-01
5.418537848709823468e-01
5.419145306783765825e-01
5.419752781159303812e-01
5.420360271859603341e-01
5.420967778907834766e-01
5.421575302327181767e-01
5.422182842140824688e-01
5.422790398371952758e-01
5.423397971043758536e-01
5.424005560179444574e-01
5.424613165802216752e-01
5.425220787935284283e-01
5.425828426601866372e-01
5.426436081825183333e-01
5.427043753628461031e-01
5.427651442034935325e-01
5.428259147067844292e-01
5.428866868750433783e-01
5.429474607105949646e-01
5.430082362157652165e-01
5.430690133928799401e-01
5.431297922442658299e-01
5.431905727722503574e-01
5.432513549791607721e-01
5.433121388673262109e-01
5.433729244390751445e-01
5.434337116967371539e-01
5.434945006426420422e-01
5.435552912791208335e-01
5.436160836085046633e-01
5.436768776331249997e-01
5.437376733553143104e-01
5.437984707774057291e-01
5.438592699017322785e-01
5.439200707306283133e-01
5.439808732664285218e-01
5.440416775114678138e-01
5.441024834680822098e-01
5.441632911386079519e-01
5.442241005253818376e-01
5.442849116307414414e-01
5.443457244570251152e-01
5.444065390065710996e-01
5.444673552817188567e-01
5.445281732848080702e-01
5.445889930181790906e-01
5.446498144841731559e-01
5.447106376851315046e-01
5.447714626233967072e-01
5.448322893013108903e-01
5.448931177212179566e-01
5.449539478854614760e-01
5.450147797963860175e-01
5.450756134563364830e-01
5.451364488676588849e-01
5.451972860326993464e-01
5.452581249538046571e-01
5.453189656333222723e-01
5.453798080736002030e-01
5.454406522769871257e-01
5.455014982458322725e-01
5.455623459824853194e-01
5.456231954892970526e-01
5.456840467686180363e-01
5.457448998228000558e-01
5.458057546541954519e-01
5.458666112651570090e-01
5.459274696580379560e-01
5.459883298351925207e-01
5.460491917989749311e-01
5.461100555517407473e-01
5.461709210958460847e-01
5.462317884336467255e-01
5.462926575675001173e-01
5.463535284997638186e-01
5.464144012327958322e-01
5.464752757689554929e-01
5.465361521106020248e-01
5.465970302600953179e-01
5.466579102197963724e-01
5.467187919920662997e-01
5.467796755792672103e-01
5.468405609837615478e-01
5.469014482079123107e-01
5.469623372540832751e-01
5.470232281246392159e-01
5.470841208219447971e-01
5.471450153483655710e-01
5.472059117062681999e-01
5.472668098980190132e-01
5.473277099259857836e-01
5.473886117925365058e-01
5.474495155000400626e-01
5.475104210508656699e-01
5.475713284473834319e-01
5.476322376919637858e-01
5.476931487869779458e-01
5.477540617347981255e-01
5.478149765377964275e-01
5.478758931983460645e-01
5.479368117188208043e-01
5.479977321015950809e-01
5.480586543490437723e-01
5.481195784635427559e-01
5.481805044474680200e-01
5.482414323031969960e-01
5.483023620331065606e-01
5.483632936395752555e-01
5.484242271249818446e-01
5.484851624917059798e-01
5.485460997421273133e-01
5.486070388786270513e-01
5.486679799035862892e-01
5.487289228193872326e-01
5.487898676284124200e-01
5.488508143330453892e-01
5.489117629356697892e-01
5.489727134386706009e-01
5.490336658444326945e-01
5.490946201553422723e-01
5.491555763737856477e-01
5.492165345021501333e-01
5.492774945428234856e-01
5.493384564981946827e-01
5.493994203706520363e-01
5.494603861625861896e-01
5.495213538763871197e-01
5.495823235144461361e-01
5.496432950791548810e-01
5.497042685729058853e-01
5.497652439980921235e-01
5.498262213571074586e-01
5.498872006523463085e-01
5.499481818862038685e-01
5.500091650610756666e-01
5.500701501793581194e-01
5.501311372434483093e-01
5.501921262557438741e-01
5.502531172186434505e-01
5.503141101345457864e-01
5.503751050058509620e-01
5.504361018349590573e-01
5.504971006242713738e-01
5.505581013761894349e-01
5.506191040931156522e-01
5.506801087774533254e-01
5.507411154316061985e-01
5.508021240579783484e-01
5.508631346589749622e-01
5.509241472370022263e-01
5.509851617944662161e-01
5.510461783337741171e-01
5.511071968573336699e-01
5.511682173675536145e-01
5.512292398668429128e-01
5.512902643576114148e-01
5.513512908422696368e-01
5.514123193232289832e-01
5.514733498029011916e-01
5.515343822836986654e-01
5.515954167680351405e-01
5.516564532583243530e-01
5.517174917569807047e-01
5.517785322664199299e-01
5.518395747890578740e-01
5.519006193273112704e-01
5.519616658835972967e-01
5.520227144603343516e-01
5.520837650599410562e-01
5.521448176848371414e-01
5.522058723374424494e-01
5.522669290201780434e-01
5.523279877354657641e-01
5.523890484857273409e-01
5.524501112733861685e-01
5.525111761008656419e-01
5.525722429705904881e-01
5.526333118849854342e-01
5.526943828464765396e-01
5.527554558574900856e-01
5.528165309204533528e-01
5.528776080377943991e-01
5.529386872119415042e-01
5.529997684453241691e-01
5.530608517403724500e-01
5.531219370995169582e-01
5.531830245251894151e-01
5.532441140198216534e-01
5.533052055858466156e-01
5.533662992256980218e-01
5.534273949418100358e-01
5.534884927366178209e-01
5.535495926125569843e-01
5.536106945720640216e-01
5.536717986175760942e-01
5.537329047515311409e-01
5.537940129763677666e-01
5.538551232945251313e-01
5.539162357084435051e-01
5.539773502205634914e-01
5.540384668333269147e-01
5.540995855491754885e-01
5.541607063705525915e-01
5.542218292999016027e-01
5.542829543396673442e-01
5.543440814922945270e-01
5.544052107602293056e-01
5.544663421459180563e-01
5.545274756518084880e-01
5.545886112803481982e-01
5.546497490339863390e-01
5.547108889151721733e-01
5.547720309263561855e-01
5.548331750699893039e-01
5.548943213485234560e-01
5.549554697644107915e-01
5.550166203201049031e-01
5.550777730180596059e-01
5.551389278607292699e-01
5.552000848505699304e-01
5.552612439900372898e-01
5.553224052815888268e-01
5.553835687276816868e-01
5.554447343307747920e-01
5.555059020933269531e-01
5.555670720177984245e-01
5.556282441066494604e-01
5.556894183623418693e-01
5.557505947873377927e-01
5.558117733841002606e-01
5.558729541550926356e-01
5.559341371027795020e-01
5.559953222296263320e-01
5.560565095380988199e-01
5.561176990306636592e-01
5.561788907097882095e-01
5.562400845779413849e-01
5.563012806375915442e-01
5.563624788912087116e-01
5.564236793412633553e-01
5.564848819902267207e-01
5.565460868405710526e-01
5.566072938947690396e-01
5.566685031552940366e-01
5.567297146246207307e-01
5.567909283052243641e-01
5.568521441995805121e-01
5.569133623101659714e-01
5.569745826394582044e-01
5.570358051899354512e-01
5.570970299640766177e-01
5.571582569643616090e-01
5.572194861932707743e-01
5.572807176532855733e-01
5.573419513468882425e-01
5.574031872765613516e-01
5.574644254447888025e-01
5.575256658540547194e-01
5.575869085068445585e-01
5.576481534056443312e-01
5.577094005529410481e-01
5.577706499512218308e-01
5.578319016029752442e-01
5.578931555106904083e-01
5.579544116768573314e-01
5.580156701039667988e-01
5.580769307945100399e-01
5.581381937509797275e-01
5.581994589758688674e-01
5.582607264716711315e-01
5.583219962408814130e-01
5.583832682859952712e-01
5.584445426095084875e-01
5.585058192139188415e-01
5.585670981017237802e-01
5.586283792754221933e-01
5.586896627375133040e-01
5.587509484904975565e-01
5.588122365368762834e-01
5.588735268791508171e-01
5.589348195198241553e-01
5.589961144613999622e-01
5.590574117063823456e-01
5.591187112572764129e-01
5.591800131165880483e-01
5.592413172868243576e-01
5.593026237704922243e-01
5.593639325701006415e-01
5.594252436881582691e-01
5.594865571271754323e-01
5.595478728896627896e-01
5.596091909781321094e-01
5.596705113950957156e-01
5.597318341430669308e-01
5.597931592245596333e-01
5.598544866420889221e-01
5.599158163981702296e-01
5.599771484953204315e-01
5.600384829360567362e-01
5.600998197228974629e-01
5.601611588583613743e-01
5.602225003449684548e-01
5.602838441852393547e-01
5.603451903816956126e-01
5.604065389368594330e-01
5.604678898532541309e-01
5.605292431334035763e-01
5.605905987798327494e-01
5.606519567950670746e-01
5.607133171816330863e-01
5.607746799420582073e-01
5.608360450788706375e-01
5.608974125945992428e-01
5.609587824917739995e-01
5.610201547729256610e-01
5.610815294405854248e-01
5.611429064972859315e-01
5.612042859455603772e-01
5.612656677879426237e-01
5.613270520269679764e-01
5.613884386651717406e-01
5.614498277050906649e-01
5.615112191492622751e-01
5.615726130002248739e-01
5.616340092605175416e-01
5.616954079326802463e-01
5.617568090192539554e-01
5.618182125227805246e-01
5.618796184458021425e-01
5.619410267908624412e-01
5.620024375605054967e-01
5.620638507572767173e-01
5.621252663837220664e-01
5.621866844423882847e-01
5.622481049358232230e-01
5.623095278665752872e-01
5.623709532371942155e-01
5.624323810502299681e-01
5.624938113082339486e-01
5.625552440137581156e-01
5.626166791693556490e-01
5.626781167775797288e-01
5.627395568409857551e-01
5.628009993621287954e-01
5.628624443435652491e-01
5.629238917878526260e-01
5.629853416975491021e-01
5.630467940752134082e-01
5.631082489234053856e-01
5.631697062446863189e-01
5.632311660416174925e-01
5.632926283167616344e-01
5.633540930726820273e-01
5.634155603119429534e-01
5.634770300371099161e-01
5.635385022507485298e-01
5.635999769554261851e-01
5.636614541537102729e-01
5.637229338481700713e-01
5.637844160413748584e-01
5.638459007358952446e-01
5.639073879343027285e-01
5.639688776391693636e-01
5.640303698530686471e-01
5.640918645785744090e-01
5.641533618182619225e-01
5.642148615747066831e-01
5.642763638504859625e-01
5.643378686481770323e-01
5.643993759703586077e-01
5.644608858196102918e-01
5.645223981985122430e-01
5.645839131096461738e-01
5.646454305555936859e-01
5.647069505389384902e-01
5.647684730622640759e-01
5.648299981281557081e-01
5.648915257391992073e-01
5.649530558979810602e-01
5.650145886070890855e-01
5.650761238691119903e-01
5.651376616866389258e-01
5.651992020622604862e-01
5.652607449985680432e-01
5.653222904981536345e-01
5.653838385636105190e-01
5.654453891975327329e-01
5.655069424025153113e-01
5.655684981811540668e-01
5.656300565360460331e-01
5.656916174697886879e-01
5.657531809849809523e-01
5.658147470842224136e-01
5.658763157701133251e-01
5.659378870452552723e-01
5.659994609122509512e-01
5.660610373737033907e-01
5.661226164322167298e-01
5.661841980903967730e-01
5.662457823508487698e-01
5.663073692161804118e-01
5.663689586889995020e-01
5.664305507719150645e-01
5.664921454675367896e-01
5.665537427784755886e-01
5.666153427073432614e-01
5.666769452567524956e-01
5.667385504293168674e-01
5.668001582276509520e-01
5.668617686543702128e-01
5.669233817120914454e-01
5.669849974034316675e-01
5.670466157310095623e-01
5.671082366974444788e-01
5.671698603053563215e-01
5.672314865573666598e-01
5.672931154560976186e-01
5.673547470041722107e-01
5.674163812042145594e-01
5.674780180588500089e-01
5.675396575707041258e-01
5.676012997424042528e-01
5.676629445765780657e-01
5.677245920758545727e-01
5.677862422428635591e-01
5.678478950802360314e-01
5.679095505906036623e-01
5.679712087765993456e-01
5.680328696408563083e-01
5.680945331860097758e-01
5.681561994146953065e-01
5.682178683295492361e-01
5.682795399332095654e-01
5.683412142283146284e-01
5.684028912175040915e-01
5.684645709034183980e-01
5.685262532886992126e-01
5.685879383759888661e-01
5.686496261679309105e-01
5.687113166671695641e-01
5.687730098763505993e-01
5.688347057981203436e-01
5.688964044351260130e-01
5.689581057900162664e-01
5.690198098654402070e-01
5.690815166640483813e-01
5.691432261884920019e-01
5.692049384414233915e-01
5.692666534254962052e-01
5.693283711433643202e-01
5.693900915976833899e-01
5.694518147911094008e-01
5.695135407263002270e-01
5.695752694059132981e-01
5.696370008326087087e-01
5.696987350090465529e-01
5.697604719378880356e-01
5.698222116217952493e-01
5.698839540634318412e-01
5.699456992654623466e-01
5.700074472305515227e-01
5.700691979613659033e-01
5.701309514605729101e-01
5.701927077308409642e-01
5.702544667748392637e-01
5.703162285952381172e-01
5.703779931947091653e-01
5.704397605759248258e-01
5.705015307415579606e-01
5.705633036942837633e-01
5.706250794367770940e-01
5.706868579717147005e-01
5.707486393017741078e-01
5.708104234296337287e-01
5.708722103579730867e-01
5.709340000894727041e-01
5.709957926268144357e-01
5.710575879726802473e-01
5.711193861297544361e-01
5.711811871007215213e-01
5.712429908882672436e-01
5.713047974950780095e-01
5.713666069238417800e-01
5.714284191772475152e-01
5.714902342579848415e-01
5.715520521687446065e-01
5.716138729122187678e-01
5.716756964911003935e-01
5.717375229080833288e-01
5.717993521658626399e-01
5.718611842671345036e-01
5.719230192145957625e-01
5.719848570109447028e-01
5.720466976588808317e-01
5.721085411611038785e-01
5.721703875203154599e-01
5.722322367392179698e-01
5.722940888205148013e-01
5.723559437669101246e-01
5.724178015811097753e-01
5.724796622658199219e-01
5.725415258237487315e-01
5.726033922576043711e-01
5.726652615700971172e-01
5.727271337639373572e-01
5.727890088418371439e-01
5.728508868065091963e-01
5.729127676606674546e-01
5.729746514070273022e-01
5.730365380483047888e-01
5.730984275872169631e-01
5.731603200264820952e-01
5.732222153688194544e-01
5.732841136169496421e-01
5.733460147735940371e-01
5.734079188414750172e-01
5.734698258233162926e-01
5.735317357218427947e-01
5.735936485397800100e-01
5.736555642798548682e-01
5.737174829447952984e-01
5.737794045373303398e-01
5.738413290601900307e-01
5.739032565161056310e-01
5.739651869078095103e-01
5.740271202380349269e-01
5.740890565095162490e-01
5.741509957249888441e-01
5.742129378871897449e-01
5.742748829988563175e-01
5.743368310627275930e-01
5.743987820815433798e-01
5.744607360580444855e-01
5.745226929949736050e-01
5.745846528950732113e-01
5.746466157610881087e-01
5.747085815957634347e-01
5.747705504018457701e-01
5.748325221820824726e-01
5.748944969392226767e-01
5.749564746760160716e-01
5.750184553952132349e-01
5.750804390995666315e-01
5.751424257918291705e-01
5.752044154747550930e-01
5.752664081510998617e-01
5.753284038236197162e-01
5.753904024950727836e-01
5.754524041682170798e-01
5.755144088458129525e-01
5.755764165306210822e-01
5.756384272254035928e-01
5.757004409329236072e-01
5.757624576559455809e-01
5.758244773972347463e-01
5.758865001595578903e-01
5.759485259456825768e-01
5.760105547583777019e-01
5.760725866004130502e-01
5.761346214745598493e-01
5.761966593835901040e-01
5.762587003302774846e-01
5.763207443173962163e-01
5.763827913477218567e-01
5.764448414240314067e-01
5.765068945491024222e-01
5.765689507257144575e-01
5.766310099566471781e-01
5.766930722446821367e-01
5.767551375926015522e-01
5.768172060031893089e-01
5.768792774792300682e-01
5.769413520235098236e-01
5.770034296388154571e-01
5.770655103279351827e-01
5.771275940936582138e-01
5.771896809387753180e-01
5.772517708660782620e-01
5.773138638783595900e-01
5.773759599784132890e-01
5.774380591690345677e-01
5.775001614530198557e-01
5.775622668331662490e-01
5.776243753122726199e-01
5.776864868931388397e-01
5.777486015785655571e-01
5.778107193713553080e-01
5.778728402743109616e-01
5.779349642902372741e-01
5.779970914219395572e-01
5.780592216722251209e-01
5.781213550439011639e-01
5.781834915397774388e-01
5.782456311626642531e-01
5.783077739153730246e-01
5.783699198007161701e-01
5.784320688215078832e-01
5.784942209805630231e-01
5.785563762806978927e-01
5.786185347247300159e-01
5.786806963154778050e-01
5.787428610557610043e-01
5.788050289484008015e-01
5.788671999962191617e-01
5.789293742020396039e-01
5.789915515686866465e-01
5.790537320989859182e-01
5.791159157957646020e-01
5.791781026618506578e-01
5.792402927000732671e-01
5.793024859132631654e-01
5.793646823042523097e-01
5.794268818758733230e-01
5.794890846309603827e-01
5.795512905723489983e-01
5.796134997028755675e-01
5.796757120253779316e-01
5.797379275426952638e-01
5.798001462576672926e-01
5.798623681731357449e-01
5.799245932919431246e-01
5.799868216169334900e-01
5.800490531509514547e-01
5.801112878968437414e-01
5.801735258574576282e-01
5.802357670356417252e-01
5.802980114342461970e-01
5.803602590561220964e-01
5.804225099041214753e-01
5.804847639810984949e-01
5.805470212899076499e-01
5.806092818334052108e-01
5.806715456144483367e-01
5.807338126358955188e-01
5.807960829006066916e-01
5.808583564114425668e-01
5.809206331712655214e-01
5.809829131829390425e-01
5.810451964493280608e-01
5.811074829732980618e-01
5.811697727577166406e-01
5.812320658054521694e-01
5.812943621193740196e-01
5.813566617023534500e-01
5.814189645572624965e-01
5.814812706869748604e-01
5.815435800943646871e-01
5.816058927823083424e-01
5.816682087536829693e-01
5.817305280113667099e-01
5.817928505582397047e-01
5.818551763971824276e-01
5.819175055310775724e-01
5.819798379628081664e-01
5.820421736952592351e-01
5.821045127313168033e-01
5.821668550738681169e-01
5.822292007258014213e-01
5.822915496900069598e-01
5.823539019693754204e-01
5.824162575667992670e-01
5.824786164851724068e-01
5.825409787273893025e-01
5.826033442963464148e-01
5.826657131949408708e-01
5.827280854260717957e-01
5.827904609926388702e-01
5.828528398975436620e-01
5.829152221436884052e-01
5.829776077339773321e-01
5.830399966713152304e-01
5.831023889586088860e-01
5.831647845987656398e-01
5.832271835946947203e-01
5.832895859493063551e-01
5.833519916655119930e-01
5.834144007462247483e-01
5.834768131943588454e-01
5.835392290128296189e-01
5.836016482045538467e-01
5.836640707724495281e-01
5.837264967194363274e-01
5.837889260484344645e-01
5.838513587623667123e-01
5.839137948641553999e-01
5.839762343567258540e-01
5.840386772430036233e-01
5.841011235259162548e-01
5.841635732083919619e-01
5.842260262933605119e-01
5.842884827837534489e-01
5.843509426825032049e-01
5.844134059925435443e-01
5.844758727168092305e-01
5.845383428582371366e-01
5.846008164197650236e-01
5.846632934043317631e-01
5.847257738148776696e-01
5.847882576543449451e-01
5.848507449256765689e-01
5.849132356318165193e-01
5.849757297757109953e-01
5.850382273603068617e-01
5.851007283885524268e-01
5.851632328633977753e-01
5.852257407877937689e-01
5.852882521646929348e-01
5.853507669970486882e-01
5.854132852878167759e-01
5.854758070399530556e-01
5.855383322564158277e-01
5.856008609401638365e-01
5.856633930941577137e-01
5.857259287213594234e-01
5.857884678247321508e-01
5.858510104072401914e-01
5.859135564718497280e-01
5.859761060215280537e-01
5.860386590592435718e-01
5.861012155879663510e-01
5.861637756106679031e-01
5.862263391303208504e-01
5.862889061498990362e-01
5.863514766723783023e-01
5.864140507007351566e-01
5.864766282379478834e-01
5.865392092869960994e-01
5.866017938508604201e-01
5.866643819325236819e-01
5.867269735349692761e-01
5.867895686611820372e-01
5.868521673141487982e-01
5.869147694968570583e-01
5.869773752122960930e-01
5.870399844634565101e-01
5.871025972533302495e-01
5.871652135849108056e-01
5.872278334611925610e-01
5.872904568851721185e-01
5.873530838598464143e-01
5.874157143882149379e-01
5.874783484732775118e-01
5.875409861180361792e-01
5.876036273254938713e-01
5.876662720986551847e-01
5.877289204405260481e-01
5.877915723541135007e-01
5.878542278424263579e-01
5.879168869084748783e-01
5.879795495552704310e-01
5.880422157858261611e-01
5.881048856031562133e-01
5.881675590102761753e-01
5.882302360102035221e-01
5.882929166059568393e-01
5.883556008005557114e-01
5.884182885970221655e-01
5.884809799983782286e-01
5.885436750076490364e-01
5.886063736278597247e-01
5.886690758620376496e-01
5.887317817132109443e-01
5.887944911844099627e-01
5.888572042786661687e-01
5.889199209990120254e-01
5.889826413484817724e-01
5.890453653301115367e-01
5.891080929469380001e-01
5.891708242020000652e-01
5.892335590983374116e-01
5.892962976389917173e-01
5.893590398270057706e-01
5.894217856654238030e-01
5.894845351572919334e-01
5.895472883056569469e-01
5.896100451135678489e-01
5.896728055840745331e-01
5.897355697202287805e-01
5.897983375250835936e-01
5.898611090016933067e-01
5.899238841531135868e-01
5.899866629824027653e-01
5.900494454926187293e-01
5.901122316868224749e-01
5.901750215680755529e-01
5.902378151394410688e-01
5.903006124039840152e-01
5.903634133647702731e-01
5.904262180248677216e-01
5.904890263873455725e-01
5.905518384552743694e-01
5.906146542317259884e-01
5.906774737197744152e-01
5.907402969224943012e-01
5.908031238429624077e-01
5.908659544842564948e-01
5.909287888494564323e-01
5.909916269416430890e-01
5.910544687638985550e-01
5.911173143193072521e-01
5.911801636109544900e-01
5.912430166419270217e-01
5.913058734153133766e-01
5.913687339342036386e-01
5.914315982016892237e-01
5.914944662208628801e-01
5.915573379948191324e-01
5.916202135266539486e-01
5.916830928194647399e-01
5.917459758763503608e-01
5.918088627004114421e-01
5.918717532947498361e-01
5.919346476624690601e-01
5.919975458066740748e-01
5.920604477304712843e-01
5.921233534369688689e-01
5.921862629292764524e-01
5.922491762105046575e-01
5.923120932837665498e-01
5.923750141521760826e-01
5.924379388188485418e-01
5.925008672869015447e-01
5.925637995594537077e-01
5.926267356396249797e-01
5.926896755305373077e-01
5.927526192353138601e-01
5.928155667570798038e-01
5.928785180989608605e-01
5.929414732640854169e-01
5.930044322555828584e-01
5.930673950765839031e-01
5.931303617302211562e-01
5.931933322196291103e-01
5.932563065479427022e-01
5.933192847182994223e-01
5.933822667338382040e-01
5.934452525976989801e-01
5.935082423130235707e-01
5.935712358829555724e-01
5.936342333106398028e-01
5.936972345992227451e-01
5.937602397518526587e-01
5.938232487716788022e-01
5.938862616618526546e-01
5.939492784255270275e-01
5.940122990658558422e-01
5.940753235859953518e-01
5.941383519891029197e-01
5.942013842783375743e-01
5.942644204568598987e-01
5.943274605278323630e-01
5.943905044944183258e-01
5.944535523597833659e-01
5.945166041270945056e-01
5.945796597995200994e-01
5.946427193802302780e-01
5.947057828723969486e-01
5.947688502791930176e-01
5.948319216037937229e-01
5.948949968493755236e-01
5.949580760191163220e-01
5.950211591161959079e-01
5.950842461437954034e-01
5.951473371050975958e-01
5.952104320032874929e-01
5.952735308415505466e-01
5.953366336230748734e-01
5.953997403510498110e-01
5.954628510286658072e-01
5.955259656591156414e-01
5.955890842455934253e-01
5.956522067912950469e-01
5.957153332994177264e-01
5.957784637731604604e-01
5.958415982157240220e-01
5.959047366303102944e-01
5.959678790201233811e-01
5.960310253883687182e-01
5.960941757382532957e-01
5.961573300729861025e-01
5.962204883957773482e-01
5.962836507098390193e-01
5.963468170183847672e-01
5.964099873246301309e-01
5.964731616317915375e-01
5.965363399430879676e-01
5.965995222617394012e-01
5.966627085909678163e-01
5.967258989339966346e-01
5.967890932940509430e-01
5.968522916743577156e-01
5.969154940781452590e-01
5.969787005086437670e-01
5.970419109690847659e-01
5.971051254627020022e-01
5.971683439927305548e-01
5.972315665624068348e-01
5.972947931749696959e-01
5.973580238336585468e-01
5.974212585417156829e-01
5.974844973023843986e-01
5.975477401189097648e-01
5.976109869945384068e-01
5.976742379325189480e-01
5.977374929361014555e-01
5.978007520085375504e-01
5.978640151530808522e-01
5.979272823729863129e-01
5.979905536715109937e-01
5.980538290519135103e-01
5.981171085174535884e-01
5.981803920713936185e-01
5.982436797169967679e-01
5.983069714575288689e-01
5.983702672962564195e-01
5.984335672364485825e-01
5.984968712813748537e-01
5.985601794343081705e-01
5.986234916985222476e-01
5.986868080772919098e-01
5.987501285738952017e-01
5.988134531916103898e-01
5.988767819337185161e-01
5.989401148035017330e-01
5.990034518042439693e-01
5.990667929392310409e-01
5.991301382117506513e-01
5.991934876250919473e-01
5.992568411825456298e-01
5.993201988874045094e-01
5.993835607429630619e-01
5.994469267525172063e-01
5.995102969193649711e-01
5.995736712468058283e-01
5.996370497381410258e-01
5.997004323966736994e-01
5.997638192257087608e-01
5.998272102285524543e-01
5.998906054085132444e-01
5.999540047689011502e-01
6.000174083130278557e-01
6.000808160442068218e-01
6.001442279657533962e-01
6.002076440809847035e-01
6.002710643932194223e-01
6.003344889057777856e-01
6.003979176219825797e-01
6.004613505451573685e-01
6.005247876786283800e-01
6.005882290257230638e-01
6.006516745897705345e-01
6.007151243741022384e-01
6.007785783820507319e-01
6.008420366169507920e-01
6.009054990821390829e-01
6.009689657809532681e-01
6.010324367167338977e-01
6.010959118928224099e-01
6.011593913125624633e-01
6.012228749792991600e-01
6.012863628963801554e-01
6.013498550671536602e-01
6.014133514949708825e-01
6.014768521831839188e-01
6.015403571351475298e-01
6.016038663542172538e-01
6.016673798437514042e-01
6.017308976071096271e-01
6.017944196476531227e-01
6.018579459687452005e-01
6.019214765737512796e-01
6.019850114660381113e-01
6.020485506489741123e-01
6.021120941259302528e-01
6.021756419002787242e-01
6.022391939753934942e-01
6.023027503546507511e-01
6.023663110414281263e-01
6.024298760391056939e-01
6.024934453510643051e-01
6.025570189806875865e-01
6.026205969313604971e-01
6.026841792064698833e-01
6.027477658094049229e-01
6.028113567435556819e-01
6.028749520123150019e-01
6.029385516190771677e-01
6.030021555672380185e-01
6.030657638601959469e-01
6.031293765013503450e-01
6.031929934941029359e-01
6.032566148418575525e-01
6.033202405480191377e-01
6.033838706159954102e-01
6.034475050491950876e-01
6.035111438510293302e-01
6.035747870249105196e-01
6.036384345742538127e-01
6.037020865024754768e-01
6.037657428129937776e-01
6.038294035092295342e-01
6.038930685946043431e-01
6.039567380725424650e-01
6.040204119464696042e-01
6.040840902198137963e-01
6.041477728960044091e-01
6.042114599784731421e-01
6.042751514706532490e-01
6.043388473759800927e-01
6.044025476978910350e-01
6.044662524398248804e-01
6.045299616052227654e-01
6.045936751975276024e-01
6.046573932201840806e-01
6.047211156766386653e-01
6.047848425703401531e-01
6.048485739047391174e-01
6.049123096832875746e-01
6.049760499094400945e-01
6.050397945866526905e-01
6.051035437183837074e-01
6.051672973080929330e-01
6.052310553592421538e-01
6.052948178752955988e-01
6.053585848597189401e-01
6.054223563159795152e-01
6.054861322475475482e-01
6.055499126578940405e-01
6.056136975504928799e-01
6.056774869288190644e-01
6.057412807963503676e-01
6.058050791565657844e-01
6.058688820129466412e-01
6.059326893689761517e-01
6.059965012281390839e-01
6.060603175939229814e-01
6.061241384698166090e-01
6.061879638593106190e-01
6.062517937658984390e-01
6.063156281930744962e-01
6.063794671443359929e-01
6.064433106231812420e-01
6.065071586331113318e-01
6.065710111776285718e-01
6.066348682602380471e-01
6.066987298844460641e-01
6.067625960537613716e-01
6.068264667716944949e-01
6.068903420417579575e-01
6.069542218674662815e-01
6.070181062523358761e-01
6.070819951998852604e-01
6.071458887136347293e-01
6.072097867971070206e-01
6.072736894538265373e-01
6.073375966873195697e-01
6.074015085011145176e-01
6.074654248987417793e-01
6.075293458837337512e-01
6.075932714596246065e-01
6.076572016299511825e-01
6.077211363982518710e-01
6.077850757680666183e-01
6.078490197429381459e-01
6.079129683264109518e-01
6.079769215220313106e-01
6.080408793333476059e-01
6.081048417639104420e-01
6.081688088172724216e-01
6.082327804969879237e-01
6.082967568066133257e-01
6.083607377497074475e-01
6.084247233298306634e-01
6.084887135505456790e-01
6.085527084154171984e-01
6.086167079280118131e-01
6.086807120918982239e-01
6.087447209106474633e-01
6.088087343878321178e-01
6.088727525270268837e-01
6.089367753318090104e-01
6.090008028057571909e-01
6.090648349524524496e-01
6.091288717754780313e-01
6.091929132784188461e-01
6.092569594648621356e-01
6.093210103383971399e-01
6.093850659026150973e-01
6.094491261611093558e-01
6.095131911174755945e-01
6.095772607753109362e-01
6.096413351382150569e-01
6.097054142097897422e-01
6.097694979936385540e-01
6.098335864933674966e-01
6.098976797125843508e-01
6.099617776548990067e-01
6.100258803239235750e-01
6.100899877232722757e-01
6.101540998565612162e-01
6.102182167274089464e-01
6.102823383394356815e-01
6.103464646962640794e-01
6.104105958015184630e-01
6.104747316588260420e-01
6.105388722718151362e-01
6.106030176441171742e-01
6.106671677793650277e-01
6.107313226811939000e-01
6.107954823532409927e-01
6.108596467991458390e-01
6.109238160225497483e-01
6.109879900270963615e-01
6.110521688164319842e-01
6.111163523942039211e-01
6.111805407640624743e-01
6.112447339296597226e-01
6.113089318946499651e-01
6.113731346626898322e-01
6.114373422374375089e-01
6.115015546225540666e-01
6.115657718217023531e-01
6.116299938385471036e-01
6.116942206767558288e-01
6.117584523399977048e-01
6.118226888319441281e-01
6.118869301562687157e-01
6.119511763166474161e-01
6.120154273167579539e-01
6.120796831602807186e-01
6.121439438508976538e-01
6.122082093922937007e-01
6.122724797881550218e-01
6.123367550421705552e-01
6.124010351580313483e-01
6.124653201394304469e-01
6.125296099900633395e-01
6.125939047136275128e-01
6.126582043138225631e-01
6.127225087943504178e-01
6.127868181589153362e-01
6.128511324112233538e-01
6.129154515549829485e-01
6.129797755939051518e-01
6.130441045317024384e-01
6.131084383720901698e-01
6.131727771187854836e-01
6.132371207755080711e-01
6.133014693459795108e-01
6.133658228339237128e-01
6.134301812430666967e-01
6.134945445771371464e-01
6.135589128398656333e-01
6.136232860349845053e-01
6.136876641662295517e-01
6.137520472373374503e-01
6.138164352520477651e-01
6.138808282141027250e-01
6.139452261272455580e-01
6.140096289952231556e-01
6.140740368217836309e-01
6.141384496106778723e-01
6.142028673656585447e-01
6.142672900904811994e-01
6.143317177889031644e-01
6.143961504646840988e-01
6.144605881215858822e-01
6.145250307633729481e-01
6.145894783938118389e-01
6.146539310166710957e-01
6.147183886357220350e-01
6.147828512547375279e-01
6.148473188774936649e-01
6.149117915077678687e-01
6.149762691493405597e-01
6.150407518059940459e-01
6.151052394815130775e-01
6.151697321796846252e-01
6.152342299042977691e-01
6.152987326591443651e-01
6.153632404480181561e-01
6.154277532747153279e-01
6.154922711430342863e-01
6.155567940567758800e-01
6.156213220197431779e-01
6.156858550357413584e-01
6.157503931085783755e-01
6.158149362420641815e-01
6.158794844400109492e-01
6.159440377062334049e-01
6.160085960445487174e-01
6.160731594587757209e-01
6.161377279527363582e-01
6.162023015302546813e-01
6.162668801951565190e-01
6.163314639512706972e-01
6.163960528024283736e-01
6.164606467524627043e-01
6.165252458052089546e-01
6.165898499645057207e-01
6.166544592341928199e-01
6.167190736181131783e-01
6.167836931201119421e-01
6.168483177440359233e-01
6.169129474937354862e-01
6.169775823730625497e-01
6.170422223858714750e-01
6.171068675360191769e-01
6.171715178273649016e-01
6.172361732637701159e-01
6.173008338490989511e-01
6.173654995872174256e-01
6.174301704819944447e-01
6.174948465373012452e-01
6.175595277570111730e-01
6.176242141450000167e-01
6.176889057051462295e-01
6.177536024413303739e-01
6.178183043574354549e-01
6.178830114573471421e-01
6.179477237449528815e-01
6.180124412241434495e-01
6.180771638988112882e-01
6.181418917728513929e-01
6.182066248501613126e-01
6.182713631346410388e-01
6.183361066301928943e-01
6.184008553407216446e-01
6.184656092701343866e-01
6.185303684223408816e-01
6.185951328012531114e-01
6.186599024107856115e-01
6.187246772548550267e-01
6.187894573373812213e-01
6.188542426622855031e-01
6.189190332334923994e-01
6.189838290549284361e-01
6.190486301305229144e-01
6.191134364642073562e-01
6.191782480599157257e-01
6.192430649215846516e-01
6.193078870531530944e-01
6.193727144585626787e-01
6.194375471417569168e-01
6.195023851066824294e-01
6.195672283572881689e-01
6.196320768975253079e-01
6.196969307313474618e-01
6.197617898627113542e-01
6.198266542955753744e-01
6.198915240339009092e-01
6.199563990816520098e-01
6.200212794427946150e-01
6.200861651212974390e-01
6.201510561211319716e-01
6.202159524462717011e-01
6.202808541006927801e-01
6.203457610883745810e-01
6.204106734132979195e-01
6.204755910794464979e-01
6.205405140908067940e-01
6.206054424513676171e-01
6.206703761651204410e-01
6.207353152360589599e-01
6.208002596681794216e-01
6.208652094654810716e-01
6.209301646319652646e-01
6.209951251716361309e-01
6.210600910885000214e-01
6.211250623865659515e-01
6.211900390698458230e-01
6.212550211423537583e-01
6.213200086081065443e-01
6.213850014711231884e-01
6.214499997354258065e-01
6.215150034050386241e-01
6.215800124839889751e-01
6.216450269763059699e-01
6.217100468860219387e-01
6.217750722171714317e-01
6.218401029737921082e-01
6.219051391599235146e-01
6.219701807796078619e-01
6.220352278368905807e-01
6.221002803358191002e-01
6.221653382804436250e-01
6.222304016748169131e-01
6.222954705229942762e-01
6.223605448290338016e-01
6.224256245969961299e-01
6.224907098309444553e-01
6.225558005349445256e-01
6.226208967130646421e-01
6.226859983693758815e-01
6.227511055079519853e-01
6.228162181328691371e-01
6.228813362482065186e-01
6.229464598580454204e-01
6.230115889664697981e-01
6.230767235775669377e-01
6.231418636954257906e-01
6.232070093241386388e-01
6.232721604678002070e-01
6.233373171305077731e-01
6.234024793163615019e-01
6.234676470294637785e-01
6.235328202739204295e-01
6.235979990538388362e-01
6.236631833733298214e-01
6.237283732365067612e-01
6.237935686474858077e-01
6.238587696103853331e-01
6.239239761293267073e-01
6.239891882084340757e-01
6.240544058518339154e-01
6.241196290636557009e-01
6.241848578480312382e-01
6.242500922090955529e-01
6.243153321509861131e-01
6.243805776778428296e-01
6.244458287938083885e-01
6.245110855030289176e-01
6.245763478096519883e-01
6.246416157178289463e-01
6.247068892317131361e-01
6.247721683554612326e-01
6.248374530932323534e-01
6.249027434491878363e-01
6.249680394274929052e-01
6.250333410323141159e-01
6.250986482678220213e-01
6.251639611381890616e-01
6.252292796475906744e-01
6.252946038002054063e-01
6.253599336002136910e-01
6.254252690517997371e-01
6.254906101591496403e-01
6.255559569264528275e-01
6.256213093579012785e-01
6.256866674576894161e-01
6.257520312300147713e-01
6.258174006790779842e-01
6.258827758090818039e-01
6.259481566242320882e-01
6.260135431287373597e-01
6.260789353268089164e-01
6.261443332226611647e-01
6.262097368205103987e-01
6.262751461245772422e-01
6.263405611390836514e-01
6.264059818682546910e-01
6.264714083163190894e-01
6.265368404875074626e-01
6.266022783860533130e-01
6.266677220161934736e-01
6.267331713821671091e-01
6.267986264882166036e-01
6.268640873385865619e-01
6.269295539375250303e-01
6.269950262892824977e-01
6.270605043981126725e-01
6.271259882682714837e-01
6.271914779040183019e-01
6.272569733096148292e-01
6.273224744893264315e-01
6.273879814474199179e-01
6.274534941881665384e-01
6.275190127158392084e-01
6.275845370347141738e-01
6.276500671490706784e-01
6.277156030631905193e-01
6.277811447813586021e-01
6.278466923078627193e-01
6.279122456469928837e-01
6.279778048030432158e-01
6.280433697803095017e-01
6.281089405830910799e-01
6.281745172156897317e-01
6.282400996824111239e-01
6.283056879875624778e-01
6.283712821354549005e-01
6.284368821304016084e-01
6.285024879767197037e-01
6.285680996787282870e-01
6.286337172407499008e-01
6.286993406671096407e-01
6.287649699621359334e-01
6.288306051301597588e-01
6.288962461755153166e-01
6.289618931025395820e-01
6.290275459155721949e-01
6.290932046189561255e-01
6.291588692170374530e-01
6.292245397141644769e-01
6.292902161146892714e-01
6.293558984229662423e-01
6.294215866433530149e-01
6.294872807802098791e-01
6.295529808379006775e-01
6.296186868207919174e-01
6.296843987332525483e-01
6.297501165796555167e-01
6.298158403643757675e-01
6.298815700917919091e-01
6.299473057662852149e-01
6.300130473922399554e-01
6.300787949740432881e-01
6.301445485160858118e-01
6.302103080227606791e-01
6.302760734984639290e-01
6.303418449475953755e-01
6.304076223745567198e-01
6.304734057837538819e-01
6.305391951795946692e-01
6.306049905664905531e-01
6.306707919488560021e-01
6.307365993311084829e-01
6.308024127176680151e-01
6.308682321129583936e-01
6.309340575214058555e-01
6.309998889474401906e-01
6.310657263954937424e-01
6.311315698700021848e-01
6.311974193754038565e-01
6.312632749161408707e-01
6.313291364966580055e-01
6.313950041214027031e-01
6.314608777948262919e-01
6.315267575213822093e-01
6.315926433055281120e-01
6.316585351517234326e-01
6.317244330644316008e-01
6.317903370481193770e-01
6.318562471072552977e-01
6.319221632463121185e-01
6.319880854697654815e-01
6.320540137820940263e-01
6.321199481877792792e-01
6.321858886913059861e-01
6.322518352971625566e-01
6.323177880098396209e-01
6.323837468338314727e-01
6.324497117736352925e-01
6.325156828337517023e-01
6.325816600186840999e-01
6.326476433329391025e-01
6.327136327810266581e-01
6.327796283674594902e-01
6.328456300967539860e-01
6.329116379734289755e-01
6.329776520020072850e-01
6.330436721870138506e-01
6.331096985329781601e-01
6.331757310444312559e-01
6.332417697259083988e-01
6.333078145819481808e-01
6.333738656170915249e-01
6.334399228358830181e-01
6.335059862428705779e-01
6.335720558426047866e-01
6.336381316396398899e-01
6.337042136385332425e-01
6.337703018438449742e-01
6.338363962601392121e-01
6.339024968919826364e-01
6.339686037439450361e-01
6.340347168206001971e-01
6.341008361265241255e-01
6.341669616662969355e-01
6.342330934445012947e-01
6.342992314657235342e-01
6.343653757345530941e-01
6.344315262555825230e-01
6.344976830334074780e-01
6.345638460726273911e-01
6.346300153778443587e-01
6.346961909536643631e-01
6.347623728046959402e-01
6.348285609355511783e-01
6.348947553508456076e-01
6.349609560551977561e-01
6.350271630532298150e-01
6.350933763495666406e-01
6.351595959488367527e-01
6.352258218556722236e-01
6.352920540747076794e-01
6.353582926105816320e-01
6.354245374679353686e-01
6.354907886514143955e-01
6.355570461656665504e-01
6.356233100153434457e-01
6.356895802050996913e-01
6.357558567395937832e-01
6.358221396234871037e-01
6.358884288614440328e-01
6.359547244581329473e-01
6.360210264182254436e-01
6.360873347463962268e-01
6.361536494473229997e-01
6.362199705256877946e-01
6.362862979861749757e-01
6.363526318334729037e-01
6.364189720722729371e-01
6.364853187072699869e-01
6.365516717431624061e-01
6.366180311846515449e-01
6.366843970364421956e-01
6.367507693032429250e-01
6.368171479897657417e-01
6.368835331007250966e-01
6.369499246408399928e-01
6.370163226148318758e-01
6.370827270274261878e-01
6.371491378833514796e-01
6.372155551873401880e-01
6.372819789441274141e-01
6.373484091584518119e-01
6.374148458350563651e-01
6.374812889786859449e-01
6.375477385940904185e-01
6.376141946860218734e-01
6.376806572592365052e-01
6.377471263184936179e-01
6.378136018685562902e-01
6.378800839141904877e-01
6.379465724601665055e-01
6.380130675112569705e-01
6.380795690722387281e-01
6.381460771478921767e-01
6.382125917430006012e-01
6.382791128623511723e-01
6.383456405107346132e-01
6.384121746929447561e-01
6.384787154137792076e-01
6.385452626780385721e-01
6.386118164905278949e-01
6.386783768560548857e-01
6.387449437794309182e-01
6.388115172654711404e-01
6.388780973189939205e-01
6.389446839448214011e-01
6.390112771477790554e-01
6.390778769326956876e-01
6.391444833044042095e-01
6.392110962677405306e-01
6.392777158275441129e-01
6.393443419886585266e-01
6.394109747559302281e-01
6.394776141342095599e-01
6.395442601283503059e-01
6.396109127432096919e-01
6.396775719836488294e-01
6.397442378545320496e-01
6.398109103607274584e-01
6.398775895071069364e-01
6.399442752985452509e-01
6.400109677399214991e-01
6.400776668361181088e-01
6.401443725920206163e-01
6.402110850125191099e-01
6.402778041025065647e-01
6.403445298668796193e-01
6.404112623105387980e-01
6.404780014383878450e-01
6.405447472553349453e-01
6.406114997662903932e-01
6.406782589761699231e-01
6.407450248898916012e-01
6.408117975123777121e-01
6.408785768485539824e-01
6.409453629033496913e-01
6.410121556816978927e-01
6.410789551885355264e-01
6.411457614288026408e-01
6.412125744074435030e-01
6.412793941294057110e-01
6.413462205996407484e-01
6.414130538231035406e-01
6.414798938047528987e-01
6.415467405495511866e-01
6.416135940624644318e-01
6.416804543484624368e-01
6.417473214125187786e-01
6.418141952596106981e-01
6.418810758947188777e-01
6.419479633228281079e-01
6.420148575489268428e-01
6.420817585780067560e-01
6.421486664150640733e-01
6.422155810650979069e-01
6.422825025331116988e-01
6.423494308241124440e-01
6.424163659431109119e-01
6.424833078951213139e-01
6.425502566851624131e-01
6.426172123182556373e-01
6.426841747994270770e-01
6.427511441337061537e-01
6.428181203261262855e-01
6.428851033817243321e-01
6.429520933055414833e-01
6.430190901026220374e-01
6.430860937780145115e-01
6.431531043367713085e-01
6.432201217839481622e-01
6.432871461246052469e-01
6.433541773638061789e-01
6.434212155066183492e-01
6.434882605581128123e-01
6.435553125233649530e-01
6.436223714074537083e-01
6.436894372154616795e-01
6.437565099524757972e-01
6.438235896235861011e-01
6.438906762338870715e-01
6.439577697884770746e-01
6.440248702924579183e-01
6.440919777509355182e-01
6.441590921690197868e-01
6.442262135518238564e-01
6.442933419044657439e-01
6.443604772320664642e-01
6.444276195397518059e-01
6.444947688326505553e-01
6.445619251158958285e-01
6.446290883946242944e-01
6.446962586739772849e-01
6.447634359590993514e-01
6.448306202551391531e-01
6.448978115672496791e-01
6.449650099005869164e-01
6.450322152603118475e-01
6.450994276515884529e-01
6.451666470795851538e-01
6.452338735494745903e-01
6.453011070664326221e-01
6.453683476356396609e-01
6.454355952622798931e-01
6.455028499515415019e-01
6.455701117086162233e-01
6.456373805387005671e-01
6.457046564469942629e-01
6.457719394387014811e-01
6.458392295190304999e-01
6.459065266931929283e-01
6.459738309664050382e-01
6.460411423438869871e-01
6.461084608308623745e-01
6.461757864325597955e-01
6.462431191542108433e-01
6.463104590010522177e-01
6.463778059783233942e-01
6.464451600912689555e-01
6.465125213451373698e-01
6.465798897451803251e-01
6.466472652966542833e-01
6.467146480048199253e-01
6.467820378749413734e-01
6.468494349122873022e-01
6.469168391221300496e-01
6.469842505097468388e-01
6.470516690804176685e-01
6.471190948394277553e-01
6.471865277920662018e-01
6.472539679436256632e-01
6.473214152994032355e-01
6.473888698647003448e-01
6.474563316448224137e-01
6.475238006450786399e-01
6.475912768707824396e-01
6.476587603272522253e-01
6.477262510198092960e-01
6.477937489537793914e-01
6.478612541344932474e-01
6.479287665672848195e-01
6.479962862574927263e-01
6.480638132104592497e-01
6.481313474315312240e-01
6.481988889260598130e-01
6.482664376993998445e-01
6.483339937569109201e-01
6.484015571039560832e-01
6.484691277459033731e-01
6.485367056881243819e-01
6.486042909359953645e-01
6.486718834948965728e-01
6.487394833702122554e-01
6.488070905673314348e-01
6.488747050916467973e-01
6.489423269485559143e-01
6.490099561434593545e-01
6.490775926817636821e-01
6.491452365688779036e-01
6.492128878102169098e-01
6.492805464111987002e-01
6.493482123772458259e-01
6.494158857137855012e-01
6.494835664262486041e-01
6.495512545200710086e-01
6.496189500006921413e-01
6.496866528735559809e-01
6.497543631441109468e-01
6.498220808178096775e-01
6.498898059001091410e-01
6.499575383964706354e-01
6.500252783123597888e-01
6.500930256532461149e-01
6.501607804246044564e-01
6.502285426319126538e-01
6.502963122806538765e-01
6.503640893763154018e-01
6.504318739243888370e-01
6.504996659303702300e-01
6.505674653997595147e-01
6.506352723380616210e-01
6.507030867507855865e-01
6.507709086434447787e-01
6.508387380215566731e-01
6.509065748906437410e-01
6.509744192562326726e-01
6.510422711238545990e-01
6.511101304990443150e-01
6.511779973873420557e-01
6.512458717942917197e-01
6.513137537254423126e-01
6.513816431863465040e-01
6.514495401825620702e-01
6.515174447196508956e-01
6.515853568031791943e-01
6.516532764387181764e-01
6.517212036318427160e-01
6.517891383881327938e-01
6.518570807131726097e-01
6.519250306125504713e-01
6.519929880918602372e-01
6.520609531566988748e-01
6.521289258126692356e-01
6.521969060653776129e-01
6.522648939204348517e-01
6.523328893834570152e-01
6.524008924600640524e-01
6.524689031558809083e-01
6.525369214765367465e-01
6.526049474276650608e-01
6.526729810149043409e-01
6.527410222438975174e-01
6.528090711202916285e-01
6.528771276497389309e-01
6.529451918378957886e-01
6.530132636904234511e-01
6.530813432129871643e-01
6.531494304112575033e-01
6.532175252909090402e-01
6.532856278576214537e-01
6.533537381170784197e-01
6.534218560749686100e-01
6.534899817369853592e-01
6.535581151088265539e-01
6.536262561961944106e-01
6.536944050047958088e-01
6.537625615403429569e-01
6.538307258085520601e-01
6.538988978151438758e-01
6.539670775658439350e-01
6.540352650663830980e-01
6.541034603224955557e-01
6.541716633399214942e-01
6.542398741244048743e-01
6.543080926816949860e-01
6.543763190175453381e-01
6.544445531377143244e-01
6.545127950479646683e-01
6.545810447540645338e-01
6.546493022617863033e-01
6.547175675769072445e-01
6.547858407052089547e-01
6.548541216524782493e-01
6.549224104245067180e-01
6.549907070270900578e-01
6.550590114660297392e-01
6.551273237471308963e-01
6.551956438762037704e-01
6.552639718590639317e-01
6.553323077015312803e-01
6.554006514094301572e-01
6.554690029885904545e-01
6.555373624448461722e-01
6.556057297840364173e-01
6.556741050120051817e-01
6.557424881346014534e-01
6.558108791576781060e-01
6.558792780870938977e-01
6.559476849287119160e-01
6.560160996884000228e-01
6.560845223720312980e-01
6.561529529854831511e-01
6.562213915346383208e-01
6.562898380253842090e-01
6.563582924636131022e-01
6.564267548552220610e-01
6.564952252061130311e-01
6.565637035221930651e-01
6.566321898093741005e-01
6.567006840735726270e-01
6.567691863207103520e-01
6.568376965567138681e-01
6.569062147875145419e-01
6.569747410190486248e-01
6.570432752572573643e-01
6.571118175080874479e-01
6.571803677774898933e-01
6.572489260714204917e-01
6.573174923958406968e-01
6.573860667567165139e-01
6.574546491600189446e-01
6.575232396117238753e-01
6.575918381178122996e-01
6.576604446842704288e-01
6.577290593170892485e-01
6.577976820222642962e-01
6.578663128057971043e-01
6.579349516736934245e-01
6.580035986319645591e-01
6.580722536866259187e-01
6.581409168436991308e-01
6.582095881092105971e-01
6.582782674891909380e-01
6.583469549896764361e-01
6.584156506167090361e-01
6.584843543763343465e-01
6.585530662746044150e-01
6.586217863175753973e-01
6.586905145113092219e-01
6.587592508618723697e-01
6.588279953753369833e-01
6.588967480577797575e-01
6.589655089152828271e-01
6.590342779539336560e-01
6.591030551798238157e-01
6.591718405990516505e-01
6.592406342177192791e-01
6.593094360419344824e-01
6.593782460778104815e-01
6.594470643314649383e-01
6.595158908090213989e-01
6.595847255166082945e-01
6.596535684603587191e-01
6.597224196464123169e-01
6.597912790809125072e-01
6.598601467700088152e-01
6.599290227198555403e-01
6.599979069366124218e-01
6.600667994264440841e-01
6.601357001955210357e-01
6.602046092500180041e-01
6.602735265961161559e-01
6.603424522400014318e-01
6.604113861878646574e-01
6.604803284459020984e-01
6.605492790203155717e-01
6.606182379173122232e-01
6.606872051431039727e-01
6.607561807039082913e-01
6.608251646059486450e-01
6.608941568554526080e-01
6.609631574586537495e-01
6.610321664217910786e-01
6.611011837511083788e-01
6.611702094528555396e-01
6.612392435332868912e-01
6.613082859986628703e-01
6.613773368552491316e-01
6.614463961093165478e-01
6.615154637671410986e-01
6.615845398350046480e-01
6.616536243191944999e-01
6.617227172260025103e-01
6.617918185617270854e-01
6.618609283326711834e-01
6.619300465451434246e-01
6.619991732054584244e-01
6.620683083199351282e-01
6.621374518948986987e-01
6.622066039366800716e-01
6.622757644516142905e-01
6.623449334460432825e-01
6.624141109263138594e-01
6.624832968987779402e-01
6.625524913697937723e-01
6.626216943457242659e-01
6.626909058329383262e-01
6.627601258378106319e-01
6.628293543667201915e-01
6.628985914260530077e-01
6.629678370221996353e-01
6.630370911615567353e-01
6.631063538505256316e-01
6.631756250955145315e-01
6.632449049029363053e-01
6.633141932792090412e-01
6.633834902307575998e-01
6.634527957640113938e-01
6.635221098854058308e-01
6.635914326013822029e-01
6.636607639183866869e-01
6.637301038428715660e-01
6.637994523812945635e-01
6.638688095401191758e-01
6.639381753258145613e-01
6.640075497448554298e-01
6.640769328037218200e-01
6.641463245089000988e-01
6.642157248668820735e-01
6.642851338841646580e-01
6.643545515672509838e-01
6.644239779226501774e-01
6.644934129568759174e-01
6.645628566764492096e-01
6.646323090878953899e-01
6.647017701977460113e-01
6.647712400125384002e-01
6.648407185388155449e-01
6.649102057831264290e-01
6.649797017520253650e-01
6.650492064520727720e-01
6.651187198898345088e-01
6.651882420718826516e-01
6.652577730047946059e-01
6.653273126951536609e-01
6.653968611495493235e-01
6.654664183745764294e-01
6.655359843768356987e-01
6.656055591629339574e-01
6.656751427394834719e-01
6.657447351131027258e-01
6.658143362904157536e-01
6.658839462780526963e-01
6.659535650826490238e-01
6.660231927108470895e-01
6.660928291692940206e-01
6.661624744646434948e-01
6.662321286035549628e-01
6.663017915926936485e-01
6.663714634387306601e-01
6.664411441483433229e-01
6.665108337282146245e-01
6.665805321850335474e-01
6.666502395254949587e-01
6.667199557562997203e-01
6.667896808841546896e-01
6.668594149157731632e-01
6.669291578578729895e-01
6.669989097171794556e-01
6.670686705004235106e-01
6.671384402143417658e-01
6.672082188656768276e-01
6.672780064611776307e-01
6.673478030075989942e-01
6.674176085117017321e-01
6.674874229802525427e-01
6.675572464200247857e-01
6.676270788377971499e-01
6.676969202403545411e-01
6.677667706344886378e-01
6.678366300269962252e-01
6.679064984246807501e-01
6.679763758343516544e-01
6.680462622628243752e-01
6.681161577169207888e-01
6.681860622034684338e-01
6.682559757293011771e-01
6.683258983012592136e-01
6.683958299261887337e-01
6.684657706109420339e-01
6.685357203623775169e-01
6.686056791873600247e-01
6.686756470927605056e-01
6.687456240854560141e-01
6.688156101723297109e-01
6.688856053602714180e-01
6.689556096561761755e-01
6.690256230669465731e-01
6.690956455994904184e-01
6.691656772607222914e-01
6.692357180575631004e-01
6.693057679969394158e-01
6.693758270857844694e-01
6.694458953310380434e-01
6.695159727396458038e-01
6.695860593185596343e-01
6.696561550747379687e-01
6.697262600151457912e-01
6.697963741467538590e-01
6.698664974765397018e-01
6.699366300114868444e-01
6.700067717585853622e-01
6.700769227248318805e-01
6.701470829172289090e-01
6.702172523427859518e-01
6.702874310085182863e-01
6.703576189214478509e-01
6.704278160886029125e-01
6.704980225170186214e-01
6.705682382137360120e-01
6.706384631858023360e-01
6.707086974402717283e-01
6.707789409842052075e-01
6.708491938246692321e-01
6.709194559687373660e-01
6.709897274234896125e-01
6.710600081960123031e-01
6.711302982933982086e-01
6.712005977227469833e-01
6.712709064911641654e-01
6.713412246057621768e-01
6.714115520736603226e-01
6.714818889019837922e-01
6.715522350978649913e-01
6.716225906684420988e-01
6.716929556208605101e-01
6.717633299622719489e-01
6.718337136998345782e-01
6.719041068407136663e-01
6.719745093920801438e-01
6.720449213611129347e-01
6.721153427549964032e-01
6.721857735809217971e-01
6.722562138460872472e-01
6.723266635576975458e-01
6.723971227229640357e-01
6.724675913491047208e-01
6.725380694433443773e-01
6.726085570129142210e-01
6.726790540650524619e-01
6.727495606070040823e-01
6.728200766460200599e-01
6.728906021893590328e-01
6.729611372442860784e-01
6.730316818180726024e-01
6.731022359179975600e-01
6.731727995513456797e-01
6.732433727254091282e-01
6.733139554474867339e-01
6.733845477248843192e-01
6.734551495649140351e-01
6.735257609748951380e-01
6.735963819621535453e-01
6.736670125340225024e-01
6.737376526978414715e-01
6.738083024609570204e-01
6.738789618307223783e-01
6.739496308144982128e-01
6.740203094196516309e-01
6.740909976535565118e-01
6.741616955235939512e-01
6.742324030371517063e-01
6.743031202016249726e-01
6.743738470244150518e-01
6.744445835129305733e-01
6.745153296745873828e-01
6.745860855168083203e-01
6.746568510470224433e-01
6.747276262726666918e-01
6.747984112011841118e-01
6.748692058400255211e-01
6.749400101966483989e-01
6.750108242785175516e-01
6.750816480931041141e-01
6.751524816478868818e-01
6.752233249503517554e-01
6.752941780079912970e-01
6.753650408283051743e-01
6.754359134188001601e-01
6.755067957869906881e-01
6.755776879403976309e-01
6.756485898865491890e-01
6.757195016329805570e-01
6.757904231872340350e-01
6.758613545568596948e-01
6.759322957494138251e-01
6.760032467724604865e-01
6.760742076335702899e-01
6.761451783403222837e-01
6.762161589003016227e-01
6.762871493211007889e-01
6.763581496103195922e-01
6.764291597755651697e-01
6.765001798244519859e-01
6.765712097646013889e-01
6.766422496036423873e-01
6.767132993492109838e-01
6.767843590089505090e-01
6.768554285905116208e-01
6.769265081015521934e-01
6.769975975497373177e-01
6.770686969427399671e-01
6.771398062882399982e-01
6.772109255939243733e-01
6.772820548674876040e-01
6.773531941166321957e-01
6.774243433490668709e-01
6.774955025725083457e-01
6.775666717946811080e-01
6.776378510233163066e-01
6.777090402661533064e-01
6.777802395309378003e-01
6.778514488254238080e-01
6.779226681573727875e-01
6.779938975345536356e-01
6.780651369647415772e-01
6.781363864557208299e-01
6.782076460152823838e-01
6.782789156512247786e-01
6.783501953713545474e-01
6.784214851834847737e-01
6.784927850954370898e-01
6.785640951150399003e-01
6.786354152501296033e-01
6.787067455085498136e-01
6.787780858981523613e-01
6.788494364267959602e-01
6.789207971023472066e-01
6.789921679326806903e-01
6.790635489256777735e-01
6.791349400892283672e-01
6.792063414312291547e-01
6.792777529595849240e-01
6.793491746822084565e-01
6.794206066070196393e-01
6.794920487419463528e-01
6.795635010949241384e-01
6.796349636738959754e-01
6.797064364868129482e-01
6.797779195416340237e-01
6.798494128463252739e-01
6.799209164088605428e-01
6.799924302372225560e-01
6.800639543394007003e-01
6.801354887233920232e-01
6.802070333972023430e-01
6.802785883688449164e-01
6.803501536463401056e-01
6.804217292377170434e-01
6.804933151510126343e-01
6.805649113942708883e-01
6.806365179755443640e-01
6.807081349028935024e-01
6.807797621843860725e-01
6.808513998280982804e-01
6.809230478421139932e-01
6.809947062345256263e-01
6.810663750134320349e-01
6.811380541869419547e-01
6.812097437631707830e-01
6.812814437502420217e-01
6.813531541562876104e-01
6.814248749894472601e-01
6.814966062578685646e-01
6.815683479697072222e-01
6.816401001331275911e-01
6.817118627563008015e-01
6.817836358474071989e-01
6.818554194146344560e-01
6.819272134661787943e-01
6.819990180102439847e-01
6.820708330550427911e-01
6.821426586087954158e-01
6.822144946797301657e-01
6.822863412760836743e-01
6.823581984061012351e-01
6.824300660780352468e-01
6.825019443001467678e-01
6.825738330807055165e-01
6.826457324279889827e-01
6.827176423502827607e-01
6.827895628558809937e-01
6.828614939530857075e-01
6.829334356502073655e-01
6.830053879555648688e-01
6.830773508774852232e-01
6.831493244243036500e-01
6.832213086043635863e-01
6.832933034260172400e-01
6.833653088976247014e-01
6.834373250275546097e-01
6.835093518241838195e-01
6.835813892958976234e-01
6.836534374510899736e-01
6.837254962981623718e-01
6.837975658455258676e-01
6.838696461015990602e-01
6.839417370748092084e-01
6.840138387735920089e-01
6.840859512063919290e-01
6.841580743816613186e-01
6.842302083078615205e-01
6.843023529934620930e-01
6.843745084469412543e-01
6.844466746767853271e-01
6.845188516914899601e-01
6.845910394995585735e-01
6.846632381095034692e-01
6.847354475298453869e-01
6.848076677691139480e-01
6.848798988358469897e-01
6.849521407385914529e-01
6.850243934859020500e-01
6.850966570863429306e-01
6.851689315484864595e-01
6.852412168809139947e-01
6.853135130922153317e-01
6.853858201909888148e-01
6.854581381858418920e-01
6.855304670853903382e-01
6.856028068982589208e-01
6.856751576330807341e-01
6.857475192984981982e-01
6.858198919031619489e-01
6.858922754557319479e-01
6.859646699648763724e-01
6.860370754392728365e-01
6.861094918876070592e-01
6.861819193185739740e-01
6.862543577408776185e-01
6.863268071632301348e-01
6.863992675943537680e-01
6.864717390429778687e-01
6.865442215178424457e-01
6.866167150276955011e-01
6.866892195812938082e-01
6.867617351874033549e-01
6.868342618547996770e-01
6.869067995922664149e-01
6.869793484085964241e-01
6.870519083125914417e-01
6.871244793130625306e-01
6.871970614188299686e-01
6.872696546387220273e-01
6.873422589815770811e-01
6.874148744562422753e-01
6.874875010715737478e-01
6.875601388364364075e-01
6.876327877597050442e-01
6.877054478502626633e-01
6.877781191170019293e-01
6.878508015688249433e-01
6.879234952146419113e-01
6.879962000633732533e-01
6.880689161239483820e-01
6.881416434053053699e-01
6.882143819163919485e-01
6.882871316661653971e-01
6.883598926635909887e-01
6.884326649176448765e-01
6.885054484373112071e-01
6.885782432315840085e-01
6.886510493094667451e-01
6.887238666799717635e-01
6.887966953521208469e-01
6.888695353349449935e-01
6.889423866374851935e-01
6.890152492687913188e-01
6.890881232379223453e-01
6.891610085539473518e-01
6.892339052259440768e-01
6.893068132630003619e-01
6.893797326742130416e-01
6.894526634686887201e-01
6.895256056555433277e-01
6.895985592439020095e-01
6.896715242428997916e-01
6.897445006616812480e-01
6.898174885093999453e-01
6.898904877952199977e-01
6.899634985283139565e-01
6.900365207178643656e-01
6.901095543730640935e-01
6.901825995031143357e-01
6.902556561172265015e-01
6.903287242246221034e-01
6.904018038345318686e-01
6.904748949561956284e-01
6.905479975988640939e-01
6.906211117717967474e-01
6.906942374842628407e-01
6.907673747455419511e-01
6.908405235649227594e-01
6.909136839517039386e-01
6.909868559151941536e-01
6.910600394647116174e-01
6.911332346095840906e-01
6.912064413591497702e-01
6.912796597227560680e-01
6.913528897097607206e-01
6.914261313295311240e-01
6.914993845914443327e-01
6.915726495048876155e-01
6.916459260792583441e-01
6.917192143239628832e-01
6.917925142484186996e-01
6.918658258620522528e-01
6.919391491743007716e-01
6.920124841946109218e-01
6.920858309324396940e-01
6.921591893972537379e-01
6.922325595985300284e-01
6.923059415457553101e-01
6.923793352484272079e-01
6.924527407160517845e-01
6.925261579581469817e-01
6.925995869842398456e-01
6.926730278038678579e-01
6.927464804265783815e-01
6.928199448619295486e-01
6.928934211194885950e-01
6.929669092088340809e-01
6.930404091395540034e-01
6.931139209212472396e-01
6.931874445635222148e-01
6.932609800759981233e-01
6.933345274683037074e-01
6.934080867500793666e-01
6.934816579309741602e-01
6.935552410206485829e-01
6.936288360287735655e-01
6.937024429650293644e-01
6.937760618391075607e-01
6.938496926607092830e-01
6.939233354395470954e-01
6.939969901853432210e-01
6.940706569078306520e-01
6.941443356167523726e-01
6.942180263218624692e-01
6.942917290329253532e-01
6.943654437597153173e-01
6.944391705120180891e-01
6.945129092996291664e-01
6.945866601323551492e-01
6.946604230200127406e-01
6.947341979724297456e-01
6.948079849994440726e-01
6.948817841109046212e-01
6.949555953166707267e-01
6.950294186266122720e-01
6.951032540506099089e-01
6.951771015985555024e-01
6.952509612803505767e-01
6.953248331059083132e-01
6.953987170851519961e-01
6.954726132280162343e-01
6.955465215444455174e-01
6.956204420443962144e-01
6.956943747378349086e-01
6.957683196347387300e-01
6.958422767450964663e-01
6.959162460789071192e-01
6.959902276461804593e-01
6.960642214569379149e-01
6.961382275212109061e-01
6.962122458490427324e-01
6.962862764504862412e-01
6.963603193356070475e-01
6.964343745144803144e-01
6.965084419971928620e-01
6.965825217938422798e-01
6.966566139145373704e-01
6.967307183693978168e-01
6.968048351685542929e-01
6.968789643221487973e-01
6.969531058403346524e-01
6.970272597332757281e-01
6.971014260111473293e-01
6.971756046841359744e-01
6.972497957624390619e-01
6.973239992562655365e-01
6.973982151758351122e-01
6.974724435313793824e-01
6.975466843331410427e-01
6.976209375913734467e-01
6.976952033163417166e-01
6.977694815183221877e-01
6.978437722076025196e-01
6.979180753944819182e-01
6.979923910892703587e-01
6.980667193022896955e-01
6.981410600438733294e-01
6.982154133243654304e-01
6.982897791541220478e-01
6.983641575435107773e-01
6.984385485029104279e-01
6.985129520427112437e-01
6.985873681733151264e-01
6.986617969051355237e-01
6.987362382485975409e-01
6.988106922141373856e-01
6.988851588122032554e-01
6.989596380532548947e-01
6.990341299477635939e-01
6.991086345062123009e-01
6.991831517390951767e-01
6.992576816569192610e-01
6.993322242702016966e-01
6.994067795894728379e-01
6.994813476252736972e-01
6.995559283881577217e-01
6.996305218886895716e-01
6.997051281374458975e-01
6.997797471450153406e-01
6.998543789219983102e-01
6.999290234790069842e-01
7.000036808266653088e-01
7.000783509756095535e-01
7.001530339364872013e-01
7.002277297199579476e-01
7.003024383366938110e-01
7.003771597973784679e-01
7.004518941127074738e-01
7.005266412933887077e-01
7.006014013501415949e-01
7.006761742936979953e-01
7.007509601348015371e-01
7.008257588842085051e-01
7.009005705526866192e-01
7.009753951510160341e-01
7.010502326899888947e-01
7.011250831804097805e-01
7.011999466330951503e-01
7.012748230588742304e-01
7.013497124685871276e-01
7.014246148730879371e-01
7.014995302832419677e-01
7.015744587099270735e-01
7.016494001640333211e-01
7.017243546564629897e-01
7.017993221981310148e-01
7.018743027999645445e-01
7.019492964729030504e-01
7.020243032278986606e-01
7.020993230759151604e-01
7.021743560279303242e-01
7.022494020949329174e-01
7.023244612879244730e-01
7.023995336179195137e-01
7.024746190959448855e-01
7.025497177330397580e-01
7.026248295402565125e-01
7.026999545286591875e-01
7.027750927093249222e-01
7.028502440933440676e-01
7.029254086918184097e-01
7.030005865158632794e-01
7.030757775766065532e-01
7.031509818851886529e-01
7.032261994527628790e-01
7.033014302904954107e-01
7.033766744095645285e-01
7.034519318211625016e-01
7.035272025364931459e-01
7.036024865667742656e-01
7.036777839232357667e-01
7.037530946171206558e-01
7.038284186596851510e-01
7.039037560621977940e-01
7.039791068359404491e-01
7.040544709922079702e-01
7.041298485423084230e-01
7.042052394975623075e-01
7.042806438693036686e-01
7.043560616688794296e-01
7.044314929076495035e-01
7.045069375969872372e-01
7.045823957482784117e-01
7.046578673729231301e-01
7.047333524823335971e-01
7.048088510879354507e-01
7.048843632011679849e-01
7.049598888334831503e-01
7.050354279963467752e-01
7.051109807012375663e-01
7.051865469596474423e-01
7.052621267830820884e-01
7.053377201830597354e-01
7.054133271711131581e-01
7.054889477587875657e-01
7.055645819576421562e-01
7.056402297792493394e-01
7.057158912351948477e-01
7.057915663370781800e-01
7.058672550965117143e-01
7.059429575251225941e-01
7.060186736345505087e-01
7.060944034364489141e-01
7.061701469424850330e-01
7.062459041643397439e-01
7.063216751137074700e-01
7.063974598022960683e-01
7.064732582418278284e-01
7.065490704440378078e-01
7.066248964206754968e-01
7.067007361835038193e-01
7.067765897442996881e-01
7.068524571148538937e-01
7.069283383069705495e-01
7.070042333324682016e-01
7.070801422031792738e-01
7.071560649309495128e-01
7.072320015276390981e-01
7.073079520051220870e-01
7.073839163752868586e-01
7.074598946500346708e-01
7.075358868412819913e-01
7.076118929609589436e-01
7.076879130210095292e-01
7.077639470333919602e-01
7.078399950100788818e-01
7.079160569630563726e-01
7.079921329043256106e-01
7.080682228459010963e-01
7.081443267998123181e-01
7.082204447781023093e-01
7.082965767928290912e-01
7.083727228560642297e-01
7.084488829798939458e-01
7.085250571764191152e-01
7.086012454577546027e-01
7.086774478360294838e-01
7.087536643233879330e-01
7.088298949319877806e-01
7.089061396740020671e-01
7.089823985616179325e-01
7.090586716070369500e-01
7.091349588224751255e-01
7.092112602201636751e-01
7.092875758123478036e-01
7.093639056112874819e-01
7.094402496292573357e-01
7.095166078785470898e-01
7.095929803714603468e-01
7.096693671203156972e-01
7.097457681374472749e-01
7.098221834352028692e-01
7.098986130259459237e-01
7.099750569220536489e-01
7.100515151359192423e-01
7.101279876799503343e-01
7.102044745665693215e-01
7.102809758082139213e-01
7.103574914173359511e-01
7.104340214064032155e-01
7.105105657878981740e-01
7.105871245743174969e-01
7.106636977781743969e-01
7.107402854119964086e-01
7.108168874883257216e-01
7.108935040197206234e-01
7.109701350187537239e-01
7.110467804980130646e-01
7.111234404701021194e-01
7.112001149476394612e-01
7.112768039432594280e-01
7.113535074696105687e-01
7.114302255393575303e-01
7.115069581651800590e-01
7.115837053597738882e-01
7.116604671358489620e-01
7.117372435061316560e-01
7.118140344833634447e-01
7.118908400803015679e-01
7.119676603097178091e-01
7.120444951844009385e-01
7.121213447171540478e-01
7.121982089207967714e-01
7.122750878081633985e-01
7.123519813921048716e-01
7.124288896854871211e-01
7.125058127011922871e-01
7.125827504521174971e-01
7.126597029511765324e-01
7.127366702112979402e-01
7.128136522454273649e-01
7.128906490665248841e-01
7.129676606875678946e-01
7.130446871215484483e-01
7.131217283814753616e-01
7.131987844803727716e-01
7.132758554312811361e-01
7.133529412472571218e-01
7.134300419413729388e-01
7.135071575267175614e-01
7.135842880163952850e-01
7.136614334235269475e-01
7.137385937612495956e-01
7.138157690427160418e-01
7.138929592810960845e-01
7.139701644895750654e-01
7.140473846813547576e-01
7.141246198696534764e-01
7.142018700677056353e-01
7.142791352887619682e-01
7.143564155460898624e-01
7.144337108529729141e-01
7.145110212227110402e-01
7.145883466686209218e-01
7.146656872040357822e-01
7.147430428423051652e-01
7.148204135967951567e-01
7.148977994808881631e-01
7.149752005079842432e-01
7.150526166914988879e-01
7.151300480448655739e-01
7.152074945815326545e-01
7.152849563149673573e-01
7.153624332586517864e-01
7.154399254260861429e-01
7.155174328307869480e-01
7.155949554862877093e-01
7.156724934061388099e-01
7.157500466039073972e-01
7.158276150931776050e-01
7.159051988875508865e-01
7.159827980006454595e-01
7.160604124460963060e-01
7.161380422375562826e-01
7.162156873886946773e-01
7.162933479131977643e-01
7.163710238247694706e-01
7.164487151371311535e-01
7.165264218640207128e-01
7.166041440191938117e-01
7.166818816164225447e-01
7.167596346694979914e-01
7.168374031922273293e-01
7.169151871984350555e-01
7.169929867019635417e-01
7.170708017166728121e-01
7.171486322564400995e-01
7.172264783351597339e-01
7.173043399667442532e-01
7.173822171651234036e-01
7.174601099442450280e-01
7.175380183180736227e-01
7.176159423005923355e-01
7.176938819058018559e-01
7.177718371477201931e-01
7.178498080403832304e-01
7.179277945978452813e-01
7.180057968341777563e-01
7.180838147634697188e-01
7.181618483998293279e-01
7.182398977573815069e-01
7.183179628502699421e-01
7.183960436926557502e-01
7.184741402987184777e-01
7.185522526826557677e-01
7.186303808586824715e-01
7.187085248410328697e-01
7.187866846439587842e-01
7.188648602817302447e-01
7.189430517686355993e-01
7.190212591189810709e-01
7.190994823470920894e-01
7.191777214673115148e-01
7.192559764940009703e-01
7.193342474415402865e-01
7.194125343243283899e-01
7.194908371567818595e-01
7.195691559533360371e-01
7.196474907284448053e-01
7.197258414965809203e-01
7.198042082722355683e-01
7.198825910699183650e-01
7.199609899041576888e-01
7.200394047895006810e-01
7.201178357405136898e-01
7.201962827717809379e-01
7.202747458979058548e-01
7.203532251335112990e-01
7.204317204932384477e-01
7.205102319917466858e-01
7.205887596437161591e-01
7.206673034638444442e-01
7.207458634668492126e-01
7.208244396674657883e-01
7.209030320804503678e-01
7.209816407205767996e-01
7.210602656026389168e-01
7.211389067414494258e-01
7.212175641518406843e-01
7.212962378486640347e-01
7.213749278467895820e-01
7.214536341611080816e-01
7.215323568065282744e-01
7.216110957979794405e-01
7.216898511504096225e-01
7.217686228787864033e-01
7.218474109980973497e-01
7.219262155233495681e-01
7.220050364695689282e-01
7.220838738518019495e-01
7.221627276851144694e-01
7.222415979845915324e-01
7.223204847653390548e-01
7.223993880424816050e-01
7.224783078311640683e-01
7.225572441465515361e-01
7.226361970038284177e-01
7.227151664181991064e-01
7.227941524048884236e-01
7.228731549791408417e-01
7.229521741562212611e-01
7.230312099514137891e-01
7.231102623800236273e-01
7.231893314573759612e-01
7.232684171988158495e-01
7.233475196197088897e-01
7.234266387354403305e-01
7.235057745614164038e-01
7.235849271130638805e-01
7.236640964058294045e-01
7.237432824551802701e-01
7.238224852766038664e-01
7.239017048856086767e-01
7.239809412977235015e-01
7.240601945284976804e-01
7.241394645935010921e-01
7.242187515083244875e-01
7.242980552885793788e-01
7.243773759498975950e-01
7.244567135079326148e-01
7.245360679783576785e-01
7.246154393768673430e-01
7.246948277191775922e-01
7.247742330210242834e-01
7.248536552981652559e-01
7.249330945663791104e-01
7.250125508414652087e-01
7.250920241392442289e-01
7.251715144755578324e-01
7.252510218662689967e-01
7.253305463272622378e-01
7.254100878744429437e-01
7.254896465237375969e-01
7.255692222910949951e-01
7.256488151924840313e-01
7.257284252438959138e-01
7.258080524613430562e-01
7.258876968608596325e-01
7.259673584585009110e-01
7.260470372703441422e-01
7.261267333124883372e-01
7.262064466010533792e-01
7.262861771521818000e-01
7.263659249820375585e-01
7.264456901068064854e-01
7.265254725426957272e-01
7.266052723059351903e-01
7.266850894127764304e-01
7.267649238794924305e-01
7.268447757223788219e-01
7.269246449577529967e-01
7.270045316019548842e-01
7.270844356713455081e-01
7.271643571823098728e-01
7.272442961512530779e-01
7.273242525946043147e-01
7.274042265288142017e-01
7.274842179703555622e-01
7.275642269357240899e-01
7.276442534414379049e-01
7.277242975040374429e-01
7.278043591400857881e-01
7.278844383661683404e-01
7.279645351988934809e-01
7.280446496548923507e-01
7.281247817508180731e-01
7.282049315033476411e-01
7.282850989291796973e-01
7.283652840450364208e-01
7.284454868676630834e-01
7.285257074138271616e-01
7.286059457003200013e-01
7.286862017439549311e-01
7.287664755615692602e-01
7.288467671700229467e-01
7.289270765861992629e-01
7.290074038270047962e-01
7.290877489093690045e-01
7.291681118502453263e-01
7.292484926666095157e-01
7.293288913754620850e-01
7.294093079938256396e-01
7.294897425387473211e-01
7.295701950272968084e-01
7.296506654765683164e-01
7.297311539036790418e-01
7.298116603257704949e-01
7.298921847600069457e-01
7.299727272235773112e-01
7.300532877336940452e-01
7.301338663075932489e-01
7.302144629625348937e-01
7.302950777158035978e-01
7.303757105847070719e-01
7.304563615865775628e-01
7.305370307387716311e-01
7.306177180586694853e-01
7.306984235636755365e-01
7.307791472712189540e-01
7.308598891987527768e-01
7.309406493637545799e-01
7.310214277837259189e-01
7.311022244761936628e-01
7.311830394587077731e-01
7.312638727488444124e-01
7.313447243642029472e-01
7.314255943224082790e-01
7.315064826411091792e-01
7.315873893379801762e-01
7.316683144307192244e-01
7.317492579370509231e-01
7.318302198747227427e-01
7.319112002615089096e-01
7.319921991152067431e-01
7.320732164536405406e-01
7.321542522946580256e-01
7.322353066561333446e-01
7.323163795559651801e-01
7.323974710120771947e-01
7.324785810424189192e-01
7.325597096649648643e-01
7.326408568977151869e-01
7.327220227586952461e-01
7.328032072659558249e-01
7.328844104375734636e-01
7.329656322916502376e-01
7.330468728463137573e-01
7.331281321197172796e-01
7.332094101300400402e-01
7.332907068954871432e-01
7.333720224342891170e-01
7.334533567647025798e-01
7.335347099050104624e-01
7.336160818735211198e-01
7.336974726885693299e-01
7.337788823685157391e-01
7.338603109317474171e-01
7.339417583966777459e-01
7.340232247817456424e-01
7.341047101054175572e-01
7.341862143861850321e-01
7.342677376425671421e-01
7.343492798931087195e-01
7.344308411563813532e-01
7.345124214509831662e-01
7.345940207955393708e-01
7.346756392087011589e-01
7.347572767091471446e-01
7.348389333155824765e-01
7.349206090467386154e-01
7.350023039213751108e-01
7.350840179582774914e-01
7.351657511762590413e-01
7.352475035941593573e-01
7.353292752308459024e-01
7.354110661052127851e-01
7.354928762361822026e-01
7.355747056427025532e-01
7.356565543437499910e-01
7.357384223583286476e-01
7.358203097054697439e-01
7.359022164042318126e-01
7.359841424737012527e-01
7.360660879329924411e-01
7.361480528012463997e-01
7.362300370976330166e-01
7.363120408413491580e-01
7.363940640516205560e-01
7.364761067477001433e-01
7.365581689488690520e-01
7.366402506744363921e-01
7.367223519437390289e-01
7.368044727761430268e-01
7.368866131910416506e-01
7.369687732078572528e-01
7.370509528460397197e-01
7.371331521250681362e-01
7.372153710644494540e-01
7.372976096837192683e-01
7.373798680024420404e-01
7.374621460402106532e-01
7.375444438166468553e-01
7.376267613514009280e-01
7.377090986641520187e-01
7.377914557746083624e-01
7.378738327025069488e-01
7.379562294676137446e-01
7.380386460897239154e-01
7.381210825886616034e-01
7.382035389842800388e-01
7.382860152964627609e-01
7.383685115451207315e-01
7.384510277501958875e-01
7.385335639316589207e-01
7.386161201095100548e-01
7.386986963037788234e-01
7.387812925345249582e-01
7.388639088218377227e-01
7.389465451858355793e-01
7.390292016466677438e-01
7.391118782245119645e-01
7.391945749395776311e-01
7.392772918121025549e-01
7.393600288623554118e-01
7.394427861106349642e-01
7.395255635772698399e-01
7.396083612826194198e-01
7.396911792470728386e-01
7.397740174910498734e-01
7.398568760350008322e-01
7.399397548994067764e-01
7.400226541047782991e-01
7.401055736716575240e-01
7.401885136206173277e-01
7.402714739722610071e-01
7.403544547472226123e-01
7.404374559661676125e-01
7.405204776497915642e-01
7.406035198188219981e-01
7.406865824940170873e-01
7.407696656961657578e-01
7.408527694460893542e-01
7.409358937646390864e-01
7.410190386726983602e-01
7.411022041911820013e-01
7.411853903410362543e-01
7.412685971432385612e-01
7.413518246187986716e-01
7.414350727887573100e-01
7.415183416741872868e-01
7.416016312961936086e-01
7.416849416759125901e-01
7.417682728345127430e-01
7.418516247931947749e-01
7.419349975731912572e-01
7.420183911957671796e-01
7.421018056822193953e-01
7.421852410538777312e-01
7.422686973321039883e-01
7.423521745382918313e-01
7.424356726938687867e-01
7.425191918202939112e-01
7.426027319390594572e-01
7.426862930716898736e-01
7.427698752397431381e-01
7.428534784648095357e-01
7.429371027685126583e-01
7.430207481725088492e-01
7.431044146984877585e-01
7.431881023681720100e-01
7.432718112033175339e-01
7.433555412257140116e-01
7.434392924571836536e-01
7.435230649195827546e-01
7.436068586348011378e-01
7.436906736247616001e-01
7.437745099114214664e-01
7.438583675167711462e-01
7.439422464628352438e-01
7.440261467716724475e-01
7.441100684653746411e-01
7.441940115660683475e-01
7.442779760959143953e-01
7.443619620771070311e-01
7.444459695318754733e-01
7.445299984824831352e-01
7.446140489512277361e-01
7.446981209604414120e-01
7.447822145324911602e-01
7.448663296897781727e-01
7.449504664547386135e-01
7.450346248498439516e-01
7.451188048975996292e-01
7.452030066205462822e-01
7.452872300412601847e-01
7.453714751823519169e-01
7.454557420664682521e-01
7.455400307162898255e-01
7.456243411545335764e-01
7.457086734039516385e-01
7.457930274873316723e-01
7.458774034274970877e-01
7.459618012473068216e-01
7.460462209696550051e-01
7.461306626174726286e-01
7.462151262137253216e-01
7.462996117814159058e-01
7.463841193435823973e-01
7.464686489232997824e-01
7.465532005436779084e-01
7.466377742278645924e-01
7.467223699990424013e-01
7.468069878804316497e-01
7.468916278952885124e-01
7.469762900669056904e-01
7.470609744186130774e-01
7.471456809737773153e-01
7.472304097558013503e-01
7.473151607881252101e-01
7.473999340942268921e-01
7.474847296976199207e-01
7.475695476218565672e-01
7.476543878905250740e-01
7.477392505272519863e-01
7.478241355557008196e-01
7.479090429995731704e-01
7.479939728826070500e-01
7.480789252285796609e-01
7.481639000613048429e-01
7.482488974046351826e-01
7.483339172824601260e-01
7.484189597187080878e-01
7.485040247373456745e-01
7.485891123623769072e-01
7.486742226178448867e-01
7.487593555278304613e-01
7.488445111164534485e-01
7.489296894078719680e-01
7.490148904262829976e-01
7.491001141959219289e-01
7.491853607410631222e-01
7.492706300860197954e-01
7.493559222551445798e-01
7.494412372728287419e-01
7.495265751635028506e-01
7.496119359516359992e-01
7.496973196617383595e-01
7.497827263183585167e-01
7.498681559460838031e-01
7.499536085695425180e-01
7.500390842134022629e-01
7.501245829023702738e-01
7.502101046611934221e-01
7.502956495146589910e-01
7.503812174875944541e-01
7.504668086048671416e-01
7.505524228913846851e-01
7.506380603720953504e-01
7.507237210719871490e-01
7.508094050160893929e-01
7.508951122294719172e-01
7.509808427372450801e-01
7.510665965645597630e-01
7.511523737366085918e-01
7.512381742786239380e-01
7.513239982158810282e-01
7.514098455736943905e-01
7.514957163774211857e-01
7.515816106524598750e-01
7.516675284242494426e-01
7.517534697182713943e-01
7.518394345600486472e-01
7.519254229751457519e-01
7.520114349891690031e-01
7.520974706277672173e-01
7.521835299166307331e-01
7.522696128814920780e-01
7.523557195481268556e-01
7.524418499423519702e-01
7.525280040900269585e-01
7.526141820170546559e-01
7.527003837493798644e-01
7.527866093129899072e-01
7.528728587339161837e-01
7.529591320382316155e-01
7.530454292520533111e-01
7.531317504015402342e-01
7.532180955128963129e-01
7.533044646123674415e-01
7.533908577262437012e-01
7.534772748808579168e-01
7.535637161025880992e-01
7.536501814178541148e-01
7.537366708531212378e-01
7.538231844348982635e-01
7.539097221897371748e-01
7.539962841442359176e-01
7.540828703250347376e-01
7.541694807588197325e-01
7.542561154723209649e-01
7.543427744923130174e-01
7.544294578456154365e-01
7.545161655590921779e-01
7.546028976596523830e-01
7.546896541742502684e-01
7.547764351298850150e-01
7.548632405536009893e-01
7.549500704724881883e-01
7.550369249136819061e-01
7.551238039043628447e-01
7.552107074717575586e-01
7.552976356431381211e-01
7.553845884458231241e-01
7.554715659071761236e-01
7.555585680546077487e-01
7.556455949155740370e-01
7.557326465175783214e-01
7.558197228881693430e-01
7.559068240549428053e-01
7.559939500455412631e-01
7.560811008876539008e-01
7.561682766090167540e-01
7.562554772374125989e-01
7.563427028006716180e-01
7.564299533266715114e-01
7.565172288433366088e-01
7.566045293786385351e-01
7.566918549605978761e-01
7.567792056172808479e-01
7.568665813768036266e-01
7.569539822673286844e-01
7.570414083170668995e-01
7.571288595542774447e-01
7.572163360072680094e-01
7.573038377043941338e-01
7.573913646740599859e-01
7.574789169447184722e-01
7.575664945448711274e-01
7.576540975030680025e-01
7.577417258479089979e-01
7.578293796080418643e-01
7.579170588121644236e-01
7.580047634890235697e-01
7.580924936674156012e-01
7.581802493761863326e-01
7.582680306442310947e-01
7.583558375004957330e-01
7.584436699739748322e-01
7.585315280937137139e-01
7.586194118888081039e-01
7.587073213884034661e-01
7.587952566216955574e-01
7.588832176179313160e-01
7.589712044064079732e-01
7.590592170164733865e-01
7.591472554775264836e-01
7.592353198190172625e-01
7.593234100704463474e-01
7.594115262613663209e-01
7.594996684213810578e-01
7.595878365801452814e-01
7.596760307673665613e-01
7.597642510128029825e-01
7.598524973462650323e-01
7.599407697976158227e-01
7.600290683967695360e-01
7.601173931736930900e-01
7.602057441584065822e-01
7.602941213809811805e-01
7.603825248715421203e-01
7.604709546602670400e-01
7.605594107773853141e-01
7.606478932531810511e-01
7.607364021179909841e-01
7.608249374022048039e-01
7.609134991362661582e-01
7.610020873506720962e-01
7.610907020759729580e-01
7.611793433427738176e-01
7.612680111817329287e-01
7.613567056235633901e-01
7.614454266990318132e-01
7.615341744389599876e-01
7.616229488742235487e-01
7.617117500357534210e-01
7.618005779545350409e-01
7.618894326616082457e-01
7.619783141880686061e-01
7.620672225650675369e-01
7.621561578238102985e-01
7.622451199955588841e-01
7.623341091116302426e-01
7.624231252033972783e-01
7.625121683022890728e-01
7.626012384397904409e-01
7.626903356474424855e-01
7.627794599568424871e-01
7.628686113996446805e-01
7.629577900075599217e-01
7.630469958123548002e-01
7.631362288458543031e-01
7.632254891399394836e-01
7.633147767265486827e-01
7.634040916376779728e-01
7.634934339053806029e-01
7.635828035617677756e-01
7.636722006390082029e-01
7.637616251693286618e-01
7.638510771850135495e-01
7.639405567184062162e-01
7.640300638019080770e-01
7.641195984679788333e-01
7.642091607491373617e-01
7.642987506779607143e-01
7.643883682870856733e-01
7.644780136092074185e-01
7.645676866770808600e-01
7.646573875235200823e-01
7.647471161813991225e-01
7.648368726836506371e-01
7.649266570632691220e-01
7.650164693533075821e-01
7.651063095868794184e-01
7.651961777971585388e-01
7.652860740173796916e-01
7.653759982808380213e-01
7.654659506208889574e-01
7.655559310709498799e-01
7.656459396644985649e-01
7.657359764350742948e-01
7.658260414162778584e-01
7.659161346417717731e-01
7.660062561452796182e-01
7.660964059605878118e-01
7.661865841215442785e-01
7.662767906620596703e-01
7.663670256161062566e-01
7.664572890177194786e-01
7.665475809009975050e-01
7.666379013001013432e-01
7.667282502492543950e-01
7.668186277827442332e-01
7.669090339349212693e-01
7.669994687401999744e-01
7.670899322330577697e-01
7.671804244480366908e-01
7.672709454197417234e-01
7.673614951828439112e-01
7.674520737720766927e-01
7.675426812222391204e-01
7.676333175681954168e-01
7.677239828448731984e-01
7.678146770872668059e-01
7.679054003304343068e-01
7.679961526095002711e-01
7.680869339596543277e-01
7.681777444161521640e-01
7.682685840143146372e-01
7.683594527895301063e-01
7.684503507772517672e-01
7.685412780129996513e-01
7.686322345323614025e-01
7.687232203709897238e-01
7.688142355646053749e-01
7.689052801489967282e-01
7.689963541600181030e-01
7.690874576335927637e-01
7.691785906057101441e-01
7.692697531124292887e-01
7.693609451898754115e-01
7.694521668742437814e-01
7.695434182017962810e-01
7.696346992088648475e-01
7.697260099318494753e-01
7.698173504072191031e-01
7.699087206715122811e-01
7.700001207613363929e-01
7.700915507133686555e-01
7.701830105643554525e-01
7.702745003511134447e-01
7.703660201105296812e-01
7.704575698795611549e-01
7.705491496952345809e-01
7.706407595946488387e-01
7.707323996149721967e-01
7.708240697934446439e-01
7.709157701673775565e-01
7.710075007741529207e-01
7.710992616512249986e-01
7.711910528361198836e-01
7.712828743664350561e-01
7.713747262798404947e-01
7.714666086140787860e-01
7.715585214069643483e-01
7.716504646963854297e-01
7.717424385203026649e-01
7.718344429167491860e-01
7.719264779238326213e-01
7.720185435797335405e-01
7.721106399227062322e-01
7.722027669910790371e-01
7.722949248232550135e-01
7.723871134577104947e-01
7.724793329329971980e-01
7.725715832877408928e-01
7.726638645606431766e-01
7.727561767904802537e-01
7.728485200161038238e-01
7.729408942764414148e-01
7.730332996104954946e-01
7.731257360573458026e-01
7.732182036561473515e-01
7.733107024461317591e-01
7.734032324666072489e-01
7.734957937569592046e-01
7.735883863566498375e-01
7.736810103052185195e-01
7.737736656422818937e-01
7.738663524075350963e-01
7.739590706407503129e-01
7.740518203817784437e-01
7.741446016705479938e-01
7.742374145470671820e-01
7.743302590514214989e-01
7.744231352237768151e-01
7.745160431043769389e-01
7.746089827335462807e-01
7.747019541516885210e-01
7.747949573992867212e-01
7.748879925169043226e-01
7.749810595451852580e-01
7.750741585248535070e-01
7.751672894967146510e-01
7.752604525016548731e-01
7.753536475806408479e-01
7.754468747747216284e-01
7.755401341250276470e-01
7.756334256727709375e-01
7.757267494592460233e-01
7.758201055258298062e-01
7.759134939139811227e-01
7.760069146652428529e-01
7.761003678212395895e-01
7.761938534236803022e-01
7.762873715143568942e-01
7.763809221351446466e-01
7.764745053280037723e-01
7.765681211349780844e-01
7.766617695981962166e-01
7.767554507598711799e-01
7.768491646623009173e-01
7.769429113478689697e-01
7.770366908590436994e-01
7.771305032383798439e-01
7.772243485285174058e-01
7.773182267721828742e-01
7.774121380121891134e-01
7.775060822914356962e-01
7.776000596529087927e-01
7.776940701396820588e-01
7.777881137949164136e-01
7.778821906618600401e-01
7.779763007838494948e-01
7.780704442043097080e-01
7.781646209667534286e-01
7.782588311147820015e-01
7.783530746920863663e-01
7.784473517424456146e-01
7.785416623097294320e-01
7.786360064378958779e-01
7.787303841709940500e-01
7.788247955531628630e-01
7.789192406286311599e-01
7.790137194417191546e-01
7.791082320368380998e-01
7.792027784584898420e-01
7.792973587512677103e-01
7.793919729598576263e-01
7.794866211290366609e-01
7.795813033036751438e-01
7.796760195287347761e-01
7.797707698492711836e-01
7.798655543104318077e-01
7.799603729574589028e-01
7.800552258356874269e-01
7.801501129905463738e-01
7.802450344675593286e-01
7.803399903123436898e-01
7.804349805706124465e-01
7.805300052881725126e-01
7.806250645109271691e-01
7.807201582848745103e-01
7.808152866561086647e-01
7.809104496708201282e-01
7.810056473752953199e-01
7.811008798159180255e-01
7.811961470391689533e-01
7.812914490916246235e-01
7.813867860199611437e-01
7.814821578709515437e-01
7.815775646914663310e-01
7.816730065284757112e-01
7.817684834290480334e-01
7.818639954403502346e-01
7.819595426096486168e-01
7.820551249843097352e-01
7.821507426117997319e-01
7.822463955396843360e-01
7.823420838156301960e-01
7.824378074874049904e-01
7.825335666028774284e-01
7.826293612100168051e-01
7.827251913568952224e-01
7.828210570916857014e-01
7.829169584626639589e-01
7.830128955182088513e-01
7.831088683068010425e-01
7.832048768770253355e-01
7.833009212775698948e-01
7.833970015572260248e-01
7.834931177648896128e-01
7.835892699495612401e-01
7.836854581603455161e-01
7.837816824464529653e-01
7.838779428571992502e-01
7.839742394420052829e-01
7.840705722503983344e-01
7.841669413320122572e-01
7.842633467365870414e-01
7.843597885139698134e-01
7.844562667141149470e-01
7.845527813870850631e-01
7.846493325830502519e-01
7.847459203522885174e-01
7.848425447451868875e-01
7.849392058122411919e-01
7.850359036040573946e-01
7.851326381713493729e-01
7.852294095649424710e-01
7.853262178357713896e-01
7.854230630348819631e-01
7.855199452134306037e-01
7.856168644226853015e-01
7.857138207140254016e-01
7.858108141389423817e-01
7.859078447490404074e-01
7.860049125960348881e-01
7.861020177317562529e-01
7.861991602081470631e-01
7.862963400772632339e-01
7.863935573912759214e-01
7.864908122024696357e-01
7.865881045632440172e-01
7.866854345261136139e-01
7.867828021437093255e-01
7.868802074687767378e-01
7.869776505541777878e-01
7.870751314528915410e-01
7.871726502180136364e-01
7.872702069027566196e-01
7.873678015604513858e-01
7.874654342445458477e-01
7.875631050086077112e-01
7.876608139063215885e-01
7.877585609914926623e-01
7.878563463180446869e-01
7.879541699400216537e-01
7.880520319115881245e-01
7.881499322870282320e-01
7.882478711207477895e-01
7.883458484672738464e-01
7.884438643812551328e-01
7.885419189174623922e-01
7.886400121307891586e-01
7.887381440762516460e-01
7.888363148089887478e-01
7.889345243842639244e-01
7.890327728574645372e-01
7.891310602841015154e-01
7.892293867198116875e-01
7.893277522203562269e-01
7.894261568416222064e-01
7.895246006396234861e-01
7.896230836704988265e-01
7.897216059905147745e-01
7.898201676560654416e-01
7.899187687236711719e-01
7.900174092499817613e-01
7.901160892917747924e-01
7.902148089059561897e-01
7.903135681495621068e-01
7.904123670797574830e-01
7.905112057538381531e-01
7.906100842292297370e-01
7.907090025634894159e-01
7.908079608143043782e-01
7.909069590394953719e-01
7.910059972970140407e-01
7.911050756449448107e-01
7.912041941415053348e-01
7.913033528450471588e-01
7.914025518140546112e-01
7.915017911071470236e-01
7.916010707830782867e-01
7.917003909007378493e-01
7.917997515191501634e-01
7.918991526974759054e-01
7.919985944950126422e-01
7.920980769711942759e-01
7.921976001855924876e-01
7.922971641979167368e-01
7.923967690680142617e-01
7.924964148558718557e-01
7.925961016216146460e-01
7.926958294255078696e-01
7.927955983279569852e-01
7.928954083895074501e-01
7.929952596708459422e-01
7.930951522328011372e-01
7.931950861363425975e-01
7.932950614425826608e-01
7.933950782127771051e-01
7.934951365083245944e-01
7.935952363907669005e-01
7.936953779217912341e-01
7.937955611632290243e-01
7.938957861770566948e-01
7.939960530253967752e-01
7.940963617705171229e-01
7.941967124748333662e-01
7.942971052009077937e-01
7.943975400114502428e-01
7.944980169693186545e-01
7.945985361375195177e-01
7.946990975792088685e-01
7.947997013576912906e-01
7.949003475364229132e-01
7.950010361790093016e-01
7.951017673492080107e-01
7.952025411109271413e-01
7.953033575282276724e-01
7.954042166653231272e-01
7.955051185865795738e-01
7.956060633565175122e-01
7.957070510398108754e-01
7.958080817012891384e-01
7.959091554059358753e-01
7.960102722188912017e-01
7.961114322054508863e-01
7.962126354310682386e-01
7.963138819613527764e-01
7.964151718620728904e-01
7.965165051991544010e-01
7.966178820386826676e-01
7.967193024469021445e-01
7.968207664902176024e-01
7.969222742351934619e-01
7.970238257485562361e-01
7.971254210971934206e-01
7.972270603481548257e-01
7.973287435686529090e-01
7.974304708260634422e-01
7.975322421879260659e-01
7.976340577219440675e-01
7.977359174959869348e-01
7.978378215780885796e-01
7.979397700364495583e-01
7.980417629394365164e-01
7.981438003555840766e-01
7.982458823535936165e-01
7.983480090023360454e-01
7.984501803708500267e-01
7.985523965283446435e-01
7.986546575441982876e-01
7.987569634879605474e-01
7.988593144293523185e-01
7.989617104382661372e-01
7.990641515847669574e-01
7.991666379390927055e-01
7.992691695716553912e-01
7.993717465530406630e-01
7.994743689540096954e-01
7.995770368454984123e-01
7.996797502986197070e-01
7.997825093846619993e-01
7.998853141750920104e-01
7.999881647415539865e-01
8.000910611558705865e-01
8.001940034900438814e-01
8.002969918162555762e-01
8.004000262068681204e-01
8.005031067344243745e-01
8.006062334716493867e-01
8.007094064914507259e-01
8.008126258669184816e-01
8.009158916713261522e-01
8.010192039781321993e-01
8.011225628609793814e-01
8.012259683936969745e-01
8.013294206502989958e-01
8.014329197049879783e-01
8.015364656321520842e-01
8.016400585063699902e-01
8.017436984024071123e-01
8.018473853952196029e-01
8.019511195599537956e-01
8.020549009719462052e-01
8.021587297067260813e-01
8.022626058400137428e-01
8.023665294477234644e-01
8.024705006059618118e-01
8.025745193910316377e-01
8.026785858794288631e-01
8.027827001478461399e-01
8.028868622731732962e-01
8.029910723324954480e-01
8.030953304030966633e-01
8.031996365624598511e-01
8.033039908882664282e-01
8.034083934583983178e-01
8.035128443509379492e-01
8.036173436441689244e-01
8.037218914165779049e-01
8.038264877468538350e-01
8.039311327138888297e-01
8.040358263967800623e-01
8.041405688748297642e-01
8.042453602275457802e-01
8.043502005346429007e-01
8.044550898760433055e-01
8.045600283318763424e-01
8.046650159824816351e-01
8.047700529084076404e-01
8.048751391904129804e-01
8.049802749094683296e-01
8.050854601467558602e-01
8.051906949836703520e-01
8.052959795018200806e-01
8.054013137830282609e-01
8.055066979093323809e-01
8.056121319629864219e-01
8.057176160264605258e-01
8.058231501824428822e-01
8.059287345138395064e-01
8.060343691037756830e-01
8.061400540355966315e-01
8.062457893928686170e-01
8.063515752593788388e-01
8.064574117191370961e-01
8.065632988563764538e-01
8.066692367555543530e-01
8.067752255013522777e-01
8.068812651786780865e-01
8.069873558726661233e-01
8.070934976686781059e-01
8.071996906523035697e-01
8.073059349093614223e-01
8.074122305259008314e-01
8.075185775882014472e-01
8.076249761827750673e-01
8.077314263963651930e-01
8.078379283159496937e-01
8.079444820287401408e-01
8.080510876221836947e-01
8.081577451839635495e-01
8.082644548019994879e-01
8.083712165644499903e-01
8.084780305597114580e-01
8.085848968764206557e-01
8.086918156034547112e-01
8.087987868299322258e-01
8.089058106452142738e-01
8.090128871389052900e-01
8.091200164008542917e-01
8.092271985211555441e-01
8.093344335901486719e-01
8.094417216984215457e-01
8.095490629368093938e-01
8.096564573963963563e-01
8.097639051685173728e-01
8.098714063447576272e-01
8.099789610169544352e-01
8.100865692771976878e-01
8.101942312178321837e-01
8.103019469314558521e-01
8.104097165109239720e-01
8.105175400493477289e-01
8.106254176400965461e-01
8.107333493767987509e-01
8.108413353533421297e-01
8.109493756638753714e-01
8.110574704028092885e-01
8.111656196648173722e-01
8.112738235448364588e-01
8.113820821380698378e-01
8.114903955399849211e-01
8.115987638463179055e-01
8.117071871530712190e-01
8.118156655565176294e-01
8.119241991531996883e-01
8.120327880399316189e-01
8.121414323137987612e-01
8.122501320721610130e-01
8.123588874126523862e-01
8.124676984331821172e-01
8.125765652319364429e-01
8.126854879073787119e-01
8.127944665582522710e-01
8.129035012835789109e-01
8.130125921826625301e-01
8.131217393550886907e-01
8.132309429007267276e-01
8.133402029197291938e-01
8.134495195125360789e-01
8.135588927798725889e-01
8.136683228227515885e-01
8.137778097424761548e-01
8.138873536406385778e-01
8.139969546191229144e-01
8.141066127801053209e-01
8.142163282260561630e-01
8.143261010597397931e-01
8.144359313842171044e-01
8.145458193028467520e-01
8.146557649192848194e-01
8.147657683374874837e-01
8.148758296617119035e-01
8.149859489965169956e-01
8.150961264467653233e-01
8.152063621176235397e-01
8.153166561145646085e-01
8.154270085433678039e-01
8.155374195101213752e-01
8.156478891212228799e-01
8.157584174833799606e-01
8.158690047036136761e-01
8.159796508892575018e-01
8.160903561479594392e-01
8.162011205876842368e-01
8.163119443167127232e-01
8.164228274436451382e-01
8.165337700774014662e-01
8.166447723272224346e-01
8.167558343026717349e-01
8.168669561136363555e-01
8.169781378703288022e-01
8.170893796832885414e-01
8.172006816633820003e-01
8.173120439218050093e-01
8.174234665700846891e-01
8.175349497200796733e-01
8.176464934839817733e-01
8.177580979743178657e-01
8.178697633039508919e-01
8.179814895860811896e-01
8.180932769342488253e-01
8.182051254623330383e-01
8.183170352845559048e-01
8.184290065154826710e-01
8.185410392700225302e-01
8.186531336634317313e-01
8.187652898113136901e-01
8.188775078296212095e-01
8.189897878346570348e-01
8.191021299430771840e-01
8.192145342718900602e-01
8.193270009384596708e-01
8.194395300605064048e-01
8.195521217561093641e-01
8.196647761437059199e-01
8.197774933420963750e-01
8.198902734704417439e-01
8.200031166482694145e-01
8.201160229954707059e-01
8.202289926323059754e-01
8.203420256794026200e-01
8.204551222577600722e-01
8.205682824887499116e-01
8.206815064941163085e-01
8.207947943959802428e-01
8.209081463168380610e-01
8.210215623795665829e-01
8.211350427074209923e-01
8.212485874240400552e-01
8.213621966534445651e-01
8.214758705200417843e-01
8.215896091486251107e-01
8.217034126643769643e-01
8.218172811928694532e-01
8.219312148600681489e-01
8.220452137923299762e-01
8.221592781164092090e-01
8.222734079594566925e-01
8.223876034490220643e-01
8.225018647130555305e-01
8.226161918799101969e-01
8.227305850783429575e-01
8.228450444375163819e-01
8.229595700870016017e-01
8.230741621567791988e-01
8.231888207772405375e-01
8.233035460791903182e-01
8.234183381938491308e-01
8.235331972528534550e-01
8.236481233882589903e-01
8.237631167325424331e-01
8.238781774186019202e-01
8.239933055797606931e-01
8.241085013497688738e-01
8.242237648628030211e-01
8.243390962534720146e-01
8.244544956568148342e-01
8.245699632083058894e-01
8.246854990438544641e-01
8.248011032998083802e-01
8.249167761129549969e-01
8.250325176205244304e-01
8.251483279601892207e-01
8.252642072700688836e-01
8.253801556887310209e-01
8.254961733551918757e-01
8.256122604089209949e-01
8.257284169898413406e-01
8.258446432383322877e-01
8.259609392952314000e-01
8.260773053018365397e-01
8.261937413999075330e-01
8.263102477316693895e-01
8.264268244398135232e-01
8.265434716675000848e-01
8.266601895583601811e-01
8.267769782564983183e-01
8.268938379064944000e-01
8.270107686534056146e-01
8.271277706427684340e-01
8.272448440206023879e-01
8.273619889334099531e-01
8.274792055281812164e-01
8.275964939523942077e-01
8.277138543540182303e-01
8.278312868815160819e-01
8.279487916838454975e-01
8.280663689104625913e-01
8.281840187113240770e-01
8.283017412368879340e-01
8.284195366381187364e-01
8.285374050664869872e-01
8.286553466739738916e-01
8.287733616130723568e-01
8.288914500367895455e-01
8.290096120986499839e-01
8.291278479526972278e-01
8.292461577534973038e-01
8.293645416561400419e-01
8.294829998162421836e-01
8.296015323899497140e-01
8.297201395339413033e-01
8.298388214054288614e-01
8.299575781621619797e-01
8.300764099624294845e-01
8.301953169650626574e-01
8.303142993294370111e-01
8.304333572154753984e-01
8.305524907836514537e-01
8.306717001949905921e-01
8.307909856110737845e-01
8.309103471940397778e-01
8.310297851065886476e-01
8.311492995119829086e-01
8.312688905740518441e-01
8.313885584571930609e-01
8.315083033263768186e-01
8.316281253471468071e-01
8.317480246856240322e-01
8.318680015085101465e-01
8.319880559830890032e-01
8.321081882772305427e-01
8.322283985593935673e-01
8.323486869986280734e-01
8.324690537645779154e-01
8.325894990274854690e-01
8.327100229581921864e-01
8.328306257281440361e-01
8.329513075093920582e-01
8.330720684745970273e-01
8.331929087970321168e-01
8.333138286505860082e-01
8.334348282097652216e-01
8.335559076496972253e-01
8.336770671461355420e-01
8.337983068754604155e-01
8.339196270146828072e-01
8.340410277414476159e-01
8.341625092340374525e-01
8.342840716713755267e-01
8.344057152330273119e-01
8.345274400992060970e-01
8.346492464507750952e-01
8.347711344692506641e-01
8.348931043368058580e-01
8.350151562362745361e-01
8.351372903511523615e-01
8.352595068656036847e-01
8.353818059644607663e-01
8.355041878332314376e-01
8.356266526580989895e-01
8.357492006259285011e-01
8.358718319242671724e-01
8.359945467413518738e-01
8.361173452661084804e-01
8.362402276881588659e-01
8.363631941978216799e-01
8.364862449861182325e-01
8.366093802447747141e-01
8.367326001662264146e-01
8.368559049436210540e-01
8.369792947708234454e-01
8.371027698424176045e-01
8.372263303537108570e-01
8.373499765007402784e-01
8.374737084802718057e-01
8.375975264898087858e-01
8.377214307275911986e-01
8.378454213926040950e-01
8.379694986845785953e-01
8.380936628039964420e-01
8.382179139520936628e-01
8.383422523308663443e-01
8.384666781430714089e-01
8.385911915922340532e-01
8.387157928826494135e-01
8.388404822193881172e-01
8.389652598082996127e-01
8.390901258560158338e-01
8.392150805699568616e-01
8.393401241583334782e-01
8.394652568301534945e-01
8.395904787952228610e-01
8.397157902641541050e-01
8.398411914483666640e-01
8.399666825600937692e-01
8.400922638123852204e-01
8.402179354191136040e-01
8.403436975949768462e-01
8.404695505555038748e-01
8.405954945170590609e-01
8.407215296968457707e-01
8.408476563129131387e-01
8.409738745841573992e-01
8.411001847303292145e-01
8.412265869720373379e-01
8.413530815307532773e-01
8.414796686288161798e-01
8.416063484894378277e-01
8.417331213367065246e-01
8.418599873955934232e-01
8.419869468919553013e-01
8.421140000525418889e-01
8.422411471049994214e-01
8.423683882778746357e-01
8.424957238006224314e-01
8.426231539036084239e-01
8.427506788181153841e-01
8.428782987763477896e-01
8.430060140114373768e-01
8.431338247574478029e-01
8.432617312493803086e-01
8.433897337231789360e-01
8.435178324157355245e-01
8.436460275648949292e-01
8.437743194094615706e-01
8.439027081892035431e-01
8.440311941448580546e-01
8.441597775181381991e-01
8.442884585517371754e-01
8.444172374893338384e-01
8.445461145756005816e-01
8.446750900562053355e-01
8.448041641778198940e-01
8.449333371881248000e-01
8.450626093358164503e-01
8.451919808706095383e-01
8.453214520432468237e-01
8.454510231055022418e-01
8.455806943101891182e-01
8.457104659111641665e-01
8.458403381633343709e-01
8.459703113226632043e-01
8.461003856461764006e-01
8.462305613919695046e-01
8.463608388192107590e-01
8.464912181881516506e-01
8.466216997601301308e-01
8.467522837975780536e-01
8.468829705640278371e-01
8.470137603241179036e-01
8.471446533436010062e-01
8.472756498893491139e-01
8.474067502293601839e-01
8.475379546327658220e-01
8.476692633698372781e-01
8.478006767119923293e-01
8.479321949318020524e-01
8.480638183029974853e-01
8.481955471004772873e-01
8.483273816003144008e-01
8.484593220797620461e-01
8.485913688172622704e-01
8.487235220924522761e-01
8.488557821861720809e-01
8.489881493804711798e-01
8.491206239586166493e-01
8.492532062050993646e-01
8.493858964056416605e-01
8.495186948472073230e-01
8.496516018180048091e-01
8.497846176074979052e-01
8.499177425064124991e-01
8.500509768067441296e-01
8.501843208017662024e-01
8.503177747860373170e-01
8.504513390554097052e-01
8.505850139070363358e-01
8.507187996393805740e-01
8.508526965522209551e-01
8.509867049466643962e-01
8.511208251251497492e-01
8.512550573914581253e-01
8.513894020507211113e-01
8.515238594094292068e-01
8.516584297754405952e-01
8.517931134579880270e-01
8.519279107676898111e-01
8.520628220165574751e-01
8.521978475180027601e-01
8.523329875868499439e-01
8.524682425393418361e-01
8.526036126931508807e-01
8.527390983673854841e-01
8.528746998826017833e-01
8.530104175608124173e-01
8.531462517254935207e-01
8.532822027015971589e-01
8.534182708155583219e-01
8.535544563953065822e-01
8.536907597702731998e-01
8.538271812714033349e-01
8.539637212311637082e-01
8.541003799835527044e-01
8.542371578641126950e-01
8.543740552099361452e-01
8.545110723596783808e-01
8.546482096535675810e-01
8.547854674334135483e-01
8.549228460426193665e-01
8.550603458261910594e-01
8.551979671307484709e-01
8.553357103045357013e-01
8.554735756974317651e-01
8.556115636609618047e-01
8.557496745483065270e-01
8.558879087143154152e-01
8.560262665155156103e-01
8.561647483101232359e-01
8.563033544580567202e-01
8.564420853209466777e-01
8.565809412621454566e-01
8.567199226467425710e-01
8.568590298415731388e-01
8.569982632152308710e-01
8.571376231380797295e-01
8.572771099822663610e-01
8.574167241217310886e-01
8.575564659322201244e-01
8.576963357912988917e-01
8.578363340783637936e-01
8.579764611746535374e-01
8.581167174632637895e-01
8.582571033291579443e-01
8.583976191591805582e-01
8.585382653420716714e-01
8.586790422684766888e-01
8.588199503309627003e-01
8.589609899240295832e-01
8.591021614441242127e-01
8.592434652896533409e-01
8.593849018609984736e-01
8.595264715605284156e-01
8.596681747926127048e-01
8.598100119636370442e-01
8.599519834820165132e-01
8.600940897582093347e-01
8.602363312047321964e-01
8.603787082361740168e-01
8.605212212692111562e-01
8.606638707226210716e-01
8.608066570172976384e-01
8.609495805762681364e-01
8.610926418247045744e-01
8.612358411899415644e-01
8.613791791014911992e-01
8.615226559910597048e-01
8.616662722925593210e-01
8.618100284421293944e-01
8.619539248781483698e-01
8.620979620412516642e-01
8.622421403743478763e-01
8.623864603226343295e-01
8.625309223336141695e-01
8.626755268571140167e-01
8.628202743452996204e-01
8.629651652526927341e-01
8.631102000361902116e-01
8.632553791550784394e-01
8.634007030710543207e-01
8.635461722482397073e-01
8.636917871532014956e-01
8.638375482549687234e-01
8.639834560250508888e-01
8.641295109374564909e-01
8.642757134687119036e-01
8.644220640978794723e-01
8.645685633065766096e-01
8.647152115789952243e-01
8.648620094019199289e-01
8.650089572647501335e-01
8.651560556595161433e-01
8.653033050809018079e-01
8.654507060262638385e-01
8.655982589956499051e-01
8.657459644918236163e-01
8.658938230202798403e-01
8.660418350892707950e-01
8.661900012098220358e-01
8.663383218957576570e-01
8.664867976637199432e-01
8.666354290331909072e-01
8.667842165265148280e-01
8.669331606689207881e-01
8.670822619885428795e-01
8.672315210164458499e-01
8.673809382866447537e-01
8.675305143361304872e-01
8.676802497048913265e-01
8.678301449359373532e-01
8.679802005753236571e-01
8.681304171721744289e-01
8.682807952787072736e-01
8.684313354502575244e-01
8.685820382453022237e-01
8.687329042254865463e-01
8.688839339556483354e-01
8.690351280038429715e-01
8.691864869413685746e-01
8.693380113427943146e-01
8.694897017859842814e-01
8.696415588521255735e-01
8.697935831257533890e-01
8.699457751947801132e-01
8.700981356505214093e-01
8.702506650877234184e-01
8.704033641045920699e-01
8.705562333028198374e-01
8.707092732876158259e-01
8.708624846677323061e-01
8.710158680554963562e-01
8.711694240668382827e-01
8.713231533213202651e-01
8.714770564421674415e-01
8.716311340562984400e-01
8.717853867943553547e-01
8.719398152907361643e-01
8.720944201836230425e-01
8.722492021150183295e-01
8.724041617307726204e-01
8.725592996806196266e-01
8.727146166182080389e-01
8.728701132011337238e-01
8.730257900909749180e-01
8.731816479533246467e-01
8.733376874578262505e-01
8.734939092782062486e-01
8.736503140923100874e-01
8.738069025821377789e-01
8.739636754338792057e-01
8.741206333379502036e-01
8.742777769890287543e-01
8.744351070860932884e-01
8.745926243324581018e-01
8.747503294358119907e-01
8.749082231082566663e-01
8.750663060663448345e-01
8.752245790311187212e-01
8.753830427281519277e-01
8.755416978875861789e-01
8.757005452441730675e-01
8.758595855373159100e-01
8.760188195111092702e-01
8.761782479143814806e-01
8.763378715007369424e-01
8.764976910285984246e-01
8.766577072612513621e-01
8.768179209668856000e-01
8.769783329186426890e-01
8.771389438946564088e-01
8.772997546781019507e-01
8.774607660572392165e-01
8.776219788254602250e-01
8.777833937813358522e-01
8.779450117286631272e-01
8.781068334765123051e-01
8.782688598392777157e-01
8.784310916367242816e-01
8.785935296940381445e-01
8.787561748418787344e-01
8.789190279164255104e-01
8.790820897594339156e-01
8.792453612182851153e-01
8.794088431460393984e-01
8.795725364014884695e-01
8.797364418492106264e-01
8.799005603596259384e-01
8.800648928090500922e-01
8.802294400797510132e-01
8.803942030600060420e-01
8.805591826441582226e-01
8.807243797326765877e-01
8.808897952322120029e-01
8.810554300556595608e-01
8.812212851222163135e-01
8.813873613574447763e-01
8.815536596933325475e-01
8.817201810683559238e-01
8.818869264275442932e-01
8.820538967225421967e-01
8.822210929116757194e-01
8.823885159600176609e-01
8.825561668394548143e-01
8.827240465287540250e-01
8.828921560136325786e-01
8.830604962868257024e-01
8.832290683481578419e-01
8.833978732046127158e-01
8.835669118704058134e-01
8.837361853670572254e-01
8.839056947234646966e-01
8.840754409759797872e-01
8.842454251684820354e-01
8.844156483524572288e-01
8.845861115870741198e-01
8.847568159392625864e-01
8.849277624837957879e-01
8.850989523033681028e-01
8.852703864886796170e-01
8.854420661385166147e-01
8.856139923598387309e-01
8.857861662678611081e-01
8.859585889861434360e-01
8.861312616466752168e-01
8.863041853899666922e-01
8.864773613651369955e-01
8.866507907300064106e-01
8.868244746511888543e-01
8.869984143041846902e-01
8.871726108734766525e-01
8.873470655526252138e-01
8.875217795443677282e-01
8.876967540607150209e-01
8.878719903230539723e-01
8.880474895622489928e-01
8.882232530187430530e-01
8.883992819426658194e-01
8.885755775939363499e-01
8.887521412423724509e-01
8.889289741678004786e-01
8.891060776601638072e-01
8.892834530196372933e-01
8.894611015567392975e-01
8.896390245924483686e-01
8.898172234583212603e-01
8.899956994966090607e-01
8.901744540603793165e-01
8.903534885136398236e-01
8.905328042314598624e-01
8.907124026000978745e-01
8.908922850171283603e-01
8.910724528915732190e-01
8.912529076440316445e-01
8.914336507068134630e-01
8.916146835240762458e-01
8.917960075519605345e-01
8.919776242587317272e-01
8.921595351249212991e-01
8.923417416434690219e-01
8.925242453198702908e-01
8.927070476723240056e-01
8.928901502318836725e-01
8.930735545426090605e-01
8.932572621617215214e-01
8.934412746597621968e-01
8.936255936207516681e-01
8.938102206423510498e-01
8.939951573360296333e-01
8.941804053272296438e-01
8.943659662555371037e-01
8.945518417748560269e-01
8.947380335535822793e-01
8.949245432747816587e-01
8.951113726363734147e-01
8.952985233513108820e-01
8.954859971477711067e-01
8.956737957693429175e-01
8.958619209752214374e-01
8.960503745404027054e-01
8.962391582558839609e-01
8.964282739288660373e-01
8.966177233829585314e-01
8.968075084583906342e-01
8.969976310122205199e-01
8.971880929185557241e-01
8.973788960687687499e-01
8.975700423717239973e-01
8.977615337540021390e-01
8.979533721601321572e-01
8.981455595528269331e-01
8.983380979132202793e-01
8.985309892411115218e-01
8.987242355552103046e-01
8.989178388933892760e-01
8.991118013129406616e-01
8.993061248908320593e-01
8.995008117239747802e-01
8.996958639294920790e-01
8.998912836449900476e-01
9.000870730288388355e-01
9.002832342604553117e-01
9.004797695405895031e-01
9.006766810916206900e-01
9.008739711578538367e-01
9.010716420058241249e-01
9.012696959246060402e-01
9.014681352261294522e-01
9.016669622454971389e-01
9.018661793413139671e-01
9.020657888960186277e-01
9.022657933162208099e-01
9.024661950330458149e-01
9.026669965024859410e-01
9.028682002057587530e-01
9.030698086496687926e-01
9.032718243669793923e-01
9.034742499167913721e-01
9.036770878849255118e-01
9.038803408843157916e-01
9.040840115554098499e-01
9.042881025665738814e-01
9.044926166145085267e-01
9.046975564246707568e-01
9.049029247517071939e-01
9.051087243798893178e-01
9.053149581235648835e-01
9.055216288276124459e-01
9.057287393679067655e-01
9.059362926517947612e-01
9.061442916185774576e-01
9.063527392400051452e-01
9.065616385207795336e-01
9.067709924990680070e-01
9.069808042470280940e-01
9.071910768713402629e-01
9.074018135137540408e-01
9.076130173516444577e-01
9.078246915985788146e-01
9.080368395048976637e-01
9.082494643583057803e-01
9.084625694844741250e-01
9.086761582476583499e-01
9.088902340513276279e-01
9.091048003388069176e-01
9.093198605939301071e-01
9.095354183417162508e-01
9.097514771490474716e-01
9.099680406253725096e-01
9.101851124234180412e-01
9.104026962399204281e-01
9.106207958163683447e-01
9.108394149397674999e-01
9.110585574434164613e-01
9.112782272077051271e-01
9.114984281609248562e-01
9.117191642801034668e-01
9.119404395918513373e-01
9.121622581732355961e-01
9.123846241526644141e-01
9.126075417107984977e-01
9.128310150814817892e-01
9.130550485526905957e-01
9.132796464675098091e-01
9.135048132251264441e-01
9.137305532818496001e-01
9.139568711521557365e-01
9.141837714097524881e-01
9.144112586886761207e-01
9.146393376844063061e-01
9.148680131550172012e-01
9.150972899223466239e-01
9.153271728731994239e-01
9.155576669605828277e-01
9.157887772049616570e-01
9.160205086955541809e-01
9.162528665916577220e-01
9.164858561240050161e-01
9.167194825961549887e-01
9.169537513859218336e-01
9.171886679468360670e-01
9.174242378096443273e-01
9.176604665838498098e-01
9.178973599592875621e-01
9.181349237077468528e-01
9.183731636846297341e-01
9.186120858306565662e-01
9.188516961736153954e-01
9.190920008301596278e-01
9.193330060076497778e-01
9.195747180060489523e-01
9.198171432198657405e-01
9.200602881401513944e-01
9.203041593565540746e-01
9.205487635594257201e-01
9.207941075419867616e-01
9.210401982025587797e-01
9.212870425468470126e-01
9.215346476902975814e-01
9.217830208605198861e-01
9.220321693997720613e-01
9.222821007675250371e-01
9.225328225430964313e-01
9.227843424283639351e-01
9.230366682505534159e-01
9.232898079651150614e-01
9.235437696586819012e-01
9.237985615521152605e-01
9.240541920036442480e-01
9.243106695120992811e-01
9.245680027202450857e-01
9.248262004182118412e-01
9.250852715470403442e-01
9.253452252023272040e-01
9.256060706379941605e-01
9.258678172701687581e-01
9.261304746811908073e-01
9.263940526237500750e-01
9.266585610251510952e-01
9.269240099917221976e-01
9.271904098133640915e-01
9.274577709682513271e-01
9.277261041276878561e-01
9.279954201611260167e-01
9.282657301413526074e-01
9.285370453498530408e-01
9.288093772823586836e-01
9.290827376545797156e-01
9.293571384081479314e-01
9.296325917167548303e-01
9.299091099925143045e-01
9.301867058925494813e-01
9.304653923258129344e-01
9.307451824601560286e-01
9.310260897296541716e-01
9.313081278421985187e-01
9.315913107873724508e-01
9.318756528446184850e-01
9.321611685917146062e-01
9.324478729135681210e-01
9.327357810113500181e-01
9.330249084119798253e-01
9.333152709779770628e-01
9.336068849177020512e-01
9.338997667960007298e-01
9.341939335452758009e-01
9.344894024770004082e-01
9.347861912937046602e-01
9.350843181014479866e-01
9.353838014228128550e-01
9.356846602104391675e-01
9.359869138611278672e-01
9.362905822305466197e-01
9.365956856485696536e-01
9.369022449352757409e-01
9.372102814176551666e-01
9.375198169470536635e-01
9.378308739173893960e-01
9.381434752841995017e-01
9.384576445845541626e-01
9.387734059578817236e-01
9.390907841677693657e-01
9.394098046247828515e-01
9.397304934103761775e-01
9.400528773019465323e-01
9.403769837990998415e-01
9.407028411512146082e-01
9.410304783863655542e-01
9.413599253417015422e-01
9.416912126953612683e-01
9.420243720000289755e-01
9.423594357182288883e-01
9.426964372594742736e-01
9.430354110193843731e-01
9.433763924209144225e-01
9.437194179578156650e-01
9.440645252404950005e-01
9.444117530444324782e-01
9.447611413613261622e-01
9.451127314531634349e-01
9.454665659094227959e-01
9.458226887076285339e-01
9.461811452775058529e-01
9.465419825689936895e-01
9.469052491244214220e-01
9.472709951551298024e-01
9.476392726229226904e-01
9.480101353266823239e-01
9.483836389945816681e-01
9.487598413823353782e-01
9.491388023779747662e-01
9.495205841136874492e-01
9.499052510853189801e-01
9.502928702801746175e-01
9.506835113138527582e-01
9.510772465768816408e-01
9.514741513920611515e-01
9.518743041834488716e-01
9.522777866580823813e-01
9.526846840016295337e-01
9.530950850892748738e-01
9.535090827133492208e-01
9.539267738293303323e-01
9.543482598220649482e-01
9.547736467942961047e-01
9.552030458798068668e-01
9.556365735837999420e-01
9.560743521534742495e-01
9.565165099821323347e-01
9.569631820505979380e-01
9.574145104102563808e-01
9.578706447125966417e-01
9.583317427908777386e-01
9.587979713002869886e-01
9.592695064239941116e-01
9.597465346535393182e-01
9.602292536533830747e-01
9.607178732209736838e-01
9.612126163555368974e-01
9.617137204510718407e-01
9.622214386316039203e-01
9.627360412500489684e-01
9.632578175758398364e-01
9.637870777012281787e-01
9.643241547019199000e-01
9.648694070947870793e-01
9.654232216441485104e-01
9.659860165790474795e-01
9.665582452975244321e-01
9.671404006512017704e-01
9.677330199252361931e-01
9.683366906568376953e-01
9.689520574716212753e-01
9.695798301642662986e-01
9.702207933120393646e-01
9.708758177922633958e-01
9.715458746859798600e-01
9.722320522013297994e-01
9.729355764591878231e-01
9.736578372762932920e-01
9.744004204979267447e-01
9.751651490361864516e-01
9.759541356625686115e-01
9.767698519518923650e-01
9.776152198617003020e-01
9.784937357525884671e-01
9.794096421086924131e-01
9.803681715035403865e-01
9.813759038452003480e-01
9.824413087009490342e-01
9.835756054173170337e-01
9.847942034395662514e-01
9.861192876745773495e-01
9.875849078168293937e-01
9.892483830778407983e-01
9.912214789473885457e-01
9.937927453858400595e-01
1.000000000000000000e+00
