A,ABEAM,AMIN,BAFFLES,BENMHD,BENMHD_A,BT,CFI_A,CFI_AS,CHIEFF,COND,DELTA,DELTAL,DELTAU,DWMHDMW,DWMHDMWSTD,DWMHDMWSTD_A,DWMHDMW_A,FLUXGAS,FRINGES,GAPOUT,GASTOT,HDR,HDRSTD,HERATE,HETOT,ILH,IP,KAPPA,MDBTSM,MISSION,NEL,NEL20,NEL20STD,NELSTD,NEUTRATE,NNG,PDHEII,PDIV,PDIV150,PECH,PLH,PLMW,PLMWSTD,PMID,PNBI,PNBIMW_A,POHMSMOOTH,POHMSMOOTHMW_A,PRAD,PRADCORE,PRyter,PTOTMW,PTOTMW_A,PTOTMW_ASTD,Q95,Q95STD,RGEO,RMAG,SEEDING,SHOT,SHOTDATE,SHOTYEAR,SPLASMA,THL,TIME,VOL,WMHD,WMHD_A,WMHD_ASTD,WMHD_STD,Z,ZEFF,ZEFF_A,ZGEO,ZMAG,cH,cHe,nRyter
2.0,2.0,0.2251240636991418,0.0,0.8853283919221155,0.8621830849798663,1.414560147867633,0.06706234895392835,1.1193001733120909,1.0246814911645767,1,0.37337477958720666,0.5864997195160907,0.1602498338274334,0.04869617232764765,0.013450749425215697,0.0038261621711511186,0.055037670700000145,5.472580297618059e+20,2.026962924341205,0.03407000885839037,1.278487069413717e+21,0.06854607474664051,0.0026289352217476244,2.8666898776242676e+16,4.800651366759079e+16,1.0,0.17316658216728856,1.6399130251096643,0.02,2.0,3.5490510701665174e+19,0.35490510701665173,0.005153080312118947,5.153080312118947e+17,,0.3266655249049384,0.02979450835538557,0.014451868511334964,0.018174477350098122,0.0,0.27342808161387694,0.31007705079999964,0.01045438847115113,0.000988347273181163,416520.5805755716,0.3764199674999999,107553.85844531778,0.10285272199999998,122001.45721435544,47325.38795471191,0.3279992765373027,0.5050033125588597,0.3651147214999998,0.006628226300000012,4.827992895375128,0.0671929066063401,0.876649524854577,0.8987747171650763,0.0,66444.0,737980.0,2020.0,10.249714975771699,1.3,0.91,1.3661438796831216,8172.708984375001,9080.030448000001,0.0,0.0,1.0,1.3345801938123207,1.3300437500000002,0.007355325247930443,0.007225619300025637,0.06414325083574232,0.02517987939799708,0.3395642165529391
2.0,2.0,0.22845593636686148,0.0,1.2653259961179113,1.2032342513597805,1.4104296517612085,0.06205915011771553,0.12756263824979924,1.1176799364185617,1,0.3745895190672441,0.5760634270581332,0.17311560023914685,0.08156472202591013,0.014813092376580909,0.002933907741859268,0.11039715219999982,1.0830022498585204e+21,3.110781301744282,0.0280728781006552,1.6059068602095103e+21,0.07907410900529112,0.0035832784596137282,2.9509829942851384e+16,4.22875198256354e+16,1.0,0.1750516022232587,1.5878859975121238,0.02,2.0,5.379575451381352e+19,0.5379575451381352,0.031925614682804714,3.1925614682804716e+18,,0.5030647517174335,0.045444141653253924,0.056463524412903254,0.07405280631249248,0.0,0.36837243962961486,0.4813607002000001,0.015398316041859275,0.0037566980210275366,697553.3094924028,0.6489021164999998,98018.12831816247,0.09235777689999997,208282.45544433594,73140.9912109375,0.32865277709142593,0.7887057439398196,0.5917578523999999,0.012464408300000007,4.747442722320556,0.0308813795918319,0.8792618323456157,0.9070952886884861,0.0,66445.0,737980.0,2020.0,10.259819680994205,1.27,1.071,1.377648879181255,11707.788751775568,13211.570240000001,0.0,0.0,1.0,1.3004407247192569,1.2996499600000002,0.007137115706096995,0.005984490779651836,0.07326938764571514,0.025123617982385577,0.3339153480615446
2.0,2.0,0.22765704583037982,0.0,1.2258164622468082,1.2186662335212413,1.4139465112887575,0.05482368005571486,-0.6568479194547686,1.6350121933246444,1,0.3657871742140163,0.5504527660933406,0.18112158504399384,0.08832902700975154,0.01519517655471304,0.0027526864605673836,0.0478781219999998,2.894938050000977e+20,3.4786328703630707,0.030190035083077067,2.5016411000973044e+21,0.19758932719724764,0.021658214951449553,1.810504513395276e+16,5.1798909083611064e+16,1.0,0.17254585890858207,1.5585754188624297,0.02,2.0,6.049757473300461e+19,0.6049757473300461,0.015711578150629284,1.5711578150629284e+18,,0.5717012068134387,0.0712254027969512,0.13268764223691318,0.1405207599944374,0.0,0.3945632743465842,0.70790774255,0.02063618261056734,0.006736554905908798,916281.0213040198,0.8679536479999999,91773.93084165681,0.08149542704999999,278180.60302734375,92399.05548095703,0.3278583734779157,1.0375435769230257,0.7557858645499997,0.017883496149999956,4.590735457160256,0.020744830697299214,0.8779737637801603,0.9044249951839446,0.0,66445.0,737980.0,2020.0,10.066920974037862,2.02,1.948,1.3369485627521167,10893.381880326704,13090.456799999998,0.0,0.0,1.0,1.1584033611748545,1.1517267249999998,0.0035170452161268754,0.0024371151068655968,0.1647184574515285,0.025216077307492247,0.33417747067291
2.0,2.0,0.22497130117633124,0.0,0.854300236275134,0.8491363129553435,1.4145409786866232,0.05654685943630841,0.030376328503156608,1.2729932651654916,1,0.36906115033409814,0.5866747552698308,0.15144754472103986,0.02073132543246948,0.006583437096965663,0.0027532394175179657,-0.006497878999999964,4.629605672594743e+19,2.090791050402913,0.03424915474111374,9.435176662266874e+20,0.06488616391108509,0.0031095879404581966,6461307764230086.0,2.9838194719046972e+16,1.0,0.17237339458955228,1.6331507834521204,0.02,2.0,3.672378640623867e+19,0.36723786406238673,0.005143899605192738,5.1438996051927386e+17,,0.33933281351058114,0.030633504168272516,0.014766323653117443,0.0180507003424835,0.0,0.2793690645480604,0.35395264599999987,0.003027101317517971,0.0019676143812298002,338682.4529459482,0.3112022984999999,120687.92396070795,0.10209744199999998,130376.73950195312,49093.31130981445,0.3276043516944705,0.457098560695643,0.3474547669999999,0.0002738619000000053,4.791030406951905,0.06249830661318261,0.876647812398997,0.8981625627387655,0.0,66448.0,737980.0,2020.0,10.21609033237804,1.3,0.874,1.3588985313068738,7845.645108309661,8320.481941,0.0,0.0,1.0,1.1694185254465552,1.1770678449999994,0.005717773329127918,0.006173812180350069,0.06092449661053733,0.024992384707004805,0.33934230030837836
2.0,2.0,0.22465966912833124,0.0,0.8730683776447129,0.8664233779260528,1.4161012586558164,0.05176694625613109,-0.48027338183275436,1.1854921814775217,1,0.37549573860385194,0.5892688279802148,0.1617226431315595,0.03521375929914641,0.010945471763452218,0.004391345819303049,0.019027372600000075,3.5732057822450508e+19,2.098349644278642,0.03556179532137774,9.449417593522841e+20,0.06973693171416492,0.00336400024881448,4422292597354696.5,5.311950485640054e+16,1.0,0.17213690259639305,1.6469934528524226,0.02,2.0,3.6303409594320134e+19,0.36303409594320135,0.00448607396004465,4.4860739600446496e+17,,0.33451332455813854,0.02716516600433914,0.014552927185773277,0.017798539330243078,0.0,0.2782236602608063,0.3362392855999999,0.005308123519303003,0.0011991201140069097,343671.636722328,0.31278174099999984,110324.11348199584,0.09960590134999996,123526.35955810547,47210.0830078125,0.32745408286425454,0.47167012589723456,0.3552666582,0.0009167776999999544,4.870132511312311,0.04782503468686308,0.8755931055003948,0.8976168578321284,0.0,66450.0,737980.0,2020.0,10.252007831226695,1.3,0.89,1.3654092062603342,8059.411354758523,8486.503069,0.0,0.0,1.0,1.2565109398183039,1.263253494999999,0.008956848220391705,0.009293623448518865,0.06518147116725358,0.0252284936647466,0.33988789233022926
2.0,2.0,0.22329437326301224,0.0,0.7329865865110339,0.7572830248927558,1.4143088797652266,0.03580081678230088,-0.12485310923719048,0.9793341935426373,1,0.3703108727931976,0.6048639904369009,0.1357577476989139,0.1059086358338452,0.012963300118789576,0.00534893550394365,0.11739036580000106,4.3866187895158086e+20,2.2637988657806996,0.03622973580793891,9.740061927682832e+20,0.07379267237817902,0.004032009584074352,7928145980574668.0,2.8650473891910052e+16,1.0,0.2426864923818408,1.5948191881179805,0.02,2.0,3.96377493579199e+19,0.39637749357919905,0.012808934953512551,1.280893495351255e+18,,0.2559972427172914,0.023875493937215764,0.01975011250335783,0.023181908441031976,0.0,0.28790891976057364,0.3016160989999988,0.009631288103943661,0.0033448023852693316,261881.63524975235,0.24314161949999993,225440.45788854168,0.21915076049999993,103702.70538330078,39668.47610473633,0.3593554977289822,0.4316661813907488,0.41900646479999987,0.004282352600000011,3.182582053271207,0.010703676699491778,0.8764758909290485,0.8912028345194729,0.0,66452.0,737980.0,2020.0,9.95076678015969,1.3,0.814,1.297975485975092,9139.094615589489,8970.389951000001,0.0,0.0,1.0,1.290807436228086,1.2937581500000006,-0.008000324395569887,-0.006453618724745783,0.06870842320575174,0.02497907771691255,0.38500110792720427
2.0,2.0,0.22331973639401517,0.0,0.8327221203848303,0.7877718512494203,1.4153437718231967,0.03614370360097071,-0.6828487122684302,1.179796701561749,1,0.36882703548127954,0.5933257178826765,0.14432836527174167,0.1373462091183295,0.011093887362294629,0.0047814809138457745,0.07531168939999999,3.135905188835127e+20,2.8298535626963703,0.03599231967059038,1.3304981396992615e+21,0.2546366939306232,0.1946853369920077,2.0917753001617196e+16,3.816612822064698e+16,1.0,0.24252881716417915,1.5869534124027596,0.02,2.0,6.841349891827931e+19,0.684134989182793,0.01988602883679135,1.9886028836791352e+18,,0.4416366271274763,0.037383161869873664,0.04243085122493223,0.04362906003383101,0.0,0.4263783911454198,0.42479824249999987,0.006809909413845842,0.008125774292384666,384429.58626932563,0.3504381129999999,216228.8974457706,0.2242319909999999,136322.54028320312,46304.26788330078,0.3597230462060701,0.5990207724123815,0.5001099318999999,0.002028428500000068,3.1850122430107812,0.01120830513065834,0.8766716230999337,0.8928100087425926,0.0,66452.0,737980.0,2020.0,9.94156468998302,2.02,1.651,1.2980591221289202,10325.46906072443,10498.865472000001,0.0,0.0,1.0,1.3064764695591966,1.3058941399999995,-0.007951930165290833,-0.006525650154799223,0.18553608558388285,0.025081648883389967,0.3850659932926005
2.0,2.0,0.22308614443648944,0.0,0.8355760610202211,0.8300338410980072,1.4153398087164106,0.047489786840206945,0.9869566833966821,0.8152216025829477,1,0.36692246117375116,0.5988413935357874,0.1350035342303189,0.10690975633103246,0.01744473777831403,0.006267562919850554,0.1011909945999998,3.198029772993424e+20,2.2973926163394927,0.036914690711281416,1.0554667616378042e+21,0.0751528228866598,0.0030808940445724528,2.832295650110075e+16,3.150760863787635e+16,1.0,0.24396128210509951,1.5918932502919978,0.02,2.0,4.060346491909739e+19,0.40603464919097393,0.007004864096604712,7.004864096604712e+17,,0.26055688054068343,0.026528327052391908,0.020879852267775303,0.022586062131710365,0.0,0.2924621101932902,0.3159054998000001,0.014867390319850536,0.0032585512734090876,329207.72745756607,0.3099596694999999,210095.4382622671,0.20121310099999995,115155.32684326172,41402.63366699219,0.3599614359615265,0.504784048162704,0.4170964943999999,0.008599827399999982,3.1646406650543213,0.01235975468484104,0.875997468829155,0.8918696154247628,0.0,66456.0,737980.0,2020.0,9.927257321097633,1.3,0.868,1.2937948595393787,10430.333362926136,11266.531807,0.0,0.0,1.0,1.2406604775356247,1.2440249150000005,-0.007437705316326836,-0.005872274738397787,0.06989203132257508,0.025010823174541338,0.3862637297511388
2.0,2.0,0.22478029131889343,0.0,0.9731203561239041,0.9946414232113358,1.4144344763466037,0.023656125231021074,-0.388745059447581,0.9851348446508547,1,0.36397147855975415,0.5893768126314336,0.13856615261598065,0.09209672880965385,0.007143843878224856,0.0007098876700308565,0.08135273509999988,1.1020895605517881e+21,3.1536133337067436,0.03468068153207942,1.4447538926547472e+21,0.08223344976406873,0.0033608806588613367,1.9248254288511484e+16,4.186768209458261e+16,1.0,0.236681461909204,1.5856060385704038,0.02,2.0,5.472699261144342e+19,0.5472699261144341,0.011748451774176525,1.1748451774176525e+18,,0.3668671766222284,0.03474938526415158,0.032275966762883024,0.04122581139571291,0.0,0.3648966793703586,0.38900761120000005,0.0025529629700308254,0.002118071990094542,325962.20957381884,0.3138978924999999,210325.49218838612,0.19478072899999996,149280.57861328125,53072.73864746094,0.3568082537120305,0.5531068982477293,0.47036034629999995,0.0018430752999999689,3.3264343413439663,0.008851564762797238,0.8765233348716389,0.8947389478033239,0.0,66460.0,737980.0,2020.0,10.000059387900611,1.08,0.886,1.314594496380199,11905.095259232954,11668.361576,0.0,0.0,1.0,1.1759104466264045,1.1827467749999987,-0.005543844266371293,-0.0045714605049314815,0.07597603505681984,0.025119400694788664,0.3783615729820315
2.0,2.0,0.22556478191505777,0.0,0.7927725570515648,0.7780889270868286,1.4101503828285042,0.04960326117685394,1.005573248822479,0.9506427644708566,1,0.36459072340618476,0.5757313533262772,0.15345009009946475,0.07644325910229728,0.012012768608397577,0.004199442689498199,0.08515267679999988,5.5961976042208415e+20,2.0828125346451998,0.031135321400382197,1.152182008420003e+21,0.08157411485400949,0.0028495597746352793,4535779197490425.0,2.7186557384092664e+16,1.0,0.1737875679415423,1.6265735463662578,0.02,2.0,3.5969894489116574e+19,0.3596989448911657,0.008181532882776713,8.181532882776713e+17,,0.3300455743034332,0.025197784566672748,0.009649242563622104,0.011498894581487819,0.0,0.27758382890690175,0.2532235331,0.016386346889498186,0.0016373916527941692,325736.4453611872,0.2968731134999999,119969.06024691166,0.11654945299999997,98129.1275024414,36561.946868896484,0.328257717089293,0.41528340721788726,0.3383762098999999,0.012186904199999987,4.785836891694501,0.026856866341978283,0.8792501484805888,0.9001448669216848,0.0,66462.0,737980.0,2020.0,10.336460547013719,1.04,0.869,1.3784091093323445,7371.850363991476,8012.4308249999995,0.0,0.0,1.0,1.1539256685784771,1.164595755,-0.0017721280455589297,0.008940554181621834,0.07541524354302999,0.024962446104320298,0.3388267584668434
2.0,2.0,0.22340924089605158,0.0,0.8655585345620856,0.8743885422163069,1.41266809665215,0.04712676480564794,0.10245698808240684,1.163291916710125,1,0.36485590176148847,0.5683659938248722,0.16134580495682632,0.04642314818422127,0.009948656710354855,0.0026301748840280477,0.04515939369999999,2.7250354129619576e+20,2.2784961316501717,0.03480529316988848,1.1170212806685078e+21,0.030768600076252556,0.01890873977881374,3.886871880708481e+17,3.715606515787439e+16,1.0,0.17214522574626867,1.6429885083978826,0.02,2.0,3.901380422156804e+19,0.39013804221568044,0.005181066414065393,5.181066414065393e+17,,0.35644665486605204,0.027363798294267605,0.010066703197853185,0.012040421159846026,0.0,0.2938090486022912,0.3194171617999999,0.0074112212840280085,0.0026180042611404124,337255.9430728212,0.3118234034999999,112511.02694788115,0.10706471349999995,107580.51300048828,37827.65579223633,0.32764752543080083,0.43158739974917565,0.3645765554999999,0.004781046399999961,4.877404668114402,0.05991294328362677,0.8777112256396901,0.8997576778585258,0.0,66464.0,737980.0,2020.0,10.302341894669965,1.08,0.913,1.3650339354168284,7956.647660688919,8127.896392,0.0,0.0,1.0,1.3469627774207946,1.346842664999999,0.0015110657973722978,0.012207777578045021,0.029524771360055428,0.025071159450266063,0.34227986411858824
2.0,2.0,0.2230676101012663,0.0,0.8445021922188073,0.8618915905033939,1.4125707762784818,0.04230583682902861,0.9994646387635217,1.0446339252777794,1,0.36477734690362756,0.5705672637982803,0.15898743068630042,0.044259813520425725,0.010960612918223533,0.0019037285658652335,0.06112727039999979,2.5728654823042066e+20,2.306210975861177,0.03506766197898161,1.0841135976026529e+21,0.053680598800951516,0.01611829012397615,2.7323547999667604e+16,2.91094374707281e+16,1.0,0.17233304656405474,1.6413410305976865,0.02,2.0,3.925080111477931e+19,0.3925080111477931,0.005192294939553809,5.1922949395538086e+17,,0.35621050846117974,0.027193319878598837,0.010258360912799415,0.012371689437797132,0.0,0.29472868589261303,0.2783755686500001,0.014132388515865232,0.002384807615525682,320857.90739027143,0.3109811875,113322.3776329043,0.10923798449999998,110962.75329589844,38877.71987915039,0.3278003787253617,0.4189416321428431,0.3395028390499999,0.012228659949999998,4.854818777604536,0.050457576751266796,0.8778021322055294,0.8993963978507302,0.0,66465.0,737980.0,2020.0,10.28941431912509,1.03,0.906,1.3621582876552234,7800.047230113634,7869.378379,0.0,0.0,1.0,1.2341813608762768,1.253483899999999,-0.0005828514695167543,0.010134945015042005,0.05072237853240282,0.02498423911539748,0.3431144790434981
2.0,2.0,0.2239832657834758,0.0,0.8921834117119453,0.9073784079000115,1.4125900902552395,0.047563804573025,0.23054569361624278,1.1534898897480688,1,0.3695205424142921,0.5858488756677379,0.15319220138632733,0.03879680433772771,0.016913546314893932,0.004408141066884062,0.03221718439999994,3.3453787334971654e+20,2.235244177805725,0.034064706636511656,1.0809496600394151e+21,0.08384008222558802,0.0027937524006809897,1.3902498174835162e+16,2.7801849938358676e+16,1.0,0.17237453661380597,1.6366599228071128,0.02,2.0,3.922960779366064e+19,0.3922960779366064,0.005294715004316978,5.2947150043169786e+17,,0.35935139097282354,0.03000911949231764,0.01557735394576533,0.020277273101431587,0.0,0.292233201659608,0.33341692689999997,0.01084690086688406,0.0023545650820204584,351450.9845840409,0.3469728334999999,112716.5428753757,0.10428710299999999,124138.5231018066,45934.816360473626,0.32773795715168663,0.4764889793865346,0.3656341112999999,0.006438759799999999,4.777199682982072,0.053159170462406334,0.8778391104677449,0.8997330458267875,0.0,66468.0,737980.0,2020.0,10.2008579088294,1.3,0.893,1.3531449670376985,8160.836489470109,8588.099213,0.0,0.0,1.0,1.3101174139517764,1.3323772549999995,0.0029254918513090715,0.003087616427681338,0.07734855496747811,0.02496946840128955,0.3412588018835538
2.0,2.0,0.22462960170662924,0.0,0.8815144788939455,0.9010859721175505,1.4153452887279923,0.0528449236231083,-0.08812171904922914,1.149070142178887,1,0.37420634083125903,0.5883861417355745,0.16002654187057327,0.042773451570131404,0.01638640103700906,0.0037971862120459894,0.030935193200000058,4.329933178615517e+20,2.1453808950609528,0.03504455516649319,1.2192912166469378e+21,0.023971167274317657,0.005306849063287697,2.0508018418247325e+17,5.134757616439351e+16,1.0,0.17183962360074626,1.646730158639991,0.02,2.0,3.7186066985738715e+19,0.37186066985738714,0.00401903517433576,4.01903517433576e+17,,0.34292087725208964,0.028791181587208996,0.014021408143928885,0.01758113799251786,0.0,0.2830802882812503,0.3319894395499999,0.007568202162046001,0.0017886342026071744,344977.3828179623,0.33935351549999987,109800.25206790268,0.10652286549999997,112820.25527954099,42412.35160827635,0.32736038881278323,0.4677533922973061,0.3629246327499999,0.0037710159500000118,4.8743568917979365,0.05762142879406917,0.8761529222778652,0.8983746870704318,0.0,66527.0,737982.0,2020.0,10.256766692451809,1.3,0.894,1.3661436308985173,8127.341414741848,8644.315336999998,0.0,0.0,1.0,1.3871088468576067,1.4067906649999982,0.008688602110613947,0.008956892552542622,0.023383825122268494,0.025211812135377733,0.3397239692102478
2.0,2.0,0.22205715694210743,0.0,0.9878418158676469,0.9971487877919596,1.4155040399882592,0.01755573267883401,0.3444250827278343,0.9141618386096431,1,0.3716591637242924,0.5995032380927694,0.14381509409709411,0.0861455623084669,0.005516007650808189,0.0013703143547386318,0.09391742629999986,6.40202630772104e+20,3.5126465428038496,0.037908245953646474,1.2281227350957852e+21,0.017028641288635432,0.006595015639891912,2.7573621472870856e+16,5.0845925724646904e+16,1.0,0.24675242513992546,1.6133796193382954,0.02,2.0,6.036129132296892e+19,0.6036129132296891,0.013090555233609937,1.3090555233609938e+18,,0.37874871372373986,0.03382096657312436,0.034277692066124084,0.04361137480756149,0.0,0.3911851919316508,0.37847412450000006,0.01685714975473867,0.0019333045472608985,305898.96705108706,0.30402859699999996,237405.86899992448,0.22122279499999997,157541.56494140625,52327.491760253906,0.3612621419130463,0.5352446824337868,0.4723915507999999,0.015486835400000037,3.2069910114461724,0.015526279757272846,0.8760112049904736,0.8935698948123237,0.0,66528.0,737982.0,2020.0,9.983144109899348,1.06,0.856,1.303528466007926,12540.294167258522,12004.140214,0.0,0.0,1.0,1.1573921330973633,1.1695556099999997,-0.004767168651927601,-0.0035446529826995993,0.016702344841878453,0.02520705823328932,0.390218840740367
2.0,2.0,0.23678136007352305,0.0,0.9803013410192012,0.9569604643931119,1.4129667323727033,0.11058688509290379,-0.27749767157519123,2.2910057083053754,1,0.35717099092223425,0.5118281868371096,0.2025137983939864,-0.0696716819584369,0.0476887078824101,0.004064953611295908,-0.013008876000000074,4.1122851902976924e+20,2.2616992563707745,0.020408874945206972,2.376093388461754e+21,0.11818619300395711,0.014375804234380559,4.779417332850175e+16,5.495480603680094e+16,0.0,0.11211614431747512,1.5364905433221296,0.02,2.0,3.731731113200002e+19,0.3731731113200002,0.0034396089461544693,3.439608946154469e+17,,0.5855273226119271,0.0804007743817493,0.05244146546987062,0.05975874923648092,0.0,0.2874520998910812,0.62513032935,0.010591841761295873,0.006342141550919857,872002.6485311514,0.825651964,83034.3862030268,0.03714128884999999,252464.95056152344,94434.94415283203,0.2909178784934114,0.7837112436051793,0.6121214533499999,0.006526888149999965,7.279103149067271,0.04305646634664877,0.878559723496437,0.9115294543179598,0.0,66530.0,737982.0,2020.0,10.412160656668922,2.02,1.99,1.437139240178195,5805.718683416192,8917.63919,0.0,0.0,1.0,1.124942304522219,1.144973979999999,0.014918808232654223,0.01422776954925873,0.10554860705097219,0.025245596735119745,0.2736568914512012
2.0,2.0,0.22164429182356052,0.0,0.9350047380831444,0.9199704060974228,1.4182833547092333,0.042365718459878264,0.47628763108478217,0.7961706227941729,1,0.3689473935148932,0.5960748520764436,0.1418199315667152,0.076606157165364,0.01057757360171402,0.001880124828478609,0.07257938539999992,9.767673566805545e+18,2.3435840233578342,0.03983090756156218,9.395924928530509e+20,0.022452284949683383,0.004021005719959133,1.0518493014819392e+17,3.076306951638701e+16,1.0,0.24180147613495026,1.596497226845134,0.02,2.0,4.19891680880956e+19,0.41989168088095596,0.008474233918224747,8.474233918224748e+17,,0.2683095332535952,0.024532536951825938,0.020048214336258488,0.020428245104516306,0.0,0.29830095449375427,0.3303351800999999,0.00847248022847858,0.0017341483269161695,326921.1164522904,0.30337136149999994,187120.3004170232,0.17307623999999994,121500.32251531426,45118.37074973366,0.35941909725277454,0.5027056481934101,0.4029145654999998,0.006592355399999972,3.18611979484558,0.034852360955029874,0.8745125166394493,0.8913982239636508,0.0,66536.0,737982.0,2020.0,9.863503326069225,1.31,0.863,1.278198258443312,11539.03240411932,11917.14589,0.0,0.0,1.0,1.3339513006824855,1.3232355899999995,-0.005649839612570676,-0.004113707511516458,0.02194411864151626,0.02500263698456018,0.388720293473416
1.0,1.0,0.2276931560557822,0.0,0.8502922200218133,0.8345722354424159,1.4351768875503255,0.11548728372812676,-0.9388914846282617,1.9491992893255068,1,0.3721011034820391,0.5729349877523339,0.17126722180325052,0.056804245182681665,0.010412099675308747,0.005769342028642302,0.08925908500000006,2.4459767599020458e+20,2.1298437854275103,0.031332103190214636,9.832142769916515e+20,3.8059891241827266,0.5679023651661183,1.6463295154695606e+16,5.491188410058078e+16,1.0,0.1721748944340796,1.6117743720179023,0.02,1.0,3.6133607870139183e+19,0.36133607870139184,0.00861150567945045,8.61150567945045e+17,,0.34235351308579703,0.037683561271707834,0.04311536804168657,0.044692443591221084,0.0,0.2803847996547617,0.6534431989999996,0.03508916222864226,0.004139455363714957,970746.0716873929,0.8721712624999997,91949.34857325259,0.07919871449999998,205967.0486450195,69106.91833496092,0.3332290190126296,1.064686719385593,0.7427022839999996,0.029319820199999957,4.895737606546152,0.025041812647465543,0.8767768222352734,0.8988205038982889,0.0,67986.0,738085.0,2020.0,10.256466119185738,2.5,1.21,1.3766048732011216,7893.332073709239,10245.02748,0.0,0.0,1.0,1.1672542283513043,1.164837265000001,0.007092528369115748,0.006875417903875526,0.7888123203718117,0.02524519872433832,0.33677690682540495
1.0,1.0,0.2214405062523755,0.0,0.8861390928002928,0.8590040933115015,1.4381593111341768,0.06949135991693339,-0.6356708999927457,1.4052484939048346,1,0.3705668896436691,0.5982670783996582,0.14286669953302902,0.08864488756220737,0.011708058931526039,0.0023954873919272424,0.06894253690000006,6.831386548760927e+17,2.453183634555898,0.03980354902961027,8.188932078514152e+20,3.765161596458026,0.16995194213824893,1.5605674780775912e+16,3.64698656520858e+16,1.0,0.24151009102922885,1.6017896858128633,0.02,1.0,4.3234247960942985e+19,0.43234247960942984,0.012528617566086218,1.2528617566086218e+18,,0.27603249097354166,0.02246475052801664,0.034793460913928306,0.03752914408261207,0.0,0.30886528618098935,0.5774385175999998,0.01712827889192725,0.002557385798170861,630559.2970313181,0.5747397529999998,168265.0586433071,0.16560616999999994,150070.78552246094,49934.783935546875,0.36576521766891035,0.8085649697146653,0.6463810544999998,0.014732791500000009,3.266126892783425,0.02129882909097826,0.8747518753463571,0.8913458667018196,0.0,67988.0,738085.0,2020.0,9.891134175387295,2.5,1.046,1.284027722748843,11067.827237215908,11812.395900000001,0.0,0.0,1.0,1.1116595643489209,1.1040072199999993,-0.006538759578358043,-0.0051983476388903155,0.7898843770616185,0.025063984499038537,0.3924580922524368
1.0,1.0,0.22193359244953498,0.0,0.8680387749325921,0.8949802859188558,1.438843677446006,0.0605956805231215,-0.5724617526077039,1.4677415006802286,1,0.3740494671193036,0.5992369787259535,0.1488619555126537,0.11682490434701658,0.019307836873640013,0.001964462659812878,0.1312374779999999,1.5732481808673355e+20,2.5392676203628066,0.039552402149547125,9.999870667656773e+20,2.984018863147942,0.12493567588907907,3.6318210420331656e+16,5.179045708888586e+16,1.0,0.2420985184235075,1.6059790578755466,0.02,1.0,4.458321666879277e+19,0.4458321666879277,0.014810307497391678,1.4810307497391677e+18,,0.2846512310338167,0.024338401574022426,0.04172111866586296,0.0425310030096915,0.0,0.3169697605797882,0.570794322,0.025666600659812917,0.0028440658670556987,665020.0378997821,0.6229935034999997,172049.69555556547,0.17356387249999997,158287.13989257812,51529.31594848633,0.3660156199022822,0.8276737725204396,0.7020317999999999,0.02370213800000004,3.286790988662026,0.010760082186097659,0.8744918758218938,0.8909751529043373,0.0,67989.0,738085.0,2020.0,9.926963849501176,2.5,1.053,1.2926115772940896,10949.297185724432,11238.40592,0.0,0.0,1.0,1.2113823888245927,1.2253234499999999,-0.004822470925071022,-0.003478556665041568,0.7487574034173484,0.025215997537416497,0.3916742388317238
1.0,1.0,0.22177612510594452,0.0,0.8125186724157765,0.8267262179794079,1.4371132493331233,0.05249542301836084,-0.27402648903975996,1.8047887310542214,1,0.3705974641171368,0.5951958759264512,0.14599904214793988,0.08607169020767677,0.021838387139559358,0.0029673237058710465,0.13912195499999983,6.818848053089548e+19,3.046533253800589,0.038277361262928244,1.3037181025993818e+21,5.767081657610284,0.9882636343168129,3.956942420433235e+16,7.0586344052498376e+16,1.0,0.24118398958333337,1.5893818031657825,0.02,1.0,5.353345898614759e+19,0.5353345898614759,0.012055575889979152,1.2055575889979151e+18,,0.34288225672598605,0.03911679157648283,0.09571061135472331,0.08959986646968732,0.0,0.3592460885650826,0.7416850730000002,0.02812837970587106,0.0037758779500228533,855244.9381790449,0.8052036794999997,198000.21594166305,0.19543027,233357.7423095703,72349.02954101562,0.3659049132946462,1.04233187391956,0.880807028,0.025161056000000015,3.217999837615273,0.008724261958325024,0.8759395127946679,0.8917575559832831,0.0,67989.0,738085.0,2020.0,9.868424502286045,2.5,1.905,1.2791626019911333,10031.14044744318,11813.698691,0.0,0.0,1.0,1.2241360562410557,1.2253889349999998,-0.009380959651686928,-0.008187489266591994,0.8488315389054057,0.025385002664393704,0.3915124852816415
1.0,1.0,0.22240749814293598,0.0,0.8251560319560685,0.851158790013015,1.4361993497643397,0.05544781271127419,-0.74371538107251,1.9624289698976305,1,0.3723314783789895,0.5991020283915779,0.1455609331076795,0.09179308746260254,0.02733526397870555,0.006487507417820913,0.07066486359999992,4.6331565788545915e+20,2.760986374050844,0.03763723447106091,1.103653823530954e+21,4.389435018153988,0.06593677799610617,1.372731667547108e+16,6.566178286363599e+16,1.0,0.2416031578824627,1.5954627069559961,0.02,1.0,4.740446314879575e+19,0.4740446314879575,0.010756326380027145,1.0756326380027145e+18,,0.3053493174198941,0.03443737668535527,0.06180024093954802,0.06479940661076049,0.0,0.3304246543136325,0.7548280758999998,0.007963533917820974,0.0033539383544175174,785630.2101831959,0.7464776839999996,194253.2215367942,0.18110187299999994,181870.4376220703,60902.75955200195,0.3657044559412133,0.9585298088235342,0.8254929394999997,0.0014760265000000605,3.259223266081376,0.010342575619874105,0.8759433627128601,0.8917740637605841,0.0,67990.0,738085.0,2020.0,9.914989818226205,2.5,1.112,1.2902944521470505,10287.52823153409,11132.689108999999,0.0,0.0,1.0,1.112789526311035,1.1138507399999993,-0.006967192346399481,-0.006045625248754566,0.814423827166039,0.02534218917643838,0.3900899335020052
1.0,1.0,0.2218459080094877,0.0,0.7849655856302374,0.7861863050012806,1.4379413295279333,0.05080313806251742,-0.1360024746126397,2.0750681245396256,1,0.37171573742576275,0.5956632702246957,0.1477682136971018,0.08683525519966107,0.024195214021813186,0.005060986661940346,0.09409203710000003,3.399875247592045e+19,3.1195996612659656,0.03861808167333178,1.3514784086284074e+21,5.21196579104975,0.45533928134507623,3.3681479458358214e+17,9.072119730159302e+16,1.0,0.24122961225124379,1.5881318320398745,0.02,1.0,5.431299532330148e+19,0.5431299532330148,0.008323803759105774,8.323803759105774e+17,,0.3488096053862151,0.04189887789184447,0.10858240197099868,0.10152235618373238,0.0,0.3628894525610993,0.8011461528999999,0.027615453661940424,0.004161260678465337,875978.071886373,0.8372036274999997,195727.8403692375,0.19250820549999992,229826.6067504882,72511.80267333983,0.3659485772289115,1.0493496943045373,0.8952381899999999,0.022554467000000078,3.2164132076760996,0.012904294291575904,0.8755206115867782,0.8910349814788157,0.0,67990.0,738085.0,2020.0,9.860249477884045,2.5,1.909,1.277704840121062,9693.20656419837,11098.734219000002,0.0,0.0,1.0,1.1338052327013217,1.133751009999999,-0.009170774532401043,-0.007983754328249588,0.8381064239987304,0.025551562251221575,0.3914363049365044
1.0,1.0,0.22217182679609815,0.0,0.839436927240671,0.8978654361183629,1.435401113699357,0.05543441975168147,-0.6090031083519141,1.5395875498157092,1,0.37162642993710254,0.5998824130405078,0.1433704461563717,0.10638565333432758,0.024979596399128126,0.001114750300325644,0.20448805809999987,2.8659914667099708e+20,2.6308105906355186,0.03732260864431198,9.972630777116015e+20,4.05563736475888,0.2660381068237554,1.026878631106684e+17,7.317901171143909e+16,1.0,0.24216594014303486,1.596015913919969,0.02,1.0,4.571770683213452e+19,0.4571770683213452,0.013836299762679414,1.3836299762679414e+18,,0.2924955933307648,0.028417866999608535,0.05112456485050115,0.058777537208114815,0.0,0.3218489157965735,0.5861086558999999,0.018145415300325644,0.003071815002014705,742198.3343000495,0.7305042404999997,183490.97247389928,0.1718555875,172537.24670410156,55462.36801147461,0.3660163058236153,0.9240096888779076,0.7905967139999998,0.017030665,3.2500633868304165,0.016403963086987546,0.8765014030716637,0.8924743126739154,0.0,67991.0,738085.0,2020.0,9.917462955821643,2.5,1.102,1.2899690812284295,10512.527565696022,11001.235077,0.0,0.0,1.0,1.1454767285956775,1.1428573149999999,-0.008182065730745142,-0.007232141067189247,0.8016204743053563,0.025407181313956594,0.39092264520042636
1.0,1.0,0.22193091565912423,0.0,0.7911474700272796,0.7991981489622548,1.4384343343847419,0.054892185598738014,-0.36670828435369823,2.1490919773557953,1,0.3730914768847552,0.5972913232716647,0.14889162372459064,0.07065177570624272,0.013760110399987226,0.002705380368554375,0.06999089949999976,3.046735598891928e+20,3.101123098458628,0.03867565575512963,1.2388250002357826e+21,5.127960377339263,0.5828142437636432,2.3549097118207e+17,1.0543710992675925e+17,1.0,0.2415131082866916,1.5926818251609802,0.02,1.0,5.392510913868961e+19,0.5392510913868961,0.007427852291383926,7.427852291383926e+17,,0.344983413605718,0.042321213649616024,0.09351631682106465,0.10211491611872449,0.0,0.36181264117917217,0.8407685629999999,0.0036670328685543957,0.0049962594013645625,879728.8004536377,0.8285110159999998,197065.49717057325,0.1921377909999999,236551.01013183594,68241.2109375,0.36612898624140794,1.070037620951036,0.9107594624999997,0.0009616525000000209,3.231558485464616,0.008993755221994044,0.8753721876577895,0.8909816931594501,0.0,67991.0,738085.0,2020.0,9.880352193659002,2.5,1.921,1.2818652120503509,9823.008123224432,11264.429537,0.0,0.0,1.0,1.1414717442574276,1.141561915,-0.007909969172694466,-0.006674244682389226,0.8352809880493884,0.02566628240382843,0.39144681762104394
1.0,1.0,0.2224927084012465,0.0,0.8281052700761411,0.8187273578586073,1.4366420367821569,0.06385529643724178,-0.23154444212576378,1.8065675076042476,1,0.37223544581369916,0.5993180925195868,0.14515279707583512,0.10739940660683985,0.028961508501851037,0.0072330303373157115,0.0724401572999997,2.881760641669298e+20,2.57370121468557,0.03765677937594316,1.0064428446298934e+21,5.520817660675199,0.41890161501359174,8624289103916021.0,6.982851891942357e+16,1.0,0.2421340851212687,1.5957371050661258,0.02,1.0,4.472276955559591e+19,0.4472276955559591,0.009510570353128075,9.510570353128076e+17,,0.287168211767952,0.03044226354091644,0.05266430392909042,0.059790202154057226,0.0,0.3170445888945852,0.7227531687000002,0.008707762337315746,0.0031358793092492836,782898.5696961757,0.7362276144999998,186347.31352299277,0.18030727049999992,157044.5098876953,53418.434143066406,0.3659970136654451,0.9485758368555424,0.7951933259999998,0.0014747320000000341,3.255804213610562,0.015259199777770812,0.8758446709676222,0.8917036896402184,0.0,67992.0,738085.0,2020.0,9.918633981184527,2.5,1.112,1.2913517518477005,10352.146883877842,11588.955202999998,0.0,0.0,1.0,1.128862772220856,1.1258025600000001,-0.006926932795481247,-0.006003209918906742,0.8460026080908611,0.02537847404663191,0.390236330665265
1.0,1.0,0.2220334315841848,0.0,0.793090778720918,0.7800747251728938,1.4380072795785412,0.05708459721604923,-0.06680846794853348,2.3700845296501187,1,0.3728707486932928,0.5962684994394128,0.14947299862449817,0.07664359799920592,0.02008063756487968,0.00503449178496896,0.011765116599999997,2.970374401119918e+20,3.1007031765766437,0.0383067138411781,1.2476028661762742e+21,4.920767575775092,0.26301383202864437,7.113523839989199e+16,9.091038096597542e+16,1.0,0.24163566309079607,1.5909725644371726,0.02,1.0,5.4070253327332e+19,0.54070253327332,0.00971079499640307,9.71079499640307e+17,,0.3472540271929822,0.042005691443612,0.09555196804281631,0.10416996780085552,0.0,0.36240805547842164,0.8813865763999998,0.005692430784968901,0.004750063912269182,880220.9634366772,0.8400866929999997,196144.0187060028,0.17979736599999996,206506.40869140625,64086.98272705078,0.36617529791560527,1.0836394269994953,0.8931516929999999,0.0006579389999999408,3.225228287956931,0.010675258548869053,0.8756379254839637,0.891263866966421,0.0,67992.0,738085.0,2020.0,9.87978982925415,2.5,1.93,1.2819610075517134,9834.428666548296,10713.912057000001,0.0,0.0,1.0,1.0134446849533147,1.0241266549999994,-0.008188389241695404,-0.007151250642809001,0.8307655043705289,0.025553070946726996,0.39124579940897947
1.0,1.0,0.22224981811913574,0.0,0.8703234104486625,0.8741060468549602,1.4376434575763177,0.06371839074868307,-0.7799000898555529,1.5160077937135426,1,0.37258278917182575,0.5975334319201383,0.14763214235956015,0.11022849014733943,0.018972251062940086,0.0012644867659852496,0.1345178373999999,2.917963564857533e+20,2.6110742621822283,0.03849198133295223,1.0085292319102524e+21,4.719264069020598,0.2472121874734485,9413409622865166.0,8.904409682018894e+16,1.0,0.24247315041977616,1.596734642982483,0.02,1.0,4.560360656224426e+19,0.45603606562244264,0.01769514604353342,1.7695146043533417e+18,,0.29114702214763494,0.027740027632152085,0.05347533462793449,0.060725226045301506,0.0,0.3212697903528761,0.6610812645999999,0.009392109765985278,0.0035433082636360178,782469.0501390108,0.7455300579999997,179155.42192786213,0.16701119799999994,168158.38623046875,53153.255462646484,0.3661579755556728,0.9555582419454607,0.7955991019999998,0.008127623000000028,3.254523168910633,0.0069995293874029725,0.8752454722469502,0.8915764174678109,0.0,67993.0,738085.0,2020.0,9.904277671467172,2.5,1.121,1.2883448221466758,10919.522638494316,12606.778962,0.0,0.0,1.0,1.05942987990522,1.0613300950000009,-0.006232792003588243,-0.005452073221518234,0.8248351816891238,0.02553814618709567,0.3910600594119332
1.0,1.0,0.221943666105685,0.0,0.8009646792540028,0.7998449990749511,1.4378176592014515,0.05420214741174037,-0.21718214082548906,2.1361771243589227,1,0.3717138806115027,0.5956716096919517,0.1477561580098194,0.07100402643328538,0.014200461599010334,0.0030791102789922906,0.06891199910000004,3.037073324963661e+20,3.0788672387134284,0.03822992067751667,1.2464360369949067e+21,5.290714672374229,1.215644912829841,2.087045107580641e+16,1.0602961761444854e+17,1.0,0.24160620911069655,1.5891638838726543,0.02,1.0,5.396143457363911e+19,0.5396143457363911,0.011297300750041659,1.1297300750041659e+18,,0.34596169816155053,0.040073963281635955,0.09436743101116547,0.10486082477293653,0.0,0.3615497435322321,0.8361401193999997,0.009468693778992308,0.0046596148523239175,881772.5201885691,0.8453101819999997,197467.1491643748,0.18425115799999997,227817.34466552723,66614.5267486572,0.3662099164220356,1.078967247999239,0.9050521184999997,0.006389583500000018,3.2149760204812754,0.01330976208027964,0.875811693461045,0.8915040467096412,0.0,67993.0,738085.0,2020.0,9.87122568876847,2.5,1.925,1.280064370321191,9934.37313179348,11265.36547,0.0,0.0,1.0,1.0767413065435665,1.0758975749999993,-0.009122718935427461,-0.008090669491692728,0.8352436537648783,0.025670796771607312,0.3914422788384782
1.0,1.0,0.22257051007314163,0.0,0.8865206818070835,0.8505566129288354,1.4385265032497727,0.06983928005696102,0.10910309449783236,1.5924525436055852,1,0.3728261413899334,0.5965249971909956,0.14912728626619684,0.11270514390771622,0.015587533109852739,0.005385653972766448,0.10002566319999998,2.972364885828416e+20,2.5102930105058476,0.03895353802767656,1.1058282774693735e+21,5.976765580447883,0.4869408784443476,4.5432361724565146e+17,3.79741314239789e+17,1.0,0.24296374183768657,1.597897318276492,0.02,1.0,4.408757788675845e+19,0.44087577886758456,0.016796889329415355,1.6796889329415355e+18,,0.28325261472889407,0.025604220250607976,0.04518372930659551,0.050775172368424056,0.0,0.31391652264914377,0.6742501122999999,0.02168550647276655,0.0028219243978902693,783549.9186378699,0.7411518654999999,167136.48377259396,0.16033369199999994,151990.72265625,49868.91174316406,0.3661618937837161,0.9554876487960418,0.7742757754999998,0.0162998525000001,3.2665142579512163,0.016926009655630524,0.8744526085528459,0.8910597237673672,0.0,68000.0,738085.0,2020.0,9.911623477935793,2.5,1.128,1.291117933663455,11157.558061079546,12275.615234,0.0,0.0,1.0,1.0644820215590496,1.0913063099999993,-0.004822450605305758,-0.004107150555765574,0.8559314357543624,0.027334196059135382,0.39057499825093406
1.0,1.0,0.2221296348355033,0.0,0.7826352016481705,0.7940605569964141,1.438217144068118,0.062378170078986495,-0.3403729982876223,2.218980453945659,1,0.37311663817275653,0.5968831316991285,0.14935015141963956,0.08614105156693028,0.021984985770551253,0.0016482486160545283,0.07235270830000001,2.9866080118123974e+20,2.933574267546646,0.03850760316848745,1.344977686473068e+21,9.329648665104033,0.6753786742857459,4.672092793745031e+17,7.346705971458653e+17,1.0,0.2416240209110697,1.5919192921031604,0.02,1.0,5.130111229086652e+19,0.5130111229086652,0.007536873527079388,7.536873527079388e+17,,0.3289336814124145,0.03896512024843315,0.07885686588147682,0.08885432324951015,0.0,0.34915756158353883,0.8223386891999998,0.002517424116054403,0.0034436364753648104,880877.1712813053,0.8309316389999997,188007.27349508213,0.18448085349999999,187367.3095703125,56329.9446105957,0.3660660360053344,1.0787235225380012,0.8946913974999997,0.0008691754999998746,3.232432647184892,0.008256675190599532,0.8753484243696388,0.8909063962372866,0.0,68000.0,738085.0,2020.0,9.884913964705033,2.5,1.931,1.2833780483766035,9735.191273082384,10687.729712,0.0,0.0,1.0,1.1407511926496037,1.12835223,-0.008092360740358179,-0.007058072962205518,0.9027706391061525,0.028987959700714615,0.39099431754181496
1.0,1.0,0.22249203661213748,0.0,0.8558171196346906,0.8858727230087478,1.436601121918814,0.07066314245072278,-0.26859735841732574,1.7609439039110115,1,0.37230031386665674,0.5977180289185566,0.1468825858572255,0.10695094165012516,0.02817225311569942,0.0033944923204559385,0.13325434020000002,2.9232243513814096e+20,2.62829105934361,0.037656508445739645,1.0527152239209906e+21,5.128115367033012,0.4753518698718271,8.405019984144953e+19,2.9015095343106028e+19,1.0,0.24218381156716418,1.5944233251654585,0.02,1.0,4.606839081257307e+19,0.46068390812573073,0.01339601558632843,1.339601558632843e+18,,0.2964027715744238,0.030199748915992496,0.05713788291822116,0.06536814022500134,0.0,0.32362207028925727,0.7119746347999998,0.004666532320455968,0.003235391960879553,869607.4674468235,0.8265664894999997,175006.56991287248,0.16525474299999995,182775.00915527338,58140.68603515623,0.36600095687229023,1.0228389874051131,0.8452289749999998,0.0012720400000000298,3.253926525945249,0.00787690138418654,0.8758384455805239,0.8919825527978981,1.0,68001.0,738085.0,2020.0,9.910331726074219,2.5,1.159,1.2896783611048823,10699.330799932066,11706.489847,0.0,0.0,1.0,1.0979887650617965,1.099692304999999,-0.006716068024220675,-0.006204501523271851,0.835883703931568,0.08311870595052526,0.3902571671891764
1.0,1.0,0.22144445635023566,0.0,0.7695135221495261,0.768108251938467,1.4376698738628073,0.08486167921345354,1.1397960558648779,2.706050849495854,1,0.3710020723797025,0.5957955945105778,0.14620854599135258,-0.0010768399306893427,0.0008455248331341794,0.002009676693598681,-0.0010034319999997533,3.0815361427006115e+20,3.157392630644608,0.03876768094017381,1.3124427680505463e+21,5.509630585964057,0.3741948301257918,2.6525534959107944e+19,6.757654289121793e+19,0.0,0.24069543484375003,1.5872792119071593,0.02,1.0,5.52914230302304e+19,0.552914230302304,0.0055043045014747235,5.504304501474723e+17,,0.3540168157487246,0.05015523932026698,0.12051233437156635,0.08315358078575104,0.0,0.3670511963350719,1.0255339414999995,0.008531336193598624,0.004917556061663187,969686.5014108492,0.9001972299999997,219461.50611810456,0.28224053599999993,273027.9235839844,74605.14068603516,0.36584116125696653,1.196380037876752,1.0245305094999997,0.006521659499999943,3.20706838653201,0.009727188750989466,0.8757853649911422,0.891145254884447,1.0,68001.0,738085.0,2020.0,9.84661243075416,2.5,2.03,1.27388588587443,9443.887323288685,10857.318539999998,0.0,0.0,1.0,2.2609061967360256,2.142018390000001,-0.010577584306399025,-0.009110729099206977,0.8458805472436748,0.13042489430750273,0.3921004794375999
1.0,1.0,0.22283031046390528,0.0,0.8718320757433867,0.8829361503965885,1.438486446364041,0.06383445087032531,-0.6284226679461874,1.76753450569422,1,0.3738732270219109,0.5968690189448269,0.1508774391629479,0.11115415898121185,0.015093845626678067,0.002712514274325537,0.09123896319999997,1.92888770404128e+20,2.6434082470950666,0.038343256907029485,9.586850848253375e+20,6.699079055942331,1.2732104183958832,1.6229527703640336e+20,4.328684202746152e+19,1.0,0.24286075435323387,1.598729897629131,0.02,1.0,4.611308818860545e+19,0.4611308818860545,0.01778474453170558,1.778474453170558e+18,,0.29710364095554803,0.026522698337919412,0.054432316487686476,0.0616977040227816,0.0,0.32481192226898725,0.7052126697999999,0.003843357274325474,0.0030560219285694647,782499.6125440757,0.7336610909999998,174963.57192264116,0.16667326649999994,152073.9288330078,49494.33135986328,0.3662560492739603,0.9654465360983788,0.7964516329999998,0.001130842999999937,3.2743292613462964,0.012186076132684373,0.8747862428426741,0.8912605534900319,1.0,68002.0,738085.0,2020.0,9.930621233853428,2.5,1.13,1.295316148887981,11008.066761363634,11596.470647,0.0,0.0,1.0,1.0541385212989123,1.0565464300000003,-0.004147362979975614,-0.003453102928522805,0.866386681102958,0.10205620257976508,0.38995692320905273
1.0,1.0,0.2221061275763945,0.0,0.7773988484154231,0.7759780938282459,1.4379126290185673,0.05516370805153461,0.1525141669591694,2.3565578149720556,1,0.3728494942188263,0.5963304584676569,0.14936852590604263,0.07074929231930677,0.0146157521955837,0.0022314113500018287,0.025424897299999836,1.9759927385380648e+20,3.0654297384899105,0.03827852084419934,1.1161251879011265e+21,5.432718397191448,0.19343103724133828,1.613771205023225e+20,1.10208342014675e+20,1.0,0.24154459483830854,1.5894188013943757,0.02,1.0,5.3347266917569905e+19,0.533472669175699,0.009545620770649563,9.545620770649563e+17,,0.342285801833155,0.041045350645378405,0.0942897984441683,0.10484135721121465,0.0,0.35878537715643133,0.8654308417,0.006041425350001801,0.004919337104445476,879691.0551365874,0.8277064284999995,196479.55693301585,0.17766867199999997,198475.2960205078,59081.7756652832,0.36607361902465496,1.0851471104672985,0.8908557389999998,0.0038100139999999727,3.2204161232168023,0.018172196032444562,0.8755928264422851,0.8910676836967467,1.0,68002.0,738085.0,2020.0,9.87662111629139,2.5,1.93,1.281472991813313,9657.481534090908,10583.172455000002,0.0,0.0,1.0,0.977490905197111,0.9886985859999989,-0.008773690597577528,-0.007734058742326769,0.8443964818964301,0.17366603754209411,0.39099880260360836
1.0,1.0,0.2226401204648225,0.0,0.8569404078676476,0.8621533875681543,1.4377431523599542,0.06911006164750912,-0.5335528578077032,1.759578942577781,1,0.37277586563773774,0.5974771613660066,0.14807457703611124,0.11200753955971474,0.02237938250151886,0.005347413749374266,0.10002943149999997,8.571854552284271e+19,2.60015629325062,0.03819593048095693,9.07460461743287e+20,5.3729290383300565,0.6612989304829354,4.197883942833545e+20,9.602923822967947e+19,1.0,0.24225042000932842,1.5972449935000876,0.02,1.0,4.537027760950349e+19,0.4537027760950349,0.014512418760523558,1.4512418760523558e+18,,0.2918298029253166,0.02784326583963918,0.055197721235342306,0.06322261254371815,0.0,0.32062332576623487,0.6908777804999998,0.006480477749374228,0.003442555649504251,783602.0370934232,0.7368846869999995,178427.03776815475,0.17042403099999995,170825.698852539,54601.0112762451,0.36598935594033255,0.9628485441877797,0.7909072119999998,0.0011330639999999614,3.2679524318031645,0.013618584454653512,0.8751393815745476,0.8914202062979989,1.0,68003.0,738085.0,2020.0,9.921399323836617,2.5,1.126,1.292794891025709,10758.610436480978,11390.75721,0.0,0.0,1.0,1.10431977357985,1.1051531500000011,-0.00533636950928232,-0.004563824304015093,0.8413730343856394,0.15995887915952264,0.3900108210151513
1.0,1.0,0.22202277318997815,0.0,0.7844598479082561,0.7969496559583027,1.4382001865343124,0.05332054388830548,-0.26854778475010516,2.317344019137835,1,0.37218867106871173,0.5962971530177376,0.14808018911968576,0.08297403244105045,0.02024305474153028,0.0036904426512668308,0.05042155610000001,8.979163521959828e+19,3.1057422391604623,0.03853420309586948,9.746748605334802e+20,4.418366606317915,0.6529848195345285,4.0426411589161635e+20,2.6212845484835167e+20,1.0,0.24139189800995026,1.5903920368714766,0.02,1.0,5.397955220346814e+19,0.5397955220346814,0.009543130881761008,9.543130881761009e+17,,0.34610613070878077,0.04295592995598683,0.09944161090775791,0.10796265686505072,0.0,0.36188325832370477,0.8560133043999999,0.004431798151266816,0.0035660567217117058,880543.5543587076,0.8423000054999997,197551.74866693123,0.18376222299999995,208986.78588867188,61559.63134765625,0.3660219671182369,1.057853255304168,0.9064348604999999,0.000741355499999985,3.225907705046914,0.011167479379104827,0.8754255107857966,0.8909978378902782,1.0,68003.0,738085.0,2020.0,9.87613651969216,2.5,1.913,1.2813477841290561,9728.660156249998,10640.632984,0.0,0.0,1.0,1.083977060246746,1.0834530349999987,-0.008287683806636116,-0.007075918753716079,0.8127964477129296,0.2980623413661402,0.3911314779586364
1.0,1.0,0.22257280214266342,0.0,0.8438900676091287,0.8405476046464871,1.4363586428831352,0.06331614991909891,-0.11683651553042869,1.774434920396062,1,0.3722134950486096,0.5978471799330277,0.14657981355081903,0.09882912452049063,0.025396901791906717,0.005933280055488898,0.0714519528000001,2.533632775255155e+19,2.708916060684714,0.03759149061549783,8.530596639457465e+20,4.269038309383539,0.427982526212994,4.2010909896353e+20,9.809218410944754e+19,1.0,0.24169747901119407,1.5952291705391624,0.02,1.0,4.682945369518137e+19,0.4682945369518137,0.011287793729577004,1.1287793729577004e+18,,0.30198599742639787,0.03283027537372627,0.06499544088162773,0.07398538384100438,0.0,0.3277260713691301,0.7247511356999996,0.007150489555488936,0.0029402009548491347,782091.0479110598,0.7406177944999998,190310.69240901782,0.18560996899999999,161903.01513671875,51635.73455810547,0.36570403273813074,0.9517697964766224,0.7962030884999997,0.0012172095000000382,3.2615651867606426,0.009297875133932902,0.8758191750808196,0.8919072936881673,1.0,68006.0,738085.0,2020.0,9.920240098779852,2.5,1.112,1.2919497164812956,10540.49396306818,11839.254323000001,0.0,0.0,1.0,1.1642482330233406,1.165593845,-0.006527036428451537,-0.005621825598857619,0.8089407982970911,0.16198910486885007,0.3897552802483087
1.0,1.0,0.22289255938746713,0.0,0.829406581926753,0.8241649419607687,1.4361999013025055,0.06493654039013226,-0.1732491029434997,1.8478940957941634,1,0.37163433297113935,0.5975850197401914,0.1456836380741813,0.09759641361849543,0.02895068738405448,0.006771090962008102,0.052332586799999935,2.8469603469822194e+19,2.6333301219274285,0.03722588656165372,8.759272028824234e+20,4.17652518727594,0.8284130791987092,4.301622534216633e+20,9.670297319463302e+19,1.0,0.2419795049751244,1.593077621676705,0.02,1.0,4.558082286388625e+19,0.45580822863886256,0.007914948368335475,7.914948368335474e+17,,0.2940202789351018,0.03315973292937147,0.06071792891982696,0.06826624791898109,0.0,0.32153635131125513,0.7370272571999998,0.013691391962008064,0.0034687732108253278,780014.4110664421,0.737772272,189425.7211409618,0.17853065349999991,161087.0819091797,51393.741607666016,0.36575437279613987,0.9487555653148345,0.7893598439999998,0.006920300999999961,3.257006211714311,0.010437366061574823,0.8758698390288784,0.8918355811725963,1.0,68007.0,738085.0,2020.0,9.92529769377275,2.5,1.112,1.2937737053090874,10388.022904829544,11588.222396000001,0.0,0.0,1.0,1.1191042189750964,1.1218876949999985,-0.006644857878034764,-0.005767942871898413,0.8014933685954466,0.1606233539055868,0.38913724472838607
1.0,1.0,0.22246554358439008,0.0,0.7845848431833669,0.8035582252511099,1.4376898869469585,0.053741978037006755,-0.46793153347868643,2.149534766024655,1,0.3705079745162617,0.5940290852026505,0.14698685637929224,0.08394079876911924,0.020736089232663735,0.004887880545442716,0.03690725119999974,3.5891194058293156e+18,2.999502003018278,0.03791734378988082,8.786697729055583e+20,4.720621408866674,0.3817053887666211,2.8325034492705577e+20,2.3506902377221954e+20,1.0,0.24151705822450248,1.5858752944252705,0.02,1.0,5.2544189185684865e+19,0.5254418918568486,0.010054238635983436,1.0054238635983436e+18,,0.33886966000484,0.03956210044159367,0.08923749082364422,0.09265899239202977,0.0,0.35502885486189206,0.7915672433000003,0.007434364045442746,0.0031605250862023642,782109.3574480525,0.7430330814999998,196860.96930729083,0.18414864499999992,178239.8681640625,54413.72299194336,0.3659519840366455,0.98368063179226,0.8284744945,0.0025464835000000297,3.2177518714557993,0.008922025181353366,0.8756071694872594,0.8912757310000334,1.0,68007.0,738085.0,2020.0,9.882083719426934,2.5,1.878,1.2838529781861736,9738.584650213068,10643.215591000002,0.0,0.0,1.0,1.111811095878167,1.1133269049999988,-0.008835770867087624,-0.0074269981335171225,0.8243499387557549,0.2779751588612587,0.3900962133498527
4.0,2.0,0.22341676056385038,0.0,1.0740464668346872,0.8933015310825259,1.4422369435619695,0.10187357432785762,0.4183536304406359,1.366922926255507,1,0.36747314984148194,0.5773189392956819,0.15762736241925843,0.059920633604067707,0.0033058407650459315,0.0028754740246518806,0.027479638199999986,2.6314645353602784e+17,2.541787151654716,0.04030991757999757,1.6214026823156728e+20,0.12207603923626098,0.05172737048292038,5.174055068221603e+16,2.1257098699271365e+19,1.0,0.2421108988650498,1.5741546479138462,0.02,1.0,4.588205830862774e+19,0.45882058308627743,0.00849186400290912,8.491864002909119e+17,,0.2972903080840132,0.08559275016469305,0.018661768243926513,0.017131168922288716,0.0,0.32105128110604336,0.5870279550499998,0.018454805474651836,0.001162741498044392,603644.2739781825,0.5224974354999998,182933.6471773952,0.16584872599999995,132109.4512939453,40897.36557006836,0.36564058572166275,0.7769859131757615,0.6145075932499998,0.015579331449999956,3.242144931446422,0.017132075738343588,0.8721914846788753,0.8910084095868197,0.0,68195.0,738094.0,2020.0,9.824363361705432,2.5,1.019,1.277928048914129,13387.99915660511,12480.514578,0.0,0.0,2.0,1.7896567674289134,1.8043857649999986,-0.002348492768677798,-0.0018324420598219147,0.10687906245127687,0.07165026276962765,0.38833281536346376
4.0,2.0,0.22257066179405557,0.0,0.9681157328409178,0.8368736891603792,1.4444148731453068,0.09804363377396931,0.5346525002751674,1.2323090941909682,1,0.37423952601172705,0.5827981504527004,0.16568090428005564,0.051810403860178204,0.007892827922041332,0.0005424296333407207,0.09859996059999988,9.495062416860322e+16,2.6190527779399413,0.041750610611655394,1.6231598222976267e+20,0.41233348846870926,0.023608660376424836,3.273358810549425e+16,2.1294546606261826e+19,1.0,0.2423867653140548,1.5812004858797246,0.02,1.0,4.753625042385822e+19,0.4753625042385822,0.007256576283512673,7.256576283512673e+17,,0.30541128712486504,0.08397631329722888,0.020680555900438033,0.01767364217036167,0.0,0.32917174997939386,0.47962469944999986,0.010202372583340665,0.0014720407501310545,560565.4304464523,0.4929061024999998,180886.67883434848,0.16385622449999995,121613.0142211914,35512.630462646484,0.3662218387431064,0.7410024173226875,0.5782246600499997,0.009659942949999945,3.2285298325798726,0.02170179811724539,0.8715866221622988,0.889203505082564,0.0,68195.0,738094.0,2020.0,9.806302547454834,2.5,1.75,1.2715457298538904,12044.197753906248,11232.501864,0.0,0.0,2.0,1.744904723496667,1.7510558749999996,-0.004037834703922272,-0.0036812740294077557,0.2917589368889551,0.07170836970941241,0.39073526671166264
4.0,2.0,0.22354696826501325,0.0,1.022180032689875,0.8481532045620803,1.4414991658036826,0.10833927179355823,0.5354624305674108,1.206011741716025,1,0.368690160187808,0.5803245360201055,0.1570557823235338,0.05099496099729417,0.005470486490533456,0.00040206900290697817,0.0839854965999999,1.7852590602043576e+18,2.5564844175241883,0.039637723489241064,1.5295177947180958e+20,0.2882253216528662,0.0725781228116778,4.211951707470405e+16,2.1156321759720366e+19,1.0,0.2415272489116916,1.5778018886392768,0.02,1.0,4.5274952544431866e+19,0.4527495254443187,0.007244597193973741,7.244597193973741e+17,,0.29408770313831395,0.033241289489436734,0.017548411613566947,0.016843180628197965,0.0,0.3185780504243357,0.5115620131499999,0.006166355252906895,0.0018859365211094513,587019.4769339556,0.5192862224999998,185338.98469591848,0.16564959599999995,130368.56079101562,38421.207427978516,0.3654499974987807,0.7570243656461256,0.5955475097499998,0.005764286249999917,3.2558097947727545,0.009889138887109522,0.8727352754636245,0.8910510458729481,0.0,68197.0,738094.0,2020.0,9.848080418326637,2.5,1.006,1.282315210862593,12765.323597301136,12346.92311,0.0,0.0,2.0,1.7541270468242929,1.751951959999999,-0.002643787048079751,-0.002236239663034212,0.22126052880740818,0.0714937370622982,0.3876828631051918
4.0,2.0,0.2218949429013512,0.0,1.1251116476660064,0.9700294364300467,1.438621826277121,0.05704849476599854,0.20904437217653235,1.6507620821173554,1,0.36782212149013166,0.5749334720048037,0.16071077639406378,0.05539963132571353,0.01093055262019153,0.002301882295882112,0.03647320350000004,4.716871995591717e+18,4.245830148749518,0.038975445443933554,2.6870253273156806e+20,0.41308581002740336,0.13857709905238838,8.20343194845475e+16,2.1185431991415316e+19,1.0,0.24093950272077122,1.5738078680905427,0.02,1.0,7.51016156304482e+19,0.7510161563044819,0.009514191870219377,9.514191870219378e+17,,0.48288331099024245,0.033241289489436734,0.049346166310004255,0.04309600486656644,0.0,0.45570686638807895,0.7467300554999997,0.005970756295882101,0.0020100469960331927,693025.0410685771,0.6609470484999997,217054.17917511822,0.19790438199999993,159340.59143066406,43877.384185791016,0.36579341932024984,0.8924676630502512,0.7832032589999998,0.0036688739999999886,3.2014940218491983,0.011417613915909593,0.8750709986144846,0.8942487104372544,0.0,68197.0,738094.0,2020.0,9.797892137007278,2.5,1.814,1.2668502872640437,13777.57111150568,12978.341330000001,0.0,0.0,2.0,1.6727897831332792,1.6741718249999997,-0.00672763315114108,-0.006367839502424678,0.28532420665216246,0.07153897370466472,0.39119383629170196
4.0,2.0,0.22355503521182318,0.0,1.0069663395387665,0.8358829166218492,1.4411914724367232,0.09675680857204068,-0.6043696995878542,1.3480460275426545,1,0.3700398179617795,0.5833872800523584,0.15669236061247913,0.06082794231094757,0.009887511605157858,0.0033343055414879787,0.03800119099999999,1.6638924342231068e+18,2.6765820757718752,0.03966497906771562,1.5205964129682978e+20,0.8270040630555339,0.08391664304107388,4.220719307313377e+16,2.135016510890366e+19,1.0,0.2419502630597015,1.5821705243804238,0.02,1.0,4.733256211757704e+19,0.4733256211757704,0.00693859853871451,6.93859853871451e+17,,0.30790091891131505,0.08723002553393977,0.018840535144125085,0.01830190561226471,0.0,0.3294239902851499,0.5465084705499998,0.005869983291487944,0.001599754807043566,542304.2820087266,0.46999489949999984,186233.84339941735,0.17101704849999994,113337.15057373047,33392.29965209961,0.36550122153393083,0.7370557870436057,0.5845096615499998,0.002535677749999965,3.263250285928899,0.024189364794888618,0.8726935860785572,0.89082764766433,0.0,68198.0,738094.0,2020.0,9.865370273590088,2.5,0.996,1.2856023853475396,12608.488991477272,11810.54428,0.0,0.0,2.0,1.7625412640787914,1.7597780999999992,-0.0016306029124693434,-0.0010779299346640155,0.45143881253937207,0.07179461494750458,0.38783594317192743
4.0,2.0,0.22310309518467292,0.0,1.0221879540795078,0.8573904943005304,1.4407454274936298,0.07534029427877507,-0.5815285921564212,1.341268924038697,1,0.3710596574978395,0.5843471884727477,0.15777212652293118,0.060256639794771465,0.006753259880955679,0.004110693370701895,0.049861382800000166,2.036029139541706e+18,2.798779343429487,0.03971291745792726,1.5174217979393075e+20,0.4315854868389244,0.058972024138723655,1.172162432285051e+17,2.125171280542671e+19,1.0,0.24215965617226373,1.584629860791293,0.02,1.0,4.9271768031431655e+19,0.49271768031431656,0.008208296781432882,8.208296781432882e+17,,0.31807695488505855,0.0801994115090842,0.02125115227413286,0.01982135046945412,0.0,0.33885206969938964,0.5257649054999997,0.004832019270701798,0.00141725830421415,512893.1138345641,0.45941748549999983,190317.1386839343,0.1681419369999999,119535.20965576172,33766.21627807617,0.36572933757186127,0.7206899266055304,0.5756262882999998,0.0007213258999999028,3.2594644698229702,0.01356866644012601,0.8731036457148464,0.8912753327326339,0.0,68200.0,738094.0,2020.0,9.86070762981068,2.5,0.987,1.2834160978143865,12806.16299715909,11382.580408999998,0.0,0.0,2.0,1.500081087677089,1.4951447050000004,-0.0029695474288680334,-0.0024908133359117937,0.3002577856655306,0.071641903093725,0.3890097718350339
4.0,2.0,0.222317251292142,0.0,0.9918315908436411,0.8988737336241523,1.4392189126948727,0.04817578649290676,-0.30301294995070577,1.501180433942309,1,0.3726706802845,0.5842511382969943,0.16109022430398245,0.06183351368026864,0.01981978950687745,0.0014212373207803525,0.07663127029999994,4.664750783402147e+18,3.6100684194243504,0.03891408517143933,2.104560406523927e+20,0.5324089245912178,0.1261970823143283,6.895711427168412e+16,2.128342326904171e+19,1.0,0.2418914752021145,1.5845173434777695,0.02,1.0,6.329142633604576e+19,0.6329142633604576,0.005412063460008675,5.412063460008675e+17,,0.4064918316255862,0.13783905821082829,0.03780874194131698,0.033972628284046846,0.0,0.40493920638799547,0.6028908896999999,0.010114792320780427,0.0016658163300113014,583143.9093600321,0.5535130369999999,211708.16921519642,0.1870230344999999,166478.33251953125,43952.22473144531,0.3661074779651907,0.782212117342198,0.6795221599999999,0.008693555000000075,3.225248293443159,0.012265041706457086,0.8746882731264288,0.8924342800270425,0.0,68200.0,738094.0,2020.0,9.847440069372002,2.5,1.757,1.277485050938346,12307.709916548296,11582.744342,0.0,0.0,2.0,1.5984322754242628,1.5822215449999992,-0.005843589929017153,-0.005533005428415808,0.3428314309735642,0.07169111312023242,0.39074662265757004
4.0,2.0,0.22335588025010147,0.0,0.996364227555707,0.8446089103173415,1.440390326003566,0.07845919373520557,0.321307849954974,1.3635644890537464,1,0.3716402999732806,0.585498104924741,0.15778248595154803,0.0623811182530417,0.0073597956151440855,0.004194315092563725,0.045083354399999685,1.483482318170958e+18,2.801718796603381,0.03946310449683138,1.5031153745820552e+20,0.3603095889303364,0.08200751518371209,6.8715804612627544e+16,2.108256741692304e+19,1.0,0.24251492350746273,1.5846522424532021,0.02,1.0,4.936939800648894e+19,0.4936939800648894,0.006389010206575157,6.389010206575156e+17,,0.3186399583872534,0.08685230880225604,0.02116582831277129,0.020255255579573393,0.0,0.3395750099176361,0.5268348133000003,0.006773920092563709,0.0013467672518656072,512983.4168496741,0.45425660649999994,195702.48240121035,0.17571636549999994,122686.51962280269,36373.453140258775,0.36572748593364734,0.7098253983151318,0.5719181676999999,0.002579604999999985,3.259630721548329,0.016765604293975663,0.8731022023636361,0.8910218658654586,0.0,68201.0,738094.0,2020.0,9.870186722796898,2.5,0.976,1.2857831561047097,12526.195482336958,11241.869435,0.0,0.0,2.0,1.5793211445744897,1.577198545000001,-0.0032845048800758695,-0.0028018713030336503,0.26238309249629466,0.0713790407970142,0.3885495381418091
4.0,2.0,0.22253962944854394,0.0,0.9670174955338989,0.8252612810958391,1.4408290188251112,0.06977980877477474,0.06818997599300208,1.3886853494848221,1,0.3714311597022143,0.5852245580066334,0.15763776275244626,0.08642668945619422,0.013151758368496672,0.0044130558577973045,0.050077174699999845,3.6202690855053967e+18,2.871425829012878,0.03969099378585805,1.5238418911382435e+20,0.3242187425258973,0.02162410883003979,7.357930536585046e+16,2.496211196903408e+19,1.0,0.2426934969682836,1.584484176202254,0.02,1.0,5.1388426799757844e+19,0.5138842679975785,0.010054892535132542,1.0054892535132541e+18,,0.3294689928689709,0.07473196114155231,0.0261065556828971,0.0233977664024144,0.0,0.3488882746824522,0.5254924233,0.005104874457797309,0.002773224348593363,515152.7365145224,0.4574903714999998,183332.60041834472,0.17197727449999992,115627.42614746094,33493.48068237305,0.3663779004257516,0.687936514940453,0.5755695979999998,0.0006918186000000048,3.22354426167228,0.019856848856052097,0.8737052855166522,0.8912753869186747,0.0,68201.0,738094.0,2020.0,9.848727269606158,2.5,1.718,1.2790606401183386,12088.677512428974,10936.566275000001,0.0,0.0,2.0,1.5490987907561924,1.5560826400000018,-0.005141558972272006,-0.004442186864749105,0.2446347971713371,0.07726074451747308,0.3907541263502061
4.0,2.0,0.22383174706589093,0.0,1.030274258450631,0.8738807144898532,1.440540536472967,0.0807315598324756,-1.169899794194482,1.2808854088149826,1,0.37069311873479316,0.5820396840572356,0.15934655950828033,0.06056448136545157,0.007906905985351523,0.0019261232311380133,0.06025206760000007,1.5228712407018493e+18,2.8088574685971253,0.03890998870676204,1.4680755026265255e+20,0.430471640782021,0.04886613629292501,3.4805567277129136e+16,2.108753347603948e+19,1.0,0.24155601469216423,1.5832243778488853,0.02,1.0,4.950067582943666e+19,0.49500675829436663,0.00911781173199465,9.117811731994651e+17,,0.32216168540868745,0.07957744969663529,0.02181876212579972,0.020551681682553655,0.0,0.34082230307415207,0.5080308473999997,0.00732174643113799,0.0017442333080609027,517548.7844747727,0.45600547099999994,189735.1819847023,0.16482968299999992,131310.45532226562,39829.07485961914,0.36535411193633954,0.7250647235474982,0.5682829149999998,0.005395623199999977,3.281206911260431,0.017664327002328607,0.8731609786098653,0.8916279700669373,0.0,68203.0,738094.0,2020.0,9.887747547843238,2.5,0.99,1.2906904112208974,12924.564808238636,11588.472737,0.0,0.0,2.0,1.594015323797413,1.590803035,-0.0011810504577376623,-0.0007781661562065975,0.30011690852752343,0.07138676735081816,0.38694867545972944
4.0,2.0,0.22280151170233026,0.0,0.9243903804645726,0.7916434830098942,1.4394762300258226,0.0701379986790135,0.6241324350792798,1.381827266538622,1,0.3700488442959993,0.5859384899554045,0.1541591992844706,0.07629646796204465,0.021258078544761232,0.004615788382602355,0.06843540679999972,3.703119973618148e+18,2.83405278151622,0.03877267538982879,1.487156203462621e+20,0.2824109294251544,0.06972580804599578,1.387116060243622e+18,4.153591561424172e+19,1.0,0.24193347193718906,1.5813233593235845,0.02,1.0,5.044874645844528e+19,0.5044874645844528,0.005709131260141242,5.7091312601412416e+17,,0.3253924473092323,0.08212324816586139,0.028084686443295877,0.02450043926290205,0.0,0.34426649956189204,0.49484960290000013,0.014637411082602365,0.0023649203071134575,508615.4878295003,0.46048682199999985,194663.76972266962,0.17726084249999993,124391.3230895996,35503.48758697508,0.3659731969190715,0.6855794699885457,0.5632850096999998,0.01002162270000001,3.218943761742634,0.013915858582141925,0.8743791035983874,0.891515127990557,0.0,68203.0,738094.0,2020.0,9.856100414110267,2.5,1.71,1.2807503835014675,11492.84383491848,10368.047457,0.0,0.0,2.0,1.4720520965969015,1.4706171849999987,-0.006333449612493101,-0.005621575780779772,0.21782863712253267,0.0998471729158527,0.3896116034238633
4.0,1.0,0.22358141568574036,0.0,0.9736073994402327,0.8428824616044606,1.43940549671036,0.09099788323400292,-0.3841666635663054,1.3603496795214667,1,0.37138463963161816,0.5878308334133842,0.15493845059113068,0.05672855835015052,0.006319938717650695,0.0007733931284606629,0.07960647529999992,1.7131514235791974e+18,2.795000046491623,0.03852656828273417,1.4371039595131121e+20,0.9216541647560118,0.11011251207911216,4.6761709201171256e+16,2.0902883746232943e+19,1.0,0.2424409089707712,1.5886392214081502,0.02,1.0,4.909405207188964e+19,0.49094052071889643,0.008321219948216645,8.321219948216645e+17,,0.3181973729997984,0.07419907933739467,0.02159185865174055,0.020208484573807427,0.0,0.3392437003539029,0.5045741561999999,0.004178000628460653,0.0021031346062887037,518620.7243977103,0.48333471999999983,193666.85753953207,0.16521904399999993,117291.36657714844,33683.8493347168,0.36574646816791667,0.7275374017747575,0.5841806314999998,0.00340460749999999,3.274194565686312,0.015126743176816124,0.8738156408071517,0.8915457535873759,0.0,68205.0,738094.0,2020.0,9.908037749203768,2.5,0.986,1.293629006905989,12270.289772727272,10827.600869,0.0,0.0,2.0,1.5414554335011432,1.543538065,-0.0025559853423725476,-0.0020739368932977823,0.47798100793320303,0.07109910733163581,0.3879424755283354
4.0,1.0,0.22282138060439718,0.0,0.9789218275120374,0.877777063383297,1.438584342282411,0.059874471362430674,-0.29401807802017066,1.739656742531354,1,0.3719369132410396,0.5835255086421965,0.16034831309860403,0.05963786610017998,0.01408761661761104,0.0021256190757895053,0.05121728470000009,4.3773941512278533e+18,3.626025450939778,0.038076011354272916,2.0217594916936568e+20,0.9149085633731802,0.21995556949649767,2.979691668663316e+17,2.0937090791916057e+19,1.0,0.24166888184079602,1.5823039358312432,0.02,1.0,6.370069137596678e+19,0.6370069137596678,0.009878432162449739,9.878432162449738e+17,,0.41114158786562083,0.12464201296254197,0.03985055343672241,0.035398293283088196,0.0,0.4074080961734411,0.6611169917999995,0.011731717575789499,0.002039138901980968,605828.0109930183,0.5771857034999999,212102.39783883543,0.1908109789999999,141297.119140625,37238.43765258789,0.36593242784507585,0.8041100575803454,0.7123342764999996,0.009606098499999993,3.2297405979850073,0.007048938625735372,0.8750240491195157,0.8927153430201791,0.0,68205.0,738094.0,2020.0,9.866214665499601,2.5,1.766,1.282500462098555,12144.37890625,11007.243788999998,0.0,0.0,2.0,1.5290111548831653,1.530184529999999,-0.005613597279245203,-0.00528913010335104,0.47009822483452457,0.07115245476169364,0.38938500835107664
4.0,1.0,0.2227922109040347,0.0,0.9698765871301792,0.8081092782700189,1.4380342718355699,0.08562303676737401,0.03214819186392497,1.4488459194726655,1,0.36911521310156037,0.5881846086545424,0.15004581687125293,0.08151431877030176,0.02032676915866715,0.004530128657739718,0.07515823540000077,2.4522960609083694e+18,2.981865283974912,0.03829979428378008,1.5454827952062146e+20,1.5860842453249784,0.37391150133463047,2.1229073686630083e+17,2.114693654547337e+19,1.0,0.2419728621735075,1.5840558951551262,0.02,1.0,5.268313820949147e+19,0.5268313820949146,0.007997387626001835,7.997387626001836e+17,,0.339279151968175,0.08275168170778305,0.02549579180485806,0.024046516788073413,0.0,0.3553903818032688,0.557807564599999,0.017703835657739697,0.002067383756513468,579991.8678361428,0.5322407785,195167.31657428818,0.17834906899999997,130087.90588378906,37778.32794189453,0.36579729040001324,0.7674701755899396,0.6329657999999998,0.013173706999999979,3.239841883832758,0.012145885341575293,0.874862960793755,0.8923453824086621,0.0,68206.0,738094.0,2020.0,9.870785756544633,2.5,1.004,1.2835197231986304,12112.64013671875,11153.547515999999,0.0,0.0,2.0,1.4882667279931996,1.493567819999998,-0.005536389621821316,-0.004833828922445801,0.6049454844294044,0.07147914867157698,0.3894992620280872
4.0,1.0,0.22209006936653805,0.0,1.1118961518159114,0.9855209071757588,1.4388155619760428,0.055950419211281716,-0.08116694790811153,2.0816986360586727,1,0.36990723402603815,0.5756220014198967,0.16419247570245163,0.04630914215203067,0.01317118815475305,0.0014862816237910838,0.029439535800000027,5.320214158146794e+18,4.667011796380391,0.0384894030197806,2.7202615269332124e+20,1.486872078240734,0.06438145501935606,3.8352715955229805e+17,2.119654102415086e+19,1.0,0.24150941775497514,1.5748837616132656,0.02,1.0,8.179655122368802e+19,0.8179655122368802,0.005574196934215659,5.574196934215659e+17,,0.5246555787428144,0.203521447659723,0.0766526232737127,0.071293464349065,0.0,0.48537562666454626,0.9206507766999996,0.009421779123791083,0.0024385397833758264,876310.8224943004,0.8517965264999997,223093.7789291281,0.18467958649999994,222970.6497192382,59577.844619750955,0.36620439282524775,1.078724514626334,0.9500903124999996,0.0079354975,3.201222284980443,0.010195056460387479,0.8753295346446661,0.8943107879680137,0.0,68206.0,738094.0,2020.0,9.813358099564262,2.5,1.91,1.2702188439991162,13659.44391134511,12713.558047999999,0.0,0.0,2.0,1.525279178537912,1.5222312900000001,-0.006814021779143292,-0.006527179264989885,0.5976162403874307,0.07155623197378402,0.3911227670793533
4.0,1.0,0.2226765386082909,0.0,0.9850112750483855,0.8736053841719851,1.4370559330352235,0.07239214444168478,-0.4893648515817107,1.5133008783043043,1,0.36735590479590674,0.5870178260586478,0.14769398895176974,0.08957770110124773,0.02653184651853425,0.0018391633498705089,0.11178882230000003,2.524578534046934e+18,3.2010645063710395,0.03790097960558794,1.6486100021026904e+20,1.3910795016620119,0.12077127391749919,1.0532442726226653e+17,2.1167949479950725e+19,1.0,0.24122468260261196,1.5814507603645322,0.02,1.0,5.6066865618761785e+19,0.5606686561876179,0.008602282777388514,8.602282777388513e+17,,0.36198175264484195,0.10301380920836012,0.031406887385743355,0.030635791837386062,0.0,0.37127318320753144,0.5712541256999997,0.007952899349870434,0.0015781785508621397,604834.4035751044,0.5708096869999998,205545.30237606968,0.17689988799999998,131460.8154296875,39192.95120239258,0.3654844894990758,0.7965316530255843,0.6830429479999998,0.006113735999999925,3.235118649222634,0.010340144775574756,0.8753905770453538,0.8930474573915653,0.0,68207.0,738094.0,2020.0,9.864970510656182,2.5,1.016,1.2818680080500517,12228.926713423294,10922.600385,0.0,0.0,2.0,1.4837538138030535,1.4832604549999995,-0.006671348078684373,-0.005859115870076824,0.5806541274276922,0.07151180851514799,0.38929186918366737
4.0,1.0,0.22205608405850144,0.0,1.1813162690373353,1.0620772640620029,1.4383244517340423,0.05001580237872588,-0.10794739246991887,2.252079857752449,1,0.3697478649291125,0.5695593113248998,0.16993641650134864,-0.007606179167294533,0.0010822898047875447,0.000516481684007282,-0.010883762600000051,4.540735890858115e+18,5.451845793810207,0.03840440043536089,3.293485559926528e+20,3.76139419836274,1.6910455331629566,5.417990079257792e+16,2.1222395352688222e+19,0.0,0.24021756063432836,1.5670883438803933,0.02,1.0,9.438889516379524e+19,0.9438889516379524,0.006053021433430937,6.053021433430938e+17,,0.6079929870197353,0.271618004582508,0.12062722811450316,0.12905144152392695,0.0,0.536237461962208,1.0698325156,0.0006321526840073769,0.0033170904433926464,968894.2257635893,0.9282978424999998,234646.5215966025,0.20356643399999994,309204.2236328125,81693.2601928711,0.36557304184971573,1.2050511879981842,1.058948753,0.00011567100000009489,3.187790914015336,0.011583231559345177,0.8754211461002177,0.8950718695467168,0.0,68207.0,738094.0,2020.0,9.780335556377063,2.5,1.99,1.2635036761110479,14377.56565163352,13627.539146000001,0.0,0.0,2.0,1.6442339469793303,1.6488129000000011,-0.0069791247898882075,-0.007100439651615239,0.7608103587935551,0.07159638707093113,0.3904245431426957
2.0,2.0,0.22425051710822366,0.0,0.9966218980887934,1.0263402964125499,1.4368349253742905,0.040205592972097685,-0.16901430057464903,0.8625947506521945,1,0.3665480004115538,0.5852625722234899,0.14783342995426874,0.08740478242245196,0.017833516200028234,0.004662738268971879,0.1048735503999999,9.271844647034946e+18,2.616113324766047,0.03621468292583109,9.819340438417843e+20,0.0916322585963518,0.01245537361669316,1.4828161023067462e+17,8.41319157720119e+18,1.0,0.24373333092350744,1.5800449197942559,0.02,1.0,4.8364329416997265e+19,0.48364329416997265,0.009991229296118115,9.991229296118116e+17,,0.3134520336516937,0.03790628377215194,0.026117344348633657,0.02605531137657044,0.0,0.33585937168041596,0.37569483009999993,0.017727758968971892,0.0013842465678228944,410340.43207619153,0.4061510839999999,183146.75323599987,0.16035776949999997,142719.25354003906,46681.34689331055,0.3662888693881513,0.5815167366539962,0.48056838049999984,0.013065020700000013,3.245258103717457,0.02121280288576663,0.8754980239001187,0.8935583477670495,1.0,68397.0,738107.0,2020.0,9.931106177243318,1.26,0.907,1.2994126731699163,12604.078657670454,12779.425605,0.0,0.0,1.0,1.3334981523906737,1.3639983549999994,-0.005739233710549095,-0.00519410464965569,0.0838211223170035,0.049152030957287554,0.38694860332131786
2.0,2.0,0.2248316420750184,0.0,0.9987718601470928,0.9992987490340747,1.4375591149723783,0.03997690434158806,-0.08427523610823114,0.9848456978578077,1,0.3698952726342461,0.5834758877754211,0.15631466155702417,0.0866013682485974,0.017809933718427262,0.006422457632980459,0.06524277859999994,6.586731911231981e+18,2.721513717144262,0.035908710609782714,9.543321435395863e+20,0.12678184264768252,0.041011313923897806,1.565374054335131e+17,1.7830449047509127e+19,1.0,0.24322841169154233,1.581074134870009,0.02,1.0,4.978448892916998e+19,0.4978448892916998,0.010647331731720916,1.0647331731720915e+18,,0.325584356671408,0.05293135139363755,0.02885161058044439,0.028518371297563853,0.0,0.34373520478471586,0.44738479139999987,0.013479016532980469,0.0014056964601272233,427769.8482751369,0.40471365899999995,193299.96591499753,0.17983352449999995,153195.03784179688,47366.02020263672,0.36606472721754807,0.6192387333511334,0.5126275699999998,0.0070565589000000095,3.269507765769958,0.01030494876260178,0.8751806169748307,0.8933127468282527,1.0,68399.0,738107.0,2020.0,9.951607530767268,1.25,0.924,1.305274789983576,12628.490278764204,13396.124242999998,0.0,0.0,1.0,1.4005312143049677,1.4174770600000004,-0.003365039148113943,-0.003061732679436153,0.1113388558024427,0.06619329929498464,0.38539172702682034
2.0,2.0,0.22442437843842936,0.0,1.0144040464704929,1.020857945899416,1.4366885417501816,0.037011148598763095,-0.20169183913470637,1.0242453905373154,1,0.3680174662308259,0.5839142501354218,0.15212067690762607,0.08070266212470979,0.012619815372494217,0.003406999855061703,0.041845122699999855,5.937977905166298e+18,2.8823437979444857,0.03604770864139893,8.92379489251364e+20,1566.0220646570842,260.67958945273784,9.10420051608447e+16,2.0273353088207778e+19,1.0,0.24321925551927867,1.5798137458887966,0.02,1.0,5.256470066000895e+19,0.5256470066000896,0.01341835989800636,1.341835989800636e+18,,0.34226907168968107,0.05687535898909564,0.031426537157194574,0.03153505848244229,0.0,0.35663739915977605,0.4694560146000001,0.007046413355061669,0.001781696772662774,426761.95861562237,0.4081265189999999,195323.67049984945,0.17275922399999993,132726.8524169922,42216.63284301758,0.3659945647439166,0.6320406460287267,0.5113011372999999,0.003639413499999966,3.2552519819953223,0.018452231036495056,0.875468373298645,0.8937030299143357,1.0,68400.0,738107.0,2020.0,9.932641636241565,1.25,0.932,1.3001279776746575,12786.519398082386,13464.252819,0.0,0.0,1.0,1.319061362662794,1.334419179999998,-0.0042098394849083625,-0.003890416857426647,0.9993463295078931,0.070112589754469,0.38623694809116044
2.0,2.0,0.22384973453438803,0.0,0.9479557249151551,0.9704899526961361,1.4377967407436065,0.03567449671679088,0.22902363482209442,1.105190978371485,1,0.36834063089412195,0.5816748479138251,0.15500641840955487,0.0756430094243613,0.015078856130576194,0.003377078289038965,0.05665206649999982,2.4202489526410383e+20,3.0830664575332776,0.03675777924579113,9.814421548971472e+20,5531.11245924948,3795.843199661838,3.9685515680593944e+16,2.1995812158684262e+19,1.0,0.24160203871268657,1.5758176160895307,0.02,1.0,5.630787942750603e+19,0.5630787942750602,0.007790936308700246,7.790936308700246e+17,,0.3663145143482922,0.06541390577525474,0.0439659155958718,0.04373726904501202,0.0,0.373604761501676,0.4605386043000001,0.009272139589038969,0.0025879380162450423,430259.54848232836,0.41391978049999995,202627.3563135384,0.18123377849999991,152562.49999999994,44499.26376342772,0.3656913916953587,0.6348472791285068,0.5171906707999999,0.005895061300000004,3.230332561161207,0.017089610548266857,0.8753371679264567,0.8929306864738465,1.0,68400.0,738107.0,2020.0,9.893974096878715,2.02,1.677,1.290728423906409,11747.064283288044,12168.846084,0.0,0.0,1.0,1.3503169627453477,1.3541789649999982,-0.005030746693196504,-0.004129981409515376,0.9997213760616607,0.07279091954522457,0.3868596627038157
2.0,2.0,0.22495715184645218,0.0,0.9890418659887925,1.0253857502458779,1.438533037921682,0.03924626673471769,-0.18215357009817562,0.9271342312589227,1,0.37113829092545936,0.5852866850116035,0.15698989074338565,0.09319727411034694,0.01226306747079927,0.0014926771010726064,0.09482097479999999,5.960973457477846e+18,2.6837207477656193,0.03637466179240823,9.066328918672386e+20,2871.9830813818007,2070.841197868019,5.03144561485747e+16,1.2313671662022056e+19,1.0,0.24462960362251246,1.5861062136563386,0.02,1.0,4.902136035429059e+19,0.4902136035429059,0.013730954953473548,1.373095495347355e+18,,0.31920532833002463,0.04287352964026325,0.02822421541220734,0.02906118764884064,0.0,0.34073756240716363,0.40740393769999994,0.002171324801072641,0.0019030334221851314,425414.2659611942,0.40621017049999986,186362.39436983396,0.17114729299999995,127125.86975097656,43030.64727783203,0.3665979928705782,0.5984785076143531,0.5022249124999999,0.0006786477000000346,3.2757161747325547,0.03678935093116406,0.8745814345099708,0.8927050043236125,1.0,68401.0,738107.0,2020.0,9.970907384699041,1.25,0.915,1.3097713264552029,12678.72776100852,12985.037471,0.0,0.0,1.0,1.407666941711304,1.4187099749999987,-0.0019243603402918036,-0.0015094158853488889,0.999440541889446,0.056679440440528195,0.38591065548089293
2.0,1.0,0.22327838902888095,0.0,0.8989629888768753,0.8899131285555417,1.4379885167571673,0.037137978551088295,0.3061962017942188,0.8653478707124759,1,0.37021152092062914,0.5960683952207151,0.14435464597266656,0.08713742856898439,0.01069777129933783,0.002487929745643311,0.0866951552,5.997570551611437e+18,2.567402386455796,0.03807097841345736,9.697557181435411e+20,0.2619263628337009,0.03984210283174381,1.0148648097719908e+16,9685355601421688.0,1.0,0.24689180892412932,1.5969437412593677,0.02,1.0,4.739123555666834e+19,0.47391235556668343,0.010892386982995633,1.0892386982995634e+18,,0.30120933799617106,0.026485175717382563,0.02328283726576421,0.023286680981976844,0.0,0.3317196836031567,0.34513165614999997,0.021649749595643267,0.0016015741541925666,332434.65544858616,0.3136194689999999,207071.66847739412,0.19074854699999996,127648.30398559566,46061.929702758775,0.36758538883113634,0.522361996300248,0.43182681134999995,0.019161819849999956,3.233250369196353,0.027316930024266918,0.8746338033157847,0.8914410601491516,1.0,68409.0,738107.0,2020.0,9.947917523591416,1.8,0.858,1.3004850719286052,11583.681470788046,11641.634269999999,0.0,0.0,1.0,1.2969627892643067,1.2962165700000003,-0.0066124298002408904,-0.0055382209526293955,0.20678617468416463,0.024733643808415945,0.390972438187425
1.0,1.0,0.22195682471448724,0.0,0.9669739178932913,0.9677014492926905,1.4450933440408629,0.11217345432231136,-0.9480942297430064,1.2074821506375815,1,0.37410673092712055,0.5886367884549227,0.1595766855911775,0.05055929107626689,0.012560113207682211,0.002820715195391888,0.07400552200000018,4.737864162203519e+18,2.0248633149312805,0.04344938091798251,1.590263994499453e+21,3.4524203391736363,0.45814573452919594,6.82846803833156e+16,3.660327626623038e+16,1.0,0.24101982641480107,1.5938728397542778,0.02,1.0,3.816664424831185e+19,0.3816664424831185,0.006210183048179592,6.210183048179592e+17,,0.24517858366000747,0.030403840194006146,0.02418228674500335,0.0234654276086944,0.0,0.28156122277887863,0.5784939144999995,0.02523913669539184,0.0033444189646301666,738530.771961265,0.67443828,155060.16999592632,0.12599743749999998,168462.4786376953,52371.368408203125,0.3653852383883048,0.8901056154290722,0.6524994364999998,0.022418421499999952,3.2872431603345,0.03106993470826903,0.8705440028147263,0.8882301747798921,0.0,68421.0,738108.0,2020.0,9.821510271592572,2.5,1.101,1.2738687721165742,12055.00315163352,13792.182480000001,0.0,0.0,1.0,1.4059774503146396,1.4116939450000003,-0.0022021728483113375,-0.0015934878147990355,0.7728633899041186,0.025065382599834134,0.3913679450009713
1.0,1.0,0.22216632284901358,0.0,0.7682518057806594,0.7967849429819597,1.4377033360886267,0.03868298865249448,-0.7603208876403984,1.8880410743442213,1,0.37468725984746754,0.5998428111726587,0.1495317112315785,0.09728860944486283,0.023583075713879804,0.004349955476330096,0.0590909638999997,2.967770615681197e+20,2.7378906705416735,0.03817257087880904,1.40326895996321e+21,5.472528327839552,0.49393513106763326,8.989602532448285e+16,2.862567221560311e+18,1.0,0.24231891876554731,1.5951479565013535,0.02,1.0,5.088020462806324e+19,0.5088020462806324,0.014765060226237213,1.4765060226237212e+18,,0.32637086618869166,0.04660789580721393,0.05278753693566979,0.056433720085824965,0.0,0.34749181945156393,0.6520772235999999,0.004698223976330122,0.0024308803666914787,606207.0332150706,0.5838135679999998,202329.78903199633,0.19543793199999995,151960.09826660156,44445.84274291992,0.3663456991629901,0.790582300965584,0.7111681874999995,0.0003482685000000263,3.2356291034004903,0.017502911356700804,0.8756479282270776,0.8908922563899646,1.0,68422.0,738108.0,2020.0,9.90002003583041,2.5,1.763,1.2863197868520564,9591.100408380682,9969.622097000001,0.0,0.0,1.0,1.1856433178791173,1.200320055,-0.008314392783425072,-0.00747985835187137,0.8445709042513193,0.036100061863349846,0.39125588863927563
1.0,1.0,0.22274845432151447,0.0,0.8528900264048492,0.8567358891862189,1.4363835907162414,0.05199370962735647,-0.5363652611569689,1.635366418836606,1,0.3723207359964197,0.5968087153001265,0.14783275737003848,0.10756896467110694,0.020402102065664198,0.0030694307375277174,0.0816054846999999,4.869261232624825e+18,2.5560644956422034,0.03750195902044113,1.1169370316467795e+21,4.191780056843425,0.28414799179770406,1.0417922698153048e+17,3.605322305679186e+16,1.0,0.24251542436256224,1.597295192154971,0.02,1.0,4.754730366697171e+19,0.47547303666971713,0.011247229568091398,1.1247229568091397e+18,,0.3057333838195739,0.03798108751069961,0.05981422584721044,0.05926005169647097,0.0,0.3319891744998709,0.6648099907999998,0.003385461237527726,0.0028670198354597645,690459.2211290534,0.6520507329999998,194274.94701574548,0.18577785599999996,162306.16760253906,47647.45330810547,0.36596643655780187,0.8684475319033012,0.7464154754999996,0.00031603050000000854,3.264917308633977,0.016250812618332163,0.8757165494290264,0.8920006887479263,0.0,68424.0,738108.0,2020.0,9.940916754982686,2.5,1.064,1.2968526590954175,10737.509454900568,11813.031466,0.0,0.0,1.0,1.1746042906338574,1.1755818799999997,-0.005570422519337047,-0.004431721786121753,0.8067754163431436,0.025059608300149583,0.3897738269361361
2.0,2.0,0.22901684994047333,0.0,1.059834912064615,1.056264566860011,1.4359394748415926,0.06039164973694961,-0.4335189412119796,1.42435276872472,1,0.36219212819229474,0.5455587235364047,0.17882553352551026,0.06279177430185999,0.00512642823858946,0.002490827151988423,0.059274257000000004,8.165422323513305e+20,2.927275439316872,0.030090571186759146,1.3716388587674647e+21,0.16691801643822238,0.02859002512767463,4.927050167358949e+16,7.380963813875722e+16,1.0,0.17257932571517415,1.571573560888117,0.02,2.0,5.285746931381464e+19,0.5285746931381464,0.0178105772226428,1.78105772226428e+18,,0.5042153870967643,0.06784041462177168,0.08704118809679581,0.10712116172633858,0.0,0.36533398823735075,0.5406210816999998,0.013386056951988495,0.004213102362196784,720180.0333860916,0.6770621539999999,100947.70376640788,0.08855113669999996,258514.67895507812,79928.06243896484,0.33347327285370143,0.8137937477450032,0.5998953386999998,0.010895229800000072,4.73450662873008,0.03685571484878589,0.8767092024738138,0.9018311446363274,0.0,68632.0,738119.0,2020.0,10.151751171458852,2.02,1.871,1.3600153814662586,9640.242897727274,11645.16659,0.0,0.0,1.0,1.2400917313994537,1.241355524999999,0.005845865742726759,0.005589731789024716,0.14252498442249226,0.025412540056418263,0.33451824603773844
2.0,2.0,0.2252221053296869,0.0,0.9395974296228349,0.9955086664991513,1.4373803223733177,0.019822440739336783,-0.10606392558095448,0.9058128392026408,1,0.36907309835607355,0.5876333930275657,0.15051279962062836,0.07859594616165137,0.004779048496680761,0.0026312554380817157,0.0822812684000001,7.903065974760411e+20,2.9688477056333795,0.03541520582545877,8.782135536238267e+20,0.18839494851015998,0.046561127372088534,4862192196758518.0,4.208819005174374e+16,1.0,0.24627556389925379,1.5860721523111516,0.02,2.0,5.4388842794211746e+19,0.5438884279421174,0.014126400563908533,1.4126400563908534e+18,,0.3520265604194855,0.0376177607318795,0.03390984041884988,0.05102153148504666,0.0,0.36785212558750324,0.37269441629999983,0.0029860258380817253,0.001751585188771478,306285.70613522775,0.2954764144999999,216129.24833103502,0.19675595249999994,162653.42712402344,53232.23114013672,0.3672562297525408,0.5193526489401052,0.45497568469999994,0.0003547704000000096,3.2543711770664556,0.0119773149688234,0.8753024610606106,0.8928694264455275,0.0,68633.0,738119.0,2020.0,9.99639402736317,1.3,0.872,1.3155346404422414,12147.873490767044,12195.071469999999,0.0,0.0,1.0,1.2060734780380962,1.2171992999999997,-0.004183004525574771,-0.0033400166377594524,0.1571951128830056,0.02512161728023292,0.3861127399934522
2.0,2.0,0.22522766175477402,0.0,1.0338873399457384,1.037612424030152,1.435716313026447,0.024860470319989378,0.06727007043860334,1.1456247644276982,1,0.3674218654632569,0.5695180556048518,0.1653256733780322,0.05132879506215629,0.012782839760774479,0.001493852472747824,0.07571805559999968,8.133474556571474e+20,3.4635156826116145,0.03345983351831842,1.315172467869369e+21,0.21932767967333142,0.05036824559283092,4.378348433443898e+16,9.63946435317277e+16,1.0,0.20731353746890552,1.5796136648758596,0.02,2.0,6.3624056399901835e+19,0.6362405639990184,0.01881921846858621,1.8819218468586212e+18,,0.48829527700526204,0.049950686882476024,0.07387200042087712,0.10081836686723594,0.0,0.41178161657686496,0.4594785104000001,0.0040286584727478245,0.0034903575040741487,468034.3089715567,0.45183817149999983,159172.03533920404,0.14026569599999997,214250.59509277335,60715.833663940415,0.35105407536120176,0.6298637931800815,0.5351965659999998,0.0025348060000000006,3.8423267240109658,0.014186605229539948,0.8771950628446499,0.8980620892151542,0.0,68635.0,738119.0,2020.0,10.005110865053924,2.02,1.777,1.3171458399814109,11108.199855638588,11892.043763999998,0.0,0.0,1.0,1.1600133836443058,1.1678033599999997,-0.0020294876202293062,-0.002308944714731416,0.17849533060753625,0.02559640735945059,0.364194294098878
2.0,2.0,0.22323000005313326,0.0,1.1187929591606571,1.6704904891819785,1.436895503614992,0.0028880488878426005,0.0028349660363116676,,1,0.36716039691652563,0.5719999954814,0.16232079906123023,0.07290571621656207,0.004863554282835935,0.00013310709328851703,0.001076004760000298,3.635717518836916e+20,4.3121778061031355,0.036562110401335106,2.2631745096555328e+21,0.09853483149711627,0.023023505717930364,4.9407372696206904e+16,7.545960596528842e+16,1.0,0.24173546089863188,1.5637324764615008,0.02,2.0,7.977451196291891e+19,0.7977451196291891,0.01270808742432038,1.2708087424320381e+18,,0.5166441004277393,0.0333961341653176,0.138759411193881,0.14070082738934167,0.0,0.47703979089991416,,,0.004551156138050124,459764.3369013588,,221916.10830473714,0.21269683050000002,,,0.36597619552188343,0.671406072033255,,,3.186554783866518,0.00541508758036568,0.8761336335114067,0.8952987421126589,0.0,68719.0,738121.0,2020.0,9.831827254522413,1.9,1.669,1.2765589214506599,13769.083193824403,21021.090663,0.0,0.0,1.0,,1.0499999999999985,-0.006857283058620632,-0.00688866144489674,0.08929286154375654,0.02542649612723958,0.38837347819830687
1.0,1.0,0.2280611477114937,0.0,0.8997276884836052,0.9473922270793431,1.4351821213602023,0.07930596129374329,-0.45702177396344346,1.5826124975246048,1,0.37410464476455335,0.5686394572257996,0.17956984314051538,0.057864661843673226,0.010788122979049068,0.0006203884432745936,0.1846359362999999,5.547740116311954e+18,2.2839551161159757,0.03095166323401701,1.2272990469376385e+21,2.047866299730751,0.1727097901164671,2.8037283420512628e+16,1.619480260361423e+16,1.0,0.1723552140080846,1.6106121973557905,0.02,1.0,4.021976674380386e+19,0.40219766743803864,0.005095957743841853,5.095957743841853e+17,,0.38133921529247683,0.05646005357234427,0.0515196517431394,0.05002008103282106,0.0,0.30307743555049743,0.47490709519999985,0.018131026543274625,0.0042875146474441,766125.3825411936,0.724319027,95300.13205633762,0.07877050449999998,192942.00134277344,60115.03982543945,0.33326503402338387,0.8601313279363312,0.6595430314999997,0.01751063810000003,4.925109581513839,0.01752645390463913,0.8767434114759618,0.8995506736365232,0.0,68723.0,738122.0,2020.0,10.263944495807994,2.5,1.152,1.379707336425781,8361.406804865057,9199.369256,0.0,0.0,1.0,1.228590550466092,1.2348669350000003,0.008627978238192472,0.00728922997685996,0.6708984566893992,0.02482717485639717,0.3361587625501293
1.0,1.0,0.22772810134020716,0.0,0.7773544059323038,0.8586300753835292,1.435903133475069,0.0806735404954184,-0.23582049450726872,1.815517822161245,1,0.37065172195434565,0.5711238953200253,0.17017955603924662,0.046615579058582546,0.004073634528599787,0.0009835738238486783,0.11747576019999993,2.405242010244672e+18,2.201230505364947,0.031271702246232366,1.2298429880079389e+21,1.8912323981276804,0.11620463436695236,1.0798514673939004e+16,2.141868090188091e+16,1.0,0.17225350855099505,1.595423075285825,0.02,1.0,3.909906932018577e+19,0.39099069320185775,0.01346918678992697,1.346918678992697e+18,,0.3697235760004947,0.053138222260020254,0.039220523755686625,0.043583917675495146,0.0,0.29521841310782754,0.5052497086999997,0.005543388323848604,0.0036662996404414018,721234.6884992194,0.6549260534999998,101502.29501167472,0.08487712189999999,180535.2020263672,54542.118072509766,0.3335067319922535,0.8180306408467908,0.6227254688999997,0.004559814499999926,4.783575664867054,0.03209082985172485,0.8768368580124594,0.8977032439275221,0.0,68723.0,738122.0,2020.0,10.19508561221036,2.5,1.872,1.3631189140406519,7104.141424005681,8473.543189,0.0,0.0,1.0,1.4260586941979423,1.4830508649999996,0.0026439841498028145,0.002880446051924743,0.6535872091963858,0.024894072913287355,0.3368742763575056
1.0,1.0,0.22809142822569065,0.0,0.7687120603236246,0.7555963920010497,1.435766750960328,0.0834966687763853,-0.04569792779638422,1.9182597964560162,1,0.3692868216471238,0.57264044880867,0.16593318771232257,0.06335659515850191,0.008248233211972584,0.0017245730255854349,0.07496829089999976,2.4028249144533596e+18,2.0760937845334406,0.030653932614759863,9.879952248464879e+20,1.8832371078996784,0.019812848335334844,4.471288049753305e+16,2.873146114766337e+16,1.0,0.17233306545398017,1.597036757252433,0.02,1.0,3.67084950169277e+19,0.367084950169277,0.006755017623345563,6.755017623345563e+17,,0.3485325885224271,0.04919910510550272,0.03413520727034925,0.038467281571932674,0.0,0.28281907235412196,0.5389934940000001,0.007434318925585387,0.002781512135449362,722690.8269277691,0.6625064919999998,97472.52375247773,0.08592238439999997,145655.57861328125,41064.20135498047,0.33359796028522515,0.8014551440548837,0.6139617848999999,0.005709745899999952,4.793080373243852,0.026522465317509337,0.8771013522689992,0.8979779915376143,0.0,68724.0,738122.0,2020.0,10.22324800491333,2.5,1.863,1.3696495728059248,7061.01835493608,8586.291584999999,0.0,0.0,1.0,1.2620113017074406,1.2544499949999994,0.0032150379636070947,0.0036367238314017995,0.6531512901009154,0.024979990272906934,0.33622359813558594
1.0,1.0,0.2222799076275392,0.0,0.9319592637534959,0.9604169465579093,1.4369126813868514,0.024121073765286584,-0.11086745415409331,1.984630219231834,1,0.3708974949338219,0.5858967304229737,0.15589826079932126,0.07522937562770259,0.007828709706646004,0.0015844344785522178,0.11225646569999981,1.4637788345352369e+20,3.959023503353819,0.037130210269581077,1.595938638810537e+21,5.158719625685601,1.0270348434762522,3.823881484335447e+16,2.7487108014723148e+16,1.0,0.24190741985385578,1.5810627828944814,0.02,1.0,7.300617877877124e+19,0.7300617877877125,0.021176343220660414,2.1176343220660413e+18,,0.4686741784945345,0.0596672712429811,0.24161926608718995,0.21173959853260732,0.0,0.4487334703496437,0.7965923323000001,0.008445108478552229,0.006043834971513939,803366.2701487963,0.7697585664999997,222884.8213118084,0.2053174024999999,254653.6407470703,57406.44454956055,0.36639451892544284,1.0146686175577895,0.908848798,0.006860674000000011,3.2010543346405025,0.009083278520319489,0.8765311444347554,0.8935900709845802,0.0,68728.0,738122.0,2020.0,9.859634269367564,2.5,1.917,1.278670863671736,11502.108442826702,11570.568375,0.0,0.0,1.0,1.076178249438241,1.0768836549999998,-0.008616001768545671,-0.008352765686471354,0.8321887202578707,0.02496588216147443,0.39078443642029315
2.0,,0.22377610071138898,0.0,0.6305812802351015,0.6458779434149297,1.4469436227203918,0.0003376663187916074,-0.05252093672540469,3.041843110257623,1,0.3667409975420345,0.5952669707211581,0.13821501623500476,-0.018001378839682333,0.010974528120636507,0.0044716928709218045,-0.020681681588700044,9.99976038532681e+18,1.4092578359413892,0.042249420209364355,8.178732042488672e+20,0.0950432671942264,0.00725074158413436,7526682466450567.0,4.543374580220351e+16,0.0,0.2398126518967662,1.5625276077877392,0.02,1.0,2.6589887757468115e+19,0.26589887757468117,0.009057943895362304,9.057943895362304e+17,,0.17490627842944742,0.03869461916302395,0.01874663235374714,0.01600321325148701,611368.6369999998,0.21607075835490264,0.7793577538713998,0.0056986006472217725,0.0034704365268223973,-0.0,-0.0,122710.65473466016,0.14678856949999994,135149.93286132812,47227.691650390625,0.3649227285693171,0.7443115677754822,0.7586760722826997,0.001226907776299968,3.198707125403664,0.027028832182411523,0.8699744790792464,0.8841027698733589,0.0,69668.0,738185.0,2021.0,9.763823986053467,2.0,1.58,1.2648025100881404,7722.323308771305,7427.0531026300005,0.0,0.0,1.0,2.2249033452979234,2.227715655000001,-0.011889130554415962,-0.00944891322234815,0.08675395275595767,0.025154833469404426,0.3866238638078051
2.0,2.0,0.2259804407755533,0.0,0.6324073474011609,0.649725524086621,1.4371192485439657,-0.0,0.0,3.815699051864116,1,0.3682353567509423,0.5946599443753559,0.14181077196484515,-0.049471777319938334,0.02363725816099064,0.0042338615797790895,-0.02319000899999996,1.1872653565643722e+20,1.227431661041919,0.03402348613739002,1.0516176875712521e+21,0.09059528311038827,0.03299755870649944,6011814585453856.0,2.5165202087486156e+16,0.0,0.2422207511660448,1.5747811396916702,0.02,1.0,2.246836237095592e+19,0.2246836237095592,0.0028833636628567915,2.8833636628567917e+17,14695854230.959856,0.1487813071172058,0.047001921133297396,0.017209615623541338,0.015748760956967724,860654.0694999996,0.1945875518458535,0.9970833989999998,0.033428206579779046,0.0012677436597420468,-0.0,-0.0,110994.98690839882,0.11323932049999995,272861.57226562494,97781.33646647136,0.36581096177898054,1.053053885800873,0.9738933899999997,0.029194344999999955,3.238652365548269,0.008322980742833316,0.8759945063363938,0.8905432281040007,0.0,69807.0,738192.0,2021.0,9.994938214619953,2.2,1.47,1.3147827330089745,8017.4426385788665,7767.87272,0.0,0.0,1.0,2.103931250968293,2.0848126899999997,-0.00887343713215419,-0.007153022635195934,0.08224961780640377,0.02493903182915478,0.38227891209155146
2.0,2.0,0.22324807729039864,0.0,0.7648380416991827,0.6035522537593594,1.4451578416153685,0.16398551848370368,0.5883721557223992,1.422982913314317,1,0.3679189724581581,0.5818259488968621,0.1540119867949258,-0.11324104867726031,0.03893585318083992,0.016098944934694062,-0.052572017999999915,2.8829476616632407e+18,1.674228543473873,0.04121123295738572,1.0599153191181702e+21,0.1571826947919874,0.014778824957070854,1.968629758253784e+16,2.8991781298542132e+16,0.0,0.24084460626554732,1.5663720482871641,0.02,1.0,3.1005120567418704e+19,0.31005120567418704,0.014946078906857329,1.4946078906857329e+18,-211634902910.15344,0.20111044894002772,0.06644864676009186,0.02017017437859852,0.024827897532939066,0.0,0.24162026744115966,0.5584892839999999,0.024450170934694107,0.00852975649087576,702375.3121183296,0.6863956194999997,281910.39968437987,0.20159731049999996,,,0.3656925365708484,0.8485821711261999,0.505917266,0.008351226000000045,3.1940932046799424,0.06352497552267929,0.8715049894083111,0.8871608461652482,0.0,69807.0,738192.0,2021.0,9.78609802609398,2.2,1.94,1.2684223822184968,9450.468633742556,11356.832530000001,0.0,0.0,1.0,,1.7515420099999994,-0.008941543244180223,-0.007738833748070254,0.1356909966043532,0.024982918322886866,0.38840122384738357
1.0,1.0,0.2229542935436422,0.0,0.9043361842960376,0.9343658769279631,1.436355991026218,0.04550052935973454,-0.6817014621364651,1.6605343653645614,1,0.37159203534776514,0.591746528040279,0.15143753791397271,0.08385202067587201,0.0059036091657172045,0.00011269461851637005,0.09270496139999986,4.312749257181405e+18,2.831533250224311,0.037059036905115195,1.1257901115464752e+21,3.9519518805190272,0.20517776496618229,3.0761027216291234e+19,1.2632266529120926e+19,1.0,0.24220059779228859,1.589132238518108,0.02,1.0,5.191331138922026e+19,0.5191331138922026,0.015196220264186478,1.5196220264186478e+18,-10618676787.697243,0.33461501573616453,0.07177713303859365,0.06293095119380995,0.065310150903021,0.0,0.35263204177687857,0.7286333170999998,0.00882692011851632,0.003031525988057778,775415.0154932041,0.7407276134999998,205829.6146993525,0.18555041099999994,210664.85595703125,62531.90994262695,0.36592017425110396,0.9009987456172975,0.8213382784999996,0.00871422549999995,3.248599301684986,0.00992840628532864,0.875931979580359,0.8926701166413046,1.0,69891.0,738197.0,2021.0,9.910148013721813,2.5,1.174,1.2909656221216375,11282.9072265625,12744.169361999999,0.0,0.0,1.0,1.0975630829617804,1.09099329,-0.005534987558018077,-0.0054061244644055305,0.7977309156752199,0.05725969527341501,0.3891498579473137
1.0,1.0,0.22493754003358923,0.0,0.8810322999725468,,1.437146026073579,,,,1,0.3754002063170723,0.5778416628422945,0.1729587523833565,0.025443283393724356,0.00452488114881413,,,2.9166553702171043e+20,3.4509180261520664,0.03478054287122633,1.313578499976034e+21,6.931019953392599,1.3011504389565374,3.820947626080309e+17,2.2497055901463867e+19,0.0,0.2300413860385572,1.572809872419938,0.02,1.0,6.2468083025115505e+19,0.6246808302511551,0.005984502517459597,5.984502517459597e+17,475038581.18011343,0.4333954145969457,0.10050236126070078,0.11638565806702254,0.09902599274131293,,0.40388666315186794,,,0.003403986515136463,857521.5298004489,,178715.4834708457,,252866.1193847655,67930.42564392088,0.3609454796744817,1.0211453711479315,,,3.405009756917539,0.13514898169290696,0.8760923069456351,0.8935462599215303,1.0,69891.0,738197.0,2021.0,9.931375171827234,2.5,1.96,1.3001212451768958,10393.363366168478,,,0.0,1.0,2.608648321082562,,-0.0003745834464612215,-0.0007310720184645818,0.8702344782782844,0.07355835306842329,0.37800622744530893
1.0,1.0,0.2216045314615423,0.0,0.9193415001516332,1.0020005019307237,1.436448866225564,0.05234679014454312,0.8688634350557499,1.6238332808432399,1,0.3697412515228445,0.5932591367851604,0.14622336355122653,0.07662292788194373,0.020564091922321105,0.009585247762742236,0.12215706250000002,4.849050141351902e+18,2.9705273931613188,0.03853600749102495,1.0923660541270537e+21,6.028642563939888,0.11545109958603139,5.834440526184737e+18,3.607407015814676e+18,1.0,0.24076804516480102,1.5924307866529983,0.02,1.0,5.446607946240728e+19,0.5446607946240728,0.01719377224571897,1.7193772245718968e+18,1693450910.1551068,0.3482422478387837,0.051673365850153995,0.07085552553463094,0.07301771896920992,0.0,0.3636346264566306,0.7191280574999999,0.0203545837627422,0.0036714412735982765,643900.7191495281,0.8187545509999996,191720.8066065631,0.17352459499999995,202177.76489257812,60885.97869873047,0.3654905017017309,0.9087327547528848,0.8412851199999999,0.010769335999999963,3.2451982823285186,0.02460723921167716,0.8758385018868878,0.8926934058015997,1.0,69892.0,738197.0,2021.0,9.869228493083606,2.5,1.206,1.2793898474086414,11359.192560369316,12722.226648,0.0,0.0,1.0,1.0826747328578077,1.0972851199999993,-0.00720549374818802,-0.006628045441836795,0.8576868248632921,0.038135431562107996,0.3915615214349843
1.0,1.0,0.22196435521949423,0.0,0.8449236322830211,,1.4364158752926321,,,,1,0.37327598848126153,0.5918903811411423,0.15466159649870612,0.08046529237123845,0.022471268200836208,,,2.940786456503218e+20,3.1951856000232506,0.0375974835915998,1.2444444105136687e+21,5.53342141824888,0.5203625696108708,1.0539867938278698e+18,5.322555990975314e+18,1.0,0.2412541694651742,1.5868379148569973,0.02,1.0,5.865420337305304e+19,0.5865420337305304,0.013516557565363128,1.3516557565363128e+18,-1435545732.3487635,0.3764210948841073,0.06866934711727601,0.10805486553750829,0.10645068996988141,,0.383412921612993,,,0.0036095795990682836,777889.3086960686,,208137.87726699607,,251939.22424316406,70833.65631103516,0.3659322110808476,1.018591812579712,,,3.2163651097904555,0.011129093874936317,0.8763880553570661,0.8924465477466582,1.0,69892.0,738197.0,2021.0,9.865479989485307,2.5,1.838,1.2786490104415198,10414.92267400568,,,0.0,1.0,1.050204229207632,,-0.008514233610846779,-0.008219623641872948,0.8458897230262471,0.04239707634825998,0.39106541743523165
1.0,1.0,0.22336238893595603,0.0,0.8797173874627155,0.874850836698402,1.4348089217862607,0.06544988348952645,-0.5952610013641594,1.8964652908348716,1,0.36932915991002857,0.592687647451054,0.14597066356377167,0.11827672011571819,0.03104215467161343,0.008754892058516314,-0.027509655999999997,4.293076601745447e+18,2.6366894969833083,0.0361804915341463,7.441780170468296e+20,3.7340302282607016,0.4070447199881454,7.707460838112821e+19,2.69898771858684e+19,1.0,0.24253554011194034,1.587033911184831,0.02,1.0,4.78157623811401e+19,0.478157623811401,0.00865805470856231,8.658054708562309e+17,-10285865326.630896,0.30927829192860323,0.08101116344346669,0.03601218007142265,0.03947242193412852,0.0,0.33264937784847776,0.7579578349999997,0.013452465058516268,0.0018552224612024201,686085.7681724041,0.6487299364999998,207111.79478625988,0.19044927899999994,152017.95959472656,45695.97244262695,0.36579022835279745,0.8111336100313971,0.7304481789999997,0.004697572999999955,3.2431553710590704,0.009844890784659747,0.8764436868104069,0.8930112042210316,1.0,69895.0,738197.0,2021.0,9.928343816237014,2.5,1.117,1.2955078049139543,11024.317693536932,11648.591606,0.0,0.0,1.0,1.2825063973627566,1.2947970099999988,-0.006339999085122889,-0.0060850057369944725,0.787241572668178,0.08022458880561234,0.3882040295272578
1.0,1.0,0.22292787513949655,0.0,0.9510702451705976,0.9501584128349402,1.4361967037345698,0.047284725814484035,-0.6240955944330309,1.7510789928349015,1,0.37037510898980225,0.5901500338857822,0.15060018680312415,0.05903647365481429,0.01111361805791982,0.0016700121484087872,0.010222653700000087,4.014498514816839e+18,3.027636769111268,0.03691978419910767,7.255128345766982e+20,5.773211104230329,0.10940767867301024,1.2293189190109023e+20,3.859359079854625e+19,1.0,0.24129882408271147,1.5896192138845269,0.02,1.0,5.498156648048518e+19,0.5498156648048518,0.0063885147636410945,6.388514763641094e+17,-10759007546.209528,0.355851738241295,0.10699307259290083,0.042120683563676084,0.04777411109641709,0.0,0.3676723739291641,0.7548163742999997,0.003332931148408772,0.0018930871823120913,688451.876982564,0.6473973289999998,217849.73309311958,0.1872817464999999,171075.71411132812,48792.869567871094,0.3656035162951783,0.8346468573059654,0.7650390279999998,0.001662918999999985,3.263638301329179,0.011450406883077972,0.8761129040609706,0.8934765105897731,1.0,69896.0,738197.0,2021.0,9.91554173556241,2.5,1.134,1.2921267151832578,11845.727494673296,12522.429929999998,0.0,0.0,1.0,1.3425340612905954,1.3451279300000007,-0.004921749911525033,-0.004804332931102676,0.8523208600675913,0.09607087460721357,0.3887241890928187
2.0,2.0,0.2224090045148676,0.0,1.127163931785692,1.0893022784555944,1.441657268473621,0.09727690363475792,-0.36206160762682316,0.7408420423292928,1,0.3679283599961888,0.5788202990185131,0.15703641081398187,0.10290488839160167,0.01422526560847152,0.004731419993137871,0.10021109299999985,3.8050287456151747e+18,2.2092090211226605,0.04095721318505016,7.635551027952012e+20,1.3548813114924834,0.022877806898958183,1.5279736230546038e+16,1.1623419648028844e+16,1.0,0.24279031654228855,1.5796845067631113,0.02,1.0,4.045164614140216e+19,0.4045164614140216,0.014537369919049916,1.4537369919049915e+18,86287297411.44838,0.25920580507327684,0.03128520155733376,0.018720453220946245,0.021196691607917966,0.0,0.2929281783679592,0.4101304924999999,0.016077674493137885,0.0029962579267612567,630691.1476904855,0.5822665359999999,133353.63073274,0.13377203649999994,174286.89575195312,63302.146911621094,0.36608581252271527,0.6967957881421678,0.5103415854999998,0.011346254500000014,3.241376952691511,0.05270899364730976,0.872591815211556,0.8919106369668787,0.0,69903.0,738197.0,2021.0,9.817512772300027,1.3,1.074,1.2739280841567298,14045.90305397727,15976.889899999998,0.0,0.0,1.0,1.5600134170460447,1.5503409699999997,-0.004682343791831623,-0.004511447652475908,0.5753099700572898,0.02476305482983031,0.39105686878846657
2.0,2.0,0.22461289844729682,0.0,0.9599032345307031,0.9432525521039745,1.4405831471608666,0.08682435569691196,-0.0937880961643405,0.8099334235810678,1,0.36915483935312793,0.5846623859622262,0.15364728393879803,0.05747611893689376,0.004067191735468214,0.0022083762059746936,0.062148776599999594,7.86576122144118e+18,1.9429785479442214,0.03815589783408415,8.044721133970395e+20,0.6036328409517756,0.02256090747084465,6.354876724779743e+16,1.2206993624699618e+16,1.0,0.2426575606343284,1.5803185809742322,0.02,1.0,3.5460486770096206e+19,0.35460486770096206,0.0054531426396321175,5.453142639632118e+17,-61688642897.364174,0.2320383215012826,0.03149925618152947,0.01577384167207741,0.01599467953763434,0.0,0.2686006291528971,0.36931440490000034,0.006137458905974669,0.001215033527064579,474035.1949811753,0.43299974399999985,166312.87741347033,0.14183931399999997,138275.98571777344,52513.92364501953,0.36572223564085254,0.5872677223152427,0.43146318149999996,0.003929082699999975,3.274542526765303,0.02738383392635973,0.8731745413758536,0.890935721722516,0.0,69910.0,738198.0,2021.0,9.90890446576205,1.22,0.971,1.2968453873287547,12090.020197088068,13404.301212999999,0.0,0.0,1.0,1.4777199215660841,1.499789449999999,-0.001888527788899162,-0.001743938960399563,0.37629327884560293,0.024771614336150154,0.3857387754043508
2.0,2.0,0.2236030309096627,0.0,0.9127613919575155,0.9154600041265798,1.4427494030602992,0.07698412495997749,-0.406660250210147,0.9304608355509004,1,0.37349123540131945,0.5842187534207883,0.16276372191698654,0.04254146503111524,0.004471964758779163,0.005450547900205577,0.009264826700000088,5.739254589135079e+18,1.9900097987265322,0.03989832206394351,1.0804808479081016e+21,0.48506338854545766,0.010855828853797043,1.766942149302755e+16,3.55659713768025e+16,1.0,0.2408184635416667,1.5835095592167066,0.02,2.0,3.624294548755472e+19,0.3624294548755472,0.005637241952188063,5.6372419521880634e+17,-1603373734.0830336,0.2365106151295871,0.030619780590707482,0.014275357390573328,0.01576333632581509,0.0,0.272318371085628,0.3929384369499998,0.010284108850205559,0.001026579274311897,406481.29856641206,0.3664431239999999,156438.56457126298,0.14022171649999995,130338.1881713867,48290.296554565415,0.3653708243917096,0.5754889870516785,0.40220326364999986,0.004833560949999982,3.2695765909941303,0.04533995769998611,0.8724110385645992,0.8897598670876548,0.0,69913.0,738198.0,2021.0,9.875540650409201,1.57,1.394,1.2868311664332512,11400.596467391306,12304.523252,0.0,0.0,1.0,1.4380015064732923,1.4411371999999998,-0.005290322977563609,-0.004777688749448355,0.32659178111406845,0.025054471162983268,0.3873151726220664
2.0,2.0,0.224431189623746,33.0,0.88683372564402,0.8812940922157404,1.4340172411724121,0.046200881336978125,-0.0872687618436215,0.894792442230749,1,0.37108053808862507,0.5873072824694894,0.1548537869345058,0.04064530731711427,0.007040112246570661,0.0007662424906184455,0.042116146500000146,2.3347088286650473e+20,2.0093262052978385,0.0341845812364057,1.1445520262450509e+21,,,7.009844772919171e+16,7.449261883386931e+16,1.0,0.17199251686878111,1.6414854580705813,0.02,2.0,3.5118095749428978e+19,0.3511809574942898,0.00699914681826943,6.99914681826943e+17,116865180055.11665,0.32302563289539293,0.014412438726325241,0.019811184070451703,0.02226788861887865,0.0,0.27394861378696345,0.26525303909999975,0.003995983090618448,0.0012938841453988268,295625.8897893131,0.2704114354999999,108955.95434023478,0.09781419764999998,106285.21936590022,76814.9299621582,0.33340577315651654,0.40281027236708233,0.3073691855999999,0.003229740600000003,4.881691260771318,0.026595201730629715,0.8772270300171592,0.8993696868419645,0.0,70191.0,738241.0,2021.0,10.234114083376797,1.26,0.872,1.3606379736553538,8246.596746271305,8845.321163000002,0.0,0.0,1.0,1.1558379523296571,1.1781344449999998,0.006461437452923167,0.006793254965238951,,0.025418328209898578,0.34317644051997737
2.0,2.0,0.22394236515868793,33.0,0.9286809151322798,0.9373764532086495,1.4347449790315554,0.03609984398852233,-0.20403776743062438,0.8900266827195578,1,0.37124446305361664,0.5843519460071216,0.15813697264953094,0.04798878655117918,0.006010591307904842,6.403194590572092e-05,0.05861872979999993,1.6124200852062647e+20,2.1823340206756257,0.03515142817930732,1.1027252805032709e+21,,,3.4339983460808776e+16,3.9212351816932856e+16,1.0,0.17181865516169156,1.6412491093982349,0.02,2.0,3.807090383810006e+19,0.3807090383810006,0.007208621379838784,7.208621379838784e+17,115583239612.49144,0.3497137895886675,0.012695332847063555,0.021791708577871577,0.024415002454519535,0.0,0.2896584455701917,0.26118621915,0.0015373064959057076,0.001102422967509847,299228.14573016536,0.2795260774999999,110060.30586199915,0.09240535389999997,104093.30714832651,74271.24162153763,0.3333439203108185,0.41557097975340684,0.31980494894999995,0.0014732745499999866,4.883931333368475,0.03433089758371645,0.8767442933537744,0.8994809795509684,0.0,70193.0,738241.0,2021.0,10.203975677490234,1.27,0.88,1.3539837815544822,8606.487238103691,8720.221974,0.0,0.0,1.0,1.1023494092295694,1.1053089799999996,0.006614076820286838,0.006753672633997419,,0.025092426406259454,0.3441022377260599
2.0,2.0,0.22938040305267682,0.0,1.2444571692781865,1.2272433012826487,1.4352744753235342,0.10483255910369646,-0.007587396158933994,0.936246028873488,1,0.4072288030927831,0.6461263271895322,0.16833127831870856,0.11141940338614487,0.011271548720968055,0.0008798556139118716,0.07800582899999975,4.3125247024753833e+18,2.1842692856585226,0.029844078887592558,7.794698751165836e+20,0.3646133175986124,0.005510638246428082,2.8356304187458467e+17,9.226733502907949e+17,1.0,0.17416746781716422,1.557375122200359,0.02,3.0,3.876158416334826e+19,0.38761584163348256,0.016378824501862038,1.637882450186204e+18,6645499607385.028,0.3684779557422148,0.041610152144944144,0.01896963740229666,0.022739947123017287,0.0,0.2904091095829157,0.40280210930000016,0.002413679713911897,0.0021645196831573794,687020.3161722712,0.6252933794999997,83620.70401277732,0.06941303679999998,363492.1997070312,156005.79625909976,0.33402334749486373,0.7765168773476233,0.4808079382999999,0.0015338241000000252,4.667788050391456,0.022528207286571355,0.876629437912594,0.9037495824423702,0.0,72674.0,738534.0,2022.0,10.088996497067539,1.32,1.079,1.3458385575901377,11330.068714488636,13164.46015,0.0,0.0,1.0,1.4508282878678418,1.462012204999999,0.005436666309833527,0.003849079520229927,0.2671797100476291,0.029760961729672467,0.33473560422830057
2.0,2.0,0.2298001836646687,0.0,1.110683655558471,1.1668486369279383,1.435576774413217,0.0947990357404272,-1.6060817359936501,0.9758958247480569,1,0.40659683671864594,0.6351993652907286,0.17799431153319095,0.12346029364557293,0.005077632736942897,0.006858001189683646,0.14246338400000003,3.6513717606931144e+18,2.1598505470234106,0.029009104511954466,7.881977056544984e+20,0.3997451155746141,0.01014867422405383,3.74864657601723e+17,1.0301785990076031e+18,1.0,0.17470805356032343,1.5511839118870823,0.02,3.0,3.890847462693511e+19,0.38908474626935113,0.0202362111002547,2.02362111002547e+18,6491040954941.428,0.3693979633843055,0.04429008253774866,0.01904327427472455,0.024363511025736057,0.0,0.2910627104914657,0.3924724370999998,0.02798693768968362,0.0025638781600687693,694289.3707686036,0.6448994879999997,83468.12836949638,0.06609505209999997,352919.8593139648,145379.78085604578,0.3345491428776076,0.7630019718612976,0.5349358210999998,0.021128936499999973,4.584481022574685,0.019393743984432183,0.8770438784902745,0.9022579870440742,0.0,72674.0,738534.0,2022.0,10.082089684226295,2.04,1.816,1.3462952917272393,10098.174982244318,12340.8719,0.0,0.0,1.0,1.2479831331302098,1.2649105349999985,0.002645021135156805,0.0014756689203998328,0.28554673455280905,0.03018148482442847,0.3343692602146739
2.0,2.0,0.23107190430164337,0.0,1.2766817064572142,1.1906378725432212,1.4351648860602504,0.11033342390672665,-0.4859171129061669,1.1347281025523686,1,0.4169881858608939,0.6238716922023079,0.2101046788421544,0.0721373665247424,0.002168433046234307,0.0017526014278699265,0.069571237,6.970620257234062e+17,2.1238955950936123,0.02798600162159302,9.031665178819942e+20,0.33584452496585,0.003735550988549778,1.9881057633257187e+17,6.658171085087012e+17,1.0,0.14369063160758708,1.5689455487511375,0.02,3.0,3.710667224524557e+19,0.37106672245245564,0.011642925617435929,1.164292561743593e+18,7792759500890.282,0.4327024892343628,0.04296502811165969,0.01749136766995622,0.02248607682108826,0.0,0.2850100529009494,0.4404848086499997,0.0060194845778698824,0.0025826737474381176,776652.6899224086,0.6723792854999997,62148.93259199283,0.04689251814999999,386366.16058349604,161990.35228382453,0.3169158682286424,0.8550199036575183,0.5100560456499997,0.004266883149999956,5.888888662511651,0.06611445746149057,0.8766591725024309,0.9084540849382224,0.0,72681.0,738534.0,2022.0,10.226344975558192,1.32,1.135,1.3798847848718816,9717.490988991476,12103.43535,0.0,0.0,1.0,1.5278192059160352,1.5662569549999996,0.013375948098572815,0.010205680991268968,0.2514040214511922,0.028690392000159683,0.31043915963963914
2.0,2.0,0.229224062778733,0.0,1.3958452256335563,1.3799280652566517,1.4249695603794321,0.06881634021102885,0.8659846294641191,1.7323899983235398,1,0.41439459540627216,0.6481966078281401,0.18059258501638062,0.003701140022837758,0.0027298692370723025,0.013540247153651637,0.01645040300000017,1.4754293771217306e+20,2.9934444580276134,0.023440551411021734,9.012483067631049e+20,,,8.535790681366626e+16,4.157394967781179e+17,0.0,0.13988190189676616,1.5398853854699568,0.02,3.0,5.142428834359686e+19,0.5142428834359686,0.02156544126191683,2.156544126191683e+18,1283619670823.9714,0.6068222251654274,0.08206894451342465,0.06131315119818294,0.06983801662111283,0.0,0.35396792630937624,0.7055179401999998,0.05304812045365169,0.004663388012987832,974982.1420138025,0.8838963144999996,61245.66805517357,0.050966506199999984,333233.8973999023,119818.13049316406,0.31507836231297254,1.2134553649754944,0.7219683431999999,0.03950787330000005,5.668336738239635,0.04153889242995385,0.8831797093153,0.9156309664249419,0.0,73917.0,738611.0,2022.0,10.090605475685813,1.25,1.22,1.3426430604674602,10085.179731889202,12421.26836,0.0,0.0,1.0,1.3932894895106605,1.42974728,0.002351548184048045,0.00018307085768108,1.0,0.027518538295893274,0.31051656923271626
