time_s,S_power_balance,S_transport,S_edge_response,density_support,geometry_stability,missingness_pressure,C_edge_capacity,F_route_fragmentation,m_edge,nbi_proxy,density_proxy,dalpha_proxy,softx_lower_proxy,softx_upper_proxy,te_edge_median_proxy,te_core_median_proxy,te_profile_gradient_proxy,ne_edge_median_proxy,ne_core_median_proxy,ne_profile_gradient_proxy,q95_proxy,elongation_proxy,triangularity_upper_proxy,triangularity_lower_proxy,minor_radius_proxy,beta_normal_proxy,beta_pol_proxy,whmd_proxy,m_edge_state
-0.06720000505447388,,,,,,1.0,,1.0,,,,,,,,,,,,,,,,,,,,,insufficient_data
-0.06620000505447388,,,,,,1.0,,1.0,,,,,,,,,,,,,,,,,,,,,insufficient_data
-0.06520000505447388,,,,,,1.0,,1.0,,,,,,,,,,,,,,,,,,,,,insufficient_data
-0.06420000505447387,,,,,,1.0,,1.0,,,,,,,,,,,,,,,,,,,,,insufficient_data
-0.06320000505447387,,,,,,1.0,,1.0,,,,,,,,,,,,,,,,,,,,,insufficient_data
-0.06220000505447387,,,,,,1.0,,1.0,,,,,,,,,,,,,,,,,,,,,insufficient_data
-0.06120000505447387,,,,,,1.0,,1.0,,,,,,,,,,,,,,,,,,,,,insufficient_data
-0.06020000505447387,,,,,,1.0,,1.0,,,,,,,,,,,,,,,,,,,,,insufficient_data
-0.05920000505447387,,,,,,1.0,,1.0,,,,,,,,,,,,,,,,,,,,,insufficient_data
-0.05820000505447387,,,,,,1.0,,1.0,,,,,,,,,,,,,,,,,,,,,insufficient_data
-0.05720000505447387,,,,,,1.0,,1.0,,,,,,,,,,,,,,,,,,,,,insufficient_data
-0.05620000505447387,,,,,,1.0,,1.0,,,,,,,,,,,,,,,,,,,,,insufficient_data
-0.055200005054473866,,,,,,1.0,,1.0,,,,,,,,,,,,,,,,,,,,,insufficient_data
-0.054200005054473865,,,,,,1.0,,1.0,,,,,,,,,,,,,,,,,,,,,insufficient_data
-0.053200005054473865,,,,,,1.0,,1.0,,,,,,,,,,,,,,,,,,,,,insufficient_data
-0.052200005054473864,,,,,,1.0,,1.0,,,,,,,,,,,,,,,,,,,,,insufficient_data
-0.05120000505447386,,,,,,1.0,,1.0,,,,,,,,,,,,,,,,,,,,,insufficient_data
-0.05020000505447386,,,,,,1.0,,1.0,,,,,,,,,,,,,,,,,,,,,insufficient_data
-0.04920000505447386,,,,,,1.0,,1.0,,,,,,,,,,,,,,,,,,,,,insufficient_data
-0.04820000505447386,,,,,,1.0,,1.0,,,,,,,,,,,,,,,,,,,,,insufficient_data
-0.04720000505447386,,,,,,1.0,,1.0,,,,,,,,,,,,,,,,,,,,,insufficient_data
-0.04620000505447386,,,,,,1.0,,1.0,,,,,,,,,,,,,,,,,,,,,insufficient_data
-0.04520000505447386,,,,,,1.0,,1.0,,,,,,,,,,,,,,,,,,,,,insufficient_data
-0.044200005054473857,,,,,,1.0,,1.0,,,,,,,,,,,,,,,,,,,,,insufficient_data
-0.043200005054473856,,,,,,1.0,,1.0,,,,,,,,,,,,,,,,,,,,,insufficient_data
-0.042200005054473855,,,,,,1.0,,1.0,,,,,,,,,,,,,,,,,,,,,insufficient_data
-0.041200005054473854,,,,,,1.0,,1.0,,,,,,,,,,,,,,,,,,,,,insufficient_data
-0.04020000505447385,,,,,,1.0,,1.0,,,,,,,,,,,,,,,,,,,,,insufficient_data
-0.03920000505447385,,,,,,1.0,,1.0,,,,,,,,,,,,,,,,,,,,,insufficient_data
-0.03820000505447385,,,,,,1.0,,1.0,,,,,,,,,,,,,,,,,,,,,insufficient_data
-0.03720000505447385,,,,,,1.0,,1.0,,,,,,,,,,,,,,,,,,,,,insufficient_data
-0.03620000505447385,,,,,,1.0,,1.0,,,,,,,,,,,,,,,,,,,,,insufficient_data
-0.03520000505447385,,,,,,1.0,,1.0,,,,,,,,,,,,,,,,,,,,,insufficient_data
-0.03420000505447385,,,,,,1.0,,1.0,,,,,,,,,,,,,,,,,,,,,insufficient_data
-0.03320000505447385,,,,,,1.0,,1.0,,,,,,,,,,,,,,,,,,,,,insufficient_data
-0.032200005054473846,,,,,,1.0,,1.0,,,,,,,,,,,,,,,,,,,,,insufficient_data
-0.031200005054473845,,,,,,1.0,,1.0,,,,,,,,,,,,,,,,,,,,,insufficient_data
-0.030200005054473844,,,,,,1.0,,1.0,,,,,,,,,,,,,,,,,,,,,insufficient_data
-0.029200005054473843,,,,,,1.0,,1.0,,,,,,,,,,,,,,,,,,,,,insufficient_data
-0.028200005054473842,,,,,,1.0,,1.0,,,,,,,,,,,,,,,,,,,,,insufficient_data
-0.02720000505447384,,,,,,1.0,,1.0,,,,,,,,,,,,,,,,,,,,,insufficient_data
-0.02620000505447384,,,,,,1.0,,1.0,,,,,,,,,,,,,,,,,,,,,insufficient_data
-0.02520000505447384,,,,,,1.0,,1.0,,,,,,,,,,,,,,,,,,,,,insufficient_data
-0.02420000505447384,,,,,,1.0,,1.0,,,,,,,,,,,,,,,,,,,,,insufficient_data
-0.023200005054473838,,,,,,1.0,,1.0,,,,,,,,,,,,,,,,,,,,,insufficient_data
-0.022200005054473837,,,,,,1.0,,1.0,,,,,,,,,,,,,,,,,,,,,insufficient_data
-0.021200005054473836,,,,,,1.0,,1.0,,,,,,,,,,,,,,,,,,,,,insufficient_data
-0.020200005054473835,,,,,,1.0,,1.0,,,,,,,,,,,,,,,,,,,,,insufficient_data
-0.019200005054473834,,,,,,1.0,,1.0,,,,,,,,,,,,,,,,,,,,,insufficient_data
-0.018200005054473833,,,,,,1.0,,1.0,,,,,,,,,,,,,,,,,,,,,insufficient_data
-0.017200005054473833,,,,,,1.0,,1.0,,,,,,,,,,,,,,,,,,,,,insufficient_data
-0.01620000505447383,,,,,,1.0,,1.0,,,,,,,,,,,,,,,,,,,,,insufficient_data
-0.01520000505447383,,,,,,1.0,,1.0,,,,,,,,,,,,,,,,,,,,,insufficient_data
-0.01420000505447383,,,,,,1.0,,1.0,,,,,,,,,,,,,,,,,,,,,insufficient_data
-0.013200005054473829,,,,,,1.0,,1.0,,,,,,,,,,,,,,,,,,,,,insufficient_data
-0.012200005054473828,,,,,,1.0,,1.0,,,,,,,,,,,,,,,,,,,,,insufficient_data
-0.011200005054473827,,,,,,1.0,,1.0,,,,,,,,,,,,,,,,,,,,,insufficient_data
-0.010200005054473826,,,,,,1.0,,1.0,,,,,,,,,,,,,,,,,,,,,insufficient_data
-0.009200005054473825,1.0,,0.7172448166148709,0.0,,0.5555555555555556,0.4781632110765806,0.9191919191919191,-0.4410287081153385,,2.781032212248658e+17,-0.0048828125,-3.8146972521148245e-05,-2.861022954285066e-05,,,,,,,,,,,,,,,negative_leakage_margin
-0.008200005054473825,1.0,,0.7134882661385498,0.0,,0.5555555555555556,0.47565884409236653,0.9191919191919191,-0.4435330750995526,,8.374375337374515e+16,-0.0048828125,-2.861022946641917e-05,-0.00011444091802028666,,,,,,,,,,,,,,,negative_leakage_margin
-0.007200005054473824,1.0,,0.7148724083266065,0.0,,0.5555555555555556,0.476581605551071,0.9191919191919191,-0.44261031364084813,,-279001075548160.0,-0.0048828125,-0.0002002716061832617,0.0001335144040697643,,,,,,,,,,,,,,,negative_leakage_margin
-0.006200005054473823,1.0,,0.7155730235042748,0.0,,0.5555555555555556,0.4770486823361832,0.9191919191919191,-0.4421432368557359,,1.1888249573002445e+17,-0.0048828125,-8.583068832559212e-05,7.104488167469086e-14,,,,,,,,,,,,,,,negative_leakage_margin
-0.005200005054473822,1.0,,0.7294884939774582,0.0,,0.5555555555555556,0.4863256626516388,0.9191919191919191,-0.4328662565402803,,6.574364851542426e+16,-0.0048828124976892946,-6.675720230188279e-05,0.0002479553222114678,,,,,,,,,,,,,,,negative_leakage_margin
-0.004200005054473821,1.0,,0.7358282068954132,0.0,,0.5555555555555556,0.49055213793027547,0.9191919191919191,-0.42863978126164365,,6.554958471312179e+16,-0.0048828125,0.00013351440415012656,0.00011444091800543711,,,,,,,,,,,,,,,negative_leakage_margin
-0.00320000505447382,1.0,,0.695451697468718,0.0,,0.5555555555555556,0.46363446497914534,0.9191919191919191,-0.45555745421277377,,-5.448190066792858e+16,-0.0048828125,-0.000429153442112609,4.768371575509096e-05,,,,,,,,,,,,,,,negative_leakage_margin
-0.0022000050544738192,1.0,,0.6950822673578826,0.0,,0.5555555555555556,0.4633881782385884,0.9191919191919191,-0.4558037409533307,,2.758674674089984e+17,0.05371093749515497,0.00015258789005722316,-0.0001335144037385612,,,,,,,,,,,,,,,negative_leakage_margin
-0.0012000050544738183,1.0,,0.647379406371741,0.0,,0.5555555555555556,0.431586270914494,0.9191919191919191,-0.48760564827742514,,7.686064565712323e+17,0.13183593750245978,0.0001811981208378272,-0.0003051757809809612,,,,,,,,,,,,,,,negative_leakage_margin
-0.00020000505447381745,1.0,,0.6925755948702627,0.0,,0.5555555555555556,0.46171706324684175,0.9191919191919191,-0.45747485594507736,,1.1137222658091909e+18,0.08544921875249706,0.0006484985357902674,-0.0004959106444142006,,,,,,,,,,,,,,,negative_leakage_margin
0.0007999949455261834,1.0,,0.7027853725169212,0.0,,0.5555555555555556,0.46852358167794744,0.9191919191919191,-0.4506683375139717,,1.405057662797742e+18,0.03173828125253432,-0.0003051757812302006,0.0003814697259685181,,,,,,,,,,,,,,,negative_leakage_margin
0.0017999949455261843,1.0,,0.6197685773261671,0.0,,0.5555555555555556,0.41317905155077805,0.9191919191919191,-0.5060128676411411,,1.4047899317163786e+18,0.15380859374742842,0.00041007995662726855,-0.0009155273435089132,,,,,,,,,,,,,,,negative_leakage_margin
0.0027999949455261852,0.9968817119679859,,0.5880102040902838,0.0018482508777336339,,0.5555555555555556,0.39262288635276704,0.9166405926202712,-0.5240177062675042,,2.959972438269493e+18,0.3759765624713025,0.0029563903778021157,-0.0019836425765148435,,,,,,,,,,,,,,,negative_leakage_margin
0.003799994945526186,0.9027481050320407,,0.27111650881407984,0.05764249433997797,,0.5555555555555556,0.1999585039893792,0.839622186945407,-0.6396636829560278,,1.1463869970518114e+19,0.791015625,-6.675720220011974e-05,-0.0006103515623759626,,,,,,,,,,,,,,,negative_leakage_margin
0.004799994945526187,0.7966811027384997,,0.27086099992133544,0.12050982028132015,,0.5555555555555556,0.22074394004133036,0.7528400941597826,-0.5320961541184522,,2.104581363991157e+19,0.7958984374973166,-7.62939452496078e-05,-0.0005531311034108047,,,,,,,,,,,,,,,negative_leakage_margin
0.005799994945526188,0.7831850626790423,,0.42617420175370735,0.1285091031024486,,0.5555555555555556,0.32695250220328775,0.741797879565681,-0.41484537736239324,,2.226502689958029e+19,0.5151367187636033,-1.907348613682788e-05,-0.0004577636718112343,,,,,,,,,,,,,,,negative_leakage_margin
0.006799994945526189,0.7349789175644438,,0.5321334993546267,0.15708152781289653,,0.5555555555555556,0.4071161755073833,0.7023564881082822,-0.2952403126008989,,2.6619902186131292e+19,0.31738281248896827,-3.814697245155919e-05,-0.0003814697266486856,,,,,,,,,,,,,,,negative_leakage_margin
0.00779999494552619,0.6730538569123609,,0.5233318686497441,0.1937853366108279,,0.5555555555555556,0.41348302463677206,0.6516905293929417,-0.23820750475616964,,3.2214124989278847e+19,0.3442382812472048,0.00021934509279527507,-0.0006103515621942741,,,,,,,,,,,,,,,negative_leakage_margin
0.00879999494552619,0.6310540246531777,,0.45182721419495425,0.21867919697290727,,0.5555555555555556,0.3741112084542719,0.6173270302717919,-0.24321582181752,,3.6008330709524546e+19,0.43457031250283246,-0.00047683715687540083,-0.00019073486423278562,,,,,,,,,,,,,,,negative_leakage_margin
0.009799994945526191,0.588823332735453,,0.45692559320492315,0.24370989093154743,,0.5555555555555556,0.38585369244713125,0.5827746459754716,-0.19692095352834033,,3.98233919663259e+19,0.47119140625286976,-1.90734863505449e-05,-0.0003051757813620995,,,,,,,,,,,,,,,boundary_ambiguous_margin
0.010799994945526192,0.5789034752861802,,0.46694821467371656,0.24958952265555112,,0.5555555555555556,0.394495317334328,0.5746583989715213,-0.18016308163719325,,4.071953792342845e+19,0.456542968758721,7.629394502861161e-05,-0.00038146972660792216,,,,,,,,,,,,,,,boundary_ambiguous_margin
0.011799994945526193,0.5630539032838972,,0.4381639977133503,0.25898377522753113,,0.5555555555555556,0.3784372568847439,0.5616905673332896,-0.1832533104485457,,4.215136594558347e+19,0.5126953124911672,-1.9073485707064614e-05,-0.000247955322265625,,,,,,,,,,,,,,,boundary_ambiguous_margin
0.012799994945526194,0.5673170175225134,,0.48401930151473777,0.25645697059867445,,0.5555555555555556,0.4081651912093833,0.5651785698921574,-0.1570133786827741,,4.1766242206745625e+19,0.43945312499701844,0.00013351440423864147,-0.00029563903791123697,,,,,,,,,,,,,,,boundary_ambiguous_margin
0.013799994945526195,0.5561119991145349,,0.583592503987512,0.26309833435178226,,0.5555555555555556,0.4767611141089354,0.5560108275583568,-0.07924971344942144,,4.27784877956483e+19,0.322265625,0.00045776367175707713,3.814697263266543e-05,,,,,,,,,,,,,,,boundary_ambiguous_margin
0.014799994945526196,0.5642160883890651,,0.39414892750386693,0.25829493262586534,,0.5555555555555556,0.34886426254453307,0.5626414460556998,-0.2137771835111667,,4.204637577927039e+19,0.6054687500458414,1.907348648331732e-05,-0.00020980834977650517,,,,,,,,,,,,,,,negative_leakage_margin
0.015799994945526197,0.5713050670055919,,0.4956380399341022,0.2540932005165425,,0.5555555555555556,0.4151230934615823,0.5684415194692216,-0.15331842600763929,,4.140596743069552e+19,0.43212890626546685,0.0001335144045385441,-0.00014305114725551878,,,,,,,,,,,,,,,boundary_ambiguous_margin
0.016799994945526198,0.581979965037809,,0.47792167105871686,0.24776604617569756,,0.5555555555555556,0.4012031294310438,0.5771755269501266,-0.17597239751908283,,4.0441612170252255e+19,0.4736328124968694,0.00017166137678191847,-0.00011444091804212422,,,,,,,,,,,,,,,boundary_ambiguous_margin
0.0177999949455262,0.5792366687705874,,0.545333300831042,0.24939203443647437,,0.5555555555555556,0.4466862120328528,0.5749310118223998,-0.128244799789547,,4.0689437693106455e+19,0.3637695312468321,5.7220459256616675e-05,0.00022888183608599547,,,,,,,,,,,,,,,boundary_ambiguous_margin
0.0187999949455262,0.571203804228332,,0.5360283826800774,0.2541532203142748,,0.5555555555555556,0.4420699952248099,0.568358668106009,-0.1262886728811991,,4.1415115367438615e+19,0.36132812500320516,-6.675720188551319e-05,0.0001811981201046673,,,,,,,,,,,,,,,boundary_ambiguous_margin
0.0197999949455262,0.5622074340972535,,0.5458634410874479,0.25948548879636335,,0.5555555555555556,0.4504041236570864,0.5609980016351266,-0.11059387797804021,,4.222783478027203e+19,0.36621093750972733,-1.907348636612237e-05,0.00036239624025970657,,,,,,,,,,,,,,,boundary_ambiguous_margin
0.0207999949455262,0.5436254223658877,,0.5406295771780107,0.2704992948142671,,0.5555555555555556,0.45058614972342953,0.5457945374912819,-0.0952083877678524,,4.3906507560909275e+19,0.4052734375032797,0.00015258789042001803,0.0004386901851625338,,,,,,,,,,,,,,,boundary_ambiguous_margin
0.021799994945526202,0.5353985519739298,,0.4993522767994575,0.2753754705449344,,0.5555555555555556,0.42469334138128306,0.5390634617160436,-0.11437012033476052,,4.4649711450588185e+19,0.45166015625331696,0.0002193450923588149,1.9073486703876784e-05,,,,,,,,,,,,,,,boundary_ambiguous_margin
0.022799994945526203,0.5332937467277488,,0.510875809669353,0.276623016667606,,0.5555555555555556,0.43279154533543734,0.5373413483328046,-0.10454980299736721,,4.4839856593449255e+19,0.45410156250335426,0.00016212463395939554,0.00034332275360489156,,,,,,,,,,,,,,,boundary_ambiguous_margin
0.023799994945526204,0.5297676112978638,,0.4918383621464056,0.2787130041339285,,0.5555555555555556,0.4207965761422465,0.5344563284356258,-0.11365975229337932,,4.515840270420201e+19,0.4809570312601746,0.00021934509270719687,0.000171661376953125,,,,,,,,,,,,,,,boundary_ambiguous_margin
0.024799994945526205,0.5321927574451845,,0.46527642160430777,0.27727558768958455,,0.5555555555555556,0.4026094769660667,0.5364405389197974,-0.13383106195373068,,4.493931841529787e+19,0.5078125000308591,2.8610230175266636e-05,0.00017166137660488859,,,,,,,,,,,,,,,boundary_ambiguous_margin
0.025799994945526206,0.517809597036097,,0.4824329492435374,0.2858006785656541,,0.5555555555555556,0.41688885901757633,0.5246724985850894,-0.10778363956751302,,4.623867287849193e+19,0.5419921875103981,0.0004577636716312927,0.0003051757810875285,,,,,,,,,,,,,,,boundary_ambiguous_margin
0.026799994945526207,0.5066738559992919,,0.47083740193090434,0.29240098069752485,,0.5555555555555556,0.41135859485311116,0.5155614377367944,-0.10420284288368326,,4.72446600472093e+19,0.5688476562675167,0.0004577636715739327,0.00035285949697451836,,,,,,,,,,,,,,,boundary_ambiguous_margin
0.027799994945526207,0.510324281751458,,0.4121932266091938,0.2902373247006204,,0.5555555555555556,0.371541259306336,0.5185481497158394,-0.14700689040950338,,4.69148857237137e+19,0.61767578125,5.72204591226796e-05,0.00021934509288408117,,,,,,,,,,,,,,,boundary_ambiguous_margin
0.02879999494552621,0.5129163654291751,,0.4350348273412933,0.2887009621570342,,0.5555555555555556,0.3862568722798736,0.5206689454521533,-0.13441207317227966,,4.668072053332299e+19,0.6372070312464221,1.9073485517514415e-05,0.0009155273442810897,,,,,,,,,,,,,,,boundary_ambiguous_margin
0.02979999494552621,0.5055738403972783,,0.4942347753216016,0.2930529746060636,,0.5555555555555556,0.4271741750830889,0.5146614249715105,-0.08748724988842155,,4.7344033908127695e+19,0.6762695312463849,0.0004005432126223141,0.0019836425787463515,,,,,,,,,,,,,,,boundary_ambiguous_margin
0.03079999494552621,0.49278508188975967,,0.5975653418795471,0.30063304222456977,,0.5555555555555556,0.4985879086612213,0.5041978952835408,-0.0056099866223194295,,4.849935234808309e+19,0.6323242187682621,0.0007343292229765209,0.0034713745114334058,,,,,,,,,,,,,,,boundary_ambiguous_margin
0.03179999494552621,0.49008180389316675,,0.5678209322606442,0.3022353111229735,,0.5555555555555556,0.4792923918814207,0.5019861223772374,-0.02269373049581669,,4.8743562676705165e+19,0.6347656250036897,0.0004196166989016685,0.0029754638673028023,,,,,,,,,,,,,,,boundary_ambiguous_margin
0.03279999494552621,0.492774906928006,,0.588659147911753,0.30063907306001497,0.1824496161923449,0.33333333333333337,0.41510174626896645,0.4637855299107928,-0.04868378364182635,,4.8500271539803914e+19,0.5786132812649077,0.00017166137750634344,0.003166198730497867,,,,,,,10.856426239013691,1.5958787202835096,0.23053333163261427,0.23053333163261427,0.4929923117160809,0.1696141958236698,0.056123591959476526,27497.355468750247,boundary_ambiguous_margin
0.03379999494552621,0.48558797604809134,,0.6058225920682626,0.304898862781375,0.18083148261702953,0.33333333333333337,0.42434388238373244,0.45790531373631715,-0.033561431352584714,,4.914952875795913e+19,0.5517578125,0.00021934509065606677,0.0037193298345137176,,,,,,,10.99725112915041,1.6048560142517103,0.2314684182405473,0.2314684182405473,0.5015172719955456,0.1721777051687244,0.05653695166110998,29282.389843750247,boundary_ambiguous_margin
0.034799994945526214,0.47193356684708276,,0.625313283244435,0.3129920131034761,0.1792133490417142,0.33333333333333337,0.4357079821585151,0.4467335243900374,-0.0110255422315223,,5.038304886292847e+19,0.5444335937538015,0.0004577636723204864,0.003585815429776597,,,,,,,11.138076019287128,1.613833308219911,0.23240350484848035,0.23240350484848035,0.5100422322750103,0.17474121451377905,0.056950311362743436,31067.424218750246,boundary_ambiguous_margin
0.035799994945526215,0.45572942907230723,,0.5990442829369513,0.322596421534535,0.17759521546639875,0.33333333333333337,0.42457005071870907,0.4334755934834028,-0.008905542764693741,,5.184690785782386e+19,0.5175781250230325,6.675720327307228e-05,0.0028419494631305472,,,,,,,11.278900909423848,1.6228106021881117,0.2333385914564134,0.2333385914564134,0.518567192554475,0.17730472385883367,0.05736367106437689,32852.45859375025,boundary_ambiguous_margin
0.036799994945526215,0.44974392262374874,,0.6192827850004134,0.326144110982608,0.17597708189108338,0.33333333333333337,0.43517169071862954,0.42857836093458224,0.006593329784047308,,5.238763008417805e+19,0.520019531242248,0.0004386901857891264,0.002784729004390753,,,,,,,11.419725799560567,1.6317878961563124,0.23427367806434643,0.23427367806434643,0.5270921528339398,0.17986823320388828,0.05777703076601034,34637.492968750244,boundary_ambiguous_margin
0.037799994945526216,0.448125422128553,,0.6433608372228972,0.3271034177978048,0.17435894831576929,0.33333333333333337,0.4470460101398421,0.42725413325669487,0.019791876883147208,,5.25338431404397e+19,0.4907226562421734,0.0005722045893851611,0.002784729004334266,,,,,,,11.560550689697273,1.6407651901245137,0.23520876467228047,0.23520876467227897,0.5356171131134041,0.18243174254894193,0.058190390467643474,36422.52734375025,boundary_ambiguous_margin
0.03879999494552622,0.4555623941738559,,0.6293949159528643,0.32269542534512125,0.18216200515809305,0.33333333333333337,0.44091181560223575,0.4333389285664882,0.007572887035747544,,5.186199755540346e+19,0.49560546875,0.00045776367212191013,0.002708435058717205,,,,,,,11.61644363403321,1.6556735038757346,0.24313766956329458,0.23241701424121816,0.5415931224823006,0.17786175608634883,0.05627522841095897,38230.30546875026,boundary_ambiguous_margin
0.03979999494552622,0.45483520085465784,,0.6225661557853981,0.3231264425175861,0.1899650620004166,0.33333333333333337,0.4395559540221997,0.43274395221441697,0.0068120018077827416,,5.192769117613982e+19,0.46630859375,0.00020980835018574127,0.002593994141185789,,,,,,,11.67233657836915,1.6705818176269553,0.2510665744543087,0.22962526381015738,0.5475691318511972,0.17329176962375575,0.054360066354274476,40038.08359375026,boundary_ambiguous_margin
0.04079999494552622,0.44828982808951784,,0.6253482734076093,0.3270059721935058,0.1977681188427402,0.33333333333333337,0.44386765946286616,0.42738864722475706,0.016479012238109103,,5.2518990937371705e+19,0.4809570312620753,0.00019073486460198616,0.00282287597599647,,,,,,,11.728229522705087,1.685490131378176,0.2589954793453228,0.22683351337909657,0.5535451412200937,0.16872178316116265,0.052444904297589974,41845.86171875027,boundary_ambiguous_margin
0.04179999494552622,0.43870978515239634,,0.6590131986421046,0.3326841913270426,0.20617572527446862,0.33333333333333337,0.46422157847143014,0.4195504302762031,0.04467114819522705,,5.338443852982675e+19,0.45410156252031186,0.0005340576176000845,0.002765655517102066,,,,,,,11.784122467041025,1.7003984451293968,0.26692438423633696,0.22404176294803577,0.5595211505889901,0.16415179669856955,0.05052974224090548,43653.63984375027,boundary_ambiguous_margin
0.04279999494552622,0.4389948788176051,,0.644703479555489,0.33251521251188865,0.23216756984716563,0.33333333333333337,0.4635224353675081,0.41978368872955574,0.04373874663795235,,5.3358683569457725e+19,0.48095703123770106,0.0005149841308273466,0.002784729003970307,,,,,,,11.840015411376958,1.7153067588806168,0.2748532891273492,0.22125001251697637,0.5654971599578864,0.15958181023597617,0.04861458018422092,45461.41796875028,boundary_ambiguous_margin
0.04379999494552622,0.44672741159403545,,0.6143089054571712,0.327932037274574,0.24402733229277662,0.33333333333333337,0.45014429512042325,0.42611030645572595,0.024033988664697303,,5.266013744405257e+19,0.44433593751654765,0.0007247924805657088,0.0015449523933537953,,,,,,,11.876730918884283,1.7249452829360976,0.27044960856437616,0.22756698727607824,0.5701588273048408,0.15302707254886525,0.046337293088435774,47275.98125000028,boundary_ambiguous_margin
0.04479999494552622,0.44600820245535217,,0.6355661883174244,0.3283583221168331,0.2629201043450725,0.33333333333333337,0.46560270077418864,0.4255218626149851,0.04008083815920355,,5.2725109785161105e+19,0.47607421869990985,0.0005149841312180935,0.0025558471680665823,,,,,,,11.913446426391607,1.7345838069915787,0.2660459280014031,0.23388396203518014,0.5748204946517952,0.14647233486175434,0.04406000599265063,49090.544531250285,boundary_ambiguous_margin
0.04579999494552622,0.442229348238565,,0.681801500565274,0.3305980993764383,0.28504170500864007,0.33333333333333337,0.4948107013789066,0.42243007280125017,0.07238062857765643,,5.3066486155353e+19,0.4443359375,0.0008773803708963384,0.0026702880861678136,,,,,,,11.950161933898931,1.7442223310470597,0.26164224743843006,0.24020093679428203,0.5794821619987496,0.13991759717464342,0.04178271889686548,50905.10781250029,boundary_ambiguous_margin
0.046799994945526224,0.42594259366907306,,0.6788680305254985,0.3402514758828586,0.30404223774268735,0.33333333333333337,0.5005074436691357,0.40910454633530213,0.09140289733383355,,5.453780863517773e+19,0.4443359375,0.0006103515629315103,0.0029563903800627405,,,,,,,11.986877441406255,1.7538608551025408,0.25723856687545704,0.2465179115533839,0.5841438293457039,0.1333628594875325,0.03950543180108033,52719.671093750294,boundary_ambiguous_margin
0.047799994945526225,0.42517216893342946,,0.6953377763267083,0.3407081168920476,0.3230427704767351,0.33333333333333337,0.5136066100055499,0.4084741988243211,0.10513241118122874,,5.460740772121595e+19,0.42480468749571404,0.0007057189942745621,0.0029563903805915007,,,,,,,12.023592948913578,1.7634993791580205,0.25283488631248546,0.25283488631248546,0.588805496692658,0.12680812180042372,0.03722814470529584,54534.23437500022,boundary_ambiguous_margin
0.048799994945526226,0.4330801589450736,,0.6450541939544918,0.33602094581289305,0.34277032521546325,0.33333333333333337,0.492224914734335,0.4149443724702117,0.07728054226412329,,5.389301103618477e+19,0.43212890625,0.0011253356924474382,0.001506805421002689,,,,,,,12.040064620971682,1.7664670944213872,0.2571331083774574,0.2571331083774574,0.5922929525375372,0.1331851094961177,0.03888352438807515,55866.29296875022,boundary_ambiguous_margin
0.04979999494552623,0.4485486323798611,,0.6207560297250276,0.3268525754412247,0.3664795610882279,0.33333333333333337,0.48371104899487694,0.42760039618958334,0.05611065280529359,,5.249561092211868e+19,0.4394531249956395,0.0007247924805028166,0.001621246337788425,,,,,,,12.056536293029788,1.7694348096847539,0.2614313304424293,0.2614313304424293,0.5957804083824163,0.13956209719181167,0.04053890407085446,57198.35156250022,boundary_ambiguous_margin
0.05079999494552623,0.41902410651695227,,0.5309377341102713,0.34435215542888414,0.3901887969609934,0.33333333333333337,0.44910410515260507,0.4034439659381125,0.04566013921449258,,5.516281502487072e+19,0.4223632812412044,0.0002002716075275824,0.0003623962415743282,,,,,,,12.073007965087893,1.7724025249481206,0.2657295525074012,0.2657295525074012,0.5992678642272955,0.14593908488750565,0.04219428375363377,58530.41015625022,boundary_ambiguous_margin
0.05179999494552623,0.37989130098095514,,0.6161515802449704,0.3675466908398326,0.39898832229469716,0.33333333333333337,0.4997095434061176,0.3714262159541148,0.12828332745200283,,5.869801758705425e+19,0.4272460937278247,0.0009727478024225345,0.0010871887202873378,,,,,,,12.089479637145999,1.7753702402114873,0.27002777457237315,0.27002777457237315,0.6027553200721747,0.15231607258319962,0.04384966343641308,59862.46875000022,boundary_ambiguous_margin
0.05279999494552623,0.3640158290760267,,0.6128136901226933,0.37695629462930946,0.390155300300174,0.33333333333333337,0.49818474379371747,0.35843719348644604,0.13974755030727143,,6.013218536995317e+19,0.4272460937455277,0.0010108947754954452,0.0009727478031536564,,,,,,,12.105951309204109,1.7783379554748546,0.27432599663734475,0.27432599663734475,0.6062427759170536,0.1586930602788934,0.04550504311919239,61194.52734375012,boundary_ambiguous_margin
0.05379999494552623,0.38489709005952366,,0.5851194545238858,0.3645796929348193,0.37875645506058503,0.33333333333333337,0.478393764260794,0.37552186156385275,0.10287190269694124,,5.824580164868951e+19,0.427246093727452,0.0009155273441023128,0.0005531311033923155,,,,,,,12.152293205261238,1.7855456590652479,0.2766080915927891,0.2766080915927891,0.6081438422203067,0.16406937837600796,0.04710749164223697,61910.77343750012,boundary_ambiguous_margin
0.05479999494552623,0.39695563683813745,,0.6054686228681024,0.35743243154044124,0.3673576098209962,0.33333333333333337,0.4839318217744105,0.3853879452918094,0.0985438764826011,,5.715644950835416e+19,0.41015625002273437,0.0011634826658024904,0.0004577636724433591,,,,,,,12.198635101318366,1.792753362655641,0.2788901865482334,0.2788901865482334,0.6100449085235599,0.16944569647312255,0.04870994016528156,62627.01953125012,boundary_ambiguous_margin
0.05579999494552623,0.37461726291070285,,0.5954154868096397,0.3706726834974924,0.3578708578915565,0.33333333333333337,0.4798436287520821,0.36711109389663565,0.11273253485544643,,5.917446676169517e+19,0.41259765623624756,0.000896453857887452,0.0006294250485595229,,,,,,,12.244976997375495,1.799961066246034,0.28117228150367773,0.28117228150367773,0.611945974826813,0.1748220145702371,0.050312388688326146,63343.26562500012,boundary_ambiguous_margin
0.05679999494552623,0.3764902348177917,,0.5844652216444687,0.36956254808482125,0.34920357452360856,0.33333333333333337,0.4719241414743418,0.36864352545698104,0.10328061601736077,,5.900526511631997e+19,0.41503906251848566,0.0008010864280016939,0.0005626678466074779,,,,,,,12.291318893432624,1.807168769836427,0.2834543764591221,0.2834543764591221,0.6138470411300663,0.18019833266735166,0.05191483721137073,64059.51171875012,boundary_ambiguous_margin
0.057799994945526234,0.371604111078889,,0.6113152198674925,0.37245861874809133,0.34053629115566064,0.33333333333333337,0.48390633740968425,0.3646457878524244,0.11926054955725984,,5.9446670656360415e+19,0.42480468749534134,0.001220703124963604,0.0006484985349014783,,,,,,,12.337660789489759,1.8143764734268206,0.2857364714145664,0.2857364714145664,0.6157481074333194,0.18557465076446597,0.05351728573441526,64775.757812500146,boundary_ambiguous_margin
0.058799994945526235,0.37276522513545146,,0.6221694659169441,0.3717704109712093,0.3286329603554632,0.33333333333333337,0.48618557579014016,0.36559579026233907,0.12058978552780109,,5.9341777247070585e+19,0.41015625000469597,0.0012397766119151188,0.0006866455077207822,,,,,,,12.408118438720715,1.8251704931259174,0.28760287761688264,0.28760287761688264,0.6174950003623966,0.18944581151008671,0.05476694703102133,65657.46093750015,boundary_ambiguous_margin
0.059799994945526236,0.36278490212398795,,0.607137567977752,0.3776858814398204,0.316729629555266,0.33333333333333337,0.47717266173764755,0.35743007143477806,0.11974259030286949,,6.024338557793993e+19,0.4101562500047332,0.0011444091797614565,0.0005149841312291579,,,,,,,12.478576087951671,1.835964512825014,0.2894692838191989,0.2894692838191989,0.6192418932914737,0.19331697225570743,0.05601660832762739,66539.16406250015,boundary_ambiguous_margin
0.06079999494552624,0.3592545311837079,,0.65081168820309,0.37977837934960573,0.3048262987550688,0.33333333333333337,0.4965570136277136,0.35454158612000347,0.14201542750771012,,6.0562314318739145e+19,0.40771484373091804,0.001811981199345672,0.0004863739013858222,,,,,,,12.54903373718263,1.8467585325241107,0.2913356900215152,0.2913356900215152,0.6209887862205509,0.19718813300132815,0.05726626962423345,67420.86718750015,boundary_ambiguous_margin
0.06179999494552624,0.3535292895463185,,0.6268556944546086,0.383171806375238,0.29292296795487155,0.33333333333333337,0.4824515408098317,0.349857297507594,0.13259424330223774,,6.1079524588444975e+19,0.4003906250336543,0.0012779235842097388,0.0006294250491286099,,,,,,,12.619491386413586,1.8575525522232073,0.2932020962238315,0.2932020962238315,0.622735679149628,0.2010592937469489,0.058515930920839516,68302.57031250015,boundary_ambiguous_margin
0.06279999494552624,0.35464230378368244,,0.6343447905520866,0.38251210800227875,0.2810196371546781,0.33333333333333337,0.48305533156528246,0.3507679455199826,0.13228738604529988,,6.0978976449108115e+19,0.410156250004845,0.001239776611668791,0.0009250640862516563,,,,,,,12.68994903564455,1.8683465719223071,0.29506850242614924,0.29506850242614885,0.624482572078705,0.20493045449257002,0.059765592217445825,69184.27343750012,boundary_ambiguous_margin
0.06379999494552624,0.35158986394165287,,0.620522898191349,0.3843213297801709,0.2906672247515918,0.33333333333333337,0.47900858772861515,0.34827049474014027,0.13073809298847489,,6.1254729567307825e+19,0.4077148437451177,0.0012397766116714116,0.000629425048828125,,,,,,,12.806561279296895,1.8981715202331595,0.3058278262615222,0.3033322811126723,0.6251025080680849,0.21122360229492296,0.06246465593576478,69920.63281250013,boundary_ambiguous_margin
0.06479999494552624,0.32591381045489737,,0.6497607655350963,0.39953986889728416,0.30031481234850643,0.33333333333333337,0.4998440530789958,0.327262814614613,0.17258123846438284,,6.35742680933571e+19,0.4077148437204826,0.001640319823911277,0.0006866455074665929,,,,,,,12.92317352294924,1.9279964685440116,0.3165871500968952,0.3115960597991958,0.6257224440574647,0.2175167500972759,0.06516371965408373,70656.99218750013,boundary_ambiguous_margin
0.06579999494552624,0.33056522849708353,,0.6155327443036406,0.39678291142866184,0.3099623999454205,0.33333333333333337,0.4844526999953409,0.33106852028549255,0.15338417970984836,,6.315406553554669e+19,0.4052734374752158,0.0011444091806556323,0.0006294250491379273,,,,,,,13.039785766601584,1.9578214168548638,0.32734647393226823,0.3198598384857193,0.6263423800468446,0.22380989789962885,0.06786278337240269,71393.35156250013,boundary_ambiguous_margin
0.06679999494552624,0.31334705111291017,,0.6605670019380666,0.4069883546515311,0.3196099875423348,0.33333333333333337,0.5119330865174998,0.3169809206075325,0.19495216590996728,,6.470953144122186e+19,0.41259765624001177,0.0016212463379296415,0.000972747802656342,,,,,,,13.156398010253929,1.9876463651657161,0.33810579776764116,0.32812361717224275,0.6269623160362244,0.23010304570198178,0.07056184709072164,72129.71093750015,boundary_ambiguous_margin
0.06779999494552624,0.32407189895737193,,0.6622086872884795,0.4006315943912278,0.33671500476588123,0.33333333333333337,0.515440993433517,0.32575579611663763,0.18968519731687938,,6.3740663785058206e+19,0.38574218751509415,0.0015068054199611825,0.0008773803706613662,,,,,,,13.273010253906186,2.0174713134765625,0.34886512160301103,0.3363873958587649,0.6275822520256039,0.23639619350433552,0.07326091080904056,72866.07031250017,boundary_ambiguous_margin
0.06879999494552624,0.31461570818628376,,0.6472935587329237,0.4062364046952305,0.3360660150082799,0.33333333333333337,0.5092223842923395,0.31801891275847455,0.1912034715338649,,6.4594922747189e+19,0.40283203126520595,0.0014305114772624938,0.0008583068843894364,,,,,,,12.942733383178647,2.0174395084381103,0.3434321820735921,0.33782054781913784,0.6259508848190305,0.24678035974502766,0.07572945207357455,73774.60312500018,boundary_ambiguous_margin
0.06979999494552624,0.32212536548468707,,0.6671846011274835,0.4017853307242708,0.33541702525067907,0.33333333333333337,0.5178928895574791,0.32416317782080456,0.19372971173667458,,6.391651087871168e+19,0.4052734375,0.0018310546869016505,0.000782012939493015,,,,,,,12.612456512451107,2.017407703399658,0.33799924254417313,0.33925369977951075,0.624319517612457,0.2571645259857198,0.07819799333810855,74683.13593750018,boundary_ambiguous_margin
0.07079999494552625,0.3234468447279294,,0.6253954692533094,0.40100207236386465,0.3347680354930783,0.33333333333333337,0.49664026159089036,0.3252443881107301,0.17139587348016028,,6.379713030421427e+19,0.42236328125514316,0.0012969970711161226,0.0008010864257008877,,,,,,,12.282179641723568,2.0173758983612062,0.3325663030147542,0.3406868517398837,0.6226881504058834,0.2675486922264119,0.08066653460264255,75591.66875000017,boundary_ambiguous_margin
0.07179999494552625,0.329549192842557,,0.6721011132207417,0.3973851293030236,0.3494818257138976,0.33333333333333337,0.5227672953646012,0.3302372183863345,0.19253007697826668,,6.324585276623343e+19,0.3930664062292782,0.0028038024880893435,0.0007534027104668412,,,,,,,11.95190277099603,2.017344093322754,0.3271333634853352,0.34212000370025664,0.62105678319931,0.2779328584671041,0.08313507586717653,76500.20156250018,boundary_ambiguous_margin
0.07279999494552625,0.3094131869524713,,0.689679962927782,0.4093200083707419,0.3683005699923048,0.33333333333333337,0.5392451260546527,0.31376230447626435,0.22548282157838834,,6.506491119150511e+19,0.3808593749947823,0.001811981201253402,0.0009727478030197192,,,,,,,11.621625900268514,2.0173122882843018,0.3217004239559179,0.3435531556606295,0.6194254159927365,0.2883170247077959,0.08560361713171044,77408.73437500013,positive_boundary_margin
0.07379999494552625,0.29087635399865225,,0.6629333073067201,0.420307036325042,0.3978852972899663,0.33333333333333337,0.5360147370571121,0.29859580478677605,0.23741893227033606,,6.6739502584980046e+19,0.42724609373949,0.00164031982421875,0.001144409179482227,,,,,,,11.412932395935018,2.016589403152466,0.32442464828491263,0.3447268426418307,0.6178658485412595,0.2971371412277239,0.08759498447179832,78083.36406250013,positive_boundary_margin
0.07479999494552625,0.29998104609098236,,0.6711645184146583,0.41491056397278314,0.42747002458762856,0.33333333333333337,0.5461774063474321,0.3060450983168644,0.24013230803056768,,6.591699751865942e+19,0.3955078125370458,0.001602172851769229,0.0010299682610572173,,,,,,,11.204238891601522,2.01586651802063,0.3271488726139074,0.34590052962303186,0.6163062810897824,0.30595725774765187,0.08958635181188622,78757.99375000013,positive_boundary_margin
0.07579999494552625,0.30189627573396616,,0.6398923445921518,0.41377538183682755,0.45705475188529,0.33333333333333337,0.5376537057266053,0.30761210438839653,0.23004160133820878,,6.574397836891259e+19,0.3906249999946705,0.0013542175300047033,0.0006866455084786915,,,,,,,10.995545387268026,2.015143632888794,0.3298730969429021,0.34707421660423304,0.6147467136383054,0.31477737426757985,0.09157771915197412,79432.62343750014,positive_boundary_margin
0.07679999494552625,0.30274756463933516,,0.6354132084374159,0.41327081155646866,0.4866394791829515,0.33333333333333337,0.542684176903563,0.3083086134927893,0.23437556341077365,,6.5667074127619424e+19,0.3784179687661004,0.0012779235849067938,0.0005722045904307438,,,,,,,10.78685188293453,2.014420747756958,0.3325973212718969,0.34824790358543417,0.6131871461868283,0.3235974907875078,0.093569086492062,80107.25312500013,positive_boundary_margin
0.07779999494552625,0.27519946424201386,,0.6770871985307741,0.4295989378284853,0.5162242064806108,0.33333333333333337,0.5749993853426612,0.2857692586222538,0.2892301267204074,,6.815573073616018e+19,0.3881835937824244,0.002079010008794581,0.0008010864261612237,,,,,,,10.578158378601056,2.0136978626251216,0.33532154560089106,0.3494215905666352,0.6116275787353512,0.3324176073074339,0.09556045383214942,80781.88281249999,positive_boundary_margin
0.07879999494552625,0.26464106708767315,,0.5751542007279733,0.4358570405462662,0.5313123103219803,0.33333333333333337,0.5293694380810483,0.27713057004142955,0.25223886803961876,,6.910956147130237e+19,0.4101562500054413,-9.536739146823485e-06,0.0013732910153274268,,,,,,,10.491105842590315,2.0120100975036617,0.33495519757270803,0.3497230052947999,0.6099171042442318,0.33164866566658,0.09512745440006247,80670.41406249997,positive_boundary_margin
0.07979999494552625,0.25919098757387665,,0.6700761644926599,0.4390873753138298,0.5464004141633503,0.33333333333333337,0.581410029615625,0.27267141407559603,0.308738615540029,,6.960191398212744e+19,0.39306640619521394,0.0016403198243043532,0.0009346008302493316,,,,,,,10.404053306579572,2.0103223323822017,0.33458884954452506,0.3500244200229645,0.6082066297531125,0.3308797240257262,0.09469445496797553,80558.94531249997,positive_boundary_margin
0.08079999494552625,0.26682410756609304,,0.6865259740228025,0.43456312335871194,0.56148851800472,0.33333333333333337,0.5922758973522593,0.27891669406922764,0.31335920328303163,,6.8912348667697955e+19,0.3906250000220635,0.0018501281735695682,0.0010108947752182538,,,,,,,10.317000770568828,2.0086345672607417,0.3342225015163421,0.3503258347511292,0.6064961552619931,0.3301107823848723,0.09426145553588858,80447.47656249997,positive_boundary_margin
0.08179999494552626,0.28054224415913687,,0.669967532515409,0.4264322009619803,0.5769535282509581,0.33333333333333337,0.5858301985609391,0.29014062400899077,0.29568957455194833,,6.767307151984558e+19,0.39062500001665945,0.0020027160636288295,0.0006866455087235633,,,,,,,10.229948234558087,2.006946802139282,0.3338561534881591,0.3506272494792939,0.6047856807708737,0.3293418407440184,0.09382845610380164,80336.00781249997,positive_boundary_margin
0.08279999494552626,0.2798397823259235,,0.6594619666403969,0.4268485594530759,0.5932979867752219,0.33333333333333337,0.5847676198772729,0.28956588250908893,0.29520173736818395,,6.77365309329543e+19,0.4125976562108671,0.001831054687194274,0.0007057189942279753,,,,,,,10.142895698547344,2.0052590370178214,0.3334898054599759,0.35092866420745844,0.6030752062797543,0.3285728991031659,0.0933954566717151,80224.53906249999,positive_boundary_margin
0.08379999494552626,0.24992432372195816,,0.6497550695304269,0.44457985048678833,0.6077399256945518,0.33333333333333337,0.5879574788105485,0.26508959819675365,0.32286788061379484,,7.043905134919051e+19,0.40771484372748923,0.0015068054197899762,0.0008583068852052881,,,,,,,10.05600700378416,2.001058268547057,0.3321806550025937,0.35072628855705257,0.6014362812042233,0.33417975902557495,0.09483414739370379,80127.49374999998,positive_boundary_margin
0.08479999494552626,0.23111924177645535,,0.6543599258335295,0.45572587319373503,0.6098489307376543,0.33333333333333337,0.5935736638996121,0.2497036220595241,0.34387004184008796,,7.213787597894163e+19,0.4223632812103453,0.0019264221196717147,0.0007057189944061699,,,,,,,9.969118309020978,1.996857500076293,0.3308715045452115,0.3505239129066467,0.5997973561286922,0.339786618947984,0.09627283811569246,80030.44843749997,positive_boundary_margin
0.08579999494552626,0.2278932433762855,,0.6438498845610224,0.45763796544225965,0.6048630354392234,0.33333333333333337,0.587550192500882,0.24706416882302148,0.3404860236778605,,7.242930813295342e+19,0.38330078126140443,0.001163482667619376,0.0009346008298999304,,,,,,,9.882229614257794,1.9926567316055288,0.3295623540878293,0.3503215372562408,0.5981584310531612,0.34539347887039307,0.09771152883768114,79933.40312499998,positive_boundary_margin
0.08679999494552626,0.22581944985564026,,0.6627669010375195,0.45886713050187583,0.5998771401407925,0.33333333333333337,0.5960695181794269,0.2453674286697663,0.3507020895096606,,7.261665172018692e+19,0.3857421875286975,0.0015449523926678046,0.0008392333987513787,,,,,,,9.79534091949461,1.9884559631347647,0.3282532036304471,0.3501191616058349,0.5965195059776303,0.3510003387928021,0.09915021955966981,79836.35781249998,positive_boundary_margin
0.08779999494552626,0.23552748310113503,,0.6557920776527926,0.4531130498066861,0.5948912448423627,0.33333333333333337,0.5898971124886585,0.25331036496153475,0.33658674752712375,,7.173964166345418e+19,0.40283203125,0.0016784667972360478,0.0007057189946370657,,,,,,,9.708452224731422,1.9842551946640006,0.3269440531730652,0.3499167859554292,0.5948805809020993,0.3566071987152134,0.100588910281659,79739.3125000001,positive_boundary_margin
0.08879999494552626,0.2205418578513784,,0.65805829501705,0.4619952296235907,0.5963675761576355,0.33333333333333337,0.5936198489538316,0.24104939884809745,0.3525704501057341,,7.309342195222315e+19,0.397949218755814,0.0015258789051825795,0.0008964538571947644,,,,,,,9.60793304443357,1.979985046386718,0.3270074129104614,0.35037593841552744,0.5935020804405209,0.3722030997276341,0.10435661375522697,80216.2531250001,positive_boundary_margin
0.08979999494552626,0.22532681618107617,,0.6713821892831856,0.4591591210467089,0.5978439074729092,0.33333333333333337,0.5999418517714974,0.24496436475421382,0.3549774870172836,,7.266115555283278e+19,0.40283203125,0.0019454956045544837,0.000839233399031773,,,,,,,9.507413864135719,1.975714898109435,0.32707077264785767,0.3508350908756257,0.5921235799789426,0.38779900074005474,0.10812431722879494,80693.19375000011,positive_boundary_margin
0.09079999494552626,0.22156646189475,,0.6759508348813448,0.4613879331509592,0.599320238788182,0.33333333333333337,0.6031524604254577,0.24188771124721972,0.3612647491782379,,7.3000860665350455e+19,0.4052734375,0.0020217895508272544,0.0009536743161302232,,,,,,,9.406894683837868,1.9714447498321523,0.3271341323852539,0.35129424333572395,0.5907450795173642,0.4033949017524754,0.1118920207023629,81170.13437500011,positive_boundary_margin
0.09179999494552626,0.2286842127715463,,0.6221474955792433,0.45716914733949227,0.6007965701034548,0.33333333333333337,0.5755651771503585,0.2477113256009621,0.3278538515493964,,7.235785307128752e+19,0.4150390625,0.0021171569776765715,4.351790412401857e-12,,,,,,,9.306375503540016,1.9671746015548697,0.32719749212265015,0.35175339579582227,0.5893665790557858,0.41899080276489603,0.11565972417593086,81647.0750000001,positive_boundary_margin
0.09279999494552627,0.2160331326938792,,0.6564198646298242,0.46466761111762006,0.6022729014187262,0.33333333333333337,0.5949450604489986,0.23736044190105268,0.357584618547946,,7.350073383570951e+19,0.4101562500059631,0.0017166137697175972,0.0007438659671229826,,,,,,,9.20585632324217,1.962904453277588,0.3272608518600462,0.35221254825592047,0.5879880785942074,0.43458670377731756,0.11942742764949907,82124.01562500007,positive_boundary_margin
0.09379999494552627,0.19403681274386209,,0.657508218596096,0.47770512312329294,0.597130163073172,0.33333333333333337,0.5974629308471642,0.21936345285103867,0.37809947799612553,,7.54878504142635e+19,0.41259765623199884,0.001678466796687488,0.0008392333982499881,,,,,,,9.128619003295881,1.9627251863479613,0.326530349254608,0.3524105668067933,0.5866038441658017,0.4540039181709333,0.12433281838893999,82472.52500000008,positive_boundary_margin
0.09479999494552627,0.16866766336664826,,0.6471344758030124,0.49274175608420223,0.5919874247276175,0.33333333333333337,0.5947495331044611,0.19860687608786373,0.39614265701659734,,7.777966365510677e+19,0.4052734375241506,0.0015068054197331985,0.000782012939783309,,,,,,,9.051381683349593,1.962545919418335,0.3257998466491698,0.35260858535766604,0.585219609737396,0.473421132564549,0.1292382091283809,82821.03437500008,positive_boundary_margin
0.09579999494552627,0.1672547555197068,,0.6581111870412761,0.49357920539659933,0.5868446863820631,0.33333333333333337,0.5991615664653036,0.1974508605767298,0.4017107058885738,,7.790730376095203e+19,0.4077148437742997,0.0016784667969224603,0.0008010864254490278,,,,,,,8.974144363403303,1.9623666524887085,0.3250693440437315,0.35280660390853885,0.5838353753089902,0.4928383469581647,0.13414359986782182,83169.54375000008,positive_boundary_margin
0.09679999494552627,0.17012672367168705,,0.633395176348042,0.49187695159476175,0.5817019480365083,0.33333333333333337,0.5850923130818385,0.1998006527010773,0.38529166038076124,,7.764785420116899e+19,0.4541015625,0.0018692016571001551,0.0006198883073592401,,,,,,,8.896907043457015,1.962187385559082,0.3243388414382933,0.35300462245941167,0.5824511408805844,0.5122555613517804,0.13904899060726275,83518.05312500008,positive_boundary_margin
0.09779999494552627,0.18091734363734022,,0.6338972430959784,0.4854812073216045,0.5765592096909525,0.33333333333333337,0.5824587258011285,0.20862934176388442,0.37382938403724403,,7.667304478416883e+19,0.40771484376229894,0.001621246337602369,0.00040054321313083823,,,,,,,8.819669723510742,1.962008118629458,0.32360833883285695,0.3532026410102843,0.5810669064521782,0.5316727757453945,0.1439543813467035,83866.56249999988,positive_boundary_margin
0.09879999494552627,0.15010824102405587,,0.599280669313549,0.5037421730703042,0.5632192962527244,0.33333333333333337,0.5663807019875317,0.18342189417119723,0.3829588078163344,,7.945629574216286e+19,0.43212890625,0.0012588500986229264,0.0004386901862718823,,,,,,,8.817229080200194,1.9728299140930199,0.33144230842590505,0.3527445912361144,0.5773393154144278,0.5437705039978055,0.14802348911762328,83347.79062499988,positive_boundary_margin
0.09979999494552627,0.12572708530151191,,0.6367961299331192,0.518193209023916,0.5498675038678437,0.33333333333333337,0.5854132431894995,0.1634736758527522,0.4219395673367473,,8.165885502710979e+19,0.439453125,0.001621246338085125,0.0007820129389668751,,,,,,,8.814788436889648,1.983651709556582,0.33927627801895316,0.3522865414619445,0.5736117243766776,0.5558682322502163,0.15209259688854307,82829.01874999989,positive_boundary_margin
0.10079999494552627,0.14750422975959426,,0.6192380302049763,0.5052856052535272,0.5365157114829631,0.33333333333333337,0.5700693442866107,0.1812913395002741,0.3887780047863366,,7.96915384539488e+19,0.4565429686936486,0.0015640258793464953,0.0006866455077635838,,,,,,,8.8123477935791,1.994473505020144,0.34711024761200127,0.3518284916877746,0.5698841333389274,0.5679659605026272,0.15616170465946289,82310.24687499988,positive_boundary_margin
0.10179999494552627,0.12832398869795433,,0.6183758910183277,0.5166539897688031,0.5280230744464178,0.33333333333333337,0.5703572115629691,0.16559841499529598,0.40475879656767316,,8.142425443011448e+19,0.4443359375377912,0.0014686584470687957,0.0006675720217796189,,,,,,,8.809907150268554,2.005295300483706,0.3549442172050493,0.3513704419136046,0.5661565423011772,0.5800636887550381,0.16023081243038267,81791.47499999989,positive_boundary_margin
0.10279999494552627,0.1195437269650763,,0.6122501871965873,0.5218581679229428,0.5144086844567155,0.33333333333333337,0.5651918066932082,0.15841456448657756,0.4067772422066307,,8.221745091448511e+19,0.4296875000063358,0.001392364502052122,0.0004959106451252319,,,,,,,8.807466506957999,2.0161170959472643,0.36277818679809626,0.3509123921394353,0.5624289512634281,0.5921614170074522,0.164299920201303,81272.70312500019,positive_boundary_margin
0.10379999494552627,0.12163324542661334,,0.6506477231318849,0.520619682481275,0.5099326891272783,0.33333333333333337,0.5829619544680807,0.1601241705005624,0.42283778396751837,,8.202868675822853e+19,0.43212890628823847,0.0017738342280675182,0.0007820129388556492,,,,,,,8.764578247070302,2.0094174385070787,0.36526868939399776,0.3532229781150823,0.5637645006179812,0.6188894510269226,0.1707218617200866,82106.51093750019,positive_boundary_margin
0.10479999494552628,0.12725732165479783,,0.6242346939909573,0.517286217542031,0.5082742156650829,0.33333333333333337,0.5685074552972571,0.16472568741453156,0.4037817678827256,,8.152061562917277e+19,0.42968750005128276,0.0021266937206529763,0.00019073486603569533,,,,,,,8.721689987182607,2.002717781066893,0.36775919198989926,0.3555335640907293,0.5651000499725345,0.6456174850463929,0.17714380323887022,82940.3187500002,positive_boundary_margin
0.10579999494552628,0.12365801413153701,,0.6575834878874635,0.5194195750833495,0.5080779516388099,0.33333333333333337,0.5856661256242716,0.16178079944095453,0.42388532618331703,,8.184577200383171e+19,0.4711914062564476,0.0019073486306968764,0.0012683868393847109,,,,,,,8.678801727294912,1.9960181236267074,0.37024969458580076,0.35784415006637627,0.5664355993270878,0.6723455190658634,0.1835657447576538,83774.1265625002,positive_boundary_margin
0.10679999494552628,0.11551025528431345,,0.6140688572389094,0.5242488603470383,0.5103174338639301,0.33333333333333337,0.5656760021721968,0.15511445129322615,0.41056155087897067,,8.258182906793008e+19,0.47363281247406047,0.0016212463379919513,0.0006866455078631631,,,,,,,8.635913467407216,1.9893184661865217,0.37274019718170226,0.36015473604202325,0.5677711486816409,0.6990735530853337,0.18998768627643742,84607.9343750002,positive_boundary_margin
0.10779999494552628,0.09536013102624433,,0.614011082890004,0.5361921075596328,0.5182403240089718,0.33333333333333337,0.5706136493371531,0.13862798599116963,0.43198566334598343,,8.440216292668998e+19,0.4345703125130443,0.001354217529296875,0.0006294250485223991,,,,,,,8.59302520751954,1.9826188087463363,0.3752306997776028,0.36246532201766984,0.5691066980361942,0.7258015871047947,0.1964096277952187,85441.74218750001,positive_boundary_margin
0.10879999494552628,0.09830269101814136,,0.6110442502054529,0.5344480130334145,0.5357252905989981,0.33333333333333337,0.5730654510108296,0.141035535075449,0.43202991593538065,,8.413633619946583e+19,0.4394531250262377,0.001392364501645652,0.0005722045897412591,,,,,,,8.625285911560066,1.9765052080154404,0.37390365004539455,0.3631243288517,0.5702772617340091,0.715244293212888,0.19349245727062153,85514.05468750001,positive_boundary_margin
0.10979999494552628,0.09201699885584015,,0.6099111414959846,0.5381736265549574,0.553210257189025,0.33333333333333337,0.5778015416839879,0.13589269603356618,0.4419088456504217,,8.470417678060749e+19,0.44189453128298345,0.0014686584472140883,0.0004768371586154183,,,,,,,8.657546615600594,1.9703916072845444,0.3725766003131863,0.3637833356857301,0.571447825431824,0.7046869993209812,0.19057528674602436,85586.36718750001,positive_boundary_margin
0.11079999494552628,0.08575691449201911,,0.5932542395328697,0.5418840619930352,0.570695223779051,0.33333333333333337,0.5747719412094564,0.1307708088268035,0.44400113238265293,,8.52697039892843e+19,0.46630859367039246,0.00133514404296875,0.0005722045895846108,,,,,,,8.68980731964112,1.9642780065536485,0.3712495505809781,0.3644423425197603,0.5726183891296389,0.6941297054290745,0.1876581162214272,85658.67968750001,positive_boundary_margin
0.11179999494552628,0.07623149503378494,,0.6110690687703054,0.5475299050626028,0.5881801903690781,0.33333333333333337,0.589462058243073,0.12297728381552102,0.46648477442755193,,8.61302169735539e+19,0.4516601562299863,0.001430511475026327,0.0006484985341138701,,,,,,,8.722068023681649,1.9581644058227523,0.3699225008487698,0.36510134935379046,0.5737889528274539,0.6835724115371677,0.18474094569683003,85730.99218750001,positive_boundary_margin
0.11279999494552628,0.07462326686839786,,0.6029281808205333,0.5484831233310105,0.6056651569591028,0.33333333333333337,0.5900011604827949,0.12166146077111341,0.46833969971168155,,8.62755020420017e+19,0.444335937567085,0.0014114379881240194,0.00043869018591374614,,,,,,,8.754328727722172,1.9520508050918566,0.36859545111656117,0.36576035618782016,0.5749595165252686,0.6730151176452596,0.18182377517223247,85803.30468749991,positive_boundary_margin
0.11379999494552628,0.061093488777863074,,0.60034908703748,0.5565024031328257,0.6163891511115518,0.33333333333333337,0.5933974320798343,0.11059164233340313,0.4828057897464312,,8.749776314790262e+19,0.4516601562230169,0.0012969970705760067,0.000610351562341896,,,,,,,8.77117023468018,1.9463788509368882,0.3657379686832421,0.36465017795562715,0.5750291466712952,0.6566236495971639,0.17742833495139965,85445.08281249991,positive_boundary_margin
0.11479999494552628,0.0441911733642967,,0.6033382970557828,0.5665206307558454,0.6271131452640002,0.33333333333333337,0.6000775925328528,0.09676247517684881,0.503315117356004,,8.902469452781375e+19,0.4443359375,0.00123977661143411,0.00066757202137839,,,,,,,8.788011741638188,1.9407068967819199,0.362880486249923,0.36353999972343415,0.5750987768173218,0.6402321815490681,0.17303289473056682,85086.8609374999,positive_boundary_margin
0.11579999494552629,0.021820181138417806,,0.6175556585928355,0.5797802160131277,0.6372837509404498,0.33333333333333337,0.6130438210348121,0.0784589360829479,0.5345848849518642,,9.104565847231719e+19,0.44433593751364064,0.0018501281736149904,0.0002098083490765383,,,,,,,8.804853248596196,1.9350349426269517,0.3600230038166039,0.3624298214912412,0.5751684069633484,0.6238407135009725,0.168637454509734,84728.6390624999,positive_boundary_margin
0.11679999494552629,0.016893357552501067,,0.594533004559673,0.5827004100181785,0.6454103895489485,0.33333333333333337,0.6042942021716182,0.07442789860356148,0.5298663035680568,,9.149074077924091e+19,0.44921874998628486,0.0014114379877990765,0.0003242492674174005,,,,,,,8.821694755554203,1.9293629884719834,0.35716552138328483,0.3613196432590482,0.575238037109375,0.6074492454528768,0.16424201428890117,84370.41718749992,positive_boundary_margin
0.11779999494552629,0.0370501028383141,,0.5777959509886615,0.570753238434194,0.6475939614991626,0.33333333333333337,0.59348477547767,0.09091978111013578,0.5025649943675342,,8.96698087861555e+19,0.4370117187568949,0.00102996826252674,0.000362396240503705,,,,,,,8.838536262512203,1.923691034317015,0.3543080389499662,0.36020946502685564,0.5753076672554018,0.591057777404785,0.15984657406806932,84012.19531250004,positive_boundary_margin
0.11879999494552629,0.047266640751347413,,0.5761095108224281,0.5646977602451035,0.6570554863408711,0.33333333333333337,0.5934930670577077,0.09927876667534487,0.4942143003823628,,8.874686113361428e+19,0.46874999993761096,0.0011825561520729642,0.0004577636720374715,,,,,,,8.823446273803707,1.9179077625274643,0.35346634984016395,0.3608786523342134,0.5760069251060488,0.5905664443969725,0.15927090048789963,84173.58750000004,positive_boundary_margin
0.11979999494552629,0.05765298855240125,,0.5976414250170085,0.5585416334721236,0.6648007044333796,0.33333333333333337,0.60465629698488,0.1077766876034798,0.4968796093814002,,8.780857309484234e+19,0.473632812409398,0.001430511474609375,0.0006103515619010683,,,,,,,8.808356285095211,1.9121244907379136,0.3526246607303617,0.3615478396415712,0.5767061829566957,0.59007511138916,0.15869522690772994,84334.97968750005,positive_boundary_margin
0.12079999494552629,0.03571207102571197,,0.571243043022602,0.5715463077230756,0.6721818506867285,0.33333333333333337,0.596553561113752,0.08982502780891587,0.5067285333048361,,8.979068469646669e+19,0.4565429687359867,0.0025367736808469023,-0.0005722045827823538,,,,,,,8.793266296386715,1.9063412189483626,0.3517829716205595,0.362217026948929,0.5774054408073427,0.5895837783813476,0.15811955332756028,84496.37187500004,positive_boundary_margin
0.12179999494552629,0.027447275776309114,,0.5930654558347443,0.5764449620222205,0.6788031266031755,0.33333333333333337,0.6103447500737211,0.08306292260485898,0.5272818274688622,,9.053731466437775e+19,0.4272460937852196,0.0012588500976012194,0.0002670288087038114,,,,,,,8.778176307678219,1.9005579471588119,0.35094128251075724,0.3628862142562868,0.5781046986579897,0.589092445373535,0.1575438797473906,84657.76406250005,positive_boundary_margin
0.12279999494552629,0.01616085767430242,,0.5808238127248266,0.58313457245889,0.6854244025196217,0.33333333333333337,0.6075516501070413,0.07382858052139896,0.5337230695856423,,9.155691378704699e+19,0.45654296877124356,0.0013351440420282788,0.00022888183626943104,,,,,,,8.763086318969732,1.8947746753692618,0.35009959340095487,0.3635554015636445,0.5788039565086367,0.5886011123657229,0.15696820616722112,84819.15625000001,positive_boundary_margin
0.12379999494552629,0.003471852739190378,,0.5889150636467587,0.5906555148054954,0.6917839895991286,0.33333333333333337,0.6150674079245353,0.06344666739267092,0.5516207405318644,,9.270322062970113e+19,0.4394531250071185,0.001277923583928762,0.000286102295255553,,,,,,,8.779950714111333,1.8915119886398306,0.3489055395126339,0.3640133321285249,0.579637932777405,0.5892175555229189,0.15712331235408789,84849.628125,positive_boundary_margin
0.1247999949455263,0.0,,0.5802879764051171,0.5927133281975527,0.6980639857123873,0.33333333333333337,0.6128383166800435,0.060606060606060615,0.5522322560739829,,9.3016862918594e+19,0.45410156251431144,0.001277923583984375,0.00026702880809061243,,,,,,,8.796815109252934,1.8882493019103994,0.34771148562431303,0.3644712626934053,0.5804719090461733,0.5898339986801149,0.15727841854095465,84880.1,positive_boundary_margin
0.1257999949455263,0.0,,0.5575220519433483,0.6001769054682486,0.7034295232886041,0.33333333333333337,0.6046626331608873,0.060606060606060615,0.5440565725548266,,9.415442644478407e+19,0.461425781235614,0.0009155273446491255,0.000362396239897203,,,,,,,8.813679504394536,1.8849866151809684,0.3465174317359921,0.36492919325828566,0.5813058853149417,0.590450441837311,0.1574335247278214,84910.57187500001,positive_boundary_margin
0.1267999949455263,0.0,,0.5790539661447919,0.6067288166381978,0.7081422179709898,0.33333333333333337,0.6182447417246928,0.060606060606060615,0.5576386811186321,,9.515303808950233e+19,0.46630859375,0.001163482666467517,0.0005149841312547806,,,,,,,8.830543899536137,1.8817239284515372,0.3453233778476712,0.365387123823166,0.5821398615837099,0.591066884994507,0.15758863091468817,84941.04375000001,positive_boundary_margin
0.1277999949455263,0.0,,0.6154424209098192,0.6123189682608312,0.712513706043918,0.33333333333333337,0.6389293790310968,0.060606060606060615,0.5783233184250361,,9.600506284400548e+19,0.4443359375508728,0.001201629637593099,0.00095367431640625,,,,,,,8.84740829467773,1.8784612417221058,0.3441293239593506,0.3658450543880465,0.5829738378524781,0.5916833281517037,0.15774373710155498,84971.51562500001,positive_boundary_margin
0.1287999949455263,0.0,,0.5774578490822146,0.6183139072500936,0.7189174291697401,0.33333333333333337,0.6230367586460658,0.060606060606060615,0.5624306980400051,,9.69187833949664e+19,0.4589843750657433,0.0012588500968002173,0.000286102294921875,,,,,,,8.832649040222163,1.8742418527603137,0.3441135764122009,0.3666873693466189,0.5831900358200074,0.5943077921867378,0.15813438296318066,85037.75312500002,positive_boundary_margin
0.1297999949455263,0.0,,0.5852219834932914,0.638683876352955,0.725228115162178,0.33333333333333337,0.633588989625429,0.060606060606060615,0.5729829290193683,,1.00023478776364e+20,0.4614257812867104,0.00114440917957278,0.0006103515620411199,,,,,,,8.817889785766598,1.8700224637985219,0.34409782886505125,0.3675296843051913,0.5834062337875366,0.5969322562217719,0.15852502882480632,85103.99062500002,positive_boundary_margin
0.1307999949455263,0.0,,0.5539770693091148,0.6359419526894378,0.7307618735227487,0.33333333333333337,0.618664491207604,0.060606060606060615,0.5580584306015434,,9.960556760078588e+19,0.4833984374704826,0.0009918212888895466,0.0004196166991610988,,,,,,,8.80313053131103,1.8658030748367298,0.34408208131790163,0.3683719992637637,0.583622431755066,0.5995567202568062,0.158915674686432,85170.22812500002,positive_boundary_margin
0.1317999949455263,0.0,,0.5767877486597253,0.6370385836476191,0.7358775122984265,0.33333333333333337,0.6316228983163741,0.060606060606060615,0.5710168377103134,,9.977271096039388e+19,0.4711914062129169,0.0013160705565826826,0.0003242492685052026,,,,,,,8.788371276855464,1.8615836858749377,0.34406633377075196,0.369214314222336,0.5838386297225953,0.6021811842918403,0.15930632054805766,85236.46562500001,positive_boundary_margin
0.1327999949455263,0.0,,0.6247778537787979,0.6333931311828552,0.7405413058937456,0.33333333333333337,0.6558725361585491,0.060606060606060615,0.5952664755524885,,9.921708815246007e+19,0.441894531317085,0.0009536743191432253,0.0014305114721635673,,,,,,,8.773612022399902,1.8573642969131459,0.3440505862236022,0.3700566291809084,0.5840548276901247,0.6048056483268742,0.1596969664096833,85302.70312500001,positive_boundary_margin
0.1337999949455263,0.0,,0.6111475930248644,0.6331827733340725,0.7482732568725163,0.33333333333333337,0.6509378040640794,0.060606060606060615,0.5903317434580188,,9.918502639339412e+19,0.4785156250074912,0.00109672546389645,0.0013542175290627762,,,,,,,8.773420524597167,1.8537240028381337,0.3437010347843169,0.3708175957202913,0.5848490476608279,0.6065554499626165,0.16004379093647012,85347.21562500001,positive_boundary_margin
0.1347999949455263,0.0,,0.6241492531123919,0.6430600698551092,0.7560052078512868,0.33333333333333337,0.661840945982795,0.060606060606060615,0.6012348853767343,,1.0069047771414502e+20,0.46386718753764217,0.0008964538585393762,0.0017166137698253292,,,,,,,8.773229026794434,1.8500837087631214,0.3433514833450316,0.3715785622596743,0.585643267631531,0.6083052515983587,0.16039061546325692,85391.72812500001,positive_boundary_margin
0.1357999949455263,0.0,,0.5676020410242868,0.637917642839021,0.7637371588300578,0.33333333333333337,0.6342147209294131,0.060606060606060615,0.5736086603233524,,9.990669304930815e+19,0.4833984375075657,0.0007247924824783887,0.0010299682627235693,,,,,,,8.773037528991699,1.8464434146881092,0.34300193190574635,0.37233952879905724,0.5864374876022341,0.6100550532341008,0.16073743999004372,85436.240625,positive_boundary_margin
0.1367999949455263,0.0,,0.5751668131162778,0.6426631312312606,0.771469109808828,0.33333333333333337,0.641116466818161,0.060606060606060615,0.5805104062121004,,1.0062997818633827e+20,0.4858398437804119,0.0008296966553328357,0.0010681152336622219,,,,,,,8.772846031188966,1.842803120613097,0.34265238046646107,0.37310049533844014,0.5872317075729372,0.611804854869843,0.16108426451683053,85480.75312500002,positive_boundary_margin
0.1377999949455263,0.0,,0.5914087164477446,0.6380222735056447,0.7792010607875973,0.33333333333333337,0.6500101917971828,0.060606060606060615,0.5894041311911221,,9.992264036595741e+19,0.500488281120116,0.0015640258714152361,0.0005912780814245379,,,,,,,8.772654533386232,1.8391628265380855,0.3423028290271758,0.37386146187782304,0.5880259275436401,0.613554656505585,0.16143108904361733,85525.26562499997,positive_boundary_margin
0.1387999949455263,0.0,,0.605944243733641,0.6500945055720194,0.7820771723323332,0.33333333333333337,0.6610150413429086,0.060606060606060615,0.6004089807368479,,1.0176263349262195e+20,0.4614257812730325,0.0008964538573618944,0.0013351440427888084,,,,,,,8.781584548950198,1.8373723268508906,0.3419294893741607,0.37455638647079487,0.588182806968689,0.6148246169090275,0.16173463463783272,85424.48749999997,positive_boundary_margin
0.1397999949455263,0.0,,0.6356056537627798,0.6491476355514488,0.784953283877069,0.33333333333333337,0.6763280567385193,0.060606060606060615,0.6157219961324586,,1.0161831599440658e+20,0.4736328125231443,0.0008964538568191581,0.0020408630375312767,,,,,,,8.790514564514163,1.835581827163696,0.3415561497211455,0.3752513110637667,0.5883396863937378,0.6160945773124699,0.1620381802320481,85323.70937499998,positive_boundary_margin
0.1407999949455263,0.0,,0.6384593788930572,0.6516696212830838,0.7875948137698104,0.33333333333333337,0.6790457982097522,0.060606060606060615,0.6184397376036915,,1.0200270525947707e+20,0.4736328125310082,0.0009250640867626554,0.0020599365215600513,,,,,,,8.799444580078127,1.833791327476501,0.3411828100681304,0.37594623565673846,0.5884965658187866,0.6173645377159123,0.16234172582626352,85222.93124999997,positive_boundary_margin
0.1417999949455263,0.0,,0.638998470199041,0.646586694662632,0.7899445573386306,0.33333333333333337,0.6786320480998361,0.060606060606060615,0.6180259874937755,,1.012279893665461e+20,0.46142578128894657,0.0010585784908762404,0.001773834228515625,,,,,,,8.808374595642093,1.832000827789306,0.3408094704151153,0.3766411602497103,0.5886534452438354,0.6186344981193546,0.1626452714204789,85122.15312499997,positive_boundary_margin
0.1427999949455263,0.0,,0.5903069363582075,0.6666299598472603,0.7922943009074517,0.33333333333333337,0.6598845333677817,0.060606060606060615,0.5992784727617211,,1.0428289006534499e+20,0.4858398437265202,0.00020027160916627343,0.0021743774401222007,,,,,,,8.817304611206055,1.8302103281021112,0.3404361307621002,0.3773360848426823,0.5888103246688844,0.6199044585227975,0.1629488170146944,85021.375,positive_boundary_margin
0.1437999949455263,0.0,,0.5912614328386647,0.665351191887499,0.7994944687491967,0.33333333333333337,0.6618421315785064,0.060606060606060615,0.6012360709724457,,1.040879862361589e+20,0.5053710937657278,0.0008296966554884647,0.0015830993650500658,,,,,,,8.818997955322265,1.8277526617050164,0.3405173301696778,0.3788090050220494,0.589342498779297,0.6230011701583871,0.16368393599987052,85040.2296875,positive_boundary_margin
0.1447999949455263,0.0,,0.6623730592495817,0.6746777490529984,0.8066225422001525,0.33333333333333337,0.7015116024380785,0.060606060606060615,0.6409055418320179,,1.0550949644119887e+20,0.4833984375,0.0010108947750511236,0.0025177001942014044,,,,,,,8.820691299438478,1.8252949953079216,0.3405985295772553,0.38028192520141646,0.5898746728897096,0.6260978817939767,0.1644190549850466,85059.084375,positive_boundary_margin
0.1457999949455263,0.0,,0.6494246981592592,0.6789539287960468,0.8137228981089173,0.33333333333333337,0.6978815558058706,0.060606060606060615,0.63727549519981,,1.061612517497724e+20,0.4760742187182464,0.0008296966554905029,0.002422332762927651,,,,,,,8.822384643554688,1.8228373289108268,0.3406797289848328,0.3817548453807835,0.5904068470001222,0.6291945934295663,0.1651541739702227,85077.93906250001,positive_boundary_margin
0.1467999949455263,0.0008973439954112382,,0.6797350519886816,0.6818957068437437,0.8208232540176825,0.33333333333333337,0.7155472662096973,0.06134025114776072,0.6542070150619366,,1.0660962379548643e+20,0.48583984373404865,0.000820159913044023,0.0033187866209068205,,,,,,,8.824077987670899,1.820379662513732,0.3407609283924103,0.3832277655601506,0.5909390211105349,0.632291305065156,0.16588929295539878,85096.79375000001,positive_boundary_margin
0.14779999494552631,0.02151639280663796,,0.6709407447220511,0.6941168918889137,0.8279236099264482,0.33333333333333337,0.7159804978148661,0.07821038199330985,0.6377701158215562,,1.0847231963824128e+20,0.4882812499919871,0.0007057189940467234,0.0035285949717047413,,,,,,,8.825771331787115,1.817921996116637,0.3408421277999878,0.3847006857395178,0.5914711952209476,0.6353880167007473,0.1666244119405753,85115.64843750004,positive_boundary_margin
0.14879999494552631,0.012297974826000547,,0.6058075384946319,0.6886530126868939,0.8392145177871129,0.33333333333333337,0.6848706518658176,0.07066804000915196,0.6142026118566657,,1.0763954073527072e+20,0.4956054687580502,0.00041007995784711514,0.0023078918455773406,,,,,,,8.841789436340337,1.814310026168822,0.3408525884151459,0.38662171959877073,0.5926193833351139,0.6440747737884548,0.16883987784385748,85277.65312500006,positive_boundary_margin
0.14979999494552632,0.025231665683472446,,0.6480417764801893,0.6963189836409044,0.8505054256477773,0.33333333333333337,0.7107269905622651,0.08125015071071989,0.6294768398515451,,1.0880795215968967e+20,0.48339843756469975,0.001029968261023733,0.00221252441387295,,,,,,,8.85780754089356,1.810698056221007,0.34086304903030396,0.38854275345802364,0.5937675714492802,0.6527615308761623,0.17105534374713965,85439.65781250005,positive_boundary_margin
0.15079999494552632,0.031085822625758174,,0.6209505093645921,0.6997888204859574,0.861796333508442,0.33333333333333337,0.7008715431808958,0.08603991548168094,0.614831627699215,,1.093368084565569e+20,0.47851562504874845,0.0009346008294433797,0.0017547607421875,,,,,,,8.873825645446782,1.8070860862731923,0.34087350964546204,0.3904637873172766,0.5949157595634464,0.6614482879638699,0.17327080965042183,85601.66250000005,positive_boundary_margin
0.15179999494552632,0.04589706168890661,,0.6115532337531214,0.7085676392858057,0.873087241369106,0.33333333333333337,0.7011903370402887,0.0981582019878933,0.6030321350523954,,1.106748349427231e+20,0.48583984378264805,0.0008201599120456093,0.0017929077147799844,,,,,,,8.889843750000004,1.8034741163253774,0.3408839702606201,0.3923848211765295,0.5960639476776126,0.6701350450515774,0.175486275553704,85763.66718750005,positive_boundary_margin
0.15279999494552632,0.05456048175571545,,0.6484693878581066,0.7137025638271774,0.8843781492297691,0.33333333333333337,0.7237548721932898,0.1052464547698278,0.6185084174234621,,1.1145747611546708e+20,0.4858398437909964,0.001869201658682942,0.001239776613313888,,,,,,,8.905861854553228,1.7998621463775628,0.34089443087577803,0.39430585503578236,0.5972121357917788,0.6788218021392836,0.17770174145698583,85925.67187500006,positive_boundary_margin
0.15379999494552632,0.0728949838911247,,0.6096560394984771,0.724569667608701,0.890953915266147,0.33333333333333337,0.7087089154679506,0.12024741106243536,0.5884615044055153,,1.1311378922764186e+20,0.5175781250411827,0.0009250640871392806,0.0019454956056617941,,,,,,,8.925334930419927,1.7976631879806513,0.34034720063209517,0.3959001362323766,0.5980728030204776,0.6832985639572158,0.17890153825283087,86132.89218750007,positive_boundary_margin
0.15479999494552632,0.049943872793212364,,0.6304417700613825,0.7109662381640256,0.8975296813025244,0.33333333333333337,0.7173448648973287,0.10146922925505256,0.6158756356422762,,1.110404181609121e+20,0.4882812500082738,0.0005340576170582216,0.00255584716796875,,,,,,,8.944808006286626,1.7954642295837395,0.3397999703884123,0.39749441742897085,0.5989334702491763,0.6877753257751479,0.1801013350486759,86340.11250000006,positive_boundary_margin
0.15579999494552632,0.0673087838363576,,0.5945956613048846,0.7212586523822626,0.9041054473389014,0.33333333333333337,0.7036388555827333,0.11567688374489865,0.5879619718378346,,1.1260913977877175e+20,0.4833984375249333,0.0007057189943354161,0.0015830993658836787,,,,,,,8.964281082153326,1.793265271186828,0.33925274014472945,0.39908869862556506,0.599794137477875,0.69225208759308,0.18130113184452093,86547.33281250007,positive_boundary_margin
0.15679999494552632,0.06601057555827404,,0.5448385575118813,0.7204891870330661,0.908337113252428,0.33333333333333337,0.6796258538273141,0.11461471333555753,0.5650111404917566,,1.1249186147050665e+20,0.5053710937416517,0.00041961670000140844,0.0012016296384109889,,,,,,,8.983754158020025,1.7910663127899162,0.3387055099010466,0.4006829798221593,0.6006548047065737,0.6967288494110121,0.18250092864036596,86754.55312500006,positive_boundary_margin
0.15779999494552632,0.07725989643130378,,0.5620101392950452,0.7271568094476817,0.9096806578840555,0.33333333333333337,0.6902144364804569,0.12381870314076372,0.5663957333396932,,1.1350810928173443e+20,0.5273437499916144,0.00011444092484758387,0.002155303951016337,,,,,,,9.003227233886728,1.7888673543930047,0.3381582796573666,0.402277261018753,0.6015154719352722,0.7012056112289434,0.18370072543621088,86961.77343749988,positive_boundary_margin
0.15879999494552632,0.09527668660305993,,0.5866468118427935,0.7378356011138203,0.9294029832698399,0.33333333333333337,0.7101330520173118,0.13855971328129146,0.5715733387360203,,1.1513572074237775e+20,0.50048828125,0.0008392333983716961,0.0014305114741487478,,,,,,,9.033400154113778,1.787004137039184,0.3469924390316037,0.4021684527397155,0.6015196204185486,0.7030766725540167,0.18452648222446466,86588.61093749988,positive_boundary_margin
0.15979999494552632,0.08972437063145289,,0.5823637829167733,0.7345446694350847,0.9445627724554072,0.33333333333333337,0.7109587519310095,0.13401690930452206,0.5769418426264875,,1.1463413233387936e+20,0.5029296875930618,0.0004673004163279158,0.0018501281737620299,,,,,,,9.06357307434083,1.7851409196853631,0.3558265984058408,0.40205964446067805,0.6015237689018249,0.7049477338790899,0.18535223901271847,86215.44843749989,positive_boundary_margin
0.16079999494552633,0.08968269710388822,,0.6069422744138248,0.734519968979864,0.9282814708309661,0.33333333333333337,0.7191714971596199,0.13398281278196916,0.5851886843776508,,1.1463036760606586e+20,0.5029296875424871,0.0009155273419243793,0.0017547607421211139,,,,,,,9.09374599456788,1.7832777023315423,0.3646607577800779,0.40195083618164057,0.6015279173851014,0.7068187952041632,0.18617799580097225,85842.28593749988,positive_boundary_margin
0.16179999494552633,0.09066942497384238,,0.5793566709130034,0.7351048157396899,0.9074552868074413,0.33333333333333337,0.7003183610932844,0.13479013558465894,0.5655282255086255,,1.1471950721275291e+20,0.5053710938268123,0.0006484985353562822,0.001583099365234375,,,,,,,9.123918914794931,1.7814144849777216,0.37349491715431504,0.4018420279026031,0.6015320658683777,0.7086898565292364,0.18700375258922605,85469.12343749987,positive_boundary_margin
0.16279999494552633,0.0877428333429748,,0.5688734824366054,0.7333701858738833,0.8866291027839246,0.33333333333333337,0.6894365633827546,0.13239565152304,0.5570409118597146,,1.144551230447844e+20,0.524902343732856,0.0006294250482254081,0.0016021728518973426,,,,,,,9.15409183502197,1.779551267623901,0.3823290765285491,0.40173321962356595,0.601536214351654,0.7105609178543093,0.18782950937747958,85095.96093750001,positive_boundary_margin
0.16379999494552633,0.10315142542390186,,0.5530827881010061,0.742503063769008,0.8894332947751435,0.33333333333333337,0.6845254836865409,0.14500268140743483,0.5395228022791061,,1.1584711356164184e+20,0.5175781250430462,0.0006866455076107209,0.0011444091790149028,,,,,,,9.148079872131346,1.778405928611755,0.38199909925460807,0.4025595188140872,0.6015778660774231,0.7113327383995058,0.1879388809204102,85133.28437500002,positive_boundary_margin
0.16479999494552633,0.1311678174820229,,0.5760411581776413,0.7591087527498643,0.8922374867663633,0.33333333333333337,0.7008571389678776,0.16792518400044298,0.5329319549674346,,1.183780749795729e+20,0.5029296874308279,0.0006675720211466207,0.0014686584479411337,,,,,,,9.14206790924072,1.777260589599609,0.381669121980667,0.40338581800460843,0.6016195178031921,0.7121045589447024,0.1880482524633408,85170.6078125,positive_boundary_margin
0.16579999494552633,0.11574092020674498,,0.6194792987766473,0.7499650251220726,0.8950416787575823,0.33333333333333337,0.7209913253582374,0.15530317713885194,0.5656881482193854,,1.169844307972273e+20,0.5029296875173676,0.0012397766089197325,0.0015830993655057432,,,,,,,9.136055946350096,1.776115250587463,0.381339144706726,0.40421211719512967,0.6016611695289612,0.7128763794898989,0.1881576240062714,85207.93125000001,positive_boundary_margin
0.16679999494552633,0.12827296783710412,,0.5918416171075294,0.7573929367821931,0.8978458707488013,0.33333333333333337,0.7097305104365133,0.16555667065460036,0.5441738397819129,,1.1811655833792964e+20,0.5004882812936052,0.00029563903900573586,0.0022315978999818257,,,,,,,9.13004398345947,1.774969911575317,0.3810091674327849,0.4050384163856509,0.6017028212547303,0.7136482000350954,0.188266995549202,85245.25468750001,positive_boundary_margin
0.16779999494552633,0.1276095992779964,,0.5907028123425281,0.7569997493957027,0.9006500627400211,0.33333333333333337,0.7097638592051949,0.16501391456078493,0.54474994464441,,1.1805663055616934e+20,0.502929687526275,0.00023841858070953542,0.0023078918449504567,,,,,,,9.12403202056885,1.7738245725631714,0.3806791901588438,0.405864715576172,0.6017444729804992,0.7144200205802934,0.188376367092133,85282.578125,positive_boundary_margin
0.16879999494552633,0.13300330268791452,,0.5453711387807053,0.7601966692951058,0.9027677382077337,0.33333333333333337,0.6884266712660625,0.1694269446234452,0.5189997266426173,,1.1854389012913455e+20,0.5224609375703647,0.0004005432112070941,0.00141143798828125,,,,,,,9.129010009765627,1.7739187955856324,0.3802422761917113,0.4062007248401643,0.6015743374824524,0.7195457577705401,0.18974566161632583,85274.76406249999,positive_boundary_margin
0.16979999494552633,0.13211394287301803,,0.5746883442238689,0.7596695338792533,0.9041913207126754,0.33333333333333337,0.7033093857599166,0.16869928659307534,0.5346100991668413,,1.184635466154697e+20,0.5200195312941643,0.000486373901125664,0.001850128173345078,,,,,,,9.133987998962404,1.7740130186080934,0.3798053622245787,0.4065367341041566,0.6014042019844055,0.7246714949607866,0.19111495614051865,85266.95,positive_boundary_margin
0.17079999494552633,0.1415395600748181,,0.5421219444757455,0.7652562228212484,0.9052746979465226,0.33333333333333337,0.6886937024298155,0.17641115521272996,0.5122825472170855,,1.1931504360439153e+20,0.5419921875354805,0.00034332275390625,0.00162124633740554,,,,,,,9.138965988159182,1.7741072416305543,0.37936844825744614,0.40687274336814894,0.6012340664863586,0.7297972321510332,0.19248425066471145,85259.1359375,positive_boundary_margin
0.17179999494552634,0.1450260180222671,,0.5485206523243158,0.7673226929149016,0.9060468111909632,0.33333333333333337,0.6926027021886241,0.17926371171518823,0.5133389904734358,,1.1963000530723773e+20,0.5200195312321853,0.0002956390382251156,0.0015830993648168407,,,,,,,9.143943977355958,1.774201464653015,0.37893153429031357,0.40720875263214124,0.6010639309883117,0.7349229693412798,0.19385354518890427,85251.321875,positive_boundary_margin
0.17279999494552634,0.16954767584825925,,0.5033293464054996,0.781857006337867,0.9066855255828002,0.33333333333333337,0.6738003061829166,0.1993268863000909,0.47447341988282576,,1.218452573544157e+20,0.5615234375,-0.0011444091723500772,0.0029754638619464836,,,,,,,9.14892196655274,1.7742956876754756,0.3784946203231811,0.4075447618961341,0.6008937954902651,0.7400487065315268,0.19522283971309717,85243.50781250006,positive_boundary_margin
0.17379999494552634,0.17845432131660208,,0.5959826514365572,0.7871360938164842,0.9067793853209318,0.33333333333333337,0.7214701955026326,0.2066141416832805,0.5148560538193521,,1.2264987116752916e+20,0.5346679686511987,0.0006008148180377668,0.0022697448726258468,,,,,,,9.16510448455811,1.7729269266128536,0.3782473802566528,0.40950686335563724,0.6016069293022158,0.7462496280670187,0.1969155281782156,85439.58125000006,positive_boundary_margin
0.17479999494552634,0.17571496845561035,,0.6225144842988557,0.7855124428651382,0.9030762573946947,0.33333333333333337,0.7334044172143861,0.2043728529788327,0.5290315642355534,,1.2240240188644236e+20,0.5322265624639232,0.0006294250482291933,0.0027275085447104872,,,,,,,9.181287002563481,1.7715581655502315,0.37800014019012446,0.41146896481514045,0.6023200631141665,0.7524505496025106,0.198608216643334,85635.65468750006,positive_boundary_margin
0.17579999494552634,0.17933491800654341,,0.5527678775221065,0.787658035211379,0.899373129468457,0.33333333333333337,0.6981417299310123,0.20733462988414159,0.4908071000468707,,1.22729423032822e+20,0.5419921874366047,0.00037193298272627715,0.0017929077147729963,,,,,,,9.197469520568854,1.7701894044876094,0.37775290012359614,0.4134310662746436,0.6030331969261172,0.7586514711380026,0.20030090510845242,85831.72812500007,positive_boundary_margin
0.17679999494552634,0.1827492262251947,,0.5366097875000584,0.7896817411991481,0.8956700015422205,0.33333333333333337,0.6896428294353714,0.2101281547903108,0.4795146746450606,,1.2303786683073875e+20,0.5517578124545313,0.0005149841303975833,0.0013923645021662596,,,,,,,9.213652038574224,1.7688206434249873,0.3775056600570678,0.41539316773414675,0.6037463307380678,0.7648523926734945,0.20199359357357083,86027.80156250007,positive_boundary_margin
0.17779999494552634,0.1895634321903488,,0.5605421834597529,0.7937206118957781,0.8919668736159846,0.33333333333333337,0.7016929631078171,0.21570341421634598,0.48598954889147117,,1.2365345260480496e+20,0.5371093750547861,0.0004959106437822213,0.0017356872579994567,,,,,,,9.229834556579592,1.7674518823623657,0.3772584199905395,0.41735526919364935,0.6044594645500183,0.7710533142089867,0.20368628203868924,86223.87500000001,positive_boundary_margin
0.17879999494552634,0.18804935893420247,,0.5480189923511372,0.7928232004969927,0.892563683808014,0.33333333333333337,0.6953562172518202,0.2144646270067717,0.48089159024504846,,1.2351667335830962e+20,0.5517578124633269,0.0004959106444238091,0.0016403198243620045,,,,,,,9.232522583007814,1.7676130056381225,0.37712524533271785,0.41760472059249887,0.6043657541275024,0.7779439687728905,0.2054408788681036,86266.45937500002,positive_boundary_margin
0.17979999494552634,0.20749035164728674,,0.5911304235235121,0.8043461359914293,0.8931604940000423,0.33333333333333337,0.7199418692596239,0.23037089377202247,0.4895709754876014,,1.2527294527158878e+20,0.5395507811947666,0.00047683715798736985,0.0023841857907279515,,,,,,,9.235210609436036,1.7677741289138795,0.3769920706748962,0.41785417199134833,0.6042720437049866,0.7848346233367943,0.20719547569751798,86309.04375000001,positive_boundary_margin
0.18079999494552634,0.22396356604221412,,0.5579114181910444,0.8141100297215585,0.8937573041920709,0.33333333333333337,0.7059225425739296,0.24384897827696309,0.46207356429696655,,1.2676111226955104e+20,0.5419921875277285,0.0002574920657546305,0.0020408630365316986,,,,,,,9.237898635864259,1.7679352521896363,0.37685889601707456,0.41810362339019785,0.6041783332824707,0.7917252779006981,0.20895007252693235,86351.62812500002,positive_boundary_margin
0.18179999494552634,0.23280439070533798,,0.5913879665442525,0.8193501043316497,0.8943541143841001,0.33333333333333337,0.7241200379510637,0.2510823802740644,0.47303765767699935,,1.2755977992378148e+20,0.5126953126113611,0.0005340576157374854,0.00204086303660187,,,,,,,9.24058666229248,1.768096375465393,0.37672572135925286,0.4183530747890473,0.6040846228599548,0.7986159324646019,0.2107046693563467,86394.21250000001,positive_boundary_margin
0.18279999494552635,0.23165807659314433,,0.5765403769981836,0.8186706686790516,0.894950924576127,0.33333333333333337,0.7166755868128865,0.25014448690954233,0.4665310999033441,,1.2745622352063103e+20,0.5590820312034132,0.00041007995539956045,0.002384185791743544,,,,,,,9.243274688720712,1.76825749874115,0.37659254670143116,0.4186025261878974,0.6039909124374392,0.8055065870285042,0.21245926618576075,86436.79687500006,positive_boundary_margin
0.18379999494552635,0.2319985726816809,,0.5601760082736102,0.8188724852489264,0.889989546716173,0.33333333333333337,0.70730351212808,0.25042307461834495,0.456880437509735,,1.2748698345792969e+20,0.5615234375093513,0.000610351562865283,0.0018310546875730566,,,,,,,9.267305755615242,1.7684738397598267,0.376299750804901,0.420562386512757,0.6045113444328309,0.8078003644943245,0.21319327950477623,86625.98593750007,positive_boundary_margin
0.18479999494552635,0.22546429987481753,,0.5400721773647522,0.8149995346662197,0.8833262420016498,0.33333333333333337,0.6946175328493435,0.24507685141272953,0.44954068143661396,,1.2689668645130233e+20,0.5810546874436486,0.00013351440554423691,0.0022506713865720015,,,,,,,9.291336822509773,1.7686901807785036,0.3760069549083709,0.42252224683761663,0.6050317764282228,0.8100941419601448,0.21392729282379175,86815.17500000006,positive_boundary_margin
0.18579999494552635,0.23256467055378605,,0.5501196173350472,0.8192080190027874,0.8766629372871266,0.33333333333333337,0.6990275477400021,0.25088624560461287,0.4481413021353892,,1.2753812394276081e+20,0.5786132811745395,0.0002670288083726744,0.002250671387160901,,,,,,,9.315367889404305,1.7689065217971802,0.37571415901184074,0.42448210716247625,0.6055522084236147,0.8123879194259651,0.21466130614280726,87004.36406250007,positive_boundary_margin
0.18679999494552635,0.23672111808808668,,0.5893190768821155,0.8216716008543212,0.8699996325726037,0.33333333333333337,0.717577346797789,0.25428697540540424,0.4632903713923847,,1.2791361156169282e+20,0.5395507813257315,0.0004196166991817717,0.002422332762636483,,,,,,,9.339398956298837,1.769122862815857,0.37542136311531055,0.42644196748733587,0.6060726404190065,0.8146816968917854,0.21539531946182275,87193.55312500006,positive_boundary_margin
0.18779999494552635,0.2426002012524672,,0.5539058687093219,0.8251562118034313,0.8633363278580882,0.33333333333333337,0.6990760692700408,0.25909713435807924,0.4399789349119616,,1.2844471965837374e+20,0.568847656192998,0.0004100799563886832,0.0020408630377773663,,,,,,,9.363430023193345,1.76933920383453,0.37512856721878035,0.42840182781219444,0.6065930724143981,0.8169754743576038,0.21612933278083732,87382.74218749991,positive_boundary_margin
0.18879999494552635,0.25043589548323103,,0.5681171272847828,0.8298005322096857,0.8793195643276028,0.33333333333333337,0.7113385877767135,0.2655081569105224,0.4458304308661912,,1.2915258524433593e+20,0.5664062499427541,0.0002956390378623208,0.002441406249403689,,,,,,,9.320542716979967,1.757733440399166,0.3746571302413939,0.4273010492324825,0.606218373775482,0.8134386897087086,0.2140138268470757,87114.82343749992,positive_boundary_margin
0.18979999494552635,0.2396865595729223,,0.5485918530358758,0.8234292575463732,0.8953028007971173,0.33333333333333337,0.7039789411038104,0.2567132457111788,0.4472656953926316,,1.2818150537077719e+20,0.5712890624904183,0.0003337860107796158,0.0020599365226889347,,,,,,,9.277655410766588,1.7461276769638023,0.3741856932640074,0.4262002706527706,0.605843675136566,0.8099019050598133,0.21189832091331412,86846.9046874999,positive_boundary_margin
0.19079999494552635,0.25613533458603016,,0.564130293259582,0.8331786657291651,0.9081188964912714,0.33333333333333337,0.7173895371849002,0.27017133435826707,0.4472182028266331,,1.2966746454939088e+20,0.5688476562403845,0.0003433227539438106,0.002326965330528825,,,,,,,9.234768104553208,1.7345219135284384,0.3737142562866209,0.4250994920730587,0.60546897649765,0.806365120410918,0.2097828149795525,86578.9859374999,positive_boundary_margin
0.19179999494552635,0.25393277181257123,,0.5430670834362233,0.8318731774171443,0.9125436752024425,0.33333333333333337,0.7076377548730084,0.2683692375436189,0.4392685173293895,,1.2946848812913551e+20,0.5737304687403506,0.00020980835043862026,0.0021362304692023157,,,,,,,9.19188079833983,1.7229161500930747,0.3732428193092345,0.4239987134933468,0.605094277858734,0.8028283357620227,0.20766730904579092,86311.06718749991,positive_boundary_margin
0.19279999494552635,0.24723336278433009,,0.5458028188204239,0.8279023483950587,0.9112484941301039,0.33333333333333337,0.7076891200415026,0.26288790288414887,0.44480121715735377,,1.2886327294874249e+20,0.5493164063275204,0.0001907348642653964,0.0019645690918725788,,,,,,,9.14899349212646,1.7113103866577135,0.37277138233184826,0.42289793491363203,0.6047195792198182,0.7992915511131321,0.20555180311203075,86043.14843750007,positive_boundary_margin
0.19379999494552635,0.244361686736515,,0.5869934578003114,0.8262002677272531,0.9100895887575232,0.33333333333333337,0.7275691930213498,0.2605383497541183,0.4670308432672315,,1.286038497772385e+20,0.5639648437013465,0.0002670288080996122,0.0028228759777788395,,,,,,,9.132090759277338,1.7072061061859116,0.3731365025043489,0.41323774456977513,0.6050888538360597,0.8097015142440832,0.20768931508064342,86252.58593750007,positive_boundary_margin
0.19479999494552636,0.24925725517675826,,0.5664095303809615,0.8291019363908885,0.90045408114133,0.33333333333333337,0.7155937695735354,0.26454381484159006,0.4510499547319453,,1.290461085383021e+20,0.6079101561132957,0.0004959106439591057,0.002574920653534016,,,,,,,9.115188026428216,1.70310182571411,0.3735016226768495,0.4035775542259182,0.6054581284523012,0.8201114773750342,0.20982682704925612,86462.02343750007,positive_boundary_margin
0.19579999494552636,0.26238918739432754,,0.5401307651237374,0.8368854076412287,0.8825287536542936,0.33333333333333337,0.6999189228857492,0.27528812301960137,0.4246307998661478,,1.3023242880811427e+20,0.5908203124608061,0.0004196166977260133,0.001983642576593988,,,,,,,9.098285293579096,1.698997545242308,0.3738667428493501,0.3939173638820613,0.6058274030685427,0.8305214405059853,0.21196433901786882,86671.46093750007,positive_boundary_margin
0.19679999494552636,0.23338840429957372,,0.5599127689388352,0.8196962569728018,0.8646034261672577,0.33333333333333337,0.7010313052544325,0.2515602095784391,0.44947109567599336,,1.2761253888972869e+20,0.5883789062795174,0.00041961669891127704,0.0023460388178981654,,,,,,,9.081382560729974,1.6948932647705062,0.37423186302185074,0.3842571735382044,0.606196677684784,0.8409314036369363,0.21410185098648152,86880.89843750007,positive_boundary_margin
0.19779999494552636,0.2586160778927888,,0.5588195327430917,0.8346490353509178,0.8466780986802345,0.33333333333333337,0.6997415498793339,0.27220103342743324,0.42754051645190067,,1.298915714074107e+20,0.5566406250592788,0.00034332275444655115,0.0020980834977146535,,,,,,,9.064479827880861,1.6907889842987074,0.37459698319435114,0.374596983194355,0.6065659523010254,0.8513413667678852,0.21623936295509397,87090.33593750003,positive_boundary_margin
0.19879999494552636,0.256337762772495,,0.5350441851971258,0.8332986476132856,0.8629996354792372,0.33333333333333337,0.6915966633716936,0.2703369574199201,0.4212597059517735,,1.2968575162678405e+20,0.5566406251387914,0.0007820129386011687,0.0010681152374730231,,,,,,,9.069973945617678,1.6941286087036145,0.37441841959953304,0.38442332744598773,0.6064432501792907,0.8560968518257159,0.21777457892894805,87160.52343750003,positive_boundary_margin
0.19979999494552636,0.26186339989701624,,0.5318340495692189,0.8365737663837727,0.8793211722782395,0.33333333333333337,0.6948907594501125,0.27485793324907387,0.4200328262010386,,1.3018492990579435e+20,0.5712890625099476,0.0005531311041373472,0.0014495849625695207,,,,,,,9.075468063354494,1.6974682331085218,0.3742398560047149,0.3942496716976204,0.6063205480575561,0.8608523368835468,0.2193097949028021,87230.71093750003,positive_boundary_margin
0.20079999494552636,0.2612405364488125,,0.5926716143782903,0.8362045869163752,0.8956427090772416,0.33333333333333337,0.7292976311875494,0.2743483177005435,0.4549493134870059,,1.3012866129873129e+20,0.5590820312100472,0.002193450926954046,0.0008964538621428662,,,,,,,9.08096218109131,1.7008078575134291,0.3740612924098968,0.4040760159492531,0.6061978459358215,0.8656078219413775,0.22084501087665617,87300.89843750003,positive_boundary_margin
0.20179999494552636,0.27283327445203054,,0.5698580868854026,0.8430757572411848,0.902794897054733,0.33333333333333337,0.7213967070166807,0.28383328515772194,0.43756342185895875,,1.311759329300484e+20,0.5541992187299423,0.0008773803705452961,0.0016021728534429131,,,,,,,9.086456298828127,1.7041474819183362,0.37388272881507867,0.4139023602008858,0.6060751438140869,0.8703633069992084,0.22238022685051023,87371.08593750003,positive_boundary_margin
0.20279999494552636,0.2076304642785147,,0.5835611758675626,0.804429182615407,0.901030718313287,0.33333333333333337,0.7181455631659548,0.23048553137939085,0.4876600317865639,,1.2528560284944774e+20,0.6127929686795608,0.0008106231697707726,0.002555847168912133,,,,,,,9.091950416564922,1.7074871063232386,0.373704165220261,0.42372870445251115,0.6059524416923526,0.8751187920570408,0.22391544282436399,87441.27343750023,positive_boundary_margin
0.20379999494552636,0.1805303056184861,,0.5712137486384923,0.7883665573813396,0.8942441165712461,0.33333333333333337,0.7062595428073926,0.20831267429391287,0.4979468685134797,,1.2283741266685565e+20,0.5883789063105798,0.0011253356924916956,0.0016593933111779145,,,,,,,9.041808891296368,1.698520421981808,0.3747650384902958,0.41478466987609514,0.6068926334381107,0.8840048909187351,0.22461391389369992,88057.20000000024,positive_boundary_margin
0.20479999494552636,0.18918028889369698,,0.6089330469661325,0.7934935177572431,0.8808763832942779,0.33333333333333337,0.7230589987459465,0.21538993333726722,0.5076690654086793,,1.2361883997876257e+20,0.5883789062804119,0.0013732910158625927,0.002079010010161613,,,,,,,8.991667366027812,1.6895537376403773,0.3758259117603306,0.4058406352996791,0.6078328251838687,0.8928909897804295,0.22531238496303585,88673.12656250024,positive_boundary_margin
0.20579999494552637,0.1820812813674993,,0.6181622888149507,0.789285841379491,0.8571716836038009,0.33333333333333337,0.7206955256532983,0.20958165445219637,0.511113871201102,,1.229775256326064e+20,0.5981445313110677,0.0013542175283426923,0.002384185791413201,,,,,,,8.941525840759258,1.6805870532989466,0.3768867850303654,0.3968966007232631,0.6087730169296268,0.9017770886421238,0.22601085603237178,89289.05312500024,positive_boundary_margin
0.20679999494552637,0.2041359247824959,,0.62323910442621,0.8023579224802039,0.8334669839133243,0.33333333333333337,0.720575778811487,0.22762636270082998,0.49294941611065707,,1.249699110708807e+20,0.57373046875,0.0007629394555183974,0.002994537352398706,,,,,,,8.891384315490702,1.671620368957516,0.37794765830040017,0.3879525661468471,0.6097132086753849,0.9106631875038181,0.22670932710170774,89904.97968750024,positive_boundary_margin
0.20779999494552637,0.23403960185179926,,0.5802501384290184,0.8200822304412955,0.809762284222869,0.33333333333333337,0.6975861978805503,0.2520930075757145,0.4454931903048358,,1.2767136715986122e+20,0.60302734375,0.0009346008302382142,0.0022315979010309817,,,,,,,8.841242790222182,1.6626536846160949,0.37900853157043435,0.3790085315704395,0.6106534004211424,0.9195492863655076,0.22740779817104387,90520.9062499999,positive_boundary_margin
0.20879999494552637,0.16612947290740562,,0.5010301728101892,0.779830991896339,0.8414596121293746,0.33333333333333337,0.6558377374115231,0.19653017480302884,0.45930756260849426,,1.2153646171277807e+20,0.60791015613685,0.0009536743159642576,0.0007057189926941046,,,,,,,8.876820182800307,1.6782074451446594,0.3784648478031156,0.39172352552414436,0.6099719762802122,0.9159699559211717,0.22862346768379258,90267.7734374999,positive_boundary_margin
0.20979999494552637,0.1937793716062897,,0.5034469289279766,0.7962194553784797,0.8731569400358803,0.33333333333333337,0.6690675633175782,0.2191528191930249,0.44991474412455335,,1.2403431463657354e+20,0.617675781270654,0.0010681152328824222,0.0007057189943019847,,,,,,,8.912397575378431,1.6937612056732239,0.3779211640357969,0.4044385194778492,0.609290552139282,0.9123906254768358,0.2298391371965413,90014.6406249999,positive_boundary_margin
0.21079999494552637,0.2213827283748562,,0.5271116100540829,0.8125803328382013,0.891382457283419,0.33333333333333337,0.6895465025574465,0.241737383821852,0.44780911873559454,,1.265279630279044e+20,0.6030273437085564,0.001296997068126996,0.0007247924798211933,,,,,,,8.947974967956556,1.7093149662017884,0.37737748026847817,0.41715351343155405,0.6086091279983518,0.9088112950324998,0.23105480670929002,89761.5078124999,positive_boundary_margin
0.21179999494552637,0.1798626528649558,,0.5513007356123536,0.7879708306957145,0.8930461329769903,0.33333333333333337,0.695904608724353,0.20776641295011536,0.48813819577423767,,1.2277709785700237e+20,0.5908203123232886,0.0013160705550164394,0.001049041748046875,,,,,,,8.983552360534683,1.7248687267303526,0.37683379650115945,0.42986850738525884,0.6079277038574216,0.9052319645881639,0.23227047622203875,89508.3749999999,positive_boundary_margin
0.21279999494552637,0.242108297838316,,0.5699943853465586,0.824864654093678,0.8797528396964871,0.33333333333333337,0.7111515661208205,0.25869466792831913,0.4524568981925014,,1.2840028179642555e+20,0.5859375000104354,0.0013542175297860364,0.0013160705562329904,,,,,,,9.01912975311278,1.7404224872589085,0.37629011273384105,0.4425835013389576,0.6072462797164919,0.9016526341438307,0.23348614573478693,89255.2421875001,positive_boundary_margin
0.21379999494552637,0.2232393424486953,,0.5582613188786059,0.8136807727450849,0.8828200711411178,0.33333333333333337,0.7032558704108536,0.24325643170044767,0.45999943871040594,,1.2669568692965186e+20,0.5908203126047611,0.0013923645026078814,0.0010871887204575914,,,,,,,8.989170074462878,1.7337853193283055,0.37656710743904126,0.43954078555107,0.6077915906906131,0.9050061821937574,0.23335723578929896,89507.9781250001,positive_boundary_margin
0.21479999494552637,0.22915717809898878,,0.5661007225500092,0.8171883528090964,0.8846621180643132,0.33333333333333337,0.708512978993357,0.24809829723250598,0.460414681760851,,1.2723029587135562e+20,0.6005859375,0.0014114379872138295,0.0013160705568048435,,,,,,,8.959210395812976,1.7271481513977025,0.37684410214424147,0.4364980697631824,0.6083369016647341,0.9083597302436842,0.23322832584381098,89760.7140625001,positive_boundary_margin
0.21579999494552637,0.24219875276146455,,0.5072344008446646,0.8249182679322293,0.8817945351495451,0.33333333333333337,0.680295401192776,0.25876867650180435,0.42152672469097163,,1.2840845336684318e+20,0.6152343749578245,0.0012397766090216544,0.0005340576176817438,,,,,,,8.929250717163074,1.7205109834670995,0.3771210968494416,0.43345535397529483,0.6088822126388552,0.9117132782936109,0.233099415898323,90013.4500000001,positive_boundary_margin
0.21679999494552638,0.22556225213820555,,0.4861854311984427,0.8150575922782568,0.8786959437666495,0.33333333333333337,0.6665310996104479,0.2451569941736833,0.42137410543676457,,1.2690553532088268e+20,0.6030273438452607,0.00089645385924109,0.0004386901856295666,,,,,,,8.899291038513171,1.7138738155364965,0.3773980915546418,0.43041263818740727,0.6094275236129763,0.9150668263435376,0.23297050595283503,90266.1859375001,positive_boundary_margin
0.21779999494552638,0.1850549017689597,,0.4813641246552794,0.7910483458244367,0.8755973523837575,0.33333333333333337,0.6573434868796882,0.21201461659884582,0.44532887028084245,,1.2324615831350464e+20,0.6054687499787497,0.0009536743173193515,0.00029563903762938674,,,,,,,8.869331359863269,1.7072366476058989,0.3776750862598423,0.4273699223995219,0.6099728345870967,0.9184203743934638,0.23284159600734744,90518.92187500003,positive_boundary_margin
0.21879999494552638,0.19116581827243243,,0.4802375256948615,0.7946703674835475,0.8845799687341618,0.33333333333333337,0.6599313469018581,0.2170144573744144,0.4429168895274437,,1.2379820990767143e+20,0.6298828124680228,0.0011825561527601196,0.00022888183618732178,,,,,,,8.835352134704577,1.7147987127304107,0.37862623333931006,0.4298911929130564,0.6088429093360896,0.9200570702552802,0.23370102941989931,90581.17500000002,positive_boundary_margin
0.21979999494552638,0.21131302148884978,,0.48264044861071437,0.8066118833558226,0.892495982491808,0.33333333333333337,0.6660971907672648,0.23349853273330134,0.43259865803396347,,1.2561827988364067e+20,0.6249999999358423,0.0009727478029014523,0.0004959106450742511,,,,,,,8.801372909545885,1.7223607778549224,0.3795773804187778,0.43241246342659095,0.6077129840850826,0.9216937661170966,0.2345604628324512,90643.42812500002,positive_boundary_margin
0.22079999494552638,0.18806620360772744,,0.49005915766866537,0.7928331845595001,0.8955246623829443,0.33333333333333337,0.6671190405699439,0.21447840901238305,0.45264063155756085,,1.2351819508240246e+20,0.6054687499677992,0.0009155273441692814,0.0005149841303562374,,,,,,,8.767393684387194,1.729922842979434,0.3805285274982456,0.43493373394012547,0.6065830588340755,0.923330461978913,0.2354198962450031,90705.68125000002,positive_boundary_margin
0.22179999494552638,0.20455840477339102,,0.4898345702676226,0.8026083320017042,0.8948724355219561,0.33333333333333337,0.6692874770147264,0.22797202814792603,0.4413154488668003,,1.2500807731850405e+20,0.6079101562715485,0.0010871887217973857,0.00031471252454032337,,,,,,,8.733414459228502,1.7374849081039458,0.38147967457771337,0.43745500445366003,0.6054531335830684,0.9249671578407294,0.23627932965755497,90767.93437500003,positive_boundary_margin
0.22279999494552638,0.21065247660333877,,0.5619202226078649,0.8062203695983075,0.8895526052093438,0.33333333333333337,0.7049033550058452,0.23295808691788325,0.471945268087962,,1.2555860718857801e+20,0.6030273437932325,0.0018692016587207939,0.0007438659664591207,,,,,,,8.699435234069814,1.7450469732284537,0.3824308216571813,0.43997627496719455,0.6043232083320621,0.9266038537025499,0.2371387630701074,90830.18750000026,positive_boundary_margin
0.22379999494552638,0.2143558705774562,,0.5286153696632998,0.8084154205663334,0.8787075870796276,0.33333333333333337,0.6860884367431401,0.2359881365330702,0.45010030021006997,,1.2589316658667769e+20,0.6372070312066319,0.0017547607425263132,0.0005149841312828915,,,,,,,8.670106506347645,1.7429116249084464,0.3836597681045537,0.4423610806465158,0.6051013708114628,0.9388757824897814,0.23943847715854735,91517.37031250026,positive_boundary_margin
0.22479999494552638,0.18527183779562814,,0.5029249260876797,0.7911769266988093,0.8678625689499121,0.33333333333333337,0.6662223369560202,0.21219210971157454,0.45403022724444564,,1.2326575600875812e+20,0.6298828124782346,0.0013351440440740221,0.00047683715905333433,,,,,,,8.640777778625477,1.7407762765884391,0.38488871455192614,0.4447458863258371,0.6058795332908633,0.9511477112770128,0.24173819124698728,92204.55312500027,positive_boundary_margin
0.22579999494552638,0.2023307210417272,,0.49303982361564974,0.8012879541629382,0.8569165614848089,0.33333333333333337,0.6610710407197616,0.22614937782201922,0.4349216628977424,,1.2480683150624896e+20,0.61523437493446,0.001201629638842552,0.00030517578082330714,,,,,,,8.611449050903309,1.7386409282684319,0.38611766099929856,0.44713069200515837,0.606657695770264,0.9634196400642443,0.2440379053354272,92891.73593750027,positive_boundary_margin
0.22679999494552638,0.21275173187038154,,0.4945216125565306,0.8074646261743726,0.8444820124260906,0.33333333333333337,0.6602474659283811,0.23467565940910007,0.42557180651928106,,1.2574825095413681e+20,0.6201171874232995,0.0011444091795162934,0.0004577636727310327,,,,,,,8.58212032318114,1.7365055799484244,0.387346607446671,0.4495154976844797,0.6074358582496646,0.9756915688514757,0.24633761942386717,93578.91875000027,positive_boundary_margin
0.22779999494552639,0.22910352830065203,,0.4470217753537055,0.8171565538585671,0.8320474633673781,0.33333333333333337,0.6358118919833391,0.24805440194295772,0.3877574900403814,,1.2722544922410038e+20,0.6518554686510801,0.0004959106461627414,0.0006866455068679524,,,,,,,8.55279159545897,1.7343702316284177,0.38857555389404314,0.4519003033637995,0.6082140207290647,0.9879634976386998,0.24863733351230552,94266.10156249991,positive_boundary_margin
0.22879999494552639,0.24010524220967014,,0.4455538197237316,0.8236774163254585,0.8346631562854349,0.33333333333333337,0.6373620530145891,0.25705580423215435,0.3803062487824348,,1.2821932857077268e+20,0.6616210936396825,0.0008773803711799356,0.0002670288092832348,,,,,,,8.514631080627426,1.7335887193679806,0.38903309702873246,0.45045462846755924,0.6075558066368101,0.9813879251480077,0.24684149622917104,94050.63906249992,positive_boundary_margin
0.2297999949455264,0.23397650735212186,,0.4495357712854665,0.8200448334904008,0.8372788492034914,0.33333333333333337,0.6390988063162063,0.25204138480325117,0.38705742151295514,,1.2766566729158282e+20,0.6298828123782034,0.0007152557373479391,0.00022888183515897085,,,,,,,8.476470565795882,1.7328072071075435,0.38949064016342183,0.449008953571319,0.6068975925445554,0.9748123526573154,0.24504565894603655,93835.17656249991,positive_boundary_margin
0.2307999949455264,0.2394341815742129,,0.4648654915914666,0.8232796697427943,0.8398945421215489,0.33333333333333337,0.648226298761819,0.2565067546213257,0.3917195441404933,,1.2815870589766363e+20,0.6054687500555315,0.0007247924808158218,0.00026702880729223094,,,,,,,8.43831005096434,1.7320256948471067,0.38994818329811115,0.4475632786750787,0.6062393784523007,0.9682367801666232,0.24324982166290207,93619.71406249992,positive_boundary_margin
0.2317999949455264,0.25358078629353786,,0.43172094201827926,0.8316645509086806,0.8425102350396056,0.33333333333333337,0.6344041674962112,0.2680812493916825,0.3663229181045287,,1.2943669025286023e+20,0.6445312498551777,0.0006198883047937361,0.0001525878910601632,,,,,,,8.400149536132796,1.7312441825866696,0.39040572643280047,0.44611760377883847,0.605581164360046,0.961661207675931,0.2414539843797676,93404.2515624999,positive_boundary_margin
0.2327999949455264,0.2519802502045003,,0.45591047427192405,0.8307158918364469,0.8451259279576583,0.33333333333333337,0.6469156920844883,0.26677171986428816,0.38014397222020013,,1.2929210007576117e+20,0.6176757812052767,0.0006484985347194987,0.000314712524894489,,,,,,,8.361989021301262,1.730462670326232,0.3908632695674897,0.44467192888259943,0.604922950267792,0.9550856351852411,0.2396581470966337,93188.78906250006,positive_boundary_margin
0.2337999949455264,0.23868902384885674,,0.4399570354269355,0.8228380048273664,0.8398089063351059,0.33333333333333337,0.6356402455040858,0.2558970801187616,0.3797431653853242,,1.2809138939776467e+20,0.6420898437275571,0.0006961822506697248,0.00019073486284291045,,,,,,,8.345760154724115,1.7282469034194936,0.3909323692321778,0.445955508947373,0.6053347229957582,0.9537906408309931,0.23918513357639293,93322.90312500006,positive_boundary_margin
0.2347999949455264,0.23698430394090753,,0.5412553297554479,0.8218275946170811,0.8338913989972057,0.33333333333333337,0.6845574132812957,0.25450230928498496,0.43005510399631075,,1.2793738740113185e+20,0.6396484374437231,0.0017738342266690403,0.0007629394522456739,,,,,,,8.329531288146965,1.7260311365127554,0.3910014688968659,0.44723908901214654,0.6057464957237245,0.952495646476745,0.23871212005615214,93457.01718750005,positive_boundary_margin
0.2357999949455264,0.23109733396406734,,0.5119190020733283,0.8183383090491092,0.826924983691795,0.33333333333333337,0.6672753242218902,0.24968569748575206,0.4175896267361381,,1.2740556682091613e+20,0.6127929687725785,0.0012397766120337034,0.0006008148188508523,,,,,,,8.313302421569817,1.723815369606017,0.391070568561554,0.4485226690769201,0.6061582684516909,0.9512006521224969,0.23823910653591135,93591.13125000006,positive_boundary_margin
0.2367999949455264,0.22594062440015952,,0.4839936692066714,0.8152818585609372,0.8199585683863845,0.33333333333333337,0.6508069413401661,0.2454665714789184,0.4053403698612478,,1.2693971693836698e+20,0.6445312498980308,0.0011634826653075055,0.0004768371572294606,,,,,,,8.297073554992668,1.7215996026992788,0.3911396682262421,0.4498062491416937,0.6065700411796572,0.949905657768249,0.23776609301567056,93725.24531250006,positive_boundary_margin
0.2377999949455264,0.22681284743736593,,0.4883902124501087,0.8157988367802503,0.81299215308099,0.33333333333333337,0.6513928536903645,0.24618020850935998,0.4052126451810045,,1.2701851233965992e+20,0.605468750079594,0.0009346008295451295,0.00045776367125317194,,,,,,,8.280844688415499,1.7193838357925424,0.3912087678909263,0.45108982920646573,0.6069818139076227,0.948610663414001,0.23729307949542955,93859.35937500007,positive_boundary_margin
0.2387999949455264,0.22448195356734102,,0.45947254500436024,0.8144172849168726,0.8409126266237547,0.33333333333333337,0.643568750387337,0.2442731135247942,0.39929563686254277,,1.2680794266880128e+20,0.6469726562157867,0.0009727478018434022,0.00026702880930652825,,,,,,,8.217950725555392,1.7212327957153328,0.3825208723545036,0.4489257574081411,0.6057550907135004,0.9474970817565913,0.23626718223094895,94020.86562500008,positive_boundary_margin
0.2397999949455264,0.220880698682979,,0.4244983401676916,0.8122827731486747,0.8688331001665196,0.33333333333333337,0.6325281384126443,0.2413266322557707,0.39120150615687366,,1.264826103722819e+20,0.6274414062042467,0.00038146972776888666,0.00014305114830987628,,,,,,,8.155056762695285,1.7230817556381233,0.37383297681808086,0.44676168560981655,0.6045283675193781,0.9463835000991816,0.23524128496646834,94182.37187500007,positive_boundary_margin
0.2407999949455264,0.2176215951440896,,0.42812998405059394,0.8103510590431992,0.8967535737092845,0.33333333333333337,0.6408411502134179,0.23866009299667937,0.4021810572167386,,1.2618818754664255e+20,0.6640625000688739,0.0007057189946787027,0.00017166137672892598,,,,,,,8.092162799835178,1.724930715560914,0.3651450812816581,0.44459761381149193,0.6033016443252558,0.945269918441772,0.23421538770198777,94343.87812500008,positive_boundary_margin
0.2417999949455264,0.2292490935429632,,0.43672655673058886,0.8172428323178073,0.9215757226587863,0.33333333333333337,0.6530679171094428,0.24817350077757597,0.40489441633186685,,1.2723859938316858e+20,0.6372070312384803,0.0005340576184024628,0.00028610229447188876,,,,,,,8.029268836975069,1.7267796754837044,0.3564571857452354,0.44243354201316737,0.6020749211311335,0.9441563367843623,0.23318949043750717,94505.38437500007,positive_boundary_margin
0.2427999949455264,0.23794406085961073,,0.4525396283023352,0.8223964553346264,0.9102205824663319,0.33333333333333337,0.6594240736014072,0.25528756494574206,0.40413650865566514,,1.2802409049005176e+20,0.6420898437153394,0.0004577636742218107,0.0007438659630961352,,,,,,,7.966374874114983,1.728628635406493,0.3477692902088168,0.44026947021484447,0.6008481979370119,0.9430427551269568,0.23216359317302773,94666.89062500019,positive_boundary_margin
0.2437999949455264,0.2540293609231884,,0.43254280178803994,0.8319304270703658,0.9079570536941309,0.33333333333333337,0.6512432710851441,0.2684482649977602,0.3827950060873839,,1.2947721385341354e+20,0.6542968750695245,0.0008583068838603586,-3.814697129835031e-05,,,,,,,7.9497096061706465,1.7261824369430532,0.3483958661556247,0.441955107450486,0.601433610916138,0.9512013196945227,0.23374289572238993,95096.18750000019,positive_boundary_margin
0.2447999949455264,0.23822847294843408,,0.5724025973115526,0.8225650301703725,0.9013168892677565,0.33333333333333337,0.7171717785153087,0.2555202657456885,0.4616515127696202,,1.2804978387776963e+20,0.6127929687848842,0.0023460388181776866,0.0010490417462299894,,,,,,,7.933044338226311,1.723736238479613,0.34902244210243255,0.44364074468612746,0.602019023895264,0.9593598842620886,0.2353221982717521,95525.48437500019,positive_boundary_margin
0.2457999949455264,0.24585696795803524,,0.4955757902711911,0.8270865408366516,0.8941614164738303,0.33333333333333337,0.678099884463216,0.26176176166263493,0.4163381228005811,,1.2873893137778056e+20,0.6567382812033251,0.0013923645029559062,0.0005340576180991192,,,,,,,7.916379070281975,1.7212900400161733,0.34964901804924037,0.44532638192176893,0.6026044368743899,0.9675184488296545,0.23690150082111427,95954.78125000019,positive_boundary_margin
0.2467999949455264,0.2503863351432067,,0.4975214009664582,0.8297711571356033,0.8870059436799043,0.33333333333333337,0.6779549756871059,0.2654676075414115,0.4124873681456944,,1.2914810803298763e+20,0.64208984375,0.0013351440433344564,0.0004959106450798097,,,,,,,7.899713802337639,1.7188438415527334,0.35027559399604824,0.4470120191574104,0.6031898498535159,0.9756770133972205,0.23848080337047647,96384.07812500019,positive_boundary_margin
0.2477999949455264,0.25879289828077345,,0.46000634701919574,0.8347538391515734,0.8798504708859838,0.33333333333333337,0.6586542510189872,0.2723457046539662,0.38630854636502104,,1.2990754511233902e+20,0.6713867187617365,0.0009822845471362703,0.0005149841287504747,,,,,,,7.883048534393295,1.7163976430892949,0.350902169942856,0.4486976563930503,0.6037752628326413,0.9838355779647812,0.24006010591983742,96813.37500000001,positive_boundary_margin
0.2487999949455264,0.25904206313366596,,0.47000537053807884,0.8349015224808012,0.8858519640045502,0.33333333333333337,0.6651910568903773,0.27254956680633274,0.39264149008404453,,1.2993005431438285e+20,0.6518554687028915,0.0010681152329948657,0.00040054321335066976,,,,,,,7.847476577758774,1.7172912836074834,0.3512288868427278,0.44687816500663674,0.6030719399452207,0.9804582834243759,0.23889914751052804,96845.74843750002,positive_boundary_margin
0.2497999949455264,0.27254428606461945,,0.4527959509949363,0.842904469972272,0.8918534571231171,0.33333333333333337,0.6600874572713153,0.2835968401134765,0.3764906171578388,,1.3114982612595848e+20,0.6762695311081863,0.0010299682625496893,0.0003623962390341293,,,,,,,7.811904621124252,1.7181849241256717,0.35155560374259964,0.44505867362022317,0.6023686170578,0.9770809888839707,0.23773818910121866,96878.12187500001,positive_boundary_margin
0.2507999949455264,0.281631159802874,,0.4430003580164999,0.8482903811485837,0.8978549502416842,0.33333333333333337,0.6580365118558169,0.2910315549902303,0.3670049568655866,,1.3197072150725604e+20,0.651855468785555,0.0008201599116927142,0.00019073486355902387,,,,,,,7.77633266448973,1.7190785646438602,0.35188232064247144,0.4432391822338096,0.6016652941703793,0.9737036943435654,0.23657723069190928,96910.49531250002,positive_boundary_margin
0.2517999949455264,0.27394307554357755,,0.4763739706014665,0.8437335511397929,0.9004739141879948,0.33333333333333337,0.6742388516326802,0.28474130423262406,0.3894975474000561,,1.3127619079831552e+20,0.6713867186549155,0.001401901242935072,0.0002956390390609254,,,,,,,7.740760707855209,1.7199722051620487,0.3522090375423433,0.441419690847396,0.6009619712829587,0.9703263998031602,0.2354162722825999,96942.86875000001,positive_boundary_margin
0.2527999949455264,0.2599956858649005,,0.48624564664227554,0.8354667473836761,0.9021354855398555,0.33333333333333337,0.6775233815520206,0.2733298035864338,0.40419357796558686,,1.3001620324944236e+20,0.656738281357336,0.0012207031270498197,0.0005722045891915346,,,,,,,7.705188751220689,1.720865845680236,0.35253575444221524,0.4396001994609838,0.6002586483955384,0.9669491052627587,0.23425531387329132,96975.24218750017,positive_boundary_margin
0.2537999949455264,0.26344485184726246,,0.4862786023448987,0.8375111140325876,0.8990687723698836,0.33333333333333337,0.6772842727730672,0.27615184848109353,0.4011324242919737,,1.3032779604866105e+20,0.6835937499640994,0.0014495849606102806,0.0005531311032818968,,,,,,,7.673671245574937,1.718964195251464,0.3532146930694583,0.4406695187091832,0.600520145893097,0.9721333503723167,0.23493296802043945,97362.30156250017,positive_boundary_margin
0.2547999949455264,0.26906308599214357,,0.4573572730582603,0.8408411162911932,0.8958271353501557,0.33333333333333337,0.6628456994394674,0.2807485855087235,0.38209711393074386,,1.3083533941213548e+20,0.6347656250240016,0.0008583068844374792,0.00024795532282816075,,,,,,,7.642153739929185,1.717062544822692,0.35389363169670135,0.44173883795738267,0.6007816433906557,0.9773175954818749,0.23561062216758757,97749.36093750017,positive_boundary_margin
0.2557999949455264,0.26646257997766404,,0.42253564105630387,0.8392997617163532,0.891138709447247,0.33333333333333337,0.643877438319052,0.2786208987696039,0.3652565395494481,,1.3060041335969835e+20,0.6591796875601732,0.0005817413338069881,0.00017166137638900106,,,,,,,7.610636234283433,1.71516089439392,0.3545725703239444,0.44280815720558214,0.6010431408882142,0.982501840591433,0.2362882763147357,98136.42031250017,positive_boundary_margin
0.2567999949455264,0.27251439407171674,,0.4199410866028072,0.8428867525896722,0.8864502835443384,0.33333333333333337,0.6423048023349063,0.2835723830283743,0.358732419306532,,1.3114712572540066e+20,0.6762695312258494,0.0006484985366656627,0.0002098083495150367,,,,,,,7.579118728637681,1.7132592439651482,0.35525150895118746,0.4438774764537816,0.6013046383857729,0.987686085700991,0.23696593046188386,98523.47968750018,positive_boundary_margin
0.2577999949455264,0.2749197745038608,,0.4391758619689533,0.8443124536311895,0.8814715120385637,0.33333333333333337,0.6510339224019149,0.28554042156376486,0.3654935008381501,,1.3136442440742129e+20,0.637207031225768,-0.0007629394454105416,0.002002716057495914,,,,,,,7.5476012229919345,1.7113575935363772,0.35593044757843023,0.44494679570198015,0.601566135883331,0.9928703308105472,0.23764358460903184,98910.53906249987,positive_boundary_margin
0.2587999949455264,0.2760592728522004,,0.4192856328962239,0.8449878494897094,0.8823631042441307,0.33333333333333337,0.641480554881572,0.28647273839422455,0.3550078164873474,,1.3146736508406019e+20,0.6567382812864495,0.00050544738731563,0.00018119812035448908,,,,,,,7.52742681503295,1.7119474172592166,0.35600139498710637,0.4439256548881526,0.6008891820907589,0.9936268210411076,0.23801091015338913,98616.66562499986,positive_boundary_margin
0.2597999949455264,0.2798182639857557,,0.45626566409869385,0.8472158536351442,0.8826179131172023,0.33333333333333337,0.6605912737374335,0.28954827659440624,0.3710429971430273,,1.3180694705127555e+20,0.6469726561159791,0.0008201599103960391,0.0004005432122243277,,,,,,,7.507252407073966,1.7125372409820558,0.3560723423957825,0.44290451407432513,0.600212228298187,0.9943833112716678,0.23837823569774644,98322.79218749987,positive_boundary_margin
0.2607999949455264,0.2579413172712393,,0.48047553958492667,0.8342490957371826,0.8791037803892843,0.33333333333333337,0.6685759888240801,0.2716489565552564,0.3969270322688237,,1.2983061448276679e+20,0.6567382812255512,0.0013256073012849834,0.00032424926700510724,,,,,,,7.487077999114981,1.7131270647048953,0.35614328980445864,0.4418833732604976,0.599535274505615,0.9951398015022281,0.23874556124210375,98028.91874999987,positive_boundary_margin
0.2617999949455264,0.26775007776969123,,0.45725148924098136,0.8400628788177127,0.8755896476613666,0.33333333333333337,0.6575388762402605,0.27967430605398974,0.3778645701862708,,1.30716724097731e+20,0.6835937497669643,0.0010967254640109184,0.0004386901852594132,,,,,,,7.466903591155997,1.7137168884277347,0.3562142372131348,0.44086223244667005,0.5988583207130429,0.9958962917327884,0.23911288678646103,97735.04531249987,positive_boundary_margin
0.2627999949455264,0.27325964916512796,,0.4211047101078246,0.843328475216444,0.8720755149334491,0.33333333333333337,0.6394033525913856,0.2841821371957107,0.35522121539567486,,1.3121445102139264e+20,0.6860351562622989,0.0007438659698716046,0.0002098083510506545,,,,,,,7.446729183197003,1.714306712150573,0.35628518462181125,0.43984109163284274,0.5981813669204712,0.9966527819633464,0.23948021233081743,97441.17187500013,positive_boundary_margin
0.2637999949455264,0.28794430975670143,,0.4165295544209351,0.852032269269127,0.8686783652993627,0.33333333333333337,0.63844243585259,0.29619685949790725,0.3422455763546827,,1.3254104258662996e+20,0.6616210938363296,0.000591278077039025,6.675720200391251e-05,,,,,,,7.404018783569317,1.7126454114913934,0.3570442616939548,0.4392773509025571,0.5981173753738404,0.9920397996902446,0.2377797126770012,97739.12187500013,positive_boundary_margin
0.2647999949455264,0.29010033059984286,,0.4100714450634754,0.8533101715587287,0.8652812156652757,0.33333333333333337,0.6346835693377388,0.29796087655138653,0.3367226927863523,,1.3273581447442072e+20,0.6518554686757593,0.0003337860135455489,0.00017166137651812065,,,,,,,7.361308383941632,1.7109841108322137,0.3578033387660984,0.43871361017227145,0.5980533838272094,0.9874268174171428,0.23607921302318496,98037.07187500013,positive_boundary_margin
0.2657999949455264,0.30136445141724133,,0.38867379492965437,0.8599865660976282,0.8601530246764895,0.33333333333333337,0.6243717951583566,0.30717697540198535,0.31719481975637126,,1.3375339929178787e+20,0.7006835937748283,0.000514984130859375,1.9073487394962997e-05,,,,,,,7.3185979843139455,1.709322810173034,0.3585624158382419,0.4381498694419858,0.5979893922805786,0.982813835144041,0.23437871336936875,98335.02187500014,positive_boundary_margin
0.2667999949455264,0.29285127025938645,,0.446674315736246,0.8549406901600074,0.8550145637357355,0.33333333333333337,0.6508259713420588,0.30021164536374045,0.3506143259783183,,1.3298433049057716e+20,0.668945312475104,0.001049041747755125,0.00014305114896831202,,,,,,,7.27588758468626,1.7076615095138543,0.35932149291038545,0.43758612871170016,0.5979254007339477,0.9782008528709392,0.23267821371555253,98632.97187500013,positive_boundary_margin
0.2677999949455264,0.2928391966205593,,0.4759374082512346,0.8549335339533547,0.8498761027949808,0.33333333333333337,0.6641711133127012,0.3002017669319728,0.36396934638072836,,1.329832397750424e+20,0.6494140626622644,0.0009536743156261327,0.0006389617902856808,,,,,,,7.233177185058584,1.7060002088546755,0.3600805699825289,0.4370223879814145,0.5978614091873166,0.9735878705978425,0.23097771406173764,98930.92187500006,positive_boundary_margin
0.2687999949455264,0.29735045334749,,0.4299746932397034,0.8576074159423274,0.844430374151733,0.33333333333333337,0.6404967941433668,0.3038927951630979,0.3366039989802689,,1.3339078035694735e+20,0.6591796875125225,0.00045776367172825156,0.00047683715834987344,,,,,,,7.210846519470205,1.7065340757369998,0.3606002926826479,0.4364306747913358,0.597184073925018,0.9805194139480622,0.23226798474788724,99049.65000000005,positive_boundary_margin
0.2697999949455264,0.3055077542641092,,0.4206111871426077,0.8624423569177257,0.8389846455084846,0.33333333333333337,0.6356623441778564,0.31056695045851357,0.3250953937193428,,1.3412769943816189e+20,0.6640625000502528,0.0005912780764663248,0.00017166137847444908,,,,,,,7.188515853881826,1.707067942619324,0.36112001538276695,0.43583896160125707,0.5965067386627194,0.9874509572982819,0.23355825543403683,99168.37812500005,positive_boundary_margin
0.2707999949455264,0.31298649720503174,,0.4133491197343495,0.8668751075369738,0.8335389168652358,0.33333333333333337,0.6317780659677272,0.316685921955632,0.31509214401209523,,1.3480331854710466e+20,0.6665039061492234,0.0005149841312038262,0.00015258789244567084,,,,,,,7.166185188293447,1.707601809501648,0.36163973808288596,0.43524724841117834,0.5958294034004208,0.9943825006485016,0.23484852612018642,99287.10625000006,positive_boundary_margin
0.2717999949455264,0.31609390131414133,,0.4066696775219657,0.8687169073685389,0.8280931882219884,0.33333333333333337,0.6275373626586147,0.31922834349944895,0.30830901915916575,,1.350840370598154e+20,0.6958007812247381,0.0005054473888794646,0.0003337860101994511,,,,,,,7.143854522705068,1.7081356763839723,0.362159460783005,0.43465553522109956,0.5951520681381223,1.0013140439987214,0.236138796806336,99405.83437500005,positive_boundary_margin
0.2727999949455264,0.3305595811498902,,0.465282931480402,0.8772909086086259,0.8226474595787405,0.33333333333333337,0.6576260577870425,0.331063899728698,0.32656215805834454,,1.3639084621184578e+20,0.6835937499873284,0.004005432110641308,-0.0003242492650537021,,,,,,,7.121523857116687,1.7086695432662955,0.3626791834831241,0.4340638220310214,0.5944747328758241,1.0082455873489398,0.2374290674924852,99524.56250000016,positive_boundary_margin
0.2737999949455264,0.3359252425599517,,0.4189149822957608,0.8804712076409646,0.8182070821650846,0.33333333333333337,0.6341270635993927,0.3354539863369302,0.29867307726246256,,1.368755725100206e+20,0.6884765625381368,0.0005149841317532064,0.00048637390087061445,,,,,,,7.09364900588988,1.706792998313903,0.36347218751907384,0.4347394585609439,0.5946906805038453,1.0120411634445208,0.23782093822956102,99882.40000000017,positive_boundary_margin
0.2747999949455264,0.31053574325923083,,0.43880195625315105,0.865422513009165,0.813766704751429,0.33333333333333337,0.639198282566724,0.3146807596363404,0.32451752293038355,,1.3458192088573569e+20,0.6835937500382384,0.0008010864267272535,0.0004577636719745793,,,,,,,7.065774154663073,1.7049164533615104,0.36426519155502357,0.4354150950908664,0.5949066281318666,1.0158367395401018,0.23821280896663685,100240.23750000016,positive_boundary_margin
0.2757999949455264,0.31753251432761803,,0.43013214850942605,0.8695695924757451,0.809326327337773,0.33333333333333337,0.6347900542080925,0.32040539051047534,0.3143846636976172,,1.3521399933421853e+20,0.6811523438011201,0.0008869171144075786,0.00015258788992609195,,,,,,,7.037899303436266,1.7030399084091177,0.3650581955909733,0.4360907316207889,0.5951225757598878,1.019632315635683,0.23860467970371266,100598.07500000017,positive_boundary_margin
0.27679999494552643,0.31082580269524757,,0.4118396641233521,0.8655944351028615,0.804885949924117,0.33333333333333337,0.6235399283184206,0.3149180809930813,0.30862184732533937,,1.3460812444684884e+20,0.7177734375256414,0.0010108947747896552,9.536744666487204e-06,,,,,,,7.010024452209459,1.7011633634567251,0.365851199626923,0.4367663681507114,0.595338523387909,1.023427891731264,0.23899655044078846,100955.91250000018,positive_boundary_margin
0.27779999494552643,0.31737935437701237,,0.3009882666622214,0.8694788125316749,0.800445572510462,0.33333333333333337,0.5679752295916449,0.32028007782361617,0.24769515176802875,,1.352001630798946e+20,0.7324218748971092,-0.0011157989439153574,0.0007247924809711464,,,,,,,6.982149600982653,1.6992868185043335,0.3666442036628725,0.43744200468063316,0.5955544710159301,1.0272234678268448,0.2393884211778642,101313.75000000006,positive_boundary_margin
0.27879999494552643,0.33152741961716314,,0.4034282134526765,0.8778645593677209,0.7971102678287041,0.33333333333333337,0.6204578135254445,0.33185576756555774,0.28860204595988675,,1.3647827937648653e+20,0.6933593750902666,0.000629425048677009,8.583069059218615e-05,,,,,,,6.955933666229235,1.6990771055221556,0.36694473028183,0.43670990467071497,0.5952397346496581,1.0302046537399308,0.23965308368206037,101444.29062500007,positive_boundary_margin
0.27979999494552643,0.3411329729847098,,0.4076453307926393,0.8835578988733787,0.7937749631469462,0.33333333333333337,0.6231558809014008,0.33971485668445955,0.2834410242169413,,1.373460315453134e+20,0.6884765625646455,0.0005435943605535798,0.00022888183472539585,,,,,,,6.929717731475817,1.698867392539978,0.3672452569007875,0.4359778046607968,0.5949249982833861,1.0331858396530167,0.23991774618625655,101574.83125000006,positive_boundary_margin
0.28079999494552643,0.31528409120022693,,0.4571155973148382,0.8682369221207127,0.7904396584651882,0.33333333333333337,0.6432269438038943,0.3185657715880645,0.32466117221582985,,1.350108799541497e+20,0.705566406133272,0.0011730194082170875,0.0005626678440958664,,,,,,,6.903501796722399,1.6986576795578001,0.36754578351974504,0.43524570465087853,0.5946102619171141,1.0361670255661026,0.2401824086904527,101705.37187500007,positive_boundary_margin
0.28179999494552643,0.321537457168249,,0.3921813464398562,0.8719433754760564,0.7871043537834305,0.33333333333333337,0.6108526055347998,0.32368216192553706,0.28717044360926275,,1.3557580023240799e+20,0.7275390622918332,0.0006484985363251555,0.00019073486363700384,,,,,,,6.877285861968981,1.6984479665756225,0.36784631013870256,0.43451360464096034,0.5942955255508421,1.0391482114791886,0.24044707119464886,101835.91250000006,positive_boundary_margin
0.28279999494552643,0.33197716266347443,,0.41245402471215714,0.8781311280655337,0.7837690491016731,0.33333333333333337,0.6217020566478804,0.33222373914890335,0.289478317498977,,1.3651890853015611e+20,0.6958007812891329,0.0007343292236328125,0.0001525878915931322,,,,,,,6.851069927215569,1.6982382535934444,0.36814683675765997,0.4337815046310424,0.5939807891845702,1.0421293973922718,0.24071173369884458,101966.45312499999,positive_boundary_margin
0.28379999494552643,0.3419649830151773,,0.3925524036869274,0.8840510423076308,0.7805382568120969,0.33333333333333337,0.6124235266233956,0.3403955921639329,0.2720279344594627,,1.3742119416018816e+20,0.7324218748692182,0.000648498533572563,0.0002479553217036716,,,,,,,6.837347698211663,1.6973916769027706,0.3682227730751038,0.4336892008781433,0.5936946153640745,1.0398156166076649,0.24006271064281431,101946.69374999999,positive_boundary_margin
0.28479999494552644,0.345376467560232,,0.3961791655953121,0.8860730746664246,0.7773074645225212,0.33333333333333337,0.6139347175948925,0.343186806791705,0.2707479108031875,,1.3772938287140726e+20,0.6713867186450493,0.00031471252492651743,0.00012397766200398589,,,,,,,6.823625469207757,1.6965451002120968,0.36829870939254766,0.4335968971252441,0.593408441543579,1.0375018358230579,0.23941368758678405,101926.934375,positive_boundary_margin
0.28579999494552644,0.32862818840976676,,0.48297407477563314,0.8761461463895708,0.7740766722329455,0.33333333333333337,0.6540427420434456,0.32948366930496065,0.32455907273848494,,1.3621636691065727e+20,0.6274414063684355,0.0011825561521381328,0.0002574920663549651,,,,,,,6.809903240203851,1.6956985235214228,0.3683746457099915,0.4335045933723449,0.5931222677230834,1.035188055038451,0.23876466453075376,101907.17499999999,positive_boundary_margin
0.28679999494552644,0.3269383658142414,,0.4771242228710812,0.8751445660149134,0.7708458799433691,0.33333333333333337,0.6500597229251113,0.328101087181349,0.32195863574376227,,1.3606371071625685e+20,0.6274414062763868,0.001049041747428435,0.0003147125248263558,,,,,,,6.796181011199944,1.694851946830749,0.36845058202743536,0.4334122896194458,0.5928360939025877,1.0328742742538441,0.2381156414747235,101887.415625,positive_boundary_margin
0.28779999494552644,0.325873548764131,,0.466543387683594,0.874513434757221,0.7676150876538028,0.33333333333333337,0.643803824444553,0.3272298732312587,0.3165739512132943,,1.3596751664296598e+20,0.642089843802909,0.0009155273433366479,0.00042915344305450963,,,,,,,6.782458782196028,1.6940053701400763,0.3685265183448745,0.4333199858665459,0.5925499200820917,1.0305604934692412,0.23746661841869407,101867.65624999999,positive_boundary_margin
0.28879999494552644,0.3314639356452656,,0.45487053676386824,0.8778269315714502,0.783549490751415,0.33333333333333337,0.6427793739626504,0.3318038261340052,0.31097554782864517,,1.3647254432383605e+20,0.6323242186969283,0.0007343292244102299,0.00033378600955014744,,,,,,,6.7484734535217115,1.6955497741699226,0.3591982722282363,0.43183248639106675,0.591467654705047,1.0363574981689483,0.2385478645563131,101838.98749999999,positive_boundary_margin
0.28979999494552644,0.3415604187464128,,0.4667793673109663,0.8838112516734216,0.7721553205971485,0.33333333333333337,0.6473813267231256,0.3400645850349438,0.30731674168818185,,1.3738464639368089e+20,0.5712890626064686,0.00046730041665064853,0.0002861022948179017,,,,,,,6.714488124847395,1.6970941781997688,0.3498700261115981,0.43034498691558765,0.5903853893280024,1.0421545028686552,0.2396291106939321,101810.31874999999,positive_boundary_margin
0.29079999494552644,0.33077038298909,,0.4688250658471818,0.8774158536683282,0.7452920130791261,0.33333333333333337,0.6400894996104545,0.3312363739607706,0.30885312564968387,,1.3640988975323886e+20,0.5761718750667123,0.0005817413322260275,0.000228881836093857,,,,,,,6.680502796173078,1.698638582229615,0.34054177999495994,0.4288574874401085,0.5893031239509577,1.0479515075683623,0.24071035683155115,101781.64999999998,positive_boundary_margin
0.29179999494552644,0.31307286266986784,,0.5597300882010697,0.8669262974990782,0.7184287055611038,0.33333333333333337,0.6762037948655804,0.3167565846086798,0.3594472102569006,,1.3481112068161536e+20,0.5175781250936344,0.001573562621704553,0.00013351440565540998,,,,,,,6.646517467498763,1.7001829862594613,0.33121353387832175,0.4273699879646294,0.588220858573913,1.0537485122680692,0.24179160296917016,101752.98124999998,positive_boundary_margin
0.29279999494552644,0.32552633427979544,,0.5356691240855024,0.8743076361046122,0.6915653980430975,0.33333333333333337,0.6593028205796786,0.326945788653166,0.3323570319265126,,1.3593614977524879e+20,0.5126953125,0.000753402710432629,0.0006675720200168904,,,,,,,6.612532138824454,1.7017273902893066,0.321885287761689,0.425882488489152,0.5871385931968693,1.0595455169677883,0.24287284910679133,101724.31250000068,positive_boundary_margin
0.29379999494552644,0.34083638988900417,,0.5337072388532522,0.8833821101196359,0.6975081167296902,0.33333333333333337,0.6620761761389575,0.3394721977879731,0.3226039783509844,,1.3731923864596775e+20,0.5151367186557964,0.0009727478016304264,0.0003719329831881616,,,,,,,6.595081424713126,1.7017211675643922,0.32349597811698994,0.4278525352478037,0.5881071567535405,1.089309000968948,0.24827224016189844,103079.85312500068,positive_boundary_margin
0.29479999494552644,0.33999337726831513,,0.5515163721094026,0.8828824453035147,0.7034508354162824,0.33333333333333337,0.6723415062346506,0.33878246018922753,0.3335590460454231,,1.3724308207258147e+20,0.5004882811960338,0.000934600829920021,0.0006198883051897505,,,,,,,6.577630710601798,1.7017149448394775,0.32510666847229086,0.42982258200645546,0.5890757203102117,1.1190724849701077,0.2536716312170056,104435.39375000067,positive_boundary_margin
0.29579999494552645,0.3435359192154773,,0.5700806395678173,0.8849821571312967,0.709393554102874,0.33333333333333337,0.6836342475924513,0.341680903600542,0.3419533439919093,,1.3756311032500847e+20,0.47119140630410167,0.0006580352774221399,0.0010395049992824425,,,,,,,6.5601799964904695,1.701708722114563,0.32671735882759173,0.4317926287651072,0.5900442838668828,1.1488359689712673,0.2590710222721127,105790.93437500068,positive_boundary_margin
0.29679999494552645,0.3433304726193057,,0.5098720827290728,0.8848603861955129,0.7153362727894665,0.33333333333333337,0.6549852061107813,0.3415128109309471,0.31347239517983416,,1.375445505687316e+20,0.4809570312906982,0.0005531311026147525,9.536743153464001e-05,,,,,,,6.542729282379142,1.7017024993896483,0.32832804918289266,0.4337626755237589,0.591012847423554,1.178599452972427,0.2644704133272198,107146.47500000068,positive_boundary_margin
0.29779999494552645,0.3248609209915315,,0.6146303260370886,0.8739132367798983,0.7212789914760543,0.33333333333333337,0.7061132200825325,0.32640135959913186,0.37971186048340066,,1.3587603727553502e+20,0.4589843749863933,0.0017356872585169408,0.0004005432136878948,,,,,,,6.525278568267816,1.701696276664733,0.32993873953819275,0.4357327222824097,0.5919814109802246,1.2083629369735738,0.26986980438232455,108502.01562499999,positive_boundary_margin
0.29879999494552645,0.31921347643013315,,0.5642539792428717,0.8705659211181007,0.7188224674674816,0.33333333333333337,0.6794740867678314,0.3217807231398059,0.3576933636280255,,1.3536585508415393e+20,0.4565429687090781,0.0010681152351209714,0.00024795532349114935,,,,,,,6.512919425964349,1.7000389814376822,0.3298925459384918,0.43583881258964546,0.5919406175613403,1.2122848749160786,0.27050955891609224,108477.44999999998,positive_boundary_margin
0.29979999494552645,0.3172557943151442,,0.6151128631921905,0.8694055768361728,0.716365943458909,0.33333333333333337,0.7039993116698657,0.32017898322754224,0.3838203284423235,,1.3518900083784942e+20,0.3979492188457215,0.0010871887204894608,0.000619888304008166,,,,,,,6.5005602836608825,1.6983816862106316,0.3298463523387909,0.43594490289688115,0.591899824142456,1.2162068128585835,0.27114931344985993,108452.884375,positive_boundary_margin
0.30079999494552645,0.3152282019366238,,0.5764549361283221,0.868203795809272,0.7139094194503361,0.33333333333333337,0.683755771879063,0.3185200440087528,0.3652357278703102,,1.3500583099675496e+20,0.42236328125,0.0005817413369187753,0.0007629394493211868,,,,,,,6.488201141357416,1.6967243909835807,0.32980015873908997,0.4360509932041169,0.5918590307235717,1.2201287508010883,0.2717890679836276,108428.31874999999,positive_boundary_margin
0.30179999494552645,0.3173667938979099,,0.5615271946705609,0.8694713677683024,0.7114528954417643,0.33333333333333337,0.6759946631377971,0.32026980106798686,0.35572486206981024,,1.3519902838389473e+20,0.3979492188187791,0.0007534027106057414,9.672057263172135e-13,,,,,,,6.475841999053949,1.69506709575653,0.32975396513938904,0.4361570835113526,0.5918182373046875,1.2240506887435934,0.27242882251739536,108403.75312499999,positive_boundary_margin
0.30279999494552645,0.310747129306761,,0.5558234060811439,0.865547804336931,0.7089963714331904,0.33333333333333337,0.6715477469831023,0.3148537118570469,0.35669403512605535,,1.346010172036869e+20,0.41992187493105154,0.000782012939668589,7.629394741327404e-05,,,,,,,6.463482856750495,1.69340980052948,0.3297077715396878,0.43626317381858803,0.5917774438858029,1.2279726266860895,0.2730685770511616,108379.18749999958,positive_boundary_margin
0.30379999494552645,0.30158742426332336,,0.6318181819261547,0.8601187250753272,0.7053433599300707,0.33333333333333337,0.7072746122144268,0.30735940773059794,0.39991520448382883,,1.3377354234480873e+20,0.40771484375,0.0019836425765050493,0.00011444092012868402,,,,,,,6.477000522613532,1.6935683965682984,0.32903747558593716,0.4358479619026182,0.5911886096000668,1.2144807338714532,0.2708497464656819,107538.87812499958,positive_boundary_margin
0.30479999494552645,0.2879994200758641,,0.6150628192698695,0.852064933889816,0.7016903484269509,0.33333333333333337,0.6959702302141265,0.2962419497590403,0.39972828045508624,,1.3254602117528053e+20,0.4565429688331854,0.001544952391603296,0.000629425048503182,,,,,,,6.490518188476569,1.6937269926071168,0.32836717963218653,0.4354327499866483,0.5905997753143307,1.200988841056817,0.26863091588020216,106698.56874999958,positive_boundary_margin
0.30579999494552645,0.29499531483175573,,0.5965721933557239,0.8562114939543003,0.6980373369238312,0.33333333333333337,0.6868483043973949,0.3019658636502243,0.38488244074717054,,1.3317802045892618e+20,0.4833984375834294,0.0013732910147559443,0.0007629394525818401,,,,,,,6.504035854339606,1.6938855886459352,0.32769688367843597,0.4350175380706785,0.5900109410285946,1.1874969482421807,0.2664120852947224,105858.25937499959,positive_boundary_margin
0.30679999494552646,0.3098853246514458,,0.6617656153010096,0.865037001231423,0.6943843254207114,0.33333333333333337,0.7207381393135384,0.3141485989572435,0.40658954035629485,,1.3452316298434734e+20,0.563964843875449,0.0014495849600118782,0.002765655518231505,,,,,,,6.517553520202643,1.6940441846847536,0.32702658772468535,0.4346023261547087,0.5894221067428586,1.1740050554275445,0.26419325470924265,105017.94999999958,positive_boundary_margin
0.30779999494552646,0.3148961768688773,,0.63923200849555,0.8680070001263229,0.6907313139175913,0.33333333333333337,0.7093005827587536,0.318248387135142,0.39105219562361165,,1.3497583631954923e+20,0.5981445313617813,0.0010967254632668,0.0038909912110466614,,,,,,,6.531071186065684,1.6942027807235729,0.326356291770935,0.4341871142387386,0.5888332724571221,1.160513162612911,0.261974424123764,104177.64062499917,positive_boundary_margin
0.30879999494552646,0.33536226046560846,,0.556167203782136,0.8801375206501107,0.685677119918118,0.33333333333333337,0.6695372620331252,0.3349933646233766,0.33454389740974866,,1.368247135001662e+20,0.7055664061519068,0.0006866455078125,0.004405975341577917,,,,,,,6.55127239227296,1.6962399244308481,0.32619932889938347,0.4334126293659206,0.5874472141265862,1.1523849964141804,0.2618203163146972,102525.66562499915,positive_boundary_margin
0.30979999494552646,0.3479513657762313,,0.5313730756372997,0.8875992511577996,0.6806229259186454,0.33333333333333337,0.6577420820877611,0.34529354169570436,0.3124485403920567,,1.3796199555137955e+20,0.744628906278108,0.0006198883071463171,0.004825592040466641,,,,,,,6.571473598480235,1.6982770681381236,0.32604236602783193,0.4326381444931026,0.5860611557960503,1.1442568302154499,0.26166620850563044,100873.69062499914,positive_boundary_margin
0.31079999494552646,0.331947660142792,,0.5450232724316653,0.8781136415283098,0.6755687319191723,0.33333333333333337,0.6609322295777031,0.3321996007228904,0.32873262885481275,,1.3651624331397038e+20,0.8276367187077365,0.0014877319327682899,0.00576019287109375,,,,,,,6.591674804687511,1.700314211845399,0.32588540315628045,0.4318636596202846,0.5846750974655144,1.1361286640167192,0.26151210069656367,99221.71562499912,positive_boundary_margin
0.31179999494552646,0.3410305417907891,,0.5222878624632044,0.8834971865395187,0.6705145379196995,0.33333333333333337,0.6496468623464067,0.33963104934397903,0.31001581300242764,,1.3733677805545403e+20,0.7788085940606781,0.0007534027115606651,0.005912780758850273,,,,,,,6.611876010894786,1.7023513555526744,0.3257284402847289,0.4310891747474666,0.5832890391349785,1.1280004978179887,0.26135799288749684,97569.7406249991,positive_boundary_margin
0.31279999494552646,0.35577673899315904,,0.3766559260100767,0.8922374541615928,0.6654603439202369,0.33333333333333337,0.5777524125254958,0.35169611978228166,0.22605629274321415,,1.3866892875148139e+20,0.8764648438349744,-0.0006866455002334081,0.00690460204535971,,,,,,,6.632077217102029,1.7043884992599436,0.32557147741318015,0.43031468987465016,0.5819029808044447,1.119872331619271,0.26120388507843195,95917.765625,positive_boundary_margin
0.31379999494552646,0.36422117830414324,,0.4227980666004816,0.8972425858903685,0.6795875393086015,0.33333333333333337,0.6056065645999833,0.3586052064912687,0.2470013581087146,,1.3943178751101842e+20,0.9692382812073909,0.0007534027095725729,0.005970001221368893,,,,,,,6.592261219024636,1.6952430486679027,0.33033926486969256,0.4323066473007213,0.5843672156333937,1.1348168373107994,0.26436375379562554,95911.6359375,positive_boundary_margin
0.31479999494552646,0.3995301455819166,,0.4431167203210963,0.918170681400796,0.6937147346969662,0.33333333333333337,0.6245297141849887,0.38749436153671957,0.23703535264826914,,1.426215499080338e+20,0.939941406264237,0.0008296966544948554,0.005493164065169425,,,,,,,6.552445220947243,1.6860975980758617,0.335107052326205,0.4342986047267925,0.5868314504623426,1.1497613430023277,0.26752362251281914,95905.50624999999,positive_boundary_margin
0.31579999494552646,0.38069984531015383,,0.4314804875709922,0.9070097114557603,0.7078419300853309,0.33333333333333337,0.6194531541707688,0.3720877522234592,0.24736540194730966,,1.4092044709018993e+20,0.97900390625,0.0009632110692142592,0.005798339838398446,,,,,,,6.512629222869851,1.6769521474838207,0.3398748397827175,0.43629056215286366,0.5892956852912916,1.164705848693856,0.27068349123001273,95899.3765625,positive_boundary_margin
0.31679999494552646,0.40110857912245607,,0.4163757608095486,0.9191062399979478,0.7219691254736956,0.33333333333333337,0.6184567217726852,0.38878580716079736,0.22967091461188782,,1.4276414337201681e+20,0.986328125,0.0007915496821699541,0.00476837158337295,,,,,,,6.472813224792459,1.6678066968917795,0.34464262723922995,0.4382825195789348,0.5917599201202406,1.1796503543853842,0.2738433599472063,95893.246875,positive_boundary_margin
0.31779999494552646,0.4082522785859252,,0.39628088077432055,0.9233404058825837,0.7360963208620623,0.33333333333333337,0.6129996220733218,0.39463065217636306,0.21836896989695875,,1.4340949512487017e+20,0.9912109375143521,0.0005245208739673745,0.004863739012550615,,,,,,,6.432997226715054,1.658661246299738,0.3494104146957422,0.4402744770050058,0.5942241549491901,1.1945948600769054,0.2770032286643983,95887.11718750023,positive_boundary_margin
0.31879999494552647,0.402547678976208,,0.38934389546236264,0.9199592136618737,0.7536299511889858,0.33333333333333337,0.6130692389438962,0.38996325249568536,0.22310598644821084,,1.4289414962688505e+20,0.99609375,0.00045776367181880466,0.004348754881126639,,,,,,,6.371791267394985,1.6488220691680853,0.35384346246719606,0.4419294536113748,0.5975940227508564,1.1965846300125134,0.2771903455257417,96303.62812500024,positive_boundary_margin
0.31979999494552647,0.43395978195446433,,0.39249910476979666,0.9385775857638003,0.7557003463401075,0.33333333333333337,0.6198190354108752,0.41566406402334954,0.2041549713875257,,1.4573187478896561e+20,0.99365234375,0.00048637389911407986,0.003967285157151243,,,,,,,6.310585308074917,1.6389828920364324,0.3582765102386499,0.44358443021774385,0.6009638905525226,1.1985743999481213,0.27737746238708505,96720.13906250022,positive_boundary_margin
0.32079999494552647,0.44467981008020074,,0.3805048334711081,0.9449314893125769,0.7152935320196621,0.33333333333333337,0.6053086720686138,0.4244349961262248,0.180873675942389,,1.4670030703852467e+20,1.0034179687355393,0.0003814697256022293,0.003814697265625,,,,,,,6.249379348754849,1.6291437149047796,0.3627095580101038,0.44523940682411284,0.6043337583541889,1.200564169883729,0.2775645792484284,97136.65000000023,boundary_ambiguous_margin
0.32179999494552647,0.44327722324709545,,0.4067758682648572,0.944100157402641,0.6715158562691019,0.33333333333333337,0.6072919375503643,0.42328742508095685,0.1840045124694074,,1.4657359931853976e+20,1.0083007812645013,0.000820159912449247,0.003509521484375,,,,,,,6.18817338943478,1.6193045377731268,0.36714260578155766,0.4468943834304819,0.6077036261558552,1.202553939819337,0.27775169610977185,97553.16093750023,boundary_ambiguous_margin
0.32279999494552647,0.45028188112794215,,0.35658342291299133,0.9482519114880829,0.6277381805185479,0.33333333333333337,0.5722892344581534,0.42901850880164966,0.14327072565650373,,1.472063902505574e+20,1.01562500002907,0.00011444091899074819,0.00343322753588295,,,,,,,6.126967430114713,1.6094653606414753,0.37157565355301136,0.44854936003685064,0.6110734939575208,1.2045437097549354,0.2779388129711133,97969.67187499994,boundary_ambiguous_margin
0.32379999494552647,0.4580772649839121,,0.3609470103776748,0.9528723393979324,0.5944098760652112,0.33333333333333337,0.5672940590546233,0.4353965501383523,0.13189750891627094,,1.479106142540084e+20,1.01806640625,0.00020027160610385235,0.0031280517564466594,,,,,,,6.067754650115934,1.601884365081783,0.3757814347744011,0.4497550249099738,0.6132039070129406,1.18941800594329,0.2746663689613324,97862.64843749994,boundary_ambiguous_margin
0.32479999494552647,0.47304429293515277,,0.3241167041955835,0.9617434963481379,0.5610815716118739,0.33333333333333337,0.5427646190877947,0.44764230028027646,0.09512231880751826,,1.4926271448901013e+20,1.0205078125,0.000133514404296875,0.0025177001957690506,,,,,,,6.0085418701171545,1.5943033695220905,0.3799872159957909,0.450960689783097,0.6153343200683605,1.1742923021316445,0.2713939249515515,97755.62499999994,boundary_ambiguous_margin
0.32579999494552647,0.4741147573324566,,0.28716230516603614,0.9623779748637808,0.5277532671585365,0.33333333333333337,0.5161139630885974,0.44851813478716146,0.0675958283014359,,1.4935941873569628e+20,1.0302734375146503,0.0004196166976163754,0.0015258789085391064,,,,,,,5.9493290901183755,1.5867223739623981,0.3841929972171807,0.4521663546562201,0.6174647331237805,1.159166598319999,0.26812148094177063,97648.60156249994,boundary_ambiguous_margin
0.3267999949455265,0.4785115092266395,,0.29527511956308816,0.9649839883122409,0.4944249627051992,0.33333333333333337,0.5124897975359041,0.4521154772460383,0.06037432028986578,,1.497566151122071e+20,1.0400390625,0.00032424926729132496,0.0019073486309769795,,,,,,,5.890116310119596,1.5791413784027057,0.38839877843857046,0.4533720195293433,0.6195951461792004,1.1440408945083533,0.26484903693198975,97541.57812499994,boundary_ambiguous_margin
0.3277999949455265,0.48146292971154675,,0.27844977706090895,0.9667333345707607,0.46109665825189017,0.33333333333333337,0.49618238673611725,0.4545302758245988,0.041652110911518436,,1.5002324228389627e+20,1.044921875,4.768371587780486e-05,0.001983642577205122,,,,,,,5.830903530120852,1.5715603828430174,0.39260455965995417,0.45457768440246554,0.621725559234619,1.1289151906967354,0.2615765929222162,97434.55468749929,boundary_ambiguous_margin
0.3287999949455265,0.5144268847513118,,0.24329533250860766,0.9862715100729343,0.47879701710637174,0.33333333333333337,0.48791479804913035,0.48150078449349754,0.006414013555632814,,1.530011595765648e+20,1.0546875,0.00012397766072925424,0.0012969970703125,,,,,,,5.836091709136966,1.5713513135910033,0.3858607709407769,0.4540976524353025,0.6214879035949705,1.1632650375366402,0.27149268984795166,96142.47656249929,boundary_ambiguous_margin
0.3297999949455265,0.5375889924245341,,0.2203760213599889,1.0,0.4964973759608524,0.33333333333333337,0.48431235467020756,0.5004515998624975,-0.016139245192289986,,1.5509359177687368e+20,1.064453125,-2.8610228914087513e-05,0.00114440918072808,,,,,,,5.841279888153079,1.571142244338989,0.3791169822215997,0.45361762046813936,0.6212502479553221,1.197614884376545,0.28140878677368714,94850.39843749929,boundary_ambiguous_margin
0.3307999949455265,0.5651250678670557,,0.23831901178453366,1.0,0.5141977348153332,0.33333333333333337,0.4977089395961001,0.5229811161336516,-0.02527217653755154,,1.575811620679262e+20,1.06689453125,0.00035285949654883137,0.0010299682610234418,,,,,,,5.846468067169193,1.570933175086975,0.37237319350242243,0.4531375885009763,0.6210125923156737,1.2319647312164497,0.2913248836994226,93558.32031249929,boundary_ambiguous_margin
0.3317999949455265,0.5538753575218058,,0.19878958767026256,1.0,0.5318980936698144,0.33333333333333337,0.4823693172525849,0.5137768076693562,-0.031407490416771267,,1.5656487907232632e+20,1.0742187499851328,7.629394455752896e-05,0.0006866455092062927,,,,,,,5.851656246185305,1.5707241058349608,0.3656294047832452,0.45265755653381323,0.6207749366760252,1.2663145780563545,0.3012409806251581,92266.24218749929,boundary_ambiguous_margin
0.3327999949455265,0.5625082040193266,,0.19332218539092838,1.0,0.5495984525242827,0.33333333333333337,0.4840607058265349,0.5208400457127823,-0.03677933988624743,,1.5734475827186133e+20,1.0791015625,0.00020980834751296846,0.00045776367513607685,,,,,,,5.856844425201417,1.5705150365829461,0.35888561606407293,0.45217752456665,0.620537281036377,1.300664424896233,0.31115707755088756,90974.16406249921,boundary_ambiguous_margin
0.3337999949455265,0.5700590966890468,,0.16821477400276014,1.0,0.5446825709240054,0.33333333333333337,0.4702780297323814,0.5270180488061897,-0.05674001907380832,,1.5802689528573356e+20,1.083984375,-0.000133514404472052,0.0004577636725173157,,,,,,,5.8576476097106935,1.5693659067153924,0.3612345457077039,0.451444178819656,0.6204862713813781,1.2875398159027027,0.31023395657539315,89551.82968749921,boundary_ambiguous_margin
0.3347999949455265,0.5906888559863298,,0.1620064771725016,1.0,0.5397666893237276,0.33333333333333337,0.4659449109171827,0.543896942776694,-0.07795203185951127,,1.5989055869872085e+20,1.08642578125,2.8610228029070438e-05,0.00015258789085909874,,,,,,,5.858450794219971,1.5682167768478388,0.3635834753513349,0.45071083307266196,0.6204352617263794,1.2744152069091723,0.3093108355998988,88129.49531249922,boundary_ambiguous_margin
0.3357999949455265,0.58420278036672,,0.1286113012377512,1.0,0.5348508077234504,0.33333333333333337,0.4480183525497382,0.538590153633377,-0.09057180108363883,,1.593046157581395e+20,1.09130859375,-0.0005149841278678664,0.00024795532279353827,,,,,,,5.859253978729249,1.5670676469802851,0.3659324049949659,0.44997748732566795,0.6203842520713806,1.2612905979156421,0.3083877146244044,86707.16093749921,boundary_ambiguous_margin
0.3367999949455265,0.5726099449954469,,0.1416381862989494,1.0,0.529934926123173,0.33333333333333337,0.45330282468026795,0.5291051065114262,-0.07580228183115822,,1.5825733533072936e+20,1.09375,-0.00012397766219149778,-5.881584959734412e-13,,,,,,,5.860057163238526,1.5659185171127312,0.36828133463859686,0.44924414157867393,0.6203332424163818,1.248165988922112,0.30746459364891,85284.8265624992,boundary_ambiguous_margin
0.3377999949455265,0.5849034408909147,,0.12890180002388846,1.0,0.525019044522893,0.33333333333333337,0.44570566114266746,0.5391634213349907,-0.09345776019232327,,1.593679124435273e+20,1.09619140625,-0.0002288818345810826,-0.00011444091879439538,,,,,,,5.8608603477478,1.5647693872451771,0.37063026428222795,0.44851079583168024,0.6202822327613832,1.2350413799285818,0.30654147267341536,83862.49218749937,boundary_ambiguous_margin
0.3387999949455265,0.6031985089640257,,0.14629756201882946,1.0,0.5163722144368524,0.33333333333333337,0.4522418346186279,0.5541321133948088,-0.10189027877618095,,1.610206631380281e+20,1.10107421875,-0.0001716613773077671,0.00015258788920643159,,,,,,,5.856035232543943,1.5627480983734119,0.3731386959552779,0.4483666479587554,0.620495128631592,1.2221843481063772,0.30517588853835986,82734.16718749938,boundary_ambiguous_margin
0.3397999949455265,0.6051559963429045,,0.1173501936950363,1.0,0.5077253843508125,0.33333333333333337,0.43560644293522127,0.5557336939775279,-0.12012725104230665,,1.6119749979214656e+20,1.1035156249848348,-0.000286102294921875,-0.0002670288084160319,,,,,,,5.851210117340085,1.5607268095016469,0.3756471276283278,0.4482225000858306,0.6207080245018006,1.2093273162841724,0.3038103044033043,81605.84218749938,boundary_ambiguous_margin
0.3407999949455265,0.6164962589793581,,0.0836637050495743,1.0,0.49907855426477177,0.33333333333333337,0.4166014910909801,0.5650120906800808,-0.14841059958910074,,1.622219631542571e+20,1.103515625,-0.0005912780724891875,-0.0005340576157619435,,,,,,,5.846385002136228,1.5587055206298817,0.37815555930137773,0.4480783522129058,0.6209209203720094,1.196470284461968,0.30244472026824876,80477.51718749937,boundary_ambiguous_margin
0.3417999949455265,0.630617353268258,,0.10210754175675744,1.0,0.4904317241787319,0.33333333333333337,0.4236617019230617,0.5765657132800898,-0.15290401135702808,,1.6349764293308187e+20,1.10107421875,-0.00042915344148945745,-0.00038146972465667587,,,,,,,5.84155988693237,1.5566842317581167,0.38066399097442766,0.447934204339981,0.6211338162422181,1.1836132526397634,0.3010791361331932,79349.19218749937,boundary_ambiguous_margin
0.3427999949455265,0.6609087499328008,,0.052335384066935275,1.0,0.4817848940926952,0.33333333333333337,0.39661391555664144,0.6013495832783522,-0.20473566772171076,,1.6623412506447682e+20,1.103515625,-0.0010681152306742602,-0.0005340576194556954,,,,,,,5.836734771728526,1.554662942886352,0.3831724226474777,0.447790056467056,0.6213467121124264,1.170756220817573,0.2997135519981415,78220.86718749921,negative_leakage_margin
0.3437999949455265,0.6421385257510086,,0.06570972899507796,1.0,0.4802079877184336,0.33333333333333337,0.4029068614271474,0.5859921271296131,-0.18308526570246575,,1.6453844943602765e+20,1.1010742187346856,-0.000686645507214283,-0.0007629394516892791,,,,,,,5.855257892608653,1.5537610292434687,0.3858276247978225,0.44730584621429414,0.6207787394523617,1.183420205116279,0.30525053739548036,76799.16406249921,boundary_ambiguous_margin
0.3447999949455265,0.659827964521661,,0.08200045562194483,1.0,0.478631081344172,0.33333333333333337,0.4106579981470154,0.6004653043056014,-0.189807306158586,,1.661364884319303e+20,1.10107421875,-0.00043869018704638797,-0.0007629394526451559,,,,,,,5.87378101348878,1.5528591156005855,0.3884828269481674,0.44682163596153235,0.620210766792297,1.196084189414985,0.31078752279281924,75377.46093749921,boundary_ambiguous_margin
0.3457999949455265,0.6563451091922491,,0.07634996566797556,1.0,0.47705417496991026,0.33333333333333337,0.40743852657646534,0.5976156953997189,-0.19017716882325358,,1.6582185218452593e+20,1.09619140625,-0.0007915496846017857,-0.00041961670018097943,,,,,,,5.892304134368906,1.5519572019577021,0.3911380290985122,0.4463374257087705,0.6196427941322323,1.2087481737136911,0.3163245081901581,73955.75781249921,boundary_ambiguous_margin
0.3467999949455265,0.6801792511814791,,0.06515151516945684,1.0,0.4754772685956487,0.33333333333333337,0.4014450747336406,0.6171163570272709,-0.21567128229363025,,1.679749950188741e+20,1.0986328125,-0.0007247924811920102,-0.000724792479504403,,,,,,,5.910827255249034,1.5510552883148188,0.39379323124885707,0.44585321545600864,0.6190748214721676,1.221412158012397,0.321861493587497,72534.05468749921,negative_leakage_margin
0.3477999949455265,0.6686979996013022,,0.08734905432784046,1.0,,0.5555555555555556,0.3915660362185603,0.6481266461384392,-0.2565606099198789,,1.669377949140674e+20,1.09130859375,-0.0006389617935022885,-0.0004005432138570896,,,,,,,,,,,,,,,negative_leakage_margin
0.3487999949455265,0.7255942436297954,,0.03925601363249199,1.0,,0.5555555555555556,0.35950400908832797,0.6946781185253881,-0.3351741094370601,,1.7207772150285048e+20,1.083984374984496,-0.0010585784898179918,-0.0008773803690346129,,,,,,,,,,,,,,,negative_leakage_margin
0.3497999949455265,0.7413694264380145,,0.053615369662012434,1.0,,0.5555555555555556,0.3690769131080083,0.7075850862775674,-0.33850817316955917,,1.7350282930993653e+20,1.08154296875,-0.0009632110589023741,-0.0007438659666754317,,,,,,,,,,,,,,,negative_leakage_margin
0.3507999949455265,0.7525046319505166,,0.03678758595908849,1.0,,0.5555555555555556,0.35785839063939234,0.7166957089696145,-0.3588373183302222,,1.745087681001423e+20,1.07177734375,-0.0012969970679391932,-0.0007438659681356635,,,,,,,,,,,,,,,negative_leakage_margin
0.3517999949455265,0.7229744587404144,,0.020186830745472475,1.0,,0.5555555555555556,0.34679122049698163,0.6925346581613492,-0.34574343766436755,,1.7184105382399495e+20,1.09619140625,-0.0012016296380620113,-0.000991821289550391,,,,,,,,,,,,,,,negative_leakage_margin
0.3527999949455265,0.3620836573914628,,0.0,0.8959756487561218,,0.5555555555555556,0.2986585495853739,0.3972603661485706,-0.09860181656319666,,1.3923868688090189e+20,1.3134765624686937,-0.001640319821283781,-0.0026321411140149925,,,,,,,,,,,,,,,boundary_ambiguous_margin
0.3537999949455265,0.0,,0.0,0.6208702889427367,,0.5555555555555556,0.20695676298091223,0.10101010101010101,0.10594666197081122,,9.730841513147813e+19,1.34765625,-0.00152587890655652,-0.0023269653337477623,,,,,,,,,,,,,,,boundary_ambiguous_margin
0.3547999949455265,0.04300406203703391,,0.0,0.5672242474615683,,0.5555555555555556,0.1890747491538561,0.13619524267676514,0.05287950647709097,,8.91319364939405e+19,1.1816406250471831,-0.0016307830811775601,-0.0022888183596207453,,,,,,,,,,,,,,,boundary_ambiguous_margin
0.3557999949455265,0.04026539075242759,,0.0,0.5688474944335065,,0.5555555555555556,0.18961583147783548,0.13395451162572358,0.055661319852111896,,8.937934420237615e+19,1.1279296875157616,-0.001649856566459282,-0.0021743774436227235,,,,,,,,,,,,,,,boundary_ambiguous_margin
0.3567999949455265,0.11528367982019429,,0.0087719298314268,0.5243831546444643,,0.5555555555555556,0.18064233810243926,0.19533311177207816,-0.01469077366963889,,8.260229757639275e+19,1.1254882812341978,-0.0013160705571344453,-0.0025177001946952247,,,,,,,,,,,,,,,boundary_ambiguous_margin
0.3577999949455265,0.4300831702103993,,0.0037593987318050477,0.3377973009803924,,0.5555555555555556,0.11510536614800083,0.45289633118224587,-0.33779096503424505,,5.4163754779408335e+19,1.5991210937183142,-0.0013923644989825804,-0.002975463867930136,,,,,,,,,,,,,,,negative_leakage_margin
0.3587999949455265,0.42252322231155875,,0.0,0.34227818286051426,,0.5555555555555556,0.11409272762017142,0.44671091926501266,-0.33261819164484124,,5.484670982993163e+19,1.3696289062658769,-0.0015926361069099888,-0.002670288085193276,,,,,,,,,,,,,,,negative_leakage_margin
0.3597999949455265,0.3859412163979343,,0.0,0.36396082533772117,,0.5555555555555556,0.12132027511257372,0.4167801871538654,-0.2954599120412917,,5.8151476745165865e+19,1.289062499904536,-0.0016975402813385937,-0.002517700194318083,,,,,,,,,,,,,,,negative_leakage_margin
0.3607999949455265,0.4333641815616767,,0.0,0.3358526018225228,,0.5555555555555556,0.11195086727417426,0.45558079501510923,-0.343629927740935,,5.386735283283899e+19,1.1474609375638054,-0.00166893005258936,-0.0024414062507477183,,,,,,,,,,,,,,,negative_leakage_margin
0.3617999949455265,0.5530827815536365,,0.2104591836448331,0.26489379197413676,,0.5555555555555556,0.2286040530879343,0.5535323768267127,-0.32492832373877845,,4.305214304566221e+19,0.688476562547976,-0.0017833709679940355,-0.0023269653342801225,,,,,,,,,,,,,,,negative_leakage_margin
0.3627999949455265,0.6754303190321528,,0.3233082704708524,0.19237677583847063,,0.5555555555555556,0.27966443892672516,0.6536349074909532,-0.37397046856422805,,3.1999438746885816e+19,0.47607421903846553,-0.001420974732822535,-0.002517700193058863,,,,,,,,,,,,,,,negative_leakage_margin
0.3637999949455265,0.7459287586421299,,0.44897959169486956,0.15059141106450688,,0.5555555555555556,0.349516864818082,0.7113154489900255,-0.36179858417194355,,2.563070895801657e+19,0.2319335940069559,-0.0014495849615648337,-0.002593994138366598,,,,,,,,,,,,,,,negative_leakage_margin
0.3647999949455265,0.7920322649497725,,0.5318877551098383,0.12326524839932718,,0.5555555555555556,0.39568025287300124,0.7490364996053694,-0.3533562467323682,,2.1465783101256892e+19,0.0732421874677992,-0.0015449523927668015,-0.0025177001953125,,,,,,,,,,,,,,,negative_leakage_margin
0.3657999949455265,0.8229855696525973,,0.5388918724500076,0.10491881215020298,,0.5555555555555556,0.394234185683406,0.7743619307258625,-0.38012774504245644,,1.866950512949697e+19,0.06103515628228212,-0.0014400482193497129,-0.002288818359375,,,,,,,,,,,,,,,negative_leakage_margin
0.3667999949455265,0.8473985525581381,,0.533163265237921,0.09044891180102987,,0.5555555555555556,0.38559181409229065,0.7943361894667594,-0.4087443753744688,,1.6464070621643407e+19,0.0708007813632246,-0.0016593933101045914,-0.0020599365249539007,,,,,,,,,,,,,,,negative_leakage_margin
0.3677999949455265,0.8682878585771842,,0.5508413891764066,0.07806754170674389,,0.5555555555555556,0.393250106686519,0.811427439845979,-0.41817733315946,,1.4576960123193786e+19,0.056152343652747065,-0.0012969970717054457,-0.0023269653307649357,,,,,,,,,,,,,,,negative_leakage_margin
0.3687999949455265,0.8919380479683968,,0.5420918367509636,0.0640497592401759,,0.5555555555555556,0.382744477580701,0.8307775948024256,-0.4480331172217246,,1.244043530758783e+19,0.05371093745125156,-0.0016498565671289145,-0.002212524413808602,,,,,,,,,,,,,,,negative_leakage_margin
0.3697999949455265,0.9142241109082515,,0.5597170686811315,0.050840512702674395,,0.5555555555555556,0.39009155002164575,0.8490116462986704,-0.4589200962770247,,1.0427143755223007e+19,0.029296875,-0.0015068054206854751,-0.000972747801461708,,,,,,,,,,,,,,,negative_leakage_margin
0.3707999949455265,0.9144810043505142,,0.5777829312040097,0.05068824853551874,,0.5555555555555556,0.40208470364784604,0.8492218318423399,-0.44713712819449386,,1.040393636329554e+19,0.01708984376632402,-0.0017833709657494774,-0.0007438659690924402,,,,,,,,,,,,,,,negative_leakage_margin
0.3717999949455265,0.9117381584105472,,0.5728668260439336,0.05231396988132968,,0.5555555555555556,0.3993492073230656,0.846977685164185,-0.4476284778411194,,1.065172120421951e+19,0.0146484375,-0.0014400482187958063,-0.0008773803722439148,,,,,,,,,,,,,,,negative_leakage_margin
0.3727999949455265,0.9099412796384859,,0.6026222209670834,0.053379003878685646,,0.5555555555555556,0.41954114860428415,0.8455075116234076,-0.4259663630191235,,1.0814048702897848e+19,0.009765625016398558,-0.0014114379891139893,-0.00038146972912477467,,,,,,,,,,,,,,,negative_leakage_margin
0.3737999949455265,0.9164288401209355,,0.5774118738362601,0.049533740313250106,,0.5555555555555556,0.4014524959952568,0.8508155156545028,-0.44936301965924597,,1.0227971621897896e+19,0.012207031233560785,-0.0015830993645280025,-0.0008010864255243872,,,,,,,,,,,,,,,negative_leakage_margin
0.3747999949455265,0.9332795504653213,,0.5725921947477791,0.03954609970253625,,0.5555555555555556,0.3949101630660315,0.8646024604817275,-0.469692297415696,,8.705702171288535e+18,0.007324218766473097,-0.0013542175300047033,-0.0011253356923298064,,,,,,,,,,,,,,,negative_leakage_margin
0.3757999949455265,0.9557129799565061,,0.5774163493120754,0.026249507045931094,,0.5555555555555556,0.3936940685566939,0.8829570846108787,-0.4892630160541848,,6.679097732134601e+18,0.004882812516506978,-0.0013446807865841752,-0.001010894774874782,,,,,,,,,,,,,,,negative_leakage_margin
0.3767999949455265,0.9574852672091616,,0.5861085342461384,0.02519904876988739,,0.5555555555555556,0.39913870575405475,0.8844071378175968,-0.4852684320635421,,6.518991796700185e+18,0.0048828125,-0.0015449523919963723,-0.0007057189951748522,,,,,,,,,,,,,,,negative_leakage_margin
0.3777999949455265,0.954757227299067,,0.5870825602138343,0.026815994384455387,,0.5555555555555556,0.40032703827070804,0.8821751051638831,-0.48184806689317505,,6.765439081728967e+18,0.0048828125,-0.001506805419727481,-0.0006866455089788643,,,,,,,,,,,,,,,negative_leakage_margin
0.3787999949455265,0.9551919878359061,,0.5914001724043877,0.026558306019696436,,0.5555555555555556,0.40311955027615726,0.8825308183303878,-0.47941126805423057,,6.72616342687318e+18,0.0048828125,-0.001354217530725343,-0.000724792480988193,,,,,,,,,,,,,,,negative_leakage_margin
0.3797999949455265,0.95722542229773,,0.5882213650837148,0.02535306231215724,,0.5555555555555556,0.4005985974931956,0.8841945374355165,-0.48359593994232086,,6.542465820197388e+18,0.002441406233343944,-0.0013923645022784386,-0.0007629394535153763,,,,,,,,,,,,,,,negative_leakage_margin
0.3807999949455265,0.9689267743663649,,0.5897536048237605,0.018417514983145367,,0.5555555555555556,0.39930824154355543,0.8937683709462177,-0.4944601294026623,,5.485382147114009e+18,0.0024414062333032865,-0.0013542175286446597,-0.0007820129401053404,,,,,,,,,,,,,,,negative_leakage_margin
0.3817999949455265,0.9787868965138596,,0.5847634507625551,0.012573289168669316,,0.5555555555555556,0.39403339689792655,0.9018357436123499,-0.5078023467144233,,4.594632593080582e+18,0.0,-0.0016403198222573394,-0.00078201294036845,,,,,,,,,,,,,,,negative_leakage_margin
0.3827999949455265,0.988376697555749,,0.5973867296917548,0.006889286276378746,,0.5555555555555556,0.4005542485532961,0.9096819444648047,-0.5091276959115085,,3.7283034671779676e+18,0.004882812483228747,-0.0012779235855566798,-0.0007057189949267774,,,,,,,,,,,,,,,negative_leakage_margin
0.3837999949455265,0.9849234208158125,,0.5945037105222883,0.008936089426093651,,0.5555555555555556,0.39931450349022346,0.9068565362230385,-0.5075420327328151,,4.040267626448945e+18,-1.680513367352532e-11,-0.0014686584473969152,-0.0005912780769596156,,,,,,,,,,,,,,,negative_leakage_margin
0.3847999949455265,0.9790750085887753,,0.592208198922334,0.01240252130185221,,0.5555555555555556,0.3989396397155067,0.9020714716736443,-0.5031318319581376,,4.5686049538278687e+18,0.0,-0.0014400482189579071,-0.0006484985368671507,,,,,,,,,,,,,,,negative_leakage_margin
0.3857999949455265,0.9734571517451076,,0.5809637731430122,0.015732299928999896,,0.5555555555555556,0.3925532820716748,0.8974750433470072,-0.5049217612753325,,5.076114232441831e+18,-0.0024414062162271023,-0.001363754271933236,-0.0009918212881390223,,,,,,,,,,,,,,,negative_leakage_margin
0.3867999949455265,0.9722431364071316,,0.583675096873331,0.01645186300045447,,0.5555555555555556,0.3946006855823721,0.8964817580704814,-0.5018810724881093,,5.18578666902179e+18,-0.00244140623307967,-0.0014114379874220146,-0.0008773803714903203,,,,,,,,,,,,,,,negative_leakage_margin
0.3877999949455265,0.9772281556624557,,0.5889610389304085,0.013497175646502494,,0.5555555555555556,0.39713975116910655,0.9005604101884739,-0.5034206590193673,,4.735447047249854e+18,-0.0024414061991373656,-0.0014877319326665665,-0.0007247924800713857,,,,,,,,,,,,,,,negative_leakage_margin
0.38879999494552653,0.9949622863703794,,0.5967589427641026,0.002985920011918547,,0.5555555555555556,0.3988346018467079,0.9150701534949569,-0.5162355516482491,,3.1333706446500004e+18,-0.00244140625,-0.0013160705571717147,-0.0007438659673279647,,,,,,,,,,,,,,,negative_leakage_margin
0.38979999494552653,1.0,,0.5850649350504036,0.0,,0.5555555555555556,0.3900432900336024,0.9191919191919191,-0.5291486291583167,,1.9880533624608522e+18,-0.0024414062329644734,-0.0015640258779080745,-0.0008010864253819799,,,,,,,,,,,,,,,negative_leakage_margin
0.39079999494552653,1.0,,0.5850649349006057,0.0,,0.5555555555555556,0.39004328993373716,0.9191919191919191,-0.529148629258182,,2.1635079304632074e+18,-0.002441406232930592,-0.0015735626212035067,-0.0008010864283149903,,,,,,,,,,,,,,,negative_leakage_margin
0.39179999494552653,0.9909091585135018,,0.6129072679569608,0.005388262913578698,,0.5555555555555556,0.4104009329425001,0.9117539579756933,-0.5013530250331932,,3.499524509373825e+18,-0.0024414062157934215,-0.0011444091842305612,-0.0006484985334191972,,,,,,,,,,,,,,,negative_leakage_margin
0.39279999494552653,0.9796730918669668,,0.6071941216202367,0.01204802937149598,,0.5555555555555556,0.40881209087065645,0.9025608125376192,-0.49374872166696276,,4.514574952438956e+18,-0.00244140625,-0.0013351440424330017,-0.0005149841328684313,,,,,,,,,,,,,,,negative_leakage_margin
0.39379999494552653,0.9784039722953318,,0.5897983595892089,0.012800253456680462,,0.5555555555555556,0.39746565754503277,0.9015224419790089,-0.5040567844339761,,4.629225427913671e+18,-0.00244140625,-0.0013923645011475966,-0.0007820129397216344,,,,,,,,,,,,,,,negative_leakage_margin
0.39479999494552653,0.9722647703718648,,0.5895249486480364,0.016439040261215395,,0.5555555555555556,0.39849631251909606,0.8964994585870812,-0.4980031460679852,,5.183832287103418e+18,-0.00244140625,-0.0012779235864057246,-0.0009346008288674502,,,,,,,,,,,,,,,negative_leakage_margin
0.39579999494552653,0.9842599548886498,,0.5904932787130015,0.009329334523927977,,0.5555555555555556,0.3967719639833103,0.9063137004644508,-0.5095417364811405,,4.1002042043022705e+18,-0.002441406267252367,-0.0014114379874051533,-0.0007438659672012273,,,,,,,,,,,,,,,negative_leakage_margin
0.39679999494552654,1.0,,0.5920828856841214,0.0,,0.5555555555555556,0.39472192378941423,0.9191919191919191,-0.5244699954025049,,2.3845680417624556e+18,-1.7293024651143796e-11,-0.0011157989522893896,-0.001087188716785174,,,,,,,,,,,,,,,negative_leakage_margin
0.39779999494552654,1.0,,0.5935577580340571,0.0,,0.5555555555555556,0.3957051720227047,0.9191919191919191,-0.5234867471692144,,1.7417363695599616e+18,-0.00244140625,-0.0013351440430364597,-0.0007820129395885443,,,,,,,,,,,,,,,negative_leakage_margin
0.39879999494552654,0.9969544976318933,,0.6051834129887687,0.0018051098446340646,,0.5555555555555556,0.4040573119407238,0.9167001445271046,-0.5126428325863808,,2.953397083857486e+18,-0.00244140625,-0.0011730194092475295,-0.0007629394550245773,,,,,,,,,,,,,,,negative_leakage_margin
0.39979999494552654,0.9855707358168427,,0.5858115257808546,0.008552417197440904,,0.5555555555555556,0.3933918229197167,0.9073861575875177,-0.5139943346678011,,3.9817901005256786e+18,-1.7401444868392346e-11,-0.0013446807845694014,-0.0008964538556545408,,,,,,,,,,,,,,,negative_leakage_margin
0.40079999494552654,0.9880421500468262,,0.6491228065936531,0.007087577043832638,,0.5555555555555556,0.4351110634103796,0.909408223775686,-0.4742971603653064,,3.7585260181685535e+18,-0.0024414062674421024,-0.0002670288154070712,-0.0013923644980013987,,,,,,,,,,,,,,,negative_leakage_margin
0.40179999494552654,0.9969569561752833,,0.6147186146565359,0.0018036526331987378,,0.5555555555555556,0.4104136273154235,0.9167021560626055,-0.506288528747182,,2.953174982508675e+18,-0.00244140626748276,-0.0010871887216592135,-0.0006866455082222522,,,,,,,,,,,,,,,negative_leakage_margin
0.40279999494552654,1.0,,0.5995443152842002,0.0,,0.5555555555555556,0.39969621018946677,0.9191919191919191,-0.5194957090024523,,2.1450611490061025e+18,-0.00244140625,-0.00125885009765625,-0.0007629394543566388,,,,,,,,,,,,,,,negative_leakage_margin
0.40379999494552654,0.9995972735532748,,0.5955798586456923,0.00023870133259172333,,0.5555555555555556,0.39713280620799213,0.9188624157355076,-0.5217296095275155,,2.7146524275370885e+18,-0.0024414062675505227,-0.001230239870289321,-0.0008773803705452961,,,,,,,,,,,,,,,negative_leakage_margin
0.40479999494552654,0.9903899920439345,,0.5895192527319626,0.005695979799644537,,0.5555555555555556,0.39491149508785656,0.9113291854096838,-0.5164176903218272,,3.546425277368238e+18,-0.00488281248240882,-0.0014114379869756546,-0.0007629394542244488,,,,,,,,,,,,,,,negative_leakage_margin
0.40579999494552654,0.9811710354962426,,0.6152711323084148,0.011160178217535654,,0.5555555555555556,0.41390081427812175,0.9037864027797541,-0.48988558850163233,,4.379252833728332e+18,-0.0048828125,-0.0011825561530324938,-0.0005531311044798662,,,,,,,,,,,,,,,negative_leakage_margin
0.40679999494552654,0.9953546918032685,,0.5966222373149547,0.0027533360817879973,,0.5555555555555556,0.3986659369038991,0.9153912124855024,-0.5167252755816032,,3.0979212902588744e+18,-0.00244140625,-0.001258850099312411,-0.000820159912109375,,,,,,,,,,,,,,,negative_leakage_margin
0.40779999494552654,1.0,,0.61054340387173,0.0,,0.5555555555555556,0.4070289359144867,0.9191919191919191,-0.5121629832774324,,1.7287692791777853e+18,-0.0024414062676996005,-0.0011062622077917797,-0.0007438659680413782,,,,,,,,,,,,,,,negative_leakage_margin
0.40879999494552655,1.0,,0.5931419458201831,0.0,,0.5555555555555556,0.3954279638801221,0.9191919191919191,-0.523763955311797,,2.345664571592671e+18,-0.00244140625,-0.001296997067956372,-0.0008392334007936281,,,,,,,,,,,,,,,negative_leakage_margin
0.40979999494552655,0.9903655648331219,,0.5826327182002615,0.005710458133063848,,0.5555555555555556,0.39032529817786227,0.9113091995099278,-0.5209839013320656,,3.5486319972051845e+18,-0.00244140625,-0.001382827758441779,-0.0009346008299392116,,,,,,,,,,,,,,,negative_leakage_margin
0.41079999494552655,0.9813333084882513,,0.6152768283419163,0.011063996852365589,,0.5555555555555556,0.41387255117873273,0.9039191715913975,-0.4900466204126647,,4.3645933200731013e+18,-0.002441406267814797,-0.0010490417492298888,-0.0007247924811646405,,,,,,,,,,,,,,,negative_leakage_margin
0.41179999494552655,0.9813598351977509,,0.5899407610645948,0.011048274118091853,,0.5555555555555556,0.39697659874909386,0.9039408752628063,-0.5069642765137125,,4.3621969344803635e+18,-0.004882812482151322,-0.0013160705556645254,-0.0008773803713726356,,,,,,,,,,,,,,,negative_leakage_margin
0.41279999494552655,0.9887732563447368,,0.577694235638009,0.006654240596731834,,0.5555555555555556,0.38734757062424996,0.9100064016557946,-0.5226588310315446,,3.692478904443863e+18,-0.0048828125,-0.0013542175291571146,-0.0011253356914027288,,,,,,,,,,,,,,,negative_leakage_margin
0.41379999494552655,0.9893553773474023,,0.6046935520307473,0.006309209719828233,,0.5555555555555556,0.4052321045937743,0.9104826824761575,-0.5052505778823833,,3.6398909125547786e+18,-0.00244140625,-0.0012397766100674223,-0.0006866455103339053,,,,,,,,,,,,,,,negative_leakage_margin
0.41479999494552655,0.9785923429688476,,0.620129869813245,0.012688603647846042,,0.5555555555555556,0.417649447758112,0.9016765634391581,-0.4840271156810461,,4.612208286450582e+18,-0.0048828125,-0.0016307830728446355,-0.00011444092414383193,,,,,,,,,,,,,,,negative_leakage_margin
0.41579999494552655,0.9819066176819341,,0.6100592389231907,0.010724188852091575,,0.5555555555555556,0.41028088889949094,0.9043882427498653,-0.49410735385037435,,4.3128013746025267e+18,-0.0048828125,-0.0010395050064294946,-0.0008392333984375,,,,,,,,,,,,,,,negative_leakage_margin
0.41679999494552655,0.9940882376821408,,0.6069264067601121,0.0035039803189312103,,0.5555555555555556,0.40578559794638513,0.9143550227500343,-0.5085694248036492,,3.212330972687106e+18,-0.0048828125,-0.0010871887235216272,-0.0008392333984375,,,,,,,,,,,,,,,negative_leakage_margin
0.41779999494552655,1.0,,0.6024037366722712,0.0,,0.5555555555555556,0.40160249111484747,0.9191919191919191,-0.5175894280770716,,2.0762473891480207e+18,-0.0048828125,-0.0010967254647852654,-0.0009155273417726015,,,,,,,,,,,,,,,negative_leakage_margin
0.41879999494552655,1.0,,0.6208418773537322,0.0,,0.5555555555555556,0.41389458490248815,0.9191919191919191,-0.5052973342894309,,1.7848889024152863e+18,-0.0024414062681129525,-0.001068115235648567,-0.0005912780763133825,,,,,,,,,,,,,,,negative_leakage_margin
0.41979999494552656,0.997272562554746,,0.6150091137321831,0.0016165885256271587,,0.5555555555555556,0.41054493866333114,0.916960379463984,-0.5064154408006529,,2.9246635464888156e+18,-0.002441406268146834,-0.0008010864277660599,-0.001049041744927888,,,,,,,,,,,,,,,negative_leakage_margin
0.42079999494552656,0.995992683813027,,0.6012873092045893,0.0023751897143206957,,0.5555555555555556,0.40164993604116644,0.915913205948032,-0.5142632699068657,,3.040285990242484e+18,-0.0024414062681874914,-0.001173019408256104,-0.0008392333995742182,,,,,,,,,,,,,,,negative_leakage_margin
0.42179999494552656,0.9948266526696842,,0.6009455457669558,0.0030663119140734068,,0.5555555555555556,0.401652467815995,0.9149591804671153,-0.5133067126511204,,3.145623602229936e+18,-0.0048828125,-0.0010299682608643054,-0.001029968261433935,,,,,,,,,,,,,,,negative_leakage_margin
0.42279999494552656,1.0,,0.5934951014352348,0.0,,0.5555555555555556,0.3956634009568232,0.9191919191919191,-0.5235285182350959,,2.6782706872856084e+18,-0.0048828125,-0.0011730194089656794,-0.0009918212887771558,,,,,,,,,,,,,,,negative_leakage_margin
0.42379999494552656,1.0,,0.609153565777273,0.0,,0.5555555555555556,0.40610237718484865,0.9191919191919191,-0.5130895420070705,,2.2737482647989125e+18,-0.00244140625,-0.0010681152349467473,-0.0008201599106800069,,,,,,,,,,,,,,,negative_leakage_margin
0.42479999494552656,0.9975811827762581,,0.5973171566771308,0.0014336652069856667,,0.5555555555555556,0.39868932618708247,0.9172128869179484,-0.518523560730866,,2.8967832301432996e+18,-0.0048828125,-0.001277923580832777,-0.000782012941028924,,,,,,,,,,,,,,,negative_leakage_margin
0.42579999494552656,0.9944259526956047,,0.6201526541373398,0.0033038121293186853,,0.5555555555555556,0.41453637346799943,0.9146313350337775,-0.500094961565778,,3.1818222737953915e+18,-0.0048828125,-0.0009155273463342976,-0.0008010864272169709,,,,,,,,,,,,,,,negative_leakage_margin
0.42679999494552656,0.9986520609877958,,0.6207051719390434,0.0007989414181309003,,0.5555555555555556,0.4140697617654059,0.9180890600001156,-0.5040192982347097,,2.8000416000618004e+18,-0.002441406268411108,-0.0010108947761817272,-0.0006675720224912325,,,,,,,,,,,,,,,negative_leakage_margin
0.42779999494552656,0.9974889752281184,,0.6168090680911184,0.001488317849728418,,0.5555555555555556,0.4117021513439884,0.9171374443785616,-0.5054352930345731,,2.9051131302353306e+18,-0.0048828125,-0.0010108947755347265,-0.0007438659676614838,,,,,,,,,,,,,,,negative_leakage_margin
0.42879999494552656,0.9963498906940127,,0.6021929826029966,0.0021634684350365077,,0.5555555555555556,0.4021831445470099,0.916205466123384,-0.5140223215763742,,3.0080164234788864e+18,-0.004882812481514353,-0.0011444091775212133,-0.0008583068850544632,,,,,,,,,,,,,,,negative_leakage_margin
0.42979999494552656,0.9856799706036106,,0.5914786968833147,0.008487672283420815,,0.5555555555555556,0.39714835535001675,0.9074755315039642,-0.5103271761539474,,3.971921983666389e+18,-0.0048828125,-0.0011444091780953957,-0.0010681152339407898,,,,,,,,,,,,,,,negative_leakage_margin
0.43079999494552657,0.9961951850255332,,0.6177944862546428,0.0022551645466921456,,0.5555555555555556,0.4126147123519926,0.9160788887582645,-0.503464176406272,,3.021992315779547e+18,-0.002441406268560186,-0.0007438659670143772,-0.0010681152335049913,,,,,,,,,,,,,,,negative_leakage_margin
