time_s,dalpha_proxy,softx_lower_proxy,softx_upper_proxy,softx_combined_proxy,te_profile_gradient_proxy,ne_profile_gradient_proxy,profile_gradient_proxy,nbi_proxy,density_proxy,m_edge_raw,m_edge_conf,Q_diag,P_missing_critical,m_edge_conf_state
-0.0692000091075897,,,,,,,,,,,-1.12,0.06,1.0,low_confidence_uninterpretable
-0.0682000091075897,,,,,,,,,,,-1.12,0.06,1.0,low_confidence_uninterpretable
-0.0672000091075897,,,,,,,,,,,-1.12,0.06,1.0,low_confidence_uninterpretable
-0.0662000091075897,,,,,,,,,,,-1.12,0.06,1.0,low_confidence_uninterpretable
-0.0652000091075897,,,,,,,,,,,-1.12,0.06,1.0,low_confidence_uninterpretable
-0.0642000091075897,,,,,,,,,,,-1.12,0.06,1.0,low_confidence_uninterpretable
-0.0632000091075897,,,,,,,,,,,-1.12,0.06,1.0,low_confidence_uninterpretable
-0.0622000091075897,,,,,,,,,,,-1.12,0.06,1.0,low_confidence_uninterpretable
-0.0612000091075897,,,,,,,,,,,-1.12,0.06,1.0,low_confidence_uninterpretable
-0.0602000091075897,,,,,,,,,,,-1.12,0.06,1.0,low_confidence_uninterpretable
-0.0592000091075897,,,,,,,,,,,-1.12,0.06,1.0,low_confidence_uninterpretable
-0.0582000091075897,,,,,,,,,,,-1.12,0.06,1.0,low_confidence_uninterpretable
-0.0572000091075897,,,,,,,,,,,-1.12,0.06,1.0,low_confidence_uninterpretable
-0.0562000091075897,,,,,,,,,,,-1.12,0.06,1.0,low_confidence_uninterpretable
-0.0552000091075897,,,,,,,,,,,-1.12,0.06,1.0,low_confidence_uninterpretable
-0.0542000091075897,,,,,,,,,,,-1.12,0.06,1.0,low_confidence_uninterpretable
-0.0532000091075897,,,,,,,,,,,-1.12,0.06,1.0,low_confidence_uninterpretable
-0.0522000091075897,,,,,,,,,,,-1.12,0.06,1.0,low_confidence_uninterpretable
-0.0512000091075897,,,,,,,,,,,-1.12,0.06,1.0,low_confidence_uninterpretable
-0.0502000091075897,,,,,,,,,,,-1.12,0.06,1.0,low_confidence_uninterpretable
-0.0492000091075897,,,,,,,,,,,-1.12,0.06,1.0,low_confidence_uninterpretable
-0.0482000091075897,,,,,,,,,,,-1.12,0.06,1.0,low_confidence_uninterpretable
-0.0472000091075897,,,,,,,,,,,-1.12,0.06,1.0,low_confidence_uninterpretable
-0.0462000091075897,,,,,,,,,,,-1.12,0.06,1.0,low_confidence_uninterpretable
-0.0452000091075897,,,,,,,,,,,-1.12,0.06,1.0,low_confidence_uninterpretable
-0.0442000091075897,,,,,,,,,,,-1.12,0.06,1.0,low_confidence_uninterpretable
-0.0432000091075897,,,,,,,,,,,-1.12,0.06,1.0,low_confidence_uninterpretable
-0.0422000091075897,,,,,,,,,,,-1.12,0.06,1.0,low_confidence_uninterpretable
-0.0412000091075897,,,,,,,,,,,-1.12,0.06,1.0,low_confidence_uninterpretable
-0.0402000091075896,,,,,,,,,,,-1.12,0.06,1.0,low_confidence_uninterpretable
-0.0392000091075896,,,,,,,,,,,-1.12,0.06,1.0,low_confidence_uninterpretable
-0.0382000091075896,,,,,,,,,,,-1.12,0.06,1.0,low_confidence_uninterpretable
-0.0372000091075896,,,,,,,,,,,-1.12,0.06,1.0,low_confidence_uninterpretable
-0.0362000091075896,,,,,,,,,,,-1.12,0.06,1.0,low_confidence_uninterpretable
-0.0352000091075896,,,,,,,,,,,-1.12,0.06,1.0,low_confidence_uninterpretable
-0.0342000091075896,,,,,,,,,,,-1.12,0.06,1.0,low_confidence_uninterpretable
-0.0332000091075896,,,,,,,,,,,-1.12,0.06,1.0,low_confidence_uninterpretable
-0.0322000091075896,,,,,,,,,,,-1.12,0.06,1.0,low_confidence_uninterpretable
-0.0312000091075896,,,,,,,,,,,-1.12,0.06,1.0,low_confidence_uninterpretable
-0.0302000091075896,,,,,,,,,,,-1.12,0.06,1.0,low_confidence_uninterpretable
-0.0292000091075896,,,,,,,,,,,-1.12,0.06,1.0,low_confidence_uninterpretable
-0.0282000091075896,,,,,,,,,,,-1.12,0.06,1.0,low_confidence_uninterpretable
-0.0272000091075896,,,,,,,,,,,-1.12,0.06,1.0,low_confidence_uninterpretable
-0.0262000091075896,,,,,,,,,,,-1.12,0.06,1.0,low_confidence_uninterpretable
-0.0252000091075896,,,,,,,,,,,-1.12,0.06,1.0,low_confidence_uninterpretable
-0.0242000091075896,,,,,,,,,,,-1.12,0.06,1.0,low_confidence_uninterpretable
-0.0232000091075896,,,,,,,,,,,-1.12,0.06,1.0,low_confidence_uninterpretable
-0.0222000091075896,,,,,,,,,,,-1.12,0.06,1.0,low_confidence_uninterpretable
-0.0212000091075896,,,,,,,,,,,-1.12,0.06,1.0,low_confidence_uninterpretable
-0.0202000091075896,,,,,,,,,,,-1.12,0.06,1.0,low_confidence_uninterpretable
-0.0192000091075896,,,,,,,,,,,-1.12,0.06,1.0,low_confidence_uninterpretable
-0.0182000091075896,,,,,,,,,,,-1.12,0.06,1.0,low_confidence_uninterpretable
-0.0172000091075896,,,,,,,,,,,-1.12,0.06,1.0,low_confidence_uninterpretable
-0.0162000091075896,,,,,,,,,,,-1.12,0.06,1.0,low_confidence_uninterpretable
-0.0152000091075896,,,,,,,,,,,-1.12,0.06,1.0,low_confidence_uninterpretable
-0.0142000091075896,,,,,,,,,,,-1.12,0.06,1.0,low_confidence_uninterpretable
-0.0132000091075896,,,,,,,,,,,-1.12,0.06,1.0,low_confidence_uninterpretable
-0.0122000091075896,,,,,,,,,,,-1.12,0.06,1.0,low_confidence_uninterpretable
-0.0112000091075896,,,,,,,,,,,-1.12,0.06,1.0,low_confidence_uninterpretable
-0.0102000091075896,,,,,,,,,,,-1.12,0.06,1.0,low_confidence_uninterpretable
-0.0092000091075896,-0.0048828125,0.0002288818356055,-3.814697256889972e-05,9.536743151830013e-05,,,,-0.366126537322998,1.1771082865167565e+18,-0.089563357220345,-0.4087011209245583,0.6277777777777778,0.4222222222222222,confidence_negative_leakage_margin
-0.0082000091075896,-0.0048828125,1.907348641693112e-05,-1.907348631036378e-05,5.328366972634762e-14,,,,-1.0981959104537964,1.2494421328511631e+18,0.0987088671849901,-0.3128607268087934,0.6277777777777778,0.4222222222222222,confidence_negative_leakage_margin
-0.0072000091075896,-0.0048828125,0.0003433227537618,-1.907348629202022e-05,0.0001621246337348899,,,,-0.366126537322998,1.12736280706338e+18,-0.0878773142226289,-0.4075889504564731,0.6277777777777778,0.4222222222222222,confidence_negative_leakage_margin
-0.0062000091075896,-0.0048828125,0.0003051757808831,-0.0001525878905149,7.629394518410001e-05,,,,0.366126537322998,1.2890781526429532e+18,-0.2799839386772733,-0.5059914715732723,0.6277777777777778,0.4222222222222222,confidence_negative_leakage_margin
-0.0052000091075896,-0.0048828125,0.0002288818357138,0.0001525878905318,0.0001907348631228,,,,-0.366126537322998,1.4858593979334656e+18,-0.0860309083827542,-0.4065058402693822,0.6277777777777778,0.4222222222222222,confidence_negative_leakage_margin
-0.0042000091075896,-0.0048828125,0.0001907348631487,0.0002670288086316,0.00022888183589015,,,,-0.366126537322998,1.1410651958466314e+18,-0.0871348117827895,-0.4071107978714396,0.6277777777777778,0.4222222222222222,confidence_negative_leakage_margin
-0.0032000091075896,-0.0048828124975402,-0.0001335144038356,0.0003147125243468,9.059906025560001e-05,,,,0.366126537322998,1.288281419029676e+18,-0.2817594089393241,-0.5071452671001422,0.6277777777777778,0.4222222222222222,confidence_negative_leakage_margin
-0.0022000091075896,-0.002441406252497,0.0003814697262503,1.950822587238471e-14,0.00019073486313490412,,,,-0.366126537322998,1.5219221423739372e+18,-0.0860634252699956,-0.4065387511819977,0.6277777777777778,0.4222222222222222,confidence_negative_leakage_margin
-0.0012000091075896,0.029296875,0.0001144409183845,-3.814697261665121e-05,3.814697288392439e-05,,,,-1.0981959104537964,1.6078313838985871e+18,0.0886881370304891,-0.3194912199702556,0.6277777777777778,0.4222222222222222,confidence_negative_leakage_margin
-0.0002000091075896,0.0244140625025715,0.0001144409181294,-0.0001525878907857,-1.9073486328150004e-05,,,,0.366126537322998,1.6380400535548723e+18,-0.2923251788577591,-0.5141272181042081,0.6277777777777778,0.4222222222222222,confidence_negative_leakage_margin
0.0007999908924103,0.0122070312473911,0.0004959106445006,-1.9073486328125e-05,0.00023841857908623752,,,,-0.366126537322998,1.7490526573701366e+18,-0.0889894600376178,-0.4085148347273385,0.6277777777777778,0.4222222222222222,confidence_negative_leakage_margin
0.0017999908924103,0.1513671874973538,7.629394509543457e-05,-0.0003814697261283,-0.0001525878905164327,,,,0.366126537322998,1.577374911809192e+18,-0.3440896835528164,-0.5477543382304747,0.6277777777777778,0.4222222222222222,confidence_negative_leakage_margin
0.0027999908924103,0.2880859374973166,1.4465206376462758e-12,5.722045825063272e-05,2.861022984857668e-05,,,,0.366126537322998,1.9778896144126444e+18,-0.3908903861863573,-0.5783055679887215,0.6277777777777778,0.4222222222222222,confidence_negative_leakage_margin
0.0037999908924103,0.659179687508162,-0.0020313262916072,0.0006103515608846,-0.0007104873653613001,,,,-1.0981959104537964,1.3305728968414986e+19,-0.1104803287850672,-0.4527702322320072,0.6277777777777778,0.4222222222222222,confidence_negative_leakage_margin
0.0047999908924103,0.5297851562444841,-0.0002956390377519,-0.0002002716067146,-0.00024795532223325,,,,-0.366126537322998,2.5021575118182154e+19,-0.1844529343221385,-0.4781648618986113,0.6277777777777778,0.4222222222222222,confidence_negative_leakage_margin
0.0057999908924103,0.48095703125,7.629394511596187e-05,-0.0004959106447714,-0.00020980834982771906,28.18267543389591,1.8095825530500166e+17,9.047912765250085e+16,1.0981959104537964,3.175932959663535e+19,-0.3127304404262891,-0.3635970041167967,0.8888888888888888,0.0111111111111111,confidence_negative_leakage_margin
0.0067999908924103,0.5004882812783248,0.0001335144046288,-0.0004959106444427,-0.00018119811990694997,23.218938126860948,1.7144362378464454e+17,8.572181189232229e+16,-0.366126537322998,3.3605048979857342e+19,-0.0998591504391934,-0.160226523635391,0.8888888888888888,0.0111111111111111,confidence_boundary_ambiguous_margin
0.0077999908924103,0.270996093738521,5.72204589395352e-05,-0.000696182250629,-0.0003194808958447324,18.25520081982599,1.6192899226428746e+17,8.096449613214374e+16,0.366126537322998,4.093440448572844e+19,-0.1168574887658771,-0.1886700921975158,0.8888888888888888,0.0111111111111111,confidence_boundary_ambiguous_margin
0.0087999908924103,0.2685546874622088,0.0002670288081281,-0.0004196166994685,-7.629394567019998e-05,13.291463512791031,1.5241436074393034e+17,7.620718037196517e+16,-0.366126537322998,4.810015925845623e+19,0.0304286422993961,-0.0498473961505181,0.8888888888888888,0.0111111111111111,confidence_boundary_ambiguous_margin
0.0097999908924103,0.2197265625235543,-0.0001716613768151,-0.0006103515622699,-0.0003910064695425,8.327726205756072,1.4289972922357325e+17,7.144986461178663e+16,-0.366126537322998,5.215838630783327e+19,0.0980968502048892,0.0207499597168525,0.8888888888888888,0.0111111111111111,confidence_boundary_ambiguous_margin
0.0107999908924103,0.749511718723166,0.0001335144041804,-0.0005340576171875,-0.00020027160650354999,3.363988898721111,1.3338509770321613e+17,6.669254885160806e+16,0.366126537322998,5.536075350614947e+19,-0.1060824534916469,-0.1491484681053659,0.8888888888888888,0.0111111111111111,confidence_boundary_ambiguous_margin
0.0117999908924103,0.3491210937530188,-5.722045907871329e-05,-0.0004577636714976,-0.00025749206528815667,3.925965402560801,1.613845892316921e+17,8.069229461584605e+16,0.366126537322998,5.626361088222796e+19,0.003035195482567,-0.0616765434371682,0.8888888888888888,0.0111111111111111,confidence_boundary_ambiguous_margin
0.0127999908924103,0.4467773437530561,0.0001144409183746,-0.0003814697262043,-0.00013351440391485,4.487941906400492,1.8938408076016803e+17,9.469204038008402e+16,-0.366126537322998,5.706669417515555e+19,0.0871494721930741,0.0220400588220534,0.8888888888888888,0.0111111111111111,confidence_boundary_ambiguous_margin
0.0137999908924103,0.3100585937561867,0.0002670288088354,8.58306884765625e-05,0.00017642974865598126,5.049918410240183,2.17383572288644e+17,1.08691786144322e+17,-0.366126537322998,5.548049472046078e+19,0.1186212321602658,0.0455822254754949,0.8888888888888888,0.0111111111111111,confidence_boundary_ambiguous_margin
0.0147999908924103,1.6943359374593017,0.0002288818354972,-0.0002670288086671,-1.907348658495001e-05,5.6118949140798735,2.4538306381712e+17,1.2269153190856e+17,0.366126537322998,5.21938873392709e+19,-0.1902893951132662,-0.2204358060858492,0.8888888888888888,0.0111111111111111,confidence_negative_leakage_margin
0.0157999908924103,0.4565429687278247,0.0005340576166925,-0.000324249267343,0.00010490417467475002,6.173871417919564,2.733825553455959e+17,1.3669127767279795e+17,-0.366126537322998,5.292723080867191e+19,0.0547769673682607,-0.0109868046880503,0.8888888888888888,0.0111111111111111,confidence_boundary_ambiguous_margin
0.0167999908924103,0.32958984375,3.814697285657329e-05,1.907348642828665e-05,2.861022964242997e-05,6.884828005708,2.7217884131039232e+17,1.3608942065519616e+17,0.366126537322998,5.2690567527862895e+19,-0.0264447576843057,-0.0945679760289327,0.8888888888888888,0.0111111111111111,confidence_boundary_ambiguous_margin
0.0177999908924103,0.3149414062759395,0.0001525878905236,-9.53674284741776e-06,7.152557383809112e-05,7.595784593496437,2.709751272751888e+17,1.354875636375944e+17,-1.0981959104537964,5.2432103130498335e+19,0.1810045914317724,0.1017874253250338,0.8888888888888888,0.0111111111111111,confidence_boundary_ambiguous_margin
0.0187999908924103,0.2612304687827971,9.536743228119364e-05,-0.0003242492669631,-0.00011444091734095317,8.306741181284874,2.6977141323998515e+17,1.3488570661999258e+17,-0.366126537322998,5.276917381315586e+19,0.0823272665540804,0.0043612684575232,0.8888888888888888,0.0111111111111111,confidence_boundary_ambiguous_margin
0.0197999908924103,0.2832031250597057,0.0026130676237916,9.53674315758402e-05,0.00135421752768372,9.01769776907331,2.685676992047816e+17,1.342838496023908e+17,0.366126537322998,5.315800950324907e+19,-0.0037138302982964,-0.0829495926618359,0.8888888888888888,0.0111111111111111,confidence_boundary_ambiguous_margin
0.0207999908924103,0.310058593736583,0.0002479553224228,0.0001525878904939,0.00020027160645835,9.728654356861746,2.67363985169578e+17,1.33681992584789e+17,1.0981959104537964,5.375766555285206e+19,-0.1434924233426193,-0.2130198314857211,0.8888888888888888,0.0111111111111111,confidence_negative_leakage_margin
0.0217999908924103,0.3222656249660848,0.0002956390380991,5.722045927583373e-05,0.00017642974868746687,10.34032705309254,2.7275701945813075e+17,1.3637850972906538e+17,-0.366126537322998,5.530747996876046e+19,0.0653307204812347,-0.0147848995766595,0.8888888888888888,0.0111111111111111,confidence_boundary_ambiguous_margin
0.0227999908924103,0.3076171874862848,7.629394560716157e-05,0.0004005432125423,0.00023841857907473077,10.951999749323331,2.781500537466835e+17,1.3907502687334174e+17,0.366126537322998,5.547989218808876e+19,-0.0387353449535652,-0.1161424725531146,0.8888888888888888,0.0111111111111111,confidence_boundary_ambiguous_margin
0.0237999908924103,0.2978515625485248,7.629394577283593e-05,-3.814697262917141e-05,1.907348657183226e-05,11.563672445554127,2.8354308803523622e+17,1.4177154401761811e+17,0.366126537322998,5.546270022427686e+19,-0.0432233493024752,-0.1215396665660304,0.8888888888888888,0.0111111111111111,confidence_boundary_ambiguous_margin
0.0247999908924103,0.3027343750525499,0.0002861022947576,0.0001239776607633,0.00020503997776044998,12.17534514178492,2.88936122323789e+17,1.444680611618945e+17,-1.0981959104537964,5.5469187342880735e+19,0.1650922665191864,0.0759788309229735,0.8888888888888888,0.0111111111111111,confidence_boundary_ambiguous_margin
0.0257999908924103,0.3076171874964594,0.000514984130638,0.0001716613770361,0.00034332275383705,12.787017838015714,2.9432915661234176e+17,1.4716457830617088e+17,1.0981959104537964,5.65626648508435e+19,-0.1479606807348764,-0.2250469265928149,0.8888888888888888,0.0111111111111111,confidence_negative_leakage_margin
0.0267999908924103,0.3320312500214672,0.0001716613774562,3.814697251648957e-05,0.00010490417498634479,12.325714135367468,3.340657694618198e+17,1.670328847309099e+17,-0.366126537322998,5.79024769438932e+19,0.0575146480455789,-0.0277227815270767,0.8888888888888888,0.0111111111111111,confidence_boundary_ambiguous_margin
0.0277999908924103,0.3247070311849275,-0.0001335144026022,0.0004959106435003,0.00018119812044905002,11.864410432719222,3.7380238231129786e+17,1.8690119115564893e+17,-1.0981959104537964,5.733068691698457e+19,0.163668769015473,0.0734238480331653,0.8888888888888888,0.0111111111111111,confidence_boundary_ambiguous_margin
0.0287999908924103,0.302734375018262,0.0001525878902825,7.62939453125e-05,0.0001144409177975,11.403106730070975,4.135389951607759e+17,2.0676949758038794e+17,-0.366126537322998,5.76331053911811e+19,0.067056748240878,-0.0201305392706905,0.8888888888888888,0.0111111111111111,confidence_boundary_ambiguous_margin
0.0297999908924103,0.2954101562795174,0.0001144409188046,0.0001716613771549,0.00014305114797975,10.941803027422733,4.53275608010254e+17,2.26637804005127e+17,0.366126537322998,5.770840434549772e+19,-0.0340683955608961,-0.1173452041830172,0.8888888888888888,0.0111111111111111,confidence_boundary_ambiguous_margin
0.0307999908924103,0.3662109374068263,0.0002670288091469,8.583068849112088e-05,0.00017642974881901043,10.480499324774485,4.93012220859732e+17,2.46506110429866e+17,-0.366126537322998,6.02139846370132e+19,-0.0279735135556989,-0.0279735135556988,1.0,0.0,confidence_boundary_ambiguous_margin
0.0317999908924103,0.3588867187650568,0.0005149841305947,0.0001335144042674,0.00032424926743105,11.515207542870858,5.06568068261638e+17,2.53284034130819e+17,-0.366126537322998,6.0580676162923e+19,-0.035341743316182,-0.035341743316182,1.0,0.0,confidence_boundary_ambiguous_margin
0.0327999908924103,0.339355468734794,0.0004577636722313,0.0001716613771907,0.000314712524711,12.54991576096723,5.20123915663544e+17,2.60061957831772e+17,-0.366126537322998,5.987825535854156e+19,-0.0462420260149063,-0.0462420260149062,1.0,0.0,confidence_boundary_ambiguous_margin
0.0337999908924103,0.35400390625,0.0008201599120493,0.0002479553224155,0.0005340576172324001,13.5846239790636,5.3367976306544986e+17,2.6683988153272493e+17,-1.0981959104537964,6.053092985883591e+19,0.0489782384567688,0.0489782384567688,1.0,0.0,confidence_boundary_ambiguous_margin
0.0347999908924103,0.3369140625310082,0.0005722045897226,0.0002574920652782,0.00041484832750039995,14.619332197159974,5.4723561046735584e+17,2.7361780523367792e+17,0.366126537322998,6.258289123514961e+19,-0.1614474365206831,-0.1614474365206831,1.0,0.0,confidence_boundary_ambiguous_margin
0.0357999908924103,0.3417968750782658,0.0003433227542119,0.0004577636715387,0.0004005432128753,15.654040415256349,5.607914578692618e+17,2.803957289346309e+17,-0.366126537322998,6.426849533708835e+19,-0.0526581284802026,-0.0526581284802026,1.0,0.0,confidence_boundary_ambiguous_margin
0.0367999908924103,0.3637695312816045,0.0004196166995582,0.0001907348630652,0.0003051757813117,14.25371669748734,5.98255630455853e+17,2.991278152279265e+17,0.366126537322998,6.553955276902996e+19,-0.1603380709893603,-0.1603380709893603,1.0,0.0,confidence_boundary_ambiguous_margin
0.0377999908924103,0.3686523437340486,0.0007629394528446,0.0005054473872747,0.00063419342005965,12.853392979718333,6.357198030424443e+17,3.1785990152122214e+17,-0.366126537322998,6.717211203199828e+19,-0.0340057936256221,-0.0340057936256221,1.0,0.0,confidence_boundary_ambiguous_margin
0.0387999908924103,0.3857421875161004,0.0007057189945179,0.0002670288086566,0.00048637390158725,11.453069261949327,6.731839756290355e+17,3.3659198781451776e+17,-0.366126537322998,6.668385410247505e+19,-0.0331741930144435,-0.0331741930144434,1.0,0.0,confidence_boundary_ambiguous_margin
0.0397999908924103,0.3955078124756258,0.0008964538566601,0.0002670288085461,0.0005817413326031,10.05274554418032,7.106481482156268e+17,3.553240741078134e+17,0.366126537322998,6.713514205302594e+19,-0.1294700639394492,-0.1294700639394492,1.0,0.0,confidence_boundary_ambiguous_margin
0.0407999908924103,0.410156249987701,0.0004005432135311,0.0002670288086578,0.00033378601109445,8.652421826411313,7.48112320802218e+17,3.74056160401109e+17,-0.366126537322998,6.741047295876058e+19,-0.0234086340372142,-0.0234086340372142,1.0,0.0,confidence_boundary_ambiguous_margin
0.0417999908924103,0.4199218749917262,0.00051498413073,0.0003433227539708,0.00042915344235039995,8.969046422743293,7.356818793698696e+17,3.678409396849348e+17,-0.366126537322998,6.784927925331296e+19,-0.0266021643432219,-0.0266021643432219,1.0,0.0,confidence_boundary_ambiguous_margin
0.0427999908924103,0.4541015624707807,0.0009727478002885,0.0001907348640639,0.0005817413321761999,9.285671019075272,7.23251437937521e+17,3.616257189687605e+17,-0.366126537322998,6.850651452783932e+19,-0.0327505757263383,-0.0327505757263383,1.0,0.0,confidence_boundary_ambiguous_margin
0.0437999908924103,0.48583984375,0.0008392333977465,0.000104904174854,0.00047206878630025003,9.602295615407252,7.108209965051726e+17,3.554104982525863e+17,-0.366126537322998,6.819632030741116e+19,-0.0423101910249847,-0.0423101910249848,1.0,0.0,confidence_boundary_ambiguous_margin
0.0447999908924103,0.4882812499787564,0.0008201599116114,7.629394581039654e-05,0.00044822692871089825,9.91892021173923,6.98390555072824e+17,3.49195277536412e+17,0.366126537322998,6.862745640884817e+19,-0.145764844056344,-0.145764844056344,1.0,0.0,confidence_boundary_ambiguous_margin
0.0457999908924103,0.471191406237142,0.0005531311040848,0.000238418578683,0.0003957748413839,10.23554480807121,6.859601136404756e+17,3.429800568202378e+17,1.0981959104537964,6.9451505189494194e+19,-0.244918625012615,-0.244918625012615,1.0,0.0,confidence_negative_leakage_margin
0.0467999908924103,0.5102539062543232,0.0005340576175252,0.0003433227537035,0.00043869018561435,9.15160415177802,6.900240204626743e+17,3.4501201023133715e+17,0.366126537322998,6.9628504571333575e+19,-0.1392474847272989,-0.1392474847272989,1.0,0.0,confidence_boundary_ambiguous_margin
0.0477999908924103,0.4980468749869184,0.000648498535565,0.0002670288090025,0.00045776367228374997,8.067663495484828,6.94087927284873e+17,3.470439636424365e+17,0.366126537322998,6.987416625530431e+19,-0.1279919762349274,-0.1279919762349275,1.0,0.0,confidence_boundary_ambiguous_margin
0.0487999908924103,0.4663085937675912,0.0006675720218623,0.000391006469297,0.00052928924557965,6.983722839191637,6.981518341070717e+17,3.490759170535359e+17,-1.0981959104537964,6.93541500319244e+19,0.0950222859460797,0.0950222859460798,1.0,0.0,confidence_boundary_ambiguous_margin
0.0497999908924103,0.4516601562633052,0.0008773803708858,0.0003433227538716,0.0006103515623787,5.899782182898446,7.022157409292704e+17,3.511078704646352e+17,1.0981959104537964,7.015162581555033e+19,-0.2055108753445635,-0.2055108753445635,1.0,0.0,confidence_negative_leakage_margin
0.0507999908924103,0.466308593723166,0.0007629394535442,0.0002861022949917,0.00052452087426795,4.815841526605254,7.06279647751469e+17,3.531398238757345e+17,0.366126537322998,7.125529359727932e+19,-0.1008082822348377,-0.1008082822348377,1.0,0.0,confidence_boundary_ambiguous_margin
0.0517999908924103,0.4321289062545096,0.0008583068845894,0.0004386901854059,0.00064849853499765,6.017682692781364,6.768177678177591e+17,3.3840888390887955e+17,1.0981959104537964,7.427520343803586e+19,-0.1903818725182323,-0.1903818725182324,1.0,0.0,confidence_boundary_ambiguous_margin
0.0527999908924103,0.4345703125,0.0033378601034788,-0.0006675720192819,0.00133514404209845,7.219523858957473,6.473558878840492e+17,3.236779439420246e+17,-0.366126537322998,7.535290075511679e+19,0.0261721558455401,0.0261721558455401,1.0,0.0,confidence_boundary_ambiguous_margin
0.0537999908924103,0.4418945312270793,0.0010681152336587,0.0005245208735041,0.0007963180535814,8.421365025133582,6.178940079503393e+17,3.0894700397516966e+17,0.366126537322998,7.50044787144141e+19,-0.1024927491707385,-0.1024927491707385,1.0,0.0,confidence_boundary_ambiguous_margin
0.0547999908924103,0.4687499999722715,0.0007438659667246,0.0006008148189568,0.0006723403928407001,9.623206191309691,5.884321280166294e+17,2.942160640083147e+17,0.366126537322998,7.45400362067485e+19,-0.1203689184009108,-0.1203689184009108,1.0,0.0,confidence_boundary_ambiguous_margin
0.0557999908924103,0.4174804687826107,0.0008392333985466,0.0002384185796656,0.0005388259891061,10.8250473574858,5.589702480829194e+17,2.794851240414597e+17,1.0981959104537964,7.585476184249886e+19,-0.2207910895997073,-0.2207910895997073,1.0,0.0,confidence_negative_leakage_margin
0.0567999908924103,0.4101562500187838,0.0009536743155257,0.000343322754163,0.00064849853484435,11.034981646852634,5.856494635514528e+17,2.928247317757264e+17,0.366126537322998,7.687687664777245e+19,-0.1116285354596161,-0.1116285354596161,1.0,0.0,confidence_boundary_ambiguous_margin
0.0577999908924103,0.3955078125094664,0.0027847289955121,-0.0009536743109334,0.00091552734228935,11.244915936219469,6.123286790199862e+17,3.061643395099931e+17,-0.366126537322998,7.693159714246361e+19,0.0018626482932306,0.0018626482932306,1.0,0.0,confidence_boundary_ambiguous_margin
0.0587999908924103,0.4125976562547705,0.0006866455076261,0.0002479553219301,0.00046730041477809997,11.454850225586302,6.390078944885194e+17,3.195039472442597e+17,-0.366126537322998,7.767886042907227e+19,-0.0113393306482507,-0.0113393306482507,1.0,0.0,confidence_boundary_ambiguous_margin
0.0597999908924103,0.4248046874663457,0.0008392333986628,0.0005722045892427,0.00070571899395275,11.664784514953135,6.656871099570528e+17,3.328435549785264e+17,1.0981959104537964,7.831365687029898e+19,-0.2208339984476651,-0.2208339984476651,1.0,0.0,confidence_negative_leakage_margin
0.0607999908924103,0.4199218749903099,0.0008201599120336,0.0004577636721399,0.00063896179208675,11.874718804319969,6.923663254255862e+17,3.461831627127931e+17,-0.366126537322998,7.972871953915367e+19,-0.0081019751696204,-0.0081019751696204,1.0,0.0,confidence_boundary_ambiguous_margin
0.0617999908924103,0.4248046874902354,0.0007820129401015,0.0001811981206511,0.00048160553037630003,11.170898917314934,6.826656209925568e+17,3.413328104962784e+17,-1.0981959104537964,7.94829303118341e+19,0.1048194238740682,0.1048194238740681,1.0,0.0,confidence_boundary_ambiguous_margin
0.0627999908924104,0.4321289062549195,0.0009918212891009,-3.814697280998648e-05,0.0004768371581454568,10.4670790303099,6.729649165595276e+17,3.364824582797638e+17,-1.0981959104537964,7.863320133760975e+19,0.1125710376083518,0.1125710376083518,1.0,0.0,confidence_boundary_ambiguous_margin
0.0637999908924104,0.4321289062599137,0.0008773803710162,0.0003051757813855,0.00059127807620085,9.763259143304868,6.632642121264982e+17,3.316321060632491e+17,1.0981959104537964,7.919407541307782e+19,-0.1880887268108567,-0.1880887268108567,1.0,0.0,confidence_boundary_ambiguous_margin
0.0647999908924104,0.4174804687300236,0.0009346008296099,0.0003814697269916,0.00065803527830075,9.059439256299834,6.535635076934689e+17,3.2678175384673446e+17,-2.562020778656006,8.131073205356986e+19,0.1491827545894036,0.1491827545894037,1.0,0.0,confidence_boundary_ambiguous_margin
0.0657999908924104,0.4248046874899372,0.0005340576175412,0.0002670288090261,0.00040054321328365,8.3556193692948,6.438628032604396e+17,3.219314016302198e+17,1.0981959104537964,8.259450423797508e+19,-0.1553670741815249,-0.155367074181525,1.0,0.0,confidence_boundary_ambiguous_margin
0.0667999908924104,0.44677734375,0.0008201599122677,0.0002193450928922,0.0005197525025799499,9.323344465051049,6.738273045236515e+17,3.369136522618257e+17,1.0981959104537964,8.479966716645658e+19,-0.1642865105826048,-0.1642865105826048,1.0,0.0,confidence_boundary_ambiguous_margin
0.0677999908924104,0.4418945312346822,0.0008964538573022,0.0005531311036951,0.00072479248049865,10.291069560807296,7.037918057868634e+17,3.518959028934317e+17,-1.0981959104537964,8.459649500982962e+19,0.1397197705267834,0.1397197705267834,1.0,0.0,confidence_boundary_ambiguous_margin
0.0687999908924104,0.4516601562448568,-0.0006675720182297,0.0012016296375668,0.00026702880966854997,11.258794656563545,7.337563070500754e+17,3.668781535250377e+17,-0.366126537322998,8.545735104172707e+19,0.0129478798582868,0.0129478798582868,1.0,0.0,confidence_boundary_ambiguous_margin
0.0697999908924104,0.4589843750051804,0.0007629394530845,0.0007438659661897,0.0007534027096371,12.226519752319792,7.637208083132873e+17,3.8186040415664365e+17,0.366126537322998,8.81008672659703e+19,-0.0897559197162356,-0.0897559197162356,1.0,0.0,confidence_boundary_ambiguous_margin
0.0707999908924104,0.4541015624582582,0.0016784667942661,0.0001525878921332,0.00091552734319965,13.19424484807604,7.936853095764992e+17,3.968426547882496e+17,-0.366126537322998,8.65807176737793e+19,0.0015669108074163,0.0015669108074163,1.0,0.0,confidence_boundary_ambiguous_margin
0.0717999908924104,0.476074218734235,0.0011253356933183,0.0002574920657375,0.0006914138795279,13.159587803438471,7.830970172248712e+17,3.915485086124356e+17,-0.366126537322998,8.81413029055934e+19,0.0041132766862732,0.0041132766862732,1.0,0.0,confidence_boundary_ambiguous_margin
0.0727999908924104,0.434570312521169,0.0010681152347057,0.0002956390382306,0.00068187713646815,13.124930758800906,7.72508724873243e+17,3.862543624366215e+17,-0.366126537322998,8.675821403487443e+19,0.0133375458947746,0.0133375458947746,1.0,0.0,confidence_boundary_ambiguous_margin
0.0737999908924104,0.4638671874893409,0.0010871887207447,0.000724792479865,0.0009059906003048501,13.09027371416334,7.61920432521615e+17,3.809602162608075e+17,-1.0981959104537964,8.62547080780972e+19,0.1189840160941275,0.1189840160941275,1.0,0.0,confidence_boundary_ambiguous_margin
0.0747999908924104,0.4833984374570655,0.0009536743173286,0.0002098083501334,0.000581741333731,13.055616669525772,7.513321401699868e+17,3.756660700849934e+17,0.366126537322998,8.720199452003087e+19,-0.0900540999957539,-0.0900540999957539,1.0,0.0,confidence_boundary_ambiguous_margin
0.0757999908924104,0.4541015625162122,0.0012207031251266,0.0003719329831662,0.0007963180541463999,13.020959624888206,7.407438478183588e+17,3.703719239091794e+17,0.366126537322998,8.811197673145736e+19,-0.0725132342400981,-0.0725132342400981,1.0,0.0,confidence_boundary_ambiguous_margin
0.0767999908924104,0.4711914062391173,0.0010871887209581,0.0001907348637913,0.0006389617923747001,12.410798766418248,7.085680461110108e+17,3.542840230555054e+17,-0.366126537322998,8.771771825001595e+19,0.0410903588957231,0.0410903588957231,1.0,0.0,confidence_boundary_ambiguous_margin
0.0777999908924104,0.5004882812390428,0.0012779235857392,0.000686645507577,0.0009822845466581,11.800637907948287,6.763922444036628e+17,3.381961222018314e+17,-0.366126537322998,8.87072171423632e+19,0.0580497301426148,0.0580497301426148,1.0,0.0,confidence_boundary_ambiguous_margin
0.0787999908924104,0.4858398437444841,0.0009536743167509,0.0004768371575998,0.00071525573717535,11.190477049478329,6.442164426963149e+17,3.2210822134815744e+17,1.0981959104537964,9.067906370343064e+19,-0.1309404164137216,-0.1309404164137216,1.0,0.0,confidence_boundary_ambiguous_margin
0.0797999908924104,0.4931640624888937,0.0012779235836373,0.0004863739009116,0.0008821487422744499,10.58031619100837,6.120406409889669e+17,3.0602032049448346e+17,0.366126537322998,9.263030101854704e+19,-0.0030399172219065,-0.0030399172219065,1.0,0.0,confidence_boundary_ambiguous_margin
0.0807999908924104,0.4858398437555904,0.0012779235839406,0.0004482269288419,0.00086307525639125,9.970155332538411,5.79864839281619e+17,2.899324196408095e+17,1.0981959104537964,9.352032489490612e+19,-0.0884994163244108,-0.0884994163244108,1.0,0.0,confidence_boundary_ambiguous_margin
0.0817999908924104,0.4956054687556276,-0.0011444091732684,0.0008583068831828,-0.00014305114504279998,9.77850976492723,6.251283320768123e+17,3.1256416603840614e+17,-0.366126537322998,9.27993355381548e+19,0.0894003981824926,0.0894003981824926,1.0,0.0,confidence_boundary_ambiguous_margin
0.0827999908924104,0.498046874994335,0.0013351440427032,0.0003051757813385,0.00082015991202085,9.58686419731605,6.703918248720056e+17,3.351959124360028e+17,-0.366126537322998,9.346718769695896e+19,0.0970518956667676,0.0970518956667677,1.0,0.0,confidence_boundary_ambiguous_margin
0.0837999908924104,0.5053710937671066,0.00120162963885,0.0028419494624451,0.00202178955064755,9.395218629704868,7.15655317667199e+17,3.578276588335995e+17,0.366126537322998,9.62159051937478e+19,0.0016562386688983,0.0016562386688983,1.0,0.0,confidence_boundary_ambiguous_margin
0.0847999908924104,0.4956054687672185,0.0014495849602649,0.0050735473635951,0.00326156616193,9.203573062093689,7.609188104623923e+17,3.8045940523119616e+17,-1.0981959104537964,9.75588486959134e+19,0.2214771766387294,0.2214771766387294,1.0,0.0,confidence_positive_boundary_margin
0.0857999908924104,0.4907226562615535,0.0018501281737378,0.0064468383785,0.0041484832761189,9.011927494482508,8.061823032575857e+17,4.030911516287928e+17,-2.562020778656006,9.876384307121172e+19,0.2297500354112207,0.2297500354112208,1.0,0.0,confidence_positive_boundary_margin
0.0867999908924104,0.5224609374534878,0.0011634826662881,0.007114410400118,0.00413894653320305,10.097795593219308,8.010256316721541e+17,4.0051281583607706e+17,-1.0981959104537964,1.0060920181461982e+20,0.2175487099102694,0.2175487099102695,1.0,0.0,confidence_positive_boundary_margin
0.0877999908924104,0.5224609374648922,0.0014495849600232,0.009555816649842,0.0055027008049326,11.18366369195611,7.958689600867226e+17,3.979344800433613e+17,0.366126537322998,1.0035944554934724e+20,0.0153693360085939,0.0153693360085939,1.0,0.0,confidence_boundary_ambiguous_margin
0.0887999908924104,0.50048828125,0.0012969970706805,0.0097846984872482,0.005540847778964349,12.269531790692913,7.90712288501291e+17,3.953561442506455e+17,0.366126537322998,1.0110202051837506e+20,0.0153947172773949,0.0153947172773949,1.0,0.0,confidence_boundary_ambiguous_margin
0.0897999908924104,0.5102539062796292,0.0009918212904513,0.0106430053701215,0.0058174133302864,13.355399889429714,7.855556169158595e+17,3.927778084579297e+17,-0.366126537322998,1.0011367391421371e+20,0.11064468989481,0.11064468989481,1.0,0.0,confidence_boundary_ambiguous_margin
0.0907999908924104,0.5102539062440369,0.0014495849600989,0.0102615356449971,0.005855560302548,14.441267988166516,7.803989453304279e+17,3.9019947266521395e+17,-1.0981959104537964,9.894394307584144e+19,0.2080388974414587,0.2080388974414587,1.0,0.0,confidence_positive_boundary_margin
0.0917999908924104,0.5102539062199981,0.0016593933101249,0.0100898742671562,0.00587463378864055,15.336593600842615,7.76352298005069e+17,3.881761490025345e+17,0.366126537322998,9.97036792223556e+19,0.0090211958173215,0.0090211958173215,1.0,0.0,confidence_boundary_ambiguous_margin
0.0927999908924104,0.5590820311835858,0.0013732910156721,0.0103950500492526,0.00588417053246235,16.231919213518715,7.723056506797101e+17,3.8615282533985504e+17,-2.562020778656006,1.003947970472035e+20,0.2186713703474863,0.2186713703474863,1.0,0.0,confidence_positive_boundary_margin
0.0937999908924104,0.5566406249635505,0.0016021728541253,0.010623931884291,0.00611305236920815,17.12724482619482,7.682590033543512e+17,3.841295016771756e+17,0.366126537322998,1.0083783866054608e+20,0.0214546114790792,0.0214546114790792,1.0,0.0,confidence_boundary_ambiguous_margin
0.0947999908924104,0.5419921875122243,0.0016784667964929,0.0111389160155294,0.006408691406011149,18.02257043887092,7.642123560289923e+17,3.821061780144961e+17,1.0981959104537964,1.0210872456867376e+20,-0.0653504402305442,-0.0653504402305442,1.0,0.0,confidence_boundary_ambiguous_margin
0.0957999908924104,0.5297851562745979,0.0012969970738676,0.0119209289530122,0.0066089630134399,18.91789605154701,7.601657087036334e+17,3.800828543518167e+17,-0.366126537322998,1.021018548200234e+20,0.1510731734482059,0.1510731734482059,1.0,0.0,confidence_boundary_ambiguous_margin
0.0967999908924104,0.5297851562685602,0.001373291015915,0.0111961364749477,0.00628471374543135,17.755603102426257,7.317867634521727e+17,3.6589338172608634e+17,-0.366126537322998,1.0268668065679096e+20,0.1607430377426993,0.1607430377426993,1.0,0.0,confidence_boundary_ambiguous_margin
0.0977999908924104,0.524902343762448,0.0020599365183805,0.0120925903342679,0.0070762634263242,16.59331015330549,7.03407818200712e+17,3.51703909100356e+17,0.366126537322998,1.0350216644087983e+20,0.078540059309337,0.078540059309337,1.0,0.0,confidence_boundary_ambiguous_margin
0.0987999908924104,0.5004882813689641,0.0018119812009762,0.0117683410642574,0.0067901611326168,15.43101720418473,6.750288729492513e+17,3.3751443647462566e+17,-0.366126537322998,1.0382215071284172e+20,0.1982219358125971,0.1982219358125971,1.0,0.0,confidence_boundary_ambiguous_margin
0.0997999908924104,0.5078124999685073,0.0024986267075081,0.0108146667484897,0.0066566467279988994,14.268724255063969,6.466499276977906e+17,3.233249638488953e+17,1.0981959104537964,1.048503524144867e+20,0.0016818835455831,0.0016818835455831,1.0,0.0,confidence_boundary_ambiguous_margin
0.1007999908924104,0.4858398437119852,0.0019454956047262,0.0104522705090994,0.0061988830569128,13.106431305943204,6.182709824463299e+17,3.091354912231649e+17,1.0981959104537964,1.0573727127000896e+20,0.0264838001992883,0.0264838001992883,1.0,0.0,confidence_boundary_ambiguous_margin
0.1017999908924104,0.4711914062627461,0.0020408630368604,0.0112915039055031,0.00666618347118175,13.048210287235204,6.292050168212513e+17,3.1460250841062566e+17,1.0981959104537964,1.0796967569858024e+20,0.0427305764764829,0.0427305764764829,1.0,0.0,confidence_boundary_ambiguous_margin
0.1027999908924104,0.4345703125,0.001659393311899,0.0114631652836538,0.0065612792977764,12.989989268527202,6.401390511961729e+17,3.2006952559808646e+17,-1.0981959104537964,1.102217657833352e+20,0.3683900069797911,0.3683900069797911,1.0,0.0,confidence_positive_boundary_margin
0.1037999908924104,0.4003906250451333,0.0015258789071566,0.011558532714743,0.0065422058109498,12.931768249819202,6.510730855710944e+17,3.255365427855472e+17,0.366126537322998,1.0957975654583027e+20,0.1678762276134752,0.1678762276134752,1.0,0.0,confidence_boundary_ambiguous_margin
0.1047999908924104,0.3784179687759395,0.0020217895502239,0.0111198425304114,0.00657081604031765,12.8735472311112,6.62007119946016e+17,3.31003559973008e+17,-1.0981959104537964,1.085966963935753e+20,0.3880293478731216,0.3880293478731216,1.0,0.0,confidence_positive_boundary_margin
0.1057999908924104,0.3710937499739113,0.0060844421327102,0.0104904174825069,0.00828742980760855,12.8153262124032,6.729411543209375e+17,3.3647057716046874e+17,0.366126537322998,1.0835440801127858e+20,0.2062987373537215,0.2062987373537215,1.0,0.0,confidence_positive_boundary_margin
0.1067999908924104,0.3686523437106435,0.0022888183595799,0.0102424621603554,0.00626564025996765,12.07924504560425,6.908363719987589e+17,3.4541818599937946e+17,-0.366126537322998,1.0925233077917162e+20,0.2923597270935801,0.2923597270935802,1.0,0.0,confidence_positive_boundary_margin
0.1077999908924104,0.3515625000395802,0.0014305114778561,0.0118446350068795,0.0066375732423678,11.3431638788053,7.087315896765804e+17,3.543657948382902e+17,-1.0981959104537964,1.0908192406905238e+20,0.4163444998192933,0.4163444998192933,1.0,0.0,confidence_positive_boundary_margin
0.1087999908924104,0.395507812486732,0.0024032592783803,0.0106048583990076,0.006504058838693949,10.607082712006353,7.266268073544018e+17,3.633134036772009e+17,-1.0981959104537964,1.0876061158704416e+20,0.4214070098955181,0.4214070098955181,1.0,0.0,confidence_positive_boundary_margin
0.1097999908924104,0.3540039062766849,0.0026130676267446,0.0116157531735675,0.0071144104001560505,9.871001545207402,7.445220250322232e+17,3.722610125161116e+17,1.0981959104537964,1.0738100596916198e+20,0.1304981817191322,0.1304981817191322,1.0,0.0,confidence_boundary_ambiguous_margin
0.1107999908924104,0.371093750013417,0.0023460388182021,0.0111198425304498,0.00673294067432595,9.134920378408452,7.624172427100447e+17,3.8120862135502234e+17,1.0981959104537964,1.076513362960135e+20,0.1297038866844534,0.1297038866844534,1.0,0.0,confidence_boundary_ambiguous_margin
0.1117999908924104,0.3808593750404746,0.0022697448730468,0.0114822387685826,0.006875991820814701,9.739142479141558,7.658232050390266e+17,3.829116025195133e+17,-1.0981959104537964,1.0785049743422231e+20,0.4441332232800707,0.4441332232800707,1.0,0.0,confidence_positive_boundary_margin
0.1127999908924104,0.3686523437228678,0.00246047973654,0.0105857849152889,0.006523132325914449,10.343364579874663,7.692291673680084e+17,3.846145836840042e+17,-0.366126537322998,1.090691785302632e+20,0.3358293796364754,0.3358293796364755,1.0,0.0,confidence_positive_boundary_margin
0.1137999908924104,0.3588867187909219,0.0023078918461826,0.0116729736343044,0.0069904327402435,10.947586680607769,7.726351296969905e+17,3.863175648484952e+17,-0.366126537322998,1.1047780245902564e+20,0.3387730293538772,0.3387730293538772,1.0,0.0,confidence_positive_boundary_margin
0.1147999908924104,0.3808593750205727,0.002403259277183,0.0122070312492499,0.00730514526321645,11.551808781340872,7.760410920259724e+17,3.880205460129862e+17,-0.366126537322998,1.1149260771099776e+20,0.3314871327410169,0.331487132741017,1.0,0.0,confidence_positive_boundary_margin
0.1157999908924104,0.3710937499586309,0.0033950805649518,0.0112342834495818,0.0073146820072668,12.156030882073978,7.794470543549542e+17,3.897235271774771e+17,-1.0981959104537964,1.116878018112536e+20,0.4389409391001804,0.4389409391001805,1.0,0.0,confidence_positive_boundary_margin
0.1167999908924104,0.3710937499445431,0.0024986267087677,0.0114631652840696,0.00698089599641865,11.456562861350074,7.770235079627686e+17,3.885117539813843e+17,-1.0981959104537964,1.1281934001372344e+20,0.4455033355178369,0.445503335517837,1.0,0.0,confidence_positive_boundary_margin
0.1177999908924104,0.3784179687987857,0.0026893615720478,0.0112724304197585,0.006980895995903151,10.75709484062617,7.745999615705829e+17,3.8729998078529146e+17,-0.366126537322998,1.1145528588830456e+20,0.350246003906086,0.3502460039060861,1.0,0.0,confidence_positive_boundary_margin
0.1187999908924104,0.3759765625210199,0.0022506713890725,0.0110435485823969,0.0066471099857347005,10.057626819902264,7.721764151783973e+17,3.8608820758919866e+17,-0.366126537322998,1.1044753510293622e+20,0.356548460594767,0.356548460594767,1.0,0.0,confidence_positive_boundary_margin
0.1197999908924104,0.3759765625070439,0.0030517578128301,0.0110244750962804,0.00703811645455525,9.35815879917836,7.697528687862116e+17,3.848764343931058e+17,-0.366126537322998,1.0987048501240032e+20,0.3736416039945852,0.3736416039945852,1.0,0.0,confidence_positive_boundary_margin
0.1207999908924104,0.3906249999716752,0.0026512145989455,0.0112724304179856,0.0069618225084655495,8.658690778454456,7.67329322394026e+17,3.83664661197013e+17,-1.0981959104537964,1.0897579920673944e+20,0.4836570078115335,0.4836570078115335,1.0,0.0,confidence_positive_boundary_margin
0.1217999908924104,0.3881835937642369,0.0030326843258381,0.0110435485844292,0.00703811645513365,9.502285993011816,7.65355950064812e+17,3.82677975032406e+17,-1.0981959104537964,1.0868840445942484e+20,0.4759451016334677,0.4759451016334677,1.0,0.0,confidence_positive_boundary_margin
0.1227999908924104,0.3930664062571557,0.0020027160646208,0.0105667114274024,0.0062847137460116,10.345881207569176,7.633825777355981e+17,3.8169128886779904e+17,-1.0981959104537964,1.0949000121263168e+20,0.4549177756741827,0.4549177756741827,1.0,0.0,confidence_positive_boundary_margin
0.1237999908924104,0.393066406257193,0.0022125244153549,0.0105285644518887,0.0063705444336218005,11.189476422126535,7.614092054063841e+17,3.8070460270319206e+17,-1.0981959104537964,1.1017249886631782e+20,0.4461276474189055,0.4461276474189056,1.0,0.0,confidence_positive_boundary_margin
0.1247999908924104,0.3857421874927697,0.0029373168943053,0.0102424621567344,0.0065898895255198505,12.033071636683896,7.594358330771702e+17,3.797179165385851e+17,-1.0981959104537964,1.0884888917661504e+20,0.4401436984638764,0.4401436984638765,1.0,0.0,confidence_positive_boundary_margin
0.1257999908924104,0.3857421875363377,0.0026321411120321,0.0094604492190906,0.00604629516556135,12.876666851241254,7.574624607479562e+17,3.787312303739781e+17,-1.0981959104537964,1.1135777240106036e+20,0.4240586569506842,0.4240586569506843,1.0,0.0,confidence_positive_boundary_margin
0.1267999908924104,0.39306640625,0.0028610229480773,0.0088310241699218,0.00584602355899955,12.188192826588926,7.87169040256213e+17,3.935845201281065e+17,-1.0981959104537964,1.0989675014616462e+20,0.4242511867503008,0.4242511867503008,1.0,0.0,confidence_positive_boundary_margin
0.1277999908924104,0.3833007812426579,0.0028991699223912,0.0091552734377294,0.0060272216800603,11.4997188019366,8.168756197644698e+17,4.084378098822349e+17,-0.366126537322998,1.116058134281936e+20,0.3316511986948031,0.3316511986948031,1.0,0.0,confidence_positive_boundary_margin
0.1287999908924104,0.4028320312278619,0.0028419494626023,0.0086021423346185,0.0057220458986104,10.81124477728427,8.465821992727265e+17,4.2329109963636326e+17,-1.0981959104537964,1.1131837470041388e+20,0.437961296164478,0.437961296164478,1.0,0.0,confidence_positive_boundary_margin
0.1297999908924104,0.4052734374480836,0.0028800964361842,0.0079154968247812,0.0053977966304827,10.122770752631942,8.762887787809833e+17,4.3814438939049165e+17,-0.366126537322998,1.1379356009249112e+20,0.3389683468494583,0.3389683468494583,1.0,0.0,confidence_positive_boundary_margin
0.1307999908924104,0.4052734374552766,0.0029754638657316,0.0065803527837854,0.0047779083247585,9.434296727979614,9.0599535828924e+17,4.5299767914462e+17,0.366126537322998,1.1398083770902697e+20,0.2354597188062778,0.2354597188062778,1.0,0.0,confidence_positive_boundary_margin
0.1317999908924104,0.3881835937574912,0.0022125244166961,0.0067520141586346,0.00448226928766535,9.844428721368764,8.693113806347089e+17,4.3465569031735443e+17,-0.366126537322998,1.1413205134417171e+20,0.3366994231597675,0.3366994231597675,1.0,0.0,confidence_positive_boundary_margin
0.1327999908924104,0.4150390625075284,0.0030517578127352,0.0054168701168934,0.0042343139648143,10.254560714757911,8.326274029801777e+17,4.163137014900888e+17,1.0981959104537964,1.1409802805636184e+20,0.118465213451373,0.118465213451373,1.0,0.0,confidence_boundary_ambiguous_margin
0.1337999908924104,0.4052734375151314,0.0029373168945903,0.0054168701168328,0.0041770935057115505,10.66469270814706,7.959434253256466e+17,3.979717126628233e+17,0.366126537322998,1.1306830463062404e+20,0.2223287655728444,0.2223287655728444,1.0,0.0,confidence_positive_boundary_margin
0.1347999908924104,0.3955078125304119,0.0026130676270719,0.0043487548837034,0.00348091125538765,11.07482470153621,7.592594476711154e+17,3.796297238355577e+17,-1.0981959104537964,1.1359372165511958e+20,0.4300939043752651,0.4300939043752651,1.0,0.0,confidence_positive_boundary_margin
0.1357999908924104,0.3930664062652805,0.002918243407248,0.0031852722180503,0.00305175781264915,11.48495669492536,7.225754700165842e+17,3.612877350082921e+17,0.366126537322998,1.118971664173682e+20,0.2192653187731552,0.2192653187731552,1.0,0.0,confidence_positive_boundary_margin
0.1367999908924104,0.4248046874385799,0.002727508544502,0.003795623778637,0.0032615661615695,11.191808398895494,7.358437977223135e+17,3.6792189886115674e+17,0.366126537322998,1.1357690352526112e+20,0.2192523868117238,0.2192523868117238,1.0,0.0,confidence_positive_boundary_margin
0.1377999908924104,0.4052734374691409,0.0022888183599174,0.0013160705573638,0.0018024444586406,10.89866010286563,7.491121254280429e+17,3.7455606271402144e+17,1.0981959104537964,1.127190381649912e+20,0.1038744172453658,0.1038744172453658,1.0,0.0,confidence_boundary_ambiguous_margin
0.1387999908924104,0.4052734375310082,0.0020599365228318,0.0011062622081213,0.00158309936547655,10.605511806835768,7.623804531337722e+17,3.811902265668861e+17,-0.366126537322998,1.145919286795588e+20,0.3155676237490893,0.3155676237490893,1.0,0.0,confidence_positive_boundary_margin
0.1397999908924104,0.3979492187733679,0.003032684330249,0.0022792816115556,0.0026559829709023,10.312363510805904,7.756487808395016e+17,3.878243904197508e+17,1.0981959104537964,1.13558634040054e+20,0.1236585421066468,0.1236585421066468,1.0,0.0,confidence_boundary_ambiguous_margin
0.1407999908924104,0.3955078124843468,0.0032043457041644,0.0014305114738756,0.00231742858902,10.01921521477604,7.889171085452308e+17,3.944585542726154e+17,0.366126537322998,1.1612576499249236e+20,0.2307759079861829,0.2307759079861829,1.0,0.0,confidence_positive_boundary_margin
0.1417999908924104,0.4150390625235916,0.0032997131350728,0.0019645690931484,0.0026321411141105996,9.501575601451544,7.765002859333673e+17,3.8825014296668365e+17,-0.366126537322998,1.14625670492392e+20,0.3448137520299165,0.3448137520299165,1.0,0.0,confidence_positive_boundary_margin
0.1427999908924104,0.4052734375079011,0.0033187866202295,0.0011444091804899,0.0022315979003597,8.983935988127048,7.640834633215037e+17,3.820417316607519e+17,-1.0981959104537964,1.1617312315732394e+20,0.4587609336393683,0.4587609336393683,1.0,0.0,confidence_positive_boundary_margin
0.1437999908924104,0.3930664062817536,0.0031471252460632,0.0014305114745473,0.00228881836030525,8.46629637480255,7.516666407096402e+17,3.758333203548201e+17,0.366126537322998,1.1792720484344055e+20,0.2628861654486137,0.2628861654486138,1.0,0.0,confidence_positive_boundary_margin
0.1447999908924104,0.41015625,0.0041580200155434,5.722046502843153e-05,0.002107620240285916,7.948656761478054,7.392498180977766e+17,3.696249090488883e+17,-0.366126537322998,1.1931236959211278e+20,0.3762250538938025,0.3762250538938025,1.0,0.0,confidence_positive_boundary_margin
0.1457999908924104,0.4150390625240387,0.0033187866219075,0.0011825561531575,0.0022506713875325,7.431017148153558,7.268329954859131e+17,3.6341649774295654e+17,-1.0981959104537964,1.2038594154156628e+20,0.4907431140606931,0.4907431140606932,1.0,0.0,confidence_positive_boundary_margin
0.1467999908924104,0.4174804687177992,0.0037384033212558,0.0014114379898535,0.00257492065555465,8.329521621500579,7.422521852013834e+17,3.711260926006917e+17,-1.0981959104537964,1.1982330824749375e+20,0.4826726267582752,0.4826726267582752,1.0,0.0,confidence_positive_boundary_margin
0.1477999908924104,0.4174804687823499,0.0036621093752527,0.0018310546870577,0.0027465820311552,9.228026094847598,7.576713749168538e+17,3.788356874584269e+17,-1.0981959104537964,1.2125863711467164e+20,0.4733679314262812,0.4733679314262812,1.0,0.0,confidence_positive_boundary_margin
0.1487999908924104,0.42724609375,0.0032043457045849,0.0020217895514794,0.00261306762803215,10.12653056819462,7.730905646323241e+17,3.8654528231616205e+17,0.366126537322998,1.208501905351854e+20,0.246523043738853,0.246523043738853,1.0,0.0,confidence_positive_boundary_margin
0.1497999908924104,0.40283203125,0.0036621093748087,0.0031852722169881,0.0034236907958984,11.025035041541638,7.885097543477944e+17,3.942548771738972e+17,0.366126537322998,1.2309702935240612e+20,0.2509843381900021,0.2509843381900021,1.0,0.0,confidence_positive_boundary_margin
0.1507999908924104,0.4223632812254022,0.0042915344244046,0.0012588500992576,0.0027751922618311,11.92353951488866,8.039289440632648e+17,4.019644720316324e+17,0.366126537322998,1.2203296597950962e+20,0.2290740931791072,0.2290740931791072,1.0,0.0,confidence_positive_boundary_margin
0.1517999908924104,0.4150390625082365,0.0042915344238281,0.0016212463375688,0.00295639038069845,11.54281171721243,7.997534034705108e+17,3.998767017352554e+17,0.366126537322998,1.2326105009899124e+20,0.2387824257226323,0.2387824257226323,1.0,0.0,confidence_positive_boundary_margin
0.1527999908924104,0.4003906250165476,0.0043487548833942,0.0020599365241162,0.0032043457037552,11.1620839195362,7.95577862877757e+17,3.977889314388785e+17,0.366126537322998,1.235211417735649e+20,0.2506937433600306,0.2506937433600306,1.0,0.0,confidence_positive_boundary_margin
0.1537999908924104,0.4028320312832443,0.0040817260736343,0.0017929077152982,0.00293731689446625,10.781356121859972,7.914023222850031e+17,3.9570116114250157e+17,-0.366126537322998,1.2486286261880042e+20,0.3584228776543358,0.3584228776543358,1.0,0.0,confidence_positive_boundary_margin
0.1547999908924104,0.4223632811832131,0.0046348571772778,0.0014686584472656,0.0030517578122717,10.400628324183742,7.872267816922493e+17,3.936133908461247e+17,-0.366126537322998,1.246320179535256e+20,0.3628424200735159,0.362842420073516,1.0,0.0,confidence_positive_boundary_margin
0.1557999908924104,0.4223632812835425,0.0056266784590008,0.0010490417527637,0.00333786010588225,10.019900526507511,7.830512410994954e+17,3.915256205497477e+17,-0.366126537322998,1.243626464008135e+20,0.3740852207446072,0.3740852207446073,1.0,0.0,confidence_positive_boundary_margin
0.1567999908924104,0.4101562500505373,0.0042343139641857,0.0020790100089101,0.0031566619865479,9.90281582826836,8.026979976287731e+17,4.0134899881438656e+17,-0.366126537322998,1.2508619542063428e+20,0.3746800919113922,0.3746800919113922,1.0,0.0,confidence_positive_boundary_margin
0.1577999908924104,0.4150390624915398,0.0051116943354748,0.0010871887247349,0.00309944153010485,9.785731130029204,8.22344754158051e+17,4.111723770790255e+17,-0.366126537322998,1.23313633143078e+20,0.3753696258220098,0.3753696258220099,1.0,0.0,confidence_positive_boundary_margin
0.1587999908924104,0.4174804687075128,0.0049591064471713,0.0014305114746757,0.0031948089609235,9.668646431790052,8.419915106873286e+17,4.209957553436643e+17,0.366126537322998,1.257503884047412e+20,0.2691691528766545,0.2691691528766545,1.0,0.0,confidence_positive_boundary_margin
0.1597999908924104,0.4394531249914652,0.0047492980961698,0.0020599365232374,0.0034046173097036,9.551561733550898,8.616382672166065e+17,4.308191336083032e+17,-1.0981959104537964,1.220428967685317e+20,0.4709735261385243,0.4709735261385243,1.0,0.0,confidence_positive_boundary_margin
0.1607999908924104,0.4272460937757159,0.0047111511223102,0.002937316894933,0.0038242340086216,9.434477035311744,8.812850237458842e+17,4.406425118729421e+17,1.0981959104537964,1.2457114898981192e+20,0.1616297828782188,0.1616297828782188,1.0,0.0,confidence_boundary_ambiguous_margin
0.1617999908924104,0.4296874999913908,0.0057220458999844,0.0037574768081875,0.00473976135408595,9.762959919951763,8.233043691315617e+17,4.1165218456578086e+17,-0.366126537322998,1.20265813299162e+20,0.3776509823490723,0.3776509823490723,1.0,0.0,confidence_positive_boundary_margin
0.1627999908924104,0.4858398436030093,0.0071144103987018,0.0023269653333822,0.004720687866042,10.091442804591788,7.653237145172394e+17,3.826618572586197e+17,-1.0981959104537964,1.2393286929574842e+20,0.4800201252135567,0.4800201252135567,1.0,0.0,confidence_positive_boundary_margin
0.1637999908924104,0.4443359375260513,0.0075531005857339,0.0028419494618051,0.0051975250237695,10.419925689231809,7.07343059902917e+17,3.536715299514585e+17,1.0981959104537964,1.2241991490764956e+20,0.1854898395726205,0.1854898395726205,1.0,0.0,confidence_boundary_ambiguous_margin
0.1647999908924105,0.4736328124302316,0.0077438354509902,0.0031089782712799,0.00542640686113505,10.748408573871831,6.493624052885947e+17,3.2468120264429734e+17,-1.0981959104537964,1.2128220184787812e+20,0.5036350239296192,0.5036350239296192,1.0,0.0,confidence_positive_boundary_margin
0.1657999908924105,0.4980468749124168,0.0081253051742759,0.003795623778681,0.00596046447647845,11.076891458511852,5.913817506742723e+17,2.956908753371361e+17,-1.0981959104537964,1.1956936504194264e+20,0.5098920175772972,0.5098920175772972,1.0,0.0,confidence_positive_boundary_margin
0.1667999908924105,0.4980468750615691,0.0083351135259403,0.0048065185522137,0.0065708160390770005,11.637117005349284,5.83384930757322e+17,2.91692465378661e+17,-0.366126537322998,1.1973677228434127e+20,0.4100238636863278,0.4100238636863278,1.0,0.0,confidence_positive_boundary_margin
0.1677999908924105,0.5249023437323342,0.0087928771963685,0.0045013427737135,0.006647109985041,12.197342552186717,5.753881108403716e+17,2.876940554201858e+17,0.366126537322998,1.1916288878729336e+20,0.296841628435148,0.296841628435148,1.0,0.0,confidence_positive_boundary_margin
0.1687999908924105,0.5468749999911299,0.0091743469260456,0.0046539306644782,0.0069141387952619,12.75756809902415,5.673912909234213e+17,2.8369564546171066e+17,-0.366126537322998,1.1813549632620646e+20,0.3948710453046875,0.3948710453046876,1.0,0.0,confidence_positive_boundary_margin
0.1697999908924105,0.5590820312589074,0.0098800659167161,0.0041961669935096,0.00703811645511285,13.31779364586158,5.59394471006471e+17,2.796972355032355e+17,-0.366126537322998,1.1851386906364976e+20,0.3844177998046815,0.3844177998046815,1.0,0.0,confidence_positive_boundary_margin
0.1707999908924105,0.576171875080502,0.0112152099595398,0.0044441223136145,0.00782966613657715,13.878019192699014,5.5139765108952064e+17,2.7569882554476032e+17,-0.366126537322998,1.1756308177669325e+20,0.3745752303144857,0.3745752303144857,1.0,0.0,confidence_positive_boundary_margin
0.1717999908924105,0.5981445312140723,0.0099563598613164,0.0050926208479252,0.0075244903546208,13.101232797182265,5.27177965245012e+17,2.63588982622506e+17,-1.0981959104537964,1.1906618454060722e+20,0.4901230707525854,0.4901230707525854,1.0,0.0,confidence_positive_boundary_margin
0.1727999908924105,0.615234375045096,0.0082969665547777,0.004959106445242,0.00662803650000985,12.324446401665512,5.029582794005033e+17,2.5147913970025165e+17,0.366126537322998,1.1919867129370771e+20,0.2864220274248442,0.2864220274248443,1.0,0.0,confidence_positive_boundary_margin
0.1737999908924105,0.6274414063224518,0.011196136472699,0.0042533874518794,0.0077247619622892,11.54766000614876,4.787385935559946e+17,2.393692967779973e+17,-0.366126537322998,1.1763179685538274e+20,0.3940156779819863,0.3940156779819863,1.0,0.0,confidence_positive_boundary_margin
0.1747999908924105,0.6469726562409063,0.0095748901360793,0.0042533874511718,0.00691413879362555,10.770873610632009,4.54518907711486e+17,2.27259453855743e+17,-0.366126537322998,1.1791234824232606e+20,0.4002032142619393,0.4002032142619393,1.0,0.0,confidence_positive_boundary_margin
0.1757999908924105,0.6738281250547861,0.0087356567367118,0.0045394897466644,0.006637573241688101,9.994087215115258,4.302992218669773e+17,2.1514961093348864e+17,-0.366126537322998,1.1915610699957323e+20,0.4071516526774903,0.4071516526774903,1.0,0.0,confidence_positive_boundary_margin
0.1767999908924105,0.6713867187866731,0.0097274780272721,0.0037956237792968,0.0067615509032844506,9.790854350331044,4.259622074134053e+17,2.1298110370670266e+17,0.366126537322998,1.1832344244581196e+20,0.3078709319227598,0.3078709319227598,1.0,0.0,confidence_positive_boundary_margin
0.1777999908924105,0.7617187498987389,0.0085639953611123,0.0042533874510999,0.0064086914061060995,9.587621485546832,4.216251929598333e+17,2.1081259647991664e+17,0.366126537322998,1.1629241577089112e+20,0.3007681621120371,0.3007681621120371,1.0,0.0,confidence_positive_boundary_margin
0.1787999908924105,0.7177734375369713,0.0082397460905005,0.0038146972666359,0.0060272216785682,9.38438862076262,4.172881785062613e+17,2.0864408925313066e+17,0.366126537322998,1.1557029171813994e+20,0.3133351171293045,0.3133351171293045,1.0,0.0,confidence_positive_boundary_margin
0.1797999908924105,0.7617187499443194,0.009765625001015,0.0044250488279799,0.007095336914497451,9.18115575597841,4.129511640526893e+17,2.0647558202634464e+17,0.366126537322998,1.1774071887527674e+20,0.3127932931602692,0.3127932931602692,1.0,0.0,confidence_positive_boundary_margin
0.1807999908924105,0.7958984374627306,0.0101280212402343,0.0060272216786684,0.00807762145945135,8.977922891194197,4.086141495991173e+17,2.0430707479955866e+17,-0.366126537322998,1.180825966227709e+20,0.4177325298258244,0.4177325298258244,1.0,0.0,confidence_positive_boundary_margin
0.1817999908924105,0.773925781287405,0.0087547302262896,0.0043106079093526,0.006532669067821101,9.331296257815064,3.822196562339246e+17,1.911098281169623e+17,-0.366126537322998,1.1503258655169236e+20,0.4125751902577229,0.4125751902577229,1.0,0.0,confidence_positive_boundary_margin
0.1827999908924105,0.7983398436466891,0.0073814392068565,0.0038146972676061,0.0055980682372313,9.68466962443593,3.558251628687319e+17,1.7791258143436595e+17,0.366126537322998,1.1694358174123216e+20,0.2984892233842738,0.2984892233842738,1.0,0.0,confidence_positive_boundary_margin
0.1837999908924105,0.8398437499905674,0.0066757202137383,0.0093078613296725,0.0079917907717054,10.038042991056797,3.294306695035392e+17,1.647153347517696e+17,0.366126537322998,1.1544799963685218e+20,0.3155779906497337,0.3155779906497337,1.0,0.0,confidence_positive_boundary_margin
0.1847999908924105,0.7910156250189329,0.0074195861789042,0.0118827819833833,0.00965118408114375,10.39141635767766,3.030361761383465e+17,1.5151808806917325e+17,0.366126537322998,1.1550062666140403e+20,0.3466263425789538,0.3466263425789539,1.0,0.0,confidence_positive_boundary_margin
0.1857999908924105,0.8081054686359962,0.0095939636155505,0.0129890441899726,0.011291503902761551,10.744789724298528,2.766416827731538e+17,1.383208413865769e+17,-0.366126537322998,1.1595254353260605e+20,0.4548707276599169,0.4548707276599169,1.0,0.0,confidence_positive_boundary_margin
0.1867999908924105,0.8032226562118361,0.0070381164550781,0.0114822387689349,0.0092601776120065,9.528808328576394,2.7094825155765248e+17,1.3547412577882624e+17,1.0981959104537964,1.1706085125340424e+20,0.2534510424928988,0.2534510424928989,1.0,0.0,confidence_positive_boundary_margin
0.1877999908924105,0.7470703124712551,0.0084495544385685,0.0127792358425385,0.010614395140553502,8.31282693285426,2.652548203421512e+17,1.326274101710756e+17,-0.366126537322998,1.1592771216200434e+20,0.4985458929917083,0.4985458929917083,1.0,0.0,confidence_positive_boundary_margin
0.1887999908924105,0.6909179688076931,0.0070190429697265,0.0138473510722655,0.010433197020996,7.096845537132129,2.5956138912664986e+17,1.2978069456332493e+17,-0.366126537322998,1.1594588489018822e+20,0.5179541390021976,0.5179541390021977,1.0,0.0,confidence_positive_boundary_margin
0.1897999908924105,0.6811523438271951,0.0066757202119036,0.013618469239412,0.0101470947256578,5.880864141409996,2.538679579111485e+17,1.2693397895557426e+17,-0.366126537322998,1.150602854486193e+20,0.5322979590330466,0.5322979590330467,1.0,0.0,confidence_positive_boundary_margin
0.1907999908924105,0.68115234374031,0.0054550170927204,0.0122261047347383,0.00884056091372935,4.664882745687862,2.4817452669564723e+17,1.2408726334782362e+17,0.366126537322998,1.1401315455479054e+20,0.42320102435746,0.4232010243574601,1.0,0.0,confidence_positive_boundary_margin
0.1917999908924105,0.6274414062110771,0.0064468383808828,0.0091743469230679,0.00781059265197535,5.31028701059927,2.5914127446356563e+17,1.2957063723178282e+17,0.366126537322998,1.131212483145247e+20,0.4276600379507799,0.4276600379507799,1.0,0.0,confidence_positive_boundary_margin
0.1927999908924105,0.5786132813281167,0.0058174133296204,0.0098609924313354,0.0078392028804779,5.955691275510676,2.70108022231484e+17,1.35054011115742e+17,-0.366126537322998,1.1229951730439004e+20,0.5284700761951133,0.5284700761951134,1.0,0.0,confidence_positive_boundary_margin
0.1937999908924105,0.5688476562989924,0.0057983398407645,0.0083732604969751,0.0070858001688698,6.601095540422083,2.810747699994024e+17,1.405373849997012e+17,0.366126537322998,1.1188542363318354e+20,0.4003073520624082,0.4003073520624082,1.0,0.0,confidence_positive_boundary_margin
0.1947999908924105,0.5468750000590348,0.0068664550802004,0.0083732604993536,0.007619857789777,7.246499805333491,2.920415177673208e+17,1.460207588836604e+17,0.366126537322998,1.1008271714484014e+20,0.3953486273201985,0.3953486273201985,1.0,0.0,confidence_positive_boundary_margin
0.1957999908924105,0.5444335937401202,0.0062179565417337,0.0068664550795143,0.006542205810624,7.891904070244898,3.030082655352392e+17,1.515041327676196e+17,-1.0981959104537964,1.1002377452549833e+20,0.5757542476663959,0.575754247666396,1.0,0.0,confidence_positive_boundary_margin
0.1967999908924105,0.5419921874504317,0.0041580200201508,0.0070571899409415,0.00560760498054615,7.541633203088992,2.882055641677009e+17,1.4410278208385045e+17,0.366126537322998,1.0991045445909322e+20,0.3612629859905149,0.3612629859905149,1.0,0.0,confidence_positive_boundary_margin
0.1977999908924105,0.5371093749900524,0.0043296813963289,0.0082969665538223,0.0063133239750756,7.191362335933086,2.7340286280016262e+17,1.3670143140008131e+17,0.366126537322998,1.0878311199299496e+20,0.3800883111099311,0.3800883111099311,1.0,0.0,confidence_positive_boundary_margin
0.1987999908924105,0.5249023437699765,0.0048637390125013,0.006980895999215,0.00592231750585815,6.841091468777179,2.5860016143262432e+17,1.2930008071631216e+17,1.0981959104537964,1.0703173950352916e+20,0.2822882505145542,0.2822882505145542,1.0,0.0,confidence_positive_boundary_margin
0.1997999908924105,0.5371093750401155,0.004711151123752,0.0106430053697617,0.00767707824675685,6.490820601621273,2.4379746006508605e+17,1.2189873003254302e+17,-1.0981959104537964,1.077943607685546e+20,0.622765466821574,0.6227654668215741,1.0,0.0,confidence_positive_boundary_margin
0.2007999908924105,0.5444335938003138,0.0041770935070386,0.0141906738273388,0.0091838836671887,6.140549734465367,2.2899475869754778e+17,1.1449737934877389e+17,-0.366126537322998,1.0831728849872486e+20,0.5205317796956611,0.5205317796956611,1.0,0.0,confidence_positive_boundary_margin
0.2017999908924105,0.5200195313711596,0.0044822692864783,0.0127029418952411,0.008592605590859701,6.934184211984541,2.3552858585577923e+17,1.1776429292788962e+17,1.0981959104537964,1.0778575818957888e+20,0.3102461809729646,0.3102461809729647,1.0,0.0,confidence_positive_boundary_margin
0.2027999908924105,0.5371093749797254,0.0046157836902974,0.0123405456581775,0.00847816467423745,7.7278186895037155,2.420624130140107e+17,1.2103120650700534e+17,1.0981959104537964,1.0822134951213164e+20,0.3020793487588724,0.3020793487588724,1.0,0.0,confidence_positive_boundary_margin
0.2037999908924105,0.5395507812907118,0.0076103210436496,0.0129318237302302,0.0102710723869399,8.521453167022889,2.485962401722421e+17,1.2429812008612106e+17,-0.366126537322998,1.0550612753757136e+20,0.5187195193989881,0.5187195193989881,1.0,0.0,confidence_positive_boundary_margin
0.2047999908924105,0.5200195313316947,0.0061035156229257,0.012302398681481,0.00920295715220335,9.315087644542064,2.551300673304736e+17,1.275650336652368e+17,-0.366126537322998,1.04809283456166e+20,0.4928054322868118,0.4928054322868118,1.0,0.0,confidence_positive_boundary_margin
0.2057999908924105,0.5224609375,0.0055694580073322,0.0123786926271932,0.0089740753172627,10.108722122061238,2.6166389448870502e+17,1.3083194724435251e+17,1.0981959104537964,1.0575291951949544e+20,0.2647637075121177,0.2647637075121178,1.0,0.0,confidence_positive_boundary_margin
0.2067999908924105,0.5371093749485681,0.0049400329590647,0.0114440917966339,0.0081920623778493,9.663256243159683,2.6042106628474307e+17,1.3021053314237154e+17,1.0981959104537964,1.067760458754666e+20,0.2629610402610806,0.2629610402610806,1.0,0.0,confidence_positive_boundary_margin
0.2077999908924105,0.527343750020654,0.0051689147931469,0.0119781494159988,0.00857353210457285,9.217790364258132,2.5917823808078112e+17,1.2958911904039056e+17,-0.366126537322998,1.067855896363957e+20,0.4838849307304531,0.4838849307304532,1.0,0.0,confidence_positive_boundary_margin
0.2087999908924105,0.5346679687396391,0.0047302246096987,0.0121879577630243,0.0084590911863615,8.772324485356581,2.579354098768192e+17,1.289677049384096e+17,0.366126537322998,1.073875150779984e+20,0.3804655911232907,0.3804655911232907,1.0,0.0,confidence_positive_boundary_margin
0.2097999908924105,0.5297851562603948,0.0077247619619973,0.0120925903330057,0.009908676147501499,8.326858606455028,2.566925816728572e+17,1.283462908364286e+17,0.366126537322998,1.0737668708748807e+20,0.4103810931299134,0.4103810931299134,1.0,0.0,confidence_positive_boundary_margin
0.2107999908924105,0.5297851562604354,0.0061416625981454,0.0110435485837397,0.00859260559094255,7.881392727553475,2.5544975346889523e+17,1.2772487673444762e+17,0.366126537322998,1.0682070363974037e+20,0.3979582481113042,0.3979582481113042,1.0,0.0,confidence_positive_boundary_margin
0.2117999908924105,0.5371093750209522,0.0053596496584486,0.0083541870127008,0.0068569183355747,7.794954666827039,2.65929447950916e+17,1.32964723975458e+17,-0.366126537322998,1.0651317463549791e+20,0.4828547834419138,0.4828547834419139,1.0,0.0,confidence_positive_boundary_margin
0.2127999908924105,0.53955078130255,0.0054740905746117,0.0081825256361614,0.00682830810538655,7.708516606100602,2.764091424329368e+17,1.382045712164684e+17,2.562020778656006,1.0676338829760764e+20,0.2757465324862653,0.2757465324862653,1.0,0.0,confidence_positive_boundary_margin
0.2137999908924105,0.5322265625738071,0.00431060791584,0.0079154968237006,0.0061130523697703,7.622078545374165,2.868888369149575e+17,1.4344441845747875e+17,-1.0981959104537964,1.0714172585067884e+20,0.5826507071318187,0.5826507071318187,1.0,0.0,confidence_positive_boundary_margin
0.2147999908924105,0.5468749998729857,0.0065040588367329,0.0085639953604185,0.0075340270985757,7.535640484647729,2.973685313969783e+17,1.4868426569848915e+17,0.366126537322998,1.078844679454741e+20,0.388729791931372,0.3887297919313721,1.0,0.0,confidence_positive_boundary_margin
0.2157999908924105,0.5566406249893748,0.0053024291993847,0.009059906002871,0.007181167601127849,7.449202423921292,3.0784822587899904e+17,1.5392411293949952e+17,-0.366126537322998,1.0843439968122254e+20,0.4819487091491056,0.4819487091491056,1.0,0.0,confidence_positive_boundary_margin
0.2167999908924105,0.5346679687926362,0.0053977966301931,0.007438659668968,0.00641822814958055,7.759402596331791,3.1959907404205894e+17,1.5979953702102947e+17,0.366126537322998,1.0891902922237411e+20,0.3640923632732866,0.3640923632732866,1.0,0.0,confidence_positive_boundary_margin
0.2177999908924105,0.5468749999679212,0.0051689147951724,0.0074768066410426,0.0063228607181075,8.069602768742289,3.3134992220511885e+17,1.6567496110255942e+17,0.366126537322998,1.0894195184079e+20,0.350560964168633,0.3505609641686331,1.0,0.0,confidence_positive_boundary_margin
0.2187999908924105,0.5419921874785328,0.0080490112329005,0.006637573241852,0.00734329223737625,8.379802941152786,3.431007703681788e+17,1.715503851840894e+17,-1.0981959104537964,1.0862005002054926e+20,0.568887337689335,0.5688873376893351,1.0,0.0,confidence_positive_boundary_margin
0.2197999908924105,0.5615234374461288,0.005893707274633,0.0074386596669586,0.0066661834707958,8.690003113563284,3.548516185312387e+17,1.7742580926561936e+17,0.366126537322998,1.0824980487305848e+20,0.3323932844416101,0.3323932844416101,1.0,0.0,confidence_positive_boundary_margin
0.2207999908924105,0.539550781325657,0.0036239624125608,0.0088310241674731,0.0062274932900169494,9.000203285973782,3.666024666942986e+17,1.833012333471493e+17,0.366126537322998,1.0864255042650009e+20,0.3164782352897832,0.3164782352897833,1.0,0.0,confidence_positive_boundary_margin
0.2217999908924105,0.537109375,0.0056266784716249,0.0083160400355049,0.0069713592535649,9.36530652063559,3.5377057204204096e+17,1.7688528602102048e+17,-1.0981959104537964,1.0960435042192038e+20,0.5369232076712489,0.536923207671249,1.0,0.0,confidence_positive_boundary_margin
0.2227999908924105,0.5639648437391174,0.0054931640613947,0.0082778930651309,0.0068855285632628,9.730409755297398,3.4093867738978323e+17,1.7046933869489162e+17,0.366126537322998,1.1062426620393842e+20,0.3167000027964957,0.3167000027964957,1.0,0.0,confidence_positive_boundary_margin
0.2237999908924105,0.55908203125,0.0058174133297367,0.0063133239746093,0.006065368652173,10.095512989959207,3.281067827375256e+17,1.640533913687628e+17,1.0981959104537964,1.10700141302348e+20,0.2002936220016469,0.2002936220016469,1.0,0.0,confidence_positive_boundary_margin
0.2247999908924105,0.5566406249452139,0.0066757202144157,0.0056648254413363,0.006170272827876,10.460616224621017,3.1527488808526784e+17,1.5763744404263392e+17,1.0981959104537964,1.1006676982819088e+20,0.1993680661260005,0.1993680661260006,1.0,0.0,confidence_boundary_ambiguous_margin
0.2257999908924105,0.5517578125439644,0.0049972534346271,0.0063323974587908,0.005664825446708949,10.825719459282825,3.024429934330102e+17,1.512214967165051e+17,1.0981959104537964,1.0945252985635707e+20,0.1859679891670546,0.1859679891670546,1.0,0.0,confidence_boundary_ambiguous_margin
0.2267999908924105,0.559082031205873,0.0053215026878738,0.0035095214836855,0.00441551208577965,10.881940248095066,2.9291005448981216e+17,1.4645502724490608e+17,-1.0981959104537964,1.0942953686919702e+20,0.4935253309089907,0.4935253309089907,1.0,0.0,confidence_positive_boundary_margin
0.2277999908924105,0.55908203125,0.0059318542481333,0.0047683715814257,0.005350112914779499,10.938161036907308,2.833771155466141e+17,1.4168855777330706e+17,-0.366126537322998,1.1050100655241822e+20,0.4061837348650672,0.4061837348650672,1.0,0.0,confidence_positive_boundary_margin
0.2287999908924105,0.5468750000444251,0.0055694580052962,0.0046920776407968,0.0051307678230465,10.994381825719552,2.7384417660341616e+17,1.3692208830170808e+17,-1.0981959104537964,1.1142507130877326e+20,0.515469354688145,0.5154693546881451,1.0,0.0,confidence_positive_boundary_margin
0.2297999908924105,0.5566406249888598,0.0059509277353323,0.0029373168949664,0.00444412231514935,11.050602614531794,2.6431123766021818e+17,1.3215561883010909e+17,1.0981959104537964,1.1082844991126294e+20,0.1960327475169473,0.1960327475169473,1.0,0.0,confidence_boundary_ambiguous_margin
0.2307999908924105,0.5712890623993725,0.0054550170910666,0.0022697448731342,0.0038623809821004,11.106823403344038,2.5477829871702016e+17,1.2738914935851008e+17,-0.366126537322998,1.1114777447624815e+20,0.4002309461466659,0.4002309461466659,1.0,0.0,confidence_positive_boundary_margin
0.2317999908924105,0.54443359375,0.0052833557157836,0.00213623046875,0.0037097930922668,11.87753639716354,2.487711624357352e+17,1.243855812178676e+17,-1.8309327363967896,1.1159210031917195e+20,0.4951867422643289,0.495186742264329,1.0,0.0,confidence_positive_boundary_margin
0.2327999908924105,0.5615234375,0.0055122375510264,0.0021743774414941,0.00384330749626025,12.64824939098304,2.427640261544501e+17,1.2138201307722506e+17,0.366126537322998,1.1266717640053228e+20,0.2702831414843209,0.2702831414843209,1.0,0.0,confidence_positive_boundary_margin
0.2337999908924105,0.5468750000677355,0.0061988830573462,0.0026512146009323,0.00442504882913925,13.41896238480254,2.3675688987316512e+17,1.1837844493658256e+17,1.0981959104537964,1.120064930575412e+20,0.1571199093819009,0.1571199093819009,1.0,0.0,confidence_boundary_ambiguous_margin
0.2347999908924105,0.5664062500793093,0.0060462951641568,0.0021743774417603,0.00411033630295855,14.189675378622042,2.307497535918801e+17,1.1537487679594005e+17,-0.366126537322998,1.1196709535689474e+20,0.3400949150559804,0.3400949150559804,1.0,0.0,confidence_positive_boundary_margin
0.2357999908924105,0.5688476563182234,0.0056457519555234,0.0022315979005682,0.0039386749280458,14.960388372441544,2.2474261731059507e+17,1.1237130865529754e+17,-0.366126537322998,1.1209753262032106e+20,0.3252024813501026,0.3252024813501026,1.0,0.0,confidence_positive_boundary_margin
0.2367999908924105,0.5810546875,0.005073547364974,0.0020980834951136,0.0035858154300438,13.561427087167056,2.3263657119427872e+17,1.1631828559713936e+17,-0.366126537322998,1.129010733100858e+20,0.3257367166828725,0.3257367166828725,1.0,0.0,confidence_positive_boundary_margin
0.2377999908924105,0.5688476562385617,0.0058555603031811,0.0032234191868616,0.00453948974502135,12.16246580189257,2.405305250779624e+17,1.202652625389812e+17,0.366126537322998,1.1312821482019829e+20,0.2511004080207232,0.2511004080207232,1.0,0.0,confidence_positive_boundary_margin
0.2387999908924105,0.607910156169647,0.0039100646994179,0.0026702880826193,0.0032901763910186,10.76350451661808,2.48424478961646e+17,1.24212239480823e+17,1.0981959104537964,1.124231639840032e+20,0.1346566795973469,0.1346566795973469,1.0,0.0,confidence_boundary_ambiguous_margin
0.2397999908924105,0.5761718751151965,0.0039100646991555,0.0012588500989162,0.0025844573990358504,9.364543231343594,2.563184328453296e+17,1.281592164226648e+17,1.0981959104537964,1.1170971287897191e+20,0.1481770468245645,0.1481770468245645,1.0,0.0,confidence_boundary_ambiguous_margin
0.2407999908924105,0.5810546875693212,0.0052070617705567,0.0025558471698642,0.00388145447021045,7.965581946069108,2.6421238672901325e+17,1.3210619336450662e+17,1.0981959104537964,1.1134018901110895e+20,0.1797618296773456,0.1797618296773456,1.0,0.0,confidence_boundary_ambiguous_margin
0.2417999908924105,0.60546875,0.0038528442398202,0.0019645690904389,0.00290870666512955,8.363071296623607,2.5719171065893805e+17,1.2859585532946902e+17,0.366126537322998,1.1040183939968583e+20,0.2652151796189526,0.2652151796189526,1.0,0.0,confidence_positive_boundary_margin
0.2427999908924105,0.6103515625465122,0.0046157836914062,0.0020980834944585,0.00335693359293235,8.760560647178108,2.5017103458886288e+17,1.2508551729443144e+17,1.0981959104537964,1.1065659184579504e+20,0.1662476110922423,0.1662476110922423,1.0,0.0,confidence_boundary_ambiguous_margin
0.2437999908924105,0.6030273437266626,0.0043106079089711,0.00150680542056,0.00290870666476555,9.158049997732608,2.4315035851878768e+17,1.2157517925939384e+17,-0.366126537322998,1.111043041845324e+20,0.3723849473080556,0.3723849473080557,1.0,0.0,confidence_positive_boundary_margin
0.2447999908924105,0.5957031250702156,0.0042533874510804,0.0020408630370179,0.0031471252440491504,9.555539348287107,2.361296824487125e+17,1.1806484122435626e+17,1.0981959104537964,1.1076469582903796e+20,0.1661073396037748,0.1661073396037749,1.0,0.0,confidence_boundary_ambiguous_margin
0.2457999908924105,0.600585937476527,0.0031089782706591,0.002079010009949,0.00259399414030405,9.953028698841608,2.291090063786373e+17,1.1455450318931866e+17,0.366126537322998,1.1209119943334507e+20,0.2613930425241373,0.2613930425241373,1.0,0.0,confidence_positive_boundary_margin
0.2467999908924105,0.6103515625117771,0.0037193298360085,0.0017738342285156,0.00274658203226205,9.831500668976089,2.499431833821672e+17,1.249715916910836e+17,1.0981959104537964,1.135843450199579e+20,0.1553110996336563,0.1553110996336564,1.0,0.0,confidence_boundary_ambiguous_margin
0.2477999908924105,0.6201171875354534,0.0050735473614347,0.0028038024889418,0.00393867492518825,9.70997263911057,2.7077736038569696e+17,1.3538868019284848e+17,-0.366126537322998,1.1253820808464066e+20,0.3755214910361182,0.3755214910361182,1.0,0.0,confidence_positive_boundary_margin
0.2487999908924105,0.6445312498222248,0.0048065185598726,0.0018692016620543,0.00333786011096345,9.588444609245052,2.916115373892268e+17,1.458057686946134e+17,0.366126537322998,1.1364526676022972e+20,0.2555708730507405,0.2555708730507405,1.0,0.0,confidence_positive_boundary_margin
0.2497999908924105,0.6225585937024577,0.0049209594729348,0.0016975402859888,0.0033092498794617996,9.466916579379532,3.124457143927566e+17,1.562228571963783e+17,0.366126537322998,1.1451669569593986e+20,0.2569974742142409,0.2569974742142409,1.0,0.0,confidence_positive_boundary_margin
0.2507999908924105,0.6176757812380738,0.0049781799313611,0.0020217895491041,0.0034999847402326003,9.345388549514013,3.3327989139628646e+17,1.6663994569814323e+17,-0.366126537322998,1.1595606196981491e+20,0.3626675825970609,0.3626675825970609,1.0,0.0,confidence_positive_boundary_margin
0.2517999908924105,0.6372070312859006,0.0048255920425114,0.0023269653328726,0.003576278687692,9.778752482818794,3.439079640453026e+17,1.719539820226513e+17,0.366126537322998,1.1669539997661056e+20,0.249570470910984,0.2495704709109841,1.0,0.0,confidence_positive_boundary_margin
0.2527999908924105,0.6445312499159946,0.0049018859857655,0.0021934509282969,0.0035476684570312,10.212116416123576,3.545360366943187e+17,1.7726801834715936e+17,-1.0981959104537964,1.1691556618495644e+20,0.4530081400476669,0.453008140047667,1.0,0.0,confidence_positive_boundary_margin
0.2537999908924105,0.6372070312138961,0.0056457519525608,0.0023841857905455,0.00401496887155315,10.645480349428356,3.651641093433348e+17,1.825820546716674e+17,0.366126537322998,1.1844369383351858e+20,0.2473550679613364,0.2473550679613364,1.0,0.0,confidence_positive_boundary_margin
0.2547999908924105,0.6518554687016987,0.0047111511257826,0.001888275145824,0.0032997131358033,11.078844282733138,3.757921819923509e+17,1.8789609099617546e+17,0.366126537322998,1.1895952311661992e+20,0.2294848129671836,0.2294848129671836,1.0,0.0,confidence_positive_boundary_margin
0.2557999908924105,0.649414062524232,0.0050926208502719,0.0031280517548781,0.004110336302575,11.51220821603792,3.8642025464136704e+17,1.9321012732068352e+17,-0.366126537322998,1.1877630929506035e+20,0.3395706511118742,0.3395706511118743,1.0,0.0,confidence_positive_boundary_margin
0.2567999908924105,0.6762695312378502,0.0051116943319508,0.0021171569863136,0.0036144256591322003,11.000669251836673,3.627258321605071e+17,1.8136291608025354e+17,-1.0981959104537964,1.1849750833062843e+20,0.4410382108448419,0.4410382108448419,1.0,0.0,confidence_positive_boundary_margin
0.2577999908924105,0.6811523435063256,0.0048065185553537,0.0018310546887374,0.00331878662204555,10.489130287635424,3.390314096796471e+17,1.6951570483982355e+17,1.0981959104537964,1.188781944405366e+20,0.1287661646105348,0.1287661646105348,1.0,0.0,confidence_boundary_ambiguous_margin
0.2587999908924105,0.6591796875611219,0.0047683715825087,0.0023460388187413,0.003557205200625,9.977591323434178,3.153369871987872e+17,1.576684935993936e+17,0.366126537322998,1.173947333523412e+20,0.2471085180399681,0.2471085180399682,1.0,0.0,confidence_positive_boundary_margin
0.2597999908924105,0.69091796872547,0.004158020018573,0.0017929077121607,0.00297546386536685,9.466052359232927,2.9164256471792723e+17,1.4582128235896362e+17,1.0981959104537964,1.1893559774359952e+20,0.1363630338177576,0.1363630338177576,1.0,0.0,confidence_boundary_ambiguous_margin
0.2607999908924105,0.7031249999016087,0.0039291381757147,0.0013160705602918,0.00262260436800325,8.954513395031682,2.6794814223706726e+17,1.3397407111853363e+17,0.366126537322998,1.1861454034828893e+20,0.241693328063759,0.241693328063759,1.0,0.0,confidence_positive_boundary_margin
0.2617999908924106,0.676269531311664,0.003452301027992,0.0024795532213073,0.00296592712464965,8.634147325759182,2.557081968827515e+17,1.2785409844137574e+17,-1.0981959104537964,1.189649415099216e+20,0.4649635851733921,0.4649635851733921,1.0,0.0,confidence_positive_boundary_margin
0.2627999908924106,0.7055664062128796,0.0033950805687262,0.0016784667975516,0.0025367736831389,8.313781256486681,2.434682515284357e+17,1.2173412576421786e+17,-0.366126537322998,1.1908675860218616e+20,0.3543859971577645,0.3543859971577645,1.0,0.0,confidence_positive_boundary_margin
0.2637999908924106,0.7446289062251717,0.0033760070813389,0.0012969970716702,0.00233650207650455,7.99341518721418,2.3122830617412e+17,1.1561415308706e+17,0.366126537322998,1.2004253327388626e+20,0.2450002510184598,0.2450002510184599,1.0,0.0,confidence_positive_boundary_margin
0.2647999908924106,0.737304687350624,0.0028800964374918,0.0017547607425764,0.0023174285900341,7.673049117941678,2.1898836081980416e+17,1.0949418040990208e+17,-0.366126537322998,1.1977635470294122e+20,0.3546925978520053,0.3546925978520053,1.0,0.0,confidence_positive_boundary_margin
0.2657999908924106,0.7666015623876631,0.0031852722176745,0.0017738342279305,0.0024795532228024998,7.352683048669178,2.067484154654884e+17,1.033742077327442e+17,0.366126537322998,1.2093263631508256e+20,0.2517743717392081,0.2517743717392081,1.0,0.0,confidence_positive_boundary_margin
0.2667999908924106,0.7153320313000902,0.0032806396471656,0.0017166137677702,0.0024986267074678997,7.237896427905076,1.998471290881008e+17,9.99235645440504e+16,-1.0981959104537964,1.207592565255218e+20,0.4692476410091367,0.4692476410091368,1.0,0.0,confidence_positive_boundary_margin
0.2677999908924106,0.7641601561118049,0.0028419494642647,0.0022506713864243,0.0025463104253445,7.123109807140975,1.9294584271071315e+17,9.647292135535658e+16,-0.366126537322998,1.2063356915232748e+20,0.3503369162670298,0.3503369162670298,1.0,0.0,confidence_positive_boundary_margin
0.2687999908924106,0.7739257811114322,0.0029754638653176,0.0014686584470687,0.00222206115619315,7.008323186376873,1.860445563333255e+17,9.302227816666275e+16,-1.0981959104537964,1.221344377086138e+20,0.4472682686052955,0.4472682686052956,1.0,0.0,confidence_positive_boundary_margin
0.2697999908924106,0.7666015626642024,0.0031280517568257,0.0014114379882812,0.00226974487255345,6.893536565612772,1.791432699559379e+17,8.957163497796894e+16,-0.366126537322998,1.2368118668610398e+20,0.3410462688276972,0.3410462688276972,1.0,0.0,confidence_positive_boundary_margin
0.2707999908924106,0.7739257811232839,0.0044441223074243,0.0013351440452456,0.00288963317633495,6.77874994484867,1.7224198357855027e+17,8.612099178927514e+16,0.366126537322998,1.2376093206544332e+20,0.2400098805754634,0.2400098805754635,1.0,0.0,confidence_positive_boundary_margin
0.2717999908924106,0.8056640624745754,0.0019454956081502,0.0013732910140359,0.00165939331109305,6.219916991489015,1.8346126763930586e+17,9.173063381965293e+16,1.0981959104537964,1.2378839346785863e+20,0.1292092111457102,0.1292092111457102,1.0,0.0,confidence_boundary_ambiguous_margin
0.2727999908924106,0.7788085937754923,0.0033950805661075,0.0013732910148283,0.0023841857904679,5.66108403812936,1.9468055170006138e+17,9.734027585003069e+16,-1.0981959104537964,1.2347264891273349e+20,0.4800796937568156,0.4800796937568157,1.0,0.0,confidence_positive_boundary_margin
0.2737999908924106,0.8349609372699595,0.003509521473492,0.0010108947822798,0.0022602081278859003,5.102251084769705,2.0589983576081696e+17,1.0294991788040848e+17,-0.366126537322998,1.2337769508855874e+20,0.3770618322176191,0.3770618322176191,1.0,0.0,confidence_positive_boundary_margin
0.2747999908924106,0.8105468750128207,0.0020027160655549,0.0011444091788862,0.00157356262222055,4.54341813141005,2.171191198215725e+17,1.0855955991078626e+17,-0.366126537322998,1.2413792381628211e+20,0.3792942361325151,0.3792942361325151,1.0,0.0,confidence_positive_boundary_margin
0.2757999908924106,0.8349609375128614,0.002307891846306,0.0009727478028348,0.0016403198245704,3.984585178050395,2.2833840388232806e+17,1.1416920194116403e+17,-0.366126537322998,1.2407438963638272e+20,0.3751754182186689,0.3751754182186689,1.0,0.0,confidence_positive_boundary_margin
0.2767999908924106,0.8642578124355238,0.0023078918481209,0.0009155273405261,0.0016117095943235002,4.72494608882364,2.538969190133461e+17,1.2694845950667306e+17,1.0981959104537964,1.254248889824544e+20,0.1544562693922534,0.1544562693922534,1.0,0.0,confidence_boundary_ambiguous_margin
0.2777999908924106,0.8447265624353545,0.0021743774408001,0.0007438659654837,0.0014591217031419,5.465306999596885,2.7945543414436413e+17,1.3972771707218206e+17,1.0981959104537964,1.2720539413200976e+20,0.1438738689282885,0.1438738689282885,1.0,0.0,confidence_boundary_ambiguous_margin
0.2787999908924106,0.861816406366728,0.0028228759798049,0.0019645690875411,0.002393722533673,6.2056679103701295,3.0501394927538214e+17,1.5250697463769107e+17,-0.366126537322998,1.261641214361338e+20,0.3395761386335618,0.3395761386335618,1.0,0.0,confidence_positive_boundary_margin
0.2797999908924106,0.8813476562890312,0.0021934509255998,0.0008201599134307,0.00150680541951525,6.946028821143375,3.305724644064002e+17,1.652862322032001e+17,1.0981959104537964,1.2718283215340778e+20,0.0921021578403847,0.0921021578403848,1.0,0.0,confidence_boundary_ambiguous_margin
0.2807999908924106,0.8764648436717342,0.001945495604042,0.0007820129401664,0.0013637542721042,7.68638973191662,3.5613097953741824e+17,1.7806548976870912e+17,1.0981959104537964,1.2945309496634665e+20,0.0637275277330395,0.0637275277330395,1.0,0.0,confidence_boundary_ambiguous_margin
0.2817999908924106,0.9252929685669052,0.0018882751473017,0.0009918212896755,0.0014400482184886,7.522783196286417,3.374018018899698e+17,1.687009009449849e+17,-1.0981959104537964,1.2992578820926708e+20,0.3692285946156796,0.3692285946156796,1.0,0.0,confidence_positive_boundary_margin
0.2827999908924106,0.9057617186844058,0.0015449523941154,0.0009536743147663,0.00124931335444085,7.359176660656215,3.186726242425213e+17,1.5933631212126064e+17,-1.0981959104537964,1.3261755100373711e+20,0.3669324317633187,0.3669324317633187,1.0,0.0,confidence_positive_boundary_margin
0.2837999908924106,0.8935546875657975,0.0017166137662413,0.0005531311071139,0.0011348724366776,7.195570125026012,2.9994344659507283e+17,1.4997172329753642e+17,-1.0981959104537964,1.3548408337046544e+20,0.3650539407673053,0.3650539407673053,1.0,0.0,confidence_positive_boundary_margin
0.2847999908924106,0.9228515626187404,0.0015449523942272,0.0004577636739364,0.0010013580340818,7.03196358939581,2.8121426894762435e+17,1.4060713447381218e+17,-1.0981959104537964,1.3611706781652956e+20,0.3566805334839773,0.3566805334839773,1.0,0.0,confidence_positive_boundary_margin
0.2857999908924106,1.0009765625264546,0.0012779235739605,-0.0001525878822546,0.0005626678458529501,6.868357053765607,2.6248509130017587e+17,1.3124254565008794e+17,-1.0981959104537964,1.3809672530820071e+20,0.3349051641349877,0.3349051641349877,1.0,0.0,confidence_positive_boundary_margin
0.2867999908924106,0.9790039062898038,0.0020408630360728,0.0012588500991074,0.0016498565675901,6.352390900415218,2.366126846484007e+17,1.1830634232420035e+17,-0.366126537322998,1.3794532695510249e+20,0.2548800762587231,0.2548800762587231,1.0,0.0,confidence_positive_boundary_margin
0.2877999908924106,0.998535156023754,0.0017929077137,0.0007820129391412,0.0012874603264206,5.83642474706483,2.107402779966255e+17,1.0537013899831275e+17,0.366126537322998,1.3787038424255326e+20,0.1509456314755104,0.1509456314755103,1.0,0.0,confidence_boundary_ambiguous_margin
0.2887999908924106,0.9960937498665754,0.0005817413386887,0.0005912780761718,0.00058650970743025,5.320458593714441,1.848678713448504e+17,9.24339356724252e+16,-0.366126537322998,1.3775773267921784e+20,0.2517730920793707,0.2517730920793708,1.0,0.0,confidence_positive_boundary_margin
0.2897999908924106,0.981445312540129,0.0013160705554388,0.0003051757815635,0.00081062316850115,4.8044924403640525,1.5899546469307514e+17,7.949773234653757e+16,-0.366126537322998,1.4007666427484858e+20,0.2529799913598547,0.2529799913598548,1.0,0.0,confidence_positive_boundary_margin
0.2907999908924106,1.000976562620753,0.0014495849596272,0.000295639038872,0.0008726119992496001,4.288526287013664,1.3312305804129997e+17,6.656152902064998e+16,1.0981959104537964,1.407601822753253e+20,0.0386201355357631,0.0386201355357632,1.0,0.0,confidence_boundary_ambiguous_margin
0.2917999908924106,0.9960937500403728,0.0022315979017574,0.0016021728498802,0.0019168853758188002,5.082493686486688,1.69021503131836e+17,8.4510751565918e+16,-0.366126537322998,1.4233261584444033e+20,0.2663074102482529,0.2663074102482529,1.0,0.0,confidence_positive_boundary_margin
0.2927999908924106,1.1083984375,0.0010490417474144,0.0003433227539062,0.0006961822506603001,5.876461085959713,2.0491994822237203e+17,1.0245997411118602e+17,-0.366126537322998,1.4405350987158417e+20,0.2448357717681301,0.2448357717681301,1.0,0.0,confidence_positive_boundary_margin
0.2937999908924106,1.0644531251217288,0.000972747803157,0.0004768371567237,0.00072479247994035,6.670428485432739,2.408183933129081e+17,1.2040919665645405e+17,1.0981959104537964,1.42071081610611e+20,0.0271326907383144,0.0271326907383144,1.0,0.0,confidence_boundary_ambiguous_margin
0.2947999908924106,1.1669921876220948,0.0002765655519167,0.0001621246319343,0.0002193450919255,7.4643958849057634,2.767168384034441e+17,1.3835841920172205e+17,0.366126537322998,1.433705724132469e+20,0.1127946104310427,0.1127946104310427,1.0,0.0,confidence_boundary_ambiguous_margin
0.2957999908924106,1.184082031236393,-2.8610228907523008e-05,0.0001144409181282,4.2915344610338493e-05,8.258363284378788,3.1261528349398016e+17,1.5630764174699008e+17,0.366126537322998,1.4222187303329073e+20,0.1012070689562998,0.1012070689562998,1.0,0.0,confidence_boundary_ambiguous_margin
0.2967999908924106,1.2353515624045155,5.722045775885065e-05,9.536744389586848e-06,3.337860107421875e-05,7.799932424875192,3.0707800390535e+17,1.53539001952675e+17,-1.0981959104537964,1.404941004614035e+20,0.2482211610657636,0.1623594700611869,0.8888888888888888,0.0111111111111111,confidence_boundary_ambiguous_margin
0.2977999908924106,1.2060546874863256,0.0014877319295341,0.0002670288060831,0.0008773803678086001,7.341501565371596,3.0154072431671994e+17,1.5077036215835997e+17,-1.0981959104537964,1.3865151248729742e+20,0.274833124097311,0.1860778820642749,0.8888888888888888,0.0111111111111111,confidence_boundary_ambiguous_margin
0.2987999908924106,1.3549804687362847,2.14299335655338e-12,1.0714966782766899e-13,1.1250715121905244e-12,6.883070705867999,2.960034447280898e+17,1.480017223640449e+17,-0.366126537322998,1.3248784381603163e+20,0.1672352323275321,0.0869655492154564,0.8888888888888888,0.0111111111111111,confidence_boundary_ambiguous_margin
0.2997999908924106,1.9335937511692445,0.001344680786294,-0.0013732910145503,-1.4305114128150011e-05,6.4246398463644026,2.904661651394597e+17,1.4523308256972986e+17,0.366126537322998,9.166925748712664e+19,-0.0064299894594623,-0.0641089056917009,0.8888888888888888,0.0111111111111111,confidence_boundary_ambiguous_margin
0.3007999908924106,2.1289062499172617,0.0003623962421196,-0.0033760070799703,-0.0015068054189253499,5.966208986860806,2.849288855508296e+17,1.424644427754148e+17,1.0981959104537964,6.845775778421722e+19,-0.2100675221423936,-0.2459612283545678,0.8888888888888888,0.0111111111111111,confidence_negative_leakage_margin
0.3017999908924106,2.5219726558076454,-0.001068115232863,-0.0024223327631318,-0.0017452239979974002,,,,-1.0981959104537964,7.518275792778822e+19,0.0501944181622758,-0.3685352685293416,0.6277777777777778,0.4222222222222222,confidence_negative_leakage_margin
0.3027999908924106,2.3803710935559006,-0.0012588500963564,-0.0025939941393252,-0.0019264221178408,,,,0.366126537322998,5.221090777926887e+19,-0.4491645670537039,-0.6325854925930863,0.6277777777777778,0.4222222222222222,confidence_negative_leakage_margin
0.3037999908924106,1.9824218755422909,-0.0016975402785319,-0.0022125244188423,-0.0019550323486871,,,,-0.366126537322998,4.702186380704979e+19,-0.287009497445858,-0.5520099966189009,0.6277777777777778,0.4222222222222222,confidence_negative_leakage_margin
0.3047999908924106,1.6601562500278777,-0.0013446807877662,-0.00244140625,-0.0018930435188831,,,,1.0981959104537964,4.719103906414592e+19,-0.6664089217702088,-0.7456423395605971,0.6277777777777778,0.4222222222222222,confidence_negative_leakage_margin
0.3057999908924106,1.037597656291918,-0.0015640258782512,-0.0023651123042508,-0.001964569091251,,,,-0.366126537322998,3.777766262191843e+19,-0.3331394532820945,-0.5789761209127742,0.6277777777777778,0.4222222222222222,confidence_negative_leakage_margin
0.3067999908924106,0.4980468751121065,-0.0018882751419409,-0.002288818364192,-0.00208854675306645,,,,-0.366126537322998,2.9571827023919186e+19,-0.1852436050173247,-0.4801645118578281,0.6277777777777778,0.4222222222222222,confidence_negative_leakage_margin
0.3077999908924106,0.2368164062781079,0.0004959106339907,-0.0041961669790119,-0.0018501281725106,,,,-1.0981959104537964,2.2215104673632748e+19,0.0982195298368509,-0.3200243464316156,0.6277777777777778,0.4222222222222222,confidence_negative_leakage_margin
0.3087999908924106,0.2612304687781757,-0.0013351440449498,-0.0025939941401847,-0.00196456909256725,,,,-1.0981959104537964,1.7759909946163462e+19,0.0389000857983008,-0.3571273084037807,0.6277777777777778,0.4222222222222222,confidence_negative_leakage_margin
0.3097999908924106,0.1708984375706086,-0.0013542175301794,-0.0022888183589336,-0.0018215179445565,,,,0.366126537322998,1.4794528185563218e+19,-0.3235160824162201,-0.5386970629071521,0.6277777777777778,0.4222222222222222,confidence_negative_leakage_margin
0.3107999908924106,0.1489257810658889,-0.0014495849607162,-0.0023651123044662,-0.0019073486325912,,,,-0.366126537322998,1.234014005592536e+19,-0.1378756700479802,-0.4437489933835792,0.6277777777777778,0.4222222222222222,confidence_negative_leakage_margin
0.3117999908924106,0.0878906250852182,-0.0015735626219038,-0.0023651123044655,-0.00196933746318465,,,,0.366126537322998,9.039282454283682e+18,-0.3219743727631649,-0.5358157921101137,0.6277777777777778,0.4222222222222222,confidence_negative_leakage_margin
0.3127999908924106,0.0634765625854215,-0.0015163421615287,-0.0023651123037976,-0.00194072723266315,,,,0.366126537322998,6.333212814513013e+18,-0.3261524280439151,-0.5376479625495367,0.6277777777777778,0.4222222222222222,confidence_negative_leakage_margin
0.3137999908924106,0.0732421875,-0.0015258789061385,-0.0019454956083675,-0.001735687257253,,,,1.0981959104537964,5.416759427401253e+18,-0.5253490479591836,-0.6403135981870951,0.6277777777777778,0.4222222222222222,confidence_negative_leakage_margin
0.3147999908924106,0.0488281248568853,-0.0014591217042692,-0.0022125244142861,-0.00183582305927765,,,,-1.0981959104537964,5.90806080511017e+18,0.059155532355436,-0.3400914915563925,0.6277777777777778,0.4222222222222222,confidence_negative_leakage_margin
0.3157999908924106,0.0317382811351829,-0.0014019012434352,-0.0025177001940791,-0.00195980071875715,,,,-0.366126537322998,6.307126351388213e+18,-0.1224952851278987,-0.4317818889548102,0.6277777777777778,0.4222222222222222,confidence_negative_leakage_margin
0.3167999908924106,0.009765625057544,-0.0015640258776137,-0.0018119812004975,-0.0016880035390556,,,,-0.366126537322998,5.149343905874969e+18,-0.1193080521650103,-0.429332157118223,0.6277777777777778,0.4222222222222222,confidence_negative_leakage_margin
0.3177999908924106,0.0073242187788397,-0.0016117095936563,-0.0020217895501053,-0.0018167495718808,,,,-0.366126537322998,4.331598625390985e+18,-0.1237507875814042,-0.431952931104196,0.6277777777777778,0.4222222222222222,confidence_negative_leakage_margin
0.3187999908924106,1.4460546475525415e-11,-0.0013732910168677,-0.0018882751461454,-0.00163078308150655,,,,-0.366126537322998,2.534600801419002e+18,-0.1282657138277332,-0.4343008909589214,0.6277777777777778,0.4222222222222222,confidence_negative_leakage_margin
0.3197999908924106,1.4501204056993622e-11,-0.0015163421613299,-0.0019645690915702,-0.00174045562645005,,,,-0.366126537322998,8.846302220690391e+17,-0.138068496933034,-0.4401395577365294,0.6277777777777778,0.4222222222222222,confidence_negative_leakage_margin
0.3207999908924106,0.0024414062209298,-0.0009918212846338,-0.002059936523551,-0.0015258789040924,,,,1.0981959104537964,2.4923641617496146e+18,-0.5059574375295359,-0.6267541998745021,0.6277777777777778,0.4222222222222222,confidence_negative_leakage_margin
0.3217999908924106,-0.00244140625,-0.0016212463362971,-0.0017166137675963,-0.0016689300519466999,,,,-1.0981959104537964,3.083672719074525e+18,0.0669357482876376,-0.3341121532587798,0.6277777777777778,0.4222222222222222,confidence_negative_leakage_margin
0.3227999908924106,0.0,-0.001506805418381,-0.0014495849623071,-0.0014781951903440498,,,,-0.366126537322998,3.903565345767555e+18,-0.1180101237120848,-0.4280817413840279,0.6277777777777778,0.4222222222222222,confidence_negative_leakage_margin
0.3237999908924106,-0.0024414062353497,-0.0014114379870794,-0.0017166137695312,-0.0015640258783053,,,,0.366126537322998,4.790800860638609e+18,-0.3058012053014282,-0.5239160510238384,0.6277777777777778,0.4222222222222222,confidence_negative_leakage_margin
0.3247999908924106,-0.00244140625,-0.0014495849611669,-0.0019836425751422,-0.00171661376815455,,,,0.366126537322998,4.189486747500937e+18,-0.3116707167319727,-0.5275348968949236,0.6277777777777778,0.4222222222222222,confidence_negative_leakage_margin
0.3257999908924106,-0.00244140625,-0.0014400482182908,-0.0017929077153036,-0.0016164779667971999,,,,-1.0981959104537964,2.10821459021398e+18,0.0614159638360248,-0.3373815139053304,0.6277777777777778,0.4222222222222222,confidence_negative_leakage_margin
0.3267999908924106,-0.00244140625,-0.00141143798782,-0.0015449523922322,-0.0014781951900261002,,,,1.0981959104537964,-3.2600052471116595e+17,-0.5143086576708646,-0.6316631415152428,0.6277777777777778,0.4222222222222222,confidence_negative_leakage_margin
0.3277999908924106,-0.00244140625,-0.0012779235852561,-0.0013923645011437,-0.0013351440431999,,,,-1.0981959104537964,-5.547322035153142e+17,0.0620362939745175,-0.3365843774911988,0.6277777777777778,0.4222222222222222,confidence_negative_leakage_margin
0.3287999908924106,-0.00244140625,-0.001430511474957,-0.0013160705590742,-0.0013732910170155999,,,,0.366126537322998,2.0814018996590344e+18,-0.3154280565855178,-0.5292888518005273,0.6277777777777778,0.4222222222222222,confidence_negative_leakage_margin
0.3297999908924106,-0.00244140625,-0.0013923645021273,-0.0018882751445098,-0.00164031982331855,,,,0.366126537322998,3.673004354492695e+18,-0.3128825545436908,-0.52815395352859,0.6277777777777778,0.4222222222222222,confidence_negative_leakage_margin
0.3307999908924106,-0.00244140625,-0.0013923644977603,-0.0015640258825167,-0.0014781951901385,,,,-0.366126537322998,3.842533104577151e+18,-0.1177096068670165,-0.4278664776466648,0.6277777777777778,0.4222222222222222,confidence_negative_leakage_margin
0.3317999908924106,-0.00244140625,-0.0013828277598985,-0.001430511475894,-0.00140666961789625,,,,0.366126537322998,3.554773869157941e+18,-0.3085477879403008,-0.5252977515081103,0.6277777777777778,0.4222222222222222,confidence_negative_leakage_margin
0.3327999908924106,-0.00244140625,-0.0012016296392571,-0.0019073486288328,-0.00155448913404495,,,,-1.0981959104537964,1.891641585867686e+18,0.0627549976439714,-0.336440428142701,0.6277777777777778,0.4222222222222222,confidence_negative_leakage_margin
0.3337999908924106,-0.00244140625,-0.0012207031255865,-0.0014114379875773,-0.0013160705565819,,,,-0.366126537322998,1.9925987435300785e+18,-0.1227450099664251,-0.4305354630162033,0.6277777777777778,0.4222222222222222,confidence_negative_leakage_margin
0.3347999908924106,-0.00244140625,-0.0014686584457364,-0.0016021728521506,-0.0015354156489435001,,,,0.366126537322998,2.742269960603566e+18,-0.3154070113741918,-0.5294909540787727,0.6277777777777778,0.4222222222222222,confidence_negative_leakage_margin
0.3357999908924106,-0.00244140625,-0.00144958495964,-0.00158309936606,-0.00151634216285,,,,0.366126537322998,1.3933143288572805e+18,-0.3219393296522188,-0.5332965101187694,0.6277777777777778,0.4222222222222222,confidence_negative_leakage_margin
0.3367999908924106,-0.00244140625,-0.0013732910143837,-0.0017738342260331,-0.0015735626202084,,,,-1.0981959104537964,1.353140373001601e+18,0.0588593490351581,-0.3387967723751315,0.6277777777777778,0.4222222222222222,confidence_negative_leakage_margin
0.3377999908924106,-0.0048828124848347,-0.0014686584469694,-0.0016975402840324,-0.0015830993655009,,,,-1.0981959104537964,2.1136659688644936e+18,0.0632270059114827,-0.3362061164994129,0.6277777777777778,0.4222222222222222,confidence_negative_leakage_margin
0.3387999908924106,-0.00244140625,-0.0014209747312077,-0.0014114379899443,-0.001416206360576,,,,-1.0981959104537964,2.133578124443517e+18,0.0658151847942988,-0.3345303017927645,0.6277777777777778,0.4222222222222222,confidence_negative_leakage_margin
0.3397999908924106,-0.00244140625,-0.0024318694967708,-0.0016212463397964,-0.0020265579182836,,,,0.366126537322998,6.150756006709166e+17,-0.324790596733263,-0.5349893357503799,0.6277777777777778,0.4222222222222222,confidence_negative_leakage_margin
0.3407999908924106,-0.0048828124847195,-0.0013923645018337,-0.0016212463377712,-0.00150680541980245,,,,1.0981959104537964,9.34672844539822e+16,-0.5138836029374252,-0.6313868559385072,0.6277777777777778,0.4222222222222222,confidence_negative_leakage_margin
0.3417999908924106,-0.0024414062653143,-0.0012397766086959,-0.0013732910175392,-0.00130653381311755,,,,-0.366126537322998,1.349453985391575e+17,-0.1280792872402889,-0.433646571436245,0.6277777777777778,0.4222222222222222,confidence_negative_leakage_margin
0.3427999908924106,-0.00244140625,-0.0016021728522222,-0.0016975402792444,-0.0016498565657333,,,,-1.0981959104537964,9.531572842701784e+17,0.0565033289223176,-0.3401975859805934,0.6277777777777778,0.4222222222222222,confidence_negative_leakage_margin
0.3437999908924106,-0.0048828124846043,-0.001211166384061,-0.0015258789042052,-0.0013685226441331,,,,-1.0981959104537964,6.115813527178445e+17,0.0625867896723165,-0.3362265552876295,0.6277777777777778,0.4222222222222222,confidence_negative_leakage_margin
0.3447999908924106,-0.00244140625,-0.0012207031260246,-0.0017356872517609,-0.0014781951888927498,,,,0.366126537322998,-3.949335815808614e+16,-0.3225154232791208,-0.5335104730051874,0.6277777777777778,0.4222222222222222,confidence_negative_leakage_margin
0.3457999908924106,-0.0048828125,-0.001125335694809,-0.0013542175306257,-0.00123977661271735,,,,-1.0981959104537964,-1.3209862549589197e+18,0.0656806807753744,-0.3342155260706418,0.6277777777777778,0.4222222222222222,confidence_negative_leakage_margin
0.3467999908924106,-0.0048828124844959,-0.0012111663815936,-0.0016212463352258,-0.0014162063584097,,,,0.366126537322998,-1.4836809905209344e+17,-0.3202432264813709,-0.5320335450866499,0.6277777777777778,0.4222222222222222,confidence_negative_leakage_margin
0.3477999908924106,-0.00244140625,-0.0008583068869516,-0.0016021728510767,-0.00123023986901415,,,,0.366126537322998,2.1963844276453376e+18,-0.309166342919017,-0.5252562811469885,0.6277777777777778,0.4222222222222222,confidence_negative_leakage_margin
0.3487999908924106,-0.0024414062655786,-0.00114440917987,-0.0012969970705559,-0.0012207031252129499,,,,-1.0981959104537964,3.7421262524844605e+18,0.0792302979972128,-0.3263356892398042,0.6277777777777778,0.4222222222222222,confidence_negative_leakage_margin
0.3497999908924106,-0.0024414062656125,-0.0011062622069092,-0.0013923644998795,-0.00124931335339435,,,,-1.0981959104537964,2.0940770697040364e+18,0.0705887863011799,-0.3314145632261807,0.6277777777777778,0.4222222222222222,confidence_negative_leakage_margin
0.3507999908924106,-0.0048828124843468,-0.0013160705545616,-0.001525878905027,-0.0014209747297942998,,,,-0.366126537322998,5.169024064500531e+17,-0.1298968487001784,-0.4348279863851732,0.6277777777777778,0.4222222222222222,confidence_negative_leakage_margin
0.3517999908924106,-0.0048828125,-0.0012207031240191,-0.0012207031289234,-0.00122070312647125,,,,-0.366126537322998,-2.5118123234217165e+17,-0.1252641513824037,-0.4318167331286197,0.6277777777777778,0.4222222222222222,confidence_negative_leakage_margin
0.3527999908924106,-0.0048828125,-0.001163482666077,-0.0015830993630226,-0.0013732910145498,,,,0.366126537322998,2.921446375465943e+17,-0.3191219183751555,-0.5313046948176099,0.6277777777777778,0.4222222222222222,confidence_negative_leakage_margin
0.3537999908924106,-0.00244140625,-0.0011444091787024,-0.0014495849613069,-0.00129699707000465,,,,0.366126537322998,2.41681451878187e+18,-0.3108107435872816,-0.5263971147557751,0.6277777777777778,0.4222222222222222,confidence_negative_leakage_margin
0.3547999908924106,-0.0048828125,-0.0013256072988787,-0.0012588500980266,-0.00129222869845265,,,,0.366126537322998,3.460066335587828e+18,-0.3054277144134504,-0.5232387805245593,0.6277777777777778,0.4222222222222222,confidence_negative_leakage_margin
0.3557999908924106,-0.0048828125,-0.0012683868395825,-0.0013542175299157,-0.0013113021847491,,,,0.366126537322998,4.045305588727415e+18,-0.3026355960694678,-0.5216149915174313,0.6277777777777778,0.4222222222222222,confidence_negative_leakage_margin
0.3567999908924106,-0.0048828124841232,-0.0011920928959419,-0.0015258789058778,-0.0013589859009098498,,,,0.366126537322998,3.333978740160987e+18,-0.3068210470447069,-0.5241032775621448,0.6277777777777778,0.4222222222222222,confidence_negative_leakage_margin
0.3577999908924106,-0.0048828125,-0.0012969970688208,-0.0014686584468927,-0.0013828277578567501,,,,0.366126537322998,2.2385572956403136e+18,-0.3132803594153119,-0.5279441618370475,0.6277777777777778,0.4222222222222222,confidence_negative_leakage_margin
0.3587999908924106,-0.0048828125,-0.0038146972468074,-0.0003623962488331,-0.00208854674782025,,,,-0.366126537322998,2.1300706823509115e+18,-0.1136421157373461,-0.4246634680701603,0.6277777777777778,0.4222222222222222,confidence_negative_leakage_margin
0.3597999908924106,-0.0048828125,-0.0010108947748284,-0.0015640258802805,-0.00128746032755445,,,,-0.366126537322998,2.3130514074453934e+18,-0.1186256969040032,-0.4279625413177437,0.6277777777777778,0.4222222222222222,confidence_negative_leakage_margin
0.3607999908924106,-0.0048828125,-0.0013923645003254,-0.001201629639423,-0.0012969970698742,,,,1.0981959104537964,3.067142661262541e+18,-0.4986962118441963,-0.6222220755289448,0.6277777777777778,0.4222222222222222,confidence_negative_leakage_margin
0.3617999908924106,-0.0048828124839402,-0.0010490417485487,-0.0011444091801893,-0.001096725464369,,,,-0.366126537322998,2.719799791222522e+18,-0.1127925147709396,-0.42430378135236,0.6277777777777778,0.4222222222222222,confidence_negative_leakage_margin
0.3627999908924106,-0.0024414062661004,-0.0012779235825378,-0.0013542175290453,-0.0013160705557915498,,,,0.366126537322998,2.573563095460872e+18,-0.3110569689143732,-0.5266083415839616,0.6277777777777778,0.4222222222222222,confidence_negative_leakage_margin
0.3637999908924106,-0.0048828125,-0.0011062622066529,-0.0017356872528329,-0.0014209747297429,,,,-1.0981959104537964,1.6024854209253868e+18,0.0654831121852201,-0.3345727405960839,0.6277777777777778,0.4222222222222222,confidence_negative_leakage_margin
0.3647999908924106,-0.0048828125,-0.0009632110617817,-0.0012588500998044,-0.00111103058079305,,,,-0.366126537322998,1.039333157364564e+18,-0.1210720066759312,-0.4291367577724055,0.6277777777777778,0.4222222222222222,confidence_negative_leakage_margin
0.3657999908924106,-0.0024414062662088,-0.0010681152348182,-0.0012969970710722,-0.0011825561529451999,,,,-0.366126537322998,2.3844009159950336e+17,-0.1246799330566363,-0.4314369912168709,0.6277777777777778,0.4222222222222222,confidence_negative_leakage_margin
0.3667999908924106,-0.0048828125,-0.0011444091786719,-0.0012588500975293,-0.0012016296381006,,,,-0.366126537322998,8.799743400812216e+17,-0.1245057602014438,-0.4313237788609957,0.6277777777777778,0.4222222222222222,confidence_negative_leakage_margin
0.3677999908924106,-0.0048828125,-0.0009632110600157,-0.0009918212898261,-0.0009775161749209,,,,0.366126537322998,1.8652401126615288e+18,-0.3051032039108284,-0.522507118042109,0.6277777777777778,0.4222222222222222,confidence_negative_leakage_margin
0.3687999908924106,-0.0048828125,-0.0011253356934869,-0.0011444091808352,-0.0011348724371610499,,,,-1.0981959104537964,9.742684572792914e+17,0.0682334067310784,-0.3325799284662284,0.6277777777777778,0.4222222222222222,confidence_negative_leakage_margin
0.3697999908924106,-0.0024414062663579,-0.0010108947765407,-0.0013351440422019,-0.0011730194093713,,,,-1.0981959104537964,-1.0498576826656358e+17,0.0666823972680858,-0.3335644103503794,0.6277777777777778,0.4222222222222222,confidence_negative_leakage_margin
0.3707999908924106,-0.0048828125,-0.0009727478036311,-0.0013351440424562,-0.00115394592304365,,,,0.366126537322998,-1.071493872477012e+18,-0.313640818815831,-0.5277419801040489,0.6277777777777778,0.4222222222222222,confidence_negative_leakage_margin
0.3717999908924106,-0.0048828125,-0.0011730194060973,-0.001392364503109,-0.00128269195460315,,,,-0.366126537322998,-2.1000237783428628e+18,-0.1263337509446963,-0.4325119728441098,0.6277777777777778,0.4222222222222222,confidence_negative_leakage_margin
0.3727999908924106,-0.0048828125,-0.0011634826658869,-0.0014114379866082,-0.00128746032624755,,,,-0.366126537322998,-2.2326507191759007e+18,-0.1263883321403534,-0.4325474506212869,0.6277777777777778,0.4222222222222222,confidence_negative_leakage_margin
0.3737999908924106,-0.0024414062665069,-0.0009250640887839,-0.0008201599153333,-0.0008726120020586001,,,,0.366126537322998,-2.246786040662589e+17,-0.3084727389657145,-0.5243827282014732,0.6277777777777778,0.4222222222222222,confidence_negative_leakage_margin
0.3747999908924107,-0.0024414062665476,-0.00139236449982,-0.0016021728488476,-0.0014972686743338001,,,,0.366126537322998,1.7997949815530455e+18,-0.3192425498657742,-0.5316763242611504,0.6277777777777778,0.4222222222222222,confidence_negative_leakage_margin
0.3757999908924107,-0.00244140625,-0.0008964538622169,-0.0016021728479338,-0.00124931335507535,,,,0.366126537322998,2.4025032754347377e+18,-0.3087161478387695,-0.52503095471977,0.6277777777777778,0.4222222222222222,confidence_negative_leakage_margin
