

====================================================================================================
COMMAND: C:\Users\igorc\AppData\Local\Microsoft\WindowsApps\PythonSoftwareFoundation.Python.3.13_qbz5n2kfra8p0\python.exe components\tokamark_one_shot_array_probe.py --shot-id 12069 --out-dir outputs\reports
====================================================================================================
Fetching metadata: https://s3.echo.stfc.ac.uk/mast/tokamark/v1/12069.zarr/.zmetadata
Reading summary_power_nbi: summary/power_nbi
Reading summary_ip: summary/ip
Reading interferometer_n_e_line: interferometer/n_e_line
Reading dalpha_voltage: spectrometer_visible/filter_spectrometer_dalpha_voltage
Reading soft_x_lower: soft_x_rays/horizontal_cam_lower
Reading soft_x_upper: soft_x_rays/horizontal_cam_upper
Reading thomson_t_e: thomson_scattering/t_e
Reading thomson_n_e: thomson_scattering/n_e
Reading equilibrium_q95: equilibrium/q95
Reading equilibrium_elongation: equilibrium/elongation
Reading equilibrium_triangularity_upper: equilibrium/triangularity_upper
Reading equilibrium_triangularity_lower: equilibrium/triangularity_lower
Reading equilibrium_minor_radius: equilibrium/minor_radius
Reading equilibrium_beta_normal: equilibrium/beta_normal
Reading equilibrium_beta_pol: equilibrium/beta_pol
Reading equilibrium_whmd: equilibrium/whmd
C:\Users\igorc\OneDrive\Desktop\UNNS_SUBSTRATE(desktop)\TRANSFER\Bulk_2\REGIME_SYNTHESIS\UNNS-H Mode Project\unns_hmode_project\components\tokamark_one_shot_array_probe.py:388: RuntimeWarning: All-NaN slice encountered
  return np.nanmedian(arr, axis=0)
C:\Users\igorc\OneDrive\Desktop\UNNS_SUBSTRATE(desktop)\TRANSFER\Bulk_2\REGIME_SYNTHESIS\UNNS-H Mode Project\unns_hmode_project\components\tokamark_one_shot_array_probe.py:414: RuntimeWarning: All-NaN slice encountered
  edge_median = np.nanmedian(edge, axis=0)
C:\Users\igorc\OneDrive\Desktop\UNNS_SUBSTRATE(desktop)\TRANSFER\Bulk_2\REGIME_SYNTHESIS\UNNS-H Mode Project\unns_hmode_project\components\tokamark_one_shot_array_probe.py:415: RuntimeWarning: All-NaN slice encountered
  core_median = np.nanmedian(core, axis=0)
C:\Users\igorc\OneDrive\Desktop\UNNS_SUBSTRATE(desktop)\TRANSFER\Bulk_2\REGIME_SYNTHESIS\UNNS-H Mode Project\unns_hmode_project\components\tokamark_one_shot_array_probe.py:419: RuntimeWarning: All-NaN slice encountered
  grad = np.nanmedian(np.abs(np.gradient(arr, axis=0)), axis=0)
C:\Users\igorc\OneDrive\Desktop\UNNS_SUBSTRATE(desktop)\TRANSFER\Bulk_2\REGIME_SYNTHESIS\UNNS-H Mode Project\unns_hmode_project\components\tokamark_one_shot_array_probe.py:388: RuntimeWarning: All-NaN slice encountered
  return np.nanmedian(arr, axis=0)
C:\Users\igorc\OneDrive\Desktop\UNNS_SUBSTRATE(desktop)\TRANSFER\Bulk_2\REGIME_SYNTHESIS\UNNS-H Mode Project\unns_hmode_project\components\tokamark_one_shot_array_probe.py:414: RuntimeWarning: All-NaN slice encountered
  edge_median = np.nanmedian(edge, axis=0)
C:\Users\igorc\OneDrive\Desktop\UNNS_SUBSTRATE(desktop)\TRANSFER\Bulk_2\REGIME_SYNTHESIS\UNNS-H Mode Project\unns_hmode_project\components\tokamark_one_shot_array_probe.py:415: RuntimeWarning: All-NaN slice encountered
  core_median = np.nanmedian(core, axis=0)
C:\Users\igorc\OneDrive\Desktop\UNNS_SUBSTRATE(desktop)\TRANSFER\Bulk_2\REGIME_SYNTHESIS\UNNS-H Mode Project\unns_hmode_project\components\tokamark_one_shot_array_probe.py:419: RuntimeWarning: All-NaN slice encountered
  grad = np.nanmedian(np.abs(np.gradient(arr, axis=0)), axis=0)
One-shot array probe complete.
CSV:     outputs\reports\tokamark_shot_12069_signal_probe.csv
JSON:    outputs\reports\tokamark_shot_12069_signal_probe.json
Report:  outputs\reports\tokamark_shot_12069_signal_probe.md
Preview: outputs\reports\tokamark_shot_12069_proxy_timeseries_preview.csv
Loaded arrays: 16
Failed arrays: 0

RETURN_CODE: 0


====================================================================================================
COMMAND: C:\Users\igorc\AppData\Local\Microsoft\WindowsApps\PythonSoftwareFoundation.Python.3.13_qbz5n2kfra8p0\python.exe components\tokamark_m_edge_t_probe.py --shot-id 12069 --out-dir outputs\reports
====================================================================================================
Fetching metadata: https://s3.echo.stfc.ac.uk/mast/tokamark/v1/12069.zarr/.zmetadata
Reading summary_power_nbi: summary/power_nbi
Reading summary_ip: summary/ip
Reading interferometer_n_e_line: interferometer/n_e_line
Reading dalpha_voltage: spectrometer_visible/filter_spectrometer_dalpha_voltage
Reading soft_x_lower: soft_x_rays/horizontal_cam_lower
Reading soft_x_upper: soft_x_rays/horizontal_cam_upper
Reading thomson_t_e: thomson_scattering/t_e
Reading thomson_n_e: thomson_scattering/n_e
Reading equilibrium_q95: equilibrium/q95
Reading equilibrium_elongation: equilibrium/elongation
Reading equilibrium_triangularity_upper: equilibrium/triangularity_upper
Reading equilibrium_triangularity_lower: equilibrium/triangularity_lower
Reading equilibrium_minor_radius: equilibrium/minor_radius
Reading equilibrium_beta_normal: equilibrium/beta_normal
Reading equilibrium_beta_pol: equilibrium/beta_pol
Reading equilibrium_whmd: equilibrium/whmd
C:\Users\igorc\OneDrive\Desktop\UNNS_SUBSTRATE(desktop)\TRANSFER\Bulk_2\REGIME_SYNTHESIS\UNNS-H Mode Project\unns_hmode_project\components\tokamark_m_edge_t_probe.py:344: RuntimeWarning: All-NaN slice encountered
  return np.nanmedian(arr, axis=0)
C:\Users\igorc\OneDrive\Desktop\UNNS_SUBSTRATE(desktop)\TRANSFER\Bulk_2\REGIME_SYNTHESIS\UNNS-H Mode Project\unns_hmode_project\components\tokamark_m_edge_t_probe.py:372: RuntimeWarning: All-NaN slice encountered
  edge_median = np.nanmedian(edge, axis=0)
C:\Users\igorc\OneDrive\Desktop\UNNS_SUBSTRATE(desktop)\TRANSFER\Bulk_2\REGIME_SYNTHESIS\UNNS-H Mode Project\unns_hmode_project\components\tokamark_m_edge_t_probe.py:373: RuntimeWarning: All-NaN slice encountered
  core_median = np.nanmedian(core, axis=0)
C:\Users\igorc\OneDrive\Desktop\UNNS_SUBSTRATE(desktop)\TRANSFER\Bulk_2\REGIME_SYNTHESIS\UNNS-H Mode Project\unns_hmode_project\components\tokamark_m_edge_t_probe.py:379: RuntimeWarning: All-NaN slice encountered
  grad = np.nanmedian(np.abs(np.gradient(arr, axis=0)), axis=0)
Computing normalized m_edge(t)...
m_edge(t) probe complete.
CSV:    outputs\reports\tokamark_shot_12069_m_edge_t_probe.csv
JSON:   outputs\reports\tokamark_shot_12069_m_edge_t_probe.json
Report: outputs\reports\tokamark_shot_12069_m_edge_t_probe.md
State counts:
  positive_boundary_margin: 151
  boundary_ambiguous_margin: 122
  negative_leakage_margin: 44
  insufficient_data: 19

RETURN_CODE: 0


====================================================================================================
COMMAND: C:\Users\igorc\AppData\Local\Microsoft\WindowsApps\PythonSoftwareFoundation.Python.3.13_qbz5n2kfra8p0\python.exe components\tokamark_m_edge_trace_inspector.py --input outputs\reports\tokamark_shot_12069_m_edge_t_probe.csv --shot-id 12069 --out-dir outputs\reports
====================================================================================================
Trace inspection complete.
Windows CSV: outputs\reports\tokamark_shot_12069_m_edge_trace_inspection_windows.csv
Summary:     outputs\reports\tokamark_shot_12069_m_edge_trace_inspection_summary.json
Report:      outputs\reports\tokamark_shot_12069_m_edge_trace_inspection.md
Interpretability counts:
  interpretable_positive_candidate: 10
  interpretable_negative_candidate: 4

RETURN_CODE: 0


====================================================================================================
COMMAND: C:\Users\igorc\AppData\Local\Microsoft\WindowsApps\PythonSoftwareFoundation.Python.3.13_qbz5n2kfra8p0\python.exe components\tokamark_one_shot_array_probe.py --shot-id 12076 --out-dir outputs\reports
====================================================================================================
Fetching metadata: https://s3.echo.stfc.ac.uk/mast/tokamark/v1/12076.zarr/.zmetadata
Reading summary_power_nbi: summary/power_nbi
Reading summary_ip: summary/ip
Reading interferometer_n_e_line: interferometer/n_e_line
Reading dalpha_voltage: spectrometer_visible/filter_spectrometer_dalpha_voltage
Reading soft_x_lower: soft_x_rays/horizontal_cam_lower
Reading soft_x_upper: soft_x_rays/horizontal_cam_upper
Reading thomson_t_e: thomson_scattering/t_e
Reading thomson_n_e: thomson_scattering/n_e
Reading equilibrium_q95: equilibrium/q95
Reading equilibrium_elongation: equilibrium/elongation
Reading equilibrium_triangularity_upper: equilibrium/triangularity_upper
Reading equilibrium_triangularity_lower: equilibrium/triangularity_lower
Reading equilibrium_minor_radius: equilibrium/minor_radius
Reading equilibrium_beta_normal: equilibrium/beta_normal
Reading equilibrium_beta_pol: equilibrium/beta_pol
Reading equilibrium_whmd: equilibrium/whmd
C:\Users\igorc\OneDrive\Desktop\UNNS_SUBSTRATE(desktop)\TRANSFER\Bulk_2\REGIME_SYNTHESIS\UNNS-H Mode Project\unns_hmode_project\components\tokamark_one_shot_array_probe.py:388: RuntimeWarning: All-NaN slice encountered
  return np.nanmedian(arr, axis=0)
C:\Users\igorc\OneDrive\Desktop\UNNS_SUBSTRATE(desktop)\TRANSFER\Bulk_2\REGIME_SYNTHESIS\UNNS-H Mode Project\unns_hmode_project\components\tokamark_one_shot_array_probe.py:414: RuntimeWarning: All-NaN slice encountered
  edge_median = np.nanmedian(edge, axis=0)
C:\Users\igorc\OneDrive\Desktop\UNNS_SUBSTRATE(desktop)\TRANSFER\Bulk_2\REGIME_SYNTHESIS\UNNS-H Mode Project\unns_hmode_project\components\tokamark_one_shot_array_probe.py:415: RuntimeWarning: All-NaN slice encountered
  core_median = np.nanmedian(core, axis=0)
C:\Users\igorc\OneDrive\Desktop\UNNS_SUBSTRATE(desktop)\TRANSFER\Bulk_2\REGIME_SYNTHESIS\UNNS-H Mode Project\unns_hmode_project\components\tokamark_one_shot_array_probe.py:419: RuntimeWarning: All-NaN slice encountered
  grad = np.nanmedian(np.abs(np.gradient(arr, axis=0)), axis=0)
C:\Users\igorc\OneDrive\Desktop\UNNS_SUBSTRATE(desktop)\TRANSFER\Bulk_2\REGIME_SYNTHESIS\UNNS-H Mode Project\unns_hmode_project\components\tokamark_one_shot_array_probe.py:388: RuntimeWarning: All-NaN slice encountered
  return np.nanmedian(arr, axis=0)
C:\Users\igorc\OneDrive\Desktop\UNNS_SUBSTRATE(desktop)\TRANSFER\Bulk_2\REGIME_SYNTHESIS\UNNS-H Mode Project\unns_hmode_project\components\tokamark_one_shot_array_probe.py:414: RuntimeWarning: All-NaN slice encountered
  edge_median = np.nanmedian(edge, axis=0)
C:\Users\igorc\OneDrive\Desktop\UNNS_SUBSTRATE(desktop)\TRANSFER\Bulk_2\REGIME_SYNTHESIS\UNNS-H Mode Project\unns_hmode_project\components\tokamark_one_shot_array_probe.py:415: RuntimeWarning: All-NaN slice encountered
  core_median = np.nanmedian(core, axis=0)
C:\Users\igorc\OneDrive\Desktop\UNNS_SUBSTRATE(desktop)\TRANSFER\Bulk_2\REGIME_SYNTHESIS\UNNS-H Mode Project\unns_hmode_project\components\tokamark_one_shot_array_probe.py:419: RuntimeWarning: All-NaN slice encountered
  grad = np.nanmedian(np.abs(np.gradient(arr, axis=0)), axis=0)
One-shot array probe complete.
CSV:     outputs\reports\tokamark_shot_12076_signal_probe.csv
JSON:    outputs\reports\tokamark_shot_12076_signal_probe.json
Report:  outputs\reports\tokamark_shot_12076_signal_probe.md
Preview: outputs\reports\tokamark_shot_12076_proxy_timeseries_preview.csv
Loaded arrays: 16
Failed arrays: 0

RETURN_CODE: 0


====================================================================================================
COMMAND: C:\Users\igorc\AppData\Local\Microsoft\WindowsApps\PythonSoftwareFoundation.Python.3.13_qbz5n2kfra8p0\python.exe components\tokamark_m_edge_t_probe.py --shot-id 12076 --out-dir outputs\reports
====================================================================================================
Fetching metadata: https://s3.echo.stfc.ac.uk/mast/tokamark/v1/12076.zarr/.zmetadata
Reading summary_power_nbi: summary/power_nbi
Reading summary_ip: summary/ip
Reading interferometer_n_e_line: interferometer/n_e_line
Reading dalpha_voltage: spectrometer_visible/filter_spectrometer_dalpha_voltage
Reading soft_x_lower: soft_x_rays/horizontal_cam_lower
Reading soft_x_upper: soft_x_rays/horizontal_cam_upper
Reading thomson_t_e: thomson_scattering/t_e
Reading thomson_n_e: thomson_scattering/n_e
Reading equilibrium_q95: equilibrium/q95
Reading equilibrium_elongation: equilibrium/elongation
Reading equilibrium_triangularity_upper: equilibrium/triangularity_upper
Reading equilibrium_triangularity_lower: equilibrium/triangularity_lower
Reading equilibrium_minor_radius: equilibrium/minor_radius
Reading equilibrium_beta_normal: equilibrium/beta_normal
Reading equilibrium_beta_pol: equilibrium/beta_pol
Reading equilibrium_whmd: equilibrium/whmd
C:\Users\igorc\OneDrive\Desktop\UNNS_SUBSTRATE(desktop)\TRANSFER\Bulk_2\REGIME_SYNTHESIS\UNNS-H Mode Project\unns_hmode_project\components\tokamark_m_edge_t_probe.py:344: RuntimeWarning: All-NaN slice encountered
  return np.nanmedian(arr, axis=0)
C:\Users\igorc\OneDrive\Desktop\UNNS_SUBSTRATE(desktop)\TRANSFER\Bulk_2\REGIME_SYNTHESIS\UNNS-H Mode Project\unns_hmode_project\components\tokamark_m_edge_t_probe.py:372: RuntimeWarning: All-NaN slice encountered
  edge_median = np.nanmedian(edge, axis=0)
C:\Users\igorc\OneDrive\Desktop\UNNS_SUBSTRATE(desktop)\TRANSFER\Bulk_2\REGIME_SYNTHESIS\UNNS-H Mode Project\unns_hmode_project\components\tokamark_m_edge_t_probe.py:373: RuntimeWarning: All-NaN slice encountered
  core_median = np.nanmedian(core, axis=0)
C:\Users\igorc\OneDrive\Desktop\UNNS_SUBSTRATE(desktop)\TRANSFER\Bulk_2\REGIME_SYNTHESIS\UNNS-H Mode Project\unns_hmode_project\components\tokamark_m_edge_t_probe.py:379: RuntimeWarning: All-NaN slice encountered
  grad = np.nanmedian(np.abs(np.gradient(arr, axis=0)), axis=0)
Computing normalized m_edge(t)...
m_edge(t) probe complete.
CSV:    outputs\reports\tokamark_shot_12076_m_edge_t_probe.csv
JSON:   outputs\reports\tokamark_shot_12076_m_edge_t_probe.json
Report: outputs\reports\tokamark_shot_12076_m_edge_t_probe.md
State counts:
  boundary_ambiguous_margin: 189
  positive_boundary_margin: 72
  insufficient_data: 60
  negative_leakage_margin: 50

RETURN_CODE: 0


====================================================================================================
COMMAND: C:\Users\igorc\AppData\Local\Microsoft\WindowsApps\PythonSoftwareFoundation.Python.3.13_qbz5n2kfra8p0\python.exe components\tokamark_m_edge_trace_inspector.py --input outputs\reports\tokamark_shot_12076_m_edge_t_probe.csv --shot-id 12076 --out-dir outputs\reports
====================================================================================================
Trace inspection complete.
Windows CSV: outputs\reports\tokamark_shot_12076_m_edge_trace_inspection_windows.csv
Summary:     outputs\reports\tokamark_shot_12076_m_edge_trace_inspection_summary.json
Report:      outputs\reports\tokamark_shot_12076_m_edge_trace_inspection.md
Interpretability counts:
  interpretable_positive_candidate: 3
  interpretable_negative_candidate: 2

RETURN_CODE: 0


====================================================================================================
COMMAND: C:\Users\igorc\AppData\Local\Microsoft\WindowsApps\PythonSoftwareFoundation.Python.3.13_qbz5n2kfra8p0\python.exe components\tokamark_one_shot_array_probe.py --shot-id 11823 --out-dir outputs\reports
====================================================================================================
Fetching metadata: https://s3.echo.stfc.ac.uk/mast/tokamark/v1/11823.zarr/.zmetadata
Reading summary_power_nbi: summary/power_nbi
Reading summary_ip: summary/ip
Reading interferometer_n_e_line: interferometer/n_e_line
Reading dalpha_voltage: spectrometer_visible/filter_spectrometer_dalpha_voltage
Reading soft_x_lower: soft_x_rays/horizontal_cam_lower
Reading soft_x_upper: soft_x_rays/horizontal_cam_upper
Reading thomson_t_e: thomson_scattering/t_e
Reading thomson_n_e: thomson_scattering/n_e
Reading equilibrium_q95: equilibrium/q95
Reading equilibrium_elongation: equilibrium/elongation
Reading equilibrium_triangularity_upper: equilibrium/triangularity_upper
Reading equilibrium_triangularity_lower: equilibrium/triangularity_lower
Reading equilibrium_minor_radius: equilibrium/minor_radius
Reading equilibrium_beta_normal: equilibrium/beta_normal
Reading equilibrium_beta_pol: equilibrium/beta_pol
Reading equilibrium_whmd: equilibrium/whmd
C:\Users\igorc\OneDrive\Desktop\UNNS_SUBSTRATE(desktop)\TRANSFER\Bulk_2\REGIME_SYNTHESIS\UNNS-H Mode Project\unns_hmode_project\components\tokamark_one_shot_array_probe.py:388: RuntimeWarning: All-NaN slice encountered
  return np.nanmedian(arr, axis=0)
C:\Users\igorc\OneDrive\Desktop\UNNS_SUBSTRATE(desktop)\TRANSFER\Bulk_2\REGIME_SYNTHESIS\UNNS-H Mode Project\unns_hmode_project\components\tokamark_one_shot_array_probe.py:414: RuntimeWarning: All-NaN slice encountered
  edge_median = np.nanmedian(edge, axis=0)
C:\Users\igorc\OneDrive\Desktop\UNNS_SUBSTRATE(desktop)\TRANSFER\Bulk_2\REGIME_SYNTHESIS\UNNS-H Mode Project\unns_hmode_project\components\tokamark_one_shot_array_probe.py:415: RuntimeWarning: All-NaN slice encountered
  core_median = np.nanmedian(core, axis=0)
C:\Users\igorc\OneDrive\Desktop\UNNS_SUBSTRATE(desktop)\TRANSFER\Bulk_2\REGIME_SYNTHESIS\UNNS-H Mode Project\unns_hmode_project\components\tokamark_one_shot_array_probe.py:419: RuntimeWarning: All-NaN slice encountered
  grad = np.nanmedian(np.abs(np.gradient(arr, axis=0)), axis=0)
C:\Users\igorc\OneDrive\Desktop\UNNS_SUBSTRATE(desktop)\TRANSFER\Bulk_2\REGIME_SYNTHESIS\UNNS-H Mode Project\unns_hmode_project\components\tokamark_one_shot_array_probe.py:388: RuntimeWarning: All-NaN slice encountered
  return np.nanmedian(arr, axis=0)
C:\Users\igorc\OneDrive\Desktop\UNNS_SUBSTRATE(desktop)\TRANSFER\Bulk_2\REGIME_SYNTHESIS\UNNS-H Mode Project\unns_hmode_project\components\tokamark_one_shot_array_probe.py:414: RuntimeWarning: All-NaN slice encountered
  edge_median = np.nanmedian(edge, axis=0)
C:\Users\igorc\OneDrive\Desktop\UNNS_SUBSTRATE(desktop)\TRANSFER\Bulk_2\REGIME_SYNTHESIS\UNNS-H Mode Project\unns_hmode_project\components\tokamark_one_shot_array_probe.py:415: RuntimeWarning: All-NaN slice encountered
  core_median = np.nanmedian(core, axis=0)
C:\Users\igorc\OneDrive\Desktop\UNNS_SUBSTRATE(desktop)\TRANSFER\Bulk_2\REGIME_SYNTHESIS\UNNS-H Mode Project\unns_hmode_project\components\tokamark_one_shot_array_probe.py:419: RuntimeWarning: All-NaN slice encountered
  grad = np.nanmedian(np.abs(np.gradient(arr, axis=0)), axis=0)
One-shot array probe complete.
CSV:     outputs\reports\tokamark_shot_11823_signal_probe.csv
JSON:    outputs\reports\tokamark_shot_11823_signal_probe.json
Report:  outputs\reports\tokamark_shot_11823_signal_probe.md
Preview: outputs\reports\tokamark_shot_11823_proxy_timeseries_preview.csv
Loaded arrays: 16
Failed arrays: 0

RETURN_CODE: 0


====================================================================================================
COMMAND: C:\Users\igorc\AppData\Local\Microsoft\WindowsApps\PythonSoftwareFoundation.Python.3.13_qbz5n2kfra8p0\python.exe components\tokamark_m_edge_t_probe.py --shot-id 11823 --out-dir outputs\reports
====================================================================================================
Fetching metadata: https://s3.echo.stfc.ac.uk/mast/tokamark/v1/11823.zarr/.zmetadata
Reading summary_power_nbi: summary/power_nbi
Reading summary_ip: summary/ip
Reading interferometer_n_e_line: interferometer/n_e_line
Reading dalpha_voltage: spectrometer_visible/filter_spectrometer_dalpha_voltage
Reading soft_x_lower: soft_x_rays/horizontal_cam_lower
Reading soft_x_upper: soft_x_rays/horizontal_cam_upper
Reading thomson_t_e: thomson_scattering/t_e
Reading thomson_n_e: thomson_scattering/n_e
Reading equilibrium_q95: equilibrium/q95
Reading equilibrium_elongation: equilibrium/elongation
Reading equilibrium_triangularity_upper: equilibrium/triangularity_upper
Reading equilibrium_triangularity_lower: equilibrium/triangularity_lower
Reading equilibrium_minor_radius: equilibrium/minor_radius
Reading equilibrium_beta_normal: equilibrium/beta_normal
Reading equilibrium_beta_pol: equilibrium/beta_pol
Reading equilibrium_whmd: equilibrium/whmd
C:\Users\igorc\OneDrive\Desktop\UNNS_SUBSTRATE(desktop)\TRANSFER\Bulk_2\REGIME_SYNTHESIS\UNNS-H Mode Project\unns_hmode_project\components\tokamark_m_edge_t_probe.py:344: RuntimeWarning: All-NaN slice encountered
  return np.nanmedian(arr, axis=0)
C:\Users\igorc\OneDrive\Desktop\UNNS_SUBSTRATE(desktop)\TRANSFER\Bulk_2\REGIME_SYNTHESIS\UNNS-H Mode Project\unns_hmode_project\components\tokamark_m_edge_t_probe.py:372: RuntimeWarning: All-NaN slice encountered
  edge_median = np.nanmedian(edge, axis=0)
C:\Users\igorc\OneDrive\Desktop\UNNS_SUBSTRATE(desktop)\TRANSFER\Bulk_2\REGIME_SYNTHESIS\UNNS-H Mode Project\unns_hmode_project\components\tokamark_m_edge_t_probe.py:373: RuntimeWarning: All-NaN slice encountered
  core_median = np.nanmedian(core, axis=0)
C:\Users\igorc\OneDrive\Desktop\UNNS_SUBSTRATE(desktop)\TRANSFER\Bulk_2\REGIME_SYNTHESIS\UNNS-H Mode Project\unns_hmode_project\components\tokamark_m_edge_t_probe.py:379: RuntimeWarning: All-NaN slice encountered
  grad = np.nanmedian(np.abs(np.gradient(arr, axis=0)), axis=0)
Computing normalized m_edge(t)...
m_edge(t) probe complete.
CSV:    outputs\reports\tokamark_shot_11823_m_edge_t_probe.csv
JSON:   outputs\reports\tokamark_shot_11823_m_edge_t_probe.json
Report: outputs\reports\tokamark_shot_11823_m_edge_t_probe.md
State counts:
  boundary_ambiguous_margin: 218
  positive_boundary_margin: 142
  insufficient_data: 58
  negative_leakage_margin: 58

RETURN_CODE: 0


====================================================================================================
COMMAND: C:\Users\igorc\AppData\Local\Microsoft\WindowsApps\PythonSoftwareFoundation.Python.3.13_qbz5n2kfra8p0\python.exe components\tokamark_m_edge_trace_inspector.py --input outputs\reports\tokamark_shot_11823_m_edge_t_probe.csv --shot-id 11823 --out-dir outputs\reports
====================================================================================================
Trace inspection complete.
Windows CSV: outputs\reports\tokamark_shot_11823_m_edge_trace_inspection_windows.csv
Summary:     outputs\reports\tokamark_shot_11823_m_edge_trace_inspection_summary.json
Report:      outputs\reports\tokamark_shot_11823_m_edge_trace_inspection.md
Interpretability counts:
  interpretable_negative_candidate: 8
  interpretable_positive_candidate: 7
  weak_positive_candidate: 5

RETURN_CODE: 0


====================================================================================================
COMMAND: C:\Users\igorc\AppData\Local\Microsoft\WindowsApps\PythonSoftwareFoundation.Python.3.13_qbz5n2kfra8p0\python.exe components\tokamark_one_shot_array_probe.py --shot-id 11941 --out-dir outputs\reports
====================================================================================================
Fetching metadata: https://s3.echo.stfc.ac.uk/mast/tokamark/v1/11941.zarr/.zmetadata
Reading summary_power_nbi: summary/power_nbi
Reading summary_ip: summary/ip
Reading interferometer_n_e_line: interferometer/n_e_line
Reading dalpha_voltage: spectrometer_visible/filter_spectrometer_dalpha_voltage
Reading soft_x_lower: soft_x_rays/horizontal_cam_lower
Reading soft_x_upper: soft_x_rays/horizontal_cam_upper
Reading thomson_t_e: thomson_scattering/t_e
Reading thomson_n_e: thomson_scattering/n_e
Reading equilibrium_q95: equilibrium/q95
Reading equilibrium_elongation: equilibrium/elongation
Reading equilibrium_triangularity_upper: equilibrium/triangularity_upper
Reading equilibrium_triangularity_lower: equilibrium/triangularity_lower
Reading equilibrium_minor_radius: equilibrium/minor_radius
Reading equilibrium_beta_normal: equilibrium/beta_normal
Reading equilibrium_beta_pol: equilibrium/beta_pol
Reading equilibrium_whmd: equilibrium/whmd
C:\Users\igorc\OneDrive\Desktop\UNNS_SUBSTRATE(desktop)\TRANSFER\Bulk_2\REGIME_SYNTHESIS\UNNS-H Mode Project\unns_hmode_project\components\tokamark_one_shot_array_probe.py:388: RuntimeWarning: All-NaN slice encountered
  return np.nanmedian(arr, axis=0)
C:\Users\igorc\OneDrive\Desktop\UNNS_SUBSTRATE(desktop)\TRANSFER\Bulk_2\REGIME_SYNTHESIS\UNNS-H Mode Project\unns_hmode_project\components\tokamark_one_shot_array_probe.py:414: RuntimeWarning: All-NaN slice encountered
  edge_median = np.nanmedian(edge, axis=0)
C:\Users\igorc\OneDrive\Desktop\UNNS_SUBSTRATE(desktop)\TRANSFER\Bulk_2\REGIME_SYNTHESIS\UNNS-H Mode Project\unns_hmode_project\components\tokamark_one_shot_array_probe.py:415: RuntimeWarning: All-NaN slice encountered
  core_median = np.nanmedian(core, axis=0)
C:\Users\igorc\OneDrive\Desktop\UNNS_SUBSTRATE(desktop)\TRANSFER\Bulk_2\REGIME_SYNTHESIS\UNNS-H Mode Project\unns_hmode_project\components\tokamark_one_shot_array_probe.py:419: RuntimeWarning: All-NaN slice encountered
  grad = np.nanmedian(np.abs(np.gradient(arr, axis=0)), axis=0)
C:\Users\igorc\OneDrive\Desktop\UNNS_SUBSTRATE(desktop)\TRANSFER\Bulk_2\REGIME_SYNTHESIS\UNNS-H Mode Project\unns_hmode_project\components\tokamark_one_shot_array_probe.py:388: RuntimeWarning: All-NaN slice encountered
  return np.nanmedian(arr, axis=0)
C:\Users\igorc\OneDrive\Desktop\UNNS_SUBSTRATE(desktop)\TRANSFER\Bulk_2\REGIME_SYNTHESIS\UNNS-H Mode Project\unns_hmode_project\components\tokamark_one_shot_array_probe.py:414: RuntimeWarning: All-NaN slice encountered
  edge_median = np.nanmedian(edge, axis=0)
C:\Users\igorc\OneDrive\Desktop\UNNS_SUBSTRATE(desktop)\TRANSFER\Bulk_2\REGIME_SYNTHESIS\UNNS-H Mode Project\unns_hmode_project\components\tokamark_one_shot_array_probe.py:415: RuntimeWarning: All-NaN slice encountered
  core_median = np.nanmedian(core, axis=0)
C:\Users\igorc\OneDrive\Desktop\UNNS_SUBSTRATE(desktop)\TRANSFER\Bulk_2\REGIME_SYNTHESIS\UNNS-H Mode Project\unns_hmode_project\components\tokamark_one_shot_array_probe.py:419: RuntimeWarning: All-NaN slice encountered
  grad = np.nanmedian(np.abs(np.gradient(arr, axis=0)), axis=0)
One-shot array probe complete.
CSV:     outputs\reports\tokamark_shot_11941_signal_probe.csv
JSON:    outputs\reports\tokamark_shot_11941_signal_probe.json
Report:  outputs\reports\tokamark_shot_11941_signal_probe.md
Preview: outputs\reports\tokamark_shot_11941_proxy_timeseries_preview.csv
Loaded arrays: 16
Failed arrays: 0

RETURN_CODE: 0


====================================================================================================
COMMAND: C:\Users\igorc\AppData\Local\Microsoft\WindowsApps\PythonSoftwareFoundation.Python.3.13_qbz5n2kfra8p0\python.exe components\tokamark_m_edge_t_probe.py --shot-id 11941 --out-dir outputs\reports
====================================================================================================
Fetching metadata: https://s3.echo.stfc.ac.uk/mast/tokamark/v1/11941.zarr/.zmetadata
Reading summary_power_nbi: summary/power_nbi
Reading summary_ip: summary/ip
Reading interferometer_n_e_line: interferometer/n_e_line
Reading dalpha_voltage: spectrometer_visible/filter_spectrometer_dalpha_voltage
Reading soft_x_lower: soft_x_rays/horizontal_cam_lower
Reading soft_x_upper: soft_x_rays/horizontal_cam_upper
Reading thomson_t_e: thomson_scattering/t_e
Reading thomson_n_e: thomson_scattering/n_e
Reading equilibrium_q95: equilibrium/q95
Reading equilibrium_elongation: equilibrium/elongation
Reading equilibrium_triangularity_upper: equilibrium/triangularity_upper
Reading equilibrium_triangularity_lower: equilibrium/triangularity_lower
Reading equilibrium_minor_radius: equilibrium/minor_radius
Reading equilibrium_beta_normal: equilibrium/beta_normal
Reading equilibrium_beta_pol: equilibrium/beta_pol
Reading equilibrium_whmd: equilibrium/whmd
C:\Users\igorc\OneDrive\Desktop\UNNS_SUBSTRATE(desktop)\TRANSFER\Bulk_2\REGIME_SYNTHESIS\UNNS-H Mode Project\unns_hmode_project\components\tokamark_m_edge_t_probe.py:344: RuntimeWarning: All-NaN slice encountered
  return np.nanmedian(arr, axis=0)
C:\Users\igorc\OneDrive\Desktop\UNNS_SUBSTRATE(desktop)\TRANSFER\Bulk_2\REGIME_SYNTHESIS\UNNS-H Mode Project\unns_hmode_project\components\tokamark_m_edge_t_probe.py:372: RuntimeWarning: All-NaN slice encountered
  edge_median = np.nanmedian(edge, axis=0)
C:\Users\igorc\OneDrive\Desktop\UNNS_SUBSTRATE(desktop)\TRANSFER\Bulk_2\REGIME_SYNTHESIS\UNNS-H Mode Project\unns_hmode_project\components\tokamark_m_edge_t_probe.py:373: RuntimeWarning: All-NaN slice encountered
  core_median = np.nanmedian(core, axis=0)
C:\Users\igorc\OneDrive\Desktop\UNNS_SUBSTRATE(desktop)\TRANSFER\Bulk_2\REGIME_SYNTHESIS\UNNS-H Mode Project\unns_hmode_project\components\tokamark_m_edge_t_probe.py:379: RuntimeWarning: All-NaN slice encountered
  grad = np.nanmedian(np.abs(np.gradient(arr, axis=0)), axis=0)
Computing normalized m_edge(t)...
m_edge(t) probe complete.
CSV:    outputs\reports\tokamark_shot_11941_m_edge_t_probe.csv
JSON:   outputs\reports\tokamark_shot_11941_m_edge_t_probe.json
Report: outputs\reports\tokamark_shot_11941_m_edge_t_probe.md
State counts:
  boundary_ambiguous_margin: 262
  positive_boundary_margin: 209
  insufficient_data: 50

RETURN_CODE: 0


====================================================================================================
COMMAND: C:\Users\igorc\AppData\Local\Microsoft\WindowsApps\PythonSoftwareFoundation.Python.3.13_qbz5n2kfra8p0\python.exe components\tokamark_m_edge_trace_inspector.py --input outputs\reports\tokamark_shot_11941_m_edge_t_probe.csv --shot-id 11941 --out-dir outputs\reports
====================================================================================================
Trace inspection complete.
Windows CSV: outputs\reports\tokamark_shot_11941_m_edge_trace_inspection_windows.csv
Summary:     outputs\reports\tokamark_shot_11941_m_edge_trace_inspection_summary.json
Report:      outputs\reports\tokamark_shot_11941_m_edge_trace_inspection.md
Interpretability counts:
  interpretable_positive_candidate: 4
  fragile_negative_candidate: 1

RETURN_CODE: 0


====================================================================================================
COMMAND: C:\Users\igorc\AppData\Local\Microsoft\WindowsApps\PythonSoftwareFoundation.Python.3.13_qbz5n2kfra8p0\python.exe components\tokamark_one_shot_array_probe.py --shot-id 11946 --out-dir outputs\reports
====================================================================================================
Fetching metadata: https://s3.echo.stfc.ac.uk/mast/tokamark/v1/11946.zarr/.zmetadata
Reading summary_power_nbi: summary/power_nbi
Reading summary_ip: summary/ip
Reading interferometer_n_e_line: interferometer/n_e_line
Reading dalpha_voltage: spectrometer_visible/filter_spectrometer_dalpha_voltage
Reading soft_x_lower: soft_x_rays/horizontal_cam_lower
Reading soft_x_upper: soft_x_rays/horizontal_cam_upper
Reading thomson_t_e: thomson_scattering/t_e
Reading thomson_n_e: thomson_scattering/n_e
Reading equilibrium_q95: equilibrium/q95
Reading equilibrium_elongation: equilibrium/elongation
Reading equilibrium_triangularity_upper: equilibrium/triangularity_upper
Reading equilibrium_triangularity_lower: equilibrium/triangularity_lower
Reading equilibrium_minor_radius: equilibrium/minor_radius
Reading equilibrium_beta_normal: equilibrium/beta_normal
Reading equilibrium_beta_pol: equilibrium/beta_pol
Reading equilibrium_whmd: equilibrium/whmd
C:\Users\igorc\OneDrive\Desktop\UNNS_SUBSTRATE(desktop)\TRANSFER\Bulk_2\REGIME_SYNTHESIS\UNNS-H Mode Project\unns_hmode_project\components\tokamark_one_shot_array_probe.py:388: RuntimeWarning: All-NaN slice encountered
  return np.nanmedian(arr, axis=0)
C:\Users\igorc\OneDrive\Desktop\UNNS_SUBSTRATE(desktop)\TRANSFER\Bulk_2\REGIME_SYNTHESIS\UNNS-H Mode Project\unns_hmode_project\components\tokamark_one_shot_array_probe.py:414: RuntimeWarning: All-NaN slice encountered
  edge_median = np.nanmedian(edge, axis=0)
C:\Users\igorc\OneDrive\Desktop\UNNS_SUBSTRATE(desktop)\TRANSFER\Bulk_2\REGIME_SYNTHESIS\UNNS-H Mode Project\unns_hmode_project\components\tokamark_one_shot_array_probe.py:415: RuntimeWarning: All-NaN slice encountered
  core_median = np.nanmedian(core, axis=0)
C:\Users\igorc\OneDrive\Desktop\UNNS_SUBSTRATE(desktop)\TRANSFER\Bulk_2\REGIME_SYNTHESIS\UNNS-H Mode Project\unns_hmode_project\components\tokamark_one_shot_array_probe.py:419: RuntimeWarning: All-NaN slice encountered
  grad = np.nanmedian(np.abs(np.gradient(arr, axis=0)), axis=0)
C:\Users\igorc\OneDrive\Desktop\UNNS_SUBSTRATE(desktop)\TRANSFER\Bulk_2\REGIME_SYNTHESIS\UNNS-H Mode Project\unns_hmode_project\components\tokamark_one_shot_array_probe.py:388: RuntimeWarning: All-NaN slice encountered
  return np.nanmedian(arr, axis=0)
C:\Users\igorc\OneDrive\Desktop\UNNS_SUBSTRATE(desktop)\TRANSFER\Bulk_2\REGIME_SYNTHESIS\UNNS-H Mode Project\unns_hmode_project\components\tokamark_one_shot_array_probe.py:414: RuntimeWarning: All-NaN slice encountered
  edge_median = np.nanmedian(edge, axis=0)
C:\Users\igorc\OneDrive\Desktop\UNNS_SUBSTRATE(desktop)\TRANSFER\Bulk_2\REGIME_SYNTHESIS\UNNS-H Mode Project\unns_hmode_project\components\tokamark_one_shot_array_probe.py:415: RuntimeWarning: All-NaN slice encountered
  core_median = np.nanmedian(core, axis=0)
C:\Users\igorc\OneDrive\Desktop\UNNS_SUBSTRATE(desktop)\TRANSFER\Bulk_2\REGIME_SYNTHESIS\UNNS-H Mode Project\unns_hmode_project\components\tokamark_one_shot_array_probe.py:419: RuntimeWarning: All-NaN slice encountered
  grad = np.nanmedian(np.abs(np.gradient(arr, axis=0)), axis=0)
One-shot array probe complete.
CSV:     outputs\reports\tokamark_shot_11946_signal_probe.csv
JSON:    outputs\reports\tokamark_shot_11946_signal_probe.json
Report:  outputs\reports\tokamark_shot_11946_signal_probe.md
Preview: outputs\reports\tokamark_shot_11946_proxy_timeseries_preview.csv
Loaded arrays: 16
Failed arrays: 0

RETURN_CODE: 0


====================================================================================================
COMMAND: C:\Users\igorc\AppData\Local\Microsoft\WindowsApps\PythonSoftwareFoundation.Python.3.13_qbz5n2kfra8p0\python.exe components\tokamark_m_edge_t_probe.py --shot-id 11946 --out-dir outputs\reports
====================================================================================================
Fetching metadata: https://s3.echo.stfc.ac.uk/mast/tokamark/v1/11946.zarr/.zmetadata
Reading summary_power_nbi: summary/power_nbi
Reading summary_ip: summary/ip
Reading interferometer_n_e_line: interferometer/n_e_line
Reading dalpha_voltage: spectrometer_visible/filter_spectrometer_dalpha_voltage
Reading soft_x_lower: soft_x_rays/horizontal_cam_lower
Reading soft_x_upper: soft_x_rays/horizontal_cam_upper
Reading thomson_t_e: thomson_scattering/t_e
Reading thomson_n_e: thomson_scattering/n_e
Reading equilibrium_q95: equilibrium/q95
Reading equilibrium_elongation: equilibrium/elongation
Reading equilibrium_triangularity_upper: equilibrium/triangularity_upper
Reading equilibrium_triangularity_lower: equilibrium/triangularity_lower
Reading equilibrium_minor_radius: equilibrium/minor_radius
Reading equilibrium_beta_normal: equilibrium/beta_normal
Reading equilibrium_beta_pol: equilibrium/beta_pol
Reading equilibrium_whmd: equilibrium/whmd
C:\Users\igorc\OneDrive\Desktop\UNNS_SUBSTRATE(desktop)\TRANSFER\Bulk_2\REGIME_SYNTHESIS\UNNS-H Mode Project\unns_hmode_project\components\tokamark_m_edge_t_probe.py:344: RuntimeWarning: All-NaN slice encountered
  return np.nanmedian(arr, axis=0)
C:\Users\igorc\OneDrive\Desktop\UNNS_SUBSTRATE(desktop)\TRANSFER\Bulk_2\REGIME_SYNTHESIS\UNNS-H Mode Project\unns_hmode_project\components\tokamark_m_edge_t_probe.py:372: RuntimeWarning: All-NaN slice encountered
  edge_median = np.nanmedian(edge, axis=0)
C:\Users\igorc\OneDrive\Desktop\UNNS_SUBSTRATE(desktop)\TRANSFER\Bulk_2\REGIME_SYNTHESIS\UNNS-H Mode Project\unns_hmode_project\components\tokamark_m_edge_t_probe.py:373: RuntimeWarning: All-NaN slice encountered
  core_median = np.nanmedian(core, axis=0)
C:\Users\igorc\OneDrive\Desktop\UNNS_SUBSTRATE(desktop)\TRANSFER\Bulk_2\REGIME_SYNTHESIS\UNNS-H Mode Project\unns_hmode_project\components\tokamark_m_edge_t_probe.py:379: RuntimeWarning: All-NaN slice encountered
  grad = np.nanmedian(np.abs(np.gradient(arr, axis=0)), axis=0)
Computing normalized m_edge(t)...
m_edge(t) probe complete.
CSV:    outputs\reports\tokamark_shot_11946_m_edge_t_probe.csv
JSON:   outputs\reports\tokamark_shot_11946_m_edge_t_probe.json
Report: outputs\reports\tokamark_shot_11946_m_edge_t_probe.md
State counts:
  boundary_ambiguous_margin: 433
  positive_boundary_margin: 63
  insufficient_data: 50

RETURN_CODE: 0


====================================================================================================
COMMAND: C:\Users\igorc\AppData\Local\Microsoft\WindowsApps\PythonSoftwareFoundation.Python.3.13_qbz5n2kfra8p0\python.exe components\tokamark_m_edge_trace_inspector.py --input outputs\reports\tokamark_shot_11946_m_edge_t_probe.csv --shot-id 11946 --out-dir outputs\reports
====================================================================================================
Trace inspection complete.
Windows CSV: outputs\reports\tokamark_shot_11946_m_edge_trace_inspection_windows.csv
Summary:     outputs\reports\tokamark_shot_11946_m_edge_trace_inspection_summary.json
Report:      outputs\reports\tokamark_shot_11946_m_edge_trace_inspection.md
Interpretability counts:
  fragile_positive_candidate: 2
  interpretable_positive_candidate: 1
  interpretable_negative_candidate: 1

RETURN_CODE: 0


====================================================================================================
COMMAND: C:\Users\igorc\AppData\Local\Microsoft\WindowsApps\PythonSoftwareFoundation.Python.3.13_qbz5n2kfra8p0\python.exe components\tokamark_one_shot_array_probe.py --shot-id 11996 --out-dir outputs\reports
====================================================================================================
Fetching metadata: https://s3.echo.stfc.ac.uk/mast/tokamark/v1/11996.zarr/.zmetadata
Reading summary_power_nbi: summary/power_nbi
Reading summary_ip: summary/ip
Reading interferometer_n_e_line: interferometer/n_e_line
Reading dalpha_voltage: spectrometer_visible/filter_spectrometer_dalpha_voltage
Reading soft_x_lower: soft_x_rays/horizontal_cam_lower
Reading soft_x_upper: soft_x_rays/horizontal_cam_upper
Reading thomson_t_e: thomson_scattering/t_e
Reading thomson_n_e: thomson_scattering/n_e
Reading equilibrium_q95: equilibrium/q95
Reading equilibrium_elongation: equilibrium/elongation
Reading equilibrium_triangularity_upper: equilibrium/triangularity_upper
Reading equilibrium_triangularity_lower: equilibrium/triangularity_lower
Reading equilibrium_minor_radius: equilibrium/minor_radius
Reading equilibrium_beta_normal: equilibrium/beta_normal
Reading equilibrium_beta_pol: equilibrium/beta_pol
Reading equilibrium_whmd: equilibrium/whmd
C:\Users\igorc\OneDrive\Desktop\UNNS_SUBSTRATE(desktop)\TRANSFER\Bulk_2\REGIME_SYNTHESIS\UNNS-H Mode Project\unns_hmode_project\components\tokamark_one_shot_array_probe.py:388: RuntimeWarning: All-NaN slice encountered
  return np.nanmedian(arr, axis=0)
C:\Users\igorc\OneDrive\Desktop\UNNS_SUBSTRATE(desktop)\TRANSFER\Bulk_2\REGIME_SYNTHESIS\UNNS-H Mode Project\unns_hmode_project\components\tokamark_one_shot_array_probe.py:414: RuntimeWarning: All-NaN slice encountered
  edge_median = np.nanmedian(edge, axis=0)
C:\Users\igorc\OneDrive\Desktop\UNNS_SUBSTRATE(desktop)\TRANSFER\Bulk_2\REGIME_SYNTHESIS\UNNS-H Mode Project\unns_hmode_project\components\tokamark_one_shot_array_probe.py:415: RuntimeWarning: All-NaN slice encountered
  core_median = np.nanmedian(core, axis=0)
C:\Users\igorc\OneDrive\Desktop\UNNS_SUBSTRATE(desktop)\TRANSFER\Bulk_2\REGIME_SYNTHESIS\UNNS-H Mode Project\unns_hmode_project\components\tokamark_one_shot_array_probe.py:419: RuntimeWarning: All-NaN slice encountered
  grad = np.nanmedian(np.abs(np.gradient(arr, axis=0)), axis=0)
C:\Users\igorc\OneDrive\Desktop\UNNS_SUBSTRATE(desktop)\TRANSFER\Bulk_2\REGIME_SYNTHESIS\UNNS-H Mode Project\unns_hmode_project\components\tokamark_one_shot_array_probe.py:388: RuntimeWarning: All-NaN slice encountered
  return np.nanmedian(arr, axis=0)
C:\Users\igorc\OneDrive\Desktop\UNNS_SUBSTRATE(desktop)\TRANSFER\Bulk_2\REGIME_SYNTHESIS\UNNS-H Mode Project\unns_hmode_project\components\tokamark_one_shot_array_probe.py:414: RuntimeWarning: All-NaN slice encountered
  edge_median = np.nanmedian(edge, axis=0)
C:\Users\igorc\OneDrive\Desktop\UNNS_SUBSTRATE(desktop)\TRANSFER\Bulk_2\REGIME_SYNTHESIS\UNNS-H Mode Project\unns_hmode_project\components\tokamark_one_shot_array_probe.py:415: RuntimeWarning: All-NaN slice encountered
  core_median = np.nanmedian(core, axis=0)
C:\Users\igorc\OneDrive\Desktop\UNNS_SUBSTRATE(desktop)\TRANSFER\Bulk_2\REGIME_SYNTHESIS\UNNS-H Mode Project\unns_hmode_project\components\tokamark_one_shot_array_probe.py:419: RuntimeWarning: All-NaN slice encountered
  grad = np.nanmedian(np.abs(np.gradient(arr, axis=0)), axis=0)
One-shot array probe complete.
CSV:     outputs\reports\tokamark_shot_11996_signal_probe.csv
JSON:    outputs\reports\tokamark_shot_11996_signal_probe.json
Report:  outputs\reports\tokamark_shot_11996_signal_probe.md
Preview: outputs\reports\tokamark_shot_11996_proxy_timeseries_preview.csv
Loaded arrays: 16
Failed arrays: 0

RETURN_CODE: 0


====================================================================================================
COMMAND: C:\Users\igorc\AppData\Local\Microsoft\WindowsApps\PythonSoftwareFoundation.Python.3.13_qbz5n2kfra8p0\python.exe components\tokamark_m_edge_t_probe.py --shot-id 11996 --out-dir outputs\reports
====================================================================================================
Fetching metadata: https://s3.echo.stfc.ac.uk/mast/tokamark/v1/11996.zarr/.zmetadata
Reading summary_power_nbi: summary/power_nbi
Reading summary_ip: summary/ip
Reading interferometer_n_e_line: interferometer/n_e_line
Reading dalpha_voltage: spectrometer_visible/filter_spectrometer_dalpha_voltage
Reading soft_x_lower: soft_x_rays/horizontal_cam_lower
Reading soft_x_upper: soft_x_rays/horizontal_cam_upper
Reading thomson_t_e: thomson_scattering/t_e
Reading thomson_n_e: thomson_scattering/n_e
Reading equilibrium_q95: equilibrium/q95
Reading equilibrium_elongation: equilibrium/elongation
Reading equilibrium_triangularity_upper: equilibrium/triangularity_upper
Reading equilibrium_triangularity_lower: equilibrium/triangularity_lower
Reading equilibrium_minor_radius: equilibrium/minor_radius
Reading equilibrium_beta_normal: equilibrium/beta_normal
Reading equilibrium_beta_pol: equilibrium/beta_pol
Reading equilibrium_whmd: equilibrium/whmd
C:\Users\igorc\OneDrive\Desktop\UNNS_SUBSTRATE(desktop)\TRANSFER\Bulk_2\REGIME_SYNTHESIS\UNNS-H Mode Project\unns_hmode_project\components\tokamark_m_edge_t_probe.py:344: RuntimeWarning: All-NaN slice encountered
  return np.nanmedian(arr, axis=0)
C:\Users\igorc\OneDrive\Desktop\UNNS_SUBSTRATE(desktop)\TRANSFER\Bulk_2\REGIME_SYNTHESIS\UNNS-H Mode Project\unns_hmode_project\components\tokamark_m_edge_t_probe.py:372: RuntimeWarning: All-NaN slice encountered
  edge_median = np.nanmedian(edge, axis=0)
C:\Users\igorc\OneDrive\Desktop\UNNS_SUBSTRATE(desktop)\TRANSFER\Bulk_2\REGIME_SYNTHESIS\UNNS-H Mode Project\unns_hmode_project\components\tokamark_m_edge_t_probe.py:373: RuntimeWarning: All-NaN slice encountered
  core_median = np.nanmedian(core, axis=0)
C:\Users\igorc\OneDrive\Desktop\UNNS_SUBSTRATE(desktop)\TRANSFER\Bulk_2\REGIME_SYNTHESIS\UNNS-H Mode Project\unns_hmode_project\components\tokamark_m_edge_t_probe.py:379: RuntimeWarning: All-NaN slice encountered
  grad = np.nanmedian(np.abs(np.gradient(arr, axis=0)), axis=0)
Computing normalized m_edge(t)...
m_edge(t) probe complete.
CSV:    outputs\reports\tokamark_shot_11996_m_edge_t_probe.csv
JSON:   outputs\reports\tokamark_shot_11996_m_edge_t_probe.json
Report: outputs\reports\tokamark_shot_11996_m_edge_t_probe.md
State counts:
  boundary_ambiguous_margin: 338
  positive_boundary_margin: 130
  insufficient_data: 47
  negative_leakage_margin: 26

RETURN_CODE: 0


====================================================================================================
COMMAND: C:\Users\igorc\AppData\Local\Microsoft\WindowsApps\PythonSoftwareFoundation.Python.3.13_qbz5n2kfra8p0\python.exe components\tokamark_m_edge_trace_inspector.py --input outputs\reports\tokamark_shot_11996_m_edge_t_probe.csv --shot-id 11996 --out-dir outputs\reports
====================================================================================================
Trace inspection complete.
Windows CSV: outputs\reports\tokamark_shot_11996_m_edge_trace_inspection_windows.csv
Summary:     outputs\reports\tokamark_shot_11996_m_edge_trace_inspection_summary.json
Report:      outputs\reports\tokamark_shot_11996_m_edge_trace_inspection.md
Interpretability counts:
  interpretable_negative_candidate: 3
  interpretable_positive_candidate: 2

RETURN_CODE: 0


====================================================================================================
COMMAND: C:\Users\igorc\AppData\Local\Microsoft\WindowsApps\PythonSoftwareFoundation.Python.3.13_qbz5n2kfra8p0\python.exe components\tokamark_one_shot_array_probe.py --shot-id 12007 --out-dir outputs\reports
====================================================================================================
Fetching metadata: https://s3.echo.stfc.ac.uk/mast/tokamark/v1/12007.zarr/.zmetadata
Reading summary_power_nbi: summary/power_nbi
Reading summary_ip: summary/ip
Reading interferometer_n_e_line: interferometer/n_e_line
Reading dalpha_voltage: spectrometer_visible/filter_spectrometer_dalpha_voltage
Reading soft_x_lower: soft_x_rays/horizontal_cam_lower
Reading soft_x_upper: soft_x_rays/horizontal_cam_upper
Reading thomson_t_e: thomson_scattering/t_e
Reading thomson_n_e: thomson_scattering/n_e
Reading equilibrium_q95: equilibrium/q95
Reading equilibrium_elongation: equilibrium/elongation
Reading equilibrium_triangularity_upper: equilibrium/triangularity_upper
Reading equilibrium_triangularity_lower: equilibrium/triangularity_lower
Reading equilibrium_minor_radius: equilibrium/minor_radius
Reading equilibrium_beta_normal: equilibrium/beta_normal
Reading equilibrium_beta_pol: equilibrium/beta_pol
Reading equilibrium_whmd: equilibrium/whmd
C:\Users\igorc\OneDrive\Desktop\UNNS_SUBSTRATE(desktop)\TRANSFER\Bulk_2\REGIME_SYNTHESIS\UNNS-H Mode Project\unns_hmode_project\components\tokamark_one_shot_array_probe.py:388: RuntimeWarning: All-NaN slice encountered
  return np.nanmedian(arr, axis=0)
C:\Users\igorc\OneDrive\Desktop\UNNS_SUBSTRATE(desktop)\TRANSFER\Bulk_2\REGIME_SYNTHESIS\UNNS-H Mode Project\unns_hmode_project\components\tokamark_one_shot_array_probe.py:414: RuntimeWarning: All-NaN slice encountered
  edge_median = np.nanmedian(edge, axis=0)
C:\Users\igorc\OneDrive\Desktop\UNNS_SUBSTRATE(desktop)\TRANSFER\Bulk_2\REGIME_SYNTHESIS\UNNS-H Mode Project\unns_hmode_project\components\tokamark_one_shot_array_probe.py:415: RuntimeWarning: All-NaN slice encountered
  core_median = np.nanmedian(core, axis=0)
C:\Users\igorc\OneDrive\Desktop\UNNS_SUBSTRATE(desktop)\TRANSFER\Bulk_2\REGIME_SYNTHESIS\UNNS-H Mode Project\unns_hmode_project\components\tokamark_one_shot_array_probe.py:419: RuntimeWarning: All-NaN slice encountered
  grad = np.nanmedian(np.abs(np.gradient(arr, axis=0)), axis=0)
C:\Users\igorc\OneDrive\Desktop\UNNS_SUBSTRATE(desktop)\TRANSFER\Bulk_2\REGIME_SYNTHESIS\UNNS-H Mode Project\unns_hmode_project\components\tokamark_one_shot_array_probe.py:388: RuntimeWarning: All-NaN slice encountered
  return np.nanmedian(arr, axis=0)
C:\Users\igorc\OneDrive\Desktop\UNNS_SUBSTRATE(desktop)\TRANSFER\Bulk_2\REGIME_SYNTHESIS\UNNS-H Mode Project\unns_hmode_project\components\tokamark_one_shot_array_probe.py:414: RuntimeWarning: All-NaN slice encountered
  edge_median = np.nanmedian(edge, axis=0)
C:\Users\igorc\OneDrive\Desktop\UNNS_SUBSTRATE(desktop)\TRANSFER\Bulk_2\REGIME_SYNTHESIS\UNNS-H Mode Project\unns_hmode_project\components\tokamark_one_shot_array_probe.py:415: RuntimeWarning: All-NaN slice encountered
  core_median = np.nanmedian(core, axis=0)
C:\Users\igorc\OneDrive\Desktop\UNNS_SUBSTRATE(desktop)\TRANSFER\Bulk_2\REGIME_SYNTHESIS\UNNS-H Mode Project\unns_hmode_project\components\tokamark_one_shot_array_probe.py:419: RuntimeWarning: All-NaN slice encountered
  grad = np.nanmedian(np.abs(np.gradient(arr, axis=0)), axis=0)
One-shot array probe complete.
CSV:     outputs\reports\tokamark_shot_12007_signal_probe.csv
JSON:    outputs\reports\tokamark_shot_12007_signal_probe.json
Report:  outputs\reports\tokamark_shot_12007_signal_probe.md
Preview: outputs\reports\tokamark_shot_12007_proxy_timeseries_preview.csv
Loaded arrays: 16
Failed arrays: 0

RETURN_CODE: 0


====================================================================================================
COMMAND: C:\Users\igorc\AppData\Local\Microsoft\WindowsApps\PythonSoftwareFoundation.Python.3.13_qbz5n2kfra8p0\python.exe components\tokamark_m_edge_t_probe.py --shot-id 12007 --out-dir outputs\reports
====================================================================================================
Fetching metadata: https://s3.echo.stfc.ac.uk/mast/tokamark/v1/12007.zarr/.zmetadata
Reading summary_power_nbi: summary/power_nbi
Reading summary_ip: summary/ip
Reading interferometer_n_e_line: interferometer/n_e_line
Reading dalpha_voltage: spectrometer_visible/filter_spectrometer_dalpha_voltage
Reading soft_x_lower: soft_x_rays/horizontal_cam_lower
Reading soft_x_upper: soft_x_rays/horizontal_cam_upper
Reading thomson_t_e: thomson_scattering/t_e
Reading thomson_n_e: thomson_scattering/n_e
Reading equilibrium_q95: equilibrium/q95
Reading equilibrium_elongation: equilibrium/elongation
Reading equilibrium_triangularity_upper: equilibrium/triangularity_upper
Reading equilibrium_triangularity_lower: equilibrium/triangularity_lower
Reading equilibrium_minor_radius: equilibrium/minor_radius
Reading equilibrium_beta_normal: equilibrium/beta_normal
Reading equilibrium_beta_pol: equilibrium/beta_pol
Reading equilibrium_whmd: equilibrium/whmd
C:\Users\igorc\OneDrive\Desktop\UNNS_SUBSTRATE(desktop)\TRANSFER\Bulk_2\REGIME_SYNTHESIS\UNNS-H Mode Project\unns_hmode_project\components\tokamark_m_edge_t_probe.py:344: RuntimeWarning: All-NaN slice encountered
  return np.nanmedian(arr, axis=0)
C:\Users\igorc\OneDrive\Desktop\UNNS_SUBSTRATE(desktop)\TRANSFER\Bulk_2\REGIME_SYNTHESIS\UNNS-H Mode Project\unns_hmode_project\components\tokamark_m_edge_t_probe.py:372: RuntimeWarning: All-NaN slice encountered
  edge_median = np.nanmedian(edge, axis=0)
C:\Users\igorc\OneDrive\Desktop\UNNS_SUBSTRATE(desktop)\TRANSFER\Bulk_2\REGIME_SYNTHESIS\UNNS-H Mode Project\unns_hmode_project\components\tokamark_m_edge_t_probe.py:373: RuntimeWarning: All-NaN slice encountered
  core_median = np.nanmedian(core, axis=0)
C:\Users\igorc\OneDrive\Desktop\UNNS_SUBSTRATE(desktop)\TRANSFER\Bulk_2\REGIME_SYNTHESIS\UNNS-H Mode Project\unns_hmode_project\components\tokamark_m_edge_t_probe.py:379: RuntimeWarning: All-NaN slice encountered
  grad = np.nanmedian(np.abs(np.gradient(arr, axis=0)), axis=0)
Computing normalized m_edge(t)...
m_edge(t) probe complete.
CSV:    outputs\reports\tokamark_shot_12007_m_edge_t_probe.csv
JSON:   outputs\reports\tokamark_shot_12007_m_edge_t_probe.json
Report: outputs\reports\tokamark_shot_12007_m_edge_t_probe.md
State counts:
  positive_boundary_margin: 171
  boundary_ambiguous_margin: 169
  insufficient_data: 60
  negative_leakage_margin: 46

RETURN_CODE: 0


====================================================================================================
COMMAND: C:\Users\igorc\AppData\Local\Microsoft\WindowsApps\PythonSoftwareFoundation.Python.3.13_qbz5n2kfra8p0\python.exe components\tokamark_m_edge_trace_inspector.py --input outputs\reports\tokamark_shot_12007_m_edge_t_probe.csv --shot-id 12007 --out-dir outputs\reports
====================================================================================================
Trace inspection complete.
Windows CSV: outputs\reports\tokamark_shot_12007_m_edge_trace_inspection_windows.csv
Summary:     outputs\reports\tokamark_shot_12007_m_edge_trace_inspection_summary.json
Report:      outputs\reports\tokamark_shot_12007_m_edge_trace_inspection.md
Interpretability counts:
  interpretable_positive_candidate: 8
  weak_positive_candidate: 3
  interpretable_negative_candidate: 3

RETURN_CODE: 0


====================================================================================================
COMMAND: C:\Users\igorc\AppData\Local\Microsoft\WindowsApps\PythonSoftwareFoundation.Python.3.13_qbz5n2kfra8p0\python.exe components\tokamark_one_shot_array_probe.py --shot-id 12017 --out-dir outputs\reports
====================================================================================================
Fetching metadata: https://s3.echo.stfc.ac.uk/mast/tokamark/v1/12017.zarr/.zmetadata
Reading summary_power_nbi: summary/power_nbi
Reading summary_ip: summary/ip
Reading interferometer_n_e_line: interferometer/n_e_line
Reading dalpha_voltage: spectrometer_visible/filter_spectrometer_dalpha_voltage
Reading soft_x_lower: soft_x_rays/horizontal_cam_lower
Reading soft_x_upper: soft_x_rays/horizontal_cam_upper
Reading thomson_t_e: thomson_scattering/t_e
Reading thomson_n_e: thomson_scattering/n_e
Reading equilibrium_q95: equilibrium/q95
Reading equilibrium_elongation: equilibrium/elongation
Reading equilibrium_triangularity_upper: equilibrium/triangularity_upper
Reading equilibrium_triangularity_lower: equilibrium/triangularity_lower
Reading equilibrium_minor_radius: equilibrium/minor_radius
Reading equilibrium_beta_normal: equilibrium/beta_normal
Reading equilibrium_beta_pol: equilibrium/beta_pol
Reading equilibrium_whmd: equilibrium/whmd
C:\Users\igorc\OneDrive\Desktop\UNNS_SUBSTRATE(desktop)\TRANSFER\Bulk_2\REGIME_SYNTHESIS\UNNS-H Mode Project\unns_hmode_project\components\tokamark_one_shot_array_probe.py:388: RuntimeWarning: All-NaN slice encountered
  return np.nanmedian(arr, axis=0)
C:\Users\igorc\OneDrive\Desktop\UNNS_SUBSTRATE(desktop)\TRANSFER\Bulk_2\REGIME_SYNTHESIS\UNNS-H Mode Project\unns_hmode_project\components\tokamark_one_shot_array_probe.py:414: RuntimeWarning: All-NaN slice encountered
  edge_median = np.nanmedian(edge, axis=0)
C:\Users\igorc\OneDrive\Desktop\UNNS_SUBSTRATE(desktop)\TRANSFER\Bulk_2\REGIME_SYNTHESIS\UNNS-H Mode Project\unns_hmode_project\components\tokamark_one_shot_array_probe.py:415: RuntimeWarning: All-NaN slice encountered
  core_median = np.nanmedian(core, axis=0)
C:\Users\igorc\OneDrive\Desktop\UNNS_SUBSTRATE(desktop)\TRANSFER\Bulk_2\REGIME_SYNTHESIS\UNNS-H Mode Project\unns_hmode_project\components\tokamark_one_shot_array_probe.py:419: RuntimeWarning: All-NaN slice encountered
  grad = np.nanmedian(np.abs(np.gradient(arr, axis=0)), axis=0)
C:\Users\igorc\OneDrive\Desktop\UNNS_SUBSTRATE(desktop)\TRANSFER\Bulk_2\REGIME_SYNTHESIS\UNNS-H Mode Project\unns_hmode_project\components\tokamark_one_shot_array_probe.py:388: RuntimeWarning: All-NaN slice encountered
  return np.nanmedian(arr, axis=0)
C:\Users\igorc\OneDrive\Desktop\UNNS_SUBSTRATE(desktop)\TRANSFER\Bulk_2\REGIME_SYNTHESIS\UNNS-H Mode Project\unns_hmode_project\components\tokamark_one_shot_array_probe.py:414: RuntimeWarning: All-NaN slice encountered
  edge_median = np.nanmedian(edge, axis=0)
C:\Users\igorc\OneDrive\Desktop\UNNS_SUBSTRATE(desktop)\TRANSFER\Bulk_2\REGIME_SYNTHESIS\UNNS-H Mode Project\unns_hmode_project\components\tokamark_one_shot_array_probe.py:415: RuntimeWarning: All-NaN slice encountered
  core_median = np.nanmedian(core, axis=0)
C:\Users\igorc\OneDrive\Desktop\UNNS_SUBSTRATE(desktop)\TRANSFER\Bulk_2\REGIME_SYNTHESIS\UNNS-H Mode Project\unns_hmode_project\components\tokamark_one_shot_array_probe.py:419: RuntimeWarning: All-NaN slice encountered
  grad = np.nanmedian(np.abs(np.gradient(arr, axis=0)), axis=0)
One-shot array probe complete.
CSV:     outputs\reports\tokamark_shot_12017_signal_probe.csv
JSON:    outputs\reports\tokamark_shot_12017_signal_probe.json
Report:  outputs\reports\tokamark_shot_12017_signal_probe.md
Preview: outputs\reports\tokamark_shot_12017_proxy_timeseries_preview.csv
Loaded arrays: 16
Failed arrays: 0

RETURN_CODE: 0


====================================================================================================
COMMAND: C:\Users\igorc\AppData\Local\Microsoft\WindowsApps\PythonSoftwareFoundation.Python.3.13_qbz5n2kfra8p0\python.exe components\tokamark_m_edge_t_probe.py --shot-id 12017 --out-dir outputs\reports
====================================================================================================
Fetching metadata: https://s3.echo.stfc.ac.uk/mast/tokamark/v1/12017.zarr/.zmetadata
Reading summary_power_nbi: summary/power_nbi
Reading summary_ip: summary/ip
Reading interferometer_n_e_line: interferometer/n_e_line
Reading dalpha_voltage: spectrometer_visible/filter_spectrometer_dalpha_voltage
Reading soft_x_lower: soft_x_rays/horizontal_cam_lower
Reading soft_x_upper: soft_x_rays/horizontal_cam_upper
Reading thomson_t_e: thomson_scattering/t_e
Reading thomson_n_e: thomson_scattering/n_e
Reading equilibrium_q95: equilibrium/q95
Reading equilibrium_elongation: equilibrium/elongation
Reading equilibrium_triangularity_upper: equilibrium/triangularity_upper
Reading equilibrium_triangularity_lower: equilibrium/triangularity_lower
Reading equilibrium_minor_radius: equilibrium/minor_radius
Reading equilibrium_beta_normal: equilibrium/beta_normal
Reading equilibrium_beta_pol: equilibrium/beta_pol
Reading equilibrium_whmd: equilibrium/whmd
C:\Users\igorc\OneDrive\Desktop\UNNS_SUBSTRATE(desktop)\TRANSFER\Bulk_2\REGIME_SYNTHESIS\UNNS-H Mode Project\unns_hmode_project\components\tokamark_m_edge_t_probe.py:344: RuntimeWarning: All-NaN slice encountered
  return np.nanmedian(arr, axis=0)
C:\Users\igorc\OneDrive\Desktop\UNNS_SUBSTRATE(desktop)\TRANSFER\Bulk_2\REGIME_SYNTHESIS\UNNS-H Mode Project\unns_hmode_project\components\tokamark_m_edge_t_probe.py:372: RuntimeWarning: All-NaN slice encountered
  edge_median = np.nanmedian(edge, axis=0)
C:\Users\igorc\OneDrive\Desktop\UNNS_SUBSTRATE(desktop)\TRANSFER\Bulk_2\REGIME_SYNTHESIS\UNNS-H Mode Project\unns_hmode_project\components\tokamark_m_edge_t_probe.py:373: RuntimeWarning: All-NaN slice encountered
  core_median = np.nanmedian(core, axis=0)
C:\Users\igorc\OneDrive\Desktop\UNNS_SUBSTRATE(desktop)\TRANSFER\Bulk_2\REGIME_SYNTHESIS\UNNS-H Mode Project\unns_hmode_project\components\tokamark_m_edge_t_probe.py:379: RuntimeWarning: All-NaN slice encountered
  grad = np.nanmedian(np.abs(np.gradient(arr, axis=0)), axis=0)
Computing normalized m_edge(t)...
m_edge(t) probe complete.
CSV:    outputs\reports\tokamark_shot_12017_m_edge_t_probe.csv
JSON:   outputs\reports\tokamark_shot_12017_m_edge_t_probe.json
Report: outputs\reports\tokamark_shot_12017_m_edge_t_probe.md
State counts:
  boundary_ambiguous_margin: 271
  positive_boundary_margin: 161
  insufficient_data: 60
  negative_leakage_margin: 54

RETURN_CODE: 0


====================================================================================================
COMMAND: C:\Users\igorc\AppData\Local\Microsoft\WindowsApps\PythonSoftwareFoundation.Python.3.13_qbz5n2kfra8p0\python.exe components\tokamark_m_edge_trace_inspector.py --input outputs\reports\tokamark_shot_12017_m_edge_t_probe.csv --shot-id 12017 --out-dir outputs\reports
====================================================================================================
Trace inspection complete.
Windows CSV: outputs\reports\tokamark_shot_12017_m_edge_trace_inspection_windows.csv
Summary:     outputs\reports\tokamark_shot_12017_m_edge_trace_inspection_summary.json
Report:      outputs\reports\tokamark_shot_12017_m_edge_trace_inspection.md
Interpretability counts:
  interpretable_positive_candidate: 13
  interpretable_negative_candidate: 3
  weak_positive_candidate: 2
  weak_negative_candidate: 1

RETURN_CODE: 0


====================================================================================================
COMMAND: C:\Users\igorc\AppData\Local\Microsoft\WindowsApps\PythonSoftwareFoundation.Python.3.13_qbz5n2kfra8p0\python.exe components\tokamark_one_shot_array_probe.py --shot-id 12046 --out-dir outputs\reports
====================================================================================================
Fetching metadata: https://s3.echo.stfc.ac.uk/mast/tokamark/v1/12046.zarr/.zmetadata
Reading summary_power_nbi: summary/power_nbi
Reading summary_ip: summary/ip
Reading interferometer_n_e_line: interferometer/n_e_line
Reading dalpha_voltage: spectrometer_visible/filter_spectrometer_dalpha_voltage
Reading soft_x_lower: soft_x_rays/horizontal_cam_lower
Reading soft_x_upper: soft_x_rays/horizontal_cam_upper
Reading thomson_t_e: thomson_scattering/t_e
Reading thomson_n_e: thomson_scattering/n_e
Reading equilibrium_q95: equilibrium/q95
Reading equilibrium_elongation: equilibrium/elongation
Reading equilibrium_triangularity_upper: equilibrium/triangularity_upper
Reading equilibrium_triangularity_lower: equilibrium/triangularity_lower
Reading equilibrium_minor_radius: equilibrium/minor_radius
Reading equilibrium_beta_normal: equilibrium/beta_normal
Reading equilibrium_beta_pol: equilibrium/beta_pol
Reading equilibrium_whmd: equilibrium/whmd
C:\Users\igorc\OneDrive\Desktop\UNNS_SUBSTRATE(desktop)\TRANSFER\Bulk_2\REGIME_SYNTHESIS\UNNS-H Mode Project\unns_hmode_project\components\tokamark_one_shot_array_probe.py:388: RuntimeWarning: All-NaN slice encountered
  return np.nanmedian(arr, axis=0)
C:\Users\igorc\OneDrive\Desktop\UNNS_SUBSTRATE(desktop)\TRANSFER\Bulk_2\REGIME_SYNTHESIS\UNNS-H Mode Project\unns_hmode_project\components\tokamark_one_shot_array_probe.py:414: RuntimeWarning: All-NaN slice encountered
  edge_median = np.nanmedian(edge, axis=0)
C:\Users\igorc\OneDrive\Desktop\UNNS_SUBSTRATE(desktop)\TRANSFER\Bulk_2\REGIME_SYNTHESIS\UNNS-H Mode Project\unns_hmode_project\components\tokamark_one_shot_array_probe.py:415: RuntimeWarning: All-NaN slice encountered
  core_median = np.nanmedian(core, axis=0)
C:\Users\igorc\OneDrive\Desktop\UNNS_SUBSTRATE(desktop)\TRANSFER\Bulk_2\REGIME_SYNTHESIS\UNNS-H Mode Project\unns_hmode_project\components\tokamark_one_shot_array_probe.py:419: RuntimeWarning: All-NaN slice encountered
  grad = np.nanmedian(np.abs(np.gradient(arr, axis=0)), axis=0)
C:\Users\igorc\OneDrive\Desktop\UNNS_SUBSTRATE(desktop)\TRANSFER\Bulk_2\REGIME_SYNTHESIS\UNNS-H Mode Project\unns_hmode_project\components\tokamark_one_shot_array_probe.py:388: RuntimeWarning: All-NaN slice encountered
  return np.nanmedian(arr, axis=0)
C:\Users\igorc\OneDrive\Desktop\UNNS_SUBSTRATE(desktop)\TRANSFER\Bulk_2\REGIME_SYNTHESIS\UNNS-H Mode Project\unns_hmode_project\components\tokamark_one_shot_array_probe.py:414: RuntimeWarning: All-NaN slice encountered
  edge_median = np.nanmedian(edge, axis=0)
C:\Users\igorc\OneDrive\Desktop\UNNS_SUBSTRATE(desktop)\TRANSFER\Bulk_2\REGIME_SYNTHESIS\UNNS-H Mode Project\unns_hmode_project\components\tokamark_one_shot_array_probe.py:415: RuntimeWarning: All-NaN slice encountered
  core_median = np.nanmedian(core, axis=0)
C:\Users\igorc\OneDrive\Desktop\UNNS_SUBSTRATE(desktop)\TRANSFER\Bulk_2\REGIME_SYNTHESIS\UNNS-H Mode Project\unns_hmode_project\components\tokamark_one_shot_array_probe.py:419: RuntimeWarning: All-NaN slice encountered
  grad = np.nanmedian(np.abs(np.gradient(arr, axis=0)), axis=0)
One-shot array probe complete.
CSV:     outputs\reports\tokamark_shot_12046_signal_probe.csv
JSON:    outputs\reports\tokamark_shot_12046_signal_probe.json
Report:  outputs\reports\tokamark_shot_12046_signal_probe.md
Preview: outputs\reports\tokamark_shot_12046_proxy_timeseries_preview.csv
Loaded arrays: 16
Failed arrays: 0

RETURN_CODE: 0


====================================================================================================
COMMAND: C:\Users\igorc\AppData\Local\Microsoft\WindowsApps\PythonSoftwareFoundation.Python.3.13_qbz5n2kfra8p0\python.exe components\tokamark_m_edge_t_probe.py --shot-id 12046 --out-dir outputs\reports
====================================================================================================
Fetching metadata: https://s3.echo.stfc.ac.uk/mast/tokamark/v1/12046.zarr/.zmetadata
Reading summary_power_nbi: summary/power_nbi
Reading summary_ip: summary/ip
Reading interferometer_n_e_line: interferometer/n_e_line
Reading dalpha_voltage: spectrometer_visible/filter_spectrometer_dalpha_voltage
Reading soft_x_lower: soft_x_rays/horizontal_cam_lower
Reading soft_x_upper: soft_x_rays/horizontal_cam_upper
Reading thomson_t_e: thomson_scattering/t_e
Reading thomson_n_e: thomson_scattering/n_e
Reading equilibrium_q95: equilibrium/q95
Reading equilibrium_elongation: equilibrium/elongation
Reading equilibrium_triangularity_upper: equilibrium/triangularity_upper
Reading equilibrium_triangularity_lower: equilibrium/triangularity_lower
Reading equilibrium_minor_radius: equilibrium/minor_radius
Reading equilibrium_beta_normal: equilibrium/beta_normal
Reading equilibrium_beta_pol: equilibrium/beta_pol
Reading equilibrium_whmd: equilibrium/whmd
C:\Users\igorc\OneDrive\Desktop\UNNS_SUBSTRATE(desktop)\TRANSFER\Bulk_2\REGIME_SYNTHESIS\UNNS-H Mode Project\unns_hmode_project\components\tokamark_m_edge_t_probe.py:344: RuntimeWarning: All-NaN slice encountered
  return np.nanmedian(arr, axis=0)
C:\Users\igorc\OneDrive\Desktop\UNNS_SUBSTRATE(desktop)\TRANSFER\Bulk_2\REGIME_SYNTHESIS\UNNS-H Mode Project\unns_hmode_project\components\tokamark_m_edge_t_probe.py:372: RuntimeWarning: All-NaN slice encountered
  edge_median = np.nanmedian(edge, axis=0)
C:\Users\igorc\OneDrive\Desktop\UNNS_SUBSTRATE(desktop)\TRANSFER\Bulk_2\REGIME_SYNTHESIS\UNNS-H Mode Project\unns_hmode_project\components\tokamark_m_edge_t_probe.py:373: RuntimeWarning: All-NaN slice encountered
  core_median = np.nanmedian(core, axis=0)
C:\Users\igorc\OneDrive\Desktop\UNNS_SUBSTRATE(desktop)\TRANSFER\Bulk_2\REGIME_SYNTHESIS\UNNS-H Mode Project\unns_hmode_project\components\tokamark_m_edge_t_probe.py:379: RuntimeWarning: All-NaN slice encountered
  grad = np.nanmedian(np.abs(np.gradient(arr, axis=0)), axis=0)
Computing normalized m_edge(t)...
m_edge(t) probe complete.
CSV:    outputs\reports\tokamark_shot_12046_m_edge_t_probe.csv
JSON:   outputs\reports\tokamark_shot_12046_m_edge_t_probe.json
Report: outputs\reports\tokamark_shot_12046_m_edge_t_probe.md
State counts:
  positive_boundary_margin: 181
  boundary_ambiguous_margin: 143
  negative_leakage_margin: 68
  insufficient_data: 59

RETURN_CODE: 0


====================================================================================================
COMMAND: C:\Users\igorc\AppData\Local\Microsoft\WindowsApps\PythonSoftwareFoundation.Python.3.13_qbz5n2kfra8p0\python.exe components\tokamark_m_edge_trace_inspector.py --input outputs\reports\tokamark_shot_12046_m_edge_t_probe.csv --shot-id 12046 --out-dir outputs\reports
====================================================================================================
Trace inspection complete.
Windows CSV: outputs\reports\tokamark_shot_12046_m_edge_trace_inspection_windows.csv
Summary:     outputs\reports\tokamark_shot_12046_m_edge_trace_inspection_summary.json
Report:      outputs\reports\tokamark_shot_12046_m_edge_trace_inspection.md
Interpretability counts:
  interpretable_positive_candidate: 7
  interpretable_negative_candidate: 6
  weak_positive_candidate: 3

RETURN_CODE: 0


====================================================================================================
COMMAND: C:\Users\igorc\AppData\Local\Microsoft\WindowsApps\PythonSoftwareFoundation.Python.3.13_qbz5n2kfra8p0\python.exe components\tokamark_one_shot_array_probe.py --shot-id 12055 --out-dir outputs\reports
====================================================================================================
Fetching metadata: https://s3.echo.stfc.ac.uk/mast/tokamark/v1/12055.zarr/.zmetadata
Reading summary_power_nbi: summary/power_nbi
Reading summary_ip: summary/ip
Reading interferometer_n_e_line: interferometer/n_e_line
Reading dalpha_voltage: spectrometer_visible/filter_spectrometer_dalpha_voltage
Reading soft_x_lower: soft_x_rays/horizontal_cam_lower
Reading soft_x_upper: soft_x_rays/horizontal_cam_upper
Reading thomson_t_e: thomson_scattering/t_e
Reading thomson_n_e: thomson_scattering/n_e
Reading equilibrium_q95: equilibrium/q95
Reading equilibrium_elongation: equilibrium/elongation
Reading equilibrium_triangularity_upper: equilibrium/triangularity_upper
Reading equilibrium_triangularity_lower: equilibrium/triangularity_lower
Reading equilibrium_minor_radius: equilibrium/minor_radius
Reading equilibrium_beta_normal: equilibrium/beta_normal
Reading equilibrium_beta_pol: equilibrium/beta_pol
Reading equilibrium_whmd: equilibrium/whmd
C:\Users\igorc\OneDrive\Desktop\UNNS_SUBSTRATE(desktop)\TRANSFER\Bulk_2\REGIME_SYNTHESIS\UNNS-H Mode Project\unns_hmode_project\components\tokamark_one_shot_array_probe.py:388: RuntimeWarning: All-NaN slice encountered
  return np.nanmedian(arr, axis=0)
C:\Users\igorc\OneDrive\Desktop\UNNS_SUBSTRATE(desktop)\TRANSFER\Bulk_2\REGIME_SYNTHESIS\UNNS-H Mode Project\unns_hmode_project\components\tokamark_one_shot_array_probe.py:414: RuntimeWarning: All-NaN slice encountered
  edge_median = np.nanmedian(edge, axis=0)
C:\Users\igorc\OneDrive\Desktop\UNNS_SUBSTRATE(desktop)\TRANSFER\Bulk_2\REGIME_SYNTHESIS\UNNS-H Mode Project\unns_hmode_project\components\tokamark_one_shot_array_probe.py:415: RuntimeWarning: All-NaN slice encountered
  core_median = np.nanmedian(core, axis=0)
C:\Users\igorc\OneDrive\Desktop\UNNS_SUBSTRATE(desktop)\TRANSFER\Bulk_2\REGIME_SYNTHESIS\UNNS-H Mode Project\unns_hmode_project\components\tokamark_one_shot_array_probe.py:419: RuntimeWarning: All-NaN slice encountered
  grad = np.nanmedian(np.abs(np.gradient(arr, axis=0)), axis=0)
C:\Users\igorc\OneDrive\Desktop\UNNS_SUBSTRATE(desktop)\TRANSFER\Bulk_2\REGIME_SYNTHESIS\UNNS-H Mode Project\unns_hmode_project\components\tokamark_one_shot_array_probe.py:388: RuntimeWarning: All-NaN slice encountered
  return np.nanmedian(arr, axis=0)
C:\Users\igorc\OneDrive\Desktop\UNNS_SUBSTRATE(desktop)\TRANSFER\Bulk_2\REGIME_SYNTHESIS\UNNS-H Mode Project\unns_hmode_project\components\tokamark_one_shot_array_probe.py:414: RuntimeWarning: All-NaN slice encountered
  edge_median = np.nanmedian(edge, axis=0)
C:\Users\igorc\OneDrive\Desktop\UNNS_SUBSTRATE(desktop)\TRANSFER\Bulk_2\REGIME_SYNTHESIS\UNNS-H Mode Project\unns_hmode_project\components\tokamark_one_shot_array_probe.py:415: RuntimeWarning: All-NaN slice encountered
  core_median = np.nanmedian(core, axis=0)
C:\Users\igorc\OneDrive\Desktop\UNNS_SUBSTRATE(desktop)\TRANSFER\Bulk_2\REGIME_SYNTHESIS\UNNS-H Mode Project\unns_hmode_project\components\tokamark_one_shot_array_probe.py:419: RuntimeWarning: All-NaN slice encountered
  grad = np.nanmedian(np.abs(np.gradient(arr, axis=0)), axis=0)
One-shot array probe complete.
CSV:     outputs\reports\tokamark_shot_12055_signal_probe.csv
JSON:    outputs\reports\tokamark_shot_12055_signal_probe.json
Report:  outputs\reports\tokamark_shot_12055_signal_probe.md
Preview: outputs\reports\tokamark_shot_12055_proxy_timeseries_preview.csv
Loaded arrays: 16
Failed arrays: 0

RETURN_CODE: 0


====================================================================================================
COMMAND: C:\Users\igorc\AppData\Local\Microsoft\WindowsApps\PythonSoftwareFoundation.Python.3.13_qbz5n2kfra8p0\python.exe components\tokamark_m_edge_t_probe.py --shot-id 12055 --out-dir outputs\reports
====================================================================================================
Fetching metadata: https://s3.echo.stfc.ac.uk/mast/tokamark/v1/12055.zarr/.zmetadata
Reading summary_power_nbi: summary/power_nbi
Reading summary_ip: summary/ip
Reading interferometer_n_e_line: interferometer/n_e_line
Reading dalpha_voltage: spectrometer_visible/filter_spectrometer_dalpha_voltage
Reading soft_x_lower: soft_x_rays/horizontal_cam_lower
Reading soft_x_upper: soft_x_rays/horizontal_cam_upper
Reading thomson_t_e: thomson_scattering/t_e
Reading thomson_n_e: thomson_scattering/n_e
Reading equilibrium_q95: equilibrium/q95
Reading equilibrium_elongation: equilibrium/elongation
Reading equilibrium_triangularity_upper: equilibrium/triangularity_upper
Reading equilibrium_triangularity_lower: equilibrium/triangularity_lower
Reading equilibrium_minor_radius: equilibrium/minor_radius
Reading equilibrium_beta_normal: equilibrium/beta_normal
Reading equilibrium_beta_pol: equilibrium/beta_pol
Reading equilibrium_whmd: equilibrium/whmd
C:\Users\igorc\OneDrive\Desktop\UNNS_SUBSTRATE(desktop)\TRANSFER\Bulk_2\REGIME_SYNTHESIS\UNNS-H Mode Project\unns_hmode_project\components\tokamark_m_edge_t_probe.py:344: RuntimeWarning: All-NaN slice encountered
  return np.nanmedian(arr, axis=0)
C:\Users\igorc\OneDrive\Desktop\UNNS_SUBSTRATE(desktop)\TRANSFER\Bulk_2\REGIME_SYNTHESIS\UNNS-H Mode Project\unns_hmode_project\components\tokamark_m_edge_t_probe.py:372: RuntimeWarning: All-NaN slice encountered
  edge_median = np.nanmedian(edge, axis=0)
C:\Users\igorc\OneDrive\Desktop\UNNS_SUBSTRATE(desktop)\TRANSFER\Bulk_2\REGIME_SYNTHESIS\UNNS-H Mode Project\unns_hmode_project\components\tokamark_m_edge_t_probe.py:373: RuntimeWarning: All-NaN slice encountered
  core_median = np.nanmedian(core, axis=0)
C:\Users\igorc\OneDrive\Desktop\UNNS_SUBSTRATE(desktop)\TRANSFER\Bulk_2\REGIME_SYNTHESIS\UNNS-H Mode Project\unns_hmode_project\components\tokamark_m_edge_t_probe.py:379: RuntimeWarning: All-NaN slice encountered
  grad = np.nanmedian(np.abs(np.gradient(arr, axis=0)), axis=0)
Computing normalized m_edge(t)...
m_edge(t) probe complete.
CSV:    outputs\reports\tokamark_shot_12055_m_edge_t_probe.csv
JSON:   outputs\reports\tokamark_shot_12055_m_edge_t_probe.json
Report: outputs\reports\tokamark_shot_12055_m_edge_t_probe.md
State counts:
  positive_boundary_margin: 154
  boundary_ambiguous_margin: 118
  insufficient_data: 41
  negative_leakage_margin: 28

RETURN_CODE: 0


====================================================================================================
COMMAND: C:\Users\igorc\AppData\Local\Microsoft\WindowsApps\PythonSoftwareFoundation.Python.3.13_qbz5n2kfra8p0\python.exe components\tokamark_m_edge_trace_inspector.py --input outputs\reports\tokamark_shot_12055_m_edge_t_probe.csv --shot-id 12055 --out-dir outputs\reports
====================================================================================================
Trace inspection complete.
Windows CSV: outputs\reports\tokamark_shot_12055_m_edge_trace_inspection_windows.csv
Summary:     outputs\reports\tokamark_shot_12055_m_edge_trace_inspection_summary.json
Report:      outputs\reports\tokamark_shot_12055_m_edge_trace_inspection.md
Interpretability counts:
  interpretable_negative_candidate: 3
  interpretable_positive_candidate: 3

RETURN_CODE: 0


====================================================================================================
COMMAND: C:\Users\igorc\AppData\Local\Microsoft\WindowsApps\PythonSoftwareFoundation.Python.3.13_qbz5n2kfra8p0\python.exe components\tokamark_one_shot_array_probe.py --shot-id 12034 --out-dir outputs\reports
====================================================================================================
Fetching metadata: https://s3.echo.stfc.ac.uk/mast/tokamark/v1/12034.zarr/.zmetadata
Reading summary_power_nbi: summary/power_nbi
Reading summary_ip: summary/ip
Reading interferometer_n_e_line: interferometer/n_e_line
Reading dalpha_voltage: spectrometer_visible/filter_spectrometer_dalpha_voltage
Reading soft_x_lower: soft_x_rays/horizontal_cam_lower
Reading soft_x_upper: soft_x_rays/horizontal_cam_upper
Reading thomson_t_e: thomson_scattering/t_e
  FAILED: thomson_t_e: KeyError('Missing array metadata: thomson_scattering/t_e/.zarray')
Reading thomson_n_e: thomson_scattering/n_e
  FAILED: thomson_n_e: KeyError('Missing array metadata: thomson_scattering/n_e/.zarray')
Reading equilibrium_q95: equilibrium/q95
Reading equilibrium_elongation: equilibrium/elongation
Reading equilibrium_triangularity_upper: equilibrium/triangularity_upper
Reading equilibrium_triangularity_lower: equilibrium/triangularity_lower
Reading equilibrium_minor_radius: equilibrium/minor_radius
Reading equilibrium_beta_normal: equilibrium/beta_normal
Reading equilibrium_beta_pol: equilibrium/beta_pol
Reading equilibrium_whmd: equilibrium/whmd
C:\Users\igorc\OneDrive\Desktop\UNNS_SUBSTRATE(desktop)\TRANSFER\Bulk_2\REGIME_SYNTHESIS\UNNS-H Mode Project\unns_hmode_project\components\tokamark_one_shot_array_probe.py:388: RuntimeWarning: All-NaN slice encountered
  return np.nanmedian(arr, axis=0)
C:\Users\igorc\OneDrive\Desktop\UNNS_SUBSTRATE(desktop)\TRANSFER\Bulk_2\REGIME_SYNTHESIS\UNNS-H Mode Project\unns_hmode_project\components\tokamark_one_shot_array_probe.py:388: RuntimeWarning: All-NaN slice encountered
  return np.nanmedian(arr, axis=0)
One-shot array probe complete.
CSV:     outputs\reports\tokamark_shot_12034_signal_probe.csv
JSON:    outputs\reports\tokamark_shot_12034_signal_probe.json
Report:  outputs\reports\tokamark_shot_12034_signal_probe.md
Preview: outputs\reports\tokamark_shot_12034_proxy_timeseries_preview.csv
Loaded arrays: 14
Failed arrays: 2

RETURN_CODE: 0


====================================================================================================
COMMAND: C:\Users\igorc\AppData\Local\Microsoft\WindowsApps\PythonSoftwareFoundation.Python.3.13_qbz5n2kfra8p0\python.exe components\tokamark_m_edge_t_probe.py --shot-id 12034 --out-dir outputs\reports
====================================================================================================
Fetching metadata: https://s3.echo.stfc.ac.uk/mast/tokamark/v1/12034.zarr/.zmetadata
Reading summary_power_nbi: summary/power_nbi
Reading summary_ip: summary/ip
Reading interferometer_n_e_line: interferometer/n_e_line
Reading dalpha_voltage: spectrometer_visible/filter_spectrometer_dalpha_voltage
Reading soft_x_lower: soft_x_rays/horizontal_cam_lower
Reading soft_x_upper: soft_x_rays/horizontal_cam_upper
Reading thomson_t_e: thomson_scattering/t_e
  FAILED: thomson_t_e: KeyError('Missing array metadata: thomson_scattering/t_e/.zarray')
Reading thomson_n_e: thomson_scattering/n_e
  FAILED: thomson_n_e: KeyError('Missing array metadata: thomson_scattering/n_e/.zarray')
Reading equilibrium_q95: equilibrium/q95
Reading equilibrium_elongation: equilibrium/elongation
Reading equilibrium_triangularity_upper: equilibrium/triangularity_upper
Reading equilibrium_triangularity_lower: equilibrium/triangularity_lower
Reading equilibrium_minor_radius: equilibrium/minor_radius
Reading equilibrium_beta_normal: equilibrium/beta_normal
Reading equilibrium_beta_pol: equilibrium/beta_pol
Reading equilibrium_whmd: equilibrium/whmd
C:\Users\igorc\OneDrive\Desktop\UNNS_SUBSTRATE(desktop)\TRANSFER\Bulk_2\REGIME_SYNTHESIS\UNNS-H Mode Project\unns_hmode_project\components\tokamark_m_edge_t_probe.py:344: RuntimeWarning: All-NaN slice encountered
  return np.nanmedian(arr, axis=0)
Computing normalized m_edge(t)...
m_edge(t) probe complete.
CSV:    outputs\reports\tokamark_shot_12034_m_edge_t_probe.csv
JSON:   outputs\reports\tokamark_shot_12034_m_edge_t_probe.json
Report: outputs\reports\tokamark_shot_12034_m_edge_t_probe.md
State counts:
  boundary_ambiguous_margin: 287
  positive_boundary_margin: 227
  insufficient_data: 49
  negative_leakage_margin: 41

RETURN_CODE: 0


====================================================================================================
COMMAND: C:\Users\igorc\AppData\Local\Microsoft\WindowsApps\PythonSoftwareFoundation.Python.3.13_qbz5n2kfra8p0\python.exe components\tokamark_m_edge_trace_inspector.py --input outputs\reports\tokamark_shot_12034_m_edge_t_probe.csv --shot-id 12034 --out-dir outputs\reports
====================================================================================================
Trace inspection complete.
Windows CSV: outputs\reports\tokamark_shot_12034_m_edge_trace_inspection_windows.csv
Summary:     outputs\reports\tokamark_shot_12034_m_edge_trace_inspection_summary.json
Report:      outputs\reports\tokamark_shot_12034_m_edge_trace_inspection.md
Interpretability counts:
  interpretable_negative_candidate: 3
  interpretable_positive_candidate: 2
  fragile_positive_candidate: 1

RETURN_CODE: 0


====================================================================================================
COMMAND: C:\Users\igorc\AppData\Local\Microsoft\WindowsApps\PythonSoftwareFoundation.Python.3.13_qbz5n2kfra8p0\python.exe components\tokamark_one_shot_array_probe.py --shot-id 11802 --out-dir outputs\reports
====================================================================================================
Fetching metadata: https://s3.echo.stfc.ac.uk/mast/tokamark/v1/11802.zarr/.zmetadata
Reading summary_power_nbi: summary/power_nbi
Reading summary_ip: summary/ip
Reading interferometer_n_e_line: interferometer/n_e_line
Reading dalpha_voltage: spectrometer_visible/filter_spectrometer_dalpha_voltage
Reading soft_x_lower: soft_x_rays/horizontal_cam_lower
Reading soft_x_upper: soft_x_rays/horizontal_cam_upper
Reading thomson_t_e: thomson_scattering/t_e
  FAILED: thomson_t_e: KeyError('Missing array metadata: thomson_scattering/t_e/.zarray')
Reading thomson_n_e: thomson_scattering/n_e
  FAILED: thomson_n_e: KeyError('Missing array metadata: thomson_scattering/n_e/.zarray')
Reading equilibrium_q95: equilibrium/q95
Reading equilibrium_elongation: equilibrium/elongation
Reading equilibrium_triangularity_upper: equilibrium/triangularity_upper
Reading equilibrium_triangularity_lower: equilibrium/triangularity_lower
Reading equilibrium_minor_radius: equilibrium/minor_radius
Reading equilibrium_beta_normal: equilibrium/beta_normal
Reading equilibrium_beta_pol: equilibrium/beta_pol
Reading equilibrium_whmd: equilibrium/whmd
C:\Users\igorc\OneDrive\Desktop\UNNS_SUBSTRATE(desktop)\TRANSFER\Bulk_2\REGIME_SYNTHESIS\UNNS-H Mode Project\unns_hmode_project\components\tokamark_one_shot_array_probe.py:388: RuntimeWarning: All-NaN slice encountered
  return np.nanmedian(arr, axis=0)
C:\Users\igorc\OneDrive\Desktop\UNNS_SUBSTRATE(desktop)\TRANSFER\Bulk_2\REGIME_SYNTHESIS\UNNS-H Mode Project\unns_hmode_project\components\tokamark_one_shot_array_probe.py:388: RuntimeWarning: All-NaN slice encountered
  return np.nanmedian(arr, axis=0)
One-shot array probe complete.
CSV:     outputs\reports\tokamark_shot_11802_signal_probe.csv
JSON:    outputs\reports\tokamark_shot_11802_signal_probe.json
Report:  outputs\reports\tokamark_shot_11802_signal_probe.md
Preview: outputs\reports\tokamark_shot_11802_proxy_timeseries_preview.csv
Loaded arrays: 14
Failed arrays: 2

RETURN_CODE: 0


====================================================================================================
COMMAND: C:\Users\igorc\AppData\Local\Microsoft\WindowsApps\PythonSoftwareFoundation.Python.3.13_qbz5n2kfra8p0\python.exe components\tokamark_m_edge_t_probe.py --shot-id 11802 --out-dir outputs\reports
====================================================================================================
Fetching metadata: https://s3.echo.stfc.ac.uk/mast/tokamark/v1/11802.zarr/.zmetadata
Reading summary_power_nbi: summary/power_nbi
Reading summary_ip: summary/ip
Reading interferometer_n_e_line: interferometer/n_e_line
Reading dalpha_voltage: spectrometer_visible/filter_spectrometer_dalpha_voltage
Reading soft_x_lower: soft_x_rays/horizontal_cam_lower
Reading soft_x_upper: soft_x_rays/horizontal_cam_upper
Reading thomson_t_e: thomson_scattering/t_e
  FAILED: thomson_t_e: KeyError('Missing array metadata: thomson_scattering/t_e/.zarray')
Reading thomson_n_e: thomson_scattering/n_e
  FAILED: thomson_n_e: KeyError('Missing array metadata: thomson_scattering/n_e/.zarray')
Reading equilibrium_q95: equilibrium/q95
Reading equilibrium_elongation: equilibrium/elongation
Reading equilibrium_triangularity_upper: equilibrium/triangularity_upper
Reading equilibrium_triangularity_lower: equilibrium/triangularity_lower
Reading equilibrium_minor_radius: equilibrium/minor_radius
Reading equilibrium_beta_normal: equilibrium/beta_normal
Reading equilibrium_beta_pol: equilibrium/beta_pol
Reading equilibrium_whmd: equilibrium/whmd
C:\Users\igorc\OneDrive\Desktop\UNNS_SUBSTRATE(desktop)\TRANSFER\Bulk_2\REGIME_SYNTHESIS\UNNS-H Mode Project\unns_hmode_project\components\tokamark_m_edge_t_probe.py:344: RuntimeWarning: All-NaN slice encountered
  return np.nanmedian(arr, axis=0)
Computing normalized m_edge(t)...
m_edge(t) probe complete.
CSV:    outputs\reports\tokamark_shot_11802_m_edge_t_probe.csv
JSON:   outputs\reports\tokamark_shot_11802_m_edge_t_probe.json
Report: outputs\reports\tokamark_shot_11802_m_edge_t_probe.md
State counts:
  positive_boundary_margin: 237
  boundary_ambiguous_margin: 166
  insufficient_data: 58
  negative_leakage_margin: 35

RETURN_CODE: 0


====================================================================================================
COMMAND: C:\Users\igorc\AppData\Local\Microsoft\WindowsApps\PythonSoftwareFoundation.Python.3.13_qbz5n2kfra8p0\python.exe components\tokamark_m_edge_trace_inspector.py --input outputs\reports\tokamark_shot_11802_m_edge_t_probe.csv --shot-id 11802 --out-dir outputs\reports
====================================================================================================
Trace inspection complete.
Windows CSV: outputs\reports\tokamark_shot_11802_m_edge_trace_inspection_windows.csv
Summary:     outputs\reports\tokamark_shot_11802_m_edge_trace_inspection_summary.json
Report:      outputs\reports\tokamark_shot_11802_m_edge_trace_inspection.md
Interpretability counts:
  interpretable_positive_candidate: 22
  interpretable_negative_candidate: 3
  weak_positive_candidate: 2
  weak_negative_candidate: 1

RETURN_CODE: 0


====================================================================================================
COMMAND: C:\Users\igorc\AppData\Local\Microsoft\WindowsApps\PythonSoftwareFoundation.Python.3.13_qbz5n2kfra8p0\python.exe components\tokamark_one_shot_array_probe.py --shot-id 11851 --out-dir outputs\reports
====================================================================================================
Fetching metadata: https://s3.echo.stfc.ac.uk/mast/tokamark/v1/11851.zarr/.zmetadata
Reading summary_power_nbi: summary/power_nbi
Reading summary_ip: summary/ip
Reading interferometer_n_e_line: interferometer/n_e_line
Reading dalpha_voltage: spectrometer_visible/filter_spectrometer_dalpha_voltage
Reading soft_x_lower: soft_x_rays/horizontal_cam_lower
Reading soft_x_upper: soft_x_rays/horizontal_cam_upper
Reading thomson_t_e: thomson_scattering/t_e
  FAILED: thomson_t_e: KeyError('Missing array metadata: thomson_scattering/t_e/.zarray')
Reading thomson_n_e: thomson_scattering/n_e
  FAILED: thomson_n_e: KeyError('Missing array metadata: thomson_scattering/n_e/.zarray')
Reading equilibrium_q95: equilibrium/q95
Reading equilibrium_elongation: equilibrium/elongation
Reading equilibrium_triangularity_upper: equilibrium/triangularity_upper
Reading equilibrium_triangularity_lower: equilibrium/triangularity_lower
Reading equilibrium_minor_radius: equilibrium/minor_radius
Reading equilibrium_beta_normal: equilibrium/beta_normal
Reading equilibrium_beta_pol: equilibrium/beta_pol
Reading equilibrium_whmd: equilibrium/whmd
C:\Users\igorc\OneDrive\Desktop\UNNS_SUBSTRATE(desktop)\TRANSFER\Bulk_2\REGIME_SYNTHESIS\UNNS-H Mode Project\unns_hmode_project\components\tokamark_one_shot_array_probe.py:388: RuntimeWarning: All-NaN slice encountered
  return np.nanmedian(arr, axis=0)
C:\Users\igorc\OneDrive\Desktop\UNNS_SUBSTRATE(desktop)\TRANSFER\Bulk_2\REGIME_SYNTHESIS\UNNS-H Mode Project\unns_hmode_project\components\tokamark_one_shot_array_probe.py:388: RuntimeWarning: All-NaN slice encountered
  return np.nanmedian(arr, axis=0)
One-shot array probe complete.
CSV:     outputs\reports\tokamark_shot_11851_signal_probe.csv
JSON:    outputs\reports\tokamark_shot_11851_signal_probe.json
Report:  outputs\reports\tokamark_shot_11851_signal_probe.md
Preview: outputs\reports\tokamark_shot_11851_proxy_timeseries_preview.csv
Loaded arrays: 14
Failed arrays: 2

RETURN_CODE: 0


====================================================================================================
COMMAND: C:\Users\igorc\AppData\Local\Microsoft\WindowsApps\PythonSoftwareFoundation.Python.3.13_qbz5n2kfra8p0\python.exe components\tokamark_m_edge_t_probe.py --shot-id 11851 --out-dir outputs\reports
====================================================================================================
Fetching metadata: https://s3.echo.stfc.ac.uk/mast/tokamark/v1/11851.zarr/.zmetadata
Reading summary_power_nbi: summary/power_nbi
Reading summary_ip: summary/ip
Reading interferometer_n_e_line: interferometer/n_e_line
Reading dalpha_voltage: spectrometer_visible/filter_spectrometer_dalpha_voltage
Reading soft_x_lower: soft_x_rays/horizontal_cam_lower
Reading soft_x_upper: soft_x_rays/horizontal_cam_upper
Reading thomson_t_e: thomson_scattering/t_e
  FAILED: thomson_t_e: KeyError('Missing array metadata: thomson_scattering/t_e/.zarray')
Reading thomson_n_e: thomson_scattering/n_e
  FAILED: thomson_n_e: KeyError('Missing array metadata: thomson_scattering/n_e/.zarray')
Reading equilibrium_q95: equilibrium/q95
Reading equilibrium_elongation: equilibrium/elongation
Reading equilibrium_triangularity_upper: equilibrium/triangularity_upper
Reading equilibrium_triangularity_lower: equilibrium/triangularity_lower
Reading equilibrium_minor_radius: equilibrium/minor_radius
Reading equilibrium_beta_normal: equilibrium/beta_normal
Reading equilibrium_beta_pol: equilibrium/beta_pol
Reading equilibrium_whmd: equilibrium/whmd
C:\Users\igorc\OneDrive\Desktop\UNNS_SUBSTRATE(desktop)\TRANSFER\Bulk_2\REGIME_SYNTHESIS\UNNS-H Mode Project\unns_hmode_project\components\tokamark_m_edge_t_probe.py:344: RuntimeWarning: All-NaN slice encountered
  return np.nanmedian(arr, axis=0)
Computing normalized m_edge(t)...
m_edge(t) probe complete.
CSV:    outputs\reports\tokamark_shot_11851_m_edge_t_probe.csv
JSON:   outputs\reports\tokamark_shot_11851_m_edge_t_probe.json
Report: outputs\reports\tokamark_shot_11851_m_edge_t_probe.md
State counts:
  boundary_ambiguous_margin: 173
  negative_leakage_margin: 118
  positive_boundary_margin: 65
  insufficient_data: 59

RETURN_CODE: 0


====================================================================================================
COMMAND: C:\Users\igorc\AppData\Local\Microsoft\WindowsApps\PythonSoftwareFoundation.Python.3.13_qbz5n2kfra8p0\python.exe components\tokamark_m_edge_trace_inspector.py --input outputs\reports\tokamark_shot_11851_m_edge_t_probe.csv --shot-id 11851 --out-dir outputs\reports
====================================================================================================
Trace inspection complete.
Windows CSV: outputs\reports\tokamark_shot_11851_m_edge_trace_inspection_windows.csv
Summary:     outputs\reports\tokamark_shot_11851_m_edge_trace_inspection_summary.json
Report:      outputs\reports\tokamark_shot_11851_m_edge_trace_inspection.md
Interpretability counts:
  interpretable_negative_candidate: 12
  interpretable_positive_candidate: 4
  weak_positive_candidate: 1

RETURN_CODE: 0


====================================================================================================
COMMAND: C:\Users\igorc\AppData\Local\Microsoft\WindowsApps\PythonSoftwareFoundation.Python.3.13_qbz5n2kfra8p0\python.exe components\tokamark_one_shot_array_probe.py --shot-id 11908 --out-dir outputs\reports
====================================================================================================
Fetching metadata: https://s3.echo.stfc.ac.uk/mast/tokamark/v1/11908.zarr/.zmetadata
Reading summary_power_nbi: summary/power_nbi
Reading summary_ip: summary/ip
Reading interferometer_n_e_line: interferometer/n_e_line
Reading dalpha_voltage: spectrometer_visible/filter_spectrometer_dalpha_voltage
Reading soft_x_lower: soft_x_rays/horizontal_cam_lower
Reading soft_x_upper: soft_x_rays/horizontal_cam_upper
Reading thomson_t_e: thomson_scattering/t_e
  FAILED: thomson_t_e: KeyError('Missing array metadata: thomson_scattering/t_e/.zarray')
Reading thomson_n_e: thomson_scattering/n_e
  FAILED: thomson_n_e: KeyError('Missing array metadata: thomson_scattering/n_e/.zarray')
Reading equilibrium_q95: equilibrium/q95
Reading equilibrium_elongation: equilibrium/elongation
Reading equilibrium_triangularity_upper: equilibrium/triangularity_upper
Reading equilibrium_triangularity_lower: equilibrium/triangularity_lower
Reading equilibrium_minor_radius: equilibrium/minor_radius
Reading equilibrium_beta_normal: equilibrium/beta_normal
Reading equilibrium_beta_pol: equilibrium/beta_pol
Reading equilibrium_whmd: equilibrium/whmd
C:\Users\igorc\OneDrive\Desktop\UNNS_SUBSTRATE(desktop)\TRANSFER\Bulk_2\REGIME_SYNTHESIS\UNNS-H Mode Project\unns_hmode_project\components\tokamark_one_shot_array_probe.py:388: RuntimeWarning: All-NaN slice encountered
  return np.nanmedian(arr, axis=0)
C:\Users\igorc\OneDrive\Desktop\UNNS_SUBSTRATE(desktop)\TRANSFER\Bulk_2\REGIME_SYNTHESIS\UNNS-H Mode Project\unns_hmode_project\components\tokamark_one_shot_array_probe.py:388: RuntimeWarning: All-NaN slice encountered
  return np.nanmedian(arr, axis=0)
One-shot array probe complete.
CSV:     outputs\reports\tokamark_shot_11908_signal_probe.csv
JSON:    outputs\reports\tokamark_shot_11908_signal_probe.json
Report:  outputs\reports\tokamark_shot_11908_signal_probe.md
Preview: outputs\reports\tokamark_shot_11908_proxy_timeseries_preview.csv
Loaded arrays: 14
Failed arrays: 2

RETURN_CODE: 0


====================================================================================================
COMMAND: C:\Users\igorc\AppData\Local\Microsoft\WindowsApps\PythonSoftwareFoundation.Python.3.13_qbz5n2kfra8p0\python.exe components\tokamark_m_edge_t_probe.py --shot-id 11908 --out-dir outputs\reports
====================================================================================================
Fetching metadata: https://s3.echo.stfc.ac.uk/mast/tokamark/v1/11908.zarr/.zmetadata
Reading summary_power_nbi: summary/power_nbi
Reading summary_ip: summary/ip
Reading interferometer_n_e_line: interferometer/n_e_line
Reading dalpha_voltage: spectrometer_visible/filter_spectrometer_dalpha_voltage
Reading soft_x_lower: soft_x_rays/horizontal_cam_lower
Reading soft_x_upper: soft_x_rays/horizontal_cam_upper
Reading thomson_t_e: thomson_scattering/t_e
  FAILED: thomson_t_e: KeyError('Missing array metadata: thomson_scattering/t_e/.zarray')
Reading thomson_n_e: thomson_scattering/n_e
  FAILED: thomson_n_e: KeyError('Missing array metadata: thomson_scattering/n_e/.zarray')
Reading equilibrium_q95: equilibrium/q95
Reading equilibrium_elongation: equilibrium/elongation
Reading equilibrium_triangularity_upper: equilibrium/triangularity_upper
Reading equilibrium_triangularity_lower: equilibrium/triangularity_lower
Reading equilibrium_minor_radius: equilibrium/minor_radius
Reading equilibrium_beta_normal: equilibrium/beta_normal
Reading equilibrium_beta_pol: equilibrium/beta_pol
Reading equilibrium_whmd: equilibrium/whmd
C:\Users\igorc\OneDrive\Desktop\UNNS_SUBSTRATE(desktop)\TRANSFER\Bulk_2\REGIME_SYNTHESIS\UNNS-H Mode Project\unns_hmode_project\components\tokamark_m_edge_t_probe.py:344: RuntimeWarning: All-NaN slice encountered
  return np.nanmedian(arr, axis=0)
Computing normalized m_edge(t)...
m_edge(t) probe complete.
CSV:    outputs\reports\tokamark_shot_11908_m_edge_t_probe.csv
JSON:   outputs\reports\tokamark_shot_11908_m_edge_t_probe.json
Report: outputs\reports\tokamark_shot_11908_m_edge_t_probe.md
State counts:
  boundary_ambiguous_margin: 233
  negative_leakage_margin: 133
  positive_boundary_margin: 131
  insufficient_data: 51

RETURN_CODE: 0


====================================================================================================
COMMAND: C:\Users\igorc\AppData\Local\Microsoft\WindowsApps\PythonSoftwareFoundation.Python.3.13_qbz5n2kfra8p0\python.exe components\tokamark_m_edge_trace_inspector.py --input outputs\reports\tokamark_shot_11908_m_edge_t_probe.csv --shot-id 11908 --out-dir outputs\reports
====================================================================================================
Trace inspection complete.
Windows CSV: outputs\reports\tokamark_shot_11908_m_edge_trace_inspection_windows.csv
Summary:     outputs\reports\tokamark_shot_11908_m_edge_trace_inspection_summary.json
Report:      outputs\reports\tokamark_shot_11908_m_edge_trace_inspection.md
Interpretability counts:
  interpretable_positive_candidate: 4
  interpretable_negative_candidate: 2
  fragile_positive_candidate: 1

RETURN_CODE: 0


====================================================================================================
COMMAND: C:\Users\igorc\AppData\Local\Microsoft\WindowsApps\PythonSoftwareFoundation.Python.3.13_qbz5n2kfra8p0\python.exe components\tokamark_one_shot_array_probe.py --shot-id 11958 --out-dir outputs\reports
====================================================================================================
Fetching metadata: https://s3.echo.stfc.ac.uk/mast/tokamark/v1/11958.zarr/.zmetadata
Reading summary_power_nbi: summary/power_nbi
Reading summary_ip: summary/ip
Reading interferometer_n_e_line: interferometer/n_e_line
Reading dalpha_voltage: spectrometer_visible/filter_spectrometer_dalpha_voltage
Reading soft_x_lower: soft_x_rays/horizontal_cam_lower
Reading soft_x_upper: soft_x_rays/horizontal_cam_upper
Reading thomson_t_e: thomson_scattering/t_e
  FAILED: thomson_t_e: KeyError('Missing array metadata: thomson_scattering/t_e/.zarray')
Reading thomson_n_e: thomson_scattering/n_e
  FAILED: thomson_n_e: KeyError('Missing array metadata: thomson_scattering/n_e/.zarray')
Reading equilibrium_q95: equilibrium/q95
Reading equilibrium_elongation: equilibrium/elongation
Reading equilibrium_triangularity_upper: equilibrium/triangularity_upper
Reading equilibrium_triangularity_lower: equilibrium/triangularity_lower
Reading equilibrium_minor_radius: equilibrium/minor_radius
Reading equilibrium_beta_normal: equilibrium/beta_normal
Reading equilibrium_beta_pol: equilibrium/beta_pol
Reading equilibrium_whmd: equilibrium/whmd
C:\Users\igorc\OneDrive\Desktop\UNNS_SUBSTRATE(desktop)\TRANSFER\Bulk_2\REGIME_SYNTHESIS\UNNS-H Mode Project\unns_hmode_project\components\tokamark_one_shot_array_probe.py:388: RuntimeWarning: All-NaN slice encountered
  return np.nanmedian(arr, axis=0)
C:\Users\igorc\OneDrive\Desktop\UNNS_SUBSTRATE(desktop)\TRANSFER\Bulk_2\REGIME_SYNTHESIS\UNNS-H Mode Project\unns_hmode_project\components\tokamark_one_shot_array_probe.py:388: RuntimeWarning: All-NaN slice encountered
  return np.nanmedian(arr, axis=0)
One-shot array probe complete.
CSV:     outputs\reports\tokamark_shot_11958_signal_probe.csv
JSON:    outputs\reports\tokamark_shot_11958_signal_probe.json
Report:  outputs\reports\tokamark_shot_11958_signal_probe.md
Preview: outputs\reports\tokamark_shot_11958_proxy_timeseries_preview.csv
Loaded arrays: 14
Failed arrays: 2

RETURN_CODE: 0


====================================================================================================
COMMAND: C:\Users\igorc\AppData\Local\Microsoft\WindowsApps\PythonSoftwareFoundation.Python.3.13_qbz5n2kfra8p0\python.exe components\tokamark_m_edge_t_probe.py --shot-id 11958 --out-dir outputs\reports
====================================================================================================
Fetching metadata: https://s3.echo.stfc.ac.uk/mast/tokamark/v1/11958.zarr/.zmetadata
Reading summary_power_nbi: summary/power_nbi
Reading summary_ip: summary/ip
Reading interferometer_n_e_line: interferometer/n_e_line
Reading dalpha_voltage: spectrometer_visible/filter_spectrometer_dalpha_voltage
Reading soft_x_lower: soft_x_rays/horizontal_cam_lower
Reading soft_x_upper: soft_x_rays/horizontal_cam_upper
Reading thomson_t_e: thomson_scattering/t_e
  FAILED: thomson_t_e: KeyError('Missing array metadata: thomson_scattering/t_e/.zarray')
Reading thomson_n_e: thomson_scattering/n_e
  FAILED: thomson_n_e: KeyError('Missing array metadata: thomson_scattering/n_e/.zarray')
Reading equilibrium_q95: equilibrium/q95
Reading equilibrium_elongation: equilibrium/elongation
Reading equilibrium_triangularity_upper: equilibrium/triangularity_upper
Reading equilibrium_triangularity_lower: equilibrium/triangularity_lower
Reading equilibrium_minor_radius: equilibrium/minor_radius
Reading equilibrium_beta_normal: equilibrium/beta_normal
Reading equilibrium_beta_pol: equilibrium/beta_pol
Reading equilibrium_whmd: equilibrium/whmd
C:\Users\igorc\OneDrive\Desktop\UNNS_SUBSTRATE(desktop)\TRANSFER\Bulk_2\REGIME_SYNTHESIS\UNNS-H Mode Project\unns_hmode_project\components\tokamark_m_edge_t_probe.py:344: RuntimeWarning: All-NaN slice encountered
  return np.nanmedian(arr, axis=0)
Computing normalized m_edge(t)...
m_edge(t) probe complete.
CSV:    outputs\reports\tokamark_shot_11958_m_edge_t_probe.csv
JSON:   outputs\reports\tokamark_shot_11958_m_edge_t_probe.json
Report: outputs\reports\tokamark_shot_11958_m_edge_t_probe.md
State counts:
  boundary_ambiguous_margin: 186
  negative_leakage_margin: 114
  positive_boundary_margin: 103
  insufficient_data: 50

RETURN_CODE: 0


====================================================================================================
COMMAND: C:\Users\igorc\AppData\Local\Microsoft\WindowsApps\PythonSoftwareFoundation.Python.3.13_qbz5n2kfra8p0\python.exe components\tokamark_m_edge_trace_inspector.py --input outputs\reports\tokamark_shot_11958_m_edge_t_probe.csv --shot-id 11958 --out-dir outputs\reports
====================================================================================================
Trace inspection complete.
Windows CSV: outputs\reports\tokamark_shot_11958_m_edge_trace_inspection_windows.csv
Summary:     outputs\reports\tokamark_shot_11958_m_edge_trace_inspection_summary.json
Report:      outputs\reports\tokamark_shot_11958_m_edge_trace_inspection.md
Interpretability counts:
  interpretable_negative_candidate: 3
  interpretable_positive_candidate: 2

RETURN_CODE: 0


====================================================================================================
COMMAND: C:\Users\igorc\AppData\Local\Microsoft\WindowsApps\PythonSoftwareFoundation.Python.3.13_qbz5n2kfra8p0\python.exe components\tokamark_one_shot_array_probe.py --shot-id 11772 --out-dir outputs\reports
====================================================================================================
Fetching metadata: https://s3.echo.stfc.ac.uk/mast/tokamark/v1/11772.zarr/.zmetadata
Reading summary_power_nbi: summary/power_nbi
  FAILED: summary_power_nbi: KeyError('Missing array metadata: summary/power_nbi/.zarray')
Reading summary_ip: summary/ip
Reading interferometer_n_e_line: interferometer/n_e_line
Reading dalpha_voltage: spectrometer_visible/filter_spectrometer_dalpha_voltage
Reading soft_x_lower: soft_x_rays/horizontal_cam_lower
Reading soft_x_upper: soft_x_rays/horizontal_cam_upper
Reading thomson_t_e: thomson_scattering/t_e
  FAILED: thomson_t_e: KeyError('Missing array metadata: thomson_scattering/t_e/.zarray')
Reading thomson_n_e: thomson_scattering/n_e
  FAILED: thomson_n_e: KeyError('Missing array metadata: thomson_scattering/n_e/.zarray')
Reading equilibrium_q95: equilibrium/q95
Reading equilibrium_elongation: equilibrium/elongation
Reading equilibrium_triangularity_upper: equilibrium/triangularity_upper
Reading equilibrium_triangularity_lower: equilibrium/triangularity_lower
Reading equilibrium_minor_radius: equilibrium/minor_radius
Reading equilibrium_beta_normal: equilibrium/beta_normal
Reading equilibrium_beta_pol: equilibrium/beta_pol
Reading equilibrium_whmd: equilibrium/whmd
C:\Users\igorc\OneDrive\Desktop\UNNS_SUBSTRATE(desktop)\TRANSFER\Bulk_2\REGIME_SYNTHESIS\UNNS-H Mode Project\unns_hmode_project\components\tokamark_one_shot_array_probe.py:388: RuntimeWarning: All-NaN slice encountered
  return np.nanmedian(arr, axis=0)
C:\Users\igorc\OneDrive\Desktop\UNNS_SUBSTRATE(desktop)\TRANSFER\Bulk_2\REGIME_SYNTHESIS\UNNS-H Mode Project\unns_hmode_project\components\tokamark_one_shot_array_probe.py:388: RuntimeWarning: All-NaN slice encountered
  return np.nanmedian(arr, axis=0)
One-shot array probe complete.
CSV:     outputs\reports\tokamark_shot_11772_signal_probe.csv
JSON:    outputs\reports\tokamark_shot_11772_signal_probe.json
Report:  outputs\reports\tokamark_shot_11772_signal_probe.md
Preview: outputs\reports\tokamark_shot_11772_proxy_timeseries_preview.csv
Loaded arrays: 13
Failed arrays: 3

RETURN_CODE: 0


====================================================================================================
COMMAND: C:\Users\igorc\AppData\Local\Microsoft\WindowsApps\PythonSoftwareFoundation.Python.3.13_qbz5n2kfra8p0\python.exe components\tokamark_m_edge_t_probe.py --shot-id 11772 --out-dir outputs\reports
====================================================================================================
Fetching metadata: https://s3.echo.stfc.ac.uk/mast/tokamark/v1/11772.zarr/.zmetadata
Reading summary_power_nbi: summary/power_nbi
  FAILED: summary_power_nbi: KeyError('Missing array metadata: summary/power_nbi/.zarray')
Reading summary_ip: summary/ip
Reading interferometer_n_e_line: interferometer/n_e_line
Reading dalpha_voltage: spectrometer_visible/filter_spectrometer_dalpha_voltage
Reading soft_x_lower: soft_x_rays/horizontal_cam_lower
Reading soft_x_upper: soft_x_rays/horizontal_cam_upper
Reading thomson_t_e: thomson_scattering/t_e
  FAILED: thomson_t_e: KeyError('Missing array metadata: thomson_scattering/t_e/.zarray')
Reading thomson_n_e: thomson_scattering/n_e
  FAILED: thomson_n_e: KeyError('Missing array metadata: thomson_scattering/n_e/.zarray')
Reading equilibrium_q95: equilibrium/q95
Reading equilibrium_elongation: equilibrium/elongation
Reading equilibrium_triangularity_upper: equilibrium/triangularity_upper
Reading equilibrium_triangularity_lower: equilibrium/triangularity_lower
Reading equilibrium_minor_radius: equilibrium/minor_radius
Reading equilibrium_beta_normal: equilibrium/beta_normal
Reading equilibrium_beta_pol: equilibrium/beta_pol
Reading equilibrium_whmd: equilibrium/whmd
C:\Users\igorc\OneDrive\Desktop\UNNS_SUBSTRATE(desktop)\TRANSFER\Bulk_2\REGIME_SYNTHESIS\UNNS-H Mode Project\unns_hmode_project\components\tokamark_m_edge_t_probe.py:344: RuntimeWarning: All-NaN slice encountered
  return np.nanmedian(arr, axis=0)
Computing normalized m_edge(t)...
m_edge(t) probe complete.
CSV:    outputs\reports\tokamark_shot_11772_m_edge_t_probe.csv
JSON:   outputs\reports\tokamark_shot_11772_m_edge_t_probe.json
Report: outputs\reports\tokamark_shot_11772_m_edge_t_probe.md
State counts:
  positive_boundary_margin: 315
  negative_leakage_margin: 90
  insufficient_data: 59
  boundary_ambiguous_margin: 15

RETURN_CODE: 0


====================================================================================================
COMMAND: C:\Users\igorc\AppData\Local\Microsoft\WindowsApps\PythonSoftwareFoundation.Python.3.13_qbz5n2kfra8p0\python.exe components\tokamark_m_edge_trace_inspector.py --input outputs\reports\tokamark_shot_11772_m_edge_t_probe.csv --shot-id 11772 --out-dir outputs\reports
====================================================================================================
Trace inspection complete.
Windows CSV: outputs\reports\tokamark_shot_11772_m_edge_trace_inspection_windows.csv
Summary:     outputs\reports\tokamark_shot_11772_m_edge_trace_inspection_summary.json
Report:      outputs\reports\tokamark_shot_11772_m_edge_trace_inspection.md
Interpretability counts:
  fragile_negative_candidate: 3
  interpretable_positive_candidate: 2

RETURN_CODE: 0


====================================================================================================
COMMAND: C:\Users\igorc\AppData\Local\Microsoft\WindowsApps\PythonSoftwareFoundation.Python.3.13_qbz5n2kfra8p0\python.exe components\tokamark_one_shot_array_probe.py --shot-id 11780 --out-dir outputs\reports
====================================================================================================
Fetching metadata: https://s3.echo.stfc.ac.uk/mast/tokamark/v1/11780.zarr/.zmetadata
Reading summary_power_nbi: summary/power_nbi
  FAILED: summary_power_nbi: KeyError('Missing array metadata: summary/power_nbi/.zarray')
Reading summary_ip: summary/ip
Reading interferometer_n_e_line: interferometer/n_e_line
Reading dalpha_voltage: spectrometer_visible/filter_spectrometer_dalpha_voltage
Reading soft_x_lower: soft_x_rays/horizontal_cam_lower
Reading soft_x_upper: soft_x_rays/horizontal_cam_upper
Reading thomson_t_e: thomson_scattering/t_e
  FAILED: thomson_t_e: KeyError('Missing array metadata: thomson_scattering/t_e/.zarray')
Reading thomson_n_e: thomson_scattering/n_e
  FAILED: thomson_n_e: KeyError('Missing array metadata: thomson_scattering/n_e/.zarray')
Reading equilibrium_q95: equilibrium/q95
Reading equilibrium_elongation: equilibrium/elongation
Reading equilibrium_triangularity_upper: equilibrium/triangularity_upper
Reading equilibrium_triangularity_lower: equilibrium/triangularity_lower
Reading equilibrium_minor_radius: equilibrium/minor_radius
Reading equilibrium_beta_normal: equilibrium/beta_normal
Reading equilibrium_beta_pol: equilibrium/beta_pol
Reading equilibrium_whmd: equilibrium/whmd
C:\Users\igorc\OneDrive\Desktop\UNNS_SUBSTRATE(desktop)\TRANSFER\Bulk_2\REGIME_SYNTHESIS\UNNS-H Mode Project\unns_hmode_project\components\tokamark_one_shot_array_probe.py:388: RuntimeWarning: All-NaN slice encountered
  return np.nanmedian(arr, axis=0)
C:\Users\igorc\OneDrive\Desktop\UNNS_SUBSTRATE(desktop)\TRANSFER\Bulk_2\REGIME_SYNTHESIS\UNNS-H Mode Project\unns_hmode_project\components\tokamark_one_shot_array_probe.py:388: RuntimeWarning: All-NaN slice encountered
  return np.nanmedian(arr, axis=0)
One-shot array probe complete.
CSV:     outputs\reports\tokamark_shot_11780_signal_probe.csv
JSON:    outputs\reports\tokamark_shot_11780_signal_probe.json
Report:  outputs\reports\tokamark_shot_11780_signal_probe.md
Preview: outputs\reports\tokamark_shot_11780_proxy_timeseries_preview.csv
Loaded arrays: 13
Failed arrays: 3

RETURN_CODE: 0


====================================================================================================
COMMAND: C:\Users\igorc\AppData\Local\Microsoft\WindowsApps\PythonSoftwareFoundation.Python.3.13_qbz5n2kfra8p0\python.exe components\tokamark_m_edge_t_probe.py --shot-id 11780 --out-dir outputs\reports
====================================================================================================
Fetching metadata: https://s3.echo.stfc.ac.uk/mast/tokamark/v1/11780.zarr/.zmetadata
Reading summary_power_nbi: summary/power_nbi
  FAILED: summary_power_nbi: KeyError('Missing array metadata: summary/power_nbi/.zarray')
Reading summary_ip: summary/ip
Reading interferometer_n_e_line: interferometer/n_e_line
Reading dalpha_voltage: spectrometer_visible/filter_spectrometer_dalpha_voltage
Reading soft_x_lower: soft_x_rays/horizontal_cam_lower
Reading soft_x_upper: soft_x_rays/horizontal_cam_upper
Reading thomson_t_e: thomson_scattering/t_e
  FAILED: thomson_t_e: KeyError('Missing array metadata: thomson_scattering/t_e/.zarray')
Reading thomson_n_e: thomson_scattering/n_e
  FAILED: thomson_n_e: KeyError('Missing array metadata: thomson_scattering/n_e/.zarray')
Reading equilibrium_q95: equilibrium/q95
Reading equilibrium_elongation: equilibrium/elongation
Reading equilibrium_triangularity_upper: equilibrium/triangularity_upper
Reading equilibrium_triangularity_lower: equilibrium/triangularity_lower
Reading equilibrium_minor_radius: equilibrium/minor_radius
Reading equilibrium_beta_normal: equilibrium/beta_normal
Reading equilibrium_beta_pol: equilibrium/beta_pol
Reading equilibrium_whmd: equilibrium/whmd
C:\Users\igorc\OneDrive\Desktop\UNNS_SUBSTRATE(desktop)\TRANSFER\Bulk_2\REGIME_SYNTHESIS\UNNS-H Mode Project\unns_hmode_project\components\tokamark_m_edge_t_probe.py:344: RuntimeWarning: All-NaN slice encountered
  return np.nanmedian(arr, axis=0)
Computing normalized m_edge(t)...
m_edge(t) probe complete.
CSV:    outputs\reports\tokamark_shot_11780_m_edge_t_probe.csv
JSON:   outputs\reports\tokamark_shot_11780_m_edge_t_probe.json
Report: outputs\reports\tokamark_shot_11780_m_edge_t_probe.md
State counts:
  positive_boundary_margin: 248
  negative_leakage_margin: 101
  boundary_ambiguous_margin: 92
  insufficient_data: 58

RETURN_CODE: 0


====================================================================================================
COMMAND: C:\Users\igorc\AppData\Local\Microsoft\WindowsApps\PythonSoftwareFoundation.Python.3.13_qbz5n2kfra8p0\python.exe components\tokamark_m_edge_trace_inspector.py --input outputs\reports\tokamark_shot_11780_m_edge_t_probe.csv --shot-id 11780 --out-dir outputs\reports
====================================================================================================
Trace inspection complete.
Windows CSV: outputs\reports\tokamark_shot_11780_m_edge_trace_inspection_windows.csv
Summary:     outputs\reports\tokamark_shot_11780_m_edge_trace_inspection_summary.json
Report:      outputs\reports\tokamark_shot_11780_m_edge_trace_inspection.md
Interpretability counts:
  fragile_negative_candidate: 4
  interpretable_positive_candidate: 2

RETURN_CODE: 0


====================================================================================================
COMMAND: C:\Users\igorc\AppData\Local\Microsoft\WindowsApps\PythonSoftwareFoundation.Python.3.13_qbz5n2kfra8p0\python.exe components\tokamark_one_shot_array_probe.py --shot-id 11789 --out-dir outputs\reports
====================================================================================================
Fetching metadata: https://s3.echo.stfc.ac.uk/mast/tokamark/v1/11789.zarr/.zmetadata
Reading summary_power_nbi: summary/power_nbi
Reading summary_ip: summary/ip
Reading interferometer_n_e_line: interferometer/n_e_line
  FAILED: interferometer_n_e_line: KeyError('Missing array metadata: interferometer/n_e_line/.zarray')
Reading dalpha_voltage: spectrometer_visible/filter_spectrometer_dalpha_voltage
Reading soft_x_lower: soft_x_rays/horizontal_cam_lower
Reading soft_x_upper: soft_x_rays/horizontal_cam_upper
Reading thomson_t_e: thomson_scattering/t_e
  FAILED: thomson_t_e: KeyError('Missing array metadata: thomson_scattering/t_e/.zarray')
Reading thomson_n_e: thomson_scattering/n_e
  FAILED: thomson_n_e: KeyError('Missing array metadata: thomson_scattering/n_e/.zarray')
Reading equilibrium_q95: equilibrium/q95
Reading equilibrium_elongation: equilibrium/elongation
Reading equilibrium_triangularity_upper: equilibrium/triangularity_upper
Reading equilibrium_triangularity_lower: equilibrium/triangularity_lower
Reading equilibrium_minor_radius: equilibrium/minor_radius
Reading equilibrium_beta_normal: equilibrium/beta_normal
Reading equilibrium_beta_pol: equilibrium/beta_pol
Reading equilibrium_whmd: equilibrium/whmd
C:\Users\igorc\OneDrive\Desktop\UNNS_SUBSTRATE(desktop)\TRANSFER\Bulk_2\REGIME_SYNTHESIS\UNNS-H Mode Project\unns_hmode_project\components\tokamark_one_shot_array_probe.py:388: RuntimeWarning: All-NaN slice encountered
  return np.nanmedian(arr, axis=0)
C:\Users\igorc\OneDrive\Desktop\UNNS_SUBSTRATE(desktop)\TRANSFER\Bulk_2\REGIME_SYNTHESIS\UNNS-H Mode Project\unns_hmode_project\components\tokamark_one_shot_array_probe.py:388: RuntimeWarning: All-NaN slice encountered
  return np.nanmedian(arr, axis=0)
One-shot array probe complete.
CSV:     outputs\reports\tokamark_shot_11789_signal_probe.csv
JSON:    outputs\reports\tokamark_shot_11789_signal_probe.json
Report:  outputs\reports\tokamark_shot_11789_signal_probe.md
Preview: outputs\reports\tokamark_shot_11789_proxy_timeseries_preview.csv
Loaded arrays: 13
Failed arrays: 3

RETURN_CODE: 0


====================================================================================================
COMMAND: C:\Users\igorc\AppData\Local\Microsoft\WindowsApps\PythonSoftwareFoundation.Python.3.13_qbz5n2kfra8p0\python.exe components\tokamark_m_edge_t_probe.py --shot-id 11789 --out-dir outputs\reports
====================================================================================================
Fetching metadata: https://s3.echo.stfc.ac.uk/mast/tokamark/v1/11789.zarr/.zmetadata
Reading summary_power_nbi: summary/power_nbi
Reading summary_ip: summary/ip
Reading interferometer_n_e_line: interferometer/n_e_line
  FAILED: interferometer_n_e_line: KeyError('Missing array metadata: interferometer/n_e_line/.zarray')
Reading dalpha_voltage: spectrometer_visible/filter_spectrometer_dalpha_voltage
Reading soft_x_lower: soft_x_rays/horizontal_cam_lower
Reading soft_x_upper: soft_x_rays/horizontal_cam_upper
Reading thomson_t_e: thomson_scattering/t_e
  FAILED: thomson_t_e: KeyError('Missing array metadata: thomson_scattering/t_e/.zarray')
Reading thomson_n_e: thomson_scattering/n_e
  FAILED: thomson_n_e: KeyError('Missing array metadata: thomson_scattering/n_e/.zarray')
Reading equilibrium_q95: equilibrium/q95
Reading equilibrium_elongation: equilibrium/elongation
Reading equilibrium_triangularity_upper: equilibrium/triangularity_upper
Reading equilibrium_triangularity_lower: equilibrium/triangularity_lower
Reading equilibrium_minor_radius: equilibrium/minor_radius
Reading equilibrium_beta_normal: equilibrium/beta_normal
Reading equilibrium_beta_pol: equilibrium/beta_pol
Reading equilibrium_whmd: equilibrium/whmd
C:\Users\igorc\OneDrive\Desktop\UNNS_SUBSTRATE(desktop)\TRANSFER\Bulk_2\REGIME_SYNTHESIS\UNNS-H Mode Project\unns_hmode_project\components\tokamark_m_edge_t_probe.py:344: RuntimeWarning: All-NaN slice encountered
  return np.nanmedian(arr, axis=0)
Computing normalized m_edge(t)...
m_edge(t) probe complete.
CSV:    outputs\reports\tokamark_shot_11789_m_edge_t_probe.csv
JSON:   outputs\reports\tokamark_shot_11789_m_edge_t_probe.json
Report: outputs\reports\tokamark_shot_11789_m_edge_t_probe.md
State counts:
  boundary_ambiguous_margin: 245
  positive_boundary_margin: 149
  insufficient_data: 59
  negative_leakage_margin: 53

RETURN_CODE: 0


====================================================================================================
COMMAND: C:\Users\igorc\AppData\Local\Microsoft\WindowsApps\PythonSoftwareFoundation.Python.3.13_qbz5n2kfra8p0\python.exe components\tokamark_m_edge_trace_inspector.py --input outputs\reports\tokamark_shot_11789_m_edge_t_probe.csv --shot-id 11789 --out-dir outputs\reports
====================================================================================================
Trace inspection complete.
Windows CSV: outputs\reports\tokamark_shot_11789_m_edge_trace_inspection_windows.csv
Summary:     outputs\reports\tokamark_shot_11789_m_edge_trace_inspection_summary.json
Report:      outputs\reports\tokamark_shot_11789_m_edge_trace_inspection.md
Interpretability counts:
  interpretable_positive_candidate: 11
  fragile_negative_candidate: 2

RETURN_CODE: 0


====================================================================================================
COMMAND: C:\Users\igorc\AppData\Local\Microsoft\WindowsApps\PythonSoftwareFoundation.Python.3.13_qbz5n2kfra8p0\python.exe components\tokamark_one_shot_array_probe.py --shot-id 11795 --out-dir outputs\reports
====================================================================================================
Fetching metadata: https://s3.echo.stfc.ac.uk/mast/tokamark/v1/11795.zarr/.zmetadata
Reading summary_power_nbi: summary/power_nbi
Reading summary_ip: summary/ip
Reading interferometer_n_e_line: interferometer/n_e_line
  FAILED: interferometer_n_e_line: KeyError('Missing array metadata: interferometer/n_e_line/.zarray')
Reading dalpha_voltage: spectrometer_visible/filter_spectrometer_dalpha_voltage
Reading soft_x_lower: soft_x_rays/horizontal_cam_lower
Reading soft_x_upper: soft_x_rays/horizontal_cam_upper
Reading thomson_t_e: thomson_scattering/t_e
  FAILED: thomson_t_e: KeyError('Missing array metadata: thomson_scattering/t_e/.zarray')
Reading thomson_n_e: thomson_scattering/n_e
  FAILED: thomson_n_e: KeyError('Missing array metadata: thomson_scattering/n_e/.zarray')
Reading equilibrium_q95: equilibrium/q95
Reading equilibrium_elongation: equilibrium/elongation
Reading equilibrium_triangularity_upper: equilibrium/triangularity_upper
Reading equilibrium_triangularity_lower: equilibrium/triangularity_lower
Reading equilibrium_minor_radius: equilibrium/minor_radius
Reading equilibrium_beta_normal: equilibrium/beta_normal
Reading equilibrium_beta_pol: equilibrium/beta_pol
Reading equilibrium_whmd: equilibrium/whmd
C:\Users\igorc\OneDrive\Desktop\UNNS_SUBSTRATE(desktop)\TRANSFER\Bulk_2\REGIME_SYNTHESIS\UNNS-H Mode Project\unns_hmode_project\components\tokamark_one_shot_array_probe.py:388: RuntimeWarning: All-NaN slice encountered
  return np.nanmedian(arr, axis=0)
C:\Users\igorc\OneDrive\Desktop\UNNS_SUBSTRATE(desktop)\TRANSFER\Bulk_2\REGIME_SYNTHESIS\UNNS-H Mode Project\unns_hmode_project\components\tokamark_one_shot_array_probe.py:388: RuntimeWarning: All-NaN slice encountered
  return np.nanmedian(arr, axis=0)
One-shot array probe complete.
CSV:     outputs\reports\tokamark_shot_11795_signal_probe.csv
JSON:    outputs\reports\tokamark_shot_11795_signal_probe.json
Report:  outputs\reports\tokamark_shot_11795_signal_probe.md
Preview: outputs\reports\tokamark_shot_11795_proxy_timeseries_preview.csv
Loaded arrays: 13
Failed arrays: 3

RETURN_CODE: 0


====================================================================================================
COMMAND: C:\Users\igorc\AppData\Local\Microsoft\WindowsApps\PythonSoftwareFoundation.Python.3.13_qbz5n2kfra8p0\python.exe components\tokamark_m_edge_t_probe.py --shot-id 11795 --out-dir outputs\reports
====================================================================================================
Fetching metadata: https://s3.echo.stfc.ac.uk/mast/tokamark/v1/11795.zarr/.zmetadata
Reading summary_power_nbi: summary/power_nbi
Reading summary_ip: summary/ip
Reading interferometer_n_e_line: interferometer/n_e_line
  FAILED: interferometer_n_e_line: KeyError('Missing array metadata: interferometer/n_e_line/.zarray')
Reading dalpha_voltage: spectrometer_visible/filter_spectrometer_dalpha_voltage
Reading soft_x_lower: soft_x_rays/horizontal_cam_lower
Reading soft_x_upper: soft_x_rays/horizontal_cam_upper
Reading thomson_t_e: thomson_scattering/t_e
  FAILED: thomson_t_e: KeyError('Missing array metadata: thomson_scattering/t_e/.zarray')
Reading thomson_n_e: thomson_scattering/n_e
  FAILED: thomson_n_e: KeyError('Missing array metadata: thomson_scattering/n_e/.zarray')
Reading equilibrium_q95: equilibrium/q95
Reading equilibrium_elongation: equilibrium/elongation
Reading equilibrium_triangularity_upper: equilibrium/triangularity_upper
Reading equilibrium_triangularity_lower: equilibrium/triangularity_lower
Reading equilibrium_minor_radius: equilibrium/minor_radius
Reading equilibrium_beta_normal: equilibrium/beta_normal
Reading equilibrium_beta_pol: equilibrium/beta_pol
Reading equilibrium_whmd: equilibrium/whmd
C:\Users\igorc\OneDrive\Desktop\UNNS_SUBSTRATE(desktop)\TRANSFER\Bulk_2\REGIME_SYNTHESIS\UNNS-H Mode Project\unns_hmode_project\components\tokamark_m_edge_t_probe.py:344: RuntimeWarning: All-NaN slice encountered
  return np.nanmedian(arr, axis=0)
Computing normalized m_edge(t)...
m_edge(t) probe complete.
CSV:    outputs\reports\tokamark_shot_11795_m_edge_t_probe.csv
JSON:   outputs\reports\tokamark_shot_11795_m_edge_t_probe.json
Report: outputs\reports\tokamark_shot_11795_m_edge_t_probe.md
State counts:
  boundary_ambiguous_margin: 243
  positive_boundary_margin: 141
  insufficient_data: 58
  negative_leakage_margin: 54

RETURN_CODE: 0


====================================================================================================
COMMAND: C:\Users\igorc\AppData\Local\Microsoft\WindowsApps\PythonSoftwareFoundation.Python.3.13_qbz5n2kfra8p0\python.exe components\tokamark_m_edge_trace_inspector.py --input outputs\reports\tokamark_shot_11795_m_edge_t_probe.csv --shot-id 11795 --out-dir outputs\reports
====================================================================================================
Trace inspection complete.
Windows CSV: outputs\reports\tokamark_shot_11795_m_edge_trace_inspection_windows.csv
Summary:     outputs\reports\tokamark_shot_11795_m_edge_trace_inspection_summary.json
Report:      outputs\reports\tokamark_shot_11795_m_edge_trace_inspection.md
Interpretability counts:
  interpretable_positive_candidate: 14
  fragile_negative_candidate: 3
  fragile_positive_candidate: 2
  interpretable_negative_candidate: 1

RETURN_CODE: 0


====================================================================================================
COMMAND: C:\Users\igorc\AppData\Local\Microsoft\WindowsApps\PythonSoftwareFoundation.Python.3.13_qbz5n2kfra8p0\python.exe components\tokamark_one_shot_array_probe.py --shot-id 12027 --out-dir outputs\reports
====================================================================================================
Fetching metadata: https://s3.echo.stfc.ac.uk/mast/tokamark/v1/12027.zarr/.zmetadata
Reading summary_power_nbi: summary/power_nbi
Reading summary_ip: summary/ip
Reading interferometer_n_e_line: interferometer/n_e_line
  FAILED: interferometer_n_e_line: KeyError('Missing array metadata: interferometer/n_e_line/.zarray')
Reading dalpha_voltage: spectrometer_visible/filter_spectrometer_dalpha_voltage
Reading soft_x_lower: soft_x_rays/horizontal_cam_lower
Reading soft_x_upper: soft_x_rays/horizontal_cam_upper
Reading thomson_t_e: thomson_scattering/t_e
  FAILED: thomson_t_e: KeyError('Missing array metadata: thomson_scattering/t_e/.zarray')
Reading thomson_n_e: thomson_scattering/n_e
  FAILED: thomson_n_e: KeyError('Missing array metadata: thomson_scattering/n_e/.zarray')
Reading equilibrium_q95: equilibrium/q95
Reading equilibrium_elongation: equilibrium/elongation
Reading equilibrium_triangularity_upper: equilibrium/triangularity_upper
Reading equilibrium_triangularity_lower: equilibrium/triangularity_lower
Reading equilibrium_minor_radius: equilibrium/minor_radius
Reading equilibrium_beta_normal: equilibrium/beta_normal
Reading equilibrium_beta_pol: equilibrium/beta_pol
Reading equilibrium_whmd: equilibrium/whmd
C:\Users\igorc\OneDrive\Desktop\UNNS_SUBSTRATE(desktop)\TRANSFER\Bulk_2\REGIME_SYNTHESIS\UNNS-H Mode Project\unns_hmode_project\components\tokamark_one_shot_array_probe.py:388: RuntimeWarning: All-NaN slice encountered
  return np.nanmedian(arr, axis=0)
C:\Users\igorc\OneDrive\Desktop\UNNS_SUBSTRATE(desktop)\TRANSFER\Bulk_2\REGIME_SYNTHESIS\UNNS-H Mode Project\unns_hmode_project\components\tokamark_one_shot_array_probe.py:388: RuntimeWarning: All-NaN slice encountered
  return np.nanmedian(arr, axis=0)
One-shot array probe complete.
CSV:     outputs\reports\tokamark_shot_12027_signal_probe.csv
JSON:    outputs\reports\tokamark_shot_12027_signal_probe.json
Report:  outputs\reports\tokamark_shot_12027_signal_probe.md
Preview: outputs\reports\tokamark_shot_12027_proxy_timeseries_preview.csv
Loaded arrays: 13
Failed arrays: 3

RETURN_CODE: 0


====================================================================================================
COMMAND: C:\Users\igorc\AppData\Local\Microsoft\WindowsApps\PythonSoftwareFoundation.Python.3.13_qbz5n2kfra8p0\python.exe components\tokamark_m_edge_t_probe.py --shot-id 12027 --out-dir outputs\reports
====================================================================================================
Fetching metadata: https://s3.echo.stfc.ac.uk/mast/tokamark/v1/12027.zarr/.zmetadata
Reading summary_power_nbi: summary/power_nbi
Reading summary_ip: summary/ip
Reading interferometer_n_e_line: interferometer/n_e_line
  FAILED: interferometer_n_e_line: KeyError('Missing array metadata: interferometer/n_e_line/.zarray')
Reading dalpha_voltage: spectrometer_visible/filter_spectrometer_dalpha_voltage
Reading soft_x_lower: soft_x_rays/horizontal_cam_lower
Reading soft_x_upper: soft_x_rays/horizontal_cam_upper
Reading thomson_t_e: thomson_scattering/t_e
  FAILED: thomson_t_e: KeyError('Missing array metadata: thomson_scattering/t_e/.zarray')
Reading thomson_n_e: thomson_scattering/n_e
  FAILED: thomson_n_e: KeyError('Missing array metadata: thomson_scattering/n_e/.zarray')
Reading equilibrium_q95: equilibrium/q95
Reading equilibrium_elongation: equilibrium/elongation
Reading equilibrium_triangularity_upper: equilibrium/triangularity_upper
Reading equilibrium_triangularity_lower: equilibrium/triangularity_lower
Reading equilibrium_minor_radius: equilibrium/minor_radius
Reading equilibrium_beta_normal: equilibrium/beta_normal
Reading equilibrium_beta_pol: equilibrium/beta_pol
Reading equilibrium_whmd: equilibrium/whmd
C:\Users\igorc\OneDrive\Desktop\UNNS_SUBSTRATE(desktop)\TRANSFER\Bulk_2\REGIME_SYNTHESIS\UNNS-H Mode Project\unns_hmode_project\components\tokamark_m_edge_t_probe.py:344: RuntimeWarning: All-NaN slice encountered
  return np.nanmedian(arr, axis=0)
Computing normalized m_edge(t)...
m_edge(t) probe complete.
CSV:    outputs\reports\tokamark_shot_12027_m_edge_t_probe.csv
JSON:   outputs\reports\tokamark_shot_12027_m_edge_t_probe.json
Report: outputs\reports\tokamark_shot_12027_m_edge_t_probe.md
State counts:
  negative_leakage_margin: 243
  positive_boundary_margin: 128
  insufficient_data: 48
  boundary_ambiguous_margin: 44

RETURN_CODE: 0


====================================================================================================
COMMAND: C:\Users\igorc\AppData\Local\Microsoft\WindowsApps\PythonSoftwareFoundation.Python.3.13_qbz5n2kfra8p0\python.exe components\tokamark_m_edge_trace_inspector.py --input outputs\reports\tokamark_shot_12027_m_edge_t_probe.csv --shot-id 12027 --out-dir outputs\reports
====================================================================================================
Trace inspection complete.
Windows CSV: outputs\reports\tokamark_shot_12027_m_edge_trace_inspection_windows.csv
Summary:     outputs\reports\tokamark_shot_12027_m_edge_trace_inspection_summary.json
Report:      outputs\reports\tokamark_shot_12027_m_edge_trace_inspection.md
Interpretability counts:
  fragile_positive_candidate: 3
  interpretable_positive_candidate: 3
  interpretable_negative_candidate: 2
  fragile_negative_candidate: 1

RETURN_CODE: 0


====================================================================================================
COMMAND: C:\Users\igorc\AppData\Local\Microsoft\WindowsApps\PythonSoftwareFoundation.Python.3.13_qbz5n2kfra8p0\python.exe components\tokamark_one_shot_array_probe.py --shot-id 12079 --out-dir outputs\reports
====================================================================================================
Fetching metadata: https://s3.echo.stfc.ac.uk/mast/tokamark/v1/12079.zarr/.zmetadata
Reading summary_power_nbi: summary/power_nbi
  FAILED: summary_power_nbi: KeyError('Missing array metadata: summary/power_nbi/.zarray')
Reading summary_ip: summary/ip
  FAILED: summary_ip: KeyError('Missing array metadata: summary/ip/.zarray')
Reading interferometer_n_e_line: interferometer/n_e_line
  FAILED: interferometer_n_e_line: KeyError('Missing array metadata: interferometer/n_e_line/.zarray')
Reading dalpha_voltage: spectrometer_visible/filter_spectrometer_dalpha_voltage
  FAILED: dalpha_voltage: KeyError('Missing array metadata: spectrometer_visible/filter_spectrometer_dalpha_voltage/.zarray')
Reading soft_x_lower: soft_x_rays/horizontal_cam_lower
Reading soft_x_upper: soft_x_rays/horizontal_cam_upper
Reading thomson_t_e: thomson_scattering/t_e
  FAILED: thomson_t_e: KeyError('Missing array metadata: thomson_scattering/t_e/.zarray')
Reading thomson_n_e: thomson_scattering/n_e
  FAILED: thomson_n_e: KeyError('Missing array metadata: thomson_scattering/n_e/.zarray')
Reading equilibrium_q95: equilibrium/q95
  FAILED: equilibrium_q95: KeyError('Missing array metadata: equilibrium/q95/.zarray')
Reading equilibrium_elongation: equilibrium/elongation
  FAILED: equilibrium_elongation: KeyError('Missing array metadata: equilibrium/elongation/.zarray')
Reading equilibrium_triangularity_upper: equilibrium/triangularity_upper
  FAILED: equilibrium_triangularity_upper: KeyError('Missing array metadata: equilibrium/triangularity_upper/.zarray')
Reading equilibrium_triangularity_lower: equilibrium/triangularity_lower
  FAILED: equilibrium_triangularity_lower: KeyError('Missing array metadata: equilibrium/triangularity_lower/.zarray')
Reading equilibrium_minor_radius: equilibrium/minor_radius
  FAILED: equilibrium_minor_radius: KeyError('Missing array metadata: equilibrium/minor_radius/.zarray')
Reading equilibrium_beta_normal: equilibrium/beta_normal
  FAILED: equilibrium_beta_normal: KeyError('Missing array metadata: equilibrium/beta_normal/.zarray')
Reading equilibrium_beta_pol: equilibrium/beta_pol
  FAILED: equilibrium_beta_pol: KeyError('Missing array metadata: equilibrium/beta_pol/.zarray')
Reading equilibrium_whmd: equilibrium/whmd
  FAILED: equilibrium_whmd: KeyError('Missing array metadata: equilibrium/whmd/.zarray')
C:\Users\igorc\OneDrive\Desktop\UNNS_SUBSTRATE(desktop)\TRANSFER\Bulk_2\REGIME_SYNTHESIS\UNNS-H Mode Project\unns_hmode_project\components\tokamark_one_shot_array_probe.py:388: RuntimeWarning: All-NaN slice encountered
  return np.nanmedian(arr, axis=0)
C:\Users\igorc\OneDrive\Desktop\UNNS_SUBSTRATE(desktop)\TRANSFER\Bulk_2\REGIME_SYNTHESIS\UNNS-H Mode Project\unns_hmode_project\components\tokamark_one_shot_array_probe.py:388: RuntimeWarning: All-NaN slice encountered
  return np.nanmedian(arr, axis=0)
One-shot array probe complete.
CSV:     outputs\reports\tokamark_shot_12079_signal_probe.csv
JSON:    outputs\reports\tokamark_shot_12079_signal_probe.json
Report:  outputs\reports\tokamark_shot_12079_signal_probe.md
Preview: outputs\reports\tokamark_shot_12079_proxy_timeseries_preview.csv
Loaded arrays: 2
Failed arrays: 14

RETURN_CODE: 0


====================================================================================================
COMMAND: C:\Users\igorc\AppData\Local\Microsoft\WindowsApps\PythonSoftwareFoundation.Python.3.13_qbz5n2kfra8p0\python.exe components\tokamark_m_edge_t_probe.py --shot-id 12079 --out-dir outputs\reports
====================================================================================================
Fetching metadata: https://s3.echo.stfc.ac.uk/mast/tokamark/v1/12079.zarr/.zmetadata
Reading summary_power_nbi: summary/power_nbi
  FAILED: summary_power_nbi: KeyError('Missing array metadata: summary/power_nbi/.zarray')
Reading summary_ip: summary/ip
  FAILED: summary_ip: KeyError('Missing array metadata: summary/ip/.zarray')
Reading interferometer_n_e_line: interferometer/n_e_line
  FAILED: interferometer_n_e_line: KeyError('Missing array metadata: interferometer/n_e_line/.zarray')
Reading dalpha_voltage: spectrometer_visible/filter_spectrometer_dalpha_voltage
  FAILED: dalpha_voltage: KeyError('Missing array metadata: spectrometer_visible/filter_spectrometer_dalpha_voltage/.zarray')
Reading soft_x_lower: soft_x_rays/horizontal_cam_lower
Reading soft_x_upper: soft_x_rays/horizontal_cam_upper
Reading thomson_t_e: thomson_scattering/t_e
  FAILED: thomson_t_e: KeyError('Missing array metadata: thomson_scattering/t_e/.zarray')
Reading thomson_n_e: thomson_scattering/n_e
  FAILED: thomson_n_e: KeyError('Missing array metadata: thomson_scattering/n_e/.zarray')
Reading equilibrium_q95: equilibrium/q95
  FAILED: equilibrium_q95: KeyError('Missing array metadata: equilibrium/q95/.zarray')
Reading equilibrium_elongation: equilibrium/elongation
  FAILED: equilibrium_elongation: KeyError('Missing array metadata: equilibrium/elongation/.zarray')
Reading equilibrium_triangularity_upper: equilibrium/triangularity_upper
  FAILED: equilibrium_triangularity_upper: KeyError('Missing array metadata: equilibrium/triangularity_upper/.zarray')
Reading equilibrium_triangularity_lower: equilibrium/triangularity_lower
  FAILED: equilibrium_triangularity_lower: KeyError('Missing array metadata: equilibrium/triangularity_lower/.zarray')
Reading equilibrium_minor_radius: equilibrium/minor_radius
  FAILED: equilibrium_minor_radius: KeyError('Missing array metadata: equilibrium/minor_radius/.zarray')
Reading equilibrium_beta_normal: equilibrium/beta_normal
  FAILED: equilibrium_beta_normal: KeyError('Missing array metadata: equilibrium/beta_normal/.zarray')
Reading equilibrium_beta_pol: equilibrium/beta_pol
  FAILED: equilibrium_beta_pol: KeyError('Missing array metadata: equilibrium/beta_pol/.zarray')
Reading equilibrium_whmd: equilibrium/whmd
  FAILED: equilibrium_whmd: KeyError('Missing array metadata: equilibrium/whmd/.zarray')
C:\Users\igorc\OneDrive\Desktop\UNNS_SUBSTRATE(desktop)\TRANSFER\Bulk_2\REGIME_SYNTHESIS\UNNS-H Mode Project\unns_hmode_project\components\tokamark_m_edge_t_probe.py:344: RuntimeWarning: All-NaN slice encountered
  return np.nanmedian(arr, axis=0)
Computing normalized m_edge(t)...
m_edge(t) probe complete.
CSV:    outputs\reports\tokamark_shot_12079_m_edge_t_probe.csv
JSON:   outputs\reports\tokamark_shot_12079_m_edge_t_probe.json
Report: outputs\reports\tokamark_shot_12079_m_edge_t_probe.md
State counts:
  negative_leakage_margin: 260
  insufficient_data: 61
  boundary_ambiguous_margin: 47
  positive_boundary_margin: 13

RETURN_CODE: 0


====================================================================================================
COMMAND: C:\Users\igorc\AppData\Local\Microsoft\WindowsApps\PythonSoftwareFoundation.Python.3.13_qbz5n2kfra8p0\python.exe components\tokamark_m_edge_trace_inspector.py --input outputs\reports\tokamark_shot_12079_m_edge_t_probe.csv --shot-id 12079 --out-dir outputs\reports
====================================================================================================
Trace inspection complete.
Windows CSV: outputs\reports\tokamark_shot_12079_m_edge_trace_inspection_windows.csv
Summary:     outputs\reports\tokamark_shot_12079_m_edge_trace_inspection_summary.json
Report:      outputs\reports\tokamark_shot_12079_m_edge_trace_inspection.md
Interpretability counts:
  fragile_negative_candidate: 3
  fragile_positive_candidate: 3

RETURN_CODE: 0


====================================================================================================
COMMAND: C:\Users\igorc\AppData\Local\Microsoft\WindowsApps\PythonSoftwareFoundation.Python.3.13_qbz5n2kfra8p0\python.exe components\tokamark_one_shot_array_probe.py --shot-id 12081 --out-dir outputs\reports
====================================================================================================
Fetching metadata: https://s3.echo.stfc.ac.uk/mast/tokamark/v1/12081.zarr/.zmetadata
Reading summary_power_nbi: summary/power_nbi
  FAILED: summary_power_nbi: KeyError('Missing array metadata: summary/power_nbi/.zarray')
Reading summary_ip: summary/ip
  FAILED: summary_ip: KeyError('Missing array metadata: summary/ip/.zarray')
Reading interferometer_n_e_line: interferometer/n_e_line
  FAILED: interferometer_n_e_line: KeyError('Missing array metadata: interferometer/n_e_line/.zarray')
Reading dalpha_voltage: spectrometer_visible/filter_spectrometer_dalpha_voltage
  FAILED: dalpha_voltage: KeyError('Missing array metadata: spectrometer_visible/filter_spectrometer_dalpha_voltage/.zarray')
Reading soft_x_lower: soft_x_rays/horizontal_cam_lower
Reading soft_x_upper: soft_x_rays/horizontal_cam_upper
Reading thomson_t_e: thomson_scattering/t_e
  FAILED: thomson_t_e: KeyError('Missing array metadata: thomson_scattering/t_e/.zarray')
Reading thomson_n_e: thomson_scattering/n_e
  FAILED: thomson_n_e: KeyError('Missing array metadata: thomson_scattering/n_e/.zarray')
Reading equilibrium_q95: equilibrium/q95
  FAILED: equilibrium_q95: KeyError('Missing array metadata: equilibrium/q95/.zarray')
Reading equilibrium_elongation: equilibrium/elongation
  FAILED: equilibrium_elongation: KeyError('Missing array metadata: equilibrium/elongation/.zarray')
Reading equilibrium_triangularity_upper: equilibrium/triangularity_upper
  FAILED: equilibrium_triangularity_upper: KeyError('Missing array metadata: equilibrium/triangularity_upper/.zarray')
Reading equilibrium_triangularity_lower: equilibrium/triangularity_lower
  FAILED: equilibrium_triangularity_lower: KeyError('Missing array metadata: equilibrium/triangularity_lower/.zarray')
Reading equilibrium_minor_radius: equilibrium/minor_radius
  FAILED: equilibrium_minor_radius: KeyError('Missing array metadata: equilibrium/minor_radius/.zarray')
Reading equilibrium_beta_normal: equilibrium/beta_normal
  FAILED: equilibrium_beta_normal: KeyError('Missing array metadata: equilibrium/beta_normal/.zarray')
Reading equilibrium_beta_pol: equilibrium/beta_pol
  FAILED: equilibrium_beta_pol: KeyError('Missing array metadata: equilibrium/beta_pol/.zarray')
Reading equilibrium_whmd: equilibrium/whmd
  FAILED: equilibrium_whmd: KeyError('Missing array metadata: equilibrium/whmd/.zarray')
C:\Users\igorc\OneDrive\Desktop\UNNS_SUBSTRATE(desktop)\TRANSFER\Bulk_2\REGIME_SYNTHESIS\UNNS-H Mode Project\unns_hmode_project\components\tokamark_one_shot_array_probe.py:388: RuntimeWarning: All-NaN slice encountered
  return np.nanmedian(arr, axis=0)
C:\Users\igorc\OneDrive\Desktop\UNNS_SUBSTRATE(desktop)\TRANSFER\Bulk_2\REGIME_SYNTHESIS\UNNS-H Mode Project\unns_hmode_project\components\tokamark_one_shot_array_probe.py:388: RuntimeWarning: All-NaN slice encountered
  return np.nanmedian(arr, axis=0)
One-shot array probe complete.
CSV:     outputs\reports\tokamark_shot_12081_signal_probe.csv
JSON:    outputs\reports\tokamark_shot_12081_signal_probe.json
Report:  outputs\reports\tokamark_shot_12081_signal_probe.md
Preview: outputs\reports\tokamark_shot_12081_proxy_timeseries_preview.csv
Loaded arrays: 2
Failed arrays: 14

RETURN_CODE: 0


====================================================================================================
COMMAND: C:\Users\igorc\AppData\Local\Microsoft\WindowsApps\PythonSoftwareFoundation.Python.3.13_qbz5n2kfra8p0\python.exe components\tokamark_m_edge_t_probe.py --shot-id 12081 --out-dir outputs\reports
====================================================================================================
Fetching metadata: https://s3.echo.stfc.ac.uk/mast/tokamark/v1/12081.zarr/.zmetadata
Reading summary_power_nbi: summary/power_nbi
  FAILED: summary_power_nbi: KeyError('Missing array metadata: summary/power_nbi/.zarray')
Reading summary_ip: summary/ip
  FAILED: summary_ip: KeyError('Missing array metadata: summary/ip/.zarray')
Reading interferometer_n_e_line: interferometer/n_e_line
  FAILED: interferometer_n_e_line: KeyError('Missing array metadata: interferometer/n_e_line/.zarray')
Reading dalpha_voltage: spectrometer_visible/filter_spectrometer_dalpha_voltage
  FAILED: dalpha_voltage: KeyError('Missing array metadata: spectrometer_visible/filter_spectrometer_dalpha_voltage/.zarray')
Reading soft_x_lower: soft_x_rays/horizontal_cam_lower
Reading soft_x_upper: soft_x_rays/horizontal_cam_upper
Reading thomson_t_e: thomson_scattering/t_e
  FAILED: thomson_t_e: KeyError('Missing array metadata: thomson_scattering/t_e/.zarray')
Reading thomson_n_e: thomson_scattering/n_e
  FAILED: thomson_n_e: KeyError('Missing array metadata: thomson_scattering/n_e/.zarray')
Reading equilibrium_q95: equilibrium/q95
  FAILED: equilibrium_q95: KeyError('Missing array metadata: equilibrium/q95/.zarray')
Reading equilibrium_elongation: equilibrium/elongation
  FAILED: equilibrium_elongation: KeyError('Missing array metadata: equilibrium/elongation/.zarray')
Reading equilibrium_triangularity_upper: equilibrium/triangularity_upper
  FAILED: equilibrium_triangularity_upper: KeyError('Missing array metadata: equilibrium/triangularity_upper/.zarray')
Reading equilibrium_triangularity_lower: equilibrium/triangularity_lower
  FAILED: equilibrium_triangularity_lower: KeyError('Missing array metadata: equilibrium/triangularity_lower/.zarray')
Reading equilibrium_minor_radius: equilibrium/minor_radius
  FAILED: equilibrium_minor_radius: KeyError('Missing array metadata: equilibrium/minor_radius/.zarray')
Reading equilibrium_beta_normal: equilibrium/beta_normal
  FAILED: equilibrium_beta_normal: KeyError('Missing array metadata: equilibrium/beta_normal/.zarray')
Reading equilibrium_beta_pol: equilibrium/beta_pol
  FAILED: equilibrium_beta_pol: KeyError('Missing array metadata: equilibrium/beta_pol/.zarray')
Reading equilibrium_whmd: equilibrium/whmd
  FAILED: equilibrium_whmd: KeyError('Missing array metadata: equilibrium/whmd/.zarray')
C:\Users\igorc\OneDrive\Desktop\UNNS_SUBSTRATE(desktop)\TRANSFER\Bulk_2\REGIME_SYNTHESIS\UNNS-H Mode Project\unns_hmode_project\components\tokamark_m_edge_t_probe.py:344: RuntimeWarning: All-NaN slice encountered
  return np.nanmedian(arr, axis=0)
Computing normalized m_edge(t)...
m_edge(t) probe complete.
CSV:    outputs\reports\tokamark_shot_12081_m_edge_t_probe.csv
JSON:   outputs\reports\tokamark_shot_12081_m_edge_t_probe.json
Report: outputs\reports\tokamark_shot_12081_m_edge_t_probe.md
State counts:
  negative_leakage_margin: 251
  boundary_ambiguous_margin: 71
  insufficient_data: 60
  positive_boundary_margin: 8

RETURN_CODE: 0


====================================================================================================
COMMAND: C:\Users\igorc\AppData\Local\Microsoft\WindowsApps\PythonSoftwareFoundation.Python.3.13_qbz5n2kfra8p0\python.exe components\tokamark_m_edge_trace_inspector.py --input outputs\reports\tokamark_shot_12081_m_edge_t_probe.csv --shot-id 12081 --out-dir outputs\reports
====================================================================================================
Trace inspection complete.
Windows CSV: outputs\reports\tokamark_shot_12081_m_edge_trace_inspection_windows.csv
Summary:     outputs\reports\tokamark_shot_12081_m_edge_trace_inspection_summary.json
Report:      outputs\reports\tokamark_shot_12081_m_edge_trace_inspection.md
Interpretability counts:
  fragile_negative_candidate: 6
  fragile_positive_candidate: 3

RETURN_CODE: 0


====================================================================================================
COMMAND: C:\Users\igorc\AppData\Local\Microsoft\WindowsApps\PythonSoftwareFoundation.Python.3.13_qbz5n2kfra8p0\python.exe components\tokamark_one_shot_array_probe.py --shot-id 12082 --out-dir outputs\reports
====================================================================================================
Fetching metadata: https://s3.echo.stfc.ac.uk/mast/tokamark/v1/12082.zarr/.zmetadata
Reading summary_power_nbi: summary/power_nbi
  FAILED: summary_power_nbi: KeyError('Missing array metadata: summary/power_nbi/.zarray')
Reading summary_ip: summary/ip
  FAILED: summary_ip: KeyError('Missing array metadata: summary/ip/.zarray')
Reading interferometer_n_e_line: interferometer/n_e_line
  FAILED: interferometer_n_e_line: KeyError('Missing array metadata: interferometer/n_e_line/.zarray')
Reading dalpha_voltage: spectrometer_visible/filter_spectrometer_dalpha_voltage
  FAILED: dalpha_voltage: KeyError('Missing array metadata: spectrometer_visible/filter_spectrometer_dalpha_voltage/.zarray')
Reading soft_x_lower: soft_x_rays/horizontal_cam_lower
Reading soft_x_upper: soft_x_rays/horizontal_cam_upper
Reading thomson_t_e: thomson_scattering/t_e
  FAILED: thomson_t_e: KeyError('Missing array metadata: thomson_scattering/t_e/.zarray')
Reading thomson_n_e: thomson_scattering/n_e
  FAILED: thomson_n_e: KeyError('Missing array metadata: thomson_scattering/n_e/.zarray')
Reading equilibrium_q95: equilibrium/q95
  FAILED: equilibrium_q95: KeyError('Missing array metadata: equilibrium/q95/.zarray')
Reading equilibrium_elongation: equilibrium/elongation
  FAILED: equilibrium_elongation: KeyError('Missing array metadata: equilibrium/elongation/.zarray')
Reading equilibrium_triangularity_upper: equilibrium/triangularity_upper
  FAILED: equilibrium_triangularity_upper: KeyError('Missing array metadata: equilibrium/triangularity_upper/.zarray')
Reading equilibrium_triangularity_lower: equilibrium/triangularity_lower
  FAILED: equilibrium_triangularity_lower: KeyError('Missing array metadata: equilibrium/triangularity_lower/.zarray')
Reading equilibrium_minor_radius: equilibrium/minor_radius
  FAILED: equilibrium_minor_radius: KeyError('Missing array metadata: equilibrium/minor_radius/.zarray')
Reading equilibrium_beta_normal: equilibrium/beta_normal
  FAILED: equilibrium_beta_normal: KeyError('Missing array metadata: equilibrium/beta_normal/.zarray')
Reading equilibrium_beta_pol: equilibrium/beta_pol
  FAILED: equilibrium_beta_pol: KeyError('Missing array metadata: equilibrium/beta_pol/.zarray')
Reading equilibrium_whmd: equilibrium/whmd
  FAILED: equilibrium_whmd: KeyError('Missing array metadata: equilibrium/whmd/.zarray')
C:\Users\igorc\OneDrive\Desktop\UNNS_SUBSTRATE(desktop)\TRANSFER\Bulk_2\REGIME_SYNTHESIS\UNNS-H Mode Project\unns_hmode_project\components\tokamark_one_shot_array_probe.py:388: RuntimeWarning: All-NaN slice encountered
  return np.nanmedian(arr, axis=0)
C:\Users\igorc\OneDrive\Desktop\UNNS_SUBSTRATE(desktop)\TRANSFER\Bulk_2\REGIME_SYNTHESIS\UNNS-H Mode Project\unns_hmode_project\components\tokamark_one_shot_array_probe.py:388: RuntimeWarning: All-NaN slice encountered
  return np.nanmedian(arr, axis=0)
One-shot array probe complete.
CSV:     outputs\reports\tokamark_shot_12082_signal_probe.csv
JSON:    outputs\reports\tokamark_shot_12082_signal_probe.json
Report:  outputs\reports\tokamark_shot_12082_signal_probe.md
Preview: outputs\reports\tokamark_shot_12082_proxy_timeseries_preview.csv
Loaded arrays: 2
Failed arrays: 14

RETURN_CODE: 0


====================================================================================================
COMMAND: C:\Users\igorc\AppData\Local\Microsoft\WindowsApps\PythonSoftwareFoundation.Python.3.13_qbz5n2kfra8p0\python.exe components\tokamark_m_edge_t_probe.py --shot-id 12082 --out-dir outputs\reports
====================================================================================================
Fetching metadata: https://s3.echo.stfc.ac.uk/mast/tokamark/v1/12082.zarr/.zmetadata
Reading summary_power_nbi: summary/power_nbi
  FAILED: summary_power_nbi: KeyError('Missing array metadata: summary/power_nbi/.zarray')
Reading summary_ip: summary/ip
  FAILED: summary_ip: KeyError('Missing array metadata: summary/ip/.zarray')
Reading interferometer_n_e_line: interferometer/n_e_line
  FAILED: interferometer_n_e_line: KeyError('Missing array metadata: interferometer/n_e_line/.zarray')
Reading dalpha_voltage: spectrometer_visible/filter_spectrometer_dalpha_voltage
  FAILED: dalpha_voltage: KeyError('Missing array metadata: spectrometer_visible/filter_spectrometer_dalpha_voltage/.zarray')
Reading soft_x_lower: soft_x_rays/horizontal_cam_lower
Reading soft_x_upper: soft_x_rays/horizontal_cam_upper
Reading thomson_t_e: thomson_scattering/t_e
  FAILED: thomson_t_e: KeyError('Missing array metadata: thomson_scattering/t_e/.zarray')
Reading thomson_n_e: thomson_scattering/n_e
  FAILED: thomson_n_e: KeyError('Missing array metadata: thomson_scattering/n_e/.zarray')
Reading equilibrium_q95: equilibrium/q95
  FAILED: equilibrium_q95: KeyError('Missing array metadata: equilibrium/q95/.zarray')
Reading equilibrium_elongation: equilibrium/elongation
  FAILED: equilibrium_elongation: KeyError('Missing array metadata: equilibrium/elongation/.zarray')
Reading equilibrium_triangularity_upper: equilibrium/triangularity_upper
  FAILED: equilibrium_triangularity_upper: KeyError('Missing array metadata: equilibrium/triangularity_upper/.zarray')
Reading equilibrium_triangularity_lower: equilibrium/triangularity_lower
  FAILED: equilibrium_triangularity_lower: KeyError('Missing array metadata: equilibrium/triangularity_lower/.zarray')
Reading equilibrium_minor_radius: equilibrium/minor_radius
  FAILED: equilibrium_minor_radius: KeyError('Missing array metadata: equilibrium/minor_radius/.zarray')
Reading equilibrium_beta_normal: equilibrium/beta_normal
  FAILED: equilibrium_beta_normal: KeyError('Missing array metadata: equilibrium/beta_normal/.zarray')
Reading equilibrium_beta_pol: equilibrium/beta_pol
  FAILED: equilibrium_beta_pol: KeyError('Missing array metadata: equilibrium/beta_pol/.zarray')
Reading equilibrium_whmd: equilibrium/whmd
  FAILED: equilibrium_whmd: KeyError('Missing array metadata: equilibrium/whmd/.zarray')
C:\Users\igorc\OneDrive\Desktop\UNNS_SUBSTRATE(desktop)\TRANSFER\Bulk_2\REGIME_SYNTHESIS\UNNS-H Mode Project\unns_hmode_project\components\tokamark_m_edge_t_probe.py:344: RuntimeWarning: All-NaN slice encountered
  return np.nanmedian(arr, axis=0)
Computing normalized m_edge(t)...
m_edge(t) probe complete.
CSV:    outputs\reports\tokamark_shot_12082_m_edge_t_probe.csv
JSON:   outputs\reports\tokamark_shot_12082_m_edge_t_probe.json
Report: outputs\reports\tokamark_shot_12082_m_edge_t_probe.md
State counts:
  negative_leakage_margin: 140
  insufficient_data: 61
  boundary_ambiguous_margin: 53

RETURN_CODE: 0


====================================================================================================
COMMAND: C:\Users\igorc\AppData\Local\Microsoft\WindowsApps\PythonSoftwareFoundation.Python.3.13_qbz5n2kfra8p0\python.exe components\tokamark_m_edge_trace_inspector.py --input outputs\reports\tokamark_shot_12082_m_edge_t_probe.csv --shot-id 12082 --out-dir outputs\reports
====================================================================================================
Trace inspection complete.
Windows CSV: outputs\reports\tokamark_shot_12082_m_edge_trace_inspection_windows.csv
Summary:     outputs\reports\tokamark_shot_12082_m_edge_trace_inspection_summary.json
Report:      outputs\reports\tokamark_shot_12082_m_edge_trace_inspection.md
Interpretability counts:
  fragile_negative_candidate: 6
  fragile_positive_candidate: 1

RETURN_CODE: 0


====================================================================================================
COMMAND: C:\Users\igorc\AppData\Local\Microsoft\WindowsApps\PythonSoftwareFoundation.Python.3.13_qbz5n2kfra8p0\python.exe components\tokamark_one_shot_array_probe.py --shot-id 12087 --out-dir outputs\reports
====================================================================================================
Fetching metadata: https://s3.echo.stfc.ac.uk/mast/tokamark/v1/12087.zarr/.zmetadata
Reading summary_power_nbi: summary/power_nbi
  FAILED: summary_power_nbi: KeyError('Missing array metadata: summary/power_nbi/.zarray')
Reading summary_ip: summary/ip
  FAILED: summary_ip: KeyError('Missing array metadata: summary/ip/.zarray')
Reading interferometer_n_e_line: interferometer/n_e_line
  FAILED: interferometer_n_e_line: KeyError('Missing array metadata: interferometer/n_e_line/.zarray')
Reading dalpha_voltage: spectrometer_visible/filter_spectrometer_dalpha_voltage
  FAILED: dalpha_voltage: KeyError('Missing array metadata: spectrometer_visible/filter_spectrometer_dalpha_voltage/.zarray')
Reading soft_x_lower: soft_x_rays/horizontal_cam_lower
Reading soft_x_upper: soft_x_rays/horizontal_cam_upper
Reading thomson_t_e: thomson_scattering/t_e
  FAILED: thomson_t_e: KeyError('Missing array metadata: thomson_scattering/t_e/.zarray')
Reading thomson_n_e: thomson_scattering/n_e
  FAILED: thomson_n_e: KeyError('Missing array metadata: thomson_scattering/n_e/.zarray')
Reading equilibrium_q95: equilibrium/q95
  FAILED: equilibrium_q95: KeyError('Missing array metadata: equilibrium/q95/.zarray')
Reading equilibrium_elongation: equilibrium/elongation
  FAILED: equilibrium_elongation: KeyError('Missing array metadata: equilibrium/elongation/.zarray')
Reading equilibrium_triangularity_upper: equilibrium/triangularity_upper
  FAILED: equilibrium_triangularity_upper: KeyError('Missing array metadata: equilibrium/triangularity_upper/.zarray')
Reading equilibrium_triangularity_lower: equilibrium/triangularity_lower
  FAILED: equilibrium_triangularity_lower: KeyError('Missing array metadata: equilibrium/triangularity_lower/.zarray')
Reading equilibrium_minor_radius: equilibrium/minor_radius
  FAILED: equilibrium_minor_radius: KeyError('Missing array metadata: equilibrium/minor_radius/.zarray')
Reading equilibrium_beta_normal: equilibrium/beta_normal
  FAILED: equilibrium_beta_normal: KeyError('Missing array metadata: equilibrium/beta_normal/.zarray')
Reading equilibrium_beta_pol: equilibrium/beta_pol
  FAILED: equilibrium_beta_pol: KeyError('Missing array metadata: equilibrium/beta_pol/.zarray')
Reading equilibrium_whmd: equilibrium/whmd
  FAILED: equilibrium_whmd: KeyError('Missing array metadata: equilibrium/whmd/.zarray')
C:\Users\igorc\OneDrive\Desktop\UNNS_SUBSTRATE(desktop)\TRANSFER\Bulk_2\REGIME_SYNTHESIS\UNNS-H Mode Project\unns_hmode_project\components\tokamark_one_shot_array_probe.py:388: RuntimeWarning: All-NaN slice encountered
  return np.nanmedian(arr, axis=0)
C:\Users\igorc\OneDrive\Desktop\UNNS_SUBSTRATE(desktop)\TRANSFER\Bulk_2\REGIME_SYNTHESIS\UNNS-H Mode Project\unns_hmode_project\components\tokamark_one_shot_array_probe.py:388: RuntimeWarning: All-NaN slice encountered
  return np.nanmedian(arr, axis=0)
One-shot array probe complete.
CSV:     outputs\reports\tokamark_shot_12087_signal_probe.csv
JSON:    outputs\reports\tokamark_shot_12087_signal_probe.json
Report:  outputs\reports\tokamark_shot_12087_signal_probe.md
Preview: outputs\reports\tokamark_shot_12087_proxy_timeseries_preview.csv
Loaded arrays: 2
Failed arrays: 14

RETURN_CODE: 0


====================================================================================================
COMMAND: C:\Users\igorc\AppData\Local\Microsoft\WindowsApps\PythonSoftwareFoundation.Python.3.13_qbz5n2kfra8p0\python.exe components\tokamark_m_edge_t_probe.py --shot-id 12087 --out-dir outputs\reports
====================================================================================================
Fetching metadata: https://s3.echo.stfc.ac.uk/mast/tokamark/v1/12087.zarr/.zmetadata
Reading summary_power_nbi: summary/power_nbi
  FAILED: summary_power_nbi: KeyError('Missing array metadata: summary/power_nbi/.zarray')
Reading summary_ip: summary/ip
  FAILED: summary_ip: KeyError('Missing array metadata: summary/ip/.zarray')
Reading interferometer_n_e_line: interferometer/n_e_line
  FAILED: interferometer_n_e_line: KeyError('Missing array metadata: interferometer/n_e_line/.zarray')
Reading dalpha_voltage: spectrometer_visible/filter_spectrometer_dalpha_voltage
  FAILED: dalpha_voltage: KeyError('Missing array metadata: spectrometer_visible/filter_spectrometer_dalpha_voltage/.zarray')
Reading soft_x_lower: soft_x_rays/horizontal_cam_lower
Reading soft_x_upper: soft_x_rays/horizontal_cam_upper
Reading thomson_t_e: thomson_scattering/t_e
  FAILED: thomson_t_e: KeyError('Missing array metadata: thomson_scattering/t_e/.zarray')
Reading thomson_n_e: thomson_scattering/n_e
  FAILED: thomson_n_e: KeyError('Missing array metadata: thomson_scattering/n_e/.zarray')
Reading equilibrium_q95: equilibrium/q95
  FAILED: equilibrium_q95: KeyError('Missing array metadata: equilibrium/q95/.zarray')
Reading equilibrium_elongation: equilibrium/elongation
  FAILED: equilibrium_elongation: KeyError('Missing array metadata: equilibrium/elongation/.zarray')
Reading equilibrium_triangularity_upper: equilibrium/triangularity_upper
  FAILED: equilibrium_triangularity_upper: KeyError('Missing array metadata: equilibrium/triangularity_upper/.zarray')
Reading equilibrium_triangularity_lower: equilibrium/triangularity_lower
  FAILED: equilibrium_triangularity_lower: KeyError('Missing array metadata: equilibrium/triangularity_lower/.zarray')
Reading equilibrium_minor_radius: equilibrium/minor_radius
  FAILED: equilibrium_minor_radius: KeyError('Missing array metadata: equilibrium/minor_radius/.zarray')
Reading equilibrium_beta_normal: equilibrium/beta_normal
  FAILED: equilibrium_beta_normal: KeyError('Missing array metadata: equilibrium/beta_normal/.zarray')
Reading equilibrium_beta_pol: equilibrium/beta_pol
  FAILED: equilibrium_beta_pol: KeyError('Missing array metadata: equilibrium/beta_pol/.zarray')
Reading equilibrium_whmd: equilibrium/whmd
  FAILED: equilibrium_whmd: KeyError('Missing array metadata: equilibrium/whmd/.zarray')
C:\Users\igorc\OneDrive\Desktop\UNNS_SUBSTRATE(desktop)\TRANSFER\Bulk_2\REGIME_SYNTHESIS\UNNS-H Mode Project\unns_hmode_project\components\tokamark_m_edge_t_probe.py:344: RuntimeWarning: All-NaN slice encountered
  return np.nanmedian(arr, axis=0)
Computing normalized m_edge(t)...
m_edge(t) probe complete.
CSV:    outputs\reports\tokamark_shot_12087_m_edge_t_probe.csv
JSON:   outputs\reports\tokamark_shot_12087_m_edge_t_probe.json
Report: outputs\reports\tokamark_shot_12087_m_edge_t_probe.md
State counts:
  negative_leakage_margin: 223
  boundary_ambiguous_margin: 98
  insufficient_data: 60

RETURN_CODE: 0


====================================================================================================
COMMAND: C:\Users\igorc\AppData\Local\Microsoft\WindowsApps\PythonSoftwareFoundation.Python.3.13_qbz5n2kfra8p0\python.exe components\tokamark_m_edge_trace_inspector.py --input outputs\reports\tokamark_shot_12087_m_edge_t_probe.csv --shot-id 12087 --out-dir outputs\reports
====================================================================================================
Trace inspection complete.
Windows CSV: outputs\reports\tokamark_shot_12087_m_edge_trace_inspection_windows.csv
Summary:     outputs\reports\tokamark_shot_12087_m_edge_trace_inspection_summary.json
Report:      outputs\reports\tokamark_shot_12087_m_edge_trace_inspection.md
Interpretability counts:
  fragile_negative_candidate: 4
  fragile_positive_candidate: 1

RETURN_CODE: 0


====================================================================================================
COMMAND: C:\Users\igorc\AppData\Local\Microsoft\WindowsApps\PythonSoftwareFoundation.Python.3.13_qbz5n2kfra8p0\python.exe components\tokamark_one_shot_array_probe.py --shot-id 12091 --out-dir outputs\reports
====================================================================================================
Fetching metadata: https://s3.echo.stfc.ac.uk/mast/tokamark/v1/12091.zarr/.zmetadata
Reading summary_power_nbi: summary/power_nbi
  FAILED: summary_power_nbi: KeyError('Missing array metadata: summary/power_nbi/.zarray')
Reading summary_ip: summary/ip
  FAILED: summary_ip: KeyError('Missing array metadata: summary/ip/.zarray')
Reading interferometer_n_e_line: interferometer/n_e_line
  FAILED: interferometer_n_e_line: KeyError('Missing array metadata: interferometer/n_e_line/.zarray')
Reading dalpha_voltage: spectrometer_visible/filter_spectrometer_dalpha_voltage
  FAILED: dalpha_voltage: KeyError('Missing array metadata: spectrometer_visible/filter_spectrometer_dalpha_voltage/.zarray')
Reading soft_x_lower: soft_x_rays/horizontal_cam_lower
Reading soft_x_upper: soft_x_rays/horizontal_cam_upper
Reading thomson_t_e: thomson_scattering/t_e
  FAILED: thomson_t_e: KeyError('Missing array metadata: thomson_scattering/t_e/.zarray')
Reading thomson_n_e: thomson_scattering/n_e
  FAILED: thomson_n_e: KeyError('Missing array metadata: thomson_scattering/n_e/.zarray')
Reading equilibrium_q95: equilibrium/q95
  FAILED: equilibrium_q95: KeyError('Missing array metadata: equilibrium/q95/.zarray')
Reading equilibrium_elongation: equilibrium/elongation
  FAILED: equilibrium_elongation: KeyError('Missing array metadata: equilibrium/elongation/.zarray')
Reading equilibrium_triangularity_upper: equilibrium/triangularity_upper
  FAILED: equilibrium_triangularity_upper: KeyError('Missing array metadata: equilibrium/triangularity_upper/.zarray')
Reading equilibrium_triangularity_lower: equilibrium/triangularity_lower
  FAILED: equilibrium_triangularity_lower: KeyError('Missing array metadata: equilibrium/triangularity_lower/.zarray')
Reading equilibrium_minor_radius: equilibrium/minor_radius
  FAILED: equilibrium_minor_radius: KeyError('Missing array metadata: equilibrium/minor_radius/.zarray')
Reading equilibrium_beta_normal: equilibrium/beta_normal
  FAILED: equilibrium_beta_normal: KeyError('Missing array metadata: equilibrium/beta_normal/.zarray')
Reading equilibrium_beta_pol: equilibrium/beta_pol
  FAILED: equilibrium_beta_pol: KeyError('Missing array metadata: equilibrium/beta_pol/.zarray')
Reading equilibrium_whmd: equilibrium/whmd
  FAILED: equilibrium_whmd: KeyError('Missing array metadata: equilibrium/whmd/.zarray')
C:\Users\igorc\OneDrive\Desktop\UNNS_SUBSTRATE(desktop)\TRANSFER\Bulk_2\REGIME_SYNTHESIS\UNNS-H Mode Project\unns_hmode_project\components\tokamark_one_shot_array_probe.py:388: RuntimeWarning: All-NaN slice encountered
  return np.nanmedian(arr, axis=0)
C:\Users\igorc\OneDrive\Desktop\UNNS_SUBSTRATE(desktop)\TRANSFER\Bulk_2\REGIME_SYNTHESIS\UNNS-H Mode Project\unns_hmode_project\components\tokamark_one_shot_array_probe.py:388: RuntimeWarning: All-NaN slice encountered
  return np.nanmedian(arr, axis=0)
One-shot array probe complete.
CSV:     outputs\reports\tokamark_shot_12091_signal_probe.csv
JSON:    outputs\reports\tokamark_shot_12091_signal_probe.json
Report:  outputs\reports\tokamark_shot_12091_signal_probe.md
Preview: outputs\reports\tokamark_shot_12091_proxy_timeseries_preview.csv
Loaded arrays: 2
Failed arrays: 14

RETURN_CODE: 0


====================================================================================================
COMMAND: C:\Users\igorc\AppData\Local\Microsoft\WindowsApps\PythonSoftwareFoundation.Python.3.13_qbz5n2kfra8p0\python.exe components\tokamark_m_edge_t_probe.py --shot-id 12091 --out-dir outputs\reports
====================================================================================================
Fetching metadata: https://s3.echo.stfc.ac.uk/mast/tokamark/v1/12091.zarr/.zmetadata
Reading summary_power_nbi: summary/power_nbi
  FAILED: summary_power_nbi: KeyError('Missing array metadata: summary/power_nbi/.zarray')
Reading summary_ip: summary/ip
  FAILED: summary_ip: KeyError('Missing array metadata: summary/ip/.zarray')
Reading interferometer_n_e_line: interferometer/n_e_line
  FAILED: interferometer_n_e_line: KeyError('Missing array metadata: interferometer/n_e_line/.zarray')
Reading dalpha_voltage: spectrometer_visible/filter_spectrometer_dalpha_voltage
  FAILED: dalpha_voltage: KeyError('Missing array metadata: spectrometer_visible/filter_spectrometer_dalpha_voltage/.zarray')
Reading soft_x_lower: soft_x_rays/horizontal_cam_lower
Reading soft_x_upper: soft_x_rays/horizontal_cam_upper
Reading thomson_t_e: thomson_scattering/t_e
  FAILED: thomson_t_e: KeyError('Missing array metadata: thomson_scattering/t_e/.zarray')
Reading thomson_n_e: thomson_scattering/n_e
  FAILED: thomson_n_e: KeyError('Missing array metadata: thomson_scattering/n_e/.zarray')
Reading equilibrium_q95: equilibrium/q95
  FAILED: equilibrium_q95: KeyError('Missing array metadata: equilibrium/q95/.zarray')
Reading equilibrium_elongation: equilibrium/elongation
  FAILED: equilibrium_elongation: KeyError('Missing array metadata: equilibrium/elongation/.zarray')
Reading equilibrium_triangularity_upper: equilibrium/triangularity_upper
  FAILED: equilibrium_triangularity_upper: KeyError('Missing array metadata: equilibrium/triangularity_upper/.zarray')
Reading equilibrium_triangularity_lower: equilibrium/triangularity_lower
  FAILED: equilibrium_triangularity_lower: KeyError('Missing array metadata: equilibrium/triangularity_lower/.zarray')
Reading equilibrium_minor_radius: equilibrium/minor_radius
  FAILED: equilibrium_minor_radius: KeyError('Missing array metadata: equilibrium/minor_radius/.zarray')
Reading equilibrium_beta_normal: equilibrium/beta_normal
  FAILED: equilibrium_beta_normal: KeyError('Missing array metadata: equilibrium/beta_normal/.zarray')
Reading equilibrium_beta_pol: equilibrium/beta_pol
  FAILED: equilibrium_beta_pol: KeyError('Missing array metadata: equilibrium/beta_pol/.zarray')
Reading equilibrium_whmd: equilibrium/whmd
  FAILED: equilibrium_whmd: KeyError('Missing array metadata: equilibrium/whmd/.zarray')
C:\Users\igorc\OneDrive\Desktop\UNNS_SUBSTRATE(desktop)\TRANSFER\Bulk_2\REGIME_SYNTHESIS\UNNS-H Mode Project\unns_hmode_project\components\tokamark_m_edge_t_probe.py:344: RuntimeWarning: All-NaN slice encountered
  return np.nanmedian(arr, axis=0)
Computing normalized m_edge(t)...
m_edge(t) probe complete.
CSV:    outputs\reports\tokamark_shot_12091_m_edge_t_probe.csv
JSON:   outputs\reports\tokamark_shot_12091_m_edge_t_probe.json
Report: outputs\reports\tokamark_shot_12091_m_edge_t_probe.md
State counts:
  negative_leakage_margin: 285
  boundary_ambiguous_margin: 79
  insufficient_data: 61
  positive_boundary_margin: 1

RETURN_CODE: 0


====================================================================================================
COMMAND: C:\Users\igorc\AppData\Local\Microsoft\WindowsApps\PythonSoftwareFoundation.Python.3.13_qbz5n2kfra8p0\python.exe components\tokamark_m_edge_trace_inspector.py --input outputs\reports\tokamark_shot_12091_m_edge_t_probe.csv --shot-id 12091 --out-dir outputs\reports
====================================================================================================
Trace inspection complete.
Windows CSV: outputs\reports\tokamark_shot_12091_m_edge_trace_inspection_windows.csv
Summary:     outputs\reports\tokamark_shot_12091_m_edge_trace_inspection_summary.json
Report:      outputs\reports\tokamark_shot_12091_m_edge_trace_inspection.md
Interpretability counts:
  fragile_negative_candidate: 9
  fragile_positive_candidate: 1

RETURN_CODE: 0


====================================================================================================
COMMAND: C:\Users\igorc\AppData\Local\Microsoft\WindowsApps\PythonSoftwareFoundation.Python.3.13_qbz5n2kfra8p0\python.exe components\tokamark_m_edge_confidence_revision.py --shots 12063 11830 11876 11768 11776 12069 12076 11823 11941 11946 11996 12007 12017 12046 12055 12034 11802 11851 11908 11958 11772 11780 11789 11795 12027 12079 12081 12082 12087 12091 --out-dir outputs\reports --metadata-candidates outputs/reports/tokamark_positive_corridor_metadata_candidates.csv
====================================================================================================
[shot 12063] confidence revision...
[shot 11830] confidence revision...
[shot 11876] confidence revision...
[shot 11768] confidence revision...
[shot 11776] confidence revision...
[shot 12069] confidence revision...
[shot 12076] confidence revision...
[shot 11823] confidence revision...
[shot 11941] confidence revision...
[shot 11946] confidence revision...
[shot 11996] confidence revision...
[shot 12007] confidence revision...
[shot 12017] confidence revision...
[shot 12046] confidence revision...
[shot 12055] confidence revision...
[shot 12034] confidence revision...
[shot 11802] confidence revision...
[shot 11851] confidence revision...
[shot 11908] confidence revision...
[shot 11958] confidence revision...
[shot 11772] confidence revision...
[shot 11780] confidence revision...
[shot 11789] confidence revision...
[shot 11795] confidence revision...
[shot 12027] confidence revision...
[shot 12079] confidence revision...
[shot 12081] confidence revision...
[shot 12082] confidence revision...
[shot 12087] confidence revision...
[shot 12091] confidence revision...

Diagnostic-confidence revision complete.
Shots requested: [12063, 11830, 11876, 11768, 11776, 12069, 12076, 11823, 11941, 11946, 11996, 12007, 12017, 12046, 12055, 12034, 11802, 11851, 11908, 11958, 11772, 11780, 11789, 11795, 12027, 12079, 12081, 12082, 12087, 12091]
Processed: 30
Failures: 0
Decision: confidence_revision_inconclusive
Panel CSV:  outputs\reports\tokamark_confidence_panel_comparison.csv
Panel JSON: outputs\reports\tokamark_confidence_panel_comparison.json
Panel MD:   outputs\reports\tokamark_confidence_panel_comparison.md

Confidence-adjusted ranking:
  rank 1 | shot 12046 | score 8.3359 | conf+ 0.401 | low_conf 0.131 | Q_diag_med 1.000 | FULL_PROFILE_EDGE_CANDIDATE
  rank 2 | shot 11941 | score 8.1124 | conf+ 0.374 | low_conf 0.096 | Q_diag_med 1.000 | FULL_PROFILE_EDGE_CANDIDATE
  rank 3 | shot 12055 | score 7.9066 | conf+ 0.443 | low_conf 0.120 | Q_diag_med 1.000 | FULL_PROFILE_EDGE_CANDIDATE
  rank 4 | shot 12007 | score 7.2832 | conf+ 0.379 | low_conf 0.135 | Q_diag_med 1.000 | FULL_PROFILE_EDGE_CANDIDATE
  rank 5 | shot 12017 | score 6.2281 | conf+ 0.295 | low_conf 0.110 | Q_diag_med 1.000 | FULL_PROFILE_EDGE_CANDIDATE
  rank 6 | shot 11823 | score 5.9658 | conf+ 0.292 | low_conf 0.122 | Q_diag_med 1.000 | FULL_PROFILE_EDGE_CANDIDATE
  rank 7 | shot 12069 | score 5.4093 | conf+ 0.289 | low_conf 0.057 | Q_diag_med 0.889 | FULL_PROFILE_EDGE_CANDIDATE
  rank 8 | shot 12063 | score 2.1114 | conf+ 0.169 | low_conf 0.138 | Q_diag_med 0.889 | FULL_PROFILE_EDGE_CANDIDATE
  rank 9 | shot 11946 | score 1.6721 | conf+ 0.090 | low_conf 0.092 | Q_diag_med 1.000 | FULL_PROFILE_EDGE_CANDIDATE
  rank 10 | shot 12076 | score -0.4261 | conf+ 0.102 | low_conf 0.162 | Q_diag_med 0.889 | FULL_PROFILE_EDGE_CANDIDATE
  rank 11 | shot 11996 | score -4.3866 | conf+ 0.000 | low_conf 0.087 | Q_diag_med 0.739 | FULL_PROFILE_EDGE_CANDIDATE
  rank 12 | shot 11802 | score -4.5147 | conf+ 0.000 | low_conf 0.117 | Q_diag_med 0.739 | CORE_DALPHA_GEOMETRY_CANDIDATE
  rank 13 | shot 11830 | score -6.4816 | conf+ 0.000 | low_conf 0.154 | Q_diag_med 0.864 | PROFILE_DALPHA_CANDIDATE
  rank 14 | shot 11780 | score -6.6878 | conf+ 0.000 | low_conf 0.116 | Q_diag_med 0.593 | PARTIAL_DALPHA_CANDIDATE
  rank 15 | shot 12034 | score -6.8640 | conf+ 0.000 | low_conf 0.081 | Q_diag_med 0.739 | CORE_DALPHA_GEOMETRY_CANDIDATE
  rank 16 | shot 11772 | score -7.3552 | conf+ 0.000 | low_conf 0.123 | Q_diag_med 0.593 | PARTIAL_DALPHA_CANDIDATE
  rank 17 | shot 11876 | score -7.8077 | conf+ 0.000 | low_conf 0.114 | Q_diag_med 0.739 | CORE_DALPHA_GEOMETRY_CANDIDATE
  rank 18 | shot 11768 | score -8.0591 | conf+ 0.000 | low_conf 0.139 | Q_diag_med 0.593 | PARTIAL_DALPHA_CANDIDATE
  rank 19 | shot 11851 | score -8.3922 | conf+ 0.000 | low_conf 0.142 | Q_diag_med 0.739 | CORE_DALPHA_GEOMETRY_CANDIDATE
  rank 20 | shot 11908 | score -9.6035 | conf+ 0.000 | low_conf 0.093 | Q_diag_med 0.739 | CORE_DALPHA_GEOMETRY_CANDIDATE
  rank 21 | shot 11958 | score -10.0735 | conf+ 0.000 | low_conf 0.110 | Q_diag_med 0.739 | CORE_DALPHA_GEOMETRY_CANDIDATE
  rank 22 | shot 11795 | score -11.1403 | conf+ 0.000 | low_conf 0.117 | Q_diag_med 0.583 | PARTIAL_DALPHA_CANDIDATE
  rank 23 | shot 12079 | score -11.3694 | conf+ 0.000 | low_conf 1.000 | Q_diag_med 0.136 | LOW_PRIORITY
  rank 23 | shot 12081 | score -11.3694 | conf+ 0.000 | low_conf 1.000 | Q_diag_med 0.136 | LOW_PRIORITY
  rank 23 | shot 12082 | score -11.3694 | conf+ 0.000 | low_conf 1.000 | Q_diag_med 0.136 | LOW_PRIORITY
  rank 23 | shot 12087 | score -11.3694 | conf+ 0.000 | low_conf 1.000 | Q_diag_med 0.136 | LOW_PRIORITY
  rank 23 | shot 12091 | score -11.3694 | conf+ 0.000 | low_conf 1.000 | Q_diag_med 0.136 | LOW_PRIORITY
  rank 28 | shot 11789 | score -11.7973 | conf+ 0.000 | low_conf 0.117 | Q_diag_med 0.583 | PARTIAL_DALPHA_CANDIDATE
  rank 29 | shot 12027 | score -13.5650 | conf+ 0.000 | low_conf 0.104 | Q_diag_med 0.583 | PARTIAL_DALPHA_CANDIDATE
  rank 30 | shot 11776 | score -13.6066 | conf+ 0.000 | low_conf 0.350 | Q_diag_med 0.463 | LOW_PRIORITY

RETURN_CODE: 0
