time_s,S_power_balance,S_transport,S_edge_response,density_support,geometry_stability,missingness_pressure,C_edge_capacity,F_route_fragmentation,m_edge,nbi_proxy,density_proxy,dalpha_proxy,softx_lower_proxy,softx_upper_proxy,te_edge_median_proxy,te_core_median_proxy,te_profile_gradient_proxy,ne_edge_median_proxy,ne_core_median_proxy,ne_profile_gradient_proxy,q95_proxy,elongation_proxy,triangularity_upper_proxy,triangularity_lower_proxy,minor_radius_proxy,beta_normal_proxy,beta_pol_proxy,whmd_proxy,m_edge_state
-0.05800000578165054,,,,,,1.0,,1.0,,,,,,,,,,,,,,,,,,,,,insufficient_data
-0.05700000578165054,,,,,,1.0,,1.0,,,,,,,,,,,,,,,,,,,,,insufficient_data
-0.05600000578165054,,,,,,1.0,,1.0,,,,,,,,,,,,,,,,,,,,,insufficient_data
-0.05500000578165054,,,,,,1.0,,1.0,,,,,,,,,,,,,,,,,,,,,insufficient_data
-0.05400000578165054,,,,,,1.0,,1.0,,,,,,,,,,,,,,,,,,,,,insufficient_data
-0.05300000578165054,,,,,,1.0,,1.0,,,,,,,,,,,,,,,,,,,,,insufficient_data
-0.05200000578165054,,,,,,1.0,,1.0,,,,,,,,,,,,,,,,,,,,,insufficient_data
-0.05100000578165054,,,,,,1.0,,1.0,,,,,,,,,,,,,,,,,,,,,insufficient_data
-0.050000005781650536,,,,,,1.0,,1.0,,,,,,,,,,,,,,,,,,,,,insufficient_data
-0.049000005781650535,,,,,,1.0,,1.0,,,,,,,,,,,,,,,,,,,,,insufficient_data
-0.048000005781650534,,,,,,1.0,,1.0,,,,,,,,,,,,,,,,,,,,,insufficient_data
-0.04700000578165053,,,,,,1.0,,1.0,,,,,,,,,,,,,,,,,,,,,insufficient_data
-0.04600000578165053,,,,,,1.0,,1.0,,,,,,,,,,,,,,,,,,,,,insufficient_data
-0.04500000578165053,,,,,,1.0,,1.0,,,,,,,,,,,,,,,,,,,,,insufficient_data
-0.04400000578165053,,,,,,1.0,,1.0,,,,,,,,,,,,,,,,,,,,,insufficient_data
-0.04300000578165053,,,,,,1.0,,1.0,,,,,,,,,,,,,,,,,,,,,insufficient_data
-0.04200000578165053,,,,,,1.0,,1.0,,,,,,,,,,,,,,,,,,,,,insufficient_data
-0.04100000578165053,,,,,,1.0,,1.0,,,,,,,,,,,,,,,,,,,,,insufficient_data
-0.04000000578165053,,,,,,1.0,,1.0,,,,,,,,,,,,,,,,,,,,,insufficient_data
-0.039000005781650526,,,,,,1.0,,1.0,,,,,,,,,,,,,,,,,,,,,insufficient_data
-0.038000005781650525,,,,,,1.0,,1.0,,,,,,,,,,,,,,,,,,,,,insufficient_data
-0.037000005781650525,,,,,,1.0,,1.0,,,,,,,,,,,,,,,,,,,,,insufficient_data
-0.036000005781650524,,,,,,1.0,,1.0,,,,,,,,,,,,,,,,,,,,,insufficient_data
-0.03500000578165052,,,,,,1.0,,1.0,,,,,,,,,,,,,,,,,,,,,insufficient_data
-0.03400000578165052,,,,,,1.0,,1.0,,,,,,,,,,,,,,,,,,,,,insufficient_data
-0.03300000578165052,,,,,,1.0,,1.0,,,,,,,,,,,,,,,,,,,,,insufficient_data
-0.03200000578165052,,,,,,1.0,,1.0,,,,,,,,,,,,,,,,,,,,,insufficient_data
-0.03100000578165052,,,,,,1.0,,1.0,,,,,,,,,,,,,,,,,,,,,insufficient_data
-0.03000000578165052,,,,,,1.0,,1.0,,,,,,,,,,,,,,,,,,,,,insufficient_data
-0.029000005781650517,,,,,,1.0,,1.0,,,,,,,,,,,,,,,,,,,,,insufficient_data
-0.028000005781650517,,,,,,1.0,,1.0,,,,,,,,,,,,,,,,,,,,,insufficient_data
-0.027000005781650516,,,,,,1.0,,1.0,,,,,,,,,,,,,,,,,,,,,insufficient_data
-0.026000005781650515,,,,,,1.0,,1.0,,,,,,,,,,,,,,,,,,,,,insufficient_data
-0.025000005781650514,,,,,,1.0,,1.0,,,,,,,,,,,,,,,,,,,,,insufficient_data
-0.024000005781650513,,,,,,1.0,,1.0,,,,,,,,,,,,,,,,,,,,,insufficient_data
-0.023000005781650512,,,,,,1.0,,1.0,,,,,,,,,,,,,,,,,,,,,insufficient_data
-0.02200000578165051,,,,,,1.0,,1.0,,,,,,,,,,,,,,,,,,,,,insufficient_data
-0.02100000578165051,,,,,,1.0,,1.0,,,,,,,,,,,,,,,,,,,,,insufficient_data
-0.02000000578165051,,,,,,1.0,,1.0,,,,,,,,,,,,,,,,,,,,,insufficient_data
-0.01900000578165051,,,,,,1.0,,1.0,,,,,,,,,,,,,,,,,,,,,insufficient_data
-0.018000005781650508,,,,,,1.0,,1.0,,,,,,,,,,,,,,,,,,,,,insufficient_data
-0.017000005781650507,,,,,,1.0,,1.0,,,,,,,,,,,,,,,,,,,,,insufficient_data
-0.016000005781650506,,,,,,1.0,,1.0,,,,,,,,,,,,,,,,,,,,,insufficient_data
-0.015000005781650505,,,,,,1.0,,1.0,,,,,,,,,,,,,,,,,,,,,insufficient_data
-0.014000005781650504,,,,,,1.0,,1.0,,,,,,,,,,,,,,,,,,,,,insufficient_data
-0.013000005781650503,,,,,,1.0,,1.0,,,,,,,,,,,,,,,,,,,,,insufficient_data
-0.012000005781650502,,,,,,1.0,,1.0,,,,,,,,,,,,,,,,,,,,,insufficient_data
-0.011000005781650501,,,,,,1.0,,1.0,,,,,,,,,,,,,,,,,,,,,insufficient_data
-0.0100000057816505,,,,,,1.0,,1.0,,,,,,,,,,,,,,,,,,,,,insufficient_data
-0.0090000057816505,0.18338467922586169,,0.6061638909884193,0.05904167111502056,,0.4444444444444444,0.42378981769728635,0.23085009108378582,0.19293972661350053,-1.8672451972961426,1.2365492595038618e+18,-0.002441406250249028,-0.00010490417479495986,-0.00022888183594333659,,,,,,,,,,,,,,,boundary_ambiguous_margin
-0.008000005781650499,0.18701435178125175,,0.6087978107407821,0.05230888102872286,,0.4444444444444444,0.4233015008367624,0.23381982317455952,0.18948167766220286,0.329513818025589,3.415491309564068e+17,-0.00488281249974589,-0.0006675720214148918,0.0003814697264711793,,,,,,,,,,,,,,,boundary_ambiguous_margin
-0.007000005781650498,0.18687433500206244,,0.6125500010577402,0.05256985176701603,,0.4444444444444444,0.42588995129416546,0.23370526399158642,0.19218468730257904,1.7940198183059692,3.7624037208018125e+17,-0.0048828125,8.583068846542534e-05,0.0001430511474477754,,,,,,,,,,,,,,,boundary_ambiguous_margin
-0.006000005781650497,0.18651138856436705,,0.6100840021795755,0.053242088286400355,,0.4444444444444444,0.4244700308818505,0.2334083078152902,0.19106172306656027,0.329513818025589,4.656018052381409e+17,-0.004882812499735725,3.814697265625e-05,-1.9073486337415894e-05,,,,,,,,,,,,,,,boundary_ambiguous_margin
-0.005000005781650496,0.1863149200192535,,0.6074650984210739,0.05360543864391633,,0.4444444444444444,0.42284521182868806,0.2332475608238337,0.18959765100485437,-1.134992241859436,5.139025264126198e+17,-0.004882812499461287,-6.675720214528098e-05,-0.0001525878906081652,,,,,,,,,,,,,,,boundary_ambiguous_margin
-0.004000005781650495,0.186679739051862,,0.6108215838757007,0.05292972767733443,,0.4444444444444444,0.42485763180957864,0.2335460491232406,0.19131158268633805,0.329513818025589,4.2407922965151744e+17,-0.0048828124997255615,-0.0007629394530842631,0.0006103515624399665,,,,,,,,,,,,,,,boundary_ambiguous_margin
-0.0030000057816504944,0.18676799747519565,,0.6094663762605167,0.05276136612945374,,0.4444444444444444,0.42389803955016236,0.23361826056051357,0.1902797789896488,-5.381160259246826,4.0169867046813696e+17,-0.0048828125,7.629394530267309e-05,-9.536743164936002e-05,,,,,,,,,,,,,,,boundary_ambiguous_margin
-0.0020000057816504935,0.18686607671052952,,0.6062163608816942,0.0525847017848999,,0.4444444444444444,0.4216724745160961,0.23369850720760496,0.1879739673084911,1.2080156803131104,3.782144077688996e+17,-0.002441406250284603,-0.00015258789059387153,-0.00019073486326123885,,,,,,,,,,,,,,,boundary_ambiguous_margin
-0.0010000057816504926,0.18702407472551683,,0.6043305053303579,0.05229509180025267,,0.4444444444444444,0.42031870082032285,0.2338277783107764,0.18649092250954646,5.600799560546875,3.397161076339507e+17,-0.0048828125,-9.536743157838793e-05,-0.0003814697265806053,,,,,,,,,,,,,,,boundary_ambiguous_margin
-5.781650491698542e-09,0.18773244903881064,,0.6037983270999525,0.05097190485548898,,0.4444444444444444,0.4195228530184647,0.23440735729438045,0.18511549572408426,-5.381160259246826,1.638228344921129e+17,-0.004882812499705232,-4.7683715826069675e-05,-0.00045776367187269715,,,,,,,,,,,,,,,boundary_ambiguous_margin
0.0009999942183495092,0.18782447664436133,,0.6033321044625524,0.0507996682211341,,0.4444444444444444,0.4191546257154129,0.23448265260801282,0.18467197310740008,-7.57755184173584,1.4092715411111936e+17,-0.0048828125,0.0001144409179394678,-0.0006103515624625188,,,,,,,,,,,,,,,boundary_ambiguous_margin
0.00199999421834951,0.18734549308212492,,0.563338157587131,0.05170061445339696,,0.4444444444444444,0.3927923098758863,0.23409075696618298,0.15870155290970334,7.942264556884766,2.606913207276667e+17,0.03173828125030493,0.00024795532222512625,-0.0005340576171732063,,,,,,,,,,,,,,,boundary_ambiguous_margin
0.002999994218349511,0.18251574572035675,,0.32382031062923394,0.06066181706114934,,0.4444444444444444,0.23610081277320574,0.23013914548837272,0.005961667284833022,7.942264556884766,1.4519177488619274e+18,0.22705078125062003,0.00020980834959847606,-0.0004005432129051569,,,,,,,,,,,,,,,boundary_ambiguous_margin
0.003999994218349512,0.15750047921712523,,0.24118106206359122,0.10706486096911812,,0.4444444444444444,0.19647566169876685,0.209672109258456,-0.013196447559689156,-5.381160259246826,7.620345656208523e+18,0.2929687500003151,8.583068844702222e-05,-0.0004196166992015182,,,,,,,,,,,,,,,boundary_ambiguous_margin
0.004999994218349513,0.1043063787322271,,0.2752195886461781,0.20576395035390407,,0.4444444444444444,0.2520677092154201,0.1661496634071757,0.08591804580824439,-3.1847681999206543,2.07405672218084e+19,0.2636718749983991,6.675720212967705e-05,-0.0005722045898287416,,,,,,,,,,,,,,,boundary_ambiguous_margin
0.005999994218349514,0.07885206328241907,,0.26171321692777094,0.2529994430677746,,0.4444444444444444,0.2588086256411055,0.1453234053118782,0.11348522032922731,5.600799560546875,2.701965382766507e+19,0.27587890625065054,-0.00016212463377000426,-0.0002861022949396627,,,,,,,,,,,,,,,boundary_ambiguous_margin
0.0069999942183495145,0.06964707700151544,,0.23600067736997868,0.27007323122703525,,0.4444444444444444,0.24735819532233086,0.1377920529002298,0.10956614242210105,-0.9883763194084167,2.928929871506912e+19,0.29785156249900896,1.9073486339738615e-05,-0.00030517578127838886,,,,,,,,,,,,,,,boundary_ambiguous_margin
0.007999994218349515,0.06780780241977798,,0.2316033343078182,0.2734808259455754,,0.4444444444444444,0.24556249818707063,0.13628719187880822,0.1092753063082624,-7.57755184173584,2.9742275515480277e+19,0.30029296875,-2.861022946336191e-05,-0.000381469726552018,,,,,,,,,,,,,,,boundary_ambiguous_margin
0.008999994218349516,0.0655915157771645,,0.1932529123547641,0.2775997657803443,,0.4444444444444444,0.22136853016329083,0.13447386644394269,0.08689466371934815,1.2080156803131104,3.0289812514903425e+19,0.33203125,-4.7683715814992076e-05,-0.00030517578124201935,,,,,,,,,,,,,,,boundary_ambiguous_margin
0.009999994218349517,0.06409697179025807,,0.15255641860882996,0.28037631279885944,,0.4444444444444444,0.19516305000550646,0.13325105772738285,0.061911992278123607,5.600799560546875,3.065890317518504e+19,0.36376953124930883,-0.00011444091794040086,-0.00038146972657059975,,,,,,,,,,,,,,,boundary_ambiguous_margin
0.010999994218349518,0.06486607851973351,,0.1398655395878577,0.27894622805774055,,0.4444444444444444,0.18622576907781863,0.13388032686968093,0.052345442208137694,1.7940198183059692,3.0468799813765825e+19,0.37597656250035066,-3.8146972638442454e-05,-0.00024795532229576083,,,,,,,,,,,,,,,boundary_ambiguous_margin
0.011999994218349519,0.06424284880169337,,0.11346694205337157,0.28009679375444385,,0.4444444444444444,0.16901022595372903,0.1333704116458299,0.035639814307899115,-5.381160259246826,3.0621746279235977e+19,0.39550781249964423,-2.861022945188726e-05,-0.00043869018554131635,,,,,,,,,,,,,,,boundary_ambiguous_margin
0.01299999421834952,0.06380907144837401,,0.09790329267242606,0.280904465993572,,0.4444444444444444,0.1589036837794747,0.13301550290220499,0.025888180877269712,-1.8672451972961426,3.072911139066505e+19,0.4101562500003608,9.536743196481363e-06,-0.00026702880859093097,,,,,,,,,,,,,,,boundary_ambiguous_margin
0.01399999421834952,0.06472404617180215,,0.14094338174130472,0.27921282739015474,,0.4444444444444444,0.18703319695758805,0.13376411858500983,0.053269078372578216,5.600799560546875,3.05042392725523e+19,0.3759765625054888,2.861022947646445e-05,-0.0002098083496179512,,,,,,,,,,,,,,,boundary_ambiguous_margin
0.014999994218349522,0.0650565911579664,,0.0975090320327202,0.2785927473841847,,0.4444444444444444,0.15787027048320837,0.13403620084641693,0.02383406963679144,1.7940198183059692,3.042181108484119e+19,0.41015624999295097,1.9073486316531237e-05,-0.00030517578125,,,,,,,,,,,,,,,boundary_ambiguous_margin
0.015999994218349523,0.06481544844568064,,0.1746750450937209,0.27903957752614544,,0.4444444444444444,0.20946322257119573,0.1338389022636377,0.07562432030755803,1.0617671012878418,3.0481208901996904e+19,0.3515625000048891,0.0003528594970071424,-0.00015258789064556702,,,,,,,,,,,,,,,boundary_ambiguous_margin
0.016999994218349523,0.06588597826617082,,0.15605176781237193,0.27705518585833666,,0.4444444444444444,0.19638624049436015,0.1347147902985842,0.06167145019577594,3.4044077396392822,3.0217420669330653e+19,0.3662109375034305,7.629394528718827e-05,-4.7645603283039803e-14,,,,,,,,,,,,,,,boundary_ambiguous_margin
0.017999994218349524,0.06121943502972521,,0.11907456519406674,0.2857135765126081,,0.4444444444444444,0.17462090230024718,0.13089670946876505,0.04372419283148213,3.4044077396392822,3.136839383933308e+19,0.390624999998455,8.583068844035184e-05,-0.000553131103488467,,,,,,,,,,,,,,,boundary_ambiguous_margin
0.018999994218349525,0.05997298760673162,,0.1441574660389717,0.2880209444379283,,0.4444444444444444,0.1921119588386239,0.12987688884995213,0.06223506998867176,-3.1847681999206543,3.167511580204073e+19,0.368652343751174,0.00047683715797994507,-0.0009918212888056902,,,,,,,,,,,,,,,boundary_ambiguous_margin
0.019999994218349526,0.060211521096662356,,0.14243197346769987,0.28757510684746573,,0.4444444444444444,0.19081301792762181,0.1300720526144409,0.060740965313180906,-12.553900718688965,3.1615849926280348e+19,0.3759765624892969,0.0001144409179517167,-0.000152587890625,,,,,,,,,,,,,,,boundary_ambiguous_margin
0.020999994218349527,0.05621366311386861,,0.2388240883285963,0.2949996071067607,,0.4444444444444444,0.2575492612546511,0.12680107790124603,0.13074818335340507,1.2080156803131104,3.2602800150674407e+19,0.28808593750321193,-0.0014114379880742298,-1.9073486227751596e-05,,,,,,,,,,,,,,,boundary_ambiguous_margin
0.021999994218349528,0.055273234315283505,,0.2205324888300572,0.2967444960980559,,0.4444444444444444,0.24593649125272343,0.12603163615694912,0.11990485509577431,1.2080156803131104,3.2834750924646777e+19,0.3149414062508131,-0.0009346008297430176,0.0008201599117917376,,,,,,,,,,,,,,,boundary_ambiguous_margin
0.02299999421834953,0.0575792227387497,,0.25822529711785913,0.29245912191956536,,0.4444444444444444,0.2696365720517612,0.1279183539579669,0.1417182180937943,-12.553900718688965,3.226508955224952e+19,0.2807617187471184,-6.675720213235711e-05,-0.0001525878906121357,,,,,,,,,,,,,,,boundary_ambiguous_margin
0.02399999421834953,0.058819596840890685,,0.23316636447823907,0.29016273823082517,,0.4444444444444444,0.2521651557291011,0.12893320549608228,0.1232319502330188,-0.9883763194084167,3.195982774098356e+19,0.3027343749916652,8.139457227524948e-15,-3.814697266276157e-05,,,,,,,,,,,,,,,boundary_ambiguous_margin
0.02499999421834953,0.06151773130908278,,0.26840716510472235,0.2851618833048635,,0.4444444444444444,0.27399207117143604,0.13114077006096672,0.14285130111046931,5.600799560546875,3.129505641376042e+19,0.27343749998818895,-0.00015258789061840903,1.8125181582256392e-14,,,,,,,,,,,,,,,boundary_ambiguous_margin
0.02599999421834953,0.058509487137431086,,0.35461072164822044,0.29073635028415484,,0.4444444444444444,0.3333192645268652,0.12867947937506985,0.20463978515179537,-3.1847681999206543,3.2036078872369824e+19,0.20996093750683048,0.0001430511474159124,0.0004196166992587723,,,,,,,,,,,,,,,positive_boundary_margin
0.026999994218349532,0.05421897569937285,,0.340144983167658,0.29869527335512597,,0.4444444444444444,0.32632841323014733,0.12516906092574948,0.20115935230439785,-5.381160259246826,3.3094070742057746e+19,0.21484375000518385,5.7220458920251956e-05,-0.00019073486325087594,,,,,,,,,,,,,,,positive_boundary_margin
0.027999994218349533,0.059699033977440676,,0.374359884800986,0.2885345567531923,,0.4444444444444444,0.34575144211838804,0.12965274497144133,0.2160986971469467,3.4044077396392822,3.174339107607911e+19,0.18798828124519223,1.907348628714978e-05,-7.629394532957301e-05,,,,,,,,,,,,,,,positive_boundary_margin
0.028999994218349534,0.05931390680207204,,0.32935149568406,0.28924735761161835,,0.4444444444444444,0.3159834496599128,0.12933764091886701,0.1866458087410458,1.2080156803131104,3.183814478913759e+19,0.22216796874336772,-8.583068846274528e-05,-0.00022888183597204306,,,,,,,,,,,,,,,boundary_ambiguous_margin
0.029999994218349535,0.06142842820028512,,0.3968683457345268,0.2853204930342744,,0.4444444444444444,0.35968572816777594,0.13106770388104136,0.22861802428673458,-3.1847681999206543,3.1316140648734654e+19,0.16845703125447234,5.722045897389297e-05,-0.00022888183594448804,,,,,,,,,,,,,,,positive_boundary_margin
0.030999994218349536,0.06068823657678562,,0.32743513880053265,0.2866978732908394,,0.4444444444444444,0.31385605029730157,0.1304620925527236,0.18339395774457798,1.7940198183059692,3.149923792206168e+19,0.22460937499276296,9.536743139326492e-06,-0.000209808349609375,,,,,,,,,,,,,,,boundary_ambiguous_margin
0.03199999421834954,0.05960516593890127,,0.3888826478753874,0.28870506055805656,0.045215633655647625,0.2222222222222222,0.2779214974911197,0.08917190344495964,0.1887495940461601,-1.134992241859436,3.1766056408774083e+19,0.17578125000045738,-2.858736196984372e-14,-0.00010490417480290079,,,,,,,14.717529296875016,1.2357054948806776,0.1103923171758651,0.18756827712059,0.3927712738513955,-0.2069533169269521,-0.1462149173021287,3848.275878906283,boundary_ambiguous_margin
0.03299999421834954,0.06233566012003816,,0.41144508030233645,0.2836394416468379,0.04120390532596809,0.2222222222222222,0.2869333768943697,0.09140594413861708,0.19552743275575263,-0.40273916721343994,3.109267590550546e+19,0.15625000000832465,-7.629394530888687e-05,-0.00017166137696215781,,,,,,,14.85110931396486,1.2455571413040174,0.10979329347610466,0.18579753935337043,0.3992243289947518,-0.17432804033159793,-0.12269530110060868,4114.390917968784,boundary_ambiguous_margin
0.03399999421834954,0.062498199230343984,,0.3990600110423842,0.2833424702385791,0.03719217699628856,0.2222222222222222,0.27966366732990905,0.09153893068341275,0.18812473664649632,5.3097052574157715,3.105319904002179e+19,0.16845703125888367,0.0001144409178080255,-9.536743161505519e-05,,,,,,,14.984689331054705,1.2554087877273572,0.10919426977634422,0.1840268015861509,0.40567738413810817,-0.14170276373624374,-0.09917568489908865,4380.505957031285,boundary_ambiguous_margin
0.03499999421834954,0.06040999525500496,,0.3792864028902087,0.28721353687919965,0.03318044866660903,0.2222222222222222,0.2697416978315565,0.08983040015813537,0.17991129767342112,1.0617671012878418,3.1567785874983748e+19,0.18554687499810943,0.0001525878905862284,-1.9073486379820478e-05,,,,,,,15.11826934814455,1.2652604341506972,0.10859524607658379,0.18225606381893134,0.4121304392814645,-0.10907748714088958,-0.07565606869756862,4646.620996093786,boundary_ambiguous_margin
0.03599999421834954,0.05710069587032496,,0.41405850440400105,0.29335556134768176,0.029168720336929476,0.2222222222222222,0.28766032262315333,0.0871227915706699,0.20053753105248343,3.4044077396392822,3.2384254622467883e+19,0.15380859375334408,6.675720212977631e-05,-0.0003051757812388033,,,,,,,15.251849365234394,1.275112080574037,0.10799622237682334,0.1804853260517118,0.41858349442482085,-0.07645221054553542,-0.05213645249604859,4912.736035156287,positive_boundary_margin
0.03699999421834954,0.05415552454812606,,0.3995897128161355,0.2988200867060235,0.02515699200725059,0.2222222222222222,0.28078912608638623,0.08471310594341627,0.19607602014296996,3.4044077396392822,3.3110662372520886e+19,0.16601562500241404,-2.8610229511047217e-05,-0.00019073486330010972,,,,,,,15.385429382324217,1.2849637269973762,0.10739719867706445,0.17871458828449385,0.425036549568177,-0.04382693395018472,-0.028616836294531125,5178.851074218791,boundary_ambiguous_margin
0.03799999421834954,0.05401764820574046,,0.40992050761544435,0.29906882011147023,0.02566576726414409,0.2222222222222222,0.28614390065162576,0.08460029802691896,0.2015436026247068,-5.381160259246826,3.3143726886191366e+19,0.15624999999658476,-8.583068847465668e-05,-0.00028610229496380316,,,,,,,15.368488502502439,1.2904422760009773,0.1179417014122024,0.18842503428459303,0.430316078662873,-0.036204036790876526,-0.0235831705853336,5476.059765625041,positive_boundary_margin
0.03899999421834954,0.05769026024658869,,0.40204378497913007,0.29225813024118164,0.034824696865181304,0.2222222222222222,0.2827925992661558,0.0876051624239766,0.1951874368421792,-0.9883763194084167,3.2238371419694563e+19,0.16601562499753514,-0.002155303954492719,0.0012207031245262837,,,,,,,15.35154762268066,1.2959208250045784,0.12848620414734033,0.1981354802846922,0.4355956077575691,-0.02858113963156833,-0.01854950487613608,5773.268457031291,boundary_ambiguous_margin
0.039999994218349544,0.055714094104916165,,0.3833910523517023,0.29592828791604336,0.04875058013387197,0.2222222222222222,0.27786524318832995,0.08598829921715362,0.19187694397117633,3.4044077396392822,3.272625111721784e+19,0.17089843750597666,-0.0007629394533000976,-0.0004768371579696615,,,,,,,15.334606742858885,1.3013993740081795,0.13903070688247826,0.20784592628479137,0.44087513685226515,-0.020958242472260132,-0.01351583916693856,6070.4771484375415,boundary_ambiguous_margin
0.040999994218349545,0.0612496758886802,,0.3719088732268058,0.285648895239976,0.06267646340256275,0.2222222222222222,0.2730357762740376,0.09051741158568784,0.18251836468834975,-7.4298601150512695,3.1359795658403873e+19,0.1879882812419498,6.67572021268183e-05,-0.00030517578118317704,,,,,,,15.317665863037107,1.3068779230117806,0.14957520961761622,0.21755637228489055,0.4461546659469612,-0.013335345312951937,-0.008482173457741039,6367.685839843791,boundary_ambiguous_margin
0.041999994218349546,0.060212466170588445,,0.38653507448536045,0.2875733533398189,0.08766751835899789,0.2222222222222222,0.28707775516738443,0.08966878545270367,0.19740896971468075,-17.677940368652344,3.161561682981526e+19,0.17578124999796713,1.907348634996257e-05,-0.00030517578127779325,,,,,,,15.300724983215337,1.3123564720153815,0.16011971235275205,0.22726681828498768,0.45143419504165716,-0.005712448153642669,-0.003448507748542993,6664.894531250041,boundary_ambiguous_margin
0.042999994218349546,0.058211457607765846,,0.44669936662163834,0.2912900285948959,0.07748440106140202,0.2222222222222222,0.3155432907248936,0.08803159662857608,0.22751169409631755,-2.305818796157837,3.210968018073315e+19,0.12695312501077935,-6.675720211635613e-05,-0.0002479553222375538,,,,,,,15.340873908996588,1.3177296638488778,0.15559508204460082,0.22208306193351673,0.456094270944596,0.009645488485696062,0.00536254942417267,6958.132617187541,positive_boundary_margin
0.04399999421834955,0.05977524807759399,,0.4100219174674491,0.28839680714776833,0.06730128376380609,0.2222222222222222,0.29393548146161813,0.08931106155843549,0.20462441990318264,7.942264556884766,3.1725079809430127e+19,0.15869140624844486,0.00018119812007871366,-0.00022888183589700123,,,,,,,15.381022834777838,1.3231028556823738,0.15107045173644956,0.2168993055820458,0.4607543468475348,0.025003425125034794,0.014173606596888336,7251.370703125041,positive_boundary_margin
0.04499999421834955,0.06407895107116372,,0.36531686165143545,0.2804044350913082,0.06264435657503505,0.2222222222222222,0.26842062874230355,0.09283227309862889,0.17558835564367464,-0.9883763194084167,3.0662641514719478e+19,0.19042968749319494,9.536743160586357e-05,-0.0006103515623936709,,,,,,,15.421171760559087,1.32847604751587,0.14654582142829833,0.21171554923057484,0.4654144227504737,0.04036136176437353,0.022984663769604,7544.60878906254,boundary_ambiguous_margin
0.04599999421834955,0.0619484956464813,,0.3919772819077018,0.28435229213283886,0.05843691239281255,0.2222222222222222,0.28168594208526376,0.09108917320570692,0.19059676887955684,-17.677940368652344,3.1187436215633707e+19,0.17333984375052855,7.629394532488786e-05,-0.0001525878906208707,,,,,,,15.461320686340338,1.333849239349366,0.14202119112014708,0.2065317928791039,0.4700744986534125,0.05571929840371226,0.031795720942319666,7837.846875000041,boundary_ambiguous_margin
0.04699999421834955,0.06387595695914244,,0.4195831563258282,0.2807828453499936,0.0626886326910612,0.2222222222222222,0.2956594476731778,0.09266618700697513,0.20299326066620269,1.2080156803131104,3.071294417169023e+19,0.15136718749786549,0.00026702880853121517,-0.000247955322273963,,,,,,,15.501469612121618,1.3392224311828644,0.13749656081199835,0.20134803652763378,0.47473457455635076,0.07107723504305356,0.04060677811503671,8131.084960937537,positive_boundary_margin
0.04799999421834955,0.060541790911935255,,0.40915395486780126,0.2869726611731136,0.06707581058320414,0.2222222222222222,0.29308909537298006,0.08993823296835106,0.20315086240462898,5.600799560546875,3.1535765897359655e+19,0.15869140625700326,-7.629394529776957e-05,-0.0001144409179771674,,,,,,,15.7546482086182,1.362140989303592,0.15100068449974252,0.20208186507225048,0.47520543336868293,0.104971659183507,0.05940616726875571,8402.041601562538,positive_boundary_margin
0.04899999421834955,0.06320056663278799,,0.41089340999066815,0.28203243460116645,0.08788806116065213,0.2222222222222222,0.2979268289357887,0.09211359492177604,0.20581323401401266,-3.1847681999206543,3.0879053990368117e+19,0.15624999999619343,7.62939453252452e-05,-0.000324249267599367,,,,,,,16.00782680511478,1.3850595474243197,0.1645048081874867,0.20281569361686716,0.4756762921810151,0.13886608332396044,0.0782055564224747,8672.99824218754,positive_boundary_margin
0.04999999421834955,0.06559535657942889,,0.4412791277686792,0.277587325801567,0.10991998046563367,0.2222222222222222,0.3175163904511398,0.09407296851448221,0.22344342193665756,-5.381160259246826,3.028815884941525e+19,0.13183593750439102,-0.00013351440400957202,-0.00015258789055210223,,,,,,,16.261005401611364,1.4079781055450473,0.17800893187523087,0.20354952216148386,0.47614715099334726,0.17276050746441385,0.09700494557619371,8943.95488281254,positive_boundary_margin
0.050999994218349554,0.06926394628462322,,0.4222965173684379,0.270783980812365,0.13841680423569191,0.2222222222222222,0.31344845494623313,0.09707454190964122,0.21637391303659192,-1.134992241859436,2.9383779749243912e+19,0.15136718749833813,-1.907348632379719e-05,0.0001716613769141747,,,,,,,16.51418399810795,1.430896663665775,0.19151305556297504,0.20428335070610057,0.47661800980567937,0.20665493160486728,0.11580433472991271,9214.91152343754,positive_boundary_margin
0.051999994218349554,0.062450159424934655,,0.3963751517036373,0.2834264070102761,0.1669136280057461,0.2222222222222222,0.31077258460582424,0.09149962538807785,0.2192729592177464,-1.134992241859436,3.106435688402046e+19,0.16845703125,-0.00010490417480250374,-0.00015258789059005988,,,,,,,16.767362594604496,1.4538152217865008,0.20501717925071575,0.20501717925071763,0.47708886861801175,0.2405493557453153,0.13460372388362857,9485.868164062547,positive_boundary_margin
0.052999994218349555,0.05801665524039796,,0.4092894533748631,0.2916547747279562,0.16764890604170182,0.2222222222222222,0.31947064687984605,0.08787221287345691,0.23159843400638913,1.7940198183059692,3.2158166444494815e+19,0.15625000000620537,-0.0017356872551277768,0.0008392333981774742,,,,,,,16.784925079345705,1.4649738550186175,0.1956866413354859,0.20814724564552356,0.4789777636528018,0.23887972533702825,0.13269545435905428,9795.199804687549,positive_boundary_margin
0.053999994218349556,0.055471139698050044,,0.4050149046141676,0.2963765903427264,0.16838418407765757,0.2222222222222222,0.3186976459121798,0.08578951833880862,0.2329081275733712,0.329513818025589,3.27858446474433e+19,0.16601562499886158,0.000228881835908595,5.722045897103423e-05,,,,,,,16.802487564086917,1.4761324882507343,0.1863561034202561,0.21127731204032948,0.4808666586875919,0.23721009492874118,0.13078718483447999,10104.531445312548,positive_boundary_margin
0.05499999421834956,0.058661473960533624,,0.3840090478143761,0.29045600411349076,0.169119462113613,0.2222222222222222,0.306898390463964,0.08839979182629519,0.2184985986376688,-1.134992241859436,3.1998812025257984e+19,0.1831054687448314,0.0002098083495914285,7.629394532147325e-05,,,,,,,16.82005004882813,1.4872911214828508,0.17702556550502627,0.21440737843513538,0.4827555537223819,0.23554046452045413,0.1288789153099057,10413.86308593755,positive_boundary_margin
0.05599999421834956,0.058349065930990804,,0.39187234212160516,0.29103576998610925,0.16985474014956872,0.2222222222222222,0.31115879859472206,0.08814418525666924,0.22301461333805284,-0.9883763194084167,3.2075881193295315e+19,0.17333984375057937,0.000171661376925967,-0.00022888183595334217,,,,,,,16.837612533569338,1.4984497547149676,0.16769502758979643,0.2175374448299413,0.48464444875717194,0.23387083411216708,0.1269706457853314,10723.194726562551,positive_boundary_margin
0.05699999421834956,0.05594591106767502,,0.37570507925664715,0.2954910855236151,0.17059001818552497,0.2222222222222222,0.3043728155556086,0.08617796764122905,0.21819484791437954,-5.381160259246826,3.2668133131596857e+19,0.18554687500058445,0.00018119812009435732,-0.0003242492675278986,,,,,,,16.855175018310533,1.509608387947084,0.15836448967456881,0.22066751122474526,0.48653334379196206,0.23220120370387912,0.12506237626075659,11032.526367187582,positive_boundary_margin
0.05799999421834956,0.05600493551307912,,0.3691575315398851,0.29538688415882997,0.17469593616903356,0.2222222222222222,0.30209947085190847,0.08622626036928695,0.21587321048262154,1.2080156803131104,3.2654281484110135e+19,0.1904296875,-3.8146972610192583e-05,-0.00020980834958174056,,,,,,,16.769263839721667,1.5195098876953141,0.16223182976245945,0.2120742470026002,0.48896570205688517,0.22495247721671938,0.11984598487615498,11521.442968750081,positive_boundary_margin
0.05899999421834956,0.05408384158241133,,0.36778683858508127,0.2989530886067811,0.17880185415254216,0.2222222222222222,0.3033321549823715,0.08465445624419513,0.21867769873817636,3.4044077396392822,3.3128342519495524e+19,0.1928710937494054,0.00017166137692060688,-0.00022888183592820912,,,,,,,16.683352661132798,1.5294113874435442,0.16609916985035006,0.20348098278045512,0.49139806032180827,0.21770375072955964,0.1146295934915534,12010.359570312581,positive_boundary_margin
0.05999999421834956,0.05521358576445652,,0.38602433807935516,0.2968498554395889,0.18290777213605064,0.2222222222222222,0.31295157593358747,0.08557879239314119,0.22737278354044627,-5.381160259246826,3.2848756503761388e+19,0.1806640625011994,0.00028610229489844924,-5.7220458984375e-05,,,,,,,16.597441482543932,1.539312887191774,0.1699665099382407,0.19488771855831002,0.4938304185867314,0.21045502424239992,0.1094132021069518,12499.27617187508,positive_boundary_margin
0.06099999421834956,0.04874965520795158,,0.3711783014757241,0.30884492300785477,0.19185572422139296,0.2222222222222222,0.310764312545174,0.08029012193781895,0.23047419060735505,-3.1847681999206543,3.444327926147842e+19,0.1904296874993952,2.3624278294507235e-14,-7.62939453715607e-05,,,,,,,16.511530303955062,1.5492143869400041,0.17383385002613133,0.18629445433616496,0.49626277685165443,0.20320629775524018,0.10419681072235021,12988.192773437582,positive_boundary_margin
0.06199999421834956,0.05014016590635833,,0.3607425668992153,0.30627391686209005,0.20566417112386057,0.2222222222222222,0.3083558054460953,0.08142781250924266,0.22692799293685265,7.942264556884766,3.410151146514704e+19,0.20019531249878028,0.00015258789061547087,-5.722045898913956e-05,,,,,,,16.425619125366193,1.5591158866882335,0.1777011901140219,0.1777011901140219,0.49869513511657754,0.1959575712680819,0.09898041933774938,13477.109375000093,positive_boundary_margin
0.06299999421834956,0.049304153685953346,,0.3725424613003996,0.30781680508097836,0.2174682078064391,0.2222222222222222,0.3175924838720542,0.08074380251072949,0.2368486813613247,-2.305818796157837,3.4306609966145864e+19,0.19042968749938505,0.0002861022949122665,-0.0001716613769675378,,,,,,,16.323357391357405,1.5658996105194103,0.18138288855552734,0.18138288855552734,0.5009278774261479,0.19732195734977745,0.09839847832918157,14034.927539062593,positive_boundary_margin
0.06399999421834957,0.04814598517706825,,0.35314812648546134,0.30996172541109457,0.2293321737565747,0.2222222222222222,0.311397538034648,0.07979621009436898,0.231601327940279,-17.677940368652344,3.459173752048399e+19,0.2075195312481399,0.00021934509276374956,9.536743118044787e-06,,,,,,,16.221095657348616,1.572683334350587,0.18506458699703277,0.18506458699703277,0.5031606197357181,0.198686343431473,0.09781653732061377,14592.745703125092,positive_boundary_margin
0.06499999421834957,0.04633165745529323,,0.3659759482192094,0.31333309199995074,0.24420737560519226,0.2222222222222222,0.32237309101089046,0.07831176014018941,0.24406133087070103,-0.9883763194084167,3.503989845996549e+19,0.19287109375,-5.722045895018928e-05,-0.00020980834961670052,,,,,,,16.118833923339828,1.5794670581817638,0.18874628543853822,0.18874628543853822,0.5053933620452885,0.20005072951316857,0.09723459631204595,15150.563867187593,positive_boundary_margin
0.06599999421834957,0.04794482922475077,,0.35241110021440303,0.31034529693757057,0.2611658218301372,0.2222222222222222,0.31908332979912846,0.07963162795156375,0.2394517018475647,5.600799560546875,3.4642726272710476e+19,0.2050781249993698,2.8610229506957637e-05,-0.00015258789065946364,,,,,,,16.016572189331036,1.5862507820129406,0.19242798388004365,0.19242798388004365,0.5076261043548588,0.2014151155948641,0.09665265530347815,15708.382031250094,positive_boundary_margin
0.06699999421834957,0.04589157333962103,,0.3667274350498925,0.31414786098229097,0.2801979755280314,0.2222222222222222,0.3319501766525269,0.0779516913182758,0.2539984853342511,-3.1847681999206543,3.514820695237119e+19,0.1977539062525411,0.0004577636717633306,-3.81469726860285e-05,,,,,,,15.914310455322243,1.5930345058441169,0.1961096823215483,0.1961096823215483,0.5098588466644286,0.2027795016765591,0.09607071429491014,16266.200195312555,positive_boundary_margin
0.06799999421834957,0.04489899544036232,,0.343530439668464,0.31598773715196304,0.28279492991403643,0.2222222222222222,0.3214608866007319,0.0771395821279732,0.2443213044727587,-5.381160259246826,3.539278451787694e+19,0.21240234375064035,0.00015258789070254322,-0.0002288818359274944,,,,,,,15.773907279968238,1.5972453594207772,0.195168364048004,0.195168364048004,0.5091827750205993,0.20056399405002556,0.09435305893421145,16597.185546875055,positive_boundary_margin
0.06899999421834957,0.04091562728586435,,0.3397012558309449,0.3233856370311065,0.28539188430004125,0.2222222222222222,0.32204500824825943,0.0738804627288385,0.24816454551942094,3.4044077396392822,3.6376198712876073e+19,0.2148437500012875,-1.9073486242627612e-05,-0.00017166137693300795,,,,,,,15.633504104614234,1.6014562129974372,0.19422704577445968,0.19422704577445968,0.50850670337677,0.19834848642349207,0.09263540357351274,16928.170898437555,positive_boundary_margin
0.06999999421834957,0.0367936784414321,,0.33962929384296564,0.33103357717516935,0.28798883868604597,0.2222222222222222,0.3245702508867866,0.0705079591288485,0.2540622917579381,3.4044077396392822,3.739285114438287e+19,0.21484374999934946,0.0001335144042892517,-0.0002861022949269572,,,,,,,15.49310092926023,1.6056670665740973,0.19328572750091538,0.19328572750091538,0.5078306317329405,0.19613297879695857,0.09091774821281405,17259.156250000055,positive_boundary_margin
0.07099999421834957,0.03711148355129635,,0.3263213156363354,0.33044320754404516,0.2905857930720509,0.2222222222222222,0.3184179079721917,0.07076798149146468,0.24764992648072703,2.526273012161255,3.731437240243873e+19,0.2246093750019719,1.9073486407719626e-05,-0.0003051757811986486,,,,,,,15.352697753906227,1.6098779201507576,0.19234440922737106,0.19234440922737106,0.5071545600891112,0.19391747117042504,0.08920009285211535,17590.141601562555,positive_boundary_margin
0.07199999421834957,0.038029994351644426,,0.33745907035547884,0.328736151307356,0.29318274745805695,0.2222222222222222,0.32420925986909266,0.07151949032811313,0.25268976954097955,-0.9883763194084167,3.708745079465181e+19,0.2197265625,0.0002956390380833567,-9.536743169224107e-05,,,,,,,15.212294578552221,1.614088773727418,0.191403090953827,0.191403090953827,0.5064784884452821,0.19170196354389168,0.08748243749141665,17921.126953125113,positive_boundary_margin
0.07299999421834957,0.03710918168857276,,0.33158909775309614,0.33044393541514383,0.3028984266668305,0.2222222222222222,0.32413013939704166,0.07076609814923629,0.25336404124780537,-1.8672451972961426,3.731446915946198e+19,0.224609375,0.0004196166991928096,-0.00017166137692199653,,,,,,,15.064087104797338,1.6213181495666515,0.191906625032425,0.191906625032425,0.5069199204444886,0.19035385847091651,0.08578848540782899,18590.397656250116,positive_boundary_margin
0.07399999421834957,0.030614893020631286,,0.3151325140234164,0.34249533028093204,0.31261410587560406,0.2222222222222222,0.3213436160508422,0.06545258923910237,0.25589102681173986,0.329513818025589,3.8916479591364166e+19,0.23681640625,0.0003433227534293175,-0.00022888183565448512,,,,,,,14.915879631042454,1.628547525405885,0.19241015911102305,0.19241015911102305,0.5073613524436952,0.18900575339794135,0.08409453332424134,19259.66835937512,positive_boundary_margin
0.07499999421834957,0.02761561525965179,,0.31281238885524015,0.34806142674258866,0.32232978508437754,0.2222222222222222,0.32400399738436164,0.06299863470739187,0.2610053626769698,1.7940198183059692,3.965638934420626e+19,0.24169921875,0.0003147125244140625,8.58306884289169e-05,,,,,,,14.76767215728757,1.6357769012451184,0.19291369318962107,0.19291369318962107,0.5078027844429017,0.18765764832496618,0.08240058124065368,19928.93906250012,positive_boundary_margin
0.07599999421834958,0.029083042538564318,,0.3252289343110093,0.3453382624521512,0.33204546429315107,0.2222222222222222,0.33196039884183026,0.0641992570265021,0.2677611418153282,1.2080156803131104,3.929439493197031e+19,0.2294921875,0.000247955322265625,-7.629394531782042e-05,,,,,,,14.619464683532687,1.6430062770843519,0.19341722726821908,0.19341722726821908,0.5082442164421083,0.186309543251991,0.08070662915706603,20598.209765625128,positive_boundary_margin
0.07699999421834958,0.02871302061841188,,0.291838534980657,0.34602835042379365,0.34176114350192577,0.2222222222222222,0.3178666409717583,0.06389651181910468,0.25397012915265366,5.600799560546875,3.938612938609892e+19,0.2563476562506844,0.0001907348632865969,-5.722045895764052e-05,,,,,,,14.471257209777807,1.6502356529235844,0.19392076134681913,0.1939207613468168,0.5086856484413146,0.18496143817901545,0.07901267707347831,21267.480468750073,positive_boundary_margin
0.07799999421834958,0.02486533682139034,,0.29351751416221283,0.35316032921404666,0.3573937634252905,0.2222222222222222,0.3243972802409407,0.060748406894268865,0.26364887334667186,-3.1847681999206543,4.033419428226505e+19,0.25634765624930883,0.00019073486328125,7.629394527740107e-05,,,,,,,14.347640991210913,1.6529679298400883,0.20483101010322782,0.19282638430595378,0.507951247692108,0.18157444894313746,0.07703933268785439,21636.274609375072,positive_boundary_margin
0.07899999421834958,0.02258673620351736,,0.2856792415143074,0.3573863157278955,0.37302638334865523,0.2222222222222222,0.3254427955262914,0.058884097297827336,0.26655869822846406,-5.381160259246826,4.089596116117488e+19,0.26123046875069794,0.00022888183591568892,-9.536743160518197e-05,,,,,,,14.224024772644018,1.6557002067565922,0.21574125885963652,0.19173200726509074,0.5072168469429015,0.17818745970725947,0.07506598830223045,22005.06875000007,positive_boundary_margin
0.07999999421834958,0.018621667036238503,,0.28592059728154634,0.3647497906125767,0.38865900327201997,0.2222222222222222,0.33131249711192234,0.05563994979732645,0.2756725473145959,2.8182225227355957,4.1874799188779205e+19,0.26123046875070133,0.00016212463383563608,-2.861022955519881e-05,,,,,,,14.100408554077124,1.6584324836730961,0.22665150761604522,0.1906376302242277,0.506482446193695,0.17480047047138147,0.07309264391660653,22373.86289062507,positive_boundary_margin
0.08099999421834958,0.01862248287184803,,0.27054035411896454,0.3647469783833318,0.40546548604680976,0.2222222222222222,0.32782329316701764,0.05564061729918879,0.27218267586782885,1.2080156803131104,4.187442535482576e+19,0.2734374999978858,0.0002193450928312475,-9.536743154152215e-05,,,,,,,13.976792335510229,1.6611647605896,0.2375617563724539,0.18954325318336465,0.5057480454444884,0.17141348123550348,0.07111929953098259,22742.65703125007,positive_boundary_margin
0.08199999421834958,0.023323716582029946,,0.28250013465814466,0.3560174217866401,0.4223337510769339,0.2222222222222222,0.33583786054496584,0.05948708124388308,0.27635077930108276,-12.553900718688965,4.071399198677795e+19,0.26611328125142303,0.00030517578127501395,7.629394530416202e-05,,,,,,,13.853176116943338,1.6638970375061037,0.2484720051288587,0.1884488761425024,0.5050136446952823,0.16802649199962674,0.06914595514535912,23111.45117187514,positive_boundary_margin
0.08299999421834958,0.021226328310329702,,0.2632407142240592,0.35991292173664113,0.41900089227940934,0.2222222222222222,0.3263488106160422,0.05777103629431015,0.2685777743217321,-2.305818796157837,4.1231826779088355e+19,0.28320312500071826,0.00033378601071974115,0.00020027160630221687,,,,,,,13.747105026245096,1.6649018526077273,0.23933975994586767,0.19132125675678308,0.5067722558975223,0.17098510563373623,0.06957105249166497,23820.49882812514,positive_boundary_margin
0.08399999421834958,0.019979966337788032,,0.25278203622108003,0.3622378412809543,0.41807754144007275,0.2222222222222222,0.3214698637907968,0.05675128558950334,0.26471857820129346,13.066306114196777,4.1540881905470145e+19,0.28808593750144335,0.00033378601073091136,-0.00015258789054888616,,,,,,,13.641033935546854,1.6659066677093508,0.23020751476287665,0.1941936373710638,0.5085308670997623,0.17394371926784574,0.06999614983797081,24529.54648437514,positive_boundary_margin
0.08499999421834958,0.013163066318387309,,0.23741536483241032,0.3748696802628847,0.4171541906007363,0.2222222222222222,0.3167136501321104,0.051173821937266384,0.265539828194844,-7.4298601150512695,4.322005166536314e+19,0.30029296874709976,-0.0030803680412671273,0.0012969970701142413,,,,,,,13.534962844848613,1.6669114828109743,0.2210752695798856,0.19706601798534448,0.5102894783020023,0.17690233290195523,0.07042124718427667,25238.594140625137,positive_boundary_margin
0.08599999421834958,0.011149558539480122,,0.26746265711331124,0.3786070667592239,0.41623083976139963,0.2222222222222222,0.3324408051868115,0.04952640648179687,0.28291439870501467,-5.381160259246826,4.371686819339698e+19,0.28076171874853634,0.0005626678465281745,0.00013351440427972257,,,,,,,13.42889175415037,1.6679162979125979,0.2119430243968946,0.1999383985996252,0.5120480895042423,0.17986094653606471,0.07084634453058251,25947.641796875138,positive_boundary_margin
0.08699999421834959,0.010504539207809666,,0.2520734330436554,0.37981093247138004,0.41530748892206615,0.2222222222222222,0.3248163218701893,0.04899866339224831,0.275817658477941,3.4044077396392822,4.387689991179652e+19,0.2929687499985228,0.0002574920654296875,0.00032424926750310965,,,,,,,13.32282066345213,1.668921113014221,0.20281077921390606,0.20281077921390606,0.5138067007064824,0.18281956017017517,0.0712714418768887,26656.68945312515,positive_boundary_margin
0.08799999421834959,0.012134461211324252,,0.25288992929510384,0.37678497380389436,0.43099988727725647,0.2222222222222222,0.3283911799178396,0.050332235940578424,0.27805894397726116,1.2080156803131104,4.347465457789095e+19,0.295410156252226,-3.8146971896858495e-05,0.0008392333978925931,,,,,,,13.232852363586408,1.667849040031433,0.2065206885337837,0.2065206885337837,0.5162910580635076,0.1906731545925156,0.07347001731395765,27424.406640625155,positive_boundary_margin
0.08899999421834959,0.01016634388825774,,0.22355160225377207,0.3804298545006021,0.44669228563244656,0.2222222222222222,0.3185563361601482,0.04872195813079674,0.2698343780293515,-17.677940368652344,4.3959174167879746e+19,0.31494140624627304,0.00041961669914886975,9.53674316289783e-05,,,,,,,13.142884063720684,1.6667769670486448,0.21023059785366136,0.21023059785366136,0.5187754154205327,0.19852674901485604,0.07566859275102661,28192.123828125157,positive_boundary_margin
0.08999999421834959,0.00900249939643322,,0.2553793908481051,0.3825947747434069,0.4623846839876367,0.2222222222222222,0.33893456010681344,0.04776972172839485,0.2911648383784186,-0.40273916721343994,4.4246960341333836e+19,0.2905273437537608,0.0016021728509425512,-0.0006103515625293814,,,,,,,13.052915763854962,1.6657048940658568,0.213940507173539,0.213940507173539,0.5212597727775579,0.20638034343719647,0.07786716818809555,28959.841015625163,positive_boundary_margin
0.09099999421834959,0.011569964823870954,,0.2627930088169254,0.3778304613819891,0.4780770823428269,0.2222222222222222,0.3453733903396667,0.04987037525993482,0.29550301507973187,-1.134992241859436,4.361363284764184e+19,0.28076171875303574,0.00022888183593453538,5.3363075676967556e-14,,,,,,,12.962947463989238,1.6646328210830685,0.21765041649341663,0.21765041649341663,0.5237441301345831,0.21423393785953693,0.08006574362516451,29727.558203125165,positive_boundary_margin
0.09199999421834959,0.011626592518720362,,0.23598914140160793,0.3777265743251785,0.49376948069801563,0.2222222222222222,0.3358685844566025,0.04991670701026615,0.2859518774463364,0.329513818025589,4.359982298159697e+19,0.302734375,0.00018119812023927937,5.72204589545965e-05,,,,,,,12.872979164123532,1.6635607481002828,0.22136032581329376,0.22136032581329376,0.5262284874916079,0.2220875322818755,0.08226431906223285,30495.275390625153,positive_boundary_margin
0.09299999421834959,0.009742094571432998,,0.25741164684921747,0.38122369718885546,0.5034137878039485,0.2222222222222222,0.34986519467280974,0.04837484505339467,0.30149034961941507,1.0617671012878418,4.4064700895867175e+19,0.29296875000153144,0.001335144042759374,-1.9073486507590106e-05,,,,,,,12.859041595458981,1.6726054906845114,0.222797375917435,0.222797375917435,0.5271687388420107,0.2216289907693862,0.08170336484909045,31180.840625000154,positive_boundary_margin
0.09399999421834959,0.007731250144757912,,0.24972135485090868,0.3849534741237085,0.5130580949098815,0.2222222222222222,0.34936356968385185,0.04672960870429688,0.302633960979555,-0.40273916721343994,4.456050587320346e+19,0.2929687500007725,0.00047683715817898453,-1.907348632208989e-05,,,,,,,12.84510402679443,1.6816502332687397,0.22423442602157626,0.22423442602157626,0.5281089901924135,0.22117044925689688,0.08114241063594806,31866.40585937515,positive_boundary_margin
0.09499999421834959,0.005008581321610861,,0.22467943783908917,0.3900051642289026,0.5227024020158144,0.2222222222222222,0.34051661048072385,0.044501970576267466,0.29601463990445637,-0.40273916721343994,4.523203479889091e+19,0.3125,0.0003433227539914827,6.696854239222615e-14,,,,,,,12.83116645812988,1.6906949758529684,0.22567147612571747,0.22567147612571747,0.5290492415428164,0.22071190774440755,0.08058145642280566,32551.97109375015,positive_boundary_margin
0.0959999942183496,0.0033574250508677113,,0.24264162890625665,0.3930632484798797,0.5323467091217473,0.2222222222222222,0.35267330385353507,0.04315102453656853,0.3095222793169665,-7.57755184173584,4.563855063595876e+19,0.2978515625,0.000305175781332546,1.9073486438186344e-05,,,,,,,12.817228889465328,1.6997397184371967,0.22710852622985872,0.22710852622985872,0.5299894928932192,0.22025336623191824,0.08002050220966327,33237.536328125156,positive_boundary_margin
0.0969999942183496,0.0045241279657324725,,0.2348448169197195,0.39090355567496543,0.5419910162276789,0.2222222222222222,0.35064605143552086,0.044105599648730606,0.30654045178679024,-0.9883763194084167,4.535145935385343e+19,0.3051757812468558,0.00022888183602961485,0.00017166137693470202,,,,,,,12.803291320800783,1.708784461021425,0.22854557633399966,0.22854557633399966,0.5309297442436218,0.2197948247194279,0.07945954799652058,33923.10156250007,positive_boundary_margin
0.0979999942183496,0.005004476431719914,,0.22715944914613886,0.39001585070003314,0.544970402100658,0.2222222222222222,0.3473262877732422,0.04449861202999306,0.30282767574324915,3.4044077396392822,4.5233455367914e+19,0.3100585937539641,0.0003242492676710339,-2.861022938998768e-05,,,,,,,12.812689590454104,1.7153906345367447,0.2286391854286194,0.2286391854286194,0.5309733986854553,0.21485494077205547,0.077570958435535,34263.67968750007,positive_boundary_margin
0.0989999942183496,0.012509842156939366,,0.22580121711689252,0.3760867138249169,0.5479497879736371,0.2222222222222222,0.3439097340080848,0.050639365805172615,0.2932703682029122,-0.9883763194084167,4.33818338062741e+19,0.3173828125023988,0.00039100646969532815,0.0005340576171750063,,,,,,,12.822087860107423,1.7219968080520645,0.22873279452323916,0.22873279452323916,0.5310170531272889,0.20991505682468303,0.07568236887454945,34604.25781250007,positive_boundary_margin
0.0999999942183496,0.00705119259893663,,0.23934206823242934,0.3862130219749132,0.5509291738466161,0.2222222222222222,0.353956583071597,0.046173197984988555,0.30778338508660846,-3.1847681999206543,4.472793950388119e+19,0.305175781248394,0.0006103515624937267,0.0002574920653700908,,,,,,,12.831486129760744,1.7286029815673842,0.22882640361785891,0.22882640361785891,0.5310607075691223,0.2049751728773106,0.07379377931356389,34944.83593750007,positive_boundary_margin
0.1009999942183496,0.006595922295249472,,0.215254088228707,0.387062579887265,0.5539085597195952,0.2222222222222222,0.34286982901606855,0.045800704100153605,0.297069124915915,2.8182225227355957,4.484087254219332e+19,0.322265625,0.0005149841308782744,8.583068851751124e-05,,,,,,,12.840884399414065,1.735209155082704,0.22892001271247867,0.22892001271247867,0.5311043620109558,0.20003528892993816,0.07190518975257831,35285.41406250007,positive_boundary_margin
0.1019999942183496,0.003592513021303229,,0.20552045239187633,0.3926351610187098,0.5568879455925766,0.2222222222222222,0.34014100284875975,0.04334336923965213,0.2967976336091076,2.8182225227355957,4.558164431215159e+19,0.32958984375,0.00047683715812689203,5.722045899072775e-05,,,,,,,12.850282669067374,1.741815328598023,0.22901362180709897,0.22901362180709897,0.5311480164527898,0.19509540498256653,0.07001660019159298,35625.99218750014,positive_boundary_margin
0.1029999942183496,0.0,,0.20540653170114107,0.39945822469767583,0.5680422551658492,0.2222222222222222,0.3445783858164518,0.0404040404040404,0.3041743454124114,-12.553900718688965,4.6488644648043545e+19,0.3295898437524598,0.00020980834969905462,0.00023841857897665162,,,,,,,12.807888221740713,1.7434782743453983,0.231640979647637,0.231640979647637,0.5329737305641178,0.1937371164560315,0.06915937066078166,36253.13828125014,positive_boundary_margin
0.1039999942183496,0.001696090322348586,,0.18078186868131588,0.39614968661865513,0.5789819314263347,0.2222222222222222,0.3341738388519054,0.04179175066778015,0.29238208818412526,-2.305818796157837,4.604883559888663e+19,0.3466796874950601,0.00036239624033728953,-0.00015258789060570353,,,,,,,12.765493774414054,1.7451412200927738,0.23426833748817502,0.23426833748817502,0.5347994446754459,0.19237882792949645,0.06830214112997036,36880.28437500014,positive_boundary_margin
0.1049999942183496,0.003285039285993757,,0.19316685933899158,0.39321391779730513,0.5899216076868206,0.2222222222222222,0.3423673110405272,0.04309179981985348,0.29927551122067375,13.066306114196777,4.565857933977033e+19,0.3417968749958665,0.0007915496828335514,4.7683715875210826e-05,,,,,,,12.723099327087393,1.7468041658401492,0.23689569532871305,0.23689569532871305,0.5366251587867741,0.19102053940296143,0.06744491159915905,37507.43046875014,positive_boundary_margin
0.1059999942183496,0.003411730741148466,,0.217223363134425,0.3929657468377074,0.6008612839473061,0.2222222222222222,0.3570684392634659,0.043195456464980055,0.3138729827984858,-3.1847681999206543,4.562558959289054e+19,0.32470703125166694,0.0007629394530859306,0.00030517578119790745,,,,,,,12.680704879760732,1.7484671115875248,0.23952305316925107,0.23952305316925107,0.5384508728981022,0.1896622508764264,0.06658768206834774,38134.57656250014,positive_boundary_margin
0.1069999942183496,0.003785916970642427,,0.21021064624879254,0.3922697035570758,0.6113744100676923,0.2222222222222222,0.3560163515305883,0.043501608834566025,0.3125147426960223,-5.381160259246826,4.553306349038993e+19,0.3247070312516805,0.0002479553223706571,0.00011444091805408857,,,,,,,12.638310432434082,1.7501300573349008,0.24215041100978893,0.24215041100978893,0.5402765870094303,0.1883039623498924,0.06573045253753683,38761.72265625014,positive_boundary_margin
0.1079999942183496,4.619886809262661e-06,,0.17801651456599982,0.40110810996806917,0.6160973551653078,0.2222222222222222,0.3433096235663442,0.040407820311429796,0.3029018032549144,3.4044077396392822,4.670796643145928e+19,0.3515624999983127,0.0003242492677165355,0.00013351440420460134,,,,,,,12.641781616210938,1.7545489072799691,0.24397913217544595,0.24397913217544595,0.5415880084037784,0.19171825051307753,0.06668643057346366,39388.82968750014,positive_boundary_margin
0.1089999942183496,3.6652623961208325e-06,,0.18885346235451544,0.4023800977980512,0.6208203002629233,0.2222222222222222,0.3502268306925014,0.04040703925509177,0.3098197914374096,1.2080156803131104,4.687705372762518e+19,0.3442382812525411,0.000820159911894308,-7.62939452992651e-05,,,,,,,12.645252799987794,1.7589677572250375,0.245807853341103,0.245807853341103,0.5428994297981266,0.19513253867626265,0.06764240860939047,40015.93671875014,positive_boundary_margin
0.1099999942183496,3.919959117480196e-06,,0.19590869337801128,0.40451213150121584,0.625543245360539,0.2222222222222222,0.35546819090444437,0.04040724764331834,0.31506094326112605,1.7940198183059692,4.716046824284724e+19,0.341796875,0.0007629394541122169,0.00028610229462837806,,,,,,,12.648723983764649,1.7633866071701059,0.24763657450676005,0.24763657450676005,0.5442108511924747,0.19854682683944777,0.06859838664531728,40643.04375000014,positive_boundary_margin
0.1109999942183496,1.7560136734617525e-06,,0.19421225042834034,0.4065201293521566,0.6302661904581546,0.2222222222222222,0.35630270516674795,0.04040547714250051,0.31589722802424747,-3.1847681999206543,4.742739448169916e+19,0.3393554687491394,0.0005722045897563468,4.768371580350419e-05,,,,,,,12.652195167541505,1.7678054571151742,0.2494652956724171,0.2494652956724171,0.5455222725868228,0.2019611150026329,0.06955436468124411,41270.15078125014,positive_boundary_margin
0.11199999421834961,2.328652614601953e-06,,0.1974742499060719,0.4100636374558491,0.6349891355557693,0.2222222222222222,0.3600003182059406,0.04040594566527053,0.31959437254067,-1.8672451972961426,4.789843845717793e+19,0.339355468749136,0.0010299682615432554,-1.9073486307875617e-05,,,,,,,12.655666351318366,1.7722243070602437,0.2512940168380741,0.2512940168380741,0.546833693981171,0.20537540316581826,0.07051034271717102,41897.257812500175,positive_boundary_margin
0.11299999421834961,4.619886809262661e-06,,0.16217396943724185,0.41501584081587445,0.6372911368140413,0.2222222222222222,0.3441637291260998,0.040407820311429796,0.30375590881467,3.4044077396392822,4.855674245700649e+19,0.36621093749913264,0.002098083495348361,-0.0009536743158641489,,,,,,,12.68665618896485,1.7811761617660542,0.2531519949436192,0.2531519949436192,0.5483369231224063,0.20990655422210797,0.07185487151145965,42687.73984375018,positive_boundary_margin
0.11399999421834961,3.919959117480196e-06,,0.18992082201596608,0.42013115347210256,0.639593138072313,0.2222222222222222,0.3598914838940869,0.04040724764331834,0.3194842362507686,1.7940198183059692,4.923672882613479e+19,0.34423828125174827,0.0005912780761855335,0.0001716613769599542,,,,,,,12.717646026611336,1.790128016471865,0.25500997304916423,0.25500997304916423,0.5498401522636417,0.21443770527839767,0.0731994003057483,43478.221875000185,positive_boundary_margin
0.11499999421834961,1.7560136734617525e-06,,0.18781760759395924,0.4225200264179492,0.6418951393305851,0.2222222222222222,0.3600125952341132,0.04040547714250051,0.3196071180916127,-3.1847681999206543,4.955428537642254e+19,0.3442382812482382,0.00041007995611318574,0.00013351440431752143,,,,,,,12.74863586425782,1.7990798711776754,0.2568679511547093,0.2568679511547093,0.551343381404877,0.21896885633468735,0.07454392910003695,44268.703906250186,positive_boundary_margin
0.11599999421834961,5.574511118779914e-06,,0.16073490181775066,0.4265749301385598,0.644197140588857,0.2222222222222222,0.34806046859072953,0.040408601367683046,0.3076518672230465,5.600799560546875,5.009330995682345e+19,0.3662109374946942,0.0005722045898506586,1.907348640411974e-05,,,,,,,12.779625701904305,1.8080317258834862,0.25872592926025434,0.25872592926025434,0.5528466105461124,0.22350000739097706,0.07588845789432558,45059.185937500195,positive_boundary_margin
0.11699999421834961,2.7106380088851483e-06,,0.17031563276412381,0.42916595273953806,0.6464991418471293,0.2222222222222222,0.35407409002872875,0.04040625819877494,0.31366783182995384,-0.9883763194084167,5.043773857129405e+19,0.35888671875177536,0.0005531311036265864,7.629394532290262e-05,,,,,,,12.810615539550785,1.8169835805892958,0.2605839073657993,0.2605839073657993,0.5543498396873477,0.22803115844726612,0.07723298668861402,45849.66796875015,positive_boundary_margin
0.11799999421834961,1.7560136734617525e-06,,0.16668979536540587,0.4225855017317799,0.6493395632501306,0.2222222222222222,0.35132616392818056,0.04040547714250051,0.3109206867856801,-3.1847681999206543,4.956298911046802e+19,0.3637695312526834,0.000686645507833464,0.0001716613769216789,,,,,,,12.82776374816895,1.821966910362245,0.2620092332363132,0.2620092332363132,0.5555197119712832,0.23000355660915425,0.07774478346109404,46458.63281250015,positive_boundary_margin
0.11899999421834961,3.6652623961208325e-06,,0.167031586123019,0.42531558079765475,0.6521799846531321,0.2222222222222222,0.3528896844242062,0.04040703925509177,0.31248264516911445,1.2080156803131104,4.992590271442479e+19,0.3637695312518025,0.00072479248046875,0.00017166137700241172,,,,,,,12.844911956787113,1.826950240135194,0.2634345591068271,0.2634345591068271,0.5566895842552188,0.23197595477104235,0.07825658023357404,47067.59765625015,positive_boundary_margin
0.11999999421834961,4.365111385037729e-06,,0.15060798019156377,0.4210029776230638,0.6550204060561337,0.2222222222222222,0.3443098360155813,0.04040761185880998,0.3039022241567713,2.8182225227355957,4.935262174974889e+19,0.3759765625009046,0.0007057189941688947,7.629394534430344e-05,,,,,,,12.862060165405278,1.8319335699081434,0.26485988497734103,0.26485988497734103,0.5578594565391544,0.23394835293293048,0.07876837700605405,47676.56250000015,positive_boundary_margin
0.12099999421834962,0.0,,0.16781763095276686,0.4148224256139269,0.6578608274591351,0.2222222222222222,0.35207962874464893,0.0404040404040404,0.31167558834060854,-19.724130630493164,4.8531031477102576e+19,0.36132812500272404,0.0006103515624929061,7.629394529121829e-05,,,,,,,12.879208374023442,1.8369168996810925,0.26628521084785495,0.26628521084785495,0.5590293288230899,0.2359207510948186,0.07928017377853407,48285.52734375015,positive_boundary_margin
0.12199999421834962,0.0029946765353882484,,0.14768071161066348,0.42133356344206135,0.6607012488621368,0.2222222222222222,0.34434905888138123,0.04285423029663079,0.30149482858475046,6882.90234375,4.939656703048784e+19,0.38085937499542605,0.0010108947752191007,0.00010490417484399513,,,,,,,12.896356582641609,1.8419002294540425,0.26771053671836903,0.26771053671836903,0.5601992011070255,0.2378931492567071,0.07979197055101421,48894.49218750018,positive_boundary_margin
0.12299999421834962,0.0,,0.13780968492272874,0.43342260909468094,0.6638098459239815,0.2222222222222222,0.34321295621603,0.0404040404040404,0.3028089158119896,-4359.2353515625,5.100358243931967e+19,0.3857421874990784,0.0007820129393955268,-3.814697267064956e-05,,,,,,,12.922983932495123,1.8498792886734028,0.26971104741096547,0.26971104741096547,0.5616526246070865,0.24138532280922023,0.08087041079998043,49632.635937500185,positive_boundary_margin
0.12399999421834962,0.0005533539429739443,,0.1494801446052445,0.43791714695889034,0.6669184429858264,0.2222222222222222,0.3509489697888014,0.040856784539200906,0.3100921852496005,1265.92724609375,5.160104826176012e+19,0.37841796875,0.0007820129394458988,0.00017166137701816125,,,,,,,12.94961128234864,1.8578583478927633,0.2717115581035619,0.2717115581035619,0.5631060481071476,0.24487749636173337,0.08194885104894666,50370.77968750019,positive_boundary_margin
0.12499999421834962,0.003000363690877135,,0.1362741029873638,0.43366508942568904,0.6700270400476713,0.2222222222222222,0.344060083862022,0.04285888342384897,0.30120120043817306,6895.9873046875,5.103581572219955e+19,0.38818359375,0.000705718994140625,0.00013351440435489676,,,,,,,12.976238632202156,1.8658374071121235,0.27371206879615834,0.27371206879615834,0.5645594716072087,0.24836966991424647,0.08302729129791286,51108.92343750018,positive_boundary_margin
0.12599999421834962,0.0005536506839681354,,0.133126024201023,0.4359353855525518,0.6731356371095158,0.2222222222222222,0.3438307677660284,0.04085702732728706,0.3029737404387413,1266.6099853515625,5.1337609673791504e+19,0.3881835937481298,0.0005149841310054882,1.907348643040423e-05,,,,,,,13.00286598205567,1.873816466331484,0.27571257948875477,0.27571257948875477,0.5660128951072696,0.2518618434667596,0.08410573154687909,51847.067187500186,positive_boundary_margin
0.12699999421834962,0.0,,0.15976631832827254,0.4432605479494028,0.6762442341713608,0.2222222222222222,0.3597593546943272,0.0404040404040404,0.3193553142902868,-4363.939453125,5.2311354763535974e+19,0.3808593750018838,0.0022125244135768325,0.00020980834934446546,,,,,,,13.029493331909192,1.8817955255508447,0.2777130901813513,0.2777130901813513,0.5674663186073308,0.25535401701927385,0.08518417179584573,52585.21093750017,positive_boundary_margin
0.12799999421834962,0.0047784845174417825,,0.13582737244501744,0.4443995669636771,0.6801464402030847,0.2222222222222222,0.3490501880141992,0.044313709554674584,0.3047364784595246,9715.8876953125,5.246276631077375e+19,0.38818359375,0.0007629394530289941,5.7220459013915274e-05,,,,,,,13.08102779388429,1.8912032365798974,0.2802682161331183,0.2802682161331183,0.5693788409233098,0.2634518623352071,0.08798811286687923,53247.48359375017,positive_boundary_margin
0.12899999421834962,0.004157585315473835,,0.14433176283646734,0.4455215802622824,0.6840486462348083,0.2222222222222222,0.35455843804250636,0.04380570111670081,0.3107527369258056,6895.9873046875,5.261191726210482e+19,0.38085937500284606,0.0006103515625148231,0.00012397766112910672,,,,,,,13.132562255859389,1.90061094760895,0.2828233420848853,0.2828233420848853,0.5712913632392889,0.2715497076511404,0.09079205393791272,53909.75625000017,positive_boundary_margin
0.12999999421834962,0.00391626687810645,,0.14204063740292275,0.4506407638693535,0.6879508522665319,0.2222222222222222,0.3556682227354327,0.04360825875885477,0.3120599639765779,-7179.38427734375,5.329241820267492e+19,0.38330078125095546,0.0006103515625223934,0.00018119812013958094,,,,,,,13.184096717834487,1.910018658638003,0.2853784680366523,0.2853784680366523,0.5732038855552678,0.27964755296707366,0.0935959950089462,54572.028906250176,positive_boundary_margin
0.13099999421834962,0.003714658901422431,,0.14614565640575938,0.4469687203466452,0.6906957734921846,0.2222222222222222,0.35748895166258715,0.04344330677793148,0.3140456448846557,4082.395263671875,5.280428781650051e+19,0.38085937499903777,0.000705718994140625,0.00020027160650545184,,,,,,,13.235631179809584,1.9194263696670557,0.2879335939884193,0.2879335939884193,0.5751164078712468,0.28774539828300694,0.09639993607997971,55234.30156250018,positive_boundary_margin
0.13199999421834963,0.007525846619641259,,0.15941712687957202,0.4517711146005436,0.6873858855748037,0.2222222222222222,0.36449781348362287,0.04656155127465598,0.31793626220896687,6895.9873046875,5.344267746172679e+19,0.37353515624806877,0.0011253356931330584,0.00023841857898463224,,,,,,,13.287165641784666,1.9288340806961142,0.2904887199401864,0.2904887199401884,0.577028930187225,0.29584324359894276,0.09920387715101442,55896.57421875007,positive_boundary_margin
0.13299999421834963,0.003475969418049688,,0.18655280059657736,0.4498238278162422,0.6913807084263695,0.2222222222222222,0.3785775343589416,0.043248015382444695,0.3353295189764969,-1547.66162109375,5.318382163822274e+19,0.349121093747093,0.0014495849606271155,-0.00022888183583908537,,,,,,,13.279616546630857,1.9587842941284264,0.29344789981842123,0.3007380306720762,0.5759875416755673,0.31309383511543754,0.10640597343445024,56170.357031250074,positive_boundary_margin
0.13399999421834963,0.0013889430523238027,,0.22858253339972615,0.4459515204862489,0.6949534838720066,0.2222222222222222,0.39951751778942696,0.04154044835594169,0.3579770694334853,-4361.59228515625,5.266906987651662e+19,0.3149414062470727,0.0006866455078658631,0.00030517578128430486,,,,,,,13.27206745147705,1.9887345075607383,0.2964070796966561,0.310987341403964,0.5749461531639096,0.3303444266319323,0.11360806971788606,56444.139843750076,positive_boundary_margin
0.13499999421834963,0.008490510265094273,,0.2536934091983062,0.4512953515824106,0.6958005417077157,0.2222222222222222,0.41362067792168467,0.04735082153002662,0.36626985639165804,9705.4423828125,5.3379433552897114e+19,0.29541015625098255,0.0008010864257582213,0.000305175781184752,,,,,,,13.26451835632324,2.0186847209930505,0.29936625957489094,0.32123665213585184,0.5739047646522519,0.347595018148427,0.12081016600132188,56717.92265625008,positive_boundary_margin
0.13599999421834963,0.008585826018167129,,0.21078876124509102,0.45374232187595137,0.6958156341669618,0.2222222222222222,0.39278386963327383,0.04742880714617714,0.3453550624870967,6890.40478515625,5.370471307285837e+19,0.32714843749802813,0.0006484985351870609,0.00011444091804577706,,,,,,,13.25696926116943,2.0486349344253623,0.30232543945312584,0.3314859628677397,0.5728633761405942,0.3648456096649218,0.1280122622847577,56991.70546875008,positive_boundary_margin
0.13699999421834963,0.009766345806936125,,0.20829023269965197,0.4614951085432731,0.6958307266261934,0.2222222222222222,0.3934765751421926,0.04839468697335177,0.34508188816884083,-7169.70166015625,5.4735302913758855e+19,0.3320312499990107,0.0009346008300162915,0.00019073486325806247,,,,,,,13.249420166015735,2.078585147857685,0.305284619331363,0.34173527359962325,0.5718219876289344,0.3820962011813993,0.13521435856818784,57265.488281249556,positive_boundary_margin
0.13799999421834963,0.012420684002068534,,0.21113055199701505,0.4664200167370982,0.6427203845330757,0.2222222222222222,0.382850376316051,0.05056641822391466,0.33228395809213634,-1545.9857177734375,5.538997852521575e+19,0.3271484375,0.0006866455078669748,0.0001144409179220573,,,,,,,13.644615173339954,2.1472464084625433,0.3166729867458375,0.33669069409370284,0.5632911324501014,0.33723427355288216,0.12188484966754544,55659.092187499555,positive_boundary_margin
0.13899999421834963,0.01779107232475937,,0.22122944874789888,0.4685602886176979,0.5829988487148141,0.2222222222222222,0.3735045087070774,0.05496037230611625,0.31854413640096113,9694.8994140625,5.567448815401907e+19,0.32226562500100286,0.0006866455078438402,0.0004386901855312049,,,,,,,14.039810180664173,2.215907669067402,0.328061354160312,0.3316461145877824,0.5547602772712684,0.292372345924365,0.10855534076690304,54052.69609374955,positive_boundary_margin
0.13999999421834963,0.013686606520667305,,0.1970460652934234,0.4654779861101649,0.5352138420773646,0.2222222222222222,0.34869598969359406,0.051602173011859105,0.29709381668173496,4073.55419921875,5.526475294690509e+19,0.33691406249899375,5.72204594010358e-05,0.00040054321284738664,,,,,,,14.435005187988391,2.28456892967226,0.3394497215747865,0.326601535081862,0.5462294220924354,0.24751041829584786,0.09522583186626064,52446.29999999955,positive_boundary_margin
0.14099999421834963,0.03309935804583316,,0.1978245235274561,0.46983723920517084,0.487428835439915,0.2222222222222222,0.3382287804249995,0.06748533335063117,0.2707434470743683,43332.609375,5.584423515716164e+19,0.34179687499697103,0.000896453857406099,0.000343322753910194,,,,,,,14.83020019531261,2.3532301902771184,0.35083808898926094,0.3215569555759416,0.5376985669136024,0.2026484906673307,0.08189632296561825,50839.90390624956,positive_boundary_margin
0.14199999421834963,0.10949558471672668,,0.19542845830055883,0.4743991051460075,0.4396438288024931,0.2222222222222222,0.3262249626374046,0.12999133699045315,0.19623362564695143,213447.53125,5.645065100425219e+19,0.34423828125101646,0.0009918212890625,0.0003242492675543022,,,,,,,15.225395202636502,2.4218914508819385,0.3622264564037316,0.31651237607002486,0.5291677117347741,0.15778656303884117,0.06856681406498356,49233.50781250091,boundary_ambiguous_margin
0.14299999421834964,0.17739937804026196,,0.19868395333280164,0.48415677966957565,0.4915152161248118,0.2222222222222222,0.34325997561499766,0.18554898607334563,0.15771098954165202,357580.125,5.774775366763256e+19,0.3466796875071625,0.0011825561528313762,0.0006866455073528523,,,,,,,14.44515419006326,2.351435852050762,0.35972264409065174,0.32467201352119673,0.5376278877258325,0.21247635483743277,0.08300185203552647,52516.17031250091,boundary_ambiguous_margin
0.14399999421834964,0.21534241222109576,,0.1873863124779181,0.48167328348090144,0.5433866034471302,0.2222222222222222,0.3499581279709669,0.21659328676675513,0.1333648412042118,447958.78125,5.741761870432305e+19,0.3491210937530798,0.0009536743163661483,0.0001907348633534331,,,,,,,13.664913177490018,2.280980253219585,0.3572188317775719,0.3328316509723686,0.5460880637168908,0.2671661466360244,0.09743689000606938,55798.832812500914,boundary_ambiguous_margin
0.14499999421834964,0.28231176525660445,,0.18857552025598912,0.4895758130842503,0.5952579907694486,0.2222222222222222,0.3654962110914193,0.2713863937958077,0.09410981729561158,592241.875,5.84681141037328e+19,0.35400390625205996,0.0018119811999487594,0.0001525878911802301,,,,,,,12.884672164916775,2.2105246543884083,0.3547150194644921,0.3409912884235405,0.5545482397079491,0.321855938434616,0.11187192797661229,59081.49531250091,boundary_ambiguous_margin
0.14599999421834964,0.357287645177309,,0.16856911779039618,0.4939858186458637,0.6720958850909455,0.2222222222222222,0.3758049848294004,0.3327302955491114,0.043074689280289014,759277.1875,5.905434291733738e+19,0.3662109375010368,0.001125335693326976,0.00024795532227372475,,,,,,,12.104431152343533,2.1400690555572313,0.35221120715141224,0.34915092587471236,0.5630084156990075,0.3765457302332076,0.12630696594715518,62364.15781250091,boundary_ambiguous_margin
0.14699999421834964,0.43586679199031453,,0.16802593032924534,0.49344027925740785,0.755515890980295,0.2222222222222222,0.3962520077240484,0.3970223247597523,-0.0007703170357039046,940747.9375,5.898182352841579e+19,0.3686523437468694,0.0011062622069089596,0.00045776367182608383,,,,,,,11.324190139770455,2.069613456726072,0.34970739483833074,0.35731056332588196,0.5714685916900636,0.4312355220317855,0.14074200391769415,65646.82031250022,boundary_ambiguous_margin
0.14799999421834964,0.5383205964077272,,0.1627905992734026,0.502765035902515,0.7761669164510103,0.2222222222222222,0.40112828772508263,0.4808481647376354,-0.07971987701255279,1164909.75,6.022137775319836e+19,0.37109375000104694,0.0009918212890870374,0.00036239624024255417,,,,,,,11.135285758972115,2.0612832546234108,0.3411796152591682,0.357332319021225,0.5718870639801027,0.43641847968101644,0.14092345833778386,66441.41562500023,boundary_ambiguous_margin
0.14899999421834964,0.649705753155656,,0.1680163939958021,0.5079322590020985,0.7968179419217256,0.2222222222222222,0.4101957472288571,0.5719814748041225,-0.16178572757526544,1414776.25,6.0908264657302585e+19,0.37109375,0.0017356872556050004,0.00024795532223280246,,,,,,,10.946381378173776,2.0529530525207496,0.33265183568000556,0.357354074716568,0.5723055362701417,0.4416014373302474,0.1411049127578736,67236.01093750022,boundary_ambiguous_margin
0.14999999421834964,0.6937821569583973,,0.16381597154135003,0.5141212807840199,0.8167603050138041,0.2222222222222222,0.414628382220131,0.6080439870063654,-0.19341560478623443,1508512.25,6.173098082985574e+19,0.3710937499989429,0.0011062622069651813,0.00036239624016830643,,,,,,,10.757476997375436,2.0446228504180883,0.324124056100843,0.357375830411911,0.5727240085601808,0.44678439497947836,0.1412863671779633,68030.60625000022,boundary_ambiguous_margin
0.15099999421834964,0.6787520758203224,,0.17021264271189784,0.5199812055741911,0.8269878286966558,0.2222222222222222,0.42184857992366065,0.5957466478933949,-0.17389806796973428,1466664.625,6.250994963376295e+19,0.36376953125106387,0.0009727478028258016,0.0002479553223487401,,,,,,,10.568572616577097,2.0362926483154276,0.3155962765216804,0.35739758610725403,0.5731424808502198,0.45196735262870935,0.14146782159805302,68825.20156250022,boundary_ambiguous_margin
0.15199999421834964,0.6452692428854938,,0.14442366505878163,0.5307692478080315,0.8278959684718579,0.2222222222222222,0.4118781365993631,0.5683516027648989,-0.1564734661655358,1376250.0,6.394402065963863e+19,0.3857421875,0.0007438659669719726,0.0005149841307968402,,,,,,,10.379668235778773,2.0279624462127672,0.30706849694252064,0.35741934180259727,0.5735609531402589,0.45715031027794367,0.14164927601814378,69619.79687500028,boundary_ambiguous_margin
0.15299999421834964,0.5645238672175499,,0.14934717995734945,0.5261487882437517,0.8376603989626602,0.2222222222222222,0.4156258867802777,0.5022872044911265,-0.08666131771084884,1196201.25,6.3329815872176914e+19,0.3833007812478587,0.0010108947756582874,0.00047683715816130277,,,,,,,10.250344848632777,2.023411083221434,0.30890342593193104,0.35825876593589806,0.5739021301269532,0.47454127073288455,0.14551589488983263,70638.7531250003,boundary_ambiguous_margin
0.15399999421834965,0.5512391915210336,,0.14824984570514424,0.5342372227427117,0.8474248294534623,0.2222222222222222,0.4195404359016156,0.4914179243757951,-0.07187748847417952,1155606.0,6.440502389493255e+19,0.3833007812510774,0.0010490417489391183,0.00036239624039009674,,,,,,,10.121021461486778,2.0188597202301013,0.3107383549213415,0.35909819006919885,0.5742433071136476,0.4919322311878255,0.1493825137615215,71657.7093750003,boundary_ambiguous_margin
0.15499999421834965,0.538702635071455,,0.15625300732056624,0.5331668882921122,0.8570483648783196,0.2222222222222222,0.4256803169528911,0.48116074182613994,-0.055480424873248835,1128089.25,6.426274269225183e+19,0.3784179687521684,0.0012969970702955593,0.0003433227538215467,,,,,,,9.991698074340782,2.014308357238768,0.3125732839107519,0.35993761420249964,0.5745844841003419,0.5093231916427663,0.15324913263321036,72676.6656250003,boundary_ambiguous_margin
0.15599999421834965,0.5135940354706279,,0.13575488373304306,0.5405041267321912,0.866160880926093,0.2222222222222222,0.4195436937810926,0.4606173421527359,-0.041073648371643345,1061221.125,6.523809306897285e+19,0.39062499999456207,0.0011444091797809647,1.907348653629658e-05,,,,,,,9.862374687194785,2.0097569942474354,0.3144082129001623,0.36077703833580044,0.5749256610870362,0.5267141520977072,0.15711575150489923,73695.6218750003,boundary_ambiguous_margin
0.15699999421834965,0.5154286093359419,,0.15806442442210808,0.5463932325364091,0.8731879046269759,0.2222222222222222,0.4339274965019003,0.4621183571334474,-0.028190860631547077,1058139.375,6.602094094990285e+19,0.375976562502182,0.0012969970703380698,0.00024795532235938095,,,,,,,9.733051300048821,2.0052056312561026,0.3162431418895719,0.3616164624691013,0.5752668380737305,0.5441051125526452,0.16098237037658739,74714.57812500013,boundary_ambiguous_margin
0.15799999421834965,0.5150011589662249,,0.14218948561880448,0.5513898691185036,0.8767496453204803,0.2222222222222222,0.42812962141914823,0.4617686250127699,-0.03363900359362165,1050959.875,6.668515152619582e+19,0.3881835937478045,0.001258850096880103,0.00020980834993527094,,,,,,,9.70894298553466,2.0022410154342642,0.3154548227787015,0.362789618968964,0.5751696944236755,0.5516014099121117,0.1625547409057622,75133.85625000013,boundary_ambiguous_margin
0.15899999421834965,0.5122605138100383,,0.14739484207206954,0.5562008324003364,0.8800985136055608,0.2222222222222222,0.43277225753750903,0.45952627897588993,-0.026754021438380904,1038688.4375,6.732468026546848e+19,0.3857421875,0.0011825561522402002,0.00043869018547784184,,,,,,,9.6848346710205,1.9992763996124259,0.31466650366783117,0.36396277546882666,0.5750725507736206,0.5590977072715783,0.164127111434937,75553.13437500013,boundary_ambiguous_margin
0.15999999421834965,0.521295216417302,,0.14253675604327393,0.5565933865178709,0.882511071921409,0.2222222222222222,0.43104449263145694,0.46691830838183296,-0.035873815750376015,1058988.625,6.737686308732273e+19,0.3906249999955683,0.0012588500976908725,0.0004768371581598469,,,,,,,9.66072635650634,1.9963117837905875,0.3138781845569608,0.3651359319686893,0.5749754071235657,0.5665940046310448,0.1656994819641118,75972.41250000012,boundary_ambiguous_margin
0.16099999421834965,0.5234254320973851,,0.15245327135060607,0.5625965695742811,0.8849236302372571,0.2222222222222222,0.43810668562818755,0.4686612121200827,-0.030554526491895162,1056445.625,6.817487543262301e+19,0.38330078125,0.0015449523924044833,0.0003433227539236142,,,,,,,9.63661804199218,1.9933471679687491,0.31308986544609047,0.366309088468552,0.5748782634735107,0.5740903019905114,0.1672718524932866,76391.69062500013,boundary_ambiguous_margin
0.16199999421834965,0.5323674791505105,,0.1624807328421921,0.5583893753687981,0.8873361885531056,0.2222222222222222,0.44267175740157194,0.4759774324362762,-0.033305675034704274,1082236.5,6.76156066441315e+19,0.37597656250335426,0.0014686584472306849,0.0004768371580895696,,,,,,,9.612509727478013,1.9903825521469098,0.31230154633522017,0.3674822449684143,0.5747811198234559,0.5815865993499797,0.1688442230224619,76810.9687500001,boundary_ambiguous_margin
0.16299999421834965,0.5257415523495501,,0.16745224152060542,0.566560787173007,0.8907697321489852,0.2222222222222222,0.4480587505908008,0.4705562195991268,-0.022497469008326,1056858.75,6.870184496753698e+19,0.37353515625674916,0.0011253356934736185,0.000877380370838899,,,,,,,9.565944671630845,1.9842387437820417,0.3116887927055357,0.36751145124435425,0.5750815868377687,0.5949754714965861,0.17200038135051823,77167.24843750011,boundary_ambiguous_margin
0.16399999421834965,0.5480919084626759,,0.16380785820526098,0.5652824139283865,0.892463875169687,0.2222222222222222,0.44634050137714887,0.48884287460077513,-0.042502373223626266,1109867.5,6.853190884839444e+19,0.38085937500112826,0.0022888183590576805,0.0004768371580797229,,,,,,,9.519379615783677,1.9780949354171735,0.31107603907585124,0.3675406575202942,0.5753820538520814,0.6083643436431926,0.17515653967857459,77523.52812500011,boundary_ambiguous_margin
0.16499999421834965,0.5645929385427637,,0.15085120709142805,0.5723432267762193,0.8939248318350004,0.2222222222222222,0.4419926181985189,0.5023437173935742,-0.06035109919505527,1139077.25,6.9470513546515186e+19,0.38818359375,0.0015830993653051023,0.0006675720215108977,,,,,,,9.47281455993651,1.9719511270523054,0.3104632854461668,0.36756986379623413,0.5756825208663942,0.621753215789799,0.1783126980066309,77879.8078125001,boundary_ambiguous_margin
0.16599999421834966,0.5718116515998684,,0.13983145842202885,0.5794865537386017,0.8953857885003135,0.2222222222222222,0.43863381477074326,0.5082499371675689,-0.06961612239682569,1146828.0,7.042008697263463e+19,0.3881835937488616,0.00021934509292907982,0.0007629394532584077,,,,,,,9.426249504089341,1.9658073186874372,0.30985053181648237,0.3675990700721741,0.5759829878807069,0.6351420879364055,0.18146885633468723,78236.08750000011,boundary_ambiguous_margin
0.16699999421834966,0.5862117956182541,,0.14869251958059512,0.5847998804187189,0.8968467451656277,0.2222222222222222,0.4447579161863842,0.5200318731826118,-0.07527395699622758,1173371.0,7.112639565013189e+19,0.3881835937454192,0.0015830993651628007,0.00049591064478176,,,,,,,9.379684448242164,1.9596635103225697,0.30923777818679826,0.36762827634811424,0.5762834548950194,0.6485309600830126,0.1846250146627437,78592.36718750013,boundary_ambiguous_margin
0.16799999421834966,0.6050067970557953,,0.1615148117340589,0.5901936699402895,0.8999666488147098,0.2222222222222222,0.4532974855557793,0.5354096016315092,-0.08211211607572988,1209925.875,7.184340037674415e+19,0.37841796875229716,0.0012016296388603135,0.0008296966551881916,,,,,,,9.303696823120093,1.9558875560760487,0.30984174609184284,0.36832855939865133,0.5759745717048644,0.6642614483833362,0.18817882537841907,79039.93281250013,boundary_ambiguous_margin
0.16899999421834966,0.6363049387554267,,0.14650085426605136,0.5955875587170101,0.9029858839913713,0.2222222222222222,0.447893787810121,0.5610171721130258,-0.1131233843029048,1275247.75,7.2560418297495945e+19,0.38818359374539213,0.0015258789062769992,0.00036239624038737035,,,,,,,9.227709197998022,1.9521116018295277,0.3104457139968874,0.36902884244918843,0.5756656885147093,0.6799919366836598,0.19173263609409444,79487.49843750014,boundary_ambiguous_margin
0.16999999421834966,0.6295307483564024,,0.16680005761358646,0.5935798586315187,0.9060051191680326,0.2222222222222222,0.4582962732566811,0.5554746526956423,-0.09717837943896124,1262151.375,7.229353164106262e+19,0.380859375,0.0017929077149252239,0.0010681152341486834,,,,,,,9.151721572875951,1.9483356475830067,0.31104968190193194,0.3697291254997256,0.5753568053245544,0.6957224249839833,0.1952864468097698,79935.06406250014,boundary_ambiguous_margin
0.17099999421834966,0.6365971891448792,,0.15618547153381981,0.5934380561074771,0.908796765135836,0.2222222222222222,0.4536514410777382,0.5612562860680325,-0.10760484499029427,1278585.625,7.227468161371603e+19,0.3857421874988345,0.001869201660110722,0.0006484985352336476,,,,,,,9.075733947753882,1.9445596933364855,0.3116536498069765,0.3704294085502627,0.5750479221343993,0.7114529132843069,0.1988402575254452,80382.62968750014,boundary_ambiguous_margin
0.17199999421834966,0.6682235335819053,,0.16096205925454932,0.603256805633234,0.9112257922365614,0.2222222222222222,0.45910167909472355,0.5871323860619628,-0.12803070696723928,1339175.625,7.35799030709559e+19,0.3833007812464933,0.002574920653803743,0.0002861022953054221,,,,,,,8.999746322631808,1.9407837390899643,0.3122576177120217,0.37112969160079967,0.5747390389442444,0.7271834015846304,0.20239406824112055,80830.1953125,boundary_ambiguous_margin
0.17299999421834966,0.64777651137309,,0.15478675371225298,0.599183473539807,0.9161889254066644,0.2222222222222222,0.45623647659274436,0.5704030042547503,-0.11416652766200597,1297182.375,7.3038428778648306e+19,0.39306640624765543,0.0022125244139709144,0.0010108947753265153,,,,,,,8.91557025909421,1.9363137960433945,0.3146805763244637,0.3714624345302583,0.5746527075767517,0.7426289081573538,0.20590955615043757,80833.378125,boundary_ambiguous_margin
0.17399999421834966,0.6581324286270683,,0.1786952556606984,0.6050012810614049,0.918205619299758,0.2222222222222222,0.47014935292064,0.5788760274625507,-0.10872667454191076,1313794.875,7.381179886934688e+19,0.38818359374882094,0.0021743774413878272,0.0024604797363833937,,,,,,,8.831394195556612,1.9318438529968247,0.31710353493690574,0.3717951774597169,0.574566376209259,0.7580744147300772,0.2094250440597546,80836.5609375,boundary_ambiguous_margin
0.17499999421834966,0.6785053566949583,,0.17746300701782908,0.6064386279709856,0.9201485055983412,0.2222222222222222,0.4703782869012462,0.5955447867908243,-0.12516649988957812,1358886.375,7.400286760197528e+19,0.38818359375118583,0.0021171569823848174,0.0024032592773808076,,,,,,,8.747218132019015,1.927373909950255,0.31952649354934776,0.3721279203891755,0.5744800448417663,0.7735199213028006,0.21294053196907162,80839.74375,boundary_ambiguous_margin
0.17599999421834966,0.6804765125811412,,0.17911396133643256,0.6023556681280262,0.9219850970419847,0.2222222222222222,0.470642171960719,0.5971575506977013,-0.12651537873698226,1368484.625,7.346011347813296e+19,0.3930664062464323,0.0022506713866072593,0.0029182434081566704,,,,,,,8.663042068481417,1.922903966903685,0.3219494521617898,0.37246066331863414,0.5743937134742737,0.7889654278755239,0.2164560198783886,80842.9265625,boundary_ambiguous_margin
0.17699999421834967,0.6711664811614355,,0.19116061256536698,0.5963358432914964,0.9238216884856275,0.2222222222222222,0.47561968922696446,0.5895402522633967,-0.11392056303643222,1354529.0,7.2659888915437584e+19,0.3930664062511926,0.0028991699214557186,0.0034141540531070695,,,,,,,8.578866004943821,1.9184340238571156,0.32437241077423185,0.3727934062480927,0.5743073821067809,0.804410934448246,0.21997150778770527,80846.10937500003,boundary_ambiguous_margin
0.17799999421834967,0.6869702207937227,,0.191563832903298,0.5980705586299352,0.9215903603281419,0.2222222222222222,0.47569714619116826,0.6024705846898135,-0.12677343849864525,1388739.0,7.289048729010779e+19,0.4003906249976012,0.0023460388182469315,0.004558563232403135,,,,,,,8.498052406311007,1.9149832248687733,0.3270693838596353,0.3730051755905152,0.5740612387657165,0.8157848358154335,0.22236859500408251,80949.88750000004,boundary_ambiguous_margin
0.17899999421834967,0.7014162988349006,,0.20752416948433963,0.5987102911555693,0.9169416982327446,0.2222222222222222,0.48267508208924825,0.6142901030871408,-0.13161502099789257,1421183.125,7.29755279174465e+19,0.3955078125012062,0.00225067138671875,0.005416870117093267,,,,,,,8.417238807678196,1.911532425880431,0.32976635694503875,0.37321694493293767,0.573815095424652,0.827158737182621,0.22476568222045978,81053.66562500004,boundary_ambiguous_margin
0.17999999421834967,0.6909508140130741,,0.20361654790726708,0.6002196973039187,0.9122930361373474,0.2222222222222222,0.47993645731395007,0.6057274336874646,-0.12579097637351455,1395232.5,7.317617559537608e+19,0.40039062500725736,0.0012016296393711537,0.006332397460389417,,,,,,,8.336425209045384,1.9080816268920886,0.3324633300304422,0.3734287142753602,0.5735689520835876,0.8385326385498084,0.22716276943683705,81157.44375000003,boundary_ambiguous_margin
0.18099999421834967,0.7110150735792279,,0.21481024507735086,0.6078471247170188,0.90764437404195,0.2222222222222222,0.48627799722841764,0.6221436460597722,-0.1358656488313546,1431937.875,7.4190101238046e+19,0.3930664062475741,0.0025939941406060477,0.0055122375488755055,,,,,,,8.25561161041257,1.9046308279037465,0.3351603031158456,0.3736404836177827,0.5733228087425231,0.8499065399169959,0.2295598566532143,81261.22187500003,boundary_ambiguous_margin
0.18199999421834967,0.7239519047296405,,0.21905618485823763,0.6068562936414245,0.902983756663233,0.2222222222222222,0.48698810500528317,0.6327283260919281,-0.14574022108664492,1462931.5,7.405838854113146e+19,0.3906249999963408,0.002517700195236267,0.0056648254394721835,,,,,,,8.174798011779762,1.9011800289154048,0.3378572762012456,0.37385225296020536,0.5730766654014587,0.8612804412841855,0.23195694386959195,81365.00000000016,boundary_ambiguous_margin
0.18299999421834967,0.7060647963616974,,0.21949390580248593,0.6112043309045009,0.9102104501367563,0.2222222222222222,0.49010064816155724,0.618093419245429,-0.1279927710838718,1416385.25,7.463637981362074e+19,0.3906249999987735,0.002861022949477466,0.005455017089728766,,,,,,,8.105520343780494,1.8995733261108394,0.33021429777145134,0.3746240556240084,0.5731380224227905,0.8787744164466916,0.2355610817670834,81851.68750000016,boundary_ambiguous_margin
0.18399999421834967,0.7203059480599818,,0.20099153047292825,0.6033126862825822,0.9148305716720427,0.2222222222222222,0.48003157972512034,0.6297452706349346,-0.14971369090981423,1458937.125,7.358733137151315e+19,0.4077148437475402,0.0027465820313076514,0.005741119384948187,,,,,,,8.036242675781226,1.897966623306274,0.322571319341657,0.3753958582878115,0.5731993794441224,0.8962683916091977,0.23916521966457488,82338.37500000016,boundary_ambiguous_margin
0.18499999421834967,0.7219931838772459,,0.21731514953982417,0.6078787540247612,0.9127152554714153,0.2222222222222222,0.48880607714395624,0.6311257363036051,-0.1423196591596489,1457157.0,7.419430577051061e+19,0.4003906249987667,0.00305175781223022,0.006103515624720585,,,,,,,7.966965007781959,1.8963599205017085,0.31492834091186267,0.37616766095161464,0.5732607364654542,0.9137623667717039,0.24276935756206633,82825.06250000016,boundary_ambiguous_margin
0.18599999421834967,0.7210614532663293,,0.22170201010626173,0.6040683157381551,0.90154563003096,0.2222222222222222,0.48725449149540967,0.6303634112583097,-0.14310891976290008,1459738.375,7.3687778355780256e+19,0.39794921874875994,0.0028038024902731266,0.0063896179199121874,,,,,,,7.897687339782692,1.894753217697143,0.3072853624820684,0.37693946361541775,0.5733220934867859,0.9312563419342099,0.24637349545955778,83311.75000000016,boundary_ambiguous_margin
0.18699999421834967,0.7276245365404325,,0.22937981996867768,0.6075304346189959,0.8900883041561871,0.2222222222222222,0.4890945946781346,0.6357332066643941,-0.14663861198625955,1470545.5,7.414800313684171e+19,0.40039062499750633,0.0028991699219334454,0.007171630859228887,,,,,,,7.828409671783418,1.8931465148925761,0.2996423840522778,0.3777112662792209,0.5733834505081178,0.9487503170967194,0.24997763335704987,83798.43750000016,boundary_ambiguous_margin
0.18799999421834968,0.7335897846782569,,0.2305346269510538,0.6085902149386647,0.8940840904507799,0.2222222222222222,0.49093588982288805,0.640613864231705,-0.14967797440881692,1482956.125,7.42888813626854e+19,0.3979492187487498,0.003147125244189462,0.006847381591415949,,,,,,,7.74144802093503,1.8873724699020367,0.3031861305236828,0.3787842571735386,0.5738554716110231,0.976313114166269,0.2554986536502857,84299.88125000017,boundary_ambiguous_margin
0.18899999421834968,0.7507835004990641,,0.22730257338298296,0.6085000250925291,0.8980798767453727,0.2222222222222222,0.4902962621509669,0.6546814499032746,-0.1643851877523077,1522627.125,7.427689228789613e+19,0.39794921874498557,0.0036430358883780605,0.00623703002920873,,,,,,,7.654486370086641,1.8815984249114972,0.30672987699508786,0.3798572480678562,0.5743274927139284,1.0038759112358184,0.26101967394352144,84801.32500000017,boundary_ambiguous_margin
0.18999999421834968,0.7381352082420553,,0.25283268157789784,0.6090172767632864,0.9015238933156222,0.2222222222222222,0.5040516333086761,0.64433284714754,-0.14028121383886394,1492884.625,7.434565134705073e+19,0.3808593750100831,0.0036048889159171573,0.006618499755623053,,,,,,,7.567524719238253,1.8758243799209575,0.3102736234664929,0.3809302389621738,0.5747995138168337,1.031438708305368,0.2665406942367572,85302.76875000016,boundary_ambiguous_margin
0.19099999421834968,0.7437811614769934,,0.23763336817056258,0.611486281700087,0.9044180649263932,0.2222222222222222,0.4977927707419013,0.6489522634306713,-0.15115949268876994,1502813.125,7.467385996598837e+19,0.38818359375,0.0035858154295390046,0.006141662597586952,,,,,,,7.480563068389864,1.870050334930418,0.3138173699378979,0.38200322985649143,0.5752715349197389,1.0590015053749176,0.272061714529993,85804.21250000017,boundary_ambiguous_margin
0.19199999421834968,0.7622701089663578,,0.218617253255319,0.6098290515486071,0.9033487124648018,0.2222222222222222,0.4876030676310117,0.6640795841037876,-0.17647651647277596,1547407.375,7.445356181624717e+19,0.4101562499872945,0.0038719177246391537,0.006580352783203125,,,,,,,7.393601417541489,1.8642762899398795,0.3173611164093026,0.38307622075080905,0.5757435560226444,1.0865643024444651,0.2775827348232282,86305.65625000025,boundary_ambiguous_margin
0.19299999421834968,0.7407952151799361,,0.2309224043822591,0.6086145655354203,0.9004041078971777,0.2222222222222222,0.492715870549279,0.6465092164603516,-0.15379334591107263,1499504.125,7.429211832491757e+19,0.39306640624745215,0.0037765502928692237,0.005950927734375,,,,,,,7.347979259490952,1.8615009784698477,0.3198703050613412,0.3841159701347355,0.5766035318374637,1.107923412323005,0.28140920400619635,87061.50781250025,boundary_ambiguous_margin
0.19399999421834968,0.7452878514477717,,0.24512879660031262,0.6096466867533394,0.8974595033295539,0.2222222222222222,0.4993409458208796,0.650185009770399,-0.15084406394951932,1508560.875,7.442931978387797e+19,0.38818359374743855,0.003967285156280017,0.006465911865214364,,,,,,,7.302357101440414,1.858725666999816,0.32237949371337976,0.38515571951866184,0.577463507652283,1.1292825222015452,0.2852356731891645,87817.35937500025,boundary_ambiguous_margin
0.19499999421834968,0.7560075723178392,,0.2309344171806533,0.6101996702780317,0.8942889587435581,0.2222222222222222,0.4915893658457241,0.6589556904822724,-0.16736632463654832,1532539.0,7.450282873326456e+19,0.393066406247425,0.003242492676213766,0.0063323974609375,,,,,,,7.256734943389877,1.8559503555297843,0.3248886823654183,0.3861954689025882,0.5783234834671024,1.1506416320800852,0.2890621423721326,88573.21093750025,boundary_ambiguous_margin
0.19599999421834968,0.7594901165144272,,0.23265390335605507,0.616036468618295,0.8882773738256773,0.2222222222222222,0.4924054122890206,0.6618050448249353,-0.16939963253591467,1533313.75,7.52787233026605e+19,0.38574218750514994,0.0038719177246999015,0.005302429199238867,,,,,,,7.21111278533934,1.8531750440597525,0.3273978710174569,0.38723521828651464,0.5791834592819217,1.1720007419586254,0.29288861155510076,89329.06250000025,boundary_ambiguous_margin
0.19699999421834968,0.7632108336086523,,0.23253084457299278,0.6263118249182698,0.8822657889077975,0.2222222222222222,0.4934098257430132,0.6648492679020286,-0.1714394421590154,1529132.5,7.664464219980012e+19,0.4003906249948229,0.0044822692868970344,0.006294250488190247,,,,,,,7.165490627288806,1.8503997325897206,0.3299070596694953,0.38827496767044106,0.580043435096741,1.1933598518371664,0.2967150807380692,90084.91406250023,boundary_ambiguous_margin
0.19799999421834968,0.7657006417635172,,0.23509885863820573,0.6296278733036268,0.877598556485751,0.2222222222222222,0.49435603676644735,0.6668863836650998,-0.17253034689865243,1530749.0,7.708544960551505e+19,0.39306640625,0.00394821167009467,0.006160736084035197,,,,,,,7.127823638916003,1.846842312812804,0.3319088041782386,0.3894320547580723,0.5807634353637697,1.217867398262032,0.3013597905635849,90782.02968750024,boundary_ambiguous_margin
0.19899999421834969,0.7861182554017215,,0.25446614345301904,0.6323524271661617,0.8729313240637046,0.2222222222222222,0.5035540095339761,0.6835917039145398,-0.18003769438056372,1574347.125,7.744762873570447e+19,0.38330078125130784,0.0043106079102584235,0.006484985351725978,,,,,,,7.0901566505432,1.8432848930358874,0.3339105486869819,0.39058914184570354,0.5814834356307986,1.242374944686898,0.30600450038910065,91479.14531250023,boundary_ambiguous_margin
0.19999999421834969,0.7779822461271779,,0.24127406437134272,0.6397617579300593,0.8682640916416581,0.2222222222222222,0.4976434945786007,0.6769349690535496,-0.17929147447494886,1546440.0,7.843256245577318e+19,0.3979492187421124,0.004024505615470591,0.007076263427775456,,,,,,,7.052489662170397,1.839727473258971,0.33591229319572513,0.3917462289333347,0.5822034358978274,1.2668824911117635,0.3106492102146164,92176.26093750024,boundary_ambiguous_margin
0.2009999942183497,0.7924894891690726,,0.24859311775357065,0.6447456898529769,0.8635968592196118,0.2222222222222222,0.5013821961449325,0.6888045315423724,-0.1874223353974399,1573637.875,7.909508418220589e+19,0.39550781249079786,0.004425048828237973,0.007133483886646858,,,,,,,7.014822673797595,1.8361700534820544,0.33791403770446843,0.39290331602096595,0.5829234361648562,1.2913900375366292,0.3152939200401322,92873.37656250023,boundary_ambiguous_margin
0.2019999942183497,0.8077901242754206,,0.2530309179050368,0.6473979859664435,0.8589296267975663,0.2222222222222222,0.5030973621435209,0.7013232329930208,-0.19822587084949994,1605552.5,7.944765797881505e+19,0.3930664062486786,0.004959106445436378,0.0068664550780837075,,,,,,,6.977155685424798,1.8326126337051392,0.33991578221321117,0.3940604031085969,0.5836434364318847,1.3158975839614888,0.3199386298656467,93570.49218750003,boundary_ambiguous_margin
0.2029999942183497,0.7879577813134293,,0.2540862647593231,0.6451493936323411,0.8580558714385209,0.2222222222222222,0.5028444486473771,0.6850967705695734,-0.18225232192219631,1562710.75,7.914874914573438e+19,0.3930664062539844,0.005264282226770023,0.006732940673402702,,,,,,,6.954881954193108,1.832691478729248,0.34024543762207043,0.39436667561531075,0.5833402991294859,1.3218462944030782,0.32095071673393283,93666.95781250003,boundary_ambiguous_margin
0.2039999942183497,0.7955076679151937,,0.2637684055798167,0.6446814386859939,0.8571821160794748,0.2222222222222222,0.5073500914812755,0.6912739505164714,-0.18392385903519592,1580661.75,7.908654317588133e+19,0.38818359375664074,0.005512237550187401,0.00684738159175537,,,,,,,6.932608222961417,1.832770323753357,0.3405750930309297,0.39467294812202464,0.5830371618270873,1.3277950048446676,0.32196280360221896,93763.42343750004,boundary_ambiguous_margin
0.2049999942183497,0.7966324541180863,,0.2558976818680488,0.6480365936003797,0.8563083607204292,0.2222222222222222,0.5040350795142265,0.69219423013702,-0.18815915062279343,1579089.125,7.953254907257238e+19,0.39062500000133493,0.0052642822265937875,0.006637573242406511,,,,,,,6.910334491729728,1.832849168777466,0.34090474843978896,0.3949792206287385,0.5827340245246886,1.333743715286257,0.32297489047050515,93859.88906250003,boundary_ambiguous_margin
0.2059999942183497,0.8003873208264265,,0.25064528528417124,0.6510267542438306,0.8554346053613833,0.2222222222222222,0.5019379825433892,0.6952663938074801,-0.19332841126409095,1584020.375,7.993003572015294e+19,0.4028320312406081,0.005207061767557161,0.007457733154160609,,,,,,,6.888060760498038,1.8329280138015747,0.34123440384864817,0.39528549313545236,0.58243088722229,1.3396924257278464,0.3239869773387913,93956.35468750003,boundary_ambiguous_margin
0.2069999942183497,0.7994825800388802,,0.24879931019922258,0.6560309342173112,0.8545608500023363,0.2222222222222222,0.5020476011545232,0.6945261513449422,-0.19247855019041904,1575733.375,8.059524905105044e+19,0.4125976562378637,0.005836486817259583,0.007820129394331085,,,,,,,6.86578702926635,1.8330068588256814,0.3415640592575078,0.39559176564216675,0.5821277499198919,1.345641136169444,0.32499906420707897,94052.82031250028,boundary_ambiguous_margin
0.2079999942183497,0.801364518002419,,0.2660659069471772,0.6640562424409863,0.8503025912143356,0.2222222222222222,0.5116226618874191,0.696065918769656,-0.18444325688223684,1570111.625,8.16620656010629e+19,0.39794921875135525,0.006256103516524973,0.007457733154296875,,,,,,,6.847912597656243,1.827377176284788,0.34286657571792656,0.3972049355506903,0.5836082100868231,1.372595858573924,0.3300121307373066,94768.12031250028,boundary_ambiguous_margin
0.2089999942183497,0.8196584185428925,,0.28055745606792376,0.6653908933555541,0.846044332426335,0.2222222222222222,0.5181375344794341,0.7110336555754978,-0.1928961210960637,1616710.0,8.183948279732083e+19,0.4052734374918685,0.008506774902110817,0.00772476196276357,,,,,,,6.830038166046136,1.8217474937438942,0.34416909217834524,0.39881810545921387,0.5850886702537542,1.3995505809784041,0.3350251972675343,95483.42031250028,boundary_ambiguous_margin
0.2099999942183497,0.8066586218506926,,0.2701060238138651,0.6711758805076119,0.8417860736383345,0.2222222222222222,0.5132935004434191,0.7003974582818797,-0.18710395783846057,1573463.625,8.260849002588039e+19,0.390625000001362,0.00577926635748572,0.007400512695280578,,,,,,,6.812163734436028,1.8161178112030008,0.3454716086387639,0.4004312753677374,0.5865691304206854,1.426505303382884,0.340038263797762,96198.72031250029,boundary_ambiguous_margin
0.2109999942183497,0.8143673933920941,,0.26449734720337237,0.6735355062693118,0.8375278148503338,0.2222222222222222,0.5100145038815975,0.7067046349975719,-0.19669013111597433,1588273.875,8.292215870305232e+19,0.40039062500547523,0.0061225891115526945,0.007667541503842087,,,,,,,6.794289302825921,1.8104881286621073,0.34677412509918265,0.402044445276261,0.5880495905876165,1.453460025787364,0.3450513303279896,96914.02031250027,boundary_ambiguous_margin
0.2119999942183497,0.8238097895001181,,0.2743243082766193,0.6730934238320174,0.8332695560623338,0.2222222222222222,0.5137528991118974,0.7144302318132277,-0.20067733270133037,1623470.125,8.286339200557095e+19,0.40527343749589356,0.006847381593122905,0.008411407470617575,,,,,,,6.7764148712158185,1.804858446121215,0.34807664155960094,0.4036576151847844,0.5895300507545475,1.4804147481918404,0.3500643968582166,97629.32031250019,negative_leakage_margin
0.2129999942183497,0.8117202041297764,,0.26228013348542717,0.6780189275567414,0.8308980579072867,0.2222222222222222,0.5083693131087206,0.7045387528738574,-0.1961694397651368,1576623.625,8.351814678186505e+19,0.4077148437555023,0.0062942504883994645,0.008087158202942306,,,,,,,6.771175575256346,1.8027210474014275,0.3483115017414094,0.4047988653182988,0.5903650999069218,1.4981139659881662,0.3533502757549299,98116.3656250002,boundary_ambiguous_margin
0.2139999942183497,0.8152293313372766,,0.3168190455346004,0.6800083977797159,0.8285265597522397,0.2222222222222222,0.5355432621502891,0.7074098569527212,-0.17186659480243205,1582230.375,8.378261011467076e+19,0.38330078125276473,0.009288787840209324,0.007896423339865349,,,,,,,6.765936279296873,1.8005836486816398,0.34854636192321786,0.4059401154518132,0.591200149059296,1.5158131837844917,0.3566361546516431,98603.41093750019,boundary_ambiguous_margin
0.2149999942183497,0.8248421016537875,,0.28513233493256485,0.6812242733650002,0.8261550615971925,0.2222222222222222,0.5194110012068306,0.7152748508480482,-0.1958638496412176,1602839.625,8.394423832395383e+19,0.3930664062472217,0.006694793701323812,0.008182525634960972,,,,,,,6.7606969833374,1.798446249961852,0.3487812221050263,0.4070813655853276,0.5920351982116703,1.5335124015808175,0.3599220335483564,99090.45625000019,boundary_ambiguous_margin
0.2159999942183497,0.8306719842973035,,0.26975806947136954,0.6868139925523138,0.8237835634421458,0.2222222222222222,0.5125284237342997,0.7200447548291068,-0.20751633109480705,1609321.5,8.468728828200485e+19,0.40527343749022865,0.007247924804273089,0.007762908935721364,,,,,,,6.755457687377928,1.7963088512420646,0.3490160822868348,0.408222615718842,0.5928702473640445,1.551211619377143,0.3632079124450696,99577.50156250018,negative_leakage_margin
0.2169999942183497,0.8212054604800144,,0.2947524196042616,0.6925444555420709,0.8214120652870985,0.2222222222222222,0.5258653400094231,0.7122994171604157,-0.18643407715099258,1580435.0,8.54490475299141e+19,0.3979492187486041,0.0074768066405377556,0.00886917114246907,,,,,,,6.750218391418458,1.794171452522277,0.3492509424686434,0.40936386585235657,0.5937052965164187,1.5689108371734721,0.3664937913417838,100064.54687500012,boundary_ambiguous_margin
0.2179999942183497,0.8259738041039288,,0.3275889343610464,0.6959715373550256,0.8190401541252786,0.2222222222222222,0.5425473900505993,0.7162007892163457,-0.1736533991657464,1587156.25,8.59046147797203e+19,0.38818359375561073,0.009984970091343354,0.008735656738314125,,,,,,,6.752044010162354,1.792038655281066,0.34980747103691123,0.4108935594558722,0.5942152261734011,1.5950751781463726,0.3720755577087424,100362.07031250012,boundary_ambiguous_margin
0.2189999942183497,0.8359546313873779,,0.290792220852189,0.695627188155253,0.8166682429634587,0.2222222222222222,0.5234699682057724,0.7243669206300768,-0.2008969524243044,1624715.375,8.585883991163273e+19,0.4101562499943622,0.007858276366989294,0.009479522705023068,,,,,,,6.7538696289062505,1.789905858039855,0.35036399960517906,0.4124232530593878,0.5947251558303835,1.6212395191192728,0.377657324075701,100659.59375000012,negative_leakage_margin
0.2199999942183497,0.8269810814898289,,0.3073251927747778,0.7010904562816971,0.8142963318016389,0.2222222222222222,0.5325092934082228,0.7170249252593549,-0.18451563185113207,1583126.125,8.658508053591831e+19,0.4052734374985905,0.008201599121936125,0.010070800781503263,,,,,,,6.755695247650147,1.7877730607986442,0.3509205281734469,0.41395294666290344,0.5952350854873659,1.6474038600921732,0.38323909044265964,100957.11718750012,boundary_ambiguous_margin
0.2209999942183497,0.8401440549438163,,0.31781840007124307,0.7034003221282877,0.811924420639819,0.2222222222222222,0.5377403857276482,0.7277946308126172,-0.19005424508496904,1621635.375,8.689213455113755e+19,0.39306640624858374,0.00833511352550127,0.009613037109209034,,,,,,,6.757520866394044,1.7856402635574333,0.3514770567417147,0.41548264026641907,0.5957450151443483,1.6735682010650736,0.38882085680961825,101254.64062500012,boundary_ambiguous_margin
0.2219999942183497,0.8423927959404046,,0.32243009878162043,0.7075726777761843,0.8095525094779987,0.2222222222222222,0.5404963462043559,0.7296345098098259,-0.18913816360546998,1638542.25,8.744677219665288e+19,0.39062500001992223,0.008754730224442616,0.009441375732432993,,,,,,,6.759346485137936,1.7835074663162225,0.3520335853099825,0.41701233386993464,0.5962549448013308,1.699732542037973,0.3944026231765763,101552.16406250026,boundary_ambiguous_margin
0.2229999942183497,0.8397755152315807,,0.2877245295201028,0.7071614967755335,0.8063080122705261,0.2222222222222222,0.5222296420215663,0.7274930983207882,-0.20526345629922194,1605035.125,8.739211327461288e+19,0.4125976562485702,0.00886917114235472,0.008754730224475331,,,,,,,6.751170253753659,1.7819346189498895,0.35262764096260096,0.41845899820327814,0.5969581723213199,1.7232486963272187,0.3985383093357102,102236.41718750026,negative_leakage_margin
0.2239999942183497,0.8437791658952277,,0.3141775466766216,0.7101449742388967,0.8030635150630537,0.2222222222222222,0.5353908956637984,0.7307688125001357,-0.19537791683633732,1612113.625,8.778871151679819e+19,0.39794921875287315,0.009136199950835179,0.009231567382879838,,,,,,,6.742994022369381,1.7803617715835565,0.35322169661521935,0.41990566253662165,0.5976613998413088,1.7467648506164641,0.4026739954948441,102920.67031250027,boundary_ambiguous_margin
0.2249999942183497,0.8497783168622105,,0.30370388138802734,0.7212759099303122,0.7998190178555811,0.2222222222222222,0.532125672640487,0.7356772087458489,-0.2035515361053618,1611497.75,8.926836389671495e+19,0.4028320312514366,0.009040832519486357,0.008945465088822149,,,,,,,6.734817790985105,1.7787889242172235,0.35381575226783774,0.42135232686996515,0.5983646273612979,1.7702810049057098,0.4068096816539781,103604.92343750027,negative_leakage_margin
0.2259999942183497,0.8510716416142725,,0.2917814549288774,0.7236755686024392,0.7965745206481085,0.2222222222222222,0.5259532497770756,0.7367353835429905,-0.21078213376591493,1620407.125,8.958735421016533e+19,0.42480468748845324,0.009288787841436039,0.009975433349586824,,,,,,,6.726641559600827,1.7772160768508904,0.3544098079204562,0.42279899120330866,0.5990678548812869,1.7937971591949555,0.410945367813112,104289.17656250026,negative_leakage_margin
0.2269999942183497,0.8486109214722882,,0.30376815696720544,0.72899240229785,0.7933300234406369,0.2222222222222222,0.5324646849182244,0.7347220670631852,-0.2022573821449608,1598292.375,9.029412908059276e+19,0.42480468749419953,0.009555816650401954,0.01073837280314222,,,,,,,6.718465328216549,1.7756432294845572,0.3550038635730744,0.424245655536652,0.5997710824012759,1.8173133134842014,0.41508105397224626,104973.4296875001,negative_leakage_margin
0.2279999942183497,0.8522394595719388,,0.3162877136813691,0.7349893984499215,0.7921039450071062,0.2222222222222222,0.5399171927049415,0.7376908709628993,-0.19777367825795777,1599204.375,9.109131899119547e+19,0.4003906249985499,0.009975433349733994,0.009040832519508591,,,,,,,6.709962177276608,1.77315809726715,0.35511968731880195,0.42523934245109596,0.6002002120018007,1.842158722877512,0.42025235891342366,105236.2437500001,boundary_ambiguous_margin
0.2289999942183497,0.8561484717557257,,0.2870133924959985,0.7330952131707733,0.7908778665735757,0.2222222222222222,0.5244999661840865,0.740889153658725,-0.21638918747463853,1636671.875,9.083952203234175e+19,0.4150390624970862,0.01022338867221646,0.007972717284974139,,,,,,,6.701459026336667,1.7706729650497426,0.35523551106452944,0.4262330293655399,0.6006293416023256,1.8670041322708226,0.425423663854601,105499.0578125001,negative_leakage_margin
0.2299999942183497,0.8540264366314035,,0.32287903382258043,0.7415382532349871,0.789651788140045,0.2222222222222222,0.5442370272550482,0.7391529431024614,-0.1949159158474132,1595195.0,9.19618683176034e+19,0.40771484375146366,0.013084411619287029,0.00806808471689979,,,,,,,6.692955875396725,1.7681878328323355,0.355351334810257,0.42722671627998393,0.6010584712028505,1.8918495416641332,0.43059496879577835,105761.8718750001,boundary_ambiguous_margin
0.2309999942183497,0.8615524899148383,,0.321636664736967,0.7460963805651807,0.7884257097065144,0.2222222222222222,0.5444488549364073,0.7453106230616353,-0.20086176812522805,1606858.625,9.25677871854382e+19,0.41259765624558864,0.015411376950230054,0.0067901611332835034,,,,,,,6.684452724456784,1.7657027006149282,0.35546715855598454,0.4282204031944279,0.6014876008033754,1.9166949510574438,0.43576627373695576,106024.68593750011,negative_leakage_margin
0.23199999421834971,0.863664519868833,,0.2869623955033587,0.7470406278904599,0.7871996312729832,0.2222222222222222,0.5270412625425401,0.747038647569449,-0.2199973850269089,1638542.25,9.26933074328651e+19,0.4150390625,0.010967254638533385,0.0074386596679341275,,,,,,,6.675949573516835,1.763217568397521,0.35558298230171237,0.429214090108872,0.6019167304039003,1.9415403604507564,0.4409375786781329,106287.50000000036,negative_leakage_margin
0.23299999421834972,0.8617701315555503,,0.31416847969938544,0.747970714814365,0.7840152623566546,0.2222222222222222,0.5400807341424476,0.7454886934949451,-0.20540795935249745,1605035.125,9.281694531638526e+19,0.39794921875,0.01106262207058948,0.007858276366864357,,,,,,,6.6483159065246475,1.760931420326232,0.356496357917786,0.4305736541748052,0.6022970318794252,1.9716176509857295,0.4454405248165148,107210.12656250036,negative_leakage_margin
0.23399999421834972,0.8655511592643758,,0.30767234840946867,0.7616707708036987,0.7808308934403262,0.2222222222222222,0.5394615902657406,0.7485822616203477,-0.2091206713546071,1596745.875,9.463811480398227e+19,0.40771484375,0.011253356933640124,0.0081634521484375,,,,,,,6.62068223953246,1.758645272254943,0.35740973353385963,0.43193321824073844,0.6026773333549501,2.001694941520703,0.4499434709548968,108132.75312500035,negative_leakage_margin
0.23499999421834972,0.8710614509924682,,0.33932861507136614,0.7619813732525327,0.7776465245239979,0.2222222222222222,0.5545712819798156,0.7530906821251506,-0.19851940014533498,1609038.75,9.467940366462851e+19,0.40039062501192624,0.01235961914031054,0.009174346923688365,,,,,,,6.5930485725402725,1.7563591241836538,0.3583231091499332,0.4332927823066717,0.603057634830475,2.0317722320556757,0.4544464170932787,109055.37968750036,boundary_ambiguous_margin
0.23599999421834972,0.8730811294788903,,0.27058204277460685,0.7645123795729203,0.7744621556076694,0.2222222222222222,0.5200346551824508,0.7547431463413142,-0.23470849115886339,1613956.25,9.501585422272797e+19,0.4492187499850922,0.01239776611310655,0.0084686279295128,,,,,,,6.565414905548085,1.7540729761123648,0.35923648476600684,0.4346523463726049,0.603437936306,2.061849522590649,0.4589493632316607,109978.00625000036,negative_leakage_margin
0.23699999421834972,0.8643987491532696,,0.34295640221129964,0.7662118924182232,0.7712777866913418,0.2222222222222222,0.555850620883041,0.7476393806203518,-0.1917887597373108,1588463.25,9.524177307591036e+19,0.4003906250089853,0.01255035400425724,0.009326934814511623,,,,,,,6.537781238555909,1.7517868280410762,0.36014986038207997,0.43601191043853793,0.6038182377815249,2.0919268131256192,0.46345230937004267,110900.63281250016,boundary_ambiguous_margin
0.23799999421834972,0.8678861078698948,,0.3264682636988274,0.7692376525754092,0.7704219172962301,0.2222222222222222,0.5481490243173235,0.7504926741157724,-0.20234364979844888,1592734.875,9.564399202153687e+19,0.419921874995487,0.012969970703336546,0.00963211059567962,,,,,,,6.540631294250489,1.7504855632781977,0.35989006757736197,0.4368271827697757,0.6043003320693972,2.1148251533508393,0.4679689884185809,111321.09843750017,negative_leakage_margin
0.23899999421834972,0.8809029535860464,,0.3797455366300095,0.779025136728973,0.769566047901118,0.2222222222222222,0.5770205644725275,0.7611428206108056,-0.18412225613827815,1621332.0,9.694505732482374e+19,0.39306640625,0.013961791992104861,0.010528564452995139,,,,,,,6.543481349945069,1.7491842985153192,0.3596302747726439,0.4376424551010135,0.6047824263572695,2.1377234935760594,0.4724856674671192,111741.56406250017,boundary_ambiguous_margin
0.23999999421834972,0.880356966560254,,0.36795855125924215,0.7829725802073794,0.7681305560907614,0.2222222222222222,0.5717550597041563,0.760696103953339,-0.18894104424918268,1604395.875,9.746979705015658e+19,0.41259765627732187,0.014076232910262975,0.011425018310807762,,,,,,,6.546331405639649,1.747883033752441,0.3593704819679259,0.4384577274322513,0.6052645206451418,2.160621833801279,0.4770023465156574,112162.02968750018,boundary_ambiguous_margin
0.24099999421834972,0.8836917775840197,,0.3585751603845817,0.7841995723694434,0.7666920061657863,0.2222222222222222,0.5670104748260982,0.7634245857000564,-0.19641411087395821,1622255.125,9.763290300306738e+19,0.42236328124544636,0.014667510986185824,0.011215209961150953,,,,,,,6.549181461334229,1.7465817689895624,0.3591106891632079,0.4392729997634891,0.6057466149330141,2.183520174026499,0.4815190255641957,112582.49531250018,boundary_ambiguous_margin
0.24199999421834972,0.8808504217410227,,0.3407648494202813,0.7789276681718507,0.765253456240811,0.2222222222222222,0.556427705813306,0.7610998400103316,-0.20467213419702557,1633856.0,9.693210067980203e+19,0.4418945312439014,0.014457702636766396,0.01186370849566494,,,,,,,6.552031517028807,1.7452805042266846,0.35885089635848993,0.4400882720947268,0.6062287092208862,2.2064185142517156,0.48603570461273315,113002.96093750015,negative_leakage_margin
0.24299999421834972,0.8828312686783915,,0.3633130760399425,0.7828293219411405,0.7648416301149236,0.2222222222222222,0.5685742760339872,0.7627205329590879,-0.19414625692510068,1610266.375,9.74507535087635e+19,0.43212890624234285,0.018119812009289988,0.010089874267937055,,,,,,,6.547151756286619,1.745462727546692,0.35877051353454587,0.4405310809612276,0.6061573028564453,2.221786642074592,0.48884268999099856,113342.53750000015,boundary_ambiguous_margin
0.24399999421834973,0.8855051069744333,,0.35195907331259946,0.7875640572679121,0.7644298039890363,0.2222222222222222,0.5639780019705368,0.7649082188376676,-0.20093021686713075,1613313.875,9.808014914887457e+19,0.4321289062454057,0.015621185302674553,0.010967254638612053,,,,,,,6.542271995544431,1.7456449508666994,0.3586901307106018,0.44097388982772845,0.6060858964920044,2.237154769897468,0.49164967536926396,113682.11406250016,negative_leakage_margin
0.24499999421834973,0.8915351199353385,,0.38802527247623225,0.7997254599247499,0.7640179778631487,0.2222222222222222,0.5849484956850908,0.7698418658056809,-0.18489337012059015,1609340.25,9.969678308542618e+19,0.41259765625615286,0.016155242919321012,0.011539459228743953,,,,,,,6.537392234802244,1.7458271741867066,0.35860974788665767,0.44141669869422934,0.6060144901275635,2.2525228977203438,0.4944566607475293,114021.69062500015,boundary_ambiguous_margin
0.24599999421834973,0.8936325644229701,,0.39894319186492344,0.8026438921799315,0.7636061517372614,0.2222222222222222,0.59103410691176,0.7715579567501067,-0.1805238498383468,1626501.375,1.0008473476817066e+20,0.405273437498455,0.01609802246100992,0.01173019409148305,,,,,,,6.532512474060057,1.746009397506714,0.3585293650627136,0.44185950756073017,0.6059430837631226,2.2678910255432196,0.4972636461257947,114361.26718750015,boundary_ambiguous_margin
0.24699999421834973,0.8975387126175394,,0.3976647993579921,0.8187728540255389,0.763194325611374,0.2222222222222222,0.5943241945882243,0.7747538961820271,-0.18042970159380278,1599533.75,1.0222878244233386e+20,0.42480468749379297,0.016689300536891157,0.013122558593592399,,,,,,,6.527632713317869,1.7461916208267203,0.3584489822387694,0.4423023164272311,0.6058716773986816,2.283259153366097,0.5000706315040604,114700.84375000004,boundary_ambiguous_margin
0.24799999421834973,0.8948222272175879,,0.37666647176561363,0.8194312465193391,0.7626044782286975,0.2222222222222222,0.583842167069816,0.7725313172184304,-0.18868915014861443,1592467.25,1.0231630356790483e+20,0.43457031249688294,0.017242431640722408,0.012016296386791806,,,,,,,6.524190044403075,1.7443080186843865,0.3582451343536376,0.44292637705802945,0.6058879017829895,2.3014486312866294,0.5036102890968338,114800.13750000004,boundary_ambiguous_margin
0.24899999421834973,0.9044691743543527,,0.368044261224995,0.8227503387292905,0.7620146308460207,0.2222222222222222,0.5802133730063253,0.7804242739666926,-0.2002109009603673,1630464.875,1.0275751559389879e+20,0.4321289062437658,0.01647949218771917,0.011634826660192778,,,,,,,6.52074737548828,1.7424244165420524,0.35804128646850575,0.4435504376888278,0.6059041261672974,2.3196381092071614,0.5071499466896073,114899.43125000004,negative_leakage_margin
0.24999999421834973,0.8975946178286954,,0.39937527594655553,0.828536053752447,0.7606394479924935,0.2222222222222222,0.5969815134095129,0.7747996368093366,-0.17781812339982372,1587555.625,1.0352661957948159e+20,0.4174804687484347,0.01771926879964747,0.011806488036351174,,,,,,,6.517304706573484,1.7405408143997183,0.3578374385833739,0.44417449831962613,0.6059203505516052,2.3378275871276935,0.5106896042823807,114998.72500000005,boundary_ambiguous_margin
0.25099999421834973,0.907931201671032,,0.4015616188088209,0.8375865353335539,0.7592061609612097,0.2222222222222222,0.5999789834781013,0.7832568417712483,-0.18327785829314702,1600115.0,1.0472971399868711e+20,0.4003906250031442,0.016574859620074055,0.011119842529665334,,,,,,,6.51386203765869,1.7386572122573845,0.3576335906982421,0.44479855895042447,0.6059365749359131,2.356017065048226,0.5142292618751542,115098.01875000005,boundary_ambiguous_margin
0.25199999421834973,0.9160927990555823,,0.4038730826953475,0.8443170270427885,0.757772873929926,0.2222222222222222,0.6024590165908523,0.7899345123586076,-0.18747549576775524,1629304.375,1.05624408600441e+20,0.4150390625031442,0.017108917237261555,0.01235961914074782,,,,,,,6.51041936874389,1.736773610115051,0.3574297428131105,0.4454226195812227,0.605952799320221,2.3742065429687593,0.5177689194679276,115197.31250000022,boundary_ambiguous_margin
0.25299999421834973,0.9078227224716697,,0.37153202383462314,0.8415722251296905,0.7558861159485851,0.2222222222222222,0.5851305971868805,0.7831680860626792,-0.19803748887579864,1594923.0,1.0525953786578679e+20,0.44189453125315775,0.017623901368680025,0.012054443359189976,,,,,,,6.495570087432855,1.7360944747924802,0.35777680873870865,0.44585193991661093,0.6060719847679139,2.394993352890024,0.5212080478668228,115701.32968750023,boundary_ambiguous_margin
0.25399999421834973,0.9026346399781097,,0.3877552865204734,0.8413325570279273,0.7539993579672445,0.2222222222222222,0.5927106220090297,0.778923291295221,-0.1862126692861913,1583283.5,1.0522767841686035e+20,0.42724609375,0.017204284668352773,0.01220703124993806,,,,,,,6.48072080612182,1.7354153394699094,0.3581238746643068,0.4462812602519991,0.6061911702156068,2.4157801628112887,0.5246471762657181,116205.34687500022,boundary_ambiguous_margin
0.25499999421834973,0.91635952575098,,0.3991774091676875,0.849489742260662,0.7521125999859042,0.2222222222222222,0.5999892901454853,0.7901527432912058,-0.19016345314572047,1604746.375,1.0631202558026606e+20,0.4174804687595545,0.017375946046290364,0.012035369872860264,,,,,,,6.465871524810784,1.7347362041473386,0.3584709405899049,0.4467105805873873,0.6063103556632996,2.436566972732553,0.5280863046646134,116709.36406250023,boundary_ambiguous_margin
0.25599999421834974,0.919566715836048,,0.38447328942234066,0.852967113349525,0.7502258420045635,0.2222222222222222,0.5930348835496925,0.7927768079062614,-0.1997419243565689,1607813.375,1.0677427786076914e+20,0.4223632812547976,0.01798629760787165,0.01091003417965002,,,,,,,6.451022243499749,1.7340570688247678,0.3588180065155031,0.44713990092277545,0.6064295411109925,2.4573537826538177,0.5315254330635086,117213.38125000022,boundary_ambiguous_margin
0.25699999421834974,0.9090799563372818,,0.4129809505583111,0.8540257687774958,0.7483390840232237,0.2222222222222222,0.6070816884793354,0.7841967319527253,-0.1771150434733899,1582372.75,1.0691500655303144e+20,0.4174804687675912,0.01913070678672207,0.011882781982509331,,,,,,,6.436172962188719,1.7333779335021966,0.3591650724411009,0.44756922125816356,0.6065487265586852,2.4781405925750795,0.5349645614624036,117717.39843750001,boundary_ambiguous_margin
0.25799999421834974,0.9156644006436063,,0.3511547493005366,0.8615518897676806,0.747936128746836,0.2222222222222222,0.5779493792788974,0.789584004566991,-0.21163462528809351,1588189.5,1.0791546537728436e+20,0.48583984373554623,0.018157958984851775,0.011920928955153405,,,,,,,6.432767963409423,1.7317818164825431,0.3587953567504881,0.4478406310081483,0.6064081788063048,2.492369127273566,0.537724018096925,117744.2015625,negative_leakage_margin
0.25899999421834974,0.9238475840601883,,0.40369955365427523,0.8589317523227554,0.7475331734704485,0.2222222222222222,0.6034660082754386,0.7962793364532853,-0.1928133281778467,1610266.375,1.0756716648188399e+20,0.42724609375,0.01823425292998989,0.012741088867754482,,,,,,,6.429362964630125,1.73018569946289,0.35842564105987534,0.44811204075813305,0.6062676310539244,2.506597661972052,0.5404834747314465,117771.00468750001,boundary_ambiguous_margin
0.25999999421834974,0.9190230391914478,,0.4281136818471276,0.865581119489538,0.747130218194061,0.2222222222222222,0.6172346753444635,0.7923319815606794,-0.1750973062162159,1590920.625,1.0845107707359265e+20,0.42724609375483824,0.018978118895426006,0.01415252685550655,,,,,,,6.425957965850828,1.7285895824432367,0.3580559253692625,0.4483834505081178,0.6061270833015441,2.5208261966705385,0.543242931365968,117797.80781250002,boundary_ambiguous_margin
0.26099999421834974,0.9265898243105788,,0.4024972795942035,0.8637934019010958,0.7467272629176733,0.2222222222222222,0.603878806001794,0.7985229875672412,-0.19464418156544716,1610578.25,1.0821343302841165e+20,0.42724609375485856,0.018367767333794586,0.012550354003842986,,,,,,,6.422552967071532,1.7269934654235832,0.3576862096786497,0.44865486025810253,0.6059865355491637,2.535054731369025,0.5460023880004895,117824.61093750001,boundary_ambiguous_margin
0.26199999421834974,0.9303594923911652,,0.4021029690524618,0.8707877137985497,0.746324307641285,0.2222222222222222,0.6053294898861895,0.8016072614513573,-0.1962777715651678,1629523.625,1.0914319765304508e+20,0.4345703124967474,0.018234252930386302,0.013332366943029032,,,,,,,6.419147968292228,1.7253973484039302,0.3573164939880373,0.44892627000808727,0.6058459877967834,2.549283266067514,0.5487618446350112,117851.41406250017,boundary_ambiguous_margin
0.26299999421834974,0.925001904460784,,0.4095830119475335,0.8776365838164687,0.7447323631025974,0.2222222222222222,0.6103837427035332,0.797223780417409,-0.1868400377138758,1589727.5,1.100536284652157e+20,0.4223632812483669,0.01827239990249685,0.01270294189427608,,,,,,,6.400278759002677,1.7245250225067135,0.3577016472816469,0.4492378652095796,0.605747628211975,2.5698901176452726,0.5520760774612441,118256.94062500018,boundary_ambiguous_margin
0.26399999421834974,0.9353271429857546,,0.40284575842760795,0.8832239870502865,0.7431404185639096,0.2222222222222222,0.608013980617353,0.8056717028469305,-0.19765772222957745,1606555.125,1.1079637056001094e+20,0.45166015624508044,0.021686553953579196,0.012607574463146852,,,,,,,6.381409549713126,1.7236526966094967,0.3580868005752565,0.4495494604110719,0.6056492686271667,2.5904969692230315,0.5553903102874771,118662.46718750018,boundary_ambiguous_margin
0.26499999421834974,0.9314821711462358,,0.37507536683941073,0.8824947925496154,0.7415484740252218,0.2222222222222222,0.5935485000634146,0.8025258167964151,-0.20897731673300046,1598612.875,1.1069943761490621e+20,0.44433593749508044,0.017204284668455583,0.012874603271779037,,,,,,,6.362540340423576,1.72278037071228,0.35847195386886616,0.44986105561256423,0.6055509090423583,2.6111038208007904,0.55870454311371,119067.99375000018,negative_leakage_margin
0.26599999421834974,0.9370072621482398,,0.39558597255067307,0.8868184130458362,0.739956529486534,0.2222222222222222,0.6044867219084291,0.8070463457980547,-0.20255962388962556,1605963.5,1.112741831290703e+20,0.42968750001152645,0.018119812011551512,0.01241683959950646,,,,,,,6.343671131134025,1.721908044815063,0.35885710716247576,0.45017265081405655,0.60545254945755,2.6317106723785493,0.5620187759399429,119473.52031250019,negative_leakage_margin
0.26699999421834975,0.9270141514384254,,0.3917831760056248,0.8939633942607156,0.738364584947847,0.2222222222222222,0.6039735828049531,0.7988701643082065,-0.1948965815032534,1574111.375,1.122239764575153e+20,0.4345703125016534,0.02002716064385955,0.011234283447511052,,,,,,,6.324801921844488,1.7210357189178465,0.3592422604560849,0.4504842460155489,0.6053541898727418,2.652317523956304,0.5653330087661758,119879.04687499999,boundary_ambiguous_margin
0.26799999421834975,0.9361600940576305,,0.40456592854626927,0.8995799785085802,0.7385404738249266,0.2222222222222222,0.6118130773565114,0.8063532082693744,-0.19454013091286304,1588189.5,1.1297059762933334e+20,0.4272460937533068,0.02084732055629186,0.010948181152227494,,,,,,,6.336476898193364,1.720422554016113,0.3585634708404538,0.45088322758674637,0.6055004000663758,2.664479970932012,0.5684729337692275,119840.69687499998,boundary_ambiguous_margin
0.26899999421834975,0.9469436139830214,,0.40369296313070263,0.9015581998145752,0.738716362702006,0.2222222222222222,0.6119151221944966,0.8151760882083305,-0.20326096601383392,1611791.875,1.1323356562632527e+20,0.4296874999916991,0.0202560424804039,0.011539459227957906,,,,,,,6.348151874542242,1.7198093891143795,0.3578846812248227,0.4512822091579439,0.6056466102600099,2.67664241790772,0.5716128587722792,119802.34687499999,negative_leakage_margin
0.26999999421834975,0.9332245387819247,,0.4117130330869093,0.9045465738653293,0.7388922515790857,0.2222222222222222,0.6167162229045584,0.8039513903165241,-0.18723516741196566,1575276.625,1.1363081477939423e+20,0.42968750000333394,0.021686553954921847,0.011157989501874986,,,,,,,6.359826850891118,1.7191962242126462,0.3572058916091916,0.4516811907291414,0.6057928204536439,2.688804864883428,0.574752783775331,119763.99687499998,boundary_ambiguous_margin
0.27099999421834975,0.9405452702384849,,0.3888057325973698,0.9127124273811483,0.7390681404561652,0.2222222222222222,0.6073480082580133,0.8099410796900735,-0.20259307143206018,1581994.125,1.1471631423098585e+20,0.4833984374966525,0.021476745604200372,0.012550354004023935,,,,,,,6.371501827239995,1.7185830593109128,0.35652710199356047,0.4520801723003389,0.6059390306472779,2.700967311859136,0.5778927087783827,119725.64687499998,negative_leakage_margin
0.27199999421834975,0.9447283011002265,,0.38660174532257796,0.9036088112098383,0.7392440293332448,0.2222222222222222,0.6040140827970598,0.8133635594860439,-0.20934947668898407,1602907.25,1.135061565490835e+20,0.45166015625336103,0.018749237060441844,0.01340866088872439,,,,,,,6.3831768035888565,1.7179698944091797,0.3558483123779297,0.4524791538715362,0.6060852408409118,2.71312975883484,0.5810326337814328,119687.29687500019,negative_leakage_margin
0.27299999421834975,0.9258224135837975,,0.35920184807116023,0.894975002747672,0.7392963474650239,0.2222222222222222,0.5881687615887541,0.7978951060635109,-0.2097263444747568,1570115.0,1.1235845112763882e+20,0.4809570312382364,0.018386840823148367,0.012397766113241863,,,,,,,6.359981250762929,1.7178297996520995,0.3559078276157379,0.45230545401573174,0.6057250261306761,2.7156687259674084,0.5802862644195553,120116.4906250002,negative_leakage_margin
0.27399999421834975,0.9318696627530971,,0.380177618448905,0.9022412737556305,0.7393486655968029,0.2222222222222222,0.6004862940625608,0.8028428553838471,-0.20235656132128632,1575018.0,1.1332436769459352e+20,0.44677734375,0.020599365233584084,0.011100769043126934,,,,,,,6.336785697937001,1.7176897048950195,0.35596734285354614,0.4521317541599273,0.6053648114204405,2.7182076930999766,0.5795398950576779,120545.68437500019,negative_leakage_margin
0.27499999421834975,0.94389398571728,,0.37187765666828454,0.907995094790645,0.7394009837285821,0.2222222222222222,0.597787847963949,0.8126809378090876,-0.21489308984513855,1595548.5,1.1408923196333962e+20,0.4516601562466119,0.019836425781726456,0.011463165283176655,,,,,,,6.313590145111074,1.7175496101379395,0.35602685809135437,0.45195805430412284,0.6050045967102049,2.720746660232545,0.5787935256958004,120974.87812500019,negative_leakage_margin
0.27599999421834975,0.9454437810679965,,0.3934676348321243,0.9187834678749848,0.7394533018603611,0.2222222222222222,0.6112930098498985,0.8139489521869466,-0.2026559423370481,1585736.25,1.1552334696968041e+20,0.43701171876694067,0.01998901367150442,0.011634826660288599,,,,,,,6.290394592285146,1.7174095153808593,0.3560863733291626,0.4517843544483184,0.6046443819999693,2.7232856273651134,0.578047156333923,121404.07187500018,negative_leakage_margin
0.27699999421834975,0.9385912830440182,,0.40110812626765835,0.9218945212909154,0.7395056199921395,0.2222222222222222,0.6159040984545929,0.8083423628946006,-0.19243826444000767,1566112.25,1.1593690407921254e+20,0.4711914062380941,0.024070739744206877,0.013027191162308693,,,,,,,6.2671990394592285,1.7172694206237782,0.35614588856697066,0.4516106545925142,0.6042841672897339,2.7258245944976847,0.5773007869720467,121833.26562499996,boundary_ambiguous_margin
0.27799999421834976,0.942622825760049,,0.3902149404382613,0.9293747202317838,0.7381639963329587,0.2222222222222222,0.6119921493603162,0.8116408978440803,-0.19964874848376413,1566112.25,1.1693125841490805e+20,0.483398437477801,0.01976013184008648,0.01388549804635471,,,,,,,6.267446041107178,1.7148741722106924,0.3558276712894438,0.45200153589248676,0.604401457309723,2.7350955963134806,0.5791329860687264,121729.61718749996,boundary_ambiguous_margin
0.27899999421834976,0.957153813548079,,0.4396440596513231,0.9345758885926055,0.7368223726737778,0.2222222222222222,0.6376715951422574,0.8235298878524686,-0.18585829271021126,1593095.375,1.1762265771473266e+20,0.4296874999965712,0.021457672119462073,0.0135421752930759,,,,,,,6.267693042755127,1.7124789237976064,0.35550945401191697,0.45239241719245926,0.604518747329712,2.7443665981292766,0.5809651851654061,121625.96874999996,boundary_ambiguous_margin
0.27999999421834976,0.9529474226973772,,0.45122744150602073,0.9431213599714326,0.735480749014597,0.2222222222222222,0.6452642479995178,0.820088295338258,-0.17482404733874024,1572820.625,1.187586203519927e+20,0.43701171875688466,0.021991729735333074,0.01480102539026194,,,,,,,6.267940044403076,1.7100836753845203,0.3551912367343901,0.4527832984924318,0.604636037349701,2.7536375999450726,0.5827973842620858,121522.32031249996,boundary_ambiguous_margin
0.28099999421834976,0.962414069561967,,0.42708109252467347,0.9455776602490564,0.7341391253554163,0.2222222222222222,0.6334697426634549,0.8278337336820133,-0.1943639910185584,1591555.5,1.1908514012107008e+20,0.44677734374655764,0.02082824706978808,0.014667510985991958,,,,,,,6.268187046051025,1.7076884269714345,0.3548730194568633,0.4531741797924044,0.60475332736969,2.762908601760868,0.5846295833587655,121418.67187499996,boundary_ambiguous_margin
0.28199999421834976,0.9670824388561119,,0.4145926636920773,0.9426204523153455,0.7327975016962366,0.2222222222222222,0.6261508203489342,0.831653308559041,-0.20550248821010675,1605963.5,1.1869203392781458e+20,0.45166015625,0.02042770385858284,0.014438629150053135,,,,,,,6.268434047698969,1.70529317855835,0.3545548021793366,0.4535650610923766,0.6048706173896787,2.7721796035766664,0.5864617824554454,121315.02343750012,negative_leakage_margin
0.28299999421834976,0.9527976612385081,,0.39908906333733507,0.9398267506984366,0.7337164910386214,0.2222222222222222,0.6179303421029321,0.8199657632355469,-0.20203542113261486,1576561.5,1.1832066288041696e+20,0.4516601562361222,0.02113342285192842,0.012702941894490593,,,,,,,6.257407093048091,1.7062705993652347,0.35469788312911993,0.4533627927303313,0.6044734001159666,2.7861801147461,0.5889429092407238,121579.45468750013,negative_leakage_margin
0.28399999421834976,0.9661060214750274,,0.41432488449082955,0.9553799003348934,0.7346354803810062,0.2222222222222222,0.6296662874243897,0.830854421610881,-0.20118813418649129,1587894.75,1.203881669531009e+20,0.44189453123959166,0.020847320557670617,0.013160705566555329,,,,,,,6.246380138397211,1.7072480201721196,0.35484096407890325,0.453160524368286,0.6040761828422545,2.8001806259155337,0.5914240360260021,121843.88593750012,negative_leakage_margin
0.28499999421834976,0.9681871786080509,,0.4853423322877307,0.9629599499564799,0.7355544697233912,0.2222222222222222,0.6672997710638332,0.8325571865379001,-0.16525741547406692,1583283.5,1.2139579459316692e+20,0.405273437510449,0.02250671386875213,0.014266967773954508,,,,,,,6.235353183746333,1.7082254409790043,0.3549840450286866,0.45295825600624073,0.6036789655685423,2.8141811370849674,0.5939051628112805,122108.31718750013,boundary_ambiguous_margin
0.28599999421834976,0.9706046875700668,,0.4416534009065486,0.9629870135273306,0.736473459065776,0.2222222222222222,0.645691818601551,0.8345351484159131,-0.18884332981436214,1588812.125,1.21399392195213e+20,0.42724609375699313,0.02027511596794418,0.014305114746066433,,,,,,,6.224326229095453,1.7092028617858892,0.3551271259784699,0.45275598764419545,0.6032817482948302,2.8281816482544015,0.5963862895965588,122372.74843750012,boundary_ambiguous_margin
0.28699999421834976,0.9593409598765095,,0.42397434290114344,0.9650741508177271,0.7373924484081602,0.2222222222222222,0.6376038212570435,0.8253193712120935,-0.18771554995505002,1560308.5,1.2167683856131949e+20,0.4638671874947348,0.021667480467899895,0.015811920166015625,,,,,,,6.2132992744445765,1.7101802825927728,0.35527020692825306,0.45255371928215044,0.602884531021118,2.8421821594238335,0.5988674163818369,122637.17968749999,boundary_ambiguous_margin
0.28799999421834976,0.9652014814669072,,0.4145091128540737,0.9665839539866757,0.7368386554787948,0.2222222222222222,0.6331102087934045,0.8301143434224189,-0.19700413462901434,1571920.125,1.218775390158072e+20,0.4614257812429527,0.02126693725620348,0.014743804931888382,,,,,,,6.206696128845212,1.7086560010910026,0.3550396442413329,0.45287787318229694,0.602669310569763,2.852839326858526,0.600763201713563,122594.47343749998,boundary_ambiguous_margin
0.28899999421834976,0.9749164296568027,,0.41876258480029915,0.9702489173086969,0.7362848625494293,0.2222222222222222,0.6360147373646811,0.8380629373959698,-0.20204820003128876,1589727.5,1.2236472822002824e+20,0.4541015625123328,0.02109527588006245,0.014533996581508207,,,,,,,6.200092983245846,1.7071317195892326,0.3548090815544127,0.4532020270824434,0.6024540901184081,2.8634964942932184,0.6026589870452891,122551.76718749998,negative_leakage_margin
0.28999999421834977,0.9602350718918207,,0.42818930472390454,0.9744669303255101,0.7357310696200636,0.2222222222222222,0.6416441523483457,0.826050917406439,-0.18440676505809328,1550718.25,1.2292543516972889e+20,0.4418945312553058,0.024471282957837546,0.013313293457349046,,,,,,,6.193489837646481,1.7056074380874626,0.3545785188674926,0.4535261809825899,0.6022388696670531,2.8741536617279104,0.6045547723770152,122509.06093749998,boundary_ambiguous_margin
0.29099999421834977,0.9673446272125376,,0.433920783116917,0.9755967186108513,0.7351772766906983,0.2222222222222222,0.6446538903838459,0.8318678263052074,-0.18721393592136149,1565674.875,1.2307561966199007e+20,0.44677734374467387,0.022201538085840408,0.014247894287400649,,,,,,,6.186886692047116,1.7040831565856926,0.3543479561805724,0.45385033488273635,0.6020236492156982,2.884810829162603,0.6064505577087412,122466.35468749997,boundary_ambiguous_margin
0.29199999421834977,0.982057652721889,,0.41782210931163855,0.9807829325291002,0.7346234837613336,0.2222222222222222,0.6377626587284277,0.843905756267404,-0.2061430975389763,1593095.375,1.2376503104479166e+20,0.4614257812411231,0.020980834961547786,0.015926361083831803,,,,,,,6.18028354644775,1.702558875083924,0.35411739349365234,0.4541744887828825,0.6018084287643432,2.895467996597294,0.6083463430404671,122423.64843750007,negative_leakage_margin
0.29299999421834977,0.9626520280519145,,0.446155974708558,0.9829119554927204,0.7357543726270597,0.2222222222222222,0.652744569384224,0.8280284269919703,-0.17528385760774634,1545807.0,1.240480453377812e+20,0.44433593749108924,0.021858215334412102,0.01523971557561495,,,,,,,6.172363185882564,1.7037578105926519,0.35413429141044617,0.4538271665573118,0.6015674829483031,2.903254842758183,0.6099826216697701,122575.85468750008,boundary_ambiguous_margin
0.29399999421834977,0.969039124286188,,0.43141893454580077,0.9863004601374453,0.7368852614927859,0.2222222222222222,0.6465058976804582,0.8332542330018305,-0.18674833532137236,1556300.5,1.2449848446535546e+20,0.44921874998747746,0.02088546753030315,0.016269683837247726,,,,,,,6.164442825317379,1.70495674610138,0.35415118932724,0.45347984433174116,0.601326537132263,2.911041688919071,0.6116189002990731,122728.06093750008,boundary_ambiguous_margin
0.29499999421834977,0.979755545925055,,0.45483813912489796,0.9916083608693725,0.7380161503585119,0.2222222222222222,0.65982519736942,0.8420222143427216,-0.1821970169733016,1574374.75,1.252040718632249e+20,0.43701171874281713,0.022392272949373068,0.014953613281207914,,,,,,,6.156522464752193,1.706155681610108,0.3541680872440338,0.4531325221061705,0.6010855913162231,2.91882853507996,0.6132551789283761,122880.26718750008,boundary_ambiguous_margin
0.29599999421834977,0.977748544547822,,0.45571516118623023,0.9965257918419113,0.7391470392242383,0.2222222222222222,0.6617757883596525,0.8403801223068038,-0.17860433394715136,1563659.25,1.2585775351617028e+20,0.4296875000216298,0.02220153808565586,0.014305114746431716,,,,,,,6.148602104187008,1.707354617118836,0.35418498516082764,0.4527851998805998,0.600844645500183,2.9266153812408486,0.614891457557679,123032.47343750007,boundary_ambiguous_margin
0.29699999421834977,0.9767093499788471,,0.4413308664311115,1.0,0.7402779280899638,0.2222222222222222,0.6557349152380467,0.8395298722049152,-0.18379495696686843,1556960.125,1.2637089999089985e+20,0.4492187500108149,0.021991729737201204,0.016002655028789926,,,,,,,6.140681743621822,1.7085535526275628,0.35420188307762124,0.4524378776550293,0.600603699684143,2.9344022274017356,0.6165277361869815,123184.67968749996,boundary_ambiguous_margin
0.2979999942183498,0.9781646641636625,,0.4370013547845955,1.0,0.7402679318649719,0.2222222222222222,0.6535676603585407,0.8407205838106733,-0.18715292345213252,1560308.5,1.2672500430769488e+20,0.45410156250542777,0.023193359376385215,0.015544891357902461,,,,,,,6.132400417327877,1.7070309400558463,0.35375091433525063,0.45238521695137024,0.600441551208496,2.9386773586273214,0.6172195792198185,123090.80937499995,boundary_ambiguous_margin
0.2989999942183498,0.9800112023543339,,0.4580761704051646,1.0,0.7402579356399797,0.2222222222222222,0.6641025691125773,0.842231387784859,-0.1781288186722817,1564557.0,1.2669168470732675e+20,0.4370117187354717,0.02225875854527657,0.01682281494154813,,,,,,,6.124119091033932,1.70550832748413,0.35329994559288,0.4523325562477112,0.6002794027328491,2.9429524898529076,0.6179114222526554,122996.93906249995,boundary_ambiguous_margin
0.2999999942183498,0.9750639925260849,,0.4285714285714286,1.0,0.7402479394149879,0.2222222222222222,0.6493476991394613,0.8381836706526552,-0.18883597151319387,1553174.5,1.2792059565955246e+20,0.46142578125181605,0.028305053706652785,0.01728057861294074,,,,,,,6.115837764739986,1.7039857149124138,0.3528489768505094,0.4522798955440521,0.6001172542572021,2.9472276210784933,0.6186032652854923,122903.06874999995,boundary_ambiguous_margin
0.3009999942183498,0.9868049503732543,,0.4640975462628171,1.0,0.7402379431899959,0.2222222222222222,0.6671082589289075,0.8477899088912484,-0.18068164996234093,1580188.0,1.2692425340683393e+20,0.4321289062572913,0.022583007812984186,0.01688003539966435,,,,,,,6.107556438446041,1.7024631023406975,0.3523980081081388,0.45222723484039307,0.5999551057815551,2.951502752304079,0.6192951083183292,122809.19843749996,boundary_ambiguous_margin
0.3019999942183498,0.986689066356522,,0.4430227306600553,1.0,0.7402279469650043,0.2222222222222222,0.6565683520712787,0.8476950946957401,-0.1911267426244614,1579921.375,1.27198761877871e+20,0.44921875001280714,0.02241134643541823,0.01670837402335174,,,,,,,6.099275112152093,1.7009404897689822,0.3519470393657685,0.4521745741367339,0.5997929573059081,2.9557778835296653,0.6199869513511659,122715.32812500013,boundary_ambiguous_margin
0.3029999942183498,0.9756444448630606,,0.4304189534725344,1.0,0.7406532723216397,0.2222222222222222,0.6503727948166771,0.8386585862010898,-0.1882857913844127,1554510.0,1.2800312940037983e+20,0.4565429687334727,0.021781921386575285,0.01533508300798466,,,,,,,6.086901092529291,1.701574039459229,0.352022922039032,0.45195208191871633,0.5996072769165038,2.960168552398684,0.6202889323234559,122975.02968750014,boundary_ambiguous_margin
0.3039999942183498,0.9841638487767173,,0.437001354816291,1.0,0.7410785976782752,0.2222222222222222,0.6537703268277143,0.8456290075849908,-0.19185868075727652,1574111.375,1.2778881259389374e+20,0.45410156247972544,0.02246856689414246,0.016441345214469362,,,,,,,6.074527072906488,1.7022075891494755,0.35209880471229554,0.45172958970069876,0.5994215965270995,2.9645592212677023,0.620590913295746,123234.73125000013,boundary_ambiguous_margin
0.3049999942183498,0.9830988350026872,,0.4490441065581358,1.0,0.7415039230349105,0.2222222222222222,0.6598980340377956,0.8447576326789662,-0.18485959864117063,1571661.0,1.2847939385706729e+20,0.44433593750184314,0.02231597900456863,0.01619338989269332,,,,,,,6.062153053283685,1.702841138839722,0.3521746873855591,0.45150709748268114,0.5992359161376952,2.968949890136721,0.6208928942680361,123494.43281250013,boundary_ambiguous_margin
0.3059999942183498,0.9809690247711145,,0.4490441065649713,1.0,0.741929248391546,0.2222222222222222,0.6600043653803721,0.8430150606713158,-0.18301069529094371,1566760.75,1.2989821245764246e+20,0.4443359374963002,0.022659301760905335,0.017261505125854736,,,,,,,6.049779033660882,1.7034746885299685,0.35225057005882265,0.4512846052646636,0.599050235748291,2.9733405590057393,0.6211948752403261,123754.13437500013,boundary_ambiguous_margin
0.3069999942183498,0.9749680472970415,,0.482161673920909,1.0,0.74235457374818,0.2222222222222222,0.6766694803974995,0.8381051700107106,-0.1614356896132111,1552953.75,1.299589846643329e+20,0.4174804687537134,0.02613067626710884,0.01750946044913172,,,,,,,6.037405014038076,1.704108238220213,0.35232645273208624,0.45106211304664634,0.5988645553588866,2.977731227874762,0.6214968562126167,124013.8359375,boundary_ambiguous_margin
0.3079999942183498,0.9753564461885651,,0.4285714285714286,1.0,0.7401151015613942,0.2222222222222222,0.6493144896760629,0.8384229509219573,-0.18910846124589442,1553847.375,1.3118835301339575e+20,0.46142578123514644,0.02483367919969743,0.017261505127083673,,,,,,,6.018617534637442,1.7004382848739605,0.3524196028709412,0.45147651433944724,0.5985767960548399,2.990188550949103,0.6229689240455635,124020.2,boundary_ambiguous_margin
0.3089999942183498,0.9849518383588491,,0.4701189221701564,1.0,0.7378756293746083,0.2222222222222222,0.6695283684287303,0.8462737263340079,-0.17674535790527757,1575924.375,1.3162272167901843e+20,0.42724609373881917,0.022449493408290475,0.017604827880495416,,,,,,,5.999830055236807,1.6967683315277082,0.3525127530097962,0.45189091563224815,0.5982890367507934,3.0026458740234436,0.6244409918785102,124026.56406250001,boundary_ambiguous_margin
0.3099999942183498,0.9707943755045336,,0.48517236187007445,1.0,0.7356361571878225,0.2222222222222222,0.6764952202319929,0.8346903476350224,-0.15819512740302943,1543351.0,1.3115602737153914e+20,0.4150390624981298,0.027179718013676902,0.017509460448648907,,,,,,,5.981042575836172,1.6930983781814557,0.35260590314865115,0.45230531692504905,0.5980012774467467,3.0151031970977846,0.625913059711457,124032.928125,boundary_ambiguous_margin
0.3109999942183498,0.9769040112221439,,0.4761402980455577,1.0,0.7333966850010366,0.2222222222222222,0.671419320273038,0.8396891404948853,-0.16826982022184733,1557408.0,1.3201800050725041e+20,0.42236328124624595,0.02517700195330097,0.01630783081025359,,,,,,,5.962255096435538,1.6894284248352032,0.35269905328750617,0.45271971821784995,0.5977135181427,3.027560520172125,0.6273851275444038,124039.2921875,boundary_ambiguous_margin
0.3119999942183498,0.9804006878282931,,0.494204425689962,1.0,,0.4444444444444444,0.6628029504599747,0.8829540981221388,-0.22015114766216404,1565453.125,1.3161740004273999e+20,0.4077148437537676,0.024776458739719273,0.018558502196382592,,,,,,,,,,,,,,,negative_leakage_margin
0.3129999942183498,0.9661433137190452,,0.4285714285714286,1.0,,0.4444444444444444,0.6190476190476191,0.871288973850936,-0.2522413548033169,1532649.875,1.337528979144856e+20,1.2402343749981162,0.029411315916644202,0.02319335937295431,,,,,,,,,,,,,,,negative_leakage_margin
0.3139999942183498,0.9732240824882692,,0.26172835814197826,1.0,,0.4444444444444444,0.5078189054279855,0.8770823301166647,-0.36926342468867923,1548941.25,1.4235989252890218e+20,0.585937500022687,0.011844635012143617,0.009307861328228391,,,,,,,,,,,,,,,negative_leakage_margin
0.3149999942183498,0.9722460496381908,,0.3161240852550211,1.0,,0.4444444444444444,0.5440827235033474,0.876282121421146,-0.3321993979177986,1546691.0,1.422542250634264e+20,0.556640625,0.017166137695179093,0.009841918944838162,,,,,,,,,,,,,,,negative_leakage_margin
0.3159999942183498,0.9721580364609257,,0.2914160453180586,1.0,,0.4444444444444444,0.5276106968787057,0.8762101106397473,-0.34859941376104164,1546488.5,1.4213911939013778e+20,0.5004882812575894,0.018825531006333714,0.0066947937018982055,,,,,,,,,,,,,,,negative_leakage_margin
0.3169999942183498,0.9728370418247896,,0.18741555323842232,1.0,,0.4444444444444444,0.45827703549228155,0.8767656604829086,-0.41848862499062706,1548050.75,1.3704723706144201e+20,0.5468750000057124,0.011501312257213092,0.003643035888909891,,,,,,,,,,,,,,,negative_leakage_margin
0.3179999942183498,0.721409021884093,,0.11468897266989679,0.544094053160949,,0.4444444444444444,0.25782399950024754,0.671051825985975,-0.4132278264857275,1534908.5,6.57153075037067e+19,1.1279296874770692,0.0061416625978652556,0.0016784667963524865,,,,,,,,,,,,,,,negative_leakage_margin
0.3189999942183498,0.7010937380837734,,0.04381821569300732,0.3522586623480398,,0.4444444444444444,0.14663169791135147,0.6544302301493499,-0.5077985322379984,1554739.5,4.021433432069793e+19,1.064453125005753,0.002059936523272699,-0.0010490417480918206,,,,,,,,,,,,,,,negative_leakage_margin
0.3199999942183498,0.738461750208386,,0.003573827116295369,0.27643484117196715,,0.4444444444444444,0.09452749846818596,0.6850040582513057,-0.5904765597831197,1546691.0,3.0134957297247453e+19,1.4892578124884532,-0.002136230467201412,-0.0015449523925630902,,,,,,,,,,,,,,,negative_leakage_margin
0.3209999942183498,0.7004886999346793,,0.0073485012489863345,0.36004082853970804,,0.4444444444444444,0.12491261034589357,0.6539351989364548,-0.5290225885905613,1562997.625,4.124882962690028e+19,1.3305664062480755,-0.00091552734375,-0.00196456909181191,,,,,,,,,,,,,,,negative_leakage_margin
0.3219999942183498,0.7810980736734146,,0.0008544768912379958,0.22214730314849793,,0.4444444444444444,0.07461875231032464,0.7198883229045109,-0.6452695705941862,1577469.625,2.2918431475595477e+19,1.2768554687480687,-0.001640319824158399,-0.00213623046875,,,,,,,,,,,,,,,negative_leakage_margin
0.3229999942183498,0.777491904236901,,0.0,0.2072652506650182,,0.4444444444444444,0.0690884168883394,0.7169378206382725,-0.647849403749933,1550718.25,2.0940137378342765e+19,0.8911132812306198,-0.001745223998970445,-0.0020980834961240313,,,,,,,,,,,,,,,negative_leakage_margin
0.3239999942183498,0.8012741460473314,,0.26863080459173305,0.17772547060791244,,0.4444444444444444,0.23832902659712618,0.73639601848317,-0.49806699188604386,1568805.75,1.7013369038694253e+19,0.244140625,-0.001592636108345445,-0.0021934509277495157,,,,,,,,,,,,,,,negative_leakage_margin
0.3249999942183498,0.8179199673682559,,0.28419693044079947,0.13113868473947224,,0.4444444444444444,0.2331775152070237,0.7500153268366537,-0.51683781162963,1549334.875,1.0820516030292427e+19,0.23193359374611042,-0.001535415649436853,-0.00213623046875,,,,,,,,,,,,,,,negative_leakage_margin
0.3259999942183498,0.8283769392091667,,0.42113049855266127,0.11753069617285823,,0.4444444444444444,0.31993056442606027,0.7585710310701262,-0.438640466644066,1556519.75,9.01158520662419e+18,0.12207031249804844,-0.0013732910156554932,-0.002326965331817798,,,,,,,,,,,,,,,negative_leakage_margin
0.3269999942183498,0.8366384270322592,,0.4817915146737091,0.10037794227065401,,0.4444444444444444,0.3546536572060241,0.7653304301981111,-0.410676772992087,1554257.625,6.73144328170976e+18,0.07080078124608331,-0.0016593933107457689,-0.0021743774413756508,,,,,,,,,,,,,,,negative_leakage_margin
0.3279999942183498,0.8447865080154978,,0.5262682522823198,0.07930499042866875,,0.4444444444444444,0.3772804983311027,0.7719970419116698,-0.3947165435805671,1546873.375,3.930183422764384e+18,0.03417968750786046,-0.001735687256058957,-0.001983642578155705,,,,,,,,,,,,,,,negative_leakage_margin
0.3289999942183498,0.8570040939152654,,0.5172361884821366,0.06584695157964397,,0.4444444444444444,0.3667731095146391,0.7819932485569343,-0.4152201390422952,1558295.0,2.141185645396099e+18,0.041503906236244184,-0.0018310546875,-0.002441406249677598,,,,,,,,,,,,,,,negative_leakage_margin
0.3299999942183498,0.8558513762309754,,0.5202468764025898,0.054227895086989025,,0.4444444444444444,0.36490721596405623,0.7810501159061516,-0.41614289994209536,1541234.75,5.966466175582863e+17,0.03906250000394378,-0.0017642974854285896,-0.002193450927657348,,,,,,,,,,,,,,,negative_leakage_margin
0.3309999942183498,0.8746713629416006,,0.49917206083345395,0.04370565039005562,,0.4444444444444444,0.34734992401898784,0.7964482868512086,-0.44909836283222077,1571487.625,-8.020915334393364e+17,0.05615234373219198,-0.001831054687453625,-0.0021934509277498336,,,,,,,,,,,,,,,negative_leakage_margin
0.3319999942183498,0.8802829186301013,,0.5082041246432135,0.03383578446214194,,0.4444444444444444,0.35008134458285634,0.8010395596872546,-0.45095821510439826,1572159.625,-2.1141079725388595e+18,0.04882812499604266,-0.0018119812018056675,-0.0022697448725676663,,,,,,,,,,,,,,,negative_leakage_margin
0.3329999942183498,0.8629108050355963,,0.5271227291920871,0.026414642335415846,,0.4444444444444444,0.3602200335731967,0.7868260122008414,-0.42660597862764466,1522987.5,-3.100611795212042e+18,0.03417968749205822,-0.001640319824265284,-0.0020217895509518744,,,,,,,,,,,,,,,negative_leakage_margin
0.3339999942183498,0.8714680633120956,,0.544332379933409,0.02101766010652602,,0.4444444444444444,0.36989413999111465,0.793827405336159,-0.4239332653450444,1535983.5,-3.8180409333126267e+18,0.01953125000996111,-0.0017738342285000608,-0.0020408630372183247,,,,,,,,,,,,,,,negative_leakage_margin
0.3349999942183498,0.8717084999262638,,0.539316357506412,0.02057154956440149,,0.4444444444444444,0.36640142152574184,0.7940241262022966,-0.4276227046765547,1535983.5,-3.877343092956725e+18,0.02685546874200401,-0.0012874603275076324,-0.0022888183592500626,,,,,,,,,,,,,,,negative_leakage_margin
0.3359999942183498,0.8767423729827906,,0.5458549357960787,0.01826838137260804,,0.4444444444444444,0.3699927509882552,0.7981427496121821,-0.42814999862392694,1544709.375,-4.1835067786353705e+18,0.021972656247994226,-0.0019168853761254284,-0.0014686584473126354,,,,,,,,,,,,,,,negative_leakage_margin
0.3369999942183498,0.8725061130786754,,0.5473430678904463,0.011029701228483804,,0.4444444444444444,0.3685719456697922,0.7946767187815426,-0.4261047731117504,1525986.375,-5.145755649677722e+18,0.017089843747994226,-0.0017833709715464915,-0.001831054687766392,,,,,,,,,,,,,,,negative_leakage_margin
0.3379999942183498,0.8737040901247556,,0.5623764887651189,0.008806952454015674,,0.4444444444444444,0.3778533099947512,0.7956568818192444,-0.41780357182449324,1525986.375,-5.441229058677408e+18,0.00732421875201255,-0.001401901245486679,-0.0019073486323722547,,,,,,,,,,,,,,,negative_leakage_margin
0.3389999942183498,0.8752790610055915,,0.5694907055912735,0.01196638448422059,,0.4444444444444444,0.38364926522225584,0.7969454943581101,-0.4132962291358543,1533527.875,-5.021240905634415e+18,0.00244140625,-0.0015449523927674369,-0.0016403198243291818,,,,,,,,,,,,,,,negative_leakage_margin
0.3399999942183498,0.8721389301927194,,0.5731909814395064,0.013258107546491623,,0.4444444444444444,0.38654669014183485,0.7943762964203057,-0.40782960627847087,1527904.875,-4.849530174724637e+18,2.0193265462578374e-12,-0.001773834228436745,-0.0014495849610479318,,,,,,,,,,,,,,,negative_leakage_margin
0.3409999942183498,0.8839803384267081,,0.5712721480928367,0.010948208614851062,,0.4444444444444444,0.3844975016001748,0.8040647213390238,-0.41956721973884903,1552285.125,-5.156588587990385e+18,0.0,-0.0018119812010610726,-0.0016021728516574735,,,,,,,,,,,,,,,negative_leakage_margin
0.3419999942183498,0.8835052286380375,,0.5727222823432148,0.010566167271934773,,0.4444444444444444,0.38533691065278813,0.8036759951482932,-0.4183390844955051,1550718.25,-5.20737393056573e+18,-0.004882812493901363,-0.001668930053750642,-0.0017738342285950344,,,,,,,,,,,,,,,negative_leakage_margin
0.3429999942183498,0.8759002950019616,,0.5689959984764629,0.007557991818791714,,0.4444444444444444,0.3818499962572392,0.7974537767187767,-0.4156037804615375,1529490.625,-5.607255314471584e+18,0.0024414062479603447,-0.0013351440434149246,-0.001983642577631021,,,,,,,,,,,,,,,negative_leakage_margin
0.3439999942183498,0.8900076626520571,,0.5747625443740516,0.0,,0.4444444444444444,0.38317502958270105,0.8089961684324911,-0.42582113884979006,1549148.125,-6.979474413238354e+18,-0.00244140625,-0.0018310546872441962,-0.0015640258788742745,,,,,,,,,,,,,,,negative_leakage_margin
0.3449999942183498,0.8902203966575442,,0.5747625443707238,0.0,,0.4444444444444444,0.38317502958048255,0.8091702235278896,-0.42599519394740704,1547751.125,-7.181701539621241e+18,-0.0024414062479535684,-0.0017929077147318358,-0.0015640258789382255,,,,,,,,,,,,,,,negative_leakage_margin
0.3459999942183498,0.885835302980249,,0.5707924397626536,0.0,,0.4444444444444444,0.3805282931751024,0.8055824196101027,-0.4250541264350003,1539489.5,-6.985787809005044e+18,-2.0532078641423706e-12,-0.0018215179443599985,-0.0016403198239460584,,,,,,,,,,,,,,,negative_leakage_margin
0.3469999942183498,0.8802488919922915,,0.5760677011758925,0.0,,0.4444444444444444,0.38404513411726166,0.8010117197108647,-0.41696658559360306,1525705.875,-7.085532205341999e+18,-2.059984127720398e-12,-0.000905990601036559,-0.0018119812011075005,,,,,,,,,,,,,,,negative_leakage_margin
0.3479999942183498,0.8795756961043446,,0.5753246971957061,0.0036549236636169605,,0.4444444444444444,0.38476810601834305,0.8004609230752718,-0.4156928170569288,1533107.0,-6.126096159921406e+18,-0.002441406247940016,-0.0015926361088571058,-0.0016212463379389058,,,,,,,,,,,,,,,negative_leakage_margin
0.3489999942183498,0.8835876024476791,,0.573083565194792,0.007444270230886454,,0.4444444444444444,0.38453713354015684,0.8037433919016365,-0.4192062583614796,1547036.5,-5.622372499841876e+18,-0.00244140625,-0.0018024444579190064,-0.001697540283057806,,,,,,,,,,,,,,,negative_leakage_margin
0.3499999942183498,0.8785431148772611,,0.57289317772028,0.0009860602113930571,,0.4444444444444444,0.3822574718839844,0.7996160838894762,-0.41735861200549185,1527421.75,-6.480872278321005e+18,-0.00244140625,-0.0016498565674719098,-0.0017738342284346275,,,,,,,,,,,,,,,negative_leakage_margin
0.3509999942183498,0.8832303422910524,,0.5756225009263632,0.0,,0.4444444444444444,0.38374833395090885,0.8034510881371236,-0.4197027541862148,1534077.5,-6.923454295803167e+18,-2.080312918454481e-12,-0.0016784667969725147,-0.0012969970705562868,,,,,,,,,,,,,,,negative_leakage_margin
0.3519999942183498,0.8920483103340454,,0.5739105439529721,0.0,,0.4444444444444444,0.3826070293019814,0.8106657892632089,-0.42805875996122744,1552842.875,-7.086711981318603e+18,-2.0870891820325087e-12,-0.0017356872556800159,-0.0013923645021161788,,,,,,,,,,,,,,,negative_leakage_margin
0.3529999942183498,0.8760527778406317,,0.5767143555235,0.0,,0.4444444444444444,0.3844762370156667,0.7975785354049613,-0.4131022983892946,1515838.125,-7.108404795978809e+18,-0.0048828124937387325,-0.001678466796638572,-0.0014495849610679432,,,,,,,,,,,,,,,negative_leakage_margin
0.3539999942183498,0.8829903107273941,,0.5788400652403006,0.0,,0.4444444444444444,0.3858933768268671,0.8032546986759487,-0.4173613218490816,1531501.5,-7.140397835568022e+18,-0.0024414062520938654,-0.0017642974851798002,-0.0012397766115735,,,,,,,,,,,,,,,negative_leakage_margin
0.3549999942183498,0.884475206713233,,0.5729151462901468,0.0,,0.4444444444444444,0.3819434308600979,0.8044696135734531,-0.42252618271335524,1535691.25,-7.057499056880222e+18,-4.2012834183771275e-12,-0.0016593933101201822,-0.0015258789062828225,,,,,,,,,,,,,,,negative_leakage_margin
0.3559999942183498,0.8797984761880281,,0.5736646833842515,0.0,,0.4444444444444444,0.38244312225616767,0.8006431976891947,-0.418200075433027,1527421.75,-6.790499150749237e+18,-2.1006417091943944e-12,-0.001468658447265625,-0.0016021728518579028,,,,,,,,,,,,,,,negative_leakage_margin
0.3569999942183498,0.8821487132928252,,0.576024767613522,0.00017239130696334467,,0.4444444444444444,0.38407397551133576,0.8025661189567559,-0.41849214344542013,1534708.5,-6.589034535680213e+18,-0.00244140625,-0.0014877319337995526,-0.0016403198239882512,,,,,,,,,,,,,,,negative_leakage_margin
0.3579999942183498,0.8822400201581706,,0.5781144963365583,0.0,,0.4444444444444444,0.38540966422437223,0.8026408245738568,-0.41723116034948454,1529033.125,-7.219951899884126e+18,-0.00244140625,-0.001468658447381245,-0.0014877319337589215,,,,,,,,,,,,,,,negative_leakage_margin
0.3589999942183498,0.8864559800711146,,0.5808548287803462,0.0,,0.4444444444444444,0.3872365525202308,0.8060902463208108,-0.41885369380058,1540633.5,-7.016237684024672e+18,-0.00488281249787903,-0.0014305114746922254,-0.0012969970705776213,,,,,,,,,,,,,,,negative_leakage_margin
0.35999999421834983,0.8860015434538788,,0.5778806485642598,0.0,,0.4444444444444444,0.38525376570950653,0.8057184345430726,-0.42046466883356604,1535691.25,-7.433960293358633e+18,-0.00244140625,-0.0018692016597074285,-0.0013160705568068553,,,,,,,,,,,,,,,negative_leakage_margin
0.36099999421834983,0.886667312034674,,0.5754431226906672,0.0,,0.4444444444444444,0.3836287484604448,0.8062631542909958,-0.422634405830551,1541374.625,-6.988913170806997e+18,-0.00244140625,-0.001525878906266623,-0.0016593933103307757,,,,,,,,,,,,,,,negative_leakage_margin
0.36199999421834983,0.8837318502843576,,0.5748464789843566,0.00051061150123449,,0.4444444444444444,0.3834011898233159,0.8038614128589189,-0.420460223035603,1538770.375,-6.544074405708825e+18,-0.00244140625,-0.001354217529330227,-0.0018501281736113375,,,,,,,,,,,,,,,negative_leakage_margin
0.36299999421834983,0.8838877390211858,,0.5785612268751263,0.0,,0.4444444444444444,0.3857074845834176,0.803988958189051,-0.41828147360563345,1528913.625,-7.639161598694654e+18,-0.0024414062457174014,-0.0015258789061998134,-0.0014114379883481657,,,,,,,,,,,,,,,negative_leakage_margin
0.36399999421834983,0.8885619417782643,,0.5766753713253148,0.0,,0.4444444444444444,0.38445024755020984,0.8078133058993879,-0.4233630583491781,1540362.75,-7.564683979563991e+18,-0.0024414062478587007,-0.0014686584472321672,-0.0016021728515625,,,,,,,,,,,,,,,negative_leakage_margin
0.36499999421834983,0.8800347776661233,,0.5789689732223413,0.0,,0.4444444444444444,0.3859793154815609,0.8008365352621816,-0.4148572197806207,1526449.625,-6.952992675683369e+18,-0.002441406245703849,-0.0013732910156501728,-0.0014877319336776592,,,,,,,,,,,,,,,negative_leakage_margin
0.36599999421834983,0.8789038766157481,,0.578691624983031,0.005494253929965062,,0.4444444444444444,0.387625834632009,0.7999112525846019,-0.41228541795259294,1533842.125,-5.88159116218309e+18,-0.00244140625,-0.0009250640872760103,-0.0018692016597353805,,,,,,,,,,,,,,,negative_leakage_margin
0.36699999421834983,0.8726840428894254,,0.5781474741419387,0.011768585513156049,,0.4444444444444444,0.38935451126567777,0.7948222977176106,-0.4054677864519328,1527312.0,-5.04753462670105e+18,-0.002441406252161628,-0.0014114379881292605,-0.0015258789060642352,,,,,,,,,,,,,,,negative_leakage_margin
0.36799999421834984,0.8696965202364927,,0.5770501398806172,0.004079851502517594,,0.4444444444444444,0.38606004375458397,0.7923779610015748,-0.4063179172469908,1510904.0,-6.069609849556042e+18,-0.004882812497831596,-0.001373291015675822,-0.0016403198242865126,,,,,,,,,,,,,,,negative_leakage_margin
0.36899999421834984,0.8941950765620619,,0.5768982098645861,0.0009687980865870148,,0.4444444444444444,0.38492173927191975,0.8124222343588586,-0.4275004950869389,1563412.25,-6.483166959088173e+18,-2.168404344974859e-12,-0.0012683868410490115,-0.0014877319336615126,,,,,,,,,,,,,,,negative_leakage_margin
0.36999999421834984,0.8743756165815438,,0.5799283898986041,0.00143769595685752,,0.4444444444444444,0.3870981585846886,0.7962063125566166,-0.40910815397192796,1518393.25,-6.420835644909552e+18,-0.0024414062478248194,-0.00137329101604984,-0.0014114379881622948,,,,,,,,,,,,,,,negative_leakage_margin
0.37099999421834984,0.8748763435527354,,0.5787291190602516,0.0011934952032525386,,0.4444444444444444,0.38621724444125194,0.7966159982603188,-0.4103987538190669,1519242.5,-6.45329762620801e+18,-0.002441406252181957,-0.001373291015625,-0.001506805420109387,,,,,,,,,,,,,,,negative_leakage_margin
0.37199999421834984,0.8797287164493552,,0.576865232068864,0.00874472774634157,,0.4444444444444444,0.38749173062802317,0.8005861215393715,-0.4130943909113483,1539770.625,-5.449500684653167e+18,0.0,-0.0013256072998473038,-0.0014495849608863604,,,,,,,,,,,,,,,negative_leakage_margin
0.37299999421834984,0.8678166225217617,,0.5801322630717677,0.004272489205791542,,0.4444444444444444,0.38817900511644227,0.7908398628713403,-0.40266085775489807,1506817.625,-6.044002223745139e+18,-0.002441406247811267,-0.0012969970705005943,-0.0014495849610571964,,,,,,,,,,,,,,,negative_leakage_margin
0.37399999421834984,0.8665155171960167,,0.6020188440381704,0.0033854790169079822,,0.4444444444444444,0.4024743890310829,0.7897753221502762,-0.38730093311919334,1502724.125,-6.161913850707837e+18,-0.00244140625,0.0016784667941306133,-0.002765655516137322,,,,,,,,,,,,,,,negative_leakage_margin
0.37499999421834984,0.8817068146846334,,0.5748444621296419,0.0,,0.4444444444444444,0.3832296414197613,0.8022045655500536,-0.4189749241302923,1529986.0,-6.986292484842193e+18,2.2022856628589784e-12,-0.0013637542724695402,-0.0015830993652171696,,,,,,,,,,,,,,,negative_leakage_margin
0.37599999421834984,0.8744644718323811,,0.5800468153893686,0.003265611880976422,,0.4444444444444444,0.38778641421990456,0.7962790123073016,-0.408492598087397,1520864.375,-6.177847973217567e+18,-0.00244140625,-0.00130653381350245,-0.001449584960868467,,,,,,,,,,,,,,,negative_leakage_margin
0.37699999421834984,0.8662709460886037,,0.5793437417786447,0.0051499047301925855,,0.4444444444444444,0.3879457960958273,0.7895752185169383,-0.40162942242111105,1504349.375,-5.927366030270661e+18,-0.00244140625,-0.0012779235840102625,-0.0015258789064053248,,,,,,,,,,,,,,,negative_leakage_margin
0.37799999421834984,0.8641128416537551,,0.5765558923792692,0.010515439619114718,,0.4444444444444444,0.3878757414592177,0.7878094967066077,-0.39993375524739,1506037.5,-5.21411723537888e+18,0.0024414062455683236,-0.0010776519779458766,-0.00141143798814276,,,,,,,,,,,,,,,negative_leakage_margin
0.37899999421834984,0.877386388646765,,0.5833493006609802,0.0018296917641744174,,0.4444444444444444,0.38950943102871166,0.7986696715190703,-0.40916024049035865,1525806.5,-6.368727040090178e+18,-0.004882812493332157,-0.0011253356936198377,-0.0013160705564843474,,,,,,,,,,,,,,,negative_leakage_margin
0.37999999421834985,0.870564831461073,,0.576845739971624,0.0012173991518339773,,0.4444444444444444,0.38496962636502735,0.7930883974580496,-0.40811877109302225,1509352.25,-6.450120037603738e+18,0.0,-0.001220703124687445,-0.0015258789065104627,,,,,,,,,,,,,,,negative_leakage_margin
0.38099999421834985,0.8842385156720047,,0.5809042954772531,0.0010730077226346086,,0.4444444444444444,0.38762719955904695,0.8042759572669937,-0.4166487577079468,1540633.5,-6.469314212089823e+18,-0.0024414062522293907,-0.0013446807861763554,-0.0013542175293839605,,,,,,,,,,,,,,,negative_leakage_margin
0.38199999421834985,0.8839353760233873,,0.578282388516678,0.00481055964422349,,0.4444444444444444,0.3871251122258598,0.804027933918125,-0.41690282169226517,1544570.75,-5.972475693823427e+18,-0.002441406247763833,-0.0013160705566056849,-0.001583099365234375,,,,,,,,,,,,,,,negative_leakage_margin
0.38299999421834985,0.8653262725172834,,0.5775958038098596,0.008209684589979104,,0.4444444444444444,0.3878004307365661,0.7888023037767673,-0.4010018730402012,1505970.125,-5.520624793319113e+18,-0.00244140625,-0.001258850097621204,-0.001678466796857477,,,,,,,,,,,,,,,negative_leakage_margin
0.38399999421834985,0.878910479648996,,0.580372117250433,0.0068786316745922445,,0.4444444444444444,0.38920762205848614,0.7999166550663503,-0.4107090330078642,1535574.0,-5.697563702018966e+18,-0.0048828124932508415,-0.0012969970700928007,-0.001430511474626951,,,,,,,,,,,,,,,negative_leakage_margin
0.38499999421834985,0.8776088333064487,,0.5839699297739672,0.008694455012958183,,0.4444444444444444,0.3922114381869642,0.7988516716951752,-0.40664023350821105,1534830.875,-5.456183516326789e+18,-0.0024414062477502805,-0.0012969970701718924,-0.0011444091797578038,,,,,,,,,,,,,,,negative_leakage_margin
0.38599999421834985,0.869482114623904,,0.5859967061013773,0.0038563123625999602,,0.4444444444444444,0.3919499081884515,0.7922025382276386,-0.40025263003918715,1510133.5,-6.099325250808316e+18,-0.0024414062477435042,-0.001525878906108969,-0.0008201599126382412,,,,,,,,,,,,,,,negative_leakage_margin
0.38699999421834985,0.8712684594603275,,0.5810911530202961,0.0038394720721806495,,0.4444444444444444,0.38867392603759093,0.7936640930938033,-0.4049901670562123,1514222.625,-6.101563856482468e+18,-2.263272035061227e-12,-0.001068115234657909,-0.001296997070224091,,,,,,,,,,,,,,,negative_leakage_margin
0.38799999421834985,0.8744552856387939,,0.5856788835478528,0.0,,0.4444444444444444,0.3904525890319019,0.7962714963307304,-0.40581890729882847,1516770.0,-6.61449702595625e+18,-0.002441406247736728,-0.0011062622072787955,-0.0011444091798466364,,,,,,,,,,,,,,,negative_leakage_margin
0.38899999421834985,0.8869187870503048,,0.5855769469590147,0.003370921594934511,,0.4444444444444444,0.39150827183765463,0.8064689065765119,-0.4149606347388573,1549649.75,-6.163848991172723e+18,-0.0024414062477299517,-0.0011444091798116433,-0.0011253356937495395,,,,,,,,,,,,,,,negative_leakage_margin
0.38999999421834985,0.872021640830986,,0.5819581694289291,0.0,,0.4444444444444444,0.3879721129526194,0.7942803323970693,-0.4063082194444499,1508560.875,-6.894267759643853e+18,-0.0048828124977231754,-0.0017547607414759923,-0.0009918212896317061,,,,,,,,,,,,,,,negative_leakage_margin
0.39099999421834986,0.8797100988653075,,0.5833193260638361,0.0002653272122439832,,0.4444444444444444,0.3889679931133054,0.8005708889706051,-0.41160289585729976,1529213.0,-6.576680423030522e+18,-0.00244140625,-0.0013160705565692624,-0.0011825561521831842,,,,,,,,,,,,,,,negative_leakage_margin
0.39199999421834986,0.88103644755141,,0.5824258649824057,0.0,,0.4444444444444444,0.38828390998827045,0.8016560833501435,-0.41337217336187304,1529132.5,-6.91244543563006e+18,-0.004882812497709623,-0.001201629638671875,-0.001335144042879282,,,,,,,,,,,,,,,negative_leakage_margin
0.39299999421834986,0.8709513547442084,,0.5751917325590907,0.0011795498547029519,,0.4444444444444444,0.3838543383242948,0.7934046437806149,-0.40955030545632015,1510194.625,-6.455151402812441e+18,0.002441406245419246,-0.001363754272273055,-0.0013160705566048379,,,,,,,,,,,,,,,negative_leakage_margin
0.39399999421834986,,,,,,1.0,,1.0,,,,,,,,,,,,,,,,,,,,,insufficient_data
