n,value
1,0.0
2,0.3457779999999957
3,1.3457779999999957
4,15.885317999999756
5,15.991147999999725
6,16.55224199999975
7,18.14500199999975
8,18.222523999999765
9,27.205013999999636
10,30.068563999999668
11,30.28664199999966
12,30.497040999999655
13,39.46443099999945
14,39.660460999999515
15,40.251426999999495
16,41.251426999999495
17,41.60704699999954
18,41.86738899999952
19,42.02511699999954
20,42.20458699999958
21,43.20458699999958
22,45.51849699999988
23,46.24247799999986
24,46.26023799999986
25,46.283942299999865
26,47.09487129999985
27,47.64093129999975
28,47.79556029999975
29,48.79556029999975
30,48.81891729999978
31,49.402117299999816
32,49.41751730000004
33,49.52060430000006
34,50.52060430000006
35,51.76876012000006
36,52.31711412000008
37,53.31711412000008
38,54.31711412000008
39,54.993249520000084
40,55.993249520000084
41,56.8608595200001
42,57.57277552000007
43,57.78089552000031
44,57.90619552000046
45,59.29382552000063
46,60.29382552000063
47,60.38839552000061
48,61.33444052000063
49,62.33444052000063
50,62.49417052000049
51,63.49417052000049
52,64.22284052000046
53,65.22284052000046
54,65.42249952000046
55,65.46211952000047
56,65.76364452000044
57,66.76364452000044
58,67.76364452000044
59,68.76364452000044
60,70.05658442000043
61,70.43532642000042
62,70.8912064200004
63,83.45099642000065
64,83.85543242000062
65,84.51467242000058
66,85.51467242000058
67,89.71789242000091
68,89.97014242000091
69,90.15838242000092
70,91.15838242000092
71,91.91281242000088
72,92.91281242000088
73,93.91281242000088
74,94.91281242000088
75,95.91281242000088
76,96.24499242000098
77,96.513224420001
78,97.20933442000097
79,97.23133442000102
80,97.75056742000103
81,97.75253332000104
82,97.92572332000101
83,98.92572332000101
84,98.92689332000101
85,99.92689332000101
86,100.55479332000097
87,101.20610332000093
88,102.20610332000093
89,102.22362112000093
90,102.81948112000083
91,102.86589112000087
92,103.86589112000087
93,104.69387707000087
94,104.74344727000087
95,104.80067827000087
96,105.09963827000095
97,105.131682270001
98,106.131682270001
99,107.131682270001
100,107.82763227000103
101,118.07153227000052
102,118.82635427000052
103,119.66999427000057
104,120.66999427000057
105,120.71587827000057
106,121.71587827000057
107,122.20463827000076
108,143.07353827000026
109,143.62741827000025
110,144.36105827000017
111,144.5628862700002
112,145.0756362700003
113,146.0756362700003
114,146.7020262700002
115,146.8329362700003
116,154.82276627000027
117,154.96807627000038
118,155.71423627000007
119,155.96532127000006
120,156.96532127000006
121,157.96532127000006
122,158.71213127000004
123,159.71213127000004
124,159.99360126999994
125,160.09591226999993
126,160.42244026999992
127,160.46664926999995
128,187.90830926999945
129,188.70014926999943
130,189.4681692699994
131,190.01924726999948
132,190.36653726999964
133,190.36730926999968
134,190.50459926999957
135,192.3352192699993
136,193.3352192699993
137,193.4837872699993
138,193.5045672699993
139,194.5045672699993
140,194.66111626999935
141,197.1960762699993
142,198.1960762699993
143,198.81181626999927
144,199.10253926999928
145,200.10253926999928
146,200.3331722699993
147,201.0591742699993
148,201.74029426999925
149,202.74029426999925
150,203.74029426999925
151,204.1269282699992
152,206.89224826999873
153,207.1845382699987
154,208.1845382699987
155,209.1845382699987
156,209.77574826999876
157,210.6071852699988
158,211.29692726999883
159,211.76944726999864
160,212.76944726999864
161,213.76944726999864
162,214.76944726999864
163,214.88367126999864
164,215.01469126999868
165,216.01469126999868
166,216.6543612699987
167,216.68347126999865
168,216.8681212699988
169,217.8681212699988
170,219.10372126999877
171,219.1705272699988
172,220.1705272699988
173,220.9555702699988
174,221.01505526999878
175,221.91301326999877
176,222.91301326999877
177,222.98498326999874
178,223.98498326999874
179,224.98498326999874
180,225.98498326999874
181,226.13486626999878
182,226.20516026999877
183,226.28322926999877
184,227.28322926999877
185,227.62355926999876
186,227.78909926999873
187,228.78909926999873
188,229.78909926999873
189,229.85953026999871
190,230.20858026999852
191,230.30074226999855
192,260.82057226999825
193,261.0382722699984
194,262.0382722699984
195,263.0382722699984
196,268.6038298699984
197,286.72809986999863
198,287.72809986999863
199,288.0023108699986
200,288.14530086999866
201,288.89736986999867
202,288.9684498699986
203,289.0362498699984
204,289.7524798699984
205,290.0231478699984
206,290.0326988699984
207,291.0326988699984
208,291.17887886999836
209,292.17887886999836
210,292.8212088699985
211,293.0030988699983
212,294.0030988699983
213,294.45801786999834
214,295.45801786999834
215,295.8545678699983
216,295.95480786999826
217,295.98173286999827
218,296.12234686999824
219,296.50008686999814
220,297.21941686999804
221,297.328327869998
222,298.10122786999796
223,299.10122786999796
224,299.54708786999777
225,300.54708786999777
226,300.71798586999785
227,301.0987368699979
228,301.11549286999787
229,301.19852986999786
230,301.2238898699977
231,302.03178986999774
232,302.62273986999776
233,302.68546986999786
234,303.68546986999786
235,304.0781398699978
236,304.32815986999776
237,305.32815986999776
238,306.1629698699976
239,306.24385286999757
240,306.45080786999756
241,306.49934686999757
242,307.49934686999757
243,307.6004368699977
244,308.6004368699977
245,309.6004368699977
246,310.6004368699977
247,310.6263956699977
248,310.6690626699977
249,310.7343536699977
250,311.7343536699977
251,312.5388836699976
252,313.1699636699977
253,313.72500166999765
254,314.0359416699977
255,314.06989166999773
256,315.06989166999773
257,316.06989166999773
258,316.48950166999765
259,317.46320666999765
260,317.9616566699977
261,317.9826266699977
262,318.7290166699975
263,319.1562136699975
264,320.1562136699975
265,320.3863126699975
266,321.3863126699975
267,321.8235426699975
268,322.0565711699975
269,322.1275701699975
270,322.2097521699975
271,322.3530021699976
272,323.10594016999755
273,324.10594016999755
274,325.10594016999755
275,325.2418001699974
276,325.3604521699974
277,326.1844331699974
278,326.39884716999745
279,326.82297616999745
280,327.82297616999745
281,328.82297616999745
282,329.82297616999745
283,329.95765616999734
284,330.95765616999734
285,331.0531851699974
286,331.43744516999743
287,331.7582881699974
288,332.2116811699974
289,332.6189611699973
290,333.6189611699973
291,333.7581951699973
292,334.6161251699974
293,335.6161251699974
294,335.8707491699974
295,336.5453491699972
296,336.5848491699973
297,336.6339691699973
298,337.3993291699974
299,338.3993291699974
300,339.3993291699974
301,339.8709501699974
302,339.9319101699974
303,340.9319101699974
304,341.34539016999736
305,341.8630301699974
306,342.8630301699974
307,343.1026071699974
308,344.1026071699974
309,344.3155661699974
310,345.3155661699974
311,358.6234761699974
312,362.68370616999744
313,362.83612016999746
314,362.84361716999746
315,363.2604171699974
316,363.6747271699973
317,363.6759071699973
318,364.4381391699973
319,365.4381391699973
320,366.4381391699973
321,367.4381391699973
322,367.76149916999765
323,367.77770216999767
324,368.77770216999767
325,369.77770216999767
326,370.77770216999767
327,371.77770216999767
328,372.77770216999767
329,372.97746076999766
330,373.30286076999784
331,374.1364040699978
332,380.8073740699975
333,406.73641406999747
334,410.41543636999745
335,410.57816336999747
336,411.14622336999753
337,412.14622336999753
338,412.5350533699975
339,412.5435233699975
340,413.42805336999754
341,417.6733433699974
342,418.6733433699974
343,444.6920583699974
344,444.73590636999745
345,445.73590636999745
346,446.0092063699974
347,446.2557763699974
348,446.9519363699974
349,447.12071936999735
350,448.12071936999735
351,448.3249893699975
352,449.3249893699975
353,449.5223183699975
354,449.91584836999755
355,450.8346473699975
356,450.84564336999756
357,451.4196933699975
358,451.5382323699975
359,451.8800823699975
360,452.8800823699975
361,452.92708236999755
362,494.07405236999733
363,494.1671003699974
364,494.33709036999727
365,494.50392336999727
366,495.50392336999727
367,495.68629636999725
368,495.91407586999725
369,496.82338586999725
370,497.82338586999725
371,498.65668286999727
372,519.2056628699972
373,519.4663428699972
374,521.236172869997
375,521.544818869997
376,522.1783188699969
377,523.1783188699969
378,524.1783188699969
379,524.4712528699969
380,524.8078628699967
381,525.0526528699969
382,525.058282869997
383,525.639355869997
384,525.8681358699969
385,526.8681358699969
386,527.748565869997
387,528.3308358699971
388,529.2228458699972
389,530.2228458699972
390,531.1821378699972
391,531.2434048699972
392,532.2434048699972
393,532.4741648699971
394,532.5285068699972
395,533.5285068699972
396,533.7248308699972
397,533.7279868699972
398,536.7516568699967
399,537.6666428699967
400,538.6666428699967
401,538.7188538699968
402,538.9065838699969
403,539.9065838699969
404,548.4522738699968
405,549.1314308699968
406,550.1314308699968
407,550.1643138699968
408,551.1181238699968
409,551.2668178699968
410,551.2792478699968
411,551.5895058699967
412,552.5895058699967
413,552.9526558699966
414,553.9526558699966
415,553.9977918699967
416,554.9977918699967
417,608.9123518699969
418,609.3845547699968
419,610.3118147699968
420,610.9512798699968
421,611.4450698699968
422,611.8865658699967
423,611.9775726699968
424,628.9015426699966
425,629.4585126699967
426,629.8432726699966
427,629.8800916699965
428,629.9447456699966
429,630.2641456699967
430,630.6537246699967
431,630.8141616699967
432,631.0055066699966
433,632.0055066699966
434,632.0075186699967
435,632.5879086699968
436,633.5879086699968
437,633.9143238699968
438,634.9143238699968
439,635.9143238699968
440,636.9143238699968
441,651.947723869997
442,652.198801869997
443,653.198801869997
444,653.206101869997
445,653.206821869997
446,654.107071869997
447,655.107071869997
448,655.814011869997
449,656.406547869997
450,657.406547869997
451,658.5132078699974
452,658.7308018699973
453,659.2783718699973
454,659.3098748699972
455,659.3439108699972
456,660.3439108699972
457,660.4418908699972
458,660.5070328699973
459,672.151752869997
460,672.4551808699971
461,672.582088869997
462,672.658038869997
463,673.021259869997
464,673.6029198699971
465,674.6029198699971
466,675.0976118699971
467,675.3508018699971
468,675.5023718699971
469,675.6886768699972
470,676.237076869997
471,676.7099528699971
472,677.6438528699971
473,677.6922338699972
474,677.7615808699971
475,678.2393008699972
476,678.3133008699972
477,678.8933008699972
478,679.8933008699972
479,680.3942158699972
480,680.6094158699973
481,681.6094158699973
482,682.3806358699974
483,683.0226358699974
484,683.8093758699974
485,684.1546358699975
486,684.2603288699975
487,684.8283988699973
488,685.8283988699973
489,686.1681588699973
490,686.2485888699973
491,686.2546758699973
492,686.3026578699973
493,686.4515778699974
494,687.4515778699974
495,688.0577548699974
496,688.9704148699974
497,689.5605928699974
498,690.5605928699974
499,691.5605928699974
500,692.5605928699974
501,692.7129578699974
502,693.0359478699975
503,694.0359478699975
504,695.0359478699975
505,695.1079178699974
506,696.1079178699974
507,733.1244278699978
508,733.7652778699976
509,734.2168778699977
510,734.4667778699975
511,734.6645438699975
512,735.6645438699975
513,735.9807578699974
514,736.1354978699974
515,736.2553178699973
516,736.4370278699972
517,737.4370278699972
518,738.0362798699972
519,738.1046298699972
520,738.3156998699973
521,738.5490398699975
522,742.1975798699976
523,742.3409468699977
524,742.4886818699977
525,742.8984718699976
526,742.9125058699976
527,742.9802758699977
528,743.2747558699978
529,743.6989558699977
530,744.6989558699977
531,745.6989558699977
532,746.6989558699977
533,746.7773958699975
534,747.6886158699974
535,747.6916158699975
536,747.8782358699974
537,748.1683258699974
538,748.9201758699975
539,749.0657538699975
540,749.6451928699975
541,750.3552528699975
542,750.3668568699975
543,751.2602468699974
544,751.3251168699975
545,752.3251168699975
546,753.1845928699975
547,753.8009628699974
548,754.8009628699974
549,755.8009628699974
550,760.9334528699974
551,760.9710228699973
552,761.9710228699973
553,761.9729428699973
554,762.0411498699973
555,762.1164918699974
556,762.5317388699974
557,763.5317388699974
558,763.5669388699974
559,763.8086088699976
560,763.9612538699976
561,764.1038058699976
562,765.1038058699976
563,766.1038058699976
564,766.2089558699977
565,766.9334758699979
566,767.1778608699979
567,771.7345690799979
568,772.2301690799978
569,772.3238990799979
570,772.5237827799979
571,773.5237827799979
572,774.5237827799979
573,775.0248527799977
574,776.0248527799977
575,776.3321227799977
576,777.0723527799978
577,778.0723527799978
578,778.3654067799978
579,779.2832247799978
580,780.2832247799978
581,780.3792827799978
582,781.0598037799978
583,782.0598037799978
584,782.9826301799977
585,783.9826301799977
586,784.0210901799979
587,784.9653601799979
588,785.6324601799978
589,786.0068203799977
590,799.2615003799978
591,799.6877283799978
592,799.9757803799978
593,800.8998303799979
594,801.8998303799979
595,802.2357703799978
596,803.2357703799978
597,803.7592643799978
598,803.7671873799978
599,804.7671873799978
600,804.9993573799981
601,805.9993573799981
602,806.9993573799981
603,807.1148053799981
604,807.260805379998
605,812.3960953799977
606,812.5321843799977
607,812.8472526799977
608,812.9638806799977
609,812.9978976799978
610,813.9170146799978
611,814.9170146799978
612,815.9170146799978
613,816.9170146799978
614,817.8508805799978
615,818.6770485799977
616,819.6770485799977
617,820.6770485799977
618,820.7301325799978
619,820.8027625799978
620,820.9352275799978
621,821.6046575799977
622,822.6046575799977
623,823.0320355799977
624,825.9605555799976
625,826.5490225799977
626,827.1181525799975
627,828.1181525799975
628,828.2080857799975
629,829.2080857799975
630,830.2080857799975
631,833.2086957799976
632,833.7991917799976
633,834.7991917799976
634,835.1718937799976
635,835.5681637799976
636,836.0215267799975
637,836.2788892799975
638,836.7313192799976
639,837.1037692799977
640,838.1037692799977
641,839.1037692799977
642,839.8780692799977
643,842.7360802799977
644,842.7517132799977
645,842.8023665799977
646,843.6690365799976
647,844.0049765799976
648,844.9950465799976
649,845.1811485799976
650,845.5917495799977
651,845.8157495799978
652,845.8789965799979
653,846.0706445799979
654,846.5324365799978
655,846.7354125799977
656,847.1864625799976
657,847.4934925799976
658,848.4934925799976
659,849.0558875799976
660,850.0148345799976
661,850.4442345799976
662,851.3017245799977
663,851.4790225799977
664,852.4790225799977
665,854.7747325799976
666,855.0215745799976
667,855.3556555799976
668,855.4064645799975
669,856.4064645799975
670,857.4064645799975
671,857.9658924799976
672,858.4604784799976
673,858.4985914799977
674,859.4119668799976
675,859.6219058799976
676,860.5914358799974
677,861.5914358799974
678,861.7125748799974
679,862.7125748799974
680,862.7761748799974
681,863.7761748799974
682,864.5161548799974
683,865.5161548799974
684,865.7112128799974
685,865.7349428799973
686,865.8700128799974
687,889.1963628799967
688,889.5321488799967
689,890.0704658799967
690,891.0704658799967
691,892.0704658799967
692,893.0174399799968
693,893.7381289799968
694,894.7381289799968
695,894.8658289799968
696,895.0713499799967
697,895.2329199799967
698,895.8982599799967
699,896.8982599799967
700,897.5218967799967
701,897.6242297799968
702,897.7940647799968
703,898.7940647799968
704,899.2073857799968
705,899.2845593799968
706,900.2845593799968
707,900.2922213799968
708,900.6384333799969
709,901.6384333799969
710,902.2285233799968
711,903.2285233799968
712,903.3346322799968
713,903.4583892799967
714,903.5497752799968
715,904.5497752799968
716,905.3667272799968
717,906.3667272799968
718,906.8947672799967
719,906.9129972799968
720,907.6014030799968
721,907.6418470799968
722,908.0595770799966
723,908.8634290799966
724,909.6667960799966
725,910.1846260799966
726,911.0456260799966
727,911.2828065799966
728,912.2828065799966
729,913.2828065799966
730,913.8354535799966
731,914.0995035799966
732,914.3208635799966
733,915.0367435799968
734,916.0367435799968
735,916.5458469799968
736,917.5458469799968
737,918.4718169799968
738,919.4718169799968
739,920.2804719799968
740,921.2804719799968
741,938.0041419799967
742,938.0880139799967
743,938.8142939799968
744,939.1243539799968
745,940.1243539799968
746,970.3920339799968
747,970.9881509799968
748,971.1983209799967
749,971.1991469799966
750,1017.5060769799968
751,1018.2352689799968
752,1018.5089889799967
753,1019.5089889799967
754,1020.5089889799967
755,1021.3994189799967
756,1021.6435299799966
757,1043.1902399799962
758,1043.6594109799962
759,1043.8537609799962
760,1043.9277909799962
761,1044.8494109799963
762,1045.0299509799963
763,1046.0299509799963
764,1046.4459329799963
765,1046.6511719799964
766,1047.6511719799964
767,1052.8575619799963
768,1053.0296219799961
769,1054.0296219799961
770,1055.0296219799961
771,1056.0296219799961
772,1057.0296219799961
773,1057.2571362699962
774,1057.5436862699962
775,1057.607040269996
776,1066.1209902699966
777,1066.5482702699965
778,1066.6349202699967
779,1067.6349202699967
780,1068.2723792699967
781,1069.0725292699967
782,1069.773289269997
783,1072.185799269997
784,1072.6847292699972
785,1073.6847292699972
786,1074.145369269997
787,1074.354654269997
788,1074.3669612699969
789,1074.3777712699969
790,1074.6954252699968
791,1074.927547269997
792,1075.546281269997
793,1076.546281269997
794,1076.888888269997
795,1076.9447382699973
796,1077.5346382699972
797,1078.2311372699974
798,1079.2311372699974
799,1080.0437972699974
800,1080.6280272699973
801,1080.9895072699974
802,1081.2927672699975
803,1081.3907272699976
804,1082.0417182699975
805,1082.0853622699974
806,1082.5728322699974
807,1082.7975922699975
808,1083.7975922699975
809,1084.2729622699976
810,1084.6958082699975
811,1085.4577082699975
812,1085.6112482699973
813,1086.3051662699972
814,1087.0991762699973
815,1320.5719662699971
816,1320.7319762699972
817,1321.4524232699973
818,1321.5332232699973
819,1321.9752182699972
820,1322.7950782699972
821,1323.2066112699972
822,1323.4822712699972
823,1324.4822712699972
824,1324.4833512699972
825,1324.7827752699973
826,1325.7827752699973
827,1326.0142292699973
828,1326.8397042699971
829,1327.8397042699971
830,1328.5450142699972
831,1328.7222642699971
832,1328.921594269997
833,1329.0537642699971
834,1329.5377342699974
835,1329.6176442699973
836,1330.0196142699972
837,1330.3476042699972
838,1330.4307222699972
839,1330.878679269997
840,1330.9539902699971
841,1330.990809269997
842,1331.209906269997
843,1331.267654469997
844,1354.042784469997
845,1362.2562344699968
846,1362.6527934699968
847,1362.8807434699968
848,1363.1682134699968
849,1363.7662434699969
850,1364.574383469997
851,1366.5982334699966
852,1367.5982334699966
853,1368.0010534699966
854,1369.0010534699966
855,1370.0010534699966
856,1371.0010534699966
857,1375.283313469997
858,1376.137096469997
859,1376.722368469997
860,1377.722368469997
861,1377.9285784699969
862,1387.465078469997
863,1387.902683469997
864,1388.902683469997
865,1389.868953469997
866,1390.868953469997
867,1391.201203469997
868,1391.776729469997
869,1393.0162194699974
870,1393.2370554699974
871,1393.5484374699972
872,1394.319007469997
873,1395.319007469997
874,1395.675226469997
875,1395.8615764699969
876,1395.937087269997
877,1396.458597269997
878,1397.366567269997
879,1398.366567269997
880,1398.547389269997
881,1398.836563269997
882,1399.6847132699968
883,1399.722876269997
884,1400.105505269997
885,1401.105505269997
886,1401.5650052699968
887,1402.2070182699968
888,1402.537638269997
889,1403.1878082699968
890,1404.0508082699969
891,1405.0508082699969
892,1405.340662269997
893,1406.340662269997
894,1408.379074169997
895,1409.379074169997
896,1410.281524169997
897,1410.791692169997
898,1410.8932121699972
899,1411.8932121699972
900,1412.8932121699972
901,1413.1270411699973
902,1414.0134481699972
903,1414.8608031699973
904,1415.0524121699973
905,1415.4153821699972
906,1416.4153821699972
907,1416.8828521699972
908,1417.0910301699973
909,1417.2450301699973
910,1417.3646101699974
911,1418.3646101699974
912,1418.6402801699974
913,1418.6675411699973
914,1419.6675411699973
915,1420.0393809699974
916,1421.0393809699974
917,1422.0393809699974
918,1422.2036713699974
919,1423.2036713699974
920,1423.5326313699977
921,1423.5799653699978
922,1426.4174588699977
923,1427.0654888699978
924,1428.0654888699978
925,1453.1239788699982
926,1454.1239788699982
927,1454.2917398699983
928,1455.2917398699983
929,1456.1883298699981
930,1456.191139869998
931,1456.197037869998
932,1456.210183169998
933,1457.210183169998
934,1457.414337169998
935,1458.0074971699978
936,1458.589467169998
937,1458.703367169998
938,1458.713297169998
939,1459.0635371699982
940,1459.2808571699982
941,1459.3685351699983
942,1471.7940451699983
943,1471.8002851699982
944,1471.9179251699982
945,1471.9801351699982
946,1472.1762831699982
947,1472.4014281699983
948,1473.4014281699983
949,1473.9089711699985
950,1474.9089711699985
951,1475.9089711699985
952,1476.2476881699986
953,1476.9877771699985
954,1477.4078131699985
955,1478.2786301699985
956,1478.4120681699983
957,1478.6612451699984
958,1479.0170551699985
959,1480.0170551699985
960,1480.5512051699984
961,1480.9701321699986
962,1481.4976711699987
963,1481.571391169999
964,1482.260451169999
965,1482.304990169999
966,1482.326710169999
967,1482.3791931699989
968,1482.460413169999
969,1482.6543531699988
970,1483.1363231699988
971,1483.5022431699988
972,1484.5022431699988
973,1536.6685831699986
974,1537.0649631699987
975,1537.8143710699987
976,1538.8143710699987
977,1539.091401069999
978,1539.1428980699989
979,1540.1428980699989
980,1540.5590680699988
981,1541.5590680699988
982,1547.7255080699988
983,1547.9205180699987
984,1548.8628120699987
985,1549.8628120699987
986,1550.8628120699987
987,1551.3627020699987
988,1552.3627020699987
989,1553.3627020699987
990,1553.3855780699987
991,1553.4696960699987
992,1554.4696960699987
993,1554.6830090699987
994,1566.2103690699987
995,1566.3563010699986
996,1567.2811730699987
997,1567.8479750699987
998,1568.4725950699983
999,1568.5940950699983
1000,1568.6124070699982
1001,1569.0840170699983
1002,1569.7009870699983
1003,1570.7009870699983
1004,1571.3365450699982
1005,1572.5882050699981
1006,1572.7533790699981
1007,1572.8380250699981
1008,1573.077006069998
1009,1573.2369040699982
1010,1574.2369040699982
1011,1574.3855370699982
1012,1574.4582770699983
1013,1577.0740870699976
1014,1577.5280540699976
1015,1578.2480540699974
1016,1578.6336340699975
1017,1578.7595520699974
1018,1578.8705520699975
1019,1579.8705520699975
1020,1580.8705520699975
1021,1581.8705520699975
1022,1582.3515590699976
1023,1583.3515590699976
1024,1583.5017400699976
1025,1583.8531065699976
1026,1584.0632355699977
1027,1584.4929255699976
1028,1584.9547455699976
1029,1585.2735455699976
1030,1586.2735455699976
1031,1587.2735455699976
1032,1587.4421085699976
1033,1596.6583278699975
1034,1597.4305483699975
1035,1598.2060583699974
1036,1599.2060583699974
1037,1599.4803233699974
1038,1600.2886753699975
1039,1601.2886753699975
1040,1601.5184463699975
1041,1601.6608173699974
1042,1602.6355573699975
1043,1603.4314033699975
1044,1604.4314033699975
1045,1604.8514033699976
1046,1604.8850283699976
1047,1605.5727723699974
1048,1605.7124673699975
1049,1605.7878333699975
1050,1606.7878333699975
1051,1607.0571343699976
1052,1608.0571343699976
1053,1608.2010493699977
1054,1608.6587243699978
1055,1608.7347243699978
1056,1609.7347243699978
1057,1610.7347243699978
1058,1611.1677243699978
1059,1612.1677243699978
1060,1613.1677243699978
1061,1614.1677243699978
1062,1615.1677243699978
1063,1616.1677243699978
1064,1616.1685013699978
1065,1616.2803643699979
1066,1617.2803643699979
1067,1618.2803643699979
1068,1619.2803643699979
1069,1620.1896943699978
1070,1621.1896943699978
1071,1622.0458333699978
1072,1622.752899369998
1073,1623.027924369998
1074,1623.3881043699978
1075,1624.3881043699978
1076,1625.3881043699978
1077,1625.4892633699978
1078,1626.186187369998
1079,1644.6953773699977
1080,1645.6953773699977
1081,1648.1331116699978
1082,1648.2970016699978
1083,1649.2970016699978
1084,1649.565932669998
1085,1650.565932669998
1086,1651.481452669998
1087,1652.481452669998
1088,1652.557788669998
1089,1652.7006686699979
1090,1653.488288669998
1091,1654.170458669998
1092,1655.026800969998
1093,1655.135560969998
1094,1655.5177949699982
1095,1656.5177949699982
1096,1657.5177949699982
1097,1658.5177949699982
1098,1659.4541949699983
1099,1660.4541949699983
1100,1661.4541949699983
1101,1662.8411549699981
1102,1662.877492969998
1103,1662.980732969998
1104,1663.304171969998
1105,1664.2183319699977
1106,1665.2183319699977
1107,1666.1910119699978
1108,1666.2395749699976
1109,1666.5717949699977
1110,1666.627134969998
1111,1667.627134969998
1112,1667.701694969998
1113,1668.484556969998
1114,1668.8535769699981
1115,1669.009936969998
1116,1669.491056969998
1117,1669.659126969998
1118,1679.6582669699978
1119,1680.3944309699978
1120,1681.3944309699978
1121,1681.7868319699978
1122,1682.1189019699978
1123,1706.815681969998
1124,1707.400196969998
1125,1707.522025969998
1126,1708.522025969998
1127,1708.5256459699979
1128,1709.5256459699979
1129,1709.5411267699978
1130,1709.829986769998
1131,1710.336213769998
1132,1711.336213769998
1133,1712.336213769998
1134,1712.856763769998
1135,1713.299793769998
1136,1717.2342437699976
1137,1717.3881517699976
1138,1718.3485317699976
1139,1718.4754767699976
1140,1718.9960737699976
1141,1719.6405237699976
1142,1719.8857017699975
1143,1720.5254417699975
1144,1721.1288917699976
1145,1721.6481117699977
1146,1722.5630657699978
1147,1722.6300862699977
1148,1723.1029062699977
1149,1724.1029062699977
1150,1724.6827262699976
1151,1724.7670762699977
1152,1725.7670762699977
1153,1725.9713222699977
1154,1726.0570912699977
1155,1726.9649292699978
1156,1727.644289269998
1157,1728.4116462699978
1158,1729.4116462699978
1159,1730.4116462699978
1160,1731.4116462699978
1161,1731.589312269998
1162,1731.7727522699981
1163,1731.876648269998
1164,1731.897738269998
1165,1732.022028269998
1166,1733.022028269998
1167,1733.0862982699978
1168,1733.1655382699978
1169,1734.1581082699977
1170,1734.3766152699977
1171,1734.4594852699977
1172,1734.4933012699976
1173,1735.0038062699975
1174,1735.3103762699975
1175,1735.8617762699976
1176,1736.8617762699976
1177,1737.8617762699976
1178,1738.3043162699976
1179,1739.3043162699976
1180,1740.0360842699974
1181,1740.4195202699975
1182,1740.5332302699976
1183,1741.5332302699976
1184,1762.6469102699975
1185,1762.6929152699975
1186,1762.7151952699976
1187,1763.7151952699976
1188,1764.4395252699976
1189,1764.4436442699975
1190,1782.9391242699976
1191,1783.9391242699976
1192,1784.9391242699976
1193,1785.5747542699978
1194,1789.199694269998
1195,1814.099764269998
1196,1835.2523342699983
1197,1835.3676682699984
1198,1836.3676682699984
1199,1837.0111342699984
1200,1838.0111342699984
1201,1838.3423002699983
1202,1838.8775702699984
1203,1839.3035202699984
1204,1839.7697202699985
1205,1840.1816872699985
1206,1840.4420172699986
1207,1840.5080570699986
1208,1841.5080570699986
1209,1841.7337470699988
1210,1842.3373370699987
1211,1842.4802110699989
1212,1847.0282410699988
1213,1848.0282410699988
1214,1848.331437969999
1215,1848.350337969999
1216,1848.608022969999
1217,1848.684973969999
1218,1849.4025105699989
1219,1851.641360169999
1220,1852.0087701699988
1221,1853.0087701699988
1222,1854.0087701699988
1223,1869.9062601699986
1224,1870.1397701699987
1225,1870.7324901699988
1226,1871.3091601699987
1227,1871.4769591699987
1228,1871.6973321699988
1229,1872.6973321699988
1230,1875.0150621699986
1231,1875.4352421699987
1232,1875.6277521699985
1233,1876.6277521699985
1234,1877.0095461699984
1235,1877.6019731699985
1236,1878.5657141699985
1237,1878.8597671699986
1238,1879.8597671699986
1239,1881.4441571699986
1240,1882.2985471699985
1241,1882.8411171699986
1242,1883.1414771699988
1243,1883.474377169999
1244,1883.8523719699988
1245,1883.8849769699987
1246,1884.2613401699987
1247,1884.8931131699987
1248,1889.2175631699988
1249,1889.843333169999
1250,1890.172473169999
1251,1890.938563169999
1252,1891.123703169999
1253,1891.289495169999
1254,1891.565911169999
1255,1891.577541169999
1256,1892.577541169999
1257,1893.146939169999
1258,1893.534704169999
1259,1893.659935169999
1260,1910.410655169999
1261,1910.426706169999
1262,1910.527808169999
1263,1911.487258169999
1264,1911.562447169999
1265,1912.335767169999
1266,1912.4758771699987
1267,1912.5669761699987
1268,1912.5868211699988
1269,1912.6790531699987
1270,1913.6790531699987
1271,1913.8575931699986
1272,1914.8575931699986
1273,1915.3619931699986
1274,1916.2035931699986
1275,1916.3081321699985
1276,1916.3686121699986
1277,1917.3140121699987
1278,1917.8743921699986
1279,1917.9323161699986
1280,1918.5361581699985
1281,1918.6437851699986
1282,1918.7517751699986
1283,1919.0813651699984
1284,1919.4384061699984
1285,1919.4914821699986
1286,1919.5571121699986
1287,1920.5571121699986
1288,1920.7361021699985
1289,1920.8594721699983
1290,1921.3088631699984
1291,1922.3088631699984
1292,1923.3088631699984
1293,1924.3088631699984
1294,1924.5821371699985
1295,1924.8814971699985
1296,1925.8654871699987
1297,1926.8654871699987
1298,1927.8654871699987
1299,1928.1696191699987
1300,1928.6373051699986
1301,1929.6373051699986
1302,1929.8569229699985
1303,1931.8484529699988
1304,1932.4331419699988
1305,1933.4331419699988
1306,1933.587257969999
1307,1934.587257969999
1308,1935.587257969999
1309,1935.811747969999
1310,1936.187181969999
1311,1936.902341969999
1312,1937.902341969999
1313,1938.2380319699992
1314,1938.6700219699992
1315,1938.8805179699991
1316,1939.073927969999
1317,1939.6868669699988
1318,1939.732766969999
1319,1940.732766969999
1320,1941.119030969999
1321,1941.2531409699989
1322,1941.7206009699987
1323,1942.7206009699987
1324,1943.7206009699987
1325,1943.7953119699987
1326,1944.7953119699987
1327,1945.2890449699987
1328,1946.2890449699987
1329,1946.9087749699986
1330,1947.9087749699986
1331,1948.1685449699985
1332,1948.6485359699984
1333,1952.0099497199985
1334,1952.1221037199984
1335,1953.1221037199984
1336,1953.8929137199984
1337,1954.8929137199984
1338,1955.8929137199984
1339,1956.3982937199983
1340,1957.9574437199979
1341,1958.9574437199979
1342,1959.1772697199979
1343,1959.5047897199977
1344,1959.6173597199975
1345,1959.7563107199976
1346,1960.7563107199976
1347,1961.7563107199976
1348,1961.9244607199976
1349,1962.0683217199976
1350,1962.5733917199975
1351,1963.2337717199975
1352,1964.2337717199975
1353,1965.2337717199975
1354,1965.8676317199975
1355,1966.8676317199975
1356,1967.8676317199975
1357,1968.0283117199974
1358,1969.0202217199974
1359,1970.0202217199974
1360,1970.0599677199973
1361,1970.1593157199973
1362,1976.9985857199972
1363,1977.632005719997
1364,1978.1884976199972
1365,1978.420443619997
1366,1978.682480619997
1367,1979.682480619997
1368,1979.802166619997
1369,2023.5250966199978
1370,2024.047476619998
1371,2024.181726619998
1372,2024.591125619998
1373,2024.652625619998
1374,2025.618589619998
1375,2025.736755619998
1376,2025.907033619998
1377,2026.907033619998
1378,2026.9707316199979
1379,2027.592631619998
1380,2028.592631619998
1381,2029.279281619998
1382,2029.588897619998
1383,2030.477507619998
1384,2031.275487619998
1385,2031.670622619998
1386,2032.056915619998
1387,2032.598025619998
1388,2033.187293619998
1389,2034.187293619998
1390,2034.772823619998
1391,2035.518213619998
1392,2035.817268619998
1393,2036.817268619998
1394,2037.1497586199978
1395,2037.6447316199979
1396,2037.930281619998
1397,2057.3113416199976
1398,2058.3113416199976
1399,2058.4355236199976
1400,2058.7204556199977
1401,2058.8455456199977
1402,2058.9950566199977
1403,2059.9950566199977
1404,2060.673539619998
1405,2060.8235806199978
1406,2060.9693206199977
1407,2061.2879756199977
1408,2061.7791356199978
1409,2062.422326619998
1410,2063.422326619998
1411,2065.560057079998
1412,2065.689397079998
1413,2065.815980079998
1414,2066.039226079998
1415,2067.039226079998
1416,2067.1908560799984
1417,2067.3441320799984
1418,2068.0038810799983
1419,2068.6268250799985
1420,2069.6268250799985
1421,2070.6268250799985
1422,2070.7811030799985
1423,2071.0823320799987
1424,2071.4243320799987
1425,2072.4243320799987
1426,2072.4940920799986
1427,2072.8720350799986
1428,2073.0801950799987
1429,2073.3738960799988
1430,2073.406366079999
1431,2074.105923079999
1432,2074.6650090799985
1433,2075.2975990799987
1434,2075.397660079999
1435,2076.397660079999
1436,2078.524057879999
1437,2078.653840879999
1438,2079.653840879999
1439,2082.608010879999
1440,2083.292230879999
1441,2083.792800879999
1442,2084.725130879999
1443,2085.214298879999
1444,2085.840468879999
1445,2086.7679268799993
1446,2087.7679268799993
1447,2088.1269291799995
1448,2088.2858771799993
1449,2088.4222342799994
1450,2089.4222342799994
1451,2089.7792342799994
1452,2089.828099279999
1453,2090.7787032799993
1454,2090.7816532799993
1455,2091.7485632799994
1456,2092.0433318799996
1457,2092.55326188
1458,2093.55326188
1459,2105.85783188
1460,2106.85783188
1461,2106.86638588
1462,2107.08262488
1463,2107.66184488
1464,2108.31221488
1465,2108.42489488
1466,2126.4310248800007
1467,2126.466467880001
1468,2126.468767880001
1469,2126.984163670001
1470,2127.234586670001
1471,2127.2505236700013
1472,2127.638693670001
1473,2128.614593670001
1474,2129.133586670001
1475,2129.497402570001
1476,2129.7041775700013
1477,2130.0491875700013
1478,2131.0491875700013
1479,2131.1000155700012
1480,2132.1000155700012
1481,2132.287611570001
1482,2133.030561570001
1483,2133.396701570001
1484,2133.603531570001
1485,2134.266921570001
1486,2134.512472570001
1487,2135.1802925700013
1488,2135.9710425700014
1489,2136.884392570001
1490,2136.970765170001
1491,2137.6101051700007
1492,2138.3030751700007
1493,2139.3030751700007
1494,2140.3030751700007
1495,2141.3030751700007
1496,2141.9931151700007
1497,2142.2059151700005
1498,2143.2059151700005
1499,2143.8571421700003
1500,2143.95429017
1501,2144.3785901700003
1502,2144.4586001700004
1503,2145.2530791700005
1504,2145.6134091700005
1505,2146.6134091700005
1506,2147.6134091700005
1507,2147.8945481700007
1508,2148.8945481700007
1509,2149.1884581700006
1510,2149.4094181700007
1511,2150.4094181700007
1512,2150.7613691700008
1513,2150.867449170001
1514,2152.3277091700006
1515,2153.3277091700006
1516,2153.684625170001
1517,2154.684625170001
1518,2155.684625170001
1519,2156.684625170001
1520,2156.921238170001
1521,2157.3627111700007
1522,2158.0552311700008
1523,2158.610811170001
1524,2159.213491170001
1525,2159.569181170001
1526,2159.6857311700005
1527,2159.7477101700006
1528,2159.894285170001
1529,2160.894285170001
1530,2161.0419121700006
1531,2161.0968453700007
1532,2161.1300053700006
1533,2161.2680013700005
1534,2161.9133913700007
1535,2162.6812213700005
1536,2163.6812213700005
1537,2164.4851913700004
1538,2164.5645143700003
1539,2173.56157437
1540,2174.07525437
1541,2174.8380738700002
1542,2175.62579687
1543,2175.62778687
1544,2176.62778687
1545,2176.81560687
1546,2176.9600368700003
1547,2177.9600368700003
1548,2178.8569498700003
1549,2179.8569498700003
1550,2180.3339168700004
1551,2180.4357188700005
1552,2181.4357188700005
1553,2181.5613508700008
1554,2182.1444458700007
1555,2183.1444458700007
1556,2183.349369870001
1557,2183.3751108700008
1558,2183.988476870001
1559,2184.4145788700007
1560,2184.7429788700006
1561,2185.7429788700006
1562,2185.8763088700007
1563,2186.8763088700007
1564,2187.7778588700007
1565,2188.692868870001
1566,2189.1630288700007
1567,2189.7929018700006
1568,2190.7929018700006
1569,2190.8146588700006
1570,2311.1539088700006
1571,2312.1539088700006
1572,2312.4219088700006
1573,2312.4383088700006
1574,2313.4383088700006
1575,2314.4383088700006
1576,2314.619232870001
1577,2315.619232870001
1578,2315.8042768700006
1579,2315.9794828700005
1580,2316.1701628700002
1581,2316.77378287
1582,2317.66659687
1583,2317.91876987
1584,2318.58757987
1585,2318.82134087
1586,2319.06997787
1587,2320.06997787
1588,2320.11244687
1589,2320.17170387
1590,2320.21801587
1591,2320.5886258699998
1592,2324.30598587
1593,2325.06167187
1594,2325.8450718699996
1595,2326.1537758699997
1596,2326.3118918699997
1597,2326.45834187
1598,2327.45834187
1599,2327.5212618699998
1600,2327.92375187
1601,2328.0647318700003
1602,2329.0647318700003
1603,2330.0647318700003
1604,2330.10050687
1605,2330.81363687
1606,2331.81363687
1607,2332.81363687
1608,2333.34980687
1609,2333.7588408700003
1610,2333.7863108700003
1611,2333.7894548700006
1612,2334.5652358700004
1613,2334.9242548700004
1614,2349.9229948700004
1615,2350.9229948700004
1616,2350.9714048700007
1617,2355.112384870001
1618,2369.635234870001
1619,2369.9200748700014
1620,2370.8992948700015
1621,2371.5670378700015
1622,2372.5670378700015
1623,2373.5670378700015
1624,2373.8144078700016
1625,2374.8144078700016
1626,2375.6385796700015
1627,2375.6761284700015
1628,2376.4650884700013
1629,2377.4650884700013
1630,2377.4675504700012
1631,2378.4675504700012
1632,2379.0330004700013
1633,2379.066090470001
1634,2379.081390470001
1635,2380.081390470001
1636,2380.639520470001
1637,2381.639520470001
1638,2382.639520470001
1639,2383.054590470001
1640,2383.340713470001
1641,2383.774943470001
1642,2383.819329470001
1643,2384.510683470001
1644,2384.735773470001
1645,2385.061276470001
1646,2385.222658470001
1647,2385.8919184700007
1648,2386.1088684700007
1649,2387.1088684700007
1650,2387.2725154700006
1651,2388.2725154700006
1652,2389.2627064700005
1653,2390.2627064700005
1654,2391.2050064700006
1655,2392.2050064700006
1656,2393.2050064700006
1657,2394.2050064700006
1658,2395.2050064700006
1659,2396.2050064700006
1660,2396.4094114700006
1661,2397.4094114700006
1662,2398.4008574700006
1663,2398.4323894700005
1664,2399.0605214700004
1665,2399.1012294700004
1666,2415.644119470001
1667,2416.644119470001
1668,2416.722519470001
1669,2416.8100994700008
1670,2417.8100994700008
1671,2418.1567919700005
1672,2419.1567919700005
1673,2420.1567919700005
1674,2420.6376419700005
1675,2421.4266119700005
1676,2422.4266119700005
1677,2422.6968519700004
1678,2422.8349749700005
1679,2423.8349749700005
1680,2424.6742749700006
1681,2425.614284970001
1682,2425.851820970001
1683,2426.127857970001
1684,2427.127857970001
1685,2427.923461970001
1686,2427.991400970001
1687,2428.991400970001
1688,2429.0108509700012
1689,2429.6299009700015
1690,2429.7370869700017
1691,2429.817620970002
1692,2429.874997970002
1693,2430.874997970002
1694,2431.874997970002
1695,2432.874997970002
1696,2433.032707970002
1697,2433.389241970002
1698,2433.762851970002
1699,2438.2458119700023
1700,2439.2458119700023
1701,2440.2458119700023
1702,2441.2458119700023
1703,2441.296338970002
1704,2442.074458970002
1705,2442.160060970002
1706,2442.2690439700023
1707,2443.2690439700023
1708,2443.3600339700024
1709,2443.6430639700025
1710,2443.7063309700025
1711,2462.5909309700023
1712,2463.5441519700025
1713,2464.5441519700025
1714,2464.7586449700025
1715,2465.4081419700024
1716,2466.4081419700024
1717,2466.7237969700022
1718,2467.7237969700022
1719,2468.7237969700022
1720,2469.7237969700022
1721,2470.3028219700022
1722,2471.3028219700022
1723,2471.379827970002
1724,2471.500868970002
1725,2471.877038970002
1726,2472.3309789700024
1727,2472.3720319700024
1728,2472.3906749700022
1729,2473.3906749700022
1730,2473.6945649700024
1731,2473.7770249700025
1732,2473.8502159700024
1733,2474.8502159700024
1734,2492.2139359700022
1735,2499.180675970002
1736,2499.920766970002
1737,2500.920766970002
1738,2513.0655269700023
1739,2514.0655269700023
1740,2515.0655269700023
1741,2515.3423089700023
1742,2515.4412489700026
1743,2516.145368970003
1744,2516.268525970003
1745,2516.288165970003
1746,2517.288165970003
1747,2517.3445669700027
1748,2517.525526970003
1749,2518.466286970003
1750,2519.466286970003
1751,2520.466286970003
1752,2521.466286970003
1753,2522.466286970003
1754,2522.4977469700025
1755,2523.4977469700025
1756,2524.4977469700025
1757,2525.3349669700024
1758,2526.3894464700024
1759,2526.4141174700026
1760,2526.5238304700024
1761,2527.5238304700024
1762,2528.2996324700025
1763,2529.2996324700025
1764,2530.2996324700025
1765,2530.4790624700026
1766,2531.1960324700026
1767,2532.1960324700026
1768,2532.296702470003
1769,2533.1734954700028
1770,2533.5113134700027
1771,2534.121813470003
1772,2534.666024470003
1773,2535.666024470003
1774,2536.666024470003
1775,2536.7636602700027
1776,2536.8309242700025
1777,2537.4430052700027
1778,2538.0694952700023
1779,2538.1527552700027
1780,2538.4399772700026
1781,2538.5641072700028
1782,2539.5641072700028
1783,2540.1918272700027
1784,2540.494903270003
1785,2541.080593270003
1786,2543.148513270003
1787,2543.7825932700034
1788,2543.891293270003
1789,2544.568788270003
1790,2544.785388270003
1791,2545.7742382700026
1792,2546.3698022700028
1793,2547.3698022700028
1794,2547.985272270003
1795,2548.370209270003
1796,2548.9626362700033
1797,2549.9626362700033
1798,2550.9626362700033
1799,2551.9626362700033
1800,2551.9861172700034
1801,2552.9861172700034
1802,2553.261597270003
1803,2553.8321972700032
1804,2554.8321972700032
1805,2555.627297270003
1806,2556.3599872700033
1807,2556.839746270003
1808,2557.435916270003
1809,2557.6625962700027
1810,2558.2464262700028
1811,2559.098466270003
1812,2560.098466270003
1813,2560.631836270003
1814,2560.737086270003
1815,2561.4952362700033
1816,2561.5426072700034
1817,2561.7536372700033
1818,2561.816217270003
1819,2568.035577270003
1820,2569.035577270003
1821,2569.410437270003
1822,2588.224347270003
1823,2588.483147270003
1824,2598.280417270003
1825,2599.146202270003
1826,2600.146202270003
1827,2600.6050922700033
1828,2601.4452722700034
1829,2601.8599822700035
1830,2602.5853132700036
1831,2602.6482602700034
1832,2603.0625152700036
1833,2604.0625152700036
1834,2605.4297252700035
1835,2605.4391472700036
1836,2605.4569672700036
1837,2605.9249172700033
1838,2606.9249172700033
1839,2607.3667872700034
1840,2607.6598872700033
1841,2608.3388372700033
1842,2608.343171270003
1843,2608.4299212700034
1844,2609.2870472700033
1845,2610.069347270003
1846,2611.069347270003
1847,2612.069347270003
1848,2612.4273472700033
1849,2613.4273472700033
1850,2613.534794270003
1851,2613.557034270003
1852,2614.0358742700028
1853,2614.444272270003
1854,2614.922712270003
1855,2615.922712270003
1856,2616.510752270003
1857,2617.510752270003
1858,2618.014753270003
1859,2618.468255270003
1860,2618.494905270003
1861,2623.231295270003
1862,2623.520310270003
1863,2624.520310270003
1864,2624.628355270003
1865,2625.417404270003
1866,2625.811384270003
1867,2626.811384270003
1868,2627.401804270003
1869,2628.021053270003
1870,2628.032162270003
1871,2628.213369270003
1872,2628.333569270003
1873,2628.438879270003
1874,2628.8799842700028
1875,2629.757194270003
1876,2629.8162142700025
1877,2629.9269742700026
1878,2629.9539412700024
1879,2630.0190792700023
1880,2630.058579270002
1881,2630.225035970002
1882,2630.356470970002
1883,2630.9927549700024
1884,2631.138738970002
1885,2631.2275919700023
1886,2631.2778019700027
1887,2631.377551970003
1888,2633.5371319700025
1889,2634.2406959700024
1890,2634.5332722700023
1891,2634.723172270002
1892,2634.737142270002
1893,2635.120377270002
1894,2659.9886672700013
1895,2660.9886672700013
1896,2661.3125318700013
1897,2661.870536870001
1898,2668.394026870001
1899,2668.470086870001
1900,2669.470086870001
1901,2669.646120870001
1902,2669.6838618700012
1903,2670.379203870001
1904,2670.3872938700015
1905,2670.6203028700015
1906,2670.6652078700017
1907,2670.7163258700016
1908,2671.7163258700016
1909,2672.0592063700014
1910,2673.0592063700014
1911,2673.2458803700015
1912,2674.2428803700013
1913,2674.3278943700016
1914,2687.148594370002
1915,2688.148594370002
1916,2688.6543833700016
1917,2688.8165623700015
1918,2692.6445823700014
1919,2692.6739263700015
1920,2693.420066370001
1921,2694.420066370001
1922,2695.420066370001
1923,2696.420066370001
1924,2696.8487173700014
1925,2696.9254735700015
1926,2697.9254735700015
1927,2698.9254735700015
1928,2698.9320335700013
1929,2699.9320335700013
1930,2700.9320335700013
1931,2701.8210335700014
1932,2702.6039935700014
1933,2703.0473745700015
1934,2704.0473745700015
1935,2705.0473745700015
1936,2705.1939845700017
1937,2706.1939845700017
1938,2706.4014132700017
1939,2706.502163270002
1940,2706.734806270002
1941,2707.734806270002
1942,2708.734806270002
1943,2709.435751270002
1944,2710.417946270002
1945,2710.648482270002
1946,2710.807891270002
1947,2711.5055442700022
1948,2712.5055442700022
1949,2712.9848032700024
1950,2713.1825832700024
1951,2718.4513232700024
1952,2719.4513232700024
1953,2719.4654252700025
1954,2719.9694252700024
1955,2720.929925270002
1956,2721.846888270002
1957,2721.915048270002
1958,2721.924208270002
1959,2739.5230982700023
1960,2740.0130372700023
1961,2741.0130372700023
1962,2741.9345072700025
1963,2742.5838272700025
1964,2742.9327272700025
1965,2743.1186002700024
1966,2743.225210270002
1967,2744.225210270002
1968,2744.348230270002
1969,2745.140680270002
1970,2745.550460270002
1971,2745.689860270002
1972,2745.711367270002
1973,2746.536757270002
1974,2746.666401270002
1975,2746.887181270002
1976,2747.376101270002
1977,2748.376101270002
1978,2749.376101270002
1979,2749.436551270002
1980,2750.436551270002
1981,2751.414271270002
1982,2751.5465112700017
1983,2751.5717712700016
1984,2751.9172912700014
1985,2752.9172912700014
1986,2753.9172912700014
1987,2754.1330802700013
1988,2755.1330802700013
1989,2769.3000102700016
1990,2769.3701172700016
1991,2769.614987250002
1992,2770.173514250002
1993,2771.173514250002
1994,2772.173514250002
1995,2772.490414250002
1996,2772.703024250002
1997,2778.7808842500012
1998,2779.7808842500012
1999,2780.7808842500012
2000,2781.7808842500012
2001,2781.941234250001
2002,2782.133094250001
2003,2783.133094250001
2004,2783.233977250001
2005,2783.614247250001
2006,2794.9234072500008
2007,2795.334908250001
2008,2802.044688250001
2009,2802.237383250001
2010,2803.0098689600013
2011,2803.9419299600013
2012,2804.5073879600013
2013,2804.7211319600015
2014,2805.7211319600015
2015,2806.3078109600015
2016,2810.3174209600015
2017,2811.822090960002
2018,2812.664220960002
2019,2813.1301909600015
2020,2813.4205304600014
2021,2813.7237794600014
2022,2813.7392794600014
2023,2813.7915344600015
2024,2814.7915344600015
2025,2815.7915344600015
2026,2816.0892584600015
2027,2816.5250764600014
2028,2817.1401264600013
2029,2817.5423734600013
2030,2818.198843460001
2031,2818.8526314600012
2032,2818.9404214600013
2033,2819.341261460001
2034,2819.460831460001
2035,2819.572289460001
2036,2819.8938494600006
2037,2820.5498590600005
2038,2821.5498590600005
2039,2829.8744490600006
2040,2838.2064690600005
2041,2838.6623990600006
2042,2838.894299060001
2043,2839.894299060001
2044,2840.6735190600007
2045,2841.3992100600008
2046,2841.966210060001
2047,2842.3516900600007
2048,2843.3516900600007
2049,2863.4675200600004
2050,2864.4675200600004
2051,2865.1240310600006
2052,2886.1410910600007
2053,2886.682948060001
2054,2887.682948060001
2055,2887.683201060001
2056,2887.7254610600007
2057,2887.857727060001
2058,2887.944135760001
2059,2888.300215760001
2060,2889.300215760001
2061,2907.328945760001
2062,2908.328945760001
2063,2908.6223957600005
2064,2909.5191557600006
2065,2910.1690097600003
2066,2911.02624856
2067,2911.24040256
2068,2911.27631656
2069,2911.4391585599997
2070,2912.4296845599997
2071,2912.52186456
2072,2913.52186456
2073,2913.6588645599995
2074,2913.8830835599997
2075,2914.8830835599997
2076,2915.4583875599997
2077,2916.4583875599997
2078,2916.66485656
2079,2917.1500296599997
2080,2918.1332736599998
2081,2919.0514296599995
2082,2919.0827176599996
2083,2920.0827176599996
2084,2920.1008776599997
2085,2921.1008776599997
2086,2921.1195276599997
2087,2922.0395276599997
2088,2923.0395276599997
2089,2923.8833376599996
2090,2924.3643376599994
2091,2924.4353276599995
2092,2924.4845476599994
2093,2924.4929276599996
2094,2925.4929276599996
2095,2925.8382426599997
2096,2925.9238456599996
2097,2926.9238456599996
2098,2927.9238456599996
2099,2928.9238456599996
2100,2929.2550816599996
2101,2929.27960766
2102,2930.27960766
2103,2931.2585176599996
2104,2931.8945806599995
2105,2932.4420806599996
2106,2932.8284316599998
2107,2932.8453876599997
2108,2932.9327216599995
2109,2933.0311716599995
2110,2933.3123916599993
2111,2933.877041659999
2112,2934.8705316599994
2113,2934.9006896599994
2114,2935.7074196599997
2115,2935.7265467599996
2116,2966.78359676
2117,2967.49032676
2118,2967.88422576
2119,2967.9155867599998
2120,2968.09051676
2121,2968.30289676
2122,2969.30289676
2123,2969.78285276
2124,2970.78285276
2125,2971.78285276
2126,2971.86890176
2127,2972.33641176
2128,2972.3725707599997
2129,2973.2568247599997
2130,2974.2568247599997
2131,2974.5952247599994
2132,2975.5952247599994
2133,2976.4133347599995
2134,2976.4659307599995
2135,2976.5205307599995
2136,2976.8304267599997
2137,2977.8304267599997
2138,2977.9135767599996
2139,2978.08450676
2140,2978.16955276
2141,2978.17838076
2142,2979.1469207600003
2143,2979.92123076
2144,2980.12325076
2145,2980.25346976
2146,2980.54107876
2147,3002.74819876
2148,3002.93791876
2149,3003.93791876
2150,3004.93791876
2151,3005.93791876
2152,3006.3046247599996
2153,3006.71453476
2154,3007.71453476
2155,3007.81754776
2156,3007.96416376
2157,3008.22818376
2158,3008.36057376
2159,3008.41011376
2160,3009.0674637599996
2161,3009.1481647599994
2162,3009.2501417599997
2163,3009.4223867599994
2164,3010.4223867599994
2165,3015.961046759999
2166,3016.961046759999
2167,3017.6335267599993
2168,3018.3273157599992
2169,3019.3273157599992
2170,3020.3273157599992
2171,3020.9281357599993
2172,3021.0951107599994
2173,3024.0593907599996
2174,3029.67459076
2175,3030.0275187599996
2176,3030.2121187599996
2177,3031.2121187599996
2178,3031.7323187599995
2179,3032.5345997599998
2180,3032.9433197599997
2181,3033.3406397599997
2182,3033.3566497599995
2183,3033.4672237599993
2184,3034.4672237599993
2185,3034.6346487599994
2186,3035.6346487599994
2187,3035.8612787599995
2188,3036.2787047599995
2189,3036.6478537599996
2190,3037.6300337599996
2191,3037.996103759999
2192,3038.105713759999
2193,3038.772211759999
2194,3038.773245759999
2195,3039.773245759999
2196,3040.540225759999
2197,3040.799995759999
2198,3040.8174507599992
2199,3041.8174507599992
2200,3042.508360759999
2201,3042.510351159999
2202,3043.510351159999
2203,3044.4909011599993
2204,3044.6493011599996
2205,3044.8854611599995
2206,3045.1840011599993
2207,3046.1840011599993
2208,3047.1840011599993
2209,3049.840421159999
2210,3050.268941159999
2211,3050.368841159999
2212,3050.599268159999
2213,3051.123898159999
2214,3051.226898159999
2215,3052.226898159999
2216,3053.226898159999
2217,3053.939242159999
2218,3056.010092159999
2219,3056.156309159999
2220,3056.525369159999
2221,3056.6874091599993
2222,3057.0220411599994
2223,3057.043866159999
2224,3058.043866159999
2225,3058.8160011599994
2226,3058.8338061599993
2227,3059.2405961599993
2228,3060.065396159999
2229,3061.065396159999
2230,3061.129216159999
2231,3061.416086159999
2232,3061.754756159999
2233,3062.3189761599992
2234,3063.3189761599992
2235,3063.783246159999
2236,3064.615485159999
2237,3065.171575159999
2238,3065.463575159999
2239,3066.006925159999
2240,3067.006925159999
2241,3067.501166159999
2242,3068.046777159999
2243,3068.372827159999
2244,3069.372827159999
2245,3070.372827159999
2246,3070.572736159999
2247,3070.646806159999
2248,3071.125102159999
2249,3071.226588159999
2250,3072.226588159999
2251,3073.0166491599994
2252,3073.035089159999
2253,3073.138560159999
2254,3073.281380159999
2255,3074.0633021599992
2256,3074.4672821599993
2257,3075.115672159999
2258,3075.308651159999
2259,3079.103871159999
2260,3082.701331159999
2261,3083.701331159999
2262,3084.701331159999
2263,3118.8923411599985
2264,3118.8954311599987
2265,3119.2909011599986
2266,3120.0764081599987
2267,3120.125039159999
2268,3121.125039159999
2269,3121.4455421599987
2270,3121.650775159999
2271,3121.839255159999
2272,3122.1424303599993
2273,3122.220196659999
2274,3123.220196659999
2275,3124.220196659999
2276,3125.220196659999
2277,3126.220196659999
2278,3126.732396659999
2279,3126.964179659999
2280,3127.1402396599988
2281,3127.161044659999
2282,3127.5548676599988
2283,3128.5548676599988
2284,3129.3878476599984
2285,3129.6037616599983
2286,3130.6037616599983
2287,3131.2868616599985
2288,3131.8152546599986
2289,3132.8152546599986
2290,3133.8152546599986
2291,3134.8152546599986
2292,3134.9983026599984
2293,3135.4757246599984
2294,3135.6399546599987
2295,3136.6399546599987
2296,3137.5260546599984
2297,3137.6133946599984
2298,3138.6133946599984
2299,3139.6133946599984
2300,3140.4084706599983
2301,3141.4084706599983
2302,3141.549002659998
2303,3141.887789859998
2304,3142.623769859998
2305,3142.906323859998
2306,3142.9614138599977
2307,3142.9960228599975
2308,3143.260952859998
2309,3144.260952859998
2310,3144.320192859998
2311,3144.3741478599977
2312,3145.3741478599977
2313,3146.184247859998
2314,3146.231599859998
2315,3147.231599859998
2316,3148.231599859998
2317,3148.9867298799977
2318,3149.9867298799977
2319,3150.9867298799977
2320,3151.461919879998
2321,3151.723689879998
2322,3152.012709879998
2323,3153.012709879998
2324,3154.012709879998
2325,3155.012709879998
2326,3155.187389879998
2327,3156.187389879998
2328,3157.187389879998
2329,3157.453178879998
2330,3158.453178879998
2331,3159.158178879998
2332,3160.158178879998
2333,3160.296977879998
2334,3160.865597879998
2335,3160.8821478799982
2336,3161.255992679998
2337,3161.503923679998
2338,3161.572173679998
2339,3169.700213679998
2340,3178.8130936799976
2341,3179.0211296799976
2342,3179.1282426799976
2343,3179.6490436799977
2344,3180.6490436799977
2345,3180.9871036799977
2346,3181.5213516799977
2347,3182.5213516799977
2348,3183.1456116799977
2349,3183.8080966799976
2350,3183.9013176799976
2351,3184.5515376799976
2352,3184.9554206799976
2353,3185.2504206799977
2354,3185.3149476799977
2355,3186.238887679998
2356,3186.3057476799977
2357,3186.7631776799976
2358,3187.7631776799976
2359,3188.7631776799976
2360,3189.583747679998
2361,3189.991338679998
2362,3190.991338679998
2363,3191.311548679998
2364,3191.373194679998
2365,3192.373194679998
2366,3192.679045679998
2367,3193.679045679998
2368,3193.980136679998
2369,3194.980136679998
2370,3195.980136679998
2371,3196.980136679998
2372,3197.339746679998
2373,3197.5024546799978
2374,3253.413304679998
2375,3253.503974679998
2376,3253.572495679998
2377,3254.0100456799983
2378,3254.2513656799983
2379,3254.535485679998
2380,3255.535485679998
2381,3255.852424679998
2382,3256.852424679998
2383,3256.956124679998
2384,3257.781444679998
2385,3274.6251046799985
2386,3274.7944046799985
2387,3275.5608946799985
2388,3276.5608946799985
2389,3277.5608946799985
2390,3302.0640146799988
2391,3302.2610556799987
2392,3302.382117679999
2393,3303.382117679999
2394,3303.878117679999
2395,3304.878117679999
2396,3304.9903676799986
2397,3305.4472536799985
2398,3305.9144006799984
2399,3306.3457806799984
2400,3347.668440679998
2401,3348.1259816799984
2402,3349.0533516799983
2403,3349.1464716799983
2404,3350.1464716799983
2405,3350.2130916799983
2406,3350.5967816799985
2407,3354.7291416799985
2408,3355.7291416799985
2409,3355.9408989799986
2410,3356.5719489799985
2411,3357.5719489799985
2412,3358.4230289799984
2413,3359.4230289799984
2414,3360.4230289799984
2415,3360.5655879799983
2416,3361.5655879799983
2417,3361.7236029799983
2418,3361.9976329799983
2419,3362.9976329799983
2420,3363.388192979998
2421,3363.664211979998
2422,3364.664211979998
2423,3365.095612979998
2424,3365.294553979998
2425,3366.169463979998
2426,3366.961803979998
2427,3367.7808439799983
2428,3368.3959069799985
2429,3369.2057069799985
2430,3370.2057069799985
2431,3370.5243069799985
2432,3370.5973669799982
2433,3370.785775979998
2434,3371.547775979998
2435,3372.267495979998
2436,3372.383978579998
2437,3373.383978579998
2438,3373.5231185799976
2439,3373.7264615799977
2440,3374.7264615799977
2441,3375.6142115799976
2442,3376.6142115799976
2443,3376.7547355799975
2444,3377.2200045799973
2445,3378.718064579997
2446,3431.358494579997
2447,3431.603271579997
2448,3431.687655579997
2449,3432.9764455799973
2450,3433.2864055799973
2451,3433.3331845799976
2452,3433.3465115799977
2453,3434.0565415799974
2454,3434.0624715799977
2455,3434.4771995799974
2456,3484.892609579998
2457,3485.0232855799977
2458,3486.0232855799977
2459,3486.7429055799976
2460,3487.3248365799973
2461,3487.591308579997
2462,3487.746868579997
2463,3488.746868579997
2464,3489.034524579997
2465,3490.034524579997
2466,3490.427279579997
2467,3490.4889835799972
2468,3491.3919335799974
2469,3492.3919335799974
2470,3492.4261415799974
2471,3492.9808115799974
2472,3493.9808115799974
2473,3494.7077415799977
2474,3494.7300615799977
2475,3495.7300615799977
2476,3495.8304015799977
2477,3496.8304015799977
2478,3497.8304015799977
2479,3498.4749715799976
2480,3499.2955015799976
2481,3499.3293865799974
2482,3500.3293865799974
2483,3501.3293865799974
2484,3502.3293865799974
2485,3502.7630095799973
2486,3503.7559695799973
2487,3504.7559695799973
2488,3505.2170225799973
2489,3505.4306625799973
2490,3505.5307595799973
2491,3506.498829579997
2492,3507.032629579997
2493,3507.700309579997
2494,3508.700309579997
2495,3509.435584579997
2496,3510.435584579997
2497,3511.3034145799966
2498,3511.9713495799965
2499,3512.7029135799967
2500,3513.7029135799967
2501,3514.7029135799967
2502,3514.8255348799967
2503,3515.8255348799967
2504,3529.7902948799965
2505,3529.7917688799967
2506,3530.6147278799967
2507,3530.7559018799966
2508,3531.1964938799965
2509,3531.6284338799965
2510,3532.2961838799965
2511,3532.4628868799964
2512,3532.8800668799963
2513,3532.9908148799964
2514,3533.8992648799963
2515,3534.3441168799964
2516,3553.1232468799963
2517,3554.1232468799963
2518,3554.408253879996
2519,3554.411912879996
2520,3555.330572879996
2521,3555.6264528799957
2522,3555.786531879996
2523,3556.786531879996
2524,3557.786531879996
2525,3558.786531879996
2526,3558.997482879996
2527,3559.997482879996
2528,3560.997482879996
2529,3561.039182879996
2530,3561.5103068799963
2531,3562.5103068799963
2532,3565.1199038799964
2533,3566.1199038799964
2534,3566.9810938799965
2535,3567.9810938799965
2536,3568.9810938799965
2537,3569.1508969799966
2538,3570.0412469799967
2539,3570.0969369799964
2540,3570.5906899799966
2541,3570.5915089799964
2542,3571.3763089799963
2543,3571.7336459799963
2544,3572.6844259799964
2545,3572.7242459799963
2546,3572.7504787799962
2547,3573.7504787799962
2548,3574.7504787799962
2549,3575.7504787799962
2550,3576.7504787799962
2551,3576.9256987799963
2552,3577.4955977799964
2553,3616.9484077799966
2554,3617.236491779997
2555,3617.407641779997
2556,3617.809270779997
2557,3618.138344779997
2558,3618.551874779997
2559,3619.551874779997
2560,3619.964984779997
2561,3620.082256779997
2562,3620.726456779997
2563,3621.026899779997
2564,3622.026899779997
2565,3622.123949779997
2566,3623.123949779997
2567,3623.134268779997
2568,3624.134268779997
2569,3624.7394187799973
2570,3625.6341687799973
2571,3626.490268779997
2572,3626.722128779997
2573,3627.722128779997
2574,3627.7556037799973
2575,3628.6772037799974
2576,3629.6772037799974
2577,3629.7555837799973
2578,3629.7614657799973
2579,3630.3484057799974
2580,3631.083365779997
2581,3632.083365779997
2582,3633.083365779997
2583,3633.390845779997
2584,3633.674615779997
2585,3634.674615779997
2586,3635.674615779997
2587,3636.574554779997
2588,3636.858785779997
2589,3637.064775779997
2590,3638.064775779997
2591,3638.077171779997
2592,3639.077171779997
2593,3640.077171779997
2594,3640.315271779997
2595,3645.0084517799974
2596,3645.5532217799973
2597,3645.654208779997
2598,3645.768969779997
2599,3646.420069779997
2600,3653.1453097799968
2601,3653.754749779997
2602,3653.816247879997
2603,3654.734987879997
2604,3655.3494078799968
2605,3655.7972188799968
2606,3656.7972188799968
2607,3656.9573788799967
2608,3657.2237388799967
2609,3657.6588288799967
2610,3657.8333888799966
2611,3657.9106718799967
2612,3658.9106718799967
2613,3659.9106718799967
2614,3660.8640218799965
2615,3661.3549184799963
2616,3662.207047779996
2617,3663.207047779996
2618,3663.296854779996
2619,3663.381381779996
2620,3664.381381779996
2621,3665.381381779996
2622,3666.381381779996
2623,3666.765219979996
2624,3666.777843979996
2625,3667.777843979996
2626,3668.626203979996
2627,3669.626203979996
2628,3669.9138418799957
2629,3670.0360868799958
2630,3670.145656879996
2631,3670.925830879996
2632,3671.014610879996
2633,3671.483808879996
2634,3671.490848879996
2635,3671.554068879996
2636,3671.951914579996
2637,3672.1132215799958
2638,3672.725421579996
2639,3672.992801579996
2640,3673.475161579996
2641,3674.117733579996
2642,3674.9917735799963
2643,3675.0161635799964
2644,3675.0875155799963
2645,3676.0875155799963
2646,3676.7419955799965
2647,3677.3669905799966
2648,3677.4637785799964
2649,3678.4637785799964
2650,3678.5490285799965
2651,3678.6823065799963
2652,3679.1834645799963
2653,3680.1834645799963
2654,3681.1834645799963
2655,3681.266270579996
2656,3682.266270579996
2657,3683.2578905799965
2658,3683.9739305799962
2659,3684.2777705799963
2660,3684.458415579996
2661,3684.7502185799963
2662,3685.134748579996
2663,3685.330638579996
2664,3685.919137579996
2665,3686.157137579996
2666,3686.7739025799956
2667,3687.7739025799956
2668,3688.3578485799953
2669,3688.8630355799955
2670,3689.1534335799956
2671,3689.8902995799954
2672,3689.9279010799955
2673,3690.1212610799957
2674,3690.847491079996
2675,3712.174931079996
2676,3713.174931079996
2677,3713.334714079996
2678,3714.334714079996
2679,3714.753011079996
2680,3714.953191079996
2681,3751.894991079996
2682,3752.894991079996
2683,3753.028261079996
2684,3753.087896079996
2685,3753.2936760799957
2686,3753.325754079996
2687,3753.503004079996
2688,3753.8249040799965
2689,3754.6382730799965
2690,3755.0407930799965
2691,3756.0407930799965
2692,3757.0407930799965
2693,3757.2442520799964
2694,3757.590332079996
2695,3757.9366520799963
2696,3758.0700950799965
2697,3758.1389900799963
2698,3759.1389900799963
2699,3760.1389900799963
2700,3760.2667330799964
2701,3760.886202979996
2702,3761.886202979996
2703,3762.720662979996
2704,3763.720662979996
2705,3764.054272979996
2706,3764.376351079996
2707,3765.376351079996
2708,3765.833871079996
2709,3766.165298079996
2710,3766.863415079996
2711,3767.1941550799957
2712,3767.9784850799956
2713,3768.9784850799956
2714,3769.9784850799956
2715,3770.2132820799957
2716,3771.2132820799957
2717,3772.2132820799957
2718,3773.2132820799957
2719,3774.2112700799958
2720,3775.2112700799958
2721,3775.332273079996
2722,3775.812236079996
2723,3776.0113560799964
2724,3777.0113560799964
2725,3777.8517850799963
2726,3777.912885079996
2727,3778.912885079996
2728,3779.565595079996
2729,3780.565595079996
2730,3781.565595079996
2731,3782.3568450799958
2732,3783.2658550799956
2733,3783.314415079996
2734,3784.314415079996
2735,3784.645815079996
2736,3785.0833200799957
2737,3786.6915900799954
2738,3786.9246100799955
2739,3787.9246100799955
2740,3788.9246100799955
2741,3789.4387900799957
2742,3789.5408320799957
2743,3790.106328079996
2744,3790.2209040799958
2745,3790.266614079996
2746,3790.277530079996
2747,3812.8371900799957
2748,3813.1894200799957
2749,3813.8031560799955
2750,3814.8031560799955
2751,3814.9649760799957
2752,3815.0436960799957
2753,3816.0436960799957
2754,3817.0436960799957
2755,3817.704908879996
2756,3818.704908879996
2757,3818.934098879996
2758,3819.934098879996
2759,3820.866067879996
2760,3821.585407879996
2761,3821.8933288799963
2762,3822.3403688799963
2763,3823.3403688799963
2764,3824.3403688799963
2765,3824.727429879996
2766,3825.727429879996
2767,3826.0075398799963
2768,3827.0075398799963
2769,3828.0075398799963
2770,3829.0075398799963
2771,3829.0977588799965
2772,3830.0977588799965
2773,3830.3311298799963
2774,3830.3841557799965
2775,3830.6914077799966
2776,3833.3074477799964
2777,3833.3378977799966
2778,3833.5466477799964
2779,3833.7364377799963
2780,3833.878507779996
2781,3833.901317779996
2782,3834.901317779996
2783,3835.450317779996
2784,3836.450317779996
2785,3837.450317779996
2786,3844.9715177799962
2787,3845.626257779996
2788,3845.854755779996
2789,3846.854755779996
2790,3847.839355779996
2791,3847.920615779996
2792,3848.415545779996
2793,3849.415545779996
2794,3849.9021337799963
2795,3850.9021337799963
2796,3851.9021337799963
2797,3851.9529687799964
2798,3852.6348497799963
2799,3852.7166937799966
2800,3853.7166937799966
2801,3853.9359527799966
2802,3855.6947327799967
2803,3863.393342779996
2804,3864.2503527799963
2805,3865.019719779996
2806,3865.109486579996
2807,3866.109486579996
2808,3866.125630579996
2809,3867.125630579996
2810,3867.543660579996
2811,3867.577280579996
2812,3868.577280579996
2813,3869.146159579996
2814,3869.412603579996
2815,3869.5956015799957
2816,3870.043316979996
2817,3870.211853979996
2818,3871.0929329799956
2819,3871.1325429799954
2820,3871.8340029799956
2821,3872.0626129799957
2822,3872.596619979996
2823,3872.651460979996
2824,3872.677540979996
2825,3872.872076979996
2826,3873.670446979996
2827,3873.952776979996
2828,3874.3137429799963
2829,3915.429782979996
2830,3915.8134129799964
2831,3915.8539707799964
2832,3916.8539707799964
2833,3917.5640657799963
2834,3918.506141779996
2835,3918.7869247799963
2836,3919.1332118799965
2837,3919.1636818799966
2838,3919.4440618799963
2839,3919.567755879996
2840,3920.162495879996
2841,3921.939975879996
2842,3922.3065558799963
2843,3922.914655879996
2844,3923.9037398799965
2845,3923.9557323799963
2846,3924.9557323799963
2847,3924.996282379996
2848,3925.4800223799957
2849,3925.612468379996
2850,3926.2548283799956
2851,3926.3712673799955
2852,3927.3712673799955
2853,3927.5714143799955
2854,3927.6230593799955
2855,3928.6230593799955
2856,3929.2392211799956
2857,3929.8107011799957
2858,3930.1442031799957
2859,3930.871748179996
2860,3931.871748179996
2861,3931.994955179996
2862,3932.242020179996
2863,3933.152609179996
2864,3934.152609179996
2865,3938.959885779996
2866,3956.382245779996
2867,3956.921705779996
2868,3957.921705779996
2869,3973.339805779996
2870,3982.227005779996
2871,3982.2912687799962
2872,3982.566700779996
2873,3982.753331779996
2874,3982.962581779996
2875,3983.161137779996
2876,3983.659457779996
2877,3984.594319779996
2878,3984.923809779996
2879,3985.923809779996
2880,3986.923809779996
2881,3987.4331567799964
2882,3988.4331567799964
2883,3988.6974767799966
2884,4007.0854767799965
2885,4007.3624117799964
2886,4008.1477237799963
2887,4010.085683779996
2888,4010.376562779996
2889,4010.612930779996
2890,4010.671868779996
2891,4010.736849779996
2892,4011.3513697799963
2893,4011.8969097799963
2894,4012.6935897799963
2895,4012.7504847799964
2896,4013.7504847799964
2897,4014.0129209799966
2898,4014.6351559799964
2899,4020.7811359799966
2900,4021.1959969799964
2901,4021.469766979996
2902,4022.469766979996
2903,4023.1376969799962
2904,4024.1376969799962
2905,4024.329470979996
2906,4024.5574509799962
2907,4024.854795979996
2908,4025.854795979996
2909,4026.353880979996
2910,4026.363472979996
2911,4026.801237979996
2912,4026.810426979996
2913,4027.452251979996
2914,4027.505450979996
2915,4027.8501819799963
2916,4028.0528679799963
2917,4029.0528679799963
2918,4029.5673229799963
2919,4030.0819429799963
2920,4030.620433979996
2921,4031.157523979996
2922,4031.399633979996
2923,4032.038667979996
2924,4033.038667979996
2925,4034.038667979996
2926,4034.157061979996
2927,4034.619830779996
2928,4035.619830779996
2929,4035.811528779996
2930,4035.912284779996
2931,4048.337544779996
2932,4048.4208035799957
2933,4049.029840579996
2934,4049.7409805799957
2935,4050.2901605799957
2936,4050.3339295799956
2937,4050.476023579996
2938,4050.592827579996
2939,4051.022181579996
2940,4051.261944579996
2941,4051.307151579996
2942,4052.2020015799962
2943,4053.2020015799962
2944,4078.4520715799963
2945,4079.396580579996
2946,4079.584876579996
2947,4080.555736579996
2948,4081.273182579996
2949,4081.553802579996
2950,4081.910993579996
2951,4082.787500579996
2952,4083.295585579996
2953,4084.295585579996
2954,4084.657411579996
2955,4085.657411579996
2956,4086.025821579996
2957,4086.2003465799958
2958,4087.955346579996
2959,4088.099076579996
2960,4088.2709225799963
2961,4089.2709225799963
2962,4090.0750325799963
2963,4090.3447925799965
2964,4091.3447925799965
2965,4091.3589885799965
2966,4097.498538579996
2967,4097.545471579996
2968,4097.845092579996
2969,4097.850547579996
2970,4098.850547579996
2971,4099.850547579996
2972,4113.947197579996
2973,4114.039747579996
2974,4115.039747579996
2975,4115.206767579996
2976,4116.143547579996
2977,4116.2721885799965
2978,4116.612439579996
2979,4118.551899579996
2980,4118.908256579995
2981,4119.908256579995
2982,4120.602405579995
2983,4121.096325579995
2984,4121.447744579995
2985,4164.548644579995
2986,4164.760990579995
2987,4164.910939579995
2988,4165.048969579995
2989,4165.192700579995
2990,4166.192700579995
2991,4166.6777155799955
2992,4166.992815579995
2993,4167.074016579995
2994,4167.259261579995
2995,4182.648971579995
2996,4182.825789579995
2997,4194.909349579995
2998,4194.9150915799955
2999,4194.960872579995
3000,4195.0576345799955
3001,4196.039194579996
3002,4196.167280579995
3003,4197.167280579995
3004,4198.007550579996
3005,4198.228118579996
3006,4198.686098579996
3007,4198.981144579996
3008,4199.981144579996
3009,4200.981144579996
3010,4201.694993579996
3011,4201.756339579996
3012,4202.756339579996
3013,4202.889490579996
3014,4203.889490579996
3015,4204.873990579996
3016,4204.956681579995
3017,4205.874016579995
3018,4206.458946579995
3019,4207.458946579995
3020,4207.5382565799955
3021,4207.798165579996
3022,4208.798165579996
3023,4240.812305579996
3024,4241.812305579996
3025,4241.859199579996
3026,4242.859199579996
3027,4243.331159579996
3028,4243.388362579996
3029,4266.606109579996
3030,4267.405539579996
3031,4267.743001579996
3032,4291.325381579996
3033,4291.393412579996
3034,4292.212025579996
3035,4292.2211305799965
3036,4293.2211305799965
3037,4293.868900579997
3038,4294.500982579997
3039,4295.376692579997
3040,4295.422290579997
3041,4296.008810579997
3042,4296.175633579996
3043,4296.365659579997
3044,4297.181059579996
3045,4297.469232579996
3046,4297.785812579996
3047,4298.785812579996
3048,4299.287612579996
3049,4300.163482579996
3050,4300.410942579996
3051,4300.677987579996
3052,4302.651163279996
3053,4303.651163279996
3054,4304.651163279996
3055,4304.694419279996
3056,4310.0254992799955
3057,4310.190769279996
3058,4310.643631279996
3059,4311.439260279996
3060,4311.453750279996
3061,4311.857890279996
3062,4312.036890279996
3063,4312.977380279996
3064,4313.0842812799965
3065,4313.481681279996
3066,4313.573484279997
3067,4314.573484279997
3068,4314.720294279997
3069,4315.720294279997
3070,4316.373084279997
3071,4317.102416279997
3072,4317.462144279997
3073,4318.075986279997
3074,4319.049686279997
3075,4320.049686279997
3076,4320.0685462799975
3077,4320.328566279997
3078,4320.7710882799975
3079,4321.083344279998
3080,4321.679306279998
3081,4322.447025279998
3082,4322.690375279999
3083,4323.690375279999
3084,4323.753077279999
3085,4324.735559479999
3086,4325.735559479999
3087,4326.735559479999
3088,4327.735559479999
3089,4327.925759479999
3090,4328.925759479999
3091,4329.712174479999
3092,4329.787164479999
3093,4329.847946479998
3094,4330.313103479998
3095,4331.018057479998
3096,4332.018057479998
3097,4333.018057479998
3098,4333.203767479998
3099,4333.246639779998
3100,4334.091049779998
3101,4335.091049779998
3102,4336.091049779998
3103,4337.091049779998
3104,4337.893283779998
3105,4338.085502779997
3106,4345.802852779997
3107,4345.824963779997
3108,4346.1658667799975
3109,4346.543631779998
3110,4346.895576779998
3111,4347.895576779998
3112,4348.895576779998
3113,4349.445696779998
3114,4349.899866779998
3115,4358.176916779998
3116,4404.723586779997
3117,4405.723586779997
3118,4406.723586779997
3119,4407.609876779998
3120,4408.609876779998
3121,4408.918713779998
3122,4409.918713779998
3123,4425.501033779998
3124,4425.720211779998
3125,4426.141381779998
3126,4427.141381779998
3127,4427.408491779997
3128,4427.613391779998
3129,4427.961224779998
3130,4428.512544779997
3131,4428.787854779997
3132,4428.945502779998
3133,4429.945502779998
3134,4430.945502779998
3135,4431.4166973799975
3136,4431.5431563799975
3137,4431.973933379997
3138,4432.973933379997
3139,4433.607227379997
3140,4434.117613379997
3141,4435.117613379997
3142,4435.817973379997
3143,4436.669624379997
3144,4437.669624379997
3145,4438.669624379997
3146,4439.669624379997
3147,4439.974274379997
3148,4440.379984379997
3149,4441.132254379997
3150,4441.974224379997
3151,4442.974224379997
3152,4443.536994379998
3153,4444.536994379998
3154,4445.138813379997
3155,4446.138813379997
3156,4448.846743489998
3157,4449.094003489998
3158,4465.677233489998
3159,4466.677233489998
3160,4467.677233489998
3161,4468.2241154899975
3162,4469.2241154899975
3163,4469.4814954899975
3164,4470.4814954899975
3165,4470.562835489997
3166,4471.201355489997
3167,4471.217205489997
3168,4471.434395489996
3169,4471.886895489995
3170,4494.690055489995
3171,4495.0110832899945
3172,4495.640173289994
3173,4496.640173289994
3174,4497.640173289994
3175,4498.640173289994
3176,4498.899782289994
3177,4499.037872289993
3178,4499.514721289993
3179,4499.520857289993
3180,4500.520857289993
3181,4500.7151882899925
3182,4501.321681289993
3183,4501.576581789993
3184,4502.576581789993
3185,4503.576581789993
3186,4504.1732457899925
3187,4504.252762789993
3188,4505.252762789993
3189,4506.252762789993
3190,4506.479753789992
3191,4506.937509789992
3192,4507.937509789992
3193,4507.981443789992
3194,4508.981443789992
3195,4509.443633489992
3196,4510.443633489992
3197,4511.443633489992
3198,4512.175073489992
3199,4512.458304489993
3200,4513.151284489993
3201,4513.455924489993
3202,4514.455924489993
3203,4515.126784489993
3204,4515.241754489993
3205,4515.340930489992
3206,4515.953660489992
3207,4529.1984304899925
3208,4529.2520004899925
3209,4530.2520004899925
3210,4530.703530489993
3211,4530.858690489993
3212,4531.858690489993
3213,4532.858690489993
3214,4532.960830489993
3215,4533.960830489993
3216,4535.056460489994
3217,4536.056460489994
3218,4536.532247489994
3219,4536.702767489995
3220,4536.924227489994
3221,4536.930937489995
3222,4537.118567489995
3223,4537.514594489995
3224,4537.630330489995
3225,4538.630330489995
3226,4538.975782489995
3227,4539.094912489995
3228,4539.716182489995
3229,4540.158762489995
3230,4541.738012489995
3231,4542.538892489994
3232,4542.600887489994
3233,4542.6198574899945
3234,4543.035342489995
3235,4544.035342489995
3236,4544.269142489995
3237,4545.269142489995
3238,4554.669412489995
3239,4554.701533489995
3240,4555.701533489995
3241,4556.701533489995
3242,4557.679533489995
3243,4557.783505489995
3244,4558.783505489995
3245,4559.783505489995
3246,4560.783505489995
3247,4594.734085489996
3248,4595.151815489996
3249,4596.151815489996
3250,4596.470935489996
3251,4596.891165489996
3252,4606.355425489996
3253,4607.355425489996
3254,4608.352655489996
3255,4608.6000204899965
3256,4609.6000204899965
3257,4610.122086489997
3258,4610.273936489997
3259,4611.273936489997
3260,4612.569186489997
3261,4613.569186489997
3262,4613.757485489998
3263,4614.003476489997
3264,4615.003476489997
3265,4616.003476489997
3266,4616.533316489998
3267,4616.688159489998
3268,4617.063899489998
3269,4617.090844489998
3270,4617.482524489998
3271,4617.993244489997
3272,4618.024162489997
3273,4619.024162489997
3274,4619.066113489997
3275,4620.066113489997
3276,4620.484019489997
3277,4620.5759194899965
3278,4621.5759194899965
3279,4622.5759194899965
3280,4622.909076489997
3281,4624.6277564899965
3282,4624.875486489997
3283,4625.702296489997
3284,4626.702296489997
3285,4626.961597489997
3286,4627.782500489997
3287,4634.795160489997
3288,4635.795160489997
3289,4636.4885904899975
3290,4637.4885904899975
3291,4637.723883489997
3292,4638.235881489997
3293,4638.466221489997
3294,4639.466221489997
3295,4639.964421489997
3296,4640.296741489998
3297,4640.950688489997
3298,4641.436508489997
3299,4642.206081489998
3300,4642.293411489998
3301,4642.913501489998
3302,4643.913501489998
3303,4644.0310114899985
3304,4644.592031489999
3305,4645.592031489999
3306,4645.762523489999
3307,4645.808493489999
3308,4646.808493489999
3309,4647.808493489999
3310,4649.916823489999
3311,4650.218783489999
3312,4650.443498689999
3313,4650.978998689999
3314,4651.978998689999
3315,4652.284781689998
3316,4652.315817689999
3317,4661.014707689998
3318,4661.5462776899985
3319,4661.960747689998
3320,4662.796857689998
3321,4662.903069689998
3322,4663.530619689998
3323,4663.798139689999
3324,4664.442329689999
3325,4665.442329689999
3326,4665.913941689999
3327,4666.274201689999
3328,4667.000171689999
3329,4667.405431689998
3330,4668.405431689998
3331,4668.696091689999
3332,4669.696091689999
3333,4669.846591689999
3334,4670.846591689999
3335,4671.701681689999
3336,4672.020863689999
3337,4672.388899689999
3338,4672.759899689999
3339,4672.928409689999
3340,4673.572992689999
3341,4673.76811269
3342,4674.76811269
3343,4675.76811269
3344,4676.16701269
3345,4676.41394269
3346,4676.42251569
3347,4677.42251569
3348,4677.61849479
3349,4678.61849479
3350,4680.9900247900005
3351,4681.9900247900005
3352,4682.05197279
3353,4685.70891279
3354,4685.7281527899995
3355,4686.3967527899995
3356,4687.3967527899995
3357,4688.3967527899995
3358,4688.525228789999
3359,4689.220715789999
3360,4700.172985789999
3361,4701.172985789999
3362,4701.534485789999
3363,4702.534485789999
3364,4703.534485789999
3365,4703.573569789999
3366,4704.570598789999
3367,4705.570598789999
3368,4706.210948789999
3369,4706.471416789999
3370,4706.747677789999
3371,4707.747677789999
3372,4707.787964789999
3373,4708.633814789999
3374,4708.7401747899985
3375,4709.071304789999
3376,4709.131074789999
3377,4709.172454789999
3378,4709.288588789999
3379,4709.794668789999
3380,4709.81642279
3381,4710.48368879
3382,4710.64230879
3383,4710.922968790001
3384,4711.42363879
3385,4711.68836379
3386,4712.68836379
3387,4713.131493790001
3388,4713.913383790001
3389,4714.444853790001
3390,4714.744053790001
3391,4715.744053790001
3392,4715.793713790001
3393,4716.793713790001
3394,4717.215333790001
3395,4718.215333790001
3396,4718.88265379
3397,4719.57394979
3398,4720.57394979
3399,4720.76983979
3400,4721.07929879
3401,4721.51734879
3402,4721.77157179
3403,4779.24243179
3404,4779.689805790001
3405,4780.050285790001
3406,4780.953035790001
3407,4781.953035790001
3408,4782.351960790002
3409,4783.351960790002
3410,4784.351960790002
3411,4784.955690790001
3412,4785.414900790001
3413,4818.634590790001
3414,4819.264760790002
3415,4819.403095790001
3416,4819.519163790002
3417,4819.575648790002
3418,4820.575648790002
3419,4821.228638790002
3420,4821.357178790002
3421,4821.656418790002
3422,4822.070156790002
3423,4823.070156790002
3424,4823.532339790002
3425,4831.361369790003
3426,4832.361369790003
3427,4833.361369790003
3428,4833.773486790003
3429,4834.773486790003
3430,4834.873136790003
3431,4835.403826790003
3432,4835.595532790003
3433,4836.577477790002
3434,4837.561844790002
3435,4837.569274790003
3436,4838.417704790003
3437,4838.491074790003
3438,4839.033554790003
3439,4839.737350790003
3440,4839.885631790003
3441,4839.921041790003
3442,4840.283861790003
3443,4840.4540017900035
3444,4841.2236617900035
3445,4841.426001790003
3446,4842.426001790003
3447,4843.0208217900035
3448,4843.843523790004
3449,4844.279128790004
3450,4844.977603790004
3451,4845.977603790004
3452,4846.977603790004
3453,4847.438112790003
3454,4848.438112790003
3455,4848.691182790004
3456,4849.691182790004
3457,4850.061699790004
3458,4850.416309790004
3459,4850.859299790003
3460,4851.622686790003
3461,4852.622686790003
3462,4852.817276790003
3463,4853.498476790003
3464,4854.088416790003
3465,4854.130506790003
3466,4854.438806790003
3467,4855.438806790003
3468,4862.352286790003
3469,4862.382974790003
3470,4863.382974790003
3471,4863.669684790003
3472,4864.200511490003
3473,4864.673495490003
3474,4864.968175490003
3475,4865.905445490003
3476,4866.390049700003
3477,4867.390049700003
3478,4867.400066700003
3479,4868.986346700003
3480,4869.415088700003
3481,4869.946468700004
3482,4870.946468700004
3483,4870.996788700004
3484,4871.996788700004
3485,4872.113814700004
3486,4885.581104700004
3487,4886.344114700005
3488,4887.344114700005
3489,4888.344114700005
3490,4901.194854700005
3491,4901.909304700004
3492,4902.147735700004
3493,4902.316298900004
3494,4902.4592789000035
3495,4902.555507900003
3496,4902.644918900003
3497,4902.700409900003
3498,4902.702194900004
3499,4903.008744900004
3500,4903.909804900004
3501,4904.909804900004
3502,4905.909804900004
3503,4906.832944900004
3504,4907.030185900004
3505,4907.588107900004
3506,4908.709397900004
3507,4914.134187900004
3508,4915.134187900004
3509,4916.134187900004
3510,4917.134187900004
3511,4918.134187900004
3512,4918.554890900004
3513,4919.554890900004
3514,4919.868653900004
3515,4920.868653900004
3516,4921.757653900004
3517,4922.668800900004
3518,4923.513240900003
3519,4924.513240900003
3520,4924.763080900004
3521,4925.605352900004
3522,4926.253327900004
3523,4926.392327900004
3524,4926.666636900004
3525,4927.328017900004
3526,4927.3691209000035
3527,4929.019720900003
3528,4929.0899959000035
3529,4930.0899959000035
3530,4930.674109900004
3531,4931.221247900004
3532,4951.602907900004
3533,4951.702537900003
3534,4951.7123469000035
3535,4952.7123469000035
3536,4952.7680769000035
3537,4953.7680769000035
3538,4953.786416900003
3539,4954.040276900003
3540,4954.131626900003
3541,4954.458323900003
3542,4955.107402900003
3543,4955.979442900003
3544,4956.211494900003
3545,4978.523684900003
3546,4979.523684900003
3547,4980.393154900003
3548,4981.393154900003
3549,4981.472940900003
3550,4982.472940900003
3551,4982.492996900003
3552,4982.6920259000035
3553,4983.554209900003
3554,4984.554209900003
3555,4984.735541900003
3556,4985.204071900003
3557,4985.445971900003
3558,4986.445971900003
3559,4987.056821900003
3560,4988.056821900003
3561,4989.254751900004
3562,4989.777784900004
3563,4989.809544900004
3564,4990.387509900003
3565,4991.387509900003
3566,4992.387509900003
3567,4993.387509900003
3568,4993.878749900004
3569,4994.878749900004
3570,4995.347182900004
3571,4996.347182900004
3572,4996.351052900003
3573,4996.494702900003
3574,4997.494702900003
3575,4999.237792900003
3576,4999.765272900004
3577,5000.658912900004
3578,5001.011216900004
3579,5001.477209900004
3580,5001.561689900003
3581,5001.587984900003
3582,5002.298810900003
3583,5006.864920900003
3584,5007.416937200003
3585,5007.897988200003
3586,5008.565768200003
3587,5008.762768200003
3588,5008.899058200003
3589,5009.161136200003
3590,5010.161136200003
3591,5010.526956200003
3592,5010.875965200003
3593,5010.892885200003
3594,5011.892885200003
3595,5012.879905200003
3596,5013.126663200003
3597,5014.126663200003
3598,5014.192763200003
3599,5014.337863200004
3600,5014.9744892000035
3601,5015.089959200003
3602,5015.474420200003
3603,5015.625660200003
3604,5016.625660200003
3605,5017.625660200003
3606,5018.625660200003
3607,5019.251790200004
3608,5020.003153200004
3609,5020.187408200004
3610,5021.187408200004
3611,5021.395359200004
3612,5021.827289200004
3613,5022.253299200004
3614,5022.701899200004
3615,5023.652359200004
3616,5023.855679200004
3617,5025.053459200004
3618,5032.9471592000045
3619,5033.196299200004
3620,5033.878877200004
3621,5034.878877200004
3622,5034.972867200005
3623,5037.339069500004
3624,5037.738249500004
3625,5038.042907500004
3626,5038.059698500004
3627,5038.583158500004
3628,5039.583158500004
3629,5040.583158500004
3630,5046.120568500004
3631,5048.097964300004
3632,5052.205354300004
3633,5052.461584300004
3634,5053.461584300004
3635,5053.660796300004
3636,5054.660796300004
3637,5055.450322300005
3638,5055.676022300005
3639,5056.676022300005
3640,5062.784842300005
3641,5063.220192300005
3642,5063.310843300005
3643,5063.516834300005
3644,5064.003124300005
3645,5065.003124300005
3646,5065.654184300005
3647,5065.713398300005
3648,5066.676928300005
3649,5067.455140300005
3650,5068.231449300005
3651,5069.231449300005
3652,5069.937576300005
3653,5069.957916300005
3654,5070.178033300005
3655,5085.012293100005
3656,5086.012293100005
3657,5087.012293100005
3658,5087.911293100005
3659,5088.137263100005
3660,5089.137263100005
3661,5089.210831100005
3662,5089.218151100005
3663,5089.607711100005
3664,5090.018443100005
3665,5090.306863100005
3666,5090.678963100005
3667,5091.678963100005
3668,5092.077063100005
3669,5093.077063100005
3670,5094.077063100005
3671,5094.592524100005
3672,5099.532314100004
3673,5107.319254100004
3674,5108.212594100005
3675,5109.212594100005
3676,5109.416816100005
3677,5109.501116100006
3678,5109.678157100006
3679,5110.678157100006
3680,5110.837751100005
3681,5111.054791100005
3682,5111.837655140005
3683,5114.928555140005
3684,5115.496488140006
3685,5116.496488140006
3686,5117.496488140006
3687,5118.049458840005
3688,5119.049458840005
3689,5119.625248840005
3690,5119.815898840005
3691,5120.815898840005
3692,5129.696858840005
3693,5130.696858840005
3694,5131.696858840005
3695,5132.696858840005
3696,5132.724653840005
3697,5132.930553840005
3698,5132.998661840005
3699,5133.288566840005
3700,5134.200776840005
3701,5135.200776840005
3702,5143.2729568400055
3703,5143.468550840005
3704,5143.990110840005
3705,5144.990110840005
3706,5145.990110840005
3707,5146.990110840005
3708,5147.2500218400055
3709,5148.2500218400055
3710,5148.746364840005
3711,5149.238821840006
3712,5149.626031840005
3713,5150.626031840005
3714,5151.132471840006
3715,5151.439881840006
3716,5152.184508840006
3717,5152.639537840006
3718,5152.737117840006
3719,5152.808107840006
3720,5153.808107840006
3721,5154.169797840006
3722,5154.221297840006
3723,5154.637351840006
3724,5154.7999488400055
3725,5155.287814640005
3726,5156.287814640005
3727,5157.287814640005
3728,5157.325821640005
3729,5157.361920640005
3730,5158.361920640005
3731,5158.4869856400055
3732,5159.4869856400055
3733,5159.951375640006
3734,5159.996171640006
3735,5160.996171640006
3736,5181.173461640006
3737,5181.806060640007
3738,5181.976676640007
3739,5182.871366640007
3740,5183.871366640007
3741,5184.871366640007
3742,5185.871366640007
3743,5186.132016640007
3744,5186.547327640007
3745,5186.887726640007
3746,5187.470546640006
3747,5188.195236640006
3748,5200.378906640007
3749,5201.378906640007
3750,5202.378906640007
3751,5203.378906640007
3752,5203.536776640007
3753,5204.536776640007
3754,5205.475276640007
3755,5206.475276640007
3756,5207.1607066400065
3757,5207.273451640007
3758,5207.847091640007
3759,5208.206741640008
3760,5208.403103640007
3761,5208.505723640007
3762,5209.505723640007
3763,5209.834910640007
3764,5209.886895640007
3765,5210.336565640007
3766,5211.336565640007
3767,5211.632155640007
3768,5212.632155640007
3769,5213.478626640007
3770,5213.5786806400065
3771,5214.0346936400065
3772,5214.119353640006
3773,5214.539526640006
3774,5214.623506640006
3775,5215.396876640006
3776,5215.784676640005
3777,5216.784676640005
3778,5217.784676640005
3779,5217.786818640006
3780,5217.902564640006
3781,5280.648354640006
3782,5281.232372640006
3783,5282.232372640006
3784,5282.304914640006
3785,5283.304914640006
3786,5283.355827240006
3787,5283.810103240006
3788,5283.879703240006
3789,5284.879703240006
3790,5285.709493240006
3791,5286.709493240006
3792,5286.884103240006
3793,5286.898823240006
3794,5287.065376240006
3795,5287.311258240006
3796,5288.430548240007
3797,5288.537479240007
3798,5289.537479240007
3799,5289.903012240007
3800,5290.030972240007
3801,5290.503433240007
3802,5290.960083240007
3803,5291.487543240008
3804,5291.507145240008
3805,5291.716440240008
3806,5292.255387240008
3807,5293.255387240008
3808,5294.255387240008
3809,5295.255387240008
3810,5295.957663240008
3811,5296.664609240008
3812,5296.9702762400075
3813,5297.202256240007
3814,5297.768158240007
3815,5298.320784240007
3816,5299.314074240006
3817,5299.602575240006
3818,5299.806945240007
3819,5300.394699240007
3820,5301.394699240007
3821,5301.418858640007
3822,5301.675734640007
3823,5310.667032840007
3824,5311.018254840007
3825,5334.379544840007
3826,5334.711354840007
3827,5334.721794840007
3828,5342.7070748400065
3829,5343.7070748400065
3830,5344.197619840006
3831,5344.4446818400065
3832,5345.094441840007
3833,5345.771595840007
3834,5345.814372840006
3835,5346.814372840006
3836,5347.814372840006
3837,5348.172042840006
3838,5349.172042840006
3839,5349.310852840006
3840,5349.656870840006
3841,5349.807071840007
3842,5350.019348840006
3843,5358.363048840007
3844,5359.363048840007
3845,5360.363048840007
3846,5362.226458840007
3847,5398.192628840006
3848,5398.541401840006
3849,5398.880020840006
3850,5399.048280840007
3851,5399.733433940007
3852,5400.733433940007
3853,5402.206533940007
3854,5402.685983940007
3855,5403.684063940007
3856,5403.781563940007
3857,5404.647313940007
3858,5404.826916940006
3859,5405.826916940006
3860,5406.1574869400065
3861,5407.1574869400065
3862,5408.1574869400065
3863,5409.1574869400065
3864,5410.1574869400065
3865,5411.1574869400065
3866,5411.694925940006
3867,5411.817184940006
3868,5411.933252940006
3869,5412.933252940006
3870,5413.933252940006
3871,5414.7597129400065
3872,5415.208221940006
3873,5415.904231940007
3874,5416.019361940007
3875,5416.237360940007
3876,5416.834840940008
3877,5417.834840940008
3878,5418.089450940008
3879,5419.089450940008
3880,5420.089450940008
3881,5420.636087940008
3882,5420.979617940008
3883,5421.401652940009
3884,5422.401652940009
3885,5422.506173940009
3886,5423.506173940009
3887,5423.618188940009
3888,5424.123602940009
3889,5424.713812940009
3890,5424.765676940009
3891,5425.47046894001
3892,5425.52726094001
3893,5425.93821094001
3894,5426.19358394001
3895,5426.48484094001
3896,5427.48484094001
3897,5428.25104094001
3898,5428.36688294001
3899,5429.193544940011
3900,5430.036034940011
3901,5430.626254940011
3902,5431.133234940011
3903,5431.218505940011
3904,5431.911375940011
3905,5432.911375940011
3906,5433.911375940011
3907,5434.69857594001
3908,5435.62306514001
3909,5435.8433181400105
3910,5436.8433181400105
3911,5436.85629814001
3912,5437.85629814001
3913,5438.32542114001
3914,5438.48524114001
3915,5439.48524114001
3916,5439.68786114001
3917,5439.92562914001
3918,5440.92562914001
3919,5441.458589140009
3920,5442.458589140009
3921,5442.681535140009
3922,5443.681535140009
3923,5444.266825140009
3924,5444.842625140009
3925,5445.842625140009
3926,5445.8972661400085
3927,5446.135521140009
3928,5446.545581140009
3929,5446.780860140008
3930,5446.895964140009
3931,5447.895964140009
3932,5448.895964140009
3933,5449.895964140009
3934,5450.244414140008
3935,5450.267471940008
3936,5451.267471940008
3937,5451.508841940008
3938,5452.011378940008
3939,5453.011378940008
3940,5453.418378940009
3941,5453.861158940009
3942,5454.861158940009
3943,5455.861158940009
3944,5456.5476639400085
3945,5456.783079940009
3946,5456.956701940009
3947,5486.3737419400095
3948,5486.905240940009
3949,5486.934380940009
3950,5487.396194400008
3951,5487.672125400009
3952,5488.672125400009
3953,5489.344555400008
3954,5489.375666400008
3955,5490.713736400008
3956,5491.713736400008
3957,5508.911826400008
3958,5510.749626400007
3959,5510.773726400008
3960,5511.292476400008
3961,5511.327486400009
3962,5511.965986400009
3963,5512.965986400009
3964,5513.121549400009
3965,5513.724149400009
3966,5514.466301400009
3967,5515.1134214000085
3968,5515.248784400009
3969,5515.581766400009
3970,5515.664431400009
3971,5516.437651400009
3972,5517.107031400008
3973,5517.145748400008
3974,5517.741509400008
3975,5517.999357400008
3976,5518.447487400008
3977,5519.447487400008
3978,5519.555968400008
3979,5519.920718400008
3980,5520.063968400008
3981,5520.443642400008
3982,5520.615966400008
3983,5520.635836400008
3984,5521.635836400008
3985,5522.024986400008
3986,5522.090690400008
3987,5523.0582204000075
3988,5523.905500400007
3989,5524.421760400008
3990,5524.971780400007
3991,5525.662943400008
3992,5526.662943400008
3993,5526.672417400008
3994,5527.109748400008
3995,5528.109748400008
3996,5529.109748400008
3997,5530.109748400008
3998,5530.504598400008
3999,5531.504598400008
4000,5532.504598400008
4001,5532.5323464000085
4002,5532.8530834000085
4003,5532.9666764000085
4004,5533.3019664000085
4005,5533.694715400008
4006,5533.929355400008
4007,5534.929355400008
4008,5535.761205400007
4009,5536.761205400007
4010,5540.224265400007
4011,5540.398175400007
4012,5541.398175400007
4013,5541.454359400007
4014,5542.175941400007
4015,5542.952933400007
4016,5543.807623400007
4017,5544.800303400007
4018,5544.858009400006
4019,5545.190074400006
4020,5545.523842400006
4021,5546.523842400006
4022,5547.523842400006
4023,5548.523842400006
4024,5548.546916900006
4025,5549.546916900006
4026,5550.546916900006
4027,5551.546916900006
4028,5551.607018900007
4029,5551.622078900006
4030,5552.492848900007
4031,5553.492848900007
4032,5553.5599289000065
4033,5553.7597789000065
4034,5553.937546800006
4035,5554.790936800006
4036,5554.8697148000065
4037,5554.963186100006
4038,5555.963186100006
4039,5556.963186100006
4040,5557.119071100006
4041,5557.779451100007
4042,5558.7048911000065
4043,5558.732287100007
4044,5558.870800100007
4045,5559.870800100007
4046,5560.267623100007
4047,5561.267623100007
4048,5561.693433100007
4049,5562.693433100007
4050,5563.111773100007
4051,5563.492303200007
4052,5563.577293200007
4053,5564.492043200007
4054,5564.981875200007
4055,5565.411705200007
4056,5565.536656400008
4057,5566.367356400007
4058,5566.822586400007
4059,5566.840930400007
4060,5566.958612400007
4061,5567.2893124000075
4062,5568.2893124000075
4063,5568.381342400007
4064,5569.381342400007
4065,5570.381342400007
4066,5571.090682400007
4067,5571.328955700007
4068,5572.093059700007
4069,5572.238615700007
4070,5572.8113357000075
4071,5573.117546700008
4072,5573.394544700008
4073,5574.034364700008
4074,5574.601904700008
4075,5574.838894700008
4076,5575.138334700007
4077,5575.3598147000075
4078,5575.451554700007
4079,5576.451554700007
4080,5577.003597700007
4081,5593.120467700007
4082,5593.783178700007
4083,5594.268378700007
4084,5595.114838700007
4085,5595.148991700006
4086,5595.368841700007
4087,5596.368841700007
4088,5597.225591700007
4089,5598.225591700007
4090,5599.225591700007
4091,5599.418831700006
4092,5599.861681700006
4093,5600.324591700006
4094,5600.530589200006
4095,5614.1140592000065
4096,5614.267669200007
4097,5614.485079200007
4098,5614.802867200007
4099,5615.002855200008
4100,5615.111080200008
4101,5616.111080200008
4102,5616.121452200007
4103,5617.121452200007
4104,5617.336580200007
4105,5618.336580200007
4106,5619.336580200007
4107,5619.5607742000075
4108,5619.597033200007
4109,5619.603342200007
4110,5620.603342200007
4111,5621.603342200007
4112,5622.089662200007
4113,5627.648812200007
4114,5628.648812200007
4115,5629.587166200007
4116,5630.587166200007
4117,5631.587166200007
4118,5632.217166200007
4119,5632.445990200007
4120,5633.445990200007
4121,5634.445990200007
4122,5635.445990200007
4123,5635.6394902000075
4124,5636.6394902000075
4125,5636.769167200007
4126,5637.464417200008
4127,5644.672757200008
4128,5644.751419200008
4129,5644.760118200008
4130,5645.351398200008
4131,5645.919408200008
4132,5646.919408200008
4133,5647.603855200007
4134,5648.544641200007
4135,5657.578718200008
4136,5657.748859200007
4137,5657.855239200007
4138,5658.012216200007
4139,5658.841666200007
4140,5659.442296200007
4141,5660.304266200007
4142,5662.326456200008
4143,5662.922008200007
4144,5685.1286582000075
4145,5685.527327200008
4146,5686.512027200008
4147,5686.738807200008
4148,5686.783964200007
4149,5686.830614200007
4150,5687.431689200007
4151,5688.431689200007
4152,5689.039019200007
4153,5689.384948200007
4154,5689.575181200007
4155,5689.979011200007
4156,5690.171823200008
4157,5690.232853200007
4158,5691.232853200007
4159,5692.093713200007
4160,5693.093713200007
4161,5693.199653200007
4162,5693.305083200006
4163,5694.305083200006
4164,5695.305083200006
4165,5695.431365200006
4166,5696.431365200006
4167,5697.431365200006
4168,5700.011482200007
4169,5700.105762200007
4170,5700.2369022000075
4171,5700.775082200007
4172,5700.8862852000075
4173,5701.8862852000075
4174,5701.901574200007
4175,5702.398702200007
4176,5702.776802200007
4177,5703.776802200007
4178,5703.836352200007
4179,5703.836742200007
4180,5704.270969200007
4181,5704.633952200007
4182,5705.633952200007
4183,5706.633952200007
4184,5707.471355200007
4185,5708.471355200007
4186,5708.530865200007
4187,5709.138116200007
4188,5709.496806200007
4189,5710.496806200007
4190,5710.562476200007
4191,5711.105659200007
4192,5712.105659200007
4193,5712.638149200007
4194,5712.962593200007
4195,5713.118689200007
4196,5713.187150200007
4197,5713.700860200007
4198,5713.8681372000065
4199,5714.157822200006
4200,5714.230802200006
4201,5714.530442200006
4202,5715.530442200006
4203,5716.444839200007
4204,5716.853629200006
4205,5717.853629200006
4206,5717.862779200006
4207,5718.4732192000065
4208,5719.016319200006
4209,5720.016319200006
4210,5720.916669200006
4211,5721.460739200006
4212,5722.460739200006
4213,5722.900359200006
4214,5723.900359200006
4215,5724.684120200006
4216,5725.104900200005
4217,5726.685540200006
4218,5726.712860200006
4219,5727.712860200006
4220,5727.886198200005
4221,5728.886198200005
4222,5729.337423400006
4223,5729.527403400005
4224,5729.972733400005
4225,5730.339458800006
4226,5731.339458800006
4227,5731.706727600005
4228,5731.841482600005
4229,5732.634867600005
4230,5772.2469376000045
4231,5772.527385400004
4232,5772.765275400005
4233,5773.072295400005
4234,5773.148675400005
4235,5773.180679400005
4236,5773.247889400005
4237,5773.353466400005
4238,5776.350826400005
4239,5777.259086400005
4240,5778.156073400005
4241,5778.791323400004
4242,5779.747678400005
4243,5780.572158400005
4244,5781.572158400005
4245,5782.572158400005
4246,5783.184528400005
4247,5783.623913400004
4248,5783.8339569000045
4249,5783.959486900005
4250,5784.855786900005
4251,5785.2633599000055
4252,5786.687329900005
4253,5787.687329900005
4254,5788.0201569000055
4255,5789.0201569000055
4256,5789.9221969000055
4257,5790.006538900006
4258,5790.386448900006
4259,5791.315881900006
4260,5791.957913900006
4261,5792.957913900006
4262,5793.003455900006
4263,5794.003455900006
4264,5794.9806459000065
4265,5795.713125900006
4266,5796.431655900006
4267,5797.028842900007
4268,5797.182992900007
4269,5797.402447900007
4270,5797.623627900008
4271,5797.741895200008
4272,5798.461699200008
4273,5798.566699200008
4274,5798.590859200008
4275,5798.941780200008
4276,5799.171910200008
4277,5799.374840200007
4278,5799.780960200007
4279,5800.715290200007
4280,5801.004426200007
4281,5801.157146200007
4282,5801.695332740008
4283,5802.584572740008
4284,5802.732606740008
4285,5803.708876740008
4286,5804.090142740009
4287,5822.671952740008
4288,5823.046927740008
4289,5823.398624740008
4290,5824.398624740008
4291,5825.398624740008
4292,5825.985094740008
4293,5826.426414740008
4294,5826.643550700008
4295,5826.992859700008
4296,5827.615119700008
4297,5828.615119700008
4298,5829.615119700008
4299,5829.810589700008
4300,5829.868269700008
4301,5851.475289700007
4302,5851.562179700008
4303,5852.286747700007
4304,5853.094597700007
4305,5853.499045700008
4306,5853.899506700008
4307,5854.899506700008
4308,5873.4079767000085
4309,5873.774976700009
4310,5874.774976700009
4311,5875.774976700009
4312,5876.083714700008
4313,5876.258914700008
4314,5876.316614700008
4315,5877.220385700009
4316,5877.795695700009
4317,5878.795695700009
4318,5878.806162700009
4319,5879.476672700009
4320,5879.596125700009
4321,5880.088254700009
4322,5880.1039047000095
4323,5881.06134470001
4324,5881.24887470001
4325,5881.54387470001
4326,5881.791664700009
4327,5882.791664700009
4328,5883.791664700009
4329,5884.140604700009
4330,5884.254665700009
4331,5885.743005700009
4332,5886.183658700009
4333,5887.0192647000085
4334,5899.037864700008
4335,5899.470864700008
4336,5899.733998700008
4337,5900.262874700008
4338,5901.262874700008
4339,5902.262874700008
4340,5903.161772700008
4341,5903.803893700008
4342,5903.862467700008
4343,5903.974534700008
4344,5904.953164700008
4345,5905.090980700008
4346,5906.090980700008
4347,5906.261530700008
4348,5911.843220700008
4349,5912.843220700008
4350,5913.414580700008
4351,5914.414580700008
4352,5914.663825700008
4353,5914.947725700007
4354,5915.494332700007
4355,5915.6136107000075
4356,5916.033789700007
4357,5917.033789700007
4358,5917.341249700007
4359,5917.913902700007
4360,5917.963298700008
4361,5918.172189700008
4362,5918.314699700008
4363,5919.314699700008
4364,5919.595369700008
4365,5919.735302700008
4366,5924.342622700008
4367,5925.222802700008
4368,5925.229312700008
4369,5925.688552700009
4370,5925.725893700009
4371,5925.726515700008
4372,5925.792362700008
4373,5925.947340700008
4374,5926.359176700008
4375,5926.462586700009
4376,5926.506388700009
4377,5927.197266700009
4378,5927.517906700009
4379,5928.517906700009
4380,5928.730036700009
4381,5929.057606700009
4382,5929.407749700009
4383,5930.407749700009
4384,5931.155549700009
4385,5932.146119700009
4386,5932.9151097000085
4387,5933.028222400008
4388,5933.060462400008
4389,5933.249472400008
4390,5933.464160400008
4391,5933.731441400008
4392,5934.158147400009
4393,5934.249697400009
4394,5934.866007400009
4395,5935.080540400009
4396,5935.788540400009
4397,5936.539295400009
4398,5955.650455400009
4399,5955.69516640001
4400,5956.27824640001
4401,5963.06371640001
4402,5964.06371640001
4403,5964.36149640001
4404,5964.9100254000095
4405,5965.058975400009
4406,5965.0991264000095
4407,5966.0271564000095
4408,5966.70204940001
4409,5966.74335040001
4410,5966.93284040001
4411,5967.14627640001
4412,5967.99577640001
4413,5968.68571640001
4414,5968.75521440001
4415,5969.75521440001
4416,5969.92875440001
4417,5970.86779440001
4418,5971.31861440001
4419,6004.749244400011
4420,6004.806470400011
4421,6004.922840400011
4422,6005.914370400012
4423,6006.914370400012
4424,6034.640170400012
4425,6034.712646400012
4426,6067.196326400012
4427,6068.196326400012
4428,6068.991093400013
4429,6069.144084400013
4430,6069.459637400013
4431,6070.410604100013
4432,6070.866244100013
4433,6071.257544100014
4434,6071.391246100014
4435,6072.391246100014
4436,6073.391246100014
4437,6074.391246100014
4438,6074.926386100014
4439,6075.926386100014
4440,6076.926386100014
4441,6077.004916100013
4442,6078.004916100013
4443,6078.355596100013
4444,6079.355596100013
4445,6079.881285100013
4446,6080.574015100013
4447,6081.574015100013
4448,6082.1731751000125
4449,6082.779645100012
4450,6083.779645100012
4451,6084.779645100012
4452,6085.655463100013
4453,6086.574243100013
4454,6087.574243100013
4455,6088.574243100013
4456,6088.583673100013
4457,6088.690188100013
4458,6088.829298100013
4459,6089.829298100013
4460,6089.9822544000135
4461,6090.9822544000135
4462,6091.455674400014
4463,6092.455674400014
4464,6092.544984400014
4465,6093.544984400014
4466,6093.693333400014
4467,6094.693333400014
4468,6095.693333400014
4469,6095.827548400014
4470,6097.695358400015
4471,6098.002764400015
4472,6098.015765400015
4473,6098.373644400015
4474,6098.689424400015
4475,6099.618434400015
4476,6099.742580400015
4477,6102.288240400016
4478,6102.498649400016
4479,6102.557379400016
4480,6102.652379400016
4481,6103.040699400016
4482,6104.040699400016
4483,6104.201399400015
4484,6104.739106400015
4485,6105.180856400015
4486,6105.412546400015
4487,6106.065076400016
4488,6106.292146400016
4489,6107.018846400016
4490,6107.076200400015
4491,6107.385290400015
4492,6107.6296044000155
4493,6108.383380400015
4494,6109.383380400015
4495,6109.765650400015
4496,6110.174140400015
4497,6111.174140400015
4498,6111.464080400015
4499,6111.505670400014
4500,6116.436480400014
4501,6117.217025400014
4502,6118.209363400014
4503,6118.424320400014
4504,6119.266140400014
4505,6120.266140400014
4506,6121.266140400014
4507,6122.266140400014
4508,6122.618165400014
4509,6122.788800400014
4510,6123.404339400015
4511,6124.404339400015
4512,6124.868169400014
4513,6124.898344400014
4514,6125.313922400014
4515,6154.113372400014
4516,6154.350158400014
4517,6154.665158400014
4518,6155.444198400013
4519,6155.549958400014
4520,6155.657528400014
4521,6156.657528400014
4522,6157.590737800014
4523,6158.422227800014
4524,6159.422227800014
4525,6172.5321378000135
4526,6172.719677800013
4527,6175.975617800013
4528,6176.086992800014
4529,6177.086992800014
4530,6178.086992800014
4531,6178.440149800013
4532,6178.658685800014
4533,6179.179426800014
4534,6180.179426800014
4535,6180.301813800014
4536,6187.622793800014
4537,6188.622793800014
4538,6189.622793800014
4539,6190.268423800014
4540,6190.658111800014
4541,6190.741634800014
4542,6190.826334800015
4543,6190.9922748000145
4544,6191.391644800015
4545,6192.391644800015
4546,6200.837944800014
4547,6201.837944800014
4548,6202.014435800014
4549,6202.300586800015
4550,6202.433716800015
4551,6203.0766758000145
4552,6203.268775800015
4553,6203.347435800015
4554,6204.105955800015
4555,6204.908879800015
4556,6212.432569800015
4557,6212.542219800015
4558,6213.483489800015
4559,6214.397860800015
4560,6215.397860800015
4561,6216.397860800015
4562,6217.150400800016
4563,6217.505950800016
4564,6218.290822800016
4565,6218.414162800016
4566,6219.414162800016
4567,6219.415481800016
4568,6219.538646800016
4569,6219.735539800016
4570,6220.237453800017
4571,6221.237453800017
4572,6222.237453800017
4573,6222.382363800017
4574,6223.382363800017
4575,6224.382363800017
4576,6225.382363800017
4577,6226.761343800017
4578,6227.074870800017
4579,6227.955290800017
4580,6228.268640800017
4581,6228.9461718000175
4582,6229.194321800018
4583,6229.459361800018
4584,6230.459361800018
4585,6230.568283800018
4586,6231.568283800018
4587,6231.725793800018
4588,6231.826793800018
4589,6232.093943800018
4590,6232.307528800018
4591,6232.5870388000185
4592,6232.879888800018
4593,6271.497448800019
4594,6271.777728800019
4595,6272.777728800019
4596,6274.934678800018
4597,6275.934678800018
4598,6276.934678800018
4599,6277.282728800018
4600,6277.608940800018
4601,6278.384180800018
4602,6278.766301800018
4603,6279.2155498000175
4604,6279.794379800018
4605,6280.102998800018
4606,6280.136728800018
4607,6280.147958800018
4608,6280.696908800019
4609,6285.583408800018
4610,6285.586178800018
4611,6286.586178800018
4612,6287.129262800018
4613,6288.031762800018
4614,6288.671975800018
4615,6289.228156800018
4616,6290.163506800018
4617,6290.186976800018
4618,6290.328276800018
4619,6290.905335800018
4620,6291.905335800018
4621,6292.905335800018
4622,6293.1623858000185
4623,6293.958115800018
4624,6294.958115800018
4625,6295.578121800018
4626,6296.578121800018
4627,6297.047295100018
4628,6297.479885100018
4629,6297.729953100018
4630,6298.125513100018
4631,6299.125513100018
4632,6308.224723100018
4633,6308.829163100018
4634,6309.829163100018
4635,6310.113373100018
4636,6310.368549100018
4637,6311.408219100018
4638,6312.208653100018
4639,6312.554058100018
4640,6313.554058100018
4641,6314.554058100018
4642,6315.541958100018
4643,6316.541958100018
4644,6317.541958100018
4645,6317.687568100018
4646,6317.908098800019
4647,6317.912733800019
4648,6318.512272800019
4649,6318.634290800019
4650,6318.744010800019
4651,6319.410472800019
4652,6320.410472800019
4653,6320.909802800019
4654,6320.978752800019
4655,6321.978752800019
4656,6322.960408800019
4657,6323.311438800019
4658,6324.311438800019
4659,6324.7693888000185
4660,6325.7693888000185
4661,6326.7693888000185
4662,6327.397860800019
4663,6327.4399338000185
4664,6327.466233800018
4665,6327.773402800018
4666,6327.819592800018
4667,6328.354252800017
4668,6328.451502800017
4669,6328.836102800017
4670,6329.836102800017
4671,6329.887184800017
4672,6330.043482800017
4673,6330.178767800017
4674,6330.879407800017
4675,6331.312605800017
4676,6332.312605800017
4677,6333.312605800017
4678,6334.312605800017
4679,6334.773787800017
4680,6336.635447800018
4681,6336.989817800018
4682,6351.056437800017
4683,6351.318813800017
4684,6351.6318768000165
4685,6351.900452800017
4686,6351.971972800016
4687,6351.984382800017
4688,6352.064382800017
4689,6352.927417800017
4690,6353.927417800017
4691,6354.927417800017
4692,6355.616207800017
4693,6355.736036800017
4694,6356.4321668000175
4695,6356.700266800018
4696,6357.242246800018
4697,6357.5909368000175
4698,6357.878366800018
4699,6357.929582800018
4700,6358.044316800017
4701,6358.218148800018
4702,6358.736718800018
4703,6358.951208800018
4704,6359.022328800018
4705,6360.022328800018
4706,6360.815859800018
4707,6361.399289800018
4708,6362.052969800017
4709,6363.740969800017
4710,6364.685119800017
4711,6365.017853800016
4712,6365.876653800016
4713,6366.611603800016
4714,6367.611603800016
4715,6368.611603800016
4716,6368.644273800017
4717,6369.644273800017
4718,6370.644273800017
4719,6371.644273800017
4720,6372.014750800017
4721,6372.020950800017
4722,6373.020950800017
4723,6374.020950800017
4724,6374.217583800017
4725,6374.391993800016
4726,6374.521223800017
4727,6375.521223800017
4728,6376.006863800017
4729,6376.061035800017
4730,6377.061035800017
4731,6378.061035800017
4732,6379.061035800017
4733,6379.612905800017
4734,6380.419545800017
4735,6380.5390888000165
4736,6381.423958800016
4737,6381.460428800016
4738,6383.418388800017
4739,6384.324917500017
4740,6385.324917500017
4741,6386.324917500017
4742,6387.0930575000175
4743,6388.0930575000175
4744,6389.0930575000175
4745,6389.178897500018
4746,6480.905477500019
4747,6481.277717500019
4748,6482.277717500019
4749,6482.354977200019
4750,6482.907429200019
4751,6483.372289200019
4752,6484.372289200019
4753,6484.704914200019
4754,6484.888761200019
4755,6485.888761200019
4756,6486.888761200019
4757,6497.249101200019
4758,6498.249101200019
4759,6499.249101200019
4760,6500.249101200019
4761,6501.249101200019
4762,6501.374841200019
4763,6502.182621200019
4764,6503.182621200019
4765,6503.284690200018
4766,6504.284690200018
4767,6504.634470200019
4768,6504.984370200019
4769,6505.019187200019
4770,6505.828537200019
4771,6506.828537200019
4772,6506.8359262000195
4773,6507.8359262000195
4774,6508.8359262000195
4775,6509.8359262000195
4776,6510.8359262000195
4777,6511.8359262000195
4778,6512.8359262000195
4779,6513.8359262000195
4780,6514.501294200019
4781,6515.501294200019
4782,6518.328934200019
4783,6519.328934200019
4784,6519.580371200019
4785,6519.606136300019
4786,6520.606136300019
4787,6521.587976300019
4788,6522.587976300019
4789,6522.999206300019
4790,6525.646376300019
4791,6526.646376300019
4792,6527.646376300019
4793,6527.734676300019
4794,6527.884573300019
4795,6528.301583300019
4796,6529.301583300019
4797,6530.301583300019
4798,6531.301583300019
4799,6532.301583300019
4800,6532.512623300019
4801,6546.423883300019
4802,6546.917443300019
4803,6546.920414300019
4804,6546.9938343000185
4805,6547.9938343000185
4806,6548.073836300018
4807,6548.431116300018
4808,6548.593012300018
4809,6548.641412300018
4810,6548.685912300018
4811,6549.685912300018
4812,6550.288066600017
4813,6550.981086600017
4814,6551.894196600017
4815,6552.546286600016
4816,6553.546286600016
4817,6554.034288600016
4818,6554.086043000017
4819,6554.813523000017
4820,6581.213393000017
4821,6581.437593000017
4822,6581.473401000017
4823,6581.607679000017
4824,6582.444971000017
4825,6583.053795000017
4826,6584.053795000017
4827,6585.053795000017
4828,6585.255495000018
4829,6585.3771150000175
4830,6586.3771150000175
4831,6586.379755000017
4832,6586.739615000017
4833,6587.299549000017
4834,6588.002204000017
4835,6588.4180900000165
4836,6588.5697300000165
4837,6588.751107000016
4838,6589.051521000017
4839,6589.070391000017
4840,6589.743975800016
4841,6590.743975800016
4842,6591.743975800016
4843,6591.835809800016
4844,6592.097369800016
4845,6593.097369800016
4846,6594.097369800016
4847,6595.097369800016
4848,6608.756259800016
4849,6609.756259800016
4850,6610.146146700016
4851,6610.170790700016
4852,6611.170790700016
4853,6611.581927700016
4854,6611.987727700016
4855,6612.618527700016
4856,6612.826937700016
4857,6613.052745700016
4858,6613.096390700016
4859,6613.560650700016
4860,6613.907660700015
4861,6614.784290700016
4862,6615.223270700016
4863,6616.000921700016
4864,6616.715914700016
4865,6617.715914700016
4866,6618.715914700016
4867,6619.272020700016
4868,6619.861419700016
4869,6619.882789700016
4870,6620.5796387000155
4871,6621.345878700015
4872,6621.838898700015
4873,6622.379688700015
4874,6622.565929700016
4875,6623.344749700016
4876,6623.671855700016
4877,6624.385515700016
4878,6625.162569700016
4879,6625.421130700016
4880,6625.768340700016
4881,6626.212760700016
4882,6627.212760700016
4883,6627.497678700016
4884,6627.515733700016
4885,6628.0562337000165
4886,6689.120243700016
4887,6689.599442700016
4888,6689.684851700016
4889,6689.803772700016
4890,6690.803772700016
4891,6691.054161700016
4892,6691.348791700017
4893,6692.348791700017
4894,6692.7783097000165
4895,6693.101751700016
4896,6693.808301700016
4897,6694.808301700016
4898,6694.8754957000165
4899,6695.279533700016
4900,6696.279533700016
4901,6696.557951700016
4902,6726.000931700016
4903,6728.5518117000165
4904,6728.619481700016
4905,6728.875832700016
4906,6729.875832700016
4907,6730.744272700016
4908,6731.817582700016
4909,6732.817582700016
4910,6732.827540700016
4911,6733.827540700016
4912,6734.051231700016
4913,6734.391621700015
4914,6734.466521700015
4915,6735.466521700015
4916,6737.375691700015
4917,6737.537889700015
4918,6737.685698700015
4919,6752.373028700014
4920,6753.121950700014
4921,6753.148262700014
4922,6754.148262700014
4923,6754.182006700014
4924,6755.182006700014
4925,6755.476056700014
4926,6755.540598700014
4927,6755.704992700014
4928,6759.896522800014
4929,6760.221629800014
4930,6761.221629800014
4931,6761.296081800014
4932,6761.400948800014
4933,6761.804108800014
4934,6762.646398800014
4935,6762.717318800014
4936,6762.802947800014
4937,6764.954857800015
4938,6765.466992000015
4939,6765.659592000015
4940,6765.859200000015
4941,6766.859200000015
4942,6767.113107000016
4943,6768.113107000016
4944,6768.215561000015
4945,6768.556629000015
4946,6768.814539000015
4947,6768.917283000015
4948,6769.126941000015
4949,6769.616555000015
4950,6770.521985000015
4951,6770.698377000015
4952,6771.072207000016
4953,6771.596707000015
4954,6771.609217000015
4955,6771.633533000015
4956,6772.269363000015
4957,6773.269363000015
4958,6774.269363000015
4959,6775.129963000015
4960,6775.887853000015
4961,6776.887853000015
4962,6777.887853000015
4963,6778.4507500000145
4964,6779.447940000015
4965,6780.3686300000145
4966,6781.3686300000145
4967,6782.3686300000145
4968,6782.646920000015
4969,6783.646920000015
4970,6783.791238000014
4971,6783.963737000015
4972,6784.941497000014
4973,6785.373287000014
4974,6786.373287000014
4975,6787.373287000014
4976,6788.227303000014
4977,6788.313927600014
4978,6788.4084476000135
4979,6788.483575600014
4980,6788.605575600013
4981,6788.643605600013
4982,6788.966074600013
4983,6789.6161746000125
4984,6789.847184600012
4985,6790.120013600012
4986,6791.120013600012
4987,6791.522019600012
4988,6791.612709600012
4989,6792.070729600012
4990,6792.071689600012
4991,6793.071689600012
4992,6793.212889600012
4993,6793.517289600012
4994,6793.892869600012
4995,6793.937799600012
4996,6794.338261600012
4997,6794.570718600012
4998,6794.987730600012
4999,6795.166530600012
5000,6795.413354600012
5001,6796.413354600012
5002,6796.621798600012
5003,6796.851062600012
5004,6797.206851600012
5005,6798.036316600012
5006,6798.2334230000115
5007,6799.009423000011
5008,6799.541953000011
5009,6799.63298300001
5010,6800.63298300001
5011,6801.565213000011
5012,6802.455603000011
5013,6803.016848000011
5014,6804.016848000011
