n,value
1,0.0
2,3.670941034505937e-05
3,4.700553401493224e-05
4,0.0002910492875853876
5,0.0003100036506610282
6,0.000327872508339766
7,0.0004052463651149085
8,0.0007683590049631928
9,0.0008403849949263353
10,0.0009267057387821742
11,0.0009804591642326166
12,0.001198224121287117
13,0.0012929533429988371
14,0.001480106756627575
15,0.0015666250974596951
16,0.0015901867520717317
17,0.0016088727333634645
18,0.0018321452198186705
19,0.0019003246589609502
20,0.0020651686278112535
21,0.002126261014249363
22,0.002145381046941751
23,0.002178800053358264
24,0.002206304501883548
25,0.0022473352966925417
26,0.0023380014003069535
27,0.002341731785550992
28,0.0023807150245284334
29,0.002418388747256993
30,0.002435979952190047
31,0.0024888002666376627
32,0.0025265684969334387
33,0.0025618254582216934
34,0.0025715561411074825
35,0.0026355474542854238
36,0.002831580153281131
37,0.0028922484769466003
38,0.0029990883450217373
39,0.003091464695309097
40,0.003204607652476897
41,0.003242776990650252
42,0.0032801744474244762
43,0.0033301446336200455
44,0.003337714537035262
45,0.0033789219258747658
46,0.003541924946464124
47,0.0035642665150982453
48,0.003684687405192323
49,0.003930367483104094
50,0.003942267508416688
51,0.0039779855490632825
52,0.003995390793029236
53,0.004061598104361236
54,0.004318591625234286
55,0.004408660244710755
56,0.004703703282788458
57,0.004897355849348023
58,0.005051937641988158
59,0.005069057806989486
60,0.005075733358370827
61,0.005242552943338719
62,0.005285863950193337
63,0.0054360558872380785
64,0.005594626590548124
65,0.005598481529596988
66,0.005806640871172908
67,0.006122793729169929
68,0.006124618154240391
69,0.006125220874748727
70,0.006229224368635345
71,0.00643846435886738
72,0.006549055603236565
73,0.006602502455025217
74,0.006630186510942571
75,0.006780467749828845
76,0.006798500873304714
77,0.006907664161937577
78,0.006930653844710222
79,0.007178145818228144
80,0.007348457415553603
81,0.007399584508738713
82,0.0074869284821257685
83,0.007509311956890233
84,0.007560850459044423
85,0.007649509004850357
86,0.007843993912497309
87,0.007971127278624828
88,0.008080858768902759
89,0.008124307470963725
90,0.00816895480433179
91,0.0083114162402025
92,0.00851671133226674
93,0.008591095615749793
94,0.00876858658646164
95,0.008779224639950083
96,0.008844048200751168
97,0.008964103920742353
98,0.009090781076635144
99,0.009154542251578588
100,0.009157363100665237
101,0.00929309018527453
102,0.00930545082811047
103,0.009343735907650372
104,0.009414950756231341
105,0.009552061198707005
106,0.009606499145279787
107,0.0098595445432721
108,0.009896822673618697
109,0.00993109453580677
110,0.010044833313913046
111,0.010095857989998248
112,0.010440581911130965
113,0.01045679760195621
114,0.010776736081771062
115,0.010857860062959376
116,0.010884517075077834
117,0.010889505150315467
118,0.010890382064976131
119,0.01090957890593077
120,0.011097123533667921
121,0.011132007307149075
122,0.011222373186257342
123,0.01128747194730805
124,0.011297316504184298
125,0.011303742256968485
126,0.011325485708321125
127,0.011483839527964368
128,0.0116292313371815
129,0.011665002676149316
130,0.01183580623937106
131,0.011841251400178698
132,0.012015216618265911
133,0.012114597798950693
134,0.012221955573210768
135,0.01223578343591381
136,0.012242211448555867
137,0.012384678890225547
138,0.012443430090177182
139,0.012579942239794145
140,0.012605396409579977
141,0.012815989948425038
142,0.013021723825186798
143,0.013262589763077209
144,0.013316014036965867
145,0.013365528729171022
146,0.013499024990106528
147,0.013501093674458264
148,0.01363669860911374
149,0.013813118713914418
150,0.01382165043288428
151,0.013930058252296406
152,0.01402726825269202
153,0.014549073683161334
154,0.0145836815945864
155,0.014591441546549849
156,0.014619090097007409
157,0.014827584807337762
158,0.014841548875305218
159,0.0148649832940241
160,0.015048538132556374
161,0.01508602902855096
162,0.015135255475370998
163,0.015154217926829075
164,0.015202711813143135
165,0.015367387900990672
166,0.015627038415295884
167,0.015732879435633056
168,0.01573889868591035
169,0.015747748174384228
170,0.015914558785088233
171,0.01594221448060034
172,0.01607084706443345
173,0.016102371792893262
174,0.01613221457806053
175,0.01625029456138056
176,0.01625188276140436
177,0.016491917110673333
178,0.016517176376561145
179,0.016562712500532657
180,0.01672502260695819
181,0.016748779828514755
182,0.016782303545991313
183,0.01692111134430708
184,0.017105742760723
185,0.017142538289920885
186,0.01727303204837486
187,0.017281498921839757
188,0.01761007318087699
189,0.017636548821209082
190,0.01768185750929769
191,0.01794535569701617
192,0.01800503755136596
193,0.018135499704514342
194,0.01818927202054695
195,0.01819288203209553
196,0.01823683932943714
197,0.018251929682658975
198,0.018333757162819753
199,0.018335376866690224
200,0.01837528402272286
201,0.01839542079847838
202,0.018545319550853968
203,0.0185860548793414
204,0.018652858258615405
205,0.018753986587648003
206,0.018838785806152742
207,0.018952391833926347
208,0.019001585167274754
209,0.019091501532281858
210,0.019099274678523643
211,0.019258544832978865
212,0.01929363749526194
213,0.019438156564868272
214,0.01959548580669215
215,0.019636212021241908
216,0.019689885546739918
217,0.01977902440532511
218,0.019809163300698953
219,0.019816853887018284
220,0.01988492143634382
221,0.019953323897399646
222,0.020161261486764084
223,0.020185588931749567
224,0.02030652657725927
225,0.020311456891761153
226,0.020324865246231876
227,0.020733699937979282
228,0.020781273110098846
229,0.02100976285182658
230,0.02125726191090434
231,0.021448553268226218
232,0.021451605229621157
233,0.021455923486321322
234,0.021599408555118788
235,0.021677374824359875
236,0.022105523590170307
237,0.02221265866668178
238,0.022259180215250102
239,0.022351870399758517
240,0.022366710717959665
241,0.02236703811960188
242,0.02237319343900439
243,0.022374229164204718
244,0.02270458310768896
245,0.022706627609519626
246,0.022714812574799948
247,0.022802362581582462
248,0.022922175136321825
249,0.022965304884430653
250,0.023034046088009456
251,0.02305813627735103
252,0.02319145973590785
253,0.023196509750265427
254,0.023293410936493997
255,0.023300087385289815
256,0.023808725495605258
257,0.023855289465627153
258,0.023993154879714127
259,0.02425061499069384
260,0.024253658545999677
261,0.024681239249779805
262,0.024748935791804066
263,0.024777990289000656
264,0.024838625689070942
265,0.024928827185002028
266,0.02514013896297687
267,0.025298308291936383
268,0.025341205515905296
269,0.025363956520600472
270,0.025368350277480356
271,0.025471662000847717
272,0.025859922844982397
273,0.025981924641953855
274,0.026030325962543052
275,0.026523885564000635
276,0.02664702354966629
277,0.026800692475647744
278,0.026817765744604802
279,0.02683078843202512
280,0.026885151747126933
281,0.02710681903569625
282,0.027429955039536734
283,0.02744798894652669
284,0.027468591587859102
285,0.02776990755289712
286,0.02786028393534535
287,0.028131014826841612
288,0.028251967813504537
289,0.028311953096317073
290,0.02832119703709688
291,0.028328754525420254
292,0.028342495811892666
293,0.02836236082836239
294,0.02854292684834301
295,0.028569914904936523
296,0.028822446628504396
297,0.028874626484446476
298,0.028904890453217376
299,0.029001977059879565
300,0.029086125737009923
301,0.029301974269028537
302,0.02966654400682945
303,0.029822799349676583
304,0.0298494515105762
305,0.029897716873207504
306,0.02993319302536688
307,0.030051856924611077
308,0.030095047147478883
309,0.030318020535392544
310,0.030335281325069775
311,0.030351330618630247
312,0.030484142104641822
313,0.030605251235171806
314,0.03079029352974553
315,0.030856113596745234
316,0.030881574792204887
317,0.030903181694799782
318,0.0311442296126445
319,0.031189966417501144
320,0.031195585114927357
321,0.031286687457826465
322,0.03130716686721084
323,0.03134856355832431
324,0.031414422032782705
325,0.031642167847154054
326,0.03177758172616467
327,0.03213230367494806
328,0.032224823674411526
329,0.03224750689087101
330,0.03244786024454986
331,0.032611062399126936
332,0.03261663275967767
333,0.032729940896053335
334,0.033035714978180954
335,0.03311403116351056
336,0.03337982101376894
337,0.03345316980250749
338,0.03354814317602698
339,0.03375833257620601
340,0.03380699665335011
341,0.03407330433561951
342,0.034309549946417835
343,0.03461379515562561
344,0.0346609683572406
345,0.03476085827155802
346,0.03482161970037008
347,0.0348768653738742
348,0.03498659817761349
349,0.035165224747299856
350,0.035265349671734086
351,0.0353381809337627
352,0.03534949849650035
353,0.03536044733490171
354,0.035385851564847054
355,0.03548823105278484
356,0.03568243255654466
357,0.035735053153407165
358,0.03596940369926646
359,0.03597153343332657
360,0.03598227115363781
361,0.03616522366728128
362,0.03616537326849026
363,0.03651993904470227
364,0.03652655206327313
365,0.036574010101839055
366,0.03659677235370487
367,0.03676503037817991
368,0.03685027128603058
369,0.03705997784162374
370,0.03717083679313202
371,0.03718358211181702
372,0.03726640246819813
373,0.03729216373087927
374,0.0373146263279067
375,0.03749627216995128
376,0.037557174291387684
377,0.03758692177488806
378,0.037702141809161725
379,0.03785413363794118
380,0.037855224857948865
381,0.03793663018227141
382,0.03798294446405689
383,0.038328406450695095
384,0.03840097836326813
385,0.038638315651390163
386,0.03864408857653103
387,0.038730418650154606
388,0.03879179666580943
389,0.038816633837067384
390,0.038860039039010266
391,0.0390179013249783
392,0.039276478299141396
393,0.03944643221075964
394,0.03966637738895066
395,0.03974039621345136
396,0.03980901713327438
397,0.039915722022984254
398,0.03993514197103458
399,0.04003485349819216
400,0.04008369126446493
401,0.04023390641989664
402,0.04030380342845833
403,0.040393430147868066
404,0.040440065475554295
405,0.04046183531799351
406,0.04066170667414705
407,0.04079210224436293
408,0.04093144536405998
409,0.04093631316579468
410,0.04108457197613765
411,0.04108998522211057
412,0.041243617958088806
413,0.04141762307534621
414,0.04161022960387547
415,0.041611124216043814
416,0.041613246334300934
417,0.041618313226662616
418,0.041702446724097474
419,0.041785893675852885
420,0.041826147348849936
421,0.041871078448951334
422,0.04188313189913298
423,0.0419018076321476
424,0.04193217802836249
425,0.04193534018713557
426,0.042011636197975766
427,0.04209101678312621
428,0.04223171908263901
429,0.042282564887284824
430,0.042313042602275586
431,0.042539341619149684
432,0.04273276637055995
433,0.04283926287436074
434,0.0429230272715988
435,0.04298723835581897
436,0.043134784359159406
437,0.04329187207581331
438,0.04351520533696507
439,0.04351881708890615
440,0.04361983409437031
441,0.043643881424071745
442,0.04372937390103296
443,0.04376644969156154
444,0.044260151268048525
445,0.044393711747805514
446,0.04442027012058852
447,0.04450305760069617
448,0.0445708893746406
449,0.04459544347748867
450,0.04460747365961526
451,0.044639340481333376
452,0.04483120456796923
453,0.044921473856643024
454,0.04492813685485497
455,0.04503904243942913
456,0.04515113432901985
457,0.045208358579225116
458,0.04524385701375322
459,0.04525031205304203
460,0.04530238835917674
461,0.04535574727048572
462,0.0453703636356477
463,0.045474975381967625
464,0.045525563842619146
465,0.045639867043842666
466,0.04566879592263569
467,0.04573793346684975
468,0.04575701591001312
469,0.04586838006432636
470,0.04596396093630294
471,0.04615332393229559
472,0.04628962372503192
473,0.046350633191876815
474,0.046366253128368055
475,0.04652802883302264
476,0.04664045494075241
477,0.046835028521507914
478,0.046942996718617146
479,0.046997501493316295
480,0.04709396851904569
481,0.04720529201165237
482,0.04735258910828068
483,0.04738671554333497
484,0.04751040161491028
485,0.04755470880170744
486,0.04757941068415379
487,0.04767426929849389
488,0.047772163705085025
489,0.04781490111280162
490,0.04782953882335361
491,0.04783647398387511
492,0.04789444464407151
493,0.047923689523946725
494,0.047981115758688866
495,0.04804106226564349
496,0.048046006938386135
497,0.048156150469512396
498,0.0482616534812811
499,0.04850326130019535
500,0.048504602938034505
501,0.04856603291856855
502,0.048641251174907155
503,0.04870946909403902
504,0.04876555948983337
505,0.04883455902704277
506,0.04884068150176275
507,0.04890850818479715
508,0.048908688602471426
509,0.04895038395919725
510,0.048957930032507244
511,0.04906791871222692
512,0.04911244718821765
513,0.049204200430035996
514,0.04923893672917905
515,0.04928873464352011
516,0.04932637797506466
517,0.04966577275111898
518,0.0498859701773111
519,0.049898649941590864
520,0.0500403282912084
521,0.05014981345240825
522,0.05015907930759726
523,0.050160325118981317
524,0.050321979114741594
525,0.05038852939999547
526,0.050410411546411876
527,0.05041527782594704
528,0.050456309021614104
529,0.05057383754708297
530,0.05063271615020479
531,0.05063466536724201
532,0.05067814780267302
533,0.051125193595799395
534,0.051151912609466194
535,0.051215929021455414
536,0.05128153226904622
537,0.05129213233784927
538,0.05138557885189683
539,0.05140965626072792
540,0.0514739704768883
541,0.05170797201689471
542,0.051718773876764615
543,0.05188453392094683
544,0.05195072812351367
545,0.05206697435310617
546,0.05213188384967429
547,0.052141032098303536
548,0.0521767216123826
549,0.05220724076055014
550,0.05222564868374388
551,0.05230683321479865
552,0.05231917408092143
553,0.05239234444722701
554,0.052539386439366786
555,0.05257601601117806
556,0.0526597544510717
557,0.05267547865759477
558,0.052759477924735634
559,0.05286133786573642
560,0.05300149144943446
561,0.05302994335790735
562,0.053216370325443345
563,0.05327265402026015
564,0.05339062474362787
565,0.0533913134941516
566,0.05355224315603207
567,0.0539029314641527
568,0.05391710110488095
569,0.053953244819378625
570,0.054057573503441585
571,0.05405870761413486
572,0.05411369770654275
573,0.054325805251072466
574,0.054362006036165166
575,0.054408625458466996
576,0.05445279171568592
577,0.05448581365435184
578,0.054648606659917935
579,0.05487982896297421
580,0.05488315299446627
581,0.05492745458724096
582,0.055018287988653984
583,0.05507713444237088
584,0.05510933185182532
585,0.05511100808015313
586,0.05512908397871764
587,0.05514245145094577
588,0.05530370691992293
589,0.055404364081698736
590,0.05550054134779674
591,0.055508633014968826
592,0.05555964035488108
593,0.0556532999194223
594,0.05566040437996827
595,0.0559213531400779
596,0.05593668324050327
597,0.056072360014413514
598,0.05617179334826755
599,0.05637587651094293
600,0.0564571099298785
601,0.05661556703953351
602,0.056784440508113224
603,0.05681280095955578
604,0.056926934885390704
605,0.05706986755123923
606,0.05725106571054918
607,0.05753557121115045
608,0.05766473279452418
609,0.058006899338029896
610,0.05801796203213234
611,0.05806728799320477
612,0.0581067214541195
613,0.05822452144346652
614,0.05823478056558696
615,0.05825132954546076
616,0.05829104992090484
617,0.05840587894265909
618,0.05871352859839824
619,0.05926417120798339
620,0.059392627402026006
621,0.05940401154067588
622,0.05959693658380095
623,0.05978221050488942
624,0.059940746218888126
625,0.059983393301232486
626,0.060165239436381725
627,0.06019155274328062
628,0.06019253647885573
629,0.060230634837425585
630,0.06031933624690992
631,0.06032918391589923
632,0.0603692085494185
633,0.06038542562821856
634,0.060420028141251504
635,0.06045864149805661
636,0.06047008113095556
637,0.06072369723141338
638,0.0607342274053915
639,0.06077038316231567
640,0.06085391181197117
641,0.0609694530407712
642,0.06105757100720535
643,0.061078058515629446
644,0.06107874991641818
645,0.06110623557265793
646,0.061158948640576694
647,0.06119421583282686
648,0.06122611984591764
649,0.06124482943113757
650,0.06151092084977955
651,0.0617227414655014
652,0.06173958487529653
653,0.06188331104450308
654,0.061920924442675065
655,0.06196087390583237
656,0.06228429960221189
657,0.06239076623977309
658,0.062479255651178914
659,0.0624899511053358
660,0.06251135969632084
661,0.06253588153359817
662,0.06255839428309122
663,0.06263812622399999
664,0.062670978727541
665,0.06268093142217328
666,0.06273851009087807
667,0.06281600900348323
668,0.06284293268423354
669,0.0629422268917677
670,0.06297214817005542
671,0.06301310080781669
672,0.06312120169896568
673,0.06316035708926881
674,0.06327282115634664
675,0.06329749507428478
676,0.06340584854571593
677,0.06342127099525727
678,0.06358640981553085
679,0.06359562977755853
680,0.06372268668818568
681,0.06389767357328738
682,0.06399137052023388
683,0.06401211702812996
684,0.06405241331670572
685,0.0640746577266644
686,0.06408078959468141
687,0.06413388171603843
688,0.064164044294486
689,0.06416968422783789
690,0.0642652218974912
691,0.06430372021187183
692,0.06434354173083026
693,0.06454221878013157
694,0.0645565378575871
695,0.06472895134197366
696,0.06476828520782392
697,0.06488730543125006
698,0.06489996640365565
699,0.06497124035390762
700,0.06506085102439972
701,0.06510502607891543
702,0.06522972584832397
703,0.06525928019556092
704,0.06527116769836903
705,0.06543911059434958
706,0.06553012555867209
707,0.06556620722641703
708,0.06561519618549232
709,0.06577034744714132
710,0.06584113673374951
711,0.06586751858794819
712,0.06588735249853066
713,0.0659546558847119
714,0.06622141682948875
715,0.06625760556256897
716,0.06633782894846067
717,0.0663477735529761
718,0.06645014654035634
719,0.06646179319797617
720,0.06674550654579174
721,0.06694503890797514
722,0.0669612844043803
723,0.06703559071629837
724,0.06705563750793818
725,0.06751331139504878
726,0.06754074290295468
727,0.06757563695580442
728,0.06760058973304355
729,0.06765133558117024
730,0.06786002235774351
731,0.06789850725040551
732,0.06790469831694905
733,0.06799523827968232
734,0.06805609988619268
735,0.06806277411312764
736,0.06806596672329498
737,0.06830021028998831
738,0.06833533136630374
739,0.0683733521794598
740,0.06840732515641354
741,0.06843189913564893
742,0.06845305955305925
743,0.06856435773484809
744,0.0686739827106881
745,0.06868361106664246
746,0.06876653959626816
747,0.06886488297098786
748,0.06887555144424312
749,0.06889021579519006
750,0.06906697633657305
751,0.0690866653256253
752,0.06922932781359009
753,0.06936740835584966
754,0.06944352562553159
755,0.06949854731196427
756,0.06951285671377826
757,0.06951382674314265
758,0.06976674676330095
759,0.06989270936119306
760,0.06997941328345393
761,0.07007021226079936
762,0.07012813949085085
763,0.0701327966370361
764,0.07028991882870163
765,0.07039628963191709
766,0.07048379550182977
767,0.07070329066397633
768,0.07071161252717943
769,0.07075421442564238
770,0.07083921539611275
771,0.07088452040793385
772,0.07099622226200857
773,0.07117650801242313
774,0.07137857010538627
775,0.07138845670518652
776,0.07145119461739065
777,0.07146179198998677
778,0.07148263691208019
779,0.07173131151570152
780,0.07175384685432114
781,0.07190534552185864
782,0.07192817010617643
783,0.07198810983269184
784,0.07205773667997518
785,0.0721281748838866
786,0.07214797019760837
787,0.07231827956591484
788,0.07249031606665489
789,0.07249649446800385
790,0.07250154933295169
791,0.07259372449103604
792,0.07265534517978375
793,0.07266112451281767
794,0.07275536986342376
795,0.07277881025633515
796,0.07279775963870494
797,0.07285529399459967
798,0.07289532386929343
799,0.07309553331456614
800,0.07312400054701612
801,0.07322860914586876
802,0.07342104785683673
803,0.07343083262132072
804,0.07346710373333568
805,0.07350393868610118
806,0.07374899505624578
807,0.07382181499942343
808,0.07383498615329766
809,0.07388411068916935
810,0.07389815698879611
811,0.0741514648254832
812,0.07424258327930595
813,0.07428265529726231
814,0.07429280198794665
815,0.07433733423582996
816,0.0743812470094087
817,0.07440864950467267
818,0.07443119026168081
819,0.07445979913626848
820,0.0745606364892883
821,0.07458696443259556
822,0.07466257456573284
823,0.07479355854723842
824,0.0748512709285309
825,0.07485584459680279
826,0.07491972544002536
827,0.07498452515009248
828,0.0751145607962962
829,0.07514896387952705
830,0.07517878667502542
831,0.07528155582593826
832,0.07543372864976094
833,0.07563453500470729
834,0.07573956472026483
835,0.0757397698933287
836,0.07574974555905739
837,0.0758926586100013
838,0.07590226194178225
839,0.07629781187651692
840,0.07639556399234455
841,0.07651791797743841
842,0.07672316942154285
843,0.07687485215182939
844,0.07692790968205883
845,0.0770265002809052
846,0.07704084242425698
847,0.07704852424191296
848,0.077116625847183
849,0.07714380903730676
850,0.07719999018777533
851,0.07728188740745583
852,0.07730212582000655
853,0.07730305644696238
854,0.07731457057867384
855,0.07733444895478796
856,0.07735535089959153
857,0.07741914638371813
858,0.07747257293965357
859,0.07749090318195687
860,0.07761987185380673
861,0.07763598659636797
862,0.07771936887930278
863,0.07780222566352935
864,0.07782556002514385
865,0.0778583044275678
866,0.07816077311085967
867,0.0781880682760211
868,0.0781968131581422
869,0.07825233636105067
870,0.07832843892234898
871,0.07835320736542462
872,0.07835552969880477
873,0.07835986482019702
874,0.07865628077758338
875,0.07888590873285342
876,0.07891187177213113
877,0.07894573519397682
878,0.07898833060700358
879,0.0791413704648771
880,0.07915942625627675
881,0.07929737485285532
882,0.07942885619021073
883,0.07945343792378085
884,0.07946547739537574
885,0.07958102487704194
886,0.07963219762278206
887,0.07967031689533727
888,0.07969522008133086
889,0.07976467317400422
890,0.07984962781792855
891,0.07994548476106918
892,0.08000747421593159
893,0.08015755852943988
894,0.08024286280912579
895,0.08026151861206837
896,0.08029246415215646
897,0.08031598564054326
898,0.08032477390810239
899,0.08055113850083179
900,0.08060131889768457
901,0.08070252520861415
902,0.08083312561214578
903,0.08089896258741064
904,0.08100013675369894
905,0.08101779085460886
906,0.08108654487501821
907,0.081190385104421
908,0.08119117469601449
909,0.08122228365376298
910,0.08143345353629643
911,0.08164305587794278
912,0.08169430235083912
913,0.08172527513187593
914,0.08175658451289482
915,0.08184028574599779
916,0.08197674578323268
917,0.08200915900357132
918,0.08217109948510083
919,0.08219118981282417
920,0.08222430801717676
921,0.08255400155903764
922,0.08271660532474298
923,0.0829266503133371
924,0.08328003038828766
925,0.08341615817074238
926,0.0834799489189603
927,0.08349407273289425
928,0.08350148626029433
929,0.08377973103201215
930,0.08379844857297149
931,0.08387802123973011
932,0.08397946255003873
933,0.08415124711108078
934,0.0841942134611584
935,0.0842664005853004
936,0.08448920414009191
937,0.08455134735789853
938,0.08466796146034865
939,0.08469335069998023
940,0.08470125828509077
941,0.08483907838087144
942,0.08515386800790868
943,0.08561286216697599
944,0.08567020979241162
945,0.08572278181386632
946,0.08581654462729275
947,0.08584686990817451
948,0.08617259480832805
949,0.08620305370883895
950,0.08625356313367537
951,0.08635565329398796
952,0.08638784215106211
953,0.08641386878733177
954,0.08657041003880846
955,0.08687251409143222
956,0.08698307873644902
957,0.08740978465757195
958,0.08748371642651616
959,0.08756569084525477
960,0.08763860750450429
961,0.08770029363393327
962,0.08773727892985748
963,0.08809271491864949
964,0.08814238458612127
965,0.08822846497055918
966,0.08839276517240395
967,0.08842361936873692
968,0.08845158314183015
969,0.08846887389319184
970,0.088610819346448
971,0.08871137658816176
972,0.08892283402953484
973,0.08899425800265638
974,0.0892501189477677
975,0.08933745874226957
976,0.08936780608896548
977,0.08938237112570739
978,0.08941141618840236
979,0.0897944019955713
980,0.09013010535152415
981,0.09016992747760848
982,0.09029591143311592
983,0.09029680863670479
984,0.09038030786872024
985,0.09055829287395993
986,0.09058930414511794
987,0.09072992334116652
988,0.09075427355913444
989,0.09078246327883689
990,0.09080708688665115
991,0.0909426940910528
992,0.09117127371323586
993,0.09121298861000171
994,0.09152561668468268
995,0.09160468850431952
996,0.09166167546750302
997,0.09184077947904654
998,0.09187530788059126
999,0.09200538287741675
1000,0.09202682305634555
1001,0.09205085562433887
1002,0.09205355250174205
1003,0.09214813486030979
1004,0.092223759290506
1005,0.09223766651632373
1006,0.09265460101723741
1007,0.09277536763781966
1008,0.09285694021926158
1009,0.09308648804194883
1010,0.09320034590478463
1011,0.09328026314043356
1012,0.09356492584417882
1013,0.09364433847547789
1014,0.09367086363012404
1015,0.09376848436885292
1016,0.0940500725590842
1017,0.09414468092799112
1018,0.09416260057040661
1019,0.09416707619940669
1020,0.0943401012736982
1021,0.09450845379901192
1022,0.09451350295496981
1023,0.09454006626115301
1024,0.09458432645445757
1025,0.09472481073048504
1026,0.09481011926574705
1027,0.09481893699128012
1028,0.09486981556753242
1029,0.09490404011359137
1030,0.0952314008480498
1031,0.09538701052407982
1032,0.09549993854700824
1033,0.0956853504449552
1034,0.09572368668558008
1035,0.09579437815942084
1036,0.09608794258152444
1037,0.09631138139948571
1038,0.09631174976429523
1039,0.09645329839636506
1040,0.0965333941401677
1041,0.09670823337675089
1042,0.09679716724213484
1043,0.0972640628103676
1044,0.09736158878016112
1045,0.09752646277388145
1046,0.09759389430581479
1047,0.09763330361474194
1048,0.09777585720417241
1049,0.0978592081014962
1050,0.09786057646820726
1051,0.09796333979937363
1052,0.09798469274166763
1053,0.09800433755748303
1054,0.09807609212409232
1055,0.09810656893366368
1056,0.09816134989533945
1057,0.09816218833250948
1058,0.098246330213588
1059,0.09841658017155189
1060,0.09850736077675523
1061,0.0986471412810033
1062,0.09871123597377027
1063,0.09878742676350158
1064,0.09894251051789252
1065,0.09910479731599822
1066,0.09911293341723285
1067,0.0991449143840801
1068,0.09921165461303741
1069,0.09923304751937911
1070,0.0993436151272965
1071,0.09935979979225873
1072,0.0995012273947724
1073,0.09986468565592138
1074,0.09992942416464162
1075,0.10006363459359041
1076,0.10011464365571077
1077,0.10013945682371961
1078,0.10016085407683017
1079,0.10018585245873235
1080,0.10023280606327889
1081,0.10024914062846357
1082,0.10032437709516834
1083,0.10034199833613011
1084,0.1003432289961908
1085,0.10035605556255855
1086,0.10043517715398281
1087,0.10055974470253598
1088,0.10056746032878568
1089,0.10059636659125298
1090,0.10072871053411109
1091,0.10087511725383719
1092,0.10102017358151683
1093,0.10107646748073074
1094,0.1011753215821824
1095,0.10125952207729763
1096,0.10134385244833191
1097,0.10142361199787056
1098,0.1014572867121932
1099,0.10153269723867994
1100,0.10172612500846957
1101,0.10181792694342819
1102,0.10188877505598633
1103,0.10206221252588245
1104,0.10221977942792305
1105,0.10223449528320817
1106,0.1023669682770544
1107,0.10247767326152031
1108,0.10251894244977247
1109,0.10256336201708433
1110,0.10268832046248272
1111,0.10281450655854091
1112,0.10282604124997789
1113,0.10285935566408104
1114,0.10286595332968222
1115,0.10287136887592567
1116,0.10288469904982538
1117,0.10329521676191948
1118,0.10333145783476387
1119,0.10336029204794243
1120,0.10341049236539183
1121,0.10350148118047574
1122,0.10350987594563699
1123,0.10351912058415286
1124,0.10353752017280948
1125,0.10381940119040323
1126,0.10390214626049449
1127,0.10393049682296407
1128,0.10422033557119237
1129,0.10424988326255374
1130,0.10425775945700555
1131,0.10437487903695719
1132,0.10454239958525302
1133,0.10458300921154629
1134,0.1046067106757746
1135,0.10461620731324811
1136,0.10463306691632307
1137,0.1047789718462005
1138,0.10489451927710763
1139,0.10497731610890254
1140,0.10507703837278143
1141,0.10509581446848587
1142,0.1052075380669836
1143,0.10536380900053327
1144,0.10555040716657971
1145,0.10556066468324843
1146,0.10561032449455096
1147,0.10562880326837984
1148,0.10564403833536098
1149,0.10565910740050535
1150,0.10570443162046664
1151,0.10576899087751293
1152,0.10579704307167462
1153,0.10602086348185782
1154,0.10605322028326158
1155,0.10616837684489933
1156,0.10620916495732025
1157,0.10622204229717747
1158,0.10640407449620226
1159,0.10647317893010916
1160,0.1065644845589153
1161,0.10669815571406881
1162,0.10676211944602153
1163,0.10677526480077525
1164,0.10690153864659734
1165,0.10727874791924318
1166,0.10747271316774547
1167,0.10749979089946131
1168,0.10758798067445206
1169,0.10762820410024258
1170,0.10764203575303104
1171,0.10771565422292949
1172,0.10778935351256118
1173,0.108002265753855
1174,0.10809460322852608
1175,0.10815820473530484
1176,0.10830282055585176
1177,0.10830523482531738
1178,0.10837383730511833
1179,0.10841689893747296
1180,0.10854364557930489
1181,0.10860135179871415
1182,0.10860218747473076
1183,0.10864374706110373
1184,0.10869028781695635
1185,0.10874469860602422
1186,0.10913735144271493
1187,0.10927296739783972
1188,0.10930073349042695
1189,0.10935232152895179
1190,0.10937244743417905
1191,0.10940171475352255
1192,0.10940975983419864
1193,0.10958515248454855
1194,0.10960892019985964
1195,0.10962026469642357
1196,0.1096549928888337
1197,0.10981820729354692
1198,0.1099668841345919
1199,0.10997011041928874
1200,0.1100345267463363
1201,0.11005569806561528
1202,0.11032659361347104
1203,0.1106542302796882
1204,0.11079755297046563
1205,0.11091135738992282
1206,0.1110908347306054
1207,0.11128907555831317
1208,0.1114469597343624
1209,0.11147287375487096
1210,0.11188933498556324
1211,0.11205453376035224
1212,0.11210907526515326
1213,0.11211579876089942
1214,0.11222656549348711
1215,0.11229050696645307
1216,0.11253393234483336
1217,0.11254260528850615
1218,0.11254478990219954
1219,0.11261682710971245
1220,0.11268963883936393
1221,0.11274981836737923
1222,0.11281428580600354
1223,0.11298281542328086
1224,0.11304926162619248
1225,0.11316153624170426
1226,0.1131698362460503
1227,0.11324429767498971
1228,0.11327810323029755
1229,0.11330188946939349
1230,0.11348845897493567
1231,0.1135396468125579
1232,0.1136118203736699
1233,0.11361779676024142
1234,0.11379969977573379
1235,0.11389134796192896
1236,0.11390122273436248
1237,0.11390637684111005
1238,0.1139717353036277
1239,0.11411905574144177
1240,0.1142181064973713
1241,0.11423879284476918
1242,0.11427466420287186
1243,0.11429573908086904
1244,0.11430087238267561
1245,0.11462982326106697
1246,0.11480384484064732
1247,0.11481960016921822
1248,0.1150019342903148
1249,0.11507221628603967
1250,0.11511233756426903
1251,0.11521885812581506
1252,0.11523809054139922
1253,0.11530156516463291
1254,0.11538171957333951
1255,0.11545668812454343
1256,0.11574413387000407
1257,0.1160267005064721
1258,0.11624270704241221
1259,0.11628092050139918
1260,0.11678516110633733
1261,0.11688750073373687
1262,0.11694427721184063
1263,0.11696326660503278
1264,0.11736310082922728
1265,0.11746022052466253
1266,0.11770930022180419
1267,0.11774088584702701
1268,0.11775292592438301
1269,0.11793284829943816
1270,0.11795929445905383
1271,0.11800892176218723
1272,0.11810681225424045
1273,0.1181368890436089
1274,0.11814941036307784
1275,0.1182462340741978
1276,0.11833128632646876
1277,0.11843583257612926
1278,0.11857798640051291
1279,0.11865925073432974
1280,0.11877935696072044
1281,0.11882303956595945
1282,0.1190476252352693
1283,0.11923719398695248
1284,0.11925234196376949
1285,0.11932346882932615
1286,0.11934130364964496
1287,0.11935295478763067
1288,0.11937632745818683
1289,0.1194458935091039
1290,0.11952423285817487
1291,0.11954563438702787
1292,0.11959557634934215
1293,0.11970905096725049
1294,0.11981906258265373
1295,0.11983554507736893
1296,0.11988438005407176
1297,0.11997724694461676
1298,0.12002786042346417
1299,0.12018483761906698
1300,0.12020480289462143
1301,0.12021213523153845
1302,0.1202360535041091
1303,0.12024749225137538
1304,0.12028454596969101
1305,0.12039656756380163
1306,0.12040006967034665
1307,0.12044554690136731
1308,0.12046358960227042
1309,0.1206080567399752
1310,0.12062614995760478
1311,0.12062637114554879
1312,0.12064203342308004
1313,0.12067923481684477
1314,0.12074962819888489
1315,0.12091465020807989
1316,0.12102873671525592
1317,0.12108851682510832
1318,0.12109140081706024
1319,0.12111222031533228
1320,0.1211699936521638
1321,0.12118647813582845
1322,0.12137668096188842
1323,0.12162434002453631
1324,0.1218310428733082
1325,0.12184213633622093
1326,0.12184250801054289
1327,0.12188879867718841
1328,0.12194711781025916
1329,0.1220993156357432
1330,0.12232660330582626
1331,0.12234100451765753
1332,0.12234205380738586
1333,0.12240380170676521
1334,0.12287233659193117
1335,0.12291803227382811
1336,0.12301429560410623
1337,0.12324112758302624
1338,0.1236039170882261
1339,0.12372783555806915
1340,0.12386873726841027
1341,0.12400774371876108
1342,0.12401593034618327
1343,0.12402941117333952
1344,0.12412697091037359
1345,0.12423219215883732
1346,0.12454004392105038
1347,0.12475382597725165
1348,0.12479080109338309
1349,0.12511943538707776
1350,0.1251863425295574
1351,0.12523755511143297
1352,0.1253098229250276
1353,0.12549174337094318
1354,0.12563786793887965
1355,0.1257943206760634
1356,0.12582200588950287
1357,0.12583674547349222
1358,0.12604733233960302
1359,0.12609085368181777
1360,0.12614107779245887
1361,0.12614976067249967
1362,0.12620637860258468
1363,0.12620709044682202
1364,0.12662829007843654
1365,0.12667594323121087
1366,0.1267245298436974
1367,0.12676651823757687
1368,0.12683880856015597
1369,0.12685174202777968
1370,0.12693721117018889
1371,0.12703825435941477
1372,0.12709578833598548
1373,0.12709991636465187
1374,0.12733258071020795
1375,0.1273728812852652
1376,0.12739364108578993
1377,0.12751005862445547
1378,0.12752423970647164
1379,0.12756278832282386
1380,0.12756443904017928
1381,0.12758529201608967
1382,0.12765983969809522
1383,0.12773199712601788
1384,0.12781576813200504
1385,0.1279220521964011
1386,0.1281183387333166
1387,0.12818989506135306
1388,0.12824121360154608
1389,0.128579363873996
1390,0.12861875702515116
1391,0.128721513187951
1392,0.1288362212518353
1393,0.12890431894286453
1394,0.128967149741604
1395,0.12930377642611918
1396,0.12935640273140514
1397,0.1294750016334959
1398,0.12958646244811112
1399,0.1296134524454256
1400,0.1297176438588164
1401,0.1300106077136221
1402,0.13011432120987038
1403,0.1301232372960785
1404,0.13025437066684542
1405,0.13031684777909958
1406,0.13035459860376164
1407,0.13040095487438008
1408,0.13043792518979208
1409,0.13050024350907424
1410,0.13062703708395212
1411,0.13063116064818275
1412,0.13100354876320058
1413,0.1313757692870045
1414,0.13149735973216928
1415,0.1319396644577809
1416,0.13194541470197282
1417,0.1319456587588849
1418,0.13204805569659225
1419,0.13205541194030865
1420,0.13207236882646153
1421,0.13208869893401573
1422,0.13213450611248426
1423,0.13219907835695907
1424,0.13252009170387644
1425,0.13258354220304644
1426,0.13266096920621404
1427,0.13267528904707723
1428,0.1328156175471986
1429,0.13290506477165506
1430,0.13315961854651936
1431,0.13318441229804012
1432,0.13329546678815868
1433,0.13339891360948458
1434,0.13349982860903087
1435,0.13371612326176058
1436,0.1337931571266034
1437,0.13389049150714538
1438,0.1339005043962772
1439,0.13392083782000608
1440,0.13414201108214224
1441,0.13420624364512096
1442,0.13424821744281795
1443,0.13440457708378992
1444,0.13450698458225976
1445,0.13457395223485205
1446,0.13459995602847794
1447,0.13460658005538959
1448,0.1346365824665095
1449,0.1348148591374649
1450,0.1348382448975193
1451,0.1352592226182833
1452,0.1353120698121107
1453,0.13540384875821015
1454,0.13545544033103568
1455,0.13555766664238877
1456,0.13560168162489677
1457,0.1356589377554927
1458,0.13570045489807708
1459,0.1359547920494682
1460,0.13609980761786417
1461,0.13610611075496543
1462,0.1361426601472457
1463,0.1361750023416916
1464,0.1364436644914216
1465,0.13650883483627516
1466,0.13662207309309174
1467,0.13676556947425747
1468,0.1368106678144612
1469,0.13691761467975008
1470,0.13692589180785317
1471,0.13693900586272398
1472,0.13699632403767684
1473,0.13702715783859534
1474,0.13704320404065787
1475,0.13723337025927354
1476,0.13724075322894527
1477,0.13734868250366075
1478,0.13751521809372272
1479,0.13763359580994852
1480,0.1377035500906361
1481,0.13773439880699356
1482,0.13780388895066054
1483,0.13800936007105652
1484,0.13802453989331848
1485,0.13808224193173207
1486,0.1383579389357547
1487,0.13861254802157896
1488,0.1386465013207343
1489,0.13867737050093404
1490,0.1387997734922935
1491,0.13901971285546694
1492,0.13904264840282884
1493,0.13909214186307303
1494,0.13918567481265273
1495,0.13921898601940666
1496,0.13923030868109523
1497,0.13937857338186874
1498,0.13943867624165748
1499,0.13973140494716169
1500,0.13995277265853373
1501,0.13996394666519185
1502,0.13997869065030338
1503,0.14001779767001327
1504,0.14005006014120985
1505,0.14009393692401167
1506,0.14011658609513283
1507,0.14012909663043022
1508,0.14013217431636638
1509,0.1402113205265768
1510,0.1402221009781876
1511,0.1402496504148501
1512,0.14035870276734852
1513,0.14058122250046207
1514,0.1406029901947506
1515,0.14065969506783982
1516,0.14072039001965897
1517,0.1408150400959341
1518,0.1408705386236771
1519,0.140885695415583
1520,0.14098330082764948
1521,0.1411632743640447
1522,0.14124688769651456
1523,0.14133069577620788
1524,0.14133712522258418
1525,0.14135972866635832
1526,0.14143803129006455
1527,0.14145204276258672
1528,0.14145564272456393
1529,0.141483180816807
1530,0.14158061821617718
1531,0.14176243335144761
1532,0.1418067317458635
1533,0.14200838917672576
1534,0.14207332875721324
1535,0.1421857218705832
1536,0.1422191922139171
1537,0.14227303360434918
1538,0.14237897111175568
1539,0.14243186521368778
1540,0.1424467777129222
1541,0.14246033647931883
1542,0.14258049539112
1543,0.1426401024341622
1544,0.1426988803214823
1545,0.1428785773496249
1546,0.14312992545850906
1547,0.1434267870478108
1548,0.1434302767760472
1549,0.14344302879367316
1550,0.14345372403130102
1551,0.14351614978726268
1552,0.1436484351018077
1553,0.14366014177531722
1554,0.14369726525274923
1555,0.14382392805661132
1556,0.14397801139853736
1557,0.14418961355193846
1558,0.14443958655550346
1559,0.1447172234253564
1560,0.14479676492773927
1561,0.14495771104841224
1562,0.14497400073717123
1563,0.1451648030595896
1564,0.14525989982718604
1565,0.1453380214475022
1566,0.14536711896379237
1567,0.14544842898245303
1568,0.14550851805703346
1569,0.14557577535138888
1570,0.1458234425813969
1571,0.14583387226250122
1572,0.14587406981304896
1573,0.14596827368816256
1574,0.14607734097765002
1575,0.14631496124739474
1576,0.1463502694012162
1577,0.1464004320195359
1578,0.14648955361995541
1579,0.14683800877476783
1580,0.14701078028627657
1581,0.1470316508382803
1582,0.14706956491581719
1583,0.14715031114021543
1584,0.1474559181662734
1585,0.14746837193247925
1586,0.1475916493999462
1587,0.14765910261217843
1588,0.14766258264031798
1589,0.14768840068085234
1590,0.14770924526223614
1591,0.14772780467014265
1592,0.14781470345444825
1593,0.14784975196334693
1594,0.14790519802828506
1595,0.1480245999899379
1596,0.14814336986602428
1597,0.14821130574714447
1598,0.14822347050507284
1599,0.1484138991554637
1600,0.1484643644015426
1601,0.1485613447240211
1602,0.1486560313262138
1603,0.14870689442557786
1604,0.14874485836307957
1605,0.1487900867486552
1606,0.1488974426566758
1607,0.1490509694064963
1608,0.1490605235573432
1609,0.14916172077667397
1610,0.1493261795192457
1611,0.14936341644832107
1612,0.14940586121366167
1613,0.1496831850830737
1614,0.15002741555549698
1615,0.150251661109574
1616,0.15029917452311148
1617,0.1503460943510917
1618,0.150462766360967
1619,0.15086002527274134
1620,0.15100057156929403
1621,0.15106489955590843
1622,0.15113988203213793
1623,0.15128219803805076
1624,0.15129664780005236
1625,0.15133840562358125
1626,0.1513829374854611
1627,0.15142619002926988
1628,0.1514793371748217
1629,0.1514929999134824
1630,0.1515478525866489
1631,0.15162571721717608
1632,0.15163646990688603
1633,0.1517454085760776
1634,0.1518745862476259
1635,0.15198359301470882
1636,0.15199682676518217
1637,0.1520727503650301
1638,0.15221785138689958
1639,0.1523585641506512
1640,0.15249451288924404
1641,0.15257608137493456
1642,0.15260151253608573
1643,0.1526534328405949
1644,0.15279786924585634
1645,0.1528156958095482
1646,0.15287563734845586
1647,0.15289715709960025
1648,0.15301812393782674
1649,0.153145569709457
1650,0.15319144585076924
1651,0.1532419242936077
1652,0.1532728853453745
1653,0.1533743807058233
1654,0.1535081290840564
1655,0.15351910173033498
1656,0.15355810773662673
1657,0.15380124359282032
1658,0.15381082720979866
1659,0.15391129908363022
1660,0.15408671909586646
1661,0.1541320366828281
1662,0.15423266458153778
1663,0.15438091541776627
1664,0.1547473318586346
1665,0.15494478512430127
1666,0.15505300286660734
1667,0.15505869434426806
1668,0.1551544958308005
1669,0.1551968198344787
1670,0.1552423534797619
1671,0.15526955008919852
1672,0.15535506836925345
1673,0.155379110333206
1674,0.1554779815355381
1675,0.15572679817671076
1676,0.15579742529559454
1677,0.15590364008853735
1678,0.1560488882493431
1679,0.15621728727225875
1680,0.15660239773314916
1681,0.15672198609763707
1682,0.15680589316128585
1683,0.15685553576360273
1684,0.15688955813023214
1685,0.1569651040413147
1686,0.1569682199509017
1687,0.15710180204796198
1688,0.15720146391453182
1689,0.15723021686708039
1690,0.1576770361092229
1691,0.15780054306302121
1692,0.1578202943414146
1693,0.15787394207324362
1694,0.1578744318328172
1695,0.1579676870521707
1696,0.15797885576021167
1697,0.15799835255730607
1698,0.1582283262834516
1699,0.15822960648642168
1700,0.15845346817083603
1701,0.15848237521459205
1702,0.1586973060574731
1703,0.15874160595798079
1704,0.1587489214126749
1705,0.15875335815229066
1706,0.15882118243677804
1707,0.15886272179156782
1708,0.15890593886798146
1709,0.15898820262532035
1710,0.1590268435628376
1711,0.1592944844968686
1712,0.15930063519745166
1713,0.15938142517007295
1714,0.15938906282320822
1715,0.1594153545283689
1716,0.15942843459034908
1717,0.15944481914490718
1718,0.15945968081434658
1719,0.15948214341196493
1720,0.15950898794795837
1721,0.1595092835206967
1722,0.15952902758358334
1723,0.15954797771038975
1724,0.15955865252272922
1725,0.15968895905606095
1726,0.1597208754151475
1727,0.1597265518360783
1728,0.15981809632142654
1729,0.15986666525552998
1730,0.15993529882384752
1731,0.15999280893536952
1732,0.1600434571588996
1733,0.16007690750417006
1734,0.16010061996832806
1735,0.1601196276977233
1736,0.16022378379934327
1737,0.16022493577634367
1738,0.16029023800165532
1739,0.16031434324088156
1740,0.1604260005472843
1741,0.16048015806001814
1742,0.16063094968617564
1743,0.16069818489908194
1744,0.1609684981764401
1745,0.16107819537831103
1746,0.16108845936940652
1747,0.16130948546212004
1748,0.16141797678718833
1749,0.16152308185110015
1750,0.16154278384177534
1751,0.1617509714375014
1752,0.16175504539760593
1753,0.1617871693504484
1754,0.1620023396473515
1755,0.16204812072084201
1756,0.16209862198430364
1757,0.1623704848926775
1758,0.16241295821308413
1759,0.16242383277183844
1760,0.16271540969338988
1761,0.16277046404425502
1762,0.16278962958317514
1763,0.1630008659517313
1764,0.163032491480744
1765,0.16307364995993276
1766,0.16307824616223537
1767,0.16310034824172193
1768,0.16320519565187036
1769,0.16320839180822772
1770,0.1632371198549139
1771,0.16326596430667611
1772,0.16327736745310878
1773,0.16332437161448754
1774,0.1635123063714673
1775,0.1636575750901677
1776,0.16371170671568563
1777,0.16398646675380554
1778,0.16420644529625839
1779,0.16430991534811934
1780,0.16459881731103998
1781,0.1651358617526134
1782,0.165150585562166
1783,0.1652283490043281
1784,0.16523355819386426
1785,0.16539316336056215
1786,0.16539972568327582
1787,0.1654008078896277
1788,0.16548280108902208
1789,0.16560484179376805
1790,0.16570288546326767
1791,0.16570928457619277
1792,0.16578803846785078
1793,0.1658120923432524
1794,0.16590151871471367
1795,0.16595109571410147
1796,0.16602045292533602
1797,0.1662074879688949
1798,0.1663082263235237
1799,0.16634539851868216
1800,0.16650566522326618
1801,0.16654279706401956
1802,0.16655644072854572
1803,0.1665638452771927
1804,0.1666451510926601
1805,0.1666798604351114
1806,0.1667802024577396
1807,0.16681056018381335
1808,0.16687999554997468
1809,0.16697938529780887
1810,0.16708073554598216
1811,0.16730656507060163
1812,0.1674744665192486
1813,0.16774705182665903
1814,0.1677623421968056
1815,0.16784416039410263
1816,0.16785361547462194
1817,0.16802927112595675
1818,0.16809010565339974
1819,0.16811959529161496
1820,0.16816682780322273
1821,0.16830603726631863
1822,0.16836157540811977
1823,0.16850037078028732
1824,0.16851257822035146
1825,0.16859510143843537
1826,0.16864352492461965
1827,0.16900077176045686
1828,0.16907448320003898
1829,0.16907946415198233
1830,0.16943122364609003
1831,0.169664518410578
1832,0.16969800067481872
1833,0.16974542410877463
1834,0.1698495363621259
1835,0.16985583570906965
1836,0.16992655143990126
1837,0.1700259505833041
1838,0.17006300142201486
1839,0.17055611290195194
1840,0.17057370985551423
1841,0.1706863543740783
1842,0.1708007641418936
1843,0.1709322305553812
1844,0.17099728832885341
1845,0.17104679116985244
1846,0.1710871831447177
1847,0.17110186487074197
1848,0.17110503029192697
1849,0.17115340494633507
1850,0.17121773781913213
1851,0.17150417383607325
1852,0.17156387226064068
1853,0.1716215376031031
1854,0.17168457925370256
1855,0.17173307078044048
1856,0.17180718916751087
1857,0.17189040762121588
1858,0.17197050353915022
1859,0.17203699210486922
1860,0.17208686581426377
1861,0.17235637512054408
1862,0.172592069716421
1863,0.17265171958964692
1864,0.17267961524521305
1865,0.17269292793283678
1866,0.17297993461398545
1867,0.1731470939160057
1868,0.17331102692710973
1869,0.17338625341544375
1870,0.1737346192130109
1871,0.17386219942087586
1872,0.17393800359774012
1873,0.17395909962827935
1874,0.17400334439855533
1875,0.17408841024790414
1876,0.17441687067103764
1877,0.17444523811410204
1878,0.17464165341557167
1879,0.17467613313136268
1880,0.17469596144225727
1881,0.17490293481082406
1882,0.174938111600758
1883,0.1749645889574398
1884,0.17501045812811986
1885,0.1750190973389791
1886,0.17512806956863738
1887,0.17518131509111382
1888,0.1752748549246688
1889,0.17539923421802572
1890,0.17554033194449137
1891,0.17556572517231767
1892,0.1756584609444089
1893,0.17566961955049948
1894,0.17579917110243898
1895,0.17583599677592493
1896,0.17585991948879515
1897,0.17591854547858182
1898,0.17611076840516732
1899,0.1761631607374532
1900,0.17658508763256286
1901,0.17660268266238785
1902,0.17673361348721234
1903,0.17678757014825125
1904,0.1768080882129855
1905,0.17690792035971373
1906,0.17696760285175797
1907,0.177151602712897
1908,0.17731922450294527
1909,0.17748625503353302
1910,0.1774977266783934
1911,0.1777884174359601
1912,0.17784070356808715
1913,0.17793981568611708
1914,0.17803111465200153
1915,0.17807142982725047
1916,0.17808820127513217
1917,0.17813291363480388
1918,0.17816209354501011
1919,0.17822029439884168
1920,0.1783328122790081
1921,0.17835615519537845
1922,0.17878407255891543
1923,0.1788947796645291
1924,0.1791024213007137
1925,0.1791669362197274
1926,0.17936080680045982
1927,0.17942216623849913
1928,0.17955068911386313
1929,0.1796245420503278
1930,0.1796348321618983
1931,0.1796808110166685
1932,0.1796940009966686
1933,0.17973087103914176
1934,0.17980247404221086
1935,0.1798280287116719
1936,0.1799750743065592
1937,0.179998232871774
1938,0.18017916499874673
1939,0.18084220769314271
1940,0.18100057247203108
1941,0.18115933869365244
1942,0.18127018349237448
1943,0.18134913985327686
1944,0.1813724958780946
1945,0.18152161391325652
1946,0.18158198603876588
1947,0.1817111419525266
1948,0.18175407878563918
1949,0.18184232257345528
1950,0.1819376142304006
1951,0.18200747076677248
1952,0.18240809291668936
1953,0.18268442558824993
1954,0.18270630404769717
1955,0.18273240904330024
1956,0.18275423349100817
1957,0.18279383202136093
1958,0.18281805672765897
1959,0.18288279211948236
1960,0.18295838463153816
1961,0.183042725981329
1962,0.18327657007594936
1963,0.18331033609781586
1964,0.18336058821678478
1965,0.1835344833618384
1966,0.1835420791832436
1967,0.18359795099685827
1968,0.18367204802155707
1969,0.18369482862342895
1970,0.18375135204226728
1971,0.1839768408092441
1972,0.18398809738662242
1973,0.18414519618284925
1974,0.18416187186151564
1975,0.18419452455460458
1976,0.18425232296899505
1977,0.1842731851453507
1978,0.18436795565427533
1979,0.18464322434573738
1980,0.18479235571043245
1981,0.18486012682680886
1982,0.1849492208323399
1983,0.18506593259724546
1984,0.18531479605407397
1985,0.18533477876159835
1986,0.1854306823089615
1987,0.1854409353065408
1988,0.18569695122878463
1989,0.1857042910054766
1990,0.18577805873900813
1991,0.1857860715220188
1992,0.18591031243147713
1993,0.18595730895908516
1994,0.185977946739644
1995,0.18600756206442973
1996,0.18601815125262258
1997,0.1861888803202752
1998,0.18631907862427216
1999,0.1863508515604345
2000,0.18653587077037423
2001,0.18660799183541352
2002,0.1867318368984701
2003,0.18673596551655894
2004,0.18675242947291096
2005,0.186862614468171
2006,0.18691987717962866
2007,0.1869990603497007
2008,0.18709927072732657
2009,0.18713557497077393
2010,0.18725011503375322
2011,0.18748113812856593
2012,0.18758591097968447
2013,0.18764637656679561
2014,0.18770762934936475
2015,0.18775235934431528
2016,0.18776605389963635
2017,0.18785876585638508
2018,0.18796776954533204
2019,0.1879981384904014
2020,0.1881291609872189
2021,0.1881463630210938
2022,0.1883522593155302
2023,0.18879228817005916
2024,0.18880063241169645
2025,0.18887169008764407
2026,0.1889245679569629
2027,0.18901520431132038
2028,0.18912094066414686
2029,0.1891372760741914
2030,0.1893426626501399
2031,0.1894428147276096
2032,0.18945634684442508
2033,0.18947083372897083
2034,0.18953854852248803
2035,0.18955475652383608
2036,0.1897455209941405
2037,0.18982929740538973
2038,0.18987114367673902
2039,0.18995297420332563
2040,0.19024470838588176
2041,0.19030077885289204
2042,0.19050085585962934
2043,0.19054563960735643
2044,0.19062372730337757
2045,0.19075118695465115
2046,0.19076811501661556
2047,0.19114066387755685
2048,0.1911789733761506
2049,0.1912063393556371
2050,0.1912467897824425
2051,0.19136064365131525
2052,0.19144107210864506
2053,0.19149141238359463
2054,0.1916462776721845
2055,0.19167677516464826
2056,0.19174473884114934
2057,0.19175939584681734
2058,0.19176569471871352
2059,0.1919170899888824
2060,0.1920605267739735
2061,0.19208719307229513
2062,0.19217076613181147
2063,0.19240328825319494
2064,0.19247931986655994
2065,0.19251843762846987
2066,0.19255686650669274
2067,0.1926003199566803
2068,0.19265371006881793
2069,0.19269137236114658
2070,0.1927532262196556
2071,0.19288809056180614
2072,0.19331240795193586
2073,0.1934921382047282
2074,0.19357234674122956
2075,0.19361504602486
2076,0.19362770047950303
2077,0.1937355674856421
2078,0.19389411651655872
2079,0.19413734495437293
2080,0.19416416548086288
2081,0.19437340962006786
2082,0.19437864598023838
2083,0.19446501247726214
2084,0.19458387515394418
2085,0.19460673219354108
2086,0.1947571407290296
2087,0.19488686923160892
2088,0.19492821183629477
2089,0.1950476310353651
2090,0.19509404978709716
2091,0.19511357378294963
2092,0.1954045580228182
2093,0.19543662207522094
2094,0.19543984010627474
2095,0.1954621945864209
2096,0.1955536818776425
2097,0.19556400317141992
2098,0.19560855890969636
2099,0.19564491166242176
2100,0.19566822722652139
2101,0.19573115460618723
2102,0.1957413792362756
2103,0.19581171510304812
2104,0.19588995396282727
2105,0.19597362859451473
2106,0.1962815124390923
2107,0.19643873277285334
2108,0.1964411164288044
2109,0.19653468354143733
2110,0.19672219414618258
2111,0.1967360755691146
2112,0.19687421747145967
2113,0.19696512705559183
2114,0.1973693092435846
2115,0.1974617902335868
2116,0.1976107906865219
2117,0.1976617483136486
2118,0.19773771988085556
2119,0.19777954796920075
2120,0.19798164136196242
2121,0.19812649834802634
2122,0.19833840546145046
2123,0.1983427684431858
2124,0.19838876722028448
2125,0.19846452350033916
2126,0.1985321418915762
2127,0.19854609641435808
2128,0.1987554409601289
2129,0.19879784368014178
2130,0.1988544109087921
2131,0.19885635752308625
2132,0.19891500772676005
2133,0.1989347437662404
2134,0.1989408819329783
2135,0.19897553392737857
2136,0.1990139219780033
2137,0.1990734363509384
2138,0.1992410185137126
2139,0.19940763448697954
2140,0.19945326856298837
2141,0.1995540972385175
2142,0.19960419028498202
2143,0.1996225678397788
2144,0.1996581205933667
2145,0.1998545689752112
2146,0.1998905704935827
2147,0.19996036726839242
2148,0.200235657376907
2149,0.20046369152590163
2150,0.20051544343695146
2151,0.20054185979903463
2152,0.20071968958494554
2153,0.2008720666348484
2154,0.20087214039599882
2155,0.2009434185224837
2156,0.2009648414473308
2157,0.20103467208031595
2158,0.20108349292921512
2159,0.20119705414990252
2160,0.20133237746370403
2161,0.20137606790162388
2162,0.2013862432635254
2163,0.201563299302564
2164,0.201804155507321
2165,0.20183644609448892
2166,0.20206642610922138
2167,0.2020954435294871
2168,0.20209677190788017
2169,0.20210082792996514
2170,0.2021084131041126
2171,0.2021377599410118
2172,0.20232835635431057
2173,0.2024984675426834
2174,0.2025351891478786
2175,0.2026793050354564
2176,0.20295310303660807
2177,0.2030094237881177
2178,0.20311666937597414
2179,0.20313990288680683
2180,0.2033905089737203
2181,0.2034058330197112
2182,0.20345092494927675
2183,0.20358817702678578
2184,0.2038912100728913
2185,0.20390083211944238
2186,0.203902247961476
2187,0.2039681431909573
2188,0.20399540461335147
2189,0.20421020908423881
2190,0.20428913119688896
2191,0.20459830747221464
2192,0.20460402061370114
2193,0.20480244761412772
2194,0.2048324838311584
2195,0.2049638750145001
2196,0.20496882160329913
2197,0.20503295776926814
2198,0.2053220907144643
2199,0.20532577628898788
2200,0.20535527115576516
2201,0.20558239272345216
2202,0.2056295933323076
2203,0.20565573787994088
2204,0.20595981645401337
2205,0.20605395686214253
2206,0.20615881643005715
2207,0.20620583995632977
2208,0.20658381906847523
2209,0.206659305242769
2210,0.20669406483725938
2211,0.20695412048704565
2212,0.20713427154622133
2213,0.20716148158740655
2214,0.2072803852612507
2215,0.20732550934819416
2216,0.2073596196813623
2217,0.20752717320473124
2218,0.20757842475662613
2219,0.20771133686700693
2220,0.20778453338860395
2221,0.20781152393267702
2222,0.20806309107777846
2223,0.20837177907464757
2224,0.2084876206070815
2225,0.20856678127432962
2226,0.2086644771331694
2227,0.20876439344754308
2228,0.208781834077445
2229,0.20878931710683235
2230,0.20899396041512752
2231,0.20916210842904925
2232,0.20930937560595486
2233,0.20961721582116644
2234,0.2096229830057491
2235,0.20963036176091654
2236,0.20965232035083753
2237,0.2096768885187053
2238,0.2096972055663751
2239,0.2098984832842315
2240,0.20991369812644994
2241,0.21002325134657646
2242,0.2100557667913941
2243,0.21007206540179196
2244,0.2101417654572388
2245,0.21014421238598754
2246,0.210171999161645
2247,0.21033102493470693
2248,0.2104346490535797
2249,0.2106102887611531
2250,0.21070640225195905
2251,0.21078308500315354
2252,0.2108423324362508
2253,0.2108511916911867
2254,0.2108600054012505
2255,0.21114724749323044
2256,0.21117181284854092
2257,0.21142461146808866
2258,0.21152258787777733
2259,0.2115500586857445
2260,0.21156094220566246
2261,0.2116812408931747
2262,0.21178349591371987
2263,0.2121485300543991
2264,0.21227825597336913
2265,0.21229518886264565
2266,0.21238498877229864
2267,0.21240853588609357
2268,0.21249232748981353
2269,0.21251093360689557
2270,0.21255692757442937
2271,0.21278950101149743
2272,0.21284773248127056
2273,0.21311908216054407
2274,0.21313597814154459
2275,0.21360398755640822
2276,0.21362241651448763
2277,0.21378718516923387
2278,0.21393050531155675
2279,0.21411303720857044
2280,0.21465677397018113
2281,0.21473735556511142
2282,0.21494553116302473
2283,0.2150778902386674
2284,0.21542020151087504
2285,0.21544956256008396
2286,0.2155865744166261
2287,0.21565542939983817
2288,0.21568158808430093
2289,0.21572933038125597
2290,0.2158069046143886
2291,0.21597928331054553
2292,0.21607848167835678
2293,0.2161580099490973
2294,0.21647533219489026
2295,0.21657724551829668
2296,0.21663524479454052
2297,0.21666734631419335
2298,0.2166928501429027
2299,0.21679251547650333
2300,0.21688543598253127
2301,0.21691549649039885
2302,0.21701656772504713
2303,0.21719657623789446
2304,0.21727099321203447
2305,0.21733734247462688
2306,0.21738179891421172
2307,0.21747100349467435
2308,0.21762787763956568
2309,0.21780529601741214
2310,0.2178275099048623
2311,0.21783979468263012
2312,0.21805956741961816
2313,0.2180982377079745
2314,0.21825283843023832
2315,0.21833194980008006
2316,0.21837657903330848
2317,0.21842761523797766
2318,0.2185029886556243
2319,0.2185083028169708
2320,0.2185308986132259
2321,0.2185642167068334
2322,0.21892763647977126
2323,0.21925587288489795
2324,0.2192877578453722
2325,0.2194442722230549
2326,0.21950884325423442
2327,0.21955080452428477
2328,0.21958828442266962
2329,0.2197316501239703
2330,0.2198070792902405
2331,0.22000246410170868
2332,0.22013133128540843
2333,0.22016483478474316
2334,0.2204612675926735
2335,0.22066192056689174
2336,0.22069050684070154
2337,0.22072407030707594
2338,0.22073975044007518
2339,0.2208587828635383
2340,0.220908712865216
2341,0.22092890884962793
2342,0.22099643287389242
2343,0.2210015613989728
2344,0.22106212702019545
2345,0.22117490351468794
2346,0.22121600236017142
2347,0.22121925355471317
2348,0.22127444939970708
2349,0.22128950917281265
2350,0.22185136418812534
2351,0.22189626051345268
2352,0.2219940360000272
2353,0.2220408449464083
2354,0.22204585106398766
2355,0.22224312637650734
2356,0.22225880725674618
2357,0.22240336703299224
2358,0.2226085511744078
2359,0.22263892272500085
2360,0.22264924579367978
2361,0.22266679369373277
2362,0.22273134725991373
2363,0.22277604674785734
2364,0.22279619199435297
2365,0.222822840207309
2366,0.2229562446827786
2367,0.22295819962166616
2368,0.22320569844224544
2369,0.22323609060327895
2370,0.22323993715680504
2371,0.22332585551802336
2372,0.22348566406708437
2373,0.22353137772576048
2374,0.22357647227806737
2375,0.22360826846390797
2376,0.22364773840030883
2377,0.22374399822554997
2378,0.22396951027228623
2379,0.22398174936004586
2380,0.22407915010139898
2381,0.22412666149790947
2382,0.22415488749490894
2383,0.22429424536729267
2384,0.2243314383297431
2385,0.22453030137570326
2386,0.22455079783959112
2387,0.22461464664804812
2388,0.22473234074613532
2389,0.2247700480448168
2390,0.22483520606038038
2391,0.2248997140110855
2392,0.22503214540894273
2393,0.2252016914633191
2394,0.22537619332227354
2395,0.22543494187447755
2396,0.2254453731810745
2397,0.22568830355791486
2398,0.2257728171102767
2399,0.22613958027680567
2400,0.22622984940675597
2401,0.2262609454162268
2402,0.2262715405422682
2403,0.2263552373548229
2404,0.2265057060043785
2405,0.22669858827581893
2406,0.22675798223284468
2407,0.22685626376701803
2408,0.2269457588360759
2409,0.22695343312452335
2410,0.2269822015759534
2411,0.22711182851578948
2412,0.22712333516079058
2413,0.22726507225656584
2414,0.2272689733942238
2415,0.227360729498288
2416,0.22766149629529786
2417,0.2276684789824054
2418,0.22768740758130845
2419,0.22777663854546842
2420,0.22786699360147517
2421,0.2283575142097119
2422,0.22836741115964607
2423,0.22840008510679757
2424,0.2285838212190014
2425,0.2286200012293032
2426,0.22866625440071744
2427,0.22876802579828873
2428,0.22887024484876298
2429,0.2289054026712015
2430,0.22894129403665983
2431,0.22930175861481514
2432,0.22938259344445008
2433,0.22944309659521842
2434,0.22970492774422638
2435,0.2297875463502437
2436,0.2298452988994474
2437,0.22989349951935636
2438,0.229896747168038
2439,0.22991283290546807
2440,0.23018104758309846
2441,0.2305028835044263
2442,0.23063670200446543
2443,0.230850086582059
2444,0.2308683846816074
2445,0.2309564460963955
2446,0.23103239818953214
2447,0.23111948824174533
2448,0.23114260980464763
2449,0.2311888489323332
2450,0.23121729993091772
2451,0.23125026485980088
2452,0.23130434041470016
2453,0.23139795632354032
2454,0.23153445127332206
2455,0.2316490203115932
2456,0.23165080902034932
2457,0.2316608857824111
2458,0.2317028609142148
2459,0.2319338764702325
2460,0.23195331992853502
2461,0.23233119646462702
2462,0.23264957327443742
2463,0.23268638576287332
2464,0.2326936295990701
2465,0.23274865248199125
2466,0.2328054330526598
2467,0.23288362916230212
2468,0.2328920533002776
2469,0.23337384517151236
2470,0.23340922917482784
2471,0.23353527071675825
2472,0.23353610498100227
2473,0.23358607279358837
2474,0.23359298283074728
2475,0.23373367022825822
2476,0.2337502068535732
2477,0.2339215436649507
2478,0.23411774930336743
2479,0.23421482862365944
2480,0.23421944285781
2481,0.23426724169615448
2482,0.2342728922042024
2483,0.2343171963721028
2484,0.2343508224560426
2485,0.23443553031138037
2486,0.23450129786764157
2487,0.2345834402244214
2488,0.23460525071481558
2489,0.23466111821482322
2490,0.23476679916455112
2491,0.23505341203568325
2492,0.2351486866063441
2493,0.2353631352762436
2494,0.23565254469125146
2495,0.2357898533900023
2496,0.23583099611682498
2497,0.2358515840951125
2498,0.23604093318199867
2499,0.23618124235234148
2500,0.23624160511003964
2501,0.23636459213020286
2502,0.2363768197198103
2503,0.23645404648390406
2504,0.2364800528721483
2505,0.23664152163234647
2506,0.2367408817734184
2507,0.236947770165315
2508,0.23716517395691775
2509,0.23729247020357272
2510,0.2373022337336278
2511,0.2373846731017364
2512,0.2373848711041533
2513,0.2374318530650027
2514,0.23748425900050446
2515,0.23753194284289852
2516,0.23762509556683142
2517,0.23774012442519843
2518,0.23776611734401443
2519,0.23778169517009684
2520,0.2378435980110964
2521,0.23788049132317518
2522,0.23794302038032966
2523,0.23805028022270958
2524,0.23824359796617595
2525,0.23829145276415087
2526,0.2383412429970036
2527,0.23840219515773303
2528,0.23842050333771475
2529,0.23858684741327638
2530,0.23862498914365995
2531,0.23869038643163934
2532,0.23875627639112176
2533,0.2388460666600334
2534,0.2390171524587391
2535,0.23903872251955663
2536,0.2390698536469116
2537,0.23908874462683902
2538,0.23932256780100328
2539,0.23938914816551685
2540,0.23960910564223784
2541,0.23961734178294294
2542,0.23967890079013046
2543,0.24013576431074543
2544,0.24019067646423917
2545,0.24022935116933192
2546,0.24071099276883226
2547,0.24075064907843127
2548,0.24079607430381125
2549,0.24100817420615372
2550,0.2410986305604244
2551,0.24113060041418957
2552,0.24143103047935213
2553,0.24148394716685498
2554,0.24166280027549294
2555,0.24175720369789824
2556,0.2421194874838184
2557,0.24214913083183798
2558,0.24237847834829468
2559,0.24254729899840183
2560,0.24259582529602203
2561,0.24289887209241506
2562,0.24293544767464337
2563,0.24318647114286368
2564,0.24320306084934362
2565,0.24321579562764034
2566,0.24340096554123652
2567,0.2434534523458654
2568,0.2436254221343957
2569,0.24381124066869192
2570,0.2439662696497483
2571,0.24422236059692057
2572,0.24427466175129728
2573,0.24430762952597193
2574,0.2443776749230356
2575,0.2443948320476443
2576,0.24441772776615897
2577,0.24442310910517612
2578,0.24443074839959905
2579,0.2444772431833689
2580,0.24461142140974707
2581,0.24463815391315114
2582,0.24488384984972
2583,0.24494334314962818
2584,0.24501637669052123
2585,0.24512831002827173
2586,0.24522599568038178
2587,0.24538106982863944
2588,0.24544481991855144
2589,0.2454564971060874
2590,0.2455057080798803
2591,0.2456215873964161
2592,0.2456668499077252
2593,0.24576739730329428
2594,0.24583375618459463
2595,0.2458851643754894
2596,0.2461157107933976
2597,0.24626768462819637
2598,0.24638812062062987
2599,0.24642667907138874
2600,0.24661859370074882
2601,0.24664014028225803
2602,0.2466957945628753
2603,0.24690886156116512
2604,0.24692399042264304
2605,0.24701643163854206
2606,0.2471631081247985
2607,0.2473148129535895
2608,0.24735355371061546
2609,0.24735634151403113
2610,0.24739525591218275
2611,0.24751828658649586
2612,0.24764259757259935
2613,0.24772381702545454
2614,0.24782505797188048
2615,0.247994222507826
2616,0.2480849429751694
2617,0.2481355514202768
2618,0.24816959129038765
2619,0.24828328911955946
2620,0.24849085058705603
2621,0.24853190800271643
2622,0.2486632110325984
2623,0.2486815296948576
2624,0.24871832584300949
2625,0.24876808037495216
2626,0.24883658222304342
2627,0.24892622571473896
2628,0.2489325288752126
2629,0.24913922874565247
2630,0.24917515743291924
2631,0.24933887835889318
2632,0.2496818298027586
2633,0.24983441015786018
2634,0.24983900459085362
2635,0.24997561626702636
2636,0.2501026320195511
2637,0.25014189381207874
2638,0.25016769731744865
2639,0.2502052731208894
2640,0.2503490252582815
2641,0.25050230922540095
2642,0.2505761166646582
2643,0.25057665317509836
2644,0.25063136815114295
2645,0.25075092915980224
2646,0.250753347313987
2647,0.2508077562087597
2648,0.2508511635467253
2649,0.25112212677862766
2650,0.25128013943284067
2651,0.2513923187235634
2652,0.2514343891972639
2653,0.2515507782787856
2654,0.25157743840145236
2655,0.2516609300983529
2656,0.25175358930402314
2657,0.25191606408299894
2658,0.251922988479813
2659,0.25192337768805895
2660,0.25198308518069734
2661,0.25211398474964586
2662,0.25215724690903607
2663,0.25216541284023164
2664,0.2523970655867508
2665,0.25246052565055777
2666,0.25249788142373586
2667,0.2526057374752603
2668,0.25261794717478214
2669,0.2527285710956271
2670,0.25275231407410076
2671,0.25289585821493643
2672,0.25301901165683727
2673,0.25310693694911457
2674,0.2532765899889371
2675,0.2532887502422917
2676,0.25336955680515594
2677,0.25357768296457467
2678,0.25359696243079577
2679,0.2538160394690687
2680,0.2538205738931904
2681,0.2538742017589292
2682,0.25398245402625325
2683,0.2540744046032056
2684,0.25408903695246216
2685,0.25409308304302175
2686,0.25416542488968624
2687,0.2541841554882841
2688,0.2542742673199728
2689,0.2542949457080415
2690,0.2544540529729178
2691,0.25449108004939525
2692,0.2545492345022191
2693,0.25456157973811866
2694,0.2547912367569737
2695,0.2548172160601518
2696,0.2548825041475968
2697,0.25492156179412195
2698,0.25492985408565016
2699,0.2549711138105772
2700,0.2551209514881752
2701,0.2551689795125673
2702,0.25524375661999793
2703,0.2554106359426969
2704,0.25559099919989037
2705,0.25560458350917903
2706,0.25563039643756635
2707,0.2556817710644508
2708,0.2558965292508746
2709,0.2561125641046925
2710,0.2561457276072632
2711,0.2562593107316845
2712,0.25651783507958037
2713,0.25664538732161046
2714,0.25670123224963776
2715,0.2567667115002202
2716,0.25700426249240566
2717,0.25703338338705795
2718,0.25705498307168284
2719,0.2571193736645361
2720,0.25738836863974107
2721,0.2574011782875209
2722,0.2574109154945743
2723,0.25745249081153476
2724,0.2575163701416957
2725,0.2575219941665048
2726,0.25756478611104594
2727,0.2577008930187001
2728,0.2578339305694376
2729,0.25784548719651784
2730,0.2579607056551809
2731,0.25799380538569255
2732,0.2581280887625305
2733,0.2581932651634391
2734,0.258482134725148
2735,0.25855210850815347
2736,0.2585636666990452
2737,0.25869051251774483
2738,0.25886969395718257
2739,0.25890672032707646
2740,0.2589149759434554
2741,0.2590183887328713
2742,0.25910054930608284
2743,0.25910504062545303
2744,0.259160411885115
2745,0.2593104153964708
2746,0.25940558597950447
2747,0.25942934449674526
2748,0.259520830504419
2749,0.2596054497610359
2750,0.2596981189556044
2751,0.25971771660675064
2752,0.25994323736071384
2753,0.26003965736534973
2754,0.2602410524168989
2755,0.26028008153319615
2756,0.2605699955322839
2757,0.26060062221648994
2758,0.2606607098213066
2759,0.26072460708162537
2760,0.2607770297870823
2761,0.2608100183390215
2762,0.2609499104327021
2763,0.26102137623857824
2764,0.26106579027513854
2765,0.2611079611629652
2766,0.2611996842048042
2767,0.26121059192512247
2768,0.26122565897668487
2769,0.261300758533278
2770,0.2613316437295546
2771,0.2613498649247226
2772,0.2616534495960219
2773,0.26178635533951256
2774,0.26179313360259826
2775,0.2622306087094112
2776,0.26227468303783025
2777,0.26232877854219316
2778,0.2623923192815574
2779,0.26262759706109473
2780,0.2627208351006953
2781,0.2628031999398902
2782,0.263039660961051
2783,0.26313732171757914
2784,0.26328633049920747
2785,0.2633619374311103
2786,0.2634972748725797
2787,0.2635305800709532
2788,0.2639823053531672
2789,0.2639986914646059
2790,0.2641114883224667
2791,0.2641560335067303
2792,0.26416812280566676
2793,0.2641737294858811
2794,0.26420981335766347
2795,0.2642424299957148
2796,0.26447412453098706
2797,0.2645956228027928
2798,0.2646020547698149
2799,0.2647122639461359
2800,0.264787997337186
2801,0.26488554018360694
2802,0.2649444989712958
2803,0.26508459111800997
2804,0.2651381106650136
2805,0.26552552740803126
2806,0.265668427449697
2807,0.2657127013061672
2808,0.26595106275818836
2809,0.26607731513316757
2810,0.26623197749994043
2811,0.2662642669380092
2812,0.266428122355867
2813,0.2664396725578101
2814,0.26664632893063356
2815,0.2666685910124891
2816,0.2668514805961594
2817,0.266861478579817
2818,0.2668682236928673
2819,0.26688455500333635
2820,0.26698589222900954
2821,0.2671508936173
2822,0.2674701379051698
2823,0.2674702710389274
2824,0.2675560148375937
2825,0.2677021193477822
2826,0.26771315677679647
2827,0.2677714055370157
2828,0.2678013619103493
2829,0.2678797978325982
2830,0.26793524654240364
2831,0.2683960923199311
2832,0.26843859235878087
2833,0.2685998705339911
2834,0.2689054069662979
2835,0.26926960287739976
2836,0.2694651578437234
2837,0.2695168752440259
2838,0.2697215009988124
2839,0.26983648310594377
2840,0.26987724856375417
2841,0.27000444678814206
2842,0.2701775836330945
2843,0.270383668570494
2844,0.27048841731043916
2845,0.27053575168001376
2846,0.2705578092553682
2847,0.27088303234017225
2848,0.2709954034738358
2849,0.27120477695559264
2850,0.27130597287703423
2851,0.2715111054885521
2852,0.2715726969945971
2853,0.27172250229194034
2854,0.2717945021266673
2855,0.27186333686116715
2856,0.2719081872477148
2857,0.27192606248390727
2858,0.2720325586383866
2859,0.2721942157618907
2860,0.27233916526609986
2861,0.27234207875477495
2862,0.2723740502238313
2863,0.2724547636509641
2864,0.27257087418240306
2865,0.2727433872400233
2866,0.2727495312571178
2867,0.2727899351383199
2868,0.27297282702092834
2869,0.27298613526752236
2870,0.2730001862749851
2871,0.2730367973772963
2872,0.2734044821235014
2873,0.2734921543492624
2874,0.27361368488783805
2875,0.27371323438508544
2876,0.27374601014850275
2877,0.2737891681384651
2878,0.27380945074569274
2879,0.2739117403799997
2880,0.27420443508531595
2881,0.27425195761353943
2882,0.27432953246575703
2883,0.2743387190212277
2884,0.27444838315660874
2885,0.2746472449359029
2886,0.27472275553361936
2887,0.27473421061813086
2888,0.27479324340150985
2889,0.2749133101719285
2890,0.274988757020678
2891,0.27504180111799753
2892,0.2750849343931318
2893,0.2752257179096932
2894,0.2752409117937895
2895,0.2752954565933722
2896,0.2752997300059286
2897,0.2753843778369169
2898,0.2754321719227177
2899,0.2755313605786352
2900,0.2755743514997297
2901,0.27559628829977356
2902,0.2757167497552542
2903,0.2759885363873842
2904,0.2762211412833536
2905,0.27652048546839425
2906,0.27652872878579937
2907,0.27656973975375976
2908,0.27663340401987874
2909,0.27664393466454856
2910,0.2766921653457675
2911,0.2767086006483958
2912,0.2767593944986397
2913,0.276803240996378
2914,0.27683049500693174
2915,0.2769948296040369
2916,0.27708207764121695
2917,0.2772127090861999
2918,0.2773297113847324
2919,0.27737128108996156
2920,0.27753545652883604
2921,0.2775522216358882
2922,0.277789734522206
2923,0.277953093876949
2924,0.2781164430038274
2925,0.27839248511718345
2926,0.2784395176981176
2927,0.2784467064868479
2928,0.27859944463743236
2929,0.2786069132164207
2930,0.27861123680576694
2931,0.2788753195257815
2932,0.27892269227312805
2933,0.27910674058323126
2934,0.2791181646976977
2935,0.2791310827791841
2936,0.27928222291907356
2937,0.2795037665606003
2938,0.2795293176384599
2939,0.27955947996866704
2940,0.2795650734995847
2941,0.279570711084168
2942,0.279586894870675
2943,0.2796077836720445
2944,0.2797180167894414
2945,0.2797820482858428
2946,0.28012120830489345
2947,0.2801336198502912
2948,0.28018914781610577
2949,0.2802165434907083
2950,0.28030369475747413
2951,0.28030381938995286
2952,0.28033529553940156
2953,0.2804077512413328
2954,0.2805213509911019
2955,0.28052503254823974
2956,0.28053737910032284
2957,0.2807763725438019
2958,0.28078050342386257
2959,0.28078850187790433
2960,0.2808842107192567
2961,0.28104272493143595
2962,0.2811904984481659
2963,0.2811956599909853
2964,0.2812225815263825
2965,0.281334952937128
2966,0.28146913259637907
2967,0.2815648394805206
2968,0.2815998627992723
2969,0.28162262271971666
2970,0.2817014890597566
2971,0.2817071133620571
2972,0.2817512701081245
2973,0.28183108481048635
2974,0.2818391185662732
2975,0.28190515035974695
2976,0.28216227501232033
2977,0.282267024347858
2978,0.28228428275061523
2979,0.28242253517664795
2980,0.282529238610744
2981,0.2827451780653136
2982,0.28287293042361467
2983,0.2831756687534424
2984,0.2831926110006427
2985,0.28322263502370854
2986,0.2835422540425688
2987,0.2836377321890794
2988,0.2836387028169165
2989,0.2837314466246583
2990,0.28373520212147185
2991,0.28391274321005655
2992,0.2841507111185023
2993,0.2841513103625778
2994,0.28415772660474103
2995,0.28431248662182207
2996,0.28450038075668216
2997,0.2847129673053881
2998,0.28473523469922224
2999,0.2848774530965321
3000,0.28508400350103624
3001,0.28513554125542406
3002,0.2851510662061373
3003,0.2851789930213554
3004,0.2852868174589818
3005,0.28538348103712846
3006,0.2854427763382727
3007,0.2855087375051683
3008,0.28554195056028137
3009,0.2857652350906548
3010,0.285886773743306
3011,0.28599338517679407
3012,0.2862858198093371
3013,0.2868383293326363
3014,0.28692349980729537
3015,0.2869721446285216
3016,0.28726481197027065
3017,0.28740575961449244
3018,0.2874116117132097
3019,0.28748111403450993
3020,0.2875725789806467
3021,0.28759489135428223
3022,0.28764617666936293
3023,0.287733726809658
3024,0.2880841998445984
3025,0.28810958636467116
3026,0.288169712301864
3027,0.2882689942073587
3028,0.28827601929723906
3029,0.2882959731913994
3030,0.2883484475436138
3031,0.2883799492915873
3032,0.2884306800002374
3033,0.2887488991726661
3034,0.28883000475872983
3035,0.28890529138657933
3036,0.28898480892430933
3037,0.2890587925095758
3038,0.28931235523177184
3039,0.28937753906070407
3040,0.28938656090093107
3041,0.2893989168943242
3042,0.2894066585238114
3043,0.28947423324012966
3044,0.28950373764980863
3045,0.28953262852874456
3046,0.2895479798319935
3047,0.2897195284869649
3048,0.2898203013349319
3049,0.28996024602717724
3050,0.29016666252883055
3051,0.29018576711916644
3052,0.2902109372260203
3053,0.29049879675326656
3054,0.29050514063183774
3055,0.29071929106805106
3056,0.29078893727498323
3057,0.29090355892121267
3058,0.29099668794895506
3059,0.2909974212631917
3060,0.2911998082047973
3061,0.2913059253479837
3062,0.2914001830421232
3063,0.29147839413286897
3064,0.2915402639664078
3065,0.29163528127582933
3066,0.2916502119875076
3067,0.29171819846056346
3068,0.29194079534088324
3069,0.29206863830418966
3070,0.29235003518166375
3071,0.29244396384063004
3072,0.29258748702430776
3073,0.29261024589890655
3074,0.29266036732058853
3075,0.29286119111377107
3076,0.2928864609747561
3077,0.29301745794012823
3078,0.2930278621142246
3079,0.29309409138085973
3080,0.2931106457068744
3081,0.29315336033149475
3082,0.2932156973437978
3083,0.2932342380934212
3084,0.2932581970035112
3085,0.2933079894047793
3086,0.2934056172687727
3087,0.2938250699705409
3088,0.29384545709130727
3089,0.293904887869464
3090,0.29397663134588503
3091,0.2940036780120442
3092,0.29401838175393336
3093,0.29411709726772994
3094,0.2941320536520118
3095,0.2941525918614123
3096,0.29419016952188703
3097,0.294237672535686
3098,0.29424735975780547
3099,0.294393667743228
3100,0.29449831409799565
3101,0.29451973889306987
3102,0.29453446521078525
3103,0.2945780534754609
3104,0.2949459900881216
3105,0.2950376765222591
3106,0.29512420173042575
3107,0.29520957691106936
3108,0.2954413282479985
3109,0.2954480078493823
3110,0.29546828792787383
3111,0.29548679544571155
3112,0.29563993437045094
3113,0.2958934049486469
3114,0.2959065773427759
3115,0.2961187855365633
3116,0.29614928087146736
3117,0.2961655162314438
3118,0.2962045014537965
3119,0.2963662148049444
3120,0.2964021673330789
3121,0.2965361384953127
3122,0.2966122413406407
3123,0.2966389086190596
3124,0.29682006133350625
3125,0.296905847794649
3126,0.29708168822641845
3127,0.2971032749610505
3128,0.2972348715787897
3129,0.29737420732603737
3130,0.2974417736774563
3131,0.2976283672887817
3132,0.29769928246255406
3133,0.297980755800909
3134,0.29805766978931164
3135,0.29819856379854953
3136,0.29833532942845536
3137,0.2983368226548971
3138,0.2984451191524275
3139,0.2984464089219958
3140,0.2985093901510819
3141,0.29852144645305945
3142,0.29869341713349606
3143,0.29871701530740324
3144,0.2988182765748859
3145,0.2988431374553668
3146,0.29886147825837506
3147,0.2990444523293023
3148,0.29908217916055957
3149,0.29914068475091005
3150,0.2993385381288849
3151,0.29949487239079586
3152,0.2996354153240661
3153,0.29966327209665966
3154,0.29972558656974313
3155,0.2998396540597689
3156,0.3000259650691141
3157,0.30019194179852254
3158,0.3002506794658278
3159,0.3002813654279045
3160,0.30036445054288874
3161,0.30045275220049295
3162,0.3007317427214474
3163,0.3007896827011928
3164,0.3009433474343207
3165,0.3009733663018972
3166,0.3010853627282756
3167,0.30110406425391684
3168,0.3011457982124732
3169,0.30122314612106904
3170,0.3012274812628123
3171,0.3014768318041925
3172,0.301549700363556
3173,0.30165468127256684
3174,0.30170337759382343
3175,0.30173396453919155
3176,0.3018921645884963
3177,0.30197569933942536
3178,0.30227631092581186
3179,0.30269508762585023
3180,0.3028165429091104
3181,0.3030685616463331
3182,0.30316566434491965
3183,0.30324759272492036
3184,0.30327499004082614
3185,0.3033174962343255
3186,0.3033542220730199
3187,0.3033807069304796
3188,0.3034684745757481
3189,0.3035718831770069
3190,0.3036943749043336
3191,0.3037873045199322
3192,0.3038908576095113
3193,0.303903203855107
3194,0.30391948842624683
3195,0.30429417539310993
3196,0.3044973321236491
3197,0.30455732520157014
3198,0.3048023789272949
3199,0.3048088112048172
3200,0.3049649184015761
3201,0.30529553249843594
3202,0.3053667985910263
3203,0.30537293807402005
3204,0.30545107203026606
3205,0.30559638902302805
3206,0.30564318022877307
3207,0.3056827670214592
3208,0.3057715188657543
3209,0.30581595809685064
3210,0.3058240226619039
3211,0.3058344761037068
3212,0.3058870346881726
3213,0.30616837978703876
3214,0.3062584464331791
3215,0.3063968689968838
3216,0.3065107166080371
3217,0.30656307584489295
3218,0.3066260584460577
3219,0.3066430670340554
3220,0.30665583306468813
3221,0.30667002087298123
3222,0.3067826479001493
3223,0.30690594675342553
3224,0.30702677006811085
3225,0.30704026373235416
3226,0.3071348541454368
3227,0.3071742713522729
3228,0.3071997507467983
3229,0.30723032522471716
3230,0.30729092011458203
3231,0.3073541769458765
3232,0.3074324214784596
3233,0.3075086304641824
3234,0.30755088381213264
3235,0.3076040308052255
3236,0.30775043649897393
3237,0.30776492051454607
3238,0.30779003092802254
3239,0.3078580234586941
3240,0.3079473781319511
3241,0.30836920428675435
3242,0.3084550507594641
3243,0.3085259610114476
3244,0.30859191623227966
3245,0.30865879017841447
3246,0.3087010433797055
3247,0.3087981189642154
3248,0.3088681948141385
3249,0.3089394195017733
3250,0.30899109349872145
3251,0.3090727429661536
3252,0.30908435535263923
3253,0.3093358284545969
3254,0.30934362107532054
3255,0.30939177053245515
3256,0.3093953807159128
3257,0.30955033356822825
3258,0.309560299064961
3259,0.30963852731038793
3260,0.30964915225391504
3261,0.3100115068559431
3262,0.3100858307939768
3263,0.31011836005736426
3264,0.31026566651963183
3265,0.3102911439148447
3266,0.31031150325157564
3267,0.31036096682564296
3268,0.310399977918813
3269,0.3104884349235426
3270,0.3105085424242785
3271,0.31052165121334063
3272,0.310544835289161
3273,0.3107651248426485
3274,0.310775430443064
3275,0.3107920296598916
3276,0.31079745612184795
3277,0.3108535068032464
3278,0.3111550340533804
3279,0.31128491282669435
3280,0.31147928281734427
3281,0.3114950766333667
3282,0.3116686641115332
3283,0.3116880135508974
3284,0.31193329067921105
3285,0.3121820244750342
3286,0.31218996041355596
3287,0.3122515383866813
3288,0.3123128308557125
3289,0.3123713447743198
3290,0.3124261710732016
3291,0.312513311196132
3292,0.31260685041879044
3293,0.31267709330918647
3294,0.31268488086412927
3295,0.3127407050397717
3296,0.3128149112292474
3297,0.3133100836688868
3298,0.31343458528596574
3299,0.313457552637226
3300,0.31346029635406086
3301,0.3134664890066286
3302,0.3135337811578304
3303,0.3135693757458297
3304,0.31367269452759994
3305,0.3137033715804496
3306,0.31377735086331227
3307,0.31379358908309235
3308,0.3138381761554227
3309,0.3139815038015612
3310,0.314068412868014
3311,0.31423008027082067
3312,0.3142670042645939
3313,0.3142954874487285
3314,0.31430738758270965
3315,0.3145078102037913
3316,0.31452085699210325
3317,0.31452397251137787
3318,0.314598778958456
3319,0.3147803880874632
3320,0.31487710277477166
3321,0.3150866291660167
3322,0.3151383589628727
3323,0.31532485060707094
3324,0.31548761814922777
3325,0.3156390393401663
3326,0.31568903348947425
3327,0.31609326610041993
3328,0.3164958727977092
3329,0.3165081003141538
3330,0.31656507572227033
3331,0.31657289615990447
3332,0.3168391802795876
3333,0.31684186625082167
3334,0.3168469984179197
3335,0.3169246769999196
3336,0.31695097459974003
3337,0.3169688292833415
3338,0.316979503336623
3339,0.31699546290374647
3340,0.3170806206880295
3341,0.31710075299765716
3342,0.3172727760692387
3343,0.31732857287338817
3344,0.31761637491395966
3345,0.31766495446005405
3346,0.3177960738521348
3347,0.3178820359095113
3348,0.3179030826471479
3349,0.3182485375088386
3350,0.3184993711257839
3351,0.3186217160444607
3352,0.3186620997856761
3353,0.31892116015674826
3354,0.3190498293944292
3355,0.31918484949786746
3356,0.3192467915557972
3357,0.3192931520260081
3358,0.3193085322443361
3359,0.3194765232624066
3360,0.319513962331496
3361,0.31965252532359434
3362,0.31968199716352697
3363,0.3196965231302652
3364,0.3197284118707645
3365,0.3198586883901733
3366,0.31994090662572927
3367,0.31997551527035234
3368,0.3200255900206477
3369,0.32015374326462537
3370,0.3201548846143001
3371,0.3201742239313603
3372,0.3202161875775238
3373,0.32034250135027265
3374,0.3204182077305513
3375,0.32047094989072233
3376,0.32068339522608486
3377,0.32069958233346857
3378,0.32081949756020806
3379,0.32090216466877236
3380,0.3209579261114764
3381,0.321028153296907
3382,0.32121283895457836
3383,0.3212193380689036
3384,0.3213022587627618
3385,0.32135964448451115
3386,0.32139417620045796
3387,0.3214618082410998
3388,0.3215173169499884
3389,0.32153864990740244
3390,0.32155706450260707
3391,0.3216640598610125
3392,0.321669986689952
3393,0.3217183338043945
3394,0.32173363071869154
3395,0.3218093813471078
3396,0.3219303041923688
3397,0.3219536634290815
3398,0.3220244971747746
3399,0.3221264076240006
3400,0.32214066008827813
3401,0.3221806686016518
3402,0.3222232504812567
3403,0.3222707202839782
3404,0.32232276628758905
3405,0.32236741173553995
3406,0.3223928370517385
3407,0.3224375378666064
3408,0.3226319014974233
3409,0.32271773298876855
3410,0.3228709137855306
3411,0.3230113637247327
3412,0.32310989930836886
3413,0.3231496502587693
3414,0.3232965939751039
3415,0.3233644166249561
3416,0.32353326274856853
3417,0.323569066166446
3418,0.3235980288604615
3419,0.3237549116246615
3420,0.3237803030491795
3421,0.32386629067250616
3422,0.32386848420369063
3423,0.32392233034165807
3424,0.32394609602639624
3425,0.32397636326443424
3426,0.3239837876900402
3427,0.32416477500120144
3428,0.32429711351137513
3429,0.3243974940253284
3430,0.3244044570158676
3431,0.3245975269339858
3432,0.3251240650571584
3433,0.32522692238919765
3434,0.32527984231276774
3435,0.3254510414371428
3436,0.32547546091867835
3437,0.32560081446849976
3438,0.32561032168370196
3439,0.32563090302807773
3440,0.3258599170278328
3441,0.3258880952397769
3442,0.32599123491432747
3443,0.3260789043683083
3444,0.3261512884130965
3445,0.32622057705386753
3446,0.3262469534392113
3447,0.3263697596063284
3448,0.32637240833690195
3449,0.3265213318007928
3450,0.32660722375680673
3451,0.3266782377976429
3452,0.32671672447242894
3453,0.3268083985421554
3454,0.32687175590264306
3455,0.3269680333394651
3456,0.3270146631055537
3457,0.32720704110584364
3458,0.32722679777735064
3459,0.32723897949458647
3460,0.32724817919382754
3461,0.32726893371197463
3462,0.327382444793802
3463,0.3275497810455205
3464,0.3275840373151118
3465,0.32759309452788776
3466,0.32761668678943245
3467,0.327706544313927
3468,0.32776364656886803
3469,0.3278017789491759
3470,0.32790516515166807
3471,0.3279480527878282
3472,0.32802967707633196
3473,0.3280878907996882
3474,0.3281024091815197
3475,0.3281079540457006
3476,0.32815977089806536
3477,0.32829285290416954
3478,0.3283373823850702
3479,0.3283442348896798
3480,0.32837681363536
3481,0.3285814630137736
3482,0.32863114061235216
3483,0.3288246811536309
3484,0.3288887724212093
3485,0.32889979188389906
3486,0.3292721282132228
3487,0.3294307682592247
3488,0.32947145374335074
3489,0.32950960986418776
3490,0.3295584184944949
3491,0.32957050971056623
3492,0.3296133503887905
3493,0.32980620803138244
3494,0.32985118479331416
3495,0.3299067296841424
3496,0.32993800239974674
3497,0.3300581597538647
3498,0.33019301027226383
3499,0.33027279474999527
3500,0.33039389156970256
3501,0.3304222669039981
3502,0.33062272741241217
3503,0.3306813735889074
3504,0.33080091328196864
3505,0.33106960564419835
3506,0.33121592234408115
3507,0.3312363754468984
3508,0.3313999407614197
3509,0.3314129458241723
3510,0.33151516197500913
3511,0.331937190062377
3512,0.3320920973809931
3513,0.3321184456430676
3514,0.3323930205735681
3515,0.3325594727633814
3516,0.3325870331162873
3517,0.33266148733283646
3518,0.3326782633345126
3519,0.3328113968493896
3520,0.33281995355682814
3521,0.3329398076401989
3522,0.3330184494673337
3523,0.33307319035948096
3524,0.33330043212097676
3525,0.3333643486672067
3526,0.33346345180881615
3527,0.33351425835836107
3528,0.33355215823479745
3529,0.33362452864048886
3530,0.33388207483052423
3531,0.33393115300177706
3532,0.3339372828699018
3533,0.33400033135417295
3534,0.3340292340744392
3535,0.33410571005743156
3536,0.33423038373828623
3537,0.33428822847568473
3538,0.3343853673418089
3539,0.33441507066329307
3540,0.3344709254146756
3541,0.33456909779383887
3542,0.33466010824489384
3543,0.3346671118481387
3544,0.3347175768991786
3545,0.3348226439511916
3546,0.3348521839583218
3547,0.33523946484571515
3548,0.33538775037772456
3549,0.3354147394757383
3550,0.33542097519363256
3551,0.3354239460778433
3552,0.33542969354132
3553,0.3354600864427908
3554,0.33558536640716363
3555,0.3356521322481216
3556,0.33572502392652037
3557,0.3357967656019266
3558,0.33593258330452913
3559,0.3360757005735864
3560,0.33609008233253546
3561,0.3361649820789784
3562,0.33620297750506534
3563,0.3362812539626287
3564,0.3362993492702989
3565,0.33637387893447673
3566,0.33641140179759715
3567,0.33644086825539016
3568,0.3364929403939949
3569,0.3366987298637193
3570,0.3367862968543922
3571,0.3368078952832063
3572,0.33687562107107094
3573,0.3369386162353356
3574,0.3370237810726801
3575,0.33719570098095064
3576,0.33728153919768533
3577,0.33731479696971034
3578,0.33750921081112334
3579,0.33751704027220514
3580,0.33755826873286426
3581,0.3378477537989054
3582,0.33813354207005986
3583,0.33818035723894235
3584,0.3382563750407821
3585,0.3383799205907734
3586,0.33863675735723875
3587,0.33865676449896087
3588,0.3387348032309655
3589,0.3388025520615709
3590,0.33917670479910733
3591,0.3392896852999857
3592,0.3393125498527637
3593,0.33969019277718326
3594,0.33979683158197693
3595,0.33987592124736754
3596,0.3399524301483099
3597,0.3400235985724948
3598,0.3400593437460478
3599,0.3401270751271611
3600,0.34019625483703003
3601,0.34020080009958786
3602,0.34026124355989446
3603,0.3402765053126416
3604,0.3403482896312838
3605,0.3403741635874769
3606,0.34042553567648437
3607,0.3404283442442568
3608,0.34056342965527125
3609,0.3405980202848154
3610,0.340605282515889
3611,0.3406474792373492
3612,0.34068107095882133
3613,0.34068298442236034
3614,0.34069353667244096
3615,0.34071446134195804
3616,0.34108407405131036
3617,0.3410851812234693
3618,0.3410925241558146
3619,0.3411269799663991
3620,0.3412122914713835
3621,0.3413903798471548
3622,0.3415335328362279
3623,0.34156609612000566
3624,0.34158448029630406
3625,0.3417355449851737
3626,0.34187043985319693
3627,0.34197818189451684
3628,0.34201303302861114
3629,0.34225471180756034
3630,0.34226495219451075
3631,0.3422766429005101
3632,0.3423293036416316
3633,0.3424267712264101
3634,0.342468256063137
3635,0.3425653381853283
3636,0.342664191556714
3637,0.34276077040045017
3638,0.3428153041692614
3639,0.34294395441613723
3640,0.342951627419657
3641,0.34298379238556836
3642,0.3430277740643008
3643,0.34307553277391417
3644,0.3431473951149491
3645,0.343343113109813
3646,0.3434270201918703
3647,0.34343837839794433
3648,0.34350118379771377
3649,0.3435403593092859
3650,0.34357510965490745
3651,0.3435976411938436
3652,0.34361382849885946
3653,0.34361795228588554
3654,0.3439125651657532
3655,0.34406309865131474
3656,0.34414676353832513
3657,0.3444031222196695
3658,0.3444404405124843
3659,0.3446764131073838
3660,0.34471384927699433
3661,0.344719232797364
3662,0.34473142074624097
3663,0.3447601307432801
3664,0.34476495272714924
3665,0.34482400397473845
3666,0.34487388960326437
3667,0.34499650586886443
3668,0.34502997475812347
3669,0.3450447520280741
3670,0.34526165381568485
3671,0.345278422110234
3672,0.34534456100134714
3673,0.34558908470855143
3674,0.34564040538136653
3675,0.34620175524141217
3676,0.3462493026562413
3677,0.3465479598370602
3678,0.34664214333325244
3679,0.3467002481714926
3680,0.3467795578635968
3681,0.34719582030329277
3682,0.34729394810925207
3683,0.34735522667369334
3684,0.34745058986611393
3685,0.3474529134102856
3686,0.3474584918404224
3687,0.34752601713460546
3688,0.34755981227095284
3689,0.3476228933851672
3690,0.34779183991514434
3691,0.3478810527061294
3692,0.34798821416395664
3693,0.34804595206942346
3694,0.348171187034922
3695,0.3482294450431761
3696,0.3483272048137791
3697,0.3484233590301782
3698,0.34855303037862945
3699,0.34855700474179535
3700,0.3486145472732341
3701,0.34893086556218283
3702,0.3489855084496583
3703,0.34899011237355676
3704,0.3490677026856187
3705,0.34906874275277266
3706,0.3493120189642439
3707,0.34933421172689744
3708,0.3496405044037942
3709,0.3496693977362316
3710,0.34986387318543155
3711,0.34989642637969176
3712,0.34995172559866894
3713,0.3499777434555068
3714,0.35000269440316834
3715,0.35000916980957664
3716,0.3500693768247878
3717,0.35009469390425485
3718,0.3503507666406359
3719,0.3504048959103774
3720,0.3504232966937172
3721,0.350631027247403
3722,0.350973421149119
3723,0.3510323052442383
3724,0.3510850535752563
3725,0.3511668313004602
3726,0.351193162091743
3727,0.3512346324728164
3728,0.35134161944152253
3729,0.35137550792553224
3730,0.35177123647331804
3731,0.3517775006272141
3732,0.35180844710925685
3733,0.35187890868162114
3734,0.3520129812309737
3735,0.352019349803467
3736,0.3520363727888168
3737,0.3521143396798814
3738,0.3521593256962245
3739,0.3524734705893893
3740,0.35247497592989946
3741,0.35258707119706345
3742,0.3528342608340296
3743,0.3529531412912783
3744,0.35304702486817996
3745,0.35306369846661856
3746,0.35312265382905916
3747,0.3531933194374777
3748,0.3533199860476646
3749,0.35333986668990985
3750,0.35343402542434205
3751,0.3534683657990342
3752,0.3536758864082271
3753,0.3538212071735356
3754,0.3538782063849192
3755,0.3539709697726525
3756,0.3540039783843541
3757,0.3542444096129723
3758,0.35452891265609326
3759,0.3546160026408026
3760,0.3546193401856343
3761,0.35478590699752605
3762,0.35495647760057
3763,0.35503000032897114
3764,0.3550783512479037
3765,0.3551931438216613
3766,0.3553162802872791
3767,0.3553218515483603
3768,0.35542079849809083
3769,0.35548917169887273
3770,0.3555321067806889
3771,0.3555459257837794
3772,0.35556365595768646
3773,0.355572382031895
3774,0.3555818151785407
3775,0.3557267785951802
3776,0.35573383936419156
3777,0.355786445540165
3778,0.3558540139496615
3779,0.3558881960389431
3780,0.3560114467800129
3781,0.3562070668042608
3782,0.3562202665094931
3783,0.35625924687457816
3784,0.35630759319384236
3785,0.3565829619816516
3786,0.35663913248058876
3787,0.35668824690881157
3788,0.3566939873727771
3789,0.35670004498782265
3790,0.35686017868665065
3791,0.3572194630830766
3792,0.3573425128463791
3793,0.3574215465804689
3794,0.35742783694850067
3795,0.357840758587997
3796,0.35786192074332723
3797,0.3579077323258266
3798,0.3580436441725985
3799,0.35808836140477684
3800,0.3581452177782928
3801,0.3581703831565056
3802,0.35819738043775423
3803,0.3582284445209876
3804,0.35839385889879405
3805,0.35861162662653817
3806,0.35871872994432424
3807,0.35883303936748284
3808,0.3589465799113066
3809,0.35907096995968363
3810,0.3591146866301212
3811,0.3591209840954161
3812,0.3591261849753635
3813,0.35927089930448125
3814,0.359295852253869
3815,0.35933407621012986
3816,0.3594017669226136
3817,0.3594103239662997
3818,0.35948829268337135
3819,0.35954392247365347
3820,0.35956083670470546
3821,0.3596446053274966
3822,0.3596619658732255
3823,0.35973667603530357
3824,0.3600450607840784
3825,0.36008412656321775
3826,0.36033361043197565
3827,0.36048393894164044
3828,0.36062508995854037
3829,0.3606504067188547
3830,0.3606982927256393
3831,0.3607807495262678
3832,0.36099851202742006
3833,0.36100758299149216
3834,0.3610958152209174
3835,0.361128561761937
3836,0.361160261697122
3837,0.36150302846822013
3838,0.3615117716622024
3839,0.3617203237771529
3840,0.3617765164453927
3841,0.3618140429319646
3842,0.3619408242073524
3843,0.3620126355436558
3844,0.3621410202312375
3845,0.36227976504022197
3846,0.36228850199793683
3847,0.3623791804513493
3848,0.36244778535427896
3849,0.362705565484434
3850,0.3628631156479298
3851,0.36314770244371275
3852,0.3633457266275715
3853,0.3634535516082445
3854,0.3635277660151303
3855,0.36369001854441946
3856,0.3637871926417396
3857,0.36381467076052937
3858,0.36383153596972756
3859,0.363925173989103
3860,0.3639638103782954
3861,0.3639831257964547
3862,0.36420714136854454
3863,0.36422502358243286
3864,0.36434801128069194
3865,0.36437635282116365
3866,0.3644000516909828
3867,0.36444975708575567
3868,0.364495712066062
3869,0.36451315551667274
3870,0.3645360462705858
3871,0.36460566843183667
3872,0.36476985115776434
3873,0.3648233904593708
3874,0.36503870391871157
3875,0.36505462753441903
3876,0.36540804761382323
3877,0.36541732556329604
3878,0.36545568266843614
3879,0.3654897758556396
3880,0.3654994692831316
3881,0.3658978980380765
3882,0.3660134847427782
3883,0.36615472247825476
3884,0.3662876386215695
3885,0.36640935758650345
3886,0.3664610848696342
3887,0.3665274615849738
3888,0.3665316831316892
3889,0.3666491979167637
3890,0.3666635898983486
3891,0.3666652887060282
3892,0.3667305707987993
3893,0.3667861668362948
3894,0.3668090706016616
3895,0.36683254966794604
3896,0.36705228079211233
3897,0.3671445080329217
3898,0.3672028491500745
3899,0.36724284106709754
3900,0.36725093500025124
3901,0.3673010899936539
3902,0.367315063713115
3903,0.36750410607867234
3904,0.36751804956813044
3905,0.3675663170353893
3906,0.3676180924465125
3907,0.36763470924195196
3908,0.3676607653788021
3909,0.3677160449029204
3910,0.3677216727085362
3911,0.3677411051375741
3912,0.36834271310356664
3913,0.3687608539108169
3914,0.36881278640647674
3915,0.3688501875554875
3916,0.3689275573136895
3917,0.36899163996104495
3918,0.3690737546837459
3919,0.36909986640313863
3920,0.36923222392299704
3921,0.36928762457030223
3922,0.3693409675507688
3923,0.36941454024625336
3924,0.36947909790520944
3925,0.3695481821045141
3926,0.36964316438873057
3927,0.3696551056211905
3928,0.3696766723341246
3929,0.3697257469809766
3930,0.3697384253820746
3931,0.37012384003526855
3932,0.370196535351292
3933,0.3703301581705481
3934,0.3704197494597205
3935,0.37059688258931306
3936,0.3706363081790272
3937,0.37098633789580776
3938,0.3710169442402277
3939,0.3710334518351019
3940,0.3710855827843072
3941,0.3711763914627782
3942,0.37123495607242846
3943,0.3712853711271807
3944,0.37131856793098145
3945,0.3713406451026267
3946,0.3715140497058527
3947,0.37161098785987773
3948,0.37161591027200364
3949,0.37174168740403896
3950,0.3718128920697628
3951,0.37192099412723617
3952,0.3722006523166765
3953,0.3722988022155214
3954,0.3723286119601468
3955,0.37248632749510996
3956,0.3725659692773199
3957,0.3728142744115691
3958,0.3729744899963826
3959,0.3731523788704816
3960,0.37331580055760094
3961,0.3733295754033384
3962,0.37337776484248214
3963,0.3734016951913022
3964,0.37355408906038734
3965,0.37355955738323854
3966,0.37357475828624415
3967,0.3737376417355598
3968,0.3740216047685342
3969,0.37414279867073996
3970,0.3741992016799698
3971,0.37426939325213426
3972,0.37430394486036433
3973,0.3743305527213573
3974,0.3745220471004237
3975,0.37457381692556213
3976,0.37463868429543484
3977,0.3747414250809487
3978,0.37494142654815726
3979,0.3751281718368036
3980,0.3751409223313873
3981,0.37528154545681813
3982,0.3753112983597019
3983,0.37540121197705006
3984,0.3754343219906277
3985,0.3755467055363099
3986,0.3755654367885253
3987,0.3756797212779646
3988,0.3757239846052222
3989,0.3759531254097414
3990,0.37600167857877526
3991,0.376091076165619
3992,0.37618708829439346
3993,0.37639081661528123
3994,0.3763968467792576
3995,0.3766658048100639
3996,0.37666676935589466
3997,0.37685388383754076
3998,0.3768779040225919
3999,0.37694005781503825
4000,0.37700674485773156
4001,0.3771100456876636
4002,0.3771217544103237
4003,0.37715636904418554
4004,0.3772059279818132
4005,0.3772854909115737
4006,0.37734577584329854
4007,0.3773537342624029
4008,0.3773554421367073
4009,0.3773910880461235
4010,0.3774639824395308
4011,0.37758914511681446
4012,0.377630581290865
4013,0.3777084945438015
4014,0.37790475593683154
4015,0.3780797780861128
4016,0.3780962141812686
4017,0.378196990640052
4018,0.3782303885410784
4019,0.37845201065871725
4020,0.3784918727014029
4021,0.3786801673600846
4022,0.37872441952971747
4023,0.3788584282822339
4024,0.37889242724169736
4025,0.3790329452576725
4026,0.379056123455807
4027,0.3790694400807924
4028,0.37949917231336233
4029,0.3795799453137441
4030,0.37967971847846
4031,0.379731829049723
4032,0.37977020813761875
4033,0.37981300417904174
4034,0.3798204589837574
4035,0.37987356109010467
4036,0.37988969453926136
4037,0.38028643347828056
4038,0.38029324773024625
4039,0.38038404233962897
4040,0.3804952283349756
4041,0.38053576022350066
4042,0.3806144041593964
4043,0.38066105502856873
4044,0.38089088039837216
4045,0.38114602503102263
4046,0.38121830873627566
4047,0.3812762890850709
4048,0.38133270530461133
4049,0.38140978674418763
4050,0.381422525958447
4051,0.3816752218682718
4052,0.3817151773426027
4053,0.38185567787170244
4054,0.3819263169731592
4055,0.38206447734391
4056,0.38213132906447145
4057,0.3822668521928534
4058,0.38233600794134603
4059,0.38255899725669595
4060,0.38260241032740294
4061,0.3826849432573328
4062,0.3827087196475506
4063,0.38275002838192773
4064,0.3829761116096483
4065,0.38300735565506694
4066,0.38306417547169297
4067,0.3831787850878386
4068,0.3832063872724504
4069,0.38322451536420743
4070,0.38354323405542345
4071,0.3835657163681815
4072,0.3835797541431472
4073,0.3836496576595701
4074,0.38366718989919935
4075,0.3837493091050226
4076,0.3838326636421243
4077,0.38385981541443925
4078,0.3840265829704058
4079,0.384133775372666
4080,0.38415756501149634
4081,0.38421372064947384
4082,0.3842259396304683
4083,0.38432109688275634
4084,0.3843485870571073
4085,0.3843945241268586
4086,0.3844840543470859
4087,0.3844990205540807
4088,0.3846281898201719
4089,0.38468771191094636
4090,0.3847177269054847
4091,0.3848410646250504
4092,0.38485603307091953
4093,0.384944354685596
4094,0.3849888435212337
4095,0.3851410500712455
4096,0.3851525708408355
4097,0.38516667284835
4098,0.38528580898087006
4099,0.3855177207303545
4100,0.3855230839837025
4101,0.38555358443036153
4102,0.3855754035232234
4103,0.3855773671073238
4104,0.3857445014461265
4105,0.38574701755380725
4106,0.38583206999601527
4107,0.3858994885367565
4108,0.386268266112453
4109,0.38628441938411007
4110,0.38630446515794936
4111,0.3863213262491405
4112,0.3864550436735965
4113,0.38664734626829955
4114,0.386662073345856
4115,0.3867322264072903
4116,0.386787539756556
4117,0.38680338818146676
4118,0.3868090693775895
4119,0.38681886503476715
4120,0.38692949322222536
4121,0.3869347507145092
4122,0.3869665968235937
4123,0.3872496441023233
4124,0.3874312169069739
4125,0.38749667506797525
4126,0.38783500595715403
4127,0.3879530113039601
4128,0.38795303645877
4129,0.38803878408682485
4130,0.3882519632401698
4131,0.38825533350672914
4132,0.3884474716814355
4133,0.38864611962405643
4134,0.3889212382476148
4135,0.38927182255166515
4136,0.38939345536194014
4137,0.3895891703053881
4138,0.38959905860273897
4139,0.3896249106741014
4140,0.3898415732663921
4141,0.38990193788504873
4142,0.3901509696520828
4143,0.39024128280289955
4144,0.3902525751151034
4145,0.3908384345836794
4146,0.3909408469230915
4147,0.3912045042203003
4148,0.39123274737946373
4149,0.39136639135350976
4150,0.3913823015803581
4151,0.39151947404825327
4152,0.3917621469306451
4153,0.3917904614995326
4154,0.39179496931291746
4155,0.39180850094979824
4156,0.3918704825955265
4157,0.39191474648963187
4158,0.3919378727825382
4159,0.39212439951273936
4160,0.39223963786118954
4161,0.39224818970599973
4162,0.3924708154147926
4163,0.3926134994491884
4164,0.39263487312367734
4165,0.392725917672828
4166,0.3928741299524559
4167,0.3929047093187917
4168,0.39293437518100083
4169,0.3930075472019624
4170,0.39302566987186544
4171,0.39333940775483345
4172,0.3934588024471254
4173,0.3934832119150974
4174,0.3934871262337153
4175,0.39350634902434034
4176,0.3935933428226425
4177,0.39365623718561643
4178,0.3937334831678522
4179,0.39390695351323596
4180,0.3939100795428483
4181,0.3940215770042186
4182,0.3941587119061335
4183,0.394212325328923
4184,0.3943022305567016
4185,0.3943169344777786
4186,0.3943398017294538
4187,0.3943609955131554
4188,0.3944507295945968
4189,0.3944746915368903
4190,0.39453902905901583
4191,0.3945537321382127
4192,0.3946382949974097
4193,0.39466722314249775
4194,0.39469515433441255
4195,0.3950229178981269
4196,0.39509101848554856
4197,0.3951333994335305
4198,0.3952012703900027
4199,0.39525864735118815
4200,0.3955142328307667
4201,0.39554368799173184
4202,0.3956320539248332
4203,0.3958760552858774
4204,0.3959450366423869
4205,0.3961699355998114
4206,0.3964403976102202
4207,0.3965915345195754
4208,0.39660000974260556
4209,0.396615567816257
4210,0.3967092549598577
4211,0.3967232112935786
4212,0.39677331002495414
4213,0.39685035190470214
4214,0.3969885981194752
4215,0.39709742675676085
4216,0.39714226225451443
4217,0.39724624448512735
4218,0.39725272553318103
4219,0.3974067939390099
4220,0.39741923984477473
4221,0.39756416630806984
4222,0.3976922204863967
4223,0.3977261548064139
4224,0.3978984698800733
4225,0.39804981967955766
4226,0.39808781175770824
4227,0.39819196848228644
4228,0.39828371609206176
4229,0.3985045827843539
4230,0.39861148914751354
4231,0.39871461578051204
4232,0.39873751411611863
4233,0.39885353792959005
4234,0.3989190109219724
4235,0.3989849934144594
4236,0.3990654769099921
4237,0.3991233458067779
4238,0.39919957057633393
4239,0.39926999911732064
4240,0.3993517270505549
4241,0.39936899392243336
4242,0.399369331293258
4243,0.399645748617634
4244,0.39966913116328895
4245,0.39976504114921285
4246,0.3997760557775159
4247,0.3997830624974979
4248,0.3997900841495748
4249,0.399805075874445
4250,0.40022727072930886
4251,0.40031040423614495
4252,0.4004474126585329
4253,0.4005703631813469
4254,0.4006445447051223
4255,0.40076957837354477
4256,0.40082208274505793
4257,0.400893983718747
4258,0.40131055912706537
4259,0.4013833695053774
4260,0.401388491754295
4261,0.40149189599263674
4262,0.4015620112108261
4263,0.4016113322447403
4264,0.40175223883798583
4265,0.4019925761842861
4266,0.40209291336679565
4267,0.4022747435963392
4268,0.40232364544579935
4269,0.4023524008453656
4270,0.4025153562338031
4271,0.4025330988351419
4272,0.40255797425872125
4273,0.40270812173529635
4274,0.40272207322635756
4275,0.40282551433401836
4276,0.40283209495190253
4277,0.40296138056750375
4278,0.4029719583922332
4279,0.4030126763929345
4280,0.40304962098219466
4281,0.403058595121713
4282,0.40317999131211124
4283,0.4032103953677332
4284,0.4032650503730676
4285,0.40359611133262463
4286,0.4036584824445736
4287,0.4036858306271014
4288,0.40395225370088106
4289,0.40407766452099503
4290,0.40441193636861916
4291,0.40451681324970423
4292,0.404569756945801
4293,0.40461752440132914
4294,0.40478005914889903
4295,0.4048015463215644
4296,0.4048061083589803
4297,0.404898483481759
4298,0.4049338893846738
4299,0.4049498881012008
4300,0.4049531956906216
4301,0.40515479671190735
4302,0.40522389620439414
4303,0.4052838551380964
4304,0.40542679814898885
4305,0.4059336519253539
4306,0.40608621780937515
4307,0.406120268254736
4308,0.4061765051230396
4309,0.40626438955683625
4310,0.4063668938261406
4311,0.4064076192602812
4312,0.4064454681233377
4313,0.4066013612093523
4314,0.40669993926961656
4315,0.4067333769972803
4316,0.40676583376122777
4317,0.4068426300031822
4318,0.40685321711910416
4319,0.4068551845366768
4320,0.4068934396920262
4321,0.40695543273030094
4322,0.4071535673627455
4323,0.407374955573381
4324,0.40758937501556913
4325,0.40785616138104114
4326,0.40792669232371986
4327,0.4079950576349283
4328,0.4081429004812948
4329,0.40838656605111096
4330,0.4083947112729233
4331,0.40843236445119097
4332,0.408451841439799
4333,0.4084955829321614
4334,0.4085113646855327
4335,0.4086087881825835
4336,0.4086240926979082
4337,0.4087869744275999
4338,0.4088647150396986
4339,0.4090980887435937
4340,0.4093281224009225
4341,0.40938222178887046
4342,0.40946712970012566
4343,0.40950659151123336
4344,0.4095225850547425
4345,0.40960202798917333
4346,0.40961398866092313
4347,0.40975549311608034
4348,0.4097694624415691
4349,0.409819338377987
4350,0.4101132759105629
4351,0.41012415802791613
4352,0.4102473834014162
4353,0.41027400844398754
4354,0.41038847693312386
4355,0.41056765034768417
4356,0.4105890495300708
4357,0.4106765546469666
4358,0.4107421474757014
4359,0.4107598114291005
4360,0.41076209747721165
4361,0.4108193227058317
4362,0.41090779806041533
4363,0.4109591247459742
4364,0.4109722306397859
4365,0.41107082234775233
4366,0.41113197257508843
4367,0.41115007635308704
4368,0.4111613378658798
4369,0.4111874458394979
4370,0.41121980449329026
4371,0.4112227916596612
4372,0.4113558126921283
4373,0.41150561897613136
4374,0.4115633471768253
4375,0.4116089689883109
4376,0.411630793650828
4377,0.41179509449514773
4378,0.41184197997863714
4379,0.41190738408943395
4380,0.411996476232097
4381,0.4121944148291977
4382,0.41230485878359496
4383,0.4128421359419921
4384,0.4128668738113716
4385,0.41297619133839597
4386,0.4131543984945617
4387,0.41319132353279175
4388,0.41329626504167194
4389,0.41340277935007275
4390,0.4138044440387528
4391,0.41380923199215575
4392,0.4140418015094584
4393,0.4143070156066183
4394,0.4144778051154449
4395,0.41455042738822495
4396,0.41460971669438706
4397,0.4146760227313572
4398,0.4147524904589136
4399,0.414784332228895
4400,0.4148313551978538
4401,0.41487263712201217
4402,0.41487713702887474
4403,0.41490024134476966
4404,0.414968359453911
4405,0.4149810137893368
4406,0.4150171437955648
4407,0.415065894251703
4408,0.4150659067354205
4409,0.41515387566113576
4410,0.4151801652837787
4411,0.4152421251798604
4412,0.4152492029044268
4413,0.41530542930393677
4414,0.4154932083398958
4415,0.4155273719337023
4416,0.41560320122900973
4417,0.41571642758504157
4418,0.4157359589335681
4419,0.4158304114132361
4420,0.41588677365933235
4421,0.41616964436242093
4422,0.41628960930101633
4423,0.4163079436334347
4424,0.4163580849933345
4425,0.4163944116750085
4426,0.4164482747982731
4427,0.416460763372812
4428,0.41713002599812476
4429,0.41717232366279433
4430,0.41719777717865925
4431,0.4176650667769115
4432,0.4176674892417709
4433,0.41768210275637263
4434,0.4177382459854674
4435,0.4178039470868441
4436,0.4178204616585498
4437,0.4178216550646218
4438,0.4178283362457148
4439,0.41787156089215094
4440,0.4179106494265805
4441,0.4180153180360829
4442,0.41820475388862083
4443,0.41821702623036355
4444,0.4183831213690454
4445,0.4185661685640227
4446,0.4186711714392051
4447,0.4187480102261566
4448,0.4188650008549509
4449,0.41900983225496136
4450,0.4190325220033608
4451,0.4190392341982682
4452,0.4191634418145228
4453,0.41925885788054273
4454,0.41926225284862717
4455,0.419400256197657
4456,0.4194626362037464
4457,0.4196834245855909
4458,0.4197302172846002
4459,0.419895897487647
4460,0.4199329971694248
4461,0.42004270746193806
4462,0.4202458997599633
4463,0.4202954274024894
4464,0.42032907986006723
4465,0.42033458163901133
4466,0.4205799090278024
4467,0.42058360369868386
4468,0.4206638770912382
4469,0.420720373101417
4470,0.42074287013347456
4471,0.42079196309461664
4472,0.42085746115732664
4473,0.4208615653464172
4474,0.4208878305090111
4475,0.42098605607836964
4476,0.4211664628301013
4477,0.42129341808784493
4478,0.42139546648672394
4479,0.42151981149636425
4480,0.4216296339675364
4481,0.4220351929734793
4482,0.42209985197843797
4483,0.42212314270272416
4484,0.4222674151441305
4485,0.42232893666275373
4486,0.42241922529271647
4487,0.42263786856808344
4488,0.4228114027328689
4489,0.4228272179665381
4490,0.42285869840110846
4491,0.42288983768150357
4492,0.42298150865516315
4493,0.42322496582057334
4494,0.4232892661729214
4495,0.42352766860643987
4496,0.423731448962106
4497,0.42390701547499743
4498,0.42390808922454765
4499,0.4239112099078521
4500,0.4239252376023162
4501,0.4240043998092414
4502,0.4242566632088801
4503,0.42432338111231616
4504,0.4244711232479079
4505,0.4244753268684849
4506,0.4246420030435062
4507,0.4246680902541141
4508,0.4251003953885618
4509,0.4253048684170244
4510,0.4253291870887287
4511,0.42542204354828167
4512,0.42570041528579033
4513,0.4257112910783311
4514,0.4257299564852151
4515,0.42606143489704573
4516,0.4262953603741483
4517,0.42639899278404847
4518,0.42651440513376004
4519,0.426769467483463
4520,0.4269128553820968
4521,0.4269561107570292
4522,0.42699734621243934
4523,0.427148961802465
4524,0.4272074957278026
4525,0.4272415626549878
4526,0.42726038707154906
4527,0.42728406627951215
4528,0.42741742040139663
4529,0.42759604784683386
4530,0.4279222122050061
4531,0.4279882407489622
4532,0.42800799582724985
4533,0.4281507896545994
4534,0.4282045133599246
4535,0.42825900059552735
4536,0.4283379511323606
4537,0.42854318646737405
4538,0.42858751366687614
4539,0.42859330707732063
4540,0.42862276894116463
4541,0.42868561713548964
4542,0.4287474610883543
4543,0.42880643524672574
4544,0.4288554505192494
4545,0.4288877661774672
4546,0.42891019104333555
4547,0.4292693021749027
4548,0.42930713137641946
4549,0.42934840454431344
4550,0.4293901141827454
4551,0.42944057803471825
4552,0.4294610537758491
4553,0.4295566980567373
4554,0.42968849518578744
4555,0.4298032991744011
4556,0.42988525799370664
4557,0.4299664277144309
4558,0.43004181924407703
4559,0.43011312430803594
4560,0.4302397813869243
4561,0.4302451886495612
4562,0.4302509278211287
4563,0.43030432797956836
4564,0.43032244488422805
4565,0.4303392951189196
4566,0.4304091001592318
4567,0.4304750986878703
4568,0.43047977895451917
4569,0.4305237028532772
4570,0.43073122465781766
4571,0.4307598510504935
4572,0.4307791994215227
4573,0.43089889220707506
4574,0.43130016579229785
4575,0.43140768270494845
4576,0.43143107159778676
4577,0.4315325705803866
4578,0.43155269560403636
4579,0.43155883466070327
4580,0.4315967113950112
4581,0.43165837734822354
4582,0.4317535177635941
4583,0.43179137609325136
4584,0.431997532103496
4585,0.43220191255086066
4586,0.43227402242372287
4587,0.43230663153718624
4588,0.4323156276290068
4589,0.43238673110813935
4590,0.4323981799278278
4591,0.432409908132999
4592,0.4324191786167299
4593,0.4325214980013068
4594,0.43262066856009074
4595,0.43277115480393347
4596,0.4328332383581738
4597,0.43289349466208815
4598,0.43289652565588793
4599,0.4329102847211262
4600,0.4329513441146419
4601,0.43302485823276315
4602,0.43321777587873855
4603,0.4333543677609571
4604,0.433697022825175
4605,0.4337893880757752
4606,0.43379001119325605
4607,0.43382168545335736
4608,0.43397022306538263
4609,0.4341549177630775
4610,0.4341634739410196
4611,0.434226405233434
4612,0.4343006269256117
4613,0.43436921412980306
4614,0.43452444496973053
4615,0.4346927947008018
4616,0.43470319593946916
4617,0.4347565604568995
4618,0.43488314861642496
4619,0.4349760188322017
4620,0.4351851327153027
4621,0.4352460698759123
4622,0.43532003066161706
4623,0.4353799205058968
4624,0.4356124369296103
4625,0.4357254942257101
4626,0.43573787730289804
4627,0.43584109694241
4628,0.4358549099165895
4629,0.4359272092590666
4630,0.4360014545887975
4631,0.4360439481050676
4632,0.4360825783281907
4633,0.4360985044056859
4634,0.4363733554865681
4635,0.4364585314322441
4636,0.43647188938680276
4637,0.4365369243014237
4638,0.43655595672547115
4639,0.4365679290692252
4640,0.4366268986209688
4641,0.4369231412181316
4642,0.437036786628234
4643,0.4371406432447577
4644,0.43722192922480596
4645,0.43728980252413874
4646,0.437324602662572
4647,0.4373659590112645
4648,0.4373733216938678
4649,0.4376606868857159
4650,0.4378085061730028
4651,0.4378818559685308
4652,0.43796077553489776
4653,0.4379802111464828
4654,0.43806462959844894
4655,0.43820609259916754
4656,0.43826613029859973
4657,0.4382770143190924
4658,0.4383096088617643
4659,0.43847128525636847
4660,0.43861988094974375
4661,0.4386985986318856
4662,0.43873785888220357
4663,0.4387386668910308
4664,0.43878205151812405
4665,0.43945814874971234
4666,0.4395554780460407
4667,0.4396105000535025
4668,0.4396872600743798
4669,0.43969840139662136
4670,0.4397870634367519
4671,0.44005600994235533
4672,0.4401270977847389
4673,0.44016263924899346
4674,0.4403063784109479
4675,0.44032644283902367
4676,0.4403330353689533
4677,0.4403505776972603
4678,0.44059301932018774
4679,0.4406412784921248
4680,0.4406871524267625
4681,0.44093515256016214
4682,0.44105127617631207
4683,0.44119798156335066
4684,0.44152086236694027
4685,0.4416620357304019
4686,0.44177462846552495
4687,0.4418631310524437
4688,0.442258037392521
4689,0.44257863083373716
4690,0.4426048772720804
4691,0.4428273355682536
4692,0.4428910919586637
4693,0.4429308433618203
4694,0.44294290880647635
4695,0.4431769638214441
4696,0.44332157071330713
4697,0.44335823840230804
4698,0.44353255330291685
4699,0.4436459215011159
4700,0.44367757079338843
4701,0.4438798502829531
4702,0.4439020012218001
4703,0.4439458243387595
4704,0.44397335112918473
4705,0.44408882519279885
4706,0.4445847824729768
4707,0.44483185492248
4708,0.44486933564250875
4709,0.4451275573414059
4710,0.44517884984716466
4711,0.4452300434001234
4712,0.4453467544022164
4713,0.4453542433286226
4714,0.4454547829842336
4715,0.4455048482962227
4716,0.44557889785730076
4717,0.4456033774597524
4718,0.44579415723652416
4719,0.4458129309048636
4720,0.4458490913573758
4721,0.44592911593483214
4722,0.4460880056403122
4723,0.44619903440479064
4724,0.4463386622714225
4725,0.44640265322311734
4726,0.44652725122274917
4727,0.44657605596298455
4728,0.4466141897214878
4729,0.44671548087550317
4730,0.4468314099531444
4731,0.4468677007444695
4732,0.44709134682411794
4733,0.4472265164884455
4734,0.4472798201629851
4735,0.4473429327657601
4736,0.4475841103586482
4737,0.44764678321787393
4738,0.4477751780775662
4739,0.44784036895376705
4740,0.44785930871575746
4741,0.4484202717178532
4742,0.4485788015687152
4743,0.448854553346532
4744,0.44896239547755046
4745,0.4491236673482452
4746,0.44919012053031265
4747,0.449242671419189
4748,0.4492837211088844
4749,0.4497788698844742
4750,0.4498416414580607
4751,0.4498746401390668
4752,0.44998850646541305
4753,0.4503118091550889
4754,0.45040025237576514
4755,0.45044978576813505
4756,0.45053297062549913
4757,0.4505876333945345
4758,0.45061609592114055
4759,0.4506169350727139
4760,0.4507593225457897
4761,0.45084765617370237
4762,0.4509167852208369
4763,0.45096138045793055
4764,0.45105630538196195
4765,0.4511894885947134
4766,0.45159456932047237
4767,0.4516132085060819
4768,0.4516420037053158
4769,0.4517993261665465
4770,0.45186062472284944
4771,0.4518668689462156
4772,0.4519112445116175
4773,0.45205682477740117
4774,0.45210957957662334
4775,0.45211808680066484
4776,0.45212028208567917
4777,0.4522038165312425
4778,0.4523099466288451
4779,0.4523515417701754
4780,0.4525411934134214
4781,0.45275627483591324
4782,0.45276560262847004
4783,0.45283290650790947
4784,0.4528878265022191
4785,0.4532284012755447
4786,0.45336457814014025
4787,0.4534919385062624
4788,0.45358645492453425
4789,0.45363228362542213
4790,0.45363532779059107
4791,0.45363687464991875
4792,0.4537545179126137
4793,0.4537590632426437
4794,0.45377486586528215
4795,0.453899025263777
4796,0.45394647246719766
4797,0.45395760860973633
4798,0.45404472169076987
4799,0.45412050637446505
4800,0.45414936712923665
4801,0.4542091918647457
4802,0.4542565603212705
4803,0.4543550084599037
4804,0.45441848127716483
4805,0.4545129291205369
4806,0.4546034339254282
4807,0.45466113713394213
4808,0.45473305393261015
4809,0.4549260021281661
4810,0.4553235508938311
4811,0.45534887102622096
4812,0.45574436997688295
4813,0.4557477734566442
4814,0.455842998403992
4815,0.45587373631147554
4816,0.45589543781137
4817,0.456062025621371
4818,0.45611222680811536
4819,0.4562703355542741
4820,0.4563611286236675
4821,0.45639552155492435
4822,0.45641242679034677
4823,0.4564925863832142
4824,0.4565830034808681
4825,0.4566855623167615
4826,0.4567714780655726
4827,0.4567980204225184
4828,0.45709340436645574
4829,0.45720134594839945
4830,0.4572566849922248
4831,0.4573043376997694
4832,0.4574183265123343
4833,0.4575072955827869
4834,0.4575310373260638
4835,0.4576104601850719
4836,0.4576765948973085
4837,0.45777771348914653
4838,0.45780582077049814
4839,0.4578895417433324
4840,0.4579791982505315
4841,0.45813780130511206
4842,0.45815377769982946
4843,0.45848682434779797
4844,0.45852433955003813
4845,0.4585393954255226
4846,0.45874353148647395
4847,0.4588632260868618
4848,0.45893415186370623
4849,0.4590236269321374
4850,0.4590878237842695
4851,0.45945817716821147
4852,0.4595301025252432
4853,0.45979226012165564
4854,0.4597940895540541
4855,0.4598801694949979
4856,0.459896439119881
4857,0.4599309938165323
4858,0.45997862146495644
4859,0.4600257551020883
4860,0.4600880995013936
4861,0.4601724242794264
4862,0.46032047550864025
4863,0.46033311880314937
4864,0.4606428893886713
4865,0.4606843171779738
4866,0.4607292464116716
4867,0.46083684238102257
4868,0.4609802433703369
4869,0.4610584013469066
4870,0.46134615420837294
4871,0.46135526495119433
4872,0.46136431839979936
4873,0.46138848314188563
4874,0.46141829139035473
4875,0.4615062209990167
4876,0.46152481876188717
4877,0.46154570657583
4878,0.46157947215364803
4879,0.46163758407205613
4880,0.46168229241061476
4881,0.4617243583559672
4882,0.4618125118963027
4883,0.4619332312775778
4884,0.4622338750058974
4885,0.46234966533895105
4886,0.46255765617987055
4887,0.4627341539046941
4888,0.46296460814092527
4889,0.4629921159892098
4890,0.46307721621618797
4891,0.46315774706538493
4892,0.4631631389240686
4893,0.46324356922669135
4894,0.4632638227119126
4895,0.4634361141913628
4896,0.4635492076843584
4897,0.4635996996575163
4898,0.46366023853521904
4899,0.4637783542801678
4900,0.46383720105034854
4901,0.4641092488952394
4902,0.4642135713539337
4903,0.46428011844018036
4904,0.46430557312812465
4905,0.46445439819858286
4906,0.46451799354556716
4907,0.4645948138508907
4908,0.46462837472373775
4909,0.46468652348010847
4910,0.4647258722719984
4911,0.46480262207091955
4912,0.4649478840404632
4913,0.46504681814653626
4914,0.4651867101495598
4915,0.4651956898462304
4916,0.46538632567379146
4917,0.46553457497076345
4918,0.4655818746092601
4919,0.46560469578010666
4920,0.46582898785823534
4921,0.4659185264179234
4922,0.46594416424732443
4923,0.46622933154568796
4924,0.4662926147499363
4925,0.4663316244662238
4926,0.46650763437898457
4927,0.466571288689148
4928,0.46665244501946057
4929,0.46698964252632535
4930,0.4670293153487675
4931,0.4670548783301154
4932,0.4672682137757412
4933,0.4673069102571024
4934,0.46762378382806585
4935,0.46789808432413177
4936,0.4679793854540961
4937,0.4680863315633623
4938,0.468374706891309
4939,0.4684287436299629
4940,0.46853545936720953
4941,0.468567234961132
4942,0.4687370380040576
4943,0.46881639004865455
4944,0.46894033684401354
4945,0.4690469146924911
4946,0.46912211907018747
4947,0.4691228727194478
4948,0.4691898489844299
4949,0.46922946553078665
4950,0.46929540793077396
4951,0.4696204190408536
4952,0.46973067792366285
4953,0.4697340117866846
4954,0.46989302033945
4955,0.46989319707284416
4956,0.4702876910207301
4957,0.47090898702131756
4958,0.4710247866876357
4959,0.47115037382512803
4960,0.4712593369487291
4961,0.47153958875626667
4962,0.4715450054501136
4963,0.47163902475503205
4964,0.47172250052498876
4965,0.47188946076038746
4966,0.47197425329939463
4967,0.471976407774657
4968,0.4725061272247369
4969,0.4725118271107311
4970,0.4725477058227861
4971,0.4725618433016932
4972,0.4725916322422287
4973,0.47274330742917753
4974,0.4728483446705148
4975,0.47287338625393527
4976,0.47288472930552344
4977,0.4729507838559999
4978,0.4730288104257188
4979,0.4731696406681995
4980,0.4733376095848224
4981,0.4734716788671819
4982,0.4734822528219783
4983,0.47371442670192354
4984,0.47385232395947946
4985,0.47387550857778105
4986,0.4740129166740862
4987,0.47410367945703613
4988,0.47410374712929726
4989,0.4741436421949894
4990,0.4741888090915116
4991,0.47425324254348783
4992,0.47440154107977234
4993,0.4744043119998774
4994,0.47444201695295185
4995,0.4745752985456205
4996,0.47461649077925117
4997,0.47462649022850356
4998,0.47473534625527336
4999,0.47474318172172697
5000,0.4748275839310058
5001,0.4749506275122429
5002,0.4750323154118031
5003,0.47504871131136656
5004,0.4751432111017156
5005,0.4751999307843674
5006,0.47547640814761816
5007,0.4755132308339768
5008,0.47563551872868576
5009,0.47578055083894955
5010,0.47592131085328065
5011,0.47604668835028596
5012,0.47608270162317323
5013,0.4762394971443408
5014,0.4764247621727905
5015,0.47670025471971694
5016,0.476800182061408
5017,0.47682434488352643
5018,0.4768880202546891
5019,0.47692039291573496
5020,0.4769976084414245
5021,0.47699889803059176
5022,0.4770539253682256
5023,0.47709930771142545
5024,0.4772329085543378
5025,0.47736534222270005
5026,0.4774978721532172
5027,0.4775082920507649
5028,0.4776662448642685
5029,0.4776740167048614
5030,0.4777114772061007
5031,0.4777605032295999
5032,0.47777023017516485
5033,0.47777144779262093
5034,0.47791195710959156
5035,0.4780250207297028
5036,0.4781664151919582
5037,0.4782558802050139
5038,0.4782709540358849
5039,0.4783001895983582
5040,0.4784281533125093
5041,0.47846426222853106
5042,0.47853778972460514
5043,0.47863153627828015
5044,0.4786935554781784
5045,0.47871367970130746
5046,0.4787872868080298
5047,0.4787927399431341
5048,0.47893003671376355
5049,0.4792267950516009
5050,0.47940721266588154
5051,0.4794154790491933
5052,0.4795529653603415
5053,0.4795641081544081
5054,0.47959326313046974
5055,0.4796804589186039
5056,0.47969555036529976
5057,0.4798912128920161
5058,0.47990786987698414
5059,0.47992633942209967
5060,0.4800811182368299
5061,0.48014299865478277
5062,0.4802560857769225
5063,0.48030591813698487
5064,0.48050283715260367
5065,0.48053894911602973
5066,0.48064896537838214
5067,0.4807094812900227
5068,0.48072196172519965
5069,0.48077108096266685
5070,0.4807765270440272
5071,0.48085273130693074
5072,0.4809698508004836
5073,0.48098464476060454
5074,0.48100294035675467
5075,0.4813603160811223
5076,0.48141028699473376
5077,0.4815730576442437
5078,0.48159386937495374
5079,0.481686976901363
5080,0.48174177780182326
5081,0.4817810081864099
5082,0.48181644115169786
5083,0.4821590404939896
5084,0.482172392944094
5085,0.4822461707912139
5086,0.48248825090054415
5087,0.4827133287717126
5088,0.48279298669448345
5089,0.48283713264241546
5090,0.48284960926281945
5091,0.48319065140554435
5092,0.48337227109036035
5093,0.48339646098002115
5094,0.4834112250701366
5095,0.4835962420922593
5096,0.4836527785523371
5097,0.4837401652932355
5098,0.48376144171818264
5099,0.4840523380713195
5100,0.48408476483375873
5101,0.4841217628192216
5102,0.48415582568561977
5103,0.4843169486500314
5104,0.48438157381534463
5105,0.4844637041421279
5106,0.4846090510335087
5107,0.48465504400485404
5108,0.4847699168041899
5109,0.48481011587525535
5110,0.4848380952644342
5111,0.48486490055985254
5112,0.4849638975703824
5113,0.4850067907412282
5114,0.48503501913987257
5115,0.485164859407902
5116,0.4853590784576862
5117,0.4853840148709082
5118,0.48538759170212864
5119,0.4853919562106729
5120,0.4856562437419414
5121,0.485696599857363
5122,0.48573087450795505
5123,0.4857535936605859
5124,0.485844526828286
5125,0.48588686864649183
5126,0.48594494060857524
5127,0.48600633431333756
5128,0.486660798690225
5129,0.48676145972182944
5130,0.4867911102327997
5131,0.48679315442539456
5132,0.4868487123309752
5133,0.4868868925378937
5134,0.4872999449565341
5135,0.48732034657691664
5136,0.48738786261561867
5137,0.4874215463285459
5138,0.4874556625692022
5139,0.4875236213012022
5140,0.4876865725733248
5141,0.4879477650845697
5142,0.48798097946407337
5143,0.4881758350710257
5144,0.4881815885482552
5145,0.48828285452145725
5146,0.48857220764444076
5147,0.48858603739738915
5148,0.4889111513085026
5149,0.4890303199654381
5150,0.4892108245172555
5151,0.4892251489066747
5152,0.48929406139799014
5153,0.4892972516215235
5154,0.48972321286348475
5155,0.48976183283860675
5156,0.4900347422659964
5157,0.4900685070907027
5158,0.4901062259884219
5159,0.4901073008266711
5160,0.49028891815658215
5161,0.4903847130053711
5162,0.4904162778729193
5163,0.4904546421384839
5164,0.49047239984490776
5165,0.49062230647004157
5166,0.49088012347395693
5167,0.49093066556559806
5168,0.4910960567162622
5169,0.4911800264009065
5170,0.49120088259250627
5171,0.49135640066307057
5172,0.49137829112369275
5173,0.4914167226174681
5174,0.49146223141023954
5175,0.4916502101045101
5176,0.49172583706808465
5177,0.49182838449093774
5178,0.4918834231006795
5179,0.4919635333980677
5180,0.49196754010496235
5181,0.4919721872825058
5182,0.49201034062019705
5183,0.4920827733666013
5184,0.49218231959697223
5185,0.49218272262490004
5186,0.49222385877622143
5187,0.4923524844674873
5188,0.4923998307990035
5189,0.4924204682535862
5190,0.4925617790853484
5191,0.4925808617702666
5192,0.4927650818825975
5193,0.49276701178005394
5194,0.49283633122196047
5195,0.49284211054386495
5196,0.4929657905124083
5197,0.49305483931523353
5198,0.4930653344473609
5199,0.4932491601140209
5200,0.4932723415854186
5201,0.49340932002825405
5202,0.4934428422459838
5203,0.49351955594844227
5204,0.4937361986077892
5205,0.4939367826327139
5206,0.49402717307217825
5207,0.49421783175531686
5208,0.4942214317631508
5209,0.4942903484681581
5210,0.49435810551406356
5211,0.49438118627323524
5212,0.49440624587890947
5213,0.4944313806947076
5214,0.49445442214129776
5215,0.4945682631155133
5216,0.4946608019255876
5217,0.49468063989489397
5218,0.4947187706985421
5219,0.49478813702910934
5220,0.4948250913272125
5221,0.49483889787484053
5222,0.49499598314698295
5223,0.495030453181351
5224,0.49515279345564683
5225,0.4952845950458784
5226,0.4955285056434461
5227,0.4956090497518356
5228,0.49563268126675303
5229,0.49566759535590327
5230,0.49568250258473207
5231,0.49568355195855157
5232,0.49578168675370865
5233,0.4958722322123765
5234,0.49595561082592615
5235,0.49597785725061355
5236,0.49622512759285237
5237,0.4963208727297502
5238,0.49646140803743155
5239,0.49679633350094476
5240,0.49691663802779806
5241,0.49694800812884266
5242,0.49695418729265395
5243,0.49701417276349324
5244,0.49709225898591647
5245,0.4970970072156009
5246,0.4971917319852859
5247,0.4973296454061522
5248,0.4973897523593451
5249,0.4974354952246388
5250,0.4974633139707827
5251,0.4976182457255901
5252,0.4976284267933915
5253,0.4979067023809263
5254,0.49805804414574817
5255,0.49814929381255746
5256,0.4982240913175464
5257,0.49824283861135155
5258,0.4983216162657621
5259,0.49864085472990327
5260,0.4987076769457398
5261,0.4987916129886203
5262,0.4988469632274322
5263,0.49885532727576615
5264,0.49949424940715575
5265,0.49952309556635904
5266,0.4999288625301658
5267,0.49994355036186255
5268,0.500106750789898
5269,0.5001234718278764
5270,0.5002716568362895
5271,0.5003064868216062
5272,0.5003220476975487
5273,0.5005448278531432
5274,0.5010351622456273
5275,0.5013750978554703
5276,0.501464040675086
5277,0.5015095096436307
5278,0.5015330027272207
5279,0.5016485592661635
5280,0.501792182116273
5281,0.5018318981252146
5282,0.5018613397275997
5283,0.5018617725065265
5284,0.5020697362430241
5285,0.5020985803964957
5286,0.5022296328252676
5287,0.5022719859429274
5288,0.5023404930066668
5289,0.5023646077100157
5290,0.5025255136538105
5291,0.5026819222908191
5292,0.5029708112554467
5293,0.503000686787902
5294,0.5030553995733442
5295,0.5033220441379451
5296,0.5033561691037771
5297,0.50339574389118
5298,0.503518147309778
5299,0.5035630903337613
5300,0.5035876307493027
5301,0.5036182218971095
5302,0.5038606190594461
5303,0.5038818473995039
5304,0.5041450728163355
5305,0.504354046697372
5306,0.5044843448892374
5307,0.5044991108362707
5308,0.5045796710641648
5309,0.5048351281401924
5310,0.5050743578399762
5311,0.5051322745414811
5312,0.5051971646677105
5313,0.5052208229057749
5314,0.5053315832526138
5315,0.505338647894266
5316,0.5056525886115785
5317,0.5057411227022922
5318,0.5057990070302049
5319,0.5063127609835604
5320,0.506396525429169
5321,0.5064492815494492
5322,0.5064497497271986
5323,0.5064838749248151
5324,0.5066173178022686
5325,0.5069841105915929
5326,0.5070683388696455
5327,0.507102053634821
5328,0.5071897216072311
5329,0.5074184480659371
5330,0.5074559801078012
5331,0.5075857030701505
5332,0.5075954745680367
5333,0.5076207231885741
5334,0.507725836379839
5335,0.5078893385880623
5336,0.507937748631118
5337,0.5079888688849977
5338,0.5080152997036654
5339,0.5082674200159122
5340,0.5082980229293257
5341,0.5083619851702909
5342,0.5083980078479072
5343,0.5086008816627456
5344,0.5088637408359512
5345,0.5088953860156086
5346,0.5089398429982449
5347,0.5089403042299434
5348,0.5089904885041251
5349,0.5094528800212251
5350,0.5094647223441142
5351,0.5095151648669618
5352,0.5095285276018008
5353,0.5095912235405897
5354,0.509605317017856
5355,0.5098684330293888
5356,0.5099028769592742
5357,0.5100565582533809
5358,0.510097289034912
5359,0.5105218406618113
5360,0.5105372240576832
5361,0.5108221348698523
5362,0.5109981962435793
5363,0.5110758311854302
5364,0.5111179512583504
5365,0.5112906897570805
5366,0.5114916216149792
5367,0.5115364670586107
5368,0.5115469705081827
5369,0.511633530239624
5370,0.5117309019575579
5371,0.5117906920487534
5372,0.5117960942710303
5373,0.5119962346702648
5374,0.51218633742406
5375,0.5123315721483752
5376,0.5123648326928413
5377,0.5123822378584086
5378,0.5125705697221244
5379,0.5126892865711863
5380,0.512695453136904
5381,0.5128484795177025
5382,0.512859021472106
5383,0.5128743555547309
5384,0.5128928633323063
5385,0.5129236457710313
5386,0.5132565091629356
5387,0.5136226205735641
5388,0.513635426039895
5389,0.5137584132567989
5390,0.5138307673782274
5391,0.5138591415958239
5392,0.5139429055472214
5393,0.5139659219816866
5394,0.5140871829972996
5395,0.514224818484495
5396,0.5143620323656228
5397,0.5143655411557662
5398,0.5145074020996467
5399,0.5145527516290416
5400,0.5146197135319527
5401,0.5146303054308252
5402,0.5147999388740173
5403,0.5149174043538574
5404,0.5150257964341717
5405,0.5151863035384658
5406,0.5152112316902187
5407,0.5152385012627498
5408,0.515240999905037
5409,0.5153121214508372
5410,0.5154333347580382
5411,0.5154476377362167
5412,0.5155456172984059
5413,0.515760693005474
5414,0.5157862788024014
5415,0.5158285010422687
5416,0.5158476979345606
5417,0.5159756365597926
5418,0.516047408434001
5419,0.5168826982727991
5420,0.5169638245882362
5421,0.5169749481401318
5422,0.5169822885252917
5423,0.5170997327710467
5424,0.5171226176862485
5425,0.5171733262380872
5426,0.5171865831105085
5427,0.5173539384323065
5428,0.5174540893127075
5429,0.5175930949425078
5430,0.5176933971040489
5431,0.5180773204319571
5432,0.518088087481045
5433,0.5181624210036117
5434,0.5183101567438144
5435,0.5184079383964199
5436,0.5184814452955189
5437,0.5185768520851143
5438,0.5187433834526775
5439,0.5188680878708225
5440,0.518874640336639
5441,0.5192992867926843
5442,0.5193772405099665
5443,0.5194021148749695
5444,0.5194139304218255
5445,0.519593726997319
5446,0.5196769580655725
5447,0.5199114459294879
5448,0.520337567546733
5449,0.5205345880966741
5450,0.5205465577973751
5451,0.5205898307196863
5452,0.5207241394125989
5453,0.5207337862040091
5454,0.520746798685453
5455,0.5207942618111937
5456,0.5208128832201102
5457,0.5209007314864175
5458,0.5209876107589778
5459,0.5210087285650652
5460,0.5210245419271257
5461,0.5211107795259007
5462,0.5211332778445875
5463,0.5212260242495758
5464,0.5212281624323256
5465,0.5213164850517875
5466,0.521520228759828
5467,0.5215742576396758
5468,0.521578050336412
5469,0.5218069195923671
5470,0.5219273869457999
5471,0.5219287728223314
5472,0.5219919052828272
5473,0.522136829484847
5474,0.522377188794237
5475,0.5224333119701517
5476,0.522439268339299
5477,0.5224408739998341
5478,0.5227499417661382
5479,0.5229310284791437
5480,0.5229782983937622
5481,0.5229833165338118
5482,0.5229908850517805
5483,0.5230488994861309
5484,0.5230668138044446
5485,0.5231363252467376
5486,0.5231742973125653
5487,0.5232477279386631
5488,0.5233293902664721
5489,0.5234146425737849
5490,0.523416770007346
5491,0.5234631570778346
5492,0.5235108741506742
5493,0.523511084827333
5494,0.5235362604942659
5495,0.523611583347263
5496,0.5237118064968234
5497,0.5238236728837485
5498,0.5239018328156994
5499,0.5240983053250788
5500,0.5241599092402192
5501,0.5243647062664007
5502,0.5245857458892643
5503,0.5246583883432857
5504,0.5247521298611216
5505,0.5247642485425488
5506,0.5247656772912186
5507,0.5248526888683033
5508,0.5250484632905614
5509,0.5251434945907816
5510,0.5251697387322932
5511,0.5252579811499349
5512,0.5252583991370128
5513,0.5254353885087304
5514,0.5255389425202254
5515,0.5257217822691811
5516,0.5257311839855063
5517,0.525893438326748
5518,0.526013257514507
5519,0.5261201697429806
5520,0.5261205309829864
5521,0.5261831847747139
5522,0.5262310159288741
5523,0.5262440968014616
5524,0.5264145137348537
5525,0.526525445200522
5526,0.5265942340398804
5527,0.5267353073760781
5528,0.5267420370038072
5529,0.5268178399569995
5530,0.5268907967714402
5531,0.5269381012645534
5532,0.5272413718504356
5533,0.5273141466075982
5534,0.527336339620616
5535,0.5274029084916312
5536,0.5274642329540804
5537,0.5274820492042027
5538,0.5275737250667066
5539,0.5275909063439932
5540,0.5277359721620161
5541,0.5278659365765376
5542,0.5279647990911699
5543,0.5280368908718147
5544,0.5284627224686113
5545,0.5286410785161963
5546,0.5289393512704998
5547,0.5290237180003781
5548,0.5290365201553973
5549,0.5290385473584087
5550,0.529147973530982
5551,0.5292685543833867
5552,0.5293243175943919
5553,0.5294310546850131
5554,0.5295979959888448
5555,0.529646990972763
5556,0.5296541008751144
5557,0.5298230567191112
5558,0.5300482180860254
5559,0.5300844388382675
5560,0.5303049434457142
5561,0.5305881392138512
5562,0.5306583283315844
5563,0.5306786260123508
5564,0.530968250802048
5565,0.5309969929420355
5566,0.5311240653692658
5567,0.5312200896801678
5568,0.5312908337287279
5569,0.5313836255157199
5570,0.5313981785729126
5571,0.5314771262046246
5572,0.5315358971810367
5573,0.5316536099168064
5574,0.5317629072113861
5575,0.5317853807716593
5576,0.5319448959544271
5577,0.5319515069749298
5578,0.5319675345494214
5579,0.5320595067812749
5580,0.5320848505661417
5581,0.532169002290322
5582,0.5322178411490448
5583,0.532442765154192
5584,0.5327672951931002
5585,0.5328433247954313
5586,0.5329883949062264
5587,0.533024830146987
5588,0.5330555827253248
5589,0.5332270790736228
5590,0.5332997222429968
5591,0.533447746778182
5592,0.5335108439395391
5593,0.5336810539930131
5594,0.5337318718808339
5595,0.5337747093163776
5596,0.5340429034023226
5597,0.5340783302937291
5598,0.5341644759109306
5599,0.5341834997324615
5600,0.5341888259636471
5601,0.5346167926719394
5602,0.534639574901078
5603,0.5346672607727846
5604,0.5348840182192613
5605,0.5349724532634117
5606,0.535373570436446
5607,0.535577373886509
5608,0.5355797603171341
5609,0.5355838629087916
5610,0.535584377492165
5611,0.5355995240537659
5612,0.5356042858476914
5613,0.5356692066797021
5614,0.5357215854294247
5615,0.5358065743552736
5616,0.5358481714408764
5617,0.53587878191972
5618,0.5358822375315628
5619,0.5360053772407901
5620,0.5360127427980534
5621,0.5360278405464007
5622,0.5362162347863259
5623,0.5362661489420693
5624,0.5363374231906919
5625,0.5364870106409239
5626,0.536597867124452
5627,0.5366663182199507
5628,0.5366767615380601
5629,0.5367581502109127
5630,0.536759328745948
5631,0.5367847654996825
5632,0.5368371067686686
5633,0.5369884205931466
5634,0.5370641156264324
5635,0.5371245918548462
5636,0.5371353275963048
5637,0.5372029234330049
5638,0.5372342786795175
5639,0.5374702767028836
5640,0.5375287647613387
5641,0.5376228701173605
5642,0.5376968700382448
5643,0.5377021647586792
5644,0.5378327548208293
5645,0.5382832063600125
5646,0.5383257805565352
5647,0.5383327556577269
5648,0.5385027523686536
5649,0.5385418322454912
5650,0.5386707369374832
5651,0.5386990400083266
5652,0.538738965910688
5653,0.5388589119216425
5654,0.5391037550218848
5655,0.5391132506380473
5656,0.539303930933797
5657,0.5393233558076618
5658,0.5394533737783083
5659,0.539453860758769
5660,0.5397882753372077
5661,0.5399311920254009
5662,0.5402313204536595
5663,0.5402718541326842
5664,0.5404403006523847
5665,0.5406121286250445
5666,0.5407365985626589
5667,0.5407576327957084
5668,0.5408230023933118
5669,0.540968690893204
5670,0.5410763184902951
5671,0.5411154462553096
5672,0.5411242602927078
5673,0.5412486266884983
5674,0.5413653064647962
5675,0.5414134530521955
5676,0.5415663724740715
5677,0.5417036996881436
5678,0.5418339984053573
5679,0.5419870651651947
5680,0.5420986336350259
5681,0.542202018943772
5682,0.5423003089792786
5683,0.5425652587600804
5684,0.5427116289601237
5685,0.5427630009912497
5686,0.5428965736577924
5687,0.5429355119348223
5688,0.5430565072213999
5689,0.5432450580011143
5690,0.5432524857922353
5691,0.5434909953526577
5692,0.5434969930180554
5693,0.543782642120806
5694,0.5439106901760151
5695,0.543955206451482
5696,0.5439852242670444
5697,0.5439863734733293
5698,0.544051497413657
5699,0.5441046112294957
5700,0.5442168756803492
5701,0.5442680614415335
5702,0.5443441264452222
5703,0.5445886842281764
5704,0.5445958056153088
5705,0.5446368890654542
5706,0.5448916216740577
5707,0.545008983054519
5708,0.5450982944584323
5709,0.5451064933408187
5710,0.5451370407830112
5711,0.5451812450794845
5712,0.5453631666060781
5713,0.5454428861841322
5714,0.5455573276488828
5715,0.5455730817584266
5716,0.5457942038034914
5717,0.5458312839617061
5718,0.5458687068936633
5719,0.5459459768371896
5720,0.5459681678126235
5721,0.5459913249131259
5722,0.5460461893972264
5723,0.5462089286708093
5724,0.5462173602790386
5725,0.5463295297863341
5726,0.5463435131522807
5727,0.5463881715218998
5728,0.5466048519496695
5729,0.5466430873837141
5730,0.5467423756560321
5731,0.546997383327892
5732,0.547231870110648
5733,0.5472336981073439
5734,0.5472736615179464
5735,0.5474273848438407
5736,0.5475782333664616
5737,0.5477883014840296
5738,0.5477913994983105
5739,0.5478275183453335
5740,0.5478894484162485
5741,0.5479063478080094
5742,0.548018989553514
5743,0.5481471882135931
5744,0.548526319434011
5745,0.5485714613039065
5746,0.5485923904834478
5747,0.5486085625321224
5748,0.5486302547576918
5749,0.5486695939290059
5750,0.5487276578237148
5751,0.5488942407576972
5752,0.5489005257637709
5753,0.5489575146954405
5754,0.548968364340192
5755,0.5490172065451008
5756,0.5492100351845605
5757,0.5493465761280982
5758,0.5493665756351863
5759,0.5494242299857461
5760,0.5495747225186427
5761,0.5495878100567413
5762,0.5495924987720875
5763,0.5496947842211135
5764,0.5497107857358186
5765,0.5497345427222973
5766,0.5499418888590636
5767,0.5500523663567827
5768,0.5502071006036626
5769,0.5503256231300135
5770,0.5503425785108349
5771,0.5503454627464164
5772,0.5504495633536535
5773,0.550487940547472
5774,0.5505167095445974
5775,0.5505324812876535
5776,0.5505633545478219
5777,0.5507235714014724
5778,0.5511251956138974
5779,0.5513017361998932
5780,0.5516078238768717
5781,0.5516363727338738
5782,0.5516536822527632
5783,0.5517163705036922
5784,0.5517690575912002
5785,0.5518427224694397
5786,0.5522942884567641
5787,0.5523603593742313
5788,0.5523645149524291
5789,0.552383760648939
5790,0.5527771394174931
5791,0.5529391531903315
5792,0.5530548896877616
5793,0.5530603317712769
5794,0.5530972044542931
5795,0.5532580383314616
5796,0.5535632987779764
5797,0.5535949144727713
5798,0.5536228660415774
5799,0.5536559653922752
5800,0.5536716797057306
5801,0.5539546239273425
5802,0.5539772036024407
5803,0.5540704325624757
5804,0.554290355634181
5805,0.5545458578327527
5806,0.5547976291780904
5807,0.5548595584902107
5808,0.5548807431519875
5809,0.554921345530093
5810,0.555002071723286
5811,0.5552920306415736
5812,0.5555247495106352
5813,0.5556623580529992
5814,0.5557345262745567
5815,0.5557907864046209
5816,0.5559123774354373
5817,0.5559244889127621
5818,0.5561325764942676
5819,0.5562041003478044
5820,0.5562268336732085
5821,0.5562919051739617
5822,0.556316492706137
5823,0.5563175383707823
5824,0.5563400303396749
5825,0.5563559095918068
5826,0.556380642470728
5827,0.5564914497238721
5828,0.5565611110176357
5829,0.5566597751553548
5830,0.5567345965413082
5831,0.556990801431428
5832,0.5571029921648217
5833,0.5571775298341
5834,0.5572288326883761
5835,0.5573906614628374
5836,0.5575447861979015
5837,0.5575653069618371
5838,0.5576139626593782
5839,0.5577054978511304
5840,0.5579272750496433
5841,0.5579377116994855
5842,0.5579948467462106
5843,0.5581436826548576
5844,0.5582113765445957
5845,0.5582409417000037
5846,0.5583075935335785
5847,0.5585933002890304
5848,0.5586887486896384
5849,0.5589235035892075
5850,0.5590506126220885
5851,0.5594089507642416
5852,0.5594362675457698
5853,0.5596381974811044
5854,0.5596436918959257
5855,0.5596629875994351
5856,0.5597584645130748
5857,0.5599046463763067
5858,0.5604916312034091
5859,0.5605723985421809
5860,0.5608668906056857
5861,0.5611300906279825
5862,0.5611632963066281
5863,0.5611891743225604
5864,0.5612471044253509
5865,0.5615717053287339
5866,0.5616193568016787
5867,0.5617833696405559
5868,0.5617859498978502
5869,0.5619229418204981
5870,0.5620059752556835
5871,0.562010840338036
5872,0.5620749558246353
5873,0.5622087850301248
5874,0.5624000248067452
5875,0.5625207910026536
5876,0.5627358885847328
5877,0.562745333352925
5878,0.5627514746272254
5879,0.5627851604771925
5880,0.562795386953161
5881,0.5631251203552119
5882,0.5632064671656156
5883,0.5632566742388387
5884,0.5633152380775404
5885,0.5633317438490958
5886,0.563339917506882
5887,0.5633730019933344
5888,0.5634204516513581
5889,0.5634912573540963
5890,0.5635295523566699
5891,0.5635916699952763
5892,0.5637248970106703
5893,0.5639267538129601
5894,0.5639600110128312
5895,0.5640491376726238
5896,0.564131065540893
5897,0.564307650945662
5898,0.5643143697876054
5899,0.5643509598642797
5900,0.564353312131962
5901,0.5643675947053559
5902,0.5644971245497057
5903,0.5646896135404949
5904,0.5647028729747608
5905,0.5650105444811979
5906,0.5650220530281391
5907,0.5650342277638264
5908,0.5650384897630681
5909,0.5651313237976995
5910,0.5651605585908506
5911,0.5651676987202109
5912,0.5652280233119882
5913,0.5652322644574325
5914,0.5652367418357366
5915,0.5653244809088865
5916,0.5653748214899461
5917,0.5654619943925817
5918,0.5654726888244118
5919,0.5656010013753926
5920,0.5656438259756844
5921,0.5657496128993622
5922,0.5657642066636553
5923,0.565804703110776
5924,0.5658481314033063
5925,0.5658549135127164
5926,0.5658993617534427
5927,0.5660396400230507
5928,0.566090083186789
5929,0.5663494269784225
5930,0.5665407579658758
5931,0.5665823182610732
5932,0.5668036130812616
5933,0.5670040111449314
5934,0.5671361331861469
5935,0.5672482067821873
5936,0.5672592001731714
5937,0.5674223209506862
5938,0.5674228080900842
5939,0.5674859295652399
5940,0.5675364642555493
5941,0.5675680172574742
5942,0.5676123747030541
5943,0.5676950572371133
5944,0.5677180451969996
5945,0.5678485619719348
5946,0.5679111115067458
5947,0.5679347910015538
5948,0.5680365871733714
5949,0.5680909955058718
5950,0.5681696420440236
5951,0.5682497779623552
5952,0.5682498233332263
5953,0.5683261721724189
5954,0.568436604954657
5955,0.5684519330082067
5956,0.5684911653983346
5957,0.5685454984889177
5958,0.5685530163067118
5959,0.5686655582943204
5960,0.5686865050819405
5961,0.5689910850135539
5962,0.5691815406392725
5963,0.5691935401468387
5964,0.5693852897098244
5965,0.5694577644605106
5966,0.5696163696678328
5967,0.5696686948892026
5968,0.5696868151500305
5969,0.5699382818193497
5970,0.570117141377795
5971,0.5701519548957016
5972,0.5702782281969518
5973,0.5703011224146758
5974,0.5703383737411496
5975,0.5704897887610845
5976,0.5705191476967099
5977,0.5705961422277993
5978,0.5707034363620186
5979,0.5707052494402901
5980,0.5709948916577687
5981,0.5710966369163988
5982,0.5711616595514915
5983,0.5712798040933892
5984,0.5714051084149663
5985,0.5714918107160486
5986,0.5715277653941302
5987,0.5715848237717479
5988,0.5715867067660939
5989,0.5716302489319057
5990,0.5718825812618322
5991,0.5719631590790644
5992,0.5720198557463596
5993,0.5721235158454256
5994,0.572140035681817
5995,0.572177119543217
5996,0.5721773234281491
5997,0.5722138432143542
5998,0.5722429743694777
5999,0.5724723636799404
6000,0.5724801265289974
6001,0.5725524554257103
6002,0.5726804748131895
6003,0.5727005338028902
6004,0.5727048871194
6005,0.5727073840678296
6006,0.5727225696438506
6007,0.5727647281682384
6008,0.5729289629272672
6009,0.5729291045350482
6010,0.5729840340454102
6011,0.5730713064758666
6012,0.5731146165378963
6013,0.5731373595184381
6014,0.5731898309939772
6015,0.5732313210082454
6016,0.573276077061736
6017,0.5733656047614271
6018,0.5734135228695963
6019,0.5734456953848555
6020,0.5735722542013241
6021,0.5738458942141182
6022,0.5738619146002333
6023,0.5738751140700264
6024,0.5738954368747772
6025,0.5739537245909109
6026,0.5740813031949599
6027,0.574197340045832
6028,0.5743342343142762
6029,0.5743935237118211
6030,0.5744807565919572
6031,0.5745792901537902
6032,0.5745946468779318
6033,0.574964362448545
6034,0.5750282573412118
6035,0.5750413018139325
6036,0.5750868817689179
6037,0.5752717503470708
6038,0.5752812703509111
6039,0.5753193921100698
6040,0.5755597944382014
6041,0.5757392101815132
6042,0.5758018635429402
6043,0.5759174714844926
6044,0.5761737218120442
6045,0.5762239236774163
6046,0.5762530402885283
6047,0.5762729783874443
6048,0.5764061298321098
6049,0.5765099947021481
6050,0.576827204670948
6051,0.5770534965242777
6052,0.577074476989872
6053,0.5772648964770695
6054,0.577346004827559
6055,0.5774128699104837
6056,0.5775456039981542
6057,0.5776344497475304
6058,0.5778477688568142
6059,0.5779124810828911
6060,0.5779980851220718
6061,0.5780419540063031
6062,0.5782687328805726
6063,0.5783426739791022
6064,0.5783969941783187
6065,0.5784393430694229
6066,0.5784866835174607
6067,0.5786981921938738
6068,0.5789406660467653
6069,0.578985059578812
6070,0.5791203335377119
6071,0.5791618997779338
6072,0.5791782970477515
6073,0.5791968150078486
6074,0.5797790804828439
6075,0.5798659462464503
6076,0.5798781040319119
6077,0.5799068895073507
6078,0.5799294523197601
6079,0.5799553956835568
6080,0.5800505607954969
6081,0.5801631436772127
6082,0.5801743158073469
6083,0.5804581159887177
6084,0.5804790977263167
6085,0.5805698366917438
6086,0.5806066604042618
6087,0.5806774269564554
6088,0.580755768767466
6089,0.5808173436954576
6090,0.5811556284474487
6091,0.5811996322934725
6092,0.58123801401339
6093,0.5814581400480641
6094,0.5814706180271816
6095,0.5815804752085361
6096,0.5816983424881114
6097,0.5817088181866092
6098,0.5818231115062041
6099,0.5819939405900589
6100,0.5820822014162681
6101,0.5820840028075627
6102,0.5821068363038782
6103,0.5821332932389408
6104,0.5821334906188901
6105,0.582241401616395
6106,0.5823027848247565
6107,0.5823516008682601
6108,0.5823541980528796
6109,0.5824177867574101
6110,0.5824339020711581
6111,0.5825285150895332
6112,0.5826722544700632
6113,0.582919689972093
6114,0.5831022378520061
6115,0.5832844095537608
6116,0.5834084405982641
6117,0.5835899235533343
6118,0.5836095020612007
6119,0.583689976343999
6120,0.583787017220518
6121,0.583793757858323
6122,0.5838300895495034
6123,0.5838885468392667
6124,0.5839538096798669
6125,0.583959311789421
6126,0.5840332793742357
6127,0.584049664052827
6128,0.5840862784381572
6129,0.584115954755689
6130,0.584120042524105
6131,0.5841231416680829
6132,0.584190470686505
6133,0.5843836911906733
6134,0.5845214219394005
6135,0.5845952085612383
6136,0.5845976540556365
6137,0.584862236403483
6138,0.5849631167204542
6139,0.5850567050504819
6140,0.5852360273788876
6141,0.5855417264531929
6142,0.5855851604448218
6143,0.5856340386225374
6144,0.5856521753318199
6145,0.5858193509504657
6146,0.585820769421669
6147,0.5858411158919544
6148,0.5858926717111963
6149,0.586058573321617
6150,0.5861416558390992
6151,0.5861930647977955
6152,0.5862624734535115
6153,0.5863412852900995
6154,0.5864153761895747
6155,0.5864284559204744
6156,0.586738868769157
6157,0.5868061328849536
6158,0.5868836561700993
6159,0.5869308591343514
6160,0.5870388417776741
6161,0.5870457799329201
6162,0.5870773060056123
6163,0.5871022787339426
6164,0.5873141075282097
6165,0.5874928000954533
6166,0.5875995801427312
6167,0.587602285675775
6168,0.5877391252367862
6169,0.5879444005734349
6170,0.5879793109974369
6171,0.588034063911039
6172,0.588156573183243
6173,0.5881638962246746
6174,0.5881907069239849
6175,0.5882256882144731
6176,0.5882565930105692
6177,0.5883294998456144
6178,0.5883848398929324
6179,0.5887274624980214
6180,0.5888127842480912
6181,0.5888574921720522
6182,0.5889324474478683
6183,0.5890068512498715
6184,0.5890104145021668
6185,0.5891242582001306
6186,0.589359115721502
6187,0.589399711029797
6188,0.5897552904140574
6189,0.5898861995550903
6190,0.5899017548933714
6191,0.5899806311707627
6192,0.5900869875361078
6193,0.5901234653033816
6194,0.5902462791870381
6195,0.5902565569673222
6196,0.5903583319512656
6197,0.5905529255631969
6198,0.5906071720428634
6199,0.5906651778709722
6200,0.5907396545424767
6201,0.5908341029878135
6202,0.590864865385265
6203,0.590997876404776
6204,0.5911443606626368
6205,0.5912970964968931
6206,0.5914446837742465
6207,0.5914874711149741
6208,0.5917186342395008
6209,0.5917729803783472
6210,0.5917892446258706
6211,0.5919124393205528
6212,0.5921284079454903
6213,0.5921729811945466
6214,0.5922273685092876
6215,0.5923980780376418
6216,0.5924639333634258
6217,0.5928058435731051
6218,0.5930278612819144
6219,0.5930595167650996
6220,0.5931460113487459
6221,0.5932419021658003
6222,0.5933131728732814
6223,0.5933667889601544
6224,0.5935002269725429
6225,0.5935200527783767
6226,0.5936330162058294
6227,0.5936397156882045
6228,0.5936570693064206
6229,0.593774868813975
6230,0.5937782766442012
6231,0.5940091109711413
6232,0.5940450806152783
6233,0.5941456355208776
6234,0.5942744800866973
6235,0.5943240787364474
6236,0.5943425153600234
6237,0.5943978037467342
6238,0.5943982156683616
6239,0.5944595941657369
6240,0.5945872691166477
6241,0.5946449120707743
6242,0.5946890923336224
6243,0.5949625327894037
6244,0.5949939755297673
6245,0.5951468844184162
6246,0.5951929937794281
6247,0.5952849274715015
6248,0.5953453931829371
6249,0.595452560081631
6250,0.5955158232778833
6251,0.5955586181851749
6252,0.5956100138181851
6253,0.5956698839104684
6254,0.5958211296392004
6255,0.5958663884238259
6256,0.5960951364888003
6257,0.5961057316973651
6258,0.59629641949803
6259,0.5962978379875518
6260,0.596379490227043
6261,0.5963954387828181
6262,0.5964251298135472
6263,0.5965918471091249
6264,0.5966612049426194
6265,0.5966626342856055
6266,0.5966724900874585
6267,0.5968683643005905
6268,0.5969006980017693
6269,0.5969532597044032
6270,0.5971486021785033
6271,0.5972790449555402
6272,0.5975354336448244
6273,0.5975680406352186
6274,0.5976413103751895
6275,0.5977306245740968
6276,0.5977471758302818
6277,0.5978414074494997
6278,0.5979498548972992
6279,0.5979546372871244
6280,0.5979748166656604
6281,0.5981402936678548
6282,0.5982439501246289
6283,0.5983574219093977
6284,0.5984029111702904
6285,0.5988443430999019
6286,0.5988597196637905
6287,0.59889121335306
6288,0.5988944371875964
6289,0.5992388970319433
6290,0.599487275162114
6291,0.5995606360802685
6292,0.5996314124396773
6293,0.5999483761158987
6294,0.5999538373934227
6295,0.5999624045671356
6296,0.6000685794277094
6297,0.6003459929944859
6298,0.6005349223490455
6299,0.6005508697168688
6300,0.600706093212189
6301,0.6007249757627612
6302,0.6007509681521404
6303,0.6007796576984096
6304,0.6008683443672571
6305,0.6009192405526416
6306,0.6009861246181786
6307,0.6010945688683926
6308,0.6013142434185863
6309,0.6013819357558643
6310,0.6014168078963565
6311,0.6015496168845409
6312,0.6017732672231352
6313,0.6018054506997834
6314,0.6019134561445908
6315,0.6019449674753065
6316,0.6019653779025963
6317,0.6020182111047863
6318,0.6020257845997026
6319,0.6022747765408158
6320,0.6023719969668446
6321,0.6024472109659932
6322,0.6027558828638333
6323,0.6027681226770276
6324,0.6029026066674281
6325,0.6029644031883787
6326,0.6030355315767861
6327,0.6031712254013579
6328,0.6031834549220803
6329,0.603212459834124
6330,0.6032460034973326
6331,0.6036811940218046
6332,0.6039322117236736
6333,0.6041394928228758
6334,0.6043999269617109
6335,0.6045065334117653
6336,0.6045218432790836
6337,0.6045236609081552
6338,0.6045735780300948
6339,0.6049839771457329
6340,0.6050631400905886
6341,0.6051618314424815
6342,0.6051717557000884
6343,0.6053853873399967
6344,0.6054505774325254
6345,0.6054736349615978
6346,0.6055945488523153
6347,0.6056425806618735
6348,0.6057280856727394
6349,0.6059519964749256
6350,0.6059889396119909
6351,0.6060239329964103
6352,0.6060334579202722
6353,0.6060829834081816
6354,0.6065599874911602
6355,0.6066059746584848
6356,0.6066911699538267
6357,0.6067230458201632
6358,0.6068410203473857
6359,0.6068613514121514
6360,0.6068958314217053
6361,0.6069410515114649
6362,0.6069616084209268
6363,0.6070793470266171
6364,0.6070800713247826
6365,0.607083796046248
6366,0.6071305886921057
6367,0.6072635123300858
6368,0.6072705216845865
6369,0.6072762739735279
6370,0.6077320368469868
6371,0.6079095584955551
6372,0.6079810844027529
6373,0.6080322476107564
6374,0.6081529767894112
6375,0.6082788009525875
6376,0.6083227733047456
6377,0.6083459034347329
6378,0.6084685991438554
6379,0.6084904851924082
6380,0.608530512565629
6381,0.6086331137839514
6382,0.6086600959289877
6383,0.6087175958075642
6384,0.608733259762042
6385,0.6087672904389635
6386,0.6091217848136812
6387,0.6091861372567866
6388,0.6093242797785768
6389,0.6095858060596042
6390,0.6096684612993695
6391,0.6097137778845874
6392,0.6097506668583765
6393,0.6098551890365135
6394,0.6098625902183455
6395,0.6101806242741447
6396,0.6105112427790055
6397,0.6106015214864844
6398,0.6106208504255084
6399,0.6106731206347925
6400,0.6107953802945403
6401,0.6108254579069935
6402,0.6108576145840874
6403,0.6109538010712786
6404,0.6110027747281651
6405,0.6110672817525431
6406,0.6111782456852521
6407,0.6113304251266888
6408,0.6114940038155284
6409,0.6115500767907758
6410,0.6115974776475338
6411,0.6116598515952751
6412,0.6117310304856081
6413,0.611925124009234
6414,0.6120415906368842
6415,0.6122366472878604
6416,0.6124334774672828
6417,0.6124472099000734
6418,0.6127177076498442
6419,0.6129308726939436
6420,0.6129310163891994
6421,0.6129694022298244
6422,0.6130406030621585
6423,0.6133436795542131
6424,0.6133716813472567
6425,0.6136218468809203
6426,0.6136620421574879
6427,0.6137051013412844
6428,0.6137775441130982
6429,0.6138702260945955
6430,0.6138952663863355
6431,0.6140965348115319
6432,0.61415886952828
6433,0.6141654838698776
6434,0.6142495866872497
6435,0.6142916937205318
6436,0.614452040409783
6437,0.6144848421644629
6438,0.6145076160111069
6439,0.6146125771450148
6440,0.6146906665039349
6441,0.6146984834284589
6442,0.6147150088411335
6443,0.6147527986817418
6444,0.6148479096119602
6445,0.6148540527042653
6446,0.6149613073655233
6447,0.6149635158364355
6448,0.6149653856673039
6449,0.6150279059407041
6450,0.6151275535904271
6451,0.615226985479831
6452,0.6153122207832058
6453,0.6153185845959125
6454,0.6153758651228745
6455,0.615450292540051
6456,0.6155244115079054
6457,0.615583559512723
6458,0.6156064107826464
6459,0.6156988558996457
6460,0.615837533801392
6461,0.6159043294792006
6462,0.6160063791233058
6463,0.6160260726638487
6464,0.6161262602855683
6465,0.6162429325295535
6466,0.6162555408883248
6467,0.6164881039849417
6468,0.6165256851626576
6469,0.616580035474471
6470,0.6165898082080951
6471,0.6166187432918828
6472,0.6166754311303358
6473,0.6170800136013931
6474,0.6170932841094344
6475,0.6171608014608003
6476,0.6172933020379093
6477,0.6175351203036612
6478,0.6175633286672957
6479,0.6177377333774807
6480,0.6177871103315425
6481,0.6178209432054249
6482,0.6179809953390086
6483,0.6179812151955106
6484,0.6180219284049235
6485,0.6180565888716936
6486,0.6181071389096526
6487,0.6182072568834869
6488,0.6182244973639665
6489,0.6182587984480181
6490,0.6183585241513294
6491,0.6183595294880604
6492,0.6183729623272021
6493,0.6184644833644969
6494,0.6187129266241832
6495,0.6188724403959367
6496,0.6190688642688655
6497,0.6190753175947672
6498,0.6192412122451797
6499,0.6193276601005103
6500,0.6197242225950952
6501,0.6200002667233042
6502,0.6200531278582476
6503,0.6201537195444746
6504,0.6204889962034285
6505,0.6205321190653639
6506,0.6205910232091989
6507,0.6206357767485872
6508,0.6207612585673132
6509,0.6209602782684208
6510,0.6209748128639887
6511,0.6209910923141948
6512,0.6210518813936851
6513,0.6210975657961758
6514,0.6212918111713263
6515,0.6213020844100258
6516,0.621572593938166
6517,0.6216159341634823
6518,0.6217155267756956
6519,0.621720233670237
6520,0.6218184349455576
6521,0.6218426885711315
6522,0.6219651249217124
6523,0.6222110882644994
6524,0.622240832396935
6525,0.6224411452610467
6526,0.622468821995163
6527,0.6225263703245087
6528,0.6226490125595725
6529,0.6226872632688216
6530,0.6227905084631927
6531,0.6229003626343471
6532,0.6230615613834873
6533,0.6231804674124959
6534,0.6233256177622732
6535,0.6235161838000022
6536,0.6235455648236164
6537,0.6235511192304706
6538,0.6235925305895204
6539,0.6237834915224127
6540,0.6240769149015366
6541,0.6241537372524004
6542,0.6242227669839377
6543,0.6242304528380227
6544,0.6243399933049161
6545,0.6244579094437204
6546,0.6245691777831717
6547,0.6245894845919435
6548,0.6246087512990199
6549,0.6246228935288333
6550,0.6246422814805638
6551,0.6246484819471702
6552,0.6247482274493303
6553,0.6248741155483867
6554,0.6248962504532866
6555,0.6249074597074094
6556,0.6249688817086282
6557,0.6250538232636498
6558,0.6251655268166328
6559,0.6251753594536205
6560,0.6251818841206971
6561,0.62525585733053
6562,0.6252901451055352
6563,0.6253661072199674
6564,0.6254012044413804
6565,0.6254719722202198
6566,0.6255921930460953
6567,0.6256582942995277
6568,0.6256774166030442
6569,0.6257183165333954
6570,0.6258685036499941
6571,0.625878670907745
6572,0.6259899217696058
6573,0.6261548385188164
6574,0.6263001925950524
6575,0.6263256188511461
6576,0.6263860326338533
6577,0.6264310755129432
6578,0.626621317716251
6579,0.6266955696786275
6580,0.6267253702480117
6581,0.6268309121815107
6582,0.6272508251911411
6583,0.6272771596610794
6584,0.6273949885616111
6585,0.627416872212442
6586,0.6274414102603572
6587,0.6275237434354077
6588,0.6275403257416261
6589,0.6275813791996767
6590,0.6276698427269849
6591,0.6277011325790579
6592,0.6277676863192301
6593,0.6278031623717657
6594,0.6280879644549789
6595,0.6282082968829867
6596,0.6283296169644713
6597,0.6283486460162578
6598,0.6283731825823393
6599,0.6284613995000264
6600,0.6285032786591628
6601,0.6286510833220018
6602,0.6286591687040298
6603,0.6287801954376894
6604,0.6288823749120811
6605,0.6289946286225219
6606,0.6290451993264328
6607,0.6291885814808809
6608,0.629201949178587
6609,0.6292546269293293
6610,0.6293260801024766
6611,0.6293941737458609
6612,0.6294224181026165
6613,0.6294742521963455
6614,0.6294861314533075
6615,0.629505998405981
6616,0.6296702711345754
6617,0.6296962360819011
6618,0.6297343962173976
6619,0.6297651420141681
6620,0.6297831614501823
6621,0.629800675281109
6622,0.6298089540784721
6623,0.6299935693910226
6624,0.6301205047911648
6625,0.6301464779000366
6626,0.6302396921803173
6627,0.6304995848816416
6628,0.6305479640122058
6629,0.630672678832521
6630,0.6307536583966173
6631,0.6308044530045309
6632,0.6308198936704984
6633,0.6312511777872251
6634,0.6314098744747312
6635,0.6314627355086155
6636,0.6315181873185911
6637,0.6317138376385527
6638,0.6317813187380164
6639,0.6319043614476583
6640,0.6320307344397118
6641,0.6320602721482665
6642,0.632064929169078
6643,0.6321311965298887
6644,0.632205941428703
6645,0.6322458237875342
6646,0.6322766574497896
6647,0.6323232972636541
6648,0.6324009986284895
6649,0.6325821725683619
6650,0.6326310995566851
6651,0.6326407994464427
6652,0.6326671628058129
6653,0.632708703559271
6654,0.632806812412055
6655,0.6330228349116317
6656,0.6330394064169943
6657,0.6334848383812788
6658,0.6335158131619444
6659,0.6336825530125577
6660,0.6337698028810212
6661,0.6339391260213169
6662,0.6339911397466352
6663,0.6340429176731264
6664,0.6340649054568094
6665,0.6340954184635431
6666,0.6341260323254558
6667,0.6341308323342211
6668,0.6342801809140262
6669,0.6345652947692204
6670,0.6346758922981124
6671,0.6346910406532615
6672,0.6347109531421473
6673,0.6347216591659015
6674,0.6349427766037639
6675,0.6351635213051073
6676,0.6352543893429798
6677,0.6354278350272103
6678,0.6354413797919929
6679,0.6355591407721414
6680,0.6355881337398789
6681,0.6356423630573946
6682,0.6356619843196593
6683,0.635722760298928
6684,0.6357635201914553
6685,0.6357637068234652
6686,0.6359857597249031
6687,0.6360615968675812
6688,0.636148846753037
6689,0.6364865735781883
6690,0.6365330308291944
6691,0.6366548640496583
6692,0.6367125711133319
6693,0.6367513795703895
6694,0.6367971037789697
6695,0.6369279906149177
6696,0.6369312260208451
6697,0.6370922010960511
6698,0.6372953872121416
6699,0.6373158512832331
6700,0.6373195589041745
6701,0.6374238419906786
6702,0.6376295374746666
6703,0.6376711344190177
6704,0.63768320077142
6705,0.637703330586656
6706,0.6377762197782233
6707,0.638345736688205
6708,0.6384061616226352
6709,0.6385651348338737
6710,0.6386159426491096
6711,0.6386856189605132
6712,0.6387281551576813
6713,0.6387284622032264
6714,0.6389191769919049
6715,0.6391168186432089
6716,0.6391458168303666
6717,0.6392140651650915
6718,0.6392751991149844
6719,0.6394489990106049
6720,0.6394959558742521
6721,0.6395259683831102
6722,0.6395299956374196
6723,0.6397047715349783
6724,0.6398808620286567
6725,0.639939943540063
6726,0.640051578528727
6727,0.6400786632862419
6728,0.6402651215602617
6729,0.6404661740131622
6730,0.6406320011258352
6731,0.6408169744753206
6732,0.6408175979005619
6733,0.6408651852934508
6734,0.6411046041996
6735,0.6411774790351479
6736,0.6412319775872826
6737,0.6412525129462066
6738,0.641378661197912
6739,0.6414113817751608
6740,0.6414358883861906
6741,0.6418581315494325
6742,0.6420648250551718
6743,0.642067776111312
6744,0.642134384100012
6745,0.6422776634754658
6746,0.6423555114362357
6747,0.6423717696906811
6748,0.6425024557641762
6749,0.642569619534821
6750,0.642615576865253
6751,0.6426629997896408
6752,0.6429800818328159
6753,0.6430665207382013
6754,0.643108449691096
6755,0.6431305733653703
6756,0.6433089968803811
6757,0.6434238261424563
6758,0.6434937111999958
6759,0.6435071926542489
6760,0.6435594751975307
6761,0.6436018402925394
6762,0.6437150283064939
6763,0.6437472198180999
6764,0.6438825601845575
6765,0.6440632452231088
6766,0.644250923268555
6767,0.644295674843027
6768,0.6443216186726296
6769,0.6443440125785592
6770,0.6443825059115571
6771,0.6444571100905598
6772,0.644632080053594
6773,0.6446936456724296
6774,0.6446983543681507
6775,0.644703310899227
6776,0.6449043138211539
6777,0.6449977818627034
6778,0.6450705530686006
6779,0.6453399321482741
6780,0.6454704014367495
6781,0.6454726416293765
6782,0.6454965924827719
6783,0.6455925499352058
6784,0.6456238899015794
6785,0.6456864059816558
6786,0.6457543765195508
6787,0.6457653738988448
6788,0.6457915062559768
6789,0.6459418717086458
6790,0.6459479332839937
6791,0.646163260302663
6792,0.6462069341914262
6793,0.6466246830469153
6794,0.6467150742867142
6795,0.64675350581375
6796,0.6470112225413879
6797,0.6471151257160005
6798,0.647137670736583
6799,0.6472034379931563
6800,0.6472515340078379
6801,0.6472590287952612
6802,0.6473118912760644
6803,0.6475130756614366
6804,0.6476416344043969
6805,0.6476815957030233
6806,0.647840817386353
6807,0.6480015187266368
6808,0.6482143937611162
6809,0.6483094458952264
6810,0.64833330307894
6811,0.648370626912712
6812,0.6485052846123663
6813,0.6486771713559087
6814,0.6489149112362004
6815,0.6489317125858073
6816,0.648934034465381
6817,0.6489863614214034
6818,0.648994099406084
6819,0.6490094817856664
6820,0.6490239931324996
6821,0.649200177043137
6822,0.6492652934961208
6823,0.6494799267307636
6824,0.649654945764395
6825,0.6496569978606165
6826,0.6498825156423478
6827,0.6500316933503122
6828,0.6502945129360401
6829,0.650312224090904
6830,0.6504276417248616
6831,0.6504615316310511
6832,0.6504815972368678
6833,0.6505610884703839
6834,0.6508312052811668
6835,0.6508769345654349
6836,0.650938464703587
6837,0.651012929210368
6838,0.651216734064554
6839,0.6512414884152051
6840,0.6514017402489927
6841,0.6515328192218893
6842,0.6520299324315575
6843,0.652053518311345
6844,0.65213478261208
6845,0.6524320648653135
6846,0.652472450856497
6847,0.6527103352079517
6848,0.6527814057441241
6849,0.6528238542402439
6850,0.6529417215535308
6851,0.6532331857009834
6852,0.6533315160333395
6853,0.6533768504062766
6854,0.6534029450214991
6855,0.6534518739535429
6856,0.6534596826666582
6857,0.6534888178235563
6858,0.6535478312211647
6859,0.6538227836646521
6860,0.653859844851139
6861,0.6539811505277708
6862,0.6540178844554678
6863,0.6540417863997326
6864,0.6540463990363714
6865,0.6543174998490606
6866,0.6543178588041767
6867,0.6543859085866893
6868,0.6544068405785182
6869,0.6544201725041202
6870,0.6544943295465279
6871,0.6545089482315958
6872,0.6546258089692377
6873,0.6546535418706347
6874,0.6547467757652763
6875,0.6547865859391677
6876,0.6548392395949983
6877,0.6550145968256009
6878,0.6551487516076688
6879,0.6551700548550347
6880,0.6552572280092479
6881,0.6553724325134318
6882,0.6556884111675915
6883,0.6558326364973263
6884,0.6559276399655538
6885,0.6562217489828502
6886,0.6563403928748337
6887,0.656388529413537
6888,0.6564687184335639
6889,0.6565247385901546
6890,0.6565861038310772
6891,0.656652563396149
6892,0.6566879862522051
6893,0.656974679397179
6894,0.6574728862380687
6895,0.6575872252080874
6896,0.657730361684461
6897,0.6578017554854731
6898,0.6578559555268293
6899,0.6581776770317914
6900,0.6583273499312288
6901,0.6583600730415641
6902,0.6583703941720183
6903,0.6586247756086714
6904,0.658656724042883
6905,0.6587543752379244
6906,0.6587833313502212
6907,0.6590614326461748
6908,0.6590849781048114
6909,0.6591011693765629
6910,0.6591649951210008
6911,0.6592159710323688
6912,0.6593237765734341
6913,0.6593315879734812
6914,0.6594596325955773
6915,0.6595113806254124
6916,0.65951323761391
6917,0.6595186613205688
6918,0.6596342363433186
6919,0.6599818538885243
6920,0.6599992764135301
6921,0.6601356904080918
6922,0.6601384291131537
6923,0.6604843125847215
6924,0.6605991379108724
6925,0.6606948567001506
6926,0.6607411414593537
6927,0.6607416054658821
6928,0.6607823667779184
6929,0.6608067027992907
6930,0.6608107657782305
6931,0.6608282341197114
6932,0.6608345390000073
6933,0.6608758725212355
6934,0.6609047238522358
6935,0.6609477867782177
6936,0.6610739839219821
6937,0.6611405745186603
6938,0.6611989547235888
6939,0.6613398364775284
6940,0.6613962359421426
6941,0.6613988736224378
6942,0.6615942231570426
6943,0.6616350311868822
6944,0.6616705163733706
6945,0.6617730357379649
6946,0.6618026952651465
6947,0.661864691523434
6948,0.6620905731551205
6949,0.662159359429391
6950,0.6621759614602063
6951,0.6622637830474049
6952,0.662273026868143
6953,0.6622968193161741
6954,0.6625464767227028
6955,0.662646767680617
6956,0.6627588235104938
6957,0.6627949519944727
6958,0.6629166396604133
6959,0.6629873453093957
6960,0.6630557829137111
6961,0.6631842897269861
6962,0.6632748403872386
6963,0.6632967496680227
6964,0.6634270149992239
6965,0.663478228884234
6966,0.6635022390469136
6967,0.663559528745077
6968,0.6636355102448351
6969,0.6638149754529276
6970,0.6638255451033396
6971,0.6638444734875749
6972,0.6640487249057422
6973,0.6641018567954688
6974,0.6641340595106927
6975,0.6641757125282972
6976,0.6642126070991127
6977,0.6642341797753654
6978,0.6642612657521478
6979,0.6645630792689009
6980,0.6646836731010846
6981,0.6646875594100076
6982,0.6647920311648137
6983,0.6648459891262984
6984,0.6648717794181344
6985,0.6649865429752384
6986,0.6650291751188891
6987,0.6650392933236937
6988,0.6650858679301803
6989,0.6653197895917515
6990,0.6653999171833548
6991,0.6654401249565686
6992,0.6654628549838574
6993,0.6654974788367954
6994,0.6655151459202333
6995,0.6657626026979784
6996,0.6658514047969201
6997,0.6658582134708153
6998,0.6661850608932345
6999,0.6663386962617508
7000,0.6666099824435774
7001,0.6666157839228184
7002,0.6666980363649253
7003,0.6667194962053563
7004,0.666719540813875
7005,0.6667586252774831
7006,0.6669283846707464
7007,0.6671853188318129
7008,0.6671998135187339
7009,0.6672054269199985
7010,0.6672982013501071
7011,0.6675717850318776
7012,0.667883231395539
7013,0.6679914569930395
7014,0.6681490926165423
7015,0.6681765528266581
7016,0.6682176106699368
7017,0.6686587823911628
7018,0.6688053170655903
7019,0.6690162573613232
7020,0.6690259735995475
7021,0.6691054823539208
7022,0.6691201655372491
7023,0.6691842212790452
7024,0.6692456230272321
7025,0.6692617244830008
7026,0.6695725032439374
7027,0.6697281591570411
7028,0.6697888222676938
7029,0.6699558704197747
7030,0.6700638175621322
7031,0.6701014539229759
7032,0.6701554765745932
7033,0.6702001505400531
7034,0.6703377809949381
7035,0.6706109885571517
7036,0.6707051959852642
7037,0.6707660675157101
7038,0.6708483669323342
7039,0.6709946505064138
7040,0.6710182002889333
7041,0.6714753582327226
7042,0.671571935764344
7043,0.6715977004806327
7044,0.6716918736385
7045,0.6717415741814667
7046,0.6718655491932455
7047,0.6718991122952807
7048,0.6721620477150811
7049,0.6721782105915571
7050,0.6721844203163413
7051,0.6722887822312166
7052,0.6723501213578287
7053,0.6724487436464925
7054,0.6725342359480391
7055,0.6726311252608647
7056,0.6726744915814029
7057,0.6727288049996685
7058,0.672772755521841
7059,0.6728411597453061
7060,0.672931653828162
7061,0.6729564258303813
7062,0.6731472503562208
7063,0.6732642690345538
7064,0.6732853982669462
7065,0.6733236491107504
7066,0.6733555607184217
7067,0.6735977168853879
7068,0.6738152180099255
7069,0.6738259966118644
7070,0.6738523843415626
7071,0.6740159994359048
7072,0.6740453690460732
7073,0.6740794532400284
7074,0.6741640660945472
7075,0.6743096882823723
7076,0.6744041465279025
7077,0.674417691893386
7078,0.6744818225500321
7079,0.6745341617651427
7080,0.6745676496187907
7081,0.6746555629480587
7082,0.6746658469610444
7083,0.6746783356853707
7084,0.6747564971735471
7085,0.6747797746127323
7086,0.6748946078285871
7087,0.6748969909137117
7088,0.6749644522991669
7089,0.6751569606428895
7090,0.6752174867258085
7091,0.675400742838643
7092,0.6754757272713074
7093,0.675674394596091
7094,0.6757112730798004
7095,0.6758155079723049
7096,0.6758419195257707
7097,0.6758590662377034
7098,0.6758793541306299
7099,0.675901377122294
7100,0.6760018005484132
7101,0.6760051738300665
7102,0.6760166552669681
7103,0.6760208796884964
7104,0.6761539426706751
7105,0.6762230656947286
7106,0.6762341688498296
7107,0.676422319017548
7108,0.6765925696131756
7109,0.676646299751619
7110,0.6767958230247598
7111,0.6769102197797694
7112,0.677069260904927
7113,0.6771985355841796
7114,0.6772710943914942
7115,0.6774440587874732
7116,0.6774569850273231
7117,0.6774572175480396
7118,0.6776412187546382
7119,0.677988483851897
7120,0.6780008852837758
7121,0.6782084594348838
7122,0.6782800266659154
7123,0.6785204113178583
7124,0.6787168377205532
7125,0.6787918575558733
7126,0.6789195905219592
7127,0.6789205471347771
7128,0.6792478463097253
7129,0.67931656805816
7130,0.6793347614507205
7131,0.6793921070290017
7132,0.6795511719945067
7133,0.6795724616472626
7134,0.6798398485170317
7135,0.6798620394786428
7136,0.6799833631543095
7137,0.6801236261979978
7138,0.680166468399086
7139,0.6802000080324409
7140,0.68022582039964
7141,0.6802365771998207
7142,0.6802882271752022
7143,0.6803776407201939
7144,0.6804584428747469
7145,0.6804946433047394
7146,0.6804990265698841
7147,0.680522727138611
7148,0.6806059630361947
7149,0.6809802302081871
7150,0.6809807474530509
7151,0.6809958635119684
7152,0.6811770072256607
7153,0.6814326320669418
7154,0.6815270668260942
7155,0.6818174592959767
7156,0.6819929681264661
7157,0.6822513109018814
7158,0.6824149838928208
7159,0.6825111993335302
7160,0.6825291918963827
7161,0.682596935106899
7162,0.6826427411440217
7163,0.6829227568703574
7164,0.6831172706265126
7165,0.6832093434204635
7166,0.6833651626247208
7167,0.6834547083125967
7168,0.6835011169185735
7169,0.6836212879872527
7170,0.6837355999154608
7171,0.6837836073484843
7172,0.6838486178441474
7173,0.6840079502309161
7174,0.6840639568389857
7175,0.6841732761072689
7176,0.6841880379923216
7177,0.6842721999205317
7178,0.6842998060148462
7179,0.6843418879669052
7180,0.6844536977159257
7181,0.6845248941970871
7182,0.684552059499347
7183,0.6845646873898585
7184,0.6845804368635522
7185,0.6845887024535298
7186,0.6846356217386707
7187,0.684789614801345
7188,0.6848327925119585
7189,0.6848826116870236
7190,0.6852961284162569
7191,0.6853359175060836
7192,0.6854568828594068
7193,0.6854937611538869
7194,0.6855453912419514
7195,0.6856179976867152
7196,0.6856345493548177
7197,0.6856958742672836
7198,0.685805945986948
7199,0.685903936413837
7200,0.6859556689733897
7201,0.6861247504592163
7202,0.686164379667351
7203,0.6861946837627055
7204,0.6861954048879176
7205,0.6862036277088914
7206,0.6863773032036331
7207,0.6863872031198323
7208,0.6864468182963567
7209,0.6865903671751469
7210,0.6869269154326001
7211,0.6869295548080507
7212,0.6873849619588837
7213,0.6874444141374174
7214,0.6876987273487516
7215,0.6877123309572777
7216,0.6879231877421558
7217,0.6879353469610834
7218,0.68796388080339
7219,0.6882721913018591
7220,0.6883362554994934
7221,0.6883654809102792
7222,0.6884189079103142
7223,0.6887417895452124
7224,0.6888847203552407
7225,0.6890100864307331
7226,0.6890652252706543
7227,0.6892492380246643
7228,0.6894052046435054
7229,0.689525679520451
7230,0.6895741697732528
7231,0.6896154627670821
7232,0.6896605934352276
7233,0.6897644770386199
7234,0.6897886039382657
7235,0.6899118243465702
7236,0.6899392539463107
7237,0.6899679563297013
7238,0.6899960445172098
7239,0.6900651876935995
7240,0.6900866675323282
7241,0.6901426724264792
7242,0.6902744863629401
7243,0.6902859745285309
7244,0.6903260341704337
7245,0.6903645823122694
7246,0.6904564381587139
7247,0.6905664210849335
7248,0.6906768167696526
7249,0.6906851628774945
7250,0.6908725143585668
7251,0.6909593681771847
7252,0.6911515017289971
7253,0.6912233054763688
7254,0.6912382423964383
7255,0.6913561567405797
7256,0.6914703202706196
7257,0.6915096431003029
7258,0.6917580209025336
7259,0.6920032227752437
7260,0.6921314176394813
7261,0.6921505148586905
7262,0.6921740511765165
7263,0.692195984721382
7264,0.6923808914279306
7265,0.6925290110270207
7266,0.692696101537688
7267,0.6927205292048201
7268,0.6929534475255452
7269,0.6929621358108512
7270,0.6930950770345401
7271,0.693097987932894
7272,0.6934019889134636
7273,0.6934757487299104
7274,0.6934760660331256
7275,0.6934905782047588
7276,0.693512535563988
7277,0.69353722596427
7278,0.6935820560328054
7279,0.6936352251675317
7280,0.6938231871982132
7281,0.6938297356508603
7282,0.6938477727150263
7283,0.6939865519702946
7284,0.6941546587255488
7285,0.6943782483685335
7286,0.6943914210233931
7287,0.6944007590234238
7288,0.6944875645361631
7289,0.6948473863043808
7290,0.6950504525105096
7291,0.6950599116697052
7292,0.6951278137704072
7293,0.6952250986817939
7294,0.6953054785740814
7295,0.6953089651055514
7296,0.6953792852473036
7297,0.6955314277400865
7298,0.6956668065407806
7299,0.695696255916431
7300,0.6957194557013928
7301,0.6957448814938988
7302,0.6957771236276045
7303,0.6959388437256718
7304,0.6959440708254201
7305,0.6960439886479001
7306,0.6960911934324843
7307,0.6961321824216876
7308,0.6963412060738092
7309,0.6963756255899429
7310,0.6964182221502673
7311,0.6965999433093351
7312,0.696634820398215
7313,0.696772175991761
7314,0.6967723546731555
7315,0.6968505578074641
7316,0.6970281988254283
7317,0.6970526042250467
7318,0.6970649445990269
7319,0.6970688260725768
7320,0.6971452703558749
7321,0.6971649429269383
7322,0.6972327731337817
7323,0.697288971603058
7324,0.6974278428441166
7325,0.6974618804377536
7326,0.697550020190172
7327,0.6976101993121352
7328,0.6978620811498352
7329,0.6980424874154689
7330,0.6982345307806554
7331,0.698358445026374
7332,0.6986934755370691
7333,0.6988474147289006
7334,0.6989208463606459
7335,0.6992390737085666
7336,0.6992830469875335
7337,0.6993542162214076
7338,0.6994767267838888
7339,0.6995295151387422
7340,0.69956546842736
7341,0.6996311974350309
7342,0.6996539624605098
7343,0.6997879217765002
7344,0.6998115745539986
7345,0.6998566007800211
7346,0.699919048386457
7347,0.6999500653473585
7348,0.6999603419177359
7349,0.7001674330018102
7350,0.7003522917165105
7351,0.7006182545441176
7352,0.7007195492179673
7353,0.7008771964301347
7354,0.7009079823098665
7355,0.7011838859304456
7356,0.7013376233403331
7357,0.7014319646170522
7358,0.7015190043658742
7359,0.7015920316003353
7360,0.7016338861721899
7361,0.7016938402479038
7362,0.7017162522654814
7363,0.7017163131479212
7364,0.7017771375381266
7365,0.701852756379842
7366,0.7018549480926491
7367,0.7019538937485031
7368,0.7022998129870647
7369,0.702326879712881
7370,0.7023701625496155
7371,0.7024775584390144
7372,0.702494057569311
7373,0.7025650771852172
7374,0.7025685057074565
7375,0.7025748564391051
7376,0.7027497575139443
7377,0.7027996516240989
7378,0.7029569714204779
7379,0.7029614054518807
7380,0.7029740597788221
7381,0.7029787915899601
7382,0.7029804727851883
7383,0.7029973343062472
7384,0.7033699677610454
7385,0.7033786652799876
7386,0.7034756706619725
7387,0.7035538307312522
7388,0.7038355653384556
7389,0.7038432605946363
7390,0.7038719675343059
7391,0.7039055586498376
7392,0.7039275649730856
7393,0.7041719307413522
7394,0.70430538449342
7395,0.7043378829420338
7396,0.7045197981860363
7397,0.7047996012070877
7398,0.7049646588170387
7399,0.7050759226730782
7400,0.7050872559663457
7401,0.7051058491028429
7402,0.705149606223585
7403,0.7051919897606083
7404,0.7052575276270965
7405,0.7052961547824024
7406,0.7053401438859198
7407,0.705348776682325
7408,0.7053839939171449
7409,0.7054371578006944
7410,0.7055336768295439
7411,0.7055472188770379
7412,0.7055639920973574
7413,0.7056129486305056
7414,0.7056782158111247
7415,0.7056950264783118
7416,0.7057734531588595
7417,0.7058097529580211
7418,0.705862413853566
7419,0.7060662691667805
7420,0.7060785460071284
7421,0.7060959211227906
7422,0.7061674961723657
7423,0.7062226684443839
7424,0.7062733333894325
7425,0.7063566871816038
7426,0.7065353115673384
7427,0.7066835717658823
7428,0.7067205416503458
7429,0.7068323888675231
7430,0.7068351264638165
7431,0.7070056062572385
7432,0.7070461805072596
7433,0.7070743890345991
7434,0.7070881780910918
7435,0.7070992441499636
7436,0.7071256657970821
7437,0.7072710011975794
7438,0.7073324532772869
7439,0.7073934344479189
7440,0.7074793362102497
7441,0.7076825483852471
7442,0.7077316006458317
7443,0.7078027130227658
7444,0.7081410151080326
7445,0.7081636233969264
7446,0.7082181844814731
7447,0.7083793799835626
7448,0.7084684248350469
7449,0.7085116954560171
7450,0.7086129123300611
7451,0.7088627522801539
7452,0.7089247152538165
7453,0.7089353604699247
7454,0.7089713208410169
7455,0.7091252195263406
7456,0.7091780035424788
7457,0.7092608287726846
7458,0.7093513892649432
7459,0.7094775163031104
7460,0.7097653149689362
7461,0.709778303704825
7462,0.7098626253130114
7463,0.7099433828264057
7464,0.7099718619140735
7465,0.7099932136139933
7466,0.7099950013755996
7467,0.7100085117337178
7468,0.710018933174958
7469,0.7101918292338916
7470,0.7102840589705817
7471,0.7102916363640845
7472,0.7106036381424514
7473,0.7106246113640274
7474,0.7106405537634637
7475,0.710648048704018
7476,0.7106553783995888
7477,0.7107535313582822
7478,0.7108894904851697
7479,0.7109478811645455
7480,0.7110124531763635
7481,0.7110543843801809
7482,0.7110586156105476
7483,0.7111874599477503
7484,0.7113274286325204
7485,0.7114371998286565
7486,0.711684414916815
7487,0.7117618353422366
7488,0.7119160844487112
7489,0.7119795355793901
7490,0.7120097853843869
7491,0.7122488221043382
7492,0.7123055249864063
7493,0.7123178240980803
7494,0.7123882840726831
7495,0.7124503697004729
7496,0.7124799392085477
7497,0.7125740436973402
7498,0.7125851547475055
7499,0.7126141613044034
7500,0.7126865647183785
7501,0.7127419691127186
7502,0.7128036979344765
7503,0.7131947839016294
7504,0.7132154134020086
7505,0.7132428376347167
7506,0.7132433670250273
7507,0.7133447096487028
7508,0.7135360595673607
7509,0.713603320162945
7510,0.7136699977794144
7511,0.7137194181562696
7512,0.7137601447002466
7513,0.7137696913565547
7514,0.7138167750814007
7515,0.7139614474954534
7516,0.7140138910866686
7517,0.7140470516889877
7518,0.7143675282891647
7519,0.7147448690411744
7520,0.7148244133543636
7521,0.715027266830426
7522,0.7153068420218069
7523,0.7154073442317583
7524,0.7154352225806287
7525,0.7154549524314553
7526,0.7158428743732987
7527,0.7158521657294449
7528,0.7159214706504111
7529,0.7159422912193756
7530,0.7160342244712259
7531,0.7161333798312616
7532,0.7162257916843204
7533,0.7163417655289959
7534,0.7164221791200395
7535,0.7164872796647869
7536,0.7165425256398323
7537,0.7166090096051907
7538,0.7166540191003008
7539,0.716797803479672
7540,0.7168998054149663
7541,0.7170080961495764
7542,0.7173003979155611
7543,0.7173448464929209
7544,0.717532406941566
7545,0.7175531064833591
7546,0.7177445044519882
7547,0.7177783924125856
7548,0.717787029617311
7549,0.7178091316665236
7550,0.7179891451876097
7551,0.7180334361900695
7552,0.7180445597060792
7553,0.7182272102125906
7554,0.7183193659679087
7555,0.7184695212224175
7556,0.7186407662019612
7557,0.719039365622181
7558,0.7191136645835993
7559,0.7191217750469959
7560,0.7191492346033399
7561,0.7191588315211087
7562,0.71920560559411
7563,0.7194657455991726
7564,0.7198161944547139
7565,0.7198208196737144
7566,0.7198732647626581
7567,0.7200761320232392
7568,0.7209711465868944
7569,0.7211170539134384
7570,0.7211536204289446
7571,0.7211575079579164
7572,0.7211963698046325
7573,0.7213647279750306
7574,0.7213695771550257
7575,0.7214942818392902
7576,0.7215015913065241
7577,0.7216050086792787
7578,0.7216993423291991
7579,0.7217052405409268
7580,0.7218224572450476
7581,0.7219953074106478
7582,0.722211056652664
7583,0.7225501305256047
7584,0.7228166527575612
7585,0.7228868127462055
7586,0.7228928002176046
7587,0.7230715065475636
7588,0.7232699723797179
7589,0.723376215774636
7590,0.7234706944590221
7591,0.7235416462173515
7592,0.7237279172845008
7593,0.7237315255754284
7594,0.7237469305612453
7595,0.7238715005067737
7596,0.7239842924054417
7597,0.7240094506340733
7598,0.7240542624865558
7599,0.7241248497832937
7600,0.7241917757833713
7601,0.7242958513258246
7602,0.7243322260131315
7603,0.7244397807829817
7604,0.7244884457779459
7605,0.7246117166490409
7606,0.7246894062018903
7607,0.7248296506571149
7608,0.7249457005751332
7609,0.7254432539153807
7610,0.7254448379913789
7611,0.7254612441531758
7612,0.725469531377633
7613,0.725708068302487
7614,0.7258074120212121
7615,0.7258831239237699
7616,0.7259657507767272
7617,0.7260456239254671
7618,0.7260721026464789
7619,0.7260928366427478
7620,0.7261315879080958
7621,0.7264650973872773
7622,0.7265846097730579
7623,0.7266153178706267
7624,0.7267826639540923
7625,0.7269058664908938
7626,0.7270161500741256
7627,0.7270765361846272
7628,0.7272033458202436
7629,0.7272311516309927
7630,0.7272722012865008
7631,0.7276504474796869
7632,0.7277495321808021
7633,0.7278105278634401
7634,0.7279832189161207
7635,0.7280007825134932
7636,0.7280063762289493
7637,0.7282687572956204
7638,0.7282918258769808
7639,0.7284032472682191
7640,0.7284176507877067
7641,0.7284871380801431
7642,0.7285578058205234
7643,0.7285865566978625
7644,0.728616847949994
7645,0.7286840943539121
7646,0.7288079933061995
7647,0.7288624634292351
7648,0.7289389652446069
7649,0.7289762468398134
7650,0.7290045859733733
7651,0.7290418860145622
7652,0.7291722576761901
7653,0.729248275411585
7654,0.729323087457526
7655,0.729405674749636
7656,0.729429260215655
7657,0.7295155791210788
7658,0.7296388386136403
7659,0.7296871026167284
7660,0.7299107567601003
7661,0.7300585106741423
7662,0.7301220403788407
7663,0.7301906070442441
7664,0.7302474512510502
7665,0.7303521233707775
7666,0.7303898585083209
7667,0.7303992749255593
7668,0.7305466570172097
7669,0.7305671482874411
7670,0.7306124109898078
7671,0.7306232235291007
7672,0.7307277462213917
7673,0.7307639405093533
7674,0.7308522954768099
7675,0.7308992390477204
7676,0.730942231202959
7677,0.7309892645835055
7678,0.7310967679874462
7679,0.7311165831510109
7680,0.7311418462711128
7681,0.7311890701905801
7682,0.7311912903826732
7683,0.7312121439763535
7684,0.7312162706416379
7685,0.7313789522360654
7686,0.7314448513719363
7687,0.7315391917208679
7688,0.7317158182705962
7689,0.7317268444114758
7690,0.7317551091926418
7691,0.731929217947898
7692,0.7321117705078168
7693,0.732131427581714
7694,0.7322347274570731
7695,0.7322645534529683
7696,0.732393112418732
7697,0.7326332390000947
7698,0.7327662430402353
7699,0.7328389005850008
7700,0.7328460389220556
7701,0.732863455037742
7702,0.73301797668882
7703,0.7332026342971736
7704,0.7333716433051252
7705,0.7333979401059163
7706,0.7334642992111271
7707,0.7334716731679063
7708,0.7334720716348004
7709,0.7334909600498322
7710,0.7336543719100983
7711,0.7337414930487071
7712,0.7338952034581787
7713,0.7340654716786816
7714,0.7341012463798507
7715,0.7341435105536308
7716,0.7341490128388122
7717,0.7342304063676768
7718,0.73423199977062
7719,0.7343397377880806
7720,0.7343463434999263
7721,0.734391082327874
7722,0.7345131735010184
7723,0.7346269957084126
7724,0.7346897266558956
7725,0.7347324974918792
7726,0.7347453413407034
7727,0.7349367102305048
7728,0.734958738571917
7729,0.7349672380738724
7730,0.7350741821781291
7731,0.7351036105861498
7732,0.7351205058585445
7733,0.7351772379289641
7734,0.7352276640017018
7735,0.7353005169383441
7736,0.7356325679022694
7737,0.7357665874203858
7738,0.735947973466316
7739,0.7359604293036607
7740,0.7361395940415143
7741,0.7361452267321928
7742,0.7362004368206482
7743,0.7362620055245855
7744,0.7365269331260862
7745,0.7365651326022841
7746,0.7368384575145981
7747,0.7369047660004855
7748,0.737199250280217
7749,0.7373682808902817
7750,0.7374924707087777
7751,0.737549987543074
7752,0.7376112800366359
7753,0.7376678927785975
7754,0.7376721219359528
7755,0.7377843749546954
7756,0.7378437908451416
7757,0.737844695202446
7758,0.7379300774186408
7759,0.7379542839410143
7760,0.73800368106691
7761,0.7380279778647953
7762,0.738095532160183
7763,0.738132908772796
7764,0.7381676364774011
7765,0.738270196390667
7766,0.7382943112098331
7767,0.7384429506395747
7768,0.7384446869931464
7769,0.7385269607248974
7770,0.7385281989538148
7771,0.7388577061731391
7772,0.7389067098518455
7773,0.7389232851227052
7774,0.7389295032975258
7775,0.7390119450448942
7776,0.7390606077666065
7777,0.7390673651426402
7778,0.7393533097147768
7779,0.7393991187785183
7780,0.7394487863950119
7781,0.7397363511654934
7782,0.7397406667689082
7783,0.7398459431450891
7784,0.7399441306808137
7785,0.7399722325067195
7786,0.7400355534887657
7787,0.7400512991272827
7788,0.7401075140014641
7789,0.7401769475491289
7790,0.7402433730133884
7791,0.7403717192496624
7792,0.7404072923397341
7793,0.7404687548274435
7794,0.7404833638828303
7795,0.7407801467945614
7796,0.7407811925468659
7797,0.7409635769297943
7798,0.7409672911048266
7799,0.7409747187477803
7800,0.740998340570069
7801,0.7409988010484769
7802,0.7410632301176738
7803,0.7412827686403156
7804,0.7412902830800036
7805,0.741430041047699
7806,0.741673122352301
7807,0.7419118910320356
7808,0.7420226975728864
7809,0.7421436728171055
7810,0.7422493170114863
7811,0.7423336143238255
7812,0.7425580896363276
7813,0.7426511852936635
7814,0.7426554246832971
7815,0.7426979548360421
7816,0.7427098252343829
7817,0.7427139643486599
7818,0.7427142761752461
7819,0.7427813283070539
7820,0.7428752244134875
7821,0.7430046456890598
7822,0.743030616748712
7823,0.743109345998911
7824,0.7432980956853978
7825,0.7433205343162572
7826,0.7434451870835035
7827,0.7435245674602797
7828,0.7436375398031368
7829,0.7436991512337919
7830,0.7437383514577638
7831,0.7437532919012764
7832,0.7437635827088263
7833,0.7440631237710038
7834,0.744171006720962
7835,0.7441936816337843
7836,0.7442029596350435
7837,0.7443509760963309
7838,0.7445650153700639
7839,0.7446338625004172
7840,0.7447284960580695
7841,0.7447707727688044
7842,0.7449932677593927
7843,0.7450379271435771
7844,0.7451494446225347
7845,0.745158498636455
7846,0.7451868163489168
7847,0.7454344807863108
7848,0.745447306402688
7849,0.7455293551576649
7850,0.7456179136432814
7851,0.745701676747967
7852,0.7457904699863455
7853,0.7457921516344018
7854,0.7458088333470504
7855,0.7458257199049737
7856,0.7459214357187629
7857,0.7459259153000612
7858,0.7459845597219836
7859,0.7459948591832395
7860,0.7461672467455869
7861,0.7462455674703232
7862,0.7463181718544215
7863,0.74646484956778
7864,0.7465708181942219
7865,0.7466434277461482
7866,0.7466855222731856
7867,0.7467324965534063
7868,0.7467673752814945
7869,0.7467933511656205
7870,0.7468296361264185
7871,0.7468512727037832
7872,0.7468614517889497
7873,0.7468900610898698
7874,0.7469701034220921
7875,0.7470334215495317
7876,0.747243475989467
7877,0.7473288483603716
7878,0.7473582899292569
7879,0.7474276975557734
7880,0.7474303566596953
7881,0.7475710785008318
7882,0.7477003109564443
7883,0.7477035569496913
7884,0.7477625918554544
7885,0.7478799509039871
7886,0.7481418686009332
7887,0.7483711315971574
7888,0.7484444698404564
7889,0.7485272318521438
7890,0.7485550382419137
7891,0.7485927179545457
7892,0.7486158114253696
7893,0.7487133370845908
7894,0.7488082827349832
7895,0.7489106097233647
7896,0.7491335264051121
7897,0.7494342849570057
7898,0.7495610450369409
7899,0.7495765595877006
7900,0.7496349691262622
7901,0.7498400656436252
7902,0.7501092548616135
7903,0.7501195918781604
7904,0.7504467602925837
7905,0.7504652065429517
7906,0.7504737632411733
7907,0.750536073213069
7908,0.7505481832183141
7909,0.7506699767996621
7910,0.7506902482126164
7911,0.7507149013175693
7912,0.7507674144287934
7913,0.7508989063805954
7914,0.7511163569783184
7915,0.7511963999451317
7916,0.7514981275917711
7917,0.751509246118044
7918,0.7516377411972144
7919,0.7517154717506516
7920,0.7517444664516295
7921,0.7518168053271869
7922,0.7519522898001297
7923,0.7521396743214446
7924,0.7521533002872934
7925,0.7524791887050095
7926,0.7525063669371392
7927,0.7525109637728333
7928,0.7526284383323915
7929,0.7527252093772071
7930,0.752789842597205
7931,0.752878964055439
7932,0.7529352868418122
7933,0.753028243592817
7934,0.7530473133791343
7935,0.7531180019626285
7936,0.7531698098333099
7937,0.753378526701465
7938,0.7534780131329459
7939,0.7534954899464118
7940,0.7535633044957657
7941,0.7537884293628404
7942,0.7538608792067315
7943,0.7539358979344667
7944,0.754003400488373
7945,0.7541495082948206
7946,0.754222763268594
7947,0.7544126028192399
7948,0.7544637742504259
7949,0.7544792376456202
7950,0.7548374177667161
7951,0.7549251125680345
7952,0.7549474687435066
7953,0.7550398096782807
7954,0.755056638316162
7955,0.7550813838805538
7956,0.7553277452876828
7957,0.7553447957521903
7958,0.7554165915969445
7959,0.7555349075796212
7960,0.755858525489033
7961,0.7559021972871817
7962,0.756034544609768
7963,0.7561023630995551
7964,0.7561149557670998
7965,0.7561763040590398
7966,0.7563201643221054
7967,0.7563427091240986
7968,0.7563888342559786
7969,0.756552548610717
7970,0.7567249803576801
7971,0.7569042199671497
7972,0.7569345835356566
7973,0.7570106376554282
7974,0.7570751873929364
7975,0.7571303383306194
7976,0.7571458430034919
7977,0.7572868973813977
7978,0.7573048725438103
7979,0.7573900392131308
7980,0.7575519535439832
7981,0.7576165336594256
7982,0.7576642357869513
7983,0.7578314350261944
7984,0.7578912328027326
7985,0.7580688471368163
7986,0.7582171820040687
7987,0.7582845939673704
7988,0.7583252151634501
7989,0.7583815462517598
7990,0.7586113211861923
7991,0.7587328418950711
7992,0.7588570238256717
7993,0.7588970305220608
7994,0.7588998136911265
7995,0.758926429853789
7996,0.7589289109053458
7997,0.7590287230081594
7998,0.759056465545462
7999,0.7591073536426557
8000,0.7591073546092586
8001,0.7591822437810143
8002,0.7592155911807383
8003,0.7594095590588585
8004,0.759622411519308
8005,0.7596645318150281
8006,0.7597647084831607
8007,0.7597992890257242
8008,0.7598549902278573
8009,0.7599055526118491
8010,0.7599306684602805
8011,0.7600774100092399
8012,0.7601059378204728
8013,0.7601614262838339
8014,0.7601947195291617
8015,0.76028841917438
8016,0.7603418813041264
8017,0.7603579121538997
8018,0.7604397643510868
8019,0.7605660027125813
8020,0.7605960679697128
8021,0.7606335704669224
8022,0.7606634210414476
8023,0.7606777016037949
8024,0.760701676060922
8025,0.7607555979293259
8026,0.7607929946825864
8027,0.7609698642297298
8028,0.7609859209764116
8029,0.7610586766177775
8030,0.7611171347300425
8031,0.7611770113681253
8032,0.7612267601497328
8033,0.7612339341541696
8034,0.7612621615633209
8035,0.7612661485987225
8036,0.7612765181140354
8037,0.7612921477706935
8038,0.7614701152141092
8039,0.761494102255353
8040,0.7615180831662166
8041,0.7616151844208234
8042,0.7617085121169982
8043,0.7617706469039466
8044,0.7617870201163732
8045,0.7618441166100718
8046,0.7618828257688054
8047,0.7619311650384964
8048,0.7620347190726902
8049,0.762142020804897
8050,0.7621440970637048
8051,0.7621609653639516
8052,0.7622064306508929
8053,0.7622498279916559
8054,0.7623576135826017
8055,0.762365409367859
8056,0.762619212954126
8057,0.7626839263724061
8058,0.7627825521551108
8059,0.7627827712021447
8060,0.7628067341725646
8061,0.7629471657015747
8062,0.7629703299545655
8063,0.7629835020686778
8064,0.7631705857040463
8065,0.763171181046235
8066,0.7638054080046492
8067,0.763837777697872
8068,0.7638750026154615
8069,0.7639771925057363
8070,0.7641426272231788
8071,0.7641940903900846
8072,0.7643741039005036
8073,0.7643755106882821
8074,0.7644027876997811
8075,0.764575269367789
8076,0.764601829421786
8077,0.7646583506791368
8078,0.7646643113262265
8079,0.7647071952309622
8080,0.7647262341844154
8081,0.764798636308069
8082,0.7648009003736168
8083,0.7648222211043504
8084,0.7650776982739605
8085,0.7651829262270217
8086,0.765248749722061
8087,0.7652618734114024
8088,0.7653280256989071
8089,0.7654217227165268
8090,0.765427164584574
8091,0.7654288710879599
8092,0.765524864829208
8093,0.7655287470540445
8094,0.7655409235124525
8095,0.7656734066498221
8096,0.7656864211870468
8097,0.7657261454644159
8098,0.7657562029932423
8099,0.765789117971321
8100,0.765879290267294
8101,0.7658936285966677
8102,0.7659277623649859
8103,0.76602101606841
8104,0.766057830429457
8105,0.7661805324416816
8106,0.7661817606389939
8107,0.7662022023934905
8108,0.7662327907105349
8109,0.766288115847966
8110,0.7663056702839183
8111,0.7663339121453746
8112,0.7664792356987807
8113,0.7664941730076698
8114,0.7665429714771459
8115,0.7665487142791593
8116,0.7665751580401388
8117,0.7667138868030154
8118,0.7668064953970849
8119,0.7669396470673991
8120,0.7669689559886188
8121,0.7669893233010541
8122,0.7670405896077874
8123,0.7672814761894418
8124,0.7672894580656032
8125,0.7673131120169148
8126,0.7673838631482304
8127,0.7674550057555869
8128,0.7674845995220106
8129,0.7675983728720011
8130,0.7676000155524965
8131,0.7677374054253183
8132,0.7677591506835961
8133,0.7677706038337889
8134,0.767971203836086
8135,0.7680141258512255
8136,0.7680664118809756
8137,0.7680988447498279
8138,0.7681308709968773
8139,0.7682125069846787
8140,0.7682417790160043
8141,0.7682457234649219
8142,0.7682849932885966
8143,0.7684723161504876
8144,0.7687485784936545
8145,0.7687895125893409
8146,0.7687898752378296
8147,0.7689008483953853
8148,0.7690007231415142
8149,0.7690486338718744
8150,0.7690677147707605
8151,0.7692048244117897
8152,0.7693145762883531
8153,0.7693732979082855
8154,0.7694776957853908
8155,0.7696688903021615
8156,0.7698058357800167
8157,0.7699424273930269
8158,0.7700051180291801
8159,0.7701873824848267
8160,0.770284345238877
8161,0.7702956693708335
8162,0.7703921205333536
8163,0.7704193958419925
8164,0.7704391497054378
8165,0.7705657243722439
8166,0.7706005925707188
8167,0.7706534565833706
8168,0.7707109238600832
8169,0.7708733348098806
8170,0.7712198730525018
8171,0.7712821751151994
8172,0.7713039867951528
8173,0.7713800069158475
8174,0.7714425337829046
8175,0.7715710230922126
8176,0.7716577090643103
8177,0.7717852482188831
8178,0.7718882994979015
8179,0.7720291417907225
8180,0.7721081558373365
8181,0.7722086364630986
8182,0.7722255837739339
8183,0.772307532718671
8184,0.7724112952735023
8185,0.7724245840338833
8186,0.772433816833026
8187,0.7725203857978358
8188,0.7726047733968561
8189,0.772774079557204
8190,0.7728229701878158
8191,0.7730223123169779
8192,0.7730234509252647
8193,0.7731430424664264
8194,0.7733163204322115
8195,0.7733633837535022
8196,0.7734300959973658
8197,0.7734970483092813
8198,0.7735323989197003
8199,0.773568588911326
8200,0.7736643466030322
8201,0.7737308494825923
8202,0.7737827001551248
8203,0.7738983063836489
8204,0.7739002320944119
8205,0.7739182567031544
8206,0.7739688126056443
8207,0.7741116922618152
8208,0.7741949645149506
8209,0.7742531871451689
8210,0.7743454847509182
8211,0.7744757873118566
8212,0.7744768002727688
8213,0.7745110612604547
8214,0.7745171850558571
8215,0.7746442290092711
8216,0.774697280250397
8217,0.7748792629379658
8218,0.7749289102508197
8219,0.7749376261068566
8220,0.7749466004637418
8221,0.775049759832366
8222,0.7752540420208839
8223,0.7752576909009241
8224,0.7752917574448221
8225,0.7753618438995946
8226,0.7753805091973285
8227,0.775517561482447
8228,0.7756024744302706
8229,0.7757645840469661
8230,0.775808683200149
8231,0.7758321550234281
8232,0.7758378796500848
8233,0.7758385110217346
8234,0.7758429602395752
8235,0.7758711010071715
8236,0.7760123210524719
8237,0.7761975692273748
8238,0.7764559080266028
8239,0.7767542409640553
8240,0.7768045300255281
8241,0.7768267042381078
8242,0.7768824245734921
8243,0.7771067850621582
8244,0.7772252811598638
8245,0.7772371535873059
8246,0.7772724756242494
8247,0.7773224581064936
8248,0.7773364845736345
8249,0.7774947215279553
8250,0.7776904711888717
8251,0.7777499045472864
8252,0.7777899691485859
8253,0.7778163875820115
8254,0.7781687069502258
8255,0.7782251091295022
8256,0.7782701324518445
8257,0.7783954645930907
8258,0.778453260600896
8259,0.7786374093763078
8260,0.778683568780388
8261,0.7789620563056896
8262,0.7790552602373252
8263,0.779059803923076
8264,0.7791927088807344
8265,0.7792578578094314
8266,0.7792919866354505
8267,0.7793030157518079
8268,0.7793617096301404
8269,0.779396920966375
8270,0.7795539811290959
8271,0.779570166608302
8272,0.7795965558757623
8273,0.7797221035211722
8274,0.7798719871692953
8275,0.7799170738725018
8276,0.7799227786038472
8277,0.7799393053392664
8278,0.780091154062954
8279,0.7800995585252744
8280,0.7801207956764721
8281,0.7801354768826679
8282,0.7801816827233654
8283,0.7803256789152992
8284,0.7803690038165626
8285,0.7804247870316605
8286,0.7804274680765121
8287,0.7804367541806115
8288,0.7804556484031608
8289,0.7804643041697797
8290,0.780573142490223
8291,0.7805736824546761
8292,0.7806124382877078
8293,0.7807581270062199
8294,0.7808163061320621
8295,0.7809456368664356
8296,0.7810070124505963
8297,0.7810415882801998
8298,0.7810446820017168
8299,0.7810537360492825
8300,0.7810786160844474
8301,0.7811109487745118
8302,0.7811705034086428
8303,0.7812048880246887
8304,0.781244487123576
8305,0.7813136223623991
8306,0.7813665268975858
8307,0.7815442047720922
8308,0.7816701539112471
8309,0.7817509399888863
8310,0.7824440063670972
8311,0.7826065426667532
8312,0.78260784428287
8313,0.7826558703412574
8314,0.7826736048031607
8315,0.7828268715415334
8316,0.7828371809797685
8317,0.7828842427474757
8318,0.7830004102502938
8319,0.7831850977919615
8320,0.7832495417793088
8321,0.7834414524975941
8322,0.7834556739891902
8323,0.7834985354388757
8324,0.7835363929159973
8325,0.7836499467909559
8326,0.7837549211862747
8327,0.7839686365981866
8328,0.7841253269548413
8329,0.7843164375114274
8330,0.7843565686967676
8331,0.7845113635513017
8332,0.7845382772991504
8333,0.7845877444311198
8334,0.7850255144862145
8335,0.785146479978722
8336,0.7851592244147769
8337,0.78532770361817
8338,0.7854179113288549
8339,0.7854239634155974
8340,0.7855224687627274
8341,0.7855537016730628
8342,0.7855543028565852
8343,0.7856545482306704
8344,0.7856899541982705
8345,0.7857124035902205
8346,0.7857187120598058
8347,0.7857606445264832
8348,0.785807238473473
8349,0.7859461556580922
8350,0.7859823175394973
8351,0.7860581596363618
8352,0.7861295016358752
8353,0.7862184759592039
8354,0.7862677048059821
8355,0.7864202675776824
8356,0.7865595531634252
8357,0.7866700935916248
8358,0.7866920479823495
8359,0.7867002166647009
8360,0.7867639367048768
8361,0.7867700245865723
8362,0.7867961381600727
8363,0.7868366154695611
8364,0.7868495940430977
8365,0.7868642874979113
8366,0.786983618333565
8367,0.7871704267564671
8368,0.7874202564156628
8369,0.7874882832355757
8370,0.7875643979738715
8371,0.7876211151142793
8372,0.7876568288552719
8373,0.7877725179335819
8374,0.7879980160571053
8375,0.7880977257857916
8376,0.7882959579155141
8377,0.7885313675091229
8378,0.7888529732078924
8379,0.7889821920018057
8380,0.7890693019750199
8381,0.7891375419842039
8382,0.7892003764820796
8383,0.7893459059801259
8384,0.7893579109990492
8385,0.7896535666100531
8386,0.7896538545927767
8387,0.7897311247822747
8388,0.7898708535738874
8389,0.7900371603025318
8390,0.7901092417148066
8391,0.790346359965082
8392,0.7904913821125176
8393,0.7905887653635375
8394,0.7907001407515253
8395,0.7908000744627387
8396,0.7909076010753043
8397,0.7909851077874672
8398,0.7911985860935092
8399,0.7911987659347777
8400,0.7912347499831837
8401,0.7915376271714512
8402,0.7916221377085599
8403,0.7918617143561115
8404,0.7919027938862316
8405,0.7919237921929505
8406,0.7921015909123319
8407,0.7922447428164483
8408,0.7923103684827059
8409,0.7924227875287937
8410,0.7924664418420172
8411,0.7925729289204273
8412,0.7925802161603746
8413,0.7927240228257192
8414,0.7927835162203941
8415,0.7927853527090127
8416,0.7928357214259866
8417,0.7931116152940267
8418,0.7931192963164515
8419,0.7931394325492181
8420,0.7932152385952063
8421,0.7934357657820605
8422,0.7935342741859774
8423,0.7937275918480793
8424,0.7938892635365606
8425,0.793908326514549
8426,0.7941418856380271
8427,0.7942662720730304
8428,0.7943186551743691
8429,0.7945452226281212
8430,0.7946202639497348
8431,0.7946885836449953
8432,0.7946964546664715
8433,0.7949547214859719
8434,0.7951176651255126
8435,0.7953229867413927
8436,0.795475542781858
8437,0.7955706791715962
8438,0.7957330566168985
8439,0.7958208527638806
8440,0.7961236095681521
8441,0.7962101303448609
8442,0.7962553336569469
8443,0.7965670764541264
8444,0.7965752590606578
8445,0.7966120652693739
8446,0.796688093248474
8447,0.7967548470815302
8448,0.7968516325708992
8449,0.7969178020613019
8450,0.7970055669454531
8451,0.7970561995471039
8452,0.797210327586992
8453,0.7972418343754206
8454,0.7972728935416612
8455,0.797279237090749
8456,0.7974079451827761
8457,0.7974232666260049
8458,0.7975150932274149
8459,0.7976350272918922
8460,0.7977542136793099
8461,0.7977680865828713
8462,0.7979068404080437
8463,0.7979360379719668
8464,0.7980050816624675
8465,0.7980538675502782
8466,0.7981427542767847
8467,0.7983219330827677
8468,0.7984556431833502
8469,0.7986181934040048
8470,0.7986183098592483
8471,0.7986414407998419
8472,0.7987140061751801
8473,0.7987517350073541
8474,0.7988134568965348
8475,0.7988191652205201
8476,0.7988530249597348
8477,0.7988621571245941
8478,0.7989367575882707
8479,0.7989373479201548
8480,0.7990001440316995
8481,0.7990582194859994
8482,0.7991044908820014
8483,0.7991887307118577
8484,0.7992814681891338
8485,0.7994245268597203
8486,0.7994333224681016
8487,0.7995143228040881
8488,0.7995633893355447
8489,0.7996309689254161
8490,0.7997922293563577
8491,0.7999199973242874
8492,0.7999812346396663
8493,0.8000440832094727
8494,0.8000640705054247
8495,0.8001422817209506
8496,0.8002161513367639
8497,0.8002404008431908
8498,0.8002411227462606
8499,0.800253258730638
8500,0.800297402149854
8501,0.8003716162677869
8502,0.8004636905554261
8503,0.800475325116978
8504,0.8006552641872213
8505,0.8006760934059206
8506,0.8007978042459006
8507,0.8008302385262607
8508,0.8008724419217133
8509,0.8009311571428527
8510,0.801003205563934
8511,0.8010533650026871
8512,0.8012023927127543
8513,0.8013253969595856
8514,0.8013784882967098
8515,0.8014936056779871
8516,0.8015070376666181
8517,0.8016226070541643
8518,0.8017453538317763
8519,0.8017635420059805
8520,0.8020100348581285
8521,0.8020753455777755
8522,0.8020798777066418
8523,0.8023466164384927
8524,0.8024481342027138
8525,0.802588460453264
8526,0.8027131176410479
8527,0.802985799444773
8528,0.8031874403708623
8529,0.8033710524959016
8530,0.8036667660797462
8531,0.8036764061394818
8532,0.8037477012625851
8533,0.8038994348283015
8534,0.8040079035973535
8535,0.8040116928087929
8536,0.8040318092366076
8537,0.8040420016762457
8538,0.8044231311481219
8539,0.8044479297708944
8540,0.8044621670986895
8541,0.8046195060401258
8542,0.8046264322106369
8543,0.8046635031004616
8544,0.8047299385925911
8545,0.8047433082897758
8546,0.8047742411828043
8547,0.8047748234853186
8548,0.8048027359452535
8549,0.8049352334306727
8550,0.805004751480246
8551,0.8050454698610379
8552,0.8050608439002758
8553,0.805079223351945
8554,0.8050969487562594
8555,0.8052827647394725
8556,0.805415199711652
8557,0.8054206249980215
8558,0.8054290261832645
8559,0.8054340238486164
8560,0.8055470649815029
8561,0.8055923263842949
8562,0.8055971657584621
8563,0.8058141727441307
8564,0.8059782608031854
8565,0.8061536865654175
8566,0.8062029578128662
8567,0.8062429549075391
8568,0.8063050076879467
8569,0.8063781842326704
8570,0.806721882308769
8571,0.8067689035426752
8572,0.8069336157372323
8573,0.8069886682585885
8574,0.8070030251232312
8575,0.8071918856039676
8576,0.8074448373813115
8577,0.8074736499971997
8578,0.8077867745249011
8579,0.808093509050927
8580,0.8081555761962437
8581,0.8084589770845958
8582,0.8084610746915095
8583,0.8086204857341956
8584,0.8086341763321678
8585,0.8087028829403116
8586,0.8087425918543371
8587,0.80875419622739
8588,0.80876432287868
8589,0.8089340330919734
8590,0.8090692582585274
8591,0.8090826381860179
8592,0.8091990955738289
8593,0.8093538480736213
8594,0.8093600007589248
8595,0.8095472356834502
8596,0.8098004390042521
8597,0.8099959190370023
8598,0.8100534791613936
8599,0.810128254498274
8600,0.8101367754819317
8601,0.8102718108684719
8602,0.8103072077932366
8603,0.8103646258625844
8604,0.8104067693273638
8605,0.8105035127399972
8606,0.8106285677831035
8607,0.8109239182057089
8608,0.810948693037436
8609,0.811001221226326
8610,0.8110058505953764
8611,0.811029710721821
8612,0.8111053246359321
8613,0.8113062770585702
8614,0.8114702452060598
8615,0.8115349156600598
8616,0.8117178484691295
8617,0.811732506109132
8618,0.8118071987460072
8619,0.8121788126893799
8620,0.8121841166282302
8621,0.812232029191919
8622,0.8123188639908401
8623,0.8124584654530121
8624,0.8125264027132038
8625,0.8126987400900848
8626,0.8127091240068374
8627,0.8127765435988389
8628,0.8129564539554439
8629,0.8129616378168864
8630,0.8131653384221899
8631,0.8131712209645432
8632,0.8135758277709573
8633,0.8136997607115024
8634,0.8137181447771465
8635,0.8137700180041909
8636,0.813914296787261
8637,0.8139255221618469
8638,0.8139272556817745
8639,0.8139369798712852
8640,0.8139535640482605
8641,0.8145601042841146
8642,0.8146566134671211
8643,0.8146630696161675
8644,0.8149203446983317
8645,0.8149634954245979
8646,0.8150936968735478
8647,0.8151880103485749
8648,0.8153514671667561
8649,0.8154182597376227
8650,0.8154920632729993
8651,0.8158627966850471
8652,0.8159957788438029
8653,0.8161300219898521
8654,0.8161333585240498
8655,0.8162223297398721
8656,0.8163466156723986
8657,0.8164078856080419
8658,0.8164096949474358
8659,0.8164177871757295
8660,0.81643279036504
8661,0.8165213290443382
8662,0.8167207611714041
8663,0.8168459980712446
8664,0.8169484789622374
8665,0.8171125373457971
8666,0.8171227853780778
8667,0.8171327094950582
8668,0.8171590265839181
8669,0.8175581180316054
8670,0.8175968751806589
8671,0.8176664685182123
8672,0.8177032546017592
8673,0.8177815183709309
8674,0.817900069928743
8675,0.8179141458485126
8676,0.8179774801813144
8677,0.8182401347453562
8678,0.8184717624828601
8679,0.8185924143046029
8680,0.8186275413511698
8681,0.8187866427868422
8682,0.8188889151332163
8683,0.8190471732663407
8684,0.8191180122018055
8685,0.8193057859670594
8686,0.8194436294862665
8687,0.8196956482239557
8688,0.8200672779122673
8689,0.8200874666200161
8690,0.8202045165608913
8691,0.8202503737193345
8692,0.8203074064704527
8693,0.8206628799190734
8694,0.8206661144298599
8695,0.8206675633458266
8696,0.8207087103798848
8697,0.8207278943685399
8698,0.8207405840787024
8699,0.8208101250866316
8700,0.8208380578807688
8701,0.8209222985757492
8702,0.8209752431547765
8703,0.821054773475925
8704,0.8210865082846217
8705,0.8212766030980213
8706,0.821358794392803
8707,0.8213750143485821
8708,0.8214268977144095
8709,0.8215512171075995
8710,0.8215571873861002
8711,0.8217051985991097
8712,0.8217756751768988
8713,0.82198139819483
8714,0.8220175268262078
8715,0.8220378372695051
8716,0.8220748857492848
8717,0.8222509586050234
8718,0.8226316984408851
8719,0.822709406083163
8720,0.8227197994098129
8721,0.8228756837858248
8722,0.8229007396020684
8723,0.8229373738903649
8724,0.8229488995437424
8725,0.8230102939531927
8726,0.8231923655330702
8727,0.8232329845076974
8728,0.8232983900790554
8729,0.8233388984584211
8730,0.823468129227905
8731,0.8234813674524858
8732,0.8237407430886405
8733,0.8239822374367143
8734,0.8241668035301781
8735,0.8243455948054843
8736,0.8244101312934063
8737,0.8244380977869538
8738,0.8244417089250415
8739,0.824500137423114
8740,0.8246126606762438
8741,0.8246912756225753
8742,0.824879014768869
8743,0.825066325509893
8744,0.8251863170260916
8745,0.8253574478154423
8746,0.8255161831189376
8747,0.8255360241664605
8748,0.8255512203509828
8749,0.8256182113336339
8750,0.8256777113255358
8751,0.8257824489615092
8752,0.8259551022367575
8753,0.8259738734082185
8754,0.8260409883990985
8755,0.8261137506019065
8756,0.826131253273071
8757,0.826242930748486
8758,0.8263790386275456
8759,0.8264401914867782
8760,0.8265270066657624
8761,0.8265556303078299
8762,0.8265752034621591
8763,0.826578794466914
8764,0.8266753836408065
8765,0.8267338805227605
8766,0.8267899310800132
8767,0.8268235898499914
8768,0.8269245105251314
8769,0.8272839730899113
8770,0.8273099215956237
8771,0.8273159904947848
8772,0.8273759544577868
8773,0.8274061221257701
8774,0.8274293079362568
8775,0.8274781671196312
8776,0.8274882889539749
8777,0.8275898690390935
8778,0.8279468894009286
8779,0.8280319337266739
8780,0.8281047589128518
8781,0.8283271502475255
8782,0.8283753317603262
8783,0.8284245512751796
8784,0.8286039781607536
8785,0.8288196790133278
8786,0.8288430178373124
8787,0.8288898754085551
8788,0.8289894593765684
8789,0.829017835835542
8790,0.8290387155215059
8791,0.8291030709270987
8792,0.8292722948065524
8793,0.8293054736832299
8794,0.8293412695044357
8795,0.8293462600508711
8796,0.8293579844647702
8797,0.8294089593060837
8798,0.8295631881505408
8799,0.829809067225829
8800,0.830031722018886
8801,0.8300357058344381
8802,0.8301194113947703
8803,0.8301668609495552
8804,0.8303210203813362
8805,0.8305009363756146
8806,0.830515981675811
8807,0.8305562579483973
8808,0.8307023111667777
8809,0.830765315409989
8810,0.8308402664735043
8811,0.8308686844015752
8812,0.830907852354116
8813,0.8310888143225769
8814,0.8311021959711544
8815,0.8311450816602776
8816,0.831174175046028
8817,0.8322952702375552
8818,0.8324136827645021
8819,0.8324437478506789
8820,0.8324609842461934
8821,0.8325441704815563
8822,0.8326118670803815
8823,0.8326475535582051
8824,0.8328241850902172
8825,0.8329058545165546
8826,0.8329309973797981
8827,0.8330292957590433
8828,0.8330454018605972
8829,0.8330654694786142
8830,0.833286701598825
8831,0.8332937801033989
8832,0.8333500565359919
8833,0.8335254360207154
8834,0.8336670721011045
8835,0.8337296843290475
8836,0.833757355326263
8837,0.8340880010604625
8838,0.8342419545403962
8839,0.8342799103512276
8840,0.834303607524866
8841,0.8343576809499771
8842,0.8344603280302024
8843,0.8345549055836806
8844,0.8346041179856174
8845,0.8349214579312768
8846,0.8350789257911251
8847,0.835383911256364
8848,0.8354402374761087
8849,0.8355426278897924
8850,0.8355817078299498
8851,0.8356756903957046
8852,0.8357191338144923
8853,0.8357249658350736
8854,0.8357427288001789
8855,0.8359665818259425
8856,0.8360520964620913
8857,0.8361221769996735
8858,0.8363114799723048
8859,0.8363142725448152
8860,0.8363264194815095
8861,0.8365111531621701
8862,0.8365853313992861
8863,0.8367618441592644
8864,0.8368741509029977
8865,0.836918954126088
8866,0.8369301337906812
8867,0.836965355351047
8868,0.8369885398090824
8869,0.8371629782956017
8870,0.8371708783807034
8871,0.8372045193261379
8872,0.8372567208444575
8873,0.8373679810032733
8874,0.8373711210665101
8875,0.837397400326239
8876,0.837525757059241
8877,0.8375743422753682
8878,0.8376287853529295
8879,0.8376319156947047
8880,0.837656282314034
8881,0.8377779417690338
8882,0.837897541004561
8883,0.8379617248455687
8884,0.8380393608458967
8885,0.8380589355027575
8886,0.8382735595862234
8887,0.8384721792607721
8888,0.8385041351319091
8889,0.8387305409726636
8890,0.8387482489420777
8891,0.838776412420514
8892,0.8387809839195509
8893,0.8387863569217084
8894,0.8388132060998813
8895,0.8388797220149
8896,0.8389708907645466
8897,0.838983911838121
8898,0.8390149736064401
8899,0.8390562696388109
8900,0.8392306067446449
8901,0.8393029969666383
8902,0.8394394381121286
8903,0.8395260309069204
8904,0.839798781833935
8905,0.8397996017194803
8906,0.8398541655859136
8907,0.8398729055865854
8908,0.839913621163515
8909,0.8400192844167074
8910,0.8400418116970898
8911,0.8400532074326922
8912,0.840115983110879
8913,0.8401517665574558
8914,0.8401788562702789
8915,0.8402178803856643
8916,0.8402280812460264
8917,0.8402415389396138
8918,0.8403083728779891
8919,0.8404583456602853
8920,0.8405134425870695
8921,0.8405179815550584
8922,0.8405790481280355
8923,0.8407726948708875
8924,0.8408116052368997
8925,0.840835014437872
8926,0.8408484458756367
8927,0.8411431896289835
8928,0.8411553793803388
8929,0.8411588840462998
8930,0.8412018782820015
8931,0.841422111552101
8932,0.8416490226802789
8933,0.8417845076095605
8934,0.8418079336135356
8935,0.8420527942108417
8936,0.8421617791000138
8937,0.8421775501049571
8938,0.8421802034142214
8939,0.84219271212128
8940,0.842396681449105
8941,0.8424629365269979
8942,0.8425465199661331
8943,0.8426908185060311
8944,0.8426945967472762
8945,0.8426948814171495
8946,0.8427185513172458
8947,0.8429076320403887
8948,0.8430316267654383
8949,0.8430472850820403
8950,0.8433370840395072
8951,0.8435532228559914
8952,0.8435812398844181
8953,0.8438902525758599
8954,0.8439914563293605
8955,0.844033126119705
8956,0.8440489029505429
8957,0.8441708637593542
8958,0.8443346123803992
8959,0.8446053435731792
8960,0.8447506399199772
8961,0.8447734506712781
8962,0.8449038615667126
8963,0.8449597280168499
8964,0.8449848617919133
8965,0.8450425094069054
8966,0.845118457839025
8967,0.8452346885597334
8968,0.8453374287790912
8969,0.8453577323770626
8970,0.8453803484657976
8971,0.8454564249271563
8972,0.8456687188927945
8973,0.8457207144193482
8974,0.8457336623081874
8975,0.8458757638855219
8976,0.8461906841282846
8977,0.8462655096590215
8978,0.846298238537248
8979,0.8463339321593959
8980,0.8464097609739099
8981,0.8467212337127642
8982,0.8467416987163514
8983,0.8468247336329032
8984,0.8469659400816436
8985,0.8472087007548331
8986,0.8472608249238571
8987,0.8472697026934268
8988,0.8475343011799868
8989,0.8475520209992302
8990,0.847668565897246
8991,0.847686098173413
8992,0.8477040224014651
8993,0.8477161565110878
8994,0.8478442563327006
8995,0.8478771949420638
8996,0.8479214137075884
8997,0.8480648857122497
8998,0.8480701656648055
8999,0.8481014036083256
9000,0.8481403976327597
9001,0.8481432595616177
9002,0.8481627157337773
9003,0.8482096897503467
9004,0.8482125939785623
9005,0.8484069714469281
9006,0.848457325236812
9007,0.8486751674812587
9008,0.8487878387699124
9009,0.8488237086013755
9010,0.8488289654707716
9011,0.8489585865187271
9012,0.8489870430159743
9013,0.8491209695920932
9014,0.8492255405033419
9015,0.8492994391408026
9016,0.8493879957333074
9017,0.8494036468156603
9018,0.8494588861784188
9019,0.8495450556665157
9020,0.8496235049227813
9021,0.8497123743348063
9022,0.849884008754745
9023,0.8500128212540649
9024,0.8500263857297267
9025,0.8500415743255342
9026,0.8502379676941079
9027,0.8503588295438108
9028,0.850600250387956
9029,0.8507904441804784
9030,0.8508805496270454
9031,0.851151045876337
9032,0.8512123704726147
9033,0.8515981659177314
9034,0.8517208387155096
9035,0.8518271838776297
9036,0.8521838424590439
9037,0.8522405852796576
9038,0.852278724270069
9039,0.8522876581297059
9040,0.8522892811341379
9041,0.8523883774572841
9042,0.8524061833250293
9043,0.8524299612176357
9044,0.8524523679500783
9045,0.8525915707821586
9046,0.8527501575068921
9047,0.8527601671166584
9048,0.8528050856055456
9049,0.8529174833920424
9050,0.8529319727413617
9051,0.8530077426535344
9052,0.853131686149757
9053,0.8534410362510374
9054,0.8535192668601559
9055,0.8535698206384895
9056,0.8535929252656842
9057,0.853784841227986
9058,0.8538224948797091
9059,0.8538404135758495
9060,0.8539343898984327
9061,0.8539912483382491
9062,0.8541028684039371
9063,0.8541242295547972
9064,0.8542569988938685
9065,0.8542619059542677
9066,0.8542786936479401
9067,0.8543005560145315
9068,0.8543304942137859
9069,0.8545653225522634
9070,0.8546164456245164
9071,0.8547121104066828
9072,0.854756113054322
9073,0.8547593624523291
9074,0.8547972170912088
9075,0.8550511738522775
9076,0.8550682571513656
9077,0.8553025338904765
9078,0.8553298867266451
9079,0.8553912889731148
9080,0.8554853152444615
9081,0.8555026286997645
9082,0.8555654897407353
9083,0.8556139758518302
9084,0.8556216662051417
9085,0.8558083480656702
9086,0.855862425779459
9087,0.8558800781431337
9088,0.8559483606358846
9089,0.8565234942894191
9090,0.856569164766208
9091,0.8565906431983304
9092,0.8567071215526205
9093,0.8567264410245694
9094,0.8568887846402696
9095,0.8569409171470066
9096,0.8569574815219897
9097,0.8569654440779956
9098,0.8570373615135106
9099,0.8570763572571047
9100,0.8571208189716959
9101,0.8571857821287505
9102,0.857371346897581
9103,0.8575531570890867
9104,0.8577378329178243
9105,0.8578003354351132
9106,0.8578642540630228
9107,0.8581314337840174
9108,0.8581436345674487
9109,0.8581834296958275
9110,0.858279318176373
9111,0.8584675826650557
9112,0.8588491126255623
9113,0.8590379858647573
9114,0.8590816054018348
9115,0.8590885839039252
9116,0.8591033672827214
9117,0.8591827627897863
9118,0.859291176147688
9119,0.8593284793623119
9120,0.8594471333368144
9121,0.8594820306015677
9122,0.8595254748256849
9123,0.8595874090173591
9124,0.8596977268397242
9125,0.8597393129309351
9126,0.8597899976861617
9127,0.8598306342715867
9128,0.8598993517770038
9129,0.8599179695260791
9130,0.8599568401029969
9131,0.8600398751868836
9132,0.8601004400862812
9133,0.8602871425249651
9134,0.8603336611417918
9135,0.8603909196844205
9136,0.8603921791094165
9137,0.8604403629858054
9138,0.8604479665390243
9139,0.8605081185036653
9140,0.8605233627636654
9141,0.8606671593935664
9142,0.8607101039677916
9143,0.8608101155027889
9144,0.8610142558916699
9145,0.8610725118189118
9146,0.8611349898537678
9147,0.8611359592796801
9148,0.8613478191380188
9149,0.861399159587663
9150,0.8615534664919583
9151,0.8616826053037653
9152,0.8618706431291876
9153,0.8618712607052421
9154,0.8621508014033532
9155,0.8621777583446608
9156,0.8622372764677584
9157,0.862272469036156
9158,0.8622740951515058
9159,0.8627361461952087
9160,0.8627561812531739
9161,0.8628340766396512
9162,0.8628359924422649
9163,0.8631283871653939
9164,0.8631947040342807
9165,0.8632111135732241
9166,0.8632492075854976
9167,0.8632913600016665
9168,0.8633218459904557
9169,0.8635066723674512
9170,0.863632542762048
9171,0.8637582249400368
9172,0.8641112078984915
9173,0.8641271081241704
9174,0.8642347014048283
9175,0.8643932999947904
9176,0.8647492849449863
9177,0.8647793595043994
9178,0.8649101673905496
9179,0.865156460418031
9180,0.8651799665679241
9181,0.8652215308708561
9182,0.8652238806341507
9183,0.8653570627674592
9184,0.8653877219339965
9185,0.8655742874673515
9186,0.8656392866521601
9187,0.8658795042297964
9188,0.8659510657941182
9189,0.8662144554437303
9190,0.8662612501786379
9191,0.8663655171949258
9192,0.8663944117915604
9193,0.8664221718056435
9194,0.8665574493017518
9195,0.8667930963669077
9196,0.8668096888284684
9197,0.8669026765044018
9198,0.8669754646497942
9199,0.8670381104343666
9200,0.867048260619044
9201,0.8670886525417523
9202,0.8671303442983218
9203,0.8671813626648045
9204,0.8674047899120506
9205,0.8674822233876098
9206,0.8676464838757973
9207,0.8677083255170986
9208,0.8678465937520605
9209,0.8679473007549863
9210,0.8683068651207041
9211,0.8683884520980126
9212,0.8685234626977779
9213,0.868660011018129
9214,0.8686785821055644
9215,0.8687518975933196
9216,0.8687606869482101
9217,0.8687823512392345
9218,0.8689727345972955
9219,0.8690008148148546
9220,0.8690065417246613
9221,0.8690212461383637
9222,0.8690451718510043
9223,0.8693776756461576
9224,0.8693974505590387
9225,0.8695642699136852
9226,0.8695884047189417
9227,0.8696856416625939
9228,0.8696932150923024
9229,0.8697714676816322
9230,0.8699072498498546
9231,0.8699529181304819
9232,0.870026696559295
9233,0.8700634194000881
9234,0.8700934120967442
9235,0.8701108711944993
9236,0.8701932885796935
9237,0.8702467338902857
9238,0.870250478312798
9239,0.8702843181475108
9240,0.8703823413784353
9241,0.8704574375403178
9242,0.8707955154688763
9243,0.8710221359593752
9244,0.871077939893511
9245,0.8710893809030352
9246,0.8711038405132956
9247,0.8711337174155571
9248,0.871165074430775
9249,0.871170203166223
9250,0.8711776432252603
9251,0.8718521907566275
9252,0.8718955947332454
9253,0.8718994601788151
9254,0.8719183708432612
9255,0.8719603116569962
9256,0.8719795804732868
9257,0.8720598798342953
9258,0.8723383611174846
9259,0.8723627996755792
9260,0.8723807554750288
9261,0.872390584448121
9262,0.8724262347615589
9263,0.8726365081153316
9264,0.8728023453998656
9265,0.8730539849184497
9266,0.8731931811389032
9267,0.8735365023532358
9268,0.8736362829858982
9269,0.8737466298086979
9270,0.8739414635218491
9271,0.874020202794819
9272,0.8740586454937119
9273,0.8740592465820283
9274,0.8740944460339748
9275,0.874286791422135
9276,0.8744004117500266
9277,0.8744687364392827
9278,0.8745289966866592
9279,0.8745757556673389
9280,0.874590812097043
9281,0.874621450870757
9282,0.8746655481529043
9283,0.8747693945808774
9284,0.874786777194455
9285,0.8751583944089594
9286,0.8753138029826139
9287,0.8753371470796087
9288,0.8755278801893263
9289,0.8756044829423981
9290,0.8756317299250944
9291,0.8758360160998458
9292,0.8758673509312166
9293,0.8758921618683714
9294,0.8759127859859442
9295,0.8759520086749272
9296,0.8760316423818818
9297,0.8760612034434301
9298,0.876096719093588
9299,0.8762189897704707
9300,0.8765408154785749
9301,0.8767932753221088
9302,0.876917892804563
9303,0.8771196598517792
9304,0.8772522106547942
9305,0.8772700506741695
9306,0.8773257050147021
9307,0.8775721237715421
9308,0.8775833632122574
9309,0.8776587653628969
9310,0.8778327444059684
9311,0.877841003660271
9312,0.8778682754182923
9313,0.8778859008467448
9314,0.8779325743449757
9315,0.8779889554922135
9316,0.878114726173358
9317,0.8781954053963161
9318,0.8782582010835814
9319,0.8784328530116158
9320,0.8785605183594093
9321,0.8786104505027323
9322,0.8786597747758907
9323,0.8789118724015073
9324,0.8790026815363321
9325,0.8792467182171946
9326,0.8793180214818259
9327,0.8793717872236249
9328,0.879729067588058
9329,0.8797613882785267
9330,0.879814853745446
9331,0.8798368929461563
9332,0.8798470630681359
9333,0.8798981538920887
9334,0.8799154546309476
9335,0.8800096659082113
9336,0.8801596914472984
9337,0.8801767951965989
9338,0.8802613095599091
9339,0.8803085124884278
9340,0.8803572665619873
9341,0.8803845754756132
9342,0.8804246625347201
9343,0.8804331905873264
9344,0.8804876228679266
9345,0.8806752255263847
9346,0.8808580267276774
9347,0.8809861240868123
9348,0.8810612256141075
9349,0.8814763928460841
9350,0.8815666979503405
9351,0.8816867086090747
9352,0.8820194400922575
9353,0.8822141971294511
9354,0.8822142873288744
9355,0.8823201488621502
9356,0.8824534824454717
9357,0.882621799963479
9358,0.8826267873809691
9359,0.8828288032258645
9360,0.8828782436847817
9361,0.8829214076332136
9362,0.8830635157978918
9363,0.8830830778914377
9364,0.883322664990587
9365,0.8833896669494486
9366,0.883434096956065
9367,0.8836403576313206
9368,0.8837101541992219
9369,0.8838504689873756
9370,0.8838903821258377
9371,0.8839311244406759
9372,0.8839607635838521
9373,0.884389069434336
9374,0.8844818688552691
9375,0.8845181365307119
9376,0.8846662641005832
9377,0.884802423287286
9378,0.884812040446291
9379,0.8848352926505371
9380,0.8850520567014759
9381,0.8850991715374232
9382,0.8851825457413237
9383,0.8854778439859583
9384,0.8854997512355035
9385,0.8855386371858937
9386,0.8855541730196104
9387,0.8856738178419168
9388,0.8857896973938868
9389,0.8857921885496262
9390,0.8861671536744526
9391,0.8861981330784979
9392,0.8862079028835171
9393,0.886277889760524
9394,0.8863725341596489
9395,0.8865416289796708
9396,0.8865797330379555
9397,0.886656616810113
9398,0.8867196994084453
9399,0.8868955172181514
9400,0.8869347606786374
9401,0.8871945897821278
9402,0.887209130828952
9403,0.8872727405796381
9404,0.8872942968931183
9405,0.8874165094696456
9406,0.8874470423125558
9407,0.8874504976070041
9408,0.8875453591336486
9409,0.8876986408211759
9410,0.8880994502501132
9411,0.88829168260101
9412,0.8883289892217606
9413,0.8883916088022382
9414,0.8884083591866627
9415,0.8885133212901553
9416,0.8887143784047079
9417,0.8887172103085919
9418,0.8887937243444589
9419,0.8888504259682538
9420,0.8889732558525442
9421,0.88900495230064
9422,0.8891864037498706
9423,0.8893054137422954
9424,0.8893350348100139
9425,0.8895191377319747
9426,0.8895347973100185
9427,0.8895375679318671
9428,0.8897364842000699
9429,0.889749342792345
9430,0.8900291999241376
9431,0.8900401479156599
9432,0.890124560604599
9433,0.890367159206496
9434,0.8903859673996588
9435,0.8903889416720854
9436,0.890520166078268
9437,0.8905796922929622
9438,0.8907001730198906
9439,0.8907501959749095
9440,0.8907784766041605
9441,0.8908936283438634
9442,0.8909617569717512
9443,0.891067609034607
9444,0.8912304436919646
9445,0.8914031857783916
9446,0.8914295791499945
9447,0.8915080933259034
9448,0.8915191271957773
9449,0.8918149216975783
9450,0.8918242982628805
9451,0.8919688082357069
9452,0.8921060759058348
9453,0.8921863269564851
9454,0.8922129423060089
9455,0.8922536454151201
9456,0.892266190306863
9457,0.8923438283388984
9458,0.892438636881637
9459,0.8924849904497116
9460,0.8925720485184712
9461,0.8925837544633837
9462,0.8928026861964597
9463,0.8929993055849662
9464,0.8930774679961228
9465,0.8931546526172611
9466,0.8932051020888464
9467,0.8932501745025228
9468,0.8934169048329589
9469,0.8935377236045087
9470,0.8935566428515644
9471,0.8935635113788651
9472,0.8936348030842165
9473,0.8936514637702229
9474,0.8938009573291819
9475,0.8939461159399194
9476,0.89405123680859
9477,0.89406734281576
9478,0.8940680616645018
9479,0.8941925005510136
9480,0.8945961271590701
9481,0.8946128217243055
9482,0.8948034919363729
9483,0.8948267502670089
9484,0.8950540275414038
9485,0.89507156775819
9486,0.8951453083754435
9487,0.8952161388091133
9488,0.895270406880403
9489,0.8953304187418821
9490,0.8953891697238298
9491,0.8954945176713547
9492,0.8955533513499362
9493,0.8956357903301223
9494,0.8956551582219024
9495,0.8958471371772768
9496,0.8959829320913136
9497,0.8959954177379621
9498,0.8960435929914533
9499,0.8961254247939683
9500,0.8961868663004866
9501,0.8964000835913105
9502,0.8964439059866905
9503,0.8965589303424225
9504,0.896562809517571
9505,0.8965740372997897
9506,0.8966211866929008
9507,0.8969868125656224
9508,0.8969907100098464
9509,0.8970068888497298
9510,0.8970398092796716
9511,0.8970560283011426
9512,0.897128045664271
9513,0.8971887776578205
9514,0.8972658004538949
9515,0.8972901863846323
9516,0.8974928659785802
9517,0.897500490350551
9518,0.8978392091324137
9519,0.8982507335076239
9520,0.8984199726608603
9521,0.8984365461365166
9522,0.8985040963784674
9523,0.8986494149173134
9524,0.898750312971309
9525,0.8991147182176542
9526,0.8991718140242402
9527,0.8993055052147946
9528,0.8994938447775855
9529,0.8998886248183594
9530,0.9002468362636692
9531,0.9003178595376651
9532,0.9004847762728001
9533,0.9005522360514364
9534,0.9006929453385207
9535,0.9007946952599443
9536,0.9011160705012575
9537,0.901153552164933
9538,0.9013524361205
9539,0.901396709034767
9540,0.9015438529550455
9541,0.9015644242099502
9542,0.9016012789104457
9543,0.901757294512898
9544,0.9020824978329871
9545,0.9021084107605483
9546,0.902350398142747
9547,0.9024324405834053
9548,0.9024690245231918
9549,0.9024798780567801
9550,0.9028632561322534
9551,0.9028972496730956
9552,0.902968652665958
9553,0.9029816909871464
9554,0.9029865572604658
9555,0.9030655406793429
9556,0.9031200963995624
9557,0.9033402249586855
9558,0.9035435381863927
9559,0.9035458619732907
9560,0.9035653064075818
9561,0.9035784565972043
9562,0.9036085658469419
9563,0.9037043104734456
9564,0.9037404028356434
9565,0.9037988929216001
9566,0.9038271862560825
9567,0.9038354575713337
9568,0.9038388483360602
9569,0.9038828025349489
9570,0.9041782367975848
9571,0.9041888893841564
9572,0.9042200523065071
9573,0.9042990020672584
9574,0.9043096925428342
9575,0.9045528946083043
9576,0.9045825792854708
9577,0.9047048123673828
9578,0.9047869672395819
9579,0.904852568399971
9580,0.9049638320384811
9581,0.9051547448934133
9582,0.9052251736856229
9583,0.9053117666883879
9584,0.9054012256390839
9585,0.9055815457130856
9586,0.905696221506975
9587,0.9057852320150501
9588,0.9058315128463166
9589,0.9059862521014784
9590,0.9060726982082081
9591,0.9061197972316064
9592,0.9063770122261282
9593,0.9064258943540492
9594,0.9064475778367107
9595,0.9064689358305372
9596,0.9065256706958097
9597,0.9065454452273194
9598,0.9065907265930069
9599,0.9066248283907165
9600,0.9067307520716885
9601,0.9067487997566019
9602,0.9067640883196062
9603,0.9069868041763572
9604,0.9070432534013544
9605,0.9071648378556227
9606,0.9072933017438336
9607,0.9073516698810894
9608,0.9073750427523766
9609,0.9074271814446803
9610,0.907536904152488
9611,0.9076040934343259
9612,0.9078239316700774
9613,0.9081227677215526
9614,0.908176331581335
9615,0.9082447555132577
9616,0.90838873138973
9617,0.9085133561868934
9618,0.9086446199495677
9619,0.9087022616561673
9620,0.9087783313198753
9621,0.9088024840275979
9622,0.9089978412489004
9623,0.9091237731341159
9624,0.9091556401375603
9625,0.9091606403900665
9626,0.9093499589618915
9627,0.9095758616302123
9628,0.909758141892227
9629,0.9098928089416206
9630,0.909999340951408
9631,0.9101548935115472
9632,0.9102772981766655
9633,0.9102828626167733
9634,0.9102979930469881
9635,0.9103139278402997
9636,0.9104983268171962
9637,0.910697384578295
9638,0.9108798558196454
9639,0.9109931553976521
9640,0.911034338576983
9641,0.911044226493003
9642,0.9111439508219502
9643,0.9113433594485898
9644,0.9117111076347535
9645,0.9118454543869364
9646,0.912116217607576
9647,0.9121513240266712
9648,0.9122594016373093
9649,0.912382042947476
9650,0.9125438208202518
9651,0.9125607948946302
9652,0.9126416770184494
9653,0.9126684123902323
9654,0.9127036011260989
9655,0.9127522163981265
9656,0.9127607605761595
9657,0.9127787402097
9658,0.9131695521401739
9659,0.9131757950147659
9660,0.9131953586174311
9661,0.9132457463063809
9662,0.9133144277108883
9663,0.9134914975971773
9664,0.9135650029399739
9665,0.9136026985592435
9666,0.913609668034588
9667,0.9136556069282167
9668,0.9136896876870356
9669,0.9137473394617107
9670,0.9139009037063766
9671,0.913944186064926
9672,0.9141522214657549
9673,0.9142818580901486
9674,0.9143272316975437
9675,0.9144003652065973
9676,0.9146416904017662
9677,0.9147258270271541
9678,0.9147843981848391
9679,0.9148905854367226
9680,0.9149191486973993
9681,0.9150308788468563
9682,0.9153109545395652
9683,0.9154537007307103
9684,0.9156626913754791
9685,0.915761655220458
9686,0.9159011075687102
9687,0.9159163156839248
9688,0.9162000435634732
9689,0.9163279848804201
9690,0.9163500988831792
9691,0.9166095662523328
9692,0.9167734749679415
9693,0.9169244537220265
9694,0.9169583610850145
9695,0.9173106488752361
9696,0.9173223081850619
9697,0.9173230601198986
9698,0.9174068203074796
9699,0.9175471204840774
9700,0.9176305484205215
9701,0.9177903321672374
9702,0.9178241242331315
9703,0.9178274988073497
9704,0.9178612556745038
9705,0.9179247347674191
9706,0.9179434182068649
9707,0.918281489709896
9708,0.9183877689088068
9709,0.9184700437780224
9710,0.9184788106416742
9711,0.918525385468263
9712,0.918552427535173
9713,0.9186394378505177
9714,0.9188404897672898
9715,0.9188511498780167
9716,0.9189958378845
9717,0.9191229652142018
9718,0.9195898795923158
9719,0.9197203884515305
9720,0.919787583921227
9721,0.9199737800021861
9722,0.9200138933121091
9723,0.9200983761105919
9724,0.9202316794951372
9725,0.9203806197536807
9726,0.9207286477401555
9727,0.9207433666331564
9728,0.9207604447376467
9729,0.9207751859240756
9730,0.9210364379079067
9731,0.9210440436928263
9732,0.9210756361348178
9733,0.9212176548885233
9734,0.921274635865911
9735,0.9213169932370987
9736,0.9214982588418119
9737,0.9214987205929599
9738,0.9215321926903481
9739,0.9216151279038793
9740,0.9216325166046264
9741,0.9217214768613309
9742,0.9217331807254014
9743,0.9219279522755643
9744,0.921987676631743
9745,0.9220966810464151
9746,0.9221211933811602
9747,0.9222334509597163
9748,0.9225009846085833
9749,0.9226096388564439
9750,0.9226453766479941
9751,0.9227784635761435
9752,0.9228485157770926
9753,0.9228526463282101
9754,0.9231975052919192
9755,0.9233165233506078
9756,0.9237227689182685
9757,0.9237473586475998
9758,0.9237700776636003
9759,0.9237738560191944
9760,0.9239965664189752
9761,0.9239984984586401
9762,0.9240501336292646
9763,0.9240989259727481
9764,0.9243004565625822
9765,0.9243252456191113
9766,0.9244095668517883
9767,0.9245571522563756
9768,0.9245705384929284
9769,0.9245840443149929
9770,0.924777123857211
9771,0.9247855898862014
9772,0.9248057082328225
9773,0.9248504500794579
9774,0.9248881004746701
9775,0.9250368780648511
9776,0.9250399674345405
9777,0.9250909458268467
9778,0.9251414893293751
9779,0.9251608995241694
9780,0.9252730471657862
9781,0.9255938245462725
9782,0.9255941483545116
9783,0.9256315527967411
9784,0.9260159383306188
9785,0.9260256998080529
9786,0.9260638496111646
9787,0.9260788797378523
9788,0.9261020091505334
9789,0.9261735379321852
9790,0.9263602502742826
9791,0.9263910753012615
9792,0.9264912389151247
9793,0.9265488647160214
9794,0.9268126792606854
9795,0.9268411867820331
9796,0.9269156212666763
9797,0.9269432778334344
9798,0.9269702305342714
9799,0.9269961107345915
9800,0.9270115939964566
9801,0.9271132929874449
9802,0.9272000549917253
9803,0.9272798318320079
9804,0.9274692044646492
9805,0.9274802835259125
9806,0.9276675226864217
9807,0.927809525820386
9808,0.9279342784118186
9809,0.9281794323846149
9810,0.9283000678482632
9811,0.9286905863308755
9812,0.9287730253009949
9813,0.9288538971084093
9814,0.9288667489707203
9815,0.9289235799031481
9816,0.9290508535980845
9817,0.9291164675567273
9818,0.9291884296709626
9819,0.9292982264932992
9820,0.9293326759998444
9821,0.9293494244253138
9822,0.9294507377819701
9823,0.9294538591069101
9824,0.9294674706758606
9825,0.9295534253846873
9826,0.9296203981794644
9827,0.9296210829735058
9828,0.9296435776201533
9829,0.9297389506547512
9830,0.9297891088501258
9831,0.9298586503134574
9832,0.9298773946461533
9833,0.9299964500372626
9834,0.9301144689020079
9835,0.9302853213149296
9836,0.9303116923198677
9837,0.9303585615206942
9838,0.9303978858039177
9839,0.9304466808331763
9840,0.9305295634783888
9841,0.9305864527411535
9842,0.9307382510818004
9843,0.9307780884043155
9844,0.930906574507699
9845,0.9309503895837463
9846,0.9311357822929894
9847,0.9311733742179801
9848,0.9312818780312399
9849,0.9314211975061893
9850,0.9315178691462919
9851,0.9315537651618983
9852,0.9316934105025155
9853,0.9318455644461434
9854,0.9318978603070243
9855,0.9319587252960536
9856,0.9319806191908848
9857,0.9319924086317016
9858,0.932109182100911
9859,0.9321852269694895
9860,0.9322461916354586
9861,0.9323482423016948
9862,0.9324265875272912
9863,0.9325956358338189
9864,0.9326125692554317
9865,0.9327471163846641
9866,0.9328220819068478
9867,0.9329854169344988
9868,0.9331152114977488
9869,0.933180597552948
9870,0.9334280293126503
9871,0.9335069667471363
9872,0.9335197395885971
9873,0.9336084542376998
9874,0.9337073823364219
9875,0.9337650169653443
9876,0.9337753362043283
9877,0.9340446611521317
9878,0.9342249209006059
9879,0.9343230619913502
9880,0.9343484785609966
9881,0.9343844380446032
9882,0.9344238735579136
9883,0.9344732049120581
9884,0.9346790096764734
9885,0.934787544230817
9886,0.9348635090598935
9887,0.9348904242884364
9888,0.9350856472028798
9889,0.935179778588709
9890,0.935316888752768
9891,0.9355294415547691
9892,0.9355507519555004
9893,0.9356873783340797
9894,0.9357370097198676
9895,0.9357520499547635
9896,0.9357769411821927
9897,0.9358311122706958
9898,0.9358449486549145
9899,0.9359256715061608
9900,0.9359259488022182
9901,0.9360232337593101
9902,0.9361322387578701
9903,0.9361842114161478
9904,0.9363275088891004
9905,0.9363476727799743
9906,0.936368575222396
9907,0.9364342888742052
9908,0.936580390567189
9909,0.9366440651167974
9910,0.9366629014807709
9911,0.9366636958850403
9912,0.936679257162812
9913,0.9367625874910688
9914,0.9369203319687813
9915,0.936956200408843
9916,0.9369670840426447
9917,0.9369925216152896
9918,0.9370992858473437
9919,0.9371674557538945
9920,0.9373163814467282
9921,0.9374214461580472
9922,0.9375528167323456
9923,0.9375558539068362
9924,0.9376609558431059
9925,0.937676907487284
9926,0.9377975808480373
9927,0.9378269468481046
9928,0.9378303349510422
9929,0.9378694043074695
9930,0.9380501607791132
9931,0.9380919302779844
9932,0.9382641801971222
9933,0.9382768160268897
9934,0.938366493728255
9935,0.9384244866196708
9936,0.938446020917561
9937,0.9385748404094665
9938,0.9386188923998352
9939,0.9387617796240574
9940,0.9388055434482705
9941,0.9392720064141834
9942,0.9395171520037698
9943,0.9396025646510117
9944,0.9397300890198615
9945,0.9398029747528323
9946,0.9399862769631026
9947,0.9400032809490194
9948,0.9400035429161284
9949,0.9400247201033828
9950,0.9400607991157536
9951,0.9401321256401178
9952,0.9401362732822274
9953,0.9401710903735473
9954,0.9402170016425313
9955,0.9402577852093739
9956,0.9403773236625683
9957,0.9403807980484584
9958,0.9404271106261901
9959,0.9404491861880795
9960,0.9404859712860747
9961,0.940600717180817
9962,0.9407186288374323
9963,0.9407361097102674
9964,0.9407543755632698
9965,0.9407614984631117
9966,0.9407865317335662
9967,0.9407869280805863
9968,0.9410167742134757
9969,0.9410538770227009
9970,0.9411047449175001
9971,0.9411153978324024
9972,0.941263087749393
9973,0.941290052418773
9974,0.9412921144802258
9975,0.9413327462909017
9976,0.941356461244725
9977,0.9413953422137614
9978,0.9414116955477679
9979,0.9415494596060023
9980,0.9416135979833881
9981,0.9417169231201674
9982,0.9418948292774442
9983,0.9419046912346702
9984,0.9419373454293006
9985,0.9420798091669597
9986,0.9423272511415482
9987,0.9424174189832668
9988,0.9425181023801018
9989,0.9425401073860862
9990,0.9425483262690808
9991,0.9425527760402864
9992,0.94263347157362
9993,0.9426395185858076
9994,0.9427558335953188
9995,0.9429740081212727
9996,0.9430102672255976
9997,0.9432119128254257
9998,0.9432632290425136
9999,0.9432855433486189
10000,0.9434478756295674
10001,0.9434876468983842
10002,0.9435180543056942
10003,0.943617529545435
10004,0.9438411410855926
10005,0.9438855129390924
10006,0.943985229181406
10007,0.9441292809769424
10008,0.9441498847301248
10009,0.9443026362907472
10010,0.9443053610059885
10011,0.9443150071087187
10012,0.9443548395587064
10013,0.9444953824196105
10014,0.9446494631665829
10015,0.9446625487560332
10016,0.9447031851515708
10017,0.9447403154416019
10018,0.9448598384441874
10019,0.944929209591878
10020,0.9449351829832064
10021,0.9449586541054074
10022,0.9449730416431199
10023,0.9450128540319409
10024,0.9450369250874436
10025,0.9451058629066318
10026,0.9451928397322723
10027,0.9451983896363992
10028,0.9453610196340618
10029,0.9454113122058105
10030,0.9454829486379617
10031,0.94554778208429
10032,0.9455834079254897
10033,0.945721463886991
10034,0.945772827545368
10035,0.9457912221292052
10036,0.9458042800622486
10037,0.9458169465017691
10038,0.9461836111041948
10039,0.9462518870928471
10040,0.9464952161773097
10041,0.946584350329133
10042,0.9466622322568725
10043,0.9469567030706081
10044,0.947053479326037
10045,0.9471150957808144
10046,0.9471207121590444
10047,0.9471753519111283
10048,0.9471854546883545
10049,0.9473090852476
10050,0.947472575180982
10051,0.9474749238597819
10052,0.9477749181112198
10053,0.9477818677990582
10054,0.9481925162760736
10055,0.9482186252420486
10056,0.9484239731161814
10057,0.9491677518475193
10058,0.9491677631192135
10059,0.9491789497291758
10060,0.9491858783147977
10061,0.9492108816837002
10062,0.949365796076766
10063,0.9494437050472325
10064,0.9494556345850177
10065,0.9494697858019155
10066,0.9494770717029863
10067,0.9496023482875674
10068,0.9496096191797745
10069,0.9496159309633089
10070,0.9496309588587164
10071,0.9496587707507796
10072,0.9498765832989152
10073,0.9498879900557902
10074,0.9499719557778974
10075,0.949997365746769
10076,0.9500709244401007
10077,0.9501162173306192
10078,0.9501194345179761
10079,0.9501764075052115
10080,0.950316664477951
10081,0.9503478420880421
10082,0.9503484037547603
10083,0.9503649243892467
10084,0.9503765695840203
10085,0.9505108691975687
10086,0.9505180686405841
10087,0.9505358069375008
10088,0.9505572454908243
10089,0.9507875801546462
10090,0.9508622998878267
10091,0.9509713935680552
10092,0.9510406017901726
10093,0.9512413869274382
10094,0.951381190900803
10095,0.9517494332618566
10096,0.9517564605183072
10097,0.9517945931452942
10098,0.9518731749686362
10099,0.9519070073693402
10100,0.9519159670141402
10101,0.9520424834442247
10102,0.9521101614947529
10103,0.9524328524264841
10104,0.9524332877199486
10105,0.9524622292348436
10106,0.9525343211502251
10107,0.9525546180895372
10108,0.9527446561012375
10109,0.9527537757473086
10110,0.9529445914163109
10111,0.9529618715239179
10112,0.9531527579079501
10113,0.9531528180088455
10114,0.9533190590664318
10115,0.9533452993508447
10116,0.953474951787018
10117,0.953498411262691
10118,0.9535657349996307
10119,0.9536020177348561
10120,0.953639552127778
10121,0.9538609145917849
10122,0.9542845225226843
10123,0.9544856748100394
10124,0.9546054235217167
10125,0.9547246296723055
10126,0.9548014174492514
10127,0.9548126164374573
10128,0.9548421767184391
10129,0.9548532717643946
10130,0.9549528036895485
10131,0.9550104883936305
10132,0.9550514796270554
10133,0.9551006352766381
10134,0.9552014866147213
10135,0.9552580016423111
10136,0.9553074158992971
10137,0.9553630623241218
10138,0.9553989004695368
10139,0.9557040853983436
10140,0.9558344229431948
10141,0.9558939488978767
10142,0.9559423268049891
10143,0.9559896227798477
10144,0.956090512814127
10145,0.9561479088322069
10146,0.9561613222762327
10147,0.9563972824648335
10148,0.9564122648591677
10149,0.956458795731294
10150,0.9566314423549828
10151,0.9567146913002125
10152,0.9567343899989889
10153,0.9568068645007279
10154,0.9568502792543311
10155,0.9568719042010878
10156,0.956906325180102
10157,0.9569208873086156
10158,0.9569432862370068
10159,0.9571086678187072
10160,0.9574725209797987
10161,0.957495893924495
10162,0.9579084131035154
10163,0.9579588266410607
10164,0.957982636786443
10165,0.958039869604554
10166,0.9581121840748774
10167,0.9581334447054046
10168,0.9581753151881448
10169,0.958227575587407
10170,0.9582589933811994
10171,0.958320069580638
10172,0.9584873396158048
10173,0.9585004459441245
10174,0.9586138695842286
10175,0.9586701205807668
10176,0.9588031251205323
10177,0.9588892313455121
10178,0.9591526664457379
10179,0.9591718037219233
10180,0.9591934490680023
10181,0.9594198916476322
10182,0.9595860151760286
10183,0.9595936447500946
10184,0.9597125895197591
10185,0.9597264395595794
10186,0.9598004075496378
10187,0.9598009139893373
10188,0.9598353679019064
10189,0.9598377234814666
10190,0.9602768380058592
10191,0.9603425683956235
10192,0.9603653682241883
10193,0.9604083710981939
10194,0.9606405519830346
10195,0.9606552922875818
10196,0.96104385762776
10197,0.9611117503089145
10198,0.9611268389405088
10199,0.9612075932264869
10200,0.9612077147283563
10201,0.9614910432403054
10202,0.9616522165774481
10203,0.9617280844107096
10204,0.9618223536503054
10205,0.9618355505275932
10206,0.961923902123782
10207,0.9620515330834619
10208,0.9622490925410202
10209,0.9627929927412555
10210,0.9627989825645301
10211,0.9628222712947654
10212,0.9628718520127196
10213,0.9629104844317106
10214,0.962991882086807
10215,0.9629926194980784
10216,0.9631963741664117
10217,0.9632868354275046
10218,0.9633458094473956
10219,0.9633931048857851
10220,0.9634003150932368
10221,0.9634359610351612
10222,0.9634913277502253
10223,0.9635091556144568
10224,0.963587000559484
10225,0.9636401262834958
10226,0.9636641385851493
10227,0.9638487601310977
10228,0.9639074866093933
10229,0.964193999846373
10230,0.9642209201504707
10231,0.9642611363347904
10232,0.9642731476380138
10233,0.9643400329718782
10234,0.9643603889594194
10235,0.9643871821979609
10236,0.9644878552136991
10237,0.964521257050754
10238,0.9645490435055394
10239,0.9645603332610375
10240,0.9645847532196203
10241,0.9646828074838747
10242,0.9647222851969839
10243,0.9647426120138878
10244,0.964807475557858
10245,0.9648222286533169
10246,0.9650864099497591
10247,0.9651514138782962
10248,0.965294276195988
10249,0.9653095373640399
10250,0.9653342583526547
10251,0.9654093855337242
10252,0.9654265857442884
10253,0.9654414411021668
10254,0.9655118025738358
10255,0.9655393638285197
10256,0.9655813456330644
10257,0.9656537321189824
10258,0.9659375909764254
10259,0.9662288514076279
10260,0.9663226300517836
10261,0.9663686894391107
10262,0.966382040415448
10263,0.9664175340513204
10264,0.9667279163699125
10265,0.9667381756487216
10266,0.9668694763548684
10267,0.9670134903278488
10268,0.9670573604753039
10269,0.9670974628863658
10270,0.9673082501517939
10271,0.9673372026748288
10272,0.9676341491782001
10273,0.9677315796617374
10274,0.9678219989787581
10275,0.9678282039943955
10276,0.967929694041732
10277,0.9680540113321622
10278,0.9681275491998929
10279,0.9681421003996242
10280,0.9681443584038376
10281,0.9683058206308057
10282,0.9686039819612831
10283,0.9686813454194847
10284,0.9686882947678872
10285,0.9686997606312844
10286,0.9690285601186331
10287,0.9690977805030851
10288,0.9692575257311415
10289,0.9694894598323194
10290,0.9695978086754847
10291,0.9696323811486731
10292,0.9696976184133135
10293,0.9699295555413241
10294,0.9699886172999855
10295,0.9700959021595983
10296,0.9701749436438811
10297,0.9702442454479513
10298,0.9703066768404061
10299,0.9704275536259911
10300,0.9704602969130506
10301,0.970475268372396
10302,0.9704768929324284
10303,0.9705565615835059
10304,0.9705972926442227
10305,0.9706263961757675
10306,0.9706384791732544
10307,0.9706712593076048
10308,0.9707468025133299
10309,0.971076184174709
10310,0.971107302191214
10311,0.9711117729851743
10312,0.9713154586484511
10313,0.9713371480932397
10314,0.9714141332641424
10315,0.9715164869616939
10316,0.9717365245900208
10317,0.97183936006895
10318,0.9719128515350137
10319,0.9719323688476008
10320,0.9719381248087177
10321,0.9723817751185446
10322,0.9724376635062155
10323,0.9725359050860409
10324,0.9725587374029538
10325,0.9726635094941666
10326,0.9727043359613504
10327,0.9728803375513919
10328,0.9729511850333848
10329,0.972980887120365
10330,0.9730140911438099
10331,0.9733233493585066
10332,0.973336763146313
10333,0.9734700007679297
10334,0.9734991582494066
10335,0.9735669122149859
10336,0.9736684681623067
10337,0.9736849362194998
10338,0.9737201277812756
10339,0.9739129413636624
10340,0.97393886465776
10341,0.9740006849239649
10342,0.9740620770142215
10343,0.9740698700568018
10344,0.9741924154816938
10345,0.9744329189425858
10346,0.974474563616526
10347,0.9744849645680597
10348,0.9748683324802452
10349,0.974885197844986
10350,0.9749918626355571
10351,0.975169433084563
10352,0.9751895389780129
10353,0.9751920717803197
10354,0.9752286754318431
10355,0.9752901596053866
10356,0.975343793040838
10357,0.9754305922013623
10358,0.975493795619129
10359,0.9755097308313002
10360,0.9755119826818548
10361,0.9755188310011506
10362,0.9756437741253902
10363,0.9756690484775411
10364,0.9758183554729964
10365,0.9758660094078673
10366,0.9761553272667607
10367,0.9762345343052041
10368,0.9762417222005125
10369,0.9762441009435874
10370,0.9764259606163035
10371,0.9764453847612645
10372,0.9766194371120971
10373,0.9767501024473438
10374,0.9768130814854576
10375,0.9768329160577881
10376,0.9769236115045385
10377,0.9769545936886086
10378,0.9775305884776889
10379,0.9775310809628749
10380,0.977545311546423
10381,0.9777266242150443
10382,0.977805485369225
10383,0.9778423134320299
10384,0.9778962703293352
10385,0.9780221934036618
10386,0.9780291385186201
10387,0.9780990081507117
10388,0.9781550886274786
10389,0.978254886223231
10390,0.9783207267491321
10391,0.9783765136769497
10392,0.9784108688909969
10393,0.9785001181679186
10394,0.9786227011383765
10395,0.9787341877399327
10396,0.978859416979559
10397,0.9789146109557318
10398,0.9790817378553045
10399,0.9791498439416436
10400,0.979156725769549
10401,0.9792176149716152
10402,0.9792946199106601
10403,0.9793150457670224
10404,0.9793243074560487
10405,0.979386207860898
10406,0.9794880109093891
10407,0.9794981014435999
10408,0.9796089807479964
10409,0.9797070222636092
10410,0.9797073484122303
10411,0.9797077612752835
10412,0.9797937714988767
10413,0.9799374490055911
10414,0.9799461730662073
10415,0.9800151052908879
10416,0.9800760383676839
10417,0.9802626357965304
10418,0.9802886734029181
10419,0.9803784606030937
10420,0.9803807159295915
10421,0.9804806755505561
10422,0.9804916384104823
10423,0.9805214962682633
10424,0.9807595042641748
10425,0.9808610010274078
10426,0.9808939616286605
10427,0.9809079855344678
10428,0.9809368815016734
10429,0.9809689396737415
10430,0.9810413576311262
10431,0.981124959234509
10432,0.9814721363287027
10433,0.9816109986877487
10434,0.981637030140433
10435,0.9816485327602029
10436,0.9816828946823597
10437,0.9821208675726579
10438,0.9821373225919365
10439,0.9821623423346487
10440,0.982174336005452
10441,0.9823297191773194
10442,0.9823654140237779
10443,0.9824166499070415
10444,0.9827463136854682
10445,0.98295912812137
10446,0.983032789789137
10447,0.9831685309592746
10448,0.9831869192491431
10449,0.9832219047219912
10450,0.9832828391232302
10451,0.9833052017587522
10452,0.983346524421285
10453,0.9833664880742847
10454,0.9834188726396867
10455,0.983421441580697
10456,0.983606771777875
10457,0.983652809504148
10458,0.9837174954156049
10459,0.9838174696623849
10460,0.9838367811929993
10461,0.983967888808526
10462,0.9842673035997159
10463,0.9843061124983984
10464,0.9844648654640572
10465,0.984761553187837
10466,0.9848491170681717
10467,0.9850434342700211
10468,0.9850787106606804
10469,0.9853157255639038
10470,0.9853335247980144
10471,0.9853962759950377
10472,0.9854014353247729
10473,0.9857844804038375
10474,0.9858396231151659
10475,0.9860895393270271
10476,0.9861276107572989
10477,0.9863052002063271
10478,0.9864355003073798
10479,0.9864428485336161
10480,0.9865157685796251
10481,0.9865912118836779
10482,0.9866060373777068
10483,0.9866951330003895
10484,0.9867530922570618
10485,0.9867655231742113
10486,0.9868513215094347
10487,0.9870456974282614
10488,0.9870728523316971
10489,0.9871085989818548
10490,0.9871578880824794
10491,0.9871698219194274
10492,0.9872534423770634
10493,0.9872718628344654
10494,0.9873776023472234
10495,0.9873938073752728
10496,0.9876095689012946
10497,0.9878856314816664
10498,0.9880685473358013
10499,0.9882793528054159
10500,0.9883045206111156
10501,0.9883235286314795
10502,0.9884555373131548
10503,0.988504805040817
10504,0.9886373895310291
10505,0.988687086718975
10506,0.9887077469490257
10507,0.988725298929071
10508,0.9887372709338083
10509,0.9888825042284215
10510,0.9889457112425069
10511,0.988993520191124
10512,0.9890060721900455
10513,0.9890941512099236
10514,0.9891746857603134
10515,0.9892869873129699
10516,0.9894078127671094
10517,0.989459393468211
10518,0.9894796397507652
10519,0.9895455339439412
10520,0.9895500621269412
10521,0.989579180235878
10522,0.989819642343938
10523,0.9898289290113484
10524,0.9899780359924443
10525,0.9902185407084549
10526,0.9903950417436852
10527,0.9904032849222377
10528,0.9905594109724912
10529,0.9906224338932069
10530,0.9906703217263763
10531,0.990740690130493
10532,0.9907449866218809
10533,0.9907690621312357
10534,0.9907933032166509
10535,0.9909573076140974
10536,0.9910243818256463
10537,0.9910415993674898
10538,0.9911317167413181
10539,0.9911663628504496
10540,0.991189886184739
10541,0.991195363573574
10542,0.9912001238683303
10543,0.9912072505203189
10544,0.9912759441017784
10545,0.9913626268142942
10546,0.9913748880873415
10547,0.9915451714940409
10548,0.9916354352144455
10549,0.9917188380137796
10550,0.9917398885109652
10551,0.9917512250237953
10552,0.9917865984808801
10553,0.9918026652120826
10554,0.991852516051248
10555,0.9918545688391418
10556,0.9919356195286604
10557,0.9921435254256497
10558,0.9922715950715781
10559,0.9922727018837532
10560,0.9923211888971243
10561,0.992388727335577
10562,0.9925147067120719
10563,0.9925712736452301
10564,0.9925903965584195
10565,0.9926833468281364
10566,0.9928784541083068
10567,0.9929333578007485
10568,0.9931137078561574
10569,0.9931235951035253
10570,0.9931787544789576
10571,0.9933433326524361
10572,0.9933511014286276
10573,0.9934312243853187
10574,0.9936301328741598
10575,0.9936615646737129
10576,0.9939588040260552
10577,0.9940444325765683
10578,0.9943954021044454
10579,0.9945348649839973
10580,0.9945431593500188
10581,0.9946568372039409
10582,0.994723866363895
10583,0.9948713110111023
10584,0.994898504164534
10585,0.9949250984150589
10586,0.9949717568089188
10587,0.9950938973169628
10588,0.9951734936585657
10589,0.9951746584765048
10590,0.9952322866349397
10591,0.9953662196527459
10592,0.9953780079675553
10593,0.9953812600051201
10594,0.9954193419581141
10595,0.9955541620090886
10596,0.9956132637252897
10597,0.9956325341999183
10598,0.9956929766874623
10599,0.9957079614818438
10600,0.9957302829146608
10601,0.9957316638895441
10602,0.9959430431027122
10603,0.9961468545546999
10604,0.9962493433990711
10605,0.9963722881301847
10606,0.9964372210087254
10607,0.9964443025390777
10608,0.9964536686977084
10609,0.996512227239281
10610,0.9965225195171288
10611,0.9966589850171915
10612,0.9966690593390439
10613,0.9968376101905155
10614,0.9969403970360244
10615,0.9971473513706081
10616,0.9972187701221868
10617,0.9972272178716249
10618,0.9972948259119594
10619,0.9974093612659803
10620,0.9976192821254732
10621,0.9976359305045536
10622,0.9976846019082745
10623,0.997730109180523
10624,0.9977339308790243
10625,0.9979380336038304
10626,0.9979619041285729
10627,0.9980215473109173
10628,0.9980410103714277
10629,0.9981684773691815
10630,0.9982044706935442
10631,0.9984113316497207
10632,0.9984766687449962
10633,0.9985565741207423
10634,0.9985713218778477
10635,0.998734044644766
10636,0.998932347918936
10637,0.9989788660520609
10638,0.999156477563468
10639,0.999241980515629
10640,0.9993967964982986
10641,0.9993989639355415
10642,0.9995988474618565
10643,0.9996211041229347
10644,0.9996464963169435
10645,0.9996885374833542
10646,0.9997266486102456
10647,0.9997463405975375
10648,0.999752852928164
10649,0.9999617236910641
10650,0.9999999999999991
