n,value
1,0.0
2,1.77584251408458e-05
3,0.00011540369985973964
4,0.00018986911991769606
5,0.0004552001035797171
6,0.0005464928797226654
7,0.0008549327268445872
8,0.0010051647402788133
9,0.0010631976419226696
10,0.001357325159069639
11,0.0014557991748236632
12,0.0014748847355784689
13,0.001514203758593513
14,0.0015171770958939956
15,0.001628803832113182
16,0.0018341168761572407
17,0.0018411726126212136
18,0.001965973166403048
19,0.0019890528704357155
20,0.002073045454699108
21,0.002128372349146119
22,0.002136077108938179
23,0.002234105066036247
24,0.0025500321042401805
25,0.0026018045589889247
26,0.0027619713551327594
27,0.003108187508306743
28,0.0031805068341410345
29,0.0034583277853953162
30,0.0034745457581776005
31,0.003814603081473273
32,0.003885018804581448
33,0.003917245895221328
34,0.004065053104726797
35,0.004075094357140125
36,0.004086207846387247
37,0.004192803544562086
38,0.004217131521616292
39,0.004257104176837224
40,0.004292770900702445
41,0.004623044955595222
42,0.004681745668177293
43,0.004700727832110461
44,0.004713379642839141
45,0.004855342933064896
46,0.0049522039864629075
47,0.005014730036942667
48,0.005068723713742813
49,0.00510884603096748
50,0.005149698968205691
51,0.005206970302508857
52,0.005361143176485534
53,0.005496754057709692
54,0.005616223298269747
55,0.0058029445927978715
56,0.005820473441561586
57,0.005861015983555624
58,0.005954666506616608
59,0.005999737000440542
60,0.006006760195671147
61,0.006225861306701664
62,0.006247106509121273
63,0.006495896432599149
64,0.00650806167643521
65,0.006576864006329995
66,0.006755666546056347
67,0.006818869903663581
68,0.00684540997394155
69,0.006950566203275042
70,0.007043242290510441
71,0.007084337439172792
72,0.007099668787026157
73,0.00713747316519374
74,0.0072031709315088935
75,0.00724372923699139
76,0.007309455390688322
77,0.0073190864703209105
78,0.007335806107166929
79,0.007387923994414445
80,0.007470060190066894
81,0.007518233477333145
82,0.007553672982073809
83,0.007641870876462829
84,0.00798582224254206
85,0.008049183808570157
86,0.008381558368714827
87,0.008385091712751792
88,0.00874340018460671
89,0.008884138189285053
90,0.008941846151823397
91,0.008974218667536317
92,0.009004689025058778
93,0.009087170671485824
94,0.009091046257922487
95,0.009361456326584174
96,0.009390564608357167
97,0.009397890649309272
98,0.009449272175240699
99,0.009563926970738247
100,0.009635399800804724
101,0.009848033463905871
102,0.009959265071736091
103,0.010036298929305389
104,0.01005474763066564
105,0.010105639555583502
106,0.010192419127633669
107,0.010238065924915087
108,0.010367540102887797
109,0.010563352811763856
110,0.01071936814820821
111,0.01078133855957323
112,0.010901076744749418
113,0.011226091936930395
114,0.011252911529956867
115,0.011346514566754819
116,0.011466383060271597
117,0.011467169153929598
118,0.01149626224933143
119,0.011548066579398115
120,0.01158435078840362
121,0.011633385126120478
122,0.011786012936520297
123,0.011832482828898962
124,0.011896765981828698
125,0.011997723975620538
126,0.01210012666028231
127,0.012121097102643245
128,0.012258247859974251
129,0.012264402276906443
130,0.012347469368198909
131,0.012454874514389862
132,0.012476353863376415
133,0.012531648675956006
134,0.012539605703548048
135,0.012695411016304656
136,0.01278788772887253
137,0.012810862805381365
138,0.012860808260051773
139,0.012943703197347903
140,0.012999775488543766
141,0.013046055874653642
142,0.01332040383646517
143,0.01340013672387097
144,0.013415523953937636
145,0.013472284972857351
146,0.013704883537358548
147,0.01381133356748776
148,0.013866791545385622
149,0.014110358606957536
150,0.014196192881495352
151,0.014237046800010679
152,0.014242573642322044
153,0.01443110896976605
154,0.01459034214310135
155,0.014636665901672237
156,0.014724034901075773
157,0.014749054026729637
158,0.01476526077616689
159,0.014833708548283787
160,0.014858473172999022
161,0.014865528523969745
162,0.014930867881076393
163,0.015081174498067285
164,0.015176867552577966
165,0.015290414661737861
166,0.01530814948188497
167,0.015371205162751145
168,0.015553941734266136
169,0.015571440192266944
170,0.016077734168921637
171,0.01615408536148863
172,0.016199898592166
173,0.016507433196868232
174,0.01685638282605756
175,0.0169377525485796
176,0.01694613094818559
177,0.017188072381395525
178,0.01725100433001059
179,0.017251132606999342
180,0.017318814671495375
181,0.017482510502409565
182,0.017534089762284877
183,0.01760849941405848
184,0.017758999307647322
185,0.017791549919109667
186,0.017851449109304376
187,0.017873618112545855
188,0.017988105283078745
189,0.018101486827875532
190,0.018162560246446954
191,0.01827898127641152
192,0.018303784338453852
193,0.01830887543217323
194,0.018322359956823117
195,0.018429258046656335
196,0.01860094609566014
197,0.018667551428187976
198,0.019196736615256435
199,0.0194395441220203
200,0.019459886482671926
201,0.01953919040574513
202,0.01965296996355506
203,0.019667588081340864
204,0.019757120780533294
205,0.01983709719739893
206,0.019839716088658116
207,0.019976363452294282
208,0.019992637265529495
209,0.02000855814130667
210,0.02001591444568443
211,0.020037712276793046
212,0.020246589545813792
213,0.020303936406543127
214,0.02032557144392641
215,0.020431365548496422
216,0.020530083902498858
217,0.020671503249130724
218,0.020772117732286044
219,0.020831622559268043
220,0.021008670359535006
221,0.02107331040865082
222,0.021170047538980802
223,0.021184965219885957
224,0.021202737115770767
225,0.021238549886426997
226,0.02130690853229668
227,0.021386926721615476
228,0.021502376260308945
229,0.021545171339350272
230,0.02155863614447681
231,0.02178974162411193
232,0.02181528405899122
233,0.021855230739102366
234,0.021859697807910382
235,0.021985429178327208
236,0.021994049450820223
237,0.022107700683181124
238,0.022114600890874185
239,0.022154228757378124
240,0.022180474521306413
241,0.022364954100360178
242,0.02239339911897916
243,0.02255034260306673
244,0.022702934030937337
245,0.022783399243436163
246,0.022813464169051022
247,0.02282292168104074
248,0.02285777658659851
249,0.022952652717390797
250,0.023328108378327016
251,0.023418660679136193
252,0.023483534389247072
253,0.02378418241604282
254,0.023885552174218026
255,0.023893430066072772
256,0.024054230022027855
257,0.024098423683108612
258,0.024108805712165844
259,0.024283142640573137
260,0.024293744663033197
261,0.024429131450393833
262,0.024735279000391026
263,0.024925409803498173
264,0.02494107061022407
265,0.025283848167115562
266,0.02530593885926232
267,0.025426618816711453
268,0.02559894488595118
269,0.025741687938177236
270,0.025760990433318608
271,0.02577483155750309
272,0.026022845150130362
273,0.026052507313238875
274,0.026091432849090317
275,0.02631463157528379
276,0.026459048323663657
277,0.02646401495265662
278,0.026600458244049406
279,0.026639229289848153
280,0.026738714162384568
281,0.026811337928044486
282,0.02704334775120345
283,0.027173882977909368
284,0.027421499278120452
285,0.027423709583437893
286,0.027459132594519507
287,0.02762326990979965
288,0.027708513205078354
289,0.027730804139627994
290,0.02792833394666313
291,0.027957864561105626
292,0.028159669519580453
293,0.028402714380590242
294,0.028453800307717346
295,0.028692593790997485
296,0.028960808259732414
297,0.02896935503773109
298,0.029232458348078826
299,0.0296745380480719
300,0.02968606586648597
301,0.029698160727730565
302,0.029854281074773274
303,0.029857360697381645
304,0.030126125597353164
305,0.030206950639223094
306,0.030478286878391624
307,0.030544412861322
308,0.03055233387606867
309,0.03074919904380293
310,0.030849451741081564
311,0.030915179886309548
312,0.030934816352781842
313,0.030946126146817916
314,0.03118596310810679
315,0.03144167192232434
316,0.031554962517390185
317,0.031652545214036196
318,0.03174143599048916
319,0.03174700025794362
320,0.03205658838387325
321,0.032127529414688535
322,0.032178010746615596
323,0.032309264768338966
324,0.032390458956195925
325,0.032407099781208995
326,0.03240863683380464
327,0.03247712873910798
328,0.03251253798219051
329,0.032873130764978616
330,0.03289508434145389
331,0.03296725752214181
332,0.03299019495005607
333,0.03299553986516247
334,0.03302870415790916
335,0.03305831120921566
336,0.0330944414578186
337,0.03310944185417939
338,0.03319273137070281
339,0.03320398070345119
340,0.03328175700496392
341,0.03334028343353299
342,0.03341677103661531
343,0.03345341991599802
344,0.03347405834093462
345,0.033948160193627876
346,0.03408031565975709
347,0.03418924467927995
348,0.034252939607496515
349,0.034327908130058905
350,0.0344907277397186
351,0.03459334776704962
352,0.034732971537228687
353,0.034749626135464014
354,0.03483332982977256
355,0.03484635203718051
356,0.034853163240111236
357,0.0349882337001849
358,0.03537175492514011
359,0.0354006729244431
360,0.035425774964174594
361,0.03544913716039405
362,0.03549371690391184
363,0.03551969843781516
364,0.03551998047210131
365,0.03555565044747301
366,0.035642044355870275
367,0.03565793137836466
368,0.035705245592082616
369,0.035707110978279735
370,0.03572383931796498
371,0.03580237672649429
372,0.03589552370794265
373,0.03590505204570556
374,0.03597702914448549
375,0.03604070563760016
376,0.03608322265702342
377,0.03613621422334608
378,0.036329827959762764
379,0.036405509273146466
380,0.03645547950419649
381,0.03653169084516751
382,0.03672339699598144
383,0.036828144024181345
384,0.03696168787995825
385,0.03701770140027151
386,0.03706778945738044
387,0.03707808097809341
388,0.03710217810923212
389,0.03719933086603801
390,0.037260023852676946
391,0.03727079848626724
392,0.03745419161005835
393,0.03747124681778945
394,0.037513755082237026
395,0.037638703842215064
396,0.03766489892746123
397,0.03784962605669668
398,0.03822740979536494
399,0.038323518122593166
400,0.03832852036933521
401,0.03845358465492133
402,0.03856747669832584
403,0.038961340190164624
404,0.03899341938862556
405,0.03906342826035237
406,0.03907943366002598
407,0.03911301663080181
408,0.0391338793385363
409,0.039229590707316915
410,0.03924574362025638
411,0.03931164483661046
412,0.03935480897641545
413,0.03938058622410593
414,0.03946426125025041
415,0.03948495680687423
416,0.03951773721793959
417,0.03953314989121746
418,0.03960387673816005
419,0.0398542803285629
420,0.03991074532446067
421,0.039994230555923875
422,0.040081468750202236
423,0.040103561979060835
424,0.040156197642789986
425,0.04028968716409175
426,0.04037929646733977
427,0.04048089043162956
428,0.04052128384625925
429,0.04063727716832924
430,0.04074537203277098
431,0.04075105205718513
432,0.04094602580324594
433,0.04097928488984562
434,0.04098410322215565
435,0.04113498992205969
436,0.041197082154056736
437,0.04134878733801542
438,0.041372831497235835
439,0.04159061498514513
440,0.041590633139029415
441,0.04168974752653695
442,0.041719993006185424
443,0.0417831442580838
444,0.04180452910407956
445,0.04195373540650155
446,0.041953845066985684
447,0.042264728778254435
448,0.0423741043542179
449,0.042404868426001274
450,0.042589336816249435
451,0.042662954136590825
452,0.04282159656997325
453,0.042833426684114995
454,0.04296342155992776
455,0.04303750996880011
456,0.04304548665107848
457,0.043086514339606766
458,0.043105918114930045
459,0.043252965246853944
460,0.043302277323549174
461,0.04338473008328465
462,0.04349394360685328
463,0.0435038012771556
464,0.04351231268692472
465,0.04356400286959532
466,0.043696574349202336
467,0.043839471069636274
468,0.04388847573316591
469,0.04400694830404607
470,0.04406598793117146
471,0.044145667862109286
472,0.04416061965157182
473,0.04433603428340564
474,0.04433900312064558
475,0.044640527803277805
476,0.04464430125851558
477,0.04468362004226066
478,0.04471335442756978
479,0.04491553273170461
480,0.04491912773381
481,0.04495282991760527
482,0.045095450681006816
483,0.04515754021140644
484,0.045170544374590275
485,0.04536695114091909
486,0.04540977246212934
487,0.04541600489715996
488,0.04582565815098343
489,0.04602793581116393
490,0.046223098117257215
491,0.046243628707114286
492,0.046322476307471765
493,0.046393681566897375
494,0.04656933039114574
495,0.046734355644230445
496,0.046797826482408704
497,0.04683361716130063
498,0.04700998301637215
499,0.0470644044771504
500,0.04708945037356176
501,0.047158491977239585
502,0.04725111484617848
503,0.047438369239772606
504,0.04764406709314593
505,0.04774667827548027
506,0.047791420314416945
507,0.047815605727874334
508,0.04783949020539877
509,0.048081406200083644
510,0.04809175657119461
511,0.04817142396489952
512,0.048205498194647846
513,0.04822633740515895
514,0.04841502161456727
515,0.04844822379544931
516,0.04848014576913793
517,0.04851314779396385
518,0.04859010513524862
519,0.04860907635869791
520,0.04872659473394678
521,0.04884690022203906
522,0.04886805117254237
523,0.04907535805168787
524,0.049196284490028365
525,0.04965977955977297
526,0.04978296323335291
527,0.04983304432326403
528,0.0499468190314702
529,0.04996734665180933
530,0.04996917664521847
531,0.04998757576138744
532,0.05007414516420477
533,0.05009159826419966
534,0.050253922756915356
535,0.05042327719277466
536,0.05045674002092519
537,0.05051435625210725
538,0.050544261910822105
539,0.0508778654747996
540,0.050950985705074656
541,0.050951143423580245
542,0.05102147596201005
543,0.05103950497758124
544,0.051166615214554664
545,0.0511926331827116
546,0.051357312596496715
547,0.05143370657753869
548,0.051440794586339864
549,0.051515772561781234
550,0.051586669484376554
551,0.0516624967234393
552,0.051793134273598926
553,0.05193630277817178
554,0.051960954101699694
555,0.052052220609392505
556,0.05206634225382954
557,0.05215348838159077
558,0.05217900456724882
559,0.052207171502705416
560,0.05224114879527923
561,0.0522798091741951
562,0.05229835962425637
563,0.052306042493083724
564,0.05257019968074887
565,0.05276975433632118
566,0.05281987785508978
567,0.05285792455130543
568,0.05298433250857769
569,0.053115859812045016
570,0.05315230066826558
571,0.053156336924551004
572,0.05319953425809197
573,0.053219430631767706
574,0.053238263983397455
575,0.053272724209314726
576,0.053301498441823414
577,0.05351558363505038
578,0.053618095259680365
579,0.053804962153441604
580,0.053851120117272944
581,0.053963316105102466
582,0.05413118821745799
583,0.05434096410578611
584,0.05445506476709113
585,0.05461681884402477
586,0.054662223610044545
587,0.054695248859772484
588,0.05478974096160769
589,0.054828546011366976
590,0.05486148889388571
591,0.05491336314738344
592,0.05492521007263535
593,0.05513882874321369
594,0.05526549949221222
595,0.05559755048897747
596,0.055757622415809505
597,0.05575791602180041
598,0.05580704273789072
599,0.055834782307733644
600,0.05584730354547085
601,0.05586981661647808
602,0.056042408192121
603,0.05606112768874991
604,0.056158846895627806
605,0.05630395857625067
606,0.05635788553723084
607,0.056475587231109806
608,0.056486480037796674
609,0.05658516137770654
610,0.056601641594867844
611,0.056634341939344676
612,0.05680567207942332
613,0.05681695210495798
614,0.05687706572121
615,0.05702782768472271
616,0.05707329271145291
617,0.05709734348817343
618,0.05710645020840468
619,0.05713981435570167
620,0.05731755446409877
621,0.05735259250876853
622,0.05760795982451842
623,0.0577831096125944
624,0.05781882129525832
625,0.05787265413948931
626,0.05788214565564224
627,0.0581969664002168
628,0.05821956255769959
629,0.058555011417761905
630,0.05866258350676138
631,0.05904816377517436
632,0.059058506466669776
633,0.0591966946692355
634,0.05956443471612811
635,0.05960048128896062
636,0.059603100561326734
637,0.059613373083436456
638,0.05977666981450166
639,0.05996986143977386
640,0.060017300341058975
641,0.06002523187758425
642,0.06016614151282274
643,0.06028615926789228
644,0.06041509561665804
645,0.060421631680277595
646,0.06055099181361418
647,0.060597578578886764
648,0.06060680953300623
649,0.060624563378120215
650,0.06068567060432777
651,0.060892027648150764
652,0.060911061794136905
653,0.0609339500825305
654,0.060934187061395535
655,0.061144403845842084
656,0.06118044237564691
657,0.06119613876687358
658,0.06128245271636857
659,0.06161963258675463
660,0.06186738256805369
661,0.06190617235670249
662,0.061912654160570464
663,0.06201415635193259
664,0.06203800102356522
665,0.06208293934430071
666,0.06220975947675051
667,0.062247662286595014
668,0.06247307498694916
669,0.06261834282807555
670,0.06273815026213124
671,0.06285195677905529
672,0.06297114041638151
673,0.06298313620551586
674,0.06343824853807588
675,0.06353519310072618
676,0.06355017251917748
677,0.0636384490239361
678,0.06379410029914133
679,0.06430624663534129
680,0.06433687212040279
681,0.06447258003462908
682,0.06454591364226403
683,0.06465957455653115
684,0.06472019655947658
685,0.06474179851364303
686,0.06495722491494338
687,0.06496816699059021
688,0.0650683537385513
689,0.06510383059515018
690,0.06514011784222545
691,0.06515602667637405
692,0.06521688502076511
693,0.06524899032991466
694,0.06527182968022816
695,0.06530335669110476
696,0.065506270484889
697,0.06559387885705369
698,0.0656423969224468
699,0.06571082433622291
700,0.06574983740991544
701,0.06581893034795047
702,0.06603018645320216
703,0.06609283945804492
704,0.06627927880661691
705,0.06649440553217796
706,0.0665482404844522
707,0.06671938366604487
708,0.06674269073230273
709,0.06675819307255455
710,0.06684607736542848
711,0.06698724947274261
712,0.06715097803930149
713,0.06715472706060745
714,0.06719779364188712
715,0.06721948621705061
716,0.06725315540709148
717,0.06731029034211472
718,0.06738133101457196
719,0.06754993668321448
720,0.06757470316900972
721,0.06761656771747283
722,0.0678211798796774
723,0.06803861486721952
724,0.06809607508161131
725,0.06813271334545157
726,0.06817980821134167
727,0.06824952526109113
728,0.06828219569361194
729,0.0683387915844696
730,0.0685703873332229
731,0.06859932413782471
732,0.06880513486987533
733,0.06881494600572607
734,0.06890068277577571
735,0.06908115561914424
736,0.06922572874838356
737,0.06939296730481674
738,0.0694260703769706
739,0.06946252980571213
740,0.06959775314728597
741,0.06961284515050606
742,0.06962387203408885
743,0.06963918623569845
744,0.06970509150217977
745,0.07000260517705716
746,0.07006311746479622
747,0.07014884243736687
748,0.07015954810058476
749,0.07032460146576723
750,0.07040362516435116
751,0.07046857065327987
752,0.07049493128448119
753,0.07050597155280595
754,0.07052143469230669
755,0.07057736299610877
756,0.07062106751692358
757,0.07076154707553022
758,0.07083004112346884
759,0.07095508683934464
760,0.07117398800964518
761,0.07120138715163866
762,0.07127823467772411
763,0.07132528333606615
764,0.07134757573939966
765,0.07159755138282632
766,0.07160987077726001
767,0.071675893088852
768,0.0718045973773643
769,0.07187952340707368
770,0.07195110030147997
771,0.07204702435591018
772,0.07221618691339074
773,0.07226870698212276
774,0.07230357974447232
775,0.0723699792903002
776,0.07256745664398578
777,0.07257091666779532
778,0.07260466458301458
779,0.07282870415928229
780,0.07286220093544334
781,0.07326440557732423
782,0.07329312261040474
783,0.07331592046093635
784,0.07335462198416978
785,0.07344647129675494
786,0.07347281558287941
787,0.0735120011332174
788,0.07364499714227485
789,0.07373330066709265
790,0.07379757429907834
791,0.07388348139048459
792,0.0739404213500863
793,0.07400624553709242
794,0.07409910432933274
795,0.0742941203045147
796,0.07429929744286283
797,0.07431874409282728
798,0.07449661576414084
799,0.07453773744900603
800,0.0747744125549412
801,0.07487235667143254
802,0.0748848103230398
803,0.07498598006803221
804,0.07499305867618473
805,0.07500034261305495
806,0.07505671784609753
807,0.07508421573429298
808,0.07510982158496253
809,0.07531366020659967
810,0.07532337262027793
811,0.07535943003516589
812,0.07536238659213297
813,0.0753825031378907
814,0.07538525802722947
815,0.07548557265819296
816,0.07554077033117153
817,0.07555814691939146
818,0.07564002109199565
819,0.07572033776097266
820,0.07588392409821944
821,0.07595428786281246
822,0.07610179863944357
823,0.07611150681606794
824,0.07613726138001244
825,0.07624417483559716
826,0.07641560312575625
827,0.0765296251479366
828,0.0765865969551518
829,0.07688052394050993
830,0.07688323120419882
831,0.07690578668843484
832,0.0769895855957402
833,0.07701485060628077
834,0.07711920172089726
835,0.07728088391899685
836,0.07744665866877226
837,0.07754848214144927
838,0.07769074636913376
839,0.07775694204655081
840,0.07785777225636548
841,0.07794599870777541
842,0.07803014754500759
843,0.07810779903518722
844,0.07828804833559821
845,0.0784789765862336
846,0.07851558584328033
847,0.07873079131095184
848,0.07880418173501408
849,0.07885212613038256
850,0.07886216122086137
851,0.07913846276028513
852,0.07935940948804121
853,0.07937370530819685
854,0.0793914776847223
855,0.07944067468606283
856,0.07949088470025298
857,0.07955656124315366
858,0.07967989446650645
859,0.07983231933992521
860,0.07990844271670347
861,0.07993104518706654
862,0.07993830493411597
863,0.07994754811517285
864,0.08016420737821456
865,0.08024784178809419
866,0.08028195565946106
867,0.08028857720345178
868,0.08039480385086634
869,0.08043913393396046
870,0.08051235419180285
871,0.08069486835352561
872,0.08070126442017377
873,0.08086636269157069
874,0.08092993588803712
875,0.08106946513590316
876,0.08119200099784346
877,0.08121740554419282
878,0.08155899704989222
879,0.08168441396114656
880,0.0818731484187204
881,0.08209040643381063
882,0.082184237856092
883,0.08228997432002436
884,0.08232506133570225
885,0.08233008325558991
886,0.082496675934041
887,0.08257118048524095
888,0.08262465037684089
889,0.08265497941610697
890,0.0826652239014106
891,0.0826714350512324
892,0.08275842481873572
893,0.08281426031117986
894,0.08310973733060761
895,0.08311960420937975
896,0.08334737847961415
897,0.08344995452074766
898,0.08356006347023048
899,0.08373589493580336
900,0.08375640131061124
901,0.0838911284816023
902,0.08394688599628952
903,0.0840353074687995
904,0.08408120007705144
905,0.08417934072550526
906,0.0842024967313707
907,0.08420877513180788
908,0.08422577209626178
909,0.08430596113571417
910,0.08439460655105188
911,0.08454707234025002
912,0.08462066988109992
913,0.08474895948419334
914,0.08475106811409902
915,0.08485712218281424
916,0.08487222477239295
917,0.08493317106832465
918,0.0850211016050727
919,0.08524397869772438
920,0.08530591643572827
921,0.08532155913375383
922,0.08552555219151187
923,0.08564821171193521
924,0.08568298851603312
925,0.08568481690866264
926,0.08575513078567304
927,0.08579217669761158
928,0.08579621059173334
929,0.08597614545797136
930,0.08599627232940596
931,0.0860102203617363
932,0.08608513472769717
933,0.086097538552643
934,0.0860981167236755
935,0.08619982391214957
936,0.08623776113801086
937,0.08626046973227643
938,0.0863088288865438
939,0.08651727178126968
940,0.0866083853346434
941,0.08667951628754703
942,0.08670262340842635
943,0.08671732473315472
944,0.08677104096979335
945,0.08698529308249538
946,0.08714355929994845
947,0.08714379099832083
948,0.08723631021783763
949,0.08724759611203094
950,0.08726010543370658
951,0.08727571184519314
952,0.08729823089227443
953,0.08735877478518272
954,0.08751607207611234
955,0.08769191083880823
956,0.08773563761121811
957,0.08782535184210888
958,0.08789977208720626
959,0.08790602263057426
960,0.08793666196780894
961,0.08795797667151287
962,0.08802543686640193
963,0.08835080899734857
964,0.08854408114903953
965,0.08856190025347466
966,0.08863356213335906
967,0.08867498674842413
968,0.08867720364340795
969,0.08868281390899282
970,0.0886883378231055
971,0.0886959408767568
972,0.08877624317409247
973,0.08891534146288602
974,0.08925950125123025
975,0.08935217157836231
976,0.08950852686298286
977,0.08953457618538233
978,0.089545198192892
979,0.08961179542465816
980,0.08961905828450514
981,0.08964773792090056
982,0.0897507969694146
983,0.08978248869613323
984,0.08980820220195426
985,0.08999467704170791
986,0.08999472981808163
987,0.09000578204544066
988,0.09003304555952182
989,0.09017277911846996
990,0.09026998740671602
991,0.0904945720938877
992,0.09051218101577047
993,0.09051330210905843
994,0.09079304119242952
995,0.09084884623202742
996,0.09087053601274635
997,0.09102892298810332
998,0.09132396333190622
999,0.09141927858637149
1000,0.09145940292432424
1001,0.09151083014938659
1002,0.09186716141543753
1003,0.09191374877702352
1004,0.09192852090313397
1005,0.0920642100922818
1006,0.09207471867635755
1007,0.09232639402422202
1008,0.09235573360141881
1009,0.09247395116697589
1010,0.09253915923862656
1011,0.09259184123039306
1012,0.09266160768077954
1013,0.09297208355908397
1014,0.09297511294374554
1015,0.09327149016424817
1016,0.09331518575870189
1017,0.09332148650327603
1018,0.09337526143369905
1019,0.09345242181574091
1020,0.09346130278673785
1021,0.09355933859315939
1022,0.09357641535673981
1023,0.09367737573251073
1024,0.0938217814997157
1025,0.09410194013820711
1026,0.09411629520881987
1027,0.0941560495723825
1028,0.09418294416239698
1029,0.09433642966295344
1030,0.0944000934128915
1031,0.0944061518916701
1032,0.09475057172129019
1033,0.09481201228859569
1034,0.09486653225202317
1035,0.09487377216702303
1036,0.09490497272750395
1037,0.09498145793326782
1038,0.094982515908238
1039,0.09501968551185488
1040,0.09524822047475445
1041,0.09526647226131069
1042,0.09541882244560129
1043,0.09548833430575199
1044,0.09551397610710655
1045,0.09554949627630605
1046,0.09587399849878486
1047,0.09617770195616615
1048,0.09696608717495403
1049,0.0971737905300426
1050,0.0972866693239598
1051,0.09729096660773195
1052,0.09729912456869416
1053,0.097787255511711
1054,0.09797573107061777
1055,0.09804800422892648
1056,0.09806005223136385
1057,0.09811039150977693
1058,0.09846270515755826
1059,0.09848817721961087
1060,0.0986154803979856
1061,0.09880695821646188
1062,0.09892313129392369
1063,0.09902256716518634
1064,0.09911647885789501
1065,0.09921851289984854
1066,0.09948042469091747
1067,0.09959872737469946
1068,0.09969939607461112
1069,0.0998921912527306
1070,0.099990064236335
1071,0.09999766798251714
1072,0.10019966301448235
1073,0.10035449406519079
1074,0.1004485519921989
1075,0.10049944666069652
1076,0.10060048535794094
1077,0.10102877363033388
1078,0.10105844639850828
1079,0.10113521782950761
1080,0.10129088821453035
1081,0.10132763092133022
1082,0.10134654067339074
1083,0.10148899422968613
1084,0.10152569569043127
1085,0.10155237267607722
1086,0.10167879145265993
1087,0.1016945308271461
1088,0.10172489428634093
1089,0.10184735622371258
1090,0.10186406880263402
1091,0.10196332074835204
1092,0.10205033738303956
1093,0.10215186819861352
1094,0.10230790971647011
1095,0.10233204666017517
1096,0.10236362256148471
1097,0.10248167569258468
1098,0.10249168671947997
1099,0.10265409890537183
1100,0.1026688336844768
1101,0.10283966076155215
1102,0.10290447668071268
1103,0.10292846047018278
1104,0.10318134218841069
1105,0.10319810762375636
1106,0.10320564274159821
1107,0.10322938069260962
1108,0.10328927807232097
1109,0.10329520576381984
1110,0.10335370878843902
1111,0.10337635461097855
1112,0.10364025485303624
1113,0.10368414513488561
1114,0.10368600082067397
1115,0.10369409817912528
1116,0.10370141530367233
1117,0.10398571836737275
1118,0.10405673883943778
1119,0.10408401823117397
1120,0.10420038382381674
1121,0.10432090174461739
1122,0.10433074516572532
1123,0.10438802484635906
1124,0.10446172169666773
1125,0.10448284434325622
1126,0.10455006912838899
1127,0.10466236704818227
1128,0.10469585513448082
1129,0.10484648710655753
1130,0.10486076449355297
1131,0.10486833550832875
1132,0.10490483349167967
1133,0.10512923524219608
1134,0.10516098197566155
1135,0.10549313065926942
1136,0.1058097872206746
1137,0.10585282702874307
1138,0.10593484946903126
1139,0.1059755040098363
1140,0.10598497953995861
1141,0.10605181467304908
1142,0.1061136905484042
1143,0.10624152440625151
1144,0.10635410353540892
1145,0.10656571835368052
1146,0.10657150629669095
1147,0.1068008520457089
1148,0.1069609906127444
1149,0.10738810111695964
1150,0.10745005235498074
1151,0.10752385357003026
1152,0.1076311313053664
1153,0.1076634997092626
1154,0.10770331366731868
1155,0.10786311556269537
1156,0.10792631959054749
1157,0.10805321993486022
1158,0.10817792160489609
1159,0.10820985357303187
1160,0.10821529485304088
1161,0.10825392786257626
1162,0.108521799781024
1163,0.10873274347189327
1164,0.10878797517829836
1165,0.10882311708255238
1166,0.10890108441377527
1167,0.10900255870373537
1168,0.10905784337171037
1169,0.10908997825781352
1170,0.10918011694829222
1171,0.1092159787471833
1172,0.10942540200552298
1173,0.10964918528132539
1174,0.10983430396042926
1175,0.10989632815105999
1176,0.1099373110021703
1177,0.10996190050509647
1178,0.10997332413056649
1179,0.11005034326413993
1180,0.11005819787324145
1181,0.11026305659285746
1182,0.11027889135081809
1183,0.11034065047824526
1184,0.11058274056125345
1185,0.1106170184245179
1186,0.11077030319527284
1187,0.11087014567125267
1188,0.11096611362122347
1189,0.11105136576958077
1190,0.11112326175051593
1191,0.1111858979559747
1192,0.11122455846798554
1193,0.11123200918225837
1194,0.1113096301664889
1195,0.11149548476022622
1196,0.11166307260530864
1197,0.1116937134120338
1198,0.11169613435119194
1199,0.11181743663403884
1200,0.11201461072447091
1201,0.11214821480361079
1202,0.1122975935914591
1203,0.11255928813464078
1204,0.11259147210972065
1205,0.1126242414720634
1206,0.11274673552856093
1207,0.11285102638710057
1208,0.11286483369245656
1209,0.11289826350270502
1210,0.11297106427251344
1211,0.11302269931794137
1212,0.11317401565090376
1213,0.1135653673968464
1214,0.11360417404799693
1215,0.11361933476024687
1216,0.11365402863053718
1217,0.1138362536257067
1218,0.11388012319792105
1219,0.11390028910911619
1220,0.11402825109300195
1221,0.11403120908993912
1222,0.11404863782078649
1223,0.11412048024624381
1224,0.11423234521782903
1225,0.1142459176446226
1226,0.11428839662898897
1227,0.11436852804081787
1228,0.11454989981567698
1229,0.11470210838935835
1230,0.11473068980880652
1231,0.1150252856426236
1232,0.11503005094876706
1233,0.11538267004462421
1234,0.1153912511102625
1235,0.11556266502113621
1236,0.11565676798221425
1237,0.11566644793054737
1238,0.11582668026121673
1239,0.1158827983420041
1240,0.11593504822313128
1241,0.11597802483722425
1242,0.11606727822120723
1243,0.11640384245976533
1244,0.11645723238368018
1245,0.11650245244979297
1246,0.11666441419206887
1247,0.11689951322659588
1248,0.11694399468243201
1249,0.11722497142400472
1250,0.11723677321975916
1251,0.11730997669246039
1252,0.11742227952633667
1253,0.11743355200252127
1254,0.11756157462543519
1255,0.11761109298037119
1256,0.11775398253605938
1257,0.11777064463151699
1258,0.11787101123276256
1259,0.11801022816917521
1260,0.11806698843390621
1261,0.11810950373909528
1262,0.11818932554485874
1263,0.11824327580530637
1264,0.11830272662658235
1265,0.11831320359889823
1266,0.1183243000286938
1267,0.11840281759164888
1268,0.11854094727331059
1269,0.11857533226923038
1270,0.11916297034417632
1271,0.11920585730645421
1272,0.11926378078412914
1273,0.11941150572655673
1274,0.11942092904028656
1275,0.11952657387415802
1276,0.1196213943838357
1277,0.1196228972692738
1278,0.11965272859965737
1279,0.11969793663325365
1280,0.1197156744978802
1281,0.1198405665840638
1282,0.1198659341934051
1283,0.11989467090403674
1284,0.12002346120326349
1285,0.1200479004050399
1286,0.12006003986735261
1287,0.12012607594567229
1288,0.12022329014455393
1289,0.1202941794197552
1290,0.12031934945872516
1291,0.12038483212932319
1292,0.12038578077323203
1293,0.12070841142736399
1294,0.12088188312330095
1295,0.12090336472412044
1296,0.12095650625417348
1297,0.12114121343040801
1298,0.12115557824598916
1299,0.12124389994074308
1300,0.12144847084281135
1301,0.12163342483657585
1302,0.12166993998011849
1303,0.12171782424177224
1304,0.12172589321829952
1305,0.1217869410905171
1306,0.12179250825357951
1307,0.12180147722746554
1308,0.12186240954410937
1309,0.12195352753854237
1310,0.12200993708789663
1311,0.1220230257371767
1312,0.12246622967791775
1313,0.12256687652581476
1314,0.12257738505129283
1315,0.12258501315277225
1316,0.12267285498239598
1317,0.12273271014020269
1318,0.12276338318436596
1319,0.1227660391840759
1320,0.12281004976398856
1321,0.12292066300347114
1322,0.1230408961447451
1323,0.12323752601133688
1324,0.12328976233425683
1325,0.12329566318356013
1326,0.123313820650796
1327,0.123587799058979
1328,0.12377780992114605
1329,0.12393991141398451
1330,0.12403249433846562
1331,0.12413062588306926
1332,0.12415069703211756
1333,0.12424560406988511
1334,0.12426308530341887
1335,0.12455200132568131
1336,0.12455634505555332
1337,0.1246158062933462
1338,0.12492157584718958
1339,0.12502151890287796
1340,0.12503196936581554
1341,0.12504150975804154
1342,0.12509804503208025
1343,0.12510685786071482
1344,0.1252231491887161
1345,0.12524403440742712
1346,0.12529376247655719
1347,0.12534023885913811
1348,0.12534490059013628
1349,0.1254988351464524
1350,0.12598576484620191
1351,0.12611054140272523
1352,0.12613581936251717
1353,0.1262245166613869
1354,0.12625142191220895
1355,0.1263093623739579
1356,0.1264196472760572
1357,0.12643554917853533
1358,0.12646199637140984
1359,0.12649189434962968
1360,0.1265267881297447
1361,0.12674580308075775
1362,0.12683470394854915
1363,0.12688939121165246
1364,0.1269330217599535
1365,0.12701197343810747
1366,0.12704110324024934
1367,0.12717215751598046
1368,0.12720417106005566
1369,0.12722093618345343
1370,0.12740221498309046
1371,0.12754790134991745
1372,0.127662421333121
1373,0.12775914179437808
1374,0.1277857628458716
1375,0.1278114179357984
1376,0.1279332834594515
1377,0.12805864366615657
1378,0.12821193147714335
1379,0.12825719331421567
1380,0.12830930644768454
1381,0.12846761416914163
1382,0.1284782379048838
1383,0.12855438563917024
1384,0.12869959269008105
1385,0.1287107923019837
1386,0.12880549140260678
1387,0.12890343247342284
1388,0.12899179257461302
1389,0.12904720827238259
1390,0.1290545672021972
1391,0.12930088714983046
1392,0.1293274118935479
1393,0.12938101169159855
1394,0.1294463052957492
1395,0.12952718074235892
1396,0.12964813780484663
1397,0.1297214431544116
1398,0.12988215517143897
1399,0.12992644632248712
1400,0.12992862622575935
1401,0.12994349245292086
1402,0.13020684833433
1403,0.13034915534885655
1404,0.13036690720244432
1405,0.13036824244947423
1406,0.13037231103782845
1407,0.13046245421152194
1408,0.13055234094789828
1409,0.13056601385190794
1410,0.1305873998891706
1411,0.13077239931065657
1412,0.13093407007821986
1413,0.13129813291575362
1414,0.1313040061026147
1415,0.13132117697838785
1416,0.13133085369613706
1417,0.13142921558194443
1418,0.1314525001984555
1419,0.1314834349693505
1420,0.13164930793091306
1421,0.1316561131997026
1422,0.1316569816701948
1423,0.1316799756027237
1424,0.13172301376871487
1425,0.13179247486941426
1426,0.1318146418618479
1427,0.1320539249270904
1428,0.1321746918396784
1429,0.1322875972359447
1430,0.13233078284336547
1431,0.13248435646546444
1432,0.13258222101814224
1433,0.1326435015849237
1434,0.13268270563043563
1435,0.13293009431207206
1436,0.1331375706300141
1437,0.1331595126691331
1438,0.13320770975375576
1439,0.13327231544069776
1440,0.13335236376306173
1441,0.13350323039890247
1442,0.1335613743648643
1443,0.13365587386560887
1444,0.13367991279418698
1445,0.1337652761668022
1446,0.13376796751395945
1447,0.13400580634441492
1448,0.13400722445001376
1449,0.13403599565317723
1450,0.13423604067178216
1451,0.1345605684051294
1452,0.13456196182912014
1453,0.13465808859296813
1454,0.13476363529882174
1455,0.13483372372156188
1456,0.13490680578738945
1457,0.13497259777531692
1458,0.13502466262440052
1459,0.13508852107176514
1460,0.13539869406419588
1461,0.13540587397885173
1462,0.1355232411476074
1463,0.1355444476720809
1464,0.13565745583497707
1465,0.13578144051073865
1466,0.1357937747633307
1467,0.1360152787280145
1468,0.13624433887758863
1469,0.13629865821285897
1470,0.136388620311397
1471,0.13650982966178474
1472,0.13685552337081733
1473,0.13693314102991655
1474,0.13722591785266774
1475,0.13732222011464873
1476,0.13732241578363188
1477,0.13739755977540832
1478,0.13740331503086886
1479,0.13741680640287418
1480,0.13743464300407954
1481,0.1375044852806962
1482,0.1376637140646521
1483,0.1376655466784294
1484,0.13769752885873193
1485,0.13794925041568223
1486,0.13808759879502325
1487,0.13813357714101948
1488,0.1383940374887844
1489,0.1384610451801129
1490,0.1384812832592138
1491,0.13861893448274612
1492,0.1386362662553895
1493,0.13863774265364026
1494,0.13865678833221384
1495,0.138789608455737
1496,0.13888645539190775
1497,0.13898239746331348
1498,0.1389938499921584
1499,0.13905734132969189
1500,0.13906455015378366
1501,0.13906625815838133
1502,0.13914295805128615
1503,0.1392644587182653
1504,0.13929035088758882
1505,0.1393610132021131
1506,0.13937648247678022
1507,0.13962643637124536
1508,0.14005085986938598
1509,0.14006031846601963
1510,0.14008445678967651
1511,0.1401243586007349
1512,0.14031344649390054
1513,0.14032388026994772
1514,0.14033988339742756
1515,0.14054886139734693
1516,0.14062588516124133
1517,0.14064000736237509
1518,0.1406617559289613
1519,0.14067604008605222
1520,0.14074498107502953
1521,0.14079450842804164
1522,0.14084356206835447
1523,0.140912051160055
1524,0.1411316021026422
1525,0.14117490959199397
1526,0.14138646360403118
1527,0.141450476805292
1528,0.1414686456287889
1529,0.1414695900162729
1530,0.1414885514595392
1531,0.14155966285356436
1532,0.14157612421180443
1533,0.14174621789715058
1534,0.14182485312014737
1535,0.14192959520907023
1536,0.1421759277603632
1537,0.14227125379994007
1538,0.14233192780048323
1539,0.14236377941906334
1540,0.14268691331134256
1541,0.14276866276438696
1542,0.14306998620201525
1543,0.14310602820050686
1544,0.1432201306248235
1545,0.14333467466140618
1546,0.14335207374344142
1547,0.14338695317816685
1548,0.14340387931279364
1549,0.14346075836119943
1550,0.14364739986689756
1551,0.1438621837471733
1552,0.14390629251822684
1553,0.14390926149798033
1554,0.14400886374828414
1555,0.14415913672301983
1556,0.14418893144830913
1557,0.1442824468083455
1558,0.14431396132574897
1559,0.1443210769959155
1560,0.14450798599257036
1561,0.14463165811410283
1562,0.14468193264784174
1563,0.1447037534044548
1564,0.14493770595298552
1565,0.14497111198896306
1566,0.1451196645062347
1567,0.14517052939494257
1568,0.1452392667239788
1569,0.14532633933332526
1570,0.14534470181854856
1571,0.1453534425155833
1572,0.1457152816666537
1573,0.14582798236823102
1574,0.14583753926726414
1575,0.1458540300218902
1576,0.14603321678237496
1577,0.14604811761067926
1578,0.1461074164181423
1579,0.146144809828274
1580,0.14617330866707318
1581,0.14626180780658588
1582,0.14634295689001192
1583,0.14645887603126512
1584,0.14647233235851215
1585,0.14661225407637607
1586,0.14667451513716134
1587,0.1466934768250714
1588,0.14719888808052994
1589,0.14723774371364595
1590,0.14727100278714067
1591,0.14732726663926343
1592,0.1473388801911868
1593,0.14749928719409608
1594,0.14758712590471743
1595,0.14760457583277123
1596,0.14774722366927676
1597,0.14802690896944118
1598,0.1482817069025929
1599,0.1483045858365638
1600,0.1486218556747151
1601,0.14869441015611018
1602,0.1487510500188145
1603,0.1488293570855816
1604,0.1491910484847182
1605,0.14932138121748698
1606,0.14966140340511494
1607,0.14971961075902365
1608,0.1497855502496997
1609,0.14988652829231483
1610,0.15011241966026673
1611,0.15020666106523067
1612,0.1503121395899049
1613,0.15048531929317358
1614,0.1505974028903573
1615,0.1508760163930938
1616,0.15089506934120964
1617,0.1509916583275973
1618,0.15108844804049637
1619,0.1511025583313692
1620,0.15128602325328133
1621,0.15138664487010633
1622,0.15145155715577457
1623,0.15172879879583262
1624,0.1518883109823445
1625,0.1519005841679535
1626,0.15190959893806943
1627,0.1519452493732455
1628,0.15228867911298094
1629,0.15236187915670657
1630,0.15244926179885615
1631,0.1524788420377759
1632,0.15249980754214237
1633,0.15275901860258007
1634,0.15289272252464342
1635,0.15306344384037895
1636,0.15319782231398282
1637,0.15326937394070161
1638,0.15345165605232258
1639,0.15357376147098636
1640,0.15359377357576318
1641,0.15362878961186519
1642,0.1538230631468662
1643,0.1538600628071242
1644,0.153918177067934
1645,0.15397943964663935
1646,0.15402891402560093
1647,0.15405452153264965
1648,0.15410104516513512
1649,0.15438074577316013
1650,0.15443444394857453
1651,0.1545297605261602
1652,0.15455409537419884
1653,0.15496516573673702
1654,0.15513018777376486
1655,0.15523293407135952
1656,0.1555071482392575
1657,0.1557798341540485
1658,0.15593188773626923
1659,0.156014065173857
1660,0.15601727101367427
1661,0.15605037684763703
1662,0.15611769992295302
1663,0.15616685128768623
1664,0.1564250078446184
1665,0.1564877630186445
1666,0.15659530650135825
1667,0.1566480634582388
1668,0.1568069202180611
1669,0.15684407775763712
1670,0.15696124844925943
1671,0.15701596681429728
1672,0.15703048718204912
1673,0.15711815518103886
1674,0.15721133268536322
1675,0.1574337190342325
1676,0.15743509695412736
1677,0.15746728017247
1678,0.15757678542504647
1679,0.15758243816006687
1680,0.15764050950748656
1681,0.15769139517134703
1682,0.1578536524165628
1683,0.15793210083004372
1684,0.15796841136785045
1685,0.15803889142642452
1686,0.1581055260964213
1687,0.15817635139983782
1688,0.1581847706279985
1689,0.15836691804516068
1690,0.15847768484989422
1691,0.1584873083755658
1692,0.1585292558396315
1693,0.1586019437290518
1694,0.1586458164672307
1695,0.1587994218341326
1696,0.15880150460173134
1697,0.15886933829211078
1698,0.158924163336247
1699,0.15907260546963994
1700,0.1591218755555032
1701,0.15921269670362473
1702,0.1593216499769762
1703,0.15943841444074616
1704,0.1594526816994574
1705,0.15947486790361695
1706,0.1595130791514621
1707,0.15956205162344853
1708,0.1596802398701842
1709,0.1597642451408844
1710,0.15980073363471903
1711,0.1599195632519653
1712,0.1599204673116806
1713,0.15994855527480853
1714,0.15995148291616165
1715,0.1600872315250532
1716,0.1602436812477277
1717,0.16050037122249086
1718,0.16051037469144883
1719,0.16053647517641492
1720,0.16068805453710974
1721,0.16093573057185226
1722,0.16094952921466485
1723,0.16097627417699886
1724,0.16101064941448726
1725,0.16143274914151026
1726,0.16160553934673846
1727,0.1616232011244184
1728,0.16179900870961814
1729,0.16184719688578098
1730,0.16197150441287111
1731,0.16198685170314348
1732,0.16211123906742347
1733,0.16214848870494147
1734,0.16219783920925057
1735,0.16241940195429727
1736,0.1624681256413562
1737,0.16255295175992163
1738,0.16261384605187784
1739,0.1626584467901342
1740,0.16268402365619816
1741,0.16270252612637748
1742,0.1627556933272164
1743,0.16284903599308664
1744,0.16305647217496405
1745,0.16310976820577835
1746,0.16312413892692743
1747,0.1631309607665277
1748,0.1631621683590956
1749,0.1631777151238645
1750,0.16319765312353077
1751,0.16324192044356245
1752,0.16331983045394038
1753,0.16358931172845848
1754,0.16374088204334614
1755,0.16384498034269745
1756,0.1639735355478551
1757,0.16411718251795782
1758,0.1641289173391226
1759,0.16416686525447333
1760,0.16425182321374968
1761,0.16431371840166778
1762,0.1643157422845762
1763,0.1644104158934366
1764,0.16447522316689264
1765,0.16448589246807274
1766,0.1645563715394935
1767,0.16455858812690027
1768,0.16459786254852493
1769,0.164645459822772
1770,0.1646468057673976
1771,0.16467274990980413
1772,0.16478172703343025
1773,0.1648873815336554
1774,0.1650069264328678
1775,0.1650137305425962
1776,0.1650714946936878
1777,0.1651160135968809
1778,0.16513744118348903
1779,0.16523128772444703
1780,0.1653082482711053
1781,0.16535049450176637
1782,0.16543153206485567
1783,0.165526054344379
1784,0.16572371010832054
1785,0.16588455367646615
1786,0.1659520877357961
1787,0.1659687572178943
1788,0.1660558628366788
1789,0.16610518809638378
1790,0.1661211835883699
1791,0.16612580124882922
1792,0.16619091255753957
1793,0.16633047855978203
1794,0.16645861531092068
1795,0.16666086427677393
1796,0.16670810321489204
1797,0.16671013842242483
1798,0.16680906560256265
1799,0.16689902233782877
1800,0.16693488322404798
1801,0.16699306551234422
1802,0.1671429496538301
1803,0.1673510367951695
1804,0.16740195413055553
1805,0.1674961366604401
1806,0.16754530089084674
1807,0.16756681925946892
1808,0.16758973883367706
1809,0.1676779304983565
1810,0.1677260302536943
1811,0.16773238626405884
1812,0.1678402783794955
1813,0.16813384879258825
1814,0.16816564765995012
1815,0.16843640967073126
1816,0.16850883838786235
1817,0.16858799377422423
1818,0.16860386936696137
1819,0.16867560220922218
1820,0.16868213205633975
1821,0.16869896490638986
1822,0.16871151090248174
1823,0.16881436696527022
1824,0.1688506411227391
1825,0.16891320503390284
1826,0.16897966713726997
1827,0.16918783336006704
1828,0.16927488687991987
1829,0.1694182318132803
1830,0.16948733267252847
1831,0.16959438010603467
1832,0.1696654410159476
1833,0.16967870746196156
1834,0.16971918149075965
1835,0.1700638801848839
1836,0.17008254426010166
1837,0.1701054235690419
1838,0.17013799634088622
1839,0.170181590239044
1840,0.17024883760679316
1841,0.17025436087634477
1842,0.17034253354407233
1843,0.17049300925258412
1844,0.17051522518352655
1845,0.17053696462104692
1846,0.17096337645308476
1847,0.1710107999131205
1848,0.1711263744702178
1849,0.17115764734574268
1850,0.17129949955521973
1851,0.17142090338576044
1852,0.1715811980283014
1853,0.17163007758403948
1854,0.17163710548839695
1855,0.17171596439086878
1856,0.17171705683714178
1857,0.17182072834405548
1858,0.17201342186593946
1859,0.17245329328363532
1860,0.1724806891684312
1861,0.17259459003756972
1862,0.17260801526425235
1863,0.17262640722005562
1864,0.1728014087586242
1865,0.17281963436733555
1866,0.17298672221987182
1867,0.17307362746045665
1868,0.17311231714353417
1869,0.17323237655519888
1870,0.17326874731371647
1871,0.17329250484773398
1872,0.17330167157760604
1873,0.17334366362454992
1874,0.17334997127843546
1875,0.17340669409471018
1876,0.17345530382198346
1877,0.17360691996042876
1878,0.17375116488688047
1879,0.1740348465971565
1880,0.17409112288130585
1881,0.17414614772996567
1882,0.17423273754277166
1883,0.17425985296851718
1884,0.17432898458998022
1885,0.1744417557290219
1886,0.17444540176667347
1887,0.174664748970636
1888,0.1747674141776206
1889,0.1747964219546691
1890,0.17492795016052726
1891,0.17518877865436128
1892,0.17524921306482372
1893,0.17544635811070403
1894,0.1757343833988964
1895,0.17573534665717855
1896,0.1757405114752178
1897,0.1758021767445926
1898,0.17589877930663794
1899,0.17610635092995022
1900,0.17617333895880397
1901,0.17644086391019034
1902,0.1769984035767174
1903,0.1770137780905729
1904,0.17704618078767748
1905,0.17713897773631673
1906,0.17717430953917215
1907,0.17718326041477117
1908,0.1772942170902907
1909,0.17735703912809164
1910,0.17741805509822994
1911,0.17748261570100304
1912,0.17754621369145612
1913,0.17765737237153773
1914,0.17774160201313216
1915,0.17775551941593903
1916,0.17778052725068721
1917,0.17778962253732095
1918,0.17779873930564855
1919,0.17782486522660895
1920,0.17784545011551706
1921,0.17830160046330196
1922,0.178381330722459
1923,0.17840638287119398
1924,0.17863556847173614
1925,0.17865602423099772
1926,0.17872785112605746
1927,0.17884246494119488
1928,0.17885920776075853
1929,0.17890979246418243
1930,0.17897312823905537
1931,0.17897967836098444
1932,0.1790824721436604
1933,0.179390558508024
1934,0.17949656005915338
1935,0.17968202374938058
1936,0.17985915752396592
1937,0.17989916776403153
1938,0.17990827648467728
1939,0.17992971893583354
1940,0.1799348624537047
1941,0.1799585108961652
1942,0.18018752856882403
1943,0.18020130938531997
1944,0.18021360408479192
1945,0.1802165091136581
1946,0.18050447151318755
1947,0.18070445350611614
1948,0.18070954986236126
1949,0.18081270471466238
1950,0.18087033340844572
1951,0.1809884055051304
1952,0.18114557705393416
1953,0.18129429290802465
1954,0.1817161360407444
1955,0.18172268058738192
1956,0.18178179389696567
1957,0.18180408469230733
1958,0.18210949134566137
1959,0.1821487318595856
1960,0.1822189779789695
1961,0.18260234511379952
1962,0.18273146990841832
1963,0.18282254553441474
1964,0.18291909828085168
1965,0.1829884768546915
1966,0.18316718235069473
1967,0.18317828829580896
1968,0.18338496647907523
1969,0.1834298017729453
1970,0.18345983196538065
1971,0.18356112585574963
1972,0.18363336093530042
1973,0.18365770816958166
1974,0.1839316913787168
1975,0.18410135546763362
1976,0.18448191868977182
1977,0.18464403574565091
1978,0.1846562778069918
1979,0.18471729890000665
1980,0.1848039681057431
1981,0.1849789366758169
1982,0.18529316781555819
1983,0.18530869875295217
1984,0.1853390150936087
1985,0.18533985301240324
1986,0.18535614153502172
1987,0.1856076771510245
1988,0.18567820013460712
1989,0.18581213642841232
1990,0.18583122417354742
1991,0.18585205880355155
1992,0.18592126775987833
1993,0.18598876910814655
1994,0.1860032346746706
1995,0.18600918746874093
1996,0.1864878499818737
1997,0.1865199245897338
1998,0.18654042410604924
1999,0.18700632321692248
2000,0.18701768662190302
2001,0.18706351031928917
2002,0.1871089798418271
2003,0.18713759054360382
2004,0.18736963226406186
2005,0.18740112894904734
2006,0.18757410362027258
2007,0.18761072415368435
2008,0.18793866195862524
2009,0.18800256969120616
2010,0.18839346662486384
2011,0.18866454786292558
2012,0.1887612083642512
2013,0.18878718057016936
2014,0.1888909658221033
2015,0.18901783709002346
2016,0.18924355351162964
2017,0.189347391491484
2018,0.18936364660811666
2019,0.18938156450759935
2020,0.18942846247917666
2021,0.18943907491575707
2022,0.18957201124061573
2023,0.18972673257776929
2024,0.18984507275493778
2025,0.18987530740497838
2026,0.18996361851380716
2027,0.1899866546695504
2028,0.19022619187797857
2029,0.19023343900948936
2030,0.19046978767115347
2031,0.190519440853829
2032,0.1905829063235453
2033,0.1906882302272626
2034,0.19069725172363977
2035,0.19093344903605902
2036,0.19097955990886284
2037,0.1912461985419881
2038,0.19126892921742245
2039,0.19128518190539762
2040,0.1913960353481013
2041,0.19146436253598048
2042,0.1915080454939289
2043,0.19151031613085162
2044,0.1917049985550447
2045,0.19180984970152742
2046,0.19194730460812898
2047,0.19201522834330548
2048,0.19203748890674616
2049,0.19229006533690546
2050,0.19245136325794937
2051,0.19260069575281896
2052,0.19264020176015378
2053,0.19273156890486792
2054,0.1928024025333414
2055,0.19282541519685775
2056,0.19289798345870848
2057,0.19291559163503808
2058,0.19322104790371902
2059,0.19327071518799827
2060,0.1932789668362882
2061,0.1933590443564231
2062,0.19351309653133208
2063,0.19355583939557275
2064,0.193622718516259
2065,0.19381776096841713
2066,0.1939089582670982
2067,0.19397502730774419
2068,0.19410431063740788
2069,0.19424069750601194
2070,0.1943749485970038
2071,0.19440527691476342
2072,0.19447292737086322
2073,0.19460393159276881
2074,0.19461294476284177
2075,0.1947430036014542
2076,0.1947801986933195
2077,0.1947908721879508
2078,0.19500308282176285
2079,0.1951287853792252
2080,0.19517737145604944
2081,0.1952360978508987
2082,0.19524975438369188
2083,0.19539390354399291
2084,0.1954845376757435
2085,0.19573932467081695
2086,0.19588183653217933
2087,0.19596262343258958
2088,0.19631379222269435
2089,0.19632607508065475
2090,0.19660094204798878
2091,0.1966941808736395
2092,0.19688586595121488
2093,0.19696524846403246
2094,0.19705418342476314
2095,0.1972037455776028
2096,0.19720501568356846
2097,0.19722444153226304
2098,0.19751628839596347
2099,0.19761781020475466
2100,0.19767312482127952
2101,0.19776012097442602
2102,0.197821356750659
2103,0.197994222075477
2104,0.19824204512199306
2105,0.19834494422358595
2106,0.1984197981932745
2107,0.1984426028251256
2108,0.19849635007288746
2109,0.19853143935401607
2110,0.1987223631711007
2111,0.19877308226440268
2112,0.1987767254792745
2113,0.19884377584567314
2114,0.19888501913034445
2115,0.19896924812411848
2116,0.19902080225885077
2117,0.19913090122904076
2118,0.19915596621038845
2119,0.19926803539731208
2120,0.19932056975460863
2121,0.19932944938591554
2122,0.19938626641943655
2123,0.19942813418217684
2124,0.1994701779824445
2125,0.19950358669799503
2126,0.19950932244212902
2127,0.19968065502604984
2128,0.20003020955019604
2129,0.20003057871249333
2130,0.2000910699495514
2131,0.2000918778151411
2132,0.20018479416536727
2133,0.20038443263169586
2134,0.20066555879289688
2135,0.20073834577214938
2136,0.2007651780471728
2137,0.20088842174412752
2138,0.20097570554940525
2139,0.20111712766910894
2140,0.2013822803207486
2141,0.20163317056935862
2142,0.20163644875195766
2143,0.2016392320508815
2144,0.20176100038088804
2145,0.20181967635532125
2146,0.20186835265523717
2147,0.2019909100024181
2148,0.2020215149562019
2149,0.20204670334983083
2150,0.20211703035716447
2151,0.202248386108602
2152,0.20251543029550492
2153,0.20269424173570025
2154,0.2029933327780488
2155,0.20303158547345915
2156,0.20305720170458166
2157,0.20306969998545535
2158,0.2030900286646521
2159,0.20315079433411726
2160,0.20322452569365695
2161,0.2033784426324911
2162,0.20359211476951605
2163,0.20382705078581725
2164,0.20408243349474411
2165,0.20418548206966916
2166,0.20419483895553905
2167,0.20423645206798227
2168,0.2044638171219731
2169,0.20458604433733413
2170,0.20465683384391747
2171,0.20473596791852788
2172,0.20475320784001871
2173,0.20481429182409494
2174,0.20496534231736796
2175,0.20499823782896426
2176,0.20503010232775415
2177,0.2050900434662671
2178,0.20515369489784815
2179,0.20516312664538291
2180,0.20520132225162566
2181,0.2052449357486634
2182,0.20526919623718165
2183,0.2052839787742724
2184,0.2053017353467539
2185,0.2053210527097012
2186,0.20556553559956608
2187,0.20582604403006138
2188,0.20584686183351414
2189,0.20590444964055593
2190,0.20591518509300039
2191,0.20592568104214087
2192,0.20593218025370946
2193,0.2059418819043813
2194,0.20598243801188473
2195,0.20603749926441672
2196,0.20606832914364864
2197,0.20607999898219978
2198,0.20613368214805086
2199,0.20622185145510566
2200,0.20645081576891747
2201,0.2065773420751255
2202,0.2066673055032058
2203,0.20669010491147105
2204,0.20691280203118279
2205,0.20724365681816231
2206,0.2072468745575114
2207,0.20729545912078723
2208,0.20731126824055013
2209,0.2074260235146687
2210,0.20743113579381695
2211,0.2074840914029088
2212,0.20753442812526243
2213,0.20760672717133197
2214,0.20761810137833128
2215,0.20762588791857997
2216,0.20763597111145585
2217,0.20785230127522614
2218,0.20797412912197955
2219,0.2081136565037245
2220,0.20822286754472052
2221,0.20826265146330858
2222,0.2082808335879378
2223,0.20828972570167237
2224,0.2084346289062197
2225,0.20848884198342657
2226,0.20854874638340706
2227,0.20859986760811958
2228,0.20861092541786153
2229,0.20862250855370923
2230,0.20863057692874443
2231,0.20881230270986206
2232,0.20883348614286024
2233,0.20892301367095933
2234,0.20952371204878217
2235,0.20970575390955926
2236,0.20973153440285447
2237,0.2097685369302631
2238,0.209814279079507
2239,0.20992583190909272
2240,0.21007749664506156
2241,0.21011493080725327
2242,0.2101447370417534
2243,0.21015039555235387
2244,0.21027418872266934
2245,0.2103264701030959
2246,0.21034543446207232
2247,0.2103652589442998
2248,0.21042823595488214
2249,0.21043903827990795
2250,0.21057582835297184
2251,0.2106583838978739
2252,0.21072418287947653
2253,0.21074457540237404
2254,0.21081456173979
2255,0.2108704583769734
2256,0.21089167519587876
2257,0.21112421056595287
2258,0.21145773782938504
2259,0.2115078803439901
2260,0.21155558031060132
2261,0.21163983665472866
2262,0.21179964749829047
2263,0.2118586565656458
2264,0.21188550233796966
2265,0.21200731254017
2266,0.212103023306035
2267,0.21221312181538732
2268,0.21223532125242534
2269,0.21225030834956365
2270,0.21229301716441568
2271,0.21239168111395473
2272,0.2123925129398142
2273,0.21246825130446223
2274,0.2124940206376664
2275,0.2125859918667182
2276,0.21261052131099953
2277,0.2126296902037785
2278,0.21274844074984986
2279,0.21286763201113906
2280,0.21298588017232556
2281,0.21305266943490653
2282,0.21311799082142613
2283,0.21319403413214644
2284,0.21323363925140776
2285,0.2132819168602841
2286,0.21343757631061558
2287,0.21367034205427765
2288,0.21371667277740308
2289,0.21408988701534598
2290,0.2142921541737476
2291,0.21436222464046642
2292,0.21436371955970168
2293,0.21440550212369303
2294,0.2144090594693685
2295,0.21441940763220013
2296,0.21444405300416558
2297,0.21465174448651847
2298,0.21466423594415213
2299,0.21470760757390256
2300,0.21477820762637262
2301,0.21501158282372695
2302,0.21505343336486382
2303,0.21506418487545798
2304,0.21518342299076176
2305,0.21521927141500433
2306,0.21528923832164656
2307,0.21541156695721006
2308,0.21553085660271362
2309,0.2156148187263745
2310,0.2157152640702997
2311,0.2157924940587925
2312,0.21581150138525237
2313,0.2158275770183782
2314,0.2159189259281832
2315,0.21592591405789086
2316,0.21597228363997933
2317,0.2161351260785792
2318,0.21624869251457635
2319,0.21646482688711888
2320,0.2164947574356123
2321,0.21658732756836768
2322,0.21661019195197667
2323,0.21689196549140605
2324,0.21691235997429376
2325,0.2171002760376856
2326,0.2172084078303032
2327,0.21721504183012758
2328,0.21722954964157187
2329,0.21728727473651527
2330,0.217315335876277
2331,0.21746948623844475
2332,0.21747333107276223
2333,0.21770043717637744
2334,0.21774090742708774
2335,0.2177498787790897
2336,0.21784099385465477
2337,0.2179123900926485
2338,0.21793780025335183
2339,0.21796780051994502
2340,0.2179872728100395
2341,0.21800174115008675
2342,0.2180583225034126
2343,0.2180823415488373
2344,0.21837277221990525
2345,0.21840066867339156
2346,0.21843314068574546
2347,0.21846007665830122
2348,0.2184654473627746
2349,0.21857521615490424
2350,0.2186281501266702
2351,0.2186294465749517
2352,0.21865040235177774
2353,0.21878680306385268
2354,0.2187907092741157
2355,0.21883867293017323
2356,0.2188844919655023
2357,0.21912724122218527
2358,0.2195440429750751
2359,0.21978212310164855
2360,0.2200078915126846
2361,0.22007445666523376
2362,0.2201040747696618
2363,0.22016050140194973
2364,0.22024732467388736
2365,0.2203715537878021
2366,0.22047133277078756
2367,0.22053461365403842
2368,0.22092207375402972
2369,0.22092368314252875
2370,0.22098161195663868
2371,0.22101581571425388
2372,0.221155237395257
2373,0.22119420063982542
2374,0.22125477938956362
2375,0.22144663916328555
2376,0.22161799772295554
2377,0.22177448155777776
2378,0.22191575240200553
2379,0.2221118085663501
2380,0.22232852802211284
2381,0.22239169012477217
2382,0.22250080917964016
2383,0.22250727590864766
2384,0.22266950141192293
2385,0.2226819438763334
2386,0.22270142314480218
2387,0.22278163079634689
2388,0.2228433106345853
2389,0.22287088706979924
2390,0.22290101033990756
2391,0.22302326461700117
2392,0.22302717082957668
2393,0.22308208142857977
2394,0.22321850823137823
2395,0.22335489436155606
2396,0.2233995998188719
2397,0.22340864593263252
2398,0.22347728777552076
2399,0.2235291508432762
2400,0.22366710211771504
2401,0.22372881796456304
2402,0.2237327401825914
2403,0.22390994113355125
2404,0.22395828081770955
2405,0.22397680695095382
2406,0.22409763800523794
2407,0.22422221387551866
2408,0.2242668746049861
2409,0.22428693127962476
2410,0.2243870710339421
2411,0.22446019176669843
2412,0.22469950336141262
2413,0.22474512022192894
2414,0.22478067642975386
2415,0.2252168892929579
2416,0.22527790704403816
2417,0.22533028431712
2418,0.2254631007858432
2419,0.22574050939310658
2420,0.22581417268454163
2421,0.22588273170827589
2422,0.22611566124563853
2423,0.22614906789013928
2424,0.2262634040444889
2425,0.22630551936148852
2426,0.2263600505505426
2427,0.2264662229394963
2428,0.22651269477380032
2429,0.22657238912911404
2430,0.22669417715128748
2431,0.22673448179332722
2432,0.2267786258444469
2433,0.22686333255791985
2434,0.2268844755810689
2435,0.22691643794090272
2436,0.22700297272804776
2437,0.22704758625338164
2438,0.22718812583664963
2439,0.22730381974940586
2440,0.22749134951537678
2441,0.22749391823065904
2442,0.22752580911312528
2443,0.22769742508235838
2444,0.2278324325205419
2445,0.22811210046328143
2446,0.22828140691678822
2447,0.22829378318648552
2448,0.22835969357008212
2449,0.22840688779720353
2450,0.22844695557440575
2451,0.22857934199164764
2452,0.22870859121698145
2453,0.228741999182345
2454,0.22879633212748812
2455,0.22880027603303654
2456,0.22893807157940493
2457,0.22897343600389963
2458,0.22959972500519943
2459,0.22961829774568732
2460,0.2296358959221768
2461,0.2297489224263573
2462,0.22997925844061523
2463,0.2299824246162629
2464,0.23000666252670804
2465,0.2301691264419185
2466,0.23028893394081845
2467,0.23038499973910445
2468,0.23048191473228943
2469,0.23073423445465283
2470,0.23074276723539613
2471,0.2309371426053021
2472,0.23105262429355342
2473,0.2312111068672866
2474,0.23132066400632886
2475,0.23137596428137
2476,0.2315358089097997
2477,0.2317061094979846
2478,0.23185876519524645
2479,0.23203269950170774
2480,0.23221604024912842
2481,0.23223208302719447
2482,0.23231226109235015
2483,0.2323202564118514
2484,0.232386148703274
2485,0.2326203892855046
2486,0.23280893086349946
2487,0.23313962354113696
2488,0.2332890840340012
2489,0.2332897839343119
2490,0.2333141145457505
2491,0.23333375968167328
2492,0.23334998026084927
2493,0.23337370292957557
2494,0.23344781411466922
2495,0.23347685314326652
2496,0.23362921937500694
2497,0.23373968662082048
2498,0.2337714634333
2499,0.23386271268952427
2500,0.23394896855445466
2501,0.23414686829856432
2502,0.2341597734929198
2503,0.23418601886718834
2504,0.23427725265956126
2505,0.23440004943679713
2506,0.2344100390816589
2507,0.2344658560731178
2508,0.23477061080814923
2509,0.23489740712667076
2510,0.23499376305212752
2511,0.23507657322472622
2512,0.2354514190846088
2513,0.23549690176912633
2514,0.23569726494483037
2515,0.23583267617050954
2516,0.23589970834861407
2517,0.23612286976803187
2518,0.2361838983176633
2519,0.236432344427828
2520,0.23656441989402577
2521,0.23665284958088612
2522,0.23670762396974507
2523,0.236818474318761
2524,0.2368723675836921
2525,0.23694814803886807
2526,0.23708378763212531
2527,0.2371382984788367
2528,0.2377230669989682
2529,0.23775388556864444
2530,0.23784428677153083
2531,0.23796430596948934
2532,0.23806599043352103
2533,0.2382002580598854
2534,0.23828092804744022
2535,0.23850099213786163
2536,0.23876158096252295
2537,0.2388704870339837
2538,0.2388822887324634
2539,0.23895944828298696
2540,0.2389703267334
2541,0.23899163868220327
2542,0.23900408092721911
2543,0.23902042689717842
2544,0.2390582411511454
2545,0.23940717984287116
2546,0.239686088158245
2547,0.23979081417709966
2548,0.23996727827948985
2549,0.2399891496909813
2550,0.2400030546448018
2551,0.24063822859459474
2552,0.24070290764125166
2553,0.2408454925386259
2554,0.24089483555578575
2555,0.24094325641681003
2556,0.24102722117368225
2557,0.24105930183313107
2558,0.24111305959868817
2559,0.24112645307804986
2560,0.24120067954751223
2561,0.24128351808921594
2562,0.24131788531200543
2563,0.2413202320759626
2564,0.24133274020718765
2565,0.24144231621223172
2566,0.24152577104568762
2567,0.24165776354820123
2568,0.24170211143171283
2569,0.24170731963533953
2570,0.24173060480989017
2571,0.24179124573107824
2572,0.2418172209097934
2573,0.24185968834745095
2574,0.24186204353157567
2575,0.2419057294906529
2576,0.24208437621690582
2577,0.24227088693964868
2578,0.24242439664669868
2579,0.2424763912388126
2580,0.24248387301450258
2581,0.2428087758789534
2582,0.24291416292317985
2583,0.24305123358727027
2584,0.24328250780704036
2585,0.2432859592486774
2586,0.24342862918201041
2587,0.24344564489818174
2588,0.24360763910855301
2589,0.24384317712916362
2590,0.24388310566624885
2591,0.24389523197769683
2592,0.24390893471116168
2593,0.24408241901944303
2594,0.24410226367523108
2595,0.24410500201076485
2596,0.24416135157726243
2597,0.2442435143894604
2598,0.2442564261799956
2599,0.2443576636308739
2600,0.24440729591861304
2601,0.24442114354306
2602,0.24442433878474662
2603,0.24467705554553826
2604,0.24472404472096368
2605,0.2447696615028742
2606,0.24503786925726503
2607,0.2450463287903936
2608,0.2450931703203482
2609,0.2453155778217229
2610,0.2453182315524672
2611,0.24531875091827313
2612,0.24558072673037165
2613,0.24572537762560617
2614,0.24573441985010616
2615,0.24586089302987038
2616,0.24613261524394656
2617,0.24614154898520582
2618,0.24616361442837492
2619,0.2463469613566448
2620,0.24639775071423076
2621,0.24646536092381494
2622,0.24647636151674673
2623,0.24652457694847807
2624,0.2467544891820782
2625,0.2470506364797681
2626,0.24705851877607743
2627,0.2473585316175888
2628,0.24741122985523228
2629,0.24744784696829503
2630,0.2474650828697043
2631,0.24747690193039643
2632,0.24749145690108462
2633,0.2474989229724696
2634,0.24754775944063848
2635,0.24757014745472275
2636,0.24763198883366136
2637,0.24766767044895768
2638,0.24779576436139758
2639,0.2479661170938092
2640,0.24799372433735753
2641,0.24800968938826148
2642,0.24813726741260753
2643,0.2481845989566765
2644,0.24841988293060563
2645,0.2485027003522467
2646,0.24856898810214673
2647,0.24859603889526916
2648,0.24864335249062564
2649,0.24873056782180894
2650,0.24878362683903998
2651,0.24895941446433978
2652,0.24898966640270626
2653,0.24900309454638433
2654,0.24907587051247024
2655,0.24912686725895475
2656,0.2494766286347583
2657,0.24962920378353773
2658,0.24964848815432494
2659,0.24966834979005104
2660,0.2496689131796307
2661,0.2497599252979591
2662,0.2499698496462438
2663,0.24999352695830168
2664,0.2500433098625957
2665,0.2501626927761175
2666,0.25017043234966796
2667,0.25024205730176485
2668,0.25028148776662873
2669,0.2504197100625324
2670,0.25045130705345814
2671,0.25047745539071486
2672,0.2505106320027046
2673,0.2505386460740945
2674,0.25054504614855055
2675,0.25061615527167536
2676,0.25061683009803026
2677,0.2506874706291441
2678,0.25069673912697565
2679,0.25074314581582524
2680,0.25075848214557983
2681,0.2509354867670196
2682,0.2511121347057954
2683,0.2511386602727401
2684,0.25118922656854015
2685,0.2512751053574471
2686,0.2513407183703481
2687,0.25147878148265324
2688,0.25158525612810934
2689,0.2516094872446405
2690,0.25163220156969945
2691,0.2517023801155538
2692,0.2517443867015444
2693,0.25206583751651523
2694,0.2523843729319304
2695,0.25243494649466236
2696,0.25246393606245954
2697,0.25288194754488263
2698,0.25301433938679924
2699,0.253162464811799
2700,0.2533053786286158
2701,0.25337014221616305
2702,0.25346417751660766
2703,0.25348939081988775
2704,0.25363909700471376
2705,0.25367095783094945
2706,0.2537639206669448
2707,0.25386296992191354
2708,0.253949067216224
2709,0.2540160749950651
2710,0.2541728487128349
2711,0.2541783466470796
2712,0.2542187702865039
2713,0.25424893385094166
2714,0.2542989487055189
2715,0.25433844165126646
2716,0.25434979823157955
2717,0.2546779639822039
2718,0.25477230931372724
2719,0.25477971428328766
2720,0.2547880066197176
2721,0.25481195967591647
2722,0.2548554882300091
2723,0.25486706005634335
2724,0.25500490311902657
2725,0.2552197194611848
2726,0.25535571834491344
2727,0.25537997446473715
2728,0.255398925910902
2729,0.2556002674048841
2730,0.25564025115811234
2731,0.2558291175968645
2732,0.25583540972659824
2733,0.2559409626143737
2734,0.25615312497178955
2735,0.2561826354603934
2736,0.2562611911646579
2737,0.2562711964201255
2738,0.25629044657010336
2739,0.2563635347439036
2740,0.25643599909908044
2741,0.25647522614468476
2742,0.2565668741365901
2743,0.2565907727228835
2744,0.25665198551773055
2745,0.25669648152370805
2746,0.2568531532930269
2747,0.25701899863946104
2748,0.2570798471814659
2749,0.2571151345877148
2750,0.25716418903483657
2751,0.25725163193440215
2752,0.25727986696618643
2753,0.25728643580902666
2754,0.25743752353873467
2755,0.2574642350906365
2756,0.25779878181256766
2757,0.25798288474858966
2758,0.2580494362445435
2759,0.2581056720272334
2760,0.2582496089847691
2761,0.2583015963136018
2762,0.2584200378342994
2763,0.25843444561673723
2764,0.25853622912810065
2765,0.2586799599836746
2766,0.25868001910056854
2767,0.25893234246212027
2768,0.2590167417692587
2769,0.2590407921107528
2770,0.2592437002416927
2771,0.2593209135931065
2772,0.259337536727384
2773,0.2593561605551895
2774,0.259532965837409
2775,0.25954800093876385
2776,0.2595704966853663
2777,0.25957740878540275
2778,0.2596455985503545
2779,0.2598687795656695
2780,0.2599194993525447
2781,0.25997007983851544
2782,0.2601338204062669
2783,0.26029252285759746
2784,0.26037279943042607
2785,0.26050515153298354
2786,0.2605394003579742
2787,0.2607748765685755
2788,0.26099767704879
2789,0.2610983059352443
2790,0.2612337585167355
2791,0.26142258819673
2792,0.26143028605870583
2793,0.261438175039706
2794,0.26165265634421575
2795,0.2617158140483989
2796,0.2617247973432621
2797,0.2618093273357436
2798,0.26182338371810404
2799,0.261915599198411
2800,0.2619224637604224
2801,0.2620036975358422
2802,0.2620763777974837
2803,0.26210214549674554
2804,0.2621524534371585
2805,0.26217854991220024
2806,0.2621821199648694
2807,0.26252754530343303
2808,0.262551668553639
2809,0.26258521992271
2810,0.26261839583778024
2811,0.2627472448984015
2812,0.2633971259046542
2813,0.2635573012099072
2814,0.26356707577189314
2815,0.2635738716810571
2816,0.2636405221562467
2817,0.26367145457023883
2818,0.2637031442211128
2819,0.2638197075059196
2820,0.26384537054629925
2821,0.2639839746034874
2822,0.26404270665659285
2823,0.26406973653567917
2824,0.26412506772194005
2825,0.2641918772094876
2826,0.2642315963972722
2827,0.2642390757283906
2828,0.26424045111178435
2829,0.26431859139213215
2830,0.264606801559693
2831,0.26481803040565316
2832,0.2648679013584896
2833,0.26495469653394255
2834,0.2650240422889054
2835,0.26505261055628193
2836,0.26531002568309536
2837,0.2653864001941929
2838,0.2654138325298394
2839,0.2659251287163662
2840,0.26611136083588666
2841,0.2661209976231126
2842,0.26636908864617537
2843,0.2666045011129512
2844,0.26665049195094503
2845,0.2667435329671769
2846,0.2667820827868017
2847,0.266831248706767
2848,0.2669189055860186
2849,0.266919212652728
2850,0.2669375184128552
2851,0.2670233499936172
2852,0.267081540166201
2853,0.26711739295784254
2854,0.26722247497116286
2855,0.2674233070228403
2856,0.2674342625594846
2857,0.2674941446396207
2858,0.2674944976849383
2859,0.26751601352685644
2860,0.26754559948209583
2861,0.26760694028559134
2862,0.26761708198277806
2863,0.26768265801582314
2864,0.2677781428832829
2865,0.2678121512404767
2866,0.26785166859344994
2867,0.26786854096772117
2868,0.26791646311960615
2869,0.2682346506967114
2870,0.2682614323134871
2871,0.2683243974462032
2872,0.2683658670449941
2873,0.268401454403826
2874,0.26882126292872033
2875,0.26895833362046545
2876,0.2690039524350107
2877,0.2690085051516501
2878,0.2690901350206193
2879,0.26913516692592854
2880,0.2691636628222993
2881,0.26930913333119344
2882,0.26936832682477474
2883,0.26937330144054694
2884,0.2694181132593426
2885,0.26970468284982907
2886,0.2697058884261153
2887,0.26971295637044046
2888,0.26984248045790493
2889,0.26988352599153326
2890,0.26997573576866724
2891,0.2700080683249676
2892,0.2702868745268119
2893,0.27047206774542587
2894,0.2706552821663542
2895,0.270672484836504
2896,0.2706755515431572
2897,0.27073518414891806
2898,0.2707874826054181
2899,0.2708333234185075
2900,0.2710593444483421
2901,0.2712039213227451
2902,0.2712603369323065
2903,0.27127870537431836
2904,0.2715531442010656
2905,0.2716074646237766
2906,0.2717653545275315
2907,0.27179283496953105
2908,0.27205916125423096
2909,0.2722936535262064
2910,0.27237451180669947
2911,0.2723949099061407
2912,0.2724888079297009
2913,0.27254068252814995
2914,0.272680360880953
2915,0.2727762828247858
2916,0.27279109782000727
2917,0.2728871335894331
2918,0.27314160878292776
2919,0.2731948216566476
2920,0.27330958812347533
2921,0.2733291156546637
2922,0.2733804559561413
2923,0.273394893867328
2924,0.27344324406330783
2925,0.2735273559117421
2926,0.2736843031259136
2927,0.27378795307261083
2928,0.2737937779304495
2929,0.2740773572565141
2930,0.2742608786585347
2931,0.2742623457787354
2932,0.2742780627756933
2933,0.2743527780124913
2934,0.27440446016828984
2935,0.27440919065002783
2936,0.27444160712632454
2937,0.27451805053326966
2938,0.27462591006217957
2939,0.2748699335847837
2940,0.2750343156952206
2941,0.27507819582234416
2942,0.2752635051408441
2943,0.2752846920061532
2944,0.27531906540469014
2945,0.2753735915961047
2946,0.2754863314298986
2947,0.275509340700072
2948,0.27550979369219686
2949,0.27563423116741004
2950,0.27576061602481405
2951,0.2760205553279843
2952,0.2760218089166532
2953,0.2762499784153576
2954,0.27632472813295583
2955,0.2763990568215811
2956,0.2764339475361656
2957,0.2764351570056029
2958,0.2764576268769147
2959,0.27649155374568174
2960,0.27683340713501114
2961,0.27692531575839746
2962,0.2769447350711423
2963,0.27717330488286934
2964,0.27718786698451536
2965,0.27721601589968237
2966,0.27725160382801584
2967,0.27739324729755543
2968,0.27744927571595934
2969,0.27751125014944855
2970,0.2778297514372922
2971,0.2780170045648496
2972,0.27813740124544
2973,0.27819300164725175
2974,0.27820534580269957
2975,0.27823501556978975
2976,0.27823661647529735
2977,0.2784005734454571
2978,0.2785158967105388
2979,0.2785783222923355
2980,0.27876079497262735
2981,0.2787707229048593
2982,0.2788009609471816
2983,0.27882801832466136
2984,0.27913215317380635
2985,0.279328397724533
2986,0.27934982316547596
2987,0.27937191531134853
2988,0.2794366384007203
2989,0.2795017694384857
2990,0.27965691704772255
2991,0.2798045865822988
2992,0.27986802176080705
2993,0.27999616771743485
2994,0.2800108807589077
2995,0.28006844858636903
2996,0.28015509705778213
2997,0.2801656007909041
2998,0.28043623212316643
2999,0.2804514698066704
3000,0.2805063579775264
3001,0.2805147645102654
3002,0.2805578487329096
3003,0.28073714616606915
3004,0.28082838461892934
3005,0.28099411781371897
3006,0.28100130373476784
3007,0.2810140740732972
3008,0.28101730012756304
3009,0.28102481816137165
3010,0.2810270959983529
3011,0.28123663021698064
3012,0.28137389972374527
3013,0.28153217012244647
3014,0.2815840578771129
3015,0.2817529218117378
3016,0.28179411101693946
3017,0.2818045736904729
3018,0.28181944552691335
3019,0.28207371919562946
3020,0.28210416945438765
3021,0.28237358865394613
3022,0.2824492640452578
3023,0.28245430527450727
3024,0.2826814940861861
3025,0.28272299666833023
3026,0.2828063304661062
3027,0.28286238346759973
3028,0.28288558338858083
3029,0.2830779976021206
3030,0.2832026583056447
3031,0.28325948207683715
3032,0.2833853504075197
3033,0.2835653881443976
3034,0.28370706505391396
3035,0.28372341854325334
3036,0.28378557118783126
3037,0.2839286243625944
3038,0.2841316213105191
3039,0.28433004661174016
3040,0.2843513021511837
3041,0.28436770618389956
3042,0.28462353403853863
3043,0.28487485613532554
3044,0.28499145295051737
3045,0.28508781399129124
3046,0.2851309596069677
3047,0.2851495406471027
3048,0.28555645239931954
3049,0.28561855329494634
3050,0.28562080935325
3051,0.2856555804636038
3052,0.2856977612111106
3053,0.2857747714516539
3054,0.2858520874837599
3055,0.2858720769353167
3056,0.2859200179922863
3057,0.2859490558979709
3058,0.28596525486017926
3059,0.2860996707177043
3060,0.28617163191401446
3061,0.28622929318344603
3062,0.2863818097426647
3063,0.28649209589696145
3064,0.2864926390607866
3065,0.2865097210672717
3066,0.28656006085782126
3067,0.2866862525775362
3068,0.28670853554665565
3069,0.2868180045796619
3070,0.2868870306247341
3071,0.28692553671751997
3072,0.28716244177186867
3073,0.2872073004941347
3074,0.28742079576790136
3075,0.28742557834062116
3076,0.28748068584727365
3077,0.2878282700097534
3078,0.28806912703086446
3079,0.2881003914645358
3080,0.28830260283043796
3081,0.28838082656412656
3082,0.28840101687116376
3083,0.28843920916602944
3084,0.28849465951519615
3085,0.28864714475537756
3086,0.28872851637284347
3087,0.28880176699597937
3088,0.28891071495161746
3089,0.2891284996757374
3090,0.28932614589334293
3091,0.28936525954125475
3092,0.28942271530033153
3093,0.28944649408507106
3094,0.2894574169163443
3095,0.28947653277178076
3096,0.28952854528178745
3097,0.28976271619251365
3098,0.28977748497375927
3099,0.2900257591578447
3100,0.2901678862364594
3101,0.290280881725548
3102,0.290380304945264
3103,0.29057131539846026
3104,0.29058175412022025
3105,0.29060744628466395
3106,0.29063012298335344
3107,0.29075449546079285
3108,0.29090384006948933
3109,0.29093467249727545
3110,0.2910459126887607
3111,0.2911828065212928
3112,0.2912379623737211
3113,0.29124623654819765
3114,0.2914419765381714
3115,0.29145686867512094
3116,0.2914868707149197
3117,0.2914872787387319
3118,0.29148752158785496
3119,0.291568194086179
3120,0.29175493205836706
3121,0.29177286156019183
3122,0.2919103201278555
3123,0.29191978578803585
3124,0.2919314115574602
3125,0.2919467154992506
3126,0.2920308320246371
3127,0.29208719910621705
3128,0.29211669439809324
3129,0.29213380650852844
3130,0.2921444125169828
3131,0.29227223976169464
3132,0.2923124983932548
3133,0.2923361240318612
3134,0.29234011569397944
3135,0.29235182004256965
3136,0.29241437787586877
3137,0.2924844754302063
3138,0.29262476760119915
3139,0.2927479301415155
3140,0.2930280846756281
3141,0.2933041484923906
3142,0.29339897684675775
3143,0.29343218208040456
3144,0.2935475980545609
3145,0.29364323015416505
3146,0.2936729598828408
3147,0.29369816993152575
3148,0.2937790668227339
3149,0.29383285912853874
3150,0.2938515333584488
3151,0.2939248902366269
3152,0.2942282463410704
3153,0.29423466103971513
3154,0.294321140988628
3155,0.2943892304258567
3156,0.2945467499528518
3157,0.294587889138761
3158,0.29460876868094077
3159,0.29467189133982147
3160,0.29468825480231203
3161,0.29472117687342075
3162,0.29478518977879414
3163,0.29484174210024894
3164,0.29484834622014944
3165,0.29485514073281915
3166,0.2949228305874106
3167,0.29496679254103986
3168,0.29498233123121465
3169,0.29504349326812884
3170,0.295096896298557
3171,0.29513686689285906
3172,0.29539711047597594
3173,0.2954534565046887
3174,0.2954913114164004
3175,0.29549200686082994
3176,0.29586502153125344
3177,0.2958866565488763
3178,0.2959564793712035
3179,0.2960779193414709
3180,0.2960862392538447
3181,0.29610224974934923
3182,0.2961775370129209
3183,0.29658062296779625
3184,0.29676632345387616
3185,0.29677593968352795
3186,0.29698496449968964
3187,0.2970937408003529
3188,0.2971220399059543
3189,0.29732733687683877
3190,0.29769159682807866
3191,0.29772926287818424
3192,0.2978343799200944
3193,0.29793619211411604
3194,0.29796745380677053
3195,0.29814129814266793
3196,0.2982075647604292
3197,0.2982919395466256
3198,0.29839007239689586
3199,0.29843843344009735
3200,0.29849089841427295
3201,0.29850871267850826
3202,0.29865732158510816
3203,0.29875935837632017
3204,0.298884212873816
3205,0.2990292945558343
3206,0.29903449019436745
3207,0.2991288026845731
3208,0.2991297833586868
3209,0.29935316725667716
3210,0.2995139120360846
3211,0.29973482379524796
3212,0.2998388625076309
3213,0.2999402982338708
3214,0.29996523531025
3215,0.30005980138723587
3216,0.3001542374320887
3217,0.3002441124969063
3218,0.30028671064298507
3219,0.30038410703035145
3220,0.3004843413475088
3221,0.30063835029669234
3222,0.3007097167946912
3223,0.30092093875312986
3224,0.30098121702931113
3225,0.30101201292445523
3226,0.30101608707285976
3227,0.30117969188713767
3228,0.3012162041833983
3229,0.3012436099797334
3230,0.301322924479771
3231,0.30137849906187464
3232,0.30145760684159983
3233,0.3014709276019722
3234,0.3014781907225585
3235,0.30148127442841594
3236,0.3016770598793575
3237,0.30178709631563866
3238,0.30179286587250664
3239,0.3018325807853982
3240,0.3018713209869445
3241,0.301924227725016
3242,0.30202451308030176
3243,0.3020369032443765
3244,0.30214783788690336
3245,0.3022042535572733
3246,0.3023193988648555
3247,0.3023625562395735
3248,0.3025558048290789
3249,0.3026976876308352
3250,0.302707427290741
3251,0.3027197556793964
3252,0.3027645458627945
3253,0.30285100144546573
3254,0.3029062885300129
3255,0.3029321495398678
3256,0.302964378995758
3257,0.30299886675230714
3258,0.30300947259594196
3259,0.30302609023222393
3260,0.30304424725886425
3261,0.3033019939820112
3262,0.30331277395186595
3263,0.3033472354690795
3264,0.3035624028744557
3265,0.3036616966776849
3266,0.3037706688921293
3267,0.30401144774918704
3268,0.3040471816353609
3269,0.30412480271153314
3270,0.30421258461747674
3271,0.30423716889249647
3272,0.3044278978268402
3273,0.304618638925204
3274,0.3046283507748102
3275,0.3047141166716679
3276,0.304769808700984
3277,0.3048336580957913
3278,0.3048581690921065
3279,0.304886892707937
3280,0.3050312427666192
3281,0.3050870425398039
3282,0.3050991576495323
3283,0.3053013063458866
3284,0.30558565113878505
3285,0.3056273377605568
3286,0.30565022832829164
3287,0.3057014379097708
3288,0.3057113987871406
3289,0.306106159700501
3290,0.30621861467789463
3291,0.30636752304035575
3292,0.30642067983451776
3293,0.30651004811899035
3294,0.3065554415917649
3295,0.30658038581824915
3296,0.3066472608173834
3297,0.3066701806422478
3298,0.30677564999534634
3299,0.3068792662762072
3300,0.30697932204364875
3301,0.3073560945254753
3302,0.3073696925679775
3303,0.3074429552807043
3304,0.30747250462119813
3305,0.30753464006245856
3306,0.30767863350410046
3307,0.30771224967025684
3308,0.3080070959392837
3309,0.30806995384305724
3310,0.30809284095693484
3311,0.30820328875933095
3312,0.3082873804806941
3313,0.30873473695647413
3314,0.30880560584860584
3315,0.30880768213599896
3316,0.308822113790657
3317,0.3088675475915551
3318,0.3089949933267989
3319,0.3090005938084026
3320,0.3090146592899541
3321,0.3091006843265137
3322,0.30910596798661155
3323,0.30912480418498006
3324,0.3091380715810393
3325,0.3092406042079106
3326,0.30930297338685564
3327,0.3093501299499891
3328,0.3093784858223618
3329,0.3094669602420642
3330,0.30950207568462906
3331,0.3095520295917403
3332,0.30972078398907826
3333,0.30976180008362403
3334,0.31019863920219465
3335,0.31021456286692345
3336,0.3102723785890626
3337,0.31027904127896655
3338,0.31034556308772876
3339,0.310445980749678
3340,0.31049196386364886
3341,0.3105267811174597
3342,0.3105481324136965
3343,0.3107244344096517
3344,0.31076842887674905
3345,0.3109348880635239
3346,0.31096225527563437
3347,0.31098097311555933
3348,0.3109917505071805
3349,0.31113059232042706
3350,0.31113142685557504
3351,0.31129771217322066
3352,0.3113498153304481
3353,0.31163344783295904
3354,0.3116361867853236
3355,0.31177900220311533
3356,0.311872229991241
3357,0.31191108931112166
3358,0.3119173829475078
3359,0.3120659827840463
3360,0.31208597105376645
3361,0.31215387362196534
3362,0.3122147440038113
3363,0.3123552966076896
3364,0.31253562775898913
3365,0.31258543741599765
3366,0.3126560011127971
3367,0.3128011338158921
3368,0.3128666112715049
3369,0.3129728836402622
3370,0.31330204709929266
3371,0.31334135390976237
3372,0.31339029855338013
3373,0.31361636779113317
3374,0.3137138297703557
3375,0.31382158409901445
3376,0.3139555699315048
3377,0.31396118610959395
3378,0.31398712680009017
3379,0.3139893912033218
3380,0.3140660608447089
3381,0.3141613228800832
3382,0.3141679134612621
3383,0.31423186033866457
3384,0.31423319818456774
3385,0.3143108760360274
3386,0.31440306911972593
3387,0.3144365724482445
3388,0.31449901330633345
3389,0.3148417268250899
3390,0.31484498886737033
3391,0.3148514259170505
3392,0.31495110081788297
3393,0.31495441385577405
3394,0.314992868656927
3395,0.31501831047980683
3396,0.31508361144545827
3397,0.31541727805145137
3398,0.31551046414523065
3399,0.31553368574979335
3400,0.3156522538673448
3401,0.3156868015577869
3402,0.3159576511096108
3403,0.31597463905961626
3404,0.31599441741266127
3405,0.3159951234277622
3406,0.3160209208276271
3407,0.31611663645483323
3408,0.31627922119736196
3409,0.3164006283505544
3410,0.31645309025879664
3411,0.31676523734212547
3412,0.31682251529138095
3413,0.3169077768135642
3414,0.3169948627309998
3415,0.3173562773308286
3416,0.3173952416850478
3417,0.3173975140114229
3418,0.31746662490872934
3419,0.31763580032501826
3420,0.3181461679652414
3421,0.31818524751022326
3422,0.31823124156606153
3423,0.3182522609557112
3424,0.3183101926975865
3425,0.3183170178720004
3426,0.31850016004155496
3427,0.3185325084002429
3428,0.31857125244742973
3429,0.31860176064202866
3430,0.3189471022491958
3431,0.31899398429989273
3432,0.3191091611272717
3433,0.3192055147718681
3434,0.3192285329613171
3435,0.31942828950138025
3436,0.3194825982401995
3437,0.31967063559538467
3438,0.31972832038137733
3439,0.3197432231826045
3440,0.31982217947548097
3441,0.31993153344121533
3442,0.31993457975755285
3443,0.3199604594639731
3444,0.320015283597051
3445,0.32003369660165726
3446,0.32010026693073645
3447,0.3201179040562275
3448,0.320247129277134
3449,0.3203179822816314
3450,0.3203461367353381
3451,0.3203996349425973
3452,0.3207303919712326
3453,0.3208558123270077
3454,0.3208678054519796
3455,0.3209966305025486
3456,0.32106274161211873
3457,0.3211113890313137
3458,0.321200682745443
3459,0.32123550959405284
3460,0.32134166492682675
3461,0.3215055795921493
3462,0.321655722899009
3463,0.3217940486615065
3464,0.3218743996891218
3465,0.3219417857439778
3466,0.32203539088463295
3467,0.3220494837754423
3468,0.32219203731463464
3469,0.3223296302570108
3470,0.3223425162829687
3471,0.3224003472980672
3472,0.3224052809685206
3473,0.32241860592375243
3474,0.3224415522749509
3475,0.3224875274799817
3476,0.32274375221723034
3477,0.32275308759443333
3478,0.32277433606269834
3479,0.3228023822664581
3480,0.3228225821569119
3481,0.32283651013897424
3482,0.3229723044882719
3483,0.32300317132739104
3484,0.3230274798777493
3485,0.3230852300051756
3486,0.32314148467468945
3487,0.32319476738390696
3488,0.32323343407815397
3489,0.3234004917792964
3490,0.323475083507925
3491,0.32351301763330975
3492,0.3235203326352989
3493,0.3237004056554084
3494,0.32375265070284875
3495,0.3239054023125022
3496,0.3243743747652285
3497,0.324420179833868
3498,0.3246215480141393
3499,0.32462594292834107
3500,0.3248228478393777
3501,0.3250087525288364
3502,0.32502268257841144
3503,0.32508491522430893
3504,0.32512522649986725
3505,0.32519583373496164
3506,0.3252283792296709
3507,0.32523214704988684
3508,0.32551854176101186
3509,0.3256401967824312
3510,0.3256694731635063
3511,0.3257874316780839
3512,0.3258315604975489
3513,0.32586971147780786
3514,0.32591410004791393
3515,0.32601170369907717
3516,0.3260665164327776
3517,0.3261179166177669
3518,0.3261241585949568
3519,0.3261411926874439
3520,0.32642346736192157
3521,0.3265142634910707
3522,0.3265672957117325
3523,0.3267934149320067
3524,0.3268154030684158
3525,0.32712396117404796
3526,0.32716477458812976
3527,0.327312719624186
3528,0.32733652253494033
3529,0.32753770939290283
3530,0.3275928844999151
3531,0.32761618334563103
3532,0.3277974066417779
3533,0.32786178680478073
3534,0.3283374697879796
3535,0.32867606076410366
3536,0.328692883733069
3537,0.3289290440937214
3538,0.32893024242527047
3539,0.3289543578434325
3540,0.32895624581508043
3541,0.3290944413746888
3542,0.32912047741557804
3543,0.32918176835850577
3544,0.3291829603776596
3545,0.32918533854344023
3546,0.3292552066910055
3547,0.32930867768113714
3548,0.32932446947740057
3549,0.3293894863224335
3550,0.3293949273711707
3551,0.3294684784268409
3552,0.32964921750747367
3553,0.3297231874816572
3554,0.32989478873138617
3555,0.3301304737447041
3556,0.3302574483104341
3557,0.3302814171608626
3558,0.33028678106836296
3559,0.33039265113418226
3560,0.33042665309036834
3561,0.3305381033766961
3562,0.3305577511148935
3563,0.3306471588638318
3564,0.3307458725049488
3565,0.33080323871566986
3566,0.33097053549896527
3567,0.3311741357182696
3568,0.3316928814467853
3569,0.33175023907294593
3570,0.3320425653225019
3571,0.3321662844875361
3572,0.3322057966318412
3573,0.3322204752436663
3574,0.3324520170012024
3575,0.33260794966970286
3576,0.33279598957981127
3577,0.33280201996784275
3578,0.33284658878737855
3579,0.33306377626168354
3580,0.3330722377266545
3581,0.333144118025539
3582,0.3331834848359835
3583,0.3333142641233121
3584,0.3333761050982783
3585,0.3333886114168426
3586,0.3335388246340725
3587,0.33360181921277676
3588,0.3337048682367896
3589,0.3337062196005384
3590,0.33374651341235767
3591,0.3338247143849106
3592,0.3339830355225369
3593,0.33412825974267774
3594,0.334418490087463
3595,0.3346003985121045
3596,0.334945101574497
3597,0.33507084314191
3598,0.33514483762117137
3599,0.3351663374747883
3600,0.3352260111386517
3601,0.3353122390639018
3602,0.3357813165891716
3603,0.33585019253710774
3604,0.33585498787245005
3605,0.3360509609628438
3606,0.33638197865671093
3607,0.3364766552059577
3608,0.33659253938035305
3609,0.3366074269533704
3610,0.3367554046519534
3611,0.3369158823959434
3612,0.3369755554046321
3613,0.3369845349373045
3614,0.33701824168853234
3615,0.3370890121508311
3616,0.33709625782580543
3617,0.33734277977724714
3618,0.3373906250994795
3619,0.33740768351769385
3620,0.3374276781836502
3621,0.3374689524972915
3622,0.3377407960493535
3623,0.33783420104979034
3624,0.3382910401568535
3625,0.33839263052614466
3626,0.3384565006123231
3627,0.33859306934535965
3628,0.3386631761825852
3629,0.33891436628735455
3630,0.33900880823486784
3631,0.3391145873796041
3632,0.33914505798563366
3633,0.33931653072449364
3634,0.33936235009493854
3635,0.3395623032948143
3636,0.3397659307177695
3637,0.33980485465206756
3638,0.339904328649831
3639,0.33994005606920585
3640,0.33994933512699677
3641,0.34005073091554927
3642,0.3400555965262706
3643,0.3402206953263438
3644,0.3403330976443536
3645,0.3406169025232674
3646,0.34086696172603137
3647,0.34090074835227935
3648,0.3409905421968603
3649,0.3410065460220709
3650,0.3411888854452737
3651,0.341281508899152
3652,0.34132776196381687
3653,0.34134457563070597
3654,0.3414054488207188
3655,0.3414990785905775
3656,0.34158541028174416
3657,0.3417679594243279
3658,0.34181825507576447
3659,0.3418349171041424
3660,0.34188103951540416
3661,0.3419572084122188
3662,0.3419896235124345
3663,0.3420424369747098
3664,0.34210986735371085
3665,0.34218259537315404
3666,0.34221063254940015
3667,0.3422669541189508
3668,0.34226751890621565
3669,0.3422977891068174
3670,0.3425434589559708
3671,0.3426024150574637
3672,0.3427636369781466
3673,0.3429760769792798
3674,0.3429765403640007
3675,0.342980273087799
3676,0.34302588880161183
3677,0.34308540953653716
3678,0.34308923253725593
3679,0.34312719627907523
3680,0.34327208516421187
3681,0.3432856820793159
3682,0.3433132884439173
3683,0.34337382383534876
3684,0.34353158202573025
3685,0.34353673008212643
3686,0.34359736973959293
3687,0.34365237100965845
3688,0.3438178073092791
3689,0.3438762840461192
3690,0.34389395529348976
3691,0.34408610872632417
3692,0.3441117783032558
3693,0.344158535435134
3694,0.3442387551651872
3695,0.344298048124028
3696,0.34436478916603863
3697,0.3444928792355274
3698,0.34451783583451034
3699,0.34456129628740323
3700,0.34468008308778736
3701,0.3447137600682331
3702,0.3448043389443764
3703,0.3450339653452077
3704,0.3451083378388108
3705,0.34514276953640655
3706,0.34514921176383273
3707,0.3452560430488846
3708,0.34529786634925214
3709,0.34529829717256555
3710,0.3453643078513019
3711,0.3454207970311953
3712,0.3454331842045518
3713,0.3454813033631737
3714,0.34550900458376227
3715,0.34553223438845965
3716,0.34563334602442636
3717,0.34566551912833815
3718,0.34566679040318354
3719,0.34610060292139266
3720,0.34614825781199615
3721,0.34625585909185375
3722,0.3462871589840816
3723,0.3464337291632019
3724,0.34644688106687715
3725,0.3465787740918975
3726,0.3465958581813132
3727,0.3468387532373845
3728,0.3468588126266406
3729,0.3470246165342948
3730,0.34705900763056297
3731,0.3472736043680805
3732,0.3473444339465196
3733,0.3473655545417188
3734,0.3473880319192364
3735,0.3474806572531645
3736,0.34761779741917576
3737,0.3476345405439665
3738,0.347786300376418
3739,0.347935585379091
3740,0.3479583925416322
3741,0.3479670455822996
3742,0.348109829928488
3743,0.34823762452706286
3744,0.34827795230623027
3745,0.3485330017004276
3746,0.3485727948977157
3747,0.3485728130644636
3748,0.3485840671749609
3749,0.3486836379684403
3750,0.348964087737185
3751,0.3491372806411439
3752,0.3493241016162816
3753,0.3493635752309713
3754,0.34942325068090546
3755,0.349436393877049
3756,0.3494911572931595
3757,0.3494943417121913
3758,0.3494984540664498
3759,0.3496550290817338
3760,0.34980224848739666
3761,0.34988226070602196
3762,0.34994142170129866
3763,0.35002692657249596
3764,0.3501052737905849
3765,0.3501852378014039
3766,0.35034527460413645
3767,0.35045163948166325
3768,0.35046651906078863
3769,0.35062340897281763
3770,0.35067893788235005
3771,0.35080956838822863
3772,0.35083998909102043
3773,0.35095260337613676
3774,0.3509725437291813
3775,0.3510143239127057
3776,0.35106242316632996
3777,0.35130417873302966
3778,0.3513336287073129
3779,0.3514459152978673
3780,0.35147808773703115
3781,0.3515099641445919
3782,0.35154233456173956
3783,0.35169071638142624
3784,0.3517122488715414
3785,0.3518861927932609
3786,0.3519423357905045
3787,0.35196401706338637
3788,0.3520805077202309
3789,0.3522375794502499
3790,0.3522470958043581
3791,0.35238355150212974
3792,0.35247800086305026
3793,0.352491538869762
3794,0.35258774773769114
3795,0.3526794688159072
3796,0.35273882291316133
3797,0.35291347759911784
3798,0.35304500632977776
3799,0.3532176365795212
3800,0.3536140340840173
3801,0.3536662908756149
3802,0.3540016626715136
3803,0.35424713943408576
3804,0.3543845959787005
3805,0.35440248514474443
3806,0.3544241005624404
3807,0.35450899991014934
3808,0.3545977196851751
3809,0.3546027846076861
3810,0.3546887975631963
3811,0.3548883063727977
3812,0.35500967457300575
3813,0.35517909065945524
3814,0.3554743756856616
3815,0.35553256853369547
3816,0.3555328223797267
3817,0.3555681283905477
3818,0.3556123676554597
3819,0.3557454436900018
3820,0.35576174544583655
3821,0.355830228971135
3822,0.35585538589975246
3823,0.3558598734643185
3824,0.3559337846142439
3825,0.35595960424140327
3826,0.3559722492455273
3827,0.3561330716312632
3828,0.3564088923582606
3829,0.35651679368281947
3830,0.3565594689606803
3831,0.35656810136137823
3832,0.3566674456131799
3833,0.3568898320837733
3834,0.35702349911498854
3835,0.35702499515890895
3836,0.35710115401899856
3837,0.357277092642067
3838,0.3573732500377699
3839,0.3573886652759062
3840,0.3573895005608003
3841,0.3574544605906844
3842,0.3575550831007938
3843,0.357869383068979
3844,0.35792386177686064
3845,0.35796252127166184
3846,0.3580158145663245
3847,0.35812326800392313
3848,0.3581802908272046
3849,0.3584838738275848
3850,0.3585100007497843
3851,0.35860027823302737
3852,0.35864480761430323
3853,0.35877272047841313
3854,0.35889554108205696
3855,0.35891147433340304
3856,0.358942406600774
3857,0.3590046980149242
3858,0.3590145907035449
3859,0.35904723566863905
3860,0.3591612490213645
3861,0.359427658634982
3862,0.35969803391688865
3863,0.35972732149449205
3864,0.3597366600449341
3865,0.3598806162307965
3866,0.35999270122144955
3867,0.36026813009108644
3868,0.36034686725924897
3869,0.36038362274416025
3870,0.3605056172375912
3871,0.3611218167123086
3872,0.36112906268374734
3873,0.361163889014607
3874,0.36116969710582075
3875,0.3611867399414757
3876,0.3612655638687375
3877,0.3614287265493322
3878,0.3614671468954553
3879,0.3615619851843374
3880,0.3616232623652356
3881,0.36162824235015617
3882,0.36164038089701367
3883,0.3620392546528839
3884,0.36216037251416666
3885,0.36225423014958735
3886,0.3623232811952394
3887,0.36233978761364183
3888,0.3627509368104005
3889,0.36277255126382224
3890,0.36284001229517376
3891,0.3628994148241359
3892,0.3629468890234956
3893,0.3630032140694467
3894,0.36303079458571264
3895,0.363034402548844
3896,0.3630581118595972
3897,0.36308720733047956
3898,0.363088531370681
3899,0.36311859130634505
3900,0.363507331911043
3901,0.36350823849410896
3902,0.3635317306686189
3903,0.3635503480381942
3904,0.3636740776277989
3905,0.3637908361798737
3906,0.36395399612580154
3907,0.36398713265882693
3908,0.3640147550659958
3909,0.3640355943988359
3910,0.3640810073707469
3911,0.36410504611187366
3912,0.3641171861628697
3913,0.3641857614432853
3914,0.36426104564860023
3915,0.3643499917984243
3916,0.36435427791155706
3917,0.3643953851996949
3918,0.36448202192637574
3919,0.36473301809808134
3920,0.36486562116912735
3921,0.3650092110761646
3922,0.36503568619302906
3923,0.36520365523120646
3924,0.36541940153618946
3925,0.3654439322103613
3926,0.3654580785187571
3927,0.3656591961743304
3928,0.3657166615473276
3929,0.36574257303023644
3930,0.3658739050911777
3931,0.36616577009397466
3932,0.36625405353026286
3933,0.3664244940358259
3934,0.36648477240420974
3935,0.3666016051997034
3936,0.36660552453060535
3937,0.3666843969271951
3938,0.3666850828397453
3939,0.36679734555287014
3940,0.3668158469671899
3941,0.3668874894472797
3942,0.36694841968086905
3943,0.3670136769616548
3944,0.3671124670148707
3945,0.3672546913039758
3946,0.3673067243871099
3947,0.3674656469554064
3948,0.3675800133417608
3949,0.3676709979530136
3950,0.36776589460735265
3951,0.3678129809530438
3952,0.3678166709767007
3953,0.36794420820215656
3954,0.3681390092376691
3955,0.36818330005944294
3956,0.3682297289948921
3957,0.3682726948284401
3958,0.3683151955304941
3959,0.3683232121418788
3960,0.36835148375197113
3961,0.3683745794191031
3962,0.3686311977859952
3963,0.36873400557339536
3964,0.3687764423242544
3965,0.3688067871962035
3966,0.3688135418366043
3967,0.36887452349010486
3968,0.36900266243531177
3969,0.3690706695854211
3970,0.36924670638003787
3971,0.3693355057440233
3972,0.36937723586805393
3973,0.3693774197480842
3974,0.3694294959320575
3975,0.3694598945368532
3976,0.3695113518293651
3977,0.3695604749816159
3978,0.3695647586517095
3979,0.36959812828100175
3980,0.3696171653953196
3981,0.36965455636160655
3982,0.36992904636557583
3983,0.3700330605467878
3984,0.3700477649751381
3985,0.370178407187001
3986,0.37019123604296633
3987,0.3703756181945765
3988,0.37041789068843267
3989,0.37046474341544083
3990,0.37050389719955323
3991,0.3706147212004425
3992,0.37071296812702237
3993,0.3707275072499926
3994,0.3707641617971414
3995,0.37086459662989957
3996,0.3710179386430321
3997,0.3710628658515025
3998,0.37110057111124156
3999,0.3711601183225994
4000,0.3715629673743776
4001,0.37169438130935767
4002,0.3718977414383193
4003,0.3719940340758003
4004,0.372034615782365
4005,0.3724464721482791
4006,0.37265000057154807
4007,0.37300591165386643
4008,0.37318935796452846
4009,0.37334714035459465
4010,0.3734136809772782
4011,0.37357714098691547
4012,0.37359893393776084
4013,0.37362824411107465
4014,0.37378176749860864
4015,0.3739770724874316
4016,0.373988613989622
4017,0.3740066974937062
4018,0.3740629826044223
4019,0.3741363439642085
4020,0.37415343055296596
4021,0.37421206659161854
4022,0.3743316453701194
4023,0.37439832227378167
4024,0.374637418805992
4025,0.37478116489999924
4026,0.3748377899125135
4027,0.3748649471447132
4028,0.3750843204498122
4029,0.37515438874184837
4030,0.3752482378034041
4031,0.3754084513027909
4032,0.37550451540823004
4033,0.37569315156957545
4034,0.37572414753309025
4035,0.3758007823728313
4036,0.37625726438685425
4037,0.37644889069653253
4038,0.376479259670145
4039,0.3765255627976816
4040,0.37655021856566356
4041,0.37656943421938033
4042,0.37663111649717745
4043,0.37673334670736786
4044,0.376748665339475
4045,0.3768840762252235
4046,0.37689543122288366
4047,0.3769631203243085
4048,0.3769799287156415
4049,0.37706145580197825
4050,0.377242398823026
4051,0.3776047623452342
4052,0.3776740860059207
4053,0.377747497473273
4054,0.3777867565106801
4055,0.37791010034629763
4056,0.37793219111651527
4057,0.3780485048642808
4058,0.3780728726519435
4059,0.37809243899201167
4060,0.37812463840425314
4061,0.3781368897745019
4062,0.3782324747163204
4063,0.37864000675804
4064,0.3786927221189075
4065,0.3787390309645655
4066,0.37890972896457076
4067,0.37903610503977503
4068,0.3790567726052795
4069,0.3791082317750788
4070,0.3791631616880615
4071,0.37942051711422575
4072,0.3796886414313705
4073,0.3798924528056423
4074,0.3799307697178257
4075,0.3799667086590086
4076,0.37997171776764593
4077,0.38014914757735624
4078,0.380408532390063
4079,0.38044305046174576
4080,0.3804612295973061
4081,0.3805351233368692
4082,0.3805409209118176
4083,0.38059975099646937
4084,0.38077965543404824
4085,0.38084684880948017
4086,0.38088389625799524
4087,0.38090072788594054
4088,0.38112690386559944
4089,0.3815248330851019
4090,0.3815428699981989
4091,0.3815726127106199
4092,0.38161127782502313
4093,0.3816161590128463
4094,0.3816641095737179
4095,0.3818870894590142
4096,0.3819372897455241
4097,0.3819647632846872
4098,0.3819686373836041
4099,0.3820138163941844
4100,0.3822887140386211
4101,0.38245402946771334
4102,0.3825100158499794
4103,0.38252441708161494
4104,0.38258711886747326
4105,0.3826290944645819
4106,0.38263535581754515
4107,0.38266931185287745
4108,0.3831866381718903
4109,0.38318809877771004
4110,0.3831948774923965
4111,0.3832302243409012
4112,0.3833720302695974
4113,0.38363106290631355
4114,0.3837722780822209
4115,0.38381081393692096
4116,0.38385041251747437
4117,0.38391263957458516
4118,0.38393505537627515
4119,0.3841238848404663
4120,0.3841860802261167
4121,0.38421092653589073
4122,0.38434479992252335
4123,0.3843903057241038
4124,0.38440466896597736
4125,0.3845211136398059
4126,0.38454884012244284
4127,0.38456761843366183
4128,0.384613302732271
4129,0.38468426955566815
4130,0.3847348903667644
4131,0.3847369457630825
4132,0.38475959884535604
4133,0.3849746542822641
4134,0.38501400365575356
4135,0.3850356315288394
4136,0.38507093972621137
4137,0.38512127919664507
4138,0.3852737270804296
4139,0.3854256519685825
4140,0.38548903809773655
4141,0.3855744103945647
4142,0.3856572833026958
4143,0.38580087386447215
4144,0.38587907121998966
4145,0.3858886836471992
4146,0.38593870901946714
4147,0.385985065477949
4148,0.38601302966322215
4149,0.3861479900792911
4150,0.386256201794925
4151,0.38637490594492013
4152,0.3865158914131532
4153,0.38655842711449956
4154,0.3866095461671178
4155,0.38666001642631503
4156,0.38666445052013515
4157,0.3867291139415699
4158,0.3868502667711806
4159,0.3871272362681845
4160,0.3871505174178132
4161,0.3871898576560792
4162,0.38723390844006317
4163,0.3873008001135948
4164,0.38731283557044316
4165,0.38736006204842377
4166,0.3873684265368291
4167,0.3874653834473729
4168,0.3874883427101562
4169,0.38761094673025015
4170,0.3877221143623189
4171,0.3877644793183732
4172,0.3877974398386102
4173,0.38789061716810797
4174,0.38790270250188946
4175,0.3879797174952855
4176,0.38798492943756
4177,0.38806293010122506
4178,0.3880645735572724
4179,0.388090870027459
4180,0.38818520494158104
4181,0.3883519722363973
4182,0.38836179256180475
4183,0.388384699482153
4184,0.3884777322193003
4185,0.38848611111055303
4186,0.38855578280250164
4187,0.3886566564860386
4188,0.38874989883731
4189,0.3887873297392804
4190,0.3888792679679564
4191,0.38894605360542567
4192,0.38896711609523105
4193,0.3890782226155872
4194,0.38908662732200816
4195,0.38924754453517846
4196,0.38933958118663964
4197,0.38934683881089266
4198,0.3893997759973293
4199,0.38945207316196717
4200,0.38945462267967457
4201,0.3895164625488644
4202,0.3895917712781959
4203,0.3895984865911547
4204,0.3896713568919935
4205,0.39000779574676336
4206,0.3901454460478925
4207,0.39027843144321095
4208,0.39048330327024205
4209,0.3906423023791338
4210,0.39065420420746677
4211,0.3907327786947147
4212,0.3908539368960081
4213,0.39097463105080044
4214,0.3909996494814695
4215,0.3911031200087639
4216,0.3911638432259292
4217,0.391245346939223
4218,0.3913035966927213
4219,0.39135952785376293
4220,0.39148017973420557
4221,0.39151346904215956
4222,0.391637969652201
4223,0.39168368980574214
4224,0.3917551730870278
4225,0.39188663821847497
4226,0.3919427751242199
4227,0.3922605059225513
4228,0.39226561924859854
4229,0.3924569668016105
4230,0.39255220392698115
4231,0.39256982600887536
4232,0.39260227188437413
4233,0.39268403885818726
4234,0.39279305993995656
4235,0.39279331431479153
4236,0.3928049701252586
4237,0.39282226934036873
4238,0.39302453692938205
4239,0.3930297669245111
4240,0.3930653701025174
4241,0.39312765736352784
4242,0.3932113054755184
4243,0.39328180397710966
4244,0.3934110761170285
4245,0.39364580114837855
4246,0.3937147688800551
4247,0.3937717755740604
4248,0.39386218903334125
4249,0.39393720128250853
4250,0.394176306302726
4251,0.3943012850373622
4252,0.39454125041069427
4253,0.3946166664151826
4254,0.3947264526126679
4255,0.3949777429752919
4256,0.3950864617676586
4257,0.3954710464332948
4258,0.3955687984780081
4259,0.39571191938853917
4260,0.39572577331525277
4261,0.39578905833614675
4262,0.39590133266111194
4263,0.3959462723041355
4264,0.3959772202761044
4265,0.39606528439039534
4266,0.39608754070807145
4267,0.396227114463348
4268,0.3963298767541387
4269,0.39636101094300363
4270,0.39637983002368254
4271,0.3963888425200852
4272,0.39642370887144024
4273,0.3964706484926133
4274,0.39647166031792075
4275,0.39666410537624547
4276,0.3969822310902163
4277,0.39708817038755945
4278,0.39712997560000185
4279,0.3971883738637108
4280,0.3971891527105819
4281,0.397200512233739
4282,0.3972115302624862
4283,0.39726588141328323
4284,0.39739225476902074
4285,0.3974554296407422
4286,0.39787542198725745
4287,0.3979740541396193
4288,0.3980131051610409
4289,0.39804951518597415
4290,0.3981051029795148
4291,0.39813296220947186
4292,0.39816676286605196
4293,0.3982235211071758
4294,0.39826108790504117
4295,0.398429506942843
4296,0.39844663772140715
4297,0.3984466703765193
4298,0.3985578019264489
4299,0.3985584751728243
4300,0.39867997955079926
4301,0.3987564334767486
4302,0.39877097272256323
4303,0.39879979643251806
4304,0.3988350695881078
4305,0.3989866679692392
4306,0.39905706854048145
4307,0.39916846449573995
4308,0.3992382168730967
4309,0.3992954263235846
4310,0.3995195032630049
4311,0.39964633629564816
4312,0.3996978587893598
4313,0.3997523942121203
4314,0.3998013747368232
4315,0.39992368572146475
4316,0.39994355647109114
4317,0.39995370488909815
4318,0.399987556878369
4319,0.3999970644975425
4320,0.40027227376132785
4321,0.40034242942540504
4322,0.40043247395188813
4323,0.40045640567051016
4324,0.400496415910206
4325,0.4005389996297603
4326,0.40059351529687953
4327,0.40065129468011135
4328,0.40083186805779886
4329,0.4009106550637407
4330,0.4009184901723992
4331,0.40092785624484306
4332,0.4009486255532896
4333,0.40112387311397224
4334,0.40120396929503116
4335,0.40122483165843476
4336,0.4013760329703539
4337,0.40139582694639964
4338,0.40145686470428144
4339,0.40166422584514994
4340,0.4017503098471884
4341,0.4018487134692079
4342,0.40184996897616587
4343,0.40201562824799386
4344,0.4022099627785576
4345,0.4022726664204853
4346,0.40280052603451566
4347,0.4031659573009594
4348,0.4031686072216771
4349,0.40320317248870735
4350,0.4033330269319984
4351,0.40372387711199714
4352,0.4037267150641553
4353,0.40379225176278966
4354,0.4039191092278954
4355,0.4042535674476001
4356,0.4042960732175727
4357,0.40436640424280057
4358,0.40437836779440095
4359,0.40458021422605783
4360,0.4046026674603359
4361,0.4046270340646423
4362,0.4047164626161711
4363,0.40484951000521063
4364,0.4048872863138776
4365,0.40489285307702805
4366,0.40498928014271274
4367,0.4050970990736743
4368,0.40509856719270976
4369,0.4051476019761039
4370,0.4052131165481622
4371,0.40522926533996967
4372,0.40546945796519135
4373,0.4054886716172185
4374,0.4055088969655647
4375,0.4055425539295922
4376,0.40560341571338127
4377,0.4056322043090383
4378,0.4059565614955866
4379,0.40599121223449414
4380,0.4060197393064299
4381,0.4060797775744495
4382,0.4061141018586578
4383,0.4061630613184299
4384,0.4062819088041581
4385,0.40631290704637946
4386,0.40631828608234344
4387,0.4063316815850483
4388,0.4063753736583494
4389,0.40637832584015365
4390,0.4066706209144616
4391,0.4067042196172393
4392,0.40679453836490775
4393,0.406798182226229
4394,0.4068813441309005
4395,0.40704680462457654
4396,0.4070866712666632
4397,0.4072609058394588
4398,0.40731591970971254
4399,0.4074370575338257
4400,0.40753934132993086
4401,0.40761757792884346
4402,0.4076464771435794
4403,0.40792279522815933
4404,0.4079505189276458
4405,0.40809653651911926
4406,0.4081320690505059
4407,0.4082820931138739
4408,0.4084643480499979
4409,0.4085428292341687
4410,0.4087438500851939
4411,0.4088274105883614
4412,0.40883851982238617
4413,0.408857892264224
4414,0.40885850660931367
4415,0.40892229891058607
4416,0.40892986040904145
4417,0.4090066027113465
4418,0.4091442392007267
4419,0.40916441899242995
4420,0.40917520957193754
4421,0.4094282925416357
4422,0.40951176526425453
4423,0.40961366923314135
4424,0.4096372870469573
4425,0.40966400412592036
4426,0.40973622173336394
4427,0.4097542759422376
4428,0.4098499511143382
4429,0.40990604966242683
4430,0.410123375318458
4431,0.41017451847381425
4432,0.41027209280589483
4433,0.41029964152879084
4434,0.4105676235893624
4435,0.41060914457164777
4436,0.4106804877658834
4437,0.41078765942965867
4438,0.41083981991813634
4439,0.4109754241639342
4440,0.41113260821847264
4441,0.4114098661840355
4442,0.4114696070003011
4443,0.411478790283935
4444,0.41154734342502425
4445,0.411730282925115
4446,0.41180778320253647
4447,0.4120351835434058
4448,0.41218750291620715
4449,0.41222375972686937
4450,0.4122280837781666
4451,0.41227714105356966
4452,0.41234019730020327
4453,0.4124606317146144
4454,0.41252857455054737
4455,0.4126419634279621
4456,0.41265669854010045
4457,0.4127276644421585
4458,0.4127753827493114
4459,0.41289685588573527
4460,0.4129637917555436
4461,0.41300801355944916
4462,0.4130433117217026
4463,0.41310255072552327
4464,0.41311706520903657
4465,0.4133038923243701
4466,0.41340349553188244
4467,0.41341801741068485
4468,0.413427008683128
4469,0.41344608677742223
4470,0.41360088829492636
4471,0.4136596275421701
4472,0.4138128776364096
4473,0.4138586521646608
4474,0.41394380463591474
4475,0.4139654639727153
4476,0.4140167688844606
4477,0.41403627949042676
4478,0.41411354859124117
4479,0.4141369490858712
4480,0.41415435597084094
4481,0.41420967942803855
4482,0.41424558952183355
4483,0.41424802991720877
4484,0.4144345551737383
4485,0.41455617553735924
4486,0.4146224842761467
4487,0.4147740330064891
4488,0.41480117183029064
4489,0.4148795334800981
4490,0.4150894311361478
4491,0.41524992441848974
4492,0.4153403867616047
4493,0.41563255355520595
4494,0.4156430769773786
4495,0.4159616808830278
4496,0.4159836151259972
4497,0.4160107286827072
4498,0.4161429768531925
4499,0.41619817787984986
4500,0.4161997494511187
4501,0.41632622959662824
4502,0.41653980535964535
4503,0.4168572328561456
4504,0.4169479548854441
4505,0.4169744368391973
4506,0.4170399919438311
4507,0.4170760178724131
4508,0.4171416302473738
4509,0.4171608889606767
4510,0.41717639275826757
4511,0.4172303194753817
4512,0.4172749405513212
4513,0.41729026535283437
4514,0.4175512335798323
4515,0.4176517966818494
4516,0.4176851060727842
4517,0.41772258503536164
4518,0.41783318363369404
4519,0.4178492205677844
4520,0.4179391740839069
4521,0.41796005285337434
4522,0.41810246966231057
4523,0.41814389721840256
4524,0.418159142074962
4525,0.41816873619263756
4526,0.41833141404580004
4527,0.41836350589722776
4528,0.4184623164263999
4529,0.4184889668256378
4530,0.41851279834730776
4531,0.41867639630944437
4532,0.4187782266371316
4533,0.41884241196416827
4534,0.4189367987376812
4535,0.4190708197920212
4536,0.41928866782526497
4537,0.4193145519518465
4538,0.4193406091722589
4539,0.4194941998253843
4540,0.41952394274160637
4541,0.4195563419545611
4542,0.41974514322145456
4543,0.4199382641754234
4544,0.4201292106381905
4545,0.4201318116852118
4546,0.4202991588265637
4547,0.42040981324620313
4548,0.42042599904922534
4549,0.4206419889064253
4550,0.42074832303019044
4551,0.421051906170903
4552,0.42113365876283676
4553,0.42121344279756046
4554,0.4212546022683975
4555,0.4214668752307026
4556,0.42170834502163235
4557,0.4217636939268921
4558,0.42180591831192255
4559,0.4218345455834054
4560,0.42194565661154226
4561,0.4219652603276016
4562,0.4219725765685822
4563,0.4221120527199148
4564,0.42211660930236267
4565,0.4221451355113432
4566,0.42222274876445803
4567,0.42246164344953163
4568,0.42248729344741554
4569,0.4225699746194189
4570,0.4225907141591737
4571,0.4226355614180685
4572,0.4226451190083703
4573,0.42277632950559474
4574,0.42286434712387544
4575,0.4229460084397587
4576,0.4230745434669555
4577,0.4230984509383211
4578,0.4232270617521462
4579,0.42330243970185744
4580,0.42332730804274504
4581,0.42335862521962836
4582,0.4234566586396716
4583,0.4238141327091503
4584,0.42386710972258096
4585,0.42387672834258877
4586,0.42389442606872324
4587,0.4239195592689034
4588,0.4239639795998301
4589,0.4239928154134102
4590,0.4240978825320776
4591,0.4243403353421027
4592,0.42445519311356483
4593,0.4245640205275356
4594,0.42463061822297177
4595,0.4248134532356167
4596,0.42485691584033025
4597,0.42500947348440077
4598,0.425135757770431
4599,0.4251404018558674
4600,0.4251872450249901
4601,0.4252826264443363
4602,0.42534073932644884
4603,0.4253940891512882
4604,0.4253949558998762
4605,0.42546338897144426
4606,0.4256767500439087
4607,0.42574970264472817
4608,0.42580072445863165
4609,0.42582933948677776
4610,0.42584364315217454
4611,0.4259442009768646
4612,0.42610941035755645
4613,0.4262019228164341
4614,0.4262536636883689
4615,0.4262536883818726
4616,0.42630536918421796
4617,0.4263097464565867
4618,0.42632638569827097
4619,0.4263527553322668
4620,0.42636245312297805
4621,0.42661341373791983
4622,0.42669608688071103
4623,0.4268028051737137
4624,0.4269197522416829
4625,0.42695110831966065
4626,0.4269964066780033
4627,0.4271331169985094
4628,0.4272771183280199
4629,0.42733871683486296
4630,0.42738704728733656
4631,0.42742174109184405
4632,0.42744905547915096
4633,0.4276182425447072
4634,0.42776738408835774
4635,0.42785548887083646
4636,0.42790438368588407
4637,0.4279585118853246
4638,0.42797748330474145
4639,0.4279834420685574
4640,0.42800344711699106
4641,0.42800424495060096
4642,0.42806440889000497
4643,0.4282450722970773
4644,0.4284168712125145
4645,0.42844394943789144
4646,0.4285757660496166
4647,0.428710202746637
4648,0.4287797535202507
4649,0.42879759113969323
4650,0.429082588908508
4651,0.4294270965640988
4652,0.429461377817601
4653,0.42952313413912074
4654,0.4297401778639723
4655,0.4298003051974561
4656,0.42983192949067106
4657,0.4298697054125199
4658,0.4299646455805166
4659,0.43015302992630966
4660,0.43024160563859026
4661,0.43042137694643157
4662,0.430529769260632
4663,0.4305713072667424
4664,0.4306103583352686
4665,0.43062897355008556
4666,0.43073031643434556
4667,0.4307595553016488
4668,0.4308085460841729
4669,0.4308969851839127
4670,0.4311240511510536
4671,0.43112766923379925
4672,0.43127889430014327
4673,0.4313180692350556
4674,0.43143337063408455
4675,0.4314420295978008
4676,0.4317279329108262
4677,0.4317282581849384
4678,0.4317977421345635
4679,0.4319073916704603
4680,0.4320657642983851
4681,0.43215014473719565
4682,0.4322778279580137
4683,0.4322982940326304
4684,0.43244570682101857
4685,0.43245397613154646
4686,0.4325385216206457
4687,0.43256378030507975
4688,0.4326217116795658
4689,0.43262780682920415
4690,0.43270170103228606
4691,0.4327076619124411
4692,0.43273913573897155
4693,0.4327573093658077
4694,0.4327675624101102
4695,0.43290453729364775
4696,0.43301077378905417
4697,0.43301764493059025
4698,0.43306558896635117
4699,0.4332020929975743
4700,0.4332401927385764
4701,0.4332457124906971
4702,0.43326185233036174
4703,0.4333272791092969
4704,0.4333511095027002
4705,0.43342156382082814
4706,0.4335699386516607
4707,0.4335924222189341
4708,0.4337793197437192
4709,0.4338055789273437
4710,0.43385669264531834
4711,0.4339469246329053
4712,0.4341889960680775
4713,0.43433911832452066
4714,0.4343764875085823
4715,0.4344443045135057
4716,0.4344770078558868
4717,0.43456276510266884
4718,0.43466956429635256
4719,0.4347317323949437
4720,0.4347540214524425
4721,0.43513423843113924
4722,0.4351467354620114
4723,0.4352521665289957
4724,0.4353036719709237
4725,0.43532053620338823
4726,0.4353417098380728
4727,0.43537585005404417
4728,0.4355724228843487
4729,0.4356715381342282
4730,0.435850300939836
4731,0.4359074361144867
4732,0.435945894027841
4733,0.43596101120356334
4734,0.4360773971512304
4735,0.4362033984793594
4736,0.436225016435924
4737,0.4362532672760739
4738,0.4362689557110975
4739,0.4363454108339606
4740,0.43638163822291987
4741,0.43642724192808546
4742,0.43677525351884705
4743,0.4368128980479987
4744,0.4369441604166122
4745,0.4369516980711021
4746,0.437153297516116
4747,0.4371752724280497
4748,0.43724058715262976
4749,0.437399741807411
4750,0.43748449218699675
4751,0.4374999734453166
4752,0.437565867616357
4753,0.4378090811721973
4754,0.43794350657671266
4755,0.4380941727083264
4756,0.4381048995966663
4757,0.43817524797033514
4758,0.438323119207702
4759,0.4383249278875608
4760,0.4383438475215032
4761,0.43849988486409586
4762,0.438578406971493
4763,0.43860019439104464
4764,0.43860857590339625
4765,0.4387027835014827
4766,0.43874023009935575
4767,0.4388198950139351
4768,0.43900551714593355
4769,0.43902494856850466
4770,0.43913833723322154
4771,0.43917290970774053
4772,0.43919885933250946
4773,0.4392506711845595
4774,0.4393129458350943
4775,0.43936621955713573
4776,0.43937135788362713
4777,0.43963173675701717
4778,0.43966232903943214
4779,0.44007264640973054
4780,0.44009657248606304
4781,0.4402428504796072
4782,0.440246970177272
4783,0.44038087554841115
4784,0.44040992792583594
4785,0.44045163344716853
4786,0.4405112180612988
4787,0.4405225314582273
4788,0.4406840439601847
4789,0.44080600241879986
4790,0.44084642291405474
4791,0.4408683726121372
4792,0.44090838219286443
4793,0.4409584041766682
4794,0.4409934533757759
4795,0.44100899424254175
4796,0.44102161180098487
4797,0.44112607942748383
4798,0.4412048529290523
4799,0.441226859657079
4800,0.44133900729151254
4801,0.44141646404914336
4802,0.4414497318650841
4803,0.4414716813353878
4804,0.4416205812538673
4805,0.44167229136927355
4806,0.4417316924331771
4807,0.4417573971202974
4808,0.44203307740257347
4809,0.44208687756778153
4810,0.44214146128197396
4811,0.44218173460591825
4812,0.4421908500173001
4813,0.44230438550831086
4814,0.44232479319138185
4815,0.4424137973906852
4816,0.44246593767870646
4817,0.44263879292356556
4818,0.44266559481670575
4819,0.442694984245084
4820,0.4430122537022674
4821,0.44325201857378843
4822,0.44341535162961937
4823,0.44367716514869987
4824,0.44369121072689904
4825,0.443799674264124
4826,0.44381348101735546
4827,0.4438506044691599
4828,0.4438870256652697
4829,0.44389974477691685
4830,0.44416068660855135
4831,0.4441640469424489
4832,0.44418028187464775
4833,0.44429471720656044
4834,0.4444082014813582
4835,0.4445620021590323
4836,0.4447893951375169
4837,0.44480034500756616
4838,0.445049200551346
4839,0.44515567388646704
4840,0.4453470767321931
4841,0.4453608800960709
4842,0.445363671011309
4843,0.44547532062616824
4844,0.4456569566236011
4845,0.4456806146180883
4846,0.44578520011455136
4847,0.44595037880427313
4848,0.44599453452320137
4849,0.4461040605277897
4850,0.4466797591767901
4851,0.44687246289226074
4852,0.4469168351731968
4853,0.44704311044277045
4854,0.4470619363301216
4855,0.4471012533667661
4856,0.4472256333078334
4857,0.44730120402408413
4858,0.44734895759876114
4859,0.4479527438459195
4860,0.44795539615679597
4861,0.44799547359344233
4862,0.4481356832761311
4863,0.4482649059238139
4864,0.44851174411167744
4865,0.44854519411281574
4866,0.4486498613462475
4867,0.4487619912833761
4868,0.44879612119625134
4869,0.44901963361224206
4870,0.4490972459593722
4871,0.44917200212303227
4872,0.4492849183343356
4873,0.44948941255493635
4874,0.44956154345782173
4875,0.44968351275003443
4876,0.44970548511031566
4877,0.44983767559953863
4878,0.44995711113218456
4879,0.44995910500454345
4880,0.4500602569282299
4881,0.45047932145850317
4882,0.4507668907319421
4883,0.45082177005626517
4884,0.450893073296926
4885,0.4511274858429049
4886,0.45123853521656004
4887,0.45131394161992994
4888,0.45139964778074565
4889,0.4514688704294752
4890,0.4514833476458383
4891,0.45156427815399497
4892,0.45163031228124645
4893,0.4516610043830216
4894,0.4517239935986147
4895,0.45212095977163314
4896,0.4521533770323283
4897,0.452320186954854
4898,0.45234922666485944
4899,0.4523762924365757
4900,0.45245537116059803
4901,0.45274247741915546
4902,0.45281762833433215
4903,0.452953826965086
4904,0.4529580409777354
4905,0.45297172678286435
4906,0.45300257710270786
4907,0.4530603707579326
4908,0.4532116056899824
4909,0.45338352454854747
4910,0.45367442927623114
4911,0.45396783817437447
4912,0.4540081204483606
4913,0.45426956001224505
4914,0.4544138303812992
4915,0.45442307009962746
4916,0.45446278784328353
4917,0.45452795236702703
4918,0.4547295823768547
4919,0.45473110698919833
4920,0.45481711728218127
4921,0.455097687062812
4922,0.45513578847568453
4923,0.4552271052947808
4924,0.45535356540569455
4925,0.45552565685174784
4926,0.45557980155426064
4927,0.4556372044266537
4928,0.4556455272041111
4929,0.4556961702152745
4930,0.45585359443676116
4931,0.4558565149731593
4932,0.45599353067528886
4933,0.4562056835098796
4934,0.4562254407044649
4935,0.4562294287925816
4936,0.4563925948051061
4937,0.45662831809399484
4938,0.4566455889270771
4939,0.4566726243219572
4940,0.45676372409965366
4941,0.4567741095616266
4942,0.4568423729990421
4943,0.4568672288521159
4944,0.45696060208372496
4945,0.45697370448787134
4946,0.4570518517082953
4947,0.4570682616209645
4948,0.4571405241700526
4949,0.45734383664514033
4950,0.457421813825988
4951,0.4574660688845058
4952,0.45746807839041886
4953,0.45758635780570694
4954,0.457770610906487
4955,0.4579499047393819
4956,0.45798683950965613
4957,0.45803739338407234
4958,0.45809332904441535
4959,0.4581499208192298
4960,0.4581893892852351
4961,0.45824848796005335
4962,0.45835522476439977
4963,0.4584748619270516
4964,0.4584758763995474
4965,0.4585128441214828
4966,0.45866119548061346
4967,0.45866362347262013
4968,0.458965588977609
4969,0.4589891194127666
4970,0.4590330590667984
4971,0.4591456865987114
4972,0.4591621936230426
4973,0.459165581170674
4974,0.4591817893888626
4975,0.4592328872777754
4976,0.45940119460090534
4977,0.45953216245484874
4978,0.45953476655170167
4979,0.4595701895092409
4980,0.4596143886857269
4981,0.4596212210533447
4982,0.45992301887610987
4983,0.4600594330339156
4984,0.4600795527902455
4985,0.4601280722731007
4986,0.46016454929720496
4987,0.4604426847359823
4988,0.46050472308129464
4989,0.4605059218741133
4990,0.4605346461967458
4991,0.4605956231245236
4992,0.46059686356623386
4993,0.46067541609414353
4994,0.46084706496934824
4995,0.46090949822349725
4996,0.46108165573556636
4997,0.46124687038137674
4998,0.46133365554179717
4999,0.46140486678038206
5000,0.46156796285353735
5001,0.46165188382134986
5002,0.46168073538260146
5003,0.4616980500993076
5004,0.4617134945854646
5005,0.4618073756329081
5006,0.4618125672107405
5007,0.4618723160303142
5008,0.4621504104378986
5009,0.46215790149978825
5010,0.4624683546725147
5011,0.46250223437062044
5012,0.46252561630452194
5013,0.46263632219596573
5014,0.46292453203925743
5015,0.462991310283709
5016,0.4631044318680202
5017,0.46311461091931183
5018,0.4632832824442388
5019,0.4633249617655014
5020,0.46334084689430277
5021,0.4634311155062313
5022,0.4634919994909889
5023,0.4636343774502865
5024,0.46379350952591597
5025,0.46396449763780917
5026,0.46416164128644316
5027,0.4642320259912665
5028,0.4643313171664578
5029,0.4644944904505227
5030,0.46464157090405667
5031,0.46464448354254373
5032,0.464808003289397
5033,0.4648201671364342
5034,0.46490420070319977
5035,0.4649690279821853
5036,0.4650326499950092
5037,0.4650340527953374
5038,0.4650586833893666
5039,0.46509870551244503
5040,0.4650997259154821
5041,0.4651039787200376
5042,0.4652084411321575
5043,0.4654527604039714
5044,0.46566149937019047
5045,0.46568363371287264
5046,0.46575533256151624
5047,0.4658290753999267
5048,0.4659096584236003
5049,0.46619608766043763
5050,0.4663811518393204
5051,0.466560095079937
5052,0.4667179576528412
5053,0.46699761668043616
5054,0.467036179242988
5055,0.4672759875931258
5056,0.4673814504920364
5057,0.4674432287321395
5058,0.4674585743489875
5059,0.46765007658921215
5060,0.46773122113046445
5061,0.46781902505123785
5062,0.46809016138314985
5063,0.46814634842490277
5064,0.4681494084386961
5065,0.4682116103507129
5066,0.46822084204846587
5067,0.46835719018342303
5068,0.468380966615436
5069,0.468633596440798
5070,0.46864971496297697
5071,0.4687949005066421
5072,0.46888779176421647
5073,0.46905217760955403
5074,0.4691755942271185
5075,0.46930990702987996
5076,0.4693491140574877
5077,0.4693523119655384
5078,0.469366124225765
5079,0.46937517037166854
5080,0.469407467111722
5081,0.46950224176169475
5082,0.469563007827168
5083,0.4696985697230836
5084,0.4697662260166124
5085,0.4697903078045585
5086,0.4698602390615915
5087,0.4702126227032522
5088,0.47028034026191595
5089,0.47033348493652233
5090,0.4703790060749786
5091,0.4703942535550825
5092,0.4704888471865671
5093,0.4705629575938807
5094,0.47063920919785857
5095,0.47071932992051396
5096,0.47088897752160647
5097,0.4710678730735645
5098,0.4712452214263151
5099,0.47130962968539414
5100,0.47138010374679495
5101,0.47150124010921224
5102,0.47150284164331674
5103,0.47152893944494206
5104,0.4715878353977784
5105,0.4717178749799925
5106,0.47176097473854983
5107,0.4717648275953063
5108,0.47179489198416497
5109,0.47190125142857825
5110,0.47217998384270193
5111,0.4722765745517586
5112,0.4722897724761392
5113,0.4722912067668721
5114,0.47232909907651754
5115,0.47254279678556566
5116,0.4726176202580773
5117,0.4726239355550057
5118,0.47280311835784483
5119,0.47282988696954886
5120,0.4728784763165836
5121,0.47297092729603113
5122,0.47300767945987476
5123,0.47338785934164374
5124,0.4734854974693352
5125,0.4745858189190141
5126,0.4746244920101619
5127,0.4746556519295886
5128,0.474669216694391
5129,0.4746941094193896
5130,0.47500317260170577
5131,0.4751806379560275
5132,0.4752469468649634
5133,0.4752737123234724
5134,0.47561055170601163
5135,0.47561682242989356
5136,0.4756774238333888
5137,0.47569256508227603
5138,0.4759555694850816
5139,0.4760633446261083
5140,0.4762076457984589
5141,0.47622047006638
5142,0.47625007849262135
5143,0.4763040957001997
5144,0.4765052623618202
5145,0.4766015720681599
5146,0.47675482022486404
5147,0.4767747094732855
5148,0.4770832486427934
5149,0.4771291507582498
5150,0.4771443239981663
5151,0.4771569117623745
5152,0.47723547198400396
5153,0.47736358916183064
5154,0.47745328042004537
5155,0.47748217543519017
5156,0.47748578047585005
5157,0.47753676050079114
5158,0.47769150202278826
5159,0.4780497781012436
5160,0.4780759619953491
5161,0.47810332385051646
5162,0.4781134380106845
5163,0.4781492170563695
5164,0.47821443711060846
5165,0.4782843810770116
5166,0.4782961453272924
5167,0.4783110625365555
5168,0.4783159860553761
5169,0.47859680698797374
5170,0.47863657475606053
5171,0.4786469535746403
5172,0.4787008323440169
5173,0.4788864060047111
5174,0.47888797899192587
5175,0.4791801689168033
5176,0.4792427761239528
5177,0.4793867263084049
5178,0.47940497423355816
5179,0.4794618261661372
5180,0.4796240827352195
5181,0.4797032084801036
5182,0.47973549115674397
5183,0.4797615761973184
5184,0.47981350573258646
5185,0.4798729844236731
5186,0.4799532678075015
5187,0.4799792856172614
5188,0.4799852698081401
5189,0.48005214674167157
5190,0.48020648964886087
5191,0.4802140083640987
5192,0.4805163578578442
5193,0.4805438353587991
5194,0.4805509428929937
5195,0.4805904014797435
5196,0.4806530467934794
5197,0.48070191824813724
5198,0.4808122244493692
5199,0.48101563477166254
5200,0.48102537032384696
5201,0.48123049821061276
5202,0.48137850628592427
5203,0.48140495360192714
5204,0.48141910186415066
5205,0.48144428997827965
5206,0.4814488376770247
5207,0.4815679391528519
5208,0.4816692804497932
5209,0.4816834671104576
5210,0.4819372483699234
5211,0.48199023157505716
5212,0.4820934371383002
5213,0.48225543306467744
5214,0.4822810155014965
5215,0.4823470798125734
5216,0.48244148218042343
5217,0.48254848161300407
5218,0.48259582372404614
5219,0.4826491707300749
5220,0.48277436256748685
5221,0.4828534555789793
5222,0.48289519858848173
5223,0.4830617190827008
5224,0.4831538531212779
5225,0.4832848763418065
5226,0.48328574560601534
5227,0.48348564742962097
5228,0.48365247292711344
5229,0.4836852661945673
5230,0.48382343184318
5231,0.4838284781320933
5232,0.48392066935743866
5233,0.4839375883192697
5234,0.4841212403256312
5235,0.484122306088261
5236,0.4842583251431185
5237,0.48431798247472946
5238,0.4843639789824101
5239,0.48437959812409725
5240,0.4843862942363528
5241,0.4845134947036982
5242,0.4845821278212371
5243,0.4846639433077916
5244,0.48468746481130154
5245,0.48474105558187675
5246,0.4848588244916314
5247,0.4848980800287979
5248,0.48497270745722726
5249,0.485232488783286
5250,0.48540904856992656
5251,0.4854325545048422
5252,0.48547383345119094
5253,0.4855198514149192
5254,0.4855793545438633
5255,0.48566951082949367
5256,0.4857188083360076
5257,0.485780659259981
5258,0.4857904098468155
5259,0.4859166627025671
5260,0.4861048021199566
5261,0.4864859124934932
5262,0.48653865179077443
5263,0.4866057312066525
5264,0.4866389284808539
5265,0.48668319089470136
5266,0.4868700901905981
5267,0.48689070384771493
5268,0.48691190142888635
5269,0.48724112990217094
5270,0.48731316626569554
5271,0.4873782976360428
5272,0.48752921459280096
5273,0.48755494147195266
5274,0.4876076128745398
5275,0.4877239797397728
5276,0.487874830382748
5277,0.48799072348579636
5278,0.4880536112338873
5279,0.48811865049328834
5280,0.4882120775182912
5281,0.4883414144014335
5282,0.4884109821246684
5283,0.4884163708266203
5284,0.4884284358380467
5285,0.4884766945060078
5286,0.4884892121445946
5287,0.48862586107925754
5288,0.4886967273304552
5289,0.4888067621093378
5290,0.4889016344123115
5291,0.4889038728014979
5292,0.48891674319784
5293,0.48901641447632804
5294,0.4891429144796507
5295,0.4892730915526983
5296,0.489320005614977
5297,0.4893819714519321
5298,0.4894532733825966
5299,0.4894599973037206
5300,0.48951858672510223
5301,0.48952809144753956
5302,0.48954867546271763
5303,0.48979549507946574
5304,0.4898223104762164
5305,0.489940627219413
5306,0.48995089331713104
5307,0.4900921085287515
5308,0.4902361696054429
5309,0.4902525873364819
5310,0.490338510036646
5311,0.4904013017568143
5312,0.4904017580070178
5313,0.4904797044617093
5314,0.4905869494101055
5315,0.4907518174000798
5316,0.4907608501725694
5317,0.49098000682163584
5318,0.4909849128427695
5319,0.4910096259067299
5320,0.49111917163095803
5321,0.4911448882757627
5322,0.4911910040932849
5323,0.4912101184950258
5324,0.4913885611263382
5325,0.4916247515438621
5326,0.4917072995600278
5327,0.49178044915405716
5328,0.4919199733428069
5329,0.49204551603532554
5330,0.4920479004563366
5331,0.4921691314743084
5332,0.49218507249929605
5333,0.49222243589722714
5334,0.49222345957371627
5335,0.492810976021129
5336,0.49282615353473497
5337,0.4929061125393076
5338,0.49292337818994736
5339,0.4930122642864554
5340,0.49301350550731415
5341,0.4930732514951305
5342,0.49322792592662845
5343,0.49328717609501127
5344,0.49338642275522093
5345,0.4934001085012586
5346,0.4937785530338489
5347,0.4938833571289778
5348,0.49390256290014856
5349,0.49405258348859726
5350,0.4941104159809364
5351,0.49419243187441175
5352,0.4942757643989926
5353,0.49435832216035636
5354,0.49438365843942983
5355,0.49462599737739393
5356,0.49466491039605415
5357,0.4946975382579017
5358,0.4947322662651633
5359,0.4948736343569654
5360,0.49495882729736695
5361,0.49503701621156027
5362,0.49509689779709387
5363,0.4951058007946274
5364,0.4951146460449774
5365,0.4952609148743359
5366,0.49530503883771054
5367,0.49534379659358213
5368,0.49538095070751736
5369,0.4957619246208711
5370,0.4958546634893431
5371,0.49610851260844846
5372,0.49612374384573354
5373,0.4961342259103595
5374,0.496325808024936
5375,0.49632811538229726
5376,0.49644358619610146
5377,0.49645374177020435
5378,0.49650466511831515
5379,0.4965263250093754
5380,0.4966335884146804
5381,0.49668672378343776
5382,0.49682496511369156
5383,0.49718246457804527
5384,0.497246374081755
5385,0.49734594185696324
5386,0.4973698287847108
5387,0.49737617855889826
5388,0.49741526139460446
5389,0.4975706417399096
5390,0.4976937002101106
5391,0.4977267730126571
5392,0.4977363252451472
5393,0.4977370960506622
5394,0.49789047601329023
5395,0.4978927797048896
5396,0.49815077890777965
5397,0.49819344005494764
5398,0.49859560549551096
5399,0.49868081368856587
5400,0.4986892077935007
5401,0.4987638786760119
5402,0.4989064852689328
5403,0.4989477321577364
5404,0.4991062090927942
5405,0.49912613617879686
5406,0.49924966430337864
5407,0.49925612285940196
5408,0.4996555938427598
5409,0.49974254784744465
5410,0.4998144820496593
5411,0.49993309826755183
5412,0.5001443325491953
5413,0.5006048577683267
5414,0.5006808582944269
5415,0.5007207929207805
5416,0.5008745942206749
5417,0.500883887761329
5418,0.5009822851541303
5419,0.5010820439849627
5420,0.5011778608777033
5421,0.5012743348308913
5422,0.5013845600088405
5423,0.5014678977257763
5424,0.5015263097074143
5425,0.5019943747492767
5426,0.5020462753652086
5427,0.5021136145874786
5428,0.5021483324915585
5429,0.5022197889869539
5430,0.5022871608185183
5431,0.502361910357322
5432,0.5024750318031722
5433,0.5024763594241883
5434,0.5024981205388356
5435,0.5025796947955466
5436,0.502725921060877
5437,0.5029381411696293
5438,0.5029851723050519
5439,0.5031090231920057
5440,0.5032041975673547
5441,0.5032629364948759
5442,0.5037812465248689
5443,0.5038552280260817
5444,0.5039295027336868
5445,0.5041659752742027
5446,0.5042021596616453
5447,0.5042187385582692
5448,0.5044371095920364
5449,0.504501784762142
5450,0.5045703007887237
5451,0.5047839694222056
5452,0.5052725357348846
5453,0.5054397702725181
5454,0.5055939436534056
5455,0.5057611229960457
5456,0.5058107731724196
5457,0.5058150523727709
5458,0.5059078224315845
5459,0.5059452540389711
5460,0.505962305947835
5461,0.5060909250184444
5462,0.5061213109258177
5463,0.5061496680491526
5464,0.5062976349248289
5465,0.5063428701682012
5466,0.506471995425938
5467,0.5065398542818066
5468,0.5067720457328568
5469,0.5068638859963892
5470,0.5068746650145128
5471,0.5070518266537637
5472,0.5070878103869655
5473,0.5071377436936264
5474,0.5072247153168834
5475,0.5073337070174361
5476,0.5073345819688633
5477,0.5073448030640948
5478,0.5076135227741728
5479,0.5076215103413207
5480,0.5076401103322568
5481,0.5077344852999044
5482,0.5077799382244595
5483,0.5079594356050199
5484,0.5082506756386334
5485,0.5084074846339827
5486,0.5085328059251398
5487,0.5085784129713635
5488,0.508740663466904
5489,0.5089099601476519
5490,0.5089695996663831
5491,0.5090437800891734
5492,0.5092078070391618
5493,0.509354433755624
5494,0.5093706977662769
5495,0.5094758216155577
5496,0.5095082010792571
5497,0.5095828334049347
5498,0.5096112880823896
5499,0.5096674376108989
5500,0.5097050614570229
5501,0.5097125575618275
5502,0.5097646185717564
5503,0.5099222608935493
5504,0.5099385421410615
5505,0.5100164034957781
5506,0.5101849775110152
5507,0.5104608771639547
5508,0.5104967210221583
5509,0.5105922065180114
5510,0.5107100794011499
5511,0.5107352442970936
5512,0.5109358691812129
5513,0.5109374577906928
5514,0.5109527216198941
5515,0.5110597439748003
5516,0.5112935781839459
5517,0.5113208432229313
5518,0.5113481443474408
5519,0.5114111766099567
5520,0.5115179752213341
5521,0.5116140173728538
5522,0.5116294953601671
5523,0.5116532615385927
5524,0.5116990565544492
5525,0.5118805591597978
5526,0.5119933272348054
5527,0.5120202051980953
5528,0.5120500471648031
5529,0.5121547753802841
5530,0.5122744973011711
5531,0.5125169510263975
5532,0.5127315118213676
5533,0.5127583676653259
5534,0.512805589087214
5535,0.5129349994148377
5536,0.513122139969208
5537,0.513122900333824
5538,0.5131694059748209
5539,0.5132004453779581
5540,0.5133313093981404
5541,0.5133427585170173
5542,0.5134462966548552
5543,0.5134585222150059
5544,0.5136674499937715
5545,0.513682736694261
5546,0.5138882764659957
5547,0.5140118998784453
5548,0.5141020605846777
5549,0.5141448522435277
5550,0.5143329959202945
5551,0.5143465930685911
5552,0.5143757780080368
5553,0.5145438033215968
5554,0.5145845070973785
5555,0.5146490873144556
5556,0.5146620443415623
5557,0.5147059232427139
5558,0.5147420656110993
5559,0.514894409039024
5560,0.5149056550484381
5561,0.5151184168291869
5562,0.5151983442916046
5563,0.5153604705706858
5564,0.5153663942229034
5565,0.5154076182045835
5566,0.5154415345051699
5567,0.5155006197410321
5568,0.5159802421229037
5569,0.5162479387869505
5570,0.5162662686540954
5571,0.5164221578022796
5572,0.5165691478015848
5573,0.5166733263144218
5574,0.5167630067333614
5575,0.5168962461948051
5576,0.5169422089378133
5577,0.5170357008605102
5578,0.5170908964767682
5579,0.5171603706914462
5580,0.5171668726850918
5581,0.5172386938365443
5582,0.517386977297
5583,0.5173935599434633
5584,0.5175290311496088
5585,0.5175710162694076
5586,0.5175914350171651
5587,0.5176120294542325
5588,0.5176345499347967
5589,0.5181533738862838
5590,0.5181695105830344
5591,0.5183773904030843
5592,0.518424354353853
5593,0.5184923249525676
5594,0.5184995343985316
5595,0.5185458648637581
5596,0.5186421099102808
5597,0.5186431583119638
5598,0.5186771872502967
5599,0.5190152161064702
5600,0.5191297036505569
5601,0.5193176828214022
5602,0.5193971523045198
5603,0.5195318255098472
5604,0.519743047360383
5605,0.5197989293518528
5606,0.5200469773658614
5607,0.5201148169264002
5608,0.5202115760396613
5609,0.5203408077707133
5610,0.5204979442680979
5611,0.5205416715486204
5612,0.520672006300411
5613,0.5206915122770711
5614,0.5209007620915065
5615,0.5209242720148829
5616,0.5210288402278045
5617,0.5212677702543209
5618,0.5212977175252751
5619,0.5213488315160809
5620,0.5215132220685212
5621,0.5217428093681964
5622,0.5218044710211114
5623,0.521961067312475
5624,0.5220390005591735
5625,0.522125294613769
5626,0.522166677553056
5627,0.5221783383966627
5628,0.5221874875120699
5629,0.5222561595323703
5630,0.5223678105872782
5631,0.5224682432184883
5632,0.5225029760773088
5633,0.5225537677607217
5634,0.5225986781485077
5635,0.5228970102190491
5636,0.522937532355642
5637,0.5231117264918538
5638,0.5232255292698158
5639,0.523413284052033
5640,0.5234861379467096
5641,0.523594387788293
5642,0.5236258907561476
5643,0.5237523559275767
5644,0.5238118077299054
5645,0.5239811982578523
5646,0.5240985570548992
5647,0.524466014647438
5648,0.5244660795386691
5649,0.5244923023959527
5650,0.5245191936372877
5651,0.5245931475117714
5652,0.52469631776718
5653,0.5247311842167515
5654,0.5247753094854879
5655,0.5251732891068664
5656,0.5252219363336257
5657,0.5252426780082409
5658,0.5254097255237248
5659,0.52543618625669
5660,0.5254629077472659
5661,0.5255017844214492
5662,0.5256397999072726
5663,0.5257179465956663
5664,0.5257466444416239
5665,0.5257800585942487
5666,0.5258422971777977
5667,0.5259282094468757
5668,0.5259338350684452
5669,0.5260713847242309
5670,0.5262001798899821
5671,0.5262696384663742
5672,0.5263156605296797
5673,0.5264469786232104
5674,0.5265017516762173
5675,0.5266393325685425
5676,0.5267448495990785
5677,0.5268231388244187
5678,0.5268956036359382
5679,0.5269108041877413
5680,0.5270096486590184
5681,0.5270595653151297
5682,0.527375273850093
5683,0.5274130346578308
5684,0.5274620228927401
5685,0.527572781187983
5686,0.5275902660921518
5687,0.5277120857814417
5688,0.5281556704958504
5689,0.5283394622867801
5690,0.5284211358962352
5691,0.5285383704597217
5692,0.5286709395833963
5693,0.5288835507517622
5694,0.5290748737290809
5695,0.5291639028360635
5696,0.5292180681494937
5697,0.5292209603486104
5698,0.5292455138982316
5699,0.5292860472273686
5700,0.5293605022985002
5701,0.5293919279854659
5702,0.5295546974376252
5703,0.529639592463486
5704,0.5297729570597974
5705,0.5297833199852344
5706,0.5298488173292537
5707,0.529917308122191
5708,0.5299220110204516
5709,0.530126040874159
5710,0.5301485905257042
5711,0.5301927504281673
5712,0.5303210178636806
5713,0.5303487237079956
5714,0.5304287274046133
5715,0.53049517209395
5716,0.5305592939164693
5717,0.5307031489213176
5718,0.530755768523637
5719,0.5308372713472849
5720,0.5309892096231315
5721,0.5310389636998891
5722,0.5310900219267483
5723,0.5311634722744394
5724,0.5312907670252929
5725,0.5313002552055213
5726,0.5314963417901136
5727,0.5315923377976164
5728,0.5320912419562199
5729,0.5321468897918755
5730,0.5321583164836696
5731,0.5322237120931945
5732,0.5322703578644932
5733,0.5323082636477123
5734,0.5323179806110874
5735,0.5323674249809386
5736,0.5324042190482393
5737,0.5324417599006722
5738,0.5325328545636292
5739,0.5325636804740675
5740,0.5325829764974026
5741,0.5326584746525322
5742,0.5326593153784204
5743,0.5330656349065658
5744,0.5331673149352331
5745,0.5333340701669138
5746,0.5333771769467921
5747,0.5335950629471709
5748,0.5336520287915458
5749,0.534014519637367
5750,0.5341502530606226
5751,0.5341520789500852
5752,0.5342454999140175
5753,0.5344476369014299
5754,0.534689455400387
5755,0.5347236622681049
5756,0.5350440547916895
5757,0.5350511029278395
5758,0.5351698089049476
5759,0.5352278579444029
5760,0.5352791252339989
5761,0.5353031359011837
5762,0.5353743041047121
5763,0.5354235080164782
5764,0.535580686460677
5765,0.5356259620503083
5766,0.5358602755926365
5767,0.5358699424507325
5768,0.5359004986458459
5769,0.535991786815306
5770,0.5362783313612423
5771,0.5362973200723454
5772,0.5363721665257702
5773,0.5363841324926104
5774,0.5364790692896356
5775,0.5365659823019345
5776,0.5365960813335763
5777,0.5366268411874671
5778,0.5366508820594461
5779,0.5366837198438765
5780,0.5367058702061396
5781,0.5371367061814685
5782,0.5375146692456318
5783,0.5375315840093312
5784,0.5378887693000515
5785,0.5379118259071795
5786,0.537989679147374
5787,0.5380249868032425
5788,0.5380328856650497
5789,0.5382226727992558
5790,0.5382379922154453
5791,0.5382501581878829
5792,0.5383008785351711
5793,0.5383145328925991
5794,0.5383789906850597
5795,0.5387563862146678
5796,0.5388100504509744
5797,0.5391490583439237
5798,0.5394147588459257
5799,0.5396564624617356
5800,0.5399370264964182
5801,0.539984806555787
5802,0.5400451207043885
5803,0.5402361834064661
5804,0.5402532487728704
5805,0.5402659024824433
5806,0.5403124476488209
5807,0.5403172658965583
5808,0.5403383204431756
5809,0.5403753862307796
5810,0.540425174289765
5811,0.540656894625237
5812,0.5407931513784503
5813,0.5408774463882002
5814,0.5408819659105546
5815,0.5409633429063004
5816,0.5410183994936184
5817,0.5411077579234507
5818,0.5411095452695484
5819,0.5411457750672737
5820,0.5412094794010057
5821,0.5416162749308184
5822,0.5417054210879595
5823,0.541840579297432
5824,0.5419480134647263
5825,0.5420168282799578
5826,0.5421491132017339
5827,0.5421719050877098
5828,0.5421730033970072
5829,0.5422087932984517
5830,0.542224998693009
5831,0.5424561920238267
5832,0.542548912085432
5833,0.5425734704912724
5834,0.5425899241949153
5835,0.5427232268985399
5836,0.542806860292475
5837,0.5429070669430351
5838,0.5430772533811468
5839,0.5431874043832358
5840,0.5432468438401616
5841,0.5432774824366454
5842,0.5435478246368167
5843,0.5435660111861744
5844,0.5436011015827079
5845,0.5437071150179706
5846,0.5437248122118051
5847,0.5439236520375916
5848,0.5439448697280983
5849,0.5440948832325432
5850,0.5441847714367265
5851,0.5443796789356069
5852,0.5446533982775786
5853,0.5448072302840337
5854,0.545072716967886
5855,0.5451504736724518
5856,0.5451590248750674
5857,0.5451701999937066
5858,0.5455129336250545
5859,0.545625812156187
5860,0.5458621662171714
5861,0.5460780145882189
5862,0.5461079153922431
5863,0.5463170971854645
5864,0.5464663772539988
5865,0.5464911265295689
5866,0.5465815957121811
5867,0.5466151221879069
5868,0.5466308083289773
5869,0.5468144731486058
5870,0.5470804790425485
5871,0.5471079704479165
5872,0.5471708220953713
5873,0.5474344238809981
5874,0.5475433688410729
5875,0.5475463633052726
5876,0.547669596269463
5877,0.5476817393998363
5878,0.5476959272676605
5879,0.5477430955346573
5880,0.5478528440391713
5881,0.5480399762659337
5882,0.5482722138243845
5883,0.5483127247566397
5884,0.5483661667018378
5885,0.548426600281888
5886,0.5485560131983285
5887,0.5485905334496093
5888,0.5486759236730796
5889,0.5486864320768164
5890,0.5487013360809757
5891,0.5487101406211008
5892,0.549235451328578
5893,0.5492681300967313
5894,0.5494333799681466
5895,0.5494587226270778
5896,0.5494662060993054
5897,0.5498838971833175
5898,0.5501938081056373
5899,0.5502296941851775
5900,0.5504453937601163
5901,0.5505259752662923
5902,0.5505682068618087
5903,0.5506367581176446
5904,0.5506984931674528
5905,0.5508180045942714
5906,0.5508763493834059
5907,0.5509388451777457
5908,0.5509721603431186
5909,0.551130191210313
5910,0.5512120989161924
5911,0.55148727198888
5912,0.551569893621354
5913,0.5516699625330624
5914,0.5517257356181062
5915,0.5518049884628146
5916,0.551825378158161
5917,0.5521201943985438
5918,0.5522252594036785
5919,0.552287007906536
5920,0.5525344375342232
5921,0.5526929933406657
5922,0.5527334099016864
5923,0.5527619055219872
5924,0.5527699970227127
5925,0.552788776505858
5926,0.5528362028045362
5927,0.5528411894179068
5928,0.5530966050028885
5929,0.5531133653614962
5930,0.5531409622606911
5931,0.5531766132559047
5932,0.5532183563050228
5933,0.5533488067215748
5934,0.5533965914826993
5935,0.5534898549817092
5936,0.5534901682673907
5937,0.5535358470962863
5938,0.5535504113096505
5939,0.553614845774639
5940,0.5536737405140626
5941,0.5537418010714741
5942,0.553799166853772
5943,0.5538446337109728
5944,0.5539523834225122
5945,0.5540106435611782
5946,0.5541164993923239
5947,0.5541278739473454
5948,0.5542071239704768
5949,0.5542709001163714
5950,0.5542943633101213
5951,0.5545316568085509
5952,0.5545486972097193
5953,0.5548096156251987
5954,0.5549873985608061
5955,0.555053602701349
5956,0.5550867633254821
5957,0.555105593399164
5958,0.555331907077789
5959,0.5555004999408522
5960,0.5555160156223393
5961,0.5555259033127163
5962,0.5555393998092987
5963,0.5556429614293683
5964,0.5557148089625628
5965,0.5560850521450245
5966,0.5561627165080989
5967,0.5562750461382506
5968,0.5562858109254221
5969,0.5563209431856269
5970,0.5563480935741976
5971,0.5563714522444769
5972,0.556524296087379
5973,0.5565448516361657
5974,0.5565461100412182
5975,0.5565794144317051
5976,0.5565844294330135
5977,0.5566371772456216
5978,0.5568126450162534
5979,0.5568131993452089
5980,0.5570020467074855
5981,0.5570835876867684
5982,0.5570858027472644
5983,0.5572518457246299
5984,0.5572719839899187
5985,0.5573743128429977
5986,0.5573820117982309
5987,0.5577526462046862
5988,0.5577775197589074
5989,0.5578022928334901
5990,0.5579815731307475
5991,0.5581284007536396
5992,0.5581399347793413
5993,0.5583355650404297
5994,0.5583551683373946
5995,0.5587361671687372
5996,0.5587677577218083
5997,0.5587784372325563
5998,0.5588508690401703
5999,0.5589141023371552
6000,0.5590792716682071
6001,0.5591205447898473
6002,0.5591415320478365
6003,0.5592004378991924
6004,0.5592739783421474
6005,0.5592777826495782
6006,0.5592940967991149
6007,0.5593700905363235
6008,0.559498324746387
6009,0.5595964486374247
6010,0.5596863856999041
6011,0.5597188521273418
6012,0.5598703861273884
6013,0.5599388460751259
6014,0.5600404761159761
6015,0.5600919506716904
6016,0.560104515725277
6017,0.5601345826843416
6018,0.5603221394489247
6019,0.560601436205629
6020,0.5606294335035158
6021,0.5606582792866268
6022,0.560699413447189
6023,0.5608581357933199
6024,0.5609561806443785
6025,0.5609935223866478
6026,0.5610672478182364
6027,0.5611769136511222
6028,0.5612154143911171
6029,0.5612501558798151
6030,0.5613090981181461
6031,0.5613360615681721
6032,0.5616528776333172
6033,0.5617221660742531
6034,0.56182582773356
6035,0.5620917104417226
6036,0.5621007043544624
6037,0.5621344724267666
6038,0.5622771030624862
6039,0.5622778971822241
6040,0.5624044099203425
6041,0.5625213330063362
6042,0.5626541054551816
6043,0.5626784759321952
6044,0.5629912786752539
6045,0.5631121566066782
6046,0.5631162426856915
6047,0.563242274427707
6048,0.5633732835599652
6049,0.5634195401013151
6050,0.5634860409832574
6051,0.5635672936945378
6052,0.5636014451360832
6053,0.5636219970992781
6054,0.5636583722839602
6055,0.5636758372015674
6056,0.5637987998490969
6057,0.5638986685731476
6058,0.5639605469741554
6059,0.5639868819990483
6060,0.564208166458436
6061,0.5643640072290084
6062,0.5645351828593397
6063,0.5645515853934047
6064,0.56466710840139
6065,0.5647049055576269
6066,0.5647577155177084
6067,0.5649138335889117
6068,0.5650360782574517
6069,0.565131398584484
6070,0.5652162175837316
6071,0.5653385754496123
6072,0.5653789586451189
6073,0.5655107687102942
6074,0.565580038320856
6075,0.5657125346939638
6076,0.5657533306383274
6077,0.5657832092732128
6078,0.5657908697935703
6079,0.5657932194069445
6080,0.5658092010122096
6081,0.5659152954329987
6082,0.56597216755841
6083,0.566028266166902
6084,0.5660295898882612
6085,0.5661136442692339
6086,0.5661222682669074
6087,0.5662704198249162
6088,0.566342579931626
6089,0.5663997135227667
6090,0.5664361080786117
6091,0.5664684074578925
6092,0.5665246909594037
6093,0.5667018626618922
6094,0.5667773266152849
6095,0.5668840268576146
6096,0.5668923931077543
6097,0.5670528324390134
6098,0.5671151841513017
6099,0.5671586584679048
6100,0.5673926686596008
6101,0.5674749116092265
6102,0.5676034331881681
6103,0.5678219920731906
6104,0.5678519866846917
6105,0.5681647138039523
6106,0.568298966066394
6107,0.5683181589261191
6108,0.5684253090172418
6109,0.5686783810814863
6110,0.5688239812698663
6111,0.5689427725593201
6112,0.5691523802661166
6113,0.5692775196452612
6114,0.5693261170638296
6115,0.5694321923559137
6116,0.5696770564112356
6117,0.5697279109630806
6118,0.5698225366117314
6119,0.5699068777415434
6120,0.5699445820339497
6121,0.5701791317688844
6122,0.5702836606871975
6123,0.570324429692646
6124,0.5705760680479979
6125,0.5706046419566105
6126,0.5707395503211625
6127,0.5707395909930681
6128,0.5707847918044361
6129,0.5708851404968779
6130,0.5710009619765513
6131,0.5711043643219236
6132,0.5712603169853532
6133,0.5712883068917632
6134,0.5713030894855489
6135,0.5713518665153768
6136,0.5714000904535124
6137,0.5714266203891463
6138,0.5714533115127458
6139,0.5720776758956841
6140,0.5724797159311978
6141,0.5725873749755923
6142,0.5726344500130764
6143,0.5726507328058852
6144,0.57282319827831
6145,0.5728620100800917
6146,0.573004521135908
6147,0.5731841012933897
6148,0.5732940497096637
6149,0.5733422984928078
6150,0.573382543274344
6151,0.5734095326429968
6152,0.5734827111961277
6153,0.5735808804491898
6154,0.5736084663908451
6155,0.5736123607269349
6156,0.5736195902299088
6157,0.5736313450367506
6158,0.5737464211458182
6159,0.5737698696367454
6160,0.5738218104516055
6161,0.5738861724738924
6162,0.5739787396671101
6163,0.5739982721403467
6164,0.5741457943381679
6165,0.5743808659471867
6166,0.57443354745373
6167,0.5744797161226305
6168,0.57448992965483
6169,0.5746306727216371
6170,0.5746435063923075
6171,0.5748346995979791
6172,0.5748725694143653
6173,0.5750470614271721
6174,0.5751566155621476
6175,0.5752247908138827
6176,0.5752422172315075
6177,0.5753614801970763
6178,0.5753784864612239
6179,0.5754222775019249
6180,0.5754313005401683
6181,0.5754657481377297
6182,0.5755491416677271
6183,0.5755508687226695
6184,0.575576353018249
6185,0.5755797345535331
6186,0.5756013909051918
6187,0.5756030862022701
6188,0.5756719500528916
6189,0.5756735000435028
6190,0.5757745902427649
6191,0.5758765501440971
6192,0.5760278517409599
6193,0.5760478356861973
6194,0.5760626596181527
6195,0.5762464568681848
6196,0.5762767737755091
6197,0.5763079978331468
6198,0.5764054476366529
6199,0.5764558090718012
6200,0.5765511871407581
6201,0.5767168537596445
6202,0.5767838162531344
6203,0.5769835943662994
6204,0.5770236311216902
6205,0.5770243295483605
6206,0.5770497085153921
6207,0.5772015424861322
6208,0.5772589084222638
6209,0.5773328017386541
6210,0.5773664047674267
6211,0.5773930890941245
6212,0.5776458328917689
6213,0.5776988253959091
6214,0.5777549233896209
6215,0.577841438524265
6216,0.5779427084890835
6217,0.5783631869456475
6218,0.5784605944992616
6219,0.5785881351904705
6220,0.5785999445593173
6221,0.5786473473356558
6222,0.5786781757540496
6223,0.5787895095947465
6224,0.5788855450383722
6225,0.5789490741312645
6226,0.5790588904795515
6227,0.5790815151627342
6228,0.579169008172991
6229,0.5791802321672417
6230,0.579374209552978
6231,0.5794540071491874
6232,0.5794890213345197
6233,0.5795610501925563
6234,0.5796616180138088
6235,0.579689551106263
6236,0.5796929562403685
6237,0.5796945612910248
6238,0.5797625343915904
6239,0.5798393033121056
6240,0.5798665438807278
6241,0.5800945423923564
6242,0.5803668873929876
6243,0.5805706802150388
6244,0.580668661309282
6245,0.5806770376759062
6246,0.580725586805329
6247,0.5807481271546802
6248,0.5808848216177607
6249,0.5810340755917286
6250,0.5813340412743145
6251,0.5813709291171294
6252,0.5814205423198828
6253,0.5815280901365173
6254,0.5817723683530716
6255,0.5818782430380534
6256,0.5818941081070836
6257,0.5819897989302989
6258,0.5820144760935568
6259,0.5820579049766841
6260,0.5820997767248637
6261,0.5822100516184805
6262,0.5823981899498377
6263,0.5825079440652452
6264,0.5825535813300632
6265,0.5826319588850308
6266,0.5827672033678474
6267,0.5827908430503065
6268,0.5827978715929458
6269,0.5828452073447289
6270,0.5828691592529497
6271,0.5831374020670291
6272,0.5831498027812053
6273,0.5833246168180166
6274,0.5833356906450835
6275,0.5833699942905305
6276,0.5834161360100132
6277,0.5836018435925061
6278,0.5836482690066
6279,0.5836863660244306
6280,0.5837918735660441
6281,0.583863460031113
6282,0.5839345990569411
6283,0.5842918883639918
6284,0.5844186113273356
6285,0.5847614337433323
6286,0.5849199696871552
6287,0.5849721699653552
6288,0.5850651042943192
6289,0.5851288950093511
6290,0.5852169864908009
6291,0.5853602908154053
6292,0.5854192068316961
6293,0.5855439575356016
6294,0.5857899020725179
6295,0.5859157384117729
6296,0.5859813752750271
6297,0.5859852634095645
6298,0.5862224393644011
6299,0.5862733624509101
6300,0.5864100480485701
6301,0.5865831545004048
6302,0.5867396421974619
6303,0.5868292694590507
6304,0.5869333623885634
6305,0.5870694770379754
6306,0.587111150565518
6307,0.5873834828926752
6308,0.5874079823621325
6309,0.5876578742417591
6310,0.5880558111090604
6311,0.5880870188079762
6312,0.5881812719411603
6313,0.5882172030191397
6314,0.588340916354886
6315,0.5883821102321708
6316,0.5886551406969449
6317,0.5887924526179993
6318,0.5888424854752581
6319,0.5890001464470748
6320,0.5890107039609207
6321,0.5890220718472883
6322,0.58903593357806
6323,0.5892593102504586
6324,0.5892896235006599
6325,0.5893525981001515
6326,0.5893606339839769
6327,0.5894004611335494
6328,0.58943248355889
6329,0.5896015009551235
6330,0.5897498378406018
6331,0.5897673081475922
6332,0.5899802319806221
6333,0.5901752527266684
6334,0.5903180701179987
6335,0.5903909441239713
6336,0.5907589600916308
6337,0.5907638742568715
6338,0.5907826199110905
6339,0.5909762864077388
6340,0.5910777402944675
6341,0.5911238976210111
6342,0.5911508555825262
6343,0.5912512566121619
6344,0.591369522779685
6345,0.5916231803552159
6346,0.591881847711923
6347,0.5920263425166354
6348,0.5920510407957302
6349,0.5921373697807492
6350,0.5921807575195543
6351,0.5922056274769653
6352,0.5923596978030897
6353,0.5923990849789488
6354,0.5924524429411882
6355,0.592544274351424
6356,0.5927680820484141
6357,0.5928361317525934
6358,0.5928748920123141
6359,0.5929638180319081
6360,0.5930956909998376
6361,0.5931386317176486
6362,0.5931570278876832
6363,0.5934517876100068
6364,0.5935752025920296
6365,0.5936012101131805
6366,0.5937321412209328
6367,0.5937999586196173
6368,0.5939046108818318
6369,0.5942820315764396
6370,0.5943045243823768
6371,0.5943932554888742
6372,0.5947834300307665
6373,0.5947849595844111
6374,0.5948540332909285
6375,0.5948599077344765
6376,0.5950068282239842
6377,0.5950123998245356
6378,0.5952404608741948
6379,0.5953720152279447
6380,0.5954189449145725
6381,0.5955459874763052
6382,0.5956717214859326
6383,0.5957558721912374
6384,0.5957588953367885
6385,0.5958576626599665
6386,0.5958604787057739
6387,0.5958656209148081
6388,0.5959663855904203
6389,0.5959812785349896
6390,0.5961064323408615
6391,0.5962139762528965
6392,0.5963143743888789
6393,0.5963930745641576
6394,0.5964649360383012
6395,0.5966417284630094
6396,0.596664532861422
6397,0.5967294576582346
6398,0.5967630812578584
6399,0.5974709162695441
6400,0.5974827640214274
6401,0.5975553839868457
6402,0.5976236866326543
6403,0.5980125197983926
6404,0.5982395104483509
6405,0.5983906601335154
6406,0.5986268415250339
6407,0.5987785827079309
6408,0.598953132123876
6409,0.5989821260511826
6410,0.598984101767389
6411,0.5991234166172192
6412,0.5991412083565024
6413,0.599163501314
6414,0.5992867820894503
6415,0.5993147875289757
6416,0.5994211446606953
6417,0.5994689136466649
6418,0.5995140110710091
6419,0.5998278333362279
6420,0.6001324341236989
6421,0.6001754101138127
6422,0.6001944191478289
6423,0.6002796237926658
6424,0.6003994049060857
6425,0.6004298368703924
6426,0.6005117882373293
6427,0.6005999186827521
6428,0.6006449638166189
6429,0.6007190825250455
6430,0.6007277667156836
6431,0.6008502379282872
6432,0.6009470011022852
6433,0.601128971205238
6434,0.6011342637518399
6435,0.6011580465465637
6436,0.6014708345531227
6437,0.60149207206651
6438,0.6019495060448069
6439,0.6019495418811985
6440,0.6022026881802895
6441,0.6023746878989577
6442,0.6023849109808044
6443,0.6026097454659989
6444,0.602612275882017
6445,0.6026122797098101
6446,0.6026435941360284
6447,0.6027493832985191
6448,0.60299773165983
6449,0.6030633542326203
6450,0.6030717008025244
6451,0.6032144206803813
6452,0.6032805569226808
6453,0.6032811112093894
6454,0.603320983781442
6455,0.6033937247688482
6456,0.6035462468852639
6457,0.6035535535464981
6458,0.6036246591095957
6459,0.6040496479367692
6460,0.604358219768875
6461,0.6043825707494752
6462,0.6044764612877809
6463,0.604635445065478
6464,0.6047234225426754
6465,0.6048175765408978
6466,0.6048277245674808
6467,0.6048605264677677
6468,0.6049107203589908
6469,0.6049479557078719
6470,0.6049551138750086
6471,0.6050765135156957
6472,0.6051890663604247
6473,0.6052237910503511
6474,0.6052578701565076
6475,0.6052839033143946
6476,0.605352188945351
6477,0.6053855575160036
6478,0.6055003734935644
6479,0.6056091964853793
6480,0.6056555611859638
6481,0.6058332402051425
6482,0.6062593563685988
6483,0.6063190967925195
6484,0.6063743069971381
6485,0.6065891763502712
6486,0.6066303404201918
6487,0.6067865394117917
6488,0.6068774371446266
6489,0.6071526040767815
6490,0.607317621091836
6491,0.60744067869971
6492,0.6074823853978177
6493,0.6075019182496141
6494,0.6077521362473688
6495,0.6080192670135212
6496,0.6080339946794637
6497,0.6080423380196747
6498,0.6080606705036593
6499,0.6080967342615392
6500,0.6081977558481632
6501,0.6082321856723789
6502,0.6082607275440751
6503,0.6084203541875349
6504,0.6084248700894276
6505,0.6084806149689244
6506,0.6086993260550464
6507,0.6087829185328824
6508,0.6087904528521629
6509,0.609042851699267
6510,0.6090592959779129
6511,0.6090786526065317
6512,0.609554337141749
6513,0.609682881099066
6514,0.6097804039472312
6515,0.6098909885967199
6516,0.6099242835742575
6517,0.6099930589085798
6518,0.610008429141179
6519,0.6101712513623638
6520,0.6104873133955601
6521,0.6105363459643859
6522,0.610597546504934
6523,0.6106954387025794
6524,0.6107178959199868
6525,0.6107922572363593
6526,0.6109202833131698
6527,0.6111316500365609
6528,0.611137156014666
6529,0.6111397466092079
6530,0.6112639563224557
6531,0.6113241693848602
6532,0.6113506423778624
6533,0.6116125796718739
6534,0.6118839891441195
6535,0.6119440542087349
6536,0.6120284940479244
6537,0.6121722073578373
6538,0.6122852766262573
6539,0.6123617361737526
6540,0.6126426479512028
6541,0.6126664732161597
6542,0.6127834475575151
6543,0.6128507052037816
6544,0.6130025364585864
6545,0.6130807805668002
6546,0.6131189471158993
6547,0.6131995042022107
6548,0.6132817127694236
6549,0.6133695420543744
6550,0.6133892658421709
6551,0.6134445764446972
6552,0.6136257278188765
6553,0.6136825964019277
6554,0.6137525711052949
6555,0.6138168940363552
6556,0.613893340081193
6557,0.6139400962141455
6558,0.613962799669962
6559,0.6141490814175152
6560,0.6142650810878756
6561,0.6142713187721047
6562,0.614317863956343
6563,0.614381898554178
6564,0.6144336520116638
6565,0.6145587346774076
6566,0.6147840769886709
6567,0.6148803808557904
6568,0.6148828279933262
6569,0.6149028323506815
6570,0.61528824126886
6571,0.6153461808445495
6572,0.6153664401754831
6573,0.6153731897338863
6574,0.6153798931292664
6575,0.6153922743353504
6576,0.6154141811685865
6577,0.6155550124501049
6578,0.6155838962211999
6579,0.6156300209516936
6580,0.6156428777256516
6581,0.6157126564530395
6582,0.6157534268426501
6583,0.6157618652150579
6584,0.6157913689833403
6585,0.6158421546999024
6586,0.6158796969050088
6587,0.616050227122959
6588,0.6161042797524064
6589,0.6161793191949356
6590,0.6162230147849473
6591,0.6162273768430078
6592,0.6162726634205242
6593,0.6163584573401909
6594,0.6163690668478452
6595,0.6164218852921891
6596,0.6166788185387317
6597,0.6168210488024751
6598,0.6169436317818385
6599,0.6169993597312657
6600,0.6170144323373854
6601,0.6170493441878914
6602,0.6171628998568752
6603,0.6172021239001897
6604,0.617205909132025
6605,0.6172407775588691
6606,0.6174684394158712
6607,0.6174760375402667
6608,0.6176673012232743
6609,0.6177278834472927
6610,0.6177587884065193
6611,0.6178104017416127
6612,0.6178227965912668
6613,0.6178584141115417
6614,0.6178739942227713
6615,0.6181250942234493
6616,0.6182442676909432
6617,0.618257926999875
6618,0.6182734245804735
6619,0.6183110197842485
6620,0.6185149444151563
6621,0.6186758138343538
6622,0.6188607208367168
6623,0.6189697673869629
6624,0.619099873200654
6625,0.6192654077026037
6626,0.6194600149817799
6627,0.6195724463306841
6628,0.6196580202643003
6629,0.6197350765105306
6630,0.6198672832618292
6631,0.6199214367267983
6632,0.6199804253316856
6633,0.6201652173681985
6634,0.620383595064967
6635,0.6204067665751374
6636,0.6204160594705679
6637,0.6205403080406826
6638,0.6207056640254828
6639,0.6207472880339728
6640,0.6208412967819572
6641,0.6209102388673413
6642,0.6209369024612692
6643,0.6209562236491545
6644,0.6210291710785262
6645,0.6211388565976841
6646,0.6211488140740071
6647,0.6212131811217386
6648,0.6216142723246239
6649,0.6216441413685094
6650,0.6216909954101736
6651,0.6217592348430127
6652,0.6217644949376113
6653,0.621773765301657
6654,0.6218906549547251
6655,0.6219469746119061
6656,0.6220270354268992
6657,0.6221969689938135
6658,0.622265678341242
6659,0.622458039055513
6660,0.6225197332556102
6661,0.6228431205898666
6662,0.6228790375658166
6663,0.6228966536782752
6664,0.6229365114955057
6665,0.6229633696194691
6666,0.6229961112995241
6667,0.6230120019283905
6668,0.6231436174690315
6669,0.6232441532703905
6670,0.6232916696352014
6671,0.623326655086765
6672,0.623327027960941
6673,0.6234197856507934
6674,0.6236325818862624
6675,0.6237476344282487
6676,0.6240362809978208
6677,0.6241208965896428
6678,0.6243065843398099
6679,0.6244919669779215
6680,0.6245445956683832
6681,0.6245595680343696
6682,0.6246319794344714
6683,0.624704244048998
6684,0.6247488828967648
6685,0.6249869777438666
6686,0.625003775810302
6687,0.6250151177991623
6688,0.6250730154476506
6689,0.6251005554966738
6690,0.6254638986536045
6691,0.6255920087844901
6692,0.625769229222835
6693,0.6259155257390566
6694,0.6259693795170154
6695,0.6260264771828367
6696,0.6261469154734154
6697,0.6262083609861631
6698,0.6262459438873162
6699,0.6262979052280121
6700,0.6263031820346308
6701,0.6263246021949243
6702,0.6263559974569077
6703,0.6264357347890188
6704,0.6265965404130893
6705,0.6266091390720312
6706,0.6267707189178707
6707,0.6268617008274988
6708,0.6269520962474623
6709,0.6269550206958306
6710,0.6269723928878805
6711,0.6270695197057877
6712,0.6271002459857329
6713,0.6274860546038815
6714,0.6275224651063787
6715,0.6275525038961521
6716,0.627657096424126
6717,0.6277273702619097
6718,0.6277897527766473
6719,0.6281959564954578
6720,0.6283493129098189
6721,0.6283840048698993
6722,0.6287305868886524
6723,0.6287813606074166
6724,0.6288929335941059
6725,0.6289498082647462
6726,0.629421160295702
6727,0.6294558863257426
6728,0.6295616457962051
6729,0.6295669991068907
6730,0.6295770205838921
6731,0.629813536123184
6732,0.6299548070406767
6733,0.6299555386611573
6734,0.630178121961435
6735,0.6302652067186694
6736,0.6302951272894861
6737,0.630300596349011
6738,0.6303263369781456
6739,0.6305708170483681
6740,0.6307293405159259
6741,0.6307467100260655
6742,0.6308168522326674
6743,0.630841482194567
6744,0.6310394532498405
6745,0.6310494755992498
6746,0.6310558170286107
6747,0.6311418047202887
6748,0.6315394979435182
6749,0.6315933285483706
6750,0.6316060885342346
6751,0.6317143561284723
6752,0.6318389043662396
6753,0.6318893614676868
6754,0.6318984804747753
6755,0.6319749446391154
6756,0.6320083267392562
6757,0.6320520608845835
6758,0.6321450934721788
6759,0.632195911199193
6760,0.6322279609983447
6761,0.6323003450028053
6762,0.632304895899039
6763,0.6323995150307199
6764,0.6324559182106628
6765,0.632511582037911
6766,0.6327783743220419
6767,0.6330010314852106
6768,0.6333299136931018
6769,0.633505269907493
6770,0.6337265691412957
6771,0.6337367264681115
6772,0.6340438203337636
6773,0.6340909627882221
6774,0.6341452150767789
6775,0.634162075704289
6776,0.6341872811807675
6777,0.6342012697474452
6778,0.634304456771483
6779,0.6343303704635697
6780,0.6345007024754247
6781,0.6345663184054179
6782,0.6346463681690321
6783,0.6348173603100808
6784,0.6348424927392912
6785,0.6349081184011522
6786,0.6349686467848313
6787,0.6350183461780519
6788,0.6350635431799772
6789,0.635207872316622
6790,0.6352614590593828
6791,0.6353361143068943
6792,0.635552650185069
6793,0.6355528084389476
6794,0.635721896360351
6795,0.6357977910805973
6796,0.6358681806903301
6797,0.6360693395309068
6798,0.6360756346331712
6799,0.636085753970862
6800,0.6361052832741915
6801,0.6361169641423865
6802,0.6361261250401339
6803,0.6361770326352207
6804,0.636382247965913
6805,0.6364984616795586
6806,0.6365758946042106
6807,0.6366110986175014
6808,0.6366827407785114
6809,0.6367130395617002
6810,0.6369106775313562
6811,0.6369426793970191
6812,0.637174007374607
6813,0.6372113218963348
6814,0.6373079669191201
6815,0.6374426521826135
6816,0.6374846761600345
6817,0.6376506564265402
6818,0.6378130320423538
6819,0.6378995945958957
6820,0.6379638769077188
6821,0.6380771827013648
6822,0.6381802881383535
6823,0.6386242139190335
6824,0.6387650741529872
6825,0.6388831612412242
6826,0.6389703712297503
6827,0.6390430678231475
6828,0.6391135555496739
6829,0.6391366879853133
6830,0.6395249311658727
6831,0.6396067115729754
6832,0.6398072016023796
6833,0.639841001882576
6834,0.6399703799401322
6835,0.6400222730847998
6836,0.6404318641539598
6837,0.640481715277348
6838,0.6404960416800528
6839,0.6407334040062264
6840,0.6407445294872085
6841,0.6407467568394942
6842,0.6407813679653339
6843,0.6408487430407909
6844,0.6409818964930598
6845,0.6410850994831774
6846,0.6412985166011756
6847,0.6413665420085194
6848,0.6414151456489107
6849,0.6415754174870628
6850,0.6415901120800143
6851,0.6415969729985338
6852,0.6417201976493114
6853,0.6418199627007112
6854,0.6418735892202356
6855,0.6418819205584785
6856,0.6418880837687851
6857,0.6419749974336858
6858,0.642032300909888
6859,0.6420532015756256
6860,0.6421040295272906
6861,0.6422666142633544
6862,0.6425191234608071
6863,0.6427000208866572
6864,0.6427313876172726
6865,0.6428050662587738
6866,0.6428298657642261
6867,0.6429608702356464
6868,0.6431043965853492
6869,0.6431091036675176
6870,0.6431259121025653
6871,0.643154907526376
6872,0.6434139734042661
6873,0.6435655031244145
6874,0.6436345454469224
6875,0.643712499319916
6876,0.6439552850709561
6877,0.6439915680336488
6878,0.6440598467267123
6879,0.6443124600978426
6880,0.6445681910117778
6881,0.6446145993356966
6882,0.6447441822880772
6883,0.6447462610028927
6884,0.64476712247856
6885,0.645066849577195
6886,0.645074514862079
6887,0.6451159443267187
6888,0.6453790381647493
6889,0.6453901433290694
6890,0.6454167019224092
6891,0.6455151942688849
6892,0.6455188050320749
6893,0.6457496694370868
6894,0.6458191278570345
6895,0.6458575905433209
6896,0.6458718652205087
6897,0.646090928847085
6898,0.6463852800414446
6899,0.6464399296692426
6900,0.6464801982910876
6901,0.6465014530599708
6902,0.6466285033428596
6903,0.6466672280661796
6904,0.6466740662054555
6905,0.6467086330149164
6906,0.6467668989253716
6907,0.6467731169020772
6908,0.6468928766941135
6909,0.6469328989079454
6910,0.6469891453368656
6911,0.6470250901078721
6912,0.6471028356202703
6913,0.6471269932507926
6914,0.6472665668690221
6915,0.6473215169729303
6916,0.6473296026172286
6917,0.6473380101577644
6918,0.6475210220028995
6919,0.6476963543163822
6920,0.6478440457005539
6921,0.6481239475199538
6922,0.6482499505854987
6923,0.6483036709820005
6924,0.6483443816093368
6925,0.6484153584328736
6926,0.6485945064792316
6927,0.6486740042003005
6928,0.6487340551221642
6929,0.6487743039319355
6930,0.6488141150411006
6931,0.6488750750971979
6932,0.6490259286373765
6933,0.6490712850520901
6934,0.6491300115721828
6935,0.649254270784532
6936,0.6492590285531246
6937,0.649299041356488
6938,0.6493942697880752
6939,0.6494287339815159
6940,0.6494730912988073
6941,0.6495067406710979
6942,0.6495103836966961
6943,0.6497954124980952
6944,0.650018067143135
6945,0.6500192126604606
6946,0.650084650679889
6947,0.6502698453384734
6948,0.6503087511024627
6949,0.6504648825483339
6950,0.6505964623778918
6951,0.6506704193491679
6952,0.6508137600462733
6953,0.6510265050534302
6954,0.6510390440610063
6955,0.6510822722007201
6956,0.6513390970906846
6957,0.6515212041568618
6958,0.6516470284676908
6959,0.651702367894046
6960,0.651786999197074
6961,0.6518435033157914
6962,0.6518569488147414
6963,0.651914984684142
6964,0.6520587412295307
6965,0.6521763347895557
6966,0.6522205136371678
6967,0.6522303789923583
6968,0.6522660148342505
6969,0.6524454860803927
6970,0.652535618323728
6971,0.6525909491063082
6972,0.6527008923939969
6973,0.652797172838472
6974,0.6528038327658855
6975,0.6528081238365118
6976,0.6528222089112231
6977,0.6528635280290717
6978,0.6529586966912477
6979,0.6530587784885579
6980,0.6535587313203126
6981,0.6535659414272379
6982,0.6536157352561247
6983,0.6536206082820352
6984,0.6537136927907965
6985,0.6537406791867693
6986,0.6538401744397934
6987,0.6542381546239269
6988,0.6543111516645619
6989,0.654408810831153
6990,0.6545960666894033
6991,0.6546406529196691
6992,0.6546705276325449
6993,0.6549372369156172
6994,0.6551039057698711
6995,0.6551956548650635
6996,0.6552873803735025
6997,0.6553998814874498
6998,0.6554229185661942
6999,0.6554459351915283
7000,0.6554614625461337
7001,0.6555866215016267
7002,0.6556230849959019
7003,0.6556546181392547
7004,0.6557873121720975
7005,0.6558397259058922
7006,0.6560668394973292
7007,0.6560993310450456
7008,0.6562591825114459
7009,0.6562969474391523
7010,0.6563244169859557
7011,0.6563454672519597
7012,0.6563960181632102
7013,0.6565953873563644
7014,0.6566667418714115
7015,0.6568529784258009
7016,0.6568575890624985
7017,0.6568745069225418
7018,0.6571138947614901
7019,0.6574216753544218
7020,0.6575260726981791
7021,0.6576189526297628
7022,0.6576903581513164
7023,0.6578524941818659
7024,0.6578586786368222
7025,0.6581883239192469
7026,0.6582464007026756
7027,0.6585081777566384
7028,0.6585202748890107
7029,0.6585401832194815
7030,0.6585849912903908
7031,0.6586395158759611
7032,0.6586646393482362
7033,0.6587042657728838
7034,0.6587895025209491
7035,0.6588538052346622
7036,0.6591042855824619
7037,0.6591592732547801
7038,0.6593833622252012
7039,0.6594701436981814
7040,0.6595288845446718
7041,0.6595943913183934
7042,0.6596740590399373
7043,0.6597295686408998
7044,0.6599385831327382
7045,0.6599472883670539
7046,0.6599910607077724
7047,0.6605025523134255
7048,0.6605206487863298
7049,0.6608170300802149
7050,0.66095675977416
7051,0.660962926657003
7052,0.660999794362904
7053,0.6610442350718799
7054,0.6610521931471938
7055,0.6611137942866938
7056,0.6612111823245581
7057,0.6612335860588673
7058,0.6615566691080549
7059,0.6615847026828943
7060,0.6615975161616227
7061,0.6616602404406368
7062,0.6618131292498549
7063,0.6621201486289672
7064,0.6623929727215744
7065,0.6624134976201697
7066,0.6625105162826687
7067,0.6625218542574907
7068,0.6626349618922323
7069,0.662728796639143
7070,0.6627661128807074
7071,0.6628720088238803
7072,0.6629196714832613
7073,0.6630072295136632
7074,0.6630259348387348
7075,0.66307698579914
7076,0.6631056789538652
7077,0.6631400699907202
7078,0.6632660082875611
7079,0.6633164979989363
7080,0.6633373395333075
7081,0.6636436905490238
7082,0.6638478490874165
7083,0.6639465274905336
7084,0.664076702841742
7085,0.6641167378121394
7086,0.6641472555858495
7087,0.6641576012090383
7088,0.6641729818631026
7089,0.6641870751946275
7090,0.6643849788600285
7091,0.6645976100596745
7092,0.6646885080306595
7093,0.6649157497952328
7094,0.6649316894243014
7095,0.6649379562314349
7096,0.6650879785116325
7097,0.6652316737344739
7098,0.6653937542026753
7099,0.6654484213978082
7100,0.6654605182351325
7101,0.6655106267342181
7102,0.6655246389270038
7103,0.6656378814053976
7104,0.665852007091572
7105,0.6658907792231195
7106,0.665903949680753
7107,0.6659470117035096
7108,0.6660568457692169
7109,0.6661497571375394
7110,0.6661506939686577
7111,0.6662958713990235
7112,0.666328852861932
7113,0.6663634773050154
7114,0.6664346218924186
7115,0.6665095873171046
7116,0.6665609559114747
7117,0.6668299594026083
7118,0.6668874780416969
7119,0.6670397920289143
7120,0.6670730057632711
7121,0.667079312063244
7122,0.6673125044046992
7123,0.6673799775944217
7124,0.6673970997794065
7125,0.6674557348206358
7126,0.6675825243330673
7127,0.6675938814966942
7128,0.6677816319596517
7129,0.6683162078891675
7130,0.6683916185707797
7131,0.6684294563593383
7132,0.6684749885231746
7133,0.6685083470408899
7134,0.6685479788030413
7135,0.668620222549302
7136,0.6686574688503317
7137,0.6689237930013667
7138,0.6689712142822397
7139,0.6689965481036358
7140,0.669059035129794
7141,0.6691919000883619
7142,0.6692069458100011
7143,0.6692211404084104
7144,0.6692829554053435
7145,0.6693329311386969
7146,0.6694806034312722
7147,0.669623833450353
7148,0.6696272990167499
7149,0.6696774008425194
7150,0.6697129254985053
7151,0.6697260753499498
7152,0.6697420134879633
7153,0.6697567208714503
7154,0.6697887642961142
7155,0.6698898606030339
7156,0.6700270624483219
7157,0.6700275424795967
7158,0.6700707578791926
7159,0.6701639606554957
7160,0.6701803811053317
7161,0.6702342566944419
7162,0.6703109841431916
7163,0.6703136727223024
7164,0.6703421542680272
7165,0.6705513475075222
7166,0.6706972697532465
7167,0.6708030941019008
7168,0.6708162321380359
7169,0.6708162789741257
7170,0.6708538762990679
7171,0.6708866554156934
7172,0.6708973939534408
7173,0.6709530335259413
7174,0.6709632320470462
7175,0.670999474669706
7176,0.6710352764107825
7177,0.6711658550697306
7178,0.671302687618498
7179,0.6715024967177224
7180,0.6715320389614563
7181,0.6716154208718564
7182,0.6716333512503494
7183,0.6716510726024842
7184,0.6717395701951723
7185,0.6717556378110967
7186,0.6718569474905708
7187,0.6718629287617633
7188,0.671874316853137
7189,0.6718808169018272
7190,0.671987871085963
7191,0.6721559005431357
7192,0.6722072150334709
7193,0.6722536529177005
7194,0.6723368118320867
7195,0.672407166774391
7196,0.6724279967867972
7197,0.6724625235445862
7198,0.6725680662106912
7199,0.672587312488051
7200,0.6726532766813835
7201,0.6727053893928066
7202,0.6727081608900995
7203,0.6727268774664827
7204,0.6729154624123757
7205,0.6729902222261183
7206,0.6731385014802242
7207,0.6733562965067702
7208,0.6733598513436567
7209,0.6734222539539534
7210,0.6735256282965797
7211,0.6735357004293834
7212,0.6737718769693464
7213,0.6737871353414656
7214,0.6737974267221529
7215,0.6738149783757158
7216,0.6738190631481371
7217,0.6740062402687557
7218,0.6740904144235123
7219,0.674150366104154
7220,0.674198556153139
7221,0.6743925242685735
7222,0.6744428008923288
7223,0.6745542922020387
7224,0.6746392735805282
7225,0.6746660231365889
7226,0.6747111012883706
7227,0.6747625004005257
7228,0.6747940518813782
7229,0.6748285273855503
7230,0.6748444007026193
7231,0.674909242738811
7232,0.6752639053270109
7233,0.6753097090617332
7234,0.6753655166655022
7235,0.6753693136567613
7236,0.675467153808764
7237,0.6755688925011509
7238,0.6755797004068278
7239,0.675837740779362
7240,0.675839906867295
7241,0.675848977053819
7242,0.675935744088509
7243,0.6760603118755585
7244,0.6760801698477209
7245,0.6761329466639389
7246,0.6762855070499013
7247,0.6763548144031356
7248,0.6764012573183097
7249,0.6764432428749491
7250,0.6765255160073478
7251,0.6765849011956151
7252,0.6766565675984735
7253,0.6766774582030148
7254,0.6766882989990395
7255,0.6767899884603327
7256,0.6768008149254314
7257,0.6768645632959047
7258,0.6768803147488308
7259,0.676906300885631
7260,0.6769103123719435
7261,0.6769587641985115
7262,0.6770001640706893
7263,0.6772738455055308
7264,0.6774098314611068
7265,0.6774498817210759
7266,0.6774700046246039
7267,0.6775794892497942
7268,0.6776591372753452
7269,0.677683556550924
7270,0.6777271776581483
7271,0.6779372032944462
7272,0.6780312747795042
7273,0.678186766429199
7274,0.6783003723791977
7275,0.6783175649919659
7276,0.6783706408229181
7277,0.6783708024671363
7278,0.6784112357693487
7279,0.6784215311473982
7280,0.6785337908624675
7281,0.6785428413238884
7282,0.6785563691650509
7283,0.6786150457740622
7284,0.6787046273063341
7285,0.6787676240716696
7286,0.678768649871122
7287,0.6788171069429529
7288,0.6788389012588849
7289,0.6788559135633605
7290,0.6790555243881712
7291,0.6790831492220968
7292,0.6791329147421137
7293,0.6791894367018945
7294,0.6792401224364321
7295,0.6792877542842164
7296,0.6793966507498567
7297,0.6796477301957504
7298,0.6798146424672276
7299,0.6798364204300362
7300,0.6799328547632612
7301,0.6799808456848353
7302,0.6801323219921664
7303,0.6801496344772963
7304,0.6802764458497356
7305,0.6802822658833798
7306,0.6803213783542406
7307,0.6803974531740886
7308,0.6804055962359747
7309,0.680644802719779
7310,0.680746630114584
7311,0.6807817826768392
7312,0.6808235566831479
7313,0.680830895055141
7314,0.6808324310858108
7315,0.6808393477725394
7316,0.6808569440253953
7317,0.6809456497283218
7318,0.6810711841763704
7319,0.6811487392234885
7320,0.6811498896610574
7321,0.6812064991550916
7322,0.681421466068662
7323,0.6815362366058958
7324,0.6815563996201834
7325,0.6817391060186687
7326,0.6817730834852723
7327,0.6817868256921134
7328,0.6818680981294815
7329,0.6821281982800231
7330,0.6821693201313468
7331,0.6821713970190667
7332,0.6821731703841212
7333,0.6821773740897451
7334,0.6822004960257415
7335,0.6823098987902374
7336,0.6823300044654415
7337,0.6828879316102585
7338,0.6829543238729683
7339,0.6830952069754928
7340,0.6832174299100029
7341,0.6833676511115315
7342,0.6834538753287717
7343,0.6834794362260797
7344,0.6836613881897247
7345,0.6837851133492941
7346,0.6837991710174067
7347,0.6843049594985479
7348,0.684350484535545
7349,0.6847764138657026
7350,0.6850901348146702
7351,0.6851528958885554
7352,0.6853656171877054
7353,0.6854191525081603
7354,0.6855736365385806
7355,0.6855962222497374
7356,0.6857965529365327
7357,0.6858076108107607
7358,0.6860350619449467
7359,0.6860627133573933
7360,0.6860637194011487
7361,0.6860844046262881
7362,0.6861686431968672
7363,0.6863739143225085
7364,0.686461073328673
7365,0.6865907724631927
7366,0.6867678356664666
7367,0.6867766294581926
7368,0.686832946966194
7369,0.6868532203647294
7370,0.686855846268988
7371,0.6869164163390334
7372,0.6869189327589657
7373,0.6871713236477754
7374,0.6873516446523412
7375,0.6874922045622698
7376,0.6881005647020605
7377,0.6882398640201131
7378,0.6882754667188193
7379,0.6883104683902532
7380,0.6884141715442583
7381,0.6886253839078094
7382,0.6886279761319221
7383,0.6891337784775127
7384,0.6895179763538652
7385,0.6895390215620245
7386,0.6895719448771075
7387,0.6895734727227273
7388,0.6896171323001845
7389,0.6896870453715918
7390,0.6896888755623233
7391,0.6898369836256213
7392,0.6898899466854204
7393,0.6899282381171138
7394,0.6899769403137486
7395,0.6900656265299909
7396,0.6901832068011631
7397,0.6902386199951847
7398,0.6903631403192408
7399,0.6904835701112899
7400,0.6906633715691614
7401,0.690754037162403
7402,0.6908730778097572
7403,0.6908747063340647
7404,0.6909586879357312
7405,0.6910010604253607
7406,0.6910113442619013
7407,0.6910198658323354
7408,0.691070487132021
7409,0.6912104071212153
7410,0.6912396123180085
7411,0.6914579832600758
7412,0.6914886746154614
7413,0.691500526668132
7414,0.6915478386725518
7415,0.6915674626421017
7416,0.6917492262141816
7417,0.6918012900323728
7418,0.6918487623545891
7419,0.6920396146652824
7420,0.6921082580402421
7421,0.6924677218429452
7422,0.6924988015469078
7423,0.6927044090998419
7424,0.6927284234634645
7425,0.6927298027066929
7426,0.6928095202376592
7427,0.6928677787420616
7428,0.692931014054752
7429,0.6929913816295608
7430,0.693172126586924
7431,0.6931843732853437
7432,0.6931938928078171
7433,0.693225938027416
7434,0.6932494202983227
7435,0.6932777875814005
7436,0.6933475980866207
7437,0.6933920960900988
7438,0.6935030031485366
7439,0.6936437921079872
7440,0.6936877118411807
7441,0.6938232854584276
7442,0.6939058281172156
7443,0.6939846774411825
7444,0.6940566999297779
7445,0.6941431975561108
7446,0.6942346013300786
7447,0.6942527638708242
7448,0.6943474490900566
7449,0.6947702662478382
7450,0.6949190794892335
7451,0.6952270760529219
7452,0.6953933413813845
7453,0.6953967414374214
7454,0.6955021773727548
7455,0.6955786995550959
7456,0.6956875674058739
7457,0.6957244028861264
7458,0.6958257485432403
7459,0.6958646404702129
7460,0.69590766262775
7461,0.6960672602741831
7462,0.6960764218873932
7463,0.6961912697057092
7464,0.6964918849368793
7465,0.6965343712967828
7466,0.6966351843794643
7467,0.6966841040175747
7468,0.6969824133553043
7469,0.6970259610765169
7470,0.6971844499263056
7471,0.6973247318373847
7472,0.6973744986875192
7473,0.6975395906613141
7474,0.6975610375923463
7475,0.6976170654874991
7476,0.6978589876670194
7477,0.6979944415445106
7478,0.6980043986720287
7479,0.6982584723844547
7480,0.6982955198863716
7481,0.6982981095592328
7482,0.698327120074694
7483,0.698366028783895
7484,0.698386263565598
7485,0.6984189602944572
7486,0.6984454974368355
7487,0.6985200594604694
7488,0.6985894144418463
7489,0.6985938056733215
7490,0.6986844608044164
7491,0.6987740343140776
7492,0.6988154564626359
7493,0.6988798089532988
7494,0.6989483696644062
7495,0.6990775376650852
7496,0.6992749663122223
7497,0.6992785410494544
7498,0.6994264267294324
7499,0.699468390565945
7500,0.6995019438736155
7501,0.6995157636205792
7502,0.6995691045311436
7503,0.6997354440831716
7504,0.6998839931601457
7505,0.6999486482192059
7506,0.6999595727077346
7507,0.6999977922183865
7508,0.700257614343614
7509,0.700356311090191
7510,0.7005663430756799
7511,0.7005873521439909
7512,0.7007986786153942
7513,0.7010680983240886
7514,0.7012971805493653
7515,0.7013269095125001
7516,0.7013557580106021
7517,0.701382329587565
7518,0.7015411718174296
7519,0.7017564795946154
7520,0.7018304768178512
7521,0.7018565152241478
7522,0.701971622140961
7523,0.7019997524225494
7524,0.7021093163218797
7525,0.7021456272425299
7526,0.7021582462689357
7527,0.7022134873696293
7528,0.7022912472568887
7529,0.7024685957022686
7530,0.7025171252695371
7531,0.7025689884471051
7532,0.7025961684173205
7533,0.7026617872919803
7534,0.7026726581791506
7535,0.7032757438512703
7536,0.7033465509099946
7537,0.7034398345847859
7538,0.7034554914638839
7539,0.7037043415549544
7540,0.7037650049783019
7541,0.7037905377502536
7542,0.7040299480911377
7543,0.7041916220740294
7544,0.704332643014292
7545,0.7044083208447555
7546,0.7044087429398695
7547,0.7045655724252746
7548,0.7046636234891113
7549,0.7046978743238638
7550,0.704800900588318
7551,0.7049914707966908
7552,0.7050388724599159
7553,0.7052742658515638
7554,0.7052815519503078
7555,0.7052982444452732
7556,0.7053260017349872
7557,0.7054945920694198
7558,0.7055312534145285
7559,0.7055732319916342
7560,0.7057237014851774
7561,0.7060472286277439
7562,0.7061905349320363
7563,0.7062068877470313
7564,0.7063029694768053
7565,0.7064595796241027
7566,0.7066722220952151
7567,0.7067098783236428
7568,0.7068714327952392
7569,0.7068791754686385
7570,0.7068803511339398
7571,0.7068854863088763
7572,0.7069162994997717
7573,0.706953423990893
7574,0.7071039738613362
7575,0.7071148071315766
7576,0.7071965574322399
7577,0.7072332615506216
7578,0.7072472375844518
7579,0.7073295808047354
7580,0.7073869316211869
7581,0.707477626842083
7582,0.7075432255576212
7583,0.7077753481317467
7584,0.7079937228791139
7585,0.7080438457537208
7586,0.7080655724871665
7587,0.7081082023239239
7588,0.7081712835908925
7589,0.7084204297399985
7590,0.7086486793960474
7591,0.7086612244534883
7592,0.7086659816041939
7593,0.7087562912477707
7594,0.708778024861355
7595,0.7088641649155103
7596,0.7089424505571768
7597,0.7089569359222283
7598,0.7092483820012001
7599,0.7092565462405004
7600,0.7092618707619095
7601,0.7095293777791304
7602,0.7095485338163722
7603,0.7095982355847129
7604,0.7096416977154073
7605,0.7096651214677757
7606,0.7097324287013858
7607,0.7097356861168989
7608,0.7097481664661485
7609,0.7097613227766824
7610,0.7098979287648182
7611,0.7099149783240417
7612,0.7099367823608447
7613,0.7100450439842362
7614,0.7100720830341016
7615,0.710139802514121
7616,0.710193343300582
7617,0.7104655237298542
7618,0.7105543907290863
7619,0.7106170887106656
7620,0.7106278708062023
7621,0.710697026539576
7622,0.710724797805905
7623,0.7107723103439926
7624,0.710900288546453
7625,0.711119791007264
7626,0.7114556799629521
7627,0.7114915031340304
7628,0.7115092936956245
7629,0.7115210917808035
7630,0.7115700081935836
7631,0.7117495016959456
7632,0.7117510729036647
7633,0.7118208175075591
7634,0.7118278482460082
7635,0.711982716121878
7636,0.7120531083791246
7637,0.7122862745684271
7638,0.7123857166310092
7639,0.7124672936613461
7640,0.7124784317535842
7641,0.7127113871578036
7642,0.7128430936059404
7643,0.7130806318284216
7644,0.7130856149548247
7645,0.7132444829391729
7646,0.7135258401881855
7647,0.713566110223019
7648,0.7135946278664106
7649,0.7138154128440832
7650,0.7138468831129199
7651,0.7139001742930251
7652,0.7140638835269345
7653,0.7142463008362859
7654,0.7142472910746298
7655,0.7146868047952044
7656,0.7147540964066712
7657,0.7149878986800713
7658,0.7150265085586264
7659,0.7150408219360235
7660,0.7151605475250518
7661,0.7152267677950056
7662,0.71533392004531
7663,0.7153756113788663
7664,0.7156543712038598
7665,0.7157520399296685
7666,0.7158185349752834
7667,0.7159507727972276
7668,0.7160330016985046
7669,0.7160815096317934
7670,0.7163231816286199
7671,0.7163592321491659
7672,0.7164787400991927
7673,0.7165443671762188
7674,0.7167154463637024
7675,0.7167233672059714
7676,0.716744349436775
7677,0.7167684944543531
7678,0.7168250992870833
7679,0.7168613927211376
7680,0.7168917582341673
7681,0.7169084582967532
7682,0.7169253694141995
7683,0.7169582371140053
7684,0.7171817309047086
7685,0.7171885228439449
7686,0.7172365521150892
7687,0.7172805446984158
7688,0.7173394295866018
7689,0.7174566089114095
7690,0.7175327973367802
7691,0.7176066388674911
7692,0.717928668631978
7693,0.7180053067811409
7694,0.7180348600555451
7695,0.7182035928428543
7696,0.7185009279236628
7697,0.7185278784201026
7698,0.7185467834602044
7699,0.7185778825177174
7700,0.7185968226831518
7701,0.718601805396017
7702,0.7186647979812167
7703,0.718683671816085
7704,0.7188611037651741
7705,0.7188637919025678
7706,0.7189038546342474
7707,0.71891396381879
7708,0.718943478416766
7709,0.7190691558757691
7710,0.7191411966780972
7711,0.7194522225057502
7712,0.7197811646932
7713,0.7198831491013974
7714,0.7199683892263798
7715,0.7200344731148676
7716,0.7200862910435389
7717,0.7201352285624656
7718,0.7201796768157328
7719,0.7202195061971745
7720,0.7202299089992459
7721,0.7202427442830058
7722,0.7203013462609619
7723,0.720585566904733
7724,0.7205931282874658
7725,0.7208895353928333
7726,0.72096809787799
7727,0.7212282111087089
7728,0.721232493030088
7729,0.72130993906299
7730,0.7213421006486886
7731,0.7218054593183035
7732,0.7219197357145154
7733,0.7220511946738226
7734,0.7223141782221774
7735,0.7226037020955808
7736,0.7226759632335678
7737,0.7227196806539707
7738,0.722763897258812
7739,0.7228232300004515
7740,0.7228425308047798
7741,0.7228931558410944
7742,0.7230423415915206
7743,0.723043023926172
7744,0.7230849215275583
7745,0.7233342231193195
7746,0.7233437870217688
7747,0.7235129499022607
7748,0.7236156883277807
7749,0.7236472898574922
7750,0.7236503908772746
7751,0.7237399272627203
7752,0.7238338511055582
7753,0.7238852257668342
7754,0.7239120417055032
7755,0.7239145468832748
7756,0.7240487747213931
7757,0.7241582811470824
7758,0.7241590870693868
7759,0.7241623545211159
7760,0.72417192251232
7761,0.7242696231110406
7762,0.7242846446778998
7763,0.7243221479310082
7764,0.7243337722614991
7765,0.7248230017081827
7766,0.7248473484527275
7767,0.7250393034400922
7768,0.7250852027368702
7769,0.7251204355860565
7770,0.725367739535796
7771,0.7253757343872849
7772,0.7254819259119474
7773,0.7257682861617561
7774,0.7258403662722341
7775,0.7260119445890967
7776,0.7262453890591878
7777,0.7265117175893814
7778,0.7266094608469177
7779,0.7266791476462809
7780,0.72694176651002
7781,0.7270811746686672
7782,0.7271934410623211
7783,0.7272944593852895
7784,0.727296726700046
7785,0.7276418959325635
7786,0.7280109639648843
7787,0.7280209153497195
7788,0.7280653761438033
7789,0.728101971527671
7790,0.7281033158335117
7791,0.7281427957605751
7792,0.7281860081609106
7793,0.7284602469604299
7794,0.7285133443068801
7795,0.7286903793318905
7796,0.7287079797453553
7797,0.7287457161522686
7798,0.7287591084551489
7799,0.7288054326427309
7800,0.7288661967325094
7801,0.728964029330882
7802,0.7290119569618992
7803,0.7290186829500508
7804,0.7290333217938597
7805,0.7291515402482713
7806,0.7291788566027764
7807,0.7292083752958992
7808,0.7292122720277573
7809,0.7292266087582682
7810,0.7293217298867618
7811,0.7293503821927623
7812,0.7294259059511411
7813,0.7295037446791486
7814,0.729552057492623
7815,0.7296691623851748
7816,0.7297804710354732
7817,0.7298102164996833
7818,0.7299055468604457
7819,0.7299136302663674
7820,0.7301266579123579
7821,0.7301484227688567
7822,0.7303892233434401
7823,0.7305130633352589
7824,0.7305199471971052
7825,0.7305620725900814
7826,0.7313121908068119
7827,0.7313458361853654
7828,0.7313630268150068
7829,0.7313654850980068
7830,0.7315471767866503
7831,0.7315490970528875
7832,0.7317445776390251
7833,0.7319126521696215
7834,0.7319393678449061
7835,0.7319566835363627
7836,0.7319781107102488
7837,0.7322812090449603
7838,0.733071086174508
7839,0.7330746702516623
7840,0.7331431930868658
7841,0.7331763753107731
7842,0.7331818435438093
7843,0.7332287298923158
7844,0.7333394999298412
7845,0.7333553533584418
7846,0.733472883310701
7847,0.7335903595978446
7848,0.7336723604798174
7849,0.7337051826726749
7850,0.733910005329788
7851,0.7339666140146694
7852,0.7340099252000903
7853,0.7340341882687313
7854,0.7341179086976419
7855,0.7342502869209941
7856,0.7343107825901081
7857,0.7343242219483438
7858,0.7345122903747056
7859,0.7345701402386172
7860,0.7345788890351946
7861,0.7346225724759654
7862,0.7346598547481812
7863,0.7349982733675042
7864,0.7351616834883166
7865,0.7351695585550948
7866,0.7355444465314608
7867,0.735556307498574
7868,0.7355618386234828
7869,0.735632993821784
7870,0.7356339564664657
7871,0.7357123521654387
7872,0.7358406649066703
7873,0.735936405623219
7874,0.7359508587864138
7875,0.7359531685568051
7876,0.7360184684915778
7877,0.7365022335457969
7878,0.7365450837737978
7879,0.7366699269592085
7880,0.7367247331442623
7881,0.736948817941794
7882,0.7369567625755015
7883,0.7369852182848411
7884,0.7370078164738063
7885,0.7372214122263647
7886,0.7373319104976981
7887,0.7373684601261585
7888,0.7374345582771114
7889,0.7375117900122479
7890,0.737600907647817
7891,0.7377853153994619
7892,0.7378054353537683
7893,0.7379040620105985
7894,0.7380269905587454
7895,0.7381509794141209
7896,0.7381735769251639
7897,0.7381745873162557
7898,0.738296429448412
7899,0.7385567945781017
7900,0.7387349534582865
7901,0.7387614854280167
7902,0.7388301807526518
7903,0.7389360437554404
7904,0.7389422129484876
7905,0.7390259273189956
7906,0.739177193734845
7907,0.7393046787871944
7908,0.7393553326156024
7909,0.7393995332250205
7910,0.7394041469924513
7911,0.7395198686665501
7912,0.739594572708269
7913,0.7397542297553016
7914,0.7401068926148066
7915,0.7401127117332549
7916,0.7402212807174722
7917,0.7403689601270228
7918,0.7405193526170468
7919,0.740704263979282
7920,0.7407056363582488
7921,0.7408843650925303
7922,0.7409074431290255
7923,0.7409331533095191
7924,0.7410143864681042
7925,0.7412997097548807
7926,0.7414850076386914
7927,0.7415246988664759
7928,0.7416317772453251
7929,0.741665824767476
7930,0.7416788705629419
7931,0.7417191414181429
7932,0.741722336135077
7933,0.7419692533254837
7934,0.7419784817218407
7935,0.7420559421077424
7936,0.7421926847350784
7937,0.742201132410745
7938,0.7423532304996079
7939,0.742424644088957
7940,0.7424811426109097
7941,0.7424882592205828
7942,0.7425193461326635
7943,0.7426240278528249
7944,0.7426465558561242
7945,0.742856601537182
7946,0.7429208920433926
7947,0.7429985845849866
7948,0.7430208435930219
7949,0.7430652976797065
7950,0.7431229733932256
7951,0.7431371145401631
7952,0.743250903987996
7953,0.7433022394184985
7954,0.7433041639662825
7955,0.7433778794778035
7956,0.7434887753931347
7957,0.7435109776193515
7958,0.7436203587824181
7959,0.7437115224145503
7960,0.7439831258998699
7961,0.7440383989704766
7962,0.7440591776101103
7963,0.7440832751071192
7964,0.7441764001836957
7965,0.7442167155907355
7966,0.7442687365096459
7967,0.7443713591961407
7968,0.74440202904686
7969,0.7444086190380759
7970,0.7444302035386249
7971,0.7445340868279642
7972,0.7445708051035109
7973,0.7447765076803369
7974,0.7448349955116517
7975,0.744853354658253
7976,0.7449926735502299
7977,0.7450507780522743
7978,0.7450760900080905
7979,0.7451780485453124
7980,0.7451898651873221
7981,0.74529822925292
7982,0.7455421663040407
7983,0.7455496538252164
7984,0.7455971388411478
7985,0.7457445771569072
7986,0.7457463037846149
7987,0.7459136675218272
7988,0.746029920221573
7989,0.7460525431363665
7990,0.7461827780986925
7991,0.7462021124112035
7992,0.7462628803439431
7993,0.7463031875226377
7994,0.7463233079489195
7995,0.7463914325046294
7996,0.7466371657874233
7997,0.7466545544894333
7998,0.746656519672602
7999,0.7467868311226584
8000,0.7468180399672546
8001,0.7469416465933497
8002,0.7470496045992824
8003,0.7472725437908514
8004,0.7473427503796537
8005,0.7475096615343357
8006,0.7476249578565238
8007,0.7477609324333527
8008,0.7479428896287631
8009,0.7480975855043922
8010,0.7481249923833879
8011,0.748233835632129
8012,0.7483043366909405
8013,0.748498342210742
8014,0.7489256304612162
8015,0.7490123412518988
8016,0.7490352229318284
8017,0.7491767878525277
8018,0.7491998837787712
8019,0.7492749637889509
8020,0.7493001991288954
8021,0.7494557943993536
8022,0.7494906303138938
8023,0.749492725625401
8024,0.7495042504920046
8025,0.7496929081558223
8026,0.7497215357180675
8027,0.7497375228960149
8028,0.7498215425083377
8029,0.7498688373771154
8030,0.7498993885424743
8031,0.7499053192419102
8032,0.7499169690292297
8033,0.7499212808210773
8034,0.7499503743936088
8035,0.7501696075199888
8036,0.7502057742434639
8037,0.7502304449262981
8038,0.750385225212646
8039,0.7505347011738774
8040,0.7506101365857774
8041,0.7507243156065756
8042,0.750725595226271
8043,0.751000257480273
8044,0.7510805853562105
8045,0.7512414946597812
8046,0.7514740068293214
8047,0.7519234377937508
8048,0.7520687849219116
8049,0.7521507739763622
8050,0.7522796181144671
8051,0.752354455071802
8052,0.752424820428702
8053,0.7527107096463701
8054,0.7527400841806764
8055,0.7527638513112783
8056,0.7528900231955111
8057,0.7529946104365023
8058,0.7531504822313208
8059,0.7532723384881619
8060,0.7534708201849094
8061,0.7535457651343401
8062,0.7536099853896419
8063,0.753640374672172
8064,0.7537972426371153
8065,0.7538641596644118
8066,0.7540432928266144
8067,0.7540549881725475
8068,0.7540628655243461
8069,0.7541643236050825
8070,0.7542452850713096
8071,0.7542621375268511
8072,0.7543580825674582
8073,0.7544051908796723
8074,0.7544578598011921
8075,0.7545033570111743
8076,0.7546848085722464
8077,0.7547338995879787
8078,0.7548064443886544
8079,0.7548701597943472
8080,0.7548803269299087
8081,0.7548867200861664
8082,0.7549250470618558
8083,0.7549448260796394
8084,0.7550104071050445
8085,0.7554791735666845
8086,0.7556080579629922
8087,0.7558382270446786
8088,0.7560623289694961
8089,0.7561064663277779
8090,0.7561897211263986
8091,0.7564355366297248
8092,0.7565304527369489
8093,0.7565886499483812
8094,0.7567283783364893
8095,0.756846133381228
8096,0.7568543006512372
8097,0.7568704331838514
8098,0.7570172218325032
8099,0.757117376097115
8100,0.7571403306793044
8101,0.7572536738758041
8102,0.7574169228061446
8103,0.7574849025318872
8104,0.7575508733797983
8105,0.7575982599578914
8106,0.7576170648649379
8107,0.7576339408770293
8108,0.7577586867598886
8109,0.757833090867257
8110,0.7579534589647543
8111,0.757958834380325
8112,0.7581837245420278
8113,0.758205734094008
8114,0.7582338133192996
8115,0.7582620257171133
8116,0.7583056538914239
8117,0.7585493014829856
8118,0.758647630161959
8119,0.7588268808479341
8120,0.7588655226563586
8121,0.7589796919597636
8122,0.7591306065345226
8123,0.7592904271799146
8124,0.7593069026141623
8125,0.7594138841257944
8126,0.7594275926788152
8127,0.7594857836111805
8128,0.7596518025656562
8129,0.7598209112559542
8130,0.7599392406466852
8131,0.7599844155700477
8132,0.7600031347421352
8133,0.7604270820461876
8134,0.7604321829678032
8135,0.7604464190618029
8136,0.7606312013792614
8137,0.7606641729234557
8138,0.7606773633547954
8139,0.7607448225237041
8140,0.7608403524958466
8141,0.7608968650989363
8142,0.7611065408843993
8143,0.7611802974350067
8144,0.7612367161076425
8145,0.7612939297266839
8146,0.7613282338312632
8147,0.7614073134676189
8148,0.7616469847589306
8149,0.7618289479870688
8150,0.7620290592663899
8151,0.7620648100768885
8152,0.7620767571022912
8153,0.7621048075720553
8154,0.7624654616863827
8155,0.7625051611033774
8156,0.7626359861628107
8157,0.7626449260015189
8158,0.7628341061462047
8159,0.7629262522593332
8160,0.7630082548914423
8161,0.7631138616581052
8162,0.7632459798825448
8163,0.7632781827193253
8164,0.7633489027212619
8165,0.7634125626843695
8166,0.7634595110493135
8167,0.763591777305384
8168,0.7636835188400561
8169,0.7636939482236591
8170,0.7637171567105601
8171,0.7637498814356317
8172,0.7637502601386947
8173,0.76376662870214
8174,0.7638109042808326
8175,0.7640893106396209
8176,0.7641148252137718
8177,0.7642900482996299
8178,0.764303598403645
8179,0.7643413413618095
8180,0.7643989985468416
8181,0.7646317681277452
8182,0.7647177828822487
8183,0.764801523677427
8184,0.7649040757530925
8185,0.7649324745672955
8186,0.765069709670832
8187,0.7651135351739708
8188,0.7652759337242081
8189,0.7652793355491191
8190,0.7654577547480603
8191,0.7655099219347332
8192,0.7655262127504501
8193,0.7656474471176234
8194,0.7658124751854316
8195,0.7658754567104066
8196,0.7658852203485162
8197,0.7659627493396935
8198,0.7663605244662918
8199,0.7664378256433426
8200,0.7664692445669007
8201,0.7665160260826432
8202,0.7665530001252785
8203,0.7665595717972647
8204,0.7665638407624036
8205,0.7665779346409644
8206,0.766644558262424
8207,0.766705955695442
8208,0.7667102218894492
8209,0.7667510204496432
8210,0.7669382606671269
8211,0.7670244849819259
8212,0.7670383117492147
8213,0.7671351454261954
8214,0.767200145225092
8215,0.7672278458778956
8216,0.7672641746831326
8217,0.767321088894537
8218,0.7675327422288125
8219,0.7675347583522363
8220,0.7678449785291737
8221,0.7678503213673972
8222,0.7678662017252609
8223,0.7678976655305363
8224,0.7682939058708658
8225,0.7684214726496715
8226,0.7684392727388211
8227,0.7685148539990051
8228,0.768609368521683
8229,0.7686454742410895
8230,0.7689599395883193
8231,0.7691798521916338
8232,0.7692367830376401
8233,0.769342490307207
8234,0.769400553234134
8235,0.7696242007585943
8236,0.7696998247751418
8237,0.7698618808347786
8238,0.7699126815576567
8239,0.7701302289187449
8240,0.770157972162344
8241,0.7702108807755781
8242,0.770364387713572
8243,0.7704102401929637
8244,0.7705443088018498
8245,0.770626203189708
8246,0.7708498811440706
8247,0.7708675090493292
8248,0.770898440699538
8249,0.771131856535646
8250,0.7711499642737863
8251,0.7716006267539188
8252,0.7716768706485535
8253,0.7720012493646936
8254,0.7720272126562862
8255,0.7720980704582935
8256,0.7721361061256842
8257,0.7722103937288062
8258,0.7722692799930886
8259,0.7722934984231481
8260,0.7725372970655653
8261,0.7726584432352904
8262,0.7727779762824603
8263,0.7727976899917487
8264,0.7728376946243398
8265,0.7728770582836032
8266,0.7728939825168788
8267,0.772899246906731
8268,0.7729099009450242
8269,0.7731906821472151
8270,0.7732517468399503
8271,0.7734016923912973
8272,0.7737622245050809
8273,0.7738981046036996
8274,0.7739229121518069
8275,0.7739902535858653
8276,0.7740119025666844
8277,0.774103876079836
8278,0.7742071927605216
8279,0.7742574615527603
8280,0.7742984263655149
8281,0.7743730887335663
8282,0.7745311069724418
8283,0.7745533808718383
8284,0.7747806687467669
8285,0.7748247139768121
8286,0.7748745958599687
8287,0.7749165328921599
8288,0.7749361746081311
8289,0.7750442582320926
8290,0.7750823795521687
8291,0.7752430433325782
8292,0.775605150556694
8293,0.7756425947939112
8294,0.7758720165570381
8295,0.7761086140740941
8296,0.7761372373675799
8297,0.776166041769884
8298,0.7763211085101409
8299,0.7763331255471175
8300,0.7764131683847513
8301,0.7764743271280162
8302,0.7765306927430714
8303,0.7766953490613455
8304,0.7770505235447366
8305,0.7770852896600964
8306,0.7772775887707992
8307,0.7774093283569156
8308,0.7775281140404404
8309,0.7777335058890564
8310,0.7778435119851118
8311,0.7778557832188618
8312,0.7779174070191862
8313,0.7779297008674261
8314,0.7780549603809229
8315,0.7780723231531478
8316,0.7781826054136709
8317,0.778316075270575
8318,0.7783665670219877
8319,0.7784367530404963
8320,0.7785983023395455
8321,0.778663498403273
8322,0.778688705027692
8323,0.7786992336739994
8324,0.7787809621333479
8325,0.7787913403514641
8326,0.778948924709821
8327,0.7789652732680892
8328,0.7790525745645724
8329,0.7792524540503284
8330,0.7793770928887274
8331,0.7793789423222177
8332,0.779445944887539
8333,0.779455669391772
8334,0.7795773419274659
8335,0.7796152755506788
8336,0.7796326917643563
8337,0.7797781400766636
8338,0.7798203113844635
8339,0.779852802497032
8340,0.7799056813345763
8341,0.7800277916335964
8342,0.7801319171936896
8343,0.7802406454302855
8344,0.7802420491636651
8345,0.7803008233304018
8346,0.7804402029497994
8347,0.7804547244949862
8348,0.7804899827136864
8349,0.7807922968505008
8350,0.7809502831927031
8351,0.7809881622495665
8352,0.7810098776415084
8353,0.7811963412685126
8354,0.7812583599461748
8355,0.7813269742688019
8356,0.781373497375106
8357,0.7814030506434491
8358,0.7814337582862325
8359,0.7816440001879001
8360,0.7817071577113635
8361,0.7817105729599844
8362,0.7817853163843649
8363,0.7818253253110742
8364,0.7818413585787269
8365,0.7819154715711258
8366,0.7820472236267638
8367,0.7820882936403881
8368,0.7821047610478243
8369,0.7821495812903567
8370,0.7825375205846528
8371,0.782666085970425
8372,0.782686262836695
8373,0.7827624500962082
8374,0.7828615439714028
8375,0.7829196446157979
8376,0.7829480059419007
8377,0.783299701234974
8378,0.7833182989053507
8379,0.7833380652947101
8380,0.7834603919362909
8381,0.7835605525354076
8382,0.783640941176116
8383,0.7838844594086377
8384,0.7841319951379686
8385,0.7842223335524972
8386,0.7845247636635142
8387,0.7845621957211457
8388,0.7846043039108727
8389,0.7847601419896326
8390,0.7848657103553336
8391,0.7848688604201841
8392,0.7849008138245803
8393,0.7849232451341276
8394,0.7852911417014112
8395,0.7853576663476625
8396,0.7854317844557858
8397,0.7854502933888543
8398,0.7854619082509207
8399,0.7855580475661768
8400,0.7856644706437972
8401,0.7858451465849358
8402,0.7862100088199957
8403,0.7864159265912354
8404,0.7865710584830299
8405,0.7866041030954117
8406,0.7869010201838703
8407,0.786903095761257
8408,0.7869527256393724
8409,0.787015631714843
8410,0.787033244819115
8411,0.7870946861794581
8412,0.787170341449461
8413,0.7872360120068662
8414,0.7872478906096081
8415,0.7872674619164192
8416,0.7873324635669983
8417,0.7874163717128666
8418,0.7878723115295315
8419,0.7879965697168184
8420,0.7880061039711257
8421,0.7880516751097674
8422,0.788082840067802
8423,0.7881182370022817
8424,0.7882675915663832
8425,0.7883299496107115
8426,0.7883514513777482
8427,0.788370680811561
8428,0.7883820810659881
8429,0.7884607983979598
8430,0.7886184749693497
8431,0.7887033797152155
8432,0.7887160666952722
8433,0.7888828371979212
8434,0.7889311762544047
8435,0.788979800134419
8436,0.7891100788406233
8437,0.7892757818721963
8438,0.7892838279118726
8439,0.7892961218332935
8440,0.7894084411623663
8441,0.7895144153286973
8442,0.789589103300069
8443,0.7896946804624969
8444,0.7897142117158843
8445,0.7899052608051839
8446,0.7899123305165658
8447,0.790026287010958
8448,0.7900481312574219
8449,0.7903476792431652
8450,0.7905367247340889
8451,0.7908121854194807
8452,0.7908922803915646
8453,0.7908931793808779
8454,0.7909608113614958
8455,0.7912248943941171
8456,0.7912459206703277
8457,0.7913688649903805
8458,0.7914177414923854
8459,0.7915707455584162
8460,0.7915875785809383
8461,0.7919484952069682
8462,0.7919503548236859
8463,0.7919720884115025
8464,0.7920551037685102
8465,0.7920741281505849
8466,0.7921421608274797
8467,0.7922227232006059
8468,0.7922907937839362
8469,0.792351711898302
8470,0.7924325048458707
8471,0.7924533279543926
8472,0.7924678943624128
8473,0.7924785279071274
8474,0.7924950001642136
8475,0.7925983758732016
8476,0.7926564152711796
8477,0.7926886516600913
8478,0.7929763864750319
8479,0.7929858097171398
8480,0.7930144760649901
8481,0.7930203225991809
8482,0.7930552187867721
8483,0.7931339994068844
8484,0.7931648770520695
8485,0.7931930205014401
8486,0.7932255189107422
8487,0.7933019426431407
8488,0.793356885078264
8489,0.7933927929669304
8490,0.7934710857196892
8491,0.7934821887746539
8492,0.7934961875766134
8493,0.7935913831675937
8494,0.7936100185767496
8495,0.7936414678529893
8496,0.7937094363851009
8497,0.7939421793109073
8498,0.7941267171811166
8499,0.7941807159940051
8500,0.7942028086295038
8501,0.7942148715408541
8502,0.7943102352237745
8503,0.7943896940645198
8504,0.7948587486990335
8505,0.7950187170085014
8506,0.7950269003180638
8507,0.7951385942927904
8508,0.7952478440975629
8509,0.7952548854012236
8510,0.7954808333682811
8511,0.7954971681584867
8512,0.7956363678416498
8513,0.7958095078196243
8514,0.7959792042402369
8515,0.7960026782969208
8516,0.7960575042491538
8517,0.7960932016423758
8518,0.7963191327017318
8519,0.7964577436522425
8520,0.7965599798093908
8521,0.7965720452809227
8522,0.7965891722721722
8523,0.7966015054223762
8524,0.7967145107506013
8525,0.7967326858786654
8526,0.7967576164468826
8527,0.7968191255791368
8528,0.7968276477951283
8529,0.7968610450218414
8530,0.7974787437759023
8531,0.7975950046302545
8532,0.7976027907458021
8533,0.7976282890304935
8534,0.7976468765564233
8535,0.7977302769860805
8536,0.7977942988042767
8537,0.797811170468497
8538,0.7978482626358606
8539,0.797920066307595
8540,0.7980441709743785
8541,0.7980844820536466
8542,0.7982011633637238
8543,0.7982381472565848
8544,0.7985151625443782
8545,0.7985212880021262
8546,0.7985360874540853
8547,0.7987807959625083
8548,0.7987888175942781
8549,0.7988504172978765
8550,0.7990703483569587
8551,0.7992128606740242
8552,0.7993472729684119
8553,0.7993748524398923
8554,0.7994128286220344
8555,0.7994596676444218
8556,0.7996836872243231
8557,0.7996879846851667
8558,0.7998047704336098
8559,0.7998049925807784
8560,0.7998511209583595
8561,0.7998721123469281
8562,0.7998836569654953
8563,0.7999270760882622
8564,0.7999377156276724
8565,0.7999594789869826
8566,0.7999952684061427
8567,0.8000003589954363
8568,0.800011543682932
8569,0.800140961199133
8570,0.800194635986143
8571,0.8003106024097102
8572,0.8003472193807152
8573,0.8003503084935332
8574,0.8004462818998184
8575,0.8004899897811304
8576,0.8004905805475141
8577,0.8005331437908746
8578,0.8005556939683761
8579,0.8005728383648036
8580,0.8006145700920252
8581,0.8006851433509539
8582,0.8006991559096175
8583,0.8007118876571722
8584,0.8007786332987403
8585,0.8007796989981237
8586,0.8008228765588296
8587,0.8008952217582366
8588,0.8011625150676839
8589,0.8012862460206867
8590,0.8018360554167433
8591,0.8020346891835769
8592,0.8021012918485463
8593,0.8021387352933234
8594,0.8022173567236958
8595,0.8022729474818513
8596,0.8023605800427404
8597,0.802375917947746
8598,0.8025536083980667
8599,0.8025736064331986
8600,0.8025951114075194
8601,0.8027950724985999
8602,0.8028072755817973
8603,0.8028666423348626
8604,0.8029012603964
8605,0.8030585715509182
8606,0.80328745329659
8607,0.8034038833240963
8608,0.8036546106347935
8609,0.8036824077988206
8610,0.8038198283444339
8611,0.8038511263520322
8612,0.8039133588826396
8613,0.8039918733701428
8614,0.8041933031555103
8615,0.804248381509223
8616,0.804306949654047
8617,0.8043771512233542
8618,0.8044397277623924
8619,0.8044577678570206
8620,0.8045049214114587
8621,0.804811526352489
8622,0.804964703300442
8623,0.8049898244480784
8624,0.8052017611801463
8625,0.8054143021285446
8626,0.8054236655234321
8627,0.8055512821458646
8628,0.8055610042033441
8629,0.8058434029171353
8630,0.8058891930200254
8631,0.805952974270779
8632,0.8059607353378049
8633,0.806014871859813
8634,0.8060606154221197
8635,0.8061389138256208
8636,0.8062839155823338
8637,0.8065182950036218
8638,0.8066676014927289
8639,0.8067076327510196
8640,0.8067843431580859
8641,0.8068356368218094
8642,0.8068855431758519
8643,0.806933930220648
8644,0.8069467554533738
8645,0.8069673581396056
8646,0.8070619720121477
8647,0.8071066185236884
8648,0.8072389982072552
8649,0.8072498509298274
8650,0.8075076421755363
8651,0.8076445434495234
8652,0.807730020536751
8653,0.8077905449863282
8654,0.8078609005509206
8655,0.8079646602041276
8656,0.8080450832857505
8657,0.808103191794235
8658,0.8081156599624635
8659,0.8081602159833767
8660,0.8082174078321317
8661,0.8082863501034907
8662,0.8083510578057092
8663,0.8084070051459329
8664,0.808544396937322
8665,0.8086503028772196
8666,0.808721556808888
8667,0.8087629694173251
8668,0.8087826991943908
8669,0.8088044293589057
8670,0.8088144835525191
8671,0.808978460933106
8672,0.809008523203191
8673,0.809177847980197
8674,0.809281031649543
8675,0.8093392547738558
8676,0.8093468103253476
8677,0.8095677617080322
8678,0.8096572480446207
8679,0.809689804518006
8680,0.809694259550791
8681,0.809701972391504
8682,0.8097355547736507
8683,0.8097582703888888
8684,0.8097767144325245
8685,0.8097974761832807
8686,0.8097998151795924
8687,0.8098654117745508
8688,0.8099166215806638
8689,0.8101028449456998
8690,0.810300902929073
8691,0.8103140215744808
8692,0.8103229347168304
8693,0.8105983009742559
8694,0.8107752323062125
8695,0.8107825879330608
8696,0.8109391171089426
8697,0.8109742414364554
8698,0.811005793308823
8699,0.8112686142039272
8700,0.8113411863200574
8701,0.8114892927612182
8702,0.8116366629315224
8703,0.8118192956449919
8704,0.8118304711158205
8705,0.8118325237823827
8706,0.8119417701112954
8707,0.8119602993695205
8708,0.8120781916132962
8709,0.8121154462662751
8710,0.8122269954439317
8711,0.8122815935723808
8712,0.8123250281669181
8713,0.8124049983820959
8714,0.8124313041598136
8715,0.8125635432022819
8716,0.8126025905266863
8717,0.8126134483809264
8718,0.8127413690426235
8719,0.8130105562751714
8720,0.8131830633205568
8721,0.8132298575313437
8722,0.8133068000273149
8723,0.8133272494888006
8724,0.8133587053054059
8725,0.8134283966025796
8726,0.8134796451248272
8727,0.8137691484963451
8728,0.813848545495821
8729,0.8138827727984819
8730,0.8141040358762361
8731,0.814117983231665
8732,0.8141234620315182
8733,0.8142755582007226
8734,0.8143250053043325
8735,0.8145349940674358
8736,0.814557062229673
8737,0.8146373537002515
8738,0.8146412746038973
8739,0.814917606637956
8740,0.8149741506902167
8741,0.8152113440187108
8742,0.815332660691241
8743,0.8153422228728539
8744,0.8154909477202719
8745,0.8155292325402601
8746,0.8159695577521969
8747,0.8160954645997059
8748,0.8161332229586581
8749,0.8161511949947461
8750,0.8162348646911938
8751,0.8163357735185623
8752,0.816595774363642
8753,0.8166796823010037
8754,0.8166953378080676
8755,0.8169755872004542
8756,0.8171058647271864
8757,0.8171124333193271
8758,0.8173412235610074
8759,0.8173801970543987
8760,0.8174422524134638
8761,0.8177843512813375
8762,0.8178843823929789
8763,0.8180178988308857
8764,0.8181009169887205
8765,0.8181446781679267
8766,0.8181892912138162
8767,0.8182356884575147
8768,0.8183486357856564
8769,0.8183575848957434
8770,0.8183890785984402
8771,0.8184136842057148
8772,0.8186625200353771
8773,0.8186847101016447
8774,0.8187107646647399
8775,0.818733422675426
8776,0.8187527852273679
8777,0.8187692081623951
8778,0.8189559752255081
8779,0.8190780276562696
8780,0.8192613688335226
8781,0.8193203272462769
8782,0.8193444396963597
8783,0.8194038466953105
8784,0.8194199044847915
8785,0.8194580861845435
8786,0.8195279136539122
8787,0.8197088086744546
8788,0.8197543527232131
8789,0.8198801156361127
8790,0.8198866816193545
8791,0.8198959488754696
8792,0.8201901676921493
8793,0.8204740132931565
8794,0.8204912242196204
8795,0.8205102907852819
8796,0.8205293640929763
8797,0.8207080768202333
8798,0.8207267097538105
8799,0.8207562714028321
8800,0.8208659516879271
8801,0.8209787188983605
8802,0.8210944643133533
8803,0.8212508094794841
8804,0.8213281802897493
8805,0.8213744467995268
8806,0.8214456174172708
8807,0.8214852431761075
8808,0.8216825034120196
8809,0.8217215587029278
8810,0.8218560348393035
8811,0.8219535912805985
8812,0.8220062996053482
8813,0.8221914063744078
8814,0.8222440606709672
8815,0.822341815914957
8816,0.8224123493536583
8817,0.8228264855278185
8818,0.8228326079285595
8819,0.8229722733053553
8820,0.8230135374538456
8821,0.8230155691998485
8822,0.8230358749255041
8823,0.8230422425826996
8824,0.823143475577258
8825,0.8233662234454038
8826,0.8235368503395462
8827,0.8235383079788708
8828,0.8235660394288036
8829,0.8235757183852835
8830,0.823691866172696
8831,0.8237783082271201
8832,0.8238684833678334
8833,0.8239969930940414
8834,0.8241234241376171
8835,0.8242392681465105
8836,0.8244791828797144
8837,0.8251081987353583
8838,0.8251511662578045
8839,0.8251912034713473
8840,0.8253166000640897
8841,0.825410560250105
8842,0.8254224914244744
8843,0.8254348899532944
8844,0.8254531385851754
8845,0.8255169923650092
8846,0.8256984242250083
8847,0.8257265019291247
8848,0.826060453265699
8849,0.826100444454928
8850,0.826155551341191
8851,0.8262498538445286
8852,0.8263687316254521
8853,0.8263862857609007
8854,0.8264217163615408
8855,0.8265281981787818
8856,0.8266632322979206
8857,0.8267844737612909
8858,0.8269869845220948
8859,0.8270966100774935
8860,0.8271448054066187
8861,0.8271479205829987
8862,0.8271599345281974
8863,0.8273243934845417
8864,0.8273335667220482
8865,0.8274769285240617
8866,0.8275308196171385
8867,0.8280515319767338
8868,0.828058221577811
8869,0.8280868516185959
8870,0.8285798095432169
8871,0.828749424367298
8872,0.8287738789504535
8873,0.828813553540187
8874,0.8288166351641688
8875,0.828870113019561
8876,0.82894317718578
8877,0.8289681091567196
8878,0.8291166783650689
8879,0.8292309781675786
8880,0.8294069556409182
8881,0.8296239988039189
8882,0.8296384721591543
8883,0.8296986757620135
8884,0.8297193806321425
8885,0.829719890198753
8886,0.8300221980509488
8887,0.8300224191479242
8888,0.8303041408981937
8889,0.8303171415370769
8890,0.830401404837901
8891,0.8304478698624076
8892,0.8304760487503524
8893,0.8304897093284217
8894,0.8305018312141651
8895,0.8305197875558509
8896,0.8305706459821048
8897,0.830612184450326
8898,0.8306285030501777
8899,0.8307219203504796
8900,0.8307409221132653
8901,0.8308577773792315
8902,0.8308817990702015
8903,0.8309203567976677
8904,0.8311161998028878
8905,0.8311524431049631
8906,0.83115617805774
8907,0.8312704309571189
8908,0.8312834191655946
8909,0.8314292062895436
8910,0.831475953464057
8911,0.8315041560681855
8912,0.8315884114503733
8913,0.8316563183547343
8914,0.8318090803028336
8915,0.8320331523336943
8916,0.8321199313018404
8917,0.8322144942260098
8918,0.8322262383434957
8919,0.8322962761405802
8920,0.8323173620481318
8921,0.8323237709071438
8922,0.8325909738261745
8923,0.8326322513745015
8924,0.8327305296315423
8925,0.8329099922362415
8926,0.8330370020283039
8927,0.8330829208574052
8928,0.8331088140550962
8929,0.833123337233449
8930,0.8331382695450245
8931,0.8331524937457367
8932,0.8331593160269639
8933,0.8331907916851844
8934,0.8332560619144654
8935,0.8333470333457832
8936,0.8334261278616223
8937,0.8334860359260582
8938,0.833750112365836
8939,0.8338576914647154
8940,0.8338617166072487
8941,0.8338736252375348
8942,0.8340359950081495
8943,0.8340960316711945
8944,0.8344688497108299
8945,0.8347762827960417
8946,0.8350397520300678
8947,0.8350702604976136
8948,0.8352232095247902
8949,0.8352500020246537
8950,0.8355343097469055
8951,0.8355816306010194
8952,0.8358125543264097
8953,0.8358704491245164
8954,0.8358906613974659
8955,0.8361551462074833
8956,0.8362962245721974
8957,0.8364335535752193
8958,0.8365292147351839
8959,0.836591468605417
8960,0.8368093869213045
8961,0.8369659124875218
8962,0.8371376689274387
8963,0.8372045817188617
8964,0.8372530917102118
8965,0.8373980024734466
8966,0.8374829714123809
8967,0.8374969523860525
8968,0.8375559605720382
8969,0.8378573439934557
8970,0.8379640553339422
8971,0.8384418752549703
8972,0.8384622102762478
8973,0.8384733837699705
8974,0.838564135690701
8975,0.8387144842944673
8976,0.8387718254023679
8977,0.8392809809308721
8978,0.8393230583784215
8979,0.8393381654549562
8980,0.8393634564578267
8981,0.8393670767649277
8982,0.8396063712981036
8983,0.8396080064609288
8984,0.839763275710399
8985,0.8399736262416557
8986,0.839979916917392
8987,0.8402298302938954
8988,0.8402698734042003
8989,0.8404513205508753
8990,0.8404603166477931
8991,0.8405362194323245
8992,0.840617867950474
8993,0.8406234268573531
8994,0.8410073894982283
8995,0.8410078208934171
8996,0.8410990065278445
8997,0.8411414777143187
8998,0.8412169093610509
8999,0.8418923178543086
9000,0.8420884001326683
9001,0.8421082829643942
9002,0.842156115205151
9003,0.8423800728260565
9004,0.8426473946494843
9005,0.8426562880799704
9006,0.8428642300141483
9007,0.8428719327503638
9008,0.8429000838204443
9009,0.8430029648187417
9010,0.8431280549649605
9011,0.843213136548249
9012,0.8432672973833356
9013,0.8433089332575957
9014,0.8433828564857166
9015,0.8433958517283372
9016,0.8434314889911017
9017,0.8437543273096134
9018,0.843909876359878
9019,0.843925455565041
9020,0.843999936664368
9021,0.8442395439393928
9022,0.8442435162874815
9023,0.8442887065410841
9024,0.844309485305641
9025,0.8443785160922419
9026,0.844456239878322
9027,0.8446526650522487
9028,0.8447954456834745
9029,0.8448609597239181
9030,0.8448986651469554
9031,0.8450182970055578
9032,0.8451871467492115
9033,0.845367350713319
9034,0.8454031112269725
9035,0.8454206346953083
9036,0.8455187150640867
9037,0.845542152787462
9038,0.8455613145353591
9039,0.8458946799688679
9040,0.8459007116229063
9041,0.8459774989100269
9042,0.8461095409670972
9043,0.8463513006734383
9044,0.846481790048944
9045,0.8466167255406487
9046,0.8466404519134553
9047,0.8466528576982366
9048,0.8466947468659378
9049,0.8467439687190049
9050,0.8470218031781351
9051,0.8470270524009443
9052,0.8470587987624665
9053,0.8471015167240632
9054,0.8471096133346908
9055,0.8471528583651444
9056,0.8472505839968849
9057,0.8473304966896087
9058,0.8473695711959364
9059,0.8476295264424851
9060,0.8476707097419336
9061,0.8477025977332382
9062,0.8477334708308003
9063,0.8477430413019008
9064,0.8478315037722209
9065,0.8479613310818306
9066,0.8480635910388857
9067,0.8481865640478637
9068,0.848187066839677
9069,0.8483168490929909
9070,0.8483295341467254
9071,0.848332508834586
9072,0.8484027696659705
9073,0.8484477324222355
9074,0.8485231144061172
9075,0.8485721218536766
9076,0.8488622171334618
9077,0.8489253222753286
9078,0.8489813067752339
9079,0.8490022579994259
9080,0.8492144049923718
9081,0.8492508921306005
9082,0.8494534488207411
9083,0.8495215986460171
9084,0.8495744861233452
9085,0.8496582747863639
9086,0.8500551914106219
9087,0.850174668280007
9088,0.8503772795774256
9089,0.8505109806204224
9090,0.8505844870649532
9091,0.8508123490399427
9092,0.8508647973429907
9093,0.8508651583913652
9094,0.8509223218187417
9095,0.8509282758188983
9096,0.8509700964038
9097,0.8510472208813653
9098,0.8511352249005277
9099,0.8511908292083343
9100,0.8512183263122225
9101,0.8513330054146045
9102,0.8513804106553443
9103,0.8514161842406132
9104,0.8514668852546655
9105,0.8517692708298219
9106,0.8519208646671205
9107,0.8519351970436606
9108,0.8519590407893446
9109,0.8522006648571662
9110,0.8522802431646908
9111,0.852327640609708
9112,0.8524758033163546
9113,0.8526034222480171
9114,0.8526089308379634
9115,0.8526192473029202
9116,0.8526434066346704
9117,0.8526966219512825
9118,0.852820604585928
9119,0.8529008252164904
9120,0.8529465305207272
9121,0.8530713132165035
9122,0.8531090562537667
9123,0.853109572227727
9124,0.8531987224877855
9125,0.853450036921741
9126,0.8536244441984979
9127,0.8537606791755069
9128,0.8538812809314477
9129,0.8541166140023227
9130,0.8541232831492579
9131,0.8542324150247574
9132,0.8543371504486129
9133,0.8544193526795858
9134,0.8544870193359481
9135,0.8546851640072879
9136,0.8548067558306763
9137,0.854816902747574
9138,0.8549212609642609
9139,0.8551532321258712
9140,0.8552994520067542
9141,0.85547225858716
9142,0.8555874719923258
9143,0.8557141046746236
9144,0.8557555279505349
9145,0.855767230123796
9146,0.8557678824360259
9147,0.8558590455058432
9148,0.8560305451949358
9149,0.8562245983687597
9150,0.856347004224158
9151,0.856378798909859
9152,0.8563969212551491
9153,0.8565753531166431
9154,0.8566177666793215
9155,0.8566617538341331
9156,0.8566768308144451
9157,0.8567734615748251
9158,0.8567869351297532
9159,0.8567948802419523
9160,0.8568220644410177
9161,0.856843498665603
9162,0.8569480370734872
9163,0.8569764318972509
9164,0.8569947529598015
9165,0.8570469762243217
9166,0.8571790103126067
9167,0.8572292628030636
9168,0.8574070851854965
9169,0.8575169477339497
9170,0.8575925677514507
9171,0.8576673791981761
9172,0.8576804682808298
9173,0.8577221412790335
9174,0.8577300268586825
9175,0.8578053900700192
9176,0.8578287656860337
9177,0.8578819772655959
9178,0.8579039126153929
9179,0.8579949881505309
9180,0.8580538496652729
9181,0.8582266450175621
9182,0.8582301340659637
9183,0.8582498931015519
9184,0.8582982901657141
9185,0.85848685900152
9186,0.8585868204735669
9187,0.8586070976872275
9188,0.8586371225189344
9189,0.8586919322011076
9190,0.8586992338475546
9191,0.8589023382988513
9192,0.8589702291916473
9193,0.8589986858364145
9194,0.8591652602361245
9195,0.859215606014334
9196,0.8592170039592631
9197,0.8594362393026045
9198,0.8594757982067052
9199,0.8595998680897212
9200,0.859694056245935
9201,0.85974189033021
9202,0.8597524264971894
9203,0.8600042208884788
9204,0.8600106146220664
9205,0.8600454572364676
9206,0.8602130534130075
9207,0.8602224786516081
9208,0.8603273601126895
9209,0.8603710663643468
9210,0.8604918034330569
9211,0.860493062115689
9212,0.8605005254950135
9213,0.8605507738057709
9214,0.8606489598083662
9215,0.8606619529728795
9216,0.8607680016704291
9217,0.8608001431375927
9218,0.8608629122598576
9219,0.8608675224196449
9220,0.861044043676044
9221,0.8613047401405252
9222,0.8613731710202254
9223,0.8615470372883987
9224,0.8615611021980608
9225,0.8619737042845261
9226,0.8620092083690671
9227,0.8620477874257891
9228,0.8625509664685527
9229,0.8625537540897182
9230,0.8625813633886383
9231,0.862697044224203
9232,0.862752532091881
9233,0.8628134794575266
9234,0.8629708166331398
9235,0.8630590988422326
9236,0.8630832866211708
9237,0.8634462504260256
9238,0.8635493294154891
9239,0.8635709440707968
9240,0.8636442082292547
9241,0.863667349363388
9242,0.8636805309619698
9243,0.8637060453374823
9244,0.8638697956283827
9245,0.8639894062295657
9246,0.8639919160371039
9247,0.8643182746278975
9248,0.8643737423787459
9249,0.8645211101456148
9250,0.8645788962589593
9251,0.8645932156188458
9252,0.8646482172850599
9253,0.8646608964743674
9254,0.8647901173511772
9255,0.8648222731096975
9256,0.8648441441631094
9257,0.8649012833392657
9258,0.8650454813271883
9259,0.8650813540194204
9260,0.8651227251900704
9261,0.8652332322013758
9262,0.8652932860471125
9263,0.8653597944241898
9264,0.86537216920106
9265,0.8653984868832109
9266,0.8656232112588469
9267,0.8656313738580304
9268,0.8657147337065326
9269,0.8657348296086282
9270,0.8659694542391358
9271,0.8659795576905087
9272,0.8660676353142083
9273,0.8662218337674994
9274,0.8662522633534747
9275,0.8663756172581207
9276,0.8664056640404885
9277,0.8668099092739838
9278,0.8668156034403517
9279,0.8670056910957772
9280,0.8670665956361736
9281,0.8670690147908804
9282,0.8670742928190779
9283,0.8671105922971956
9284,0.86737048740684
9285,0.8674960024946985
9286,0.8676828685170189
9287,0.8677081479029247
9288,0.8678750554791728
9289,0.8680171062787364
9290,0.8680565027291958
9291,0.8680996873083742
9292,0.8681047091139826
9293,0.8684591994729136
9294,0.8686133993193522
9295,0.8687737559175684
9296,0.8689384370627113
9297,0.8691367347307815
9298,0.8693524431432309
9299,0.8693845229681242
9300,0.8693911240884369
9301,0.8696249754294523
9302,0.8697885438677844
9303,0.8698121991336627
9304,0.8699037395041256
9305,0.86991815154361
9306,0.8699364695509713
9307,0.8701194007226797
9308,0.8701579642592814
9309,0.8702571452839892
9310,0.8703028949223063
9311,0.8703386987581666
9312,0.8703741444263009
9313,0.870480959665165
9314,0.8706136956100478
9315,0.8706215940967503
9316,0.8709334520125909
9317,0.8709662764499387
9318,0.8710620230115365
9319,0.8711970818328992
9320,0.8713088647412
9321,0.8713108994944423
9322,0.8715033141322525
9323,0.8717887590212308
9324,0.8718081084411913
9325,0.871865281504038
9326,0.8718761117558003
9327,0.872015670329291
9328,0.8720635066597067
9329,0.8721220391027339
9330,0.872133677217066
9331,0.8721682453889003
9332,0.8722930763694547
9333,0.8725916344478508
9334,0.8726236680582554
9335,0.8727091034037808
9336,0.8727319885998603
9337,0.8727372582915318
9338,0.8728204357410954
9339,0.8729615314801028
9340,0.8731625302925965
9341,0.8731732117062871
9342,0.8732055313033683
9343,0.8732172055123748
9344,0.8732453658581798
9345,0.8734664960416934
9346,0.8734692929960601
9347,0.8736015159014743
9348,0.8736675139702746
9349,0.8737232683680344
9350,0.8738927318001246
9351,0.873952314769805
9352,0.8739946351583319
9353,0.8743417772443179
9354,0.8743657935733331
9355,0.8744556306653501
9356,0.8745135358609543
9357,0.8746143291450035
9358,0.8747109653143674
9359,0.8747523987060002
9360,0.8747700338643088
9361,0.8749815928895328
9362,0.8750477173593902
9363,0.8751348731565072
9364,0.8751700065611456
9365,0.8752249496930546
9366,0.8752510538407833
9367,0.8752967481199447
9368,0.8753205581899175
9369,0.8755105960374783
9370,0.8755877728593088
9371,0.8755976466568859
9372,0.8756546139373989
9373,0.8756627976374352
9374,0.8757127554458164
9375,0.8757750948409
9376,0.8758299249377051
9377,0.8758328157612162
9378,0.8759157088836377
9379,0.8759401437431751
9380,0.8759788143428824
9381,0.8760378354067198
9382,0.8761370215901889
9383,0.8761755872733852
9384,0.8762936910617418
9385,0.8763999004529159
9386,0.8764489155902818
9387,0.8764505341672034
9388,0.8764564470106213
9389,0.8765813771298652
9390,0.8766036385519325
9391,0.8766320151587615
9392,0.8767670352065611
9393,0.8769354040963747
9394,0.8770980572220577
9395,0.8772598727663758
9396,0.8772782057455373
9397,0.8773128056444877
9398,0.8773291819285007
9399,0.8773478664825378
9400,0.8774303893834734
9401,0.8774916233105705
9402,0.8775477475872198
9403,0.877552704347091
9404,0.8776329763857204
9405,0.8776860324618988
9406,0.8776888582591067
9407,0.8777165160103467
9408,0.8777607638619818
9409,0.8779041662334538
9410,0.8780180801837645
9411,0.8781050778947151
9412,0.8781081479898414
9413,0.878130249049425
9414,0.8782683525772033
9415,0.8783235055250815
9416,0.8783535891804426
9417,0.8786124541867646
9418,0.8788098381517268
9419,0.8791138600648192
9420,0.879268364072214
9421,0.8795169777802452
9422,0.8795534769084201
9423,0.8796525207834829
9424,0.8796678912077378
9425,0.879774976414978
9426,0.8800171502252565
9427,0.8800312749585103
9428,0.8801690977968991
9429,0.8803839870291879
9430,0.8807501866068629
9431,0.8808407454165107
9432,0.8809227960198641
9433,0.8813617560263399
9434,0.8814170261374851
9435,0.8814902653780486
9436,0.8815290172813259
9437,0.8815439742003823
9438,0.8815677035377864
9439,0.8815825122745625
9440,0.8815982369416007
9441,0.88163189529465
9442,0.8816570019977148
9443,0.8817564150832047
9444,0.8817802781678674
9445,0.8817856440398119
9446,0.8818884463297476
9447,0.8820534004814133
9448,0.8823133628579828
9449,0.8823319089004484
9450,0.8823430133441177
9451,0.8823797588319003
9452,0.8824687094113933
9453,0.8824699755631208
9454,0.8826421778349526
9455,0.8826601016698497
9456,0.8827774067848276
9457,0.8828216928493523
9458,0.8828309991906438
9459,0.8828352867241259
9460,0.8829268675140479
9461,0.883061395602406
9462,0.8831556202819747
9463,0.8832696785368578
9464,0.8836024911260338
9465,0.8837400766028882
9466,0.883814235104414
9467,0.8838375824895491
9468,0.8839251405540753
9469,0.8839436192670774
9470,0.8840134816905667
9471,0.884057087562799
9472,0.8841290743875133
9473,0.8841405682621417
9474,0.88419122733209
9475,0.8845258513271684
9476,0.884618245219295
9477,0.8846385667781453
9478,0.8846543821927888
9479,0.8848542226675046
9480,0.8848834305844958
9481,0.8849160555208238
9482,0.8849546038197467
9483,0.8853027214349592
9484,0.8853322120249616
9485,0.8853793455000172
9486,0.8855891310216217
9487,0.8856697494861887
9488,0.8856822612688161
9489,0.8858531332915025
9490,0.885996785227225
9491,0.8861155662142796
9492,0.886143670800055
9493,0.8861589358143063
9494,0.8862020450615031
9495,0.8862633442696621
9496,0.8863529224626955
9497,0.8865432750766548
9498,0.8867356796015029
9499,0.8867811572301854
9500,0.8869413546855192
9501,0.8871529374870458
9502,0.887253864515503
9503,0.8876079979055937
9504,0.8876496162761225
9505,0.8876715651980016
9506,0.8877314924595741
9507,0.8878674492719854
9508,0.8880626782415543
9509,0.8880963499593523
9510,0.8881325287233671
9511,0.8881758122785726
9512,0.8882356754738716
9513,0.888353568740362
9514,0.8884118529149806
9515,0.8884556440528115
9516,0.8885118483903062
9517,0.888637419823898
9518,0.888767339869835
9519,0.888794504674342
9520,0.888850858330287
9521,0.8888923803989361
9522,0.8889490342941314
9523,0.8889642267653515
9524,0.8890719126391734
9525,0.8894875667237355
9526,0.8895673431578707
9527,0.8896095617774329
9528,0.8897211281069372
9529,0.8897469164445302
9530,0.890017426300221
9531,0.8901011918496384
9532,0.8902352454841234
9533,0.8903345355073012
9534,0.8904198039496835
9535,0.8904416874990274
9536,0.8904925245350039
9537,0.8906281326282441
9538,0.8906519064971712
9539,0.8907239522812308
9540,0.8907786943427645
9541,0.8909757658779849
9542,0.8910192674979277
9543,0.8910240025218875
9544,0.891169834052049
9545,0.8912296160746055
9546,0.8914748559315303
9547,0.8915861377035703
9548,0.8917706974607525
9549,0.8919625860040505
9550,0.8919781245073842
9551,0.8921444739996218
9552,0.8922957463236533
9553,0.8926019389678319
9554,0.892811228968544
9555,0.8928697518357652
9556,0.892984491519353
9557,0.893059682219287
9558,0.8930976660214381
9559,0.8931982405469372
9560,0.8932878707058668
9561,0.8933348483056027
9562,0.8933667051312704
9563,0.8934112052227374
9564,0.893562685999736
9565,0.8935784942461578
9566,0.8935827767213913
9567,0.8935981688574525
9568,0.8938484335475029
9569,0.8938989547717419
9570,0.8939440359535125
9571,0.893998670531694
9572,0.8944305311194418
9573,0.8945409923739697
9574,0.894721957327346
9575,0.8947357376846587
9576,0.8952704510600474
9577,0.8953517422361472
9578,0.8956087793659703
9579,0.8957018231334297
9580,0.89579346806652
9581,0.8959317565371518
9582,0.8959759627910772
9583,0.8960157741081328
9584,0.8961387653759416
9585,0.8962108703666415
9586,0.8962340514643764
9587,0.8962834779572675
9588,0.8962877414068096
9589,0.8963692945146415
9590,0.8964706734282094
9591,0.8964994284427338
9592,0.8965637283375211
9593,0.8967124746998358
9594,0.896809684246212
9595,0.8969186930379948
9596,0.8969971596256862
9597,0.8970036498723464
9598,0.8970660803700188
9599,0.8970984626215773
9600,0.8973932013364708
9601,0.8974620697410945
9602,0.8974801952738489
9603,0.8974821263189624
9604,0.8975745162383826
9605,0.8975834844639295
9606,0.8976412136244685
9607,0.8977308282041485
9608,0.8977823458832284
9609,0.8977836209551111
9610,0.8979344942744395
9611,0.8980161796019903
9612,0.8980254448192488
9613,0.8981544323995608
9614,0.898230122040605
9615,0.8982676635508356
9616,0.8984858774198308
9617,0.8985207953206767
9618,0.8985231454182442
9619,0.8985979810408546
9620,0.8986760101190986
9621,0.8988263394503281
9622,0.8988676192073882
9623,0.8992340971885502
9624,0.8992837580503825
9625,0.8992881365554923
9626,0.8993526519681837
9627,0.8994153011968198
9628,0.8994216880065837
9629,0.8996234131481649
9630,0.8996309321941118
9631,0.8996623252755136
9632,0.8997322648093492
9633,0.8998362131560746
9634,0.8998434454469898
9635,0.8998620841033503
9636,0.9000296531814813
9637,0.9001508883242146
9638,0.9001629136969422
9639,0.9003739865522915
9640,0.900376396267308
9641,0.900480566720385
9642,0.9007252745692104
9643,0.9012631266916951
9644,0.9013759784312437
9645,0.9014117531552129
9646,0.9014322719878229
9647,0.9017675048540621
9648,0.901769608865479
9649,0.9019561358182329
9650,0.9019967352217069
9651,0.9020154630693644
9652,0.9021366490052869
9653,0.9021418489985003
9654,0.9022720946717775
9655,0.902561941137056
9656,0.9025649247969101
9657,0.9025714537893385
9658,0.9026051343143224
9659,0.9027004486817558
9660,0.9028654123699136
9661,0.9029101490900758
9662,0.9030445287168013
9663,0.9033313998081983
9664,0.9033701630990799
9665,0.9034740836154915
9666,0.90353098847758
9667,0.9035338694738452
9668,0.9036845523447474
9669,0.9036999644258551
9670,0.9037195678564727
9671,0.9037335225356206
9672,0.9037883813043419
9673,0.904120792042507
9674,0.9042680183551018
9675,0.9044789452690452
9676,0.9044971765984571
9677,0.9045930437066103
9678,0.9046153225896616
9679,0.9047901097200965
9680,0.9048789663408653
9681,0.904911228296241
9682,0.9050314040214044
9683,0.9051890207647127
9684,0.9053124394616197
9685,0.9055098152423384
9686,0.9055275204337985
9687,0.9056019666211399
9688,0.9057538591190777
9689,0.9057856472922448
9690,0.9058497073639602
9691,0.9058645668467272
9692,0.9059152334853037
9693,0.9059752066588342
9694,0.9060450502479823
9695,0.9060812148621299
9696,0.9061291473198002
9697,0.906181020739115
9698,0.9062738280824238
9699,0.9064502521085013
9700,0.9065174010934844
9701,0.9066368261653849
9702,0.9066412691069808
9703,0.9066550787207062
9704,0.9066855594973185
9705,0.9067132585475064
9706,0.9067230914477735
9707,0.9068651142674817
9708,0.9069200638935188
9709,0.9070644814921806
9710,0.9070712987740273
9711,0.9070946489925835
9712,0.9072212224846131
9713,0.9072280185726376
9714,0.907317722430401
9715,0.9073959970781682
9716,0.9074623446523005
9717,0.9077210882235472
9718,0.9078945911232204
9719,0.9079012738038306
9720,0.9079942234666452
9721,0.9080645424305422
9722,0.9084263845798151
9723,0.9084454431845866
9724,0.9085752210517224
9725,0.9085888966538721
9726,0.9086472184039028
9727,0.9086715745898977
9728,0.9088040917914003
9729,0.9092071382128073
9730,0.9092306642145991
9731,0.9093036320026765
9732,0.909653875081435
9733,0.9099639728215166
9734,0.9101298527350192
9735,0.9101572258246563
9736,0.9101743100956834
9737,0.910183768354586
9738,0.9101946138627467
9739,0.9101950619281807
9740,0.9103315124825284
9741,0.9103864576043351
9742,0.9104341143973188
9743,0.9106893270081868
9744,0.9107034409070851
9745,0.9107497198144748
9746,0.9109195215554815
9747,0.9109457795972555
9748,0.9109499691893184
9749,0.9109762860865737
9750,0.9109791426760836
9751,0.9110325202611982
9752,0.9111438619504817
9753,0.9112242037978043
9754,0.9114491152471991
9755,0.9114542433231092
9756,0.911485925975164
9757,0.9116322203080124
9758,0.9116488489383093
9759,0.9116730231802274
9760,0.9116826949595476
9761,0.9118497341938491
9762,0.9119186105442212
9763,0.9120014343496099
9764,0.9121204771430242
9765,0.9122186543883632
9766,0.9122843890914978
9767,0.9122942323736738
9768,0.9125470250310805
9769,0.9126143428798416
9770,0.9127588225506152
9771,0.9128844244687984
9772,0.9130547343816322
9773,0.9131158903382802
9774,0.9133160653597882
9775,0.9133829213244484
9776,0.913459016459344
9777,0.9135289797841086
9778,0.9135842697245118
9779,0.9136297559014538
9780,0.9136468915512576
9781,0.9137637814326595
9782,0.9139641480552487
9783,0.9140951905431072
9784,0.9144981864981491
9785,0.9145800905216201
9786,0.9149240494868057
9787,0.9149733318678139
9788,0.9153581199005507
9789,0.9155965770233799
9790,0.9156214897465248
9791,0.9157757027573245
9792,0.9157848357404982
9793,0.916163441018635
9794,0.9163842529045364
9795,0.9164214760667063
9796,0.9164663948143661
9797,0.9166824656468413
9798,0.916808707035256
9799,0.916860740637885
9800,0.9171830252009013
9801,0.9173350805020772
9802,0.9173949432413221
9803,0.9176134438397965
9804,0.9176570028345996
9805,0.9176663647280545
9806,0.9178472334141448
9807,0.9178758047218233
9808,0.9178782756639949
9809,0.9178925860914937
9810,0.9181686818048753
9811,0.9181933471806996
9812,0.9182138584345253
9813,0.9183092592276324
9814,0.918361982863858
9815,0.9185906946383053
9816,0.9188290381633264
9817,0.918863560264344
9818,0.9189295080345571
9819,0.9189458525355283
9820,0.9190598377622515
9821,0.9191863374012137
9822,0.9192324427836974
9823,0.9193080009707308
9824,0.9193811292172664
9825,0.9195566865592293
9826,0.9198006642987814
9827,0.9199939090378593
9828,0.9201219077906613
9829,0.9202344470592706
9830,0.9202547363759722
9831,0.9202733734580208
9832,0.9204803606702625
9833,0.9205252222761431
9834,0.9206345787865722
9835,0.9207564613877661
9836,0.9208157839660395
9837,0.9208981215551952
9838,0.9210616147886409
9839,0.9211544193095635
9840,0.9211997386052352
9841,0.9212363946689179
9842,0.9213150622868981
9843,0.9214969660119539
9844,0.9219839660381817
9845,0.9220131489771413
9846,0.9220266268088613
9847,0.9220843991795055
9848,0.922099475061436
9849,0.9221846963541183
9850,0.9222031838551684
9851,0.9225699885003718
9852,0.9227365069134313
9853,0.9228343733559597
9854,0.9228355685946519
9855,0.92285131125459
9856,0.9229051991806213
9857,0.923065953433376
9858,0.9231513977023309
9859,0.9232179332667179
9860,0.9233604126201502
9861,0.9234015078586542
9862,0.9234381957107236
9863,0.9234463225125131
9864,0.9235089301119673
9865,0.9236168672443922
9866,0.9236251446292596
9867,0.923795192995452
9868,0.9238138224476065
9869,0.9238800818962482
9870,0.9239865799502085
9871,0.9240805982003417
9872,0.9242656368717633
9873,0.9242938206136135
9874,0.9244600606146617
9875,0.9246527348832775
9876,0.9248152048968412
9877,0.9248348407149647
9878,0.9248386055856221
9879,0.9248764097632152
9880,0.9249215142640951
9881,0.9249876462087396
9882,0.9250562278363125
9883,0.92508680999491
9884,0.9251564444681732
9885,0.925179912680583
9886,0.9252508481444295
9887,0.9252679435523625
9888,0.9253015534179644
9889,0.925402038437889
9890,0.9254950757171571
9891,0.9255645403163033
9892,0.925909205584577
9893,0.9259321851606447
9894,0.9259957923656352
9895,0.9260140986781875
9896,0.9260438972658659
9897,0.9261063155060067
9898,0.9261256984918688
9899,0.9261495602303078
9900,0.9261880275383592
9901,0.926365243912182
9902,0.9263988326335103
9903,0.9264432966572987
9904,0.9264534816170648
9905,0.9266851485872925
9906,0.9268999759194033
9907,0.9270038259797915
9908,0.9270591810976958
9909,0.9271007639789876
9910,0.9272011865255478
9911,0.9274240737435623
9912,0.9274720681945131
9913,0.9277086849918768
9914,0.9278808769749166
9915,0.9279944428222743
9916,0.9282056052539476
9917,0.9282687432918297
9918,0.928519647168422
9919,0.928532765802368
9920,0.9285449360045257
9921,0.9285882037964449
9922,0.9286056499486349
9923,0.9286242714207404
9924,0.9286357686520669
9925,0.9286614709243981
9926,0.9286899282636626
9927,0.9288837199000648
9928,0.9289350906988842
9929,0.9290340386864553
9930,0.9292284855498287
9931,0.9293375305230533
9932,0.9295236438258621
9933,0.9295666148550774
9934,0.9295888405671711
9935,0.9297282820972571
9936,0.9297947098895011
9937,0.929797060238396
9938,0.9301487429288718
9939,0.9301784165834801
9940,0.9302564455871358
9941,0.9303396318395813
9942,0.9303899970694413
9943,0.9304188978352698
9944,0.9305151869981213
9945,0.930590789730359
9946,0.9306553798012959
9947,0.930766829262984
9948,0.9307695007891456
9949,0.9308448701134684
9950,0.9308828350751046
9951,0.9309171139271913
9952,0.9313189050191313
9953,0.9313293951298889
9954,0.9313399104420688
9955,0.9314371171683252
9956,0.9314971672218005
9957,0.9315985907053557
9958,0.9316304334007516
9959,0.931699442207023
9960,0.9317060797921698
9961,0.9317124330144686
9962,0.931747819399726
9963,0.9317519396767117
9964,0.931818994478442
9965,0.9318361992958692
9966,0.9318874387543596
9967,0.9320955854533286
9968,0.9321319670144629
9969,0.9321452585974849
9970,0.9321683177409791
9971,0.9321812336362019
9972,0.9322421424533578
9973,0.9322966560741048
9974,0.9323802441975965
9975,0.93256837732643
9976,0.9326307211300089
9977,0.9326309468773416
9978,0.9328442088826798
9979,0.9329793931676928
9980,0.9332590615728794
9981,0.9333003739251652
9982,0.9335456505574342
9983,0.933927639483086
9984,0.9340914540555022
9985,0.9344199752717183
9986,0.9347723860817597
9987,0.934784103507806
9988,0.9348239057302135
9989,0.9348776765168101
9990,0.9350159926200163
9991,0.9350384183981871
9992,0.9351690143056132
9993,0.9352377057313809
9994,0.9353609973231557
9995,0.9354319011057101
9996,0.9354498841898329
9997,0.9354689925307093
9998,0.9357737218077923
9999,0.9358220950973871
10000,0.9359557874301353
10001,0.935967262635646
10002,0.9359714357520145
10003,0.9359898280764597
10004,0.9360097890427103
10005,0.9360522779508897
10006,0.9361304827695887
10007,0.9361528287184637
10008,0.936308012850081
10009,0.936344319583729
10010,0.9363865593413695
10011,0.9363931530732853
10012,0.93641367235643
10013,0.9366103109179481
10014,0.9366385365807304
10015,0.9366392017408341
10016,0.9366958050037234
10017,0.9367199284236888
10018,0.9367545434912739
10019,0.9368166732897455
10020,0.9369265770802727
10021,0.9370448993374288
10022,0.9370460478153678
10023,0.9371874324700831
10024,0.9372218466737079
10025,0.9373347674033051
10026,0.9376059644350003
10027,0.9376224401441977
10028,0.9376686634742083
10029,0.9377034357856214
10030,0.938075722734456
10031,0.9381233114449782
10032,0.9381712966644135
10033,0.9382362596583239
10034,0.9384352808472095
10035,0.9384567897127482
10036,0.938605726978172
10037,0.9386106253791772
10038,0.9387290211409374
10039,0.9387589631373311
10040,0.9388177799580062
10041,0.9388558488002035
10042,0.9389989750403699
10043,0.9391234158076258
10044,0.9392131825527793
10045,0.9393383528750014
10046,0.9394969911963286
10047,0.9396467810018074
10048,0.9397324910043365
10049,0.9397693886944857
10050,0.9397990670038588
10051,0.940312072894937
10052,0.9403181918527205
10053,0.9404214813741456
10054,0.9405463893648655
10055,0.9405748584051061
10056,0.9407059647502924
10057,0.9407400387373267
10058,0.9407420108705389
10059,0.9408522965084645
10060,0.9408855804475207
10061,0.9409048515838876
10062,0.9410716944069581
10063,0.9411146714349288
10064,0.9411321975067399
10065,0.9412411813555062
10066,0.9413305722027712
10067,0.9413367978949962
10068,0.9413791533127346
10069,0.9414033392131694
10070,0.9414955199177018
10071,0.9415398576140572
10072,0.941559021826389
10073,0.9415737064355515
10074,0.941591827596422
10075,0.9416265461939677
10076,0.9418193862282203
10077,0.9419154417403581
10078,0.9419347187247331
10079,0.942069774433377
10080,0.9420750133925574
10081,0.942228167138063
10082,0.9422650178589854
10083,0.9423642895980956
10084,0.9423855458175248
10085,0.9423944949652866
10086,0.9424166991185302
10087,0.9424244418475161
10088,0.9424437269023719
10089,0.9424450035413404
10090,0.9424593760670761
10091,0.9425441749585801
10092,0.9426658208152386
10093,0.9428558351453541
10094,0.942879823385137
10095,0.9428957576415831
10096,0.9430290939311328
10097,0.9430629192535317
10098,0.9431293467067836
10099,0.9435652404722975
10100,0.9435929844887098
10101,0.9436547292048909
10102,0.9439133096378182
10103,0.9439786119522666
10104,0.9440109518815454
10105,0.9441028690171651
10106,0.9441913484118105
10107,0.9442036515916821
10108,0.9442683314085156
10109,0.9443077692507915
10110,0.9443400006099486
10111,0.9445331722702327
10112,0.9445641730416174
10113,0.9450543577221997
10114,0.9451732986486079
10115,0.9452492782233974
10116,0.9453117966787141
10117,0.9453420822905818
10118,0.9453460795440333
10119,0.9455247826332213
10120,0.9455449997757384
10121,0.9458082865566992
10122,0.9458273234892727
10123,0.946073579246101
10124,0.9460793526742641
10125,0.9460990257298595
10126,0.9462422208405032
10127,0.9463454045575392
10128,0.9463767431646443
10129,0.946486551473344
10130,0.9464965095469605
10131,0.9465172609741306
10132,0.946537620335345
10133,0.9467964200514202
10134,0.9468524957435835
10135,0.947017666793691
10136,0.9470322167837586
10137,0.9471616512143838
10138,0.9472973476936154
10139,0.947374258160753
10140,0.9476562874468226
10141,0.9476592423036286
10142,0.9480269692811386
10143,0.948033827622295
10144,0.9481094055507342
10145,0.9481229011862111
10146,0.9481285287480575
10147,0.9482338667129965
10148,0.9484865030472962
10149,0.9486409792254507
10150,0.9487351878979319
10151,0.9487489420565843
10152,0.9488302200025006
10153,0.9489100691421529
10154,0.9493958747812086
10155,0.9494805295088616
10156,0.9495150807447749
10157,0.9495399338665165
10158,0.9495930545002969
10159,0.9496103466191619
10160,0.9497110180600448
10161,0.9498887500155238
10162,0.9499325095816048
10163,0.9499965346558682
10164,0.9500309455032963
10165,0.9500731494414322
10166,0.950128889437046
10167,0.9501726355705051
10168,0.9502573949349373
10169,0.9503069108438976
10170,0.9504784180231055
10171,0.9506024805629751
10172,0.9507354612691411
10173,0.9508236889696133
10174,0.950830898444826
10175,0.9508538168926406
10176,0.9509430992871263
10177,0.9511894026741572
10178,0.9513348956062946
10179,0.9514317610355879
10180,0.9514625756314274
10181,0.9515409335838385
10182,0.9515992170396287
10183,0.9517088228224089
10184,0.9517509764438172
10185,0.9518645408880686
10186,0.9519398179514676
10187,0.9519728850762756
10188,0.9521741202208747
10189,0.9523265443891166
10190,0.9524881708060444
10191,0.9525854116752998
10192,0.9528044481538235
10193,0.9529561037366084
10194,0.9529848408999907
10195,0.9529854647204651
10196,0.9530488702584905
10197,0.9530700618192771
10198,0.9531523541537631
10199,0.9534792469794685
10200,0.9536397500375492
10201,0.9538700458180357
10202,0.9540653588749833
10203,0.9540880771011242
10204,0.9543334103862053
10205,0.9543682042537117
10206,0.9545718336882056
10207,0.9546069164437178
10208,0.9546553855814588
10209,0.9546646534822378
10210,0.9547062965264572
10211,0.9548006777763638
10212,0.9548139700762839
10213,0.9549953692111026
10214,0.9551727803864698
10215,0.9552250739178544
10216,0.9554457345888806
10217,0.9555015807558565
10218,0.9555137179058727
10219,0.9555394818471297
10220,0.9555483287104963
10221,0.9560395795174824
10222,0.9560684253074603
10223,0.9560925330283012
10224,0.956183187802819
10225,0.956291235953129
10226,0.9563178758961857
10227,0.9564881194424153
10228,0.9565263941857084
10229,0.9566696853096128
10230,0.9567896127656723
10231,0.9569428290592255
10232,0.9569634134079661
10233,0.9573259847666804
10234,0.9573883975530402
10235,0.957454462500642
10236,0.9577123437500654
10237,0.9577540835620189
10238,0.9577782309022517
10239,0.9578072391458098
10240,0.9580176127921118
10241,0.9581291158588836
10242,0.958152798774353
10243,0.9581659073812058
10244,0.9581818645502932
10245,0.9582437356251063
10246,0.9583899033181322
10247,0.9584285145421902
10248,0.9585497665723861
10249,0.958641102894938
10250,0.9587435974807452
10251,0.9587707457449612
10252,0.9588798008486795
10253,0.958903188942227
10254,0.9590830940450827
10255,0.9596238956560609
10256,0.9596654395933736
10257,0.9596990638275484
10258,0.9598259460483763
10259,0.9598636906375042
10260,0.9600196795783189
10261,0.9600367498569569
10262,0.9600711719470975
10263,0.9602276378851489
10264,0.9603263811867754
10265,0.9604789589660656
10266,0.9605530108514336
10267,0.9606516354731184
10268,0.9607451432358239
10269,0.9608346885791077
10270,0.9608575197475921
10271,0.9609350414701793
10272,0.9610716665013173
10273,0.961217321987385
10274,0.9613264974078841
10275,0.9613364181705316
10276,0.9613736435008275
10277,0.961375726326199
10278,0.9614640728039605
10279,0.9618771381661984
10280,0.9620608272018203
10281,0.962126179054293
10282,0.9622400620698167
10283,0.9625684980628559
10284,0.9626597064339438
10285,0.9626889975722321
10286,0.9628441929800332
10287,0.962881888071409
10288,0.96288640317928
10289,0.9629704667960747
10290,0.9629807535724626
10291,0.9629851797347508
10292,0.9631961073341574
10293,0.9632341925488183
10294,0.9632642092808282
10295,0.9634270847483065
10296,0.9636845726009582
10297,0.9638842227860221
10298,0.9644087331048554
10299,0.9644637400433204
10300,0.9645150872087112
10301,0.9647273533715207
10302,0.964794147638624
10303,0.9650202084984746
10304,0.9650848777334635
10305,0.9650947495900137
10306,0.96509607080635
10307,0.9651616046656007
10308,0.9651630173687243
10309,0.9653142957985964
10310,0.9654002821790341
10311,0.9654789777865493
10312,0.9656258650929341
10313,0.9659234468135571
10314,0.9661907239087506
10315,0.9662616811618348
10316,0.9663665001140954
10317,0.9664020452574655
10318,0.9664092513743554
10319,0.9664545047736066
10320,0.9665758946340128
10321,0.9666640734443274
10322,0.9666799774448757
10323,0.9667212927550042
10324,0.9669544759278574
10325,0.9670197525086294
10326,0.9671055262648257
10327,0.9672706616313964
10328,0.9673101208304302
10329,0.9673242948493873
10330,0.9673720866159466
10331,0.9674684641371947
10332,0.967481111735242
10333,0.9676132556461667
10334,0.9676267199504152
10335,0.9676342146938359
10336,0.9676762733149056
10337,0.9678609433022589
10338,0.9679922559927171
10339,0.9681725401013331
10340,0.9682285939104209
10341,0.968321957662841
10342,0.9687998461085098
10343,0.9688438013439167
10344,0.9689057934236713
10345,0.9689146947028534
10346,0.9689188948210157
10347,0.968957422598401
10348,0.969259921829882
10349,0.9694459740669761
10350,0.9695465221666024
10351,0.9696053791593346
10352,0.9697769331315085
10353,0.9701383676121699
10354,0.9702186618524771
10355,0.9703070912212859
10356,0.9703139692297931
10357,0.9703466447281742
10358,0.970415372791284
10359,0.9704712771777011
10360,0.9705065315940862
10361,0.9706976381061321
10362,0.9707725097425023
10363,0.9707813340063985
10364,0.9708929038048699
10365,0.9710856087479367
10366,0.9711346325409633
10367,0.971286236236677
10368,0.9714134430719459
10369,0.9714441275776198
10370,0.971678454478767
10371,0.9716903323090668
10372,0.971822414618056
10373,0.9718921652524677
10374,0.9722772471025298
10375,0.9724110671779007
10376,0.9724854759716124
10377,0.9725062455624867
10378,0.9725313601354456
10379,0.9725889853810091
10380,0.9726231416715744
10381,0.9728525486519967
10382,0.9729899477568988
10383,0.9731229335623575
10384,0.9731234491834146
10385,0.9731769151920733
10386,0.9732398794102493
10387,0.973266482626474
10388,0.9733495356272367
10389,0.973439993729876
10390,0.9735368844906848
10391,0.9736687217451316
10392,0.9740031245727514
10393,0.9741458574126393
10394,0.9741887695410324
10395,0.9742530681002028
10396,0.9742731469457565
10397,0.9743026602987037
10398,0.9743285434772142
10399,0.974538996239569
10400,0.9746141063904706
10401,0.9746201191912616
10402,0.9747674596873038
10403,0.9750115416898034
10404,0.9750995306337396
10405,0.9754295869999722
10406,0.9755057754697642
10407,0.9756618544293346
10408,0.9757190078158098
10409,0.9758071825211447
10410,0.9759357052771117
10411,0.9761545087595862
10412,0.9761851585810972
10413,0.9762788709946185
10414,0.9765347045638219
10415,0.9765410574323513
10416,0.976546079446018
10417,0.9765554566704325
10418,0.976584686925962
10419,0.9765963461018398
10420,0.9767671767655461
10421,0.9768470626958148
10422,0.976886151889756
10423,0.9769983071581707
10424,0.9771377214233747
10425,0.9771436292517055
10426,0.9771444485711965
10427,0.9771876527403136
10428,0.9775054279873503
10429,0.9775989084957524
10430,0.9777740820667117
10431,0.9778511322526008
10432,0.9779332995387013
10433,0.9779721442748273
10434,0.9780852515551349
10435,0.9780892404152759
10436,0.9780906320149889
10437,0.978134750056422
10438,0.9781557333700093
10439,0.9781666439698298
10440,0.9782293913689495
10441,0.9783719458389917
10442,0.9783859457881539
10443,0.9784580850186079
10444,0.9786711019922525
10445,0.9787137574496965
10446,0.978762238471885
10447,0.9788214563902828
10448,0.9788417437860294
10449,0.9789914716552708
10450,0.979082934395062
10451,0.9791226907183281
10452,0.9795394405461222
10453,0.9795451934718242
10454,0.979662592285635
10455,0.979686497595954
10456,0.9797037951318758
10457,0.9799145041694969
10458,0.9799651653500275
10459,0.9799843817181144
10460,0.9799875543634556
10461,0.9800120053797023
10462,0.9801327910068942
10463,0.9801855888587813
10464,0.9803921545177146
10465,0.9804109698812229
10466,0.9805133579541909
10467,0.980770878306428
10468,0.9809455366470259
10469,0.9810162993420771
10470,0.9810693537213326
10471,0.981081615499581
10472,0.9811316519725829
10473,0.9811472659518529
10474,0.9811756238879269
10475,0.9815148542408004
10476,0.9815328859574162
10477,0.9816766444594394
10478,0.9818347857218181
10479,0.9819769059881395
10480,0.982043783639497
10481,0.9820822396867218
10482,0.9822369523791356
10483,0.9823290703817145
10484,0.9823952764009776
10485,0.9824335109913648
10486,0.9826384609054826
10487,0.9826579031860833
10488,0.9827174231918052
10489,0.9827681583683814
10490,0.9827939079086468
10491,0.9828257948490892
10492,0.983059245037687
10493,0.9832526220368307
10494,0.9834031126144854
10495,0.9834340615556415
10496,0.9835274862453822
10497,0.9837282392377653
10498,0.9838240067493867
10499,0.9839320022348748
10500,0.984089125369704
10501,0.9842955733258626
10502,0.9844218827909914
10503,0.9845091978708993
10504,0.9846529268588969
10505,0.984826725410423
10506,0.9849468024460042
10507,0.98495614811992
10508,0.9850361278602362
10509,0.9850554459318481
10510,0.9851027799391446
10511,0.9852537653395004
10512,0.9852863520397909
10513,0.9853515582975649
10514,0.9855966088984625
10515,0.9857381881642837
10516,0.9857924755770556
10517,0.9860901677125127
10518,0.9863246969246895
10519,0.9864590614917976
10520,0.9866493090041164
10521,0.9869380955431848
10522,0.986961337410769
10523,0.986971743744587
10524,0.9870397481662415
10525,0.9871885781783202
10526,0.9872892490426913
10527,0.9873897981132274
10528,0.9874855801145781
10529,0.9875331768551869
10530,0.9875534638987797
10531,0.9876501942350847
10532,0.987795071789681
10533,0.987798453908157
10534,0.9878500945313444
10535,0.9879265295535054
10536,0.9883719475209269
10537,0.9886217943903594
10538,0.9886285171184246
10539,0.9886426948107897
10540,0.9886993699934947
10541,0.988773097094096
10542,0.9888097486834421
10543,0.988827980245965
10544,0.9888893847433742
10545,0.989023661196502
10546,0.9890327267903921
10547,0.9891077175657417
10548,0.9891218306663607
10549,0.9892218811868294
10550,0.9893379197831255
10551,0.9893905488300232
10552,0.9895709282820644
10553,0.9896859433900612
10554,0.9896859908662885
10555,0.9897257242813707
10556,0.9897315511344607
10557,0.9898699394906734
10558,0.9900653910393604
10559,0.9900957765089881
10560,0.9901024084040987
10561,0.9901427845408936
10562,0.9902878059267447
10563,0.9904402867369927
10564,0.9905922637025495
10565,0.9906057273532696
10566,0.9908028599673236
10567,0.9909590207538603
10568,0.9909590910392665
10569,0.9909661105682904
10570,0.9909749417707541
10571,0.9910008584628173
10572,0.9910368408539748
10573,0.9912149551927246
10574,0.9912377354335731
10575,0.9914405510312294
10576,0.9914828266344555
10577,0.9915886700483973
10578,0.9915977293687692
10579,0.9917286338788232
10580,0.9917658063587736
10581,0.9918120164966353
10582,0.9919626627213929
10583,0.9920302124000823
10584,0.9920331594987184
10585,0.9920335964503673
10586,0.9921251340215398
10587,0.9921373216605226
10588,0.9923052860130115
10589,0.9923381152878933
10590,0.9926397368961409
10591,0.9930573116762705
10592,0.9931005759057159
10593,0.9932106818048501
10594,0.9934368678355515
10595,0.9935388236661593
10596,0.9935506958660916
10597,0.9936090406226104
10598,0.9938653870839802
10599,0.9939190981897735
10600,0.9939390679417126
10601,0.994103745894166
10602,0.9941197814587301
10603,0.994235824597868
10604,0.9943422912291549
10605,0.9945071327206537
10606,0.9945911559093881
10607,0.9946026655507476
10608,0.9947963219578778
10609,0.9951221600969747
10610,0.9952066088140872
10611,0.9952586241379971
10612,0.9952592841878409
10613,0.9953219844088907
10614,0.995482577323738
10615,0.9957624266972516
10616,0.9960830612399542
10617,0.996194199286836
10618,0.9962116824898888
10619,0.9962277908638215
10620,0.9962502326056046
10621,0.9962911864363987
10622,0.9962970148243587
10623,0.9963192241471368
10624,0.9963429227332634
10625,0.9964175413210632
10626,0.996551316145665
10627,0.996618604243168
10628,0.9967299293624664
10629,0.9969660828301142
10630,0.9976928751705118
10631,0.9977943626921
10632,0.9980396151478149
10633,0.9981200227961364
10634,0.9985679924243381
10635,0.9986012653403868
10636,0.9988021597605591
10637,0.9988393354356104
10638,0.9988529774583331
10639,0.9988819818493675
10640,0.9989542797252058
10641,0.998975554626575
10642,0.9990127223052498
10643,0.999075137001599
10644,0.9990777668517585
10645,0.9993409776538709
10646,0.9994551506556218
10647,0.9994692845354529
10648,0.9994748538073498
10649,0.9996629361413433
10650,0.9999999999999988
