{
  "2_0": [
    -6.3022010747266e-06,
    0.0
  ],
  "2_1": [
    -1.088346702823147e-05,
    1.2201985332661522e-06
  ],
  "2_2": [
    -4.384605580043494e-06,
    -1.495779493765034e-05
  ],
  "2_-1": [
    -1.088346702823147e-05,
    -1.2201985332661522e-06
  ],
  "2_-2": [
    -4.384605580043494e-06,
    1.495779493765034e-05
  ],
  "3_0": [
    2.5093400888061322e-05,
    0.0
  ],
  "3_1": [
    3.5472282183118464e-06,
    1.0810890626237148e-05
  ],
  "3_2": [
    6.428884357971124e-06,
    6.8934188952650506e-06
  ],
  "3_3": [
    -9.108273555244415e-06,
    -8.617851815545951e-06
  ],
  "3_-1": [
    3.5472282183118464e-06,
    -1.0810890626237148e-05
  ],
  "3_-2": [
    6.428884357971124e-06,
    -6.8934188952650506e-06
  ],
  "3_-3": [
    -9.108273555244415e-06,
    8.617851815545951e-06
  ]
}