object_id,object_name,target_mass_class,selected_model_mass,progenitor_type,network,phase_name,stage_index,alpha,alpha_radius,gap_base,delta_logT_base,delta_logRho_base,delta_ye_base,delta_support_base,delta_energy_loss_base,composition_transition_count,gap_alpha,delta_logT_alpha,delta_logRho_alpha,delta_ye_alpha,delta_support_alpha,delta_energy_loss_alpha,gap_response_norm,thermal_response_norm,density_response_norm,composition_response_norm,support_response_norm,loss_response_norm,structural_response,phase_persistence_score,boundary_role_mode,composition_stage_mode,dominant_species_mode,alpha_status,instability_flag
A2_20M,20M_pre_supernova_single_profile,20M,19.98,single,128net,surface_envelope,1,0.5,0.5,0.0285764033005,0.35919909854,0.05080678167,8.56692000006e-07,0.5902410704,1.92865500001e-16,0,0.0142882016503,0.17959954927,0.025403390835,4.28346000003e-07,0.2951205352,9.64327500005e-17,1.04210837981,2.23409033867,0.113243042988,0.0222908349105,3.68973694659,2.26380057841e-16,1.10231109118,0.475666995335,surface_envelope,outer_envelope,h1,valid,no
A2_20M,20M_pre_supernova_single_profile,20M,19.98,single,128net,surface_envelope,1,0.55,0.45,0.0285764033005,0.35919909854,0.05080678167,8.56692000006e-07,0.5902410704,1.92865500001e-16,0,0.0157170218153,0.197559504197,0.0279437299185,4.71180600003e-07,0.32463258872,1.06076025001e-16,0.937897541828,2.0106813048,0.101918738689,0.0200617514194,3.32076325193,2.03742052057e-16,0.992079982062,0.501987876493,surface_envelope,outer_envelope,h1,valid,no
A2_20M,20M_pre_supernova_single_profile,20M,19.98,single,128net,surface_envelope,1,0.6,0.4,0.0285764033005,0.35919909854,0.05080678167,8.56692000006e-07,0.5902410704,1.92865500001e-16,0,0.0171458419803,0.215519459124,0.030484069002,5.14015200004e-07,0.35414464224,1.15719300001e-16,0.833686703847,1.78727227094,0.0905944343906,0.0178326679284,2.95178955728,1.81104046273e-16,0.881848872944,0.53139229955,surface_envelope,outer_envelope,h1,valid,no
A2_20M,20M_pre_supernova_single_profile,20M,19.98,single,128net,surface_envelope,1,0.65,0.35,0.0285764033005,0.35919909854,0.05080678167,8.56692000006e-07,0.5902410704,1.92865500001e-16,0,0.0185746621453,0.233479414051,0.0330244080855,5.56849800004e-07,0.38365669576,1.25362575001e-16,0.729475865866,1.56386323707,0.0792701300918,0.0156035844373,2.58281586262,1.58466040489e-16,0.771617763826,0.564455843929,surface_envelope,outer_envelope,h1,valid,no
A2_20M,20M_pre_supernova_single_profile,20M,19.98,single,128net,surface_envelope,1,0.7,0.3,0.0285764033005,0.35919909854,0.05080678167,8.56692000006e-07,0.5902410704,1.92865500001e-16,0,0.0200034823103,0.251439368978,0.035564747169,5.99684400004e-07,0.41316874928,1.35005850001e-16,0.625265027885,1.3404542032,0.067945825793,0.0133745009463,2.21384216796,1.35828034705e-16,0.661386654708,0.601906845204,surface_envelope,outer_envelope,h1,valid,no
A2_20M,20M_pre_supernova_single_profile,20M,19.98,single,128net,surface_envelope,1,0.75,0.25,0.0285764033005,0.35919909854,0.05080678167,8.56692000006e-07,0.5902410704,1.92865500001e-16,0,0.0214323024754,0.269399323905,0.0381050862525,6.42519000005e-07,0.4426808028,1.44649125001e-16,0.521054189905,1.11704516934,0.0566215214941,0.0111454174552,1.8448684733,1.13190028921e-16,0.55115554559,0.644680672318,surface_envelope,outer_envelope,h1,valid,no
A2_20M,20M_pre_supernova_single_profile,20M,19.98,single,128net,surface_envelope,1,0.8,0.2,0.0285764033005,0.35919909854,0.05080678167,8.56692000006e-07,0.5902410704,1.92865500001e-16,0,0.0228611226404,0.287359278832,0.040645425336,6.85353600005e-07,0.47219285632,1.54292400001e-16,0.416843351924,0.893636135468,0.0452972171953,0.0089163339642,1.47589477864,9.05520231366e-17,0.440924436472,0.693998918117,surface_envelope,outer_envelope,h1,valid,no
A2_20M,20M_pre_supernova_single_profile,20M,19.98,single,128net,surface_envelope,1,0.85,0.15,0.0285764033005,0.35919909854,0.05080678167,8.56692000006e-07,0.5902410704,1.92865500001e-16,0,0.0242899428054,0.305319233759,0.0431857644195,7.28188200005e-07,0.50170490984,1.63935675001e-16,0.312632513943,0.670227101601,0.0339729128965,0.00668725047315,1.10692108398,6.79140173524e-17,0.330693327354,0.75148794951,surface_envelope,outer_envelope,h1,valid,no
A2_20M,20M_pre_supernova_single_profile,20M,19.98,single,128net,surface_envelope,1,0.9,0.1,0.0285764033005,0.35919909854,0.05080678167,8.56692000006e-07,0.5902410704,1.92865500001e-16,0,0.0257187629705,0.323279188686,0.045726103503,7.71022800005e-07,0.53121696336,1.73578950001e-16,0.208421675962,0.446818067734,0.0226486085977,0.0044581669821,0.737947389319,4.52760115683e-17,0.220462218236,0.819361701705,surface_envelope,outer_envelope,h1,valid,no
A2_20M,20M_pre_supernova_single_profile,20M,19.98,single,128net,surface_envelope,1,0.95,0.05,0.0285764033005,0.35919909854,0.05080678167,8.56692000006e-07,0.5902410704,1.92865500001e-16,0,0.0271475831355,0.341239143613,0.0482664425865,8.13857400006e-07,0.56072901688,1.83222225001e-16,0.104210837981,0.223409033867,0.0113243042988,0.00222908349105,0.368973694659,2.26380057841e-17,0.110231109118,0.900713366602,surface_envelope,outer_envelope,h1,valid,no
A2_20M,20M_pre_supernova_single_profile,20M,19.98,single,128net,surface_envelope,1,1,0,0.0285764033005,0.35919909854,0.05080678167,8.56692000006e-07,0.5902410704,1.92865500001e-16,0,0.0285764033005,0.35919909854,0.05080678167,8.56692000006e-07,0.5902410704,1.92865500001e-16,0,0,0,0,0,0,0,1,surface_envelope,outer_envelope,h1,valid,no
A2_20M,20M_pre_supernova_single_profile,20M,19.98,single,128net,surface_envelope,1,1.05,0.05,0.0285764033005,0.35919909854,0.05080678167,8.56692000006e-07,0.5902410704,1.92865500001e-16,0,0.0300052234655,0.377159053467,0.0533471207535,8.99526600006e-07,0.61975312392,2.02508775001e-16,0.104210837981,0.223409033867,0.0113243042988,0.00222908349105,0.368973694659,2.26380057841e-17,0.110231109118,0.900713366602,surface_envelope,outer_envelope,h1,valid,no
A2_20M,20M_pre_supernova_single_profile,20M,19.98,single,128net,surface_envelope,1,1.1,0.1,0.0285764033005,0.35919909854,0.05080678167,8.56692000006e-07,0.5902410704,1.92865500001e-16,0,0.0314340436306,0.395119008394,0.055887459837,9.42361200007e-07,0.64926517744,2.12152050001e-16,0.208421675962,0.446818067734,0.0226486085977,0.0044581669821,0.737947389319,4.52760115683e-17,0.220462218236,0.819361701705,surface_envelope,outer_envelope,h1,valid,no
A2_20M,20M_pre_supernova_single_profile,20M,19.98,single,128net,surface_envelope,1,1.15,0.15,0.0285764033005,0.35919909854,0.05080678167,8.56692000006e-07,0.5902410704,1.92865500001e-16,0,0.0328628637956,0.413078963321,0.0584277989205,9.85195800007e-07,0.67877723096,2.21795325001e-16,0.312632513943,0.670227101601,0.0339729128965,0.00668725047315,1.10692108398,6.79140173524e-17,0.330693327354,0.75148794951,surface_envelope,outer_envelope,h1,valid,no
A2_20M,20M_pre_supernova_single_profile,20M,19.98,single,128net,surface_envelope,1,1.2,0.2,0.0285764033005,0.35919909854,0.05080678167,8.56692000006e-07,0.5902410704,1.92865500001e-16,0,0.0342916839606,0.431038918248,0.060968138004,1.02803040001e-06,0.70828928448,2.31438600001e-16,0.416843351924,0.893636135468,0.0452972171953,0.0089163339642,1.47589477864,9.05520231366e-17,0.440924436472,0.693998918117,surface_envelope,outer_envelope,h1,valid,no
A2_20M,20M_pre_supernova_single_profile,20M,19.98,single,128net,surface_envelope,1,1.25,0.25,0.0285764033005,0.35919909854,0.05080678167,8.56692000006e-07,0.5902410704,1.92865500001e-16,0,0.0357205041256,0.448998873175,0.0635084770875,1.07086500001e-06,0.737801338,2.41081875001e-16,0.521054189905,1.11704516934,0.0566215214941,0.0111454174552,1.8448684733,1.13190028921e-16,0.55115554559,0.644680672318,surface_envelope,outer_envelope,h1,valid,no
A2_20M,20M_pre_supernova_single_profile,20M,19.98,single,128net,surface_envelope,1,1.3,0.3,0.0285764033005,0.35919909854,0.05080678167,8.56692000006e-07,0.5902410704,1.92865500001e-16,0,0.0371493242907,0.466958828102,0.066048816171,1.11369960001e-06,0.76731339152,2.50725150001e-16,0.625265027885,1.3404542032,0.067945825793,0.0133745009463,2.21384216796,1.35828034705e-16,0.661386654708,0.601906845204,surface_envelope,outer_envelope,h1,valid,no
A2_20M,20M_pre_supernova_single_profile,20M,19.98,single,128net,surface_envelope,1,1.35,0.35,0.0285764033005,0.35919909854,0.05080678167,8.56692000006e-07,0.5902410704,1.92865500001e-16,0,0.0385781444557,0.484918783029,0.0685891552545,1.15653420001e-06,0.79682544504,2.60368425001e-16,0.729475865866,1.56386323707,0.0792701300918,0.0156035844373,2.58281586262,1.58466040489e-16,0.771617763826,0.564455843929,surface_envelope,outer_envelope,h1,valid,no
A2_20M,20M_pre_supernova_single_profile,20M,19.98,single,128net,surface_envelope,1,1.4,0.4,0.0285764033005,0.35919909854,0.05080678167,8.56692000006e-07,0.5902410704,1.92865500001e-16,0,0.0400069646207,0.502878737956,0.071129494338,1.19936880001e-06,0.82633749856,2.70011700001e-16,0.833686703847,1.78727227094,0.0905944343906,0.0178326679284,2.95178955728,1.81104046273e-16,0.881848872944,0.53139229955,surface_envelope,outer_envelope,h1,valid,no
A2_20M,20M_pre_supernova_single_profile,20M,19.98,single,128net,surface_envelope,1,1.45,0.45,0.0285764033005,0.35919909854,0.05080678167,8.56692000006e-07,0.5902410704,1.92865500001e-16,0,0.0414357847857,0.520838692883,0.0736698334215,1.24220340001e-06,0.85584955208,2.79654975001e-16,0.937897541828,2.0106813048,0.101918738689,0.0200617514194,3.32076325193,2.03742052057e-16,0.992079982062,0.501987876493,surface_envelope,outer_envelope,h1,valid,no
A2_20M,20M_pre_supernova_single_profile,20M,19.98,single,128net,surface_envelope,1,1.5,0.5,0.0285764033005,0.35919909854,0.05080678167,8.56692000006e-07,0.5902410704,1.92865500001e-16,0,0.0428646049508,0.53879864781,0.076210172505,1.28503800001e-06,0.8853616056,2.89298250001e-16,1.04210837981,2.23409033867,0.113243042988,0.0222908349105,3.68973694659,2.26380057841e-16,1.10231109118,0.475666995335,surface_envelope,outer_envelope,h1,valid,no
A2_20M,20M_pre_supernova_single_profile,20M,19.98,single,128net,surface_envelope,1,0.5,0.5,0.0249755174005,0.34512244342,0.07699570516,0.000146229698,0.4412955569,2.6036842e-15,0,0.0124877587003,0.17256122171,0.03849785258,7.3114849e-05,0.22064777845,1.3018421e-15,0.910793275817,2.14653856214,0.171615435238,3.80484708286,2.75864320922,3.05613072216e-15,1.53792050178,0.394023374372,surface_envelope,outer_envelope,h1,unstable,yes
A2_20M,20M_pre_supernova_single_profile,20M,19.98,single,128net,surface_envelope,1,0.55,0.45,0.0249755174005,0.34512244342,0.07699570516,0.000146229698,0.4412955569,2.6036842e-15,0,0.0137365345703,0.189817343881,0.042347637838,8.04263339e-05,0.242712556295,1.43202631e-15,0.819713948235,1.93188470593,0.154453891714,3.42436237457,2.4827788883,2.75051764994e-15,1.3841284516,0.419440487499,surface_envelope,outer_envelope,h1,valid,no
A2_20M,20M_pre_supernova_single_profile,20M,19.98,single,128net,surface_envelope,1,0.6,0.4,0.0249755174005,0.34512244342,0.07699570516,0.000146229698,0.4412955569,2.6036842e-15,0,0.0149853104403,0.207073466052,0.046197423096,8.77378188e-05,0.26477733414,1.56221052e-15,0.728634620654,1.71723084971,0.137292348191,3.04387766628,2.20691456738,2.44490457772e-15,1.23033640142,0.448362856545,surface_envelope,outer_envelope,h1,valid,no
A2_20M,20M_pre_supernova_single_profile,20M,19.98,single,128net,surface_envelope,1,0.65,0.35,0.0249755174005,0.34512244342,0.07699570516,0.000146229698,0.4412955569,2.6036842e-15,0,0.0162340863103,0.224329588223,0.050047208354,9.50493037e-05,0.286842111985,1.69239473e-15,0.637555293072,1.5025769935,0.120130804667,2.663392958,1.93105024645,2.13929150551e-15,1.07654435125,0.481569295353,surface_envelope,outer_envelope,h1,valid,no
A2_20M,20M_pre_supernova_single_profile,20M,19.98,single,128net,surface_envelope,1,0.7,0.3,0.0249755174005,0.34512244342,0.07699570516,0.000146229698,0.4412955569,2.6036842e-15,0,0.0174828621804,0.241585710394,0.053896993612,0.0001023607886,0.30890688983,1.82257894e-15,0.54647596549,1.28792313729,0.102969261143,2.28290824971,1.65518592553,1.83367843329e-15,0.922752301068,0.520087792611,surface_envelope,outer_envelope,h1,valid,no
A2_20M,20M_pre_supernova_single_profile,20M,19.98,single,128net,surface_envelope,1,0.75,0.25,0.0249755174005,0.34512244342,0.07699570516,0.000146229698,0.4412955569,2.6036842e-15,0,0.0187316380504,0.258841832565,0.05774677887,0.0001096722735,0.330971667675,1.95276315e-15,0.455396637908,1.07326928107,0.0858077176191,1.90242354143,1.37932160461,1.52806536108e-15,0.76896025089,0.565303827204,surface_envelope,outer_envelope,h1,valid,no
A2_20M,20M_pre_supernova_single_profile,20M,19.98,single,128net,surface_envelope,1,0.8,0.2,0.0249755174005,0.34512244342,0.07699570516,0.000146229698,0.4412955569,2.6036842e-15,0,0.0199804139204,0.276097954736,0.061596564128,0.0001169837584,0.35303644552,2.08294736e-15,0.364317310327,0.858615424857,0.0686461740953,1.52193883314,1.10345728369,1.22245228886e-15,0.615168200712,0.619130564581,surface_envelope,outer_envelope,h1,valid,no
A2_20M,20M_pre_supernova_single_profile,20M,19.98,single,128net,surface_envelope,1,0.85,0.15,0.0249755174005,0.34512244342,0.07699570516,0.000146229698,0.4412955569,2.6036842e-15,0,0.0212291897904,0.293354076907,0.065446349386,0.0001242952433,0.375101223365,2.21313157e-15,0.273237982745,0.643961568643,0.0514846305715,1.14145412486,0.827592962766,9.16839216647e-16,0.461376150534,0.684286519685,surface_envelope,outer_envelope,h1,valid,no
A2_20M,20M_pre_supernova_single_profile,20M,19.98,single,128net,surface_envelope,1,0.9,0.1,0.0249755174005,0.34512244342,0.07699570516,0.000146229698,0.4412955569,2.6036842e-15,0,0.0224779656604,0.310610199078,0.069296134644,0.0001316067282,0.39716600121,2.34331578e-15,0.182158655163,0.429307712428,0.0343230870476,0.760969416571,0.551728641844,6.11226144431e-16,0.307584100356,0.764769164544,surface_envelope,outer_envelope,h1,valid,no
A2_20M,20M_pre_supernova_single_profile,20M,19.98,single,128net,surface_envelope,1,0.95,0.05,0.0249755174005,0.34512244342,0.07699570516,0.000146229698,0.4412955569,2.6036842e-15,0,0.0237267415305,0.327866321249,0.073145919902,0.0001389182131,0.419230779055,2.47349999e-15,0.0910793275817,0.214653856214,0.0171615435238,0.380484708286,0.275864320922,3.05613072216e-16,0.153792050178,0.866707306439,surface_envelope,outer_envelope,h1,valid,no
A2_20M,20M_pre_supernova_single_profile,20M,19.98,single,128net,surface_envelope,1,1,0,0.0249755174005,0.34512244342,0.07699570516,0.000146229698,0.4412955569,2.6036842e-15,0,0.0249755174005,0.34512244342,0.07699570516,0.000146229698,0.4412955569,2.6036842e-15,0,0,0,0,0,0,0,1,surface_envelope,outer_envelope,h1,valid,no
A2_20M,20M_pre_supernova_single_profile,20M,19.98,single,128net,surface_envelope,1,1.05,0.05,0.0249755174005,0.34512244342,0.07699570516,0.000146229698,0.4412955569,2.6036842e-15,0,0.0262242932705,0.362378565591,0.080845490418,0.0001535411829,0.463360334745,2.73386841e-15,0.0910793275817,0.214653856214,0.0171615435238,0.380484708286,0.275864320922,3.05613072216e-16,0.153792050178,0.866707306439,surface_envelope,outer_envelope,h1,valid,no
A2_20M,20M_pre_supernova_single_profile,20M,19.98,single,128net,surface_envelope,1,1.1,0.1,0.0249755174005,0.34512244342,0.07699570516,0.000146229698,0.4412955569,2.6036842e-15,0,0.0274730691406,0.379634687762,0.084695275676,0.0001608526678,0.48542511259,2.86405262e-15,0.182158655163,0.429307712428,0.0343230870476,0.760969416571,0.551728641844,6.11226144431e-16,0.307584100356,0.764769164544,surface_envelope,outer_envelope,h1,valid,no
A2_20M,20M_pre_supernova_single_profile,20M,19.98,single,128net,surface_envelope,1,1.15,0.15,0.0249755174005,0.34512244342,0.07699570516,0.000146229698,0.4412955569,2.6036842e-15,0,0.0287218450106,0.396890809933,0.088545060934,0.0001681641527,0.507489890435,2.99423683e-15,0.273237982745,0.643961568643,0.0514846305715,1.14145412486,0.827592962766,9.16839216647e-16,0.461376150534,0.684286519685,surface_envelope,outer_envelope,h1,valid,no
A2_20M,20M_pre_supernova_single_profile,20M,19.98,single,128net,surface_envelope,1,1.2,0.2,0.0249755174005,0.34512244342,0.07699570516,0.000146229698,0.4412955569,2.6036842e-15,0,0.0299706208806,0.414146932104,0.092394846192,0.0001754756376,0.52955466828,3.12442104e-15,0.364317310327,0.858615424857,0.0686461740953,1.52193883314,1.10345728369,1.22245228886e-15,0.615168200712,0.619130564581,surface_envelope,outer_envelope,h1,valid,no
A2_20M,20M_pre_supernova_single_profile,20M,19.98,single,128net,surface_envelope,1,1.25,0.25,0.0249755174005,0.34512244342,0.07699570516,0.000146229698,0.4412955569,2.6036842e-15,0,0.0312193967506,0.431403054275,0.09624463145,0.0001827871225,0.551619446125,3.25460525e-15,0.455396637908,1.07326928107,0.0858077176191,1.90242354143,1.37932160461,1.52806536108e-15,0.76896025089,0.565303827204,surface_envelope,outer_envelope,h1,valid,no
A2_20M,20M_pre_supernova_single_profile,20M,19.98,single,128net,surface_envelope,1,1.3,0.3,0.0249755174005,0.34512244342,0.07699570516,0.000146229698,0.4412955569,2.6036842e-15,0,0.0324681726207,0.448659176446,0.100094416708,0.0001900986074,0.57368422397,3.38478946e-15,0.54647596549,1.28792313729,0.102969261143,2.28290824971,1.65518592553,1.83367843329e-15,0.922752301068,0.520087792611,surface_envelope,outer_envelope,h1,valid,no
A2_20M,20M_pre_supernova_single_profile,20M,19.98,single,128net,surface_envelope,1,1.35,0.35,0.0249755174005,0.34512244342,0.07699570516,0.000146229698,0.4412955569,2.6036842e-15,0,0.0337169484907,0.465915298617,0.103944201966,0.0001974100923,0.595749001815,3.51497367e-15,0.637555293072,1.5025769935,0.120130804667,2.663392958,1.93105024645,2.13929150551e-15,1.07654435125,0.481569295353,surface_envelope,outer_envelope,h1,valid,no
A2_20M,20M_pre_supernova_single_profile,20M,19.98,single,128net,surface_envelope,1,1.4,0.4,0.0249755174005,0.34512244342,0.07699570516,0.000146229698,0.4412955569,2.6036842e-15,0,0.0349657243607,0.483171420788,0.107793987224,0.0002047215772,0.61781377966,3.64515788e-15,0.728634620654,1.71723084971,0.137292348191,3.04387766628,2.20691456738,2.44490457772e-15,1.23033640142,0.448362856545,surface_envelope,outer_envelope,h1,valid,no
A2_20M,20M_pre_supernova_single_profile,20M,19.98,single,128net,surface_envelope,1,1.45,0.45,0.0249755174005,0.34512244342,0.07699570516,0.000146229698,0.4412955569,2.6036842e-15,0,0.0362145002307,0.500427542959,0.111643772482,0.0002120330621,0.639878557505,3.77534209e-15,0.819713948235,1.93188470593,0.154453891714,3.42436237457,2.4827788883,2.75051764994e-15,1.3841284516,0.419440487499,surface_envelope,outer_envelope,h1,valid,no
A2_20M,20M_pre_supernova_single_profile,20M,19.98,single,128net,surface_envelope,1,1.5,0.5,0.0249755174005,0.34512244342,0.07699570516,0.000146229698,0.4412955569,2.6036842e-15,0,0.0374632761008,0.51768366513,0.11549355774,0.000219344547,0.66194333535,3.9055263e-15,0.910793275817,2.14653856214,0.171615435238,3.80484708286,2.75864320922,3.05613072216e-15,1.53792050178,0.394023374372,surface_envelope,outer_envelope,h1,unstable,yes
A2_20M,20M_pre_supernova_single_profile,20M,19.98,single,128net,surface_envelope,1,0.5,0.5,0.00801301681354,0.07817939791,0.20071468085,0.000872494047,0.0777948391,1.92865500001e-16,0,0.00400650840677,0.039089698955,0.100357340425,0.0004362470235,0.03889741955,9.64327500005e-17,0.292214239879,0.486247984095,0.447372190971,22.701998807,0.486313993513,2.26380057841e-16,3.71370881538,0.2121471731,surface_envelope,outer_envelope,h1,unstable,yes
A2_20M,20M_pre_supernova_single_profile,20M,19.98,single,128net,surface_envelope,1,0.55,0.45,0.00801301681354,0.07817939791,0.20071468085,0.000872494047,0.0777948391,1.92865500001e-16,0,0.00440715924745,0.0429986688505,0.110393074468,0.00047987172585,0.042787161505,1.06076025001e-16,0.262992815891,0.437623185685,0.402634971874,20.4317989263,0.437682594162,2.03742052057e-16,3.34233793384,0.230290690231,surface_envelope,outer_envelope,h1,unstable,yes
A2_20M,20M_pre_supernova_single_profile,20M,19.98,single,128net,surface_envelope,1,0.6,0.4,0.00801301681354,0.07817939791,0.20071468085,0.000872494047,0.0777948391,1.92865500001e-16,0,0.00480781008812,0.046907638746,0.12042880851,0.0005234964282,0.04667690346,1.15719300001e-16,0.233771391903,0.388998387276,0.357897752777,18.1615990456,0.38905119481,1.81104046273e-16,2.9709670523,0.251827826025,surface_envelope,outer_envelope,h1,unstable,yes
A2_20M,20M_pre_supernova_single_profile,20M,19.98,single,128net,surface_envelope,1,0.65,0.35,0.00801301681354,0.07817939791,0.20071468085,0.000872494047,0.0777948391,1.92865500001e-16,0,0.0052084609288,0.0508166086415,0.130464542553,0.00056712113055,0.050566645415,1.25362575001e-16,0.204549967916,0.340373588866,0.31316053368,15.8913991649,0.340419795459,1.58466040489e-16,2.59959617076,0.277808940937,surface_envelope,outer_envelope,h1,unstable,yes
A2_20M,20M_pre_supernova_single_profile,20M,19.98,single,128net,surface_envelope,1,0.7,0.3,0.00801301681354,0.07817939791,0.20071468085,0.000872494047,0.0777948391,1.92865500001e-16,0,0.00560911176948,0.054725578537,0.140500276595,0.0006107458329,0.05445638737,1.35005850001e-16,0.175328543928,0.291748790457,0.268423314582,13.6211992842,0.291788396108,1.35828034705e-16,2.22822528923,0.309767723875,surface_envelope,outer_envelope,h1,unstable,yes
A2_20M,20M_pre_supernova_single_profile,20M,19.98,single,128net,surface_envelope,1,0.75,0.25,0.00801301681354,0.07817939791,0.20071468085,0.000872494047,0.0777948391,1.92865500001e-16,0,0.00600976261016,0.0586345484325,0.150536010637,0.00065437053525,0.058346129325,1.44649125001e-16,0.14610711994,0.243123992047,0.223686095485,11.3509994035,0.243156996756,1.13190028921e-16,1.85685440769,0.350035338626,surface_envelope,outer_envelope,h1,valid,no
A2_20M,20M_pre_supernova_single_profile,20M,19.98,single,128net,surface_envelope,1,0.8,0.2,0.00801301681354,0.07817939791,0.20071468085,0.000872494047,0.0777948391,1.92865500001e-16,0,0.00641041345083,0.062543518328,0.16057174468,0.0006979952376,0.06223587128,1.54292400001e-16,0.116885695952,0.194499193638,0.178948876388,9.08079952278,0.194525597405,9.05520231366e-17,1.48548352615,0.402336201177,surface_envelope,outer_envelope,h1,valid,no
A2_20M,20M_pre_supernova_single_profile,20M,19.98,single,128net,surface_envelope,1,0.85,0.15,0.00801301681354,0.07817939791,0.20071468085,0.000872494047,0.0777948391,1.92865500001e-16,0,0.00681106429151,0.0664524882235,0.170607478723,0.00074161993995,0.066125613235,1.63935675001e-16,0.0876642719638,0.145874395228,0.134211657291,6.81059964209,0.145894198054,6.79140173524e-17,1.11411264461,0.473011692422,surface_envelope,outer_envelope,h1,valid,no
A2_20M,20M_pre_supernova_single_profile,20M,19.98,single,128net,surface_envelope,1,0.9,0.1,0.00801301681354,0.07817939791,0.20071468085,0.000872494047,0.0777948391,1.92865500001e-16,0,0.00721171513219,0.070361458119,0.180643212765,0.0007852446423,0.07001535519,1.73578950001e-16,0.0584428479759,0.097249596819,0.0894744381941,4.54039976139,0.0972627987026,4.52760115683e-17,0.742741763075,0.573808478793,surface_envelope,outer_envelope,h1,valid,no
A2_20M,20M_pre_supernova_single_profile,20M,19.98,single,128net,surface_envelope,1,0.95,0.05,0.00801301681354,0.07817939791,0.20071468085,0.000872494047,0.0777948391,1.92865500001e-16,0,0.00761236597286,0.0742704280145,0.190678946807,0.00082886934465,0.073905097145,1.83222225001e-16,0.0292214239879,0.0486247984095,0.0447372190971,2.2701998807,0.0486313993513,2.26380057841e-17,0.371370881538,0.729197340751,surface_envelope,outer_envelope,h1,valid,no
A2_20M,20M_pre_supernova_single_profile,20M,19.98,single,128net,surface_envelope,1,1,0,0.00801301681354,0.07817939791,0.20071468085,0.000872494047,0.0777948391,1.92865500001e-16,0,0.00801301681354,0.07817939791,0.20071468085,0.000872494047,0.0777948391,1.92865500001e-16,0,0,0,0,0,0,0,1,surface_envelope,outer_envelope,h1,valid,no
A2_20M,20M_pre_supernova_single_profile,20M,19.98,single,128net,surface_envelope,1,1.05,0.05,0.00801301681354,0.07817939791,0.20071468085,0.000872494047,0.0777948391,1.92865500001e-16,0,0.00841366765422,0.0820883678055,0.210750414893,0.00091611874935,0.081684581055,2.02508775001e-16,0.0292214239879,0.0486247984095,0.0447372190971,2.2701998807,0.0486313993513,2.26380057841e-17,0.371370881538,0.729197340751,surface_envelope,outer_envelope,h1,valid,no
A2_20M,20M_pre_supernova_single_profile,20M,19.98,single,128net,surface_envelope,1,1.1,0.1,0.00801301681354,0.07817939791,0.20071468085,0.000872494047,0.0777948391,1.92865500001e-16,0,0.00881431849489,0.085997337701,0.220786148935,0.0009597434517,0.08557432301,2.12152050001e-16,0.0584428479759,0.097249596819,0.0894744381941,4.54039976139,0.0972627987026,4.52760115683e-17,0.742741763075,0.573808478793,surface_envelope,outer_envelope,h1,valid,no
A2_20M,20M_pre_supernova_single_profile,20M,19.98,single,128net,surface_envelope,1,1.15,0.15,0.00801301681354,0.07817939791,0.20071468085,0.000872494047,0.0777948391,1.92865500001e-16,0,0.00921496933557,0.0899063075965,0.230821882977,0.00100336815405,0.089464064965,2.21795325001e-16,0.0876642719638,0.145874395228,0.134211657291,6.81059964209,0.145894198054,6.79140173524e-17,1.11411264461,0.473011692422,surface_envelope,outer_envelope,h1,valid,no
A2_20M,20M_pre_supernova_single_profile,20M,19.98,single,128net,surface_envelope,1,1.2,0.2,0.00801301681354,0.07817939791,0.20071468085,0.000872494047,0.0777948391,1.92865500001e-16,0,0.00961562017625,0.093815277492,0.24085761702,0.0010469928564,0.09335380692,2.31438600001e-16,0.116885695952,0.194499193638,0.178948876388,9.08079952278,0.194525597405,9.05520231366e-17,1.48548352615,0.402336201177,surface_envelope,outer_envelope,h1,valid,no
A2_20M,20M_pre_supernova_single_profile,20M,19.98,single,128net,surface_envelope,1,1.25,0.25,0.00801301681354,0.07817939791,0.20071468085,0.000872494047,0.0777948391,1.92865500001e-16,0,0.0100162710169,0.0977242473875,0.250893351062,0.00109061755875,0.097243548875,2.41081875001e-16,0.14610711994,0.243123992047,0.223686095485,11.3509994035,0.243156996756,1.13190028921e-16,1.85685440769,0.350035338626,surface_envelope,outer_envelope,h1,valid,no
A2_20M,20M_pre_supernova_single_profile,20M,19.98,single,128net,surface_envelope,1,1.3,0.3,0.00801301681354,0.07817939791,0.20071468085,0.000872494047,0.0777948391,1.92865500001e-16,0,0.0104169218576,0.101633217283,0.260929085105,0.0011342422611,0.10113329083,2.50725150001e-16,0.175328543928,0.291748790457,0.268423314582,13.6211992842,0.291788396108,1.35828034705e-16,2.22822528923,0.309767723875,surface_envelope,outer_envelope,h1,unstable,yes
A2_20M,20M_pre_supernova_single_profile,20M,19.98,single,128net,surface_envelope,1,1.35,0.35,0.00801301681354,0.07817939791,0.20071468085,0.000872494047,0.0777948391,1.92865500001e-16,0,0.0108175726983,0.105542187179,0.270964819148,0.00117786696345,0.105023032785,2.60368425001e-16,0.204549967916,0.340373588866,0.31316053368,15.8913991649,0.340419795459,1.58466040489e-16,2.59959617076,0.277808940937,surface_envelope,outer_envelope,h1,unstable,yes
A2_20M,20M_pre_supernova_single_profile,20M,19.98,single,128net,surface_envelope,1,1.4,0.4,0.00801301681354,0.07817939791,0.20071468085,0.000872494047,0.0777948391,1.92865500001e-16,0,0.011218223539,0.109451157074,0.28100055319,0.0012214916658,0.10891277474,2.70011700001e-16,0.233771391903,0.388998387276,0.357897752777,18.1615990456,0.38905119481,1.81104046273e-16,2.9709670523,0.251827826025,surface_envelope,outer_envelope,h1,unstable,yes
A2_20M,20M_pre_supernova_single_profile,20M,19.98,single,128net,surface_envelope,1,1.45,0.45,0.00801301681354,0.07817939791,0.20071468085,0.000872494047,0.0777948391,1.92865500001e-16,0,0.0116188743796,0.11336012697,0.291036287233,0.00126511636815,0.112802516695,2.79654975001e-16,0.262992815891,0.437623185685,0.402634971874,20.4317989263,0.437682594162,2.03742052057e-16,3.34233793384,0.230290690231,surface_envelope,outer_envelope,h1,unstable,yes
A2_20M,20M_pre_supernova_single_profile,20M,19.98,single,128net,surface_envelope,1,1.5,0.5,0.00801301681354,0.07817939791,0.20071468085,0.000872494047,0.0777948391,1.92865500001e-16,0,0.0120195252203,0.117269096865,0.301072021275,0.0013087410705,0.11669225865,2.89298250001e-16,0.292214239879,0.486247984095,0.447372190971,22.701998807,0.486313993513,2.26380057841e-16,3.71370881538,0.2121471731,surface_envelope,outer_envelope,h1,unstable,yes
A2_20M,20M_pre_supernova_single_profile,20M,19.98,single,128net,outer_envelope,2,0.5,0.5,0.00980911151894,0.09727950472,0.22103563618,4.45284499995e-06,0.1256299927,9.64327999997e-17,0,0.00490455575947,0.04863975236,0.11051781809,2.22642249998e-06,0.06281499635,4.82163999998e-17,0.35771322251,0.605043839277,0.492665491242,0.115861514728,0.785342886003,1.13190087608e-16,0.404883687541,0.711802698592,outer_shell,hydrogen_rich,h1,valid,no
A2_20M,20M_pre_supernova_single_profile,20M,19.98,single,128net,outer_envelope,2,0.55,0.45,0.00980911151894,0.09727950472,0.22103563618,4.45284499995e-06,0.1256299927,9.64327999997e-17,0,0.00539501133542,0.053503727596,0.121569599899,2.44906474997e-06,0.069096495985,5.30380399998e-17,0.321941900259,0.54453945535,0.443398942118,0.104275363255,0.706808597403,1.01871078848e-16,0.364395318787,0.732925411155,outer_shell,hydrogen_rich,h1,valid,no
A2_20M,20M_pre_supernova_single_profile,20M,19.98,single,128net,outer_envelope,2,0.6,0.4,0.00980911151894,0.09727950472,0.22103563618,4.45284499995e-06,0.1256299927,9.64327999997e-17,0,0.00588546691136,0.058367702832,0.132621381708,2.67170699997e-06,0.07537799562,5.78596799998e-17,0.286170578008,0.484035071422,0.394132392994,0.0926892117822,0.628274308802,9.05520700867e-17,0.323906950033,0.755340093936,outer_shell,hydrogen_rich,h1,valid,no
A2_20M,20M_pre_supernova_single_profile,20M,19.98,single,128net,outer_envelope,2,0.65,0.35,0.00980911151894,0.09727950472,0.22103563618,4.45284499995e-06,0.1256299927,9.64327999997e-17,0,0.00637592248731,0.063231678068,0.143673163517,2.89434924997e-06,0.081659495255,6.26813199998e-17,0.250399255757,0.423530687494,0.344865843869,0.0811030603095,0.549740020202,7.92330613259e-17,0.283418581279,0.779169021383,outer_shell,hydrogen_rich,h1,valid,no
A2_20M,20M_pre_supernova_single_profile,20M,19.98,single,128net,outer_envelope,2,0.7,0.3,0.00980911151894,0.09727950472,0.22103563618,4.45284499995e-06,0.1256299927,9.64327999997e-17,0,0.00686637806326,0.068095653304,0.154724945326,3.11699149996e-06,0.08794099489,6.75029599998e-17,0.214627933506,0.363026303566,0.295599294745,0.0695169088367,0.471205731602,6.7914052565e-17,0.242930212525,0.804550400275,outer_shell,hydrogen_rich,h1,valid,no
A2_20M,20M_pre_supernova_single_profile,20M,19.98,single,128net,outer_envelope,2,0.75,0.25,0.00980911151894,0.09727950472,0.22103563618,4.45284499995e-06,0.1256299927,9.64327999997e-17,0,0.0073568336392,0.07295962854,0.165776727135,3.33963374996e-06,0.094222494525,7.23245999998e-17,0.178856611255,0.302521919639,0.246332745621,0.0579307573639,0.392671443002,5.65950438042e-17,0.20244184377,0.831641052065,outer_shell,hydrogen_rich,h1,valid,no
A2_20M,20M_pre_supernova_single_profile,20M,19.98,single,128net,outer_envelope,2,0.8,0.2,0.00980911151894,0.09727950472,0.22103563618,4.45284499995e-06,0.1256299927,9.64327999997e-17,0,0.00784728921515,0.077823603776,0.176828508944,3.56227599996e-06,0.10050399416,7.71462399998e-17,0.143085289004,0.242017535711,0.197066196497,0.0463446058911,0.314137154401,4.52760350433e-17,0.161953475016,0.860619656037,outer_shell,hydrogen_rich,h1,valid,no
A2_20M,20M_pre_supernova_single_profile,20M,19.98,single,128net,outer_envelope,2,0.85,0.15,0.00980911151894,0.09727950472,0.22103563618,4.45284499995e-06,0.1256299927,9.64327999997e-17,0,0.0083377447911,0.082687579012,0.187880290753,3.78491824996e-06,0.106785493795,8.19678799997e-17,0.107313966753,0.181513151783,0.147799647373,0.0347584544183,0.235602865801,3.39570262825e-17,0.121465106262,0.891690694981,outer_shell,hydrogen_rich,h1,valid,no
A2_20M,20M_pre_supernova_single_profile,20M,19.98,single,128net,outer_envelope,2,0.9,0.1,0.00980911151894,0.09727950472,0.22103563618,4.45284499995e-06,0.1256299927,9.64327999997e-17,0,0.00882820036705,0.087551554248,0.198932072562,4.00756049996e-06,0.11306699343,8.67895199997e-17,0.071542644502,0.121008767855,0.0985330982484,0.0231723029456,0.157068577201,2.26380175217e-17,0.0809767375082,0.925089287587,outer_shell,hydrogen_rich,h1,valid,no
A2_20M,20M_pre_supernova_single_profile,20M,19.98,single,128net,outer_envelope,2,0.95,0.05,0.00980911151894,0.09727950472,0.22103563618,4.45284499995e-06,0.1256299927,9.64327999997e-17,0,0.00931865594299,0.092415529484,0.209983854371,4.23020274995e-06,0.119348493065,9.16111599997e-17,0.035771322251,0.0605043839277,0.0492665491242,0.0115861514728,0.0785342886003,1.13190087608e-17,0.0404883687541,0.961087149102,outer_shell,hydrogen_rich,h1,valid,no
A2_20M,20M_pre_supernova_single_profile,20M,19.98,single,128net,outer_envelope,2,1,0,0.00980911151894,0.09727950472,0.22103563618,4.45284499995e-06,0.1256299927,9.64327999997e-17,0,0.00980911151894,0.09727950472,0.22103563618,4.45284499995e-06,0.1256299927,9.64327999997e-17,0,0,0,0,0,0,0,1,outer_shell,hydrogen_rich,h1,valid,no
A2_20M,20M_pre_supernova_single_profile,20M,19.98,single,128net,outer_envelope,2,1.05,0.05,0.00980911151894,0.09727950472,0.22103563618,4.45284499995e-06,0.1256299927,9.64327999997e-17,0,0.0102995670949,0.102143479956,0.232087417989,4.67548724995e-06,0.131911492335,1.0125444e-16,0.035771322251,0.0605043839277,0.0492665491242,0.0115861514728,0.0785342886003,1.13190087608e-17,0.0404883687541,0.961087149102,outer_shell,hydrogen_rich,h1,valid,no
A2_20M,20M_pre_supernova_single_profile,20M,19.98,single,128net,outer_envelope,2,1.1,0.1,0.00980911151894,0.09727950472,0.22103563618,4.45284499995e-06,0.1256299927,9.64327999997e-17,0,0.0107900226708,0.107007455192,0.243139199798,4.89812949995e-06,0.13819299197,1.0607608e-16,0.071542644502,0.121008767855,0.0985330982484,0.0231723029456,0.157068577201,2.26380175217e-17,0.0809767375082,0.925089287587,outer_shell,hydrogen_rich,h1,valid,no
A2_20M,20M_pre_supernova_single_profile,20M,19.98,single,128net,outer_envelope,2,1.15,0.15,0.00980911151894,0.09727950472,0.22103563618,4.45284499995e-06,0.1256299927,9.64327999997e-17,0,0.0112804782468,0.111871430428,0.254190981607,5.12077174994e-06,0.144474491605,1.1089772e-16,0.107313966753,0.181513151783,0.147799647373,0.0347584544183,0.235602865801,3.39570262825e-17,0.121465106262,0.891690694981,outer_shell,hydrogen_rich,h1,valid,no
A2_20M,20M_pre_supernova_single_profile,20M,19.98,single,128net,outer_envelope,2,1.2,0.2,0.00980911151894,0.09727950472,0.22103563618,4.45284499995e-06,0.1256299927,9.64327999997e-17,0,0.0117709338227,0.116735405664,0.265242763416,5.34341399994e-06,0.15075599124,1.1571936e-16,0.143085289004,0.242017535711,0.197066196497,0.0463446058911,0.314137154401,4.52760350433e-17,0.161953475016,0.860619656037,outer_shell,hydrogen_rich,h1,valid,no
A2_20M,20M_pre_supernova_single_profile,20M,19.98,single,128net,outer_envelope,2,1.25,0.25,0.00980911151894,0.09727950472,0.22103563618,4.45284499995e-06,0.1256299927,9.64327999997e-17,0,0.0122613893987,0.1215993809,0.276294545225,5.56605624994e-06,0.157037490875,1.20541e-16,0.178856611255,0.302521919639,0.246332745621,0.0579307573639,0.392671443002,5.65950438042e-17,0.20244184377,0.831641052065,outer_shell,hydrogen_rich,h1,valid,no
A2_20M,20M_pre_supernova_single_profile,20M,19.98,single,128net,outer_envelope,2,1.3,0.3,0.00980911151894,0.09727950472,0.22103563618,4.45284499995e-06,0.1256299927,9.64327999997e-17,0,0.0127518449746,0.126463356136,0.287346327034,5.78869849994e-06,0.16331899051,1.2536264e-16,0.214627933506,0.363026303566,0.295599294745,0.0695169088367,0.471205731602,6.7914052565e-17,0.242930212525,0.804550400275,outer_shell,hydrogen_rich,h1,valid,no
A2_20M,20M_pre_supernova_single_profile,20M,19.98,single,128net,outer_envelope,2,1.35,0.35,0.00980911151894,0.09727950472,0.22103563618,4.45284499995e-06,0.1256299927,9.64327999997e-17,0,0.0132423005506,0.131327331372,0.298398108843,6.01134074993e-06,0.169600490145,1.3018428e-16,0.250399255757,0.423530687494,0.344865843869,0.0811030603095,0.549740020202,7.92330613259e-17,0.283418581279,0.779169021383,outer_shell,hydrogen_rich,h1,valid,no
A2_20M,20M_pre_supernova_single_profile,20M,19.98,single,128net,outer_envelope,2,1.4,0.4,0.00980911151894,0.09727950472,0.22103563618,4.45284499995e-06,0.1256299927,9.64327999997e-17,0,0.0137327561265,0.136191306608,0.309449890652,6.23398299993e-06,0.17588198978,1.3500592e-16,0.286170578008,0.484035071422,0.394132392994,0.0926892117822,0.628274308802,9.05520700867e-17,0.323906950033,0.755340093936,outer_shell,hydrogen_rich,h1,valid,no
A2_20M,20M_pre_supernova_single_profile,20M,19.98,single,128net,outer_envelope,2,1.45,0.45,0.00980911151894,0.09727950472,0.22103563618,4.45284499995e-06,0.1256299927,9.64327999997e-17,0,0.0142232117025,0.141055281844,0.320501672461,6.45662524993e-06,0.182163489415,1.3982756e-16,0.321941900259,0.54453945535,0.443398942118,0.104275363255,0.706808597403,1.01871078848e-16,0.364395318787,0.732925411155,outer_shell,hydrogen_rich,h1,valid,no
A2_20M,20M_pre_supernova_single_profile,20M,19.98,single,128net,outer_envelope,2,1.5,0.5,0.00980911151894,0.09727950472,0.22103563618,4.45284499995e-06,0.1256299927,9.64327999997e-17,0,0.0147136672784,0.14591925708,0.33155345427,6.67926749993e-06,0.18844498905,1.446492e-16,0.35771322251,0.605043839277,0.492665491242,0.115861514728,0.785342886003,1.13190087608e-16,0.404883687541,0.711802698592,outer_shell,hydrogen_rich,h1,valid,no
A2_20M,20M_pre_supernova_single_profile,20M,19.98,single,128net,outer_envelope,2,0.5,0.5,0.0112267962153,0.09560595741,0.19957662548,3.44485400006e-06,0.1267534094,9.64327000013e-17,1,0.00561339810765,0.047802978705,0.09978831274,1.72242700003e-06,0.0633767047,4.82163500006e-17,0.409412559423,0.594634971628,0.444835583672,0.089633931221,0.792365630289,1.13189970233e-16,0.402928903628,0.71279449544,outer_shell,outer_envelope,h1,valid,no
A2_20M,20M_pre_supernova_single_profile,20M,19.98,single,128net,outer_envelope,2,0.55,0.45,0.0112267962153,0.09560595741,0.19957662548,3.44485400006e-06,0.1267534094,9.64327000013e-17,1,0.00617473791842,0.0525832765755,0.109767144014,1.89466970003e-06,0.06971437517,5.30379850007e-17,0.368471303481,0.535171474465,0.400352025305,0.0806705380989,0.71312906726,1.0187097321e-16,0.362636013265,0.733871694469,outer_shell,outer_envelope,h1,valid,no
A2_20M,20M_pre_supernova_single_profile,20M,19.98,single,128net,outer_envelope,2,0.6,0.4,0.0112267962153,0.09560595741,0.19957662548,3.44485400006e-06,0.1267534094,9.64327000013e-17,1,0.00673607772918,0.057363574446,0.119745975288,2.06691240004e-06,0.07605204564,5.78596200008e-17,0.327530047539,0.475707977302,0.355868466938,0.0717071449768,0.633892504231,9.05519761865e-17,0.322343122902,0.756233372928,outer_shell,outer_envelope,h1,valid,no
A2_20M,20M_pre_supernova_single_profile,20M,19.98,single,128net,outer_envelope,2,0.65,0.35,0.0112267962153,0.09560595741,0.19957662548,3.44485400006e-06,0.1267534094,9.64327000013e-17,1,0.00729741753995,0.0621438723165,0.129724806562,2.23915510004e-06,0.08238971611,6.26812550008e-17,0.286588791596,0.416244480139,0.311384908571,0.0627437518547,0.554655941202,7.92329791632e-17,0.28205023254,0.780000638523,outer_shell,outer_envelope,h1,valid,no
A2_20M,20M_pre_supernova_single_profile,20M,19.98,single,128net,outer_envelope,2,0.7,0.3,0.0112267962153,0.09560595741,0.19957662548,3.44485400006e-06,0.1267534094,9.64327000013e-17,1,0.00785875735071,0.066924170187,0.139703637836,2.41139780004e-06,0.08872738658,6.75028900009e-17,0.245647535654,0.356780982977,0.266901350203,0.0537803587326,0.475419378173,6.79139821399e-17,0.241757342177,0.805310317914,outer_shell,outer_envelope,h1,valid,no
A2_20M,20M_pre_supernova_single_profile,20M,19.98,single,128net,outer_envelope,2,0.75,0.25,0.0112267962153,0.09560595741,0.19957662548,3.44485400006e-06,0.1267534094,9.64327000013e-17,1,0.00842009716148,0.0717044680575,0.14968246911,2.58364050004e-06,0.09506505705,7.2324525001e-17,0.204706279712,0.297317485814,0.222417791836,0.0448169656105,0.396182815144,5.65949851165e-17,0.201464451814,0.832317592493,outer_shell,outer_envelope,h1,valid,no
A2_20M,20M_pre_supernova_single_profile,20M,19.98,single,128net,outer_envelope,2,0.8,0.2,0.0112267962153,0.09560595741,0.19957662548,3.44485400006e-06,0.1267534094,9.64327000013e-17,1,0.00898143697224,0.076484765928,0.159661300384,2.75588320005e-06,0.10140272752,7.7146160001e-17,0.163765023769,0.237853988651,0.177934233469,0.0358535724884,0.316946252116,4.52759880932e-17,0.161171561451,0.861199182962,outer_shell,outer_envelope,h1,valid,no
A2_20M,20M_pre_supernova_single_profile,20M,19.98,single,128net,outer_envelope,2,0.85,0.15,0.0112267962153,0.09560595741,0.19957662548,3.44485400006e-06,0.1267534094,9.64327000013e-17,1,0.00954277678301,0.0812650637985,0.169640131658,2.92812590005e-06,0.10774039799,8.19677950011e-17,0.122823767827,0.178390491488,0.133450675102,0.0268901793663,0.237709689087,3.39569910699e-17,0.120878671088,0.892157220753,outer_shell,outer_envelope,h1,valid,no
A2_20M,20M_pre_supernova_single_profile,20M,19.98,single,128net,outer_envelope,2,0.9,0.1,0.0112267962153,0.09560595741,0.19957662548,3.44485400006e-06,0.1267534094,9.64327000013e-17,1,0.0101041165938,0.086045361669,0.179618962932,3.10036860005e-06,0.11407806846,8.67894300012e-17,0.0818825118847,0.118926994326,0.0889671167345,0.0179267862442,0.158473126058,2.26379940466e-17,0.0805857807256,0.925423985617,outer_shell,outer_envelope,h1,valid,no
A2_20M,20M_pre_supernova_single_profile,20M,19.98,single,128net,outer_envelope,2,0.95,0.05,0.0112267962153,0.09560595741,0.19957662548,3.44485400006e-06,0.1267534094,9.64327000013e-17,1,0.0106654564045,0.0908256595395,0.189597794206,3.27261130006e-06,0.12041573893,9.16110650012e-17,0.0409412559423,0.0594634971628,0.0444835583672,0.0089633931221,0.0792365630289,1.13189970233e-17,0.0402928903628,0.961267744175,outer_shell,outer_envelope,h1,valid,no
A2_20M,20M_pre_supernova_single_profile,20M,19.98,single,128net,outer_envelope,2,1,0,0.0112267962153,0.09560595741,0.19957662548,3.44485400006e-06,0.1267534094,9.64327000013e-17,1,0.0112267962153,0.09560595741,0.19957662548,3.44485400006e-06,0.1267534094,9.64327000013e-17,0,0,0,0,0,0,0,1,outer_shell,outer_envelope,h1,valid,no
A2_20M,20M_pre_supernova_single_profile,20M,19.98,single,128net,outer_envelope,2,1.05,0.05,0.0112267962153,0.09560595741,0.19957662548,3.44485400006e-06,0.1267534094,9.64327000013e-17,1,0.0117881360261,0.100386255281,0.209555456754,3.61709670006e-06,0.13309107987,1.01254335001e-16,0.0409412559423,0.0594634971628,0.0444835583672,0.0089633931221,0.0792365630289,1.13189970233e-17,0.0402928903628,0.961267744175,outer_shell,outer_envelope,h1,valid,no
A2_20M,20M_pre_supernova_single_profile,20M,19.98,single,128net,outer_envelope,2,1.1,0.1,0.0112267962153,0.09560595741,0.19957662548,3.44485400006e-06,0.1267534094,9.64327000013e-17,1,0.0123494758368,0.105166553151,0.219534288028,3.78933940007e-06,0.13942875034,1.06075970001e-16,0.0818825118847,0.118926994326,0.0889671167345,0.0179267862442,0.158473126058,2.26379940466e-17,0.0805857807256,0.925423985617,outer_shell,outer_envelope,h1,valid,no
A2_20M,20M_pre_supernova_single_profile,20M,19.98,single,128net,outer_envelope,2,1.15,0.15,0.0112267962153,0.09560595741,0.19957662548,3.44485400006e-06,0.1267534094,9.64327000013e-17,1,0.0129108156476,0.109946851021,0.229513119302,3.96158210007e-06,0.14576642081,1.10897605001e-16,0.122823767827,0.178390491488,0.133450675102,0.0268901793663,0.237709689087,3.39569910699e-17,0.120878671088,0.892157220753,outer_shell,outer_envelope,h1,valid,no
A2_20M,20M_pre_supernova_single_profile,20M,19.98,single,128net,outer_envelope,2,1.2,0.2,0.0112267962153,0.09560595741,0.19957662548,3.44485400006e-06,0.1267534094,9.64327000013e-17,1,0.0134721554584,0.114727148892,0.239491950576,4.13382480007e-06,0.15210409128,1.15719240002e-16,0.163765023769,0.237853988651,0.177934233469,0.0358535724884,0.316946252116,4.52759880932e-17,0.161171561451,0.861199182962,outer_shell,outer_envelope,h1,valid,no
A2_20M,20M_pre_supernova_single_profile,20M,19.98,single,128net,outer_envelope,2,1.25,0.25,0.0112267962153,0.09560595741,0.19957662548,3.44485400006e-06,0.1267534094,9.64327000013e-17,1,0.0140334952691,0.119507446762,0.24947078185,4.30606750008e-06,0.15844176175,1.20540875002e-16,0.204706279712,0.297317485814,0.222417791836,0.0448169656105,0.396182815144,5.65949851165e-17,0.201464451814,0.832317592493,outer_shell,outer_envelope,h1,valid,no
A2_20M,20M_pre_supernova_single_profile,20M,19.98,single,128net,outer_envelope,2,1.3,0.3,0.0112267962153,0.09560595741,0.19957662548,3.44485400006e-06,0.1267534094,9.64327000013e-17,1,0.0145948350799,0.124287744633,0.259449613124,4.47831020008e-06,0.16477943222,1.25362510002e-16,0.245647535654,0.356780982977,0.266901350203,0.0537803587326,0.475419378173,6.79139821399e-17,0.241757342177,0.805310317914,outer_shell,outer_envelope,h1,valid,no
A2_20M,20M_pre_supernova_single_profile,20M,19.98,single,128net,outer_envelope,2,1.35,0.35,0.0112267962153,0.09560595741,0.19957662548,3.44485400006e-06,0.1267534094,9.64327000013e-17,1,0.0151561748907,0.129068042504,0.269428444398,4.65055290008e-06,0.17111710269,1.30184145002e-16,0.286588791596,0.416244480139,0.311384908571,0.0627437518547,0.554655941202,7.92329791632e-17,0.28205023254,0.780000638523,outer_shell,outer_envelope,h1,valid,no
A2_20M,20M_pre_supernova_single_profile,20M,19.98,single,128net,outer_envelope,2,1.4,0.4,0.0112267962153,0.09560595741,0.19957662548,3.44485400006e-06,0.1267534094,9.64327000013e-17,1,0.0157175147014,0.133848340374,0.279407275672,4.82279560008e-06,0.17745477316,1.35005780002e-16,0.327530047539,0.475707977302,0.355868466938,0.0717071449768,0.633892504231,9.05519761865e-17,0.322343122902,0.756233372928,outer_shell,outer_envelope,h1,valid,no
A2_20M,20M_pre_supernova_single_profile,20M,19.98,single,128net,outer_envelope,2,1.45,0.45,0.0112267962153,0.09560595741,0.19957662548,3.44485400006e-06,0.1267534094,9.64327000013e-17,1,0.0162788545122,0.138628638245,0.289386106946,4.99503830009e-06,0.18379244363,1.39827415002e-16,0.368471303481,0.535171474465,0.400352025305,0.0806705380989,0.71312906726,1.0187097321e-16,0.362636013265,0.733871694469,outer_shell,outer_envelope,h1,valid,no
A2_20M,20M_pre_supernova_single_profile,20M,19.98,single,128net,outer_envelope,2,1.5,0.5,0.0112267962153,0.09560595741,0.19957662548,3.44485400006e-06,0.1267534094,9.64327000013e-17,1,0.016840194323,0.143408936115,0.29936493822,5.16728100009e-06,0.1901301141,1.44649050002e-16,0.409412559423,0.594634971628,0.444835583672,0.089633931221,0.792365630289,1.13189970233e-16,0.402928903628,0.71279449544,outer_shell,outer_envelope,h1,valid,no
A2_20M,20M_pre_supernova_single_profile,20M,19.98,single,128net,outer_envelope,2,0.5,0.5,0.00887274453715,0.09180631664,0.17094900361,2.47285099997e-06,0.1244300177,9.64327999997e-17,0,0.00443637226857,0.04590315832,0.085474501805,1.23642549998e-06,0.06221500885,4.82163999998e-17,0.323566312277,0.571002560608,0.381027585852,0.0643427432475,0.777841557623,1.13190087608e-16,0.35873317461,0.735979674808,outer_shell,outer_envelope,h1,valid,no
A2_20M,20M_pre_supernova_single_profile,20M,19.98,single,128net,outer_envelope,2,0.55,0.45,0.00887274453715,0.09180631664,0.17094900361,2.47285099997e-06,0.1244300177,9.64327999997e-17,0,0.00488000949543,0.050493474152,0.0940219519855,1.36006804998e-06,0.068436509735,5.30380399998e-17,0.291209681049,0.513902304547,0.342924827267,0.0579084689227,0.700057401861,1.01871078848e-16,0.322859857149,0.755937973774,outer_shell,outer_envelope,h1,valid,no
A2_20M,20M_pre_supernova_single_profile,20M,19.98,single,128net,outer_envelope,2,0.6,0.4,0.00887274453715,0.09180631664,0.17094900361,2.47285099997e-06,0.1244300177,9.64327999997e-17,0,0.00532364672229,0.055083789984,0.102569402166,1.48371059998e-06,0.07465801062,5.78596799998e-17,0.258853049821,0.456802048486,0.304822068681,0.051474194598,0.622273246098,9.05520700867e-17,0.286986539688,0.777008903483,outer_shell,outer_envelope,h1,valid,no
A2_20M,20M_pre_supernova_single_profile,20M,19.98,single,128net,outer_envelope,2,0.65,0.35,0.00887274453715,0.09180631664,0.17094900361,2.47285099997e-06,0.1244300177,9.64327999997e-17,0,0.00576728394915,0.059674105816,0.111116852347,1.60735314998e-06,0.080879511505,6.26813199998e-17,0.226496418594,0.399701792425,0.266719310096,0.0450399202732,0.544489090336,7.92330613259e-17,0.251113222227,0.799288171713,outer_shell,outer_envelope,h1,valid,no
A2_20M,20M_pre_supernova_single_profile,20M,19.98,single,128net,outer_envelope,2,0.7,0.3,0.00887274453715,0.09180631664,0.17094900361,2.47285099997e-06,0.1244300177,9.64327999997e-17,0,0.006210921176,0.064264421648,0.119664302527,1.73099569998e-06,0.08710101239,6.75029599998e-17,0.194139787366,0.342601536365,0.228616551511,0.0386056459485,0.466704934574,6.7914052565e-17,0.215239904766,0.822882787241,outer_shell,outer_envelope,h1,valid,no
A2_20M,20M_pre_supernova_single_profile,20M,19.98,single,128net,outer_envelope,2,0.75,0.25,0.00887274453715,0.09180631664,0.17094900361,2.47285099997e-06,0.1244300177,9.64327999997e-17,0,0.00665455840286,0.06885473748,0.128211752708,1.85463824998e-06,0.093322513275,7.23245999998e-17,0.161783156138,0.285501280304,0.190513792926,0.0321713716237,0.388920778812,5.65950438042e-17,0.179366587305,0.847912778575,outer_shell,outer_envelope,h1,valid,no
A2_20M,20M_pre_supernova_single_profile,20M,19.98,single,128net,outer_envelope,2,0.8,0.2,0.00887274453715,0.09180631664,0.17094900361,2.47285099997e-06,0.1244300177,9.64327999997e-17,0,0.00709819562972,0.073445053312,0.136759202888,1.97828079998e-06,0.09954401416,7.71462399998e-17,0.129426524911,0.228401024243,0.152411034341,0.025737097299,0.311136623049,4.52760350433e-17,0.143493269844,0.874513236214,outer_shell,outer_envelope,h1,valid,no
A2_20M,20M_pre_supernova_single_profile,20M,19.98,single,128net,outer_envelope,2,0.85,0.15,0.00887274453715,0.09180631664,0.17094900361,2.47285099997e-06,0.1244300177,9.64327999997e-17,0,0.00754183285658,0.078035369144,0.145306653069,2.10192334997e-06,0.105765515045,8.19678799997e-17,0.097069893683,0.171300768182,0.114308275756,0.0193028229742,0.233352467287,3.39570262825e-17,0.107619952383,0.902836751765,outer_shell,outer_envelope,h1,valid,no
A2_20M,20M_pre_supernova_single_profile,20M,19.98,single,128net,outer_envelope,2,0.9,0.1,0.00887274453715,0.09180631664,0.17094900361,2.47285099997e-06,0.1244300177,9.64327999997e-17,0,0.00798547008343,0.082625684976,0.153854103249,2.22556589997e-06,0.11198701593,8.67895199997e-17,0.0647132624553,0.114200512122,0.0762055171703,0.0128685486495,0.155568311525,2.26380175217e-17,0.0717466349221,0.933056346916,outer_shell,outer_envelope,h1,valid,no
A2_20M,20M_pre_supernova_single_profile,20M,19.98,single,128net,outer_envelope,2,0.95,0.05,0.00887274453715,0.09180631664,0.17094900361,2.47285099997e-06,0.1244300177,9.64327999997e-17,0,0.00842910731029,0.087216000808,0.162401553429,2.34920844997e-06,0.118208516815,9.16111599997e-17,0.0323566312277,0.0571002560608,0.0381027585852,0.00643427432475,0.0777841557623,1.13190087608e-17,0.035873317461,0.965369011001,outer_shell,outer_envelope,h1,valid,no
A2_20M,20M_pre_supernova_single_profile,20M,19.98,single,128net,outer_envelope,2,1,0,0.00887274453715,0.09180631664,0.17094900361,2.47285099997e-06,0.1244300177,9.64327999997e-17,0,0.00887274453715,0.09180631664,0.17094900361,2.47285099997e-06,0.1244300177,9.64327999997e-17,0,0,0,0,0,0,0,1,outer_shell,outer_envelope,h1,valid,no
A2_20M,20M_pre_supernova_single_profile,20M,19.98,single,128net,outer_envelope,2,1.05,0.05,0.00887274453715,0.09180631664,0.17094900361,2.47285099997e-06,0.1244300177,9.64327999997e-17,0,0.00931638176401,0.096396632472,0.179496453791,2.59649354997e-06,0.130651518585,1.0125444e-16,0.0323566312277,0.0571002560608,0.0381027585852,0.00643427432475,0.0777841557623,1.13190087608e-17,0.035873317461,0.965369011001,outer_shell,outer_envelope,h1,valid,no
A2_20M,20M_pre_supernova_single_profile,20M,19.98,single,128net,outer_envelope,2,1.1,0.1,0.00887274453715,0.09180631664,0.17094900361,2.47285099997e-06,0.1244300177,9.64327999997e-17,0,0.00976001899086,0.100986948304,0.188043903971,2.72013609997e-06,0.13687301947,1.0607608e-16,0.0647132624553,0.114200512122,0.0762055171703,0.0128685486495,0.155568311525,2.26380175217e-17,0.0717466349221,0.933056346916,outer_shell,outer_envelope,h1,valid,no
A2_20M,20M_pre_supernova_single_profile,20M,19.98,single,128net,outer_envelope,2,1.15,0.15,0.00887274453715,0.09180631664,0.17094900361,2.47285099997e-06,0.1244300177,9.64327999997e-17,0,0.0102036562177,0.105577264136,0.196591354152,2.84377864997e-06,0.143094520355,1.1089772e-16,0.097069893683,0.171300768182,0.114308275756,0.0193028229742,0.233352467287,3.39570262825e-17,0.107619952383,0.902836751765,outer_shell,outer_envelope,h1,valid,no
A2_20M,20M_pre_supernova_single_profile,20M,19.98,single,128net,outer_envelope,2,1.2,0.2,0.00887274453715,0.09180631664,0.17094900361,2.47285099997e-06,0.1244300177,9.64327999997e-17,0,0.0106472934446,0.110167579968,0.205138804332,2.96742119996e-06,0.14931602124,1.1571936e-16,0.129426524911,0.228401024243,0.152411034341,0.025737097299,0.311136623049,4.52760350433e-17,0.143493269844,0.874513236214,outer_shell,outer_envelope,h1,valid,no
A2_20M,20M_pre_supernova_single_profile,20M,19.98,single,128net,outer_envelope,2,1.25,0.25,0.00887274453715,0.09180631664,0.17094900361,2.47285099997e-06,0.1244300177,9.64327999997e-17,0,0.0110909306714,0.1147578958,0.213686254513,3.09106374996e-06,0.155537522125,1.20541e-16,0.161783156138,0.285501280304,0.190513792926,0.0321713716237,0.388920778812,5.65950438042e-17,0.179366587305,0.847912778575,outer_shell,outer_envelope,h1,valid,no
A2_20M,20M_pre_supernova_single_profile,20M,19.98,single,128net,outer_envelope,2,1.3,0.3,0.00887274453715,0.09180631664,0.17094900361,2.47285099997e-06,0.1244300177,9.64327999997e-17,0,0.0115345678983,0.119348211632,0.222233704693,3.21470629996e-06,0.16175902301,1.2536264e-16,0.194139787366,0.342601536365,0.228616551511,0.0386056459485,0.466704934574,6.7914052565e-17,0.215239904766,0.822882787241,outer_shell,outer_envelope,h1,valid,no
A2_20M,20M_pre_supernova_single_profile,20M,19.98,single,128net,outer_envelope,2,1.35,0.35,0.00887274453715,0.09180631664,0.17094900361,2.47285099997e-06,0.1244300177,9.64327999997e-17,0,0.0119782051252,0.123938527464,0.230781154874,3.33834884996e-06,0.167980523895,1.3018428e-16,0.226496418594,0.399701792425,0.266719310096,0.0450399202732,0.544489090336,7.92330613259e-17,0.251113222227,0.799288171713,outer_shell,outer_envelope,h1,valid,no
A2_20M,20M_pre_supernova_single_profile,20M,19.98,single,128net,outer_envelope,2,1.4,0.4,0.00887274453715,0.09180631664,0.17094900361,2.47285099997e-06,0.1244300177,9.64327999997e-17,0,0.012421842352,0.128528843296,0.239328605054,3.46199139996e-06,0.17420202478,1.3500592e-16,0.258853049821,0.456802048486,0.304822068681,0.051474194598,0.622273246098,9.05520700867e-17,0.286986539688,0.777008903483,outer_shell,outer_envelope,h1,valid,no
A2_20M,20M_pre_supernova_single_profile,20M,19.98,single,128net,outer_envelope,2,1.45,0.45,0.00887274453715,0.09180631664,0.17094900361,2.47285099997e-06,0.1244300177,9.64327999997e-17,0,0.0128654795789,0.133119159128,0.247876055235,3.58563394996e-06,0.180423525665,1.3982756e-16,0.291209681049,0.513902304547,0.342924827267,0.0579084689227,0.700057401861,1.01871078848e-16,0.322859857149,0.755937973774,outer_shell,outer_envelope,h1,valid,no
A2_20M,20M_pre_supernova_single_profile,20M,19.98,single,128net,outer_envelope,2,1.5,0.5,0.00887274453715,0.09180631664,0.17094900361,2.47285099997e-06,0.1244300177,9.64327999997e-17,0,0.0133091168057,0.13770947496,0.256423505415,3.70927649995e-06,0.18664502655,1.446492e-16,0.323566312277,0.571002560608,0.381027585852,0.0643427432475,0.777841557623,1.13190087608e-16,0.35873317461,0.735979674808,outer_shell,outer_envelope,h1,valid,no
A2_20M,20M_pre_supernova_single_profile,20M,19.98,single,128net,outer_envelope,2,0.5,0.5,0.00829646955363,0.08518260698,0.16476639263,1.87900100002e-06,0.1145517757,9.64327000013e-17,0,0.00414823477682,0.04259130349,0.082383196315,9.3950050001e-07,0.05727588785,4.82163500006e-17,0.302551036733,0.529805447871,0.367247187685,0.0488909679182,0.716090323589,1.13189970233e-16,0.333990963841,0.749630265201,outer_shell,outer_envelope,h1,valid,no
A2_20M,20M_pre_supernova_single_profile,20M,19.98,single,128net,outer_envelope,2,0.55,0.45,0.00829646955363,0.08518260698,0.16476639263,1.87900100002e-06,0.1145517757,9.64327000013e-17,0,0.0045630582545,0.046850433839,0.0906215159465,1.03345055001e-06,0.063003476635,5.30379850007e-17,0.27229593306,0.476824903084,0.330522468916,0.0440018711264,0.64448129123,1.0187097321e-16,0.300591867457,0.768880711176,outer_shell,outer_envelope,h1,valid,no
A2_20M,20M_pre_supernova_single_profile,20M,19.98,single,128net,outer_envelope,2,0.6,0.4,0.00829646955363,0.08518260698,0.16476639263,1.87900100002e-06,0.1145517757,9.64327000013e-17,0,0.00497788173218,0.051109564188,0.098859835578,1.12740060001e-06,0.06873106542,5.78596200008e-17,0.242040829386,0.423844358297,0.293797750148,0.0391127743346,0.572872258871,9.05519761865e-17,0.267192771073,0.789145915939,outer_shell,outer_envelope,h1,valid,no
A2_20M,20M_pre_supernova_single_profile,20M,19.98,single,128net,outer_envelope,2,0.65,0.35,0.00829646955363,0.08518260698,0.16476639263,1.87900100002e-06,0.1145517757,9.64327000013e-17,0,0.00539270520986,0.055368694537,0.10709815521,1.22135065001e-06,0.074458654205,6.26812550008e-17,0.211785725713,0.37086381351,0.257073031379,0.0342236775428,0.501263226512,7.92329791632e-17,0.233793674689,0.810508288797,outer_shell,outer_envelope,h1,valid,no
A2_20M,20M_pre_supernova_single_profile,20M,19.98,single,128net,outer_envelope,2,0.7,0.3,0.00829646955363,0.08518260698,0.16476639263,1.87900100002e-06,0.1145517757,9.64327000013e-17,0,0.00580752868754,0.059627824886,0.115336474841,1.31530070001e-06,0.08018624299,6.75028900009e-17,0.18153062204,0.317883268722,0.220348312611,0.0293345807509,0.429654194153,6.79139821399e-17,0.200394578305,0.833059410692,outer_shell,outer_envelope,h1,valid,no
A2_20M,20M_pre_supernova_single_profile,20M,19.98,single,128net,outer_envelope,2,0.75,0.25,0.00829646955363,0.08518260698,0.16476639263,1.87900100002e-06,0.1145517757,9.64327000013e-17,0,0.00622235216522,0.063886955235,0.123574794472,1.40925075002e-06,0.085913831775,7.2324525001e-17,0.151275518367,0.264902723935,0.183623593842,0.0244454839591,0.358045161794,5.65949851165e-17,0.166995481921,0.856901346657,outer_shell,outer_envelope,h1,valid,no
A2_20M,20M_pre_supernova_single_profile,20M,19.98,single,128net,outer_envelope,2,0.8,0.2,0.00829646955363,0.08518260698,0.16476639263,1.87900100002e-06,0.1145517757,9.64327000013e-17,0,0.0066371756429,0.068146085584,0.131813114104,1.50320080002e-06,0.09164142056,7.7146160001e-17,0.121020414693,0.211922179148,0.146898875074,0.0195563871673,0.286436129436,4.52759880932e-17,0.133596385536,0.882148190272,outer_shell,outer_envelope,h1,valid,no
A2_20M,20M_pre_supernova_single_profile,20M,19.98,single,128net,outer_envelope,2,0.85,0.15,0.00829646955363,0.08518260698,0.16476639263,1.87900100002e-06,0.1145517757,9.64327000013e-17,0,0.00705199912059,0.072405215933,0.140051433736,1.59715085002e-06,0.097369009345,8.19677950011e-17,0.0907653110199,0.158941634361,0.110174156305,0.0146672903755,0.214827097077,3.39569910699e-17,0.100197289152,0.908927889443,outer_shell,outer_envelope,h1,valid,no
A2_20M,20M_pre_supernova_single_profile,20M,19.98,single,128net,outer_envelope,2,0.9,0.1,0.00829646955363,0.08518260698,0.16476639263,1.87900100002e-06,0.1145517757,9.64327000013e-17,0,0.00746682259827,0.076664346282,0.148289753367,1.69110090002e-06,0.10309659813,8.67894300012e-17,0.0605102073466,0.105961089574,0.073449437537,0.00977819358364,0.143218064718,2.26379940466e-17,0.0667981927682,0.93738441514,outer_shell,outer_envelope,h1,valid,no
A2_20M,20M_pre_supernova_single_profile,20M,19.98,single,128net,outer_envelope,2,0.95,0.05,0.00829646955363,0.08518260698,0.16476639263,1.87900100002e-06,0.1145517757,9.64327000013e-17,0,0.00788164607595,0.080923476631,0.156528072998,1.78505095002e-06,0.108824186915,9.16110650012e-17,0.0302551036733,0.0529805447871,0.0367247187685,0.00488909679182,0.0716090323589,1.13189970233e-17,0.0333990963841,0.967680350698,outer_shell,outer_envelope,h1,valid,no
A2_20M,20M_pre_supernova_single_profile,20M,19.98,single,128net,outer_envelope,2,1,0,0.00829646955363,0.08518260698,0.16476639263,1.87900100002e-06,0.1145517757,9.64327000013e-17,0,0.00829646955363,0.08518260698,0.16476639263,1.87900100002e-06,0.1145517757,9.64327000013e-17,0,0,0,0,0,0,0,1,outer_shell,outer_envelope,h1,valid,no
A2_20M,20M_pre_supernova_single_profile,20M,19.98,single,128net,outer_envelope,2,1.05,0.05,0.00829646955363,0.08518260698,0.16476639263,1.87900100002e-06,0.1145517757,9.64327000013e-17,0,0.00871129303131,0.089441737329,0.173004712262,1.97295105002e-06,0.120279364485,1.01254335001e-16,0.0302551036733,0.0529805447871,0.0367247187685,0.00488909679182,0.0716090323589,1.13189970233e-17,0.0333990963841,0.967680350698,outer_shell,outer_envelope,h1,valid,no
A2_20M,20M_pre_supernova_single_profile,20M,19.98,single,128net,outer_envelope,2,1.1,0.1,0.00829646955363,0.08518260698,0.16476639263,1.87900100002e-06,0.1145517757,9.64327000013e-17,0,0.00912611650899,0.093700867678,0.181243031893,2.06690110002e-06,0.12600695327,1.06075970001e-16,0.0605102073466,0.105961089574,0.073449437537,0.00977819358364,0.143218064718,2.26379940466e-17,0.0667981927682,0.93738441514,outer_shell,outer_envelope,h1,valid,no
A2_20M,20M_pre_supernova_single_profile,20M,19.98,single,128net,outer_envelope,2,1.15,0.15,0.00829646955363,0.08518260698,0.16476639263,1.87900100002e-06,0.1145517757,9.64327000013e-17,0,0.00954093998667,0.097959998027,0.189481351524,2.16085115002e-06,0.131734542055,1.10897605001e-16,0.0907653110199,0.158941634361,0.110174156305,0.0146672903755,0.214827097077,3.39569910699e-17,0.100197289152,0.908927889443,outer_shell,outer_envelope,h1,valid,no
A2_20M,20M_pre_supernova_single_profile,20M,19.98,single,128net,outer_envelope,2,1.2,0.2,0.00829646955363,0.08518260698,0.16476639263,1.87900100002e-06,0.1145517757,9.64327000013e-17,0,0.00995576346436,0.102219128376,0.197719671156,2.25480120002e-06,0.13746213084,1.15719240002e-16,0.121020414693,0.211922179148,0.146898875074,0.0195563871673,0.286436129436,4.52759880932e-17,0.133596385536,0.882148190272,outer_shell,outer_envelope,h1,valid,no
A2_20M,20M_pre_supernova_single_profile,20M,19.98,single,128net,outer_envelope,2,1.25,0.25,0.00829646955363,0.08518260698,0.16476639263,1.87900100002e-06,0.1145517757,9.64327000013e-17,0,0.010370586942,0.106478258725,0.205957990788,2.34875125003e-06,0.143189719625,1.20540875002e-16,0.151275518367,0.264902723935,0.183623593842,0.0244454839591,0.358045161794,5.65949851165e-17,0.166995481921,0.856901346657,outer_shell,outer_envelope,h1,valid,no
A2_20M,20M_pre_supernova_single_profile,20M,19.98,single,128net,outer_envelope,2,1.3,0.3,0.00829646955363,0.08518260698,0.16476639263,1.87900100002e-06,0.1145517757,9.64327000013e-17,0,0.0107854104197,0.110737389074,0.214196310419,2.44270130003e-06,0.14891730841,1.25362510002e-16,0.18153062204,0.317883268722,0.220348312611,0.0293345807509,0.429654194153,6.79139821399e-17,0.200394578305,0.833059410692,outer_shell,outer_envelope,h1,valid,no
A2_20M,20M_pre_supernova_single_profile,20M,19.98,single,128net,outer_envelope,2,1.35,0.35,0.00829646955363,0.08518260698,0.16476639263,1.87900100002e-06,0.1145517757,9.64327000013e-17,0,0.0112002338974,0.114996519423,0.222434630051,2.53665135003e-06,0.154644897195,1.30184145002e-16,0.211785725713,0.37086381351,0.257073031379,0.0342236775428,0.501263226512,7.92329791632e-17,0.233793674689,0.810508288797,outer_shell,outer_envelope,h1,valid,no
A2_20M,20M_pre_supernova_single_profile,20M,19.98,single,128net,outer_envelope,2,1.4,0.4,0.00829646955363,0.08518260698,0.16476639263,1.87900100002e-06,0.1145517757,9.64327000013e-17,0,0.0116150573751,0.119255649772,0.230672949682,2.63060140003e-06,0.16037248598,1.35005780002e-16,0.242040829386,0.423844358297,0.293797750148,0.0391127743346,0.572872258871,9.05519761865e-17,0.267192771073,0.789145915939,outer_shell,outer_envelope,h1,valid,no
A2_20M,20M_pre_supernova_single_profile,20M,19.98,single,128net,outer_envelope,2,1.45,0.45,0.00829646955363,0.08518260698,0.16476639263,1.87900100002e-06,0.1145517757,9.64327000013e-17,0,0.0120298808528,0.123514780121,0.238911269314,2.72455145003e-06,0.166100074765,1.39827415002e-16,0.27229593306,0.476824903084,0.330522468916,0.0440018711264,0.64448129123,1.0187097321e-16,0.300591867457,0.768880711176,outer_shell,outer_envelope,h1,valid,no
A2_20M,20M_pre_supernova_single_profile,20M,19.98,single,128net,outer_envelope,2,1.5,0.5,0.00829646955363,0.08518260698,0.16476639263,1.87900100002e-06,0.1145517757,9.64327000013e-17,0,0.0124447043304,0.12777391047,0.247149588945,2.81850150003e-06,0.17182766355,1.44649050002e-16,0.302551036733,0.529805447871,0.367247187685,0.0488909679182,0.716090323589,1.13189970233e-16,0.333990963841,0.749630265201,outer_shell,outer_envelope,h1,valid,no
A2_20M,20M_pre_supernova_single_profile,20M,19.98,single,128net,outer_envelope,2,0.5,0.5,0.00848687018769,0.08491880174,0.1801761603,1.60651900005e-06,0.1140318807,1.92865499998e-16,0,0.00424343509384,0.04245940087,0.09008808015,8.03259500025e-07,0.05701594035,9.6432749999e-17,0.309494461145,0.528164673324,0.401593960406,0.041801078813,0.712840336616,2.26380057838e-16,0.340879537516,0.745779148702,outer_shell,outer_envelope,h1,valid,no
A2_20M,20M_pre_supernova_single_profile,20M,19.98,single,128net,outer_envelope,2,0.55,0.45,0.00848687018769,0.08491880174,0.1801761603,1.60651900005e-06,0.1140318807,1.92865499998e-16,0,0.00466777860323,0.046705340957,0.099096888165,8.83585450028e-07,0.062717534385,1.06076024999e-16,0.27854501503,0.475348205992,0.361434564365,0.0376209709317,0.641556302954,2.03742052054e-16,0.306791583764,0.765232966316,outer_shell,outer_envelope,h1,valid,no
A2_20M,20M_pre_supernova_single_profile,20M,19.98,single,128net,outer_envelope,2,0.6,0.4,0.00848687018769,0.08491880174,0.1801761603,1.60651900005e-06,0.1140318807,1.92865499998e-16,0,0.00509212211261,0.050951281044,0.10810569618,9.6391140003e-07,0.06841912842,1.15719299999e-16,0.247595568916,0.422531738659,0.321275168325,0.0334408630504,0.570272269293,1.8110404627e-16,0.272703630013,0.785728881743,outer_shell,outer_envelope,h1,valid,no
A2_20M,20M_pre_supernova_single_profile,20M,19.98,single,128net,outer_envelope,2,0.65,0.35,0.00848687018769,0.08491880174,0.1801761603,1.60651900005e-06,0.1140318807,1.92865499998e-16,0,0.005516465622,0.055197221131,0.117114504195,1.04423735003e-06,0.074120722455,1.25362574999e-16,0.216646122801,0.369715271327,0.281115772284,0.0292607551691,0.498988235631,1.58466040487e-16,0.238615676261,0.807352933735,outer_shell,outer_envelope,h1,valid,no
A2_20M,20M_pre_supernova_single_profile,20M,19.98,single,128net,outer_envelope,2,0.7,0.3,0.00848687018769,0.08491880174,0.1801761603,1.60651900005e-06,0.1140318807,1.92865499998e-16,0,0.00594080913138,0.059443161218,0.12612331221,1.12456330003e-06,0.07982231649,1.35005849999e-16,0.185696676687,0.316898803995,0.240956376243,0.0250806472878,0.427704201969,1.35828034703e-16,0.204527722509,0.830200900579,outer_shell,outer_envelope,h1,valid,no
A2_20M,20M_pre_supernova_single_profile,20M,19.98,single,128net,outer_envelope,2,0.75,0.25,0.00848687018769,0.08491880174,0.1801761603,1.60651900005e-06,0.1140318807,1.92865499998e-16,0,0.00636515264077,0.063689101305,0.135132120225,1.20488925004e-06,0.085523910525,1.44649124999e-16,0.154747230572,0.264082336662,0.200796980203,0.0209005394065,0.356420168308,1.13190028919e-16,0.170439768758,0.85437971837,outer_shell,outer_envelope,h1,valid,no
A2_20M,20M_pre_supernova_single_profile,20M,19.98,single,128net,outer_envelope,2,0.8,0.2,0.00848687018769,0.08491880174,0.1801761603,1.60651900005e-06,0.1140318807,1.92865499998e-16,0,0.00678949615015,0.067935041392,0.14414092824,1.28521520004e-06,0.09122550456,1.54292399998e-16,0.123797784458,0.21126586933,0.160637584162,0.0167204315252,0.285136134646,9.05520231352e-17,0.136351815006,0.880009154554,outer_shell,outer_envelope,h1,valid,no
A2_20M,20M_pre_supernova_single_profile,20M,19.98,single,128net,outer_envelope,2,0.85,0.15,0.00848687018769,0.08491880174,0.1801761603,1.60651900005e-06,0.1140318807,1.92865499998e-16,0,0.00721383965954,0.072180981479,0.153149736255,1.36554115004e-06,0.096927098595,1.63935674998e-16,0.0928483383434,0.158449401997,0.120478188122,0.0125403236439,0.213852100985,6.79140173514e-17,0.102263861255,0.907223792007,outer_shell,outer_envelope,h1,valid,no
A2_20M,20M_pre_supernova_single_profile,20M,19.98,single,128net,outer_envelope,2,0.9,0.1,0.00848687018769,0.08491880174,0.1801761603,1.60651900005e-06,0.1140318807,1.92865499998e-16,0,0.00763818316892,0.076426921566,0.16215854427,1.44586710004e-06,0.10262869263,1.73578949998e-16,0.061898892229,0.105632934665,0.0803187920811,0.00836021576259,0.142568067323,4.52760115676e-17,0.0681759075031,0.936175393,outer_shell,outer_envelope,h1,valid,no
A2_20M,20M_pre_supernova_single_profile,20M,19.98,single,128net,outer_envelope,2,0.95,0.05,0.00848687018769,0.08491880174,0.1801761603,1.60651900005e-06,0.1140318807,1.92865499998e-16,0,0.00806252667831,0.080672861653,0.171167352285,1.52619305005e-06,0.108330286665,1.83222224998e-16,0.0309494461145,0.0528164673324,0.0401593960406,0.0041801078813,0.0712840336616,2.26380057838e-17,0.0340879537516,0.967035730735,outer_shell,outer_envelope,h1,valid,no
A2_20M,20M_pre_supernova_single_profile,20M,19.98,single,128net,outer_envelope,2,1,0,0.00848687018769,0.08491880174,0.1801761603,1.60651900005e-06,0.1140318807,1.92865499998e-16,0,0.00848687018769,0.08491880174,0.1801761603,1.60651900005e-06,0.1140318807,1.92865499998e-16,0,0,0,0,0,0,0,1,outer_shell,outer_envelope,h1,valid,no
A2_20M,20M_pre_supernova_single_profile,20M,19.98,single,128net,outer_envelope,2,1.05,0.05,0.00848687018769,0.08491880174,0.1801761603,1.60651900005e-06,0.1140318807,1.92865499998e-16,0,0.00891121369707,0.089164741827,0.189184968315,1.68684495005e-06,0.119733474735,2.02508774998e-16,0.0309494461145,0.0528164673324,0.0401593960406,0.0041801078813,0.0712840336616,2.26380057838e-17,0.0340879537516,0.967035730735,outer_shell,outer_envelope,h1,valid,no
A2_20M,20M_pre_supernova_single_profile,20M,19.98,single,128net,outer_envelope,2,1.1,0.1,0.00848687018769,0.08491880174,0.1801761603,1.60651900005e-06,0.1140318807,1.92865499998e-16,0,0.00933555720646,0.093410681914,0.19819377633,1.76717090006e-06,0.12543506877,2.12152049998e-16,0.061898892229,0.105632934665,0.0803187920811,0.00836021576259,0.142568067323,4.52760115676e-17,0.0681759075031,0.936175393,outer_shell,outer_envelope,h1,valid,no
A2_20M,20M_pre_supernova_single_profile,20M,19.98,single,128net,outer_envelope,2,1.15,0.15,0.00848687018769,0.08491880174,0.1801761603,1.60651900005e-06,0.1140318807,1.92865499998e-16,0,0.00975990071584,0.097656622001,0.207202584345,1.84749685006e-06,0.131136662805,2.21795324998e-16,0.0928483383434,0.158449401997,0.120478188122,0.0125403236439,0.213852100985,6.79140173514e-17,0.102263861255,0.907223792007,outer_shell,outer_envelope,h1,valid,no
A2_20M,20M_pre_supernova_single_profile,20M,19.98,single,128net,outer_envelope,2,1.2,0.2,0.00848687018769,0.08491880174,0.1801761603,1.60651900005e-06,0.1140318807,1.92865499998e-16,0,0.0101842442252,0.101902562088,0.21621139236,1.92782280006e-06,0.13683825684,2.31438599998e-16,0.123797784458,0.21126586933,0.160637584162,0.0167204315252,0.285136134646,9.05520231352e-17,0.136351815006,0.880009154554,outer_shell,outer_envelope,h1,valid,no
A2_20M,20M_pre_supernova_single_profile,20M,19.98,single,128net,outer_envelope,2,1.25,0.25,0.00848687018769,0.08491880174,0.1801761603,1.60651900005e-06,0.1140318807,1.92865499998e-16,0,0.0106085877346,0.106148502175,0.225220200375,2.00814875006e-06,0.142539850875,2.41081874998e-16,0.154747230572,0.264082336662,0.200796980203,0.0209005394065,0.356420168308,1.13190028919e-16,0.170439768758,0.85437971837,outer_shell,outer_envelope,h1,valid,no
A2_20M,20M_pre_supernova_single_profile,20M,19.98,single,128net,outer_envelope,2,1.3,0.3,0.00848687018769,0.08491880174,0.1801761603,1.60651900005e-06,0.1140318807,1.92865499998e-16,0,0.011032931244,0.110394442262,0.23422900839,2.08847470007e-06,0.14824144491,2.50725149997e-16,0.185696676687,0.316898803995,0.240956376243,0.0250806472878,0.427704201969,1.35828034703e-16,0.204527722509,0.830200900579,outer_shell,outer_envelope,h1,valid,no
A2_20M,20M_pre_supernova_single_profile,20M,19.98,single,128net,outer_envelope,2,1.35,0.35,0.00848687018769,0.08491880174,0.1801761603,1.60651900005e-06,0.1140318807,1.92865499998e-16,0,0.0114572747534,0.114640382349,0.243237816405,2.16880065007e-06,0.153943038945,2.60368424997e-16,0.216646122801,0.369715271327,0.281115772284,0.0292607551691,0.498988235631,1.58466040487e-16,0.238615676261,0.807352933735,outer_shell,outer_envelope,h1,valid,no
A2_20M,20M_pre_supernova_single_profile,20M,19.98,single,128net,outer_envelope,2,1.4,0.4,0.00848687018769,0.08491880174,0.1801761603,1.60651900005e-06,0.1140318807,1.92865499998e-16,0,0.0118816182628,0.118886322436,0.25224662442,2.24912660007e-06,0.15964463298,2.70011699997e-16,0.247595568916,0.422531738659,0.321275168325,0.0334408630504,0.570272269293,1.8110404627e-16,0.272703630013,0.785728881743,outer_shell,outer_envelope,h1,valid,no
A2_20M,20M_pre_supernova_single_profile,20M,19.98,single,128net,outer_envelope,2,1.45,0.45,0.00848687018769,0.08491880174,0.1801761603,1.60651900005e-06,0.1140318807,1.92865499998e-16,0,0.0123059617722,0.123132262523,0.261255432435,2.32945255007e-06,0.165346227015,2.79654974997e-16,0.27854501503,0.475348205992,0.361434564365,0.0376209709317,0.641556302954,2.03742052054e-16,0.306791583764,0.765232966316,outer_shell,outer_envelope,h1,valid,no
A2_20M,20M_pre_supernova_single_profile,20M,19.98,single,128net,outer_envelope,2,1.5,0.5,0.00848687018769,0.08491880174,0.1801761603,1.60651900005e-06,0.1140318807,1.92865499998e-16,0,0.0127303052815,0.12737820261,0.27026424045,2.40977850008e-06,0.17104782105,2.89298249997e-16,0.309494461145,0.528164673324,0.401593960406,0.041801078813,0.712840336616,2.26380057838e-16,0.340879537516,0.745779148702,outer_shell,outer_envelope,h1,valid,no
A2_20M,20M_pre_supernova_single_profile,20M,19.98,single,128net,outer_envelope,2,0.5,0.5,0.0150106244052,0.19061324429,0.10476275995,1.17712199998e-06,0.2604101302,3.85730999999e-16,0,0.0075053122026,0.095306622145,0.052381379975,5.8856099999e-07,0.1302050651,1.92865499999e-16,0.547399101081,1.18554642598,0.233505318358,0.0306283146929,1.62788549773,4.52760115679e-16,0.588042921115,0.629705901965,outer_shell,outer_envelope,h1,valid,no
A2_20M,20M_pre_supernova_single_profile,20M,19.98,single,128net,outer_envelope,2,0.55,0.45,0.0150106244052,0.19061324429,0.10476275995,1.17712199998e-06,0.2604101302,3.85730999999e-16,0,0.00825584342286,0.10483728436,0.0576195179725,6.47417099989e-07,0.14322557161,2.12152049999e-16,0.492659190973,1.06699178339,0.210154786522,0.0275654832236,1.46509694795,4.07484104111e-16,0.529238629004,0.6539201803,outer_shell,outer_envelope,h1,valid,no
A2_20M,20M_pre_supernova_single_profile,20M,19.98,single,128net,outer_envelope,2,0.6,0.4,0.0150106244052,0.19061324429,0.10476275995,1.17712199998e-06,0.2604101302,3.85730999999e-16,0,0.00900637464312,0.114367946574,0.06285765597,7.06273199988e-07,0.15624607812,2.31438599999e-16,0.437919280865,0.948437140787,0.186804254686,0.0245026517543,1.30230839818,3.62208092544e-16,0.470434336892,0.680071170069,outer_shell,outer_envelope,h1,valid,no
A2_20M,20M_pre_supernova_single_profile,20M,19.98,single,128net,outer_envelope,2,0.65,0.35,0.0150106244052,0.19061324429,0.10476275995,1.17712199998e-06,0.2604101302,3.85730999999e-16,0,0.00975690586338,0.123898608789,0.0680957939675,7.65129299987e-07,0.16926658463,2.50725149999e-16,0.383179370757,0.829882498189,0.16345372285,0.021439820285,1.13951984841,3.16932080976e-16,0.411630044781,0.708400904116,outer_shell,outer_envelope,h1,valid,no
A2_20M,20M_pre_supernova_single_profile,20M,19.98,single,128net,outer_envelope,2,0.7,0.3,0.0150106244052,0.19061324429,0.10476275995,1.17712199998e-06,0.2604101302,3.85730999999e-16,0,0.0105074370836,0.133429271003,0.073333931965,8.23985399986e-07,0.18228709114,2.70011699999e-16,0.328439460649,0.711327855591,0.140103191015,0.0183769888157,0.976731298635,2.71656069408e-16,0.352825752669,0.739193497778,outer_shell,outer_envelope,h1,valid,no
A2_20M,20M_pre_supernova_single_profile,20M,19.98,single,128net,outer_envelope,2,0.75,0.25,0.0150106244052,0.19061324429,0.10476275995,1.17712199998e-06,0.2604101302,3.85730999999e-16,0,0.0112579683039,0.142959933218,0.0785720699625,8.82841499985e-07,0.19530759765,2.89298249999e-16,0.273699550541,0.592773212992,0.116752659179,0.0153141573464,0.813942748863,2.2638005784e-16,0.294021460558,0.772784710672,outer_shell,outer_envelope,h1,valid,no
A2_20M,20M_pre_supernova_single_profile,20M,19.98,single,128net,outer_envelope,2,0.8,0.2,0.0150106244052,0.19061324429,0.10476275995,1.17712199998e-06,0.2604101302,3.85730999999e-16,0,0.0120084995242,0.152490595432,0.08381020796,9.41697599984e-07,0.20832810416,3.08584799999e-16,0.218959640432,0.474218570394,0.0934021273431,0.0122513258772,0.65115419909,1.81104046272e-16,0.235217168446,0.809574239693,outer_shell,outer_envelope,h1,valid,no
A2_20M,20M_pre_supernova_single_profile,20M,19.98,single,128net,outer_envelope,2,0.85,0.15,0.0150106244052,0.19061324429,0.10476275995,1.17712199998e-06,0.2604101302,3.85730999999e-16,0,0.0127590307444,0.162021257647,0.0890483459575,1.00055369998e-06,0.22134861067,3.27871349999e-16,0.164219730324,0.355663927795,0.0700515955074,0.00918849440787,0.488365649318,1.35828034704e-16,0.176412876335,0.850041698894,outer_shell,outer_envelope,h1,valid,no
A2_20M,20M_pre_supernova_single_profile,20M,19.98,single,128net,outer_envelope,2,0.9,0.1,0.0150106244052,0.19061324429,0.10476275995,1.17712199998e-06,0.2604101302,3.85730999999e-16,0,0.0135095619647,0.171551919861,0.094286483955,1.05940979998e-06,0.23436911718,3.47157899999e-16,0.109479820216,0.237109285197,0.0467010636716,0.00612566293858,0.325577099545,9.05520231359e-17,0.117608584223,0.894767644162,outer_shell,outer_envelope,h1,valid,no
A2_20M,20M_pre_supernova_single_profile,20M,19.98,single,128net,outer_envelope,2,0.95,0.05,0.0150106244052,0.19061324429,0.10476275995,1.17712199998e-06,0.2604101302,3.85730999999e-16,0,0.0142600931849,0.181082582076,0.0995246219525,1.11826589998e-06,0.24738962369,3.66444449999e-16,0.0547399101081,0.118554642598,0.0233505318358,0.00306283146929,0.162788549773,4.52760115679e-17,0.0588042921115,0.944461603953,outer_shell,outer_envelope,h1,valid,no
A2_20M,20M_pre_supernova_single_profile,20M,19.98,single,128net,outer_envelope,2,1,0,0.0150106244052,0.19061324429,0.10476275995,1.17712199998e-06,0.2604101302,3.85730999999e-16,0,0.0150106244052,0.19061324429,0.10476275995,1.17712199998e-06,0.2604101302,3.85730999999e-16,0,0,0,0,0,0,0,1,outer_shell,outer_envelope,h1,valid,no
A2_20M,20M_pre_supernova_single_profile,20M,19.98,single,128net,outer_envelope,2,1.05,0.05,0.0150106244052,0.19061324429,0.10476275995,1.17712199998e-06,0.2604101302,3.85730999999e-16,0,0.0157611556255,0.200143906505,0.110000897948,1.23597809998e-06,0.27343063671,4.05017549999e-16,0.0547399101081,0.118554642598,0.0233505318358,0.00306283146929,0.162788549773,4.52760115679e-17,0.0588042921115,0.944461603953,outer_shell,outer_envelope,h1,valid,no
A2_20M,20M_pre_supernova_single_profile,20M,19.98,single,128net,outer_envelope,2,1.1,0.1,0.0150106244052,0.19061324429,0.10476275995,1.17712199998e-06,0.2604101302,3.85730999999e-16,0,0.0165116868457,0.209674568719,0.115239035945,1.29483419998e-06,0.28645114322,4.24304099999e-16,0.109479820216,0.237109285197,0.0467010636716,0.00612566293858,0.325577099545,9.05520231359e-17,0.117608584223,0.894767644162,outer_shell,outer_envelope,h1,valid,no
A2_20M,20M_pre_supernova_single_profile,20M,19.98,single,128net,outer_envelope,2,1.15,0.15,0.0150106244052,0.19061324429,0.10476275995,1.17712199998e-06,0.2604101302,3.85730999999e-16,0,0.017262218066,0.219205230934,0.120477173943,1.35369029998e-06,0.29947164973,4.43590649999e-16,0.164219730324,0.355663927795,0.0700515955074,0.00918849440787,0.488365649318,1.35828034704e-16,0.176412876335,0.850041698894,outer_shell,outer_envelope,h1,valid,no
A2_20M,20M_pre_supernova_single_profile,20M,19.98,single,128net,outer_envelope,2,1.2,0.2,0.0150106244052,0.19061324429,0.10476275995,1.17712199998e-06,0.2604101302,3.85730999999e-16,0,0.0180127492862,0.228735893148,0.12571531194,1.41254639998e-06,0.31249215624,4.62877199999e-16,0.218959640432,0.474218570394,0.0934021273431,0.0122513258772,0.65115419909,1.81104046272e-16,0.235217168446,0.809574239693,outer_shell,outer_envelope,h1,valid,no
A2_20M,20M_pre_supernova_single_profile,20M,19.98,single,128net,outer_envelope,2,1.25,0.25,0.0150106244052,0.19061324429,0.10476275995,1.17712199998e-06,0.2604101302,3.85730999999e-16,0,0.0187632805065,0.238266555363,0.130953449938,1.47140249998e-06,0.32551266275,4.82163749999e-16,0.273699550541,0.592773212992,0.116752659179,0.0153141573464,0.813942748863,2.2638005784e-16,0.294021460558,0.772784710672,outer_shell,outer_envelope,h1,valid,no
A2_20M,20M_pre_supernova_single_profile,20M,19.98,single,128net,outer_envelope,2,1.3,0.3,0.0150106244052,0.19061324429,0.10476275995,1.17712199998e-06,0.2604101302,3.85730999999e-16,0,0.0195138117268,0.247797217577,0.136191587935,1.53025859997e-06,0.33853316926,5.01450299999e-16,0.328439460649,0.711327855591,0.140103191015,0.0183769888157,0.976731298635,2.71656069408e-16,0.352825752669,0.739193497778,outer_shell,outer_envelope,h1,valid,no
A2_20M,20M_pre_supernova_single_profile,20M,19.98,single,128net,outer_envelope,2,1.35,0.35,0.0150106244052,0.19061324429,0.10476275995,1.17712199998e-06,0.2604101302,3.85730999999e-16,0,0.020264342947,0.257327879792,0.141429725933,1.58911469997e-06,0.35155367577,5.20736849999e-16,0.383179370757,0.829882498189,0.16345372285,0.021439820285,1.13951984841,3.16932080976e-16,0.411630044781,0.708400904116,outer_shell,outer_envelope,h1,valid,no
A2_20M,20M_pre_supernova_single_profile,20M,19.98,single,128net,outer_envelope,2,1.4,0.4,0.0150106244052,0.19061324429,0.10476275995,1.17712199998e-06,0.2604101302,3.85730999999e-16,0,0.0210148741673,0.266858542006,0.14666786393,1.64797079997e-06,0.36457418228,5.40023399999e-16,0.437919280865,0.948437140787,0.186804254686,0.0245026517543,1.30230839818,3.62208092544e-16,0.470434336892,0.680071170069,outer_shell,outer_envelope,h1,valid,no
A2_20M,20M_pre_supernova_single_profile,20M,19.98,single,128net,outer_envelope,2,1.45,0.45,0.0150106244052,0.19061324429,0.10476275995,1.17712199998e-06,0.2604101302,3.85730999999e-16,0,0.0217654053875,0.276389204221,0.151906001928,1.70682689997e-06,0.37759468879,5.59309949999e-16,0.492659190973,1.06699178339,0.210154786522,0.0275654832236,1.46509694795,4.07484104111e-16,0.529238629004,0.6539201803,outer_shell,outer_envelope,h1,valid,no
A2_20M,20M_pre_supernova_single_profile,20M,19.98,single,128net,outer_envelope,2,1.5,0.5,0.0150106244052,0.19061324429,0.10476275995,1.17712199998e-06,0.2604101302,3.85730999999e-16,0,0.0225159366078,0.285919866435,0.157144139925,1.76568299997e-06,0.3906151953,5.78596499998e-16,0.547399101081,1.18554642598,0.233505318358,0.0306283146929,1.62788549773,4.52760115679e-16,0.588042921115,0.629705901965,outer_shell,outer_envelope,h1,valid,no
A2_20M,20M_pre_supernova_single_profile,20M,19.98,single,128net,outer_shell,3,0.5,0.5,0.0108717454581,0.0716384157,0.19845642543,3.29529999954e-08,0.0808939663,0.76480525877,0,0.00543587272905,0.03581920785,0.099228212715,1.64764999977e-08,0.04044698315,0.382402629385,0.396464765908,0.445565406605,0.442338774029,0.000857425869155,0.505687372807,0.897706737166,0.417165052482,0.705634109625,outer_shell,helium_rich,he4,valid,no
A2_20M,20M_pre_supernova_single_profile,20M,19.98,single,128net,outer_shell,3,0.55,0.45,0.0108717454581,0.0716384157,0.19845642543,3.29529999954e-08,0.0808939663,0.76480525877,0,0.00597946000196,0.039401128635,0.109151033987,1.81241499975e-08,0.044491681465,0.420642892324,0.356818289318,0.401008865944,0.398104896626,0.000771683282239,0.455118635527,0.807936063449,0.375448547233,0.727035556518,outer_shell,helium_rich,he4,valid,no
A2_20M,20M_pre_supernova_single_profile,20M,19.98,single,128net,outer_shell,3,0.6,0.4,0.0108717454581,0.0716384157,0.19845642543,3.29529999954e-08,0.0808939663,0.76480525877,0,0.00652304727486,0.04298304942,0.119073855258,1.97717999972e-08,0.04853637978,0.458883155262,0.317171812727,0.356452325284,0.353871019223,0.000685940695324,0.404549898246,0.718165389733,0.333732041985,0.749775793428,outer_shell,helium_rich,he4,valid,no
A2_20M,20M_pre_supernova_single_profile,20M,19.98,single,128net,outer_shell,3,0.65,0.35,0.0108717454581,0.0716384157,0.19845642543,3.29529999954e-08,0.0808939663,0.76480525877,0,0.00706663454776,0.046564970205,0.12899667653,2.1419449997e-08,0.052581078095,0.497123418201,0.277525336136,0.311895784623,0.30963714182,0.000600198108408,0.353981160965,0.628394716016,0.292015536737,0.773984500624,outer_shell,helium_rich,he4,valid,no
A2_20M,20M_pre_supernova_single_profile,20M,19.98,single,128net,outer_shell,3,0.7,0.3,0.0108717454581,0.0716384157,0.19845642543,3.29529999954e-08,0.0808939663,0.76480525877,0,0.00761022182067,0.05014689099,0.138919497801,2.30670999968e-08,0.05662577641,0.535363681139,0.237878859545,0.267339243963,0.265403264417,0.000514455521493,0.303412423684,0.5386240423,0.250299031489,0.799808665619,outer_shell,helium_rich,he4,valid,no
A2_20M,20M_pre_supernova_single_profile,20M,19.98,single,128net,outer_shell,3,0.75,0.25,0.0108717454581,0.0716384157,0.19845642543,3.29529999954e-08,0.0808939663,0.76480525877,0,0.00815380909357,0.053728811775,0.148842319073,2.47147499966e-08,0.060670474725,0.573603944078,0.198232382954,0.222782703302,0.221169387015,0.000428712934577,0.252843686404,0.448853368583,0.208582526241,0.827415570131,outer_shell,helium_rich,he4,valid,no
A2_20M,20M_pre_supernova_single_profile,20M,19.98,single,128net,outer_shell,3,0.8,0.2,0.0108717454581,0.0716384157,0.19845642543,3.29529999954e-08,0.0808939663,0.76480525877,0,0.00869739636648,0.05731073256,0.158765140344,2.63623999963e-08,0.06471517304,0.611844207016,0.158585906363,0.178226162642,0.176935509612,0.000342970347662,0.202274949123,0.359082694866,0.166866020993,0.856996417763,outer_shell,helium_rich,he4,valid,no
A2_20M,20M_pre_supernova_single_profile,20M,19.98,single,128net,outer_shell,3,0.85,0.15,0.0108717454581,0.0716384157,0.19845642543,3.29529999954e-08,0.0808939663,0.76480525877,0,0.00924098363939,0.060892653345,0.168687961616,2.80100499961e-08,0.068759871355,0.650084469955,0.118939429773,0.133669621981,0.132701632209,0.000257227760746,0.151706211842,0.26931202115,0.125149515744,0.888770768691,outer_shell,helium_rich,he4,valid,no
A2_20M,20M_pre_supernova_single_profile,20M,19.98,single,128net,outer_shell,3,0.9,0.1,0.0108717454581,0.0716384157,0.19845642543,3.29529999954e-08,0.0808939663,0.76480525877,0,0.00978457091229,0.06447457413,0.178610782887,2.96576999959e-08,0.07280456967,0.688324732893,0.0792929531817,0.0891130813209,0.0884677548058,0.000171485173831,0.101137474561,0.179541347433,0.0834330104963,0.92299199887,outer_shell,helium_rich,he4,valid,no
A2_20M,20M_pre_supernova_single_profile,20M,19.98,single,128net,outer_shell,3,0.95,0.05,0.0108717454581,0.0716384157,0.19845642543,3.29529999954e-08,0.0808939663,0.76480525877,0,0.0103281581852,0.068056494915,0.188533604158,3.13053499956e-08,0.076849267985,0.726564995832,0.0396464765908,0.0445565406605,0.0442338774029,8.57425869155e-05,0.0505687372807,0.0897706737166,0.0417165052482,0.959954070961,outer_shell,helium_rich,he4,valid,no
A2_20M,20M_pre_supernova_single_profile,20M,19.98,single,128net,outer_shell,3,1,0,0.0108717454581,0.0716384157,0.19845642543,3.29529999954e-08,0.0808939663,0.76480525877,0,0.0108717454581,0.0716384157,0.19845642543,3.29529999954e-08,0.0808939663,0.76480525877,0,0,0,0,0,0,0,1,outer_shell,helium_rich,he4,valid,no
A2_20M,20M_pre_supernova_single_profile,20M,19.98,single,128net,outer_shell,3,1.05,0.05,0.0108717454581,0.0716384157,0.19845642543,3.29529999954e-08,0.0808939663,0.76480525877,0,0.011415332731,0.075220336485,0.208379246702,3.46006499952e-08,0.084938664615,0.803045521709,0.0396464765908,0.0445565406605,0.0442338774029,8.57425869155e-05,0.0505687372807,0.0897706737166,0.0417165052482,0.959954070961,outer_shell,helium_rich,he4,valid,no
A2_20M,20M_pre_supernova_single_profile,20M,19.98,single,128net,outer_shell,3,1.1,0.1,0.0108717454581,0.0716384157,0.19845642543,3.29529999954e-08,0.0808939663,0.76480525877,0,0.0119589200039,0.07880225727,0.218302067973,3.62482999949e-08,0.08898336293,0.841285784647,0.0792929531817,0.0891130813209,0.0884677548058,0.000171485173831,0.101137474561,0.179541347433,0.0834330104963,0.92299199887,outer_shell,helium_rich,he4,valid,no
A2_20M,20M_pre_supernova_single_profile,20M,19.98,single,128net,outer_shell,3,1.15,0.15,0.0108717454581,0.0716384157,0.19845642543,3.29529999954e-08,0.0808939663,0.76480525877,0,0.0125025072768,0.082384178055,0.228224889244,3.78959499947e-08,0.093028061245,0.879526047586,0.118939429773,0.133669621981,0.132701632209,0.000257227760746,0.151706211842,0.26931202115,0.125149515744,0.888770768691,outer_shell,helium_rich,he4,valid,no
A2_20M,20M_pre_supernova_single_profile,20M,19.98,single,128net,outer_shell,3,1.2,0.2,0.0108717454581,0.0716384157,0.19845642543,3.29529999954e-08,0.0808939663,0.76480525877,0,0.0130460945497,0.08596609884,0.238147710516,3.95435999945e-08,0.09707275956,0.917766310524,0.158585906363,0.178226162642,0.176935509612,0.000342970347662,0.202274949123,0.359082694866,0.166866020993,0.856996417763,outer_shell,helium_rich,he4,valid,no
A2_20M,20M_pre_supernova_single_profile,20M,19.98,single,128net,outer_shell,3,1.25,0.25,0.0108717454581,0.0716384157,0.19845642543,3.29529999954e-08,0.0808939663,0.76480525877,0,0.0135896818226,0.089548019625,0.248070531787,4.11912499942e-08,0.101117457875,0.956006573463,0.198232382954,0.222782703302,0.221169387015,0.000428712934577,0.252843686404,0.448853368583,0.208582526241,0.827415570131,outer_shell,helium_rich,he4,valid,no
A2_20M,20M_pre_supernova_single_profile,20M,19.98,single,128net,outer_shell,3,1.3,0.3,0.0108717454581,0.0716384157,0.19845642543,3.29529999954e-08,0.0808939663,0.76480525877,0,0.0141332690955,0.09312994041,0.257993353059,4.2838899994e-08,0.10516215619,0.994246836401,0.237878859545,0.267339243963,0.265403264417,0.000514455521493,0.303412423684,0.5386240423,0.250299031489,0.799808665619,outer_shell,helium_rich,he4,valid,no
A2_20M,20M_pre_supernova_single_profile,20M,19.98,single,128net,outer_shell,3,1.35,0.35,0.0108717454581,0.0716384157,0.19845642543,3.29529999954e-08,0.0808939663,0.76480525877,0,0.0146768563684,0.096711861195,0.267916174331,4.44865499938e-08,0.109206854505,1.03248709934,0.277525336136,0.311895784623,0.30963714182,0.000600198108408,0.353981160965,0.628394716016,0.292015536737,0.773984500624,outer_shell,helium_rich,he4,valid,no
A2_20M,20M_pre_supernova_single_profile,20M,19.98,single,128net,outer_shell,3,1.4,0.4,0.0108717454581,0.0716384157,0.19845642543,3.29529999954e-08,0.0808939663,0.76480525877,0,0.0152204436413,0.10029378198,0.277838995602,4.61341999936e-08,0.11325155282,1.07072736228,0.317171812727,0.356452325284,0.353871019223,0.000685940695324,0.404549898246,0.718165389733,0.333732041985,0.749775793428,outer_shell,helium_rich,he4,valid,no
A2_20M,20M_pre_supernova_single_profile,20M,19.98,single,128net,outer_shell,3,1.45,0.45,0.0108717454581,0.0716384157,0.19845642543,3.29529999954e-08,0.0808939663,0.76480525877,0,0.0157640309142,0.103875702765,0.287761816874,4.77818499933e-08,0.117296251135,1.10896762522,0.356818289318,0.401008865944,0.398104896626,0.000771683282239,0.455118635527,0.807936063449,0.375448547233,0.727035556518,outer_shell,helium_rich,he4,valid,no
A2_20M,20M_pre_supernova_single_profile,20M,19.98,single,128net,outer_shell,3,1.5,0.5,0.0108717454581,0.0716384157,0.19845642543,3.29529999954e-08,0.0808939663,0.76480525877,0,0.0163076181871,0.10745762355,0.297684638145,4.94294999931e-08,0.12134094945,1.14720788816,0.396464765908,0.445565406605,0.442338774029,0.000857425869155,0.505687372807,0.897706737166,0.417165052482,0.705634109625,outer_shell,helium_rich,he4,valid,no
A2_20M,20M_pre_supernova_single_profile,20M,19.98,single,128net,outer_shell,3,0.5,0.5,0.013604394729,0.12697007524,0.35040551021,6.52399999579e-08,0.1437019436,0.09374245069,0,0.0068021973645,0.06348503762,0.175202755105,3.26199999789e-08,0.0718509718,0.046871225345,0.496117499471,0.789708603242,0.781017512855,0.00169752264362,0.898314938062,0.110032231837,0.539263943474,0.649661160609,outer_shell,helium_rich,he4,valid,no
A2_20M,20M_pre_supernova_single_profile,20M,19.98,single,128net,outer_shell,3,0.55,0.45,0.013604394729,0.12697007524,0.35040551021,6.52399999579e-08,0.1437019436,0.09374245069,0,0.00748241710095,0.069833541382,0.192723030616,3.58819999768e-08,0.07903606898,0.0515583478795,0.446505749524,0.710737742918,0.702915761569,0.00152777037926,0.808483444256,0.099029008653,0.485337549126,0.673247640301,outer_shell,helium_rich,he4,valid,no
A2_20M,20M_pre_supernova_single_profile,20M,19.98,single,128net,outer_shell,3,0.6,0.4,0.013604394729,0.12697007524,0.35040551021,6.52399999579e-08,0.1437019436,0.09374245069,0,0.0081626368374,0.076182045144,0.210243306126,3.91439999747e-08,0.08622116616,0.056245470414,0.396893999577,0.631766882594,0.624814010284,0.0013580181149,0.71865195045,0.0880257854693,0.431411154779,0.698611294638,outer_shell,helium_rich,he4,valid,no
A2_20M,20M_pre_supernova_single_profile,20M,19.98,single,128net,outer_shell,3,0.65,0.35,0.013604394729,0.12697007524,0.35040551021,6.52399999579e-08,0.1437019436,0.09374245069,0,0.00884285657385,0.082530548906,0.227763581637,4.24059999726e-08,0.09340626334,0.0609325929485,0.34728224963,0.55279602227,0.546712258998,0.00118826585054,0.628820456644,0.0770225622857,0.377484760432,0.725960844523,outer_shell,helium_rich,he4,valid,no
A2_20M,20M_pre_supernova_single_profile,20M,19.98,single,128net,outer_shell,3,0.7,0.3,0.013604394729,0.12697007524,0.35040551021,6.52399999579e-08,0.1437019436,0.09374245069,0,0.0095230763103,0.088879052668,0.245283857147,4.56679999705e-08,0.10059136052,0.065619715483,0.297670499683,0.473825161945,0.468610507713,0.00101851358617,0.538988962837,0.066019339102,0.323558366084,0.755539026933,outer_shell,helium_rich,he4,valid,no
A2_20M,20M_pre_supernova_single_profile,20M,19.98,single,128net,outer_shell,3,0.75,0.25,0.013604394729,0.12697007524,0.35040551021,6.52399999579e-08,0.1437019436,0.09374245069,0,0.0102032960468,0.09522755643,0.262804132658,4.89299999684e-08,0.1077764577,0.0703068380175,0.248058749736,0.394854301621,0.390508756427,0.000848761321812,0.449157469031,0.0550161159183,0.269631971737,0.787629818925,outer_shell,helium_rich,he4,valid,no
A2_20M,20M_pre_supernova_single_profile,20M,19.98,single,128net,outer_shell,3,0.8,0.2,0.013604394729,0.12697007524,0.35040551021,6.52399999579e-08,0.1437019436,0.09374245069,0,0.0108835157832,0.101576060192,0.280324408168,5.21919999663e-08,0.11496155488,0.074993960552,0.198446999788,0.315883441297,0.312407005142,0.00067900905745,0.359325975225,0.0440128927347,0.215705577389,0.822567584289,outer_shell,helium_rich,he4,valid,no
A2_20M,20M_pre_supernova_single_profile,20M,19.98,single,128net,outer_shell,3,0.85,0.15,0.013604394729,0.12697007524,0.35040551021,6.52399999579e-08,0.1437019436,0.09374245069,0,0.0115637355197,0.107924563954,0.297844683679,5.54539999642e-08,0.12214665206,0.0796810830865,0.148835249841,0.236912580973,0.234305253856,0.000509256793087,0.269494481419,0.033009669551,0.161779183042,0.860748767577,outer_shell,helium_rich,he4,valid,no
A2_20M,20M_pre_supernova_single_profile,20M,19.98,single,128net,outer_shell,3,0.9,0.1,0.013604394729,0.12697007524,0.35040551021,6.52399999579e-08,0.1437019436,0.09374245069,0,0.0122439552561,0.114273067716,0.315364959189,5.87159999621e-08,0.12933174924,0.084368205621,0.0992234998942,0.157941720648,0.156203502571,0.000339504528725,0.179662987612,0.0220064463673,0.107852788695,0.902647003469,outer_shell,helium_rich,he4,valid,no
A2_20M,20M_pre_supernova_single_profile,20M,19.98,single,128net,outer_shell,3,0.95,0.05,0.013604394729,0.12697007524,0.35040551021,6.52399999579e-08,0.1437019436,0.09374245069,0,0.0129241749925,0.120621571478,0.332885234699,6.197799996e-08,0.13651684642,0.0890553281555,0.0496117499471,0.0789708603242,0.0781017512855,0.000169752264362,0.0898314938062,0.0110032231837,0.0539263943474,0.948832864765,outer_shell,helium_rich,he4,valid,no
A2_20M,20M_pre_supernova_single_profile,20M,19.98,single,128net,outer_shell,3,1,0,0.013604394729,0.12697007524,0.35040551021,6.52399999579e-08,0.1437019436,0.09374245069,0,0.013604394729,0.12697007524,0.35040551021,6.52399999579e-08,0.1437019436,0.09374245069,0,0,0,0,0,0,0,1,outer_shell,helium_rich,he4,valid,no
A2_20M,20M_pre_supernova_single_profile,20M,19.98,single,128net,outer_shell,3,1.05,0.05,0.013604394729,0.12697007524,0.35040551021,6.52399999579e-08,0.1437019436,0.09374245069,0,0.0142846144655,0.133318579002,0.36792578572,6.85019999558e-08,0.15088704078,0.0984295732245,0.0496117499471,0.0789708603242,0.0781017512855,0.000169752264362,0.0898314938062,0.0110032231837,0.0539263943474,0.948832864765,outer_shell,helium_rich,he4,valid,no
A2_20M,20M_pre_supernova_single_profile,20M,19.98,single,128net,outer_shell,3,1.1,0.1,0.013604394729,0.12697007524,0.35040551021,6.52399999579e-08,0.1437019436,0.09374245069,0,0.0149648342019,0.139667082764,0.385446061231,7.17639999537e-08,0.15807213796,0.103116695759,0.0992234998942,0.157941720648,0.156203502571,0.000339504528725,0.179662987612,0.0220064463673,0.107852788695,0.902647003469,outer_shell,helium_rich,he4,valid,no
A2_20M,20M_pre_supernova_single_profile,20M,19.98,single,128net,outer_shell,3,1.15,0.15,0.013604394729,0.12697007524,0.35040551021,6.52399999579e-08,0.1437019436,0.09374245069,0,0.0156450539383,0.146015586526,0.402966336741,7.50259999516e-08,0.16525723514,0.107803818293,0.148835249841,0.236912580973,0.234305253856,0.000509256793087,0.269494481419,0.033009669551,0.161779183042,0.860748767577,outer_shell,helium_rich,he4,valid,no
A2_20M,20M_pre_supernova_single_profile,20M,19.98,single,128net,outer_shell,3,1.2,0.2,0.013604394729,0.12697007524,0.35040551021,6.52399999579e-08,0.1437019436,0.09374245069,0,0.0163252736748,0.152364090288,0.420486612252,7.82879999495e-08,0.17244233232,0.112490940828,0.198446999788,0.315883441297,0.312407005142,0.00067900905745,0.359325975225,0.0440128927347,0.215705577389,0.822567584289,outer_shell,helium_rich,he4,valid,no
A2_20M,20M_pre_supernova_single_profile,20M,19.98,single,128net,outer_shell,3,1.25,0.25,0.013604394729,0.12697007524,0.35040551021,6.52399999579e-08,0.1437019436,0.09374245069,0,0.0170054934112,0.15871259405,0.438006887762,8.15499999474e-08,0.1796274295,0.117178063363,0.248058749736,0.394854301621,0.390508756427,0.000848761321812,0.449157469031,0.0550161159183,0.269631971737,0.787629818925,outer_shell,helium_rich,he4,valid,no
A2_20M,20M_pre_supernova_single_profile,20M,19.98,single,128net,outer_shell,3,1.3,0.3,0.013604394729,0.12697007524,0.35040551021,6.52399999579e-08,0.1437019436,0.09374245069,0,0.0176857131477,0.165061097812,0.455527163273,8.48119999453e-08,0.18681252668,0.121865185897,0.297670499683,0.473825161945,0.468610507713,0.00101851358617,0.538988962837,0.066019339102,0.323558366084,0.755539026933,outer_shell,helium_rich,he4,valid,no
A2_20M,20M_pre_supernova_single_profile,20M,19.98,single,128net,outer_shell,3,1.35,0.35,0.013604394729,0.12697007524,0.35040551021,6.52399999579e-08,0.1437019436,0.09374245069,0,0.0183659328842,0.171409601574,0.473047438784,8.80739999432e-08,0.19399762386,0.126552308432,0.34728224963,0.55279602227,0.546712258998,0.00118826585054,0.628820456644,0.0770225622857,0.377484760432,0.725960844523,outer_shell,helium_rich,he4,valid,no
A2_20M,20M_pre_supernova_single_profile,20M,19.98,single,128net,outer_shell,3,1.4,0.4,0.013604394729,0.12697007524,0.35040551021,6.52399999579e-08,0.1437019436,0.09374245069,0,0.0190461526206,0.177758105336,0.490567714294,9.13359999411e-08,0.20118272104,0.131239430966,0.396893999577,0.631766882594,0.624814010284,0.0013580181149,0.71865195045,0.0880257854693,0.431411154779,0.698611294638,outer_shell,helium_rich,he4,valid,no
A2_20M,20M_pre_supernova_single_profile,20M,19.98,single,128net,outer_shell,3,1.45,0.45,0.013604394729,0.12697007524,0.35040551021,6.52399999579e-08,0.1437019436,0.09374245069,0,0.0197263723571,0.184106609098,0.508087989805,9.4597999939e-08,0.20836781822,0.135926553501,0.446505749524,0.710737742918,0.702915761569,0.00152777037926,0.808483444256,0.099029008653,0.485337549126,0.673247640301,outer_shell,helium_rich,he4,valid,no
A2_20M,20M_pre_supernova_single_profile,20M,19.98,single,128net,outer_shell,3,1.5,0.5,0.013604394729,0.12697007524,0.35040551021,6.52399999579e-08,0.1437019436,0.09374245069,0,0.0204065920935,0.19045511286,0.525608265315,9.78599999368e-08,0.2155529154,0.140613676035,0.496117499471,0.789708603242,0.781017512855,0.00169752264362,0.898314938062,0.110032231837,0.539263943474,0.649661160609,outer_shell,helium_rich,he4,valid,no
A2_20M,20M_pre_supernova_single_profile,20M,19.98,single,128net,outer_shell,3,0.5,0.5,0.0145809050339,0.13954693632,0.38163693154,6.10360000319e-08,0.1590967138,0.02491360562,0,0.00729045251695,0.06977346816,0.19081846577,3.05180000159e-08,0.0795483569,0.01245680281,0.531728334082,0.867932195517,0.850629109417,0.00158813599321,0.994551298492,0.0292428841927,0.579261983175,0.633207163,outer_shell,helium_rich,he4,valid,no
A2_20M,20M_pre_supernova_single_profile,20M,19.98,single,128net,outer_shell,3,0.55,0.45,0.0145809050339,0.13954693632,0.38163693154,6.10360000319e-08,0.1590967138,0.02491360562,0,0.00801949776865,0.076750814976,0.209900312347,3.35698000175e-08,0.08750319259,0.013702483091,0.478555500674,0.781138975965,0.765566198475,0.00142932239389,0.895096168643,0.0263185957734,0.521335784857,0.657317082759,outer_shell,helium_rich,he4,valid,no
A2_20M,20M_pre_supernova_single_profile,20M,19.98,single,128net,outer_shell,3,0.6,0.4,0.0145809050339,0.13954693632,0.38163693154,6.10360000319e-08,0.1590967138,0.02491360562,0,0.00874854302034,0.083728161792,0.228982158924,3.66216000191e-08,0.09545802828,0.014948163372,0.425382667266,0.694345756414,0.680503287534,0.00127050879457,0.795641038793,0.0233943073542,0.46340958654,0.683335690293,outer_shell,helium_rich,he4,valid,no
A2_20M,20M_pre_supernova_single_profile,20M,19.98,single,128net,outer_shell,3,0.65,0.35,0.0145809050339,0.13954693632,0.38163693154,6.10360000319e-08,0.1590967138,0.02491360562,0,0.00947758827204,0.090705508608,0.248064005501,3.96734000207e-08,0.10341286397,0.016193843653,0.372209833857,0.607552536862,0.595440376592,0.00111169519525,0.696185908944,0.0204700189349,0.405483388222,0.711498982044,outer_shell,helium_rich,he4,valid,no
A2_20M,20M_pre_supernova_single_profile,20M,19.98,single,128net,outer_shell,3,0.7,0.3,0.0145809050339,0.13954693632,0.38163693154,6.10360000319e-08,0.1590967138,0.02491360562,0,0.0102066335237,0.097682855424,0.267145852078,4.27252000223e-08,0.11136769966,0.017439523934,0.319037000449,0.52075931731,0.51037746565,0.000952881595928,0.596730779095,0.0175457305156,0.347557189905,0.7420835327,outer_shell,helium_rich,he4,valid,no
A2_20M,20M_pre_supernova_single_profile,20M,19.98,single,128net,outer_shell,3,0.75,0.25,0.0145809050339,0.13954693632,0.38163693154,6.10360000319e-08,0.1590967138,0.02491360562,0,0.0109356787754,0.10466020224,0.286227698655,4.57770000239e-08,0.11932253535,0.018685204215,0.265864167041,0.433966097758,0.425314554709,0.000794067996607,0.497275649246,0.0146214420963,0.289630991587,0.775415608436,outer_shell,helium_rich,he4,valid,no
A2_20M,20M_pre_supernova_single_profile,20M,19.98,single,128net,outer_shell,3,0.8,0.2,0.0145809050339,0.13954693632,0.38163693154,6.10360000319e-08,0.1590967138,0.02491360562,0,0.0116647240271,0.111637549056,0.305309545232,4.88288000255e-08,0.12727737104,0.019930884496,0.212691333633,0.347172878207,0.340251643767,0.000635254397285,0.397820519397,0.0116971536771,0.23170479327,0.81188285169,outer_shell,helium_rich,he4,valid,no
A2_20M,20M_pre_supernova_single_profile,20M,19.98,single,128net,outer_shell,3,0.85,0.15,0.0145809050339,0.13954693632,0.38163693154,6.10360000319e-08,0.1590967138,0.02491360562,0,0.0123937692788,0.118614895872,0.324391391809,5.18806000271e-08,0.13523220673,0.021176564777,0.159518500225,0.260379658655,0.255188732825,0.000476440797964,0.298365389548,0.00877286525781,0.173778594952,0.851949425812,outer_shell,helium_rich,he4,valid,no
A2_20M,20M_pre_supernova_single_profile,20M,19.98,single,128net,outer_shell,3,0.9,0.1,0.0145809050339,0.13954693632,0.38163693154,6.10360000319e-08,0.1590967138,0.02491360562,0,0.0131228145305,0.125592242688,0.343473238386,5.49324000287e-08,0.14318704242,0.022422245058,0.106345666816,0.173586439103,0.170125821883,0.000317627198643,0.198910259698,0.00584857683854,0.115852396635,0.896175876859,outer_shell,helium_rich,he4,valid,no
A2_20M,20M_pre_supernova_single_profile,20M,19.98,single,128net,outer_shell,3,0.95,0.05,0.0145809050339,0.13954693632,0.38163693154,6.10360000319e-08,0.1590967138,0.02491360562,0,0.0138518597822,0.132569589504,0.362555084963,5.79842000303e-08,0.15114187811,0.023667925339,0.0531728334082,0.0867932195517,0.0850629109417,0.000158813599321,0.0994551298492,0.00292428841927,0.0579261983175,0.94524552052,outer_shell,helium_rich,he4,valid,no
A2_20M,20M_pre_supernova_single_profile,20M,19.98,single,128net,outer_shell,3,1,0,0.0145809050339,0.13954693632,0.38163693154,6.10360000319e-08,0.1590967138,0.02491360562,0,0.0145809050339,0.13954693632,0.38163693154,6.10360000319e-08,0.1590967138,0.02491360562,0,0,0,0,0,0,0,1,outer_shell,helium_rich,he4,valid,no
A2_20M,20M_pre_supernova_single_profile,20M,19.98,single,128net,outer_shell,3,1.05,0.05,0.0145809050339,0.13954693632,0.38163693154,6.10360000319e-08,0.1590967138,0.02491360562,0,0.0153099502856,0.146524283136,0.400718778117,6.40878000335e-08,0.16705154949,0.026159285901,0.0531728334082,0.0867932195517,0.0850629109417,0.000158813599321,0.0994551298492,0.00292428841927,0.0579261983175,0.94524552052,outer_shell,helium_rich,he4,valid,no
A2_20M,20M_pre_supernova_single_profile,20M,19.98,single,128net,outer_shell,3,1.1,0.1,0.0145809050339,0.13954693632,0.38163693154,6.10360000319e-08,0.1590967138,0.02491360562,0,0.0160389955373,0.153501629952,0.419800624694,6.71396000351e-08,0.17500638518,0.027404966182,0.106345666816,0.173586439103,0.170125821883,0.000317627198643,0.198910259698,0.00584857683854,0.115852396635,0.896175876859,outer_shell,helium_rich,he4,valid,no
A2_20M,20M_pre_supernova_single_profile,20M,19.98,single,128net,outer_shell,3,1.15,0.15,0.0145809050339,0.13954693632,0.38163693154,6.10360000319e-08,0.1590967138,0.02491360562,0,0.016768040789,0.160478976768,0.438882471271,7.01914000367e-08,0.18296122087,0.028650646463,0.159518500225,0.260379658655,0.255188732825,0.000476440797964,0.298365389548,0.00877286525781,0.173778594952,0.851949425812,outer_shell,helium_rich,he4,valid,no
A2_20M,20M_pre_supernova_single_profile,20M,19.98,single,128net,outer_shell,3,1.2,0.2,0.0145809050339,0.13954693632,0.38163693154,6.10360000319e-08,0.1590967138,0.02491360562,0,0.0174970860407,0.167456323584,0.457964317848,7.32432000383e-08,0.19091605656,0.029896326744,0.212691333633,0.347172878207,0.340251643767,0.000635254397285,0.397820519397,0.0116971536771,0.23170479327,0.81188285169,outer_shell,helium_rich,he4,valid,no
A2_20M,20M_pre_supernova_single_profile,20M,19.98,single,128net,outer_shell,3,1.25,0.25,0.0145809050339,0.13954693632,0.38163693154,6.10360000319e-08,0.1590967138,0.02491360562,0,0.0182261312924,0.1744336704,0.477046164425,7.62950000399e-08,0.19887089225,0.031142007025,0.265864167041,0.433966097758,0.425314554709,0.000794067996607,0.497275649246,0.0146214420963,0.289630991587,0.775415608436,outer_shell,helium_rich,he4,valid,no
A2_20M,20M_pre_supernova_single_profile,20M,19.98,single,128net,outer_shell,3,1.3,0.3,0.0145809050339,0.13954693632,0.38163693154,6.10360000319e-08,0.1590967138,0.02491360562,0,0.0189551765441,0.181411017216,0.496128011002,7.93468000415e-08,0.20682572794,0.032387687306,0.319037000449,0.52075931731,0.51037746565,0.000952881595928,0.596730779095,0.0175457305156,0.347557189905,0.7420835327,outer_shell,helium_rich,he4,valid,no
A2_20M,20M_pre_supernova_single_profile,20M,19.98,single,128net,outer_shell,3,1.35,0.35,0.0145809050339,0.13954693632,0.38163693154,6.10360000319e-08,0.1590967138,0.02491360562,0,0.0196842217958,0.188388364032,0.515209857579,8.23986000431e-08,0.21478056363,0.033633367587,0.372209833857,0.607552536862,0.595440376592,0.00111169519525,0.696185908944,0.0204700189349,0.405483388222,0.711498982044,outer_shell,helium_rich,he4,valid,no
A2_20M,20M_pre_supernova_single_profile,20M,19.98,single,128net,outer_shell,3,1.4,0.4,0.0145809050339,0.13954693632,0.38163693154,6.10360000319e-08,0.1590967138,0.02491360562,0,0.0204132670475,0.195365710848,0.534291704156,8.54504000447e-08,0.22273539932,0.034879047868,0.425382667266,0.694345756414,0.680503287534,0.00127050879457,0.795641038793,0.0233943073542,0.46340958654,0.683335690293,outer_shell,helium_rich,he4,valid,no
A2_20M,20M_pre_supernova_single_profile,20M,19.98,single,128net,outer_shell,3,1.45,0.45,0.0145809050339,0.13954693632,0.38163693154,6.10360000319e-08,0.1590967138,0.02491360562,0,0.0211423122992,0.202343057664,0.553373550733,8.85022000463e-08,0.23069023501,0.036124728149,0.478555500674,0.781138975965,0.765566198475,0.00142932239389,0.895096168643,0.0263185957734,0.521335784857,0.657317082759,outer_shell,helium_rich,he4,valid,no
A2_20M,20M_pre_supernova_single_profile,20M,19.98,single,128net,outer_shell,3,1.5,0.5,0.0145809050339,0.13954693632,0.38163693154,6.10360000319e-08,0.1590967138,0.02491360562,0,0.0218713575509,0.20932040448,0.57245539731,9.15540000478e-08,0.2386450707,0.03737040843,0.531728334082,0.867932195517,0.850629109417,0.00158813599321,0.994551298492,0.0292428841927,0.579261983175,0.633207163,outer_shell,helium_rich,he4,valid,no
A2_20M,20M_pre_supernova_single_profile,20M,19.98,single,128net,outer_shell,3,0.5,0.5,0.0182825994349,0.15426464453,0.41858307474,5.92680000078e-08,0.1765632399,0.51710288378,0,0.00914129971745,0.077132322265,0.20929153737,2.96340000039e-08,0.08828161995,0.25855144189,0.666719666413,0.95947109373,0.932978227884,0.00154213323299,1.10373869651,0.606960709611,0.716471041523,0.582590661776,outer_shell,helium_rich,he4,valid,no
A2_20M,20M_pre_supernova_single_profile,20M,19.98,single,128net,outer_shell,3,0.55,0.45,0.0182825994349,0.15426464453,0.41858307474,5.92680000078e-08,0.1765632399,0.51710288378,0,0.0100554296892,0.0848455544915,0.230220691107,3.25974000043e-08,0.097109781945,0.284406586079,0.600047699772,0.863523984357,0.839680405095,0.00138791990969,0.993364826858,0.54626463865,0.644823937371,0.607967805721,outer_shell,helium_rich,he4,valid,no
A2_20M,20M_pre_supernova_single_profile,20M,19.98,single,128net,outer_shell,3,0.6,0.4,0.0182825994349,0.15426464453,0.41858307474,5.92680000078e-08,0.1765632399,0.51710288378,0,0.0109695596609,0.092558786718,0.251149844844,3.55608000047e-08,0.10593794394,0.310261730268,0.533375733131,0.767576874984,0.746382582307,0.00123370658639,0.882990957207,0.485568567689,0.573176833218,0.635656449348,outer_shell,helium_rich,he4,valid,no
A2_20M,20M_pre_supernova_single_profile,20M,19.98,single,128net,outer_shell,3,0.65,0.35,0.0182825994349,0.15426464453,0.41858307474,5.92680000078e-08,0.1765632399,0.51710288378,0,0.0118836896327,0.100272018944,0.272078998581,3.85242000051e-08,0.114766105935,0.336116874457,0.466703766489,0.671629765611,0.653084759519,0.0010794932631,0.772617087556,0.424872496728,0.501529729066,0.66598747973,outer_shell,helium_rich,he4,valid,no
A2_20M,20M_pre_supernova_single_profile,20M,19.98,single,128net,outer_shell,3,0.7,0.3,0.0182825994349,0.15426464453,0.41858307474,5.92680000078e-08,0.1765632399,0.51710288378,0,0.0127978196044,0.107985251171,0.293008152318,4.14876000055e-08,0.12359426793,0.361972018646,0.400031799848,0.575682656238,0.55978693673,0.000925279939796,0.662243217905,0.364176425767,0.429882624914,0.699358102949,outer_shell,helium_rich,he4,valid,no
A2_20M,20M_pre_supernova_single_profile,20M,19.98,single,128net,outer_shell,3,0.75,0.25,0.0182825994349,0.15426464453,0.41858307474,5.92680000078e-08,0.1765632399,0.51710288378,0,0.0137119495762,0.115698483397,0.313937306055,4.44510000058e-08,0.132422429925,0.387827162835,0.333359833207,0.479735546865,0.466489113942,0.000771066616497,0.551869348254,0.303480354806,0.358235520761,0.736249335785,outer_shell,helium_rich,he4,valid,no
A2_20M,20M_pre_supernova_single_profile,20M,19.98,single,128net,outer_shell,3,0.8,0.2,0.0182825994349,0.15426464453,0.41858307474,5.92680000078e-08,0.1765632399,0.51710288378,0,0.0146260795479,0.123411715624,0.334866459792,4.74144000062e-08,0.14125059192,0.413682307024,0.266687866565,0.383788437492,0.373191291154,0.000616853293197,0.441495478604,0.242784283844,0.286588416609,0.777249341818,outer_shell,helium_rich,he4,valid,no
A2_20M,20M_pre_supernova_single_profile,20M,19.98,single,128net,outer_shell,3,0.85,0.15,0.0182825994349,0.15426464453,0.41858307474,5.92680000078e-08,0.1765632399,0.51710288378,0,0.0155402095197,0.13112494785,0.355795613529,5.03778000066e-08,0.150078753915,0.439537451213,0.200015899924,0.287841328119,0.279893468365,0.000462639969898,0.331121608953,0.182088212883,0.214941312457,0.823085024558,outer_shell,helium_rich,he4,valid,no
A2_20M,20M_pre_supernova_single_profile,20M,19.98,single,128net,outer_shell,3,0.9,0.1,0.0182825994349,0.15426464453,0.41858307474,5.92680000078e-08,0.1765632399,0.51710288378,0,0.0164543394914,0.138838180077,0.376724767266,5.3341200007e-08,0.15890691591,0.465392595402,0.133343933283,0.191894218746,0.186595645577,0.000308426646599,0.220747739302,0.121392141922,0.143294208305,0.874665499691,outer_shell,helium_rich,he4,valid,no
A2_20M,20M_pre_supernova_single_profile,20M,19.98,single,128net,outer_shell,3,0.95,0.05,0.0182825994349,0.15426464453,0.41858307474,5.92680000078e-08,0.1765632399,0.51710288378,0,0.0173684694632,0.146551412303,0.397653921003,5.63046000074e-08,0.167735077905,0.491247739591,0.0666719666413,0.095947109373,0.0932978227884,0.000154213323299,0.110373869651,0.0606960709611,0.0716471041523,0.933143005869,outer_shell,helium_rich,he4,valid,no
A2_20M,20M_pre_supernova_single_profile,20M,19.98,single,128net,outer_shell,3,1,0,0.0182825994349,0.15426464453,0.41858307474,5.92680000078e-08,0.1765632399,0.51710288378,0,0.0182825994349,0.15426464453,0.41858307474,5.92680000078e-08,0.1765632399,0.51710288378,0,0,0,0,0,0,0,1,outer_shell,helium_rich,he4,valid,no
A2_20M,20M_pre_supernova_single_profile,20M,19.98,single,128net,outer_shell,3,1.05,0.05,0.0182825994349,0.15426464453,0.41858307474,5.92680000078e-08,0.1765632399,0.51710288378,0,0.0191967294066,0.161977876756,0.439512228477,6.22314000082e-08,0.185391401895,0.542958027969,0.0666719666413,0.095947109373,0.0932978227884,0.000154213323299,0.110373869651,0.0606960709611,0.0716471041523,0.933143005869,outer_shell,helium_rich,he4,valid,no
A2_20M,20M_pre_supernova_single_profile,20M,19.98,single,128net,outer_shell,3,1.1,0.1,0.0182825994349,0.15426464453,0.41858307474,5.92680000078e-08,0.1765632399,0.51710288378,0,0.0201108593784,0.169691108983,0.460441382214,6.51948000086e-08,0.19421956389,0.568813172158,0.133343933283,0.191894218746,0.186595645577,0.000308426646599,0.220747739302,0.121392141922,0.143294208305,0.874665499691,outer_shell,helium_rich,he4,valid,no
A2_20M,20M_pre_supernova_single_profile,20M,19.98,single,128net,outer_shell,3,1.15,0.15,0.0182825994349,0.15426464453,0.41858307474,5.92680000078e-08,0.1765632399,0.51710288378,0,0.0210249893501,0.177404341209,0.481370535951,6.8158200009e-08,0.203047725885,0.594668316347,0.200015899924,0.287841328119,0.279893468365,0.000462639969898,0.331121608953,0.182088212883,0.214941312457,0.823085024558,outer_shell,helium_rich,he4,valid,no
A2_20M,20M_pre_supernova_single_profile,20M,19.98,single,128net,outer_shell,3,1.2,0.2,0.0182825994349,0.15426464453,0.41858307474,5.92680000078e-08,0.1765632399,0.51710288378,0,0.0219391193219,0.185117573436,0.502299689688,7.11216000094e-08,0.21187588788,0.620523460536,0.266687866565,0.383788437492,0.373191291154,0.000616853293197,0.441495478604,0.242784283844,0.286588416609,0.777249341818,outer_shell,helium_rich,he4,valid,no
A2_20M,20M_pre_supernova_single_profile,20M,19.98,single,128net,outer_shell,3,1.25,0.25,0.0182825994349,0.15426464453,0.41858307474,5.92680000078e-08,0.1765632399,0.51710288378,0,0.0228532492936,0.192830805662,0.523228843425,7.40850000098e-08,0.220704049875,0.646378604725,0.333359833207,0.479735546865,0.466489113942,0.000771066616497,0.551869348254,0.303480354806,0.358235520761,0.736249335785,outer_shell,helium_rich,he4,valid,no
A2_20M,20M_pre_supernova_single_profile,20M,19.98,single,128net,outer_shell,3,1.3,0.3,0.0182825994349,0.15426464453,0.41858307474,5.92680000078e-08,0.1765632399,0.51710288378,0,0.0237673792654,0.200544037889,0.544157997162,7.70484000101e-08,0.22953221187,0.672233748914,0.400031799848,0.575682656238,0.55978693673,0.000925279939796,0.662243217905,0.364176425767,0.429882624914,0.699358102949,outer_shell,helium_rich,he4,valid,no
A2_20M,20M_pre_supernova_single_profile,20M,19.98,single,128net,outer_shell,3,1.35,0.35,0.0182825994349,0.15426464453,0.41858307474,5.92680000078e-08,0.1765632399,0.51710288378,0,0.0246815092371,0.208257270115,0.565087150899,8.00118000105e-08,0.238360373865,0.698088893103,0.466703766489,0.671629765611,0.653084759519,0.0010794932631,0.772617087556,0.424872496728,0.501529729066,0.66598747973,outer_shell,helium_rich,he4,valid,no
A2_20M,20M_pre_supernova_single_profile,20M,19.98,single,128net,outer_shell,3,1.4,0.4,0.0182825994349,0.15426464453,0.41858307474,5.92680000078e-08,0.1765632399,0.51710288378,0,0.0255956392089,0.215970502342,0.586016304636,8.29752000109e-08,0.24718853586,0.723944037292,0.533375733131,0.767576874984,0.746382582307,0.00123370658639,0.882990957207,0.485568567689,0.573176833218,0.635656449348,outer_shell,helium_rich,he4,valid,no
A2_20M,20M_pre_supernova_single_profile,20M,19.98,single,128net,outer_shell,3,1.45,0.45,0.0182825994349,0.15426464453,0.41858307474,5.92680000078e-08,0.1765632399,0.51710288378,0,0.0265097691806,0.223683734569,0.606945458373,8.59386000113e-08,0.256016697855,0.749799181481,0.600047699772,0.863523984357,0.839680405095,0.00138791990969,0.993364826858,0.54626463865,0.644823937371,0.607967805721,outer_shell,helium_rich,he4,valid,no
A2_20M,20M_pre_supernova_single_profile,20M,19.98,single,128net,outer_shell,3,1.5,0.5,0.0182825994349,0.15426464453,0.41858307474,5.92680000078e-08,0.1765632399,0.51710288378,0,0.0274238991524,0.231396966795,0.62787461211,8.89020000117e-08,0.26484485985,0.77565432567,0.666719666413,0.95947109373,0.932978227884,0.00154213323299,1.10373869651,0.606960709611,0.716471041523,0.582590661776,outer_shell,helium_rich,he4,valid,no
A2_20M,20M_pre_supernova_single_profile,20M,19.98,single,128net,outer_shell,3,0.5,0.5,0.0248524655819,0.18766873095,0.504547828329,5.91129999949e-08,0.2153854034,1.22315753222,0,0.012426232791,0.093834365475,0.252273914165,2.95564999975e-08,0.1076927017,0.61157876611,0.906305890544,1.16723260273,1.12458474115,0.0015381001853,1.34642524984,1.43570764544,0.963383945968,0.509324730934,outer_shell,helium_rich,he4,valid,no
A2_20M,20M_pre_supernova_single_profile,20M,19.98,single,128net,outer_shell,3,0.55,0.45,0.0248524655819,0.18766873095,0.504547828329,5.91129999949e-08,0.2153854034,1.22315753222,0,0.01366885607,0.103217802023,0.277501305581,3.25121499972e-08,0.11846197187,0.672736642721,0.81567530149,1.05050934245,1.01212626704,0.00138429016677,1.21178272486,1.2921368809,0.867045551371,0.535605571736,outer_shell,helium_rich,he4,valid,no
A2_20M,20M_pre_supernova_single_profile,20M,19.98,single,128net,outer_shell,3,0.6,0.4,0.0248524655819,0.18766873095,0.504547828329,5.91129999949e-08,0.2153854034,1.22315753222,0,0.0149114793491,0.11260123857,0.302728696997,3.54677999969e-08,0.12923124204,0.733894519332,0.725044712435,0.933786082181,0.899667792921,0.00123048014824,1.07714019988,1.14856611635,0.770707156774,0.564746122008,outer_shell,helium_rich,he4,valid,no
A2_20M,20M_pre_supernova_single_profile,20M,19.98,single,128net,outer_shell,3,0.65,0.35,0.0248524655819,0.18766873095,0.504547828329,5.91129999949e-08,0.2153854034,1.22315753222,0,0.0161541026282,0.121984675118,0.327956088414,3.84234499967e-08,0.14000051221,0.795052395943,0.634414123381,0.817062821909,0.787209318806,0.00107667012971,0.942497674891,1.00499535181,0.674368762178,0.597240000285,outer_shell,helium_rich,he4,valid,no
A2_20M,20M_pre_supernova_single_profile,20M,19.98,single,128net,outer_shell,3,0.7,0.3,0.0248524655819,0.18766873095,0.504547828329,5.91129999949e-08,0.2153854034,1.22315753222,0,0.0173967259073,0.131368111665,0.35318347983,4.13790999964e-08,0.15076978238,0.856210272554,0.543783534327,0.700339561636,0.674750844691,0.000922860111177,0.807855149907,0.861424587264,0.578030367581,0.633701366301,outer_shell,helium_rich,he4,valid,no
A2_20M,20M_pre_supernova_single_profile,20M,19.98,single,128net,outer_shell,3,0.75,0.25,0.0248524655819,0.18766873095,0.504547828329,5.91129999949e-08,0.2153854034,1.22315753222,0,0.0186393491864,0.140751548212,0.378410871247,4.43347499962e-08,0.16153905255,0.917368149165,0.453152945272,0.583616301363,0.562292370576,0.000769050092648,0.673212624922,0.71785382272,0.481691972984,0.674904108434,outer_shell,helium_rich,he4,valid,no
A2_20M,20M_pre_supernova_single_profile,20M,19.98,single,128net,outer_shell,3,0.8,0.2,0.0248524655819,0.18766873095,0.504547828329,5.91129999949e-08,0.2153854034,1.22315753222,0,0.0198819724655,0.15013498476,0.403638262663,4.72903999959e-08,0.17230832272,0.978526025776,0.362522356218,0.466893041091,0.449833896461,0.000615240074118,0.538570099938,0.574283058176,0.385353578387,0.721837381879,outer_shell,helium_rich,he4,valid,no
A2_20M,20M_pre_supernova_single_profile,20M,19.98,single,128net,outer_shell,3,0.85,0.15,0.0248524655819,0.18766873095,0.504547828329,5.91129999949e-08,0.2153854034,1.22315753222,0,0.0211245957446,0.159518421308,0.42886565408,5.02460499957e-08,0.18307759289,1.03968390239,0.271891767163,0.350169780818,0.337375422346,0.000461430055589,0.403927574953,0.430712293632,0.28901518379,0.775786051689,outer_shell,helium_rich,he4,valid,no
A2_20M,20M_pre_supernova_single_profile,20M,19.98,single,128net,outer_shell,3,0.9,0.1,0.0248524655819,0.18766873095,0.504547828329,5.91129999949e-08,0.2153854034,1.22315753222,0,0.0223672190237,0.168901857855,0.454093045496,5.32016999954e-08,0.19384686306,1.100841779,0.181261178109,0.233446520545,0.22491694823,0.000307620037059,0.269285049969,0.287141529088,0.192676789194,0.838450122498,outer_shell,helium_rich,he4,valid,no
A2_20M,20M_pre_supernova_single_profile,20M,19.98,single,128net,outer_shell,3,0.95,0.05,0.0248524655819,0.18766873095,0.504547828329,5.91129999949e-08,0.2153854034,1.22315753222,0,0.0236098423028,0.178285294402,0.479320436913,5.61573499952e-08,0.20461613323,1.16199965561,0.0906305890544,0.116723260273,0.112458474115,0.00015381001853,0.134642524984,0.143570764544,0.0963383945968,0.912127136045,outer_shell,helium_rich,he4,valid,no
A2_20M,20M_pre_supernova_single_profile,20M,19.98,single,128net,outer_shell,3,1,0,0.0248524655819,0.18766873095,0.504547828329,5.91129999949e-08,0.2153854034,1.22315753222,0,0.0248524655819,0.18766873095,0.504547828329,5.91129999949e-08,0.2153854034,1.22315753222,0,0,0,0,0,0,0,1,outer_shell,helium_rich,he4,valid,no
A2_20M,20M_pre_supernova_single_profile,20M,19.98,single,128net,outer_shell,3,1.05,0.05,0.0248524655819,0.18766873095,0.504547828329,5.91129999949e-08,0.2153854034,1.22315753222,0,0.026095088861,0.197052167498,0.529775219745,6.20686499946e-08,0.22615467357,1.28431540883,0.0906305890544,0.116723260273,0.112458474115,0.00015381001853,0.134642524984,0.143570764544,0.0963383945968,0.912127136045,outer_shell,helium_rich,he4,valid,no
A2_20M,20M_pre_supernova_single_profile,20M,19.98,single,128net,outer_shell,3,1.1,0.1,0.0248524655819,0.18766873095,0.504547828329,5.91129999949e-08,0.2153854034,1.22315753222,0,0.0273377121401,0.206435604045,0.555002611162,6.50242999944e-08,0.23692394374,1.34547328544,0.181261178109,0.233446520545,0.22491694823,0.000307620037059,0.269285049969,0.287141529088,0.192676789194,0.838450122498,outer_shell,helium_rich,he4,valid,no
A2_20M,20M_pre_supernova_single_profile,20M,19.98,single,128net,outer_shell,3,1.15,0.15,0.0248524655819,0.18766873095,0.504547828329,5.91129999949e-08,0.2153854034,1.22315753222,0,0.0285803354192,0.215819040592,0.580230002578,6.79799499941e-08,0.24769321391,1.40663116205,0.271891767163,0.350169780818,0.337375422346,0.000461430055589,0.403927574953,0.430712293632,0.28901518379,0.775786051689,outer_shell,helium_rich,he4,valid,no
A2_20M,20M_pre_supernova_single_profile,20M,19.98,single,128net,outer_shell,3,1.2,0.2,0.0248524655819,0.18766873095,0.504547828329,5.91129999949e-08,0.2153854034,1.22315753222,0,0.0298229586983,0.22520247714,0.605457393995,7.09355999939e-08,0.25846248408,1.46778903866,0.362522356218,0.466893041091,0.449833896461,0.000615240074118,0.538570099938,0.574283058176,0.385353578387,0.721837381879,outer_shell,helium_rich,he4,valid,no
A2_20M,20M_pre_supernova_single_profile,20M,19.98,single,128net,outer_shell,3,1.25,0.25,0.0248524655819,0.18766873095,0.504547828329,5.91129999949e-08,0.2153854034,1.22315753222,0,0.0310655819774,0.234585913688,0.630684785411,7.38912499936e-08,0.26923175425,1.52894691527,0.453152945272,0.583616301363,0.562292370576,0.000769050092648,0.673212624922,0.71785382272,0.481691972984,0.674904108434,outer_shell,helium_rich,he4,valid,no
A2_20M,20M_pre_supernova_single_profile,20M,19.98,single,128net,outer_shell,3,1.3,0.3,0.0248524655819,0.18766873095,0.504547828329,5.91129999949e-08,0.2153854034,1.22315753222,0,0.0323082052565,0.243969350235,0.655912176828,7.68468999934e-08,0.28000102442,1.59010479189,0.543783534327,0.700339561636,0.674750844691,0.000922860111177,0.807855149907,0.861424587264,0.578030367581,0.633701366301,outer_shell,helium_rich,he4,valid,no
A2_20M,20M_pre_supernova_single_profile,20M,19.98,single,128net,outer_shell,3,1.35,0.35,0.0248524655819,0.18766873095,0.504547828329,5.91129999949e-08,0.2153854034,1.22315753222,0,0.0335508285356,0.253352786783,0.681139568244,7.98025499931e-08,0.29077029459,1.6512626685,0.634414123381,0.817062821909,0.787209318806,0.00107667012971,0.942497674891,1.00499535181,0.674368762178,0.597240000285,outer_shell,helium_rich,he4,valid,no
A2_20M,20M_pre_supernova_single_profile,20M,19.98,single,128net,outer_shell,3,1.4,0.4,0.0248524655819,0.18766873095,0.504547828329,5.91129999949e-08,0.2153854034,1.22315753222,0,0.0347934518147,0.26273622333,0.706366959661,8.27581999929e-08,0.30153956476,1.71242054511,0.725044712435,0.933786082181,0.899667792921,0.00123048014824,1.07714019988,1.14856611635,0.770707156774,0.564746122008,outer_shell,helium_rich,he4,valid,no
A2_20M,20M_pre_supernova_single_profile,20M,19.98,single,128net,outer_shell,3,1.45,0.45,0.0248524655819,0.18766873095,0.504547828329,5.91129999949e-08,0.2153854034,1.22315753222,0,0.0360360750938,0.272119659878,0.731594351077,8.57138499926e-08,0.31230883493,1.77357842172,0.81567530149,1.05050934245,1.01212626704,0.00138429016677,1.21178272486,1.2921368809,0.867045551371,0.535605571736,outer_shell,helium_rich,he4,valid,no
A2_20M,20M_pre_supernova_single_profile,20M,19.98,single,128net,outer_shell,3,1.5,0.5,0.0248524655819,0.18766873095,0.504547828329,5.91129999949e-08,0.2153854034,1.22315753222,0,0.0372786983728,0.281503096425,0.756821742493,8.86694999924e-08,0.3230781051,1.83473629833,0.906305890544,1.16723260273,1.12458474115,0.0015381001853,1.34642524984,1.43570764544,0.963383945968,0.509324730934,outer_shell,helium_rich,he4,valid,no
A2_20M,20M_pre_supernova_single_profile,20M,19.98,single,128net,outer_shell,3,0.5,0.5,0.0275640553722,0.11815834728,0.348474208029,5.55466400004e-06,0.117823296,3.4265799616,0,0.0137820276861,0.05907917364,0.174237104014,2.77733200002e-06,0.058911648,1.7132899808,1.00519063868,0.734902796706,0.776712840747,0.144530470936,0.736541373046,4.02202244518,1.05115673962,0.487529782918,outer_shell,helium_rich,he4,valid,no
A2_20M,20M_pre_supernova_single_profile,20M,19.98,single,128net,outer_shell,3,0.55,0.45,0.0275640553722,0.11815834728,0.348474208029,5.55466400004e-06,0.117823296,3.4265799616,0,0.0151602304547,0.064987091004,0.191660814416,3.05506520002e-06,0.0648028128,1.88461897888,0.904671574815,0.661412517036,0.699041556673,0.130077423843,0.662887235742,3.61982020066,0.946041065662,0.513863770732,outer_shell,helium_rich,he4,valid,no
A2_20M,20M_pre_supernova_single_profile,20M,19.98,single,128net,outer_shell,3,0.6,0.4,0.0275640553722,0.11815834728,0.348474208029,5.55466400004e-06,0.117823296,3.4265799616,0,0.0165384332233,0.070895008368,0.209084524817,3.33279840002e-06,0.0706939776,2.05594797696,0.804152510946,0.587922237365,0.621370272598,0.115624376749,0.589233098437,3.21761795615,0.8409253917,0.543205066598,outer_shell,helium_rich,he4,valid,no
A2_20M,20M_pre_supernova_single_profile,20M,19.98,single,128net,outer_shell,3,0.65,0.35,0.0275640553722,0.11815834728,0.348474208029,5.55466400004e-06,0.117823296,3.4265799616,0,0.0179166359919,0.076802925732,0.226508235219,3.61053160003e-06,0.0765851424,2.22727697504,0.703633447078,0.514431957695,0.543698988523,0.101171329655,0.515578961132,2.81541571163,0.735809717737,0.57610001245,outer_shell,helium_rich,he4,valid,no
A2_20M,20M_pre_supernova_single_profile,20M,19.98,single,128net,outer_shell,3,0.7,0.3,0.0275640553722,0.11815834728,0.348474208029,5.55466400004e-06,0.117823296,3.4265799616,0,0.0192948387605,0.082710843096,0.24393194562,3.88826480003e-06,0.0824763072,2.39860597312,0.60311438321,0.440941678024,0.466027704448,0.0867182825617,0.441924823828,2.41321346711,0.630694043775,0.61323582055,outer_shell,helium_rich,he4,valid,no
A2_20M,20M_pre_supernova_single_profile,20M,19.98,single,128net,outer_shell,3,0.75,0.25,0.0275640553722,0.11815834728,0.348474208029,5.55466400004e-06,0.117823296,3.4265799616,0,0.0206730415292,0.08861876046,0.261355656022,4.16599800003e-06,0.088367472,2.5699349712,0.502595319341,0.367451398353,0.388356420374,0.0722652354681,0.368270686523,2.01101122259,0.525578369812,0.655489104846,outer_shell,helium_rich,he4,valid,no
A2_20M,20M_pre_supernova_single_profile,20M,19.98,single,128net,outer_shell,3,0.8,0.2,0.0275640553722,0.11815834728,0.348474208029,5.55466400004e-06,0.117823296,3.4265799616,0,0.0220512442978,0.094526677824,0.278779366423,4.44373120003e-06,0.0942586368,2.74126396928,0.402076255473,0.293961118683,0.310685136299,0.0578121883745,0.294616549218,1.60880897807,0.42046269585,0.703995960557,outer_shell,helium_rich,he4,valid,no
A2_20M,20M_pre_supernova_single_profile,20M,19.98,single,128net,outer_shell,3,0.85,0.15,0.0275640553722,0.11815834728,0.348474208029,5.55466400004e-06,0.117823296,3.4265799616,0,0.0234294470664,0.100434595188,0.296203076825,4.72146440003e-06,0.1001498016,2.91259296736,0.301557191605,0.220470839012,0.233013852224,0.0433591412809,0.220962411914,1.20660673355,0.315347021887,0.760255646122,outer_shell,helium_rich,he4,valid,no
A2_20M,20M_pre_supernova_single_profile,20M,19.98,single,128net,outer_shell,3,0.9,0.1,0.0275640553722,0.11815834728,0.348474208029,5.55466400004e-06,0.117823296,3.4265799616,0,0.024807649835,0.106342512552,0.313626787226,4.99919760004e-06,0.1060409664,3.08392196544,0.201038127737,0.146980559341,0.155342568149,0.0289060941872,0.147308274609,0.804404489037,0.210231347925,0.826288297452,outer_shell,helium_rich,he4,valid,no
A2_20M,20M_pre_supernova_single_profile,20M,19.98,single,128net,outer_shell,3,0.95,0.05,0.0275640553722,0.11815834728,0.348474208029,5.55466400004e-06,0.117823296,3.4265799616,0,0.0261858526036,0.112250429916,0.331050497628,5.27693080004e-06,0.1119321312,3.25525096352,0.100519063868,0.0734902796706,0.0776712840747,0.0144530470936,0.0736541373046,0.402202244518,0.105115673962,0.904882650351,outer_shell,helium_rich,he4,valid,no
A2_20M,20M_pre_supernova_single_profile,20M,19.98,single,128net,outer_shell,3,1,0,0.0275640553722,0.11815834728,0.348474208029,5.55466400004e-06,0.117823296,3.4265799616,0,0.0275640553722,0.11815834728,0.348474208029,5.55466400004e-06,0.117823296,3.4265799616,0,0,0,0,0,0,0,1,outer_shell,helium_rich,he4,valid,no
A2_20M,20M_pre_supernova_single_profile,20M,19.98,single,128net,outer_shell,3,1.05,0.05,0.0275640553722,0.11815834728,0.348474208029,5.55466400004e-06,0.117823296,3.4265799616,0,0.0289422581408,0.124066264644,0.36589791843,5.83239720004e-06,0.1237144608,3.59790895968,0.100519063868,0.0734902796706,0.0776712840747,0.0144530470936,0.0736541373046,0.402202244518,0.105115673962,0.904882650351,outer_shell,helium_rich,he4,valid,no
A2_20M,20M_pre_supernova_single_profile,20M,19.98,single,128net,outer_shell,3,1.1,0.1,0.0275640553722,0.11815834728,0.348474208029,5.55466400004e-06,0.117823296,3.4265799616,0,0.0303204609094,0.129974182008,0.383321628832,6.11013040004e-06,0.1296056256,3.76923795776,0.201038127737,0.146980559341,0.155342568149,0.0289060941872,0.147308274609,0.804404489037,0.210231347925,0.826288297452,outer_shell,helium_rich,he4,valid,no
A2_20M,20M_pre_supernova_single_profile,20M,19.98,single,128net,outer_shell,3,1.15,0.15,0.0275640553722,0.11815834728,0.348474208029,5.55466400004e-06,0.117823296,3.4265799616,0,0.031698663678,0.135882099372,0.400745339233,6.38786360005e-06,0.1354967904,3.94056695584,0.301557191605,0.220470839012,0.233013852224,0.0433591412809,0.220962411914,1.20660673355,0.315347021887,0.760255646122,outer_shell,helium_rich,he4,valid,no
A2_20M,20M_pre_supernova_single_profile,20M,19.98,single,128net,outer_shell,3,1.2,0.2,0.0275640553722,0.11815834728,0.348474208029,5.55466400004e-06,0.117823296,3.4265799616,0,0.0330768664466,0.141790016736,0.418169049635,6.66559680005e-06,0.1413879552,4.11189595392,0.402076255473,0.293961118683,0.310685136299,0.0578121883745,0.294616549218,1.60880897807,0.42046269585,0.703995960557,outer_shell,helium_rich,he4,valid,no
A2_20M,20M_pre_supernova_single_profile,20M,19.98,single,128net,outer_shell,3,1.25,0.25,0.0275640553722,0.11815834728,0.348474208029,5.55466400004e-06,0.117823296,3.4265799616,0,0.0344550692153,0.1476979341,0.435592760036,6.94333000005e-06,0.14727912,4.283224952,0.502595319341,0.367451398353,0.388356420374,0.0722652354681,0.368270686523,2.01101122259,0.525578369812,0.655489104846,outer_shell,helium_rich,he4,valid,no
A2_20M,20M_pre_supernova_single_profile,20M,19.98,single,128net,outer_shell,3,1.3,0.3,0.0275640553722,0.11815834728,0.348474208029,5.55466400004e-06,0.117823296,3.4265799616,0,0.0358332719839,0.153605851464,0.453016470438,7.22106320005e-06,0.1531702848,4.45455395008,0.60311438321,0.440941678024,0.466027704448,0.0867182825617,0.441924823828,2.41321346711,0.630694043775,0.61323582055,outer_shell,helium_rich,he4,valid,no
A2_20M,20M_pre_supernova_single_profile,20M,19.98,single,128net,outer_shell,3,1.35,0.35,0.0275640553722,0.11815834728,0.348474208029,5.55466400004e-06,0.117823296,3.4265799616,0,0.0372114747525,0.159513768828,0.470440180839,7.49879640005e-06,0.1590614496,4.62588294816,0.703633447078,0.514431957695,0.543698988523,0.101171329655,0.515578961132,2.81541571163,0.735809717737,0.57610001245,outer_shell,helium_rich,he4,valid,no
A2_20M,20M_pre_supernova_single_profile,20M,19.98,single,128net,outer_shell,3,1.4,0.4,0.0275640553722,0.11815834728,0.348474208029,5.55466400004e-06,0.117823296,3.4265799616,0,0.0385896775211,0.165421686192,0.487863891241,7.77652960006e-06,0.1649526144,4.79721194624,0.804152510946,0.587922237365,0.621370272598,0.115624376749,0.589233098437,3.21761795615,0.8409253917,0.543205066598,outer_shell,helium_rich,he4,valid,no
A2_20M,20M_pre_supernova_single_profile,20M,19.98,single,128net,outer_shell,3,1.45,0.45,0.0275640553722,0.11815834728,0.348474208029,5.55466400004e-06,0.117823296,3.4265799616,0,0.0399678802897,0.171329603556,0.505287601642,8.05426280006e-06,0.1708437792,4.96854094432,0.904671574815,0.661412517036,0.699041556673,0.130077423843,0.662887235742,3.61982020066,0.946041065662,0.513863770732,outer_shell,helium_rich,he4,valid,no
A2_20M,20M_pre_supernova_single_profile,20M,19.98,single,128net,outer_shell,3,1.5,0.5,0.0275640553722,0.11815834728,0.348474208029,5.55466400004e-06,0.117823296,3.4265799616,0,0.0413460830583,0.17723752092,0.522711312043,8.33199600006e-06,0.176734944,5.1398699424,1.00519063868,0.734902796706,0.776712840747,0.144530470936,0.736541373046,4.02202244518,1.05115673962,0.487529782918,outer_shell,helium_rich,he4,valid,no
A2_20M,20M_pre_supernova_single_profile,20M,19.98,single,128net,outer_shell,3,0.5,0.5,0.0180592359837,0.07524069818,0.262772683884,0.000598063715,0.0577273883,2.20545461318,0,0.00902961799185,0.03762034909,0.131386341942,0.0002990318575,0.02886369415,1.10272730659,0.658574172322,0.467970319419,0.585693038589,15.5614147639,0.360867598211,2.58870011949,3.00454520104,0.249716247363,outer_shell,helium_rich,he4,unstable,yes
A2_20M,20M_pre_supernova_single_profile,20M,19.98,single,128net,outer_shell,3,0.55,0.45,0.0180592359837,0.07524069818,0.262772683884,0.000598063715,0.0577273883,2.20545461318,0,0.00993257979104,0.041382383999,0.144524976136,0.00032893504325,0.031750063565,1.21300003725,0.59271675509,0.421173287477,0.52712373473,14.0052732875,0.32478083839,2.32983010754,2.70409068094,0.269971792307,outer_shell,helium_rich,he4,unstable,yes
A2_20M,20M_pre_supernova_single_profile,20M,19.98,single,128net,outer_shell,3,0.6,0.4,0.0180592359837,0.07524069818,0.262772683884,0.000598063715,0.0577273883,2.20545461318,0,0.0108355415902,0.045144418908,0.15766361033,0.000358838229,0.03463643298,1.32327276791,0.526859337858,0.374376255535,0.468554430871,12.4491318111,0.288694078569,2.07096009559,2.40363616083,0.29380343631,outer_shell,helium_rich,he4,unstable,yes
A2_20M,20M_pre_supernova_single_profile,20M,19.98,single,128net,outer_shell,3,0.65,0.35,0.0180592359837,0.07524069818,0.262772683884,0.000598063715,0.0577273883,2.20545461318,0,0.0117385033894,0.048906453817,0.170802244525,0.00038874141475,0.037522802395,1.43354549857,0.461001920625,0.327579223593,0.409985127012,10.8929903347,0.252607318748,1.81209008364,2.10318164073,0.32224990857,outer_shell,helium_rich,he4,unstable,yes
A2_20M,20M_pre_supernova_single_profile,20M,19.98,single,128net,outer_shell,3,0.7,0.3,0.0180592359837,0.07524069818,0.262772683884,0.000598063715,0.0577273883,2.20545461318,0,0.0126414651886,0.052668488726,0.183940878719,0.0004186446005,0.04040917181,1.54381822923,0.395144503393,0.280782191651,0.351415823153,9.33684885835,0.216520558927,1.55322007169,1.80272712062,0.356795348588,outer_shell,helium_rich,he4,valid,no
A2_20M,20M_pre_supernova_single_profile,20M,19.98,single,128net,outer_shell,3,0.75,0.25,0.0180592359837,0.07524069818,0.262772683884,0.000598063715,0.0577273883,2.20545461318,0,0.0135444269878,0.056430523635,0.197079512913,0.00044854778625,0.043295541225,1.65409095988,0.329287086161,0.233985159709,0.292846519294,7.78070738196,0.180433799106,1.29435005975,1.50227260052,0.399636714158,outer_shell,helium_rich,he4,valid,no
A2_20M,20M_pre_supernova_single_profile,20M,19.98,single,128net,outer_shell,3,0.8,0.2,0.0180592359837,0.07524069818,0.262772683884,0.000598063715,0.0577273883,2.20545461318,0,0.014447388787,0.060192558544,0.210218147107,0.000478450972,0.04618191064,1.76436369054,0.263429668929,0.187188127768,0.234277215436,6.22456590557,0.144347039284,1.0354800478,1.20181808042,0.454170128266,outer_shell,helium_rich,he4,valid,no
A2_20M,20M_pre_supernova_single_profile,20M,19.98,single,128net,outer_shell,3,0.85,0.15,0.0180592359837,0.07524069818,0.262772683884,0.000598063715,0.0577273883,2.20545461318,0,0.0153503505861,0.063954593453,0.223356781301,0.00050835415775,0.049068280055,1.8746364212,0.197572251697,0.140391095826,0.175707911577,4.66842442917,0.108260279463,0.776610035847,0.901363560312,0.525938342815,outer_shell,helium_rich,he4,valid,no
A2_20M,20M_pre_supernova_single_profile,20M,19.98,single,128net,outer_shell,3,0.9,0.1,0.0180592359837,0.07524069818,0.262772683884,0.000598063715,0.0577273883,2.20545461318,0,0.0162533123853,0.067716628362,0.236495415496,0.0005382573435,0.05195464947,1.98490915186,0.131714834464,0.0935940638838,0.117138607718,3.11228295278,0.0721735196422,0.517740023898,0.600909040208,0.624645107801,outer_shell,helium_rich,he4,valid,no
A2_20M,20M_pre_supernova_single_profile,20M,19.98,single,128net,outer_shell,3,0.95,0.05,0.0180592359837,0.07524069818,0.262772683884,0.000598063715,0.0577273883,2.20545461318,0,0.0171562741845,0.071478663271,0.24963404969,0.00056816052925,0.054841018885,2.09518188252,0.0658574172322,0.0467970319419,0.0585693038589,1.55614147639,0.0360867598211,0.258870011949,0.300454520104,0.768961916423,outer_shell,helium_rich,he4,valid,no
A2_20M,20M_pre_supernova_single_profile,20M,19.98,single,128net,outer_shell,3,1,0,0.0180592359837,0.07524069818,0.262772683884,0.000598063715,0.0577273883,2.20545461318,0,0.0180592359837,0.07524069818,0.262772683884,0.000598063715,0.0577273883,2.20545461318,0,0,0,0,0,0,0,1,outer_shell,helium_rich,he4,valid,no
A2_20M,20M_pre_supernova_single_profile,20M,19.98,single,128net,outer_shell,3,1.05,0.05,0.0180592359837,0.07524069818,0.262772683884,0.000598063715,0.0577273883,2.20545461318,0,0.0189621977829,0.079002733089,0.275911318078,0.00062796690075,0.060613757715,2.31572734384,0.0658574172322,0.0467970319419,0.0585693038589,1.55614147639,0.0360867598211,0.258870011949,0.300454520104,0.768961916423,outer_shell,helium_rich,he4,valid,no
A2_20M,20M_pre_supernova_single_profile,20M,19.98,single,128net,outer_shell,3,1.1,0.1,0.0180592359837,0.07524069818,0.262772683884,0.000598063715,0.0577273883,2.20545461318,0,0.0198651595821,0.082764767998,0.289049952272,0.0006578700865,0.06350012713,2.4260000745,0.131714834464,0.0935940638838,0.117138607718,3.11228295278,0.0721735196422,0.517740023898,0.600909040208,0.624645107801,outer_shell,helium_rich,he4,valid,no
A2_20M,20M_pre_supernova_single_profile,20M,19.98,single,128net,outer_shell,3,1.15,0.15,0.0180592359837,0.07524069818,0.262772683884,0.000598063715,0.0577273883,2.20545461318,0,0.0207681213813,0.086526802907,0.302188586467,0.00068777327225,0.066386496545,2.53627280516,0.197572251697,0.140391095826,0.175707911577,4.66842442917,0.108260279463,0.776610035847,0.901363560312,0.525938342815,outer_shell,helium_rich,he4,valid,no
A2_20M,20M_pre_supernova_single_profile,20M,19.98,single,128net,outer_shell,3,1.2,0.2,0.0180592359837,0.07524069818,0.262772683884,0.000598063715,0.0577273883,2.20545461318,0,0.0216710831804,0.090288837816,0.315327220661,0.000717676458,0.06927286596,2.64654553582,0.263429668929,0.187188127768,0.234277215436,6.22456590557,0.144347039284,1.0354800478,1.20181808042,0.454170128266,outer_shell,helium_rich,he4,valid,no
A2_20M,20M_pre_supernova_single_profile,20M,19.98,single,128net,outer_shell,3,1.25,0.25,0.0180592359837,0.07524069818,0.262772683884,0.000598063715,0.0577273883,2.20545461318,0,0.0225740449796,0.094050872725,0.328465854855,0.00074757964375,0.072159235375,2.75681826648,0.329287086161,0.233985159709,0.292846519294,7.78070738196,0.180433799106,1.29435005975,1.50227260052,0.399636714158,outer_shell,helium_rich,he4,valid,no
A2_20M,20M_pre_supernova_single_profile,20M,19.98,single,128net,outer_shell,3,1.3,0.3,0.0180592359837,0.07524069818,0.262772683884,0.000598063715,0.0577273883,2.20545461318,0,0.0234770067788,0.097812907634,0.341604489049,0.0007774828295,0.07504560479,2.86709099713,0.395144503393,0.280782191651,0.351415823153,9.33684885835,0.216520558927,1.55322007169,1.80272712062,0.356795348588,outer_shell,helium_rich,he4,valid,no
A2_20M,20M_pre_supernova_single_profile,20M,19.98,single,128net,outer_shell,3,1.35,0.35,0.0180592359837,0.07524069818,0.262772683884,0.000598063715,0.0577273883,2.20545461318,0,0.024379968578,0.101574942543,0.354743123243,0.00080738601525,0.077931974205,2.97736372779,0.461001920625,0.327579223593,0.409985127012,10.8929903347,0.252607318748,1.81209008364,2.10318164073,0.32224990857,outer_shell,helium_rich,he4,unstable,yes
A2_20M,20M_pre_supernova_single_profile,20M,19.98,single,128net,outer_shell,3,1.4,0.4,0.0180592359837,0.07524069818,0.262772683884,0.000598063715,0.0577273883,2.20545461318,0,0.0252829303772,0.105336977452,0.367881757438,0.000837289201,0.08081834362,3.08763645845,0.526859337858,0.374376255535,0.468554430871,12.4491318111,0.288694078569,2.07096009559,2.40363616083,0.29380343631,outer_shell,helium_rich,he4,unstable,yes
A2_20M,20M_pre_supernova_single_profile,20M,19.98,single,128net,outer_shell,3,1.45,0.45,0.0180592359837,0.07524069818,0.262772683884,0.000598063715,0.0577273883,2.20545461318,0,0.0261858921764,0.109099012361,0.381020391632,0.00086719238675,0.083704713035,3.19790918911,0.59271675509,0.421173287477,0.52712373473,14.0052732875,0.32478083839,2.32983010754,2.70409068094,0.269971792307,outer_shell,helium_rich,he4,unstable,yes
A2_20M,20M_pre_supernova_single_profile,20M,19.98,single,128net,outer_shell,3,1.5,0.5,0.0180592359837,0.07524069818,0.262772683884,0.000598063715,0.0577273883,2.20545461318,0,0.0270888539755,0.11286104727,0.394159025826,0.0008970955725,0.08659108245,3.30818191977,0.658574172322,0.467970319419,0.585693038589,15.5614147639,0.360867598211,2.58870011949,3.00454520104,0.249716247363,outer_shell,helium_rich,he4,unstable,yes
A2_20M,20M_pre_supernova_single_profile,20M,19.98,single,128net,outer_shell,3,0.5,0.5,0.0429949482388,0.11873991895,0.542616074071,0.070933159811,0.0197592546,0.3949210055,0,0.0214974741194,0.059369959475,0.271308037035,0.0354665799055,0.0098796273,0.19746050275,1.56791585624,0.738519965164,1.20943490972,1845.65672962,0.123519787746,0.46354708368,277.68878607,0.00358823192746,outer_shell,helium_rich,he4,unstable,yes
A2_20M,20M_pre_supernova_single_profile,20M,19.98,single,128net,outer_shell,3,0.55,0.45,0.0429949482388,0.11873991895,0.542616074071,0.070933159811,0.0197592546,0.3949210055,0,0.0236472215313,0.0653069554225,0.298438840739,0.0390132378961,0.01086759003,0.217206553025,1.41112427061,0.664667968648,1.08849141875,1661.09105666,0.111167808971,0.417192375312,249.919907463,0.00398533544074,outer_shell,helium_rich,he4,unstable,yes
A2_20M,20M_pre_supernova_single_profile,20M,19.98,single,128net,outer_shell,3,0.6,0.4,0.0429949482388,0.11873991895,0.542616074071,0.070933159811,0.0197592546,0.3949210055,0,0.0257969689433,0.07124395137,0.325569644443,0.0425598958866,0.01185555276,0.2369526033,1.25433268499,0.590815972131,0.967547927775,1476.5253837,0.0988158301968,0.370837666944,222.151028856,0.00448126995034,outer_shell,helium_rich,he4,unstable,yes
A2_20M,20M_pre_supernova_single_profile,20M,19.98,single,128net,outer_shell,3,0.65,0.35,0.0429949482388,0.11873991895,0.542616074071,0.070933159811,0.0197592546,0.3949210055,0,0.0279467163552,0.0771809473175,0.352700448146,0.0461065538771,0.01284351549,0.256698653575,1.09754109937,0.516963975615,0.846604436803,1291.95971074,0.0864638514222,0.324482958576,194.382150249,0.00511817481139,outer_shell,helium_rich,he4,unstable,yes
A2_20M,20M_pre_supernova_single_profile,20M,19.98,single,128net,outer_shell,3,0.7,0.3,0.0429949482388,0.11873991895,0.542616074071,0.070933159811,0.0197592546,0.3949210055,0,0.0300964637672,0.083117943265,0.37983125185,0.0496532118677,0.01383147822,0.27644470385,0.940749513743,0.443111979098,0.725660945831,1107.39403777,0.0741118726476,0.278128250208,166.613271642,0.00596611467698,outer_shell,helium_rich,he4,unstable,yes
A2_20M,20M_pre_supernova_single_profile,20M,19.98,single,128net,outer_shell,3,0.75,0.25,0.0429949482388,0.11873991895,0.542616074071,0.070933159811,0.0197592546,0.3949210055,0,0.0322462111791,0.0890549392125,0.406962055553,0.0531998698582,0.01481944095,0.296190754125,0.783957928119,0.369259982582,0.604717454859,922.828364812,0.061759893873,0.23177354184,138.844393035,0.00715080510772,outer_shell,helium_rich,he4,unstable,yes
A2_20M,20M_pre_supernova_single_profile,20M,19.98,single,128net,outer_shell,3,0.8,0.2,0.0429949482388,0.11873991895,0.542616074071,0.070933159811,0.0197592546,0.3949210055,0,0.034395958591,0.09499193516,0.434092859257,0.0567465278488,0.01580740368,0.3159368044,0.627166342495,0.295407986066,0.483773963888,738.26269185,0.0494079150984,0.185418833472,111.075514428,0.00892255552075,outer_shell,helium_rich,he4,unstable,yes
A2_20M,20M_pre_supernova_single_profile,20M,19.98,single,128net,outer_shell,3,0.85,0.15,0.0429949482388,0.11873991895,0.542616074071,0.070933159811,0.0197592546,0.3949210055,0,0.036545706003,0.100928931108,0.46122366296,0.0602931858394,0.01679536641,0.335682854675,0.470374756871,0.221555989549,0.362830472916,553.697018887,0.0370559363238,0.139064125104,83.306635821,0.0118614625084,outer_shell,helium_rich,he4,unstable,yes
A2_20M,20M_pre_supernova_single_profile,20M,19.98,single,128net,outer_shell,3,0.9,0.1,0.0429949482388,0.11873991895,0.542616074071,0.070933159811,0.0197592546,0.3949210055,0,0.0386954534149,0.106865927055,0.488354466664,0.0638398438299,0.01778332914,0.35542890495,0.313583171248,0.147703993033,0.241886981944,369.131345925,0.0247039575492,0.0927094167359,55.537757214,0.0176872951684,outer_shell,helium_rich,he4,unstable,yes
A2_20M,20M_pre_supernova_single_profile,20M,19.98,single,128net,outer_shell,3,0.95,0.05,0.0429949482388,0.11873991895,0.542616074071,0.070933159811,0.0197592546,0.3949210055,0,0.0408452008269,0.112802923002,0.515485270367,0.0673865018205,0.01877129187,0.375174955225,0.156791585624,0.0738519965164,0.120943490972,184.565672962,0.0123519787746,0.046354708368,27.768878607,0.034759783781,outer_shell,helium_rich,he4,unstable,yes
A2_20M,20M_pre_supernova_single_profile,20M,19.98,single,128net,outer_shell,3,1,0,0.0429949482388,0.11873991895,0.542616074071,0.070933159811,0.0197592546,0.3949210055,0,0.0429949482388,0.11873991895,0.542616074071,0.070933159811,0.0197592546,0.3949210055,0,0,0,0,0,0,0,1,outer_shell,helium_rich,he4,valid,no
A2_20M,20M_pre_supernova_single_profile,20M,19.98,single,128net,outer_shell,3,1.05,0.05,0.0429949482388,0.11873991895,0.542616074071,0.070933159811,0.0197592546,0.3949210055,0,0.0451446956507,0.124676914898,0.569746877775,0.0744798178015,0.02074721733,0.414667055775,0.156791585624,0.0738519965164,0.120943490972,184.565672962,0.0123519787746,0.046354708368,27.768878607,0.034759783781,outer_shell,helium_rich,he4,unstable,yes
A2_20M,20M_pre_supernova_single_profile,20M,19.98,single,128net,outer_shell,3,1.1,0.1,0.0429949482388,0.11873991895,0.542616074071,0.070933159811,0.0197592546,0.3949210055,0,0.0472944430627,0.130613910845,0.596877681478,0.0780264757921,0.02173518006,0.43441310605,0.313583171248,0.147703993033,0.241886981944,369.131345925,0.0247039575492,0.0927094167359,55.537757214,0.0176872951684,outer_shell,helium_rich,he4,unstable,yes
A2_20M,20M_pre_supernova_single_profile,20M,19.98,single,128net,outer_shell,3,1.15,0.15,0.0429949482388,0.11873991895,0.542616074071,0.070933159811,0.0197592546,0.3949210055,0,0.0494441904746,0.136550906792,0.624008485182,0.0815731337826,0.02272314279,0.454159156325,0.470374756871,0.221555989549,0.362830472916,553.697018887,0.0370559363238,0.139064125104,83.306635821,0.0118614625084,outer_shell,helium_rich,he4,unstable,yes
A2_20M,20M_pre_supernova_single_profile,20M,19.98,single,128net,outer_shell,3,1.2,0.2,0.0429949482388,0.11873991895,0.542616074071,0.070933159811,0.0197592546,0.3949210055,0,0.0515939378866,0.14248790274,0.651139288885,0.0851197917732,0.02371110552,0.4739052066,0.627166342495,0.295407986066,0.483773963888,738.26269185,0.0494079150984,0.185418833472,111.075514428,0.00892255552075,outer_shell,helium_rich,he4,unstable,yes
A2_20M,20M_pre_supernova_single_profile,20M,19.98,single,128net,outer_shell,3,1.25,0.25,0.0429949482388,0.11873991895,0.542616074071,0.070933159811,0.0197592546,0.3949210055,0,0.0537436852985,0.148424898688,0.678270092589,0.0886664497638,0.02469906825,0.493651256875,0.783957928119,0.369259982582,0.604717454859,922.828364812,0.061759893873,0.23177354184,138.844393035,0.00715080510772,outer_shell,helium_rich,he4,unstable,yes
A2_20M,20M_pre_supernova_single_profile,20M,19.98,single,128net,outer_shell,3,1.3,0.3,0.0429949482388,0.11873991895,0.542616074071,0.070933159811,0.0197592546,0.3949210055,0,0.0558934327104,0.154361894635,0.705400896292,0.0922131077543,0.02568703098,0.51339730715,0.940749513743,0.443111979098,0.725660945831,1107.39403777,0.0741118726476,0.278128250208,166.613271642,0.00596611467698,outer_shell,helium_rich,he4,unstable,yes
A2_20M,20M_pre_supernova_single_profile,20M,19.98,single,128net,outer_shell,3,1.35,0.35,0.0429949482388,0.11873991895,0.542616074071,0.070933159811,0.0197592546,0.3949210055,0,0.0580431801224,0.160298890582,0.732531699996,0.0957597657449,0.02667499371,0.533143357425,1.09754109937,0.516963975615,0.846604436803,1291.95971074,0.0864638514222,0.324482958576,194.382150249,0.00511817481139,outer_shell,helium_rich,he4,unstable,yes
A2_20M,20M_pre_supernova_single_profile,20M,19.98,single,128net,outer_shell,3,1.4,0.4,0.0429949482388,0.11873991895,0.542616074071,0.070933159811,0.0197592546,0.3949210055,0,0.0601929275343,0.16623588653,0.759662503699,0.0993064237354,0.02766295644,0.5528894077,1.25433268499,0.590815972131,0.967547927775,1476.5253837,0.0988158301968,0.370837666944,222.151028856,0.00448126995034,outer_shell,helium_rich,he4,unstable,yes
A2_20M,20M_pre_supernova_single_profile,20M,19.98,single,128net,outer_shell,3,1.45,0.45,0.0429949482388,0.11873991895,0.542616074071,0.070933159811,0.0197592546,0.3949210055,0,0.0623426749463,0.172172882478,0.786793307403,0.102853081726,0.02865091917,0.572635457975,1.41112427061,0.664667968648,1.08849141875,1661.09105666,0.111167808971,0.417192375312,249.919907463,0.00398533544074,outer_shell,helium_rich,he4,unstable,yes
A2_20M,20M_pre_supernova_single_profile,20M,19.98,single,128net,outer_shell,3,1.5,0.5,0.0429949482388,0.11873991895,0.542616074071,0.070933159811,0.0197592546,0.3949210055,0,0.0644924223582,0.178109878425,0.813924111106,0.106399739716,0.0296388819,0.59238150825,1.56791585624,0.738519965164,1.20943490972,1845.65672962,0.123519787746,0.46354708368,277.68878607,0.00358823192746,outer_shell,helium_rich,he4,unstable,yes
A2_20M,20M_pre_supernova_single_profile,20M,19.98,single,128net,outer_shell,3,0.5,0.5,0.0267781430943,0.06714283527,0.276543771086,0.03737179511,0.0073472293,1.13335728488,0,0.0133890715471,0.033571417635,0.138271885543,0.018685897555,0.00367361465,0.56667864244,0.9765304269,0.417604499002,0.616387362629,972.401417429,0.0459292732458,1.33030266017,146.448766787,0.00678201670853,outer_shell,helium_rich,he4,unstable,yes
A2_20M,20M_pre_supernova_single_profile,20M,19.98,single,128net,outer_shell,3,0.55,0.45,0.0267781430943,0.06714283527,0.276543771086,0.03737179511,0.0073472293,1.13335728488,0,0.0147279787019,0.0369285593985,0.152099074097,0.0205544873105,0.004040976115,0.623346506684,0.87887738421,0.375844049101,0.554748626366,875.161275686,0.0413363459212,1.19727239415,131.803890108,0.0075298999087,outer_shell,helium_rich,he4,unstable,yes
A2_20M,20M_pre_supernova_single_profile,20M,19.98,single,128net,outer_shell,3,0.6,0.4,0.0267781430943,0.06714283527,0.276543771086,0.03737179511,0.0073472293,1.13335728488,0,0.0160668858566,0.040285701162,0.165926262652,0.022423077066,0.00440833758,0.680014370928,0.78122434152,0.334083599201,0.493109890103,777.921133943,0.0367434185967,1.06424212814,117.159013429,0.00846317154296,outer_shell,helium_rich,he4,unstable,yes
A2_20M,20M_pre_supernova_single_profile,20M,19.98,single,128net,outer_shell,3,0.65,0.35,0.0267781430943,0.06714283527,0.276543771086,0.03737179511,0.0073472293,1.13335728488,0,0.0174057930113,0.0436428429255,0.179753451206,0.0242916668215,0.004775699045,0.736682235172,0.68357129883,0.292323149301,0.43147115384,680.6809922,0.0321504912721,0.931211862118,102.514136751,0.00966051624821,outer_shell,helium_rich,he4,unstable,yes
A2_20M,20M_pre_supernova_single_profile,20M,19.98,single,128net,outer_shell,3,0.7,0.3,0.0267781430943,0.06714283527,0.276543771086,0.03737179511,0.0073472293,1.13335728488,0,0.018744700166,0.046999984689,0.19358063976,0.026160256577,0.00514306051,0.793350099416,0.58591825614,0.250562699401,0.369832417577,583.440850457,0.0275575639475,0.798181596101,87.869260072,0.0112524848208,outer_shell,helium_rich,he4,unstable,yes
A2_20M,20M_pre_supernova_single_profile,20M,19.98,single,128net,outer_shell,3,0.75,0.25,0.0267781430943,0.06714283527,0.276543771086,0.03737179511,0.0073472293,1.13335728488,0,0.0200836073207,0.0503571264525,0.207407828314,0.0280288463325,0.005510421975,0.85001796366,0.48826521345,0.208802249501,0.308193681314,486.200708714,0.0229646366229,0.665151330085,73.2243833934,0.013472661601,outer_shell,helium_rich,he4,unstable,yes
A2_20M,20M_pre_supernova_single_profile,20M,19.98,single,128net,outer_shell,3,0.8,0.2,0.0267781430943,0.06714283527,0.276543771086,0.03737179511,0.0073472293,1.13335728488,0,0.0214225144754,0.053714268216,0.221235016869,0.029897436088,0.00587778344,0.906685827904,0.39061217076,0.167041799601,0.246554945052,388.960566971,0.0183717092983,0.532121064068,58.5795067147,0.0167842947205,outer_shell,helium_rich,he4,unstable,yes
A2_20M,20M_pre_supernova_single_profile,20M,19.98,single,128net,outer_shell,3,0.85,0.15,0.0267781430943,0.06714283527,0.276543771086,0.03737179511,0.0073472293,1.13335728488,0,0.0227614216302,0.0570714099795,0.235062205423,0.0317660258435,0.006245144905,0.963353692148,0.29295912807,0.1252813497,0.184916208789,291.720425229,0.0137787819737,0.399090798051,43.934630036,0.0222545506483,outer_shell,helium_rich,he4,unstable,yes
A2_20M,20M_pre_supernova_single_profile,20M,19.98,single,128net,outer_shell,3,0.9,0.1,0.0267781430943,0.06714283527,0.276543771086,0.03737179511,0.0073472293,1.13335728488,0,0.0241003287849,0.060428551743,0.248889393977,0.033634615599,0.00661250637,1.02002155639,0.19530608538,0.0835208998003,0.123277472526,194.480283486,0.00918585464916,0.266060532034,29.2897533573,0.0330144649315,outer_shell,helium_rich,he4,unstable,yes
A2_20M,20M_pre_supernova_single_profile,20M,19.98,single,128net,outer_shell,3,0.95,0.05,0.0267781430943,0.06714283527,0.276543771086,0.03737179511,0.0073472293,1.13335728488,0,0.0254392359396,0.0637856935065,0.262716582532,0.0355032053545,0.006979867835,1.07668942064,0.09765304269,0.0417604499002,0.0616387362629,97.2401417429,0.00459292732458,0.133030266017,14.6448766787,0.0639186885611,outer_shell,helium_rich,he4,unstable,yes
A2_20M,20M_pre_supernova_single_profile,20M,19.98,single,128net,outer_shell,3,1,0,0.0267781430943,0.06714283527,0.276543771086,0.03737179511,0.0073472293,1.13335728488,0,0.0267781430943,0.06714283527,0.276543771086,0.03737179511,0.0073472293,1.13335728488,0,0,0,0,0,0,0,1,outer_shell,helium_rich,he4,valid,no
A2_20M,20M_pre_supernova_single_profile,20M,19.98,single,128net,outer_shell,3,1.05,0.05,0.0267781430943,0.06714283527,0.276543771086,0.03737179511,0.0073472293,1.13335728488,0,0.028117050249,0.0704999770335,0.29037095964,0.0392403848655,0.007714590765,1.19002514912,0.09765304269,0.0417604499002,0.0616387362629,97.2401417429,0.00459292732458,0.133030266017,14.6448766787,0.0639186885611,outer_shell,helium_rich,he4,unstable,yes
A2_20M,20M_pre_supernova_single_profile,20M,19.98,single,128net,outer_shell,3,1.1,0.1,0.0267781430943,0.06714283527,0.276543771086,0.03737179511,0.0073472293,1.13335728488,0,0.0294559574037,0.073857118797,0.304198148195,0.041108974621,0.00808195223,1.24669301337,0.19530608538,0.0835208998003,0.123277472526,194.480283486,0.00918585464916,0.266060532034,29.2897533573,0.0330144649315,outer_shell,helium_rich,he4,unstable,yes
A2_20M,20M_pre_supernova_single_profile,20M,19.98,single,128net,outer_shell,3,1.15,0.15,0.0267781430943,0.06714283527,0.276543771086,0.03737179511,0.0073472293,1.13335728488,0,0.0307948645584,0.0772142605605,0.318025336749,0.0429775643765,0.008449313695,1.30336087761,0.29295912807,0.1252813497,0.184916208789,291.720425229,0.0137787819737,0.399090798051,43.934630036,0.0222545506483,outer_shell,helium_rich,he4,unstable,yes
A2_20M,20M_pre_supernova_single_profile,20M,19.98,single,128net,outer_shell,3,1.2,0.2,0.0267781430943,0.06714283527,0.276543771086,0.03737179511,0.0073472293,1.13335728488,0,0.0321337717132,0.080571402324,0.331852525303,0.044846154132,0.00881667516,1.36002874186,0.39061217076,0.167041799601,0.246554945052,388.960566971,0.0183717092983,0.532121064068,58.5795067147,0.0167842947205,outer_shell,helium_rich,he4,unstable,yes
A2_20M,20M_pre_supernova_single_profile,20M,19.98,single,128net,outer_shell,3,1.25,0.25,0.0267781430943,0.06714283527,0.276543771086,0.03737179511,0.0073472293,1.13335728488,0,0.0334726788679,0.0839285440875,0.345679713857,0.0467147438875,0.009184036625,1.4166966061,0.48826521345,0.208802249501,0.308193681314,486.200708714,0.0229646366229,0.665151330085,73.2243833934,0.013472661601,outer_shell,helium_rich,he4,unstable,yes
A2_20M,20M_pre_supernova_single_profile,20M,19.98,single,128net,outer_shell,3,1.3,0.3,0.0267781430943,0.06714283527,0.276543771086,0.03737179511,0.0073472293,1.13335728488,0,0.0348115860226,0.087285685851,0.359506902412,0.048583333643,0.00955139809,1.47336447034,0.58591825614,0.250562699401,0.369832417577,583.440850457,0.0275575639475,0.798181596101,87.869260072,0.0112524848208,outer_shell,helium_rich,he4,unstable,yes
A2_20M,20M_pre_supernova_single_profile,20M,19.98,single,128net,outer_shell,3,1.35,0.35,0.0267781430943,0.06714283527,0.276543771086,0.03737179511,0.0073472293,1.13335728488,0,0.0361504931773,0.0906428276145,0.373334090966,0.0504519233985,0.009918759555,1.53003233459,0.68357129883,0.292323149301,0.43147115384,680.6809922,0.0321504912721,0.931211862118,102.514136751,0.00966051624821,outer_shell,helium_rich,he4,unstable,yes
A2_20M,20M_pre_supernova_single_profile,20M,19.98,single,128net,outer_shell,3,1.4,0.4,0.0267781430943,0.06714283527,0.276543771086,0.03737179511,0.0073472293,1.13335728488,0,0.037489400332,0.093999969378,0.38716127952,0.052320513154,0.01028612102,1.58670019883,0.78122434152,0.334083599201,0.493109890103,777.921133943,0.0367434185967,1.06424212814,117.159013429,0.00846317154296,outer_shell,helium_rich,he4,unstable,yes
A2_20M,20M_pre_supernova_single_profile,20M,19.98,single,128net,outer_shell,3,1.45,0.45,0.0267781430943,0.06714283527,0.276543771086,0.03737179511,0.0073472293,1.13335728488,0,0.0388283074867,0.0973571111415,0.400988468075,0.0541891029095,0.010653482485,1.64336806308,0.87887738421,0.375844049101,0.554748626366,875.161275686,0.0413363459212,1.19727239415,131.803890108,0.0075298999087,outer_shell,helium_rich,he4,unstable,yes
A2_20M,20M_pre_supernova_single_profile,20M,19.98,single,128net,outer_shell,3,1.5,0.5,0.0267781430943,0.06714283527,0.276543771086,0.03737179511,0.0073472293,1.13335728488,0,0.0401672146414,0.100714252905,0.414815656629,0.056057692665,0.01102084395,1.70003592732,0.9765304269,0.417604499002,0.616387362629,972.401417429,0.0459292732458,1.33030266017,146.448766787,0.00678201670853,outer_shell,helium_rich,he4,unstable,yes
A2_20M,20M_pre_supernova_single_profile,20M,19.98,single,128net,outer_shell,3,0.5,0.5,0.0178833334666,0.06924995288,0.25005190246,0.020205185881,0.0365550632,0.604073684402,0,0.0089416667333,0.03462497644,0.12502595123,0.0101025929405,0.0182775316,0.302036842201,0.652159457175,0.43071001935,0.557339737114,525.732075012,0.228514371565,0.709044570515,79.3142169616,0.0124510956818,outer_shell,helium_rich,he4,unstable,yes
A2_20M,20M_pre_supernova_single_profile,20M,19.98,single,128net,outer_shell,3,0.55,0.45,0.0178833334666,0.06924995288,0.25005190246,0.020205185881,0.0365550632,0.604073684402,0,0.00983583340663,0.038087474084,0.137528546353,0.0111128522346,0.02010528476,0.332240526421,0.586943511457,0.387639017415,0.501605763403,473.158867511,0.205662934408,0.638140113464,71.3827952654,0.0138154377202,outer_shell,helium_rich,he4,unstable,yes
A2_20M,20M_pre_supernova_single_profile,20M,19.98,single,128net,outer_shell,3,0.6,0.4,0.0178833334666,0.06924995288,0.25005190246,0.020205185881,0.0365550632,0.604073684402,0,0.01073000008,0.041549971728,0.150031141476,0.0121231115286,0.02193303792,0.362444210641,0.52172756574,0.34456801548,0.445871789691,420.585660009,0.182811497252,0.567235656412,63.4513735692,0.0155155731309,outer_shell,helium_rich,he4,unstable,yes
A2_20M,20M_pre_supernova_single_profile,20M,19.98,single,128net,outer_shell,3,0.65,0.35,0.0178833334666,0.06924995288,0.25005190246,0.020205185881,0.0365550632,0.604073684402,0,0.0116241667533,0.045012469372,0.162533736599,0.0131333708227,0.02376079108,0.392647894861,0.456511620022,0.301497013545,0.39013781598,368.012452508,0.159960060095,0.496331199361,55.5199518731,0.0176928671533,outer_shell,helium_rich,he4,unstable,yes
A2_20M,20M_pre_supernova_single_profile,20M,19.98,single,128net,outer_shell,3,0.7,0.3,0.0178833334666,0.06924995288,0.25005190246,0.020205185881,0.0365550632,0.604073684402,0,0.0125183334266,0.048474967016,0.175036331722,0.0141436301167,0.02558854424,0.422851579081,0.391295674305,0.25842601161,0.334403842269,315.439245007,0.137108622939,0.425426742309,47.5885301769,0.0205809888951,outer_shell,helium_rich,he4,unstable,yes
A2_20M,20M_pre_supernova_single_profile,20M,19.98,single,128net,outer_shell,3,0.75,0.25,0.0178833334666,0.06924995288,0.25005190246,0.020205185881,0.0365550632,0.604073684402,0,0.0134125001,0.05193746466,0.187538926845,0.0151538894108,0.0274162974,0.453055263302,0.326079728587,0.215355009675,0.278669868557,262.866037506,0.114257185782,0.354522285258,39.6571084808,0.0245959449003,outer_shell,helium_rich,he4,unstable,yes
A2_20M,20M_pre_supernova_single_profile,20M,19.98,single,128net,outer_shell,3,0.8,0.2,0.0178833334666,0.06924995288,0.25005190246,0.020205185881,0.0365550632,0.604073684402,0,0.0143066667733,0.055399962304,0.200041521968,0.0161641487048,0.02924405056,0.483258947522,0.26086378287,0.17228400774,0.222935894846,210.292830005,0.0914057486259,0.283617828206,31.7256867846,0.0305570363299,outer_shell,helium_rich,he4,unstable,yes
A2_20M,20M_pre_supernova_single_profile,20M,19.98,single,128net,outer_shell,3,0.85,0.15,0.0178833334666,0.06924995288,0.25005190246,0.020205185881,0.0365550632,0.604073684402,0,0.0152008334466,0.058862459948,0.212544117091,0.0171744079989,0.03107180372,0.513462631742,0.195647837152,0.129213005805,0.167201921134,157.719622504,0.0685543114694,0.212713371155,23.7942650885,0.0403319072548,outer_shell,helium_rich,he4,unstable,yes
A2_20M,20M_pre_supernova_single_profile,20M,19.98,single,128net,outer_shell,3,0.9,0.1,0.0178833334666,0.06924995288,0.25005190246,0.020205185881,0.0365550632,0.604073684402,0,0.0160950001199,0.062324957592,0.225046712214,0.0181846672929,0.03289955688,0.543666315962,0.130431891435,0.0861420038699,0.111467947423,105.146415002,0.0457028743129,0.141808914103,15.8628433923,0.0593019799055,outer_shell,helium_rich,he4,unstable,yes
A2_20M,20M_pre_supernova_single_profile,20M,19.98,single,128net,outer_shell,3,0.95,0.05,0.0178833334666,0.06924995288,0.25005190246,0.020205185881,0.0365550632,0.604073684402,0,0.0169891667933,0.065787455236,0.237549307337,0.0191949265869,0.03472731004,0.573870000182,0.0652159457175,0.043071001935,0.0557339737114,52.5732075012,0.0228514371565,0.0709044570515,7.93142169616,0.111964257653,outer_shell,helium_rich,he4,unstable,yes
A2_20M,20M_pre_supernova_single_profile,20M,19.98,single,128net,outer_shell,3,1,0,0.0178833334666,0.06924995288,0.25005190246,0.020205185881,0.0365550632,0.604073684402,0,0.0178833334666,0.06924995288,0.25005190246,0.020205185881,0.0365550632,0.604073684402,0,0,0,0,0,0,0,1,outer_shell,helium_rich,he4,valid,no
A2_20M,20M_pre_supernova_single_profile,20M,19.98,single,128net,outer_shell,3,1.05,0.05,0.0178833334666,0.06924995288,0.25005190246,0.020205185881,0.0365550632,0.604073684402,0,0.0187775001399,0.072712450524,0.262554497583,0.0212154451751,0.03838281636,0.634277368622,0.0652159457175,0.043071001935,0.0557339737114,52.5732075012,0.0228514371565,0.0709044570515,7.93142169616,0.111964257653,outer_shell,helium_rich,he4,unstable,yes
A2_20M,20M_pre_supernova_single_profile,20M,19.98,single,128net,outer_shell,3,1.1,0.1,0.0178833334666,0.06924995288,0.25005190246,0.020205185881,0.0365550632,0.604073684402,0,0.0196716668133,0.076174948168,0.275057092706,0.0222257044691,0.04021056952,0.664481052842,0.130431891435,0.0861420038699,0.111467947423,105.146415002,0.0457028743129,0.141808914103,15.8628433923,0.0593019799055,outer_shell,helium_rich,he4,unstable,yes
A2_20M,20M_pre_supernova_single_profile,20M,19.98,single,128net,outer_shell,3,1.15,0.15,0.0178833334666,0.06924995288,0.25005190246,0.020205185881,0.0365550632,0.604073684402,0,0.0205658334866,0.079637445812,0.287559687829,0.0232359637631,0.04203832268,0.694684737062,0.195647837152,0.129213005805,0.167201921134,157.719622504,0.0685543114694,0.212713371155,23.7942650885,0.0403319072548,outer_shell,helium_rich,he4,unstable,yes
A2_20M,20M_pre_supernova_single_profile,20M,19.98,single,128net,outer_shell,3,1.2,0.2,0.0178833334666,0.06924995288,0.25005190246,0.020205185881,0.0365550632,0.604073684402,0,0.0214600001599,0.083099943456,0.300062282952,0.0242462230572,0.04386607584,0.724888421282,0.26086378287,0.17228400774,0.222935894846,210.292830005,0.0914057486259,0.283617828206,31.7256867846,0.0305570363299,outer_shell,helium_rich,he4,unstable,yes
A2_20M,20M_pre_supernova_single_profile,20M,19.98,single,128net,outer_shell,3,1.25,0.25,0.0178833334666,0.06924995288,0.25005190246,0.020205185881,0.0365550632,0.604073684402,0,0.0223541668332,0.0865624411,0.312564878075,0.0252564823512,0.045693829,0.755092105503,0.326079728587,0.215355009675,0.278669868557,262.866037506,0.114257185782,0.354522285258,39.6571084808,0.0245959449003,outer_shell,helium_rich,he4,unstable,yes
A2_20M,20M_pre_supernova_single_profile,20M,19.98,single,128net,outer_shell,3,1.3,0.3,0.0178833334666,0.06924995288,0.25005190246,0.020205185881,0.0365550632,0.604073684402,0,0.0232483335066,0.090024938744,0.325067473198,0.0262667416453,0.04752158216,0.785295789723,0.391295674305,0.25842601161,0.334403842269,315.439245007,0.137108622939,0.425426742309,47.5885301769,0.0205809888951,outer_shell,helium_rich,he4,unstable,yes
A2_20M,20M_pre_supernova_single_profile,20M,19.98,single,128net,outer_shell,3,1.35,0.35,0.0178833334666,0.06924995288,0.25005190246,0.020205185881,0.0365550632,0.604073684402,0,0.0241425001799,0.093487436388,0.337570068321,0.0272770009393,0.04934933532,0.815499473943,0.456511620022,0.301497013545,0.39013781598,368.012452508,0.159960060095,0.496331199361,55.5199518731,0.0176928671533,outer_shell,helium_rich,he4,unstable,yes
A2_20M,20M_pre_supernova_single_profile,20M,19.98,single,128net,outer_shell,3,1.4,0.4,0.0178833334666,0.06924995288,0.25005190246,0.020205185881,0.0365550632,0.604073684402,0,0.0250366668532,0.096949934032,0.350072663444,0.0282872602334,0.05117708848,0.845703158163,0.52172756574,0.34456801548,0.445871789691,420.585660009,0.182811497252,0.567235656412,63.4513735692,0.0155155731309,outer_shell,helium_rich,he4,unstable,yes
A2_20M,20M_pre_supernova_single_profile,20M,19.98,single,128net,outer_shell,3,1.45,0.45,0.0178833334666,0.06924995288,0.25005190246,0.020205185881,0.0365550632,0.604073684402,0,0.0259308335266,0.100412431676,0.362575258567,0.0292975195275,0.05300484164,0.875906842383,0.586943511457,0.387639017415,0.501605763403,473.158867511,0.205662934408,0.638140113464,71.3827952654,0.0138154377202,outer_shell,helium_rich,he4,unstable,yes
A2_20M,20M_pre_supernova_single_profile,20M,19.98,single,128net,outer_shell,3,1.5,0.5,0.0178833334666,0.06924995288,0.25005190246,0.020205185881,0.0365550632,0.604073684402,0,0.0268250001999,0.10387492932,0.37507785369,0.0303077788215,0.0548325948,0.906110526603,0.652159457175,0.43071001935,0.557339737114,525.732075012,0.228514371565,0.709044570515,79.3142169616,0.0124510956818,outer_shell,helium_rich,he4,unstable,yes
A2_20M,20M_pre_supernova_single_profile,20M,19.98,single,128net,outer_shell,3,0.5,0.5,0.0171937202,0.10660608156,0.354836199626,0.014804547383,0.0805181156,0.0563542846128,0,0.0085968601,0.05330304078,0.177418099813,0.0074022736915,0.0402590578,0.0281771423064,0.627011024169,0.663051822303,0.790893059691,385.209295332,0.503337840923,0.0661470621246,58.2858845226,0.0168674214453,outer_shell,helium_rich,he4,unstable,yes
A2_20M,20M_pre_supernova_single_profile,20M,19.98,single,128net,outer_shell,3,0.55,0.45,0.0171937202,0.10660608156,0.354836199626,0.014804547383,0.0805181156,0.0563542846128,0,0.00945654611,0.058633344858,0.195159909794,0.00814250106065,0.04428496358,0.030994856537,0.564309921752,0.596746640073,0.711803753722,346.688365799,0.453004056831,0.0595323559121,52.4572960703,0.01870652041,outer_shell,helium_rich,he4,unstable,yes
A2_20M,20M_pre_supernova_single_profile,20M,19.98,single,128net,outer_shell,3,0.6,0.4,0.0171937202,0.10660608156,0.354836199626,0.014804547383,0.0805181156,0.0563542846128,0,0.01031623212,0.063963648936,0.212901719776,0.0088827284298,0.04831086936,0.0338125707677,0.501608819335,0.530441457843,0.632714447753,308.167436266,0.402670272739,0.0529176496997,46.6287076181,0.0209957408045,outer_shell,helium_rich,he4,unstable,yes
A2_20M,20M_pre_supernova_single_profile,20M,19.98,single,128net,outer_shell,3,0.65,0.35,0.0171937202,0.10660608156,0.354836199626,0.014804547383,0.0805181156,0.0563542846128,0,0.01117591813,0.069293953014,0.230643529757,0.00962295579895,0.05233677514,0.0366302849983,0.438907716918,0.464136275612,0.553625141784,269.646506732,0.352336488646,0.0463029434872,40.8001191658,0.023923376774,outer_shell,helium_rich,he4,unstable,yes
A2_20M,20M_pre_supernova_single_profile,20M,19.98,single,128net,outer_shell,3,0.7,0.3,0.0171937202,0.10660608156,0.354836199626,0.014804547383,0.0805181156,0.0563542846128,0,0.01203560414,0.074624257092,0.248385339738,0.0103631831681,0.05636268092,0.039447999229,0.376206614501,0.397831093382,0.474535835815,231.125577199,0.302002704554,0.0396882372748,34.9715307135,0.0277997622054,outer_shell,helium_rich,he4,unstable,yes
A2_20M,20M_pre_supernova_single_profile,20M,19.98,single,128net,outer_shell,3,0.75,0.25,0.0171937202,0.10660608156,0.354836199626,0.014804547383,0.0805181156,0.0563542846128,0,0.01289529015,0.07995456117,0.26612714972,0.0111034105372,0.0603885867,0.0422657134596,0.313505512084,0.331525911152,0.395446529846,192.604647666,0.251668920462,0.0330735310623,29.1429422613,0.0331752617688,outer_shell,helium_rich,he4,unstable,yes
A2_20M,20M_pre_supernova_single_profile,20M,19.98,single,128net,outer_shell,3,0.8,0.2,0.0171937202,0.10660608156,0.354836199626,0.014804547383,0.0805181156,0.0563542846128,0,0.01375497616,0.085284865248,0.283868959701,0.0118436379064,0.06441449248,0.0450834276902,0.250804409668,0.265220728921,0.316357223876,154.083718133,0.201335136369,0.0264588248498,23.314353809,0.0411279694231,outer_shell,helium_rich,he4,unstable,yes
A2_20M,20M_pre_supernova_single_profile,20M,19.98,single,128net,outer_shell,3,0.85,0.15,0.0171937202,0.10660608156,0.354836199626,0.014804547383,0.0805181156,0.0563542846128,0,0.01461466217,0.090615169326,0.301610769682,0.0125838652756,0.06844039826,0.0479011419209,0.188103307251,0.198915546691,0.237267917907,115.5627886,0.151001352277,0.0198441186374,17.4857653568,0.0540956774415,outer_shell,helium_rich,he4,unstable,yes
A2_20M,20M_pre_supernova_single_profile,20M,19.98,single,128net,outer_shell,3,0.9,0.1,0.0171937202,0.10660608156,0.354836199626,0.014804547383,0.0805181156,0.0563542846128,0,0.01547434818,0.095945473404,0.319352579663,0.0133240926447,0.07246630404,0.0507188561515,0.125402204834,0.132610364461,0.158178611938,77.0418590664,0.100667568185,0.0132294124249,11.6571769045,0.0790065594835,outer_shell,helium_rich,he4,unstable,yes
A2_20M,20M_pre_supernova_single_profile,20M,19.98,single,128net,outer_shell,3,0.95,0.05,0.0171937202,0.10660608156,0.354836199626,0.014804547383,0.0805181156,0.0563542846128,0,0.01633403419,0.101275777482,0.337094389645,0.0140643200138,0.07649220982,0.0535365703822,0.0627011024169,0.0663051822303,0.0790893059691,38.5209295332,0.0503337840923,0.00661470621246,5.82858845226,0.14644314956,outer_shell,helium_rich,he4,unstable,yes
A2_20M,20M_pre_supernova_single_profile,20M,19.98,single,128net,outer_shell,3,1,0,0.0171937202,0.10660608156,0.354836199626,0.014804547383,0.0805181156,0.0563542846128,0,0.0171937202,0.10660608156,0.354836199626,0.014804547383,0.0805181156,0.0563542846128,0,0,0,0,0,0,0,1,outer_shell,helium_rich,he4,valid,no
A2_20M,20M_pre_supernova_single_profile,20M,19.98,single,128net,outer_shell,3,1.05,0.05,0.0171937202,0.10660608156,0.354836199626,0.014804547383,0.0805181156,0.0563542846128,0,0.01805340621,0.111936385638,0.372578009607,0.0155447747521,0.08454402138,0.0591719988434,0.0627011024169,0.0663051822303,0.0790893059691,38.5209295332,0.0503337840923,0.00661470621246,5.82858845226,0.14644314956,outer_shell,helium_rich,he4,unstable,yes
A2_20M,20M_pre_supernova_single_profile,20M,19.98,single,128net,outer_shell,3,1.1,0.1,0.0171937202,0.10660608156,0.354836199626,0.014804547383,0.0805181156,0.0563542846128,0,0.01891309222,0.117266689716,0.390319819589,0.0162850021213,0.08856992716,0.0619897130741,0.125402204834,0.132610364461,0.158178611938,77.0418590664,0.100667568185,0.0132294124249,11.6571769045,0.0790065594835,outer_shell,helium_rich,he4,unstable,yes
A2_20M,20M_pre_supernova_single_profile,20M,19.98,single,128net,outer_shell,3,1.15,0.15,0.0171937202,0.10660608156,0.354836199626,0.014804547383,0.0805181156,0.0563542846128,0,0.01977277823,0.122596993794,0.40806162957,0.0170252294904,0.09259583294,0.0648074273047,0.188103307251,0.198915546691,0.237267917907,115.5627886,0.151001352277,0.0198441186374,17.4857653568,0.0540956774415,outer_shell,helium_rich,he4,unstable,yes
A2_20M,20M_pre_supernova_single_profile,20M,19.98,single,128net,outer_shell,3,1.2,0.2,0.0171937202,0.10660608156,0.354836199626,0.014804547383,0.0805181156,0.0563542846128,0,0.02063246424,0.127927297872,0.425803439551,0.0177654568596,0.09662173872,0.0676251415354,0.250804409668,0.265220728921,0.316357223876,154.083718133,0.201335136369,0.0264588248498,23.314353809,0.0411279694231,outer_shell,helium_rich,he4,unstable,yes
A2_20M,20M_pre_supernova_single_profile,20M,19.98,single,128net,outer_shell,3,1.25,0.25,0.0171937202,0.10660608156,0.354836199626,0.014804547383,0.0805181156,0.0563542846128,0,0.02149215025,0.13325760195,0.443545249532,0.0185056842287,0.1006476445,0.070442855766,0.313505512084,0.331525911152,0.395446529846,192.604647666,0.251668920462,0.0330735310623,29.1429422613,0.0331752617688,outer_shell,helium_rich,he4,unstable,yes
A2_20M,20M_pre_supernova_single_profile,20M,19.98,single,128net,outer_shell,3,1.3,0.3,0.0171937202,0.10660608156,0.354836199626,0.014804547383,0.0805181156,0.0563542846128,0,0.02235183626,0.138587906028,0.461287059514,0.0192459115979,0.10467355028,0.0732605699966,0.376206614501,0.397831093382,0.474535835815,231.125577199,0.302002704554,0.0396882372748,34.9715307135,0.0277997622054,outer_shell,helium_rich,he4,unstable,yes
A2_20M,20M_pre_supernova_single_profile,20M,19.98,single,128net,outer_shell,3,1.35,0.35,0.0171937202,0.10660608156,0.354836199626,0.014804547383,0.0805181156,0.0563542846128,0,0.02321152227,0.143918210106,0.479028869495,0.019986138967,0.10869945606,0.0760782842273,0.438907716918,0.464136275612,0.553625141784,269.646506732,0.352336488646,0.0463029434872,40.8001191658,0.023923376774,outer_shell,helium_rich,he4,unstable,yes
A2_20M,20M_pre_supernova_single_profile,20M,19.98,single,128net,outer_shell,3,1.4,0.4,0.0171937202,0.10660608156,0.354836199626,0.014804547383,0.0805181156,0.0563542846128,0,0.02407120828,0.149248514184,0.496770679476,0.0207263663362,0.11272536184,0.0788959984579,0.501608819335,0.530441457843,0.632714447753,308.167436266,0.402670272739,0.0529176496997,46.6287076181,0.0209957408045,outer_shell,helium_rich,he4,unstable,yes
A2_20M,20M_pre_supernova_single_profile,20M,19.98,single,128net,outer_shell,3,1.45,0.45,0.0171937202,0.10660608156,0.354836199626,0.014804547383,0.0805181156,0.0563542846128,0,0.02493089429,0.154578818262,0.514512489458,0.0214665937054,0.11675126762,0.0817137126886,0.564309921752,0.596746640073,0.711803753722,346.688365799,0.453004056831,0.0595323559121,52.4572960703,0.01870652041,outer_shell,helium_rich,he4,unstable,yes
A2_20M,20M_pre_supernova_single_profile,20M,19.98,single,128net,outer_shell,3,1.5,0.5,0.0171937202,0.10660608156,0.354836199626,0.014804547383,0.0805181156,0.0563542846128,0,0.0257905803,0.15990912234,0.532254299439,0.0222068210745,0.1207771734,0.0845314269192,0.627011024169,0.663051822303,0.790893059691,385.209295332,0.503337840923,0.0661470621246,58.2858845226,0.0168674214453,outer_shell,helium_rich,he4,unstable,yes
A2_20M,20M_pre_supernova_single_profile,20M,19.98,single,128net,outer_shell,3,0.5,0.5,0.0340494031678,0.2832148348,0.91833612551,0.011561950866,0.2383704642,0.000706700086639,0,0.0170247015839,0.1416074174,0.459168062755,0.005780975433,0.1191852321,0.00035335004332,1.24169469459,1.76149530655,2.04687590752,300.838035134,1.49011031736,0.000829504532895,46.3468971688,0.0211207082152,outer_shell,helium_rich,he4,unstable,yes
A2_20M,20M_pre_supernova_single_profile,20M,19.98,single,128net,outer_shell,3,0.55,0.45,0.0340494031678,0.2832148348,0.91833612551,0.011561950866,0.2383704642,0.000706700086639,0,0.0187271717423,0.15576815914,0.50508486903,0.0063590729763,0.13110375531,0.000388685047651,1.11752522513,1.58534577589,1.84218831677,270.754231621,1.34109928563,0.000746554079606,41.7122074519,0.0234125103725,outer_shell,helium_rich,he4,unstable,yes
A2_20M,20M_pre_supernova_single_profile,20M,19.98,single,128net,outer_shell,3,0.6,0.4,0.0340494031678,0.2832148348,0.91833612551,0.011561950866,0.2383704642,0.000706700086639,0,0.0204296419007,0.16992890088,0.551001675306,0.0069371705196,0.14302227852,0.000424020051983,0.993355755671,1.40919624524,1.63750072601,240.670428108,1.19208825389,0.000663603626316,37.0775177351,0.0262622161181,outer_shell,helium_rich,he4,unstable,yes
A2_20M,20M_pre_supernova_single_profile,20M,19.98,single,128net,outer_shell,3,0.65,0.35,0.0340494031678,0.2832148348,0.91833612551,0.011561950866,0.2383704642,0.000706700086639,0,0.0221321120591,0.18408964262,0.596918481581,0.0075152680629,0.15494080173,0.000459355056315,0.869186286212,1.23304671458,1.43281313526,210.586624594,1.04307722216,0.000580653173027,32.4428280182,0.0299017774291,outer_shell,helium_rich,he4,unstable,yes
A2_20M,20M_pre_supernova_single_profile,20M,19.98,single,128net,outer_shell,3,0.7,0.3,0.0340494031678,0.2832148348,0.91833612551,0.011561950866,0.2383704642,0.000706700086639,0,0.0238345822175,0.19825038436,0.642835287857,0.0080933656062,0.16685932494,0.000494690060647,0.745016816753,1.05689718393,1.22812554451,180.502821081,0.894066190419,0.000497702719737,27.8081383013,0.0347124131918,outer_shell,helium_rich,he4,unstable,yes
A2_20M,20M_pre_supernova_single_profile,20M,19.98,single,128net,outer_shell,3,0.75,0.25,0.0340494031678,0.2832148348,0.91833612551,0.011561950866,0.2383704642,0.000706700086639,0,0.0255370523759,0.2124111261,0.688752094133,0.0086714631495,0.17877784815,0.000530025064979,0.620847347294,0.880747653274,1.02343795376,150.419017567,0.745055158682,0.000414752266448,23.1734485844,0.0413677012822,outer_shell,helium_rich,he4,unstable,yes
A2_20M,20M_pre_supernova_single_profile,20M,19.98,single,128net,outer_shell,3,0.8,0.2,0.0340494031678,0.2832148348,0.91833612551,0.011561950866,0.2383704642,0.000706700086639,0,0.0272395225342,0.22657186784,0.734668900408,0.0092495606928,0.19069637136,0.000565360069311,0.496677877836,0.704598122619,0.818750363007,120.335214054,0.596044126946,0.000331801813158,18.5387588675,0.051180323519,outer_shell,helium_rich,he4,unstable,yes
A2_20M,20M_pre_supernova_single_profile,20M,19.98,single,128net,outer_shell,3,0.85,0.15,0.0340494031678,0.2832148348,0.91833612551,0.011561950866,0.2383704642,0.000706700086639,0,0.0289419926926,0.24073260958,0.780585706684,0.0098276582361,0.20261489457,0.000600695073643,0.372508408377,0.528448591965,0.614062772255,90.2514105403,0.447033095209,0.000248851359869,13.9040691506,0.0670957702821,outer_shell,helium_rich,he4,unstable,yes
A2_20M,20M_pre_supernova_single_profile,20M,19.98,single,128net,outer_shell,3,0.9,0.1,0.0340494031678,0.2832148348,0.91833612551,0.011561950866,0.2383704642,0.000706700086639,0,0.030644462851,0.25489335132,0.826502512959,0.0104057557794,0.21453341778,0.000636030077975,0.248338938918,0.35229906131,0.409375181504,60.1676070269,0.298022063473,0.000165900906579,9.26937943376,0.0973768674582,outer_shell,helium_rich,he4,unstable,yes
A2_20M,20M_pre_supernova_single_profile,20M,19.98,single,128net,outer_shell,3,0.95,0.05,0.0340494031678,0.2832148348,0.91833612551,0.011561950866,0.2383704642,0.000706700086639,0,0.0323469330094,0.26905409306,0.872419319235,0.0109838533227,0.22645194099,0.000671365082307,0.124169469459,0.176149530655,0.204687590752,30.0838035134,0.149011031736,8.29504532895e-05,4.63468971688,0.177472061506,outer_shell,helium_rich,he4,unstable,yes
A2_20M,20M_pre_supernova_single_profile,20M,19.98,single,128net,outer_shell,3,1,0,0.0340494031678,0.2832148348,0.91833612551,0.011561950866,0.2383704642,0.000706700086639,0,0.0340494031678,0.2832148348,0.91833612551,0.011561950866,0.2383704642,0.000706700086639,0,0,0,0,0,0,0,1,outer_shell,helium_rich,he4,valid,no
A2_20M,20M_pre_supernova_single_profile,20M,19.98,single,128net,outer_shell,3,1.05,0.05,0.0340494031678,0.2832148348,0.91833612551,0.011561950866,0.2383704642,0.000706700086639,0,0.0357518733262,0.29737557654,0.964252931785,0.0121400484093,0.25028898741,0.000742035090971,0.124169469459,0.176149530655,0.204687590752,30.0838035134,0.149011031736,8.29504532895e-05,4.63468971688,0.177472061506,outer_shell,helium_rich,he4,unstable,yes
A2_20M,20M_pre_supernova_single_profile,20M,19.98,single,128net,outer_shell,3,1.1,0.1,0.0340494031678,0.2832148348,0.91833612551,0.011561950866,0.2383704642,0.000706700086639,0,0.0374543434846,0.31153631828,1.01016973806,0.0127181459526,0.26220751062,0.000777370095303,0.248338938918,0.35229906131,0.409375181504,60.1676070269,0.298022063473,0.000165900906579,9.26937943376,0.0973768674582,outer_shell,helium_rich,he4,unstable,yes
A2_20M,20M_pre_supernova_single_profile,20M,19.98,single,128net,outer_shell,3,1.15,0.15,0.0340494031678,0.2832148348,0.91833612551,0.011561950866,0.2383704642,0.000706700086639,0,0.039156813643,0.32569706002,1.05608654434,0.0132962434959,0.27412603383,0.000812705099635,0.372508408377,0.528448591965,0.614062772255,90.2514105403,0.447033095209,0.000248851359869,13.9040691506,0.0670957702821,outer_shell,helium_rich,he4,unstable,yes
A2_20M,20M_pre_supernova_single_profile,20M,19.98,single,128net,outer_shell,3,1.2,0.2,0.0340494031678,0.2832148348,0.91833612551,0.011561950866,0.2383704642,0.000706700086639,0,0.0408592838014,0.33985780176,1.10200335061,0.0138743410392,0.28604455704,0.000848040103967,0.496677877836,0.704598122619,0.818750363007,120.335214054,0.596044126946,0.000331801813158,18.5387588675,0.051180323519,outer_shell,helium_rich,he4,unstable,yes
A2_20M,20M_pre_supernova_single_profile,20M,19.98,single,128net,outer_shell,3,1.25,0.25,0.0340494031678,0.2832148348,0.91833612551,0.011561950866,0.2383704642,0.000706700086639,0,0.0425617539598,0.3540185435,1.14792015689,0.0144524385825,0.29796308025,0.000883375108299,0.620847347294,0.880747653274,1.02343795376,150.419017567,0.745055158682,0.000414752266448,23.1734485844,0.0413677012822,outer_shell,helium_rich,he4,unstable,yes
A2_20M,20M_pre_supernova_single_profile,20M,19.98,single,128net,outer_shell,3,1.3,0.3,0.0340494031678,0.2832148348,0.91833612551,0.011561950866,0.2383704642,0.000706700086639,0,0.0442642241181,0.36817928524,1.19383696316,0.0150305361258,0.30988160346,0.000918710112631,0.745016816753,1.05689718393,1.22812554451,180.502821081,0.894066190419,0.000497702719737,27.8081383013,0.0347124131918,outer_shell,helium_rich,he4,unstable,yes
A2_20M,20M_pre_supernova_single_profile,20M,19.98,single,128net,outer_shell,3,1.35,0.35,0.0340494031678,0.2832148348,0.91833612551,0.011561950866,0.2383704642,0.000706700086639,0,0.0459666942765,0.38234002698,1.23975376944,0.0156086336691,0.32180012667,0.000954045116963,0.869186286212,1.23304671458,1.43281313526,210.586624594,1.04307722216,0.000580653173027,32.4428280182,0.0299017774291,outer_shell,helium_rich,he4,unstable,yes
A2_20M,20M_pre_supernova_single_profile,20M,19.98,single,128net,outer_shell,3,1.4,0.4,0.0340494031678,0.2832148348,0.91833612551,0.011561950866,0.2383704642,0.000706700086639,0,0.0476691644349,0.39650076872,1.28567057571,0.0161867312124,0.33371864988,0.000989380121295,0.993355755671,1.40919624524,1.63750072601,240.670428108,1.19208825389,0.000663603626316,37.0775177351,0.0262622161181,outer_shell,helium_rich,he4,unstable,yes
A2_20M,20M_pre_supernova_single_profile,20M,19.98,single,128net,outer_shell,3,1.45,0.45,0.0340494031678,0.2832148348,0.91833612551,0.011561950866,0.2383704642,0.000706700086639,0,0.0493716345933,0.41066151046,1.33158738199,0.0167648287557,0.34563717309,0.00102471512563,1.11752522513,1.58534577589,1.84218831677,270.754231621,1.34109928563,0.000746554079606,41.7122074519,0.0234125103725,outer_shell,helium_rich,he4,unstable,yes
A2_20M,20M_pre_supernova_single_profile,20M,19.98,single,128net,outer_shell,3,1.5,0.5,0.0340494031678,0.2832148348,0.91833612551,0.011561950866,0.2383704642,0.000706700086639,0,0.0510741047517,0.4248222522,1.37750418827,0.017342926299,0.3575556963,0.00106005012996,1.24169469459,1.76149530655,2.04687590752,300.838035134,1.49011031736,0.000829504532895,46.3468971688,0.0211207082152,outer_shell,helium_rich,he4,unstable,yes
A2_20M,20M_pre_supernova_single_profile,20M,19.98,single,128net,outer_shell,3,0.5,0.5,0.017476434317,0.1187609593,0.46628005045,0.013180661542,0.0449195074,1.8319174281e-06,0,0.0087382171585,0.05938047965,0.233140025225,0.006590330771,0.0224597537,9.1595871405e-07,0.637320885327,0.73865082864,1.03928983616,342.956337215,0.280802496452,2.15025275818e-06,51.9864494013,0.0188727497558,outer_shell,helium_rich,he4,unstable,yes
A2_20M,20M_pre_supernova_single_profile,20M,19.98,single,128net,outer_shell,3,0.55,0.45,0.017476434317,0.1187609593,0.46628005045,0.013180661542,0.0449195074,1.8319174281e-06,0,0.00961203887435,0.065318527615,0.256454027748,0.0072493638481,0.02470572907,1.00755458546e-06,0.573588796794,0.664785745776,0.935360852545,308.660703494,0.252722246806,1.93522748236e-06,46.7878044611,0.0209258410441,outer_shell,helium_rich,he4,unstable,yes
A2_20M,20M_pre_supernova_single_profile,20M,19.98,single,128net,outer_shell,3,0.6,0.4,0.017476434317,0.1187609593,0.46628005045,0.013180661542,0.0449195074,1.8319174281e-06,0,0.0104858605902,0.07125657558,0.27976803027,0.0079083969252,0.02695170444,1.09915045686e-06,0.509856708261,0.590920662912,0.831431868929,274.365069772,0.224641997161,1.72020220654e-06,41.589159521,0.0234801534298,outer_shell,helium_rich,he4,unstable,yes
A2_20M,20M_pre_supernova_single_profile,20M,19.98,single,128net,outer_shell,3,0.65,0.35,0.017476434317,0.1187609593,0.46628005045,0.013180661542,0.0449195074,1.8319174281e-06,0,0.0113596823061,0.077194623545,0.303082032793,0.0085674300023,0.02919767981,1.19074632826e-06,0.446124619729,0.517055580048,0.727502885313,240.069436051,0.196561747516,1.50517693072e-06,36.3905145809,0.0267447509404,outer_shell,helium_rich,he4,unstable,yes
A2_20M,20M_pre_supernova_single_profile,20M,19.98,single,128net,outer_shell,3,0.7,0.3,0.017476434317,0.1187609593,0.46628005045,0.013180661542,0.0449195074,1.8319174281e-06,0,0.0122335040219,0.08313267151,0.326396035315,0.0092264630794,0.03144365518,1.28234219967e-06,0.382392531196,0.443190497184,0.623573901697,205.773802329,0.168481497871,1.29015165491e-06,31.1918696408,0.0310637440807,outer_shell,helium_rich,he4,unstable,yes
A2_20M,20M_pre_supernova_single_profile,20M,19.98,single,128net,outer_shell,3,0.75,0.25,0.017476434317,0.1187609593,0.46628005045,0.013180661542,0.0449195074,1.8319174281e-06,0,0.0131073257378,0.089070719475,0.349710037837,0.0098854961565,0.03368963055,1.37393807107e-06,0.318660442663,0.36932541432,0.519644918081,171.478168608,0.140401248226,1.07512637909e-06,25.9932247006,0.0370463333333,outer_shell,helium_rich,he4,unstable,yes
A2_20M,20M_pre_supernova_single_profile,20M,19.98,single,128net,outer_shell,3,0.8,0.2,0.017476434317,0.1187609593,0.46628005045,0.013180661542,0.0449195074,1.8319174281e-06,0,0.0139811474536,0.09500876744,0.37302404036,0.0105445292336,0.03593560592,1.46553394248e-06,0.254928354131,0.295460331456,0.415715934465,137.182534886,0.112320998581,8.6010110327e-07,20.7945797605,0.0458829677373,outer_shell,helium_rich,he4,unstable,yes
A2_20M,20M_pre_supernova_single_profile,20M,19.98,single,128net,outer_shell,3,0.85,0.15,0.017476434317,0.1187609593,0.46628005045,0.013180661542,0.0449195074,1.8319174281e-06,0,0.0148549691695,0.100946815405,0.396338042883,0.0112035623107,0.03818158129,1.55712981389e-06,0.191196265598,0.221595248592,0.311786950848,102.886901165,0.0842407489355,6.45075827453e-07,15.5959348204,0.0602557198991,outer_shell,helium_rich,he4,unstable,yes
A2_20M,20M_pre_supernova_single_profile,20M,19.98,single,128net,outer_shell,3,0.9,0.1,0.017476434317,0.1187609593,0.46628005045,0.013180661542,0.0449195074,1.8319174281e-06,0,0.0157287908853,0.10688486337,0.419652045405,0.0118625953878,0.04042755666,1.64872568529e-06,0.127464177065,0.147730165728,0.207857967232,68.5912674431,0.0561604992903,4.30050551635e-07,10.3972898803,0.0877401566957,outer_shell,helium_rich,he4,unstable,yes
A2_20M,20M_pre_supernova_single_profile,20M,19.98,single,128net,outer_shell,3,0.95,0.05,0.017476434317,0.1187609593,0.46628005045,0.013180661542,0.0449195074,1.8319174281e-06,0,0.0166026126012,0.112822911335,0.442966047927,0.0125216284649,0.04267353203,1.74032155669e-06,0.0637320885327,0.073865082864,0.103928983616,34.2956337215,0.0280802496452,2.15025275818e-07,5.19864494013,0.161325581584,outer_shell,helium_rich,he4,unstable,yes
A2_20M,20M_pre_supernova_single_profile,20M,19.98,single,128net,outer_shell,3,1,0,0.017476434317,0.1187609593,0.46628005045,0.013180661542,0.0449195074,1.8319174281e-06,0,0.017476434317,0.1187609593,0.46628005045,0.013180661542,0.0449195074,1.8319174281e-06,0,0,0,0,0,0,0,1,outer_shell,helium_rich,he4,valid,no
A2_20M,20M_pre_supernova_single_profile,20M,19.98,single,128net,outer_shell,3,1.05,0.05,0.017476434317,0.1187609593,0.46628005045,0.013180661542,0.0449195074,1.8319174281e-06,0,0.0183502560329,0.124699007265,0.489594052973,0.0138396946191,0.04716548277,1.92351329951e-06,0.0637320885327,0.073865082864,0.103928983616,34.2956337215,0.0280802496452,2.15025275818e-07,5.19864494013,0.161325581584,outer_shell,helium_rich,he4,unstable,yes
A2_20M,20M_pre_supernova_single_profile,20M,19.98,single,128net,outer_shell,3,1.1,0.1,0.017476434317,0.1187609593,0.46628005045,0.013180661542,0.0449195074,1.8319174281e-06,0,0.0192240777487,0.13063705523,0.512908055495,0.0144987276962,0.04941145814,2.01510917091e-06,0.127464177065,0.147730165728,0.207857967232,68.5912674431,0.0561604992903,4.30050551635e-07,10.3972898803,0.0877401566957,outer_shell,helium_rich,he4,unstable,yes
A2_20M,20M_pre_supernova_single_profile,20M,19.98,single,128net,outer_shell,3,1.15,0.15,0.017476434317,0.1187609593,0.46628005045,0.013180661542,0.0449195074,1.8319174281e-06,0,0.0200978994646,0.136575103195,0.536222058017,0.0151577607733,0.05165743351,2.10670504231e-06,0.191196265598,0.221595248592,0.311786950848,102.886901165,0.0842407489355,6.45075827453e-07,15.5959348204,0.0602557198991,outer_shell,helium_rich,he4,unstable,yes
A2_20M,20M_pre_supernova_single_profile,20M,19.98,single,128net,outer_shell,3,1.2,0.2,0.017476434317,0.1187609593,0.46628005045,0.013180661542,0.0449195074,1.8319174281e-06,0,0.0209717211804,0.14251315116,0.55953606054,0.0158167938504,0.05390340888,2.19830091372e-06,0.254928354131,0.295460331456,0.415715934465,137.182534886,0.112320998581,8.6010110327e-07,20.7945797605,0.0458829677373,outer_shell,helium_rich,he4,unstable,yes
A2_20M,20M_pre_supernova_single_profile,20M,19.98,single,128net,outer_shell,3,1.25,0.25,0.017476434317,0.1187609593,0.46628005045,0.013180661542,0.0449195074,1.8319174281e-06,0,0.0218455428963,0.148451199125,0.582850063062,0.0164758269275,0.05614938425,2.28989678513e-06,0.318660442663,0.36932541432,0.519644918081,171.478168608,0.140401248226,1.07512637909e-06,25.9932247006,0.0370463333333,outer_shell,helium_rich,he4,unstable,yes
A2_20M,20M_pre_supernova_single_profile,20M,19.98,single,128net,outer_shell,3,1.3,0.3,0.017476434317,0.1187609593,0.46628005045,0.013180661542,0.0449195074,1.8319174281e-06,0,0.0227193646121,0.15438924709,0.606164065585,0.0171348600046,0.05839535962,2.38149265653e-06,0.382392531196,0.443190497184,0.623573901697,205.773802329,0.168481497871,1.29015165491e-06,31.1918696408,0.0310637440807,outer_shell,helium_rich,he4,unstable,yes
A2_20M,20M_pre_supernova_single_profile,20M,19.98,single,128net,outer_shell,3,1.35,0.35,0.017476434317,0.1187609593,0.46628005045,0.013180661542,0.0449195074,1.8319174281e-06,0,0.023593186328,0.160327295055,0.629478068108,0.0177938930817,0.06064133499,2.47308852793e-06,0.446124619729,0.517055580048,0.727502885313,240.069436051,0.196561747516,1.50517693072e-06,36.3905145809,0.0267447509404,outer_shell,helium_rich,he4,unstable,yes
A2_20M,20M_pre_supernova_single_profile,20M,19.98,single,128net,outer_shell,3,1.4,0.4,0.017476434317,0.1187609593,0.46628005045,0.013180661542,0.0449195074,1.8319174281e-06,0,0.0244670080438,0.16626534302,0.65279207063,0.0184529261588,0.06288731036,2.56468439934e-06,0.509856708261,0.590920662912,0.831431868929,274.365069772,0.224641997161,1.72020220654e-06,41.589159521,0.0234801534298,outer_shell,helium_rich,he4,unstable,yes
A2_20M,20M_pre_supernova_single_profile,20M,19.98,single,128net,outer_shell,3,1.45,0.45,0.017476434317,0.1187609593,0.46628005045,0.013180661542,0.0449195074,1.8319174281e-06,0,0.0253408297597,0.172203390985,0.676106073153,0.0191119592359,0.06513328573,2.65628027075e-06,0.573588796794,0.664785745776,0.935360852545,308.660703494,0.252722246806,1.93522748236e-06,46.7878044611,0.0209258410441,outer_shell,helium_rich,he4,unstable,yes
A2_20M,20M_pre_supernova_single_profile,20M,19.98,single,128net,outer_shell,3,1.5,0.5,0.017476434317,0.1187609593,0.46628005045,0.013180661542,0.0449195074,1.8319174281e-06,0,0.0262146514755,0.17814143895,0.699420075675,0.019770992313,0.0673792611,2.74787614215e-06,0.637320885327,0.73865082864,1.03928983616,342.956337215,0.280802496452,2.15025275818e-06,51.9864494013,0.0188727497558,outer_shell,helium_rich,he4,unstable,yes
A2_20M,20M_pre_supernova_single_profile,20M,19.98,single,128net,outer_shell,3,0.5,0.5,0.0404747953562,0.11672050438,0.43426561427,0.071798470551,0.0402739847,5.76292133482e-08,0,0.0202373976781,0.05836025219,0.217132807135,0.0358992352755,0.02013699235,2.88146066741e-08,1.47601232276,0.725959926459,0.967932980769,1868.17182122,0.251762232055,6.76435373411e-08,280.958731076,0.00354661831604,outer_shell,helium_rich,he4,unstable,yes
A2_20M,20M_pre_supernova_single_profile,20M,19.98,single,128net,outer_shell,3,0.55,0.45,0.0404747953562,0.11672050438,0.43426561427,0.071798470551,0.0402739847,5.76292133482e-08,0,0.0222611374459,0.064196277409,0.238846087849,0.0394891588031,0.022150691585,3.16960673415e-08,1.32841109049,0.653363933813,0.871139682692,1681.3546391,0.226586008849,6.0879183607e-08,252.862857968,0.00393913472811,outer_shell,helium_rich,he4,unstable,yes
A2_20M,20M_pre_supernova_single_profile,20M,19.98,single,128net,outer_shell,3,0.6,0.4,0.0404747953562,0.11672050438,0.43426561427,0.071798470551,0.0402739847,5.76292133482e-08,0,0.0242848772137,0.070032302628,0.260559368562,0.0430790823306,0.02416439082,3.45775280089e-08,1.18080985821,0.580767941167,0.774346384615,1494.53745698,0.201409785644,5.41148298729e-08,224.76698486,0.0044293455955,outer_shell,helium_rich,he4,unstable,yes
A2_20M,20M_pre_supernova_single_profile,20M,19.98,single,128net,outer_shell,3,0.65,0.35,0.0404747953562,0.11672050438,0.43426561427,0.071798470551,0.0402739847,5.76292133482e-08,0,0.0263086169815,0.075868327847,0.282272649275,0.0466690058582,0.026178090055,3.74589886763e-08,1.03320862593,0.508171948521,0.677553086538,1307.72027486,0.176233562438,4.73504761388e-08,196.671111753,0.00505890815877,outer_shell,helium_rich,he4,unstable,yes
A2_20M,20M_pre_supernova_single_profile,20M,19.98,single,128net,outer_shell,3,0.7,0.3,0.0404747953562,0.11672050438,0.43426561427,0.071798470551,0.0402739847,5.76292133482e-08,0,0.0283323567493,0.081704353066,0.303985929989,0.0502589293857,0.02819178929,4.03404493437e-08,0.885607393657,0.435575955875,0.580759788461,1120.90309273,0.151057339233,4.05861224046e-08,168.575238645,0.00589708738132,outer_shell,helium_rich,he4,unstable,yes
A2_20M,20M_pre_supernova_single_profile,20M,19.98,single,128net,outer_shell,3,0.75,0.25,0.0404747953562,0.11672050438,0.43426561427,0.071798470551,0.0402739847,5.76292133482e-08,0,0.0303560965172,0.087540378285,0.325699210702,0.0538488529132,0.030205488525,4.32219100112e-08,0.738006161381,0.362979963229,0.483966490384,934.085910611,0.125881116027,3.38217686705e-08,140.479365538,0.00706816853609,outer_shell,helium_rich,he4,unstable,yes
A2_20M,20M_pre_supernova_single_profile,20M,19.98,single,128net,outer_shell,3,0.8,0.2,0.0404747953562,0.11672050438,0.43426561427,0.071798470551,0.0402739847,5.76292133482e-08,0,0.032379836285,0.093376403504,0.347412491416,0.0574387764408,0.03221918776,4.61033706786e-08,0.590404929105,0.290383970583,0.387173192308,747.268728489,0.100704892822,2.70574149364e-08,112.38349243,0.00881962601933,outer_shell,helium_rich,he4,unstable,yes
A2_20M,20M_pre_supernova_single_profile,20M,19.98,single,128net,outer_shell,3,0.85,0.15,0.0404747953562,0.11672050438,0.43426561427,0.071798470551,0.0402739847,5.76292133482e-08,0,0.0344035760528,0.099212428723,0.36912577213,0.0610286999684,0.034232886995,4.8984831346e-08,0.442803696829,0.217787977938,0.290379894231,560.451546367,0.0755286696164,2.02930612023e-08,84.2876193227,0.0117250312289,outer_shell,helium_rich,he4,unstable,yes
A2_20M,20M_pre_supernova_single_profile,20M,19.98,single,128net,outer_shell,3,0.9,0.1,0.0404747953562,0.11672050438,0.43426561427,0.071798470551,0.0402739847,5.76292133482e-08,0,0.0364273158206,0.105048453942,0.390839052843,0.0646186234959,0.03624658623,5.18662920134e-08,0.295202464552,0.145191985292,0.193586596154,373.634364245,0.0503524464109,1.35287074682e-08,56.1917462151,0.0174850405203,outer_shell,helium_rich,he4,unstable,yes
A2_20M,20M_pre_supernova_single_profile,20M,19.98,single,128net,outer_shell,3,0.95,0.05,0.0404747953562,0.11672050438,0.43426561427,0.071798470551,0.0402739847,5.76292133482e-08,0,0.0384510555884,0.110884479161,0.412552333556,0.0682085470235,0.038260285465,5.47477526808e-08,0.147601232276,0.0725959926459,0.0967932980769,186.817182122,0.0251762232055,6.76435373411e-09,28.0958731076,0.034369135317,outer_shell,helium_rich,he4,unstable,yes
A2_20M,20M_pre_supernova_single_profile,20M,19.98,single,128net,outer_shell,3,1,0,0.0404747953562,0.11672050438,0.43426561427,0.071798470551,0.0402739847,5.76292133482e-08,0,0.0404747953562,0.11672050438,0.43426561427,0.071798470551,0.0402739847,5.76292133482e-08,0,0,0,0,0,0,0,1,outer_shell,helium_rich,he4,valid,no
A2_20M,20M_pre_supernova_single_profile,20M,19.98,single,128net,outer_shell,3,1.05,0.05,0.0404747953562,0.11672050438,0.43426561427,0.071798470551,0.0402739847,5.76292133482e-08,0,0.042498535124,0.122556529599,0.455978894984,0.0753883940785,0.042287683935,6.05106740156e-08,0.147601232276,0.0725959926459,0.0967932980769,186.817182122,0.0251762232055,6.76435373411e-09,28.0958731076,0.034369135317,outer_shell,helium_rich,he4,unstable,yes
A2_20M,20M_pre_supernova_single_profile,20M,19.98,single,128net,outer_shell,3,1.1,0.1,0.0404747953562,0.11672050438,0.43426561427,0.071798470551,0.0402739847,5.76292133482e-08,0,0.0445222748918,0.128392554818,0.477692175697,0.0789783176061,0.04430138317,6.3392134683e-08,0.295202464552,0.145191985292,0.193586596154,373.634364245,0.0503524464109,1.35287074682e-08,56.1917462151,0.0174850405203,outer_shell,helium_rich,he4,unstable,yes
A2_20M,20M_pre_supernova_single_profile,20M,19.98,single,128net,outer_shell,3,1.15,0.15,0.0404747953562,0.11672050438,0.43426561427,0.071798470551,0.0402739847,5.76292133482e-08,0,0.0465460146596,0.134228580037,0.49940545641,0.0825682411336,0.046315082405,6.62735953504e-08,0.442803696829,0.217787977938,0.290379894231,560.451546367,0.0755286696164,2.02930612023e-08,84.2876193227,0.0117250312289,outer_shell,helium_rich,he4,unstable,yes
A2_20M,20M_pre_supernova_single_profile,20M,19.98,single,128net,outer_shell,3,1.2,0.2,0.0404747953562,0.11672050438,0.43426561427,0.071798470551,0.0402739847,5.76292133482e-08,0,0.0485697544274,0.140064605256,0.521118737124,0.0861581646612,0.04832878164,6.91550560178e-08,0.590404929105,0.290383970583,0.387173192308,747.268728489,0.100704892822,2.70574149364e-08,112.38349243,0.00881962601933,outer_shell,helium_rich,he4,unstable,yes
A2_20M,20M_pre_supernova_single_profile,20M,19.98,single,128net,outer_shell,3,1.25,0.25,0.0404747953562,0.11672050438,0.43426561427,0.071798470551,0.0402739847,5.76292133482e-08,0,0.0505934941952,0.145900630475,0.542832017838,0.0897480881887,0.050342480875,7.20365166853e-08,0.738006161381,0.362979963229,0.483966490384,934.085910611,0.125881116027,3.38217686705e-08,140.479365538,0.00706816853609,outer_shell,helium_rich,he4,unstable,yes
A2_20M,20M_pre_supernova_single_profile,20M,19.98,single,128net,outer_shell,3,1.3,0.3,0.0404747953562,0.11672050438,0.43426561427,0.071798470551,0.0402739847,5.76292133482e-08,0,0.0526172339631,0.151736655694,0.564545298551,0.0933380117163,0.05235618011,7.49179773527e-08,0.885607393657,0.435575955875,0.580759788461,1120.90309273,0.151057339233,4.05861224046e-08,168.575238645,0.00589708738132,outer_shell,helium_rich,he4,unstable,yes
A2_20M,20M_pre_supernova_single_profile,20M,19.98,single,128net,outer_shell,3,1.35,0.35,0.0404747953562,0.11672050438,0.43426561427,0.071798470551,0.0402739847,5.76292133482e-08,0,0.0546409737309,0.157572680913,0.586258579264,0.0969279352439,0.054369879345,7.77994380201e-08,1.03320862593,0.508171948521,0.677553086538,1307.72027486,0.176233562438,4.73504761388e-08,196.671111753,0.00505890815877,outer_shell,helium_rich,he4,unstable,yes
A2_20M,20M_pre_supernova_single_profile,20M,19.98,single,128net,outer_shell,3,1.4,0.4,0.0404747953562,0.11672050438,0.43426561427,0.071798470551,0.0402739847,5.76292133482e-08,0,0.0566647134987,0.163408706132,0.607971859978,0.100517858771,0.05638357858,8.06808986875e-08,1.18080985821,0.580767941167,0.774346384615,1494.53745698,0.201409785644,5.41148298729e-08,224.76698486,0.0044293455955,outer_shell,helium_rich,he4,unstable,yes
A2_20M,20M_pre_supernova_single_profile,20M,19.98,single,128net,outer_shell,3,1.45,0.45,0.0404747953562,0.11672050438,0.43426561427,0.071798470551,0.0402739847,5.76292133482e-08,0,0.0586884532665,0.169244731351,0.629685140692,0.104107782299,0.058397277815,8.35623593549e-08,1.32841109049,0.653363933813,0.871139682692,1681.3546391,0.226586008849,6.0879183607e-08,252.862857968,0.00393913472811,outer_shell,helium_rich,he4,unstable,yes
A2_20M,20M_pre_supernova_single_profile,20M,19.98,single,128net,outer_shell,3,1.5,0.5,0.0404747953562,0.11672050438,0.43426561427,0.071798470551,0.0402739847,5.76292133482e-08,0,0.0607121930343,0.17508075657,0.651398421405,0.107697705826,0.06041097705,8.64438200223e-08,1.47601232276,0.725959926459,0.967932980769,1868.17182122,0.251762232055,6.76435373411e-08,280.958731076,0.00354661831604,outer_shell,helium_rich,he4,unstable,yes
A2_20M,20M_pre_supernova_single_profile,20M,19.98,single,128net,outer_shell,3,0.5,0.5,0.0532407345378,0.21908064242,0.6943981249,0.072273865653,0.1762550388,7.59884463e-09,1,0.0266203672689,0.10954032121,0.34719906245,0.0361369328265,0.0881275194,3.799422315e-09,1.94155349173,1.36260349374,1.5477413472,1880.54144033,1.10181205832,8.91930846553e-09,283.258854598,0.00351792031743,outer_shell,hydrogen_rich,h1,unstable,yes
A2_20M,20M_pre_supernova_single_profile,20M,19.98,single,128net,outer_shell,3,0.55,0.45,0.0532407345378,0.21908064242,0.6943981249,0.072273865653,0.1762550388,7.59884463e-09,1,0.0292824039958,0.120494353331,0.381918968695,0.0397506261091,0.09694027134,4.1793645465e-09,1.74739814255,1.22634314437,1.39296721248,1692.4872963,0.99163085249,8.02737761898e-09,254.932969138,0.00390727307766,outer_shell,hydrogen_rich,h1,unstable,yes
A2_20M,20M_pre_supernova_single_profile,20M,19.98,single,128net,outer_shell,3,0.6,0.4,0.0532407345378,0.21908064242,0.6943981249,0.072273865653,0.1762550388,7.59884463e-09,1,0.0319444407227,0.131448385452,0.41663887494,0.0433643193918,0.10575302328,4.559306778e-09,1.55324279338,1.09008279499,1.23819307776,1504.43315227,0.881449646658,7.13544677242e-09,226.607083678,0.00439353636907,outer_shell,hydrogen_rich,h1,unstable,yes
A2_20M,20M_pre_supernova_single_profile,20M,19.98,single,128net,outer_shell,3,0.65,0.35,0.0532407345378,0.21908064242,0.6943981249,0.072273865653,0.1762550388,7.59884463e-09,1,0.0346064774496,0.142402417573,0.451358781185,0.0469780126744,0.11456577522,4.9392490095e-09,1.35908744421,0.953822445621,1.08341894304,1316.37900823,0.771268440826,6.24351592587e-09,198.281198219,0.00501803486199,outer_shell,hydrogen_rich,h1,unstable,yes
A2_20M,20M_pre_supernova_single_profile,20M,19.98,single,128net,outer_shell,3,0.7,0.3,0.0532407345378,0.21908064242,0.6943981249,0.072273865653,0.1762550388,7.59884463e-09,1,0.0372685141765,0.153356449694,0.48607868743,0.0505917059571,0.12337852716,5.319191241e-09,1.16493209504,0.817562096246,0.928644808323,1128.3248642,0.661087234993,5.35158507932e-09,169.955312759,0.00584948185501,outer_shell,hydrogen_rich,h1,unstable,yes
A2_20M,20M_pre_supernova_single_profile,20M,19.98,single,128net,outer_shell,3,0.75,0.25,0.0532407345378,0.21908064242,0.6943981249,0.072273865653,0.1762550388,7.59884463e-09,1,0.0399305509034,0.164310481815,0.520798593675,0.0542053992397,0.1321912791,5.6991334725e-09,0.970776745863,0.681301746872,0.773870673602,940.270720167,0.550906029161,4.45965423277e-09,141.629427299,0.0070111758768,outer_shell,hydrogen_rich,h1,unstable,yes
A2_20M,20M_pre_supernova_single_profile,20M,19.98,single,128net,outer_shell,3,0.8,0.2,0.0532407345378,0.21908064242,0.6943981249,0.072273865653,0.1762550388,7.59884463e-09,1,0.0425925876302,0.175264513936,0.55551849992,0.0578190925224,0.14100403104,6.079075704e-09,0.77662139669,0.545041397497,0.619096538882,752.216576134,0.440724823329,3.56772338621e-09,113.303541839,0.00874863529082,outer_shell,hydrogen_rich,h1,unstable,yes
A2_20M,20M_pre_supernova_single_profile,20M,19.98,single,128net,outer_shell,3,0.85,0.15,0.0532407345378,0.21908064242,0.6943981249,0.072273865653,0.1762550388,7.59884463e-09,1,0.0452546243571,0.186218546057,0.590238406165,0.0614327858051,0.14981678298,6.4590179355e-09,0.582466047518,0.408781048123,0.464322404161,564.1624321,0.330543617497,2.67579253966e-09,84.9776563794,0.011630928803,outer_shell,hydrogen_rich,h1,unstable,yes
A2_20M,20M_pre_supernova_single_profile,20M,19.98,single,128net,outer_shell,3,0.9,0.1,0.0532407345378,0.21908064242,0.6943981249,0.072273865653,0.1762550388,7.59884463e-09,1,0.047916661084,0.197172578178,0.62495831241,0.0650464790877,0.15862953492,6.838960167e-09,0.388310698345,0.272520698749,0.309548269441,376.108288067,0.220362411664,1.78386169311e-09,56.6517709196,0.017345520945,outer_shell,hydrogen_rich,h1,unstable,yes
A2_20M,20M_pre_supernova_single_profile,20M,19.98,single,128net,outer_shell,3,0.95,0.05,0.0532407345378,0.21908064242,0.6943981249,0.072273865653,0.1762550388,7.59884463e-09,1,0.0505786978109,0.208126610299,0.659678218655,0.0686601723703,0.16744228686,7.2189023985e-09,0.194155349173,0.136260349374,0.15477413472,188.054144033,0.110181205832,8.91930846553e-10,28.3258854598,0.034099567134,outer_shell,hydrogen_rich,h1,unstable,yes
A2_20M,20M_pre_supernova_single_profile,20M,19.98,single,128net,outer_shell,3,1,0,0.0532407345378,0.21908064242,0.6943981249,0.072273865653,0.1762550388,7.59884463e-09,1,0.0532407345378,0.21908064242,0.6943981249,0.072273865653,0.1762550388,7.59884463e-09,0,0,0,0,0,0,0,1,outer_shell,hydrogen_rich,h1,valid,no
A2_20M,20M_pre_supernova_single_profile,20M,19.98,single,128net,outer_shell,3,1.05,0.05,0.0532407345378,0.21908064242,0.6943981249,0.072273865653,0.1762550388,7.59884463e-09,1,0.0559027712647,0.230034674541,0.729118031145,0.0758875589356,0.18506779074,7.9787868615e-09,0.194155349173,0.136260349374,0.15477413472,188.054144033,0.110181205832,8.91930846553e-10,28.3258854598,0.034099567134,outer_shell,hydrogen_rich,h1,unstable,yes
A2_20M,20M_pre_supernova_single_profile,20M,19.98,single,128net,outer_shell,3,1.1,0.1,0.0532407345378,0.21908064242,0.6943981249,0.072273865653,0.1762550388,7.59884463e-09,1,0.0585648079916,0.240988706662,0.76383793739,0.0795012522183,0.19388054268,8.358729093e-09,0.388310698345,0.272520698749,0.309548269441,376.108288067,0.220362411664,1.78386169311e-09,56.6517709196,0.017345520945,outer_shell,hydrogen_rich,h1,unstable,yes
A2_20M,20M_pre_supernova_single_profile,20M,19.98,single,128net,outer_shell,3,1.15,0.15,0.0532407345378,0.21908064242,0.6943981249,0.072273865653,0.1762550388,7.59884463e-09,1,0.0612268447185,0.251942738783,0.798557843635,0.0831149455009,0.20269329462,8.7386713245e-09,0.582466047518,0.408781048123,0.464322404161,564.1624321,0.330543617497,2.67579253966e-09,84.9776563794,0.011630928803,outer_shell,hydrogen_rich,h1,unstable,yes
A2_20M,20M_pre_supernova_single_profile,20M,19.98,single,128net,outer_shell,3,1.2,0.2,0.0532407345378,0.21908064242,0.6943981249,0.072273865653,0.1762550388,7.59884463e-09,1,0.0638888814454,0.262896770904,0.83327774988,0.0867286387836,0.21150604656,9.118613556e-09,0.77662139669,0.545041397497,0.619096538882,752.216576134,0.440724823329,3.56772338621e-09,113.303541839,0.00874863529082,outer_shell,hydrogen_rich,h1,unstable,yes
A2_20M,20M_pre_supernova_single_profile,20M,19.98,single,128net,outer_shell,3,1.25,0.25,0.0532407345378,0.21908064242,0.6943981249,0.072273865653,0.1762550388,7.59884463e-09,1,0.0665509181722,0.273850803025,0.867997656125,0.0903423320662,0.2203187985,9.4985557875e-09,0.970776745863,0.681301746872,0.773870673602,940.270720167,0.550906029161,4.45965423277e-09,141.629427299,0.0070111758768,outer_shell,hydrogen_rich,h1,unstable,yes
A2_20M,20M_pre_supernova_single_profile,20M,19.98,single,128net,outer_shell,3,1.3,0.3,0.0532407345378,0.21908064242,0.6943981249,0.072273865653,0.1762550388,7.59884463e-09,1,0.0692129548991,0.284804835146,0.90271756237,0.0939560253489,0.22913155044,9.878498019e-09,1.16493209504,0.817562096246,0.928644808323,1128.3248642,0.661087234993,5.35158507932e-09,169.955312759,0.00584948185501,outer_shell,hydrogen_rich,h1,unstable,yes
A2_20M,20M_pre_supernova_single_profile,20M,19.98,single,128net,outer_shell,3,1.35,0.35,0.0532407345378,0.21908064242,0.6943981249,0.072273865653,0.1762550388,7.59884463e-09,1,0.071874991626,0.295758867267,0.937437468615,0.0975697186315,0.23794430238,1.02584402505e-08,1.35908744421,0.953822445621,1.08341894304,1316.37900823,0.771268440826,6.24351592587e-09,198.281198219,0.00501803486199,outer_shell,hydrogen_rich,h1,unstable,yes
A2_20M,20M_pre_supernova_single_profile,20M,19.98,single,128net,outer_shell,3,1.4,0.4,0.0532407345378,0.21908064242,0.6943981249,0.072273865653,0.1762550388,7.59884463e-09,1,0.0745370283529,0.306712899388,0.97215737486,0.101183411914,0.24675705432,1.0638382482e-08,1.55324279338,1.09008279499,1.23819307776,1504.43315227,0.881449646658,7.13544677242e-09,226.607083678,0.00439353636907,outer_shell,hydrogen_rich,h1,unstable,yes
A2_20M,20M_pre_supernova_single_profile,20M,19.98,single,128net,outer_shell,3,1.45,0.45,0.0532407345378,0.21908064242,0.6943981249,0.072273865653,0.1762550388,7.59884463e-09,1,0.0771990650798,0.317666931509,1.00687728111,0.104797105197,0.25556980626,1.10183247135e-08,1.74739814255,1.22634314437,1.39296721248,1692.4872963,0.99163085249,8.02737761898e-09,254.932969138,0.00390727307766,outer_shell,hydrogen_rich,h1,unstable,yes
A2_20M,20M_pre_supernova_single_profile,20M,19.98,single,128net,outer_shell,3,1.5,0.5,0.0532407345378,0.21908064242,0.6943981249,0.072273865653,0.1762550388,7.59884463e-09,1,0.0798611018067,0.32862096363,1.04159718735,0.108410798479,0.2643825582,1.1398266945e-08,1.94155349173,1.36260349374,1.5477413472,1880.54144033,1.10181205832,8.91930846553e-09,283.258854598,0.00351792031743,outer_shell,hydrogen_rich,h1,unstable,yes
A2_20M,20M_pre_supernova_single_profile,20M,19.98,single,128net,outer_shell,3,0.5,0.5,0.0231717464566,0.22204001759,0.62615667063,1.9570066e-05,0.2479781565,7.26461631913e-11,0,0.0115858732283,0.111020008795,0.313078335315,9.785033e-06,0.12398907825,3.63230815956e-11,0.845014360391,1.38100975229,1.39563822858,0.509206471393,1.55017028105,8.5270007467e-11,0.997981185092,0.500505213693,outer_shell,hydrogen_rich,h1,valid,no
A2_20M,20M_pre_supernova_single_profile,20M,19.98,single,128net,outer_shell,3,0.55,0.45,0.0231717464566,0.22204001759,0.62615667063,1.9570066e-05,0.2479781565,7.26461631913e-11,0,0.0127444605511,0.122122009675,0.344386168847,1.07635363e-05,0.136387986075,3.99553897552e-11,0.760512924351,1.24290877706,1.25607440572,0.458285824253,1.39515325294,7.67430067203e-11,0.898183066583,0.526819576892,outer_shell,hydrogen_rich,h1,valid,no
A2_20M,20M_pre_supernova_single_profile,20M,19.98,single,128net,outer_shell,3,0.6,0.4,0.0231717464566,0.22204001759,0.62615667063,1.9570066e-05,0.2479781565,7.26461631913e-11,0,0.013903047874,0.133224010554,0.375694002378,1.17420396e-05,0.1487868939,4.35876979148e-11,0.676011488312,1.10480780183,1.11651058286,0.407365177114,1.24013622484,6.82160059736e-11,0.798384948074,0.556054476029,outer_shell,hydrogen_rich,h1,valid,no
A2_20M,20M_pre_supernova_single_profile,20M,19.98,single,128net,outer_shell,3,0.65,0.35,0.0231717464566,0.22204001759,0.62615667063,1.9570066e-05,0.2479781565,7.26461631913e-11,0,0.0150616351968,0.144326011434,0.40700183591,1.27205429e-05,0.161185801725,4.72200060743e-11,0.591510052273,0.9667068266,0.976946760003,0.356444529975,1.08511919673,5.96890052269e-11,0.698586829564,0.588724687249,outer_shell,hydrogen_rich,h1,valid,no
A2_20M,20M_pre_supernova_single_profile,20M,19.98,single,128net,outer_shell,3,0.7,0.3,0.0231717464566,0.22204001759,0.62615667063,1.9570066e-05,0.2479781565,7.26461631913e-11,0,0.0162202225196,0.155428012313,0.438309669441,1.36990462e-05,0.17358470955,5.08523142339e-11,0.507008616234,0.828605851371,0.837382937146,0.305523882836,0.930102168627,5.11620044802e-11,0.598788711055,0.625473518224,outer_shell,hydrogen_rich,h1,valid,no
A2_20M,20M_pre_supernova_single_profile,20M,19.98,single,128net,outer_shell,3,0.75,0.25,0.0231717464566,0.22204001759,0.62615667063,1.9570066e-05,0.2479781565,7.26461631913e-11,0,0.0173788098425,0.166530013192,0.469617502973,1.46775495e-05,0.185983617375,5.44846223935e-11,0.422507180195,0.690504876143,0.697819114288,0.254603235696,0.775085140523,4.26350037335e-11,0.498990592546,0.667115594302,outer_shell,hydrogen_rich,h1,valid,no
A2_20M,20M_pre_supernova_single_profile,20M,19.98,single,128net,outer_shell,3,0.8,0.2,0.0231717464566,0.22204001759,0.62615667063,1.9570066e-05,0.2479781565,7.26461631913e-11,0,0.0185373971653,0.177632014072,0.500925336504,1.56560528e-05,0.1983825252,5.8116930553e-11,0.338005744156,0.552403900914,0.55825529143,0.203682588557,0.620068112418,3.41080029868e-11,0.399192474037,0.71469795511,outer_shell,hydrogen_rich,h1,valid,no
A2_20M,20M_pre_supernova_single_profile,20M,19.98,single,128net,outer_shell,3,0.85,0.15,0.0231717464566,0.22204001759,0.62615667063,1.9570066e-05,0.2479781565,7.26461631913e-11,0,0.0196959844881,0.188734014952,0.532233170036,1.66345561e-05,0.210781433025,6.17492387126e-11,0.253504308117,0.414302925686,0.418691468573,0.152761941418,0.465051084314,2.55810022401e-11,0.299394355528,0.769589305776,outer_shell,hydrogen_rich,h1,valid,no
A2_20M,20M_pre_supernova_single_profile,20M,19.98,single,128net,outer_shell,3,0.9,0.1,0.0231717464566,0.22204001759,0.62615667063,1.9570066e-05,0.2479781565,7.26461631913e-11,0,0.0208545718109,0.199836015831,0.563541003567,1.76130594e-05,0.22318034085,6.53815468722e-11,0.169002872078,0.276201950457,0.279127645715,0.101841294279,0.310034056209,1.70540014934e-11,0.199596237018,0.833613818667,outer_shell,hydrogen_rich,h1,valid,no
A2_20M,20M_pre_supernova_single_profile,20M,19.98,single,128net,outer_shell,3,0.95,0.05,0.0231717464566,0.22204001759,0.62615667063,1.9570066e-05,0.2479781565,7.26461631913e-11,0,0.0220131591338,0.21093801671,0.594848837099,1.85915627e-05,0.235579248675,6.90138550317e-11,0.0845014360391,0.138100975229,0.139563822858,0.0509206471393,0.155017028105,8.5270007467e-12,0.0997981185092,0.909257783925,outer_shell,hydrogen_rich,h1,valid,no
A2_20M,20M_pre_supernova_single_profile,20M,19.98,single,128net,outer_shell,3,1,0,0.0231717464566,0.22204001759,0.62615667063,1.9570066e-05,0.2479781565,7.26461631913e-11,0,0.0231717464566,0.22204001759,0.62615667063,1.9570066e-05,0.2479781565,7.26461631913e-11,0,0,0,0,0,0,0,1,outer_shell,hydrogen_rich,h1,valid,no
A2_20M,20M_pre_supernova_single_profile,20M,19.98,single,128net,outer_shell,3,1.05,0.05,0.0231717464566,0.22204001759,0.62615667063,1.9570066e-05,0.2479781565,7.26461631913e-11,0,0.0243303337794,0.23314201847,0.657464504162,2.05485693e-05,0.260377064325,7.62784713509e-11,0.0845014360391,0.138100975229,0.139563822858,0.0509206471393,0.155017028105,8.5270007467e-12,0.0997981185092,0.909257783925,outer_shell,hydrogen_rich,h1,valid,no
A2_20M,20M_pre_supernova_single_profile,20M,19.98,single,128net,outer_shell,3,1.1,0.1,0.0231717464566,0.22204001759,0.62615667063,1.9570066e-05,0.2479781565,7.26461631913e-11,0,0.0254889211023,0.244244019349,0.688772337693,2.15270726e-05,0.27277597215,7.99107795104e-11,0.169002872078,0.276201950457,0.279127645715,0.101841294279,0.310034056209,1.70540014934e-11,0.199596237018,0.833613818667,outer_shell,hydrogen_rich,h1,valid,no
A2_20M,20M_pre_supernova_single_profile,20M,19.98,single,128net,outer_shell,3,1.15,0.15,0.0231717464566,0.22204001759,0.62615667063,1.9570066e-05,0.2479781565,7.26461631913e-11,0,0.0266475084251,0.255346020229,0.720080171224,2.25055759e-05,0.285174879975,8.354308767e-11,0.253504308117,0.414302925686,0.418691468573,0.152761941418,0.465051084314,2.55810022401e-11,0.299394355528,0.769589305776,outer_shell,hydrogen_rich,h1,valid,no
A2_20M,20M_pre_supernova_single_profile,20M,19.98,single,128net,outer_shell,3,1.2,0.2,0.0231717464566,0.22204001759,0.62615667063,1.9570066e-05,0.2479781565,7.26461631913e-11,0,0.0278060957479,0.266448021108,0.751388004756,2.34840792e-05,0.2975737878,8.71753958296e-11,0.338005744156,0.552403900914,0.55825529143,0.203682588557,0.620068112418,3.41080029868e-11,0.399192474037,0.71469795511,outer_shell,hydrogen_rich,h1,valid,no
A2_20M,20M_pre_supernova_single_profile,20M,19.98,single,128net,outer_shell,3,1.25,0.25,0.0231717464566,0.22204001759,0.62615667063,1.9570066e-05,0.2479781565,7.26461631913e-11,0,0.0289646830708,0.277550021988,0.782695838288,2.44625825e-05,0.309972695625,9.08077039891e-11,0.422507180195,0.690504876143,0.697819114288,0.254603235696,0.775085140523,4.26350037335e-11,0.498990592546,0.667115594302,outer_shell,hydrogen_rich,h1,valid,no
A2_20M,20M_pre_supernova_single_profile,20M,19.98,single,128net,outer_shell,3,1.3,0.3,0.0231717464566,0.22204001759,0.62615667063,1.9570066e-05,0.2479781565,7.26461631913e-11,0,0.0301232703936,0.288652022867,0.814003671819,2.54410858e-05,0.32237160345,9.44400121487e-11,0.507008616234,0.828605851371,0.837382937146,0.305523882836,0.930102168627,5.11620044802e-11,0.598788711055,0.625473518224,outer_shell,hydrogen_rich,h1,valid,no
A2_20M,20M_pre_supernova_single_profile,20M,19.98,single,128net,outer_shell,3,1.35,0.35,0.0231717464566,0.22204001759,0.62615667063,1.9570066e-05,0.2479781565,7.26461631913e-11,0,0.0312818577164,0.299754023747,0.845311505351,2.64195891e-05,0.334770511275,9.80723203083e-11,0.591510052273,0.9667068266,0.976946760003,0.356444529975,1.08511919673,5.96890052269e-11,0.698586829564,0.588724687249,outer_shell,hydrogen_rich,h1,valid,no
A2_20M,20M_pre_supernova_single_profile,20M,19.98,single,128net,outer_shell,3,1.4,0.4,0.0231717464566,0.22204001759,0.62615667063,1.9570066e-05,0.2479781565,7.26461631913e-11,0,0.0324404450392,0.310856024626,0.876619338882,2.73980924e-05,0.3471694191,1.01704628468e-10,0.676011488312,1.10480780183,1.11651058286,0.407365177114,1.24013622484,6.82160059736e-11,0.798384948074,0.556054476029,outer_shell,hydrogen_rich,h1,valid,no
A2_20M,20M_pre_supernova_single_profile,20M,19.98,single,128net,outer_shell,3,1.45,0.45,0.0231717464566,0.22204001759,0.62615667063,1.9570066e-05,0.2479781565,7.26461631913e-11,0,0.0335990323621,0.321958025506,0.907927172414,2.83765957e-05,0.359568326925,1.05336936627e-10,0.760512924351,1.24290877706,1.25607440572,0.458285824253,1.39515325294,7.67430067203e-11,0.898183066583,0.526819576892,outer_shell,hydrogen_rich,h1,valid,no
A2_20M,20M_pre_supernova_single_profile,20M,19.98,single,128net,outer_shell,3,1.5,0.5,0.0231717464566,0.22204001759,0.62615667063,1.9570066e-05,0.2479781565,7.26461631913e-11,0,0.0347576196849,0.333060026385,0.939235005945,2.9355099e-05,0.37196723475,1.08969244787e-10,0.845014360391,1.38100975229,1.39563822858,0.509206471393,1.55017028105,8.5270007467e-11,0.997981185092,0.500505213693,outer_shell,hydrogen_rich,h1,valid,no
A2_20M,20M_pre_supernova_single_profile,20M,19.98,single,128net,outer_shell,3,0.5,0.5,0.0219135138395,0.21012137546,0.58900522516,2.2161925e-05,0.2360867575,2.500501121e-13,0,0.0109567569197,0.10506068773,0.29450261258,1.10809625e-05,0.11804337875,1.2502505605e-13,0.799129833208,1.30688004723,1.31283151266,0.576645762386,1.47583432505,2.93501734837e-13,0.957805067141,0.510776081227,outer_shell,hydrogen_rich,h1,valid,no
A2_20M,20M_pre_supernova_single_profile,20M,19.98,single,128net,outer_shell,3,0.55,0.45,0.0219135138395,0.21012137546,0.58900522516,2.2161925e-05,0.2360867575,2.500501121e-13,0,0.0120524326117,0.115566756503,0.323952873838,1.218905875e-05,0.129847716625,1.37527561655e-13,0.719216849887,1.1761920425,1.18154836139,0.518981186148,1.32825089254,2.64151561353e-13,0.862024560427,0.53704984416,outer_shell,hydrogen_rich,h1,valid,no
A2_20M,20M_pre_supernova_single_profile,20M,19.98,single,128net,outer_shell,3,0.6,0.4,0.0219135138395,0.21012137546,0.58900522516,2.2161925e-05,0.2360867575,2.500501121e-13,0,0.0131481083037,0.126072825276,0.353403135096,1.3297155e-05,0.1416520545,1.5003006726e-13,0.639303866566,1.04550403778,1.05026521013,0.461316609909,1.18066746004,2.34801387869e-13,0.766244053713,0.566173172896,outer_shell,hydrogen_rich,h1,valid,no
A2_20M,20M_pre_supernova_single_profile,20M,19.98,single,128net,outer_shell,3,0.65,0.35,0.0219135138395,0.21012137546,0.58900522516,2.2161925e-05,0.2360867575,2.500501121e-13,0,0.0142437839957,0.136578894049,0.382853396354,1.440525125e-05,0.153456392375,1.62532572865e-13,0.559390883245,0.914816033058,0.918982058861,0.40365203367,1.03308402753,2.05451214386e-13,0.670463546999,0.598636229923,outer_shell,hydrogen_rich,h1,valid,no
A2_20M,20M_pre_supernova_single_profile,20M,19.98,single,128net,outer_shell,3,0.7,0.3,0.0219135138395,0.21012137546,0.58900522516,2.2161925e-05,0.2360867575,2.500501121e-13,0,0.0153394596876,0.147084962822,0.412303657612,1.55133475e-05,0.16526073025,1.7503507847e-13,0.479477899925,0.784128028335,0.787698907595,0.345987457432,0.885500595029,1.76101040902e-13,0.574683040285,0.635048434775,outer_shell,hydrogen_rich,h1,valid,no
A2_20M,20M_pre_supernova_single_profile,20M,19.98,single,128net,outer_shell,3,0.75,0.25,0.0219135138395,0.21012137546,0.58900522516,2.2161925e-05,0.2360867575,2.500501121e-13,0,0.0164351353796,0.157591031595,0.44175391887,1.662144375e-05,0.177065068125,1.87537584075e-13,0.399564916604,0.653440023613,0.656415756329,0.288322881193,0.737917162524,1.46750867418e-13,0.478902533571,0.676177082195,outer_shell,hydrogen_rich,h1,valid,no
A2_20M,20M_pre_supernova_single_profile,20M,19.98,single,128net,outer_shell,3,0.8,0.2,0.0219135138395,0.21012137546,0.58900522516,2.2161925e-05,0.2360867575,2.500501121e-13,0,0.0175308110716,0.168097100368,0.471204180128,1.772954e-05,0.188869406,2.0004008968e-13,0.319651933283,0.52275201889,0.525132605063,0.230658304955,0.590333730019,1.17400693935e-13,0.383122026857,0.723002006029,outer_shell,hydrogen_rich,h1,valid,no
A2_20M,20M_pre_supernova_single_profile,20M,19.98,single,128net,outer_shell,3,0.85,0.15,0.0219135138395,0.21012137546,0.58900522516,2.2161925e-05,0.2360867575,2.500501121e-13,0,0.0186264867636,0.178603169141,0.500654441386,1.883763625e-05,0.200673743875,2.12542595285e-13,0.239738949962,0.392064014168,0.393849453797,0.172993728716,0.442750297514,8.8050520451e-14,0.287341520142,0.776794645674,outer_shell,hydrogen_rich,h1,valid,no
A2_20M,20M_pre_supernova_single_profile,20M,19.98,single,128net,outer_shell,3,0.9,0.1,0.0219135138395,0.21012137546,0.58900522516,2.2161925e-05,0.2360867575,2.500501121e-13,0,0.0197221624556,0.189109237914,0.530104702644,1.99457325e-05,0.21247808175,2.2504510089e-13,0.159825966642,0.261376009445,0.262566302532,0.115329152477,0.29516686501,5.87003469674e-14,0.191561013428,0.839235245808,outer_shell,hydrogen_rich,h1,valid,no
A2_20M,20M_pre_supernova_single_profile,20M,19.98,single,128net,outer_shell,3,0.95,0.05,0.0219135138395,0.21012137546,0.58900522516,2.2161925e-05,0.2360867575,2.500501121e-13,0,0.0208178381475,0.199615306687,0.559554963902,2.105382875e-05,0.224282419625,2.37547606495e-13,0.0799129833208,0.130688004723,0.131283151266,0.0576645762386,0.147583432505,2.93501734837e-14,0.0957805067141,0.912591521635,outer_shell,hydrogen_rich,h1,valid,no
A2_20M,20M_pre_supernova_single_profile,20M,19.98,single,128net,outer_shell,3,1,0,0.0219135138395,0.21012137546,0.58900522516,2.2161925e-05,0.2360867575,2.500501121e-13,0,0.0219135138395,0.21012137546,0.58900522516,2.2161925e-05,0.2360867575,2.500501121e-13,0,0,0,0,0,0,0,1,outer_shell,hydrogen_rich,h1,valid,no
A2_20M,20M_pre_supernova_single_profile,20M,19.98,single,128net,outer_shell,3,1.05,0.05,0.0219135138395,0.21012137546,0.58900522516,2.2161925e-05,0.2360867575,2.500501121e-13,0,0.0230091895315,0.220627444233,0.618455486418,2.327002125e-05,0.247891095375,2.62552617705e-13,0.0799129833208,0.130688004723,0.131283151266,0.0576645762386,0.147583432505,2.93501734837e-14,0.0957805067141,0.912591521635,outer_shell,hydrogen_rich,h1,valid,no
A2_20M,20M_pre_supernova_single_profile,20M,19.98,single,128net,outer_shell,3,1.1,0.1,0.0219135138395,0.21012137546,0.58900522516,2.2161925e-05,0.2360867575,2.500501121e-13,0,0.0241048652235,0.231133513006,0.647905747676,2.43781175e-05,0.25969543325,2.7505512331e-13,0.159825966642,0.261376009445,0.262566302532,0.115329152477,0.29516686501,5.87003469674e-14,0.191561013428,0.839235245808,outer_shell,hydrogen_rich,h1,valid,no
A2_20M,20M_pre_supernova_single_profile,20M,19.98,single,128net,outer_shell,3,1.15,0.15,0.0219135138395,0.21012137546,0.58900522516,2.2161925e-05,0.2360867575,2.500501121e-13,0,0.0252005409154,0.241639581779,0.677356008934,2.548621375e-05,0.271499771125,2.87557628915e-13,0.239738949962,0.392064014168,0.393849453797,0.172993728716,0.442750297514,8.8050520451e-14,0.287341520142,0.776794645674,outer_shell,hydrogen_rich,h1,valid,no
A2_20M,20M_pre_supernova_single_profile,20M,19.98,single,128net,outer_shell,3,1.2,0.2,0.0219135138395,0.21012137546,0.58900522516,2.2161925e-05,0.2360867575,2.500501121e-13,0,0.0262962166074,0.252145650552,0.706806270192,2.659431e-05,0.283304109,3.0006013452e-13,0.319651933283,0.52275201889,0.525132605063,0.230658304955,0.590333730019,1.17400693935e-13,0.383122026857,0.723002006029,outer_shell,hydrogen_rich,h1,valid,no
A2_20M,20M_pre_supernova_single_profile,20M,19.98,single,128net,outer_shell,3,1.25,0.25,0.0219135138395,0.21012137546,0.58900522516,2.2161925e-05,0.2360867575,2.500501121e-13,0,0.0273918922994,0.262651719325,0.73625653145,2.770240625e-05,0.295108446875,3.12562640125e-13,0.399564916604,0.653440023613,0.656415756329,0.288322881193,0.737917162524,1.46750867418e-13,0.478902533571,0.676177082195,outer_shell,hydrogen_rich,h1,valid,no
A2_20M,20M_pre_supernova_single_profile,20M,19.98,single,128net,outer_shell,3,1.3,0.3,0.0219135138395,0.21012137546,0.58900522516,2.2161925e-05,0.2360867575,2.500501121e-13,0,0.0284875679914,0.273157788098,0.765706792708,2.88105025e-05,0.30691278475,3.2506514573e-13,0.479477899925,0.784128028335,0.787698907595,0.345987457432,0.885500595029,1.76101040902e-13,0.574683040285,0.635048434775,outer_shell,hydrogen_rich,h1,valid,no
A2_20M,20M_pre_supernova_single_profile,20M,19.98,single,128net,outer_shell,3,1.35,0.35,0.0219135138395,0.21012137546,0.58900522516,2.2161925e-05,0.2360867575,2.500501121e-13,0,0.0295832436833,0.283663856871,0.795157053966,2.991859875e-05,0.318717122625,3.37567651335e-13,0.559390883245,0.914816033058,0.918982058861,0.40365203367,1.03308402753,2.05451214386e-13,0.670463546999,0.598636229923,outer_shell,hydrogen_rich,h1,valid,no
A2_20M,20M_pre_supernova_single_profile,20M,19.98,single,128net,outer_shell,3,1.4,0.4,0.0219135138395,0.21012137546,0.58900522516,2.2161925e-05,0.2360867575,2.500501121e-13,0,0.0306789193753,0.294169925644,0.824607315224,3.1026695e-05,0.3305214605,3.5007015694e-13,0.639303866566,1.04550403778,1.05026521013,0.461316609909,1.18066746004,2.34801387869e-13,0.766244053713,0.566173172896,outer_shell,hydrogen_rich,h1,valid,no
A2_20M,20M_pre_supernova_single_profile,20M,19.98,single,128net,outer_shell,3,1.45,0.45,0.0219135138395,0.21012137546,0.58900522516,2.2161925e-05,0.2360867575,2.500501121e-13,0,0.0317745950673,0.304675994417,0.854057576482,3.213479125e-05,0.342325798375,3.62572662545e-13,0.719216849887,1.1761920425,1.18154836139,0.518981186148,1.32825089254,2.64151561353e-13,0.862024560427,0.53704984416,outer_shell,hydrogen_rich,h1,valid,no
A2_20M,20M_pre_supernova_single_profile,20M,19.98,single,128net,outer_shell,3,1.5,0.5,0.0219135138395,0.21012137546,0.58900522516,2.2161925e-05,0.2360867575,2.500501121e-13,0,0.0328702707593,0.31518206319,0.88350783774,3.32428875e-05,0.35413013625,3.7507516815e-13,0.799129833208,1.30688004723,1.31283151266,0.576645762386,1.47583432505,2.93501734837e-13,0.957805067141,0.510776081227,outer_shell,hydrogen_rich,h1,valid,no
A2_20M,20M_pre_supernova_single_profile,20M,19.98,single,128net,outer_shell,3,0.5,0.5,0.0224718919619,0.21568548316,0.60061574542,2.2811702e-05,0.2437634408,2.0154444e-14,0,0.011235945981,0.10784274158,0.30030787271,1.1405851e-05,0.1218817204,1.0077222e-14,0.819492455975,1.34148681352,1.33871015723,0.593552739264,1.5238230934,2.3656715164e-14,0.982327728374,0.504457454581,outer_shell,hydrogen_rich,h1,valid,no
A2_20M,20M_pre_supernova_single_profile,20M,19.98,single,128net,outer_shell,3,0.55,0.45,0.0224718919619,0.21568548316,0.60061574542,2.2811702e-05,0.2437634408,2.0154444e-14,0,0.012359540579,0.118627015738,0.330338659981,1.25464361e-05,0.13406989244,1.10849442e-14,0.737543210378,1.20733813217,1.20483914151,0.534197465338,1.37144078406,2.12910436476e-14,0.884094955537,0.530758811843,outer_shell,hydrogen_rich,h1,valid,no
A2_20M,20M_pre_supernova_single_profile,20M,19.98,single,128net,outer_shell,3,0.6,0.4,0.0224718919619,0.21568548316,0.60061574542,2.2811702e-05,0.2437634408,2.0154444e-14,0,0.0134831351771,0.129411289896,0.360369447252,1.36870212e-05,0.14625806448,1.20926664e-14,0.65559396478,1.07318945081,1.07096812579,0.474842191411,1.21905847472,1.89253721312e-14,0.785862182699,0.559953623347,outer_shell,hydrogen_rich,h1,valid,no
A2_20M,20M_pre_supernova_single_profile,20M,19.98,single,128net,outer_shell,3,0.65,0.35,0.0224718919619,0.21568548316,0.60061574542,2.2811702e-05,0.2437634408,2.0154444e-14,0,0.0146067297752,0.140195564054,0.390400234523,1.48276063e-05,0.15844623652,1.31003886e-14,0.573644719183,0.939040769463,0.937097110064,0.415486917485,1.06667616538,1.65597006148e-14,0.687629409862,0.592547151736,outer_shell,hydrogen_rich,h1,valid,no
A2_20M,20M_pre_supernova_single_profile,20M,19.98,single,128net,outer_shell,3,0.7,0.3,0.0224718919619,0.21568548316,0.60061574542,2.2811702e-05,0.2437634408,2.0154444e-14,0,0.0157303243733,0.150979838212,0.420431021794,1.59681914e-05,0.17063440856,1.41081108e-14,0.491695473585,0.804892088111,0.803226094341,0.356131643559,0.91429385604,1.41940290984e-14,0.589396637024,0.629169570833,outer_shell,hydrogen_rich,h1,valid,no
A2_20M,20M_pre_supernova_single_profile,20M,19.98,single,128net,outer_shell,3,0.75,0.25,0.0224718919619,0.21568548316,0.60061574542,2.2811702e-05,0.2437634408,2.0154444e-14,0,0.0168539189714,0.16176411237,0.450461809065,1.71087765e-05,0.1828225806,1.5115833e-14,0.409746227988,0.670743406759,0.669355078617,0.296776369632,0.7619115467,1.1828357582e-14,0.491163864187,0.670617109237,outer_shell,hydrogen_rich,h1,valid,no
A2_20M,20M_pre_supernova_single_profile,20M,19.98,single,128net,outer_shell,3,0.8,0.2,0.0224718919619,0.21568548316,0.60061574542,2.2811702e-05,0.2437634408,2.0154444e-14,0,0.0179775135695,0.172548386528,0.480492596336,1.82493616e-05,0.19501075264,1.61235552e-14,0.32779698239,0.536594725407,0.535484062894,0.237421095706,0.60952923736,9.46268606559e-15,0.39293109135,0.717910603195,outer_shell,hydrogen_rich,h1,valid,no
A2_20M,20M_pre_supernova_single_profile,20M,19.98,single,128net,outer_shell,3,0.85,0.15,0.0224718919619,0.21568548316,0.60061574542,2.2811702e-05,0.2437634408,2.0154444e-14,0,0.0191011081676,0.183332660686,0.510523383607,1.93899467e-05,0.20719892468,1.71312774e-14,0.245847736793,0.402446044056,0.40161304717,0.178065821779,0.45714692802,7.09701454919e-15,0.294698318512,0.772380704989,outer_shell,hydrogen_rich,h1,valid,no
A2_20M,20M_pre_supernova_single_profile,20M,19.98,single,128net,outer_shell,3,0.9,0.1,0.0224718919619,0.21568548316,0.60061574542,2.2811702e-05,0.2437634408,2.0154444e-14,0,0.0202247027657,0.194116934844,0.540554170878,2.05305318e-05,0.21938709672,1.81389996e-14,0.163898491195,0.268297362704,0.267742031447,0.118710547853,0.30476461868,4.7313430328e-15,0.196465545675,0.835795066239,outer_shell,hydrogen_rich,h1,valid,no
A2_20M,20M_pre_supernova_single_profile,20M,19.98,single,128net,outer_shell,3,0.95,0.05,0.0224718919619,0.21568548316,0.60061574542,2.2811702e-05,0.2437634408,2.0154444e-14,0,0.0213482973638,0.204901209002,0.570584958149,2.16711169e-05,0.23157526876,1.91467218e-14,0.0819492455975,0.134148681352,0.133871015723,0.0593552739264,0.15238230934,2.3656715164e-15,0.0982327728374,0.910553777608,outer_shell,hydrogen_rich,h1,valid,no
A2_20M,20M_pre_supernova_single_profile,20M,19.98,single,128net,outer_shell,3,1,0,0.0224718919619,0.21568548316,0.60061574542,2.2811702e-05,0.2437634408,2.0154444e-14,0,0.0224718919619,0.21568548316,0.60061574542,2.2811702e-05,0.2437634408,2.0154444e-14,0,0,0,0,0,0,0,1,outer_shell,hydrogen_rich,h1,valid,no
A2_20M,20M_pre_supernova_single_profile,20M,19.98,single,128net,outer_shell,3,1.05,0.05,0.0224718919619,0.21568548316,0.60061574542,2.2811702e-05,0.2437634408,2.0154444e-14,0,0.02359548656,0.226469757318,0.630646532691,2.39522871e-05,0.25595161284,2.11621662e-14,0.0819492455975,0.134148681352,0.133871015723,0.0593552739264,0.15238230934,2.3656715164e-15,0.0982327728374,0.910553777608,outer_shell,hydrogen_rich,h1,valid,no
A2_20M,20M_pre_supernova_single_profile,20M,19.98,single,128net,outer_shell,3,1.1,0.1,0.0224718919619,0.21568548316,0.60061574542,2.2811702e-05,0.2437634408,2.0154444e-14,0,0.0247190811581,0.237254031476,0.660677319962,2.50928722e-05,0.26813978488,2.21698884e-14,0.163898491195,0.268297362704,0.267742031447,0.118710547853,0.30476461868,4.7313430328e-15,0.196465545675,0.835795066239,outer_shell,hydrogen_rich,h1,valid,no
A2_20M,20M_pre_supernova_single_profile,20M,19.98,single,128net,outer_shell,3,1.15,0.15,0.0224718919619,0.21568548316,0.60061574542,2.2811702e-05,0.2437634408,2.0154444e-14,0,0.0258426757562,0.248038305634,0.690708107233,2.62334573e-05,0.28032795692,2.31776106e-14,0.245847736793,0.402446044056,0.40161304717,0.178065821779,0.45714692802,7.09701454919e-15,0.294698318512,0.772380704989,outer_shell,hydrogen_rich,h1,valid,no
A2_20M,20M_pre_supernova_single_profile,20M,19.98,single,128net,outer_shell,3,1.2,0.2,0.0224718919619,0.21568548316,0.60061574542,2.2811702e-05,0.2437634408,2.0154444e-14,0,0.0269662703543,0.258822579792,0.720738894504,2.73740424e-05,0.29251612896,2.41853328e-14,0.32779698239,0.536594725407,0.535484062894,0.237421095706,0.60952923736,9.46268606559e-15,0.39293109135,0.717910603195,outer_shell,hydrogen_rich,h1,valid,no
A2_20M,20M_pre_supernova_single_profile,20M,19.98,single,128net,outer_shell,3,1.25,0.25,0.0224718919619,0.21568548316,0.60061574542,2.2811702e-05,0.2437634408,2.0154444e-14,0,0.0280898649524,0.26960685395,0.750769681775,2.85146275e-05,0.304704301,2.5193055e-14,0.409746227988,0.670743406759,0.669355078617,0.296776369632,0.7619115467,1.1828357582e-14,0.491163864187,0.670617109237,outer_shell,hydrogen_rich,h1,valid,no
A2_20M,20M_pre_supernova_single_profile,20M,19.98,single,128net,outer_shell,3,1.3,0.3,0.0224718919619,0.21568548316,0.60061574542,2.2811702e-05,0.2437634408,2.0154444e-14,0,0.0292134595505,0.280391128108,0.780800469046,2.96552126e-05,0.31689247304,2.62007772e-14,0.491695473585,0.804892088111,0.803226094341,0.356131643559,0.91429385604,1.41940290984e-14,0.589396637024,0.629169570833,outer_shell,hydrogen_rich,h1,valid,no
A2_20M,20M_pre_supernova_single_profile,20M,19.98,single,128net,outer_shell,3,1.35,0.35,0.0224718919619,0.21568548316,0.60061574542,2.2811702e-05,0.2437634408,2.0154444e-14,0,0.0303370541486,0.291175402266,0.810831256317,3.07957977e-05,0.32908064508,2.72084994e-14,0.573644719183,0.939040769463,0.937097110064,0.415486917485,1.06667616538,1.65597006148e-14,0.687629409862,0.592547151736,outer_shell,hydrogen_rich,h1,valid,no
A2_20M,20M_pre_supernova_single_profile,20M,19.98,single,128net,outer_shell,3,1.4,0.4,0.0224718919619,0.21568548316,0.60061574542,2.2811702e-05,0.2437634408,2.0154444e-14,0,0.0314606487467,0.301959676424,0.840862043588,3.19363828e-05,0.34126881712,2.82162216e-14,0.65559396478,1.07318945081,1.07096812579,0.474842191411,1.21905847472,1.89253721312e-14,0.785862182699,0.559953623347,outer_shell,hydrogen_rich,h1,valid,no
A2_20M,20M_pre_supernova_single_profile,20M,19.98,single,128net,outer_shell,3,1.45,0.45,0.0224718919619,0.21568548316,0.60061574542,2.2811702e-05,0.2437634408,2.0154444e-14,0,0.0325842433448,0.312743950582,0.870892830859,3.30769679e-05,0.35345698916,2.92239438e-14,0.737543210378,1.20733813217,1.20483914151,0.534197465338,1.37144078406,2.12910436476e-14,0.884094955537,0.530758811843,outer_shell,hydrogen_rich,h1,valid,no
A2_20M,20M_pre_supernova_single_profile,20M,19.98,single,128net,outer_shell,3,1.5,0.5,0.0224718919619,0.21568548316,0.60061574542,2.2811702e-05,0.2437634408,2.0154444e-14,0,0.0337078379429,0.32352822474,0.90092361813,3.4217553e-05,0.3656451612,3.0231666e-14,0.819492455975,1.34148681352,1.33871015723,0.593552739264,1.5238230934,2.3656715164e-14,0.982327728374,0.504457454581,outer_shell,hydrogen_rich,h1,valid,no
A2_20M,20M_pre_supernova_single_profile,20M,19.98,single,128net,outer_shell,3,0.5,0.5,0.0216089213729,0.20773935629,0.56947349242,1.88624109999e-05,0.2386820742,1.21505261e-14,0,0.0108044606864,0.103869678145,0.28473674621,9.43120549995e-06,0.1193410371,6.07526305e-15,0.788022124567,1.29206473718,1.26929730762,0.490793528607,1.49205826539,1.42619431744e-14,0.932102795932,0.517570805293,outer_shell,hydrogen_rich,h1,valid,no
A2_20M,20M_pre_supernova_single_profile,20M,19.98,single,128net,outer_shell,3,0.55,0.45,0.0216089213729,0.20773935629,0.56947349242,1.88624109999e-05,0.2386820742,1.21505261e-14,0,0.0118849067551,0.11425664596,0.313210420831,1.03743260499e-05,0.13127514081,6.682789355e-15,0.70921991211,1.16285826346,1.14236757686,0.441714175747,1.34285243885,1.2835748857e-14,0.838892516339,0.543805573798,outer_shell,hydrogen_rich,h1,valid,no
A2_20M,20M_pre_supernova_single_profile,20M,19.98,single,128net,outer_shell,3,0.6,0.4,0.0216089213729,0.20773935629,0.56947349242,1.88624109999e-05,0.2386820742,1.21505261e-14,0,0.0129653528237,0.124643613774,0.341684095452,1.13174465999e-05,0.14320924452,7.29031566e-15,0.630417699653,1.03365178974,1.0154378461,0.392634822886,1.19364661232,1.14095545395e-14,0.745682236746,0.572841940503,outer_shell,hydrogen_rich,h1,valid,no
A2_20M,20M_pre_supernova_single_profile,20M,19.98,single,128net,outer_shell,3,0.65,0.35,0.0216089213729,0.20773935629,0.56947349242,1.88624109999e-05,0.2386820742,1.21505261e-14,0,0.0140457988924,0.135030581589,0.370157770073,1.22605671499e-05,0.15514334823,7.897841965e-15,0.551615487197,0.904445316023,0.888508115337,0.343555470025,1.04444078578,9.9833602221e-15,0.652471957153,0.605153991069,outer_shell,hydrogen_rich,h1,valid,no
A2_20M,20M_pre_supernova_single_profile,20M,19.98,single,128net,outer_shell,3,0.7,0.3,0.0216089213729,0.20773935629,0.56947349242,1.88624109999e-05,0.2386820742,1.21505261e-14,0,0.015126244961,0.145417549403,0.398631444694,1.32036876999e-05,0.16707745194,8.50536827e-15,0.47281327474,0.775238842306,0.761578384575,0.294476117164,0.895234959236,8.55716590466e-15,0.559261677559,0.641329171615,outer_shell,hydrogen_rich,h1,valid,no
A2_20M,20M_pre_supernova_single_profile,20M,19.98,single,128net,outer_shell,3,0.75,0.25,0.0216089213729,0.20773935629,0.56947349242,1.88624109999e-05,0.2386820742,1.21505261e-14,0,0.0162066910297,0.155804517217,0.427105119315,1.41468082499e-05,0.17901155565,9.112894575e-15,0.394011062283,0.646032368588,0.634648653812,0.245396764304,0.746029132697,7.13097158721e-15,0.466051397966,0.682104325529,outer_shell,hydrogen_rich,h1,valid,no
A2_20M,20M_pre_supernova_single_profile,20M,19.98,single,128net,outer_shell,3,0.8,0.2,0.0216089213729,0.20773935629,0.56947349242,1.88624109999e-05,0.2386820742,1.21505261e-14,0,0.0172871370983,0.166191485032,0.455578793936,1.50899287999e-05,0.19094565936,9.72042088e-15,0.315208849827,0.516825894871,0.50771892305,0.196317411443,0.596823306158,5.70477726977e-15,0.372841118373,0.728416410768,outer_shell,hydrogen_rich,h1,valid,no
A2_20M,20M_pre_supernova_single_profile,20M,19.98,single,128net,outer_shell,3,0.85,0.15,0.0216089213729,0.20773935629,0.56947349242,1.88624109999e-05,0.2386820742,1.21505261e-14,0,0.018367583167,0.176578452847,0.484052468557,1.60330493499e-05,0.20287976307,1.0327947185e-14,0.23640663737,0.387619421153,0.380789192287,0.147238058582,0.447617479618,4.27858295233e-15,0.27963083878,0.78147538313,outer_shell,hydrogen_rich,h1,valid,no
A2_20M,20M_pre_supernova_single_profile,20M,19.98,single,128net,outer_shell,3,0.9,0.1,0.0216089213729,0.20773935629,0.56947349242,1.88624109999e-05,0.2386820742,1.21505261e-14,0,0.0194480292356,0.186965420661,0.512526143178,1.69761698999e-05,0.21481386678,1.093547349e-14,0.157604424913,0.258412947435,0.253859461525,0.0981587057215,0.298411653079,2.85238863489e-15,0.186420559186,0.842871435645,outer_shell,hydrogen_rich,h1,valid,no
A2_20M,20M_pre_supernova_single_profile,20M,19.98,single,128net,outer_shell,3,0.95,0.05,0.0216089213729,0.20773935629,0.56947349242,1.88624109999e-05,0.2386820742,1.21505261e-14,0,0.0205284753043,0.197352388475,0.540999817799,1.79192904499e-05,0.22674797049,1.1542999795e-14,0.0788022124567,0.129206473718,0.126929730762,0.0490793528607,0.149205826539,1.42619431744e-15,0.0932102795932,0.914737099227,outer_shell,hydrogen_rich,h1,valid,no
A2_20M,20M_pre_supernova_single_profile,20M,19.98,single,128net,outer_shell,3,1,0,0.0216089213729,0.20773935629,0.56947349242,1.88624109999e-05,0.2386820742,1.21505261e-14,0,0.0216089213729,0.20773935629,0.56947349242,1.88624109999e-05,0.2386820742,1.21505261e-14,0,0,0,0,0,0,0,1,outer_shell,hydrogen_rich,h1,valid,no
A2_20M,20M_pre_supernova_single_profile,20M,19.98,single,128net,outer_shell,3,1.05,0.05,0.0216089213729,0.20773935629,0.56947349242,1.88624109999e-05,0.2386820742,1.21505261e-14,0,0.0226893674415,0.218126324105,0.597947167041,1.98055315499e-05,0.25061617791,1.2758052405e-14,0.0788022124567,0.129206473718,0.126929730762,0.0490793528607,0.149205826539,1.42619431744e-15,0.0932102795932,0.914737099227,outer_shell,hydrogen_rich,h1,valid,no
A2_20M,20M_pre_supernova_single_profile,20M,19.98,single,128net,outer_shell,3,1.1,0.1,0.0216089213729,0.20773935629,0.56947349242,1.88624109999e-05,0.2386820742,1.21505261e-14,0,0.0237698135102,0.228513291919,0.626420841662,2.07486520999e-05,0.26255028162,1.336557871e-14,0.157604424913,0.258412947435,0.253859461525,0.0981587057215,0.298411653079,2.85238863489e-15,0.186420559186,0.842871435645,outer_shell,hydrogen_rich,h1,valid,no
A2_20M,20M_pre_supernova_single_profile,20M,19.98,single,128net,outer_shell,3,1.15,0.15,0.0216089213729,0.20773935629,0.56947349242,1.88624109999e-05,0.2386820742,1.21505261e-14,0,0.0248502595788,0.238900259733,0.654894516283,2.16917726499e-05,0.27448438533,1.3973105015e-14,0.23640663737,0.387619421153,0.380789192287,0.147238058582,0.447617479618,4.27858295233e-15,0.27963083878,0.78147538313,outer_shell,hydrogen_rich,h1,valid,no
A2_20M,20M_pre_supernova_single_profile,20M,19.98,single,128net,outer_shell,3,1.2,0.2,0.0216089213729,0.20773935629,0.56947349242,1.88624109999e-05,0.2386820742,1.21505261e-14,0,0.0259307056475,0.249287227548,0.683368190904,2.26348931999e-05,0.28641848904,1.458063132e-14,0.315208849827,0.516825894871,0.50771892305,0.196317411443,0.596823306158,5.70477726977e-15,0.372841118373,0.728416410768,outer_shell,hydrogen_rich,h1,valid,no
A2_20M,20M_pre_supernova_single_profile,20M,19.98,single,128net,outer_shell,3,1.25,0.25,0.0216089213729,0.20773935629,0.56947349242,1.88624109999e-05,0.2386820742,1.21505261e-14,0,0.0270111517161,0.259674195363,0.711841865525,2.35780137499e-05,0.29835259275,1.5188157625e-14,0.394011062283,0.646032368588,0.634648653812,0.245396764304,0.746029132697,7.13097158721e-15,0.466051397966,0.682104325529,outer_shell,hydrogen_rich,h1,valid,no
A2_20M,20M_pre_supernova_single_profile,20M,19.98,single,128net,outer_shell,3,1.3,0.3,0.0216089213729,0.20773935629,0.56947349242,1.88624109999e-05,0.2386820742,1.21505261e-14,0,0.0280915977848,0.270061163177,0.740315540146,2.45211342999e-05,0.31028669646,1.579568393e-14,0.47281327474,0.775238842306,0.761578384575,0.294476117164,0.895234959236,8.55716590466e-15,0.559261677559,0.641329171615,outer_shell,hydrogen_rich,h1,valid,no
A2_20M,20M_pre_supernova_single_profile,20M,19.98,single,128net,outer_shell,3,1.35,0.35,0.0216089213729,0.20773935629,0.56947349242,1.88624109999e-05,0.2386820742,1.21505261e-14,0,0.0291720438534,0.280448130992,0.768789214767,2.54642548499e-05,0.32222080017,1.6403210235e-14,0.551615487197,0.904445316023,0.888508115337,0.343555470025,1.04444078578,9.9833602221e-15,0.652471957153,0.605153991069,outer_shell,hydrogen_rich,h1,valid,no
A2_20M,20M_pre_supernova_single_profile,20M,19.98,single,128net,outer_shell,3,1.4,0.4,0.0216089213729,0.20773935629,0.56947349242,1.88624109999e-05,0.2386820742,1.21505261e-14,0,0.0302524899221,0.290835098806,0.797262889388,2.64073753999e-05,0.33415490388,1.701073654e-14,0.630417699653,1.03365178974,1.0154378461,0.392634822886,1.19364661232,1.14095545395e-14,0.745682236746,0.572841940503,outer_shell,hydrogen_rich,h1,valid,no
A2_20M,20M_pre_supernova_single_profile,20M,19.98,single,128net,outer_shell,3,1.45,0.45,0.0216089213729,0.20773935629,0.56947349242,1.88624109999e-05,0.2386820742,1.21505261e-14,0,0.0313329359907,0.301222066621,0.825736564009,2.73504959499e-05,0.34608900759,1.7618262845e-14,0.70921991211,1.16285826346,1.14236757686,0.441714175747,1.34285243885,1.2835748857e-14,0.838892516339,0.543805573798,outer_shell,hydrogen_rich,h1,valid,no
A2_20M,20M_pre_supernova_single_profile,20M,19.98,single,128net,outer_shell,3,1.5,0.5,0.0216089213729,0.20773935629,0.56947349242,1.88624109999e-05,0.2386820742,1.21505261e-14,0,0.0324133820594,0.311609034435,0.85421023863,2.82936164998e-05,0.3580231113,1.822578915e-14,0.788022124567,1.29206473718,1.26929730762,0.490793528607,1.49205826539,1.42619431744e-14,0.932102795932,0.517570805293,outer_shell,hydrogen_rich,h1,valid,no
A2_20M,20M_pre_supernova_single_profile,20M,19.98,single,128net,outer_shell,3,0.5,0.5,0.0224565760197,0.21661594952,0.57457894184,1.642944e-05,0.2571015754,8.1003507e-15,0,0.0112282880099,0.10830797476,0.28728947092,8.21472e-06,0.1285507877,4.05017535e-15,0.818933922714,1.34727398257,1.28067682448,0.427488449419,1.60720293682,9.50796207716e-15,0.955167203182,0.511465207872,outer_shell,hydrogen_rich,h1,valid,no
A2_20M,20M_pre_supernova_single_profile,20M,19.98,single,128net,outer_shell,3,0.55,0.45,0.0224565760197,0.21661594952,0.57457894184,1.642944e-05,0.2571015754,8.1003507e-15,0,0.0123511168108,0.119138772236,0.316018418012,9.036192e-06,0.14140586647,4.455192885e-15,0.737040530443,1.21254658431,1.15260914203,0.384739604477,1.44648264314,8.55716586944e-15,0.859650482864,0.537735455783,outer_shell,hydrogen_rich,h1,valid,no
A2_20M,20M_pre_supernova_single_profile,20M,19.98,single,128net,outer_shell,3,0.6,0.4,0.0224565760197,0.21661594952,0.57457894184,1.642944e-05,0.2571015754,8.1003507e-15,0,0.0134739456118,0.129969569712,0.344747365104,9.857664e-06,0.15426094524,4.86021042e-15,0.655147138172,1.07781918605,1.02454145958,0.341990759535,1.28576234946,7.60636966173e-15,0.764133762546,0.566850440273,outer_shell,hydrogen_rich,h1,valid,no
A2_20M,20M_pre_supernova_single_profile,20M,19.98,single,128net,outer_shell,3,0.65,0.35,0.0224565760197,0.21661594952,0.57457894184,1.642944e-05,0.2571015754,8.1003507e-15,0,0.0145967744128,0.140800367188,0.373476312196,1.0679136e-05,0.16711602401,5.265227955e-15,0.5732537459,0.943091787797,0.896473777133,0.299241914593,1.12504205578,6.65557345401e-15,0.668617042228,0.599298685494,outer_shell,hydrogen_rich,h1,valid,no
A2_20M,20M_pre_supernova_single_profile,20M,19.98,single,128net,outer_shell,3,0.7,0.3,0.0224565760197,0.21661594952,0.57457894184,1.642944e-05,0.2571015754,8.1003507e-15,0,0.0157196032138,0.151631164664,0.402205259288,1.1500608e-05,0.17997110278,5.67024549e-15,0.491360353629,0.80836438954,0.768406094685,0.256493069651,0.964321762094,5.7047772463e-15,0.573100321909,0.635687365944,outer_shell,hydrogen_rich,h1,valid,no
A2_20M,20M_pre_supernova_single_profile,20M,19.98,single,128net,outer_shell,3,0.75,0.25,0.0224565760197,0.21661594952,0.57457894184,1.642944e-05,0.2571015754,8.1003507e-15,0,0.0168424320148,0.16246196214,0.43093420638,1.232208e-05,0.19282618155,6.075263025e-15,0.409466961357,0.673636991284,0.640338412238,0.213744224709,0.803601468412,4.75398103858e-15,0.477583601591,0.676780656555,outer_shell,hydrogen_rich,h1,valid,no
A2_20M,20M_pre_supernova_single_profile,20M,19.98,single,128net,outer_shell,3,0.8,0.2,0.0224565760197,0.21661594952,0.57457894184,1.642944e-05,0.2571015754,8.1003507e-15,0,0.0179652608158,0.173292759616,0.459663153472,1.3143552e-05,0.20568126032,6.48028056e-15,0.327573569086,0.538909593027,0.51227072979,0.170995379767,0.642881174729,3.80318483086e-15,0.382066881273,0.723553985375,outer_shell,hydrogen_rich,h1,valid,no
A2_20M,20M_pre_supernova_single_profile,20M,19.98,single,128net,outer_shell,3,0.85,0.15,0.0224565760197,0.21661594952,0.57457894184,1.642944e-05,0.2571015754,8.1003507e-15,0,0.0190880896167,0.184123557092,0.488392100564,1.3965024e-05,0.21853633909,6.885298095e-15,0.245680176814,0.40418219477,0.384203047343,0.128246534826,0.482160881047,2.85238862315e-15,0.286550160955,0.777272453379,outer_shell,hydrogen_rich,h1,valid,no
A2_20M,20M_pre_supernova_single_profile,20M,19.98,single,128net,outer_shell,3,0.9,0.1,0.0224565760197,0.21661594952,0.57457894184,1.642944e-05,0.2571015754,8.1003507e-15,0,0.0202109184177,0.194954354568,0.517121047656,1.4786496e-05,0.23139141786,7.29031563e-15,0.163786784543,0.269454796513,0.256135364895,0.0854976898837,0.321440587365,1.90159241543e-15,0.191033440636,0.839606988252,outer_shell,hydrogen_rich,h1,valid,no
A2_20M,20M_pre_supernova_single_profile,20M,19.98,single,128net,outer_shell,3,0.95,0.05,0.0224565760197,0.21661594952,0.57457894184,1.642944e-05,0.2571015754,8.1003507e-15,0,0.0213337472187,0.205785152044,0.545849994748,1.5607968e-05,0.24424649663,7.695333165e-15,0.0818933922714,0.134727398257,0.128067682448,0.0427488449419,0.160720293682,9.50796207716e-16,0.0955167203182,0.912811261986,outer_shell,hydrogen_rich,h1,valid,no
A2_20M,20M_pre_supernova_single_profile,20M,19.98,single,128net,outer_shell,3,1,0,0.0224565760197,0.21661594952,0.57457894184,1.642944e-05,0.2571015754,8.1003507e-15,0,0.0224565760197,0.21661594952,0.57457894184,1.642944e-05,0.2571015754,8.1003507e-15,0,0,0,0,0,0,0,1,outer_shell,hydrogen_rich,h1,valid,no
A2_20M,20M_pre_supernova_single_profile,20M,19.98,single,128net,outer_shell,3,1.05,0.05,0.0224565760197,0.21661594952,0.57457894184,1.642944e-05,0.2571015754,8.1003507e-15,0,0.0235794048207,0.227446746996,0.603307888932,1.7250912e-05,0.26995665417,8.505368235e-15,0.0818933922714,0.134727398257,0.128067682448,0.0427488449419,0.160720293682,9.50796207716e-16,0.0955167203182,0.912811261986,outer_shell,hydrogen_rich,h1,valid,no
A2_20M,20M_pre_supernova_single_profile,20M,19.98,single,128net,outer_shell,3,1.1,0.1,0.0224565760197,0.21661594952,0.57457894184,1.642944e-05,0.2571015754,8.1003507e-15,0,0.0247022336217,0.238277544472,0.632036836024,1.8072384e-05,0.28281173294,8.91038577e-15,0.163786784543,0.269454796513,0.256135364895,0.0854976898837,0.321440587365,1.90159241543e-15,0.191033440636,0.839606988252,outer_shell,hydrogen_rich,h1,valid,no
A2_20M,20M_pre_supernova_single_profile,20M,19.98,single,128net,outer_shell,3,1.15,0.15,0.0224565760197,0.21661594952,0.57457894184,1.642944e-05,0.2571015754,8.1003507e-15,0,0.0258250624227,0.249108341948,0.660765783116,1.8893856e-05,0.29566681171,9.315403305e-15,0.245680176814,0.40418219477,0.384203047343,0.128246534826,0.482160881047,2.85238862315e-15,0.286550160955,0.777272453379,outer_shell,hydrogen_rich,h1,valid,no
A2_20M,20M_pre_supernova_single_profile,20M,19.98,single,128net,outer_shell,3,1.2,0.2,0.0224565760197,0.21661594952,0.57457894184,1.642944e-05,0.2571015754,8.1003507e-15,0,0.0269478912236,0.259939139424,0.689494730208,1.9715328e-05,0.30852189048,9.72042084e-15,0.327573569086,0.538909593027,0.51227072979,0.170995379767,0.642881174729,3.80318483086e-15,0.382066881273,0.723553985375,outer_shell,hydrogen_rich,h1,valid,no
A2_20M,20M_pre_supernova_single_profile,20M,19.98,single,128net,outer_shell,3,1.25,0.25,0.0224565760197,0.21661594952,0.57457894184,1.642944e-05,0.2571015754,8.1003507e-15,0,0.0280707200246,0.2707699369,0.7182236773,2.05368e-05,0.32137696925,1.0125438375e-14,0.409466961357,0.673636991284,0.640338412238,0.213744224709,0.803601468412,4.75398103858e-15,0.477583601591,0.676780656555,outer_shell,hydrogen_rich,h1,valid,no
A2_20M,20M_pre_supernova_single_profile,20M,19.98,single,128net,outer_shell,3,1.3,0.3,0.0224565760197,0.21661594952,0.57457894184,1.642944e-05,0.2571015754,8.1003507e-15,0,0.0291935488256,0.281600734376,0.746952624392,2.1358272e-05,0.33423204802,1.053045591e-14,0.491360353629,0.80836438954,0.768406094685,0.256493069651,0.964321762094,5.7047772463e-15,0.573100321909,0.635687365944,outer_shell,hydrogen_rich,h1,valid,no
A2_20M,20M_pre_supernova_single_profile,20M,19.98,single,128net,outer_shell,3,1.35,0.35,0.0224565760197,0.21661594952,0.57457894184,1.642944e-05,0.2571015754,8.1003507e-15,0,0.0303163776266,0.292431531852,0.775681571484,2.2179744e-05,0.34708712679,1.0935473445e-14,0.5732537459,0.943091787797,0.896473777133,0.299241914593,1.12504205578,6.65557345401e-15,0.668617042228,0.599298685494,outer_shell,hydrogen_rich,h1,valid,no
A2_20M,20M_pre_supernova_single_profile,20M,19.98,single,128net,outer_shell,3,1.4,0.4,0.0224565760197,0.21661594952,0.57457894184,1.642944e-05,0.2571015754,8.1003507e-15,0,0.0314392064276,0.303262329328,0.804410518576,2.3001216e-05,0.35994220556,1.134049098e-14,0.655147138172,1.07781918605,1.02454145958,0.341990759535,1.28576234946,7.60636966173e-15,0.764133762546,0.566850440273,outer_shell,hydrogen_rich,h1,valid,no
A2_20M,20M_pre_supernova_single_profile,20M,19.98,single,128net,outer_shell,3,1.45,0.45,0.0224565760197,0.21661594952,0.57457894184,1.642944e-05,0.2571015754,8.1003507e-15,0,0.0325620352286,0.314093126804,0.833139465668,2.3822688e-05,0.37279728433,1.1745508515e-14,0.737040530443,1.21254658431,1.15260914203,0.384739604477,1.44648264314,8.55716586944e-15,0.859650482864,0.537735455783,outer_shell,hydrogen_rich,h1,valid,no
A2_20M,20M_pre_supernova_single_profile,20M,19.98,single,128net,outer_shell,3,1.5,0.5,0.0224565760197,0.21661594952,0.57457894184,1.642944e-05,0.2571015754,8.1003507e-15,0,0.0336848640296,0.32492392428,0.86186841276,2.464416e-05,0.3856523631,1.215052605e-14,0.818933922714,1.34727398257,1.28067682448,0.427488449419,1.60720293682,9.50796207716e-15,0.955167203182,0.511465207872,outer_shell,hydrogen_rich,h1,valid,no
A2_20M,20M_pre_supernova_single_profile,20M,19.98,single,128net,outer_shell,3,0.5,0.5,0.0210230714784,0.20413922107,0.51788349018,1.3333844e-05,0.2503265064,1.92865500001e-16,0,0.0105115357392,0.102069610535,0.25894174509,6.666922e-06,0.1251632532,9.64327500005e-17,0.766657676496,1.26967317955,1.15430854728,0.346942092752,1.56485037334,2.26380057841e-16,0.884987115737,0.53050760488,outer_shell,hydrogen_rich,h1,valid,no
A2_20M,20M_pre_supernova_single_profile,20M,19.98,single,128net,outer_shell,3,0.55,0.45,0.0210230714784,0.20413922107,0.51788349018,1.3333844e-05,0.2503265064,1.92865500001e-16,0,0.0115626893131,0.112276571589,0.284835919599,7.3336142e-06,0.13767957852,1.06076025001e-16,0.689991908846,1.1427058616,1.03887769255,0.312247883477,1.40836533601,2.03742052057e-16,0.796488404163,0.556641499985,outer_shell,hydrogen_rich,h1,valid,no
A2_20M,20M_pre_supernova_single_profile,20M,19.98,single,128net,outer_shell,3,0.6,0.4,0.0210230714784,0.20413922107,0.51788349018,1.3333844e-05,0.2503265064,1.92865500001e-16,0,0.012613842887,0.122483532642,0.310730094108,8.0003064e-06,0.15019590384,1.15719300001e-16,0.613326141197,1.01573854364,0.923446837823,0.277553674202,1.25188029867,1.81104046273e-16,0.70798969259,0.585483626944,outer_shell,hydrogen_rich,h1,valid,no
A2_20M,20M_pre_supernova_single_profile,20M,19.98,single,128net,outer_shell,3,0.65,0.35,0.0210230714784,0.20413922107,0.51788349018,1.3333844e-05,0.2503265064,1.92865500001e-16,0,0.013664996461,0.132690493695,0.336624268617,8.6669986e-06,0.16271222916,1.25362575001e-16,0.536660373547,0.888771225688,0.808015983095,0.242859464927,1.09539526134,1.58466040489e-16,0.619490981016,0.617477967906,outer_shell,hydrogen_rich,h1,valid,no
A2_20M,20M_pre_supernova_single_profile,20M,19.98,single,128net,outer_shell,3,0.7,0.3,0.0210230714784,0.20413922107,0.51788349018,1.3333844e-05,0.2503265064,1.92865500001e-16,0,0.0147161500349,0.142897454749,0.362518443126,9.3336908e-06,0.17522855448,1.35005850001e-16,0.459994605897,0.761803907732,0.692585128367,0.208165255651,0.938910224004,1.35828034705e-16,0.530992269442,0.653171162232,outer_shell,hydrogen_rich,h1,valid,no
A2_20M,20M_pre_supernova_single_profile,20M,19.98,single,128net,outer_shell,3,0.75,0.25,0.0210230714784,0.20413922107,0.51788349018,1.3333844e-05,0.2503265064,1.92865500001e-16,0,0.0157673036088,0.153104415803,0.388412617635,1.0000383e-05,0.1877448798,1.44649125001e-16,0.383328838248,0.634836589777,0.577154273639,0.173471046376,0.78242518667,1.13190028921e-16,0.442493557869,0.693243997206,outer_shell,hydrogen_rich,h1,valid,no
A2_20M,20M_pre_supernova_single_profile,20M,19.98,single,128net,outer_shell,3,0.8,0.2,0.0210230714784,0.20413922107,0.51788349018,1.3333844e-05,0.2503265064,1.92865500001e-16,0,0.0168184571827,0.163311376856,0.414306792144,1.06670752e-05,0.20026120512,1.54292400001e-16,0.306663070598,0.507869271822,0.461723418911,0.138776837101,0.625940149336,9.05520231366e-17,0.353994846295,0.738555248372,outer_shell,hydrogen_rich,h1,valid,no
A2_20M,20M_pre_supernova_single_profile,20M,19.98,single,128net,outer_shell,3,0.85,0.15,0.0210230714784,0.20413922107,0.51788349018,1.3333844e-05,0.2503265064,1.92865500001e-16,0,0.0178696107566,0.173518337909,0.440200966653,1.13337674e-05,0.21277753044,1.63935675001e-16,0.229997302949,0.380901953866,0.346292564183,0.104082627826,0.469455112002,6.79140173524e-17,0.265496134721,0.790203914942,outer_shell,hydrogen_rich,h1,valid,no
A2_20M,20M_pre_supernova_single_profile,20M,19.98,single,128net,outer_shell,3,0.9,0.1,0.0210230714784,0.20413922107,0.51788349018,1.3333844e-05,0.2503265064,1.92865500001e-16,0,0.0189207643306,0.183725298963,0.466095141162,1.20004596e-05,0.22529385576,1.73578950001e-16,0.153331535299,0.253934635911,0.230861709456,0.0693884185505,0.312970074668,4.52760115683e-17,0.176997423147,0.849619532153,outer_shell,hydrogen_rich,h1,valid,no
A2_20M,20M_pre_supernova_single_profile,20M,19.98,single,128net,outer_shell,3,0.95,0.05,0.0210230714784,0.20413922107,0.51788349018,1.3333844e-05,0.2503265064,1.92865500001e-16,0,0.0199719179045,0.193932260016,0.491989315671,1.26671518e-05,0.23781018108,1.83222225001e-16,0.0766657676496,0.126967317955,0.115430854728,0.0346942092752,0.156485037334,2.26380057841e-17,0.0884987115737,0.918696539892,outer_shell,hydrogen_rich,h1,valid,no
A2_20M,20M_pre_supernova_single_profile,20M,19.98,single,128net,outer_shell,3,1,0,0.0210230714784,0.20413922107,0.51788349018,1.3333844e-05,0.2503265064,1.92865500001e-16,0,0.0210230714784,0.20413922107,0.51788349018,1.3333844e-05,0.2503265064,1.92865500001e-16,0,0,0,0,0,0,0,1,outer_shell,hydrogen_rich,h1,valid,no
A2_20M,20M_pre_supernova_single_profile,20M,19.98,single,128net,outer_shell,3,1.05,0.05,0.0210230714784,0.20413922107,0.51788349018,1.3333844e-05,0.2503265064,1.92865500001e-16,0,0.0220742250523,0.214346182123,0.543777664689,1.40005362e-05,0.26284283172,2.02508775001e-16,0.0766657676496,0.126967317955,0.115430854728,0.0346942092752,0.156485037334,2.26380057841e-17,0.0884987115737,0.918696539892,outer_shell,hydrogen_rich,h1,valid,no
A2_20M,20M_pre_supernova_single_profile,20M,19.98,single,128net,outer_shell,3,1.1,0.1,0.0210230714784,0.20413922107,0.51788349018,1.3333844e-05,0.2503265064,1.92865500001e-16,0,0.0231253786262,0.224553143177,0.569671839198,1.46672284e-05,0.27535915704,2.12152050001e-16,0.153331535299,0.253934635911,0.230861709456,0.0693884185505,0.312970074668,4.52760115683e-17,0.176997423147,0.849619532153,outer_shell,hydrogen_rich,h1,valid,no
A2_20M,20M_pre_supernova_single_profile,20M,19.98,single,128net,outer_shell,3,1.15,0.15,0.0210230714784,0.20413922107,0.51788349018,1.3333844e-05,0.2503265064,1.92865500001e-16,0,0.0241765322002,0.23476010423,0.595566013707,1.53339206e-05,0.28787548236,2.21795325001e-16,0.229997302949,0.380901953866,0.346292564183,0.104082627826,0.469455112002,6.79140173524e-17,0.265496134721,0.790203914942,outer_shell,hydrogen_rich,h1,valid,no
A2_20M,20M_pre_supernova_single_profile,20M,19.98,single,128net,outer_shell,3,1.2,0.2,0.0210230714784,0.20413922107,0.51788349018,1.3333844e-05,0.2503265064,1.92865500001e-16,0,0.0252276857741,0.244967065284,0.621460188216,1.60006128e-05,0.30039180768,2.31438600001e-16,0.306663070598,0.507869271822,0.461723418911,0.138776837101,0.625940149336,9.05520231366e-17,0.353994846295,0.738555248372,outer_shell,hydrogen_rich,h1,valid,no
A2_20M,20M_pre_supernova_single_profile,20M,19.98,single,128net,outer_shell,3,1.25,0.25,0.0210230714784,0.20413922107,0.51788349018,1.3333844e-05,0.2503265064,1.92865500001e-16,0,0.026278839348,0.255174026337,0.647354362725,1.6667305e-05,0.312908133,2.41081875001e-16,0.383328838248,0.634836589777,0.577154273639,0.173471046376,0.78242518667,1.13190028921e-16,0.442493557869,0.693243997206,outer_shell,hydrogen_rich,h1,valid,no
A2_20M,20M_pre_supernova_single_profile,20M,19.98,single,128net,outer_shell,3,1.3,0.3,0.0210230714784,0.20413922107,0.51788349018,1.3333844e-05,0.2503265064,1.92865500001e-16,0,0.0273299929219,0.265380987391,0.673248537234,1.73339972e-05,0.32542445832,2.50725150001e-16,0.459994605897,0.761803907732,0.692585128367,0.208165255651,0.938910224004,1.35828034705e-16,0.530992269442,0.653171162232,outer_shell,hydrogen_rich,h1,valid,no
A2_20M,20M_pre_supernova_single_profile,20M,19.98,single,128net,outer_shell,3,1.35,0.35,0.0210230714784,0.20413922107,0.51788349018,1.3333844e-05,0.2503265064,1.92865500001e-16,0,0.0283811464958,0.275587948445,0.699142711743,1.80006894e-05,0.33794078364,2.60368425001e-16,0.536660373547,0.888771225688,0.808015983095,0.242859464927,1.09539526134,1.58466040489e-16,0.619490981016,0.617477967906,outer_shell,hydrogen_rich,h1,valid,no
A2_20M,20M_pre_supernova_single_profile,20M,19.98,single,128net,outer_shell,3,1.4,0.4,0.0210230714784,0.20413922107,0.51788349018,1.3333844e-05,0.2503265064,1.92865500001e-16,0,0.0294323000698,0.285794909498,0.725036886252,1.86673816e-05,0.35045710896,2.70011700001e-16,0.613326141197,1.01573854364,0.923446837823,0.277553674202,1.25188029867,1.81104046273e-16,0.70798969259,0.585483626944,outer_shell,hydrogen_rich,h1,valid,no
A2_20M,20M_pre_supernova_single_profile,20M,19.98,single,128net,outer_shell,3,1.45,0.45,0.0210230714784,0.20413922107,0.51788349018,1.3333844e-05,0.2503265064,1.92865500001e-16,0,0.0304834536437,0.296001870552,0.750931060761,1.93340738e-05,0.36297343428,2.79654975001e-16,0.689991908846,1.1427058616,1.03887769255,0.312247883477,1.40836533601,2.03742052057e-16,0.796488404163,0.556641499985,outer_shell,hydrogen_rich,h1,valid,no
A2_20M,20M_pre_supernova_single_profile,20M,19.98,single,128net,outer_shell,3,1.5,0.5,0.0210230714784,0.20413922107,0.51788349018,1.3333844e-05,0.2503265064,1.92865500001e-16,0,0.0315346072176,0.306208831605,0.77682523527,2.0000766e-05,0.3754897596,2.89298250001e-16,0.766657676496,1.26967317955,1.15430854728,0.346942092752,1.56485037334,2.26380057841e-16,0.884987115737,0.53050760488,outer_shell,hydrogen_rich,h1,valid,no
A2_20M,20M_pre_supernova_single_profile,20M,19.98,single,128net,outer_shell,3,0.5,0.5,0.0123991063939,0.12153443547,0.29314760338,6.73893600001e-06,0.1530367167,2.89298199999e-16,0,0.00619955319695,0.060767217735,0.14657380169,3.36946800001e-06,0.07651835835,1.44649099999e-16,0.452163714914,0.755900861675,0.653395581462,0.175344826201,0.956668819082,3.39570028071e-16,0.516868823194,0.659252787525,outer_shell,hydrogen_rich,h1,valid,no
A2_20M,20M_pre_supernova_single_profile,20M,19.98,single,128net,outer_shell,3,0.55,0.45,0.0123991063939,0.12153443547,0.29314760338,6.73893600001e-06,0.1530367167,2.89298199999e-16,0,0.00681950851665,0.0668439395085,0.161231181859,3.70641480001e-06,0.084170194185,1.59114009999e-16,0.406947343422,0.680310775507,0.588056023316,0.157810343581,0.861001937174,3.05613025264e-16,0.465181940875,0.682509094675,outer_shell,hydrogen_rich,h1,valid,no
A2_20M,20M_pre_supernova_single_profile,20M,19.98,single,128net,outer_shell,3,0.6,0.4,0.0123991063939,0.12153443547,0.29314760338,6.73893600001e-06,0.1530367167,2.89298199999e-16,0,0.00743946383634,0.072920661282,0.175888562028,4.04336160001e-06,0.09182203002,1.73578919999e-16,0.361730971931,0.60472068934,0.52271646517,0.140275860961,0.765335055266,2.71656022457e-16,0.413495058555,0.707466215709,outer_shell,hydrogen_rich,h1,valid,no
A2_20M,20M_pre_supernova_single_profile,20M,19.98,single,128net,outer_shell,3,0.65,0.35,0.0123991063939,0.12153443547,0.29314760338,6.73893600001e-06,0.1530367167,2.89298199999e-16,0,0.00805941915603,0.0789973830555,0.190545942197,4.38030840001e-06,0.099473865855,1.88043829999e-16,0.31651460044,0.529130603172,0.457376907023,0.12274137834,0.669668173358,2.37699019649e-16,0.361808176236,0.734317811752,outer_shell,hydrogen_rich,h1,valid,no
A2_20M,20M_pre_supernova_single_profile,20M,19.98,single,128net,outer_shell,3,0.7,0.3,0.0123991063939,0.12153443547,0.29314760338,6.73893600001e-06,0.1530367167,2.89298199999e-16,0,0.00867937447573,0.085074104829,0.205203322366,4.71725520001e-06,0.10712570169,2.02508739999e-16,0.271298228948,0.453540517005,0.392037348877,0.10520689572,0.574001291449,2.03742016842e-16,0.310121293916,0.763288105188,outer_shell,hydrogen_rich,h1,valid,no
A2_20M,20M_pre_supernova_single_profile,20M,19.98,single,128net,outer_shell,3,0.75,0.25,0.0123991063939,0.12153443547,0.29314760338,6.73893600001e-06,0.1530367167,2.89298199999e-16,0,0.00929932979542,0.0911508266025,0.219860702535,5.05420200001e-06,0.114777537525,2.16973649999e-16,0.226081857457,0.377950430837,0.326697790731,0.0876724131004,0.478334409541,1.69785014035e-16,0.258434411597,0.794638155779,outer_shell,hydrogen_rich,h1,valid,no
A2_20M,20M_pre_supernova_single_profile,20M,19.98,single,128net,outer_shell,3,0.8,0.2,0.0123991063939,0.12153443547,0.29314760338,6.73893600001e-06,0.1530367167,2.89298199999e-16,0,0.00991928511512,0.097227548376,0.234518082704,5.39114880001e-06,0.12242937336,2.31438559999e-16,0.180865485965,0.30236034467,0.261358232585,0.0701379304803,0.382667527633,1.35828011228e-16,0.206747529278,0.828673749677,outer_shell,hydrogen_rich,h1,valid,no
A2_20M,20M_pre_supernova_single_profile,20M,19.98,single,128net,outer_shell,3,0.85,0.15,0.0123991063939,0.12153443547,0.29314760338,6.73893600001e-06,0.1530367167,2.89298199999e-16,0,0.0105392404348,0.103304270149,0.249175462873,5.72809560001e-06,0.130081209195,2.45903469999e-16,0.135649114474,0.226770258502,0.196018674439,0.0526034478602,0.287000645725,1.01871008421e-16,0.155060646958,0.865755406552,outer_shell,hydrogen_rich,h1,valid,no
A2_20M,20M_pre_supernova_single_profile,20M,19.98,single,128net,outer_shell,3,0.9,0.1,0.0123991063939,0.12153443547,0.29314760338,6.73893600001e-06,0.1530367167,2.89298199999e-16,0,0.0111591957545,0.109380991923,0.263832843042,6.06504240001e-06,0.13773304503,2.60368379999e-16,0.0904327429827,0.151180172335,0.130679116292,0.0350689652401,0.191333763816,6.79140056141e-17,0.103373764639,0.906311199385,outer_shell,hydrogen_rich,h1,valid,no
A2_20M,20M_pre_supernova_single_profile,20M,19.98,single,128net,outer_shell,3,0.95,0.05,0.0123991063939,0.12153443547,0.29314760338,6.73893600001e-06,0.1530367167,2.89298199999e-16,0,0.0117791510742,0.115457713696,0.278490223211,6.40198920001e-06,0.145384880865,2.74833289999e-16,0.0452163714914,0.0755900861675,0.0653395581462,0.0175344826201,0.0956668819082,3.39570028071e-17,0.0516868823194,0.95085335456,outer_shell,hydrogen_rich,h1,valid,no
A2_20M,20M_pre_supernova_single_profile,20M,19.98,single,128net,outer_shell,3,1,0,0.0123991063939,0.12153443547,0.29314760338,6.73893600001e-06,0.1530367167,2.89298199999e-16,0,0.0123991063939,0.12153443547,0.29314760338,6.73893600001e-06,0.1530367167,2.89298199999e-16,0,0,0,0,0,0,0,1,outer_shell,hydrogen_rich,h1,valid,no
A2_20M,20M_pre_supernova_single_profile,20M,19.98,single,128net,outer_shell,3,1.05,0.05,0.0123991063939,0.12153443547,0.29314760338,6.73893600001e-06,0.1530367167,2.89298199999e-16,0,0.0130190617136,0.127611157244,0.307804983549,7.07588280001e-06,0.160688552535,3.03763109999e-16,0.0452163714914,0.0755900861675,0.0653395581462,0.0175344826201,0.0956668819082,3.39570028071e-17,0.0516868823194,0.95085335456,outer_shell,hydrogen_rich,h1,valid,no
A2_20M,20M_pre_supernova_single_profile,20M,19.98,single,128net,outer_shell,3,1.1,0.1,0.0123991063939,0.12153443547,0.29314760338,6.73893600001e-06,0.1530367167,2.89298199999e-16,0,0.0136390170333,0.133687879017,0.322462363718,7.41282960001e-06,0.16834038837,3.18228019999e-16,0.0904327429827,0.151180172335,0.130679116292,0.0350689652401,0.191333763816,6.79140056141e-17,0.103373764639,0.906311199385,outer_shell,hydrogen_rich,h1,valid,no
A2_20M,20M_pre_supernova_single_profile,20M,19.98,single,128net,outer_shell,3,1.15,0.15,0.0123991063939,0.12153443547,0.29314760338,6.73893600001e-06,0.1530367167,2.89298199999e-16,0,0.014258972353,0.13976460079,0.337119743887,7.74977640001e-06,0.175992224205,3.32692929999e-16,0.135649114474,0.226770258502,0.196018674439,0.0526034478602,0.287000645725,1.01871008421e-16,0.155060646958,0.865755406552,outer_shell,hydrogen_rich,h1,valid,no
A2_20M,20M_pre_supernova_single_profile,20M,19.98,single,128net,outer_shell,3,1.2,0.2,0.0123991063939,0.12153443547,0.29314760338,6.73893600001e-06,0.1530367167,2.89298199999e-16,0,0.0148789276727,0.145841322564,0.351777124056,8.08672320001e-06,0.18364406004,3.47157839999e-16,0.180865485965,0.30236034467,0.261358232585,0.0701379304803,0.382667527633,1.35828011228e-16,0.206747529278,0.828673749677,outer_shell,hydrogen_rich,h1,valid,no
A2_20M,20M_pre_supernova_single_profile,20M,19.98,single,128net,outer_shell,3,1.25,0.25,0.0123991063939,0.12153443547,0.29314760338,6.73893600001e-06,0.1530367167,2.89298199999e-16,0,0.0154988829924,0.151918044338,0.366434504225,8.42367000001e-06,0.191295895875,3.61622749999e-16,0.226081857457,0.377950430837,0.326697790731,0.0876724131004,0.478334409541,1.69785014035e-16,0.258434411597,0.794638155779,outer_shell,hydrogen_rich,h1,valid,no
A2_20M,20M_pre_supernova_single_profile,20M,19.98,single,128net,outer_shell,3,1.3,0.3,0.0123991063939,0.12153443547,0.29314760338,6.73893600001e-06,0.1530367167,2.89298199999e-16,0,0.0161188383121,0.157994766111,0.381091884394,8.76061680001e-06,0.19894773171,3.76087659999e-16,0.271298228948,0.453540517005,0.392037348877,0.10520689572,0.574001291449,2.03742016842e-16,0.310121293916,0.763288105188,outer_shell,hydrogen_rich,h1,valid,no
A2_20M,20M_pre_supernova_single_profile,20M,19.98,single,128net,outer_shell,3,1.35,0.35,0.0123991063939,0.12153443547,0.29314760338,6.73893600001e-06,0.1530367167,2.89298199999e-16,0,0.0167387936318,0.164071487884,0.395749264563,9.09756360001e-06,0.206599567545,3.90552569999e-16,0.31651460044,0.529130603172,0.457376907023,0.12274137834,0.669668173358,2.37699019649e-16,0.361808176236,0.734317811752,outer_shell,hydrogen_rich,h1,valid,no
A2_20M,20M_pre_supernova_single_profile,20M,19.98,single,128net,outer_shell,3,1.4,0.4,0.0123991063939,0.12153443547,0.29314760338,6.73893600001e-06,0.1530367167,2.89298199999e-16,0,0.0173587489515,0.170148209658,0.410406644732,9.43451040001e-06,0.21425140338,4.05017479999e-16,0.361730971931,0.60472068934,0.52271646517,0.140275860961,0.765335055266,2.71656022457e-16,0.413495058555,0.707466215709,outer_shell,hydrogen_rich,h1,valid,no
A2_20M,20M_pre_supernova_single_profile,20M,19.98,single,128net,outer_shell,3,1.45,0.45,0.0123991063939,0.12153443547,0.29314760338,6.73893600001e-06,0.1530367167,2.89298199999e-16,0,0.0179787042712,0.176224931432,0.425064024901,9.77145720001e-06,0.221903239215,4.19482389999e-16,0.406947343422,0.680310775507,0.588056023316,0.157810343581,0.861001937174,3.05613025264e-16,0.465181940875,0.682509094675,outer_shell,hydrogen_rich,h1,valid,no
A2_20M,20M_pre_supernova_single_profile,20M,19.98,single,128net,outer_shell,3,1.5,0.5,0.0123991063939,0.12153443547,0.29314760338,6.73893600001e-06,0.1530367167,2.89298199999e-16,0,0.0185986595908,0.182301653205,0.43972140507,1.0108404e-05,0.22955507505,4.33947299998e-16,0.452163714914,0.755900861675,0.653395581462,0.175344826201,0.956668819082,3.39570028071e-16,0.516868823194,0.659252787525,outer_shell,hydrogen_rich,h1,valid,no
A2_20M,20M_pre_supernova_single_profile,20M,19.98,single,128net,intermediate_shell,4,0.5,0.5,0.0203928511219,0.02723745099,0.31476816112,0.000153169074,0.0835190308,2.89339813668,0,0.010196425561,0.013618725495,0.15738408056,7.6584537e-05,0.0417595154,1.44669906834,0.743675151098,0.169407235024,0.701585560616,3.98540728979,0.522097273708,3.39618873016,1.34975704076,0.425575913873,intermediate_shell,carbon_oxygen_layer,o16,valid,no
A2_20M,20M_pre_supernova_single_profile,20M,19.98,single,128net,intermediate_shell,4,0.55,0.45,0.0203928511219,0.02723745099,0.31476816112,0.000153169074,0.0835190308,2.89339813668,0,0.011216068117,0.0149805980445,0.173122488616,8.42429907e-05,0.04593546694,1.59136897517,0.669307635988,0.152466511522,0.631427004555,3.58686656081,0.469887546337,3.05656985714,1.21478133668,0.45151184157,intermediate_shell,carbon_oxygen_layer,o16,valid,no
A2_20M,20M_pre_supernova_single_profile,20M,19.98,single,128net,intermediate_shell,4,0.6,0.4,0.0203928511219,0.02723745099,0.31476816112,0.000153169074,0.0835190308,2.89339813668,0,0.0122357106731,0.016342470594,0.188860896672,9.19014444e-05,0.05011141848,1.73603888201,0.594940120878,0.135525788019,0.561268448493,3.18832583183,0.417677818967,2.71695098413,1.07980563261,0.480814160863,intermediate_shell,carbon_oxygen_layer,o16,valid,no
A2_20M,20M_pre_supernova_single_profile,20M,19.98,single,128net,intermediate_shell,4,0.65,0.35,0.0203928511219,0.02723745099,0.31476816112,0.000153169074,0.0835190308,2.89339813668,0,0.0132553532292,0.0177043431435,0.204599304728,9.95598981e-05,0.05428737002,1.88070878884,0.520572605768,0.118585064517,0.491109892431,2.78978510285,0.365468091596,2.37733211111,0.94482992853,0.514183777887,intermediate_shell,carbon_oxygen_layer,o16,valid,no
A2_20M,20M_pre_supernova_single_profile,20M,19.98,single,128net,intermediate_shell,4,0.7,0.3,0.0203928511219,0.02723745099,0.31476816112,0.000153169074,0.0835190308,2.89339813668,0,0.0142749957853,0.019066215693,0.220337712784,0.0001072183518,0.05846332156,2.02537869568,0.446205090659,0.101644341014,0.42095133637,2.39124437387,0.313258364225,2.0377132381,0.809854224454,0.552530688101,intermediate_shell,carbon_oxygen_layer,o16,valid,no
A2_20M,20M_pre_supernova_single_profile,20M,19.98,single,128net,intermediate_shell,4,0.75,0.25,0.0203928511219,0.02723745099,0.31476816112,0.000153169074,0.0835190308,2.89339813668,0,0.0152946383414,0.0204280882425,0.23607612084,0.0001148768055,0.0626392731,2.17004860251,0.371837575549,0.084703617512,0.350792780308,1.99270364489,0.261048636854,1.69809436508,0.674878520379,0.597058227109,intermediate_shell,carbon_oxygen_layer,o16,valid,no
A2_20M,20M_pre_supernova_single_profile,20M,19.98,single,128net,intermediate_shell,4,0.8,0.2,0.0203928511219,0.02723745099,0.31476816112,0.000153169074,0.0835190308,2.89339813668,0,0.0163142808975,0.021789960792,0.251814528896,0.0001225352592,0.06681522464,2.31471850934,0.297470060439,0.0677628940096,0.280634224247,1.59416291592,0.208838909483,1.35847549206,0.539902816303,0.649391630052,intermediate_shell,carbon_oxygen_layer,o16,valid,no
A2_20M,20M_pre_supernova_single_profile,20M,19.98,single,128net,intermediate_shell,4,0.85,0.15,0.0203928511219,0.02723745099,0.31476816112,0.000153169074,0.0835190308,2.89339813668,0,0.0173339234536,0.0231518333415,0.267552936952,0.0001301937129,0.07099117618,2.45938841618,0.223102545329,0.0508221705072,0.210475668185,1.19562218694,0.156629182112,1.01885661905,0.404927112227,0.711780697587,intermediate_shell,carbon_oxygen_layer,o16,valid,no
A2_20M,20M_pre_supernova_single_profile,20M,19.98,single,128net,intermediate_shell,4,0.9,0.1,0.0203928511219,0.02723745099,0.31476816112,0.000153169074,0.0835190308,2.89339813668,0,0.0183535660097,0.024513705891,0.283291345008,0.0001378521666,0.07516712772,2.60405832301,0.14873503022,0.0338814470048,0.140317112123,0.797081457958,0.104419454742,0.679237746032,0.269951408151,0.787431702962,intermediate_shell,carbon_oxygen_layer,o16,valid,no
A2_20M,20M_pre_supernova_single_profile,20M,19.98,single,128net,intermediate_shell,4,0.95,0.05,0.0203928511219,0.02723745099,0.31476816112,0.000153169074,0.0835190308,2.89339813668,0,0.0193732085658,0.0258755784405,0.299029753064,0.0001455106203,0.07934307926,2.74872822985,0.0743675151098,0.0169407235024,0.0701585560616,0.398540728979,0.0522097273708,0.339618873016,0.134975704076,0.881076129127,intermediate_shell,carbon_oxygen_layer,o16,valid,no
A2_20M,20M_pre_supernova_single_profile,20M,19.98,single,128net,intermediate_shell,4,1,0,0.0203928511219,0.02723745099,0.31476816112,0.000153169074,0.0835190308,2.89339813668,0,0.0203928511219,0.02723745099,0.31476816112,0.000153169074,0.0835190308,2.89339813668,0,0,0,0,0,0,0,1,intermediate_shell,carbon_oxygen_layer,o16,valid,no
A2_20M,20M_pre_supernova_single_profile,20M,19.98,single,128net,intermediate_shell,4,1.05,0.05,0.0203928511219,0.02723745099,0.31476816112,0.000153169074,0.0835190308,2.89339813668,0,0.021412493678,0.0285993235395,0.330506569176,0.0001608275277,0.08769498234,3.03806804351,0.0743675151098,0.0169407235024,0.0701585560616,0.398540728979,0.0522097273708,0.339618873016,0.134975704076,0.881076129127,intermediate_shell,carbon_oxygen_layer,o16,valid,no
A2_20M,20M_pre_supernova_single_profile,20M,19.98,single,128net,intermediate_shell,4,1.1,0.1,0.0203928511219,0.02723745099,0.31476816112,0.000153169074,0.0835190308,2.89339813668,0,0.0224321362341,0.029961196089,0.346244977232,0.0001684859814,0.09187093388,3.18273795035,0.14873503022,0.0338814470048,0.140317112123,0.797081457958,0.104419454742,0.679237746032,0.269951408151,0.787431702962,intermediate_shell,carbon_oxygen_layer,o16,valid,no
A2_20M,20M_pre_supernova_single_profile,20M,19.98,single,128net,intermediate_shell,4,1.15,0.15,0.0203928511219,0.02723745099,0.31476816112,0.000153169074,0.0835190308,2.89339813668,0,0.0234517787902,0.0313230686385,0.361983385288,0.0001761444351,0.09604688542,3.32740785718,0.223102545329,0.0508221705072,0.210475668185,1.19562218694,0.156629182112,1.01885661905,0.404927112227,0.711780697587,intermediate_shell,carbon_oxygen_layer,o16,valid,no
A2_20M,20M_pre_supernova_single_profile,20M,19.98,single,128net,intermediate_shell,4,1.2,0.2,0.0203928511219,0.02723745099,0.31476816112,0.000153169074,0.0835190308,2.89339813668,0,0.0244714213463,0.032684941188,0.377721793344,0.0001838028888,0.10022283696,3.47207776402,0.297470060439,0.0677628940096,0.280634224247,1.59416291592,0.208838909483,1.35847549206,0.539902816303,0.649391630052,intermediate_shell,carbon_oxygen_layer,o16,valid,no
A2_20M,20M_pre_supernova_single_profile,20M,19.98,single,128net,intermediate_shell,4,1.25,0.25,0.0203928511219,0.02723745099,0.31476816112,0.000153169074,0.0835190308,2.89339813668,0,0.0254910639024,0.0340468137375,0.3934602014,0.0001914613425,0.1043987885,3.61674767085,0.371837575549,0.084703617512,0.350792780308,1.99270364489,0.261048636854,1.69809436508,0.674878520379,0.597058227109,intermediate_shell,carbon_oxygen_layer,o16,valid,no
A2_20M,20M_pre_supernova_single_profile,20M,19.98,single,128net,intermediate_shell,4,1.3,0.3,0.0203928511219,0.02723745099,0.31476816112,0.000153169074,0.0835190308,2.89339813668,0,0.0265107064585,0.035408686287,0.409198609456,0.0001991197962,0.10857474004,3.76141757768,0.446205090659,0.101644341014,0.42095133637,2.39124437387,0.313258364225,2.0377132381,0.809854224454,0.552530688101,intermediate_shell,carbon_oxygen_layer,o16,valid,no
A2_20M,20M_pre_supernova_single_profile,20M,19.98,single,128net,intermediate_shell,4,1.35,0.35,0.0203928511219,0.02723745099,0.31476816112,0.000153169074,0.0835190308,2.89339813668,0,0.0275303490146,0.0367705588365,0.424937017512,0.0002067782499,0.11275069158,3.90608748452,0.520572605768,0.118585064517,0.491109892431,2.78978510285,0.365468091596,2.37733211111,0.94482992853,0.514183777887,intermediate_shell,carbon_oxygen_layer,o16,valid,no
A2_20M,20M_pre_supernova_single_profile,20M,19.98,single,128net,intermediate_shell,4,1.4,0.4,0.0203928511219,0.02723745099,0.31476816112,0.000153169074,0.0835190308,2.89339813668,0,0.0285499915707,0.038132431386,0.440675425568,0.0002144367036,0.11692664312,4.05075739135,0.594940120878,0.135525788019,0.561268448493,3.18832583183,0.417677818967,2.71695098413,1.07980563261,0.480814160863,intermediate_shell,carbon_oxygen_layer,o16,valid,no
A2_20M,20M_pre_supernova_single_profile,20M,19.98,single,128net,intermediate_shell,4,1.45,0.45,0.0203928511219,0.02723745099,0.31476816112,0.000153169074,0.0835190308,2.89339813668,0,0.0295696341268,0.0394943039355,0.456413833624,0.0002220951573,0.12110259466,4.19542729819,0.669307635988,0.152466511522,0.631427004555,3.58686656081,0.469887546337,3.05656985714,1.21478133668,0.45151184157,intermediate_shell,carbon_oxygen_layer,o16,valid,no
A2_20M,20M_pre_supernova_single_profile,20M,19.98,single,128net,intermediate_shell,4,1.5,0.5,0.0203928511219,0.02723745099,0.31476816112,0.000153169074,0.0835190308,2.89339813668,0,0.0305892766829,0.040856176485,0.47215224168,0.000229753611,0.1252785462,4.34009720502,0.743675151098,0.169407235024,0.701585560616,3.98540728979,0.522097273708,3.39618873016,1.34975704076,0.425575913873,intermediate_shell,carbon_oxygen_layer,o16,valid,no
A2_20M,20M_pre_supernova_single_profile,20M,19.98,single,128net,intermediate_shell,4,0.5,0.5,0.015057093822,0.07120161313,0.22184357895,1.10119200003e-06,0.0811789249,1.62901079006,0,0.007528546911,0.035600806565,0.110921789475,5.50596000015e-07,0.04058946245,0.81450539503,0.549093721924,0.442848650339,0.494466311818,0.0286526418798,0.507468716613,1.91208669708,0.570989860564,0.636541345748,intermediate_shell,carbon_oxygen_layer,o16,valid,no
A2_20M,20M_pre_supernova_single_profile,20M,19.98,single,128net,intermediate_shell,4,0.55,0.45,0.015057093822,0.07120161313,0.22184357895,1.10119200003e-06,0.0811789249,1.62901079006,0,0.0082814016021,0.0391608872215,0.122013968423,6.05655600017e-07,0.044648408695,0.895955934533,0.494184349732,0.398563785305,0.445019680636,0.0257873776918,0.456721844952,1.72087802737,0.513890874508,0.660549592338,intermediate_shell,carbon_oxygen_layer,o16,valid,no
A2_20M,20M_pre_supernova_single_profile,20M,19.98,single,128net,intermediate_shell,4,0.6,0.4,0.015057093822,0.07120161313,0.22184357895,1.10119200003e-06,0.0811789249,1.62901079006,0,0.0090342562932,0.042720967878,0.13310614737,6.60715200018e-07,0.04870735494,0.977406474036,0.439274977539,0.354278920271,0.395573049454,0.0229221135038,0.405974973291,1.52966935767,0.456791888451,0.6864398463,intermediate_shell,carbon_oxygen_layer,o16,valid,no
A2_20M,20M_pre_supernova_single_profile,20M,19.98,single,128net,intermediate_shell,4,0.65,0.35,0.015057093822,0.07120161313,0.22184357895,1.10119200003e-06,0.0811789249,1.62901079006,0,0.0097871109843,0.0462810485345,0.144198326318,7.1577480002e-07,0.052766301185,1.05885701354,0.384365605347,0.309994055237,0.346126418273,0.0200568493158,0.355228101629,1.33846068796,0.399692902395,0.714442431114,intermediate_shell,carbon_oxygen_layer,o16,valid,no
A2_20M,20M_pre_supernova_single_profile,20M,19.98,single,128net,intermediate_shell,4,0.7,0.3,0.015057093822,0.07120161313,0.22184357895,1.10119200003e-06,0.0811789249,1.62901079006,0,0.0105399656754,0.049841129191,0.155290505265,7.70834400021e-07,0.05682524743,1.14030755304,0.329456233154,0.265709190203,0.296679787091,0.0171915851279,0.304481229968,1.14725201825,0.342593916338,0.744826851836,intermediate_shell,carbon_oxygen_layer,o16,valid,no
A2_20M,20M_pre_supernova_single_profile,20M,19.98,single,128net,intermediate_shell,4,0.75,0.25,0.015057093822,0.07120161313,0.22184357895,1.10119200003e-06,0.0811789249,1.62901079006,0,0.0112928203665,0.0534012098475,0.166382684213,8.25894000022e-07,0.060884193675,1.22175809255,0.274546860962,0.22142432517,0.247233155909,0.0143263209399,0.253734358307,0.956043348541,0.285494930282,0.777910496917,intermediate_shell,carbon_oxygen_layer,o16,valid,no
A2_20M,20M_pre_supernova_single_profile,20M,19.98,single,128net,intermediate_shell,4,0.8,0.2,0.015057093822,0.07120161313,0.22184357895,1.10119200003e-06,0.0811789249,1.62901079006,0,0.0120456750576,0.056961290504,0.17747486316,8.80953600024e-07,0.06494313992,1.30320863205,0.21963748877,0.177139460136,0.197786524727,0.0114610567519,0.202987486645,0.764834678833,0.228395944226,0.814069766919,intermediate_shell,carbon_oxygen_layer,o16,valid,no
A2_20M,20M_pre_supernova_single_profile,20M,19.98,single,128net,intermediate_shell,4,0.85,0.15,0.015057093822,0.07120161313,0.22184357895,1.10119200003e-06,0.0811789249,1.62901079006,0,0.0127985297487,0.0605213711605,0.188567042108,9.36013200026e-07,0.069002086165,1.38465917155,0.164728116577,0.132854595102,0.148339893545,0.00859579256393,0.152240614984,0.573626009125,0.171296958169,0.853754458274,intermediate_shell,carbon_oxygen_layer,o16,valid,no
A2_20M,20M_pre_supernova_single_profile,20M,19.98,single,128net,intermediate_shell,4,0.9,0.1,0.015057093822,0.07120161313,0.22184357895,1.10119200003e-06,0.0811789249,1.62901079006,0,0.0135513844398,0.064081451817,0.199659221055,9.91072800027e-07,0.07306103241,1.46610971105,0.109818744385,0.0885697300678,0.0988932623636,0.00573052837595,0.101493743323,0.382417339417,0.114197972113,0.897506569774,intermediate_shell,carbon_oxygen_layer,o16,valid,no
A2_20M,20M_pre_supernova_single_profile,20M,19.98,single,128net,intermediate_shell,4,0.95,0.05,0.015057093822,0.07120161313,0.22184357895,1.10119200003e-06,0.0811789249,1.62901079006,0,0.0143042391309,0.0676415324735,0.210751400003,1.04613240003e-06,0.077119978655,1.54756025056,0.0549093721924,0.0442848650339,0.0494466311818,0.00286526418798,0.0507468716613,0.191208669708,0.0570989860564,0.945985204026,intermediate_shell,carbon_oxygen_layer,o16,valid,no
A2_20M,20M_pre_supernova_single_profile,20M,19.98,single,128net,intermediate_shell,4,1,0,0.015057093822,0.07120161313,0.22184357895,1.10119200003e-06,0.0811789249,1.62901079006,0,0.015057093822,0.07120161313,0.22184357895,1.10119200003e-06,0.0811789249,1.62901079006,0,0,0,0,0,0,0,1,intermediate_shell,carbon_oxygen_layer,o16,valid,no
A2_20M,20M_pre_supernova_single_profile,20M,19.98,single,128net,intermediate_shell,4,1.05,0.05,0.015057093822,0.07120161313,0.22184357895,1.10119200003e-06,0.0811789249,1.62901079006,0,0.0158099485131,0.0747616937865,0.232935757898,1.15625160003e-06,0.085237871145,1.71046132956,0.0549093721924,0.0442848650339,0.0494466311818,0.00286526418798,0.0507468716613,0.191208669708,0.0570989860564,0.945985204026,intermediate_shell,carbon_oxygen_layer,o16,valid,no
A2_20M,20M_pre_supernova_single_profile,20M,19.98,single,128net,intermediate_shell,4,1.1,0.1,0.015057093822,0.07120161313,0.22184357895,1.10119200003e-06,0.0811789249,1.62901079006,0,0.0165628032042,0.078321774443,0.244027936845,1.21131120003e-06,0.08929681739,1.79191186907,0.109818744385,0.0885697300678,0.0988932623636,0.00573052837595,0.101493743323,0.382417339417,0.114197972113,0.897506569774,intermediate_shell,carbon_oxygen_layer,o16,valid,no
A2_20M,20M_pre_supernova_single_profile,20M,19.98,single,128net,intermediate_shell,4,1.15,0.15,0.015057093822,0.07120161313,0.22184357895,1.10119200003e-06,0.0811789249,1.62901079006,0,0.0173156578953,0.0818818550995,0.255120115792,1.26637080003e-06,0.093355763635,1.87336240857,0.164728116577,0.132854595102,0.148339893545,0.00859579256393,0.152240614984,0.573626009125,0.171296958169,0.853754458274,intermediate_shell,carbon_oxygen_layer,o16,valid,no
A2_20M,20M_pre_supernova_single_profile,20M,19.98,single,128net,intermediate_shell,4,1.2,0.2,0.015057093822,0.07120161313,0.22184357895,1.10119200003e-06,0.0811789249,1.62901079006,0,0.0180685125864,0.085441935756,0.26621229474,1.32143040004e-06,0.09741470988,1.95481294807,0.21963748877,0.177139460136,0.197786524727,0.0114610567519,0.202987486645,0.764834678833,0.228395944226,0.814069766919,intermediate_shell,carbon_oxygen_layer,o16,valid,no
A2_20M,20M_pre_supernova_single_profile,20M,19.98,single,128net,intermediate_shell,4,1.25,0.25,0.015057093822,0.07120161313,0.22184357895,1.10119200003e-06,0.0811789249,1.62901079006,0,0.0188213672775,0.0890020164125,0.277304473687,1.37649000004e-06,0.101473656125,2.03626348757,0.274546860962,0.22142432517,0.247233155909,0.0143263209399,0.253734358307,0.956043348541,0.285494930282,0.777910496917,intermediate_shell,carbon_oxygen_layer,o16,valid,no
A2_20M,20M_pre_supernova_single_profile,20M,19.98,single,128net,intermediate_shell,4,1.3,0.3,0.015057093822,0.07120161313,0.22184357895,1.10119200003e-06,0.0811789249,1.62901079006,0,0.0195742219686,0.092562097069,0.288396652635,1.43154960004e-06,0.10553260237,2.11771402708,0.329456233154,0.265709190203,0.296679787091,0.0171915851279,0.304481229968,1.14725201825,0.342593916338,0.744826851836,intermediate_shell,carbon_oxygen_layer,o16,valid,no
A2_20M,20M_pre_supernova_single_profile,20M,19.98,single,128net,intermediate_shell,4,1.35,0.35,0.015057093822,0.07120161313,0.22184357895,1.10119200003e-06,0.0811789249,1.62901079006,0,0.0203270766597,0.0961221777255,0.299488831583,1.48660920004e-06,0.109591548615,2.19916456658,0.384365605347,0.309994055237,0.346126418273,0.0200568493158,0.355228101629,1.33846068796,0.399692902395,0.714442431114,intermediate_shell,carbon_oxygen_layer,o16,valid,no
A2_20M,20M_pre_supernova_single_profile,20M,19.98,single,128net,intermediate_shell,4,1.4,0.4,0.015057093822,0.07120161313,0.22184357895,1.10119200003e-06,0.0811789249,1.62901079006,0,0.0210799313508,0.099682258382,0.31058101053,1.54166880004e-06,0.11365049486,2.28061510608,0.439274977539,0.354278920271,0.395573049454,0.0229221135038,0.405974973291,1.52966935767,0.456791888451,0.6864398463,intermediate_shell,carbon_oxygen_layer,o16,valid,no
A2_20M,20M_pre_supernova_single_profile,20M,19.98,single,128net,intermediate_shell,4,1.45,0.45,0.015057093822,0.07120161313,0.22184357895,1.10119200003e-06,0.0811789249,1.62901079006,0,0.0218327860419,0.103242339038,0.321673189478,1.59672840004e-06,0.117709441105,2.36206564559,0.494184349732,0.398563785305,0.445019680636,0.0257873776918,0.456721844952,1.72087802737,0.513890874508,0.660549592338,intermediate_shell,carbon_oxygen_layer,o16,valid,no
A2_20M,20M_pre_supernova_single_profile,20M,19.98,single,128net,intermediate_shell,4,1.5,0.5,0.015057093822,0.07120161313,0.22184357895,1.10119200003e-06,0.0811789249,1.62901079006,0,0.022585640733,0.106802419695,0.332765368425,1.65178800004e-06,0.12176838735,2.44351618509,0.549093721924,0.442848650339,0.494466311818,0.0286526418798,0.507468716613,1.91208669708,0.570989860564,0.636541345748,intermediate_shell,carbon_oxygen_layer,o16,valid,no
A2_20M,20M_pre_supernova_single_profile,20M,19.98,single,128net,intermediate_shell,4,0.5,0.5,0.0130240974487,0.0686399345,0.20908621995,1.74606100001e-06,0.0763012278,1.26241773228,0,0.00651204872435,0.03431996725,0.104543109975,8.73030500005e-07,0.0381506139,0.63120886614,0.474955541046,0.426915922497,0.466031482723,0.0454319142639,0.476977074966,1.48179015559,0.5000198765,0.666657832784,intermediate_shell,carbon_oxygen_layer,o16,valid,no
A2_20M,20M_pre_supernova_single_profile,20M,19.98,single,128net,intermediate_shell,4,0.55,0.45,0.0130240974487,0.0686399345,0.20908621995,1.74606100001e-06,0.0763012278,1.26241773228,0,0.00716325359679,0.037751963975,0.114997420973,9.60333550006e-07,0.04196567529,0.694329752754,0.427459986941,0.384224330248,0.419428334451,0.0408887228375,0.429279367469,1.33361114003,0.45001788885,0.689646664148,intermediate_shell,carbon_oxygen_layer,o16,valid,no
A2_20M,20M_pre_supernova_single_profile,20M,19.98,single,128net,intermediate_shell,4,0.6,0.4,0.0130240974487,0.0686399345,0.20908621995,1.74606100001e-06,0.0763012278,1.26241773228,0,0.00781445846922,0.0411839607,0.12545173197,1.04763660001e-06,0.04578073668,0.757450639368,0.379964432837,0.341532737998,0.372825186178,0.0363455314111,0.381581659973,1.18543212447,0.4000159012,0.714277601521,intermediate_shell,carbon_oxygen_layer,o16,valid,no
A2_20M,20M_pre_supernova_single_profile,20M,19.98,single,128net,intermediate_shell,4,0.65,0.35,0.0130240974487,0.0686399345,0.20908621995,1.74606100001e-06,0.0763012278,1.26241773228,0,0.00846566334165,0.044615957425,0.135906042968,1.13493965001e-06,0.04959579807,0.820571525982,0.332468878732,0.298841145748,0.326222037906,0.0318023399848,0.333883952476,1.03725310891,0.35001391355,0.740733106498,intermediate_shell,carbon_oxygen_layer,o16,valid,no
A2_20M,20M_pre_supernova_single_profile,20M,19.98,single,128net,intermediate_shell,4,0.7,0.3,0.0130240974487,0.0686399345,0.20908621995,1.74606100001e-06,0.0763012278,1.26241773228,0,0.00911686821409,0.04804795415,0.146360353965,1.22224270001e-06,0.05341085946,0.883692412596,0.284973324628,0.256149553498,0.279618889634,0.0272591485584,0.28618624498,0.889074093352,0.3000119259,0.76922371255,intermediate_shell,carbon_oxygen_layer,o16,valid,no
A2_20M,20M_pre_supernova_single_profile,20M,19.98,single,128net,intermediate_shell,4,0.75,0.25,0.0130240974487,0.0686399345,0.20908621995,1.74606100001e-06,0.0763012278,1.26241773228,0,0.00976807308652,0.051479950875,0.156814664963,1.30954575001e-06,0.05722592085,0.94681329921,0.237477770523,0.213457961249,0.233015741362,0.022715957132,0.238488537483,0.740895077793,0.25000993825,0.79999363957,intermediate_shell,carbon_oxygen_layer,o16,valid,no
A2_20M,20M_pre_supernova_single_profile,20M,19.98,single,128net,intermediate_shell,4,0.8,0.2,0.0130240974487,0.0686399345,0.20908621995,1.74606100001e-06,0.0763012278,1.26241773228,0,0.010419277959,0.0549119476,0.16726897596,1.39684880001e-06,0.06104098224,1.00993418582,0.189982216418,0.170766368999,0.186412593089,0.0181727657056,0.190790829986,0.592716062234,0.2000079506,0.83332781212,intermediate_shell,carbon_oxygen_layer,o16,valid,no
A2_20M,20M_pre_supernova_single_profile,20M,19.98,single,128net,intermediate_shell,4,0.85,0.15,0.0130240974487,0.0686399345,0.20908621995,1.74606100001e-06,0.0763012278,1.26241773228,0,0.0110704828314,0.058343944325,0.177723286958,1.48415185001e-06,0.06485604363,1.07305507244,0.142486662314,0.128074776749,0.139809444817,0.0136295742792,0.14309312249,0.444537046676,0.15000596295,0.869560708568,intermediate_shell,carbon_oxygen_layer,o16,valid,no
A2_20M,20M_pre_supernova_single_profile,20M,19.98,single,128net,intermediate_shell,4,0.9,0.1,0.0130240974487,0.0686399345,0.20908621995,1.74606100001e-06,0.0763012278,1.26241773228,0,0.0117216877038,0.06177594105,0.188177597955,1.57145490001e-06,0.06867110502,1.13617595905,0.0949911082092,0.0853831844995,0.0932062965446,0.00908638285279,0.0953954149932,0.296358031117,0.1000039753,0.909087623731,intermediate_shell,carbon_oxygen_layer,o16,valid,no
A2_20M,20M_pre_supernova_single_profile,20M,19.98,single,128net,intermediate_shell,4,0.95,0.05,0.0130240974487,0.0686399345,0.20908621995,1.74606100001e-06,0.0763012278,1.26241773228,0,0.0123728925763,0.065207937775,0.198631908952,1.65875795001e-06,0.07248616641,1.19929684567,0.0474955541046,0.0426915922497,0.0466031482723,0.00454319142639,0.0476977074966,0.148179015559,0.05000198765,0.952379149527,intermediate_shell,carbon_oxygen_layer,o16,valid,no
A2_20M,20M_pre_supernova_single_profile,20M,19.98,single,128net,intermediate_shell,4,1,0,0.0130240974487,0.0686399345,0.20908621995,1.74606100001e-06,0.0763012278,1.26241773228,0,0.0130240974487,0.0686399345,0.20908621995,1.74606100001e-06,0.0763012278,1.26241773228,0,0,0,0,0,0,0,1,intermediate_shell,carbon_oxygen_layer,o16,valid,no
A2_20M,20M_pre_supernova_single_profile,20M,19.98,single,128net,intermediate_shell,4,1.05,0.05,0.0130240974487,0.0686399345,0.20908621995,1.74606100001e-06,0.0763012278,1.26241773228,0,0.0136753023211,0.072071931225,0.219540530948,1.83336405001e-06,0.08011628919,1.32553861889,0.0474955541046,0.0426915922497,0.0466031482723,0.00454319142639,0.0476977074966,0.148179015559,0.05000198765,0.952379149527,intermediate_shell,carbon_oxygen_layer,o16,valid,no
A2_20M,20M_pre_supernova_single_profile,20M,19.98,single,128net,intermediate_shell,4,1.1,0.1,0.0130240974487,0.0686399345,0.20908621995,1.74606100001e-06,0.0763012278,1.26241773228,0,0.0143265071936,0.07550392795,0.229994841945,1.92066710001e-06,0.08393135058,1.38865950551,0.0949911082092,0.0853831844995,0.0932062965446,0.00908638285279,0.0953954149932,0.296358031117,0.1000039753,0.909087623731,intermediate_shell,carbon_oxygen_layer,o16,valid,no
A2_20M,20M_pre_supernova_single_profile,20M,19.98,single,128net,intermediate_shell,4,1.15,0.15,0.0130240974487,0.0686399345,0.20908621995,1.74606100001e-06,0.0763012278,1.26241773228,0,0.014977712066,0.078935924675,0.240449152942,2.00797015001e-06,0.08774641197,1.45178039212,0.142486662314,0.128074776749,0.139809444817,0.0136295742792,0.14309312249,0.444537046676,0.15000596295,0.869560708568,intermediate_shell,carbon_oxygen_layer,o16,valid,no
A2_20M,20M_pre_supernova_single_profile,20M,19.98,single,128net,intermediate_shell,4,1.2,0.2,0.0130240974487,0.0686399345,0.20908621995,1.74606100001e-06,0.0763012278,1.26241773228,0,0.0156289169384,0.0823679214,0.25090346394,2.09527320001e-06,0.09156147336,1.51490127874,0.189982216418,0.170766368999,0.186412593089,0.0181727657056,0.190790829986,0.592716062234,0.2000079506,0.83332781212,intermediate_shell,carbon_oxygen_layer,o16,valid,no
A2_20M,20M_pre_supernova_single_profile,20M,19.98,single,128net,intermediate_shell,4,1.25,0.25,0.0130240974487,0.0686399345,0.20908621995,1.74606100001e-06,0.0763012278,1.26241773228,0,0.0162801218109,0.085799918125,0.261357774938,2.18257625001e-06,0.09537653475,1.57802216535,0.237477770523,0.213457961249,0.233015741362,0.022715957132,0.238488537483,0.740895077793,0.25000993825,0.79999363957,intermediate_shell,carbon_oxygen_layer,o16,valid,no
A2_20M,20M_pre_supernova_single_profile,20M,19.98,single,128net,intermediate_shell,4,1.3,0.3,0.0130240974487,0.0686399345,0.20908621995,1.74606100001e-06,0.0763012278,1.26241773228,0,0.0169313266833,0.08923191485,0.271812085935,2.26987930001e-06,0.09919159614,1.64114305196,0.284973324628,0.256149553498,0.279618889634,0.0272591485584,0.28618624498,0.889074093352,0.3000119259,0.76922371255,intermediate_shell,carbon_oxygen_layer,o16,valid,no
A2_20M,20M_pre_supernova_single_profile,20M,19.98,single,128net,intermediate_shell,4,1.35,0.35,0.0130240974487,0.0686399345,0.20908621995,1.74606100001e-06,0.0763012278,1.26241773228,0,0.0175825315557,0.092663911575,0.282266396933,2.35718235001e-06,0.10300665753,1.70426393858,0.332468878732,0.298841145748,0.326222037906,0.0318023399848,0.333883952476,1.03725310891,0.35001391355,0.740733106498,intermediate_shell,carbon_oxygen_layer,o16,valid,no
A2_20M,20M_pre_supernova_single_profile,20M,19.98,single,128net,intermediate_shell,4,1.4,0.4,0.0130240974487,0.0686399345,0.20908621995,1.74606100001e-06,0.0763012278,1.26241773228,0,0.0182337364282,0.0960959083,0.29272070793,2.44448540001e-06,0.10682171892,1.76738482519,0.379964432837,0.341532737998,0.372825186178,0.0363455314111,0.381581659973,1.18543212447,0.4000159012,0.714277601521,intermediate_shell,carbon_oxygen_layer,o16,valid,no
A2_20M,20M_pre_supernova_single_profile,20M,19.98,single,128net,intermediate_shell,4,1.45,0.45,0.0130240974487,0.0686399345,0.20908621995,1.74606100001e-06,0.0763012278,1.26241773228,0,0.0188849413006,0.099527905025,0.303175018928,2.53178845001e-06,0.11063678031,1.83050571181,0.427459986941,0.384224330248,0.419428334451,0.0408887228375,0.429279367469,1.33361114003,0.45001788885,0.689646664148,intermediate_shell,carbon_oxygen_layer,o16,valid,no
A2_20M,20M_pre_supernova_single_profile,20M,19.98,single,128net,intermediate_shell,4,1.5,0.5,0.0130240974487,0.0686399345,0.20908621995,1.74606100001e-06,0.0763012278,1.26241773228,0,0.019536146173,0.10295990175,0.313629329925,2.61909150001e-06,0.1144518417,1.89362659842,0.474955541046,0.426915922497,0.466031482723,0.0454319142639,0.476977074966,1.48179015559,0.5000198765,0.666657832784,intermediate_shell,carbon_oxygen_layer,o16,valid,no
A2_20M,20M_pre_supernova_single_profile,20M,19.98,single,128net,intermediate_shell,4,0.5,0.5,0.011778950803,0.08291417776,0.24284309404,1.84166899997e-06,0.0916200852,0.675447089169,0,0.0058894754015,0.04145708888,0.12142154702,9.20834499985e-07,0.0458100426,0.337723544584,0.429548225789,0.515696626816,0.541272051365,0.0479196019547,0.572738886475,0.792820650215,0.462524686046,0.683749142521,intermediate_shell,carbon_oxygen_layer,o16,valid,no
A2_20M,20M_pre_supernova_single_profile,20M,19.98,single,128net,intermediate_shell,4,0.55,0.45,0.011778950803,0.08291417776,0.24284309404,1.84166899997e-06,0.0916200852,0.675447089169,0,0.00647842294165,0.045602797768,0.133563701722,1.01291794998e-06,0.05039104686,0.371495899043,0.38659340321,0.464126964134,0.487144846229,0.0431276417593,0.515464997827,0.713538585194,0.416272217441,0.706078949855,intermediate_shell,carbon_oxygen_layer,o16,valid,no
A2_20M,20M_pre_supernova_single_profile,20M,19.98,single,128net,intermediate_shell,4,0.6,0.4,0.011778950803,0.08291417776,0.24284309404,1.84166899997e-06,0.0916200852,0.675447089169,0,0.0070673704818,0.049748506656,0.145705856424,1.10500139998e-06,0.05497205112,0.405268253501,0.343638580631,0.412557301453,0.433017641092,0.0383356815638,0.45819110918,0.634256520172,0.370019748837,0.7299164854,intermediate_shell,carbon_oxygen_layer,o16,valid,no
A2_20M,20M_pre_supernova_single_profile,20M,19.98,single,128net,intermediate_shell,4,0.65,0.35,0.011778950803,0.08291417776,0.24284309404,1.84166899997e-06,0.0916200852,0.675447089169,0,0.00765631802195,0.053894215544,0.157848011126,1.19708484998e-06,0.05955305538,0.43904060796,0.300683758052,0.360987638771,0.378890435956,0.0335437213683,0.400917220532,0.554974455151,0.323767280232,0.755419789364,intermediate_shell,carbon_oxygen_layer,o16,valid,no
A2_20M,20M_pre_supernova_single_profile,20M,19.98,single,128net,intermediate_shell,4,0.7,0.3,0.011778950803,0.08291417776,0.24284309404,1.84166899997e-06,0.0916200852,0.675447089169,0,0.0082452655621,0.058039924432,0.169990165828,1.28916829998e-06,0.06413405964,0.472812962418,0.257728935473,0.30941797609,0.324763230819,0.0287517611728,0.343643331885,0.475692390129,0.277514811627,0.782769789359,intermediate_shell,carbon_oxygen_layer,o16,valid,no
A2_20M,20M_pre_supernova_single_profile,20M,19.98,single,128net,intermediate_shell,4,0.75,0.25,0.011778950803,0.08291417776,0.24284309404,1.84166899997e-06,0.0916200852,0.675447089169,0,0.00883421310225,0.06218563332,0.18213232053,1.38125174998e-06,0.0687150639,0.506585316877,0.214774112895,0.257848313408,0.270636025683,0.0239598009774,0.286369443237,0.396410325108,0.231262343023,0.812174599237,intermediate_shell,carbon_oxygen_layer,o16,valid,no
A2_20M,20M_pre_supernova_single_profile,20M,19.98,single,128net,intermediate_shell,4,0.8,0.2,0.011778950803,0.08291417776,0.24284309404,1.84166899997e-06,0.0916200852,0.675447089169,0,0.0094231606424,0.066331342208,0.194274475232,1.47333519998e-06,0.07329606816,0.540357671335,0.171819290316,0.206278650726,0.216508820546,0.0191678407819,0.22909555459,0.317128260086,0.185009874418,0.843874824664,intermediate_shell,carbon_oxygen_layer,o16,valid,no
A2_20M,20M_pre_supernova_single_profile,20M,19.98,single,128net,intermediate_shell,4,0.85,0.15,0.011778950803,0.08291417776,0.24284309404,1.84166899997e-06,0.0916200852,0.675447089169,0,0.0100121081826,0.070477051096,0.206416629934,1.56541864997e-06,0.07787707242,0.574130025794,0.128864467737,0.154708988045,0.16238161541,0.0143758805864,0.171821665942,0.237846195065,0.138757405814,0.878150161654,intermediate_shell,carbon_oxygen_layer,o16,valid,no
A2_20M,20M_pre_supernova_single_profile,20M,19.98,single,128net,intermediate_shell,4,0.9,0.1,0.011778950803,0.08291417776,0.24284309404,1.84166899997e-06,0.0916200852,0.675447089169,0,0.0106010557227,0.074622759984,0.218558784636,1.65750209997e-06,0.08245807668,0.607902380252,0.0859096451578,0.103139325363,0.108254410273,0.00958392039095,0.114547777295,0.158564130043,0.0925049372091,0.915327671246,intermediate_shell,carbon_oxygen_layer,o16,valid,no
A2_20M,20M_pre_supernova_single_profile,20M,19.98,single,128net,intermediate_shell,4,0.95,0.05,0.011778950803,0.08291417776,0.24284309404,1.84166899997e-06,0.0916200852,0.675447089169,0,0.0111900032628,0.078768468872,0.230700939338,1.74958554997e-06,0.08703908094,0.641674734711,0.0429548225789,0.0515696626816,0.0541272051365,0.00479196019547,0.0572738886475,0.0792820650215,0.0462524686046,0.95579224901,intermediate_shell,carbon_oxygen_layer,o16,valid,no
A2_20M,20M_pre_supernova_single_profile,20M,19.98,single,128net,intermediate_shell,4,1,0,0.011778950803,0.08291417776,0.24284309404,1.84166899997e-06,0.0916200852,0.675447089169,0,0.011778950803,0.08291417776,0.24284309404,1.84166899997e-06,0.0916200852,0.675447089169,0,0,0,0,0,0,0,1,intermediate_shell,carbon_oxygen_layer,o16,valid,no
A2_20M,20M_pre_supernova_single_profile,20M,19.98,single,128net,intermediate_shell,4,1.05,0.05,0.011778950803,0.08291417776,0.24284309404,1.84166899997e-06,0.0916200852,0.675447089169,0,0.0123678983432,0.087059886648,0.254985248742,1.93375244997e-06,0.09620108946,0.709219443627,0.0429548225789,0.0515696626816,0.0541272051365,0.00479196019547,0.0572738886475,0.0792820650215,0.0462524686046,0.95579224901,intermediate_shell,carbon_oxygen_layer,o16,valid,no
A2_20M,20M_pre_supernova_single_profile,20M,19.98,single,128net,intermediate_shell,4,1.1,0.1,0.011778950803,0.08291417776,0.24284309404,1.84166899997e-06,0.0916200852,0.675447089169,0,0.0129568458833,0.091205595536,0.267127403444,2.02583589997e-06,0.10078209372,0.742991798086,0.0859096451578,0.103139325363,0.108254410273,0.00958392039095,0.114547777295,0.158564130043,0.0925049372091,0.915327671246,intermediate_shell,carbon_oxygen_layer,o16,valid,no
A2_20M,20M_pre_supernova_single_profile,20M,19.98,single,128net,intermediate_shell,4,1.15,0.15,0.011778950803,0.08291417776,0.24284309404,1.84166899997e-06,0.0916200852,0.675447089169,0,0.0135457934234,0.095351304424,0.279269558146,2.11791934997e-06,0.10536309798,0.776764152544,0.128864467737,0.154708988045,0.16238161541,0.0143758805864,0.171821665942,0.237846195065,0.138757405814,0.878150161654,intermediate_shell,carbon_oxygen_layer,o16,valid,no
A2_20M,20M_pre_supernova_single_profile,20M,19.98,single,128net,intermediate_shell,4,1.2,0.2,0.011778950803,0.08291417776,0.24284309404,1.84166899997e-06,0.0916200852,0.675447089169,0,0.0141347409636,0.099497013312,0.291411712848,2.21000279996e-06,0.10994410224,0.810536507003,0.171819290316,0.206278650726,0.216508820546,0.0191678407819,0.22909555459,0.317128260086,0.185009874418,0.843874824664,intermediate_shell,carbon_oxygen_layer,o16,valid,no
A2_20M,20M_pre_supernova_single_profile,20M,19.98,single,128net,intermediate_shell,4,1.25,0.25,0.011778950803,0.08291417776,0.24284309404,1.84166899997e-06,0.0916200852,0.675447089169,0,0.0147236885037,0.1036427222,0.30355386755,2.30208624996e-06,0.1145251065,0.844308861461,0.214774112895,0.257848313408,0.270636025683,0.0239598009774,0.286369443237,0.396410325108,0.231262343023,0.812174599237,intermediate_shell,carbon_oxygen_layer,o16,valid,no
A2_20M,20M_pre_supernova_single_profile,20M,19.98,single,128net,intermediate_shell,4,1.3,0.3,0.011778950803,0.08291417776,0.24284309404,1.84166899997e-06,0.0916200852,0.675447089169,0,0.0153126360439,0.107788431088,0.315696022252,2.39416969996e-06,0.11910611076,0.87808121592,0.257728935473,0.30941797609,0.324763230819,0.0287517611728,0.343643331885,0.475692390129,0.277514811627,0.782769789359,intermediate_shell,carbon_oxygen_layer,o16,valid,no
A2_20M,20M_pre_supernova_single_profile,20M,19.98,single,128net,intermediate_shell,4,1.35,0.35,0.011778950803,0.08291417776,0.24284309404,1.84166899997e-06,0.0916200852,0.675447089169,0,0.015901583584,0.111934139976,0.327838176954,2.48625314996e-06,0.12368711502,0.911853570378,0.300683758052,0.360987638771,0.378890435956,0.0335437213683,0.400917220532,0.554974455151,0.323767280232,0.755419789364,intermediate_shell,carbon_oxygen_layer,o16,valid,no
A2_20M,20M_pre_supernova_single_profile,20M,19.98,single,128net,intermediate_shell,4,1.4,0.4,0.011778950803,0.08291417776,0.24284309404,1.84166899997e-06,0.0916200852,0.675447089169,0,0.0164905311242,0.116079848864,0.339980331656,2.57833659996e-06,0.12826811928,0.945625924837,0.343638580631,0.412557301453,0.433017641092,0.0383356815638,0.45819110918,0.634256520172,0.370019748837,0.7299164854,intermediate_shell,carbon_oxygen_layer,o16,valid,no
A2_20M,20M_pre_supernova_single_profile,20M,19.98,single,128net,intermediate_shell,4,1.45,0.45,0.011778950803,0.08291417776,0.24284309404,1.84166899997e-06,0.0916200852,0.675447089169,0,0.0170794786644,0.120225557752,0.352122486358,2.67042004996e-06,0.13284912354,0.979398279295,0.38659340321,0.464126964134,0.487144846229,0.0431276417593,0.515464997827,0.713538585194,0.416272217441,0.706078949855,intermediate_shell,carbon_oxygen_layer,o16,valid,no
A2_20M,20M_pre_supernova_single_profile,20M,19.98,single,128net,intermediate_shell,4,1.5,0.5,0.011778950803,0.08291417776,0.24284309404,1.84166899997e-06,0.0916200852,0.675447089169,0,0.0176684262045,0.12437126664,0.36426464106,2.76250349996e-06,0.1374301278,1.01317063375,0.429548225789,0.515696626816,0.541272051365,0.0479196019547,0.572738886475,0.792820650215,0.462524686046,0.683749142521,intermediate_shell,carbon_oxygen_layer,o16,valid,no
A2_20M,20M_pre_supernova_single_profile,20M,19.98,single,128net,intermediate_shell,4,0.5,0.5,0.0120348410452,0.09323652626,0.26257781819,1.51612499999e-06,0.1038233262,0.51766271225,0,0.0060174205226,0.04661826313,0.131288909095,7.58062499995e-07,0.0519116631,0.258831356125,0.438879888802,0.579897954575,0.585258703183,0.0394490576289,0.649024240788,0.607617820403,0.474332868515,0.678272879453,intermediate_shell,carbon_oxygen_layer,o16,valid,no
A2_20M,20M_pre_supernova_single_profile,20M,19.98,single,128net,intermediate_shell,4,0.55,0.45,0.0120348410452,0.09323652626,0.26257781819,1.51612499999e-06,0.1038233262,0.51766271225,0,0.00661916257486,0.051280089443,0.144417800004,8.33868749995e-07,0.05710282941,0.284714491738,0.394991899921,0.521908159118,0.526732832864,0.035504151866,0.584121816709,0.546856038363,0.426899581664,0.700820164818,intermediate_shell,carbon_oxygen_layer,o16,valid,no
A2_20M,20M_pre_supernova_single_profile,20M,19.98,single,128net,intermediate_shell,4,0.6,0.4,0.0120348410452,0.09323652626,0.26257781819,1.51612499999e-06,0.1038233262,0.51766271225,0,0.00722090462712,0.055941915756,0.157546690914,9.09674999994e-07,0.06229399572,0.31059762735,0.351103911041,0.46391836366,0.468206962546,0.0315592461031,0.519219392631,0.486094256322,0.379466294812,0.724918038056,intermediate_shell,carbon_oxygen_layer,o16,valid,no
A2_20M,20M_pre_supernova_single_profile,20M,19.98,single,128net,intermediate_shell,4,0.65,0.35,0.0120348410452,0.09323652626,0.26257781819,1.51612499999e-06,0.1038233262,0.51766271225,0,0.00782264667938,0.060603742069,0.170675581823,9.85481249993e-07,0.06748516203,0.336480762963,0.307215922161,0.405928568203,0.409681092228,0.0276143403402,0.454316968552,0.425332474282,0.332033007961,0.750732147044,intermediate_shell,carbon_oxygen_layer,o16,valid,no
A2_20M,20M_pre_supernova_single_profile,20M,19.98,single,128net,intermediate_shell,4,0.7,0.3,0.0120348410452,0.09323652626,0.26257781819,1.51612499999e-06,0.1038233262,0.51766271225,0,0.00842438873164,0.065265568382,0.183804472733,1.06128749999e-06,0.07267632834,0.362363898575,0.263327933281,0.347938772745,0.35115522191,0.0236694345773,0.389414544473,0.364570692242,0.284599721109,0.778452605561,intermediate_shell,carbon_oxygen_layer,o16,valid,no
A2_20M,20M_pre_supernova_single_profile,20M,19.98,single,128net,intermediate_shell,4,0.75,0.25,0.0120348410452,0.09323652626,0.26257781819,1.51612499999e-06,0.1038233262,0.51766271225,0,0.0090261307839,0.069927394695,0.196933363642,1.13709374999e-06,0.07786749465,0.388247034188,0.219439944401,0.289948977288,0.292629351591,0.0197245288144,0.324512120394,0.303808910201,0.237166434258,0.808298683435,intermediate_shell,carbon_oxygen_layer,o16,valid,no
A2_20M,20M_pre_supernova_single_profile,20M,19.98,single,128net,intermediate_shell,4,0.8,0.2,0.0120348410452,0.09323652626,0.26257781819,1.51612499999e-06,0.1038233262,0.51766271225,0,0.00962787283616,0.074589221008,0.210062254552,1.21289999999e-06,0.08305866096,0.4141301698,0.175551955521,0.23195918183,0.234103481273,0.0157796230516,0.259609696315,0.243047128161,0.189733147406,0.840524618634,intermediate_shell,carbon_oxygen_layer,o16,valid,no
A2_20M,20M_pre_supernova_single_profile,20M,19.98,single,128net,intermediate_shell,4,0.85,0.15,0.0120348410452,0.09323652626,0.26257781819,1.51612499999e-06,0.1038233262,0.51766271225,0,0.0102296148884,0.079251047321,0.223191145462,1.28870624999e-06,0.08824982727,0.440013305413,0.13166396664,0.173969386373,0.175577610955,0.0118347172887,0.194707272236,0.182285346121,0.142299860555,0.875426877418,intermediate_shell,carbon_oxygen_layer,o16,valid,no
A2_20M,20M_pre_supernova_single_profile,20M,19.98,single,128net,intermediate_shell,4,0.9,0.1,0.0120348410452,0.09323652626,0.26257781819,1.51612499999e-06,0.1038233262,0.51766271225,0,0.0108313569407,0.083912873634,0.236320036371,1.36451249999e-06,0.09344099358,0.465896441025,0.0877759777603,0.115979590915,0.117051740637,0.00788981152578,0.129804848158,0.121523564081,0.0948665737031,0.913353301688,intermediate_shell,carbon_oxygen_layer,o16,valid,no
A2_20M,20M_pre_supernova_single_profile,20M,19.98,single,128net,intermediate_shell,4,0.95,0.05,0.0120348410452,0.09323652626,0.26257781819,1.51612499999e-06,0.1038233262,0.51766271225,0,0.0114330989929,0.088574699947,0.24944892728,1.44031874999e-06,0.09863215989,0.491779576637,0.0438879888802,0.0579897954575,0.0585258703183,0.00394490576289,0.0649024240788,0.0607617820403,0.0474332868515,0.954714741791,intermediate_shell,carbon_oxygen_layer,o16,valid,no
A2_20M,20M_pre_supernova_single_profile,20M,19.98,single,128net,intermediate_shell,4,1,0,0.0120348410452,0.09323652626,0.26257781819,1.51612499999e-06,0.1038233262,0.51766271225,0,0.0120348410452,0.09323652626,0.26257781819,1.51612499999e-06,0.1038233262,0.51766271225,0,0,0,0,0,0,0,1,intermediate_shell,carbon_oxygen_layer,o16,valid,no
A2_20M,20M_pre_supernova_single_profile,20M,19.98,single,128net,intermediate_shell,4,1.05,0.05,0.0120348410452,0.09323652626,0.26257781819,1.51612499999e-06,0.1038233262,0.51766271225,0,0.0126365830975,0.097898352573,0.2757067091,1.59193124999e-06,0.10901449251,0.543545847863,0.0438879888802,0.0579897954575,0.0585258703183,0.00394490576289,0.0649024240788,0.0607617820403,0.0474332868515,0.954714741791,intermediate_shell,carbon_oxygen_layer,o16,valid,no
A2_20M,20M_pre_supernova_single_profile,20M,19.98,single,128net,intermediate_shell,4,1.1,0.1,0.0120348410452,0.09323652626,0.26257781819,1.51612499999e-06,0.1038233262,0.51766271225,0,0.0132383251497,0.102560178886,0.288835600009,1.66773749999e-06,0.11420565882,0.569428983475,0.0877759777603,0.115979590915,0.117051740637,0.00788981152578,0.129804848158,0.121523564081,0.0948665737031,0.913353301688,intermediate_shell,carbon_oxygen_layer,o16,valid,no
A2_20M,20M_pre_supernova_single_profile,20M,19.98,single,128net,intermediate_shell,4,1.15,0.15,0.0120348410452,0.09323652626,0.26257781819,1.51612499999e-06,0.1038233262,0.51766271225,0,0.013840067202,0.107222005199,0.301964490918,1.74354374999e-06,0.11939682513,0.595312119088,0.13166396664,0.173969386373,0.175577610955,0.0118347172887,0.194707272236,0.182285346121,0.142299860555,0.875426877418,intermediate_shell,carbon_oxygen_layer,o16,valid,no
A2_20M,20M_pre_supernova_single_profile,20M,19.98,single,128net,intermediate_shell,4,1.2,0.2,0.0120348410452,0.09323652626,0.26257781819,1.51612499999e-06,0.1038233262,0.51766271225,0,0.0144418092542,0.111883831512,0.315093381828,1.81934999999e-06,0.12458799144,0.6211952547,0.175551955521,0.23195918183,0.234103481273,0.0157796230516,0.259609696315,0.243047128161,0.189733147406,0.840524618634,intermediate_shell,carbon_oxygen_layer,o16,valid,no
A2_20M,20M_pre_supernova_single_profile,20M,19.98,single,128net,intermediate_shell,4,1.25,0.25,0.0120348410452,0.09323652626,0.26257781819,1.51612499999e-06,0.1038233262,0.51766271225,0,0.0150435513065,0.116545657825,0.328222272737,1.89515624999e-06,0.12977915775,0.647078390313,0.219439944401,0.289948977288,0.292629351591,0.0197245288144,0.324512120394,0.303808910201,0.237166434258,0.808298683435,intermediate_shell,carbon_oxygen_layer,o16,valid,no
A2_20M,20M_pre_supernova_single_profile,20M,19.98,single,128net,intermediate_shell,4,1.3,0.3,0.0120348410452,0.09323652626,0.26257781819,1.51612499999e-06,0.1038233262,0.51766271225,0,0.0156452933588,0.121207484138,0.341351163647,1.97096249999e-06,0.13497032406,0.672961525925,0.263327933281,0.347938772745,0.35115522191,0.0236694345773,0.389414544473,0.364570692242,0.284599721109,0.778452605561,intermediate_shell,carbon_oxygen_layer,o16,valid,no
A2_20M,20M_pre_supernova_single_profile,20M,19.98,single,128net,intermediate_shell,4,1.35,0.35,0.0120348410452,0.09323652626,0.26257781819,1.51612499999e-06,0.1038233262,0.51766271225,0,0.016247035411,0.125869310451,0.354480054557,2.04676874999e-06,0.14016149037,0.698844661538,0.307215922161,0.405928568203,0.409681092228,0.0276143403402,0.454316968552,0.425332474282,0.332033007961,0.750732147044,intermediate_shell,carbon_oxygen_layer,o16,valid,no
A2_20M,20M_pre_supernova_single_profile,20M,19.98,single,128net,intermediate_shell,4,1.4,0.4,0.0120348410452,0.09323652626,0.26257781819,1.51612499999e-06,0.1038233262,0.51766271225,0,0.0168487774633,0.130531136764,0.367608945466,2.12257499999e-06,0.14535265668,0.72472779715,0.351103911041,0.46391836366,0.468206962546,0.0315592461031,0.519219392631,0.486094256322,0.379466294812,0.724918038056,intermediate_shell,carbon_oxygen_layer,o16,valid,no
A2_20M,20M_pre_supernova_single_profile,20M,19.98,single,128net,intermediate_shell,4,1.45,0.45,0.0120348410452,0.09323652626,0.26257781819,1.51612499999e-06,0.1038233262,0.51766271225,0,0.0174505195155,0.135192963077,0.380737836376,2.19838124999e-06,0.15054382299,0.750610932763,0.394991899921,0.521908159118,0.526732832864,0.035504151866,0.584121816709,0.546856038363,0.426899581664,0.700820164818,intermediate_shell,carbon_oxygen_layer,o16,valid,no
A2_20M,20M_pre_supernova_single_profile,20M,19.98,single,128net,intermediate_shell,4,1.5,0.5,0.0120348410452,0.09323652626,0.26257781819,1.51612499999e-06,0.1038233262,0.51766271225,0,0.0180522615678,0.13985478939,0.393866727285,2.27418749999e-06,0.1557349893,0.776494068375,0.438879888802,0.579897954575,0.585258703183,0.0394490576289,0.649024240788,0.607617820403,0.474332868515,0.678272879453,intermediate_shell,carbon_oxygen_layer,o16,valid,no
A2_20M,20M_pre_supernova_single_profile,20M,19.98,single,128net,intermediate_shell,4,0.5,0.5,0.0162226652781,0.08968987518,0.24712928037,1.25215499996e-06,0.1008016384,1.54682934058,0,0.00811133263905,0.04484493759,0.123564640185,6.2607749998e-07,0.0504008192,0.77341467029,0.591599133431,0.557839049237,0.550825515821,0.0325806478714,0.630134953553,1.81562444081,0.619095732987,0.617628704484,intermediate_shell,carbon_oxygen_layer,o16,valid,no
A2_20M,20M_pre_supernova_single_profile,20M,19.98,single,128net,intermediate_shell,4,0.55,0.45,0.0162226652781,0.08968987518,0.24712928037,1.25215499996e-06,0.1008016384,1.54682934058,0,0.00892246590295,0.049329431349,0.135921104204,6.88685249978e-07,0.05544090112,0.850756137319,0.532439220088,0.502055144313,0.495742964239,0.0293225830843,0.567121458198,1.63406199673,0.557186159688,0.642183976385,intermediate_shell,carbon_oxygen_layer,o16,valid,no
A2_20M,20M_pre_supernova_single_profile,20M,19.98,single,128net,intermediate_shell,4,0.6,0.4,0.0162226652781,0.08968987518,0.24712928037,1.25215499996e-06,0.1008016384,1.54682934058,0,0.00973359916686,0.053813925108,0.148277568222,7.51292999976e-07,0.06048098304,0.928097604348,0.473279306745,0.446271239389,0.440660412657,0.0260645182971,0.504107962843,1.45249955265,0.495276586389,0.668772593046,intermediate_shell,carbon_oxygen_layer,o16,valid,no
A2_20M,20M_pre_supernova_single_profile,20M,19.98,single,128net,intermediate_shell,4,0.65,0.35,0.0162226652781,0.08968987518,0.24712928037,1.25215499996e-06,0.1008016384,1.54682934058,0,0.0105447324308,0.058298418867,0.160634032241,8.13900749974e-07,0.06552106496,1.00543907138,0.414119393402,0.390487334466,0.385577861075,0.02280645351,0.441094467487,1.27093710857,0.433367013091,0.697658025382,intermediate_shell,carbon_oxygen_layer,o16,valid,no
A2_20M,20M_pre_supernova_single_profile,20M,19.98,single,128net,intermediate_shell,4,0.7,0.3,0.0162226652781,0.08968987518,0.24712928037,1.25215499996e-06,0.1008016384,1.54682934058,0,0.0113558656947,0.062782912626,0.172990496259,8.76508499972e-07,0.07056114688,1.08278053841,0.354959480058,0.334703429542,0.330495309493,0.0195483887228,0.378080972132,1.08937466449,0.371457439792,0.729151318142,intermediate_shell,carbon_oxygen_layer,o16,valid,no
A2_20M,20M_pre_supernova_single_profile,20M,19.98,single,128net,intermediate_shell,4,0.75,0.25,0.0162226652781,0.08968987518,0.24712928037,1.25215499996e-06,0.1008016384,1.54682934058,0,0.0121669989586,0.067267406385,0.185346960278,9.3911624997e-07,0.0756012288,1.16012200543,0.295799566715,0.278919524618,0.275412757911,0.0162903239357,0.315067476777,0.907812220406,0.309547866493,0.763622335301,intermediate_shell,carbon_oxygen_layer,o16,valid,no
A2_20M,20M_pre_supernova_single_profile,20M,19.98,single,128net,intermediate_shell,4,0.8,0.2,0.0162226652781,0.08968987518,0.24712928037,1.25215499996e-06,0.1008016384,1.54682934058,0,0.0129781322225,0.071751900144,0.197703424296,1.00172399997e-06,0.08064131072,1.23746347246,0.236639653372,0.223135619695,0.220330206329,0.0130322591486,0.252053981421,0.726249776325,0.247638293195,0.801514353523,intermediate_shell,carbon_oxygen_layer,o16,valid,no
A2_20M,20M_pre_supernova_single_profile,20M,19.98,single,128net,intermediate_shell,4,0.85,0.15,0.0162226652781,0.08968987518,0.24712928037,1.25215499996e-06,0.1008016384,1.54682934058,0,0.0137892654864,0.076236393903,0.210059888315,1.06433174997e-06,0.08568139264,1.31480493949,0.177479740029,0.167351714771,0.165247654746,0.00977419436142,0.189040486066,0.544687332244,0.185728719896,0.843363227373,intermediate_shell,carbon_oxygen_layer,o16,valid,no
A2_20M,20M_pre_supernova_single_profile,20M,19.98,single,128net,intermediate_shell,4,0.9,0.1,0.0162226652781,0.08968987518,0.24712928037,1.25215499996e-06,0.1008016384,1.54682934058,0,0.0146003987503,0.080720887662,0.222416352333,1.12693949996e-06,0.09072147456,1.39214640652,0.118319826686,0.111567809847,0.110165103164,0.00651612957428,0.126026990711,0.363124888163,0.123819146597,0.889822889232,intermediate_shell,carbon_oxygen_layer,o16,valid,no
A2_20M,20M_pre_supernova_single_profile,20M,19.98,single,128net,intermediate_shell,4,0.95,0.05,0.0162226652781,0.08968987518,0.24712928037,1.25215499996e-06,0.1008016384,1.54682934058,0,0.0154115320142,0.085205381421,0.234772816351,1.18954724996e-06,0.09576155648,1.46948787355,0.0591599133431,0.0557839049237,0.0550825515821,0.00325806478714,0.0630134953553,0.181562444081,0.0619095732987,0.941699769118,intermediate_shell,carbon_oxygen_layer,o16,valid,no
A2_20M,20M_pre_supernova_single_profile,20M,19.98,single,128net,intermediate_shell,4,1,0,0.0162226652781,0.08968987518,0.24712928037,1.25215499996e-06,0.1008016384,1.54682934058,0,0.0162226652781,0.08968987518,0.24712928037,1.25215499996e-06,0.1008016384,1.54682934058,0,0,0,0,0,0,0,1,intermediate_shell,carbon_oxygen_layer,o16,valid,no
A2_20M,20M_pre_supernova_single_profile,20M,19.98,single,128net,intermediate_shell,4,1.05,0.05,0.0162226652781,0.08968987518,0.24712928037,1.25215499996e-06,0.1008016384,1.54682934058,0,0.017033798542,0.094174368939,0.259485744389,1.31476274996e-06,0.10584172032,1.62417080761,0.0591599133431,0.0557839049237,0.0550825515821,0.00325806478714,0.0630134953553,0.181562444081,0.0619095732987,0.941699769118,intermediate_shell,carbon_oxygen_layer,o16,valid,no
A2_20M,20M_pre_supernova_single_profile,20M,19.98,single,128net,intermediate_shell,4,1.1,0.1,0.0162226652781,0.08968987518,0.24712928037,1.25215499996e-06,0.1008016384,1.54682934058,0,0.0178449318059,0.098658862698,0.271842208407,1.37737049996e-06,0.11088180224,1.70151227464,0.118319826686,0.111567809847,0.110165103164,0.00651612957428,0.126026990711,0.363124888163,0.123819146597,0.889822889232,intermediate_shell,carbon_oxygen_layer,o16,valid,no
A2_20M,20M_pre_supernova_single_profile,20M,19.98,single,128net,intermediate_shell,4,1.15,0.15,0.0162226652781,0.08968987518,0.24712928037,1.25215499996e-06,0.1008016384,1.54682934058,0,0.0186560650698,0.103143356457,0.284198672426,1.43997824995e-06,0.11592188416,1.77885374167,0.177479740029,0.167351714771,0.165247654746,0.00977419436142,0.189040486066,0.544687332244,0.185728719896,0.843363227373,intermediate_shell,carbon_oxygen_layer,o16,valid,no
A2_20M,20M_pre_supernova_single_profile,20M,19.98,single,128net,intermediate_shell,4,1.2,0.2,0.0162226652781,0.08968987518,0.24712928037,1.25215499996e-06,0.1008016384,1.54682934058,0,0.0194671983337,0.107627850216,0.296555136444,1.50258599995e-06,0.12096196608,1.8561952087,0.236639653372,0.223135619695,0.220330206329,0.0130322591486,0.252053981421,0.726249776325,0.247638293195,0.801514353523,intermediate_shell,carbon_oxygen_layer,o16,valid,no
A2_20M,20M_pre_supernova_single_profile,20M,19.98,single,128net,intermediate_shell,4,1.25,0.25,0.0162226652781,0.08968987518,0.24712928037,1.25215499996e-06,0.1008016384,1.54682934058,0,0.0202783315976,0.112112343975,0.308911600462,1.56519374995e-06,0.126002048,1.93353667573,0.295799566715,0.278919524618,0.275412757911,0.0162903239357,0.315067476777,0.907812220406,0.309547866493,0.763622335301,intermediate_shell,carbon_oxygen_layer,o16,valid,no
A2_20M,20M_pre_supernova_single_profile,20M,19.98,single,128net,intermediate_shell,4,1.3,0.3,0.0162226652781,0.08968987518,0.24712928037,1.25215499996e-06,0.1008016384,1.54682934058,0,0.0210894648615,0.116596837734,0.321268064481,1.62780149995e-06,0.13104212992,2.01087814275,0.354959480058,0.334703429542,0.330495309493,0.0195483887228,0.378080972132,1.08937466449,0.371457439792,0.729151318142,intermediate_shell,carbon_oxygen_layer,o16,valid,no
A2_20M,20M_pre_supernova_single_profile,20M,19.98,single,128net,intermediate_shell,4,1.35,0.35,0.0162226652781,0.08968987518,0.24712928037,1.25215499996e-06,0.1008016384,1.54682934058,0,0.0219005981254,0.121081331493,0.3336245285,1.69040924995e-06,0.13608221184,2.08821960978,0.414119393402,0.390487334466,0.385577861075,0.02280645351,0.441094467487,1.27093710857,0.433367013091,0.697658025382,intermediate_shell,carbon_oxygen_layer,o16,valid,no
A2_20M,20M_pre_supernova_single_profile,20M,19.98,single,128net,intermediate_shell,4,1.4,0.4,0.0162226652781,0.08968987518,0.24712928037,1.25215499996e-06,0.1008016384,1.54682934058,0,0.0227117313893,0.125565825252,0.345980992518,1.75301699994e-06,0.14112229376,2.16556107681,0.473279306745,0.446271239389,0.440660412657,0.0260645182971,0.504107962843,1.45249955265,0.495276586389,0.668772593046,intermediate_shell,carbon_oxygen_layer,o16,valid,no
A2_20M,20M_pre_supernova_single_profile,20M,19.98,single,128net,intermediate_shell,4,1.45,0.45,0.0162226652781,0.08968987518,0.24712928037,1.25215499996e-06,0.1008016384,1.54682934058,0,0.0235228646532,0.130050319011,0.358337456537,1.81562474994e-06,0.14616237568,2.24290254384,0.532439220088,0.502055144313,0.495742964239,0.0293225830843,0.567121458198,1.63406199673,0.557186159688,0.642183976385,intermediate_shell,carbon_oxygen_layer,o16,valid,no
A2_20M,20M_pre_supernova_single_profile,20M,19.98,single,128net,intermediate_shell,4,1.5,0.5,0.0162226652781,0.08968987518,0.24712928037,1.25215499996e-06,0.1008016384,1.54682934058,0,0.0243339979171,0.13453481277,0.370693920555,1.87823249994e-06,0.1512024576,2.32024401087,0.591599133431,0.557839049237,0.550825515821,0.0325806478714,0.630134953553,1.81562444081,0.619095732987,0.617628704484,intermediate_shell,carbon_oxygen_layer,o16,valid,no
A2_20M,20M_pre_supernova_single_profile,20M,19.98,single,128net,intermediate_shell,4,0.5,0.5,0.0210117603762,0.08501267596,0.23164735634,1.21588599999e-06,0.0961786983,2.72851803682,0,0.0105058801881,0.04250633798,0.11582367817,6.07942999995e-07,0.04808934915,1.36425901841,0.766245189513,0.528748537507,0.516317914064,0.031636940809,0.601235858346,3.20265714186,0.785709428834,0.560001523122,intermediate_shell,carbon_oxygen_layer,o16,valid,no
A2_20M,20M_pre_supernova_single_profile,20M,19.98,single,128net,intermediate_shell,4,0.55,0.45,0.0210117603762,0.08501267596,0.23164735634,1.21588599999e-06,0.0961786983,2.72851803682,0,0.0115564682069,0.046756971778,0.127406045987,6.68737299995e-07,0.052898284065,1.50068492025,0.689620670561,0.475873683756,0.464686122657,0.0284732467281,0.541112272511,2.88239142767,0.707138485951,0.585775558474,intermediate_shell,carbon_oxygen_layer,o16,valid,no
A2_20M,20M_pre_supernova_single_profile,20M,19.98,single,128net,intermediate_shell,4,0.6,0.4,0.0210117603762,0.08501267596,0.23164735634,1.21588599999e-06,0.0961786983,2.72851803682,0,0.0126070562257,0.051007605576,0.138988413804,7.29531599994e-07,0.05770721898,1.63711082209,0.61299615161,0.422998830005,0.413054331251,0.0253095526472,0.480988686677,2.56212571349,0.628567543067,0.61403655271,intermediate_shell,carbon_oxygen_layer,o16,valid,no
A2_20M,20M_pre_supernova_single_profile,20M,19.98,single,128net,intermediate_shell,4,0.65,0.35,0.0210117603762,0.08501267596,0.23164735634,1.21588599999e-06,0.0961786983,2.72851803682,0,0.0136576442445,0.055258239374,0.150570781621,7.90325899994e-07,0.062516153895,1.77353672393,0.536371632659,0.370123976255,0.361422539844,0.0221458585663,0.420865100842,2.2418599993,0.549996600184,0.645162705442,intermediate_shell,carbon_oxygen_layer,o16,valid,no
A2_20M,20M_pre_supernova_single_profile,20M,19.98,single,128net,intermediate_shell,4,0.7,0.3,0.0210117603762,0.08501267596,0.23164735634,1.21588599999e-06,0.0961786983,2.72851803682,0,0.0147082322633,0.059508873172,0.162153149438,8.51120199993e-07,0.06732508881,1.90996262577,0.459747113708,0.317249122504,0.309790748438,0.0189821644854,0.360741515007,1.92159428512,0.471425657301,0.679612996442,intermediate_shell,carbon_oxygen_layer,o16,valid,no
A2_20M,20M_pre_supernova_single_profile,20M,19.98,single,128net,intermediate_shell,4,0.75,0.25,0.0210117603762,0.08501267596,0.23164735634,1.21588599999e-06,0.0961786983,2.72851803682,0,0.0157588202821,0.06375950697,0.173735517255,9.11914499993e-07,0.072134023725,2.04638852762,0.383122594756,0.264374268753,0.258158957032,0.0158184704045,0.300617929173,1.60132857093,0.392854714417,0.717949969691,intermediate_shell,carbon_oxygen_layer,o16,valid,no
A2_20M,20M_pre_supernova_single_profile,20M,19.98,single,128net,intermediate_shell,4,0.8,0.2,0.0210117603762,0.08501267596,0.23164735634,1.21588599999e-06,0.0961786983,2.72851803682,0,0.016809408301,0.068010140768,0.185317885072,9.72708799992e-07,0.07694295864,2.18281442946,0.306498075805,0.211499415003,0.206527165625,0.0126547763236,0.240494343338,1.28106285674,0.314283771534,0.760870689922,intermediate_shell,carbon_oxygen_layer,o16,valid,no
A2_20M,20M_pre_supernova_single_profile,20M,19.98,single,128net,intermediate_shell,4,0.85,0.15,0.0210117603762,0.08501267596,0.23164735634,1.21588599999e-06,0.0961786983,2.72851803682,0,0.0178599963198,0.072260774566,0.196900252889,1.03350309999e-06,0.081751893555,2.3192403313,0.229873556854,0.158624561252,0.154895374219,0.00949108224271,0.180370757504,0.960797142558,0.23571282865,0.809249509121,intermediate_shell,carbon_oxygen_layer,o16,valid,no
A2_20M,20M_pre_supernova_single_profile,20M,19.98,single,128net,intermediate_shell,4,0.9,0.1,0.0210117603762,0.08501267596,0.23164735634,1.21588599999e-06,0.0961786983,2.72851803682,0,0.0189105843386,0.076511408364,0.208482620706,1.09429739999e-06,0.08656082847,2.45566623314,0.153249037903,0.105749707501,0.103263582813,0.0063273881618,0.120247171669,0.640531428372,0.157141885767,0.864198256325,intermediate_shell,carbon_oxygen_layer,o16,valid,no
A2_20M,20M_pre_supernova_single_profile,20M,19.98,single,128net,intermediate_shell,4,0.95,0.05,0.0210117603762,0.08501267596,0.23164735634,1.21588599999e-06,0.0961786983,2.72851803682,0,0.0199611723574,0.080762042162,0.220064988523,1.15509169999e-06,0.091369763385,2.59209213498,0.0766245189513,0.0528748537507,0.0516317914064,0.0031636940809,0.0601235858346,0.320265714186,0.0785709428834,0.927152735384,intermediate_shell,carbon_oxygen_layer,o16,valid,no
A2_20M,20M_pre_supernova_single_profile,20M,19.98,single,128net,intermediate_shell,4,1,0,0.0210117603762,0.08501267596,0.23164735634,1.21588599999e-06,0.0961786983,2.72851803682,0,0.0210117603762,0.08501267596,0.23164735634,1.21588599999e-06,0.0961786983,2.72851803682,0,0,0,0,0,0,0,1,intermediate_shell,carbon_oxygen_layer,o16,valid,no
A2_20M,20M_pre_supernova_single_profile,20M,19.98,single,128net,intermediate_shell,4,1.05,0.05,0.0210117603762,0.08501267596,0.23164735634,1.21588599999e-06,0.0961786983,2.72851803682,0,0.022062348395,0.089263309758,0.243229724157,1.27668029999e-06,0.100987633215,2.86494393866,0.0766245189513,0.0528748537507,0.0516317914064,0.0031636940809,0.0601235858346,0.320265714186,0.0785709428834,0.927152735384,intermediate_shell,carbon_oxygen_layer,o16,valid,no
A2_20M,20M_pre_supernova_single_profile,20M,19.98,single,128net,intermediate_shell,4,1.1,0.1,0.0210117603762,0.08501267596,0.23164735634,1.21588599999e-06,0.0961786983,2.72851803682,0,0.0231129364138,0.093513943556,0.254812091974,1.33747459999e-06,0.10579656813,3.0013698405,0.153249037903,0.105749707501,0.103263582813,0.0063273881618,0.120247171669,0.640531428372,0.157141885767,0.864198256325,intermediate_shell,carbon_oxygen_layer,o16,valid,no
A2_20M,20M_pre_supernova_single_profile,20M,19.98,single,128net,intermediate_shell,4,1.15,0.15,0.0210117603762,0.08501267596,0.23164735634,1.21588599999e-06,0.0961786983,2.72851803682,0,0.0241635244326,0.097764577354,0.266394459791,1.39826889999e-06,0.110605503045,3.13779574234,0.229873556854,0.158624561252,0.154895374219,0.00949108224271,0.180370757504,0.960797142558,0.23571282865,0.809249509121,intermediate_shell,carbon_oxygen_layer,o16,valid,no
A2_20M,20M_pre_supernova_single_profile,20M,19.98,single,128net,intermediate_shell,4,1.2,0.2,0.0210117603762,0.08501267596,0.23164735634,1.21588599999e-06,0.0961786983,2.72851803682,0,0.0252141124514,0.102015211152,0.277976827608,1.45906319999e-06,0.11541443796,3.27422164418,0.306498075805,0.211499415003,0.206527165625,0.0126547763236,0.240494343338,1.28106285674,0.314283771534,0.760870689922,intermediate_shell,carbon_oxygen_layer,o16,valid,no
A2_20M,20M_pre_supernova_single_profile,20M,19.98,single,128net,intermediate_shell,4,1.25,0.25,0.0210117603762,0.08501267596,0.23164735634,1.21588599999e-06,0.0961786983,2.72851803682,0,0.0262647004703,0.10626584495,0.289559195425,1.51985749999e-06,0.120223372875,3.41064754603,0.383122594756,0.264374268753,0.258158957032,0.0158184704045,0.300617929173,1.60132857093,0.392854714417,0.717949969691,intermediate_shell,carbon_oxygen_layer,o16,valid,no
A2_20M,20M_pre_supernova_single_profile,20M,19.98,single,128net,intermediate_shell,4,1.3,0.3,0.0210117603762,0.08501267596,0.23164735634,1.21588599999e-06,0.0961786983,2.72851803682,0,0.0273152884891,0.110516478748,0.301141563242,1.58065179999e-06,0.12503230779,3.54707344787,0.459747113708,0.317249122504,0.309790748438,0.0189821644854,0.360741515007,1.92159428512,0.471425657301,0.679612996442,intermediate_shell,carbon_oxygen_layer,o16,valid,no
A2_20M,20M_pre_supernova_single_profile,20M,19.98,single,128net,intermediate_shell,4,1.35,0.35,0.0210117603762,0.08501267596,0.23164735634,1.21588599999e-06,0.0961786983,2.72851803682,0,0.0283658765079,0.114767112546,0.312723931059,1.64144609999e-06,0.129841242705,3.68349934971,0.536371632659,0.370123976255,0.361422539844,0.0221458585663,0.420865100842,2.2418599993,0.549996600184,0.645162705442,intermediate_shell,carbon_oxygen_layer,o16,valid,no
A2_20M,20M_pre_supernova_single_profile,20M,19.98,single,128net,intermediate_shell,4,1.4,0.4,0.0210117603762,0.08501267596,0.23164735634,1.21588599999e-06,0.0961786983,2.72851803682,0,0.0294164645267,0.119017746344,0.324306298876,1.70224039999e-06,0.13465017762,3.81992525155,0.61299615161,0.422998830005,0.413054331251,0.0253095526472,0.480988686677,2.56212571349,0.628567543067,0.61403655271,intermediate_shell,carbon_oxygen_layer,o16,valid,no
A2_20M,20M_pre_supernova_single_profile,20M,19.98,single,128net,intermediate_shell,4,1.45,0.45,0.0210117603762,0.08501267596,0.23164735634,1.21588599999e-06,0.0961786983,2.72851803682,0,0.0304670525455,0.123268380142,0.335888666693,1.76303469999e-06,0.139459112535,3.95635115339,0.689620670561,0.475873683756,0.464686122657,0.0284732467281,0.541112272511,2.88239142767,0.707138485951,0.585775558474,intermediate_shell,carbon_oxygen_layer,o16,valid,no
A2_20M,20M_pre_supernova_single_profile,20M,19.98,single,128net,intermediate_shell,4,1.5,0.5,0.0210117603762,0.08501267596,0.23164735634,1.21588599999e-06,0.0961786983,2.72851803682,0,0.0315176405643,0.12751901394,0.34747103451,1.82382899999e-06,0.14426804745,4.09277705523,0.766245189513,0.528748537507,0.516317914064,0.031636940809,0.601235858346,3.20265714186,0.785709428834,0.560001523122,intermediate_shell,carbon_oxygen_layer,o16,valid,no
A2_20M,20M_pre_supernova_single_profile,20M,19.98,single,128net,intermediate_shell,4,0.5,0.5,0.0100831368812,0.08104255414,0.21911310869,1.371448e-06,0.0920703465,0.38431259637,0,0.0050415684406,0.04052127707,0.109556554345,6.85724e-07,0.04603517325,0.192156298185,0.367706226993,0.504055795132,0.48838037701,0.035684611221,0.575553576671,0.451095233699,0.398431363897,0.715086936561,intermediate_shell,carbon_oxygen_layer,o16,valid,no
A2_20M,20M_pre_supernova_single_profile,20M,19.98,single,128net,intermediate_shell,4,0.55,0.45,0.0100831368812,0.08104255414,0.21911310869,1.371448e-06,0.0920703465,0.38431259637,0,0.00554572528466,0.044573404777,0.12051220978,7.542964e-07,0.050638690575,0.211371928004,0.330935604294,0.453650215619,0.439542339309,0.0321161500989,0.517998219004,0.405985710329,0.358588227507,0.736058196113,intermediate_shell,carbon_oxygen_layer,o16,valid,no
A2_20M,20M_pre_supernova_single_profile,20M,19.98,single,128net,intermediate_shell,4,0.6,0.4,0.0100831368812,0.08104255414,0.21911310869,1.371448e-06,0.0920703465,0.38431259637,0,0.00604988212872,0.048625532484,0.131467865214,8.228688e-07,0.0552422079,0.230587557822,0.294164981594,0.403244636106,0.390704301608,0.0285476889768,0.460442861337,0.360876186959,0.318745091118,0.758296661527,intermediate_shell,carbon_oxygen_layer,o16,valid,no
A2_20M,20M_pre_supernova_single_profile,20M,19.98,single,128net,intermediate_shell,4,0.65,0.35,0.0100831368812,0.08104255414,0.21911310869,1.371448e-06,0.0920703465,0.38431259637,0,0.00655403897278,0.052677660191,0.142423520649,8.914412e-07,0.059845725225,0.24980318764,0.257394358895,0.352839056592,0.341866263907,0.0249792278547,0.40288750367,0.315766663589,0.278901954728,0.781920769065,intermediate_shell,carbon_oxygen_layer,o16,valid,no
A2_20M,20M_pre_supernova_single_profile,20M,19.98,single,128net,intermediate_shell,4,0.7,0.3,0.0100831368812,0.08104255414,0.21911310869,1.371448e-06,0.0920703465,0.38431259637,0,0.00705819581684,0.056729787898,0.153379176083,9.600136e-07,0.06444924255,0.269018817459,0.220623736196,0.302433477079,0.293028226206,0.0214107667326,0.345332146003,0.270657140219,0.239058818338,0.807064188721,intermediate_shell,carbon_oxygen_layer,o16,valid,no
A2_20M,20M_pre_supernova_single_profile,20M,19.98,single,128net,intermediate_shell,4,0.75,0.25,0.0100831368812,0.08104255414,0.21911310869,1.371448e-06,0.0920703465,0.38431259637,0,0.0075623526609,0.060781915605,0.164334831518,1.028586e-06,0.069052759875,0.288234447277,0.183853113497,0.252027897566,0.244190188505,0.0178423056105,0.287776788335,0.22554761685,0.199215681948,0.833878354872,intermediate_shell,carbon_oxygen_layer,o16,valid,no
A2_20M,20M_pre_supernova_single_profile,20M,19.98,single,128net,intermediate_shell,4,0.8,0.2,0.0100831368812,0.08104255414,0.21911310869,1.371448e-06,0.0920703465,0.38431259637,0,0.00806650950496,0.064834043312,0.175290486952,1.0971584e-06,0.0736562772,0.307450077096,0.147082490797,0.201622318053,0.195352150804,0.0142738444884,0.230221430668,0.18043809348,0.159372545559,0.862535518743,intermediate_shell,carbon_oxygen_layer,o16,valid,no
A2_20M,20M_pre_supernova_single_profile,20M,19.98,single,128net,intermediate_shell,4,0.85,0.15,0.0100831368812,0.08104255414,0.21911310869,1.371448e-06,0.0920703465,0.38431259637,0,0.00857066634902,0.068886171019,0.186246142387,1.1657308e-06,0.078259794525,0.326665706915,0.110311868098,0.15121673854,0.146514113103,0.0107053833663,0.172666073001,0.13532857011,0.119529409169,0.89323245268,intermediate_shell,carbon_oxygen_layer,o16,valid,no
A2_20M,20M_pre_supernova_single_profile,20M,19.98,single,128net,intermediate_shell,4,0.9,0.1,0.0100831368812,0.08104255414,0.21911310869,1.371448e-06,0.0920703465,0.38431259637,0,0.00907482319308,0.072938298726,0.197201797821,1.2343032e-06,0.08286331185,0.345881336733,0.0735412453986,0.100811159026,0.0976760754021,0.00713692224419,0.115110715334,0.0902190467398,0.0796862727794,0.926194974607,intermediate_shell,carbon_oxygen_layer,o16,valid,no
A2_20M,20M_pre_supernova_single_profile,20M,19.98,single,128net,intermediate_shell,4,0.95,0.05,0.0100831368812,0.08104255414,0.21911310869,1.371448e-06,0.0920703465,0.38431259637,0,0.00957898003714,0.076990426433,0.208157453256,1.3028756e-06,0.087466829175,0.365096966551,0.0367706226993,0.0504055795132,0.048838037701,0.0035684611221,0.0575553576671,0.0451095233699,0.0398431363897,0.961683512642,intermediate_shell,carbon_oxygen_layer,o16,valid,no
A2_20M,20M_pre_supernova_single_profile,20M,19.98,single,128net,intermediate_shell,4,1,0,0.0100831368812,0.08104255414,0.21911310869,1.371448e-06,0.0920703465,0.38431259637,0,0.0100831368812,0.08104255414,0.21911310869,1.371448e-06,0.0920703465,0.38431259637,0,0,0,0,0,0,0,1,intermediate_shell,carbon_oxygen_layer,o16,valid,no
A2_20M,20M_pre_supernova_single_profile,20M,19.98,single,128net,intermediate_shell,4,1.05,0.05,0.0100831368812,0.08104255414,0.21911310869,1.371448e-06,0.0920703465,0.38431259637,0,0.0105872937253,0.085094681847,0.230068764125,1.4400204e-06,0.096673863825,0.403528226188,0.0367706226993,0.0504055795132,0.048838037701,0.0035684611221,0.0575553576671,0.0451095233699,0.0398431363897,0.961683512642,intermediate_shell,carbon_oxygen_layer,o16,valid,no
A2_20M,20M_pre_supernova_single_profile,20M,19.98,single,128net,intermediate_shell,4,1.1,0.1,0.0100831368812,0.08104255414,0.21911310869,1.371448e-06,0.0920703465,0.38431259637,0,0.0110914505693,0.089146809554,0.241024419559,1.5085928e-06,0.10127738115,0.422743856007,0.0735412453986,0.100811159026,0.0976760754021,0.00713692224419,0.115110715334,0.0902190467398,0.0796862727794,0.926194974607,intermediate_shell,carbon_oxygen_layer,o16,valid,no
A2_20M,20M_pre_supernova_single_profile,20M,19.98,single,128net,intermediate_shell,4,1.15,0.15,0.0100831368812,0.08104255414,0.21911310869,1.371448e-06,0.0920703465,0.38431259637,0,0.0115956074134,0.093198937261,0.251980074994,1.5771652e-06,0.105880898475,0.441959485825,0.110311868098,0.15121673854,0.146514113103,0.0107053833663,0.172666073001,0.13532857011,0.119529409169,0.89323245268,intermediate_shell,carbon_oxygen_layer,o16,valid,no
A2_20M,20M_pre_supernova_single_profile,20M,19.98,single,128net,intermediate_shell,4,1.2,0.2,0.0100831368812,0.08104255414,0.21911310869,1.371448e-06,0.0920703465,0.38431259637,0,0.0120997642574,0.097251064968,0.262935730428,1.6457376e-06,0.1104844158,0.461175115644,0.147082490797,0.201622318053,0.195352150804,0.0142738444884,0.230221430668,0.18043809348,0.159372545559,0.862535518743,intermediate_shell,carbon_oxygen_layer,o16,valid,no
A2_20M,20M_pre_supernova_single_profile,20M,19.98,single,128net,intermediate_shell,4,1.25,0.25,0.0100831368812,0.08104255414,0.21911310869,1.371448e-06,0.0920703465,0.38431259637,0,0.0126039211015,0.101303192675,0.273891385863,1.71431e-06,0.115087933125,0.480390745462,0.183853113497,0.252027897566,0.244190188505,0.0178423056105,0.287776788335,0.22554761685,0.199215681948,0.833878354872,intermediate_shell,carbon_oxygen_layer,o16,valid,no
A2_20M,20M_pre_supernova_single_profile,20M,19.98,single,128net,intermediate_shell,4,1.3,0.3,0.0100831368812,0.08104255414,0.21911310869,1.371448e-06,0.0920703465,0.38431259637,0,0.0131080779456,0.105355320382,0.284847041297,1.7828824e-06,0.11969145045,0.499606375281,0.220623736196,0.302433477079,0.293028226206,0.0214107667326,0.345332146003,0.270657140219,0.239058818338,0.807064188721,intermediate_shell,carbon_oxygen_layer,o16,valid,no
A2_20M,20M_pre_supernova_single_profile,20M,19.98,single,128net,intermediate_shell,4,1.35,0.35,0.0100831368812,0.08104255414,0.21911310869,1.371448e-06,0.0920703465,0.38431259637,0,0.0136122347896,0.109407448089,0.295802696732,1.8514548e-06,0.124294967775,0.5188220051,0.257394358895,0.352839056592,0.341866263907,0.0249792278547,0.40288750367,0.315766663589,0.278901954728,0.781920769065,intermediate_shell,carbon_oxygen_layer,o16,valid,no
A2_20M,20M_pre_supernova_single_profile,20M,19.98,single,128net,intermediate_shell,4,1.4,0.4,0.0100831368812,0.08104255414,0.21911310869,1.371448e-06,0.0920703465,0.38431259637,0,0.0141163916337,0.113459575796,0.306758352166,1.9200272e-06,0.1288984851,0.538037634918,0.294164981594,0.403244636106,0.390704301608,0.0285476889768,0.460442861337,0.360876186959,0.318745091118,0.758296661527,intermediate_shell,carbon_oxygen_layer,o16,valid,no
A2_20M,20M_pre_supernova_single_profile,20M,19.98,single,128net,intermediate_shell,4,1.45,0.45,0.0100831368812,0.08104255414,0.21911310869,1.371448e-06,0.0920703465,0.38431259637,0,0.0146205484777,0.117511703503,0.317714007601,1.9885996e-06,0.133502002425,0.557253264737,0.330935604294,0.453650215619,0.439542339309,0.0321161500989,0.517998219004,0.405985710329,0.358588227507,0.736058196113,intermediate_shell,carbon_oxygen_layer,o16,valid,no
A2_20M,20M_pre_supernova_single_profile,20M,19.98,single,128net,intermediate_shell,4,1.5,0.5,0.0100831368812,0.08104255414,0.21911310869,1.371448e-06,0.0920703465,0.38431259637,0,0.0151247053218,0.12156383121,0.328669663035,2.057172e-06,0.13810551975,0.576468894555,0.367706226993,0.504055795132,0.48838037701,0.035684611221,0.575553576671,0.451095233699,0.398431363897,0.715086936561,intermediate_shell,carbon_oxygen_layer,o16,valid,no
A2_20M,20M_pre_supernova_single_profile,20M,19.98,single,128net,intermediate_shell,4,0.5,0.5,0.0110450333614,0.0797383652,0.21411358808,1.84281599996e-06,0.0908202754,0.63231719634,0,0.0055225166807,0.0398691826,0.10705679404,9.2140799998e-07,0.0454101377,0.31615859817,0.402784132774,0.495944204868,0.477236964483,0.047949446505,0.567739085686,0.74219600437,0.433518193045,0.697584449818,intermediate_shell,carbon_oxygen_layer,o16,valid,no
A2_20M,20M_pre_supernova_single_profile,20M,19.98,single,128net,intermediate_shell,4,0.55,0.45,0.0110450333614,0.0797383652,0.21411358808,1.84281599996e-06,0.0908202754,0.63231719634,0,0.00607476834877,0.04385610086,0.117762473444,1.01354879998e-06,0.04995115147,0.347774457987,0.362505719496,0.446349784381,0.429513268034,0.0431545018545,0.510965177117,0.667976403933,0.39016637374,0.719338360422,intermediate_shell,carbon_oxygen_layer,o16,valid,no
A2_20M,20M_pre_supernova_single_profile,20M,19.98,single,128net,intermediate_shell,4,0.6,0.4,0.0110450333614,0.0797383652,0.21411358808,1.84281599996e-06,0.0908202754,0.63231719634,0,0.00662702001684,0.04784301912,0.128468152848,1.10568959998e-06,0.05449216524,0.379390317804,0.322227306219,0.396755363894,0.381789571586,0.038359557204,0.454191268549,0.593756803496,0.346814554436,0.74249271862,intermediate_shell,carbon_oxygen_layer,o16,valid,no
A2_20M,20M_pre_supernova_single_profile,20M,19.98,single,128net,intermediate_shell,4,0.65,0.35,0.0110450333614,0.0797383652,0.21411358808,1.84281599996e-06,0.0908202754,0.63231719634,0,0.00717927168491,0.05182993738,0.139173832252,1.19783039997e-06,0.05903317901,0.411006177621,0.281948892942,0.347160943408,0.334065875138,0.0335646125535,0.39741735998,0.519537203059,0.303462735131,0.767187256718,intermediate_shell,carbon_oxygen_layer,o16,valid,no
A2_20M,20M_pre_supernova_single_profile,20M,19.98,single,128net,intermediate_shell,4,0.7,0.3,0.0110450333614,0.0797383652,0.21411358808,1.84281599996e-06,0.0908202754,0.63231719634,0,0.00773152335298,0.05581685564,0.149879511656,1.28997119997e-06,0.06357419278,0.442622037438,0.241670479664,0.297566522921,0.28634217869,0.028769667903,0.340643451412,0.445317602622,0.260110915827,0.793580935964,intermediate_shell,carbon_oxygen_layer,o16,valid,no
A2_20M,20M_pre_supernova_single_profile,20M,19.98,single,128net,intermediate_shell,4,0.75,0.25,0.0110450333614,0.0797383652,0.21411358808,1.84281599996e-06,0.0908202754,0.63231719634,0,0.00828377502105,0.0598037739,0.16058519106,1.38211199997e-06,0.06811520655,0.474237897255,0.201392066387,0.247972102434,0.238618482241,0.0239747232525,0.283869542843,0.371098002185,0.216759096522,0.821855372077,intermediate_shell,carbon_oxygen_layer,o16,valid,no
A2_20M,20M_pre_supernova_single_profile,20M,19.98,single,128net,intermediate_shell,4,0.8,0.2,0.0110450333614,0.0797383652,0.21411358808,1.84281599996e-06,0.0908202754,0.63231719634,0,0.00883602668912,0.06379069216,0.171290870464,1.47425279997e-06,0.07265622032,0.505853757072,0.16111365311,0.198377681947,0.190894785793,0.019179778602,0.227095634274,0.296878401748,0.173407277218,0.852219020127,intermediate_shell,carbon_oxygen_layer,o16,valid,no
A2_20M,20M_pre_supernova_single_profile,20M,19.98,single,128net,intermediate_shell,4,0.85,0.15,0.0110450333614,0.0797383652,0.21411358808,1.84281599996e-06,0.0908202754,0.63231719634,0,0.00938827835719,0.06777761042,0.181996549868,1.56639359997e-06,0.07719723409,0.537469616889,0.120835239832,0.14878326146,0.143171089345,0.0143848339515,0.170321725706,0.222658801311,0.130055457913,0.884912322663,intermediate_shell,carbon_oxygen_layer,o16,valid,no
A2_20M,20M_pre_supernova_single_profile,20M,19.98,single,128net,intermediate_shell,4,0.9,0.1,0.0110450333614,0.0797383652,0.21411358808,1.84281599996e-06,0.0908202754,0.63231719634,0,0.00994053002526,0.07176452868,0.192702229272,1.65853439996e-06,0.08173824786,0.569085476706,0.0805568265548,0.0991888409736,0.0954473928965,0.00958988930099,0.113547817137,0.148439200874,0.086703638609,0.92021409009,intermediate_shell,carbon_oxygen_layer,o16,valid,no
A2_20M,20M_pre_supernova_single_profile,20M,19.98,single,128net,intermediate_shell,4,0.95,0.05,0.0110450333614,0.0797383652,0.21411358808,1.84281599996e-06,0.0908202754,0.63231719634,0,0.0104927816933,0.07575144694,0.203407908676,1.75067519996e-06,0.08627926163,0.600701336523,0.0402784132774,0.0495944204868,0.0477236964483,0.0047949446505,0.0567739085686,0.074219600437,0.0433518193045,0.958449471691,intermediate_shell,carbon_oxygen_layer,o16,valid,no
A2_20M,20M_pre_supernova_single_profile,20M,19.98,single,128net,intermediate_shell,4,1,0,0.0110450333614,0.0797383652,0.21411358808,1.84281599996e-06,0.0908202754,0.63231719634,0,0.0110450333614,0.0797383652,0.21411358808,1.84281599996e-06,0.0908202754,0.63231719634,0,0,0,0,0,0,0,1,intermediate_shell,carbon_oxygen_layer,o16,valid,no
A2_20M,20M_pre_supernova_single_profile,20M,19.98,single,128net,intermediate_shell,4,1.05,0.05,0.0110450333614,0.0797383652,0.21411358808,1.84281599996e-06,0.0908202754,0.63231719634,0,0.0115972850295,0.08372528346,0.224819267484,1.93495679996e-06,0.09536128917,0.663933056157,0.0402784132774,0.0495944204868,0.0477236964483,0.0047949446505,0.0567739085686,0.074219600437,0.0433518193045,0.958449471691,intermediate_shell,carbon_oxygen_layer,o16,valid,no
A2_20M,20M_pre_supernova_single_profile,20M,19.98,single,128net,intermediate_shell,4,1.1,0.1,0.0110450333614,0.0797383652,0.21411358808,1.84281599996e-06,0.0908202754,0.63231719634,0,0.0121495366975,0.08771220172,0.235524946888,2.02709759996e-06,0.09990230294,0.695548915974,0.0805568265548,0.0991888409736,0.0954473928965,0.00958988930099,0.113547817137,0.148439200874,0.086703638609,0.92021409009,intermediate_shell,carbon_oxygen_layer,o16,valid,no
A2_20M,20M_pre_supernova_single_profile,20M,19.98,single,128net,intermediate_shell,4,1.15,0.15,0.0110450333614,0.0797383652,0.21411358808,1.84281599996e-06,0.0908202754,0.63231719634,0,0.0127017883656,0.09169911998,0.246230626292,2.11923839995e-06,0.10444331671,0.727164775791,0.120835239832,0.14878326146,0.143171089345,0.0143848339515,0.170321725706,0.222658801311,0.130055457913,0.884912322663,intermediate_shell,carbon_oxygen_layer,o16,valid,no
A2_20M,20M_pre_supernova_single_profile,20M,19.98,single,128net,intermediate_shell,4,1.2,0.2,0.0110450333614,0.0797383652,0.21411358808,1.84281599996e-06,0.0908202754,0.63231719634,0,0.0132540400337,0.09568603824,0.256936305696,2.21137919995e-06,0.10898433048,0.758780635608,0.16111365311,0.198377681947,0.190894785793,0.019179778602,0.227095634274,0.296878401748,0.173407277218,0.852219020127,intermediate_shell,carbon_oxygen_layer,o16,valid,no
A2_20M,20M_pre_supernova_single_profile,20M,19.98,single,128net,intermediate_shell,4,1.25,0.25,0.0110450333614,0.0797383652,0.21411358808,1.84281599996e-06,0.0908202754,0.63231719634,0,0.0138062917018,0.0996729565,0.2676419851,2.30351999995e-06,0.11352534425,0.790396495425,0.201392066387,0.247972102434,0.238618482241,0.0239747232525,0.283869542843,0.371098002185,0.216759096522,0.821855372077,intermediate_shell,carbon_oxygen_layer,o16,valid,no
A2_20M,20M_pre_supernova_single_profile,20M,19.98,single,128net,intermediate_shell,4,1.3,0.3,0.0110450333614,0.0797383652,0.21411358808,1.84281599996e-06,0.0908202754,0.63231719634,0,0.0143585433698,0.10365987476,0.278347664504,2.39566079995e-06,0.11806635802,0.822012355242,0.241670479664,0.297566522921,0.28634217869,0.028769667903,0.340643451412,0.445317602622,0.260110915827,0.793580935964,intermediate_shell,carbon_oxygen_layer,o16,valid,no
A2_20M,20M_pre_supernova_single_profile,20M,19.98,single,128net,intermediate_shell,4,1.35,0.35,0.0110450333614,0.0797383652,0.21411358808,1.84281599996e-06,0.0908202754,0.63231719634,0,0.0149107950379,0.10764679302,0.289053343908,2.48780159995e-06,0.12260737179,0.853628215059,0.281948892942,0.347160943408,0.334065875138,0.0335646125535,0.39741735998,0.519537203059,0.303462735131,0.767187256718,intermediate_shell,carbon_oxygen_layer,o16,valid,no
A2_20M,20M_pre_supernova_single_profile,20M,19.98,single,128net,intermediate_shell,4,1.4,0.4,0.0110450333614,0.0797383652,0.21411358808,1.84281599996e-06,0.0908202754,0.63231719634,0,0.015463046706,0.11163371128,0.299759023312,2.57994239994e-06,0.12714838556,0.885244074876,0.322227306219,0.396755363894,0.381789571586,0.038359557204,0.454191268549,0.593756803496,0.346814554436,0.74249271862,intermediate_shell,carbon_oxygen_layer,o16,valid,no
A2_20M,20M_pre_supernova_single_profile,20M,19.98,single,128net,intermediate_shell,4,1.45,0.45,0.0110450333614,0.0797383652,0.21411358808,1.84281599996e-06,0.0908202754,0.63231719634,0,0.016015298374,0.11562062954,0.310464702716,2.67208319994e-06,0.13168939933,0.916859934693,0.362505719496,0.446349784381,0.429513268034,0.0431545018545,0.510965177117,0.667976403933,0.39016637374,0.719338360422,intermediate_shell,carbon_oxygen_layer,o16,valid,no
A2_20M,20M_pre_supernova_single_profile,20M,19.98,single,128net,intermediate_shell,4,1.5,0.5,0.0110450333614,0.0797383652,0.21411358808,1.84281599996e-06,0.0908202754,0.63231719634,0,0.0165675500421,0.1196075478,0.32117038212,2.76422399994e-06,0.1362304131,0.94847579451,0.402784132774,0.495944204868,0.477236964483,0.047949446505,0.567739085686,0.74219600437,0.433518193045,0.697584449818,intermediate_shell,carbon_oxygen_layer,o16,valid,no
A2_20M,20M_pre_supernova_single_profile,20M,19.98,single,128net,intermediate_shell,4,0.5,0.5,0.00931144296766,0.08615399018,0.27637128979,7.7528896e-05,0.0725970204,0.08490279675,0,0.00465572148383,0.04307699509,0.138185644895,3.8764448e-05,0.0362985102,0.042451398375,0.339564522612,0.535847105077,0.616002919722,2.01727554537,0.453821195806,0.0996564965692,0.673200236656,0.597657099307,intermediate_shell,carbon_oxygen_layer,o16,valid,no
A2_20M,20M_pre_supernova_single_profile,20M,19.98,single,128net,intermediate_shell,4,0.55,0.45,0.00931144296766,0.08615399018,0.27637128979,7.7528896e-05,0.0725970204,0.08490279675,0,0.00512129363221,0.047384694599,0.152004209384,4.26408928e-05,0.03992836122,0.0466965382125,0.305608070351,0.48226239457,0.55440262775,1.81554799084,0.408439076225,0.0896908469123,0.605880212991,0.622711452517,intermediate_shell,carbon_oxygen_layer,o16,valid,no
A2_20M,20M_pre_supernova_single_profile,20M,19.98,single,128net,intermediate_shell,4,0.6,0.4,0.00931144296766,0.08615399018,0.27637128979,7.7528896e-05,0.0725970204,0.08490279675,0,0.0055868657806,0.051692394108,0.165822773874,4.65173376e-05,0.04355821224,0.05094167805,0.27165161809,0.428677684062,0.492802335778,1.6138204363,0.363056956644,0.0797251972554,0.538560189325,0.649958322683,intermediate_shell,carbon_oxygen_layer,o16,valid,no
A2_20M,20M_pre_supernova_single_profile,20M,19.98,single,128net,intermediate_shell,4,0.65,0.35,0.00931144296766,0.08615399018,0.27637128979,7.7528896e-05,0.0725970204,0.08490279675,0,0.00605243792898,0.056000093617,0.179641338363,5.03937824e-05,0.04718806326,0.0551868178875,0.237695165829,0.375092973554,0.431202043806,1.41209288176,0.317674837064,0.0697595475984,0.471240165659,0.679698680978,intermediate_shell,carbon_oxygen_layer,o16,valid,no
A2_20M,20M_pre_supernova_single_profile,20M,19.98,single,128net,intermediate_shell,4,0.7,0.3,0.00931144296766,0.08615399018,0.27637128979,7.7528896e-05,0.0725970204,0.08490279675,0,0.00651801007736,0.060307793126,0.193459902853,5.42702272e-05,0.05081791428,0.059431957725,0.203738713567,0.321508263046,0.369601751833,1.21036532722,0.272292717483,0.0597938979415,0.403920141994,0.712291226608,intermediate_shell,carbon_oxygen_layer,o16,valid,no
A2_20M,20M_pre_supernova_single_profile,20M,19.98,single,128net,intermediate_shell,4,0.75,0.25,0.00931144296766,0.08615399018,0.27637128979,7.7528896e-05,0.0725970204,0.08490279675,0,0.00698358222575,0.064615492635,0.207278467342,5.8146672e-05,0.0544477653,0.0636770975625,0.169782261306,0.267923552539,0.308001459861,1.00863777269,0.226910597903,0.0498282482846,0.336600118328,0.748166924638,intermediate_shell,carbon_oxygen_layer,o16,valid,no
A2_20M,20M_pre_supernova_single_profile,20M,19.98,single,128net,intermediate_shell,4,0.8,0.2,0.00931144296766,0.08615399018,0.27637128979,7.7528896e-05,0.0725970204,0.08490279675,0,0.00744915437413,0.068923192144,0.221097031832,6.20231168e-05,0.05807761632,0.0679222374,0.135825809045,0.214338842031,0.246401167889,0.806910218149,0.181528478322,0.0398625986277,0.269280094663,0.78784817016,intermediate_shell,carbon_oxygen_layer,o16,valid,no
A2_20M,20M_pre_supernova_single_profile,20M,19.98,single,128net,intermediate_shell,4,0.85,0.15,0.00931144296766,0.08615399018,0.27637128979,7.7528896e-05,0.0725970204,0.08490279675,0,0.00791472652251,0.073230891653,0.234915596321,6.58995616e-05,0.06170746734,0.0721673772375,0.101869356784,0.160754131523,0.184800875917,0.605182663612,0.136146358742,0.0298969489708,0.201960070997,0.831974392602,intermediate_shell,carbon_oxygen_layer,o16,valid,no
A2_20M,20M_pre_supernova_single_profile,20M,19.98,single,128net,intermediate_shell,4,0.9,0.1,0.00931144296766,0.08615399018,0.27637128979,7.7528896e-05,0.0725970204,0.08490279675,0,0.00838029867089,0.077538591162,0.248734160811,6.97760064e-05,0.06533731836,0.076412517075,0.0679129045225,0.107169421015,0.123200583944,0.403455109075,0.0907642391611,0.0199312993138,0.134640047331,0.881336774911,intermediate_shell,carbon_oxygen_layer,o16,valid,no
A2_20M,20M_pre_supernova_single_profile,20M,19.98,single,128net,intermediate_shell,4,0.95,0.05,0.00931144296766,0.08615399018,0.27637128979,7.7528896e-05,0.0725970204,0.08490279675,0,0.00884587081928,0.081846290671,0.2625527253,7.36524512e-05,0.06896716938,0.0806576569125,0.0339564522612,0.0535847105077,0.0616002919722,0.201727554537,0.0453821195806,0.00996564965692,0.0673200236656,0.936926111969,intermediate_shell,carbon_oxygen_layer,o16,valid,no
A2_20M,20M_pre_supernova_single_profile,20M,19.98,single,128net,intermediate_shell,4,1,0,0.00931144296766,0.08615399018,0.27637128979,7.7528896e-05,0.0725970204,0.08490279675,0,0.00931144296766,0.08615399018,0.27637128979,7.7528896e-05,0.0725970204,0.08490279675,0,0,0,0,0,0,0,1,intermediate_shell,carbon_oxygen_layer,o16,valid,no
A2_20M,20M_pre_supernova_single_profile,20M,19.98,single,128net,intermediate_shell,4,1.05,0.05,0.00931144296766,0.08615399018,0.27637128979,7.7528896e-05,0.0725970204,0.08490279675,0,0.00977701511604,0.090461689689,0.29018985428,8.14053408e-05,0.07622687142,0.0891479365875,0.0339564522612,0.0535847105077,0.0616002919722,0.201727554537,0.0453821195806,0.00996564965692,0.0673200236656,0.936926111969,intermediate_shell,carbon_oxygen_layer,o16,valid,no
A2_20M,20M_pre_supernova_single_profile,20M,19.98,single,128net,intermediate_shell,4,1.1,0.1,0.00931144296766,0.08615399018,0.27637128979,7.7528896e-05,0.0725970204,0.08490279675,0,0.0102425872644,0.094769389198,0.304008418769,8.52817856e-05,0.07985672244,0.093393076425,0.0679129045225,0.107169421015,0.123200583944,0.403455109075,0.0907642391611,0.0199312993138,0.134640047331,0.881336774911,intermediate_shell,carbon_oxygen_layer,o16,valid,no
A2_20M,20M_pre_supernova_single_profile,20M,19.98,single,128net,intermediate_shell,4,1.15,0.15,0.00931144296766,0.08615399018,0.27637128979,7.7528896e-05,0.0725970204,0.08490279675,0,0.0107081594128,0.099077088707,0.317826983258,8.91582304e-05,0.08348657346,0.0976382162625,0.101869356784,0.160754131523,0.184800875917,0.605182663612,0.136146358742,0.0298969489708,0.201960070997,0.831974392602,intermediate_shell,carbon_oxygen_layer,o16,valid,no
A2_20M,20M_pre_supernova_single_profile,20M,19.98,single,128net,intermediate_shell,4,1.2,0.2,0.00931144296766,0.08615399018,0.27637128979,7.7528896e-05,0.0725970204,0.08490279675,0,0.0111737315612,0.103384788216,0.331645547748,9.30346752e-05,0.08711642448,0.1018833561,0.135825809045,0.214338842031,0.246401167889,0.806910218149,0.181528478322,0.0398625986277,0.269280094663,0.78784817016,intermediate_shell,carbon_oxygen_layer,o16,valid,no
A2_20M,20M_pre_supernova_single_profile,20M,19.98,single,128net,intermediate_shell,4,1.25,0.25,0.00931144296766,0.08615399018,0.27637128979,7.7528896e-05,0.0725970204,0.08490279675,0,0.0116393037096,0.107692487725,0.345464112237,9.691112e-05,0.0907462755,0.106128495937,0.169782261306,0.267923552539,0.308001459861,1.00863777269,0.226910597903,0.0498282482846,0.336600118328,0.748166924638,intermediate_shell,carbon_oxygen_layer,o16,valid,no
A2_20M,20M_pre_supernova_single_profile,20M,19.98,single,128net,intermediate_shell,4,1.3,0.3,0.00931144296766,0.08615399018,0.27637128979,7.7528896e-05,0.0725970204,0.08490279675,0,0.012104875858,0.112000187234,0.359282676727,0.0001007875648,0.09437612652,0.110373635775,0.203738713567,0.321508263046,0.369601751833,1.21036532722,0.272292717483,0.0597938979415,0.403920141994,0.712291226608,intermediate_shell,carbon_oxygen_layer,o16,valid,no
A2_20M,20M_pre_supernova_single_profile,20M,19.98,single,128net,intermediate_shell,4,1.35,0.35,0.00931144296766,0.08615399018,0.27637128979,7.7528896e-05,0.0725970204,0.08490279675,0,0.0125704480063,0.116307886743,0.373101241217,0.0001046640096,0.09800597754,0.114618775613,0.237695165829,0.375092973554,0.431202043806,1.41209288176,0.317674837064,0.0697595475984,0.471240165659,0.679698680978,intermediate_shell,carbon_oxygen_layer,o16,valid,no
A2_20M,20M_pre_supernova_single_profile,20M,19.98,single,128net,intermediate_shell,4,1.4,0.4,0.00931144296766,0.08615399018,0.27637128979,7.7528896e-05,0.0725970204,0.08490279675,0,0.0130360201547,0.120615586252,0.386919805706,0.0001085404544,0.10163582856,0.11886391545,0.27165161809,0.428677684062,0.492802335778,1.6138204363,0.363056956644,0.0797251972554,0.538560189325,0.649958322683,intermediate_shell,carbon_oxygen_layer,o16,valid,no
A2_20M,20M_pre_supernova_single_profile,20M,19.98,single,128net,intermediate_shell,4,1.45,0.45,0.00931144296766,0.08615399018,0.27637128979,7.7528896e-05,0.0725970204,0.08490279675,0,0.0135015923031,0.124923285761,0.400738370196,0.0001124168992,0.10526567958,0.123109055288,0.305608070351,0.48226239457,0.55440262775,1.81554799084,0.408439076225,0.0896908469123,0.605880212991,0.622711452517,intermediate_shell,carbon_oxygen_layer,o16,valid,no
A2_20M,20M_pre_supernova_single_profile,20M,19.98,single,128net,intermediate_shell,4,1.5,0.5,0.00931144296766,0.08615399018,0.27637128979,7.7528896e-05,0.0725970204,0.08490279675,0,0.0139671644515,0.12923098527,0.414556934685,0.000116293344,0.1088955306,0.127354195125,0.339564522612,0.535847105077,0.616002919722,2.01727554537,0.453821195806,0.0996564965692,0.673200236656,0.597657099307,intermediate_shell,carbon_oxygen_layer,o16,valid,no
A2_20M,20M_pre_supernova_single_profile,20M,19.98,single,128net,intermediate_shell,4,0.5,0.5,0.00912493610196,0.06712716492,0.38852010213,9.5156000024e-08,0.025365922,0.11676784515,0,0.00456246805098,0.03356358246,0.194260051065,4.7578000012e-08,0.012682961,0.058383922575,0.332763093979,0.417507035011,0.865970982242,0.00247592680597,0.158568395663,0.137058787284,0.369820484261,0.730022664641,intermediate_shell,carbon_oxygen_layer,o16,valid,no
A2_20M,20M_pre_supernova_single_profile,20M,19.98,single,128net,intermediate_shell,4,0.55,0.45,0.00912493610196,0.06712716492,0.38852010213,9.5156000024e-08,0.025365922,0.11676784515,0,0.00501871485608,0.036919940706,0.213686056172,5.23358000132e-08,0.0139512571,0.0642223148325,0.299486784581,0.37575633151,0.779373884018,0.00222833412538,0.142711556097,0.123352908556,0.332838435835,0.750278483208,intermediate_shell,carbon_oxygen_layer,o16,valid,no
A2_20M,20M_pre_supernova_single_profile,20M,19.98,single,128net,intermediate_shell,4,0.6,0.4,0.00912493610196,0.06712716492,0.38852010213,9.5156000024e-08,0.025365922,0.11676784515,0,0.00547496166118,0.040276298952,0.233112061278,5.70936000144e-08,0.0152195532,0.07006070709,0.266210475183,0.334005628009,0.692776785794,0.00198074144478,0.126854716531,0.109647029827,0.295856387409,0.771690450976,intermediate_shell,carbon_oxygen_layer,o16,valid,no
A2_20M,20M_pre_supernova_single_profile,20M,19.98,single,128net,intermediate_shell,4,0.65,0.35,0.00912493610196,0.06712716492,0.38852010213,9.5156000024e-08,0.025365922,0.11676784515,0,0.00593120846627,0.043632657198,0.252538066384,6.18514000156e-08,0.0164878493,0.0758990993475,0.232934165786,0.292254924508,0.606179687569,0.00173314876418,0.110997876964,0.0959411510989,0.258874338983,0.794360460797,intermediate_shell,carbon_oxygen_layer,o16,valid,no
A2_20M,20M_pre_supernova_single_profile,20M,19.98,single,128net,intermediate_shell,4,0.7,0.3,0.00912493610196,0.06712716492,0.38852010213,9.5156000024e-08,0.025365922,0.11676784515,0,0.00638745527137,0.046989015444,0.271964071491,6.66092000168e-08,0.0177561454,0.081737491605,0.199657856388,0.250504221007,0.519582589345,0.00148555608358,0.0951410373979,0.0822352723705,0.221892290557,0.818402741165,intermediate_shell,carbon_oxygen_layer,o16,valid,no
A2_20M,20M_pre_supernova_single_profile,20M,19.98,single,128net,intermediate_shell,4,0.75,0.25,0.00912493610196,0.06712716492,0.38852010213,9.5156000024e-08,0.025365922,0.11676784515,0,0.00684370207647,0.05034537369,0.291390076597,7.1367000018e-08,0.0190244415,0.0875758838625,0.16638154699,0.208753517506,0.432985491121,0.00123796340299,0.0792841978316,0.0685293936421,0.184910242131,0.843945781245,intermediate_shell,carbon_oxygen_layer,o16,valid,no
A2_20M,20M_pre_supernova_single_profile,20M,19.98,single,128net,intermediate_shell,4,0.8,0.2,0.00912493610196,0.06712716492,0.38852010213,9.5156000024e-08,0.025365922,0.11676784515,0,0.00729994888157,0.053701731936,0.310816081704,7.61248000192e-08,0.0202927376,0.09341427612,0.133105237592,0.167002814004,0.346388392897,0.000990370722389,0.0634273582653,0.0548235149136,0.147928193704,0.871134628006,intermediate_shell,carbon_oxygen_layer,o16,valid,no
A2_20M,20M_pre_supernova_single_profile,20M,19.98,single,128net,intermediate_shell,4,0.85,0.15,0.00912493610196,0.06712716492,0.38852010213,9.5156000024e-08,0.025365922,0.11676784515,0,0.00775619568667,0.057058090182,0.330242086811,8.08826000204e-08,0.0215610337,0.0992526683775,0.0998289281938,0.125252110503,0.259791294673,0.000742778041792,0.0475705186989,0.0411176361852,0.110946145278,0.900133642166,intermediate_shell,carbon_oxygen_layer,o16,valid,no
A2_20M,20M_pre_supernova_single_profile,20M,19.98,single,128net,intermediate_shell,4,0.9,0.1,0.00912493610196,0.06712716492,0.38852010213,9.5156000024e-08,0.025365922,0.11676784515,0,0.00821244249176,0.060414448428,0.349668091917,8.56404000216e-08,0.0228293298,0.105091060635,0.0665526187959,0.0835014070022,0.173194196448,0.000495185361195,0.0317136791326,0.0274117574568,0.0739640968522,0.931129823549,intermediate_shell,carbon_oxygen_layer,o16,valid,no
A2_20M,20M_pre_supernova_single_profile,20M,19.98,single,128net,intermediate_shell,4,0.95,0.05,0.00912493610196,0.06712716492,0.38852010213,9.5156000024e-08,0.025365922,0.11676784515,0,0.00866868929686,0.063770806674,0.369094097023,9.03982000228e-08,0.0240976259,0.110929452892,0.0332763093979,0.0417507035011,0.0865970982242,0.000247592680597,0.0158568395663,0.0137058787284,0.0369820484261,0.964336847989,intermediate_shell,carbon_oxygen_layer,o16,valid,no
A2_20M,20M_pre_supernova_single_profile,20M,19.98,single,128net,intermediate_shell,4,1,0,0.00912493610196,0.06712716492,0.38852010213,9.5156000024e-08,0.025365922,0.11676784515,0,0.00912493610196,0.06712716492,0.38852010213,9.5156000024e-08,0.025365922,0.11676784515,0,0,0,0,0,0,0,1,intermediate_shell,carbon_oxygen_layer,o16,valid,no
A2_20M,20M_pre_supernova_single_profile,20M,19.98,single,128net,intermediate_shell,4,1.05,0.05,0.00912493610196,0.06712716492,0.38852010213,9.5156000024e-08,0.025365922,0.11676784515,0,0.00958118290706,0.070483523166,0.407946107236,9.99138000252e-08,0.0266342181,0.122606237407,0.0332763093979,0.0417507035011,0.0865970982242,0.000247592680597,0.0158568395663,0.0137058787284,0.0369820484261,0.964336847989,intermediate_shell,carbon_oxygen_layer,o16,valid,no
A2_20M,20M_pre_supernova_single_profile,20M,19.98,single,128net,intermediate_shell,4,1.1,0.1,0.00912493610196,0.06712716492,0.38852010213,9.5156000024e-08,0.025365922,0.11676784515,0,0.0100374297122,0.073839881412,0.427372112343,1.04671600026e-07,0.0279025142,0.128444629665,0.0665526187959,0.0835014070022,0.173194196448,0.000495185361195,0.0317136791326,0.0274117574568,0.0739640968522,0.931129823549,intermediate_shell,carbon_oxygen_layer,o16,valid,no
A2_20M,20M_pre_supernova_single_profile,20M,19.98,single,128net,intermediate_shell,4,1.15,0.15,0.00912493610196,0.06712716492,0.38852010213,9.5156000024e-08,0.025365922,0.11676784515,0,0.0104936765173,0.077196239658,0.446798117449,1.09429400028e-07,0.0291708103,0.134283021922,0.0998289281938,0.125252110503,0.259791294673,0.000742778041792,0.0475705186989,0.0411176361852,0.110946145278,0.900133642166,intermediate_shell,carbon_oxygen_layer,o16,valid,no
A2_20M,20M_pre_supernova_single_profile,20M,19.98,single,128net,intermediate_shell,4,1.2,0.2,0.00912493610196,0.06712716492,0.38852010213,9.5156000024e-08,0.025365922,0.11676784515,0,0.0109499233224,0.080552597904,0.466224122556,1.14187200029e-07,0.0304391064,0.14012141418,0.133105237592,0.167002814004,0.346388392897,0.000990370722389,0.0634273582653,0.0548235149136,0.147928193704,0.871134628006,intermediate_shell,carbon_oxygen_layer,o16,valid,no
A2_20M,20M_pre_supernova_single_profile,20M,19.98,single,128net,intermediate_shell,4,1.25,0.25,0.00912493610196,0.06712716492,0.38852010213,9.5156000024e-08,0.025365922,0.11676784515,0,0.0114061701274,0.08390895615,0.485650127662,1.1894500003e-07,0.0317074025,0.145959806438,0.16638154699,0.208753517506,0.432985491121,0.00123796340299,0.0792841978316,0.0685293936421,0.184910242131,0.843945781245,intermediate_shell,carbon_oxygen_layer,o16,valid,no
A2_20M,20M_pre_supernova_single_profile,20M,19.98,single,128net,intermediate_shell,4,1.3,0.3,0.00912493610196,0.06712716492,0.38852010213,9.5156000024e-08,0.025365922,0.11676784515,0,0.0118624169325,0.087265314396,0.505076132769,1.23702800031e-07,0.0329756986,0.151798198695,0.199657856388,0.250504221007,0.519582589345,0.00148555608358,0.0951410373979,0.0822352723705,0.221892290557,0.818402741165,intermediate_shell,carbon_oxygen_layer,o16,valid,no
A2_20M,20M_pre_supernova_single_profile,20M,19.98,single,128net,intermediate_shell,4,1.35,0.35,0.00912493610196,0.06712716492,0.38852010213,9.5156000024e-08,0.025365922,0.11676784515,0,0.0123186637376,0.090621672642,0.524502137876,1.28460600032e-07,0.0342439947,0.157636590952,0.232934165786,0.292254924508,0.606179687569,0.00173314876418,0.110997876964,0.0959411510989,0.258874338983,0.794360460797,intermediate_shell,carbon_oxygen_layer,o16,valid,no
A2_20M,20M_pre_supernova_single_profile,20M,19.98,single,128net,intermediate_shell,4,1.4,0.4,0.00912493610196,0.06712716492,0.38852010213,9.5156000024e-08,0.025365922,0.11676784515,0,0.0127749105427,0.093978030888,0.543928142982,1.33218400034e-07,0.0355122908,0.16347498321,0.266210475183,0.334005628009,0.692776785794,0.00198074144478,0.126854716531,0.109647029827,0.295856387409,0.771690450976,intermediate_shell,carbon_oxygen_layer,o16,valid,no
A2_20M,20M_pre_supernova_single_profile,20M,19.98,single,128net,intermediate_shell,4,1.45,0.45,0.00912493610196,0.06712716492,0.38852010213,9.5156000024e-08,0.025365922,0.11676784515,0,0.0132311573478,0.097334389134,0.563354148089,1.37976200035e-07,0.0367805869,0.169313375467,0.299486784581,0.37575633151,0.779373884018,0.00222833412538,0.142711556097,0.123352908556,0.332838435835,0.750278483208,intermediate_shell,carbon_oxygen_layer,o16,valid,no
A2_20M,20M_pre_supernova_single_profile,20M,19.98,single,128net,intermediate_shell,4,1.5,0.5,0.00912493610196,0.06712716492,0.38852010213,9.5156000024e-08,0.025365922,0.11676784515,0,0.0136874041529,0.10069074738,0.582780153195,1.42734000036e-07,0.038048883,0.175151767725,0.332763093979,0.417507035011,0.865970982242,0.00247592680597,0.158568395663,0.137058787284,0.369820484261,0.730022664641,intermediate_shell,carbon_oxygen_layer,o16,valid,no
A2_20M,20M_pre_supernova_single_profile,20M,19.98,single,128net,intermediate_shell,4,0.5,0.5,0.00257717951204,1.66104499986e-05,0.0226459683,4.28900004401e-09,0.0152190423,0.42609638963,0,0.00128858975602,8.3052249993e-06,0.01132298415,2.14450002201e-09,0.00760952115,0.213048194815,0.0939831488773,0.000103311077377,0.0504755128629,0.000111598324615,0.0951378436408,0.50013986602,0.0931560627222,0.914782467116,intermediate_shell,carbon_oxygen_layer,o16,valid,no
A2_20M,20M_pre_supernova_single_profile,20M,19.98,single,128net,intermediate_shell,4,0.55,0.45,0.00257717951204,1.66104499986e-05,0.0226459683,4.28900004401e-09,0.0152190423,0.42609638963,0,0.00141744873162,9.13574749923e-06,0.012455282565,2.35895002421e-09,0.008370473265,0.234353014297,0.0845848339896,9.29799696389e-05,0.0454279615766,0.000100438492154,0.0856240592767,0.450125879418,0.08384045645,0.922645020352,intermediate_shell,carbon_oxygen_layer,o16,valid,no
A2_20M,20M_pre_supernova_single_profile,20M,19.98,single,128net,intermediate_shell,4,0.6,0.4,0.00257717951204,1.66104499986e-05,0.0226459683,4.28900004401e-09,0.0152190423,0.42609638963,0,0.00154630770722,9.96626999916e-06,0.01358758098,2.57340002641e-09,0.00913142538,0.255657833778,0.0751865191019,8.26488619012e-05,0.0403804102904,8.92786596923e-05,0.0761102749126,0.400111892816,0.0745248501778,0.930643902591,intermediate_shell,carbon_oxygen_layer,o16,valid,no
A2_20M,20M_pre_supernova_single_profile,20M,19.98,single,128net,intermediate_shell,4,0.65,0.35,0.00257717951204,1.66104499986e-05,0.0226459683,4.28900004401e-09,0.0152190423,0.42609638963,0,0.00167516668283,1.07967924991e-05,0.014719879395,2.78785002861e-09,0.009892377495,0.27696265326,0.0657882042141,7.23177541636e-05,0.0353328590041,7.81188272308e-05,0.0665964905485,0.350097906214,0.0652092439055,0.938782690557,intermediate_shell,carbon_oxygen_layer,o16,valid,no
A2_20M,20M_pre_supernova_single_profile,20M,19.98,single,128net,intermediate_shell,4,0.7,0.3,0.00257717951204,1.66104499986e-05,0.0226459683,4.28900004401e-09,0.0152190423,0.42609638963,0,0.00180402565843,1.1627314999e-05,0.01585217781,3.00230003081e-09,0.01065332961,0.298267472741,0.0563898893264,6.19866464259e-05,0.0302853077178,6.69589947693e-05,0.0570827061845,0.300083919612,0.0558936376333,0.947065087201,intermediate_shell,carbon_oxygen_layer,o16,valid,no
A2_20M,20M_pre_supernova_single_profile,20M,19.98,single,128net,intermediate_shell,4,0.75,0.25,0.00257717951204,1.66104499986e-05,0.0226459683,4.28900004401e-09,0.0152190423,0.42609638963,0,0.00193288463403,1.24578374989e-05,0.016984476225,3.21675003301e-09,0.011414281725,0.319572292222,0.0469915744387,5.16555386883e-05,0.0252377564315,5.57991623077e-05,0.0475689218204,0.25006993301,0.0465780313611,0.95549492731,intermediate_shell,carbon_oxygen_layer,o16,valid,no
A2_20M,20M_pre_supernova_single_profile,20M,19.98,single,128net,intermediate_shell,4,0.8,0.2,0.00257717951204,1.66104499986e-05,0.0226459683,4.28900004401e-09,0.0152190423,0.42609638963,0,0.00206174360963,1.32883599989e-05,0.01811677464,3.43120003521e-09,0.01217523384,0.340877111704,0.0375932595509,4.13244309506e-05,0.0201902051452,4.46393298462e-05,0.0380551374563,0.200055946408,0.0372624250889,0.964076183435,intermediate_shell,carbon_oxygen_layer,o16,valid,no
A2_20M,20M_pre_supernova_single_profile,20M,19.98,single,128net,intermediate_shell,4,0.85,0.15,0.00257717951204,1.66104499986e-05,0.0226459683,4.28900004401e-09,0.0152190423,0.42609638963,0,0.00219060258523,1.41188824988e-05,0.019249073055,3.64565003741e-09,0.012936185955,0.362181931186,0.0281949446632,3.0993323213e-05,0.0151426538589,3.34794973846e-05,0.0285413530922,0.150041959806,0.0279468188167,0.972812972126,intermediate_shell,carbon_oxygen_layer,o16,valid,no
A2_20M,20M_pre_supernova_single_profile,20M,19.98,single,128net,intermediate_shell,4,0.9,0.1,0.00257717951204,1.66104499986e-05,0.0226459683,4.28900004401e-09,0.0152190423,0.42609638963,0,0.00231946156084,1.49494049987e-05,0.02038137147,3.86010003961e-09,0.01369713807,0.383486750667,0.0187966297755,2.06622154753e-05,0.0100951025726,2.23196649231e-05,0.0190275687282,0.100027973204,0.0186312125444,0.981709560521,intermediate_shell,carbon_oxygen_layer,o16,valid,no
A2_20M,20M_pre_supernova_single_profile,20M,19.98,single,128net,intermediate_shell,4,0.95,0.05,0.00257717951204,1.66104499986e-05,0.0226459683,4.28900004401e-09,0.0152190423,0.42609638963,0,0.00244832053644,1.57799274987e-05,0.021513669885,4.07455004181e-09,0.014458090185,0.404791570148,0.00939831488773,1.03311077377e-05,0.00504755128629,1.11598324615e-05,0.00951378436408,0.050013986602,0.00931560627222,0.990770373296,intermediate_shell,carbon_oxygen_layer,o16,valid,no
A2_20M,20M_pre_supernova_single_profile,20M,19.98,single,128net,intermediate_shell,4,1,0,0.00257717951204,1.66104499986e-05,0.0226459683,4.28900004401e-09,0.0152190423,0.42609638963,0,0.00257717951204,1.66104499986e-05,0.0226459683,4.28900004401e-09,0.0152190423,0.42609638963,0,0,0,0,0,0,0,1,intermediate_shell,carbon_oxygen_layer,o16,valid,no
A2_20M,20M_pre_supernova_single_profile,20M,19.98,single,128net,intermediate_shell,4,1.05,0.05,0.00257717951204,1.66104499986e-05,0.0226459683,4.28900004401e-09,0.0152190423,0.42609638963,0,0.00270603848764,1.74409724985e-05,0.023778266715,4.50345004621e-09,0.015979994415,0.447401209112,0.00939831488773,1.03311077377e-05,0.00504755128629,1.11598324615e-05,0.00951378436408,0.050013986602,0.00931560627222,0.990770373296,intermediate_shell,carbon_oxygen_layer,o16,valid,no
A2_20M,20M_pre_supernova_single_profile,20M,19.98,single,128net,intermediate_shell,4,1.1,0.1,0.00257717951204,1.66104499986e-05,0.0226459683,4.28900004401e-09,0.0152190423,0.42609638963,0,0.00283489746324,1.82714949985e-05,0.02491056513,4.71790004841e-09,0.01674094653,0.468706028593,0.0187966297755,2.06622154753e-05,0.0100951025726,2.23196649231e-05,0.0190275687282,0.100027973204,0.0186312125444,0.981709560521,intermediate_shell,carbon_oxygen_layer,o16,valid,no
A2_20M,20M_pre_supernova_single_profile,20M,19.98,single,128net,intermediate_shell,4,1.15,0.15,0.00257717951204,1.66104499986e-05,0.0226459683,4.28900004401e-09,0.0152190423,0.42609638963,0,0.00296375643885,1.91020174984e-05,0.026042863545,4.93235005061e-09,0.017501898645,0.490010848074,0.0281949446632,3.0993323213e-05,0.0151426538589,3.34794973846e-05,0.0285413530922,0.150041959806,0.0279468188167,0.972812972126,intermediate_shell,carbon_oxygen_layer,o16,valid,no
A2_20M,20M_pre_supernova_single_profile,20M,19.98,single,128net,intermediate_shell,4,1.2,0.2,0.00257717951204,1.66104499986e-05,0.0226459683,4.28900004401e-09,0.0152190423,0.42609638963,0,0.00309261541445,1.99325399983e-05,0.02717516196,5.14680005281e-09,0.01826285076,0.511315667556,0.0375932595509,4.13244309506e-05,0.0201902051452,4.46393298462e-05,0.0380551374563,0.200055946408,0.0372624250889,0.964076183435,intermediate_shell,carbon_oxygen_layer,o16,valid,no
A2_20M,20M_pre_supernova_single_profile,20M,19.98,single,128net,intermediate_shell,4,1.25,0.25,0.00257717951204,1.66104499986e-05,0.0226459683,4.28900004401e-09,0.0152190423,0.42609638963,0,0.00322147439005,2.07630624983e-05,0.028307460375,5.36125005501e-09,0.019023802875,0.532620487037,0.0469915744387,5.16555386883e-05,0.0252377564315,5.57991623077e-05,0.0475689218204,0.25006993301,0.0465780313611,0.95549492731,intermediate_shell,carbon_oxygen_layer,o16,valid,no
A2_20M,20M_pre_supernova_single_profile,20M,19.98,single,128net,intermediate_shell,4,1.3,0.3,0.00257717951204,1.66104499986e-05,0.0226459683,4.28900004401e-09,0.0152190423,0.42609638963,0,0.00335033336565,2.15935849982e-05,0.02943975879,5.57570005721e-09,0.01978475499,0.553925306519,0.0563898893264,6.19866464259e-05,0.0302853077178,6.69589947693e-05,0.0570827061845,0.300083919612,0.0558936376333,0.947065087201,intermediate_shell,carbon_oxygen_layer,o16,valid,no
A2_20M,20M_pre_supernova_single_profile,20M,19.98,single,128net,intermediate_shell,4,1.35,0.35,0.00257717951204,1.66104499986e-05,0.0226459683,4.28900004401e-09,0.0152190423,0.42609638963,0,0.00347919234125,2.24241074981e-05,0.030572057205,5.79015005941e-09,0.020545707105,0.575230126001,0.0657882042141,7.23177541636e-05,0.0353328590041,7.81188272308e-05,0.0665964905485,0.350097906214,0.0652092439055,0.938782690557,intermediate_shell,carbon_oxygen_layer,o16,valid,no
A2_20M,20M_pre_supernova_single_profile,20M,19.98,single,128net,intermediate_shell,4,1.4,0.4,0.00257717951204,1.66104499986e-05,0.0226459683,4.28900004401e-09,0.0152190423,0.42609638963,0,0.00360805131686,2.3254629998e-05,0.03170435562,6.00460006161e-09,0.02130665922,0.596534945482,0.0751865191019,8.26488619012e-05,0.0403804102903,8.92786596923e-05,0.0761102749126,0.400111892816,0.0745248501778,0.930643902591,intermediate_shell,carbon_oxygen_layer,o16,valid,no
A2_20M,20M_pre_supernova_single_profile,20M,19.98,single,128net,intermediate_shell,4,1.45,0.45,0.00257717951204,1.66104499986e-05,0.0226459683,4.28900004401e-09,0.0152190423,0.42609638963,0,0.00373691029246,2.4085152498e-05,0.032836654035,6.21905006381e-09,0.022067611335,0.617839764964,0.0845848339896,9.29799696389e-05,0.0454279615766,0.000100438492154,0.0856240592767,0.450125879418,0.08384045645,0.922645020352,intermediate_shell,carbon_oxygen_layer,o16,valid,no
A2_20M,20M_pre_supernova_single_profile,20M,19.98,single,128net,intermediate_shell,4,1.5,0.5,0.00257717951204,1.66104499986e-05,0.0226459683,4.28900004401e-09,0.0152190423,0.42609638963,0,0.00386576926806,2.49156749979e-05,0.03396895245,6.43350006602e-09,0.02282856345,0.639144584445,0.0939831488773,0.000103311077377,0.0504755128629,0.000111598324615,0.0951378436408,0.50013986602,0.0931560627222,0.914782467116,intermediate_shell,carbon_oxygen_layer,o16,valid,no
A2_20M,20M_pre_supernova_single_profile,20M,19.98,single,128net,intermediate_shell,4,0.5,0.5,0.00219018050936,0.000259924450001,0.01328150834,3.91999999128e-09,0.0122991878,0.381647927,0,0.00109509025468,0.000129962225,0.00664075417,1.95999999564e-09,0.0061495939,0.1908239635,0.0798702845175,0.00161663741611,0.0296031035712,0.000101997068555,0.0768851405206,0.447967520313,0.0787120849705,0.9270314238,intermediate_shell,carbon_oxygen_layer,o16,valid,no
A2_20M,20M_pre_supernova_single_profile,20M,19.98,single,128net,intermediate_shell,4,0.55,0.45,0.00219018050936,0.000259924450001,0.01328150834,3.91999999128e-09,0.0122991878,0.381647927,0,0.00120459928015,0.000142958447501,0.007304829587,2.1559999952e-09,0.00676455329,0.20990635985,0.0718832560658,0.0014549736745,0.0266427932141,9.17973616991e-05,0.0691966264686,0.403170768281,0.0708408764734,0.933845561904,intermediate_shell,carbon_oxygen_layer,o16,valid,no
A2_20M,20M_pre_supernova_single_profile,20M,19.98,single,128net,intermediate_shell,4,0.6,0.4,0.00219018050936,0.000259924450001,0.01328150834,3.91999999128e-09,0.0122991878,0.381647927,0,0.00131410830562,0.000155954670001,0.007968905004,2.35199999477e-09,0.00737951268,0.2289887562,0.063896227614,0.00129330993288,0.023682482857,8.15976548436e-05,0.0615081124165,0.35837401625,0.0629696679764,0.940760616344,intermediate_shell,carbon_oxygen_layer,o16,valid,no
A2_20M,20M_pre_supernova_single_profile,20M,19.98,single,128net,intermediate_shell,4,0.65,0.35,0.00219018050936,0.000259924450001,0.01328150834,3.91999999128e-09,0.0122991878,0.381647927,0,0.00142361733108,0.000168950892501,0.008632980421,2.54799999433e-09,0.00799447207,0.24807115255,0.0559091991623,0.00113164619127,0.0207221724998,7.13979479882e-05,0.0538195983644,0.313577264219,0.0550984594793,0.947778845676,intermediate_shell,carbon_oxygen_layer,o16,valid,no
A2_20M,20M_pre_supernova_single_profile,20M,19.98,single,128net,intermediate_shell,4,0.7,0.3,0.00219018050936,0.000259924450001,0.01328150834,3.91999999128e-09,0.0122991878,0.381647927,0,0.00153312635655,0.000181947115001,0.009297055838,2.7439999939e-09,0.00860943146,0.2671535489,0.0479221707105,0.000969982449664,0.0177618621427,6.11982411327e-05,0.0461310843124,0.268780512188,0.0472272509823,0.954902576363,intermediate_shell,carbon_oxygen_layer,o16,valid,no
A2_20M,20M_pre_supernova_single_profile,20M,19.98,single,128net,intermediate_shell,4,0.75,0.25,0.00219018050936,0.000259924450001,0.01328150834,3.91999999128e-09,0.0122991878,0.381647927,0,0.00164263538202,0.000194943337501,0.009961131255,2.93999999346e-09,0.00922439085,0.28623594525,0.0399351422588,0.000808318708053,0.0148015517856,5.09985342773e-05,0.0384425702603,0.223983760156,0.0393560424852,0.962134205338,intermediate_shell,carbon_oxygen_layer,o16,valid,no
A2_20M,20M_pre_supernova_single_profile,20M,19.98,single,128net,intermediate_shell,4,0.8,0.2,0.00219018050936,0.000259924450001,0.01328150834,3.91999999128e-09,0.0122991878,0.381647927,0,0.00175214440749,0.000207939560001,0.010625206672,3.13599999302e-09,0.00983935024,0.3053183416,0.031948113807,0.000646654966442,0.0118412414285,4.07988274218e-05,0.0307540562083,0.179187008125,0.0314848339882,0.969476202702,intermediate_shell,carbon_oxygen_layer,o16,valid,no
A2_20M,20M_pre_supernova_single_profile,20M,19.98,single,128net,intermediate_shell,4,0.85,0.15,0.00219018050936,0.000259924450001,0.01328150834,3.91999999128e-09,0.0122991878,0.381647927,0,0.00186165343296,0.000220935782501,0.011289282089,3.33199999259e-09,0.01045430963,0.32440073795,0.0239610853553,0.000484991224832,0.00888093107136,3.05991205664e-05,0.0230655421562,0.134390256094,0.0236136254911,0.976931114531,intermediate_shell,carbon_oxygen_layer,o16,valid,no
A2_20M,20M_pre_supernova_single_profile,20M,19.98,single,128net,intermediate_shell,4,0.9,0.1,0.00219018050936,0.000259924450001,0.01328150834,3.91999999128e-09,0.0122991878,0.381647927,0,0.00197116245842,0.000233932005001,0.011953357506,3.52799999215e-09,0.01106926902,0.3434831343,0.0159740569035,0.000323327483221,0.00592062071424,2.03994137109e-05,0.0153770281041,0.0895935040626,0.0157424169941,0.98450156582,intermediate_shell,carbon_oxygen_layer,o16,valid,no
A2_20M,20M_pre_supernova_single_profile,20M,19.98,single,128net,intermediate_shell,4,0.95,0.05,0.00219018050936,0.000259924450001,0.01328150834,3.91999999128e-09,0.0122991878,0.381647927,0,0.00208067148389,0.000246928227501,0.012617432923,3.72399999172e-09,0.01168422841,0.36256553065,0.00798702845175,0.000161663741611,0.00296031035712,1.01997068555e-05,0.00768851405206,0.0447967520313,0.00787120849705,0.992190263567,intermediate_shell,carbon_oxygen_layer,o16,valid,no
A2_20M,20M_pre_supernova_single_profile,20M,19.98,single,128net,intermediate_shell,4,1,0,0.00219018050936,0.000259924450001,0.01328150834,3.91999999128e-09,0.0122991878,0.381647927,0,0.00219018050936,0.000259924450001,0.01328150834,3.91999999128e-09,0.0122991878,0.381647927,0,0,0,0,0,0,0,1,intermediate_shell,carbon_oxygen_layer,o16,valid,no
A2_20M,20M_pre_supernova_single_profile,20M,19.98,single,128net,intermediate_shell,4,1.05,0.05,0.00219018050936,0.000259924450001,0.01328150834,3.91999999128e-09,0.0122991878,0.381647927,0,0.00229968953483,0.000272920672501,0.013945583757,4.11599999084e-09,0.01291414719,0.40073032335,0.00798702845175,0.000161663741611,0.00296031035712,1.01997068555e-05,0.00768851405206,0.0447967520313,0.00787120849705,0.992190263567,intermediate_shell,carbon_oxygen_layer,o16,valid,no
A2_20M,20M_pre_supernova_single_profile,20M,19.98,single,128net,intermediate_shell,4,1.1,0.1,0.00219018050936,0.000259924450001,0.01328150834,3.91999999128e-09,0.0122991878,0.381647927,0,0.0024091985603,0.000285916895001,0.014609659174,4.31199999041e-09,0.01352910658,0.4198127197,0.0159740569035,0.000323327483221,0.00592062071424,2.03994137109e-05,0.0153770281041,0.0895935040626,0.0157424169941,0.98450156582,intermediate_shell,carbon_oxygen_layer,o16,valid,no
A2_20M,20M_pre_supernova_single_profile,20M,19.98,single,128net,intermediate_shell,4,1.15,0.15,0.00219018050936,0.000259924450001,0.01328150834,3.91999999128e-09,0.0122991878,0.381647927,0,0.00251870758576,0.000298913117501,0.015273734591,4.50799998997e-09,0.01414406597,0.43889511605,0.0239610853553,0.000484991224832,0.00888093107136,3.05991205664e-05,0.0230655421562,0.134390256094,0.0236136254911,0.976931114531,intermediate_shell,carbon_oxygen_layer,o16,valid,no
A2_20M,20M_pre_supernova_single_profile,20M,19.98,single,128net,intermediate_shell,4,1.2,0.2,0.00219018050936,0.000259924450001,0.01328150834,3.91999999128e-09,0.0122991878,0.381647927,0,0.00262821661123,0.000311909340001,0.015937810008,4.70399998954e-09,0.01475902536,0.4579775124,0.031948113807,0.000646654966442,0.0118412414285,4.07988274218e-05,0.0307540562083,0.179187008125,0.0314848339882,0.969476202702,intermediate_shell,carbon_oxygen_layer,o16,valid,no
A2_20M,20M_pre_supernova_single_profile,20M,19.98,single,128net,intermediate_shell,4,1.25,0.25,0.00219018050936,0.000259924450001,0.01328150834,3.91999999128e-09,0.0122991878,0.381647927,0,0.0027377256367,0.000324905562501,0.016601885425,4.8999999891e-09,0.01537398475,0.47705990875,0.0399351422588,0.000808318708053,0.0148015517856,5.09985342773e-05,0.0384425702603,0.223983760156,0.0393560424852,0.962134205338,intermediate_shell,carbon_oxygen_layer,o16,valid,no
A2_20M,20M_pre_supernova_single_profile,20M,19.98,single,128net,intermediate_shell,4,1.3,0.3,0.00219018050936,0.000259924450001,0.01328150834,3.91999999128e-09,0.0122991878,0.381647927,0,0.00284723466217,0.000337901785001,0.017265960842,5.09599998866e-09,0.01598894414,0.4961423051,0.0479221707105,0.000969982449664,0.0177618621427,6.11982411327e-05,0.0461310843124,0.268780512188,0.0472272509823,0.954902576363,intermediate_shell,carbon_oxygen_layer,o16,valid,no
A2_20M,20M_pre_supernova_single_profile,20M,19.98,single,128net,intermediate_shell,4,1.35,0.35,0.00219018050936,0.000259924450001,0.01328150834,3.91999999128e-09,0.0122991878,0.381647927,0,0.00295674368764,0.000350898007501,0.017930036259,5.29199998823e-09,0.01660390353,0.51522470145,0.0559091991623,0.00113164619127,0.0207221724998,7.13979479882e-05,0.0538195983644,0.313577264219,0.0550984594793,0.947778845676,intermediate_shell,carbon_oxygen_layer,o16,valid,no
A2_20M,20M_pre_supernova_single_profile,20M,19.98,single,128net,intermediate_shell,4,1.4,0.4,0.00219018050936,0.000259924450001,0.01328150834,3.91999999128e-09,0.0122991878,0.381647927,0,0.0030662527131,0.000363894230001,0.018594111676,5.48799998779e-09,0.01721886292,0.5343070978,0.063896227614,0.00129330993288,0.023682482857,8.15976548436e-05,0.0615081124165,0.35837401625,0.0629696679764,0.940760616344,intermediate_shell,carbon_oxygen_layer,o16,valid,no
A2_20M,20M_pre_supernova_single_profile,20M,19.98,single,128net,intermediate_shell,4,1.45,0.45,0.00219018050936,0.000259924450001,0.01328150834,3.91999999128e-09,0.0122991878,0.381647927,0,0.00317576173857,0.000376890452501,0.019258187093,5.68399998736e-09,0.01783382231,0.55338949415,0.0718832560658,0.0014549736745,0.0266427932141,9.17973616991e-05,0.0691966264686,0.403170768281,0.0708408764734,0.933845561904,intermediate_shell,carbon_oxygen_layer,o16,valid,no
A2_20M,20M_pre_supernova_single_profile,20M,19.98,single,128net,intermediate_shell,4,1.5,0.5,0.00219018050936,0.000259924450001,0.01328150834,3.91999999128e-09,0.0122991878,0.381647927,0,0.00328527076404,0.000389886675001,0.01992226251,5.87999998692e-09,0.0184487817,0.5724718905,0.0798702845175,0.00161663741611,0.0296031035712,0.000101997068555,0.0768851405206,0.447967520313,0.0787120849705,0.9270314238,intermediate_shell,carbon_oxygen_layer,o16,valid,no
A2_20M,20M_pre_supernova_single_profile,20M,19.98,single,128net,intermediate_shell,4,0.5,0.5,0.00246419057204,8.11101000053e-06,0.01450853946,6.86300000163e-09,0.0144832907,0.42987908353,0,0.00123209528602,4.05550500027e-06,0.00725426973,3.43150000081e-09,0.00724164535,0.214939541765,0.089862731064,5.04475906334e-05,0.0323380285813,0.000178572929391,0.090538485856,0.504579884914,0.0884820010168,0.918710643875,intermediate_shell,carbon_oxygen_layer,c12,valid,no
A2_20M,20M_pre_supernova_single_profile,20M,19.98,single,128net,intermediate_shell,4,0.55,0.45,0.00246419057204,8.11101000053e-06,0.01450853946,6.86300000163e-09,0.0144832907,0.42987908353,0,0.00135530481462,4.46105550029e-06,0.007979696703,3.7746500009e-09,0.007965809885,0.236433495942,0.0808764579576,4.54028315701e-05,0.0291042257231,0.000160715636452,0.0814846372704,0.454121896422,0.0796338009151,0.926239989108,intermediate_shell,carbon_oxygen_layer,c12,valid,no
A2_20M,20M_pre_supernova_single_profile,20M,19.98,single,128net,intermediate_shell,4,0.6,0.4,0.00246419057204,8.11101000053e-06,0.01450853946,6.86300000163e-09,0.0144832907,0.42987908353,0,0.00147851434322,4.86660600032e-06,0.008705123676,4.11780000098e-09,0.00868997442,0.257927450118,0.0718901848512,4.03580725067e-05,0.025870422865,0.000142858343513,0.0724307886848,0.403663907931,0.0707856008134,0.933893768501,intermediate_shell,carbon_oxygen_layer,c12,valid,no
A2_20M,20M_pre_supernova_single_profile,20M,19.98,single,128net,intermediate_shell,4,0.65,0.35,0.00246419057204,8.11101000053e-06,0.01450853946,6.86300000163e-09,0.0144832907,0.42987908353,0,0.00160172387183,5.27215650034e-06,0.009430550649,4.46095000106e-09,0.009414138955,0.279421404295,0.0629039117448,3.53133134434e-05,0.0226366200069,0.000125001050574,0.0633769400992,0.35320591944,0.0619374007117,0.941675092458,intermediate_shell,carbon_oxygen_layer,c12,valid,no
A2_20M,20M_pre_supernova_single_profile,20M,19.98,single,128net,intermediate_shell,4,0.7,0.3,0.00246419057204,8.11101000053e-06,0.01450853946,6.86300000163e-09,0.0144832907,0.42987908353,0,0.00172493340043,5.67770700037e-06,0.010155977622,4.80410000114e-09,0.01013830349,0.300915358471,0.0539176386384,3.02685543801e-05,0.0194028171488,0.000107143757635,0.0543230915136,0.302747930948,0.0530892006101,0.949587175921,intermediate_shell,carbon_oxygen_layer,c12,valid,no
A2_20M,20M_pre_supernova_single_profile,20M,19.98,single,128net,intermediate_shell,4,0.75,0.25,0.00246419057204,8.11101000053e-06,0.01450853946,6.86300000163e-09,0.0144832907,0.42987908353,0,0.00184814292903,6.0832575004e-06,0.010881404595,5.14725000122e-09,0.010862468025,0.322409312648,0.044931365532,2.52237953167e-05,0.0161690142906,8.92864646956e-05,0.045269242928,0.252289942457,0.0442410005084,0.957633342795,intermediate_shell,carbon_oxygen_layer,c12,valid,no
A2_20M,20M_pre_supernova_single_profile,20M,19.98,single,128net,intermediate_shell,4,0.8,0.2,0.00246419057204,8.11101000053e-06,0.01450853946,6.86300000163e-09,0.0144832907,0.42987908353,0,0.00197135245763,6.48880800042e-06,0.011606831568,5.4904000013e-09,0.01158663256,0.343903266824,0.0359450924256,2.01790362534e-05,0.0129352114325,7.14291717565e-05,0.0362153943424,0.201831953966,0.0353928004067,0.965817030606,intermediate_shell,carbon_oxygen_layer,c12,valid,no
A2_20M,20M_pre_supernova_single_profile,20M,19.98,single,128net,intermediate_shell,4,0.85,0.15,0.00246419057204,8.11101000053e-06,0.01450853946,6.86300000163e-09,0.0144832907,0.42987908353,0,0.00209456198623,6.89435850045e-06,0.012332258541,5.83355000139e-09,0.012310797095,0.365397221001,0.0269588193192,1.513427719e-05,0.00970140857438,5.35718788173e-05,0.0271615457568,0.151373965474,0.026544600305,0.974141795401,intermediate_shell,carbon_oxygen_layer,c12,valid,no
A2_20M,20M_pre_supernova_single_profile,20M,19.98,single,128net,intermediate_shell,4,0.9,0.1,0.00246419057204,8.11101000053e-06,0.01450853946,6.86300000163e-09,0.0144832907,0.42987908353,0,0.00221777151484,7.29990900048e-06,0.013057685514,6.17670000147e-09,0.01303496163,0.386891175177,0.0179725462128,1.00895181267e-05,0.00646760571625,3.57145858782e-05,0.0181076971712,0.100915976983,0.0176964002034,0.982611316892,intermediate_shell,carbon_oxygen_layer,c12,valid,no
A2_20M,20M_pre_supernova_single_profile,20M,19.98,single,128net,intermediate_shell,4,0.95,0.05,0.00246419057204,8.11101000053e-06,0.01450853946,6.86300000163e-09,0.0144832907,0.42987908353,0,0.00234098104344,7.7054595005e-06,0.013783112487,6.51985000155e-09,0.013759126165,0.408385129353,0.0089862731064,5.04475906334e-06,0.00323380285813,1.78572929391e-05,0.0090538485856,0.0504579884914,0.00884820010168,0.991229403888,intermediate_shell,carbon_oxygen_layer,c12,valid,no
A2_20M,20M_pre_supernova_single_profile,20M,19.98,single,128net,intermediate_shell,4,1,0,0.00246419057204,8.11101000053e-06,0.01450853946,6.86300000163e-09,0.0144832907,0.42987908353,0,0.00246419057204,8.11101000053e-06,0.01450853946,6.86300000163e-09,0.0144832907,0.42987908353,0,0,0,0,0,0,0,1,intermediate_shell,carbon_oxygen_layer,c12,valid,no
A2_20M,20M_pre_supernova_single_profile,20M,19.98,single,128net,intermediate_shell,4,1.05,0.05,0.00246419057204,8.11101000053e-06,0.01450853946,6.86300000163e-09,0.0144832907,0.42987908353,0,0.00258740010064,8.51656050056e-06,0.015233966433,7.20615000171e-09,0.015207455235,0.451373037707,0.0089862731064,5.04475906334e-06,0.00323380285813,1.78572929391e-05,0.0090538485856,0.0504579884914,0.00884820010168,0.991229403888,intermediate_shell,carbon_oxygen_layer,c12,valid,no
A2_20M,20M_pre_supernova_single_profile,20M,19.98,single,128net,intermediate_shell,4,1.1,0.1,0.00246419057204,8.11101000053e-06,0.01450853946,6.86300000163e-09,0.0144832907,0.42987908353,0,0.00271060962924,8.92211100058e-06,0.015959393406,7.54930000179e-09,0.01593161977,0.472866991883,0.0179725462128,1.00895181267e-05,0.00646760571625,3.57145858782e-05,0.0181076971712,0.100915976983,0.0176964002034,0.982611316892,intermediate_shell,carbon_oxygen_layer,c12,valid,no
A2_20M,20M_pre_supernova_single_profile,20M,19.98,single,128net,intermediate_shell,4,1.15,0.15,0.00246419057204,8.11101000053e-06,0.01450853946,6.86300000163e-09,0.0144832907,0.42987908353,0,0.00283381915785,9.32766150061e-06,0.016684820379,7.89245000187e-09,0.016655784305,0.494360946059,0.0269588193192,1.513427719e-05,0.00970140857438,5.35718788173e-05,0.0271615457568,0.151373965474,0.026544600305,0.974141795401,intermediate_shell,carbon_oxygen_layer,c12,valid,no
A2_20M,20M_pre_supernova_single_profile,20M,19.98,single,128net,intermediate_shell,4,1.2,0.2,0.00246419057204,8.11101000053e-06,0.01450853946,6.86300000163e-09,0.0144832907,0.42987908353,0,0.00295702868645,9.73321200064e-06,0.017410247352,8.23560000196e-09,0.01737994884,0.515854900236,0.0359450924256,2.01790362534e-05,0.0129352114325,7.14291717565e-05,0.0362153943424,0.201831953966,0.0353928004067,0.965817030606,intermediate_shell,carbon_oxygen_layer,c12,valid,no
A2_20M,20M_pre_supernova_single_profile,20M,19.98,single,128net,intermediate_shell,4,1.25,0.25,0.00246419057204,8.11101000053e-06,0.01450853946,6.86300000163e-09,0.0144832907,0.42987908353,0,0.00308023821505,1.01387625007e-05,0.018135674325,8.57875000204e-09,0.018104113375,0.537348854413,0.044931365532,2.52237953167e-05,0.0161690142906,8.92864646956e-05,0.045269242928,0.252289942457,0.0442410005084,0.957633342795,intermediate_shell,carbon_oxygen_layer,c12,valid,no
A2_20M,20M_pre_supernova_single_profile,20M,19.98,single,128net,intermediate_shell,4,1.3,0.3,0.00246419057204,8.11101000053e-06,0.01450853946,6.86300000163e-09,0.0144832907,0.42987908353,0,0.00320344774365,1.05443130007e-05,0.018861101298,8.92190000212e-09,0.01882827791,0.558842808589,0.0539176386384,3.02685543801e-05,0.0194028171488,0.000107143757635,0.0543230915136,0.302747930948,0.0530892006101,0.949587175921,intermediate_shell,carbon_oxygen_layer,c12,valid,no
A2_20M,20M_pre_supernova_single_profile,20M,19.98,single,128net,intermediate_shell,4,1.35,0.35,0.00246419057204,8.11101000053e-06,0.01450853946,6.86300000163e-09,0.0144832907,0.42987908353,0,0.00332665727225,1.09498635007e-05,0.019586528271,9.2650500022e-09,0.019552442445,0.580336762766,0.0629039117448,3.53133134434e-05,0.0226366200069,0.000125001050574,0.0633769400992,0.35320591944,0.0619374007117,0.941675092458,intermediate_shell,carbon_oxygen_layer,c12,valid,no
A2_20M,20M_pre_supernova_single_profile,20M,19.98,single,128net,intermediate_shell,4,1.4,0.4,0.00246419057204,8.11101000053e-06,0.01450853946,6.86300000163e-09,0.0144832907,0.42987908353,0,0.00344986680086,1.13554140007e-05,0.020311955244,9.60820000228e-09,0.02027660698,0.601830716942,0.0718901848512,4.03580725067e-05,0.025870422865,0.000142858343513,0.0724307886848,0.403663907931,0.0707856008134,0.933893768501,intermediate_shell,carbon_oxygen_layer,c12,valid,no
A2_20M,20M_pre_supernova_single_profile,20M,19.98,single,128net,intermediate_shell,4,1.45,0.45,0.00246419057204,8.11101000053e-06,0.01450853946,6.86300000163e-09,0.0144832907,0.42987908353,0,0.00357307632946,1.17609645008e-05,0.021037382217,9.95135000236e-09,0.021000771515,0.623324671119,0.0808764579576,4.54028315701e-05,0.0291042257231,0.000160715636452,0.0814846372704,0.454121896422,0.0796338009151,0.926239989108,intermediate_shell,carbon_oxygen_layer,c12,valid,no
A2_20M,20M_pre_supernova_single_profile,20M,19.98,single,128net,intermediate_shell,4,1.5,0.5,0.00246419057204,8.11101000053e-06,0.01450853946,6.86300000163e-09,0.0144832907,0.42987908353,0,0.00369628585806,1.21665150008e-05,0.02176280919,1.02945000024e-08,0.02172493605,0.644818625295,0.089862731064,5.04475906334e-05,0.0323380285813,0.000178572929391,0.090538485856,0.504579884914,0.0884820010168,0.918710643875,intermediate_shell,carbon_oxygen_layer,c12,valid,no
A2_20M,20M_pre_supernova_single_profile,20M,19.98,single,128net,intermediate_shell,4,0.5,0.5,0.00336663350827,0.00088182829,0.04490156129,1.2364000046e-08,0.0318198897,0.43977847591,0,0.00168331675413,0.000440914145,0.022450780645,6.182000023e-09,0.01590994485,0.219889237955,0.122772518074,0.00548465759258,0.100080919678,0.000321707082425,0.19891367875,0.516199511128,0.123365820023,0.890181971158,intermediate_shell,carbon_oxygen_layer,c12,valid,no
A2_20M,20M_pre_supernova_single_profile,20M,19.98,single,128net,intermediate_shell,4,0.55,0.45,0.00336663350827,0.00088182829,0.04490156129,1.2364000046e-08,0.0318198897,0.43977847591,0,0.00185164842955,0.0004850055595,0.0246958587095,6.8002000253e-09,0.017500939335,0.241878161751,0.110495266267,0.00493619183332,0.0900728277101,0.000289536374182,0.179022310875,0.464579560015,0.111029238021,0.90006632209,intermediate_shell,carbon_oxygen_layer,c12,valid,no
A2_20M,20M_pre_supernova_single_profile,20M,19.98,single,128net,intermediate_shell,4,0.6,0.4,0.00336663350827,0.00088182829,0.04490156129,1.2364000046e-08,0.0318198897,0.43977847591,0,0.00201998010496,0.000529096974,0.026940936774,7.4184000276e-09,0.01909193382,0.263867085546,0.0982180144596,0.00438772607406,0.0800647357423,0.00025736566594,0.159130943,0.412959608902,0.0986926560183,0.910172644299,intermediate_shell,carbon_oxygen_layer,c12,valid,no
A2_20M,20M_pre_supernova_single_profile,20M,19.98,single,128net,intermediate_shell,4,0.65,0.35,0.00336663350827,0.00088182829,0.04490156129,1.2364000046e-08,0.0318198897,0.43977847591,0,0.00218831178038,0.0005731883885,0.0291860148385,8.0366000299e-09,0.020682928305,0.285856009342,0.0859407626521,0.00383926031481,0.0700566437745,0.000225194957697,0.139239575125,0.361339657789,0.086356074016,0.920508499854,intermediate_shell,carbon_oxygen_layer,c12,valid,no
A2_20M,20M_pre_supernova_single_profile,20M,19.98,single,128net,intermediate_shell,4,0.7,0.3,0.00336663350827,0.00088182829,0.04490156129,1.2364000046e-08,0.0318198897,0.43977847591,0,0.00235664345579,0.000617279803,0.031431092903,8.6548000322e-09,0.02227392279,0.307844933137,0.0736635108447,0.00329079455555,0.0600485518067,0.000193024249455,0.11934820725,0.309719706677,0.0740194920137,0.931081798269,intermediate_shell,carbon_oxygen_layer,c12,valid,no
A2_20M,20M_pre_supernova_single_profile,20M,19.98,single,128net,intermediate_shell,4,0.75,0.25,0.00336663350827,0.00088182829,0.04490156129,1.2364000046e-08,0.0318198897,0.43977847591,0,0.0025249751312,0.0006613712175,0.0336761709675,9.2730000345e-09,0.023864917275,0.329833856933,0.0613862590372,0.00274232879629,0.0500404598389,0.000160853541212,0.099456839375,0.258099755564,0.0616829100114,0.941900816685,intermediate_shell,carbon_oxygen_layer,c12,valid,no
A2_20M,20M_pre_supernova_single_profile,20M,19.98,single,128net,intermediate_shell,4,0.8,0.2,0.00336663350827,0.00088182829,0.04490156129,1.2364000046e-08,0.0318198897,0.43977847591,0,0.00269330680662,0.000705462632,0.035921249032,9.8912000368e-09,0.02545591176,0.351822780728,0.0491090072298,0.00219386303703,0.0400323678711,0.00012868283297,0.0795654715,0.206479804451,0.0493463280091,0.952974221482,intermediate_shell,carbon_oxygen_layer,c12,valid,no
A2_20M,20M_pre_supernova_single_profile,20M,19.98,single,128net,intermediate_shell,4,0.85,0.15,0.00336663350827,0.00088182829,0.04490156129,1.2364000046e-08,0.0318198897,0.43977847591,0,0.00286163848203,0.0007495540465,0.0381663270965,1.05094000391e-08,0.027046906245,0.373811704524,0.0368317554223,0.00164539727777,0.0300242759034,9.65121247275e-05,0.059674103625,0.154859853338,0.0370097460069,0.964311091434,intermediate_shell,carbon_oxygen_layer,c12,valid,no
A2_20M,20M_pre_supernova_single_profile,20M,19.98,single,128net,intermediate_shell,4,0.9,0.1,0.00336663350827,0.00088182829,0.04490156129,1.2364000046e-08,0.0318198897,0.43977847591,0,0.00302997015744,0.000793645461,0.040411405161,1.11276000414e-08,0.02863790073,0.395800628319,0.0245545036149,0.00109693151852,0.0200161839356,6.4341416485e-05,0.03978273575,0.103239902226,0.0246731640046,0.975920942529,intermediate_shell,carbon_oxygen_layer,c12,valid,no
A2_20M,20M_pre_supernova_single_profile,20M,19.98,single,128net,intermediate_shell,4,0.95,0.05,0.00336663350827,0.00088182829,0.04490156129,1.2364000046e-08,0.0318198897,0.43977847591,0,0.00319830183286,0.0008377368755,0.0426564832255,1.17458000437e-08,0.030228895215,0.417789552114,0.0122772518074,0.000548465759258,0.0100080919678,3.21707082425e-05,0.019891367875,0.0516199511128,0.0123365820023,0.987813754613,intermediate_shell,carbon_oxygen_layer,c12,valid,no
A2_20M,20M_pre_supernova_single_profile,20M,19.98,single,128net,intermediate_shell,4,1,0,0.00336663350827,0.00088182829,0.04490156129,1.2364000046e-08,0.0318198897,0.43977847591,0,0.00336663350827,0.00088182829,0.04490156129,1.2364000046e-08,0.0318198897,0.43977847591,0,0,0,0,0,0,0,1,intermediate_shell,carbon_oxygen_layer,c12,valid,no
A2_20M,20M_pre_supernova_single_profile,20M,19.98,single,128net,intermediate_shell,4,1.05,0.05,0.00336663350827,0.00088182829,0.04490156129,1.2364000046e-08,0.0318198897,0.43977847591,0,0.00353496518368,0.0009259197045,0.0471466393545,1.29822000483e-08,0.033410884185,0.461767399706,0.0122772518074,0.000548465759258,0.0100080919678,3.21707082425e-05,0.019891367875,0.0516199511128,0.0123365820023,0.987813754613,intermediate_shell,carbon_oxygen_layer,c12,valid,no
A2_20M,20M_pre_supernova_single_profile,20M,19.98,single,128net,intermediate_shell,4,1.1,0.1,0.00336663350827,0.00088182829,0.04490156129,1.2364000046e-08,0.0318198897,0.43977847591,0,0.0037032968591,0.000970011119,0.049391717419,1.36004000506e-08,0.03500187867,0.483756323501,0.0245545036149,0.00109693151852,0.0200161839356,6.4341416485e-05,0.03978273575,0.103239902226,0.0246731640046,0.975920942529,intermediate_shell,carbon_oxygen_layer,c12,valid,no
A2_20M,20M_pre_supernova_single_profile,20M,19.98,single,128net,intermediate_shell,4,1.15,0.15,0.00336663350827,0.00088182829,0.04490156129,1.2364000046e-08,0.0318198897,0.43977847591,0,0.00387162853451,0.0010141025335,0.0516367954835,1.42186000529e-08,0.036592873155,0.505745247296,0.0368317554223,0.00164539727777,0.0300242759034,9.65121247275e-05,0.059674103625,0.154859853338,0.0370097460069,0.964311091434,intermediate_shell,carbon_oxygen_layer,c12,valid,no
A2_20M,20M_pre_supernova_single_profile,20M,19.98,single,128net,intermediate_shell,4,1.2,0.2,0.00336663350827,0.00088182829,0.04490156129,1.2364000046e-08,0.0318198897,0.43977847591,0,0.00403996020992,0.001058193948,0.053881873548,1.48368000552e-08,0.03818386764,0.527734171092,0.0491090072298,0.00219386303703,0.0400323678711,0.00012868283297,0.0795654715,0.206479804451,0.0493463280091,0.952974221482,intermediate_shell,carbon_oxygen_layer,c12,valid,no
A2_20M,20M_pre_supernova_single_profile,20M,19.98,single,128net,intermediate_shell,4,1.25,0.25,0.00336663350827,0.00088182829,0.04490156129,1.2364000046e-08,0.0318198897,0.43977847591,0,0.00420829188534,0.0011022853625,0.0561269516125,1.54550000575e-08,0.039774862125,0.549723094888,0.0613862590372,0.00274232879629,0.0500404598389,0.000160853541212,0.099456839375,0.258099755564,0.0616829100114,0.941900816685,intermediate_shell,carbon_oxygen_layer,c12,valid,no
A2_20M,20M_pre_supernova_single_profile,20M,19.98,single,128net,intermediate_shell,4,1.3,0.3,0.00336663350827,0.00088182829,0.04490156129,1.2364000046e-08,0.0318198897,0.43977847591,0,0.00437662356075,0.001146376777,0.058372029677,1.60732000598e-08,0.04136585661,0.571712018683,0.0736635108447,0.00329079455555,0.0600485518067,0.000193024249455,0.11934820725,0.309719706677,0.0740194920137,0.931081798269,intermediate_shell,carbon_oxygen_layer,c12,valid,no
A2_20M,20M_pre_supernova_single_profile,20M,19.98,single,128net,intermediate_shell,4,1.35,0.35,0.00336663350827,0.00088182829,0.04490156129,1.2364000046e-08,0.0318198897,0.43977847591,0,0.00454495523616,0.0011904681915,0.0606171077415,1.66914000621e-08,0.042956851095,0.593700942479,0.0859407626521,0.00383926031481,0.0700566437745,0.000225194957697,0.139239575125,0.361339657789,0.086356074016,0.920508499854,intermediate_shell,carbon_oxygen_layer,c12,valid,no
A2_20M,20M_pre_supernova_single_profile,20M,19.98,single,128net,intermediate_shell,4,1.4,0.4,0.00336663350827,0.00088182829,0.04490156129,1.2364000046e-08,0.0318198897,0.43977847591,0,0.00471328691158,0.001234559606,0.062862185806,1.73096000644e-08,0.04454784558,0.615689866274,0.0982180144596,0.00438772607406,0.0800647357423,0.00025736566594,0.159130943,0.412959608902,0.0986926560183,0.910172644299,intermediate_shell,carbon_oxygen_layer,c12,valid,no
A2_20M,20M_pre_supernova_single_profile,20M,19.98,single,128net,intermediate_shell,4,1.45,0.45,0.00336663350827,0.00088182829,0.04490156129,1.2364000046e-08,0.0318198897,0.43977847591,0,0.00488161858699,0.0012786510205,0.0651072638705,1.79278000667e-08,0.046138840065,0.63767879007,0.110495266267,0.00493619183332,0.0900728277101,0.000289536374182,0.179022310875,0.464579560015,0.111029238021,0.90006632209,intermediate_shell,carbon_oxygen_layer,c12,valid,no
A2_20M,20M_pre_supernova_single_profile,20M,19.98,single,128net,intermediate_shell,4,1.5,0.5,0.00336663350827,0.00088182829,0.04490156129,1.2364000046e-08,0.0318198897,0.43977847591,0,0.0050499502624,0.001322742435,0.067352341935,1.8546000069e-08,0.04772983455,0.659667713865,0.122772518074,0.00548465759258,0.100080919678,0.000321707082425,0.19891367875,0.516199511128,0.123365820023,0.890181971158,intermediate_shell,carbon_oxygen_layer,c12,valid,no
A2_20M,20M_pre_supernova_single_profile,20M,19.98,single,128net,intermediate_shell,4,0.5,0.5,0.00842573654649,0.00282730016,0.08802562383,1.54335500002e-06,0.0662826767,0.84801298855,1,0.00421286827325,0.00141365008,0.044012811915,7.7167750001e-07,0.03314133835,0.424006494275,0.307265073523,0.0175847990645,0.196199979133,0.0401575729825,0.414348735464,0.995373612166,0.266569094731,0.789534502429,intermediate_shell,helium_rich,he4,valid,no
A2_20M,20M_pre_supernova_single_profile,20M,19.98,single,128net,intermediate_shell,4,0.55,0.45,0.00842573654649,0.00282730016,0.08802562383,1.54335500002e-06,0.0662826767,0.84801298855,1,0.00463415510057,0.001555015088,0.0484140931065,8.48845250011e-07,0.036455472185,0.466407143703,0.276538566171,0.0158263191581,0.176579981219,0.0361418156842,0.372913861918,0.89583625095,0.239912185258,0.806508728513,intermediate_shell,helium_rich,he4,valid,no
A2_20M,20M_pre_supernova_single_profile,20M,19.98,single,128net,intermediate_shell,4,0.6,0.4,0.00842573654649,0.00282730016,0.08802562383,1.54335500002e-06,0.0662826767,0.84801298855,1,0.00505544192789,0.001696380096,0.052815374298,9.26013000012e-07,0.03976960602,0.50880779313,0.245812058819,0.0140678392516,0.156959983306,0.032126058386,0.331478988371,0.796298889733,0.213255275785,0.82422884941,intermediate_shell,helium_rich,he4,valid,no
A2_20M,20M_pre_supernova_single_profile,20M,19.98,single,128net,intermediate_shell,4,0.65,0.35,0.00842573654649,0.00282730016,0.08802562383,1.54335500002e-06,0.0662826767,0.84801298855,1,0.00547672875522,0.001837745104,0.0572166554895,1.00318075001e-06,0.043083739855,0.551208442558,0.215085551466,0.0123093593452,0.137339985393,0.0281103010877,0.290044114825,0.696761528516,0.186598366311,0.842745134656,intermediate_shell,helium_rich,he4,valid,no
A2_20M,20M_pre_supernova_single_profile,20M,19.98,single,128net,intermediate_shell,4,0.7,0.3,0.00842573654649,0.00282730016,0.08802562383,1.54335500002e-06,0.0662826767,0.84801298855,1,0.00589801558254,0.001979110112,0.061617936681,1.08034850001e-06,0.04639787369,0.593609091985,0.184359044114,0.0105508794387,0.11771998748,0.0240945437895,0.248609241278,0.5972241673,0.159941456838,0.862112474819,intermediate_shell,helium_rich,he4,valid,no
A2_20M,20M_pre_supernova_single_profile,20M,19.98,single,128net,intermediate_shell,4,0.75,0.25,0.00842573654649,0.00282730016,0.08802562383,1.54335500002e-06,0.0662826767,0.84801298855,1,0.00631930240987,0.00212047512,0.0660192178725,1.15751625002e-06,0.049712007525,0.636009741412,0.153632536762,0.00879239953225,0.0980999895663,0.0200787864912,0.207174367732,0.497686806083,0.133284547365,0.882390924967,intermediate_shell,helium_rich,he4,valid,no
A2_20M,20M_pre_supernova_single_profile,20M,19.98,single,128net,intermediate_shell,4,0.8,0.2,0.00842573654649,0.00282730016,0.08802562383,1.54335500002e-06,0.0662826767,0.84801298855,1,0.00674058923719,0.002261840128,0.070420499064,1.23468400002e-06,0.05302614136,0.67841039084,0.122906029409,0.0070339196258,0.0784799916531,0.016063029193,0.165739494186,0.398149444867,0.106627637892,0.903646326695,intermediate_shell,helium_rich,he4,valid,no
A2_20M,20M_pre_supernova_single_profile,20M,19.98,single,128net,intermediate_shell,4,0.85,0.15,0.00842573654649,0.00282730016,0.08802562383,1.54335500002e-06,0.0662826767,0.84801298855,1,0.00716187606452,0.002403205136,0.0748217802555,1.31185175002e-06,0.056340275195,0.720811040268,0.092179522057,0.00527543971935,0.0588599937398,0.0120472718947,0.124304620639,0.29861208365,0.0799707284192,0.925951022269,intermediate_shell,helium_rich,he4,valid,no
A2_20M,20M_pre_supernova_single_profile,20M,19.98,single,128net,intermediate_shell,4,0.9,0.1,0.00842573654649,0.00282730016,0.08802562383,1.54335500002e-06,0.0662826767,0.84801298855,1,0.00758316289184,0.002544570144,0.079223061447,1.38901950002e-06,0.05965440903,0.763211689695,0.0614530147047,0.0035169598129,0.0392399958265,0.00803151459649,0.0828697470928,0.199074722433,0.0533138189461,0.949384677209,intermediate_shell,helium_rich,he4,valid,no
A2_20M,20M_pre_supernova_single_profile,20M,19.98,single,128net,intermediate_shell,4,0.95,0.05,0.00842573654649,0.00282730016,0.08802562383,1.54335500002e-06,0.0662826767,0.84801298855,1,0.00800444971917,0.002685935152,0.0836243426385,1.46618725002e-06,0.062968542865,0.805612339122,0.0307265073523,0.00175847990645,0.0196199979133,0.00401575729825,0.0414348735464,0.0995373612166,0.0266569094731,0.974035231023,intermediate_shell,helium_rich,he4,valid,no
A2_20M,20M_pre_supernova_single_profile,20M,19.98,single,128net,intermediate_shell,4,1,0,0.00842573654649,0.00282730016,0.08802562383,1.54335500002e-06,0.0662826767,0.84801298855,1,0.00842573654649,0.00282730016,0.08802562383,1.54335500002e-06,0.0662826767,0.84801298855,0,0,0,0,0,0,0,1,intermediate_shell,helium_rich,he4,valid,no
A2_20M,20M_pre_supernova_single_profile,20M,19.98,single,128net,intermediate_shell,4,1.05,0.05,0.00842573654649,0.00282730016,0.08802562383,1.54335500002e-06,0.0662826767,0.84801298855,1,0.00884702337381,0.002968665168,0.0924269050215,1.62052275002e-06,0.069596810535,0.890413637977,0.0307265073523,0.00175847990645,0.0196199979133,0.00401575729825,0.0414348735464,0.0995373612166,0.0266569094731,0.974035231023,intermediate_shell,helium_rich,he4,valid,no
A2_20M,20M_pre_supernova_single_profile,20M,19.98,single,128net,intermediate_shell,4,1.1,0.1,0.00842573654649,0.00282730016,0.08802562383,1.54335500002e-06,0.0662826767,0.84801298855,1,0.00926831020114,0.003110030176,0.096828186213,1.69769050002e-06,0.07291094437,0.932814287405,0.0614530147047,0.0035169598129,0.0392399958265,0.00803151459649,0.0828697470928,0.199074722433,0.0533138189461,0.949384677209,intermediate_shell,helium_rich,he4,valid,no
A2_20M,20M_pre_supernova_single_profile,20M,19.98,single,128net,intermediate_shell,4,1.15,0.15,0.00842573654649,0.00282730016,0.08802562383,1.54335500002e-06,0.0662826767,0.84801298855,1,0.00968959702846,0.003251395184,0.101229467404,1.77485825002e-06,0.076225078205,0.975214936832,0.092179522057,0.00527543971935,0.0588599937398,0.0120472718947,0.124304620639,0.29861208365,0.0799707284192,0.925951022269,intermediate_shell,helium_rich,he4,valid,no
A2_20M,20M_pre_supernova_single_profile,20M,19.98,single,128net,intermediate_shell,4,1.2,0.2,0.00842573654649,0.00282730016,0.08802562383,1.54335500002e-06,0.0662826767,0.84801298855,1,0.0101108838558,0.003392760192,0.105630748596,1.85202600002e-06,0.07953921204,1.01761558626,0.122906029409,0.0070339196258,0.0784799916531,0.016063029193,0.165739494186,0.398149444867,0.106627637892,0.903646326695,intermediate_shell,helium_rich,he4,valid,no
A2_20M,20M_pre_supernova_single_profile,20M,19.98,single,128net,intermediate_shell,4,1.25,0.25,0.00842573654649,0.00282730016,0.08802562383,1.54335500002e-06,0.0662826767,0.84801298855,1,0.0105321706831,0.0035341252,0.110032029787,1.92919375003e-06,0.082853345875,1.06001623569,0.153632536762,0.00879239953225,0.0980999895663,0.0200787864912,0.207174367732,0.497686806083,0.133284547365,0.882390924967,intermediate_shell,helium_rich,he4,valid,no
A2_20M,20M_pre_supernova_single_profile,20M,19.98,single,128net,intermediate_shell,4,1.3,0.3,0.00842573654649,0.00282730016,0.08802562383,1.54335500002e-06,0.0662826767,0.84801298855,1,0.0109534575104,0.003675490208,0.114433310979,2.00636150003e-06,0.08616747971,1.10241688512,0.184359044114,0.0105508794387,0.11771998748,0.0240945437895,0.248609241278,0.5972241673,0.159941456838,0.862112474819,intermediate_shell,helium_rich,he4,valid,no
A2_20M,20M_pre_supernova_single_profile,20M,19.98,single,128net,intermediate_shell,4,1.35,0.35,0.00842573654649,0.00282730016,0.08802562383,1.54335500002e-06,0.0662826767,0.84801298855,1,0.0113747443378,0.003816855216,0.118834592171,2.08352925003e-06,0.089481613545,1.14481753454,0.215085551466,0.0123093593452,0.137339985393,0.0281103010877,0.290044114825,0.696761528516,0.186598366311,0.842745134656,intermediate_shell,helium_rich,he4,valid,no
A2_20M,20M_pre_supernova_single_profile,20M,19.98,single,128net,intermediate_shell,4,1.4,0.4,0.00842573654649,0.00282730016,0.08802562383,1.54335500002e-06,0.0662826767,0.84801298855,1,0.0117960311651,0.003958220224,0.123235873362,2.16069700003e-06,0.09279574738,1.18721818397,0.245812058819,0.0140678392516,0.156959983306,0.032126058386,0.331478988371,0.796298889733,0.213255275785,0.82422884941,intermediate_shell,helium_rich,he4,valid,no
A2_20M,20M_pre_supernova_single_profile,20M,19.98,single,128net,intermediate_shell,4,1.45,0.45,0.00842573654649,0.00282730016,0.08802562383,1.54335500002e-06,0.0662826767,0.84801298855,1,0.0122173179924,0.004099585232,0.127637154553,2.23786475003e-06,0.096109881215,1.2296188334,0.276538566171,0.0158263191581,0.176579981219,0.0361418156842,0.372913861918,0.89583625095,0.239912185258,0.806508728513,intermediate_shell,helium_rich,he4,valid,no
A2_20M,20M_pre_supernova_single_profile,20M,19.98,single,128net,intermediate_shell,4,1.5,0.5,0.00842573654649,0.00282730016,0.08802562383,1.54335500002e-06,0.0662826767,0.84801298855,1,0.0126386048197,0.00424095024,0.132038435745,2.31503250003e-06,0.09942401505,1.27201948282,0.307265073523,0.0175847990645,0.196199979133,0.0401575729825,0.414348735464,0.995373612166,0.266569094731,0.789534502429,intermediate_shell,helium_rich,he4,valid,no
A2_20M,20M_pre_supernova_single_profile,20M,19.98,single,128net,intermediate_shell,4,0.5,0.5,0.0104019287091,0.07049595351,0.19429753132,7.35809999597e-08,0.0794502179,0.69031002058,0,0.00520096435455,0.035247976755,0.09714876566,3.67904999799e-08,0.03972510895,0.34515501029,0.379331750044,0.43845969907,0.433069030719,0.0019145526311,0.496662159077,0.810266337871,0.400118716058,0.714225150004,intermediate_shell,helium_rich,he4,valid,no
A2_20M,20M_pre_supernova_single_profile,20M,19.98,single,128net,intermediate_shell,4,0.55,0.45,0.0104019287091,0.07049595351,0.19429753132,7.35809999597e-08,0.0794502179,0.69031002058,0,0.00572106079001,0.0387727744305,0.106863642226,4.04695499778e-08,0.043697619845,0.379670511319,0.341398575039,0.394613729163,0.389762127647,0.00172309736799,0.446995943169,0.729239704084,0.360106844452,0.735236355937,intermediate_shell,helium_rich,he4,valid,no
A2_20M,20M_pre_supernova_single_profile,20M,19.98,single,128net,intermediate_shell,4,0.6,0.4,0.0104019287091,0.07049595351,0.19429753132,7.35809999597e-08,0.0794502179,0.69031002058,0,0.00624115722546,0.042297572106,0.116578518792,4.41485999758e-08,0.04767013074,0.414186012348,0.303465400035,0.350767759256,0.346455224575,0.00153164210488,0.397329727261,0.648213070297,0.320094972847,0.757521254583,intermediate_shell,helium_rich,he4,valid,no
A2_20M,20M_pre_supernova_single_profile,20M,19.98,single,128net,intermediate_shell,4,0.65,0.35,0.0104019287091,0.07049595351,0.19429753132,7.35809999597e-08,0.0794502179,0.69031002058,0,0.00676125366092,0.0458223697815,0.126293395358,4.78276499738e-08,0.051642641635,0.448701513377,0.26553222503,0.306921789349,0.303148321503,0.00134018684177,0.347663511354,0.56718643651,0.280083101241,0.781199282321,intermediate_shell,helium_rich,he4,valid,no
A2_20M,20M_pre_supernova_single_profile,20M,19.98,single,128net,intermediate_shell,4,0.7,0.3,0.0104019287091,0.07049595351,0.19429753132,7.35809999597e-08,0.0794502179,0.69031002058,0,0.00728135009637,0.049347167457,0.136008271924,5.15066999718e-08,0.05561515253,0.483217014406,0.227599050026,0.263075819442,0.259841418432,0.00114873157866,0.297997295446,0.486159802722,0.240071229635,0.806405290359,intermediate_shell,helium_rich,he4,valid,no
A2_20M,20M_pre_supernova_single_profile,20M,19.98,single,128net,intermediate_shell,4,0.75,0.25,0.0104019287091,0.07049595351,0.19429753132,7.35809999597e-08,0.0794502179,0.69031002058,0,0.00780144653183,0.0528719651325,0.14572314849,5.51857499698e-08,0.059587663425,0.517732515435,0.189665875022,0.219229849535,0.21653451536,0.000957276315548,0.248331079538,0.405133168935,0.200059358029,0.833292114519,intermediate_shell,helium_rich,he4,valid,no
A2_20M,20M_pre_supernova_single_profile,20M,19.98,single,128net,intermediate_shell,4,0.8,0.2,0.0104019287091,0.07049595351,0.19429753132,7.35809999597e-08,0.0794502179,0.69031002058,0,0.00832154296728,0.056396762808,0.155438025056,5.88647999678e-08,0.06356017432,0.552248016464,0.151732700017,0.175383879628,0.173227612288,0.000765821052438,0.198664863631,0.324106535148,0.160047486423,0.862033676814,intermediate_shell,helium_rich,he4,valid,no
A2_20M,20M_pre_supernova_single_profile,20M,19.98,single,128net,intermediate_shell,4,0.85,0.15,0.0104019287091,0.07049595351,0.19429753132,7.35809999597e-08,0.0794502179,0.69031002058,0,0.00884163940274,0.0599215604835,0.165152901622,6.25438499657e-08,0.067532685215,0.586763517493,0.113799525013,0.131537909721,0.129920709216,0.000574365789329,0.148998647723,0.243079901361,0.120035614817,0.892828751846,intermediate_shell,helium_rich,he4,valid,no
A2_20M,20M_pre_supernova_single_profile,20M,19.98,single,128net,intermediate_shell,4,0.9,0.1,0.0104019287091,0.07049595351,0.19429753132,7.35809999597e-08,0.0794502179,0.69031002058,0,0.00936173583819,0.063446358159,0.174867778188,6.62228999637e-08,0.07150519611,0.621279018522,0.0758663500087,0.087691939814,0.0866138061438,0.000382910526219,0.0993324318153,0.162053267574,0.0800237432116,0.925905570396,intermediate_shell,helium_rich,he4,valid,no
A2_20M,20M_pre_supernova_single_profile,20M,19.98,single,128net,intermediate_shell,4,0.95,0.05,0.0104019287091,0.07049595351,0.19429753132,7.35809999597e-08,0.0794502179,0.69031002058,0,0.00988183227364,0.0669711558345,0.184582654754,6.99019499617e-08,0.075477707005,0.655794519551,0.0379331750044,0.043845969907,0.0433069030719,0.00019145526311,0.0496662159077,0.0810266337871,0.0400118716058,0.961527485697,intermediate_shell,helium_rich,he4,valid,no
A2_20M,20M_pre_supernova_single_profile,20M,19.98,single,128net,intermediate_shell,4,1,0,0.0104019287091,0.07049595351,0.19429753132,7.35809999597e-08,0.0794502179,0.69031002058,0,0.0104019287091,0.07049595351,0.19429753132,7.35809999597e-08,0.0794502179,0.69031002058,0,0,0,0,0,0,0,1,intermediate_shell,helium_rich,he4,valid,no
A2_20M,20M_pre_supernova_single_profile,20M,19.98,single,128net,intermediate_shell,4,1.05,0.05,0.0104019287091,0.07049595351,0.19429753132,7.35809999597e-08,0.0794502179,0.69031002058,0,0.0109220251446,0.0740207511855,0.204012407886,7.72600499577e-08,0.083422728795,0.724825521609,0.0379331750044,0.043845969907,0.0433069030719,0.00019145526311,0.0496662159077,0.0810266337871,0.0400118716058,0.961527485697,intermediate_shell,helium_rich,he4,valid,no
A2_20M,20M_pre_supernova_single_profile,20M,19.98,single,128net,intermediate_shell,4,1.1,0.1,0.0104019287091,0.07049595351,0.19429753132,7.35809999597e-08,0.0794502179,0.69031002058,0,0.01144212158,0.077545548861,0.213727284452,8.09390999557e-08,0.08739523969,0.759341022638,0.0758663500087,0.087691939814,0.0866138061438,0.000382910526219,0.0993324318153,0.162053267574,0.0800237432116,0.925905570396,intermediate_shell,helium_rich,he4,valid,no
A2_20M,20M_pre_supernova_single_profile,20M,19.98,single,128net,intermediate_shell,4,1.15,0.15,0.0104019287091,0.07049595351,0.19429753132,7.35809999597e-08,0.0794502179,0.69031002058,0,0.0119622180155,0.0810703465365,0.223442161018,8.46181499537e-08,0.091367750585,0.793856523667,0.113799525013,0.131537909721,0.129920709216,0.000574365789329,0.148998647723,0.243079901361,0.120035614817,0.892828751846,intermediate_shell,helium_rich,he4,valid,no
A2_20M,20M_pre_supernova_single_profile,20M,19.98,single,128net,intermediate_shell,4,1.2,0.2,0.0104019287091,0.07049595351,0.19429753132,7.35809999597e-08,0.0794502179,0.69031002058,0,0.0124823144509,0.084595144212,0.233157037584,8.82971999516e-08,0.09534026148,0.828372024696,0.151732700017,0.175383879628,0.173227612288,0.000765821052438,0.198664863631,0.324106535148,0.160047486423,0.862033676814,intermediate_shell,helium_rich,he4,valid,no
A2_20M,20M_pre_supernova_single_profile,20M,19.98,single,128net,intermediate_shell,4,1.25,0.25,0.0104019287091,0.07049595351,0.19429753132,7.35809999597e-08,0.0794502179,0.69031002058,0,0.0130024108864,0.0881199418875,0.24287191415,9.19762499496e-08,0.099312772375,0.862887525725,0.189665875022,0.219229849535,0.21653451536,0.000957276315548,0.248331079538,0.405133168935,0.200059358029,0.833292114519,intermediate_shell,helium_rich,he4,valid,no
A2_20M,20M_pre_supernova_single_profile,20M,19.98,single,128net,intermediate_shell,4,1.3,0.3,0.0104019287091,0.07049595351,0.19429753132,7.35809999597e-08,0.0794502179,0.69031002058,0,0.0135225073218,0.091644739563,0.252586790716,9.56552999476e-08,0.10328528327,0.897403026754,0.227599050026,0.263075819442,0.259841418432,0.00114873157866,0.297997295446,0.486159802722,0.240071229635,0.806405290359,intermediate_shell,helium_rich,he4,valid,no
A2_20M,20M_pre_supernova_single_profile,20M,19.98,single,128net,intermediate_shell,4,1.35,0.35,0.0104019287091,0.07049595351,0.19429753132,7.35809999597e-08,0.0794502179,0.69031002058,0,0.0140426037573,0.0951695372385,0.262301667282,9.93343499456e-08,0.107257794165,0.931918527783,0.26553222503,0.306921789349,0.303148321503,0.00134018684177,0.347663511354,0.56718643651,0.280083101241,0.781199282321,intermediate_shell,helium_rich,he4,valid,no
A2_20M,20M_pre_supernova_single_profile,20M,19.98,single,128net,intermediate_shell,4,1.4,0.4,0.0104019287091,0.07049595351,0.19429753132,7.35809999597e-08,0.0794502179,0.69031002058,0,0.0145627001927,0.098694334914,0.272016543848,1.03013399944e-07,0.11123030506,0.966434028812,0.303465400035,0.350767759256,0.346455224575,0.00153164210488,0.397329727261,0.648213070297,0.320094972847,0.757521254583,intermediate_shell,helium_rich,he4,valid,no
A2_20M,20M_pre_supernova_single_profile,20M,19.98,single,128net,intermediate_shell,4,1.45,0.45,0.0104019287091,0.07049595351,0.19429753132,7.35809999597e-08,0.0794502179,0.69031002058,0,0.0150827966282,0.10221913259,0.281731420414,1.06692449942e-07,0.115202815955,1.00094952984,0.341398575039,0.394613729163,0.389762127647,0.00172309736799,0.446995943169,0.729239704084,0.360106844452,0.735236355937,intermediate_shell,helium_rich,he4,valid,no
A2_20M,20M_pre_supernova_single_profile,20M,19.98,single,128net,intermediate_shell,4,1.5,0.5,0.0104019287091,0.07049595351,0.19429753132,7.35809999597e-08,0.0794502179,0.69031002058,0,0.0156028930637,0.105743930265,0.29144629698,1.1037149994e-07,0.11917532685,1.03546503087,0.379331750044,0.43845969907,0.433069030719,0.0019145526311,0.496662159077,0.810266337871,0.400118716058,0.714225150004,intermediate_shell,helium_rich,he4,valid,no
A2_20M,20M_pre_supernova_single_profile,20M,19.98,single,128net,inner_shell,5,0.5,0.5,0.0236211395901,0.02524436646,0.21038139944,0.004745887017,0.0427076571,3.75227007774,0,0.011810569795,0.01262218323,0.10519069972,0.0023729435085,0.02135382855,1.87613503887,0.861402579206,0.157010959781,0.468918303377,123.486368495,0.266975695537,4.40430827303,19.3306201686,0.0491868910888,intermediate_shell,iron_group_layer,fe56,unstable,yes
A2_20M,20M_pre_supernova_single_profile,20M,19.98,single,128net,inner_shell,5,0.55,0.45,0.0236211395901,0.02524436646,0.21038139944,0.004745887017,0.0427076571,3.75227007774,0,0.0129916267746,0.013884401553,0.115709769692,0.00261023785935,0.023489211405,2.06374854276,0.775262321285,0.141309863803,0.422026473039,111.137731646,0.240278125983,3.96387744572,17.3975581517,0.0543550394978,intermediate_shell,iron_group_layer,fe56,unstable,yes
A2_20M,20M_pre_supernova_single_profile,20M,19.98,single,128net,inner_shell,5,0.6,0.4,0.0236211395901,0.02524436646,0.21038139944,0.004745887017,0.0427076571,3.75227007774,0,0.0141726837541,0.015146619876,0.126228839664,0.0028475322102,0.02562459426,2.25136204664,0.689122063365,0.125608767825,0.375134642701,98.7890947963,0.213580556429,3.52344661842,15.4644961349,0.0607367508734,intermediate_shell,iron_group_layer,fe56,unstable,yes
A2_20M,20M_pre_supernova_single_profile,20M,19.98,single,128net,inner_shell,5,0.65,0.35,0.0236211395901,0.02524436646,0.21038139944,0.004745887017,0.0427076571,3.75227007774,0,0.0153537407336,0.016408838199,0.136747909636,0.00308482656105,0.027759977115,2.43897555053,0.602981805444,0.109907671847,0.328242812364,86.4404579468,0.186882986876,3.08301579112,13.531434118,0.0688163323646,intermediate_shell,iron_group_layer,fe56,unstable,yes
A2_20M,20M_pre_supernova_single_profile,20M,19.98,single,128net,inner_shell,5,0.7,0.3,0.0236211395901,0.02524436646,0.21038139944,0.004745887017,0.0427076571,3.75227007774,0,0.0165347977131,0.017671056522,0.147266979608,0.0033221209119,0.02989535997,2.62658905442,0.516841547524,0.0942065758684,0.281350982026,74.0918210972,0.160185417322,2.64258496382,11.5983721012,0.079375334525,intermediate_shell,iron_group_layer,fe56,unstable,yes
A2_20M,20M_pre_supernova_single_profile,20M,19.98,single,128net,inner_shell,5,0.75,0.25,0.0236211395901,0.02524436646,0.21038139944,0.004745887017,0.0427076571,3.75227007774,0,0.0177158546926,0.018933274845,0.15778604958,0.00355941526275,0.032030742825,2.8142025583,0.430701289603,0.0785054798904,0.234459151688,61.7431842477,0.133487847768,2.20215413651,9.6653100843,0.0937619246038,intermediate_shell,iron_group_layer,fe56,unstable,yes
A2_20M,20M_pre_supernova_single_profile,20M,19.98,single,128net,inner_shell,5,0.8,0.2,0.0236211395901,0.02524436646,0.21038139944,0.004745887017,0.0427076571,3.75227007774,0,0.0188969116721,0.020195493168,0.168305119552,0.0037967096136,0.03416612568,3.00181606219,0.344561031682,0.0628043839123,0.187567321351,49.3945473982,0.106790278215,1.76172330921,7.73224806744,0.114518047618,intermediate_shell,iron_group_layer,fe56,unstable,yes
A2_20M,20M_pre_supernova_single_profile,20M,19.98,single,128net,inner_shell,5,0.85,0.15,0.0236211395901,0.02524436646,0.21038139944,0.004745887017,0.0427076571,3.75227007774,0,0.0200779686516,0.021457711491,0.178824189524,0.00403400396445,0.036301508535,3.18942956608,0.258420773762,0.0471032879342,0.140675491013,37.0459105486,0.080092708661,1.32129248191,5.79918605058,0.147076428349,intermediate_shell,iron_group_layer,fe56,unstable,yes
A2_20M,20M_pre_supernova_single_profile,20M,19.98,single,128net,inner_shell,5,0.9,0.1,0.0236211395901,0.02524436646,0.21038139944,0.004745887017,0.0427076571,3.75227007774,0,0.0212590256311,0.022719929814,0.189343259496,0.0042712983153,0.03843689139,3.37704306997,0.172280515841,0.0314021919561,0.0937836606753,24.6972736991,0.0533951391073,0.880861654605,3.86612403372,0.205502365552,intermediate_shell,iron_group_layer,fe56,unstable,yes
A2_20M,20M_pre_supernova_single_profile,20M,19.98,single,128net,inner_shell,5,0.95,0.05,0.0236211395901,0.02524436646,0.21038139944,0.004745887017,0.0427076571,3.75227007774,0,0.0224400826106,0.023982148137,0.199862329468,0.00450859266615,0.040572274245,3.56465657385,0.0861402579206,0.0157010959781,0.0468918303377,12.3486368495,0.0266975695537,0.440430827303,1.93306201686,0.340940625957,intermediate_shell,iron_group_layer,fe56,valid,no
A2_20M,20M_pre_supernova_single_profile,20M,19.98,single,128net,inner_shell,5,1,0,0.0236211395901,0.02524436646,0.21038139944,0.004745887017,0.0427076571,3.75227007774,0,0.0236211395901,0.02524436646,0.21038139944,0.004745887017,0.0427076571,3.75227007774,0,0,0,0,0,0,0,1,intermediate_shell,iron_group_layer,fe56,valid,no
A2_20M,20M_pre_supernova_single_profile,20M,19.98,single,128net,inner_shell,5,1.05,0.05,0.0236211395901,0.02524436646,0.21038139944,0.004745887017,0.0427076571,3.75227007774,0,0.0248021965696,0.026506584783,0.220900469412,0.00498318136785,0.044843039955,3.93988358163,0.0861402579206,0.0157010959781,0.0468918303377,12.3486368495,0.0266975695537,0.440430827303,1.93306201686,0.340940625957,intermediate_shell,iron_group_layer,fe56,valid,no
A2_20M,20M_pre_supernova_single_profile,20M,19.98,single,128net,inner_shell,5,1.1,0.1,0.0236211395901,0.02524436646,0.21038139944,0.004745887017,0.0427076571,3.75227007774,0,0.0259832535491,0.027768803106,0.231419539384,0.0052204757187,0.04697842281,4.12749708551,0.172280515841,0.0314021919561,0.0937836606753,24.6972736991,0.0533951391073,0.880861654605,3.86612403372,0.205502365552,intermediate_shell,iron_group_layer,fe56,unstable,yes
A2_20M,20M_pre_supernova_single_profile,20M,19.98,single,128net,inner_shell,5,1.15,0.15,0.0236211395901,0.02524436646,0.21038139944,0.004745887017,0.0427076571,3.75227007774,0,0.0271643105286,0.029031021429,0.241938609356,0.00545777006955,0.049113805665,4.3151105894,0.258420773762,0.0471032879342,0.140675491013,37.0459105486,0.080092708661,1.32129248191,5.79918605058,0.147076428349,intermediate_shell,iron_group_layer,fe56,unstable,yes
A2_20M,20M_pre_supernova_single_profile,20M,19.98,single,128net,inner_shell,5,1.2,0.2,0.0236211395901,0.02524436646,0.21038139944,0.004745887017,0.0427076571,3.75227007774,0,0.0283453675081,0.030293239752,0.252457679328,0.0056950644204,0.05124918852,4.50272409329,0.344561031682,0.0628043839123,0.187567321351,49.3945473982,0.106790278215,1.76172330921,7.73224806744,0.114518047618,intermediate_shell,iron_group_layer,fe56,unstable,yes
A2_20M,20M_pre_supernova_single_profile,20M,19.98,single,128net,inner_shell,5,1.25,0.25,0.0236211395901,0.02524436646,0.21038139944,0.004745887017,0.0427076571,3.75227007774,0,0.0295264244876,0.031555458075,0.2629767493,0.00593235877125,0.053384571375,4.69033759717,0.430701289603,0.0785054798904,0.234459151688,61.7431842477,0.133487847768,2.20215413651,9.6653100843,0.0937619246038,intermediate_shell,iron_group_layer,fe56,unstable,yes
A2_20M,20M_pre_supernova_single_profile,20M,19.98,single,128net,inner_shell,5,1.3,0.3,0.0236211395901,0.02524436646,0.21038139944,0.004745887017,0.0427076571,3.75227007774,0,0.0307074814671,0.032817676398,0.273495819272,0.0061696531221,0.05551995423,4.87795110106,0.516841547524,0.0942065758684,0.281350982026,74.0918210972,0.160185417322,2.64258496382,11.5983721012,0.079375334525,intermediate_shell,iron_group_layer,fe56,unstable,yes
A2_20M,20M_pre_supernova_single_profile,20M,19.98,single,128net,inner_shell,5,1.35,0.35,0.0236211395901,0.02524436646,0.21038139944,0.004745887017,0.0427076571,3.75227007774,0,0.0318885384466,0.034079894721,0.284014889244,0.00640694747295,0.057655337085,5.06556460495,0.602981805444,0.109907671847,0.328242812364,86.4404579468,0.186882986876,3.08301579112,13.531434118,0.0688163323646,intermediate_shell,iron_group_layer,fe56,unstable,yes
A2_20M,20M_pre_supernova_single_profile,20M,19.98,single,128net,inner_shell,5,1.4,0.4,0.0236211395901,0.02524436646,0.21038139944,0.004745887017,0.0427076571,3.75227007774,0,0.0330695954261,0.035342113044,0.294533959216,0.0066442418238,0.05979071994,5.25317810884,0.689122063365,0.125608767825,0.375134642701,98.7890947963,0.213580556429,3.52344661842,15.4644961349,0.0607367508734,intermediate_shell,iron_group_layer,fe56,unstable,yes
A2_20M,20M_pre_supernova_single_profile,20M,19.98,single,128net,inner_shell,5,1.45,0.45,0.0236211395901,0.02524436646,0.21038139944,0.004745887017,0.0427076571,3.75227007774,0,0.0342506524056,0.036604331367,0.305053029188,0.00688153617465,0.061926102795,5.44079161272,0.775262321285,0.141309863803,0.422026473039,111.137731646,0.240278125983,3.96387744572,17.3975581517,0.0543550394978,intermediate_shell,iron_group_layer,fe56,unstable,yes
A2_20M,20M_pre_supernova_single_profile,20M,19.98,single,128net,inner_shell,5,1.5,0.5,0.0236211395901,0.02524436646,0.21038139944,0.004745887017,0.0427076571,3.75227007774,0,0.0354317093852,0.03786654969,0.31557209916,0.0071188305255,0.06406148565,5.62840511661,0.861402579206,0.157010959781,0.468918303377,123.486368495,0.266975695537,4.40430827303,19.3306201686,0.0491868910888,intermediate_shell,iron_group_layer,fe56,unstable,yes
A2_20M,20M_pre_supernova_single_profile,20M,19.98,single,128net,inner_shell,5,0.5,0.5,0.0221769974858,0.03221349442,0.21850530043,0.005690511239,0.0433902209,3.25517859069,0,0.0110884987429,0.01610674721,0.109252650215,0.0028452556195,0.02169511045,1.62758929534,0.808738408257,0.200356451202,0.487025635485,148.065169961,0.271242563767,3.82083637375,22.9586444073,0.0417385885028,intermediate_shell,iron_group_layer,fe56,unstable,yes
A2_20M,20M_pre_supernova_single_profile,20M,19.98,single,128net,inner_shell,5,0.55,0.45,0.0221769974858,0.03221349442,0.21850530043,0.005690511239,0.0433902209,3.25517859069,0,0.0121973486172,0.017717421931,0.120177915237,0.00312978118145,0.023864621495,1.79034822488,0.727864567431,0.180320806082,0.438323071936,133.258652965,0.24411830739,3.43875273637,20.6627799665,0.0461621270006,intermediate_shell,iron_group_layer,fe56,unstable,yes
A2_20M,20M_pre_supernova_single_profile,20M,19.98,single,128net,inner_shell,5,0.6,0.4,0.0221769974858,0.03221349442,0.21850530043,0.005690511239,0.0433902209,3.25517859069,0,0.0133061984915,0.019328096652,0.131103180258,0.0034143067434,0.02603413254,1.95310715441,0.646990726606,0.160285160962,0.389620508388,118.452135969,0.216994051013,3.056669099,18.3669155258,0.0516344483802,intermediate_shell,iron_group_layer,fe56,unstable,yes
A2_20M,20M_pre_supernova_single_profile,20M,19.98,single,128net,inner_shell,5,0.65,0.35,0.0221769974858,0.03221349442,0.21850530043,0.005690511239,0.0433902209,3.25517859069,0,0.0144150483658,0.020938771373,0.14202844528,0.00369883230535,0.028203643585,2.11586608395,0.56611688578,0.140249515842,0.340917944839,103.645618972,0.189869794637,2.67458546162,16.0710510851,0.05857870116,intermediate_shell,iron_group_layer,fe56,unstable,yes
A2_20M,20M_pre_supernova_single_profile,20M,19.98,single,128net,inner_shell,5,0.7,0.3,0.0221769974858,0.03221349442,0.21850530043,0.005690511239,0.0433902209,3.25517859069,0,0.0155238982401,0.022549446094,0.152953710301,0.0039833578673,0.03037315463,2.27862501348,0.485243044954,0.120213870721,0.292215381291,88.8391019764,0.16274553826,2.29250182425,13.7751866444,0.0676810401161,intermediate_shell,iron_group_layer,fe56,unstable,yes
A2_20M,20M_pre_supernova_single_profile,20M,19.98,single,128net,inner_shell,5,0.75,0.25,0.0221769974858,0.03221349442,0.21850530043,0.005690511239,0.0433902209,3.25517859069,0,0.0166327481144,0.024160120815,0.163878975323,0.00426788342925,0.032542665675,2.44138394302,0.404369204128,0.100178225601,0.243512817742,74.0325849803,0.135621281883,1.91041818687,11.4793222036,0.080132557176,intermediate_shell,iron_group_layer,fe56,unstable,yes
A2_20M,20M_pre_supernova_single_profile,20M,19.98,single,128net,inner_shell,5,0.8,0.2,0.0221769974858,0.03221349442,0.21850530043,0.005690511239,0.0433902209,3.25517859069,0,0.0177415979886,0.025770795536,0.174804240344,0.0045524089912,0.03471217672,2.60414287255,0.323495363303,0.0801425804809,0.194810254194,59.2260679843,0.108497025507,1.5283345495,9.1834577629,0.0981984727862,intermediate_shell,iron_group_layer,fe56,unstable,yes
A2_20M,20M_pre_supernova_single_profile,20M,19.98,single,128net,inner_shell,5,0.85,0.15,0.0221769974858,0.03221349442,0.21850530043,0.005690511239,0.0433902209,3.25517859069,0,0.0188504478629,0.027381470257,0.185729505366,0.00483693455315,0.036881687765,2.76690180209,0.242621522477,0.0601069353607,0.146107690645,44.4195509882,0.08137276913,1.14625091212,6.88759332218,0.126781384277,intermediate_shell,iron_group_layer,fe56,unstable,yes
A2_20M,20M_pre_supernova_single_profile,20M,19.98,single,128net,inner_shell,5,0.9,0.1,0.0221769974858,0.03221349442,0.21850530043,0.005690511239,0.0433902209,3.25517859069,0,0.0199592977372,0.028992144978,0.196654770387,0.0051214601151,0.03905119881,2.92966073162,0.161747681651,0.0400712902405,0.0974051270969,29.6130339921,0.0542485127533,0.764167274749,4.59172888145,0.178835566101,intermediate_shell,iron_group_layer,fe56,unstable,yes
A2_20M,20M_pre_supernova_single_profile,20M,19.98,single,128net,inner_shell,5,0.95,0.05,0.0221769974858,0.03221349442,0.21850530043,0.005690511239,0.0433902209,3.25517859069,0,0.0210681476115,0.030602819699,0.207580035408,0.00540598567705,0.041220709855,3.09241966116,0.0808738408257,0.0200356451202,0.0487025635485,14.8065169961,0.0271242563767,0.382083637375,2.29586444073,0.303410537049,intermediate_shell,iron_group_layer,fe56,unstable,yes
A2_20M,20M_pre_supernova_single_profile,20M,19.98,single,128net,inner_shell,5,1,0,0.0221769974858,0.03221349442,0.21850530043,0.005690511239,0.0433902209,3.25517859069,0,0.0221769974858,0.03221349442,0.21850530043,0.005690511239,0.0433902209,3.25517859069,0,0,0,0,0,0,0,1,intermediate_shell,iron_group_layer,fe56,valid,no
A2_20M,20M_pre_supernova_single_profile,20M,19.98,single,128net,inner_shell,5,1.05,0.05,0.0221769974858,0.03221349442,0.21850530043,0.005690511239,0.0433902209,3.25517859069,0,0.0232858473601,0.033824169141,0.229430565452,0.00597503680095,0.045559731945,3.41793752022,0.0808738408257,0.0200356451202,0.0487025635485,14.8065169961,0.0271242563767,0.382083637375,2.29586444073,0.303410537049,intermediate_shell,iron_group_layer,fe56,unstable,yes
A2_20M,20M_pre_supernova_single_profile,20M,19.98,single,128net,inner_shell,5,1.1,0.1,0.0221769974858,0.03221349442,0.21850530043,0.005690511239,0.0433902209,3.25517859069,0,0.0243946972344,0.035434843862,0.240355830473,0.0062595623629,0.04772924299,3.58069644976,0.161747681651,0.0400712902405,0.0974051270969,29.6130339921,0.0542485127533,0.764167274749,4.59172888145,0.178835566101,intermediate_shell,iron_group_layer,fe56,unstable,yes
A2_20M,20M_pre_supernova_single_profile,20M,19.98,single,128net,inner_shell,5,1.15,0.15,0.0221769974858,0.03221349442,0.21850530043,0.005690511239,0.0433902209,3.25517859069,0,0.0255035471087,0.037045518583,0.251281095494,0.00654408792485,0.049898754035,3.74345537929,0.242621522477,0.0601069353607,0.146107690645,44.4195509882,0.08137276913,1.14625091212,6.88759332218,0.126781384277,intermediate_shell,iron_group_layer,fe56,unstable,yes
A2_20M,20M_pre_supernova_single_profile,20M,19.98,single,128net,inner_shell,5,1.2,0.2,0.0221769974858,0.03221349442,0.21850530043,0.005690511239,0.0433902209,3.25517859069,0,0.026612396983,0.038656193304,0.262206360516,0.0068286134868,0.05206826508,3.90621430883,0.323495363303,0.0801425804809,0.194810254194,59.2260679843,0.108497025507,1.5283345495,9.1834577629,0.0981984727862,intermediate_shell,iron_group_layer,fe56,unstable,yes
A2_20M,20M_pre_supernova_single_profile,20M,19.98,single,128net,inner_shell,5,1.25,0.25,0.0221769974858,0.03221349442,0.21850530043,0.005690511239,0.0433902209,3.25517859069,0,0.0277212468573,0.040266868025,0.273131625537,0.00711313904875,0.054237776125,4.06897323836,0.404369204128,0.100178225601,0.243512817742,74.0325849803,0.135621281883,1.91041818687,11.4793222036,0.080132557176,intermediate_shell,iron_group_layer,fe56,unstable,yes
A2_20M,20M_pre_supernova_single_profile,20M,19.98,single,128net,inner_shell,5,1.3,0.3,0.0221769974858,0.03221349442,0.21850530043,0.005690511239,0.0433902209,3.25517859069,0,0.0288300967315,0.041877542746,0.284056890559,0.0073976646107,0.05640728717,4.2317321679,0.485243044954,0.120213870721,0.292215381291,88.8391019764,0.16274553826,2.29250182425,13.7751866444,0.0676810401161,intermediate_shell,iron_group_layer,fe56,unstable,yes
A2_20M,20M_pre_supernova_single_profile,20M,19.98,single,128net,inner_shell,5,1.35,0.35,0.0221769974858,0.03221349442,0.21850530043,0.005690511239,0.0433902209,3.25517859069,0,0.0299389466058,0.043488217467,0.294982155581,0.00768219017265,0.058576798215,4.39449109743,0.56611688578,0.140249515842,0.340917944839,103.645618972,0.189869794637,2.67458546162,16.0710510851,0.05857870116,intermediate_shell,iron_group_layer,fe56,unstable,yes
A2_20M,20M_pre_supernova_single_profile,20M,19.98,single,128net,inner_shell,5,1.4,0.4,0.0221769974858,0.03221349442,0.21850530043,0.005690511239,0.0433902209,3.25517859069,0,0.0310477964801,0.045098892188,0.305907420602,0.0079667157346,0.06074630926,4.55725002697,0.646990726606,0.160285160962,0.389620508388,118.452135969,0.216994051013,3.056669099,18.3669155258,0.0516344483802,intermediate_shell,iron_group_layer,fe56,unstable,yes
A2_20M,20M_pre_supernova_single_profile,20M,19.98,single,128net,inner_shell,5,1.45,0.45,0.0221769974858,0.03221349442,0.21850530043,0.005690511239,0.0433902209,3.25517859069,0,0.0321566463544,0.046709566909,0.316832685624,0.00825124129655,0.062915820305,4.7200089565,0.727864567431,0.180320806082,0.438323071936,133.258652965,0.24411830739,3.43875273637,20.6627799665,0.0461621270006,intermediate_shell,iron_group_layer,fe56,unstable,yes
A2_20M,20M_pre_supernova_single_profile,20M,19.98,single,128net,inner_shell,5,1.5,0.5,0.0221769974858,0.03221349442,0.21850530043,0.005690511239,0.0433902209,3.25517859069,0,0.0332654962287,0.04832024163,0.327757950645,0.0085357668585,0.06508533135,4.88276788603,0.808738408257,0.200356451202,0.487025635485,148.065169961,0.271242563767,3.82083637375,22.9586444073,0.0417385885028,intermediate_shell,iron_group_layer,fe56,unstable,yes
A2_20M,20M_pre_supernova_single_profile,20M,19.98,single,128net,inner_shell,5,0.5,0.5,0.0140186877035,0.04298274484,0.21795783652,0.007904227239,0.0461978872,1.12777435369,0,0.00700934385175,0.02149137242,0.10897891826,0.0039521136195,0.0230989436,0.563887176845,0.511225705213,0.267337349584,0.485805395252,205.66530851,0.288793951835,1.32374957377,31.2894856044,0.0309698337178,intermediate_shell,iron_group_layer,fe56,unstable,yes
A2_20M,20M_pre_supernova_single_profile,20M,19.98,single,128net,inner_shell,5,0.55,0.45,0.0140186877035,0.04298274484,0.21795783652,0.007904227239,0.0461978872,1.12777435369,0,0.00771027823693,0.023640509662,0.119876810086,0.00434732498145,0.02540883796,0.62027589453,0.460103134692,0.240603614625,0.437224855727,185.098777659,0.259914556652,1.19137461639,28.1605370439,0.0342929212344,intermediate_shell,iron_group_layer,fe56,unstable,yes
A2_20M,20M_pre_supernova_single_profile,20M,19.98,single,128net,inner_shell,5,0.6,0.4,0.0140186877035,0.04298274484,0.21795783652,0.007904227239,0.0461978872,1.12777435369,0,0.0084112126221,0.025789646904,0.130774701912,0.0047425363434,0.02771873232,0.676664612214,0.40898056417,0.213869879667,0.388644316202,164.532246808,0.231035161468,1.05899965901,25.0315884835,0.0384148666392,intermediate_shell,iron_group_layer,fe56,unstable,yes
A2_20M,20M_pre_supernova_single_profile,20M,19.98,single,128net,inner_shell,5,0.65,0.35,0.0140186877035,0.04298274484,0.21795783652,0.007904227239,0.0461978872,1.12777435369,0,0.00911214700727,0.027938784146,0.141672593738,0.00513774770535,0.03002862668,0.733053329899,0.357857993649,0.187136144709,0.340063776676,143.965715957,0.202155766285,0.926624701636,21.9026399231,0.0436630887688,intermediate_shell,iron_group_layer,fe56,unstable,yes
A2_20M,20M_pre_supernova_single_profile,20M,19.98,single,128net,inner_shell,5,0.7,0.3,0.0140186877035,0.04298274484,0.21795783652,0.007904227239,0.0461978872,1.12777435369,0,0.00981308139245,0.030087921388,0.152570485564,0.0055329590673,0.03233852104,0.789442047583,0.306735423128,0.16040240975,0.291483237151,123.399185106,0.173276371101,0.794249744259,18.7736913626,0.0505722468133,intermediate_shell,iron_group_layer,fe56,unstable,yes
A2_20M,20M_pre_supernova_single_profile,20M,19.98,single,128net,inner_shell,5,0.75,0.25,0.0140186877035,0.04298274484,0.21795783652,0.007904227239,0.0461978872,1.12777435369,0,0.0105140157776,0.03223705863,0.16346837739,0.00592817042925,0.0346484154,0.845830765268,0.255612852606,0.133668674792,0.242902697626,102.832654255,0.144396975918,0.661874786883,15.6447428022,0.0600790298705,intermediate_shell,iron_group_layer,fe56,unstable,yes
A2_20M,20M_pre_supernova_single_profile,20M,19.98,single,128net,inner_shell,5,0.8,0.2,0.0140186877035,0.04298274484,0.21795783652,0.007904227239,0.0461978872,1.12777435369,0,0.0112149501628,0.034386195872,0.174366269216,0.0063233817912,0.03695830976,0.902219482952,0.204490282085,0.106934939834,0.194322158101,82.2661234041,0.115517580734,0.529499829506,12.5157942418,0.0739875128397,intermediate_shell,iron_group_layer,fe56,unstable,yes
A2_20M,20M_pre_supernova_single_profile,20M,19.98,single,128net,inner_shell,5,0.85,0.15,0.0140186877035,0.04298274484,0.21795783652,0.007904227239,0.0461978872,1.12777435369,0,0.011915884548,0.036535333114,0.185264161042,0.00671859315315,0.03926820412,0.958608200637,0.153367711564,0.0802012048751,0.145741618576,61.6995925531,0.0866381855506,0.39712487213,9.38684568131,0.0962756192478,intermediate_shell,iron_group_layer,fe56,unstable,yes
A2_20M,20M_pre_supernova_single_profile,20M,19.98,single,128net,inner_shell,5,0.9,0.1,0.0140186877035,0.04298274484,0.21795783652,0.007904227239,0.0461978872,1.12777435369,0,0.0126168189332,0.038684470356,0.196162052868,0.0071138045151,0.04157809848,1.01499691832,0.102245141043,0.0534674699168,0.0971610790504,41.1330617021,0.0577587903671,0.264749914753,6.25789712088,0.137780955468,intermediate_shell,iron_group_layer,fe56,unstable,yes
A2_20M,20M_pre_supernova_single_profile,20M,19.98,single,128net,inner_shell,5,0.95,0.05,0.0140186877035,0.04298274484,0.21795783652,0.007904227239,0.0461978872,1.12777435369,0,0.0133177533183,0.040833607598,0.207059944694,0.00750901587705,0.04388799284,1.07138563601,0.0511225705213,0.0267337349584,0.0485805395252,20.566530851,0.0288793951835,0.132374957377,3.12894856044,0.242192409366,intermediate_shell,iron_group_layer,fe56,unstable,yes
A2_20M,20M_pre_supernova_single_profile,20M,19.98,single,128net,inner_shell,5,1,0,0.0140186877035,0.04298274484,0.21795783652,0.007904227239,0.0461978872,1.12777435369,0,0.0140186877035,0.04298274484,0.21795783652,0.007904227239,0.0461978872,1.12777435369,0,0,0,0,0,0,0,1,intermediate_shell,iron_group_layer,fe56,valid,no
A2_20M,20M_pre_supernova_single_profile,20M,19.98,single,128net,inner_shell,5,1.05,0.05,0.0140186877035,0.04298274484,0.21795783652,0.007904227239,0.0461978872,1.12777435369,0,0.0147196220887,0.045131882082,0.228855728346,0.00829943860095,0.04850778156,1.18416307137,0.0511225705213,0.0267337349584,0.0485805395252,20.566530851,0.0288793951835,0.132374957377,3.12894856044,0.242192409366,intermediate_shell,iron_group_layer,fe56,unstable,yes
A2_20M,20M_pre_supernova_single_profile,20M,19.98,single,128net,inner_shell,5,1.1,0.1,0.0140186877035,0.04298274484,0.21795783652,0.007904227239,0.0461978872,1.12777435369,0,0.0154205564739,0.047281019324,0.239753620172,0.0086946499629,0.05081767592,1.24055178906,0.102245141043,0.0534674699168,0.0971610790504,41.1330617021,0.0577587903671,0.264749914753,6.25789712088,0.137780955468,intermediate_shell,iron_group_layer,fe56,unstable,yes
A2_20M,20M_pre_supernova_single_profile,20M,19.98,single,128net,inner_shell,5,1.15,0.15,0.0140186877035,0.04298274484,0.21795783652,0.007904227239,0.0461978872,1.12777435369,0,0.016121490859,0.049430156566,0.250651511998,0.00908986132485,0.05312757028,1.29694050674,0.153367711564,0.0802012048751,0.145741618576,61.6995925531,0.0866381855506,0.39712487213,9.38684568131,0.0962756192478,intermediate_shell,iron_group_layer,fe56,unstable,yes
A2_20M,20M_pre_supernova_single_profile,20M,19.98,single,128net,inner_shell,5,1.2,0.2,0.0140186877035,0.04298274484,0.21795783652,0.007904227239,0.0461978872,1.12777435369,0,0.0168224252442,0.051579293808,0.261549403824,0.0094850726868,0.05543746464,1.35332922443,0.204490282085,0.106934939834,0.194322158101,82.2661234041,0.115517580734,0.529499829506,12.5157942418,0.0739875128397,intermediate_shell,iron_group_layer,fe56,unstable,yes
A2_20M,20M_pre_supernova_single_profile,20M,19.98,single,128net,inner_shell,5,1.25,0.25,0.0140186877035,0.04298274484,0.21795783652,0.007904227239,0.0461978872,1.12777435369,0,0.0175233596294,0.05372843105,0.27244729565,0.00988028404875,0.057747359,1.40971794211,0.255612852606,0.133668674792,0.242902697626,102.832654255,0.144396975918,0.661874786883,15.6447428022,0.0600790298705,intermediate_shell,iron_group_layer,fe56,unstable,yes
A2_20M,20M_pre_supernova_single_profile,20M,19.98,single,128net,inner_shell,5,1.3,0.3,0.0140186877035,0.04298274484,0.21795783652,0.007904227239,0.0461978872,1.12777435369,0,0.0182242940145,0.055877568292,0.283345187476,0.0102754954107,0.06005725336,1.4661066598,0.306735423128,0.16040240975,0.291483237151,123.399185106,0.173276371101,0.794249744259,18.7736913626,0.0505722468133,intermediate_shell,iron_group_layer,fe56,unstable,yes
A2_20M,20M_pre_supernova_single_profile,20M,19.98,single,128net,inner_shell,5,1.35,0.35,0.0140186877035,0.04298274484,0.21795783652,0.007904227239,0.0461978872,1.12777435369,0,0.0189252283997,0.058026705534,0.294243079302,0.0106707067727,0.06236714772,1.52249537748,0.357857993649,0.187136144709,0.340063776676,143.965715957,0.202155766285,0.926624701636,21.9026399231,0.0436630887688,intermediate_shell,iron_group_layer,fe56,unstable,yes
A2_20M,20M_pre_supernova_single_profile,20M,19.98,single,128net,inner_shell,5,1.4,0.4,0.0140186877035,0.04298274484,0.21795783652,0.007904227239,0.0461978872,1.12777435369,0,0.0196261627849,0.060175842776,0.305140971128,0.0110659181346,0.06467704208,1.57888409517,0.40898056417,0.213869879667,0.388644316202,164.532246808,0.231035161468,1.05899965901,25.0315884835,0.0384148666392,intermediate_shell,iron_group_layer,fe56,unstable,yes
A2_20M,20M_pre_supernova_single_profile,20M,19.98,single,128net,inner_shell,5,1.45,0.45,0.0140186877035,0.04298274484,0.21795783652,0.007904227239,0.0461978872,1.12777435369,0,0.0203270971701,0.062324980018,0.316038862954,0.0114611294966,0.06698693644,1.63527281285,0.460103134692,0.240603614625,0.437224855727,185.098777659,0.259914556652,1.19137461639,28.1605370439,0.0342929212344,intermediate_shell,iron_group_layer,fe56,unstable,yes
A2_20M,20M_pre_supernova_single_profile,20M,19.98,single,128net,inner_shell,5,1.5,0.5,0.0140186877035,0.04298274484,0.21795783652,0.007904227239,0.0461978872,1.12777435369,0,0.0210280315553,0.06447411726,0.32693675478,0.0118563408585,0.0692968308,1.69166153054,0.511225705213,0.267337349584,0.485805395252,205.66530851,0.288793951835,1.32374957377,31.2894856044,0.0309698337178,intermediate_shell,iron_group_layer,fe56,unstable,yes
A2_20M,20M_pre_supernova_single_profile,20M,19.98,single,128net,inner_shell,5,0.5,0.5,0.00790149938156,0.04706653558,0.21069208787,0.004654462687,0.0502543653,0.02037823456,0,0.00395074969078,0.02353326779,0.105346043935,0.0023272313435,0.02512718265,0.01018911728,0.288147484202,0.292737072118,0.46961079564,121.107538476,0.314151958706,0.0239193941808,18.4244443513,0.0514815240999,intermediate_shell,iron_group_layer,fe56,unstable,yes
A2_20M,20M_pre_supernova_single_profile,20M,19.98,single,128net,inner_shell,5,0.55,0.45,0.00790149938156,0.04706653558,0.21069208787,0.004654462687,0.0502543653,0.02037823456,0,0.00434582465986,0.025886594569,0.115880648329,0.00255995447785,0.027639900915,0.011208029008,0.259332735782,0.263463364906,0.422649716076,108.996784629,0.282736762836,0.0215274547627,16.5819999162,0.0568763510845,intermediate_shell,iron_group_layer,fe56,unstable,yes
A2_20M,20M_pre_supernova_single_profile,20M,19.98,single,128net,inner_shell,5,0.6,0.4,0.00790149938156,0.04706653558,0.21069208787,0.004654462687,0.0502543653,0.02037823456,0,0.00474089962894,0.028239921348,0.126415252722,0.0027926776122,0.03015261918,0.012226940736,0.230517987362,0.234189657694,0.375688636512,96.8860307809,0.251321566965,0.0191355153446,14.7395554811,0.0635341958166,intermediate_shell,iron_group_layer,fe56,unstable,yes
A2_20M,20M_pre_supernova_single_profile,20M,19.98,single,128net,inner_shell,5,0.65,0.35,0.00790149938156,0.04706653558,0.21069208787,0.004654462687,0.0502543653,0.02037823456,0,0.00513597459801,0.030593248127,0.136949857116,0.00302540074655,0.032665337445,0.013245852464,0.201703238941,0.204915950482,0.328727556948,84.7752769333,0.219906371094,0.0167435759266,12.8971110459,0.071957401556,intermediate_shell,iron_group_layer,fe56,unstable,yes
A2_20M,20M_pre_supernova_single_profile,20M,19.98,single,128net,inner_shell,5,0.7,0.3,0.00790149938156,0.04706653558,0.21069208787,0.004654462687,0.0502543653,0.02037823456,0,0.00553104956709,0.032946574906,0.147484461509,0.0032581238809,0.03517805571,0.014264764192,0.172888490521,0.175642243271,0.281766477384,72.6645230857,0.188491175224,0.0143516365085,11.0546666108,0.0829554256693,intermediate_shell,iron_group_layer,fe56,unstable,yes
A2_20M,20M_pre_supernova_single_profile,20M,19.98,single,128net,inner_shell,5,0.75,0.25,0.00790149938156,0.04706653558,0.21069208787,0.004654462687,0.0502543653,0.02037823456,0,0.00592612453617,0.035299901685,0.158019065902,0.00349084701525,0.037690773975,0.01528367592,0.144073742101,0.146368536059,0.23480539782,60.5537692381,0.157075979353,0.0119596970904,9.21222217566,0.0979218805466,intermediate_shell,iron_group_layer,fe56,unstable,yes
A2_20M,20M_pre_supernova_single_profile,20M,19.98,single,128net,inner_shell,5,0.8,0.2,0.00790149938156,0.04706653558,0.21069208787,0.004654462687,0.0502543653,0.02037823456,0,0.00632119950525,0.037653228464,0.168553670296,0.0037235701496,0.04020349224,0.016302587648,0.115258993681,0.117094828847,0.187844318256,48.4430153905,0.125660783483,0.00956775767232,7.36977774053,0.119477485663,intermediate_shell,iron_group_layer,fe56,unstable,yes
A2_20M,20M_pre_supernova_single_profile,20M,19.98,single,128net,inner_shell,5,0.85,0.15,0.00790149938156,0.04706653558,0.21069208787,0.004654462687,0.0502543653,0.02037823456,0,0.00671627447433,0.040006555243,0.17908827469,0.00395629328395,0.042716210505,0.017321499376,0.0864442452606,0.0878211216353,0.140883238692,36.3322615429,0.0942455876119,0.00717581825424,5.52733330539,0.153201920786,intermediate_shell,iron_group_layer,fe56,unstable,yes
A2_20M,20M_pre_supernova_single_profile,20M,19.98,single,128net,inner_shell,5,0.9,0.1,0.00790149938156,0.04706653558,0.21069208787,0.004654462687,0.0502543653,0.02037823456,0,0.0071113494434,0.042359882022,0.189622879083,0.0041890164183,0.04522892877,0.018340411104,0.0576294968404,0.0585474144236,0.093922159128,24.2215076952,0.0628303917413,0.00478387883616,3.68488887026,0.213452234982,intermediate_shell,iron_group_layer,fe56,unstable,yes
A2_20M,20M_pre_supernova_single_profile,20M,19.98,single,128net,inner_shell,5,0.95,0.05,0.00790149938156,0.04706653558,0.21069208787,0.004654462687,0.0502543653,0.02037823456,0,0.00750642441248,0.044713208801,0.200157483476,0.00442173955265,0.047741647035,0.019359322832,0.0288147484202,0.0292737072118,0.046961079564,12.1107538476,0.0314151958706,0.00239193941808,1.84244443513,0.351809867465,intermediate_shell,iron_group_layer,fe56,valid,no
A2_20M,20M_pre_supernova_single_profile,20M,19.98,single,128net,inner_shell,5,1,0,0.00790149938156,0.04706653558,0.21069208787,0.004654462687,0.0502543653,0.02037823456,0,0.00790149938156,0.04706653558,0.21069208787,0.004654462687,0.0502543653,0.02037823456,0,0,0,0,0,0,0,1,intermediate_shell,iron_group_layer,fe56,valid,no
A2_20M,20M_pre_supernova_single_profile,20M,19.98,single,128net,inner_shell,5,1.05,0.05,0.00790149938156,0.04706653558,0.21069208787,0.004654462687,0.0502543653,0.02037823456,0,0.00829657435064,0.049419862359,0.221226692264,0.00488718582135,0.052767083565,0.021397146288,0.0288147484202,0.0292737072118,0.046961079564,12.1107538476,0.0314151958706,0.00239193941808,1.84244443513,0.351809867465,intermediate_shell,iron_group_layer,fe56,valid,no
A2_20M,20M_pre_supernova_single_profile,20M,19.98,single,128net,inner_shell,5,1.1,0.1,0.00790149938156,0.04706653558,0.21069208787,0.004654462687,0.0502543653,0.02037823456,0,0.00869164931972,0.051773189138,0.231761296657,0.0051199089557,0.05527980183,0.022416058016,0.0576294968404,0.0585474144236,0.093922159128,24.2215076952,0.0628303917413,0.00478387883616,3.68488887026,0.213452234982,intermediate_shell,iron_group_layer,fe56,unstable,yes
A2_20M,20M_pre_supernova_single_profile,20M,19.98,single,128net,inner_shell,5,1.15,0.15,0.00790149938156,0.04706653558,0.21069208787,0.004654462687,0.0502543653,0.02037823456,0,0.00908672428879,0.054126515917,0.24229590105,0.00535263209005,0.057792520095,0.023434969744,0.0864442452606,0.0878211216353,0.140883238692,36.3322615429,0.0942455876119,0.00717581825424,5.52733330539,0.153201920786,intermediate_shell,iron_group_layer,fe56,unstable,yes
A2_20M,20M_pre_supernova_single_profile,20M,19.98,single,128net,inner_shell,5,1.2,0.2,0.00790149938156,0.04706653558,0.21069208787,0.004654462687,0.0502543653,0.02037823456,0,0.00948179925787,0.056479842696,0.252830505444,0.0055853552244,0.06030523836,0.024453881472,0.115258993681,0.117094828847,0.187844318256,48.4430153905,0.125660783483,0.00956775767232,7.36977774053,0.119477485663,intermediate_shell,iron_group_layer,fe56,unstable,yes
A2_20M,20M_pre_supernova_single_profile,20M,19.98,single,128net,inner_shell,5,1.25,0.25,0.00790149938156,0.04706653558,0.21069208787,0.004654462687,0.0502543653,0.02037823456,0,0.00987687422695,0.058833169475,0.263365109837,0.00581807835875,0.062817956625,0.0254727932,0.144073742101,0.146368536059,0.23480539782,60.5537692381,0.157075979353,0.0119596970904,9.21222217566,0.0979218805466,intermediate_shell,iron_group_layer,fe56,unstable,yes
A2_20M,20M_pre_supernova_single_profile,20M,19.98,single,128net,inner_shell,5,1.3,0.3,0.00790149938156,0.04706653558,0.21069208787,0.004654462687,0.0502543653,0.02037823456,0,0.010271949196,0.061186496254,0.273899714231,0.0060508014931,0.06533067489,0.026491704928,0.172888490521,0.175642243271,0.281766477384,72.6645230857,0.188491175224,0.0143516365085,11.0546666108,0.0829554256693,intermediate_shell,iron_group_layer,fe56,unstable,yes
A2_20M,20M_pre_supernova_single_profile,20M,19.98,single,128net,inner_shell,5,1.35,0.35,0.00790149938156,0.04706653558,0.21069208787,0.004654462687,0.0502543653,0.02037823456,0,0.0106670241651,0.063539823033,0.284434318625,0.00628352462745,0.067843393155,0.027510616656,0.201703238941,0.204915950482,0.328727556948,84.7752769333,0.219906371094,0.0167435759266,12.8971110459,0.071957401556,intermediate_shell,iron_group_layer,fe56,unstable,yes
A2_20M,20M_pre_supernova_single_profile,20M,19.98,single,128net,inner_shell,5,1.4,0.4,0.00790149938156,0.04706653558,0.21069208787,0.004654462687,0.0502543653,0.02037823456,0,0.0110620991342,0.065893149812,0.294968923018,0.0065162477618,0.07035611142,0.028529528384,0.230517987362,0.234189657694,0.375688636512,96.8860307809,0.251321566965,0.0191355153446,14.7395554811,0.0635341958166,intermediate_shell,iron_group_layer,fe56,unstable,yes
A2_20M,20M_pre_supernova_single_profile,20M,19.98,single,128net,inner_shell,5,1.45,0.45,0.00790149938156,0.04706653558,0.21069208787,0.004654462687,0.0502543653,0.02037823456,0,0.0114571741033,0.068246476591,0.305503527411,0.00674897089615,0.072868829685,0.029548440112,0.259332735782,0.263463364906,0.422649716076,108.996784629,0.282736762836,0.0215274547627,16.5819999162,0.0568763510845,intermediate_shell,iron_group_layer,fe56,unstable,yes
A2_20M,20M_pre_supernova_single_profile,20M,19.98,single,128net,inner_shell,5,1.5,0.5,0.00790149938156,0.04706653558,0.21069208787,0.004654462687,0.0502543653,0.02037823456,0,0.0118522490723,0.07059980337,0.316038131805,0.0069816940305,0.07538154795,0.03056735184,0.288147484202,0.292737072118,0.46961079564,121.107538476,0.314151958706,0.0239193941808,18.4244443513,0.0514815240999,intermediate_shell,iron_group_layer,fe56,unstable,yes
A2_20M,20M_pre_supernova_single_profile,20M,19.98,single,128net,inner_shell,5,0.5,0.5,0.0136017620517,0.02560150477,0.13265677372,0.004560004872,0.0349915911,1.80957684814,0,0.00680088102585,0.012800752385,0.06632838686,0.002280002436,0.01749579555,0.90478842407,0.49602149246,0.159232232749,0.295678179867,118.649778207,0.218740736585,2.12403001858,18.2467312623,0.0519568744621,intermediate_shell,iron_group_layer,fe56,unstable,yes
A2_20M,20M_pre_supernova_single_profile,20M,19.98,single,128net,inner_shell,5,0.55,0.45,0.0136017620517,0.02560150477,0.13265677372,0.004560004872,0.0349915911,1.80957684814,0,0.00748096912844,0.0140808276235,0.072961225546,0.0025080026796,0.019245375105,0.995267266477,0.446419343214,0.143309009474,0.26611036188,106.784800387,0.196866662926,1.91162701672,16.422058136,0.0573984997749,intermediate_shell,iron_group_layer,fe56,unstable,yes
A2_20M,20M_pre_supernova_single_profile,20M,19.98,single,128net,inner_shell,5,0.6,0.4,0.0136017620517,0.02560150477,0.13265677372,0.004560004872,0.0349915911,1.80957684814,0,0.00816105723102,0.015360902862,0.079594064232,0.0027360029232,0.02099495466,1.08574610888,0.396817193968,0.127385786199,0.236542543893,94.9198225659,0.174992589268,1.69922401486,14.5973850098,0.0641133112615,intermediate_shell,iron_group_layer,fe56,unstable,yes
A2_20M,20M_pre_supernova_single_profile,20M,19.98,single,128net,inner_shell,5,0.65,0.35,0.0136017620517,0.02560150477,0.13265677372,0.004560004872,0.0349915911,1.80957684814,0,0.00884114533361,0.0166409781005,0.086226902918,0.0029640031668,0.022744534215,1.17622495129,0.347215044722,0.111462562925,0.206974725907,83.0548447452,0.153118515609,1.48682101301,12.7727118836,0.0726073418549,intermediate_shell,iron_group_layer,fe56,unstable,yes
A2_20M,20M_pre_supernova_single_profile,20M,19.98,single,128net,inner_shell,5,0.7,0.3,0.0136017620517,0.02560150477,0.13265677372,0.004560004872,0.0349915911,1.80957684814,0,0.00952123343619,0.017921053339,0.092859741604,0.0031920034104,0.02449411377,1.2667037937,0.297612895476,0.0955393396496,0.17740690792,71.1898669245,0.131244441951,1.27441801115,10.9480387574,0.0836957445743,intermediate_shell,iron_group_layer,fe56,unstable,yes
A2_20M,20M_pre_supernova_single_profile,20M,19.98,single,128net,inner_shell,5,0.75,0.25,0.0136017620517,0.02560150477,0.13265677372,0.004560004872,0.0349915911,1.80957684814,0,0.0102013215388,0.0192011285775,0.09949258029,0.003420003654,0.026243693325,1.35718263611,0.24801074623,0.0796161163747,0.147839089933,59.3248891037,0.109370368292,1.06201500929,9.12336563113,0.0987813773045,intermediate_shell,iron_group_layer,fe56,unstable,yes
A2_20M,20M_pre_supernova_single_profile,20M,19.98,single,128net,inner_shell,5,0.8,0.2,0.0136017620517,0.02560150477,0.13265677372,0.004560004872,0.0349915911,1.80957684814,0,0.0108814096414,0.020481203816,0.106125418976,0.0036480038976,0.02799327288,1.44766147851,0.198408596984,0.0636928930997,0.118271271947,47.459911283,0.0874962946338,0.849612007432,7.29869250491,0.120500910162,intermediate_shell,iron_group_layer,fe56,unstable,yes
A2_20M,20M_pre_supernova_single_profile,20M,19.98,single,128net,inner_shell,5,0.85,0.15,0.0136017620517,0.02560150477,0.13265677372,0.004560004872,0.0349915911,1.80957684814,0,0.0115614977439,0.0217612790545,0.112758257662,0.0038760041412,0.029742852435,1.53814032092,0.148806447738,0.0477696698248,0.08870345396,35.5949334622,0.0656222209754,0.637209005574,5.47401937868,0.154463547529,intermediate_shell,iron_group_layer,fe56,unstable,yes
A2_20M,20M_pre_supernova_single_profile,20M,19.98,single,128net,inner_shell,5,0.9,0.1,0.0136017620517,0.02560150477,0.13265677372,0.004560004872,0.0349915911,1.80957684814,0,0.0122415858465,0.023041354293,0.119391096348,0.0041040043848,0.03149243199,1.62861916333,0.0992042984919,0.0318464465499,0.0591356359733,23.7299556415,0.0437481473169,0.424806003716,3.64934625245,0.215084002288,intermediate_shell,iron_group_layer,fe56,unstable,yes
A2_20M,20M_pre_supernova_single_profile,20M,19.98,single,128net,inner_shell,5,0.95,0.05,0.0136017620517,0.02560150477,0.13265677372,0.004560004872,0.0349915911,1.80957684814,0,0.0129216739491,0.0243214295315,0.126023935034,0.0043320046284,0.033242011545,1.71909800573,0.049602149246,0.0159232232749,0.0295678179867,11.8649778207,0.0218740736585,0.212403001858,1.82467312623,0.354023264043,intermediate_shell,iron_group_layer,fe56,valid,no
A2_20M,20M_pre_supernova_single_profile,20M,19.98,single,128net,inner_shell,5,1,0,0.0136017620517,0.02560150477,0.13265677372,0.004560004872,0.0349915911,1.80957684814,0,0.0136017620517,0.02560150477,0.13265677372,0.004560004872,0.0349915911,1.80957684814,0,0,0,0,0,0,0,1,intermediate_shell,iron_group_layer,fe56,valid,no
A2_20M,20M_pre_supernova_single_profile,20M,19.98,single,128net,inner_shell,5,1.05,0.05,0.0136017620517,0.02560150477,0.13265677372,0.004560004872,0.0349915911,1.80957684814,0,0.0142818501543,0.0268815800085,0.139289612406,0.0047880051156,0.036741170655,1.90005569055,0.049602149246,0.0159232232749,0.0295678179867,11.8649778207,0.0218740736585,0.212403001858,1.82467312623,0.354023264043,intermediate_shell,iron_group_layer,fe56,valid,no
A2_20M,20M_pre_supernova_single_profile,20M,19.98,single,128net,inner_shell,5,1.1,0.1,0.0136017620517,0.02560150477,0.13265677372,0.004560004872,0.0349915911,1.80957684814,0,0.0149619382569,0.028161655247,0.145922451092,0.0050160053592,0.03849075021,1.99053453295,0.0992042984919,0.0318464465499,0.0591356359733,23.7299556415,0.0437481473169,0.424806003716,3.64934625245,0.215084002288,intermediate_shell,iron_group_layer,fe56,unstable,yes
A2_20M,20M_pre_supernova_single_profile,20M,19.98,single,128net,inner_shell,5,1.15,0.15,0.0136017620517,0.02560150477,0.13265677372,0.004560004872,0.0349915911,1.80957684814,0,0.0156420263595,0.0294417304855,0.152555289778,0.0052440056028,0.040240329765,2.08101337536,0.148806447738,0.0477696698248,0.08870345396,35.5949334622,0.0656222209754,0.637209005574,5.47401937868,0.154463547529,intermediate_shell,iron_group_layer,fe56,unstable,yes
A2_20M,20M_pre_supernova_single_profile,20M,19.98,single,128net,inner_shell,5,1.2,0.2,0.0136017620517,0.02560150477,0.13265677372,0.004560004872,0.0349915911,1.80957684814,0,0.016322114462,0.030721805724,0.159188128464,0.0054720058464,0.04198990932,2.17149221777,0.198408596984,0.0636928930997,0.118271271947,47.459911283,0.0874962946338,0.849612007432,7.29869250491,0.120500910162,intermediate_shell,iron_group_layer,fe56,unstable,yes
A2_20M,20M_pre_supernova_single_profile,20M,19.98,single,128net,inner_shell,5,1.25,0.25,0.0136017620517,0.02560150477,0.13265677372,0.004560004872,0.0349915911,1.80957684814,0,0.0170022025646,0.0320018809625,0.16582096715,0.00570000609,0.043739488875,2.26197106018,0.24801074623,0.0796161163747,0.147839089933,59.3248891037,0.109370368292,1.06201500929,9.12336563113,0.0987813773045,intermediate_shell,iron_group_layer,fe56,unstable,yes
A2_20M,20M_pre_supernova_single_profile,20M,19.98,single,128net,inner_shell,5,1.3,0.3,0.0136017620517,0.02560150477,0.13265677372,0.004560004872,0.0349915911,1.80957684814,0,0.0176822906672,0.033281956201,0.172453805836,0.0059280063336,0.04548906843,2.35244990258,0.297612895476,0.0955393396496,0.17740690792,71.1898669245,0.131244441951,1.27441801115,10.9480387574,0.0836957445743,intermediate_shell,iron_group_layer,fe56,unstable,yes
A2_20M,20M_pre_supernova_single_profile,20M,19.98,single,128net,inner_shell,5,1.35,0.35,0.0136017620517,0.02560150477,0.13265677372,0.004560004872,0.0349915911,1.80957684814,0,0.0183623787698,0.0345620314395,0.179086644522,0.0061560065772,0.047238647985,2.44292874499,0.347215044722,0.111462562925,0.206974725907,83.0548447452,0.153118515609,1.48682101301,12.7727118836,0.0726073418549,intermediate_shell,iron_group_layer,fe56,unstable,yes
A2_20M,20M_pre_supernova_single_profile,20M,19.98,single,128net,inner_shell,5,1.4,0.4,0.0136017620517,0.02560150477,0.13265677372,0.004560004872,0.0349915911,1.80957684814,0,0.0190424668724,0.035842106678,0.185719483208,0.0063840068208,0.04898822754,2.5334075874,0.396817193968,0.127385786199,0.236542543893,94.9198225659,0.174992589268,1.69922401486,14.5973850098,0.0641133112615,intermediate_shell,iron_group_layer,fe56,unstable,yes
A2_20M,20M_pre_supernova_single_profile,20M,19.98,single,128net,inner_shell,5,1.45,0.45,0.0136017620517,0.02560150477,0.13265677372,0.004560004872,0.0349915911,1.80957684814,0,0.019722554975,0.0371221819165,0.192352321894,0.0066120070644,0.050737807095,2.6238864298,0.446419343214,0.143309009474,0.26611036188,106.784800387,0.196866662926,1.91162701672,16.422058136,0.0573984997749,intermediate_shell,iron_group_layer,fe56,unstable,yes
A2_20M,20M_pre_supernova_single_profile,20M,19.98,single,128net,inner_shell,5,1.5,0.5,0.0136017620517,0.02560150477,0.13265677372,0.004560004872,0.0349915911,1.80957684814,0,0.0204026430775,0.038402257155,0.19898516058,0.006840007308,0.05248738665,2.71436527221,0.49602149246,0.159232232749,0.295678179867,118.649778207,0.218740736585,2.12403001858,18.2467312623,0.0519568744621,intermediate_shell,iron_group_layer,fe56,unstable,yes
A2_20M,20M_pre_supernova_single_profile,20M,19.98,single,128net,inner_shell,5,0.5,0.5,0.00695028780334,0.02119125986,0.10050517581,0.000178361556,0.0468860635,0.79539549499,0,0.00347514390167,0.01059562993,0.050252587905,8.9180778e-05,0.02344303175,0.397697747495,0.253459229483,0.131802081659,0.224015605214,4.64090711615,0.293095905134,0.933612689474,0.953335271628,0.511944884488,intermediate_shell,iron_group_layer,fe56,valid,no
A2_20M,20M_pre_supernova_single_profile,20M,19.98,single,128net,inner_shell,5,0.55,0.45,0.00695028780334,0.02119125986,0.10050517581,0.000178361556,0.0468860635,0.79539549499,0,0.00382265829184,0.011655192923,0.0552778466955,9.80988558e-05,0.025787334925,0.437467522245,0.228113306535,0.118621873493,0.201614044693,4.17681640453,0.263786314621,0.840251420527,0.858001744465,0.538212627076,intermediate_shell,iron_group_layer,fe56,valid,no
A2_20M,20M_pre_supernova_single_profile,20M,19.98,single,128net,inner_shell,5,0.6,0.4,0.00695028780334,0.02119125986,0.10050517581,0.000178361556,0.0468860635,0.79539549499,0,0.004170172682,0.012714755916,0.060303105486,0.0001070169336,0.0281316381,0.477237296994,0.202767383587,0.105441665327,0.179212484171,3.71272569292,0.234476724107,0.746890151579,0.762668217303,0.567321739953,intermediate_shell,iron_group_layer,fe56,valid,no
A2_20M,20M_pre_supernova_single_profile,20M,19.98,single,128net,inner_shell,5,0.65,0.35,0.00695028780334,0.02119125986,0.10050517581,0.000178361556,0.0468860635,0.79539549499,0,0.00451768707217,0.013774318909,0.0653283642765,0.0001159350114,0.030475941275,0.517007071744,0.177421460638,0.092261457161,0.15681092365,3.2486349813,0.205167133594,0.653528882632,0.66733469014,0.599759607902,intermediate_shell,iron_group_layer,fe56,valid,no
A2_20M,20M_pre_supernova_single_profile,20M,19.98,single,128net,inner_shell,5,0.7,0.3,0.00695028780334,0.02119125986,0.10050517581,0.000178361556,0.0468860635,0.79539549499,0,0.00486520146234,0.014833881902,0.070353623067,0.0001248530892,0.03282024445,0.556776846493,0.15207553769,0.0790812489952,0.134409363129,2.78454426969,0.175857543081,0.560167613684,0.572001162977,0.636131844907,intermediate_shell,iron_group_layer,fe56,valid,no
A2_20M,20M_pre_supernova_single_profile,20M,19.98,single,128net,inner_shell,5,0.75,0.25,0.00695028780334,0.02119125986,0.10050517581,0.000178361556,0.0468860635,0.79539549499,0,0.00521271585251,0.015893444895,0.0753788818575,0.000133771167,0.035164547625,0.596546621242,0.126729614742,0.0659010408293,0.112007802607,2.32045355807,0.146547952567,0.466806344737,0.476667635814,0.677200458483,intermediate_shell,iron_group_layer,fe56,valid,no
A2_20M,20M_pre_supernova_single_profile,20M,19.98,single,128net,inner_shell,5,0.8,0.2,0.00695028780334,0.02119125986,0.10050517581,0.000178361556,0.0468860635,0.79539549499,0,0.00556023024267,0.016953007888,0.080404140648,0.0001426892448,0.0375088508,0.636316395992,0.101383691793,0.0527208326635,0.0896062420857,1.85636284646,0.117238362054,0.37344507579,0.381334108651,0.723937817605,intermediate_shell,iron_group_layer,fe56,valid,no
A2_20M,20M_pre_supernova_single_profile,20M,19.98,single,128net,inner_shell,5,0.85,0.15,0.00695028780334,0.02119125986,0.10050517581,0.000178361556,0.0468860635,0.79539549499,0,0.00590774463284,0.018012570881,0.0854293994385,0.0001516073226,0.039853153975,0.676086170742,0.076037768845,0.0395406244976,0.0672046815643,1.39227213484,0.0879287715403,0.280083806842,0.286000581488,0.777604625064,intermediate_shell,iron_group_layer,fe56,valid,no
A2_20M,20M_pre_supernova_single_profile,20M,19.98,single,128net,inner_shell,5,0.9,0.1,0.00695028780334,0.02119125986,0.10050517581,0.000178361556,0.0468860635,0.79539549499,0,0.00625525902301,0.019072133874,0.090454658229,0.0001605254004,0.04219745715,0.715855945491,0.0506918458966,0.0263604163317,0.0448031210429,0.928181423229,0.0586191810268,0.186722537895,0.190667054326,0.839865348056,intermediate_shell,iron_group_layer,fe56,valid,no
A2_20M,20M_pre_supernova_single_profile,20M,19.98,single,128net,inner_shell,5,0.95,0.05,0.00695028780334,0.02119125986,0.10050517581,0.000178361556,0.0468860635,0.79539549499,0,0.00660277341317,0.020131696867,0.0954799170195,0.0001694434782,0.044541760325,0.75562572024,0.0253459229483,0.0131802081659,0.0224015605214,0.464090711615,0.0293095905134,0.0933612689474,0.0953335271628,0.912963928522,intermediate_shell,iron_group_layer,fe56,valid,no
A2_20M,20M_pre_supernova_single_profile,20M,19.98,single,128net,inner_shell,5,1,0,0.00695028780334,0.02119125986,0.10050517581,0.000178361556,0.0468860635,0.79539549499,0,0.00695028780334,0.02119125986,0.10050517581,0.000178361556,0.0468860635,0.79539549499,0,0,0,0,0,0,0,1,intermediate_shell,iron_group_layer,fe56,valid,no
A2_20M,20M_pre_supernova_single_profile,20M,19.98,single,128net,inner_shell,5,1.05,0.05,0.00695028780334,0.02119125986,0.10050517581,0.000178361556,0.0468860635,0.79539549499,0,0.00729780219351,0.022250822853,0.105530434601,0.0001872796338,0.049230366675,0.83516526974,0.0253459229483,0.0131802081659,0.0224015605214,0.464090711615,0.0293095905134,0.0933612689474,0.0953335271628,0.912963928522,intermediate_shell,iron_group_layer,fe56,valid,no
A2_20M,20M_pre_supernova_single_profile,20M,19.98,single,128net,inner_shell,5,1.1,0.1,0.00695028780334,0.02119125986,0.10050517581,0.000178361556,0.0468860635,0.79539549499,0,0.00764531658367,0.023310385846,0.110555693391,0.0001961977116,0.05157466985,0.874935044489,0.0506918458966,0.0263604163317,0.0448031210429,0.928181423229,0.0586191810268,0.186722537895,0.190667054326,0.839865348056,intermediate_shell,iron_group_layer,fe56,valid,no
A2_20M,20M_pre_supernova_single_profile,20M,19.98,single,128net,inner_shell,5,1.15,0.15,0.00695028780334,0.02119125986,0.10050517581,0.000178361556,0.0468860635,0.79539549499,0,0.00799283097384,0.024369948839,0.115580952181,0.0002051157894,0.053918973025,0.914704819238,0.076037768845,0.0395406244976,0.0672046815643,1.39227213484,0.0879287715403,0.280083806842,0.286000581488,0.777604625064,intermediate_shell,iron_group_layer,fe56,valid,no
A2_20M,20M_pre_supernova_single_profile,20M,19.98,single,128net,inner_shell,5,1.2,0.2,0.00695028780334,0.02119125986,0.10050517581,0.000178361556,0.0468860635,0.79539549499,0,0.00834034536401,0.025429511832,0.120606210972,0.0002140338672,0.0562632762,0.954474593988,0.101383691793,0.0527208326635,0.0896062420857,1.85636284646,0.117238362054,0.37344507579,0.381334108651,0.723937817605,intermediate_shell,iron_group_layer,fe56,valid,no
A2_20M,20M_pre_supernova_single_profile,20M,19.98,single,128net,inner_shell,5,1.25,0.25,0.00695028780334,0.02119125986,0.10050517581,0.000178361556,0.0468860635,0.79539549499,0,0.00868785975417,0.026489074825,0.125631469763,0.000222951945,0.058607579375,0.994244368737,0.126729614742,0.0659010408293,0.112007802607,2.32045355807,0.146547952567,0.466806344737,0.476667635814,0.677200458483,intermediate_shell,iron_group_layer,fe56,valid,no
A2_20M,20M_pre_supernova_single_profile,20M,19.98,single,128net,inner_shell,5,1.3,0.3,0.00695028780334,0.02119125986,0.10050517581,0.000178361556,0.0468860635,0.79539549499,0,0.00903537414434,0.027548637818,0.130656728553,0.0002318700228,0.06095188255,1.03401414349,0.15207553769,0.0790812489952,0.134409363129,2.78454426969,0.175857543081,0.560167613684,0.572001162977,0.636131844907,intermediate_shell,iron_group_layer,fe56,valid,no
A2_20M,20M_pre_supernova_single_profile,20M,19.98,single,128net,inner_shell,5,1.35,0.35,0.00695028780334,0.02119125986,0.10050517581,0.000178361556,0.0468860635,0.79539549499,0,0.00938288853451,0.028608200811,0.135681987344,0.0002407881006,0.063296185725,1.07378391824,0.177421460638,0.092261457161,0.15681092365,3.2486349813,0.205167133594,0.653528882632,0.66733469014,0.599759607902,intermediate_shell,iron_group_layer,fe56,valid,no
A2_20M,20M_pre_supernova_single_profile,20M,19.98,single,128net,inner_shell,5,1.4,0.4,0.00695028780334,0.02119125986,0.10050517581,0.000178361556,0.0468860635,0.79539549499,0,0.00973040292468,0.029667763804,0.140707246134,0.0002497061784,0.0656404889,1.11355369299,0.202767383587,0.105441665327,0.179212484171,3.71272569292,0.234476724107,0.746890151579,0.762668217303,0.567321739953,intermediate_shell,iron_group_layer,fe56,valid,no
A2_20M,20M_pre_supernova_single_profile,20M,19.98,single,128net,inner_shell,5,1.45,0.45,0.00695028780334,0.02119125986,0.10050517581,0.000178361556,0.0468860635,0.79539549499,0,0.0100779173148,0.030727326797,0.145732504925,0.0002586242562,0.067984792075,1.15332346774,0.228113306535,0.118621873493,0.201614044693,4.17681640453,0.263786314621,0.840251420527,0.858001744465,0.538212627076,intermediate_shell,iron_group_layer,fe56,valid,no
A2_20M,20M_pre_supernova_single_profile,20M,19.98,single,128net,inner_shell,5,1.5,0.5,0.00695028780334,0.02119125986,0.10050517581,0.000178361556,0.0468860635,0.79539549499,0,0.010425431705,0.03178688979,0.150757763715,0.000267542334,0.07032909525,1.19309324248,0.253459229483,0.131802081659,0.224015605214,4.64090711615,0.293095905134,0.933612689474,0.953335271628,0.511944884488,intermediate_shell,iron_group_layer,fe56,valid,no
A2_20M,20M_pre_supernova_single_profile,20M,19.98,single,128net,inner_shell,5,0.5,0.5,0.00539391684966,0.0026516834,0.12586438344,0.00033209877,0.0266594015,0.62387199636,0,0.00269695842483,0.0013258417,0.06293219172,0.000166049385,0.01332970075,0.31193599818,0.196702359283,0.0164925254246,0.28053864693,8.6410972158,0.166654242854,0.732283267982,1.49464015774,0.400859417297,intermediate_shell,iron_group_layer,fe56,valid,no
A2_20M,20M_pre_supernova_single_profile,20M,19.98,single,128net,inner_shell,5,0.55,0.45,0.00539391684966,0.0026516834,0.12586438344,0.00033209877,0.0266594015,0.62387199636,0,0.00296665426731,0.00145842587,0.069225410892,0.0001826543235,0.014662670825,0.343129597998,0.177032123354,0.0148432728821,0.252484782237,7.77698749422,0.149988818568,0.659054941183,1.34517614197,0.426407203324,intermediate_shell,iron_group_layer,fe56,valid,no
A2_20M,20M_pre_supernova_single_profile,20M,19.98,single,128net,inner_shell,5,0.6,0.4,0.00539391684966,0.0026516834,0.12586438344,0.00033209877,0.0266594015,0.62387199636,0,0.0032363501098,0.00159101004,0.075518630064,0.000199259262,0.0159956409,0.374323197816,0.157361887426,0.0131940203397,0.224430917544,6.91287777264,0.133323394283,0.585826614385,1.1957121262,0.455433108953,intermediate_shell,iron_group_layer,fe56,valid,no
A2_20M,20M_pre_supernova_single_profile,20M,19.98,single,128net,inner_shell,5,0.65,0.35,0.00539391684966,0.0026516834,0.12586438344,0.00033209877,0.0266594015,0.62387199636,0,0.00350604595228,0.00172359421,0.081811849236,0.0002158642005,0.017328610975,0.405516797634,0.137691651498,0.0115447677972,0.196377052851,6.04876805106,0.116657969998,0.512598287587,1.04624811042,0.488699290622,intermediate_shell,iron_group_layer,fe56,valid,no
A2_20M,20M_pre_supernova_single_profile,20M,19.98,single,128net,inner_shell,5,0.7,0.3,0.00539391684966,0.0026516834,0.12586438344,0.00033209877,0.0266594015,0.62387199636,0,0.00377574179476,0.00185617838,0.088105068408,0.000232469139,0.01866158105,0.436710397452,0.11802141557,0.00989551525474,0.168323188158,5.18465832948,0.0999925457122,0.439369960789,0.896784094647,0.527208132345,intermediate_shell,iron_group_layer,fe56,valid,no
A2_20M,20M_pre_supernova_single_profile,20M,19.98,single,128net,inner_shell,5,0.75,0.25,0.00539391684966,0.0026516834,0.12586438344,0.00033209877,0.0266594015,0.62387199636,0,0.00404543763724,0.00198876255,0.09439828758,0.0002490740775,0.019994551125,0.46790399727,0.0983511796414,0.00824626271228,0.140269323465,4.3205486079,0.0833271214268,0.366141633991,0.747320078872,0.572304989848,intermediate_shell,iron_group_layer,fe56,valid,no
A2_20M,20M_pre_supernova_single_profile,20M,19.98,single,128net,inner_shell,5,0.8,0.2,0.00539391684966,0.0026516834,0.12586438344,0.00033209877,0.0266594015,0.62387199636,0,0.00431513347973,0.00212134672,0.100691506752,0.000265679016,0.0213275212,0.499097597088,0.0786809437131,0.00659701016983,0.112215458772,3.45643888632,0.0666616971415,0.292913307193,0.597856063098,0.625838599042,intermediate_shell,iron_group_layer,fe56,valid,no
A2_20M,20M_pre_supernova_single_profile,20M,19.98,single,128net,inner_shell,5,0.85,0.15,0.00539391684966,0.0026516834,0.12586438344,0.00033209877,0.0266594015,0.62387199636,0,0.00458482932221,0.00225393089,0.106984725924,0.0002822839545,0.022660491275,0.530291196906,0.0590107077848,0.00494775762737,0.0841615940791,2.59232916474,0.0499962728561,0.219684980394,0.448392047323,0.690420802743,intermediate_shell,iron_group_layer,fe56,valid,no
A2_20M,20M_pre_supernova_single_profile,20M,19.98,single,128net,inner_shell,5,0.9,0.1,0.00539391684966,0.0026516834,0.12586438344,0.00033209877,0.0266594015,0.62387199636,0,0.00485452516469,0.00238651506,0.113277945096,0.000298888893,0.02399346135,0.561484796724,0.0393404718566,0.00329850508491,0.0561077293861,1.72821944316,0.0333308485707,0.146456653596,0.298928031549,0.76986559356,intermediate_shell,iron_group_layer,fe56,valid,no
A2_20M,20M_pre_supernova_single_profile,20M,19.98,single,128net,inner_shell,5,0.95,0.05,0.00539391684966,0.0026516834,0.12586438344,0.00033209877,0.0266594015,0.62387199636,0,0.00512422100718,0.00251909923,0.119571164268,0.0003154938315,0.025326431425,0.592678396542,0.0196702359283,0.00164925254246,0.028053864693,0.86410972158,0.0166654242854,0.0732283267982,0.149464015774,0.869970687448,intermediate_shell,iron_group_layer,fe56,valid,no
A2_20M,20M_pre_supernova_single_profile,20M,19.98,single,128net,inner_shell,5,1,0,0.00539391684966,0.0026516834,0.12586438344,0.00033209877,0.0266594015,0.62387199636,0,0.00539391684966,0.0026516834,0.12586438344,0.00033209877,0.0266594015,0.62387199636,0,0,0,0,0,0,0,1,intermediate_shell,iron_group_layer,fe56,valid,no
A2_20M,20M_pre_supernova_single_profile,20M,19.98,single,128net,inner_shell,5,1.05,0.05,0.00539391684966,0.0026516834,0.12586438344,0.00033209877,0.0266594015,0.62387199636,0,0.00566361269214,0.00278426757,0.132157602612,0.0003487037085,0.027992371575,0.655065596178,0.0196702359283,0.00164925254246,0.028053864693,0.86410972158,0.0166654242854,0.0732283267982,0.149464015774,0.869970687448,intermediate_shell,iron_group_layer,fe56,valid,no
A2_20M,20M_pre_supernova_single_profile,20M,19.98,single,128net,inner_shell,5,1.1,0.1,0.00539391684966,0.0026516834,0.12586438344,0.00033209877,0.0266594015,0.62387199636,0,0.00593330853463,0.00291685174,0.138450821784,0.000365308647,0.02932534165,0.686259195996,0.0393404718566,0.00329850508491,0.0561077293861,1.72821944316,0.0333308485707,0.146456653596,0.298928031549,0.76986559356,intermediate_shell,iron_group_layer,fe56,valid,no
A2_20M,20M_pre_supernova_single_profile,20M,19.98,single,128net,inner_shell,5,1.15,0.15,0.00539391684966,0.0026516834,0.12586438344,0.00033209877,0.0266594015,0.62387199636,0,0.00620300437711,0.00304943591,0.144744040956,0.0003819135855,0.030658311725,0.717452795814,0.0590107077848,0.00494775762737,0.0841615940791,2.59232916474,0.0499962728561,0.219684980394,0.448392047323,0.690420802743,intermediate_shell,iron_group_layer,fe56,valid,no
A2_20M,20M_pre_supernova_single_profile,20M,19.98,single,128net,inner_shell,5,1.2,0.2,0.00539391684966,0.0026516834,0.12586438344,0.00033209877,0.0266594015,0.62387199636,0,0.00647270021959,0.00318202008,0.151037260128,0.000398518524,0.0319912818,0.748646395632,0.0786809437131,0.00659701016983,0.112215458772,3.45643888632,0.0666616971415,0.292913307193,0.597856063098,0.625838599042,intermediate_shell,iron_group_layer,fe56,valid,no
A2_20M,20M_pre_supernova_single_profile,20M,19.98,single,128net,inner_shell,5,1.25,0.25,0.00539391684966,0.0026516834,0.12586438344,0.00033209877,0.0266594015,0.62387199636,0,0.00674239606207,0.00331460425,0.1573304793,0.0004151234625,0.033324251875,0.77983999545,0.0983511796414,0.00824626271228,0.140269323465,4.3205486079,0.0833271214268,0.366141633991,0.747320078872,0.572304989848,intermediate_shell,iron_group_layer,fe56,valid,no
A2_20M,20M_pre_supernova_single_profile,20M,19.98,single,128net,inner_shell,5,1.3,0.3,0.00539391684966,0.0026516834,0.12586438344,0.00033209877,0.0266594015,0.62387199636,0,0.00701209190456,0.00344718842,0.163623698472,0.000431728401,0.03465722195,0.811033595268,0.11802141557,0.00989551525474,0.168323188158,5.18465832948,0.0999925457122,0.439369960789,0.896784094647,0.527208132345,intermediate_shell,iron_group_layer,fe56,valid,no
A2_20M,20M_pre_supernova_single_profile,20M,19.98,single,128net,inner_shell,5,1.35,0.35,0.00539391684966,0.0026516834,0.12586438344,0.00033209877,0.0266594015,0.62387199636,0,0.00728178774704,0.00357977259,0.169916917644,0.0004483333395,0.035990192025,0.842227195086,0.137691651498,0.0115447677972,0.196377052851,6.04876805106,0.116657969998,0.512598287587,1.04624811042,0.488699290622,intermediate_shell,iron_group_layer,fe56,valid,no
A2_20M,20M_pre_supernova_single_profile,20M,19.98,single,128net,inner_shell,5,1.4,0.4,0.00539391684966,0.0026516834,0.12586438344,0.00033209877,0.0266594015,0.62387199636,0,0.00755148358952,0.00371235676,0.176210136816,0.000464938278,0.0373231621,0.873420794904,0.157361887426,0.0131940203397,0.224430917544,6.91287777264,0.133323394283,0.585826614385,1.1957121262,0.455433108953,intermediate_shell,iron_group_layer,fe56,valid,no
A2_20M,20M_pre_supernova_single_profile,20M,19.98,single,128net,inner_shell,5,1.45,0.45,0.00539391684966,0.0026516834,0.12586438344,0.00033209877,0.0266594015,0.62387199636,0,0.00782117943201,0.00384494093,0.182503355988,0.0004815432165,0.038656132175,0.904614394722,0.177032123354,0.0148432728821,0.252484782237,7.77698749422,0.149988818568,0.659054941183,1.34517614197,0.426407203324,intermediate_shell,iron_group_layer,fe56,valid,no
A2_20M,20M_pre_supernova_single_profile,20M,19.98,single,128net,inner_shell,5,1.5,0.5,0.00539391684966,0.0026516834,0.12586438344,0.00033209877,0.0266594015,0.62387199636,0,0.00809087527449,0.0039775251,0.18879657516,0.000498148155,0.03998910225,0.93580799454,0.196702359283,0.0164925254246,0.28053864693,8.6410972158,0.166654242854,0.732283267982,1.49464015774,0.400859417297,intermediate_shell,iron_group_layer,fe56,valid,no
A2_20M,20M_pre_supernova_single_profile,20M,19.98,single,128net,inner_shell,5,0.5,0.5,0.0114461319538,0.05455727841,0.22158394762,0.003940550507,0.0423489281,0.42585807067,1,0.0057230659769,0.027278639205,0.11079197381,0.0019702752535,0.02117446405,0.212929035335,0.417411173129,0.339326822075,0.493887620531,102.531785995,0.264733195461,0.49986013398,15.727222914,0.059782786727,intermediate_shell,helium_rich,he4,unstable,yes
A2_20M,20M_pre_supernova_single_profile,20M,19.98,single,128net,inner_shell,5,0.55,0.45,0.0114461319538,0.05455727841,0.22158394762,0.003940550507,0.0423489281,0.42585807067,1,0.00629537257459,0.0300065031255,0.121871171191,0.00216730277885,0.023291910455,0.234221938869,0.375670055816,0.305394139868,0.444498858478,92.2786073952,0.238259875915,0.449874120582,14.1545006226,0.0659869978501,intermediate_shell,helium_rich,he4,unstable,yes
A2_20M,20M_pre_supernova_single_profile,20M,19.98,single,128net,inner_shell,5,0.6,0.4,0.0114461319538,0.05455727841,0.22158394762,0.003940550507,0.0423489281,0.42585807067,1,0.00686767917228,0.032734367046,0.132950368572,0.0023643303042,0.02540935686,0.255514842402,0.333928938503,0.27146145766,0.395110096425,82.0254287958,0.211786556369,0.399888107184,12.5817783312,0.0736280607456,intermediate_shell,helium_rich,he4,unstable,yes
A2_20M,20M_pre_supernova_single_profile,20M,19.98,single,128net,inner_shell,5,0.65,0.35,0.0114461319538,0.05455727841,0.22158394762,0.003940550507,0.0423489281,0.42585807067,1,0.00743998576997,0.0354622309665,0.144029565953,0.00256135782955,0.027526803265,0.276807745936,0.29218782119,0.237528775453,0.345721334372,71.7722501963,0.185313236823,0.349902093786,11.0090560398,0.0832704915931,intermediate_shell,helium_rich,he4,unstable,yes
A2_20M,20M_pre_supernova_single_profile,20M,19.98,single,128net,inner_shell,5,0.7,0.3,0.0114461319538,0.05455727841,0.22158394762,0.003940550507,0.0423489281,0.42585807067,1,0.00801229236766,0.038190094887,0.155108763334,0.0027583853549,0.02964424967,0.298100649469,0.250446703877,0.203596093245,0.296332572319,61.5190715968,0.158839917277,0.299916080388,9.43633374837,0.0958190897408,intermediate_shell,helium_rich,he4,unstable,yes
A2_20M,20M_pre_supernova_single_profile,20M,19.98,single,128net,inner_shell,5,0.75,0.25,0.0114461319538,0.05455727841,0.22158394762,0.003940550507,0.0423489281,0.42585807067,1,0.00858459896535,0.0409179588075,0.166187960715,0.00295541288025,0.031761696075,0.319393553002,0.208705586564,0.169663411038,0.246943810266,51.2658929974,0.13236659773,0.24993006699,7.86361145698,0.112820829845,intermediate_shell,helium_rich,he4,unstable,yes
A2_20M,20M_pre_supernova_single_profile,20M,19.98,single,128net,inner_shell,5,0.8,0.2,0.0114461319538,0.05455727841,0.22158394762,0.003940550507,0.0423489281,0.42585807067,1,0.00915690556304,0.043645822728,0.177267158096,0.0031524404056,0.03387914248,0.340686456536,0.166964469251,0.13573072883,0.197555048213,41.0127143979,0.105893278184,0.199944053592,6.29088916558,0.13715748207,intermediate_shell,helium_rich,he4,unstable,yes
A2_20M,20M_pre_supernova_single_profile,20M,19.98,single,128net,inner_shell,5,0.85,0.15,0.0114461319538,0.05455727841,0.22158394762,0.003940550507,0.0423489281,0.42585807067,1,0.00972921216073,0.0463736866485,0.188346355477,0.00334946793095,0.035996588885,0.36197936007,0.125223351939,0.101798046623,0.148166286159,30.7595357984,0.0794199586383,0.149958040194,4.71816687419,0.174881220154,intermediate_shell,helium_rich,he4,unstable,yes
A2_20M,20M_pre_supernova_single_profile,20M,19.98,single,128net,inner_shell,5,0.9,0.1,0.0114461319538,0.05455727841,0.22158394762,0.003940550507,0.0423489281,0.42585807067,1,0.0103015187584,0.049101550569,0.199425552858,0.0035464954563,0.03811403529,0.383272263603,0.0834822346257,0.0678653644151,0.0987775241063,20.5063571989,0.0529466390922,0.0999720267959,3.14544458279,0.241228649914,intermediate_shell,helium_rich,he4,unstable,yes
A2_20M,20M_pre_supernova_single_profile,20M,19.98,single,128net,inner_shell,5,0.95,0.05,0.0114461319538,0.05455727841,0.22158394762,0.003940550507,0.0423489281,0.42585807067,1,0.0108738253561,0.0518294144895,0.210504750239,0.00374352298165,0.040231481695,0.404565167136,0.0417411173129,0.0339326822075,0.0493887620531,10.2531785995,0.0264733195461,0.049986013398,1.5727222914,0.388693332096,intermediate_shell,helium_rich,he4,valid,no
A2_20M,20M_pre_supernova_single_profile,20M,19.98,single,128net,inner_shell,5,1,0,0.0114461319538,0.05455727841,0.22158394762,0.003940550507,0.0423489281,0.42585807067,1,0.0114461319538,0.05455727841,0.22158394762,0.003940550507,0.0423489281,0.42585807067,0,0,0,0,0,0,0,1,intermediate_shell,helium_rich,he4,valid,no
A2_20M,20M_pre_supernova_single_profile,20M,19.98,single,128net,inner_shell,5,1.05,0.05,0.0114461319538,0.05455727841,0.22158394762,0.003940550507,0.0423489281,0.42585807067,1,0.0120184385515,0.0572851423305,0.232663145001,0.00413757803235,0.044466374505,0.447150974203,0.0417411173129,0.0339326822075,0.0493887620531,10.2531785995,0.0264733195461,0.049986013398,1.5727222914,0.388693332096,intermediate_shell,helium_rich,he4,valid,no
A2_20M,20M_pre_supernova_single_profile,20M,19.98,single,128net,inner_shell,5,1.1,0.1,0.0114461319538,0.05455727841,0.22158394762,0.003940550507,0.0423489281,0.42585807067,1,0.0125907451492,0.060013006251,0.243742342382,0.0043346055577,0.04658382091,0.468443877737,0.0834822346257,0.0678653644151,0.0987775241063,20.5063571989,0.0529466390922,0.0999720267959,3.14544458279,0.241228649914,intermediate_shell,helium_rich,he4,unstable,yes
A2_20M,20M_pre_supernova_single_profile,20M,19.98,single,128net,inner_shell,5,1.15,0.15,0.0114461319538,0.05455727841,0.22158394762,0.003940550507,0.0423489281,0.42585807067,1,0.0131630517469,0.0627408701715,0.254821539763,0.00453163308305,0.048701267315,0.48973678127,0.125223351939,0.101798046623,0.148166286159,30.7595357984,0.0794199586383,0.149958040194,4.71816687419,0.174881220154,intermediate_shell,helium_rich,he4,unstable,yes
A2_20M,20M_pre_supernova_single_profile,20M,19.98,single,128net,inner_shell,5,1.2,0.2,0.0114461319538,0.05455727841,0.22158394762,0.003940550507,0.0423489281,0.42585807067,1,0.0137353583446,0.065468734092,0.265900737144,0.0047286606084,0.05081871372,0.511029684804,0.166964469251,0.13573072883,0.197555048213,41.0127143979,0.105893278184,0.199944053592,6.29088916558,0.13715748207,intermediate_shell,helium_rich,he4,unstable,yes
A2_20M,20M_pre_supernova_single_profile,20M,19.98,single,128net,inner_shell,5,1.25,0.25,0.0114461319538,0.05455727841,0.22158394762,0.003940550507,0.0423489281,0.42585807067,1,0.0143076649423,0.0681965980125,0.276979934525,0.00492568813375,0.052936160125,0.532322588338,0.208705586564,0.169663411038,0.246943810266,51.2658929974,0.13236659773,0.24993006699,7.86361145698,0.112820829845,intermediate_shell,helium_rich,he4,unstable,yes
A2_20M,20M_pre_supernova_single_profile,20M,19.98,single,128net,inner_shell,5,1.3,0.3,0.0114461319538,0.05455727841,0.22158394762,0.003940550507,0.0423489281,0.42585807067,1,0.0148799715399,0.070924461933,0.288059131906,0.0051227156591,0.05505360653,0.553615491871,0.250446703877,0.203596093245,0.296332572319,61.5190715968,0.158839917277,0.299916080388,9.43633374837,0.0958190897408,intermediate_shell,helium_rich,he4,unstable,yes
A2_20M,20M_pre_supernova_single_profile,20M,19.98,single,128net,inner_shell,5,1.35,0.35,0.0114461319538,0.05455727841,0.22158394762,0.003940550507,0.0423489281,0.42585807067,1,0.0154522781376,0.0736523258535,0.299138329287,0.00531974318445,0.057171052935,0.574908395405,0.29218782119,0.237528775453,0.345721334372,71.7722501963,0.185313236823,0.349902093786,11.0090560398,0.0832704915931,intermediate_shell,helium_rich,he4,unstable,yes
A2_20M,20M_pre_supernova_single_profile,20M,19.98,single,128net,inner_shell,5,1.4,0.4,0.0114461319538,0.05455727841,0.22158394762,0.003940550507,0.0423489281,0.42585807067,1,0.0160245847353,0.076380189774,0.310217526668,0.0055167707098,0.05928849934,0.596201298938,0.333928938503,0.27146145766,0.395110096425,82.0254287958,0.211786556369,0.399888107184,12.5817783312,0.0736280607456,intermediate_shell,helium_rich,he4,unstable,yes
A2_20M,20M_pre_supernova_single_profile,20M,19.98,single,128net,inner_shell,5,1.45,0.45,0.0114461319538,0.05455727841,0.22158394762,0.003940550507,0.0423489281,0.42585807067,1,0.016596891333,0.0791080536945,0.321296724049,0.00571379823515,0.061405945745,0.617494202471,0.375670055816,0.305394139868,0.444498858478,92.2786073952,0.238259875915,0.449874120582,14.1545006226,0.0659869978501,intermediate_shell,helium_rich,he4,unstable,yes
A2_20M,20M_pre_supernova_single_profile,20M,19.98,single,128net,inner_shell,5,1.5,0.5,0.0114461319538,0.05455727841,0.22158394762,0.003940550507,0.0423489281,0.42585807067,1,0.0171691979307,0.081835917615,0.33237592143,0.0059108257605,0.06352339215,0.638787106005,0.417411173129,0.339326822075,0.493887620531,102.531785995,0.264733195461,0.49986013398,15.727222914,0.059782786727,intermediate_shell,helium_rich,he4,unstable,yes
A2_20M,20M_pre_supernova_single_profile,20M,19.98,single,128net,inner_shell,5,0.5,0.5,0.0091906809517,0.06361981151,0.21918716163,0.001201960523,0.060747286,0.00108447919,1,0.00459534047585,0.031809905755,0.109593580815,0.0006009802615,0.030373643,0.000542239595,0.335160640589,0.39569254717,0.488545433328,31.2746046268,0.379745695107,0.00127293093767,4.98993031287,0.166946850425,intermediate_shell,silicon_rich_layer,si28,unstable,yes
A2_20M,20M_pre_supernova_single_profile,20M,19.98,single,128net,inner_shell,5,0.55,0.45,0.0091906809517,0.06361981151,0.21918716163,0.001201960523,0.060747286,0.00108447919,1,0.00505487452344,0.0349908963305,0.120552938896,0.00066107828765,0.0334110073,0.0005964635545,0.30164457653,0.356123292453,0.439690889995,28.1471441641,0.341771125596,0.0011456378439,4.49093728158,0.182118270291,intermediate_shell,silicon_rich_layer,si28,unstable,yes
A2_20M,20M_pre_supernova_single_profile,20M,19.98,single,128net,inner_shell,5,0.6,0.4,0.0091906809517,0.06361981151,0.21918716163,0.001201960523,0.060747286,0.00108447919,1,0.00551440857102,0.038171886906,0.131512296978,0.0007211763138,0.0364483716,0.000650687514,0.268128512471,0.316554037736,0.390836346662,25.0196837014,0.303796556085,0.00101834475013,3.9919442503,0.200322749987,intermediate_shell,silicon_rich_layer,si28,unstable,yes
A2_20M,20M_pre_supernova_single_profile,20M,19.98,single,128net,inner_shell,5,0.65,0.35,0.0091906809517,0.06361981151,0.21918716163,0.001201960523,0.060747286,0.00108447919,1,0.00597394261861,0.0413528774815,0.142471655059,0.00078127433995,0.0394857359,0.0007049114735,0.234612448412,0.276984783019,0.341981803329,21.8922232388,0.265821986575,0.000891051656368,3.49295121901,0.222570856271,intermediate_shell,silicon_rich_layer,si28,unstable,yes
A2_20M,20M_pre_supernova_single_profile,20M,19.98,single,128net,inner_shell,5,0.7,0.3,0.0091906809517,0.06361981151,0.21918716163,0.001201960523,0.060747286,0.00108447919,1,0.00643347666619,0.044533868057,0.153431013141,0.0008413723661,0.0425231002,0.000759135433,0.201096384353,0.237415528302,0.293127259997,18.7647627761,0.227847417064,0.000763758562601,2.99395818772,0.250378184497,intermediate_shell,silicon_rich_layer,si28,unstable,yes
A2_20M,20M_pre_supernova_single_profile,20M,19.98,single,128net,inner_shell,5,0.75,0.25,0.0091906809517,0.06361981151,0.21918716163,0.001201960523,0.060747286,0.00108447919,1,0.00689301071377,0.0477148586325,0.164390371222,0.00090147039225,0.0455604645,0.0008133593925,0.167580320294,0.197846273585,0.244272716664,15.6373023134,0.189872847553,0.000636465468834,2.49496515643,0.286125885449,intermediate_shell,silicon_rich_layer,si28,unstable,yes
A2_20M,20M_pre_supernova_single_profile,20M,19.98,single,128net,inner_shell,5,0.8,0.2,0.0091906809517,0.06361981151,0.21918716163,0.001201960523,0.060747286,0.00108447919,1,0.00735254476136,0.050895849208,0.175349729304,0.0009615684184,0.0485978288,0.000867583352,0.134064256235,0.158277018868,0.195418173331,12.5098418507,0.151898278043,0.000509172375067,1.99597212515,0.333781476672,intermediate_shell,silicon_rich_layer,si28,valid,no
A2_20M,20M_pre_supernova_single_profile,20M,19.98,single,128net,inner_shell,5,0.85,0.15,0.0091906809517,0.06361981151,0.21918716163,0.001201960523,0.060747286,0.00108447919,1,0.00781207880895,0.0540768397835,0.186309087386,0.00102166644455,0.0516351931,0.0009218073115,0.100548192177,0.118707764151,0.146563629998,9.38238138804,0.113923708532,0.0003818792813,1.49697909386,0.400483929745,intermediate_shell,silicon_rich_layer,si28,valid,no
A2_20M,20M_pre_supernova_single_profile,20M,19.98,single,128net,inner_shell,5,0.9,0.1,0.0091906809517,0.06361981151,0.21918716163,0.001201960523,0.060747286,0.00108447919,1,0.00827161285653,0.057257830359,0.197268445467,0.0010817644707,0.0546725574,0.000976031271,0.0670321281177,0.079138509434,0.0977090866655,6.25492092536,0.0759491390213,0.000254586187534,0.997986062574,0.500503991861,intermediate_shell,silicon_rich_layer,si28,valid,no
A2_20M,20M_pre_supernova_single_profile,20M,19.98,single,128net,inner_shell,5,0.95,0.05,0.0091906809517,0.06361981151,0.21918716163,0.001201960523,0.060747286,0.00108447919,1,0.00873114690411,0.0604388209345,0.208227803548,0.00114186249685,0.0577099217,0.0010302552305,0.0335160640589,0.039569254717,0.0488545433328,3.12746046268,0.0379745695107,0.000127293093767,0.498993031287,0.667114508959,intermediate_shell,silicon_rich_layer,si28,valid,no
A2_20M,20M_pre_supernova_single_profile,20M,19.98,single,128net,inner_shell,5,1,0,0.0091906809517,0.06361981151,0.21918716163,0.001201960523,0.060747286,0.00108447919,1,0.0091906809517,0.06361981151,0.21918716163,0.001201960523,0.060747286,0.00108447919,0,0,0,0,0,0,0,1,intermediate_shell,silicon_rich_layer,si28,valid,no
A2_20M,20M_pre_supernova_single_profile,20M,19.98,single,128net,inner_shell,5,1.05,0.05,0.0091906809517,0.06361981151,0.21918716163,0.001201960523,0.060747286,0.00108447919,1,0.00965021499929,0.0668008020855,0.230146519711,0.00126205854915,0.0637846503,0.0011387031495,0.0335160640589,0.039569254717,0.0488545433328,3.12746046268,0.0379745695107,0.000127293093767,0.498993031287,0.667114508959,intermediate_shell,silicon_rich_layer,si28,valid,no
A2_20M,20M_pre_supernova_single_profile,20M,19.98,single,128net,inner_shell,5,1.1,0.1,0.0091906809517,0.06361981151,0.21918716163,0.001201960523,0.060747286,0.00108447919,1,0.0101097490469,0.069981792661,0.241105877793,0.0013221565753,0.0668220146,0.001192927109,0.0670321281177,0.079138509434,0.0977090866655,6.25492092536,0.0759491390213,0.000254586187534,0.997986062574,0.500503991861,intermediate_shell,silicon_rich_layer,si28,valid,no
A2_20M,20M_pre_supernova_single_profile,20M,19.98,single,128net,inner_shell,5,1.15,0.15,0.0091906809517,0.06361981151,0.21918716163,0.001201960523,0.060747286,0.00108447919,1,0.0105692830945,0.0731627832365,0.252065235874,0.00138225460145,0.0698593789,0.0012471510685,0.100548192177,0.118707764151,0.146563629998,9.38238138804,0.113923708532,0.0003818792813,1.49697909386,0.400483929745,intermediate_shell,silicon_rich_layer,si28,valid,no
A2_20M,20M_pre_supernova_single_profile,20M,19.98,single,128net,inner_shell,5,1.2,0.2,0.0091906809517,0.06361981151,0.21918716163,0.001201960523,0.060747286,0.00108447919,1,0.011028817142,0.076343773812,0.263024593956,0.0014423526276,0.0728967432,0.001301375028,0.134064256235,0.158277018868,0.195418173331,12.5098418507,0.151898278043,0.000509172375067,1.99597212515,0.333781476672,intermediate_shell,silicon_rich_layer,si28,valid,no
A2_20M,20M_pre_supernova_single_profile,20M,19.98,single,128net,inner_shell,5,1.25,0.25,0.0091906809517,0.06361981151,0.21918716163,0.001201960523,0.060747286,0.00108447919,1,0.0114883511896,0.0795247643875,0.273983952037,0.00150245065375,0.0759341075,0.0013555989875,0.167580320294,0.197846273585,0.244272716664,15.6373023134,0.189872847553,0.000636465468834,2.49496515643,0.286125885449,intermediate_shell,silicon_rich_layer,si28,unstable,yes
A2_20M,20M_pre_supernova_single_profile,20M,19.98,single,128net,inner_shell,5,1.3,0.3,0.0091906809517,0.06361981151,0.21918716163,0.001201960523,0.060747286,0.00108447919,1,0.0119478852372,0.082705754963,0.284943310119,0.0015625486799,0.0789714718,0.001409822947,0.201096384353,0.237415528302,0.293127259997,18.7647627761,0.227847417064,0.000763758562601,2.99395818772,0.250378184497,intermediate_shell,silicon_rich_layer,si28,unstable,yes
A2_20M,20M_pre_supernova_single_profile,20M,19.98,single,128net,inner_shell,5,1.35,0.35,0.0091906809517,0.06361981151,0.21918716163,0.001201960523,0.060747286,0.00108447919,1,0.0124074192848,0.0858867455385,0.2959026682,0.00162264670605,0.0820088361,0.0014640469065,0.234612448412,0.276984783019,0.341981803329,21.8922232388,0.265821986575,0.000891051656368,3.49295121901,0.222570856271,intermediate_shell,silicon_rich_layer,si28,unstable,yes
A2_20M,20M_pre_supernova_single_profile,20M,19.98,single,128net,inner_shell,5,1.4,0.4,0.0091906809517,0.06361981151,0.21918716163,0.001201960523,0.060747286,0.00108447919,1,0.0128669533324,0.089067736114,0.306862026282,0.0016827447322,0.0850462004,0.001518270866,0.268128512471,0.316554037736,0.390836346662,25.0196837014,0.303796556085,0.00101834475013,3.9919442503,0.200322749987,intermediate_shell,silicon_rich_layer,si28,unstable,yes
A2_20M,20M_pre_supernova_single_profile,20M,19.98,single,128net,inner_shell,5,1.45,0.45,0.0091906809517,0.06361981151,0.21918716163,0.001201960523,0.060747286,0.00108447919,1,0.01332648738,0.0922487266895,0.317821384364,0.00174284275835,0.0880835647,0.0015724948255,0.30164457653,0.356123292453,0.439690889995,28.1471441641,0.341771125596,0.0011456378439,4.49093728158,0.182118270291,intermediate_shell,silicon_rich_layer,si28,unstable,yes
A2_20M,20M_pre_supernova_single_profile,20M,19.98,single,128net,inner_shell,5,1.5,0.5,0.0091906809517,0.06361981151,0.21918716163,0.001201960523,0.060747286,0.00108447919,1,0.0137860214275,0.095429717265,0.328780742445,0.0018029407845,0.091120929,0.001626718785,0.335160640589,0.39569254717,0.488545433328,31.2746046268,0.379745695107,0.00127293093767,4.98993031287,0.166946850425,intermediate_shell,silicon_rich_layer,si28,unstable,yes
A2_20M,20M_pre_supernova_single_profile,20M,19.98,single,128net,inner_shell,5,0.5,0.5,0.0188677039947,0.06973968738,0.23687852865,0.009805679364,0.0556384793,1.69655123306,0,0.00943385199735,0.03486984369,0.118439264325,0.004902839682,0.02781923965,0.84827561653,0.688056934033,0.43375599335,0.527977654187,255.140447076,0.347809332526,1.99136375489,38.8693453332,0.0250819267696,intermediate_shell,silicon_rich_layer,si28,unstable,yes
A2_20M,20M_pre_supernova_single_profile,20M,19.98,single,128net,inner_shell,5,0.55,0.45,0.0188677039947,0.06973968738,0.23687852865,0.009805679364,0.0556384793,1.69655123306,0,0.0103772371971,0.038356828059,0.130283190758,0.0053931236502,0.030601163615,0.933103178183,0.61925124063,0.390380394015,0.475179888768,229.626402369,0.313028399274,1.7922273794,34.9824107999,0.0277913563258,intermediate_shell,silicon_rich_layer,si28,unstable,yes
A2_20M,20M_pre_supernova_single_profile,20M,19.98,single,128net,inner_shell,5,0.6,0.4,0.0188677039947,0.06973968738,0.23687852865,0.009805679364,0.0556384793,1.69655123306,0,0.0113206223968,0.041843812428,0.14212711719,0.0058834076184,0.03338308758,1.01793073984,0.550445547226,0.34700479468,0.42238212335,204.112357661,0.278247466021,1.59309100391,31.0954762665,0.0311570388205,intermediate_shell,silicon_rich_layer,si28,unstable,yes
A2_20M,20M_pre_supernova_single_profile,20M,19.98,single,128net,inner_shell,5,0.65,0.35,0.0188677039947,0.06973968738,0.23687852865,0.009805679364,0.0556384793,1.69655123306,0,0.0122640075966,0.045330796797,0.153971043622,0.0063736915866,0.036165011545,1.10275830149,0.481639853823,0.303629195345,0.369584357931,178.598312953,0.243466532768,1.39395462842,27.2085417332,0.0354502550843,intermediate_shell,silicon_rich_layer,si28,unstable,yes
A2_20M,20M_pre_supernova_single_profile,20M,19.98,single,128net,inner_shell,5,0.7,0.3,0.0188677039947,0.06973968738,0.23687852865,0.009805679364,0.0556384793,1.69655123306,0,0.0132073927963,0.048817781166,0.165814970055,0.0068639755548,0.03894693551,1.18758586314,0.41283416042,0.26025359601,0.316786592512,153.084268246,0.208685599516,1.19481825294,23.3216071999,0.0411157038998,intermediate_shell,silicon_rich_layer,si28,unstable,yes
A2_20M,20M_pre_supernova_single_profile,20M,19.98,single,128net,inner_shell,5,0.75,0.25,0.0188677039947,0.06973968738,0.23687852865,0.009805679364,0.0556384793,1.69655123306,0,0.014150777996,0.052304765535,0.177658896487,0.007354259523,0.041728859475,1.2724134248,0.344028467017,0.216877996675,0.263988827093,127.570223538,0.173904666263,0.995681877446,19.4346726666,0.0489364334979,intermediate_shell,silicon_rich_layer,si28,unstable,yes
A2_20M,20M_pre_supernova_single_profile,20M,19.98,single,128net,inner_shell,5,0.8,0.2,0.0188677039947,0.06973968738,0.23687852865,0.009805679364,0.0556384793,1.69655123306,0,0.0150941631958,0.055791749904,0.18950282292,0.0078445434912,0.04451078344,1.35724098645,0.275222773613,0.17350239734,0.211191061675,102.05617883,0.139123733011,0.796545501957,15.5477381333,0.0604312197804,intermediate_shell,silicon_rich_layer,si28,unstable,yes
A2_20M,20M_pre_supernova_single_profile,20M,19.98,single,128net,inner_shell,5,0.85,0.15,0.0188677039947,0.06973968738,0.23687852865,0.009805679364,0.0556384793,1.69655123306,0,0.0160375483955,0.059278734273,0.201346749353,0.0083348274594,0.047292707405,1.4420685481,0.20641708021,0.130126798005,0.158393296256,76.5421341229,0.104342799758,0.597409126468,11.6608036,0.0789839280031,intermediate_shell,silicon_rich_layer,si28,unstable,yes
A2_20M,20M_pre_supernova_single_profile,20M,19.98,single,128net,inner_shell,5,0.9,0.1,0.0188677039947,0.06973968738,0.23687852865,0.009805679364,0.0556384793,1.69655123306,0,0.0169809335952,0.062765718642,0.213190675785,0.0088251114276,0.05007463137,1.52689610975,0.137611386807,0.0867511986699,0.105595530837,51.0280894152,0.0695618665053,0.398272750978,7.77386906664,0.11397480318,intermediate_shell,silicon_rich_layer,si28,unstable,yes
A2_20M,20M_pre_supernova_single_profile,20M,19.98,single,128net,inner_shell,5,0.95,0.05,0.0188677039947,0.06973968738,0.23687852865,0.009805679364,0.0556384793,1.69655123306,0,0.017924318795,0.066252703011,0.225034602217,0.0093153953958,0.052856555335,1.61172367141,0.0688056934033,0.043375599335,0.0527977654187,25.5140447076,0.0347809332526,0.199136375489,3.88693453332,0.204627255221,intermediate_shell,silicon_rich_layer,si28,unstable,yes
A2_20M,20M_pre_supernova_single_profile,20M,19.98,single,128net,inner_shell,5,1,0,0.0188677039947,0.06973968738,0.23687852865,0.009805679364,0.0556384793,1.69655123306,0,0.0188677039947,0.06973968738,0.23687852865,0.009805679364,0.0556384793,1.69655123306,0,0,0,0,0,0,0,1,intermediate_shell,silicon_rich_layer,si28,valid,no
A2_20M,20M_pre_supernova_single_profile,20M,19.98,single,128net,inner_shell,5,1.05,0.05,0.0188677039947,0.06973968738,0.23687852865,0.009805679364,0.0556384793,1.69655123306,0,0.0198110891944,0.073226671749,0.248722455083,0.0102959633322,0.058420403265,1.78137879471,0.0688056934033,0.043375599335,0.0527977654187,25.5140447076,0.0347809332526,0.199136375489,3.88693453332,0.204627255221,intermediate_shell,silicon_rich_layer,si28,unstable,yes
A2_20M,20M_pre_supernova_single_profile,20M,19.98,single,128net,inner_shell,5,1.1,0.1,0.0188677039947,0.06973968738,0.23687852865,0.009805679364,0.0556384793,1.69655123306,0,0.0207544743942,0.076713656118,0.260566381515,0.0107862473004,0.06120232723,1.86620635637,0.137611386807,0.0867511986699,0.105595530837,51.0280894152,0.0695618665053,0.398272750978,7.77386906664,0.11397480318,intermediate_shell,silicon_rich_layer,si28,unstable,yes
A2_20M,20M_pre_supernova_single_profile,20M,19.98,single,128net,inner_shell,5,1.15,0.15,0.0188677039947,0.06973968738,0.23687852865,0.009805679364,0.0556384793,1.69655123306,0,0.0216978595939,0.080200640487,0.272410307947,0.0112765312686,0.063984251195,1.95103391802,0.20641708021,0.130126798005,0.158393296256,76.5421341229,0.104342799758,0.597409126468,11.6608036,0.0789839280031,intermediate_shell,silicon_rich_layer,si28,unstable,yes
A2_20M,20M_pre_supernova_single_profile,20M,19.98,single,128net,inner_shell,5,1.2,0.2,0.0188677039947,0.06973968738,0.23687852865,0.009805679364,0.0556384793,1.69655123306,0,0.0226412447936,0.083687624856,0.28425423438,0.0117668152368,0.06676617516,2.03586147967,0.275222773613,0.17350239734,0.211191061675,102.05617883,0.139123733011,0.796545501957,15.5477381333,0.0604312197804,intermediate_shell,silicon_rich_layer,si28,unstable,yes
A2_20M,20M_pre_supernova_single_profile,20M,19.98,single,128net,inner_shell,5,1.25,0.25,0.0188677039947,0.06973968738,0.23687852865,0.009805679364,0.0556384793,1.69655123306,0,0.0235846299934,0.087174609225,0.296098160813,0.012257099205,0.069548099125,2.12068904132,0.344028467017,0.216877996675,0.263988827093,127.570223538,0.173904666263,0.995681877446,19.4346726666,0.0489364334979,intermediate_shell,silicon_rich_layer,si28,unstable,yes
A2_20M,20M_pre_supernova_single_profile,20M,19.98,single,128net,inner_shell,5,1.3,0.3,0.0188677039947,0.06973968738,0.23687852865,0.009805679364,0.0556384793,1.69655123306,0,0.0245280151931,0.090661593594,0.307942087245,0.0127473831732,0.07233002309,2.20551660298,0.41283416042,0.26025359601,0.316786592512,153.084268246,0.208685599516,1.19481825294,23.3216071999,0.0411157038998,intermediate_shell,silicon_rich_layer,si28,unstable,yes
A2_20M,20M_pre_supernova_single_profile,20M,19.98,single,128net,inner_shell,5,1.35,0.35,0.0188677039947,0.06973968738,0.23687852865,0.009805679364,0.0556384793,1.69655123306,0,0.0254714003928,0.094148577963,0.319786013678,0.0132376671414,0.075111947055,2.29034416463,0.481639853823,0.303629195345,0.369584357931,178.598312953,0.243466532768,1.39395462842,27.2085417332,0.0354502550843,intermediate_shell,silicon_rich_layer,si28,unstable,yes
A2_20M,20M_pre_supernova_single_profile,20M,19.98,single,128net,inner_shell,5,1.4,0.4,0.0188677039947,0.06973968738,0.23687852865,0.009805679364,0.0556384793,1.69655123306,0,0.0264147855926,0.097635562332,0.33162994011,0.0137279511096,0.07789387102,2.37517172628,0.550445547226,0.34700479468,0.42238212335,204.112357661,0.278247466021,1.59309100391,31.0954762665,0.0311570388205,intermediate_shell,silicon_rich_layer,si28,unstable,yes
A2_20M,20M_pre_supernova_single_profile,20M,19.98,single,128net,inner_shell,5,1.45,0.45,0.0188677039947,0.06973968738,0.23687852865,0.009805679364,0.0556384793,1.69655123306,0,0.0273581707923,0.101122546701,0.343473866543,0.0142182350778,0.080675794985,2.45999928794,0.61925124063,0.390380394015,0.475179888768,229.626402369,0.313028399274,1.7922273794,34.9824107999,0.0277913563258,intermediate_shell,silicon_rich_layer,si28,unstable,yes
A2_20M,20M_pre_supernova_single_profile,20M,19.98,single,128net,inner_shell,5,1.5,0.5,0.0188677039947,0.06973968738,0.23687852865,0.009805679364,0.0556384793,1.69655123306,0,0.028301555992,0.10460953107,0.355317792975,0.014708519046,0.08345771895,2.54482684959,0.688056934033,0.43375599335,0.527977654187,255.140447076,0.347809332526,1.99136375489,38.8693453332,0.0250819267696,intermediate_shell,silicon_rich_layer,si28,unstable,yes
A2_20M,20M_pre_supernova_single_profile,20M,19.98,single,128net,inner_shell,5,0.5,0.5,0.0114313944196,0.06492195162,0.24711991735,0.000769710892,0.0528251813,0.875165798847,0,0.0057156972098,0.03246097581,0.123559958675,0.000384855446,0.02641259065,0.437582899423,0.416873732929,0.403791394442,0.550804646622,20.0276160187,0.330222739365,1.02724481135,3.43502679932,0.225477780688,intermediate_shell,silicon_rich_layer,si28,unstable,yes
A2_20M,20M_pre_supernova_single_profile,20M,19.98,single,128net,inner_shell,5,0.55,0.45,0.0114313944196,0.06492195162,0.24711991735,0.000769710892,0.0528251813,0.875165798847,0,0.00628726693078,0.035707073391,0.135915954542,0.0004233409906,0.029053849715,0.481341189366,0.375186359636,0.363412254998,0.49572418196,18.0248544168,0.297200465428,0.924520330212,3.09152411938,0.244407700119,intermediate_shell,silicon_rich_layer,si28,unstable,yes
A2_20M,20M_pre_supernova_single_profile,20M,19.98,single,128net,inner_shell,5,0.6,0.4,0.0114313944196,0.06492195162,0.24711991735,0.000769710892,0.0528251813,0.875165798847,0,0.00685883665176,0.038953170972,0.14827195041,0.0004618265352,0.03169510878,0.525099479308,0.333498986343,0.323033115554,0.440643717297,16.0220928149,0.264178191492,0.821795849077,2.74802143945,0.266807438579,intermediate_shell,silicon_rich_layer,si28,unstable,yes
A2_20M,20M_pre_supernova_single_profile,20M,19.98,single,128net,inner_shell,5,0.65,0.35,0.0114313944196,0.06492195162,0.24711991735,0.000769710892,0.0528251813,0.875165798847,0,0.00743040637274,0.042199268553,0.160627946277,0.0005003120798,0.034336367845,0.568857769251,0.29181161305,0.28265397611,0.385563252635,14.0193312131,0.231155917555,0.719071367943,2.40451875952,0.293727269736,intermediate_shell,silicon_rich_layer,si28,unstable,yes
A2_20M,20M_pre_supernova_single_profile,20M,19.98,single,128net,inner_shell,5,0.7,0.3,0.0114313944196,0.06492195162,0.24711991735,0.000769710892,0.0528251813,0.875165798847,0,0.00800197609372,0.045445366134,0.172983942145,0.0005387976244,0.03697762691,0.612616059193,0.250124239757,0.242274836665,0.330482787973,12.0165696112,0.198133643619,0.616346886808,2.06101607959,0.326688907866,intermediate_shell,silicon_rich_layer,si28,unstable,yes
A2_20M,20M_pre_supernova_single_profile,20M,19.98,single,128net,inner_shell,5,0.75,0.25,0.0114313944196,0.06492195162,0.24711991735,0.000769710892,0.0528251813,0.875165798847,0,0.0085735458147,0.048691463715,0.185339938012,0.000577283169,0.039618885975,0.656374349135,0.208436866465,0.201895697221,0.275402323311,10.0138080093,0.165111369682,0.513622405673,1.71751339966,0.367983466108,intermediate_shell,silicon_rich_layer,si28,valid,no
A2_20M,20M_pre_supernova_single_profile,20M,19.98,single,128net,inner_shell,5,0.8,0.2,0.0114313944196,0.06492195162,0.24711991735,0.000769710892,0.0528251813,0.875165798847,0,0.00914511553568,0.051937561296,0.19769593388,0.0006157687136,0.04226014504,0.700132639078,0.166749493172,0.161516557777,0.220321858649,8.01104640746,0.132089095746,0.410897924539,1.37401071973,0.421228089533,intermediate_shell,silicon_rich_layer,si28,valid,no
A2_20M,20M_pre_supernova_single_profile,20M,19.98,single,128net,inner_shell,5,0.85,0.15,0.0114313944196,0.06492195162,0.24711991735,0.000769710892,0.0528251813,0.875165798847,0,0.00971668525666,0.055183658877,0.210051929748,0.0006542542582,0.044901404105,0.74389092902,0.125062119879,0.121137418333,0.165241393987,6.0082848056,0.0990668218095,0.308173443404,1.03050803979,0.492487584586,intermediate_shell,silicon_rich_layer,si28,valid,no
A2_20M,20M_pre_supernova_single_profile,20M,19.98,single,128net,inner_shell,5,0.9,0.1,0.0114313944196,0.06492195162,0.24711991735,0.000769710892,0.0528251813,0.875165798847,0,0.0102882549776,0.058429756458,0.222407925615,0.0006927398028,0.04754266317,0.787649218962,0.0833747465858,0.0807582788884,0.110160929324,4.00552320373,0.066044547873,0.205448962269,0.687005359863,0.592766344312,intermediate_shell,silicon_rich_layer,si28,valid,no
A2_20M,20M_pre_supernova_single_profile,20M,19.98,single,128net,inner_shell,5,0.95,0.05,0.0114313944196,0.06492195162,0.24711991735,0.000769710892,0.0528251813,0.875165798847,0,0.0108598246986,0.061675854039,0.234763921482,0.0007312253474,0.050183922235,0.831407508905,0.0416873732929,0.0403791394442,0.0550804646622,2.00276160187,0.0330222739365,0.102724481135,0.343502679932,0.744323040763,intermediate_shell,silicon_rich_layer,si28,valid,no
A2_20M,20M_pre_supernova_single_profile,20M,19.98,single,128net,inner_shell,5,1,0,0.0114313944196,0.06492195162,0.24711991735,0.000769710892,0.0528251813,0.875165798847,0,0.0114313944196,0.06492195162,0.24711991735,0.000769710892,0.0528251813,0.875165798847,0,0,0,0,0,0,0,1,intermediate_shell,silicon_rich_layer,si28,valid,no
A2_20M,20M_pre_supernova_single_profile,20M,19.98,single,128net,inner_shell,5,1.05,0.05,0.0114313944196,0.06492195162,0.24711991735,0.000769710892,0.0528251813,0.875165798847,0,0.0120029641406,0.068168049201,0.259475913218,0.0008081964366,0.055466440365,0.918924088789,0.0416873732929,0.0403791394442,0.0550804646622,2.00276160187,0.0330222739365,0.102724481135,0.343502679932,0.744323040763,intermediate_shell,silicon_rich_layer,si28,valid,no
A2_20M,20M_pre_supernova_single_profile,20M,19.98,single,128net,inner_shell,5,1.1,0.1,0.0114313944196,0.06492195162,0.24711991735,0.000769710892,0.0528251813,0.875165798847,0,0.0125745338616,0.071414146782,0.271831909085,0.0008466819812,0.05810769943,0.962682378732,0.0833747465858,0.0807582788884,0.110160929324,4.00552320373,0.066044547873,0.205448962269,0.687005359863,0.592766344312,intermediate_shell,silicon_rich_layer,si28,valid,no
A2_20M,20M_pre_supernova_single_profile,20M,19.98,single,128net,inner_shell,5,1.15,0.15,0.0114313944196,0.06492195162,0.24711991735,0.000769710892,0.0528251813,0.875165798847,0,0.0131461035825,0.074660244363,0.284187904952,0.0008851675258,0.060748958495,1.00644066867,0.125062119879,0.121137418333,0.165241393987,6.0082848056,0.0990668218095,0.308173443404,1.03050803979,0.492487584586,intermediate_shell,silicon_rich_layer,si28,valid,no
A2_20M,20M_pre_supernova_single_profile,20M,19.98,single,128net,inner_shell,5,1.2,0.2,0.0114313944196,0.06492195162,0.24711991735,0.000769710892,0.0528251813,0.875165798847,0,0.0137176733035,0.077906341944,0.29654390082,0.0009236530704,0.06339021756,1.05019895862,0.166749493172,0.161516557777,0.220321858649,8.01104640746,0.132089095746,0.410897924539,1.37401071973,0.421228089533,intermediate_shell,silicon_rich_layer,si28,valid,no
A2_20M,20M_pre_supernova_single_profile,20M,19.98,single,128net,inner_shell,5,1.25,0.25,0.0114313944196,0.06492195162,0.24711991735,0.000769710892,0.0528251813,0.875165798847,0,0.0142892430245,0.081152439525,0.308899896688,0.000962138615,0.066031476625,1.09395724856,0.208436866465,0.201895697221,0.275402323311,10.0138080093,0.165111369682,0.513622405673,1.71751339966,0.367983466108,intermediate_shell,silicon_rich_layer,si28,valid,no
A2_20M,20M_pre_supernova_single_profile,20M,19.98,single,128net,inner_shell,5,1.3,0.3,0.0114313944196,0.06492195162,0.24711991735,0.000769710892,0.0528251813,0.875165798847,0,0.0148608127455,0.084398537106,0.321255892555,0.0010006241596,0.06867273569,1.1377155385,0.250124239757,0.242274836665,0.330482787973,12.0165696112,0.198133643619,0.616346886808,2.06101607959,0.326688907866,intermediate_shell,silicon_rich_layer,si28,unstable,yes
A2_20M,20M_pre_supernova_single_profile,20M,19.98,single,128net,inner_shell,5,1.35,0.35,0.0114313944196,0.06492195162,0.24711991735,0.000769710892,0.0528251813,0.875165798847,0,0.0154323824665,0.087644634687,0.333611888423,0.0010391097042,0.071313994755,1.18147382844,0.29181161305,0.28265397611,0.385563252635,14.0193312131,0.231155917555,0.719071367943,2.40451875952,0.293727269736,intermediate_shell,silicon_rich_layer,si28,unstable,yes
A2_20M,20M_pre_supernova_single_profile,20M,19.98,single,128net,inner_shell,5,1.4,0.4,0.0114313944196,0.06492195162,0.24711991735,0.000769710892,0.0528251813,0.875165798847,0,0.0160039521874,0.090890732268,0.34596788429,0.0010775952488,0.07395525382,1.22523211839,0.333498986343,0.323033115554,0.440643717297,16.0220928149,0.264178191492,0.821795849077,2.74802143945,0.266807438579,intermediate_shell,silicon_rich_layer,si28,unstable,yes
A2_20M,20M_pre_supernova_single_profile,20M,19.98,single,128net,inner_shell,5,1.45,0.45,0.0114313944196,0.06492195162,0.24711991735,0.000769710892,0.0528251813,0.875165798847,0,0.0165755219084,0.094136829849,0.358323880158,0.0011160807934,0.076596512885,1.26899040833,0.375186359636,0.363412254998,0.49572418196,18.0248544168,0.297200465428,0.924520330212,3.09152411938,0.244407700119,intermediate_shell,silicon_rich_layer,si28,unstable,yes
A2_20M,20M_pre_supernova_single_profile,20M,19.98,single,128net,inner_shell,5,1.5,0.5,0.0114313944196,0.06492195162,0.24711991735,0.000769710892,0.0528251813,0.875165798847,0,0.0171470916294,0.09738292743,0.370679876025,0.001154566338,0.07923777195,1.31274869827,0.416873732929,0.403791394442,0.550804646622,20.0276160187,0.330222739365,1.02724481135,3.43502679932,0.225477780688,intermediate_shell,silicon_rich_layer,si28,unstable,yes
A2_20M,20M_pre_supernova_single_profile,20M,19.98,single,128net,inner_shell,5,0.5,0.5,0.00877189565594,0.06260887206,0.23821487093,6.4738459e-05,0.0476342996,0.02824534317,1,0.00438594782797,0.03130443603,0.119107435465,3.23692295e-05,0.0238171498,0.014122671585,0.319888611374,0.38940486419,0.530956222427,1.68447271822,0.29777330649,0.0331535833031,0.54980796688,0.645241230766,intermediate_shell,silicon_rich_layer,si28,valid,no
A2_20M,20M_pre_supernova_single_profile,20M,19.98,single,128net,inner_shell,5,0.55,0.45,0.00877189565594,0.06260887206,0.23821487093,6.4738459e-05,0.0476342996,0.02824534317,1,0.00482454261077,0.034434879633,0.131018179012,3.560615245e-05,0.02619886478,0.0155349387435,0.287899750237,0.350464377771,0.477860600184,1.5160254464,0.267995975841,0.0298382249728,0.494827170192,0.668973657919,intermediate_shell,silicon_rich_layer,si28,valid,no
A2_20M,20M_pre_supernova_single_profile,20M,19.98,single,128net,inner_shell,5,0.6,0.4,0.00877189565594,0.06260887206,0.23821487093,6.4738459e-05,0.0476342996,0.02824534317,1,0.00526313739356,0.037565323236,0.142928922558,3.88430754e-05,0.02858057976,0.016947205902,0.255910889099,0.311523891352,0.424764977942,1.34757817458,0.238218645192,0.0265228666425,0.439846373504,0.694518539201,intermediate_shell,silicon_rich_layer,si28,valid,no
A2_20M,20M_pre_supernova_single_profile,20M,19.98,single,128net,inner_shell,5,0.65,0.35,0.00877189565594,0.06260887206,0.23821487093,6.4738459e-05,0.0476342996,0.02824534317,1,0.00570173217636,0.040695766839,0.154839666105,4.207999835e-05,0.03096229474,0.0183594730605,0.223922027962,0.272583404933,0.371669355699,1.17913090275,0.208441314543,0.0232075083122,0.384865576816,0.722091744312,intermediate_shell,silicon_rich_layer,si28,valid,no
A2_20M,20M_pre_supernova_single_profile,20M,19.98,single,128net,inner_shell,5,0.7,0.3,0.00877189565594,0.06260887206,0.23821487093,6.4738459e-05,0.0476342996,0.02824534317,1,0.00614032695916,0.043826210442,0.166750409651,4.53169213e-05,0.03334400972,0.019771740219,0.191933166825,0.233642918514,0.318573733456,1.01068363093,0.178663983894,0.0198921499819,0.329884780128,0.751944841345,intermediate_shell,silicon_rich_layer,si28,valid,no
A2_20M,20M_pre_supernova_single_profile,20M,19.98,single,128net,inner_shell,5,0.75,0.25,0.00877189565594,0.06260887206,0.23821487093,6.4738459e-05,0.0476342996,0.02824534317,1,0.00657892174196,0.046956654045,0.178661153197,4.855384425e-05,0.0357257247,0.0211840073775,0.159944305687,0.194702432095,0.265478111214,0.842236359111,0.148886653245,0.0165767916515,0.27490398344,0.784372794335,intermediate_shell,silicon_rich_layer,si28,valid,no
A2_20M,20M_pre_supernova_single_profile,20M,19.98,single,128net,inner_shell,5,0.8,0.2,0.00877189565594,0.06260887206,0.23821487093,6.4738459e-05,0.0476342996,0.02824534317,1,0.00701751652475,0.050087097648,0.190571896744,5.17907672e-05,0.03810743968,0.022596274536,0.12795544455,0.155761945676,0.212382488971,0.673789087289,0.119109322596,0.0132614333212,0.219923186752,0.819723742331,intermediate_shell,silicon_rich_layer,si28,valid,no
A2_20M,20M_pre_supernova_single_profile,20M,19.98,single,128net,inner_shell,5,0.85,0.15,0.00877189565594,0.06260887206,0.23821487093,6.4738459e-05,0.0476342996,0.02824534317,1,0.00745611130755,0.053217541251,0.202482640291,5.502769015e-05,0.04048915466,0.0240085416945,0.0959665834123,0.116821459257,0.159286866728,0.505341815466,0.089331991947,0.00994607499093,0.164942390064,0.858411547669,intermediate_shell,silicon_rich_layer,si28,valid,no
A2_20M,20M_pre_supernova_single_profile,20M,19.98,single,128net,inner_shell,5,0.9,0.1,0.00877189565594,0.06260887206,0.23821487093,6.4738459e-05,0.0476342996,0.02824534317,1,0.00789470609035,0.056347984854,0.214393383837,5.82646131e-05,0.04287086964,0.025420808853,0.0639777222748,0.0778809728381,0.106191244485,0.336894543644,0.059554661298,0.00663071666062,0.109961593376,0.900932073657,intermediate_shell,silicon_rich_layer,si28,valid,no
A2_20M,20M_pre_supernova_single_profile,20M,19.98,single,128net,inner_shell,5,0.95,0.05,0.00877189565594,0.06260887206,0.23821487093,6.4738459e-05,0.0476342996,0.02824534317,1,0.00833330087314,0.059478428457,0.226304127383,6.150153605e-05,0.04525258462,0.0268330760115,0.0319888611374,0.038940486419,0.0530956222427,0.168447271822,0.029777330649,0.00331535833031,0.054980796688,0.947884552154,intermediate_shell,silicon_rich_layer,si28,valid,no
A2_20M,20M_pre_supernova_single_profile,20M,19.98,single,128net,inner_shell,5,1,0,0.00877189565594,0.06260887206,0.23821487093,6.4738459e-05,0.0476342996,0.02824534317,1,0.00877189565594,0.06260887206,0.23821487093,6.4738459e-05,0.0476342996,0.02824534317,0,0,0,0,0,0,0,1,intermediate_shell,silicon_rich_layer,si28,valid,no
A2_20M,20M_pre_supernova_single_profile,20M,19.98,single,128net,inner_shell,5,1.05,0.05,0.00877189565594,0.06260887206,0.23821487093,6.4738459e-05,0.0476342996,0.02824534317,1,0.00921049043874,0.065739315663,0.250125614477,6.797538195e-05,0.05001601458,0.0296576103285,0.0319888611374,0.038940486419,0.0530956222427,0.168447271822,0.029777330649,0.00331535833031,0.054980796688,0.947884552154,intermediate_shell,silicon_rich_layer,si28,valid,no
A2_20M,20M_pre_supernova_single_profile,20M,19.98,single,128net,inner_shell,5,1.1,0.1,0.00877189565594,0.06260887206,0.23821487093,6.4738459e-05,0.0476342996,0.02824534317,1,0.00964908522153,0.068869759266,0.262036358023,7.12123049e-05,0.05239772956,0.031069877487,0.0639777222748,0.0778809728381,0.106191244485,0.336894543644,0.059554661298,0.00663071666062,0.109961593376,0.900932073657,intermediate_shell,silicon_rich_layer,si28,valid,no
A2_20M,20M_pre_supernova_single_profile,20M,19.98,single,128net,inner_shell,5,1.15,0.15,0.00877189565594,0.06260887206,0.23821487093,6.4738459e-05,0.0476342996,0.02824534317,1,0.0100876800043,0.072000202869,0.273947101569,7.444922785e-05,0.05477944454,0.0324821446455,0.0959665834123,0.116821459257,0.159286866728,0.505341815466,0.089331991947,0.00994607499093,0.164942390064,0.858411547669,intermediate_shell,silicon_rich_layer,si28,valid,no
A2_20M,20M_pre_supernova_single_profile,20M,19.98,single,128net,inner_shell,5,1.2,0.2,0.00877189565594,0.06260887206,0.23821487093,6.4738459e-05,0.0476342996,0.02824534317,1,0.0105262747871,0.075130646472,0.285857845116,7.76861508e-05,0.05716115952,0.033894411804,0.12795544455,0.155761945676,0.212382488971,0.673789087289,0.119109322596,0.0132614333212,0.219923186752,0.819723742331,intermediate_shell,silicon_rich_layer,si28,valid,no
A2_20M,20M_pre_supernova_single_profile,20M,19.98,single,128net,inner_shell,5,1.25,0.25,0.00877189565594,0.06260887206,0.23821487093,6.4738459e-05,0.0476342996,0.02824534317,1,0.0109648695699,0.078261090075,0.297768588663,8.092307375e-05,0.0595428745,0.0353066789625,0.159944305687,0.194702432095,0.265478111214,0.842236359111,0.148886653245,0.0165767916515,0.27490398344,0.784372794335,intermediate_shell,silicon_rich_layer,si28,valid,no
A2_20M,20M_pre_supernova_single_profile,20M,19.98,single,128net,inner_shell,5,1.3,0.3,0.00877189565594,0.06260887206,0.23821487093,6.4738459e-05,0.0476342996,0.02824534317,1,0.0114034643527,0.081391533678,0.309679332209,8.41599967e-05,0.06192458948,0.036718946121,0.191933166825,0.233642918514,0.318573733456,1.01068363093,0.178663983894,0.0198921499819,0.329884780128,0.751944841345,intermediate_shell,silicon_rich_layer,si28,valid,no
A2_20M,20M_pre_supernova_single_profile,20M,19.98,single,128net,inner_shell,5,1.35,0.35,0.00877189565594,0.06260887206,0.23821487093,6.4738459e-05,0.0476342996,0.02824534317,1,0.0118420591355,0.084521977281,0.321590075756,8.739691965e-05,0.06430630446,0.0381312132795,0.223922027962,0.272583404933,0.371669355699,1.17913090275,0.208441314543,0.0232075083122,0.384865576816,0.722091744312,intermediate_shell,silicon_rich_layer,si28,valid,no
A2_20M,20M_pre_supernova_single_profile,20M,19.98,single,128net,inner_shell,5,1.4,0.4,0.00877189565594,0.06260887206,0.23821487093,6.4738459e-05,0.0476342996,0.02824534317,1,0.0122806539183,0.087652420884,0.333500819302,9.06338426e-05,0.06668801944,0.039543480438,0.255910889099,0.311523891352,0.424764977942,1.34757817458,0.238218645192,0.0265228666425,0.439846373504,0.694518539201,intermediate_shell,silicon_rich_layer,si28,valid,no
A2_20M,20M_pre_supernova_single_profile,20M,19.98,single,128net,inner_shell,5,1.45,0.45,0.00877189565594,0.06260887206,0.23821487093,6.4738459e-05,0.0476342996,0.02824534317,1,0.0127192487011,0.090782864487,0.345411562849,9.387076555e-05,0.06906973442,0.0409557475965,0.287899750237,0.350464377771,0.477860600184,1.5160254464,0.267995975841,0.0298382249728,0.494827170192,0.668973657919,intermediate_shell,silicon_rich_layer,si28,valid,no
A2_20M,20M_pre_supernova_single_profile,20M,19.98,single,128net,inner_shell,5,1.5,0.5,0.00877189565594,0.06260887206,0.23821487093,6.4738459e-05,0.0476342996,0.02824534317,1,0.0131578434839,0.09391330809,0.357322306395,9.71076885e-05,0.0714514494,0.042368014755,0.319888611374,0.38940486419,0.530956222427,1.68447271822,0.29777330649,0.0331535833031,0.54980796688,0.645241230766,intermediate_shell,silicon_rich_layer,si28,valid,no
A2_20M,20M_pre_supernova_single_profile,20M,19.98,single,128net,inner_shell,5,0.5,0.5,0.0131685766088,0.06715270679,0.22680898574,4.0770057e-05,0.0650979474,1.307751317,0,0.0065842883044,0.033576353395,0.11340449287,2.03850285e-05,0.0325489737,0.6538756585,0.480224326689,0.417665896337,0.505533688182,1.06082303777,0.406942711571,1.53500143252,0.65801386865,0.603131263802,intermediate_shell,carbon_oxygen_layer,o16,valid,no
A2_20M,20M_pre_supernova_single_profile,20M,19.98,single,128net,inner_shell,5,0.55,0.45,0.0131685766088,0.06715270679,0.22680898574,4.0770057e-05,0.0650979474,1.307751317,0,0.00724271713484,0.0369339887345,0.124744942157,2.242353135e-05,0.03580387107,0.71926322435,0.43220189402,0.375899306703,0.454980319364,0.954740733992,0.366248440414,1.38150128927,0.592212481785,0.628056877735,intermediate_shell,carbon_oxygen_layer,o16,valid,no
A2_20M,20M_pre_supernova_single_profile,20M,19.98,single,128net,inner_shell,5,0.6,0.4,0.0131685766088,0.06715270679,0.22680898574,4.0770057e-05,0.0650979474,1.307751317,0,0.00790114596528,0.040291624074,0.136085391444,2.44620342e-05,0.03905876844,0.7846507902,0.384179461352,0.334132717069,0.404426950546,0.848658430215,0.325554169257,1.22800114601,0.52641109492,0.6551315064,intermediate_shell,carbon_oxygen_layer,o16,valid,no
A2_20M,20M_pre_supernova_single_profile,20M,19.98,single,128net,inner_shell,5,0.65,0.35,0.0131685766088,0.06715270679,0.22680898574,4.0770057e-05,0.0650979474,1.307751317,0,0.00855957479572,0.0436492594135,0.147425840731,2.650053705e-05,0.04231366581,0.85003835605,0.336157028683,0.292366127436,0.353873581727,0.742576126438,0.2848598981,1.07450100276,0.460609708055,0.684645593197,intermediate_shell,carbon_oxygen_layer,o16,valid,no
A2_20M,20M_pre_supernova_single_profile,20M,19.98,single,128net,inner_shell,5,0.7,0.3,0.0131685766088,0.06715270679,0.22680898574,4.0770057e-05,0.0650979474,1.307751317,0,0.00921800362616,0.047006894753,0.158766290018,2.85390399e-05,0.04556856318,0.9154259219,0.288134596014,0.250599537802,0.303320212909,0.636493822661,0.244165626943,0.92100085951,0.39480832119,0.716944389281,intermediate_shell,carbon_oxygen_layer,o16,valid,no
A2_20M,20M_pre_supernova_single_profile,20M,19.98,single,128net,inner_shell,5,0.75,0.25,0.0131685766088,0.06715270679,0.22680898574,4.0770057e-05,0.0650979474,1.307751317,0,0.0098764324566,0.0503645300925,0.170106739305,3.057754275e-05,0.04882346055,0.98081348775,0.240112163345,0.208832948168,0.252766844091,0.530411518884,0.203471355786,0.767500716259,0.329006934325,0.75244152169,intermediate_shell,carbon_oxygen_layer,o16,valid,no
A2_20M,20M_pre_supernova_single_profile,20M,19.98,single,128net,inner_shell,5,0.8,0.2,0.0131685766088,0.06715270679,0.22680898574,4.0770057e-05,0.0650979474,1.307751317,0,0.010534861287,0.053722165432,0.181447188592,3.26160456e-05,0.05207835792,1.0462010536,0.192089730676,0.167066358535,0.202213475273,0.424329215107,0.162777084628,0.614000573007,0.26320554746,0.791636802111,intermediate_shell,carbon_oxygen_layer,o16,valid,no
A2_20M,20M_pre_supernova_single_profile,20M,19.98,single,128net,inner_shell,5,0.85,0.15,0.0131685766088,0.06715270679,0.22680898574,4.0770057e-05,0.0650979474,1.307751317,0,0.0111932901175,0.0570798007715,0.192787637879,3.465454845e-05,0.05533325529,1.11158861945,0.144067298007,0.125299768901,0.151660106455,0.318246911331,0.122082813471,0.460500429755,0.197404160595,0.835139907567,intermediate_shell,carbon_oxygen_layer,o16,valid,no
A2_20M,20M_pre_supernova_single_profile,20M,19.98,single,128net,inner_shell,5,0.9,0.1,0.0131685766088,0.06715270679,0.22680898574,4.0770057e-05,0.0650979474,1.307751317,0,0.0118517189479,0.060437436111,0.204128087166,3.66930513e-05,0.05858815266,1.1769761853,0.0960448653379,0.0835331792674,0.101106737636,0.212164607554,0.0813885423142,0.307000286503,0.13160277373,0.883702323125,intermediate_shell,carbon_oxygen_layer,o16,valid,no
A2_20M,20M_pre_supernova_single_profile,20M,19.98,single,128net,inner_shell,5,0.95,0.05,0.0131685766088,0.06715270679,0.22680898574,4.0770057e-05,0.0650979474,1.307751317,0,0.0125101477784,0.0637950714505,0.215468536453,3.873155415e-05,0.06184305003,1.24236375115,0.0480224326689,0.0417665896337,0.0505533688182,0.106082303777,0.0406942711571,0.153500143252,0.065801386865,0.938261117244,intermediate_shell,carbon_oxygen_layer,o16,valid,no
A2_20M,20M_pre_supernova_single_profile,20M,19.98,single,128net,inner_shell,5,1,0,0.0131685766088,0.06715270679,0.22680898574,4.0770057e-05,0.0650979474,1.307751317,0,0.0131685766088,0.06715270679,0.22680898574,4.0770057e-05,0.0650979474,1.307751317,0,0,0,0,0,0,0,1,intermediate_shell,carbon_oxygen_layer,o16,valid,no
A2_20M,20M_pre_supernova_single_profile,20M,19.98,single,128net,inner_shell,5,1.05,0.05,0.0131685766088,0.06715270679,0.22680898574,4.0770057e-05,0.0650979474,1.307751317,0,0.0138270054392,0.0705103421295,0.238149435027,4.280855985e-05,0.06835284477,1.37313888285,0.0480224326689,0.0417665896337,0.0505533688182,0.106082303777,0.0406942711571,0.153500143252,0.065801386865,0.938261117244,intermediate_shell,carbon_oxygen_layer,o16,valid,no
A2_20M,20M_pre_supernova_single_profile,20M,19.98,single,128net,inner_shell,5,1.1,0.1,0.0131685766088,0.06715270679,0.22680898574,4.0770057e-05,0.0650979474,1.307751317,0,0.0144854342697,0.073867977469,0.249489884314,4.48470627e-05,0.07160774214,1.4385264487,0.0960448653379,0.0835331792674,0.101106737636,0.212164607554,0.0813885423142,0.307000286503,0.13160277373,0.883702323125,intermediate_shell,carbon_oxygen_layer,o16,valid,no
A2_20M,20M_pre_supernova_single_profile,20M,19.98,single,128net,inner_shell,5,1.15,0.15,0.0131685766088,0.06715270679,0.22680898574,4.0770057e-05,0.0650979474,1.307751317,0,0.0151438631001,0.0772256128085,0.260830333601,4.688556555e-05,0.07486263951,1.50391401455,0.144067298007,0.125299768901,0.151660106455,0.318246911331,0.122082813471,0.460500429755,0.197404160595,0.835139907567,intermediate_shell,carbon_oxygen_layer,o16,valid,no
A2_20M,20M_pre_supernova_single_profile,20M,19.98,single,128net,inner_shell,5,1.2,0.2,0.0131685766088,0.06715270679,0.22680898574,4.0770057e-05,0.0650979474,1.307751317,0,0.0158022919306,0.080583248148,0.272170782888,4.89240684e-05,0.07811753688,1.5693015804,0.192089730676,0.167066358535,0.202213475273,0.424329215107,0.162777084628,0.614000573007,0.26320554746,0.791636802111,intermediate_shell,carbon_oxygen_layer,o16,valid,no
A2_20M,20M_pre_supernova_single_profile,20M,19.98,single,128net,inner_shell,5,1.25,0.25,0.0131685766088,0.06715270679,0.22680898574,4.0770057e-05,0.0650979474,1.307751317,0,0.016460720761,0.0839408834875,0.283511232175,5.096257125e-05,0.08137243425,1.63468914625,0.240112163345,0.208832948168,0.252766844091,0.530411518884,0.203471355786,0.767500716259,0.329006934325,0.75244152169,intermediate_shell,carbon_oxygen_layer,o16,valid,no
A2_20M,20M_pre_supernova_single_profile,20M,19.98,single,128net,inner_shell,5,1.3,0.3,0.0131685766088,0.06715270679,0.22680898574,4.0770057e-05,0.0650979474,1.307751317,0,0.0171191495914,0.087298518827,0.294851681462,5.30010741e-05,0.08462733162,1.7000767121,0.288134596014,0.250599537802,0.303320212909,0.636493822661,0.244165626943,0.92100085951,0.39480832119,0.716944389281,intermediate_shell,carbon_oxygen_layer,o16,valid,no
A2_20M,20M_pre_supernova_single_profile,20M,19.98,single,128net,inner_shell,5,1.35,0.35,0.0131685766088,0.06715270679,0.22680898574,4.0770057e-05,0.0650979474,1.307751317,0,0.0177775784219,0.0906561541665,0.306192130749,5.503957695e-05,0.08788222899,1.76546427795,0.336157028683,0.292366127436,0.353873581727,0.742576126438,0.2848598981,1.07450100276,0.460609708055,0.684645593197,intermediate_shell,carbon_oxygen_layer,o16,valid,no
A2_20M,20M_pre_supernova_single_profile,20M,19.98,single,128net,inner_shell,5,1.4,0.4,0.0131685766088,0.06715270679,0.22680898574,4.0770057e-05,0.0650979474,1.307751317,0,0.0184360072523,0.094013789506,0.317532580036,5.70780798e-05,0.09113712636,1.8308518438,0.384179461352,0.334132717069,0.404426950546,0.848658430215,0.325554169257,1.22800114601,0.52641109492,0.6551315064,intermediate_shell,carbon_oxygen_layer,o16,valid,no
A2_20M,20M_pre_supernova_single_profile,20M,19.98,single,128net,inner_shell,5,1.45,0.45,0.0131685766088,0.06715270679,0.22680898574,4.0770057e-05,0.0650979474,1.307751317,0,0.0190944360828,0.0973714248455,0.328873029323,5.911658265e-05,0.09439202373,1.89623940965,0.43220189402,0.375899306703,0.454980319364,0.954740733992,0.366248440414,1.38150128927,0.592212481785,0.628056877735,intermediate_shell,carbon_oxygen_layer,o16,valid,no
A2_20M,20M_pre_supernova_single_profile,20M,19.98,single,128net,inner_shell,5,1.5,0.5,0.0131685766088,0.06715270679,0.22680898574,4.0770057e-05,0.0650979474,1.307751317,0,0.0197528649132,0.100729060185,0.34021347861,6.11550855e-05,0.0976469211,1.9616269755,0.480224326689,0.417665896337,0.505533688182,1.06082303777,0.406942711571,1.53500143252,0.65801386865,0.603131263802,intermediate_shell,carbon_oxygen_layer,o16,valid,no
A2_20M,20M_pre_supernova_single_profile,20M,19.98,single,128net,core_boundary,6,0.5,0.5,0.0130569069643,0.01844228996,0.21145296877,0.004430499554,0.0483140345,1.4501963783,0,0.00652845348215,0.00922114498,0.105726484385,0.002215249777,0.02415701725,0.72509818915,0.476152020211,0.114704468887,0.471306720193,115.280093813,0.302022490595,1.70219940839,17.7286765047,0.0533940558881,core_boundary_region,iron_group_layer,fe56,unstable,yes
A2_20M,20M_pre_supernova_single_profile,20M,19.98,single,128net,core_boundary,6,0.55,0.45,0.0130569069643,0.01844228996,0.21145296877,0.004430499554,0.0483140345,1.4501963783,0,0.00718129883036,0.010143259478,0.116299132824,0.0024367747547,0.026572718975,0.797608008065,0.428536818189,0.103234021998,0.424176048173,103.752084431,0.271820241535,1.53197946755,15.9558088542,0.0589768384746,core_boundary_region,iron_group_layer,fe56,unstable,yes
A2_20M,20M_pre_supernova_single_profile,20M,19.98,single,128net,core_boundary,6,0.6,0.4,0.0130569069643,0.01844228996,0.21145296877,0.004430499554,0.0483140345,1.4501963783,0,0.00783414417858,0.011065373976,0.126871781262,0.0026582997324,0.0289884207,0.87011782698,0.380921616168,0.0917635751093,0.377045376154,92.2240750501,0.241617992476,1.36175952671,14.1829412037,0.065863391459,core_boundary_region,iron_group_layer,fe56,unstable,yes
A2_20M,20M_pre_supernova_single_profile,20M,19.98,single,128net,core_boundary,6,0.65,0.35,0.0130569069643,0.01844228996,0.21145296877,0.004430499554,0.0483140345,1.4501963783,0,0.0084869895268,0.011987488474,0.1374444297,0.0028798247101,0.031404122425,0.942627645895,0.333306414147,0.0802931282206,0.329914704135,80.6960656688,0.211415743416,1.19153958587,12.4100735533,0.0745708064932,core_boundary_region,iron_group_layer,fe56,unstable,yes
A2_20M,20M_pre_supernova_single_profile,20M,19.98,single,128net,core_boundary,6,0.7,0.3,0.0130569069643,0.01844228996,0.21145296877,0.004430499554,0.0483140345,1.4501963783,0,0.00913983487501,0.012909602972,0.148017078139,0.0031013496878,0.03381982415,1.01513746481,0.285691212126,0.068822681332,0.282784032116,69.1680562876,0.181213494357,1.02131964504,10.6372059028,0.0859312800987,core_boundary_region,iron_group_layer,fe56,unstable,yes
A2_20M,20M_pre_supernova_single_profile,20M,19.98,single,128net,core_boundary,6,0.75,0.25,0.0130569069643,0.01844228996,0.21145296877,0.004430499554,0.0483140345,1.4501963783,0,0.00979268022322,0.01383171747,0.158589726578,0.0033228746655,0.036235525875,1.08764728372,0.238076010105,0.0573522344433,0.235653360096,57.6400469063,0.151011245297,0.851099704196,8.86433825233,0.101375274694,core_boundary_region,iron_group_layer,fe56,unstable,yes
A2_20M,20M_pre_supernova_single_profile,20M,19.98,single,128net,core_boundary,6,0.8,0.2,0.0130569069643,0.01844228996,0.21145296877,0.004430499554,0.0483140345,1.4501963783,0,0.0104455255714,0.014753831968,0.169162375016,0.0035443996432,0.0386512276,1.16015710264,0.190460808084,0.0458817875547,0.188522688077,46.112037525,0.120808996238,0.680879763357,7.09147060186,0.123586928657,core_boundary_region,iron_group_layer,fe56,unstable,yes
A2_20M,20M_pre_supernova_single_profile,20M,19.98,single,128net,core_boundary,6,0.85,0.15,0.0130569069643,0.01844228996,0.21145296877,0.004430499554,0.0483140345,1.4501963783,0,0.0110983709197,0.015675946466,0.179735023455,0.0037659246209,0.041066929325,1.23266692156,0.142845606063,0.034411340666,0.141392016058,34.5840281438,0.0906067471785,0.510659822518,5.3186029514,0.158262832416,core_boundary_region,iron_group_layer,fe56,unstable,yes
A2_20M,20M_pre_supernova_single_profile,20M,19.98,single,128net,core_boundary,6,0.9,0.1,0.0130569069643,0.01844228996,0.21145296877,0.004430499554,0.0483140345,1.4501963783,0,0.0117512162679,0.016598060964,0.190307671893,0.0039874495986,0.04348263105,1.30517674047,0.0952304040421,0.0229408937773,0.0942613440385,23.0560187625,0.060404498119,0.340439881678,3.54573530093,0.219986412274,core_boundary_region,iron_group_layer,fe56,unstable,yes
A2_20M,20M_pre_supernova_single_profile,20M,19.98,single,128net,core_boundary,6,0.95,0.05,0.0130569069643,0.01844228996,0.21145296877,0.004430499554,0.0483140345,1.4501963783,0,0.0124040616161,0.017520175462,0.200880320331,0.0042089745763,0.045898332775,1.37768655939,0.0476152020211,0.0114704468887,0.0471306720193,11.5280093813,0.0302022490595,0.170219940839,1.77286765047,0.360637479337,core_boundary_region,iron_group_layer,fe56,valid,no
A2_20M,20M_pre_supernova_single_profile,20M,19.98,single,128net,core_boundary,6,1,0,0.0130569069643,0.01844228996,0.21145296877,0.004430499554,0.0483140345,1.4501963783,0,0.0130569069643,0.01844228996,0.21145296877,0.004430499554,0.0483140345,1.4501963783,0,0,0,0,0,0,0,1,core_boundary_region,iron_group_layer,fe56,valid,no
A2_20M,20M_pre_supernova_single_profile,20M,19.98,single,128net,core_boundary,6,1.05,0.05,0.0130569069643,0.01844228996,0.21145296877,0.004430499554,0.0483140345,1.4501963783,0,0.0137097523125,0.019364404458,0.222025617209,0.0046520245317,0.050729736225,1.52270619722,0.0476152020211,0.0114704468887,0.0471306720193,11.5280093813,0.0302022490595,0.170219940839,1.77286765047,0.360637479337,core_boundary_region,iron_group_layer,fe56,valid,no
A2_20M,20M_pre_supernova_single_profile,20M,19.98,single,128net,core_boundary,6,1.1,0.1,0.0130569069643,0.01844228996,0.21145296877,0.004430499554,0.0483140345,1.4501963783,0,0.0143625976607,0.020286518956,0.232598265647,0.0048735495094,0.05314543795,1.59521601613,0.0952304040421,0.0229408937773,0.0942613440385,23.0560187625,0.060404498119,0.340439881678,3.54573530093,0.219986412274,core_boundary_region,iron_group_layer,fe56,unstable,yes
A2_20M,20M_pre_supernova_single_profile,20M,19.98,single,128net,core_boundary,6,1.15,0.15,0.0130569069643,0.01844228996,0.21145296877,0.004430499554,0.0483140345,1.4501963783,0,0.0150154430089,0.021208633454,0.243170914085,0.0050950744871,0.055561139675,1.66772583504,0.142845606063,0.034411340666,0.141392016058,34.5840281438,0.0906067471785,0.510659822518,5.3186029514,0.158262832416,core_boundary_region,iron_group_layer,fe56,unstable,yes
A2_20M,20M_pre_supernova_single_profile,20M,19.98,single,128net,core_boundary,6,1.2,0.2,0.0130569069643,0.01844228996,0.21145296877,0.004430499554,0.0483140345,1.4501963783,0,0.0156682883572,0.022130747952,0.253743562524,0.0053165994648,0.0579768414,1.74023565396,0.190460808084,0.0458817875547,0.188522688077,46.112037525,0.120808996238,0.680879763357,7.09147060186,0.123586928657,core_boundary_region,iron_group_layer,fe56,unstable,yes
A2_20M,20M_pre_supernova_single_profile,20M,19.98,single,128net,core_boundary,6,1.25,0.25,0.0130569069643,0.01844228996,0.21145296877,0.004430499554,0.0483140345,1.4501963783,0,0.0163211337054,0.02305286245,0.264316210963,0.0055381244425,0.060392543125,1.81274547288,0.238076010105,0.0573522344433,0.235653360096,57.6400469063,0.151011245297,0.851099704196,8.86433825233,0.101375274694,core_boundary_region,iron_group_layer,fe56,unstable,yes
A2_20M,20M_pre_supernova_single_profile,20M,19.98,single,128net,core_boundary,6,1.3,0.3,0.0130569069643,0.01844228996,0.21145296877,0.004430499554,0.0483140345,1.4501963783,0,0.0169739790536,0.023974976948,0.274888859401,0.0057596494202,0.06280824485,1.88525529179,0.285691212126,0.068822681332,0.282784032116,69.1680562876,0.181213494357,1.02131964504,10.6372059028,0.0859312800987,core_boundary_region,iron_group_layer,fe56,unstable,yes
A2_20M,20M_pre_supernova_single_profile,20M,19.98,single,128net,core_boundary,6,1.35,0.35,0.0130569069643,0.01844228996,0.21145296877,0.004430499554,0.0483140345,1.4501963783,0,0.0176268244018,0.024897091446,0.28546150784,0.0059811743979,0.065223946575,1.95776511071,0.333306414147,0.0802931282206,0.329914704135,80.6960656688,0.211415743416,1.19153958587,12.4100735533,0.0745708064932,core_boundary_region,iron_group_layer,fe56,unstable,yes
A2_20M,20M_pre_supernova_single_profile,20M,19.98,single,128net,core_boundary,6,1.4,0.4,0.0130569069643,0.01844228996,0.21145296877,0.004430499554,0.0483140345,1.4501963783,0,0.01827966975,0.025819205944,0.296034156278,0.0062026993756,0.0676396483,2.03027492962,0.380921616168,0.0917635751093,0.377045376154,92.2240750501,0.241617992476,1.36175952671,14.1829412037,0.065863391459,core_boundary_region,iron_group_layer,fe56,unstable,yes
A2_20M,20M_pre_supernova_single_profile,20M,19.98,single,128net,core_boundary,6,1.45,0.45,0.0130569069643,0.01844228996,0.21145296877,0.004430499554,0.0483140345,1.4501963783,0,0.0189325150982,0.026741320442,0.306606804717,0.0064242243533,0.070055350025,2.10278474854,0.428536818189,0.103234021998,0.424176048173,103.752084431,0.271820241535,1.53197946755,15.9558088542,0.0589768384746,core_boundary_region,iron_group_layer,fe56,unstable,yes
A2_20M,20M_pre_supernova_single_profile,20M,19.98,single,128net,core_boundary,6,1.5,0.5,0.0130569069643,0.01844228996,0.21145296877,0.004430499554,0.0483140345,1.4501963783,0,0.0195853604464,0.02766343494,0.317179453155,0.006645749331,0.07247105175,2.17529456745,0.476152020211,0.114704468887,0.471306720193,115.280093813,0.302022490595,1.70219940839,17.7286765047,0.0533940558881,core_boundary_region,iron_group_layer,fe56,unstable,yes
A2_20M,20M_pre_supernova_single_profile,20M,19.98,single,128net,core_boundary,6,0.5,0.5,0.0174114494389,0.02362022277,0.21646812858,0.004895303331,0.0468264506,2.3270246036,0,0.00870572471945,0.011810111385,0.10823406429,0.0024476516655,0.0234132253,1.1635123018,0.63495105294,0.146909365035,0.482484990874,127.374130244,0.292723250755,2.73139552879,19.693148049,0.0483251749628,core_boundary_region,iron_group_layer,fe56,unstable,yes
A2_20M,20M_pre_supernova_single_profile,20M,19.98,single,128net,core_boundary,6,0.55,0.45,0.0174114494389,0.02362022277,0.21646812858,0.004895303331,0.0468264506,2.3270246036,0,0.00957629719139,0.0129911225235,0.119057470719,0.00269241683205,0.02575454783,1.27986353198,0.571455947646,0.132218428532,0.434236491786,114.63671722,0.26345092568,2.45825597592,17.7238332441,0.0534078672333,core_boundary_region,iron_group_layer,fe56,unstable,yes
A2_20M,20M_pre_supernova_single_profile,20M,19.98,single,128net,core_boundary,6,0.6,0.4,0.0174114494389,0.02362022277,0.21646812858,0.004895303331,0.0468264506,2.3270246036,0,0.0104468696633,0.014172133662,0.129880877148,0.0029371819986,0.02809587036,1.39621476216,0.507960842352,0.117527492028,0.385987992699,101.899304196,0.234178600604,2.18511642304,15.7545184392,0.0596853919513,core_boundary_region,iron_group_layer,fe56,unstable,yes
A2_20M,20M_pre_supernova_single_profile,20M,19.98,single,128net,core_boundary,6,0.65,0.35,0.0174114494389,0.02362022277,0.21646812858,0.004895303331,0.0468264506,2.3270246036,0,0.0113174421353,0.0153531448005,0.140704283577,0.00318194716515,0.03043719289,1.51256599234,0.444465737058,0.102836555525,0.337739493612,89.1618911711,0.204906275529,1.91197687016,13.7852036343,0.0676351861451,core_boundary_region,iron_group_layer,fe56,unstable,yes
A2_20M,20M_pre_supernova_single_profile,20M,19.98,single,128net,core_boundary,6,0.7,0.3,0.0174114494389,0.02362022277,0.21646812858,0.004895303331,0.0468264506,2.3270246036,0,0.0121880146072,0.016534155939,0.151527690006,0.0034267123317,0.03277851542,1.62891722252,0.380970631764,0.0881456190211,0.289490994524,76.4244781466,0.175633950453,1.63883731728,11.8158888294,0.078028142512,core_boundary_region,iron_group_layer,fe56,unstable,yes
A2_20M,20M_pre_supernova_single_profile,20M,19.98,single,128net,core_boundary,6,0.75,0.25,0.0174114494389,0.02362022277,0.21646812858,0.004895303331,0.0468264506,2.3270246036,0,0.0130585870792,0.0177151670775,0.162351096435,0.00367147749825,0.03511983795,1.7452684527,0.31747552647,0.0734546825176,0.241242495437,63.6870651222,0.146361625378,1.3656977644,9.84657402452,0.0921950099395,core_boundary_region,iron_group_layer,fe56,unstable,yes
A2_20M,20M_pre_supernova_single_profile,20M,19.98,single,128net,core_boundary,6,0.8,0.2,0.0174114494389,0.02362022277,0.21646812858,0.004895303331,0.0468264506,2.3270246036,0,0.0139291595511,0.018896178216,0.173174502864,0.0039162426648,0.03746116048,1.86161968288,0.253980421176,0.058763746014,0.19299399635,50.9496520978,0.117089300302,1.09255821152,7.87725921961,0.112647380826,core_boundary_region,iron_group_layer,fe56,unstable,yes
A2_20M,20M_pre_supernova_single_profile,20M,19.98,single,128net,core_boundary,6,0.85,0.15,0.0174114494389,0.02362022277,0.21646812858,0.004895303331,0.0468264506,2.3270246036,0,0.0147997320231,0.0200771893545,0.183997909293,0.00416100783135,0.03980248301,1.97797091306,0.190485315882,0.0440728095105,0.144745497262,38.2122390733,0.0878169752265,0.819418658638,5.90794441471,0.14476086372,core_boundary_region,iron_group_layer,fe56,unstable,yes
A2_20M,20M_pre_supernova_single_profile,20M,19.98,single,128net,core_boundary,6,0.9,0.1,0.0174114494389,0.02362022277,0.21646812858,0.004895303331,0.0468264506,2.3270246036,0,0.015670304495,0.021258200493,0.194821315722,0.0044057729979,0.04214380554,2.09432214324,0.126990210588,0.029381873007,0.0964969981748,25.4748260489,0.058544650151,0.546279105759,3.93862960981,0.202485320627,core_boundary_region,iron_group_layer,fe56,unstable,yes
A2_20M,20M_pre_supernova_single_profile,20M,19.98,single,128net,core_boundary,6,0.95,0.05,0.0174114494389,0.02362022277,0.21646812858,0.004895303331,0.0468264506,2.3270246036,0,0.016540876967,0.0224392116315,0.205644722151,0.00465053816445,0.04448512807,2.21067337342,0.063495105294,0.0146909365035,0.0482484990874,12.7374130244,0.0292723250755,0.273139552879,1.9693148049,0.336778033218,core_boundary_region,iron_group_layer,fe56,valid,no
A2_20M,20M_pre_supernova_single_profile,20M,19.98,single,128net,core_boundary,6,1,0,0.0174114494389,0.02362022277,0.21646812858,0.004895303331,0.0468264506,2.3270246036,0,0.0174114494389,0.02362022277,0.21646812858,0.004895303331,0.0468264506,2.3270246036,0,0,0,0,0,0,0,1,core_boundary_region,iron_group_layer,fe56,valid,no
A2_20M,20M_pre_supernova_single_profile,20M,19.98,single,128net,core_boundary,6,1.05,0.05,0.0174114494389,0.02362022277,0.21646812858,0.004895303331,0.0468264506,2.3270246036,0,0.0182820219108,0.0248012339085,0.227291535009,0.00514006849755,0.04916777313,2.44337583378,0.063495105294,0.0146909365035,0.0482484990874,12.7374130244,0.0292723250755,0.273139552879,1.9693148049,0.336778033218,core_boundary_region,iron_group_layer,fe56,valid,no
A2_20M,20M_pre_supernova_single_profile,20M,19.98,single,128net,core_boundary,6,1.1,0.1,0.0174114494389,0.02362022277,0.21646812858,0.004895303331,0.0468264506,2.3270246036,0,0.0191525943828,0.025982245047,0.238114941438,0.0053848336641,0.05150909566,2.55972706396,0.126990210588,0.029381873007,0.0964969981748,25.4748260489,0.058544650151,0.546279105759,3.93862960981,0.202485320627,core_boundary_region,iron_group_layer,fe56,unstable,yes
A2_20M,20M_pre_supernova_single_profile,20M,19.98,single,128net,core_boundary,6,1.15,0.15,0.0174114494389,0.02362022277,0.21646812858,0.004895303331,0.0468264506,2.3270246036,0,0.0200231668547,0.0271632561855,0.248938347867,0.00562959883065,0.05385041819,2.67607829414,0.190485315882,0.0440728095105,0.144745497262,38.2122390733,0.0878169752265,0.819418658638,5.90794441471,0.14476086372,core_boundary_region,iron_group_layer,fe56,unstable,yes
A2_20M,20M_pre_supernova_single_profile,20M,19.98,single,128net,core_boundary,6,1.2,0.2,0.0174114494389,0.02362022277,0.21646812858,0.004895303331,0.0468264506,2.3270246036,0,0.0208937393267,0.028344267324,0.259761754296,0.0058743639972,0.05619174072,2.79242952432,0.253980421176,0.058763746014,0.19299399635,50.9496520978,0.117089300302,1.09255821152,7.87725921961,0.112647380826,core_boundary_region,iron_group_layer,fe56,unstable,yes
A2_20M,20M_pre_supernova_single_profile,20M,19.98,single,128net,core_boundary,6,1.25,0.25,0.0174114494389,0.02362022277,0.21646812858,0.004895303331,0.0468264506,2.3270246036,0,0.0217643117986,0.0295252784625,0.270585160725,0.00611912916375,0.05853306325,2.9087807545,0.31747552647,0.0734546825176,0.241242495437,63.6870651222,0.146361625378,1.3656977644,9.84657402452,0.0921950099395,core_boundary_region,iron_group_layer,fe56,unstable,yes
A2_20M,20M_pre_supernova_single_profile,20M,19.98,single,128net,core_boundary,6,1.3,0.3,0.0174114494389,0.02362022277,0.21646812858,0.004895303331,0.0468264506,2.3270246036,0,0.0226348842706,0.030706289601,0.281408567154,0.0063638943303,0.06087438578,3.02513198468,0.380970631764,0.0881456190211,0.289490994524,76.4244781466,0.175633950453,1.63883731728,11.8158888294,0.078028142512,core_boundary_region,iron_group_layer,fe56,unstable,yes
A2_20M,20M_pre_supernova_single_profile,20M,19.98,single,128net,core_boundary,6,1.35,0.35,0.0174114494389,0.02362022277,0.21646812858,0.004895303331,0.0468264506,2.3270246036,0,0.0235054567425,0.0318873007395,0.292231973583,0.00660865949685,0.06321570831,3.14148321486,0.444465737058,0.102836555525,0.337739493612,89.1618911711,0.204906275529,1.91197687016,13.7852036343,0.0676351861451,core_boundary_region,iron_group_layer,fe56,unstable,yes
A2_20M,20M_pre_supernova_single_profile,20M,19.98,single,128net,core_boundary,6,1.4,0.4,0.0174114494389,0.02362022277,0.21646812858,0.004895303331,0.0468264506,2.3270246036,0,0.0243760292145,0.033068311878,0.303055380012,0.0068534246634,0.06555703084,3.25783444504,0.507960842352,0.117527492028,0.385987992699,101.899304196,0.234178600604,2.18511642304,15.7545184392,0.0596853919513,core_boundary_region,iron_group_layer,fe56,unstable,yes
A2_20M,20M_pre_supernova_single_profile,20M,19.98,single,128net,core_boundary,6,1.45,0.45,0.0174114494389,0.02362022277,0.21646812858,0.004895303331,0.0468264506,2.3270246036,0,0.0252466016864,0.0342493230165,0.313878786441,0.00709818982995,0.06789835337,3.37418567522,0.571455947646,0.132218428532,0.434236491786,114.63671722,0.26345092568,2.45825597592,17.7238332441,0.0534078672333,core_boundary_region,iron_group_layer,fe56,unstable,yes
A2_20M,20M_pre_supernova_single_profile,20M,19.98,single,128net,core_boundary,6,1.5,0.5,0.0174114494389,0.02362022277,0.21646812858,0.004895303331,0.0468264506,2.3270246036,0,0.0261171741583,0.035430334155,0.32470219287,0.0073429549965,0.0702396759,3.4905369054,0.63495105294,0.146909365035,0.482484990874,127.374130244,0.292723250755,2.73139552879,19.693148049,0.0483251749628,core_boundary_region,iron_group_layer,fe56,unstable,yes
A2_20M,20M_pre_supernova_single_profile,20M,19.98,single,128net,inner_core,7,0.5,0.5,0.0138173244071,0.02476033402,0.08746594203,0.002055473782,0.0094604824,1.5793663545,2,0.00690866220355,0.01238016701,0.043732971015,0.001027736891,0.0047302412,0.78968317725,0.503882500529,0.154000450561,0.194952506491,53.4827297758,0.0591397196746,1.85381546561,8.40946620144,0.106275954299,inner_core,iron_group_layer,fe56,unstable,yes
A2_20M,20M_pre_supernova_single_profile,20M,19.98,single,128net,inner_core,7,0.55,0.45,0.0138173244071,0.02476033402,0.08746594203,0.002055473782,0.0094604824,1.5793663545,2,0.00759952842391,0.013618183711,0.0481062681165,0.0011305105801,0.00520326532,0.868651494975,0.453494250476,0.138600405505,0.175457255842,48.1344567982,0.0532257477071,1.66843391905,7.5685195813,0.116706274697,inner_core,iron_group_layer,fe56,unstable,yes
A2_20M,20M_pre_supernova_single_profile,20M,19.98,single,128net,inner_core,7,0.6,0.4,0.0138173244071,0.02476033402,0.08746594203,0.002055473782,0.0094604824,1.5793663545,2,0.00829039464426,0.014856200412,0.052479565218,0.0012332842692,0.00567628944,0.9476198127,0.403106000423,0.123200360449,0.155962005193,42.7861838206,0.0473117757397,1.48305237249,6.72757296115,0.129406736763,inner_core,iron_group_layer,fe56,unstable,yes
A2_20M,20M_pre_supernova_single_profile,20M,19.98,single,128net,inner_core,7,0.65,0.35,0.0138173244071,0.02476033402,0.08746594203,0.002055473782,0.0094604824,1.5793663545,2,0.00898126086462,0.016094217113,0.0568528623195,0.0013360579583,0.00614931356,1.02658813043,0.35271775037,0.107800315393,0.136466754544,37.4379108431,0.0413978037722,1.29767082593,5.88662634101,0.145208981943,inner_core,iron_group_layer,fe56,unstable,yes
A2_20M,20M_pre_supernova_single_profile,20M,19.98,single,128net,inner_core,7,0.7,0.3,0.0138173244071,0.02476033402,0.08746594203,0.002055473782,0.0094604824,1.5793663545,2,0.00967212708497,0.017332233814,0.061226159421,0.0014388316474,0.00662233768,1.10555644815,0.302329500317,0.0924002703367,0.116971503895,32.0896378655,0.0354838318047,1.11228927937,5.04567972086,0.165407372896,inner_core,iron_group_layer,fe56,unstable,yes
A2_20M,20M_pre_supernova_single_profile,20M,19.98,single,128net,inner_core,7,0.75,0.25,0.0138173244071,0.02476033402,0.08746594203,0.002055473782,0.0094604824,1.5793663545,2,0.0103629933053,0.018570250515,0.0655994565225,0.0015416053365,0.0070953618,1.18452476587,0.251941250264,0.0770002252806,0.0974762532456,26.7413648879,0.0295698598373,0.926907732805,4.20473310072,0.19213281078,inner_core,iron_group_layer,fe56,unstable,yes
A2_20M,20M_pre_supernova_single_profile,20M,19.98,single,128net,inner_core,7,0.8,0.2,0.0138173244071,0.02476033402,0.08746594203,0.002055473782,0.0094604824,1.5793663545,2,0.0110538595257,0.019808267216,0.069972753624,0.0016443790256,0.00756838592,1.2634930836,0.201553000212,0.0616001802245,0.0779810025965,21.3930919103,0.0236558878698,0.741526186244,3.36378648058,0.229158783192,inner_core,iron_group_layer,fe56,unstable,yes
A2_20M,20M_pre_supernova_single_profile,20M,19.98,single,128net,inner_core,7,0.85,0.15,0.0138173244071,0.02476033402,0.08746594203,0.002055473782,0.0094604824,1.5793663545,2,0.011744725746,0.021046283917,0.0743460507255,0.0017471527147,0.00804141004,1.34246140133,0.151164750159,0.0462001351684,0.0584857519473,16.0448189327,0.0177419159024,0.556144639683,2.52283986043,0.283861895408,inner_core,iron_group_layer,fe56,unstable,yes
A2_20M,20M_pre_supernova_single_profile,20M,19.98,single,128net,inner_core,7,0.9,0.1,0.0138173244071,0.02476033402,0.08746594203,0.002055473782,0.0094604824,1.5793663545,2,0.0124355919664,0.022284300618,0.078719347827,0.0018499264038,0.00851443416,1.42142971905,0.100776500106,0.0308000901122,0.0389905012982,10.6965459552,0.0118279439349,0.370763093122,1.68189324029,0.372870920057,inner_core,iron_group_layer,fe56,valid,no
A2_20M,20M_pre_supernova_single_profile,20M,19.98,single,128net,inner_core,7,0.95,0.05,0.0138173244071,0.02476033402,0.08746594203,0.002055473782,0.0094604824,1.5793663545,2,0.0131264581867,0.023522317319,0.0830926449285,0.0019527000929,0.00898745828,1.50039803678,0.0503882500529,0.0154000450561,0.0194952506491,5.34827297758,0.00591397196746,0.185381546561,0.840946620144,0.543198802756,inner_core,iron_group_layer,fe56,valid,no
A2_20M,20M_pre_supernova_single_profile,20M,19.98,single,128net,inner_core,7,1,0,0.0138173244071,0.02476033402,0.08746594203,0.002055473782,0.0094604824,1.5793663545,2,0.0138173244071,0.02476033402,0.08746594203,0.002055473782,0.0094604824,1.5793663545,0,0,0,0,0,0,0,1,inner_core,iron_group_layer,fe56,valid,no
A2_20M,20M_pre_supernova_single_profile,20M,19.98,single,128net,inner_core,7,1.05,0.05,0.0138173244071,0.02476033402,0.08746594203,0.002055473782,0.0094604824,1.5793663545,2,0.0145081906275,0.025998350721,0.0918392391315,0.0021582474711,0.00993350652,1.65833467223,0.0503882500529,0.0154000450561,0.0194952506491,5.34827297758,0.00591397196746,0.185381546561,0.840946620144,0.543198802756,inner_core,iron_group_layer,fe56,valid,no
A2_20M,20M_pre_supernova_single_profile,20M,19.98,single,128net,inner_core,7,1.1,0.1,0.0138173244071,0.02476033402,0.08746594203,0.002055473782,0.0094604824,1.5793663545,2,0.0151990568478,0.027236367422,0.096212536233,0.0022610211602,0.01040653064,1.73730298995,0.100776500106,0.0308000901122,0.0389905012982,10.6965459552,0.0118279439349,0.370763093122,1.68189324029,0.372870920057,inner_core,iron_group_layer,fe56,valid,no
A2_20M,20M_pre_supernova_single_profile,20M,19.98,single,128net,inner_core,7,1.15,0.15,0.0138173244071,0.02476033402,0.08746594203,0.002055473782,0.0094604824,1.5793663545,2,0.0158899230682,0.028474384123,0.100585833334,0.0023637948493,0.01087955476,1.81627130767,0.151164750159,0.0462001351684,0.0584857519473,16.0448189327,0.0177419159024,0.556144639683,2.52283986043,0.283861895408,inner_core,iron_group_layer,fe56,unstable,yes
A2_20M,20M_pre_supernova_single_profile,20M,19.98,single,128net,inner_core,7,1.2,0.2,0.0138173244071,0.02476033402,0.08746594203,0.002055473782,0.0094604824,1.5793663545,2,0.0165807892885,0.029712400824,0.104959130436,0.0024665685384,0.01135257888,1.8952396254,0.201553000212,0.0616001802245,0.0779810025965,21.3930919103,0.0236558878698,0.741526186244,3.36378648058,0.229158783192,inner_core,iron_group_layer,fe56,unstable,yes
A2_20M,20M_pre_supernova_single_profile,20M,19.98,single,128net,inner_core,7,1.25,0.25,0.0138173244071,0.02476033402,0.08746594203,0.002055473782,0.0094604824,1.5793663545,2,0.0172716555089,0.030950417525,0.109332427537,0.0025693422275,0.011825603,1.97420794313,0.251941250264,0.0770002252806,0.0974762532456,26.7413648879,0.0295698598373,0.926907732805,4.20473310072,0.19213281078,inner_core,iron_group_layer,fe56,unstable,yes
A2_20M,20M_pre_supernova_single_profile,20M,19.98,single,128net,inner_core,7,1.3,0.3,0.0138173244071,0.02476033402,0.08746594203,0.002055473782,0.0094604824,1.5793663545,2,0.0179625217292,0.032188434226,0.113705724639,0.0026721159166,0.01229862712,2.05317626085,0.302329500317,0.0924002703367,0.116971503895,32.0896378655,0.0354838318047,1.11228927937,5.04567972086,0.165407372896,inner_core,iron_group_layer,fe56,unstable,yes
A2_20M,20M_pre_supernova_single_profile,20M,19.98,single,128net,inner_core,7,1.35,0.35,0.0138173244071,0.02476033402,0.08746594203,0.002055473782,0.0094604824,1.5793663545,2,0.0186533879496,0.033426450927,0.118079021741,0.0027748896057,0.01277165124,2.13214457858,0.35271775037,0.107800315393,0.136466754544,37.4379108431,0.0413978037722,1.29767082593,5.88662634101,0.145208981943,inner_core,iron_group_layer,fe56,unstable,yes
A2_20M,20M_pre_supernova_single_profile,20M,19.98,single,128net,inner_core,7,1.4,0.4,0.0138173244071,0.02476033402,0.08746594203,0.002055473782,0.0094604824,1.5793663545,2,0.0193442541699,0.034664467628,0.122452318842,0.0028776632948,0.01324467536,2.2111128963,0.403106000423,0.123200360449,0.155962005193,42.7861838206,0.0473117757397,1.48305237249,6.72757296115,0.129406736763,inner_core,iron_group_layer,fe56,unstable,yes
A2_20M,20M_pre_supernova_single_profile,20M,19.98,single,128net,inner_core,7,1.45,0.45,0.0138173244071,0.02476033402,0.08746594203,0.002055473782,0.0094604824,1.5793663545,2,0.0200351203903,0.035902484329,0.126825615944,0.0029804369839,0.01371769948,2.29008121403,0.453494250476,0.138600405505,0.175457255842,48.1344567982,0.0532257477071,1.66843391905,7.5685195813,0.116706274697,inner_core,iron_group_layer,fe56,unstable,yes
A2_20M,20M_pre_supernova_single_profile,20M,19.98,single,128net,inner_core,7,1.5,0.5,0.0138173244071,0.02476033402,0.08746594203,0.002055473782,0.0094604824,1.5793663545,2,0.0207259866107,0.03714050103,0.131198913045,0.003083210673,0.0141907236,2.36904953175,0.503882500529,0.154000450561,0.194952506491,53.4827297758,0.0591397196746,1.85381546561,8.40946620144,0.106275954299,inner_core,iron_group_layer,fe56,unstable,yes
