node_id,time_idx,time_value,scale_idx,scale_value,object_id,stitch_defect,enstrophy_mean,enstrophy_integral,q_mean,q_max,strain_sq_mean_proxy,cx,cy,cz,physical_volume,equiv_radius
t05_s01_o000304,5,0.01,1,0.012271881103515625,o000304,1.0,1098.634783935547,0.020304241110380285,367.1853515625,584.0612182617188,364.26408081054694,0.6657495498657227,0.9222318649291993,0.9075056076049806,1.8481338300291306e-05,0.01640142576114291
t03_s01_o000356,3,0.006,1,0.012271881103515625,o000356,0.9811132729305831,1014.055398123605,0.052475082430284994,364.6744144984654,602.575439453125,284.70656912667414,0.8252840042114258,1.252608435494559,1.1285747800554546,5.1747747240815656e-05,0.023117149394111778
t07_s00_o000017,7,0.014,0,0.0061359405517578125,o000017,0.9637558670881651,2077.362080078125,0.08398344363088896,702.6832693917411,1533.5863037109375,671.9955412946429,0.9141850171770368,0.8793679373604911,0.16858058384486607,4.042792753188723e-05,0.02129107663167083
t04_s00_o000275,4,0.008,0,0.0061359405517578125,o000275,0.9597675829383461,1321.1834061566522,0.02075465186302542,551.2957202686983,884.574462890625,218.59196561925546,1.2379260063171387,0.8010109452640308,0.7939726605134853,1.570913755524761e-05,0.01553654966809341
t03_s01_o000236,3,0.006,1,0.012271881103515625,o000236,0.9380482895007877,1547.5797370542448,2.5483798098453248,611.812234041533,5189.7744140625,323.95526897117884,0.8696335633060613,1.2613971840786746,1.0176261137631606,0.0016466872425559553,0.07325560124864856
t08_s01_o000109,8,0.016,1,0.012271881103515625,o000109,0.9354614627961294,850.6790278508113,0.04087638593655181,333.3033699622521,491.3821105957031,184.07228792630713,1.1311370409451997,0.1701543514545147,0.44532768542949974,4.8051479580757395e-05,0.022553089939775412
t01_s01_o000316,1,0.002,1,0.012271881103515625,o000316,0.9289911704818995,1128.0579643249512,0.10007050013293134,422.7488505045573,719.4744262695312,282.56026331583655,0.6706071694691976,1.2205408414204915,1.010640541712443,8.871042384139827e-05,0.027666996488939073
t01_s00_o000382,1,0.002,0,0.0061359405517578125,o000382,0.9287063022602898,1463.893514811198,0.025363791827651486,589.6739705403646,938.5042724609375,284.54557373046873,1.302946523030599,1.2239974212646483,1.1022603607177734,1.73262546565231e-05,0.016052352745332944
t00_s00_o000250,0,0.0,0,0.0061359405517578125,o000250,0.9234480375001893,1501.5687322930976,0.031566762184512424,607.5729715535929,1383.5987548828125,286.4227891859118,0.7441345047164749,0.3599976550091754,0.767869131905692,2.102252231658136e-05,0.017121116048210493
t02_s00_o000221,2,0.004,0,0.0061359405517578125,o000221,0.9232990756757674,1703.0252839187096,0.11409392572193604,750.678121211611,1658.0408935546875,201.6690414954876,0.5655221347151131,0.5604441149481412,0.7019515991210938,6.699485133855598e-05,0.025195188165598334
t00_s00_o000290,0,0.0,0,0.0061359405517578125,o000290,0.9218515226081788,2117.2657059733074,0.07336856959443336,726.5879150390625,2083.722900390625,664.0898758951823,0.8525684865315755,0.9106553904215494,0.8712217458089193,3.46525093130462e-05,0.020224697124182733
t07_s00_o000172,7,0.014,0,0.0061359405517578125,o000172,0.9066587523247589,2062.680247333233,0.15486693404119448,846.6665960223858,1945.9346923828125,369.34705528846166,0.6365141531137319,0.604078627366286,0.514097419151893,7.508043684493343e-05,0.026170542606981564
t00_s01_o000286,0,0.0,1,0.012271881103515625,o000286,0.90171531943233,975.9667286592371,0.0613263823594119,376.6869201660156,652.5457153320312,222.59288832720586,0.758149595821605,0.7736699160407572,0.904329356025247,6.283655022099044e-05,0.02466273528708766
t05_s00_o000071,5,0.01,0,0.0061359405517578125,o000071,0.8993929629763737,1540.8418711786685,0.032748342871782875,661.0773776510488,1284.3685302734375,218.68711587657094,0.544031163920527,0.4042384313500446,0.29612582662831183,2.1253539045335e-05,0.01718360242706976
t00_s01_o000358,0,0.0,1,0.012271881103515625,o000358,0.8984336359756734,1053.2299382136418,0.05060925686991518,378.82913853571966,686.6507568359375,295.5716611422025,0.8139561139620268,1.2595197971050556,1.127833072955792,4.8051479580757395e-05,0.022553089939775412
t07_s00_o000193,7,0.014,0,0.0061359405517578125,o000193,0.8898974824359597,2139.094827868275,0.09586833778782469,741.9279108735703,2473.475830078125,655.2390061211343,1.0551920035450728,1.0628777435145427,0.6085334856485584,4.4817245378206416e-05,0.022035294041606483
t01_s00_o000322,1,0.002,0,0.0061359405517578125,o000322,0.8822080378774186,1482.005356695713,0.06676176575234732,577.9765981820914,1199.293701171875,326.05216033153033,0.8222160339355469,0.41664609664525737,0.9663949037209536,4.504826210696006e-05,0.02207309050339945
t02_s01_o000281,2,0.004,1,0.012271881103515625,o000281,0.8679021896419592,1153.0371534559463,0.15342962188193454,416.3561715020074,911.0887451171875,320.3248104519315,0.6098443137274848,0.8336357010735406,0.9191979832119411,0.0001330656357620974,0.03167080492956158
t00_s01_o000005,0,0.0,1,0.012271881103515625,o000005,0.8581003551219565,955.6172698974609,0.07064434420230303,382.3117359161377,722.3843383789062,190.9937980651855,0.45927515029907223,0.8231364250183106,0.18622579574584963,7.392535320116522e-05,0.02603564050701658
t01_s00_o000398,1,0.002,0,0.0061359405517578125,o000398,0.8489791069531383,1721.9238158478133,0.06921601803542599,596.240723533192,1067.4490966796875,529.4423687814294,0.8144226841542912,1.2566688362209275,1.1258040351429206,4.019691080313359e-05,0.021250444707289692
t01_s01_o000054,1,0.002,1,0.012271881103515625,o000054,0.8446207477036565,1067.3465270996094,0.03156158760155028,311.096360206604,364.7727966308594,445.15380668640137,1.0553817749023438,1.0837604999542236,0.26691341400146484,2.957014128046609e-05,0.01918322394302533
t02_s00_o000058,2,0.004,0,0.0061359405517578125,o000058,0.8445264870941878,1502.1913248697917,0.027068443415014385,424.92657275077624,524.3150634765625,652.3381793682393,1.053887122716659,1.0792962098732972,0.2664414185744065,1.8019304842784023e-05,0.01626359213737271
t00_s00_o000410,0,0.0,0,0.0061359405517578125,o000410,0.8442997399081712,2654.9582210286458,0.09200096447994371,770.0439046223959,1951.3465576171875,1114.870411783854,1.0100167210896809,0.8743306223551432,1.1700420506795248,3.46525093130462e-05,0.020224697124182733
t01_s00_o000371,1,0.002,0,0.0061359405517578125,o000371,0.8230212512950092,1792.4025273516895,0.05093122112286121,597.4262747415682,1019.8104248046875,597.549977868553,1.288248201695884,1.045703949967051,1.1282647760902962,2.8415057636697882e-05,0.018930117544017626
t04_s00_o000250,4,0.008,0,0.0061359405517578125,o000250,0.8191181916978083,1271.0652177051832,0.02730827156229113,540.9788565686954,842.1929931640625,189.10750456779238,1.0939788203085623,0.8316508672570669,0.7471332344957577,2.1484555774088643e-05,0.01724563763090269
t07_s01_o000050,7,0.014,1,0.012271881103515625,o000050,0.8187326837534477,1040.765160602072,0.044239885955760984,322.309522545856,439.08111572265625,396.14611551036,1.0589833052262017,1.0755236667135488,0.25971035335374915,4.250707809067e-05,0.021649982410889824
t08_s00_o000055,8,0.016,0,0.0061359405517578125,o000055,0.8148663068251482,1517.0890492671679,0.04170628097737108,458.49888649307377,637.5782470703125,600.0912762810203,1.055897400158794,1.0707474075445609,0.2578126282251182,2.7490990721683317e-05,0.018722647497264783
t05_s00_o000310,5,0.01,0,0.0061359405517578125,o000310,0.8115551866050752,2166.2312402011585,0.07356404126077662,551.358704236089,953.5009765625,1063.5138317289804,0.5369574099170918,0.6398909432547434,0.9025258953068532,3.3959459126785274e-05,0.020088956811938296
t06_s01_o000115,6,0.012,1,0.012271881103515625,o000115,0.8037828355683468,854.8203289325421,0.04107538158091836,333.74379671536957,524.531005859375,187.33273550180297,1.125001100393442,0.17157033773568958,0.4500476397000826,4.8051479580757395e-05,0.022553089939775412
t06_s00_o000199,6,0.012,0,0.0061359405517578125,o000199,0.8031415613925976,1843.1946210980118,0.3414986510415408,759.6561436831505,2315.3662109375,323.8823337317108,0.48546612946469886,0.7556693869041387,0.6885871839642227,0.00018527541646042034,0.035365222621584834
t01_s00_o000248,1,0.002,0,0.0061359405517578125,o000248,0.8021304128091897,1245.8590312101403,0.02820579923207804,534.4900356993384,834.8321533203125,176.87895981146357,1.0920721949363241,0.8309816632952008,0.7535310667388293,2.263963941785685e-05,0.017549320227840493
t08_s00_o000209,8,0.016,0,0.0061359405517578125,o000209,0.7979681823734391,1740.0455460198182,0.07115039449652004,622.2931609935006,1217.6099853515625,495.459224032817,0.8218347042967371,0.2203738649012679,0.6508950271175407,4.0889960989394514e-05,0.02137187845587724
t01_s01_o000238,1,0.002,1,0.012271881103515625,o000238,0.7970713023343579,1472.1562699942754,1.2624241978289863,590.6225317593279,1945.77490234375,290.91120647561957,0.8212903532488592,0.7033321857452393,0.8515997837329734,0.0008575340971335166,0.05893694169105632
t02_s01_o000243,2,0.004,1,0.012271881103515625,o000243,0.7912346762224045,1434.7227801636561,1.5803295852134045,579.664898712363,2072.931884765625,275.3929827389302,0.7843296895891227,0.6210066008087772,0.8482834860782495,0.0011014877626973618,0.06406640513823374
t04_s00_o000363,4,0.008,0,0.0061359405517578125,o000363,0.7869811813872187,1825.8621237713357,0.38806031938972374,701.8841352048128,2746.989501953125,422.0938533617102,1.170524033256199,1.3125510485275933,1.1166077904079272,0.00021253539045335001,0.03702094916859516
t08_s01_o000180,8,0.016,1,0.012271881103515625,o000180,0.7844889699813892,1603.0674325448495,2.7197431352839434,643.7816793570591,5292.6728515625,315.50407383073116,0.8762296892718813,1.2583290112563987,0.9853665491075038,0.0016965868559667419,0.07398820586126298
t08_s00_o000312,8,0.016,0,0.0061359405517578125,o000312,0.78313123481245,1685.119465655591,0.03231113528073161,587.4184596050217,972.6950073242188,510.2825464455477,0.668743593147002,0.9212042797042663,0.9015396991408015,1.917438848655223e-05,0.016603932951354986
t06_s00_o000248,6,0.012,0,0.0061359405517578125,o000248,0.7786292900224042,1267.1280524359809,0.02634549998271595,543.8464755588108,842.4054565429688,179.43510131835933,1.0949926800198024,0.8323062472873264,0.7429260465833876,2.079150558782772e-05,0.017058170200370065
t02_s00_o000304,2,0.004,0,0.0061359405517578125,o000304,0.7775203776396017,2254.5671910415463,0.08437652343121203,566.9932906539352,1014.272705078125,1120.5806097336758,0.5319708953669042,0.6490840323177385,0.9053542407942408,3.7424710058089894e-05,0.020750247366704305
t05_s01_o000206,5,0.01,1,0.012271881103515625,o000206,0.7756194224017385,1382.4970929181134,0.06898607047815007,440.4593777126736,765.0947265625,501.5783374927662,1.0584497451782227,0.7166551307395652,0.7284724977281359,4.9899613410786525e-05,0.022838602400474972
t08_s01_o000300,8,0.016,1,0.012271881103515625,o000300,0.7672018544782636,708.8352813720703,0.02096035941475105,315.9107151031494,395.64715576171875,77.01385116577148,0.5783123970031738,1.3161592483520508,0.9802165031433105,2.957014128046609e-05,0.01918322394302533
t02_s00_o000430,2,0.004,0,0.0061359405517578125,o000430,0.764178250275651,1791.2860976710465,0.06827981400006373,778.6711189038825,1731.5968017578125,233.94385986328143,1.1564946376916134,1.3481591080174302,1.2027930982185133,3.811776024435082e-05,0.020877552682421408
t02_s00_o000377,2,0.004,0,0.0061359405517578125,o000377,0.7630801535623042,1786.846672740409,0.05077335119386056,602.533726886036,1048.6220703125,581.7792189683371,1.289245915606739,1.0449057788383669,1.1246730060112184,2.8415057636697882e-05,0.018930117544017626
t03_s00_o000292,3,0.006,0,0.0061359405517578125,o000292,0.7620966523800242,2218.0836846136276,0.8260120723170772,765.340313705558,2673.447998046875,687.4030572025117,0.559421160676639,0.8377728509547988,0.938170845987779,0.0003723989667508698,0.04463134272250233
t03_s00_o000211,3,0.006,0,0.0061359405517578125,o000211,0.7598393057430113,2431.6798144555023,2.8846310072339474,927.1568437942163,6191.70068359375,577.3661268670696,0.9514173138106808,0.6218820558898985,0.9184971264297798,0.0011862709021499482,0.06566970864911209
t01_s00_o000053,1,0.002,0,0.0061359405517578125,o000053,0.7595050595018779,1170.3583380066523,0.02730760782630037,484.62695131207454,714.1266479492188,201.1044353825032,0.8418996452104928,0.5096475771158049,0.2407597267981803,2.3332689604117773e-05,0.017726598087327242
t05_s00_o000146,5,0.01,0,0.0061359405517578125,o000146,0.7590668479063306,2433.8825207875075,1.4478390136667159,873.4320231435831,5128.93017578125,687.0184745003412,0.791443398484906,0.36976488354136644,0.6178761076695711,0.0005948680765406264,0.05217278474267754
t03_s00_o000018,3,0.006,0,0.0061359405517578125,o000018,0.7574770007731731,3498.8226207696866,1.4444080761786062,1422.5091280005936,7594.86669921875,653.8043647684995,0.8763922342856503,0.7878245506862989,0.2204268828543058,0.00041282689428275704,0.04619125808303601
t01_s01_o000175,1,0.002,1,0.012271881103515625,o000175,0.7558468878121922,1170.4032345542425,0.34176376638372397,453.4986730647992,1257.00341796875,263.4058884246441,1.026449650148802,0.7935945897162714,0.6799631843084022,0.00029200514514460263,0.041156076407715084
t01_s01_o000098,1,0.002,1,0.012271881103515625,o000098,0.7492620230808988,830.1102433638139,0.03375140611511634,350.24990914084697,608.161376953125,129.61042508211995,0.7488636537031694,1.2386232722889294,0.3762447183782404,4.065894426064087e-05,0.02133155406111047
t02_s00_o000214,2,0.004,0,0.0061359405517578125,o000214,0.7486053521440342,2433.7557725424604,2.882595749529324,929.689969459565,6065.171875,574.3758336233304,0.9502210648687165,0.6221810209372134,0.9192577229621282,0.001184422768319919,0.06563558786170093
t03_s00_o000353,3,0.006,0,0.0061359405517578125,o000353,0.7424479286463601,1870.5531577831832,0.6391188967054092,728.3948029781855,2735.003173828125,413.7635518268123,1.1161603611655295,1.3198329301360816,1.1349830537167975,0.0003416737418266355,0.04336849302876074
t07_s00_o000282,7,0.014,0,0.0061359405517578125,o000282,0.7388856389525941,2158.638925771494,0.49918038489519695,812.5251506306194,2556.994873046875,533.5886245102554,0.49496382790488325,0.9533510751181191,0.9093206445653955,0.00023124774548239496,0.03807702121954693
t07_s00_o000246,7,0.014,0,0.0061359405517578125,o000246,0.7347976055625938,2675.149355931726,2.6234280545570465,1002.896849752006,7026.072265625,669.3556564277139,0.8459185435156941,0.7659070350817713,0.9774300344981631,0.0009806660135592074,0.06163264957725415
t01_s00_o000069,1,0.002,0,0.0061359405517578125,o000069,0.7322782118510508,1492.7456331531312,0.13000815331318444,636.1464838893091,1346.2037353515625,220.4526653745129,1.0146111354271359,0.6398467663428512,0.3323010563534198,8.709330674012278e-05,0.02749784905131942
t05_s00_o000248,5,0.01,0,0.0061359405517578125,o000248,0.7281932731411054,2697.079929019375,2.588235199244567,1008.4496307446512,7284.28369140625,680.1806675300725,0.8487258377589455,0.7675376248348201,0.976254139029182,0.000959643491242626,0.06118905850645431
t00_s00_o000357,0,0.0,0,0.0061359405517578125,o000357,0.7181114308404857,1853.1316492250398,0.6447252438000364,725.741330981413,2947.773681640625,401.64898726221395,1.1089429133441817,1.3226496555890694,1.1377565730932067,0.00034791119350298383,0.04363080884077923
t00_s00_o000200,0,0.0,0,0.0061359405517578125,o000200,0.7175671928047663,1462.99174483781,0.06556726001468649,560.2335415869644,1249.3287353515625,342.52466166388126,1.0023406805451385,0.6746371750979079,0.6500934128908766,4.4817245378206416e-05,0.022035294041606483
t02_s00_o000241,2,0.004,0,0.0061359405517578125,o000241,0.7172513990575079,2729.3162962609335,2.6311504559766634,1021.3162149611692,7476.87890625,686.6838663385952,0.8480537399924576,0.7665764483907312,0.982760646718599,0.0009640328090889452,0.06128220760559859
t00_s00_o000227,0,0.0,0,0.0061359405517578125,o000227,0.7119311160694397,2207.90944200881,0.07191902635147854,902.7749393544299,2589.574462890625,402.3595632999502,0.8058535257975261,1.0590372288480718,0.7373572816240026,3.2573358754263426e-05,0.01981183235582897
t02_s00_o000327,2,0.004,0,0.0061359405517578125,o000327,0.7048735750541815,2089.1148255773855,0.17084764744045006,693.1622579973297,1901.2371826171875,702.7903095827262,1.267401054080597,0.4744780696718033,0.954728083421955,8.177992197878903e-05,0.02692687954235447
t07_s01_o000299,7,0.014,1,0.012271881103515625,o000299,0.6992267810867248,724.07275390625,0.018734566926550972,325.7176535470145,409.74554443359375,72.63744681222101,0.5807229450770787,1.317035811288016,0.9804356438773019,2.5873873620407828e-05,0.01834809363335953
t03_s01_o000276,3,0.006,1,0.012271881103515625,o000276,0.6978654821328464,975.465254350142,0.0396613874048143,391.7077393965288,631.707275390625,192.04977555708444,0.7404964620416815,0.781216794794256,0.9000309163873846,4.065894426064087e-05,0.02133155406111047
t08_s01_o000040,8,0.016,1,0.012271881103515625,o000040,0.6896973112277405,1401.7815469123848,5.549236343999317,547.4357856372936,3484.397705078125,306.9099756377975,0.6050604571815298,0.5572161625524641,0.4890161286326461,0.003958702663922398,0.09813443461052683
t06_s00_o000235,6,0.012,0,0.0061359405517578125,o000235,0.6886337774135575,2147.068062984582,0.06547314052251922,890.7943256262577,2307.7470703125,365.47941173206664,0.8057605570012872,1.056776306845925,0.7263187206152714,3.0494208195480654e-05,0.019381003080777944
t05_s00_o000072,5,0.01,0,0.0061359405517578125,o000072,0.685579497068593,1493.682616344473,0.1249137732003171,632.6842074736705,1237.4974365234375,228.3142013971319,1.0169389208377395,0.6422397444919987,0.3227470830000566,8.362805580881816e-05,0.02712820948142699
t05_s00_o000210,5,0.01,0,0.0061359405517578125,o000210,0.6846727985262033,1594.4073833390778,0.056355221033945954,612.3577902800117,1447.2193603515625,369.69180277905434,1.0296348870969287,0.6723867927501405,0.6492065728879443,3.534555949930712e-05,0.020358639419177448
t04_s01_o000017,4,0.008,1,0.012271881103515625,o000017,0.675301560212938,2151.908041485285,0.9385753159370418,907.9685317217294,3541.5654296875,335.97097804182636,0.8727075447470454,0.7841004032199665,0.22162185281009997,0.0004361595838868748,0.04704559188901672
t08_s01_o000258,8,0.016,1,0.012271881103515625,o000258,0.6731675923733239,833.9315074573864,0.016953387339451044,302.6493086381392,367.8238830566406,228.632890181108,1.0785310051657937,0.5229494788429955,0.849827766418457,2.0329472130320436e-05,0.016930865678361637
t00_s01_o000098,0,0.0,1,0.012271881103515625,o000098,0.6582102079355033,1375.971528600474,0.1551217514009693,510.3440766881724,1178.23388671875,355.28337522412914,0.8677326421268651,0.3758515060925093,0.43177909538394116,0.00011273616363177696,0.02996803133848675
t06_s00_o000226,6,0.012,0,0.0061359405517578125,o000226,0.6527912466948164,1608.7812132964264,0.2750249761502803,616.4661937404323,1506.2581787109375,375.84882581556167,0.7732197194486051,0.8792056547628866,0.718195257960139,0.00017095237927769458,0.03442935183371929
t02_s01_o000194,2,0.004,1,0.012271881103515625,o000194,0.6471667746525324,787.7144119262696,0.05823206612329763,335.0718486785889,612.8600463867188,117.57071456909182,0.9866592407226563,0.681396198272705,0.6405921936035157,7.392535320116522e-05,0.02603564050701658
t00_s00_o000345,0,0.0,0,0.0061359405517578125,o000345,0.6343857518697454,1581.590072811351,0.06211354002451899,615.7723112218521,1170.7203369140625,350.04545036764694,1.3152208103853114,0.5869568544275621,1.0462139578426586,3.9272843888119024e-05,0.02108634206008725
t07_s00_o000329,7,0.014,0,0.0061359405517578125,o000329,0.6325704690366256,2185.368582162115,0.17518527523731003,743.5446901348895,2060.393798828125,698.2792018923362,1.2747549117470338,0.47282107900130305,0.9427598573976016,8.016280487751354e-05,0.02674821252098944
t01_s00_o000101,1,0.002,0,0.0061359405517578125,o000101,0.6325065708576784,2819.0791935707207,0.08726809675508558,912.4124473457906,2550.704345703125,994.2542988791395,0.9429658491220047,1.1738420600321755,0.3782761559557559,3.095624165298794e-05,0.019478396691554656
t05_s00_o000188,5,0.01,0,0.0061359405517578125,o000188,0.6219544725315396,2375.0086838942307,0.1426533515978314,915.3914318378155,3314.583740234375,544.2258202185997,0.9608410908625675,0.7778720635634202,0.605664532001202,6.006434947594674e-05,0.02429457966683062
t03_s00_o000341,3,0.006,0,0.0061359405517578125,o000341,0.6199312672601923,1538.8503227233887,0.06256802949707947,599.3889026641846,1166.70751953125,340.07251739501953,1.3183207728646018,0.5854942365126177,1.0361372340809216,4.065894426064087e-05,0.02133155406111047
t08_s01_o000310,8,0.016,1,0.012271881103515625,o000310,0.6195322902651828,1316.4520141601563,0.9731918011917491,499.4265841293335,1589.5653076171875,317.5988459014893,1.0235669231414795,0.9965687847137451,1.1846046829223633,0.0007392535320116522,0.05609208708551582
t07_s00_o000205,7,0.014,0,0.0061359405517578125,o000205,0.6186097693823193,1401.017063222033,0.09127166284235168,615.3740513578374,1240.4456787109375,170.2689605063581,0.8451496557141026,0.6944492150705757,0.670427660570077,6.514671750852685e-05,0.024961344622097256
t04_s01_o000070,4,0.008,1,0.012271881103515625,o000070,0.6168920918631619,958.9525969974578,0.11165318236203346,410.9566667344835,844.7921142578125,137.03926352849078,1.0175434748331706,0.6386734947325691,0.3264222977653382,0.00011643243129183523,0.030292035166629924
t08_s01_o000088,8,0.016,1,0.012271881103515625,o000088,0.6164900086839191,1254.0891786340164,0.3383877969884178,489.3747057980054,1049.238037109375,275.3397670380057,1.071730274043671,0.6046423062886277,0.407367614850606,0.00026982753918425306,0.04008659986902235
t03_s00_o000195,3,0.006,0,0.0061359405517578125,o000195,0.6152736655669083,1395.4434655325754,0.09026381967903445,627.019102042062,1262.8037109375,141.40526144845148,0.8430344036647252,0.6932517119816372,0.6731345926012311,6.468468405101957e-05,0.024902194294661978
t08_s00_o000071,8,0.016,0,0.0061359405517578125,o000071,0.6117010859082196,1483.8773284005647,0.03462284911415791,635.9513498438467,1271.5074462890625,211.9746287128712,0.5447621676001219,0.39367222549891706,0.2952541691241878,2.3332689604117773e-05,0.017726598087327242
t08_s00_o000059,8,0.016,0,0.0061359405517578125,o000059,0.6117010859082196,1364.5381256103515,0.0252184907230503,484.68508491516116,721.5347900390625,395.16795578002916,0.5651968240737915,0.5903541803359986,0.2562522172927857,1.8481338300291306e-05,0.01640142576114291
t08_s00_o000034,8,0.016,0,0.0061359405517578125,o000034,0.6117010859082196,1847.995898250143,1.0847985545634573,752.5922906568603,2188.24365234375,342.8113169364224,0.5504211544380653,0.5479363520658659,0.258115185193779,0.0005870135077630026,0.051942138813111736
t00_s01_o000212,0,0.0,1,0.012271881103515625,o000212,0.6099865470109874,1114.348897298177,0.043248783806600785,461.02294195265995,814.0686645507812,192.3030133928571,1.054943493434361,0.8848902838570731,0.6949683143979027,3.881081043061174e-05,0.021003324105808765
t04_s01_o000168,4,0.008,1,0.012271881103515625,o000168,0.6061128996168943,1227.5567484860699,0.8575645006495979,462.5531969019976,1188.04296875,302.4503546820747,0.7653855369204566,0.34791432234345293,0.6886375820825971,0.0006985945877510114,0.05504428090007859
t04_s00_o000274,4,0.008,0,0.0061359405517578125,o000274,0.5993185756884369,2193.225424254967,0.07650743620253564,879.762209456488,2635.922607421875,433.70100534199105,0.8535052672127225,1.0933758438817713,0.803401858601349,3.488352604179984e-05,0.020269541388793826
t01_s01_o000060,1,0.002,1,0.012271881103515625,o000060,0.5976168209083016,654.4830763075087,0.021772301661097986,308.1957007514106,393.99530029296875,38.0916748046875,1.1368534300062392,0.6412057876586914,0.28941186269124347,3.326640894052435e-05,0.019951356898934475
t02_s01_o000412,2,0.004,1,0.012271881103515625,o000412,0.5918210039183626,1048.6170004986702,0.0910852740081675,418.7287100933968,931.2504272460938,211.15958031187665,0.3774908958597386,1.0294672174656645,1.2647217892585918,8.686229001136914e-05,0.027473514658917425
t04_s00_o000343,4,0.008,0,0.0061359405517578125,o000343,0.5865879346770932,1899.2649279301709,0.08862991807876358,756.100322912235,1641.699462890625,387.06428210570084,0.7189985785153833,0.9453601081772606,0.9893748500559589,4.666537920823555e-05,0.022334114073249787
t02_s00_o000412,2,0.004,0,0.0061359405517578125,o000412,0.5859425618983188,2643.2449104511634,0.276006474213227,1116.337159958561,3645.922607421875,410.57059053404146,1.0523273797161812,0.893906082727213,1.180734153342458,0.00010441956139664588,0.02921221029798458
t00_s00_o000212,0,0.0,0,0.0061359405517578125,o000212,0.5736503314750705,2361.9397486806706,3.2957114692905733,920.2309544342243,6040.658203125,521.4778398122221,0.968510469537697,0.6300523950564151,0.9207435945801388,0.0013953410416719936,0.06932085645001042
t01_s00_o000037,1,0.002,0,0.0061359405517578125,o000037,0.5711715411038408,1387.908883673444,0.15165807046409094,570.9086388231079,1175.8018798828125,246.09160602722818,0.5039254686545116,0.7337183881763676,0.2797495940774994,0.00010927091270047234,0.02965778098912016
t01_s00_o000007,1,0.002,0,0.0061359405517578125,o000007,0.5711715411038408,1434.2258122962292,0.08415785948448004,566.844856322281,1475.6239013671875,300.5360996516672,0.46425395875465214,0.8263227658008965,0.203283227334811,5.8678249103424895e-05,0.024106242017142395
t05_s01_o000183,5,0.01,1,0.012271881103515625,o000183,0.5661236006735825,1096.3107858431542,0.11954161404101071,468.30690933486164,1117.598388671875,159.69696717343095,1.1131532151820296,0.938434907945536,0.5783903962474759,0.0001090398959717187,0.029636865762867837
t05_s00_o000105,5,0.01,0,0.0061359405517578125,o000105,0.5599223869501826,2740.3708952790375,0.09052922733126424,911.3875169020432,2532.334228515625,917.5958614749511,0.9422745071091019,1.1670301477392235,0.37013023216407615,3.303539221177071e-05,0.019905065881336278
t04_s01_o000009,4,0.008,1,0.012271881103515625,o000009,0.55471303057285,1371.0535316386363,5.972379707217571,520.258068131652,2893.686279296875,330.5373953753324,0.6603399255693491,0.9521003843719391,0.5770088025053831,0.004356051437378661,0.10131368923247935
t08_s00_o000343,8,0.016,0,0.0061359405517578125,o000343,0.5537351440358105,1899.0336269324935,0.0934449182291539,735.0744684783506,1569.2607421875,428.8846899757923,0.722053286055444,0.9436961339672967,0.9785816926911404,4.92065632245256e-05,0.022732374807171014
t06_s01_o000119,6,0.012,1,0.012271881103515625,o000119,0.5530165718447031,1107.5563746861048,0.1432838683305267,490.6367586408343,1059.257080078125,126.2828574044363,1.3896152223859515,1.0687931878226145,0.4771132060459682,0.00012936936810203914,0.031374798780416636
t02_s01_o000007,2,0.004,1,0.012271881103515625,o000007,0.5466289610520472,1146.9086486816407,0.423928134716307,452.2757598876953,1180.290771484375,242.35712890625007,0.5255433082580567,1.1479117584228515,0.23739953994750976,0.0003696267660058261,0.044520319023319835
t06_s00_o000243,6,0.012,0,0.0061359405517578125,o000243,0.5297578726233217,1333.5069228515624,0.03850780088593779,586.0355610351562,1131.9866943359375,161.43580078125,1.0449752197265625,0.9001670227050782,0.7303241882324218,2.8877091094205165e-05,0.019032168667062477
t05_s00_o000411,5,0.01,0,0.0061359405517578125,o000411,0.5294404539081692,2549.0814049816718,0.2867847779352281,1057.0588890248011,3810.97900390625,434.9636269320695,1.0463101584808538,0.8925714590711025,1.175757085028615,0.00011250514690302332,0.029947547373568154
t05_s00_o000420,5,0.01,0,0.0061359405517578125,o000420,0.5294404539081692,2807.7271224483366,0.10053794993443783,848.4229153540826,2219.49560546875,1110.8812917401713,1.0176160504741054,0.8761331373645413,1.1548235985540576,3.5807592956814405e-05,0.020446964340339883
t03_s00_o000279,3,0.006,0,0.0061359405517578125,o000279,0.5283382435615763,2334.3121116883462,0.3187057024279576,850.1422519845204,2377.167236328125,634.0276077193055,0.6873084002138193,0.9995561364136775,0.8898463499324172,0.00013653088669340202,0.03194337258946576
t08_s00_o000192,8,0.016,0,0.0061359405517578125,o000192,0.5257213438958893,1514.8322620057222,0.03989448169081066,596.4057287918894,991.3702392578125,322.02080442194347,0.709669966446726,0.6125175743772272,0.5975006672373989,2.633590707791511e-05,0.01845666476156732
t07_s01_o000256,7,0.014,1,0.012271881103515625,o000256,0.52135774547783,1098.0016918182373,0.12987226061302426,377.22621726989746,849.9356079101562,343.5492572784424,0.6172372698783875,0.8344879150390625,0.9039007425308228,0.00011828056512186436,0.030451469867299963
t02_s00_o000032,2,0.004,0,0.0061359405517578125,o000032,0.5141889299048159,1124.9921372812005,0.020531468270833356,492.9257480283327,689.7569580078125,139.1406412245351,1.3106835039356086,0.2645444749276849,0.21910744679125047,1.8250321571537664e-05,0.01633279974612263
t04_s01_o000121,4,0.008,1,0.012271881103515625,o000121,0.5110435045650632,1086.0272200734992,0.15254139707702474,478.9027627643786,1036.1717529296875,128.22169454474192,1.385753731978567,1.0650701020893296,0.4816713333129883,0.00014045817108221392,0.0322467635597841
t05_s00_o000292,5,0.01,0,0.0061359405517578125,o000292,0.5059811402769298,2373.4495628512636,0.32240425367653547,861.6007798902032,2457.9423828125,650.2480030708573,0.6875905763535273,0.9965790112813313,0.8864347042680598,0.0001358378365071411,0.031889231176214575
t04_s00_o000356,4,0.008,0,0.0061359405517578125,o000356,0.5020603464998543,2822.0592180734657,0.487001338014568,1025.8248718343425,3558.530517578125,770.4094744047807,1.3374214734099157,1.267092259214266,1.0561210448483387,0.00017256949637897007,0.03453757233115197
t04_s00_o000353,4,0.008,0,0.0061359405517578125,o000353,0.5020603464998543,1288.9067848401191,0.04645040853993349,507.2092064099434,757.1513061523438,274.4883720202323,1.2803662618001301,1.3486482669145634,1.0206507780613043,3.6038609685568046e-05,0.02049084208078063
t04_s00_o000473,4,0.008,0,0.0061359405517578125,o000473,0.4976684385748912,1500.892985710731,0.07212012865578118,691.9069541050837,1653.040283203125,117.07907750056347,1.151963839164147,1.3272216411737294,1.3200827103394728,4.8051479580757395e-05,0.022553089939775412
t04_s01_o000099,4,0.008,1,0.012271881103515625,o000099,0.4972149036136986,1236.6035778414819,0.3542383805143051,476.08961083196823,1033.60107421875,284.4243561775454,1.0736510430612871,0.6091405499366023,0.415165655074581,0.00028646074365451524,0.040893928680679766
t08_s01_o000195,8,0.016,1,0.012271881103515625,o000195,0.49528114080792773,1229.2148866395692,0.08405488380583839,527.4952400826119,1218.3887939453125,174.22440647434541,0.8803416329461174,0.9324142095204946,0.6929466917708114,6.838095171107783e-05,0.025367763326638808
t00_s01_o000218,0,0.0,1,0.012271881103515625,o000218,0.4934226057601447,1555.2517247055516,0.18970467955820583,593.4119260383375,1946.1143798828125,368.4278726288767,0.9165793621178829,0.7066558202107748,0.7488636537031694,0.00012197683278192262,0.030765424678625825
t00_s01_o000240,0,0.0,1,0.012271881103515625,o000240,0.47684100528096607,1509.9619771186879,3.792441452468207,598.365303707614,2483.601318359375,313.2313697034599,0.8824083013864367,0.5984935009628644,0.916460739680298,0.0025116138750095884,0.08432469028702212
t07_s00_o000304,7,0.014,0,0.0061359405517578125,o000304,0.47592961331493727,2250.6067127288516,0.6857847688405136,805.7080942288414,2643.230224609375,639.1905242711687,0.5587706591162923,0.857049940570545,0.9406131703895181,0.0003047110652260529,0.04174455848251367
t07_s01_o000252,7,0.014,1,0.012271881103515625,o000252,0.4682235429091866,836.7228122287327,0.013917381620733294,311.1249491373698,369.7420349121094,214.47291395399304,1.0802664226955836,0.5266682306925455,0.8525548511081272,1.6633204470262175e-05,0.015835402464780792
t01_s01_o000209,1,0.002,1,0.012271881103515625,o000209,0.46354957900098254,1202.5862266138981,0.08445653097942449,539.1779821295487,1045.2880859375,124.23026235480074,0.5640221144023695,0.5640221144023695,0.7012734162180047,7.022908554110696e-05,0.02559427319868554
t03_s00_o000350,3,0.006,0,0.0061359405517578125,o000350,0.4484191920665716,2250.3810580166905,0.14296580937984787,705.3957142223011,1934.433349609375,839.5896295720884,1.3826616876775568,0.5685897202925249,1.1279197484796697,6.352960040725136e-05,0.02475307578341442
t06_s01_o000218,6,0.012,1,0.012271881103515625,o000218,0.4410990555019497,1492.6865922095071,0.1958666057972234,566.1122703014964,2173.86962890625,360.46205160651425,0.917236690789881,0.708441868634291,0.740072210070113,0.00013121750193206827,0.03152349673063271
t00_s00_o000221,0,0.0,0,0.0061359405517578125,o000221,0.43290369395086215,2057.254932614192,0.15493485934681245,771.8858457225963,1864.8466796875,513.4832411689995,1.2305195872769032,0.23738184735818876,0.6993654695756597,7.531145357368707e-05,0.026197356706277933
t06_s00_o000007,6,0.012,0,0.0061359405517578125,o000007,0.4312163033642354,1451.755567138672,0.08384495551756582,582.2191622314454,1479.514892578125,287.31724267578124,0.45776570892333984,0.812128547668457,0.20363959503173829,5.775418218841033e-05,0.023979029928781665
t01_s01_o000280,1,0.002,1,0.012271881103515625,o000280,0.4259974419459579,1365.0988392995957,0.5070999545948596,510.15336198949103,1094.19775390625,344.7921153206137,0.563422819868249,0.8702809015909831,0.9389668032897646,0.00037147489983585524,0.044594396229852624
t07_s00_o000049,7,0.014,0,0.0061359405517578125,o000049,0.41479435979681667,1165.4257606300148,0.019923230665121798,480.1927490234375,650.4327392578125,205.0402625831398,0.8417017910931561,0.502981289013012,0.23557036631816144,1.7095237927769458e-05,0.015980689501991715
t02_s01_o000128,2,0.004,1,0.012271881103515625,o000128,0.41105906603356374,1115.8534813449808,0.15054399948074898,495.6881818379441,1049.3800048828125,124.47711766909254,1.3847472961634806,1.0636610919482088,0.4845291686384645,0.00013491376959212653,0.03181675540095718
t01_s00_o000172,1,0.002,0,0.0061359405517578125,o000172,0.4085910887337149,1572.5617515162419,0.04831731352258437,507.07477517952594,740.9793090820312,558.41220115719,0.7615947866798344,0.29798526333687003,0.6009992298326994,3.0725224924234296e-05,0.019429821934575337
t01_s00_o000207,1,0.002,0,0.0061359405517578125,o000207,0.4085910887337149,1789.1814218264574,0.07067957350613042,648.0648798356976,1273.579833984375,493.0516621550621,0.8146806683456688,0.22519978305749724,0.6601697910598844,3.9503860616872666e-05,0.021127607022598305
t06_s00_o000143,6,0.012,0,0.0061359405517578125,o000143,0.4075846964267224,1988.7475402291898,0.05191603646984758,507.4706653156112,786.7012329101562,973.8062095979674,0.16675640207476322,0.24158229659088945,0.46079284532935216,2.610489034916147e-05,0.01840253933419328
t03_s00_o000418,3,0.006,0,0.0061359405517578125,o000418,0.40593693711102036,1985.5859888980262,0.03486147206588574,678.6575409738641,1258.092529296875,628.270906950298,0.2824147375006425,0.7348596171328896,1.2108794262534694,1.755727138527674e-05,0.01612338177989205
t03_s00_o000267,3,0.006,0,0.0061359405517578125,o000267,0.3987692488312633,2168.8787961473654,0.0766602345360123,873.8589214250153,2644.510009765625,421.1609532973348,0.854058758106107,1.0924380433325673,0.8048509211322061,3.534555949930712e-05,0.020358639419177448
t03_s00_o000222,3,0.006,0,0.0061359405517578125,o000222,0.3987692488312633,1389.2514842964752,0.10976159399486285,553.7393289309496,1014.0994873046875,281.772826434576,0.8288722735399391,0.9968750435009337,0.7533930282146609,7.900772123374533e-05,0.026619116821678352
t04_s00_o000234,4,0.008,0,0.0061359405517578125,o000234,0.39067263354867704,2187.714107990265,0.06469101525454098,915.7359616756439,2323.704345703125,356.24218463897705,0.8041917085647583,1.055477648973465,0.732094407081604,2.957014128046609e-05,0.01918322394302533
t01_s01_o000052,1,0.002,1,0.012271881103515625,o000052,0.3770700051845914,969.6083633747506,0.08422240285690658,395.63657427848653,636.4015502929688,178.33521481777757,1.366030084325912,0.6299783219682409,0.30490402465171,8.686229001136914e-05,0.027473514658917425
t06_s00_o000148,6,0.012,0,0.0061359405517578125,o000148,0.373423849115834,1585.964478697958,0.057888723474547654,598.972855580004,1045.0614013671875,388.01876753795,1.1654403541661515,0.6977496448951432,0.45813728284232225,3.650064314307533e-05,0.020578038203857545
t07_s01_o000067,7,0.014,1,0.012271881103515625,o000067,0.37222683309264715,1081.3158669170393,0.5375740209065009,432.54294787552277,1106.25634765625,216.2299711659938,1.0155665918796923,0.35297625304154745,0.41798528862708567,0.0004971480002778361,0.049143456112310156
t00_s01_o000253,0,0.0,1,0.012271881103515625,o000253,0.3705065005495053,1121.9592016601562,0.05183826891251526,439.4798468017578,793.816650390625,242.9995080566406,1.0825026321411133,0.7060013198852539,0.8380467605590821,4.6203345750728264e-05,0.02226015951165992
t05_s00_o000133,5,0.01,0,0.0061359405517578125,o000133,0.3633604183092222,1692.9159649844773,0.2686801409921577,729.3548996660213,1899.9742431640625,234.20616565243472,1.3809260211483707,1.0304896841923743,0.47765662402912346,0.0001587084926537516,0.03358694624569407
t02_s00_o000451,2,0.004,0,0.0061359405517578125,o000451,0.36065704994910286,1497.8188699389261,0.04359867316544457,554.3275056869264,953.1235961914062,389.16385856507327,0.7911954455905491,0.8635605857485816,1.2711623509724934,2.9108107822958806e-05,0.019082786375296396
t04_s00_o000380,4,0.008,0,0.0061359405517578125,o000380,0.3541536741558954,2251.8962297396424,0.11496987980765142,783.7086021457862,1730.905517578125,684.4790254480699,0.9305528666638679,0.5368531516234799,1.1261255600873161,5.105469705455473e-05,0.02301348365417128
t00_s00_o000056,0,0.0,0,0.0061359405517578125,o000056,0.3496348974300264,2401.5575353699196,5.44536166368722,890.1273075362219,6368.31201171875,621.3029202974758,0.6082983290001378,0.5817803130730402,0.5548446905959096,0.0022674291927169896,0.08149826717671035
t01_s01_o000257,1,0.002,1,0.012271881103515625,o000257,0.34833583088395825,689.7693158318015,0.021671362127581605,302.3539356904871,352.3469543457031,85.06144445082725,0.2766587313483743,0.7198902017929975,0.8541590185726391,3.141827511049522e-05,0.019574825969568093
t07_s01_o000205,7,0.014,1,0.012271881103515625,o000205,0.3461601878932506,949.3886707850864,0.09825744993816121,384.945323399135,798.390380859375,179.4980239868164,0.8296668188912528,0.9902969769069127,0.7417913845607212,0.00010349549448163131,0.02912578313520594
t07_s01_o000201,7,0.014,1,0.012271881103515625,o000201,0.3461601878932506,1083.3442964553833,0.1281385756062913,443.35780096054077,1241.69140625,196.62869453430176,0.8527039885520935,1.0803090333938599,0.7589391469955444,0.00011828056512186436,0.030451469867299963
t01_s00_o000131,1,0.002,0,0.0061359405517578125,o000131,0.3459639270232855,1719.0268918096249,0.2767954065222233,743.4993402598749,1921.7755126953125,232.02821128987512,1.3777783529317191,1.0243147243899287,0.48480973045316283,0.000161018659941288,0.03374912619287814
t08_s00_o000279,8,0.016,0,0.0061359405517578125,o000279,0.34495964637067267,2180.3837127218917,0.4941347155986568,821.3143211310306,2567.669921875,537.7550704598304,0.49462185819822224,0.9526845191232292,0.908344373790496,0.00022662741090732214,0.03782172007153263
t02_s00_o000196,2,0.004,0,0.0061359405517578125,o000196,0.3424949455666543,1437.6413294474285,0.0398543036459977,554.0832313537597,1036.8958740234375,329.474866739909,1.106361214319865,1.2839966932932536,0.6429443041483561,2.772200745043696e-05,0.01877494566696141
t05_s02_o000118,5,0.01,2,0.02454376220703125,o000118,0.33824492595034883,526.3954263363245,0.8249761176862835,213.64631249769678,733.64794921875,99.10280134093091,0.8557321620437334,0.8108124463063365,0.817527249174298,0.0015672174878647027,0.07205767081721863
t08_s00_o000245,8,0.016,0,0.0061359405517578125,o000245,0.33729244380928697,2624.636134719325,3.5361448685948345,964.3012834818438,6453.03173828125,696.0335677556375,0.8231387396735256,0.7755178649729663,0.9431388829470662,0.0013472895620912362,0.06851580720142492
t08_s01_o000028,8,0.016,1,0.012271881103515625,o000028,0.335333903288728,1190.6003364458477,0.803141897337817,496.4340375508348,1489.0992431640625,197.73226134417814,0.7896114950310693,1.051859913133595,0.21992723909142897,0.0006745688479606327,0.054405886436932664
t03_s00_o000129,3,0.006,0,0.0061359405517578125,o000129,0.33266252204654606,1697.3067534874226,0.2729059527019607,734.1462262471517,1909.4349365234375,229.01430099311915,1.3795110713476422,1.0284929549557038,0.4822796377642401,0.00016078764321253436,0.033732978283143714
t07_s00_o000230,7,0.014,0,0.0061359405517578125,o000230,0.3324739460735794,1180.6874899668237,0.01991137499771128,465.7982888417701,641.2177124023438,249.0909122832835,1.0589120420691085,0.3823615557526889,0.6843675064713988,1.6864221199015816e-05,0.01590837770047859
t06_s00_o000453,6,0.012,0,0.0061359405517578125,o000453,0.327323604495017,1505.153288269043,0.04172587067144409,549.157112121582,929.9662475585938,406.839064025879,0.7907182057698569,0.8609235922495524,1.262776565551758,2.772200745043696e-05,0.01877494566696141
t08_s00_o000127,8,0.016,0,0.0061359405517578125,o000127,0.32273831389445007,1693.3141072591145,0.25700781297808534,731.2469422037017,1915.0640869140625,230.82022285171115,1.3827533489674375,1.0308660306886994,0.4715428287035799,0.00015177799079114235,0.033090759105765165
t06_s00_o000329,6,0.012,0,0.0061359405517578125,o000329,0.32254143414346254,3045.6776317620215,0.7901455887771189,1171.684059611836,6372.87060546875,702.3095125383497,0.7127307474029351,0.9886131252652284,1.0079115598411934,0.0002594317863903392,0.039565032390565205
t03_s00_o000239,3,0.006,0,0.0061359405517578125,o000239,0.31721160143873484,2666.406325236099,3.642932136560939,976.8996331089447,7271.2216796875,712.6070590182094,0.819471772393545,0.7750998127085558,0.9537133693211298,0.0013662329338490348,0.06883543272829992
t01_s01_o000033,1,0.002,1,0.012271881103515625,o000033,0.31546246237170605,1147.3008659116683,0.13146266369781032,455.9682063441123,844.0744018554688,235.36445322344377,0.5537191514045962,1.201951580662881,0.2734452216855941,0.0001145842974618061,0.03013090427255555
t04_s00_o000346,4,0.008,0,0.0061359405517578125,o000346,0.31321387256357053,1675.0207338300581,0.11337863848351552,649.1666785751187,1879.7938232421875,376.6873766798208,0.8270326425597936,0.5779720931329825,1.0920508257765005,6.768790152481691e-05,0.025281770248698036
t05_s01_o000267,5,0.01,1,0.012271881103515625,o000267,0.31127812445913283,672.8020558076746,0.02113828008427228,294.3952241785386,339.5829162597656,84.01160745059735,0.2766587313483743,0.7083401960485122,0.8534371432136088,3.141827511049522e-05,0.019574825969568093
t06_s00_o000344,6,0.012,0,0.0061359405517578125,o000344,0.31127812445913283,1907.4780500823376,0.08989450521707679,753.6942419912301,1644.02734375,400.0895660998774,0.7204015301723106,0.9437617975122788,0.984216895757937,4.712741266574283e-05,0.022407582082867427
t02_s01_o000379,2,0.004,1,0.012271881103515625,o000379,0.31127812445913283,1019.304689847506,0.04897909849077768,390.5431295541617,619.5496215820312,238.21843073918262,0.6978452389056866,0.5845663364116962,1.1773925927969127,4.8051479580757395e-05,0.022553089939775412
t02_s00_o000200,2,0.004,0,0.0061359405517578125,o000200,0.30266534208811596,1773.7149994624112,0.29215733772187297,680.6161945016655,1648.9114990234375,412.4826104590802,0.49098711963455605,0.6356335274802016,0.7012442017671604,0.00016471492760134626,0.034005417935091625
t07_s01_o000076,7,0.014,1,0.012271881103515625,o000076,0.29765211514387374,1275.267324456936,0.4831572603552178,490.32979944740856,1505.2244873046875,294.60772556211884,1.0261836773011743,0.42013233929145627,0.3731400140901891,0.00037886743515597177,0.04488827223035077
t08_s01_o000119,8,0.016,1,0.012271881103515625,o000119,0.29566896361608064,1086.170426588792,0.36534467252117725,448.76737095759466,1336.12744140625,188.63568467360267,1.3580994134420878,0.9937863716712364,0.48025534703181344,0.00033636035706530176,0.04314250901366665
t06_s00_o000410,6,0.012,0,0.0061359405517578125,o000410,0.2956175113869214,1090.9300624302455,0.029990748224275283,502.4693385532924,738.4505004882812,85.99138532366067,0.9159051430325548,0.7879785169072512,1.138655253819057,2.7490990721683317e-05,0.018722647497264783
t01_s01_o000128,1,0.002,1,0.012271881103515625,o000128,0.29076979323799756,930.1910980224609,0.034382352732945064,357.68370361328124,635.0574951171875,214.82369079589841,1.1584655761718752,0.6976564407348633,0.4608091354370117,3.696267660058261e-05,0.020664501564751993
t01_s01_o000094,1,0.002,1,0.012271881103515625,o000094,0.29076979323799756,1318.4756684303284,0.3119000943227342,507.21099507808685,1095.1629638671875,304.05367827415466,1.0589291155338287,0.5958573520183563,0.41292962431907654,0.0002365611302437287,0.03836644788605066
t07_s00_o000254,7,0.014,0,0.0061359405517578125,o000254,0.2907488117263727,1844.5040463729642,0.060507803317163045,736.0030874332912,1580.474853515625,372.4978715063819,1.0044361839831715,0.333587753940636,0.7440476081740689,3.280437548301707e-05,0.019858558548608185
t06_s00_o000391,6,0.012,0,0.0061359405517578125,o000391,0.28887601391623513,2394.016732878604,0.5220866710152737,815.7948144492457,4612.33251953125,762.4271039801129,0.7155195676674277,0.9513372829404929,1.1204916440834434,0.0002180797919434374,0.037340111027545864
t02_s00_o000187,2,0.004,0,0.0061359405517578125,o000187,0.2814861112496222,1617.9013204769212,0.03662870250927195,614.8630103286432,1229.445068359375,388.1752998196348,1.0604533176032864,1.3022594646531709,0.5988177085409359,2.263963941785685e-05,0.017549320227840493
t01_s00_o000153,1,0.002,0,0.0061359405517578125,o000153,0.27853074283277357,1932.3644733670392,0.17633136516181747,785.5230742249307,2401.06787109375,361.31832491717773,1.30745242637924,0.9108842584151255,0.49533350980734525,9.125160785768832e-05,0.02792869470775696
t07_s01_o000200,7,0.014,1,0.012271881103515625,o000200,0.27816576045249514,1171.2185378708207,0.3095333101140735,487.6783807927912,1397.0289306640625,195.8617762852383,0.7519101696414547,0.8457085336004938,0.7558577677586695,0.00026428313769416567,0.03981013176267255
t05_s00_o000053,5,0.01,0,0.0061359405517578125,o000053,0.2728056020191096,1148.2664631169016,0.021752038487835988,479.3184077565263,647.8635864257812,189.62964760384898,0.8417462837405322,0.5057661242601348,0.23750579647901585,1.8943371757798588e-05,0.016536980881615683
t03_s01_o000440,3,0.006,1,0.012271881103515625,o000440,0.2686664765895091,1135.6192626953125,0.14691434641939616,508.6622473580497,989.6337280273438,118.29476797921313,0.699058941432408,0.42434411730085103,1.3836545944213867,0.00012936936810203914,0.031374798780416636
t04_s00_o000354,4,0.008,0,0.0061359405517578125,o000354,0.2686664765895091,1918.2267861071928,0.14357816259144662,786.7797799757969,2282.34033203125,344.6672261555989,0.45546101935115857,0.219018989139133,1.1118740917723855,7.484942011617979e-05,0.026143673447836413
t08_s00_o000302,8,0.016,0,0.0061359405517578125,o000302,0.26830594023652427,2243.9847157297945,0.6879141571482158,799.5228547453431,2760.030029296875,644.9390062391083,0.5591566564449261,0.8549348849862162,0.9403849086459632,0.00030655919905608203,0.04182878480616902
t08_s00_o000157,8,0.016,0,0.0061359405517578125,o000157,0.26716774595447906,1898.030604320595,0.1696905298370786,774.4872366340893,2280.9296875,349.0561310524165,1.314613371856453,0.9098157020194277,0.4834708921052997,8.940347402765919e-05,0.027738859140278085
t06_s00_o000433,6,0.012,0,0.0061359405517578125,o000433,0.26624375391308985,1744.3830506429506,0.06971582822713993,756.2335159213557,1717.9300537109375,231.91601880023927,1.1605794608937523,1.3429197520878964,1.2006581477347136,3.996589407437995e-05,0.021209656805275583
t02_s00_o000410,2,0.004,0,0.0061359405517578125,o000410,0.26537374235093775,1096.3769931938812,0.033179866864740885,513.6185840868768,791.2277221679688,69.13982502012755,0.9151450877881232,0.7925667944755262,1.149575488257954,3.0263191466727013e-05,0.01933193704027686
t06_s00_o000254,6,0.012,0,0.0061359405517578125,o000254,0.26357481468119626,2628.971658451888,3.496435842026796,964.2651176936348,6410.58154296875,700.4414230646182,0.8250330029955253,0.7769953138156962,0.9437475186245753,0.001329963307434713,0.06822083279276812
t07_s01_o000093,7,0.014,1,0.012271881103515625,o000093,0.2635287583941467,1353.2411469959077,0.15756115686888533,487.31111823187933,1232.0919189453125,378.618910532149,0.8679434004284088,0.37180877867199125,0.42381817953927176,0.00011643243129183523,0.030292035166629924
t07_s01_o000123,7,0.014,1,0.012271881103515625,o000123,0.2635287583941467,817.4635854867788,0.01964016739301534,328.6866126427284,399.6323547363281,160.09036020132203,0.7828044157761794,0.38066431192251354,0.44107972658597505,2.4025739790378697e-05,0.017900399347766452
t03_s00_o000150,3,0.006,0,0.0061359405517578125,o000150,0.25762103856660307,1939.2956614123725,0.17293175955724757,788.2522635188127,2382.4990234375,362.7911343747471,1.309864345609833,0.911044105964621,0.4927033093309155,8.917245729890555e-05,0.02771494631882187
t06_s01_o000006,6,0.012,1,0.012271881103515625,o000006,0.256470472588212,1442.9880710536906,7.053778761321218,554.6949212000366,3423.58984375,333.5982286536175,0.6826146870344483,0.9302515044329522,0.5362846839630762,0.00488831398042705,0.10528265490333105
t06_s01_o000275,6,0.012,1,0.012271881103515625,o000275,0.2510434743123378,1289.6376613427071,0.5267364808799709,469.97390988725346,1061.1619873046875,349.6898415682002,0.5627434890194716,0.8639321003564343,0.9382297334627868,0.00040843757643643785,0.04602696730834256
t00_s00_o000009,0,0.0,0,0.0061359405517578125,o000009,0.24901685350792965,2077.7639262205153,5.733098803673391,759.2990006065496,7043.2001953125,559.165925007416,0.6985370694433214,0.9526052843861665,0.5337656946367493,0.002759263808233492,0.08700980695201622
t08_s00_o000033,8,0.016,0,0.0061359405517578125,o000033,0.2445801700512476,1888.417899802879,0.09423132315817306,717.7979222050419,2418.150390625,452.82205539279516,0.899142547889992,0.9979425536261665,0.2735606829325358,4.9899613410786525e-05,0.022838602400474972
t04_s00_o000225,4,0.008,0,0.0061359405517578125,o000225,0.24050808359139375,1634.398721500319,0.27751648289830094,629.8493496226615,1576.59033203125,374.70002225499593,0.7734123489483684,0.8822647691583957,0.7208185727904444,0.00016979729563392637,0.034351632942241465
t02_s00_o000249,2,0.004,0,0.0061359405517578125,o000249,0.23892428775510793,2050.109313067268,0.1932326952136074,748.1975052029479,2642.942626953125,553.7143026613721,0.6965646042543299,1.1557976451574588,0.7803021459018483,9.425482533148566e-05,0.028231784343451877
t02_s00_o000192,2,0.004,0,0.0061359405517578125,o000192,0.23892428775510793,2127.6363954347985,0.26296298602703677,867.8670697648948,2467.14453125,391.9022559050088,0.7896554073440695,1.2472933510753597,0.6828671036479629,0.0001235939498831981,0.030900786555403105
t01_s00_o000245,1,0.002,0,0.0061359405517578125,o000245,0.2377317108075731,1913.0058573554543,0.24041337725752976,710.7244801240809,1816.987060546875,491.55689710729257,0.7201609050526339,0.42686520253910737,0.7783959437819088,0.00012567310044198088,0.031073099336186818
t01_s00_o000228,1,0.002,0,0.0061359405517578125,o000228,0.2377317108075731,2089.370952606201,0.2625777255874364,773.4904289806591,2883.00927734375,542.390094644883,0.7210181320414824,0.40912285973044,0.734406664090998,0.00012567310044198088,0.031073099336186818
t04_s00_o000037,4,0.008,0,0.0061359405517578125,o000037,0.23735470570713244,1821.3863107234874,0.09888111621550079,690.1609175012467,2387.281005859375,441.0644757209941,0.8971789502082987,1.002090478450694,0.2759606625171418,5.428893125710571e-05,0.023489524618709217
t00_s01_o000067,0,0.0,1,0.012271881103515625,o000067,0.23692941171910573,987.5479206022669,0.11133236397123825,427.4088254834785,775.078857421875,132.73026963530992,1.0160011072627833,0.6379869335987529,0.33259815466208537,0.00011273616363177696,0.02996803133848675
t01_s01_o000058,1,0.002,1,0.012271881103515625,o000058,0.23645279766002805,1058.8912082248264,0.035225507956332995,408.5252668592665,745.6596069335938,241.84067450629345,0.8375558853149414,0.28941186269124347,0.2846394644843207,3.326640894052435e-05,0.019951356898934475
t03_s00_o000255,3,0.006,0,0.0061359405517578125,o000255,0.23414965632020945,2353.6969736806163,0.07775530267319691,883.9688180776743,2318.39990234375,585.7593375252677,0.8785122157810451,1.1130081256786426,0.7793502674236165,3.303539221177071e-05,0.019905065881336278
t03_s00_o000216,3,0.006,0,0.0061359405517578125,o000216,0.23414965632020945,1646.055227323899,0.27873519347575754,636.177274737807,1577.5670166015625,373.70067784828507,0.7736977372943623,0.8826295168305484,0.7225676896952672,0.0001693352621764191,0.03432044669455573
t03_s00_o000188,3,0.006,0,0.0061359405517578125,o000188,0.2317526193368091,2103.4026235537967,0.4582236853245472,821.2671739531727,2666.76806640625,460.86827564745136,0.7489035819772698,1.2071145402538184,0.7240995465761024,0.00021784877521468377,0.03732692130160658
t04_s00_o000196,4,0.008,0,0.0061359405517578125,o000196,0.2288425087160671,2092.4795126585277,0.46841244106643665,814.6655913393317,2657.026123046875,463.14832997986423,0.7488253724341299,1.2056078364605505,0.7227808693491146,0.00022385521016227844,0.03766686994421469
t08_s01_o000168,8,0.016,1,0.012271881103515625,o000168,0.2286374714520084,1135.9659372965496,0.3275090642426465,434.2097197312575,1125.47705078125,267.54649783403454,1.0311526763133514,0.7984589307736129,0.6664575430063101,0.00028830887748454437,0.04098168416156126
t03_s00_o000427,3,0.006,0,0.0061359405517578125,o000427,0.22863747145200827,1744.1709505406823,0.04956071808786761,621.1350479746253,1402.306884765625,501.90085459143165,0.23012271353868935,0.7336689243471719,1.2139684010327347,2.8415057636697882e-05,0.018930117544017626
t05_s00_o000160,5,0.01,0,0.0061359405517578125,o000160,0.22766696251896518,1911.7360484587841,0.1722407731805908,780.3383688119742,2367.38232421875,351.05931083483574,1.3112662290915464,0.912068230066544,0.48842086791992184,9.009652421392012e-05,0.02781035136146759
t06_s00_o000115,6,0.012,0,0.0061359405517578125,o000115,0.22738546594653258,1437.3498871397828,0.05545266212324185,629.5518941365316,1237.315185546875,178.24609886671965,0.16162875740827914,0.35606826279691595,0.406368278457733,3.85797937018581e-05,0.020961567884131012
t02_s01_o000144,2,0.004,1,0.012271881103515625,o000144,0.2257693459735027,1126.9262806285512,0.22909816414963796,439.86558449485085,1352.0166015625,247.19511163884954,1.3288773796775124,0.9359540592540394,0.4989635294133966,0.00020329472130320436,0.03647644434973251
t08_s01_o000164,8,0.016,1,0.012271881103515625,o000164,0.22296212862899598,1094.0344977612765,0.5358093741308593,451.82681568073775,1228.14111328125,190.380866399801,1.1407871210350182,0.837972666182608,0.6166620254516602,0.0004897554649577196,0.04889865276926374
t07_s00_o000059,7,0.014,0,0.0061359405517578125,o000059,0.22197280785883208,1282.343651748285,0.024291912516320773,493.6613140571408,734.6986694335938,295.0210236340034,0.7794889357031846,0.4716443085088962,0.26384544372558594,1.8943371757798588e-05,0.016536980881615683
t02_s00_o000146,2,0.004,0,0.0061359405517578125,o000146,0.21654467072684808,1579.8561883030168,0.060585552614811314,586.5505692815207,1168.947265625,406.75504973997545,0.8018491469233869,0.5775916088058288,0.47734660412891805,3.834877697310446e-05,0.020919644636455254
t05_s00_o000288,5,0.01,0,0.0061359405517578125,o000288,0.21645543374275342,1592.9914545155889,0.07985766542176911,597.4898854620445,975.1708374023438,398.01168359149983,1.2290260648947158,0.6223314083116944,0.8444694220195719,5.0130630139540167e-05,0.022873792906670867
t06_s00_o000038,6,0.012,0,0.0061359405517578125,o000038,0.21002960622310846,1434.7283182144165,0.14848791674040032,583.7127692358835,1212.940673828125,267.3027797426496,0.5003256882940019,0.7226302666323526,0.27713085072381155,0.00010349549448163131,0.02912578313520594
t05_s00_o000304,5,0.01,0,0.0061359405517578125,o000304,0.20822054347287522,2234.6117053115577,0.7062063147156793,797.2934232120625,2556.72216796875,640.0248588874326,0.5590299346990752,0.8576636495645981,0.9420507734979104,0.0003160308849349813,0.04225521404519661
t06_s01_o000200,6,0.012,1,0.012271881103515625,o000200,0.20309037690136192,1126.8215375976563,0.2603146255049588,427.89050024414064,1108.8597412109375,271.040537109375,1.050792091369629,0.804274543762207,0.6912750625610351,0.00023101672875364132,0.038064337334124954
t08_s00_o000195,8,0.016,0,0.0061359405517578125,o000195,0.2018397950714395,2092.3518134291044,0.4824015347974606,825.1192844673723,2676.9853515625,442.11324449435983,0.7465988667551167,1.1983344339894388,0.7191654331459549,0.00023055469529613404,0.038038944172929974
t07_s00_o000187,7,0.014,0,0.0061359405517578125,o000187,0.19887160112914581,2347.544885679733,0.13991911214375477,898.7620870900708,3314.5400390625,550.0207114995912,0.9618681382763293,0.7786936649056369,0.6016313493713852,5.960231601843946e-05,0.024232125459018865
t03_s00_o000458,3,0.006,0,0.0061359405517578125,o000458,0.1949669521126543,2120.9600496780345,0.14356333498067755,683.3575268638012,1774.4815673828125,754.244995950432,1.3660949147195132,0.6920628921977489,1.353613615849726,6.768790152481691e-05,0.025281770248698036
t06_s00_o000082,6,0.012,0,0.0061359405517578125,o000082,0.1947854166031887,2193.7133823512913,1.0145825478065904,822.5953591086648,3805.85009765625,548.5226641339618,1.0190595813564487,0.49943858974582545,0.3933346307241952,0.0004624954909647899,0.04797404055180093
t03_s00_o000036,3,0.006,0,0.0061359405517578125,o000036,0.19224435366053744,1824.2699853929423,0.09945910471578762,690.8499666634252,2462.82421875,442.5700520660919,0.8965493137553586,1.0032782797086037,0.2765333207987123,5.451994798585935e-05,0.02352279594450836
t08_s01_o000432,8,0.016,1,0.012271881103515625,o000432,0.19223487871789804,1095.8775409019156,0.14784897005442726,488.73657414684556,894.4237060546875,118.4043926082245,0.7012203294936925,0.4243465188431413,1.3795359493934944,0.00013491376959212653,0.03181675540095718
t06_s01_o000146,6,0.012,1,0.012271881103515625,o000146,0.19143857307110315,1106.900495675894,0.2127528262636018,441.5419515463022,1310.462646484375,223.81659258328966,1.3306731077340932,0.9328989615807167,0.49134723956768334,0.00019220591832302958,0.035800798695532904
t05_s01_o000177,5,0.01,1,0.012271881103515625,o000177,0.19087450462110947,811.5870939555921,0.028498509722732844,327.16722106933594,479.625732421875,157.2526518169202,1.2961367054989463,1.094619500009637,0.5850134899741725,3.511454277055348e-05,0.02031418809997746
t01_s01_o000186,1,0.002,1,0.012271881103515625,o000186,0.18798176475127448,1108.3005011808787,0.28880855865995775,461.82762135174255,1128.384521484375,184.64525847739355,0.49228955667915075,0.7614876293966957,0.6838527503588521,0.0002605868700341074,0.03962366471165794
t00_s00_o000274,0,0.0,0,0.0061359405517578125,o000274,0.1874498261710646,2518.6898989144956,2.08945746878071,984.9122560565368,4661.37744140625,548.8653868014221,0.7608651719163699,0.5127944436388008,0.8620236103862018,0.000829581072954326,0.05828946580372601
t07_s00_o000103,7,0.014,0,0.0061359405517578125,o000103,0.18723549762459035,2583.6890859954733,0.3569314896563695,910.6114084505317,3366.290771484375,762.4662690944099,0.8748230025122397,0.350415561510169,0.4085223028891063,0.0001381480037946775,0.03206899388667491
t06_s00_o000204,6,0.012,0,0.0061359405517578125,o000204,0.18211882577831912,2039.5437240181848,0.4292347032574302,737.2110820481334,2807.149658203125,565.1215599219179,0.7997535073273007,0.2913191007076058,0.6590512042249728,0.00021045623989456724,0.03689983287493954
t06_s00_o000213,6,0.012,0,0.0061359405517578125,o000213,0.18211882577831912,1759.1566241096048,0.06908708347340699,633.8485999612247,1179.541748046875,491.45942418715526,0.8194007200353285,0.22168792275821464,0.6538386064417222,3.9272843888119024e-05,0.02108634206008725
t04_s00_o000365,4,0.008,0,0.0061359405517578125,o000365,0.17810410639740024,2753.9135561193625,0.38617346131003655,1005.2357570390528,4433.24853515625,743.4420420412569,0.33885150450654633,0.23361052084204786,1.1236655943868972,0.00014022715435346028,0.0322290747117148
t02_s00_o000095,2,0.004,0,0.0061359405517578125,o000095,0.17771490606014745,2621.7955207598984,0.40943875027482524,921.9385115493684,4148.40771484375,777.9184976611616,0.8716121707442245,0.3473795574797681,0.40820342972433776,0.00015616730863746153,0.03340672013851124
t05_s01_o000414,5,0.01,1,0.012271881103515625,o000414,0.17626245265990248,1033.207109485973,0.21004555137144024,392.09778386896306,1086.2841796875,249.01154174804685,0.4445210023359819,1.1640994852239435,1.291057673367587,0.00020329472130320436,0.03647644434973251
t03_s01_o000127,3,0.006,1,0.012271881103515625,o000127,0.17593538065362344,1383.9337129335145,0.7570776351635145,514.2370018314671,1573.5816650390625,355.45970927058033,0.7698117848989126,0.42416762016914983,0.6553847854201857,0.0005470476136886226,0.050735526653277616
t07_s00_o000152,7,0.014,0,0.0061359405517578125,o000152,0.17357301410543266,1905.7800384065997,0.05899578740635533,775.3090936461491,1667.38623046875,355.1618511143015,0.9036775133503017,0.6473417282104492,0.49811015911956336,3.095624165298794e-05,0.019478396691554656
t03_s00_o000376,3,0.006,0,0.0061359405517578125,o000376,0.17352810374787478,1850.7680831045475,0.045321189153488754,756.2557289555388,1862.315673828125,338.25662519347,0.8189744049648069,0.5852298016818065,1.1216615101076521,2.448777324788598e-05,0.018014417704304658
t02_s00_o000279,2,0.004,0,0.0061359405517578125,o000279,0.17146023451620787,2518.6414205221304,0.9286298897884252,865.7808139581131,5446.5625,787.0797926059042,0.759880106550709,0.8031084997612135,0.8708191419902601,0.00036870269909081155,0.04448318779756704
t01_s00_o000097,1,0.002,0,0.0061359405517578125,o000097,0.17131429032959583,2636.430544286742,0.405024607351658,935.6150239184386,4133.4443359375,765.2004964498649,0.8716080486326289,0.34786630788243805,0.4097793320964153,0.00015362612462117148,0.033224528156335115
t01_s01_o000068,1,0.002,1,0.012271881103515625,o000068,0.16919485510105398,939.9779698988971,0.08859745936826503,424.81967641793045,804.91796875,90.33861706303617,0.9670121997010473,0.7603152218986959,0.3228587543263155,9.425482533148566e-05,0.028231784343451877
t03_s01_o000189,3,0.006,1,0.012271881103515625,o000189,0.16808770477503812,1217.5847164105764,0.35554100184132026,454.8979709480382,1056.0709228515625,307.7887745145,0.7949149819869029,0.2784862639028815,0.6634971159922926,0.00029200514514460263,0.041156076407715084
t08_s01_o000207,8,0.016,1,0.012271881103515625,o000207,0.1680728851818718,931.7676241690652,0.09815578227330493,381.9303098979749,811.6537475585938,167.90700437311546,0.8298052235653526,0.9895549740707664,0.7404573172853705,0.00010534362831166044,0.029298129058336363
t04_s00_o000458,4,0.008,0,0.0061359405517578125,o000458,0.166639475658958,2305.300152310458,0.3514915139881419,768.243039079146,2693.206787109375,768.8140741521661,1.2295216271371552,1.2608056270714962,1.3302068334637265,0.00015247104097740327,0.03314104909059725
t04_s01_o000141,4,0.008,1,0.012271881103515625,o000141,0.16594893293876334,1116.3870519235593,0.22489236190923953,439.3529019137041,1255.117919921875,237.68124809615108,1.3275304409342075,0.934492487426198,0.49349287015582444,0.00020144658747317523,0.03636557301430335
t08_s00_o000087,8,0.016,0,0.0061359405517578125,o000087,0.16452768124260214,1152.3391255465422,0.0468528922749525,470.42989921569824,700.0584716796875,211.47932711514568,0.9108734022487293,1.0433539368889548,0.3194524049758911,4.065894426064087e-05,0.02133155406111047
t04_s00_o000355,4,0.008,0,0.0061359405517578125,o000355,0.16402504587286285,1869.4596187871116,0.7307349460723336,729.306807155023,1946.6173095703125,410.84600447706566,1.1375932242571603,1.2114892411739269,1.1235552657016907,0.0003908803050511611,0.0453577733375927
t04_s00_o000377,4,0.008,0,0.0061359405517578125,o000377,0.16402504587286285,1461.3300412356198,0.030720843403766577,568.5848656958276,954.5435180664062,324.16030984396457,1.3057416349976927,1.2207824581271998,1.0936808324122167,2.102252231658136e-05,0.017121116048210493
t01_s00_o000348,1,0.002,0,0.0061359405517578125,o000348,0.16118735603824688,1892.3111263275146,0.1398897683802563,770.5800243377686,2259.8486328125,351.1510776519774,0.4556894600391388,0.2230606138706207,1.1129253923892977,7.392535320116522e-05,0.02603564050701658
t02_s00_o000392,2,0.004,0,0.0061359405517578125,o000392,0.1578031870842288,1846.8125867931121,0.04650426166399746,748.5437095712084,1824.005615234375,349.7251676506953,0.8201894847624893,0.5862356413395032,1.1219201394177358,2.5180823434146904e-05,0.018182786507151674
t08_s00_o000323,8,0.016,0,0.0061359405517578125,o000323,0.15710520599046235,3100.4756912372545,0.5422101460897503,1177.897578331407,6324.93896484375,744.6805345744406,0.745999060344822,1.009293323148982,1.014570069911458,0.00017487966366650648,0.03469100647485227
t02_s00_o000014,2,0.004,0,0.0061359405517578125,o000014,0.15695437081966052,1977.3518814045563,0.16855970303443038,829.566305847995,3436.3623046875,318.21926970856634,1.178117214502681,0.31070474040540574,0.22421957289946437,8.524517291009365e-05,0.027301953893728154
t00_s00_o000259,0,0.0,0,0.0061359405517578125,o000259,0.15302730903969575,1910.8508290692794,0.21365623771119988,834.4812146021314,2000.8614501953125,241.88839986501648,0.7376440103389015,0.855342506377165,0.8069522479348932,0.0001118120967167624,0.02988592673161659
t07_s01_o000005,7,0.014,1,0.012271881103515625,o000005,0.1528964016028261,1434.880321810971,7.547167561169405,550.8884685031143,3350.067626953125,333.1033848047425,0.6758697553997883,0.9257573357620293,0.5558890485461967,0.005259788880262906,0.10788471064566221
t03_s00_o000242,3,0.006,0,0.0061359405517578125,o000242,0.15238526143624515,1963.3540341192615,0.22723738080009592,724.4326061621873,1749.583740234375,514.4888217948869,0.7225712987477194,0.4106916058325244,0.7751248334934135,0.0001157393811055743,0.030231812273857524
t03_s00_o000221,3,0.006,0,0.0061359405517578125,o000221,0.15238526143624515,2076.2177646003634,0.24845405672993398,776.5410766601562,3009.044921875,523.1356112800509,0.7218495777675084,0.40359800478666447,0.7327355417965922,0.0001196666654943862,0.03056995927056331
t04_s01_o000265,4,0.008,1,0.012271881103515625,o000265,0.15145007179897294,1146.692248650317,0.2246395181604596,409.7957448419535,911.3619384765625,327.10075896641,0.675705981704424,0.7702920841720868,0.8689302228531748,0.00019590218598308784,0.036028835408609315
t08_s01_o000224,8,0.016,1,0.012271881103515625,o000224,0.15107377350266385,1278.1264444434125,0.8692707293393045,475.8476776040119,1238.409423828125,326.43108923538875,0.5302919926850692,0.9102867893550707,0.910987086918043,0.00068011324945072,0.05455453713866768
t08_s00_o000169,8,0.016,0,0.0061359405517578125,o000169,0.15042887954979456,1959.1626206054686,0.11314983492717166,725.3864527587891,2554.85888671875,508.3897150878904,0.7183713760375976,0.6437092514038086,0.574962173461914,5.775418218841033e-05,0.023979029928781665
t02_s01_o000321,2,0.004,1,0.012271881103515625,o000321,0.1493391913919337,725.2135498046875,0.020104375430843383,321.08580729166664,401.4644775390625,83.04193522135427,0.5872095108032227,1.3243405024210613,0.9807278315226238,2.772200745043696e-05,0.01877494566696141
t01_s00_o000104,1,0.002,0,0.0061359405517578125,o000104,0.14926445322274579,2159.8136076598607,0.5937541584874261,877.0898443654805,3364.860595703125,405.6339189288997,0.9195248323328354,0.3647894001808487,0.49521680879993596,0.00027490990721683317,0.04033672125734588
t05_s00_o000364,5,0.01,0,0.0061359405517578125,o000364,0.14836444185884032,2237.840381120209,0.6048649202534554,886.0742276444395,3332.993408203125,465.69192583132985,0.9788660717825604,0.9713875664605034,1.1737896943703676,0.00027028957264176035,0.04010946730117468
t06_s00_o000230,6,0.012,0,0.0061359405517578125,o000230,0.14818913558232163,1559.1012041951708,0.06951444277788305,637.878669699239,1126.4783935546875,283.34386479669274,1.058910735530557,0.8908241153381031,0.6849362862542503,4.4586228649452775e-05,0.021997367470870006
t08_s01_o000373,8,0.016,1,0.012271881103515625,o000373,0.14572146962798146,1035.5781626981848,0.19521647768443648,398.7727954340916,984.3941040039062,238.03257183000153,0.44666037840001727,1.159873233121984,1.2910139233458275,0.00018850965066297132,0.035569819370407534
t00_s01_o000178,0,0.0,1,0.012271881103515625,o000178,0.1440882939530341,1143.100618315906,0.3464668795092422,447.7163111058677,1256.9967041015625,247.6679961041707,1.0275455567894913,0.7940805016494379,0.6839328858910537,0.0003030939481247774,0.04167058062891335
t05_s01_o000380,5,0.01,1,0.012271881103515625,o000380,0.14239590855813286,1238.4333531763646,0.3524737487412147,473.3612448952415,1151.860595703125,291.71086338588157,0.5686901265924628,1.0834716326230531,1.1437951001253994,0.0002846126098244861,0.040805794940493204
t02_s01_o000054,2,0.004,1,0.012271881103515625,o000054,0.13583069345912704,1425.0135469113732,4.666767098893774,553.7040462967504,3743.301513671875,317.6054543178723,0.6012252179010189,0.5903245740765642,0.5725054148895746,0.0032748931468116194,0.09212330460120216
t03_s00_o000425,3,0.006,0,0.0061359405517578125,o000425,0.13564861506155895,2025.5832844305476,0.25502927518202495,773.7441579836225,3149.0849609375,478.0949684633026,0.875908328415057,0.48137298024028813,1.2624951003888332,0.00012590411717073452,0.031092127570786957
t01_s00_o000217,1,0.002,0,0.0061359405517578125,o000217,0.13399128878507022,2371.2708690055842,3.25833366644323,920.3002002051635,6138.42724609375,530.6704685952573,0.9718884183964476,0.6315593216029606,0.9154982169201972,0.0013740875026266586,0.06896709398029176
t01_s01_o000171,1,0.002,1,0.012271881103515625,o000171,0.13281924524008223,1091.2511693050988,0.5747817878697058,450.10734793679757,1009.3749389648438,191.03647343150362,1.1342770526283665,0.837168352227462,0.6279435442205061,0.0005267181415583022,0.05009909597238476
t00_s00_o000202,0,0.0,0,0.0061359405517578125,o000202,0.13240072686282112,2365.968988800049,0.08745254658002367,932.4042222976684,2832.545654296875,501.1605442047121,1.1108736872673033,0.21195839643478395,0.6706966519355775,3.696267660058261e-05,0.020664501564751993
t00_s00_o000201,0,0.0,0,0.0061359405517578125,o000201,0.13240072686282112,1789.2016022511018,0.03224016909616021,700.0689106476613,1430.5169677734375,389.0637809557793,1.131373038658729,0.16810903793726212,0.6409697899451623,1.8019304842784023e-05,0.01626359213737271
t05_s00_o000137,5,0.01,0,0.0061359405517578125,o000137,0.13214750464515646,1579.111491447717,0.14519086609443102,619.728891420604,1852.7396240234375,339.6537086065091,0.9794687817444155,1.2626933140970356,0.5184869766235352,9.194465804394925e-05,0.02799922201404815
t06_s00_o000105,6,0.012,0,0.0061359405517578125,o000105,0.12969562991500944,2551.5791226746605,0.35956905186659555,902.2268485147445,3461.519775390625,747.1254256451716,0.8742105859224912,0.3513278617233527,0.4100719483172307,0.0001409202045397212,0.03228208315379924
t01_s00_o000068,1,0.002,0,0.0061359405517578125,o000068,0.12646622681159161,1462.5292929190177,0.03648982315930498,612.9127157705801,1307.701416015625,236.7038613778575,0.5420080820719401,0.42036874205977826,0.301172415415446,2.4949806705393263e-05,0.018127010737998706
t01_s00_o000063,1,0.002,0,0.0061359405517578125,o000063,0.12646622681159161,1360.7693516322545,0.022005233894160783,473.07193647112166,677.4382934570312,414.62547869001116,0.5719573157174246,0.6126298359462193,0.2709456035069057,1.6171171012754892e-05,0.015687399390208318
t01_s00_o000001,1,0.002,0,0.0061359405517578125,o000001,0.12646622681159156,1805.4514714704242,1.240841241266073,748.5788192415638,2307.09375,308.2938329872966,0.5535340253044577,0.5420273320815143,0.24454249662511487,0.0006872747680420829,0.05474535338830895
t04_s01_o000006,4,0.008,1,0.012271881103515625,o000006,0.12627201136140498,1291.4185263144004,0.26492528366008894,493.9018920348571,1138.8321533203125,303.6147422446862,0.5291004954157649,1.1061000222558375,0.20372980994147222,0.0002051428551332335,0.03658664575750485
t04_s00_o000469,4,0.008,0,0.0061359405517578125,o000469,0.12575639534950908,1418.8663473690258,0.027861458279164704,533.7507923799402,1138.195556640625,351.3647626091454,0.8219272837919347,0.46748648250804226,1.2959828320671531,1.9636421944059512e-05,0.016736240784171897
t02_s00_o000350,2,0.004,0,0.0061359405517578125,o000350,0.11924221514634988,2212.9260411939185,0.6160236366874896,875.8525783428018,3617.373046875,461.22088450831484,0.9724778345511662,0.9704766522799291,1.1784977671516386,0.0002783751581481378,0.04050549611533717
t02_s00_o000420,2,0.004,0,0.0061359405517578125,o000420,0.11924221514634982,2617.8046223204815,0.09797057897907153,773.6099781931182,1917.960205078125,1070.584665934245,1.013149838388702,0.8752426806791329,1.1644272863129037,3.7424710058089894e-05,0.020750247366704305
t04_s00_o000328,4,0.008,0,0.0061359405517578125,o000328,0.11893254999703355,3065.293237640462,0.798067036517013,1188.4988516508845,6475.03515625,688.295534338693,0.7126674449010136,0.9896504436855096,1.012626192690317,0.00026035585330535377,0.03961195212903301
t08_s01_o000070,8,0.016,1,0.012271881103515625,o000070,0.11847151222350182,1160.6059622446696,1.0295784682357851,455.4085031191508,1503.6026611328125,249.78895600636804,1.0212761720021566,0.38093964258829754,0.39753224849700924,0.0008871042384139827,0.059606737004760664
t01_s01_o000283,1,0.002,1,0.012271881103515625,o000283,0.11818575483195294,1461.7985674978672,0.4700782930388818,536.5749288975508,1367.081787109375,388.6487097027657,0.9570304059434211,0.47518275249963515,1.0454020554991974,0.0003215752864250687,0.042500889414579385
t08_s00_o000056,8,0.016,0,0.0061359405517578125,o000056,0.11553500431053063,2436.6611915475596,5.4073086334870775,908.3850564537707,7062.6416015625,619.8910786400181,0.6054747609478619,0.568226037510926,0.5491034420187365,0.0022191466964074785,0.0809156389009876
t02_s01_o000178,2,0.004,1,0.012271881103515625,o000178,0.1148476262456664,1486.7043164978306,3.003157997028984,574.5544800474789,2501.178955078125,337.59535640287277,0.9763078584871703,0.6025937116156994,0.9330138296352432,0.0020200102762218397,0.07841906439510091
t08_s00_o000215,8,0.016,0,0.0061359405517578125,o000215,0.11473945500389966,1504.3547171133537,0.03753335940832474,601.1079533894857,948.984375,302.13881033438224,0.6826233863830566,0.6163779541298195,0.6644996360496238,2.4949806705393263e-05,0.018127010737998706
t08_s00_o000198,8,0.016,0,0.0061359405517578125,o000198,0.11473945500389966,1422.667476815237,0.09333943619384703,579.0303440362635,1273.0340576171875,264.60678874271,0.6616229137904208,0.4974000823329872,0.605924129486084,6.560875096603414e-05,0.025020215935961234
t08_s00_o000228,8,0.016,0,0.0061359405517578125,o000228,0.11473945500389966,1643.72654112742,0.1127793135635479,712.1473249955611,1656.351318359375,219.43189113629774,0.5689896927136765,0.5498174609559955,0.6984229168105205,6.861196843983147e-05,0.025396298517542458
t08_s00_o000206,8,0.016,0,0.0061359405517578125,o000206,0.11473945500389966,1209.897031430845,0.022640022800721523,468.67497875072337,648.0712280273438,272.54707392939815,0.5637490072368104,0.6581364384403935,0.6469250902717496,1.8712355029044947e-05,0.016469482249253386
t08_s00_o000072,8,0.016,0,0.0061359405517578125,o000072,0.11473945500389966,2197.766315793284,0.3081865163975806,788.5492167087913,2850.336181640625,620.6678823757013,0.7501010423437179,0.4697279827991467,0.33546511227452186,0.00014022715435346028,0.0322290747117148
t04_s00_o000232,4,0.008,0,0.0061359405517578125,o000232,0.11292371501136794,1395.6604671420648,0.10672132305364972,555.5380317250048,1048.1868896484375,284.5844036920553,0.8292417785552333,0.9971737587920128,0.7522181139251617,7.646653721745528e-05,0.02633061106756807
t00_s01_o000381,0,0.0,1,0.012271881103515625,o000381,0.11207773283920854,1320.419323012408,0.20742648775808845,445.44410077263325,945.264404296875,429.5311214671416,1.0600378709680893,1.1081147698795095,1.2324217067045324,0.0001570913755524761,0.03347248156834379
t03_s00_o000313,3,0.006,0,0.0061359405517578125,o000313,0.11010535501768212,1524.9987080891926,0.061300237043955236,550.1126372238685,979.15234375,424.77343364145554,1.244185370960455,0.8533189050082501,0.9140788220811165,4.019691080313359e-05,0.021250444707289692
t04_s00_o000317,4,0.008,0,0.0061359405517578125,o000317,0.11010535501768212,1500.5984954833984,0.06378605743025474,535.4783532515816,968.6246337890625,429.64178898023533,1.247696824695753,0.8505947589874268,0.9114539519600247,4.250707809067e-05,0.021649982410889824
t05_s01_o000169,5,0.01,1,0.012271881103515625,o000169,0.10928248579957725,1016.5252898460211,0.48469809252910656,422.76184283116066,1257.450439453125,171.00160418369978,1.1188102766524914,0.7929870768110882,0.6336428841879201,0.0004768185281475157,0.04846425091803772
t03_s00_o000322,3,0.006,0,0.0061359405517578125,o000322,0.10688419319186081,1690.0477620304541,0.22996286089337423,653.6419296912305,2039.2230224609375,382.76390264799306,1.287557848038212,0.7487722633245238,1.0025856005113274,0.00013606885323589474,0.03190729873315433
t07_s00_o000223,7,0.014,0,0.0061359405517578125,o000223,0.10636030952963128,2240.238881177112,0.6060307424667732,834.0509359488418,5375.18310546875,572.1370092794284,0.9979051464546653,0.766007464935798,0.70430222502333,0.000270520589370514,0.04012089124576882
t02_s00_o000030,2,0.004,0,0.0061359405517578125,o000030,0.1045481281139709,1732.9335030140378,0.16453835452470938,631.6163664212193,1175.3250732421875,469.7007701715993,0.5515628313496165,1.1953588518203029,0.27317625356706676,9.494787551774658e-05,0.028300810985797425
t06_s00_o000211,6,0.012,0,0.0061359405517578125,o000211,0.1028130549446434,2074.5903531886274,0.2640750573705214,807.1617933436012,2686.59765625,460.2667665014251,1.1914303878258015,0.22064886768154135,0.6727708030742223,0.00012729021754325637,0.03120581094985398
t03_s01_o000373,3,0.006,1,0.012271881103515625,o000373,0.10075835866045653,1271.890358228362,0.20920550032254379,427.59868098912614,1236.9879150390625,416.6929962501097,1.0631378795323747,1.1057447476333446,1.228325672363967,0.00016448391087259262,0.03398951268584196
t01_s00_o000090,1,0.002,0,0.0061359405517578125,o000090,0.100276219789873,1528.6939560275607,0.15891924464412746,616.3775748697917,1347.931884765625,295.9388062879773,1.3512977345784505,0.4057492955525716,0.35568002065022786,0.0001039575279391386,0.029169060736950025
t05_s00_o000344,5,0.01,0,0.0061359405517578125,o000344,0.09939580205067794,1973.6929280049092,0.1349630008023995,643.1489541337297,1494.8621826171875,687.3950197374497,0.8562331908457987,0.48484295123332255,1.0176747618494808,6.838095171107783e-05,0.025367763326638808
t01_s00_o000132,1,0.002,0,0.0061359405517578125,o000132,0.0981166499420216,1585.5361195505402,0.1483455739020198,616.0809533389998,1756.2947998046875,353.3742128725405,0.9795082186475211,1.2682761863425926,0.526160689930857,9.356177514522473e-05,0.028162418500442116
t07_s00_o000314,7,0.014,0,0.0061359405517578125,o000314,0.09808929262315227,3171.930662178699,0.47483434142561154,1082.097083527365,2586.4345703125,1007.7364951239692,1.0976989328125375,0.5161291846522579,0.9290363199916887,0.00014969884023235958,0.03293896449850677
t01_s00_o000309,1,0.002,0,0.0061359405517578125,o000309,0.09747776910199239,1350.8641693738043,0.061166155394251256,530.2216354681522,800.2066650390625,290.4208984375,0.5361434586194097,1.4054434445439552,0.8994161839387855,4.52792788357137e-05,0.02211075796640213
t05_s00_o000290,5,0.01,0,0.0061359405517578125,o000290,0.09731522577880716,2506.58397689896,0.9218680264576691,867.5995496816971,5742.28125,771.3848775355657,0.761141841735073,0.8019813053571999,0.8660849254934032,0.000367778632175797,0.044445994479391196
t00_s00_o000322,0,0.0,0,0.0061359405517578125,o000322,0.09731389584211057,1669.7658855065185,0.24456160258272674,646.851449286524,2274.884765625,376.0629869334705,1.2803210971483296,0.7589403567630033,1.0147916571198954,0.0001464646060298086,0.03270002059199251
t04_s00_o000207,4,0.008,0,0.0061359405517578125,o000207,0.094055609833466,1619.7122986238767,0.057249637422769735,612.2632779389425,1422.789794921875,395.1857427459918,1.0279505112591911,0.6708227294722414,0.6512518864051968,3.534555949930712e-05,0.020358639419177448
t01_s01_o000231,1,0.002,1,0.012271881103515625,o000231,0.09383435484092521,1204.507167816162,0.39179191838223787,460.23750417882746,1092.3731689453125,284.0321594585072,0.49770845066417346,0.9758237275210294,0.8819020011208274,0.000325271554085127,0.04266310812222093
t02_s01_o000170,2,0.004,1,0.012271881103515625,o000170,0.09277768250414707,1086.0869391305107,0.562025524076768,448.77176006862095,1067.353515625,188.5434189932688,1.1389182226998467,0.8363286972045899,0.6263042177472795,0.0005174774724081566,0.049804388589323956
t03_s00_o000009,3,0.006,0,0.0061359405517578125,o000009,0.09079149810616213,2247.015941800792,2.0577055515244504,856.7010443155267,6840.84814453125,533.6138531697386,0.8326412507912706,0.9177162832496867,0.3536416211594967,0.0009157503127794342,0.06024155247348587
t03_s00_o000282,3,0.006,0,0.0061359405517578125,o000282,0.08978357384213351,1638.3018412173374,0.15593175441246787,630.7993051473377,1724.0086669921875,376.703230922662,0.370747825474415,1.084244524390952,0.8595529343318014,9.517889224650022e-05,0.02832374520246757
t03_s00_o000238,3,0.006,0,0.0061359405517578125,o000238,0.08978357384213351,2062.4029237191376,0.5379115722179716,775.0866645427802,2608.61865234375,512.2295946335771,0.4958209535313244,0.9683209850895818,0.8931298978144981,0.00026081788676286105,0.039635370373996705
t02_s00_o000367,2,0.004,0,0.0061359405517578125,o000367,0.08791915794180755,1874.6237132216945,0.5716516579916737,721.2165793910171,2717.576904296875,432.1905544396602,1.1094710205540512,1.3177071788094261,1.1274465373068145,0.00030494208195480654,0.041755105364842816
t07_s00_o000289,7,0.014,0,0.0061359405517578125,o000289,0.08780330140243778,2303.406691428268,1.0030565276190675,841.4271251729059,3732.729736328125,620.5524410824562,1.0919532826471707,0.5104256202434672,0.9397298747095569,0.0004354665337006139,0.04702066046310284
t00_s01_o000097,0,0.0,1,0.012271881103515625,o000097,0.08746967001720714,1349.5234333888236,0.48136128295094915,552.2952223071162,1358.1749267578125,244.9329887745912,0.9153201888879964,0.358888937401648,0.48472340736982117,0.0003566898291956222,0.04399473494174001
t05_s01_o000217,5,0.01,1,0.012271881103515625,o000217,0.08575463687534263,1197.7811976154958,0.28113481394032264,464.9307577778974,974.0978393554688,267.919682059701,0.7283651321891724,0.40021309890146334,0.7528122654111367,0.00023471299641369958,0.03826627393701185
t02_s00_o000422,2,0.004,0,0.0061359405517578125,o000422,0.07835329738867992,1330.9534640842014,0.0249052737470808,501.943448667173,734.902587890625,327.0665667498554,0.5589766090298876,1.0908338758680556,1.1788581094624084,1.8712355029044947e-05,0.016469482249253386
t05_s00_o000147,5,0.01,0,0.0061359405517578125,o000147,0.0768202165615263,1577.832314231179,0.05613387160234306,600.3659166608538,1037.2579345703125,377.10048090947134,1.1647927668187525,0.6977440970284597,0.45868147812880483,3.557657622806076e-05,0.020402897470246605
t05_s00_o000142,5,0.01,0,0.0061359405517578125,o000142,0.07670192530603258,1894.619620419409,1.067085360084005,751.4323301370072,3139.7763671875,391.75496014539476,1.1617766686205595,0.8756374753430987,0.601621672401084,0.0005632187847013775,0.05123060767052546
t03_s00_o000384,3,0.006,0,0.0061359405517578125,o000384,0.07666829230431622,1493.4651264009021,0.08694388785821253,563.7495895870148,1214.2275390625,365.96594722687246,0.8039543061029343,1.1915412176223028,1.104152762700641,5.821621564591761e-05,0.024042804244883018
t07_s00_o000067,7,0.014,0,0.0061359405517578125,o000067,0.07294870593730336,1570.063985805319,0.1436335741901207,644.6979778559521,1209.831298828125,280.6680300934147,1.3134786480605,1.1588095607179583,0.3113524986035896,9.148262458644196e-05,0.027952243365378552
t03_s01_o000262,3,0.006,1,0.012271881103515625,o000262,0.07227843989360107,1211.8677458586517,0.18141519607004403,426.32579699857735,904.8132934570312,359.216151861497,0.6548412111070422,0.7666516833835177,0.8605846004721559,0.00014969884023235958,0.03293896449850677
t01_s01_o000026,1,0.002,1,0.012271881103515625,o000026,0.07212932581294408,1232.0273459018806,0.7104088422544673,519.8264170915653,1258.8175048828125,192.37451171875,1.1421109346243052,1.1424649311945987,0.2525175534761869,0.0005766177549690887,0.051633686535294356
t02_s00_o000281,2,0.004,0,0.0061359405517578125,o000281,0.06981993119074201,2577.7870239727918,1.3917113703650568,909.6009214088658,3928.93017578125,758.5851811550601,1.0759294303401086,0.4993951958267414,0.9551010246097301,0.0005398860950972598,0.05051315686495684
t04_s00_o000282,4,0.008,0,0.0061359405517578125,o000282,0.06839492225480939,2530.3519618199957,0.9224256325820923,871.8165611199402,5580.02587890625,786.7188395801154,0.7608371862742687,0.8020584193472626,0.8672362618875443,0.000364544397973246,0.044315325114942725
t00_s00_o000219,0,0.0,0,0.0061359405517578125,o000219,0.06724835147134195,1652.7573521373035,0.27796102655360305,651.1081555963873,1633.223876953125,350.54104094452896,0.775564343064696,0.8888853880075308,0.7259963947338062,0.00016818017853265088,0.03424223209642098
t02_s01_o000332,2,0.004,1,0.012271881103515625,o000332,0.0646751970178081,1281.3360984108665,0.9638088005820377,506.4353212173799,1844.3580322265625,268.4654559761067,1.1864451635674704,1.229833952039114,1.1079593981806126,0.0007521904688218561,0.05641740058071913
t01_s01_o000123,1,0.002,1,0.012271881103515625,o000123,0.06379561429578035,1078.7049174901858,0.40071180117711125,447.9712646636204,1327.928466796875,182.76238816294506,1.35083799694308,0.9830478886466715,0.49278318585448005,0.00037147489983585524,0.044594396229852624
t07_s00_o000110,7,0.014,0,0.0061359405517578125,o000110,0.06370657519517263,1994.4720986723858,3.9113612479004036,714.9694322722444,3142.1240234375,564.533234127897,0.6124281614179787,0.9584326131252002,0.6293506069590029,0.001961101010389661,0.07764922366951621
t07_s00_o000016,7,0.014,0,0.0061359405517578125,o000016,0.06370657519517263,3447.0866937445244,1.4628668286879225,1406.3525914424258,7450.5634765625,634.3815108596727,0.8760800390186424,0.7810581354713336,0.21326151138164456,0.0004243777307204391,0.04661810964142454
t07_s00_o000141,7,0.014,0,0.0061359405517578125,o000141,0.06370657519517263,1688.3045562744142,0.031202127658430646,455.0828285217285,606.0657958984375,778.1388992309571,0.8111713409423827,0.8318034410476685,0.4605790376663208,1.8481338300291306e-05,0.01640142576114291
t07_s00_o000250,7,0.014,0,0.0061359405517578125,o000250,0.06370657519517263,1278.3908461084907,0.03130494516167782,475.9048237350752,720.7372436523438,326.5811986383403,0.47756141086794296,1.0104041729333266,0.7695395631610222,2.448777324788598e-05,0.018014417704304658
t07_s00_o000054,7,0.014,0,0.0061359405517578125,o000054,0.06370657519517263,2407.703384080239,1.5156988449080624,968.6914812840453,6879.7412109375,470.32042151214864,0.7873683950441693,0.9006975282441586,0.4174443607155336,0.0006295205858536726,0.053166790277049056
t07_s00_o000008,7,0.014,0,0.0061359405517578125,o000008,0.06370657519517263,2004.1569452464103,0.5199420165118814,690.2570867631866,1631.3466796875,623.642771720037,0.9281279410194947,0.9293081397364846,0.19470546888859275,0.0002594317863903392,0.039565032390565205
t05_s00_o000221,5,0.01,0,0.0061359405517578125,o000221,0.06275121403622334,2208.240937328099,0.6085977329862046,829.9800880860603,5278.115234375,548.2807611559783,0.9960282510404115,0.7653004277781689,0.7067904028688672,0.0002756029574030941,0.040370589217217506
t00_s00_o000279,0,0.0,0,0.0061359405517578125,o000279,0.061838940569268544,2548.905005000188,0.9185899260079263,874.90317187187,5194.009765625,799.0986612564479,0.7574267949813452,0.8029507539211175,0.8750283889281444,0.00036038609685568046,0.044146181006798894
t01_s01_o000248,1,0.002,1,0.012271881103515625,o000248,0.06183656833212569,1037.2211486187177,0.37188315783288145,424.95665709505374,1298.5687255859375,187.30783442861025,0.3592055507541932,1.209634259804008,0.8831642681790381,0.00035853796302565133,0.044070588083212965
t07_s00_o000107,7,0.014,0,0.0061359405517578125,o000107,0.06127884175707751,2187.525719731091,0.5993510725023635,887.6770314414425,3361.64013671875,412.1716568482061,0.9285343967843015,0.36167385847532324,0.4892403729649458,0.0002739858403018186,0.040291475317792966
t08_s01_o000348,8,0.016,1,0.012271881103515625,o000348,0.060278536139555625,1238.154528347951,0.3638357680323341,470.73439736036386,1146.625244140625,296.6857336272234,0.561322788022599,1.0804465131939582,1.1374837467505496,0.00029385327897463176,0.04124272103484487
t03_s01_o000166,3,0.006,1,0.012271881103515625,o000166,0.060241832679509416,724.1663423426011,0.022752057369480903,321.7510743982652,445.97265625,80.66419354607069,1.0223559772267061,0.42680880602668314,0.5574682460111731,3.141827511049522e-05,0.019574825969568093
t05_s00_o000227,5,0.01,0,0.0061359405517578125,o000227,0.060171787149388076,1697.2902941866726,0.3442659524242967,662.351254682606,2359.574951171875,372.58778482146045,0.7790338281618435,0.9108028020837041,0.7203789886961223,0.00020283268784569708,0.03644878971869945
t06_s00_o000147,6,0.012,0,0.0061359405517578125,o000147,0.06013153397844846,2652.0113980191427,1.0096620283542175,949.1901165675191,5181.1923828125,753.6311648841045,0.7900768113367765,0.4141946035681419,0.592617180740949,0.0003807155689860009,0.04496114293007627
t05_s01_o000287,5,0.01,1,0.012271881103515625,o000287,0.05988489801639247,1302.9229547006112,0.5201228139488018,479.05589534618235,1051.50927734375,344.81116400824646,0.5629725456237793,0.8677242596944172,0.9389693472120496,0.0003991969072862922,0.045677204800949944
t07_s01_o000088,7,0.014,1,0.012271881103515625,o000088,0.059745456146865786,1237.1594479209498,0.3475383067841162,479.9632374612909,1006.228515625,277.23297299836804,1.0739510686774003,0.6081040031031558,0.40860519911113535,0.00028091634216442785,0.04062837619995492
t00_s01_o000239,0,0.0,1,0.012271881103515625,o000239,0.05964256196298606,1441.7610497335786,0.27445043919558665,574.8192877908355,1685.751220703125,292.1224741519077,1.0266381698904685,0.6292913399853753,0.8669845710680324,0.00019035778449300045,0.03568568279244782
t00_s01_o000283,0,0.0,1,0.012271881103515625,o000283,0.05964256196298606,1488.3867308108393,0.4593732241861215,543.6336299873398,1328.5430908203125,401.11947083615973,0.9557921529530051,0.4770418212799255,1.0463248327106773,0.0003086383496148648,0.041923135768262024
t07_s00_o000288,7,0.014,0,0.0061359405517578125,o000288,0.059568621444056356,2479.4367572676238,0.9290676002187453,859.3165174265531,5485.53271484375,760.8037224145176,0.7619574660878587,0.8008650792659284,0.8621299111005264,0.0003747091340384062,0.04472344232896976
t05_s01_o000004,5,0.01,1,0.012271881103515625,o000004,0.058979272447779785,1442.3990166480655,6.997584350053607,554.4218342924572,3488.197998046875,333.5553480631511,0.6822102330525716,0.9327155576433455,0.5394403370448522,0.004851351303826468,0.10501662052904381
t07_s01_o000129,7,0.014,1,0.012271881103515625,o000129,0.057914261762502306,1687.759021721264,0.31503965904297376,598.1785807090231,1756.4327392578125,491.40186030321775,0.8431450588868395,0.4837368974591246,0.5142343445579605,0.0001866615168329422,0.035453196174654485
t00_s01_o000172,0,0.0,1,0.012271881103515625,o000172,0.05741711573512203,1062.0768230426422,0.6340038144818552,442.74181108504257,983.675537109375,176.59320087255708,1.116313754220496,0.8262338402101498,0.6299977228737468,0.0005969472270994092,0.05223349789064064
t00_s00_o000133,0,0.0,0,0.0061359405517578125,o000133,0.05638690874344837,1905.154030677361,1.08270123176969,756.3656185987519,3105.139404296875,392.4227934798573,1.1590417559553938,0.8723087551147957,0.6105360620390109,0.0005683011527339576,0.05138424454569374
t02_s00_o000105,2,0.004,0,0.0061359405517578125,o000105,0.05474186854633289,2169.3626380933406,0.5883607365957817,879.9422072714394,3422.85498046875,409.47822355046173,0.9209503209570603,0.36585153550468064,0.49439792210645533,0.0002712136395567749,0.04015512410473648
t01_s01_o000110,1,0.002,1,0.012271881103515625,o000110,0.05474186854633289,1260.9490431565505,0.1514761679990314,496.9900477482722,1311.18115234375,266.96894766000605,0.8224520316490761,1.2564990263718825,0.4376813595111554,0.00012012869895189349,0.03060925232058787
t01_s00_o000057,1,0.002,0,0.0061359405517578125,o000057,0.05188879363013185,2084.0877533599214,0.3442432816799653,742.4249377270678,2598.31787109375,599.2378779057858,0.7535793171062336,0.47844031007139837,0.32432093053430944,0.00016517696105885354,0.03403718387410002
t04_s01_o000325,4,0.008,1,0.012271881103515625,o000325,0.05161587381762072,1239.2143183547357,0.9641884737557158,493.7662156347424,2034.700439453125,251.68188708525088,1.1897967671555183,1.228915210008055,1.1039518981534908,0.000778064342442264,0.057057004551337095
t02_s00_o000204,2,0.004,0,0.0061359405517578125,o000204,0.05156445827536456,1773.9681569358518,0.07089822345142127,642.8487719938245,1274.58447265625,488.2706129482028,0.8163638362994773,0.22532734292090972,0.6593476003305071,3.996589407437995e-05,0.021209656805275583
t08_s01_o000240,8,0.016,1,0.012271881103515625,o000240,0.05102428934697218,1041.6608959235768,0.38887600571731273,431.631944713026,1338.2451171875,178.3970064975249,0.3491714685270102,1.1942909637300094,0.8812972437037099,0.0003733230336658844,0.044668228146499574
t02_s00_o000309,2,0.004,0,0.0061359405517578125,o000309,0.050411813691172334,1616.966930223548,0.37802896765173816,720.7166814690993,1595.6685791015625,175.53356728534936,1.2298680369561839,1.1531445273297578,0.9727224097421519,0.00023378892949868502,0.03821598968206171
t03_s01_o000167,3,0.006,1,0.012271881103515625,o000167,0.05035571032038845,1042.544808940523,0.6050033718474104,433.09212459880075,1120.3065185546875,176.3605597429214,1.1216069421950419,0.8135592770424618,0.627878681109969,0.000580314022629147,0.051743780016878536
t01_s00_o000079,1,0.002,0,0.0061359405517578125,o000079,0.049912056952173316,2094.570724313029,1.5251925239066624,779.0491389356894,4624.2333984375,536.4724464416504,1.0229597920693723,0.42139038942792084,0.42858532479571815,0.0007281647290314774,0.05581021254390049
t06_s00_o000367,6,0.012,0,0.0061359405517578125,o000367,0.04858337704086623,1845.4904780476666,0.3892476651175084,708.8731136259348,2808.111083984375,427.7442507957969,1.1764473095128203,1.3107054523413701,1.1109547129335435,0.00021091827335207453,0.03692681630896131
t02_s00_o000299,2,0.004,0,0.0061359405517578125,o000299,0.04733204825086669,2232.2944483655565,0.775608831058793,785.7491109929186,2738.812744140625,660.7962263797192,0.5611203401646716,0.8601944053426701,0.9444248765072923,0.00034744916004547655,0.04361148607082927
t07_s01_o000233,7,0.014,1,0.012271881103515625,o000233,0.04730928908451613,1038.846831824392,0.38974537874498805,429.30544916162347,1385.9854736328125,180.23593350114504,0.352725902801664,1.1994856989442422,0.8819281056596728,0.0003751711674959135,0.04474181679378515
t05_s01_o000219,5,0.01,1,0.012271881103515625,o000219,0.04661780591428939,996.1513814011665,0.26878907589847106,426.7145637616719,923.289306640625,142.7222538778227,1.1738558599393663,0.5552185659539209,0.7347578675779577,0.00026982753918425306,0.04008659986902235
t08_s00_o000285,8,0.016,0,0.0061359405517578125,o000285,0.04440563598243416,2326.077071245979,0.3288659820867952,853.5446550456527,2595.01220703125,618.9877611546735,0.6900326348597707,0.995405963822907,0.8830540850271588,0.0001413822379972285,0.03231732563064353
t03_s00_o000059,3,0.006,0,0.0061359405517578125,o000059,0.04437515984526339,2236.045681184548,9.085326904049596,819.3385599746687,6475.95263671875,597.3685612352106,0.6171064869175994,0.7532543836736343,0.5821426500915153,0.0040631222253190435,0.09898979522128097
t08_s00_o000369,8,0.016,0,0.0061359405517578125,o000369,0.04401059915552204,1499.0874066082151,0.0793059675530038,599.1502012560982,1086.6368408203125,300.7870040960188,1.227831178356987,1.3354646857648957,1.0773532650876774,5.290283088458386e-05,0.023287887850460706
t08_s00_o000280,8,0.016,0,0.0061359405517578125,o000280,0.04401059915552204,3018.7880890338665,2.4331956259112903,1191.1784851651507,11605.0751953125,636.4311187035651,0.8091932079723004,1.2442787008594394,0.9916446704377961,0.0008060173666214546,0.05773226503121346
t08_s00_o000406,8,0.016,0,0.0061359405517578125,o000406,0.04401059915552204,2040.8693607998432,0.16690213709511223,766.468874053093,2436.3232421875,507.93161269365714,0.9789771818171787,1.3174245694262834,1.1399329557257183,8.177992197878903e-05,0.02692687954235447
t07_s00_o000339,7,0.014,0,0.0061359405517578125,o000339,0.043730214717026136,1952.0765552789392,0.32018326145482423,662.7816395934199,3305.658935546875,626.5132760920994,0.9243059856790893,1.046169221904916,1.0191278726282254,0.00016402187741508534,0.033957657453790896
t00_s00_o000106,0,0.0,0,0.0061359405517578125,o000106,0.043416378682337005,2072.0957430673902,0.807547972244255,848.1859756406412,4591.36669921875,375.72379178610777,1.1765293195958524,0.2344533064412025,0.552780228249053,0.0003897252214073929,0.045313050597748664
t05_s00_o000368,5,0.01,0,0.0061359405517578125,o000368,0.043289293759660966,1835.8640467214793,0.3884896207631767,705.3560826663887,2762.061767578125,425.1518813887019,1.174791465159587,1.3115037039377804,1.1128023888866974,0.00021161132353833545,0.03696721767193877
t02_s00_o000343,2,0.004,0,0.0061359405517578125,o000343,0.04307132240121064,1789.4231837187815,0.15336646208595509,640.6900638878507,1517.4844970703125,508.04305594308016,0.6711495083297359,1.2197786727041569,1.0113386221009124,8.570720636760093e-05,0.027351191067826606
t02_s00_o000274,2,0.004,0,0.0061359405517578125,o000274,0.04307132240121064,3058.737400024989,2.2505831338405584,1200.3658703574954,11345.8896484375,658.005659309998,0.8060969084735193,1.2496261950003296,0.9893794755920697,0.0007357882810803476,0.05600430589813054
t02_s00_o000247,2,0.004,0,0.0061359405517578125,o000247,0.04307132240121064,1494.2099533081055,0.03037649960262453,490.6971227472479,757.228515625,512.8157078136097,0.7940464886752042,1.254311756654219,0.7981603579087692,2.0329472130320436e-05,0.016930865678361637
t02_s00_o000378,2,0.004,0,0.0061359405517578125,o000378,0.04307132240121064,1387.0075366450292,0.032683038274982854,532.5039921180875,823.068115234375,321.99955240885424,0.8187871259801528,1.2771178226844937,1.073368502598183,2.3563706332871415e-05,0.017784909685203767
t05_s00_o000449,5,0.01,0,0.0061359405517578125,o000449,0.04214249997103527,1961.5573855430746,0.2678131691481874,753.4894379230118,3259.191650390625,454.578509697051,0.8700265351890912,0.48360763265800155,1.2607125638906929,0.00013653088669340202,0.03194337258946576
t01_s01_o000261,1,0.002,1,0.012271881103515625,o000261,0.04206958815084346,1263.266573971265,0.34086411098838865,527.5951550627408,1739.759521484375,208.0762638457834,0.6517965891589856,0.29053258242672436,0.8586534343353689,0.00026982753918425306,0.04008659986902235
t07_s00_o000146,7,0.014,0,0.0061359405517578125,o000146,0.04022426618345667,1867.2985923596027,0.961971183681424,752.0630082066284,3318.658935546875,363.1725759463459,1.168946202881133,0.8588610815894977,0.5978607331690767,0.0005151673051206201,0.04973016435327431
t04_s00_o000265,4,0.008,0,0.0061359405517578125,o000265,0.04020824809079797,1418.8928089309647,0.2235513990668245,597.4269707643391,1519.4970703125,224.03886740228654,0.3034951358247013,1.1226072115632446,0.834946761033402,0.00015755340900998338,0.03350526560650673
t04_s00_o000326,4,0.008,0,0.0061359405517578125,o000326,0.04020824809079797,2040.4303560572744,0.21353221638600856,817.7694732463913,2205.440185546875,404.8914095644918,0.4332001119786278,1.3090954669000823,0.9458288230643367,0.00010465057812539952,0.029233737358316123
t08_s00_o000364,8,0.016,0,0.0061359405517578125,o000364,0.040108016538972946,1977.2543274723048,0.3147206115595301,748.0422148905229,2873.641845703125,481.16989769125894,1.1626494148819124,1.3007748691021792,1.1181571667010968,0.00015917052611125887,0.033619507532441646
t05_s00_o000082,5,0.01,0,0.0061359405517578125,o000082,0.039946146353801226,2232.464074131405,1.0062020041059003,833.049972823557,3652.126953125,566.3641284842911,1.0188995040666746,0.5010619747644813,0.39357765682656476,0.0004507136377983542,0.04756315957283055
t03_s00_o000378,3,0.006,0,0.0061359405517578125,o000378,0.03976046672470735,2365.369501678037,0.5043640503793014,794.7381423503839,4168.95654296875,775.8932169772693,0.7136105509517252,0.953105019334853,1.1263406367110793,0.00021322844063961094,0.037061145670494296
t07_s01_o000019,7,0.014,1,0.012271881103515625,o000019,0.03967620713267612,1228.0136222839355,0.689938189800185,515.8367283469752,1248.66748046875,196.3401655899852,1.1486319240770841,1.132161767859208,0.2387365290993138,0.0005618326843288557,0.05118854639737108
t05_s00_o000061,5,0.01,0,0.0061359405517578125,o000061,0.03948082319947699,2086.0291319668886,0.3378172459324038,746.9453526386691,2690.843505859375,592.1384266895504,0.7532764222584506,0.4734915380981271,0.3271743023446555,0.00016194272685630257,0.033813563821776804
t01_s00_o000184,1,0.002,0,0.0061359405517578125,o000184,0.03901008128677128,2399.880651855469,0.1469193330615638,940.6690146392247,3262.613525390625,518.5426225770195,0.9576235069418854,0.7765322199407614,0.613709827639022,6.121943311971495e-05,0.02444932638463187
t06_s00_o000197,6,0.012,0,0.0061359405517578125,o000197,0.03873085668717762,1437.6630657342253,0.0953196507083095,575.2261872507554,1321.755126953125,287.21069123271445,0.6612491474749735,0.49848637597486123,0.6075222533754355,6.630180115229506e-05,0.025108006886616425
t06_s00_o000215,6,0.012,0,0.0061359405517578125,o000215,0.03873085668717762,1480.026025390625,0.035900630939879566,596.0373625255767,916.0928344726562,287.9513003394716,0.6827256520589192,0.6162237439836775,0.6661878313337053,2.425675651913234e-05,0.017957589510593917
t06_s00_o000209,6,0.012,0,0.0061359405517578125,o000209,0.03873085668717762,1250.6440883538662,0.02253573707787403,490.9350828513121,705.2841796875,268.77392265124206,0.5657651852338742,0.6621309182582757,0.6473417282104492,1.8019304842784023e-05,0.01626359213737271
t05_s01_o000203,5,0.01,1,0.012271881103515625,o000203,0.038064851100832735,747.9889082475142,0.0608248786560266,338.4769030484286,535.4072265625,71.03510215065705,1.3914639733054421,1.2271881103515625,0.6624026732011274,8.131788852128174e-05,0.026876073988563547
t06_s01_o000170,6,0.012,1,0.012271881103515625,o000170,0.03794271638167058,1075.9449948041868,0.5428578639524407,448.5864545661451,1245.5577392578125,178.77208567189655,1.137430313305977,0.8404328098227253,0.6199435174683512,0.0005045405355979526,0.04938584452742971
t01_s00_o000354,1,0.002,0,0.0061359405517578125,o000354,0.03742604464561363,2850.327656127419,0.47212540700312117,1037.7625235287549,3554.388916015625,774.8026090699091,1.333544413248698,1.2713292280167883,1.0617059869912544,0.00016563899451636083,0.034068890631021795
t01_s00_o000353,1,0.002,0,0.0061359405517578125,o000353,0.03742604464561363,1851.8600985201958,0.7567970612010014,727.1480185000353,1962.069091796875,397.5640615201253,1.130851415674049,1.2148156400586738,1.1306883918154098,0.0004086685931651915,0.04603564345695681
t01_s00_o000351,1,0.002,0,0.0061359405517578125,o000351,0.03742604464561363,1288.9330074912623,0.04526029321993006,510.7304183558414,757.9868774414062,267.4721707795795,1.2772444674843235,1.3494225050273696,1.0250653844130666,3.511454277055348e-05,0.02031418809997746
t08_s00_o000023,8,0.016,0,0.0061359405517578125,o000023,0.03555099323987687,1977.0274964418434,0.9385728031366116,815.4606215428262,2755.807373046875,346.106253356191,1.1478030731498179,1.128287497750164,0.23729219831109336,0.0004747393775887329,0.04839370605715722
t00_s00_o000354,0,0.0,0,0.0061359405517578125,o000354,0.03520580592419486,2230.7786416599893,0.6029562057126452,887.3522154457548,3777.009033203125,456.0742107684796,0.9727143980499007,0.9727930639544105,1.1878866244585087,0.00027028957264176035,0.04010946730117468
t08_s01_o000248,8,0.016,1,0.012271881103515625,o000248,0.03475213400477433,1443.7733058699641,0.6644032860783479,532.0618615820705,1573.125244140625,379.64958270582315,1.1601240050840569,0.543129308156699,0.8999995534199787,0.0004601853236772535,0.0478940303290095
t02_s01_o000310,2,0.004,1,0.012271881103515625,o000310,0.034556237915973724,1142.977922242853,0.4710598848113731,451.7770816820085,1318.932373046875,239.4237588788361,0.829576411054808,1.1564597014354483,1.0539922457639412,0.0004121338440964961,0.04616539511117727
t02_s01_o000384,2,0.004,1,0.012271881103515625,o000384,0.034556237915973724,1078.8663872612847,0.07178002086164001,474.4661933051215,1026.5538330078125,129.93400065104163,0.9445939593844944,1.287865744696723,1.170941988627116,6.65328178810487e-05,0.025137134530932845
t02_s01_o000366,2,0.004,1,0.012271881103515625,o000366,0.034556237915973724,970.9581563313802,0.05383381848776211,352.377946472168,597.6177978515625,266.20226338704424,0.8195571263631185,1.2535726547241213,1.1267632166544597,5.544401490087392e-05,0.02365494925643722
t04_s00_o000188,4,0.008,0,0.0061359405517578125,o000188,0.03442403206449593,2352.7033087938353,0.14457467668536167,911.4493551612796,3374.58837890625,529.804598471276,0.9596980102080152,0.7772345148531118,0.6075273169610734,6.145044984846859e-05,0.024480041651080593
t06_s00_o000061,6,0.012,0,0.0061359405517578125,o000061,0.03428311994401684,2086.558244576214,0.3350107527110764,750.2978649990164,2717.79736328125,585.9625145781811,0.7536612448932455,0.4723791355709378,0.3263614078219846,0.00016055662648378072,0.03371681489864559
t01_s00_o000305,1,0.002,0,0.0061359405517578125,o000305,0.03340172907394988,1621.3812866825592,0.3719442375053923,722.9289536336878,1665.9984130859375,175.52337941518363,1.2269471217498318,1.1538596042813611,0.9736433845512336,0.00022939961165236583,0.03797531249813154
t01_s00_o000137,1,0.002,0,0.0061359405517578125,o000137,0.03316561483423241,1909.4787359292616,1.0719253208136093,758.2059679447378,3020.783935546875,393.0668000397859,1.1589806921688126,0.8733513969452783,0.608887309007684,0.0005613706508713484,0.051174510601110196
t08_s00_o000224,8,0.016,0,0.0061359405517578125,o000224,0.032097559347271515,1688.6515510110294,0.3315907437214311,655.5391732249541,2259.66357421875,377.5732045611212,0.7785642309749828,0.9059607943366556,0.7157755122465246,0.00019636421944059512,0.03605713772614635
t06_s01_o000300,6,0.012,1,0.012271881103515625,o000300,0.03146553829520111,1529.1712549994973,0.7687027708901671,565.5247548047234,2327.801513671875,398.12174539005036,0.7268382521236644,0.9694786071777344,1.059983730316162,0.0005026924017679235,0.049325470574175315
t03_s00_o000137,3,0.006,0,0.0061359405517578125,o000137,0.03104403696375342,1894.6288328776843,1.0675282396687324,754.2348144205929,3265.91064453125,386.1592040364985,1.1593606838587611,0.8746344256273983,0.6055813570792873,0.0005634498014301312,0.051237611171319544
t02_s00_o000023,2,0.004,0,0.0061359405517578125,o000023,0.027977042362872726,1963.138512005671,0.944677654749791,816.7266799699671,2691.59228515625,329.6851520657367,1.1404571945256359,1.1381742593707571,0.2503628705592895,0.00048120784599383487,0.048612508284555954
t00_s01_o000211,0,0.0,1,0.012271881103515625,o000211,0.027913238134104915,1088.7720454572195,0.3340246107663173,440.80828508124296,1005.6463623046875,207.1554752947336,1.148418897605804,0.5857605417090727,0.7427075512437936,0.0003067902157848357,0.04183928927291051
t08_s00_o000141,8,0.016,0,0.0061359405517578125,o000141,0.027711549195761475,1886.0094048359672,1.0299941454174002,751.9448960073506,3144.802490234375,382.11961282126595,1.1619587017194875,0.8779041069211493,0.5956508415402898,0.0005461235467736081,0.050706943251930085
t08_s00_o000200,8,0.016,0,0.0061359405517578125,o000200,0.027677670893907512,1833.6095878209578,0.33845199654297853,758.3221885098683,2425.528076171875,316.96521080122125,0.48298069234186775,0.7470488422952396,0.6871331874957222,0.00018458236627415942,0.03532107123657677
t08_s00_o000258,8,0.016,0,0.0061359405517578125,o000258,0.027445610700891993,2219.92810079354,0.15077511520660056,862.5814817259911,2419.77392578125,494.7651373415579,0.8669624847619711,1.1048449691461055,0.7826454785405373,6.791891825357055e-05,0.02531049955779006
t06_s00_o000220,6,0.012,0,0.0061359405517578125,o000220,0.027360545462639108,2230.235668861703,0.6017790023298999,836.8301441767444,5269.115234375,556.575380508214,0.9955826213915053,0.7649069795869802,0.7055018291081467,0.00026982753918425306,0.04008659986902235
t02_s00_o000190,2,0.004,0,0.0061359405517578125,o000190,0.02524026335786636,1610.8251806534013,0.08521721211673614,491.41883910066696,805.21923828125,627.9875024520674,0.5574595772022763,0.6378698723805524,0.6300190838143295,5.290283088458386e-05,0.023287887850460706
t02_s00_o000193,2,0.004,0,0.0061359405517578125,o000193,0.02524026335786636,1835.534975166555,0.3455920176628371,757.010896572745,2372.943359375,321.51318202106495,0.4888575360818875,0.7679562504306161,0.688392299815921,0.00018827863393421768,0.035555283275870764
t01_s00_o000364,1,0.002,0,0.0061359405517578125,o000364,0.02509021159571544,2794.3506252757734,0.3886161277460246,1009.9389648944436,4240.84814453125,774.4726954868861,0.33946428584101984,0.2361419779121678,1.1229076987485156,0.00013907207070969207,0.03214033782345289
t07_s01_o000161,7,0.014,1,0.012271881103515625,o000161,0.024439491385127358,1092.5298448450426,0.5492064517082913,450.3161772559671,1213.421142578125,191.8974903331084,1.1393900198094984,0.8405787383808809,0.6182862450094784,0.0005026924017679235,0.049325470574175315
t03_s01_o000175,3,0.006,1,0.012271881103515625,o000175,0.02370199733058539,973.1450500488281,0.017985022885206307,300.35143127441404,354.2554626464844,372.44218750000005,0.5737104415893555,0.9823640823364257,0.5688016891479493,1.8481338300291306e-05,0.01640142576114291
t03_s01_o000032,3,0.006,1,0.012271881103515625,o000032,0.02370199733058539,889.8595504760742,0.03946990894102434,342.2913875579834,490.23773193359375,205.27677536010742,0.8580090204874675,0.971523920694987,0.2265184720357259,4.4355211920699134e-05,0.02195930966567118
t03_s01_o000044,3,0.006,1,0.012271881103515625,o000044,0.02370199733058539,1192.837240231265,0.34611008861022774,388.1448568356265,772.4655151367188,416.547526560012,0.7636901041504683,0.648396953655656,0.23748434880736527,0.0002901570113145735,0.04106906541580205
t02_s01_o000188,2,0.004,1,0.012271881103515625,o000188,0.022828135100942958,1530.5533850363854,2.7240067924379456,607.9085949890834,4975.73681640625,314.7361950582185,0.8656677957140645,1.2617067582634502,0.9914067893260984,0.0017797528783180527,0.07517793026082419
t03_s00_o000306,3,0.006,0,0.0061359405517578125,o000306,0.022431457765169655,1779.712407263172,0.4386899421242361,687.2207715392894,2225.7353515625,405.27086418459317,0.8320611419248716,1.1495256200502606,1.0404128402667059,0.0002464948495801353,0.03889613181910288
t07_s00_o000156,7,0.014,0,0.0061359405517578125,o000156,0.022087636184705873,1906.2163502878957,0.16954162823298274,776.8400426294896,2369.6943359375,352.53626502891643,1.3136331533456778,0.9123585787686435,0.4855839915089793,8.894144057015191e-05,0.02769099216140852
t01_s00_o000010,1,0.002,0,0.0061359405517578125,o000010,0.021004983522080436,1114.2945321066338,0.16140276490244063,499.45394994805685,744.1929931640625,115.38663221052013,0.19555741634095114,1.2536988965632243,0.19521489972322942,0.0001448474889285331,0.0325792278583352
t07_s01_o000016,7,0.014,1,0.012271881103515625,o000016,0.020769786871906205,751.3393319447836,0.06665163058553478,323.9428316752116,521.3599243164062,103.45366859436035,0.4151986440022787,0.34616931279500324,0.20325303077697754,8.871042384139827e-05,0.027666996488939073
t01_s00_o000260,1,0.002,0,0.0061359405517578125,o000260,0.019314431014910278,1935.1505937357288,0.214137984549227,844.6236142853356,1992.2723388671875,245.9033651650575,0.7370302204299322,0.8548428410030358,0.8059218452469542,0.00011065701307299419,0.02978265732927339
t00_s01_o000148,0,0.0,1,0.012271881103515625,o000148,0.018920936557280922,1123.8226823286577,0.22846721899822403,443.382177734375,1257.99072265625,237.05832685990777,1.3255305030129172,0.9331649953668768,0.5030913439663973,0.00020329472130320436,0.03647644434973251
t00_s01_o000127,0,0.0,1,0.012271881103515625,o000127,0.018920936557280922,1007.7373962402344,0.18624335737770478,438.33350952148436,1035.1986083984375,131.07037719726566,1.3786231231689454,1.0377102661132813,0.4886663055419922,0.00018481338300291306,0.03533580062578888
t01_s01_o000006,1,0.002,1,0.012271881103515625,o000006,0.018206651255420116,1460.1018802852982,6.46551897786559,561.356822604528,3604.08544921875,337.38823507624215,0.6957070759819426,0.9406478814967288,0.5211656885672491,0.004428128656749797,0.1018694294465628
t01_s01_o000019,1,0.002,1,0.012271881103515625,o000019,0.018206651255420116,1245.456298828125,0.06675132767092672,431.16295755320584,837.688720703125,383.1303837217133,0.9217663797838934,0.8955299443212048,0.17868282055032664,5.3595881070844786e-05,0.023389140810042813
t04_s00_o000143,4,0.008,0,0.0061359405517578125,o000143,0.017401276004392136,1895.5195890416178,1.0382531580895022,756.8253893584755,2949.56787109375,381.8688103246668,1.1614189019237375,0.8741580258437421,0.6036073008150754,0.0005477406638748836,0.050756943087502546
t04_s00_o000204,4,0.008,0,0.0061359405517578125,o000204,0.017259136786003656,2053.457280924259,0.7011380498708657,792.228601169199,5424.72802734375,469.00007858586105,0.9668922127503019,0.7517855661002483,0.701801314244251,0.00034144272509788187,0.04335871654217413
t05_s01_o000094,5,0.01,1,0.012271881103515625,o000094,0.017215576967680942,948.2725883617736,0.09989447508651886,387.21280201694424,760.49169921875,173.84698432788514,0.5292517846090752,0.9757760198492752,0.41471422764292937,0.00010534362831166044,0.029298129058336363
t01_s01_o000394,1,0.002,1,0.012271881103515625,o000394,0.016330464506615627,1049.0335461846714,0.11244775436128042,355.4947709708378,634.7125854492188,338.0440042429958,0.7417082622133453,0.23157885978961812,1.2304676647843986,0.00010719176214168957,0.029468470845528165
t00_s01_o000327,0,0.0,1,0.012271881103515625,o000327,0.015915710162718956,1252.2068487230636,0.9766117441927292,500.66158428463325,1878.448974609375,250.88368015379706,1.1829715340058387,1.231681014689224,1.1126263198129374,0.0007799124762722931,0.057102144605411444
t05_s00_o000049,5,0.01,0,0.0061359405517578125,o000049,0.01572109074084826,1856.921653379418,1.0312678380609008,758.0496090525597,2202.6748046875,340.82243527429864,0.5499349481452522,0.5631971557604494,0.26211492471806025,0.0005553642159237537,0.05099134035604207
t05_s00_o000062,5,0.01,0,0.0061359405517578125,o000062,0.01572109074084826,1404.0789949787197,0.02173250433422284,492.47711819321364,705.1204833984375,419.12475859229244,0.5682613600545855,0.59994845603829,0.2626548880961404,1.547812082649397e-05,0.015460013699413877
t06_s00_o000384,6,0.012,0,0.0061359405517578125,o000384,0.015109232382070917,1452.6293389824,0.029866769340511776,583.0272168791696,900.441162109375,286.5749052240608,1.309437291006024,1.2150541155525807,1.090887498319819,2.0560488859074078e-05,0.01699475634292098
t06_s00_o000358,6,0.012,0,0.0061359405517578125,o000358,0.015109232382070917,1876.426851247213,0.7169858322907166,728.1714157971678,2005.8485107421875,420.0840196528775,1.139689746473836,1.2093701402970929,1.1185070254638376,0.00038210166935852274,0.04501564133849149
t06_s00_o000357,6,0.012,0,0.0061359405517578125,o000357,0.015109232382070917,1330.7035267810948,0.04641963113038321,511.8886033620266,744.7200317382812,306.9263200570416,1.2867595596818735,1.3512885238950616,1.0185254962239045,3.488352604179984e-05,0.020269541388793826
t06_s00_o000359,6,0.012,0,0.0061359405517578125,o000359,0.015109232382070917,2816.929168261207,0.4965281720873862,1024.9543901395984,3415.075439453125,767.0203879820101,1.340071724407951,1.263971586214918,1.0524384534843314,0.00017626576403902833,0.03478241929922349
t05_s01_o000119,5,0.01,1,0.012271881103515625,o000119,0.014880236653335677,1082.0208228945107,0.381946383929175,445.20853148455393,1222.0166015625,191.60375992540287,1.3514971258752633,0.9826981859057362,0.4855906251837446,0.00035299356153556394,0.04384223896966321
t00_s00_o000329,0,0.0,0,0.0061359405517578125,o000329,0.014731633188919496,1473.697917737459,0.07115381427449295,631.0119536915464,1469.4617919921875,211.67401035436615,0.6036415008836956,0.9974573217510606,0.9769063246877571,4.8282496309511036e-05,0.022589174945214993
t07_s00_o000056,7,0.014,0,0.0061359405517578125,o000056,0.014273391832638772,2436.135932725654,5.2823296132326405,903.8418328419134,7345.01708984375,628.4522670418273,0.6037252976039365,0.5721048726574232,0.5526131612264397,0.0021683230160816774,0.08029314272477889
t02_s00_o000018,2,0.004,0,0.0061359405517578125,o000018,0.012406685072632696,3510.247015997759,1.4361495612556217,1426.6787050614446,7593.6455078125,656.8896058748696,0.8777617137355364,0.790975053723689,0.22250493403412674,0.0004091306266226988,0.04605298595001072
t01_s01_o000093,1,0.002,1,0.012271881103515625,o000093,0.011714910149223748,1371.6168371485912,0.6438725955572545,541.4706210639533,1342.1239013671875,288.67559502068457,0.9039883125485398,0.36494351935198927,0.4696410246721403,0.00046942599282739916,0.04821248403428479
t05_s01_o000229,5,0.01,1,0.012271881103515625,o000229,0.011604251687596863,1518.2153424944197,0.196410559501324,659.6719608851841,1917.4620361328125,198.8714207240514,1.2519948414393833,0.18381524767194474,0.7761964797973633,0.00012936936810203914,0.031374798780416636
t01_s00_o000279,1,0.002,0,0.0061359405517578125,o000279,0.01146315783378,2537.953899292146,0.9298873547616437,869.1545399573231,5355.3212890625,799.6448193775,0.7595102808063598,0.8033207415933116,0.8732611787274086,0.00036639253180327513,0.04439008750908793
t06_s00_o000208,6,0.012,0,0.0061359405517578125,o000208,0.01116970897338398,1745.5946743730185,0.2782504842683684,672.7915406158005,1757.4842529296875,400.0115931414175,0.4904661814371745,0.6258926142816958,0.7003153483072917,0.0001594015428400125,0.033635764550223074
t06_s00_o000201,6,0.012,0,0.0061359405517578125,o000201,0.01116970897338398,2223.764920264175,0.049831509047463585,529.1795685758295,961.740234375,1165.405783112516,0.5402157970310486,0.5930987485905284,0.618844396060275,2.2408622689103208e-05,0.017489424471037365
t03_s01_o000058,3,0.006,1,0.012271881103515625,o000058,0.011155008367923554,949.8533109029134,0.08426188979735288,386.7442979812622,593.9166870117188,176.36471494038904,1.3667807579040527,0.6273999214172363,0.3039847215016683,8.871042384139827e-05,0.027666996488939073
t03_s01_o000252,3,0.006,1,0.012271881103515625,o000252,0.011131756181171588,678.4021640353733,0.02256800381493741,295.29451666937933,353.6275329589844,87.81313069661462,0.2757764392428928,0.7141553031073676,0.8539183934529622,3.326640894052435e-05,0.019951356898934475
t00_s00_o000203,0,0.0,0,0.0061359405517578125,o000203,0.01107708942169944,1798.695817958809,0.06939331358924576,661.1229120128883,1258.562255859375,476.4499939330324,0.8135081422543098,0.22581730916828452,0.6609914402761858,3.85797937018581e-05,0.020961567884131012
t00_s00_o000169,0,0.0,0,0.0061359405517578125,o000169,0.01107708942169944,1575.5796485132025,0.046954098061452836,508.3609924316406,737.4080810546875,558.8576636499213,0.760809062987335,0.2983779463657113,0.6022259172543074,2.980115800921973e-05,0.019233050722535967
t00_s00_o000248,0,0.0,0,0.0061359405517578125,o000248,0.01107708942169944,1911.3563142370006,0.24241385047550917,711.5938438874125,1826.9017333984375,488.16862646217555,0.7183409310429474,0.42714640438448104,0.7792979798030333,0.00012682818408574908,0.031168008597949395
t00_s00_o000223,0,0.0,0,0.0061359405517578125,o000223,0.01107708942169944,2092.4533733347225,0.26731562855765206,771.174457515558,2963.322509765625,550.1044583036066,0.7196470746942282,0.4075129993569786,0.7358246539428049,0.00012775225100076365,0.03124352193633494
t06_s00_o000057,6,0.012,0,0.0061359405517578125,o000057,0.011063973487695385,2471.8162788050518,5.116436960853493,919.9851316894803,7245.64892578125,631.8460154260911,0.6150972236480032,0.5708951679723603,0.5394395700522832,0.0020699098896326262,0.07905953883932583
t06_s01_o000003,6,0.012,1,0.012271881103515625,o000003,0.010345463754177324,901.8751575558684,0.215015392599299,368.70285874004514,796.4733276367188,164.46944007577815,0.48262264192566384,0.749274446058643,0.24679323684337526,0.00023840926407375784,0.03846610144507193
t06_s00_o000369,6,0.012,0,0.0061359405517578125,o000369,0.010326607591223816,2714.7649613528915,0.3907182632003056,990.2830795851412,4140.27197265625,734.1988021826091,0.3366198654542191,0.2329293644447388,1.1239900604297033,0.00014392342201351854,0.03250979935199239
t00_s00_o000136,0,0.0,0,0.0061359405517578125,o000136,0.010175970195821438,2466.73001618859,1.4742172108638345,889.8420732908835,4377.9453125,687.0458696068231,0.7826538041700578,0.3702412772280026,0.6249314327704477,0.0005976402772856701,0.0522537042748189
t01_s01_o000184,1,0.002,1,0.012271881103515625,o000184,0.010137204845144663,1551.413178267537,2.5890989187356523,618.9798925321628,4688.26513671875,313.45339320321136,0.8776195680316236,1.2655224499116309,0.9910699151547115,0.001668864848516305,0.07358300493396415
t00_s01_o000281,0,0.0,1,0.012271881103515625,o000281,0.009651972467108583,1364.0193610731603,0.5117407361808476,509.55345867889855,1131.8350830078125,344.9124437153632,0.5656400173168464,0.8691726036259694,0.9396603542008424,0.0003751711674959135,0.04474181679378515
t01_s01_o000302,1,0.002,1,0.012271881103515625,o000302,0.008864937401875548,1775.2697429132024,0.3576220315542457,697.1588007375734,2589.724853515625,380.9521414380556,0.7361158405968902,0.9925868970538497,1.029064782168887,0.00020144658747317523,0.03636557301430335
t04_s01_o000207,4,0.008,1,0.012271881103515625,o000207,0.008848762408507325,1067.2048798489434,0.34121437746963396,430.5920393398042,953.362060546875,206.02080116933496,1.1518011644396478,0.5853084332681115,0.7358340500407137,0.0003197271525950396,0.042419313610551165
t05_s01_o000123,5,0.01,1,0.012271881103515625,o000123,0.008508949844527242,1045.531595559945,0.25699354751178294,439.5588997288754,911.507568359375,166.41379610219406,1.049407306470369,1.3392266940353508,0.5339883001227128,0.00024580179939387437,0.038859643869150674
t02_s01_o000005,2,0.004,1,0.012271881103515625,o000005,0.007889338056948995,897.2667203713919,0.21723323644257314,365.8377407161334,743.2839965820312,165.5912389391251,0.4873857206970681,0.7599901024621861,0.2514096252790844,0.0002421055317338161,0.03866387408055372
t08_s00_o000354,8,0.016,0,0.0061359405517578125,o000354,0.007888000071628631,1100.9967979148582,0.05493931458246528,461.8998917473687,631.1544799804688,177.1970144201208,1.2803662618001301,1.121740835684317,1.080749343942713,4.9899613410786525e-05,0.022838602400474972
t02_s01_o000130,2,0.004,1,0.012271881103515625,o000130,0.007865202569652188,1387.2321923745644,0.7588820604705419,517.1026036030537,1577.8990478515625,353.02698516845703,0.7680290454142803,0.4246651288625356,0.6586185919271933,0.0005470476136886226,0.050735526653277616
t05_s00_o000337,5,0.01,0,0.0061359405517578125,o000337,0.0078122343233811495,1637.669420514788,0.03177963871380461,572.2637176513672,869.4739379882812,493.14198521205367,0.8996457599458241,0.6099417096092588,0.978025095803397,1.940540521530587e-05,0.01667034939019494
t05_s00_o000266,5,0.01,0,0.0061359405517578125,o000266,0.0078122343233811495,2450.8984256102076,2.592623099970201,951.7372782553718,6111.8154296875,547.4238690994639,0.9745974743774974,0.5980954117117867,0.9583966616955248,0.0010578256009629236,0.0632084520408178
t01_s01_o000063,1,0.002,1,0.012271881103515625,o000063,0.0075242394917791645,1138.6016243105576,1.1594627876287673,452.7021746349854,1676.5882568359375,233.19727504058676,1.0150861290102644,0.40917591953450666,0.4000889367936095,0.001018321740346051,0.06241162189970796
t06_s00_o000335,6,0.012,0,0.0061359405517578125,o000335,0.007473042324733743,1493.0112940588663,0.07415577580632983,629.292359959802,1462.6136474609375,234.42657413926236,0.61028350120367,0.9929664168246956,0.9643415406692859,4.9668596682032884e-05,0.02280330311330198
t02_s00_o000010,2,0.004,0,0.0061359405517578125,o000010,0.0072611938725783715,2239.83538009004,10.937634934615266,825.0446451479309,7159.3115234375,589.7460897941783,0.6628293321558786,0.7859777577248888,0.5360942057893702,0.00488323161239447,0.10524615487821998
t06_s01_o000059,6,0.012,1,0.012271881103515625,o000059,0.007235079602179419,967.3047400186229,0.07687147040096584,391.14193654614826,609.176025390625,185.02086692632633,1.3732377651125884,0.6354979359826376,0.3007324351820835,7.946975469125261e-05,0.026670905117255866
t04_s01_o000165,4,0.008,1,0.012271881103515625,o000165,0.00708272814848238,1018.5197386202098,0.615531976857335,423.94493341008456,1213.813720703125,170.62987180004063,1.1206723105287697,0.8205929181626813,0.62529362378135,0.0006043397624195257,0.05244823205386168
t01_s01_o000132,1,0.002,1,0.012271881103515625,o000132,0.007061692488730635,1292.1734975278964,1.2155477635196195,476.7362684388526,1638.2537841796875,338.7009606501912,0.7757383938622615,0.368741095417375,0.6608552632959511,0.0009407001194848275,0.06078375559491574
t06_s00_o000144,6,0.012,0,0.0061359405517578125,o000144,0.0070502089088122725,1897.3329040275132,1.0607238508451,752.4803907536278,3346.599609375,392.37212252025756,1.160549767549373,0.8760069342684155,0.6002978269718895,0.000559060483583812,0.05110421585520648
t07_s00_o000341,7,0.014,0,0.0061359405517578125,o000341,0.006769484540962716,1869.0492445275286,1.6429291491425653,721.8661986101629,2303.6396484375,425.3168473072028,1.0710320516578786,1.2678659291211,0.9953656646487905,0.0008790186529076052,0.05942508713697056
t07_s00_o000132,7,0.014,0,0.0061359405517578125,o000132,0.006604806384741493,1700.1373757701228,0.26197103671313676,732.7038379766416,1862.9822998046875,234.72969981683968,1.3820033180660036,1.0298628857110752,0.4732217660014597,0.00015408815807867876,0.033257802618389724
t07_s01_o000116,7,0.014,1,0.012271881103515625,o000116,0.006557649727878002,1090.0946410462097,0.366664622697275,453.52370100754956,1349.304931640625,183.04723903111062,1.3563462875701568,0.9881898544646881,0.4833570312667679,0.00033636035706530176,0.04314250901366665
t02_s00_o000340,2,0.004,0,0.0061359405517578125,o000340,0.006290469674523871,1465.6490478515625,0.074151089229287,624.9314501339986,1466.8309326171875,215.78614758356525,0.605636945053867,0.9958155209615351,0.9729528383577252,5.059266359704745e-05,0.022943850902803205
t02_s01_o000261,2,0.004,1,0.012271881103515625,o000261,0.005969788523043542,670.7972926089639,0.02355474022168894,293.1553617778577,360.3083190917969,84.48656905324845,0.27757057390714945,0.71612885123805,0.8543489857723838,3.511454277055348e-05,0.02031418809997746
t02_s01_o000056,2,0.004,1,0.012271881103515625,o000056,0.0059170551350741715,964.8045212765958,0.08380513013140782,393.56324216152757,619.33642578125,177.67803695354064,1.366030084325912,0.6284116988486432,0.3051651285049763,8.686229001136914e-05,0.027473514658917425
t04_s01_o000065,4,0.008,1,0.012271881103515625,o000065,0.005670727068311677,961.8790486653646,0.07999565446056135,392.2741224500868,602.7718505859375,177.33080376519104,1.3682465659247505,0.6275703642103406,0.3049562454223633,8.316602235131088e-05,0.027078157320720032
t05_s00_o000193,5,0.01,0,0.0061359405517578125,o000193,0.00564422463745106,1699.6506776467347,0.07656630921690238,501.9000779371995,970.3612670898438,695.8505217723357,0.553682102301182,0.6282259134145883,0.6305858905498798,4.504826210696006e-05,0.02207309050339945
t05_s00_o000219,5,0.01,0,0.0061359405517578125,o000219,0.00564422463745106,1471.1800632850798,0.0346664549740248,594.6026719037225,931.6868286132812,281.97471947763484,0.6826534645230162,0.6163612440520642,0.6671331443038641,2.3563706332871415e-05,0.017784909685203767
t05_s00_o000198,5,0.01,0,0.0061359405517578125,o000198,0.00564422463745106,1439.2813348178206,0.0964244390604783,571.0915404221107,1314.77783203125,297.0982539735992,0.6609042726714036,0.49817489755564726,0.6078178076908506,6.699485133855598e-05,0.025195188165598334
t05_s00_o000201,5,0.01,0,0.0061359405517578125,o000201,0.00564422463745106,1838.8463184192867,0.34621547284694876,755.7915095978719,2198.551025390625,327.26329922354284,0.4867570116476047,0.7606081792913332,0.6891903485257201,0.00018827863393421768,0.035555283275870764
t06_s01_o000020,6,0.012,1,0.012271881103515625,o000020,0.005574598135033815,732.5191908616287,0.07039726188440096,317.76325842050403,568.977783203125,96.9926740206206,0.4155919735248272,0.34786062974196214,0.2039020244891827,9.610295916151479e-05,0.02841511275529534
t05_s00_o000057,5,0.01,0,0.0061359405517578125,o000057,0.005488702112737275,2478.654927251148,5.089364372687598,922.4366797336472,6804.80810546875,633.7815677838535,0.6154262768481896,0.5698927378032145,0.5387622284309806,0.002053276685162364,0.07884720243947978
t06_s01_o000401,6,0.012,1,0.012271881103515625,o000401,0.005482130231016101,1040.691432578891,0.09809018920169695,362.5093703924441,673.7910766601562,315.67269179400273,0.7579089707019282,0.23262433444752414,1.22736857919132,9.425482533148566e-05,0.028231784343451877
t05_s01_o000009,5,0.01,1,0.012271881103515625,o000009,0.005351707572143808,1006.0097851043051,0.0873843137080053,422.7083090924202,874.3611450195312,160.5931669194647,0.6751492885833091,1.1634134941912713,0.17800755196429313,8.686229001136914e-05,0.027473514658917425
t00_s01_o000190,0,0.0,1,0.012271881103515625,o000190,0.005096433173566275,1695.9981950114545,2.0843970405128927,675.7722187701921,4769.85205078125,344.4537574710703,0.8026963613983383,1.2464402005188446,0.9402706074535399,0.0012290089969693718,0.06644905631267023
t06_s01_o000009,6,0.012,1,0.012271881103515625,o000009,0.005050449860393494,992.5353445499501,0.08621389294483196,417.0114625971368,908.3601684570312,158.51241935567646,0.675932600143108,1.1608024556586083,0.17800755196429313,8.686229001136914e-05,0.027473514658917425
t07_s01_o000008,7,0.014,1,0.012271881103515625,o000008,0.005050449860393494,987.5060750325521,0.0821269523082125,422.14405721028646,1009.8441772460938,143.21796061197915,0.673658095465766,1.1574429194132487,0.18087389204237198,8.316602235131088e-05,0.027078157320720032
t04_s00_o000264,4,0.008,0,0.0061359405517578125,o000264,0.004982406583233173,2046.0119694391012,0.34362599530803806,895.3031073443008,3128.259521484375,255.40575475049968,1.1451336206071479,0.7014637623069375,0.8624583510617935,0.00016794916180389724,0.03422654623435602
t04_s00_o000269,4,0.008,0,0.0061359405517578125,o000269,0.004982406583233173,2299.250816734297,0.23955559642200902,876.9584735608154,3392.2578125,545.3338696126664,1.1558424955989728,0.8246377577009857,0.8396306767431966,0.00010418854466789224,0.029190651463365424
t04_s00_o000341,4,0.008,0,0.0061359405517578125,o000341,0.004982406583233173,1980.0758656647247,0.13494204150512026,644.2263549804687,1637.101806640625,691.6231557037872,0.8550589157363115,0.48528009834936114,1.0190237271583686,6.814993498232419e-05,0.025339163794695058
t04_s00_o000304,4,0.008,0,0.0061359405517578125,o000304,0.004982406583233173,2572.530663746579,1.9748509864654704,983.673885091758,6236.04443359375,605.1828935630631,0.9159262304452397,0.5459362165489506,0.9941386992838811,0.0007676685896483501,0.05680175059575723
t05_s00_o000495,5,0.01,0,0.0061359405517578125,o000495,0.004962290012196882,2183.5267079112296,0.0918064778918305,581.7916227906614,976.6837768554688,1019.9434623299067,0.42037935571356133,0.7423476648854686,1.3603582487001524,4.204504463316272e-05,0.021571254506833323
