{
  "meta": {
    "version": "1.0.0",
    "phase": "F",
    "chamber": "XXXV",
    "pipeline": "Omega4b_to_Tau",
    "upstream": "XXXIV (inline)",
    "timestamp": "2026-01-10T01:51:47.327Z"
  },
  "config": {
    "ensemble_size": 100,
    "node_count": 32,
    "generator": "erdos-renyi",
    "seed": 5.125458795456988e+27,
    "omega_keep_fraction": 0.3
  },
  "omega": {
    "mode": "4b",
    "keep_fraction": 0.3,
    "indices": [
      62,
      26,
      35,
      65,
      41,
      12,
      87,
      34,
      6,
      43,
      48,
      17,
      10,
      14,
      40,
      15,
      38,
      93,
      51,
      28,
      42,
      1,
      57,
      54,
      76,
      94,
      13,
      89,
      81,
      2
    ],
    "acceptance_rate": 0.3,
    "V_target": 4.268627427465868
  },
  "tau": {
    "family": "tau_B",
    "params": {
      "lambda": 0.05,
      "mu": 0.02,
      "iterations": 10,
      "epsilon_V": 0.05
    }
  },
  "metrics": {
    "RL_baseline": 0.0022203909219187697,
    "RL_omega": 0.004127047282297203,
    "RL_tau": 0.0006244589697336616,
    "contraction_ratio": 0.15130889641421175,
    "improvement": 0.0035025883125635415
  },
  "invariants": {
    "baseline": {
      "scaled_spectral_radius": 0.2151923783439476,
      "energy_per_node": 6.08625,
      "degree_entropy": 3.399293569036405
    },
    "post_tau": {
      "scaled_spectral_radius": 0.20796943857358402,
      "energy_per_node": 6.075,
      "degree_entropy": 3.419411905259389
    },
    "drifts": {
      "scaled_spectral_radius": 0.033565035276569954,
      "energy_per_node": 0.001848428835489758,
      "degree_entropy": 0.0059183873985579685
    },
    "max_drift": 0.033565035276569954
  },
  "guardrails": {
    "delta": 0.003,
    "drift": 0.05,
    "acceptance_band": [
      0.2,
      0.5
    ]
  },
  "verdict": {
    "pass": true,
    "reason": "PASS — τ is admissible post-Ω4b",
    "details": {
      "RL_baseline": 0.0022203909219187697,
      "RL_omega": 0.004127047282297203,
      "RL_tau": 0.0006244589697336616,
      "contraction_ratio": 0.15130889641421175,
      "accept_rate": 0.3,
      "I_baseline": {
        "scaled_spectral_radius": 0.2151923783439476,
        "energy_per_node": 6.08625,
        "degree_entropy": 3.399293569036405
      },
      "I_tau": {
        "scaled_spectral_radius": 0.20796943857358402,
        "energy_per_node": 6.075,
        "degree_entropy": 3.419411905259389
      },
      "drifts": {
        "scaled_spectral_radius": 0.033565035276569954,
        "energy_per_node": 0.001848428835489758,
        "degree_entropy": 0.0059183873985579685
      },
      "max_drift": 0.033565035276569954
    }
  },
  "reproducibility": {
    "seed": 5.125458795456988e+27,
    "generator": "erdos-renyi",
    "ensemble_size": 100,
    "node_count": 32,
    "signature": "Ω4b→τ:tau_B:n32:M100:seed5.125458795456988e+27"
  }
}