{
  "meta": {
    "version": "1.0.0",
    "phase": "F",
    "chamber": "XXXV",
    "pipeline": "Omega4b_to_Tau",
    "upstream": "XXXIV (inline)",
    "timestamp": "2026-01-10T01:43:44.722Z"
  },
  "config": {
    "ensemble_size": 100,
    "node_count": 32,
    "generator": "erdos-renyi",
    "seed": 5.125458795456987e+23,
    "omega_keep_fraction": 0.3
  },
  "omega": {
    "mode": "4b",
    "keep_fraction": 0.3,
    "indices": [
      44,
      53,
      26,
      97,
      42,
      71,
      72,
      37,
      93,
      73,
      47,
      45,
      27,
      56,
      8,
      98,
      6,
      89,
      16,
      35,
      25,
      81,
      52,
      7,
      58,
      54,
      67,
      22,
      79,
      95
    ],
    "acceptance_rate": 0.3,
    "V_target": 4.365612771673019
  },
  "tau": {
    "family": "tau_B",
    "params": {
      "lambda": 0.05,
      "mu": 0.02,
      "iterations": 10,
      "epsilon_V": 0.05
    }
  },
  "metrics": {
    "RL_baseline": 0.002252722215657523,
    "RL_omega": 0.004043449822668661,
    "RL_tau": 0.000006434258765997122,
    "contraction_ratio": 0.0015912794886002906,
    "improvement": 0.004037015563902664
  },
  "invariants": {
    "baseline": {
      "scaled_spectral_radius": 0.21989169034665487,
      "energy_per_node": 6.231875,
      "degree_entropy": 3.3998302281688644
    },
    "post_tau": {
      "scaled_spectral_radius": 0.21379491913586737,
      "energy_per_node": 6.25,
      "degree_entropy": 3.422632543516356
    },
    "drifts": {
      "scaled_spectral_radius": 0.02772624650424971,
      "energy_per_node": 0.002908434459933871,
      "degree_entropy": 0.006706898232319354
    },
    "max_drift": 0.02772624650424971
  },
  "guardrails": {
    "delta": 0.003,
    "drift": 0.05,
    "acceptance_band": [
      0.2,
      0.5
    ]
  },
  "verdict": {
    "pass": true,
    "reason": "PASS — τ is admissible post-Ω4b",
    "details": {
      "RL_baseline": 0.002252722215657523,
      "RL_omega": 0.004043449822668661,
      "RL_tau": 0.000006434258765997122,
      "contraction_ratio": 0.0015912794886002906,
      "accept_rate": 0.3,
      "I_baseline": {
        "scaled_spectral_radius": 0.21989169034665487,
        "energy_per_node": 6.231875,
        "degree_entropy": 3.3998302281688644
      },
      "I_tau": {
        "scaled_spectral_radius": 0.21379491913586737,
        "energy_per_node": 6.25,
        "degree_entropy": 3.422632543516356
      },
      "drifts": {
        "scaled_spectral_radius": 0.02772624650424971,
        "energy_per_node": 0.002908434459933871,
        "degree_entropy": 0.006706898232319354
      },
      "max_drift": 0.02772624650424971
    }
  },
  "reproducibility": {
    "seed": 5.125458795456987e+23,
    "generator": "erdos-renyi",
    "ensemble_size": 100,
    "node_count": 32,
    "signature": "Ω4b→τ:tau_B:n32:M100:seed5.125458795456987e+23"
  }
}