{
  "meta": {
    "version": "1.0.0",
    "phase": "F",
    "chamber": "XXXV",
    "pipeline": "Omega4b_to_Tau",
    "upstream": "XXXIV (inline)",
    "timestamp": "2026-01-10T01:32:07.050Z"
  },
  "config": {
    "ensemble_size": 100,
    "node_count": 32,
    "generator": "erdos-renyi",
    "seed": 67954975,
    "omega_keep_fraction": 0.3
  },
  "omega": {
    "mode": "4b",
    "keep_fraction": 0.3,
    "indices": [
      39,
      22,
      24,
      23,
      13,
      42,
      98,
      2,
      63,
      1,
      68,
      46,
      67,
      93,
      18,
      26,
      47,
      43,
      84,
      19,
      45,
      79,
      4,
      76,
      65,
      34,
      53,
      33,
      92,
      27
    ],
    "acceptance_rate": 0.3,
    "V_target": 4.334464638414435
  },
  "tau": {
    "family": "tau_B",
    "params": {
      "lambda": 0.05,
      "mu": 0.02,
      "iterations": 10,
      "epsilon_V": 0.05
    }
  },
  "metrics": {
    "RL_baseline": 0.00500834434246211,
    "RL_omega": 0.004898312132284335,
    "RL_tau": 0.001332691812664652,
    "contraction_ratio": 0.27207163951047547,
    "improvement": 0.0035656203196196825
  },
  "invariants": {
    "baseline": {
      "scaled_spectral_radius": 0.21898563847817992,
      "energy_per_node": 6.233125,
      "degree_entropy": 3.402083304618872
    },
    "post_tau": {
      "scaled_spectral_radius": 0.2117788584737837,
      "energy_per_node": 6.204166666666667,
      "degree_entropy": 3.421263173810723
    },
    "drifts": {
      "scaled_spectral_radius": 0.032909829404700094,
      "energy_per_node": 0.004645877201778183,
      "degree_entropy": 0.005637683582236518
    },
    "max_drift": 0.032909829404700094
  },
  "guardrails": {
    "delta": 0.003,
    "drift": 0.05,
    "acceptance_band": [
      0.2,
      0.5
    ]
  },
  "verdict": {
    "pass": true,
    "reason": "PASS — τ is admissible post-Ω4b",
    "details": {
      "RL_baseline": 0.00500834434246211,
      "RL_omega": 0.004898312132284335,
      "RL_tau": 0.001332691812664652,
      "contraction_ratio": 0.27207163951047547,
      "accept_rate": 0.3,
      "I_baseline": {
        "scaled_spectral_radius": 0.21898563847817992,
        "energy_per_node": 6.233125,
        "degree_entropy": 3.402083304618872
      },
      "I_tau": {
        "scaled_spectral_radius": 0.2117788584737837,
        "energy_per_node": 6.204166666666667,
        "degree_entropy": 3.421263173810723
      },
      "drifts": {
        "scaled_spectral_radius": 0.032909829404700094,
        "energy_per_node": 0.004645877201778183,
        "degree_entropy": 0.005637683582236518
      },
      "max_drift": 0.032909829404700094
    }
  },
  "reproducibility": {
    "seed": 67954975,
    "generator": "erdos-renyi",
    "ensemble_size": 100,
    "node_count": 32,
    "signature": "Ω4b→τ:tau_B:n32:M100:seed67954975"
  }
}