{
  "meta": {
    "version": "1.0.0",
    "phase": "F",
    "chamber": "XXXV",
    "pipeline": "Omega4b_to_Tau",
    "upstream": "XXXIV (inline)",
    "timestamp": "2026-01-10T01:06:07.054Z"
  },
  "config": {
    "ensemble_size": 100,
    "node_count": 32,
    "generator": "erdos-renyi",
    "seed": 312254,
    "omega_keep_fraction": 0.3
  },
  "omega": {
    "mode": "4b",
    "keep_fraction": 0.3,
    "indices": [
      83,
      92,
      21,
      35,
      61,
      25,
      9,
      13,
      55,
      0,
      3,
      29,
      22,
      59,
      84,
      50,
      20,
      11,
      28,
      77,
      46,
      16,
      63,
      70,
      34,
      37,
      15,
      88,
      80,
      64
    ],
    "acceptance_rate": 0.3,
    "V_target": 4.36744968755483
  },
  "tau": {
    "family": "tau_E",
    "params": {
      "lambda": 0.05,
      "mu": 0.02,
      "iterations": 10,
      "epsilon_V": 0.05
    }
  },
  "metrics": {
    "RL_baseline": 0.0024050740571997333,
    "RL_omega": 0.004838585437534836,
    "RL_tau": 0.0011214123430299417,
    "contraction_ratio": 0.23176450173447372,
    "improvement": 0.003717173094504894
  },
  "invariants": {
    "baseline": {
      "scaled_spectral_radius": 0.218926549841245,
      "energy_per_node": 6.234375,
      "degree_entropy": 3.4027719925797397
    },
    "post_tau": {
      "scaled_spectral_radius": 0.21546154674866483,
      "energy_per_node": 6.2625,
      "degree_entropy": 3.418786175977833
    },
    "drifts": {
      "scaled_spectral_radius": 0.01582724020952604,
      "energy_per_node": 0.004511278195488751,
      "degree_entropy": 0.00470621699985033
    },
    "max_drift": 0.01582724020952604
  },
  "guardrails": {
    "delta": 0.002,
    "drift": 0.05,
    "acceptance_band": [
      0.2,
      0.5
    ]
  },
  "verdict": {
    "pass": true,
    "reason": "PASS — τ is admissible post-Ω4b",
    "details": {
      "RL_baseline": 0.0024050740571997333,
      "RL_omega": 0.004838585437534836,
      "RL_tau": 0.0011214123430299417,
      "contraction_ratio": 0.23176450173447372,
      "accept_rate": 0.3,
      "I_baseline": {
        "scaled_spectral_radius": 0.218926549841245,
        "energy_per_node": 6.234375,
        "degree_entropy": 3.4027719925797397
      },
      "I_tau": {
        "scaled_spectral_radius": 0.21546154674866483,
        "energy_per_node": 6.2625,
        "degree_entropy": 3.418786175977833
      },
      "drifts": {
        "scaled_spectral_radius": 0.01582724020952604,
        "energy_per_node": 0.004511278195488751,
        "degree_entropy": 0.00470621699985033
      },
      "max_drift": 0.01582724020952604
    }
  },
  "reproducibility": {
    "seed": 312254,
    "generator": "erdos-renyi",
    "ensemble_size": 100,
    "node_count": 32,
    "signature": "Ω4b→τ:tau_E:n32:M100:seed312254"
  }
}