{
  "meta": {
    "version": "1.0.0",
    "phase": "F",
    "chamber": "XXXV",
    "pipeline": "Omega4b_to_Tau",
    "upstream": "XXXIV (inline)",
    "timestamp": "2026-01-10T01:53:14.055Z"
  },
  "config": {
    "ensemble_size": 100,
    "node_count": 32,
    "generator": "erdos-renyi",
    "seed": 5.125458795456988e+27,
    "omega_keep_fraction": 0.3
  },
  "omega": {
    "mode": "4b",
    "keep_fraction": 0.3,
    "indices": [
      62,
      26,
      35,
      65,
      41,
      12,
      87,
      34,
      6,
      43,
      48,
      17,
      10,
      14,
      40,
      15,
      38,
      93,
      51,
      28,
      42,
      1,
      57,
      54,
      76,
      94,
      13,
      89,
      81,
      2
    ],
    "acceptance_rate": 0.3,
    "V_target": 4.268627427465868
  },
  "tau": {
    "family": "tau_E",
    "params": {
      "lambda": 0.05,
      "mu": 0.02,
      "iterations": 10,
      "epsilon_V": 0.05
    }
  },
  "metrics": {
    "RL_baseline": 0.0022203909219187697,
    "RL_omega": 0.004127047282297203,
    "RL_tau": 0.005139680122922581,
    "contraction_ratio": 1.245364971942295,
    "improvement": -0.0010126328406253778
  },
  "invariants": null,
  "guardrails": {
    "delta": 0.003,
    "drift": 0.05,
    "acceptance_band": [
      0.2,
      0.5
    ]
  },
  "verdict": {
    "pass": false,
    "reason": "FAIL (residual) — No contraction beyond Δ",
    "details": {
      "RL_baseline": 0.0022203909219187697,
      "RL_omega": 0.004127047282297203,
      "RL_tau": 0.005139680122922581,
      "contraction_ratio": 1.245364971942295,
      "accept_rate": 0.3,
      "improvement": -0.0010126328406253778
    }
  },
  "reproducibility": {
    "seed": 5.125458795456988e+27,
    "generator": "erdos-renyi",
    "ensemble_size": 100,
    "node_count": 32,
    "signature": "Ω4b→τ:tau_E:n32:M100:seed5.125458795456988e+27"
  }
}