{
  "meta": {
    "version": "1.0.0",
    "phase": "F",
    "chamber": "XXXV",
    "pipeline": "Omega4b_to_Tau",
    "upstream": "XXXIV (inline)",
    "timestamp": "2026-01-10T01:03:20.071Z"
  },
  "config": {
    "ensemble_size": 100,
    "node_count": 32,
    "generator": "erdos-renyi",
    "seed": 312254,
    "omega_keep_fraction": 0.3
  },
  "omega": {
    "mode": "4b",
    "keep_fraction": 0.3,
    "indices": [
      83,
      92,
      21,
      35,
      61,
      25,
      9,
      13,
      55,
      0,
      3,
      29,
      22,
      59,
      84,
      50,
      20,
      11,
      28,
      77,
      46,
      16,
      63,
      70,
      34,
      37,
      15,
      88,
      80,
      64
    ],
    "acceptance_rate": 0.3,
    "V_target": 4.36744968755483
  },
  "tau": {
    "family": "tau_B",
    "params": {
      "lambda": 0.05,
      "mu": 0.02,
      "iterations": 10,
      "epsilon_V": 0.05
    }
  },
  "metrics": {
    "RL_baseline": 0.0024050740571997333,
    "RL_omega": 0.004838585437534836,
    "RL_tau": 0.0024556371301209996,
    "contraction_ratio": 0.5075113712101978,
    "improvement": 0.0023829483074138363
  },
  "invariants": {
    "baseline": {
      "scaled_spectral_radius": 0.218926549841245,
      "energy_per_node": 6.234375,
      "degree_entropy": 3.4027719925797397
    },
    "post_tau": {
      "scaled_spectral_radius": 0.2152007037292972,
      "energy_per_node": 6.275,
      "degree_entropy": 3.418246184807424
    },
    "drifts": {
      "scaled_spectral_radius": 0.017018703828519628,
      "energy_per_node": 0.0065162907268171,
      "degree_entropy": 0.004547525447320016
    },
    "max_drift": 0.017018703828519628
  },
  "guardrails": {
    "delta": 0.002,
    "drift": 0.05,
    "acceptance_band": [
      0.2,
      0.5
    ]
  },
  "verdict": {
    "pass": true,
    "reason": "PASS — τ is admissible post-Ω4b",
    "details": {
      "RL_baseline": 0.0024050740571997333,
      "RL_omega": 0.004838585437534836,
      "RL_tau": 0.0024556371301209996,
      "contraction_ratio": 0.5075113712101978,
      "accept_rate": 0.3,
      "I_baseline": {
        "scaled_spectral_radius": 0.218926549841245,
        "energy_per_node": 6.234375,
        "degree_entropy": 3.4027719925797397
      },
      "I_tau": {
        "scaled_spectral_radius": 0.2152007037292972,
        "energy_per_node": 6.275,
        "degree_entropy": 3.418246184807424
      },
      "drifts": {
        "scaled_spectral_radius": 0.017018703828519628,
        "energy_per_node": 0.0065162907268171,
        "degree_entropy": 0.004547525447320016
      },
      "max_drift": 0.017018703828519628
    }
  },
  "reproducibility": {
    "seed": 312254,
    "generator": "erdos-renyi",
    "ensemble_size": 100,
    "node_count": 32,
    "signature": "Ω4b→τ:tau_B:n32:M100:seed312254"
  }
}