{
  "meta": {
    "version": "1.0.0",
    "phase": "F",
    "chamber": "XXXV",
    "pipeline": "Omega4b_to_Tau",
    "upstream": "XXXIV (inline)",
    "timestamp": "2026-01-10T01:15:14.848Z"
  },
  "config": {
    "ensemble_size": 100,
    "node_count": 32,
    "generator": "erdos-renyi",
    "seed": 67954975,
    "omega_keep_fraction": 0.3
  },
  "omega": {
    "mode": "4b",
    "keep_fraction": 0.3,
    "indices": [
      39,
      22,
      24,
      23,
      13,
      42,
      98,
      2,
      63,
      1,
      68,
      46,
      67,
      93,
      18,
      26,
      47,
      43,
      84,
      19,
      45,
      79,
      4,
      76,
      65,
      34,
      53,
      33,
      92,
      27
    ],
    "acceptance_rate": 0.3,
    "V_target": 4.334464638414435
  },
  "tau": {
    "family": "tau_E",
    "params": {
      "lambda": 0.05,
      "mu": 0.02,
      "iterations": 10,
      "epsilon_V": 0.05
    }
  },
  "metrics": {
    "RL_baseline": 0.00500834434246211,
    "RL_omega": 0.004898312132284335,
    "RL_tau": 0.0013435569014445443,
    "contraction_ratio": 0.27428976863056187,
    "improvement": 0.0035547552308397906
  },
  "invariants": {
    "baseline": {
      "scaled_spectral_radius": 0.21898563847817992,
      "energy_per_node": 6.233125,
      "degree_entropy": 3.402083304618872
    },
    "post_tau": {
      "scaled_spectral_radius": 0.21175260740164423,
      "energy_per_node": 6.18125,
      "degree_entropy": 3.42087810377927
    },
    "drifts": {
      "scaled_spectral_radius": 0.03302970517519306,
      "energy_per_node": 0.008322470670811172,
      "degree_entropy": 0.005524497044173231
    },
    "max_drift": 0.03302970517519306
  },
  "guardrails": {
    "delta": 0.002,
    "drift": 0.05,
    "acceptance_band": [
      0.2,
      0.5
    ]
  },
  "verdict": {
    "pass": true,
    "reason": "PASS — τ is admissible post-Ω4b",
    "details": {
      "RL_baseline": 0.00500834434246211,
      "RL_omega": 0.004898312132284335,
      "RL_tau": 0.0013435569014445443,
      "contraction_ratio": 0.27428976863056187,
      "accept_rate": 0.3,
      "I_baseline": {
        "scaled_spectral_radius": 0.21898563847817992,
        "energy_per_node": 6.233125,
        "degree_entropy": 3.402083304618872
      },
      "I_tau": {
        "scaled_spectral_radius": 0.21175260740164423,
        "energy_per_node": 6.18125,
        "degree_entropy": 3.42087810377927
      },
      "drifts": {
        "scaled_spectral_radius": 0.03302970517519306,
        "energy_per_node": 0.008322470670811172,
        "degree_entropy": 0.005524497044173231
      },
      "max_drift": 0.03302970517519306
    }
  },
  "reproducibility": {
    "seed": 67954975,
    "generator": "erdos-renyi",
    "ensemble_size": 100,
    "node_count": 32,
    "signature": "Ω4b→τ:tau_E:n32:M100:seed67954975"
  }
}