index,ell,gap,normalized_gap,domain,observable,source
1,2.0,711.025,0.3744294726193593,cosmology,cmb_power_spectrum_transition,planck_TT
2,3.0,-244.6819999999999,-0.12885081708723328,cosmology,cmb_power_spectrum_transition,planck_TT
3,4.0,809.4669999999999,0.42626954314232957,cosmology,cmb_power_spectrum_transition,planck_TT
4,5.0,-944.0939999999999,-0.49716482335093903,cosmology,cmb_power_spectrum_transition,planck_TT
5,6.0,595.032,0.31334695397720563,cosmology,cmb_power_spectrum_transition,planck_TT
6,7.0,-536.797,-0.2826800993124774,cosmology,cmb_power_spectrum_transition,planck_TT
7,8.0,81.97500000000002,0.043168462456273676,cosmology,cmb_power_spectrum_transition,planck_TT
8,9.0,105.83699999999999,0.05573431608398457,cosmology,cmb_power_spectrum_transition,planck_TT
9,10.0,65.92200000000003,0.03471486894836808,cosmology,cmb_power_spectrum_transition,planck_TT
10,11.0,-105.50600000000009,-0.05556000975799467,cosmology,cmb_power_spectrum_transition,planck_TT
11,12.0,-165.0709999999999,-0.08692724935796946,cosmology,cmb_power_spectrum_transition,planck_TT
12,13.0,209.13599999999997,0.11013210813364133,cosmology,cmb_power_spectrum_transition,planck_TT
13,14.0,213.97199999999998,0.11267877095082388,cosmology,cmb_power_spectrum_transition,planck_TT
14,15.0,-400.81899999999996,-0.21107337545911745,cosmology,cmb_power_spectrum_transition,planck_TT
15,16.0,414.0859999999999,0.21805984683950633,cosmology,cmb_power_spectrum_transition,planck_TT
16,17.0,-360.78499999999997,-0.18999126230297886,cosmology,cmb_power_spectrum_transition,planck_TT
17,18.0,277.0490000000001,0.14589544806402155,cosmology,cmb_power_spectrum_transition,planck_TT
18,19.0,-291.779,-0.15365234287318175,cosmology,cmb_power_spectrum_transition,planck_TT
19,20.0,-57.93900000000008,-0.03051097952124481,cosmology,cmb_power_spectrum_transition,planck_TT
20,21.0,3.370999999999981,0.0017751861779822836,cosmology,cmb_power_spectrum_transition,planck_TT
21,22.0,143.22400000000005,0.075422505237418,cosmology,cmb_power_spectrum_transition,planck_TT
22,23.0,101.97699999999998,0.05370161995612587,cosmology,cmb_power_spectrum_transition,planck_TT
23,24.0,-36.22799999999995,-0.0190778537098613,cosmology,cmb_power_spectrum_transition,planck_TT
24,25.0,9.534999999999968,0.005021180719982531,cosmology,cmb_power_spectrum_transition,planck_TT
25,26.0,180.21900000000005,0.09490426514677872,cosmology,cmb_power_spectrum_transition,planck_TT
26,27.0,145.86699999999985,0.07681432281926519,cosmology,cmb_power_spectrum_transition,planck_TT
27,28.0,-170.3219999999999,-0.08969245333915753,cosmology,cmb_power_spectrum_transition,planck_TT
28,29.0,123.23865,0.06489811571438671,cosmology,cmb_power_spectrum_transition,planck_TT
29,30.0,-338.569754,-0.1782925979186192,cosmology,cmb_power_spectrum_transition,planck_TT
30,31.0,779.6151839999999,0.41054942117529586,cosmology,cmb_power_spectrum_transition,planck_TT
31,32.0,-466.5836999999999,-0.24570540940724916,cosmology,cmb_power_spectrum_transition,planck_TT
32,33.0,-98.10797100000002,-0.05166416910978574,cosmology,cmb_power_spectrum_transition,planck_TT
33,34.0,-239.24785399999996,-0.1259891674674357,cosmology,cmb_power_spectrum_transition,planck_TT
34,35.0,382.6047050000001,0.20148163273420144,cosmology,cmb_power_spectrum_transition,planck_TT
35,36.0,401.2042299999998,0.2112762395858881,cosmology,cmb_power_spectrum_transition,planck_TT
36,37.0,-237.80782999999997,-0.1252308433200721,cosmology,cmb_power_spectrum_transition,planck_TT
37,38.0,-42.08116999999993,-0.022160163553047472,cosmology,cmb_power_spectrum_transition,planck_TT
38,39.0,471.2394999999999,0.248157177964784,cosmology,cmb_power_spectrum_transition,planck_TT
39,40.0,-287.9831999999999,-0.15165345480009204,cosmology,cmb_power_spectrum_transition,planck_TT
40,41.0,-36.00021000000015,-0.01895789830805702,cosmology,cmb_power_spectrum_transition,planck_TT
41,42.0,-155.9360099999999,-0.0821167159898275,cosmology,cmb_power_spectrum_transition,planck_TT
42,43.0,164.56805000000008,0.08666239326535127,cosmology,cmb_power_spectrum_transition,planck_TT
43,44.0,-349.49486,-0.18404581570686943,cosmology,cmb_power_spectrum_transition,planck_TT
44,45.0,98.75351999999998,0.052004118579382363,cosmology,cmb_power_spectrum_transition,planck_TT
45,46.0,790.3546200000001,0.4162048641733753,cosmology,cmb_power_spectrum_transition,planck_TT
46,47.0,-955.0049100000001,-0.5029105654515647,cosmology,cmb_power_spectrum_transition,planck_TT
47,48.0,735.73811,0.3874435252111588,cosmology,cmb_power_spectrum_transition,planck_TT
48,49.0,-12.75908000000004,-0.0067189980598547595,cosmology,cmb_power_spectrum_transition,planck_TT
49,50.0,-667.8785,-0.35170830073317927,cosmology,cmb_power_spectrum_transition,planck_TT
50,51.0,564.1819800000001,0.297101172578666,cosmology,cmb_power_spectrum_transition,planck_TT
51,52.0,-485.05620999999996,-0.2554331294976199,cosmology,cmb_power_spectrum_transition,planck_TT
52,53.0,55.30842000000007,0.029125702376161248,cosmology,cmb_power_spectrum_transition,planck_TT
53,54.0,435.1982499999999,0.22917766777872517,cosmology,cmb_power_spectrum_transition,planck_TT
54,55.0,-85.76648,-0.04516507559483679,cosmology,cmb_power_spectrum_transition,planck_TT
55,56.0,192.42489999999998,0.10133195573409226,cosmology,cmb_power_spectrum_transition,planck_TT
56,57.0,26.899200000000064,0.014165258985102767,cosmology,cmb_power_spectrum_transition,planck_TT
57,58.0,-275.47533,-0.14506674523616464,cosmology,cmb_power_spectrum_transition,planck_TT
58,59.0,323.30835,0.17025586299206813,cosmology,cmb_power_spectrum_transition,planck_TT
59,60.0,-431.29745,-0.22712348615811612,cosmology,cmb_power_spectrum_transition,planck_TT
60,61.0,806.07295,0.4244822187141538,cosmology,cmb_power_spectrum_transition,planck_TT
61,62.0,-423.1212700000001,-0.22281786713566132,cosmology,cmb_power_spectrum_transition,planck_TT
62,63.0,-499.6206299999999,-0.26310282901536797,cosmology,cmb_power_spectrum_transition,planck_TT
63,64.0,610.5763,0.3215326634125097,cosmology,cmb_power_spectrum_transition,planck_TT
64,65.0,-226.44513000000006,-0.11924718624960064,cosmology,cmb_power_spectrum_transition,planck_TT
65,66.0,33.37282000000005,0.017574301033607576,cosmology,cmb_power_spectrum_transition,planck_TT
66,67.0,106.43945000000008,0.05605156939544277,cosmology,cmb_power_spectrum_transition,planck_TT
67,68.0,511.23542,0.26921923799435554,cosmology,cmb_power_spectrum_transition,planck_TT
68,69.0,-416.86318000000006,-0.21952232430903146,cosmology,cmb_power_spectrum_transition,planck_TT
69,70.0,-77.09373000000005,-0.04059796022103203,cosmology,cmb_power_spectrum_transition,planck_TT
70,71.0,-271.80690000000004,-0.14313493086924223,cosmology,cmb_power_spectrum_transition,planck_TT
71,72.0,1189.22684,0.6262530551330646,cosmology,cmb_power_spectrum_transition,planck_TT
72,73.0,-687.43436,-0.3620065185826473,cosmology,cmb_power_spectrum_transition,planck_TT
73,74.0,-133.78341999999998,-0.07045104658178579,cosmology,cmb_power_spectrum_transition,planck_TT
74,75.0,-4.454079999999976,-0.0023455417536717093,cosmology,cmb_power_spectrum_transition,planck_TT
75,76.0,44.00070000000005,0.02317099806038137,cosmology,cmb_power_spectrum_transition,planck_TT
76,77.0,-254.84860000000003,-0.13420460166067588,cosmology,cmb_power_spectrum_transition,planck_TT
77,78.0,-168.13879999999995,-0.08854276883492411,cosmology,cmb_power_spectrum_transition,planck_TT
78,79.0,821.6380899999999,0.43267890260212744,cosmology,cmb_power_spectrum_transition,planck_TT
79,80.0,-272.57088999999996,-0.143537251987046,cosmology,cmb_power_spectrum_transition,planck_TT
80,81.0,775.89347,0.4085895471761256,cosmology,cmb_power_spectrum_transition,planck_TT
81,82.0,-685.59474,-0.3610377650980019,cosmology,cmb_power_spectrum_transition,planck_TT
82,83.0,-593.16668,-0.3123646667385483,cosmology,cmb_power_spectrum_transition,planck_TT
83,84.0,726.0068199999998,0.3823189771536276,cosmology,cmb_power_spectrum_transition,planck_TT
84,85.0,257.25025000000005,0.13546932307401058,cosmology,cmb_power_spectrum_transition,planck_TT
85,86.0,-345.5953599999998,-0.181992318673039,cosmology,cmb_power_spectrum_transition,planck_TT
86,87.0,-405.71936000000005,-0.21365393058790338,cosmology,cmb_power_spectrum_transition,planck_TT
87,88.0,1155.4295900000002,0.6084552470482791,cosmology,cmb_power_spectrum_transition,planck_TT
88,89.0,-674.5386500000004,-0.3552155704523396,cosmology,cmb_power_spectrum_transition,planck_TT
89,90.0,159.01495999999997,0.08373810711492354,cosmology,cmb_power_spectrum_transition,planck_TT
90,91.0,167.49774000000025,0.08820518329613539,cosmology,cmb_power_spectrum_transition,planck_TT
91,92.0,232.57616000000007,0.12247581861767978,cosmology,cmb_power_spectrum_transition,planck_TT
92,93.0,-660.8221000000003,-0.34799236369778513,cosmology,cmb_power_spectrum_transition,planck_TT
93,94.0,4.931810000000041,0.0025971168627810528,cosmology,cmb_power_spectrum_transition,planck_TT
94,95.0,209.29964000000018,0.1102182818109375,cosmology,cmb_power_spectrum_transition,planck_TT
95,96.0,295.3304800000001,0.15552257076027184,cosmology,cmb_power_spectrum_transition,planck_TT
96,97.0,-440.7824700000001,-0.23211834714947943,cosmology,cmb_power_spectrum_transition,planck_TT
97,98.0,791.2888800000001,0.41669685036104714,cosmology,cmb_power_spectrum_transition,planck_TT
98,99.0,-94.74872000000005,-0.04989517001646829,cosmology,cmb_power_spectrum_transition,planck_TT
99,100.0,-136.70397000000003,-0.07198902344090957,cosmology,cmb_power_spectrum_transition,planck_TT
100,101.0,114.37879000000021,0.06023246723890233,cosmology,cmb_power_spectrum_transition,planck_TT
101,102.0,-270.61234000000013,-0.1425058693442436,cosmology,cmb_power_spectrum_transition,planck_TT
102,103.0,403.10433999999987,0.21227684741995692,cosmology,cmb_power_spectrum_transition,planck_TT
103,104.0,-761.7057999999997,-0.40111824617292935,cosmology,cmb_power_spectrum_transition,planck_TT
104,105.0,524.7061899999999,0.27631301571929723,cosmology,cmb_power_spectrum_transition,planck_TT
105,106.0,531.5111899999997,0.2798965642037734,cosmology,cmb_power_spectrum_transition,planck_TT
106,107.0,603.4764700000001,0.31779385591265097,cosmology,cmb_power_spectrum_transition,planck_TT
107,108.0,-893.4219399999997,-0.4704806523269432,cosmology,cmb_power_spectrum_transition,planck_TT
108,109.0,395.56349,0.2083057964884121,cosmology,cmb_power_spectrum_transition,planck_TT
109,110.0,-519.27891,-0.2734549817709022,cosmology,cmb_power_spectrum_transition,planck_TT
110,111.0,129.2540799999997,0.06806587251967282,cosmology,cmb_power_spectrum_transition,planck_TT
111,112.0,-701.4562899999996,-0.36939054003759675,cosmology,cmb_power_spectrum_transition,planck_TT
112,113.0,-128.75003000000015,-0.06780043716131887,cosmology,cmb_power_spectrum_transition,planck_TT
113,114.0,1134.2933899999998,0.5973248139141735,cosmology,cmb_power_spectrum_transition,planck_TT
114,115.0,993.7069700000002,0.5232912720583406,cosmology,cmb_power_spectrum_transition,planck_TT
115,116.0,120.59145999999964,0.0635040916566906,cosmology,cmb_power_spectrum_transition,planck_TT
116,117.0,-1000.7234999999996,-0.5269862133438337,cosmology,cmb_power_spectrum_transition,planck_TT
117,118.0,-321.1081400000003,-0.16909722093313667,cosmology,cmb_power_spectrum_transition,planck_TT
118,119.0,-466.2356399999999,-0.24552211919630032,cosmology,cmb_power_spectrum_transition,planck_TT
119,120.0,1455.53915,0.7664945062569257,cosmology,cmb_power_spectrum_transition,planck_TT
120,121.0,-674.71886,-0.3553104699780392,cosmology,cmb_power_spectrum_transition,planck_TT
121,122.0,665.7218000000003,0.35057257126712943,cosmology,cmb_power_spectrum_transition,planck_TT
122,123.0,-1167.4005000000002,-0.6147591906762441,cosmology,cmb_power_spectrum_transition,planck_TT
123,124.0,322.82015,0.16999877432636332,cosmology,cmb_power_spectrum_transition,planck_TT
124,125.0,52.42605000000003,0.02760783130412598,cosmology,cmb_power_spectrum_transition,planck_TT
125,126.0,392.6133,0.2067522110507314,cosmology,cmb_power_spectrum_transition,planck_TT
126,127.0,87.96121999999968,0.04632083712324507,cosmology,cmb_power_spectrum_transition,planck_TT
127,128.0,-906.6793699999998,-0.47746208409542973,cosmology,cmb_power_spectrum_transition,planck_TT
128,129.0,1134.35014,0.5973546987600948,cosmology,cmb_power_spectrum_transition,planck_TT
129,130.0,-787.0712100000001,-0.41447580334612855,cosmology,cmb_power_spectrum_transition,planck_TT
130,131.0,-353.74559999999974,-0.18628427755623042,cosmology,cmb_power_spectrum_transition,planck_TT
131,132.0,994.10698,0.5235019194101811,cosmology,cmb_power_spectrum_transition,planck_TT
132,133.0,-325.4114900000004,-0.17136338748283123,cosmology,cmb_power_spectrum_transition,planck_TT
133,134.0,752.03287,0.3960244307957149,cosmology,cmb_power_spectrum_transition,planck_TT
134,135.0,357.00414,0.18800024171179344,cosmology,cmb_power_spectrum_transition,planck_TT
135,136.0,-606.32627,-0.31929457545285084,cosmology,cmb_power_spectrum_transition,planck_TT
136,137.0,-116.50702999999976,-0.0613532095205482,cosmology,cmb_power_spectrum_transition,planck_TT
137,138.0,272.65868999999975,0.14358348792487646,cosmology,cmb_power_spectrum_transition,planck_TT
138,139.0,-403.9900399999997,-0.21274326165841392,cosmology,cmb_power_spectrum_transition,planck_TT
139,140.0,389.8468700000003,0.20529539458726212,cosmology,cmb_power_spectrum_transition,planck_TT
140,141.0,310.3571099999999,0.16343567247420057,cosmology,cmb_power_spectrum_transition,planck_TT
141,142.0,239.35027999999966,0.12604310553313297,cosmology,cmb_power_spectrum_transition,planck_TT
142,143.0,-852.2914599999999,-0.4488211270852414,cosmology,cmb_power_spectrum_transition,planck_TT
143,144.0,368.75073999999995,0.1941860625241004,cosmology,cmb_power_spectrum_transition,planck_TT
144,145.0,-29.36164000000008,-0.015461992729425148,cosmology,cmb_power_spectrum_transition,planck_TT
145,146.0,455.3510699999997,0.23979024787702383,cosmology,cmb_power_spectrum_transition,planck_TT
146,147.0,-955.1705699999998,-0.5029978028713937,cosmology,cmb_power_spectrum_transition,planck_TT
147,148.0,-358.8496399999999,-0.18897209163509993,cosmology,cmb_power_spectrum_transition,planck_TT
148,149.0,1164.7936200000004,0.6133863940747436,cosmology,cmb_power_spectrum_transition,planck_TT
149,150.0,-324.1532100000004,-0.17070077067356645,cosmology,cmb_power_spectrum_transition,planck_TT
150,151.0,342.4330600000003,0.1803270350033171,cosmology,cmb_power_spectrum_transition,planck_TT
151,152.0,0.6573499999994965,0.00034616393773235447,cosmology,cmb_power_spectrum_transition,planck_TT
152,153.0,-627.3489699999996,-0.33036523889511354,cosmology,cmb_power_spectrum_transition,planck_TT
153,154.0,1385.72557,0.7297303109880259,cosmology,cmb_power_spectrum_transition,planck_TT
154,155.0,-1010.5581400000001,-0.5321651860502805,cosmology,cmb_power_spectrum_transition,planck_TT
155,156.0,311.73531,0.1641614397807848,cosmology,cmb_power_spectrum_transition,planck_TT
156,157.0,897.84249,0.47280853700777387,cosmology,cmb_power_spectrum_transition,planck_TT
157,158.0,-853.2021000000004,-0.44930067485774766,cosmology,cmb_power_spectrum_transition,planck_TT
158,159.0,637.6016100000006,0.33576433258120975,cosmology,cmb_power_spectrum_transition,planck_TT
159,160.0,-616.1137000000008,-0.32444868712712277,cosmology,cmb_power_spectrum_transition,planck_TT
160,161.0,-76.48863999999958,-0.040279316671807425,cosmology,cmb_power_spectrum_transition,planck_TT
161,162.0,-276.6557300000004,-0.14568835003132663,cosmology,cmb_power_spectrum_transition,planck_TT
162,163.0,368.93983000000026,0.1942856383041049,cosmology,cmb_power_spectrum_transition,planck_TT
163,164.0,69.94552999999996,0.03683368082694921,cosmology,cmb_power_spectrum_transition,planck_TT
164,165.0,586.42461,0.3088142575202187,cosmology,cmb_power_spectrum_transition,planck_TT
165,166.0,251.97163,0.13268957425679875,cosmology,cmb_power_spectrum_transition,planck_TT
166,167.0,-114.13882000000012,-0.06010609778558564,cosmology,cmb_power_spectrum_transition,planck_TT
167,168.0,-988.3587499999994,-0.5204748715182012,cosmology,cmb_power_spectrum_transition,planck_TT
168,169.0,-293.1774599999999,-0.15438877920141103,cosmology,cmb_power_spectrum_transition,planck_TT
169,170.0,383.7399999999998,0.20207948500116432,cosmology,cmb_power_spectrum_transition,planck_TT
170,171.0,601.9374099999995,0.3169833788912667,cosmology,cmb_power_spectrum_transition,planck_TT
171,172.0,-69.92602999999963,-0.036823412025266844,cosmology,cmb_power_spectrum_transition,planck_TT
172,173.0,-242.39699999999993,-0.12764752417216668,cosmology,cmb_power_spectrum_transition,planck_TT
173,174.0,181.9065899999996,0.09579295884066787,cosmology,cmb_power_spectrum_transition,planck_TT
174,175.0,-7.143469999999979,-0.0037617885514183145,cosmology,cmb_power_spectrum_transition,planck_TT
175,176.0,-407.50930999999946,-0.21459652759154574,cosmology,cmb_power_spectrum_transition,planck_TT
176,177.0,-136.46479,-0.07186307000571235,cosmology,cmb_power_spectrum_transition,planck_TT
177,178.0,1820.6325299999999,0.9587545839338277,cosmology,cmb_power_spectrum_transition,planck_TT
178,179.0,-1147.9857200000006,-0.6045352662904339,cosmology,cmb_power_spectrum_transition,planck_TT
179,180.0,-1287.8894799999998,-0.6782093158305557,cosmology,cmb_power_spectrum_transition,planck_TT
180,181.0,441.64618000000064,0.2325731813392706,cosmology,cmb_power_spectrum_transition,planck_TT
181,182.0,291.5528099999992,0.1535332300397201,cosmology,cmb_power_spectrum_transition,planck_TT
182,183.0,902.4797100000005,0.4752505212404241,cosmology,cmb_power_spectrum_transition,planck_TT
183,184.0,850.7254599999997,0.4479964633193794,cosmology,cmb_power_spectrum_transition,planck_TT
184,185.0,-626.9636399999999,-0.3301623221078216,cosmology,cmb_power_spectrum_transition,planck_TT
185,186.0,-611.7209700000003,-0.3221354526033586,cosmology,cmb_power_spectrum_transition,planck_TT
186,187.0,1178.9211600000008,0.6208260303063938,cosmology,cmb_power_spectrum_transition,planck_TT
187,188.0,-50.41541000000052,-0.026549017795701936,cosmology,cmb_power_spectrum_transition,planck_TT
188,189.0,-330.65963999999985,-0.17412709063915777,cosmology,cmb_power_spectrum_transition,planck_TT
189,190.0,-561.3459499999999,-0.2956077043922692,cosmology,cmb_power_spectrum_transition,planck_TT
190,191.0,950.69805,0.5006425505175673,cosmology,cmb_power_spectrum_transition,planck_TT
191,192.0,-448.08831999999984,-0.23596564585562346,cosmology,cmb_power_spectrum_transition,planck_TT
192,193.0,-391.6430799999998,-0.20624128813954712,cosmology,cmb_power_spectrum_transition,planck_TT
193,194.0,-1474.4547600000005,-0.7764555651178289,cosmology,cmb_power_spectrum_transition,planck_TT
194,195.0,1534.45597,0.8080525151784079,cosmology,cmb_power_spectrum_transition,planck_TT
195,196.0,29.382150000000365,0.015472793402374101,cosmology,cmb_power_spectrum_transition,planck_TT
196,197.0,39.157720000000154,0.020620659538801867,cosmology,cmb_power_spectrum_transition,planck_TT
197,198.0,-321.9793100000006,-0.1695559835978277,cosmology,cmb_power_spectrum_transition,planck_TT
198,199.0,-73.18732999999975,-0.03854082961122172,cosmology,cmb_power_spectrum_transition,planck_TT
199,200.0,-356.5324099999998,-0.18775182623397085,cosmology,cmb_power_spectrum_transition,planck_TT
200,201.0,1256.5968299999995,0.6617304431659344,cosmology,cmb_power_spectrum_transition,planck_TT
201,202.0,-467.5020599999998,-0.24618902257201083,cosmology,cmb_power_spectrum_transition,planck_TT
202,203.0,-339.0663199999999,-0.17855409216354826,cosmology,cmb_power_spectrum_transition,planck_TT
203,204.0,819.8230599999997,0.43172309833970574,cosmology,cmb_power_spectrum_transition,planck_TT
204,205.0,-817.2070199999998,-0.4303454780344407,cosmology,cmb_power_spectrum_transition,planck_TT
205,206.0,-290.3243999999995,-0.15288634292821174,cosmology,cmb_power_spectrum_transition,planck_TT
206,207.0,675.0476399999998,0.3554836072404529,cosmology,cmb_power_spectrum_transition,planck_TT
207,208.0,-1092.2465000000002,-0.5751827023878783,cosmology,cmb_power_spectrum_transition,planck_TT
208,209.0,797.5599199999997,0.4199992127252042,cosmology,cmb_power_spectrum_transition,planck_TT
209,210.0,92.5603800000008,0.048742778761432855,cosmology,cmb_power_spectrum_transition,planck_TT
210,211.0,363.1559099999995,0.19123979587202045,cosmology,cmb_power_spectrum_transition,planck_TT
211,212.0,1.6082699999997203,0.0008469233682773915,cosmology,cmb_power_spectrum_transition,planck_TT
212,213.0,-625.0852999999997,-0.3291731784692717,cosmology,cmb_power_spectrum_transition,planck_TT
213,214.0,1390.52704,0.7322587901271527,cosmology,cmb_power_spectrum_transition,planck_TT
214,215.0,-841.0188099999996,-0.44288489081433285,cosmology,cmb_power_spectrum_transition,planck_TT
215,216.0,-203.34162000000015,-0.107080757411014,cosmology,cmb_power_spectrum_transition,planck_TT
216,217.0,670.6843799999997,0.35318589177235943,cosmology,cmb_power_spectrum_transition,planck_TT
217,218.0,-598.4734099999996,-0.3151592184283386,cosmology,cmb_power_spectrum_transition,planck_TT
218,219.0,698.2746200000001,0.3677150560248706,cosmology,cmb_power_spectrum_transition,planck_TT
219,220.0,-486.2358200000008,-0.2560543182746627,cosmology,cmb_power_spectrum_transition,planck_TT
220,221.0,-120.05844999999954,-0.06322340581132527,cosmology,cmb_power_spectrum_transition,planck_TT
221,222.0,-207.80861000000004,-0.10943309763800449,cosmology,cmb_power_spectrum_transition,planck_TT
222,223.0,551.6854400000002,0.29052042945181855,cosmology,cmb_power_spectrum_transition,planck_TT
223,224.0,-996.5400300000001,-0.5247831762272502,cosmology,cmb_power_spectrum_transition,planck_TT
224,225.0,825.5324199999995,0.4347296770869987,cosmology,cmb_power_spectrum_transition,planck_TT
225,226.0,213.2845900000002,0.11231677726034438,cosmology,cmb_power_spectrum_transition,planck_TT
226,227.0,-1413.1877100000002,-0.7441920171125631,cosmology,cmb_power_spectrum_transition,planck_TT
227,228.0,610.4632200000005,0.32147311489485764,cosmology,cmb_power_spectrum_transition,planck_TT
228,229.0,301.5731999999998,0.1588100196647551,cosmology,cmb_power_spectrum_transition,planck_TT
229,230.0,116.38511000000017,0.06128900581280009,cosmology,cmb_power_spectrum_transition,planck_TT
230,231.0,883.3295099999996,0.46516592606225793,cosmology,cmb_power_spectrum_transition,planck_TT
231,232.0,-238.02081999999973,-0.12534300496470216,cosmology,cmb_power_spectrum_transition,planck_TT
232,233.0,-1898.95575,-1.0,cosmology,cmb_power_spectrum_transition,planck_TT
233,234.0,1494.4329200000002,0.7869761683493679,cosmology,cmb_power_spectrum_transition,planck_TT
234,235.0,79.98160999999982,0.042118732887798896,cosmology,cmb_power_spectrum_transition,planck_TT
235,236.0,-533.5392300000003,-0.2809645406429298,cosmology,cmb_power_spectrum_transition,planck_TT
236,237.0,382.22950000000037,0.20128404782470594,cosmology,cmb_power_spectrum_transition,planck_TT
237,238.0,-457.5317100000002,-0.24093858427190848,cosmology,cmb_power_spectrum_transition,planck_TT
238,239.0,587.8116399999999,0.30954467475084657,cosmology,cmb_power_spectrum_transition,planck_TT
239,240.0,-232.53201999999965,-0.12245257426351279,cosmology,cmb_power_spectrum_transition,planck_TT
240,241.0,-421.56447000000026,-0.22199804813777269,cosmology,cmb_power_spectrum_transition,planck_TT
241,242.0,282.58326000000034,0.14880981823826087,cosmology,cmb_power_spectrum_transition,planck_TT
242,243.0,-508.14220000000023,-0.2675903322128492,cosmology,cmb_power_spectrum_transition,planck_TT
243,244.0,656.2226200000005,0.34557025354592935,cosmology,cmb_power_spectrum_transition,planck_TT
244,245.0,-96.80365000000074,-0.05097730686984188,cosmology,cmb_power_spectrum_transition,planck_TT
245,246.0,-122.54030999999941,-0.0645303662289126,cosmology,cmb_power_spectrum_transition,planck_TT
246,247.0,390.6104299999997,0.20569748926482342,cosmology,cmb_power_spectrum_transition,planck_TT
247,248.0,-1558.4161000000004,-0.820670044575815,cosmology,cmb_power_spectrum_transition,planck_TT
248,249.0,631.3313500000004,0.3324623809691197,cosmology,cmb_power_spectrum_transition,planck_TT
249,250.0,180.95226999999977,0.09529040895239384,cosmology,cmb_power_spectrum_transition,planck_TT
250,251.0,447.80265000000054,0.23581521054400584,cosmology,cmb_power_spectrum_transition,planck_TT
251,252.0,-852.4503600000007,-0.44890480465382127,cosmology,cmb_power_spectrum_transition,planck_TT
252,253.0,-452.77531,-0.23843383922979772,cosmology,cmb_power_spectrum_transition,planck_TT
253,254.0,1107.3957800000007,0.5831603922313623,cosmology,cmb_power_spectrum_transition,planck_TT
254,255.0,566.3321900000001,0.298233484376874,cosmology,cmb_power_spectrum_transition,planck_TT
255,256.0,-816.9295700000002,-0.4301993714176858,cosmology,cmb_power_spectrum_transition,planck_TT
256,257.0,154.82608999999957,0.0815322263301815,cosmology,cmb_power_spectrum_transition,planck_TT
257,258.0,-861.6855699999996,-0.45376811439655695,cosmology,cmb_power_spectrum_transition,planck_TT
258,259.0,1134.2239799999998,0.597288262246237,cosmology,cmb_power_spectrum_transition,planck_TT
259,260.0,-473.3456900000001,-0.24926630860145113,cosmology,cmb_power_spectrum_transition,planck_TT
260,261.0,295.3269100000007,0.1555206907796565,cosmology,cmb_power_spectrum_transition,planck_TT
261,262.0,588.7317899999998,0.31002923053894216,cosmology,cmb_power_spectrum_transition,planck_TT
262,263.0,-1278.1218600000002,-0.673065636205583,cosmology,cmb_power_spectrum_transition,planck_TT
263,264.0,-679.5646699999998,-0.35786229879237563,cosmology,cmb_power_spectrum_transition,planck_TT
264,265.0,1430.70539,0.7534169187460003,cosmology,cmb_power_spectrum_transition,planck_TT
265,266.0,-509.6695100000006,-0.26839462162296335,cosmology,cmb_power_spectrum_transition,planck_TT
266,267.0,486.4918200000002,0.256189129209567,cosmology,cmb_power_spectrum_transition,planck_TT
267,268.0,-771.0639300000003,-0.40604628622862865,cosmology,cmb_power_spectrum_transition,planck_TT
268,269.0,-531.2252499999995,-0.2797459867087474,cosmology,cmb_power_spectrum_transition,planck_TT
269,270.0,1308.2944799999996,0.6889546952318396,cosmology,cmb_power_spectrum_transition,planck_TT
270,271.0,282.80225000000064,0.14892513951417805,cosmology,cmb_power_spectrum_transition,planck_TT
271,272.0,-980.8044100000006,-0.5164967166823138,cosmology,cmb_power_spectrum_transition,planck_TT
272,273.0,471.39438000000064,0.24823873858040169,cosmology,cmb_power_spectrum_transition,planck_TT
273,274.0,-701.3431500000006,-0.369330959923632,cosmology,cmb_power_spectrum_transition,planck_TT
274,275.0,-637.9697299999998,-0.33595818649276044,cosmology,cmb_power_spectrum_transition,planck_TT
275,276.0,1575.1993499999999,0.829508191541588,cosmology,cmb_power_spectrum_transition,planck_TT
276,277.0,-590.5949,-0.31101035398007565,cosmology,cmb_power_spectrum_transition,planck_TT
277,278.0,110.32052000000022,0.058095361095170446,cosmology,cmb_power_spectrum_transition,planck_TT
278,279.0,-748.6197300000003,-0.394227053473995,cosmology,cmb_power_spectrum_transition,planck_TT
279,280.0,356.29079,0.18762458788205044,cosmology,cmb_power_spectrum_transition,planck_TT
280,281.0,300.5176099999999,0.15825414046641154,cosmology,cmb_power_spectrum_transition,planck_TT
281,282.0,500.17213000000083,0.2633932517911493,cosmology,cmb_power_spectrum_transition,planck_TT
282,283.0,-1056.0733500000006,-0.5561337329740309,cosmology,cmb_power_spectrum_transition,planck_TT
283,284.0,-711.9684499999998,-0.3749262983089521,cosmology,cmb_power_spectrum_transition,planck_TT
284,285.0,871.81529,0.45910247776969,cosmology,cmb_power_spectrum_transition,planck_TT
285,286.0,-158.74017999999978,-0.08359340653409106,cosmology,cmb_power_spectrum_transition,planck_TT
286,287.0,-270.0023799999999,-0.14218466122762466,cosmology,cmb_power_spectrum_transition,planck_TT
287,288.0,765.1717099999996,0.40294341245181703,cosmology,cmb_power_spectrum_transition,planck_TT
288,289.0,-368.9128300000002,-0.19427141996331415,cosmology,cmb_power_spectrum_transition,planck_TT
289,290.0,-1051.3304999999996,-0.5536361234325757,cosmology,cmb_power_spectrum_transition,planck_TT
290,291.0,1164.5591,0.6132628946198456,cosmology,cmb_power_spectrum_transition,planck_TT
291,292.0,-187.88302000000022,-0.0989401780425901,cosmology,cmb_power_spectrum_transition,planck_TT
292,293.0,-388.0463399999999,-0.20434722610045014,cosmology,cmb_power_spectrum_transition,planck_TT
293,294.0,381.96848000000045,0.20114659333162474,cosmology,cmb_power_spectrum_transition,planck_TT
294,295.0,225.5912699999999,0.11879753912117219,cosmology,cmb_power_spectrum_transition,planck_TT
295,296.0,-907.8446100000001,-0.47807570555554024,cosmology,cmb_power_spectrum_transition,planck_TT
296,297.0,231.51654999999982,0.12191782246637385,cosmology,cmb_power_spectrum_transition,planck_TT
297,298.0,-68.00658000000021,-0.03581261964635048,cosmology,cmb_power_spectrum_transition,planck_TT
298,299.0,575.9406199999999,0.3032933337177551,cosmology,cmb_power_spectrum_transition,planck_TT
299,300.0,-687.4686899999997,-0.36202459693965994,cosmology,cmb_power_spectrum_transition,planck_TT
300,301.0,196.45861999999988,0.10345613371980883,cosmology,cmb_power_spectrum_transition,planck_TT
301,302.0,-825.59051,-0.4347602675839076,cosmology,cmb_power_spectrum_transition,planck_TT
302,303.0,671.9393,0.3538467391881038,cosmology,cmb_power_spectrum_transition,planck_TT
303,304.0,303.81291999999985,0.1599894678957105,cosmology,cmb_power_spectrum_transition,planck_TT
304,305.0,-589.8641799999996,-0.310625553017757,cosmology,cmb_power_spectrum_transition,planck_TT
305,306.0,-159.25986000000012,-0.0838670727319476,cosmology,cmb_power_spectrum_transition,planck_TT
306,307.0,742.4986200000003,0.3910036450296434,cosmology,cmb_power_spectrum_transition,planck_TT
307,308.0,-357.3586300000002,-0.1881869179942714,cosmology,cmb_power_spectrum_transition,planck_TT
308,309.0,-212.77022000000034,-0.1120459073361769,cosmology,cmb_power_spectrum_transition,planck_TT
309,310.0,190.45803000000024,0.1002961917359055,cosmology,cmb_power_spectrum_transition,planck_TT
310,311.0,-353.29129999999986,-0.18604504080729625,cosmology,cmb_power_spectrum_transition,planck_TT
311,312.0,218.57346999999982,0.11510192904705642,cosmology,cmb_power_spectrum_transition,planck_TT
312,313.0,-633.61319,-0.33366400981170835,cosmology,cmb_power_spectrum_transition,planck_TT
313,314.0,680.2980900000002,0.3582485215887733,cosmology,cmb_power_spectrum_transition,planck_TT
314,315.0,234.35041,0.1234101479194552,cosmology,cmb_power_spectrum_transition,planck_TT
315,316.0,-920.6650600000003,-0.48482702137740713,cosmology,cmb_power_spectrum_transition,planck_TT
316,317.0,93.16501999999991,0.049061185338310234,cosmology,cmb_power_spectrum_transition,planck_TT
317,318.0,572.5728600000002,0.3015198537406678,cosmology,cmb_power_spectrum_transition,planck_TT
318,319.0,-5.559150000000045,-0.002927477378027395,cosmology,cmb_power_spectrum_transition,planck_TT
319,320.0,-617.22037,-0.32503146531982113,cosmology,cmb_power_spectrum_transition,planck_TT
320,321.0,574.88177,0.30273573778641233,cosmology,cmb_power_spectrum_transition,planck_TT
321,322.0,-371.47434999999996,-0.1956203297522862,cosmology,cmb_power_spectrum_transition,planck_TT
322,323.0,-173.13974000000007,-0.0911762899161816,cosmology,cmb_power_spectrum_transition,planck_TT
323,324.0,248.39832000000024,0.13080785057787694,cosmology,cmb_power_spectrum_transition,planck_TT
324,325.0,312.799,0.1647215844813656,cosmology,cmb_power_spectrum_transition,planck_TT
325,326.0,-730.1670200000003,-0.38450976016687083,cosmology,cmb_power_spectrum_transition,planck_TT
326,327.0,455.26884999999993,0.23974695039629013,cosmology,cmb_power_spectrum_transition,planck_TT
327,328.0,4.482960000000276,0.0023607501122657943,cosmology,cmb_power_spectrum_transition,planck_TT
328,329.0,-412.63454,-0.21729550043491008,cosmology,cmb_power_spectrum_transition,planck_TT
329,330.0,122.97172,0.06475754898448792,cosmology,cmb_power_spectrum_transition,planck_TT
330,331.0,-162.42453000000023,-0.08553360445602812,cosmology,cmb_power_spectrum_transition,planck_TT
331,332.0,-246.26912999999968,-0.1296866080212768,cosmology,cmb_power_spectrum_transition,planck_TT
332,333.0,74.54475000000002,0.03925565406144931,cosmology,cmb_power_spectrum_transition,planck_TT
333,334.0,0.19340999999985797,0.00010185071453079302,cosmology,cmb_power_spectrum_transition,planck_TT
334,335.0,263.71756000000005,0.13887504224361208,cosmology,cmb_power_spectrum_transition,planck_TT
335,336.0,-288.9868099999999,-0.15218196105938744,cosmology,cmb_power_spectrum_transition,planck_TT
336,337.0,190.12924999999996,0.10012305447349153,cosmology,cmb_power_spectrum_transition,planck_TT
337,338.0,-225.26708000000008,-0.11862681897669289,cosmology,cmb_power_spectrum_transition,planck_TT
338,339.0,113.10237000000006,0.05956029781104697,cosmology,cmb_power_spectrum_transition,planck_TT
339,340.0,-32.583770000000186,-0.017158783189129174,cosmology,cmb_power_spectrum_transition,planck_TT
340,341.0,63.73028000000022,0.03356069776770745,cosmology,cmb_power_spectrum_transition,planck_TT
341,342.0,-385.55926,-0.20303751680364326,cosmology,cmb_power_spectrum_transition,planck_TT
342,343.0,146.17900999999983,0.07697862891223232,cosmology,cmb_power_spectrum_transition,planck_TT
343,344.0,-270.3825700000002,-0.14238487126411462,cosmology,cmb_power_spectrum_transition,planck_TT
344,345.0,156.90709000000015,0.0826280917814963,cosmology,cmb_power_spectrum_transition,planck_TT
345,346.0,-171.41683999999987,-0.09026900179216912,cosmology,cmb_power_spectrum_transition,planck_TT
346,347.0,120.46396000000004,0.06343694949184574,cosmology,cmb_power_spectrum_transition,planck_TT
347,348.0,-59.38169999999991,-0.03127071286416227,cosmology,cmb_power_spectrum_transition,planck_TT
348,349.0,0.23594999999977517,0.00012425250035435275,cosmology,cmb_power_spectrum_transition,planck_TT
349,350.0,443.4525699999999,0.23352443573263879,cosmology,cmb_power_spectrum_transition,planck_TT
350,351.0,-489.33631000000014,-0.25768705247607804,cosmology,cmb_power_spectrum_transition,planck_TT
351,352.0,427.1532500000003,0.22494112882830486,cosmology,cmb_power_spectrum_transition,planck_TT
352,353.0,-125.12919000000011,-0.06589368393655308,cosmology,cmb_power_spectrum_transition,planck_TT
353,354.0,-344.6344399999998,-0.18148629319034937,cosmology,cmb_power_spectrum_transition,planck_TT
354,355.0,-224.91646000000037,-0.11844218065639515,cosmology,cmb_power_spectrum_transition,planck_TT
355,356.0,258.66186000000016,0.13621268426081026,cosmology,cmb_power_spectrum_transition,planck_TT
356,357.0,-73.51486999999997,-0.038713313883169724,cosmology,cmb_power_spectrum_transition,planck_TT
357,358.0,-210.5953800000002,-0.11090062525153638,cosmology,cmb_power_spectrum_transition,planck_TT
358,359.0,250.91250000000036,0.13213183087599611,cosmology,cmb_power_spectrum_transition,planck_TT
359,360.0,129.95489999999972,0.06843492798607852,cosmology,cmb_power_spectrum_transition,planck_TT
360,361.0,-222.4399699999999,-0.11713804810880922,cosmology,cmb_power_spectrum_transition,planck_TT
361,362.0,-75.6225599999998,-0.03982323442765835,cosmology,cmb_power_spectrum_transition,planck_TT
362,363.0,555.89833,0.29273895929381183,cosmology,cmb_power_spectrum_transition,planck_TT
363,364.0,-756.9795000000001,-0.3986293519477745,cosmology,cmb_power_spectrum_transition,planck_TT
364,365.0,-112.55933000000005,-0.05927433011538054,cosmology,cmb_power_spectrum_transition,planck_TT
365,366.0,282.01793999999995,0.1485121177784158,cosmology,cmb_power_spectrum_transition,planck_TT
366,367.0,-109.65526,-0.05774503171019124,cosmology,cmb_power_spectrum_transition,planck_TT
367,368.0,221.2206000000001,0.11649592150843963,cosmology,cmb_power_spectrum_transition,planck_TT
368,369.0,-254.78187000000003,-0.13416946129471422,cosmology,cmb_power_spectrum_transition,planck_TT
369,370.0,245.32997,0.12919204146805421,cosmology,cmb_power_spectrum_transition,planck_TT
370,371.0,-253.4744700000001,-0.13348097763731467,cosmology,cmb_power_spectrum_transition,planck_TT
371,372.0,165.73653000000013,0.08727772092635656,cosmology,cmb_power_spectrum_transition,planck_TT
372,373.0,-158.59230000000002,-0.08351553215497519,cosmology,cmb_power_spectrum_transition,planck_TT
373,374.0,144.35978,0.07602061290791004,cosmology,cmb_power_spectrum_transition,planck_TT
374,375.0,-128.22741999999994,-0.06752522801018399,cosmology,cmb_power_spectrum_transition,planck_TT
375,376.0,-209.99986000000013,-0.11058702131421447,cosmology,cmb_power_spectrum_transition,planck_TT
376,377.0,415.41562999999996,0.21876003693082366,cosmology,cmb_power_spectrum_transition,planck_TT
377,378.0,265.1724199999999,0.13964117910593749,cosmology,cmb_power_spectrum_transition,planck_TT
378,379.0,-685.3584299999998,-0.3609133230197701,cosmology,cmb_power_spectrum_transition,planck_TT
379,380.0,106.70952000000011,0.05619378966571502,cosmology,cmb_power_spectrum_transition,planck_TT
380,381.0,-280.6899900000001,-0.1478128123838589,cosmology,cmb_power_spectrum_transition,planck_TT
381,382.0,376.64438999999993,0.19834289977531067,cosmology,cmb_power_spectrum_transition,planck_TT
382,383.0,31.14953000000014,0.01640350492632603,cosmology,cmb_power_spectrum_transition,planck_TT
383,384.0,-400.53758000000016,-0.21092517821966106,cosmology,cmb_power_spectrum_transition,planck_TT
384,385.0,92.99901999999997,0.04897376887270805,cosmology,cmb_power_spectrum_transition,planck_TT
385,386.0,298.33274000000006,0.15710357653147003,cosmology,cmb_power_spectrum_transition,planck_TT
386,387.0,-200.24622999999997,-0.105450708896192,cosmology,cmb_power_spectrum_transition,planck_TT
387,388.0,-131.19632000000001,-0.06908866623142747,cosmology,cmb_power_spectrum_transition,planck_TT
388,389.0,236.44526999999994,0.12451331211904224,cosmology,cmb_power_spectrum_transition,planck_TT
389,390.0,-188.4104299999999,-0.09921791489875417,cosmology,cmb_power_spectrum_transition,planck_TT
390,391.0,225.82670000000007,0.11892151778681523,cosmology,cmb_power_spectrum_transition,planck_TT
391,392.0,-182.9000500000002,-0.09631612005703671,cosmology,cmb_power_spectrum_transition,planck_TT
392,393.0,130.35951,0.06864799772190584,cosmology,cmb_power_spectrum_transition,planck_TT
393,394.0,-218.10377999999992,-0.11485458784387151,cosmology,cmb_power_spectrum_transition,planck_TT
394,395.0,65.87498000000005,0.03469010797118366,cosmology,cmb_power_spectrum_transition,planck_TT
395,396.0,38.53677999999991,0.020293669296928014,cosmology,cmb_power_spectrum_transition,planck_TT
396,397.0,-115.59965999999986,-0.06087538374709356,cosmology,cmb_power_spectrum_transition,planck_TT
397,398.0,193.42079999999987,0.10185640186718403,cosmology,cmb_power_spectrum_transition,planck_TT
398,399.0,-102.15611999999987,-0.053795945482141894,cosmology,cmb_power_spectrum_transition,planck_TT
399,400.0,47.921460000000025,0.025235690721071315,cosmology,cmb_power_spectrum_transition,planck_TT
400,401.0,102.18307999999979,0.05381014275872399,cosmology,cmb_power_spectrum_transition,planck_TT
401,402.0,-384.7444599999999,-0.2026084388748921,cosmology,cmb_power_spectrum_transition,planck_TT
402,403.0,70.78501000000006,0.03727575537239351,cosmology,cmb_power_spectrum_transition,planck_TT
403,404.0,152.49399999999991,0.08030413557556562,cosmology,cmb_power_spectrum_transition,planck_TT
404,405.0,124.28775999999993,0.06545058251094052,cosmology,cmb_power_spectrum_transition,planck_TT
405,406.0,-61.645519999999806,-0.032462852280786325,cosmology,cmb_power_spectrum_transition,planck_TT
406,407.0,-65.48937000000001,-0.03448704373443141,cosmology,cmb_power_spectrum_transition,planck_TT
407,408.0,-44.923860000000104,-0.023657138930172596,cosmology,cmb_power_spectrum_transition,planck_TT
408,409.0,53.58483000000001,0.028218050894550865,cosmology,cmb_power_spectrum_transition,planck_TT
409,410.0,-84.94216000000006,-0.04473098438444395,cosmology,cmb_power_spectrum_transition,planck_TT
410,411.0,-33.941280000000006,-0.01787365503382583,cosmology,cmb_power_spectrum_transition,planck_TT
411,412.0,170.35364000000004,0.08970911512814347,cosmology,cmb_power_spectrum_transition,planck_TT
412,413.0,-89.08769000000007,-0.0469140420991906,cosmology,cmb_power_spectrum_transition,planck_TT
413,414.0,275.84121000000005,0.1452594195520354,cosmology,cmb_power_spectrum_transition,planck_TT
414,415.0,-262.93543999999997,-0.13846317377326983,cosmology,cmb_power_spectrum_transition,planck_TT
415,416.0,-327.84591,-0.1726453657490439,cosmology,cmb_power_spectrum_transition,planck_TT
416,417.0,310.81743000000006,0.163678079386526,cosmology,cmb_power_spectrum_transition,planck_TT
417,418.0,100.20400999999993,0.052767954176920616,cosmology,cmb_power_spectrum_transition,planck_TT
418,419.0,30.693359999999984,0.016163283425640634,cosmology,cmb_power_spectrum_transition,planck_TT
419,420.0,-194.27701000000002,-0.10230728651786647,cosmology,cmb_power_spectrum_transition,planck_TT
420,421.0,10.04087000000004,0.005287574499827097,cosmology,cmb_power_spectrum_transition,planck_TT
421,422.0,172.0402200000001,0.09059727695076628,cosmology,cmb_power_spectrum_transition,planck_TT
422,423.0,-20.72021000000018,-0.01091137063093765,cosmology,cmb_power_spectrum_transition,planck_TT
423,424.0,-299.86799999999994,-0.15791205245303896,cosmology,cmb_power_spectrum_transition,planck_TT
424,425.0,120.55625000000009,0.06348554988708931,cosmology,cmb_power_spectrum_transition,planck_TT
425,426.0,121.44966,0.06395602425174994,cosmology,cmb_power_spectrum_transition,planck_TT
426,427.0,53.06399999999985,0.027943779100697765,cosmology,cmb_power_spectrum_transition,planck_TT
427,428.0,154.91625000000022,0.08157970505631856,cosmology,cmb_power_spectrum_transition,planck_TT
428,429.0,-58.918750000000045,-0.031026920980122913,cosmology,cmb_power_spectrum_transition,planck_TT
429,430.0,-232.74247000000014,-0.12256339833089851,cosmology,cmb_power_spectrum_transition,planck_TT
430,431.0,291.96369000000004,0.15374960159024245,cosmology,cmb_power_spectrum_transition,planck_TT
431,432.0,-320.42662999999993,-0.16873833421342224,cosmology,cmb_power_spectrum_transition,planck_TT
432,433.0,311.0837899999999,0.16381834595145248,cosmology,cmb_power_spectrum_transition,planck_TT
433,434.0,-98.20333000000005,-0.051714385656432514,cosmology,cmb_power_spectrum_transition,planck_TT
434,435.0,-300.5293899999999,-0.15826034387583804,cosmology,cmb_power_spectrum_transition,planck_TT
435,436.0,504.93616,0.2659020148310459,cosmology,cmb_power_spectrum_transition,planck_TT
436,437.0,-200.15148,-0.10540081305212087,cosmology,cmb_power_spectrum_transition,planck_TT
437,438.0,-350.56711999999993,-0.18461047341413822,cosmology,cmb_power_spectrum_transition,planck_TT
438,439.0,227.0537099999999,0.11956766765102342,cosmology,cmb_power_spectrum_transition,planck_TT
439,440.0,109.28339000000005,0.05754920302908588,cosmology,cmb_power_spectrum_transition,planck_TT
440,441.0,206.39958000000001,0.10869109509265816,cosmology,cmb_power_spectrum_transition,planck_TT
441,442.0,-139.0762299999999,-0.07323826792699087,cosmology,cmb_power_spectrum_transition,planck_TT
442,443.0,-48.63002000000006,-0.025608822111837022,cosmology,cmb_power_spectrum_transition,planck_TT
443,444.0,-77.53431999999998,-0.040829977212475846,cosmology,cmb_power_spectrum_transition,planck_TT
444,445.0,-60.642950000000155,-0.03193489369091415,cosmology,cmb_power_spectrum_transition,planck_TT
445,446.0,7.404150000000072,0.0038990639987267067,cosmology,cmb_power_spectrum_transition,planck_TT
446,447.0,61.309099999999944,0.03228569175453401,cosmology,cmb_power_spectrum_transition,planck_TT
447,448.0,103.63931000000002,0.054577001070193455,cosmology,cmb_power_spectrum_transition,planck_TT
448,449.0,128.29061000000002,0.06755850419368646,cosmology,cmb_power_spectrum_transition,planck_TT
449,450.0,-186.66298000000006,-0.09829769861672662,cosmology,cmb_power_spectrum_transition,planck_TT
450,451.0,339.9581300000002,0.17902372395986593,cosmology,cmb_power_spectrum_transition,planck_TT
451,452.0,-264.2949000000001,-0.13917907249813488,cosmology,cmb_power_spectrum_transition,planck_TT
452,453.0,106.22478999999998,0.05593852832010434,cosmology,cmb_power_spectrum_transition,planck_TT
453,454.0,123.4642600000002,0.06501692311682365,cosmology,cmb_power_spectrum_transition,planck_TT
454,455.0,114.62870999999996,0.06036407641410283,cosmology,cmb_power_spectrum_transition,planck_TT
455,456.0,-281.0219400000001,-0.14798761898480262,cosmology,cmb_power_spectrum_transition,planck_TT
456,457.0,10.20040999999992,0.005371589095743763,cosmology,cmb_power_spectrum_transition,planck_TT
457,458.0,183.8438799999999,0.09681314585661087,cosmology,cmb_power_spectrum_transition,planck_TT
458,459.0,-214.52843999999982,-0.11297179515636413,cosmology,cmb_power_spectrum_transition,planck_TT
459,460.0,238.85688000000005,0.1257832785203131,cosmology,cmb_power_spectrum_transition,planck_TT
460,461.0,128.73974999999973,0.06779502365971389,cosmology,cmb_power_spectrum_transition,planck_TT
461,462.0,-105.16088999999965,-0.055378273032428295,cosmology,cmb_power_spectrum_transition,planck_TT
462,463.0,-93.29509000000007,-0.04912968087855658,cosmology,cmb_power_spectrum_transition,planck_TT
463,464.0,365.43073000000004,0.19243772794600403,cosmology,cmb_power_spectrum_transition,planck_TT
464,465.0,-318.54060000000027,-0.1677451409807734,cosmology,cmb_power_spectrum_transition,planck_TT
465,466.0,85.4354900000003,0.044990774534899136,cosmology,cmb_power_spectrum_transition,planck_TT
466,467.0,81.45634999999993,0.04289533866178816,cosmology,cmb_power_spectrum_transition,planck_TT
467,468.0,-199.32936999999993,-0.10496788563925195,cosmology,cmb_power_spectrum_transition,planck_TT
468,469.0,-144.6035300000001,-0.07614897292893744,cosmology,cmb_power_spectrum_transition,planck_TT
469,470.0,346.3754799999999,0.18240313393295232,cosmology,cmb_power_spectrum_transition,planck_TT
470,471.0,-197.07115000000022,-0.10377869521182903,cosmology,cmb_power_spectrum_transition,planck_TT
471,472.0,112.59833000000026,0.05929486771874503,cosmology,cmb_power_spectrum_transition,planck_TT
472,473.0,-233.11279000000013,-0.12275841077392147,cosmology,cmb_power_spectrum_transition,planck_TT
473,474.0,177.6300799999999,0.09354092637492996,cosmology,cmb_power_spectrum_transition,planck_TT
474,475.0,104.14450000000033,0.05484303675849231,cosmology,cmb_power_spectrum_transition,planck_TT
475,476.0,-22.725350000000162,-0.011967287810682351,cosmology,cmb_power_spectrum_transition,planck_TT
476,477.0,-86.20188999999982,-0.04539436477126959,cosmology,cmb_power_spectrum_transition,planck_TT
477,478.0,287.7060499999998,0.1515075061649013,cosmology,cmb_power_spectrum_transition,planck_TT
478,479.0,-161.82749000000013,-0.0852192000787802,cosmology,cmb_power_spectrum_transition,planck_TT
479,480.0,123.35877000000028,0.06496137153274913,cosmology,cmb_power_spectrum_transition,planck_TT
480,481.0,-261.7946400000001,-0.13786242254460118,cosmology,cmb_power_spectrum_transition,planck_TT
481,482.0,374.36897999999974,0.19714465700425074,cosmology,cmb_power_spectrum_transition,planck_TT
482,483.0,-352.27859999999964,-0.18551174770660117,cosmology,cmb_power_spectrum_transition,planck_TT
483,484.0,-127.24908000000005,-0.06701002906465832,cosmology,cmb_power_spectrum_transition,planck_TT
484,485.0,426.54422999999997,0.22462041572058747,cosmology,cmb_power_spectrum_transition,planck_TT
485,486.0,-255.11257000000023,-0.13434360963913994,cosmology,cmb_power_spectrum_transition,planck_TT
486,487.0,208.66769999999997,0.10988549891170447,cosmology,cmb_power_spectrum_transition,planck_TT
487,488.0,-399.20787999999993,-0.21022495126597865,cosmology,cmb_power_spectrum_transition,planck_TT
488,489.0,391.36117000000013,0.20609283286353572,cosmology,cmb_power_spectrum_transition,planck_TT
489,490.0,18.170320000000174,0.00956858526060977,cosmology,cmb_power_spectrum_transition,planck_TT
490,491.0,52.24608999999964,0.027513063429729544,cosmology,cmb_power_spectrum_transition,planck_TT
491,492.0,132.40007000000014,0.06972256725834719,cosmology,cmb_power_spectrum_transition,planck_TT
492,493.0,-2.1083300000000236,-0.0011102575718260014,cosmology,cmb_power_spectrum_transition,planck_TT
493,494.0,-340.1900099999998,-0.1791458331769973,cosmology,cmb_power_spectrum_transition,planck_TT
494,495.0,-235.20767999999998,-0.12386159077166489,cosmology,cmb_power_spectrum_transition,planck_TT
495,496.0,150.10937999999987,0.07904838224903338,cosmology,cmb_power_spectrum_transition,planck_TT
496,497.0,167.02010000000018,0.08795365558149534,cosmology,cmb_power_spectrum_transition,planck_TT
497,498.0,144.89154999999982,0.07630064576280927,cosmology,cmb_power_spectrum_transition,planck_TT
498,499.0,24.713490000000093,0.013014252701781014,cosmology,cmb_power_spectrum_transition,planck_TT
499,500.0,108.85432999999966,0.05732325779576468,cosmology,cmb_power_spectrum_transition,planck_TT
500,501.0,-231.91980999999987,-0.12213018128516152,cosmology,cmb_power_spectrum_transition,planck_TT
501,502.0,-44.010209999999915,-0.02317600607597092,cosmology,cmb_power_spectrum_transition,planck_TT
502,503.0,372.7159200000001,0.19627414698841722,cosmology,cmb_power_spectrum_transition,planck_TT
503,504.0,-108.15895,-0.056957067061725895,cosmology,cmb_power_spectrum_transition,planck_TT
504,505.0,-265.58766000000014,-0.13985984665519463,cosmology,cmb_power_spectrum_transition,planck_TT
505,506.0,83.20634999999993,0.043816897787112695,cosmology,cmb_power_spectrum_transition,planck_TT
506,507.0,-39.23862000000008,-0.020663261900652544,cosmology,cmb_power_spectrum_transition,planck_TT
507,508.0,138.50948000000017,0.07293981442168948,cosmology,cmb_power_spectrum_transition,planck_TT
508,509.0,168.59178999999995,0.0887813157310274,cosmology,cmb_power_spectrum_transition,planck_TT
509,510.0,-284.48858999999993,-0.149813174951549,cosmology,cmb_power_spectrum_transition,planck_TT
510,511.0,396.7505000000001,0.20893088214404157,cosmology,cmb_power_spectrum_transition,planck_TT
511,512.0,-186.37284,-0.09814490937979992,cosmology,cmb_power_spectrum_transition,planck_TT
512,513.0,-317.48585,-0.1671897041308098,cosmology,cmb_power_spectrum_transition,planck_TT
513,514.0,256.42920000000004,0.135036953862669,cosmology,cmb_power_spectrum_transition,planck_TT
514,515.0,-51.32549999999992,-0.02702827593533968,cosmology,cmb_power_spectrum_transition,planck_TT
515,516.0,20.38733000000002,0.010736074287144405,cosmology,cmb_power_spectrum_transition,planck_TT
516,517.0,1.5591499999995904,0.0008210565201424995,cosmology,cmb_power_spectrum_transition,planck_TT
517,518.0,8.548600000000079,0.004501737336428233,cosmology,cmb_power_spectrum_transition,planck_TT
518,519.0,-63.83820999999989,-0.033617534268505146,cosmology,cmb_power_spectrum_transition,planck_TT
519,520.0,-101.50363000000016,-0.053452340845751754,cosmology,cmb_power_spectrum_transition,planck_TT
520,521.0,449.31653000000006,0.2366124276460892,cosmology,cmb_power_spectrum_transition,planck_TT
521,522.0,-110.42207999999982,-0.05814884312075193,cosmology,cmb_power_spectrum_transition,planck_TT
522,523.0,-205.6255799999999,-0.10828350265665743,cosmology,cmb_power_spectrum_transition,planck_TT
523,524.0,-17.309430000000248,-0.00911523609752373,cosmology,cmb_power_spectrum_transition,planck_TT
524,525.0,-185.23596999999972,-0.09754622770962394,cosmology,cmb_power_spectrum_transition,planck_TT
525,526.0,126.14577999999983,0.06642902553153217,cosmology,cmb_power_spectrum_transition,planck_TT
526,527.0,196.78963999999996,0.10363045057790313,cosmology,cmb_power_spectrum_transition,planck_TT
527,528.0,127.32778999999982,0.06705147816108922,cosmology,cmb_power_spectrum_transition,planck_TT
528,529.0,-444.34474,-0.23399425710683358,cosmology,cmb_power_spectrum_transition,planck_TT
529,530.0,361.3393500000002,0.19028318590362106,cosmology,cmb_power_spectrum_transition,planck_TT
530,531.0,-269.8762499999998,-0.14211824051192334,cosmology,cmb_power_spectrum_transition,planck_TT
531,532.0,19.825489999999718,0.010440206413445768,cosmology,cmb_power_spectrum_transition,planck_TT
532,533.0,41.49132000000009,0.021849545467291738,cosmology,cmb_power_spectrum_transition,planck_TT
533,534.0,189.92711000000008,0.10001660649543839,cosmology,cmb_power_spectrum_transition,planck_TT
534,535.0,-281.6785399999999,-0.14833338796862428,cosmology,cmb_power_spectrum_transition,planck_TT
535,536.0,-69.57146000000012,-0.036636693614372065,cosmology,cmb_power_spectrum_transition,planck_TT
536,537.0,345.6347999999998,0.18201308798269775,cosmology,cmb_power_spectrum_transition,planck_TT
537,538.0,-123.91422999999986,-0.06525387966517907,cosmology,cmb_power_spectrum_transition,planck_TT
538,539.0,17.145520000000033,0.009028920236819648,cosmology,cmb_power_spectrum_transition,planck_TT
539,540.0,-160.41274999999996,-0.08447419061765918,cosmology,cmb_power_spectrum_transition,planck_TT
540,541.0,-28.015910000000076,-0.014753324294154867,cosmology,cmb_power_spectrum_transition,planck_TT
541,542.0,-12.908210000000054,-0.006797530695488851,cosmology,cmb_power_spectrum_transition,planck_TT
542,543.0,248.5614700000001,0.13089376621861784,cosmology,cmb_power_spectrum_transition,planck_TT
543,544.0,-53.02451999999994,-0.027922988726830487,cosmology,cmb_power_spectrum_transition,planck_TT
544,545.0,18.066449999999804,0.009513886776982457,cosmology,cmb_power_spectrum_transition,planck_TT
545,546.0,-56.30368999999973,-0.029649816747967787,cosmology,cmb_power_spectrum_transition,planck_TT
546,547.0,159.4464399999997,0.08396532673286342,cosmology,cmb_power_spectrum_transition,planck_TT
547,548.0,-272.6058600000001,-0.14355566737139616,cosmology,cmb_power_spectrum_transition,planck_TT
548,549.0,-164.59718999999996,-0.0866777385413009,cosmology,cmb_power_spectrum_transition,planck_TT
549,550.0,207.67977999999994,0.1093652550882241,cosmology,cmb_power_spectrum_transition,planck_TT
550,551.0,121.45464000000038,0.0639586467457182,cosmology,cmb_power_spectrum_transition,planck_TT
551,552.0,-120.39583000000039,-0.063401071878584,cosmology,cmb_power_spectrum_transition,planck_TT
552,553.0,365.23599000000013,0.19233517684653795,cosmology,cmb_power_spectrum_transition,planck_TT
553,554.0,-244.65067,-0.12883431854586394,cosmology,cmb_power_spectrum_transition,planck_TT
554,555.0,82.11787000000004,0.04324369854326518,cosmology,cmb_power_spectrum_transition,planck_TT
555,556.0,-168.57297999999992,-0.08877141028694319,cosmology,cmb_power_spectrum_transition,planck_TT
556,557.0,193.0863599999998,0.10168028401925626,cosmology,cmb_power_spectrum_transition,planck_TT
557,558.0,-240.15369999999984,-0.12646619069454348,cosmology,cmb_power_spectrum_transition,planck_TT
558,559.0,-143.35426999999981,-0.07549110609870704,cosmology,cmb_power_spectrum_transition,planck_TT
559,560.0,374.4646899999998,0.1971950583893278,cosmology,cmb_power_spectrum_transition,planck_TT
560,561.0,-84.61564999999973,-0.0445590425158668,cosmology,cmb_power_spectrum_transition,planck_TT
561,562.0,-34.09683000000041,-0.017955568474937032,cosmology,cmb_power_spectrum_transition,planck_TT
562,563.0,-150.46758,-0.07923701223685702,cosmology,cmb_power_spectrum_transition,planck_TT
563,564.0,13.797360000000026,0.007265761721935872,cosmology,cmb_power_spectrum_transition,planck_TT
564,565.0,120.80272000000014,0.06361534227430003,cosmology,cmb_power_spectrum_transition,planck_TT
565,566.0,296.8146099999999,0.15630412135722482,cosmology,cmb_power_spectrum_transition,planck_TT
566,567.0,-408.34123999999974,-0.21503462626762088,cosmology,cmb_power_spectrum_transition,planck_TT
567,568.0,120.91672999999992,0.06367538053480178,cosmology,cmb_power_spectrum_transition,planck_TT
568,569.0,-335.90365999999995,-0.1768886189159489,cosmology,cmb_power_spectrum_transition,planck_TT
569,570.0,136.6348899999998,0.07195264555269379,cosmology,cmb_power_spectrum_transition,planck_TT
570,571.0,62.328610000000026,0.032822571036739544,cosmology,cmb_power_spectrum_transition,planck_TT
571,572.0,-80.78479000000016,-0.04254169166395802,cosmology,cmb_power_spectrum_transition,planck_TT
572,573.0,160.14967000000024,0.08433565131783625,cosmology,cmb_power_spectrum_transition,planck_TT
573,574.0,-128.5001900000002,-0.06766887011453541,cosmology,cmb_power_spectrum_transition,planck_TT
574,575.0,53.49059000000034,0.028168423619139276,cosmology,cmb_power_spectrum_transition,planck_TT
575,576.0,256.19551,0.13491389149009922,cosmology,cmb_power_spectrum_transition,planck_TT
576,577.0,-252.28430000000026,-0.1328542279092076,cosmology,cmb_power_spectrum_transition,planck_TT
577,578.0,-66.15846999999985,-0.03483939528343399,cosmology,cmb_power_spectrum_transition,planck_TT
578,579.0,143.19916999999987,0.0754094296299426,cosmology,cmb_power_spectrum_transition,planck_TT
579,580.0,94.14516000000003,0.04957733217322206,cosmology,cmb_power_spectrum_transition,planck_TT
580,581.0,-450.6552099999999,-0.23731738351459736,cosmology,cmb_power_spectrum_transition,planck_TT
581,582.0,203.52052000000003,0.10717496708388283,cosmology,cmb_power_spectrum_transition,planck_TT
582,583.0,-92.30407999999989,-0.048607809844963414,cosmology,cmb_power_spectrum_transition,planck_TT
583,584.0,21.87066999999979,0.011517208865977941,cosmology,cmb_power_spectrum_transition,planck_TT
584,585.0,122.02620999999999,0.06425963848815329,cosmology,cmb_power_spectrum_transition,planck_TT
585,586.0,191.6936300000002,0.10094686513890605,cosmology,cmb_power_spectrum_transition,planck_TT
586,587.0,-64.58728000000019,-0.03401199843650922,cosmology,cmb_power_spectrum_transition,planck_TT
587,588.0,-98.73513000000003,-0.05199443430948827,cosmology,cmb_power_spectrum_transition,planck_TT
588,589.0,-106.04685000000018,-0.055844824188241445,cosmology,cmb_power_spectrum_transition,planck_TT
589,590.0,-137.9418999999998,-0.07264092383405975,cosmology,cmb_power_spectrum_transition,planck_TT
590,591.0,173.04066000000012,0.09112411387153183,cosmology,cmb_power_spectrum_transition,planck_TT
591,592.0,-83.33620000000019,-0.04388527747421191,cosmology,cmb_power_spectrum_transition,planck_TT
592,593.0,-113.1898299999998,-0.05960635470310448,cosmology,cmb_power_spectrum_transition,planck_TT
593,594.0,37.829859999999826,0.019921401538714013,cosmology,cmb_power_spectrum_transition,planck_TT
594,595.0,-54.15626999999995,-0.028518974178308235,cosmology,cmb_power_spectrum_transition,planck_TT
595,596.0,32.9705899999999,0.01736248461819076,cosmology,cmb_power_spectrum_transition,planck_TT
596,597.0,50.66271000000006,0.026679247265240413,cosmology,cmb_power_spectrum_transition,planck_TT
597,598.0,-39.63025999999991,-0.02086950156684794,cosmology,cmb_power_spectrum_transition,planck_TT
598,599.0,28.196230000000014,0.014848281746428275,cosmology,cmb_power_spectrum_transition,planck_TT
599,600.0,212.42552999999998,0.11186439178480066,cosmology,cmb_power_spectrum_transition,planck_TT
600,601.0,-211.5587300000002,-0.11140793038489717,cosmology,cmb_power_spectrum_transition,planck_TT
601,602.0,-262.72790999999984,-0.13835388739311058,cosmology,cmb_power_spectrum_transition,planck_TT
602,603.0,-14.122720000000072,-0.007437097994516234,cosmology,cmb_power_spectrum_transition,planck_TT
603,604.0,192.17360999999983,0.10119962510974773,cosmology,cmb_power_spectrum_transition,planck_TT
604,605.0,171.76341000000002,0.09045150736134848,cosmology,cmb_power_spectrum_transition,planck_TT
605,606.0,-37.18773999999985,-0.019583257798397802,cosmology,cmb_power_spectrum_transition,planck_TT
606,607.0,-45.31179999999995,-0.023861430157074457,cosmology,cmb_power_spectrum_transition,planck_TT
607,608.0,-306.16344000000004,-0.16122726398442935,cosmology,cmb_power_spectrum_transition,planck_TT
608,609.0,267.3662099999999,0.1407964403593922,cosmology,cmb_power_spectrum_transition,planck_TT
609,610.0,-116.06543999999985,-0.061120665923889934,cosmology,cmb_power_spectrum_transition,planck_TT
610,611.0,-120.53892999999994,-0.06347642908477458,cosmology,cmb_power_spectrum_transition,planck_TT
611,612.0,260.6163799999997,0.13724194468459822,cosmology,cmb_power_spectrum_transition,planck_TT
612,613.0,50.40996000000041,0.02654614779728301,cosmology,cmb_power_spectrum_transition,planck_TT
613,614.0,149.89328999999998,0.07893458812823836,cosmology,cmb_power_spectrum_transition,planck_TT
614,615.0,-479.24183000000016,-0.25237124667070315,cosmology,cmb_power_spectrum_transition,planck_TT
615,616.0,182.4458400000001,0.0960769307025717,cosmology,cmb_power_spectrum_transition,planck_TT
616,617.0,-111.70497,-0.05882441968434494,cosmology,cmb_power_spectrum_transition,planck_TT
617,618.0,-131.40622000000008,-0.069199200665945,cosmology,cmb_power_spectrum_transition,planck_TT
618,619.0,315.00883999999996,0.16588529774851254,cosmology,cmb_power_spectrum_transition,planck_TT
619,620.0,-20.472429999999804,-0.010780888390895787,cosmology,cmb_power_spectrum_transition,planck_TT
620,621.0,-308.8480500000003,-0.1626409936092509,cosmology,cmb_power_spectrum_transition,planck_TT
621,622.0,-4.200149999999894,-0.0022118208915610036,cosmology,cmb_power_spectrum_transition,planck_TT
622,623.0,185.17391999999995,0.09751355185606612,cosmology,cmb_power_spectrum_transition,planck_TT
623,624.0,5.0608199999999215,0.0026650542014999144,cosmology,cmb_power_spectrum_transition,planck_TT
624,625.0,-145.87802999999985,-0.07682013127478081,cosmology,cmb_power_spectrum_transition,planck_TT
625,626.0,89.83680000000004,0.04730852733140308,cosmology,cmb_power_spectrum_transition,planck_TT
626,627.0,31.831680000000006,0.016762728673377462,cosmology,cmb_power_spectrum_transition,planck_TT
627,628.0,-184.5865100000001,-0.09720421868703369,cosmology,cmb_power_spectrum_transition,planck_TT
628,629.0,128.11933999999997,0.06746831251860395,cosmology,cmb_power_spectrum_transition,planck_TT
629,630.0,58.07366000000002,0.030581892179425463,cosmology,cmb_power_spectrum_transition,planck_TT
630,631.0,-176.20181000000002,-0.09278879194525728,cosmology,cmb_power_spectrum_transition,planck_TT
631,632.0,-69.44455999999991,-0.03656986741265556,cosmology,cmb_power_spectrum_transition,planck_TT
632,633.0,324.80366000000004,0.17104330103531903,cosmology,cmb_power_spectrum_transition,planck_TT
633,634.0,-89.40205000000014,-0.0470795857144118,cosmology,cmb_power_spectrum_transition,planck_TT
634,635.0,-297.28378999999995,-0.15655119399175044,cosmology,cmb_power_spectrum_transition,planck_TT
635,636.0,241.50986000000012,0.12718035162220084,cosmology,cmb_power_spectrum_transition,planck_TT
636,637.0,64.58425999999986,0.03401040808876134,cosmology,cmb_power_spectrum_transition,planck_TT
637,638.0,-95.46240999999986,-0.050271002891984114,cosmology,cmb_power_spectrum_transition,planck_TT
638,639.0,-10.573070000000143,-0.005567833794968705,cosmology,cmb_power_spectrum_transition,planck_TT
639,640.0,143.96762000000012,0.0758140994070031,cosmology,cmb_power_spectrum_transition,planck_TT
640,641.0,-159.14932,-0.08380886179153989,cosmology,cmb_power_spectrum_transition,planck_TT
641,642.0,109.76731999999993,0.057804043090524844,cosmology,cmb_power_spectrum_transition,planck_TT
642,643.0,-370.49955,-0.1951069949892197,cosmology,cmb_power_spectrum_transition,planck_TT
643,644.0,13.853470000000016,0.007295309540519844,cosmology,cmb_power_spectrum_transition,planck_TT
644,645.0,152.45236999999997,0.08028221300048723,cosmology,cmb_power_spectrum_transition,planck_TT
645,646.0,2.312439999999924,0.0012177429621516584,cosmology,cmb_power_spectrum_transition,planck_TT
646,647.0,90.89920000000006,0.04786799271125726,cosmology,cmb_power_spectrum_transition,planck_TT
647,648.0,74.27232000000004,0.03911219100287094,cosmology,cmb_power_spectrum_transition,planck_TT
648,649.0,15.143049999999903,0.007974409092997507,cosmology,cmb_power_spectrum_transition,planck_TT
649,650.0,-224.69786999999997,-0.1183270700225637,cosmology,cmb_power_spectrum_transition,planck_TT
650,651.0,105.01775999999995,0.0553029000280812,cosmology,cmb_power_spectrum_transition,planck_TT
651,652.0,-92.52368999999999,-0.04872345761611348,cosmology,cmb_power_spectrum_transition,planck_TT
652,653.0,-41.87124999999992,-0.02204961858642568,cosmology,cmb_power_spectrum_transition,planck_TT
653,654.0,189.1655800000001,0.09961558082646217,cosmology,cmb_power_spectrum_transition,planck_TT
654,655.0,-134.32946000000015,-0.07073859409309571,cosmology,cmb_power_spectrum_transition,planck_TT
655,656.0,-33.32459999999992,-0.017548908130165707,cosmology,cmb_power_spectrum_transition,planck_TT
656,657.0,-2.0822200000000066,-0.0010965079096761504,cosmology,cmb_power_spectrum_transition,planck_TT
657,658.0,169.5898299999999,0.08930688879927817,cosmology,cmb_power_spectrum_transition,planck_TT
658,659.0,-155.88672999999994,-0.08209076488485839,cosmology,cmb_power_spectrum_transition,planck_TT
659,660.0,-8.655880000000025,-0.004558231543836671,cosmology,cmb_power_spectrum_transition,planck_TT
660,661.0,134.93778999999995,0.07105894384321486,cosmology,cmb_power_spectrum_transition,planck_TT
661,662.0,193.51704000000018,0.1019070823530249,cosmology,cmb_power_spectrum_transition,planck_TT
662,663.0,-189.38579000000004,-0.09973154456074083,cosmology,cmb_power_spectrum_transition,planck_TT
663,664.0,-160.20341000000008,-0.08436395108206185,cosmology,cmb_power_spectrum_transition,planck_TT
664,665.0,15.876440000000002,0.008360616091238567,cosmology,cmb_power_spectrum_transition,planck_TT
665,666.0,55.90964000000008,0.02944230796320561,cosmology,cmb_power_spectrum_transition,planck_TT
666,667.0,-21.13456999999994,-0.011129574767605795,cosmology,cmb_power_spectrum_transition,planck_TT
667,668.0,-66.63459000000012,-0.03509012255814814,cosmology,cmb_power_spectrum_transition,planck_TT
668,669.0,24.17145000000005,0.01272881161132904,cosmology,cmb_power_spectrum_transition,planck_TT
669,670.0,64.26675999999998,0.033843210933166806,cosmology,cmb_power_spectrum_transition,planck_TT
670,671.0,-19.79937999999993,-0.010426456751296036,cosmology,cmb_power_spectrum_transition,planck_TT
671,672.0,91.70822999999996,0.048294032127920807,cosmology,cmb_power_spectrum_transition,planck_TT
672,673.0,-15.5933500000001,-0.008211539421073976,cosmology,cmb_power_spectrum_transition,planck_TT
673,674.0,10.039340000000038,0.005286768793848955,cosmology,cmb_power_spectrum_transition,planck_TT
674,675.0,-137.62104,-0.07247195728494463,cosmology,cmb_power_spectrum_transition,planck_TT
675,676.0,79.69837000000007,0.04196957722685221,cosmology,cmb_power_spectrum_transition,planck_TT
676,677.0,78.97375999999986,0.04158799382239415,cosmology,cmb_power_spectrum_transition,planck_TT
677,678.0,-161.57920999999988,-0.08508845453613118,cosmology,cmb_power_spectrum_transition,planck_TT
678,679.0,-46.20667000000003,-0.024332673365348313,cosmology,cmb_power_spectrum_transition,planck_TT
679,680.0,-51.19173000000001,-0.02695783195579992,cosmology,cmb_power_spectrum_transition,planck_TT
680,681.0,205.8705500000001,0.10841250513604653,cosmology,cmb_power_spectrum_transition,planck_TT
681,682.0,-174.3448400000002,-0.09181090186014086,cosmology,cmb_power_spectrum_transition,planck_TT
682,683.0,97.64856000000009,0.05142224088160036,cosmology,cmb_power_spectrum_transition,planck_TT
683,684.0,154.07682999999997,0.08113766210718705,cosmology,cmb_power_spectrum_transition,planck_TT
684,685.0,-284.1071999999999,-0.14961233298880183,cosmology,cmb_power_spectrum_transition,planck_TT
685,686.0,209.96794,0.11057021207576848,cosmology,cmb_power_spectrum_transition,planck_TT
686,687.0,56.32182999999986,0.02965936936655836,cosmology,cmb_power_spectrum_transition,planck_TT
687,688.0,-58.94626999999991,-0.03104141315562509,cosmology,cmb_power_spectrum_transition,planck_TT
688,689.0,79.6517100000001,0.041945005827545005,cosmology,cmb_power_spectrum_transition,planck_TT
689,690.0,-245.53430000000003,-0.12929964271152714,cosmology,cmb_power_spectrum_transition,planck_TT
690,691.0,8.585280000000012,0.004521053215695001,cosmology,cmb_power_spectrum_transition,planck_TT
691,692.0,223.19525,0.11753578249519504,cosmology,cmb_power_spectrum_transition,planck_TT
692,693.0,-18.052079999999933,-0.009506319460050573,cosmology,cmb_power_spectrum_transition,planck_TT
693,694.0,-119.8891500000002,-0.06313425154851565,cosmology,cmb_power_spectrum_transition,planck_TT
694,695.0,229.87718000000018,0.12105452167592645,cosmology,cmb_power_spectrum_transition,planck_TT
695,696.0,-31.669110000000046,-0.016677118463660906,cosmology,cmb_power_spectrum_transition,planck_TT
696,697.0,-94.09394999999995,-0.04955036472018895,cosmology,cmb_power_spectrum_transition,planck_TT
697,698.0,-154.54722000000015,-0.08138537193402223,cosmology,cmb_power_spectrum_transition,planck_TT
698,699.0,105.86433000000011,0.05574870820449613,cosmology,cmb_power_spectrum_transition,planck_TT
699,700.0,31.128690000000006,0.01639253047365638,cosmology,cmb_power_spectrum_transition,planck_TT
700,701.0,117.70117000000005,0.06198204987135695,cosmology,cmb_power_spectrum_transition,planck_TT
701,702.0,-8.198399999999992,-0.0043173201903203865,cosmology,cmb_power_spectrum_transition,planck_TT
702,703.0,0.30654999999978827,0.0001614308284960238,cosmology,cmb_power_spectrum_transition,planck_TT
703,704.0,-175.26225,-0.09229401474994875,cosmology,cmb_power_spectrum_transition,planck_TT
704,705.0,8.666580000000067,0.004563866219631535,cosmology,cmb_power_spectrum_transition,planck_TT
705,706.0,3.463999999999942,0.0018241604629280813,cosmology,cmb_power_spectrum_transition,planck_TT
706,707.0,129.13480000000004,0.06800305904969088,cosmology,cmb_power_spectrum_transition,planck_TT
707,708.0,-73.66978999999992,-0.03879489556299557,cosmology,cmb_power_spectrum_transition,planck_TT
708,709.0,0.9221600000000763,0.0004856142645767687,cosmology,cmb_power_spectrum_transition,planck_TT
709,710.0,110.2953,0.05808208011166137,cosmology,cmb_power_spectrum_transition,planck_TT
710,711.0,-79.07001000000014,-0.04163867957428715,cosmology,cmb_power_spectrum_transition,planck_TT
711,712.0,19.208740000000034,0.010115422647420843,cosmology,cmb_power_spectrum_transition,planck_TT
712,713.0,-44.09222,-0.023219192969609743,cosmology,cmb_power_spectrum_transition,planck_TT
713,714.0,-194.8880200000001,-0.10262904756996054,cosmology,cmb_power_spectrum_transition,planck_TT
714,715.0,319.5729600000002,0.1682887871399848,cosmology,cmb_power_spectrum_transition,planck_TT
715,716.0,0.6212699999998677,0.0003271640215944303,cosmology,cmb_power_spectrum_transition,planck_TT
716,717.0,-195.13351999999986,-0.10275832915011308,cosmology,cmb_power_spectrum_transition,planck_TT
717,718.0,229.21839999999997,0.12070760469273703,cosmology,cmb_power_spectrum_transition,planck_TT
718,719.0,-77.47153000000003,-0.04079691167105923,cosmology,cmb_power_spectrum_transition,planck_TT
719,720.0,-147.98952000000008,-0.07793205291908464,cosmology,cmb_power_spectrum_transition,planck_TT
720,721.0,131.6362200000001,0.06932031986527337,cosmology,cmb_power_spectrum_transition,planck_TT
721,722.0,263.28449,0.13864698532338102,cosmology,cmb_power_spectrum_transition,planck_TT
722,723.0,-132.66760999999997,-0.06986345521742672,cosmology,cmb_power_spectrum_transition,planck_TT
723,724.0,-6.0092899999999645,-0.003164523449269402,cosmology,cmb_power_spectrum_transition,planck_TT
724,725.0,-91.50209000000018,-0.048185477729009836,cosmology,cmb_power_spectrum_transition,planck_TT
725,726.0,2.835510000000113,0.0014931943516851896,cosmology,cmb_power_spectrum_transition,planck_TT
726,727.0,14.156569999999874,0.007454923581025979,cosmology,cmb_power_spectrum_transition,planck_TT
727,728.0,-63.36028999999985,-0.033365859104405066,cosmology,cmb_power_spectrum_transition,planck_TT
728,729.0,-193.39249000000018,-0.10184149367356252,cosmology,cmb_power_spectrum_transition,planck_TT
729,730.0,303.13041,0.15963005457078186,cosmology,cmb_power_spectrum_transition,planck_TT
730,731.0,74.3907700000002,0.039174567390525133,cosmology,cmb_power_spectrum_transition,planck_TT
731,732.0,-77.56353000000013,-0.04084535935079062,cosmology,cmb_power_spectrum_transition,planck_TT
732,733.0,185.57883000000015,0.09772677957345775,cosmology,cmb_power_spectrum_transition,planck_TT
733,734.0,-274.71181,-0.14466467162281163,cosmology,cmb_power_spectrum_transition,planck_TT
734,735.0,233.49435999999992,0.12295934752560711,cosmology,cmb_power_spectrum_transition,planck_TT
735,736.0,-22.06435999999985,-0.011619207029968893,cosmology,cmb_power_spectrum_transition,planck_TT
736,737.0,-112.5640800000001,-0.05927683149014931,cosmology,cmb_power_spectrum_transition,planck_TT
737,738.0,-61.815340000000106,-0.03255228037830797,cosmology,cmb_power_spectrum_transition,planck_TT
738,739.0,-15.836239999999862,-0.008339446561616752,cosmology,cmb_power_spectrum_transition,planck_TT
739,740.0,275.0757000000001,0.1448562979943056,cosmology,cmb_power_spectrum_transition,planck_TT
740,741.0,117.79655000000002,0.0620322774767132,cosmology,cmb_power_spectrum_transition,planck_TT
741,742.0,-229.92487000000028,-0.12107963547860463,cosmology,cmb_power_spectrum_transition,planck_TT
742,743.0,33.7152500000002,0.017754626457199014,cosmology,cmb_power_spectrum_transition,planck_TT
743,744.0,85.87447999999995,0.04522194895799965,cosmology,cmb_power_spectrum_transition,planck_TT
744,745.0,-26.13010000000031,-0.013760246914653124,cosmology,cmb_power_spectrum_transition,planck_TT
745,746.0,136.77270000000044,0.0720252170173004,cosmology,cmb_power_spectrum_transition,planck_TT
746,747.0,49.6561099999999,0.026149166456353654,cosmology,cmb_power_spectrum_transition,planck_TT
747,748.0,-14.370080000000144,-0.007567359060367859,cosmology,cmb_power_spectrum_transition,planck_TT
748,749.0,-172.07758999999987,-0.09061695618763095,cosmology,cmb_power_spectrum_transition,planck_TT
749,750.0,86.24656999999979,0.04541789349225214,cosmology,cmb_power_spectrum_transition,planck_TT
750,751.0,-280.96290999999997,-0.14795653347899232,cosmology,cmb_power_spectrum_transition,planck_TT
751,752.0,238.45745999999986,0.12557294186554893,cosmology,cmb_power_spectrum_transition,planck_TT
752,753.0,-11.161399999999958,-0.005877651440798427,cosmology,cmb_power_spectrum_transition,planck_TT
753,754.0,-78.92368999999962,-0.04156162669930546,cosmology,cmb_power_spectrum_transition,planck_TT
754,755.0,127.29217999999992,0.06703272574940196,cosmology,cmb_power_spectrum_transition,planck_TT
755,756.0,213.2220699999998,0.11228385390233543,cosmology,cmb_power_spectrum_transition,planck_TT
756,757.0,-252.54446999999982,-0.13299123478785632,cosmology,cmb_power_spectrum_transition,planck_TT
757,758.0,9.685899999999947,0.005100645446846219,cosmology,cmb_power_spectrum_transition,planck_TT
758,759.0,1.9614599999999882,0.001032915063976603,cosmology,cmb_power_spectrum_transition,planck_TT
759,760.0,201.5936999999999,0.10616029362453543,cosmology,cmb_power_spectrum_transition,planck_TT
760,761.0,-189.47260000000006,-0.09977725915940909,cosmology,cmb_power_spectrum_transition,planck_TT
761,762.0,7.503560000000107,0.003951413823097303,cosmology,cmb_power_spectrum_transition,planck_TT
762,763.0,122.38612999999987,0.06444917423694568,cosmology,cmb_power_spectrum_transition,planck_TT
763,764.0,-139.5333099999998,-0.0734789686384213,cosmology,cmb_power_spectrum_transition,planck_TT
764,765.0,4.4523300000000745,0.0023446201945464366,cosmology,cmb_power_spectrum_transition,planck_TT
765,766.0,25.984570000000076,0.013683610057791012,cosmology,cmb_power_spectrum_transition,planck_TT
766,767.0,-51.17234000000008,-0.02694762108069136,cosmology,cmb_power_spectrum_transition,planck_TT
767,768.0,270.1624499999998,0.142268954924305,cosmology,cmb_power_spectrum_transition,planck_TT
768,769.0,-256.7657300000001,-0.135214172315495,cosmology,cmb_power_spectrum_transition,planck_TT
769,770.0,233.23665000000028,0.12282363609578595,cosmology,cmb_power_spectrum_transition,planck_TT
770,771.0,-205.62207000000035,-0.10828165427235487,cosmology,cmb_power_spectrum_transition,planck_TT
771,772.0,26.250950000000103,0.013823887154821855,cosmology,cmb_power_spectrum_transition,planck_TT
772,773.0,32.128279999999904,0.016918919779989557,cosmology,cmb_power_spectrum_transition,planck_TT
773,774.0,-6.184009999999944,-0.003256531912341793,cosmology,cmb_power_spectrum_transition,planck_TT
774,775.0,-27.161389999999756,-0.014303329606284798,cosmology,cmb_power_spectrum_transition,planck_TT
775,776.0,150.75986999999986,0.07939093367499472,cosmology,cmb_power_spectrum_transition,planck_TT
776,777.0,-212.83305000000018,-0.11207899394180205,cosmology,cmb_power_spectrum_transition,planck_TT
777,778.0,47.48024000000032,0.025003341968342505,cosmology,cmb_power_spectrum_transition,planck_TT
778,779.0,104.11085000000003,0.05482531649302519,cosmology,cmb_power_spectrum_transition,planck_TT
779,780.0,-137.9586400000003,-0.07264973920535024,cosmology,cmb_power_spectrum_transition,planck_TT
780,781.0,230.46237999999994,0.12136269104743484,cosmology,cmb_power_spectrum_transition,planck_TT
781,782.0,-240.48187999999982,-0.12663901199382863,cosmology,cmb_power_spectrum_transition,planck_TT
782,783.0,40.610389999999825,0.021385643135707517,cosmology,cmb_power_spectrum_transition,planck_TT
783,784.0,443.0738800000004,0.23332501560397095,cosmology,cmb_power_spectrum_transition,planck_TT
784,785.0,-163.6161500000003,-0.08616111776169628,cosmology,cmb_power_spectrum_transition,planck_TT
785,786.0,-97.25324999999975,-0.05121406857426759,cosmology,cmb_power_spectrum_transition,planck_TT
786,787.0,17.818249999999807,0.009383183362750715,cosmology,cmb_power_spectrum_transition,planck_TT
787,788.0,-90.49521000000004,-0.04765524947066304,cosmology,cmb_power_spectrum_transition,planck_TT
788,789.0,-58.57681000000002,-0.030846853593086632,cosmology,cmb_power_spectrum_transition,planck_TT
789,790.0,253.6250600000003,0.133560279116562,cosmology,cmb_power_spectrum_transition,planck_TT
790,791.0,-289.2485200000001,-0.1523197789100668,cosmology,cmb_power_spectrum_transition,planck_TT
791,792.0,123.58914999999979,0.06508269084205874,cosmology,cmb_power_spectrum_transition,planck_TT
792,793.0,-15.260279999999966,-0.008036143022289995,cosmology,cmb_power_spectrum_transition,planck_TT
793,794.0,23.22940000000017,0.012232723169036544,cosmology,cmb_power_spectrum_transition,planck_TT
794,795.0,29.807729999999992,0.015696906049548542,cosmology,cmb_power_spectrum_transition,planck_TT
795,796.0,27.26216999999997,0.014356400879799315,cosmology,cmb_power_spectrum_transition,planck_TT
796,797.0,27.61805000000004,0.01454380914352535,cosmology,cmb_power_spectrum_transition,planck_TT
797,798.0,27.77318000000014,0.014625501410446313,cosmology,cmb_power_spectrum_transition,planck_TT
798,799.0,-37.300770000000284,-0.019642779985789706,cosmology,cmb_power_spectrum_transition,planck_TT
799,800.0,-262.72406999999976,-0.13835186522908696,cosmology,cmb_power_spectrum_transition,planck_TT
800,801.0,219.31408999999985,0.11549194340099807,cosmology,cmb_power_spectrum_transition,planck_TT
801,802.0,97.45924000000014,0.05132254398239671,cosmology,cmb_power_spectrum_transition,planck_TT
802,803.0,-194.97098000000005,-0.10267273473855304,cosmology,cmb_power_spectrum_transition,planck_TT
803,804.0,52.02511000000004,0.027396694209435916,cosmology,cmb_power_spectrum_transition,planck_TT
804,805.0,-6.332229999999981,-0.0033345853372307287,cosmology,cmb_power_spectrum_transition,planck_TT
805,806.0,143.1538599999999,0.07538556914767491,cosmology,cmb_power_spectrum_transition,planck_TT
806,807.0,-56.65086999999994,-0.029832643546327996,cosmology,cmb_power_spectrum_transition,planck_TT
807,808.0,-73.5952299999999,-0.038755631878204584,cosmology,cmb_power_spectrum_transition,planck_TT
808,809.0,152.47122999999965,0.08029214477483199,cosmology,cmb_power_spectrum_transition,planck_TT
809,810.0,-127.42980999999963,-0.06710520242506948,cosmology,cmb_power_spectrum_transition,planck_TT
810,811.0,255.7888399999997,0.13469973694753007,cosmology,cmb_power_spectrum_transition,planck_TT
811,812.0,-123.54802999999993,-0.06506103683563975,cosmology,cmb_power_spectrum_transition,planck_TT
812,813.0,-95.13842999999997,-0.0501003933345998,cosmology,cmb_power_spectrum_transition,planck_TT
813,814.0,-10.609199999999873,-0.005586860041367406,cosmology,cmb_power_spectrum_transition,planck_TT
814,815.0,78.07586999999967,0.04111516026637254,cosmology,cmb_power_spectrum_transition,planck_TT
815,816.0,-68.67832999999973,-0.03616636669917123,cosmology,cmb_power_spectrum_transition,planck_TT
816,817.0,-161.63934000000017,-0.08512011930767747,cosmology,cmb_power_spectrum_transition,planck_TT
817,818.0,396.2693400000003,0.20867750077904673,cosmology,cmb_power_spectrum_transition,planck_TT
818,819.0,-264.63287000000037,-0.13935704926246983,cosmology,cmb_power_spectrum_transition,planck_TT
819,820.0,5.47496000000001,0.002883142485021049,cosmology,cmb_power_spectrum_transition,planck_TT
820,821.0,11.032240000000002,0.005809635111297355,cosmology,cmb_power_spectrum_transition,planck_TT
821,822.0,105.24288000000024,0.055421449393963096,cosmology,cmb_power_spectrum_transition,planck_TT
822,823.0,-59.54188999999997,-0.03135506975346843,cosmology,cmb_power_spectrum_transition,planck_TT
823,824.0,-66.00718000000006,-0.03475972518053676,cosmology,cmb_power_spectrum_transition,planck_TT
824,825.0,-118.36896000000024,-0.06233371156752875,cosmology,cmb_power_spectrum_transition,planck_TT
825,826.0,322.23635000000013,0.16969134220215512,cosmology,cmb_power_spectrum_transition,planck_TT
826,827.0,-57.17930999999999,-0.030110922805863163,cosmology,cmb_power_spectrum_transition,planck_TT
827,828.0,3.6569399999998495,0.001925763673008099,cosmology,cmb_power_spectrum_transition,planck_TT
828,829.0,-208.1908699999999,-0.10963439774728816,cosmology,cmb_power_spectrum_transition,planck_TT
829,830.0,185.46284000000014,0.09766569863463123,cosmology,cmb_power_spectrum_transition,planck_TT
830,831.0,-289.35197000000016,-0.15237425621950387,cosmology,cmb_power_spectrum_transition,planck_TT
831,832.0,144.05969000000005,0.07586258394909941,cosmology,cmb_power_spectrum_transition,planck_TT
832,833.0,136.5277500000002,0.07189622507001556,cosmology,cmb_power_spectrum_transition,planck_TT
833,834.0,-41.77719999999999,-0.022000091366004705,cosmology,cmb_power_spectrum_transition,planck_TT
834,835.0,-168.64049000000023,-0.0888069614049723,cosmology,cmb_power_spectrum_transition,planck_TT
835,836.0,166.09483,0.08746640357470152,cosmology,cmb_power_spectrum_transition,planck_TT
836,837.0,-163.44263,-0.08606974122488109,cosmology,cmb_power_spectrum_transition,planck_TT
837,838.0,75.71244000000024,0.03987056570433526,cosmology,cmb_power_spectrum_transition,planck_TT
838,839.0,-47.08024999999998,-0.024792705148606004,cosmology,cmb_power_spectrum_transition,planck_TT
839,840.0,154.67278999999962,0.0814514977508031,cosmology,cmb_power_spectrum_transition,planck_TT
840,841.0,-20.660719999999856,-0.01088004288672859,cosmology,cmb_power_spectrum_transition,planck_TT
841,842.0,24.97389000000021,0.013151380699629367,cosmology,cmb_power_spectrum_transition,planck_TT
842,843.0,139.27846,0.07334476329951342,cosmology,cmb_power_spectrum_transition,planck_TT
843,844.0,-319.86463000000003,-0.1684423820828895,cosmology,cmb_power_spectrum_transition,planck_TT
844,845.0,117.78360999999995,0.062025463205237906,cosmology,cmb_power_spectrum_transition,planck_TT
845,846.0,-262.06817,-0.13800646486891546,cosmology,cmb_power_spectrum_transition,planck_TT
846,847.0,186.67378999999983,0.09830339121909493,cosmology,cmb_power_spectrum_transition,planck_TT
847,848.0,-65.24665999999979,-0.034359231382827,cosmology,cmb_power_spectrum_transition,planck_TT
848,849.0,-57.363760000000184,-0.03020805513767247,cosmology,cmb_power_spectrum_transition,planck_TT
849,850.0,191.93119000000024,0.10107196547365584,cosmology,cmb_power_spectrum_transition,planck_TT
850,851.0,-266.76742000000013,-0.14048111442301914,cosmology,cmb_power_spectrum_transition,planck_TT
851,852.0,252.23765999999978,0.1328296670420044,cosmology,cmb_power_spectrum_transition,planck_TT
852,853.0,-35.18408999999974,-0.0185281252604226,cosmology,cmb_power_spectrum_transition,planck_TT
853,854.0,-16.485349999999926,-0.008681271272382163,cosmology,cmb_power_spectrum_transition,planck_TT
854,855.0,36.27712999999994,0.019103725824048266,cosmology,cmb_power_spectrum_transition,planck_TT
855,856.0,-178.8177599999999,-0.09416636485605306,cosmology,cmb_power_spectrum_transition,planck_TT
856,857.0,92.76542999999992,0.0488507591606597,cosmology,cmb_power_spectrum_transition,planck_TT
857,858.0,-196.10968000000003,-0.10327238009627134,cosmology,cmb_power_spectrum_transition,planck_TT
858,859.0,286.52572999999984,0.15088594349815673,cosmology,cmb_power_spectrum_transition,planck_TT
859,860.0,-76.66595000000007,-0.040372689042385564,cosmology,cmb_power_spectrum_transition,planck_TT
860,861.0,-214.57358999999997,-0.11299557138179758,cosmology,cmb_power_spectrum_transition,planck_TT
861,862.0,129.80095000000028,0.06835385711331098,cosmology,cmb_power_spectrum_transition,planck_TT
862,863.0,161.29034000000001,0.08493633408782696,cosmology,cmb_power_spectrum_transition,planck_TT
863,864.0,-253.01695000000018,-0.13324004521958985,cosmology,cmb_power_spectrum_transition,planck_TT
864,865.0,182.91602999999986,0.09632453520836379,cosmology,cmb_power_spectrum_transition,planck_TT
865,866.0,-38.68685000000005,-0.020372696941463774,cosmology,cmb_power_spectrum_transition,planck_TT
866,867.0,-64.26559999999972,-0.03384260007111789,cosmology,cmb_power_spectrum_transition,planck_TT
867,868.0,-217.89534000000003,-0.1147448222529672,cosmology,cmb_power_spectrum_transition,planck_TT
868,869.0,47.62239999999974,0.02507820416563142,cosmology,cmb_power_spectrum_transition,planck_TT
869,870.0,107.14579000000003,0.05642353172263231,cosmology,cmb_power_spectrum_transition,planck_TT
870,871.0,-27.323279999999613,-0.01438858172445546,cosmology,cmb_power_spectrum_transition,planck_TT
871,872.0,-31.964420000000246,-0.016832630249546492,cosmology,cmb_power_spectrum_transition,planck_TT
872,873.0,267.9633600000002,0.1411109026632138,cosmology,cmb_power_spectrum_transition,planck_TT
873,874.0,-284.2411500000003,-0.14968287175728043,cosmology,cmb_power_spectrum_transition,planck_TT
874,875.0,39.7177300000003,0.02091556372495794,cosmology,cmb_power_spectrum_transition,planck_TT
875,876.0,112.72154999999975,0.0593597560132719,cosmology,cmb_power_spectrum_transition,planck_TT
876,877.0,-257.6105600000001,-0.1356590641988367,cosmology,cmb_power_spectrum_transition,planck_TT
877,878.0,33.51571000000013,0.0176495476527034,cosmology,cmb_power_spectrum_transition,planck_TT
878,879.0,51.53270999999995,0.027137393801830268,cosmology,cmb_power_spectrum_transition,planck_TT
879,880.0,-160.70537999999988,-0.08462829110156983,cosmology,cmb_power_spectrum_transition,planck_TT
880,881.0,127.61619999999994,0.06720335637099492,cosmology,cmb_power_spectrum_transition,planck_TT
881,882.0,-171.95733999999993,-0.09055363191059082,cosmology,cmb_power_spectrum_transition,planck_TT
882,883.0,54.610709999999926,0.0287582846519725,cosmology,cmb_power_spectrum_transition,planck_TT
883,884.0,226.88356999999996,0.11947807103983332,cosmology,cmb_power_spectrum_transition,planck_TT
884,885.0,-89.82796999999982,-0.04730387740735919,cosmology,cmb_power_spectrum_transition,planck_TT
885,886.0,15.948599999999715,0.008398615923514655,cosmology,cmb_power_spectrum_transition,planck_TT
886,887.0,-64.73894999999993,-0.03409186864938792,cosmology,cmb_power_spectrum_transition,planck_TT
887,888.0,-102.70781999999986,-0.05408647357896562,cosmology,cmb_power_spectrum_transition,planck_TT
888,889.0,117.28167999999982,0.061761144249938324,cosmology,cmb_power_spectrum_transition,planck_TT
889,890.0,-17.981399999999667,-0.009469099003491611,cosmology,cmb_power_spectrum_transition,planck_TT
890,891.0,-99.81739000000016,-0.0525643580689019,cosmology,cmb_power_spectrum_transition,planck_TT
891,892.0,113.32119999999986,0.05967553483012959,cosmology,cmb_power_spectrum_transition,planck_TT
892,893.0,-95.44338999999991,-0.05026098686080489,cosmology,cmb_power_spectrum_transition,planck_TT
893,894.0,101.0905600000001,0.05323481602981012,cosmology,cmb_power_spectrum_transition,planck_TT
894,895.0,-263.4715900000001,-0.13874551315900863,cosmology,cmb_power_spectrum_transition,planck_TT
895,896.0,63.180790000000115,0.03327133346840763,cosmology,cmb_power_spectrum_transition,planck_TT
896,897.0,-73.91911000000005,-0.03892618877506758,cosmology,cmb_power_spectrum_transition,planck_TT
897,898.0,-75.90867000000003,-0.03997390144557082,cosmology,cmb_power_spectrum_transition,planck_TT
898,899.0,311.10673999999995,0.16383043154112462,cosmology,cmb_power_spectrum_transition,planck_TT
899,900.0,-227.08377999999993,-0.11958350266982257,cosmology,cmb_power_spectrum_transition,planck_TT
900,901.0,28.001939999999877,0.0147459676193086,cosmology,cmb_power_spectrum_transition,planck_TT
901,902.0,288.22993999999994,0.15178338937071068,cosmology,cmb_power_spectrum_transition,planck_TT
902,903.0,-422.3552199999999,-0.22241446121111558,cosmology,cmb_power_spectrum_transition,planck_TT
903,904.0,21.580180000000155,0.011364235317226403,cosmology,cmb_power_spectrum_transition,planck_TT
904,905.0,148.92297999999982,0.07842361782258477,cosmology,cmb_power_spectrum_transition,planck_TT
905,906.0,-51.98163999999997,-0.027373802680762817,cosmology,cmb_power_spectrum_transition,planck_TT
906,907.0,-12.80099999999993,-0.006741073350445333,cosmology,cmb_power_spectrum_transition,planck_TT
907,908.0,-113.75582000000009,-0.05990440798844317,cosmology,cmb_power_spectrum_transition,planck_TT
908,909.0,-114.99194999999986,-0.060555360492207284,cosmology,cmb_power_spectrum_transition,planck_TT
909,910.0,307.51247999999987,0.16193767548295945,cosmology,cmb_power_spectrum_transition,planck_TT
910,911.0,-215.9246599999999,-0.1137070518889131,cosmology,cmb_power_spectrum_transition,planck_TT
911,912.0,158.1099999999999,0.08326155046003568,cosmology,cmb_power_spectrum_transition,planck_TT
912,913.0,-194.88027999999986,-0.1026249716456004,cosmology,cmb_power_spectrum_transition,planck_TT
913,914.0,-3.4234500000000025,-0.0018028066214813075,cosmology,cmb_power_spectrum_transition,planck_TT
914,915.0,179.9224099999999,0.09474807930621863,cosmology,cmb_power_spectrum_transition,planck_TT
915,916.0,-61.24563999999987,-0.032252273387623626,cosmology,cmb_power_spectrum_transition,planck_TT
916,917.0,-29.71900000000005,-0.015650180368868546,cosmology,cmb_power_spectrum_transition,planck_TT
917,918.0,-75.61743000000001,-0.03982053294290823,cosmology,cmb_power_spectrum_transition,planck_TT
918,919.0,138.8628799999999,0.07312591670448346,cosmology,cmb_power_spectrum_transition,planck_TT
919,920.0,-8.455569999999852,-0.004452747253325862,cosmology,cmb_power_spectrum_transition,planck_TT
920,921.0,-199.93012,-0.10528424372184554,cosmology,cmb_power_spectrum_transition,planck_TT
921,922.0,4.054519999999911,0.0021351313741775767,cosmology,cmb_power_spectrum_transition,planck_TT
922,923.0,-152.02116999999998,-0.08005514083200727,cosmology,cmb_power_spectrum_transition,planck_TT
923,924.0,-54.10232999999994,-0.028490569093039653,cosmology,cmb_power_spectrum_transition,planck_TT
924,925.0,315.38545,0.16608362253833456,cosmology,cmb_power_spectrum_transition,planck_TT
925,926.0,-176.5324700000001,-0.09296291922547437,cosmology,cmb_power_spectrum_transition,planck_TT
926,927.0,-10.610329999999976,-0.005587455105259812,cosmology,cmb_power_spectrum_transition,planck_TT
927,928.0,163.27691000000004,0.08598247220873895,cosmology,cmb_power_spectrum_transition,planck_TT
928,929.0,-36.51462000000015,-0.01922878929643313,cosmology,cmb_power_spectrum_transition,planck_TT
929,930.0,-9.608189999999922,-0.005059722955629652,cosmology,cmb_power_spectrum_transition,planck_TT
930,931.0,-0.33976000000006934,-0.00017891938766875917,cosmology,cmb_power_spectrum_transition,planck_TT
931,932.0,-161.7741199999998,-0.0851910951584837,cosmology,cmb_power_spectrum_transition,planck_TT
932,933.0,76.7390899999998,0.040411204947771846,cosmology,cmb_power_spectrum_transition,planck_TT
933,934.0,-181.76046999999994,-0.09571601128672953,cosmology,cmb_power_spectrum_transition,planck_TT
934,935.0,132.34895000000006,0.06969564719978338,cosmology,cmb_power_spectrum_transition,planck_TT
935,936.0,-60.59520999999995,-0.03190975355797519,cosmology,cmb_power_spectrum_transition,planck_TT
936,937.0,-12.83373000000006,-0.006758309139115042,cosmology,cmb_power_spectrum_transition,planck_TT
937,938.0,223.5629899999999,0.11772943629676462,cosmology,cmb_power_spectrum_transition,planck_TT
938,939.0,-321.1227899999999,-0.16910493569952847,cosmology,cmb_power_spectrum_transition,planck_TT
939,940.0,100.58508000000006,0.052968627625999215,cosmology,cmb_power_spectrum_transition,planck_TT
940,941.0,23.64661000000001,0.012452428130565974,cosmology,cmb_power_spectrum_transition,planck_TT
941,942.0,-69.89949000000001,-0.036809435922874986,cosmology,cmb_power_spectrum_transition,planck_TT
942,943.0,-48.99513999999999,-0.0258010962077447,cosmology,cmb_power_spectrum_transition,planck_TT
943,944.0,92.13084000000003,0.04851658075760851,cosmology,cmb_power_spectrum_transition,planck_TT
944,945.0,-59.18772000000013,-0.031168561984659265,cosmology,cmb_power_spectrum_transition,planck_TT
945,946.0,-75.70829000000003,-0.03986838029269509,cosmology,cmb_power_spectrum_transition,planck_TT
946,947.0,17.23073999999997,0.009073797533196848,cosmology,cmb_power_spectrum_transition,planck_TT
947,948.0,-4.887759999999844,-0.002573919903083494,cosmology,cmb_power_spectrum_transition,planck_TT
948,949.0,93.3434299999999,0.04915513697462402,cosmology,cmb_power_spectrum_transition,planck_TT
949,950.0,40.16912000000002,0.02115326805271793,cosmology,cmb_power_spectrum_transition,planck_TT
950,951.0,-187.81992999999989,-0.09890695451960893,cosmology,cmb_power_spectrum_transition,planck_TT
951,952.0,86.63203999999996,0.045620884004274435,cosmology,cmb_power_spectrum_transition,planck_TT
952,953.0,-5.5490400000001046,-0.0029221533993091225,cosmology,cmb_power_spectrum_transition,planck_TT
953,954.0,-44.252500000000055,-0.02330359725338521,cosmology,cmb_power_spectrum_transition,planck_TT
954,955.0,4.183179999999993,0.00220288440107148,cosmology,cmb_power_spectrum_transition,planck_TT
955,956.0,161.18041000000017,0.08487844437660022,cosmology,cmb_power_spectrum_transition,planck_TT
956,957.0,-107.36950999999999,-0.05654134384121377,cosmology,cmb_power_spectrum_transition,planck_TT
957,958.0,-111.07230000000004,-0.05849125236330548,cosmology,cmb_power_spectrum_transition,planck_TT
958,959.0,60.46730000000002,0.03184239548499222,cosmology,cmb_power_spectrum_transition,planck_TT
959,960.0,-27.60191000000009,-0.014535309735363811,cosmology,cmb_power_spectrum_transition,planck_TT
960,961.0,-45.29473000000007,-0.023852441006063502,cosmology,cmb_power_spectrum_transition,planck_TT
961,962.0,-90.47997999999984,-0.04764722927324654,cosmology,cmb_power_spectrum_transition,planck_TT
962,963.0,129.69824999999992,0.06829977475778459,cosmology,cmb_power_spectrum_transition,planck_TT
963,964.0,-149.65265,-0.07880786584942803,cosmology,cmb_power_spectrum_transition,planck_TT
964,965.0,129.56592999999998,0.0682300943558058,cosmology,cmb_power_spectrum_transition,planck_TT
965,966.0,6.623790000000099,0.003488122353562003,cosmology,cmb_power_spectrum_transition,planck_TT
966,967.0,38.73040999999989,0.020395635864606056,cosmology,cmb_power_spectrum_transition,planck_TT
967,968.0,-20.9998599999999,-0.011058635779164364,cosmology,cmb_power_spectrum_transition,planck_TT
968,969.0,-82.3141700000001,-0.0433470711468659,cosmology,cmb_power_spectrum_transition,planck_TT
969,970.0,37.605870000000095,0.01980344723672476,cosmology,cmb_power_spectrum_transition,planck_TT
970,971.0,-0.9508800000000974,-0.0005007383663363917,cosmology,cmb_power_spectrum_transition,planck_TT
971,972.0,-111.29528000000005,-0.058608674794028266,cosmology,cmb_power_spectrum_transition,planck_TT
972,973.0,1.2627600000000712,0.0006649760006256445,cosmology,cmb_power_spectrum_transition,planck_TT
973,974.0,75.50941000000012,0.03976364904764111,cosmology,cmb_power_spectrum_transition,planck_TT
974,975.0,-109.47516000000019,-0.057650190111065085,cosmology,cmb_power_spectrum_transition,planck_TT
975,976.0,38.18214000000012,0.020106914023668068,cosmology,cmb_power_spectrum_transition,planck_TT
976,977.0,77.69009000000005,0.04091200650673406,cosmology,cmb_power_spectrum_transition,planck_TT
977,978.0,-132.62508000000003,-0.06984105869765529,cosmology,cmb_power_spectrum_transition,planck_TT
978,979.0,62.367680000000064,0.03284314550246895,cosmology,cmb_power_spectrum_transition,planck_TT
979,980.0,17.823979999999892,0.00938620081062968,cosmology,cmb_power_spectrum_transition,planck_TT
980,981.0,-17.54905000000008,-0.00924142123901522,cosmology,cmb_power_spectrum_transition,planck_TT
981,982.0,-0.0354099999999562,-1.864709064440085e-05,cosmology,cmb_power_spectrum_transition,planck_TT
982,983.0,24.261999999999944,0.01277649571349935,cosmology,cmb_power_spectrum_transition,planck_TT
983,984.0,-54.84098999999992,-0.028879551300760913,cosmology,cmb_power_spectrum_transition,planck_TT
984,985.0,50.343399999999974,0.026511096954207582,cosmology,cmb_power_spectrum_transition,planck_TT
985,986.0,-35.606579999999894,-0.018750610697484602,cosmology,cmb_power_spectrum_transition,planck_TT
986,987.0,-43.59752000000003,-0.022958681370010874,cosmology,cmb_power_spectrum_transition,planck_TT
987,988.0,57.352820000000065,0.030202294076626095,cosmology,cmb_power_spectrum_transition,planck_TT
988,989.0,-151.39431500000012,-0.07972503572029001,cosmology,cmb_power_spectrum_transition,planck_TT
989,990.0,113.44944500000008,0.05974306931585956,cosmology,cmb_power_spectrum_transition,planck_TT
990,991.0,124.40508,0.06551236383470231,cosmology,cmb_power_spectrum_transition,planck_TT
991,992.0,-58.12626999999998,-0.03060959687975877,cosmology,cmb_power_spectrum_transition,planck_TT
992,993.0,-33.46115000000009,-0.017620816072201832,cosmology,cmb_power_spectrum_transition,planck_TT
993,994.0,-85.89229999999998,-0.04523133306292154,cosmology,cmb_power_spectrum_transition,planck_TT
994,995.0,-23.36507000000006,-0.01230416769848379,cosmology,cmb_power_spectrum_transition,planck_TT
995,996.0,80.48225000000002,0.04238237252237184,cosmology,cmb_power_spectrum_transition,planck_TT
996,997.0,-62.75816000000009,-0.033048774306615666,cosmology,cmb_power_spectrum_transition,planck_TT
997,998.0,19.709120000000212,0.010378925364638018,cosmology,cmb_power_spectrum_transition,planck_TT
998,999.0,-78.55832500000008,-0.04136922358512044,cosmology,cmb_power_spectrum_transition,planck_TT
999,1000.0,80.93512500000008,0.0426208588588755,cosmology,cmb_power_spectrum_transition,planck_TT
1000,1001.0,-37.782080000000065,-0.019896240341566708,cosmology,cmb_power_spectrum_transition,planck_TT
1001,1002.0,97.73291000000006,0.05146666003144099,cosmology,cmb_power_spectrum_transition,planck_TT
1002,1003.0,-92.3504200000001,-0.04863221273060212,cosmology,cmb_power_spectrum_transition,planck_TT
1003,1004.0,15.338350000000105,0.008077255091383833,cosmology,cmb_power_spectrum_transition,planck_TT
1004,1005.0,-32.82332000000008,-0.017284931468255688,cosmology,cmb_power_spectrum_transition,planck_TT
1005,1006.0,51.605609999999956,0.02717578332196522,cosmology,cmb_power_spectrum_transition,planck_TT
1006,1007.0,-81.04063899999994,-0.042676423081475144,cosmology,cmb_power_spectrum_transition,planck_TT
1007,1008.0,127.30196899999999,0.06703788068784645,cosmology,cmb_power_spectrum_transition,planck_TT
1008,1009.0,23.71575000000007,0.012488837615094544,cosmology,cmb_power_spectrum_transition,planck_TT
1009,1010.0,-47.66654000000017,-0.025101448519798404,cosmology,cmb_power_spectrum_transition,planck_TT
1010,1011.0,-123.97267699999998,-0.06528465816014932,cosmology,cmb_power_spectrum_transition,planck_TT
1011,1012.0,131.45369700000015,0.06922420230171247,cosmology,cmb_power_spectrum_transition,planck_TT
1012,1013.0,51.78751999999986,0.027271578076529617,cosmology,cmb_power_spectrum_transition,planck_TT
1013,1014.0,-19.393229999999903,-0.01021257604343856,cosmology,cmb_power_spectrum_transition,planck_TT
1014,1015.0,-56.2322200000001,-0.029612180273289726,cosmology,cmb_power_spectrum_transition,planck_TT
1015,1016.0,30.617639999999938,0.016123408878800854,cosmology,cmb_power_spectrum_transition,planck_TT
1016,1017.0,-136.52788799999985,-0.07189629774153497,cosmology,cmb_power_spectrum_transition,planck_TT
1017,1018.0,212.32761800000003,0.11181283081504138,cosmology,cmb_power_spectrum_transition,planck_TT
1018,1019.0,-184.86963500000013,-0.09735331378838086,cosmology,cmb_power_spectrum_transition,planck_TT
1019,1020.0,40.694585000000075,0.02142998066174005,cosmology,cmb_power_spectrum_transition,planck_TT
1020,1021.0,22.323129999999992,0.01175547666131767,cosmology,cmb_power_spectrum_transition,planck_TT
1021,1022.0,-33.60297000000003,-0.017695499223718103,cosmology,cmb_power_spectrum_transition,planck_TT
1022,1023.0,67.25201000000004,0.03541525914966688,cosmology,cmb_power_spectrum_transition,planck_TT
1023,1024.0,-93.51428099999998,-0.04924510800212168,cosmology,cmb_power_spectrum_transition,planck_TT
1024,1025.0,74.04350099999988,0.03899169372430078,cosmology,cmb_power_spectrum_transition,planck_TT
1025,1026.0,-94.81295799999987,-0.04992899808223539,cosmology,cmb_power_spectrum_transition,planck_TT
1026,1027.0,96.24530799999991,0.05068328106118318,cosmology,cmb_power_spectrum_transition,planck_TT
1027,1028.0,-35.59039000000007,-0.018742084959062405,cosmology,cmb_power_spectrum_transition,planck_TT
1028,1029.0,-19.295969999999897,-0.010161358420279092,cosmology,cmb_power_spectrum_transition,planck_TT
1029,1030.0,2.853340000000003,0.0015025837226591524,cosmology,cmb_power_spectrum_transition,planck_TT
1030,1031.0,49.35566000000006,0.02599094791966588,cosmology,cmb_power_spectrum_transition,planck_TT
1031,1032.0,14.082889999999907,0.007416123308823761,cosmology,cmb_power_spectrum_transition,planck_TT
1032,1033.0,33.366559999999936,0.017571004484964927,cosmology,cmb_power_spectrum_transition,planck_TT
1033,1034.0,-19.960459999999784,-0.010511282319242976,cosmology,cmb_power_spectrum_transition,planck_TT
1034,1035.0,-73.37265000000014,-0.038638420089567714,cosmology,cmb_power_spectrum_transition,planck_TT
1035,1036.0,-16.918363,-0.008909298176116003,cosmology,cmb_power_spectrum_transition,planck_TT
1036,1037.0,109.10551300000009,0.05745553207335141,cosmology,cmb_power_spectrum_transition,planck_TT
1037,1038.0,-1.486180000000104,-0.0007826301376428091,cosmology,cmb_power_spectrum_transition,planck_TT
1038,1039.0,-17.077530000000024,-0.008993116348287748,cosmology,cmb_power_spectrum_transition,planck_TT
1039,1040.0,-0.2567199999998593,-0.0001351900906589631,cosmology,cmb_power_spectrum_transition,planck_TT
1040,1041.0,-93.52947700000004,-0.049253110294960815,cosmology,cmb_power_spectrum_transition,planck_TT
1041,1042.0,10.036686999999915,0.005285371710214899,cosmology,cmb_power_spectrum_transition,planck_TT
1042,1043.0,133.49472000000003,0.070299015656368,cosmology,cmb_power_spectrum_transition,planck_TT
1043,1044.0,-117.66140999999993,-0.06196111204802952,cosmology,cmb_power_spectrum_transition,planck_TT
1044,1045.0,61.035899999999856,0.03214182320994044,cosmology,cmb_power_spectrum_transition,planck_TT
1045,1046.0,-10.003369999999904,-0.005267826804284357,cosmology,cmb_power_spectrum_transition,planck_TT
1046,1047.0,-42.91251000000011,-0.022597951532046027,cosmology,cmb_power_spectrum_transition,planck_TT
1047,1048.0,148.13619000000017,0.07800929010589118,cosmology,cmb_power_spectrum_transition,planck_TT
1048,1049.0,-101.09645999999998,-0.053237923000575435,cosmology,cmb_power_spectrum_transition,planck_TT
1049,1050.0,2.671429999999873,0.0014067889680946346,cosmology,cmb_power_spectrum_transition,planck_TT
1050,1051.0,48.87650000000008,0.025738619765099884,cosmology,cmb_power_spectrum_transition,planck_TT
1051,1052.0,-13.420309999999972,-0.007067205225819492,cosmology,cmb_power_spectrum_transition,planck_TT
1052,1053.0,60.105350000000044,0.0316517907276144,cosmology,cmb_power_spectrum_transition,planck_TT
1053,1054.0,-121.47022000000015,-0.06396685125495954,cosmology,cmb_power_spectrum_transition,planck_TT
1054,1055.0,61.90796999999998,0.032601059819324374,cosmology,cmb_power_spectrum_transition,planck_TT
1055,1056.0,-46.12727999999993,-0.024290866177371393,cosmology,cmb_power_spectrum_transition,planck_TT
1056,1057.0,120.67649000000006,0.0635488688980773,cosmology,cmb_power_spectrum_transition,planck_TT
1057,1058.0,70.40413999999987,0.037075187244357787,cosmology,cmb_power_spectrum_transition,planck_TT
1058,1059.0,-78.30760999999984,-0.04123719575877418,cosmology,cmb_power_spectrum_transition,planck_TT
1059,1060.0,-90.16264000000001,-0.04748011637448635,cosmology,cmb_power_spectrum_transition,planck_TT
1060,1061.0,-5.192230000000109,-0.0027342553927336686,cosmology,cmb_power_spectrum_transition,planck_TT
1061,1062.0,-11.803750000000036,-0.00621591630031402,cosmology,cmb_power_spectrum_transition,planck_TT
1062,1063.0,-67.79480999999998,-0.0357011004600818,cosmology,cmb_power_spectrum_transition,planck_TT
1063,1064.0,151.83923000000016,0.07995933027928648,cosmology,cmb_power_spectrum_transition,planck_TT
1064,1065.0,2.590109999999868,0.0013639654320538367,cosmology,cmb_power_spectrum_transition,planck_TT
1065,1066.0,3.2149899999999434,0.0016930304984726174,cosmology,cmb_power_spectrum_transition,planck_TT
1066,1067.0,-18.277339999999867,-0.009624942550662314,cosmology,cmb_power_spectrum_transition,planck_TT
1067,1068.0,42.08047999999985,0.022159800195449445,cosmology,cmb_power_spectrum_transition,planck_TT
1068,1069.0,-54.76776999999993,-0.02884099326695734,cosmology,cmb_power_spectrum_transition,planck_TT
1069,1070.0,-8.53505999999993,-0.004494607101824216,cosmology,cmb_power_spectrum_transition,planck_TT
1070,1071.0,-60.18394000000012,-0.031693176631419726,cosmology,cmb_power_spectrum_transition,planck_TT
1071,1072.0,91.47712000000001,0.04817232839680441,cosmology,cmb_power_spectrum_transition,planck_TT
1072,1073.0,53.86187000000018,0.028363941603168047,cosmology,cmb_power_spectrum_transition,planck_TT
1073,1074.0,-41.222530000000006,-0.021707999251693994,cosmology,cmb_power_spectrum_transition,planck_TT
1074,1075.0,64.02613999999994,0.03371649918646074,cosmology,cmb_power_spectrum_transition,planck_TT
1075,1076.0,-85.61356,-0.04508454712543986,cosmology,cmb_power_spectrum_transition,planck_TT
1076,1077.0,-51.80818999999997,-0.027282463006312794,cosmology,cmb_power_spectrum_transition,planck_TT
1077,1078.0,139.75472999999988,0.07359556956500954,cosmology,cmb_power_spectrum_transition,planck_TT
1078,1079.0,-116.48013999999989,-0.061339049106331145,cosmology,cmb_power_spectrum_transition,planck_TT
1079,1080.0,12.555669999999964,0.00661188129317914,cosmology,cmb_power_spectrum_transition,planck_TT
1080,1081.0,102.31934000000001,0.05388189798524795,cosmology,cmb_power_spectrum_transition,planck_TT
1081,1082.0,20.34618999999998,0.01071440974862104,cosmology,cmb_power_spectrum_transition,planck_TT
1082,1083.0,30.560269999999946,0.01609319753764665,cosmology,cmb_power_spectrum_transition,planck_TT
1083,1084.0,-74.60885000000007,-0.039289409455696936,cosmology,cmb_power_spectrum_transition,planck_TT
1084,1085.0,44.89832000000001,0.023643689432994955,cosmology,cmb_power_spectrum_transition,planck_TT
1085,1086.0,61.20413000000008,0.032230414005171036,cosmology,cmb_power_spectrum_transition,planck_TT
1086,1087.0,-262.1722500000001,-0.13806127393963766,cosmology,cmb_power_spectrum_transition,planck_TT
1087,1088.0,199.2136700000001,0.10490695741593772,cosmology,cmb_power_spectrum_transition,planck_TT
1088,1089.0,24.16071000000011,0.012723155871325652,cosmology,cmb_power_spectrum_transition,planck_TT
1089,1090.0,-85.47252000000003,-0.04501027472599087,cosmology,cmb_power_spectrum_transition,planck_TT
1090,1091.0,63.905790000000025,0.03365312224889918,cosmology,cmb_power_spectrum_transition,planck_TT
1091,1092.0,31.46898999999985,0.016571734228140834,cosmology,cmb_power_spectrum_transition,planck_TT
1092,1093.0,-137.87041999999997,-0.07260328209332943,cosmology,cmb_power_spectrum_transition,planck_TT
1093,1094.0,107.10146000000009,0.056400187313474834,cosmology,cmb_power_spectrum_transition,planck_TT
1094,1095.0,-152.60474999999997,-0.08036245710306833,cosmology,cmb_power_spectrum_transition,planck_TT
1095,1096.0,103.65617999999995,0.054585884900161544,cosmology,cmb_power_spectrum_transition,planck_TT
1096,1097.0,58.927220000000034,0.03103138132628948,cosmology,cmb_power_spectrum_transition,planck_TT
1097,1098.0,-143.81299000000013,-0.07573267044268941,cosmology,cmb_power_spectrum_transition,planck_TT
1098,1099.0,171.37854000000016,0.09024883281245503,cosmology,cmb_power_spectrum_transition,planck_TT
1099,1100.0,-15.534450000000106,-0.008180522373941628,cosmology,cmb_power_spectrum_transition,planck_TT
1100,1101.0,-109.06205,-0.057432644230914806,cosmology,cmb_power_spectrum_transition,planck_TT
1101,1102.0,118.32113000000004,0.06230852404012049,cosmology,cmb_power_spectrum_transition,planck_TT
1102,1103.0,-61.13411999999994,-0.03219354637410584,cosmology,cmb_power_spectrum_transition,planck_TT
1103,1104.0,0.7228299999999308,0.00038064604717615496,cosmology,cmb_power_spectrum_transition,planck_TT
1104,1105.0,-146.76722999999993,-0.07728838863148861,cosmology,cmb_power_spectrum_transition,planck_TT
1105,1106.0,187.8189699999998,0.098906448978603,cosmology,cmb_power_spectrum_transition,planck_TT
1106,1107.0,-64.05576999999994,-0.033732102498965515,cosmology,cmb_power_spectrum_transition,planck_TT
1107,1108.0,-18.688879999999926,-0.009841661660625807,cosmology,cmb_power_spectrum_transition,planck_TT
1108,1109.0,117.74000999999998,0.06200250321788698,cosmology,cmb_power_spectrum_transition,planck_TT
1109,1110.0,-106.71606999999995,-0.05619723892986971,cosmology,cmb_power_spectrum_transition,planck_TT
1110,1111.0,17.12148000000002,0.009016260647463754,cosmology,cmb_power_spectrum_transition,planck_TT
1111,1112.0,78.45429999999988,0.041314443477684974,cosmology,cmb_power_spectrum_transition,planck_TT
1112,1113.0,-124.24427999999989,-0.06542768571621528,cosmology,cmb_power_spectrum_transition,planck_TT
1113,1114.0,-42.45687000000021,-0.022358009132124435,cosmology,cmb_power_spectrum_transition,planck_TT
1114,1115.0,164.8378200000002,0.08680445555405922,cosmology,cmb_power_spectrum_transition,planck_TT
1115,1116.0,9.893519999999853,0.005209979221474673,cosmology,cmb_power_spectrum_transition,planck_TT
1116,1117.0,-24.370480000000043,-0.012833621847165234,cosmology,cmb_power_spectrum_transition,planck_TT
1117,1118.0,-44.1423699999998,-0.023245602221115366,cosmology,cmb_power_spectrum_transition,planck_TT
1118,1119.0,-10.599339999999984,-0.005581667713952778,cosmology,cmb_power_spectrum_transition,planck_TT
1119,1120.0,0.7379300000000057,0.00038859778591470904,cosmology,cmb_power_spectrum_transition,planck_TT
1120,1121.0,86.21841999999992,0.04540306955546485,cosmology,cmb_power_spectrum_transition,planck_TT
1121,1122.0,-44.76810999999998,-0.02357512016801865,cosmology,cmb_power_spectrum_transition,planck_TT
1122,1123.0,-65.0030200000001,-0.034230929288373416,cosmology,cmb_power_spectrum_transition,planck_TT
1123,1124.0,48.61410999999998,0.025600443822874745,cosmology,cmb_power_spectrum_transition,planck_TT
1124,1125.0,0.3219000000001415,0.00016951421853834218,cosmology,cmb_power_spectrum_transition,planck_TT
1125,1126.0,77.6903299999999,0.04091213289198545,cosmology,cmb_power_spectrum_transition,planck_TT
1126,1127.0,-38.11327000000006,-0.02007064672254741,cosmology,cmb_power_spectrum_transition,planck_TT
1127,1128.0,-59.088869999999815,-0.031116507059208626,cosmology,cmb_power_spectrum_transition,planck_TT
1128,1129.0,5.318959999999834,0.0028009920715634544,cosmology,cmb_power_spectrum_transition,planck_TT
1129,1130.0,-14.976899999999887,-0.007886913636613115,cosmology,cmb_power_spectrum_transition,planck_TT
1130,1131.0,4.875509999999849,0.002567468989206225,cosmology,cmb_power_spectrum_transition,planck_TT
1131,1132.0,21.609730000000127,0.011379796501314012,cosmology,cmb_power_spectrum_transition,planck_TT
1132,1133.0,-57.64567000000011,-0.030356510413683997,cosmology,cmb_power_spectrum_transition,planck_TT
1133,1134.0,-23.211409999999887,-0.01222324954122806,cosmology,cmb_power_spectrum_transition,planck_TT
1134,1135.0,143.95508999999993,0.07580750104366567,cosmology,cmb_power_spectrum_transition,planck_TT
1135,1136.0,-87.12567999999987,-0.045880837402345935,cosmology,cmb_power_spectrum_transition,planck_TT
1136,1137.0,-14.250960000000077,-0.0075046298472200195,cosmology,cmb_power_spectrum_transition,planck_TT
1137,1138.0,-76.95567000000005,-0.04052525710512214,cosmology,cmb_power_spectrum_transition,planck_TT
1138,1139.0,124.81810999999993,0.0657298675864353,cosmology,cmb_power_spectrum_transition,planck_TT
1139,1140.0,-70.96989999999983,-0.037373119410496966,cosmology,cmb_power_spectrum_transition,planck_TT
1140,1141.0,65.44672999999989,0.0344645892880863,cosmology,cmb_power_spectrum_transition,planck_TT
1141,1142.0,36.48958000000016,0.01921560310186278,cosmology,cmb_power_spectrum_transition,planck_TT
1142,1143.0,-175.4872200000002,-0.09241248512504843,cosmology,cmb_power_spectrum_transition,planck_TT
1143,1144.0,196.56191000000013,0.10351052677241168,cosmology,cmb_power_spectrum_transition,planck_TT
1144,1145.0,-29.53388999999993,-0.015552700477617726,cosmology,cmb_power_spectrum_transition,planck_TT
1145,1146.0,-41.4352600000002,-0.021820023978968546,cosmology,cmb_power_spectrum_transition,planck_TT
1146,1147.0,94.31061,0.0496644590059563,cosmology,cmb_power_spectrum_transition,planck_TT
1147,1148.0,-196.54399999999987,-0.10350109527302037,cosmology,cmb_power_spectrum_transition,planck_TT
1148,1149.0,4.133299999999963,0.002176617332973642,cosmology,cmb_power_spectrum_transition,planck_TT
1149,1150.0,105.2207800000001,0.05540981141872321,cosmology,cmb_power_spectrum_transition,planck_TT
1150,1151.0,-56.94830000000002,-0.029989271735268195,cosmology,cmb_power_spectrum_transition,planck_TT
1151,1152.0,59.76174999999989,0.03147084917592202,cosmology,cmb_power_spectrum_transition,planck_TT
1152,1153.0,-99.56906000000004,-0.052433586195992206,cosmology,cmb_power_spectrum_transition,planck_TT
1153,1154.0,165.38875000000007,0.08709457816486775,cosmology,cmb_power_spectrum_transition,planck_TT
1154,1155.0,-54.762719999999945,-0.028838333910624268,cosmology,cmb_power_spectrum_transition,planck_TT
1155,1156.0,14.932879999999841,0.00786373247507207,cosmology,cmb_power_spectrum_transition,planck_TT
1156,1157.0,-58.587369999999964,-0.030852414544151417,cosmology,cmb_power_spectrum_transition,planck_TT
1157,1158.0,-24.25597999999991,-0.012773325550108214,cosmology,cmb_power_spectrum_transition,planck_TT
1158,1159.0,-44.5471,-0.023458735149568387,cosmology,cmb_power_spectrum_transition,planck_TT
1159,1160.0,120.37006999999994,0.06338750652825899,cosmology,cmb_power_spectrum_transition,planck_TT
1160,1161.0,-41.35663999999997,-0.0217786222770067,cosmology,cmb_power_spectrum_transition,planck_TT
1161,1162.0,-94.50233000000003,-0.04976541975767473,cosmology,cmb_power_spectrum_transition,planck_TT
1162,1163.0,71.07517000000007,0.03742855514142447,cosmology,cmb_power_spectrum_transition,planck_TT
1163,1164.0,-56.95754000000011,-0.029994137567449956,cosmology,cmb_power_spectrum_transition,planck_TT
1164,1165.0,33.23301000000015,0.017500676358572415,cosmology,cmb_power_spectrum_transition,planck_TT
1165,1166.0,-6.093070000000125,-0.003208642434137881,cosmology,cmb_power_spectrum_transition,planck_TT
1166,1167.0,9.650980000000118,0.005082256392756976,cosmology,cmb_power_spectrum_transition,planck_TT
1167,1168.0,-65.37142000000017,-0.03442493064938463,cosmology,cmb_power_spectrum_transition,planck_TT
1168,1169.0,34.200000000000045,0.01800989833491383,cosmology,cmb_power_spectrum_transition,planck_TT
1169,1170.0,-22.732989999999972,-0.01197131107452081,cosmology,cmb_power_spectrum_transition,planck_TT
1170,1171.0,-32.76225999999997,-0.01725277695386002,cosmology,cmb_power_spectrum_transition,planck_TT
1171,1172.0,84.3434400000001,0.0444156953104358,cosmology,cmb_power_spectrum_transition,planck_TT
1172,1173.0,67.24146999999994,0.0354097087307063,cosmology,cmb_power_spectrum_transition,planck_TT
1173,1174.0,-114.60081000000014,-0.060349384128619184,cosmology,cmb_power_spectrum_transition,planck_TT
1174,1175.0,-29.62927999999988,-0.015602933349026106,cosmology,cmb_power_spectrum_transition,planck_TT
1175,1176.0,18.360480000000052,0.009668724508193543,cosmology,cmb_power_spectrum_transition,planck_TT
1176,1177.0,22.968079999999873,0.012095110694390784,cosmology,cmb_power_spectrum_transition,planck_TT
1177,1178.0,62.27204000000006,0.03279278097975693,cosmology,cmb_power_spectrum_transition,planck_TT
1178,1179.0,-44.77026000000001,-0.023576252369229774,cosmology,cmb_power_spectrum_transition,planck_TT
1179,1180.0,-44.637660000000096,-0.023506424517790947,cosmology,cmb_power_spectrum_transition,planck_TT
1180,1181.0,111.28201000000013,0.058601686742832275,cosmology,cmb_power_spectrum_transition,planck_TT
1181,1182.0,-131.11319000000003,-0.06904488953994849,cosmology,cmb_power_spectrum_transition,planck_TT
1182,1183.0,51.374649999999974,0.027054158581630967,cosmology,cmb_power_spectrum_transition,planck_TT
1183,1184.0,-48.52889000000005,-0.02555556652649755,cosmology,cmb_power_spectrum_transition,planck_TT
1184,1185.0,27.427110000000084,0.01444325914387425,cosmology,cmb_power_spectrum_transition,planck_TT
1185,1186.0,23.755349999999908,0.012509691181587516,cosmology,cmb_power_spectrum_transition,planck_TT
1186,1187.0,22.430540000000065,0.011812039327404055,cosmology,cmb_power_spectrum_transition,planck_TT
1187,1188.0,-111.22913999999992,-0.058573845125143076,cosmology,cmb_power_spectrum_transition,planck_TT
1188,1189.0,54.15536999999995,0.02851850023361521,cosmology,cmb_power_spectrum_transition,planck_TT
1189,1190.0,54.00179000000003,0.02843762420477677,cosmology,cmb_power_spectrum_transition,planck_TT
1190,1191.0,-139.09072000000015,-0.07324589843654869,cosmology,cmb_power_spectrum_transition,planck_TT
1191,1192.0,84.14704000000006,0.04431227004631364,cosmology,cmb_power_spectrum_transition,planck_TT
1192,1193.0,-70.79237999999987,-0.03727963645282407,cosmology,cmb_power_spectrum_transition,planck_TT
1193,1194.0,78.56211999999982,0.041371222051909226,cosmology,cmb_power_spectrum_transition,planck_TT
1194,1195.0,-21.462209999999914,-0.011302111700075114,cosmology,cmb_power_spectrum_transition,planck_TT
1195,1196.0,-18.705089999999927,-0.009850197931152386,cosmology,cmb_power_spectrum_transition,planck_TT
1196,1197.0,-1.7172800000000734,-0.000904328602707079,cosmology,cmb_power_spectrum_transition,planck_TT
1197,1198.0,-77.94491900000003,-0.04104620078693252,cosmology,cmb_power_spectrum_transition,planck_TT
1198,1199.0,6.063939000000005,0.003193301897635058,cosmology,cmb_power_spectrum_transition,planck_TT
1199,1200.0,-4.710153999999989,-0.002480391657362205,cosmology,cmb_power_spectrum_transition,planck_TT
1200,1201.0,-41.00387999999998,-0.02159285702154986,cosmology,cmb_power_spectrum_transition,planck_TT
1201,1202.0,-3.5526680000000397,-0.001870853494084862,cosmology,cmb_power_spectrum_transition,planck_TT
1202,1203.0,125.84853199999998,0.06627249318474113,cosmology,cmb_power_spectrum_transition,planck_TT
1203,1204.0,-86.56022999999993,-0.04558306848382324,cosmology,cmb_power_spectrum_transition,planck_TT
1204,1205.0,15.889670000000024,0.008367583078226031,cosmology,cmb_power_spectrum_transition,planck_TT
1205,1206.0,-15.47480900000005,-0.008149115112345324,cosmology,cmb_power_spectrum_transition,planck_TT
1206,1207.0,-38.581421999999975,-0.02031717800691247,cosmology,cmb_power_spectrum_transition,planck_TT
1207,1208.0,-5.310055000000034,-0.0027963026521286944,cosmology,cmb_power_spectrum_transition,planck_TT
1208,1209.0,97.05512599999997,0.05110973544275582,cosmology,cmb_power_spectrum_transition,planck_TT
1209,1210.0,-134.29175799999996,-0.07071874002329963,cosmology,cmb_power_spectrum_transition,planck_TT
1210,1211.0,130.26362800000004,0.06859750576073194,cosmology,cmb_power_spectrum_transition,planck_TT
1211,1212.0,-63.17000100000007,-0.033265651924748674,cosmology,cmb_power_spectrum_transition,planck_TT
1212,1213.0,-94.94520399999999,-0.049998639515428406,cosmology,cmb_power_spectrum_transition,planck_TT
1213,1214.0,142.4946950000001,0.07503844942147814,cosmology,cmb_power_spectrum_transition,planck_TT
1214,1215.0,10.787709999999834,0.0056808643382026324,cosmology,cmb_power_spectrum_transition,planck_TT
1215,1216.0,-60.468996999999945,-0.031843289134041136,cosmology,cmb_power_spectrum_transition,planck_TT
1216,1217.0,-33.98620899999992,-0.017897314879506757,cosmology,cmb_power_spectrum_transition,planck_TT
1217,1218.0,164.80148600000007,0.08678532188019655,cosmology,cmb_power_spectrum_transition,planck_TT
1218,1219.0,-192.7663490000001,-0.10151176455796829,cosmology,cmb_power_spectrum_transition,planck_TT
1219,1220.0,15.307279999999992,0.008060893467370154,cosmology,cmb_power_spectrum_transition,planck_TT
1220,1221.0,0.2596089999999549,0.00013671145312362066,cosmology,cmb_power_spectrum_transition,planck_TT
1221,1222.0,20.288982000000033,0.010684283717511601,cosmology,cmb_power_spectrum_transition,planck_TT
1222,1223.0,4.489641000000006,0.002364268361703534,cosmology,cmb_power_spectrum_transition,planck_TT
1223,1224.0,-8.799451999999974,-0.004633837307688698,cosmology,cmb_power_spectrum_transition,planck_TT
1224,1225.0,-14.32240999999999,-0.007542255789793938,cosmology,cmb_power_spectrum_transition,planck_TT
1225,1226.0,3.6875689999999395,0.0019418930641221836,cosmology,cmb_power_spectrum_transition,planck_TT
1226,1227.0,-49.439032999999995,-0.026034852576211947,cosmology,cmb_power_spectrum_transition,planck_TT
1227,1228.0,-57.60609999999997,-0.0303356726453473,cosmology,cmb_power_spectrum_transition,planck_TT
1228,1229.0,138.292823,0.07282572171573772,cosmology,cmb_power_spectrum_transition,planck_TT
1229,1230.0,-94.17741799999999,-0.049594319404230446,cosmology,cmb_power_spectrum_transition,planck_TT
1230,1231.0,35.49310600000001,0.018690854697377763,cosmology,cmb_power_spectrum_transition,planck_TT
1231,1232.0,-22.50762199999997,-0.011852631110545872,cosmology,cmb_power_spectrum_transition,planck_TT
1232,1233.0,15.044296999999915,0.007922405248252844,cosmology,cmb_power_spectrum_transition,planck_TT
1233,1234.0,-9.741889000000015,-0.005130129546199281,cosmology,cmb_power_spectrum_transition,planck_TT
1234,1235.0,-10.851745999999935,-0.005714586029716561,cosmology,cmb_power_spectrum_transition,planck_TT
1235,1236.0,14.784348000000023,0.007785514749356335,cosmology,cmb_power_spectrum_transition,planck_TT
1236,1237.0,-45.08495000000005,-0.023741969764171728,cosmology,cmb_power_spectrum_transition,planck_TT
1237,1238.0,26.153789999999958,0.01377272219218376,cosmology,cmb_power_spectrum_transition,planck_TT
1238,1239.0,87.31458700000007,0.04598031681359614,cosmology,cmb_power_spectrum_transition,planck_TT
1239,1240.0,-73.83304600000008,-0.038880867023889355,cosmology,cmb_power_spectrum_transition,planck_TT
1240,1241.0,29.704872000000023,0.015642740490398484,cosmology,cmb_power_spectrum_transition,planck_TT
1241,1242.0,-15.583962999999926,-0.008206596177925645,cosmology,cmb_power_spectrum_transition,planck_TT
1242,1243.0,-82.05537600000002,-0.04321078887699201,cosmology,cmb_power_spectrum_transition,planck_TT
1243,1244.0,43.30419399999994,0.022804214368870857,cosmology,cmb_power_spectrum_transition,planck_TT
1244,1245.0,-2.9443659999999454,-0.0015505184889115743,cosmology,cmb_power_spectrum_transition,planck_TT
1245,1246.0,-42.06462799999997,-0.02215145244958971,cosmology,cmb_power_spectrum_transition,planck_TT
1246,1247.0,73.49581899999998,0.038703281527228836,cosmology,cmb_power_spectrum_transition,planck_TT
1247,1248.0,26.019218000000023,0.013701855875261982,cosmology,cmb_power_spectrum_transition,planck_TT
1248,1249.0,-69.04904500000009,-0.0363615871512541,cosmology,cmb_power_spectrum_transition,planck_TT
1249,1250.0,-29.21720499999992,-0.015385932505272922,cosmology,cmb_power_spectrum_transition,planck_TT
1250,1251.0,-35.97828300000003,-0.01894635143551925,cosmology,cmb_power_spectrum_transition,planck_TT
1251,1252.0,-8.863783000000012,-0.004667714347740863,cosmology,cmb_power_spectrum_transition,planck_TT
1252,1253.0,123.28722700000003,0.06492369661589009,cosmology,cmb_power_spectrum_transition,planck_TT
1253,1254.0,-120.45815000000005,-0.06343388991554966,cosmology,cmb_power_spectrum_transition,planck_TT
1254,1255.0,13.242319000000066,0.0069734742370906036,cosmology,cmb_power_spectrum_transition,planck_TT
1255,1256.0,23.403967999999963,0.012324651588116239,cosmology,cmb_power_spectrum_transition,planck_TT
1256,1257.0,-49.76815799999997,-0.026208171517424758,cosmology,cmb_power_spectrum_transition,planck_TT
1257,1258.0,93.92986999999994,0.049463959336598515,cosmology,cmb_power_spectrum_transition,planck_TT
1258,1259.0,-70.00417299999992,-0.036864562536541426,cosmology,cmb_power_spectrum_transition,planck_TT
1259,1260.0,7.50321299999996,0.003951231091087804,cosmology,cmb_power_spectrum_transition,planck_TT
1260,1261.0,16.137342999999987,0.00849800897150973,cosmology,cmb_power_spectrum_transition,planck_TT
1261,1262.0,-27.653569999999945,-0.014562514160743317,cosmology,cmb_power_spectrum_transition,planck_TT
1262,1263.0,-24.647748000000092,-0.01297963262177125,cosmology,cmb_power_spectrum_transition,planck_TT
1263,1264.0,25.07535800000005,0.013204814277531243,cosmology,cmb_power_spectrum_transition,planck_TT
1264,1265.0,-72.30942200000004,-0.03807851868059592,cosmology,cmb_power_spectrum_transition,planck_TT
1265,1266.0,8.986162000000036,0.0047321597672826425,cosmology,cmb_power_spectrum_transition,planck_TT
1266,1267.0,77.57824500000004,0.04085310834652152,cosmology,cmb_power_spectrum_transition,planck_TT
1267,1268.0,21.37903099999994,0.011258309204940632,cosmology,cmb_power_spectrum_transition,planck_TT
1268,1269.0,-37.24048099999993,-0.01961103148401427,cosmology,cmb_power_spectrum_transition,planck_TT
1269,1270.0,-6.269543999999996,-0.003301574562756397,cosmology,cmb_power_spectrum_transition,planck_TT
1270,1271.0,9.954598999999916,0.00524214374136939,cosmology,cmb_power_spectrum_transition,planck_TT
1271,1272.0,-19.167921999999976,-0.01009392767577653,cosmology,cmb_power_spectrum_transition,planck_TT
1272,1273.0,-31.629722000000015,-0.0166563765374733,cosmology,cmb_power_spectrum_transition,planck_TT
1273,1274.0,4.417099000000007,0.002326067366235368,cosmology,cmb_power_spectrum_transition,planck_TT
1274,1275.0,43.591774999999984,0.022955656023053713,cosmology,cmb_power_spectrum_transition,planck_TT
1275,1276.0,16.273126000000047,0.0085695130073463,cosmology,cmb_power_spectrum_transition,planck_TT
1276,1277.0,-52.461321999999996,-0.02762640572325079,cosmology,cmb_power_spectrum_transition,planck_TT
1277,1278.0,-37.719291999999996,-0.019863175853360455,cosmology,cmb_power_spectrum_transition,planck_TT
1278,1279.0,23.96432900000002,0.012619740612702544,cosmology,cmb_power_spectrum_transition,planck_TT
1279,1280.0,8.099105000000009,0.00426503092554948,cosmology,cmb_power_spectrum_transition,planck_TT
1280,1281.0,-14.976867000000084,-0.007886896258641142,cosmology,cmb_power_spectrum_transition,planck_TT
1281,1282.0,25.388085000000046,0.013369497946437164,cosmology,cmb_power_spectrum_transition,planck_TT
1282,1283.0,-8.306005000000027,-0.004373985544423574,cosmology,cmb_power_spectrum_transition,planck_TT
1283,1284.0,-25.157127999999943,-0.013247874785918493,cosmology,cmb_power_spectrum_transition,planck_TT
1284,1285.0,67.35060299999998,0.0354671787375772,cosmology,cmb_power_spectrum_transition,planck_TT
1285,1286.0,-88.29376400000001,-0.04649595652768634,cosmology,cmb_power_spectrum_transition,planck_TT
1286,1287.0,17.837451999999985,0.009393295236079085,cosmology,cmb_power_spectrum_transition,planck_TT
1287,1288.0,50.48711300000002,0.0265867769693949,cosmology,cmb_power_spectrum_transition,planck_TT
1288,1289.0,55.61802399999999,0.029288741456982337,cosmology,cmb_power_spectrum_transition,planck_TT
1289,1290.0,-141.77605500000004,-0.07466000985015056,cosmology,cmb_power_spectrum_transition,planck_TT
1290,1291.0,151.15840300000002,0.07960080323093364,cosmology,cmb_power_spectrum_transition,planck_TT
1291,1292.0,-54.00737600000002,-0.028440565821504803,cosmology,cmb_power_spectrum_transition,planck_TT
1292,1293.0,-43.02726099999995,-0.022658380007011723,cosmology,cmb_power_spectrum_transition,planck_TT
1293,1294.0,-6.1524910000000546,-0.0032399338425869346,cosmology,cmb_power_spectrum_transition,planck_TT
1294,1295.0,29.646748000000002,0.015612132088912552,cosmology,cmb_power_spectrum_transition,planck_TT
1295,1296.0,-77.83652999999993,-0.04098912257434115,cosmology,cmb_power_spectrum_transition,planck_TT
1296,1297.0,68.98935999999992,0.0363301567190283,cosmology,cmb_power_spectrum_transition,planck_TT
1297,1298.0,-4.88269600000001,-0.0025712531742774995,cosmology,cmb_power_spectrum_transition,planck_TT
1298,1299.0,21.72552600000006,0.011440775278728879,cosmology,cmb_power_spectrum_transition,planck_TT
1299,1300.0,-37.187095,-0.019582918138034547,cosmology,cmb_power_spectrum_transition,planck_TT
1300,1301.0,17.60513400000002,0.009270955365863592,cosmology,cmb_power_spectrum_transition,planck_TT
1301,1302.0,-41.54303500000003,-0.021876778855958085,cosmology,cmb_power_spectrum_transition,planck_TT
1302,1303.0,2.583020000000033,0.0013602318010833233,cosmology,cmb_power_spectrum_transition,planck_TT
1303,1304.0,65.68868299999997,0.034592002999543285,cosmology,cmb_power_spectrum_transition,planck_TT
1304,1305.0,-31.14626199999998,-0.01640178398048505,cosmology,cmb_power_spectrum_transition,planck_TT
1305,1306.0,-94.10153200000002,-0.04955435744092511,cosmology,cmb_power_spectrum_transition,planck_TT
1306,1307.0,8.228137999999944,0.004332980376188305,cosmology,cmb_power_spectrum_transition,planck_TT
1307,1308.0,51.74687800000004,0.027250175787403175,cosmology,cmb_power_spectrum_transition,planck_TT
1308,1309.0,38.27223600000002,0.02015435904707101,cosmology,cmb_power_spectrum_transition,planck_TT
1309,1310.0,15.577078000000029,0.008202970501024065,cosmology,cmb_power_spectrum_transition,planck_TT
1310,1311.0,-68.58666700000003,-0.03611809648539732,cosmology,cmb_power_spectrum_transition,planck_TT
1311,1312.0,36.13751100000002,0.019030201730609056,cosmology,cmb_power_spectrum_transition,planck_TT
1312,1313.0,-8.386175999999978,-0.004416204011072916,cosmology,cmb_power_spectrum_transition,planck_TT
1313,1314.0,19.338975000000005,0.01018400507752748,cosmology,cmb_power_spectrum_transition,planck_TT
1314,1315.0,17.975727000000006,0.009466111572110095,cosmology,cmb_power_spectrum_transition,planck_TT
1315,1316.0,-16.55090400000006,-0.008715792350611677,cosmology,cmb_power_spectrum_transition,planck_TT
1316,1317.0,-68.79135699999995,-0.036225887306747376,cosmology,cmb_power_spectrum_transition,planck_TT
1317,1318.0,-2.5425840000000335,-0.0013389379926309676,cosmology,cmb_power_spectrum_transition,planck_TT
1318,1319.0,51.715172999999936,0.027233479769078313,cosmology,cmb_power_spectrum_transition,planck_TT
1319,1320.0,19.79101300000002,0.010422050645466604,cosmology,cmb_power_spectrum_transition,planck_TT
1320,1321.0,7.8628740000000334,0.004140630449129756,cosmology,cmb_power_spectrum_transition,planck_TT
1321,1322.0,-82.64718000000005,-0.04352243594933691,cosmology,cmb_power_spectrum_transition,planck_TT
1322,1323.0,40.38036900000009,0.021264512877669787,cosmology,cmb_power_spectrum_transition,planck_TT
1323,1324.0,-6.20757900000001,-0.0032689434706416986,cosmology,cmb_power_spectrum_transition,planck_TT
1324,1325.0,-5.7018900000000485,-0.0030026450063410106,cosmology,cmb_power_spectrum_transition,planck_TT
1325,1326.0,81.96344199999999,0.043162375953204796,cosmology,cmb_power_spectrum_transition,planck_TT
1326,1327.0,-45.40113699999995,-0.02390847548711967,cosmology,cmb_power_spectrum_transition,planck_TT
1327,1328.0,2.874734999999987,0.0015138504412227545,cosmology,cmb_power_spectrum_transition,planck_TT
1328,1329.0,-6.519721000000004,-0.0034333190754971534,cosmology,cmb_power_spectrum_transition,planck_TT
1329,1330.0,9.872000999999955,0.005198647203864521,cosmology,cmb_power_spectrum_transition,planck_TT
1330,1331.0,-49.99800499999992,-0.026329210146155285,cosmology,cmb_power_spectrum_transition,planck_TT
1331,1332.0,45.11911199999997,0.023759959651508452,cosmology,cmb_power_spectrum_transition,planck_TT
1332,1333.0,87.37942499999997,0.046014460842491965,cosmology,cmb_power_spectrum_transition,planck_TT
1333,1334.0,-130.71745899999996,-0.06883649553182056,cosmology,cmb_power_spectrum_transition,planck_TT
1334,1335.0,56.29698499999995,0.02964628586000487,cosmology,cmb_power_spectrum_transition,planck_TT
1335,1336.0,42.14069500000005,0.022191509728438932,cosmology,cmb_power_spectrum_transition,planck_TT
1336,1337.0,-52.62471100000005,-0.027712447222638045,cosmology,cmb_power_spectrum_transition,planck_TT
1337,1338.0,51.33048000000008,0.027030898429307833,cosmology,cmb_power_spectrum_transition,planck_TT
1338,1339.0,-51.316283999999996,-0.027023422741683158,cosmology,cmb_power_spectrum_transition,planck_TT
1339,1340.0,37.432924999999955,0.01971237349790797,cosmology,cmb_power_spectrum_transition,planck_TT
1340,1341.0,-75.23931600000003,-0.03962141613884369,cosmology,cmb_power_spectrum_transition,planck_TT
1341,1342.0,16.544599000000062,0.008712472104734437,cosmology,cmb_power_spectrum_transition,planck_TT
1342,1343.0,15.513747999999964,0.008169620592791572,cosmology,cmb_power_spectrum_transition,planck_TT
1343,1344.0,50.27786400000002,0.026476585354872025,cosmology,cmb_power_spectrum_transition,planck_TT
1344,1345.0,-40.267382,-0.021205013334302285,cosmology,cmb_power_spectrum_transition,planck_TT
1345,1346.0,-28.84430400000008,-0.015189560894191493,cosmology,cmb_power_spectrum_transition,planck_TT
1346,1347.0,58.08703300000002,0.030588934470958586,cosmology,cmb_power_spectrum_transition,planck_TT
1347,1348.0,-39.744294999999966,-0.02092955299248019,cosmology,cmb_power_spectrum_transition,planck_TT
1348,1349.0,28.665073000000007,0.015095176914996573,cosmology,cmb_power_spectrum_transition,planck_TT
1349,1350.0,30.355204999999955,0.015985209239341124,cosmology,cmb_power_spectrum_transition,planck_TT
1350,1351.0,-68.97101199999997,-0.03632049456655321,cosmology,cmb_power_spectrum_transition,planck_TT
1351,1352.0,39.07551999999998,0.020577372590172248,cosmology,cmb_power_spectrum_transition,planck_TT
1352,1353.0,-3.5265719999999874,-0.001857111204407995,cosmology,cmb_power_spectrum_transition,planck_TT
1353,1354.0,24.914503999999965,0.013120107722362653,cosmology,cmb_power_spectrum_transition,planck_TT
1354,1355.0,50.510630000000106,0.026599161144223664,cosmology,cmb_power_spectrum_transition,planck_TT
1355,1356.0,-153.4957770000001,-0.080831676567503,cosmology,cmb_power_spectrum_transition,planck_TT
1356,1357.0,113.66975200000002,0.05985908413084402,cosmology,cmb_power_spectrum_transition,planck_TT
1357,1358.0,-17.722370999999953,-0.00933269298139251,cosmology,cmb_power_spectrum_transition,planck_TT
1358,1359.0,-15.559016000000042,-0.008193458957640294,cosmology,cmb_power_spectrum_transition,planck_TT
1359,1360.0,26.337244000000055,0.013869330025199404,cosmology,cmb_power_spectrum_transition,planck_TT
1360,1361.0,-6.95241400000009,-0.00366117746556237,cosmology,cmb_power_spectrum_transition,planck_TT
1361,1362.0,59.036546000000044,0.03108895296796676,cosmology,cmb_power_spectrum_transition,planck_TT
1362,1363.0,-30.687131000000022,-0.016160003201759716,cosmology,cmb_power_spectrum_transition,planck_TT
1363,1364.0,-68.93813799999998,-0.03630318294673269,cosmology,cmb_power_spectrum_transition,planck_TT
1364,1365.0,23.03485999999998,0.012130277390613224,cosmology,cmb_power_spectrum_transition,planck_TT
1365,1366.0,32.737591000000066,0.01723978612982428,cosmology,cmb_power_spectrum_transition,planck_TT
1366,1367.0,-60.39053999999999,-0.0318019732687294,cosmology,cmb_power_spectrum_transition,planck_TT
1367,1368.0,57.83884499999999,0.030458237375989402,cosmology,cmb_power_spectrum_transition,planck_TT
1368,1369.0,-5.27758300000005,-0.002779202727604395,cosmology,cmb_power_spectrum_transition,planck_TT
1369,1370.0,-15.201800000000048,-0.008005347149347765,cosmology,cmb_power_spectrum_transition,planck_TT
1370,1371.0,-13.783849999999916,-0.007258647285488308,cosmology,cmb_power_spectrum_transition,planck_TT
1371,1372.0,126.729963,0.06673665934553767,cosmology,cmb_power_spectrum_transition,planck_TT
1372,1373.0,-85.89419700000008,-0.045232332033013446,cosmology,cmb_power_spectrum_transition,planck_TT
1373,1374.0,-76.81708099999992,-0.04045227541505373,cosmology,cmb_power_spectrum_transition,planck_TT
1374,1375.0,42.926062,0.02260508808591248,cosmology,cmb_power_spectrum_transition,planck_TT
1375,1376.0,-31.185433999999987,-0.01642241215994632,cosmology,cmb_power_spectrum_transition,planck_TT
1376,1377.0,93.2559809999999,0.04910908587522374,cosmology,cmb_power_spectrum_transition,planck_TT
1377,1378.0,-51.712445,-0.02723204319005327,cosmology,cmb_power_spectrum_transition,planck_TT
1378,1379.0,-34.213753999999994,-0.01801714126303364,cosmology,cmb_power_spectrum_transition,planck_TT
1379,1380.0,-4.543655999999942,-0.00239271294236316,cosmology,cmb_power_spectrum_transition,planck_TT
1380,1381.0,27.19246499999997,0.014319693863324602,cosmology,cmb_power_spectrum_transition,planck_TT
1381,1382.0,38.53151600000001,0.02029089724707909,cosmology,cmb_power_spectrum_transition,planck_TT
1382,1383.0,-88.93567099999996,-0.04683398810109185,cosmology,cmb_power_spectrum_transition,planck_TT
1383,1384.0,100.286475,0.05281138067593202,cosmology,cmb_power_spectrum_transition,planck_TT
1384,1385.0,-4.736852999999996,-0.0024944514899833746,cosmology,cmb_power_spectrum_transition,planck_TT
1385,1386.0,-76.40275600000007,-0.040234089709568044,cosmology,cmb_power_spectrum_transition,planck_TT
1386,1387.0,72.05610200000001,0.03794511904766607,cosmology,cmb_power_spectrum_transition,planck_TT
1387,1388.0,-0.5164250000000266,-0.0002719520978832848,cosmology,cmb_power_spectrum_transition,planck_TT
1388,1389.0,23.088223000000085,0.012158378624673104,cosmology,cmb_power_spectrum_transition,planck_TT
1389,1390.0,-27.600315000000023,-0.014534469800046695,cosmology,cmb_power_spectrum_transition,planck_TT
1390,1391.0,56.86000100000001,0.029942773021435602,cosmology,cmb_power_spectrum_transition,planck_TT
1391,1392.0,2.432095000000004,0.0012807539090892476,cosmology,cmb_power_spectrum_transition,planck_TT
1392,1393.0,-76.36926100000005,-0.040216451067909324,cosmology,cmb_power_spectrum_transition,planck_TT
1393,1394.0,20.458391000000006,0.010773495380289932,cosmology,cmb_power_spectrum_transition,planck_TT
1394,1395.0,-46.11706000000004,-0.024285484272079556,cosmology,cmb_power_spectrum_transition,planck_TT
1395,1396.0,86.93288700000005,0.04577931160323249,cosmology,cmb_power_spectrum_transition,planck_TT
1396,1397.0,36.57859399999995,0.019262478338423605,cosmology,cmb_power_spectrum_transition,planck_TT
1397,1398.0,-8.578761999999983,-0.004517620802907063,cosmology,cmb_power_spectrum_transition,planck_TT
1398,1399.0,-34.98440699999992,-0.018422971151381445,cosmology,cmb_power_spectrum_transition,planck_TT
1399,1400.0,9.598226999999952,0.005054476387877891,cosmology,cmb_power_spectrum_transition,planck_TT
1400,1401.0,-33.41562899999997,-0.017596844476233827,cosmology,cmb_power_spectrum_transition,planck_TT
1401,1402.0,28.112169999999992,0.014804015312099817,cosmology,cmb_power_spectrum_transition,planck_TT
1402,1403.0,-48.374270000000024,-0.025474142828236002,cosmology,cmb_power_spectrum_transition,planck_TT
1403,1404.0,-25.470641,-0.013412972366523022,cosmology,cmb_power_spectrum_transition,planck_TT
1404,1405.0,52.94079499999998,0.027878898705248914,cosmology,cmb_power_spectrum_transition,planck_TT
1405,1406.0,29.289361999999983,0.01542393075773355,cosmology,cmb_power_spectrum_transition,planck_TT
1406,1407.0,-45.93171999999993,-0.024187883261629413,cosmology,cmb_power_spectrum_transition,planck_TT
1407,1408.0,56.291201,0.029643239975444397,cosmology,cmb_power_spectrum_transition,planck_TT
1408,1409.0,-6.636063000000036,-0.0034945853793591744,cosmology,cmb_power_spectrum_transition,planck_TT
1409,1410.0,-86.53009499999996,-0.04556719923568517,cosmology,cmb_power_spectrum_transition,planck_TT
1410,1411.0,132.1081969999999,0.06956886541458372,cosmology,cmb_power_spectrum_transition,planck_TT
1411,1412.0,-105.35687899999994,-0.05548148186180743,cosmology,cmb_power_spectrum_transition,planck_TT
1412,1413.0,25.19129099999998,0.013265865199860491,cosmology,cmb_power_spectrum_transition,planck_TT
1413,1414.0,-13.860955999999987,-0.00729925170715536,cosmology,cmb_power_spectrum_transition,planck_TT
1414,1415.0,-22.844926999999984,-0.012030257682413075,cosmology,cmb_power_spectrum_transition,planck_TT
1415,1416.0,79.38662699999998,0.04180541173747728,cosmology,cmb_power_spectrum_transition,planck_TT
1416,1417.0,-34.772789999999986,-0.018311532535710738,cosmology,cmb_power_spectrum_transition,planck_TT
1417,1418.0,9.432246999999961,0.0049670704543799725,cosmology,cmb_power_spectrum_transition,planck_TT
1418,1419.0,-44.056915000000004,-0.023200601172512842,cosmology,cmb_power_spectrum_transition,planck_TT
1419,1420.0,24.27430400000003,0.012782975064058249,cosmology,cmb_power_spectrum_transition,planck_TT
1420,1421.0,26.365544,0.013884232952768909,cosmology,cmb_power_spectrum_transition,planck_TT
1421,1422.0,-38.38914599999998,-0.020215924462694816,cosmology,cmb_power_spectrum_transition,planck_TT
1422,1423.0,8.29970400000002,0.004370667404967187,cosmology,cmb_power_spectrum_transition,planck_TT
1423,1424.0,-18.337188000000083,-0.009656458819538097,cosmology,cmb_power_spectrum_transition,planck_TT
1424,1425.0,-4.67402299999992,-0.002461364884358111,cosmology,cmb_power_spectrum_transition,planck_TT
1425,1426.0,26.10250999999994,0.01374571787678567,cosmology,cmb_power_spectrum_transition,planck_TT
1426,1427.0,-52.58635800000002,-0.027692250332847418,cosmology,cmb_power_spectrum_transition,planck_TT
1427,1428.0,77.02605600000004,0.04056232273974791,cosmology,cmb_power_spectrum_transition,planck_TT
1428,1429.0,-106.61362099999997,-0.05614328875225237,cosmology,cmb_power_spectrum_transition,planck_TT
1429,1430.0,97.63729899999998,0.05141631078028015,cosmology,cmb_power_spectrum_transition,planck_TT
1430,1431.0,-88.64406900000006,-0.04668042896734168,cosmology,cmb_power_spectrum_transition,planck_TT
1431,1432.0,98.18599500000005,0.051705256955039657,cosmology,cmb_power_spectrum_transition,planck_TT
1432,1433.0,-66.78688299999999,-0.03517032084607553,cosmology,cmb_power_spectrum_transition,planck_TT
1433,1434.0,-9.26525700000002,-0.004879132649615463,cosmology,cmb_power_spectrum_transition,planck_TT
1434,1435.0,84.93343200000004,0.04472638817413204,cosmology,cmb_power_spectrum_transition,planck_TT
1435,1436.0,-68.01862600000004,-0.035818963132763906,cosmology,cmb_power_spectrum_transition,planck_TT
1436,1437.0,83.68766000000005,0.04407035814288987,cosmology,cmb_power_spectrum_transition,planck_TT
1437,1438.0,-51.90022299999998,-0.027330928064016227,cosmology,cmb_power_spectrum_transition,planck_TT
1438,1439.0,1.9468879999999444,0.0010252413727913062,cosmology,cmb_power_spectrum_transition,planck_TT
1439,1440.0,11.939755999999988,0.00628753776911336,cosmology,cmb_power_spectrum_transition,planck_TT
1440,1441.0,-129.466543,-0.06817775664335517,cosmology,cmb_power_spectrum_transition,planck_TT
1441,1442.0,50.626487,0.02666017204455659,cosmology,cmb_power_spectrum_transition,planck_TT
1442,1443.0,116.55419500000005,0.06137804685548889,cosmology,cmb_power_spectrum_transition,planck_TT
1443,1444.0,-47.495562000000064,-0.025011410613438496,cosmology,cmb_power_spectrum_transition,planck_TT
1444,1445.0,-30.63994600000001,-0.016135155334714886,cosmology,cmb_power_spectrum_transition,planck_TT
1445,1446.0,58.83618899999999,0.030983443927010933,cosmology,cmb_power_spectrum_transition,planck_TT
1446,1447.0,-19.945319999999924,-0.010503309516295956,cosmology,cmb_power_spectrum_transition,planck_TT
1447,1448.0,-30.23627900000008,-0.01592258218760499,cosmology,cmb_power_spectrum_transition,planck_TT
1448,1449.0,-7.70828199999994,-0.0040592214958141805,cosmology,cmb_power_spectrum_transition,planck_TT
1449,1450.0,-22.761522000000014,-0.011986336174500123,cosmology,cmb_power_spectrum_transition,planck_TT
1450,1451.0,-7.249382999999966,-0.003817562889498592,cosmology,cmb_power_spectrum_transition,planck_TT
1451,1452.0,-10.884859000000006,-0.005732023508183382,cosmology,cmb_power_spectrum_transition,planck_TT
1452,1453.0,-5.814047000000073,-0.003061707467380466,cosmology,cmb_power_spectrum_transition,planck_TT
1453,1454.0,79.41937300000006,0.0418226559518304,cosmology,cmb_power_spectrum_transition,planck_TT
1454,1455.0,3.4099899999999934,0.0017957185152945208,cosmology,cmb_power_spectrum_transition,planck_TT
1455,1456.0,-62.091414999999984,-0.032697662912893034,cosmology,cmb_power_spectrum_transition,planck_TT
1456,1457.0,12.914901999999984,0.006801054737584055,cosmology,cmb_power_spectrum_transition,planck_TT
1457,1458.0,19.584842999999978,0.010313480448399063,cosmology,cmb_power_spectrum_transition,planck_TT
1458,1459.0,-13.216485000000034,-0.006959869917979939,cosmology,cmb_power_spectrum_transition,planck_TT
1459,1460.0,12.703960000000052,0.006689971580433115,cosmology,cmb_power_spectrum_transition,planck_TT
1460,1461.0,-51.983329000000026,-0.02737469211697009,cosmology,cmb_power_spectrum_transition,planck_TT
1461,1462.0,5.723105000000032,0.0030138169359660077,cosmology,cmb_power_spectrum_transition,planck_TT
1462,1463.0,-20.729399000000058,-0.010916209606253361,cosmology,cmb_power_spectrum_transition,planck_TT
1463,1464.0,28.498771000000033,0.015007601414619605,cosmology,cmb_power_spectrum_transition,planck_TT
1464,1465.0,13.794757000000004,0.007264390968562592,cosmology,cmb_power_spectrum_transition,planck_TT
1465,1466.0,-8.088539999999966,-0.004259467341458571,cosmology,cmb_power_spectrum_transition,planck_TT
1466,1467.0,-38.820156999999995,-0.020442897102789254,cosmology,cmb_power_spectrum_transition,planck_TT
1467,1468.0,51.71347000000003,0.027232582960398117,cosmology,cmb_power_spectrum_transition,planck_TT
1468,1469.0,-20.84456200000011,-0.010976855042567532,cosmology,cmb_power_spectrum_transition,planck_TT
1469,1470.0,71.36389800000006,0.0375806008117883,cosmology,cmb_power_spectrum_transition,planck_TT
1470,1471.0,-74.95903199999998,-0.03947381712291083,cosmology,cmb_power_spectrum_transition,planck_TT
1471,1472.0,10.67777000000001,0.005622969360923765,cosmology,cmb_power_spectrum_transition,planck_TT
1472,1473.0,-49.37717200000009,-0.026002276251039597,cosmology,cmb_power_spectrum_transition,planck_TT
1473,1474.0,27.490327000000093,0.014476549545717478,cosmology,cmb_power_spectrum_transition,planck_TT
1474,1475.0,-7.707508000000075,-0.004058813903378251,cosmology,cmb_power_spectrum_transition,planck_TT
1475,1476.0,28.155515000000037,0.014826841015121092,cosmology,cmb_power_spectrum_transition,planck_TT
1476,1477.0,-15.171163999999976,-0.00798921407199719,cosmology,cmb_power_spectrum_transition,planck_TT
1477,1478.0,-55.05212400000005,-0.028990735566113136,cosmology,cmb_power_spectrum_transition,planck_TT
1478,1479.0,1.7583379999999806,0.0009259499596027872,cosmology,cmb_power_spectrum_transition,planck_TT
1479,1480.0,68.29641300000003,0.035965247215476205,cosmology,cmb_power_spectrum_transition,planck_TT
1480,1481.0,31.373685000000023,0.016521546118175752,cosmology,cmb_power_spectrum_transition,planck_TT
1481,1482.0,-65.29745200000002,-0.03438597871488054,cosmology,cmb_power_spectrum_transition,planck_TT
1482,1483.0,22.713006000000064,0.011960787395914867,cosmology,cmb_power_spectrum_transition,planck_TT
1483,1484.0,11.96122899999989,0.006298845562883648,cosmology,cmb_power_spectrum_transition,planck_TT
1484,1485.0,-12.61896499999989,-0.006645212770229053,cosmology,cmb_power_spectrum_transition,planck_TT
1485,1486.0,-36.447230000000104,-0.019193301371029894,cosmology,cmb_power_spectrum_transition,planck_TT
1486,1487.0,88.97115600000006,0.046852674687127414,cosmology,cmb_power_spectrum_transition,planck_TT
1487,1488.0,-24.540692000000035,-0.012923256373930795,cosmology,cmb_power_spectrum_transition,planck_TT
1488,1489.0,-22.330011000000013,-0.011759100231798457,cosmology,cmb_power_spectrum_transition,planck_TT
1489,1490.0,-87.24844899999994,-0.04594548819792137,cosmology,cmb_power_spectrum_transition,planck_TT
1490,1491.0,75.193535,0.03959730762551997,cosmology,cmb_power_spectrum_transition,planck_TT
1491,1492.0,-51.646439999999984,-0.027197284612872092,cosmology,cmb_power_spectrum_transition,planck_TT
1492,1493.0,-0.7559560000000829,-0.00039809037151080685,cosmology,cmb_power_spectrum_transition,planck_TT
1493,1494.0,53.642626000000064,0.028248486569526467,cosmology,cmb_power_spectrum_transition,planck_TT
1494,1495.0,-86.47845200000006,-0.04554000376259429,cosmology,cmb_power_spectrum_transition,planck_TT
1495,1496.0,42.197862999999984,0.022221614695339783,cosmology,cmb_power_spectrum_transition,planck_TT
1496,1497.0,-24.51902599999994,-0.012911846945354013,cosmology,cmb_power_spectrum_transition,planck_TT
1497,1498.0,-24.044969000000037,-0.012662206057197508,cosmology,cmb_power_spectrum_transition,planck_TT
1498,1499.0,93.49785400000007,0.04923645745826361,cosmology,cmb_power_spectrum_transition,planck_TT
1499,1500.0,-20.08739300000002,-0.010578125898931567,cosmology,cmb_power_spectrum_transition,planck_TT
1500,1501.0,1.1340840000000298,0.0005972145480483312,cosmology,cmb_power_spectrum_transition,planck_TT
1501,1502.0,-1.094602000000009,-0.0005764231209705697,cosmology,cmb_power_spectrum_transition,planck_TT
1502,1503.0,-59.27984300000003,-0.03121707443683194,cosmology,cmb_power_spectrum_transition,planck_TT
1503,1504.0,29.580407000000037,0.015577196572379338,cosmology,cmb_power_spectrum_transition,planck_TT
1504,1505.0,7.591319999999996,0.003997628696719234,cosmology,cmb_power_spectrum_transition,planck_TT
1505,1506.0,-14.64511600000003,-0.00771219445213509,cosmology,cmb_power_spectrum_transition,planck_TT
1506,1507.0,-8.175711999999976,-0.004305372571214456,cosmology,cmb_power_spectrum_transition,planck_TT
1507,1508.0,43.87908899999991,0.02310695707364424,cosmology,cmb_power_spectrum_transition,planck_TT
1508,1509.0,-92.54283399999997,-0.048733538946339305,cosmology,cmb_power_spectrum_transition,planck_TT
1509,1510.0,-28.55963799999995,-0.015039654294208777,cosmology,cmb_power_spectrum_transition,planck_TT
1510,1511.0,99.96033899999998,0.05263963575770524,cosmology,cmb_power_spectrum_transition,planck_TT
1511,1512.0,-7.760739000000058,-0.0040868456255497565,cosmology,cmb_power_spectrum_transition,planck_TT
1512,1513.0,-29.16710599999999,-0.015359550110633167,cosmology,cmb_power_spectrum_transition,planck_TT
1513,1514.0,-48.41129699999999,-0.02549364143951221,cosmology,cmb_power_spectrum_transition,planck_TT
1514,1515.0,11.579946000000064,0.00609805994689453,cosmology,cmb_power_spectrum_transition,planck_TT
1515,1516.0,-21.489979000000062,-0.011316735000275841,cosmology,cmb_power_spectrum_transition,planck_TT
1516,1517.0,42.792417,0.022534709932024482,cosmology,cmb_power_spectrum_transition,planck_TT
1517,1518.0,9.894391000000041,0.005210437894616576,cosmology,cmb_power_spectrum_transition,planck_TT
1518,1519.0,-52.801912000000016,-0.027805762193247534,cosmology,cmb_power_spectrum_transition,planck_TT
1519,1520.0,27.726505999999972,0.014600922638665999,cosmology,cmb_power_spectrum_transition,planck_TT
1520,1521.0,-29.521544999999946,-0.015546199536245088,cosmology,cmb_power_spectrum_transition,planck_TT
1521,1522.0,-43.82083499999999,-0.02307628021348048,cosmology,cmb_power_spectrum_transition,planck_TT
1522,1523.0,13.124581999999918,0.006911473318954335,cosmology,cmb_power_spectrum_transition,planck_TT
1523,1524.0,24.72146100000009,0.013018450271945562,cosmology,cmb_power_spectrum_transition,planck_TT
1524,1525.0,21.97476299999994,0.011572024782567965,cosmology,cmb_power_spectrum_transition,planck_TT
1525,1526.0,-54.34496300000001,-0.028618340896042472,cosmology,cmb_power_spectrum_transition,planck_TT
1526,1527.0,79.47069699999997,0.04184968343785787,cosmology,cmb_power_spectrum_transition,planck_TT
1527,1528.0,-32.53829299999995,-0.017134834763790546,cosmology,cmb_power_spectrum_transition,planck_TT
1528,1529.0,-45.35864200000003,-0.023886097398530762,cosmology,cmb_power_spectrum_transition,planck_TT
1529,1530.0,9.431716000000051,0.004966790827011135,cosmology,cmb_power_spectrum_transition,planck_TT
1530,1531.0,67.78545999999994,0.03569617670132647,cosmology,cmb_power_spectrum_transition,planck_TT
1531,1532.0,-54.75039499999991,-0.028831843501355894,cosmology,cmb_power_spectrum_transition,planck_TT
1532,1533.0,-38.74911000000009,-0.020405483382116767,cosmology,cmb_power_spectrum_transition,planck_TT
1533,1534.0,46.344797000000085,0.0244054117638076,cosmology,cmb_power_spectrum_transition,planck_TT
1534,1535.0,-51.29678000000001,-0.02701315183358012,cosmology,cmb_power_spectrum_transition,planck_TT
1535,1536.0,10.533619999999928,0.005547059219257704,cosmology,cmb_power_spectrum_transition,planck_TT
1536,1537.0,9.067824000000087,0.0047751634023068135,cosmology,cmb_power_spectrum_transition,planck_TT
1537,1538.0,22.80685399999993,0.012010208242082486,cosmology,cmb_power_spectrum_transition,planck_TT
1538,1539.0,-7.935032999999976,-0.00417862975480075,cosmology,cmb_power_spectrum_transition,planck_TT
1539,1540.0,-60.269326999999976,-0.031738141870867695,cosmology,cmb_power_spectrum_transition,planck_TT
1540,1541.0,97.99954100000002,0.051607069306380635,cosmology,cmb_power_spectrum_transition,planck_TT
1541,1542.0,-36.217524000000026,-0.01907233699363454,cosmology,cmb_power_spectrum_transition,planck_TT
1542,1543.0,-15.746380000000045,-0.00829212581704447,cosmology,cmb_power_spectrum_transition,planck_TT
1543,1544.0,-16.316435999999953,-0.008592320279184995,cosmology,cmb_power_spectrum_transition,planck_TT
1544,1545.0,-12.69664499999999,-0.0066861194632892255,cosmology,cmb_power_spectrum_transition,planck_TT
1545,1546.0,-13.679787000000033,-0.007203847167054858,cosmology,cmb_power_spectrum_transition,planck_TT
1546,1547.0,-24.356975999999975,-0.01282651057034898,cosmology,cmb_power_spectrum_transition,planck_TT
1547,1548.0,101.22536399999996,0.05330580451914162,cosmology,cmb_power_spectrum_transition,planck_TT
1548,1549.0,-60.895906999999966,-0.03206810216615103,cosmology,cmb_power_spectrum_transition,planck_TT
1549,1550.0,20.891883000000007,0.011001774527921468,cosmology,cmb_power_spectrum_transition,planck_TT
1550,1551.0,-48.37065200000001,-0.025472237570570037,cosmology,cmb_power_spectrum_transition,planck_TT
1551,1552.0,-36.094064,-0.019007322313855917,cosmology,cmb_power_spectrum_transition,planck_TT
1552,1553.0,49.895839999999964,0.026275409524418862,cosmology,cmb_power_spectrum_transition,planck_TT
1553,1554.0,-31.52335999999997,-0.016600365753651692,cosmology,cmb_power_spectrum_transition,planck_TT
1554,1555.0,21.574723000000006,0.011361361632570956,cosmology,cmb_power_spectrum_transition,planck_TT
1555,1556.0,16.173647999999957,0.00851712737382109,cosmology,cmb_power_spectrum_transition,planck_TT
1556,1557.0,-11.040384000000017,-0.005813923784164016,cosmology,cmb_power_spectrum_transition,planck_TT
1557,1558.0,57.25892500000009,0.030152848480013338,cosmology,cmb_power_spectrum_transition,planck_TT
1558,1559.0,-81.25576600000005,-0.04278971008144874,cosmology,cmb_power_spectrum_transition,planck_TT
1559,1560.0,39.99127400000003,0.0210596134217451,cosmology,cmb_power_spectrum_transition,planck_TT
1560,1561.0,-56.57583800000003,-0.029793131303875845,cosmology,cmb_power_spectrum_transition,planck_TT
1561,1562.0,62.31769300000002,0.03281682208761316,cosmology,cmb_power_spectrum_transition,planck_TT
1562,1563.0,-49.086635,-0.025849277951842744,cosmology,cmb_power_spectrum_transition,planck_TT
1563,1564.0,-39.55914000000001,-0.020832049403994808,cosmology,cmb_power_spectrum_transition,planck_TT
1564,1565.0,67.99174599999998,0.03580480798459889,cosmology,cmb_power_spectrum_transition,planck_TT
1565,1566.0,-35.998591999999974,-0.018957046260819913,cosmology,cmb_power_spectrum_transition,planck_TT
1566,1567.0,-9.429594000000009,-0.004965673370746005,cosmology,cmb_power_spectrum_transition,planck_TT
1567,1568.0,14.632502999999986,0.0077055523805649425,cosmology,cmb_power_spectrum_transition,planck_TT
1568,1569.0,19.122803000000033,0.010070167775104834,cosmology,cmb_power_spectrum_transition,planck_TT
1569,1570.0,-40.047585000000026,-0.021089267087977183,cosmology,cmb_power_spectrum_transition,planck_TT
1570,1571.0,-33.16032999999999,-0.017462402691584566,cosmology,cmb_power_spectrum_transition,planck_TT
1571,1572.0,61.58874300000002,0.03243295321652441,cosmology,cmb_power_spectrum_transition,planck_TT
1572,1573.0,-12.639275999999995,-0.006655908648740233,cosmology,cmb_power_spectrum_transition,planck_TT
1573,1574.0,-36.735802000000035,-0.01934526489098023,cosmology,cmb_power_spectrum_transition,planck_TT
1574,1575.0,3.617364000000009,0.0019049227450402722,cosmology,cmb_power_spectrum_transition,planck_TT
1575,1576.0,62.087473000000045,0.03269558703513763,cosmology,cmb_power_spectrum_transition,planck_TT
1576,1577.0,-64.75899300000003,-0.03410242339770162,cosmology,cmb_power_spectrum_transition,planck_TT
1577,1578.0,31.926795999999968,0.01681281725495708,cosmology,cmb_power_spectrum_transition,planck_TT
1578,1579.0,-19.148585999999966,-0.01008374523734951,cosmology,cmb_power_spectrum_transition,planck_TT
1579,1580.0,22.060495000000003,0.01161717170081504,cosmology,cmb_power_spectrum_transition,planck_TT
1580,1581.0,-21.863602000000014,-0.011513486820322176,cosmology,cmb_power_spectrum_transition,planck_TT
1581,1582.0,-6.1579040000000305,-0.003242784356612854,cosmology,cmb_power_spectrum_transition,planck_TT
1582,1583.0,14.36105600000002,0.0075626069749124055,cosmology,cmb_power_spectrum_transition,planck_TT
1583,1584.0,-28.120138999999995,-0.014808211829053938,cosmology,cmb_power_spectrum_transition,planck_TT
1584,1585.0,19.593510999999978,0.010318045062398098,cosmology,cmb_power_spectrum_transition,planck_TT
1585,1586.0,48.57127300000002,0.025577885635302465,cosmology,cmb_power_spectrum_transition,planck_TT
1586,1587.0,-43.76722699999999,-0.02304804996114311,cosmology,cmb_power_spectrum_transition,planck_TT
1587,1588.0,-53.66312499999998,-0.028259281449817868,cosmology,cmb_power_spectrum_transition,planck_TT
1588,1589.0,-36.81151700000004,-0.019385136804793916,cosmology,cmb_power_spectrum_transition,planck_TT
1589,1590.0,93.320717,0.04914317619038779,cosmology,cmb_power_spectrum_transition,planck_TT
1590,1591.0,-12.352847999999994,-0.006505074170369686,cosmology,cmb_power_spectrum_transition,planck_TT
1591,1592.0,-24.758498999999972,-0.013037954675879083,cosmology,cmb_power_spectrum_transition,planck_TT
1592,1593.0,-8.738950000000045,-0.004601976639002802,cosmology,cmb_power_spectrum_transition,planck_TT
1593,1594.0,22.376120000000014,0.011783381471632508,cosmology,cmb_power_spectrum_transition,planck_TT
1594,1595.0,2.958993000000021,0.0015582211433836837,cosmology,cmb_power_spectrum_transition,planck_TT
1595,1596.0,6.49638699999997,0.0034210312694226653,cosmology,cmb_power_spectrum_transition,planck_TT
1596,1597.0,-19.309181999999964,-0.01016831592837272,cosmology,cmb_power_spectrum_transition,planck_TT
1597,1598.0,-2.6671870000000126,-0.0014045545821697069,cosmology,cmb_power_spectrum_transition,planck_TT
1598,1599.0,-24.45692200000002,-0.012879142655114539,cosmology,cmb_power_spectrum_transition,planck_TT
1599,1600.0,13.594140000000039,0.0071587450102510485,cosmology,cmb_power_spectrum_transition,planck_TT
1600,1601.0,-18.124413000000004,-0.009544410395028954,cosmology,cmb_power_spectrum_transition,planck_TT
1601,1602.0,-31.851564999999994,-0.016773200218067216,cosmology,cmb_power_spectrum_transition,planck_TT
1602,1603.0,54.06705999999997,0.028471995727125273,cosmology,cmb_power_spectrum_transition,planck_TT
1603,1604.0,64.01212500000003,0.03370911881437997,cosmology,cmb_power_spectrum_transition,planck_TT
1604,1605.0,-19.11032,-0.010063594162212574,cosmology,cmb_power_spectrum_transition,planck_TT
1605,1606.0,-81.38662,-0.04285861848018312,cosmology,cmb_power_spectrum_transition,planck_TT
1606,1607.0,-4.520889000000011,-0.002380723721445332,cosmology,cmb_power_spectrum_transition,planck_TT
1607,1608.0,53.45896099999999,0.028151767622810582,cosmology,cmb_power_spectrum_transition,planck_TT
1608,1609.0,-74.878514,-0.03943141592425205,cosmology,cmb_power_spectrum_transition,planck_TT
1609,1610.0,33.79563300000001,0.01779695656415375,cosmology,cmb_power_spectrum_transition,planck_TT
1610,1611.0,50.754846999999984,0.0267277670898861,cosmology,cmb_power_spectrum_transition,planck_TT
1611,1612.0,-47.000405,-0.024750658355256566,cosmology,cmb_power_spectrum_transition,planck_TT
1612,1613.0,-6.285874999999976,-0.0033101745525139148,cosmology,cmb_power_spectrum_transition,planck_TT
1613,1614.0,32.607560999999976,0.017171311653786547,cosmology,cmb_power_spectrum_transition,planck_TT
1614,1615.0,-28.63480199999998,-0.015079236048549303,cosmology,cmb_power_spectrum_transition,planck_TT
1615,1616.0,3.750748999999985,0.0019751639815724954,cosmology,cmb_power_spectrum_transition,planck_TT
1616,1617.0,-9.858490000000018,-0.0051915322408118345,cosmology,cmb_power_spectrum_transition,planck_TT
1617,1618.0,9.254648000000032,0.004873545894895145,cosmology,cmb_power_spectrum_transition,planck_TT
1618,1619.0,18.17305299999998,0.00957002447266082,cosmology,cmb_power_spectrum_transition,planck_TT
1619,1620.0,4.583552999999995,0.002413722910604944,cosmology,cmb_power_spectrum_transition,planck_TT
1620,1621.0,-44.462537,-0.02341420383281706,cosmology,cmb_power_spectrum_transition,planck_TT
1621,1622.0,19.83181300000001,0.010443536138217023,cosmology,cmb_power_spectrum_transition,planck_TT
1622,1623.0,-11.565169000000026,-0.00609027830164027,cosmology,cmb_power_spectrum_transition,planck_TT
1623,1624.0,9.182992000000013,0.0048358114716469894,cosmology,cmb_power_spectrum_transition,planck_TT
1624,1625.0,10.194166999999993,0.005368301499389858,cosmology,cmb_power_spectrum_transition,planck_TT
1625,1626.0,17.455359999999985,0.009192083596471367,cosmology,cmb_power_spectrum_transition,planck_TT
1626,1627.0,-7.634488999999974,-0.004020361717222728,cosmology,cmb_power_spectrum_transition,planck_TT
1627,1628.0,-25.71826199999998,-0.013543370876335576,cosmology,cmb_power_spectrum_transition,planck_TT
1628,1629.0,-15.103306000000032,-0.007953479695353633,cosmology,cmb_power_spectrum_transition,planck_TT
1629,1630.0,-0.3709450000000061,-0.0001953415712820091,cosmology,cmb_power_spectrum_transition,planck_TT
1630,1631.0,30.234969000000035,0.01592189233477401,cosmology,cmb_power_spectrum_transition,planck_TT
1631,1632.0,6.4159629999999765,0.00337867957165404,cosmology,cmb_power_spectrum_transition,planck_TT
1632,1633.0,-2.625415999999973,-0.0013825577557560111,cosmology,cmb_power_spectrum_transition,planck_TT
1633,1634.0,-44.114463,-0.023230906249395226,cosmology,cmb_power_spectrum_transition,planck_TT
1634,1635.0,-0.6123750000000427,-0.0003224798682118015,cosmology,cmb_power_spectrum_transition,planck_TT
1635,1636.0,53.09392100000002,0.027959535655320045,cosmology,cmb_power_spectrum_transition,planck_TT
1636,1637.0,12.902340999999979,0.006794440049485081,cosmology,cmb_power_spectrum_transition,planck_TT
1637,1638.0,-30.868583,-0.016255556771135927,cosmology,cmb_power_spectrum_transition,planck_TT
1638,1639.0,22.333409000000017,0.011760889636317232,cosmology,cmb_power_spectrum_transition,planck_TT
1639,1640.0,-9.116909000000021,-0.0048010118192590955,cosmology,cmb_power_spectrum_transition,planck_TT
1640,1641.0,-72.50204199999996,-0.03817995337700732,cosmology,cmb_power_spectrum_transition,planck_TT
1641,1642.0,27.01286299999998,0.014225114513595158,cosmology,cmb_power_spectrum_transition,planck_TT
1642,1643.0,59.67780399999998,0.03142664277458807,cosmology,cmb_power_spectrum_transition,planck_TT
1643,1644.0,-71.47882499999997,-0.03764112196927178,cosmology,cmb_power_spectrum_transition,planck_TT
1644,1645.0,29.815920000000006,0.01570121894625507,cosmology,cmb_power_spectrum_transition,planck_TT
1645,1646.0,-19.952305000000024,-0.010506987853719089,cosmology,cmb_power_spectrum_transition,planck_TT
1646,1647.0,29.609940999999992,0.015592749330783506,cosmology,cmb_power_spectrum_transition,planck_TT
1647,1648.0,-25.146394999999984,-0.013242222732151596,cosmology,cmb_power_spectrum_transition,planck_TT
1648,1649.0,43.97786400000001,0.023158972503703686,cosmology,cmb_power_spectrum_transition,planck_TT
1649,1650.0,36.87987099999998,0.01942113237762385,cosmology,cmb_power_spectrum_transition,planck_TT
1650,1651.0,-82.11906199999999,-0.0432443262566808,cosmology,cmb_power_spectrum_transition,planck_TT
1651,1652.0,8.556879999999978,0.0045060976276040015,cosmology,cmb_power_spectrum_transition,planck_TT
1652,1653.0,-3.099841999999967,-0.0016323929612367043,cosmology,cmb_power_spectrum_transition,planck_TT
1653,1654.0,29.755582000000004,0.015669444640824308,cosmology,cmb_power_spectrum_transition,planck_TT
1654,1655.0,-34.97383300000001,-0.01841740282784368,cosmology,cmb_power_spectrum_transition,planck_TT
1655,1656.0,23.86574200000001,0.012567824184423471,cosmology,cmb_power_spectrum_transition,planck_TT
1656,1657.0,4.260947999999985,0.002243837435390469,cosmology,cmb_power_spectrum_transition,planck_TT
1657,1658.0,-5.645395000000008,-0.0029728944447494406,cosmology,cmb_power_spectrum_transition,planck_TT
1658,1659.0,34.58151400000003,0.018210805596707572,cosmology,cmb_power_spectrum_transition,planck_TT
1659,1660.0,-8.325346000000025,-0.004384170615876659,cosmology,cmb_power_spectrum_transition,planck_TT
1660,1661.0,-70.79149899999999,-0.03727917251363018,cosmology,cmb_power_spectrum_transition,planck_TT
1661,1662.0,58.57437299999998,0.030845570256178942,cosmology,cmb_power_spectrum_transition,planck_TT
1662,1663.0,-48.24567999999999,-0.02540642666370714,cosmology,cmb_power_spectrum_transition,planck_TT
1663,1664.0,44.22569600000003,0.023289482127216512,cosmology,cmb_power_spectrum_transition,planck_TT
1664,1665.0,37.413027,0.019701895107350445,cosmology,cmb_power_spectrum_transition,planck_TT
1665,1666.0,-53.60554000000002,-0.028228956888542565,cosmology,cmb_power_spectrum_transition,planck_TT
1666,1667.0,-16.847339999999974,-0.008871897093968606,cosmology,cmb_power_spectrum_transition,planck_TT
1667,1668.0,24.111331999999948,0.01269715315904541,cosmology,cmb_power_spectrum_transition,planck_TT
1668,1669.0,-5.331414999999993,-0.0028075509395097766,cosmology,cmb_power_spectrum_transition,planck_TT
1669,1670.0,2.752902000000006,0.0014496925481280994,cosmology,cmb_power_spectrum_transition,planck_TT
1670,1671.0,-10.613141999999982,-0.005588935919122909,cosmology,cmb_power_spectrum_transition,planck_TT
1671,1672.0,-19.896410000000003,-0.010477553255256213,cosmology,cmb_power_spectrum_transition,planck_TT
1672,1673.0,73.14474899999999,0.03851840623458445,cosmology,cmb_power_spectrum_transition,planck_TT
1673,1674.0,-76.14887799999997,-0.04010039623092848,cosmology,cmb_power_spectrum_transition,planck_TT
1674,1675.0,39.087027999999975,0.020583432762980376,cosmology,cmb_power_spectrum_transition,planck_TT
1675,1676.0,-6.243820000000028,-0.0032880281702193574,cosmology,cmb_power_spectrum_transition,planck_TT
1676,1677.0,18.961510000000033,0.009985230040247137,cosmology,cmb_power_spectrum_transition,planck_TT
1677,1678.0,-52.368408999999986,-0.027577477252958622,cosmology,cmb_power_spectrum_transition,planck_TT
1678,1679.0,47.79811599999999,0.02517073712749757,cosmology,cmb_power_spectrum_transition,planck_TT
1679,1680.0,-11.569275000000005,-0.0060924405426508775,cosmology,cmb_power_spectrum_transition,planck_TT
1680,1681.0,-54.86261400000001,-0.028890938611918684,cosmology,cmb_power_spectrum_transition,planck_TT
1681,1682.0,67.760332,0.03568294416549728,cosmology,cmb_power_spectrum_transition,planck_TT
1682,1683.0,-21.939887,-0.0115536588991081,cosmology,cmb_power_spectrum_transition,planck_TT
1683,1684.0,19.948278000000016,0.01050486721452041,cosmology,cmb_power_spectrum_transition,planck_TT
1684,1685.0,-46.77803400000005,-0.024633556627109424,cosmology,cmb_power_spectrum_transition,planck_TT
1685,1686.0,42.59815000000003,0.02243240791682483,cosmology,cmb_power_spectrum_transition,planck_TT
1686,1687.0,-37.232163000000014,-0.01960665118184034,cosmology,cmb_power_spectrum_transition,planck_TT
1687,1688.0,18.677886,0.009835872162897951,cosmology,cmb_power_spectrum_transition,planck_TT
1688,1689.0,-4.5592209999999795,-0.0024009095525264236,cosmology,cmb_power_spectrum_transition,planck_TT
1689,1690.0,-10.760616000000027,-0.005666596496521853,cosmology,cmb_power_spectrum_transition,planck_TT
1690,1691.0,29.327670000000012,0.015444103950289527,cosmology,cmb_power_spectrum_transition,planck_TT
1691,1692.0,-4.550508999999977,-0.0023963217678979495,cosmology,cmb_power_spectrum_transition,planck_TT
1692,1693.0,15.078213000000005,0.007940265590706895,cosmology,cmb_power_spectrum_transition,planck_TT
1693,1694.0,-4.465904000000023,-0.002351768333727641,cosmology,cmb_power_spectrum_transition,planck_TT
1694,1695.0,-19.92487699999998,-0.010492544125896551,cosmology,cmb_power_spectrum_transition,planck_TT
1695,1696.0,18.298145999999974,0.009635899098754657,cosmology,cmb_power_spectrum_transition,planck_TT
1696,1697.0,15.174996000000021,0.007991232023179065,cosmology,cmb_power_spectrum_transition,planck_TT
1697,1698.0,-70.505225,-0.03712841913246267,cosmology,cmb_power_spectrum_transition,planck_TT
1698,1699.0,43.23156899999998,0.022765969665169913,cosmology,cmb_power_spectrum_transition,planck_TT
1699,1700.0,50.503647,0.026595483860010954,cosmology,cmb_power_spectrum_transition,planck_TT
1700,1701.0,0.11084899999997333,5.837366141890001e-05,cosmology,cmb_power_spectrum_transition,planck_TT
1701,1702.0,-42.81720299999995,-0.022547762368870336,cosmology,cmb_power_spectrum_transition,planck_TT
1702,1703.0,10.914934999999957,0.005747861686613791,cosmology,cmb_power_spectrum_transition,planck_TT
1703,1704.0,20.723756000000037,0.01091323797302809,cosmology,cmb_power_spectrum_transition,planck_TT
1704,1705.0,2.6170589999999834,0.001378156915978681,cosmology,cmb_power_spectrum_transition,planck_TT
1705,1706.0,-43.06420300000002,-0.022677833856844753,cosmology,cmb_power_spectrum_transition,planck_TT
1706,1707.0,-22.724762,-0.011966978166816156,cosmology,cmb_power_spectrum_transition,planck_TT
1707,1708.0,57.58029400000004,0.030322083071182695,cosmology,cmb_power_spectrum_transition,planck_TT
1708,1709.0,-24.39180200000004,-0.012844850123548187,cosmology,cmb_power_spectrum_transition,planck_TT
1709,1710.0,9.358834000000002,0.004928410785770022,cosmology,cmb_power_spectrum_transition,planck_TT
1710,1711.0,-43.867276000000004,-0.023100736286245746,cosmology,cmb_power_spectrum_transition,planck_TT
1711,1712.0,44.50097800000003,0.023434447063866565,cosmology,cmb_power_spectrum_transition,planck_TT
1712,1713.0,4.364725999999962,0.0022984874713378456,cosmology,cmb_power_spectrum_transition,planck_TT
1713,1714.0,-29.50043999999997,-0.015535085533193688,cosmology,cmb_power_spectrum_transition,planck_TT
1714,1715.0,-32.52385400000003,-0.017127231111098838,cosmology,cmb_power_spectrum_transition,planck_TT
1715,1716.0,73.28711700000002,0.0385933779657583,cosmology,cmb_power_spectrum_transition,planck_TT
1716,1717.0,-20.066763999999978,-0.01056726255996222,cosmology,cmb_power_spectrum_transition,planck_TT
1717,1718.0,-26.288703999999996,-0.013843768608088943,cosmology,cmb_power_spectrum_transition,planck_TT
1718,1719.0,20.862078999999994,0.010986079586109362,cosmology,cmb_power_spectrum_transition,planck_TT
1719,1720.0,-23.648838000000012,-0.012453601406983818,cosmology,cmb_power_spectrum_transition,planck_TT
1720,1721.0,47.37085999999999,0.024945741889983476,cosmology,cmb_power_spectrum_transition,planck_TT
1721,1722.0,-6.007762000000014,-0.003163718796501716,cosmology,cmb_power_spectrum_transition,planck_TT
1722,1723.0,-49.75639000000001,-0.026201974427260882,cosmology,cmb_power_spectrum_transition,planck_TT
1723,1724.0,22.352116000000024,0.011770740840064348,cosmology,cmb_power_spectrum_transition,planck_TT
1724,1725.0,62.98016200000001,0.03316568171743865,cosmology,cmb_power_spectrum_transition,planck_TT
1725,1726.0,-92.153933,-0.04852874165182627,cosmology,cmb_power_spectrum_transition,planck_TT
1726,1727.0,41.26116099999996,0.021728342537734202,cosmology,cmb_power_spectrum_transition,planck_TT
1727,1728.0,-33.88048399999997,-0.01784163954320682,cosmology,cmb_power_spectrum_transition,planck_TT
1728,1729.0,24.085718999999983,0.012683665219687178,cosmology,cmb_power_spectrum_transition,planck_TT
1729,1730.0,39.740947000000006,0.02092778991822216,cosmology,cmb_power_spectrum_transition,planck_TT
1730,1731.0,-5.33336700000001,-0.0028085788728884334,cosmology,cmb_power_spectrum_transition,planck_TT
1731,1732.0,-41.32073299999996,-0.021759713463570682,cosmology,cmb_power_spectrum_transition,planck_TT
1732,1733.0,33.52553899999998,0.01765472365535636,cosmology,cmb_power_spectrum_transition,planck_TT
1733,1734.0,5.540463999999986,0.0029176372329897554,cosmology,cmb_power_spectrum_transition,planck_TT
1734,1735.0,11.973209999999995,0.006305154819958282,cosmology,cmb_power_spectrum_transition,planck_TT
1735,1736.0,-28.98899499999999,-0.015265755929278493,cosmology,cmb_power_spectrum_transition,planck_TT
1736,1737.0,-22.860599999999977,-0.012038511165939477,cosmology,cmb_power_spectrum_transition,planck_TT
1737,1738.0,26.59953999999999,0.014007456466534299,cosmology,cmb_power_spectrum_transition,planck_TT
1738,1739.0,-7.488054000000034,-0.003943248282641675,cosmology,cmb_power_spectrum_transition,planck_TT
1739,1740.0,73.16684500000002,0.03853004210340342,cosmology,cmb_power_spectrum_transition,planck_TT
1740,1741.0,-91.30215700000002,-0.04808019196866489,cosmology,cmb_power_spectrum_transition,planck_TT
1741,1742.0,-1.6178579999999556,-0.000851972459073865,cosmology,cmb_power_spectrum_transition,planck_TT
1742,1743.0,-29.423690000000022,-0.015494668582983054,cosmology,cmb_power_spectrum_transition,planck_TT
1743,1744.0,39.69876399999998,0.020905576130460114,cosmology,cmb_power_spectrum_transition,planck_TT
1744,1745.0,-50.073081,-0.026368745559236965,cosmology,cmb_power_spectrum_transition,planck_TT
1745,1746.0,65.639768,0.03456624410547744,cosmology,cmb_power_spectrum_transition,planck_TT
1746,1747.0,19.179007000000013,0.010099765094578961,cosmology,cmb_power_spectrum_transition,planck_TT
1747,1748.0,-75.99390699999998,-0.040018787694236675,cosmology,cmb_power_spectrum_transition,planck_TT
1748,1749.0,42.890679999999975,0.022586455740214048,cosmology,cmb_power_spectrum_transition,planck_TT
1749,1750.0,-26.110851999999966,-0.013750110817484801,cosmology,cmb_power_spectrum_transition,planck_TT
1750,1751.0,-15.549034000000006,-0.008188202384389423,cosmology,cmb_power_spectrum_transition,planck_TT
1751,1752.0,18.11614099999997,0.009540054316694831,cosmology,cmb_power_spectrum_transition,planck_TT
1752,1753.0,-18.718242999999973,-0.009857124369538348,cosmology,cmb_power_spectrum_transition,planck_TT
1753,1754.0,13.47798499999999,0.007097577181564125,cosmology,cmb_power_spectrum_transition,planck_TT
1754,1755.0,47.756665,0.025148908814752527,cosmology,cmb_power_spectrum_transition,planck_TT
1755,1756.0,-29.10220400000003,-0.01532537237900358,cosmology,cmb_power_spectrum_transition,planck_TT
1756,1757.0,8.778329000000042,0.00462271382574346,cosmology,cmb_power_spectrum_transition,planck_TT
1757,1758.0,9.000223000000005,0.004739564363203305,cosmology,cmb_power_spectrum_transition,planck_TT
1758,1759.0,-22.16058300000003,-0.011669878563521046,cosmology,cmb_power_spectrum_transition,planck_TT
1759,1760.0,10.61974200000003,0.005592411513538444,cosmology,cmb_power_spectrum_transition,planck_TT
1760,1761.0,-66.069774,-0.034792687507331325,cosmology,cmb_power_spectrum_transition,planck_TT
1761,1762.0,81.83381799999995,0.04309411527888417,cosmology,cmb_power_spectrum_transition,planck_TT
1762,1763.0,-2.8328839999999786,-0.0014918114863919174,cosmology,cmb_power_spectrum_transition,planck_TT
1763,1764.0,-20.862370999999996,-0.010986233354831988,cosmology,cmb_power_spectrum_transition,planck_TT
1764,1765.0,-2.3571039999999925,-0.0012412632574508346,cosmology,cmb_power_spectrum_transition,planck_TT
1765,1766.0,4.576206000000013,0.002409853942094234,cosmology,cmb_power_spectrum_transition,planck_TT
1766,1767.0,7.333529999999996,0.003861875138480713,cosmology,cmb_power_spectrum_transition,planck_TT
1767,1768.0,-18.145155000000045,-0.009555333240387537,cosmology,cmb_power_spectrum_transition,planck_TT
1768,1769.0,8.396609000000012,0.0044216980832755114,cosmology,cmb_power_spectrum_transition,planck_TT
1769,1770.0,-7.358109000000013,-0.0038748185680472086,cosmology,cmb_power_spectrum_transition,planck_TT
1770,1771.0,46.42522300000002,0.02444776451478662,cosmology,cmb_power_spectrum_transition,planck_TT
1771,1772.0,-65.906769,-0.03470684822434646,cosmology,cmb_power_spectrum_transition,planck_TT
1772,1773.0,-40.246309,-0.021193916182617734,cosmology,cmb_power_spectrum_transition,planck_TT
1773,1774.0,67.54766699999999,0.03557095366756176,cosmology,cmb_power_spectrum_transition,planck_TT
1774,1775.0,4.880926999999986,0.002570321609653087,cosmology,cmb_power_spectrum_transition,planck_TT
1775,1776.0,-13.528840000000002,-0.007124357689746063,cosmology,cmb_power_spectrum_transition,planck_TT
1776,1777.0,-13.70767699999999,-0.007218534186486435,cosmology,cmb_power_spectrum_transition,planck_TT
1777,1778.0,34.43030200000004,0.018131176569016964,cosmology,cmb_power_spectrum_transition,planck_TT
1778,1779.0,10.49727999999999,0.005527922385763854,cosmology,cmb_power_spectrum_transition,planck_TT
1779,1780.0,-39.861444000000006,-0.020991244266750295,cosmology,cmb_power_spectrum_transition,planck_TT
1780,1781.0,-27.24851000000001,-0.01434920745256966,cosmology,cmb_power_spectrum_transition,planck_TT
1781,1782.0,3.3272380000000226,0.0017521408805866185,cosmology,cmb_power_spectrum_transition,planck_TT
1782,1783.0,62.967265,0.03315889008998761,cosmology,cmb_power_spectrum_transition,planck_TT
1783,1784.0,18.16596099999998,0.00956628978847979,cosmology,cmb_power_spectrum_transition,planck_TT
1784,1785.0,-38.43184400000001,-0.020238409452142322,cosmology,cmb_power_spectrum_transition,planck_TT
1785,1786.0,-11.56536299999999,-0.006090380463051859,cosmology,cmb_power_spectrum_transition,planck_TT
1786,1787.0,-12.443726999999967,-0.006552931525655596,cosmology,cmb_power_spectrum_transition,planck_TT
1787,1788.0,56.06726299999997,0.02952531305692614,cosmology,cmb_power_spectrum_transition,planck_TT
1788,1789.0,-37.95208600000001,-0.019985766387658064,cosmology,cmb_power_spectrum_transition,planck_TT
1789,1790.0,-1.5496219999999994,-0.0008160390256592337,cosmology,cmb_power_spectrum_transition,planck_TT
1790,1791.0,-33.675636,-0.017733765518232848,cosmology,cmb_power_spectrum_transition,planck_TT
1791,1792.0,29.262377000000015,0.015409720316021062,cosmology,cmb_power_spectrum_transition,planck_TT
1792,1793.0,15.178855999999996,0.00799326471930691,cosmology,cmb_power_spectrum_transition,planck_TT
1793,1794.0,-10.97488199999998,-0.005779430089405705,cosmology,cmb_power_spectrum_transition,planck_TT
1794,1795.0,14.918694999999957,0.007856262580104858,cosmology,cmb_power_spectrum_transition,planck_TT
1795,1796.0,-25.186214000000007,-0.013263191625186636,cosmology,cmb_power_spectrum_transition,planck_TT
1796,1797.0,-17.29955199999995,-0.009110034291215026,cosmology,cmb_power_spectrum_transition,planck_TT
1797,1798.0,52.98150099999998,0.027900334697109175,cosmology,cmb_power_spectrum_transition,planck_TT
1798,1799.0,-45.729645000000005,-0.02408146951291519,cosmology,cmb_power_spectrum_transition,planck_TT
1799,1800.0,-19.788386000000003,-0.010420667253568178,cosmology,cmb_power_spectrum_transition,planck_TT
1800,1801.0,24.399834999999996,0.01284908034323601,cosmology,cmb_power_spectrum_transition,planck_TT
1801,1802.0,-30.097905999999966,-0.015849714244262913,cosmology,cmb_power_spectrum_transition,planck_TT
1802,1803.0,12.490163999999993,0.006577385492000007,cosmology,cmb_power_spectrum_transition,planck_TT
1803,1804.0,7.382322999999985,0.0038875697867103987,cosmology,cmb_power_spectrum_transition,planck_TT
1804,1805.0,-1.8016470000000027,-0.0009487567048363305,cosmology,cmb_power_spectrum_transition,planck_TT
1805,1806.0,-5.981069999999988,-0.0031496626501170384,cosmology,cmb_power_spectrum_transition,planck_TT
1806,1807.0,-2.9050450000000296,-0.001529811845273398,cosmology,cmb_power_spectrum_transition,planck_TT
1807,1808.0,11.370339999999999,0.005987680334310053,cosmology,cmb_power_spectrum_transition,planck_TT
1808,1809.0,27.779218000000014,0.014628681052731225,cosmology,cmb_power_spectrum_transition,planck_TT
1809,1810.0,-76.20178900000002,-0.040128259439431394,cosmology,cmb_power_spectrum_transition,planck_TT
1810,1811.0,100.77867900000001,0.05307057786891559,cosmology,cmb_power_spectrum_transition,planck_TT
1811,1812.0,-44.999076,-0.023696748067984205,cosmology,cmb_power_spectrum_transition,planck_TT
1812,1813.0,-58.57523299999997,-0.030846023136663382,cosmology,cmb_power_spectrum_transition,planck_TT
1813,1814.0,48.997833999999955,0.025802514882192464,cosmology,cmb_power_spectrum_transition,planck_TT
1814,1815.0,10.968152000000032,0.005775886036312342,cosmology,cmb_power_spectrum_transition,planck_TT
1815,1816.0,-34.353838999999994,-0.018090910754502833,cosmology,cmb_power_spectrum_transition,planck_TT
1816,1817.0,23.04305099999999,0.012134590813924965,cosmology,cmb_power_spectrum_transition,planck_TT
1817,1818.0,-45.35556700000001,-0.02388447808749625,cosmology,cmb_power_spectrum_transition,planck_TT
1818,1819.0,38.81346400000001,0.020439372534088805,cosmology,cmb_power_spectrum_transition,planck_TT
1819,1820.0,3.9854819999999904,0.0020987756033809583,cosmology,cmb_power_spectrum_transition,planck_TT
1820,1821.0,-39.35169500000001,-0.020722807785278834,cosmology,cmb_power_spectrum_transition,planck_TT
1821,1822.0,14.288387,0.00752433910058199,cosmology,cmb_power_spectrum_transition,planck_TT
1822,1823.0,37.514223000000015,0.01975518544863408,cosmology,cmb_power_spectrum_transition,planck_TT
1823,1824.0,33.233645000000024,0.017501010752883538,cosmology,cmb_power_spectrum_transition,planck_TT
1824,1825.0,-59.191552,-0.031170579935841054,cosmology,cmb_power_spectrum_transition,planck_TT
1825,1826.0,-34.40753700000005,-0.018119188401309532,cosmology,cmb_power_spectrum_transition,planck_TT
1826,1827.0,41.003611000000035,0.021592715364747196,cosmology,cmb_power_spectrum_transition,planck_TT
1827,1828.0,-23.533236999999986,-0.012392725317585724,cosmology,cmb_power_spectrum_transition,planck_TT
1828,1829.0,-2.2986660000000256,-0.001210489501927586,cosmology,cmb_power_spectrum_transition,planck_TT
1829,1830.0,-29.43671599999999,-0.015501528142506738,cosmology,cmb_power_spectrum_transition,planck_TT
1830,1831.0,13.070697999999993,0.00688309772357781,cosmology,cmb_power_spectrum_transition,planck_TT
1831,1832.0,21.194219999999973,0.011160986768649017,cosmology,cmb_power_spectrum_transition,planck_TT
1832,1833.0,-8.064711999999986,-0.0042469193924081616,cosmology,cmb_power_spectrum_transition,planck_TT
1833,1834.0,32.10600299999999,0.016907188595626826,cosmology,cmb_power_spectrum_transition,planck_TT
1834,1835.0,-2.558764999999994,-0.0013474589916063046,cosmology,cmb_power_spectrum_transition,planck_TT
1835,1836.0,-38.56005899999997,-0.02030592813971572,cosmology,cmb_power_spectrum_transition,planck_TT
1836,1837.0,-32.983461000000034,-0.01736926255390629,cosmology,cmb_power_spectrum_transition,planck_TT
1837,1838.0,85.48097999999999,0.04501472980610527,cosmology,cmb_power_spectrum_transition,planck_TT
1838,1839.0,-66.44429299999996,-0.03498991116564983,cosmology,cmb_power_spectrum_transition,planck_TT
1839,1840.0,85.78651300000001,0.0451756250770983,cosmology,cmb_power_spectrum_transition,planck_TT
1840,1841.0,-63.06295400000005,-0.03320928041635517,cosmology,cmb_power_spectrum_transition,planck_TT
1841,1842.0,-30.609883999999965,-0.01611932452875743,cosmology,cmb_power_spectrum_transition,planck_TT
1842,1843.0,37.15432099999998,0.01956565917873546,cosmology,cmb_power_spectrum_transition,planck_TT
1843,1844.0,-6.017765999999995,-0.0031689869550672756,cosmology,cmb_power_spectrum_transition,planck_TT
1844,1845.0,-33.79332299999999,-0.01779574010610831,cosmology,cmb_power_spectrum_transition,planck_TT
1845,1846.0,18.768144000000007,0.009883402496345691,cosmology,cmb_power_spectrum_transition,planck_TT
1846,1847.0,4.818273999999974,0.002537328213150819,cosmology,cmb_power_spectrum_transition,planck_TT
1847,1848.0,10.289596000000017,0.005418554908401639,cosmology,cmb_power_spectrum_transition,planck_TT
1848,1849.0,17.97763199999997,0.009467114755043644,cosmology,cmb_power_spectrum_transition,planck_TT
1849,1850.0,-45.19134700000001,-0.023797998979175793,cosmology,cmb_power_spectrum_transition,planck_TT
1850,1851.0,75.76919600000002,0.039900453709887665,cosmology,cmb_power_spectrum_transition,planck_TT
1851,1852.0,-28.096497,-0.014795761828573414,cosmology,cmb_power_spectrum_transition,planck_TT
1852,1853.0,-3.1534689999999728,-0.0016606332190731525,cosmology,cmb_power_spectrum_transition,planck_TT
1853,1854.0,-18.779593000000034,-0.009889431599446186,cosmology,cmb_power_spectrum_transition,planck_TT
1854,1855.0,-55.99905899999999,-0.029489396474878356,cosmology,cmb_power_spectrum_transition,planck_TT
1855,1856.0,48.556520999999975,0.02557011715517856,cosmology,cmb_power_spectrum_transition,planck_TT
1856,1857.0,-33.07351399999999,-0.017416684933285038,cosmology,cmb_power_spectrum_transition,planck_TT
1857,1858.0,48.418938000000026,0.025497665229956,cosmology,cmb_power_spectrum_transition,planck_TT
1858,1859.0,-9.92528500000003,-0.0052267068361124425,cosmology,cmb_power_spectrum_transition,planck_TT
1859,1860.0,7.289094000000034,0.003838474909170492,cosmology,cmb_power_spectrum_transition,planck_TT
1860,1861.0,-16.93060600000001,-0.00891574540375678,cosmology,cmb_power_spectrum_transition,planck_TT
1861,1862.0,-66.238009,-0.03488128093558789,cosmology,cmb_power_spectrum_transition,planck_TT
1862,1863.0,50.58973999999998,0.026640820882740408,cosmology,cmb_power_spectrum_transition,planck_TT
1863,1864.0,-1.263578999999993,-0.0006654072902962552,cosmology,cmb_power_spectrum_transition,planck_TT
1864,1865.0,-1.6410759999999982,-0.0008641991789434789,cosmology,cmb_power_spectrum_transition,planck_TT
1865,1866.0,6.226409999999987,0.003278859973435393,cosmology,cmb_power_spectrum_transition,planck_TT
1866,1867.0,-3.6098069999999893,-0.0019009431894345032,cosmology,cmb_power_spectrum_transition,planck_TT
1867,1868.0,-38.053056999999995,-0.020038938242768423,cosmology,cmb_power_spectrum_transition,planck_TT
1868,1869.0,45.83520899999999,0.02413706006577562,cosmology,cmb_power_spectrum_transition,planck_TT
1869,1870.0,-14.106570999999974,-0.007428593846907688,cosmology,cmb_power_spectrum_transition,planck_TT
1870,1871.0,1.3764810000000125,0.0007248620722204888,cosmology,cmb_power_spectrum_transition,planck_TT
1871,1872.0,-7.712706000000026,-0.004061551197283047,cosmology,cmb_power_spectrum_transition,planck_TT
1872,1873.0,24.89119800000003,0.013107834661234222,cosmology,cmb_power_spectrum_transition,planck_TT
1873,1874.0,-38.13424100000003,-0.02008169016050007,cosmology,cmb_power_spectrum_transition,planck_TT
1874,1875.0,20.020032000000015,0.010542653245079572,cosmology,cmb_power_spectrum_transition,planck_TT
1875,1876.0,-0.08931000000001177,-4.703111170442585e-05,cosmology,cmb_power_spectrum_transition,planck_TT
1876,1877.0,25.705839000000026,0.013536828859756224,cosmology,cmb_power_spectrum_transition,planck_TT
1877,1878.0,-55.50896500000002,-0.02923131041889734,cosmology,cmb_power_spectrum_transition,planck_TT
1878,1879.0,64.442867,0.0339359497976717,cosmology,cmb_power_spectrum_transition,planck_TT
1879,1880.0,-0.7568660000000023,-0.0003985695822559331,cosmology,cmb_power_spectrum_transition,planck_TT
1880,1881.0,-34.01548200000002,-0.017912730193950028,cosmology,cmb_power_spectrum_transition,planck_TT
1881,1882.0,5.639391999999987,0.002969733233646959,cosmology,cmb_power_spectrum_transition,planck_TT
1882,1883.0,-5.286039999999957,-0.002783656227903129,cosmology,cmb_power_spectrum_transition,planck_TT
1883,1884.0,-54.58834900000002,-0.02874650923277176,cosmology,cmb_power_spectrum_transition,planck_TT
1884,1885.0,36.62655600000002,0.01928773537772011,cosmology,cmb_power_spectrum_transition,planck_TT
1885,1886.0,-23.856611000000015,-0.012563015752210136,cosmology,cmb_power_spectrum_transition,planck_TT
1886,1887.0,29.48715100000001,0.015528087476498602,cosmology,cmb_power_spectrum_transition,planck_TT
1887,1888.0,6.749257,0.0035541939300060047,cosmology,cmb_power_spectrum_transition,planck_TT
1888,1889.0,-4.765825000000007,-0.0025097082962570382,cosmology,cmb_power_spectrum_transition,planck_TT
1889,1890.0,-62.947914,-0.03314869975248238,cosmology,cmb_power_spectrum_transition,planck_TT
1890,1891.0,91.95750999999998,0.048425304275784196,cosmology,cmb_power_spectrum_transition,planck_TT
1891,1892.0,-20.70811199999997,-0.010904999761052869,cosmology,cmb_power_spectrum_transition,planck_TT
1892,1893.0,-36.41518900000003,-0.019176428413352983,cosmology,cmb_power_spectrum_transition,planck_TT
1893,1894.0,17.908883000000003,0.009430911173153983,cosmology,cmb_power_spectrum_transition,planck_TT
1894,1895.0,0.2552440000000047,0.00013441282136248024,cosmology,cmb_power_spectrum_transition,planck_TT
1895,1896.0,-52.739464,-0.02777287675081423,cosmology,cmb_power_spectrum_transition,planck_TT
1896,1897.0,39.54117099999999,0.020822586834895962,cosmology,cmb_power_spectrum_transition,planck_TT
1897,1898.0,13.069331000000005,0.006882377854249634,cosmology,cmb_power_spectrum_transition,planck_TT
1898,1899.0,12.414849999999973,0.006537724746877315,cosmology,cmb_power_spectrum_transition,planck_TT
1899,1900.0,-8.106919000000005,-0.0042691458186953565,cosmology,cmb_power_spectrum_transition,planck_TT
1900,1901.0,55.72438600000004,0.029344752240803944,cosmology,cmb_power_spectrum_transition,planck_TT
1901,1902.0,-110.97615900000002,-0.058440624011381004,cosmology,cmb_power_spectrum_transition,planck_TT
1902,1903.0,9.646341000000007,0.0050798134711669855,cosmology,cmb_power_spectrum_transition,planck_TT
1903,1904.0,52.521739,0.027658221630493494,cosmology,cmb_power_spectrum_transition,planck_TT
1904,1905.0,-68.87140299999999,-0.036268039947744954,cosmology,cmb_power_spectrum_transition,planck_TT
1905,1906.0,53.25207599999999,0.028042820903014715,cosmology,cmb_power_spectrum_transition,planck_TT
1906,1907.0,23.93979200000001,0.01260681930055506,cosmology,cmb_power_spectrum_transition,planck_TT
1907,1908.0,-26.527816,-0.013969686234131575,cosmology,cmb_power_spectrum_transition,planck_TT
1908,1909.0,28.481031,0.014998259438114869,cosmology,cmb_power_spectrum_transition,planck_TT
1909,1910.0,-10.15129300000001,-0.00534572382742463,cosmology,cmb_power_spectrum_transition,planck_TT
1910,1911.0,-5.07233100000002,-0.002671115954123744,cosmology,cmb_power_spectrum_transition,planck_TT
1911,1912.0,-50.55545399999997,-0.026622765696357045,cosmology,cmb_power_spectrum_transition,planck_TT
1912,1913.0,75.557939,0.039789204672094125,cosmology,cmb_power_spectrum_transition,planck_TT
1913,1914.0,-11.08276699999999,-0.0058362428929689325,cosmology,cmb_power_spectrum_transition,planck_TT
1914,1915.0,-18.008691999999996,-0.009483471113005132,cosmology,cmb_power_spectrum_transition,planck_TT
1915,1916.0,-3.370640000000037,-0.0017749966001051037,cosmology,cmb_power_spectrum_transition,planck_TT
1916,1917.0,-22.64094399999999,-0.011922839170949608,cosmology,cmb_power_spectrum_transition,planck_TT
1917,1918.0,-0.020804999999995744,-1.0956021487070324e-05,cosmology,cmb_power_spectrum_transition,planck_TT
1918,1919.0,26.21631500000001,0.013805648183218597,cosmology,cmb_power_spectrum_transition,planck_TT
1919,1920.0,49.176671999999996,0.02589669190553808,cosmology,cmb_power_spectrum_transition,planck_TT
1920,1921.0,-32.26765899999998,-0.016992317488177373,cosmology,cmb_power_spectrum_transition,planck_TT
1921,1922.0,-41.14608900000002,-0.02166774502249461,cosmology,cmb_power_spectrum_transition,planck_TT
1922,1923.0,31.987472999999966,0.016844770079555548,cosmology,cmb_power_spectrum_transition,planck_TT
1923,1924.0,-56.954939999999965,-0.029992768393892255,cosmology,cmb_power_spectrum_transition,planck_TT
1924,1925.0,33.63068099999998,0.017710091980816287,cosmology,cmb_power_spectrum_transition,planck_TT
1925,1926.0,59.501806999999985,0.03133396183665679,cosmology,cmb_power_spectrum_transition,planck_TT
1926,1927.0,-18.91728999999998,-0.009961943557663194,cosmology,cmb_power_spectrum_transition,planck_TT
1927,1928.0,-15.733987000000013,-0.008285599598621513,cosmology,cmb_power_spectrum_transition,planck_TT
1928,1929.0,-12.393853999999976,-0.0065266681437942805,cosmology,cmb_power_spectrum_transition,planck_TT
1929,1930.0,36.034109,0.0189757496982223,cosmology,cmb_power_spectrum_transition,planck_TT
1930,1931.0,-70.86988,-0.037320448356945646,cosmology,cmb_power_spectrum_transition,planck_TT
1931,1932.0,-74.87550200000001,-0.03942982978934607,cosmology,cmb_power_spectrum_transition,planck_TT
1932,1933.0,88.421874,0.046563419921712236,cosmology,cmb_power_spectrum_transition,planck_TT
1933,1934.0,-37.00941500000002,-0.01948935092352732,cosmology,cmb_power_spectrum_transition,planck_TT
1934,1935.0,86.63090100000002,0.04562028420093518,cosmology,cmb_power_spectrum_transition,planck_TT
1935,1936.0,-8.664058000000011,-0.004562538121280609,cosmology,cmb_power_spectrum_transition,planck_TT
1936,1937.0,-25.773527,-0.013572473713513335,cosmology,cmb_power_spectrum_transition,planck_TT
1937,1938.0,1.5422530000000165,0.0008121584718338047,cosmology,cmb_power_spectrum_transition,planck_TT
1938,1939.0,18.897582999999997,0.00995156574870162,cosmology,cmb_power_spectrum_transition,planck_TT
1939,1940.0,7.746269999999981,0.004079226174701533,cosmology,cmb_power_spectrum_transition,planck_TT
1940,1941.0,-30.438682999999997,-0.01602916918943477,cosmology,cmb_power_spectrum_transition,planck_TT
1941,1942.0,-36.613215,-0.019280709937553833,cosmology,cmb_power_spectrum_transition,planck_TT
1942,1943.0,83.11424,0.04376839218080779,cosmology,cmb_power_spectrum_transition,planck_TT
1943,1944.0,-81.27954499999998,-0.04280223222684361,cosmology,cmb_power_spectrum_transition,planck_TT
1944,1945.0,-46.482766,-0.024478066958642925,cosmology,cmb_power_spectrum_transition,planck_TT
1945,1946.0,88.05724799999999,0.04637140596878046,cosmology,cmb_power_spectrum_transition,planck_TT
1946,1947.0,-41.83501799999999,-0.022030538626294997,cosmology,cmb_power_spectrum_transition,planck_TT
1947,1948.0,-12.252161999999998,-0.006452052397745444,cosmology,cmb_power_spectrum_transition,planck_TT
1948,1949.0,45.39280299999999,0.023904086759262286,cosmology,cmb_power_spectrum_transition,planck_TT
1949,1950.0,-24.664883000000003,-0.012988656002121167,cosmology,cmb_power_spectrum_transition,planck_TT
1950,1951.0,8.667995000000019,0.004564611366009987,cosmology,cmb_power_spectrum_transition,planck_TT
1951,1952.0,22.453153999999984,0.011823947977724064,cosmology,cmb_power_spectrum_transition,planck_TT
1952,1953.0,-13.85859499999998,-0.00729800839224399,cosmology,cmb_power_spectrum_transition,planck_TT
1953,1954.0,25.699842999999987,0.013533671334890234,cosmology,cmb_power_spectrum_transition,planck_TT
1954,1955.0,-55.683231000000006,-0.029323079803202368,cosmology,cmb_power_spectrum_transition,planck_TT
1955,1956.0,67.51850900000002,0.03555559891271822,cosmology,cmb_power_spectrum_transition,planck_TT
1956,1957.0,-90.49188900000001,-0.04765350061474577,cosmology,cmb_power_spectrum_transition,planck_TT
1957,1958.0,87.022087,0.045826284788363286,cosmology,cmb_power_spectrum_transition,planck_TT
1958,1959.0,-91.810979,-0.04834814028710253,cosmology,cmb_power_spectrum_transition,planck_TT
1959,1960.0,87.63873900000002,0.046151016947077364,cosmology,cmb_power_spectrum_transition,planck_TT
1960,1961.0,11.90504199999998,0.0062692571956982045,cosmology,cmb_power_spectrum_transition,planck_TT
1961,1962.0,-35.58163099999999,-0.018737472423988807,cosmology,cmb_power_spectrum_transition,planck_TT
1962,1963.0,2.62736799999999,0.0013835856891346678,cosmology,cmb_power_spectrum_transition,planck_TT
1963,1964.0,48.226259,0.0253961994638369,cosmology,cmb_power_spectrum_transition,planck_TT
1964,1965.0,-127.033954,-0.06689674259128997,cosmology,cmb_power_spectrum_transition,planck_TT
1965,1966.0,8.76818399999999,0.004617371415842623,cosmology,cmb_power_spectrum_transition,planck_TT
1966,1967.0,97.95546900000002,0.051583860761368464,cosmology,cmb_power_spectrum_transition,planck_TT
1967,1968.0,-32.830600000000004,-0.017288765154216998,cosmology,cmb_power_spectrum_transition,planck_TT
1968,1969.0,-45.574771,-0.023999912056929182,cosmology,cmb_power_spectrum_transition,planck_TT
1969,1970.0,55.88776099999998,0.02943078636771814,cosmology,cmb_power_spectrum_transition,planck_TT
1970,1971.0,22.590889000000033,0.011896479946939275,cosmology,cmb_power_spectrum_transition,planck_TT
1971,1972.0,-95.62036400000002,-0.05035418229203077,cosmology,cmb_power_spectrum_transition,planck_TT
1972,1973.0,42.09273999999999,0.022166256375378935,cosmology,cmb_power_spectrum_transition,planck_TT
1973,1974.0,20.881877000000003,0.010996505316145468,cosmology,cmb_power_spectrum_transition,planck_TT
1974,1975.0,2.436768999999998,0.0012832152618616826,cosmology,cmb_power_spectrum_transition,planck_TT
1975,1976.0,5.739561000000009,0.003022482751375333,cosmology,cmb_power_spectrum_transition,planck_TT
1976,1977.0,-39.09909000000002,-0.02058978467507735,cosmology,cmb_power_spectrum_transition,planck_TT
1977,1978.0,-17.915070999999983,-0.00943416980622112,cosmology,cmb_power_spectrum_transition,planck_TT
1978,1979.0,98.12762199999997,0.05167451742885529,cosmology,cmb_power_spectrum_transition,planck_TT
1979,1980.0,-45.20215399999998,-0.02380369000172857,cosmology,cmb_power_spectrum_transition,planck_TT
1980,1981.0,-73.16902099999999,-0.03853118799635009,cosmology,cmb_power_spectrum_transition,planck_TT
1981,1982.0,9.354174999999998,0.004925957332075799,cosmology,cmb_power_spectrum_transition,planck_TT
1982,1983.0,57.33094299999999,0.03019077353434907,cosmology,cmb_power_spectrum_transition,planck_TT
1983,1984.0,12.075009999999992,0.006358763230791445,cosmology,cmb_power_spectrum_transition,planck_TT
1984,1985.0,-71.26224299999998,-0.037527068758711195,cosmology,cmb_power_spectrum_transition,planck_TT
1985,1986.0,16.343578999999977,0.0086066139245214,cosmology,cmb_power_spectrum_transition,planck_TT
1986,1987.0,84.31499099999999,0.04440071391868925,cosmology,cmb_power_spectrum_transition,planck_TT
1987,1988.0,16.77105700000004,0.008831726068393136,cosmology,cmb_power_spectrum_transition,planck_TT
1988,1989.0,-146.54638900000003,-0.07717209260931963,cosmology,cmb_power_spectrum_transition,planck_TT
1989,1990.0,90.152275,0.047474658111438355,cosmology,cmb_power_spectrum_transition,planck_TT
1990,1991.0,-54.12484899999998,-0.028502427715864354,cosmology,cmb_power_spectrum_transition,planck_TT
1991,1992.0,-10.335191000000009,-0.005442565473155448,cosmology,cmb_power_spectrum_transition,planck_TT
1992,1993.0,60.558302,0.031890317612719515,cosmology,cmb_power_spectrum_transition,planck_TT
1993,1994.0,50.668428000000006,0.026682258393856732,cosmology,cmb_power_spectrum_transition,planck_TT
1994,1995.0,-58.458967,-0.030784796854797694,cosmology,cmb_power_spectrum_transition,planck_TT
1995,1996.0,76.96548900000002,0.04053042784172302,cosmology,cmb_power_spectrum_transition,planck_TT
1996,1997.0,-40.571672000000035,-0.021365254035013735,cosmology,cmb_power_spectrum_transition,planck_TT
1997,1998.0,-33.804692999999986,-0.017801727607396848,cosmology,cmb_power_spectrum_transition,planck_TT
1998,1999.0,68.90236600000003,0.036284345225000646,cosmology,cmb_power_spectrum_transition,planck_TT
1999,2000.0,-17.859951000000024,-0.009405143326799491,cosmology,cmb_power_spectrum_transition,planck_TT
2000,2001.0,-27.586647999999997,-0.014527272686580503,cosmology,cmb_power_spectrum_transition,planck_TT
2001,2002.0,-34.56334800000002,-0.018201239286381485,cosmology,cmb_power_spectrum_transition,planck_TT
2002,2003.0,47.888675000000006,0.02521842596911487,cosmology,cmb_power_spectrum_transition,planck_TT
2003,2004.0,-63.283051,-0.0333251846442446,cosmology,cmb_power_spectrum_transition,planck_TT
2004,2005.0,15.709156000000007,0.008272523464540976,cosmology,cmb_power_spectrum_transition,planck_TT
2005,2006.0,17.040895000000006,0.008973824166255587,cosmology,cmb_power_spectrum_transition,planck_TT
2006,2007.0,-28.980895000000004,-0.015261490427041285,cosmology,cmb_power_spectrum_transition,planck_TT
2007,2008.0,34.04260500000001,0.017927013307182122,cosmology,cmb_power_spectrum_transition,planck_TT
2008,2009.0,-48.35583200000002,-0.025464433281291582,cosmology,cmb_power_spectrum_transition,planck_TT
2009,2010.0,-36.08284899999998,-0.019001416436375613,cosmology,cmb_power_spectrum_transition,planck_TT
2010,2011.0,79.49551,0.041862750093044555,cosmology,cmb_power_spectrum_transition,planck_TT
2011,2012.0,10.577287999999982,0.005570055015763259,cosmology,cmb_power_spectrum_transition,planck_TT
2012,2013.0,-56.72637399999999,-0.029872404346441454,cosmology,cmb_power_spectrum_transition,planck_TT
2013,2014.0,23.159345000000002,0.012195831840736679,cosmology,cmb_power_spectrum_transition,planck_TT
2014,2015.0,26.214145000000002,0.013804505449903191,cosmology,cmb_power_spectrum_transition,planck_TT
2015,2016.0,-27.94976700000001,-0.014718493045454065,cosmology,cmb_power_spectrum_transition,planck_TT
2016,2017.0,81.42228300000002,0.04287739880194682,cosmology,cmb_power_spectrum_transition,planck_TT
2017,2018.0,-6.873809999999992,-0.003619784189284027,cosmology,cmb_power_spectrum_transition,planck_TT
2018,2019.0,-67.47727300000003,-0.03553388382009429,cosmology,cmb_power_spectrum_transition,planck_TT
2019,2020.0,-23.659178999999995,-0.012459047031506656,cosmology,cmb_power_spectrum_transition,planck_TT
2020,2021.0,-6.366286000000002,-0.0033525194044147695,cosmology,cmb_power_spectrum_transition,planck_TT
2021,2022.0,86.424827,0.04551176455796824,cosmology,cmb_power_spectrum_transition,planck_TT
2022,2023.0,-103.121971,-0.054304567655144145,cosmology,cmb_power_spectrum_transition,planck_TT
2023,2024.0,46.47997600000002,0.024476597730094564,cosmology,cmb_power_spectrum_transition,planck_TT
2024,2025.0,16.06162599999999,0.008458136004485618,cosmology,cmb_power_spectrum_transition,planck_TT
2025,2026.0,42.69363000000001,0.022482688182702524,cosmology,cmb_power_spectrum_transition,planck_TT
2026,2027.0,-48.070606000000026,-0.025314231782388834,cosmology,cmb_power_spectrum_transition,planck_TT
2027,2028.0,43.01946000000001,0.022654271959733664,cosmology,cmb_power_spectrum_transition,planck_TT
2028,2029.0,-48.88762599999998,-0.025744478774716043,cosmology,cmb_power_spectrum_transition,planck_TT
2029,2030.0,5.127307999999999,0.002700067128999714,cosmology,cmb_power_spectrum_transition,planck_TT
2030,2031.0,5.989249000000001,0.0031539697541662047,cosmology,cmb_power_spectrum_transition,planck_TT
2031,2032.0,-14.230972000000008,-0.007494104062193133,cosmology,cmb_power_spectrum_transition,planck_TT
2032,2033.0,10.910199000000006,0.005745367684318081,cosmology,cmb_power_spectrum_transition,planck_TT
2033,2034.0,101.25670099999996,0.0533223067467475,cosmology,cmb_power_spectrum_transition,planck_TT
2034,2035.0,-77.93035699999999,-0.041038532361799364,cosmology,cmb_power_spectrum_transition,planck_TT
2035,2036.0,-51.409208999999976,-0.02707235753123788,cosmology,cmb_power_spectrum_transition,planck_TT
2036,2037.0,61.989971,0.03264424197351623,cosmology,cmb_power_spectrum_transition,planck_TT
2037,2038.0,-55.408394000000015,-0.029178349205872763,cosmology,cmb_power_spectrum_transition,planck_TT
2038,2039.0,-26.18493799999999,-0.013789124891404124,cosmology,cmb_power_spectrum_transition,planck_TT
2039,2040.0,34.787903,0.018319491120317048,cosmology,cmb_power_spectrum_transition,planck_TT
2040,2041.0,-24.525443999999993,-0.012915226697620517,cosmology,cmb_power_spectrum_transition,planck_TT
2041,2042.0,45.8416,0.02414042559970131,cosmology,cmb_power_spectrum_transition,planck_TT
2042,2043.0,16.416091999999992,0.008644799648438355,cosmology,cmb_power_spectrum_transition,planck_TT
2043,2044.0,-56.131170999999995,-0.029558967342972576,cosmology,cmb_power_spectrum_transition,planck_TT
2044,2045.0,51.287846,0.027008447142594028,cosmology,cmb_power_spectrum_transition,planck_TT
2045,2046.0,-17.135873000000004,-0.00902384007631563,cosmology,cmb_power_spectrum_transition,planck_TT
2046,2047.0,3.765080999999981,0.0019827112875062942,cosmology,cmb_power_spectrum_transition,planck_TT
2047,2048.0,-11.931799999999981,-0.006283348098027024,cosmology,cmb_power_spectrum_transition,planck_TT
2048,2049.0,7.730943999999994,0.004071155423184555,cosmology,cmb_power_spectrum_transition,planck_TT
2049,2050.0,-33.03195600000001,-0.017394800273782055,cosmology,cmb_power_spectrum_transition,planck_TT
2050,2051.0,12.058791000000014,0.006350222220817948,cosmology,cmb_power_spectrum_transition,planck_TT
2051,2052.0,-12.973375000000004,-0.006831846924289839,cosmology,cmb_power_spectrum_transition,planck_TT
2052,2053.0,29.762148999999994,0.015672902857267735,cosmology,cmb_power_spectrum_transition,planck_TT
2053,2054.0,-46.373468,-0.02442051006191166,cosmology,cmb_power_spectrum_transition,planck_TT
2054,2055.0,22.350899999999996,0.011770100488123535,cosmology,cmb_power_spectrum_transition,planck_TT
2055,2056.0,50.91181300000002,0.026810426203980803,cosmology,cmb_power_spectrum_transition,planck_TT
2056,2057.0,-57.99810200000002,-0.03054210294263045,cosmology,cmb_power_spectrum_transition,planck_TT
2057,2058.0,-1.5821770000000015,-0.0008331826584163435,cosmology,cmb_power_spectrum_transition,planck_TT
2058,2059.0,19.453202000000005,0.010244157611360877,cosmology,cmb_power_spectrum_transition,planck_TT
2059,2060.0,36.49181999999999,0.019216782697543105,cosmology,cmb_power_spectrum_transition,planck_TT
2060,2061.0,7.449125000000038,0.0039227480682475285,cosmology,cmb_power_spectrum_transition,planck_TT
2061,2062.0,-10.284438000000023,-0.0054158386787054,cosmology,cmb_power_spectrum_transition,planck_TT
2062,2063.0,-70.360379,-0.037052142473567376,cosmology,cmb_power_spectrum_transition,planck_TT
2063,2064.0,21.726969999999994,0.01144153569665854,cosmology,cmb_power_spectrum_transition,planck_TT
2064,2065.0,-44.276779000000005,-0.02331638270138733,cosmology,cmb_power_spectrum_transition,planck_TT
2065,2066.0,77.45955900000001,0.04079060768003678,cosmology,cmb_power_spectrum_transition,planck_TT
2066,2067.0,24.380357000000004,0.012838823126868544,cosmology,cmb_power_spectrum_transition,planck_TT
2067,2068.0,-33.40400200000002,-0.017590721637405198,cosmology,cmb_power_spectrum_transition,planck_TT
2068,2069.0,38.31512799999999,0.02017694619793009,cosmology,cmb_power_spectrum_transition,planck_TT
2069,2070.0,-4.445191999999963,-0.0023408612865254827,cosmology,cmb_power_spectrum_transition,planck_TT
2070,2071.0,-140.09588300000001,-0.07377522251374209,cosmology,cmb_power_spectrum_transition,planck_TT
2071,2072.0,114.17680099999998,0.060126098778236395,cosmology,cmb_power_spectrum_transition,planck_TT
2072,2073.0,1.2599069999999983,0.0006634735959487199,cosmology,cmb_power_spectrum_transition,planck_TT
2073,2074.0,-80.684033,-0.04248863250236347,cosmology,cmb_power_spectrum_transition,planck_TT
2074,2075.0,69.135579,0.0364071564068831,cosmology,cmb_power_spectrum_transition,planck_TT
2075,2076.0,9.862302,0.005193539659889388,cosmology,cmb_power_spectrum_transition,planck_TT
2076,2077.0,-64.196711,-0.033806322764498326,cosmology,cmb_power_spectrum_transition,planck_TT
2077,2078.0,-32.268437000000006,-0.016992727187034245,cosmology,cmb_power_spectrum_transition,planck_TT
2078,2079.0,118.504931,0.062405314605145486,cosmology,cmb_power_spectrum_transition,planck_TT
2079,2080.0,-102.40607399999999,-0.05392757256191988,cosmology,cmb_power_spectrum_transition,planck_TT
2080,2081.0,45.634814000000006,0.024031531013821678,cosmology,cmb_power_spectrum_transition,planck_TT
2081,2082.0,31.69349699999998,0.01668996078502618,cosmology,cmb_power_spectrum_transition,planck_TT
2082,2083.0,4.365170000000006,0.002298721284053094,cosmology,cmb_power_spectrum_transition,planck_TT
2083,2084.0,-35.73237599999999,-0.018816855527044263,cosmology,cmb_power_spectrum_transition,planck_TT
2084,2085.0,-7.09164100000001,-0.0037344951297575047,cosmology,cmb_power_spectrum_transition,planck_TT
2085,2086.0,12.821723999999989,0.006751986716910064,cosmology,cmb_power_spectrum_transition,planck_TT
2086,2087.0,29.40095100000002,0.015482694107011193,cosmology,cmb_power_spectrum_transition,planck_TT
2087,2088.0,37.830419000000006,0.019921695911029,cosmology,cmb_power_spectrum_transition,planck_TT
2088,2089.0,-47.516333,-0.025022348730348247,cosmology,cmb_power_spectrum_transition,planck_TT
2089,2090.0,-2.9037500000000023,-0.0015291298915206435,cosmology,cmb_power_spectrum_transition,planck_TT
2090,2091.0,14.97041999999999,0.007883501234823396,cosmology,cmb_power_spectrum_transition,planck_TT
2091,2092.0,-111.42908299999999,-0.05867913615154012,cosmology,cmb_power_spectrum_transition,planck_TT
2092,2093.0,91.964946,0.048429220112159006,cosmology,cmb_power_spectrum_transition,planck_TT
2093,2094.0,37.769896999999986,0.019889824710238764,cosmology,cmb_power_spectrum_transition,planck_TT
2094,2095.0,-29.981448,-0.01578838685419605,cosmology,cmb_power_spectrum_transition,planck_TT
2095,2096.0,27.700822000000016,0.014587397310337544,cosmology,cmb_power_spectrum_transition,planck_TT
2096,2097.0,-32.24109200000001,-0.016978327167444532,cosmology,cmb_power_spectrum_transition,planck_TT
2097,2098.0,42.437145000000015,0.02234762184426889,cosmology,cmb_power_spectrum_transition,planck_TT
2098,2099.0,-55.197441000000026,-0.02906726025606443,cosmology,cmb_power_spectrum_transition,planck_TT
2099,2100.0,-36.93644899999998,-0.0194509266474482,cosmology,cmb_power_spectrum_transition,planck_TT
2100,2101.0,-35.19583399999999,-0.018534309712061478,cosmology,cmb_power_spectrum_transition,planck_TT
2101,2102.0,92.55902499999999,0.04874206521136682,cosmology,cmb_power_spectrum_transition,planck_TT
2102,2103.0,34.110551000000015,0.017962794025084584,cosmology,cmb_power_spectrum_transition,planck_TT
2103,2104.0,-122.36926400000002,-0.06444029251339849,cosmology,cmb_power_spectrum_transition,planck_TT
2104,2105.0,54.093163000000004,0.028485741703038633,cosmology,cmb_power_spectrum_transition,planck_TT
2105,2106.0,-10.659875999999997,-0.005613546287216012,cosmology,cmb_power_spectrum_transition,planck_TT
2106,2107.0,-77.94217200000001,-0.04104475420240836,cosmology,cmb_power_spectrum_transition,planck_TT
2107,2108.0,70.405084,0.03707568435968031,cosmology,cmb_power_spectrum_transition,planck_TT
2108,2109.0,-28.327695000000006,-0.014917511900948721,cosmology,cmb_power_spectrum_transition,planck_TT
2109,2110.0,43.39003600000001,0.02284941921369153,cosmology,cmb_power_spectrum_transition,planck_TT
2110,2111.0,-34.340507,-0.018083890053783507,cosmology,cmb_power_spectrum_transition,planck_TT
2111,2112.0,100.10126199999999,0.05271384654434417,cosmology,cmb_power_spectrum_transition,planck_TT
2112,2113.0,-82.07497000000001,-0.04322110717956435,cosmology,cmb_power_spectrum_transition,planck_TT
2113,2114.0,29.400643000000002,0.015482531912605126,cosmology,cmb_power_spectrum_transition,planck_TT
2114,2115.0,4.299558000000019,0.0022641696627212185,cosmology,cmb_power_spectrum_transition,planck_TT
2115,2116.0,47.55490899999998,0.025042663053101672,cosmology,cmb_power_spectrum_transition,planck_TT
2116,2117.0,-120.83058399999999,-0.06363001560199598,cosmology,cmb_power_spectrum_transition,planck_TT
2117,2118.0,114.45022800000001,0.060270086862213613,cosmology,cmb_power_spectrum_transition,planck_TT
2118,2119.0,-17.339821999999998,-0.009131240683201806,cosmology,cmb_power_spectrum_transition,planck_TT
2119,2120.0,-50.41395600000001,-0.02654825211171983,cosmology,cmb_power_spectrum_transition,planck_TT
2120,2121.0,10.671276000000006,0.005619549586660988,cosmology,cmb_power_spectrum_transition,planck_TT
2121,2122.0,6.750875000000008,0.0035550459772430228,cosmology,cmb_power_spectrum_transition,planck_TT
2122,2123.0,19.667497999999995,0.010357007002401185,cosmology,cmb_power_spectrum_transition,planck_TT
2123,2124.0,29.206582999999995,0.015380338904684848,cosmology,cmb_power_spectrum_transition,planck_TT
2124,2125.0,-14.128411999999997,-0.007440095431396965,cosmology,cmb_power_spectrum_transition,planck_TT
2125,2126.0,-86.974325,-0.04580113307010971,cosmology,cmb_power_spectrum_transition,planck_TT
2126,2127.0,53.32642099999998,0.02808197136768457,cosmology,cmb_power_spectrum_transition,planck_TT
2127,2128.0,89.412453,0.04708506398845787,cosmology,cmb_power_spectrum_transition,planck_TT
2128,2129.0,-137.667958,-0.07249666454839719,cosmology,cmb_power_spectrum_transition,planck_TT
2129,2130.0,37.37325000000001,0.019680948331734435,cosmology,cmb_power_spectrum_transition,planck_TT
2130,2131.0,-52.840479000000016,-0.02782607177655404,cosmology,cmb_power_spectrum_transition,planck_TT
2131,2132.0,68.40205600000002,0.03602087937014858,cosmology,cmb_power_spectrum_transition,planck_TT
2132,2133.0,-52.15196500000002,-0.027463496713917644,cosmology,cmb_power_spectrum_transition,planck_TT
2133,2134.0,8.924148000000002,0.00469950287151241,cosmology,cmb_power_spectrum_transition,planck_TT
2134,2135.0,-25.811217999999997,-0.013592321990651966,cosmology,cmb_power_spectrum_transition,planck_TT
2135,2136.0,48.086630000000014,0.025322670104345513,cosmology,cmb_power_spectrum_transition,planck_TT
2136,2137.0,74.67120600000001,0.03932224645045047,cosmology,cmb_power_spectrum_transition,planck_TT
2137,2138.0,-173.15553000000003,-0.09118460501251807,cosmology,cmb_power_spectrum_transition,planck_TT
2138,2139.0,161.749883,0.08517833182790067,cosmology,cmb_power_spectrum_transition,planck_TT
2139,2140.0,-71.118256,-0.037451244453695146,cosmology,cmb_power_spectrum_transition,planck_TT
2140,2141.0,-53.079447,-0.02795191357144578,cosmology,cmb_power_spectrum_transition,planck_TT
2141,2142.0,155.624702,0.08195277957372098,cosmology,cmb_power_spectrum_transition,planck_TT
2142,2143.0,-28.713202999999993,-0.015120522423969064,cosmology,cmb_power_spectrum_transition,planck_TT
2143,2144.0,-48.86524299999999,-0.025732691770200537,cosmology,cmb_power_spectrum_transition,planck_TT
2144,2145.0,30.722594999999984,0.0161786787290857,cosmology,cmb_power_spectrum_transition,planck_TT
2145,2146.0,-14.937180000000012,-0.007865996877494386,cosmology,cmb_power_spectrum_transition,planck_TT
2146,2147.0,-24.977227999999997,-0.01315313850783516,cosmology,cmb_power_spectrum_transition,planck_TT
2147,2148.0,8.090442000000024,0.004260468944576525,cosmology,cmb_power_spectrum_transition,planck_TT
2148,2149.0,-20.996904,-0.01105707913415044,cosmology,cmb_power_spectrum_transition,planck_TT
2149,2150.0,-55.493870000000015,-0.029223361313184898,cosmology,cmb_power_spectrum_transition,planck_TT
2150,2151.0,-5.7052929999999975,-0.003004437043885829,cosmology,cmb_power_spectrum_transition,planck_TT
2151,2152.0,31.336917000000014,0.01650218389765007,cosmology,cmb_power_spectrum_transition,planck_TT
2152,2153.0,40.71238499999998,0.02143935423455759,cosmology,cmb_power_spectrum_transition,planck_TT
2153,2154.0,-48.09294700000001,-0.025325996669485325,cosmology,cmb_power_spectrum_transition,planck_TT
2154,2155.0,81.137122,0.042727231532382996,cosmology,cmb_power_spectrum_transition,planck_TT
2155,2156.0,-35.95995499999998,-0.018936699815148395,cosmology,cmb_power_spectrum_transition,planck_TT
2156,2157.0,-69.96640100000002,-0.03684467160438047,cosmology,cmb_power_spectrum_transition,planck_TT
2157,2158.0,-5.622893999999988,-0.0029610453008186146,cosmology,cmb_power_spectrum_transition,planck_TT
2158,2159.0,45.375501,0.023894975435841515,cosmology,cmb_power_spectrum_transition,planck_TT
2159,2160.0,6.305038999999994,0.0033202664148440494,cosmology,cmb_power_spectrum_transition,planck_TT
2160,2161.0,-7.685563000000002,-0.004047257551946643,cosmology,cmb_power_spectrum_transition,planck_TT
2161,2162.0,27.124424000000005,0.014283863117926789,cosmology,cmb_power_spectrum_transition,planck_TT
2162,2163.0,74.75553699999998,0.039366655594792015,cosmology,cmb_power_spectrum_transition,planck_TT
2163,2164.0,-132.72673199999997,-0.06989458917091668,cosmology,cmb_power_spectrum_transition,planck_TT
2164,2165.0,-14.558859999999996,-0.007666771592755648,cosmology,cmb_power_spectrum_transition,planck_TT
2165,2166.0,181.96521700000002,0.0958238321245769,cosmology,cmb_power_spectrum_transition,planck_TT
2166,2167.0,-132.40844900000002,-0.06972697968343917,cosmology,cmb_power_spectrum_transition,planck_TT
2167,2168.0,-10.465491000000014,-0.005511182132601044,cosmology,cmb_power_spectrum_transition,planck_TT
2168,2169.0,34.751521,0.018300332169404156,cosmology,cmb_power_spectrum_transition,planck_TT
2169,2170.0,-91.50783469999999,-0.048188502917985314,cosmology,cmb_power_spectrum_transition,planck_TT
2170,2171.0,41.80404870000001,0.022014230031426486,cosmology,cmb_power_spectrum_transition,planck_TT
2171,2172.0,108.55131799999998,0.057163690096517505,cosmology,cmb_power_spectrum_transition,planck_TT
2172,2173.0,-59.133654999999976,-0.0311400910737388,cosmology,cmb_power_spectrum_transition,planck_TT
2173,2174.0,-63.35383700000001,-0.03336246092095617,cosmology,cmb_power_spectrum_transition,planck_TT
2174,2175.0,-25.552084499999992,-0.0134558609383078,cosmology,cmb_power_spectrum_transition,planck_TT
2175,2176.0,19.952220499999996,0.010506943355578452,cosmology,cmb_power_spectrum_transition,planck_TT
2176,2177.0,122.934817,0.06473811567225829,cosmology,cmb_power_spectrum_transition,planck_TT
2177,2178.0,-53.25029599999999,-0.02804188354573296,cosmology,cmb_power_spectrum_transition,planck_TT
2178,2179.0,-67.31965100000001,-0.035450879252978906,cosmology,cmb_power_spectrum_transition,planck_TT
2179,2180.0,108.180558,0.05696844594720019,cosmology,cmb_power_spectrum_transition,planck_TT
2180,2181.0,-102.54701800000001,-0.054001794407268315,cosmology,cmb_power_spectrum_transition,planck_TT
2181,2182.0,-65.6473159,-0.034570218868975745,cosmology,cmb_power_spectrum_transition,planck_TT
2182,2183.0,32.856692300000006,0.017302505495454545,cosmology,cmb_power_spectrum_transition,planck_TT
2183,2184.0,58.8849546,0.03100912414625775,cosmology,cmb_power_spectrum_transition,planck_TT
2184,2185.0,16.509157999999985,0.008693808689328324,cosmology,cmb_power_spectrum_transition,planck_TT
2185,2186.0,-2.2683079999999904,-0.001194502820826652,cosmology,cmb_power_spectrum_transition,planck_TT
2186,2187.0,-61.089074999999994,-0.03216982544222002,cosmology,cmb_power_spectrum_transition,planck_TT
2187,2188.0,-36.89805790000001,-0.019430709693998932,cosmology,cmb_power_spectrum_transition,planck_TT
2188,2189.0,120.8364599,0.0636331098815757,cosmology,cmb_power_spectrum_transition,planck_TT
2189,2190.0,-139.718258,-0.0735763632196274,cosmology,cmb_power_spectrum_transition,planck_TT
2190,2191.0,9.194660200000001,0.004841956006610476,cosmology,cmb_power_spectrum_transition,planck_TT
2191,2192.0,101.4162338,0.053406317551106704,cosmology,cmb_power_spectrum_transition,planck_TT
2192,2193.0,-5.7544949999999915,-0.003030347073648236,cosmology,cmb_power_spectrum_transition,planck_TT
2193,2194.0,29.51569599999999,0.01554311942234567,cosmology,cmb_power_spectrum_transition,planck_TT
2194,2195.0,-33.80368300000001,-0.017801195736130242,cosmology,cmb_power_spectrum_transition,planck_TT
2195,2196.0,-46.23328509999999,-0.024346689015791963,cosmology,cmb_power_spectrum_transition,planck_TT
2196,2197.0,38.999868099999986,0.020537533905147596,cosmology,cmb_power_spectrum_transition,planck_TT
2197,2198.0,17.38469600000002,0.009154871565595996,cosmology,cmb_power_spectrum_transition,planck_TT
2198,2199.0,34.313355,0.018069591669000185,cosmology,cmb_power_spectrum_transition,planck_TT
2199,2200.0,-111.02109800000001,-0.05846428912311411,cosmology,cmb_power_spectrum_transition,planck_TT
2200,2201.0,76.77724099999999,0.04043129546330924,cosmology,cmb_power_spectrum_transition,planck_TT
2201,2202.0,47.97032900000002,0.025261425391297304,cosmology,cmb_power_spectrum_transition,planck_TT
2202,2203.0,-189.187149,-0.09962693917433305,cosmology,cmb_power_spectrum_transition,planck_TT
2203,2204.0,123.444972,0.06500676595544683,cosmology,cmb_power_spectrum_transition,planck_TT
2204,2205.0,80.55474699999999,0.04242054982060534,cosmology,cmb_power_spectrum_transition,planck_TT
2205,2206.0,32.15880099999998,0.01693499229774047,cosmology,cmb_power_spectrum_transition,planck_TT
2206,2207.0,-143.825943,-0.0757394915600324,cosmology,cmb_power_spectrum_transition,planck_TT
2207,2208.0,92.68150099999998,0.048806561711614384,cosmology,cmb_power_spectrum_transition,planck_TT
2208,2209.0,-114.74198759999999,-0.06042372898894562,cosmology,cmb_power_spectrum_transition,planck_TT
2209,2210.0,63.98621259999999,0.033695473209420485,cosmology,cmb_power_spectrum_transition,planck_TT
2210,2211.0,-43.43484599999999,-0.022873016393351972,cosmology,cmb_power_spectrum_transition,planck_TT
2211,2212.0,-1.974425999999994,-0.0010397430271874392,cosmology,cmb_power_spectrum_transition,planck_TT
2212,2213.0,61.61155600000001,0.03244496666128213,cosmology,cmb_power_spectrum_transition,planck_TT
2213,2214.0,-29.40443000000002,-0.015484526166552336,cosmology,cmb_power_spectrum_transition,planck_TT
2214,2215.0,-5.935133999999977,-0.0031254725129850848,cosmology,cmb_power_spectrum_transition,planck_TT
2215,2216.0,20.617282999999986,0.010857168736027675,cosmology,cmb_power_spectrum_transition,planck_TT
2216,2217.0,9.200920999999994,0.004845252976537233,cosmology,cmb_power_spectrum_transition,planck_TT
2217,2218.0,-52.31942799999999,-0.02755168360294861,cosmology,cmb_power_spectrum_transition,planck_TT
2218,2219.0,45.262743,0.023835596485068174,cosmology,cmb_power_spectrum_transition,planck_TT
2219,2220.0,18.288382999999982,0.00963075785204578,cosmology,cmb_power_spectrum_transition,planck_TT
2220,2221.0,-28.090271,-0.014792483184508117,cosmology,cmb_power_spectrum_transition,planck_TT
2221,2222.0,-37.19000299999999,-0.019584449505998226,cosmology,cmb_power_spectrum_transition,planck_TT
2222,2223.0,24.091859,0.01268689857570404,cosmology,cmb_power_spectrum_transition,planck_TT
2223,2224.0,-86.8118387,-0.04571556693724959,cosmology,cmb_power_spectrum_transition,planck_TT
2224,2225.0,65.8320817,0.03466751750271169,cosmology,cmb_power_spectrum_transition,planck_TT
2225,2226.0,102.919473,0.05419793115242416,cosmology,cmb_power_spectrum_transition,planck_TT
2226,2227.0,-69.821922,-0.03676858820959888,cosmology,cmb_power_spectrum_transition,planck_TT
2227,2228.0,5.930881999999997,0.0031232333876131642,cosmology,cmb_power_spectrum_transition,planck_TT
2228,2229.0,-96.7641279,-0.05095649432589464,cosmology,cmb_power_spectrum_transition,planck_TT
2229,2230.0,17.0068317,0.008955886254853489,cosmology,cmb_power_spectrum_transition,planck_TT
2230,2231.0,62.06171920000001,0.03268202494976516,cosmology,cmb_power_spectrum_transition,planck_TT
2231,2232.0,-37.142611200000005,-0.019559492736995056,cosmology,cmb_power_spectrum_transition,planck_TT
2232,2233.0,117.41236119999999,0.06182996165129176,cosmology,cmb_power_spectrum_transition,planck_TT
2233,2234.0,-79.420695,-0.04182335212392389,cosmology,cmb_power_spectrum_transition,planck_TT
2234,2235.0,-88.3807181,-0.04654174701016598,cosmology,cmb_power_spectrum_transition,planck_TT
2235,2236.0,110.0097011,0.05793168224167414,cosmology,cmb_power_spectrum_transition,planck_TT
2236,2237.0,-29.437973000000014,-0.01550219008526134,cosmology,cmb_power_spectrum_transition,planck_TT
2237,2238.0,-0.4924959999999885,-0.0002593509617061843,cosmology,cmb_power_spectrum_transition,planck_TT
2238,2239.0,-3.2583480000000122,-0.0017158630473616944,cosmology,cmb_power_spectrum_transition,planck_TT
2239,2240.0,-14.581120999999996,-0.007678494351434991,cosmology,cmb_power_spectrum_transition,planck_TT
2240,2241.0,49.78721,0.026218204399970878,cosmology,cmb_power_spectrum_transition,planck_TT
2241,2242.0,-30.454347,-0.016037417933514247,cosmology,cmb_power_spectrum_transition,planck_TT
2242,2243.0,17.614019,0.009275634253194156,cosmology,cmb_power_spectrum_transition,planck_TT
2243,2244.0,-1.5454190000000096,-0.0008138257039428168,cosmology,cmb_power_spectrum_transition,planck_TT
2244,2245.0,-117.56105689999998,-0.0619082655822812,cosmology,cmb_power_spectrum_transition,planck_TT
2245,2246.0,79.72658089999999,0.0419844332338971,cosmology,cmb_power_spectrum_transition,planck_TT
2246,2247.0,8.375157000000002,0.004410401348214671,cosmology,cmb_power_spectrum_transition,planck_TT
2247,2248.0,33.30182400000001,0.01753691416980096,cosmology,cmb_power_spectrum_transition,planck_TT
2248,2249.0,76.66696099999999,0.04037322144025735,cosmology,cmb_power_spectrum_transition,planck_TT
2249,2250.0,-116.50656,-0.06135296201609752,cosmology,cmb_power_spectrum_transition,planck_TT
2250,2251.0,-25.541399100000007,-0.013450233950949096,cosmology,cmb_power_spectrum_transition,planck_TT
2251,2252.0,100.0173151,0.05266963966906549,cosmology,cmb_power_spectrum_transition,planck_TT
2252,2253.0,-83.96370089999999,-0.044215722720237154,cosmology,cmb_power_spectrum_transition,planck_TT
2253,2254.0,56.20411489999998,0.02959737998107643,cosmology,cmb_power_spectrum_transition,planck_TT
2254,2255.0,20.517146000000025,0.010804436069666197,cosmology,cmb_power_spectrum_transition,planck_TT
2255,2256.0,19.919071000000002,0.010489486656021342,cosmology,cmb_power_spectrum_transition,planck_TT
2256,2257.0,-154.28567350000003,-0.08124764018329549,cosmology,cmb_power_spectrum_transition,planck_TT
2257,2258.0,44.11074740000001,0.02322894959506034,cosmology,cmb_power_spectrum_transition,planck_TT
2258,2259.0,49.656825100000006,0.026149543031742578,cosmology,cmb_power_spectrum_transition,planck_TT
2259,2260.0,34.323421999999994,0.018074893003694262,cosmology,cmb_power_spectrum_transition,planck_TT
2260,2261.0,-135.363536,-0.07128314390685513,cosmology,cmb_power_spectrum_transition,planck_TT
2261,2262.0,192.838736,0.10154988392962817,cosmology,cmb_power_spectrum_transition,planck_TT
2262,2263.0,-76.209079,-0.040132098391444875,cosmology,cmb_power_spectrum_transition,planck_TT
2263,2264.0,-102.3110233,-0.05387751836766075,cosmology,cmb_power_spectrum_transition,planck_TT
2264,2265.0,30.980358600000002,0.01631441838494657,cosmology,cmb_power_spectrum_transition,planck_TT
2265,2266.0,-13.712941200000003,-0.007221306341656462,cosmology,cmb_power_spectrum_transition,planck_TT
2266,2267.0,-11.990643200000001,-0.006314335233983204,cosmology,cmb_power_spectrum_transition,planck_TT
2267,2268.0,99.38591310000001,0.05233714008343797,cosmology,cmb_power_spectrum_transition,planck_TT
2268,2269.0,2.3633099999999843,0.001244531369411838,cosmology,cmb_power_spectrum_transition,planck_TT
2269,2270.0,-66.2617313,-0.03489377322246713,cosmology,cmb_power_spectrum_transition,planck_TT
2270,2271.0,57.42726130000001,0.03024149525337808,cosmology,cmb_power_spectrum_transition,planck_TT
2271,2272.0,-1.3186740000000157,-0.0006944206045875559,cosmology,cmb_power_spectrum_transition,planck_TT
2272,2273.0,-81.7055182,-0.04302655193518859,cosmology,cmb_power_spectrum_transition,planck_TT
2273,2274.0,153.27573320000002,0.08071580035501091,cosmology,cmb_power_spectrum_transition,planck_TT
2274,2275.0,-133.8465205,-0.07048427563412153,cosmology,cmb_power_spectrum_transition,planck_TT
2275,2276.0,-36.290002699999995,-0.019110504654992616,cosmology,cmb_power_spectrum_transition,planck_TT
2276,2277.0,123.65667819999999,0.06511825154430269,cosmology,cmb_power_spectrum_transition,planck_TT
2277,2278.0,-142.4226231,-0.07500049598312125,cosmology,cmb_power_spectrum_transition,planck_TT
2278,2279.0,132.0568021,0.06954180059224654,cosmology,cmb_power_spectrum_transition,planck_TT
2279,2280.0,-16.608182,-0.008745955244086124,cosmology,cmb_power_spectrum_transition,planck_TT
2280,2281.0,86.45737300000002,0.04552890345127843,cosmology,cmb_power_spectrum_transition,planck_TT
2281,2282.0,-152.49291540000002,-0.08030356441955007,cosmology,cmb_power_spectrum_transition,planck_TT
2282,2283.0,-35.144556900000005,-0.018507306923818526,cosmology,cmb_power_spectrum_transition,planck_TT
2283,2284.0,145.3363473,0.07653487834037206,cosmology,cmb_power_spectrum_transition,planck_TT
2284,2285.0,-100.7676844,-0.053064788055224556,cosmology,cmb_power_spectrum_transition,planck_TT
2285,2286.0,12.5751432,0.006622135981841599,cosmology,cmb_power_spectrum_transition,planck_TT
2286,2287.0,4.249028499999994,0.002237560564536585,cosmology,cmb_power_spectrum_transition,planck_TT
2287,2288.0,-14.207650099999995,-0.007481822628041751,cosmology,cmb_power_spectrum_transition,planck_TT
2288,2289.0,-7.282348200000001,-0.0038349225357146954,cosmology,cmb_power_spectrum_transition,planck_TT
2289,2290.0,87.857142,0.046266029105733505,cosmology,cmb_power_spectrum_transition,planck_TT
2290,2291.0,-51.03026199999999,-0.026872802065029684,cosmology,cmb_power_spectrum_transition,planck_TT
2291,2292.0,20.203732000000002,0.01063939062297792,cosmology,cmb_power_spectrum_transition,planck_TT
2292,2293.0,5.541217999999986,0.002918034293321467,cosmology,cmb_power_spectrum_transition,planck_TT
2293,2294.0,-23.606702999999982,-0.01243141289627206,cosmology,cmb_power_spectrum_transition,planck_TT
2294,2295.0,5.487859,0.0028899351656825074,cosmology,cmb_power_spectrum_transition,planck_TT
2295,2296.0,-49.251823200000004,-0.02593626691933185,cosmology,cmb_power_spectrum_transition,planck_TT
2296,2297.0,49.1940202,0.02590582755811977,cosmology,cmb_power_spectrum_transition,planck_TT
2297,2298.0,26.126192999999986,0.013758189468080015,cosmology,cmb_power_spectrum_transition,planck_TT
2298,2299.0,-38.39725499999999,-0.020220194704378965,cosmology,cmb_power_spectrum_transition,planck_TT
2299,2300.0,108.68726299999999,0.05723527944239879,cosmology,cmb_power_spectrum_transition,planck_TT
2300,2301.0,-248.36520449999998,-0.13079041178289696,cosmology,cmb_power_spectrum_transition,planck_TT
2301,2302.0,168.2793595,0.08861678820056759,cosmology,cmb_power_spectrum_transition,planck_TT
2302,2303.0,66.24502099999998,0.03488497349135175,cosmology,cmb_power_spectrum_transition,planck_TT
2303,2304.0,-225.3081612,-0.11864845255082958,cosmology,cmb_power_spectrum_transition,planck_TT
2304,2305.0,173.6611642,0.09145087461885301,cosmology,cmb_power_spectrum_transition,planck_TT
2305,2306.0,13.142235999999997,0.00692077000741065,cosmology,cmb_power_spectrum_transition,planck_TT
2306,2307.0,-52.97013199999999,-0.02789434772242586,cosmology,cmb_power_spectrum_transition,planck_TT
2307,2308.0,-27.528165699999988,-0.014496475602446232,cosmology,cmb_power_spectrum_transition,planck_TT
2308,2309.0,14.797924699999996,0.007792664310371632,cosmology,cmb_power_spectrum_transition,planck_TT
2309,2310.0,-88.2141328,-0.046454022322531735,cosmology,cmb_power_spectrum_transition,planck_TT
2310,2311.0,64.1702738,0.03379240079712231,cosmology,cmb_power_spectrum_transition,planck_TT
2311,2312.0,71.02866699999998,0.03740406641913588,cosmology,cmb_power_spectrum_transition,planck_TT
2312,2313.0,-44.47133199999999,-0.02341883532567833,cosmology,cmb_power_spectrum_transition,planck_TT
2313,2314.0,-8.906865600000003,-0.004690401869553834,cosmology,cmb_power_spectrum_transition,planck_TT
2314,2315.0,-40.63488159999999,-0.02139854053997835,cosmology,cmb_power_spectrum_transition,planck_TT
2315,2316.0,23.811619999999998,0.012539323257005856,cosmology,cmb_power_spectrum_transition,planck_TT
2316,2317.0,186.9905972,0.09847022354259702,cosmology,cmb_power_spectrum_transition,planck_TT
2317,2318.0,-146.72025200000002,-0.07726364977172323,cosmology,cmb_power_spectrum_transition,planck_TT
2318,2319.0,-25.62048569999999,-0.013491881366903883,cosmology,cmb_power_spectrum_transition,planck_TT
2319,2320.0,-1.2514838000000026,-0.0006590378949061886,cosmology,cmb_power_spectrum_transition,planck_TT
2320,2321.0,58.659846499999986,0.030890581046978047,cosmology,cmb_power_spectrum_transition,planck_TT
2321,2322.0,-28.984692999999993,-0.01526349047364584,cosmology,cmb_power_spectrum_transition,planck_TT
2322,2323.0,-75.46051929999999,-0.0397379029500819,cosmology,cmb_power_spectrum_transition,planck_TT
2323,2324.0,36.9611528,0.019463935797345462,cosmology,cmb_power_spectrum_transition,planck_TT
2324,2325.0,59.60167349999999,0.03138655205630778,cosmology,cmb_power_spectrum_transition,planck_TT
2325,2326.0,-91.9215208,-0.048406352175399556,cosmology,cmb_power_spectrum_transition,planck_TT
2326,2327.0,94.93245480000002,0.049991925720228085,cosmology,cmb_power_spectrum_transition,planck_TT
2327,2328.0,-35.529083000000014,-0.018709800373178792,cosmology,cmb_power_spectrum_transition,planck_TT
2328,2329.0,132.96257,0.07001878269148715,cosmology,cmb_power_spectrum_transition,planck_TT
2329,2330.0,-80.214475,-0.042241360811066817,cosmology,cmb_power_spectrum_transition,planck_TT
2330,2331.0,-129.2407748,-0.0680588659319734,cosmology,cmb_power_spectrum_transition,planck_TT
2331,2332.0,77.5039248,0.040813970941660956,cosmology,cmb_power_spectrum_transition,planck_TT
2332,2333.0,18.260299000000003,0.009615968671202582,cosmology,cmb_power_spectrum_transition,planck_TT
2333,2334.0,58.22897499999999,0.03066368186831104,cosmology,cmb_power_spectrum_transition,planck_TT
2334,2335.0,-133.3124332,-0.07020302247695871,cosmology,cmb_power_spectrum_transition,planck_TT
2335,2336.0,81.9400982,0.04315008298639923,cosmology,cmb_power_spectrum_transition,planck_TT
2336,2337.0,-8.571249000000009,-0.004513664417930754,cosmology,cmb_power_spectrum_transition,planck_TT
2337,2338.0,109.27674,0.05754570110440962,cosmology,cmb_power_spectrum_transition,planck_TT
2338,2339.0,-250.7435432,-0.13204285734409557,cosmology,cmb_power_spectrum_transition,planck_TT
2339,2340.0,154.4957072,0.08135824502493015,cosmology,cmb_power_spectrum_transition,planck_TT
2340,2341.0,-50.511262099999996,-0.026599494011379673,cosmology,cmb_power_spectrum_transition,planck_TT
2341,2342.0,24.6176301,0.01296377237858228,cosmology,cmb_power_spectrum_transition,planck_TT
2342,2343.0,43.139296,0.022717378222215024,cosmology,cmb_power_spectrum_transition,planck_TT
2343,2344.0,-98.9540418,-0.05210971440487752,cosmology,cmb_power_spectrum_transition,planck_TT
2344,2345.0,97.16545880000001,0.051167837270563045,cosmology,cmb_power_spectrum_transition,planck_TT
2345,2346.0,57.604378,0.030334765831167995,cosmology,cmb_power_spectrum_transition,planck_TT
2346,2347.0,-99.18288700000001,-0.05223022548050422,cosmology,cmb_power_spectrum_transition,planck_TT
2347,2348.0,-15.326139900000001,-0.008070825189054564,cosmology,cmb_power_spectrum_transition,planck_TT
2348,2349.0,37.949882900000006,0.01998460622371006,cosmology,cmb_power_spectrum_transition,planck_TT
2349,2350.0,-39.837222600000004,-0.0209784891512085,cosmology,cmb_power_spectrum_transition,planck_TT
2350,2351.0,-3.592297099999996,-0.0018917223847896383,cosmology,cmb_power_spectrum_transition,planck_TT
2351,2352.0,51.5072277,0.027123974689773577,cosmology,cmb_power_spectrum_transition,planck_TT
2352,2353.0,27.347687000000008,0.014401434577925266,cosmology,cmb_power_spectrum_transition,planck_TT
2353,2354.0,-13.381434000000013,-0.007046732921501732,cosmology,cmb_power_spectrum_transition,planck_TT
2354,2355.0,-76.4293872,-0.04024811383835563,cosmology,cmb_power_spectrum_transition,planck_TT
2355,2356.0,153.15100619999998,0.08065011846642554,cosmology,cmb_power_spectrum_transition,planck_TT
2356,2357.0,-138.9083238,-0.07314984764652889,cosmology,cmb_power_spectrum_transition,planck_TT
2357,2358.0,-44.636787299999995,-0.023505964949420224,cosmology,cmb_power_spectrum_transition,planck_TT
2358,2359.0,-83.307755,-0.04387029818888618,cosmology,cmb_power_spectrum_transition,planck_TT
2359,2360.0,283.47146810000004,0.1492775532552562,cosmology,cmb_power_spectrum_transition,planck_TT
2360,2361.0,-160.1817899,-0.08435256582466442,cosmology,cmb_power_spectrum_transition,planck_TT
2361,2362.0,54.32212190000001,0.028606312653678218,cosmology,cmb_power_spectrum_transition,planck_TT
2362,2363.0,21.342798999999985,0.011239229244809936,cosmology,cmb_power_spectrum_transition,planck_TT
2363,2364.0,-128.45920189999998,-0.06764728556734403,cosmology,cmb_power_spectrum_transition,planck_TT
2364,2365.0,-23.189009900000002,-0.012211453531763445,cosmology,cmb_power_spectrum_transition,planck_TT
2365,2366.0,-1.954949000000001,-0.0010294863374251879,cosmology,cmb_power_spectrum_transition,planck_TT
2366,2367.0,101.1111348,0.05324565082677677,cosmology,cmb_power_spectrum_transition,planck_TT
2367,2368.0,-13.117208000000005,-0.00690759013210287,cosmology,cmb_power_spectrum_transition,planck_TT
2368,2369.0,18.451743000000008,0.009716784079881802,cosmology,cmb_power_spectrum_transition,planck_TT
2369,2370.0,41.40590799999998,0.021804567062713272,cosmology,cmb_power_spectrum_transition,planck_TT
2370,2371.0,-205.3954532,-0.10816231668378791,cosmology,cmb_power_spectrum_transition,planck_TT
2371,2372.0,267.5320442,0.1408837695138499,cosmology,cmb_power_spectrum_transition,planck_TT
2372,2373.0,-44.49576400000001,-0.0234317013442783,cosmology,cmb_power_spectrum_transition,planck_TT
2373,2374.0,-160.0426997,-0.08427932020006258,cosmology,cmb_power_spectrum_transition,planck_TT
2374,2375.0,46.08008409999999,0.024266012570329766,cosmology,cmb_power_spectrum_transition,planck_TT
2375,2376.0,288.9621906,0.15216899635497033,cosmology,cmb_power_spectrum_transition,planck_TT
2376,2377.0,-201.07437399999998,-0.10588681384492502,cosmology,cmb_power_spectrum_transition,planck_TT
2377,2378.0,-106.9657344,-0.056328713504777556,cosmology,cmb_power_spectrum_transition,planck_TT
2378,2379.0,156.0318254,0.08216717287909421,cosmology,cmb_power_spectrum_transition,planck_TT
2379,2380.0,-11.966882999999996,-0.0063018229887663235,cosmology,cmb_power_spectrum_transition,planck_TT
2380,2381.0,4.662245999999982,0.0024551630547473167,cosmology,cmb_power_spectrum_transition,planck_TT
2381,2382.0,-45.20093799999998,-0.023803049649787772,cosmology,cmb_power_spectrum_transition,planck_TT
2382,2383.0,125.80548499999998,0.06624982441007378,cosmology,cmb_power_spectrum_transition,planck_TT
2383,2384.0,-106.02864599999998,-0.05583523786691711,cosmology,cmb_power_spectrum_transition,planck_TT
2384,2385.0,-227.43018410000002,-0.1197659208751968,cosmology,cmb_power_spectrum_transition,planck_TT
2385,2386.0,177.6850751,0.09356988708136037,cosmology,cmb_power_spectrum_transition,planck_TT
2386,2387.0,27.372481000000008,0.014414491227612864,cosmology,cmb_power_spectrum_transition,planck_TT
2387,2388.0,-74.09003560000001,-0.03901619908731418,cosmology,cmb_power_spectrum_transition,planck_TT
2388,2389.0,22.61240099999999,0.011907808278312957,cosmology,cmb_power_spectrum_transition,planck_TT
2389,2390.0,-110.23551,-0.05805059438588814,cosmology,cmb_power_spectrum_transition,planck_TT
2390,2391.0,-38.3980922,-0.020220635578264527,cosmology,cmb_power_spectrum_transition,planck_TT
2391,2392.0,183.75895580000002,0.09676842433005614,cosmology,cmb_power_spectrum_transition,planck_TT
2392,2393.0,-8.727385000000012,-0.0045958864496974255,cosmology,cmb_power_spectrum_transition,planck_TT
2393,2394.0,-85.93709709999999,-0.045254923449374734,cosmology,cmb_power_spectrum_transition,planck_TT
2394,2395.0,74.8034701,0.039391897415197795,cosmology,cmb_power_spectrum_transition,planck_TT
2395,2396.0,57.78819,0.03043156218885037,cosmology,cmb_power_spectrum_transition,planck_TT
2396,2397.0,75.29101399999999,0.039648640575221404,cosmology,cmb_power_spectrum_transition,planck_TT
2397,2398.0,-206.2618646,-0.10861857344490518,cosmology,cmb_power_spectrum_transition,planck_TT
2398,2399.0,4.746265199999996,0.00249940800358302,cosmology,cmb_power_spectrum_transition,planck_TT
2399,2400.0,92.24542040000001,0.04857691939372469,cosmology,cmb_power_spectrum_transition,planck_TT
2400,2401.0,33.38592399999999,0.017581201668337973,cosmology,cmb_power_spectrum_transition,planck_TT
2401,2402.0,-73.3821574,-0.038643426735983706,cosmology,cmb_power_spectrum_transition,planck_TT
2402,2403.0,35.04546739999999,0.01845512587641918,cosmology,cmb_power_spectrum_transition,planck_TT
2403,2404.0,-19.3506,-0.010190126863145705,cosmology,cmb_power_spectrum_transition,planck_TT
2404,2405.0,14.753222000000008,0.007769123635450698,cosmology,cmb_power_spectrum_transition,planck_TT
2405,2406.0,37.92694,0.019972524372934966,cosmology,cmb_power_spectrum_transition,planck_TT
2406,2407.0,52.612458000000004,0.027705994728945107,cosmology,cmb_power_spectrum_transition,planck_TT
2407,2408.0,-193.2764008,-0.10178036049549864,cosmology,cmb_power_spectrum_transition,planck_TT
2408,2409.0,119.39485579999999,0.06287395364531269,cosmology,cmb_power_spectrum_transition,planck_TT
2409,2410.0,-32.15259099999999,-0.01693172207935861,cosmology,cmb_power_spectrum_transition,planck_TT
2410,2411.0,36.52623899999999,0.019234907922419987,cosmology,cmb_power_spectrum_transition,planck_TT
2411,2412.0,-129.2431057,-0.0680600933960678,cosmology,cmb_power_spectrum_transition,planck_TT
2412,2413.0,37.04647920000001,0.019508869124517516,cosmology,cmb_power_spectrum_transition,planck_TT
2413,2414.0,-30.442636000000004,-0.01603125085984758,cosmology,cmb_power_spectrum_transition,planck_TT
2414,2415.0,143.8158275,0.07573416468498542,cosmology,cmb_power_spectrum_transition,planck_TT
2415,2416.0,36.73354599999999,0.01934407686961636,cosmology,cmb_power_spectrum_transition,planck_TT
2416,2417.0,-206.31207921,-0.10864501672037381,cosmology,cmb_power_spectrum_transition,planck_TT
2417,2418.0,6.33957225,0.0033384518043666892,cosmology,cmb_power_spectrum_transition,planck_TT
2418,2419.0,221.15586896000002,0.11646183380523743,cosmology,cmb_power_spectrum_transition,planck_TT
2419,2420.0,-292.2214163,-0.15388532160372878,cosmology,cmb_power_spectrum_transition,planck_TT
2420,2421.0,52.3614748,0.027573825667080446,cosmology,cmb_power_spectrum_transition,planck_TT
2421,2422.0,230.4306635,0.1213459889731501,cosmology,cmb_power_spectrum_transition,planck_TT
2422,2423.0,-6.021955999999989,-0.0031711934309159064,cosmology,cmb_power_spectrum_transition,planck_TT
2423,2424.0,-215.58012327,-0.11352561705031831,cosmology,cmb_power_spectrum_transition,planck_TT
2424,2425.0,-27.848151529999996,-0.01466498180908112,cosmology,cmb_power_spectrum_transition,planck_TT
2425,2426.0,28.676137479999998,0.015101003527859981,cosmology,cmb_power_spectrum_transition,planck_TT
2426,2427.0,41.167002520000004,0.021678758191179547,cosmology,cmb_power_spectrum_transition,planck_TT
2427,2428.0,54.060087,0.028468323708964783,cosmology,cmb_power_spectrum_transition,planck_TT
2428,2429.0,-57.686035200000006,-0.030377766938487115,cosmology,cmb_power_spectrum_transition,planck_TT
2429,2430.0,385.788565,0.20315827001234757,cosmology,cmb_power_spectrum_transition,planck_TT
2430,2431.0,-339.6022122,-0.17883629579046273,cosmology,cmb_power_spectrum_transition,planck_TT
2431,2432.0,-86.69312353000001,-0.04565305090969076,cosmology,cmb_power_spectrum_transition,planck_TT
2432,2433.0,-89.23859327,-0.046993508548053314,cosmology,cmb_power_spectrum_transition,planck_TT
2433,2434.0,195.9977534,0.10321343896507329,cosmology,cmb_power_spectrum_transition,planck_TT
2434,2435.0,260.9622106,0.13742406088188205,cosmology,cmb_power_spectrum_transition,planck_TT
2435,2436.0,-402.5965737,-0.21200945503864427,cosmology,cmb_power_spectrum_transition,planck_TT
2436,2437.0,-80.1907343,-0.04222885883465163,cosmology,cmb_power_spectrum_transition,planck_TT
2437,2438.0,394.347508,0.20766545402650904,cosmology,cmb_power_spectrum_transition,planck_TT
2438,2439.0,-57.531172,-0.03029621516983742,cosmology,cmb_power_spectrum_transition,planck_TT
2439,2440.0,-208.03543979000003,-0.10955254738821588,cosmology,cmb_power_spectrum_transition,planck_TT
2440,2441.0,140.21042379000002,0.07383554029102575,cosmology,cmb_power_spectrum_transition,planck_TT
2441,2442.0,-77.6459947,-0.04088878569182036,cosmology,cmb_power_spectrum_transition,planck_TT
2442,2443.0,-60.29390328,-0.03175108386806801,cosmology,cmb_power_spectrum_transition,planck_TT
2443,2444.0,203.43940598,0.1071322520179841,cosmology,cmb_power_spectrum_transition,planck_TT
2444,2445.0,-311.273081,-0.16391802757910498,cosmology,cmb_power_spectrum_transition,planck_TT
2445,2446.0,304.36367,0.16027949571758057,cosmology,cmb_power_spectrum_transition,planck_TT
2446,2447.0,-63.84496899999999,-0.03362109359314981,cosmology,cmb_power_spectrum_transition,planck_TT
2447,2448.0,46.523685,0.024499615117413873,cosmology,cmb_power_spectrum_transition,planck_TT
2448,2449.0,46.268913999999995,0.024365451380317836,cosmology,cmb_power_spectrum_transition,planck_TT
2449,2450.0,-45.447711999999996,-0.02393300212498369,cosmology,cmb_power_spectrum_transition,planck_TT
2450,2451.0,-85.582357,-0.04506811546293272,cosmology,cmb_power_spectrum_transition,planck_TT
2451,2452.0,0.5230490000000003,0.000275440330823928,cosmology,cmb_power_spectrum_transition,planck_TT
2452,2453.0,-152.8004651,-0.0804655216952791,cosmology,cmb_power_spectrum_transition,planck_TT
2453,2454.0,113.56259589999999,0.05980265516982162,cosmology,cmb_power_spectrum_transition,planck_TT
2454,2455.0,-101.7861469,-0.0536011157184679,cosmology,cmb_power_spectrum_transition,planck_TT
2455,2456.0,60.245255199999995,0.031725465535466,cosmology,cmb_power_spectrum_transition,planck_TT
2456,2457.0,235.6932389,0.12411728862033779,cosmology,cmb_power_spectrum_transition,planck_TT
2457,2458.0,-115.05857500000002,-0.06059044556462151,cosmology,cmb_power_spectrum_transition,planck_TT
2458,2459.0,11.819991000000016,0.006224468895602236,cosmology,cmb_power_spectrum_transition,planck_TT
2459,2460.0,-163.88013955000002,-0.08630013603529203,cosmology,cmb_power_spectrum_transition,planck_TT
2460,2461.0,69.01632085,0.03634435444322491,cosmology,cmb_power_spectrum_transition,planck_TT
2461,2462.0,-1.6805714999999992,-0.0008849977151916252,cosmology,cmb_power_spectrum_transition,planck_TT
2462,2463.0,-3.067282299999995,-0.0016152468534351024,cosmology,cmb_power_spectrum_transition,planck_TT
2463,2464.0,43.192525700000004,0.022745409259799763,cosmology,cmb_power_spectrum_transition,planck_TT
2464,2465.0,29.660983799999997,0.015619628735424718,cosmology,cmb_power_spectrum_transition,planck_TT
2465,2466.0,-279.816484,-0.147352819569387,cosmology,cmb_power_spectrum_transition,planck_TT
2466,2467.0,192.6421913,0.1014463824657315,cosmology,cmb_power_spectrum_transition,planck_TT
2467,2468.0,138.1619847,0.07275682158470517,cosmology,cmb_power_spectrum_transition,planck_TT
2468,2469.0,11.025109000000015,0.0058058798895129675,cosmology,cmb_power_spectrum_transition,planck_TT
2469,2470.0,-94.58826130000001,-0.049810671628341005,cosmology,cmb_power_spectrum_transition,planck_TT
2470,2471.0,-39.0173524,-0.020546741228698984,cosmology,cmb_power_spectrum_transition,planck_TT
2471,2472.0,-53.58883984,-0.028220162497204052,cosmology,cmb_power_spectrum_transition,planck_TT
2472,2473.0,-47.26131576,-0.024888055321984202,cosmology,cmb_power_spectrum_transition,planck_TT
2473,2474.0,51.57198801,0.027158077806710344,cosmology,cmb_power_spectrum_transition,planck_TT
2474,2475.0,124.69350729,0.0656642511496121,cosmology,cmb_power_spectrum_transition,planck_TT
2475,2476.0,-214.1006812,-0.11274653514174829,cosmology,cmb_power_spectrum_transition,planck_TT
2476,2477.0,178.69243640000002,0.09410036879479683,cosmology,cmb_power_spectrum_transition,planck_TT
2477,2478.0,-148.1098741,-0.07799543201572759,cosmology,cmb_power_spectrum_transition,planck_TT
2478,2479.0,227.2156919,0.1196529681642134,cosmology,cmb_power_spectrum_transition,planck_TT
2479,2480.0,-50.705738,-0.026701906034408644,cosmology,cmb_power_spectrum_transition,planck_TT
2480,2481.0,-113.89930100000001,-0.05997996583122066,cosmology,cmb_power_spectrum_transition,planck_TT
2481,2482.0,305.877078,0.16107646426200292,cosmology,cmb_power_spectrum_transition,planck_TT
2482,2483.0,-272.2729221,-0.143380340537161,cosmology,cmb_power_spectrum_transition,planck_TT
2483,2484.0,125.2679191,0.06596673940401192,cosmology,cmb_power_spectrum_transition,planck_TT
2484,2485.0,-131.19757349999998,-0.06908932633106378,cosmology,cmb_power_spectrum_transition,planck_TT
2485,2486.0,-5.351295800000003,-0.0028180202724576403,cosmology,cmb_power_spectrum_transition,planck_TT
2486,2487.0,49.064284400000005,0.025837508009336187,cosmology,cmb_power_spectrum_transition,planck_TT
2487,2488.0,127.22648189999998,0.06699812878736115,cosmology,cmb_power_spectrum_transition,planck_TT
2488,2489.0,-222.0124233,-0.11691289978715932,cosmology,cmb_power_spectrum_transition,planck_TT
2489,2490.0,59.9154351,0.031551780550968606,cosmology,cmb_power_spectrum_transition,planck_TT
2490,2491.0,-1.9855776000000063,-0.0010456155178971422,cosmology,cmb_power_spectrum_transition,planck_TT
2491,2492.0,3.583651600000003,0.0018871696194079314,cosmology,cmb_power_spectrum_transition,planck_TT
2492,2493.0,116.1105012,0.06114439538678034,cosmology,cmb_power_spectrum_transition,planck_TT
2493,2494.0,-90.69746140000001,-0.047761756112537114,cosmology,cmb_power_spectrum_transition,planck_TT
2494,2495.0,-111.70642269999999,-0.05882518468373999,cosmology,cmb_power_spectrum_transition,planck_TT
2495,2496.0,-35.980813100000006,-0.018947683799372367,cosmology,cmb_power_spectrum_transition,planck_TT
2496,2497.0,237.4445152,0.12503951985189754,cosmology,cmb_power_spectrum_transition,planck_TT
2497,2498.0,-219.76908680000003,-0.11573154708844585,cosmology,cmb_power_spectrum_transition,planck_TT
2498,2499.0,385.1041728,0.2027978655110842,cosmology,cmb_power_spectrum_transition,planck_TT
2499,2500.0,-376.4162266,-0.19822274773911924,cosmology,cmb_power_spectrum_transition,planck_TT
2500,2501.0,232.4416076,0.12240496262222013,cosmology,cmb_power_spectrum_transition,planck_TT
2501,2502.0,50.80522099999999,0.026754294300959876,cosmology,cmb_power_spectrum_transition,planck_TT
2502,2503.0,-23.093975999999998,-0.012161408184471912,cosmology,cmb_power_spectrum_transition,planck_TT
2503,2504.0,-158.163261,-0.08328959798036369,cosmology,cmb_power_spectrum_transition,planck_TT
2504,2505.0,-204.067362,-0.10746293693257465,cosmology,cmb_power_spectrum_transition,planck_TT
2505,2506.0,77.84079360000001,0.04099136780833361,cosmology,cmb_power_spectrum_transition,planck_TT
2506,2507.0,123.10694459999999,0.0648287589639727,cosmology,cmb_power_spectrum_transition,planck_TT
