{
  "version": "1.2.0",
  "chamber": "XXXIV",
  "operator": "Omega",
  "phase": "F",
  "timestamp": "2026-01-08T22:44:22.556Z",
  "config": {
    "ensembleSize": 100,
    "nodeCount": 50,
    "generatorFamily": "small-world",
    "lrProb": 0.05,
    "seed": 137042,
    "omegaMode": "omega4b",
    "z0Max": 0.15,
    "gapMin": 0.05,
    "cycleMin": 0.05,
    "cycleMax": 0.4,
    "keepFraction": 0.3,
    "alpha": 0.4,
    "beta": 1,
    "gamma": 0.5,
    "V_target_baseline": 6.967574775199718
  },
  "V_target": 6.967574775199718,
  "baseline": {
    "V_mean": 7.037884545132464,
    "V_var": 4.424716679677956,
    "V_target": 6.967574775199718,
    "RLambda": 0.01009099610713982,
    "macroInvariants": {
      "scaled_spectral_radius": 0.08091598300664962,
      "energy_per_node": 4,
      "entropy_degree": 0.5668015152359993
    },
    "gapStatistics": {
      "mean": 0.16790983133687484,
      "ci_low_mean": 0.06961044672160907,
      "ci_high_mean": 0.2680545553012548,
      "std_mean": 0.15761540210474023,
      "samples_mean": 12
    }
  },
  "filtered": {
    "V_mean": 7.059302775283288,
    "V_var": 0.15693695653114476,
    "V_target": 6.967574775199718,
    "RLambda": 0.013164982514441837,
    "macroInvariants": {
      "scaled_spectral_radius": 0.08118351483615688,
      "energy_per_node": 4,
      "entropy_degree": 0.6075512530981204
    },
    "gapStatistics": {
      "mean": 0.15345730682578085,
      "ci_low_mean": 0.06810981203621828,
      "ci_high_mean": 0.24495593277905742,
      "std_mean": 0.14400751383354418,
      "samples_mean": 12
    }
  },
  "acceptanceRate": 0.3,
  "verdict": {
    "status": "FAIL",
    "message": "No significant RΛ reduction (-30.5% < 5% threshold)",
    "RLambda_reduction": -30.462665674075907,
    "maxDrift": 7.189419358759852,
    "acceptanceRate": 0.3,
    "drifts": {
      "scaled_spectral_radius": 0.33062915330988485,
      "energy_per_node": 0,
      "entropy_degree": 7.189419358759852
    }
  }
}