{
  "version": "1.2.0",
  "chamber": "XXXIV",
  "operator": "Omega",
  "phase": "F",
  "timestamp": "2026-01-08T22:38:36.134Z",
  "config": {
    "ensembleSize": 100,
    "nodeCount": 50,
    "generatorFamily": "lattice-lr",
    "lrProb": 0.05,
    "seed": 137042,
    "omegaMode": "omega4b",
    "z0Max": 0.15,
    "gapMin": 0.05,
    "cycleMin": 0.05,
    "cycleMax": 0.4,
    "keepFraction": 0.3,
    "alpha": 1,
    "beta": 1,
    "gamma": 0.5,
    "V_target_baseline": 4.068039170468809
  },
  "V_target": 4.068039170468809,
  "baseline": {
    "V_mean": 3.887645580484058,
    "V_var": 2.8893892516978035,
    "V_target": 4.068039170468809,
    "RLambda": 0.044344113324740066,
    "macroInvariants": {
      "scaled_spectral_radius": 0.08380071510613468,
      "energy_per_node": 4.0722448979591785,
      "entropy_degree": 0.25513753853910376
    },
    "gapStatistics": {
      "mean": 0.44234670045965735,
      "ci_low_mean": 0.20814809184144792,
      "ci_high_mean": 0.6765453090778668,
      "std_mean": 0.3685996267048403,
      "samples_mean": 12
    }
  },
  "filtered": {
    "V_mean": 4.050305093628024,
    "V_var": 0.08093548183128506,
    "V_target": 4.068039170468809,
    "RLambda": 0.004359367276874231,
    "macroInvariants": {
      "scaled_spectral_radius": 0.08409410407039125,
      "energy_per_node": 4.081632653061223,
      "entropy_degree": 0.2804980325186606
    },
    "gapStatistics": {
      "mean": 0.28770258493062545,
      "ci_low_mean": 0.11622271591181077,
      "ci_high_mean": 0.45918245394944013,
      "std_mean": 0.2698880923360684,
      "samples_mean": 12
    }
  },
  "acceptanceRate": 0.3,
  "verdict": {
    "status": "PASS",
    "message": "Ω signature DETECTED: 90.2% RΛ reduction, 30.0% acceptance, max drift 9.9%",
    "RLambda_reduction": 90.16923115600535,
    "maxDrift": 9.939930487990491,
    "acceptanceRate": 0.3,
    "drifts": {
      "scaled_spectral_radius": 0.3501031749967624,
      "energy_per_node": 0.230530219504946,
      "entropy_degree": 9.939930487990491
    }
  }
}