{
  "version": "1.2.0",
  "chamber": "XXXIV",
  "operator": "Omega",
  "phase": "F",
  "timestamp": "2026-01-08T22:40:57.193Z",
  "config": {
    "ensembleSize": 100,
    "nodeCount": 50,
    "generatorFamily": "lattice-lr",
    "lrProb": 0.05,
    "seed": 137042,
    "omegaMode": "omega4a",
    "z0Max": 0.15,
    "gapMin": 0.05,
    "cycleMin": 0.05,
    "cycleMax": 0.4,
    "keepFraction": 0.3,
    "alpha": 0.4,
    "beta": 1,
    "gamma": 0.5,
    "V_target_baseline": 4.055794272509625
  },
  "V_target": 4.055794272509625,
  "baseline": {
    "V_mean": 3.875400682524877,
    "V_var": 2.8893892516978044,
    "V_target": 4.055794272509625,
    "RLambda": 0.04447799317817102,
    "macroInvariants": {
      "scaled_spectral_radius": 0.08380071510613468,
      "energy_per_node": 4.0722448979591785,
      "entropy_degree": 0.25513753853910376
    },
    "gapStatistics": {
      "mean": 0.44234670045965735,
      "ci_low_mean": 0.20814809184144792,
      "ci_high_mean": 0.6765453090778668,
      "std_mean": 0.3685996267048403,
      "samples_mean": 12
    }
  },
  "filtered": {
    "V_mean": 1.8447204286865688,
    "V_var": 0.2920741283692402,
    "V_target": 4.055794272509625,
    "RLambda": 0.5451642009580774,
    "macroInvariants": {
      "scaled_spectral_radius": 0.0831484314287642,
      "energy_per_node": 4.050340136054422,
      "entropy_degree": 0.19476793400109058
    },
    "gapStatistics": {
      "mean": 0.8856121055214724,
      "ci_low_mean": 0.4691897812244878,
      "ci_high_mean": 1.3020344298184574,
      "std_mean": 0.6553972040784202,
      "samples_mean": 12
    }
  },
  "acceptanceRate": 0.3,
  "verdict": {
    "status": "FAIL",
    "message": "No significant RΛ reduction (-1125.7% < 5% threshold)",
    "RLambda_reduction": -1125.6942411368368,
    "maxDrift": 23.661592442917062,
    "acceptanceRate": 0.3,
    "drifts": {
      "scaled_spectral_radius": 0.7783748343249303,
      "energy_per_node": 0.5379038455112063,
      "entropy_degree": 23.661592442917062
    }
  }
}