{
  "version": "1.2.0",
  "chamber": "XXXIV",
  "operator": "Omega",
  "phase": "F",
  "timestamp": "2026-01-08T22:46:22.408Z",
  "config": {
    "ensembleSize": 100,
    "nodeCount": 50,
    "generatorFamily": "scale-free",
    "lrProb": 0.05,
    "seed": 137042,
    "omegaMode": "omega4b",
    "z0Max": 0.15,
    "gapMin": 0.05,
    "cycleMin": 0.05,
    "cycleMax": 0.4,
    "keepFraction": 0.3,
    "alpha": 0.4,
    "beta": 1,
    "gamma": 0.5,
    "V_target_baseline": 3.208920964125051
  },
  "V_target": 3.208920964125051,
  "baseline": {
    "V_mean": 3.369704421970752,
    "V_var": 0.7854748133759665,
    "V_target": 3.208920964125051,
    "RLambda": 0.05010514738231975,
    "macroInvariants": {
      "scaled_spectral_radius": 0.12263753804494508,
      "energy_per_node": 3.879999999999997,
      "entropy_degree": 1.6078354065526252
    },
    "gapStatistics": {
      "mean": 0.3771710208550292,
      "ci_low_mean": 0.15435603159062616,
      "ci_high_mean": 0.5999860101194324,
      "std_mean": 0.3506832186223171,
      "samples_mean": 12
    }
  },
  "filtered": {
    "V_mean": 3.2023894870325296,
    "V_var": 0.031514519500247466,
    "V_target": 3.208920964125051,
    "RLambda": 0.0020354122664726377,
    "macroInvariants": {
      "scaled_spectral_radius": 0.12159495743887284,
      "energy_per_node": 3.879999999999998,
      "entropy_degree": 1.6284944252383797
    },
    "gapStatistics": {
      "mean": 0.36998092310487357,
      "ci_low_mean": 0.14530228732575218,
      "ci_high_mean": 0.5946595588839948,
      "std_mean": 0.3536163676008183,
      "samples_mean": 12
    }
  },
  "acceptanceRate": 0.3,
  "verdict": {
    "status": "PASS",
    "message": "Ω signature DETECTED: 95.9% RΛ reduction, 30.0% acceptance, max drift 1.3%",
    "RLambda_reduction": 95.93771823293577,
    "maxDrift": 1.2848963644885565,
    "acceptanceRate": 0.3,
    "drifts": {
      "scaled_spectral_radius": 0.8501317155356976,
      "energy_per_node": 3.43367945760358e-14,
      "entropy_degree": 1.2848963644885565
    }
  }
}