2.388200000000000000e+04
2.388400000000000000e+04
2.390100000000000000e+04
2.390300000000000000e+04
2.390500000000000000e+04
2.391000000000000000e+04
2.391100000000000000e+04
2.391300000000000000e+04
2.391500000000000000e+04
2.391800000000000000e+04
2.392200000000000000e+04
2.392600000000000000e+04
2.393200000000000000e+04
2.394400000000000000e+04
2.395100000000000000e+04
2.395400000000000000e+04
2.395400000000000000e+04
2.397000000000000000e+04
2.397100000000000000e+04
2.397300000000000000e+04
2.397400000000000000e+04
2.397700000000000000e+04
2.397900000000000000e+04
2.398100000000000000e+04
2.398500000000000000e+04
2.399600000000000000e+04
2.400300000000000000e+04
2.401800000000000000e+04
2.402700000000000000e+04
2.402800000000000000e+04
2.403100000000000000e+04
2.403500000000000000e+04
2.404300000000000000e+04
2.404800000000000000e+04
2.405500000000000000e+04
2.405600000000000000e+04
2.406000000000000000e+04
2.406200000000000000e+04
2.407200000000000000e+04
2.407200000000000000e+04
2.407500000000000000e+04
2.409000000000000000e+04
2.409100000000000000e+04
2.409400000000000000e+04
2.410800000000000000e+04
2.411500000000000000e+04
2.412500000000000000e+04
2.413600000000000000e+04
2.413700000000000000e+04
2.414000000000000000e+04
2.415900000000000000e+04
2.416200000000000000e+04
2.416600000000000000e+04
2.417700000000000000e+04
2.418300000000000000e+04
2.418300000000000000e+04
2.418300000000000000e+04
2.418600000000000000e+04
2.418700000000000000e+04
2.419000000000000000e+04
2.419100000000000000e+04
2.419100000000000000e+04
2.419600000000000000e+04
2.419600000000000000e+04
2.420100000000000000e+04
2.420200000000000000e+04
2.420800000000000000e+04
2.421600000000000000e+04
2.422400000000000000e+04
2.422700000000000000e+04
2.423000000000000000e+04
2.423200000000000000e+04
2.423700000000000000e+04
2.424300000000000000e+04
2.424400000000000000e+04
2.425800000000000000e+04
2.426000000000000000e+04
2.426000000000000000e+04
2.426700000000000000e+04
2.427600000000000000e+04
2.428400000000000000e+04
2.429200000000000000e+04
2.429300000000000000e+04
2.429700000000000000e+04
2.429800000000000000e+04
2.429900000000000000e+04
2.430100000000000000e+04
2.430200000000000000e+04
2.431000000000000000e+04
2.432100000000000000e+04
2.433500000000000000e+04
2.434100000000000000e+04
2.434100000000000000e+04
2.434600000000000000e+04
2.435100000000000000e+04
2.435200000000000000e+04
2.436000000000000000e+04
2.436200000000000000e+04
2.436600000000000000e+04
2.437000000000000000e+04
2.437300000000000000e+04
2.439300000000000000e+04
2.439300000000000000e+04
2.439400000000000000e+04
2.440400000000000000e+04
2.440900000000000000e+04
2.441300000000000000e+04
2.441700000000000000e+04
2.441800000000000000e+04
2.442700000000000000e+04
2.444100000000000000e+04
2.444400000000000000e+04
2.445100000000000000e+04
2.446000000000000000e+04
2.446200000000000000e+04
2.446600000000000000e+04
2.446700000000000000e+04
2.447800000000000000e+04
2.448300000000000000e+04
2.448600000000000000e+04
2.449200000000000000e+04
2.449800000000000000e+04
2.449900000000000000e+04
2.451600000000000000e+04
2.452100000000000000e+04
2.452200000000000000e+04
2.453600000000000000e+04
2.454100000000000000e+04
2.454200000000000000e+04
2.454300000000000000e+04
2.454500000000000000e+04
2.454600000000000000e+04
2.455000000000000000e+04
2.455400000000000000e+04
2.456400000000000000e+04
2.456700000000000000e+04
2.457000000000000000e+04
2.457500000000000000e+04
2.457600000000000000e+04
2.457800000000000000e+04
2.458900000000000000e+04
2.459000000000000000e+04
2.459100000000000000e+04
2.459300000000000000e+04
2.460600000000000000e+04
2.461300000000000000e+04
2.462600000000000000e+04
2.462800000000000000e+04
2.462900000000000000e+04
2.463100000000000000e+04
2.463100000000000000e+04
2.463500000000000000e+04
2.463600000000000000e+04
2.464800000000000000e+04
2.465300000000000000e+04
2.465300000000000000e+04
2.465500000000000000e+04
2.465600000000000000e+04
2.466400000000000000e+04
2.466500000000000000e+04
2.466600000000000000e+04
2.466900000000000000e+04
2.467100000000000000e+04
2.468000000000000000e+04
2.468200000000000000e+04
2.468300000000000000e+04
2.468800000000000000e+04
2.469200000000000000e+04
2.469200000000000000e+04
2.469400000000000000e+04
2.469500000000000000e+04
2.469600000000000000e+04
2.469700000000000000e+04
2.470500000000000000e+04
2.471500000000000000e+04
2.471700000000000000e+04
2.471800000000000000e+04
2.472000000000000000e+04
2.472600000000000000e+04
2.473000000000000000e+04
2.473000000000000000e+04
2.473100000000000000e+04
2.473200000000000000e+04
2.473400000000000000e+04
2.473600000000000000e+04
2.473700000000000000e+04
2.474000000000000000e+04
2.474800000000000000e+04
2.475100000000000000e+04
2.475300000000000000e+04
2.475600000000000000e+04
2.476100000000000000e+04
2.476300000000000000e+04
2.477200000000000000e+04
2.477500000000000000e+04
2.478200000000000000e+04
2.478800000000000000e+04
2.478900000000000000e+04
2.479000000000000000e+04
2.479200000000000000e+04
2.479300000000000000e+04
2.479500000000000000e+04
2.479600000000000000e+04
2.480300000000000000e+04
2.480400000000000000e+04
2.481700000000000000e+04
2.482000000000000000e+04
2.482000000000000000e+04
2.482200000000000000e+04
2.482600000000000000e+04
2.482600000000000000e+04
2.484600000000000000e+04
2.485600000000000000e+04
2.486800000000000000e+04
2.486900000000000000e+04
2.487000000000000000e+04
2.487700000000000000e+04
2.488000000000000000e+04
2.488000000000000000e+04
2.488300000000000000e+04
2.488700000000000000e+04
2.488700000000000000e+04
2.488900000000000000e+04
2.489000000000000000e+04
2.489100000000000000e+04
2.489400000000000000e+04
2.490400000000000000e+04
2.490600000000000000e+04
2.490800000000000000e+04
2.490900000000000000e+04
2.490900000000000000e+04
2.491100000000000000e+04
2.491900000000000000e+04
2.492000000000000000e+04
2.492400000000000000e+04
2.492400000000000000e+04
2.492500000000000000e+04
2.492700000000000000e+04
2.493200000000000000e+04
2.493200000000000000e+04
2.493300000000000000e+04
2.493800000000000000e+04
2.495000000000000000e+04
2.495400000000000000e+04
2.495500000000000000e+04
2.496400000000000000e+04
2.497300000000000000e+04
2.497400000000000000e+04
2.497500000000000000e+04
2.497700000000000000e+04
2.498600000000000000e+04
2.498700000000000000e+04
2.499000000000000000e+04
2.499400000000000000e+04
2.499500000000000000e+04
2.499500000000000000e+04
2.500500000000000000e+04
2.501100000000000000e+04
2.501900000000000000e+04
2.502400000000000000e+04
2.502500000000000000e+04
2.502600000000000000e+04
2.502600000000000000e+04
2.502900000000000000e+04
2.503700000000000000e+04
2.504200000000000000e+04
2.504500000000000000e+04
2.504600000000000000e+04
2.504700000000000000e+04
2.504800000000000000e+04
2.504900000000000000e+04
2.504900000000000000e+04
2.505200000000000000e+04
2.505300000000000000e+04
2.505500000000000000e+04
2.505600000000000000e+04
2.505600000000000000e+04
2.505600000000000000e+04
2.505900000000000000e+04
2.505900000000000000e+04
2.506200000000000000e+04
2.506500000000000000e+04
2.506600000000000000e+04
2.506700000000000000e+04
2.506700000000000000e+04
2.506800000000000000e+04
2.507000000000000000e+04
2.507300000000000000e+04
2.507500000000000000e+04
2.507500000000000000e+04
2.507500000000000000e+04
2.507600000000000000e+04
2.507900000000000000e+04
2.508000000000000000e+04
2.508300000000000000e+04
2.508400000000000000e+04
2.508500000000000000e+04
2.508500000000000000e+04
2.508700000000000000e+04
2.508900000000000000e+04
2.509000000000000000e+04
2.510500000000000000e+04
2.510600000000000000e+04
2.510700000000000000e+04
2.510800000000000000e+04
2.511700000000000000e+04
2.511800000000000000e+04
2.512400000000000000e+04
2.512800000000000000e+04
2.513000000000000000e+04
2.513300000000000000e+04
2.513500000000000000e+04
2.513500000000000000e+04
2.513900000000000000e+04
2.514000000000000000e+04
2.514000000000000000e+04
2.514000000000000000e+04
2.514300000000000000e+04
2.515200000000000000e+04
2.515200000000000000e+04
2.515400000000000000e+04
2.515400000000000000e+04
2.515500000000000000e+04
2.516100000000000000e+04
2.516200000000000000e+04
2.516400000000000000e+04
2.516600000000000000e+04
2.516800000000000000e+04
2.517200000000000000e+04
2.517400000000000000e+04
2.517900000000000000e+04
2.518100000000000000e+04
2.518100000000000000e+04
2.518300000000000000e+04
2.519300000000000000e+04
2.519700000000000000e+04
2.519700000000000000e+04
2.519900000000000000e+04
2.520300000000000000e+04
2.520700000000000000e+04
2.520800000000000000e+04
2.520800000000000000e+04
2.520800000000000000e+04
2.520900000000000000e+04
2.520900000000000000e+04
2.520900000000000000e+04
2.521100000000000000e+04
2.521100000000000000e+04
2.521100000000000000e+04
2.521200000000000000e+04
2.521400000000000000e+04
2.521400000000000000e+04
2.521500000000000000e+04
2.521600000000000000e+04
2.521800000000000000e+04
2.521900000000000000e+04
2.522400000000000000e+04
2.522400000000000000e+04
2.522900000000000000e+04
2.523200000000000000e+04
2.523300000000000000e+04
2.523400000000000000e+04
2.523400000000000000e+04
2.523700000000000000e+04
2.524000000000000000e+04
2.524100000000000000e+04
2.524200000000000000e+04
2.525000000000000000e+04
2.525200000000000000e+04
2.525800000000000000e+04
2.525900000000000000e+04
2.525900000000000000e+04
2.526300000000000000e+04
2.526400000000000000e+04
2.526600000000000000e+04
2.527100000000000000e+04
2.527100000000000000e+04
2.527400000000000000e+04
2.527400000000000000e+04
2.527500000000000000e+04
2.527700000000000000e+04
2.527900000000000000e+04
2.528100000000000000e+04
2.528100000000000000e+04
2.528200000000000000e+04
2.528300000000000000e+04
2.529600000000000000e+04
2.530200000000000000e+04
2.530500000000000000e+04
2.532200000000000000e+04
2.532400000000000000e+04
2.532500000000000000e+04
2.532600000000000000e+04
2.532600000000000000e+04
2.533400000000000000e+04
2.533500000000000000e+04
2.533600000000000000e+04
2.533700000000000000e+04
2.533900000000000000e+04
2.534000000000000000e+04
2.534300000000000000e+04
2.534600000000000000e+04
2.535000000000000000e+04
2.535100000000000000e+04
2.535100000000000000e+04
2.535100000000000000e+04
2.535300000000000000e+04
2.535400000000000000e+04
2.535500000000000000e+04
2.535600000000000000e+04
2.535600000000000000e+04
2.535700000000000000e+04
2.536200000000000000e+04
2.536300000000000000e+04
2.536700000000000000e+04
2.537000000000000000e+04
2.537300000000000000e+04
2.537400000000000000e+04
2.538000000000000000e+04
2.538000000000000000e+04
2.538600000000000000e+04
2.538800000000000000e+04
2.539000000000000000e+04
2.539400000000000000e+04
2.539400000000000000e+04
2.539700000000000000e+04
2.539800000000000000e+04
2.540000000000000000e+04
2.540500000000000000e+04
2.540900000000000000e+04
2.541000000000000000e+04
2.541200000000000000e+04
2.541200000000000000e+04
2.541300000000000000e+04
2.541500000000000000e+04
2.541800000000000000e+04
2.542400000000000000e+04
2.543000000000000000e+04
2.543200000000000000e+04
2.543200000000000000e+04
2.543300000000000000e+04
2.543400000000000000e+04
2.543500000000000000e+04
2.543900000000000000e+04
2.544100000000000000e+04
2.544300000000000000e+04
2.544400000000000000e+04
2.544500000000000000e+04
2.545000000000000000e+04
2.545100000000000000e+04
2.545100000000000000e+04
2.545300000000000000e+04
2.545300000000000000e+04
2.545300000000000000e+04
2.545300000000000000e+04
2.545500000000000000e+04
2.545600000000000000e+04
2.545800000000000000e+04
2.545900000000000000e+04
2.546300000000000000e+04
2.546400000000000000e+04
2.546500000000000000e+04
2.546800000000000000e+04
2.547300000000000000e+04
2.547400000000000000e+04
2.547500000000000000e+04
2.548100000000000000e+04
2.548100000000000000e+04
2.548300000000000000e+04
2.548800000000000000e+04
2.549100000000000000e+04
2.549300000000000000e+04
2.549500000000000000e+04
2.549700000000000000e+04
2.549700000000000000e+04
2.550600000000000000e+04
2.550600000000000000e+04
2.550800000000000000e+04
2.550800000000000000e+04
2.551100000000000000e+04
2.551100000000000000e+04
2.551100000000000000e+04
2.551100000000000000e+04
2.551900000000000000e+04
2.552000000000000000e+04
2.552000000000000000e+04
2.552100000000000000e+04
2.552200000000000000e+04
2.552600000000000000e+04
2.552900000000000000e+04
2.552900000000000000e+04
2.553200000000000000e+04
2.553300000000000000e+04
2.554000000000000000e+04
2.554000000000000000e+04
2.554200000000000000e+04
2.554300000000000000e+04
2.554300000000000000e+04
2.554500000000000000e+04
2.554500000000000000e+04
2.555000000000000000e+04
2.555200000000000000e+04
2.555400000000000000e+04
2.555500000000000000e+04
2.555500000000000000e+04
2.555900000000000000e+04
2.555900000000000000e+04
2.556000000000000000e+04
2.556100000000000000e+04
2.556100000000000000e+04
2.556400000000000000e+04
2.556600000000000000e+04
2.556700000000000000e+04
2.556900000000000000e+04
2.557000000000000000e+04
2.557100000000000000e+04
2.557200000000000000e+04
2.557200000000000000e+04
2.557300000000000000e+04
2.557500000000000000e+04
2.557700000000000000e+04
2.557800000000000000e+04
2.557900000000000000e+04
2.558000000000000000e+04
2.558100000000000000e+04
2.558100000000000000e+04
2.558200000000000000e+04
2.558300000000000000e+04
2.558500000000000000e+04
2.558500000000000000e+04
2.558800000000000000e+04
2.558800000000000000e+04
2.559000000000000000e+04
2.559100000000000000e+04
2.559100000000000000e+04
2.559200000000000000e+04
2.559400000000000000e+04
2.559400000000000000e+04
2.559500000000000000e+04
2.559600000000000000e+04
2.559900000000000000e+04
2.560000000000000000e+04
2.560300000000000000e+04
2.560300000000000000e+04
2.560300000000000000e+04
2.560500000000000000e+04
2.560500000000000000e+04
2.560700000000000000e+04
2.560700000000000000e+04
2.560800000000000000e+04
2.560900000000000000e+04
2.560900000000000000e+04
2.561100000000000000e+04
2.561300000000000000e+04
2.561300000000000000e+04
2.561300000000000000e+04
2.561400000000000000e+04
2.561700000000000000e+04
2.561900000000000000e+04
2.562100000000000000e+04
2.562100000000000000e+04
2.562400000000000000e+04
2.562700000000000000e+04
2.562700000000000000e+04
2.563100000000000000e+04
2.563100000000000000e+04
2.563200000000000000e+04
2.563300000000000000e+04
2.563300000000000000e+04
2.563400000000000000e+04
2.563600000000000000e+04
2.563600000000000000e+04
2.563700000000000000e+04
2.563700000000000000e+04
2.563700000000000000e+04
2.563700000000000000e+04
2.563800000000000000e+04
2.563800000000000000e+04
2.564200000000000000e+04
2.564500000000000000e+04
2.564800000000000000e+04
2.565000000000000000e+04
2.565100000000000000e+04
2.565200000000000000e+04
2.565400000000000000e+04
2.565500000000000000e+04
2.565900000000000000e+04
2.566000000000000000e+04
2.566300000000000000e+04
2.566300000000000000e+04
2.566300000000000000e+04
2.566600000000000000e+04
2.567000000000000000e+04
2.567500000000000000e+04
2.567700000000000000e+04
2.568000000000000000e+04
2.568600000000000000e+04
2.568700000000000000e+04
2.568700000000000000e+04
2.568900000000000000e+04
2.569000000000000000e+04
2.569400000000000000e+04
2.569600000000000000e+04
2.569900000000000000e+04
2.569900000000000000e+04
2.570000000000000000e+04
2.570300000000000000e+04
2.570300000000000000e+04
2.570400000000000000e+04
2.570400000000000000e+04
2.570500000000000000e+04
2.570700000000000000e+04
2.571000000000000000e+04
2.571900000000000000e+04
2.572000000000000000e+04
2.572200000000000000e+04
2.572300000000000000e+04
2.572600000000000000e+04
2.572600000000000000e+04
2.572700000000000000e+04
2.572700000000000000e+04
2.572800000000000000e+04
2.572800000000000000e+04
2.572900000000000000e+04
2.573000000000000000e+04
2.573200000000000000e+04
2.573200000000000000e+04
2.573300000000000000e+04
2.573400000000000000e+04
2.573400000000000000e+04
2.573500000000000000e+04
2.573800000000000000e+04
2.573900000000000000e+04
2.574000000000000000e+04
2.574700000000000000e+04
2.574700000000000000e+04
2.574700000000000000e+04
2.574900000000000000e+04
2.574900000000000000e+04
2.575000000000000000e+04
2.575000000000000000e+04
2.575000000000000000e+04
2.575300000000000000e+04
2.575400000000000000e+04
2.575400000000000000e+04
2.575700000000000000e+04
2.575700000000000000e+04
2.575700000000000000e+04
2.576000000000000000e+04
2.576000000000000000e+04
2.576100000000000000e+04
2.576200000000000000e+04
2.576200000000000000e+04
2.576200000000000000e+04
2.576300000000000000e+04
2.576500000000000000e+04
2.577000000000000000e+04
2.577100000000000000e+04
2.577200000000000000e+04
2.577300000000000000e+04
2.577900000000000000e+04
2.578100000000000000e+04
2.578100000000000000e+04
2.578100000000000000e+04
2.578300000000000000e+04
2.578400000000000000e+04
2.578600000000000000e+04
2.578800000000000000e+04
2.578800000000000000e+04
2.578900000000000000e+04
2.579000000000000000e+04
2.579100000000000000e+04
2.579100000000000000e+04
2.579100000000000000e+04
2.579400000000000000e+04
2.579500000000000000e+04
2.579700000000000000e+04
2.579800000000000000e+04
2.580200000000000000e+04
2.580400000000000000e+04
2.580400000000000000e+04
2.580600000000000000e+04
2.580700000000000000e+04
2.581300000000000000e+04
2.581300000000000000e+04
2.581400000000000000e+04
2.581700000000000000e+04
2.582100000000000000e+04
2.582100000000000000e+04
2.582300000000000000e+04
2.582500000000000000e+04
2.582600000000000000e+04
2.582800000000000000e+04
2.582900000000000000e+04
2.583100000000000000e+04
2.583200000000000000e+04
2.583400000000000000e+04
2.583400000000000000e+04
2.583400000000000000e+04
2.583500000000000000e+04
2.583600000000000000e+04
2.583900000000000000e+04
2.583900000000000000e+04
2.583900000000000000e+04
2.584000000000000000e+04
2.584000000000000000e+04
2.584000000000000000e+04
2.584100000000000000e+04
2.584300000000000000e+04
2.584400000000000000e+04
2.584400000000000000e+04
2.584500000000000000e+04
2.584800000000000000e+04
2.584800000000000000e+04
2.585100000000000000e+04
2.585100000000000000e+04
2.585200000000000000e+04
2.585200000000000000e+04
2.585300000000000000e+04
2.585300000000000000e+04
2.585300000000000000e+04
2.585400000000000000e+04
2.585700000000000000e+04
2.585800000000000000e+04
2.585900000000000000e+04
2.585900000000000000e+04
2.585900000000000000e+04
2.586200000000000000e+04
2.586200000000000000e+04
2.586200000000000000e+04
2.586300000000000000e+04
2.586300000000000000e+04
2.586400000000000000e+04
2.586400000000000000e+04
2.586700000000000000e+04
2.586700000000000000e+04
2.586800000000000000e+04
2.587200000000000000e+04
2.587200000000000000e+04
2.587300000000000000e+04
2.587300000000000000e+04
2.587700000000000000e+04
2.587700000000000000e+04
2.587700000000000000e+04
2.588100000000000000e+04
2.588100000000000000e+04
2.588200000000000000e+04
2.588700000000000000e+04
2.588900000000000000e+04
2.589300000000000000e+04
2.589300000000000000e+04
2.589300000000000000e+04
2.589400000000000000e+04
2.589600000000000000e+04
2.589600000000000000e+04
2.589900000000000000e+04
2.589900000000000000e+04
2.590000000000000000e+04
2.590200000000000000e+04
2.590300000000000000e+04
2.590300000000000000e+04
2.590500000000000000e+04
2.590700000000000000e+04
2.591000000000000000e+04
2.591200000000000000e+04
2.591200000000000000e+04
2.591500000000000000e+04
2.591800000000000000e+04
2.591800000000000000e+04
2.592400000000000000e+04
2.592500000000000000e+04
2.592700000000000000e+04
2.592800000000000000e+04
2.593000000000000000e+04
2.593100000000000000e+04
2.593200000000000000e+04
2.593500000000000000e+04
2.593700000000000000e+04
2.593800000000000000e+04
2.594100000000000000e+04
2.594300000000000000e+04
2.594300000000000000e+04
2.594400000000000000e+04
2.594600000000000000e+04
2.594600000000000000e+04
2.594900000000000000e+04
2.595000000000000000e+04
2.595200000000000000e+04
2.595300000000000000e+04
2.595300000000000000e+04
2.595400000000000000e+04
2.595400000000000000e+04
2.595500000000000000e+04
2.595500000000000000e+04
2.595500000000000000e+04
2.596100000000000000e+04
2.596300000000000000e+04
2.596400000000000000e+04
2.596500000000000000e+04
2.596900000000000000e+04
2.598100000000000000e+04
2.598300000000000000e+04
2.598600000000000000e+04
2.598600000000000000e+04
2.598700000000000000e+04
2.598700000000000000e+04
2.598700000000000000e+04
2.598800000000000000e+04
2.599400000000000000e+04
2.599500000000000000e+04
2.600100000000000000e+04
2.600100000000000000e+04
2.600700000000000000e+04
2.600800000000000000e+04
2.601000000000000000e+04
2.601200000000000000e+04
2.601300000000000000e+04
2.601400000000000000e+04
2.601500000000000000e+04
2.601700000000000000e+04
2.601800000000000000e+04
2.602100000000000000e+04
2.602200000000000000e+04
2.602300000000000000e+04
2.602600000000000000e+04
2.602700000000000000e+04
2.602900000000000000e+04
2.602900000000000000e+04
2.603000000000000000e+04
2.603100000000000000e+04
2.603200000000000000e+04
2.603500000000000000e+04
2.603600000000000000e+04
2.603600000000000000e+04
2.603900000000000000e+04
2.603900000000000000e+04
2.604000000000000000e+04
2.604100000000000000e+04
2.604100000000000000e+04
2.604200000000000000e+04
2.604300000000000000e+04
2.604600000000000000e+04
2.604900000000000000e+04
2.604900000000000000e+04
2.605000000000000000e+04
2.605200000000000000e+04
2.605200000000000000e+04
2.605300000000000000e+04
2.605300000000000000e+04
2.605300000000000000e+04
2.605300000000000000e+04
2.605500000000000000e+04
2.605700000000000000e+04
2.605700000000000000e+04
2.605900000000000000e+04
2.605900000000000000e+04
2.606300000000000000e+04
2.606800000000000000e+04
2.606800000000000000e+04
2.606800000000000000e+04
2.607200000000000000e+04
2.607300000000000000e+04
2.607400000000000000e+04
2.607400000000000000e+04
2.607500000000000000e+04
2.607500000000000000e+04
2.607500000000000000e+04
2.607900000000000000e+04
2.608100000000000000e+04
2.608100000000000000e+04
2.608200000000000000e+04
2.608400000000000000e+04
2.608400000000000000e+04
2.608400000000000000e+04
2.608600000000000000e+04
2.608700000000000000e+04
2.608700000000000000e+04
2.608700000000000000e+04
2.608700000000000000e+04
2.608800000000000000e+04
2.608900000000000000e+04
2.609000000000000000e+04
2.609200000000000000e+04
2.609200000000000000e+04
2.609300000000000000e+04
2.609400000000000000e+04
2.609500000000000000e+04
2.609800000000000000e+04
2.609800000000000000e+04
2.609900000000000000e+04
2.610100000000000000e+04
2.610200000000000000e+04
2.610300000000000000e+04
2.610400000000000000e+04
2.610400000000000000e+04
2.610400000000000000e+04
2.610400000000000000e+04
2.610500000000000000e+04
2.610800000000000000e+04
2.610900000000000000e+04
2.611000000000000000e+04
2.611100000000000000e+04
2.611100000000000000e+04
2.611100000000000000e+04
2.611100000000000000e+04
2.611400000000000000e+04
2.612000000000000000e+04
2.612200000000000000e+04
2.612400000000000000e+04
2.612400000000000000e+04
2.612500000000000000e+04
2.612500000000000000e+04
2.612500000000000000e+04
2.612500000000000000e+04
2.612800000000000000e+04
2.613500000000000000e+04
2.613900000000000000e+04
2.613900000000000000e+04
2.613900000000000000e+04
2.614100000000000000e+04
2.614300000000000000e+04
2.614300000000000000e+04
2.614400000000000000e+04
2.614500000000000000e+04
2.614700000000000000e+04
2.614700000000000000e+04
2.615000000000000000e+04
2.615200000000000000e+04
2.615200000000000000e+04
2.615200000000000000e+04
2.615300000000000000e+04
2.615300000000000000e+04
2.615400000000000000e+04
2.615400000000000000e+04
2.615600000000000000e+04
2.615700000000000000e+04
2.615700000000000000e+04
2.615700000000000000e+04
2.615800000000000000e+04
2.615800000000000000e+04
2.615900000000000000e+04
2.616000000000000000e+04
2.616000000000000000e+04
2.616300000000000000e+04
2.616300000000000000e+04
2.616400000000000000e+04
2.616400000000000000e+04
2.616500000000000000e+04
2.616600000000000000e+04
2.616700000000000000e+04
2.616700000000000000e+04
2.616700000000000000e+04
2.616700000000000000e+04
2.616800000000000000e+04
2.616800000000000000e+04
2.616900000000000000e+04
2.617200000000000000e+04
2.617300000000000000e+04
2.617300000000000000e+04
2.617400000000000000e+04
2.617400000000000000e+04
2.617600000000000000e+04
2.617600000000000000e+04
2.617800000000000000e+04
2.617900000000000000e+04
2.618100000000000000e+04
2.618200000000000000e+04
2.618200000000000000e+04
2.618200000000000000e+04
2.618400000000000000e+04
2.618700000000000000e+04
2.618800000000000000e+04
2.618800000000000000e+04
2.618900000000000000e+04
2.618900000000000000e+04
2.619000000000000000e+04
2.619100000000000000e+04
2.619400000000000000e+04
2.619400000000000000e+04
2.619400000000000000e+04
2.619400000000000000e+04
2.619500000000000000e+04
2.619700000000000000e+04
2.619700000000000000e+04
2.619700000000000000e+04
2.619800000000000000e+04
2.620000000000000000e+04
2.620300000000000000e+04
2.620400000000000000e+04
2.620800000000000000e+04
2.620900000000000000e+04
2.620900000000000000e+04
2.621300000000000000e+04
2.621500000000000000e+04
2.621500000000000000e+04
2.621500000000000000e+04
2.621600000000000000e+04
2.621700000000000000e+04
2.621900000000000000e+04
2.621900000000000000e+04
2.622000000000000000e+04
2.622100000000000000e+04
2.622100000000000000e+04
2.622100000000000000e+04
2.622500000000000000e+04
2.622500000000000000e+04
2.623100000000000000e+04
2.623100000000000000e+04
2.623100000000000000e+04
2.623200000000000000e+04
2.623300000000000000e+04
2.623300000000000000e+04
2.623400000000000000e+04
2.623400000000000000e+04
2.623500000000000000e+04
2.623700000000000000e+04
2.623700000000000000e+04
2.623900000000000000e+04
2.624000000000000000e+04
2.624000000000000000e+04
2.624200000000000000e+04
2.624200000000000000e+04
2.624700000000000000e+04
2.624800000000000000e+04
2.624900000000000000e+04
2.625000000000000000e+04
2.625100000000000000e+04
2.625100000000000000e+04
2.625200000000000000e+04
2.625400000000000000e+04
2.625500000000000000e+04
2.625600000000000000e+04
2.625600000000000000e+04
2.625900000000000000e+04
2.626200000000000000e+04
2.626600000000000000e+04
2.626600000000000000e+04
2.626700000000000000e+04
2.626700000000000000e+04
2.626800000000000000e+04
2.626900000000000000e+04
2.626900000000000000e+04
2.626900000000000000e+04
2.626900000000000000e+04
2.627200000000000000e+04
2.627300000000000000e+04
2.627500000000000000e+04
2.627500000000000000e+04
2.627600000000000000e+04
2.627600000000000000e+04
2.627600000000000000e+04
2.627700000000000000e+04
2.627700000000000000e+04
2.628100000000000000e+04
2.628100000000000000e+04
2.628500000000000000e+04
2.628700000000000000e+04
2.628700000000000000e+04
2.628700000000000000e+04
2.628700000000000000e+04
2.628800000000000000e+04
2.628900000000000000e+04
2.629000000000000000e+04
2.629100000000000000e+04
2.629100000000000000e+04
2.629200000000000000e+04
2.629200000000000000e+04
2.629200000000000000e+04
2.629400000000000000e+04
2.629500000000000000e+04
2.629500000000000000e+04
2.629500000000000000e+04
2.629600000000000000e+04
2.629800000000000000e+04
2.630000000000000000e+04
2.630100000000000000e+04
2.630200000000000000e+04
2.630200000000000000e+04
2.630400000000000000e+04
2.630700000000000000e+04
2.630900000000000000e+04
2.631000000000000000e+04
2.631000000000000000e+04
2.631100000000000000e+04
2.631100000000000000e+04
2.631200000000000000e+04
2.631200000000000000e+04
2.631300000000000000e+04
2.631400000000000000e+04
2.631500000000000000e+04
2.631500000000000000e+04
2.631700000000000000e+04
2.631700000000000000e+04
2.631800000000000000e+04
2.631800000000000000e+04
2.631800000000000000e+04
2.631900000000000000e+04
2.632000000000000000e+04
2.632000000000000000e+04
2.632000000000000000e+04
2.632100000000000000e+04
2.632100000000000000e+04
2.632500000000000000e+04
2.632800000000000000e+04
2.632900000000000000e+04
2.633000000000000000e+04
2.633100000000000000e+04
2.633200000000000000e+04
2.633200000000000000e+04
2.633200000000000000e+04
2.633300000000000000e+04
2.633300000000000000e+04
2.633400000000000000e+04
2.633500000000000000e+04
2.633500000000000000e+04
2.633500000000000000e+04
2.633800000000000000e+04
2.633800000000000000e+04
2.634000000000000000e+04
2.634500000000000000e+04
2.634500000000000000e+04
2.634600000000000000e+04
2.634700000000000000e+04
2.634700000000000000e+04
2.634700000000000000e+04
2.634700000000000000e+04
2.634700000000000000e+04
2.634800000000000000e+04
2.634900000000000000e+04
2.634900000000000000e+04
2.634900000000000000e+04
2.635000000000000000e+04
2.635400000000000000e+04
2.635500000000000000e+04
2.635500000000000000e+04
2.635600000000000000e+04
2.635800000000000000e+04
2.635800000000000000e+04
2.635900000000000000e+04
2.635900000000000000e+04
2.636000000000000000e+04
2.636100000000000000e+04
2.636400000000000000e+04
2.636600000000000000e+04
2.636700000000000000e+04
2.636700000000000000e+04
2.636700000000000000e+04
2.636800000000000000e+04
2.636800000000000000e+04
2.636900000000000000e+04
2.637000000000000000e+04
2.637000000000000000e+04
2.637000000000000000e+04
2.637100000000000000e+04
2.637700000000000000e+04
2.637900000000000000e+04
2.637900000000000000e+04
2.638000000000000000e+04
2.638100000000000000e+04
2.638100000000000000e+04
2.638100000000000000e+04
2.638300000000000000e+04
2.638500000000000000e+04
2.638800000000000000e+04
2.638900000000000000e+04
2.639300000000000000e+04
2.639600000000000000e+04
2.639600000000000000e+04
2.639700000000000000e+04
2.640300000000000000e+04
2.640400000000000000e+04
2.640600000000000000e+04
2.640600000000000000e+04
2.640600000000000000e+04
2.640700000000000000e+04
2.640800000000000000e+04
2.640800000000000000e+04
2.640800000000000000e+04
2.640900000000000000e+04
2.641400000000000000e+04
2.641500000000000000e+04
2.641500000000000000e+04
2.641500000000000000e+04
2.641800000000000000e+04
2.641900000000000000e+04
2.642000000000000000e+04
2.642200000000000000e+04
2.642400000000000000e+04
2.642400000000000000e+04
2.642500000000000000e+04
2.642500000000000000e+04
2.642600000000000000e+04
2.642600000000000000e+04
2.642800000000000000e+04
2.643100000000000000e+04
2.643200000000000000e+04
2.643400000000000000e+04
2.643400000000000000e+04
2.643400000000000000e+04
2.643400000000000000e+04
2.643500000000000000e+04
2.643600000000000000e+04
2.643800000000000000e+04
2.643900000000000000e+04
2.643900000000000000e+04
2.644000000000000000e+04
2.644100000000000000e+04
2.644300000000000000e+04
2.644300000000000000e+04
2.644500000000000000e+04
2.644800000000000000e+04
2.644900000000000000e+04
2.644900000000000000e+04
2.645000000000000000e+04
2.645200000000000000e+04
2.645300000000000000e+04
2.645500000000000000e+04
2.645600000000000000e+04
2.645800000000000000e+04
2.645800000000000000e+04
2.645800000000000000e+04
2.646100000000000000e+04
2.646600000000000000e+04
2.646800000000000000e+04
2.646800000000000000e+04
2.646900000000000000e+04
2.647000000000000000e+04
2.647000000000000000e+04
2.647100000000000000e+04
2.647100000000000000e+04
2.647200000000000000e+04
2.647300000000000000e+04
2.647500000000000000e+04
2.647500000000000000e+04
2.647600000000000000e+04
2.647900000000000000e+04
2.647900000000000000e+04
2.647900000000000000e+04
2.648000000000000000e+04
2.648200000000000000e+04
2.648300000000000000e+04
2.648300000000000000e+04
2.648400000000000000e+04
2.648500000000000000e+04
2.648500000000000000e+04
2.648600000000000000e+04
2.648800000000000000e+04
2.648800000000000000e+04
2.648800000000000000e+04
2.649300000000000000e+04
2.649400000000000000e+04
2.649500000000000000e+04
2.649600000000000000e+04
2.649700000000000000e+04
2.649800000000000000e+04
2.650000000000000000e+04
2.650200000000000000e+04
2.650300000000000000e+04
2.650400000000000000e+04
2.650400000000000000e+04
2.650700000000000000e+04
2.650700000000000000e+04
2.650800000000000000e+04
2.650900000000000000e+04
2.650900000000000000e+04
2.651000000000000000e+04
2.651200000000000000e+04
2.651500000000000000e+04
2.651600000000000000e+04
2.651900000000000000e+04
2.652300000000000000e+04
2.652300000000000000e+04
2.652400000000000000e+04
2.652600000000000000e+04
2.653000000000000000e+04
2.653000000000000000e+04
2.653100000000000000e+04
2.653300000000000000e+04
2.653300000000000000e+04
2.653400000000000000e+04
2.653500000000000000e+04
2.653500000000000000e+04
2.653500000000000000e+04
2.653800000000000000e+04
2.653900000000000000e+04
2.654000000000000000e+04
2.654100000000000000e+04
2.654100000000000000e+04
2.654200000000000000e+04
2.654200000000000000e+04
2.654500000000000000e+04
2.654500000000000000e+04
2.654600000000000000e+04
2.654800000000000000e+04
2.654800000000000000e+04
2.654900000000000000e+04
2.655000000000000000e+04
2.655100000000000000e+04
2.655200000000000000e+04
2.655200000000000000e+04
2.655300000000000000e+04
2.655500000000000000e+04
2.655500000000000000e+04
2.655600000000000000e+04
2.655800000000000000e+04
2.656000000000000000e+04
2.656000000000000000e+04
2.656100000000000000e+04
2.656500000000000000e+04
2.656600000000000000e+04
2.656700000000000000e+04
2.656700000000000000e+04
2.656700000000000000e+04
2.656900000000000000e+04
2.657000000000000000e+04
2.657100000000000000e+04
2.657300000000000000e+04
2.657300000000000000e+04
2.657400000000000000e+04
2.657400000000000000e+04
2.657700000000000000e+04
2.657900000000000000e+04
2.657900000000000000e+04
2.657900000000000000e+04
2.658000000000000000e+04
2.658100000000000000e+04
2.658200000000000000e+04
2.658200000000000000e+04
2.658400000000000000e+04
2.658400000000000000e+04
2.658400000000000000e+04
2.658500000000000000e+04
2.658500000000000000e+04
2.658600000000000000e+04
2.658700000000000000e+04
2.658900000000000000e+04
2.659000000000000000e+04
2.659100000000000000e+04
2.659200000000000000e+04
2.659300000000000000e+04
2.659300000000000000e+04
2.659400000000000000e+04
2.659400000000000000e+04
2.659500000000000000e+04
2.659600000000000000e+04
2.659600000000000000e+04
2.659800000000000000e+04
2.659800000000000000e+04
2.659900000000000000e+04
2.659900000000000000e+04
2.660000000000000000e+04
2.660000000000000000e+04
2.660100000000000000e+04
2.660200000000000000e+04
2.660200000000000000e+04
2.660300000000000000e+04
2.660300000000000000e+04
2.660300000000000000e+04
2.660300000000000000e+04
2.660400000000000000e+04
2.660500000000000000e+04
2.660700000000000000e+04
2.660800000000000000e+04
2.660900000000000000e+04
2.661000000000000000e+04
2.661100000000000000e+04
2.661200000000000000e+04
2.661200000000000000e+04
2.661300000000000000e+04
2.661300000000000000e+04
2.661500000000000000e+04
2.661500000000000000e+04
2.661600000000000000e+04
2.661600000000000000e+04
2.661800000000000000e+04
2.662000000000000000e+04
2.662300000000000000e+04
2.662400000000000000e+04
2.662400000000000000e+04
2.662400000000000000e+04
2.662500000000000000e+04
2.662500000000000000e+04
2.662500000000000000e+04
2.662500000000000000e+04
2.662600000000000000e+04
2.662700000000000000e+04
2.662700000000000000e+04
2.663000000000000000e+04
2.663100000000000000e+04
2.663100000000000000e+04
2.663200000000000000e+04
2.663500000000000000e+04
2.663600000000000000e+04
2.663600000000000000e+04
2.663800000000000000e+04
2.664000000000000000e+04
2.664100000000000000e+04
2.664200000000000000e+04
2.664400000000000000e+04
2.664400000000000000e+04
2.664600000000000000e+04
2.664600000000000000e+04
2.664700000000000000e+04
2.664700000000000000e+04
2.664900000000000000e+04
2.664900000000000000e+04
2.664900000000000000e+04
2.664900000000000000e+04
2.665000000000000000e+04
2.665200000000000000e+04
2.665300000000000000e+04
2.665300000000000000e+04
2.665300000000000000e+04
2.665300000000000000e+04
2.665400000000000000e+04
2.665700000000000000e+04
2.665700000000000000e+04
2.665800000000000000e+04
2.666100000000000000e+04
2.666100000000000000e+04
2.666100000000000000e+04
2.666200000000000000e+04
2.666200000000000000e+04
2.666400000000000000e+04
2.666500000000000000e+04
2.666600000000000000e+04
2.666700000000000000e+04
2.666800000000000000e+04
2.666900000000000000e+04
2.667100000000000000e+04
2.667200000000000000e+04
2.667400000000000000e+04
2.667700000000000000e+04
2.667700000000000000e+04
2.667700000000000000e+04
2.667800000000000000e+04
2.667900000000000000e+04
2.668000000000000000e+04
2.668100000000000000e+04
2.668500000000000000e+04
2.668600000000000000e+04
2.668700000000000000e+04
2.668800000000000000e+04
2.668800000000000000e+04
2.668900000000000000e+04
2.669000000000000000e+04
2.669100000000000000e+04
2.669200000000000000e+04
2.669600000000000000e+04
2.669600000000000000e+04
2.669700000000000000e+04
2.669700000000000000e+04
2.669800000000000000e+04
2.670000000000000000e+04
2.670100000000000000e+04
2.670100000000000000e+04
2.670100000000000000e+04
2.670100000000000000e+04
2.670100000000000000e+04
2.670200000000000000e+04
2.670200000000000000e+04
2.670600000000000000e+04
2.670800000000000000e+04
2.670900000000000000e+04
2.671000000000000000e+04
2.671000000000000000e+04
2.671200000000000000e+04
2.671600000000000000e+04
2.671900000000000000e+04
2.672000000000000000e+04
2.672200000000000000e+04
2.672200000000000000e+04
2.672200000000000000e+04
2.672200000000000000e+04
2.672400000000000000e+04
2.672700000000000000e+04
2.672800000000000000e+04
2.672900000000000000e+04
2.673000000000000000e+04
2.673000000000000000e+04
2.673000000000000000e+04
2.673100000000000000e+04
2.673100000000000000e+04
2.673100000000000000e+04
2.673200000000000000e+04
2.673200000000000000e+04
2.673200000000000000e+04
2.673200000000000000e+04
2.673500000000000000e+04
2.673600000000000000e+04
2.674000000000000000e+04
2.674000000000000000e+04
2.674300000000000000e+04
2.674300000000000000e+04
2.674300000000000000e+04
2.674400000000000000e+04
2.674500000000000000e+04
2.674500000000000000e+04
2.674500000000000000e+04
2.674700000000000000e+04
2.674700000000000000e+04
2.674800000000000000e+04
2.675100000000000000e+04
2.675100000000000000e+04
2.675300000000000000e+04
2.675300000000000000e+04
2.675400000000000000e+04
2.675400000000000000e+04
2.675600000000000000e+04
2.675600000000000000e+04
2.675600000000000000e+04
2.675600000000000000e+04
2.676100000000000000e+04
2.676200000000000000e+04
2.676200000000000000e+04
2.676500000000000000e+04
2.676500000000000000e+04
2.676800000000000000e+04
2.676800000000000000e+04
2.676900000000000000e+04
2.677000000000000000e+04
2.677300000000000000e+04
2.677300000000000000e+04
2.677300000000000000e+04
2.677400000000000000e+04
2.677700000000000000e+04
2.677900000000000000e+04
2.678100000000000000e+04
2.678100000000000000e+04
2.678200000000000000e+04
2.678200000000000000e+04
2.678300000000000000e+04
2.678500000000000000e+04
2.678500000000000000e+04
2.678700000000000000e+04
2.678700000000000000e+04
2.678800000000000000e+04
2.678800000000000000e+04
2.678800000000000000e+04
2.679100000000000000e+04
2.679200000000000000e+04
2.679200000000000000e+04
2.679300000000000000e+04
2.679500000000000000e+04
2.679600000000000000e+04
2.679800000000000000e+04
2.679800000000000000e+04
2.679900000000000000e+04
2.679900000000000000e+04
2.680100000000000000e+04
2.680200000000000000e+04
2.680200000000000000e+04
2.680300000000000000e+04
2.680300000000000000e+04
2.680300000000000000e+04
2.680300000000000000e+04
2.680400000000000000e+04
2.680400000000000000e+04
2.680500000000000000e+04
2.680500000000000000e+04
2.680600000000000000e+04
2.680700000000000000e+04
2.680800000000000000e+04
2.680800000000000000e+04
2.680900000000000000e+04
2.681000000000000000e+04
2.681000000000000000e+04
2.681000000000000000e+04
2.681000000000000000e+04
2.681100000000000000e+04
2.681200000000000000e+04
2.681300000000000000e+04
2.681400000000000000e+04
2.681400000000000000e+04
2.681500000000000000e+04
2.681600000000000000e+04
2.681600000000000000e+04
2.681800000000000000e+04
2.681900000000000000e+04
2.681900000000000000e+04
2.682100000000000000e+04
2.682200000000000000e+04
2.682200000000000000e+04
2.682900000000000000e+04
2.683100000000000000e+04
2.683200000000000000e+04
2.683600000000000000e+04
2.683700000000000000e+04
2.683900000000000000e+04
2.684000000000000000e+04
2.684000000000000000e+04
2.684100000000000000e+04
2.684200000000000000e+04
2.684300000000000000e+04
2.684300000000000000e+04
2.684600000000000000e+04
2.684600000000000000e+04
2.684800000000000000e+04
2.685000000000000000e+04
2.685100000000000000e+04
2.685100000000000000e+04
2.685100000000000000e+04
2.685500000000000000e+04
2.685600000000000000e+04
2.685600000000000000e+04
2.685700000000000000e+04
2.685700000000000000e+04
2.685700000000000000e+04
2.685800000000000000e+04
2.686000000000000000e+04
2.686000000000000000e+04
2.686100000000000000e+04
2.686100000000000000e+04
2.686300000000000000e+04
2.686400000000000000e+04
2.686700000000000000e+04
2.686800000000000000e+04
2.686900000000000000e+04
2.686900000000000000e+04
2.687000000000000000e+04
2.687000000000000000e+04
2.687200000000000000e+04
2.687400000000000000e+04
2.687500000000000000e+04
2.687600000000000000e+04
2.687700000000000000e+04
2.687900000000000000e+04
2.687900000000000000e+04
2.688000000000000000e+04
2.688000000000000000e+04
2.688100000000000000e+04
2.688100000000000000e+04
2.688100000000000000e+04
2.688100000000000000e+04
2.688300000000000000e+04
2.688400000000000000e+04
2.688400000000000000e+04
2.688400000000000000e+04
2.688500000000000000e+04
2.688600000000000000e+04
2.688700000000000000e+04
2.688800000000000000e+04
2.688900000000000000e+04
2.689000000000000000e+04
2.689100000000000000e+04
2.689200000000000000e+04
2.689200000000000000e+04
2.689400000000000000e+04
2.689700000000000000e+04
2.689700000000000000e+04
2.689800000000000000e+04
2.689900000000000000e+04
2.690000000000000000e+04
2.690100000000000000e+04
2.690200000000000000e+04
2.690200000000000000e+04
2.690200000000000000e+04
2.690200000000000000e+04
2.690300000000000000e+04
2.690300000000000000e+04
2.690300000000000000e+04
2.690300000000000000e+04
2.690400000000000000e+04
2.690800000000000000e+04
2.690900000000000000e+04
2.691100000000000000e+04
2.691200000000000000e+04
2.691400000000000000e+04
2.691500000000000000e+04
2.691900000000000000e+04
2.692000000000000000e+04
2.692000000000000000e+04
2.692100000000000000e+04
2.692100000000000000e+04
2.692100000000000000e+04
2.692200000000000000e+04
2.692200000000000000e+04
2.692200000000000000e+04
2.692400000000000000e+04
2.692400000000000000e+04
2.692500000000000000e+04
2.692700000000000000e+04
2.692700000000000000e+04
2.692900000000000000e+04
2.693400000000000000e+04
2.693500000000000000e+04
2.693500000000000000e+04
2.693600000000000000e+04
2.693700000000000000e+04
2.693700000000000000e+04
2.693800000000000000e+04
2.693900000000000000e+04
2.693900000000000000e+04
2.694000000000000000e+04
2.694100000000000000e+04
2.694300000000000000e+04
2.694400000000000000e+04
2.694400000000000000e+04
2.694500000000000000e+04
2.694500000000000000e+04
2.694500000000000000e+04
2.694500000000000000e+04
2.694500000000000000e+04
2.694500000000000000e+04
2.694700000000000000e+04
2.694700000000000000e+04
2.694700000000000000e+04
2.694800000000000000e+04
2.694900000000000000e+04
2.694900000000000000e+04
2.695100000000000000e+04
2.695400000000000000e+04
2.695400000000000000e+04
2.695600000000000000e+04
2.696000000000000000e+04
2.696100000000000000e+04
2.696500000000000000e+04
2.696500000000000000e+04
2.696600000000000000e+04
2.696700000000000000e+04
2.696800000000000000e+04
2.696800000000000000e+04
2.697000000000000000e+04
2.697000000000000000e+04
2.697100000000000000e+04
2.697100000000000000e+04
2.697100000000000000e+04
2.697300000000000000e+04
2.697400000000000000e+04
2.697600000000000000e+04
2.697600000000000000e+04
2.697700000000000000e+04
2.697900000000000000e+04
2.698200000000000000e+04
2.698200000000000000e+04
2.698400000000000000e+04
2.698500000000000000e+04
2.698700000000000000e+04
2.698800000000000000e+04
2.698900000000000000e+04
2.699000000000000000e+04
2.699000000000000000e+04
2.699300000000000000e+04
2.699400000000000000e+04
2.699500000000000000e+04
2.699500000000000000e+04
2.699500000000000000e+04
2.699600000000000000e+04
2.699700000000000000e+04
2.699900000000000000e+04
2.700000000000000000e+04
2.700000000000000000e+04
2.700100000000000000e+04
2.700400000000000000e+04
2.701100000000000000e+04
2.701100000000000000e+04
2.701200000000000000e+04
2.701300000000000000e+04
2.701300000000000000e+04
2.701400000000000000e+04
2.701600000000000000e+04
2.701600000000000000e+04
2.701700000000000000e+04
2.701900000000000000e+04
2.702000000000000000e+04
2.702000000000000000e+04
2.702000000000000000e+04
2.702100000000000000e+04
2.702400000000000000e+04
2.702600000000000000e+04
2.702600000000000000e+04
2.702800000000000000e+04
2.702800000000000000e+04
2.702900000000000000e+04
2.702900000000000000e+04
2.702900000000000000e+04
2.702900000000000000e+04
2.702900000000000000e+04
2.703000000000000000e+04
2.703300000000000000e+04
2.703400000000000000e+04
2.703400000000000000e+04
2.703500000000000000e+04
2.703500000000000000e+04
2.703700000000000000e+04
2.703700000000000000e+04
2.703700000000000000e+04
2.703800000000000000e+04
2.704000000000000000e+04
2.704100000000000000e+04
2.704300000000000000e+04
2.704500000000000000e+04
2.704500000000000000e+04
2.704600000000000000e+04
2.704600000000000000e+04
2.704800000000000000e+04
2.704800000000000000e+04
2.704900000000000000e+04
2.704900000000000000e+04
2.705000000000000000e+04
2.705000000000000000e+04
2.705000000000000000e+04
2.705000000000000000e+04
2.705100000000000000e+04
2.705200000000000000e+04
2.705200000000000000e+04
2.705200000000000000e+04
2.705200000000000000e+04
2.705300000000000000e+04
2.705300000000000000e+04
2.705400000000000000e+04
2.705500000000000000e+04
2.705600000000000000e+04
2.705600000000000000e+04
2.705600000000000000e+04
2.705800000000000000e+04
2.705800000000000000e+04
2.706000000000000000e+04
2.706000000000000000e+04
2.706100000000000000e+04
2.706400000000000000e+04
2.706500000000000000e+04
2.706500000000000000e+04
2.706500000000000000e+04
2.706600000000000000e+04
2.706700000000000000e+04
2.706900000000000000e+04
2.706900000000000000e+04
2.707000000000000000e+04
2.707000000000000000e+04
2.707000000000000000e+04
2.707100000000000000e+04
2.707100000000000000e+04
2.707200000000000000e+04
2.707400000000000000e+04
2.707400000000000000e+04
2.707400000000000000e+04
2.707500000000000000e+04
2.707600000000000000e+04
2.707600000000000000e+04
2.707700000000000000e+04
2.707800000000000000e+04
2.707800000000000000e+04
2.707900000000000000e+04
2.708000000000000000e+04
2.708200000000000000e+04
2.708300000000000000e+04
2.708300000000000000e+04
2.708300000000000000e+04
2.708400000000000000e+04
2.708400000000000000e+04
2.708600000000000000e+04
2.709000000000000000e+04
2.709000000000000000e+04
2.709200000000000000e+04
2.709300000000000000e+04
2.709400000000000000e+04
2.709400000000000000e+04
2.709500000000000000e+04
2.709500000000000000e+04
2.709600000000000000e+04
2.709700000000000000e+04
2.709900000000000000e+04
2.709900000000000000e+04
2.710100000000000000e+04
2.710200000000000000e+04
2.710400000000000000e+04
2.710400000000000000e+04
2.710500000000000000e+04
2.710600000000000000e+04
2.710600000000000000e+04
2.710600000000000000e+04
2.710800000000000000e+04
2.710800000000000000e+04
2.710900000000000000e+04
2.711100000000000000e+04
2.711300000000000000e+04
2.711300000000000000e+04
2.711400000000000000e+04
2.711400000000000000e+04
2.711500000000000000e+04
2.711500000000000000e+04
2.711600000000000000e+04
2.711600000000000000e+04
2.711600000000000000e+04
2.711700000000000000e+04
2.711900000000000000e+04
2.712000000000000000e+04
2.712000000000000000e+04
2.712100000000000000e+04
2.712100000000000000e+04
2.712200000000000000e+04
2.712400000000000000e+04
2.712400000000000000e+04
2.712500000000000000e+04
2.712700000000000000e+04
2.712700000000000000e+04
2.712700000000000000e+04
2.712900000000000000e+04
2.712900000000000000e+04
2.713000000000000000e+04
2.713200000000000000e+04
2.713300000000000000e+04
2.713500000000000000e+04
2.713500000000000000e+04
2.713500000000000000e+04
2.713600000000000000e+04
2.713700000000000000e+04
2.713700000000000000e+04
2.713800000000000000e+04
2.713800000000000000e+04
2.714000000000000000e+04
2.714300000000000000e+04
2.714400000000000000e+04
2.714500000000000000e+04
2.714600000000000000e+04
2.714900000000000000e+04
2.715000000000000000e+04
2.715000000000000000e+04
2.715200000000000000e+04
2.715200000000000000e+04
2.715300000000000000e+04
2.715400000000000000e+04
2.715400000000000000e+04
2.715500000000000000e+04
2.715500000000000000e+04
2.715600000000000000e+04
2.715700000000000000e+04
2.715700000000000000e+04
2.715800000000000000e+04
2.716000000000000000e+04
2.716100000000000000e+04
2.716200000000000000e+04
2.716300000000000000e+04
2.716300000000000000e+04
2.716500000000000000e+04
2.716600000000000000e+04
2.716600000000000000e+04
2.716700000000000000e+04
2.716800000000000000e+04
2.716800000000000000e+04
2.716900000000000000e+04
2.716900000000000000e+04
2.716900000000000000e+04
2.716900000000000000e+04
2.716900000000000000e+04
2.717200000000000000e+04
2.717200000000000000e+04
2.717300000000000000e+04
2.717600000000000000e+04
2.717700000000000000e+04
2.717700000000000000e+04
2.717700000000000000e+04
2.717800000000000000e+04
2.717900000000000000e+04
2.718000000000000000e+04
2.718100000000000000e+04
2.718200000000000000e+04
2.718200000000000000e+04
2.718200000000000000e+04
2.718200000000000000e+04
2.718400000000000000e+04
2.718500000000000000e+04
2.718500000000000000e+04
2.718700000000000000e+04
2.718900000000000000e+04
2.718900000000000000e+04
2.719200000000000000e+04
2.719400000000000000e+04
2.719400000000000000e+04
2.719500000000000000e+04
2.719600000000000000e+04
2.719700000000000000e+04
2.719800000000000000e+04
2.719900000000000000e+04
2.720000000000000000e+04
2.720100000000000000e+04
2.720200000000000000e+04
2.720400000000000000e+04
2.720700000000000000e+04
2.720800000000000000e+04
2.720900000000000000e+04
2.721100000000000000e+04
2.721200000000000000e+04
2.721400000000000000e+04
2.721500000000000000e+04
2.721500000000000000e+04
2.721600000000000000e+04
2.721700000000000000e+04
2.721700000000000000e+04
2.721700000000000000e+04
2.721700000000000000e+04
2.721800000000000000e+04
2.721900000000000000e+04
2.721900000000000000e+04
2.721900000000000000e+04
2.722000000000000000e+04
2.722100000000000000e+04
2.722100000000000000e+04
2.722200000000000000e+04
2.722200000000000000e+04
2.722200000000000000e+04
2.722300000000000000e+04
2.722500000000000000e+04
2.722500000000000000e+04
2.722600000000000000e+04
2.722600000000000000e+04
2.722600000000000000e+04
2.722600000000000000e+04
2.722600000000000000e+04
2.722700000000000000e+04
2.722800000000000000e+04
2.723100000000000000e+04
2.723100000000000000e+04
2.723200000000000000e+04
2.723300000000000000e+04
2.723500000000000000e+04
2.723500000000000000e+04
2.723600000000000000e+04
2.723700000000000000e+04
2.723700000000000000e+04
2.723800000000000000e+04
2.723800000000000000e+04
2.723800000000000000e+04
2.723900000000000000e+04
2.723900000000000000e+04
2.724000000000000000e+04
2.724000000000000000e+04
2.724000000000000000e+04
2.724000000000000000e+04
2.724100000000000000e+04
2.724100000000000000e+04
2.724100000000000000e+04
2.724300000000000000e+04
2.724600000000000000e+04
2.724600000000000000e+04
2.724600000000000000e+04
2.724900000000000000e+04
2.724900000000000000e+04
2.725000000000000000e+04
2.725100000000000000e+04
2.725200000000000000e+04
2.725200000000000000e+04
2.725200000000000000e+04
2.725300000000000000e+04
2.725300000000000000e+04
2.725400000000000000e+04
2.725500000000000000e+04
2.725500000000000000e+04
2.725500000000000000e+04
2.725600000000000000e+04
2.725700000000000000e+04
2.725900000000000000e+04
2.725900000000000000e+04
2.726200000000000000e+04
2.726300000000000000e+04
2.726300000000000000e+04
2.726400000000000000e+04
2.726400000000000000e+04
2.726400000000000000e+04
2.726500000000000000e+04
2.726500000000000000e+04
2.726500000000000000e+04
2.726700000000000000e+04
2.726700000000000000e+04
2.726800000000000000e+04
2.726900000000000000e+04
2.727000000000000000e+04
2.727100000000000000e+04
2.727100000000000000e+04
2.727200000000000000e+04
2.727300000000000000e+04
2.727300000000000000e+04
2.727300000000000000e+04
2.727400000000000000e+04
2.727500000000000000e+04
2.727500000000000000e+04
2.727500000000000000e+04
2.727600000000000000e+04
2.727600000000000000e+04
2.727600000000000000e+04
2.727700000000000000e+04
2.727700000000000000e+04
2.727800000000000000e+04
2.727800000000000000e+04
2.727900000000000000e+04
2.727900000000000000e+04
2.727900000000000000e+04
2.728200000000000000e+04
2.728200000000000000e+04
2.728300000000000000e+04
2.728300000000000000e+04
2.728400000000000000e+04
2.728400000000000000e+04
2.728400000000000000e+04
2.728500000000000000e+04
2.728600000000000000e+04
2.728600000000000000e+04
2.728700000000000000e+04
2.728900000000000000e+04
2.728900000000000000e+04
2.729000000000000000e+04
2.729200000000000000e+04
2.729200000000000000e+04
2.729200000000000000e+04
2.729200000000000000e+04
2.729200000000000000e+04
2.729300000000000000e+04
2.729300000000000000e+04
2.729400000000000000e+04
2.729500000000000000e+04
2.729500000000000000e+04
2.729500000000000000e+04
2.729500000000000000e+04
2.729600000000000000e+04
2.729600000000000000e+04
2.729800000000000000e+04
2.729900000000000000e+04
2.730000000000000000e+04
2.730100000000000000e+04
2.730100000000000000e+04
2.730200000000000000e+04
2.730300000000000000e+04
2.730400000000000000e+04
2.730400000000000000e+04
2.730500000000000000e+04
2.730500000000000000e+04
2.730700000000000000e+04
2.730700000000000000e+04
2.730800000000000000e+04
2.730900000000000000e+04
2.731100000000000000e+04
2.731100000000000000e+04
2.731100000000000000e+04
2.731200000000000000e+04
2.731300000000000000e+04
2.731400000000000000e+04
2.731400000000000000e+04
2.731400000000000000e+04
2.731500000000000000e+04
2.731500000000000000e+04
2.731600000000000000e+04
2.731600000000000000e+04
2.731600000000000000e+04
2.731800000000000000e+04
2.731800000000000000e+04
2.732100000000000000e+04
2.732200000000000000e+04
2.732400000000000000e+04
2.732500000000000000e+04
2.732500000000000000e+04
2.732600000000000000e+04
2.732800000000000000e+04
2.732900000000000000e+04
2.732900000000000000e+04
2.732900000000000000e+04
2.733000000000000000e+04
2.733100000000000000e+04
2.733100000000000000e+04
2.733300000000000000e+04
2.733300000000000000e+04
2.733300000000000000e+04
2.733300000000000000e+04
2.733500000000000000e+04
2.733500000000000000e+04
2.733600000000000000e+04
2.733800000000000000e+04
2.733800000000000000e+04
2.733900000000000000e+04
2.733900000000000000e+04
2.734100000000000000e+04
2.734100000000000000e+04
2.734300000000000000e+04
2.734300000000000000e+04
2.734300000000000000e+04
2.734400000000000000e+04
2.734400000000000000e+04
2.734400000000000000e+04
2.734500000000000000e+04
2.734500000000000000e+04
2.734700000000000000e+04
2.734700000000000000e+04
2.734900000000000000e+04
2.735000000000000000e+04
2.735100000000000000e+04
2.735100000000000000e+04
2.735200000000000000e+04
2.735300000000000000e+04
2.735400000000000000e+04
2.735600000000000000e+04
2.735700000000000000e+04
2.735700000000000000e+04
2.735800000000000000e+04
2.735800000000000000e+04
2.735900000000000000e+04
2.736100000000000000e+04
2.736400000000000000e+04
2.736600000000000000e+04
2.736600000000000000e+04
2.736800000000000000e+04
2.736800000000000000e+04
2.736900000000000000e+04
2.737000000000000000e+04
2.737000000000000000e+04
2.737200000000000000e+04
2.737200000000000000e+04
2.737200000000000000e+04
2.737300000000000000e+04
2.737300000000000000e+04
2.737400000000000000e+04
2.737400000000000000e+04
2.737500000000000000e+04
2.737600000000000000e+04
2.737600000000000000e+04
2.737700000000000000e+04
2.737700000000000000e+04
2.737800000000000000e+04
2.737800000000000000e+04
2.737900000000000000e+04
2.737900000000000000e+04
2.738000000000000000e+04
2.738000000000000000e+04
2.738100000000000000e+04
2.738100000000000000e+04
2.738200000000000000e+04
2.738200000000000000e+04
2.738300000000000000e+04
2.738300000000000000e+04
2.738600000000000000e+04
2.738600000000000000e+04
2.738600000000000000e+04
2.738700000000000000e+04
2.738900000000000000e+04
2.739000000000000000e+04
2.739000000000000000e+04
2.739000000000000000e+04
2.739100000000000000e+04
2.739200000000000000e+04
2.739200000000000000e+04
2.739300000000000000e+04
2.739300000000000000e+04
2.739500000000000000e+04
2.739500000000000000e+04
2.739600000000000000e+04
2.739700000000000000e+04
2.740000000000000000e+04
2.740100000000000000e+04
2.740200000000000000e+04
2.740200000000000000e+04
2.740200000000000000e+04
2.740300000000000000e+04
2.740300000000000000e+04
2.740300000000000000e+04
2.740600000000000000e+04
2.740700000000000000e+04
2.740800000000000000e+04
2.740900000000000000e+04
2.741000000000000000e+04
2.741100000000000000e+04
2.741100000000000000e+04
2.741300000000000000e+04
2.741400000000000000e+04
2.741500000000000000e+04
2.741500000000000000e+04
2.741600000000000000e+04
2.741600000000000000e+04
2.741700000000000000e+04
2.741700000000000000e+04
2.741700000000000000e+04
2.741700000000000000e+04
2.741800000000000000e+04
2.741800000000000000e+04
2.741800000000000000e+04
2.741900000000000000e+04
2.742000000000000000e+04
2.742000000000000000e+04
2.742200000000000000e+04
2.742200000000000000e+04
2.742200000000000000e+04
2.742300000000000000e+04
2.742400000000000000e+04
2.742400000000000000e+04
2.742400000000000000e+04
2.742500000000000000e+04
2.742600000000000000e+04
2.743100000000000000e+04
2.743100000000000000e+04
2.743200000000000000e+04
2.743300000000000000e+04
2.743300000000000000e+04
2.743400000000000000e+04
2.743400000000000000e+04
2.743500000000000000e+04
2.743500000000000000e+04
2.743600000000000000e+04
2.743600000000000000e+04
2.743800000000000000e+04
2.743800000000000000e+04
2.743900000000000000e+04
2.744000000000000000e+04
2.744000000000000000e+04
2.744100000000000000e+04
2.744100000000000000e+04
2.744100000000000000e+04
2.744100000000000000e+04
2.744100000000000000e+04
2.744200000000000000e+04
2.744300000000000000e+04
2.744400000000000000e+04
2.744400000000000000e+04
2.744500000000000000e+04
2.744500000000000000e+04
2.744700000000000000e+04
2.744700000000000000e+04
2.744800000000000000e+04
2.744900000000000000e+04
2.744900000000000000e+04
2.745000000000000000e+04
2.745000000000000000e+04
2.745100000000000000e+04
2.745200000000000000e+04
2.745300000000000000e+04
2.745300000000000000e+04
2.745400000000000000e+04
2.745400000000000000e+04
2.745600000000000000e+04
2.745600000000000000e+04
2.745700000000000000e+04
2.745900000000000000e+04
2.746100000000000000e+04
2.746300000000000000e+04
2.746300000000000000e+04
2.746300000000000000e+04
2.746400000000000000e+04
2.746600000000000000e+04
2.746700000000000000e+04
2.746800000000000000e+04
2.746800000000000000e+04
2.746800000000000000e+04
2.746900000000000000e+04
2.746900000000000000e+04
2.747200000000000000e+04
2.747600000000000000e+04
2.747600000000000000e+04
2.747600000000000000e+04
2.747800000000000000e+04
2.747900000000000000e+04
2.747900000000000000e+04
2.747900000000000000e+04
2.748000000000000000e+04
2.748000000000000000e+04
2.748000000000000000e+04
2.748300000000000000e+04
2.748400000000000000e+04
2.748600000000000000e+04
2.748700000000000000e+04
2.749100000000000000e+04
2.749200000000000000e+04
2.749300000000000000e+04
2.749600000000000000e+04
2.749600000000000000e+04
2.749700000000000000e+04
2.749700000000000000e+04
2.749700000000000000e+04
2.749800000000000000e+04
2.749800000000000000e+04
2.749900000000000000e+04
2.750000000000000000e+04
2.750100000000000000e+04
2.750300000000000000e+04
2.750300000000000000e+04
2.750600000000000000e+04
2.750700000000000000e+04
2.750700000000000000e+04
2.750800000000000000e+04
2.750800000000000000e+04
2.751000000000000000e+04
2.751000000000000000e+04
2.751200000000000000e+04
2.751300000000000000e+04
2.751400000000000000e+04
2.751500000000000000e+04
2.751500000000000000e+04
2.751600000000000000e+04
2.751600000000000000e+04
2.751800000000000000e+04
2.751800000000000000e+04
2.751900000000000000e+04
2.751900000000000000e+04
2.752000000000000000e+04
2.752200000000000000e+04
2.752200000000000000e+04
2.752300000000000000e+04
2.752400000000000000e+04
2.752500000000000000e+04
2.752500000000000000e+04
2.752500000000000000e+04
2.752500000000000000e+04
2.752500000000000000e+04
2.752700000000000000e+04
2.752700000000000000e+04
2.752900000000000000e+04
2.752900000000000000e+04
2.752900000000000000e+04
2.753000000000000000e+04
2.753000000000000000e+04
2.753000000000000000e+04
2.753000000000000000e+04
2.753100000000000000e+04
2.753100000000000000e+04
2.753300000000000000e+04
2.753400000000000000e+04
2.753500000000000000e+04
2.753800000000000000e+04
2.753800000000000000e+04
2.753900000000000000e+04
2.753900000000000000e+04
2.753900000000000000e+04
2.754200000000000000e+04
2.754300000000000000e+04
2.754400000000000000e+04
2.754400000000000000e+04
2.754500000000000000e+04
2.754500000000000000e+04
2.754700000000000000e+04
2.754700000000000000e+04
2.754700000000000000e+04
2.754800000000000000e+04
2.754800000000000000e+04
2.754900000000000000e+04
2.754900000000000000e+04
2.755100000000000000e+04
2.755100000000000000e+04
2.755100000000000000e+04
2.755300000000000000e+04
2.755300000000000000e+04
2.755300000000000000e+04
2.755300000000000000e+04
2.755400000000000000e+04
2.755400000000000000e+04
2.755400000000000000e+04
2.755500000000000000e+04
2.755800000000000000e+04
2.756000000000000000e+04
2.756100000000000000e+04
2.756100000000000000e+04
2.756100000000000000e+04
2.756100000000000000e+04
2.756500000000000000e+04
2.756500000000000000e+04
2.756700000000000000e+04
2.756700000000000000e+04
2.756900000000000000e+04
2.757000000000000000e+04
2.757000000000000000e+04
2.757000000000000000e+04
2.757200000000000000e+04
2.757300000000000000e+04
2.757500000000000000e+04
2.757500000000000000e+04
2.757600000000000000e+04
2.757600000000000000e+04
2.757700000000000000e+04
2.757800000000000000e+04
2.757800000000000000e+04
2.757900000000000000e+04
2.758100000000000000e+04
2.758100000000000000e+04
2.758200000000000000e+04
2.758300000000000000e+04
2.758400000000000000e+04
2.758400000000000000e+04
2.758500000000000000e+04
2.758500000000000000e+04
2.758600000000000000e+04
2.758700000000000000e+04
2.758800000000000000e+04
2.758800000000000000e+04
2.758900000000000000e+04
2.759000000000000000e+04
2.759100000000000000e+04
2.759200000000000000e+04
2.759200000000000000e+04
2.759200000000000000e+04
2.759200000000000000e+04
2.759200000000000000e+04
2.759300000000000000e+04
2.759500000000000000e+04
2.759500000000000000e+04
2.759600000000000000e+04
2.759600000000000000e+04
2.759600000000000000e+04
2.759700000000000000e+04
2.759800000000000000e+04
2.759800000000000000e+04
2.759800000000000000e+04
2.759800000000000000e+04
2.759800000000000000e+04
2.759900000000000000e+04
2.760000000000000000e+04
2.760100000000000000e+04
2.760100000000000000e+04
2.760200000000000000e+04
2.760300000000000000e+04
2.760700000000000000e+04
2.760700000000000000e+04
2.760800000000000000e+04
2.760900000000000000e+04
2.761000000000000000e+04
2.761000000000000000e+04
2.761100000000000000e+04
2.761100000000000000e+04
2.761200000000000000e+04
2.761300000000000000e+04
2.761500000000000000e+04
2.761500000000000000e+04
2.761500000000000000e+04
2.761800000000000000e+04
2.762000000000000000e+04
2.762000000000000000e+04
2.762100000000000000e+04
2.762100000000000000e+04
2.762100000000000000e+04
2.762200000000000000e+04
2.762200000000000000e+04
2.762200000000000000e+04
2.762300000000000000e+04
2.762400000000000000e+04
2.762500000000000000e+04
2.762600000000000000e+04
2.762600000000000000e+04
2.762700000000000000e+04
2.762800000000000000e+04
2.762800000000000000e+04
2.762800000000000000e+04
2.762900000000000000e+04
2.762900000000000000e+04
2.763000000000000000e+04
2.763000000000000000e+04
2.763000000000000000e+04
2.763600000000000000e+04
2.763800000000000000e+04
2.763800000000000000e+04
2.764000000000000000e+04
2.764000000000000000e+04
2.764000000000000000e+04
2.764300000000000000e+04
2.764300000000000000e+04
2.764500000000000000e+04
2.764500000000000000e+04
2.764500000000000000e+04
2.764500000000000000e+04
2.764600000000000000e+04
2.764600000000000000e+04
2.764600000000000000e+04
2.764700000000000000e+04
2.764800000000000000e+04
2.764800000000000000e+04
2.764800000000000000e+04
2.765000000000000000e+04
2.765100000000000000e+04
2.765200000000000000e+04
2.765300000000000000e+04
2.765300000000000000e+04
2.765500000000000000e+04
2.765500000000000000e+04
2.765500000000000000e+04
2.765600000000000000e+04
2.765700000000000000e+04
2.765900000000000000e+04
2.766000000000000000e+04
2.766100000000000000e+04
2.766100000000000000e+04
2.766100000000000000e+04
2.766100000000000000e+04
2.766100000000000000e+04
2.766200000000000000e+04
2.766300000000000000e+04
2.766400000000000000e+04
2.766500000000000000e+04
2.766700000000000000e+04
2.766800000000000000e+04
2.766800000000000000e+04
2.766800000000000000e+04
2.766900000000000000e+04
2.766900000000000000e+04
2.767000000000000000e+04
2.767000000000000000e+04
2.767100000000000000e+04
2.767100000000000000e+04
2.767100000000000000e+04
2.767200000000000000e+04
2.767200000000000000e+04
2.767200000000000000e+04
2.767300000000000000e+04
2.767300000000000000e+04
2.767400000000000000e+04
2.767600000000000000e+04
2.767600000000000000e+04
2.767700000000000000e+04
2.767800000000000000e+04
2.767900000000000000e+04
2.767900000000000000e+04
2.768000000000000000e+04
2.768200000000000000e+04
2.768300000000000000e+04
2.768400000000000000e+04
2.768500000000000000e+04
2.768500000000000000e+04
2.768600000000000000e+04
2.768700000000000000e+04
2.768700000000000000e+04
2.768900000000000000e+04
2.769000000000000000e+04
2.769100000000000000e+04
2.769100000000000000e+04
2.769100000000000000e+04
2.769200000000000000e+04
2.769300000000000000e+04
2.769300000000000000e+04
2.769300000000000000e+04
2.769500000000000000e+04
2.769600000000000000e+04
2.769600000000000000e+04
2.769600000000000000e+04
2.769800000000000000e+04
2.769800000000000000e+04
2.769900000000000000e+04
2.769900000000000000e+04
2.769900000000000000e+04
2.770000000000000000e+04
2.770000000000000000e+04
2.770000000000000000e+04
2.770100000000000000e+04
2.770100000000000000e+04
2.770200000000000000e+04
2.770300000000000000e+04
2.770300000000000000e+04
2.770300000000000000e+04
2.770400000000000000e+04
2.770700000000000000e+04
2.770700000000000000e+04
2.770700000000000000e+04
2.771000000000000000e+04
2.771100000000000000e+04
2.771200000000000000e+04
2.771200000000000000e+04
2.771200000000000000e+04
2.771200000000000000e+04
2.771300000000000000e+04
2.771300000000000000e+04
2.771400000000000000e+04
2.771400000000000000e+04
2.771500000000000000e+04
2.771500000000000000e+04
2.771800000000000000e+04
2.771800000000000000e+04
2.772000000000000000e+04
2.772200000000000000e+04
2.772400000000000000e+04
2.772700000000000000e+04
2.772700000000000000e+04
2.772800000000000000e+04
2.772800000000000000e+04
2.772800000000000000e+04
2.772900000000000000e+04
2.772900000000000000e+04
2.772900000000000000e+04
2.772900000000000000e+04
2.773100000000000000e+04
2.773100000000000000e+04
2.773100000000000000e+04
2.773200000000000000e+04
2.773400000000000000e+04
2.773500000000000000e+04
2.773600000000000000e+04
2.773600000000000000e+04
2.773800000000000000e+04
2.773900000000000000e+04
2.774100000000000000e+04
2.774100000000000000e+04
2.774200000000000000e+04
2.774400000000000000e+04
2.774600000000000000e+04
2.774600000000000000e+04
2.774800000000000000e+04
2.775100000000000000e+04
2.775200000000000000e+04
2.775500000000000000e+04
2.775800000000000000e+04
2.775800000000000000e+04
2.775900000000000000e+04
2.775900000000000000e+04
2.776000000000000000e+04
2.776000000000000000e+04
2.776100000000000000e+04
2.776100000000000000e+04
2.776200000000000000e+04
2.776200000000000000e+04
2.776200000000000000e+04
2.776300000000000000e+04
2.776400000000000000e+04
2.776400000000000000e+04
2.776600000000000000e+04
2.776700000000000000e+04
2.776700000000000000e+04
2.776700000000000000e+04
2.776800000000000000e+04
2.776800000000000000e+04
2.776900000000000000e+04
2.776900000000000000e+04
2.776900000000000000e+04
2.777000000000000000e+04
2.777300000000000000e+04
2.777300000000000000e+04
2.777400000000000000e+04
2.777400000000000000e+04
2.777600000000000000e+04
2.777700000000000000e+04
2.777700000000000000e+04
2.777800000000000000e+04
2.777900000000000000e+04
2.777900000000000000e+04
2.778100000000000000e+04
2.778200000000000000e+04
2.778300000000000000e+04
2.778300000000000000e+04
2.778400000000000000e+04
2.778400000000000000e+04
2.778400000000000000e+04
2.778500000000000000e+04
2.778500000000000000e+04
2.778600000000000000e+04
2.778700000000000000e+04
2.778800000000000000e+04
2.778800000000000000e+04
2.779100000000000000e+04
2.779100000000000000e+04
2.779100000000000000e+04
2.779200000000000000e+04
2.779300000000000000e+04
2.779700000000000000e+04
2.779700000000000000e+04
2.779700000000000000e+04
2.780000000000000000e+04
2.780000000000000000e+04
2.780100000000000000e+04
2.780100000000000000e+04
2.780200000000000000e+04
2.780400000000000000e+04
2.780400000000000000e+04
2.780400000000000000e+04
2.780500000000000000e+04
2.780700000000000000e+04
2.780800000000000000e+04
2.780800000000000000e+04
2.780900000000000000e+04
2.781000000000000000e+04
2.781200000000000000e+04
2.781500000000000000e+04
2.781600000000000000e+04
2.781700000000000000e+04
2.781700000000000000e+04
2.781700000000000000e+04
2.781700000000000000e+04
2.781700000000000000e+04
2.781800000000000000e+04
2.781800000000000000e+04
2.781900000000000000e+04
2.781900000000000000e+04
2.782100000000000000e+04
2.782200000000000000e+04
2.782200000000000000e+04
2.782300000000000000e+04
2.782300000000000000e+04
2.782400000000000000e+04
2.782500000000000000e+04
2.782700000000000000e+04
2.783000000000000000e+04
2.783100000000000000e+04
2.783100000000000000e+04
2.783100000000000000e+04
2.783200000000000000e+04
2.783200000000000000e+04
2.783200000000000000e+04
2.783200000000000000e+04
2.783500000000000000e+04
2.783600000000000000e+04
2.783600000000000000e+04
2.783700000000000000e+04
2.784000000000000000e+04
2.784300000000000000e+04
2.784500000000000000e+04
2.784600000000000000e+04
2.784600000000000000e+04
2.784600000000000000e+04
2.784600000000000000e+04
2.784700000000000000e+04
2.784700000000000000e+04
2.784700000000000000e+04
2.784700000000000000e+04
2.784800000000000000e+04
2.784800000000000000e+04
2.784900000000000000e+04
2.785000000000000000e+04
2.785100000000000000e+04
2.785100000000000000e+04
2.785200000000000000e+04
2.785300000000000000e+04
2.785300000000000000e+04
2.785400000000000000e+04
2.785600000000000000e+04
2.785800000000000000e+04
2.785800000000000000e+04
2.785900000000000000e+04
2.786000000000000000e+04
2.786100000000000000e+04
2.786300000000000000e+04
2.786300000000000000e+04
2.786300000000000000e+04
2.786500000000000000e+04
2.786500000000000000e+04
2.786600000000000000e+04
2.786700000000000000e+04
2.786700000000000000e+04
2.786800000000000000e+04
2.786800000000000000e+04
2.787000000000000000e+04
2.787000000000000000e+04
2.787000000000000000e+04
2.787000000000000000e+04
2.787100000000000000e+04
2.787200000000000000e+04
2.787200000000000000e+04
2.787200000000000000e+04
2.787200000000000000e+04
2.787300000000000000e+04
2.787300000000000000e+04
2.787500000000000000e+04
2.787500000000000000e+04
2.787800000000000000e+04
2.788100000000000000e+04
2.788200000000000000e+04
2.788300000000000000e+04
2.788400000000000000e+04
2.788400000000000000e+04
2.788700000000000000e+04
2.788900000000000000e+04
2.788900000000000000e+04
2.788900000000000000e+04
2.789000000000000000e+04
2.789100000000000000e+04
2.789100000000000000e+04
2.789200000000000000e+04
2.789300000000000000e+04
2.789300000000000000e+04
2.789300000000000000e+04
2.789300000000000000e+04
2.789300000000000000e+04
2.789400000000000000e+04
2.789400000000000000e+04
2.789400000000000000e+04
2.789500000000000000e+04
2.789500000000000000e+04
2.789700000000000000e+04
2.789700000000000000e+04
2.789700000000000000e+04
2.789700000000000000e+04
2.789800000000000000e+04
2.789900000000000000e+04
2.790000000000000000e+04
2.790000000000000000e+04
2.790000000000000000e+04
2.790000000000000000e+04
2.790100000000000000e+04
2.790100000000000000e+04
2.790200000000000000e+04
2.790500000000000000e+04
2.790500000000000000e+04
2.790500000000000000e+04
2.790600000000000000e+04
2.790600000000000000e+04
2.790600000000000000e+04
2.790700000000000000e+04
2.790800000000000000e+04
2.790800000000000000e+04
2.790900000000000000e+04
2.790900000000000000e+04
2.791000000000000000e+04
2.791000000000000000e+04
2.791000000000000000e+04
2.791100000000000000e+04
2.791100000000000000e+04
2.791100000000000000e+04
2.791200000000000000e+04
2.791200000000000000e+04
2.791200000000000000e+04
2.791200000000000000e+04
2.791400000000000000e+04
2.791500000000000000e+04
2.791500000000000000e+04
2.791500000000000000e+04
2.791500000000000000e+04
2.791700000000000000e+04
2.791700000000000000e+04
2.791800000000000000e+04
2.791800000000000000e+04
2.791800000000000000e+04
2.791900000000000000e+04
2.792000000000000000e+04
2.792200000000000000e+04
2.792300000000000000e+04
2.792300000000000000e+04
2.792400000000000000e+04
2.792400000000000000e+04
2.792600000000000000e+04
2.792800000000000000e+04
2.792800000000000000e+04
2.792900000000000000e+04
2.793000000000000000e+04
2.793100000000000000e+04
2.793100000000000000e+04
2.793200000000000000e+04
2.793200000000000000e+04
2.793200000000000000e+04
2.793200000000000000e+04
2.793300000000000000e+04
2.793300000000000000e+04
2.793400000000000000e+04
2.793400000000000000e+04
2.793400000000000000e+04
2.793500000000000000e+04
2.793500000000000000e+04
2.793500000000000000e+04
2.793800000000000000e+04
2.793900000000000000e+04
2.794000000000000000e+04
2.794000000000000000e+04
2.794000000000000000e+04
2.794100000000000000e+04
2.794300000000000000e+04
2.794400000000000000e+04
2.794400000000000000e+04
2.794500000000000000e+04
2.794600000000000000e+04
2.794600000000000000e+04
2.794600000000000000e+04
2.794700000000000000e+04
2.794700000000000000e+04
2.794800000000000000e+04
2.794800000000000000e+04
2.795000000000000000e+04
2.795400000000000000e+04
2.795400000000000000e+04
2.795500000000000000e+04
2.795600000000000000e+04
2.795600000000000000e+04
2.795700000000000000e+04
2.795700000000000000e+04
2.795700000000000000e+04
2.795900000000000000e+04
2.796000000000000000e+04
2.796000000000000000e+04
2.796100000000000000e+04
2.796200000000000000e+04
2.796200000000000000e+04
2.796300000000000000e+04
2.796300000000000000e+04
2.796500000000000000e+04
2.796500000000000000e+04
2.796500000000000000e+04
2.796500000000000000e+04
2.796500000000000000e+04
2.796600000000000000e+04
2.796600000000000000e+04
2.796600000000000000e+04
2.796700000000000000e+04
2.796700000000000000e+04
2.796800000000000000e+04
2.796800000000000000e+04
2.796800000000000000e+04
2.796900000000000000e+04
2.796900000000000000e+04
2.797000000000000000e+04
2.797100000000000000e+04
2.797300000000000000e+04
2.797500000000000000e+04
2.797500000000000000e+04
2.797700000000000000e+04
2.797800000000000000e+04
2.797900000000000000e+04
2.797900000000000000e+04
2.798000000000000000e+04
2.798000000000000000e+04
2.798100000000000000e+04
2.798100000000000000e+04
2.798200000000000000e+04
2.798200000000000000e+04
2.798200000000000000e+04
2.798500000000000000e+04
2.798500000000000000e+04
2.798600000000000000e+04
2.798800000000000000e+04
2.798900000000000000e+04
2.799000000000000000e+04
2.799000000000000000e+04
2.799000000000000000e+04
2.799100000000000000e+04
2.799100000000000000e+04
2.799500000000000000e+04
2.799600000000000000e+04
2.799600000000000000e+04
2.799600000000000000e+04
2.799700000000000000e+04
2.799700000000000000e+04
2.799700000000000000e+04
2.799900000000000000e+04
2.800000000000000000e+04
2.800100000000000000e+04
2.800100000000000000e+04
2.800200000000000000e+04
2.800200000000000000e+04
2.800200000000000000e+04
2.800300000000000000e+04
2.800300000000000000e+04
2.800500000000000000e+04
2.800500000000000000e+04
2.800500000000000000e+04
2.800600000000000000e+04
2.800700000000000000e+04
2.800700000000000000e+04
2.800800000000000000e+04
2.800800000000000000e+04
2.800800000000000000e+04
2.801000000000000000e+04
2.801100000000000000e+04
2.801100000000000000e+04
2.801200000000000000e+04
2.801300000000000000e+04
2.801300000000000000e+04
2.801300000000000000e+04
2.801400000000000000e+04
2.801400000000000000e+04
2.801500000000000000e+04
2.801500000000000000e+04
2.801600000000000000e+04
2.801600000000000000e+04
2.801700000000000000e+04
2.801700000000000000e+04
2.801900000000000000e+04
2.801900000000000000e+04
2.802000000000000000e+04
2.802000000000000000e+04
2.802100000000000000e+04
2.802200000000000000e+04
2.802300000000000000e+04
2.802300000000000000e+04
2.802300000000000000e+04
2.802400000000000000e+04
2.802400000000000000e+04
2.802400000000000000e+04
2.802400000000000000e+04
2.802400000000000000e+04
2.802500000000000000e+04
2.802600000000000000e+04
2.802800000000000000e+04
2.802800000000000000e+04
2.802900000000000000e+04
2.803000000000000000e+04
2.803100000000000000e+04
2.803100000000000000e+04
2.803100000000000000e+04
2.803200000000000000e+04
2.803200000000000000e+04
2.803300000000000000e+04
2.803300000000000000e+04
2.803500000000000000e+04
2.803600000000000000e+04
2.803700000000000000e+04
2.803800000000000000e+04
2.803900000000000000e+04
2.803900000000000000e+04
2.803900000000000000e+04
2.804000000000000000e+04
2.804000000000000000e+04
2.804000000000000000e+04
2.804000000000000000e+04
2.804100000000000000e+04
2.804200000000000000e+04
2.804300000000000000e+04
2.804300000000000000e+04
2.804300000000000000e+04
2.804400000000000000e+04
2.804400000000000000e+04
2.804500000000000000e+04
2.804500000000000000e+04
2.804600000000000000e+04
2.804700000000000000e+04
2.804700000000000000e+04
2.804800000000000000e+04
2.804800000000000000e+04
2.804800000000000000e+04
2.804900000000000000e+04
2.804900000000000000e+04
2.805000000000000000e+04
2.805000000000000000e+04
2.805100000000000000e+04
2.805200000000000000e+04
2.805200000000000000e+04
2.805200000000000000e+04
2.805300000000000000e+04
2.805400000000000000e+04
2.805500000000000000e+04
2.805500000000000000e+04
2.805600000000000000e+04
2.805700000000000000e+04
2.805700000000000000e+04
2.805700000000000000e+04
2.805700000000000000e+04
2.805900000000000000e+04
2.805900000000000000e+04
2.805900000000000000e+04
2.805900000000000000e+04
2.806100000000000000e+04
2.806100000000000000e+04
2.806200000000000000e+04
2.806200000000000000e+04
2.806300000000000000e+04
2.806500000000000000e+04
2.806600000000000000e+04
2.806600000000000000e+04
2.806600000000000000e+04
2.806700000000000000e+04
2.806700000000000000e+04
2.806700000000000000e+04
2.806700000000000000e+04
2.806800000000000000e+04
2.806800000000000000e+04
2.806900000000000000e+04
2.807000000000000000e+04
2.807000000000000000e+04
2.807100000000000000e+04
2.807200000000000000e+04
2.807200000000000000e+04
2.807200000000000000e+04
2.807300000000000000e+04
2.807400000000000000e+04
2.807400000000000000e+04
2.807500000000000000e+04
2.807500000000000000e+04
2.807600000000000000e+04
2.807600000000000000e+04
2.807600000000000000e+04
2.807700000000000000e+04
2.807700000000000000e+04
2.807700000000000000e+04
2.807700000000000000e+04
2.807800000000000000e+04
2.807800000000000000e+04
2.807800000000000000e+04
2.807900000000000000e+04
2.808000000000000000e+04
2.808000000000000000e+04
2.808200000000000000e+04
2.808300000000000000e+04
2.808400000000000000e+04
2.808500000000000000e+04
2.808600000000000000e+04
2.808600000000000000e+04
2.808800000000000000e+04
2.808900000000000000e+04
2.808900000000000000e+04
2.809000000000000000e+04
2.809100000000000000e+04
2.809100000000000000e+04
2.809200000000000000e+04
2.809200000000000000e+04
2.809200000000000000e+04
2.809300000000000000e+04
2.809300000000000000e+04
2.809400000000000000e+04
2.809400000000000000e+04
2.809500000000000000e+04
2.809500000000000000e+04
2.809500000000000000e+04
2.809500000000000000e+04
2.809600000000000000e+04
2.809700000000000000e+04
2.809900000000000000e+04
2.810000000000000000e+04
2.810100000000000000e+04
2.810200000000000000e+04
2.810300000000000000e+04
2.810400000000000000e+04
2.810500000000000000e+04
2.810500000000000000e+04
2.810600000000000000e+04
2.810600000000000000e+04
2.810600000000000000e+04
2.810700000000000000e+04
2.810700000000000000e+04
2.810700000000000000e+04
2.810700000000000000e+04
2.810900000000000000e+04
2.810900000000000000e+04
2.810900000000000000e+04
2.811000000000000000e+04
2.811000000000000000e+04
2.811000000000000000e+04
2.811100000000000000e+04
2.811100000000000000e+04
2.811400000000000000e+04
2.811500000000000000e+04
2.811500000000000000e+04
2.811600000000000000e+04
2.811600000000000000e+04
2.811600000000000000e+04
2.811700000000000000e+04
2.811700000000000000e+04
2.811700000000000000e+04
2.811800000000000000e+04
2.811900000000000000e+04
2.812100000000000000e+04
2.812100000000000000e+04
2.812100000000000000e+04
2.812100000000000000e+04
2.812200000000000000e+04
2.812200000000000000e+04
2.812200000000000000e+04
2.812300000000000000e+04
2.812300000000000000e+04
2.812400000000000000e+04
2.812400000000000000e+04
2.812400000000000000e+04
2.812400000000000000e+04
2.812500000000000000e+04
2.812500000000000000e+04
2.812500000000000000e+04
2.812500000000000000e+04
2.812600000000000000e+04
2.812600000000000000e+04
2.812700000000000000e+04
2.812700000000000000e+04
2.812700000000000000e+04
2.812800000000000000e+04
2.812900000000000000e+04
2.813000000000000000e+04
2.813100000000000000e+04
2.813300000000000000e+04
2.813300000000000000e+04
2.813400000000000000e+04
2.813500000000000000e+04
2.813500000000000000e+04
2.813600000000000000e+04
2.813600000000000000e+04
2.813600000000000000e+04
2.813600000000000000e+04
2.813800000000000000e+04
2.813800000000000000e+04
2.813900000000000000e+04
2.814000000000000000e+04
2.814000000000000000e+04
2.814100000000000000e+04
2.814200000000000000e+04
2.814200000000000000e+04
2.814300000000000000e+04
2.814300000000000000e+04
2.814400000000000000e+04
2.814400000000000000e+04
2.814400000000000000e+04
2.814600000000000000e+04
2.814600000000000000e+04
2.814600000000000000e+04
2.814700000000000000e+04
2.814700000000000000e+04
2.814800000000000000e+04
2.814800000000000000e+04
2.814900000000000000e+04
2.814900000000000000e+04
2.814900000000000000e+04
2.814900000000000000e+04
2.815000000000000000e+04
2.815100000000000000e+04
2.815100000000000000e+04
2.815200000000000000e+04
2.815300000000000000e+04
2.815300000000000000e+04
2.815300000000000000e+04
2.815400000000000000e+04
2.815500000000000000e+04
2.815600000000000000e+04
2.815700000000000000e+04
2.815900000000000000e+04
2.815900000000000000e+04
2.815900000000000000e+04
2.816100000000000000e+04
2.816100000000000000e+04
2.816100000000000000e+04
2.816200000000000000e+04
2.816300000000000000e+04
2.816400000000000000e+04
2.816400000000000000e+04
2.816500000000000000e+04
2.816600000000000000e+04
2.816600000000000000e+04
2.816800000000000000e+04
2.816900000000000000e+04
2.816900000000000000e+04
2.816900000000000000e+04
2.817100000000000000e+04
2.817200000000000000e+04
2.817300000000000000e+04
2.817300000000000000e+04
2.817300000000000000e+04
2.817500000000000000e+04
2.817500000000000000e+04
2.817500000000000000e+04
2.817600000000000000e+04
2.817600000000000000e+04
2.817700000000000000e+04
2.817800000000000000e+04
2.817800000000000000e+04
2.817900000000000000e+04
2.817900000000000000e+04
2.818100000000000000e+04
2.818200000000000000e+04
2.818300000000000000e+04
2.818400000000000000e+04
2.818400000000000000e+04
2.818400000000000000e+04
2.818500000000000000e+04
2.818600000000000000e+04
2.818800000000000000e+04
2.818800000000000000e+04
2.818800000000000000e+04
2.818900000000000000e+04
2.819000000000000000e+04
2.819200000000000000e+04
2.819300000000000000e+04
2.819400000000000000e+04
2.819400000000000000e+04
2.819500000000000000e+04
2.819500000000000000e+04
2.819600000000000000e+04
2.819600000000000000e+04
2.819700000000000000e+04
2.819700000000000000e+04
2.819800000000000000e+04
2.819900000000000000e+04
2.819900000000000000e+04
2.819900000000000000e+04
2.819900000000000000e+04
2.819900000000000000e+04
2.820000000000000000e+04
2.820200000000000000e+04
2.820200000000000000e+04
2.820300000000000000e+04
2.820300000000000000e+04
2.820300000000000000e+04
2.820400000000000000e+04
2.820400000000000000e+04
2.820500000000000000e+04
2.820600000000000000e+04
2.820600000000000000e+04
2.820700000000000000e+04
2.820800000000000000e+04
2.820900000000000000e+04
2.821100000000000000e+04
2.821200000000000000e+04
2.821200000000000000e+04
2.821500000000000000e+04
2.821500000000000000e+04
2.821500000000000000e+04
2.821500000000000000e+04
2.821700000000000000e+04
2.821700000000000000e+04
2.821700000000000000e+04
2.821900000000000000e+04
2.821900000000000000e+04
2.822000000000000000e+04
2.822000000000000000e+04
2.822000000000000000e+04
2.822000000000000000e+04
2.822000000000000000e+04
2.822300000000000000e+04
2.822300000000000000e+04
2.822500000000000000e+04
2.822600000000000000e+04
2.822600000000000000e+04
2.822700000000000000e+04
2.822700000000000000e+04
2.822800000000000000e+04
2.822900000000000000e+04
2.823000000000000000e+04
2.823100000000000000e+04
2.823300000000000000e+04
2.823500000000000000e+04
2.823500000000000000e+04
2.823500000000000000e+04
2.823600000000000000e+04
2.823600000000000000e+04
2.823600000000000000e+04
2.823700000000000000e+04
2.823800000000000000e+04
2.823800000000000000e+04
2.823900000000000000e+04
2.823900000000000000e+04
2.824100000000000000e+04
2.824100000000000000e+04
2.824100000000000000e+04
2.824100000000000000e+04
2.824100000000000000e+04
2.824100000000000000e+04
2.824100000000000000e+04
2.824200000000000000e+04
2.824300000000000000e+04
2.824500000000000000e+04
2.824500000000000000e+04
2.824600000000000000e+04
2.824700000000000000e+04
2.824700000000000000e+04
2.824700000000000000e+04
2.824700000000000000e+04
2.824800000000000000e+04
2.824800000000000000e+04
2.824800000000000000e+04
2.824900000000000000e+04
2.824900000000000000e+04
2.825000000000000000e+04
2.825000000000000000e+04
2.825000000000000000e+04
2.825000000000000000e+04
2.825100000000000000e+04
2.825100000000000000e+04
2.825100000000000000e+04
2.825200000000000000e+04
2.825200000000000000e+04
2.825300000000000000e+04
2.825400000000000000e+04
2.825400000000000000e+04
2.825600000000000000e+04
2.825700000000000000e+04
2.825800000000000000e+04
2.825800000000000000e+04
2.825900000000000000e+04
2.825900000000000000e+04
2.826000000000000000e+04
2.826200000000000000e+04
2.826200000000000000e+04
2.826200000000000000e+04
2.826300000000000000e+04
2.826400000000000000e+04
2.826400000000000000e+04
2.826400000000000000e+04
2.826400000000000000e+04
2.826500000000000000e+04
2.826600000000000000e+04
2.826600000000000000e+04
2.826700000000000000e+04
2.826700000000000000e+04
2.826800000000000000e+04
2.826800000000000000e+04
2.826900000000000000e+04
2.826900000000000000e+04
2.827000000000000000e+04
2.827000000000000000e+04
2.827200000000000000e+04
2.827200000000000000e+04
2.827200000000000000e+04
2.827300000000000000e+04
2.827300000000000000e+04
2.827300000000000000e+04
2.827400000000000000e+04
2.827400000000000000e+04
2.827400000000000000e+04
2.827500000000000000e+04
2.827600000000000000e+04
2.827600000000000000e+04
2.827700000000000000e+04
2.827800000000000000e+04
2.827800000000000000e+04
2.827900000000000000e+04
2.828100000000000000e+04
2.828200000000000000e+04
2.828200000000000000e+04
2.828500000000000000e+04
2.828600000000000000e+04
2.828600000000000000e+04
2.828700000000000000e+04
2.828800000000000000e+04
2.828800000000000000e+04
2.828800000000000000e+04
2.828800000000000000e+04
2.828900000000000000e+04
2.829000000000000000e+04
2.829200000000000000e+04
2.829200000000000000e+04
2.829200000000000000e+04
2.829300000000000000e+04
2.829500000000000000e+04
2.829500000000000000e+04
2.829500000000000000e+04
2.829700000000000000e+04
2.829700000000000000e+04
2.829700000000000000e+04
2.829800000000000000e+04
2.829800000000000000e+04
2.829800000000000000e+04
2.830200000000000000e+04
2.830400000000000000e+04
2.830500000000000000e+04
2.830500000000000000e+04
2.830600000000000000e+04
2.830600000000000000e+04
2.830600000000000000e+04
2.830600000000000000e+04
2.830600000000000000e+04
2.830700000000000000e+04
2.830700000000000000e+04
2.830900000000000000e+04
2.830900000000000000e+04
2.831100000000000000e+04
2.831100000000000000e+04
2.831200000000000000e+04
2.831300000000000000e+04
2.831300000000000000e+04
2.831500000000000000e+04
2.831500000000000000e+04
2.831600000000000000e+04
2.831600000000000000e+04
2.831600000000000000e+04
2.831700000000000000e+04
2.831700000000000000e+04
2.831700000000000000e+04
2.831700000000000000e+04
2.831800000000000000e+04
2.831800000000000000e+04
2.831900000000000000e+04
2.831900000000000000e+04
2.832000000000000000e+04
2.832000000000000000e+04
2.832000000000000000e+04
2.832000000000000000e+04
2.832100000000000000e+04
2.832100000000000000e+04
2.832200000000000000e+04
2.832200000000000000e+04
2.832300000000000000e+04
2.832300000000000000e+04
2.832500000000000000e+04
2.832500000000000000e+04
2.832600000000000000e+04
2.832600000000000000e+04
2.832600000000000000e+04
2.832600000000000000e+04
2.832800000000000000e+04
2.832800000000000000e+04
2.833200000000000000e+04
2.833300000000000000e+04
2.833300000000000000e+04
2.833300000000000000e+04
2.833400000000000000e+04
2.833400000000000000e+04
2.833500000000000000e+04
2.833600000000000000e+04
2.833600000000000000e+04
2.833700000000000000e+04
2.833700000000000000e+04
2.833800000000000000e+04
2.834000000000000000e+04
2.834100000000000000e+04
2.834200000000000000e+04
2.834300000000000000e+04
2.834300000000000000e+04
2.834400000000000000e+04
2.834400000000000000e+04
2.834400000000000000e+04
2.834500000000000000e+04
2.834500000000000000e+04
2.834600000000000000e+04
2.834600000000000000e+04
2.834600000000000000e+04
2.834700000000000000e+04
2.834700000000000000e+04
2.834900000000000000e+04
2.834900000000000000e+04
2.834900000000000000e+04
2.835000000000000000e+04
2.835000000000000000e+04
2.835000000000000000e+04
2.835100000000000000e+04
2.835100000000000000e+04
2.835100000000000000e+04
2.835100000000000000e+04
2.835100000000000000e+04
2.835200000000000000e+04
2.835300000000000000e+04
2.835300000000000000e+04
2.835400000000000000e+04
2.835400000000000000e+04
2.835400000000000000e+04
2.835600000000000000e+04
2.835700000000000000e+04
2.835700000000000000e+04
2.835800000000000000e+04
2.835800000000000000e+04
2.835900000000000000e+04
2.836100000000000000e+04
2.836100000000000000e+04
2.836200000000000000e+04
2.836400000000000000e+04
2.836400000000000000e+04
2.836400000000000000e+04
2.836400000000000000e+04
2.836400000000000000e+04
2.836400000000000000e+04
2.836500000000000000e+04
2.836500000000000000e+04
2.836500000000000000e+04
2.836500000000000000e+04
2.836500000000000000e+04
2.836800000000000000e+04
2.836800000000000000e+04
2.837000000000000000e+04
2.837000000000000000e+04
2.837000000000000000e+04
2.837000000000000000e+04
2.837100000000000000e+04
2.837200000000000000e+04
2.837200000000000000e+04
2.837300000000000000e+04
2.837300000000000000e+04
2.837300000000000000e+04
2.837400000000000000e+04
2.837400000000000000e+04
2.837400000000000000e+04
2.837400000000000000e+04
2.837600000000000000e+04
2.837700000000000000e+04
2.837700000000000000e+04
2.837900000000000000e+04
2.837900000000000000e+04
2.838100000000000000e+04
2.838100000000000000e+04
2.838200000000000000e+04
2.838300000000000000e+04
2.838400000000000000e+04
2.838400000000000000e+04
2.838500000000000000e+04
2.838600000000000000e+04
2.838600000000000000e+04
2.838600000000000000e+04
2.838700000000000000e+04
2.838800000000000000e+04
2.838900000000000000e+04
2.839000000000000000e+04
2.839000000000000000e+04
2.839000000000000000e+04
2.839000000000000000e+04
2.839100000000000000e+04
2.839100000000000000e+04
2.839100000000000000e+04
2.839100000000000000e+04
2.839200000000000000e+04
2.839300000000000000e+04
2.839400000000000000e+04
2.839400000000000000e+04
2.839500000000000000e+04
2.839500000000000000e+04
2.839500000000000000e+04
2.839600000000000000e+04
2.839600000000000000e+04
2.839700000000000000e+04
2.839700000000000000e+04
2.839800000000000000e+04
2.839900000000000000e+04
2.840000000000000000e+04
2.840100000000000000e+04
2.840100000000000000e+04
2.840100000000000000e+04
2.840200000000000000e+04
2.840200000000000000e+04
2.840200000000000000e+04
2.840200000000000000e+04
2.840300000000000000e+04
2.840300000000000000e+04
2.840400000000000000e+04
2.840400000000000000e+04
2.840500000000000000e+04
2.840600000000000000e+04
2.840800000000000000e+04
2.840800000000000000e+04
2.840900000000000000e+04
2.841000000000000000e+04
2.841000000000000000e+04
2.841000000000000000e+04
2.841100000000000000e+04
2.841200000000000000e+04
2.841300000000000000e+04
2.841400000000000000e+04
2.841400000000000000e+04
2.841500000000000000e+04
2.841500000000000000e+04
2.841600000000000000e+04
2.841800000000000000e+04
2.841900000000000000e+04
2.842000000000000000e+04
2.842000000000000000e+04
2.842100000000000000e+04
2.842200000000000000e+04
2.842300000000000000e+04
2.842300000000000000e+04
2.842300000000000000e+04
2.842300000000000000e+04
2.842400000000000000e+04
2.842400000000000000e+04
2.842500000000000000e+04
2.842500000000000000e+04
2.842500000000000000e+04
2.842700000000000000e+04
2.842800000000000000e+04
2.842800000000000000e+04
2.842900000000000000e+04
2.843000000000000000e+04
2.843000000000000000e+04
2.843100000000000000e+04
2.843100000000000000e+04
2.843100000000000000e+04
2.843400000000000000e+04
2.843500000000000000e+04
2.843600000000000000e+04
2.843600000000000000e+04
2.843700000000000000e+04
2.843700000000000000e+04
2.843700000000000000e+04
2.843800000000000000e+04
2.844000000000000000e+04
2.844000000000000000e+04
2.844100000000000000e+04
2.844100000000000000e+04
2.844200000000000000e+04
2.844200000000000000e+04
2.844300000000000000e+04
2.844300000000000000e+04
2.844400000000000000e+04
2.844400000000000000e+04
2.844400000000000000e+04
2.844400000000000000e+04
2.844600000000000000e+04
2.844600000000000000e+04
2.844600000000000000e+04
2.844700000000000000e+04
2.844800000000000000e+04
2.844800000000000000e+04
2.844900000000000000e+04
2.845000000000000000e+04
2.845000000000000000e+04
2.845100000000000000e+04
2.845100000000000000e+04
2.845100000000000000e+04
2.845200000000000000e+04
2.845400000000000000e+04
2.845500000000000000e+04
2.845500000000000000e+04
2.845500000000000000e+04
2.845600000000000000e+04
2.845700000000000000e+04
2.845700000000000000e+04
2.845800000000000000e+04
2.845800000000000000e+04
2.846000000000000000e+04
2.846100000000000000e+04
2.846100000000000000e+04
2.846200000000000000e+04
2.846200000000000000e+04
2.846300000000000000e+04
2.846300000000000000e+04
2.846400000000000000e+04
2.846400000000000000e+04
2.846500000000000000e+04
2.846500000000000000e+04
2.846500000000000000e+04
2.846600000000000000e+04
2.846800000000000000e+04
2.846900000000000000e+04
2.847000000000000000e+04
2.847100000000000000e+04
2.847200000000000000e+04
2.847300000000000000e+04
2.847300000000000000e+04
2.847400000000000000e+04
2.847500000000000000e+04
2.847500000000000000e+04
2.847500000000000000e+04
2.847600000000000000e+04
2.847600000000000000e+04
2.847600000000000000e+04
2.847700000000000000e+04
2.847700000000000000e+04
2.847700000000000000e+04
2.847800000000000000e+04
2.847800000000000000e+04
2.847900000000000000e+04
2.847900000000000000e+04
2.848000000000000000e+04
2.848000000000000000e+04
2.848000000000000000e+04
2.848200000000000000e+04
2.848200000000000000e+04
2.848200000000000000e+04
2.848300000000000000e+04
2.848300000000000000e+04
2.848400000000000000e+04
2.848400000000000000e+04
2.848500000000000000e+04
2.848500000000000000e+04
2.848600000000000000e+04
2.848700000000000000e+04
2.848700000000000000e+04
2.848700000000000000e+04
2.848700000000000000e+04
2.848800000000000000e+04
2.848800000000000000e+04
2.848900000000000000e+04
2.849100000000000000e+04
2.849200000000000000e+04
2.849200000000000000e+04
2.849300000000000000e+04
2.849300000000000000e+04
2.849500000000000000e+04
2.849500000000000000e+04
2.849500000000000000e+04
2.849600000000000000e+04
2.849600000000000000e+04
2.849700000000000000e+04
2.849700000000000000e+04
2.849900000000000000e+04
2.849900000000000000e+04
2.849900000000000000e+04
2.849900000000000000e+04
2.850000000000000000e+04
2.850000000000000000e+04
2.850100000000000000e+04
2.850200000000000000e+04
2.850300000000000000e+04
2.850300000000000000e+04
2.850400000000000000e+04
2.850400000000000000e+04
2.850400000000000000e+04
2.850500000000000000e+04
2.850500000000000000e+04
2.850700000000000000e+04
2.850700000000000000e+04
2.850800000000000000e+04
2.850800000000000000e+04
2.850800000000000000e+04
2.850900000000000000e+04
2.851200000000000000e+04
2.851200000000000000e+04
2.851300000000000000e+04
2.851300000000000000e+04
2.851300000000000000e+04
2.851400000000000000e+04
2.851400000000000000e+04
2.851500000000000000e+04
2.851500000000000000e+04
2.851500000000000000e+04
2.851600000000000000e+04
2.851600000000000000e+04
2.851700000000000000e+04
2.851800000000000000e+04
2.851800000000000000e+04
2.851900000000000000e+04
2.852000000000000000e+04
2.852000000000000000e+04
2.852200000000000000e+04
2.852200000000000000e+04
2.852200000000000000e+04
2.852200000000000000e+04
2.852300000000000000e+04
2.852500000000000000e+04
2.852500000000000000e+04
2.852600000000000000e+04
2.852700000000000000e+04
2.852700000000000000e+04
2.852900000000000000e+04
2.853000000000000000e+04
2.853000000000000000e+04
2.853000000000000000e+04
2.853000000000000000e+04
2.853100000000000000e+04
2.853100000000000000e+04
2.853200000000000000e+04
2.853200000000000000e+04
2.853300000000000000e+04
2.853400000000000000e+04
2.853500000000000000e+04
2.853500000000000000e+04
2.853600000000000000e+04
2.853700000000000000e+04
2.853800000000000000e+04
2.853800000000000000e+04
2.853800000000000000e+04
2.853800000000000000e+04
2.853900000000000000e+04
2.854200000000000000e+04
2.854200000000000000e+04
2.854300000000000000e+04
2.854300000000000000e+04
2.854300000000000000e+04
2.854300000000000000e+04
2.854300000000000000e+04
2.854400000000000000e+04
2.854400000000000000e+04
2.854500000000000000e+04
2.854500000000000000e+04
2.854600000000000000e+04
2.854600000000000000e+04
2.854600000000000000e+04
2.854700000000000000e+04
2.854700000000000000e+04
2.854800000000000000e+04
2.854800000000000000e+04
2.854800000000000000e+04
2.855000000000000000e+04
2.855000000000000000e+04
2.855000000000000000e+04
2.855200000000000000e+04
2.855200000000000000e+04
2.855300000000000000e+04
2.855500000000000000e+04
2.855700000000000000e+04
2.855700000000000000e+04
2.855700000000000000e+04
2.855900000000000000e+04
2.855900000000000000e+04
2.856200000000000000e+04
2.856300000000000000e+04
2.856300000000000000e+04
2.856300000000000000e+04
2.856300000000000000e+04
2.856400000000000000e+04
2.856700000000000000e+04
2.856900000000000000e+04
2.857000000000000000e+04
2.857100000000000000e+04
2.857200000000000000e+04
2.857200000000000000e+04
2.857200000000000000e+04
2.857200000000000000e+04
2.857300000000000000e+04
2.857300000000000000e+04
2.857400000000000000e+04
2.857400000000000000e+04
2.857400000000000000e+04
2.857500000000000000e+04
2.857500000000000000e+04
2.857500000000000000e+04
2.857700000000000000e+04
2.857800000000000000e+04
2.857900000000000000e+04
2.858000000000000000e+04
2.858100000000000000e+04
2.858100000000000000e+04
2.858200000000000000e+04
2.858200000000000000e+04
2.858300000000000000e+04
2.858400000000000000e+04
2.858400000000000000e+04
2.858500000000000000e+04
2.858600000000000000e+04
2.858600000000000000e+04
2.858600000000000000e+04
2.858700000000000000e+04
2.858700000000000000e+04
2.858800000000000000e+04
2.858900000000000000e+04
2.858900000000000000e+04
2.858900000000000000e+04
2.859000000000000000e+04
2.859100000000000000e+04
2.859200000000000000e+04
2.859200000000000000e+04
2.859300000000000000e+04
2.859300000000000000e+04
2.859400000000000000e+04
2.859400000000000000e+04
2.859400000000000000e+04
2.859500000000000000e+04
2.859700000000000000e+04
2.859700000000000000e+04
2.859800000000000000e+04
2.860000000000000000e+04
2.860000000000000000e+04
2.860100000000000000e+04
2.860200000000000000e+04
2.860200000000000000e+04
2.860200000000000000e+04
2.860200000000000000e+04
2.860200000000000000e+04
2.860200000000000000e+04
2.860300000000000000e+04
2.860500000000000000e+04
2.860500000000000000e+04
2.860500000000000000e+04
2.860600000000000000e+04
2.860600000000000000e+04
2.860600000000000000e+04
2.860600000000000000e+04
2.860600000000000000e+04
2.860600000000000000e+04
2.860700000000000000e+04
2.860800000000000000e+04
2.860900000000000000e+04
2.860900000000000000e+04
2.861000000000000000e+04
2.861000000000000000e+04
2.861000000000000000e+04
2.861200000000000000e+04
2.861300000000000000e+04
2.861300000000000000e+04
2.861400000000000000e+04
2.861400000000000000e+04
2.861500000000000000e+04
2.861700000000000000e+04
2.861700000000000000e+04
2.861800000000000000e+04
2.861900000000000000e+04
2.862000000000000000e+04
2.862000000000000000e+04
2.862000000000000000e+04
2.862000000000000000e+04
2.862200000000000000e+04
2.862300000000000000e+04
2.862400000000000000e+04
2.862400000000000000e+04
2.862500000000000000e+04
2.862600000000000000e+04
2.862600000000000000e+04
2.862600000000000000e+04
2.862700000000000000e+04
2.862700000000000000e+04
2.862700000000000000e+04
2.862800000000000000e+04
2.862900000000000000e+04
2.862900000000000000e+04
2.862900000000000000e+04
2.863000000000000000e+04
2.863100000000000000e+04
2.863100000000000000e+04
2.863100000000000000e+04
2.863100000000000000e+04
2.863300000000000000e+04
2.863400000000000000e+04
2.863400000000000000e+04
2.863500000000000000e+04
2.863500000000000000e+04
2.863500000000000000e+04
2.863600000000000000e+04
2.863600000000000000e+04
2.863600000000000000e+04
2.863700000000000000e+04
2.863800000000000000e+04
2.863800000000000000e+04
2.863800000000000000e+04
2.863900000000000000e+04
2.864000000000000000e+04
2.864000000000000000e+04
2.864100000000000000e+04
2.864200000000000000e+04
2.864300000000000000e+04
2.864300000000000000e+04
2.864400000000000000e+04
2.864400000000000000e+04
2.864500000000000000e+04
2.864500000000000000e+04
2.864600000000000000e+04
2.864600000000000000e+04
2.864600000000000000e+04
2.864700000000000000e+04
2.864800000000000000e+04
2.864800000000000000e+04
2.864800000000000000e+04
2.864800000000000000e+04
2.864900000000000000e+04
2.864900000000000000e+04
2.864900000000000000e+04
2.864900000000000000e+04
2.865000000000000000e+04
2.865200000000000000e+04
2.865200000000000000e+04
2.865200000000000000e+04
2.865200000000000000e+04
2.865400000000000000e+04
2.865400000000000000e+04
2.865400000000000000e+04
2.865600000000000000e+04
2.865700000000000000e+04
2.865800000000000000e+04
2.865900000000000000e+04
2.865900000000000000e+04
2.866000000000000000e+04
2.866000000000000000e+04
2.866000000000000000e+04
2.866000000000000000e+04
2.866200000000000000e+04
2.866300000000000000e+04
2.866300000000000000e+04
2.866300000000000000e+04
2.866300000000000000e+04
2.866400000000000000e+04
2.866400000000000000e+04
2.866400000000000000e+04
2.866700000000000000e+04
2.866700000000000000e+04
2.866800000000000000e+04
2.866900000000000000e+04
2.866900000000000000e+04
2.867100000000000000e+04
2.867100000000000000e+04
2.867300000000000000e+04
2.867300000000000000e+04
2.867400000000000000e+04
2.867600000000000000e+04
2.867800000000000000e+04
2.868000000000000000e+04
2.868000000000000000e+04
2.868200000000000000e+04
2.868200000000000000e+04
2.868300000000000000e+04
2.868400000000000000e+04
2.868400000000000000e+04
2.868500000000000000e+04
2.868500000000000000e+04
2.868600000000000000e+04
2.868600000000000000e+04
2.868700000000000000e+04
2.868700000000000000e+04
2.868800000000000000e+04
2.868800000000000000e+04
2.868800000000000000e+04
2.868900000000000000e+04
2.869000000000000000e+04
2.869100000000000000e+04
2.869100000000000000e+04
2.869100000000000000e+04
2.869200000000000000e+04
2.869200000000000000e+04
2.869200000000000000e+04
2.869300000000000000e+04
2.869300000000000000e+04
2.869300000000000000e+04
2.869500000000000000e+04
2.869700000000000000e+04
2.869800000000000000e+04
2.869800000000000000e+04
2.870000000000000000e+04
2.870100000000000000e+04
2.870100000000000000e+04
2.870600000000000000e+04
2.870600000000000000e+04
2.870600000000000000e+04
2.870600000000000000e+04
2.870700000000000000e+04
2.870800000000000000e+04
2.870900000000000000e+04
2.870900000000000000e+04
2.870900000000000000e+04
2.871000000000000000e+04
2.871000000000000000e+04
2.871000000000000000e+04
2.871100000000000000e+04
2.871100000000000000e+04
2.871100000000000000e+04
2.871300000000000000e+04
2.871300000000000000e+04
2.871400000000000000e+04
2.871400000000000000e+04
2.871600000000000000e+04
2.871600000000000000e+04
2.871600000000000000e+04
2.871700000000000000e+04
2.871800000000000000e+04
2.871900000000000000e+04
2.871900000000000000e+04
2.871900000000000000e+04
2.872000000000000000e+04
2.872200000000000000e+04
2.872200000000000000e+04
2.872200000000000000e+04
2.872200000000000000e+04
2.872300000000000000e+04
2.872300000000000000e+04
2.872500000000000000e+04
2.872600000000000000e+04
2.872700000000000000e+04
2.872700000000000000e+04
2.872800000000000000e+04
2.872800000000000000e+04
2.873100000000000000e+04
2.873100000000000000e+04
2.873100000000000000e+04
2.873100000000000000e+04
2.873200000000000000e+04
2.873300000000000000e+04
2.873300000000000000e+04
2.873500000000000000e+04
2.873500000000000000e+04
2.873500000000000000e+04
2.873600000000000000e+04
2.873600000000000000e+04
2.873600000000000000e+04
2.873700000000000000e+04
2.873800000000000000e+04
2.873800000000000000e+04
2.873900000000000000e+04
2.873900000000000000e+04
2.874100000000000000e+04
2.874100000000000000e+04
2.874100000000000000e+04
2.874200000000000000e+04
2.874300000000000000e+04
2.874500000000000000e+04
2.874500000000000000e+04
2.874700000000000000e+04
2.874800000000000000e+04
2.874800000000000000e+04
2.874900000000000000e+04
2.874900000000000000e+04
2.874900000000000000e+04
2.875000000000000000e+04
2.875100000000000000e+04
2.875200000000000000e+04
2.875300000000000000e+04
2.875300000000000000e+04
2.875300000000000000e+04
2.875500000000000000e+04
2.875600000000000000e+04
2.875700000000000000e+04
2.875800000000000000e+04
2.875800000000000000e+04
2.875900000000000000e+04
2.875900000000000000e+04
2.875900000000000000e+04
2.876000000000000000e+04
2.876000000000000000e+04
2.876000000000000000e+04
2.876000000000000000e+04
2.876100000000000000e+04
2.876100000000000000e+04
2.876200000000000000e+04
2.876200000000000000e+04
2.876200000000000000e+04
2.876500000000000000e+04
2.876600000000000000e+04
2.876600000000000000e+04
2.876600000000000000e+04
2.876700000000000000e+04
2.877000000000000000e+04
2.877100000000000000e+04
2.877200000000000000e+04
2.877200000000000000e+04
2.877300000000000000e+04
2.877300000000000000e+04
2.877300000000000000e+04
2.877300000000000000e+04
2.877500000000000000e+04
2.877500000000000000e+04
2.877500000000000000e+04
2.877600000000000000e+04
2.877600000000000000e+04
2.877700000000000000e+04
2.877700000000000000e+04
2.877700000000000000e+04
2.877700000000000000e+04
2.877800000000000000e+04
2.877800000000000000e+04
2.877800000000000000e+04
2.877800000000000000e+04
2.877900000000000000e+04
2.878000000000000000e+04
2.878100000000000000e+04
2.878100000000000000e+04
2.878100000000000000e+04
2.878100000000000000e+04
2.878200000000000000e+04
2.878200000000000000e+04
2.878300000000000000e+04
2.878300000000000000e+04
2.878300000000000000e+04
2.878400000000000000e+04
2.878400000000000000e+04
2.878400000000000000e+04
2.878800000000000000e+04
2.878900000000000000e+04
2.879100000000000000e+04
2.879400000000000000e+04
2.879600000000000000e+04
2.879800000000000000e+04
2.879800000000000000e+04
2.880100000000000000e+04
2.880100000000000000e+04
2.880200000000000000e+04
2.880200000000000000e+04
2.880400000000000000e+04
2.880400000000000000e+04
2.880400000000000000e+04
2.880600000000000000e+04
2.880600000000000000e+04
2.880700000000000000e+04
2.880800000000000000e+04
2.880900000000000000e+04
2.881000000000000000e+04
2.881000000000000000e+04
2.881300000000000000e+04
2.881300000000000000e+04
2.881400000000000000e+04
2.881400000000000000e+04
2.881400000000000000e+04
2.881600000000000000e+04
2.881600000000000000e+04
2.881600000000000000e+04
2.882000000000000000e+04
2.882000000000000000e+04
2.882100000000000000e+04
2.882300000000000000e+04
2.882300000000000000e+04
2.882400000000000000e+04
2.882400000000000000e+04
2.882500000000000000e+04
2.882500000000000000e+04
2.882700000000000000e+04
2.882800000000000000e+04
2.883000000000000000e+04
2.883000000000000000e+04
2.883100000000000000e+04
2.883200000000000000e+04
2.883200000000000000e+04
2.883200000000000000e+04
2.883400000000000000e+04
2.883500000000000000e+04
2.883500000000000000e+04
2.883600000000000000e+04
2.883600000000000000e+04
2.883600000000000000e+04
2.883600000000000000e+04
2.883700000000000000e+04
2.883700000000000000e+04
2.883700000000000000e+04
2.883900000000000000e+04
2.883900000000000000e+04
2.884200000000000000e+04
2.884200000000000000e+04
2.884200000000000000e+04
2.884200000000000000e+04
2.884300000000000000e+04
2.884300000000000000e+04
2.884500000000000000e+04
2.884600000000000000e+04
2.884600000000000000e+04
2.884600000000000000e+04
2.884600000000000000e+04
2.884700000000000000e+04
2.884800000000000000e+04
2.884900000000000000e+04
2.885000000000000000e+04
2.885000000000000000e+04
2.885100000000000000e+04
2.885100000000000000e+04
2.885100000000000000e+04
2.885100000000000000e+04
2.885200000000000000e+04
2.885400000000000000e+04
2.885500000000000000e+04
2.885500000000000000e+04
2.885600000000000000e+04
2.885600000000000000e+04
2.885600000000000000e+04
2.885600000000000000e+04
2.885700000000000000e+04
2.885700000000000000e+04
2.885700000000000000e+04
2.885800000000000000e+04
2.885800000000000000e+04
2.885800000000000000e+04
2.886000000000000000e+04
2.886000000000000000e+04
2.886100000000000000e+04
2.886100000000000000e+04
2.886100000000000000e+04
2.886100000000000000e+04
2.886200000000000000e+04
2.886300000000000000e+04
2.886300000000000000e+04
2.886300000000000000e+04
2.886400000000000000e+04
2.886500000000000000e+04
2.886600000000000000e+04
2.886900000000000000e+04
2.886900000000000000e+04
2.886900000000000000e+04
2.887000000000000000e+04
2.887000000000000000e+04
2.887200000000000000e+04
2.887200000000000000e+04
2.887300000000000000e+04
2.887400000000000000e+04
2.887400000000000000e+04
2.887400000000000000e+04
2.887400000000000000e+04
2.887500000000000000e+04
2.887800000000000000e+04
2.887900000000000000e+04
2.888000000000000000e+04
2.888100000000000000e+04
2.888200000000000000e+04
2.888400000000000000e+04
2.888400000000000000e+04
2.888400000000000000e+04
2.888500000000000000e+04
2.888500000000000000e+04
2.888500000000000000e+04
2.888600000000000000e+04
2.888600000000000000e+04
2.888600000000000000e+04
2.888600000000000000e+04
2.888700000000000000e+04
2.888800000000000000e+04
2.888800000000000000e+04
2.888900000000000000e+04
2.888900000000000000e+04
2.888900000000000000e+04
2.889000000000000000e+04
2.889000000000000000e+04
2.889000000000000000e+04
2.889100000000000000e+04
2.889200000000000000e+04
2.889200000000000000e+04
2.889200000000000000e+04
2.889300000000000000e+04
2.889300000000000000e+04
2.889400000000000000e+04
2.889500000000000000e+04
2.889500000000000000e+04
2.889600000000000000e+04
2.889600000000000000e+04
2.889800000000000000e+04
2.889800000000000000e+04
2.889900000000000000e+04
2.889900000000000000e+04
2.889900000000000000e+04
2.889900000000000000e+04
2.889900000000000000e+04
2.889900000000000000e+04
2.890100000000000000e+04
2.890200000000000000e+04
2.890200000000000000e+04
2.890300000000000000e+04
2.890300000000000000e+04
2.890400000000000000e+04
2.890500000000000000e+04
2.890500000000000000e+04
2.890600000000000000e+04
2.890600000000000000e+04
2.890800000000000000e+04
2.890800000000000000e+04
2.890900000000000000e+04
2.890900000000000000e+04
2.890900000000000000e+04
2.890900000000000000e+04
2.890900000000000000e+04
2.891000000000000000e+04
2.891000000000000000e+04
2.891000000000000000e+04
2.891100000000000000e+04
2.891300000000000000e+04
2.891400000000000000e+04
2.891500000000000000e+04
2.891600000000000000e+04
2.891600000000000000e+04
2.891700000000000000e+04
2.891800000000000000e+04
2.891800000000000000e+04
2.891800000000000000e+04
2.891800000000000000e+04
2.891800000000000000e+04
2.891800000000000000e+04
2.891800000000000000e+04
2.891900000000000000e+04
2.891900000000000000e+04
2.891900000000000000e+04
2.891900000000000000e+04
2.892000000000000000e+04
2.892100000000000000e+04
2.892100000000000000e+04
2.892200000000000000e+04
2.892200000000000000e+04
2.892200000000000000e+04
2.892300000000000000e+04
2.892400000000000000e+04
2.892500000000000000e+04
2.892500000000000000e+04
2.892500000000000000e+04
2.892500000000000000e+04
2.892600000000000000e+04
2.892600000000000000e+04
2.892800000000000000e+04
2.892800000000000000e+04
2.892800000000000000e+04
2.892800000000000000e+04
2.892800000000000000e+04
2.892800000000000000e+04
2.892900000000000000e+04
2.893000000000000000e+04
2.893000000000000000e+04
2.893000000000000000e+04
2.893200000000000000e+04
2.893200000000000000e+04
2.893200000000000000e+04
2.893300000000000000e+04
2.893300000000000000e+04
2.893300000000000000e+04
2.893400000000000000e+04
2.893400000000000000e+04
2.893500000000000000e+04
2.893800000000000000e+04
2.894100000000000000e+04
2.894100000000000000e+04
2.894200000000000000e+04
2.894300000000000000e+04
2.894400000000000000e+04
2.894500000000000000e+04
2.894600000000000000e+04
2.894800000000000000e+04
2.894800000000000000e+04
2.894900000000000000e+04
2.895000000000000000e+04
2.895100000000000000e+04
2.895300000000000000e+04
2.895500000000000000e+04
2.895500000000000000e+04
2.895500000000000000e+04
2.895500000000000000e+04
2.895600000000000000e+04
2.895600000000000000e+04
2.895600000000000000e+04
2.895600000000000000e+04
2.895700000000000000e+04
2.895900000000000000e+04
2.895900000000000000e+04
2.896000000000000000e+04
2.896100000000000000e+04
2.896100000000000000e+04
2.896200000000000000e+04
2.896300000000000000e+04
2.896400000000000000e+04
2.896400000000000000e+04
2.896400000000000000e+04
2.896400000000000000e+04
2.896500000000000000e+04
2.896500000000000000e+04
2.896600000000000000e+04
2.896700000000000000e+04
2.896900000000000000e+04
2.896900000000000000e+04
2.896900000000000000e+04
2.897000000000000000e+04
2.897000000000000000e+04
2.897100000000000000e+04
2.897100000000000000e+04
2.897200000000000000e+04
2.897200000000000000e+04
2.897200000000000000e+04
2.897300000000000000e+04
2.897500000000000000e+04
2.897600000000000000e+04
2.897700000000000000e+04
2.897700000000000000e+04
2.897700000000000000e+04
2.897700000000000000e+04
2.897700000000000000e+04
2.897700000000000000e+04
2.897800000000000000e+04
2.897800000000000000e+04
2.897900000000000000e+04
2.898100000000000000e+04
2.898200000000000000e+04
2.898200000000000000e+04
2.898400000000000000e+04
2.898400000000000000e+04
2.898400000000000000e+04
2.898400000000000000e+04
2.898500000000000000e+04
2.898500000000000000e+04
2.898500000000000000e+04
2.898500000000000000e+04
2.898600000000000000e+04
2.898600000000000000e+04
2.898700000000000000e+04
2.898800000000000000e+04
2.898800000000000000e+04
2.898900000000000000e+04
2.898900000000000000e+04
2.899000000000000000e+04
2.899000000000000000e+04
2.899200000000000000e+04
2.899300000000000000e+04
2.899300000000000000e+04
2.899300000000000000e+04
2.899300000000000000e+04
2.899300000000000000e+04
2.899400000000000000e+04
2.899400000000000000e+04
2.899400000000000000e+04
2.899500000000000000e+04
2.899500000000000000e+04
2.899700000000000000e+04
2.899800000000000000e+04
2.899800000000000000e+04
2.899900000000000000e+04
2.899900000000000000e+04
2.900000000000000000e+04
2.900200000000000000e+04
2.900200000000000000e+04
2.900200000000000000e+04
2.900300000000000000e+04
2.900300000000000000e+04
2.900300000000000000e+04
2.900600000000000000e+04
2.900700000000000000e+04
2.900700000000000000e+04
2.900800000000000000e+04
2.900800000000000000e+04
2.900800000000000000e+04
2.901000000000000000e+04
2.901400000000000000e+04
2.901500000000000000e+04
2.901500000000000000e+04
2.901600000000000000e+04
2.901700000000000000e+04
2.901700000000000000e+04
2.901900000000000000e+04
2.902000000000000000e+04
2.902000000000000000e+04
2.902100000000000000e+04
2.902200000000000000e+04
2.902400000000000000e+04
2.902400000000000000e+04
2.902500000000000000e+04
2.902600000000000000e+04
2.902600000000000000e+04
2.902600000000000000e+04
2.902600000000000000e+04
2.902600000000000000e+04
2.902700000000000000e+04
2.902700000000000000e+04
2.902700000000000000e+04
2.902800000000000000e+04
2.902800000000000000e+04
2.902900000000000000e+04
2.902900000000000000e+04
2.902900000000000000e+04
2.903100000000000000e+04
2.903100000000000000e+04
2.903300000000000000e+04
2.903300000000000000e+04
2.903400000000000000e+04
2.903400000000000000e+04
2.903500000000000000e+04
2.903600000000000000e+04
2.903600000000000000e+04
2.903700000000000000e+04
2.903800000000000000e+04
2.903900000000000000e+04
2.903900000000000000e+04
2.904000000000000000e+04
2.904000000000000000e+04
2.904100000000000000e+04
2.904100000000000000e+04
2.904100000000000000e+04
2.904200000000000000e+04
2.904300000000000000e+04
2.904300000000000000e+04
2.904500000000000000e+04
2.904800000000000000e+04
2.904800000000000000e+04
2.904900000000000000e+04
2.905300000000000000e+04
2.905500000000000000e+04
2.905500000000000000e+04
2.905600000000000000e+04
2.905600000000000000e+04
2.905700000000000000e+04
2.905800000000000000e+04
2.905900000000000000e+04
2.905900000000000000e+04
2.905900000000000000e+04
2.906000000000000000e+04
2.906000000000000000e+04
2.906000000000000000e+04
2.906100000000000000e+04
2.906200000000000000e+04
2.906200000000000000e+04
2.906300000000000000e+04
2.906500000000000000e+04
2.906600000000000000e+04
2.906600000000000000e+04
2.906800000000000000e+04
2.906900000000000000e+04
2.907000000000000000e+04
2.907100000000000000e+04
2.907100000000000000e+04
2.907100000000000000e+04
2.907200000000000000e+04
2.907300000000000000e+04
2.907400000000000000e+04
2.907400000000000000e+04
2.907500000000000000e+04
2.907500000000000000e+04
2.907500000000000000e+04
2.907600000000000000e+04
2.907700000000000000e+04
2.907700000000000000e+04
2.907800000000000000e+04
2.907800000000000000e+04
2.907900000000000000e+04
2.908000000000000000e+04
2.908000000000000000e+04
2.908100000000000000e+04
2.908100000000000000e+04
2.908200000000000000e+04
2.908300000000000000e+04
2.908300000000000000e+04
2.908400000000000000e+04
2.908400000000000000e+04
2.908500000000000000e+04
2.908700000000000000e+04
2.908800000000000000e+04
2.908800000000000000e+04
2.908900000000000000e+04
2.909000000000000000e+04
2.909000000000000000e+04
2.909100000000000000e+04
2.909100000000000000e+04
2.909300000000000000e+04
2.909300000000000000e+04
2.909400000000000000e+04
2.909700000000000000e+04
2.909700000000000000e+04
2.909700000000000000e+04
2.909700000000000000e+04
2.909900000000000000e+04
2.910300000000000000e+04
2.910300000000000000e+04
2.910400000000000000e+04
2.910500000000000000e+04
2.910600000000000000e+04
2.910700000000000000e+04
2.911000000000000000e+04
2.911000000000000000e+04
2.911100000000000000e+04
2.911100000000000000e+04
2.911100000000000000e+04
2.911200000000000000e+04
2.911200000000000000e+04
2.911300000000000000e+04
2.911300000000000000e+04
2.911400000000000000e+04
2.911500000000000000e+04
2.911500000000000000e+04
2.911600000000000000e+04
2.911700000000000000e+04
2.911700000000000000e+04
2.911700000000000000e+04
2.911800000000000000e+04
2.911800000000000000e+04
2.911800000000000000e+04
2.911800000000000000e+04
2.912000000000000000e+04
2.912000000000000000e+04
2.912000000000000000e+04
2.912100000000000000e+04
2.912100000000000000e+04
2.912200000000000000e+04
2.912200000000000000e+04
2.912200000000000000e+04
2.912300000000000000e+04
2.912600000000000000e+04
2.912700000000000000e+04
2.912800000000000000e+04
2.912900000000000000e+04
2.913000000000000000e+04
2.913000000000000000e+04
2.913100000000000000e+04
2.913200000000000000e+04
2.913200000000000000e+04
2.913200000000000000e+04
2.913300000000000000e+04
2.913300000000000000e+04
2.913400000000000000e+04
2.913400000000000000e+04
2.913500000000000000e+04
2.913600000000000000e+04
2.913600000000000000e+04
2.913600000000000000e+04
2.913700000000000000e+04
2.913700000000000000e+04
2.913800000000000000e+04
2.913900000000000000e+04
2.913900000000000000e+04
2.913900000000000000e+04
2.914000000000000000e+04
2.914100000000000000e+04
2.914200000000000000e+04
2.914400000000000000e+04
2.914400000000000000e+04
2.914500000000000000e+04
2.914600000000000000e+04
2.914600000000000000e+04
2.914700000000000000e+04
2.914800000000000000e+04
2.914900000000000000e+04
2.915000000000000000e+04
2.915000000000000000e+04
2.915100000000000000e+04
2.915100000000000000e+04
2.915100000000000000e+04
2.915100000000000000e+04
2.915100000000000000e+04
2.915100000000000000e+04
2.915100000000000000e+04
2.915200000000000000e+04
2.915200000000000000e+04
2.915300000000000000e+04
2.915300000000000000e+04
2.915400000000000000e+04
2.915400000000000000e+04
2.915500000000000000e+04
2.915600000000000000e+04
2.915600000000000000e+04
2.915600000000000000e+04
2.915700000000000000e+04
2.915700000000000000e+04
2.915800000000000000e+04
2.915900000000000000e+04
2.915900000000000000e+04
2.916000000000000000e+04
2.916000000000000000e+04
2.916200000000000000e+04
2.916200000000000000e+04
2.916200000000000000e+04
2.916300000000000000e+04
2.916400000000000000e+04
2.916400000000000000e+04
2.916500000000000000e+04
2.916500000000000000e+04
2.916500000000000000e+04
2.916600000000000000e+04
2.916600000000000000e+04
2.916600000000000000e+04
2.916700000000000000e+04
2.916700000000000000e+04
2.916700000000000000e+04
2.916700000000000000e+04
2.916700000000000000e+04
2.916800000000000000e+04
2.917100000000000000e+04
2.917100000000000000e+04
2.917300000000000000e+04
2.917300000000000000e+04
2.917300000000000000e+04
2.917500000000000000e+04
2.917500000000000000e+04
2.917500000000000000e+04
2.917700000000000000e+04
2.917700000000000000e+04
2.917800000000000000e+04
2.917800000000000000e+04
2.917900000000000000e+04
2.918100000000000000e+04
2.918200000000000000e+04
2.918200000000000000e+04
2.918300000000000000e+04
2.918400000000000000e+04
2.918600000000000000e+04
2.918600000000000000e+04
2.918700000000000000e+04
2.918700000000000000e+04
2.919000000000000000e+04
2.919200000000000000e+04
2.919300000000000000e+04
2.919300000000000000e+04
2.919400000000000000e+04
2.919500000000000000e+04
2.919500000000000000e+04
2.919500000000000000e+04
2.919600000000000000e+04
2.919700000000000000e+04
2.919700000000000000e+04
2.919800000000000000e+04
2.919900000000000000e+04
2.920000000000000000e+04
2.920000000000000000e+04
2.920000000000000000e+04
2.920000000000000000e+04
2.920100000000000000e+04
2.920100000000000000e+04
2.920200000000000000e+04
2.920200000000000000e+04
2.920300000000000000e+04
2.920300000000000000e+04
2.920400000000000000e+04
2.920500000000000000e+04
2.920600000000000000e+04
2.920600000000000000e+04
2.920700000000000000e+04
2.920800000000000000e+04
2.920800000000000000e+04
2.921200000000000000e+04
2.921300000000000000e+04
2.921300000000000000e+04
2.921300000000000000e+04
2.921400000000000000e+04
2.921400000000000000e+04
2.921400000000000000e+04
2.921500000000000000e+04
2.921700000000000000e+04
2.921800000000000000e+04
2.921900000000000000e+04
2.921900000000000000e+04
2.921900000000000000e+04
2.922000000000000000e+04
2.922000000000000000e+04
2.922100000000000000e+04
2.922100000000000000e+04
2.922200000000000000e+04
2.922300000000000000e+04
2.922400000000000000e+04
2.922500000000000000e+04
2.922500000000000000e+04
2.922600000000000000e+04
2.922700000000000000e+04
2.922700000000000000e+04
2.922900000000000000e+04
2.923100000000000000e+04
2.923100000000000000e+04
2.923200000000000000e+04
2.923200000000000000e+04
2.923300000000000000e+04
2.923400000000000000e+04
2.923500000000000000e+04
2.923700000000000000e+04
2.923900000000000000e+04
2.923900000000000000e+04
2.924100000000000000e+04
2.924100000000000000e+04
2.924200000000000000e+04
2.924300000000000000e+04
2.924400000000000000e+04
2.924500000000000000e+04
2.924600000000000000e+04
2.924600000000000000e+04
2.924700000000000000e+04
2.924700000000000000e+04
2.924700000000000000e+04
2.924900000000000000e+04
2.924900000000000000e+04
2.925000000000000000e+04
2.925000000000000000e+04
2.925100000000000000e+04
2.925100000000000000e+04
2.925200000000000000e+04
2.925300000000000000e+04
2.925400000000000000e+04
2.925600000000000000e+04
2.925700000000000000e+04
2.925700000000000000e+04
2.925700000000000000e+04
2.925700000000000000e+04
2.925800000000000000e+04
2.925800000000000000e+04
2.925800000000000000e+04
2.925800000000000000e+04
2.925800000000000000e+04
2.926000000000000000e+04
2.926000000000000000e+04
2.926100000000000000e+04
2.926100000000000000e+04
2.926200000000000000e+04
2.926300000000000000e+04
2.926300000000000000e+04
2.926300000000000000e+04
2.926300000000000000e+04
2.926300000000000000e+04
2.926400000000000000e+04
2.926400000000000000e+04
2.926500000000000000e+04
2.926600000000000000e+04
2.926600000000000000e+04
2.926700000000000000e+04
2.926800000000000000e+04
2.926800000000000000e+04
2.926900000000000000e+04
2.927000000000000000e+04
2.927000000000000000e+04
2.927100000000000000e+04
2.927100000000000000e+04
2.927300000000000000e+04
2.927400000000000000e+04
2.927400000000000000e+04
2.927500000000000000e+04
2.927500000000000000e+04
2.927900000000000000e+04
2.927900000000000000e+04
2.927900000000000000e+04
2.928000000000000000e+04
2.928000000000000000e+04
2.928100000000000000e+04
2.928200000000000000e+04
2.928300000000000000e+04
2.928400000000000000e+04
2.928400000000000000e+04
2.928500000000000000e+04
2.928900000000000000e+04
2.928900000000000000e+04
2.929000000000000000e+04
2.929000000000000000e+04
2.929100000000000000e+04
2.929100000000000000e+04
2.929200000000000000e+04
2.929200000000000000e+04
2.929200000000000000e+04
2.929300000000000000e+04
2.929300000000000000e+04
2.929500000000000000e+04
2.929600000000000000e+04
2.929600000000000000e+04
2.929700000000000000e+04
2.929700000000000000e+04
2.929700000000000000e+04
2.929700000000000000e+04
2.929800000000000000e+04
2.930000000000000000e+04
2.930200000000000000e+04
2.930200000000000000e+04
2.930300000000000000e+04
2.930400000000000000e+04
2.930500000000000000e+04
2.930700000000000000e+04
2.930700000000000000e+04
2.930700000000000000e+04
2.930800000000000000e+04
2.930900000000000000e+04
2.930900000000000000e+04
2.931100000000000000e+04
2.931100000000000000e+04
2.931300000000000000e+04
2.931300000000000000e+04
2.931300000000000000e+04
2.931400000000000000e+04
2.931400000000000000e+04
2.931400000000000000e+04
2.931500000000000000e+04
2.931600000000000000e+04
2.931800000000000000e+04
2.931900000000000000e+04
2.931900000000000000e+04
2.931900000000000000e+04
2.932000000000000000e+04
2.932000000000000000e+04
2.932000000000000000e+04
2.932100000000000000e+04
2.932300000000000000e+04
2.932400000000000000e+04
2.932700000000000000e+04
2.932900000000000000e+04
2.933000000000000000e+04
2.933000000000000000e+04
2.933000000000000000e+04
2.933400000000000000e+04
2.933400000000000000e+04
2.933400000000000000e+04
2.933400000000000000e+04
2.933500000000000000e+04
2.933600000000000000e+04
2.933600000000000000e+04
2.933900000000000000e+04
2.934100000000000000e+04
2.934200000000000000e+04
2.934200000000000000e+04
2.934300000000000000e+04
2.934400000000000000e+04
2.934400000000000000e+04
2.934500000000000000e+04
2.934500000000000000e+04
2.934600000000000000e+04
2.934800000000000000e+04
2.934800000000000000e+04
2.934800000000000000e+04
2.935200000000000000e+04
2.935200000000000000e+04
2.935200000000000000e+04
2.935300000000000000e+04
2.935400000000000000e+04
2.935800000000000000e+04
2.936000000000000000e+04
2.936100000000000000e+04
2.936500000000000000e+04
2.936500000000000000e+04
2.936600000000000000e+04
2.936600000000000000e+04
2.936700000000000000e+04
2.936700000000000000e+04
2.936700000000000000e+04
2.937000000000000000e+04
2.937100000000000000e+04
2.937200000000000000e+04
2.937300000000000000e+04
2.937400000000000000e+04
2.937400000000000000e+04
2.937500000000000000e+04
2.937500000000000000e+04
2.937600000000000000e+04
2.938000000000000000e+04
2.938100000000000000e+04
2.938100000000000000e+04
2.938200000000000000e+04
2.938200000000000000e+04
2.938300000000000000e+04
2.938400000000000000e+04
2.938500000000000000e+04
2.938600000000000000e+04
2.938700000000000000e+04
2.938700000000000000e+04
2.938700000000000000e+04
2.938800000000000000e+04
2.938800000000000000e+04
2.938900000000000000e+04
2.939000000000000000e+04
2.939000000000000000e+04
2.939100000000000000e+04
2.939200000000000000e+04
2.939200000000000000e+04
2.939200000000000000e+04
2.939300000000000000e+04
2.939300000000000000e+04
2.939300000000000000e+04
2.939400000000000000e+04
2.939400000000000000e+04
2.939500000000000000e+04
2.939600000000000000e+04
2.939600000000000000e+04
2.939700000000000000e+04
2.939900000000000000e+04
2.940000000000000000e+04
2.940100000000000000e+04
2.940100000000000000e+04
2.940100000000000000e+04
2.940100000000000000e+04
2.940200000000000000e+04
2.940200000000000000e+04
2.940200000000000000e+04
2.940500000000000000e+04
2.940500000000000000e+04
2.940600000000000000e+04
2.940800000000000000e+04
2.940900000000000000e+04
2.941000000000000000e+04
2.941100000000000000e+04
2.941100000000000000e+04
2.941200000000000000e+04
2.941300000000000000e+04
2.941300000000000000e+04
2.941300000000000000e+04
2.941400000000000000e+04
2.941600000000000000e+04
2.941600000000000000e+04
2.941900000000000000e+04
2.942000000000000000e+04
2.942000000000000000e+04
2.942100000000000000e+04
2.942100000000000000e+04
2.942200000000000000e+04
2.942300000000000000e+04
2.942300000000000000e+04
2.942500000000000000e+04
2.942500000000000000e+04
2.942600000000000000e+04
2.942600000000000000e+04
2.942700000000000000e+04
2.942800000000000000e+04
2.942900000000000000e+04
2.943000000000000000e+04
2.943100000000000000e+04
2.943100000000000000e+04
2.943200000000000000e+04
2.943200000000000000e+04
2.943200000000000000e+04
2.943200000000000000e+04
2.943300000000000000e+04
2.943600000000000000e+04
2.943800000000000000e+04
2.943800000000000000e+04
2.943800000000000000e+04
2.943900000000000000e+04
2.943900000000000000e+04
2.943900000000000000e+04
2.944000000000000000e+04
2.944000000000000000e+04
2.944100000000000000e+04
2.944100000000000000e+04
2.944200000000000000e+04
2.944200000000000000e+04
2.944300000000000000e+04
2.944300000000000000e+04
2.944300000000000000e+04
2.944400000000000000e+04
2.944400000000000000e+04
2.944500000000000000e+04
2.944500000000000000e+04
2.944600000000000000e+04
2.944600000000000000e+04
2.944600000000000000e+04
2.944600000000000000e+04
2.944700000000000000e+04
2.944800000000000000e+04
2.944900000000000000e+04
2.945000000000000000e+04
2.945200000000000000e+04
2.945200000000000000e+04
2.945300000000000000e+04
2.945300000000000000e+04
2.945300000000000000e+04
2.945300000000000000e+04
2.945400000000000000e+04
2.945400000000000000e+04
2.945400000000000000e+04
2.945600000000000000e+04
2.945600000000000000e+04
2.945800000000000000e+04
2.945800000000000000e+04
2.945900000000000000e+04
2.945900000000000000e+04
2.946000000000000000e+04
2.946100000000000000e+04
2.946200000000000000e+04
2.946200000000000000e+04
2.946400000000000000e+04
2.946400000000000000e+04
2.946500000000000000e+04
2.946600000000000000e+04
2.946700000000000000e+04
2.946700000000000000e+04
2.946700000000000000e+04
2.946800000000000000e+04
2.946900000000000000e+04
2.947000000000000000e+04
2.947100000000000000e+04
2.947200000000000000e+04
2.947300000000000000e+04
2.947300000000000000e+04
2.947400000000000000e+04
2.947500000000000000e+04
2.947600000000000000e+04
2.947600000000000000e+04
2.947700000000000000e+04
2.947800000000000000e+04
2.947800000000000000e+04
2.948000000000000000e+04
2.948000000000000000e+04
2.948000000000000000e+04
2.948000000000000000e+04
2.948000000000000000e+04
2.948100000000000000e+04
2.948100000000000000e+04
2.948200000000000000e+04
2.948200000000000000e+04
2.948200000000000000e+04
2.948300000000000000e+04
2.948400000000000000e+04
2.948400000000000000e+04
2.948500000000000000e+04
2.948500000000000000e+04
2.948500000000000000e+04
2.948600000000000000e+04
2.948600000000000000e+04
2.948700000000000000e+04
2.948700000000000000e+04
2.948700000000000000e+04
2.949000000000000000e+04
2.949100000000000000e+04
2.949100000000000000e+04
2.949200000000000000e+04
2.949200000000000000e+04
2.949200000000000000e+04
2.949300000000000000e+04
2.949300000000000000e+04
2.949300000000000000e+04
2.949500000000000000e+04
2.949500000000000000e+04
2.949600000000000000e+04
2.949600000000000000e+04
2.949600000000000000e+04
2.949600000000000000e+04
2.949700000000000000e+04
2.949800000000000000e+04
2.949800000000000000e+04
2.949900000000000000e+04
2.950000000000000000e+04
2.950000000000000000e+04
2.950200000000000000e+04
2.950200000000000000e+04
2.950500000000000000e+04
2.950900000000000000e+04
2.951200000000000000e+04
2.951200000000000000e+04
2.951400000000000000e+04
2.951400000000000000e+04
2.951500000000000000e+04
2.951600000000000000e+04
2.951600000000000000e+04
2.951600000000000000e+04
2.951600000000000000e+04
2.951600000000000000e+04
2.951700000000000000e+04
2.951700000000000000e+04
2.952000000000000000e+04
2.952100000000000000e+04
2.952200000000000000e+04
2.952200000000000000e+04
2.952300000000000000e+04
2.952300000000000000e+04
2.952400000000000000e+04
2.952400000000000000e+04
2.952400000000000000e+04
2.952400000000000000e+04
2.952500000000000000e+04
2.952500000000000000e+04
2.952700000000000000e+04
2.952700000000000000e+04
2.952700000000000000e+04
2.952800000000000000e+04
2.952900000000000000e+04
2.952900000000000000e+04
2.953000000000000000e+04
2.953300000000000000e+04
2.953400000000000000e+04
2.953500000000000000e+04
2.953600000000000000e+04
2.953800000000000000e+04
2.953800000000000000e+04
2.953900000000000000e+04
2.953900000000000000e+04
2.954000000000000000e+04
2.954000000000000000e+04
2.954000000000000000e+04
2.954100000000000000e+04
2.954300000000000000e+04
2.954400000000000000e+04
2.954400000000000000e+04
2.954400000000000000e+04
2.954500000000000000e+04
2.954600000000000000e+04
2.954600000000000000e+04
2.954700000000000000e+04
2.955600000000000000e+04
2.955700000000000000e+04
2.955700000000000000e+04
2.955700000000000000e+04
2.956200000000000000e+04
2.956400000000000000e+04
2.956500000000000000e+04
2.956600000000000000e+04
2.956600000000000000e+04
2.956700000000000000e+04
2.956900000000000000e+04
2.956900000000000000e+04
2.956900000000000000e+04
2.956900000000000000e+04
2.957000000000000000e+04
2.957100000000000000e+04
2.957200000000000000e+04
2.957300000000000000e+04
2.957300000000000000e+04
2.957400000000000000e+04
2.957400000000000000e+04
2.957500000000000000e+04
2.957700000000000000e+04
2.957800000000000000e+04
2.957800000000000000e+04
2.957800000000000000e+04
2.957800000000000000e+04
2.957900000000000000e+04
2.957900000000000000e+04
2.958100000000000000e+04
2.958300000000000000e+04
2.958500000000000000e+04
2.958500000000000000e+04
2.958700000000000000e+04
2.958700000000000000e+04
2.958900000000000000e+04
2.958900000000000000e+04
2.959000000000000000e+04
2.959300000000000000e+04
2.959400000000000000e+04
2.959400000000000000e+04
2.959500000000000000e+04
2.959700000000000000e+04
2.959700000000000000e+04
2.959800000000000000e+04
2.959900000000000000e+04
2.959900000000000000e+04
2.960100000000000000e+04
2.960100000000000000e+04
2.960200000000000000e+04
2.960200000000000000e+04
2.960300000000000000e+04
2.960400000000000000e+04
2.960500000000000000e+04
2.960500000000000000e+04
2.960700000000000000e+04
2.960800000000000000e+04
2.960800000000000000e+04
2.960900000000000000e+04
2.960900000000000000e+04
2.961200000000000000e+04
2.961200000000000000e+04
2.961300000000000000e+04
2.961400000000000000e+04
2.961400000000000000e+04
2.961600000000000000e+04
2.961600000000000000e+04
2.961700000000000000e+04
2.961700000000000000e+04
2.961700000000000000e+04
2.962000000000000000e+04
2.962000000000000000e+04
2.962100000000000000e+04
2.962200000000000000e+04
2.962200000000000000e+04
2.962200000000000000e+04
2.962300000000000000e+04
2.962300000000000000e+04
2.962400000000000000e+04
2.962500000000000000e+04
2.962600000000000000e+04
2.962700000000000000e+04
2.962700000000000000e+04
2.962800000000000000e+04
2.962800000000000000e+04
2.962900000000000000e+04
2.963100000000000000e+04
2.963600000000000000e+04
2.963700000000000000e+04
2.963900000000000000e+04
2.964000000000000000e+04
2.964100000000000000e+04
2.964100000000000000e+04
2.964100000000000000e+04
2.964200000000000000e+04
2.964400000000000000e+04
2.964500000000000000e+04
2.964600000000000000e+04
2.964700000000000000e+04
2.964700000000000000e+04
2.964900000000000000e+04
2.965000000000000000e+04
2.965200000000000000e+04
2.965200000000000000e+04
2.965200000000000000e+04
2.965300000000000000e+04
2.965500000000000000e+04
2.965500000000000000e+04
2.965600000000000000e+04
2.965700000000000000e+04
2.965700000000000000e+04
2.965800000000000000e+04
2.965800000000000000e+04
2.965800000000000000e+04
2.965800000000000000e+04
2.965800000000000000e+04
2.966000000000000000e+04
2.966000000000000000e+04
2.966100000000000000e+04
2.966100000000000000e+04
2.966100000000000000e+04
2.966200000000000000e+04
2.966500000000000000e+04
2.966500000000000000e+04
2.966600000000000000e+04
2.966600000000000000e+04
2.966600000000000000e+04
2.966700000000000000e+04
2.966900000000000000e+04
2.967000000000000000e+04
2.967000000000000000e+04
2.967100000000000000e+04
2.967100000000000000e+04
2.967300000000000000e+04
2.967300000000000000e+04
2.967500000000000000e+04
2.967900000000000000e+04
2.967900000000000000e+04
2.968100000000000000e+04
2.968200000000000000e+04
2.968500000000000000e+04
2.968700000000000000e+04
2.968900000000000000e+04
2.968900000000000000e+04
2.968900000000000000e+04
2.969000000000000000e+04
2.969000000000000000e+04
2.969000000000000000e+04
2.969200000000000000e+04
2.969200000000000000e+04
2.969400000000000000e+04
2.969500000000000000e+04
2.969600000000000000e+04
2.969700000000000000e+04
2.970000000000000000e+04
2.970000000000000000e+04
2.970100000000000000e+04
2.970500000000000000e+04
2.970600000000000000e+04
2.970600000000000000e+04
2.970700000000000000e+04
2.971000000000000000e+04
2.971000000000000000e+04
2.971000000000000000e+04
2.971100000000000000e+04
2.971100000000000000e+04
2.971200000000000000e+04
2.971200000000000000e+04
2.971200000000000000e+04
2.971200000000000000e+04
2.971200000000000000e+04
2.971300000000000000e+04
2.971400000000000000e+04
2.971400000000000000e+04
2.971400000000000000e+04
2.971700000000000000e+04
2.971700000000000000e+04
2.971700000000000000e+04
2.971900000000000000e+04
2.971900000000000000e+04
2.972100000000000000e+04
2.972100000000000000e+04
2.972100000000000000e+04
2.972100000000000000e+04
2.972300000000000000e+04
2.972300000000000000e+04
2.972500000000000000e+04
2.972700000000000000e+04
2.972900000000000000e+04
2.972900000000000000e+04
2.973000000000000000e+04
2.973200000000000000e+04
2.973300000000000000e+04
2.973300000000000000e+04
2.973400000000000000e+04
2.973500000000000000e+04
2.973500000000000000e+04
2.973500000000000000e+04
2.973600000000000000e+04
2.973600000000000000e+04
2.973700000000000000e+04
2.973700000000000000e+04
2.973700000000000000e+04
2.973800000000000000e+04
2.973900000000000000e+04
2.974200000000000000e+04
2.974200000000000000e+04
2.974300000000000000e+04
2.974400000000000000e+04
2.974700000000000000e+04
2.974700000000000000e+04
2.974800000000000000e+04
2.974800000000000000e+04
2.975100000000000000e+04
2.975200000000000000e+04
2.975300000000000000e+04
2.975300000000000000e+04
2.975400000000000000e+04
2.975400000000000000e+04
2.975500000000000000e+04
2.975600000000000000e+04
2.975800000000000000e+04
2.975800000000000000e+04
2.975900000000000000e+04
2.976200000000000000e+04
2.976200000000000000e+04
2.976300000000000000e+04
2.976300000000000000e+04
2.976400000000000000e+04
2.976500000000000000e+04
2.976500000000000000e+04
2.976500000000000000e+04
2.976500000000000000e+04
2.976600000000000000e+04
2.976700000000000000e+04
2.976800000000000000e+04
2.976800000000000000e+04
2.976900000000000000e+04
2.976900000000000000e+04
2.977100000000000000e+04
2.977100000000000000e+04
2.977100000000000000e+04
2.977400000000000000e+04
2.977400000000000000e+04
2.977400000000000000e+04
2.977400000000000000e+04
2.977500000000000000e+04
2.977500000000000000e+04
2.977500000000000000e+04
2.977800000000000000e+04
2.978000000000000000e+04
2.978100000000000000e+04
2.978200000000000000e+04
2.978400000000000000e+04
2.978400000000000000e+04
2.978600000000000000e+04
2.978700000000000000e+04
2.978800000000000000e+04
2.978800000000000000e+04
2.978900000000000000e+04
2.979000000000000000e+04
2.979000000000000000e+04
2.979100000000000000e+04
2.979200000000000000e+04
2.979300000000000000e+04
2.979800000000000000e+04
2.979800000000000000e+04
2.979800000000000000e+04
2.980000000000000000e+04
2.980000000000000000e+04
2.980100000000000000e+04
2.980200000000000000e+04
2.980300000000000000e+04
2.980400000000000000e+04
2.980400000000000000e+04
2.980700000000000000e+04
2.980800000000000000e+04
2.980800000000000000e+04
2.981000000000000000e+04
2.981200000000000000e+04
2.981400000000000000e+04
2.981400000000000000e+04
2.981400000000000000e+04
2.981500000000000000e+04
2.981500000000000000e+04
2.981500000000000000e+04
2.981700000000000000e+04
2.982100000000000000e+04
2.982100000000000000e+04
2.982200000000000000e+04
2.982300000000000000e+04
2.982300000000000000e+04
2.982400000000000000e+04
2.982500000000000000e+04
2.982500000000000000e+04
2.982600000000000000e+04
2.982700000000000000e+04
2.982900000000000000e+04
2.983000000000000000e+04
2.983000000000000000e+04
2.983100000000000000e+04
2.983200000000000000e+04
2.983300000000000000e+04
2.983300000000000000e+04
2.983800000000000000e+04
2.983900000000000000e+04
2.983900000000000000e+04
2.984200000000000000e+04
2.984200000000000000e+04
2.984300000000000000e+04
2.984400000000000000e+04
2.984500000000000000e+04
2.984700000000000000e+04
2.984800000000000000e+04
2.984900000000000000e+04
2.985400000000000000e+04
2.985700000000000000e+04
2.985700000000000000e+04
2.985700000000000000e+04
2.985800000000000000e+04
2.985900000000000000e+04
2.985900000000000000e+04
2.985900000000000000e+04
2.986000000000000000e+04
2.986000000000000000e+04
2.986200000000000000e+04
2.986300000000000000e+04
2.986600000000000000e+04
2.986700000000000000e+04
2.986700000000000000e+04
2.986800000000000000e+04
2.987000000000000000e+04
2.987000000000000000e+04
2.987100000000000000e+04
2.987200000000000000e+04
2.987200000000000000e+04
2.987300000000000000e+04
2.987300000000000000e+04
2.987700000000000000e+04
2.987800000000000000e+04
2.987800000000000000e+04
2.987900000000000000e+04
2.988200000000000000e+04
2.988400000000000000e+04
2.988400000000000000e+04
2.988400000000000000e+04
2.988600000000000000e+04
2.988700000000000000e+04
2.988700000000000000e+04
2.988800000000000000e+04
2.988800000000000000e+04
2.989000000000000000e+04
2.989100000000000000e+04
2.989100000000000000e+04
2.989300000000000000e+04
2.989500000000000000e+04
2.989600000000000000e+04
2.989600000000000000e+04
2.989600000000000000e+04
2.989700000000000000e+04
2.989800000000000000e+04
2.989900000000000000e+04
2.990000000000000000e+04
2.990000000000000000e+04
2.990000000000000000e+04
2.990100000000000000e+04
2.990400000000000000e+04
2.990400000000000000e+04
2.991100000000000000e+04
2.991200000000000000e+04
2.991400000000000000e+04
2.991500000000000000e+04
2.991600000000000000e+04
2.991800000000000000e+04
2.992400000000000000e+04
2.992600000000000000e+04
2.992600000000000000e+04
2.992600000000000000e+04
2.992600000000000000e+04
2.992800000000000000e+04
2.993000000000000000e+04
2.993100000000000000e+04
2.993200000000000000e+04
2.993400000000000000e+04
2.993400000000000000e+04
2.993400000000000000e+04
2.993500000000000000e+04
2.993500000000000000e+04
2.993600000000000000e+04
2.993800000000000000e+04
2.994000000000000000e+04
2.994000000000000000e+04
2.994100000000000000e+04
2.994200000000000000e+04
2.994400000000000000e+04
2.994700000000000000e+04
2.994700000000000000e+04
2.994800000000000000e+04
2.994800000000000000e+04
2.995100000000000000e+04
2.995200000000000000e+04
2.995200000000000000e+04
2.995400000000000000e+04
2.995400000000000000e+04
2.995400000000000000e+04
2.995600000000000000e+04
2.995600000000000000e+04
2.995600000000000000e+04
2.995900000000000000e+04
2.995900000000000000e+04
2.995900000000000000e+04
2.995900000000000000e+04
2.995900000000000000e+04
2.996000000000000000e+04
2.996200000000000000e+04
2.996200000000000000e+04
2.996600000000000000e+04
2.996800000000000000e+04
2.996800000000000000e+04
2.997000000000000000e+04
2.997000000000000000e+04
2.997100000000000000e+04
2.997100000000000000e+04
2.997300000000000000e+04
2.997500000000000000e+04
2.997500000000000000e+04
2.997500000000000000e+04
2.997600000000000000e+04
2.997700000000000000e+04
2.997700000000000000e+04
2.997800000000000000e+04
2.997800000000000000e+04
2.998000000000000000e+04
2.998000000000000000e+04
2.998100000000000000e+04
2.998100000000000000e+04
2.998200000000000000e+04
2.998300000000000000e+04
2.998400000000000000e+04
2.998500000000000000e+04
2.998600000000000000e+04
2.998900000000000000e+04
2.999100000000000000e+04
2.999200000000000000e+04
2.999200000000000000e+04
2.999200000000000000e+04
2.999300000000000000e+04
2.999300000000000000e+04
2.999400000000000000e+04
2.999500000000000000e+04
2.999700000000000000e+04
2.999700000000000000e+04
2.999900000000000000e+04
3.000300000000000000e+04
3.000300000000000000e+04
3.000300000000000000e+04
3.000300000000000000e+04
3.000400000000000000e+04
3.000500000000000000e+04
3.000800000000000000e+04
3.000800000000000000e+04
3.000900000000000000e+04
3.000900000000000000e+04
3.001000000000000000e+04
3.001000000000000000e+04
3.001000000000000000e+04
3.001200000000000000e+04
3.001200000000000000e+04
3.001500000000000000e+04
3.001600000000000000e+04
3.002100000000000000e+04
3.002100000000000000e+04
3.002100000000000000e+04
3.002600000000000000e+04
3.002600000000000000e+04
3.002900000000000000e+04
3.003200000000000000e+04
3.003200000000000000e+04
3.003300000000000000e+04
3.003400000000000000e+04
3.003600000000000000e+04
3.003800000000000000e+04
3.003800000000000000e+04
3.003800000000000000e+04
3.003900000000000000e+04
3.004300000000000000e+04
3.004400000000000000e+04
3.004400000000000000e+04
3.004600000000000000e+04
3.004900000000000000e+04
3.004900000000000000e+04
3.005200000000000000e+04
3.005200000000000000e+04
3.005500000000000000e+04
3.005500000000000000e+04
3.005500000000000000e+04
3.005800000000000000e+04
3.005900000000000000e+04
3.005900000000000000e+04
3.006000000000000000e+04
3.006500000000000000e+04
3.006600000000000000e+04
3.006600000000000000e+04
3.007100000000000000e+04
3.007400000000000000e+04
3.007600000000000000e+04
3.007600000000000000e+04
3.007600000000000000e+04
3.007800000000000000e+04
3.007900000000000000e+04
3.008000000000000000e+04
3.008200000000000000e+04
3.008200000000000000e+04
3.008200000000000000e+04
3.008500000000000000e+04
3.008700000000000000e+04
3.008900000000000000e+04
3.008900000000000000e+04
3.009100000000000000e+04
3.009100000000000000e+04
3.009200000000000000e+04
3.009300000000000000e+04
3.009300000000000000e+04
3.009400000000000000e+04
3.009400000000000000e+04
3.009500000000000000e+04
3.009800000000000000e+04
3.009800000000000000e+04
3.009900000000000000e+04
3.009900000000000000e+04
3.010100000000000000e+04
3.010100000000000000e+04
3.010100000000000000e+04
3.010200000000000000e+04
3.010400000000000000e+04
3.010500000000000000e+04
3.011100000000000000e+04
3.011200000000000000e+04
3.011400000000000000e+04
3.011500000000000000e+04
3.011700000000000000e+04
3.011800000000000000e+04
3.011900000000000000e+04
3.012000000000000000e+04
3.012000000000000000e+04
3.012200000000000000e+04
3.012300000000000000e+04
3.012400000000000000e+04
3.012500000000000000e+04
3.012600000000000000e+04
3.012600000000000000e+04
3.012700000000000000e+04
3.012800000000000000e+04
3.012900000000000000e+04
3.013200000000000000e+04
3.013200000000000000e+04
3.013200000000000000e+04
3.013300000000000000e+04
3.013300000000000000e+04
3.013500000000000000e+04
3.013700000000000000e+04
3.013700000000000000e+04
3.013800000000000000e+04
3.013800000000000000e+04
3.014100000000000000e+04
3.014100000000000000e+04
3.014200000000000000e+04
3.014500000000000000e+04
3.014800000000000000e+04
3.014900000000000000e+04
3.014900000000000000e+04
3.015000000000000000e+04
3.015000000000000000e+04
3.015200000000000000e+04
3.015300000000000000e+04
3.015300000000000000e+04
3.015400000000000000e+04
3.015600000000000000e+04
3.015700000000000000e+04
3.015700000000000000e+04
3.015900000000000000e+04
3.016000000000000000e+04
3.016300000000000000e+04
3.016300000000000000e+04
3.016300000000000000e+04
3.016400000000000000e+04
3.016700000000000000e+04
3.016800000000000000e+04
3.016800000000000000e+04
3.016900000000000000e+04
3.016900000000000000e+04
3.017000000000000000e+04
3.017100000000000000e+04
3.017400000000000000e+04
3.017400000000000000e+04
3.017500000000000000e+04
3.017700000000000000e+04
3.017800000000000000e+04
3.017900000000000000e+04
3.017900000000000000e+04
3.018000000000000000e+04
3.018200000000000000e+04
3.018400000000000000e+04
3.018600000000000000e+04
3.018800000000000000e+04
3.018900000000000000e+04
3.019000000000000000e+04
3.019300000000000000e+04
3.019400000000000000e+04
3.019400000000000000e+04
3.019400000000000000e+04
3.019500000000000000e+04
3.019600000000000000e+04
3.019700000000000000e+04
3.019800000000000000e+04
3.019900000000000000e+04
3.020100000000000000e+04
3.020200000000000000e+04
3.020300000000000000e+04
3.020300000000000000e+04
3.020600000000000000e+04
3.020600000000000000e+04
3.020700000000000000e+04
3.020700000000000000e+04
3.020700000000000000e+04
3.021400000000000000e+04
3.021500000000000000e+04
3.021500000000000000e+04
3.021800000000000000e+04
3.021900000000000000e+04
3.021900000000000000e+04
3.022000000000000000e+04
3.022000000000000000e+04
3.022500000000000000e+04
3.022700000000000000e+04
3.022700000000000000e+04
3.022700000000000000e+04
3.022800000000000000e+04
3.022900000000000000e+04
3.023100000000000000e+04
3.023100000000000000e+04
3.023100000000000000e+04
3.023200000000000000e+04
3.023200000000000000e+04
3.023500000000000000e+04
3.023500000000000000e+04
3.023600000000000000e+04
3.023700000000000000e+04
3.023800000000000000e+04
3.023900000000000000e+04
3.024200000000000000e+04
3.024300000000000000e+04
3.024400000000000000e+04
3.024500000000000000e+04
3.024600000000000000e+04
3.024700000000000000e+04
3.025100000000000000e+04
3.025100000000000000e+04
3.025100000000000000e+04
3.025200000000000000e+04
3.025300000000000000e+04
3.025600000000000000e+04
3.025800000000000000e+04
3.025800000000000000e+04
3.025900000000000000e+04
3.026200000000000000e+04
3.026300000000000000e+04
3.026800000000000000e+04
3.027100000000000000e+04
3.027300000000000000e+04
3.027400000000000000e+04
3.027400000000000000e+04
3.027500000000000000e+04
3.027600000000000000e+04
3.027700000000000000e+04
3.027800000000000000e+04
3.027900000000000000e+04
3.028200000000000000e+04
3.028200000000000000e+04
3.028300000000000000e+04
3.028400000000000000e+04
3.028500000000000000e+04
3.028900000000000000e+04
3.028900000000000000e+04
3.029000000000000000e+04
3.029000000000000000e+04
3.029400000000000000e+04
3.029500000000000000e+04
3.029600000000000000e+04
3.029600000000000000e+04
3.029700000000000000e+04
3.029900000000000000e+04
3.030000000000000000e+04
3.030100000000000000e+04
3.030100000000000000e+04
3.030300000000000000e+04
3.030400000000000000e+04
3.030700000000000000e+04
3.030800000000000000e+04
3.030900000000000000e+04
3.031100000000000000e+04
3.031200000000000000e+04
3.031400000000000000e+04
3.031400000000000000e+04
3.031500000000000000e+04
3.031600000000000000e+04
3.031900000000000000e+04
3.031900000000000000e+04
3.031900000000000000e+04
3.032100000000000000e+04
3.032300000000000000e+04
3.032400000000000000e+04
3.032500000000000000e+04
3.032500000000000000e+04
3.032700000000000000e+04
3.032700000000000000e+04
3.032800000000000000e+04
3.032800000000000000e+04
3.032900000000000000e+04
3.033200000000000000e+04
3.033300000000000000e+04
3.033600000000000000e+04
3.033600000000000000e+04
3.033900000000000000e+04
3.034100000000000000e+04
3.034300000000000000e+04
3.034400000000000000e+04
3.034400000000000000e+04
3.034500000000000000e+04
3.034500000000000000e+04
3.034500000000000000e+04
3.034800000000000000e+04
3.034900000000000000e+04
3.035100000000000000e+04
3.035700000000000000e+04
3.035700000000000000e+04
3.035700000000000000e+04
3.035700000000000000e+04
3.035700000000000000e+04
3.036100000000000000e+04
3.036100000000000000e+04
3.036200000000000000e+04
3.036200000000000000e+04
3.036200000000000000e+04
3.036400000000000000e+04
3.036400000000000000e+04
3.036500000000000000e+04
3.036600000000000000e+04
3.036800000000000000e+04
3.036900000000000000e+04
3.037000000000000000e+04
3.037000000000000000e+04
3.037000000000000000e+04
3.037100000000000000e+04
3.037200000000000000e+04
3.037300000000000000e+04
3.037400000000000000e+04
3.037400000000000000e+04
3.037600000000000000e+04
3.037900000000000000e+04
3.037900000000000000e+04
3.038100000000000000e+04
3.038300000000000000e+04
3.038500000000000000e+04
3.038600000000000000e+04
3.038700000000000000e+04
3.038900000000000000e+04
3.038900000000000000e+04
3.038900000000000000e+04
3.039000000000000000e+04
3.039700000000000000e+04
3.039800000000000000e+04
3.039900000000000000e+04
3.040200000000000000e+04
3.040200000000000000e+04
3.040300000000000000e+04
3.040600000000000000e+04
3.040700000000000000e+04
3.040700000000000000e+04
3.040700000000000000e+04
3.040700000000000000e+04
3.040800000000000000e+04
3.040900000000000000e+04
3.040900000000000000e+04
3.041000000000000000e+04
3.041100000000000000e+04
3.041200000000000000e+04
3.041200000000000000e+04
3.041700000000000000e+04
3.041800000000000000e+04
3.041900000000000000e+04
3.042000000000000000e+04
3.042200000000000000e+04
3.042400000000000000e+04
3.042700000000000000e+04
3.042700000000000000e+04
3.043000000000000000e+04
3.043100000000000000e+04
3.043200000000000000e+04
3.043300000000000000e+04
3.043300000000000000e+04
3.043400000000000000e+04
3.043600000000000000e+04
3.043600000000000000e+04
3.043800000000000000e+04
3.044000000000000000e+04
3.044100000000000000e+04
3.044100000000000000e+04
3.044300000000000000e+04
3.044300000000000000e+04
3.044700000000000000e+04
3.044700000000000000e+04
3.044700000000000000e+04
3.045000000000000000e+04
3.045100000000000000e+04
3.045100000000000000e+04
3.045400000000000000e+04
3.045600000000000000e+04
3.045700000000000000e+04
3.045800000000000000e+04
3.046400000000000000e+04
3.046900000000000000e+04
3.047100000000000000e+04
3.047100000000000000e+04
3.047600000000000000e+04
3.047600000000000000e+04
3.047700000000000000e+04
3.048200000000000000e+04
3.048700000000000000e+04
3.048700000000000000e+04
3.048700000000000000e+04
3.049000000000000000e+04
3.049000000000000000e+04
3.049100000000000000e+04
3.049100000000000000e+04
3.049100000000000000e+04
3.049200000000000000e+04
3.049300000000000000e+04
3.049700000000000000e+04
3.050100000000000000e+04
3.050100000000000000e+04
3.050100000000000000e+04
3.050100000000000000e+04
3.050300000000000000e+04
3.050400000000000000e+04
3.050500000000000000e+04
3.050500000000000000e+04
3.050700000000000000e+04
3.050700000000000000e+04
3.050800000000000000e+04
3.050900000000000000e+04
3.051100000000000000e+04
3.051100000000000000e+04
3.051300000000000000e+04
3.051400000000000000e+04
3.051700000000000000e+04
3.051700000000000000e+04
3.051800000000000000e+04
3.052000000000000000e+04
3.052000000000000000e+04
3.052200000000000000e+04
3.052300000000000000e+04
3.052400000000000000e+04
3.052500000000000000e+04
3.052600000000000000e+04
3.052700000000000000e+04
3.052800000000000000e+04
3.053100000000000000e+04
3.053100000000000000e+04
3.053200000000000000e+04
3.053300000000000000e+04
3.053500000000000000e+04
3.053600000000000000e+04
3.053700000000000000e+04
3.053800000000000000e+04
3.053900000000000000e+04
3.054000000000000000e+04
3.054500000000000000e+04
3.054600000000000000e+04
3.054800000000000000e+04
3.054900000000000000e+04
3.055100000000000000e+04
3.055100000000000000e+04
3.055400000000000000e+04
3.055400000000000000e+04
3.055400000000000000e+04
3.055500000000000000e+04
3.055500000000000000e+04
3.055900000000000000e+04
3.056100000000000000e+04
3.056200000000000000e+04
3.056400000000000000e+04
3.056400000000000000e+04
3.056400000000000000e+04
3.056500000000000000e+04
3.056500000000000000e+04
3.057000000000000000e+04
3.057200000000000000e+04
3.057400000000000000e+04
3.057700000000000000e+04
3.057800000000000000e+04
3.057800000000000000e+04
3.058000000000000000e+04
3.058200000000000000e+04
3.058200000000000000e+04
3.058300000000000000e+04
3.058400000000000000e+04
3.058600000000000000e+04
3.058600000000000000e+04
3.058600000000000000e+04
3.058700000000000000e+04
3.059000000000000000e+04
3.059300000000000000e+04
3.059400000000000000e+04
3.059400000000000000e+04
3.059400000000000000e+04
3.059500000000000000e+04
3.059700000000000000e+04
3.059700000000000000e+04
3.059700000000000000e+04
3.059900000000000000e+04
3.059900000000000000e+04
3.059900000000000000e+04
3.060000000000000000e+04
3.060000000000000000e+04
3.060200000000000000e+04
3.060400000000000000e+04
3.060500000000000000e+04
3.060800000000000000e+04
3.060800000000000000e+04
3.060800000000000000e+04
3.061000000000000000e+04
3.061300000000000000e+04
3.061600000000000000e+04
3.062000000000000000e+04
3.062000000000000000e+04
3.062000000000000000e+04
3.062100000000000000e+04
3.062200000000000000e+04
3.062300000000000000e+04
3.062300000000000000e+04
3.062300000000000000e+04
3.062300000000000000e+04
3.062500000000000000e+04
3.062700000000000000e+04
3.062800000000000000e+04
3.062900000000000000e+04
3.063000000000000000e+04
3.063100000000000000e+04
3.063400000000000000e+04
3.063500000000000000e+04
3.063800000000000000e+04
3.064000000000000000e+04
3.064100000000000000e+04
3.064200000000000000e+04
3.064300000000000000e+04
3.064400000000000000e+04
3.064500000000000000e+04
3.064600000000000000e+04
3.064700000000000000e+04
3.064800000000000000e+04
3.065000000000000000e+04
3.065000000000000000e+04
3.065100000000000000e+04
3.065200000000000000e+04
3.065200000000000000e+04
3.065300000000000000e+04
3.065300000000000000e+04
3.065600000000000000e+04
3.065900000000000000e+04
3.066000000000000000e+04
3.066000000000000000e+04
3.066100000000000000e+04
3.066100000000000000e+04
3.066200000000000000e+04
3.066300000000000000e+04
3.066500000000000000e+04
3.066600000000000000e+04
3.066700000000000000e+04
3.066700000000000000e+04
3.066900000000000000e+04
3.066900000000000000e+04
3.066900000000000000e+04
3.067000000000000000e+04
3.067000000000000000e+04
3.067100000000000000e+04
3.067100000000000000e+04
3.067200000000000000e+04
3.067300000000000000e+04
3.067400000000000000e+04
3.067500000000000000e+04
3.067500000000000000e+04
3.067700000000000000e+04
3.067700000000000000e+04
3.067800000000000000e+04
3.067800000000000000e+04
3.067800000000000000e+04
3.067800000000000000e+04
3.067900000000000000e+04
3.068000000000000000e+04
3.068200000000000000e+04
3.068200000000000000e+04
3.068200000000000000e+04
3.068300000000000000e+04
3.068300000000000000e+04
3.068300000000000000e+04
3.068500000000000000e+04
3.068500000000000000e+04
3.068600000000000000e+04
3.068700000000000000e+04
3.068700000000000000e+04
3.068700000000000000e+04
3.068900000000000000e+04
3.069000000000000000e+04
3.069100000000000000e+04
3.069200000000000000e+04
3.069300000000000000e+04
3.069400000000000000e+04
3.069500000000000000e+04
3.069500000000000000e+04
3.069600000000000000e+04
3.069600000000000000e+04
3.069800000000000000e+04
3.070000000000000000e+04
3.070200000000000000e+04
3.070400000000000000e+04
3.070400000000000000e+04
3.070500000000000000e+04
3.070500000000000000e+04
3.070500000000000000e+04
3.070700000000000000e+04
3.070700000000000000e+04
3.070700000000000000e+04
3.071100000000000000e+04
3.071200000000000000e+04
3.071300000000000000e+04
3.071300000000000000e+04
3.071400000000000000e+04
3.071400000000000000e+04
3.071500000000000000e+04
3.071700000000000000e+04
3.071900000000000000e+04
3.071900000000000000e+04
3.071900000000000000e+04
3.072100000000000000e+04
3.072100000000000000e+04
3.072100000000000000e+04
3.072200000000000000e+04
3.072200000000000000e+04
3.072500000000000000e+04
3.072500000000000000e+04
3.072600000000000000e+04
3.072600000000000000e+04
3.072600000000000000e+04
3.072700000000000000e+04
3.073000000000000000e+04
3.073200000000000000e+04
3.073300000000000000e+04
3.073300000000000000e+04
3.073400000000000000e+04
3.073500000000000000e+04
3.073600000000000000e+04
3.073600000000000000e+04
3.073900000000000000e+04
3.073900000000000000e+04
3.073900000000000000e+04
3.074000000000000000e+04
3.074300000000000000e+04
3.074400000000000000e+04
3.074500000000000000e+04
3.074500000000000000e+04
3.074600000000000000e+04
3.074600000000000000e+04
3.074700000000000000e+04
3.074800000000000000e+04
3.074800000000000000e+04
3.074800000000000000e+04
3.074900000000000000e+04
3.074900000000000000e+04
3.075100000000000000e+04
3.075400000000000000e+04
3.075500000000000000e+04
3.075600000000000000e+04
3.075700000000000000e+04
3.075700000000000000e+04
3.075900000000000000e+04
3.075900000000000000e+04
3.076000000000000000e+04
3.076200000000000000e+04
3.076300000000000000e+04
3.076300000000000000e+04
3.076300000000000000e+04
3.076300000000000000e+04
3.076400000000000000e+04
3.076400000000000000e+04
3.076500000000000000e+04
3.076500000000000000e+04
3.076500000000000000e+04
3.076700000000000000e+04
3.077000000000000000e+04
3.077000000000000000e+04
3.077100000000000000e+04
3.077200000000000000e+04
3.077300000000000000e+04
3.077800000000000000e+04
3.077800000000000000e+04
3.077900000000000000e+04
3.078000000000000000e+04
3.078100000000000000e+04
3.078200000000000000e+04
3.078200000000000000e+04
3.078300000000000000e+04
3.078500000000000000e+04
3.078500000000000000e+04
3.078500000000000000e+04
3.078800000000000000e+04
3.079100000000000000e+04
3.079100000000000000e+04
3.079500000000000000e+04
3.079700000000000000e+04
3.079800000000000000e+04
3.079900000000000000e+04
3.079900000000000000e+04
3.079900000000000000e+04
3.080000000000000000e+04
3.080200000000000000e+04
3.080200000000000000e+04
3.080400000000000000e+04
3.080600000000000000e+04
3.080600000000000000e+04
3.080700000000000000e+04
3.080900000000000000e+04
3.080900000000000000e+04
3.081100000000000000e+04
3.081300000000000000e+04
3.081300000000000000e+04
3.081300000000000000e+04
3.081800000000000000e+04
3.081800000000000000e+04
3.081900000000000000e+04
3.082200000000000000e+04
3.082300000000000000e+04
3.082400000000000000e+04
3.082500000000000000e+04
3.082600000000000000e+04
3.082700000000000000e+04
3.082700000000000000e+04
3.083000000000000000e+04
3.083400000000000000e+04
3.083600000000000000e+04
3.083700000000000000e+04
3.083800000000000000e+04
3.083900000000000000e+04
3.084100000000000000e+04
3.084100000000000000e+04
3.084300000000000000e+04
3.084600000000000000e+04
3.084700000000000000e+04
3.084800000000000000e+04
3.084900000000000000e+04
3.084900000000000000e+04
3.084900000000000000e+04
3.085100000000000000e+04
3.085200000000000000e+04
3.085200000000000000e+04
3.085400000000000000e+04
3.085500000000000000e+04
3.085600000000000000e+04
3.085600000000000000e+04
3.085700000000000000e+04
3.085700000000000000e+04
3.085900000000000000e+04
3.086000000000000000e+04
3.086100000000000000e+04
3.086100000000000000e+04
3.086200000000000000e+04
3.086200000000000000e+04
3.086300000000000000e+04
3.086300000000000000e+04
3.086500000000000000e+04
3.086500000000000000e+04
3.086700000000000000e+04
3.086800000000000000e+04
3.086800000000000000e+04
3.086900000000000000e+04
3.086900000000000000e+04
3.086900000000000000e+04
3.087000000000000000e+04
3.087100000000000000e+04
3.087300000000000000e+04
3.087300000000000000e+04
3.087400000000000000e+04
3.087500000000000000e+04
3.087600000000000000e+04
3.087600000000000000e+04
3.087700000000000000e+04
3.087700000000000000e+04
3.087700000000000000e+04
3.087800000000000000e+04
3.087900000000000000e+04
3.087900000000000000e+04
3.088000000000000000e+04
3.088000000000000000e+04
3.088200000000000000e+04
3.088200000000000000e+04
3.088200000000000000e+04
3.088200000000000000e+04
3.088500000000000000e+04
3.088600000000000000e+04
3.088600000000000000e+04
3.088700000000000000e+04
3.088700000000000000e+04
3.088800000000000000e+04
3.088800000000000000e+04
3.088800000000000000e+04
3.088900000000000000e+04
3.089100000000000000e+04
3.089300000000000000e+04
3.089300000000000000e+04
3.089300000000000000e+04
3.089300000000000000e+04
3.089300000000000000e+04
3.089400000000000000e+04
3.089400000000000000e+04
3.089600000000000000e+04
3.089700000000000000e+04
3.089700000000000000e+04
3.089900000000000000e+04
3.089900000000000000e+04
3.090000000000000000e+04
3.090000000000000000e+04
3.090100000000000000e+04
3.090200000000000000e+04
3.090200000000000000e+04
3.090200000000000000e+04
3.090300000000000000e+04
3.090400000000000000e+04
3.090600000000000000e+04
3.090600000000000000e+04
3.090600000000000000e+04
3.090700000000000000e+04
3.090700000000000000e+04
3.090800000000000000e+04
3.090900000000000000e+04
3.090900000000000000e+04
3.091000000000000000e+04
3.091000000000000000e+04
3.091100000000000000e+04
3.091200000000000000e+04
3.091300000000000000e+04
3.091300000000000000e+04
3.091300000000000000e+04
3.091400000000000000e+04
3.091700000000000000e+04
3.091700000000000000e+04
3.092000000000000000e+04
3.092000000000000000e+04
3.092000000000000000e+04
3.092200000000000000e+04
3.092300000000000000e+04
3.092300000000000000e+04
3.092500000000000000e+04
3.092500000000000000e+04
3.092500000000000000e+04
3.092600000000000000e+04
3.092600000000000000e+04
3.092700000000000000e+04
3.092700000000000000e+04
3.092700000000000000e+04
3.092900000000000000e+04
3.093000000000000000e+04
3.093100000000000000e+04
3.093400000000000000e+04
3.093400000000000000e+04
3.093400000000000000e+04
3.093500000000000000e+04
3.093500000000000000e+04
3.093600000000000000e+04
3.093800000000000000e+04
3.093800000000000000e+04
3.093900000000000000e+04
3.094100000000000000e+04
3.094400000000000000e+04
3.094400000000000000e+04
3.094500000000000000e+04
3.094500000000000000e+04
3.094600000000000000e+04
3.094600000000000000e+04
3.094600000000000000e+04
3.094700000000000000e+04
3.094700000000000000e+04
3.094800000000000000e+04
3.094900000000000000e+04
3.095000000000000000e+04
3.095000000000000000e+04
3.095000000000000000e+04
3.095000000000000000e+04
3.095100000000000000e+04
3.095300000000000000e+04
3.095500000000000000e+04
3.095700000000000000e+04
3.095900000000000000e+04
3.095900000000000000e+04
3.095900000000000000e+04
3.096100000000000000e+04
3.096200000000000000e+04
3.096500000000000000e+04
3.096500000000000000e+04
3.096500000000000000e+04
3.096600000000000000e+04
3.096600000000000000e+04
3.096700000000000000e+04
3.096800000000000000e+04
3.097000000000000000e+04
3.097200000000000000e+04
3.097300000000000000e+04
3.097400000000000000e+04
3.097500000000000000e+04
3.097600000000000000e+04
3.097700000000000000e+04
3.097700000000000000e+04
3.097800000000000000e+04
3.097900000000000000e+04
3.098100000000000000e+04
3.098200000000000000e+04
3.098200000000000000e+04
3.098400000000000000e+04
3.098400000000000000e+04
3.098500000000000000e+04
3.098500000000000000e+04
3.098600000000000000e+04
3.098900000000000000e+04
3.098900000000000000e+04
3.099000000000000000e+04
3.099000000000000000e+04
3.099100000000000000e+04
3.099200000000000000e+04
3.099400000000000000e+04
3.099600000000000000e+04
3.099800000000000000e+04
3.099800000000000000e+04
3.099900000000000000e+04
3.099900000000000000e+04
3.099900000000000000e+04
3.099900000000000000e+04
3.100000000000000000e+04
3.100000000000000000e+04
3.100000000000000000e+04
3.100100000000000000e+04
3.100100000000000000e+04
3.100100000000000000e+04
3.100200000000000000e+04
3.100400000000000000e+04
3.100600000000000000e+04
3.101000000000000000e+04
3.101100000000000000e+04
3.101100000000000000e+04
3.101200000000000000e+04
3.101200000000000000e+04
3.101200000000000000e+04
3.101400000000000000e+04
3.101500000000000000e+04
3.101700000000000000e+04
3.101800000000000000e+04
3.102000000000000000e+04
3.102000000000000000e+04
3.102000000000000000e+04
3.102000000000000000e+04
3.102100000000000000e+04
3.102100000000000000e+04
3.102200000000000000e+04
3.102300000000000000e+04
3.102500000000000000e+04
3.102700000000000000e+04
3.102700000000000000e+04
3.102800000000000000e+04
3.103200000000000000e+04
3.103300000000000000e+04
3.103300000000000000e+04
3.103300000000000000e+04
3.103500000000000000e+04
3.103600000000000000e+04
3.103600000000000000e+04
3.103600000000000000e+04
3.103700000000000000e+04
3.104100000000000000e+04
3.104200000000000000e+04
3.104200000000000000e+04
3.104200000000000000e+04
3.104300000000000000e+04
3.104300000000000000e+04
3.104300000000000000e+04
3.104400000000000000e+04
3.104400000000000000e+04
3.104800000000000000e+04
3.104800000000000000e+04
3.104800000000000000e+04
3.104800000000000000e+04
3.104900000000000000e+04
3.104900000000000000e+04
3.105000000000000000e+04
3.105000000000000000e+04
3.105100000000000000e+04
3.105100000000000000e+04
3.105200000000000000e+04
3.105300000000000000e+04
3.105400000000000000e+04
3.105500000000000000e+04
3.105500000000000000e+04
3.105700000000000000e+04
3.105800000000000000e+04
3.105800000000000000e+04
3.105900000000000000e+04
3.106200000000000000e+04
3.106400000000000000e+04
3.106800000000000000e+04
3.106800000000000000e+04
3.106800000000000000e+04
3.106900000000000000e+04
3.107000000000000000e+04
3.107400000000000000e+04
3.107600000000000000e+04
3.107700000000000000e+04
3.108000000000000000e+04
3.108100000000000000e+04
3.108100000000000000e+04
3.108100000000000000e+04
3.108200000000000000e+04
3.108200000000000000e+04
3.108400000000000000e+04
3.108400000000000000e+04
3.108500000000000000e+04
3.108600000000000000e+04
3.108600000000000000e+04
3.108700000000000000e+04
3.108800000000000000e+04
3.108800000000000000e+04
3.108800000000000000e+04
3.108900000000000000e+04
3.108900000000000000e+04
3.109300000000000000e+04
3.109300000000000000e+04
3.109400000000000000e+04
3.109400000000000000e+04
3.109400000000000000e+04
3.109400000000000000e+04
3.109500000000000000e+04
3.109600000000000000e+04
3.109600000000000000e+04
3.109800000000000000e+04
3.110000000000000000e+04
3.110000000000000000e+04
3.110000000000000000e+04
3.110000000000000000e+04
3.110100000000000000e+04
3.110200000000000000e+04
3.110200000000000000e+04
3.110300000000000000e+04
3.110300000000000000e+04
3.110300000000000000e+04
3.110300000000000000e+04
3.110600000000000000e+04
3.110900000000000000e+04
3.110900000000000000e+04
3.110900000000000000e+04
3.110900000000000000e+04
3.111000000000000000e+04
3.111000000000000000e+04
3.111000000000000000e+04
3.111000000000000000e+04
3.111100000000000000e+04
3.111100000000000000e+04
3.111100000000000000e+04
3.111500000000000000e+04
3.111600000000000000e+04
3.111700000000000000e+04
3.111700000000000000e+04
3.111800000000000000e+04
3.111800000000000000e+04
3.112000000000000000e+04
3.112000000000000000e+04
3.112200000000000000e+04
3.112300000000000000e+04
3.112300000000000000e+04
3.112400000000000000e+04
3.112400000000000000e+04
3.112400000000000000e+04
3.112600000000000000e+04
3.112700000000000000e+04
3.112800000000000000e+04
3.113000000000000000e+04
3.113100000000000000e+04
3.113200000000000000e+04
3.113200000000000000e+04
3.113200000000000000e+04
3.113300000000000000e+04
3.113300000000000000e+04
3.113400000000000000e+04
3.113500000000000000e+04
3.113600000000000000e+04
3.113700000000000000e+04
3.113700000000000000e+04
3.113800000000000000e+04
3.113800000000000000e+04
3.114200000000000000e+04
3.114200000000000000e+04
3.114400000000000000e+04
3.114600000000000000e+04
3.114600000000000000e+04
3.114700000000000000e+04
3.114800000000000000e+04
3.114800000000000000e+04
3.114900000000000000e+04
3.114900000000000000e+04
3.115000000000000000e+04
3.115000000000000000e+04
3.115000000000000000e+04
3.115100000000000000e+04
3.115100000000000000e+04
3.115200000000000000e+04
3.115200000000000000e+04
3.115200000000000000e+04
3.115300000000000000e+04
3.115300000000000000e+04
3.115500000000000000e+04
3.115700000000000000e+04
3.115800000000000000e+04
3.116000000000000000e+04
3.116000000000000000e+04
3.116100000000000000e+04
3.116100000000000000e+04
3.116200000000000000e+04
3.116200000000000000e+04
3.116300000000000000e+04
3.116300000000000000e+04
3.116300000000000000e+04
3.116300000000000000e+04
3.116400000000000000e+04
3.116400000000000000e+04
3.116600000000000000e+04
3.116600000000000000e+04
3.116700000000000000e+04
3.116700000000000000e+04
3.116900000000000000e+04
3.116900000000000000e+04
3.117000000000000000e+04
3.117000000000000000e+04
3.117200000000000000e+04
3.117300000000000000e+04
3.117400000000000000e+04
3.117500000000000000e+04
3.117500000000000000e+04
3.117600000000000000e+04
3.117700000000000000e+04
3.117800000000000000e+04
3.117800000000000000e+04
3.117800000000000000e+04
3.117900000000000000e+04
3.117900000000000000e+04
3.118000000000000000e+04
3.118100000000000000e+04
3.118100000000000000e+04
3.118200000000000000e+04
3.118300000000000000e+04
3.118300000000000000e+04
3.118400000000000000e+04
3.118400000000000000e+04
3.118500000000000000e+04
3.118500000000000000e+04
3.118500000000000000e+04
3.118500000000000000e+04
3.118600000000000000e+04
3.118700000000000000e+04
3.118700000000000000e+04
3.118700000000000000e+04
3.118800000000000000e+04
3.119000000000000000e+04
3.119000000000000000e+04
3.119100000000000000e+04
3.119200000000000000e+04
3.119200000000000000e+04
3.119200000000000000e+04
3.119200000000000000e+04
3.119400000000000000e+04
3.119600000000000000e+04
3.119600000000000000e+04
3.119600000000000000e+04
3.119700000000000000e+04
3.119800000000000000e+04
3.119800000000000000e+04
3.119800000000000000e+04
3.119900000000000000e+04
3.120100000000000000e+04
3.120400000000000000e+04
3.120500000000000000e+04
3.120600000000000000e+04
3.120700000000000000e+04
3.120800000000000000e+04
3.120800000000000000e+04
3.120800000000000000e+04
3.121000000000000000e+04
3.121100000000000000e+04
3.121100000000000000e+04
3.121100000000000000e+04
3.121200000000000000e+04
3.121200000000000000e+04
3.121200000000000000e+04
3.121200000000000000e+04
3.121400000000000000e+04
3.121400000000000000e+04
3.121400000000000000e+04
3.121500000000000000e+04
3.121800000000000000e+04
3.121800000000000000e+04
3.121900000000000000e+04
3.121900000000000000e+04
3.121900000000000000e+04
3.122100000000000000e+04
3.122500000000000000e+04
3.122700000000000000e+04
3.122800000000000000e+04
3.122800000000000000e+04
3.122900000000000000e+04
3.123000000000000000e+04
3.123100000000000000e+04
3.123100000000000000e+04
3.123300000000000000e+04
3.123400000000000000e+04
3.123400000000000000e+04
3.123500000000000000e+04
3.123600000000000000e+04
3.123700000000000000e+04
3.123700000000000000e+04
3.123900000000000000e+04
3.123900000000000000e+04
3.123900000000000000e+04
3.123900000000000000e+04
3.123900000000000000e+04
3.124000000000000000e+04
3.124100000000000000e+04
3.124200000000000000e+04
3.124200000000000000e+04
3.124200000000000000e+04
3.124400000000000000e+04
3.124400000000000000e+04
3.124500000000000000e+04
3.124600000000000000e+04
3.124700000000000000e+04
3.124800000000000000e+04
3.124800000000000000e+04
3.124800000000000000e+04
3.124900000000000000e+04
3.125000000000000000e+04
3.125000000000000000e+04
3.125100000000000000e+04
3.125400000000000000e+04
3.125500000000000000e+04
3.125600000000000000e+04
3.125700000000000000e+04
3.125700000000000000e+04
3.125800000000000000e+04
3.125800000000000000e+04
3.125900000000000000e+04
3.125900000000000000e+04
3.126000000000000000e+04
3.126300000000000000e+04
3.126300000000000000e+04
3.126300000000000000e+04
3.126400000000000000e+04
3.126400000000000000e+04
3.126400000000000000e+04
3.126600000000000000e+04
3.126800000000000000e+04
3.126800000000000000e+04
3.126800000000000000e+04
3.126900000000000000e+04
3.126900000000000000e+04
3.126900000000000000e+04
3.126900000000000000e+04
3.127000000000000000e+04
3.127100000000000000e+04
3.127100000000000000e+04
3.127200000000000000e+04
3.127200000000000000e+04
3.127300000000000000e+04
3.127300000000000000e+04
3.127400000000000000e+04
3.127400000000000000e+04
3.127500000000000000e+04
3.127700000000000000e+04
3.127700000000000000e+04
3.127800000000000000e+04
3.127900000000000000e+04
3.127900000000000000e+04
3.128000000000000000e+04
3.128000000000000000e+04
3.128100000000000000e+04
3.128100000000000000e+04
3.128200000000000000e+04
3.128200000000000000e+04
3.128200000000000000e+04
3.128300000000000000e+04
3.128500000000000000e+04
3.128500000000000000e+04
3.128600000000000000e+04
3.128600000000000000e+04
3.128700000000000000e+04
3.128700000000000000e+04
3.128700000000000000e+04
3.128800000000000000e+04
3.128900000000000000e+04
3.129000000000000000e+04
3.129000000000000000e+04
3.129100000000000000e+04
3.129200000000000000e+04
3.129200000000000000e+04
3.129300000000000000e+04
3.129400000000000000e+04
3.129400000000000000e+04
3.129400000000000000e+04
3.129500000000000000e+04
3.129500000000000000e+04
3.129500000000000000e+04
3.129500000000000000e+04
3.129700000000000000e+04
3.129800000000000000e+04
3.129800000000000000e+04
3.129900000000000000e+04
3.129900000000000000e+04
3.130000000000000000e+04
3.130000000000000000e+04
3.130100000000000000e+04
3.130100000000000000e+04
3.130300000000000000e+04
3.130300000000000000e+04
3.130400000000000000e+04
3.130400000000000000e+04
3.130400000000000000e+04
3.130600000000000000e+04
3.130600000000000000e+04
3.130600000000000000e+04
3.130600000000000000e+04
3.130700000000000000e+04
3.130900000000000000e+04
3.131000000000000000e+04
3.131100000000000000e+04
3.131100000000000000e+04
3.131300000000000000e+04
3.131400000000000000e+04
3.131600000000000000e+04
3.131600000000000000e+04
3.131600000000000000e+04
3.131800000000000000e+04
3.131900000000000000e+04
3.131900000000000000e+04
3.131900000000000000e+04
3.131900000000000000e+04
3.132000000000000000e+04
3.132000000000000000e+04
3.132200000000000000e+04
3.132200000000000000e+04
3.132200000000000000e+04
3.132600000000000000e+04
3.132700000000000000e+04
3.132700000000000000e+04
3.132700000000000000e+04
3.132800000000000000e+04
3.132800000000000000e+04
3.132900000000000000e+04
3.132900000000000000e+04
3.132900000000000000e+04
3.133000000000000000e+04
3.133000000000000000e+04
3.133000000000000000e+04
3.133100000000000000e+04
3.133100000000000000e+04
3.133200000000000000e+04
3.133300000000000000e+04
3.133400000000000000e+04
3.133500000000000000e+04
3.133500000000000000e+04
3.133600000000000000e+04
3.133700000000000000e+04
3.133800000000000000e+04
3.133800000000000000e+04
3.133800000000000000e+04
3.133900000000000000e+04
3.133900000000000000e+04
3.133900000000000000e+04
3.134000000000000000e+04
3.134000000000000000e+04
3.134000000000000000e+04
3.134100000000000000e+04
3.134200000000000000e+04
3.134400000000000000e+04
3.134500000000000000e+04
3.134700000000000000e+04
3.134700000000000000e+04
3.134800000000000000e+04
3.134800000000000000e+04
3.135000000000000000e+04
3.135100000000000000e+04
3.135100000000000000e+04
3.135100000000000000e+04
3.135100000000000000e+04
3.135200000000000000e+04
3.135300000000000000e+04
3.135300000000000000e+04
3.135500000000000000e+04
3.136200000000000000e+04
3.136200000000000000e+04
3.136400000000000000e+04
3.136600000000000000e+04
3.136600000000000000e+04
3.136700000000000000e+04
3.136800000000000000e+04
3.136800000000000000e+04
3.136900000000000000e+04
3.136900000000000000e+04
3.136900000000000000e+04
3.137100000000000000e+04
3.137200000000000000e+04
3.137200000000000000e+04
3.137200000000000000e+04
3.137300000000000000e+04
3.137300000000000000e+04
3.137300000000000000e+04
3.137500000000000000e+04
3.137600000000000000e+04
3.137700000000000000e+04
3.137700000000000000e+04
3.137800000000000000e+04
3.138400000000000000e+04
3.138400000000000000e+04
3.138500000000000000e+04
3.138600000000000000e+04
3.138600000000000000e+04
3.138600000000000000e+04
3.138700000000000000e+04
3.138700000000000000e+04
3.138800000000000000e+04
3.138900000000000000e+04
3.139000000000000000e+04
3.139000000000000000e+04
3.139000000000000000e+04
3.139100000000000000e+04
3.139100000000000000e+04
3.139100000000000000e+04
3.139100000000000000e+04
3.139200000000000000e+04
3.139200000000000000e+04
3.139300000000000000e+04
3.139400000000000000e+04
3.139400000000000000e+04
3.139400000000000000e+04
3.139400000000000000e+04
3.139400000000000000e+04
3.139600000000000000e+04
3.139700000000000000e+04
3.139800000000000000e+04
3.140000000000000000e+04
3.140100000000000000e+04
3.140100000000000000e+04
3.140300000000000000e+04
3.140300000000000000e+04
3.140400000000000000e+04
3.140400000000000000e+04
3.140500000000000000e+04
3.140800000000000000e+04
3.141000000000000000e+04
3.141000000000000000e+04
3.141000000000000000e+04
3.141100000000000000e+04
3.141100000000000000e+04
3.141200000000000000e+04
3.141300000000000000e+04
3.141300000000000000e+04
3.141400000000000000e+04
3.141500000000000000e+04
3.141600000000000000e+04
3.141600000000000000e+04
3.141600000000000000e+04
3.141700000000000000e+04
3.141700000000000000e+04
3.141700000000000000e+04
3.141800000000000000e+04
3.141800000000000000e+04
3.141900000000000000e+04
3.141900000000000000e+04
3.141900000000000000e+04
3.142000000000000000e+04
3.142000000000000000e+04
3.142100000000000000e+04
3.142100000000000000e+04
3.142300000000000000e+04
3.142300000000000000e+04
3.142400000000000000e+04
3.142400000000000000e+04
3.142500000000000000e+04
3.142600000000000000e+04
3.142600000000000000e+04
3.142700000000000000e+04
3.142700000000000000e+04
3.142700000000000000e+04
3.142800000000000000e+04
3.142800000000000000e+04
3.142900000000000000e+04
3.143100000000000000e+04
3.143200000000000000e+04
3.143200000000000000e+04
3.143400000000000000e+04
3.143400000000000000e+04
3.143600000000000000e+04
3.143700000000000000e+04
3.143700000000000000e+04
3.143800000000000000e+04
3.143800000000000000e+04
3.143800000000000000e+04
3.144000000000000000e+04
3.144000000000000000e+04
3.144100000000000000e+04
3.144200000000000000e+04
3.144400000000000000e+04
3.144400000000000000e+04
3.144600000000000000e+04
3.144700000000000000e+04
3.144800000000000000e+04
3.145000000000000000e+04
3.145000000000000000e+04
3.145100000000000000e+04
3.145100000000000000e+04
3.145100000000000000e+04
3.145200000000000000e+04
3.145300000000000000e+04
3.145300000000000000e+04
3.145300000000000000e+04
3.145500000000000000e+04
3.145600000000000000e+04
3.145800000000000000e+04
3.145800000000000000e+04
3.145800000000000000e+04
3.145900000000000000e+04
3.146100000000000000e+04
3.146200000000000000e+04
3.146200000000000000e+04
3.146200000000000000e+04
3.146200000000000000e+04
3.146200000000000000e+04
3.146300000000000000e+04
3.146300000000000000e+04
3.146300000000000000e+04
3.146400000000000000e+04
3.146400000000000000e+04
3.146400000000000000e+04
3.146400000000000000e+04
3.146500000000000000e+04
3.146600000000000000e+04
3.146700000000000000e+04
3.146700000000000000e+04
3.146700000000000000e+04
3.146900000000000000e+04
3.146900000000000000e+04
3.147000000000000000e+04
3.147000000000000000e+04
3.147100000000000000e+04
3.147200000000000000e+04
3.147200000000000000e+04
3.147300000000000000e+04
3.147600000000000000e+04
3.147600000000000000e+04
3.147700000000000000e+04
3.147700000000000000e+04
3.147800000000000000e+04
3.148000000000000000e+04
3.148100000000000000e+04
3.148100000000000000e+04
3.148300000000000000e+04
3.148300000000000000e+04
3.148400000000000000e+04
3.148500000000000000e+04
3.148600000000000000e+04
3.149400000000000000e+04
3.149400000000000000e+04
3.149800000000000000e+04
3.149900000000000000e+04
3.149900000000000000e+04
3.150000000000000000e+04
3.150100000000000000e+04
3.150100000000000000e+04
3.150100000000000000e+04
3.150200000000000000e+04
3.150300000000000000e+04
3.150300000000000000e+04
3.150500000000000000e+04
3.150500000000000000e+04
3.150600000000000000e+04
3.150600000000000000e+04
3.150700000000000000e+04
3.150800000000000000e+04
3.150800000000000000e+04
3.150900000000000000e+04
3.150900000000000000e+04
3.150900000000000000e+04
3.151000000000000000e+04
3.151000000000000000e+04
3.151300000000000000e+04
3.151400000000000000e+04
3.151400000000000000e+04
3.151400000000000000e+04
3.151500000000000000e+04
3.151600000000000000e+04
3.151600000000000000e+04
3.151600000000000000e+04
3.151700000000000000e+04
3.151800000000000000e+04
3.151900000000000000e+04
3.151900000000000000e+04
3.152000000000000000e+04
3.152100000000000000e+04
3.152100000000000000e+04
3.152100000000000000e+04
3.152300000000000000e+04
3.152400000000000000e+04
3.152500000000000000e+04
3.152500000000000000e+04
3.152500000000000000e+04
3.152500000000000000e+04
3.152700000000000000e+04
3.152900000000000000e+04
3.153000000000000000e+04
3.153000000000000000e+04
3.153000000000000000e+04
3.153100000000000000e+04
3.153100000000000000e+04
3.153100000000000000e+04
3.153200000000000000e+04
3.153300000000000000e+04
3.153300000000000000e+04
3.153600000000000000e+04
3.153700000000000000e+04
3.153700000000000000e+04
3.153800000000000000e+04
3.153800000000000000e+04
3.153800000000000000e+04
3.153800000000000000e+04
3.153900000000000000e+04
3.153900000000000000e+04
3.154000000000000000e+04
3.154000000000000000e+04
3.154200000000000000e+04
3.154400000000000000e+04
3.154600000000000000e+04
3.154600000000000000e+04
3.154700000000000000e+04
3.154700000000000000e+04
3.154900000000000000e+04
3.155200000000000000e+04
3.155400000000000000e+04
3.155400000000000000e+04
3.155500000000000000e+04
3.155500000000000000e+04
3.155500000000000000e+04
3.155600000000000000e+04
3.155600000000000000e+04
3.155600000000000000e+04
3.155700000000000000e+04
3.155700000000000000e+04
3.155700000000000000e+04
3.155800000000000000e+04
3.155800000000000000e+04
3.155800000000000000e+04
3.156100000000000000e+04
3.156200000000000000e+04
3.156500000000000000e+04
3.156600000000000000e+04
3.156800000000000000e+04
3.156800000000000000e+04
3.156800000000000000e+04
3.156900000000000000e+04
3.156900000000000000e+04
3.156900000000000000e+04
3.157000000000000000e+04
3.157100000000000000e+04
3.157300000000000000e+04
3.157300000000000000e+04
3.157400000000000000e+04
3.157400000000000000e+04
3.157500000000000000e+04
3.157700000000000000e+04
3.157800000000000000e+04
3.157900000000000000e+04
3.157900000000000000e+04
3.158100000000000000e+04
3.158100000000000000e+04
3.158200000000000000e+04
3.158400000000000000e+04
3.158600000000000000e+04
3.158600000000000000e+04
3.158700000000000000e+04
3.158800000000000000e+04
3.158900000000000000e+04
3.158900000000000000e+04
3.158900000000000000e+04
3.158900000000000000e+04
3.159000000000000000e+04
3.159000000000000000e+04
3.159000000000000000e+04
3.159000000000000000e+04
3.159100000000000000e+04
3.159100000000000000e+04
3.159100000000000000e+04
3.159200000000000000e+04
3.159300000000000000e+04
3.159400000000000000e+04
3.159500000000000000e+04
3.159600000000000000e+04
3.159700000000000000e+04
3.159900000000000000e+04
3.160000000000000000e+04
3.160100000000000000e+04
3.160100000000000000e+04
3.160300000000000000e+04
3.160300000000000000e+04
3.160600000000000000e+04
3.160600000000000000e+04
3.160700000000000000e+04
3.160700000000000000e+04
3.160700000000000000e+04
3.160800000000000000e+04
3.160800000000000000e+04
3.160800000000000000e+04
3.160900000000000000e+04
3.161000000000000000e+04
3.161000000000000000e+04
3.161100000000000000e+04
3.161200000000000000e+04
3.161200000000000000e+04
3.161400000000000000e+04
3.161500000000000000e+04
3.161500000000000000e+04
3.161500000000000000e+04
3.161600000000000000e+04
3.161700000000000000e+04
3.161700000000000000e+04
3.161700000000000000e+04
3.161700000000000000e+04
3.161700000000000000e+04
3.161700000000000000e+04
3.161800000000000000e+04
3.161900000000000000e+04
3.161900000000000000e+04
3.162000000000000000e+04
3.162100000000000000e+04
3.162100000000000000e+04
3.162200000000000000e+04
3.162400000000000000e+04
3.162400000000000000e+04
3.162400000000000000e+04
3.162500000000000000e+04
3.162500000000000000e+04
3.162500000000000000e+04
3.162500000000000000e+04
3.162500000000000000e+04
3.162500000000000000e+04
3.162600000000000000e+04
3.162600000000000000e+04
3.162700000000000000e+04
3.162800000000000000e+04
3.162800000000000000e+04
3.162800000000000000e+04
3.162800000000000000e+04
3.162800000000000000e+04
3.163000000000000000e+04
3.163100000000000000e+04
3.163200000000000000e+04
3.163200000000000000e+04
3.163200000000000000e+04
3.163400000000000000e+04
3.163400000000000000e+04
3.163700000000000000e+04
3.164000000000000000e+04
3.164200000000000000e+04
3.164600000000000000e+04
3.164600000000000000e+04
3.164700000000000000e+04
3.165000000000000000e+04
3.165100000000000000e+04
3.165100000000000000e+04
3.165200000000000000e+04
3.165200000000000000e+04
3.165400000000000000e+04
3.165400000000000000e+04
3.165400000000000000e+04
3.165500000000000000e+04
3.165500000000000000e+04
3.165600000000000000e+04
3.165600000000000000e+04
3.165600000000000000e+04
3.165800000000000000e+04
3.165900000000000000e+04
3.165900000000000000e+04
3.165900000000000000e+04
3.165900000000000000e+04
3.166000000000000000e+04
3.166100000000000000e+04
3.166100000000000000e+04
3.166100000000000000e+04
3.166300000000000000e+04
3.166400000000000000e+04
3.166500000000000000e+04
3.166800000000000000e+04
3.166800000000000000e+04
3.166800000000000000e+04
3.166800000000000000e+04
3.166800000000000000e+04
3.166800000000000000e+04
3.166900000000000000e+04
3.167000000000000000e+04
3.167000000000000000e+04
3.167100000000000000e+04
3.167100000000000000e+04
3.167100000000000000e+04
3.167200000000000000e+04
3.167200000000000000e+04
3.167300000000000000e+04
3.167400000000000000e+04
3.167500000000000000e+04
3.167500000000000000e+04
3.167600000000000000e+04
3.167600000000000000e+04
3.167600000000000000e+04
3.167800000000000000e+04
3.167800000000000000e+04
3.167800000000000000e+04
3.167800000000000000e+04
3.167900000000000000e+04
3.167900000000000000e+04
3.168100000000000000e+04
3.168100000000000000e+04
3.168200000000000000e+04
3.168200000000000000e+04
3.168300000000000000e+04
3.168300000000000000e+04
3.168300000000000000e+04
3.168500000000000000e+04
3.168500000000000000e+04
3.168500000000000000e+04
3.168500000000000000e+04
3.168600000000000000e+04
3.168600000000000000e+04
3.168600000000000000e+04
3.168600000000000000e+04
3.168600000000000000e+04
3.168700000000000000e+04
3.168700000000000000e+04
3.168700000000000000e+04
3.168800000000000000e+04
3.168900000000000000e+04
3.168900000000000000e+04
3.169000000000000000e+04
3.169000000000000000e+04
3.169100000000000000e+04
3.169100000000000000e+04
3.169100000000000000e+04
3.169100000000000000e+04
3.169200000000000000e+04
3.169200000000000000e+04
3.169300000000000000e+04
3.169400000000000000e+04
3.169400000000000000e+04
3.169400000000000000e+04
3.169400000000000000e+04
3.169500000000000000e+04
3.169600000000000000e+04
3.169600000000000000e+04
3.169700000000000000e+04
3.169800000000000000e+04
3.169800000000000000e+04
3.169900000000000000e+04
3.169900000000000000e+04
3.170000000000000000e+04
3.170100000000000000e+04
3.170200000000000000e+04
3.170300000000000000e+04
3.170500000000000000e+04
3.170500000000000000e+04
3.170600000000000000e+04
3.170700000000000000e+04
3.170800000000000000e+04
3.170800000000000000e+04
3.170800000000000000e+04
3.170800000000000000e+04
3.170900000000000000e+04
3.170900000000000000e+04
3.171000000000000000e+04
3.171100000000000000e+04
3.171100000000000000e+04
3.171500000000000000e+04
3.171500000000000000e+04
3.171700000000000000e+04
3.171700000000000000e+04
3.171700000000000000e+04
3.171800000000000000e+04
3.171900000000000000e+04
3.171900000000000000e+04
3.171900000000000000e+04
3.172000000000000000e+04
3.172000000000000000e+04
3.172100000000000000e+04
3.172100000000000000e+04
3.172100000000000000e+04
3.172100000000000000e+04
3.172100000000000000e+04
3.172100000000000000e+04
3.172100000000000000e+04
3.172200000000000000e+04
3.172300000000000000e+04
3.172300000000000000e+04
3.172400000000000000e+04
3.172400000000000000e+04
3.172400000000000000e+04
3.172400000000000000e+04
3.172500000000000000e+04
3.172500000000000000e+04
3.172700000000000000e+04
3.172700000000000000e+04
3.172800000000000000e+04
3.172900000000000000e+04
3.172900000000000000e+04
3.173200000000000000e+04
3.173200000000000000e+04
3.173300000000000000e+04
3.173300000000000000e+04
3.173400000000000000e+04
3.173400000000000000e+04
3.173400000000000000e+04
3.173500000000000000e+04
3.173500000000000000e+04
3.173600000000000000e+04
3.173600000000000000e+04
3.173700000000000000e+04
3.173700000000000000e+04
3.173800000000000000e+04
3.173900000000000000e+04
3.173900000000000000e+04
3.174000000000000000e+04
3.174000000000000000e+04
3.174000000000000000e+04
3.174000000000000000e+04
3.174200000000000000e+04
3.174400000000000000e+04
3.174500000000000000e+04
3.174600000000000000e+04
3.174600000000000000e+04
3.174800000000000000e+04
3.174800000000000000e+04
3.174900000000000000e+04
3.174900000000000000e+04
3.174900000000000000e+04
3.175100000000000000e+04
3.175100000000000000e+04
3.175100000000000000e+04
3.175100000000000000e+04
3.175200000000000000e+04
3.175300000000000000e+04
3.175300000000000000e+04
3.175300000000000000e+04
3.175400000000000000e+04
3.175500000000000000e+04
3.175600000000000000e+04
3.175600000000000000e+04
3.175700000000000000e+04
3.175800000000000000e+04
3.175800000000000000e+04
3.175900000000000000e+04
3.176000000000000000e+04
3.176000000000000000e+04
3.176100000000000000e+04
3.176100000000000000e+04
3.176200000000000000e+04
3.176200000000000000e+04
3.176200000000000000e+04
3.176300000000000000e+04
3.176400000000000000e+04
3.176400000000000000e+04
3.176600000000000000e+04
3.176600000000000000e+04
3.176600000000000000e+04
3.176600000000000000e+04
3.176700000000000000e+04
3.176900000000000000e+04
3.177000000000000000e+04
3.177400000000000000e+04
3.177500000000000000e+04
3.177600000000000000e+04
3.177700000000000000e+04
3.177800000000000000e+04
3.177800000000000000e+04
3.177900000000000000e+04
3.177900000000000000e+04
3.177900000000000000e+04
3.177900000000000000e+04
3.178000000000000000e+04
3.178200000000000000e+04
3.178200000000000000e+04
3.178200000000000000e+04
3.178300000000000000e+04
3.178500000000000000e+04
3.178500000000000000e+04
3.178500000000000000e+04
3.178600000000000000e+04
3.178600000000000000e+04
3.178600000000000000e+04
3.178700000000000000e+04
3.178800000000000000e+04
3.179000000000000000e+04
3.179300000000000000e+04
3.179300000000000000e+04
3.179300000000000000e+04
3.179600000000000000e+04
3.179700000000000000e+04
3.179700000000000000e+04
3.179800000000000000e+04
3.179900000000000000e+04
3.180200000000000000e+04
3.180300000000000000e+04
3.180300000000000000e+04
3.180300000000000000e+04
3.180300000000000000e+04
3.180400000000000000e+04
3.180400000000000000e+04
3.180500000000000000e+04
3.180600000000000000e+04
3.180600000000000000e+04
3.180700000000000000e+04
3.180800000000000000e+04
3.180800000000000000e+04
3.180900000000000000e+04
3.181000000000000000e+04
3.181000000000000000e+04
3.181100000000000000e+04
3.181200000000000000e+04
3.181500000000000000e+04
3.181700000000000000e+04
3.181700000000000000e+04
3.181800000000000000e+04
3.181800000000000000e+04
3.181900000000000000e+04
3.182000000000000000e+04
3.182100000000000000e+04
3.182100000000000000e+04
3.182200000000000000e+04
3.182200000000000000e+04
3.182300000000000000e+04
3.182300000000000000e+04
3.182400000000000000e+04
3.182600000000000000e+04
3.182800000000000000e+04
3.183100000000000000e+04
3.183100000000000000e+04
3.183100000000000000e+04
3.183500000000000000e+04
3.183500000000000000e+04
3.183500000000000000e+04
3.183600000000000000e+04
3.183600000000000000e+04
3.183600000000000000e+04
3.183700000000000000e+04
3.183900000000000000e+04
3.183900000000000000e+04
3.183900000000000000e+04
3.184200000000000000e+04
3.184300000000000000e+04
3.184600000000000000e+04
3.184600000000000000e+04
3.184600000000000000e+04
3.184600000000000000e+04
3.184600000000000000e+04
3.184700000000000000e+04
3.184700000000000000e+04
3.184700000000000000e+04
3.184700000000000000e+04
3.184800000000000000e+04
3.184900000000000000e+04
3.184900000000000000e+04
3.184900000000000000e+04
3.184900000000000000e+04
3.185000000000000000e+04
3.185200000000000000e+04
3.185500000000000000e+04
3.185500000000000000e+04
3.185800000000000000e+04
3.185800000000000000e+04
3.185800000000000000e+04
3.185900000000000000e+04
3.185900000000000000e+04
3.185900000000000000e+04
3.185900000000000000e+04
3.186100000000000000e+04
3.186100000000000000e+04
3.186200000000000000e+04
3.186200000000000000e+04
3.186300000000000000e+04
3.186400000000000000e+04
3.186600000000000000e+04
3.186700000000000000e+04
3.186800000000000000e+04
3.186900000000000000e+04
3.186900000000000000e+04
3.187000000000000000e+04
3.187200000000000000e+04
3.187300000000000000e+04
3.187300000000000000e+04
3.187400000000000000e+04
3.187500000000000000e+04
3.187600000000000000e+04
3.187700000000000000e+04
3.187900000000000000e+04
3.187900000000000000e+04
3.187900000000000000e+04
3.188000000000000000e+04
3.188100000000000000e+04
3.188200000000000000e+04
3.188300000000000000e+04
3.188500000000000000e+04
3.188500000000000000e+04
3.188600000000000000e+04
3.188600000000000000e+04
3.188700000000000000e+04
3.188700000000000000e+04
3.188800000000000000e+04
3.188900000000000000e+04
3.188900000000000000e+04
3.189000000000000000e+04
3.189000000000000000e+04
3.189100000000000000e+04
3.189100000000000000e+04
3.189300000000000000e+04
3.189300000000000000e+04
3.189400000000000000e+04
3.189600000000000000e+04
3.189600000000000000e+04
3.189700000000000000e+04
3.189800000000000000e+04
3.189800000000000000e+04
3.189900000000000000e+04
3.189900000000000000e+04
3.189900000000000000e+04
3.190100000000000000e+04
3.190200000000000000e+04
3.190200000000000000e+04
3.190200000000000000e+04
3.190200000000000000e+04
3.190300000000000000e+04
3.190300000000000000e+04
3.190300000000000000e+04
3.190400000000000000e+04
3.190400000000000000e+04
3.190500000000000000e+04
3.190500000000000000e+04
3.190500000000000000e+04
3.190600000000000000e+04
3.190700000000000000e+04
3.190900000000000000e+04
3.190900000000000000e+04
3.191000000000000000e+04
3.191000000000000000e+04
3.191300000000000000e+04
3.191400000000000000e+04
3.191500000000000000e+04
3.191500000000000000e+04
3.191500000000000000e+04
3.191600000000000000e+04
3.191700000000000000e+04
3.191700000000000000e+04
3.191700000000000000e+04
3.191800000000000000e+04
3.191800000000000000e+04
3.191900000000000000e+04
3.192000000000000000e+04
3.192200000000000000e+04
3.192300000000000000e+04
3.192300000000000000e+04
3.192400000000000000e+04
3.192400000000000000e+04
3.192400000000000000e+04
3.192400000000000000e+04
3.192400000000000000e+04
3.192600000000000000e+04
3.192700000000000000e+04
3.192800000000000000e+04
3.192900000000000000e+04
3.192900000000000000e+04
3.193000000000000000e+04
3.193000000000000000e+04
3.193300000000000000e+04
3.193300000000000000e+04
3.193300000000000000e+04
3.193300000000000000e+04
3.193400000000000000e+04
3.193400000000000000e+04
3.193500000000000000e+04
3.193500000000000000e+04
3.193500000000000000e+04
3.193600000000000000e+04
3.194000000000000000e+04
3.194100000000000000e+04
3.194100000000000000e+04
3.194200000000000000e+04
3.194200000000000000e+04
3.194200000000000000e+04
3.194300000000000000e+04
3.194300000000000000e+04
3.194400000000000000e+04
3.194500000000000000e+04
3.194500000000000000e+04
3.194500000000000000e+04
3.194600000000000000e+04
3.194800000000000000e+04
3.194800000000000000e+04
3.194900000000000000e+04
3.194900000000000000e+04
3.194900000000000000e+04
3.195000000000000000e+04
3.195000000000000000e+04
3.195200000000000000e+04
3.195200000000000000e+04
3.195200000000000000e+04
3.195400000000000000e+04
3.195400000000000000e+04
3.195400000000000000e+04
3.195500000000000000e+04
3.195500000000000000e+04
3.195500000000000000e+04
3.195600000000000000e+04
3.195700000000000000e+04
3.195700000000000000e+04
3.195800000000000000e+04
3.195900000000000000e+04
3.195900000000000000e+04
3.196100000000000000e+04
3.196100000000000000e+04
3.196200000000000000e+04
3.196200000000000000e+04
3.196300000000000000e+04
3.196300000000000000e+04
3.196400000000000000e+04
3.196500000000000000e+04
3.196600000000000000e+04
3.196600000000000000e+04
3.196700000000000000e+04
3.196800000000000000e+04
3.196900000000000000e+04
3.197000000000000000e+04
3.197100000000000000e+04
3.197100000000000000e+04
3.197200000000000000e+04
3.197200000000000000e+04
3.197200000000000000e+04
3.197400000000000000e+04
3.197500000000000000e+04
3.197500000000000000e+04
3.197600000000000000e+04
3.197600000000000000e+04
3.197700000000000000e+04
3.197700000000000000e+04
3.197700000000000000e+04
3.197700000000000000e+04
3.198000000000000000e+04
3.198000000000000000e+04
3.198200000000000000e+04
3.198200000000000000e+04
3.198200000000000000e+04
3.198300000000000000e+04
3.198300000000000000e+04
3.198400000000000000e+04
3.198400000000000000e+04
3.198500000000000000e+04
3.198500000000000000e+04
3.198700000000000000e+04
3.198700000000000000e+04
3.198900000000000000e+04
3.199000000000000000e+04
3.199000000000000000e+04
3.199000000000000000e+04
3.199100000000000000e+04
3.199200000000000000e+04
3.199200000000000000e+04
3.199200000000000000e+04
3.199300000000000000e+04
3.199300000000000000e+04
3.199400000000000000e+04
3.199500000000000000e+04
3.199600000000000000e+04
3.199700000000000000e+04
3.199700000000000000e+04
3.199800000000000000e+04
3.199800000000000000e+04
3.199900000000000000e+04
3.199900000000000000e+04
3.200000000000000000e+04
3.200000000000000000e+04
3.200200000000000000e+04
3.200200000000000000e+04
3.200300000000000000e+04
3.200300000000000000e+04
3.200300000000000000e+04
3.200300000000000000e+04
3.200400000000000000e+04
3.200500000000000000e+04
3.200600000000000000e+04
3.200600000000000000e+04
3.200800000000000000e+04
3.200800000000000000e+04
3.200800000000000000e+04
3.200800000000000000e+04
3.200900000000000000e+04
3.201000000000000000e+04
3.201000000000000000e+04
3.201000000000000000e+04
3.201100000000000000e+04
3.201100000000000000e+04
3.201200000000000000e+04
3.201200000000000000e+04
3.201300000000000000e+04
3.201300000000000000e+04
3.201300000000000000e+04
3.201400000000000000e+04
3.201400000000000000e+04
3.201600000000000000e+04
3.201600000000000000e+04
3.201600000000000000e+04
3.201600000000000000e+04
3.201800000000000000e+04
3.201800000000000000e+04
3.201900000000000000e+04
3.201900000000000000e+04
3.202000000000000000e+04
3.202000000000000000e+04
3.202100000000000000e+04
3.202200000000000000e+04
3.202200000000000000e+04
3.202300000000000000e+04
3.202500000000000000e+04
3.202600000000000000e+04
3.202600000000000000e+04
3.202700000000000000e+04
3.202700000000000000e+04
3.202700000000000000e+04
3.202700000000000000e+04
3.202700000000000000e+04
3.202800000000000000e+04
3.202800000000000000e+04
3.202900000000000000e+04
3.203000000000000000e+04
3.203100000000000000e+04
3.203200000000000000e+04
3.203200000000000000e+04
3.203300000000000000e+04
3.203300000000000000e+04
3.203300000000000000e+04
3.203500000000000000e+04
3.203600000000000000e+04
3.203600000000000000e+04
3.203700000000000000e+04
3.203700000000000000e+04
3.203800000000000000e+04
3.203800000000000000e+04
3.203900000000000000e+04
3.203900000000000000e+04
3.203900000000000000e+04
3.204200000000000000e+04
3.204300000000000000e+04
3.204300000000000000e+04
3.204400000000000000e+04
3.204400000000000000e+04
3.204400000000000000e+04
3.204500000000000000e+04
3.204500000000000000e+04
3.204600000000000000e+04
3.204600000000000000e+04
3.204800000000000000e+04
3.204900000000000000e+04
3.204900000000000000e+04
3.204900000000000000e+04
3.204900000000000000e+04
3.205000000000000000e+04
3.205100000000000000e+04
3.205200000000000000e+04
3.205300000000000000e+04
3.205400000000000000e+04
3.205500000000000000e+04
3.205500000000000000e+04
3.205500000000000000e+04
3.205700000000000000e+04
3.205700000000000000e+04
3.205800000000000000e+04
3.206000000000000000e+04
3.206100000000000000e+04
3.206100000000000000e+04
3.206100000000000000e+04
3.206300000000000000e+04
3.206400000000000000e+04
3.206500000000000000e+04
3.206600000000000000e+04
3.206800000000000000e+04
3.206900000000000000e+04
3.206900000000000000e+04
3.206900000000000000e+04
3.207000000000000000e+04
3.207000000000000000e+04
3.207000000000000000e+04
3.207000000000000000e+04
3.207000000000000000e+04
3.207000000000000000e+04
3.207200000000000000e+04
3.207200000000000000e+04
3.207200000000000000e+04
3.207400000000000000e+04
3.207500000000000000e+04
3.207500000000000000e+04
3.207600000000000000e+04
3.207600000000000000e+04
3.207600000000000000e+04
3.207600000000000000e+04
3.207700000000000000e+04
3.207700000000000000e+04
3.207800000000000000e+04
3.207800000000000000e+04
3.207900000000000000e+04
3.208000000000000000e+04
3.208000000000000000e+04
3.208100000000000000e+04
3.208100000000000000e+04
3.208100000000000000e+04
3.208100000000000000e+04
3.208400000000000000e+04
3.208500000000000000e+04
3.208600000000000000e+04
3.208700000000000000e+04
3.208700000000000000e+04
3.208900000000000000e+04
3.209000000000000000e+04
3.209100000000000000e+04
3.209100000000000000e+04
3.209100000000000000e+04
3.209200000000000000e+04
3.209400000000000000e+04
3.209400000000000000e+04
3.209500000000000000e+04
3.209500000000000000e+04
3.209600000000000000e+04
3.209800000000000000e+04
3.209800000000000000e+04
3.209900000000000000e+04
3.210000000000000000e+04
3.210000000000000000e+04
3.210000000000000000e+04
3.210100000000000000e+04
3.210100000000000000e+04
3.210100000000000000e+04
3.210300000000000000e+04
3.210500000000000000e+04
3.210500000000000000e+04
3.210600000000000000e+04
3.210700000000000000e+04
3.210700000000000000e+04
3.210800000000000000e+04
3.211000000000000000e+04
3.211100000000000000e+04
3.211100000000000000e+04
3.211100000000000000e+04
3.211200000000000000e+04
3.211200000000000000e+04
3.211300000000000000e+04
3.211300000000000000e+04
3.211400000000000000e+04
3.211400000000000000e+04
3.211500000000000000e+04
3.211600000000000000e+04
3.211700000000000000e+04
3.211700000000000000e+04
3.211700000000000000e+04
3.211800000000000000e+04
3.211800000000000000e+04
3.211800000000000000e+04
3.211900000000000000e+04
3.211900000000000000e+04
3.211900000000000000e+04
3.212000000000000000e+04
3.212000000000000000e+04
3.212100000000000000e+04
3.212100000000000000e+04
3.212100000000000000e+04
3.212100000000000000e+04
3.212200000000000000e+04
3.212200000000000000e+04
3.212300000000000000e+04
3.212300000000000000e+04
3.212300000000000000e+04
3.212400000000000000e+04
3.212500000000000000e+04
3.212500000000000000e+04
3.212500000000000000e+04
3.212600000000000000e+04
3.212600000000000000e+04
3.212800000000000000e+04
3.212800000000000000e+04
3.213000000000000000e+04
3.213000000000000000e+04
3.213100000000000000e+04
3.213200000000000000e+04
3.213300000000000000e+04
3.213400000000000000e+04
3.213400000000000000e+04
3.213500000000000000e+04
3.213500000000000000e+04
3.213600000000000000e+04
3.213600000000000000e+04
3.213700000000000000e+04
3.213800000000000000e+04
3.213800000000000000e+04
3.213900000000000000e+04
3.214100000000000000e+04
3.214300000000000000e+04
3.214400000000000000e+04
3.214400000000000000e+04
3.214900000000000000e+04
3.214900000000000000e+04
3.215000000000000000e+04
3.215000000000000000e+04
3.215000000000000000e+04
3.215200000000000000e+04
3.215300000000000000e+04
3.215300000000000000e+04
3.215300000000000000e+04
3.215300000000000000e+04
3.215400000000000000e+04
3.215500000000000000e+04
3.215600000000000000e+04
3.215600000000000000e+04
3.215600000000000000e+04
3.215700000000000000e+04
3.215700000000000000e+04
3.215800000000000000e+04
3.216000000000000000e+04
3.216200000000000000e+04
3.216200000000000000e+04
3.216300000000000000e+04
3.216300000000000000e+04
3.216300000000000000e+04
3.216300000000000000e+04
3.216400000000000000e+04
3.216400000000000000e+04
3.216600000000000000e+04
3.216600000000000000e+04
3.216700000000000000e+04
3.216800000000000000e+04
3.216900000000000000e+04
3.217000000000000000e+04
3.217000000000000000e+04
3.217100000000000000e+04
3.217100000000000000e+04
3.217200000000000000e+04
3.217200000000000000e+04
3.217300000000000000e+04
3.217500000000000000e+04
3.217500000000000000e+04
3.217500000000000000e+04
3.217600000000000000e+04
3.217800000000000000e+04
3.217800000000000000e+04
3.217900000000000000e+04
3.218000000000000000e+04
3.218000000000000000e+04
3.218000000000000000e+04
3.218000000000000000e+04
3.218000000000000000e+04
3.218100000000000000e+04
3.218100000000000000e+04
3.218200000000000000e+04
3.218200000000000000e+04
3.218300000000000000e+04
3.218300000000000000e+04
3.218400000000000000e+04
3.218400000000000000e+04
3.218500000000000000e+04
3.218500000000000000e+04
3.218500000000000000e+04
3.218700000000000000e+04
3.218800000000000000e+04
3.219100000000000000e+04
3.219100000000000000e+04
3.219200000000000000e+04
3.219200000000000000e+04
3.219200000000000000e+04
3.219200000000000000e+04
3.219400000000000000e+04
3.219400000000000000e+04
3.219500000000000000e+04
3.219600000000000000e+04
3.219600000000000000e+04
3.219600000000000000e+04
3.219700000000000000e+04
3.219800000000000000e+04
3.219900000000000000e+04
3.220000000000000000e+04
3.220100000000000000e+04
3.220200000000000000e+04
3.220200000000000000e+04
3.220200000000000000e+04
3.220400000000000000e+04
3.220400000000000000e+04
3.220600000000000000e+04
3.220800000000000000e+04
3.221000000000000000e+04
3.221100000000000000e+04
3.221200000000000000e+04
3.221200000000000000e+04
3.221200000000000000e+04
3.221400000000000000e+04
3.221500000000000000e+04
3.221600000000000000e+04
3.221600000000000000e+04
3.221800000000000000e+04
3.221900000000000000e+04
3.221900000000000000e+04
3.222000000000000000e+04
3.222100000000000000e+04
3.222100000000000000e+04
3.222200000000000000e+04
3.222300000000000000e+04
3.222400000000000000e+04
3.222500000000000000e+04
3.222600000000000000e+04
3.222800000000000000e+04
3.222900000000000000e+04
3.223100000000000000e+04
3.223300000000000000e+04
3.223300000000000000e+04
3.223300000000000000e+04
3.223400000000000000e+04
3.223600000000000000e+04
3.223800000000000000e+04
3.223800000000000000e+04
3.223900000000000000e+04
3.224000000000000000e+04
3.224000000000000000e+04
3.224100000000000000e+04
3.224100000000000000e+04
3.224200000000000000e+04
3.224300000000000000e+04
3.224300000000000000e+04
3.224300000000000000e+04
3.224500000000000000e+04
3.224500000000000000e+04
3.224500000000000000e+04
3.224900000000000000e+04
3.225000000000000000e+04
3.225000000000000000e+04
3.225300000000000000e+04
3.225400000000000000e+04
3.225600000000000000e+04
3.225600000000000000e+04
3.225800000000000000e+04
3.225800000000000000e+04
3.225800000000000000e+04
3.225800000000000000e+04
3.225900000000000000e+04
3.226000000000000000e+04
3.226000000000000000e+04
3.226100000000000000e+04
3.226400000000000000e+04
3.226400000000000000e+04
3.226500000000000000e+04
3.226600000000000000e+04
3.226600000000000000e+04
3.226700000000000000e+04
3.226700000000000000e+04
3.226900000000000000e+04
3.227100000000000000e+04
3.227400000000000000e+04
3.227400000000000000e+04
3.227500000000000000e+04
3.227600000000000000e+04
3.227700000000000000e+04
3.227800000000000000e+04
3.227800000000000000e+04
3.227800000000000000e+04
3.227900000000000000e+04
3.227900000000000000e+04
3.228000000000000000e+04
3.228100000000000000e+04
3.228200000000000000e+04
3.228200000000000000e+04
3.228400000000000000e+04
3.228400000000000000e+04
3.228400000000000000e+04
3.228600000000000000e+04
3.228600000000000000e+04
3.228700000000000000e+04
3.228700000000000000e+04
3.228800000000000000e+04
3.228900000000000000e+04
3.229000000000000000e+04
3.229000000000000000e+04
3.229200000000000000e+04
3.229200000000000000e+04
3.229200000000000000e+04
3.229300000000000000e+04
3.229300000000000000e+04
3.229400000000000000e+04
3.229400000000000000e+04
3.229400000000000000e+04
3.229500000000000000e+04
3.229700000000000000e+04
3.229800000000000000e+04
3.230000000000000000e+04
3.230100000000000000e+04
3.230200000000000000e+04
3.230200000000000000e+04
3.230300000000000000e+04
3.230500000000000000e+04
3.230500000000000000e+04
3.230500000000000000e+04
3.230500000000000000e+04
3.230500000000000000e+04
3.230500000000000000e+04
3.230600000000000000e+04
3.230700000000000000e+04
3.230800000000000000e+04
3.231000000000000000e+04
3.231000000000000000e+04
3.231100000000000000e+04
3.231100000000000000e+04
3.231300000000000000e+04
3.231400000000000000e+04
3.231400000000000000e+04
3.231600000000000000e+04
3.231600000000000000e+04
3.231600000000000000e+04
3.231600000000000000e+04
3.231700000000000000e+04
3.231800000000000000e+04
3.231800000000000000e+04
3.231800000000000000e+04
3.231800000000000000e+04
3.231900000000000000e+04
3.232200000000000000e+04
3.232200000000000000e+04
3.232200000000000000e+04
3.232400000000000000e+04
3.232400000000000000e+04
3.232500000000000000e+04
3.232600000000000000e+04
3.232600000000000000e+04
3.232700000000000000e+04
3.232700000000000000e+04
3.232800000000000000e+04
3.232800000000000000e+04
3.232900000000000000e+04
3.233000000000000000e+04
3.233000000000000000e+04
3.233000000000000000e+04
3.233100000000000000e+04
3.233300000000000000e+04
3.233300000000000000e+04
3.233600000000000000e+04
3.233600000000000000e+04
3.233800000000000000e+04
3.233800000000000000e+04
3.233800000000000000e+04
3.233900000000000000e+04
3.233900000000000000e+04
3.233900000000000000e+04
3.234000000000000000e+04
3.234000000000000000e+04
3.234100000000000000e+04
3.234200000000000000e+04
3.234200000000000000e+04
3.234300000000000000e+04
3.234400000000000000e+04
3.234400000000000000e+04
3.234500000000000000e+04
3.234600000000000000e+04
3.234800000000000000e+04
3.235000000000000000e+04
3.235100000000000000e+04
3.235100000000000000e+04
3.235200000000000000e+04
3.235300000000000000e+04
3.235400000000000000e+04
3.235400000000000000e+04
3.235500000000000000e+04
3.235800000000000000e+04
3.235900000000000000e+04
3.235900000000000000e+04
3.235900000000000000e+04
3.235900000000000000e+04
3.236000000000000000e+04
3.236000000000000000e+04
3.236000000000000000e+04
3.236100000000000000e+04
3.236100000000000000e+04
3.236400000000000000e+04
3.236400000000000000e+04
3.236400000000000000e+04
3.236500000000000000e+04
3.236600000000000000e+04
3.236800000000000000e+04
3.237000000000000000e+04
3.237100000000000000e+04
3.237300000000000000e+04
3.237300000000000000e+04
3.237400000000000000e+04
3.237700000000000000e+04
3.237700000000000000e+04
3.237800000000000000e+04
3.237900000000000000e+04
3.237900000000000000e+04
3.237900000000000000e+04
3.238000000000000000e+04
3.238000000000000000e+04
3.238100000000000000e+04
3.238100000000000000e+04
3.238200000000000000e+04
3.238200000000000000e+04
3.238200000000000000e+04
3.238200000000000000e+04
3.238300000000000000e+04
3.238300000000000000e+04
3.238500000000000000e+04
3.238700000000000000e+04
3.238800000000000000e+04
3.238800000000000000e+04
3.238900000000000000e+04
3.239000000000000000e+04
3.239400000000000000e+04
3.239400000000000000e+04
3.239600000000000000e+04
3.239700000000000000e+04
3.239800000000000000e+04
3.240000000000000000e+04
3.240100000000000000e+04
3.240300000000000000e+04
3.240300000000000000e+04
3.240300000000000000e+04
3.240300000000000000e+04
3.240400000000000000e+04
3.240400000000000000e+04
3.240500000000000000e+04
3.240500000000000000e+04
3.240500000000000000e+04
3.240600000000000000e+04
3.240600000000000000e+04
3.240800000000000000e+04
3.241000000000000000e+04
3.241000000000000000e+04
3.241100000000000000e+04
3.241100000000000000e+04
3.241100000000000000e+04
3.241200000000000000e+04
3.241500000000000000e+04
3.241600000000000000e+04
3.241700000000000000e+04
3.241900000000000000e+04
3.241900000000000000e+04
3.241900000000000000e+04
3.241900000000000000e+04
3.242000000000000000e+04
3.242000000000000000e+04
3.242300000000000000e+04
3.242300000000000000e+04
3.242300000000000000e+04
3.242300000000000000e+04
3.242400000000000000e+04
3.242600000000000000e+04
3.242700000000000000e+04
3.242700000000000000e+04
3.243000000000000000e+04
3.243100000000000000e+04
3.243100000000000000e+04
3.243200000000000000e+04
3.243200000000000000e+04
3.243200000000000000e+04
3.243200000000000000e+04
3.243300000000000000e+04
3.243500000000000000e+04
3.243600000000000000e+04
3.243800000000000000e+04
3.243800000000000000e+04
3.244000000000000000e+04
3.244000000000000000e+04
3.244000000000000000e+04
3.244100000000000000e+04
3.244500000000000000e+04
3.244600000000000000e+04
3.244800000000000000e+04
3.244800000000000000e+04
3.244900000000000000e+04
3.245000000000000000e+04
3.245100000000000000e+04
3.245100000000000000e+04
3.245200000000000000e+04
3.245300000000000000e+04
3.245400000000000000e+04
3.245400000000000000e+04
3.245500000000000000e+04
3.245500000000000000e+04
3.245500000000000000e+04
3.245700000000000000e+04
3.245800000000000000e+04
3.245800000000000000e+04
3.245900000000000000e+04
3.245900000000000000e+04
3.245900000000000000e+04
3.246000000000000000e+04
3.246100000000000000e+04
3.246100000000000000e+04
3.246200000000000000e+04
3.246300000000000000e+04
3.246500000000000000e+04
3.246500000000000000e+04
3.246600000000000000e+04
3.246600000000000000e+04
3.246800000000000000e+04
3.246800000000000000e+04
3.247000000000000000e+04
3.247100000000000000e+04
3.247100000000000000e+04
3.247300000000000000e+04
3.247300000000000000e+04
3.247500000000000000e+04
3.247700000000000000e+04
3.247800000000000000e+04
3.247900000000000000e+04
3.247900000000000000e+04
3.247900000000000000e+04
3.247900000000000000e+04
3.248000000000000000e+04
3.248200000000000000e+04
3.248200000000000000e+04
3.248400000000000000e+04
3.248600000000000000e+04
3.248800000000000000e+04
3.248800000000000000e+04
3.248900000000000000e+04
3.249100000000000000e+04
3.249100000000000000e+04
3.249400000000000000e+04
3.249400000000000000e+04
3.249500000000000000e+04
3.249600000000000000e+04
3.249600000000000000e+04
3.249700000000000000e+04
3.249700000000000000e+04
3.249800000000000000e+04
3.249800000000000000e+04
3.250000000000000000e+04
3.250000000000000000e+04
3.250000000000000000e+04
3.250100000000000000e+04
3.250200000000000000e+04
3.250200000000000000e+04
3.250200000000000000e+04
3.250200000000000000e+04
3.250300000000000000e+04
3.250300000000000000e+04
3.250300000000000000e+04
3.250300000000000000e+04
3.250400000000000000e+04
3.250500000000000000e+04
3.250700000000000000e+04
3.250700000000000000e+04
3.250800000000000000e+04
3.250800000000000000e+04
3.250900000000000000e+04
3.250900000000000000e+04
3.250900000000000000e+04
3.250900000000000000e+04
3.251000000000000000e+04
3.251100000000000000e+04
3.251200000000000000e+04
3.251200000000000000e+04
3.251300000000000000e+04
3.251400000000000000e+04
3.251400000000000000e+04
3.251500000000000000e+04
3.251600000000000000e+04
3.251600000000000000e+04
3.251700000000000000e+04
3.251700000000000000e+04
3.251700000000000000e+04
3.251800000000000000e+04
3.251900000000000000e+04
3.251900000000000000e+04
3.252000000000000000e+04
3.252000000000000000e+04
3.252000000000000000e+04
3.252200000000000000e+04
3.252200000000000000e+04
3.252300000000000000e+04
3.252300000000000000e+04
3.252300000000000000e+04
3.252500000000000000e+04
3.252600000000000000e+04
3.252700000000000000e+04
3.252700000000000000e+04
3.252800000000000000e+04
3.252800000000000000e+04
3.252900000000000000e+04
3.252900000000000000e+04
3.252900000000000000e+04
3.252900000000000000e+04
3.253000000000000000e+04
3.253200000000000000e+04
3.253200000000000000e+04
3.253200000000000000e+04
3.253600000000000000e+04
3.253700000000000000e+04
3.253700000000000000e+04
3.253800000000000000e+04
3.253900000000000000e+04
3.254000000000000000e+04
3.254100000000000000e+04
3.254100000000000000e+04
3.254200000000000000e+04
3.254200000000000000e+04
3.254500000000000000e+04
3.254600000000000000e+04
3.254600000000000000e+04
3.254800000000000000e+04
3.254900000000000000e+04
3.255000000000000000e+04
3.255300000000000000e+04
3.255300000000000000e+04
3.255300000000000000e+04
3.255600000000000000e+04
3.255600000000000000e+04
3.255600000000000000e+04
3.255600000000000000e+04
3.255700000000000000e+04
3.255700000000000000e+04
3.255700000000000000e+04
3.255700000000000000e+04
3.255800000000000000e+04
3.255900000000000000e+04
3.256000000000000000e+04
3.256000000000000000e+04
3.256000000000000000e+04
3.256000000000000000e+04
3.256100000000000000e+04
3.256200000000000000e+04
3.256300000000000000e+04
3.256300000000000000e+04
3.256400000000000000e+04
3.256400000000000000e+04
3.256500000000000000e+04
3.256600000000000000e+04
3.256600000000000000e+04
3.256600000000000000e+04
3.256700000000000000e+04
3.256800000000000000e+04
3.256800000000000000e+04
3.256800000000000000e+04
3.257000000000000000e+04
3.257000000000000000e+04
3.257100000000000000e+04
3.257100000000000000e+04
3.257100000000000000e+04
3.257100000000000000e+04
3.257300000000000000e+04
3.257400000000000000e+04
3.257400000000000000e+04
3.257500000000000000e+04
3.257500000000000000e+04
3.257500000000000000e+04
3.257600000000000000e+04
3.257700000000000000e+04
3.257800000000000000e+04
3.257800000000000000e+04
3.258200000000000000e+04
3.258300000000000000e+04
3.258400000000000000e+04
3.258400000000000000e+04
3.258500000000000000e+04
3.258600000000000000e+04
3.258600000000000000e+04
3.258700000000000000e+04
3.258800000000000000e+04
3.258900000000000000e+04
3.259000000000000000e+04
3.259000000000000000e+04
3.259100000000000000e+04
3.259200000000000000e+04
3.259300000000000000e+04
3.259300000000000000e+04
3.259400000000000000e+04
3.259400000000000000e+04
3.259500000000000000e+04
3.259600000000000000e+04
3.259700000000000000e+04
3.259800000000000000e+04
3.259900000000000000e+04
3.259900000000000000e+04
3.259900000000000000e+04
3.260200000000000000e+04
3.260200000000000000e+04
3.260300000000000000e+04
3.260300000000000000e+04
3.260400000000000000e+04
3.260500000000000000e+04
3.260600000000000000e+04
3.260700000000000000e+04
3.260700000000000000e+04
3.260800000000000000e+04
3.260900000000000000e+04
3.261000000000000000e+04
3.261000000000000000e+04
3.261100000000000000e+04
3.261100000000000000e+04
3.261200000000000000e+04
3.261300000000000000e+04
3.261400000000000000e+04
3.261400000000000000e+04
3.261400000000000000e+04
3.261600000000000000e+04
3.261800000000000000e+04
3.261800000000000000e+04
3.261900000000000000e+04
3.261900000000000000e+04
3.262100000000000000e+04
3.262400000000000000e+04
3.262600000000000000e+04
3.262600000000000000e+04
3.262800000000000000e+04
3.262900000000000000e+04
3.262900000000000000e+04
3.263000000000000000e+04
3.263000000000000000e+04
3.263100000000000000e+04
3.263200000000000000e+04
3.263500000000000000e+04
3.263500000000000000e+04
3.263600000000000000e+04
3.263600000000000000e+04
3.263700000000000000e+04
3.263700000000000000e+04
3.263800000000000000e+04
3.263800000000000000e+04
3.264200000000000000e+04
3.264300000000000000e+04
3.264400000000000000e+04
3.264500000000000000e+04
3.264600000000000000e+04
3.264600000000000000e+04
3.264600000000000000e+04
3.264700000000000000e+04
3.265100000000000000e+04
3.265200000000000000e+04
3.265500000000000000e+04
3.265600000000000000e+04
3.265600000000000000e+04
3.265700000000000000e+04
3.265700000000000000e+04
3.265700000000000000e+04
3.265800000000000000e+04
3.265800000000000000e+04
3.265800000000000000e+04
3.265900000000000000e+04
3.265900000000000000e+04
3.265900000000000000e+04
3.265900000000000000e+04
3.266000000000000000e+04
3.266000000000000000e+04
3.266000000000000000e+04
3.266100000000000000e+04
3.266100000000000000e+04
3.266100000000000000e+04
3.266100000000000000e+04
3.266200000000000000e+04
3.266200000000000000e+04
3.266400000000000000e+04
3.266600000000000000e+04
3.266600000000000000e+04
3.266600000000000000e+04
3.266700000000000000e+04
3.266700000000000000e+04
3.266800000000000000e+04
3.266800000000000000e+04
3.266900000000000000e+04
3.266900000000000000e+04
3.267000000000000000e+04
3.267100000000000000e+04
3.267200000000000000e+04
3.267400000000000000e+04
3.267400000000000000e+04
3.267400000000000000e+04
3.267500000000000000e+04
3.267500000000000000e+04
3.267500000000000000e+04
3.267500000000000000e+04
3.267600000000000000e+04
3.267700000000000000e+04
3.267700000000000000e+04
3.267700000000000000e+04
3.267800000000000000e+04
3.267900000000000000e+04
3.267900000000000000e+04
3.267900000000000000e+04
3.268000000000000000e+04
3.268100000000000000e+04
3.268100000000000000e+04
3.268100000000000000e+04
3.268200000000000000e+04
3.268300000000000000e+04
3.268300000000000000e+04
3.268300000000000000e+04
3.268300000000000000e+04
3.268300000000000000e+04
3.268500000000000000e+04
3.268500000000000000e+04
3.268500000000000000e+04
3.268500000000000000e+04
3.268500000000000000e+04
3.268600000000000000e+04
3.268900000000000000e+04
3.269100000000000000e+04
3.269100000000000000e+04
3.269200000000000000e+04
3.269200000000000000e+04
3.269200000000000000e+04
3.269400000000000000e+04
3.269500000000000000e+04
3.269500000000000000e+04
3.269700000000000000e+04
3.269800000000000000e+04
3.269900000000000000e+04
3.269900000000000000e+04
3.269900000000000000e+04
3.270000000000000000e+04
3.270000000000000000e+04
3.270100000000000000e+04
3.270800000000000000e+04
3.270900000000000000e+04
3.271000000000000000e+04
3.271000000000000000e+04
3.271100000000000000e+04
3.271100000000000000e+04
3.271200000000000000e+04
3.271200000000000000e+04
3.271200000000000000e+04
3.271300000000000000e+04
3.271500000000000000e+04
3.271600000000000000e+04
3.271700000000000000e+04
3.271800000000000000e+04
3.271800000000000000e+04
3.271900000000000000e+04
3.271900000000000000e+04
3.271900000000000000e+04
3.271900000000000000e+04
3.272200000000000000e+04
3.272300000000000000e+04
3.272300000000000000e+04
3.272400000000000000e+04
3.272400000000000000e+04
3.272500000000000000e+04
3.272500000000000000e+04
3.272600000000000000e+04
3.272600000000000000e+04
3.272900000000000000e+04
3.273000000000000000e+04
3.273100000000000000e+04
3.273300000000000000e+04
3.273400000000000000e+04
3.273500000000000000e+04
3.273600000000000000e+04
3.273600000000000000e+04
3.273900000000000000e+04
3.274100000000000000e+04
3.274100000000000000e+04
3.274300000000000000e+04
3.274300000000000000e+04
3.274300000000000000e+04
3.274400000000000000e+04
3.274400000000000000e+04
3.274400000000000000e+04
3.274400000000000000e+04
3.274500000000000000e+04
3.274500000000000000e+04
3.274700000000000000e+04
3.274800000000000000e+04
3.274900000000000000e+04
3.274900000000000000e+04
3.275000000000000000e+04
3.275100000000000000e+04
3.275100000000000000e+04
3.275100000000000000e+04
3.275200000000000000e+04
3.275200000000000000e+04
3.275200000000000000e+04
3.275300000000000000e+04
3.275300000000000000e+04
3.275400000000000000e+04
3.275400000000000000e+04
3.275500000000000000e+04
3.275500000000000000e+04
3.275600000000000000e+04
3.275700000000000000e+04
3.276000000000000000e+04
3.276000000000000000e+04
3.276300000000000000e+04
3.276400000000000000e+04
3.276500000000000000e+04
3.276500000000000000e+04
3.276500000000000000e+04
3.276600000000000000e+04
3.276700000000000000e+04
3.276800000000000000e+04
3.276800000000000000e+04
3.276900000000000000e+04
3.277000000000000000e+04
3.277000000000000000e+04
3.277100000000000000e+04
3.277100000000000000e+04
3.277200000000000000e+04
3.277400000000000000e+04
3.277500000000000000e+04
3.277600000000000000e+04
3.277600000000000000e+04
3.277700000000000000e+04
3.277700000000000000e+04
3.277900000000000000e+04
3.278000000000000000e+04
3.278000000000000000e+04
3.278000000000000000e+04
3.278000000000000000e+04
3.278200000000000000e+04
3.278400000000000000e+04
3.278400000000000000e+04
3.278400000000000000e+04
3.278400000000000000e+04
3.278400000000000000e+04
3.278500000000000000e+04
3.278500000000000000e+04
3.278500000000000000e+04
3.278500000000000000e+04
3.278600000000000000e+04
3.278600000000000000e+04
3.278600000000000000e+04
3.278700000000000000e+04
3.279200000000000000e+04
3.279400000000000000e+04
3.279500000000000000e+04
3.279600000000000000e+04
3.279600000000000000e+04
3.279600000000000000e+04
3.279700000000000000e+04
3.279700000000000000e+04
3.279700000000000000e+04
3.279800000000000000e+04
3.279800000000000000e+04
3.280000000000000000e+04
3.280100000000000000e+04
3.280500000000000000e+04
3.280500000000000000e+04
3.280600000000000000e+04
3.280600000000000000e+04
3.280700000000000000e+04
3.280700000000000000e+04
3.280900000000000000e+04
3.281000000000000000e+04
3.281000000000000000e+04
3.281000000000000000e+04
3.281200000000000000e+04
3.281200000000000000e+04
3.281200000000000000e+04
3.281300000000000000e+04
3.281300000000000000e+04
3.281400000000000000e+04
3.281600000000000000e+04
3.281700000000000000e+04
3.281800000000000000e+04
3.281800000000000000e+04
3.282000000000000000e+04
3.282000000000000000e+04
3.282200000000000000e+04
3.282200000000000000e+04
3.282300000000000000e+04
3.282300000000000000e+04
3.282300000000000000e+04
3.282500000000000000e+04
3.282800000000000000e+04
3.282800000000000000e+04
3.283000000000000000e+04
3.283100000000000000e+04
3.283200000000000000e+04
3.283200000000000000e+04
3.283300000000000000e+04
3.283300000000000000e+04
3.283300000000000000e+04
3.283500000000000000e+04
3.283500000000000000e+04
3.283500000000000000e+04
3.283500000000000000e+04
3.283600000000000000e+04
3.283600000000000000e+04
3.283600000000000000e+04
3.283700000000000000e+04
3.283900000000000000e+04
3.284000000000000000e+04
3.284200000000000000e+04
3.284200000000000000e+04
3.284300000000000000e+04
3.284300000000000000e+04
3.284300000000000000e+04
3.284400000000000000e+04
3.284400000000000000e+04
3.284500000000000000e+04
3.284600000000000000e+04
3.284700000000000000e+04
3.284900000000000000e+04
3.284900000000000000e+04
3.285000000000000000e+04
3.285100000000000000e+04
3.285200000000000000e+04
3.285200000000000000e+04
3.285400000000000000e+04
3.285500000000000000e+04
3.285500000000000000e+04
3.285700000000000000e+04
3.285800000000000000e+04
3.286000000000000000e+04
3.286100000000000000e+04
3.286100000000000000e+04
3.286100000000000000e+04
3.286200000000000000e+04
3.286300000000000000e+04
3.286400000000000000e+04
3.286400000000000000e+04
3.286500000000000000e+04
3.286600000000000000e+04
3.286600000000000000e+04
3.286800000000000000e+04
3.286800000000000000e+04
3.286800000000000000e+04
3.286900000000000000e+04
3.287100000000000000e+04
3.287400000000000000e+04
3.287500000000000000e+04
3.287500000000000000e+04
3.287700000000000000e+04
3.287700000000000000e+04
3.287800000000000000e+04
3.287800000000000000e+04
3.287800000000000000e+04
3.287900000000000000e+04
3.287900000000000000e+04
3.288100000000000000e+04
3.288100000000000000e+04
3.288300000000000000e+04
3.288300000000000000e+04
3.288500000000000000e+04
3.288600000000000000e+04
3.288600000000000000e+04
3.288800000000000000e+04
3.288900000000000000e+04
3.288900000000000000e+04
3.289100000000000000e+04
3.289200000000000000e+04
3.289200000000000000e+04
3.289300000000000000e+04
3.289300000000000000e+04
3.289400000000000000e+04
3.289600000000000000e+04
3.289700000000000000e+04
3.289800000000000000e+04
3.290000000000000000e+04
3.290500000000000000e+04
3.290600000000000000e+04
3.290800000000000000e+04
3.290900000000000000e+04
3.291000000000000000e+04
3.291200000000000000e+04
3.291200000000000000e+04
3.291300000000000000e+04
3.291400000000000000e+04
3.291500000000000000e+04
3.291600000000000000e+04
3.291600000000000000e+04
3.291900000000000000e+04
3.291900000000000000e+04
3.291900000000000000e+04
3.292000000000000000e+04
3.292100000000000000e+04
3.292200000000000000e+04
3.292500000000000000e+04
3.292700000000000000e+04
3.292800000000000000e+04
3.292800000000000000e+04
3.292900000000000000e+04
3.292900000000000000e+04
3.292900000000000000e+04
3.292900000000000000e+04
3.293100000000000000e+04
3.293300000000000000e+04
3.293300000000000000e+04
3.293300000000000000e+04
3.293400000000000000e+04
3.293400000000000000e+04
3.293400000000000000e+04
3.293400000000000000e+04
3.293500000000000000e+04
3.293500000000000000e+04
3.293600000000000000e+04
3.293600000000000000e+04
3.293700000000000000e+04
3.293700000000000000e+04
3.293700000000000000e+04
3.293800000000000000e+04
3.293900000000000000e+04
3.294000000000000000e+04
3.294000000000000000e+04
3.294100000000000000e+04
3.294500000000000000e+04
3.294600000000000000e+04
3.294700000000000000e+04
3.295000000000000000e+04
3.295200000000000000e+04
3.295200000000000000e+04
3.295300000000000000e+04
3.295400000000000000e+04
3.295500000000000000e+04
3.295600000000000000e+04
3.295800000000000000e+04
3.295800000000000000e+04
3.295900000000000000e+04
3.295900000000000000e+04
3.295900000000000000e+04
3.296000000000000000e+04
3.296000000000000000e+04
3.296100000000000000e+04
3.296300000000000000e+04
3.296300000000000000e+04
3.296400000000000000e+04
3.296400000000000000e+04
3.296700000000000000e+04
3.296700000000000000e+04
3.296700000000000000e+04
3.297000000000000000e+04
3.297000000000000000e+04
3.297200000000000000e+04
3.297200000000000000e+04
3.297300000000000000e+04
3.297300000000000000e+04
3.297300000000000000e+04
3.297400000000000000e+04
3.297400000000000000e+04
3.297600000000000000e+04
3.297600000000000000e+04
3.298000000000000000e+04
3.298000000000000000e+04
3.298100000000000000e+04
3.298100000000000000e+04
3.298100000000000000e+04
3.298200000000000000e+04
3.298300000000000000e+04
3.298700000000000000e+04
3.298900000000000000e+04
3.298900000000000000e+04
3.299100000000000000e+04
3.299100000000000000e+04
3.299300000000000000e+04
3.299300000000000000e+04
3.299300000000000000e+04
3.299400000000000000e+04
3.299500000000000000e+04
3.299700000000000000e+04
3.299700000000000000e+04
3.299900000000000000e+04
3.300000000000000000e+04
3.300100000000000000e+04
3.300100000000000000e+04
3.300200000000000000e+04
3.300300000000000000e+04
3.300300000000000000e+04
3.300400000000000000e+04
3.300400000000000000e+04
3.300500000000000000e+04
3.300600000000000000e+04
3.300600000000000000e+04
3.300600000000000000e+04
3.300700000000000000e+04
3.301000000000000000e+04
3.301100000000000000e+04
3.301100000000000000e+04
3.301100000000000000e+04
3.301400000000000000e+04
3.301500000000000000e+04
3.301500000000000000e+04
3.301600000000000000e+04
3.301700000000000000e+04
3.301800000000000000e+04
3.301900000000000000e+04
3.302000000000000000e+04
3.302000000000000000e+04
3.302100000000000000e+04
3.302100000000000000e+04
3.302100000000000000e+04
3.302200000000000000e+04
3.302400000000000000e+04
3.302500000000000000e+04
3.302500000000000000e+04
3.302500000000000000e+04
3.302500000000000000e+04
3.302700000000000000e+04
3.302900000000000000e+04
3.303000000000000000e+04
3.303000000000000000e+04
3.303200000000000000e+04
3.303200000000000000e+04
3.303300000000000000e+04
3.303400000000000000e+04
3.303500000000000000e+04
3.303500000000000000e+04
3.303600000000000000e+04
3.303600000000000000e+04
3.303700000000000000e+04
3.303700000000000000e+04
3.303900000000000000e+04
3.303900000000000000e+04
3.303900000000000000e+04
3.303900000000000000e+04
3.304000000000000000e+04
3.304100000000000000e+04
3.304100000000000000e+04
3.304200000000000000e+04
3.304300000000000000e+04
3.304300000000000000e+04
3.304300000000000000e+04
3.304500000000000000e+04
3.304500000000000000e+04
3.304500000000000000e+04
3.304600000000000000e+04
3.304700000000000000e+04
3.304800000000000000e+04
3.304900000000000000e+04
3.305000000000000000e+04
3.305000000000000000e+04
3.305200000000000000e+04
3.305200000000000000e+04
3.305400000000000000e+04
3.305500000000000000e+04
3.305500000000000000e+04
3.305500000000000000e+04
3.305500000000000000e+04
3.305500000000000000e+04
3.305700000000000000e+04
3.305700000000000000e+04
3.305900000000000000e+04
3.306100000000000000e+04
3.306100000000000000e+04
3.306100000000000000e+04
3.306200000000000000e+04
3.306300000000000000e+04
3.306300000000000000e+04
3.306400000000000000e+04
3.306500000000000000e+04
3.306600000000000000e+04
3.306800000000000000e+04
3.306800000000000000e+04
3.306900000000000000e+04
3.306900000000000000e+04
3.307000000000000000e+04
3.307000000000000000e+04
3.307000000000000000e+04
3.307200000000000000e+04
3.307300000000000000e+04
3.307300000000000000e+04
3.307400000000000000e+04
3.307400000000000000e+04
3.307500000000000000e+04
3.307500000000000000e+04
3.307700000000000000e+04
3.307700000000000000e+04
3.307800000000000000e+04
3.307800000000000000e+04
3.307900000000000000e+04
3.307900000000000000e+04
3.308100000000000000e+04
3.308200000000000000e+04
3.308400000000000000e+04
3.308500000000000000e+04
3.308500000000000000e+04
3.308800000000000000e+04
3.309200000000000000e+04
3.309300000000000000e+04
3.309400000000000000e+04
3.309500000000000000e+04
3.309600000000000000e+04
3.309700000000000000e+04
3.309800000000000000e+04
3.309900000000000000e+04
3.310000000000000000e+04
3.310000000000000000e+04
3.310000000000000000e+04
3.310300000000000000e+04
3.310400000000000000e+04
3.310400000000000000e+04
3.310400000000000000e+04
3.310500000000000000e+04
3.310600000000000000e+04
3.310700000000000000e+04
3.311000000000000000e+04
3.311000000000000000e+04
3.311000000000000000e+04
3.311100000000000000e+04
3.311400000000000000e+04
3.311500000000000000e+04
3.311600000000000000e+04
3.311600000000000000e+04
3.311700000000000000e+04
3.311900000000000000e+04
3.311900000000000000e+04
3.312000000000000000e+04
3.312100000000000000e+04
3.312300000000000000e+04
3.312300000000000000e+04
3.312500000000000000e+04
3.312800000000000000e+04
3.312800000000000000e+04
3.312900000000000000e+04
3.312900000000000000e+04
3.313000000000000000e+04
3.313000000000000000e+04
3.313100000000000000e+04
3.313100000000000000e+04
3.313300000000000000e+04
3.313300000000000000e+04
3.313700000000000000e+04
3.314100000000000000e+04
3.314100000000000000e+04
3.314100000000000000e+04
3.314100000000000000e+04
3.314200000000000000e+04
3.314200000000000000e+04
3.314400000000000000e+04
3.314400000000000000e+04
3.314500000000000000e+04
3.314600000000000000e+04
3.314800000000000000e+04
3.314900000000000000e+04
3.315300000000000000e+04
3.315300000000000000e+04
3.315400000000000000e+04
3.315400000000000000e+04
3.315700000000000000e+04
3.315700000000000000e+04
3.315900000000000000e+04
3.315900000000000000e+04
3.316400000000000000e+04
3.316500000000000000e+04
3.316600000000000000e+04
3.316600000000000000e+04
3.316900000000000000e+04
3.317000000000000000e+04
3.317100000000000000e+04
3.317100000000000000e+04
3.317300000000000000e+04
3.317400000000000000e+04
3.317400000000000000e+04
3.317500000000000000e+04
3.317600000000000000e+04
3.317600000000000000e+04
3.317800000000000000e+04
3.317800000000000000e+04
3.317800000000000000e+04
3.317800000000000000e+04
3.317900000000000000e+04
3.317900000000000000e+04
3.317900000000000000e+04
3.318100000000000000e+04
3.318100000000000000e+04
3.318200000000000000e+04
3.318200000000000000e+04
3.318300000000000000e+04
3.318400000000000000e+04
3.318400000000000000e+04
3.318400000000000000e+04
3.318500000000000000e+04
3.318500000000000000e+04
3.318500000000000000e+04
3.318600000000000000e+04
3.319100000000000000e+04
3.319200000000000000e+04
3.319300000000000000e+04
3.319300000000000000e+04
3.319500000000000000e+04
3.319600000000000000e+04
3.319600000000000000e+04
3.319700000000000000e+04
3.319800000000000000e+04
3.319800000000000000e+04
3.319800000000000000e+04
3.319900000000000000e+04
3.320000000000000000e+04
3.320000000000000000e+04
3.320000000000000000e+04
3.320500000000000000e+04
3.320500000000000000e+04
3.320600000000000000e+04
3.320700000000000000e+04
3.320800000000000000e+04
3.320900000000000000e+04
3.321200000000000000e+04
3.321200000000000000e+04
3.321200000000000000e+04
3.321400000000000000e+04
3.321400000000000000e+04
3.321500000000000000e+04
3.321600000000000000e+04
3.321700000000000000e+04
3.321800000000000000e+04
3.321800000000000000e+04
3.321800000000000000e+04
3.321800000000000000e+04
3.322000000000000000e+04
3.322100000000000000e+04
3.322100000000000000e+04
3.322100000000000000e+04
3.322100000000000000e+04
3.322100000000000000e+04
3.322100000000000000e+04
3.322200000000000000e+04
3.322300000000000000e+04
3.322400000000000000e+04
3.322800000000000000e+04
3.322900000000000000e+04
3.323000000000000000e+04
3.323200000000000000e+04
3.323200000000000000e+04
3.323300000000000000e+04
3.323500000000000000e+04
3.323500000000000000e+04
3.323500000000000000e+04
3.323900000000000000e+04
3.323900000000000000e+04
3.324000000000000000e+04
3.324100000000000000e+04
3.324200000000000000e+04
3.324200000000000000e+04
3.324200000000000000e+04
3.324200000000000000e+04
3.324200000000000000e+04
3.324300000000000000e+04
3.324300000000000000e+04
3.324400000000000000e+04
3.324500000000000000e+04
3.324700000000000000e+04
3.324800000000000000e+04
3.324900000000000000e+04
3.325200000000000000e+04
3.325400000000000000e+04
3.325500000000000000e+04
3.325500000000000000e+04
3.325500000000000000e+04
3.325600000000000000e+04
3.325600000000000000e+04
3.325800000000000000e+04
3.326000000000000000e+04
3.326100000000000000e+04
3.326300000000000000e+04
3.326400000000000000e+04
3.326500000000000000e+04
3.326600000000000000e+04
3.326600000000000000e+04
3.326700000000000000e+04
3.326800000000000000e+04
3.326900000000000000e+04
3.326900000000000000e+04
3.326900000000000000e+04
3.327000000000000000e+04
3.327200000000000000e+04
3.327300000000000000e+04
3.327300000000000000e+04
3.327300000000000000e+04
3.327400000000000000e+04
3.327400000000000000e+04
3.327600000000000000e+04
3.327600000000000000e+04
3.327600000000000000e+04
3.328000000000000000e+04
3.328200000000000000e+04
3.328200000000000000e+04
3.328300000000000000e+04
3.328400000000000000e+04
3.328400000000000000e+04
3.328900000000000000e+04
3.328900000000000000e+04
3.329000000000000000e+04
3.329000000000000000e+04
3.329000000000000000e+04
3.329100000000000000e+04
3.329300000000000000e+04
3.329400000000000000e+04
3.329400000000000000e+04
3.329500000000000000e+04
3.329500000000000000e+04
3.329500000000000000e+04
3.330000000000000000e+04
3.330000000000000000e+04
3.330100000000000000e+04
3.330300000000000000e+04
3.330400000000000000e+04
3.330400000000000000e+04
3.330500000000000000e+04
3.330600000000000000e+04
3.330700000000000000e+04
3.330700000000000000e+04
3.330900000000000000e+04
3.331000000000000000e+04
3.331200000000000000e+04
3.331200000000000000e+04
3.331300000000000000e+04
3.331400000000000000e+04
3.331400000000000000e+04
3.331500000000000000e+04
3.331500000000000000e+04
3.331800000000000000e+04
3.332100000000000000e+04
3.332200000000000000e+04
3.332200000000000000e+04
3.332300000000000000e+04
3.332400000000000000e+04
3.332400000000000000e+04
3.332800000000000000e+04
3.332900000000000000e+04
3.333000000000000000e+04
3.333200000000000000e+04
3.333200000000000000e+04
3.333200000000000000e+04
3.333300000000000000e+04
3.333500000000000000e+04
3.333600000000000000e+04
3.333700000000000000e+04
3.333700000000000000e+04
3.333900000000000000e+04
3.333900000000000000e+04
3.334000000000000000e+04
3.334000000000000000e+04
3.334000000000000000e+04
3.334000000000000000e+04
3.334100000000000000e+04
3.334100000000000000e+04
3.334200000000000000e+04
3.334200000000000000e+04
3.334300000000000000e+04
3.334400000000000000e+04
3.334400000000000000e+04
3.334700000000000000e+04
3.334800000000000000e+04
3.335200000000000000e+04
3.335300000000000000e+04
3.335400000000000000e+04
3.335400000000000000e+04
3.335400000000000000e+04
3.335600000000000000e+04
3.335600000000000000e+04
3.335800000000000000e+04
3.335900000000000000e+04
3.336000000000000000e+04
3.336100000000000000e+04
3.336100000000000000e+04
3.336100000000000000e+04
3.336200000000000000e+04
3.336200000000000000e+04
3.336400000000000000e+04
3.336400000000000000e+04
3.336400000000000000e+04
3.336500000000000000e+04
3.336600000000000000e+04
3.336700000000000000e+04
3.337000000000000000e+04
3.337000000000000000e+04
3.337100000000000000e+04
3.337200000000000000e+04
3.337200000000000000e+04
3.337400000000000000e+04
3.337400000000000000e+04
3.337400000000000000e+04
3.337400000000000000e+04
3.337500000000000000e+04
3.337700000000000000e+04
3.337800000000000000e+04
3.337900000000000000e+04
3.338000000000000000e+04
3.338000000000000000e+04
3.338100000000000000e+04
3.338300000000000000e+04
3.338400000000000000e+04
3.338400000000000000e+04
3.338500000000000000e+04
3.338500000000000000e+04
3.338500000000000000e+04
3.338500000000000000e+04
3.338600000000000000e+04
3.338700000000000000e+04
3.338700000000000000e+04
3.338700000000000000e+04
3.338800000000000000e+04
3.338900000000000000e+04
3.338900000000000000e+04
3.338900000000000000e+04
3.339000000000000000e+04
3.339100000000000000e+04
3.339400000000000000e+04
3.339600000000000000e+04
3.339800000000000000e+04
3.339900000000000000e+04
3.340000000000000000e+04
3.340100000000000000e+04
3.340200000000000000e+04
3.340300000000000000e+04
3.340500000000000000e+04
3.341000000000000000e+04
3.341000000000000000e+04
3.341000000000000000e+04
3.341100000000000000e+04
3.341200000000000000e+04
3.341200000000000000e+04
3.341200000000000000e+04
3.341300000000000000e+04
3.341600000000000000e+04
3.341900000000000000e+04
3.342100000000000000e+04
3.342200000000000000e+04
3.342300000000000000e+04
3.342400000000000000e+04
3.342500000000000000e+04
3.342600000000000000e+04
3.342700000000000000e+04
3.342800000000000000e+04
3.342800000000000000e+04
3.343000000000000000e+04
3.343100000000000000e+04
3.343500000000000000e+04
3.343700000000000000e+04
3.343800000000000000e+04
3.343900000000000000e+04
3.343900000000000000e+04
3.344000000000000000e+04
3.344200000000000000e+04
3.344400000000000000e+04
3.344700000000000000e+04
3.344700000000000000e+04
3.344700000000000000e+04
3.344800000000000000e+04
3.344800000000000000e+04
3.344900000000000000e+04
3.345000000000000000e+04
3.345100000000000000e+04
3.345100000000000000e+04
3.345100000000000000e+04
3.345200000000000000e+04
3.345300000000000000e+04
3.345300000000000000e+04
3.345500000000000000e+04
3.345500000000000000e+04
3.345500000000000000e+04
3.345600000000000000e+04
3.345700000000000000e+04
3.345800000000000000e+04
3.345800000000000000e+04
3.345900000000000000e+04
3.346200000000000000e+04
3.346200000000000000e+04
3.346200000000000000e+04
3.346300000000000000e+04
3.346300000000000000e+04
3.346400000000000000e+04
3.346400000000000000e+04
3.346400000000000000e+04
3.346800000000000000e+04
3.346800000000000000e+04
3.347100000000000000e+04
3.347300000000000000e+04
3.347300000000000000e+04
3.347300000000000000e+04
3.347300000000000000e+04
3.347400000000000000e+04
3.347500000000000000e+04
3.347900000000000000e+04
3.348000000000000000e+04
3.348000000000000000e+04
3.348400000000000000e+04
3.348400000000000000e+04
3.348900000000000000e+04
3.348900000000000000e+04
3.349000000000000000e+04
3.349100000000000000e+04
3.349100000000000000e+04
3.349100000000000000e+04
3.349100000000000000e+04
3.349300000000000000e+04
3.349500000000000000e+04
3.349900000000000000e+04
3.349900000000000000e+04
3.350000000000000000e+04
3.350100000000000000e+04
3.350100000000000000e+04
3.350400000000000000e+04
3.350500000000000000e+04
3.350900000000000000e+04
3.351000000000000000e+04
3.351000000000000000e+04
3.351100000000000000e+04
3.351100000000000000e+04
3.351200000000000000e+04
3.351200000000000000e+04
3.351300000000000000e+04
3.351500000000000000e+04
3.351500000000000000e+04
3.351600000000000000e+04
3.351700000000000000e+04
3.351800000000000000e+04
3.351900000000000000e+04
3.352000000000000000e+04
3.352000000000000000e+04
3.352200000000000000e+04
3.352200000000000000e+04
3.352300000000000000e+04
3.352500000000000000e+04
3.352500000000000000e+04
3.352600000000000000e+04
3.352600000000000000e+04
3.352800000000000000e+04
3.352800000000000000e+04
3.352800000000000000e+04
3.353000000000000000e+04
3.353200000000000000e+04
3.353500000000000000e+04
3.353700000000000000e+04
3.353700000000000000e+04
3.353700000000000000e+04
3.353800000000000000e+04
3.353800000000000000e+04
3.353900000000000000e+04
3.353900000000000000e+04
3.353900000000000000e+04
3.354000000000000000e+04
3.354000000000000000e+04
3.354200000000000000e+04
3.354500000000000000e+04
3.354700000000000000e+04
3.354900000000000000e+04
3.354900000000000000e+04
3.354900000000000000e+04
3.355100000000000000e+04
3.355100000000000000e+04
3.355300000000000000e+04
3.355300000000000000e+04
3.355500000000000000e+04
3.355700000000000000e+04
3.355800000000000000e+04
3.356700000000000000e+04
3.356800000000000000e+04
3.357000000000000000e+04
3.357000000000000000e+04
3.357200000000000000e+04
3.357300000000000000e+04
3.357300000000000000e+04
3.357400000000000000e+04
3.357500000000000000e+04
3.357700000000000000e+04
3.358000000000000000e+04
3.358100000000000000e+04
3.358100000000000000e+04
3.358300000000000000e+04
3.358700000000000000e+04
3.358700000000000000e+04
3.358800000000000000e+04
3.358900000000000000e+04
3.359300000000000000e+04
3.359400000000000000e+04
3.359600000000000000e+04
3.360000000000000000e+04
3.360100000000000000e+04
3.360100000000000000e+04
3.360100000000000000e+04
3.360100000000000000e+04
3.360100000000000000e+04
3.360200000000000000e+04
3.360300000000000000e+04
3.360500000000000000e+04
3.360500000000000000e+04
3.360600000000000000e+04
3.360700000000000000e+04
3.360900000000000000e+04
3.361000000000000000e+04
3.361000000000000000e+04
3.361300000000000000e+04
3.361300000000000000e+04
3.361300000000000000e+04
3.361400000000000000e+04
3.361600000000000000e+04
3.361600000000000000e+04
3.361700000000000000e+04
3.361700000000000000e+04
3.361700000000000000e+04
3.361900000000000000e+04
3.362300000000000000e+04
3.362400000000000000e+04
3.363000000000000000e+04
3.363300000000000000e+04
3.363700000000000000e+04
3.363800000000000000e+04
3.363900000000000000e+04
3.364100000000000000e+04
3.364100000000000000e+04
3.364200000000000000e+04
3.364200000000000000e+04
3.364400000000000000e+04
3.364500000000000000e+04
3.364700000000000000e+04
3.364700000000000000e+04
3.364900000000000000e+04
3.365100000000000000e+04
3.365100000000000000e+04
3.365100000000000000e+04
3.365200000000000000e+04
3.365200000000000000e+04
3.365300000000000000e+04
3.365300000000000000e+04
3.365500000000000000e+04
3.365500000000000000e+04
3.365600000000000000e+04
3.365800000000000000e+04
3.366000000000000000e+04
3.366100000000000000e+04
3.366100000000000000e+04
3.366300000000000000e+04
3.366400000000000000e+04
3.366600000000000000e+04
3.366600000000000000e+04
3.366700000000000000e+04
3.366700000000000000e+04
3.366800000000000000e+04
3.367000000000000000e+04
3.367300000000000000e+04
3.367800000000000000e+04
3.367900000000000000e+04
3.367900000000000000e+04
3.368000000000000000e+04
3.368100000000000000e+04
3.368100000000000000e+04
3.368100000000000000e+04
3.368100000000000000e+04
3.368300000000000000e+04
3.368400000000000000e+04
3.368700000000000000e+04
3.369000000000000000e+04
3.369000000000000000e+04
3.369400000000000000e+04
3.369500000000000000e+04
3.369600000000000000e+04
3.370000000000000000e+04
3.370100000000000000e+04
3.370200000000000000e+04
3.370300000000000000e+04
3.371000000000000000e+04
3.371200000000000000e+04
3.371500000000000000e+04
3.371600000000000000e+04
3.372000000000000000e+04
3.372100000000000000e+04
3.372200000000000000e+04
3.372200000000000000e+04
3.372200000000000000e+04
3.372300000000000000e+04
3.372600000000000000e+04
3.372700000000000000e+04
3.372900000000000000e+04
3.373100000000000000e+04
3.373200000000000000e+04
3.373300000000000000e+04
3.373300000000000000e+04
3.373300000000000000e+04
3.373400000000000000e+04
3.373700000000000000e+04
3.373900000000000000e+04
3.374300000000000000e+04
3.374500000000000000e+04
3.374600000000000000e+04
3.374800000000000000e+04
3.374900000000000000e+04
3.374900000000000000e+04
3.375000000000000000e+04
3.375100000000000000e+04
3.375100000000000000e+04
3.375200000000000000e+04
3.375200000000000000e+04
3.375300000000000000e+04
3.375400000000000000e+04
3.375500000000000000e+04
3.375800000000000000e+04
3.376200000000000000e+04
3.376200000000000000e+04
3.376300000000000000e+04
3.376900000000000000e+04
3.377200000000000000e+04
3.377500000000000000e+04
3.377600000000000000e+04
3.377900000000000000e+04
3.377900000000000000e+04
3.378000000000000000e+04
3.378800000000000000e+04
3.378900000000000000e+04
3.378900000000000000e+04
3.379100000000000000e+04
3.379200000000000000e+04
3.379200000000000000e+04
3.379800000000000000e+04
3.380000000000000000e+04
3.380100000000000000e+04
3.380100000000000000e+04
3.380300000000000000e+04
3.380400000000000000e+04
3.380400000000000000e+04
3.380500000000000000e+04
3.380600000000000000e+04
3.380600000000000000e+04
3.380800000000000000e+04
3.381000000000000000e+04
3.381200000000000000e+04
3.381200000000000000e+04
3.381400000000000000e+04
3.381500000000000000e+04
3.381500000000000000e+04
3.382300000000000000e+04
3.382400000000000000e+04
3.382400000000000000e+04
3.382400000000000000e+04
3.382500000000000000e+04
3.382700000000000000e+04
3.382800000000000000e+04
3.383000000000000000e+04
3.383000000000000000e+04
3.383100000000000000e+04
3.383200000000000000e+04
3.383200000000000000e+04
3.383200000000000000e+04
3.383400000000000000e+04
3.383500000000000000e+04
3.383600000000000000e+04
3.383700000000000000e+04
3.383700000000000000e+04
3.383700000000000000e+04
3.383800000000000000e+04
3.383900000000000000e+04
3.384000000000000000e+04
3.384200000000000000e+04
3.384200000000000000e+04
3.384500000000000000e+04
3.384600000000000000e+04
3.384700000000000000e+04
3.384800000000000000e+04
3.384800000000000000e+04
3.384800000000000000e+04
3.384900000000000000e+04
3.384900000000000000e+04
3.385100000000000000e+04
3.385200000000000000e+04
3.385300000000000000e+04
3.385300000000000000e+04
3.385400000000000000e+04
3.385500000000000000e+04
3.385600000000000000e+04
3.386000000000000000e+04
3.386200000000000000e+04
3.386400000000000000e+04
3.386900000000000000e+04
3.387000000000000000e+04
3.387300000000000000e+04
3.387500000000000000e+04
3.387600000000000000e+04
3.387700000000000000e+04
3.387800000000000000e+04
3.388200000000000000e+04
3.388500000000000000e+04
3.388500000000000000e+04
3.388700000000000000e+04
3.388800000000000000e+04
3.388900000000000000e+04
3.389000000000000000e+04
3.389100000000000000e+04
3.389400000000000000e+04
3.389500000000000000e+04
3.389700000000000000e+04
3.389800000000000000e+04
3.389900000000000000e+04
3.389900000000000000e+04
3.390100000000000000e+04
3.390200000000000000e+04
3.390300000000000000e+04
3.390600000000000000e+04
3.390700000000000000e+04
3.391300000000000000e+04
3.391600000000000000e+04
3.391700000000000000e+04
3.391700000000000000e+04
3.392000000000000000e+04
3.392000000000000000e+04
3.392000000000000000e+04
3.392200000000000000e+04
3.392300000000000000e+04
3.392400000000000000e+04
3.392800000000000000e+04
3.392800000000000000e+04
3.392900000000000000e+04
3.393100000000000000e+04
3.393400000000000000e+04
3.393500000000000000e+04
3.394100000000000000e+04
3.394300000000000000e+04
3.394300000000000000e+04
3.394300000000000000e+04
3.394300000000000000e+04
3.394900000000000000e+04
3.394900000000000000e+04
3.394900000000000000e+04
3.395200000000000000e+04
3.395300000000000000e+04
3.395600000000000000e+04
3.395600000000000000e+04
3.395700000000000000e+04
3.395800000000000000e+04
3.395900000000000000e+04
3.396100000000000000e+04
3.396200000000000000e+04
3.396700000000000000e+04
3.397200000000000000e+04
3.397300000000000000e+04
3.397400000000000000e+04
3.397400000000000000e+04
3.397500000000000000e+04
3.397700000000000000e+04
3.397700000000000000e+04
3.397800000000000000e+04
3.397800000000000000e+04
3.398200000000000000e+04
3.398200000000000000e+04
3.398400000000000000e+04
3.398400000000000000e+04
3.398500000000000000e+04
3.398600000000000000e+04
3.398800000000000000e+04
3.398800000000000000e+04
3.398900000000000000e+04
3.398900000000000000e+04
3.398900000000000000e+04
3.399000000000000000e+04
3.399300000000000000e+04
3.399400000000000000e+04
3.399900000000000000e+04
3.399900000000000000e+04
3.400100000000000000e+04
3.400100000000000000e+04
3.400200000000000000e+04
3.400200000000000000e+04
3.400400000000000000e+04
3.400500000000000000e+04
3.400700000000000000e+04
3.401000000000000000e+04
3.401400000000000000e+04
3.401600000000000000e+04
3.401700000000000000e+04
3.401700000000000000e+04
3.401900000000000000e+04
3.402000000000000000e+04
3.402100000000000000e+04
3.402100000000000000e+04
3.402200000000000000e+04
3.402300000000000000e+04
3.402300000000000000e+04
3.402300000000000000e+04
3.402500000000000000e+04
3.402600000000000000e+04
3.402800000000000000e+04
3.403400000000000000e+04
3.403600000000000000e+04
3.403700000000000000e+04
3.403900000000000000e+04
3.403900000000000000e+04
3.404000000000000000e+04
3.404400000000000000e+04
3.404400000000000000e+04
3.404600000000000000e+04
3.404600000000000000e+04
3.404600000000000000e+04
3.404700000000000000e+04
3.405300000000000000e+04
3.405400000000000000e+04
3.405500000000000000e+04
3.405600000000000000e+04
3.405700000000000000e+04
3.405800000000000000e+04
3.405800000000000000e+04
3.405900000000000000e+04
3.406100000000000000e+04
3.406200000000000000e+04
3.406200000000000000e+04
3.406300000000000000e+04
3.406400000000000000e+04
3.406500000000000000e+04
3.406500000000000000e+04
3.406600000000000000e+04
3.406600000000000000e+04
3.406700000000000000e+04
3.406800000000000000e+04
3.406900000000000000e+04
3.406900000000000000e+04
3.407000000000000000e+04
3.407000000000000000e+04
3.407000000000000000e+04
3.407300000000000000e+04
3.407300000000000000e+04
3.407300000000000000e+04
3.407400000000000000e+04
3.407500000000000000e+04
3.407600000000000000e+04
3.407600000000000000e+04
3.407800000000000000e+04
3.407900000000000000e+04
3.408000000000000000e+04
3.408200000000000000e+04
3.408300000000000000e+04
3.408300000000000000e+04
3.408500000000000000e+04
3.408600000000000000e+04
3.408700000000000000e+04
3.408700000000000000e+04
3.408800000000000000e+04
3.408900000000000000e+04
3.409200000000000000e+04
3.409200000000000000e+04
3.409300000000000000e+04
3.409500000000000000e+04
3.409900000000000000e+04
3.410100000000000000e+04
3.410200000000000000e+04
3.410300000000000000e+04
3.410400000000000000e+04
3.410500000000000000e+04
3.410600000000000000e+04
3.410900000000000000e+04
3.411000000000000000e+04
3.411000000000000000e+04
3.411200000000000000e+04
3.411300000000000000e+04
3.411500000000000000e+04
3.411700000000000000e+04
3.411800000000000000e+04
3.411800000000000000e+04
3.412100000000000000e+04
3.412300000000000000e+04
3.412400000000000000e+04
3.413000000000000000e+04
3.413100000000000000e+04
3.413300000000000000e+04
3.413300000000000000e+04
3.413800000000000000e+04
3.413900000000000000e+04
3.414100000000000000e+04
3.414200000000000000e+04
3.414400000000000000e+04
3.414400000000000000e+04
3.414500000000000000e+04
3.414600000000000000e+04
3.414600000000000000e+04
3.414700000000000000e+04
3.414800000000000000e+04
3.414900000000000000e+04
3.414900000000000000e+04
3.415000000000000000e+04
3.415100000000000000e+04
3.415100000000000000e+04
3.415100000000000000e+04
3.415700000000000000e+04
3.415800000000000000e+04
3.415900000000000000e+04
3.416000000000000000e+04
3.416000000000000000e+04
3.416000000000000000e+04
3.416100000000000000e+04
3.416100000000000000e+04
3.416400000000000000e+04
3.416600000000000000e+04
3.416700000000000000e+04
3.417600000000000000e+04
3.417800000000000000e+04
3.417800000000000000e+04
3.417900000000000000e+04
3.418300000000000000e+04
3.418500000000000000e+04
3.418600000000000000e+04
3.418700000000000000e+04
3.418700000000000000e+04
3.418800000000000000e+04
3.418800000000000000e+04
3.418800000000000000e+04
3.419100000000000000e+04
3.419100000000000000e+04
3.419100000000000000e+04
3.419200000000000000e+04
3.419600000000000000e+04
3.419700000000000000e+04
3.419800000000000000e+04
3.419800000000000000e+04
3.420000000000000000e+04
3.420200000000000000e+04
3.420300000000000000e+04
3.420500000000000000e+04
3.420600000000000000e+04
3.420600000000000000e+04
3.420700000000000000e+04
3.420800000000000000e+04
3.420900000000000000e+04
3.420900000000000000e+04
3.421100000000000000e+04
3.421200000000000000e+04
3.421300000000000000e+04
3.421400000000000000e+04
3.421400000000000000e+04
3.421500000000000000e+04
3.421500000000000000e+04
3.421700000000000000e+04
3.421800000000000000e+04
3.421900000000000000e+04
3.422000000000000000e+04
3.422000000000000000e+04
3.422100000000000000e+04
3.422100000000000000e+04
3.422300000000000000e+04
3.422300000000000000e+04
3.422400000000000000e+04
3.422700000000000000e+04
3.422800000000000000e+04
3.423100000000000000e+04
3.423200000000000000e+04
3.423300000000000000e+04
3.423400000000000000e+04
3.424000000000000000e+04
3.424000000000000000e+04
3.424200000000000000e+04
3.424300000000000000e+04
3.424600000000000000e+04
3.424600000000000000e+04
3.424600000000000000e+04
3.424900000000000000e+04
3.425400000000000000e+04
3.425700000000000000e+04
3.425900000000000000e+04
3.426500000000000000e+04
3.426700000000000000e+04
3.426800000000000000e+04
3.427100000000000000e+04
3.427200000000000000e+04
3.427900000000000000e+04
3.428000000000000000e+04
3.428300000000000000e+04
3.428400000000000000e+04
3.428400000000000000e+04
3.428600000000000000e+04
3.428900000000000000e+04
3.429400000000000000e+04
3.429400000000000000e+04
3.429600000000000000e+04
3.429600000000000000e+04
3.429700000000000000e+04
3.430000000000000000e+04
3.430100000000000000e+04
3.430200000000000000e+04
3.430200000000000000e+04
3.430400000000000000e+04
3.430900000000000000e+04
3.431000000000000000e+04
3.431000000000000000e+04
3.431100000000000000e+04
3.431100000000000000e+04
3.431100000000000000e+04
3.431200000000000000e+04
3.431300000000000000e+04
3.431400000000000000e+04
3.431500000000000000e+04
3.431500000000000000e+04
3.431800000000000000e+04
3.431800000000000000e+04
3.432100000000000000e+04
3.432400000000000000e+04
3.432600000000000000e+04
3.432700000000000000e+04
3.433000000000000000e+04
3.433000000000000000e+04
3.433100000000000000e+04
3.433100000000000000e+04
3.433400000000000000e+04
3.433500000000000000e+04
3.433700000000000000e+04
3.433800000000000000e+04
3.433900000000000000e+04
3.434200000000000000e+04
3.434300000000000000e+04
3.434400000000000000e+04
3.434600000000000000e+04
3.434700000000000000e+04
3.435000000000000000e+04
3.435100000000000000e+04
3.435200000000000000e+04
3.435800000000000000e+04
3.436100000000000000e+04
3.436100000000000000e+04
3.436100000000000000e+04
3.436600000000000000e+04
3.436800000000000000e+04
3.437000000000000000e+04
3.437500000000000000e+04
3.437900000000000000e+04
3.438400000000000000e+04
3.438700000000000000e+04
3.438800000000000000e+04
3.439500000000000000e+04
3.439600000000000000e+04
3.439700000000000000e+04
3.439800000000000000e+04
3.439800000000000000e+04
3.439800000000000000e+04
3.440100000000000000e+04
3.440100000000000000e+04
3.440300000000000000e+04
3.440400000000000000e+04
3.440400000000000000e+04
3.440500000000000000e+04
3.440700000000000000e+04
3.440800000000000000e+04
3.440900000000000000e+04
3.440900000000000000e+04
3.441200000000000000e+04
3.441300000000000000e+04
3.441400000000000000e+04
3.441400000000000000e+04
3.441400000000000000e+04
3.441500000000000000e+04
3.441700000000000000e+04
3.441700000000000000e+04
3.441800000000000000e+04
3.441800000000000000e+04
3.441800000000000000e+04
3.441900000000000000e+04
3.442000000000000000e+04
3.442100000000000000e+04
3.442100000000000000e+04
3.442100000000000000e+04
3.442500000000000000e+04
3.442500000000000000e+04
3.442800000000000000e+04
3.443400000000000000e+04
3.443400000000000000e+04
3.443500000000000000e+04
3.443500000000000000e+04
3.443800000000000000e+04
3.444000000000000000e+04
3.444000000000000000e+04
3.444100000000000000e+04
3.445100000000000000e+04
3.445200000000000000e+04
3.445400000000000000e+04
3.445400000000000000e+04
3.445600000000000000e+04
3.445800000000000000e+04
3.445900000000000000e+04
3.445900000000000000e+04
3.446000000000000000e+04
3.446100000000000000e+04
3.446400000000000000e+04
3.446500000000000000e+04
3.446600000000000000e+04
3.446600000000000000e+04
3.446600000000000000e+04
3.446800000000000000e+04
3.447000000000000000e+04
3.447000000000000000e+04
3.447100000000000000e+04
3.447200000000000000e+04
3.447200000000000000e+04
3.447600000000000000e+04
3.447700000000000000e+04
3.447800000000000000e+04
3.447900000000000000e+04
3.447900000000000000e+04
3.448700000000000000e+04
3.448900000000000000e+04
3.449400000000000000e+04
3.449600000000000000e+04
3.449800000000000000e+04
3.450300000000000000e+04
3.450700000000000000e+04
3.450700000000000000e+04
3.450900000000000000e+04
3.451000000000000000e+04
3.451000000000000000e+04
3.451000000000000000e+04
3.451300000000000000e+04
3.451300000000000000e+04
3.451400000000000000e+04
3.451800000000000000e+04
3.452000000000000000e+04
3.452400000000000000e+04
3.452600000000000000e+04
3.452700000000000000e+04
3.453000000000000000e+04
3.453500000000000000e+04
3.453600000000000000e+04
3.453600000000000000e+04
3.453900000000000000e+04
3.454800000000000000e+04
3.454900000000000000e+04
3.455100000000000000e+04
3.455100000000000000e+04
3.455200000000000000e+04
3.455500000000000000e+04
3.455500000000000000e+04
3.455500000000000000e+04
3.455900000000000000e+04
3.456000000000000000e+04
3.456500000000000000e+04
3.457200000000000000e+04
3.457300000000000000e+04
3.457400000000000000e+04
3.457500000000000000e+04
3.457600000000000000e+04
3.457800000000000000e+04
3.458000000000000000e+04
3.458100000000000000e+04
3.458100000000000000e+04
3.458100000000000000e+04
3.458200000000000000e+04
3.458600000000000000e+04
3.458700000000000000e+04
3.458700000000000000e+04
3.458900000000000000e+04
3.458900000000000000e+04
3.459000000000000000e+04
3.459200000000000000e+04
3.459800000000000000e+04
3.459900000000000000e+04
3.460100000000000000e+04
3.460200000000000000e+04
3.460600000000000000e+04
3.460700000000000000e+04
3.460700000000000000e+04
3.460800000000000000e+04
3.461500000000000000e+04
3.461700000000000000e+04
3.462000000000000000e+04
3.462000000000000000e+04
3.462300000000000000e+04
3.462300000000000000e+04
3.462300000000000000e+04
3.462500000000000000e+04
3.463000000000000000e+04
3.463100000000000000e+04
3.463500000000000000e+04
3.464500000000000000e+04
3.464700000000000000e+04
3.464800000000000000e+04
3.464800000000000000e+04
3.464900000000000000e+04
3.464900000000000000e+04
3.465000000000000000e+04
3.465200000000000000e+04
3.465300000000000000e+04
3.465400000000000000e+04
3.465700000000000000e+04
3.465800000000000000e+04
3.465900000000000000e+04
3.466100000000000000e+04
3.466300000000000000e+04
3.466500000000000000e+04
3.466500000000000000e+04
3.466800000000000000e+04
3.466800000000000000e+04
3.466800000000000000e+04
3.467000000000000000e+04
3.467200000000000000e+04
3.467300000000000000e+04
3.467400000000000000e+04
3.467500000000000000e+04
3.467500000000000000e+04
3.467700000000000000e+04
3.467700000000000000e+04
3.467700000000000000e+04
3.468000000000000000e+04
3.468000000000000000e+04
3.468100000000000000e+04
3.468200000000000000e+04
3.468300000000000000e+04
3.468300000000000000e+04
3.468400000000000000e+04
3.468900000000000000e+04
3.468900000000000000e+04
3.469000000000000000e+04
3.469200000000000000e+04
3.469300000000000000e+04
3.469500000000000000e+04
3.469700000000000000e+04
3.469700000000000000e+04
3.469800000000000000e+04
3.469800000000000000e+04
3.469900000000000000e+04
3.470000000000000000e+04
3.470100000000000000e+04
3.470300000000000000e+04
3.470500000000000000e+04
3.470600000000000000e+04
3.470800000000000000e+04
3.470800000000000000e+04
3.470900000000000000e+04
3.470900000000000000e+04
3.471000000000000000e+04
3.471000000000000000e+04
3.471100000000000000e+04
3.471100000000000000e+04
3.471300000000000000e+04
3.471400000000000000e+04
3.471500000000000000e+04
3.471500000000000000e+04
3.471600000000000000e+04
3.471700000000000000e+04
3.472000000000000000e+04
3.472200000000000000e+04
3.472300000000000000e+04
3.472300000000000000e+04
3.472300000000000000e+04
3.472400000000000000e+04
3.472400000000000000e+04
3.472900000000000000e+04
3.473400000000000000e+04
3.473800000000000000e+04
3.474200000000000000e+04
3.474500000000000000e+04
3.474700000000000000e+04
3.474800000000000000e+04
3.475100000000000000e+04
3.475100000000000000e+04
3.475200000000000000e+04
3.475200000000000000e+04
3.475400000000000000e+04
3.475500000000000000e+04
3.475500000000000000e+04
3.475500000000000000e+04
3.476500000000000000e+04
3.476800000000000000e+04
3.477000000000000000e+04
3.477300000000000000e+04
3.477900000000000000e+04
3.478100000000000000e+04
3.478400000000000000e+04
3.478400000000000000e+04
3.478500000000000000e+04
3.478500000000000000e+04
3.478500000000000000e+04
3.478700000000000000e+04
3.478800000000000000e+04
3.479000000000000000e+04
3.479100000000000000e+04
3.479200000000000000e+04
3.479900000000000000e+04
3.480200000000000000e+04
3.480700000000000000e+04
3.480800000000000000e+04
3.480900000000000000e+04
3.481000000000000000e+04
3.481000000000000000e+04
3.481300000000000000e+04
3.481400000000000000e+04
3.481600000000000000e+04
3.481800000000000000e+04
3.482100000000000000e+04
3.482200000000000000e+04
3.482300000000000000e+04
3.482400000000000000e+04
3.482600000000000000e+04
3.482700000000000000e+04
3.482700000000000000e+04
3.483200000000000000e+04
3.483200000000000000e+04
3.483300000000000000e+04
3.483400000000000000e+04
3.483900000000000000e+04
3.484100000000000000e+04
3.484800000000000000e+04
3.485000000000000000e+04
3.485000000000000000e+04
3.485000000000000000e+04
3.485000000000000000e+04
3.485100000000000000e+04
3.485200000000000000e+04
3.485400000000000000e+04
3.485400000000000000e+04
3.485600000000000000e+04
3.485700000000000000e+04
3.486100000000000000e+04
3.486200000000000000e+04
3.486600000000000000e+04
3.486700000000000000e+04
3.486900000000000000e+04
3.487300000000000000e+04
3.487300000000000000e+04
3.487400000000000000e+04
3.488200000000000000e+04
3.488500000000000000e+04
3.489000000000000000e+04
3.489100000000000000e+04
3.489200000000000000e+04
3.489800000000000000e+04
3.489800000000000000e+04
3.490000000000000000e+04
3.490400000000000000e+04
3.490900000000000000e+04
3.491200000000000000e+04
3.491300000000000000e+04
3.491400000000000000e+04
3.491500000000000000e+04
3.491600000000000000e+04
3.491600000000000000e+04
3.492200000000000000e+04
3.492500000000000000e+04
3.492700000000000000e+04
3.493000000000000000e+04
3.493100000000000000e+04
3.493100000000000000e+04
3.493300000000000000e+04
3.493300000000000000e+04
3.493400000000000000e+04
3.493400000000000000e+04
3.493500000000000000e+04
3.493700000000000000e+04
3.493800000000000000e+04
3.494100000000000000e+04
3.494100000000000000e+04
3.494600000000000000e+04
3.494600000000000000e+04
3.494700000000000000e+04
3.495100000000000000e+04
3.495300000000000000e+04
3.495500000000000000e+04
3.496000000000000000e+04
3.496300000000000000e+04
3.496300000000000000e+04
3.496400000000000000e+04
3.496500000000000000e+04
3.496600000000000000e+04
3.496600000000000000e+04
3.496700000000000000e+04
3.496900000000000000e+04
3.497200000000000000e+04
3.497700000000000000e+04
3.498000000000000000e+04
3.498100000000000000e+04
3.498800000000000000e+04
3.498900000000000000e+04
3.498900000000000000e+04
3.499300000000000000e+04
3.499500000000000000e+04
3.499700000000000000e+04
3.499800000000000000e+04
3.500200000000000000e+04
3.500300000000000000e+04
3.500500000000000000e+04
3.500800000000000000e+04
3.501100000000000000e+04
3.501200000000000000e+04
3.501200000000000000e+04
3.501500000000000000e+04
3.501600000000000000e+04
3.501600000000000000e+04
3.501700000000000000e+04
3.501800000000000000e+04
3.501900000000000000e+04
3.502200000000000000e+04
3.502600000000000000e+04
3.503900000000000000e+04
3.504000000000000000e+04
3.504400000000000000e+04
3.504400000000000000e+04
3.504600000000000000e+04
3.504700000000000000e+04
3.505000000000000000e+04
3.505100000000000000e+04
3.505200000000000000e+04
3.505300000000000000e+04
3.505600000000000000e+04
3.505700000000000000e+04
3.505800000000000000e+04
3.505900000000000000e+04
3.506500000000000000e+04
3.507900000000000000e+04
3.507900000000000000e+04
3.508000000000000000e+04
3.508300000000000000e+04
3.508400000000000000e+04
3.508500000000000000e+04
3.508900000000000000e+04
3.509200000000000000e+04
3.509600000000000000e+04
3.510200000000000000e+04
3.510300000000000000e+04
3.510700000000000000e+04
3.510800000000000000e+04
3.510900000000000000e+04
3.511200000000000000e+04
3.511300000000000000e+04
3.511400000000000000e+04
3.512100000000000000e+04
3.512500000000000000e+04
3.512500000000000000e+04
3.513000000000000000e+04
3.513500000000000000e+04
3.513500000000000000e+04
3.513500000000000000e+04
3.513700000000000000e+04
3.513700000000000000e+04
3.514100000000000000e+04
3.514400000000000000e+04
3.514800000000000000e+04
3.515100000000000000e+04
3.515400000000000000e+04
3.515900000000000000e+04
3.516000000000000000e+04
3.516200000000000000e+04
3.516300000000000000e+04
3.516400000000000000e+04
3.517300000000000000e+04
3.517500000000000000e+04
3.518200000000000000e+04
3.518300000000000000e+04
3.518700000000000000e+04
3.519400000000000000e+04
3.519600000000000000e+04
3.519700000000000000e+04
3.519700000000000000e+04
3.519900000000000000e+04
3.520000000000000000e+04
3.520000000000000000e+04
3.520100000000000000e+04
3.520400000000000000e+04
3.520400000000000000e+04
3.520500000000000000e+04
3.520600000000000000e+04
3.520800000000000000e+04
3.521400000000000000e+04
3.521400000000000000e+04
3.521500000000000000e+04
3.521500000000000000e+04
3.521900000000000000e+04
3.522300000000000000e+04
3.522400000000000000e+04
3.522600000000000000e+04
3.522700000000000000e+04
3.522800000000000000e+04
3.523100000000000000e+04
3.523200000000000000e+04
3.523500000000000000e+04
3.523500000000000000e+04
3.523900000000000000e+04
3.524000000000000000e+04
3.525400000000000000e+04
3.525400000000000000e+04
3.525600000000000000e+04
3.525700000000000000e+04
3.525800000000000000e+04
3.525900000000000000e+04
3.526000000000000000e+04
3.526200000000000000e+04
3.526200000000000000e+04
3.526300000000000000e+04
3.526800000000000000e+04
3.526800000000000000e+04
3.526900000000000000e+04
3.527000000000000000e+04
3.527400000000000000e+04
3.527800000000000000e+04
3.528000000000000000e+04
3.528500000000000000e+04
3.528600000000000000e+04
3.529100000000000000e+04
3.529600000000000000e+04
3.530100000000000000e+04
3.530600000000000000e+04
3.531500000000000000e+04
3.531900000000000000e+04
3.531900000000000000e+04
3.532300000000000000e+04
3.532600000000000000e+04
3.532800000000000000e+04
3.534000000000000000e+04
3.534500000000000000e+04
3.534700000000000000e+04
3.534900000000000000e+04
3.535800000000000000e+04
3.536800000000000000e+04
3.536900000000000000e+04
3.537400000000000000e+04
3.537800000000000000e+04
3.538000000000000000e+04
3.538400000000000000e+04
3.538500000000000000e+04
3.538600000000000000e+04
3.538900000000000000e+04
3.538900000000000000e+04
3.540300000000000000e+04
3.540700000000000000e+04
3.541000000000000000e+04
3.541200000000000000e+04
3.541400000000000000e+04
3.541600000000000000e+04
3.542900000000000000e+04
3.543100000000000000e+04
3.543500000000000000e+04
3.544100000000000000e+04
3.544300000000000000e+04
3.544400000000000000e+04
3.544700000000000000e+04
3.545200000000000000e+04
3.545300000000000000e+04
3.545300000000000000e+04
3.545600000000000000e+04
3.546200000000000000e+04
3.547400000000000000e+04
3.547800000000000000e+04
3.548000000000000000e+04
3.548400000000000000e+04
3.548400000000000000e+04
3.548500000000000000e+04
3.549100000000000000e+04
3.549200000000000000e+04
3.549600000000000000e+04
3.550000000000000000e+04
3.550000000000000000e+04
3.550200000000000000e+04
3.550600000000000000e+04
3.551600000000000000e+04
3.552900000000000000e+04
3.553700000000000000e+04
3.555200000000000000e+04
3.555300000000000000e+04
3.556000000000000000e+04
3.556200000000000000e+04
3.556500000000000000e+04
3.556800000000000000e+04
3.557600000000000000e+04
3.557900000000000000e+04
3.558000000000000000e+04
3.558500000000000000e+04
3.559900000000000000e+04
3.560800000000000000e+04
3.560900000000000000e+04
3.561200000000000000e+04
3.561300000000000000e+04
3.561600000000000000e+04
3.562000000000000000e+04
3.562700000000000000e+04
3.562700000000000000e+04
3.563000000000000000e+04
3.563600000000000000e+04
3.563800000000000000e+04
3.565000000000000000e+04
3.565300000000000000e+04
3.566100000000000000e+04
3.567000000000000000e+04
3.567400000000000000e+04
3.568400000000000000e+04
3.568500000000000000e+04
3.570000000000000000e+04
3.570900000000000000e+04
3.572000000000000000e+04
3.572800000000000000e+04
3.573100000000000000e+04
3.573700000000000000e+04
3.575300000000000000e+04
3.575400000000000000e+04
3.576800000000000000e+04
3.578100000000000000e+04
3.578900000000000000e+04
3.580700000000000000e+04
3.581600000000000000e+04
3.581900000000000000e+04
3.583000000000000000e+04
3.584400000000000000e+04
3.585100000000000000e+04
3.585400000000000000e+04
3.585500000000000000e+04
3.585700000000000000e+04
3.586600000000000000e+04
3.586900000000000000e+04
3.587900000000000000e+04
3.589700000000000000e+04
3.590800000000000000e+04
3.592700000000000000e+04
3.594200000000000000e+04
3.594700000000000000e+04
3.595600000000000000e+04
3.596200000000000000e+04
3.596400000000000000e+04
3.596400000000000000e+04
3.597800000000000000e+04
3.597800000000000000e+04
3.597900000000000000e+04
3.598300000000000000e+04
3.598800000000000000e+04
3.600800000000000000e+04
3.600900000000000000e+04
3.601600000000000000e+04
3.601700000000000000e+04
3.601800000000000000e+04
3.601900000000000000e+04
3.603400000000000000e+04
3.604000000000000000e+04
3.604300000000000000e+04
3.605300000000000000e+04
3.606200000000000000e+04
3.607900000000000000e+04
3.608200000000000000e+04
3.612300000000000000e+04
3.612300000000000000e+04
3.612400000000000000e+04
3.613900000000000000e+04
3.615000000000000000e+04
3.617000000000000000e+04
3.617500000000000000e+04
3.617600000000000000e+04
3.617900000000000000e+04
3.618100000000000000e+04
3.618300000000000000e+04
3.619300000000000000e+04
3.624200000000000000e+04
3.625500000000000000e+04
3.626600000000000000e+04
3.627300000000000000e+04
3.628000000000000000e+04
3.629000000000000000e+04
3.629500000000000000e+04
3.629500000000000000e+04
3.630200000000000000e+04
3.630700000000000000e+04
3.631400000000000000e+04
3.631900000000000000e+04
3.632600000000000000e+04
3.634800000000000000e+04
3.635500000000000000e+04
3.635900000000000000e+04
3.637200000000000000e+04
3.638100000000000000e+04
3.638800000000000000e+04
3.638900000000000000e+04
3.640700000000000000e+04
3.640800000000000000e+04
3.641400000000000000e+04
3.641500000000000000e+04
3.641700000000000000e+04
3.641800000000000000e+04
3.642400000000000000e+04
3.642700000000000000e+04
3.642900000000000000e+04
3.642900000000000000e+04
3.644400000000000000e+04
3.644900000000000000e+04
3.646100000000000000e+04
3.646400000000000000e+04
3.646800000000000000e+04
3.647000000000000000e+04
3.647200000000000000e+04
3.647600000000000000e+04
3.647800000000000000e+04
3.647800000000000000e+04
3.648100000000000000e+04
3.650300000000000000e+04
3.650500000000000000e+04
3.651900000000000000e+04
3.652000000000000000e+04
3.652100000000000000e+04
3.652200000000000000e+04
3.654200000000000000e+04
3.655500000000000000e+04
3.655600000000000000e+04
3.658500000000000000e+04
3.658900000000000000e+04
3.659400000000000000e+04
3.661400000000000000e+04
3.661900000000000000e+04
3.662000000000000000e+04
3.662100000000000000e+04
3.662100000000000000e+04
3.662600000000000000e+04
3.662700000000000000e+04
3.663000000000000000e+04
3.665600000000000000e+04
3.666500000000000000e+04
3.669200000000000000e+04
3.670800000000000000e+04
3.672200000000000000e+04
3.675300000000000000e+04
3.675500000000000000e+04
3.675700000000000000e+04
3.676700000000000000e+04
3.677200000000000000e+04
3.677600000000000000e+04
3.678200000000000000e+04
3.678500000000000000e+04
3.678500000000000000e+04
3.679900000000000000e+04
3.680300000000000000e+04
3.680400000000000000e+04
3.680900000000000000e+04
3.681000000000000000e+04
3.681100000000000000e+04
3.681500000000000000e+04
3.681500000000000000e+04
3.681700000000000000e+04
3.682700000000000000e+04
3.683400000000000000e+04
3.683500000000000000e+04
3.684000000000000000e+04
3.684400000000000000e+04
3.684800000000000000e+04
3.685200000000000000e+04
3.685200000000000000e+04
3.686600000000000000e+04
3.686700000000000000e+04
3.687400000000000000e+04
3.687900000000000000e+04
3.688200000000000000e+04
3.689400000000000000e+04
3.691500000000000000e+04
3.691500000000000000e+04
3.691800000000000000e+04
3.692200000000000000e+04
3.693200000000000000e+04
3.694600000000000000e+04
3.694800000000000000e+04
3.695200000000000000e+04
3.695400000000000000e+04
3.695400000000000000e+04
3.695800000000000000e+04
3.696000000000000000e+04
3.696500000000000000e+04
3.698000000000000000e+04
3.698700000000000000e+04
3.698900000000000000e+04
3.698900000000000000e+04
3.699100000000000000e+04
3.699300000000000000e+04
3.699300000000000000e+04
3.699500000000000000e+04
3.699700000000000000e+04
3.699700000000000000e+04
3.700500000000000000e+04
3.700600000000000000e+04
3.701200000000000000e+04
3.701500000000000000e+04
3.702100000000000000e+04
3.702700000000000000e+04
3.703000000000000000e+04
3.703600000000000000e+04
3.703900000000000000e+04
3.704700000000000000e+04
3.705700000000000000e+04
3.706500000000000000e+04
3.707100000000000000e+04
3.707200000000000000e+04
3.707300000000000000e+04
3.707900000000000000e+04
3.708600000000000000e+04
3.708700000000000000e+04
3.708700000000000000e+04
3.709500000000000000e+04
3.709600000000000000e+04
3.711200000000000000e+04
3.711500000000000000e+04
3.712000000000000000e+04
3.712600000000000000e+04
3.713400000000000000e+04
3.713800000000000000e+04
3.714600000000000000e+04
3.715900000000000000e+04
3.716100000000000000e+04
3.716700000000000000e+04
3.717100000000000000e+04
3.717200000000000000e+04
3.717500000000000000e+04
3.717700000000000000e+04
3.718000000000000000e+04
3.719100000000000000e+04
3.719300000000000000e+04
3.719400000000000000e+04
3.719900000000000000e+04
3.720300000000000000e+04
3.720300000000000000e+04
3.720600000000000000e+04
3.720800000000000000e+04
3.721200000000000000e+04
3.721700000000000000e+04
3.722800000000000000e+04
3.722900000000000000e+04
3.723000000000000000e+04
3.723000000000000000e+04
3.723000000000000000e+04
3.723800000000000000e+04
3.724900000000000000e+04
3.726000000000000000e+04
3.726300000000000000e+04
3.726400000000000000e+04
3.726900000000000000e+04
3.726900000000000000e+04
3.727700000000000000e+04
3.727800000000000000e+04
3.728400000000000000e+04
3.728600000000000000e+04
3.729300000000000000e+04
3.729500000000000000e+04
3.729600000000000000e+04
3.729700000000000000e+04
3.730300000000000000e+04
3.730400000000000000e+04
3.731800000000000000e+04
3.732000000000000000e+04
3.732100000000000000e+04
3.732200000000000000e+04
3.733200000000000000e+04
3.733500000000000000e+04
3.733500000000000000e+04
3.734900000000000000e+04
3.735400000000000000e+04
3.735600000000000000e+04
3.736500000000000000e+04
3.738400000000000000e+04
3.739500000000000000e+04
3.739600000000000000e+04
3.739900000000000000e+04
3.740300000000000000e+04
3.741400000000000000e+04
3.742100000000000000e+04
3.742200000000000000e+04
3.743600000000000000e+04
3.744400000000000000e+04
3.745400000000000000e+04
3.745400000000000000e+04
3.745600000000000000e+04
3.747200000000000000e+04
3.749000000000000000e+04
3.749100000000000000e+04
3.749300000000000000e+04
3.750800000000000000e+04
3.751500000000000000e+04
3.752300000000000000e+04
3.754400000000000000e+04
3.757000000000000000e+04
3.757000000000000000e+04
3.757000000000000000e+04
3.759600000000000000e+04
3.759800000000000000e+04
3.759800000000000000e+04
3.759900000000000000e+04
3.760700000000000000e+04
3.761000000000000000e+04
3.761400000000000000e+04
3.761500000000000000e+04
3.764500000000000000e+04
3.764600000000000000e+04
3.767300000000000000e+04
3.768700000000000000e+04
3.768800000000000000e+04
3.768900000000000000e+04
3.769600000000000000e+04
3.769700000000000000e+04
3.770200000000000000e+04
3.770600000000000000e+04
3.771400000000000000e+04
3.771400000000000000e+04
3.771800000000000000e+04
3.771900000000000000e+04
3.774100000000000000e+04
3.774400000000000000e+04
3.775500000000000000e+04
3.776700000000000000e+04
3.777500000000000000e+04
3.779200000000000000e+04
3.780400000000000000e+04
3.782300000000000000e+04
3.786600000000000000e+04
3.787000000000000000e+04
3.788800000000000000e+04
3.789100000000000000e+04
3.789800000000000000e+04
3.790400000000000000e+04
3.791100000000000000e+04
3.791900000000000000e+04
3.795000000000000000e+04
3.796900000000000000e+04
3.796900000000000000e+04
3.797200000000000000e+04
3.797200000000000000e+04
3.797900000000000000e+04
3.798300000000000000e+04
3.798500000000000000e+04
3.798800000000000000e+04
3.800000000000000000e+04
3.800500000000000000e+04
3.804700000000000000e+04
3.805000000000000000e+04
3.805500000000000000e+04
3.809300000000000000e+04
3.809800000000000000e+04
3.814600000000000000e+04
3.816100000000000000e+04
3.817700000000000000e+04
3.834500000000000000e+04
3.837900000000000000e+04
3.842100000000000000e+04
3.842800000000000000e+04
3.843000000000000000e+04
3.853300000000000000e+04
3.853600000000000000e+04
