time,amplitude
0.0,7506.0
0.025,6938.0
0.05,7413.0
0.075,7672.0
0.1,7799.0
0.125,7906.0
0.15,7300.0
0.175,7308.0
0.2,8249.0
0.225,8273.0
0.25,7545.0
0.275,7504.0
0.3,8183.0
0.325,8376.0
0.35,7977.0
0.375,7801.0
0.4,7768.0
0.425,8476.0
0.45,8333.0
0.475,7614.0
0.5,8212.0
0.525,8752.0
0.55,8467.0
0.575,8251.0
0.6,9036.0
0.625,8966.0
0.65,8234.0
0.675,8735.0
0.7,9378.0
0.725,9095.0
0.75,8266.0
0.775,8390.0
0.8,8907.0
0.825,8494.0
0.85,8508.0
0.875,8684.0
0.9,7961.0
0.925,8193.0
0.95,8587.0
0.975,7998.0
1.0,7677.0
1.025,7596.0
1.05,7573.0
1.075,7321.0
1.1,7250.0
1.125,7275.0
1.15,6849.0
1.175,6797.0
1.2,6846.0
1.225,6254.0
1.25,5889.0
1.275,6099.0
1.3,6402.0
1.325,6076.0
1.35,5394.0
1.375,5526.0
1.4,5743.0
1.425,5645.0
1.45,5267.0
1.475,4777.0
1.5,4598.0
1.525,4743.0
1.55,4928.0
1.575,4100.0
1.6,3263.0
1.625,3343.0
1.65,3347.0
1.675,3181.0
1.7,2634.0
1.725,2042.0
1.75,2053.0
1.775,1766.0
1.8,1662.0
1.825,1733.0
1.85,1213.0
1.875,551.0
1.9,415.0
1.925,773.0
1.95,238.0
1.975,0.0
2.0,214.0
2.025,-591.0
2.05,-1057.0
2.075,-834.0
2.1,-1153.0
2.125,-1692.0
2.15,-1840.0
2.175,-2009.0
2.2,-2268.0
2.225,-2822.0
2.25,-3186.0
2.275,-3434.0
2.3,-3774.0
2.325,-3861.0
2.35,-4135.0
2.375,-4467.0
2.4,-4786.0
2.425,-4651.0
2.45,-4544.0
2.475,-4865.0
2.5,-4570.0
2.525,-4498.0
2.55,-4840.0
2.575,-4704.0
2.6,-4979.0
2.625,-5427.0
2.65,-5603.0
2.675,-5670.0
2.7,-5597.0
2.725,-5941.0
2.75,-6366.0
2.775,-6524.0
2.8,-6699.0
2.825,-6765.0
2.85,-6782.0
2.875,-7071.0
2.9,-7085.0
2.925,-7296.0
2.95,-7331.0
2.975,-6868.0
3.0,-6946.0
3.025,-6848.0
3.05,-6944.0
3.075,-7085.0
3.1,-6220.0
3.125,-5397.0
3.15,-6284.0
3.175,-7238.0
3.2,-6499.0
3.225,-5786.0
3.25,-5554.0
3.275,-6210.0
3.3,-7133.0
3.325,-6164.0
3.35,-5695.0
3.375,-6516.0
3.4,-6335.0
3.425,-6612.0
3.45,-6435.0
3.475,-5401.0
3.5,-5645.0
3.525,-5505.0
3.55,-4673.0
3.575,-4676.0
3.6,-4942.0
3.625,-4327.0
3.65,-4092.0
3.675,-4175.0
3.7,-3318.0
3.725,-3653.0
3.75,-4481.0
3.775,-3907.0
3.8,-3278.0
3.825,-3119.0
3.85,-3493.0
3.875,-3369.0
3.9,-2663.0
3.925,-3177.0
3.95,-3062.0
3.975,-1592.0
4.0,-1646.0
4.025,-2469.0
4.05,-1865.0
4.075,-1104.0
4.1,-550.0
4.125,-248.0
4.15,-693.0
4.175,231.0
4.2,873.0
4.225,88.0
4.25,777.0
4.275,1357.0
4.3,509.0
4.325,1318.0
4.35,2518.0
4.375,1419.0
4.4,1444.0
4.425,2202.0
4.45,2331.0
4.475,3188.0
4.5,3287.0
4.525,3023.0
4.55,3046.0
4.575,3830.0
4.6,4405.0
4.625,4079.0
4.65,4893.0
4.675,5070.0
4.7,4454.0
4.725,5314.0
4.75,5903.0
4.775,5848.0
4.8,5755.0
4.825,5660.0
4.85,6711.0
4.875,7229.0
4.9,6557.0
4.925,7091.0
4.95,7589.0
4.975,7297.0
5.0,8115.0
5.025,8051.0
5.05,7981.0
5.075,9271.0
5.1,9391.0
5.125,9167.0
5.15,9649.0
5.175,10291.0
5.2,9875.0
5.225,10025.0
5.25,10918.0
5.275,10595.0
5.3,10853.0
5.325,10892.0
5.35,10460.0
5.375,10882.0
5.4,11148.0
5.425,11266.0
5.45,11711.0
5.475,11737.0
5.5,11518.0
5.525,11143.0
5.55,11292.0
5.575,12455.0
5.6,11709.0
5.625,10439.0
5.65,11442.0
5.675,11998.0
5.7,11199.0
5.725,11012.0
5.75,10851.0
5.775,10851.0
5.8,11643.0
5.825,11211.0
5.85,10547.0
5.875,10879.0
5.9,10780.0
5.925,10861.0
5.95,11056.0
5.975,10753.0
6.0,11334.0
6.025,11460.0
6.05,10898.0
6.075,11182.0
6.1,11108.0
6.125,10934.0
6.15,10870.0
6.175,10655.0
6.2,10451.0
6.225,10380.0
6.25,9716.0
6.275,8856.0
6.3,9270.0
6.325,8949.0
6.35,8556.0
6.375,8838.0
6.4,8116.0
6.425,7643.0
6.45,6868.0
6.475,6288.0
6.5,7486.0
6.525,6991.0
6.55,5944.0
6.575,6052.0
6.6,5342.0
6.625,6123.0
6.65,5796.0
6.675,4186.0
6.7,5333.0
6.725,4873.0
6.75,3451.0
6.775,4002.0
6.8,3699.0
6.825,2939.0
6.85,2210.0
6.875,2025.0
6.9,2038.0
6.925,1005.0
6.95,773.0
6.975,553.0
7.0,-285.0
7.025,-408.0
7.05,-481.0
7.075,-1217.0
7.1,-1643.0
7.125,-1467.0
7.15,-1894.0
7.175,-2334.0
7.2,-1480.0
7.225,-1526.0
7.25,-3288.0
7.275,-3223.0
7.3,-2477.0
7.325,-3406.0
7.35,-3974.0
7.375,-3457.0
7.4,-3743.0
7.425,-4568.0
7.45,-4297.0
7.475,-4230.0
7.5,-4951.0
7.525,-5526.0
7.55,-4877.0
7.575,-4381.0
7.6,-5621.0
7.625,-5595.0
7.65,-4644.0
7.675,-5311.0
7.7,-5721.0
7.725,-4804.0
7.75,-5178.0
7.775,-6450.0
7.8,-4807.0
7.825,-4462.0
7.85,-7691.0
7.875,-6360.0
7.9,-3900.0
7.925,-6438.0
7.95,-6762.0
7.975,-4629.0
8.0,-5307.0
8.025,-6338.0
8.05,-5306.0
8.075,-4563.0
8.1,-5532.0
8.125,-5953.0
8.15,-4665.0
8.175,-4129.0
8.2,-5315.0
8.225,-4790.0
8.25,-3454.0
8.275,-4456.0
8.3,-4286.0
8.325,-2762.0
8.35,-3249.0
8.375,-3363.0
8.4,-2514.0
8.425,-2095.0
8.45,-2142.0
8.475,-2659.0
8.5,-1501.0
8.525,-511.0
8.55,-1428.0
8.575,-1492.0
8.6,-472.0
8.625,421.0
8.65,105.0
8.675,-372.0
8.7,1095.0
8.725,1839.0
8.75,976.0
8.775,1355.0
8.8,2281.0
8.825,2326.0
8.85,2054.0
8.875,2315.0
8.9,2594.0
8.925,2363.0
8.95,2820.0
8.975,3646.0
9.0,3721.0
9.025,3841.0
9.05,3851.0
9.075,4473.0
9.1,5560.0
9.125,5136.0
9.15,5035.0
9.175,5082.0
9.2,5261.0
9.225,6367.0
9.25,5830.0
9.275,5225.0
9.3,5988.0
9.325,5990.0
9.35,5963.0
9.375,6127.0
9.4,6143.0
9.425,6551.0
9.45,6196.0
9.475,6474.0
9.5,6752.0
9.525,6403.0
9.55,6918.0
9.575,6979.0
9.6,6795.0
9.625,6322.0
9.65,6588.0
9.675,6913.0
9.7,6355.0
9.725,6260.0
9.75,6272.0
9.775,6224.0
9.8,5756.0
9.825,5885.0
9.85,5849.0
9.875,5473.0
9.9,6036.0
9.925,5841.0
9.95,4988.0
9.975,5086.0
10.0,5310.0
10.025,4757.0
10.05,4204.0
10.075,4147.0
10.1,4055.0
10.125,3776.0
10.15,3771.0
10.175,2968.0
10.2,2688.0
10.225,3741.0
10.25,3386.0
10.275,2061.0
10.3,1913.0
10.325,2161.0
10.35,1258.0
10.375,1329.0
10.4,1984.0
10.425,1049.0
10.45,548.0
10.475,931.0
10.5,1077.0
10.525,413.0
10.55,119.0
10.575,673.0
10.6,-227.0
10.625,-657.0
10.65,-255.0
10.675,-830.0
10.7,-713.0
10.725,-678.0
10.75,-1217.0
10.775,-1417.0
10.8,-1370.0
10.825,-1946.0
10.85,-2120.0
10.875,-1261.0
10.9,-1663.0
10.925,-2239.0
10.95,-2708.0
10.975,-2672.0
11.0,-1598.0
11.025,-2678.0
11.05,-3484.0
11.075,-2149.0
11.1,-2593.0
11.125,-3147.0
11.15,-2488.0
11.175,-2717.0
11.2,-2871.0
11.225,-2829.0
11.25,-3150.0
11.275,-2580.0
11.3,-1809.0
11.325,-3183.0
11.35,-3513.0
11.375,-2452.0
11.4,-2856.0
11.425,-2919.0
11.45,-2734.0
11.475,-2241.0
11.5,-2281.0
11.525,-2728.0
11.55,-2399.0
11.575,-2030.0
11.6,-1328.0
11.625,-1492.0
11.65,-1808.0
11.675,-1452.0
11.7,-415.0
11.725,581.0
11.75,-700.0
11.775,-1013.0
11.8,775.0
11.825,1440.0
11.85,870.0
11.875,186.0
11.9,1443.0
11.925,2261.0
11.95,1394.0
11.975,1805.0
12.0,1976.0
12.025,2858.0
12.05,3215.0
12.075,1961.0
12.1,3193.0
12.125,3714.0
12.15,2967.0
12.175,3880.0
12.2,4687.0
12.225,5370.0
12.25,4847.0
12.275,4756.0
12.3,6475.0
12.325,5762.0
12.35,5202.0
12.375,6549.0
12.4,6649.0
12.425,6635.0
12.45,6931.0
12.475,6559.0
12.5,6309.0
12.525,7289.0
12.55,7468.0
12.575,6647.0
12.6,7061.0
12.625,7524.0
12.65,8340.0
12.675,8438.0
12.7,7323.0
12.725,8274.0
12.75,9299.0
12.775,9012.0
12.8,9091.0
12.825,9452.0
12.85,9910.0
12.875,9879.0
12.9,10223.0
12.925,10481.0
12.95,10226.0
12.975,10489.0
13.0,10586.0
13.025,10541.0
13.05,9887.0
13.075,9492.0
13.1,9974.0
13.125,9547.0
13.15,9346.0
13.175,9653.0
13.2,8908.0
13.225,8754.0
13.25,9350.0
13.275,8839.0
13.3,8256.0
13.325,8706.0
13.35,8589.0
13.375,7859.0
13.4,8385.0
13.425,8111.0
13.45,7074.0
13.475,7452.0
13.5,7381.0
13.525,6947.0
13.55,6700.0
13.575,6554.0
13.6,6575.0
13.625,5901.0
13.65,5607.0
13.675,5786.0
13.7,5865.0
13.725,5662.0
13.75,5019.0
13.775,5412.0
13.8,5767.0
13.825,4967.0
13.85,4910.0
13.875,5459.0
13.9,5116.0
13.925,4410.0
13.95,4125.0
13.975,4005.0
14.0,3890.0
14.025,3298.0
14.05,2857.0
14.075,2653.0
14.1,2372.0
14.125,2278.0
14.15,2060.0
14.175,1781.0
14.2,1099.0
14.225,1432.0
14.25,2203.0
14.275,1492.0
14.3,933.0
14.325,693.0
14.35,652.0
14.375,1306.0
14.4,878.0
14.425,-89.0
14.45,288.0
14.475,665.0
14.5,163.0
14.525,-476.0
14.55,-468.0
14.575,-75.0
14.6,-365.0
14.625,-1137.0
14.65,-996.0
14.675,-723.0
14.7,-1590.0
14.725,-1911.0
14.75,-1782.0
14.775,-1561.0
14.8,-1605.0
14.825,-2240.0
14.85,-2147.0
14.875,-2132.0
14.9,-2400.0
14.925,-2287.0
14.95,-2125.0
14.975,-2433.0
15.0,-2457.0
15.025,-2069.0
15.05,-2396.0
15.075,-2291.0
15.1,-1772.0
15.125,-2039.0
15.15,-2703.0
15.175,-2888.0
15.2,-2229.0
15.225,-2442.0
15.25,-3096.0
15.275,-2798.0
15.3,-2819.0
15.325,-2947.0
15.35,-3113.0
15.375,-2804.0
15.4,-2551.0
15.425,-3148.0
15.45,-3220.0
15.475,-3357.0
15.5,-3090.0
15.525,-2854.0
15.55,-3819.0
15.575,-4229.0
15.6,-3377.0
15.625,-3297.0
15.65,-3994.0
15.675,-4290.0
15.7,-4321.0
15.725,-3448.0
15.75,-3576.0
15.775,-4567.0
15.8,-4011.0
15.825,-3315.0
15.85,-3375.0
15.875,-3517.0
15.9,-3671.0
15.925,-3306.0
15.95,-3088.0
15.975,-3365.0
16.0,-2759.0
16.025,-2590.0
16.05,-3263.0
16.075,-3179.0
16.1,-2524.0
16.125,-2648.0
16.15,-3128.0
16.175,-2402.0
16.2,-1960.0
16.225,-2419.0
16.25,-2303.0
16.275,-1947.0
16.3,-1757.0
16.325,-1575.0
16.35,-1627.0
16.375,-1147.0
16.4,-752.0
16.425,-956.0
16.45,-581.0
16.475,-131.0
16.5,187.0
16.525,175.0
16.55,10.0
16.575,372.0
16.6,390.0
16.625,587.0
16.65,1121.0
16.675,466.0
16.7,746.0
16.725,1793.0
16.75,1312.0
16.775,1480.0
16.8,1774.0
16.825,1652.0
16.85,1868.0
16.875,2094.0
16.9,2665.0
16.925,2421.0
16.95,2094.0
16.975,2830.0
17.0,2818.0
17.025,2494.0
17.05,2683.0
17.075,2463.0
17.1,3220.0
17.125,3495.0
17.15,3018.0
17.175,4115.0
17.2,4166.0
17.225,3318.0
17.25,4027.0
17.275,4260.0
17.3,3968.0
17.325,4203.0
17.35,3957.0
17.375,4502.0
17.4,4820.0
17.425,4464.0
17.45,4340.0
17.475,4217.0
17.5,4752.0
17.525,4501.0
17.55,4493.0
17.575,4553.0
17.6,4283.0
17.625,5485.0
17.65,5312.0
17.675,4780.0
17.7,5770.0
17.725,5401.0
17.75,4790.0
17.775,5353.0
17.8,5907.0
17.825,5524.0
17.85,5237.0
17.875,5848.0
17.9,5887.0
17.925,6012.0
17.95,5650.0
17.975,5227.0
18.0,6351.0
18.025,6963.0
18.05,6638.0
18.075,6290.0
18.1,6329.0
18.125,6859.0
18.15,7099.0
18.175,6885.0
18.2,6690.0
18.225,6699.0
18.25,6546.0
18.275,6378.0
18.3,7119.0
18.325,6755.0
18.35,5723.0
18.375,6891.0
18.4,7181.0
18.425,6384.0
18.45,6627.0
18.475,6758.0
18.5,6527.0
18.525,6693.0
18.55,6529.0
18.575,5736.0
18.6,6421.0
18.625,6294.0
18.65,5520.0
18.675,6851.0
18.7,6778.0
18.725,5670.0
18.75,5509.0
18.775,5849.0
18.8,6508.0
18.825,6083.0
18.85,5675.0
18.875,5233.0
18.9,5538.0
18.925,6527.0
18.95,5617.0
18.975,5054.0
19.0,5261.0
19.025,5354.0
19.05,5347.0
19.075,5641.0
19.1,5359.0
19.125,4103.0
19.15,4621.0
19.175,5319.0
19.2,5027.0
19.225,4313.0
19.25,4144.0
19.275,4718.0
19.3,3985.0
19.325,3602.0
19.35,4209.0
19.375,4123.0
19.4,3814.0
19.425,3691.0
19.45,3703.0
19.475,3546.0
19.5,3207.0
19.525,3517.0
19.55,4072.0
19.575,4412.0
19.6,4123.0
19.625,3629.0
19.65,3670.0
19.675,4575.0
19.7,5112.0
19.725,3293.0
19.75,3039.0
19.775,4659.0
19.8,5049.0
19.825,4380.0
19.85,2913.0
19.875,3554.0
19.9,5064.0
19.925,4203.0
19.95,3026.0
19.975,3274.0
20.0,4184.0
20.025,4165.0
20.05,3191.0
20.075,3209.0
20.1,3929.0
20.125,3936.0
20.15,3794.0
20.175,3817.0
20.2,3558.0
20.225,3605.0
20.25,4212.0
20.275,3619.0
20.3,2717.0
20.325,3030.0
20.35,2926.0
20.375,3092.0
20.4,3020.0
20.425,1800.0
20.45,2346.0
20.475,3232.0
20.5,2647.0
20.525,2155.0
20.55,2186.0
20.575,2752.0
20.6,2664.0
20.625,1868.0
20.65,1715.0
20.675,2572.0
20.7,2266.0
20.725,775.0
20.75,1135.0
20.775,1726.0
20.8,796.0
20.825,272.0
20.85,706.0
20.875,434.0
20.9,-15.0
20.925,-313.0
20.95,-1035.0
20.975,-704.0
21.0,-667.0
21.025,-1494.0
21.05,-1672.0
21.075,-1745.0
21.1,-1684.0
21.125,-1937.0
21.15,-2362.0
21.175,-2399.0
21.2,-2502.0
21.225,-2061.0
21.25,-2219.0
21.275,-3241.0
21.3,-3172.0
21.325,-2496.0
21.35,-2779.0
21.375,-3818.0
21.4,-4256.0
21.425,-3832.0
21.45,-3312.0
21.475,-4209.0
21.5,-5185.0
21.525,-4874.0
21.55,-4720.0
21.575,-4658.0
21.6,-4795.0
21.625,-4891.0
21.65,-5375.0
21.675,-5609.0
21.7,-4978.0
21.725,-5155.0
21.75,-5228.0
21.775,-5038.0
21.8,-5356.0
21.825,-5388.0
21.85,-4842.0
21.875,-4673.0
21.9,-5322.0
21.925,-5416.0
21.95,-5191.0
21.975,-4637.0
22.0,-3668.0
22.025,-4604.0
22.05,-5099.0
22.075,-4445.0
22.1,-4243.0
22.125,-3211.0
22.15,-3468.0
22.175,-4473.0
22.2,-4475.0
22.225,-3587.0
22.25,-2914.0
22.275,-3467.0
22.3,-3453.0
22.325,-2671.0
22.35,-1900.0
22.375,-2434.0
22.4,-2094.0
22.425,-245.0
22.45,-810.0
22.475,-1008.0
22.5,604.0
22.525,1283.0
22.55,1037.0
22.575,582.0
22.6,2008.0
22.625,2567.0
22.65,1221.0
22.675,1113.0
22.7,1139.0
22.725,2380.0
22.75,2962.0
22.775,1993.0
22.8,1930.0
22.825,2354.0
22.85,3294.0
22.875,3557.0
22.9,3673.0
22.925,3823.0
22.95,4045.0
22.975,4872.0
23.0,5477.0
23.025,5337.0
23.05,4664.0
23.075,5324.0
23.1,6341.0
23.125,6375.0
23.15,6020.0
23.175,5472.0
23.2,5389.0
23.225,6713.0
23.25,7247.0
23.275,5555.0
23.3,5943.0
23.325,7285.0
23.35,6539.0
23.375,6616.0
23.4,6811.0
23.425,6571.0
23.45,7170.0
23.475,7008.0
23.5,7088.0
23.525,7160.0
23.55,6390.0
23.575,6499.0
23.6,7109.0
23.625,7315.0
23.65,6714.0
23.675,6819.0
23.7,7679.0
23.725,7708.0
23.75,7644.0
23.775,7981.0
23.8,8131.0
23.825,8111.0
23.85,8409.0
23.875,8177.0
23.9,7641.0
23.925,7973.0
23.95,8122.0
23.975,7286.0
24.0,6826.0
24.025,6775.0
24.05,6795.0
24.075,6788.0
24.1,6021.0
24.125,5903.0
24.15,6448.0
24.175,6064.0
24.2,5728.0
24.225,5826.0
24.25,5758.0
24.275,5741.0
24.3,5749.0
24.325,5700.0
24.35,5258.0
24.375,5303.0
24.4,5386.0
24.425,4927.0
24.45,5056.0
24.475,4723.0
24.5,4412.0
24.525,4094.0
24.55,3117.0
24.575,3332.0
24.6,3624.0
24.625,2488.0
24.65,1746.0
24.675,2163.0
24.7,2661.0
24.725,2289.0
24.75,1537.0
24.775,1539.0
24.8,1464.0
24.825,1308.0
24.85,1546.0
24.875,1266.0
24.9,698.0
24.925,1053.0
24.95,1248.0
24.975,432.0
25.0,931.0
25.025,1590.0
25.05,783.0
25.075,565.0
25.1,1286.0
25.125,940.0
25.15,118.0
25.175,753.0
25.2,640.0
25.225,-396.0
25.25,-133.0
25.275,369.0
25.3,-216.0
25.325,-550.0
25.35,126.0
25.375,22.0
25.4,-617.0
25.425,-667.0
25.45,-702.0
25.475,-569.0
25.5,-173.0
25.525,-251.0
25.55,-665.0
25.575,-897.0
25.6,-670.0
25.625,-140.0
25.65,-498.0
25.675,-1218.0
25.7,-721.0
25.725,8.0
25.75,-440.0
25.775,-1466.0
25.8,-1062.0
25.825,158.0
25.85,-108.0
25.875,-991.0
25.9,-664.0
25.925,-100.0
25.95,-252.0
25.975,-74.0
26.0,-416.0
26.025,-561.0
26.05,95.0
26.075,328.0
26.1,201.0
26.125,-529.0
26.15,-9.0
26.175,758.0
26.2,536.0
26.225,510.0
26.25,466.0
26.275,1051.0
26.3,1222.0
26.325,1266.0
26.35,1542.0
26.375,1323.0
26.4,1867.0
26.425,2875.0
26.45,2627.0
26.475,1713.0
26.5,2589.0
26.525,3650.0
26.55,3183.0
26.575,3273.0
26.6,3622.0
26.625,3381.0
26.65,3754.0
26.675,4082.0
26.7,3770.0
26.725,4526.0
26.75,4872.0
26.775,4395.0
26.8,4839.0
26.825,4412.0
26.85,4512.0
26.875,5234.0
26.9,5342.0
26.925,5487.0
26.95,5059.0
26.975,5637.0
27.0,5996.0
27.025,5951.0
27.05,5986.0
27.075,5595.0
27.1,6129.0
27.125,6617.0
27.15,6676.0
27.175,6530.0
27.2,6407.0
27.225,6346.0
27.25,6727.0
27.275,6638.0
27.3,5778.0
27.325,6001.0
27.35,6030.0
27.375,5604.0
27.4,5877.0
27.425,5889.0
27.45,5339.0
27.475,5426.0
27.5,5684.0
27.525,5481.0
27.55,5358.0
27.575,5336.0
27.6,5009.0
27.625,4811.0
27.65,5338.0
27.675,5039.0
27.7,4415.0
27.725,4198.0
27.75,4149.0
27.775,4462.0
27.8,3863.0
27.825,3488.0
27.85,4184.0
27.875,3882.0
27.9,3080.0
27.925,3603.0
27.95,3540.0
27.975,3034.0
28.0,3559.0
28.025,3124.0
28.05,2615.0
28.075,2892.0
28.1,2646.0
28.125,2290.0
28.15,2274.0
28.175,1919.0
28.2,1568.0
28.225,2149.0
28.25,1617.0
28.275,397.0
28.3,1047.0
28.325,1736.0
28.35,808.0
28.375,148.0
28.4,605.0
28.425,773.0
28.45,805.0
28.475,504.0
28.5,-8.0
28.525,79.0
28.55,43.0
28.575,429.0
28.6,260.0
28.625,-682.0
28.65,-269.0
28.675,-407.0
28.7,-1135.0
28.725,-733.0
28.75,-711.0
28.775,-744.0
28.8,-756.0
28.825,-1003.0
28.85,-935.0
28.875,-947.0
28.9,-468.0
28.925,-743.0
28.95,-1574.0
28.975,-849.0
29.0,-569.0
29.025,-730.0
29.05,-610.0
29.075,-1334.0
29.1,-1088.0
29.125,-73.0
29.15,-363.0
29.175,-1275.0
29.2,-1223.0
29.225,-454.0
29.25,-137.0
29.275,-626.0
29.3,-1037.0
29.325,-373.0
29.35,-107.0
29.375,-475.0
29.4,-308.0
29.425,-295.0
29.45,-425.0
29.475,-704.0
29.5,-946.0
29.525,-484.0
29.55,-709.0
29.575,-1045.0
29.6,-771.0
29.625,-958.0
29.65,-764.0
29.675,-334.0
29.7,-8.0
29.725,-309.0
29.75,-975.0
29.775,-563.0
29.8,-298.0
29.825,74.0
29.85,474.0
29.875,-626.0
29.9,-714.0
29.925,414.0
29.95,213.0
29.975,-571.0
30.0,-991.0
30.025,-725.0
30.05,-42.0
30.075,-477.0
30.1,-1454.0
30.125,-781.0
30.15,-248.0
30.175,-474.0
30.2,-227.0
30.225,-526.0
30.25,52.0
30.275,594.0
30.3,26.0
30.325,508.0
30.35,764.0
30.375,866.0
30.4,1301.0
30.425,271.0
30.45,653.0
30.475,1588.0
30.5,706.0
30.525,535.0
30.55,410.0
30.575,611.0
30.6,838.0
30.625,672.0
30.65,1100.0
30.675,823.0
30.7,760.0
30.725,1255.0
30.75,1003.0
30.775,950.0
30.8,1150.0
30.825,1086.0
30.85,1799.0
30.875,1743.0
30.9,1025.0
30.925,1618.0
30.95,2149.0
30.975,2046.0
31.0,1418.0
31.025,1457.0
31.05,2211.0
31.075,2142.0
31.1,1897.0
31.125,1858.0
31.15,2380.0
31.175,2318.0
31.2,1699.0
31.225,2751.0
31.25,3668.0
31.275,2805.0
31.3,2249.0
31.325,2534.0
31.35,3152.0
31.375,3446.0
31.4,2681.0
31.425,2616.0
31.45,2962.0
31.475,2931.0
31.5,2825.0
31.525,2439.0
31.55,2941.0
31.575,3423.0
31.6,3039.0
31.625,2703.0
31.65,3060.0
31.675,3375.0
31.7,3104.0
31.725,3651.0
31.75,3635.0
31.775,3235.0
31.8,3936.0
31.825,3939.0
31.85,4011.0
31.875,4218.0
31.9,3672.0
31.925,3932.0
31.95,4219.0
31.975,4238.0
32.0,4402.0
32.025,3832.0
32.05,4301.0
32.075,5138.0
32.1,4486.0
32.125,4490.0
32.15,4773.0
32.175,4840.0
32.2,4919.0
32.225,4671.0
32.25,5201.0
32.275,5174.0
32.3,5152.0
32.325,5794.0
32.35,5338.0
32.375,5048.0
32.4,5765.0
32.425,6082.0
32.45,5658.0
32.475,5320.0
32.5,5295.0
32.525,5663.0
32.55,5808.0
32.575,5408.0
32.6,5470.0
32.625,5762.0
32.65,5546.0
32.675,5260.0
32.7,5507.0
32.725,5759.0
32.75,5866.0
32.775,5888.0
32.8,5486.0
32.825,5733.0
32.85,6371.0
32.875,5776.0
32.9,5103.0
32.925,5331.0
32.95,5548.0
32.975,5513.0
33.0,5375.0
33.025,5360.0
33.05,5029.0
33.075,4452.0
33.1,4342.0
33.125,4660.0
33.15,4839.0
33.175,4560.0
33.2,4447.0
33.225,4472.0
33.25,4409.0
33.275,4464.0
33.3,4212.0
33.325,3988.0
33.35,4514.0
33.375,4454.0
33.4,3888.0
33.425,3589.0
33.45,3583.0
33.475,4016.0
33.5,4014.0
33.525,3394.0
33.55,2490.0
33.575,3405.0
33.6,4374.0
33.625,3168.0
33.65,2435.0
33.675,2632.0
33.7,3641.0
33.725,3899.0
33.75,2858.0
33.775,2669.0
33.8,3323.0
33.825,3692.0
33.85,3084.0
33.875,2479.0
33.9,2839.0
33.925,3164.0
33.95,2746.0
33.975,2537.0
34.0,2543.0
34.025,2457.0
34.05,2996.0
34.075,2891.0
34.1,1895.0
34.125,1924.0
34.15,2497.0
34.175,2629.0
34.2,2281.0
34.225,2285.0
34.25,2384.0
34.275,2381.0
34.3,3153.0
34.325,2386.0
34.35,1847.0
34.375,2724.0
34.4,1814.0
34.425,1397.0
34.45,2545.0
34.475,2501.0
34.5,1653.0
34.525,1593.0
34.55,1879.0
34.575,2415.0
34.6,2088.0
34.625,1988.0
34.65,3005.0
34.675,2254.0
34.7,2201.0
34.725,2809.0
34.75,1736.0
34.775,2132.0
34.8,3011.0
34.825,2390.0
34.85,1907.0
34.875,1871.0
34.9,2216.0
34.925,2180.0
34.95,1792.0
34.975,1533.0
35.0,1432.0
35.025,2056.0
35.05,1744.0
35.075,981.0
35.1,1222.0
35.125,1513.0
35.15,1838.0
35.175,1728.0
35.2,1166.0
35.225,1640.0
35.25,2138.0
35.275,1269.0
35.3,790.0
35.325,1257.0
35.35,1583.0
35.375,1575.0
35.4,1077.0
35.425,660.0
35.45,1263.0
35.475,1473.0
35.5,656.0
35.525,690.0
35.55,1062.0
35.575,923.0
35.6,916.0
35.625,797.0
35.65,687.0
35.675,720.0
35.7,586.0
35.725,549.0
35.75,444.0
35.775,254.0
35.8,214.0
35.825,366.0
35.85,786.0
35.875,457.0
35.9,225.0
35.925,553.0
35.95,268.0
35.975,240.0
36.0,313.0
36.025,542.0
36.05,996.0
36.075,753.0
36.1,668.0
36.125,956.0
36.15,980.0
36.175,1156.0
36.2,1050.0
36.225,855.0
36.25,1064.0
36.275,528.0
36.3,415.0
36.325,737.0
36.35,710.0
36.375,1091.0
36.4,550.0
36.425,256.0
36.45,729.0
36.475,789.0
36.5,812.0
36.525,-117.0
36.55,214.0
36.575,891.0
36.6,-647.0
36.625,162.0
36.65,1494.0
36.675,-387.0
36.7,-939.0
36.725,490.0
36.75,5.0
36.775,-858.0
36.8,214.0
36.825,147.0
36.85,-362.0
36.875,60.0
36.9,-444.0
36.925,-360.0
36.95,-238.0
36.975,-478.0
37.0,-401.0
37.025,-1012.0
37.05,-934.0
37.075,-404.0
37.1,-894.0
37.125,-1501.0
37.15,-1424.0
37.175,-1064.0
37.2,-865.0
37.225,-964.0
37.25,-1151.0
37.275,-868.0
37.3,-1257.0
37.325,-1889.0
37.35,-1402.0
37.375,-1357.0
37.4,-1895.0
37.425,-2306.0
37.45,-2210.0
37.475,-2089.0
37.5,-2208.0
37.525,-2470.0
37.55,-2681.0
37.575,-1887.0
37.6,-2207.0
37.625,-2888.0
37.65,-2295.0
37.675,-2350.0
37.7,-2703.0
37.725,-2915.0
37.75,-2444.0
37.775,-1559.0
37.8,-2223.0
37.825,-2683.0
37.85,-1755.0
37.875,-1374.0
37.9,-1615.0
37.925,-1656.0
37.95,-1536.0
37.975,-1718.0
38.0,-1746.0
38.025,-1279.0
38.05,-801.0
38.075,-846.0
38.1,-1167.0
38.125,-971.0
38.15,-377.0
38.175,128.0
38.2,44.0
38.225,-145.0
38.25,-482.0
38.275,46.0
38.3,734.0
38.325,259.0
38.35,848.0
38.375,1130.0
38.4,947.0
38.425,2020.0
38.45,2534.0
38.475,2050.0
38.5,2672.0
38.525,3324.0
38.55,2357.0
38.575,2637.0
38.6,3882.0
38.625,4221.0
38.65,3792.0
38.675,3148.0
38.7,4495.0
38.725,5637.0
38.75,4592.0
38.775,4494.0
38.8,5022.0
38.825,5432.0
38.85,5665.0
38.875,5519.0
38.9,6017.0
38.925,5800.0
38.95,5662.0
38.975,6323.0
39.0,6598.0
39.025,6222.0
39.05,5716.0
39.075,6216.0
39.1,6432.0
39.125,6685.0
39.15,7562.0
39.175,7173.0
39.2,6593.0
39.225,7332.0
39.25,8078.0
39.275,7801.0
39.3,7205.0
39.325,7697.0
39.35,8363.0
39.375,7796.0
39.4,7218.0
39.425,7820.0
39.45,8726.0
39.475,7824.0
39.5,7405.0
39.525,8312.0
39.55,7957.0
39.575,8269.0
39.6,8559.0
39.625,7807.0
39.65,8026.0
39.675,8643.0
39.7,8494.0
39.725,8031.0
39.75,8691.0
39.775,9282.0
39.8,8528.0
39.825,8022.0
39.85,8971.0
39.875,9294.0
39.9,8186.0
39.925,8419.0
39.95,8659.0
39.975,8595.0
40.0,8915.0
40.025,8155.0
40.05,7811.0
40.075,7821.0
40.1,8000.0
40.125,8094.0
40.15,7563.0
40.175,7019.0
40.2,6872.0
40.225,7576.0
40.25,7126.0
40.275,6950.0
40.3,7511.0
40.325,6692.0
40.35,6482.0
40.375,6613.0
40.4,6928.0
40.425,7066.0
40.45,5699.0
40.475,5124.0
40.5,5653.0
40.525,5830.0
40.55,5136.0
40.575,3975.0
40.6,4042.0
40.625,4478.0
40.65,4509.0
40.675,4236.0
40.7,3181.0
40.725,3184.0
40.75,4145.0
40.775,3959.0
40.8,2766.0
40.825,2427.0
40.85,3461.0
40.875,3380.0
40.9,2152.0
40.925,2046.0
40.95,2293.0
40.975,2378.0
41.0,2133.0
41.025,1511.0
41.05,1674.0
41.075,1193.0
41.1,995.0
41.125,1685.0
41.15,1030.0
41.175,603.0
41.2,997.0
41.225,958.0
41.25,905.0
41.275,819.0
41.3,260.0
41.325,407.0
41.35,525.0
41.375,41.0
41.4,-87.0
41.425,-344.0
41.45,-2.0
41.475,101.0
41.5,-130.0
41.525,-346.0
41.55,-941.0
41.575,-302.0
41.6,-290.0
41.625,-923.0
41.65,-557.0
41.675,-830.0
41.7,-897.0
41.725,-1052.0
41.75,-1352.0
41.775,-724.0
41.8,-783.0
41.825,-1476.0
41.85,-1460.0
41.875,-578.0
41.9,-667.0
41.925,-1575.0
41.95,-1676.0
41.975,-1203.0
42.0,-744.0
42.025,-1034.0
42.05,-1677.0
42.075,-1822.0
42.1,-1082.0
42.125,-936.0
42.15,-1797.0
42.175,-1874.0
42.2,-1586.0
42.225,-1720.0
42.25,-1953.0
42.275,-1813.0
42.3,-1140.0
42.325,-941.0
42.35,-1202.0
42.375,-1115.0
42.4,-1158.0
42.425,-425.0
42.45,49.0
42.475,-658.0
42.5,-134.0
42.525,97.0
42.55,-545.0
42.575,-360.0
42.6,438.0
42.625,730.0
42.65,-374.0
42.675,-653.0
42.7,372.0
42.725,591.0
42.75,278.0
42.775,128.0
42.8,352.0
42.825,1346.0
42.85,1298.0
42.875,310.0
42.9,843.0
42.925,1594.0
42.95,1389.0
42.975,1281.0
43.0,1220.0
43.025,1414.0
43.05,1717.0
43.075,1156.0
43.1,1190.0
43.125,1288.0
43.15,612.0
43.175,1229.0
43.2,1301.0
43.225,554.0
43.25,1048.0
43.275,1271.0
43.3,1270.0
43.325,1496.0
43.35,1210.0
43.375,1442.0
43.4,1430.0
43.425,881.0
43.45,1344.0
43.475,1624.0
43.5,1104.0
43.525,317.0
43.55,-39.0
43.575,911.0
43.6,1676.0
43.625,1038.0
43.65,649.0
43.675,1062.0
43.7,840.0
43.725,742.0
43.75,1263.0
43.775,1193.0
43.8,892.0
43.825,745.0
43.85,994.0
43.875,1172.0
43.9,463.0
43.925,-5.0
43.95,542.0
43.975,786.0
44.0,84.0
44.025,20.0
44.05,151.0
44.075,322.0
44.1,531.0
44.125,-139.0
44.15,-261.0
44.175,518.0
44.2,651.0
44.225,-26.0
44.25,16.0
44.275,238.0
44.3,366.0
44.325,627.0
44.35,-136.0
44.375,-219.0
44.4,682.0
44.425,357.0
44.45,-183.0
44.475,-339.0
44.5,-384.0
44.525,-401.0
44.55,-881.0
44.575,-710.0
44.6,-869.0
44.625,-1368.0
44.65,-800.0
44.675,-613.0
44.7,-979.0
44.725,-1280.0
44.75,-1043.0
44.775,-719.0
44.8,-1210.0
44.825,-1150.0
44.85,-480.0
44.875,-763.0
44.9,-1324.0
44.925,-1087.0
44.95,-787.0
44.975,-858.0
45.0,-1039.0
45.025,-1115.0
45.05,-717.0
45.075,-808.0
45.1,-1220.0
45.125,-575.0
45.15,-478.0
45.175,-809.0
45.2,-830.0
45.225,-883.0
45.25,25.0
45.275,-19.0
45.3,-758.0
45.325,324.0
45.35,781.0
45.375,606.0
45.4,1257.0
45.425,1126.0
45.45,1441.0
45.475,2204.0
45.5,2155.0
45.525,2116.0
45.55,2235.0
45.575,2692.0
45.6,2875.0
45.625,2455.0
45.65,3132.0
45.675,4285.0
45.7,3738.0
45.725,3447.0
45.75,4503.0
45.775,4819.0
45.8,4542.0
45.825,4527.0
45.85,5374.0
45.875,6123.0
45.9,5794.0
45.925,6601.0
45.95,6757.0
45.975,6083.0
46.0,7637.0
46.025,7957.0
46.05,7293.0
46.075,7579.0
46.1,7703.0
46.125,8747.0
46.15,8781.0
46.175,7654.0
46.2,7986.0
46.225,8690.0
46.25,8968.0
46.275,8918.0
46.3,8251.0
46.325,8543.0
46.35,9036.0
46.375,8814.0
46.4,9154.0
46.425,8889.0
46.45,8824.0
46.475,9415.0
46.5,9079.0
46.525,8708.0
46.55,9028.0
46.575,9357.0
46.6,8946.0
46.625,8683.0
46.65,9072.0
46.675,9089.0
46.7,8460.0
46.725,8339.0
46.75,8704.0
46.775,8137.0
46.8,7841.0
46.825,8056.0
46.85,7565.0
46.875,7370.0
46.9,7565.0
46.925,7313.0
46.95,6808.0
46.975,6932.0
47.0,7045.0
47.025,6903.0
47.05,6953.0
47.075,5929.0
47.1,6059.0
47.125,6740.0
47.15,5660.0
47.175,5681.0
47.2,5879.0
47.225,5011.0
47.25,5123.0
47.275,5721.0
47.3,4761.0
47.325,4077.0
47.35,5002.0
47.375,5020.0
47.4,4094.0
47.425,3686.0
47.45,3927.0
47.475,4224.0
47.5,4228.0
47.525,3810.0
47.55,3664.0
47.575,3827.0
47.6,3442.0
47.625,3303.0
47.65,3908.0
47.675,3349.0
47.7,2617.0
47.725,2917.0
47.75,2462.0
47.775,2455.0
47.8,2084.0
47.825,1738.0
47.85,1842.0
47.875,882.0
47.9,973.0
47.925,1021.0
47.95,556.0
47.975,426.0
48.0,-139.0
48.025,363.0
48.05,591.0
48.075,45.0
48.1,256.0
48.125,-92.0
48.15,333.0
48.175,167.0
48.2,-934.0
48.225,-526.0
48.25,-474.0
48.275,-654.0
48.3,-1213.0
48.325,-1566.0
48.35,-1302.0
48.375,-2104.0
48.4,-2130.0
48.425,-1570.0
48.45,-2171.0
48.475,-2176.0
48.5,-1954.0
48.525,-1487.0
48.55,-875.0
48.575,-2202.0
48.6,-1940.0
48.625,-623.0
48.65,-1176.0
48.675,-1687.0
48.7,-1795.0
48.725,-1382.0
48.75,-1192.0
48.775,-1404.0
48.8,-2037.0
48.825,-2395.0
48.85,-1998.0
48.875,-1880.0
48.9,-2018.0
48.925,-2381.0
48.95,-1872.0
48.975,-1604.0
49.0,-1779.0
49.025,-1179.0
49.05,-1177.0
49.075,-1169.0
49.1,-735.0
49.125,-643.0
49.15,-815.0
49.175,-612.0
49.2,178.0
49.225,-418.0
49.25,-921.0
49.275,-163.0
49.3,-381.0
49.325,-269.0
49.35,-95.0
49.375,44.0
49.4,154.0
49.425,-170.0
49.45,504.0
49.475,863.0
49.5,650.0
49.525,309.0
49.55,540.0
49.575,912.0
49.6,1375.0
49.625,1872.0
49.65,1063.0
49.675,997.0
49.7,1414.0
49.725,1782.0
49.75,2029.0
49.775,1162.0
49.8,1518.0
49.825,2171.0
49.85,1849.0
49.875,1849.0
49.9,1308.0
49.925,1341.0
49.95,1279.0
49.975,1383.0
50.0,2408.0
50.025,1547.0
50.05,912.0
50.075,1937.0
50.1,2717.0
50.125,2119.0
50.15,1788.0
50.175,2564.0
50.2,2792.0
50.225,2771.0
50.25,2640.0
50.275,3010.0
50.3,3547.0
50.325,3225.0
50.35,2890.0
50.375,3080.0
50.4,3132.0
50.425,3311.0
50.45,3293.0
50.475,2335.0
50.5,2378.0
50.525,3445.0
50.55,3467.0
50.575,2718.0
50.6,2014.0
50.625,2234.0
50.65,3104.0
50.675,2706.0
50.7,2139.0
50.725,2329.0
50.75,2453.0
50.775,2543.0
50.8,2449.0
50.825,2383.0
50.85,2382.0
50.875,2154.0
50.9,2189.0
50.925,2686.0
50.95,2276.0
50.975,1779.0
51.0,2422.0
51.025,2685.0
51.05,2199.0
51.075,2014.0
51.1,2605.0
51.125,2281.0
51.15,1310.0
51.175,2108.0
51.2,2297.0
51.225,1250.0
51.25,1610.0
51.275,1494.0
51.3,1175.0
51.325,1670.0
51.35,1354.0
51.375,1243.0
51.4,1316.0
51.425,1107.0
51.45,1043.0
51.475,895.0
51.5,914.0
51.525,1186.0
51.55,1037.0
51.575,1017.0
51.6,686.0
51.625,207.0
51.65,1229.0
51.675,582.0
51.7,-445.0
51.725,640.0
51.75,520.0
51.775,97.0
51.8,127.0
51.825,-275.0
51.85,483.0
51.875,487.0
51.9,-712.0
51.925,38.0
51.95,576.0
51.975,-5.0
52.0,-219.0
52.025,161.0
52.05,381.0
52.075,-27.0
52.1,827.0
52.125,984.0
52.15,211.0
52.175,404.0
52.2,30.0
52.225,8.0
52.25,858.0
52.275,400.0
52.3,-439.0
52.325,208.0
52.35,755.0
52.375,343.0
52.4,226.0
52.425,201.0
52.45,580.0
52.475,967.0
52.5,111.0
52.525,178.0
52.55,815.0
52.575,803.0
52.6,315.0
52.625,233.0
52.65,1239.0
52.675,792.0
52.7,1168.0
52.725,1766.0
52.75,1006.0
52.775,1951.0
52.8,1974.0
52.825,989.0
52.85,1738.0
52.875,2448.0
52.9,2053.0
52.925,2319.0
52.95,2830.0
52.975,2806.0
53.0,3204.0
53.025,3280.0
53.05,3466.0
53.075,3687.0
53.1,3840.0
53.125,4694.0
53.15,4308.0
53.175,4324.0
53.2,5219.0
53.225,5302.0
53.25,5773.0
53.275,4949.0
53.3,5341.0
53.325,6865.0
53.35,5668.0
53.375,6150.0
53.4,6808.0
53.425,6055.0
53.45,6702.0
53.475,6589.0
53.5,7083.0
53.525,7282.0
53.55,6384.0
53.575,7281.0
53.6,7774.0
53.625,7870.0
53.65,8733.0
53.675,7752.0
53.7,7334.0
53.725,8821.0
53.75,8204.0
53.775,8021.0
53.8,8165.0
53.825,7717.0
53.85,8810.0
53.875,8466.0
53.9,7537.0
53.925,7672.0
53.95,8255.0
53.975,8420.0
54.0,7469.0
54.025,7454.0
54.05,7957.0
54.075,7098.0
54.1,7272.0
54.125,7828.0
54.15,6322.0
54.175,6474.0
54.2,7644.0
54.225,6584.0
54.25,6311.0
54.275,6873.0
54.3,6161.0
54.325,6172.0
54.35,6655.0
54.375,6281.0
54.4,5777.0
54.425,5928.0
54.45,6025.0
54.475,5406.0
54.5,5751.0
54.525,5824.0
54.55,5035.0
54.575,5363.0
54.6,5637.0
54.625,5449.0
54.65,5183.0
54.675,4605.0
54.7,4382.0
54.725,4562.0
54.75,4985.0
54.775,4756.0
54.8,3417.0
54.825,3396.0
54.85,4228.0
54.875,3667.0
54.9,3595.0
54.925,3249.0
54.95,2681.0
54.975,3224.0
55.0,2608.0
55.025,2033.0
55.05,2001.0
55.075,1722.0
55.1,1324.0
55.125,1093.0
55.15,1464.0
55.175,792.0
55.2,348.0
55.225,480.0
55.25,115.0
55.275,-150.0
55.3,-656.0
55.325,-264.0
55.35,-148.0
55.375,-429.0
55.4,-508.0
55.425,-1544.0
55.45,-1548.0
55.475,-1959.0
55.5,-2029.0
55.525,-1657.0
55.55,-3348.0
55.575,-2886.0
55.6,-2069.0
55.625,-2700.0
55.65,-2806.0
55.675,-3664.0
55.7,-3291.0
55.725,-3318.0
55.75,-4087.0
55.775,-3424.0
55.8,-4380.0
55.825,-4408.0
55.85,-3132.0
55.875,-4646.0
55.9,-5029.0
55.925,-4232.0
55.95,-4784.0
55.975,-4935.0
56.0,-4907.0
56.025,-4839.0
56.05,-5087.0
56.075,-5514.0
56.1,-5251.0
56.125,-4990.0
56.15,-5651.0
56.175,-5145.0
56.2,-3995.0
56.225,-4795.0
56.25,-4994.0
56.275,-4639.0
56.3,-4524.0
56.325,-4317.0
56.35,-4901.0
56.375,-4601.0
56.4,-3951.0
56.425,-4281.0
56.45,-4255.0
56.475,-3954.0
56.5,-3637.0
56.525,-3073.0
56.55,-3221.0
56.575,-3353.0
56.6,-2743.0
56.625,-2512.0
56.65,-2002.0
56.675,-1331.0
56.7,-1675.0
56.725,-1482.0
56.75,-363.0
56.775,-262.0
56.8,-695.0
56.825,-482.0
56.85,-210.0
56.875,83.0
56.9,502.0
56.925,552.0
56.95,388.0
56.975,803.0
57.0,1303.0
57.025,1149.0
57.05,1095.0
57.075,1487.0
57.1,1927.0
57.125,2213.0
57.15,2455.0
57.175,2628.0
57.2,3110.0
57.225,3481.0
57.25,3467.0
57.275,3980.0
57.3,4014.0
57.325,4295.0
57.35,4965.0
57.375,4434.0
57.4,4617.0
57.425,5617.0
57.45,5705.0
57.475,4933.0
57.5,4880.0
57.525,5807.0
57.55,5946.0
57.575,5434.0
57.6,5601.0
57.625,6440.0
57.65,6619.0
57.675,6819.0
57.7,6971.0
57.725,6273.0
57.75,6774.0
57.775,8143.0
57.8,7647.0
57.825,6179.0
57.85,6723.0
57.875,7780.0
57.9,7848.0
57.925,7787.0
57.95,7547.0
57.975,7669.0
58.0,7780.0
58.025,7767.0
58.05,7827.0
58.075,7740.0
58.1,7731.0
58.125,7752.0
58.15,7465.0
58.175,7732.0
58.2,8178.0
58.225,7084.0
58.25,6776.0
58.275,7516.0
58.3,7696.0
58.325,7410.0
58.35,6727.0
58.375,6585.0
58.4,6634.0
58.425,6673.0
58.45,6754.0
58.475,6239.0
58.5,5377.0
58.525,5477.0
58.55,5973.0
58.575,5954.0
58.6,5611.0
58.625,4700.0
58.65,4801.0
58.675,5814.0
58.7,5441.0
58.725,4400.0
58.75,4151.0
58.775,4626.0
58.8,4885.0
58.825,3813.0
58.85,3407.0
58.875,3695.0
58.9,3396.0
58.925,3447.0
58.95,2820.0
58.975,2063.0
59.0,2278.0
59.025,2301.0
59.05,1474.0
59.075,1158.0
59.1,1159.0
59.125,601.0
59.15,388.0
59.175,266.0
59.2,413.0
59.225,638.0
59.25,190.0
59.275,-149.0
59.3,23.0
59.325,204.0
59.35,620.0
59.375,555.0
59.4,-501.0
59.425,-1247.0
59.45,-712.0
59.475,-237.0
59.5,-1333.0
59.525,-1612.0
59.55,-1118.0
59.575,-1691.0
59.6,-1719.0
59.625,-1083.0
59.65,-1472.0
59.675,-1797.0
59.7,-1479.0
59.725,-1068.0
59.75,-917.0
59.775,-2245.0
59.8,-1553.0
59.825,448.0
59.85,-908.0
59.875,-1884.0
59.9,-735.0
59.925,-984.0
59.95,-804.0
59.975,-278.0
60.0,-1728.0
60.025,-1121.0
60.05,-290.0
60.075,-1407.0
60.1,-1110.0
60.125,-687.0
60.15,-1247.0
60.175,-1556.0
60.2,-960.0
60.225,-590.0
60.25,-1031.0
60.275,-653.0
60.3,-316.0
60.325,-1243.0
60.35,-625.0
60.375,763.0
60.4,150.0
60.425,201.0
60.45,1087.0
60.475,1278.0
60.5,1419.0
60.525,1674.0
60.55,1783.0
60.575,920.0
60.6,1455.0
60.625,3035.0
60.65,2009.0
60.675,769.0
60.7,1444.0
60.725,2449.0
60.75,2074.0
60.775,1405.0
60.8,1917.0
60.825,1975.0
60.85,2486.0
60.875,2992.0
60.9,2364.0
60.925,2840.0
60.95,3114.0
60.975,3130.0
61.0,3483.0
61.025,3504.0
61.05,4300.0
61.075,3988.0
61.1,3457.0
61.125,3894.0
61.15,3705.0
61.175,3993.0
61.2,4057.0
61.225,3301.0
61.25,2987.0
61.275,3493.0
61.3,3793.0
61.325,3464.0
61.35,3190.0
61.375,3262.0
61.4,3733.0
61.425,3367.0
61.45,3319.0
61.475,3814.0
61.5,3402.0
61.525,3614.0
61.55,4255.0
61.575,3740.0
61.6,3220.0
61.625,3802.0
61.65,3926.0
61.675,3331.0
61.7,3110.0
61.725,3380.0
61.75,3139.0
61.775,2988.0
61.8,3280.0
61.825,2511.0
61.85,2927.0
61.875,3808.0
61.9,3027.0
61.925,3047.0
61.95,3674.0
61.975,3974.0
62.0,3786.0
62.025,3115.0
62.05,3593.0
62.075,4481.0
62.1,4119.0
62.125,3828.0
62.15,4371.0
62.175,4158.0
62.2,3448.0
62.225,3048.0
62.25,3160.0
62.275,4012.0
62.3,4055.0
62.325,3375.0
62.35,2909.0
62.375,2897.0
62.4,3612.0
62.425,3961.0
62.45,3372.0
62.475,3231.0
62.5,3893.0
62.525,3698.0
62.55,3475.0
62.575,3677.0
62.6,3256.0
62.625,3108.0
62.65,3566.0
62.675,3452.0
62.7,2853.0
62.725,3315.0
62.75,3524.0
62.775,2879.0
62.8,3086.0
62.825,3374.0
62.85,3259.0
62.875,3341.0
62.9,3202.0
62.925,2941.0
62.95,3065.0
62.975,3249.0
63.0,3629.0
63.025,3891.0
63.05,3009.0
63.075,3002.0
63.1,4161.0
63.125,3562.0
63.15,2845.0
63.175,3316.0
63.2,3553.0
63.225,3380.0
63.25,3117.0
63.275,3027.0
63.3,2588.0
63.325,2595.0
63.35,3034.0
63.375,2845.0
63.4,2371.0
63.425,2310.0
63.45,2223.0
63.475,1578.0
63.5,1954.0
63.525,2512.0
63.55,1893.0
63.575,1480.0
63.6,1410.0
63.625,1701.0
63.65,2635.0
63.675,2400.0
63.7,1274.0
63.725,982.0
63.75,1692.0
63.775,2528.0
63.8,1228.0
63.825,460.0
63.85,1417.0
63.875,822.0
63.9,264.0
63.925,95.0
63.95,353.0
63.975,926.0
64.0,-505.0
64.025,-440.0
64.05,666.0
64.075,-292.0
64.1,-109.0
64.125,138.0
64.15,-194.0
64.175,-41.0
64.2,-600.0
64.225,100.0
64.25,661.0
64.275,-351.0
64.3,-296.0
64.325,-77.0
64.35,-126.0
64.375,325.0
64.4,-384.0
64.425,-1526.0
64.45,-986.0
64.475,-47.0
64.5,-300.0
64.525,-1109.0
64.55,-1437.0
64.575,-52.0
64.6,379.0
64.625,-917.0
64.65,351.0
64.675,723.0
64.7,-386.0
64.725,906.0
64.75,899.0
64.775,290.0
64.8,979.0
64.825,228.0
64.85,640.0
64.875,1683.0
64.9,130.0
64.925,241.0
64.95,1232.0
64.975,1542.0
65.0,1710.0
65.025,-71.0
65.05,993.0
65.075,2121.0
65.1,387.0
65.125,1648.0
65.15,1423.0
65.175,69.0
65.2,1608.0
65.225,1788.0
65.25,1224.0
65.275,863.0
65.3,1562.0
65.325,2534.0
65.35,1729.0
65.375,1849.0
65.4,1895.0
65.425,1159.0
65.45,1242.0
65.475,2208.0
65.5,3349.0
65.525,2030.0
65.55,739.0
65.575,1986.0
65.6,2230.0
65.625,2629.0
65.65,2940.0
65.675,1293.0
65.7,1381.0
65.725,2728.0
65.75,2629.0
65.775,1912.0
65.8,2071.0
65.825,2982.0
65.85,2453.0
65.875,1415.0
65.9,2912.0
65.925,3663.0
65.95,2767.0
65.975,2454.0
66.0,1805.0
66.025,2481.0
66.05,3197.0
66.075,2748.0
66.1,2929.0
66.125,2608.0
66.15,2132.0
66.175,2940.0
66.2,3561.0
66.225,2995.0
66.25,2650.0
66.275,2718.0
66.3,2608.0
66.325,2837.0
66.35,3431.0
66.375,3288.0
66.4,2084.0
66.425,1954.0
66.45,3178.0
66.475,3691.0
66.5,3563.0
66.525,2484.0
66.55,1800.0
66.575,3305.0
66.6,3987.0
66.625,3567.0
66.65,3098.0
66.675,2673.0
66.7,3056.0
66.725,3277.0
66.75,3305.0
66.775,2421.0
66.8,1912.0
66.825,2147.0
66.85,1518.0
66.875,1835.0
66.9,2188.0
66.925,1510.0
66.95,1567.0
66.975,1820.0
67.0,1584.0
67.025,1107.0
67.05,653.0
67.075,1717.0
67.1,2184.0
67.125,767.0
67.15,711.0
67.175,1246.0
67.2,1232.0
67.225,1268.0
67.25,516.0
67.275,459.0
67.3,1282.0
67.325,811.0
67.35,373.0
67.375,754.0
67.4,569.0
67.425,692.0
67.45,1744.0
67.475,1792.0
67.5,591.0
67.525,873.0
67.55,2039.0
67.575,1854.0
67.6,1730.0
67.625,1762.0
67.65,1242.0
67.675,1698.0
67.7,2734.0
67.725,1989.0
67.75,1275.0
67.775,2524.0
67.8,2623.0
67.825,2490.0
67.85,3033.0
67.875,2952.0
67.9,3697.0
67.925,3157.0
67.95,3193.0
67.975,4678.0
68.0,3969.0
68.025,3906.0
68.05,4136.0
68.075,4162.0
68.1,5296.0
68.125,5291.0
68.15,4286.0
68.175,4995.0
68.2,6194.0
68.225,5076.0
68.25,4831.0
68.275,5405.0
68.3,5644.0
68.325,6533.0
68.35,5635.0
68.375,4680.0
68.4,6394.0
68.425,6885.0
68.45,5374.0
68.475,5494.0
68.5,6151.0
68.525,5841.0
68.55,5548.0
68.575,4961.0
68.6,4880.0
68.625,5795.0
68.65,5090.0
68.675,5108.0
68.7,6572.0
68.725,5682.0
68.75,4780.0
68.775,6286.0
68.8,6556.0
68.825,5052.0
68.85,6263.0
68.875,6513.0
68.9,5259.0
68.925,5889.0
68.95,5057.0
68.975,5220.0
69.0,5635.0
69.025,4410.0
69.05,5246.0
69.075,4734.0
69.1,2832.0
69.125,4647.0
69.15,6391.0
69.175,4144.0
69.2,2613.0
69.225,4549.0
69.25,5487.0
69.275,3317.0
69.3,2963.0
69.325,4482.0
69.35,3376.0
69.375,2095.0
69.4,3379.0
69.425,4178.0
69.45,2549.0
69.475,1639.0
69.5,2907.0
69.525,2321.0
69.55,580.0
69.575,1615.0
69.6,1294.0
69.625,-717.0
69.65,24.0
69.675,285.0
69.7,-84.0
69.725,-262.0
69.75,-1371.0
69.775,-947.0
69.8,-758.0
69.825,-1094.0
69.85,-463.0
69.875,-1117.0
69.9,-1985.0
69.925,-1235.0
69.95,-1694.0
69.975,-2859.0
70.0,-1985.0
70.025,-2097.0
70.05,-3435.0
70.075,-3306.0
70.1,-2157.0
70.125,-2529.0
70.15,-4257.0
70.175,-3963.0
70.2,-2653.0
70.225,-2449.0
70.25,-4151.0
70.275,-4363.0
70.3,-2147.0
70.325,-3633.0
70.35,-4464.0
70.375,-2601.0
70.4,-4052.0
70.425,-4116.0
70.45,-2793.0
70.475,-4661.0
70.5,-4003.0
70.525,-3269.0
70.55,-5632.0
70.575,-3513.0
70.6,-2817.0
70.625,-5712.0
70.65,-2951.0
70.675,-2425.0
70.7,-4889.0
70.725,-2789.0
70.75,-2293.0
70.775,-3049.0
70.8,-3284.0
70.825,-2628.0
70.85,-1477.0
70.875,-3768.0
70.9,-1993.0
70.925,-822.0
70.95,-4093.0
70.975,-1201.0
71.0,-631.0
71.025,-1888.0
71.05,486.0
71.075,-2026.0
71.1,-1459.0
71.125,1788.0
71.15,-1034.0
71.175,-295.0
71.2,1796.0
71.225,-412.0
71.25,417.0
71.275,1983.0
71.3,1162.0
71.325,143.0
71.35,184.0
71.375,3385.0
71.4,2886.0
71.425,-192.0
71.45,3396.0
71.475,5319.0
71.5,3057.0
71.525,3230.0
71.55,4372.0
71.575,5039.0
71.6,4406.0
71.625,3818.0
71.65,5015.0
71.675,6391.0
71.7,5763.0
71.725,4200.0
71.75,5000.0
71.775,6885.0
71.8,7276.0
71.825,6309.0
71.85,5497.0
71.875,7135.0
71.9,9193.0
71.925,8114.0
71.95,6824.0
71.975,7516.0
72.0,8884.0
72.025,9518.0
72.05,7896.0
72.075,7429.0
72.1,9732.0
72.125,9942.0
72.15,7946.0
72.175,8258.0
72.2,9847.0
72.225,8704.0
72.25,8164.0
72.275,9990.0
72.3,9405.0
72.325,8353.0
72.35,9052.0
72.375,9373.0
72.4,7918.0
72.425,7536.0
72.45,9563.0
72.475,8620.0
72.5,7874.0
72.525,8996.0
72.55,8397.0
72.575,8249.0
72.6,8866.0
72.625,8895.0
72.65,7844.0
72.675,7600.0
72.7,8125.0
72.725,7824.0
72.75,7798.0
72.775,6797.0
72.8,5828.0
72.825,6464.0
72.85,6275.0
72.875,6041.0
72.9,5117.0
72.925,4121.0
72.95,6017.0
72.975,6141.0
73.0,4196.0
73.025,4552.0
73.05,5577.0
73.075,5156.0
73.1,4327.0
73.125,3663.0
73.15,4041.0
73.175,4653.0
73.2,3173.0
73.225,3967.0
73.25,4005.0
73.275,1265.0
73.3,4010.0
73.325,4291.0
73.35,-319.0
73.375,3258.0
73.4,5865.0
73.425,-579.0
73.45,1417.0
73.475,6176.0
73.5,-676.0
73.525,-466.0
73.55,6140.0
73.575,1043.0
73.6,-1785.0
73.625,3918.0
73.65,2069.0
73.675,-390.0
73.7,2552.0
73.725,101.0
73.75,-1180.0
73.775,1669.0
73.8,634.0
73.825,-1619.0
73.85,-1522.0
73.875,91.0
73.9,-184.0
73.925,-1592.0
73.95,-2049.0
73.975,-2536.0
74.0,-302.0
74.025,-73.0
74.05,-3585.0
74.075,-2240.0
74.1,882.0
74.125,-706.0
74.15,-2173.0
74.175,-1124.0
74.2,-1202.0
74.225,-1003.0
74.25,-1121.0
74.275,-2278.0
74.3,-1420.0
74.325,-1245.0
74.35,-2340.0
74.375,-1940.0
74.4,-1808.0
74.425,-1193.0
74.45,-1067.0
74.475,-2966.0
74.5,-2278.0
74.525,-647.0
74.55,-1029.0
74.575,-1834.0
74.6,-1812.0
74.625,-1011.0
74.65,-1004.0
74.675,-1101.0
74.7,-1404.0
74.725,-1787.0
74.75,-1182.0
74.775,-800.0
74.8,-1507.0
74.825,-2270.0
74.85,-1730.0
74.875,-1139.0
74.9,-1460.0
74.925,-2202.0
74.95,-1745.0
74.975,-1396.0
75.0,-1939.0
75.025,-650.0
75.05,-1463.0
75.075,-2248.0
75.1,-853.0
75.125,-1341.0
75.15,-1107.0
75.175,-967.0
75.2,-2162.0
75.225,-1788.0
75.25,-188.0
75.275,-1300.0
75.3,-2201.0
75.325,-243.0
75.35,-1289.0
75.375,-2730.0
75.4,-198.0
75.425,-352.0
75.45,-3210.0
75.475,-1343.0
75.5,128.0
75.525,-2058.0
75.55,-2101.0
75.575,-913.0
75.6,-1357.0
75.625,-2011.0
75.65,-991.0
75.675,-867.0
75.7,-2470.0
75.725,-1636.0
75.75,-109.0
75.775,-1534.0
75.8,-2162.0
75.825,-777.0
75.85,-630.0
75.875,-845.0
75.9,-567.0
75.925,-1536.0
75.95,-1456.0
75.975,1005.0
76.0,184.0
76.025,-1871.0
76.05,-1144.0
76.075,-736.0
76.1,81.0
76.125,329.0
76.15,-1141.0
76.175,-1559.0
76.2,-177.0
76.225,446.0
76.25,-648.0
76.275,-1288.0
76.3,-632.0
76.325,1322.0
76.35,801.0
76.375,-1681.0
76.4,165.0
76.425,2559.0
76.45,941.0
76.475,59.0
76.5,1488.0
76.525,1987.0
76.55,1894.0
76.575,2347.0
76.6,1610.0
76.625,1519.0
76.65,2871.0
76.675,2461.0
76.7,1607.0
76.725,2086.0
76.75,3199.0
76.775,3235.0
76.8,2694.0
76.825,3014.0
76.85,3479.0
76.875,4484.0
76.9,4542.0
76.925,3704.0
76.95,4738.0
76.975,5729.0
77.0,5100.0
77.025,5205.0
77.05,5710.0
77.075,5548.0
77.1,5636.0
77.125,6131.0
77.15,6423.0
77.175,6088.0
77.2,5906.0
77.225,6022.0
77.25,6181.0
77.275,6976.0
77.3,7464.0
77.325,6425.0
77.35,6057.0
77.375,6941.0
77.4,7243.0
77.425,7397.0
77.45,7145.0
77.475,6622.0
77.5,7010.0
77.525,7639.0
77.55,6969.0
77.575,6741.0
77.6,8294.0
77.625,7782.0
77.65,6417.0
77.675,7788.0
77.7,8498.0
77.725,7223.0
77.75,6779.0
77.775,8404.0
77.8,8296.0
77.825,6697.0
77.85,7953.0
77.875,8210.0
77.9,7848.0
77.925,8624.0
77.95,8132.0
77.975,8007.0
78.0,8493.0
78.025,7981.0
78.05,7863.0
78.075,9080.0
78.1,8838.0
78.125,7923.0
78.15,8277.0
78.175,8591.0
78.2,7979.0
78.225,7354.0
78.25,7875.0
78.275,7571.0
78.3,6808.0
78.325,7694.0
78.35,7657.0
78.375,7020.0
78.4,7220.0
78.425,7078.0
78.45,7220.0
78.475,6776.0
78.5,6810.0
78.525,7534.0
78.55,6734.0
78.575,6188.0
78.6,6548.0
78.625,6179.0
78.65,6072.0
78.675,6382.0
78.7,5567.0
78.725,5246.0
78.75,5458.0
78.775,5517.0
78.8,5490.0
78.825,5187.0
78.85,4864.0
78.875,4157.0
78.9,4710.0
78.925,5573.0
78.95,4891.0
78.975,3879.0
79.0,3832.0
79.025,4379.0
79.05,4225.0
79.075,3761.0
79.1,3424.0
79.125,3349.0
79.15,3594.0
79.175,3195.0
79.2,2088.0
79.225,2215.0
79.25,3075.0
79.275,2588.0
79.3,1741.0
79.325,1826.0
79.35,1994.0
79.375,1827.0
79.4,2220.0
79.425,1725.0
79.45,516.0
79.475,1361.0
79.5,1921.0
79.525,526.0
79.55,427.0
79.575,813.0
79.6,-53.0
79.625,-59.0
79.65,-49.0
79.675,-877.0
79.7,-136.0
79.725,139.0
79.75,-1436.0
79.775,-1153.0
79.8,-582.0
79.825,-1097.0
79.85,-968.0
79.875,-1026.0
79.9,-1441.0
79.925,-1717.0
79.95,-1353.0
79.975,-1133.0
80.0,-1632.0
80.025,-2259.0
80.05,-1805.0
80.075,-1694.0
80.1,-2621.0
80.125,-2534.0
80.15,-2592.0
80.175,-2358.0
80.2,-2929.0
80.225,-3719.0
80.25,-2877.0
80.275,-2942.0
80.3,-3103.0
80.325,-3443.0
80.35,-3219.0
80.375,-2518.0
80.4,-3756.0
80.425,-4025.0
80.45,-3307.0
80.475,-3128.0
80.5,-2999.0
80.525,-3833.0
80.55,-3744.0
80.575,-3148.0
80.6,-3570.0
80.625,-2913.0
80.65,-2971.0
80.675,-3811.0
80.7,-3028.0
80.725,-2677.0
80.75,-2942.0
80.775,-2958.0
80.8,-3301.0
80.825,-3074.0
80.85,-2364.0
80.875,-2433.0
80.9,-3110.0
80.925,-3320.0
80.95,-2765.0
80.975,-2177.0
81.0,-2252.0
81.025,-2823.0
81.05,-2577.0
81.075,-1977.0
81.1,-2017.0
81.125,-1737.0
81.15,-1536.0
81.175,-1356.0
81.2,-782.0
81.225,-681.0
81.25,-874.0
81.275,-972.0
81.3,-705.0
81.325,-582.0
81.35,-1032.0
81.375,-800.0
81.4,-189.0
81.425,-65.0
81.45,147.0
81.475,679.0
81.5,1219.0
81.525,1152.0
81.55,1273.0
81.575,2277.0
81.6,2638.0
81.625,2649.0
81.65,2875.0
81.675,2629.0
81.7,3164.0
81.725,3791.0
81.75,3422.0
81.775,3550.0
81.8,3836.0
81.825,3540.0
81.85,3672.0
81.875,4198.0
81.9,3786.0
81.925,3723.0
81.95,4670.0
81.975,4663.0
82.0,4780.0
82.025,4968.0
82.05,4528.0
82.075,5268.0
82.1,5767.0
82.125,5583.0
82.15,5063.0
82.175,4699.0
82.2,5773.0
82.225,5459.0
82.25,4971.0
82.275,5021.0
82.3,4682.0
82.325,5551.0
82.35,4938.0
82.375,4086.0
82.4,4905.0
82.425,4723.0
82.45,4022.0
82.475,4653.0
82.5,4925.0
82.525,4099.0
82.55,4317.0
82.575,4464.0
82.6,3804.0
82.625,3813.0
82.65,4531.0
82.675,4744.0
82.7,3860.0
82.725,3470.0
82.75,3735.0
82.775,3283.0
82.8,3238.0
82.825,3483.0
82.85,2815.0
82.875,2546.0
82.9,2839.0
82.925,3033.0
82.95,2698.0
82.975,1964.0
83.0,2317.0
83.025,2805.0
83.05,1520.0
83.075,973.0
83.1,1692.0
83.125,1840.0
83.15,1769.0
83.175,944.0
83.2,702.0
83.225,707.0
83.25,1031.0
83.275,1720.0
83.3,895.0
83.325,794.0
83.35,1397.0
83.375,1281.0
83.4,504.0
83.425,-50.0
83.45,630.0
83.475,1397.0
83.5,469.0
83.525,-522.0
83.55,207.0
83.575,344.0
83.6,-118.0
83.625,-364.0
83.65,-328.0
83.675,-83.0
83.7,-515.0
83.725,-751.0
83.75,-187.0
83.775,-249.0
83.8,-934.0
83.825,-217.0
83.85,46.0
83.875,-741.0
83.9,-863.0
83.925,-709.0
83.95,281.0
83.975,-347.0
84.0,-1237.0
84.025,-334.0
84.05,-709.0
84.075,-622.0
84.1,-319.0
84.125,-667.0
84.15,-966.0
84.175,-489.0
84.2,106.0
84.225,-829.0
84.25,72.0
84.275,-145.0
84.3,-908.0
84.325,718.0
84.35,242.0
84.375,-98.0
84.4,691.0
84.425,263.0
84.45,-137.0
84.475,648.0
84.5,926.0
84.525,662.0
84.55,1029.0
84.575,353.0
84.6,312.0
84.625,1425.0
84.65,1207.0
84.675,927.0
84.7,1118.0
84.725,1426.0
84.75,2426.0
84.775,2570.0
84.8,2305.0
84.825,2484.0
84.85,2924.0
84.875,3765.0
84.9,3897.0
84.925,3233.0
84.95,3192.0
84.975,4413.0
85.0,4331.0
85.025,3407.0
85.05,3681.0
85.075,4020.0
85.1,4310.0
85.125,4164.0
85.15,3987.0
85.175,4432.0
85.2,4832.0
85.225,5306.0
85.25,5369.0
85.275,4847.0
85.3,5143.0
85.325,5696.0
85.35,5664.0
85.375,5959.0
85.4,6087.0
85.425,5884.0
85.45,5660.0
85.475,5326.0
85.5,6137.0
85.525,6814.0
85.55,6491.0
85.575,6387.0
85.6,5864.0
85.625,6419.0
85.65,7344.0
85.675,6995.0
85.7,7134.0
85.725,7105.0
85.75,6739.0
85.775,7582.0
85.8,7665.0
85.825,6472.0
85.85,7290.0
85.875,7744.0
85.9,6645.0
85.925,7093.0
85.95,7667.0
85.975,7598.0
86.0,7244.0
86.025,6763.0
86.05,7009.0
86.075,7394.0
86.1,7228.0
86.125,6678.0
86.15,6952.0
86.175,7480.0
86.2,6405.0
86.225,6435.0
86.25,8140.0
86.275,7408.0
86.3,6751.0
86.325,7351.0
86.35,7381.0
86.375,7822.0
86.4,7138.0
86.425,7320.0
86.45,8004.0
86.475,6933.0
86.5,7208.0
86.525,7787.0
86.55,7339.0
86.575,7084.0
86.6,7015.0
86.625,6894.0
86.65,7068.0
86.675,7558.0
86.7,7104.0
86.725,6730.0
86.75,6884.0
86.775,6653.0
86.8,6608.0
86.825,6500.0
86.85,6088.0
86.875,5822.0
86.9,5778.0
86.925,6034.0
86.95,6178.0
86.975,5346.0
87.0,4970.0
87.025,5652.0
87.05,5476.0
87.075,4593.0
87.1,5063.0
87.125,5350.0
87.15,4285.0
87.175,4722.0
87.2,4915.0
87.225,4011.0
87.25,3844.0
87.275,4047.0
87.3,4072.0
87.325,3360.0
87.35,2900.0
87.375,3077.0
87.4,3342.0
87.425,2755.0
87.45,2428.0
87.475,2472.0
87.5,1627.0
87.525,2323.0
87.55,2599.0
87.575,1264.0
87.6,1520.0
87.625,1494.0
87.65,801.0
87.675,660.0
87.7,246.0
87.725,436.0
87.75,427.0
87.775,-249.0
87.8,-348.0
87.825,-195.0
87.85,-873.0
87.875,-1318.0
87.9,-381.0
87.925,-684.0
87.95,-1708.0
87.975,-892.0
88.0,-981.0
88.025,-2249.0
88.05,-1642.0
88.075,-1920.0
88.1,-3222.0
88.125,-2202.0
88.15,-2327.0
88.175,-3927.0
88.2,-3802.0
88.225,-3334.0
88.25,-3231.0
88.275,-3718.0
88.3,-4111.0
88.325,-3860.0
88.35,-4324.0
88.375,-3897.0
88.4,-3925.0
88.425,-5168.0
88.45,-4527.0
88.475,-4322.0
88.5,-4821.0
88.525,-4732.0
88.55,-5086.0
88.575,-5300.0
88.6,-5524.0
88.625,-4727.0
88.65,-4721.0
88.675,-6003.0
88.7,-5176.0
88.725,-5461.0
88.75,-6508.0
88.775,-5971.0
88.8,-6125.0
88.825,-6421.0
88.85,-7192.0
88.875,-6691.0
88.9,-5553.0
88.925,-6969.0
88.95,-7606.0
88.975,-7173.0
89.0,-6900.0
89.025,-6675.0
89.05,-8029.0
89.075,-7597.0
89.1,-6269.0
89.125,-7364.0
89.15,-7152.0
89.175,-7097.0
89.2,-7346.0
89.225,-6326.0
89.25,-6782.0
89.275,-6828.0
89.3,-6366.0
89.325,-6220.0
89.35,-6111.0
89.375,-6120.0
89.4,-5422.0
89.425,-5807.0
89.45,-5511.0
89.475,-4013.0
89.5,-5124.0
89.525,-5862.0
89.55,-4241.0
89.575,-4224.0
89.6,-4901.0
89.625,-4484.0
89.65,-4274.0
89.675,-4107.0
89.7,-4036.0
89.725,-4004.0
89.75,-3923.0
89.775,-3298.0
89.8,-2447.0
89.825,-3058.0
89.85,-3616.0
89.875,-2748.0
89.9,-1530.0
89.925,-1306.0
89.95,-1990.0
89.975,-1614.0
90.0,-479.0
90.025,-282.0
90.05,-720.0
90.075,299.0
90.1,1190.0
90.125,341.0
90.15,1593.0
90.175,2451.0
90.2,1866.0
90.225,2694.0
90.25,2711.0
90.275,2973.0
90.3,3453.0
90.325,3456.0
90.35,3937.0
90.375,4535.0
90.4,5151.0
90.425,4914.0
90.45,4998.0
90.475,5441.0
90.5,5740.0
90.525,6317.0
90.55,5894.0
90.575,6667.0
90.6,7819.0
90.625,7387.0
90.65,8025.0
90.675,7850.0
90.7,7997.0
90.725,9448.0
90.75,9066.0
90.775,8851.0
90.8,9502.0
90.825,9827.0
90.85,9840.0
90.875,10147.0
90.9,10386.0
90.925,10730.0
90.95,11266.0
90.975,10676.0
91.0,11141.0
91.025,12033.0
91.05,11482.0
91.075,11447.0
91.1,12291.0
91.125,12557.0
91.15,12301.0
91.175,12872.0
91.2,12515.0
91.225,12063.0
91.25,13364.0
91.275,13343.0
91.3,12891.0
91.325,12992.0
91.35,12716.0
91.375,13691.0
91.4,13727.0
91.425,12196.0
91.45,12729.0
91.475,13155.0
91.5,13289.0
91.525,13662.0
91.55,11586.0
91.575,11564.0
91.6,13031.0
91.625,13070.0
91.65,12517.0
91.675,10992.0
91.7,10838.0
91.725,11208.0
91.75,11692.0
91.775,11297.0
91.8,9170.0
91.825,9307.0
91.85,9994.0
91.875,9343.0
91.9,9676.0
91.925,8833.0
91.95,7974.0
91.975,9056.0
92.0,8700.0
92.025,8491.0
92.05,8005.0
92.075,6702.0
92.1,8126.0
92.125,7863.0
92.15,6173.0
92.175,7275.0
92.2,6919.0
92.225,6517.0
92.25,6467.0
92.275,4425.0
92.3,5359.0
92.325,6714.0
92.35,4137.0
92.375,3418.0
92.4,5178.0
92.425,3643.0
92.45,2608.0
92.475,3312.0
92.5,2704.0
92.525,2920.0
92.55,1952.0
92.575,1838.0
92.6,2321.0
92.625,593.0
92.65,932.0
92.675,1173.0
92.7,151.0
92.725,894.0
92.75,507.0
92.775,-993.0
92.8,-436.0
92.825,-340.0
92.85,-1159.0
92.875,-1274.0
92.9,-1413.0
92.925,-1386.0
92.95,-1933.0
92.975,-3236.0
93.0,-3246.0
93.025,-2014.0
93.05,-2323.0
93.075,-3989.0
93.1,-4360.0
93.125,-3280.0
93.15,-3521.0
93.175,-4301.0
93.2,-3854.0
93.225,-3873.0
93.25,-4205.0
93.275,-3476.0
93.3,-2908.0
93.325,-4270.0
93.35,-4197.0
93.375,-2738.0
93.4,-3377.0
93.425,-3942.0
93.45,-3601.0
93.475,-3055.0
93.5,-2674.0
93.525,-3353.0
93.55,-3866.0
93.575,-3234.0
93.6,-2772.0
93.625,-3184.0
93.65,-3833.0
93.675,-3809.0
93.7,-3018.0
93.725,-2935.0
93.75,-3489.0
93.775,-3736.0
93.8,-3505.0
93.825,-2999.0
93.85,-2704.0
93.875,-2825.0
93.9,-2541.0
93.925,-2379.0
93.95,-3401.0
93.975,-2797.0
94.0,-1128.0
94.025,-1469.0
94.05,-2737.0
94.075,-2648.0
94.1,-1541.0
94.125,-1847.0
94.15,-1931.0
94.175,-1328.0
94.2,-1634.0
94.225,-1461.0
94.25,-1157.0
94.275,-915.0
94.3,-579.0
94.325,-201.0
94.35,-31.0
94.375,-441.0
94.4,-494.0
94.425,-16.0
94.45,528.0
94.475,788.0
94.5,1477.0
94.525,1225.0
94.55,871.0
94.575,1660.0
94.6,2078.0
94.625,2118.0
94.65,1715.0
94.675,1875.0
94.7,1806.0
94.725,2771.0
94.75,4125.0
94.775,3051.0
94.8,2490.0
94.825,3942.0
94.85,4430.0
94.875,3530.0
94.9,4100.0
94.925,4119.0
94.95,4277.0
94.975,5318.0
95.0,4290.0
95.025,4223.0
95.05,5023.0
95.075,4779.0
95.1,5374.0
95.125,4622.0
95.15,3000.0
95.175,4727.0
95.2,5813.0
95.225,3706.0
95.25,3231.0
95.275,4189.0
95.3,3531.0
95.325,3376.0
95.35,4329.0
95.375,3874.0
95.4,3388.0
95.425,3469.0
95.45,3431.0
95.475,3971.0
95.5,3683.0
95.525,2572.0
95.55,3014.0
95.575,4088.0
95.6,3851.0
95.625,2944.0
95.65,2101.0
95.675,2695.0
95.7,3323.0
95.725,2285.0
95.75,2032.0
95.775,2330.0
95.8,2341.0
95.825,2240.0
95.85,1524.0
95.875,1330.0
95.9,1730.0
95.925,1461.0
95.95,1185.0
95.975,1884.0
96.0,1807.0
96.025,906.0
96.05,1312.0
96.075,1904.0
96.1,1747.0
96.125,1444.0
96.15,521.0
96.175,241.0
96.2,1614.0
96.225,1196.0
96.25,165.0
96.275,1088.0
96.3,615.0
96.325,610.0
96.35,1288.0
96.375,783.0
96.4,1178.0
96.425,733.0
96.45,-295.0
96.475,336.0
96.5,1282.0
96.525,585.0
96.55,-264.0
96.575,-164.0
96.6,193.0
96.625,390.0
96.65,-726.0
96.675,-651.0
96.7,259.0
96.725,-417.0
96.75,-1010.0
96.775,-976.0
96.8,-1153.0
96.825,-1194.0
96.85,-606.0
96.875,-743.0
96.9,-799.0
96.925,-943.0
96.95,-1072.0
96.975,-608.0
97.0,-775.0
97.025,76.0
97.05,-463.0
97.075,-1683.0
97.1,-287.0
97.125,421.0
97.15,-83.0
97.175,-449.0
97.2,-68.0
97.225,512.0
97.25,-304.0
97.275,-476.0
97.3,730.0
97.325,623.0
97.35,-85.0
97.375,326.0
97.4,493.0
97.425,288.0
97.45,884.0
97.475,1595.0
97.5,1120.0
97.525,951.0
97.55,1576.0
97.575,939.0
97.6,1277.0
97.625,1939.0
97.65,795.0
97.675,1059.0
97.7,1666.0
97.725,1825.0
97.75,2499.0
97.775,1362.0
97.8,1293.0
97.825,3501.0
97.85,3008.0
97.875,1642.0
97.9,2628.0
97.925,3451.0
97.95,2807.0
97.975,3093.0
98.0,3467.0
98.025,2574.0
98.05,3401.0
98.075,3674.0
98.1,3273.0
98.125,4298.0
98.15,3747.0
98.175,3263.0
98.2,3795.0
98.225,3761.0
98.25,4202.0
98.275,4281.0
98.3,4167.0
98.325,4603.0
98.35,4505.0
98.375,5199.0
98.4,5167.0
98.425,4413.0
98.45,6161.0
98.475,6298.0
98.5,4753.0
98.525,5483.0
98.55,6366.0
98.575,6106.0
98.6,5522.0
98.625,5986.0
98.65,6650.0
98.675,6767.0
98.7,7304.0
98.725,6578.0
98.75,6462.0
98.775,7557.0
98.8,7214.0
98.825,6390.0
98.85,6423.0
98.875,7637.0
98.9,7209.0
98.925,6343.0
98.95,6757.0
98.975,6303.0
99.0,6968.0
99.025,6534.0
99.05,5786.0
99.075,7274.0
99.1,6379.0
99.125,5890.0
99.15,6939.0
99.175,6387.0
99.2,6505.0
99.225,6041.0
99.25,5833.0
99.275,7108.0
99.3,6401.0
99.325,5634.0
99.35,5834.0
99.375,5924.0
99.4,5681.0
99.425,5140.0
99.45,5407.0
99.475,5415.0
99.5,5544.0
99.525,5456.0
99.55,5392.0
99.575,4996.0
99.6,4674.0
99.625,6253.0
99.65,5135.0
99.675,4121.0
99.7,5496.0
99.725,4750.0
99.75,4902.0
99.775,4584.0
99.8,3120.0
99.825,4887.0
99.85,4645.0
99.875,2409.0
99.9,3321.0
99.925,3344.0
99.95,3505.0
99.975,4107.0
100.0,2311.0
100.025,2473.0
100.05,3657.0
100.075,2767.0
100.1,1669.0
100.125,1837.0
100.15,2730.0
100.175,2885.0
100.2,2615.0
100.225,2385.0
100.25,1642.0
100.275,1928.0
100.3,2656.0
100.325,2022.0
100.35,2394.0
100.375,2591.0
100.4,2048.0
100.425,2113.0
100.45,1253.0
100.475,1828.0
100.5,2288.0
100.525,39.0
100.55,404.0
100.575,2297.0
100.6,1056.0
100.625,244.0
100.65,702.0
100.675,483.0
100.7,1129.0
100.725,1050.0
100.75,-52.0
100.775,519.0
100.8,399.0
100.825,-27.0
100.85,1769.0
100.875,45.0
100.9,-819.0
100.925,1722.0
100.95,-93.0
100.975,729.0
101.0,1496.0
101.025,-361.0
101.05,893.0
101.075,206.0
101.1,1029.0
101.125,683.0
101.15,-1457.0
101.175,1034.0
101.2,929.0
101.225,-1662.0
101.25,-1231.0
101.275,1025.0
101.3,-114.0
101.325,-909.0
101.35,519.0
101.375,-1911.0
101.4,-404.0
101.425,237.0
101.45,-1981.0
101.475,815.0
101.5,-674.0
101.525,-1937.0
101.55,1060.0
101.575,-494.0
101.6,-2615.0
101.625,329.0
101.65,1115.0
101.675,-2012.0
101.7,-529.0
101.725,558.0
101.75,-1894.0
101.775,-902.0
101.8,180.0
101.825,-1003.0
101.85,-1646.0
101.875,-1389.0
101.9,485.0
101.925,-533.0
101.95,-2676.0
101.975,103.0
102.0,1024.0
102.025,-1281.0
102.05,-1331.0
102.075,-635.0
102.1,-421.0
102.125,-163.0
102.15,-639.0
102.175,-957.0
102.2,-680.0
102.225,-189.0
102.25,-110.0
102.275,-942.0
102.3,-1153.0
102.325,-499.0
102.35,-62.0
102.375,-725.0
102.4,-774.0
102.425,-205.0
102.45,-778.0
102.475,-679.0
102.5,-51.0
102.525,-330.0
102.55,-105.0
102.575,387.0
102.6,-447.0
102.625,-581.0
102.65,686.0
102.675,811.0
102.7,-498.0
102.725,-201.0
102.75,1135.0
102.775,430.0
102.8,137.0
102.825,743.0
102.85,778.0
102.875,1219.0
102.9,805.0
102.925,215.0
102.95,931.0
102.975,1182.0
103.0,529.0
103.025,607.0
103.05,1199.0
103.075,578.0
103.1,668.0
103.125,1601.0
103.15,630.0
103.175,74.0
103.2,464.0
103.225,1250.0
103.25,1795.0
103.275,-361.0
103.3,9.0
103.325,1969.0
103.35,46.0
103.375,489.0
103.4,1819.0
103.425,109.0
103.45,708.0
103.475,1978.0
103.5,1388.0
103.525,706.0
103.55,790.0
103.575,1064.0
103.6,936.0
103.625,1573.0
103.65,1308.0
103.675,-31.0
103.7,250.0
103.725,1287.0
103.75,1581.0
103.775,1601.0
103.8,527.0
103.825,96.0
103.85,1792.0
103.875,1883.0
103.9,1202.0
103.925,772.0
103.95,633.0
103.975,2007.0
104.0,1398.0
104.025,642.0
104.05,1770.0
104.075,1631.0
104.1,1708.0
104.125,1707.0
104.15,1222.0
104.175,2041.0
104.2,2390.0
104.225,2175.0
104.25,1377.0
104.275,1522.0
104.3,3518.0
104.325,2311.0
104.35,1104.0
104.375,3083.0
104.4,2667.0
104.425,2459.0
104.45,3505.0
104.475,2763.0
104.5,3083.0
104.525,3602.0
104.55,3917.0
104.575,3975.0
104.6,3464.0
104.625,4509.0
104.65,5069.0
104.675,4661.0
104.7,4303.0
104.725,4473.0
104.75,5686.0
104.775,5916.0
104.8,4868.0
104.825,4802.0
104.85,5807.0
104.875,5941.0
104.9,5232.0
104.925,5147.0
104.95,5521.0
104.975,5789.0
105.0,5658.0
105.025,5599.0
105.05,5943.0
105.075,6247.0
105.1,6974.0
105.125,6513.0
105.15,5973.0
105.175,7162.0
105.2,7355.0
105.225,6901.0
105.25,6311.0
105.275,6428.0
105.3,8188.0
105.325,8106.0
105.35,7038.0
105.375,7378.0
105.4,7369.0
105.425,7533.0
105.45,8093.0
105.475,7381.0
105.5,6893.0
105.525,7335.0
105.55,7662.0
105.575,7553.0
105.6,6818.0
105.625,6841.0
105.65,7503.0
105.675,7557.0
105.7,7617.0
105.725,7601.0
105.75,7185.0
105.775,7172.0
105.8,7583.0
105.825,7413.0
105.85,6249.0
105.875,6466.0
105.9,7438.0
105.925,6180.0
105.95,5931.0
105.975,6445.0
106.0,5293.0
106.025,5234.0
106.05,5936.0
106.075,5609.0
106.1,4820.0
106.125,4865.0
106.15,5096.0
106.175,4140.0
106.2,3949.0
106.225,4399.0
106.25,4007.0
106.275,3751.0
106.3,3084.0
106.325,2979.0
106.35,3740.0
106.375,2861.0
106.4,1566.0
106.425,1887.0
106.45,2748.0
106.475,1833.0
106.5,500.0
106.525,937.0
106.55,901.0
106.575,552.0
106.6,420.0
106.625,-260.0
106.65,-138.0
106.675,-288.0
106.7,65.0
106.725,706.0
106.75,-583.0
106.775,-792.0
106.8,-318.0
106.825,50.0
106.85,679.0
106.875,-1052.0
106.9,-1524.0
106.925,-71.0
106.95,-447.0
106.975,-753.0
107.0,-1435.0
107.025,-1293.0
107.05,92.0
107.075,-1432.0
107.1,-2124.0
107.125,-568.0
107.15,-1036.0
107.175,-1539.0
107.2,-1179.0
107.225,-1956.0
107.25,-1008.0
107.275,164.0
107.3,-1876.0
107.325,-2187.0
107.35,-478.0
107.375,-1052.0
107.4,-1236.0
107.425,500.0
107.45,458.0
107.475,-245.0
107.5,335.0
107.525,599.0
107.55,668.0
107.575,618.0
107.6,833.0
107.625,754.0
107.65,376.0
107.675,929.0
107.7,1174.0
107.725,1324.0
107.75,719.0
107.775,5.0
107.8,1537.0
107.825,1606.0
107.85,581.0
107.875,1250.0
107.9,1420.0
107.925,1822.0
107.95,1224.0
107.975,704.0
108.0,2398.0
108.025,2190.0
108.05,1755.0
108.075,1866.0
108.1,2050.0
108.125,2878.0
108.15,2174.0
108.175,2303.0
108.2,2676.0
108.225,2547.0
108.25,3192.0
108.275,2699.0
108.3,2053.0
108.325,2292.0
108.35,2805.0
108.375,2707.0
108.4,2225.0
108.425,2558.0
108.45,3066.0
108.475,2830.0
108.5,2219.0
108.525,2133.0
108.55,2036.0
108.575,2462.0
108.6,2436.0
108.625,1444.0
108.65,1822.0
108.675,1882.0
108.7,1517.0
108.725,1964.0
108.75,1498.0
108.775,1360.0
108.8,1999.0
108.825,1688.0
108.85,1841.0
108.875,2035.0
108.9,686.0
108.925,400.0
108.95,1915.0
108.975,2002.0
109.0,988.0
109.025,795.0
109.05,354.0
109.075,128.0
109.1,715.0
109.125,694.0
109.15,-146.0
109.175,-247.0
109.2,381.0
109.225,141.0
109.25,-448.0
109.275,-493.0
109.3,100.0
109.325,-74.0
109.35,-657.0
109.375,88.0
109.4,-411.0
109.425,-1330.0
109.45,-331.0
109.475,-568.0
109.5,-1947.0
109.525,-1723.0
109.55,-1044.0
109.575,-1483.0
109.6,-2362.0
109.625,-2534.0
109.65,-2050.0
109.675,-1870.0
109.7,-2243.0
109.725,-2496.0
109.75,-1778.0
109.775,-1233.0
109.8,-1802.0
109.825,-1350.0
109.85,-1059.0
109.875,-1274.0
109.9,-1194.0
109.925,-1710.0
109.95,-1001.0
109.975,-794.0
110.0,-1101.0
110.025,-990.0
110.05,-1408.0
110.075,-1406.0
110.1,-1352.0
110.125,-679.0
110.15,-1076.0
110.175,-1562.0
110.2,-237.0
110.225,-586.0
110.25,-943.0
110.275,787.0
110.3,787.0
110.325,-319.0
110.35,523.0
110.375,946.0
110.4,569.0
110.425,1068.0
110.45,829.0
110.475,346.0
110.5,935.0
110.525,1090.0
110.55,1131.0
110.575,1525.0
110.6,1049.0
110.625,1174.0
110.65,2240.0
110.675,2860.0
110.7,2919.0
110.725,2407.0
110.75,2809.0
110.775,3119.0
110.8,2550.0
110.825,3039.0
110.85,3703.0
110.875,3499.0
110.9,3426.0
110.925,3911.0
110.95,3534.0
110.975,3712.0
111.0,4349.0
111.025,3603.0
111.05,4169.0
111.075,4480.0
111.1,3891.0
111.125,4589.0
111.15,4309.0
111.175,4551.0
111.2,5488.0
111.225,4653.0
111.25,4762.0
111.275,5487.0
111.3,5543.0
111.325,5739.0
111.35,5135.0
111.375,5541.0
111.4,6176.0
111.425,5500.0
111.45,6110.0
111.475,6173.0
111.5,5436.0
111.525,6227.0
111.55,6322.0
111.575,5964.0
111.6,6065.0
111.625,6350.0
111.65,6957.0
111.675,6331.0
111.7,6286.0
111.725,6416.0
111.75,6021.0
111.775,6593.0
111.8,6068.0
111.825,5787.0
111.85,6040.0
111.875,5840.0
111.9,6155.0
111.925,6125.0
111.95,6281.0
111.975,6471.0
112.0,6260.0
112.025,6743.0
112.05,7155.0
112.075,6692.0
112.1,6775.0
112.125,6683.0
112.15,6153.0
112.175,7179.0
112.2,7134.0
112.225,5672.0
112.25,5846.0
112.275,6179.0
112.3,6127.0
112.325,5983.0
112.35,5189.0
112.375,5598.0
112.4,6057.0
112.425,5614.0
112.45,6101.0
112.475,6255.0
112.5,6146.0
112.525,6194.0
112.55,5965.0
112.575,6218.0
112.6,5883.0
112.625,5746.0
112.65,6125.0
112.675,4720.0
112.7,4546.0
112.725,5396.0
112.75,5184.0
112.775,5965.0
112.8,4521.0
112.825,3800.0
112.85,5641.0
112.875,4981.0
112.9,4879.0
112.925,4961.0
112.95,4518.0
112.975,4988.0
113.0,4045.0
113.025,3516.0
113.05,4055.0
113.075,4319.0
113.1,3953.0
113.125,2500.0
113.15,2394.0
113.175,3704.0
113.2,2680.0
113.225,1701.0
113.25,2577.0
113.275,2126.0
113.3,2034.0
113.325,1970.0
113.35,836.0
113.375,1749.0
113.4,1672.0
113.425,83.0
113.45,1016.0
113.475,1297.0
113.5,504.0
113.525,456.0
113.55,275.0
113.575,507.0
113.6,442.0
113.625,25.0
113.65,-612.0
113.675,-702.0
113.7,-314.0
113.725,-1003.0
113.75,-1434.0
113.775,-1096.0
113.8,-1338.0
113.825,-1958.0
113.85,-1882.0
113.875,-1823.0
113.9,-1896.0
113.925,-2293.0
113.95,-2657.0
113.975,-2240.0
114.0,-2899.0
114.025,-3158.0
114.05,-2424.0
114.075,-2392.0
114.1,-2947.0
114.125,-3605.0
114.15,-2735.0
114.175,-2584.0
114.2,-3693.0
114.225,-3408.0
114.25,-3225.0
114.275,-2980.0
114.3,-3229.0
114.325,-3667.0
114.35,-3419.0
114.375,-3989.0
114.4,-3108.0
114.425,-3192.0
114.45,-4650.0
114.475,-3330.0
114.5,-3156.0
114.525,-4003.0
114.55,-3065.0
114.575,-2521.0
114.6,-3199.0
114.625,-4157.0
114.65,-2749.0
114.675,-1682.0
114.7,-2957.0
114.725,-3308.0
114.75,-2839.0
114.775,-1744.0
114.8,-1430.0
114.825,-2173.0
114.85,-2479.0
114.875,-1952.0
114.9,-965.0
114.925,-1127.0
114.95,-1385.0
114.975,-460.0
115.0,-369.0
115.025,-1456.0
115.05,-1052.0
115.075,-304.0
115.1,-137.0
115.125,371.0
115.15,147.0
115.175,221.0
115.2,644.0
115.225,1134.0
115.25,1434.0
115.275,1018.0
115.3,1781.0
115.325,1810.0
115.35,1631.0
115.375,2675.0
115.4,2082.0
115.425,2148.0
115.45,2759.0
115.475,2756.0
115.5,3009.0
115.525,2189.0
115.55,3153.0
115.575,4737.0
115.6,3132.0
115.625,2650.0
115.65,4441.0
115.675,4529.0
115.7,4465.0
115.725,4954.0
115.75,4751.0
115.775,5269.0
115.8,5706.0
115.825,5318.0
115.85,5764.0
115.875,5496.0
115.9,4624.0
115.925,6115.0
115.95,5982.0
115.975,5008.0
116.0,5981.0
116.025,5614.0
116.05,6050.0
116.075,6991.0
116.1,6301.0
116.125,6541.0
116.15,6971.0
116.175,6943.0
116.2,7441.0
116.225,7218.0
116.25,7436.0
116.275,7854.0
116.3,7563.0
116.325,7741.0
116.35,7240.0
116.375,7253.0
116.4,8131.0
116.425,7546.0
116.45,6618.0
116.475,6771.0
116.5,6849.0
116.525,7056.0
116.55,7357.0
116.575,6600.0
116.6,6244.0
116.625,6813.0
116.65,6743.0
116.675,5843.0
116.7,6018.0
116.725,6828.0
116.75,6635.0
116.775,6261.0
116.8,6161.0
116.825,5726.0
116.85,5539.0
116.875,6209.0
116.9,5942.0
116.925,5243.0
116.95,5011.0
116.975,5390.0
117.0,5396.0
117.025,4487.0
117.05,5492.0
117.075,4682.0
117.1,2924.0
117.125,5212.0
117.15,5147.0
117.175,3560.0
117.2,3782.0
117.225,2825.0
117.25,3792.0
117.275,3452.0
117.3,1800.0
117.325,3211.0
117.35,2338.0
117.375,1814.0
117.4,2766.0
117.425,1448.0
117.45,1703.0
117.475,2330.0
117.5,1003.0
117.525,386.0
117.55,750.0
117.575,1035.0
117.6,-219.0
117.625,-975.0
117.65,365.0
117.675,-525.0
117.7,-1490.0
117.725,-879.0
117.75,-1571.0
117.775,-1553.0
117.8,-1858.0
117.825,-2411.0
117.85,-1886.0
117.875,-2124.0
117.9,-2373.0
117.925,-2524.0
117.95,-2275.0
117.975,-2772.0
118.0,-3342.0
118.025,-1746.0
118.05,-2364.0
118.075,-3235.0
118.1,-2518.0
118.125,-3450.0
118.15,-3103.0
118.175,-2562.0
118.2,-3205.0
118.225,-3038.0
118.25,-2625.0
118.275,-2948.0
118.3,-2985.0
118.325,-2148.0
118.35,-2852.0
118.375,-2922.0
118.4,-1910.0
118.425,-2424.0
118.45,-2819.0
118.475,-2276.0
118.5,-2111.0
118.525,-3123.0
118.55,-2195.0
118.575,-1577.0
118.6,-3150.0
118.625,-2478.0
118.65,-2138.0
118.675,-1673.0
118.7,-1550.0
118.725,-2728.0
118.75,-902.0
118.775,-575.0
118.8,-1599.0
118.825,-598.0
118.85,-596.0
118.875,-894.0
118.9,-484.0
118.925,-387.0
118.95,-872.0
118.975,-825.0
119.0,86.0
119.025,-36.0
119.05,-470.0
119.075,-233.0
119.1,-320.0
119.125,422.0
119.15,1393.0
119.175,422.0
119.2,56.0
119.225,1293.0
119.25,1156.0
119.275,1379.0
119.3,1711.0
119.325,1135.0
119.35,2160.0
119.375,2337.0
119.4,2049.0
119.425,2537.0
119.45,2807.0
119.475,2896.0
119.5,2003.0
119.525,2166.0
119.55,3219.0
119.575,3118.0
119.6,2778.0
119.625,2933.0
119.65,2566.0
119.675,2423.0
119.7,3557.0
119.725,3840.0
119.75,2617.0
119.775,3344.0
119.8,4638.0
119.825,3426.0
119.85,3626.0
119.875,4238.0
119.9,3797.0
119.925,4654.0
119.95,5130.0
119.975,4598.0
120.0,4699.0
120.025,5178.0
120.05,5414.0
120.075,5729.0
120.1,4972.0
120.125,5443.0
120.15,6635.0
120.175,5613.0
120.2,5309.0
120.225,6091.0
120.25,6614.0
120.275,6709.0
120.3,6849.0
120.325,7052.0
120.35,7072.0
120.375,6873.0
120.4,6686.0
120.425,8087.0
120.45,7614.0
120.475,6106.0
120.5,7654.0
120.525,7510.0
120.55,6913.0
120.575,8066.0
120.6,8063.0
120.625,7604.0
120.65,6776.0
120.675,7458.0
120.7,8392.0
120.725,7299.0
120.75,6659.0
120.775,6818.0
120.8,7649.0
120.825,7536.0
120.85,6991.0
120.875,7840.0
120.9,7201.0
120.925,6516.0
120.95,7718.0
120.975,7348.0
121.0,5857.0
121.025,6655.0
121.05,7371.0
121.075,5699.0
121.1,5130.0
121.125,6624.0
121.15,6568.0
121.175,4647.0
121.2,5886.0
121.225,7178.0
121.25,4391.0
121.275,4224.0
121.3,5875.0
121.325,6123.0
121.35,5620.0
121.375,3911.0
121.4,4249.0
121.425,5481.0
121.45,4739.0
121.475,3560.0
121.5,3453.0
121.525,3234.0
121.55,3392.0
121.575,3642.0
121.6,2622.0
121.625,2758.0
121.65,2309.0
121.675,2153.0
121.7,2430.0
121.725,1508.0
121.75,2133.0
121.775,1677.0
121.8,465.0
121.825,1610.0
121.85,2513.0
121.875,651.0
121.9,-34.0
121.925,1373.0
121.95,836.0
121.975,662.0
122.0,401.0
122.025,-820.0
122.05,-341.0
122.075,-89.0
122.1,-879.0
122.125,-1443.0
122.15,-1643.0
122.175,-1174.0
122.2,-546.0
122.225,-1615.0
122.25,-2663.0
122.275,-1614.0
122.3,-1593.0
122.325,-2023.0
122.35,-1821.0
122.375,-2648.0
122.4,-2390.0
122.425,-2239.0
122.45,-2929.0
122.475,-2032.0
122.5,-2679.0
122.525,-3557.0
122.55,-2417.0
122.575,-3105.0
122.6,-3555.0
122.625,-2997.0
122.65,-3719.0
122.675,-4318.0
122.7,-4040.0
122.725,-3708.0
122.75,-3896.0
122.775,-3763.0
122.8,-3343.0
122.825,-3320.0
122.85,-3870.0
122.875,-3082.0
122.9,-2459.0
122.925,-3893.0
122.95,-3596.0
122.975,-2538.0
123.0,-2433.0
123.025,-2174.0
123.05,-2769.0
123.075,-2903.0
123.1,-2019.0
123.125,-2495.0
123.15,-2454.0
123.175,-1554.0
123.2,-1735.0
123.225,-1699.0
123.25,-2111.0
123.275,-1912.0
123.3,-927.0
123.325,-1236.0
123.35,-633.0
123.375,-555.0
123.4,-1680.0
123.425,-192.0
123.45,-37.0
123.475,-1623.0
123.5,-286.0
123.525,-162.0
123.55,-805.0
123.575,-290.0
123.6,-277.0
123.625,747.0
123.65,562.0
123.675,131.0
123.7,637.0
123.725,471.0
123.75,1093.0
123.775,1042.0
123.8,2029.0
123.825,2709.0
123.85,172.0
123.875,771.0
123.9,2594.0
123.925,2660.0
123.95,3253.0
123.975,1767.0
124.0,1921.0
124.025,4422.0
124.05,3311.0
124.075,2915.0
124.1,3813.0
124.125,3221.0
124.15,4549.0
124.175,4741.0
124.2,3741.0
124.225,4312.0
124.25,4346.0
124.275,4682.0
124.3,4600.0
124.325,4372.0
124.35,4909.0
124.375,4302.0
124.4,4958.0
124.425,5830.0
124.45,4647.0
124.475,3940.0
124.5,5032.0
124.525,6609.0
124.55,4823.0
124.575,4422.0
124.6,6512.0
124.625,4932.0
124.65,4729.0
124.675,6086.0
124.7,5841.0
124.725,5945.0
124.75,6175.0
124.775,6366.0
124.8,5620.0
124.825,6059.0
124.85,7033.0
124.875,5411.0
124.9,5731.0
124.925,6748.0
124.95,4696.0
124.975,4540.0
125.0,6243.0
125.025,6779.0
125.05,5254.0
125.075,4176.0
125.1,6542.0
125.125,6070.0
125.15,4698.0
125.175,6425.0
125.2,5635.0
125.225,5619.0
125.25,6663.0
125.275,5002.0
125.3,4608.0
125.325,5725.0
125.35,6212.0
125.375,5239.0
125.4,4441.0
125.425,5084.0
125.45,4851.0
125.475,5200.0
125.5,5119.0
125.525,4005.0
125.55,4941.0
125.575,4800.0
125.6,4017.0
125.625,4550.0
125.65,4664.0
125.675,4915.0
125.7,4672.0
125.725,4070.0
125.75,3855.0
125.775,4090.0
125.8,4777.0
125.825,4188.0
125.85,3793.0
125.875,4254.0
125.9,2865.0
125.925,2889.0
125.95,4539.0
125.975,2959.0
126.0,1780.0
126.025,2733.0
126.05,2007.0
126.075,1524.0
126.1,2091.0
126.125,1842.0
126.15,855.0
126.175,467.0
126.2,1497.0
126.225,1573.0
126.25,580.0
126.275,777.0
126.3,1268.0
126.325,338.0
126.35,506.0
126.375,1489.0
126.4,742.0
126.425,137.0
126.45,-14.0
126.475,257.0
126.5,25.0
126.525,-91.0
126.55,1111.0
126.575,740.0
126.6,-901.0
126.625,-492.0
126.65,1874.0
126.675,1119.0
126.7,-1401.0
126.725,-83.0
126.75,1577.0
126.775,279.0
126.8,-612.0
126.825,583.0
126.85,357.0
126.875,-462.0
126.9,773.0
126.925,558.0
126.95,-83.0
126.975,90.0
127.0,88.0
127.025,982.0
127.05,374.0
127.075,-286.0
127.1,644.0
127.125,617.0
127.15,259.0
127.175,313.0
127.2,340.0
127.225,230.0
127.25,97.0
127.275,524.0
127.3,1419.0
127.325,1276.0
127.35,474.0
127.375,966.0
127.4,1326.0
127.425,1420.0
127.45,1678.0
127.475,517.0
127.5,904.0
127.525,2100.0
127.55,627.0
127.575,1134.0
127.6,1881.0
127.625,-41.0
127.65,1238.0
127.675,2398.0
127.7,706.0
127.725,271.0
127.75,903.0
127.775,2090.0
127.8,1585.0
127.825,706.0
127.85,2167.0
127.875,1588.0
127.9,56.0
127.925,2429.0
127.95,2837.0
127.975,193.0
128.0,1988.0
128.025,2824.0
128.05,1108.0
128.075,2787.0
128.1,2765.0
128.125,-103.0
128.15,1369.0
128.175,3793.0
128.2,1087.0
128.225,1184.0
128.25,2428.0
128.275,356.0
128.3,2490.0
128.325,2811.0
128.35,563.0
128.375,1760.0
128.4,1682.0
128.425,2619.0
128.45,1936.0
128.475,-112.0
128.5,2863.0
128.525,2475.0
128.55,472.0
128.575,1539.0
128.6,2013.0
128.625,2387.0
128.65,1427.0
128.675,1164.0
128.7,1575.0
128.725,2084.0
128.75,3030.0
128.775,1884.0
128.8,1801.0
128.825,2057.0
128.85,916.0
128.875,1880.0
128.9,2794.0
128.925,2240.0
128.95,2269.0
128.975,1310.0
129.0,1458.0
129.025,3592.0
129.05,2389.0
129.075,1257.0
129.1,2777.0
129.125,2461.0
129.15,1875.0
129.175,1679.0
129.2,1087.0
129.225,1877.0
129.25,2571.0
129.275,1230.0
129.3,965.0
129.325,2541.0
129.35,2082.0
129.375,2058.0
129.4,2147.0
129.425,1618.0
129.45,3094.0
129.475,2498.0
129.5,1974.0
129.525,3007.0
129.55,2379.0
129.575,2523.0
129.6,3225.0
129.625,2636.0
129.65,2065.0
129.675,2777.0
129.7,3616.0
129.725,2554.0
129.75,1668.0
129.775,3206.0
129.8,4103.0
129.825,3813.0
129.85,2817.0
129.875,2239.0
129.9,3549.0
129.925,4089.0
129.95,4350.0
129.975,3338.0
130.0,2163.0
130.025,3196.0
130.05,3141.0
130.075,3942.0
130.1,4464.0
130.125,1799.0
130.15,2481.0
130.175,4957.0
130.2,2984.0
130.225,2310.0
130.25,3464.0
130.275,2894.0
130.3,3634.0
130.325,3550.0
130.35,2318.0
130.375,2377.0
130.4,2812.0
130.425,3014.0
130.45,2161.0
130.475,2088.0
130.5,1658.0
130.525,1150.0
130.55,2611.0
130.575,2175.0
130.6,264.0
130.625,376.0
130.65,2484.0
130.675,1850.0
130.7,-40.0
130.725,1171.0
130.75,1758.0
130.775,1120.0
130.8,1221.0
130.825,1524.0
130.85,394.0
130.875,198.0
130.9,1633.0
130.925,1423.0
130.95,-274.0
130.975,-650.0
131.0,863.0
131.025,1250.0
131.05,441.0
131.075,-732.0
131.1,-43.0
131.125,851.0
131.15,73.0
131.175,-144.0
131.2,-57.0
131.225,532.0
131.25,82.0
131.275,170.0
131.3,26.0
131.325,11.0
131.35,1300.0
131.375,725.0
131.4,449.0
131.425,-374.0
131.45,1161.0
131.475,2747.0
131.5,43.0
131.525,731.0
131.55,1209.0
131.575,611.0
131.6,2033.0
131.625,552.0
131.65,394.0
131.675,2149.0
131.7,1672.0
131.725,1528.0
131.75,2025.0
131.775,2126.0
131.8,1924.0
131.825,2463.0
131.85,2592.0
131.875,1849.0
131.9,2686.0
131.925,2792.0
131.95,2272.0
131.975,2632.0
132.0,2546.0
132.025,2562.0
132.05,2490.0
132.075,3335.0
132.1,3599.0
132.125,2474.0
132.15,3348.0
132.175,3964.0
132.2,3804.0
132.225,4538.0
132.25,4403.0
132.275,4488.0
132.3,4761.0
132.325,4201.0
132.35,4552.0
132.375,5110.0
132.4,4502.0
132.425,4835.0
132.45,5566.0
132.475,4863.0
132.5,4887.0
132.525,5098.0
132.55,5097.0
132.575,5633.0
132.6,5049.0
132.625,4368.0
132.65,5078.0
132.675,6214.0
132.7,5340.0
132.725,4575.0
132.75,6116.0
132.775,5665.0
132.8,4271.0
132.825,5382.0
132.85,5971.0
132.875,4801.0
132.9,5213.0
132.925,6216.0
132.95,5405.0
132.975,4835.0
133.0,5173.0
133.025,6128.0
133.05,6116.0
133.075,5009.0
133.1,4955.0
133.125,4958.0
133.15,6208.0
133.175,6286.0
133.2,3447.0
133.225,4606.0
133.25,6565.0
133.275,5090.0
133.3,5197.0
133.325,5241.0
133.35,3860.0
133.375,4294.0
133.4,5642.0
133.425,5016.0
133.45,3632.0
133.475,4067.0
133.5,4038.0
133.525,3759.0
133.55,4564.0
133.575,3700.0
133.6,2996.0
133.625,4018.0
133.65,3483.0
133.675,2683.0
133.7,3962.0
133.725,3429.0
133.75,2248.0
133.775,3436.0
133.8,3246.0
133.825,2644.0
133.85,3400.0
133.875,3536.0
133.9,2845.0
133.925,2117.0
133.95,2056.0
133.975,2458.0
134.0,2483.0
134.025,1602.0
134.05,832.0
134.075,1033.0
134.1,1275.0
134.125,999.0
134.15,723.0
134.175,644.0
134.2,176.0
134.225,-144.0
134.25,531.0
134.275,799.0
134.3,-20.0
134.325,-557.0
134.35,35.0
134.375,-56.0
134.4,-785.0
134.425,-108.0
134.45,-13.0
134.475,-1417.0
134.5,-1882.0
134.525,-823.0
134.55,-551.0
134.575,-1459.0
134.6,-1871.0
134.625,-1821.0
134.65,-1745.0
134.675,-1150.0
134.7,-1471.0
134.725,-2386.0
134.75,-1489.0
134.775,-1711.0
134.8,-2099.0
134.825,-1177.0
134.85,-2475.0
134.875,-2716.0
134.9,-1300.0
134.925,-2030.0
134.95,-2574.0
134.975,-2751.0
135.0,-2687.0
135.025,-1922.0
135.05,-3171.0
135.075,-3415.0
135.1,-2464.0
135.125,-3196.0
135.15,-2578.0
135.175,-1788.0
135.2,-2773.0
135.225,-2664.0
135.25,-1797.0
135.275,-1447.0
135.3,-2029.0
135.325,-2742.0
135.35,-1375.0
135.375,-760.0
135.4,-1523.0
135.425,-2312.0
135.45,-2509.0
135.475,-926.0
135.5,-747.0
135.525,-1481.0
135.55,-1576.0
135.575,-2040.0
135.6,-1039.0
135.625,-604.0
135.65,-2169.0
135.675,-599.0
135.7,856.0
135.725,-1038.0
135.75,-1054.0
135.775,118.0
135.8,683.0
135.825,303.0
135.85,223.0
135.875,1160.0
135.9,454.0
135.925,248.0
135.95,1587.0
135.975,1381.0
136.0,550.0
136.025,1231.0
136.05,1465.0
136.075,979.0
136.1,1668.0
136.125,2025.0
136.15,1910.0
136.175,2243.0
136.2,1510.0
136.225,1769.0
136.25,2725.0
136.275,1784.0
136.3,2562.0
136.325,3310.0
136.35,2516.0
136.375,3102.0
136.4,3065.0
136.425,3139.0
136.45,3531.0
136.475,3303.0
136.5,3126.0
136.525,3201.0
136.55,3714.0
136.575,3088.0
136.6,3637.0
136.625,4381.0
136.65,3228.0
136.675,3767.0
136.7,4434.0
136.725,4613.0
136.75,4455.0
136.775,4183.0
136.8,5116.0
136.825,4701.0
136.85,4672.0
136.875,5114.0
136.9,4772.0
136.925,5056.0
136.95,5048.0
136.975,4786.0
137.0,4871.0
137.025,5158.0
137.05,4626.0
137.075,4617.0
137.1,5511.0
137.125,5327.0
137.15,5136.0
137.175,5591.0
137.2,5872.0
137.225,5571.0
137.25,5913.0
137.275,6337.0
137.3,5740.0
137.325,6360.0
137.35,6289.0
137.375,5459.0
137.4,6263.0
137.425,5727.0
137.45,5118.0
137.475,6146.0
137.5,6338.0
137.525,5696.0
137.55,5029.0
137.575,5657.0
137.6,6893.0
137.625,5972.0
137.65,5659.0
137.675,6720.0
137.7,6285.0
137.725,6595.0
137.75,6685.0
137.775,5777.0
137.8,6079.0
137.825,6446.0
137.85,6763.0
137.875,6102.0
137.9,5168.0
137.925,5653.0
137.95,5733.0
137.975,5574.0
138.0,5078.0
138.025,4596.0
138.05,4816.0
138.075,3966.0
138.1,4314.0
138.125,4972.0
138.15,3547.0
138.175,3185.0
138.2,3510.0
138.225,3707.0
138.25,3901.0
138.275,3275.0
138.3,3242.0
138.325,3702.0
138.35,3511.0
138.375,3393.0
138.4,3231.0
138.425,2794.0
138.45,3142.0
138.475,3348.0
138.5,2104.0
138.525,2024.0
138.55,3358.0
138.575,2462.0
138.6,1524.0
138.625,2371.0
138.65,2246.0
138.675,1485.0
138.7,1751.0
138.725,2569.0
138.75,2041.0
138.775,1152.0
138.8,1197.0
138.825,1488.0
138.85,1988.0
138.875,1835.0
138.9,649.0
138.925,362.0
138.95,1561.0
138.975,1170.0
139.0,-694.0
139.025,-837.0
139.05,435.0
139.075,-107.0
139.1,-989.0
139.125,-403.0
139.15,-1183.0
139.175,-1220.0
139.2,-283.0
139.225,-504.0
139.25,-1028.0
139.275,-1591.0
139.3,-933.0
139.325,-1081.0
139.35,-1962.0
139.375,-1176.0
139.4,-1851.0
139.425,-2469.0
139.45,-1175.0
139.475,-1489.0
139.5,-2933.0
139.525,-2719.0
139.55,-1383.0
139.575,-1997.0
139.6,-2723.0
139.625,-2145.0
139.65,-1719.0
139.675,-2374.0
139.7,-3434.0
139.725,-1529.0
139.75,-1015.0
139.775,-1954.0
139.8,-1175.0
139.825,-1562.0
139.85,-504.0
139.875,-302.0
139.9,-1575.0
139.925,-269.0
139.95,-430.0
139.975,-1328.0
140.0,-540.0
140.025,-627.0
140.05,-1253.0
140.075,-486.0
140.1,-641.0
140.125,-2056.0
140.15,-588.0
140.175,151.0
140.2,-1405.0
140.225,-1094.0
140.25,46.0
140.275,613.0
140.3,-689.0
140.325,-1171.0
140.35,1181.0
140.375,1043.0
140.4,-695.0
140.425,-238.0
140.45,1028.0
140.475,1071.0
140.5,672.0
140.525,1195.0
140.55,936.0
140.575,1106.0
140.6,1428.0
140.625,586.0
140.65,2179.0
140.675,2823.0
140.7,861.0
140.725,1727.0
140.75,2601.0
140.775,1915.0
140.8,2632.0
140.825,3047.0
140.85,2772.0
140.875,2713.0
140.9,2857.0
140.925,3568.0
140.95,3738.0
140.975,3026.0
141.0,3187.0
141.025,4007.0
141.05,3619.0
141.075,3366.0
141.1,3715.0
141.125,3764.0
141.15,4396.0
141.175,4158.0
141.2,3681.0
141.225,4678.0
141.25,5034.0
141.275,4191.0
141.3,4256.0
141.325,4821.0
141.35,4827.0
141.375,5332.0
141.4,5089.0
141.425,4521.0
141.45,5802.0
141.475,6636.0
141.5,5046.0
141.525,4916.0
141.55,6394.0
141.575,6484.0
141.6,5999.0
141.625,5106.0
141.65,5741.0
141.675,6842.0
141.7,6002.0
141.725,5436.0
141.75,6138.0
141.775,5923.0
141.8,6073.0
141.825,7422.0
141.85,5233.0
141.875,4545.0
141.9,7309.0
141.925,6022.0
141.95,5021.0
141.975,6038.0
142.0,5429.0
142.025,5847.0
142.05,5686.0
142.075,4723.0
142.1,4904.0
142.125,5055.0
142.15,5527.0
142.175,4833.0
142.2,3748.0
142.225,4479.0
142.25,5080.0
142.275,4329.0
142.3,3525.0
142.325,3847.0
142.35,4076.0
142.375,3669.0
142.4,3830.0
142.425,3447.0
142.45,2887.0
142.475,3306.0
142.5,3621.0
142.525,3052.0
142.55,2482.0
142.575,3397.0
142.6,3273.0
142.625,2496.0
142.65,2807.0
142.675,2128.0
142.7,1865.0
142.725,2201.0
142.75,1961.0
142.775,2129.0
142.8,1727.0
142.825,1039.0
142.85,1858.0
142.875,1715.0
142.9,755.0
142.925,984.0
142.95,579.0
142.975,1101.0
143.0,1643.0
143.025,-24.0
143.05,-51.0
143.075,595.0
143.1,-136.0
143.125,492.0
143.15,279.0
143.175,-1035.0
143.2,-418.0
143.225,-44.0
143.25,-507.0
143.275,-1094.0
143.3,-1217.0
143.325,-494.0
143.35,-935.0
143.375,-1300.0
143.4,-721.0
143.425,-1145.0
143.45,-1081.0
143.475,-501.0
143.5,-1002.0
143.525,-984.0
143.55,-1012.0
143.575,-910.0
143.6,-185.0
143.625,-1008.0
143.65,-1505.0
143.675,-733.0
143.7,-754.0
143.725,-1085.0
143.75,-1151.0
143.775,-1109.0
143.8,-592.0
143.825,-546.0
143.85,-1285.0
143.875,-999.0
143.9,-83.0
143.925,-92.0
143.95,-806.0
143.975,-485.0
144.0,538.0
144.025,38.0
144.05,329.0
144.075,1414.0
144.1,733.0
144.125,820.0
144.15,1500.0
144.175,1554.0
144.2,1665.0
144.225,1382.0
144.25,2046.0
144.275,2603.0
144.3,1935.0
144.325,1795.0
144.35,2181.0
144.375,2492.0
144.4,2007.0
144.425,2168.0
144.45,3386.0
144.475,3149.0
144.5,2650.0
144.525,2858.0
144.55,3066.0
144.575,3294.0
144.6,3461.0
144.625,3516.0
144.65,2960.0
144.675,3251.0
144.7,3767.0
144.725,3486.0
144.75,3930.0
144.775,3901.0
144.8,3863.0
144.825,4297.0
144.85,4126.0
144.875,4779.0
144.9,4810.0
144.925,3648.0
144.95,4404.0
144.975,5299.0
145.0,4146.0
145.025,3767.0
145.05,4896.0
145.075,4562.0
145.1,3958.0
145.125,4828.0
145.15,4042.0
145.175,3181.0
145.2,4149.0
145.225,4282.0
145.25,3581.0
145.275,3237.0
145.3,3598.0
145.325,4007.0
145.35,3886.0
145.375,3314.0
145.4,3187.0
145.425,3679.0
145.45,3701.0
145.475,3557.0
145.5,3100.0
145.525,2496.0
145.55,2583.0
145.575,3059.0
145.6,2787.0
145.625,1791.0
145.65,1676.0
145.675,1685.0
145.7,1577.0
145.725,1761.0
145.75,970.0
145.775,635.0
145.8,755.0
145.825,463.0
145.85,777.0
145.875,330.0
145.9,-320.0
145.925,452.0
145.95,1098.0
145.975,7.0
146.0,-741.0
146.025,603.0
146.05,703.0
146.075,-382.0
146.1,-421.0
146.125,-17.0
146.15,116.0
146.175,-942.0
146.2,-899.0
146.225,-199.0
146.25,-1575.0
146.275,-1903.0
146.3,-875.0
146.325,-1326.0
146.35,-1873.0
146.375,-1632.0
146.4,-1726.0
146.425,-1546.0
146.45,-1324.0
146.475,-1760.0
146.5,-1723.0
146.525,-1579.0
146.55,-1977.0
146.575,-1911.0
146.6,-1935.0
146.625,-2120.0
146.65,-1942.0
146.675,-2035.0
146.7,-1767.0
146.725,-1553.0
146.75,-1807.0
146.775,-2040.0
146.8,-1530.0
146.825,-564.0
146.85,-1471.0
146.875,-1645.0
146.9,-269.0
146.925,-750.0
146.95,-1281.0
146.975,-762.0
147.0,-382.0
147.025,-444.0
147.05,-471.0
147.075,447.0
147.1,517.0
147.125,16.0
147.15,806.0
147.175,1082.0
147.2,980.0
147.225,1311.0
147.25,1626.0
147.275,1835.0
147.3,1488.0
147.325,1755.0
147.35,2041.0
147.375,1966.0
147.4,2381.0
147.425,2264.0
147.45,2407.0
147.475,3228.0
147.5,3235.0
147.525,2788.0
147.55,3309.0
147.575,4332.0
147.6,4381.0
147.625,4158.0
147.65,4369.0
147.675,4492.0
147.7,5043.0
147.725,4989.0
147.75,4770.0
147.775,5707.0
147.8,5424.0
147.825,5034.0
147.85,5873.0
147.875,5895.0
147.9,5319.0
147.925,5120.0
147.95,5594.0
147.975,5860.0
148.0,5855.0
148.025,6226.0
148.05,6302.0
148.075,6193.0
148.1,6140.0
148.125,6369.0
148.15,6793.0
148.175,7056.0
148.2,7016.0
148.225,6269.0
148.25,6584.0
148.275,7430.0
148.3,7029.0
148.325,6843.0
148.35,7199.0
148.375,7696.0
148.4,7083.0
148.425,6711.0
148.45,8072.0
148.475,7947.0
148.5,6700.0
148.525,7211.0
148.55,7930.0
148.575,7306.0
148.6,6886.0
148.625,7035.0
148.65,7624.0
148.675,7512.0
148.7,6742.0
148.725,7277.0
148.75,7975.0
148.775,7167.0
148.8,6389.0
148.825,7775.0
148.85,8335.0
148.875,7252.0
148.9,6793.0
148.925,6789.0
148.95,7473.0
148.975,6961.0
149.0,6124.0
149.025,6841.0
149.05,7044.0
149.075,6270.0
149.1,5675.0
149.125,6321.0
149.15,6336.0
149.175,5463.0
149.2,5712.0
149.225,5857.0
149.25,5160.0
149.275,4601.0
149.3,5365.0
149.325,5178.0
149.35,4149.0
149.375,4483.0
149.4,4473.0
149.425,4232.0
149.45,3543.0
149.475,3164.0
149.5,3492.0
149.525,3135.0
149.55,2927.0
149.575,2629.0
149.6,2465.0
149.625,2691.0
149.65,2712.0
149.675,2372.0
149.7,1486.0
149.725,1819.0
149.75,2359.0
149.775,1486.0
149.8,1244.0
149.825,1033.0
149.85,411.0
149.875,497.0
149.9,930.0
149.925,467.0
149.95,-765.0
149.975,-842.0
150.0,18.0
150.025,-16.0
150.05,-1275.0
150.075,-1397.0
150.1,-571.0
150.125,-1064.0
150.15,-1528.0
150.175,-1079.0
150.2,-1112.0
150.225,-1597.0
150.25,-1880.0
150.275,-2020.0
150.3,-2143.0
150.325,-2670.0
150.35,-2088.0
150.375,-2200.0
150.4,-3725.0
150.425,-2383.0
150.45,-1860.0
150.475,-3349.0
150.5,-3088.0
150.525,-2425.0
150.55,-2492.0
150.575,-3311.0
150.6,-2913.0
150.625,-2335.0
150.65,-2761.0
150.675,-3135.0
150.7,-3686.0
150.725,-2342.0
150.75,-2072.0
150.775,-3244.0
150.8,-2722.0
150.825,-2565.0
150.85,-2549.0
150.875,-2868.0
150.9,-2936.0
150.925,-2323.0
150.95,-2644.0
150.975,-2474.0
151.0,-1826.0
151.025,-2032.0
151.05,-2107.0
151.075,-2042.0
151.1,-1996.0
151.125,-1505.0
151.15,-2109.0
151.175,-2041.0
151.2,-1188.0
151.225,-1558.0
151.25,-944.0
151.275,-1269.0
151.3,-2020.0
151.325,-1225.0
151.35,-1061.0
151.375,-625.0
151.4,-960.0
151.425,-1647.0
151.45,-596.0
151.475,-416.0
151.5,-1249.0
151.525,-1054.0
151.55,-139.0
151.575,-139.0
151.6,-1031.0
151.625,-591.0
151.65,407.0
151.675,67.0
151.7,-420.0
151.725,502.0
151.75,987.0
151.775,190.0
151.8,560.0
151.825,1003.0
151.85,744.0
151.875,989.0
151.9,1643.0
151.925,1829.0
151.95,831.0
151.975,974.0
152.0,1976.0
152.025,1845.0
152.05,2025.0
152.075,2385.0
152.1,2310.0
152.125,2309.0
152.15,1978.0
152.175,1815.0
152.2,1853.0
152.225,2348.0
152.25,3211.0
152.275,2406.0
152.3,1656.0
152.325,1899.0
152.35,2144.0
152.375,2993.0
152.4,2152.0
152.425,1219.0
152.45,2692.0
152.475,3516.0
152.5,3506.0
152.525,2968.0
152.55,2425.0
152.575,3145.0
152.6,3587.0
152.625,3465.0
152.65,3035.0
152.675,3318.0
152.7,3750.0
152.725,2938.0
152.75,2919.0
152.775,2703.0
152.8,2471.0
152.825,3150.0
152.85,2285.0
152.875,2447.0
152.9,2985.0
152.925,1951.0
152.95,2804.0
152.975,3420.0
153.0,2919.0
153.025,3261.0
153.05,3597.0
153.075,3678.0
153.1,3794.0
153.125,4267.0
153.15,4056.0
153.175,3754.0
153.2,4162.0
153.225,4029.0
153.25,2848.0
153.275,2516.0
153.3,3774.0
153.325,3833.0
153.35,3139.0
153.375,3314.0
153.4,3751.0
153.425,3443.0
153.45,3429.0
153.475,4224.0
153.5,3620.0
153.525,3042.0
153.55,4066.0
153.575,4285.0
153.6,3538.0
153.625,3910.0
153.65,4181.0
153.675,3753.0
153.7,3698.0
153.725,4000.0
153.75,4377.0
153.775,3760.0
153.8,3376.0
153.825,4168.0
153.85,4007.0
153.875,3902.0
153.9,4683.0
153.925,4407.0
153.95,4349.0
153.975,4858.0
154.0,4583.0
154.025,4332.0
154.05,4643.0
154.075,4994.0
154.1,5183.0
154.125,5104.0
154.15,4463.0
154.175,4130.0
154.2,4532.0
154.225,4679.0
154.25,4057.0
154.275,3407.0
154.3,3663.0
154.325,4230.0
154.35,4103.0
154.375,3901.0
154.4,3514.0
154.425,3874.0
154.45,4944.0
154.475,3710.0
154.5,2918.0
154.525,3695.0
154.55,4094.0
154.575,4523.0
154.6,3498.0
154.625,3207.0
154.65,4608.0
154.675,4604.0
154.7,3398.0
154.725,2964.0
154.75,3966.0
154.775,4100.0
154.8,2906.0
154.825,2828.0
154.85,3267.0
154.875,2771.0
154.9,2687.0
154.925,3229.0
154.95,2766.0
154.975,2196.0
155.0,2779.0
155.025,3002.0
155.05,2486.0
155.075,2661.0
155.1,2954.0
155.125,2439.0
155.15,2638.0
155.175,3590.0
155.2,3051.0
155.225,2843.0
155.25,3849.0
155.275,3379.0
155.3,3039.0
155.325,3184.0
155.35,2592.0
155.375,2560.0
155.4,2127.0
155.425,2253.0
155.45,2574.0
155.475,1803.0
155.5,1940.0
155.525,2455.0
155.55,3056.0
155.575,2287.0
155.6,1000.0
155.625,1933.0
155.65,2664.0
155.675,1818.0
155.7,1325.0
155.725,1827.0
155.75,2143.0
155.775,2245.0
155.8,2015.0
155.825,1936.0
155.85,1525.0
155.875,1330.0
155.9,2229.0
155.925,1543.0
155.95,1041.0
155.975,1882.0
156.0,1883.0
156.025,1051.0
156.05,899.0
156.075,1831.0
156.1,1352.0
156.125,585.0
156.15,1353.0
156.175,1442.0
156.2,1227.0
156.225,1422.0
156.25,1288.0
156.275,2027.0
156.3,2042.0
156.325,929.0
156.35,1485.0
156.375,2537.0
156.4,2905.0
156.425,2267.0
156.45,1185.0
156.475,2054.0
156.5,3198.0
156.525,2638.0
156.55,2300.0
156.575,2399.0
156.6,1925.0
156.625,2507.0
156.65,3338.0
156.675,2825.0
156.7,2823.0
156.725,2359.0
156.75,2557.0
156.775,4611.0
156.8,4077.0
156.825,2425.0
156.85,3181.0
156.875,4879.0
156.9,4641.0
156.925,2981.0
156.95,3708.0
156.975,4667.0
157.0,3699.0
157.025,3953.0
157.05,4180.0
157.075,3401.0
157.1,4061.0
157.125,4124.0
157.15,3073.0
157.175,3024.0
157.2,3434.0
157.225,3933.0
157.25,3772.0
157.275,2762.0
157.3,2588.0
157.325,3686.0
157.35,3487.0
157.375,2402.0
157.4,2822.0
157.425,2628.0
157.45,1903.0
157.475,2178.0
157.5,2403.0
157.525,1885.0
157.55,1456.0
157.575,1995.0
157.6,2315.0
157.625,2182.0
157.65,1560.0
157.675,1593.0
157.7,2246.0
157.725,1482.0
157.75,1369.0
157.775,1804.0
157.8,1570.0
157.825,1267.0
157.85,1136.0
157.875,1393.0
157.9,755.0
157.925,-134.0
157.95,-138.0
157.975,125.0
158.0,231.0
158.025,-308.0
158.05,-1084.0
158.075,-833.0
158.1,-551.0
158.125,-805.0
158.15,-727.0
158.175,-809.0
158.2,-1395.0
158.225,-1740.0
158.25,-555.0
158.275,-429.0
158.3,-1875.0
158.325,-1293.0
158.35,-403.0
158.375,-1025.0
158.4,-2064.0
158.425,-2428.0
158.45,-1445.0
158.475,-1529.0
158.5,-2122.0
158.525,-1313.0
158.55,-1990.0
158.575,-2384.0
158.6,-1036.0
158.625,-1418.0
158.65,-2493.0
158.675,-1743.0
158.7,-1368.0
158.725,-2124.0
158.75,-1942.0
158.775,-1960.0
158.8,-1410.0
158.825,-1204.0
158.85,-2571.0
158.875,-2457.0
158.9,-1211.0
158.925,-1178.0
158.95,-2240.0
158.975,-2100.0
159.0,-1241.0
159.025,-1299.0
159.05,-2073.0
159.075,-2349.0
159.1,-1650.0
159.125,-1604.0
159.15,-2154.0
159.175,-2085.0
159.2,-1774.0
159.225,-2037.0
159.25,-2279.0
159.275,-1787.0
159.3,-1629.0
159.325,-2302.0
159.35,-1764.0
159.375,-1531.0
159.4,-2791.0
159.425,-1952.0
159.45,-550.0
159.475,-1250.0
159.5,-2040.0
159.525,-1776.0
159.55,-1343.0
159.575,-727.0
159.6,-646.0
159.625,-1577.0
159.65,-1294.0
159.675,-324.0
159.7,-383.0
159.725,-236.0
159.75,178.0
159.775,-321.0
159.8,-407.0
159.825,288.0
159.85,800.0
159.875,808.0
159.9,526.0
159.925,882.0
159.95,1069.0
159.975,1062.0
160.0,1571.0
160.025,1328.0
160.05,690.0
160.075,1724.0
160.1,2851.0
160.125,2541.0
160.15,2011.0
160.175,2371.0
160.2,3048.0
160.225,2844.0
160.25,3240.0
160.275,3339.0
160.3,3197.0
160.325,4038.0
160.35,3567.0
160.375,3215.0
160.4,4191.0
160.425,4140.0
160.45,4191.0
160.475,5035.0
160.5,4535.0
160.525,4352.0
160.55,5241.0
160.575,5043.0
160.6,5400.0
160.625,5847.0
160.65,4813.0
160.675,5689.0
160.7,6488.0
160.725,5581.0
160.75,6255.0
160.775,6136.0
160.8,5616.0
160.825,6398.0
160.85,6371.0
160.875,6142.0
160.9,6421.0
160.925,6629.0
160.95,6508.0
160.975,7229.0
161.0,7813.0
161.025,6900.0
161.05,6915.0
161.075,7675.0
161.1,7906.0
161.125,7988.0
161.15,7948.0
161.175,8090.0
161.2,8523.0
161.225,8499.0
161.25,8232.0
161.275,8872.0
161.3,8207.0
161.325,7449.0
161.35,8709.0
161.375,8276.0
161.4,7584.0
161.425,7963.0
161.45,7851.0
161.475,7923.0
161.5,7542.0
161.525,7483.0
161.55,8053.0
161.575,7898.0
161.6,7776.0
161.625,7699.0
161.65,7111.0
161.675,7601.0
161.7,7757.0
161.725,6505.0
161.75,6604.0
161.775,7530.0
161.8,6886.0
161.825,5736.0
161.85,6294.0
161.875,6944.0
161.9,6080.0
161.925,5388.0
161.95,5758.0
161.975,6119.0
162.0,5908.0
162.025,5635.0
162.05,5214.0
162.075,4970.0
162.1,5550.0
162.125,5579.0
162.15,4575.0
162.175,4876.0
162.2,5511.0
162.225,4733.0
162.25,4346.0
162.275,4773.0
162.3,5168.0
162.325,4720.0
162.35,3716.0
162.375,3645.0
162.4,4323.0
162.425,4245.0
162.45,2656.0
162.475,2048.0
162.5,3603.0
162.525,3107.0
162.55,1985.0
162.575,2847.0
162.6,2763.0
162.625,2914.0
162.65,2679.0
162.675,2077.0
162.7,2751.0
162.725,2183.0
162.75,2025.0
162.775,2450.0
162.8,1907.0
162.825,1754.0
162.85,1615.0
162.875,1679.0
162.9,1667.0
162.925,1463.0
162.95,1157.0
162.975,351.0
163.0,796.0
163.025,1213.0
163.05,275.0
163.075,134.0
163.1,975.0
163.125,899.0
163.15,208.0
163.175,927.0
163.2,1123.0
163.225,420.0
163.25,771.0
163.275,686.0
163.3,262.0
163.325,268.0
163.35,-40.0
163.375,343.0
163.4,834.0
163.425,197.0
163.45,-257.0
163.475,75.0
163.5,958.0
163.525,850.0
163.55,-152.0
163.575,-486.0
163.6,-300.0
163.625,727.0
163.65,886.0
163.675,-729.0
163.7,-903.0
163.725,393.0
163.75,126.0
163.775,-1035.0
163.8,-1126.0
163.825,-573.0
163.85,-675.0
163.875,-1358.0
163.9,-1261.0
163.925,-1083.0
163.95,-1533.0
163.975,-1392.0
164.0,-1610.0
164.025,-2037.0
164.05,-1344.0
164.075,-1077.0
164.1,-1724.0
164.125,-2112.0
164.15,-1518.0
164.175,-1253.0
164.2,-1781.0
164.225,-1695.0
164.25,-1607.0
164.275,-1943.0
164.3,-2267.0
164.325,-1817.0
164.35,-1579.0
164.375,-2372.0
164.4,-2341.0
164.425,-1625.0
164.45,-1600.0
164.475,-2099.0
164.5,-2084.0
164.525,-2064.0
164.55,-2041.0
164.575,-2019.0
164.6,-2459.0
164.625,-1955.0
164.65,-1336.0
164.675,-1771.0
164.7,-2475.0
164.725,-2008.0
164.75,-525.0
164.775,-928.0
164.8,-2374.0
164.825,-1729.0
164.85,-632.0
164.875,-1022.0
164.9,-1568.0
164.925,-1112.0
164.95,-779.0
164.975,-1928.0
165.0,-2253.0
165.025,-460.0
165.05,-245.0
165.075,-1666.0
165.1,-1288.0
165.125,-462.0
165.15,-574.0
165.175,-974.0
165.2,-918.0
165.225,-496.0
165.25,-188.0
165.275,167.0
165.3,-255.0
165.325,51.0
165.35,384.0
165.375,-231.0
165.4,338.0
165.425,664.0
165.45,318.0
165.475,-287.0
165.5,-518.0
165.525,694.0
165.55,790.0
165.575,76.0
165.6,94.0
165.625,615.0
165.65,1377.0
165.675,1329.0
165.7,1477.0
165.725,1928.0
165.75,1996.0
165.775,2435.0
165.8,2907.0
165.825,2620.0
165.85,2154.0
165.875,1725.0
165.9,2151.0
165.925,3513.0
165.95,3095.0
165.975,1759.0
166.0,1488.0
166.025,2287.0
166.05,3041.0
166.075,3099.0
166.1,2807.0
166.125,1963.0
166.15,2408.0
166.175,3193.0
166.2,3243.0
166.225,3789.0
166.25,3579.0
166.275,3366.0
166.3,3925.0
166.325,4104.0
166.35,3798.0
166.375,3125.0
166.4,3293.0
166.425,3623.0
166.45,2802.0
166.475,2830.0
166.5,3492.0
166.525,2922.0
166.55,1874.0
166.575,2262.0
166.6,3120.0
166.625,2798.0
166.65,2787.0
166.675,3136.0
166.7,2729.0
166.725,2752.0
166.75,3920.0
166.775,3727.0
166.8,2763.0
166.825,3136.0
166.85,3419.0
166.875,3474.0
166.9,2749.0
166.925,2016.0
166.95,2781.0
166.975,3035.0
167.0,2134.0
167.025,1889.0
167.05,2091.0
167.075,1956.0
167.1,2154.0
167.125,2050.0
167.15,1314.0
167.175,1193.0
167.2,2150.0
167.225,2693.0
167.25,2090.0
167.275,993.0
167.3,1449.0
167.325,3143.0
167.35,2558.0
167.375,1332.0
167.4,1570.0
167.425,2870.0
167.45,3305.0
167.475,1094.0
167.5,925.0
167.525,3253.0
167.55,3271.0
167.575,2155.0
167.6,2169.0
167.625,2907.0
167.65,2783.0
167.675,3148.0
167.7,4200.0
167.725,3349.0
167.75,2980.0
167.775,3727.0
167.8,4107.0
167.825,4671.0
167.85,4901.0
167.875,3915.0
167.9,3563.0
167.925,4928.0
167.95,5490.0
167.975,5067.0
168.0,4366.0
168.025,4047.0
168.05,5208.0
168.075,5816.0
168.1,5036.0
168.125,4853.0
168.15,5639.0
168.175,6748.0
168.2,6657.0
168.225,6275.0
168.25,7036.0
168.275,7147.0
168.3,7772.0
168.325,8328.0
168.35,7297.0
168.375,6656.0
168.4,7794.0
168.425,9000.0
168.45,7226.0
168.475,6183.0
168.5,7842.0
168.525,8069.0
168.55,7127.0
168.575,7071.0
168.6,7380.0
168.625,7453.0
168.65,7957.0
168.675,8444.0
168.7,7705.0
168.725,7828.0
168.75,8641.0
168.775,8069.0
168.8,8115.0
168.825,8244.0
168.85,8144.0
168.875,8328.0
168.9,8330.0
168.925,8873.0
168.95,8357.0
168.975,7650.0
169.0,7885.0
169.025,7452.0
169.05,7448.0
169.075,7433.0
169.1,6912.0
169.125,7176.0
169.15,6532.0
169.175,6148.0
169.2,6613.0
169.225,6931.0
169.25,6904.0
169.275,5830.0
169.3,6164.0
169.325,6594.0
169.35,6033.0
169.375,5769.0
169.4,5582.0
169.425,6095.0
169.45,5634.0
169.475,4823.0
169.5,4909.0
169.525,4879.0
169.55,5185.0
169.575,4573.0
169.6,3855.0
169.625,4324.0
169.65,4069.0
169.675,3463.0
169.7,3158.0
169.725,3495.0
169.75,3430.0
169.775,2315.0
169.8,2044.0
169.825,2347.0
169.85,2521.0
169.875,1960.0
169.9,1229.0
169.925,1650.0
169.95,2082.0
169.975,1221.0
170.0,629.0
170.025,1025.0
170.05,967.0
170.075,781.0
170.1,364.0
170.125,75.0
170.15,281.0
170.175,-117.0
170.2,-572.0
170.225,-866.0
170.25,-844.0
170.275,-714.0
170.3,-1867.0
170.325,-2145.0
170.35,-1840.0
170.375,-2285.0
170.4,-1904.0
170.425,-2490.0
170.45,-3268.0
170.475,-2905.0
170.5,-2879.0
170.525,-3162.0
170.55,-3547.0
170.575,-3342.0
170.6,-3215.0
170.625,-3981.0
170.65,-4095.0
170.675,-4176.0
170.7,-4618.0
170.725,-4127.0
170.75,-4392.0
170.775,-5410.0
170.8,-5213.0
170.825,-4815.0
170.85,-5588.0
170.875,-5986.0
170.9,-5610.0
170.925,-6132.0
170.95,-6217.0
170.975,-5893.0
171.0,-6331.0
171.025,-6398.0
171.05,-6621.0
171.075,-6421.0
171.1,-6083.0
171.125,-6851.0
171.15,-6804.0
171.175,-6469.0
171.2,-6588.0
171.225,-6351.0
171.25,-5695.0
171.275,-5532.0
171.3,-6772.0
171.325,-6844.0
171.35,-5602.0
171.375,-5020.0
171.4,-4623.0
171.425,-5289.0
171.45,-6380.0
171.475,-5765.0
171.5,-4735.0
171.525,-4656.0
171.55,-4628.0
171.575,-4855.0
171.6,-5221.0
171.625,-4339.0
171.65,-3720.0
171.675,-3541.0
171.7,-3323.0
171.725,-4136.0
171.75,-3343.0
171.775,-1556.0
171.8,-1973.0
171.825,-2486.0
171.85,-2064.0
171.875,-1069.0
171.9,-821.0
171.925,-2131.0
171.95,-1253.0
171.975,-117.0
172.0,-964.0
172.025,-758.0
172.05,-215.0
172.075,-40.0
172.1,366.0
172.125,557.0
172.15,812.0
172.175,1609.0
172.2,1438.0
172.225,722.0
172.25,1662.0
172.275,2548.0
172.3,2453.0
172.325,1554.0
172.35,1527.0
172.375,3269.0
172.4,3344.0
172.425,3044.0
172.45,3113.0
172.475,3145.0
172.5,4528.0
172.525,4573.0
172.55,4156.0
172.575,4679.0
172.6,4060.0
172.625,3798.0
172.65,5141.0
172.675,5228.0
172.7,4379.0
172.725,4211.0
172.75,3856.0
172.775,4207.0
172.8,4756.0
172.825,4514.0
172.85,4191.0
172.875,4820.0
172.9,5270.0
172.925,5326.0
172.95,6703.0
172.975,6160.0
173.0,5331.0
173.025,6808.0
173.05,6342.0
173.075,6310.0
173.1,6687.0
173.125,5612.0
173.15,6715.0
173.175,6555.0
173.2,5545.0
173.225,6714.0
173.25,6378.0
173.275,5490.0
173.3,6228.0
173.325,6889.0
173.35,6192.0
173.375,6128.0
173.4,7095.0
173.425,7327.0
173.45,6562.0
173.475,6020.0
173.5,7469.0
173.525,8029.0
173.55,6702.0
173.575,6460.0
173.6,7231.0
173.625,7898.0
173.65,7699.0
173.675,6356.0
173.7,5974.0
173.725,7259.0
173.75,7662.0
173.775,7228.0
173.8,6442.0
173.825,5832.0
173.85,7132.0
173.875,8141.0
173.9,7082.0
173.925,6364.0
173.95,7037.0
173.975,8020.0
174.0,7535.0
174.025,6463.0
174.05,7222.0
174.075,7474.0
174.1,6792.0
174.125,6943.0
174.15,6461.0
174.175,5993.0
174.2,6184.0
174.225,5712.0
174.25,6023.0
174.275,6194.0
174.3,5121.0
174.325,5179.0
174.35,5812.0
174.375,5443.0
174.4,4564.0
174.425,4488.0
174.45,4589.0
174.475,4354.0
174.5,4356.0
174.525,4366.0
174.55,4359.0
174.575,4128.0
174.6,3973.0
174.625,4092.0
174.65,3651.0
174.675,3404.0
174.7,3770.0
174.725,3572.0
174.75,2890.0
174.775,2108.0
174.8,2284.0
174.825,2832.0
174.85,2514.0
174.875,1694.0
174.9,1989.0
174.925,3030.0
174.95,2506.0
174.975,1960.0
175.0,2066.0
175.025,2720.0
175.05,3085.0
175.075,2632.0
175.1,1839.0
175.125,1315.0
175.15,2376.0
175.175,2054.0
175.2,852.0
175.225,1232.0
175.25,1987.0
175.275,2219.0
175.3,1602.0
175.325,1324.0
175.35,1651.0
175.375,1986.0
175.4,1573.0
175.425,722.0
175.45,1403.0
175.475,2360.0
175.5,1644.0
175.525,615.0
175.55,763.0
175.575,1193.0
175.6,990.0
175.625,1011.0
175.65,722.0
175.675,913.0
175.7,1703.0
175.725,702.0
175.75,422.0
175.775,1190.0
175.8,1342.0
175.825,2017.0
175.85,1615.0
175.875,447.0
175.9,1050.0
175.925,2307.0
175.95,1889.0
175.975,1189.0
176.0,1352.0
176.025,1262.0
176.05,1896.0
176.075,2351.0
176.1,1230.0
176.125,1028.0
176.15,2096.0
176.175,1814.0
176.2,783.0
176.225,1173.0
176.25,1574.0
176.275,1275.0
176.3,1649.0
176.325,1588.0
176.35,800.0
176.375,881.0
176.4,1233.0
176.425,1216.0
176.45,1116.0
176.475,903.0
176.5,967.0
176.525,682.0
176.55,540.0
176.575,1001.0
176.6,571.0
176.625,437.0
176.65,1018.0
176.675,473.0
176.7,183.0
176.725,1001.0
176.75,1335.0
176.775,1476.0
176.8,886.0
176.825,304.0
176.85,1512.0
176.875,1451.0
176.9,439.0
176.925,800.0
176.95,699.0
176.975,750.0
177.0,795.0
177.025,-192.0
177.05,-234.0
177.075,-70.0
177.1,-259.0
177.125,216.0
177.15,-124.0
177.175,-1132.0
177.2,-1449.0
177.225,-596.0
177.25,143.0
177.275,-844.0
177.3,-847.0
177.325,-68.0
177.35,-359.0
177.375,-517.0
177.4,-1003.0
177.425,-1114.0
177.45,-535.0
177.475,-502.0
177.5,-728.0
177.525,-1068.0
177.55,-1136.0
177.575,-90.0
177.6,104.0
177.625,-1252.0
177.65,-868.0
177.675,-162.0
177.7,-807.0
177.725,-526.0
177.75,-630.0
177.775,-1035.0
177.8,-735.0
177.825,-1012.0
177.85,-892.0
177.875,-882.0
177.9,-949.0
177.925,-598.0
177.95,-1077.0
177.975,-732.0
178.0,-13.0
178.025,-486.0
178.05,-762.0
178.075,-504.0
178.1,-387.0
178.125,-581.0
178.15,-372.0
178.175,-286.0
178.2,-694.0
178.225,-373.0
178.25,-506.0
178.275,-1087.0
178.3,-629.0
178.325,-198.0
178.35,-149.0
178.375,-281.0
178.4,-658.0
178.425,-414.0
178.45,467.0
178.475,536.0
178.5,-128.0
178.525,-65.0
178.55,468.0
178.575,411.0
178.6,304.0
178.625,926.0
178.65,1247.0
178.675,1042.0
178.7,636.0
178.725,745.0
178.75,1720.0
178.775,1649.0
178.8,1470.0
178.825,1928.0
178.85,1027.0
178.875,1334.0
178.9,3033.0
178.925,2010.0
178.95,1200.0
178.975,1584.0
179.0,1368.0
179.025,2295.0
179.05,2308.0
179.075,1670.0
179.1,1941.0
179.125,2183.0
179.15,2770.0
179.175,2957.0
179.2,3142.0
179.225,3306.0
179.25,2902.0
179.275,3746.0
179.3,4016.0
179.325,2875.0
179.35,3795.0
179.375,4812.0
179.4,4449.0
179.425,4222.0
179.45,3910.0
179.475,4429.0
179.5,4978.0
179.525,4567.0
179.55,4750.0
179.575,5635.0
179.6,5079.0
179.625,4011.0
179.65,4920.0
179.675,5809.0
179.7,6017.0
179.725,5863.0
179.75,5001.0
179.775,5824.0
179.8,6902.0
179.825,6597.0
179.85,5971.0
179.875,5563.0
179.9,6182.0
179.925,6460.0
179.95,6247.0
179.975,6520.0
180.0,6284.0
180.025,5875.0
180.05,6621.0
180.075,6770.0
180.1,5592.0
180.125,5591.0
180.15,6214.0
180.175,5858.0
180.2,5753.0
180.225,6284.0
180.25,5818.0
180.275,4890.0
180.3,5498.0
180.325,6439.0
180.35,6314.0
180.375,5607.0
180.4,5100.0
180.425,5972.0
180.45,6118.0
180.475,5424.0
180.5,5697.0
180.525,5011.0
180.55,4814.0
180.575,5579.0
180.6,5145.0
180.625,4406.0
180.65,4390.0
180.675,4651.0
180.7,5076.0
180.725,5102.0
180.75,4049.0
180.775,4627.0
180.8,5042.0
180.825,3777.0
180.85,4446.0
180.875,4653.0
180.9,4261.0
180.925,4371.0
180.95,3431.0
180.975,4004.0
181.0,4763.0
181.025,3744.0
181.05,3211.0
181.075,3679.0
181.1,4188.0
181.125,3767.0
181.15,2677.0
181.175,2838.0
181.2,3929.0
181.225,3409.0
181.25,2658.0
181.275,2960.0
181.3,3188.0
181.325,3304.0
181.35,3108.0
181.375,2575.0
181.4,2565.0
181.425,3241.0
181.45,2754.0
181.475,2142.0
181.5,2376.0
181.525,2069.0
181.55,2088.0
181.575,2009.0
181.6,1371.0
181.625,1220.0
181.65,1631.0
181.675,1593.0
181.7,724.0
181.725,194.0
181.75,688.0
181.775,947.0
181.8,-89.0
181.825,-821.0
181.85,-470.0
181.875,-461.0
181.9,-443.0
181.925,-250.0
181.95,-1553.0
181.975,-1972.0
182.0,-833.0
182.025,-1077.0
182.05,-1577.0
182.075,-1586.0
182.1,-1370.0
182.125,-920.0
182.15,-1453.0
182.175,-2201.0
182.2,-1470.0
182.225,-819.0
182.25,-1324.0
182.275,-1501.0
182.3,-1571.0
182.325,-2007.0
182.35,-1591.0
182.375,-1112.0
182.4,-1736.0
182.425,-2307.0
182.45,-2518.0
182.475,-1876.0
182.5,-1155.0
182.525,-1802.0
182.55,-2237.0
182.575,-1704.0
182.6,-1485.0
182.625,-1537.0
182.65,-1263.0
182.675,-1128.0
182.7,-954.0
182.725,-1044.0
182.75,-1213.0
182.775,-855.0
182.8,-629.0
182.825,-285.0
182.85,-303.0
182.875,-736.0
182.9,-351.0
182.925,519.0
182.95,712.0
182.975,125.0
183.0,258.0
183.025,674.0
183.05,438.0
183.075,469.0
183.1,495.0
183.125,712.0
183.15,821.0
183.175,447.0
183.2,1235.0
183.225,1497.0
183.25,396.0
183.275,890.0
183.3,1399.0
183.325,1364.0
183.35,2101.0
183.375,1872.0
183.4,1536.0
183.425,1799.0
183.45,2466.0
183.475,2395.0
183.5,1689.0
183.525,2646.0
183.55,3456.0
183.575,3074.0
183.6,2059.0
183.625,2214.0
183.65,3544.0
183.675,2977.0
183.7,2675.0
183.725,3138.0
183.75,2934.0
183.775,3710.0
183.8,3999.0
183.825,3076.0
183.85,2968.0
183.875,3569.0
183.9,3881.0
183.925,3688.0
183.95,3384.0
183.975,3543.0
184.0,3865.0
184.025,3598.0
184.05,3245.0
184.075,3629.0
184.1,4112.0
184.125,3843.0
184.15,3709.0
184.175,4077.0
184.2,3879.0
184.225,3661.0
184.25,4434.0
184.275,4820.0
184.3,3752.0
184.325,3793.0
184.35,4483.0
184.375,3716.0
184.4,3575.0
184.425,4069.0
184.45,3758.0
184.475,3351.0
184.5,3534.0
184.525,3406.0
184.55,3274.0
184.575,3631.0
184.6,3256.0
184.625,3276.0
184.65,3828.0
184.675,3514.0
184.7,3421.0
184.725,3717.0
184.75,3521.0
184.775,3627.0
184.8,3997.0
184.825,3789.0
184.85,3303.0
184.875,3665.0
184.9,4068.0
184.925,2713.0
184.95,2468.0
184.975,3260.0
185.0,2718.0
185.025,2381.0
185.05,2095.0
185.075,2040.0
185.1,2100.0
185.125,1554.0
185.15,1541.0
185.175,2492.0
185.2,2311.0
185.225,1306.0
185.25,1972.0
185.275,2633.0
185.3,2613.0
185.325,2117.0
185.35,1560.0
185.375,2245.0
185.4,2643.0
185.425,2409.0
185.45,2480.0
185.475,2428.0
185.5,2315.0
185.525,2261.0
185.55,2214.0
185.575,2578.0
185.6,2747.0
185.625,2895.0
185.65,3214.0
185.675,2776.0
185.7,2510.0
185.725,2917.0
185.75,2628.0
185.775,1817.0
185.8,2065.0
185.825,2653.0
185.85,2226.0
185.875,1923.0
185.9,2523.0
185.925,2286.0
185.95,1496.0
185.975,1794.0
186.0,1851.0
186.025,1932.0
186.05,2478.0
186.075,1420.0
186.1,300.0
186.125,1314.0
186.15,2116.0
186.175,1657.0
186.2,958.0
186.225,693.0
186.25,1437.0
186.275,2206.0
186.3,1640.0
186.325,519.0
186.35,1296.0
186.375,2047.0
186.4,1113.0
186.425,659.0
186.45,944.0
186.475,1379.0
186.5,767.0
186.525,88.0
186.55,427.0
186.575,603.0
186.6,992.0
186.625,1087.0
186.65,710.0
186.675,503.0
186.7,583.0
186.725,1416.0
186.75,1128.0
186.775,414.0
186.8,1142.0
186.825,962.0
186.85,440.0
186.875,735.0
186.9,1128.0
186.925,1280.0
186.95,550.0
186.975,570.0
187.0,950.0
187.025,510.0
187.05,796.0
187.075,765.0
187.1,207.0
187.125,579.0
187.15,830.0
187.175,162.0
187.2,-185.0
187.225,667.0
187.25,914.0
187.275,419.0
187.3,165.0
187.325,132.0
187.35,971.0
187.375,1166.0
187.4,722.0
187.425,803.0
187.45,492.0
187.475,614.0
187.5,924.0
187.525,335.0
187.55,125.0
187.575,891.0
187.6,1291.0
187.625,499.0
187.65,430.0
187.675,916.0
187.7,1220.0
187.725,1799.0
187.75,960.0
187.775,927.0
187.8,2258.0
187.825,2182.0
187.85,2249.0
187.875,2585.0
187.9,2645.0
187.925,3217.0
187.95,3423.0
187.975,3263.0
188.0,3077.0
188.025,3311.0
188.05,3859.0
188.075,3825.0
188.1,3973.0
188.125,3754.0
188.15,3754.0
188.175,4465.0
188.2,4278.0
188.225,4239.0
188.25,3754.0
188.275,3580.0
188.3,4787.0
188.325,4346.0
188.35,3626.0
188.375,4113.0
188.4,4004.0
188.425,3829.0
188.45,4066.0
188.475,4541.0
188.5,4297.0
188.525,3906.0
188.55,4697.0
188.575,4302.0
188.6,3945.0
188.625,4785.0
188.65,4723.0
188.675,4387.0
188.7,4085.0
188.725,4537.0
188.75,5265.0
188.775,4841.0
188.8,4310.0
188.825,3849.0
188.85,3908.0
188.875,4913.0
188.9,4496.0
188.925,3834.0
188.95,4485.0
188.975,4525.0
189.0,4958.0
189.025,5334.0
189.05,4666.0
189.075,4574.0
189.1,5032.0
189.125,5057.0
189.15,4989.0
189.175,4809.0
189.2,4369.0
189.225,5059.0
189.25,5552.0
189.275,4818.0
189.3,4968.0
189.325,5572.0
189.35,5316.0
189.375,5355.0
189.4,5435.0
189.425,5145.0
189.45,5523.0
189.475,5084.0
189.5,4484.0
189.525,5249.0
189.55,5155.0
189.575,4874.0
189.6,5057.0
189.625,4600.0
189.65,4320.0
189.675,4335.0
189.7,4296.0
189.725,3278.0
189.75,2879.0
189.775,3956.0
189.8,3636.0
189.825,2425.0
189.85,1875.0
189.875,2224.0
189.9,2945.0
189.925,2507.0
189.95,1566.0
189.975,1239.0
190.0,1448.0
190.025,2017.0
190.05,1684.0
190.075,1014.0
190.1,1402.0
190.125,1841.0
190.15,1325.0
190.175,473.0
190.2,691.0
190.225,989.0
190.25,333.0
190.275,-370.0
190.3,-447.0
190.325,-129.0
190.35,-362.0
190.375,-898.0
190.4,-955.0
190.425,-664.0
190.45,-262.0
190.475,-358.0
190.5,-1266.0
190.525,-1141.0
190.55,-530.0
190.575,-785.0
190.6,-1273.0
190.625,-1846.0
190.65,-1661.0
190.675,-1674.0
190.7,-1998.0
190.725,-2307.0
190.75,-3069.0
190.775,-3126.0
190.8,-2628.0
190.825,-2500.0
190.85,-3492.0
190.875,-3729.0
190.9,-2673.0
190.925,-2846.0
190.95,-3296.0
190.975,-2915.0
191.0,-2661.0
191.025,-3020.0
191.05,-3095.0
191.075,-2774.0
191.1,-2765.0
191.125,-2403.0
191.15,-2573.0
191.175,-2941.0
191.2,-2336.0
191.225,-2480.0
191.25,-2766.0
191.275,-2151.0
191.3,-2112.0
191.325,-2757.0
191.35,-2482.0
191.375,-1731.0
191.4,-2522.0
191.425,-3296.0
191.45,-2252.0
191.475,-1227.0
191.5,-1728.0
191.525,-2632.0
191.55,-2675.0
191.575,-1661.0
191.6,-952.0
191.625,-1595.0
191.65,-1654.0
191.675,-898.0
191.7,-713.0
191.725,-640.0
191.75,-354.0
191.775,-96.0
191.8,373.0
191.825,705.0
191.85,336.0
191.875,113.0
191.9,562.0
191.925,889.0
191.95,775.0
191.975,320.0
192.0,112.0
192.025,563.0
192.05,636.0
192.075,845.0
192.1,1512.0
192.125,1396.0
192.15,1273.0
192.175,2008.0
192.2,2535.0
192.225,2651.0
192.25,3117.0
192.275,3461.0
192.3,3614.0
192.325,3906.0
192.35,4114.0
192.375,3942.0
192.4,4006.0
192.425,4277.0
192.45,3967.0
192.475,4228.0
192.5,4612.0
192.525,4481.0
192.55,4450.0
192.575,4218.0
192.6,4386.0
192.625,4919.0
192.65,4814.0
192.675,4793.0
192.7,5091.0
192.725,4817.0
192.75,5078.0
192.775,5860.0
192.8,6193.0
192.825,6118.0
192.85,5857.0
192.875,5862.0
192.9,6090.0
192.925,6474.0
192.95,6206.0
192.975,5771.0
193.0,6046.0
193.025,5914.0
193.05,5404.0
193.075,5670.0
193.1,6007.0
193.125,5427.0
193.15,5214.0
193.175,5574.0
193.2,5515.0
193.225,5526.0
193.25,5323.0
193.275,5156.0
193.3,5492.0
193.325,5127.0
193.35,4900.0
193.375,4547.0
193.4,3788.0
193.425,4301.0
193.45,4366.0
193.475,3720.0
193.5,4112.0
193.525,4627.0
193.55,4299.0
193.575,3555.0
193.6,3800.0
193.625,4561.0
193.65,4398.0
193.675,4326.0
193.7,4088.0
193.725,3970.0
193.75,4715.0
193.775,4638.0
193.8,4235.0
193.825,4300.0
193.85,4407.0
193.875,4595.0
193.9,4297.0
193.925,3533.0
193.95,3852.0
193.975,4814.0
194.0,4391.0
194.025,3603.0
194.05,3741.0
194.075,4192.0
194.1,4386.0
194.125,4123.0
194.15,3665.0
194.175,3484.0
194.2,3728.0
194.225,4229.0
194.25,4114.0
194.275,3321.0
194.3,3395.0
194.325,3934.0
194.35,4178.0
194.375,3836.0
194.4,2795.0
194.425,3110.0
194.45,3603.0
194.475,2775.0
194.5,2448.0
194.525,2735.0
194.55,3386.0
194.575,3011.0
194.6,2267.0
194.625,2527.0
194.65,2657.0
194.675,2937.0
194.7,2286.0
194.725,1960.0
194.75,2050.0
194.775,1547.0
194.8,2264.0
194.825,1876.0
194.85,714.0
194.875,1373.0
194.9,2295.0
194.925,1976.0
194.95,884.0
194.975,569.0
195.0,1530.0
195.025,1653.0
195.05,613.0
195.075,529.0
195.1,935.0
195.125,1450.0
195.15,1346.0
195.175,538.0
195.2,931.0
195.225,1360.0
195.25,1140.0
195.275,1072.0
195.3,705.0
195.325,714.0
195.35,1253.0
195.375,1083.0
195.4,849.0
195.425,1280.0
195.45,1584.0
195.475,1703.0
195.5,1731.0
195.525,1396.0
195.55,1740.0
195.575,2418.0
195.6,2310.0
195.625,2246.0
195.65,1925.0
195.675,2118.0
195.7,2862.0
195.725,2698.0
195.75,2768.0
195.775,2825.0
195.8,2740.0
195.825,2610.0
195.85,1955.0
195.875,2218.0
195.9,2977.0
195.925,2452.0
195.95,1295.0
195.975,1954.0
196.0,2999.0
196.025,2059.0
196.05,1918.0
196.075,2577.0
196.1,2189.0
196.125,2326.0
196.15,2373.0
196.175,1983.0
196.2,2184.0
196.225,2446.0
196.25,2684.0
196.275,2256.0
196.3,1883.0
196.325,2471.0
196.35,2861.0
196.375,2876.0
196.4,1890.0
196.425,1284.0
196.45,2317.0
196.475,2132.0
196.5,1241.0
196.525,1396.0
196.55,1649.0
196.575,1367.0
196.6,1340.0
196.625,1924.0
196.65,1367.0
196.675,699.0
196.7,911.0
196.725,1081.0
196.75,1440.0
196.775,1102.0
196.8,896.0
196.825,1001.0
196.85,290.0
196.875,418.0
196.9,1146.0
196.925,896.0
196.95,-3.0
196.975,-507.0
197.0,10.0
197.025,530.0
197.05,-153.0
197.075,-595.0
197.1,-91.0
197.125,402.0
197.15,560.0
197.175,-351.0
197.2,-364.0
197.225,114.0
197.25,-587.0
197.275,-56.0
197.3,-113.0
197.325,-1008.0
197.35,-629.0
197.375,-650.0
197.4,-621.0
197.425,24.0
197.45,135.0
197.475,-421.0
197.5,-849.0
197.525,-841.0
197.55,-508.0
197.575,132.0
197.6,-463.0
197.625,-1465.0
197.65,-804.0
197.675,-136.0
197.7,257.0
197.725,162.0
197.75,-1181.0
197.775,-773.0
197.8,937.0
197.825,1074.0
197.85,731.0
197.875,86.0
197.9,-18.0
197.925,1182.0
197.95,1532.0
197.975,1015.0
198.0,336.0
198.025,664.0
198.05,1340.0
198.075,966.0
198.1,1327.0
198.125,1674.0
198.15,964.0
198.175,1076.0
198.2,1764.0
198.225,1948.0
198.25,2067.0
198.275,1434.0
198.3,1563.0
198.325,2397.0
198.35,1847.0
198.375,2052.0
198.4,2099.0
198.425,1067.0
198.45,1290.0
198.475,2055.0
198.5,1789.0
198.525,1305.0
198.55,1238.0
198.575,1223.0
198.6,1630.0
198.625,2005.0
198.65,2039.0
198.675,1961.0
198.7,1936.0
198.725,1986.0
198.75,2459.0
198.775,2751.0
198.8,1980.0
198.825,1960.0
198.85,2489.0
198.875,2269.0
198.9,2061.0
198.925,2167.0
198.95,2237.0
198.975,2272.0
199.0,2353.0
199.025,2398.0
199.05,2616.0
199.075,2438.0
199.1,2116.0
199.125,2697.0
199.15,2833.0
199.175,2435.0
199.2,2659.0
199.225,2130.0
199.25,1991.0
199.275,3315.0
199.3,3561.0
199.325,2517.0
199.35,2328.0
199.375,3033.0
199.4,2991.0
199.425,2707.0
199.45,2375.0
199.475,2102.0
199.5,2866.0
199.525,3121.0
199.55,2365.0
199.575,2528.0
199.6,3261.0
199.625,2906.0
199.65,2179.0
199.675,2359.0
199.7,2626.0
199.725,2248.0
199.75,2567.0
199.775,2942.0
199.8,1987.0
199.825,1846.0
199.85,2724.0
199.875,2429.0
199.9,2224.0
199.925,2565.0
199.95,2492.0
199.975,2669.0
200.0,2743.0
200.025,2633.0
200.05,2255.0
200.075,2666.0
200.1,3387.0
200.125,2643.0
200.15,2417.0
200.175,2566.0
200.2,2876.0
200.225,3502.0
200.25,2966.0
200.275,2826.0
200.3,3358.0
200.325,3349.0
200.35,3227.0
200.375,3145.0
200.4,3129.0
200.425,3285.0
200.45,3317.0
200.475,2718.0
200.5,2887.0
200.525,3570.0
200.55,3083.0
200.575,3029.0
200.6,3008.0
200.625,3018.0
200.65,3556.0
200.675,3395.0
200.7,3082.0
200.725,2831.0
200.75,3382.0
200.775,3807.0
200.8,3576.0
200.825,3597.0
200.85,3617.0
200.875,3830.0
200.9,3621.0
200.925,3878.0
200.95,3753.0
200.975,2765.0
201.0,3295.0
201.025,3978.0
201.05,3673.0
201.075,3096.0
201.1,2615.0
201.125,3231.0
201.15,4030.0
201.175,3548.0
201.2,2837.0
201.225,3237.0
201.25,3967.0
201.275,3471.0
201.3,3306.0
201.325,3669.0
201.35,3411.0
201.375,3717.0
201.4,3855.0
201.425,3264.0
201.45,2912.0
201.475,3150.0
201.5,3388.0
201.525,3279.0
201.55,3116.0
201.575,3171.0
201.6,3146.0
201.625,2553.0
201.65,2460.0
201.675,3106.0
201.7,3034.0
201.725,2734.0
201.75,2629.0
201.775,2133.0
201.8,2397.0
201.825,2699.0
201.85,1994.0
201.875,1560.0
201.9,1316.0
201.925,1249.0
201.95,1726.0
201.975,1407.0
202.0,1030.0
202.025,1347.0
202.05,1277.0
202.075,1242.0
202.1,1532.0
202.125,1833.0
202.15,1448.0
202.175,1022.0
202.2,1364.0
202.225,1628.0
202.25,1520.0
202.275,1227.0
202.3,851.0
202.325,875.0
202.35,1382.0
202.375,1325.0
202.4,603.0
202.425,66.0
202.45,314.0
202.475,567.0
202.5,244.0
202.525,246.0
202.55,587.0
202.575,350.0
202.6,57.0
202.625,899.0
202.65,1310.0
202.675,985.0
202.7,1181.0
202.725,1360.0
202.75,1569.0
202.775,1598.0
202.8,1007.0
202.825,861.0
202.85,1294.0
202.875,1620.0
202.9,1886.0
202.925,1428.0
202.95,796.0
202.975,1383.0
203.0,2099.0
203.025,1498.0
203.05,1311.0
203.075,1929.0
203.1,1540.0
203.125,1876.0
203.15,2582.0
203.175,2015.0
203.2,2434.0
203.225,3057.0
203.25,2240.0
203.275,2066.0
203.3,2740.0
203.325,2971.0
203.35,2805.0
203.375,2539.0
203.4,2407.0
203.425,2536.0
203.45,3165.0
203.475,3049.0
203.5,2463.0
203.525,2898.0
203.55,3411.0
203.575,3380.0
203.6,2989.0
203.625,3241.0
203.65,3559.0
203.675,3356.0
203.7,3600.0
203.725,3427.0
203.75,3205.0
203.775,3390.0
203.8,2950.0
203.825,3159.0
203.85,3724.0
203.875,3414.0
203.9,3549.0
203.925,3695.0
203.95,3566.0
203.975,3794.0
204.0,4256.0
204.025,4436.0
204.05,4095.0
204.075,4033.0
204.1,4105.0
204.125,4280.0
204.15,4889.0
204.175,4620.0
204.2,3877.0
204.225,4580.0
204.25,5174.0
204.275,4646.0
204.3,4258.0
204.325,4515.0
204.35,4617.0
204.375,4285.0
204.4,4231.0
204.425,4313.0
204.45,4728.0
204.475,4969.0
204.5,4720.0
204.525,4384.0
204.55,4446.0
204.575,5060.0
204.6,4756.0
204.625,4250.0
204.65,4720.0
204.675,4895.0
204.7,4719.0
204.725,4142.0
204.75,3707.0
204.775,4815.0
204.8,4930.0
204.825,3727.0
204.85,3957.0
204.875,4379.0
204.9,4089.0
204.925,3492.0
204.95,2906.0
204.975,2729.0
205.0,2860.0
205.025,2843.0
205.05,2273.0
205.075,2362.0
205.1,2267.0
205.125,1913.0
205.15,2520.0
205.175,2150.0
205.2,1332.0
205.225,1759.0
205.25,1762.0
205.275,1404.0
205.3,1827.0
205.325,1192.0
205.35,360.0
205.375,1073.0
205.4,1029.0
205.425,155.0
205.45,117.0
205.475,263.0
205.5,205.0
205.525,253.0
205.55,-223.0
205.575,-924.0
205.6,-1015.0
205.625,-970.0
205.65,-1092.0
205.675,-1572.0
205.7,-1892.0
205.725,-1760.0
205.75,-1521.0
205.775,-1509.0
205.8,-1939.0
205.825,-1698.0
205.85,-1700.0
205.875,-2284.0
205.9,-2235.0
205.925,-2262.0
205.95,-1885.0
205.975,-1970.0
206.0,-3186.0
206.025,-3385.0
206.05,-2934.0
206.075,-2650.0
206.1,-2851.0
206.125,-3856.0
206.15,-3763.0
206.175,-2931.0
206.2,-3530.0
206.225,-4049.0
206.25,-3381.0
206.275,-3350.0
206.3,-3393.0
206.325,-3209.0
206.35,-3542.0
206.375,-3591.0
206.4,-3630.0
206.425,-3371.0
206.45,-3308.0
206.475,-3309.0
206.5,-2767.0
206.525,-3040.0
206.55,-3340.0
206.575,-3062.0
206.6,-2409.0
206.625,-2294.0
206.65,-2898.0
206.675,-2132.0
206.7,-1410.0
206.725,-1799.0
206.75,-1899.0
206.775,-1996.0
206.8,-1716.0
206.825,-1362.0
206.85,-1981.0
206.875,-2428.0
206.9,-1697.0
206.925,-1012.0
206.95,-1569.0
206.975,-2066.0
207.0,-1841.0
207.025,-1245.0
207.05,-1120.0
207.075,-1714.0
207.1,-1812.0
207.125,-1635.0
207.15,-1021.0
207.175,-539.0
207.2,-705.0
207.225,-985.0
207.25,-474.0
207.275,422.0
207.3,-360.0
207.325,-652.0
207.35,248.0
207.375,195.0
207.4,-118.0
207.425,-65.0
207.45,432.0
207.475,1172.0
207.5,804.0
207.525,256.0
207.55,764.0
207.575,1168.0
207.6,1635.0
207.625,1540.0
207.65,813.0
207.675,1387.0
207.7,2334.0
207.725,2022.0
207.75,1422.0
207.775,1933.0
207.8,2792.0
207.825,2996.0
207.85,2900.0
207.875,3083.0
207.9,3450.0
207.925,3811.0
207.95,4216.0
207.975,4428.0
208.0,4956.0
208.025,5113.0
208.05,4755.0
208.075,5534.0
208.1,6101.0
208.125,5289.0
208.15,5144.0
208.175,6193.0
208.2,6451.0
208.225,6065.0
208.25,6329.0
208.275,6845.0
208.3,7051.0
208.325,6917.0
208.35,7370.0
208.375,7945.0
208.4,7897.0
208.425,8134.0
208.45,8395.0
208.475,8676.0
208.5,8892.0
208.525,8572.0
208.55,8787.0
208.575,9285.0
208.6,9446.0
208.625,9390.0
208.65,9004.0
208.675,9025.0
208.7,9535.0
208.725,9971.0
208.75,9794.0
208.775,9608.0
208.8,9965.0
208.825,9570.0
208.85,9174.0
208.875,9575.0
208.9,9809.0
208.925,9518.0
208.95,9313.0
208.975,9372.0
209.0,8971.0
209.025,9262.0
209.05,9320.0
209.075,8615.0
209.1,8704.0
209.125,8611.0
209.15,8776.0
209.175,9002.0
209.2,8570.0
209.225,8448.0
209.25,7974.0
209.275,7560.0
209.3,7818.0
209.325,7394.0
209.35,7097.0
209.375,7389.0
209.4,7119.0
209.425,6904.0
209.45,6820.0
209.475,6617.0
209.5,6892.0
209.525,6717.0
209.55,6397.0
209.575,6592.0
209.6,6076.0
209.625,5832.0
209.65,5688.0
209.675,5522.0
209.7,5704.0
209.725,5005.0
209.75,4549.0
209.775,4576.0
209.8,4570.0
209.825,4780.0
209.85,4285.0
209.875,3690.0
209.9,3956.0
209.925,3755.0
209.95,3541.0
209.975,3295.0
210.0,2928.0
210.025,2854.0
210.05,2564.0
210.075,3276.0
210.1,3224.0
210.125,2140.0
210.15,2039.0
210.175,2432.0
210.2,2509.0
210.225,1456.0
210.25,868.0
210.275,1165.0
210.3,744.0
210.325,892.0
210.35,991.0
210.375,-114.0
210.4,10.0
210.425,773.0
210.45,633.0
210.475,348.0
210.5,-78.0
210.525,-556.0
210.55,-570.0
210.575,-457.0
210.6,-361.0
210.625,-147.0
210.65,-636.0
210.675,-743.0
210.7,-206.0
210.725,-583.0
210.75,-971.0
210.775,-1183.0
210.8,-1644.0
210.825,-1269.0
210.85,-968.0
210.875,-1765.0
210.9,-2141.0
210.925,-2259.0
210.95,-2260.0
210.975,-1955.0
211.0,-2204.0
211.025,-2399.0
211.05,-2293.0
211.075,-2109.0
211.1,-1735.0
211.125,-1646.0
211.15,-2003.0
211.175,-2332.0
211.2,-2471.0
211.225,-1955.0
211.25,-1958.0
211.275,-2597.0
211.3,-2937.0
211.325,-3150.0
211.35,-2838.0
211.375,-3093.0
211.4,-3064.0
211.425,-3256.0
211.45,-4041.0
211.475,-3643.0
211.5,-3553.0
211.525,-3803.0
211.55,-3750.0
211.575,-3597.0
211.6,-3703.0
211.625,-4230.0
211.65,-4234.0
211.675,-3716.0
211.7,-3617.0
211.725,-4258.0
211.75,-4631.0
211.775,-4435.0
211.8,-4514.0
211.825,-4041.0
211.85,-3542.0
211.875,-4332.0
211.9,-4531.0
211.925,-3751.0
211.95,-3164.0
211.975,-3523.0
212.0,-3934.0
212.025,-3326.0
212.05,-2915.0
212.075,-3041.0
212.1,-3260.0
212.125,-3071.0
212.15,-2745.0
212.175,-2524.0
212.2,-2035.0
212.225,-1890.0
212.25,-1890.0
212.275,-1718.0
212.3,-1818.0
212.325,-1720.0
212.35,-1413.0
212.375,-1172.0
212.4,-1390.0
212.425,-1492.0
212.45,-925.0
212.475,-530.0
212.5,-530.0
212.525,-1169.0
212.55,-325.0
212.575,1176.0
212.6,670.0
212.625,76.0
212.65,373.0
212.675,1200.0
212.7,1164.0
212.725,956.0
212.75,1683.0
212.775,1538.0
212.8,1598.0
212.825,2159.0
212.85,2153.0
212.875,2493.0
212.9,2480.0
212.925,2276.0
212.95,2220.0
212.975,2361.0
213.0,3246.0
213.025,2671.0
213.05,2242.0
213.075,3551.0
213.1,3664.0
213.125,3106.0
213.15,3650.0
213.175,4084.0
213.2,3875.0
213.225,4355.0
213.25,4637.0
213.275,4875.0
213.3,5468.0
213.325,5059.0
213.35,4914.0
213.375,5667.0
213.4,6457.0
213.425,6435.0
213.45,5952.0
213.475,6046.0
213.5,6380.0
213.525,6678.0
213.55,6632.0
213.575,6451.0
213.6,6616.0
213.625,7039.0
213.65,7493.0
213.675,7329.0
213.7,6536.0
213.725,6786.0
213.75,7711.0
213.775,7728.0
213.8,7310.0
213.825,6566.0
213.85,6988.0
213.875,8294.0
213.9,7168.0
213.925,5635.0
213.95,6238.0
213.975,6991.0
214.0,7010.0
214.025,6656.0
214.05,6137.0
214.075,6165.0
214.1,6341.0
214.125,5732.0
214.15,5700.0
214.175,6035.0
214.2,5779.0
214.225,5864.0
214.25,5484.0
214.275,4976.0
214.3,4988.0
214.325,5176.0
214.35,5070.0
214.375,4088.0
214.4,4176.0
214.425,4727.0
214.45,3684.0
214.475,3496.0
214.5,3742.0
214.525,2763.0
214.55,3203.0
214.575,3612.0
214.6,2566.0
214.625,2291.0
214.65,2542.0
214.675,3133.0
214.7,2710.0
214.725,1290.0
214.75,1711.0
214.775,2631.0
214.8,2295.0
214.825,1401.0
214.85,973.0
214.875,1611.0
214.9,1884.0
214.925,1261.0
214.95,836.0
214.975,1072.0
215.0,1276.0
215.025,993.0
215.05,498.0
215.075,472.0
215.1,1126.0
215.125,1038.0
215.15,367.0
215.175,623.0
215.2,1160.0
215.225,401.0
215.25,133.0
215.275,1100.0
215.3,890.0
215.325,671.0
215.35,1163.0
215.375,882.0
215.4,430.0
215.425,270.0
215.45,665.0
215.475,1013.0
215.5,493.0
215.525,544.0
215.55,340.0
215.575,75.0
215.6,848.0
215.625,696.0
215.65,33.0
215.675,181.0
215.7,1073.0
215.725,1514.0
215.75,1257.0
215.775,900.0
215.8,1079.0
215.825,2127.0
215.85,2235.0
215.875,1871.0
215.9,2346.0
215.925,2498.0
215.95,1985.0
215.975,2313.0
216.0,2755.0
216.025,2479.0
216.05,2217.0
216.075,2381.0
216.1,3346.0
216.125,3352.0
216.15,2806.0
216.175,3124.0
216.2,3537.0
216.225,3481.0
216.25,3456.0
216.275,3832.0
216.3,4084.0
216.325,4126.0
216.35,3544.0
216.375,3666.0
216.4,4850.0
216.425,5067.0
216.45,4776.0
216.475,5054.0
216.5,5006.0
216.525,4981.0
216.55,5391.0
216.575,5648.0
216.6,5778.0
216.625,5730.0
216.65,5632.0
216.675,4969.0
216.7,5327.0
216.725,5806.0
216.75,5085.0
216.775,5344.0
216.8,5251.0
216.825,5259.0
216.85,5433.0
216.875,4819.0
216.9,5416.0
216.925,5910.0
216.95,5412.0
216.975,5406.0
217.0,5583.0
217.025,5243.0
217.05,5021.0
217.075,4932.0
217.1,4516.0
217.125,5114.0
217.15,5413.0
217.175,4815.0
217.2,4929.0
217.225,4313.0
217.25,3999.0
217.275,4773.0
217.3,4660.0
217.325,3993.0
217.35,3687.0
217.375,3298.0
217.4,2747.0
217.425,3379.0
217.45,3911.0
217.475,2441.0
217.5,1740.0
217.525,1979.0
217.55,1315.0
217.575,1618.0
217.6,1648.0
217.625,928.0
217.65,1089.0
217.675,346.0
217.7,-362.0
217.725,197.0
217.75,278.0
217.775,-202.0
217.8,-682.0
217.825,-676.0
217.85,-339.0
217.875,-1080.0
217.9,-1419.0
217.925,-955.0
217.95,-1501.0
217.975,-2011.0
218.0,-1863.0
218.025,-1770.0
218.05,-2457.0
218.075,-2900.0
218.1,-2667.0
218.125,-2386.0
218.15,-1717.0
218.175,-2249.0
218.2,-3046.0
218.225,-2251.0
218.25,-1741.0
218.275,-1970.0
218.3,-2634.0
218.325,-3072.0
218.35,-2356.0
218.375,-2174.0
218.4,-2854.0
218.425,-3648.0
218.45,-3148.0
218.475,-1875.0
218.5,-2633.0
218.525,-3400.0
218.55,-3131.0
218.575,-3033.0
218.6,-2864.0
218.625,-3169.0
218.65,-3449.0
218.675,-2829.0
218.7,-2178.0
218.725,-2406.0
218.75,-2993.0
218.775,-2519.0
218.8,-1560.0
218.825,-1837.0
218.85,-2250.0
218.875,-2530.0
218.9,-1844.0
218.925,-610.0
218.95,-1812.0
218.975,-2260.0
219.0,-1650.0
219.025,-1766.0
219.05,-1094.0
219.075,-1556.0
219.1,-2540.0
219.125,-1680.0
219.15,-600.0
219.175,-1568.0
219.2,-2296.0
219.225,-802.0
219.25,-431.0
219.275,-940.0
219.3,-620.0
219.325,-831.0
219.35,-540.0
219.375,174.0
219.4,-8.0
219.425,106.0
219.45,414.0
219.475,62.0
219.5,299.0
219.525,900.0
219.55,363.0
219.575,410.0
219.6,1926.0
219.625,1658.0
219.65,390.0
219.675,1204.0
219.7,1795.0
219.725,1834.0
219.75,1948.0
219.775,1773.0
219.8,2462.0
219.825,2338.0
219.85,2181.0
219.875,3197.0
219.9,3007.0
219.925,2495.0
219.95,2769.0
219.975,3135.0
220.0,3632.0
220.025,3454.0
220.05,3160.0
220.075,3267.0
220.1,3473.0
220.125,4088.0
220.15,4256.0
220.175,4188.0
220.2,4152.0
220.225,4195.0
220.25,5159.0
220.275,5559.0
220.3,5057.0
220.325,5239.0
220.35,5283.0
220.375,5803.0
220.4,6780.0
220.425,6210.0
220.45,5551.0
220.475,5697.0
220.5,6220.0
220.525,6468.0
220.55,5931.0
220.575,5972.0
220.6,6548.0
220.625,6562.0
220.65,6033.0
220.675,6121.0
220.7,6595.0
220.725,5920.0
220.75,5608.0
220.775,6534.0
220.8,6115.0
220.825,5450.0
220.85,6047.0
220.875,5906.0
220.9,6286.0
220.925,6617.0
220.95,5649.0
220.975,5707.0
221.0,5675.0
221.025,5258.0
221.05,5344.0
221.075,4582.0
221.1,4158.0
221.125,4352.0
221.15,4155.0
221.175,4295.0
221.2,3844.0
221.225,3775.0
221.25,4537.0
221.275,3983.0
221.3,3940.0
221.325,4429.0
221.35,4135.0
221.375,4727.0
221.4,4898.0
221.425,3952.0
221.45,4098.0
221.475,4574.0
221.5,3996.0
221.525,3500.0
221.55,3323.0
221.575,3277.0
221.6,3691.0
221.625,3483.0
221.65,3309.0
221.675,3463.0
221.7,3297.0
221.725,3469.0
221.75,3457.0
221.775,3973.0
221.8,4343.0
221.825,3312.0
221.85,3324.0
221.875,4272.0
221.9,4029.0
221.925,3871.0
221.95,4245.0
221.975,3998.0
222.0,3908.0
222.025,3885.0
222.05,3394.0
222.075,3522.0
222.1,3666.0
222.125,3835.0
222.15,4237.0
222.175,3052.0
222.2,3183.0
222.225,4218.0
222.25,3708.0
222.275,4066.0
222.3,3728.0
222.325,3062.0
222.35,3473.0
222.375,3795.0
222.4,3401.0
222.425,2362.0
222.45,2674.0
222.475,2844.0
222.5,1769.0
222.525,1392.0
222.55,1602.0
222.575,1783.0
222.6,1374.0
222.625,887.0
222.65,905.0
222.675,809.0
222.7,955.0
222.725,1063.0
222.75,763.0
222.775,339.0
222.8,508.0
222.825,1123.0
222.85,782.0
222.875,1169.0
222.9,1455.0
222.925,248.0
222.95,562.0
222.975,1460.0
223.0,1040.0
223.025,415.0
223.05,463.0
223.075,987.0
223.1,1170.0
223.125,1193.0
223.15,981.0
223.175,409.0
223.2,921.0
223.225,1512.0
223.25,1076.0
223.275,721.0
223.3,367.0
223.325,828.0
223.35,1233.0
223.375,285.0
223.4,69.0
223.425,874.0
223.45,1111.0
223.475,936.0
223.5,895.0
223.525,936.0
223.55,1464.0
223.575,2282.0
223.6,2032.0
223.625,1459.0
223.65,2181.0
223.675,3025.0
223.7,2689.0
223.725,2102.0
223.75,2503.0
223.775,2559.0
223.8,2858.0
223.825,3239.0
223.85,1686.0
223.875,1569.0
223.9,2661.0
223.925,2497.0
223.95,1939.0
223.975,1133.0
224.0,1638.0
224.025,2226.0
224.05,1551.0
224.075,1917.0
224.1,2400.0
224.125,2205.0
224.15,2127.0
224.175,2404.0
224.2,2759.0
224.225,2800.0
224.25,3039.0
224.275,2114.0
224.3,1885.0
224.325,3215.0
224.35,2618.0
224.375,1439.0
224.4,1357.0
224.425,1801.0
224.45,1425.0
224.475,659.0
224.5,1253.0
224.525,1123.0
224.55,738.0
224.575,948.0
224.6,7.0
224.625,92.0
224.65,1110.0
224.675,273.0
224.7,-338.0
224.725,-184.0
224.75,-517.0
224.775,-23.0
224.8,289.0
224.825,110.0
224.85,294.0
224.875,-343.0
224.9,-660.0
224.925,-13.0
224.95,460.0
224.975,-210.0
225.0,-1596.0
225.025,-763.0
225.05,151.0
225.075,-775.0
225.1,-1373.0
225.125,-1564.0
225.15,-1096.0
225.175,-713.0
225.2,-1111.0
225.225,-1670.0
225.25,-1738.0
225.275,-979.0
225.3,-853.0
225.325,-1183.0
225.35,-872.0
225.375,-1138.0
225.4,-1122.0
225.425,-719.0
225.45,-1221.0
225.475,-1182.0
225.5,-1274.0
225.525,-1302.0
225.55,-686.0
225.575,-984.0
225.6,-1730.0
225.625,-2027.0
225.65,-1482.0
225.675,-1126.0
225.7,-1310.0
225.725,-1020.0
225.75,-1304.0
225.775,-1810.0
225.8,-953.0
225.825,-733.0
225.85,-1197.0
225.875,-450.0
225.9,-363.0
225.925,-1237.0
225.95,-861.0
225.975,100.0
226.0,-224.0
226.025,-1069.0
226.05,-1137.0
226.075,-58.0
226.1,345.0
226.125,-961.0
226.15,-838.0
226.175,0.0
226.2,-241.0
226.225,356.0
226.25,-22.0
226.275,-486.0
226.3,1372.0
226.325,946.0
226.35,-96.0
226.375,1225.0
226.4,1984.0
226.425,1460.0
226.45,92.0
226.475,1368.0
226.5,3382.0
226.525,1765.0
226.55,807.0
226.575,1577.0
226.6,2505.0
226.625,3191.0
226.65,2071.0
226.675,2395.0
226.7,3599.0
226.725,3074.0
226.75,3216.0
226.775,2944.0
226.8,3691.0
226.825,5160.0
226.85,3932.0
226.875,3508.0
226.9,4308.0
226.925,4619.0
226.95,4916.0
226.975,4446.0
227.0,4669.0
227.025,5375.0
227.05,4784.0
227.075,4727.0
227.1,5290.0
227.125,5274.0
227.15,5483.0
227.175,5194.0
227.2,4933.0
227.225,5754.0
227.25,5648.0
227.275,5001.0
227.3,5685.0
227.325,6301.0
227.35,5941.0
227.375,5254.0
227.4,4994.0
227.425,6148.0
227.45,6970.0
227.475,5655.0
227.5,5151.0
227.525,5852.0
227.55,5923.0
227.575,6433.0
227.6,6367.0
227.625,6359.0
227.65,6660.0
227.675,6698.0
227.7,7242.0
227.725,6152.0
227.75,5992.0
227.775,6770.0
227.8,6234.0
227.825,6687.0
227.85,5876.0
227.875,5245.0
227.9,6342.0
227.925,5914.0
227.95,5549.0
227.975,5664.0
228.0,5224.0
228.025,5446.0
228.05,5176.0
228.075,4262.0
228.1,4903.0
228.125,5260.0
228.15,4553.0
228.175,4527.0
228.2,4405.0
228.225,4624.0
228.25,5018.0
228.275,3991.0
228.3,3873.0
228.325,5005.0
228.35,4188.0
228.375,3843.0
228.4,4334.0
228.425,3408.0
228.45,3876.0
228.475,4355.0
228.5,3111.0
228.525,3187.0
228.55,3830.0
228.575,3188.0
228.6,2917.0
228.625,3006.0
228.65,2649.0
228.675,2855.0
228.7,2597.0
228.725,2014.0
228.75,2381.0
228.775,2293.0
228.8,1984.0
228.825,2295.0
228.85,2306.0
228.875,2039.0
228.9,1798.0
228.925,1756.0
228.95,1781.0
228.975,1577.0
229.0,2034.0
229.025,2265.0
229.05,1653.0
229.075,1695.0
229.1,1911.0
229.125,2043.0
229.15,2433.0
229.175,2115.0
229.2,1920.0
229.225,2653.0
229.25,2603.0
229.275,2268.0
229.3,2170.0
229.325,2034.0
229.35,2550.0
229.375,2458.0
229.4,1738.0
229.425,1670.0
229.45,1708.0
229.475,1706.0
229.5,2106.0
229.525,1641.0
229.55,1299.0
229.575,1846.0
229.6,2007.0
229.625,2155.0
229.65,1756.0
229.675,1548.0
229.7,2213.0
229.725,2504.0
229.75,1869.0
229.775,1032.0
229.8,1225.0
229.825,1584.0
229.85,1259.0
229.875,1147.0
229.9,1153.0
229.925,707.0
229.95,779.0
229.975,1329.0
230.0,519.0
230.025,-541.0
230.05,445.0
230.075,1148.0
230.1,-54.0
230.125,-712.0
230.15,-17.0
230.175,665.0
230.2,476.0
230.225,-233.0
230.25,-782.0
230.275,-73.0
230.3,813.0
230.325,47.0
230.35,-619.0
230.375,-547.0
230.4,-118.0
230.425,432.0
230.45,320.0
230.475,-63.0
230.5,-657.0
230.525,-655.0
230.55,171.0
230.575,-177.0
230.6,-1087.0
230.625,-213.0
230.65,286.0
230.675,-683.0
230.7,-740.0
230.725,-624.0
230.75,-218.0
230.775,166.0
230.8,-749.0
230.825,-1158.0
230.85,-443.0
230.875,-257.0
230.9,-905.0
230.925,-644.0
230.95,-829.0
230.975,-1056.0
231.0,-196.0
231.025,-748.0
231.05,-1140.0
231.075,-403.0
231.1,177.0
231.125,397.0
231.15,415.0
231.175,823.0
231.2,976.0
231.225,696.0
231.25,1540.0
231.275,2595.0
231.3,1696.0
231.325,1381.0
231.35,2366.0
231.375,2336.0
231.4,2531.0
231.425,3633.0
231.45,3732.0
231.475,3011.0
231.5,2834.0
231.525,3341.0
231.55,3877.0
231.575,3761.0
231.6,4183.0
231.625,4069.0
231.65,3140.0
231.675,3888.0
231.7,4256.0
231.725,3460.0
231.75,3930.0
231.775,4527.0
231.8,3937.0
231.825,3423.0
231.85,3821.0
231.875,4130.0
231.9,3685.0
231.925,4194.0
231.95,4724.0
231.975,4349.0
232.0,4600.0
232.025,4639.0
232.05,4532.0
232.075,4899.0
232.1,4866.0
232.125,4709.0
232.15,5039.0
232.175,5453.0
232.2,5677.0
232.225,5351.0
232.25,5019.0
232.275,5147.0
232.3,4922.0
232.325,4680.0
232.35,4984.0
232.375,5116.0
232.4,4091.0
232.425,3968.0
232.45,4621.0
232.475,4285.0
232.5,4424.0
232.525,3865.0
232.55,3708.0
232.575,4117.0
232.6,3705.0
232.625,4493.0
232.65,3942.0
232.675,2661.0
232.7,3225.0
232.725,3545.0
232.75,3301.0
232.775,2688.0
232.8,2608.0
232.825,2554.0
232.85,1898.0
232.875,2051.0
232.9,1996.0
232.925,1526.0
232.95,1201.0
232.975,1105.0
233.0,956.0
233.025,202.0
233.05,-65.0
233.075,-50.0
233.1,-516.0
233.125,-1011.0
233.15,-1624.0
233.175,-1969.0
233.2,-1853.0
233.225,-2407.0
233.25,-2861.0
233.275,-2454.0
233.3,-2905.0
233.325,-3347.0
233.35,-2826.0
233.375,-3437.0
233.4,-3976.0
233.425,-3248.0
233.45,-3353.0
233.475,-3916.0
233.5,-3846.0
233.525,-3635.0
233.55,-3881.0
233.575,-4552.0
233.6,-4787.0
233.625,-4389.0
233.65,-4267.0
233.675,-4821.0
233.7,-5164.0
233.725,-4914.0
233.75,-5146.0
233.775,-5633.0
233.8,-4950.0
233.825,-4635.0
233.85,-5218.0
233.875,-5277.0
233.9,-4941.0
233.925,-4686.0
233.95,-4795.0
233.975,-4839.0
234.0,-5080.0
234.025,-4364.0
234.05,-3820.0
234.075,-5003.0
234.1,-4303.0
234.125,-3296.0
234.15,-3813.0
234.175,-3320.0
234.2,-3094.0
234.225,-3275.0
234.25,-2716.0
234.275,-2348.0
234.3,-1910.0
234.325,-2115.0
234.35,-2476.0
234.375,-1140.0
234.4,-730.0
234.425,-1565.0
234.45,-1122.0
234.475,-565.0
234.5,-192.0
234.525,114.0
234.55,10.0
234.575,730.0
234.6,1253.0
234.625,1136.0
234.65,1572.0
234.675,2001.0
234.7,2287.0
234.725,2521.0
234.75,2744.0
234.775,3050.0
234.8,3548.0
234.825,4024.0
234.85,3769.0
234.875,3790.0
234.9,4341.0
234.925,4901.0
234.95,4911.0
234.975,4859.0
235.0,5808.0
235.025,5693.0
235.05,5883.0
235.075,6974.0
235.1,6995.0
235.125,7433.0
235.15,7673.0
235.175,7509.0
235.2,7694.0
235.225,8290.0
235.25,8679.0
235.275,8552.0
235.3,8506.0
235.325,8406.0
235.35,9153.0
235.375,9458.0
235.4,9385.0
235.425,9340.0
235.45,9344.0
235.475,10252.0
235.5,9807.0
235.525,9742.0
235.55,10138.0
235.575,9733.0
235.6,10874.0
235.625,10955.0
235.65,10174.0
235.675,10488.0
235.7,10366.0
235.725,11081.0
235.75,10886.0
235.775,9922.0
235.8,10632.0
235.825,10625.0
235.85,10501.0
235.875,10443.0
235.9,10151.0
235.925,10524.0
235.95,10511.0
235.975,10397.0
236.0,10380.0
236.025,10608.0
236.05,10885.0
236.075,10420.0
236.1,10132.0
236.125,10081.0
236.15,10162.0
236.175,10440.0
236.2,9497.0
236.225,9536.0
236.25,10107.0
236.275,9506.0
236.3,9981.0
236.325,9379.0
236.35,8352.0
236.375,8765.0
236.4,8572.0
236.425,8328.0
236.45,8253.0
236.475,7818.0
236.5,7829.0
236.525,8370.0
236.55,8143.0
236.575,7346.0
236.6,7008.0
236.625,6817.0
236.65,7248.0
236.675,6970.0
236.7,5547.0
236.725,5503.0
236.75,5435.0
236.775,5115.0
236.8,5413.0
236.825,4498.0
236.85,3890.0
236.875,4352.0
236.9,4329.0
236.925,3951.0
236.95,3455.0
236.975,4138.0
237.0,4490.0
237.025,2614.0
237.05,2673.0
237.075,3822.0
237.1,2548.0
237.125,1639.0
237.15,1623.0
237.175,1456.0
237.2,1709.0
237.225,1283.0
237.25,-354.0
237.275,-972.0
237.3,274.0
237.325,382.0
237.35,-1030.0
237.375,-1625.0
237.4,-1103.0
237.425,-1225.0
237.45,-2339.0
237.475,-1946.0
237.5,-1655.0
237.525,-2344.0
237.55,-2511.0
237.575,-3525.0
237.6,-3177.0
237.625,-2130.0
237.65,-3421.0
237.675,-4008.0
237.7,-3104.0
237.725,-3040.0
237.75,-3972.0
237.775,-4408.0
237.8,-3943.0
237.825,-4320.0
237.85,-4754.0
237.875,-4246.0
237.9,-5076.0
237.925,-5269.0
237.95,-4154.0
237.975,-5054.0
238.0,-5610.0
238.025,-5246.0
238.05,-5205.0
238.075,-4431.0
238.1,-5219.0
238.125,-6168.0
238.15,-4932.0
238.175,-4760.0
238.2,-4928.0
238.225,-4681.0
238.25,-5323.0
238.275,-4601.0
238.3,-4072.0
238.325,-4725.0
238.35,-4708.0
238.375,-5093.0
238.4,-4398.0
238.425,-3678.0
238.45,-4901.0
238.475,-5327.0
238.5,-4985.0
238.525,-4146.0
238.55,-3927.0
238.575,-4937.0
238.6,-4736.0
238.625,-4016.0
238.65,-3596.0
238.675,-3741.0
238.7,-4311.0
238.725,-4052.0
238.75,-3559.0
238.775,-3316.0
238.8,-3203.0
238.825,-3346.0
238.85,-3426.0
238.875,-3235.0
238.9,-3072.0
238.925,-2866.0
238.95,-3105.0
238.975,-3012.0
239.0,-1896.0
239.025,-2467.0
239.05,-3446.0
239.075,-2311.0
239.1,-1511.0
239.125,-1855.0
239.15,-1944.0
239.175,-1824.0
239.2,-1687.0
239.225,-1283.0
239.25,-1283.0
239.275,-1567.0
239.3,-1418.0
239.325,-1577.0
239.35,-1573.0
239.375,-1018.0
239.4,-1293.0
239.425,-1695.0
239.45,-1884.0
239.475,-1634.0
239.5,-797.0
239.525,-1731.0
239.55,-2097.0
239.575,-827.0
239.6,-1109.0
239.625,-1514.0
239.65,-832.0
239.675,32.0
239.7,-558.0
239.725,-1693.0
239.75,-32.0
239.775,978.0
239.8,-393.0
239.825,-1170.0
239.85,-582.0
239.875,1395.0
239.9,948.0
239.925,-923.0
239.95,105.0
239.975,1381.0
240.0,1453.0
240.025,1129.0
240.05,565.0
240.075,467.0
240.1,1228.0
240.125,2252.0
240.15,1933.0
240.175,879.0
240.2,1469.0
240.225,2356.0
240.25,2757.0
240.275,2677.0
240.3,1745.0
240.325,2973.0
240.35,3714.0
240.375,2083.0
240.4,2866.0
240.425,3893.0
240.45,3234.0
240.475,4177.0
240.5,4435.0
240.525,3924.0
240.55,4944.0
240.575,5255.0
240.6,5500.0
240.625,5136.0
240.65,4845.0
240.675,6880.0
240.7,7393.0
240.725,6142.0
240.75,6142.0
240.775,7191.0
240.8,7812.0
240.825,7562.0
240.85,7312.0
240.875,7457.0
240.9,7949.0
240.925,8124.0
240.95,8253.0
240.975,8282.0
241.0,8116.0
241.025,8708.0
241.05,8793.0
241.075,8564.0
241.1,8594.0
241.125,8972.0
241.15,9904.0
241.175,9458.0
241.2,8975.0
241.225,9623.0
241.25,9898.0
241.275,9922.0
241.3,9796.0
241.325,9891.0
241.35,10575.0
241.375,10221.0
241.4,9523.0
241.425,9804.0
241.45,10205.0
241.475,10794.0
241.5,9769.0
241.525,9247.0
241.55,10826.0
241.575,10310.0
241.6,9306.0
241.625,10055.0
241.65,10334.0
241.675,9819.0
241.7,9993.0
241.725,9877.0
241.75,9527.0
241.775,9986.0
241.8,9959.0
241.825,9194.0
241.85,8912.0
241.875,9413.0
241.9,9634.0
241.925,9123.0
241.95,7842.0
241.975,7687.0
242.0,8498.0
242.025,8045.0
242.05,7340.0
242.075,6914.0
242.1,6727.0
242.125,6695.0
242.15,6542.0
242.175,6195.0
242.2,5752.0
242.225,5670.0
242.25,5281.0
242.275,4946.0
242.3,5184.0
242.325,4574.0
242.35,4378.0
242.375,4989.0
242.4,4420.0
242.425,3913.0
242.45,3687.0
242.475,3443.0
242.5,3887.0
242.525,4008.0
242.55,3412.0
242.575,2952.0
242.6,2840.0
242.625,2691.0
242.65,2555.0
242.675,2071.0
242.7,1479.0
242.725,1636.0
242.75,1410.0
242.775,807.0
242.8,894.0
242.825,505.0
242.85,375.0
242.875,346.0
242.9,-541.0
242.925,-325.0
242.95,-240.0
242.975,-716.0
243.0,-167.0
243.025,-337.0
243.05,-1281.0
243.075,-1729.0
243.1,-1574.0
243.125,-904.0
243.15,-1037.0
243.175,-1916.0
243.2,-2026.0
243.225,-1358.0
243.25,-1542.0
243.275,-2382.0
243.3,-2211.0
243.325,-2295.0
243.35,-2516.0
243.375,-2078.0
243.4,-2707.0
243.425,-2969.0
243.45,-2101.0
243.475,-2148.0
243.5,-2475.0
243.525,-2555.0
243.55,-2733.0
243.575,-2411.0
243.6,-2121.0
243.625,-2442.0
243.65,-2766.0
243.675,-2871.0
243.7,-2587.0
243.725,-2548.0
243.75,-2921.0
243.775,-2609.0
243.8,-2625.0
243.825,-3220.0
243.85,-2978.0
243.875,-2604.0
243.9,-2679.0
243.925,-2141.0
243.95,-2088.0
243.975,-2690.0
244.0,-2386.0
244.025,-2229.0
244.05,-1846.0
244.075,-1857.0
244.1,-2577.0
244.125,-1952.0
244.15,-1916.0
244.175,-2574.0
244.2,-1970.0
244.225,-1277.0
244.25,-1669.0
244.275,-2236.0
244.3,-1834.0
244.325,-852.0
244.35,-590.0
244.375,-937.0
244.4,-1020.0
244.425,-1436.0
244.45,-883.0
244.475,-237.0
244.5,-863.0
244.525,-1005.0
244.55,-817.0
244.575,-238.0
244.6,-687.0
244.625,-980.0
244.65,340.0
244.675,-104.0
244.7,-667.0
244.725,392.0
244.75,756.0
244.775,653.0
244.8,369.0
244.825,234.0
244.85,717.0
244.875,620.0
244.9,222.0
244.925,225.0
244.95,161.0
244.975,-288.0
245.0,175.0
245.025,378.0
245.05,-408.0
245.075,-88.0
245.1,-507.0
245.125,-331.0
245.15,724.0
245.175,148.0
245.2,370.0
245.225,611.0
245.25,795.0
245.275,1550.0
245.3,1455.0
245.325,1442.0
245.35,1431.0
245.375,2161.0
245.4,2134.0
245.425,708.0
245.45,1073.0
245.475,1831.0
245.5,1847.0
245.525,1595.0
245.55,776.0
245.575,971.0
245.6,1673.0
245.625,1247.0
245.65,1526.0
245.675,1675.0
245.7,824.0
245.725,1486.0
245.75,2005.0
245.775,1952.0
245.8,1523.0
245.825,872.0
245.85,2139.0
245.875,2739.0
245.9,1327.0
245.925,1206.0
245.95,2219.0
245.975,1810.0
246.0,2002.0
246.025,2456.0
246.05,1520.0
246.075,1817.0
246.1,2646.0
246.125,2319.0
246.15,2193.0
246.175,2421.0
246.2,2037.0
246.225,2041.0
246.25,2369.0
246.275,2830.0
246.3,3218.0
246.325,2194.0
246.35,1656.0
246.375,2531.0
246.4,2972.0
246.425,2615.0
246.45,2399.0
246.475,2776.0
246.5,3105.0
246.525,2425.0
246.55,2170.0
246.575,3409.0
246.6,3702.0
246.625,3022.0
246.65,2833.0
246.675,3106.0
246.7,3933.0
246.725,3851.0
246.75,3207.0
246.775,3545.0
246.8,4005.0
246.825,3875.0
246.85,3749.0
246.875,4458.0
246.9,4031.0
246.925,3520.0
246.95,4399.0
246.975,4331.0
247.0,4063.0
247.025,3303.0
247.05,3004.0
247.075,4395.0
247.1,4119.0
247.125,2589.0
247.15,2784.0
247.175,3704.0
247.2,4060.0
247.225,3783.0
247.25,3110.0
247.275,3293.0
247.3,3578.0
247.325,3604.0
247.35,3704.0
247.375,2622.0
247.4,2303.0
247.425,3595.0
247.45,3570.0
247.475,3066.0
247.5,2606.0
247.525,2319.0
247.55,3711.0
247.575,3976.0
247.6,3108.0
247.625,2929.0
247.65,2877.0
247.675,3639.0
247.7,4190.0
247.725,3619.0
247.75,2825.0
247.775,2951.0
247.8,4148.0
247.825,4553.0
247.85,3784.0
247.875,3257.0
247.9,3613.0
247.925,4095.0
247.95,4483.0
247.975,4655.0
248.0,4166.0
248.025,4372.0
248.05,4873.0
248.075,4742.0
248.1,4985.0
248.125,5191.0
248.15,5157.0
248.175,5307.0
248.2,5700.0
248.225,5648.0
248.25,5425.0
248.275,5924.0
248.3,5463.0
248.325,5104.0
248.35,5510.0
248.375,4846.0
248.4,5106.0
248.425,5613.0
248.45,4326.0
248.475,4180.0
248.5,4856.0
248.525,4772.0
248.55,5177.0
248.575,4737.0
248.6,4429.0
248.625,5410.0
248.65,4989.0
248.675,4927.0
248.7,6041.0
248.725,5662.0
248.75,5211.0
248.775,5215.0
248.8,5364.0
248.825,5464.0
248.85,5474.0
248.875,5898.0
248.9,5188.0
248.925,5037.0
248.95,5185.0
248.975,4880.0
249.0,5430.0
249.025,5103.0
249.05,4903.0
249.075,4799.0
249.1,4493.0
249.125,5293.0
249.15,5699.0
249.175,4900.0
249.2,3943.0
249.225,4427.0
249.25,5417.0
249.275,4911.0
249.3,3294.0
249.325,3669.0
249.35,4961.0
249.375,3355.0
249.4,2972.0
249.425,3828.0
249.45,2846.0
249.475,2504.0
249.5,2072.0
249.525,2220.0
249.55,3111.0
249.575,2149.0
249.6,1816.0
249.625,2355.0
249.65,1681.0
249.675,1766.0
249.7,2328.0
249.725,1963.0
249.75,1303.0
249.775,1037.0
249.8,1909.0
249.825,1436.0
249.85,123.0
249.875,698.0
249.9,369.0
249.925,-295.0
249.95,594.0
249.975,81.0
250.0,-1231.0
250.025,-720.0
250.05,-377.0
250.075,-749.0
250.1,-881.0
250.125,-1391.0
250.15,-1218.0
250.175,-666.0
250.2,-720.0
250.225,-1458.0
250.25,-1776.0
250.275,-1306.0
250.3,-1345.0
250.325,-1254.0
250.35,-1827.0
250.375,-2220.0
250.4,-1663.0
250.425,-1734.0
250.45,-1685.0
250.475,-1773.0
250.5,-1885.0
250.525,-1931.0
250.55,-1721.0
250.575,-1116.0
250.6,-1867.0
250.625,-2559.0
250.65,-2029.0
250.675,-1412.0
250.7,-1787.0
250.725,-2679.0
250.75,-2309.0
250.775,-2395.0
250.8,-2794.0
250.825,-2500.0
250.85,-3158.0
250.875,-3384.0
250.9,-2860.0
250.925,-2698.0
250.95,-2549.0
250.975,-2668.0
251.0,-2517.0
251.025,-2200.0
251.05,-2451.0
251.075,-2102.0
251.1,-1276.0
251.125,-1766.0
251.15,-2675.0
251.175,-1889.0
251.2,-1395.0
251.225,-1838.0
251.25,-1653.0
251.275,-2103.0
251.3,-1903.0
251.325,-1519.0
251.35,-1520.0
251.375,-1073.0
251.4,-2029.0
251.425,-1347.0
251.45,-370.0
251.475,-2179.0
251.5,-1292.0
251.525,35.0
251.55,-1538.0
251.575,-1145.0
251.6,-188.0
251.625,-893.0
251.65,-1122.0
251.675,-153.0
251.7,228.0
251.725,-888.0
251.75,-548.0
251.775,-109.0
251.8,-531.0
251.825,654.0
251.85,319.0
251.875,-860.0
251.9,305.0
251.925,1142.0
251.95,1233.0
251.975,677.0
252.0,325.0
252.025,1350.0
252.05,1037.0
252.075,1094.0
252.1,2021.0
252.125,1035.0
252.15,1012.0
252.175,1852.0
252.2,1616.0
252.225,1975.0
252.25,2333.0
252.275,2033.0
252.3,1874.0
252.325,2376.0
252.35,2471.0
252.375,2166.0
252.4,2582.0
252.425,2560.0
252.45,2621.0
252.475,3158.0
252.5,3163.0
252.525,3230.0
252.55,3368.0
252.575,3488.0
252.6,4262.0
252.625,4084.0
252.65,3530.0
252.675,4617.0
252.7,4692.0
252.725,4264.0
252.75,4280.0
252.775,3634.0
252.8,3956.0
252.825,4157.0
252.85,3526.0
252.875,3504.0
252.9,3718.0
252.925,3220.0
252.95,3351.0
252.975,3989.0
253.0,3256.0
253.025,3259.0
253.05,4119.0
253.075,3877.0
253.1,3992.0
253.125,4549.0
253.15,4244.0
253.175,4448.0
253.2,5024.0
253.225,4794.0
253.25,4575.0
253.275,4941.0
253.3,5088.0
253.325,4094.0
253.35,4313.0
253.375,5270.0
253.4,4445.0
253.425,4214.0
253.45,4280.0
253.475,3838.0
253.5,4407.0
253.525,4481.0
253.55,4191.0
253.575,4598.0
253.6,4818.0
253.625,4279.0
253.65,3834.0
253.675,4727.0
253.7,5032.0
253.725,4303.0
253.75,4371.0
253.775,4825.0
253.8,4784.0
253.825,4550.0
253.85,5005.0
253.875,5040.0
253.9,4450.0
253.925,4636.0
253.95,5268.0
253.975,5331.0
254.0,4488.0
254.025,4488.0
254.05,5686.0
254.075,5495.0
254.1,4702.0
254.125,5154.0
254.15,5122.0
254.175,4718.0
254.2,4843.0
254.225,4675.0
254.25,4456.0
254.275,4277.0
254.3,4487.0
254.325,4681.0
254.35,4292.0
254.375,4219.0
254.4,3995.0
254.425,4473.0
254.45,4651.0
254.475,3420.0
254.5,4219.0
254.525,4947.0
254.55,4079.0
254.575,4133.0
254.6,4476.0
254.625,4116.0
254.65,3483.0
254.675,4075.0
254.7,4624.0
254.725,3980.0
254.75,3733.0
254.775,3887.0
254.8,3675.0
254.825,3630.0
254.85,3512.0
254.875,3134.0
254.9,3213.0
254.925,3668.0
254.95,3850.0
254.975,3636.0
255.0,3642.0
255.025,2926.0
255.05,2992.0
255.075,3851.0
255.1,3300.0
255.125,3166.0
255.15,2897.0
255.175,3009.0
255.2,3757.0
255.225,3114.0
255.25,2739.0
255.275,2576.0
255.3,2805.0
255.325,3455.0
255.35,2649.0
255.375,2357.0
255.4,2888.0
255.425,2969.0
255.45,2815.0
255.475,2126.0
255.5,2271.0
255.525,2867.0
255.55,2320.0
255.575,1825.0
255.6,2162.0
255.625,2035.0
255.65,1762.0
255.675,2023.0
255.7,1713.0
255.725,1992.0
255.75,2320.0
255.775,1524.0
255.8,1638.0
255.825,2154.0
255.85,1959.0
255.875,1560.0
255.9,1879.0
255.925,2229.0
255.95,1745.0
255.975,1918.0
256.0,1759.0
256.025,1581.0
256.05,2032.0
256.075,1448.0
256.1,1452.0
256.125,1857.0
256.15,1336.0
256.175,1130.0
256.2,1174.0
256.225,1043.0
256.25,1052.0
256.275,889.0
256.3,1020.0
256.325,1108.0
256.35,337.0
256.375,674.0
256.4,1279.0
256.425,678.0
256.45,401.0
256.475,824.0
256.5,800.0
256.525,208.0
256.55,699.0
256.575,736.0
256.6,-390.0
256.625,-200.0
256.65,203.0
256.675,-254.0
256.7,-372.0
256.725,-714.0
256.75,-360.0
256.775,106.0
256.8,-901.0
256.825,-791.0
256.85,-352.0
256.875,-617.0
256.9,-127.0
256.925,-150.0
256.95,-256.0
256.975,-82.0
257.0,-654.0
257.025,-140.0
257.05,-249.0
257.075,-1446.0
257.1,-632.0
257.125,-262.0
257.15,-1172.0
257.175,-1335.0
257.2,-610.0
257.225,-110.0
257.25,-928.0
257.275,-1190.0
257.3,-427.0
257.325,-481.0
257.35,-163.0
257.375,-175.0
257.4,-757.0
257.425,-88.0
257.45,-583.0
257.475,-1110.0
257.5,-355.0
257.525,-289.0
257.55,-471.0
257.575,-795.0
257.6,-724.0
257.625,-33.0
257.65,21.0
257.675,-510.0
257.7,-270.0
257.725,302.0
257.75,462.0
257.775,622.0
257.8,461.0
257.825,777.0
257.85,1480.0
257.875,1279.0
257.9,840.0
257.925,935.0
257.95,1619.0
257.975,1571.0
258.0,1211.0
258.025,1471.0
258.05,757.0
258.075,1022.0
258.1,1960.0
258.125,1633.0
258.15,1454.0
258.175,1651.0
258.2,2063.0
258.225,1461.0
258.25,1021.0
258.275,1540.0
258.3,1676.0
258.325,1746.0
258.35,1333.0
258.375,1171.0
258.4,1166.0
258.425,1227.0
258.45,1820.0
258.475,1007.0
258.5,329.0
258.525,1160.0
258.55,869.0
258.575,277.0
258.6,411.0
258.625,310.0
258.65,407.0
258.675,336.0
258.7,536.0
258.725,504.0
258.75,-177.0
258.775,360.0
258.8,830.0
258.825,855.0
258.85,1059.0
258.875,700.0
258.9,642.0
258.925,570.0
258.95,647.0
258.975,956.0
259.0,507.0
259.025,200.0
259.05,363.0
259.075,330.0
259.1,237.0
259.125,380.0
259.15,313.0
259.175,-18.0
259.2,-96.0
259.225,316.0
259.25,318.0
259.275,122.0
259.3,176.0
259.325,21.0
259.35,599.0
259.375,749.0
259.4,797.0
259.425,1223.0
259.45,544.0
259.475,795.0
259.5,1510.0
259.525,1183.0
259.55,1237.0
259.575,1110.0
259.6,892.0
259.625,1522.0
259.65,1938.0
259.675,1759.0
259.7,1465.0
259.725,1744.0
259.75,2090.0
259.775,1957.0
259.8,1878.0
259.825,2013.0
259.85,2180.0
259.875,1737.0
259.9,2074.0
259.925,2710.0
259.95,2217.0
259.975,2053.0
260.0,2102.0
260.025,2281.0
260.05,2796.0
260.075,2770.0
260.1,2754.0
260.125,2906.0
260.15,2866.0
260.175,3580.0
260.2,3821.0
260.225,3626.0
260.25,3986.0
260.275,3963.0
260.3,4026.0
260.325,3601.0
260.35,3604.0
260.375,4785.0
260.4,4413.0
260.425,3456.0
260.45,4284.0
260.475,5034.0
260.5,4705.0
260.525,4682.0
260.55,5218.0
260.575,5532.0
260.6,5501.0
260.625,5749.0
260.65,5877.0
260.675,6330.0
260.7,6674.0
260.725,6142.0
260.75,6983.0
260.775,7460.0
260.8,6518.0
260.825,7248.0
260.85,7927.0
260.875,7394.0
260.9,7234.0
260.925,7571.0
260.95,8154.0
260.975,8006.0
261.0,8000.0
261.025,8252.0
261.05,7866.0
261.075,8495.0
261.1,9421.0
261.125,9313.0
261.15,9004.0
261.175,8831.0
261.2,9085.0
261.225,9574.0
261.25,9492.0
261.275,9177.0
261.3,9004.0
261.325,9031.0
261.35,9594.0
261.375,9811.0
261.4,9353.0
261.425,8956.0
261.45,9122.0
261.475,9906.0
261.5,10233.0
261.525,9326.0
261.55,8785.0
261.575,9293.0
261.6,9438.0
261.625,9014.0
261.65,8453.0
261.675,8177.0
261.7,8018.0
261.725,8106.0
261.75,7822.0
261.775,7154.0
261.8,7296.0
261.825,7046.0
261.85,6103.0
261.875,6074.0
261.9,6776.0
261.925,6188.0
261.95,5034.0
261.975,4927.0
262.0,5099.0
262.025,4908.0
262.05,4884.0
262.075,4281.0
262.1,3321.0
262.125,3711.0
262.15,3869.0
262.175,3369.0
262.2,2452.0
262.225,1717.0
262.25,2086.0
262.275,1985.0
262.3,838.0
262.325,246.0
262.35,742.0
262.375,273.0
262.4,-437.0
262.425,-520.0
262.45,-549.0
262.475,-1213.0
262.5,-2111.0
262.525,-1274.0
262.55,-1205.0
262.575,-2562.0
262.6,-2704.0
262.625,-2433.0
262.65,-2857.0
262.675,-3216.0
262.7,-3163.0
262.725,-3479.0
262.75,-3985.0
262.775,-3926.0
262.8,-3631.0
262.825,-4037.0
262.85,-5012.0
262.875,-4735.0
262.9,-4267.0
262.925,-4705.0
262.95,-4390.0
262.975,-5027.0
263.0,-5724.0
263.025,-4450.0
263.05,-4832.0
263.075,-5292.0
263.1,-4313.0
263.125,-4691.0
263.15,-4504.0
263.175,-4388.0
263.2,-4446.0
263.225,-3724.0
263.25,-4295.0
263.275,-4312.0
263.3,-3581.0
263.325,-3771.0
263.35,-3844.0
263.375,-3420.0
263.4,-3633.0
263.425,-3749.0
263.45,-3046.0
263.475,-3177.0
263.5,-3794.0
263.525,-3915.0
263.55,-3219.0
263.575,-3033.0
263.6,-4169.0
263.625,-4419.0
263.65,-3907.0
263.675,-3928.0
263.7,-3942.0
263.725,-3710.0
263.75,-3957.0
263.775,-3664.0
263.8,-2838.0
263.825,-3137.0
263.85,-3244.0
263.875,-2524.0
263.9,-2326.0
263.925,-2903.0
263.95,-2960.0
263.975,-2165.0
264.0,-1906.0
264.025,-2019.0
264.05,-2515.0
264.075,-2518.0
264.1,-2055.0
264.125,-2597.0
264.15,-2177.0
264.175,-2022.0
264.2,-2642.0
264.225,-2179.0
264.25,-2464.0
264.275,-2436.0
264.3,-1366.0
264.325,-1747.0
264.35,-1828.0
264.375,-1253.0
264.4,-1571.0
264.425,-492.0
264.45,-367.0
264.475,-1075.0
264.5,-558.0
264.525,-954.0
264.55,-1.0
264.575,743.0
264.6,-305.0
264.625,-101.0
264.65,376.0
264.675,728.0
264.7,888.0
264.725,317.0
264.75,958.0
264.775,1343.0
264.8,800.0
264.825,1623.0
264.85,2058.0
264.875,1524.0
264.9,1701.0
264.925,2182.0
264.95,2064.0
264.975,2589.0
265.0,3116.0
265.025,2350.0
265.05,2772.0
265.075,3627.0
265.1,3507.0
265.125,3835.0
265.15,4207.0
265.175,4063.0
265.2,4140.0
265.225,4269.0
265.25,4501.0
265.275,5068.0
265.3,4724.0
265.325,4286.0
265.35,4602.0
265.375,4716.0
265.4,4980.0
265.425,5002.0
265.45,4939.0
265.475,5151.0
265.5,4848.0
265.525,5467.0
265.55,6153.0
265.575,5558.0
265.6,5630.0
265.625,6098.0
265.65,6261.0
265.675,6187.0
265.7,6045.0
265.725,6547.0
265.75,7074.0
265.775,7011.0
265.8,7090.0
265.825,7135.0
265.85,7041.0
265.875,7640.0
265.9,7489.0
265.925,6916.0
265.95,7686.0
265.975,8095.0
266.0,7658.0
266.025,7627.0
266.05,7464.0
266.075,7554.0
266.1,7753.0
266.125,7415.0
266.15,7622.0
266.175,7505.0
266.2,7720.0
266.225,7995.0
266.25,7108.0
266.275,7181.0
266.3,7677.0
266.325,7723.0
266.35,7689.0
266.375,7655.0
266.4,7507.0
266.425,7496.0
266.45,7502.0
266.475,7180.0
266.5,7640.0
266.525,7241.0
266.55,6553.0
266.575,7016.0
266.6,6445.0
266.625,6507.0
266.65,6791.0
266.675,5655.0
266.7,5472.0
266.725,5688.0
266.75,5384.0
266.775,4971.0
266.8,4382.0
266.825,4030.0
266.85,3848.0
266.875,3594.0
266.9,3737.0
266.925,3482.0
266.95,2874.0
266.975,3381.0
267.0,3528.0
267.025,3096.0
267.05,2644.0
267.075,2273.0
267.1,2664.0
267.125,2446.0
267.15,1837.0
267.175,1718.0
267.2,1191.0
267.225,670.0
267.25,1309.0
267.275,1704.0
267.3,759.0
267.325,90.0
267.35,176.0
267.375,620.0
267.4,696.0
267.425,227.0
267.45,82.0
267.475,-261.0
267.5,238.0
267.525,729.0
267.55,-347.0
267.575,-122.0
267.6,159.0
267.625,-613.0
267.65,-433.0
267.675,-62.0
267.7,-255.0
267.725,-1337.0
267.75,-1158.0
267.775,379.0
267.8,-328.0
267.825,-1172.0
267.85,-656.0
267.875,-655.0
267.9,-294.0
267.925,-554.0
267.95,-563.0
267.975,336.0
268.0,-240.0
268.025,-333.0
268.05,568.0
268.075,599.0
268.1,-4.0
268.125,187.0
268.15,767.0
268.175,797.0
268.2,813.0
268.225,922.0
268.25,966.0
268.275,895.0
268.3,1015.0
268.325,1080.0
268.35,1417.0
268.375,1391.0
268.4,1126.0
268.425,1106.0
268.45,876.0
268.475,1548.0
268.5,1962.0
268.525,1341.0
268.55,1206.0
268.575,1578.0
268.6,1880.0
268.625,2208.0
268.65,1608.0
268.675,920.0
268.7,1726.0
268.725,2087.0
268.75,1668.0
268.775,1330.0
268.8,1234.0
268.825,1890.0
268.85,1953.0
268.875,1645.0
268.9,1784.0
268.925,1855.0
268.95,2284.0
268.975,2419.0
269.0,2572.0
269.025,1981.0
269.05,1765.0
269.075,2963.0
269.1,2529.0
269.125,2585.0
269.15,2528.0
269.175,1641.0
269.2,2162.0
269.225,2589.0
269.25,2655.0
269.275,2189.0
269.3,2154.0
269.325,2385.0
269.35,2260.0
269.375,2503.0
269.4,2485.0
269.425,2499.0
269.45,2082.0
269.475,1933.0
269.5,2939.0
269.525,3222.0
269.55,2759.0
269.575,2427.0
269.6,2655.0
269.625,3257.0
269.65,3300.0
269.675,3171.0
269.7,2652.0
269.725,2671.0
269.75,3015.0
269.775,2166.0
269.8,2104.0
269.825,2827.0
269.85,2319.0
269.875,1560.0
269.9,1880.0
269.925,2127.0
269.95,2257.0
269.975,2028.0
270.0,1475.0
270.025,2189.0
270.05,2370.0
270.075,1869.0
270.1,2047.0
270.125,2105.0
270.15,2480.0
270.175,2620.0
270.2,1769.0
270.225,2147.0
270.25,2588.0
270.275,1919.0
270.3,2306.0
270.325,2307.0
270.35,2261.0
270.375,2459.0
270.4,1794.0
270.425,1768.0
270.45,1941.0
270.475,2120.0
270.5,1872.0
270.525,1732.0
270.55,1912.0
270.575,1062.0
270.6,1936.0
270.625,2245.0
270.65,1062.0
270.675,1654.0
270.7,1341.0
270.725,1380.0
270.75,1844.0
270.775,908.0
270.8,1055.0
270.825,1773.0
270.85,1227.0
270.875,585.0
270.9,1305.0
270.925,1109.0
270.95,629.0
270.975,1133.0
271.0,511.0
271.025,722.0
271.05,1066.0
271.075,300.0
271.1,534.0
271.125,341.0
271.15,110.0
271.175,32.0
271.2,-404.0
271.225,207.0
271.25,343.0
271.275,-171.0
271.3,-650.0
271.325,-520.0
271.35,504.0
271.375,376.0
271.4,-549.0
271.425,-704.0
271.45,-91.0
271.475,257.0
271.5,-387.0
271.525,-932.0
271.55,-556.0
271.575,-325.0
271.6,-612.0
271.625,-1136.0
271.65,-1387.0
271.675,-1209.0
271.7,-992.0
271.725,-964.0
271.75,-1690.0
271.775,-1564.0
271.8,-912.0
271.825,-762.0
271.85,-503.0
271.875,-1138.0
271.9,-1134.0
271.925,-198.0
271.95,-631.0
271.975,-795.0
272.0,26.0
272.025,-67.0
272.05,-231.0
272.075,-125.0
272.1,144.0
272.125,692.0
272.15,372.0
272.175,208.0
272.2,405.0
272.225,544.0
272.25,1062.0
272.275,699.0
272.3,645.0
272.325,1400.0
272.35,1379.0
272.375,1227.0
272.4,1229.0
272.425,1355.0
272.45,1154.0
272.475,1302.0
272.5,2162.0
272.525,1759.0
272.55,872.0
272.575,1593.0
272.6,2148.0
272.625,1540.0
272.65,1849.0
272.675,2126.0
272.7,2035.0
272.725,2059.0
272.75,1885.0
272.775,2393.0
272.8,2290.0
272.825,1940.0
272.85,2218.0
272.875,1839.0
272.9,1955.0
272.925,2468.0
272.95,1929.0
272.975,1974.0
273.0,2508.0
273.025,2334.0
273.05,2417.0
273.075,2637.0
273.1,2842.0
273.125,3243.0
273.15,3248.0
273.175,2539.0
273.2,2882.0
273.225,4019.0
273.25,3261.0
273.275,2739.0
273.3,3396.0
273.325,3271.0
273.35,3336.0
273.375,3804.0
273.4,3754.0
273.425,3841.0
273.45,3978.0
273.475,3927.0
273.5,4410.0
273.525,4538.0
273.55,3809.0
273.575,3861.0
273.6,4559.0
273.625,4524.0
273.65,4456.0
273.675,4440.0
273.7,4193.0
273.725,4376.0
273.75,5051.0
273.775,5401.0
273.8,5328.0
273.825,5411.0
273.85,5556.0
273.875,5585.0
273.9,5418.0
273.925,5842.0
273.95,5966.0
273.975,5264.0
274.0,5046.0
274.025,5500.0
274.05,5554.0
274.075,4676.0
274.1,4585.0
274.125,4753.0
274.15,4309.0
274.175,4207.0
274.2,4576.0
274.225,5175.0
274.25,5051.0
274.275,4218.0
274.3,4479.0
274.325,5510.0
274.35,5492.0
274.375,5314.0
274.4,5125.0
274.425,5283.0
274.45,6001.0
274.475,5488.0
274.5,4826.0
274.525,4828.0
274.55,5134.0
274.575,5507.0
274.6,5005.0
274.625,4389.0
274.65,4436.0
274.675,5174.0
274.7,5267.0
274.725,3784.0
274.75,3837.0
274.775,5148.0
274.8,4501.0
274.825,3720.0
274.85,4077.0
274.875,4250.0
274.9,4802.0
274.925,4866.0
274.95,3871.0
274.975,3927.0
275.0,4311.0
275.025,4563.0
275.05,4155.0
275.075,2768.0
275.1,3593.0
275.125,4293.0
275.15,3142.0
275.175,3183.0
275.2,3216.0
275.225,3035.0
275.25,3491.0
275.275,3263.0
275.3,2864.0
275.325,2888.0
275.35,2690.0
275.375,2405.0
275.4,2588.0
275.425,2590.0
275.45,2547.0
275.475,2586.0
275.5,2017.0
275.525,1956.0
275.55,1903.0
275.575,1645.0
275.6,1735.0
275.625,1558.0
275.65,1326.0
275.675,1041.0
275.7,1120.0
275.725,1293.0
275.75,926.0
275.775,708.0
275.8,1266.0
275.825,1425.0
275.85,1293.0
275.875,1629.0
275.9,1090.0
275.925,1029.0
275.95,1624.0
275.975,897.0
276.0,337.0
276.025,603.0
276.05,233.0
276.075,-100.0
276.1,562.0
276.125,504.0
276.15,-289.0
276.175,-217.0
276.2,-196.0
276.225,41.0
276.25,310.0
276.275,-161.0
276.3,-66.0
276.325,-237.0
276.35,-600.0
276.375,-158.0
276.4,236.0
276.425,-120.0
276.45,-762.0
276.475,-709.0
276.5,-110.0
276.525,-172.0
276.55,-943.0
276.575,-736.0
276.6,-770.0
276.625,-1361.0
276.65,-1075.0
276.675,-1208.0
276.7,-1285.0
276.725,-798.0
276.75,-1336.0
276.775,-1824.0
276.8,-801.0
276.825,-151.0
276.85,-545.0
276.875,-670.0
276.9,-117.0
276.925,251.0
276.95,120.0
276.975,133.0
277.0,612.0
277.025,890.0
277.05,55.0
277.075,424.0
277.1,1313.0
277.125,550.0
277.15,645.0
277.175,1597.0
277.2,1103.0
277.225,212.0
277.25,814.0
277.275,1388.0
277.3,1118.0
277.325,833.0
277.35,637.0
277.375,1502.0
277.4,1924.0
277.425,890.0
277.45,1488.0
277.475,2481.0
277.5,1976.0
277.525,1658.0
277.55,1622.0
277.575,2007.0
277.6,2104.0
277.625,2080.0
277.65,2556.0
277.675,2363.0
277.7,1904.0
277.725,2113.0
277.75,2674.0
277.775,2396.0
277.8,1595.0
277.825,1832.0
277.85,2267.0
277.875,2149.0
277.9,2497.0
277.925,2213.0
277.95,1784.0
277.975,2060.0
278.0,2017.0
278.025,2726.0
278.05,2719.0
278.075,1681.0
278.1,2234.0
278.125,2862.0
278.15,2565.0
278.175,2503.0
278.2,2565.0
278.225,2729.0
278.25,2600.0
278.275,2308.0
278.3,2571.0
278.325,2768.0
278.35,2343.0
278.375,2183.0
278.4,2457.0
278.425,2195.0
278.45,2076.0
278.475,2160.0
278.5,2206.0
278.525,2307.0
278.55,1751.0
278.575,1467.0
278.6,1801.0
278.625,2112.0
278.65,2247.0
278.675,1902.0
278.7,1358.0
278.725,1229.0
278.75,2015.0
278.775,2378.0
278.8,1434.0
278.825,1109.0
278.85,1235.0
278.875,837.0
278.9,893.0
278.925,1114.0
278.95,521.0
278.975,90.0
279.0,243.0
279.025,103.0
279.05,189.0
279.075,570.0
279.1,701.0
279.125,593.0
279.15,166.0
279.175,98.0
279.2,902.0
279.225,1092.0
279.25,48.0
279.275,-89.0
279.3,824.0
279.325,625.0
279.35,-304.0
279.375,-272.0
279.4,762.0
279.425,914.0
279.45,-181.0
279.475,30.0
279.5,757.0
279.525,349.0
279.55,131.0
279.575,436.0
279.6,312.0
279.625,-182.0
279.65,178.0
279.675,1048.0
279.7,823.0
279.725,179.0
279.75,495.0
279.775,313.0
279.8,398.0
279.825,1727.0
279.85,1557.0
279.875,902.0
279.9,1156.0
279.925,1337.0
279.95,1612.0
279.975,1477.0
280.0,1005.0
280.025,1396.0
280.05,2048.0
280.075,1660.0
280.1,1339.0
280.125,1509.0
280.15,1872.0
280.175,2291.0
280.2,1570.0
280.225,1278.0
280.25,1803.0
280.275,1780.0
280.3,2019.0
280.325,1970.0
280.35,1884.0
280.375,2139.0
280.4,1994.0
280.425,2391.0
280.45,2605.0
280.475,2233.0
280.5,2323.0
280.525,2057.0
280.55,1847.0
280.575,2475.0
280.6,2520.0
280.625,2309.0
280.65,2419.0
280.675,2273.0
280.7,2762.0
280.725,3141.0
280.75,3004.0
280.775,3203.0
280.8,3474.0
280.825,3759.0
280.85,3803.0
280.875,3350.0
280.9,3410.0
280.925,4479.0
280.95,4050.0
280.975,3584.0
281.0,4255.0
281.025,3795.0
281.05,4006.0
281.075,4651.0
281.1,4709.0
281.125,4349.0
281.15,4150.0
281.175,4981.0
281.2,5160.0
281.225,4893.0
281.25,5134.0
281.275,5452.0
281.3,5640.0
281.325,5297.0
281.35,5230.0
281.375,5856.0
281.4,5837.0
281.425,5588.0
281.45,5225.0
281.475,4782.0
281.5,5171.0
281.525,5211.0
281.55,4988.0
281.575,5071.0
281.6,5012.0
281.625,4971.0
281.65,5060.0
281.675,4934.0
281.7,4337.0
281.725,4431.0
281.75,5075.0
281.775,4739.0
281.8,4234.0
281.825,4494.0
281.85,4812.0
281.875,4868.0
281.9,4563.0
281.925,4384.0
281.95,4741.0
281.975,4761.0
282.0,4046.0
282.025,3899.0
282.05,4711.0
282.075,4834.0
282.1,4372.0
282.125,4190.0
282.15,3575.0
282.175,3484.0
282.2,4583.0
282.225,4428.0
282.25,3493.0
282.275,3476.0
282.3,3731.0
282.325,3825.0
282.35,4031.0
282.375,3758.0
282.4,2952.0
282.425,3560.0
282.45,3510.0
282.475,2995.0
282.5,3548.0
282.525,3446.0
282.55,3941.0
282.575,3347.0
282.6,2512.0
282.625,3527.0
282.65,3323.0
282.675,2931.0
282.7,2833.0
282.725,2955.0
282.75,3570.0
282.775,2580.0
282.8,2438.0
282.825,2856.0
282.85,2429.0
282.875,2868.0
282.9,2584.0
282.925,2892.0
282.95,3397.0
282.975,2619.0
283.0,3130.0
283.025,3681.0
283.05,3244.0
283.075,3039.0
283.1,3067.0
283.125,2927.0
283.15,2869.0
283.175,3150.0
283.2,3279.0
283.225,3116.0
283.25,2704.0
283.275,2570.0
283.3,2511.0
283.325,2482.0
283.35,2376.0
283.375,2263.0
283.4,2851.0
283.425,2198.0
283.45,1348.0
283.475,2163.0
283.5,1872.0
283.525,1131.0
283.55,1596.0
283.575,1625.0
283.6,1703.0
283.625,2044.0
283.65,1603.0
283.675,1130.0
283.7,1315.0
283.725,2243.0
283.75,1948.0
283.775,543.0
283.8,894.0
283.825,1420.0
283.85,1108.0
283.875,506.0
283.9,-379.0
283.925,-88.0
283.95,371.0
283.975,34.0
284.0,-38.0
284.025,-370.0
284.05,-1208.0
284.075,-1115.0
284.1,-796.0
284.125,-902.0
284.15,-523.0
284.175,-804.0
284.2,-1397.0
284.225,-1297.0
284.25,-1154.0
284.275,-1238.0
284.3,-1741.0
284.325,-1947.0
284.35,-2074.0
284.375,-2199.0
284.4,-1946.0
284.425,-2427.0
284.45,-2439.0
284.475,-2419.0
284.5,-3092.0
284.525,-2778.0
284.55,-3008.0
284.575,-3024.0
284.6,-2807.0
284.625,-4044.0
284.65,-3828.0
284.675,-2961.0
284.7,-3244.0
284.725,-3297.0
284.75,-3909.0
284.775,-3558.0
284.8,-2484.0
284.825,-3326.0
284.85,-3354.0
284.875,-3144.0
284.9,-3324.0
284.925,-2728.0
284.95,-3234.0
284.975,-3128.0
285.0,-3384.0
285.025,-4103.0
285.05,-2649.0
285.075,-2589.0
285.1,-3234.0
285.125,-3011.0
285.15,-3156.0
285.175,-2353.0
285.2,-2668.0
285.225,-2785.0
285.25,-1658.0
285.275,-1743.0
285.3,-1759.0
285.325,-1370.0
285.35,-1172.0
285.375,-1263.0
285.4,-913.0
285.425,-861.0
285.45,-716.0
285.475,78.0
285.5,-339.0
285.525,-468.0
285.55,274.0
285.575,606.0
285.6,234.0
285.625,350.0
285.65,1155.0
285.675,1282.0
285.7,1291.0
285.725,893.0
285.75,1151.0
285.775,2641.0
285.8,2354.0
285.825,1947.0
285.85,2344.0
285.875,2554.0
285.9,3630.0
285.925,2992.0
285.95,2521.0
285.975,3570.0
286.0,3309.0
286.025,3539.0
286.05,4109.0
286.075,3407.0
286.1,3543.0
286.125,4026.0
286.15,3181.0
286.175,3614.0
286.2,4029.0
286.225,3962.0
286.25,4656.0
286.275,3981.0
286.3,4274.0
286.325,5400.0
286.35,4846.0
286.375,4882.0
286.4,5400.0
286.425,4848.0
286.45,4885.0
286.475,5413.0
286.5,5063.0
286.525,4688.0
286.55,4851.0
286.575,5027.0
286.6,4940.0
286.625,4495.0
286.65,4584.0
286.675,5248.0
286.7,4973.0
286.725,4797.0
286.75,5189.0
286.775,5265.0
286.8,5270.0
286.825,5051.0
286.85,5268.0
286.875,5735.0
286.9,5289.0
286.925,4920.0
286.95,5508.0
286.975,5537.0
287.0,5081.0
287.025,5285.0
287.05,5756.0
287.075,5980.0
287.1,5439.0
287.125,5686.0
287.15,5943.0
287.175,5105.0
287.2,5541.0
287.225,5583.0
287.25,5216.0
287.275,5861.0
287.3,5619.0
287.325,5512.0
287.35,5553.0
287.375,5466.0
287.4,5993.0
287.425,5813.0
287.45,5608.0
287.475,5559.0
287.5,5691.0
287.525,5938.0
287.55,5692.0
287.575,5840.0
287.6,5381.0
287.625,5091.0
287.65,5791.0
287.675,5676.0
287.7,5308.0
287.725,5458.0
287.75,5593.0
287.775,5442.0
287.8,5367.0
287.825,5519.0
287.85,5353.0
287.875,5389.0
287.9,5298.0
287.925,4650.0
287.95,4796.0
287.975,4998.0
288.0,4500.0
288.025,4157.0
288.05,4300.0
288.075,4336.0
288.1,3498.0
288.125,3105.0
288.15,3459.0
288.175,3544.0
288.2,3760.0
288.225,3538.0
288.25,2869.0
288.275,2911.0
288.3,3114.0
288.325,3472.0
288.35,3397.0
288.375,2111.0
288.4,2293.0
288.425,2994.0
288.45,2274.0
288.475,2602.0
288.5,2478.0
288.525,1818.0
288.55,2304.0
288.575,2098.0
288.6,1716.0
288.625,1580.0
288.65,1807.0
288.675,1437.0
288.7,752.0
288.725,1169.0
288.75,942.0
288.775,985.0
288.8,824.0
288.825,-37.0
288.85,627.0
288.875,1372.0
288.9,663.0
288.925,178.0
288.95,762.0
288.975,782.0
289.0,267.0
289.025,258.0
289.05,-134.0
289.075,-524.0
289.1,102.0
289.125,-145.0
289.15,-1056.0
289.175,-1324.0
289.2,-1354.0
289.225,-1319.0
289.25,-1722.0
289.275,-1859.0
289.3,-2146.0
289.325,-2343.0
289.35,-2042.0
289.375,-2258.0
289.4,-1918.0
289.425,-1807.0
289.45,-2161.0
289.475,-2077.0
289.5,-2492.0
289.525,-2240.0
289.55,-1827.0
289.575,-1914.0
289.6,-1670.0
289.625,-1731.0
289.65,-1570.0
289.675,-1782.0
289.7,-2028.0
289.725,-1633.0
289.75,-1397.0
289.775,-1315.0
289.8,-1752.0
289.825,-1621.0
289.85,-1156.0
289.875,-1295.0
289.9,-894.0
289.925,-662.0
289.95,-892.0
289.975,-678.0
290.0,-338.0
290.025,-198.0
290.05,-485.0
290.075,-36.0
290.1,541.0
290.125,98.0
290.15,247.0
290.175,484.0
290.2,800.0
290.225,1170.0
290.25,985.0
290.275,1180.0
290.3,1554.0
290.325,1745.0
290.35,1659.0
290.375,1811.0
290.4,2166.0
290.425,1948.0
290.45,2048.0
290.475,2972.0
290.5,3089.0
290.525,2624.0
290.55,2569.0
290.575,2924.0
290.6,3289.0
290.625,3295.0
290.65,3248.0
290.675,2649.0
290.7,3295.0
290.725,3790.0
290.75,3339.0
290.775,4029.0
290.8,3954.0
290.825,3564.0
290.85,3409.0
290.875,3748.0
290.9,4379.0
290.925,4286.0
290.95,4057.0
290.975,4033.0
291.0,4363.0
291.025,4584.0
291.05,4650.0
291.075,4294.0
291.1,4160.0
291.125,4361.0
291.15,4443.0
291.175,4553.0
291.2,4604.0
291.225,4942.0
291.25,4599.0
291.275,4245.0
291.3,4339.0
291.325,4065.0
291.35,4130.0
291.375,4017.0
291.4,3952.0
291.425,3723.0
291.45,3442.0
291.475,3973.0
291.5,3480.0
291.525,3157.0
291.55,4184.0
291.575,4276.0
291.6,3723.0
291.625,3975.0
291.65,3882.0
291.675,3700.0
291.7,4486.0
291.725,3839.0
291.75,3037.0
291.775,3788.0
291.8,3830.0
291.825,3089.0
291.85,3074.0
291.875,3771.0
291.9,3746.0
291.925,3394.0
291.95,3374.0
291.975,3643.0
292.0,3588.0
292.025,3208.0
292.05,3348.0
292.075,3177.0
292.1,3240.0
292.125,3288.0
292.15,2350.0
292.175,2157.0
292.2,2281.0
292.225,2815.0
292.25,3088.0
292.275,1251.0
292.3,1028.0
292.325,1780.0
292.35,1636.0
292.375,1763.0
292.4,943.0
292.425,830.0
292.45,1382.0
292.475,1103.0
292.5,1631.0
292.525,1956.0
292.55,777.0
292.575,918.0
292.6,2110.0
292.625,1535.0
292.65,1002.0
292.675,1880.0
292.7,1792.0
292.725,595.0
292.75,755.0
292.775,1358.0
292.8,804.0
292.825,447.0
292.85,610.0
292.875,699.0
292.9,531.0
292.925,317.0
292.95,336.0
292.975,354.0
293.0,809.0
293.025,382.0
293.05,-443.0
293.075,628.0
293.1,1099.0
293.125,482.0
293.15,454.0
293.175,721.0
293.2,761.0
293.225,369.0
293.25,603.0
293.275,602.0
293.3,-140.0
293.325,-269.0
293.35,-269.0
293.375,-407.0
293.4,-285.0
293.425,83.0
293.45,124.0
293.475,-215.0
293.5,188.0
293.525,323.0
293.55,162.0
293.575,461.0
293.6,20.0
293.625,-87.0
293.65,403.0
293.675,385.0
293.7,664.0
293.725,626.0
293.75,-175.0
293.775,-153.0
293.8,697.0
293.825,1349.0
293.85,766.0
293.875,-220.0
293.9,495.0
293.925,993.0
293.95,693.0
293.975,848.0
294.0,846.0
294.025,985.0
294.05,895.0
294.075,766.0
294.1,961.0
294.125,1058.0
294.15,823.0
294.175,672.0
294.2,790.0
294.225,829.0
294.25,1364.0
294.275,1442.0
294.3,847.0
294.325,764.0
294.35,1116.0
294.375,1349.0
294.4,1372.0
294.425,1203.0
294.45,1152.0
294.475,1369.0
294.5,1128.0
294.525,1479.0
294.55,2187.0
294.575,1557.0
294.6,1180.0
294.625,2351.0
294.65,3003.0
294.675,2276.0
294.7,2482.0
294.725,3160.0
294.75,2657.0
294.775,2775.0
294.8,3313.0
294.825,3064.0
294.85,2922.0
294.875,2984.0
294.9,2900.0
294.925,2872.0
294.95,3243.0
294.975,2692.0
295.0,1841.0
295.025,2556.0
295.05,3001.0
295.075,2180.0
295.1,2338.0
295.125,3283.0
295.15,3032.0
295.175,2881.0
295.2,3234.0
295.225,3241.0
295.25,3334.0
295.275,3354.0
295.3,2572.0
295.325,2481.0
295.35,3183.0
295.375,2757.0
295.4,2887.0
295.425,2958.0
295.45,2062.0
295.475,2354.0
295.5,2854.0
295.525,2615.0
295.55,2557.0
295.575,2430.0
295.6,2180.0
295.625,2544.0
295.65,3492.0
295.675,3871.0
295.7,3080.0
295.725,2586.0
295.75,3169.0
295.775,3753.0
295.8,3577.0
295.825,3161.0
295.85,2582.0
295.875,2500.0
295.9,3711.0
295.925,3338.0
295.95,2227.0
295.975,3044.0
296.0,3403.0
296.025,3157.0
296.05,3670.0
296.075,3783.0
296.1,3185.0
296.125,3619.0
296.15,4807.0
296.175,4725.0
296.2,4248.0
296.225,4295.0
296.25,4314.0
296.275,4560.0
296.3,4647.0
296.325,3930.0
296.35,3652.0
296.375,4315.0
296.4,3993.0
296.425,3879.0
296.45,4631.0
296.475,4114.0
296.5,3596.0
296.525,4214.0
296.55,4932.0
296.575,4591.0
296.6,4331.0
296.625,4654.0
296.65,4567.0
296.675,4939.0
296.7,4605.0
296.725,3933.0
296.75,4180.0
296.775,4023.0
296.8,3731.0
296.825,3625.0
296.85,3770.0
296.875,3362.0
296.9,2546.0
296.925,3190.0
296.95,3382.0
296.975,3118.0
297.0,3625.0
297.025,2981.0
297.05,2337.0
297.075,2679.0
297.1,2844.0
297.125,2820.0
297.15,2183.0
297.175,1472.0
297.2,1924.0
297.225,1911.0
297.25,1290.0
297.275,1631.0
297.3,1646.0
297.325,1008.0
297.35,854.0
297.375,969.0
297.4,1121.0
297.425,1079.0
297.45,364.0
297.475,705.0
297.5,1209.0
297.525,314.0
297.55,640.0
297.575,1159.0
297.6,970.0
297.625,712.0
297.65,7.0
297.675,440.0
297.7,1118.0
297.725,712.0
297.75,123.0
297.775,-168.0
297.8,197.0
297.825,1084.0
297.85,1010.0
297.875,25.0
297.9,310.0
297.925,1358.0
297.95,638.0
297.975,-68.0
298.0,1113.0
298.025,1011.0
298.05,445.0
298.075,759.0
298.1,533.0
298.125,775.0
298.15,818.0
298.175,706.0
298.2,677.0
298.225,2.0
298.25,347.0
298.275,967.0
298.3,287.0
298.325,-90.0
298.35,206.0
298.375,551.0
298.4,475.0
298.425,-316.0
298.45,-545.0
298.475,463.0
298.5,916.0
298.525,-83.0
298.55,25.0
298.575,750.0
298.6,368.0
298.625,475.0
298.65,721.0
298.675,363.0
298.7,348.0
298.725,480.0
298.75,438.0
298.775,496.0
298.8,578.0
298.825,527.0
298.85,254.0
298.875,654.0
298.9,1101.0
298.925,850.0
298.95,1070.0
298.975,958.0
299.0,658.0
299.025,1637.0
299.05,2361.0
299.075,1296.0
299.1,1174.0
299.125,2293.0
299.15,2020.0
299.175,1770.0
299.2,1940.0
299.225,2017.0
299.25,2343.0
299.275,2434.0
299.3,2628.0
299.325,2504.0
299.35,2341.0
299.375,2939.0
299.4,3424.0
299.425,3129.0
299.45,3113.0
299.475,3495.0
299.5,3513.0
299.525,4322.0
299.55,4354.0
299.575,3257.0
299.6,3992.0
299.625,5064.0
299.65,4616.0
299.675,3970.0
299.7,4332.0
299.725,4492.0
299.75,4404.0
299.775,4933.0
299.8,4151.0
299.825,3661.0
299.85,4568.0
299.875,4342.0
299.9,4380.0
299.925,4855.0
299.95,4061.0
299.975,4124.0
