profile_phase,dataset_id,dataset_name,route_phase,profile_bin_index,profile_bin_label,n_intervals,route_coordinate_min,route_coordinate_max,route_coordinate_mid_mean,fraction_margin_decreasing,fraction_margin_increasing,fraction_crossing_surface,mean_signed_route_step,mean_abs_signed_route_step,mean_signed_delta_ln_a,mean_abs_signed_delta_ln_a,mean_normalized_signed_delta_ln_a,mean_abs_normalized_signed_delta_ln_a,mean_signed_H_flow,mean_abs_signed_H_flow,mean_normalized_signed_H_flow,mean_abs_normalized_signed_H_flow,mean_signed_density_flow,mean_abs_signed_density_flow,mean_normalized_signed_density_flow,mean_abs_normalized_signed_density_flow,mean_signed_curvature_flow,mean_abs_signed_curvature_flow,mean_normalized_signed_curvature_flow,mean_abs_normalized_signed_curvature_flow,mean_signed_margin_flow,mean_abs_signed_margin_flow,mean_normalized_signed_margin_flow,mean_abs_normalized_signed_margin_flow,mean_rho_over_rho_c_mid,mean_abs_rho_over_rho_c_mid,mean_x_bounce_distance_mid,mean_abs_x_bounce_distance_mid
A_terminal_approach,A,Classical Friedmann contraction,terminal_approach,0,"(-1.001, -0.98]",80,-1.0,-0.98,-0.9899999999999999,1.0,0.0,0.0,0.00024999999999995,0.00024999999999995,-0.00460517018598725,0.00460517018598725,-0.49999999988913746,0.49999999988913746,-0.23556187348749996,0.23556187348749996,-1.58114443737145e-13,1.58114443737145e-13,0.006170008225849124,0.006170008225849124,0.24948866470213749,0.24948866470213749,0.0014862759527818625,0.0014862759527818625,0.09646123401113,0.09646123401113,-0.000554730326,0.000554730326,-0.7612077697968374,0.7612077697968374,0.0,0.0,0.0,0.0
A_terminal_approach,A,Classical Friedmann contraction,terminal_approach,1,"(-0.98, -0.96]",80,-0.98,-0.96,-0.9700000000000001,1.0,0.0,0.0,0.0002499999999996,0.0002499999999996,-0.0046051701859796245,0.0046051701859796245,-0.49999999988873745,0.49999999988873745,-0.512027068275,0.512027068275,-3.4368411950565e-13,3.4368411950565e-13,0.009722933920770376,0.009722933920770376,0.344803994041925,0.344803994041925,0.003644859752956875,0.003644859752956875,0.2069088714128875,0.2069088714128875,-0.0016559231177125002,0.0016559231177125002,-0.8984735461524501,0.8984735461524501,0.0,0.0,0.0,0.0
A_terminal_approach,A,Classical Friedmann contraction,terminal_approach,2,"(-0.96, -0.94]",80,-0.96,-0.94,-0.95,1.0,0.0,0.0,0.00024999999999964997,0.00024999999999964997,-0.004605170185982125,0.004605170185982125,-0.4999999998889125,0.4999999998889125,-0.9895112951374999,0.9895112951374999,-6.641823045719751e-13,6.641823045719751e-13,0.012102011887498751,0.012102011887498751,0.3963587869949,0.3963587869949,0.007093518366032625,0.007093518366032625,0.33746860625213754,0.33746860625213754,-0.00153451235861375,0.00153451235861375,-0.9004467990608624,0.9004467990608624,0.0,0.0,0.0,0.0
A_terminal_approach,A,Classical Friedmann contraction,terminal_approach,3,"(-0.94, -0.92]",80,-0.94,-0.92,-0.93,1.0,0.0,0.0,0.000250000000000175,0.000250000000000175,-0.004605170185991251,0.004605170185991251,-0.49999999988931254,0.49999999988931254,-1.7927918670499998,1.7927918670499998,-1.2033623463681627e-12,1.2033623463681627e-12,0.013195781774742501,0.013195781774742501,0.41736294646816247,0.41736294646816247,0.010453604982064376,0.010453604982064376,0.4301124028492625,0.4301124028492625,-0.00075645567165,0.00075645567165,-0.8123318303423375,0.8123318303423375,0.0,0.0,0.0,0.0
A_terminal_approach,A,Classical Friedmann contraction,terminal_approach,4,"(-0.92, -0.9]",80,-0.92,-0.9,-0.9099999999999999,1.0,0.0,0.0,0.00025000000000115,0.00025000000000115,-0.0046051701860087505,0.0046051701860087505,-0.49999999989036253,0.49999999989036253,-3.1626644814750002,3.1626644814750002,-2.122851749356e-12,2.122851749356e-12,0.013608749140889997,0.013608749140889997,0.4248933458022625,0.4248933458022625,0.01246812393717125,0.01246812393717125,0.47425595120266256,0.47425595120266256,-0.00029265068585374997,0.00029265068585374997,-0.625574275475725,0.625574275475725,0.0,0.0,0.0,0.0
A_terminal_approach,A,Classical Friedmann contraction,terminal_approach,5,"(-0.9, -0.88]",80,-0.9,-0.88,-0.89,1.0,0.0,0.0,0.00025000000000152494,0.00025000000000152494,-0.004605170186016125,0.004605170186016125,-0.499999999890675,0.499999999890675,-5.526552794075,5.526552794075,-3.709546913848375e-12,3.709546913848375e-12,0.013754147829352498,0.013754147829352498,0.4274945625019876,0.4274945625019876,0.013335308267872497,0.013335308267872497,0.49114195825686247,0.49114195825686247,-0.000102347829600125,0.000102347829600125,-0.373119638112,0.373119638112,0.0,0.0,0.0,0.0
A_terminal_approach,A,Classical Friedmann contraction,terminal_approach,6,"(-0.88, -0.86]",80,-0.88,-0.86,-0.8699999999999999,1.0,0.0,0.0,0.00024999999999818754,0.00024999999999818754,-0.004605170185955125,0.004605170185955125,-0.4999999998873751,0.4999999998873751,-9.627966197000001,9.627966197000001,-6.462508117340125e-12,6.462508117340125e-12,0.013806500338918748,0.013806500338918748,0.4284248784743875,0.4284248784743875,0.013652346587216252,0.013652346587216252,0.49702818139208754,0.49702818139208754,-3.450662761025e-05,3.450662761025e-05,-0.1697861846208375,0.1697861846208375,0.0,0.0,0.0,0.0
A_terminal_approach,A,Classical Friedmann contraction,terminal_approach,7,"(-0.86, -0.84]",80,-0.86,-0.84,-0.85,1.0,0.0,0.0,0.00024999999999960004,0.00024999999999960004,-0.0046051701859795,0.0046051701859795,-0.49999999988875005,0.49999999988875005,-16.760873648125,16.760873648125,-1.12502765161265e-11,1.12502765161265e-11,0.01382895374888625,0.01382895374888625,0.42882287565337496,0.42882287565337496,0.01376100908489375,0.01376100908489375,0.4990116200600376,0.4990116200600376,-1.14869127162e-05,1.14869127162e-05,-0.06435946997737874,0.06435946997737874,0.0,0.0,0.0,0.0
A_terminal_approach,A,Classical Friedmann contraction,terminal_approach,8,"(-0.84, -0.82]",80,-0.84,-0.82,-0.8300000000000001,1.0,0.0,0.0,0.0002500000000005125,0.0002500000000005125,-0.004605170185997124,0.004605170185997124,-0.49999999988969995,0.49999999988969995,-29.183083226125,29.183083226125,-1.9588343828425e-11,1.9588343828425e-11,0.013843658265752502,0.013843658265752502,0.42908320167375,0.42908320167375,0.013797410925408751,0.013797410925408751,0.4996722401324501,0.4996722401324501,-3.8064514992125e-06,3.8064514992125e-06,-0.02237710538450375,0.02237710538450375,0.0,0.0,0.0,0.0
A_terminal_approach,A,Classical Friedmann contraction,terminal_approach,9,"(-0.82, -0.8]",80,-0.82,-0.8,-0.8100000000000002,1.0,0.0,0.0,0.00024999999999968754,0.00024999999999968754,-0.004605170185982376,0.004605170185982376,-0.4999999998888625,0.4999999998888625,-50.844665510875,50.844665510875,-3.4128086540287496e-11,3.4128086540287496e-11,0.013858968671799999,0.013858968671799999,0.429353994566,0.429353994566,0.013809511425808751,0.013809511425808751,0.49989141613764987,0.49989141613764987,-1.25886917125625e-06,1.25886917125625e-06,-0.007524137003073125,0.007524137003073125,0.0,0.0,0.0,0.0
A_terminal_approach,A,Classical Friedmann contraction,terminal_approach,10,"(-0.8, -0.78]",80,-0.8,-0.78,-0.79,1.0,0.0,0.0,0.0002499999999999125,0.0002499999999999125,-0.0046051701859855,0.0046051701859855,-0.49999999988905,0.49999999988905,-88.67843924087501,88.67843924087501,-5.952296899158501e-11,5.952296899158501e-11,0.013879010880383753,0.013879010880383753,0.42970808401207494,0.42970808401207494,0.013813523423895002,0.013813523423895002,0.4999640387454624,0.4999640387454624,-4.1578750236625004e-07,4.1578750236625004e-07,-0.0024989596477619997,0.0024989596477619997,0.0,0.0,0.0,0.0
A_terminal_approach,A,Classical Friedmann contraction,terminal_approach,11,"(-0.78, -0.76]",80,-0.78,-0.76,-0.77,1.0,0.0,0.0,0.00024999999999875003,0.00024999999999875003,-0.004605170185965875,0.004605170185965875,-0.4999999998879875,0.4999999998879875,-154.90424857500003,154.90424857500003,-1.0397522625681377e-10,1.0397522625681377e-10,0.013907042349131251,0.013907042349131251,0.43020257627162495,0.43020257627162495,0.0138148524863975,0.0138148524863975,0.4999880914658375,0.4999880914658375,-1.3713936036787502e-07,1.3713936036787502e-07,-0.0008257538865567751,0.0008257538865567751,0.0,0.0,0.0,0.0
A_terminal_approach,A,Classical Friedmann contraction,terminal_approach,12,"(-0.76, -0.74]",80,-0.76,-0.74,-0.75,1.0,0.0,0.0,0.0002500000000011875,0.0002500000000011875,-0.004605170186010375,0.004605170186010375,-0.4999999998904,0.4999999998904,-271.1865298625,271.1865298625,-1.8202651675076248e-10,1.8202651675076248e-10,0.013946743141746251,0.013946743141746251,0.43090144219341253,0.43090144219341253,0.013815292642341251,0.013815292642341251,0.49999605663080005,0.49999605663080005,-4.5150457781125003e-08,4.5150457781125003e-08,-0.0002720291398386875,0.0002720291398386875,0.0,0.0,0.0,0.0
A_terminal_approach,A,Classical Friedmann contraction,terminal_approach,13,"(-0.74, -0.72]",80,-0.74,-0.72,-0.7300000000000001,1.0,0.0,0.0,0.0002500000000005,0.0002500000000005,-0.0046051701859965,0.0046051701859965,-0.4999999998896625,0.4999999998896625,-476.2370764224999,476.2370764224999,-3.196610694509e-10,3.196610694509e-10,0.0140028303933425,0.0140028303933425,0.43188582047756247,0.43188582047756247,0.0138154383985175,0.0138154383985175,0.4999986942071999,0.4999986942071999,-1.48269328643125e-08,1.48269328643125e-08,-8.934946048235625e-05,8.934946048235625e-05,0.0,0.0,0.0,0.0
A_terminal_approach,A,Classical Friedmann contraction,terminal_approach,14,"(-0.72, -0.7]",80,-0.72,-0.7,-0.7100000000000001,1.0,0.0,0.0,0.0002500000000006875,0.0002500000000006875,-0.0046051701860001255,0.0046051701860001255,-0.4999999998898749,0.4999999998898749,-839.9508233500001,839.9508233500001,-5.637939415128625e-10,5.637939415128625e-10,0.01408141415195,0.01408141415195,0.43325926900745,0.43325926900745,0.01381548666361625,0.01381548666361625,0.49999956759665,0.49999956759665,-4.851315553875e-09,4.851315553875e-09,-2.923673604888625e-05,2.923673604888625e-05,0.0,0.0,0.0,0.0
A_terminal_approach,A,Classical Friedmann contraction,terminal_approach,15,"(-0.7, -0.68]",80,-0.7,-0.68,-0.6900000000000001,1.0,0.0,0.0,0.000249999999998625,0.000249999999998625,-0.004605170185964,0.004605170185964,-0.49999999988788746,0.49999999988788746,-1490.2052595375,1490.2052595375,-1.0002593880554626e-09,1.0002593880554626e-09,0.0141901324620825,0.0141901324620825,0.435148402790725,0.435148402790725,0.013815502645805,0.013815502645805,0.49999985680422504,0.49999985680422504,-1.5791429939625e-09,1.5791429939625e-09,-9.517004105287e-06,9.517004105287e-06,0.0,0.0,0.0,0.0
A_terminal_approach,A,Classical Friedmann contraction,terminal_approach,16,"(-0.68, -0.66]",80,-0.68,-0.66,-0.67,1.0,0.0,0.0,0.00025000000000165005,0.00025000000000165005,-0.0046051701860175005,0.0046051701860175005,-0.4999999998907875,0.4999999998907875,-2664.7594088625,2664.7594088625,-1.7886466286442503e-09,1.7886466286442503e-09,0.014337901979137502,0.014337901979137502,0.43769588804952503,0.43769588804952503,0.01381550793798125,0.01381550793798125,0.4999999525695625,0.4999999525695625,-5.1028864711625e-10,5.1028864711625e-10,-3.0753729485836247e-06,3.0753729485836247e-06,0.0,0.0,0.0,0.0
A_terminal_approach,A,Classical Friedmann contraction,terminal_approach,17,"(-0.66, -0.64]",80,-0.66,-0.64,-0.65,1.0,0.0,0.0,0.0002499999999969625,0.0002499999999969625,-0.00460517018593275,0.00460517018593275,-0.4999999998861625,0.4999999998861625,-4813.9123732749995,4813.9123732749995,-3.23120657557575e-09,3.23120657557575e-09,0.0145339861285775,0.0145339861285775,0.4410408910289251,0.4410408910289251,0.01381550969042875,0.01381550969042875,0.49999998428115006,0.49999998428115006,-1.6323020175e-10,1.6323020175e-10,-9.837469613632376e-07,9.837469613632376e-07,0.0,0.0,0.0,0.0
A_terminal_approach,A,Classical Friedmann contraction,terminal_approach,18,"(-0.64, -0.62]",80,-0.64,-0.62,-0.63,1.0,0.0,0.0,0.00025000000000181247,0.00025000000000181247,-0.004605170186021125,0.004605170186021125,-0.49999999989099997,0.49999999989099997,-8807.4395051625,8807.4395051625,-5.9117520547928745e-09,5.9117520547928745e-09,0.014786067992529999,0.014786067992529999,0.4452830258237874,0.4452830258237874,0.01381551027070875,0.01381551027070875,0.4999999947817625,0.4999999947817625,-5.1494867251375e-11,5.1494867251375e-11,-3.1034671503274996e-07,3.1034671503274996e-07,0.0,0.0,0.0,0.0
A_terminal_approach,A,Classical Friedmann contraction,terminal_approach,19,"(-0.62, -0.6]",80,-0.62,-0.6,-0.61,1.0,0.0,0.0,0.00025000000000035004,0.00025000000000035004,-0.0046051701859935,0.0046051701859935,-0.4999999998894625,0.4999999998894625,-16357.885567875,16357.885567875,-1.0979781700946251e-08,1.0979781700946251e-08,0.0150972891046675,0.0150972891046675,0.4504324168387376,0.4504324168387376,0.013815510462820002,0.013815510462820002,0.49999999825808744,0.49999999825808744,-1.59490718178875e-11,1.59490718178875e-11,-9.612109878149751e-08,9.612109878149751e-08,0.0,0.0,0.0,0.0
A_terminal_approach,A,Classical Friedmann contraction,terminal_approach,20,"(-0.6, -0.58]",80,-0.6,-0.58,-0.5900000000000001,1.0,0.0,0.0,0.0002500000000001001,0.0002500000000001001,-0.0046051701859885,0.0046051701859885,-0.49999999988926247,0.49999999988926247,-30894.709985750007,30894.709985750007,-2.073722587920875e-08,2.073722587920875e-08,0.01546292795084,0.01546292795084,0.4563616807383375,0.4563616807383375,0.013815510526483752,0.013815510526483752,0.4999999994101875,0.4999999994101875,-4.825094064650001e-12,4.825094064650001e-12,-2.9079646959285005e-08,2.9079646959285005e-08,0.0,0.0,0.0,0.0
A_terminal_approach,A,Classical Friedmann contraction,terminal_approach,21,"(-0.58, -0.56]",80,-0.58,-0.56,-0.5700000000000001,1.0,0.0,0.0,0.0002500000000001125,0.0002500000000001125,-0.00460517018599175,0.00460517018599175,-0.49999999988945004,0.49999999988945004,-59378.43629437501,59378.43629437501,-3.9856144366347496e-08,3.9856144366347496e-08,0.01586832797005875,0.01586832797005875,0.4627885584412249,0.4627885584412249,0.01381551054750875,0.01381551054750875,0.49999999979057497,0.49999999979057497,-1.41872897147625e-12,1.41872897147625e-12,-8.550328348917375e-09,8.550328348917375e-09,0.0,0.0,0.0,0.0
A_terminal_approach,A,Classical Friedmann contraction,terminal_approach,22,"(-0.56, -0.54]",80,-0.56,-0.54,-0.55,1.0,0.0,0.0,0.00025000000000087506,0.00025000000000087506,-0.00460517018600375,0.00460517018600375,-0.49999999989,0.49999999989,-116073.107005,116073.107005,-7.791088171864375e-08,7.791088171864375e-08,0.01628998126080375,0.01628998126080375,0.4693146851530125,0.4693146851530125,0.013815510554532501,0.013815510554532501,0.49999999991761257,0.49999999991761257,-4.0380389009125e-13,4.0380389009125e-13,-2.433626113212625e-09,2.433626113212625e-09,0.0,0.0,0.0,0.0
A_terminal_approach,A,Classical Friedmann contraction,terminal_approach,23,"(-0.54, -0.52]",80,-0.54,-0.52,-0.53,1.0,0.0,0.0,0.00024999999999676247,0.00024999999999676247,-0.00460517018592825,0.00460517018592825,-0.49999999988599997,0.49999999988599997,-230397.24083249999,230397.24083249999,-1.5464780092228747e-07,1.5464780092228747e-07,0.01670038207892125,0.01670038207892125,0.47551695299541247,0.47551695299541247,0.01381551055679375,0.01381551055679375,0.4999999999585249,0.4999999999585249,-1.1101951168550002e-13,1.1101951168550002e-13,-6.69087123432925e-10,6.69087123432925e-10,0.0,0.0,0.0,0.0
A_terminal_approach,A,Classical Friedmann contraction,terminal_approach,24,"(-0.52, -0.5]",80,-0.52,-0.5,-0.51,1.0,0.0,0.0,0.00025000000000191254,0.00025000000000191254,-0.004605170186023875,0.004605170186023875,-0.49999999989107496,0.49999999989107496,-463274.00723374996,463274.00723374996,-3.1095986441514997e-07,3.1095986441514997e-07,0.017074815749177498,0.017074815749177498,0.4810510516715375,0.4810510516715375,0.013815510557556249,0.013815510557556249,0.4999999999724499,0.4999999999724499,-2.9492770100287504e-14,2.9492770100287504e-14,-1.7774562705153e-10,1.7774562705153e-10,0.0,0.0,0.0,0.0
A_terminal_approach,A,Classical Friedmann contraction,terminal_approach,25,"(-0.5, -0.48]",80,-0.5,-0.48,-0.48999999999999994,1.0,0.0,0.0,0.00024999999999997496,0.00024999999999997496,-0.004605170185986875,0.004605170185986875,-0.49999999988913746,0.49999999988913746,-941209.1891462499,941209.1891462499,-6.317604254534499e-07,6.317604254534499e-07,0.0173967823710525,0.0173967823710525,0.4857173732259749,0.4857173732259749,0.01381551055788125,0.01381551055788125,0.49999999997826255,0.49999999997826255,-7.5900015512125e-15,7.5900015512125e-15,-4.574306111832e-11,4.574306111832e-11,0.0,0.0,0.0,0.0
A_terminal_approach,A,Classical Friedmann contraction,terminal_approach,26,"(-0.48, -0.46]",80,-0.48,-0.46,-0.47000000000000003,0.9,0.0,0.0,0.000249999999999625,0.000249999999999625,-0.0046051701859795,0.0046051701859795,-0.499999999888725,0.499999999888725,-1927371.5750999998,1927371.5750999998,-1.293693537225825e-06,1.293693537225825e-06,0.01765980106743,0.01765980106743,0.48946754376848745,0.48946754376848745,0.01381551055794375,0.01381551055794375,0.4999999999794875,0.4999999999794875,-1.90019391539e-15,1.90019391539e-15,-1.1451998504253626e-11,1.1451998504253626e-11,0.0,0.0,0.0,0.0
A_terminal_approach,A,Classical Friedmann contraction,terminal_approach,27,"(-0.46, -0.44]",80,-0.46,-0.44,-0.45,0.0,0.0,0.0,0.00024999999999967496,0.00024999999999967496,-0.004605170185982125,0.004605170185982125,-0.499999999888925,0.499999999888925,-3969935.671925001,3969935.671925001,-2.6647029755209998e-06,2.6647029755209998e-06,0.01786579370462875,0.01786579370462875,0.49236657487813745,0.49236657487813745,0.01381551055791875,0.01381551055791875,0.499999999978875,0.499999999978875,-4.650631553737499e-16,4.650631553737499e-16,-2.8028205524932503e-12,2.8028205524932503e-12,0.0,0.0,0.0,0.0
A_terminal_approach,A,Classical Friedmann contraction,terminal_approach,28,"(-0.44, -0.42]",80,-0.44,-0.42,-0.43000000000000005,0.0,0.0,0.0,0.00025000000000016253,0.00025000000000016253,-0.0046051701859915,0.0046051701859915,-0.49999999988935,0.49999999988935,-8211781.459650001,8211781.459650001,-5.511901259984875e-06,5.511901259984875e-06,0.018021849100965,0.018021849100965,0.4945409004076501,0.4945409004076501,0.013815510557963751,0.013815510557963751,0.49999999997975,0.49999999997975,-1.11810894344625e-16,1.11810894344625e-16,-6.738565913927376e-13,6.738565913927376e-13,0.0,0.0,0.0,0.0
A_terminal_approach,A,Classical Friedmann contraction,terminal_approach,29,"(-0.42, -0.4]",80,-0.42,-0.4,-0.41,0.0,0.0,0.0,0.0002500000000011625,0.0002500000000011625,-0.004605170186008875,0.004605170186008875,-0.49999999989035004,0.49999999989035004,-17037217.17575,17037217.17575,-1.1435627980283874e-05,1.1435627980283874e-05,0.0181371153904025,0.0181371153904025,0.4961349171264501,0.4961349171264501,0.013815510557961253,0.013815510557961253,0.4999999999796875,0.4999999999796875,-2.65200353529125e-17,2.65200353529125e-17,-1.5982969040087498e-13,1.5982969040087498e-13,0.0,0.0,0.0,0.0
A_terminal_approach,A,Classical Friedmann contraction,terminal_approach,30,"(-0.4, -0.38]",80,-0.4,-0.38,-0.39,0.0,0.0,0.0,0.00025000000000152504,0.00025000000000152504,-0.004605170186016001,0.004605170186016001,-0.49999999989066246,0.49999999989066246,-35422695.632,35422695.632,-2.377592206598375e-05,2.377592206598375e-05,0.0182206676331425,0.0182206676331425,0.49728404372810003,0.49728404372810003,0.013815510557944999,0.013815510557944999,0.49999999997933753,0.49999999997933753,-6.2274577403625e-18,6.2274577403625e-18,-3.753134674902e-14,3.753134674902e-14,0.0,0.0,0.0,0.0
A_terminal_approach,A,Classical Friedmann contraction,terminal_approach,31,"(-0.38, -0.36]",80,-0.38,-0.36,-0.37,0.0,0.0,0.0,0.000249999999998175,0.000249999999998175,-0.004605170185954875,0.004605170185954875,-0.4999999998873875,0.4999999998873875,-73758166.642375,73758166.642375,-4.950558545843125e-05,4.950558545843125e-05,0.01828040835824875,0.01828040835824875,0.4981024457185875,0.4981024457185875,0.013815510557962502,0.013815510557962502,0.49999999997969996,0.49999999997969996,-1.4517363788125e-18,1.4517363788125e-18,-8.749255907149625e-15,8.749255907149625e-15,0.0,0.0,0.0,0.0
A_terminal_approach,A,Classical Friedmann contraction,terminal_approach,32,"(-0.36, -0.34]",80,-0.36,-0.34,-0.35,0.0,0.0,0.0,0.00024999999999958747,0.00024999999999958747,-0.004605170185979749,0.004605170185979749,-0.4999999998887625,0.4999999998887625,-153740712.9175,153740712.9175,-0.000103183112187095,0.000103183112187095,0.018322706455315002,0.018322706455315002,0.49868027285075006,0.49868027285075006,0.013815510557985,0.013815510557985,0.4999999999799375,0.4999999999799375,-3.3666926308475e-19,3.3666926308475e-19,-2.0290223361414e-15,2.0290223361414e-15,0.0,0.0,0.0,0.0
A_terminal_approach,A,Classical Friedmann contraction,terminal_approach,33,"(-0.34, -0.32]",80,-0.34,-0.32,-0.32999999999999996,0.0,0.0,0.0,0.0002500000000005,0.0002500000000005,-0.0046051701859969995,0.0046051701859969995,-0.4999999998897125,0.4999999998897125,-320686647.02875006,320686647.02875006,-0.00021520372039787505,0.00021520372039787505,0.018352446870855,0.018352446870855,0.4990857478071001,0.4990857478071001,0.013815510557953747,0.013815510557953747,0.49999999997955,0.49999999997955,-7.7788815925625e-20,7.7788815925625e-20,-4.688139438952501e-16,4.688139438952501e-16,0.0,0.0,0.0,0.0
A_terminal_approach,A,Classical Friedmann contraction,terminal_approach,34,"(-0.32, -0.3]",80,-0.32,-0.3,-0.31,0.0,0.0,0.0,0.0002499999999997,0.0002499999999997,-0.004605170185982125,0.004605170185982125,-0.499999999888875,0.499999999888875,-669253025.9075,669253025.9075,-0.000449007011761075,0.000449007011761075,0.018373255507337503,0.018373255507337503,0.499369054854225,0.499369054854225,0.0138155105579725,0.0138155105579725,0.49999999997983746,0.49999999997983746,-1.7926849858225e-20,1.7926849858225e-20,-1.0804068790157877e-16,1.0804068790157877e-16,0.0,0.0,0.0,0.0
A_terminal_approach,A,Classical Friedmann contraction,terminal_approach,35,"(-0.3, -0.28]",80,-0.3,-0.28,-0.29,0.0,0.0,0.0,0.00024999999999992503,0.00024999999999992503,-0.004605170185985249,0.004605170185985249,-0.49999999988902494,0.49999999988902494,-1397174472.875,1397174472.875,-0.0009368971058928124,0.0009368971058928124,0.01838776487617625,0.01838776487617625,0.499566406579025,0.499566406579025,0.013815510557955001,0.013815510557955001,0.4999999999795751,0.4999999999795751,-4.1238430747275e-21,4.1238430747275e-21,-2.4853381721562503e-17,2.4853381721562503e-17,0.0,0.0,0.0,0.0
A_terminal_approach,A,Classical Friedmann contraction,terminal_approach,36,"(-0.28, -0.26]",80,-0.28,-0.26,-0.27,0.0,0.0,0.0,0.0002499999999987875,0.0002499999999987875,-0.004605170185966,0.004605170185966,-0.49999999988798755,0.49999999988798755,-2917530919.6375,2917530919.6375,-0.00195431438351775,0.00195431438351775,0.018397857695185,0.018397857695185,0.4997035931016125,0.4997035931016125,0.013815510557967498,0.013815510557967498,0.49999999997977496,0.49999999997977496,-9.4743680165625e-22,9.4743680165625e-22,-5.7099671500435e-18,5.7099671500435e-18,0.0,0.0,0.0,0.0
A_terminal_approach,A,Classical Friedmann contraction,terminal_approach,37,"(-0.26, -0.24]",80,-0.26,-0.24,-0.25,0.0,0.0,0.0,0.0002500000000011875,0.0002500000000011875,-0.00460517018601025,0.00460517018601025,-0.49999999989034993,0.49999999989034993,-6093301816.25,6093301816.25,-0.004072561975596,0.004072561975596,0.0184048666291975,0.0184048666291975,0.4997988172253125,0.4997988172253125,0.013815510557963751,0.013815510557963751,0.499999999979725,0.499999999979725,-2.17478191612125e-22,2.17478191612125e-22,-1.3106872435025377e-18,1.3106872435025377e-18,0.0,0.0,0.0,0.0
A_terminal_approach,A,Classical Friedmann contraction,terminal_approach,38,"(-0.24, -0.22]",80,-0.24,-0.22,-0.22999999999999998,0.0,0.0,0.0,0.0002500000000004625,0.0002500000000004625,-0.0046051701859965,0.0046051701859965,-0.4999999998896375,0.4999999998896375,-12727410157.775,12727410157.775,-0.008467375325230375,0.008467375325230375,0.01840972832913375,0.01840972832913375,0.4998648472734001,0.4998648472734001,0.01381551055797375,0.01381551055797375,0.49999999997969996,0.49999999997969996,-4.989021965749999e-23,4.989021965749999e-23,-3.006760079983875e-19,3.006760079983875e-19,0.0,0.0,0.0,0.0
A_terminal_approach,A,Classical Friedmann contraction,terminal_approach,39,"(-0.22, -0.2]",80,-0.22,-0.2,-0.21000000000000002,0.0,0.0,0.0,0.0002500000000007375,0.0002500000000007375,-0.004605170185999625,0.004605170185999625,-0.49999999988985006,0.49999999988985006,-26586556308.125,26586556308.125,-0.01751909676733875,0.01751909676733875,0.01841309790413375,0.01841309790413375,0.49991060141835,0.49991060141835,0.0138155105579725,0.0138155105579725,0.49999999997992506,0.49999999997992506,-1.1440124862500001e-23,1.1440124862500001e-23,-6.8946801562965e-20,6.8946801562965e-20,0.0,0.0,0.0,0.0
A_terminal_approach,A,Classical Friedmann contraction,terminal_approach,40,"(-0.2, -0.18]",80,-0.2,-0.18,-0.19,0.0,0.0,0.0,0.00024999999999865,0.00024999999999865,-0.004605170185964,0.004605170185964,-0.4999999998879,0.4999999998879,-55540290874.875,55540290874.875,-0.035884345318355,0.035884345318355,0.018415432007202498,0.018415432007202498,0.499942290331275,0.499942290331275,0.01381551055796125,0.01381551055796125,0.49999999997956246,0.49999999997956246,-2.62251713148625e-24,2.62251713148625e-24,-1.5805261781081377e-20,1.5805261781081377e-20,0.0,0.0,0.0,0.0
A_terminal_approach,A,Classical Friedmann contraction,terminal_approach,41,"(-0.18, -0.16]",80,-0.18,-0.16,-0.16999999999999998,0.0,0.0,0.0,0.000250000000001675,0.000250000000001675,-0.0046051701860175005,0.0046051701860175005,-0.4999999998907875,0.4999999998907875,-116030143673.875,116030143673.875,-0.07203835580913626,0.07203835580913626,0.0184170482150775,0.0184170482150775,0.4999642303722999,0.4999642303722999,0.013815510557951249,0.013815510557951249,0.49999999997956246,0.49999999997956246,-6.010593922562501e-25,6.010593922562501e-25,-3.62243621844525e-21,3.62243621844525e-21,0.0,0.0,0.0,0.0
A_terminal_approach,A,Classical Friedmann contraction,terminal_approach,42,"(-0.16, -0.14]",80,-0.16,-0.14,-0.15,0.0,0.0,0.0,0.0002499999999969875,0.0002499999999969875,-0.004605170185932875,0.004605170185932875,-0.49999999988617505,0.49999999988617505,-242406917532.5,242406917532.5,-0.13918905425145,0.13918905425145,0.01841816703002125,0.01841816703002125,0.49997941715810007,0.49997941715810007,0.013815510557975,0.013815510557975,0.49999999997987493,0.49999999997987493,-1.37738436773e-25,1.37738436773e-25,-8.301154735566875e-22,8.301154735566875e-22,0.0,0.0,0.0,0.0
A_terminal_approach,A,Classical Friedmann contraction,terminal_approach,43,"(-0.14, -0.12]",80,-0.14,-0.12,-0.12999999999999998,0.0,0.0,0.0,0.0002500000000018,0.0002500000000018,-0.004605170186021125,0.004605170186021125,-0.4999999998910001,0.4999999998910001,-506439002186.25,506439002186.25,-0.25155908309831254,0.25155908309831254,0.01841894138291375,0.01841894138291375,0.49998992767216255,0.49998992767216255,0.0138155105579375,0.0138155105579375,0.4999999999792625,0.4999999999792625,-3.1560980121575004e-26,3.1560980121575004e-26,-1.9021021708499375e-22,1.9021021708499375e-22,0.0,0.0,0.0,0.0
A_terminal_approach,A,Classical Friedmann contraction,terminal_approach,44,"(-0.12, -0.1]",80,-0.12,-0.1,-0.11000000000000001,0.0,0.0,0.0,0.0002500000000002625,0.0002500000000002625,-0.0046051701859937495,0.0046051701859937495,-0.49999999988945004,0.49999999988945004,-1058070935355.0,1058070935355.0,-0.4107910204900126,0.4107910204900126,0.01841947725852125,0.01841947725852125,0.4999972010039625,0.4999972010039625,0.013815510558,0.013815510558,0.49999999998026257,0.49999999998026257,-7.231301125437501e-27,7.231301125437501e-27,-4.3581262418908746e-23,4.3581262418908746e-23,0.0,0.0,0.0,0.0
A_terminal_approach,A,Classical Friedmann contraction,terminal_approach,45,"(-0.1, -0.0801]",80,-0.1,-0.08,-0.09000000000000125,0.0,0.0,0.0,0.0002500000000001,0.0002500000000001,-0.004605170185988624,0.004605170185988624,-0.49999999988926247,0.49999999988926247,-2210579985725.0,2210579985725.0,-0.5909706908351374,0.5909706908351374,0.01841984806759625,0.01841984806759625,0.50000223379585,0.50000223379585,0.01381551055797125,0.01381551055797125,0.49999999997983746,0.49999999997983746,-1.65676949266e-27,1.65676949266e-27,-9.98493974663175e-24,9.98493974663175e-24,0.0,0.0,0.0,0.0
A_terminal_approach,A,Classical Friedmann contraction,terminal_approach,46,"(-0.0801, -0.0601]",80,-0.08,-0.06,-0.069999999999995,0.0,0.0,0.0,0.00025000000000015,0.00025000000000015,-0.00460517018599175,0.00460517018599175,-0.4999999998894,0.4999999998894,-4618493297350.0,4618493297350.0,-0.7498157355641626,0.7498157355641626,0.018420104640196246,0.018420104640196246,0.5000057160575875,0.5000057160575875,0.013815510557951249,0.013815510557951249,0.4999999999793999,0.4999999999793999,-3.7957156306812504e-28,3.7957156306812504e-28,-2.2875838815e-24,2.2875838815e-24,0.0,0.0,0.0,0.0
A_terminal_approach,A,Classical Friedmann contraction,terminal_approach,47,"(-0.0601, -0.0401]",80,-0.06,-0.0399999999999,-0.04999999999999625,0.0,0.0,0.0,0.00025000000000085,0.00025000000000085,-0.004605170186004375,0.004605170186004375,-0.4999999998900625,0.4999999998900625,-9649309238512.5,9649309238512.5,-0.8616915244820376,0.8616915244820376,0.01842028216202125,0.01842028216202125,0.5000081253953125,0.5000081253953125,0.013815510557966251,0.013815510557966251,0.49999999997973743,0.49999999997973743,-8.695919627212499e-29,8.695919627212499e-29,-5.24081556933325e-25,5.24081556933325e-25,0.0,0.0,0.0,0.0
A_terminal_approach,A,Classical Friedmann contraction,terminal_approach,48,"(-0.0401, -0.0201]",80,-0.0399999999999,-0.0200000000002,-0.03000000000000875,0.0,0.0,0.0,0.00024999999999676247,0.00024999999999676247,-0.004605170185928,0.004605170185928,-0.49999999988599997,0.49999999988599997,-20160133011750.0,20160133011750.0,-0.9284573446026501,0.9284573446026501,0.018420404985184997,0.018420404985184997,0.5000097923457499,0.5000097923457499,0.013815510557975003,0.013815510557975003,0.4999999999799375,0.4999999999799375,-1.9921894385112502e-29,1.9921894385112502e-29,-1.2006432756971624e-25,1.2006432756971624e-25,0.0,0.0,0.0,0.0
A_terminal_approach,A,Classical Friedmann contraction,terminal_approach,49,"(-0.0201, -0.000125]",80,-0.0200000000002,0.0,-0.010000000000003163,0.0,0.0,0.0,0.000250000000001875,0.000250000000001875,-0.004605170186023625,0.004605170186023625,-0.4999999998910624,0.4999999998910624,-42120297902625.0,42120297902625.0,-0.9643752785982874,0.9643752785982874,0.018420489961908752,0.018420489961908752,0.5000109456393,0.5000109456393,0.013815510557951253,0.013815510557951253,0.49999999997950006,0.49999999997950006,-4.56395224565e-30,4.56395224565e-30,-2.7505810784919997e-26,2.7505810784919997e-26,0.0,0.0,0.0,0.0
B_pre_bounce_approach,B,Effective LQC bounce,pre_bounce_approach,0,"(-1.001, -0.98]",25,-1.0,-0.979496228851,-0.9897481144256399,1.0,0.0,0.0,0.000820150845944,0.000820150845944,-0.05968989564440401,0.05968989564440401,-0.5,0.5,-11.6815496350984,11.6815496350984,-1.9350218725528798e-59,1.9350218725528798e-59,0.133987384892448,0.133987384892448,0.35288561146163994,0.35288561146163994,0.074468672819772,0.074468672819772,0.000539204271581724,0.000539204271581724,-0.013373777854913197,0.013373777854913197,-1.0,1.0,2.75512020345528e-122,2.75512020345528e-122,1.0,1.0
B_pre_bounce_approach,B,Effective LQC bounce,pre_bounce_approach,1,"(-0.98, -0.96]",24,-0.979496228851,-0.959812608549,-0.9696544187001249,1.0,0.0,0.0,0.000820150845944,0.000820150845944,-0.0596898956444,0.0596898956444,-0.5,0.5,-112.15366735963751,112.15366735963751,-1.8577997458132083e-58,1.8577997458132083e-58,0.17824287269183334,0.17824287269183334,0.4274340990785,0.4274340990785,0.17260524636229166,0.17260524636229166,0.0012491471445666665,0.0012491471445666665,-0.0025225989198226248,0.0025225989198226248,-0.9999999999996666,0.9999999999996666,1.9035758387267918e-120,1.9035758387267918e-120,1.0,1.0
B_pre_bounce_approach,B,Effective LQC bounce,pre_bounce_approach,2,"(-0.96, -0.94]",25,-0.959812608549,-0.9393088374,-0.94956072297448,1.0,0.0,0.0,0.000820150845944,0.000820150845944,-0.0596898956444,0.0596898956444,-0.5,0.5,-1032.90049247548,1032.90049247548,-1.71097594715092e-57,1.71097594715092e-57,0.17979528100456002,0.17979528100456002,0.42956170619544,0.42956170619544,0.17897807548972,0.17897807548972,0.0012952101687296,0.0012952101687296,-3.86383504750608e-05,3.86383504750608e-05,-0.9999999999673601,0.9999999999673601,1.631268121581168e-118,1.631268121581168e-118,1.0,1.0
B_pre_bounce_approach,B,Effective LQC bounce,pre_bounce_approach,3,"(-0.94, -0.92]",24,-0.9393088374,-0.919625217098,-0.9294670272487501,1.0,0.0,0.0,0.000820150845944,0.000820150845944,-0.05968989564440417,0.05968989564440417,-0.5,0.5,-9494.384590820417,9494.384590820417,-1.5727230053845418e-56,1.5727230053845418e-56,0.18209440531904167,0.18209440531904167,0.4326739984335,0.4326739984335,0.17906860306491668,0.17906860306491668,0.0012958644410112502,0.0012958644410112502,-4.5766558077604164e-07,4.5766558077604164e-07,-0.9999999975034166,0.9999999975034166,1.3183130063707752e-116,1.3183130063707752e-116,1.0,1.0
B_pre_bounce_approach,B,Effective LQC bounce,pre_bounce_approach,4,"(-0.92, -0.9]",24,-0.919625217098,-0.899941596795,-0.90978340694625,1.0,0.0,0.0,0.000820150845944,0.000820150845944,-0.05968989564440417,0.05968989564440417,-0.5,0.5,-93622.57970876251,93622.57970876251,-1.5508365341945e-55,1.5508365341945e-55,0.18978816825108336,0.18978816825108336,0.44282526328541677,0.44282526328541677,0.17906967219225,0.17906967219225,0.0012958721679325002,0.0012958721679325002,-6.224496930164584e-09,6.224496930164584e-09,-0.9999998164269583,0.9999998164269583,1.190179413204296e-114,1.190179413204296e-114,1.0,1.0
B_pre_bounce_approach,B,Effective LQC bounce,pre_bounce_approach,5,"(-0.9, -0.88]",25,-0.899941596795,-0.879437825646,-0.88968971122056,1.0,0.0,0.0,0.000820150845944,0.000820150845944,-0.0596898956444,0.0596898956444,-0.5,0.5,-1237000.35599808,1237000.35599808,-2.04906268430376e-54,2.04906268430376e-54,0.20733220565708,0.20733220565708,0.46467023196320006,0.46467023196320006,0.17906968674044002,0.17906968674044002,0.0012958722730772,0.0012958722730772,-8.145182611387361e-11,8.145182611387361e-11,-0.9999844664750399,0.9999844664750399,1.851596969839712e-112,1.851596969839712e-112,1.0,1.0
B_pre_bounce_approach,B,Effective LQC bounce,pre_bounce_approach,6,"(-0.88, -0.86]",24,-0.879437825646,-0.859754205344,-0.8695960154949166,1.0,0.0,0.0,0.000820150845944,0.000820150845944,-0.0596898956444,0.0596898956444,-0.5,0.5,-19584221.351483334,19584221.351483334,-3.2440812953605833e-53,3.2440812953605833e-53,0.22600582541283334,0.22600582541283334,0.48624020494049996,0.48624020494049996,0.17906968693104167,0.17906968693104167,0.0012958722744533333,0.0012958722744533333,-9.625527658968583e-13,9.625527658968583e-13,-0.9988159881169166,0.9988159881169166,4.0769665797809994e-110,4.0769665797809994e-110,1.0,1.0
B_pre_bounce_approach,B,Effective LQC bounce,pre_bounce_approach,7,"(-0.86, -0.84]",25,-0.859754205344,-0.839250434195,-0.8495023197693601,0.92,0.0,0.0,0.000820150845944,0.000820150845944,-0.0596898956444,0.0596898956444,-0.5,0.5,-360396292.946904,360396292.946904,-5.9698818343776e-52,5.9698818343776e-52,0.23511741743352002,0.23511741743352002,0.49615238033871994,0.49615238033871994,0.17906968693300002,0.17906968693300002,0.00129587227447,0.00129587227447,-1.259566086735652e-14,1.259566086735652e-14,-0.91737454920464,0.91737454920464,1.362380582543604e-107,1.362380582543604e-107,1.0,1.0
B_pre_bounce_approach,B,Effective LQC bounce,pre_bounce_approach,8,"(-0.84, -0.82]",24,-0.839250434195,-0.819566813892,-0.829408624043625,0.0,0.0,0.0,0.000820150845944,0.000820150845944,-0.0596898956444,0.0596898956444,-0.5,0.5,-6487051832.934583,6487051832.934583,-1.0745652398205418e-50,1.0745652398205418e-50,0.2378729801731667,0.2378729801731667,0.4990696533860833,0.4990696533860833,0.179069686933,0.179069686933,0.00129587227447,0.00129587227447,-1.4884857375823167e-16,1.4884857375823167e-16,-0.2634124998830917,0.2634124998830917,4.248222874592442e-105,4.248222874592442e-105,1.0,1.0
B_pre_bounce_approach,B,Effective LQC bounce,pre_bounce_approach,9,"(-0.82, -0.8]",24,-0.819566813892,-0.79988319359,-0.8097250037410834,0.0,0.0,0.0,0.000820150845944,0.000820150845944,-0.0596898956444,0.0596898956444,-0.5,0.5,-113617839604.325,113617839604.325,-1.882053422827167e-49,1.882053422827167e-49,0.23854513410025002,0.23854513410025002,0.4997753381985417,0.4997753381985417,0.17906968693320832,0.17906968693320832,0.00129587227447,0.00129587227447,-2.024366919389042e-18,2.024366919389042e-18,-0.006742847598145249,0.006742847598145249,1.2997960601130083e-102,1.2997960601130083e-102,1.0,1.0
B_pre_bounce_approach,B,Effective LQC bounce,pre_bounce_approach,10,"(-0.8, -0.78]",25,-0.79988319359,-0.779379422441,-0.78963130801544,0.0,0.0,0.0,0.000820150845944,0.000820150845944,-0.0596898956444,0.0596898956444,-0.5,0.5,-2170654617436.08,2170654617436.08,-3.595639528747361e-48,3.595639528747361e-48,0.23870938853772003,0.23870938853772003,0.49994743639448,0.49994743639448,0.17906968693328001,0.17906968693328001,0.0012958722744696,0.0012958722744696,-2.64902248372344e-20,2.64902248372344e-20,-8.954015929626119e-05,8.954015929626119e-05,4.87560991882272e-100,4.87560991882272e-100,1.0,1.0
B_pre_bounce_approach,B,Effective LQC bounce,pre_bounce_approach,11,"(-0.78, -0.76]",24,-0.779379422441,-0.759695802138,-0.7695376122897084,0.0,0.0,0.0,0.000820150845944,0.000820150845944,-0.0596898956444,0.0596898956444,-0.5,0.5,-39412232587635.0,39412232587635.0,-6.528545825290832e-47,6.528545825290832e-47,0.23874802625595834,0.23874802625595834,0.49998789928399995,0.49998789928399995,0.179069686933125,0.179069686933125,0.0012958722744695831,0.0012958722744695831,-3.1304686805120835e-22,3.1304686805120835e-22,-1.0583501620895832e-06,1.0583501620895832e-06,1.5628084033911955e-97,1.5628084033911955e-97,1.0,1.0
B_pre_bounce_approach,B,Effective LQC bounce,pre_bounce_approach,12,"(-0.76, -0.74]",24,-0.759695802138,-0.740012181836,-0.7498539919872084,0.0,0.0,0.0,0.000820150845944,0.000820150845944,-0.0596898956444,0.0596898956444,-0.5,0.5,-691708415862708.4,691708415862708.4,-1.145799107081625e-45,1.145799107081625e-45,0.238756823636625,0.238756823636625,0.4999971111529167,0.4999971111529167,0.179069686933375,0.179069686933375,0.0012958722744700001,0.0012958722744700001,-4.257492751873e-24,4.257492751873e-24,-1.4393782411130708e-08,1.4393782411130708e-08,4.8136569220502506e-95,4.8136569220502506e-95,1.0,1.0
B_pre_bounce_approach,B,Effective LQC bounce,pre_bounce_approach,13,"(-0.74, -0.72]",25,-0.740012181836,-0.719508410687,-0.72976029626152,0.0,0.0,0.0,0.000820150845944,0.000820150845944,-0.0596898956444,0.0596898956444,-0.5,0.5,-1.3221594534216802e+16,1.3221594534216802e+16,-2.19012677366532e-44,2.19012677366532e-44,0.23875893885487998,0.23875893885487998,0.49999932597056,0.49999932597056,0.17906968693952,0.17906968693952,0.001295872274514,0.001295872274514,-5.57122027434952e-26,5.57122027434952e-26,-1.8835248718986e-10,1.8835248718986e-10,1.8085758159384877e-92,1.8085758159384877e-92,1.0,1.0
B_pre_bounce_approach,B,Effective LQC bounce,pre_bounce_approach,14,"(-0.72, -0.7]",24,-0.719508410687,-0.699824790385,-0.7096666005358333,0.0,0.0,0.0,0.000820150845944,0.000820150845944,-0.0596898956444,0.0596898956444,-0.5,0.5,-2.4008933084395837e+17,2.4008933084395837e+17,-3.9770246333917075e-43,3.9770246333917075e-43,0.23875943448354167,0.23875943448354167,0.4999998449337917,0.4999998449337917,0.17906968689912497,0.17906968689912497,0.0012958722742233333,0.0012958722742233333,-6.583760872280959e-28,6.583760872280959e-28,-2.22584581980175e-12,2.22584581980175e-12,5.799230757615292e-90,5.799230757615292e-90,1.0,1.0
B_pre_bounce_approach,B,Effective LQC bounce,pre_bounce_approach,15,"(-0.7, -0.68]",25,-0.699824790385,-0.679321019236,-0.6895729048103199,0.0,0.0,0.0,0.000820150845944,0.000820150845944,-0.0596898956444,0.0596898956444,-0.5,0.5,-4.58919273155576e+18,4.58919273155576e+18,-7.601892377564402e-42,7.601892377564402e-42,0.23875954802539998,0.23875954802539998,0.49999996382096007,0.49999996382096007,0.17906968696012002,0.17906968696012002,0.001295872274664,0.001295872274664,-8.615301122396241e-30,8.615301122396241e-30,-2.9126713988684797e-14,2.9126713988684797e-14,2.1789169648296557e-87,2.1789169648296557e-87,1.0,1.0
B_pre_bounce_approach,B,Effective LQC bounce,pre_bounce_approach,16,"(-0.68, -0.66]",24,-0.679321019236,-0.659637398933,-0.6694792090846251,0.0,0.0,0.0,0.000820150845944,0.000820150845944,-0.0596898956444,0.0596898956444,-0.5,0.5,-8.3334708780825e+19,8.3334708780825e+19,-1.380420314691125e-40,1.380420314691125e-40,0.23875957462875,0.23875957462875,0.4999999916767501,0.4999999916767501,0.1790696869137917,0.1790696869137917,0.0012958722743266666,0.0012958722743266666,-1.018108773481783e-31,1.018108773481783e-31,-3.442034426111459e-16,3.442034426111459e-16,6.986767294113959e-85,6.986767294113959e-85,1.0,1.0
B_pre_bounce_approach,B,Effective LQC bounce,pre_bounce_approach,17,"(-0.66, -0.64]",24,-0.659637398933,-0.639953778631,-0.649795588782,0.0,0.0,0.0,0.000820150845944,0.000820150845944,-0.0596898956444,0.0596898956444,-0.5,0.5,-1.4626133889095e+21,1.4626133889095e+21,-2.4227854925385835e-39,2.4227854925385835e-39,0.23875958068037498,0.23875958068037498,0.4999999980132084,0.4999999980132084,0.17906968787020835,0.17906968787020835,0.0012958722812416667,0.0012958722812416667,-1.3846459330843792e-33,1.3846459330843792e-33,-4.6812276780148756e-18,4.6812276780148756e-18,2.152204393941054e-82,2.152204393941054e-82,1.0,1.0
B_pre_bounce_approach,B,Effective LQC bounce,pre_bounce_approach,18,"(-0.64, -0.62]",25,-0.639953778631,-0.619450007482,-0.6297018930563999,0.0,0.0,0.0,0.000820150845944,0.000820150845944,-0.0596898956444,0.0596898956444,-0.5,0.5,-2.79571649964548e+22,2.79571649964548e+22,-4.63104018324872e-38,4.63104018324872e-38,0.23875958213499998,0.23875958213499998,0.49999999953652,0.49999999953652,0.1790696878288,0.1790696878288,0.0012958722809428,0.0012958722809428,-1.8119038060373197e-35,1.8119038060373197e-35,-6.12570625028768e-20,6.12570625028768e-20,8.08638270305056e-80,8.08638270305056e-80,1.0,1.0
B_pre_bounce_approach,B,Effective LQC bounce,pre_bounce_approach,19,"(-0.62, -0.6]",24,-0.619450007482,-0.599766387179,-0.6096081973306667,0.0,0.0,0.0,0.000820150845944,0.000820150845944,-0.0596898956444,0.0596898956444,-0.5,0.5,-5.07671505499025e+23,5.07671505499025e+23,-8.409461911300416e-37,8.409461911300416e-37,0.238759582475875,0.238759582475875,0.4999999998933749,0.4999999998933749,0.17906968285333333,0.17906968285333333,0.0012958722449833333,0.0012958722449833333,-2.1412079420354163e-37,2.1412079420354163e-37,-7.239021646722334e-22,7.239021646722334e-22,2.592925253642371e-77,2.592925253642371e-77,1.0,1.0
B_pre_bounce_approach,B,Effective LQC bounce,pre_bounce_approach,20,"(-0.6, -0.58]",24,-0.599766387179,-0.580082766877,-0.5899245770281666,0.0,0.0,0.0,0.000820150845944,0.000820150845944,-0.0596898956444,0.0596898956444,-0.5,0.5,-8.910178789226665e+24,8.910178789226665e+24,-1.4759506558697918e-35,1.4759506558697918e-35,0.23875958255341667,0.23875958255341667,0.4999999999745417,0.4999999999745417,0.179069511292125,0.179069511292125,0.0012958710050550001,0.0012958710050550001,-2.9120807773285417e-39,2.9120807773285417e-39,-9.845197829805128e-24,9.845197829805128e-24,7.987249638438582e-75,7.987249638438582e-75,1.0,1.0
B_pre_bounce_approach,B,Effective LQC bounce,pre_bounce_approach,21,"(-0.58, -0.56]",25,-0.580082766877,-0.559578995728,-0.5698308813024799,0.0,0.0,0.0,0.000820150845944,0.000820150845944,-0.0596898956444,0.0596898956444,-0.5,0.5,-1.7031386526486798e+26,1.7031386526486798e+26,-2.8212100687079205e-34,2.8212100687079205e-34,0.23875958257203997,0.23875958257203997,0.49999999999404,0.49999999999404,0.17907023173151998,0.17907023173151998,0.0012958762118919997,0.0012958762118919997,-3.81067362576528e-41,3.81067362576528e-41,-1.2883171374415517e-25,1.2883171374415517e-25,3.001014143073368e-72,3.001014143073368e-72,1.0,1.0
B_pre_bounce_approach,B,Effective LQC bounce,pre_bounce_approach,22,"(-0.56, -0.54]",24,-0.559578995728,-0.539895375426,-0.5497371855767916,0.0,0.0,0.0,0.000820150845944,0.000820150845944,-0.0596898956444,0.0596898956444,-0.5,0.5,-3.092713316347875e+27,3.092713316347875e+27,-5.1230085901347085e-33,5.1230085901347085e-33,0.2387595825764167,0.2387595825764167,0.49999999999862504,0.49999999999862504,0.179070905323,0.179070905323,0.0012958810800641667,0.0012958810800641667,-4.50318371290675e-43,4.50318371290675e-43,-1.5224417833005961e-27,1.5224417833005961e-27,9.622850746298333e-70,9.622850746298333e-70,1.0,1.0
B_pre_bounce_approach,B,Effective LQC bounce,pre_bounce_approach,23,"(-0.54, -0.52]",25,-0.539895375426,-0.519391604277,-0.52964348985132,0.0,0.0,0.0,0.000820150845944,0.000820150845944,-0.0596898956444,0.0596898956444,-0.5,0.5,-5.91157564344832e+28,5.91157564344832e+28,-9.792389305053198e-32,9.792389305053198e-32,0.23875958257744004,0.23875958257744004,0.49999999999983996,0.49999999999983996,0.17907318551668003,0.17907318551668003,0.0012958975582392,0.0012958975582392,-5.89255493329536e-45,5.89255493329536e-45,-1.9921620819361204e-29,1.9921620819361204e-29,3.61555134729288e-67,3.61555134729288e-67,1.0,1.0
B_pre_bounce_approach,B,Effective LQC bounce,pre_bounce_approach,24,"(-0.52, -0.5]",24,-0.519391604277,-0.499707983974,-0.5095497941255833,0.0,0.0,0.0,0.000820150845944,0.000820150845944,-0.0596898956444,0.0596898956444,-0.5,0.5,-1.0734774109485416e+30,1.0734774109485416e+30,-1.7781906808287914e-30,1.7781906808287914e-30,0.238759582578,0.238759582578,0.5,0.5,0.17906526962066663,0.17906526962066663,0.0012958403197654168,0.0012958403197654168,-6.962870237142458e-47,6.962870237142458e-47,-2.354015571327667e-31,2.354015571327667e-31,1.1593384543763084e-64,1.1593384543763084e-64,1.0,1.0
B_pre_bounce_approach,B,Effective LQC bounce,pre_bounce_approach,25,"(-0.5, -0.48]",24,-0.499707983974,-0.480024363672,-0.48986617382291664,0.0,0.0,0.0,0.000820150845944,0.000820150845944,-0.0596898956444,0.0596898956444,-0.5,0.5,-1.8840678581298334e+31,1.8840678581298334e+31,-3.120915142887125e-29,3.120915142887125e-29,0.238759582578,0.238759582578,0.5,0.5,0.17885060316608334,0.17885060316608334,0.0012942885084975,0.0012942885084975,-9.4699560594945e-49,9.4699560594945e-49,-3.2016141712525e-33,3.2016141712525e-33,3.5712273790559876e-62,3.5712273790559876e-62,1.0,1.0
B_pre_bounce_approach,B,Effective LQC bounce,pre_bounce_approach,26,"(-0.48, -0.46]",25,-0.480024363672,-0.459520592523,-0.4697724780974001,0.0,0.0,0.0,0.000820150845944,0.000820150845944,-0.0596898956444,0.0596898956444,-0.5,0.5,-3.601306853077161e+32,3.601306853077161e+32,-5.965482104826799e-28,5.965482104826799e-28,0.238759582578,0.238759582578,0.5,0.5,0.17843404452232,0.17843404452232,0.0012912680993064003,0.0012912680993064003,-1.245602451930936e-50,1.245602451930936e-50,-4.211147799206e-35,4.211147799206e-35,1.34180154118414e-59,1.34180154118414e-59,1.0,1.0
B_pre_bounce_approach,B,Effective LQC bounce,pre_bounce_approach,27,"(-0.46, -0.44]",24,-0.459520592523,-0.43983697222,-0.44967878237166664,0.0,0.0,0.0,0.000820150845944,0.000820150845944,-0.0596898956444,0.0596898956444,-0.5,0.5,-6.539578937736667e+33,6.539578937736667e+33,-1.0832662341127916e-26,1.0832662341127916e-26,0.238759582578,0.238759582578,0.5,0.5,0.18058696551602918,0.18058696551602918,0.001306635250444625,0.001306635250444625,-1.4965756046729416e-52,1.4965756046729416e-52,-5.059640862289083e-37,5.059640862289083e-37,4.302530860208963e-57,4.302530860208963e-57,1.0,1.0
B_pre_bounce_approach,B,Effective LQC bounce,pre_bounce_approach,28,"(-0.44, -0.42]",24,-0.43983697222,-0.420153351918,-0.42999516206908334,0.0,0.0,0.0,0.000820150845944,0.000820150845944,-0.0596898956444,0.0596898956444,-0.5,0.5,-1.1477661622533332e+35,1.1477661622533332e+35,-1.9012482914609585e-25,1.9012482914609585e-25,0.238759582578,0.238759582578,0.5,0.5,0.17885060316611248,0.2783441422054708,0.0012906892313072082,0.002008778977015208,-1.9614754502002915e-54,2.3417886500019583e-54,-6.631379869644124e-39,7.917147324476625e-39,1.3253520530786042e-54,1.3253520530786042e-54,1.0,1.0
B_pre_bounce_approach,B,Effective LQC bounce,pre_bounce_approach,29,"(-0.42, -0.4]",25,-0.420153351918,-0.399649580769,-0.40990146634344,0.0,0.0,0.0,0.000820150845944,0.000820150845944,-0.0596898956444,0.0596898956444,-0.5,0.5,-2.1939008873886402e+36,2.1939008873886402e+36,-3.63414644111148e-24,3.63414644111148e-24,0.238759582578,0.238759582578,0.5,0.5,0.22180709775688057,20.88230439985512,0.0014494311293143957,0.0795444015633936,1.0799652163151426e-32,2.8505904074069195e-20,-1.5069515799993362e-09,9.631172826998e-05,4.979686921819708e-52,4.979686921819708e-52,1.0,1.0
B_pre_bounce_approach,B,Effective LQC bounce,pre_bounce_approach,30,"(-0.4, -0.38]",24,-0.399649580769,-0.379965960466,-0.38980777061775,0.0,0.0,0.0,0.000820150845944,0.000820150845944,-0.0596898956444,0.0596898956444,-0.5,0.5,-3.9838838010711673e+37,3.9838838010711673e+37,-6.599212034007501e-23,6.599212034007501e-23,0.238759582578,0.238759582578,0.5,0.5,-5.429652914309998,83.35094846235667,-0.020112171073109163,0.28008826126405745,1.0519778041054174e-21,2.4011063568369584e-20,3.5547483785587474e-06,8.116152077618292e-05,1.596753021791925e-49,1.596753021791925e-49,1.0,1.0
B_pre_bounce_approach,B,Effective LQC bounce,pre_bounce_approach,31,"(-0.38, -0.36]",25,-0.379965960466,-0.359462189318,-0.36971407489228,0.0,0.0,0.0,0.000820150845944,0.000820150845944,-0.0596898956444,0.0596898956444,-0.5,0.5,-7.615005994998e+38,7.615005994998e+38,-1.26140825662944e-21,1.26140825662944e-21,0.238759582578,0.238759582578,0.5,0.5,4.000185072072782e-11,121.71664490627998,-0.026683300339639993,0.3871981428362,-7.828060817557596e-22,7.503057718126959e-21,-2.6463236417312004e-06,2.53651674946352e-05,5.999409833426879e-47,5.999409833426879e-47,1.0,1.0
B_pre_bounce_approach,B,Effective LQC bounce,pre_bounce_approach,32,"(-0.36, -0.34]",24,-0.359462189318,-0.339778569015,-0.3496203791665417,0.0,0.0,0.0,0.000820150845944,0.000820150845944,-0.0596898956444,0.0596898956444,-0.5,0.5,-1.3828017119146666e+40,1.3828017119146666e+40,-2.2905792823235833e-20,2.2905792823235833e-20,0.238759582578,0.238759582578,0.5,0.5,-2.3329486490789957e-11,108.24648469744,-0.014499071007515815,0.3692017171986825,-1.8008972150419584e-22,2.0071407467391957e-21,-6.088373049262084e-07,6.785685315638707e-06,1.9237305338433377e-44,1.9237305338433377e-44,1.0,1.0
B_pre_bounce_approach,B,Effective LQC bounce,pre_bounce_approach,33,"(-0.34, -0.32]",24,-0.339778569015,-0.320094948713,-0.329936758863875,0.0,0.0,0.0,0.000820150845944,0.000820150845944,-0.0596898956444,0.0596898956444,-0.5,0.5,-2.426965144319042e+41,2.426965144319042e+41,-4.020212030829375e-19,4.020212030829375e-19,0.238759582578,0.238759582578,0.5,0.5,1.1842378929335002e-15,75.14870682566666,0.0,0.2606507162865833,-4.298699740521666e-23,3.662730103832167e-22,-1.4533039122835832e-07,1.2382968662650249e-06,5.925861534615041e-42,5.925861534615041e-42,1.0,1.0
B_pre_bounce_approach,B,Effective LQC bounce,pre_bounce_approach,34,"(-0.32, -0.3]",25,-0.320094948713,-0.299591177564,-0.30984306313836,0.0,0.0,0.0,0.000820150845944,0.000820150845944,-0.0596898956444,0.0596898956444,-0.5,0.5,-4.63902941112076e+42,4.63902941112076e+42,-7.684445692858e-18,7.684445692858e-18,0.238759582578,0.238759582578,0.5,0.5,6.376954061160001,94.10166123292,-0.008235791845800002,0.28947405368244,-1.2938960036986804e-23,7.10376555033068e-23,-4.374417125037199e-08,2.40164826060372e-07,2.226497866425556e-39,2.226497866425556e-39,1.0,1.0
B_pre_bounce_approach,B,Effective LQC bounce,pre_bounce_approach,35,"(-0.3, -0.28]",24,-0.299591177564,-0.279907557261,-0.289749367412625,0.0,0.0,0.0,0.000820150845944,0.000820150845944,-0.0596898956444,0.0596898956444,-0.5,0.5,-8.423969482792499e+43,8.423969482792499e+43,-1.3954112007494584e-16,1.3954112007494584e-16,0.238759582578,0.238759582578,0.5,0.5,-6.642660480356667,154.80287032510668,-0.05403099999539085,0.4540413494585575,7.234383304816665e-25,2.504136055975167e-23,2.4458087213154177e-09,8.466012073300126e-08,7.139338781823666e-37,7.139338781823666e-37,1.0,1.0
B_pre_bounce_approach,B,Effective LQC bounce,pre_bounce_approach,36,"(-0.28, -0.26]",24,-0.279907557261,-0.260223936959,-0.27006574711000003,0.0,0.0,0.0,0.000820150845944,0.000820150845944,-0.0596898956444,0.0596898956444,-0.5,0.5,-1.478496890436125e+45,1.478496890436125e+45,-2.449096148084083e-15,2.449096148084083e-15,0.238759582578,0.238759582578,0.5,0.5,0.0,83.5242352575,-0.016046801813208333,0.25774645278445835,-5.507552846337499e-25,4.280579951632083e-24,-1.8620000152190417e-09,1.447183579631071e-08,2.199202659910371e-34,2.199202659910371e-34,1.0,1.0
B_pre_bounce_approach,B,Effective LQC bounce,pre_bounce_approach,37,"(-0.26, -0.24]",25,-0.260223936959,-0.23972016581,-0.24997205138444,0.0,0.0,0.0,0.000820150845944,0.000820150845944,-0.0596898956444,0.0596898956444,-0.5,0.5,-2.82607707615424e+46,2.82607707615424e+46,-4.68133178105248e-14,4.68133178105248e-14,0.238759582578,0.238759582578,0.5,0.5,7.042375354537601,145.7827150153824,0.053857729038504804,0.4042495394502951,-1.6577572401384395e-25,1.1579070553970439e-24,-5.6045656195324e-10,3.91466611091484e-09,8.262967336530119e-32,8.262967336530119e-32,1.0,1.0
B_pre_bounce_approach,B,Effective LQC bounce,pre_bounce_approach,38,"(-0.24, -0.22]",24,-0.23972016581,-0.220036545507,-0.22987835565870832,0.0,0.0,0.0,0.000820150845944,0.000820150845944,-0.0596898956444,0.0596898956444,-0.5,0.5,-5.131846542831584e+47,5.131846542831584e+47,-8.500785954906251e-13,8.500785954906251e-13,0.238759582578,0.238759582578,0.5,0.5,-7.3358076609166645,156.6512628065,-0.006224359200750003,0.4769681270623333,9.268790743050006e-27,4.314605287841166e-25,3.1336039537841655e-11,1.4586869588089087e-09,2.649547706655308e-29,2.649547706655308e-29,1.0,1.0
B_pre_bounce_approach,B,Effective LQC bounce,pre_bounce_approach,39,"(-0.22, -0.2]",25,-0.220036545507,-0.199532774359,-0.20978465993320003,0.0,0.0,0.0,0.000820150845944,0.000820150845944,-0.0596898956444,0.0596898956444,-0.5,0.5,-9.8092826348536e+48,9.8092826348536e+48,-1.6248851432304403e-11,1.6248851432304403e-11,0.238759582578,0.238759582578,0.5,0.5,4.547473508864641e-15,162.69550622104,-2.1975381999994603e-05,0.47059450518288004,-6.8971662100052e-27,8.627715888751719e-26,-2.3318022725176004e-11,2.91686859664936e-10,9.955028954696839e-27,9.955028954696839e-27,1.0,1.0
B_pre_bounce_approach,B,Effective LQC bounce,pre_bounce_approach,40,"(-0.2, -0.18]",24,-0.199532774359,-0.179849154056,-0.18969096420749998,0.0,0.0,0.0,0.000820150845944,0.000820150845944,-0.0596898956444,0.0596898956444,-0.5,0.5,-1.7812583245554583e+50,1.7812583245554583e+50,-2.9506135099524167e-10,2.9506135099524167e-10,0.238759582578,0.238759582578,0.5,0.5,0.0,111.423409275,0.017920708293916666,0.320725023329,-1.5867387477900422e-27,1.527209612638171e-26,-5.364465503752916e-12,5.163208685469458e-11,3.192112840625188e-24,3.192112840625188e-24,1.0,1.0
B_pre_bounce_approach,B,Effective LQC bounce,pre_bounce_approach,41,"(-0.18, -0.16]",24,-0.179849154056,-0.160165533754,-0.17000734390483332,0.0,0.0,0.0,0.000820150845944,0.000820150845944,-0.0596898956444,0.0596898956444,-0.5,0.5,-3.1262991862643334e+51,3.1262991862643334e+51,-5.178642769403583e-09,5.178642769403583e-09,0.238759582578,0.238759582578,0.5,0.5,2.3333039204468758e-11,131.29362845102332,-0.0180503742001925,0.3739286061793908,-3.7875084632558327e-28,3.74625827016475e-27,-1.2804854312907917e-12,1.2665395162649124e-11,9.832987709887125e-22,9.832987709887125e-22,1.0,1.0
B_pre_bounce_approach,B,Effective LQC bounce,pre_bounce_approach,42,"(-0.16, -0.14]",25,-0.160165533754,-0.139661762605,-0.14991364817932,0.0,0.0,0.0,0.000820150845944,0.000820150845944,-0.0596898956444,0.0596898956444,-0.5,0.5,-5.97577344981e+52,5.97577344981e+52,-9.8987298811056e-08,9.8987298811056e-08,0.238759582578,0.238759582578,0.5,0.5,8.206862617879999,170.34785109448478,0.04173169308468001,0.4113307915263104,-1.140028929761e-28,6.5026999832746e-28,-3.85422356155e-13,2.1984406566350003e-12,3.6945051835504133e-19,3.6945051835504133e-19,1.0,1.0
B_pre_bounce_approach,B,Effective LQC bounce,pre_bounce_approach,43,"(-0.14, -0.12]",24,-0.139661762605,-0.119978142302,-0.12981995245358333,0.0,0.0,0.0,0.000820150845944,0.000820150845944,-0.0596898956444,0.0596898956444,-0.5,0.5,-1.0851350296825833e+54,1.0851350296825833e+54,-1.7974960768164583e-06,1.7974960768164583e-06,0.238759582578,0.238759582578,0.5,0.5,0.3057057047549986,155.85948547543168,-0.018306063513343324,0.3580439914495533,-3.7498746905332105e-41,1.1296918955945418e-28,-3.5832376307127003e-25,3.81927599173525e-13,1.1846552621637e-16,1.1846552621637e-16,1.0,1.0
B_pre_bounce_approach,B,Effective LQC bounce,pre_bounce_approach,44,"(-0.12, -0.1]",24,-0.119978142302,-0.100294522,-0.11013633215095835,0.0,0.0,0.0,0.000820150845944,0.000820150845944,-0.0596898956444,0.0596898956444,-0.5,0.5,-1.9045282278917084e+55,1.9045282278917084e+55,-3.154647666519583e-05,3.154647666519583e-05,0.238759582578,0.238759582578,0.5,0.5,0.48396437721141666,0.48396437721141666,0.00349439902158125,0.00349439902158125,-2.1306636911763448e-94,2.1306636911763448e-94,-7.203373516184935e-79,7.203373516184935e-79,3.649213300060862e-14,3.649213300060862e-14,1.0,1.0
B_pre_bounce_approach,B,Effective LQC bounce,pre_bounce_approach,45,"(-0.1, -0.08]",25,-0.100294522,-0.0797907508511,-0.090042636425352,0.0,0.0,0.0,0.000820150845944,0.000820150845944,-0.0596898956444,0.0596898956444,-0.5,0.5,-3.6404158847537197e+56,3.6404158847537197e+56,-0.00060242755826204,0.00060242755826204,0.238759582578,0.238759582578,0.5,0.5,0.47749472408092,0.47749472408092,0.0034480361075644,0.0034480361075644,-1.84668922487427e-99,1.84668922487427e-99,-6.243309214010508e-84,6.243309214010508e-84,1.37110284796e-11,1.37110284796e-11,0.9999999999932,0.9999999999932
B_pre_bounce_approach,B,Effective LQC bounce,pre_bounce_approach,46,"(-0.08, -0.06]",24,-0.0797907508511,-0.0601071305484,-0.06994894069973333,0.0,0.0,0.0,0.000820150845944,0.000820150845944,-0.0596898956444,0.0596898956444,-0.5,0.5,-6.61059656933625e+57,6.61059656933625e+57,-0.010762160732181668,0.010762160732181668,0.238759582578,0.238759582578,0.5,0.5,0.477519200602375,0.477519200602375,0.0034482122498025003,0.0034482122498025003,-1.2583102981641578e-104,1.2583102981641578e-104,-4.2541106390876504e-89,4.2541106390876504e-89,4.396486465995563e-09,4.396486465995563e-09,0.9999999978018334,0.9999999978018334
B_pre_bounce_approach,B,Effective LQC bounce,pre_bounce_approach,47,"(-0.06, -0.04]",25,-0.0601071305484,-0.0396033593998,-0.049855244974108,0.0,0.0,0.0,0.000820150845944,0.000820150845944,-0.0596898956444,0.0596898956444,-0.5,0.5,-1.2635778275532e+59,1.2635778275532e+59,-0.158468180895452,0.158468180895452,0.238759582578,0.238759582578,0.5,0.5,0.47751916515028,0.47751916515028,0.0034482119946808005,0.0034482119946808005,-1.273051080821141e-109,1.273051080821141e-109,-4.3039464549572294e-94,4.3039464549572294e-94,1.6518725048046318e-06,1.6518725048046318e-06,0.9999991740628,0.9999991740628
B_pre_bounce_approach,B,Effective LQC bounce,pre_bounce_approach,48,"(-0.04, -0.02]",24,-0.0396033593998,-0.0199197390972,-0.029761549248483333,0.0,0.0,0.0,0.000820150845944,0.000820150845944,-0.0596898956444,0.0596898956444,-0.5,0.5,-2.2908416851321247e+60,2.2908416851321247e+60,-0.7064698825662082,0.7064698825662082,0.238759582578,0.238759582578,0.5,0.5,0.477519165155875,0.477519165155875,0.003448211994721667,0.003448211994721667,-8.6691077008168e-115,8.6691077008168e-115,-2.930862391827488e-99,2.930862391827488e-99,0.0005296783623286625,0.0005296783623286625,0.999735058636125,0.999735058636125
B_pre_bounce_approach,B,Effective LQC bounce,pre_bounce_approach,49,"(-0.02, -2.22e-16]",804,-0.0199197390972,-2.22044604925e-16,-0.0002805696258231288,0.0,0.0,0.0,2.4775794896961434e-05,2.4775794896961434e-05,-0.0018031617222873822,0.0018031617222873822,-0.013991353246774897,0.013991353246774897,7.25214912914512e+58,1.246813344511001e+60,0.1724898656191865,0.2220969531904129,0.007212646889151293,0.007212646889151293,0.01399135324677617,0.01399135324677617,0.014425293778293567,0.014425293778293567,0.00010363761132204292,0.00010363761132204292,-2.7271916402793816e-121,2.7271916402793816e-121,-9.220122404353184e-106,9.220122404353184e-106,0.9632840793227774,0.9632840793227774,0.06756902146908833,0.06756902146908833
B_turning_surface,B,Effective LQC bounce,turning_surface,0,turning_surface,2,-2.22044604925e-16,1.95259924488e-16,-6.6961701093999906e-18,0.0,0.0,1.0,2.086522647065e-16,2.086522647065e-16,0.0,1.4210854715199998e-14,0.0,2.38078062657e-13,1.06074890263e+56,1.06074890263e+56,0.000175679751111,0.000175679751111,0.0,0.0,0.0,0.0,0.0,0.0,0.0,0.0,0.0,2.0139839378200003e-123,0.0,6.80890119817e-108,1.0,1.0,5e-08,5e-08
B_post_bounce_recession,B,Effective LQC bounce,post_bounce_recession,0,"(-0.000999999999999805, 0.02]",804,1.95259924488e-16,0.0199197390972,0.00028056962582312655,0.0,0.0,0.0,2.477579489696274e-05,2.477579489696274e-05,0.0018031617222873829,0.0018031617222873829,0.013991353246774899,0.013991353246774899,7.252149129145123e+58,1.246813344511001e+60,0.1724898656191865,0.2220969531904129,-0.007212646889151293,0.007212646889151293,-0.01399135324677617,0.01399135324677617,-0.014425293778293566,0.014425293778293566,-0.00010363761132204288,0.00010363761132204288,2.7271916402793816e-121,2.7271916402793816e-121,9.220122404353184e-106,9.220122404353184e-106,0.9632840793227774,0.9632840793227774,0.06756902146908833,0.06756902146908833
B_post_bounce_recession,B,Effective LQC bounce,post_bounce_recession,1,"(0.02, 0.04]",24,0.0199197390972,0.0396033593998,0.029761549248483333,0.0,0.0,0.0,0.000820150845944,0.000820150845944,0.0596898956444,0.0596898956444,0.5,0.5,-2.2908416851321247e+60,2.2908416851321247e+60,-0.7064698825662082,0.7064698825662082,-0.238759582578,0.238759582578,-0.5,0.5,-0.477519165155875,0.477519165155875,-0.003448211994721667,0.003448211994721667,8.669107700816801e-115,8.669107700816801e-115,2.930862391827488e-99,2.930862391827488e-99,0.0005296783623286625,0.0005296783623286625,0.999735058636125,0.999735058636125
B_post_bounce_recession,B,Effective LQC bounce,post_bounce_recession,2,"(0.04, 0.06]",25,0.0396033593998,0.0601071305484,0.049855244974107996,0.0,0.0,0.0,0.000820150845944,0.000820150845944,0.0596898956444,0.0596898956444,0.5,0.5,-1.2635778275531999e+59,1.2635778275531999e+59,-0.15846818089545203,0.15846818089545203,-0.238759582578,0.238759582578,-0.5,0.5,-0.47751916515028,0.47751916515028,-0.0034482119946808005,0.0034482119946808005,1.2730510808211409e-109,1.2730510808211409e-109,4.3039464549572294e-94,4.3039464549572294e-94,1.6518725048046318e-06,1.6518725048046318e-06,0.9999991740628,0.9999991740628
B_post_bounce_recession,B,Effective LQC bounce,post_bounce_recession,3,"(0.06, 0.08]",24,0.0601071305484,0.0797907508511,0.06994894069973333,0.0,0.0,0.0,0.000820150845944,0.000820150845944,0.0596898956444,0.0596898956444,0.5,0.5,-6.61059656933625e+57,6.61059656933625e+57,-0.010762160732181668,0.010762160732181668,-0.238759582578,0.238759582578,-0.5,0.5,-0.477519200602375,0.477519200602375,-0.0034482122498025003,0.0034482122498025003,1.2583102981641578e-104,1.2583102981641578e-104,4.2541106390876504e-89,4.2541106390876504e-89,4.396486465995562e-09,4.396486465995562e-09,0.9999999978018334,0.9999999978018334
B_post_bounce_recession,B,Effective LQC bounce,post_bounce_recession,4,"(0.08, 0.1]",25,0.0797907508511,0.100294522,0.09004263642535199,0.0,0.0,0.0,0.000820150845944,0.000820150845944,0.0596898956444,0.0596898956444,0.5,0.5,-3.6404158847537197e+56,3.6404158847537197e+56,-0.00060242755826204,0.00060242755826204,-0.238759582578,0.238759582578,-0.5,0.5,-0.47749472408092,0.47749472408092,-0.0034480361075644,0.0034480361075644,1.8466892248742694e-99,1.8466892248742694e-99,6.243309214010508e-84,6.243309214010508e-84,1.3711028479600002e-11,1.3711028479600002e-11,0.9999999999932001,0.9999999999932001
B_post_bounce_recession,B,Effective LQC bounce,post_bounce_recession,5,"(0.1, 0.12]",24,0.100294522,0.119978142302,0.11013633215095835,0.0,0.0,0.0,0.000820150845944,0.000820150845944,0.0596898956444,0.0596898956444,0.5,0.5,-1.9045282278917084e+55,1.9045282278917084e+55,-3.154647666519583e-05,3.154647666519583e-05,-0.238759582578,0.238759582578,-0.5,0.5,-0.48396437721141666,0.48396437721141666,-0.00349439902158125,0.00349439902158125,2.1306636911763448e-94,2.1306636911763448e-94,7.203373516184935e-79,7.203373516184935e-79,3.649213300060862e-14,3.649213300060862e-14,1.0,1.0
B_post_bounce_recession,B,Effective LQC bounce,post_bounce_recession,6,"(0.12, 0.14]",24,0.119978142302,0.139661762605,0.12981995245358333,0.0,0.0,0.0,0.000820150845944,0.000820150845944,0.0596898956444,0.0596898956444,0.5,0.5,-1.0851350296825833e+54,1.0851350296825833e+54,-1.7974960768164586e-06,1.7974960768164586e-06,-0.238759582578,0.238759582578,-0.5,0.5,-0.30570570475499875,155.85948547543168,0.018306063513343324,0.3580439914495533,3.7498746905332105e-41,1.1296918955945418e-28,3.5832376307127003e-25,3.81927599173525e-13,1.1846552621637e-16,1.1846552621637e-16,1.0,1.0
B_post_bounce_recession,B,Effective LQC bounce,post_bounce_recession,7,"(0.14, 0.16]",25,0.139661762605,0.160165533754,0.14991364817932,0.0,0.0,0.0,0.000820150845944,0.000820150845944,0.0596898956444,0.0596898956444,0.5,0.5,-5.97577344981e+52,5.97577344981e+52,-9.8987298811056e-08,9.8987298811056e-08,-0.238759582578,0.238759582578,-0.5,0.5,-8.206862617879999,170.34785109448478,-0.04173169308468001,0.4113307915263104,1.140028929761e-28,6.5026999832746e-28,3.8542235615500003e-13,2.1984406566350003e-12,3.6945051835504123e-19,3.6945051835504123e-19,1.0,1.0
B_post_bounce_recession,B,Effective LQC bounce,post_bounce_recession,8,"(0.16, 0.18]",24,0.160165533754,0.179849154056,0.17000734390483332,0.0,0.0,0.0,0.000820150845944,0.000820150845944,0.0596898956444,0.0596898956444,0.5,0.5,-3.1262991862643334e+51,3.1262991862643334e+51,-5.178642769403583e-09,5.178642769403583e-09,-0.238759582578,0.238759582578,-0.5,0.5,-2.3333039204468758e-11,131.29362845102332,0.01805037420019251,0.3739286061793908,3.787508463255834e-28,3.74625827016475e-27,1.2804854312907917e-12,1.2665395162649127e-11,9.832987709887125e-22,9.832987709887125e-22,1.0,1.0
B_post_bounce_recession,B,Effective LQC bounce,post_bounce_recession,9,"(0.18, 0.2]",24,0.179849154056,0.199532774359,0.18969096420749998,0.0,0.0,0.0,0.000820150845944,0.000820150845944,0.0596898956444,0.0596898956444,0.5,0.5,-1.7812583245554583e+50,1.7812583245554583e+50,-2.9506135099524167e-10,2.9506135099524167e-10,-0.238759582578,0.238759582578,-0.5,0.5,0.0,111.423409275,-0.017920708293916666,0.320725023329,1.5867387477900423e-27,1.527209612638171e-26,5.3644655037529135e-12,5.163208685469458e-11,3.192112840625188e-24,3.192112840625188e-24,1.0,1.0
B_post_bounce_recession,B,Effective LQC bounce,post_bounce_recession,10,"(0.2, 0.22]",25,0.199532774359,0.220036545507,0.2097846599332,0.0,0.0,0.0,0.000820150845944,0.000820150845944,0.0596898956444,0.0596898956444,0.5,0.5,-9.8092826348536e+48,9.8092826348536e+48,-1.62488514323044e-11,1.62488514323044e-11,-0.238759582578,0.238759582578,-0.5,0.5,0.0,162.69550622104,2.1975381999994603e-05,0.47059450518288004,6.897166210005199e-27,8.62771588875172e-26,2.3318022725175997e-11,2.91686859664936e-10,9.95502895469684e-27,9.95502895469684e-27,1.0,1.0
B_post_bounce_recession,B,Effective LQC bounce,post_bounce_recession,11,"(0.22, 0.24]",24,0.220036545507,0.23972016581,0.22987835565870837,0.0,0.0,0.0,0.000820150845944,0.000820150845944,0.0596898956444,0.0596898956444,0.5,0.5,-5.131846542831584e+47,5.131846542831584e+47,-8.500785954906251e-13,8.500785954906251e-13,-0.238759582578,0.238759582578,-0.5,0.5,7.3358076609166645,156.6512628065,0.006224359200749999,0.4769681270623333,-9.268790743049999e-27,4.314605287841166e-25,-3.133603953784169e-11,1.4586869588089087e-09,2.649547706655308e-29,2.649547706655308e-29,1.0,1.0
B_post_bounce_recession,B,Effective LQC bounce,post_bounce_recession,12,"(0.24, 0.26]",25,0.23972016581,0.260223936959,0.24997205138443998,0.0,0.0,0.0,0.000820150845944,0.000820150845944,0.0596898956444,0.0596898956444,0.5,0.5,-2.82607707615424e+46,2.82607707615424e+46,-4.68133178105248e-14,4.68133178105248e-14,-0.238759582578,0.238759582578,-0.5,0.5,-7.0423753545376,145.7827150153824,-0.053857729038504804,0.40424953945029524,1.6577572401384402e-25,1.157907055397044e-24,5.6045656195324e-10,3.91466611091484e-09,8.262967336530121e-32,8.262967336530121e-32,1.0,1.0
B_post_bounce_recession,B,Effective LQC bounce,post_bounce_recession,13,"(0.26, 0.28]",24,0.260223936959,0.279907557261,0.27006574711000003,0.0,0.0,0.0,0.000820150845944,0.000820150845944,0.0596898956444,0.0596898956444,0.5,0.5,-1.478496890436125e+45,1.478496890436125e+45,-2.449096148084083e-15,2.449096148084083e-15,-0.238759582578,0.238759582578,-0.5,0.5,0.0,83.5242352575,0.016046801813208333,0.25774645278445835,5.507552846337499e-25,4.280579951632084e-24,1.8620000152190417e-09,1.447183579631071e-08,2.199202659910371e-34,2.199202659910371e-34,1.0,1.0
B_post_bounce_recession,B,Effective LQC bounce,post_bounce_recession,14,"(0.28, 0.3]",24,0.279907557261,0.299591177564,0.289749367412625,0.0,0.0,0.0,0.000820150845944,0.000820150845944,0.0596898956444,0.0596898956444,0.5,0.5,-8.423969482792499e+43,8.423969482792499e+43,-1.3954112007494584e-16,1.3954112007494584e-16,-0.238759582578,0.238759582578,-0.5,0.5,6.642660480356667,154.80287032510668,0.05403099999539085,0.4540413494585575,-7.23438330481667e-25,2.504136055975167e-23,-2.4458087213154177e-09,8.466012073300126e-08,7.139338781823666e-37,7.139338781823666e-37,1.0,1.0
B_post_bounce_recession,B,Effective LQC bounce,post_bounce_recession,15,"(0.3, 0.32]",25,0.299591177564,0.320094948713,0.30984306313835996,0.0,0.0,0.0,0.000820150845944,0.000820150845944,0.0596898956444,0.0596898956444,0.5,0.5,-4.63902941112076e+42,4.63902941112076e+42,-7.684445692858e-18,7.684445692858e-18,-0.238759582578,0.238759582578,-0.5,0.5,-6.376954061160002,94.10166123292,0.008235791845800002,0.28947405368244,1.2938960036986804e-23,7.103765550330681e-23,4.3744171250372e-08,2.40164826060372e-07,2.226497866425556e-39,2.226497866425556e-39,1.0,1.0
B_post_bounce_recession,B,Effective LQC bounce,post_bounce_recession,16,"(0.32, 0.34]",24,0.320094948713,0.339778569015,0.32993675886387497,0.0,0.0,0.0,0.000820150845944,0.000820150845944,0.0596898956444,0.0596898956444,0.5,0.5,-2.426965144319042e+41,2.426965144319042e+41,-4.020212030829375e-19,4.020212030829375e-19,-0.238759582578,0.238759582578,-0.5,0.5,0.0,75.14870682566666,-4.625929269271485e-18,0.2606507162865834,4.298699740521667e-23,3.662730103832167e-22,1.4533039122835832e-07,1.2382968662650249e-06,5.925861534615041e-42,5.925861534615041e-42,1.0,1.0
B_post_bounce_recession,B,Effective LQC bounce,post_bounce_recession,17,"(0.34, 0.36]",24,0.339778569015,0.359462189318,0.3496203791665417,0.0,0.0,0.0,0.000820150845944,0.000820150845944,0.0596898956444,0.0596898956444,0.5,0.5,-1.3828017119146666e+40,1.3828017119146666e+40,-2.290579282323583e-20,2.290579282323583e-20,-0.238759582578,0.238759582578,-0.5,0.5,2.3329486490789957e-11,108.24648469744,0.014499071007515824,0.3692017171986825,1.8008972150419584e-22,2.0071407467391957e-21,6.088373049262084e-07,6.785685315638707e-06,1.9237305338433372e-44,1.9237305338433372e-44,1.0,1.0
B_post_bounce_recession,B,Effective LQC bounce,post_bounce_recession,18,"(0.36, 0.38]",25,0.359462189318,0.379965960466,0.3697140748922801,0.0,0.0,0.0,0.000820150845944,0.000820150845944,0.0596898956444,0.0596898956444,0.5,0.5,-7.615005994998e+38,7.615005994998e+38,-1.26140825662944e-21,1.26140825662944e-21,-0.238759582578,0.238759582578,-0.5,0.5,-4.000185072072782e-11,121.71664490628001,0.02668330033964,0.3871981428362,7.828060817557595e-22,7.503057718126959e-21,2.646323641731199e-06,2.53651674946352e-05,5.999409833426879e-47,5.999409833426879e-47,1.0,1.0
B_post_bounce_recession,B,Effective LQC bounce,post_bounce_recession,19,"(0.38, 0.4]",24,0.379965960466,0.399649580769,0.38980777061775,0.0,0.0,0.0,0.000820150845944,0.000820150845944,0.0596898956444,0.0596898956444,0.5,0.5,-3.9838838010711673e+37,3.9838838010711673e+37,-6.599212034007501e-23,6.599212034007501e-23,-0.238759582578,0.238759582578,-0.5,0.5,5.429652914309998,83.35094846235667,0.020112171073109163,0.28008826126405745,-1.0519778041054162e-21,2.4011063568369584e-20,-3.5547483785587482e-06,8.116152077618292e-05,1.596753021791925e-49,1.596753021791925e-49,1.0,1.0
B_post_bounce_recession,B,Effective LQC bounce,post_bounce_recession,20,"(0.4, 0.42]",25,0.399649580769,0.420153351918,0.40990146634343994,0.0,0.0,0.0,0.000820150845944,0.000820150845944,0.0596898956444,0.0596898956444,0.5,0.5,-2.1939008873886402e+36,2.1939008873886402e+36,-3.63414644111148e-24,3.63414644111148e-24,-0.238759582578,0.238759582578,-0.5,0.5,-0.22180709775688115,20.88230439985512,-0.0014494311293143957,0.0795444015633936,-1.0799652163151426e-32,2.85059040740692e-20,1.5069515799993362e-09,9.631172826998e-05,4.979686921819708e-52,4.979686921819708e-52,1.0,1.0
B_post_bounce_recession,B,Effective LQC bounce,post_bounce_recession,21,"(0.42, 0.44]",24,0.420153351918,0.43983697222,0.42999516206908334,0.0,0.0,0.0,0.000820150845944,0.000820150845944,0.0596898956444,0.0596898956444,0.5,0.5,-1.1477661622533332e+35,1.1477661622533332e+35,-1.9012482914609585e-25,1.9012482914609585e-25,-0.238759582578,0.238759582578,-0.5,0.5,-0.17885060316611248,0.2783441422054708,-0.0012906892313072082,0.002008778977015208,1.9614754502002915e-54,2.3417886500019583e-54,6.631379869644124e-39,7.917147324476625e-39,1.3253520530786042e-54,1.3253520530786042e-54,1.0,1.0
B_post_bounce_recession,B,Effective LQC bounce,post_bounce_recession,22,"(0.44, 0.46]",24,0.43983697222,0.459520592523,0.44967878237166664,0.0,0.0,0.0,0.000820150845944,0.000820150845944,0.0596898956444,0.0596898956444,0.5,0.5,-6.539578937736667e+33,6.539578937736667e+33,-1.0832662341127917e-26,1.0832662341127917e-26,-0.238759582578,0.238759582578,-0.5,0.5,-0.18058696551602918,0.18058696551602918,-0.001306635250444625,0.001306635250444625,1.4965756046729416e-52,1.4965756046729416e-52,5.059640862289083e-37,5.059640862289083e-37,4.302530860208963e-57,4.302530860208963e-57,1.0,1.0
B_post_bounce_recession,B,Effective LQC bounce,post_bounce_recession,23,"(0.46, 0.48]",25,0.459520592523,0.480024363672,0.46977247809739997,0.0,0.0,0.0,0.000820150845944,0.000820150845944,0.0596898956444,0.0596898956444,0.5,0.5,-3.60130685307716e+32,3.60130685307716e+32,-5.965482104826799e-28,5.965482104826799e-28,-0.238759582578,0.238759582578,-0.5,0.5,-0.17843404452232,0.17843404452232,-0.0012912680993064003,0.0012912680993064003,1.245602451930936e-50,1.245602451930936e-50,4.211147799206e-35,4.211147799206e-35,1.3418015411841402e-59,1.3418015411841402e-59,1.0,1.0
B_post_bounce_recession,B,Effective LQC bounce,post_bounce_recession,24,"(0.48, 0.5]",24,0.480024363672,0.499707983974,0.48986617382291664,0.0,0.0,0.0,0.000820150845944,0.000820150845944,0.0596898956444,0.0596898956444,0.5,0.5,-1.8840678581298334e+31,1.8840678581298334e+31,-3.120915142887125e-29,3.120915142887125e-29,-0.238759582578,0.238759582578,-0.5,0.5,-0.17885060316608334,0.17885060316608334,-0.0012942885084975,0.0012942885084975,9.4699560594945e-49,9.4699560594945e-49,3.2016141712525e-33,3.2016141712525e-33,3.5712273790559876e-62,3.5712273790559876e-62,1.0,1.0
B_post_bounce_recession,B,Effective LQC bounce,post_bounce_recession,25,"(0.5, 0.52]",24,0.499707983974,0.519391604277,0.5095497941255833,0.0,0.0,0.0,0.000820150845944,0.000820150845944,0.0596898956444,0.0596898956444,0.5,0.5,-1.0734774109485416e+30,1.0734774109485416e+30,-1.7781906808287914e-30,1.7781906808287914e-30,-0.238759582578,0.238759582578,-0.5,0.5,-0.17906526962066663,0.17906526962066663,-0.0012958403197654165,0.0012958403197654165,6.962870237142458e-47,6.962870237142458e-47,2.354015571327667e-31,2.354015571327667e-31,1.1593384543763084e-64,1.1593384543763084e-64,1.0,1.0
B_post_bounce_recession,B,Effective LQC bounce,post_bounce_recession,26,"(0.52, 0.54]",25,0.519391604277,0.539895375426,0.52964348985132,0.0,0.0,0.0,0.000820150845944,0.000820150845944,0.0596898956444,0.0596898956444,0.5,0.5,-5.91157564344832e+28,5.91157564344832e+28,-9.792389305053198e-32,9.792389305053198e-32,-0.23875958257744004,0.23875958257744004,-0.49999999999983996,0.49999999999983996,-0.17907318551668003,0.17907318551668003,-0.0012958975582392,0.0012958975582392,5.89255493329536e-45,5.89255493329536e-45,1.9921620819361198e-29,1.9921620819361198e-29,3.6155513472928803e-67,3.6155513472928803e-67,1.0,1.0
B_post_bounce_recession,B,Effective LQC bounce,post_bounce_recession,27,"(0.54, 0.56]",24,0.539895375426,0.559578995728,0.5497371855767916,0.0,0.0,0.0,0.000820150845944,0.000820150845944,0.0596898956444,0.0596898956444,0.5,0.5,-3.092713316347875e+27,3.092713316347875e+27,-5.1230085901347085e-33,5.1230085901347085e-33,-0.2387595825764167,0.2387595825764167,-0.49999999999862504,0.49999999999862504,-0.179070905323,0.179070905323,-0.0012958810800641667,0.0012958810800641667,4.50318371290675e-43,4.50318371290675e-43,1.5224417833005961e-27,1.5224417833005961e-27,9.622850746298333e-70,9.622850746298333e-70,1.0,1.0
B_post_bounce_recession,B,Effective LQC bounce,post_bounce_recession,28,"(0.56, 0.58]",25,0.559578995728,0.580082766877,0.56983088130248,0.0,0.0,0.0,0.000820150845944,0.000820150845944,0.0596898956444,0.0596898956444,0.5,0.5,-1.70313865264868e+26,1.70313865264868e+26,-2.82121006870792e-34,2.82121006870792e-34,-0.23875958257204,0.23875958257204,-0.49999999999404005,0.49999999999404005,-0.17907023173151998,0.17907023173151998,-0.001295876211892,0.001295876211892,3.8106736257652796e-41,3.8106736257652796e-41,1.288317137441552e-25,1.288317137441552e-25,3.001014143073368e-72,3.001014143073368e-72,1.0,1.0
B_post_bounce_recession,B,Effective LQC bounce,post_bounce_recession,29,"(0.58, 0.6]",24,0.580082766877,0.599766387179,0.5899245770281666,0.0,0.0,0.0,0.000820150845944,0.000820150845944,0.0596898956444,0.0596898956444,0.5,0.5,-8.910178789226665e+24,8.910178789226665e+24,-1.4759506558697918e-35,1.4759506558697918e-35,-0.23875958255341667,0.23875958255341667,-0.4999999999745417,0.4999999999745417,-0.179069511292125,0.179069511292125,-0.0012958710050550001,0.0012958710050550001,2.9120807773285417e-39,2.9120807773285417e-39,9.845197829805125e-24,9.845197829805125e-24,7.987249638438582e-75,7.987249638438582e-75,1.0,1.0
B_post_bounce_recession,B,Effective LQC bounce,post_bounce_recession,30,"(0.6, 0.62]",24,0.599766387179,0.619450007482,0.6096081973306667,0.0,0.0,0.0,0.000820150845944,0.000820150845944,0.0596898956444,0.0596898956444,0.5,0.5,-5.07671505499025e+23,5.07671505499025e+23,-8.409461911300416e-37,8.409461911300416e-37,-0.238759582475875,0.238759582475875,-0.499999999893375,0.499999999893375,-0.17906968285333333,0.17906968285333333,-0.0012958722449833333,0.0012958722449833333,2.1412079420354163e-37,2.1412079420354163e-37,7.239021646722334e-22,7.239021646722334e-22,2.592925253642371e-77,2.592925253642371e-77,1.0,1.0
B_post_bounce_recession,B,Effective LQC bounce,post_bounce_recession,31,"(0.62, 0.64]",25,0.619450007482,0.639953778631,0.6297018930564,0.0,0.0,0.0,0.000820150845944,0.000820150845944,0.0596898956444,0.0596898956444,0.5,0.5,-2.79571649964548e+22,2.79571649964548e+22,-4.63104018324872e-38,4.63104018324872e-38,-0.23875958213500004,0.23875958213500004,-0.4999999995365199,0.4999999995365199,-0.1790696878288,0.1790696878288,-0.0012958722809428,0.0012958722809428,1.81190380603732e-35,1.81190380603732e-35,6.12570625028768e-20,6.12570625028768e-20,8.08638270305056e-80,8.08638270305056e-80,1.0,1.0
B_post_bounce_recession,B,Effective LQC bounce,post_bounce_recession,32,"(0.64, 0.66]",24,0.639953778631,0.659637398933,0.649795588782,0.0,0.0,0.0,0.000820150845944,0.000820150845944,0.0596898956444,0.0596898956444,0.5,0.5,-1.4626133889095002e+21,1.4626133889095002e+21,-2.4227854925385835e-39,2.4227854925385835e-39,-0.23875958068037498,0.23875958068037498,-0.4999999980132084,0.4999999980132084,-0.17906968787020835,0.17906968787020835,-0.0012958722812416667,0.0012958722812416667,1.3846459330843792e-33,1.3846459330843792e-33,4.6812276780148756e-18,4.6812276780148756e-18,2.152204393941054e-82,2.152204393941054e-82,1.0,1.0
B_post_bounce_recession,B,Effective LQC bounce,post_bounce_recession,33,"(0.66, 0.68]",24,0.659637398933,0.679321019236,0.6694792090846251,0.0,0.0,0.0,0.000820150845944,0.000820150845944,0.0596898956444,0.0596898956444,0.5,0.5,-8.3334708780825e+19,8.3334708780825e+19,-1.380420314691125e-40,1.380420314691125e-40,-0.23875957462875,0.23875957462875,-0.4999999916767501,0.4999999916767501,-0.1790696869137917,0.1790696869137917,-0.0012958722743266666,0.0012958722743266666,1.018108773481783e-31,1.018108773481783e-31,3.4420344261114584e-16,3.4420344261114584e-16,6.986767294113958e-85,6.986767294113958e-85,1.0,1.0
B_post_bounce_recession,B,Effective LQC bounce,post_bounce_recession,34,"(0.68, 0.7]",25,0.679321019236,0.699824790385,0.6895729048103199,0.0,0.0,0.0,0.000820150845944,0.000820150845944,0.0596898956444,0.0596898956444,0.5,0.5,-4.5891927315557606e+18,4.5891927315557606e+18,-7.601892377564402e-42,7.601892377564402e-42,-0.23875954802539998,0.23875954802539998,-0.49999996382096,0.49999996382096,-0.17906968696012002,0.17906968696012002,-0.001295872274664,0.001295872274664,8.61530112239624e-30,8.61530112239624e-30,2.9126713988684797e-14,2.9126713988684797e-14,2.1789169648296557e-87,2.1789169648296557e-87,1.0,1.0
B_post_bounce_recession,B,Effective LQC bounce,post_bounce_recession,35,"(0.7, 0.72]",24,0.699824790385,0.719508410687,0.7096666005358333,0.0,0.0,0.0,0.000820150845944,0.000820150845944,0.0596898956444,0.0596898956444,0.5,0.5,-2.400893308439583e+17,2.400893308439583e+17,-3.9770246333917075e-43,3.9770246333917075e-43,-0.23875943448354167,0.23875943448354167,-0.4999998449337917,0.4999998449337917,-0.17906968689912497,0.17906968689912497,-0.0012958722742233333,0.0012958722742233333,6.583760872280959e-28,6.583760872280959e-28,2.22584581980175e-12,2.22584581980175e-12,5.799230757615292e-90,5.799230757615292e-90,1.0,1.0
B_post_bounce_recession,B,Effective LQC bounce,post_bounce_recession,36,"(0.72, 0.74]",25,0.719508410687,0.740012181836,0.72976029626152,0.0,0.0,0.0,0.000820150845944,0.000820150845944,0.0596898956444,0.0596898956444,0.5,0.5,-1.3221594534216802e+16,1.3221594534216802e+16,-2.19012677366532e-44,2.19012677366532e-44,-0.23875893885488,0.23875893885488,-0.49999932597055996,0.49999932597055996,-0.17906968693951997,0.17906968693951997,-0.0012958722745139996,0.0012958722745139996,5.571220274349519e-26,5.571220274349519e-26,1.8835248718986e-10,1.8835248718986e-10,1.808575815938488e-92,1.808575815938488e-92,1.0,1.0
B_post_bounce_recession,B,Effective LQC bounce,post_bounce_recession,37,"(0.74, 0.76]",24,0.740012181836,0.759695802138,0.7498539919872084,0.0,0.0,0.0,0.000820150845944,0.000820150845944,0.0596898956444,0.0596898956444,0.5,0.5,-691708415862708.4,691708415862708.4,-1.145799107081625e-45,1.145799107081625e-45,-0.238756823636625,0.238756823636625,-0.4999971111529167,0.4999971111529167,-0.179069686933375,0.179069686933375,-0.0012958722744700001,0.0012958722744700001,4.257492751873e-24,4.257492751873e-24,1.4393782411130708e-08,1.4393782411130708e-08,4.813656922050249e-95,4.813656922050249e-95,1.0,1.0
B_post_bounce_recession,B,Effective LQC bounce,post_bounce_recession,38,"(0.76, 0.78]",24,0.759695802138,0.779379422441,0.7695376122897084,0.0,0.0,0.0,0.000820150845944,0.000820150845944,0.0596898956444,0.0596898956444,0.5,0.5,-39412232587635.0,39412232587635.0,-6.528545825290832e-47,6.528545825290832e-47,-0.23874802625595834,0.23874802625595834,-0.49998789928399995,0.49998789928399995,-0.17906968693312497,0.17906968693312497,-0.0012958722744695833,0.0012958722744695833,3.1304686805120835e-22,3.1304686805120835e-22,1.0583501620895832e-06,1.0583501620895832e-06,1.5628084033911955e-97,1.5628084033911955e-97,1.0,1.0
B_post_bounce_recession,B,Effective LQC bounce,post_bounce_recession,39,"(0.78, 0.8]",25,0.779379422441,0.79988319359,0.78963130801544,0.0,0.0,0.0,0.000820150845944,0.000820150845944,0.0596898956444,0.0596898956444,0.5,0.5,-2170654617436.08,2170654617436.08,-3.595639528747361e-48,3.595639528747361e-48,-0.23870938853772,0.23870938853772,-0.49994743639448,0.49994743639448,-0.17906968693328001,0.17906968693328001,-0.0012958722744696,0.0012958722744696,2.64902248372344e-20,2.64902248372344e-20,8.95401592962612e-05,8.95401592962612e-05,4.87560991882272e-100,4.87560991882272e-100,1.0,1.0
B_post_bounce_recession,B,Effective LQC bounce,post_bounce_recession,40,"(0.8, 0.82]",24,0.79988319359,0.819566813892,0.8097250037410834,0.0,0.0,0.0,0.000820150845944,0.000820150845944,0.0596898956444,0.0596898956444,0.5,0.5,-113617839604.325,113617839604.325,-1.8820534228271667e-49,1.8820534228271667e-49,-0.23854513410025002,0.23854513410025002,-0.4997753381985417,0.4997753381985417,-0.17906968693320832,0.17906968693320832,-0.00129587227447,0.00129587227447,2.0243669193890417e-18,2.0243669193890417e-18,0.006742847598145249,0.006742847598145249,1.2997960601130083e-102,1.2997960601130083e-102,1.0,1.0
B_post_bounce_recession,B,Effective LQC bounce,post_bounce_recession,41,"(0.82, 0.84]",24,0.819566813892,0.839250434195,0.829408624043625,0.0,0.0,0.0,0.000820150845944,0.000820150845944,0.0596898956444,0.0596898956444,0.5,0.5,-6487051832.934583,6487051832.934583,-1.0745652398205418e-50,1.0745652398205418e-50,-0.2378729801731667,0.2378729801731667,-0.4990696533860833,0.4990696533860833,-0.179069686933,0.179069686933,-0.00129587227447,0.00129587227447,1.4884857375823167e-16,1.4884857375823167e-16,0.2634124998830917,0.2634124998830917,4.248222874592442e-105,4.248222874592442e-105,1.0,1.0
B_post_bounce_recession,B,Effective LQC bounce,post_bounce_recession,42,"(0.84, 0.86]",25,0.839250434195,0.859754205344,0.84950231976936,0.0,0.92,0.0,0.000820150845944,0.000820150845944,0.0596898956444,0.0596898956444,0.5,0.5,-360396292.94690406,360396292.94690406,-5.9698818343776e-52,5.9698818343776e-52,-0.23511741743352002,0.23511741743352002,-0.49615238033871994,0.49615238033871994,-0.17906968693300002,0.17906968693300002,-0.00129587227447,0.00129587227447,1.2595660867356518e-14,1.2595660867356518e-14,0.9173745492046399,0.9173745492046399,1.362380582543604e-107,1.362380582543604e-107,1.0,1.0
B_post_bounce_recession,B,Effective LQC bounce,post_bounce_recession,43,"(0.86, 0.88]",24,0.859754205344,0.879437825646,0.8695960154949166,0.0,1.0,0.0,0.000820150845944,0.000820150845944,0.0596898956444,0.0596898956444,0.5,0.5,-19584221.351483334,19584221.351483334,-3.2440812953605833e-53,3.2440812953605833e-53,-0.22600582541283332,0.22600582541283332,-0.48624020494049996,0.48624020494049996,-0.17906968693104167,0.17906968693104167,-0.0012958722744533333,0.0012958722744533333,9.625527658968583e-13,9.625527658968583e-13,0.9988159881169167,0.9988159881169167,4.0769665797809994e-110,4.0769665797809994e-110,1.0,1.0
B_post_bounce_recession,B,Effective LQC bounce,post_bounce_recession,44,"(0.88, 0.9]",25,0.879437825646,0.899941596795,0.8896897112205601,0.0,1.0,0.0,0.000820150845944,0.000820150845944,0.0596898956444,0.0596898956444,0.5,0.5,-1237000.35599808,1237000.35599808,-2.04906268430376e-54,2.04906268430376e-54,-0.20733220565708,0.20733220565708,-0.46467023196320006,0.46467023196320006,-0.17906968674044005,0.17906968674044005,-0.0012958722730772,0.0012958722730772,8.145182611387361e-11,8.145182611387361e-11,0.9999844664750399,0.9999844664750399,1.851596969839712e-112,1.851596969839712e-112,1.0,1.0
B_post_bounce_recession,B,Effective LQC bounce,post_bounce_recession,45,"(0.9, 0.92]",24,0.899941596795,0.919625217098,0.90978340694625,0.0,1.0,0.0,0.000820150845944,0.000820150845944,0.05968989564440417,0.05968989564440417,0.5,0.5,-93622.57970876251,93622.57970876251,-1.5508365341945e-55,1.5508365341945e-55,-0.18978816825108336,0.18978816825108336,-0.44282526328541677,0.44282526328541677,-0.17906967219225,0.17906967219225,-0.0012958721679325002,0.0012958721679325002,6.224496930164584e-09,6.224496930164584e-09,0.9999998164269583,0.9999998164269583,1.190179413204296e-114,1.190179413204296e-114,1.0,1.0
B_post_bounce_recession,B,Effective LQC bounce,post_bounce_recession,46,"(0.92, 0.94]",24,0.919625217098,0.9393088374,0.9294670272487501,0.0,1.0,0.0,0.000820150845944,0.000820150845944,0.05968989564440417,0.05968989564440417,0.5,0.5,-9494.384590820417,9494.384590820417,-1.5727230053845418e-56,1.5727230053845418e-56,-0.18209440531904167,0.18209440531904167,-0.4326739984335,0.4326739984335,-0.17906860306491668,0.17906860306491668,-0.00129586444101125,0.00129586444101125,4.5766558077604164e-07,4.5766558077604164e-07,0.9999999975034166,0.9999999975034166,1.3183130063707752e-116,1.3183130063707752e-116,1.0,1.0
B_post_bounce_recession,B,Effective LQC bounce,post_bounce_recession,47,"(0.94, 0.96]",25,0.9393088374,0.959812608549,0.9495607229744799,0.0,1.0,0.0,0.000820150845944,0.000820150845944,0.0596898956444,0.0596898956444,0.5,0.5,-1032.90049247548,1032.90049247548,-1.71097594715092e-57,1.71097594715092e-57,-0.17979528100456002,0.17979528100456002,-0.42956170619544004,0.42956170619544004,-0.17897807548972,0.17897807548972,-0.0012952101687296,0.0012952101687296,3.86383504750608e-05,3.86383504750608e-05,0.9999999999673599,0.9999999999673599,1.631268121581168e-118,1.631268121581168e-118,1.0,1.0
B_post_bounce_recession,B,Effective LQC bounce,post_bounce_recession,48,"(0.96, 0.98]",24,0.959812608549,0.979496228851,0.9696544187001249,0.0,1.0,0.0,0.000820150845944,0.000820150845944,0.0596898956444,0.0596898956444,0.5,0.5,-112.15366735963751,112.15366735963751,-1.8577997458132083e-58,1.8577997458132083e-58,-0.17824287269183334,0.17824287269183334,-0.42743409907849994,0.42743409907849994,-0.17260524636229166,0.17260524636229166,-0.0012491471445666667,0.0012491471445666667,0.002522598919822625,0.002522598919822625,0.9999999999996666,0.9999999999996666,1.9035758387267918e-120,1.9035758387267918e-120,1.0,1.0
B_post_bounce_recession,B,Effective LQC bounce,post_bounce_recession,49,"(0.98, 1.0]",25,0.979496228851,1.0,0.9897481144256399,0.0,1.0,0.0,0.000820150845944,0.000820150845944,0.05968989564440401,0.05968989564440401,0.5,0.5,-11.6815496350984,11.6815496350984,-1.9350218725528798e-59,1.9350218725528798e-59,-0.13398738489244802,0.13398738489244802,-0.35288561146164,0.35288561146164,-0.074468672819772,0.074468672819772,-0.000539204271581724,0.000539204271581724,0.013373777854913201,0.013373777854913201,1.0,1.0,2.75512020345528e-122,2.75512020345528e-122,1.0,1.0
C_boundary_recession,C,Planck-anchored Lambda-CDM expansion,boundary_recession,0,"(-0.000875, 0.0201]",80,0.0,0.0200000000002,0.010000000000003163,0.0,0.0,0.0,0.000250000000001875,0.000250000000001875,0.004605170186023624,0.004605170186023624,0.49999999989106253,0.49999999989106253,-42120297902625.0,42120297902625.0,-0.9643752785982876,0.9643752785982876,-0.018420489961908752,0.018420489961908752,-0.5000109456393,0.5000109456393,-0.013815510557951249,0.013815510557951249,-0.49999999997950006,0.49999999997950006,4.56395224565e-30,4.56395224565e-30,2.750581078492e-26,2.750581078492e-26,0.0,0.0,0.0,0.0
C_boundary_recession,C,Planck-anchored Lambda-CDM expansion,boundary_recession,1,"(0.0201, 0.0401]",80,0.0200000000002,0.0399999999999,0.030000000000008752,0.0,0.0,0.0,0.000249999999996775,0.000249999999996775,0.004605170185927999,0.004605170185927999,0.49999999988599997,0.49999999988599997,-20160133011750.0,20160133011750.0,-0.9284573446026501,0.9284573446026501,-0.018420404985185,0.018420404985185,-0.5000097923457499,0.5000097923457499,-0.013815510557974997,0.013815510557974997,-0.4999999999799375,0.4999999999799375,1.9921894385112502e-29,1.9921894385112502e-29,1.2006432756971626e-25,1.2006432756971626e-25,0.0,0.0,0.0,0.0
C_boundary_recession,C,Planck-anchored Lambda-CDM expansion,boundary_recession,2,"(0.0401, 0.0601]",80,0.0399999999999,0.06,0.04999999999999625,0.0,0.0,0.0,0.00025000000000085,0.00025000000000085,0.0046051701860043755,0.0046051701860043755,0.4999999998900625,0.4999999998900625,-9649309238512.5,9649309238512.5,-0.8616915244820376,0.8616915244820376,-0.01842028216202125,0.01842028216202125,-0.5000081253953125,0.5000081253953125,-0.01381551055796625,0.01381551055796625,-0.49999999997973743,0.49999999997973743,8.695919627212499e-29,8.695919627212499e-29,5.24081556933325e-25,5.24081556933325e-25,0.0,0.0,0.0,0.0
C_boundary_recession,C,Planck-anchored Lambda-CDM expansion,boundary_recession,3,"(0.0601, 0.0801]",80,0.06,0.08,0.069999999999995,0.0,0.0,0.0,0.00025000000000013754,0.00025000000000013754,0.00460517018599175,0.00460517018599175,0.4999999998893999,0.4999999998893999,-4618493297350.0,4618493297350.0,-0.7498157355641626,0.7498157355641626,-0.01842010464019625,0.01842010464019625,-0.5000057160575875,0.5000057160575875,-0.013815510557951249,0.013815510557951249,-0.4999999999793999,0.4999999999793999,3.7957156306812504e-28,3.7957156306812504e-28,2.2875838815000004e-24,2.2875838815000004e-24,0.0,0.0,0.0,0.0
C_boundary_recession,C,Planck-anchored Lambda-CDM expansion,boundary_recession,4,"(0.0801, 0.1]",80,0.08,0.1,0.09000000000000126,0.0,0.0,0.0,0.000250000000000125,0.000250000000000125,0.004605170185988624,0.004605170185988624,0.49999999988926247,0.49999999988926247,-2210579985725.0,2210579985725.0,-0.5909706908351375,0.5909706908351375,-0.01841984806759625,0.01841984806759625,-0.50000223379585,0.50000223379585,-0.01381551055797125,0.01381551055797125,-0.49999999997983746,0.49999999997983746,1.6567694926600004e-27,1.6567694926600004e-27,9.98493974663175e-24,9.98493974663175e-24,0.0,0.0,0.0,0.0
C_boundary_recession,C,Planck-anchored Lambda-CDM expansion,boundary_recession,5,"(0.1, 0.12]",80,0.1,0.12,0.11000000000000001,0.0,0.0,0.0,0.00025000000000025,0.00025000000000025,0.0046051701859937495,0.0046051701859937495,0.49999999988945004,0.49999999988945004,-1058070935355.0,1058070935355.0,-0.4107910204900126,0.4107910204900126,-0.01841947725852125,0.01841947725852125,-0.49999720100396255,0.49999720100396255,-0.013815510558,0.013815510558,-0.49999999998026257,0.49999999998026257,7.231301125437501e-27,7.231301125437501e-27,4.358126241890876e-23,4.358126241890876e-23,0.0,0.0,0.0,0.0
C_boundary_recession,C,Planck-anchored Lambda-CDM expansion,boundary_recession,6,"(0.12, 0.14]",80,0.12,0.14,0.12999999999999998,0.0,0.0,0.0,0.00025000000000180005,0.00025000000000180005,0.004605170186021125,0.004605170186021125,0.4999999998910001,0.4999999998910001,-506439002186.25,506439002186.25,-0.2515590830983125,0.2515590830983125,-0.01841894138291375,0.01841894138291375,-0.49998992767216255,0.49998992767216255,-0.0138155105579375,0.0138155105579375,-0.4999999999792625,0.4999999999792625,3.1560980121575e-26,3.1560980121575e-26,1.9021021708499375e-22,1.9021021708499375e-22,0.0,0.0,0.0,0.0
C_boundary_recession,C,Planck-anchored Lambda-CDM expansion,boundary_recession,7,"(0.14, 0.16]",80,0.14,0.16,0.15,0.0,0.0,0.0,0.0002499999999969625,0.0002499999999969625,0.004605170185932875,0.004605170185932875,0.49999999988617494,0.49999999988617494,-242406917532.5,242406917532.5,-0.13918905425145,0.13918905425145,-0.01841816703002125,0.01841816703002125,-0.49997941715809996,0.49997941715809996,-0.013815510557975,0.013815510557975,-0.49999999997987504,0.49999999997987504,1.37738436773e-25,1.37738436773e-25,8.301154735566875e-22,8.301154735566875e-22,0.0,0.0,0.0,0.0
C_boundary_recession,C,Planck-anchored Lambda-CDM expansion,boundary_recession,8,"(0.16, 0.18]",80,0.16,0.18,0.16999999999999998,0.0,0.0,0.0,0.00025000000000165005,0.00025000000000165005,0.0046051701860175005,0.0046051701860175005,0.49999999989078747,0.49999999989078747,-116030143673.875,116030143673.875,-0.07203835580913626,0.07203835580913626,-0.0184170482150775,0.0184170482150775,-0.49996423037230003,0.49996423037230003,-0.013815510557951249,0.013815510557951249,-0.49999999997956246,0.49999999997956246,6.010593922562501e-25,6.010593922562501e-25,3.62243621844525e-21,3.62243621844525e-21,0.0,0.0,0.0,0.0
C_boundary_recession,C,Planck-anchored Lambda-CDM expansion,boundary_recession,9,"(0.18, 0.2]",80,0.18,0.2,0.19,0.0,0.0,0.0,0.000249999999998675,0.000249999999998675,0.004605170185964001,0.004605170185964001,0.4999999998879,0.4999999998879,-55540290874.875,55540290874.875,-0.035884345318355,0.035884345318355,-0.018415432007202498,0.018415432007202498,-0.4999422903312751,0.4999422903312751,-0.01381551055796125,0.01381551055796125,-0.49999999997956246,0.49999999997956246,2.6225171314862503e-24,2.6225171314862503e-24,1.5805261781081377e-20,1.5805261781081377e-20,0.0,0.0,0.0,0.0
C_boundary_recession,C,Planck-anchored Lambda-CDM expansion,boundary_recession,10,"(0.2, 0.22]",80,0.2,0.22,0.21000000000000002,0.0,0.0,0.0,0.00025000000000073753,0.00025000000000073753,0.004605170185999626,0.004605170185999626,0.49999999988985,0.49999999988985,-26586556308.125,26586556308.125,-0.017519096767338753,0.017519096767338753,-0.01841309790413375,0.01841309790413375,-0.49991060141835,0.49991060141835,-0.0138155105579725,0.0138155105579725,-0.49999999997992506,0.49999999997992506,1.1440124862500001e-23,1.1440124862500001e-23,6.8946801562965e-20,6.8946801562965e-20,0.0,0.0,0.0,0.0
C_boundary_recession,C,Planck-anchored Lambda-CDM expansion,boundary_recession,11,"(0.22, 0.24]",80,0.22,0.24,0.22999999999999998,0.0,0.0,0.0,0.0002500000000004625,0.0002500000000004625,0.0046051701859965,0.0046051701859965,0.4999999998896375,0.4999999998896375,-12727410157.775,12727410157.775,-0.008467375325230375,0.008467375325230375,-0.01840972832913375,0.01840972832913375,-0.4998648472734001,0.4998648472734001,-0.013815510557973748,0.013815510557973748,-0.49999999997969996,0.49999999997969996,4.98902196575e-23,4.98902196575e-23,3.0067600799838752e-19,3.0067600799838752e-19,0.0,0.0,0.0,0.0
C_boundary_recession,C,Planck-anchored Lambda-CDM expansion,boundary_recession,12,"(0.24, 0.26]",80,0.24,0.26,0.25,0.0,0.0,0.0,0.0002500000000011375,0.0002500000000011375,0.004605170186010249,0.004605170186010249,0.49999999989034993,0.49999999989034993,-6093301816.25,6093301816.25,-0.004072561975596,0.004072561975596,-0.0184048666291975,0.0184048666291975,-0.4997988172253125,0.4997988172253125,-0.013815510557963751,0.013815510557963751,-0.499999999979725,0.499999999979725,2.17478191612125e-22,2.17478191612125e-22,1.3106872435025375e-18,1.3106872435025375e-18,0.0,0.0,0.0,0.0
C_boundary_recession,C,Planck-anchored Lambda-CDM expansion,boundary_recession,13,"(0.26, 0.28]",80,0.26,0.28,0.26999999999999996,0.0,0.0,0.0,0.00024999999999877497,0.00024999999999877497,0.004605170185966,0.004605170185966,0.49999999988798755,0.49999999988798755,-2917530919.6375,2917530919.6375,-0.00195431438351775,0.00195431438351775,-0.018397857695185,0.018397857695185,-0.4997035931016125,0.4997035931016125,-0.013815510557967498,0.013815510557967498,-0.499999999979775,0.499999999979775,9.4743680165625e-22,9.4743680165625e-22,5.7099671500435e-18,5.7099671500435e-18,0.0,0.0,0.0,0.0
C_boundary_recession,C,Planck-anchored Lambda-CDM expansion,boundary_recession,14,"(0.28, 0.3]",80,0.28,0.3,0.29,0.0,0.0,0.0,0.0002499999999999375,0.0002499999999999375,0.00460517018598525,0.00460517018598525,0.49999999988902494,0.49999999988902494,-1397174472.875,1397174472.875,-0.0009368971058928127,0.0009368971058928127,-0.01838776487617625,0.01838776487617625,-0.499566406579025,0.499566406579025,-0.013815510557955001,0.013815510557955001,-0.499999999979575,0.499999999979575,4.1238430747275e-21,4.1238430747275e-21,2.4853381721562503e-17,2.4853381721562503e-17,0.0,0.0,0.0,0.0
C_boundary_recession,C,Planck-anchored Lambda-CDM expansion,boundary_recession,15,"(0.3, 0.32]",80,0.3,0.32,0.30999999999999994,0.0,0.0,0.0,0.0002499999999996875,0.0002499999999996875,0.004605170185982126,0.004605170185982126,0.499999999888875,0.499999999888875,-669253025.9075,669253025.9075,-0.000449007011761075,0.000449007011761075,-0.0183732555073375,0.0183732555073375,-0.499369054854225,0.499369054854225,-0.0138155105579725,0.0138155105579725,-0.49999999997983746,0.49999999997983746,1.7926849858225003e-20,1.7926849858225003e-20,1.0804068790157874e-16,1.0804068790157874e-16,0.0,0.0,0.0,0.0
C_boundary_recession,C,Planck-anchored Lambda-CDM expansion,boundary_recession,16,"(0.32, 0.34]",80,0.32,0.34,0.32999999999999996,0.0,0.0,0.0,0.0002500000000004625,0.0002500000000004625,0.0046051701859969995,0.0046051701859969995,0.4999999998897125,0.4999999998897125,-320686647.02875006,320686647.02875006,-0.00021520372039787505,0.00021520372039787505,-0.018352446870855,0.018352446870855,-0.4990857478071001,0.4990857478071001,-0.01381551055795375,0.01381551055795375,-0.49999999997955,0.49999999997955,7.7788815925625e-20,7.7788815925625e-20,4.688139438952501e-16,4.688139438952501e-16,0.0,0.0,0.0,0.0
C_boundary_recession,C,Planck-anchored Lambda-CDM expansion,boundary_recession,17,"(0.34, 0.36]",80,0.34,0.36,0.35,0.0,0.0,0.0,0.00024999999999960004,0.00024999999999960004,0.004605170185979749,0.004605170185979749,0.4999999998887625,0.4999999998887625,-153740712.9175,153740712.9175,-0.000103183112187095,0.000103183112187095,-0.018322706455315002,0.018322706455315002,-0.49868027285075006,0.49868027285075006,-0.013815510557985,0.013815510557985,-0.4999999999799375,0.4999999999799375,3.3666926308475e-19,3.3666926308475e-19,2.0290223361414e-15,2.0290223361414e-15,0.0,0.0,0.0,0.0
C_boundary_recession,C,Planck-anchored Lambda-CDM expansion,boundary_recession,18,"(0.36, 0.38]",80,0.36,0.38,0.37,0.0,0.0,0.0,0.00024999999999818754,0.00024999999999818754,0.004605170185954875,0.004605170185954875,0.4999999998873875,0.4999999998873875,-73758166.642375,73758166.642375,-4.950558545843125e-05,4.950558545843125e-05,-0.01828040835824875,0.01828040835824875,-0.49810244571858747,0.49810244571858747,-0.013815510557962502,0.013815510557962502,-0.49999999997969996,0.49999999997969996,1.4517363788125e-18,1.4517363788125e-18,8.749255907149625e-15,8.749255907149625e-15,0.0,0.0,0.0,0.0
C_boundary_recession,C,Planck-anchored Lambda-CDM expansion,boundary_recession,19,"(0.38, 0.4]",80,0.38,0.4,0.39,0.0,0.0,0.0,0.00025000000000155003,0.00025000000000155003,0.004605170186016,0.004605170186016,0.49999999989066246,0.49999999989066246,-35422695.632,35422695.632,-2.377592206598375e-05,2.377592206598375e-05,-0.0182206676331425,0.0182206676331425,-0.4972840437281,0.4972840437281,-0.013815510557944999,0.013815510557944999,-0.49999999997933753,0.49999999997933753,6.2274577403625e-18,6.2274577403625e-18,3.753134674902e-14,3.753134674902e-14,0.0,0.0,0.0,0.0
C_boundary_recession,C,Planck-anchored Lambda-CDM expansion,boundary_recession,20,"(0.4, 0.42]",80,0.4,0.42,0.41,0.0,0.0,0.0,0.0002500000000011625,0.0002500000000011625,0.004605170186008875,0.004605170186008875,0.4999999998903501,0.4999999998903501,-17037217.17575,17037217.17575,-1.1435627980283874e-05,1.1435627980283874e-05,-0.018137115390402497,0.018137115390402497,-0.4961349171264501,0.4961349171264501,-0.013815510557961253,0.013815510557961253,-0.4999999999796875,0.4999999999796875,2.65200353529125e-17,2.65200353529125e-17,1.5982969040087498e-13,1.5982969040087498e-13,0.0,0.0,0.0,0.0
C_boundary_recession,C,Planck-anchored Lambda-CDM expansion,boundary_recession,21,"(0.42, 0.44]",80,0.42,0.44,0.43,0.0,0.0,0.0,0.00025000000000016253,0.00025000000000016253,0.0046051701859915,0.0046051701859915,0.49999999988935,0.49999999988935,-8211781.45965,8211781.45965,-5.511901259984875e-06,5.511901259984875e-06,-0.018021849100965,0.018021849100965,-0.4945409004076501,0.4945409004076501,-0.013815510557963751,0.013815510557963751,-0.4999999999797501,0.4999999999797501,1.1181089434462498e-16,1.1181089434462498e-16,6.738565913927376e-13,6.738565913927376e-13,0.0,0.0,0.0,0.0
C_boundary_recession,C,Planck-anchored Lambda-CDM expansion,boundary_recession,22,"(0.44, 0.46]",80,0.44,0.46,0.45,0.0,0.0,0.0,0.000249999999999675,0.000249999999999675,0.004605170185982125,0.004605170185982125,0.499999999888925,0.499999999888925,-3969935.671925001,3969935.671925001,-2.6647029755209998e-06,2.6647029755209998e-06,-0.017865793704628753,0.017865793704628753,-0.49236657487813745,0.49236657487813745,-0.013815510557918747,0.013815510557918747,-0.499999999978875,0.499999999978875,4.650631553737499e-16,4.650631553737499e-16,2.8028205524932503e-12,2.8028205524932503e-12,0.0,0.0,0.0,0.0
C_boundary_recession,C,Planck-anchored Lambda-CDM expansion,boundary_recession,23,"(0.46, 0.48]",80,0.46,0.48,0.47000000000000003,0.0,0.9,0.0,0.00024999999999957494,0.00024999999999957494,0.0046051701859795,0.0046051701859795,0.4999999998887249,0.4999999998887249,-1927371.5750999998,1927371.5750999998,-1.293693537225825e-06,1.293693537225825e-06,-0.01765980106743,0.01765980106743,-0.48946754376848745,0.48946754376848745,-0.01381551055794375,0.01381551055794375,-0.4999999999794875,0.4999999999794875,1.90019391539e-15,1.90019391539e-15,1.1451998504253626e-11,1.1451998504253626e-11,0.0,0.0,0.0,0.0
C_boundary_recession,C,Planck-anchored Lambda-CDM expansion,boundary_recession,24,"(0.48, 0.5]",80,0.48,0.5,0.48999999999999994,0.0,1.0,0.0,0.00024999999999992503,0.00024999999999992503,0.004605170185986876,0.004605170185986876,0.49999999988913746,0.49999999988913746,-941209.1891462501,941209.1891462501,-6.317604254534499e-07,6.317604254534499e-07,-0.0173967823710525,0.0173967823710525,-0.4857173732259749,0.4857173732259749,-0.01381551055788125,0.01381551055788125,-0.49999999997826255,0.49999999997826255,7.5900015512125e-15,7.5900015512125e-15,4.574306111832e-11,4.574306111832e-11,0.0,0.0,0.0,0.0
C_boundary_recession,C,Planck-anchored Lambda-CDM expansion,boundary_recession,25,"(0.5, 0.52]",80,0.5,0.52,0.51,0.0,1.0,0.0,0.0002500000000019125,0.0002500000000019125,0.004605170186023876,0.004605170186023876,0.499999999891075,0.499999999891075,-463274.0072337501,463274.0072337501,-3.1095986441514997e-07,3.1095986441514997e-07,-0.0170748157491775,0.0170748157491775,-0.4810510516715375,0.4810510516715375,-0.01381551055755625,0.01381551055755625,-0.4999999999724499,0.4999999999724499,2.9492770100287504e-14,2.9492770100287504e-14,1.7774562705153e-10,1.7774562705153e-10,0.0,0.0,0.0,0.0
C_boundary_recession,C,Planck-anchored Lambda-CDM expansion,boundary_recession,26,"(0.52, 0.54]",80,0.52,0.54,0.53,0.0,1.0,0.0,0.0002499999999968125,0.0002499999999968125,0.004605170185928249,0.004605170185928249,0.49999999988599997,0.49999999988599997,-230397.24083249999,230397.24083249999,-1.546478009222875e-07,1.546478009222875e-07,-0.01670038207892125,0.01670038207892125,-0.47551695299541247,0.47551695299541247,-0.01381551055679375,0.01381551055679375,-0.4999999999585249,0.4999999999585249,1.1101951168550002e-13,1.1101951168550002e-13,6.69087123432925e-10,6.69087123432925e-10,0.0,0.0,0.0,0.0
C_boundary_recession,C,Planck-anchored Lambda-CDM expansion,boundary_recession,27,"(0.54, 0.56]",80,0.54,0.56,0.55,0.0,1.0,0.0,0.00025000000000087506,0.00025000000000087506,0.00460517018600375,0.00460517018600375,0.49999999989,0.49999999989,-116073.107005,116073.107005,-7.791088171864375e-08,7.791088171864375e-08,-0.016289981260803752,0.016289981260803752,-0.4693146851530125,0.4693146851530125,-0.013815510554532501,0.013815510554532501,-0.49999999991761246,0.49999999991761246,4.0380389009125e-13,4.0380389009125e-13,2.433626113212625e-09,2.433626113212625e-09,0.0,0.0,0.0,0.0
C_boundary_recession,C,Planck-anchored Lambda-CDM expansion,boundary_recession,28,"(0.56, 0.58]",80,0.56,0.58,0.57,0.0,1.0,0.0,0.00025000000000013754,0.00025000000000013754,0.00460517018599175,0.00460517018599175,0.49999999988945004,0.49999999988945004,-59378.43629437501,59378.43629437501,-3.9856144366347496e-08,3.9856144366347496e-08,-0.01586832797005875,0.01586832797005875,-0.4627885584412249,0.4627885584412249,-0.01381551054750875,0.01381551054750875,-0.49999999979057497,0.49999999979057497,1.41872897147625e-12,1.41872897147625e-12,8.550328348917375e-09,8.550328348917375e-09,0.0,0.0,0.0,0.0
C_boundary_recession,C,Planck-anchored Lambda-CDM expansion,boundary_recession,29,"(0.58, 0.6]",80,0.58,0.6,0.59,0.0,1.0,0.0,0.0002500000000001125,0.0002500000000001125,0.004605170185988499,0.004605170185988499,0.49999999988926247,0.49999999988926247,-30894.70998575,30894.70998575,-2.073722587920875e-08,2.073722587920875e-08,-0.015462927950840002,0.015462927950840002,-0.4563616807383375,0.4563616807383375,-0.013815510526483752,0.013815510526483752,-0.49999999941018747,0.49999999941018747,4.825094064650001e-12,4.825094064650001e-12,2.9079646959285005e-08,2.9079646959285005e-08,0.0,0.0,0.0,0.0
C_boundary_recession,C,Planck-anchored Lambda-CDM expansion,boundary_recession,30,"(0.6, 0.62]",80,0.6,0.62,0.61,0.0,1.0,0.0,0.0002500000000002875,0.0002500000000002875,0.0046051701859935006,0.0046051701859935006,0.4999999998894625,0.4999999998894625,-16357.885567875,16357.885567875,-1.0979781700946251e-08,1.0979781700946251e-08,-0.0150972891046675,0.0150972891046675,-0.45043241683873747,0.45043241683873747,-0.013815510462820002,0.013815510462820002,-0.49999999825808744,0.49999999825808744,1.59490718178875e-11,1.59490718178875e-11,9.612109878149751e-08,9.612109878149751e-08,0.0,0.0,0.0,0.0
C_boundary_recession,C,Planck-anchored Lambda-CDM expansion,boundary_recession,31,"(0.62, 0.64]",80,0.62,0.64,0.63,0.0,1.0,0.0,0.00025000000000181247,0.00025000000000181247,0.004605170186021125,0.004605170186021125,0.4999999998910001,0.4999999998910001,-8807.4395051625,8807.4395051625,-5.911752054792875e-09,5.911752054792875e-09,-0.014786067992529999,0.014786067992529999,-0.4452830258237874,0.4452830258237874,-0.01381551027070875,0.01381551027070875,-0.4999999947817625,0.4999999947817625,5.1494867251375e-11,5.1494867251375e-11,3.1034671503274996e-07,3.1034671503274996e-07,0.0,0.0,0.0,0.0
C_boundary_recession,C,Planck-anchored Lambda-CDM expansion,boundary_recession,32,"(0.64, 0.66]",80,0.64,0.66,0.65,0.0,1.0,0.0,0.00024999999999695,0.00024999999999695,0.00460517018593275,0.00460517018593275,0.4999999998861625,0.4999999998861625,-4813.9123732749995,4813.9123732749995,-3.2312065755757506e-09,3.2312065755757506e-09,-0.014533986128577503,0.014533986128577503,-0.4410408910289251,0.4410408910289251,-0.01381550969042875,0.01381550969042875,-0.49999998428115006,0.49999998428115006,1.6323020175e-10,1.6323020175e-10,9.837469613632374e-07,9.837469613632374e-07,0.0,0.0,0.0,0.0
C_boundary_recession,C,Planck-anchored Lambda-CDM expansion,boundary_recession,33,"(0.66, 0.68]",80,0.66,0.68,0.67,0.0,1.0,0.0,0.000250000000001675,0.000250000000001675,0.0046051701860175005,0.0046051701860175005,0.49999999989078747,0.49999999989078747,-2664.7594088625,2664.7594088625,-1.78864662864425e-09,1.78864662864425e-09,-0.014337901979137502,0.014337901979137502,-0.43769588804952503,0.43769588804952503,-0.01381550793798125,0.01381550793798125,-0.4999999525695625,0.4999999525695625,5.1028864711625e-10,5.1028864711625e-10,3.0753729485836247e-06,3.0753729485836247e-06,0.0,0.0,0.0,0.0
C_boundary_recession,C,Planck-anchored Lambda-CDM expansion,boundary_recession,34,"(0.68, 0.7]",80,0.68,0.7,0.69,0.0,1.0,0.0,0.00024999999999865,0.00024999999999865,0.004605170185964,0.004605170185964,0.49999999988788746,0.49999999988788746,-1490.2052595375,1490.2052595375,-1.0002593880554624e-09,1.0002593880554624e-09,-0.0141901324620825,0.0141901324620825,-0.435148402790725,0.435148402790725,-0.013815502645805,0.013815502645805,-0.49999985680422493,0.49999985680422493,1.5791429939624998e-09,1.5791429939624998e-09,9.517004105287e-06,9.517004105287e-06,0.0,0.0,0.0,0.0
C_boundary_recession,C,Planck-anchored Lambda-CDM expansion,boundary_recession,35,"(0.7, 0.72]",80,0.7,0.72,0.71,0.0,1.0,0.0,0.00025000000000076247,0.00025000000000076247,0.0046051701860001255,0.0046051701860001255,0.4999999998898749,0.4999999998898749,-839.9508233500001,839.9508233500001,-5.637939415128625e-10,5.637939415128625e-10,-0.01408141415195,0.01408141415195,-0.43325926900745,0.43325926900745,-0.01381548666361625,0.01381548666361625,-0.49999956759665,0.49999956759665,4.851315553875e-09,4.851315553875e-09,2.923673604888625e-05,2.923673604888625e-05,0.0,0.0,0.0,0.0
C_boundary_recession,C,Planck-anchored Lambda-CDM expansion,boundary_recession,36,"(0.72, 0.74]",80,0.72,0.74,0.73,0.0,1.0,0.0,0.00025000000000045,0.00025000000000045,0.0046051701859965,0.0046051701859965,0.4999999998896625,0.4999999998896625,-476.2370764225,476.2370764225,-3.196610694509e-10,3.196610694509e-10,-0.0140028303933425,0.0140028303933425,-0.4318858204775625,0.4318858204775625,-0.0138154383985175,0.0138154383985175,-0.4999986942072,0.4999986942072,1.48269328643125e-08,1.48269328643125e-08,8.934946048235625e-05,8.934946048235625e-05,0.0,0.0,0.0,0.0
C_boundary_recession,C,Planck-anchored Lambda-CDM expansion,boundary_recession,37,"(0.74, 0.76]",80,0.74,0.76,0.75,0.0,1.0,0.0,0.00025000000000120005,0.00025000000000120005,0.004605170186010374,0.004605170186010374,0.4999999998904,0.4999999998904,-271.1865298625,271.1865298625,-1.820265167507625e-10,1.820265167507625e-10,-0.013946743141746251,0.013946743141746251,-0.43090144219341253,0.43090144219341253,-0.013815292642341248,0.013815292642341248,-0.49999605663080005,0.49999605663080005,4.5150457781125e-08,4.5150457781125e-08,0.00027202913983868747,0.00027202913983868747,0.0,0.0,0.0,0.0
C_boundary_recession,C,Planck-anchored Lambda-CDM expansion,boundary_recession,38,"(0.76, 0.78]",80,0.76,0.78,0.7699999999999999,0.0,1.0,0.0,0.00024999999999875003,0.00024999999999875003,0.004605170185965875,0.004605170185965875,0.4999999998879875,0.4999999998879875,-154.90424857499997,154.90424857499997,-1.0397522625681375e-10,1.0397522625681375e-10,-0.013907042349131251,0.013907042349131251,-0.43020257627162495,0.43020257627162495,-0.0138148524863975,0.0138148524863975,-0.4999880914658375,0.4999880914658375,1.3713936036787502e-07,1.3713936036787502e-07,0.0008257538865567751,0.0008257538865567751,0.0,0.0,0.0,0.0
C_boundary_recession,C,Planck-anchored Lambda-CDM expansion,boundary_recession,39,"(0.78, 0.8]",80,0.78,0.8,0.7899999999999999,0.0,1.0,0.0,0.00024999999999992503,0.00024999999999992503,0.0046051701859855,0.0046051701859855,0.49999999988905,0.49999999988905,-88.67843924087501,88.67843924087501,-5.9522968991585e-11,5.9522968991585e-11,-0.013879010880383753,0.013879010880383753,-0.429708084012075,0.429708084012075,-0.013813523423895,0.013813523423895,-0.4999640387454625,0.4999640387454625,4.1578750236625004e-07,4.1578750236625004e-07,0.0024989596477619997,0.0024989596477619997,0.0,0.0,0.0,0.0
C_boundary_recession,C,Planck-anchored Lambda-CDM expansion,boundary_recession,40,"(0.8, 0.82]",80,0.8,0.82,0.8099999999999999,0.0,1.0,0.0,0.0002499999999996875,0.0002499999999996875,0.004605170185982376,0.004605170185982376,0.4999999998888625,0.4999999998888625,-50.844665510875004,50.844665510875004,-3.41280865402875e-11,3.41280865402875e-11,-0.013858968671799999,0.013858968671799999,-0.429353994566,0.429353994566,-0.013809511425808751,0.013809511425808751,-0.4998914161376501,0.4998914161376501,1.25886917125625e-06,1.25886917125625e-06,0.007524137003073125,0.007524137003073125,0.0,0.0,0.0,0.0
C_boundary_recession,C,Planck-anchored Lambda-CDM expansion,boundary_recession,41,"(0.82, 0.84]",80,0.82,0.84,0.8300000000000001,0.0,1.0,0.0,0.00025000000000052503,0.00025000000000052503,0.004605170185997124,0.004605170185997124,0.49999999988969995,0.49999999988969995,-29.183083226125,29.183083226125,-1.9588343828425e-11,1.9588343828425e-11,-0.013843658265752502,0.013843658265752502,-0.42908320167375,0.42908320167375,-0.01379741092540875,0.01379741092540875,-0.49967224013245,0.49967224013245,3.8064514992125e-06,3.8064514992125e-06,0.02237710538450375,0.02237710538450375,0.0,0.0,0.0,0.0
C_boundary_recession,C,Planck-anchored Lambda-CDM expansion,boundary_recession,42,"(0.84, 0.86]",80,0.84,0.86,0.85,0.0,1.0,0.0,0.0002499999999996125,0.0002499999999996125,0.0046051701859795,0.0046051701859795,0.49999999988875005,0.49999999988875005,-16.760873648125,16.760873648125,-1.12502765161265e-11,1.12502765161265e-11,-0.01382895374888625,0.01382895374888625,-0.42882287565337496,0.42882287565337496,-0.01376100908489375,0.01376100908489375,-0.4990116200600376,0.4990116200600376,1.14869127162e-05,1.14869127162e-05,0.06435946997737876,0.06435946997737876,0.0,0.0,0.0,0.0
C_boundary_recession,C,Planck-anchored Lambda-CDM expansion,boundary_recession,43,"(0.86, 0.88]",80,0.86,0.88,0.8699999999999999,0.0,1.0,0.0,0.0002499999999982,0.0002499999999982,0.004605170185955125,0.004605170185955125,0.4999999998873751,0.4999999998873751,-9.627966197000001,9.627966197000001,-6.4625081173401264e-12,6.4625081173401264e-12,-0.013806500338918748,0.013806500338918748,-0.4284248784743875,0.4284248784743875,-0.013652346587216249,0.013652346587216249,-0.49702818139208754,0.49702818139208754,3.450662761025e-05,3.450662761025e-05,0.1697861846208375,0.1697861846208375,0.0,0.0,0.0,0.0
C_boundary_recession,C,Planck-anchored Lambda-CDM expansion,boundary_recession,44,"(0.88, 0.9]",80,0.88,0.9,0.8899999999999999,0.0,1.0,0.0,0.00025000000000151247,0.00025000000000151247,0.004605170186016125,0.004605170186016125,0.499999999890675,0.499999999890675,-5.526552794075,5.526552794075,-3.7095469138483746e-12,3.7095469138483746e-12,-0.013754147829352501,0.013754147829352501,-0.4274945625019876,0.4274945625019876,-0.0133353082678725,0.0133353082678725,-0.49114195825686247,0.49114195825686247,0.000102347829600125,0.000102347829600125,0.373119638112,0.373119638112,0.0,0.0,0.0,0.0
C_boundary_recession,C,Planck-anchored Lambda-CDM expansion,boundary_recession,45,"(0.9, 0.92]",80,0.9,0.92,0.9099999999999998,0.0,1.0,0.0,0.0002500000000011625,0.0002500000000011625,0.0046051701860087505,0.0046051701860087505,0.49999999989036253,0.49999999989036253,-3.162664481475,3.162664481475,-2.122851749356e-12,2.122851749356e-12,-0.013608749140890001,0.013608749140890001,-0.4248933458022625,0.4248933458022625,-0.01246812393717125,0.01246812393717125,-0.47425595120266245,0.47425595120266245,0.00029265068585374997,0.00029265068585374997,0.625574275475725,0.625574275475725,0.0,0.0,0.0,0.0
C_boundary_recession,C,Planck-anchored Lambda-CDM expansion,boundary_recession,46,"(0.92, 0.94]",80,0.92,0.94,0.93,0.0,1.0,0.0,0.00025000000000013754,0.00025000000000013754,0.004605170185991251,0.004605170185991251,0.49999999988931254,0.49999999988931254,-1.7927918670499998,1.7927918670499998,-1.2033623463681627e-12,1.2033623463681627e-12,-0.0131957817747425,0.0131957817747425,-0.41736294646816247,0.41736294646816247,-0.010453604982064376,0.010453604982064376,-0.4301124028492625,0.4301124028492625,0.00075645567165,0.00075645567165,0.8123318303423375,0.8123318303423375,0.0,0.0,0.0,0.0
C_boundary_recession,C,Planck-anchored Lambda-CDM expansion,boundary_recession,47,"(0.94, 0.96]",80,0.94,0.96,0.95,0.0,1.0,0.0,0.0002499999999996875,0.0002499999999996875,0.004605170185982125,0.004605170185982125,0.4999999998889125,0.4999999998889125,-0.9895112951374999,0.9895112951374999,-6.64182304571975e-13,6.64182304571975e-13,-0.012102011887498751,0.012102011887498751,-0.39635878699489996,0.39635878699489996,-0.007093518366032625,0.007093518366032625,-0.33746860625213754,0.33746860625213754,0.00153451235861375,0.00153451235861375,0.9004467990608624,0.9004467990608624,0.0,0.0,0.0,0.0
C_boundary_recession,C,Planck-anchored Lambda-CDM expansion,boundary_recession,48,"(0.96, 0.98]",80,0.96,0.98,0.9700000000000001,0.0,1.0,0.0,0.0002499999999996,0.0002499999999996,0.0046051701859796245,0.0046051701859796245,0.49999999988873745,0.49999999988873745,-0.512027068275,0.512027068275,-3.4368411950565e-13,3.4368411950565e-13,-0.009722933920770374,0.009722933920770374,-0.34480399404192497,0.34480399404192497,-0.003644859752956875,0.003644859752956875,-0.2069088714128875,0.2069088714128875,0.0016559231177125002,0.0016559231177125002,0.8984735461524501,0.8984735461524501,0.0,0.0,0.0,0.0
C_boundary_recession,C,Planck-anchored Lambda-CDM expansion,boundary_recession,49,"(0.98, 1.0]",80,0.98,1.0,0.9899999999999999,0.0,1.0,0.0,0.00024999999999995,0.00024999999999995,0.00460517018598725,0.00460517018598725,0.49999999988913746,0.49999999988913746,-0.23556187348749996,0.23556187348749996,-1.5811444373714499e-13,1.5811444373714499e-13,-0.006170008225849124,0.006170008225849124,-0.24948866470213749,0.24948866470213749,-0.0014862759527818625,0.0014862759527818625,-0.09646123401112999,0.09646123401112999,0.000554730326,0.000554730326,0.7612077697968375,0.7612077697968375,0.0,0.0,0.0,0.0
