451   15.604485 6.372E-96 2.699E-17.00110.00130296.13140.680.000107              4              3                    O 22q     482220 3 3 1 2 1 1    41.0   45.0
451   21.214244 3.720E-87 6.803E-17.00110.00126503.50240.690.000098              2              1                    O 23q     482220 3 3 1 2 1 1   129.0  141.0
451   63.486353 1.367E-79 8.069E-15.00110.00123656.40580.690.000092              1              0                    O 23q     682220 3 3 1 2 1 1   129.0  141.0
451   68.364799 2.656E-88 3.357E-14.00110.00127823.04400.680.000104              3              2                    O 22q     482220 3 3 1 2 1 1    41.0   45.0
451  110.400270 1.206E-89 4.586E-13.00110.00129094.64410.680.000107              4              3                    O 21q     482220 3 3 1 2 1 1   117.0  129.0
451  117.261778 7.296E-82 3.330E-13.00110.00125111.29050.690.000098              2              1                    O 22q     482220 3 3 1 2 1 1    41.0   45.0
451  146.243681 3.354E-92 2.142E-12.00110.00130311.73580.680.000118              5              4                    O 20q     482220 3 3 1 2 1 1    37.0   41.0
451  163.200189 1.968E-75 8.551E-13.00110.00122170.50190.690.000092              1              0                    O 22q     682220 3 3 1 2 1 1    41.0   45.0
451  166.641813 1.129E-83 2.749E-12.00110.00126524.71660.680.000104              3              2                    O 21q     482220 3 3 1 2 1 1   117.0  129.0
451  210.756793 1.357E-86 1.111E-11.00110.00127891.40880.680.000110              4              3                    O 20q     482220 3 3 1 2 1 1    37.0   41.0
451  215.206370 1.874E-85 6.757E-12.00140.00126831.09060.630.000039              8              8                    S  0q     682220 3 3 1 2 1 1     5.0    1.0
451  219.341479 1.685E-77 7.218E-12.00110.00123719.89200.690.000098              2              1                    O 21q     482220 3 3 1 2 1 1   117.0  129.0
451  233.588261 5.603E-80 9.734E-12.00140.00124287.91530.630.000039              7              7                    S  0q     682220 3 3 1 2 1 1     5.0    1.0
451  248.499223 1.340E-88 2.912E-11.00110.00129205.04440.680.000117              5              4                    O 19q     482220 3 3 1 2 1 1   105.0  117.0
451  251.227371 5.018E-74 1.300E-11.00140.00121505.77950.630.000039              6              6                    S  0q     682220 3 3 1 2 1 1     5.0    1.0
451  268.413941 1.319E-67 1.639E-11.00140.00118491.92960.560.000045              5              5                    S  0q     682220 3 3 1 2 1 1     5.0    1.0
451  269.400650 4.280E-71 9.880E-12.00110.00120687.91170.690.000092              1              0                    O 21q     682220 3 3 1 2 1 1   117.0  129.0
451  270.937814 1.047E-80 2.965E-11.00110.00125228.55220.680.000104              3              2                    O 20q     482220 3 3 1 2 1 1    37.0   41.0
451  285.377613 1.007E-60 1.973E-11.00140.00115250.36570.630.000039              4              4                    S  0q     582220 3 3 1 2 1 1     5.0    1.0
451  302.306169 2.234E-53 2.286E-11.00140.00111782.39090.670.000028              3              3                    S  0q     582220 3 3 1 2 1 1     5.0    1.0
451  317.090026 5.230E-83 8.157E-11.00110.00126691.35840.680.000110              4              3                    O 19q     482220 3 3 1 2 1 1   105.0  117.0
451  319.358247 1.452E-45 2.562E-11.00140.001 8087.00260.690.000021              2              2                    S  0q     582220 3 3 1 2 1 1     5.0    1.0
451  327.899969 1.725E-74 5.092E-11.00110.00122333.70200.680.000097              2              1                    O 20q     482220 3 3 1 2 1 1    37.0   41.0
451  336.672301 2.812E-37 2.785E-11.00140.001 4161.16620.700.000016              1              1                    S  0q     682220 3 3 1 2 1 1     5.0    1.0
451  354.373130 1.664E-28 2.941E-11.00140.001    0.00000.700.000012              0              0                    S  0q     682220 3 3 1 2 1 1     5.0    1.0
451  355.795153 4.053E-84 1.064E-10.00170.00226903.11700.670.000038              8              8                    S  1q     682220 3 3 1 2 1 1    21.0    9.0
451  356.652248 2.974E-86 1.695E-10.00120.00128102.16560.680.000117              5              4                    O 18q     482220 3 3 1 2 1 1    33.0   37.0
451  381.677155 4.775E-77 1.558E-10.00110.00123939.23340.680.000103              3              2                    O 19q     482220 3 3 1 2 1 1   105.0  117.0
451  382.546308 5.478E-68 5.368E-11.00110.00119212.98830.690.000093              1              0                    O 20q     682220 3 3 1 2 1 1    37.0   41.0
451  386.390230 1.163E-78 1.542E-10.00170.00224366.07320.670.000038              7              7                    S  1q     682220 3 3 1 2 1 1    21.0    9.0
451  388.152512 1.691E-88 2.801E-10.00120.00129453.54360.680.000115              6              5                    O 17q     482220 3 3 1 2 1 1    93.0  105.0
451  415.726795 1.001E-72 2.068E-10.00170.00221589.82350.670.000038              6              6                    S  1q     682220 3 3 1 2 1 1    21.0    9.0
451  429.796828 1.421E-80 3.543E-10.00110.00125499.49000.680.000110              4              3                    O 18q     482220 3 3 1 2 1 1    33.0   37.0
451  443.372315 1.018E-70 2.170E-10.00110.00120957.31230.680.000098              2              1                    O 19q     482220 3 3 1 2 1 1   105.0  117.0
451  444.294005 2.532E-66 2.617E-10.00170.00218581.71030.630.000047              5              5                    S  1q     582220 3 3 1 2 1 1    21.0    9.0
451  471.065891 4.085E-83 6.484E-10.00120.00127008.44840.680.000115              5              4                    O 17q     482220 3 3 1 2 1 1    93.0  105.0
451  472.478013 1.863E-59 3.160E-10.00170.00215345.80980.670.000038              4              4                    S  1q     582220 3 3 1 2 1 1    21.0    9.0
451  492.152010 2.779E-84 5.915E-10.00120.00127046.29700.680.000027              8              8                    S  2q     582220 3 3 1 2 1 1     9.0    5.0
451  499.266352 1.707E-74 5.637E-10.00110.00122661.60190.680.000103              3              2                    O 18q     482220 3 3 1 2 1 1    33.0   37.0
451  500.593978 3.982E-52 3.671E-10.00170.00211883.48780.690.000030              3              3                    S  1q     582220 3 3 1 2 1 1    21.0    9.0
451  503.085269 4.397E-64 1.984E-10.00110.00117750.33200.690.000093              1              0                    O 19q     682220 3 3 1 2 1 1   105.0  117.0
451  503.951080 1.493E-86 9.860E-10.00120.00128458.81780.670.000117              6              5                    O 16q     482220 3 3 1 2 1 1    29.0   33.0
451  528.907711 2.495E-44 4.123E-10.00170.002 8193.79430.690.000024              2              2                    S  1q     582220 3 3 1 2 1 1    21.0    9.0
451  534.903502 7.483E-79 8.642E-10.00120.00124521.50350.680.000027              7              7                    S  2q     682220 3 3 1 2 1 1     9.0    5.0
451  549.249106 2.585E-77 1.143E-09.00110.00124320.91050.680.000109              4              3                    O 17q     482220 3 3 1 2 1 1    93.0  105.0
451  557.650874 4.660E-36 4.494E-10.00170.002 4273.74060.700.000019              1              1                    S  1q     682220 3 3 1 2 1 1    21.0    9.0
451  566.176428 4.977E-68 6.934E-10.00110.00119595.53450.680.000099              2              1                    O 18q     482220 3 3 1 2 1 1    33.0   37.0
451  575.848958 6.061E-73 1.167E-09.00120.00121757.00690.680.000027              6              6                    S  2q     582220 3 3 1 2 1 1     9.0    5.0
451  587.032025 2.657E-27 4.758E-10.00170.002  118.48690.700.000016              0              0                    S  1q     682220 3 3 1 2 1 1    21.0    9.0
451  592.070237 4.775E-81 1.927E-09.00120.00125929.28680.670.000117              5              4                    O 16q     482220 3 3 1 2 1 1    29.0   33.0
451  615.684936 1.445E-66 1.484E-09.00120.00118760.34360.650.000032              5              5                    S  2q     582220 3 3 1 2 1 1     9.0    5.0
451  622.757580 8.025E-84 2.002E-09.00120.00127258.91210.690.000025              8              8                    S  3q     582220 3 3 1 2 1 1    33.0   21.0
451  624.087179 4.243E-71 1.621E-09.00110.00121400.68450.680.000103              3              2                    O 17q     482220 3 3 1 2 1 1    93.0  105.0
451  626.122119 9.236E-84 2.770E-09.00120.00127479.51420.670.000117              6              5                    O 15q     482220 3 3 1 2 1 1    81.0   93.0
451  631.448566 3.013E-61 5.796E-10.00110.00116304.80690.690.000093              1              0                    O 18q     682220 3 3 1 2 1 1    33.0   37.0
451  649.321499 2.417E-87 3.399E-09.00120.00128962.76890.670.000117              7              6                    O 14q     482220 3 3 1 2 1 1    25.0   29.0
451  654.959403 1.002E-59 1.800E-09.00120.00115535.74330.680.000027              4              4                    S  2q     582220 3 3 1 2 1 1     9.0    5.0
451  675.785402 4.117E-75 3.039E-09.00110.00123160.86820.680.000109              4              3                    O 16q     482220 3 3 1 2 1 1    29.0   33.0
451  677.596683 1.982E-78 2.959E-09.00120.00124752.46340.690.000025              7              7                    S  3q     682220 3 3 1 2 1 1    33.0   21.0
451  694.118281 2.022E-52 2.100E-09.00120.00112084.69700.690.000023              3              3                    S  2q     582220 3 3 1 2 1 1     9.0    5.0
451  696.705130 1.725E-64 1.837E-09.00110.00118253.41720.680.000098              2              1                    O 17q     482220 3 3 1 2 1 1    93.0  105.0
451  719.952198 4.004E-78 4.837E-09.00120.00124870.15970.670.000117              5              4                    O 15q     482220 3 3 1 2 1 1    81.0   93.0
451  730.035738 1.476E-72 4.031E-09.00120.00122005.55020.690.000025              6              6                    S  3q     582220 3 3 1 2 1 1    33.0   21.0
451  733.536735 1.195E-44 2.368E-09.00120.001 8406.36090.700.000020              2              2                    S  2q     582220 3 3 1 2 1 1     9.0    5.0
451  746.246013 1.455E-84 5.032E-09.00080.00127538.44900.700.000028              8              8                    S  4q     582220 3 3 1 2 1 1    13.0    9.0
451  754.891131 5.085E-82 6.663E-09.00120.00126521.35700.670.000117              6              5                    O 14q     482220 3 3 1 2 1 1    25.0   29.0
451  756.487246 9.356E-69 3.987E-09.00110.00120161.71090.680.000104              3              2                    O 16q     482220 3 3 1 2 1 1    29.0   33.0
451  768.041228 1.479E-57 1.445E-09.00110.00114881.55250.690.000093              1              0                    O 17q     682220 3 3 1 2 1 1    93.0  105.0
451  773.541019 2.106E-36 2.590E-09.00120.001 4497.83850.700.000017              1              1                    S  2q     682220 3 3 1 2 1 1     9.0    5.0
451  778.404006 7.138E-85 7.942E-09.00120.00128105.63640.670.000118              7              6                    O 13q     482220 3 3 1 2 1 1    69.0   81.0
451  780.991297 3.240E-66 5.164E-09.00120.00119026.00430.680.000028              5              5                    S  3q     582220 3 3 1 2 1 1    33.0   21.0
451  809.699821 4.740E-72 7.056E-09.00110.00122024.77160.680.000109              4              3                    O 15q     482220 3 3 1 2 1 1    81.0   93.0
451  813.102594 3.215E-79 7.548E-09.00080.00125056.40700.700.000028              7              7                    S  4q     682220 3 3 1 2 1 1    13.0    9.0
451  814.424302 1.132E-27 2.753E-09.00120.001  354.37320.700.000015              0              0                    S  2q     682220 3 3 1 2 1 1     9.0    5.0
451  831.180953 2.073E-59 6.302E-09.00120.00115818.28780.690.000025              4              4                    S  3q     582220 3 3 1 2 1 1    33.0   21.0
451  835.315728 5.330E-62 4.265E-09.00110.00116936.25540.680.000098              2              1                    O 16q     482220 3 3 1 2 1 1    29.0   33.0
451  854.942662 3.000E-76 1.074E-08.00120.00123836.65360.670.000117              5              4                    O 14q     482220 3 3 1 2 1 1    25.0   29.0
451  861.423638 1.480E-84 1.033E-08.00080.00127881.66970.700.000036              8              8                    S  5q     582220 3 3 1 2 1 1    45.0   33.0
451  876.901831 2.149E-73 1.040E-08.00080.00122332.85580.700.000028              6              6                    S  4q     582220 3 3 1 2 1 1    13.0    9.0
451  881.186354 3.857E-52 7.390E-09.00120.00112384.08180.700.000023              3              3                    S  3q     582220 3 3 1 2 1 1    33.0   21.0
451  890.414592 2.024E-79 1.428E-08.00120.00125590.11180.670.000118              6              5                    O 13q     482220 3 3 1 2 1 1    69.0   81.0
451  896.767937 1.492E-65 8.748E-09.00110.00118950.12220.680.000103              3              2                    O 15q     482220 3 3 1 2 1 1    81.0   93.0
451  913.230864 6.480E-55 3.209E-09.00110.00113485.98970.690.000093              1              0                    O 16q     682220 3 3 1 2 1 1    29.0   33.0
451  913.782487 1.876E-83 1.659E-08.00120.00127276.24810.670.000118              7              6                    O 12q     482220 3 3 1 2 1 1    21.0   25.0
451  921.999387 2.011E-86 1.651E-08.00120.00128884.04040.670.000119              8              7                    O 11q     482220 3 3 1 2 1 1    57.0   69.0
451  931.495185 2.103E-44 8.375E-09.00120.001 8722.70200.700.000021              2              2                    S  3q     582220 3 3 1 2 1 1    33.0   21.0
451  938.797799 4.246E-67 1.344E-08.00080.00119376.02850.690.000031              5              5                    S  4q     582220 3 3 1 2 1 1    13.0    9.0
451  940.240100 2.855E-79 1.578E-08.00080.00125430.06010.700.000036              7              7                    S  5q     682220 3 3 1 2 1 1    45.0   33.0
451  951.228225 4.865E-70 1.479E-08.00110.00120918.19810.680.000110              4              3                    O 14q     482220 3 3 1 2 1 1    25.0   29.0
451  967.273512 1.112E-85 1.826E-08.00080.00128284.69500.700.000034              8              8                    S  6q     582220 3 3 1 2 1 1    17.0   13.0
451  982.316961 1.188E-58 8.967E-09.00110.00115649.59370.680.000097              2              1                    O 15q     482220 3 3 1 2 1 1    81.0   93.0
451  982.530296 3.412E-36 9.204E-09.00120.001 4831.39150.700.000019              1              1                    S  3q     682220 3 3 1 2 1 1    33.0   21.0
451  997.200889 1.617E-73 2.169E-08.00120.00122834.47140.670.000118              5              4                    O 13q     482220 3 3 1 2 1 1    69.0   81.0
451  999.688474 2.446E-60 1.652E-08.00080.00116190.70270.700.000028              4              4                    S  4q     582220 3 3 1 2 1 1    13.0    9.0
451 1015.258940 1.672E-73 2.203E-08.00080.00122735.58600.700.000036              6              6                    S  5q     582220 3 3 1 2 1 1    45.0   33.0
451 1032.762615 7.124E-78 2.800E-08.00120.00124691.59620.670.000118              6              5                    O 12q     482220 3 3 1 2 1 1    21.0   25.0
451 1034.670685 1.687E-27 9.830E-09.00120.001  705.51890.700.000018              0              0                    S  3q     582220 3 3 1 2 1 1    33.0   21.0
451 1045.169621 2.110E-63 1.758E-08.00110.00117771.57110.680.000105              3              2                    O 14q     482220 3 3 1 2 1 1    25.0   29.0
451 1055.424067 3.512E-81 3.172E-08.00120.00126480.52630.670.000119              7              6                    O 11q     482220 3 3 1 2 1 1    57.0   69.0
451 1058.022049 1.827E-80 2.852E-08.00080.00125869.50960.700.000034              7              7                    S  6q     582220 3 3 1 2 1 1    17.0   13.0
451 1060.297999 4.100E-53 1.951E-08.00080.00112778.81530.700.000026              3              3                    S  4q     582220 3 3 1 2 1 1    13.0    9.0
451 1061.937912 2.486E-85 3.094E-08.00120.00128190.03060.670.000120              8              7                    O 10q     482220 3 3 1 2 1 1    17.0   21.0
451 1067.333579 2.036E-51 6.527E-09.00110.00112123.81910.690.000093              1              0                    O 15q     682220 3 3 1 2 1 1    81.0   93.0
451 1087.895423 2.901E-67 2.879E-08.00080.00119806.99550.690.000037              5              5                    S  5q     582220 3 3 1 2 1 1    45.0   33.0
451 1100.531681 3.564E-67 2.864E-08.00110.00119846.89020.680.000109              4              3                    O 13q     482220 3 3 1 2 1 1    69.0   81.0
451 1121.230876 2.012E-45 2.224E-08.00080.001 9139.89760.700.000024              2              2                    S  4q     582220 3 3 1 2 1 1    13.0    9.0
451 1137.953191 2.329E-56 1.745E-08.00110.00114399.22040.680.000100              2              1                    O 14q     482220 3 3 1 2 1 1    25.0   29.0
451 1144.126026 9.148E-75 4.047E-08.00080.00123209.75760.700.000034              6              6                    S  6q     582220 3 3 1 2 1 1    17.0   13.0
451 1146.796275 7.631E-72 4.066E-08.00120.00121869.42620.670.000118              5              4                    O 12q     482220 3 3 1 2 1 1    21.0   25.0
451 1159.242245 1.470E-60 3.571E-08.00080.00116649.46880.700.000036              4              4                    S  5q     582220 3 3 1 2 1 1    45.0   33.0
451 1165.650196 7.158E-81 4.603E-08.00080.00126370.30020.700.000035              7              7                    S  7q     582220 3 3 1 2 1 1    57.0   45.0
451 1181.899273 1.765E-75 5.103E-08.00120.00123831.67230.670.000119              6              5                    O 11q     482220 3 3 1 2 1 1    57.0   69.0
451 1183.009244 2.934E-37 2.459E-08.00080.001 5271.37940.700.000023              1              1                    S  4q     582220 3 3 1 2 1 1    13.0    9.0
451 1201.854122 2.108E-60 3.295E-08.00110.00116631.91060.680.000105              3              2                    O 13q     482220 3 3 1 2 1 1    69.0   81.0
451 1203.172916 5.674E-80 5.639E-08.00120.00125724.35880.670.000120              7              6                    O 10q     482220 3 3 1 2 1 1    17.0   21.0
451 1207.142927 2.132E-83 5.377E-08.00120.00127535.95040.670.000120              8              7                    O  9q     482220 3 3 1 2 1 1    45.0   57.0
451 1227.293484 1.360E-68 5.354E-08.00080.00120314.82630.690.000039              5              5                    S  6q     582220 3 3 1 2 1 1    17.0   13.0
451 1230.174971 2.166E-53 4.249E-08.00080.00113265.26810.700.000031              3              3                    S  5q     582220 3 3 1 2 1 1    45.0   33.0
451 1230.597129 5.578E-49 1.238E-08.00110.00110801.01210.680.000094              1              0                    O 14q     782220 3 3 1 2 1 1    25.0   29.0
451 1246.099547 1.301E-28 2.641E-08.00080.001 1168.79750.700.000021              0              0                    S  4q     582220 3 3 1 2 1 1    13.0    9.0
451 1257.677294 2.257E-65 5.193E-08.00120.00118816.74070.680.000111              4              3                    O 12q     482220 3 3 1 2 1 1    21.0   25.0
451 1262.498942 2.210E-82 6.781E-08.00080.00126927.53170.700.000038              7              7                    S  8q     582220 3 3 1 2 1 1    21.0   17.0
451 1262.726626 2.991E-75 6.658E-08.00080.00123750.84490.700.000035              6              6                    S  7q     582220 3 3 1 2 1 1    57.0   45.0
451 1301.420539 9.334E-46 4.880E-08.00080.001 9654.19720.700.000029              2              2                    S  5q     582220 3 3 1 2 1 1    45.0   33.0
451 1302.385874 3.190E-53 3.188E-08.00110.00113191.15250.680.000098              2              1                    O 13q     482220 3 3 1 2 1 1    69.0   81.0
451 1303.687814 2.500E-69 7.161E-08.00120.00120947.42170.670.000119              5              4                    O 11q     482220 3 3 1 2 1 1    57.0   69.0
451 1308.830637 5.916E-62 6.713E-08.00080.00117190.39110.700.000034              4              4                    S  6q     582220 3 3 1 2 1 1    17.0   13.0
451 1337.661195 3.716E-74 8.750E-08.00120.00123016.22250.670.000120              6              5                    O 10q     482220 3 3 1 2 1 1    17.0   21.0
451 1348.089992 4.518E-83 9.254E-08.00080.00127535.95040.700.000037              7              7                    S  9q     582220 3 3 1 2 1 1    69.0   57.0
451 1356.218626 3.724E-69 8.939E-08.00080.00120894.89090.690.000040              5              5                    S  7q     582220 3 3 1 2 1 1    57.0   45.0
451 1356.728780 6.258E-78 9.424E-08.00120.00125013.57150.670.000120              7              6                    O  9q     482220 3 3 1 2 1 1    45.0   57.0
451 1357.163343 1.530E-82 8.756E-08.00120.00126927.53170.670.000120              8              7                    O  8q     482220 3 3 1 2 1 1    13.0   17.0
451 1366.884604 1.797E-58 5.826E-08.00110.00115537.17360.680.000103              3              2                    O 12q     482220 3 3 1 2 1 1    21.0   25.0
451 1370.475191 7.522E-77 1.003E-07.00080.00124353.88360.700.000038              6              6                    S  8q     582220 3 3 1 2 1 1    21.0   17.0
451 1373.603872 1.193E-37 5.432E-08.00080.001 5813.92170.700.000027              1              1                    S  5q     582220 3 3 1 2 1 1    45.0   33.0
451 1389.776049 7.483E-55 8.060E-08.00080.00113839.11330.700.000032              3              3                    S  6q     582220 3 3 1 2 1 1    17.0   13.0
451 1403.181364 1.055E-45 2.217E-08.00110.001 9523.79160.690.000094              1              0                    O 13q     782220 3 3 1 2 1 1    69.0   81.0
451 1422.059847 7.821E-85 1.182E-07.00080.00128190.03060.700.000038              7              7                    S 10q     582220 3 3 1 2 1 1    25.0   21.0
451 1422.616800 9.782E-63 8.914E-08.00110.00117833.76470.680.000111              4              3                    O 11q     482220 3 3 1 2 1 1    57.0   69.0
451 1447.280936 4.626E-29 5.876E-08.00080.001 1740.18960.700.000025              0              0                    S  5q     582220 3 3 1 2 1 1    45.0   33.0
451 1447.670478 1.358E-62 1.134E-07.00080.00117808.71100.700.000035              4              4                    S  7q     582220 3 3 1 2 1 1    57.0   45.0
451 1466.954910 1.224E-77 1.404E-07.00080.00125013.57150.700.000037              6              6                    S  9q     582220 3 3 1 2 1 1    69.0   57.0
451 1467.701910 6.849E-68 1.196E-07.00120.00120074.41780.670.000120              5              4                    O 10q     482220 3 3 1 2 1 1    17.0   21.0
451 1470.986313 2.765E-47 9.332E-08.00080.00110261.12850.700.000029              2              2                    S  6q     582220 3 3 1 2 1 1    17.0   13.0
451 1474.102801 7.659E-71 1.369E-07.00080.00121542.11970.690.000040              5              5                    S  8q     582220 3 3 1 2 1 1    21.0   17.0
451 1475.672478 3.679E-51 5.527E-08.00110.00112031.60910.680.000098              2              1                    O 12q     482220 3 3 1 2 1 1    21.0   25.0
451 1481.724313 1.383E-85 9.984E-08.00120.00128284.69500.660.000122              9              8                    O  6q     482220 3 3 1 2 1 1     9.0   13.0
451 1484.121290 9.595E-86 1.422E-07.00080.00128884.04040.690.000039              7              7                    S 11q     582220 3 3 1 2 1 1    81.0   69.0
451 1499.735420 5.250E-72 1.423E-07.00120.00122251.10950.670.000120              6              5                    O  9q     482220 3 3 1 2 1 1    45.0   57.0
451 1511.369484 7.234E-81 1.347E-07.00120.00126370.30020.670.000119              8              7                    O  7q     482220 3 3 1 2 1 1    33.0   45.0
451 1515.626059 5.668E-77 1.492E-07.00120.00124353.88360.670.000120              7              6                    O  8q     482220 3 3 1 2 1 1    13.0   17.0
451 1538.298641 1.440E-55 1.376E-07.00080.00114495.44310.700.000032              3              3                    S  7q     582220 3 3 1 2 1 1    57.0   45.0
451 1540.203283 1.033E-55 9.805E-08.00110.00114493.53840.680.000103              3              2                    O 11q     482220 3 3 1 2 1 1    57.0   69.0
451 1551.889371 1.647E-79 1.848E-07.00080.00125724.35880.700.000038              6              6                    S 10q     582220 3 3 1 2 1 1    25.0   21.0
451 1553.193592 3.024E-39 1.047E-07.00080.001 6454.38870.700.000029              1              1                    S  6q     582220 3 3 1 2 1 1    17.0   13.0
451 1575.196206 2.288E-64 1.761E-07.00080.00118499.22170.700.000038              4              4                    S  8q     582220 3 3 1 2 1 1    21.0   17.0
451 1579.289327 1.471E-99 9.436E-11.00380.00433824.79000.680.000216              2              0                    O 30q     482220 3 3 1 2 1 1    57.0   61.0
451 1580.562773 9.961E-72 1.955E-07.00080.00122251.10950.690.000042              5              5                    S  9q     582220 3 3 1 2 1 1    69.0   57.0
451 1585.136169 1.658E-43 3.783E-08.00110.001 8298.60140.680.000092              1              0                    O 12q     682220 3 3 1 2 1 1    21.0   25.0
451 1595.163606 3.487E-61 1.459E-07.00120.00116904.05820.680.000112              4              3                    O 10q     482220 3 3 1 2 1 1    17.0   21.0
451 1625.110053 1.537E-80 2.303E-07.00080.00126480.52630.690.000039              6              6                    S 11q     582220 3 3 1 2 1 1    81.0   69.0
451 1629.098562 4.455E-48 1.608E-07.00080.00110955.61770.700.000030              2              2                    S  7q     582220 3 3 1 2 1 1    57.0   45.0
451 1631.194239 2.662E-84 1.406E-07.00120.00127881.66970.650.000121              9              8                    O  5q     482220 3 3 1 2 1 1    21.0   33.0
451 1637.046000 9.992E-31 1.141E-07.00080.001 2414.89700.700.000028              0              0                    S  6q     582220 3 3 1 2 1 1    17.0   13.0
451 1638.509589 1.237E-65 1.906E-07.00120.00119256.38140.670.000120              5              4                    O  9q     482220 3 3 1 2 1 1    45.0   57.0
451 1651.469120 7.913E-98 5.446E-10.00390.00433332.27960.670.000227              3              1                    O 28q     482220 3 3 1 2 1 1    53.0   57.0
451 1657.743332 2.817E-48 9.158E-08.00110.00110926.97290.680.000100              2              1                    O 11q     482220 3 3 1 2 1 1    57.0   69.0
451 1667.637970 5.977E-71 2.209E-07.00120.00121542.11970.670.000120              6              5                    O  8q     482220 3 3 1 2 1 1    13.0   17.0
451 1668.939379 2.701E-80 1.971E-07.00120.00125869.50960.660.000122              8              7                    O  6q     482220 3 3 1 2 1 1     9.0   13.0
451 1675.168917 1.989E-57 2.161E-07.00080.00115228.88930.700.000033              3              3                    S  8q     582220 3 3 1 2 1 1    21.0   17.0
451 1675.373772 1.048E-73 2.630E-07.00080.00123016.22250.690.000042              5              5                    S 10q     582220 3 3 1 2 1 1    25.0   21.0
451 1679.215306 3.318E-75 2.252E-07.00120.00123750.84490.670.000119              7              6                    O  7q     482220 3 3 1 2 1 1    33.0   45.0
451 1686.520835 1.268E-82 2.733E-07.00080.00127276.24810.690.000041              6              6                    S 12q     582220 3 3 1 2 1 1    29.0   25.0
451 1691.040402 2.385E-65 2.553E-07.00080.00119256.38140.700.000037              4              4                    S  9q     582220 3 3 1 2 1 1    69.0   57.0
451 1720.915283 4.068E-40 1.820E-07.00080.001 7187.52560.700.000028              1              1                    S  7q     582220 3 3 1 2 1 1    57.0   45.0
451 1721.607726 4.803E-54 1.581E-07.00110.00113507.28160.680.000106              3              2                    O 10q     482220 3 3 1 2 1 1    17.0   21.0
451 1736.059799 7.723E-84 3.099E-07.00080.00128105.63640.690.000042              6              6                    S 13q     582220 3 3 1 2 1 1    93.0   81.0
451 1758.439590 7.483E-75 3.360E-07.00080.00123831.67230.690.000044              5              5                    S 11q     582220 3 3 1 2 1 1    81.0   69.0
451 1766.207858 3.209E-96 9.742E-11.00380.00432422.47680.680.000215              2              0                    O 29q     482220 3 3 1 2 1 1   165.0  177.0
451 1773.657298 4.424E-86 3.367E-07.00080.00128962.76890.690.000041              6              6                    S 14q     582220 3 3 1 2 1 1    33.0   29.0
451 1774.969396 8.049E-59 2.291E-07.00120.00116033.74170.680.000109              4              3                    O  9q     482220 3 3 1 2 1 1    45.0   57.0
451 1775.166934 5.036E-50 2.552E-07.00080.00111732.11480.700.000030              2              2                    S  8q     482220 3 3 1 2 1 1    21.0   17.0
451 1776.377452 1.701E-40 6.190E-08.00110.001 7132.06350.680.000091              1              0                    O 11q     682220 3 3 1 2 1 1    57.0   69.0
451 1781.293572 3.819E-84 1.905E-07.00170.00227538.44900.650.000111              9              8                    O  4q     482220 3 3 1 2 1 1     5.0    9.0
451 1795.008437 1.968E-67 3.493E-07.00080.00120074.41780.700.000038              4              4                    S 10q     582220 3 3 1 2 1 1    25.0   21.0
451 1800.023074 1.662E-58 3.173E-07.00080.00116033.74170.700.000034              3              3                    S  9q     582220 3 3 1 2 1 1    69.0   57.0
451 1814.492375 1.118E-31 2.000E-07.00080.001 3187.47050.700.000032              0              0                    S  7q     582220 3 3 1 2 1 1    57.0   45.0
451 1815.604633 1.766E-64 2.916E-07.00120.00118499.22170.670.000120              5              4                    O  8q     482220 3 3 1 2 1 1    13.0   17.0
451 1828.852004 6.233E-79 2.764E-07.00120.00125430.06010.650.000121              8              7                    O  5q     482220 3 3 1 2 1 1    21.0   33.0
451 1829.760855 4.624E-77 4.104E-07.00080.00124691.59620.690.000045              5              5                    S 12q     582220 3 3 1 2 1 1    29.0   25.0
451 1840.695106 4.311E-69 3.288E-07.00120.00120894.89090.670.000119              6              5                    O  7q     482220 3 3 1 2 1 1    33.0   45.0
451 1842.608380 1.419E-94 6.409E-10.00390.00431997.59120.670.000226              3              1                    O 27q     482220 3 3 1 2 1 1   153.0  165.0
451 1846.649491 1.503E-74 3.259E-07.00120.00123209.75760.660.000122              7              6                    O  6q     482220 3 3 1 2 1 1     9.0   13.0
451 1848.377203 1.715E-46 1.458E-07.00110.001 9883.73750.680.000098              2              1                    O 10q     482220 3 3 1 2 1 1    17.0   21.0
451 1876.155313 3.752E-42 2.915E-07.00080.001 8007.58220.700.000028              1              1                    S  8q     582220 3 3 1 2 1 1    21.0   17.0
451 1887.049698 1.079E-68 4.550E-07.00080.00120947.42170.690.000039              4              4                    S 11q     582220 3 3 1 2 1 1    81.0   69.0
451 1889.402526 2.068E-78 4.811E-07.00080.00125590.11180.690.000045              5              5                    S 13q     582220 3 3 1 2 1 1    93.0   81.0
451 1908.822256 3.368E-51 3.788E-07.00080.00112584.71620.700.000031              2              2                    S  9q     482220 3 3 1 2 1 1    69.0   57.0
451 1910.726898 1.420E-51 2.453E-07.00110.00112584.71620.680.000107              3              2                    O  9q     482220 3 3 1 2 1 1    45.0   57.0
451 1912.682518 1.076E-60 4.402E-07.00080.00116904.05820.700.000037              3              3                    S 10q     482220 3 3 1 2 1 1    25.0   21.0
451 1914.658943 2.125E-93 2.469E-09.00390.00431685.72430.670.000239              4              2                    O 25q     482220 3 3 1 2 1 1   141.0  153.0
451 1930.651907 3.098E-83 2.592E-07.00200.00227258.91210.660.000090              9              8                    O  3q     482220 3 3 1 2 1 1     9.0   21.0
451 1937.460886 8.524E-81 5.432E-07.00080.00126521.35700.690.000046              5              5                    S 14q     582220 3 3 1 2 1 1    33.0   29.0
451 1950.003542 8.053E-94 9.105E-11.00380.00430997.52130.680.000216              2              0                    O 28q     482220 3 3 1 2 1 1    53.0   57.0
451 1961.501886 1.440E-57 3.466E-07.00120.00115228.88930.680.000109              4              3                    O  8q     482220 3 3 1 2 1 1    13.0   17.0
451 1967.227385 5.018E-71 5.676E-07.00080.00121869.42620.690.000041              4              4                    S 12q     482220 3 3 1 2 1 1    29.0   25.0
451 1974.029405 2.702E-82 5.919E-07.00080.00127479.51420.690.000047              5              5                    S 15q     582220 3 3 1 2 1 1   105.0   93.0
451 1976.662037 1.364E-38 9.761E-08.00110.001 6030.92030.680.000095              1              0                    O 10q     682220 3 3 1 2 1 1    17.0   21.0
451 1978.977263 8.382E-34 3.234E-07.00080.001 4051.94300.700.000036              0              0                    S  8q     582220 3 3 1 2 1 1    21.0   17.0
451 1980.317176 1.367E-92 7.205E-09.00400.00431490.93800.660.000255              5              3                    O 23q     482220 3 3 1 2 1 1   129.0  141.0
451 1989.889962 1.052E-78 3.773E-07.00170.00225056.40700.650.000111              8              7                    O  4q     482220 3 3 1 2 1 1     5.0    9.0
451 1998.284644 1.565E-62 4.298E-07.00120.00117808.71100.670.000119              5              4                    O  7q     482220 3 3 1 2 1 1    33.0   45.0
451 1999.161792 8.368E-85 6.229E-07.00080.00128458.81780.690.000048              5              5                    S 16q     582220 3 3 1 2 1 1    37.0   33.0
451 2012.828926 2.108E-86 6.331E-07.00080.00129453.54360.690.000049              5              5                    S 17q     582220 3 3 1 2 1 1   117.0  105.0
451 2013.125521 4.538E-62 5.822E-07.00080.00117833.76470.700.000035              3              3                    S 11q     482220 3 3 1 2 1 1    81.0   69.0
451 2016.877563 4.119E-73 4.556E-07.00120.00122735.58600.650.000121              7              6                    O  5q     482220 3 3 1 2 1 1    21.0   33.0
451 2018.029622 2.355E-68 4.722E-07.00120.00120314.82630.660.000122              6              5                    O  6q     482220 3 3 1 2 1 1     9.0   13.0
451 2018.532053 2.003E-43 4.371E-07.00080.001 8908.44080.700.000029              1              1                    S  9q     582220 3 3 1 2 1 1    69.0   57.0
451 2029.892039 1.710E-53 5.319E-07.00080.00113507.28160.700.000031              2              2                    S 10q     482220 3 3 1 2 1 1    25.0   21.0
451 2030.695940 3.009E-92 7.134E-10.00390.00430643.34580.670.000226              3              1                    O 26q     482220 3 3 1 2 1 1    49.0   53.0
451 2035.688281 1.657E-72 6.817E-07.00080.00122834.47140.690.000042              4              4                    S 13q     482220 3 3 1 2 1 1    93.0   81.0
451 2047.176840 6.514E-44 2.242E-07.00110.001 8908.44080.680.000099              2              1                    O  9q     482220 3 3 1 2 1 1    45.0   57.0
451 2071.799683 3.919E-95 3.949E-07.00110.00133332.2796-.020.000019              2              1                    Q 28m     582220 3 3 2 3 2 2    57.0   57.0
451 2071.799683 8.771E-97 8.832E-09.00130.00133332.27960.650.000173              2              1                    Q 28q     482220 3 3 1 2 1 1    57.0   57.0
451 2077.743516 1.499E-83 4.652E-07.00130.00127046.29700.620.000082              9              8                    O  2q     482220 3 3 1 2 1 1     1.0    5.0
451 2092.633279 4.946E-75 7.910E-07.00080.00123836.65360.690.000041              4              4                    S 14q     482220 3 3 1 2 1 1    33.0   29.0
451 2101.056352 2.292E-96 2.432E-07.00120.00133824.7900-.030.000018              1              0                    Q 30m     582220 3 3 2 3 2 2    61.0   61.0
451 2101.056352 5.577E-98 5.913E-09.00130.00133824.79000.650.000168              1              0                    Q 30q     682220 3 3 1 2 1 1    61.0   61.0
451 2101.457505 1.592E-64 7.388E-07.00080.00118816.74070.700.000036              3              3                    S 12q     482220 3 3 1 2 1 1    29.0   25.0
451 2106.968410 3.437E-91 3.044E-09.00400.00430408.02580.670.000239              4              2                    O 24q     482220 3 3 1 2 1 1    45.0   49.0
451 2106.998610 3.190E-50 3.677E-07.00110.00111732.11480.680.000107              3              2                    O  8q     482220 3 3 1 2 1 1    13.0   17.0
451 2109.445187 9.010E-91 4.934E-07.00110.00131490.9380-.070.000019              4              3                    Q 23m     582220 3 3 2 3 2 2   141.0  141.0
451 2109.445187 2.680E-92 1.467E-08.00140.00131490.93800.640.000178              4              3                    Q 23q     482220 3 3 1 2 1 1   141.0  141.0
451 2130.100614 3.555E-35 4.897E-07.00080.001 5001.96290.700.000039              0              0                    S  9q     582220 3 3 1 2 1 1    69.0   57.0
451 2132.291184 1.854E-90 7.764E-11.00380.00429553.43320.680.000216              2              0                    O 27q     482220 3 3 1 2 1 1   153.0  165.0
451 2138.288833 1.115E-76 8.891E-07.00080.00124870.15970.690.000042              4              4                    S 15q     482220 3 3 1 2 1 1   105.0   93.0
451 2138.372235 5.540E-55 7.127E-07.00080.00114493.53840.700.000032              2              2                    S 11q     482220 3 3 1 2 1 1    81.0   69.0
451 2143.065618 5.476E-86 1.985E-07.00150.00128884.0404-.130.000021              8              7                    Q 11m     582220 3 3 2 3 2 2    69.0   69.0
451 2143.065618 5.313E-87 1.925E-08.00130.00128884.04040.640.000163              8              7                    Q 11q     482220 3 3 1 2 1 1    69.0   69.0
451 2147.871641 7.947E-46 6.206E-07.00080.001 9883.73750.700.000029              1              1                    S 10q     582220 3 3 1 2 1 1    25.0   21.0
451 2150.653535 9.871E-78 5.242E-07.00200.00224752.46340.660.000090              8              7                    O  3q     482220 3 3 1 2 1 1     9.0   21.0
451 2154.025792 1.568E-55 5.070E-07.00120.00114495.44310.670.000112              4              3                    O  7q     482220 3 3 1 2 1 1    33.0   45.0
451 2154.475350 3.475E-91 4.715E-07.00110.00131685.7243-.040.000018              3              2                    Q 25m     582220 3 3 2 3 2 2   153.0  153.0
451 2154.475350 1.138E-92 1.543E-08.00140.00131685.72430.640.000172              3              2                    Q 25q     482220 3 3 1 2 1 1   153.0  153.0
451 2156.514453 6.479E-86 6.853E-08.00150.00228284.6950-.160.000021              9              8                    Q  6m     582220 3 3 2 3 2 2    13.0   13.0
451 2156.514453 1.962E-86 2.075E-08.00130.00128284.69500.640.000149              9              8                    Q  6q     482220 3 3 1 2 1 1    13.0   13.0
451 2161.107387 7.201E-89 4.613E-07.00110.00130311.7358-.070.000020              5              4                    Q 20m     582220 3 3 2 3 2 2    41.0   41.0
451 2161.107387 3.040E-90 1.947E-08.00140.00130311.73580.630.000178              5              4                    Q 20q     482220 3 3 1 2 1 1    41.0   41.0
451 2172.878875 2.412E-79 9.700E-07.00080.00125929.28680.690.000043              4              4                    S 16q     482220 3 3 1 2 1 1    37.0   33.0
451 2176.711873 1.577E-90 9.498E-09.00400.00430296.13140.660.000254              5              3                    O 22q     482220 3 3 1 2 1 1    41.0   45.0
451 2177.881557 3.889E-66 9.039E-07.00080.00119846.89020.700.000036              3              3                    S 13q     482220 3 3 1 2 1 1    93.0   81.0
451 2183.340290 2.269E-86 2.979E-07.00130.00128962.7689-.120.000021              7              6                    Q 14m     582220 3 3 2 3 2 2    29.0   29.0
451 2183.340290 1.735E-87 2.277E-08.00130.00128962.76890.640.000167              7              6                    Q 14q     482220 3 3 1 2 1 1    29.0   29.0
451 2185.562784 6.697E-36 1.489E-07.00110.001 5001.96290.680.000093              1              0                    O  9q     682220 3 3 1 2 1 1    45.0   57.0
451 2185.637470 1.028E-61 6.136E-07.00120.00117190.39110.660.000122              5              4                    O  6q     482220 3 3 1 2 1 1     9.0   13.0
451 2187.340030 9.888E-87 3.909E-07.00120.00129453.5436-.100.000020              6              5                    Q 17m     582220 3 3 2 3 2 2   105.0  105.0
451 2187.340030 5.720E-88 2.261E-08.00140.00129453.54360.630.000175              6              5                    Q 17q     482220 3 3 1 2 1 1   105.0  105.0
451 2188.647821 8.090E-73 6.249E-07.00170.00222332.85580.650.000111              7              6                    O  4q     482220 3 3 1 2 1 1     5.0    9.0
451 2191.093337 6.619E-92 3.923E-07.00110.00131997.5912-.040.000018              2              1                    Q 27m     582220 3 3 2 3 2 2   165.0  165.0
451 2191.093337 2.329E-93 1.379E-08.00130.00131997.59120.650.000171              2              1                    Q 27q     482220 3 3 1 2 1 1   165.0  165.0
451 2195.497745 8.268E-85 5.035E-08.00150.00227881.6697-.160.000021              9              8                    Q  5m     582220 3 3 2 3 2 2    33.0   33.0
451 2195.497745 4.095E-85 2.494E-08.00130.00127881.66970.620.000149              9              8                    Q  5q     482220 3 3 1 2 1 1    33.0   33.0
451 2196.596073 4.170E-81 1.028E-06.00080.00127008.44840.690.000046              4              4                    S 17q     482220 3 3 1 2 1 1   117.0  105.0
451 2198.554791 7.625E-67 6.587E-07.00120.00119806.99550.650.000121              6              5                    O  5q     482220 3 3 1 2 1 1    21.0   33.0
451 2203.258252 1.696E-88 1.028E-06.00080.00130311.73580.690.000046              4              4                    S 20q     482220 3 3 1 2 1 1    45.0   41.0
451 2209.570359 7.308E-84 1.059E-06.00080.00128102.16560.690.000047              4              4                    S 18q     482220 3 3 1 2 1 1    41.0   37.0
451 2209.677852 3.994E-85 1.734E-07.00150.00128190.0306-.120.000021              8              7                    Q 10m     582220 3 3 2 3 2 2    21.0   21.0
451 2209.677852 5.956E-86 2.584E-08.00130.00128190.03060.640.000161              8              7                    Q 10q     482220 3 3 1 2 1 1    21.0   21.0
451 2211.831290 1.079E-85 1.060E-06.00080.00129205.04440.690.000045              4              4                    S 19q     482220 3 3 1 2 1 1   129.0  117.0
451 2217.352416 6.088E-89 7.678E-10.00390.00429273.58570.670.000226              3              1                    O 25q     482220 3 3 1 2 1 1   141.0  153.0
451 2218.862737 8.468E-89 4.830E-07.00110.00130296.1314-.080.000018              4              3                    Q 22m     582220 3 3 2 3 2 2    45.0   45.0
451 2218.862737 3.948E-90 2.251E-08.00140.00130296.13140.640.000172              4              3                    Q 22q     482220 3 3 1 2 1 1    45.0   45.0
451 2220.730444 5.376E-93 2.407E-07.00120.00132422.4768-.020.000018              1              0                    Q 29m     582220 3 3 2 3 2 2   177.0  177.0
451 2220.730444 2.002E-94 8.953E-09.00130.00132422.47680.650.000169              1              0                    Q 29q     682220 3 3 1 2 1 1   177.0  177.0
451 2227.970326 7.916E-85 3.432E-08.00210.00227538.4490-.170.000019              9              8                    Q  4m     582220 3 3 2 3 2 2     9.0    9.0
451 2227.970326 6.709E-85 2.909E-08.00180.00227538.44900.630.000143              9              8                    Q  4q     482220 3 3 1 2 1 1     9.0    9.0
451 2234.397501 1.464E-57 9.172E-07.00080.00115537.17360.700.000033              2              2                    S 12q     482220 3 3 1 2 1 1    29.0   25.0
451 2237.098126 3.173E-90 2.413E-08.00400.00430311.73580.670.000243              6              4                    O 20q     482220 3 3 1 2 1 1    37.0   41.0
451 2242.670208 8.443E-69 1.071E-06.00080.00120918.19810.700.000037              3              3                    S 14q     482220 3 3 1 2 1 1    33.0   29.0
451 2253.546217 1.844E-42 3.339E-07.00110.001 8007.58220.680.000099              2              1                    O  8q     482220 3 3 1 2 1 1    13.0   17.0
451 2253.951820 4.286E-84 2.095E-08.00250.00327258.9121-.140.000018              9              8                    Q  3m     582220 3 3 2 3 2 2    21.0   21.0
451 2253.951820 6.816E-84 3.331E-08.00210.00227258.91210.590.000128              9              8                    Q  3q     482220 3 3 1 2 1 1    21.0   21.0
451 2261.328149 3.909E-86 4.430E-07.00110.00129205.0444-.070.000020              5              4                    Q 19m     582220 3 3 2 3 2 2   117.0  117.0
451 2261.328149 2.529E-87 2.865E-08.00130.00129205.04440.630.000181              5              4                    Q 19q     482220 3 3 1 2 1 1   117.0  117.0
451 2262.525296 3.468E-84 2.715E-07.00130.00128105.6364-.120.000020              7              6                    Q 13m     582220 3 3 2 3 2 2    81.0   81.0
451 2262.525296 4.013E-85 3.140E-08.00130.00128105.63640.640.000167              7              6                    Q 13q     482220 3 3 1 2 1 1    81.0   81.0
451 2264.179696 1.972E-47 8.413E-07.00080.00110926.97290.700.000029              1              1                    S 11q     582220 3 3 1 2 1 1    81.0   69.0
451 2266.015972 4.903E-89 4.615E-07.00110.00130408.0258-.030.000018              3              2                    Q 24m     582220 3 3 2 3 2 2    49.0   49.0
451 2266.015972 2.449E-90 2.304E-08.00130.00130408.02580.650.000170              3              2                    Q 24q     482220 3 3 1 2 1 1    49.0   49.0
451 2267.681181 1.097E-37 7.025E-07.00090.001 6030.92030.700.000043              0              0                    S 10q     582220 3 3 1 2 1 1    25.0   21.0
451 2270.089378 2.099E-83 1.474E-07.00140.00127535.9504-.120.000021              8              7                    Q  9m     582220 3 3 2 3 2 2    57.0   57.0
451 2270.089378 4.721E-84 3.314E-08.00130.00127535.95040.640.000159              8              7                    Q  9q     482220 3 3 1 2 1 1    57.0   57.0
451 2273.445582 1.427E-84 1.060E-08.00170.00227046.2970-.000.000015              9              8                    Q  2m     582220 3 3 2 3 2 2     5.0    5.0
451 2273.445582 5.204E-84 3.866E-08.00120.00127046.29700.410.000121              9              8                    Q  2q     482220 3 3 1 2 1 1     5.0    5.0
451 2277.608378 3.386E-85 3.669E-07.00120.00128458.8178-.090.000020              6              5                    Q 16m     582220 3 3 2 3 2 2    33.0   33.0
451 2277.608378 2.966E-86 3.213E-08.00140.00128458.81780.630.000170              6              5                    Q 16q     482220 3 3 1 2 1 1    33.0   33.0
451 2286.447060 1.712E-84 3.564E-09.00180.00226903.11700.030.000011              9              8                    Q  1m     582220 3 3 2 3 2 2     9.0    9.0
451 2286.447060 2.740E-83 5.703E-08.00070.00126903.11700.430.000121              9              8                    Q  1q     482220 3 3 1 2 1 1     9.0    9.0
451 2296.138996 1.360E-70 1.231E-06.00080.00122024.77160.700.000038              3              3                    S 15q     482220 3 3 1 2 1 1   105.0   93.0
451 2297.900638 5.263E-88 3.675E-09.00400.00429118.97510.670.000239              4              2                    O 23q     482220 3 3 1 2 1 1   129.0  141.0
451 2304.179031 1.359E-89 3.837E-07.00120.00130643.3458-.070.000018              2              1                    Q 26m     582220 3 3 2 3 2 2    53.0   53.0
451 2304.179031 7.126E-91 2.011E-08.00130.00130643.34580.650.000169              2              1                    Q 26q     482220 3 3 1 2 1 1    53.0   53.0
451 2309.587094 5.446E-78 9.769E-07.00130.00124521.50350.620.000082              8              7                    O  2q     482220 3 3 1 2 1 1     1.0    5.0
451 2309.650488 4.270E-48 5.349E-07.00120.00110955.61770.680.000107              3              2                    O  7q     482220 3 3 1 2 1 1    33.0   45.0
451 2314.327201 4.740E-88 6.053E-11.00390.00428093.69870.670.000215              2              0                    O 26q     482220 3 3 1 2 1 1    49.0   53.0
451 2318.211706 2.649E-59 1.140E-06.00080.00116631.91060.700.000033              2              2                    S 13q     482220 3 3 1 2 1 1    93.0   81.0
451 2322.231560 7.337E-86 4.651E-07.00110.00129094.6441-.080.000019              4              3                    Q 21m     582220 3 3 2 3 2 2   129.0  129.0
451 2322.231560 5.108E-87 3.236E-08.00130.00129094.64410.640.000173              4              3                    Q 21q     482220 3 3 1 2 1 1   129.0  129.0
451 2324.436854 9.495E-83 1.218E-07.00140.00126927.5317-.140.000021              8              7                    Q  8m     582220 3 3 2 3 2 2    17.0   17.0
451 2324.436854 3.193E-83 4.094E-08.00130.00126927.53170.640.000157              8              7                    Q  8q     482220 3 3 1 2 1 1    17.0   17.0
451 2334.758779 1.559E-90 2.351E-07.00120.00130997.5213-.020.000018              1              0                    Q 28m     582220 3 3 2 3 2 2    57.0   57.0
451 2334.758779 8.473E-92 1.277E-08.00130.00130997.52130.650.000167              1              0                    Q 28q     682220 3 3 1 2 1 1    57.0   57.0
451 2335.842334 5.057E-83 2.426E-07.00130.00127276.2481-.110.000020              7              6                    Q 12m     582220 3 3 2 3 2 2    25.0   25.0
451 2335.842334 8.618E-84 4.133E-08.00130.00127276.24810.640.000165              7              6                    Q 12q     482220 3 3 1 2 1 1    25.0   25.0
451 2338.621854 2.067E-73 1.379E-06.00080.00123160.86820.700.000038              3              3                    S 16q     482220 3 3 1 2 1 1    37.0   33.0
451 2349.261594 2.431E-90 1.521E-06.00080.00131490.93800.690.000048              3              3                    S 23q     482220 3 3 1 2 1 1   153.0  141.0
451 2351.589461 1.239E-54 7.208E-07.00120.00113839.11330.670.000115              4              3                    O  6q     482220 3 3 1 2 1 1     9.0   13.0
451 2355.814040 2.291E-84 4.186E-07.00100.00128102.1656-.080.000019              5              4                    Q 18m     582220 3 3 2 3 2 2    37.0   37.0
451 2355.814040 2.183E-85 3.987E-08.00140.00128102.16560.630.000174              5              4                    Q 18q     482220 3 3 1 2 1 1    37.0   37.0
451 2360.523071 8.654E-72 8.801E-07.00200.00222005.55020.660.000090              7              6                    O  3q     482220 3 3 1 2 1 1     9.0   21.0
451 2362.181917 9.559E-83 3.387E-07.00120.00127479.5142-.110.000020              6              5                    Q 15m     582220 3 3 2 3 2 2    93.0   93.0
451 2362.181917 1.226E-83 4.343E-08.00130.00127479.51420.640.000168              6              5                    Q 15q     482220 3 3 1 2 1 1    93.0   93.0
451 2367.611307 3.917E-50 1.096E-06.00080.00112031.60910.700.000030              1              1                    S 12q     582220 3 3 1 2 1 1    29.0   25.0
451 2370.447912 2.470E-75 1.505E-06.00080.00124320.91050.700.000043              3              3                    S 17q     482220 3 3 1 2 1 1   117.0  105.0
451 2371.728420 1.686E-87 1.229E-08.00410.00429094.64410.660.000254              5              3                    O 21q     482220 3 3 1 2 1 1   117.0  129.0
451 2371.963030 6.538E-86 4.453E-07.00110.00129118.9751-.040.000018              3              2                    Q 23m     582220 3 3 2 3 2 2   141.0  141.0
451 2371.963030 4.773E-87 3.248E-08.00130.00129118.97510.650.000169              3              2                    Q 23q     482220 3 3 1 2 1 1   141.0  141.0
451 2372.793123 2.891E-81 9.726E-08.00140.00126370.3002-.130.000021              8              7                    Q  7m     582220 3 3 2 3 2 2    45.0   45.0
451 2372.793123 1.457E-81 4.901E-08.00130.00126370.30020.640.000156              8              7                    Q  7q     482220 3 3 1 2 1 1    45.0   45.0
451 2376.535593 3.919E-60 8.547E-07.00120.00116649.46880.650.000121              5              4                    O  5q     482220 3 3 1 2 1 1    21.0   33.0
451 2377.910299 2.697E-88 1.622E-06.00080.00130296.13140.690.000048              3              3                    S 22q     482220 3 3 1 2 1 1    49.0   45.0
451 2380.978463 1.731E-66 9.065E-07.00170.00219376.02850.650.000111              6              5                    O  4q     482220 3 3 1 2 1 1     5.0    9.0
451 2390.139880 4.182E-62 1.372E-06.00080.00117771.57110.700.000034              2              2                    S 14q     482220 3 3 1 2 1 1    33.0   29.0
451 2391.728142 2.074E-39 9.627E-07.00090.001 7132.06350.690.000046              0              0                    S 11q     582220 3 3 1 2 1 1    81.0   69.0
451 2391.918909 2.944E-78 1.603E-06.00080.00125499.49000.690.000040              3              3                    S 18q     482220 3 3 1 2 1 1    41.0   37.0
451 2396.293952 2.721E-85 1.679E-06.00080.00129094.64410.690.000042              3              3                    S 21q     482220 3 3 1 2 1 1   141.0  129.0
451 2402.445708 2.401E-34 2.205E-07.00110.001 4051.94300.680.000093              1              0                    O  8q     682220 3 3 1 2 1 1    13.0   17.0
451 2403.285829 2.910E-80 1.668E-06.00080.00126691.35840.690.000045              3              3                    S 19q     482220 3 3 1 2 1 1   129.0  117.0
451 2403.514059 5.524E-81 2.125E-07.00130.00126480.5263-.130.000020              7              6                    Q 11m     582220 3 3 2 3 2 2    69.0   69.0
451 2403.514059 1.362E-81 5.237E-08.00130.00126480.52630.640.000163              7              6                    Q 11q     482220 3 3 1 2 1 1    69.0   69.0
451 2403.831536 1.446E-86 8.151E-10.00390.00427892.30000.670.000226              3              1                    O 24q     482220 3 3 1 2 1 1    45.0   49.0
451 2404.722667 3.016E-83 1.694E-06.00080.00127891.40880.690.000041              3              3                    S 20q     482220 3 3 1 2 1 1    45.0   41.0
451 2412.138660 2.693E-86 3.706E-07.00110.00129273.5857-.040.000018              2              1                    Q 25m     582220 3 3 2 3 2 2   153.0  153.0
451 2412.138660 2.026E-87 2.786E-08.00130.00129273.58570.650.000166              2              1                    Q 25q     482220 3 3 1 2 1 1   153.0  153.0
451 2415.185391 7.046E-81 7.453E-08.00140.00125869.5096-.170.000020              8              7                    Q  6m     582220 3 3 2 3 2 2    13.0   13.0
451 2415.185391 5.399E-81 5.709E-08.00130.00125869.50960.640.000149              8              7                    Q  6q     482220 3 3 1 2 1 1    13.0   13.0
451 2420.327153 7.069E-84 4.417E-07.00110.00127891.4088-.070.000018              4              3                    Q 20m     582220 3 3 2 3 2 2    41.0   41.0
451 2420.327153 7.091E-85 4.428E-08.00130.00127891.40880.640.000168              4              3                    Q 20q     482220 3 3 1 2 1 1    41.0   41.0
451 2435.839253 2.232E-87 3.268E-08.00400.00429205.04440.670.000267              6              4                    O 19q     482220 3 3 1 2 1 1   105.0  117.0
451 2441.411966 2.670E-81 3.076E-07.00120.00126521.3570-.100.000019              6              5                    Q 14m     582220 3 3 2 3 2 2    29.0   29.0
451 2441.411966 4.899E-82 5.641E-08.00130.00126521.35700.640.000167              6              5                    Q 14q     482220 3 3 1 2 1 1    29.0   29.0
451 2444.158440 4.448E-87 2.271E-07.00120.00129553.4332-.020.000018              1              0                    Q 27m     582220 3 3 2 3 2 2   165.0  165.0
451 2444.158440 3.410E-88 1.740E-08.00130.00129553.43320.650.000165              1              0                    Q 27q     682220 3 3 1 2 1 1   165.0  165.0
451 2445.095296 1.145E-81 3.899E-07.00100.00127008.4484-.100.000019              5              4                    Q 17m     582220 3 3 2 3 2 2   105.0  105.0
451 2445.095296 1.560E-82 5.309E-08.00140.00127008.44840.630.000175              5              4                    Q 17q     482220 3 3 1 2 1 1   105.0  105.0
451 2450.562314 4.820E-64 1.607E-06.00080.00118950.12220.700.000039              2              2                    S 15q     482220 3 3 1 2 1 1   105.0   93.0
451 2451.609585 1.068E-79 5.417E-08.00140.00125430.0601-.160.000019              8              7                    Q  5m     582220 3 3 2 3 2 2    33.0   33.0
451 2451.609585 1.282E-79 6.502E-08.00130.00125430.06010.620.000149              8              7                    Q  5q     482220 3 3 1 2 1 1    33.0   33.0
451 2458.441129 5.230E-52 1.380E-06.00080.00113191.15250.700.000030              1              1                    S 13q     582220 3 3 1 2 1 1    93.0   81.0
451 2465.671858 5.408E-80 1.823E-07.00130.00125724.3588-.120.000020              7              6                    Q 10m     582220 3 3 2 3 2 2    21.0   21.0
451 2465.671858 1.908E-80 6.429E-08.00130.00125724.35880.640.000161              7              6                    Q 10q     482220 3 3 1 2 1 1    21.0   21.0
451 2466.671597 3.046E-40 4.834E-07.00110.001 7187.52560.680.000102              2              1                    O  7q     482220 3 3 1 2 1 1    33.0   45.0
451 2473.087466 9.955E-84 4.244E-07.00110.00127823.0440-.060.000018              3              2                    Q 22m     582220 3 3 2 3 2 2    45.0   45.0
451 2473.087466 1.028E-84 4.381E-08.00130.00127823.04400.650.000167              3              2                    Q 22q     482220 3 3 1 2 1 1    45.0   45.0
451 2482.041972 1.181E-79 3.662E-08.00190.00225056.4070-.160.000018              8              7                    Q  4m     582220 3 3 2 3 2 2     9.0    9.0
451 2482.041972 2.347E-79 7.275E-08.00180.00225056.40700.630.000143              8              7                    Q  4q     482220 3 3 1 2 1 1     9.0    9.0
451 2486.093901 1.269E-87 7.312E-08.00400.00429453.54360.670.000248              7              5                    O 17q     482220 3 3 1 2 1 1    93.0  105.0
451 2488.651952 6.416E-84 2.007E-08.00090.00126831.09060.370.000155              9              8                    S  0q     482220 3 3 1 2 1 1     5.0    1.0
451 2488.691952 9.329E-86 4.418E-09.00400.00427823.04400.670.000238              4              2                    O 22q     482220 3 3 1 2 1 1    41.0   45.0
451 2497.129356 1.070E-84 4.319E-11.00390.00426621.84590.680.000214              2              0                    O 25q     482220 3 3 1 2 1 1   141.0  153.0
451 2499.891103 5.161E-67 1.835E-06.00080.00120161.71090.700.000035              2              2                    S 16q     482220 3 3 1 2 1 1    37.0   33.0
451 2502.410681 3.081E-42 1.269E-06.00090.001 8298.60140.690.000049              0              0                    S 12q     582220 3 3 1 2 1 1    29.0   25.0
451 2502.960307 1.366E-90 2.319E-06.00080.00131685.72430.690.000041              2              2                    S 25q     482220 3 3 1 2 1 1   165.0  153.0
451 2506.448687 7.180E-79 2.220E-08.00220.00224752.4634-.120.000016              8              7                    Q  3m     582220 3 3 2 3 2 2    21.0   21.0
451 2506.448687 2.612E-78 8.073E-08.00210.00224752.46340.590.000128              8              7                    Q  3q     482220 3 3 1 2 1 1    21.0   21.0
451 2513.686099 5.989E-81 4.143E-07.00110.00126691.3584-.070.000018              4              3                    Q 19m     582220 3 3 2 3 2 2   117.0  117.0
451 2513.686099 8.425E-82 5.824E-08.00130.00126691.35840.640.000168              4              3                    Q 19q     482220 3 3 1 2 1 1   117.0  117.0
451 2515.524645 5.804E-79 2.749E-07.00120.00125590.1118-.100.000019              6              5                    Q 13m     582220 3 3 2 3 2 2    81.0   81.0
451 2515.524645 1.497E-79 7.087E-08.00130.00125590.11180.640.000167              6              5                    Q 13q     482220 3 3 1 2 1 1    81.0   81.0
451 2515.725862 6.243E-84 3.542E-07.00110.00127892.3000-.040.000018              2              1                    Q 24m     582220 3 3 2 3 2 2    49.0   49.0
451 2515.725862 6.541E-85 3.708E-08.00130.00127892.30000.650.000164              2              1                    Q 24q     482220 3 3 1 2 1 1    49.0   49.0
451 2517.686924 4.062E-47 7.579E-07.00120.00110261.12850.680.000106              3              2                    O  6q     482220 3 3 1 2 1 1     9.0   13.0
451 2522.378977 3.721E-78 1.528E-07.00130.00125013.5715-.120.000020              7              6                    Q  9m     582220 3 3 2 3 2 2    57.0   57.0
451 2522.378977 1.872E-78 7.681E-08.00130.00125013.57150.640.000159              7              6                    Q  9q     482220 3 3 1 2 1 1    57.0   57.0
451 2524.793464 2.609E-79 1.119E-08.00150.00224521.5035-.000.000015              8              7                    Q  2m     582220 3 3 2 3 2 2     5.0    5.0
451 2524.793464 2.137E-78 9.160E-08.00120.00124521.50350.410.000121              8              7                    Q  2q     482220 3 3 1 2 1 1     5.0    5.0
451 2529.531123 5.860E-80 3.583E-07.00100.00125929.2868-.090.000019              5              4                    Q 16m     582220 3 3 2 3 2 2    33.0   33.0
451 2529.531123 1.117E-80 6.823E-08.00140.00125929.28680.630.000170              5              4                    Q 16q     482220 3 3 1 2 1 1    33.0   33.0
451 2530.908518 5.342E-72 1.679E-06.00130.00121757.00690.620.000082              7              6                    O  2q     482220 3 3 1 2 1 1     1.0    5.0
451 2537.034947 5.995E-55 1.685E-06.00080.00114399.22040.700.000031              1              1                    S 14q     582220 3 3 1 2 1 1    33.0   29.0
451 2537.043765 3.316E-79 3.748E-09.00160.00224366.07320.020.000011              8              7                    Q  1m     582220 3 3 2 3 2 2     9.0    9.0
451 2537.043765 1.179E-77 1.332E-07.00070.00124366.07320.430.000121              8              7                    Q  1q     482220 3 3 1 2 1 1     9.0    9.0
451 2538.549021 4.279E-69 2.046E-06.00080.00121400.68450.700.000036              2              2                    S 17q     482220 3 3 1 2 1 1   117.0  105.0
451 2539.499063 2.256E-88 2.463E-06.00080.00130408.02580.700.000040              2              2                    S 24q     482220 3 3 1 2 1 1    53.0   49.0
451 2549.647489 1.517E-84 2.175E-07.00120.00128093.6987-.020.000017              1              0                    Q 26m     582220 3 3 2 3 2 2    53.0   53.0
451 2549.647489 1.596E-85 2.288E-08.00130.00128093.69870.650.000160              1              0                    Q 26q     682220 3 3 1 2 1 1    53.0   53.0
451 2553.019810 5.552E-53 1.003E-06.00120.00113265.26810.660.000116              4              3                    O  5q     482220 3 3 1 2 1 1    21.0   33.0
451 2563.819293 2.093E-65 1.289E-06.00200.00219026.00430.660.000090              6              5                    O  3q     482220 3 3 1 2 1 1     9.0   21.0
451 2566.570833 2.031E-85 1.580E-08.00400.00427891.40880.660.000253              5              3                    O 20q     482220 3 3 1 2 1 1    37.0   41.0
451 2566.749275 3.477E-85 2.554E-06.00080.00129118.97510.700.000045              2              2                    S 23q     482220 3 3 1 2 1 1   153.0  141.0
451 2566.950391 3.487E-72 2.233E-06.00080.00122661.60190.700.000041              2              2                    S 18q     482220 3 3 1 2 1 1    41.0   37.0
451 2569.641008 1.024E-59 1.179E-06.00170.00216190.70270.650.000111              5              4                    O  4q     482220 3 3 1 2 1 1     5.0    9.0
451 2569.927642 1.372E-80 4.002E-07.00110.00126524.7166-.040.000018              3              2                    Q 21m     582220 3 3 2 3 2 2   129.0  129.0
451 2569.927642 1.955E-81 5.701E-08.00130.00126524.71660.650.000165              3              2                    Q 21q     482220 3 3 1 2 1 1   129.0  129.0
451 2573.648107 2.148E-77 1.247E-07.00130.00124353.8836-.120.000019              7              6                    Q  8m     582220 3 3 2 3 2 2    17.0   17.0
451 2573.648107 1.545E-77 8.961E-08.00130.00124353.88360.640.000157              7              6                    Q  8q     482220 3 3 1 2 1 1    17.0   17.0
451 2584.651985 1.177E-77 2.418E-07.00120.00124691.5962-.100.000019              6              5                    Q 12m     582220 3 3 2 3 2 2    25.0   25.0
451 2584.651985 4.215E-78 8.659E-08.00130.00124691.59620.640.000165              6              5                    Q 12q     482220 3 3 1 2 1 1    25.0   25.0
451 2584.981793 6.055E-83 2.589E-06.00080.00127823.04400.700.000039              2              2                    S 22q     482220 3 3 1 2 1 1    49.0   45.0
451 2585.483254 2.322E-74 2.388E-06.00080.00123939.23340.700.000037              2              2                    S 19q     482220 3 3 1 2 1 1   129.0  117.0
451 2591.141886 3.258E-83 8.709E-10.00390.00426503.50240.670.000226              3              1                    O 23q     482220 3 3 1 2 1 1   129.0  141.0
451 2593.566422 2.164E-94 3.191E-06.00080.00133332.27960.700.000039              1              1                    S 28q     582220 3 3 1 2 1 1    61.0   57.0
451 2594.258564 9.457E-80 2.570E-06.00080.00126524.71660.700.000038              2              2                    S 21q     482220 3 3 1 2 1 1   141.0  129.0
451 2594.491925 1.600E-77 2.502E-06.00080.00125228.55220.700.000038              2              2                    S 20q     482220 3 3 1 2 1 1    45.0   41.0
451 2600.027482 3.022E-44 1.616E-06.00090.001 9523.79160.690.000053              0              0                    S 13q     582220 3 3 1 2 1 1    93.0   81.0
451 2602.675703 5.375E-79 3.841E-07.00110.00125499.4900-.070.000018              4              3                    Q 18m     582220 3 3 2 3 2 2    37.0   37.0
451 2602.675703 1.039E-79 7.420E-08.00130.00125499.49000.640.000166              4              3                    Q 18q     482220 3 3 1 2 1 1    37.0   37.0
451 2603.823523 4.936E-57 2.003E-06.00080.00115649.59370.700.000032              1              1                    S 15q     582220 3 3 1 2 1 1   105.0   93.0
451 2609.354724 2.423E-77 3.250E-07.00100.00124870.1597-.090.000018              5              4                    Q 15m     582220 3 3 2 3 2 2    93.0   93.0
451 2609.354724 6.351E-78 8.514E-08.00130.00124870.15970.640.000168              5              4                    Q 15q     482220 3 3 1 2 1 1    93.0   93.0
451 2609.746972 1.306E-83 1.518E-08.00240.00226903.11700.610.000174              9              8                    S  1q     482220 3 3 1 2 1 1    21.0    9.0
451 2615.472807 1.345E-80 3.354E-07.00110.00126503.5024-.040.000017              2              1                    Q 23m     582220 3 3 2 3 2 2   141.0  141.0
451 2615.472807 1.918E-81 4.779E-08.00130.00126503.50240.650.000162              2              1                    Q 23q     482220 3 3 1 2 1 1   141.0  141.0
451 2619.455406 8.137E-76 9.856E-08.00130.00123750.8449-.130.000019              7              6                    Q  7m     582220 3 3 2 3 2 2    45.0   45.0
451 2619.455406 8.457E-76 1.024E-07.00130.00123750.84490.640.000156              7              6                    Q  7q     482220 3 3 1 2 1 1    45.0   45.0
451 2626.451286 4.916E-32 3.181E-07.00110.001 3187.47050.680.000099              1              0                    O  7q     582220 3 3 1 2 1 1    33.0   45.0
451 2634.260626 1.712E-85 4.383E-08.00400.00428102.16560.670.000267              6              4                    O 18q     482220 3 3 1 2 1 1    33.0   37.0
451 2645.615661 4.285E-91 3.449E-06.00080.00131997.59120.700.000039              1              1                    S 27q     582220 3 3 1 2 1 1   177.0  165.0
451 2648.854182 1.747E-75 2.091E-07.00120.00123831.6723-.100.000019              6              5                    Q 11m     582220 3 3 2 3 2 2    69.0   69.0
451 2648.854182 8.635E-76 1.033E-07.00130.00123831.67230.640.000163              6              5                    Q 11q     482220 3 3 1 2 1 1    69.0   69.0
451 2651.740199 4.920E-81 2.066E-07.00120.00126621.8459-.030.000017              1              0                    Q 25m     582220 3 3 2 3 2 2   153.0  153.0
451 2651.740199 6.960E-82 2.921E-08.00130.00126621.84590.650.000161              1              0                    Q 25q     582220 3 3 1 2 1 1   153.0  153.0
451 2659.279169 3.719E-60 2.323E-06.00080.00116936.25540.700.000032              1              1                    S 16q     582220 3 3 1 2 1 1    37.0   33.0
451 2659.752085 2.404E-75 7.491E-08.00120.00123209.7576-.150.000019              7              6                    Q  6m     582220 3 3 2 3 2 2    13.0   13.0
451 2659.752085 3.689E-75 1.149E-07.00130.00123209.75760.640.000149              7              6                    Q  6q     482220 3 3 1 2 1 1    13.0   13.0
451 2662.856724 2.066E-78 3.737E-07.00110.00125228.5522-.050.000018              3              2                    Q 20m     582220 3 3 2 3 2 2    41.0   41.0
451 2662.856724 3.986E-79 7.206E-08.00130.00125228.55220.650.000163              3              2                    Q 20q     482220 3 3 1 2 1 1    41.0   41.0
451 2680.327912 1.533E-82 5.360E-09.00400.00426524.71660.670.000238              4              2                    O 21q     482220 3 3 1 2 1 1   117.0  129.0
451 2681.548105 2.601E-82 2.846E-11.00390.00425141.49610.670.000217              2              0                    O 24q     382220 3 3 1 2 1 1    45.0   49.0
451 2684.703516 9.712E-76 2.910E-07.00100.00123836.6536-.100.000018              5              4                    Q 14m     582220 3 3 2 3 2 2    29.0   29.0
451 2684.703516 3.459E-76 1.036E-07.00130.00123836.65360.640.000167              5              4                    Q 14q     482220 3 3 1 2 1 1    29.0   29.0
451 2684.977572 2.502E-47 1.998E-06.00090.00110801.01210.690.000056              0              0                    S 14q     582220 3 3 1 2 1 1    33.0   29.0
451 2685.508944 3.496E-39 6.833E-07.00120.001 6454.38870.680.000106              2              1                    O  6q     482220 3 3 1 2 1 1     9.0   13.0
451 2687.291370 5.874E-86 1.008E-07.00400.00428458.81780.670.000266              7              5                    O 16q     482220 3 3 1 2 1 1    29.0   33.0
451 2687.537938 4.036E-76 3.523E-07.00100.00124320.9105-.080.000018              4              3                    Q 17m     582220 3 3 2 3 2 2   105.0  105.0
451 2687.537938 1.055E-76 9.202E-08.00130.00124320.91050.650.000164              4              3                    Q 17q     482220 3 3 1 2 1 1   105.0  105.0
451 2688.934026 1.019E-88 3.641E-06.00080.00130643.34580.700.000038              1              1                    S 26q     582220 3 3 1 2 1 1    57.0   53.0
451 2694.474246 4.304E-74 5.408E-08.00120.00122735.5860-.160.000018              7              6                    Q  5m     582220 3 3 2 3 2 2    33.0   33.0
451 2694.474246 1.011E-73 1.270E-07.00130.00122735.58600.620.000149              7              6                    Q  5q     482220 3 3 1 2 1 1    33.0   33.0
451 2703.895122 2.140E-62 2.636E-06.00080.00118253.41720.700.000033              1              1                    S 17q     582220 3 3 1 2 1 1   117.0  105.0
451 2708.136386 2.272E-74 1.774E-07.00110.00123016.2225-.120.000019              6              5                    Q 10m     582220 3 3 2 3 2 2    21.0   21.0
451 2708.136386 1.546E-74 1.206E-07.00130.00123016.22250.640.000161              6              5                    Q 10q     482220 3 3 1 2 1 1    21.0   21.0
451 2711.753702 3.257E-78 3.149E-07.00110.00125111.2905-.040.000017              2              1                    Q 22m     582220 3 3 2 3 2 2    45.0   45.0
451 2711.753702 6.208E-79 5.997E-08.00130.00125111.29050.650.000160              2              1                    Q 22q     482220 3 3 1 2 1 1    45.0   45.0
451 2719.349791 8.360E-87 1.974E-07.00410.00428962.76890.670.000253              8              6                    O 14q     482220 3 3 1 2 1 1    25.0   29.0
451 2720.122336 1.007E-84 5.950E-09.00230.00227046.29700.640.000165              9              8                    S  2q     482220 3 3 1 2 1 1     9.0    5.0
451 2723.551323 5.470E-74 3.636E-08.00160.00222332.8558-.170.000018              7              6                    Q  4m     582220 3 3 2 3 2 2     9.0    9.0
451 2723.551323 2.087E-73 1.387E-07.00180.00222332.85580.630.000143              7              6                    Q  4q     482220 3 3 1 2 1 1     9.0    9.0
451 2724.005694 2.316E-85 3.766E-06.00080.00129273.58570.700.000037              1              1                    S 25q     582220 3 3 1 2 1 1   165.0  153.0
451 2729.884673 2.142E-45 1.054E-06.00120.001 9654.19720.670.000111              3              2                    O  5q     482220 3 3 1 2 1 1    21.0   33.0
451 2738.167560 1.194E-65 2.931E-06.00080.00119595.53450.700.000033              1              1                    S 18q     582220 3 3 1 2 1 1    41.0   37.0
451 2745.436028 1.431E-65 2.499E-06.00130.00118760.34360.620.000082              6              5                    O  2q     482220 3 3 1 2 1 1     1.0    5.0
451 2746.913301 3.719E-73 2.196E-08.00190.00222005.5502-.120.000016              7              6                    Q  3m     582220 3 3 2 3 2 2    21.0   21.0
451 2746.913301 2.560E-72 1.511E-07.00210.00222005.55020.590.000128              7              6                    Q  3q     482220 3 3 1 2 1 1    21.0   21.0
451 2750.804239 1.841E-78 1.948E-07.00120.00125141.4961-.020.000017              1              0                    Q 24m     582220 3 3 2 3 2 2    49.0   49.0
451 2750.804239 3.443E-79 3.640E-08.00130.00125141.49610.650.000159              1              0                    Q 24q     582220 3 3 1 2 1 1    49.0   49.0
451 2751.045945 6.099E-83 3.823E-06.00080.00127892.30000.700.000037              1              1                    S 24q     582220 3 3 1 2 1 1    53.0   49.0
451 2752.125067 2.690E-75 3.457E-07.00110.00123939.2334-.060.000017              3              2                    Q 19m     582220 3 3 2 3 2 2   117.0  117.0
451 2752.125067 6.920E-76 8.888E-08.00130.00123939.23340.650.000161              3              2                    Q 19q     482220 3 3 1 2 1 1   117.0  117.0
451 2755.640479 2.968E-73 2.571E-07.00100.00122834.4714-.090.000018              5              4                    Q 13m     582220 3 3 2 3 2 2    81.0   81.0
451 2755.640479 1.425E-73 1.233E-07.00130.00122834.47140.640.000167              5              4                    Q 13q     482220 3 3 1 2 1 1    81.0   81.0
451 2756.928058 1.668E-52 1.387E-06.00170.00212778.81530.670.000110              4              3                    O  4q     482220 3 3 1 2 1 1     5.0    9.0
451 2757.733480 1.466E-49 2.406E-06.00090.00112123.81910.690.000060              0              0                    S 15q     582220 3 3 1 2 1 1   105.0   93.0
451 2758.381725 3.476E-78 5.715E-08.00090.00124287.91530.370.000155              8              7                    S  0q     482220 3 3 1 2 1 1     5.0    1.0
451 2762.185322 2.192E-82 2.039E-08.00410.00426691.35840.660.000253              5              3                    O 19q     482220 3 3 1 2 1 1   105.0  117.0
451 2762.462045 2.029E-72 1.473E-07.00110.00122251.1095-.110.000018              6              5                    Q  9m     582220 3 3 2 3 2 2    57.0   57.0
451 2762.462045 1.905E-72 1.382E-07.00130.00122251.10950.640.000159              6              5                    Q  9q     482220 3 3 1 2 1 1    57.0   57.0
451 2762.579861 5.373E-68 3.198E-06.00080.00120957.31230.700.000039              1              1                    S 19q     582220 3 3 1 2 1 1   129.0  117.0
451 2763.422541 1.395E-58 1.688E-06.00200.00215818.28780.660.000090              5              4                    O  3q     482220 3 3 1 2 1 1     9.0   21.0
451 2764.496779 1.470E-73 1.103E-08.00140.00121757.0069-.030.000014              7              6                    Q  2m     582220 3 3 2 3 2 2     5.0    5.0
451 2764.496779 2.256E-72 1.692E-07.00120.00121757.00690.410.000121              7              6                    Q  2q     482220 3 3 1 2 1 1     5.0    5.0
451 2768.418681 3.049E-74 3.197E-07.00100.00123160.8682-.080.000018              4              3                    Q 16m     582220 3 3 2 3 2 2    33.0   33.0
451 2768.418681 1.064E-74 1.115E-07.00130.00123160.86820.650.000163              4              3                    Q 16q     482220 3 3 1 2 1 1    33.0   33.0
451 2770.083460 1.481E-79 3.814E-06.00080.00126503.50240.700.000036              1              1                    S 23q     582220 3 3 1 2 1 1   153.0  141.0
451 2776.249866 1.977E-73 3.689E-09.00140.00121589.82350.010.000011              7              6                    Q  1m     582220 3 3 2 3 2 2     9.0    9.0
451 2776.249866 1.308E-71 2.439E-07.00070.00121589.82350.430.000121              7              6                    Q  1q     482220 3 3 1 2 1 1     9.0    9.0
451 2777.588594 2.470E-71 3.428E-06.00080.00122333.70200.700.000040              1              1                    S 20q     582220 3 3 1 2 1 1    45.0   41.0
451 2778.364537 7.684E-92 5.038E-06.00100.00132422.47680.670.000108              0              0                    S 29q     582220 3 3 1 2 1 1   189.0  177.0
451 2780.118501 8.579E-81 9.561E-10.00390.00425111.29050.670.000225              3              1                    O 22q     482220 3 3 1 2 1 1    41.0   45.0
451 2781.009661 4.011E-77 3.742E-06.00080.00125111.29050.700.000036              1              1                    S 22q     582220 3 3 1 2 1 1    49.0   45.0
451 2783.610508 9.621E-74 3.612E-06.00080.00123719.89200.700.000035              1              1                    S 21q     582220 3 3 1 2 1 1   141.0  129.0
451 2804.824733 7.035E-75 2.933E-07.00110.00123719.8920-.030.000017              2              1                    Q 21m     582220 3 3 2 3 2 2   129.0  129.0
451 2804.824733 1.766E-75 7.359E-08.00130.00123719.89200.650.000158              2              1                    Q 21q     482220 3 3 1 2 1 1   129.0  129.0
451 2811.763996 1.484E-71 1.193E-07.00110.00121542.1197-.120.000018              6              5                    Q  8m     582220 3 3 2 3 2 2    17.0   17.0
451 2811.763996 1.940E-71 1.558E-07.00130.00121542.11970.640.000157              6              5                    Q  8q     482220 3 3 1 2 1 1    17.0   17.0
451 2818.255325 3.182E-86 1.547E-10.00190.00227258.91210.640.000169              9              8                    S  3q     482220 3 3 1 2 1 1    33.0   21.0
451 2818.817246 7.743E-53 2.829E-06.00090.00113485.98970.690.000067              0              0                    S 16q     582220 3 3 1 2 1 1    37.0   33.0
451 2822.170046 8.288E-72 2.239E-07.00100.00121869.4262-.100.000018              5              4                    Q 12m     582220 3 3 2 3 2 2    25.0   25.0
451 2822.170046 5.336E-72 1.441E-07.00130.00121869.42620.640.000165              5              4                    Q 12q     482220 3 3 1 2 1 1    25.0   25.0
451 2827.268848 2.554E-89 5.273E-06.00100.00130997.52130.670.000104              0              0                    S 28q     582220 3 3 1 2 1 1    61.0   57.0
451 2833.247809 1.135E-82 5.859E-08.00400.00427008.44840.670.000248              6              4                    O 17q     482220 3 3 1 2 1 1    93.0  105.0
451 2837.888205 3.652E-73 3.170E-07.00110.00122661.6019-.070.000017              3              2                    Q 18m     582220 3 3 2 3 2 2    37.0   37.0
451 2837.888205 1.238E-73 1.074E-07.00130.00122661.60190.650.000159              3              2                    Q 18q     482220 3 3 1 2 1 1    37.0   37.0
451 2845.388102 1.827E-71 2.870E-07.00100.00122024.7716-.080.000017              4              3                    Q 15m     582220 3 3 2 3 2 2    93.0   93.0
451 2845.388102 8.444E-72 1.326E-07.00130.00122024.77160.650.000161              4              3                    Q 15q     482220 3 3 1 2 1 1    93.0   93.0
451 2847.096861 6.322E-75 1.825E-07.00110.00123656.4058-.030.000017              1              0                    Q 23m     582220 3 3 2 3 2 2   141.0  141.0
451 2847.096861 1.541E-75 4.444E-08.00130.00123656.40580.660.000157              1              0                    Q 23q     582220 3 3 1 2 1 1   141.0  141.0
451 2855.954046 6.954E-70 9.369E-08.00110.00120894.8909-.130.000018              6              5                    Q  7m     582220 3 3 2 3 2 2    45.0   45.0
451 2855.954046 1.285E-69 1.730E-07.00130.00120894.89090.640.000156              6              5                    Q  7q     482220 3 3 1 2 1 1    45.0   45.0
451 2856.482463 6.838E-31 4.490E-07.00110.001 2414.89700.680.000102              1              0                    O  6q     582220 3 3 1 2 1 1     9.0   13.0
451 2868.310924 5.617E-79 1.798E-11.00390.00423656.40580.670.000214              2              0                    O 23q     382220 3 3 1 2 1 1   129.0  141.0
451 2868.779482 3.082E-55 3.257E-06.00090.00114881.55250.690.000067              0              0                    S 17q     582220 3 3 1 2 1 1   117.0  105.0
451 2869.043657 8.281E-86 5.428E-06.00100.00129553.43320.670.000101              0              0                    S 27q     582220 3 3 1 2 1 1   177.0  165.0
451 2873.613517 2.842E-80 6.631E-09.00400.00425228.55220.670.000236              4              2                    O 20q     482220 3 3 1 2 1 1    37.0   41.0
451 2884.250587 1.660E-69 1.920E-07.00100.00120947.4217-.100.000018              5              4                    Q 11m     582220 3 3 2 3 2 2    69.0   69.0
451 2884.250587 1.431E-69 1.655E-07.00130.00120947.42170.640.000163              5              4                    Q 11q     482220 3 3 1 2 1 1    69.0   69.0
451 2888.647415 2.265E-83 1.377E-07.00400.00427479.51420.670.000251              7              5                    O 15q     482220 3 3 1 2 1 1    81.0   93.0
451 2892.838917 8.974E-78 5.649E-08.00240.00224366.07320.610.000174              8              7                    S  1q     482220 3 3 1 2 1 1    21.0    9.0
451 2894.850360 1.637E-72 2.711E-07.00110.00122333.7020-.040.000017              2              1                    Q 20m     582220 3 3 2 3 2 2    41.0   41.0
451 2894.850360 5.354E-73 8.859E-08.00130.00122333.70200.650.000156              2              1                    Q 20q     482220 3 3 1 2 1 1    41.0   41.0
451 2894.931453 2.479E-69 7.084E-08.00110.00120314.8263-.140.000018              6              5                    Q  6m     582220 3 3 2 3 2 2    13.0   13.0
451 2894.931453 6.639E-69 1.896E-07.00130.00120314.82630.640.000149              6              5                    Q  6q     482220 3 3 1 2 1 1    13.0   13.0
451 2902.760465 8.721E-86 4.443E-09.00140.00127538.44900.620.000183              9              8                    S  4q     582220 3 3 1 2 1 1    13.0    9.0
451 2903.822736 3.184E-83 5.503E-06.00100.00128093.69870.670.000097              0              0                    S 26q     582220 3 3 1 2 1 1    57.0   53.0
451 2908.181426 1.174E-58 3.677E-06.00090.00116304.80690.690.000070              0              0                    S 18q     582220 3 3 1 2 1 1    41.0   37.0
451 2908.780292 2.174E-37 9.499E-07.00120.001 5813.92170.680.000108              2              1                    O  5q     482220 3 3 1 2 1 1    21.0   33.0
451 2918.455610 1.042E-69 2.547E-07.00100.00120918.1981-.080.000017              4              3                    Q 14m     582220 3 3 2 3 2 2    29.0   29.0
451 2918.455610 6.336E-70 1.548E-07.00130.00120918.19810.650.000159              4              3                    Q 14q     482220 3 3 1 2 1 1    29.0   29.0
451 2920.226176 4.082E-70 2.880E-07.00110.00121400.6845-.050.000017              3              2                    Q 17m     582220 3 3 2 3 2 2   105.0  105.0
451 2920.226176 1.806E-70 1.274E-07.00130.00121400.68450.650.000157              3              2                    Q 17q     482220 3 3 1 2 1 1   105.0  105.0
451 2921.469624 1.783E-84 2.730E-07.00410.00428105.63640.660.000265              8              6                    O 13q     482220 3 3 1 2 1 1    69.0   81.0
451 2921.806229 5.607E-86 4.572E-07.00410.00428884.04040.660.000264              9              7                    O 11q     482220 3 3 1 2 1 1    57.0   69.0
451 2928.590529 5.218E-68 5.093E-08.00110.00119806.9955-.160.000017              6              5                    Q  5m     582220 3 3 2 3 2 2    33.0   33.0
451 2928.590529 2.107E-67 2.055E-07.00130.00119806.99550.620.000149              6              5                    Q  5q     482220 3 3 1 2 1 1    33.0   33.0
451 2931.587453 1.157E-79 5.501E-06.00100.00126621.84590.670.000094              0              0                    S 25q     582220 3 3 1 2 1 1   165.0  153.0
451 2937.579741 3.567E-61 4.078E-06.00090.00117750.33200.680.000073              0              0                    S 19q     582220 3 3 1 2 1 1   129.0  117.0
451 2940.788783 2.411E-72 1.698E-07.00110.00122170.5019-.030.000017              1              0                    Q 22m     582220 3 3 2 3 2 2    45.0   45.0
451 2940.788783 7.575E-73 5.331E-08.00130.00122170.50190.660.000155              1              0                    Q 22q     582220 3 3 1 2 1 1    45.0   45.0
451 2941.804711 2.849E-68 1.617E-07.00100.00120074.4178-.100.000017              5              4                    Q 10m     582220 3 3 2 3 2 2    21.0   21.0
451 2941.804711 3.299E-68 1.872E-07.00130.00120074.41780.640.000161              5              4                    Q 10q     482220 3 3 1 2 1 1    21.0   21.0
451 2944.799519 7.396E-45 1.460E-06.00170.002 9139.89760.680.000108              3              2                    O  4q     482220 3 3 1 2 1 1     5.0    9.0
451 2952.202695 4.815E-77 5.422E-06.00100.00125141.49610.680.000091              0              0                    S 24q     582220 3 3 1 2 1 1    53.0   49.0
451 2956.186470 1.049E-58 3.313E-06.00130.00115535.74330.620.000082              5              4                    O  2q     482220 3 3 1 2 1 1     1.0    5.0
451 2956.827421 7.600E-68 3.412E-08.00140.00119376.0285-.160.000017              6              5                    Q  4m     582220 3 3 2 3 2 2     9.0    9.0
451 2956.827421 4.925E-67 2.211E-07.00180.00219376.02850.630.000143              6              5                    Q  4q     482220 3 3 1 2 1 1     9.0    9.0
451 2957.513679 1.094E-64 4.448E-06.00090.00119212.98830.680.000077              0              0                    S 20q     582220 3 3 1 2 1 1    45.0   41.0
451 2959.327950 2.566E-80 2.656E-08.00400.00425499.49000.660.000253              5              3                    O 18q     482220 3 3 1 2 1 1    33.0   37.0
451 2961.728151 2.551E-51 1.996E-06.00200.00212384.08180.670.000095              4              3                    O  3q     482220 3 3 1 2 1 1     9.0   21.0
451 2965.440121 1.828E-73 5.271E-06.00100.00123656.40580.680.000087              0              0                    S 23q     582220 3 3 1 2 1 1   153.0  141.0
451 2968.494159 2.813E-67 4.776E-06.00090.00120687.91170.680.000080              0              0                    S 21q     582220 3 3 1 2 1 1   141.0  129.0
451 2970.994204 7.660E-71 5.053E-06.00090.00122170.50190.680.000088              0              0                    S 22q     582220 3 3 1 2 1 1    49.0   45.0
451 2971.466546 2.133E-77 1.100E-09.00400.00423719.89200.670.000227              3              1                    O 21q     382220 3 3 1 2 1 1   117.0  129.0
451 2972.397248 2.990E-85 2.447E-08.00150.00127881.66970.630.000192              9              8                    S  5q     582220 3 3 1 2 1 1    45.0   33.0
451 2979.546088 5.765E-67 2.055E-08.00170.00219026.0043-.120.000016              6              5                    Q  3m     582220 3 3 2 3 2 2    21.0   21.0
451 2979.546088 6.679E-66 2.380E-07.00210.00219026.00430.590.000128              6              5                    Q  3q     482220 3 3 1 2 1 1    21.0   21.0
451 2981.921337 3.251E-69 2.487E-07.00110.00120957.3123-.040.000017              2              1                    Q 19m     582220 3 3 2 3 2 2   117.0  117.0
451 2981.921337 1.371E-69 1.049E-07.00130.00120957.31230.650.000154              2              1                    Q 19q     482220 3 3 1 2 1 1   117.0  117.0
451 2987.581378 4.447E-67 2.234E-07.00100.00119846.8902-.080.000017              4              3                    Q 13m     582220 3 3 2 3 2 2    81.0   81.0
451 2987.581378 3.547E-67 1.781E-07.00130.00119846.89020.650.000157              4              3                    Q 13q     482220 3 3 1 2 1 1    81.0   81.0
451 2994.728216 3.284E-66 1.335E-07.00100.00119256.3814-.100.000017              5              4                    Q  9m     582220 3 3 2 3 2 2    57.0   57.0
451 2994.728216 5.140E-66 2.089E-07.00130.00119256.38140.640.000159              5              4                    Q  9q     482220 3 3 1 2 1 1    57.0   57.0
451 2996.663399 2.475E-67 1.030E-08.00120.00118760.3436-.020.000013              6              5                    Q  2m     582220 3 3 2 3 2 2     5.0    5.0
451 2996.663399 6.347E-66 2.641E-07.00120.00118760.34360.410.000121              6              5                    Q  2q     482220 3 3 1 2 1 1     5.0    5.0
451 2999.157454 4.517E-68 2.593E-07.00110.00120161.7109-.060.000017              3              2                    Q 16m     582220 3 3 2 3 2 2    33.0   33.0
451 2999.157454 2.592E-68 1.487E-07.00130.00120161.71090.650.000155              3              2                    Q 16q     482220 3 3 1 2 1 1    33.0   33.0
451 3008.113298 3.518E-67 3.441E-09.00120.00118581.7103-.000.000012              6              5                    Q  1m     582220 3 3 2 3 2 2     9.0    9.0
451 3008.113298 3.871E-65 3.785E-07.00070.00118581.71030.430.000121              6              5                    Q  1q     482220 3 3 1 2 1 1     9.0    9.0
451 3015.724150 4.419E-72 1.163E-07.00090.00121505.77950.370.000155              7              6                    S  0q     482220 3 3 1 2 1 1     5.0    1.0
451 3016.945474 1.173E-78 3.990E-08.00230.00224521.50350.640.000165              8              7                    S  2q     482220 3 3 1 2 1 1     9.0    5.0
451 3026.060548 4.017E-86 6.396E-08.00150.00128284.69500.620.000195              9              8                    S  6q     582220 3 3 1 2 1 1    17.0   13.0
451 3031.980512 8.105E-69 1.570E-07.00110.00120687.9117-.030.000016              1              0                    Q 21m     582220 3 3 2 3 2 2   129.0  129.0
451 3031.980512 3.253E-69 6.298E-08.00130.00120687.91170.660.000149              1              0                    Q 21q     582220 3 3 1 2 1 1   129.0  129.0
451 3033.482203 7.846E-81 7.846E-08.00400.00425929.28680.670.000266              6              4                    O 16q     482220 3 3 1 2 1 1    29.0   33.0
451 3042.898116 3.032E-65 1.076E-07.00100.00118499.2217-.110.000017              5              4                    Q  8m     582220 3 3 2 3 2 2    17.0   17.0
451 3042.898116 6.488E-65 2.301E-07.00130.00118499.22170.640.000157              5              4                    Q  8q     482220 3 3 1 2 1 1    17.0   17.0
451 3052.685730 1.701E-65 1.933E-07.00100.00118816.7407-.090.000017              4              3                    Q 12m     582220 3 3 2 3 2 2    25.0   25.0
451 3052.685730 1.778E-65 2.020E-07.00130.00118816.74070.650.000154              4              3                    Q 12q     482220 3 3 1 2 1 1    25.0   25.0
451 3058.050401 1.459E-76 1.219E-11.00390.00422170.50190.670.000215              2              0                    O 22q     382220 3 3 1 2 1 1    41.0   45.0
451 3066.067531 6.634E-67 2.265E-07.00110.00119595.5345-.050.000016              2              1                    Q 18m     582220 3 3 2 3 2 2    37.0   37.0
451 3066.067531 3.586E-67 1.223E-07.00130.00119595.53450.660.000152              2              1                    Q 18q     482220 3 3 1 2 1 1    37.0   37.0
451 3069.215093 4.734E-77 8.426E-09.00400.00423939.23340.660.000236              4              2                    O 19q     482220 3 3 1 2 1 1   105.0  117.0
451 3074.649494 3.901E-65 2.313E-07.00110.00118950.1222-.060.000016              3              2                    Q 15m     582220 3 3 2 3 2 2    93.0   93.0
451 3074.649494 2.888E-65 1.711E-07.00130.00118950.12220.650.000152              3              2                    Q 15q     482220 3 3 1 2 1 1    93.0   93.0
451 3086.180067 1.751E-63 8.419E-08.00100.00117808.7110-.110.000017              5              4                    Q  7m     582220 3 3 2 3 2 2    45.0   45.0
451 3086.180067 5.217E-63 2.507E-07.00130.00117808.71100.640.000156              5              4                    Q  7q     482220 3 3 1 2 1 1    45.0   45.0
451 3090.733465 8.748E-82 1.873E-07.00410.00426521.35700.670.000253              7              5                    O 14q     482220 3 3 1 2 1 1    25.0   29.0
451 3091.201926 5.031E-29 6.242E-07.00120.001 1740.18960.680.000100              1              0                    O  5q     582220 3 3 1 2 1 1    21.0   33.0
451 3113.657202 4.575E-63 1.649E-07.00100.00117833.7647-.090.000017              4              3                    Q 11m     582220 3 3 2 3 2 2    69.0   69.0
451 3113.657202 6.278E-63 2.262E-07.00130.00117833.76470.650.000152              4              3                    Q 11q     482220 3 3 1 2 1 1    69.0   69.0
451 3120.713868 2.902E-66 1.443E-07.00110.00119212.9883-.020.000016              1              0                    Q 20m     582220 3 3 2 3 2 2    41.0   41.0
451 3120.713868 1.477E-66 7.338E-08.00130.00119212.98830.660.000147              1              0                    Q 20q     582220 3 3 1 2 1 1    41.0   41.0
451 3120.724948 5.835E-85 6.238E-07.00410.00428190.03060.660.000265              9              7                    O 10q     482220 3 3 1 2 1 1    17.0   21.0
451 3123.460340 3.658E-83 3.734E-07.00410.00427276.24810.660.000265              8              6                    O 12q     482220 3 3 1 2 1 1    21.0   25.0
451 3124.435269 7.512E-63 6.344E-08.00090.00117190.3911-.150.000016              5              4                    Q  6m     582220 3 3 2 3 2 2    13.0   13.0
451 3124.435269 3.203E-62 2.703E-07.00130.00117190.39110.640.000149              5              4                    Q  6q     482220 3 3 1 2 1 1    13.0   13.0
451 3129.206268 6.191E-79 1.898E-08.00190.00224752.46340.640.000169              8              7                    S  3q     482220 3 3 1 2 1 1    33.0   21.0
451 3134.981460 8.645E-37 1.319E-06.00170.002 5271.37940.680.000107              2              1                    O  4q     482220 3 3 1 2 1 1     5.0    9.0
451 3146.627126 3.153E-63 2.041E-07.00100.00117771.5711-.070.000016              3              2                    Q 14m     582220 3 3 2 3 2 2    29.0   29.0
451 3146.627126 3.005E-63 1.944E-07.00130.00117771.57110.650.000150              3              2                    Q 14q     482220 3 3 1 2 1 1    29.0   29.0
451 3147.267444 1.099E-63 2.046E-07.00110.00118253.4172-.040.000016              2              1                    Q 17m     582220 3 3 2 3 2 2   105.0  105.0
451 3147.267444 7.573E-64 1.408E-07.00130.00118253.41720.660.000145              2              1                    Q 17q     482220 3 3 1 2 1 1   105.0  105.0
451 3157.526889 1.856E-61 4.548E-08.00090.00116649.4688-.150.000016              5              4                    Q  5m     582220 3 3 2 3 2 2    33.0   33.0
451 3157.526889 1.180E-60 2.891E-07.00130.00116649.46880.620.000149              5              4                    Q  5q     482220 3 3 1 2 1 1    33.0   33.0
451 3158.603830 2.578E-77 3.508E-08.00410.00424320.91050.660.000253              5              3                    O 17q     482220 3 3 1 2 1 1    93.0  105.0
451 3160.785880 1.270E-43 2.112E-06.00210.002 8722.70200.680.000092              3              2                    O  3q     482220 3 3 1 2 1 1     9.0   21.0
451 3162.640096 1.252E-71 1.298E-07.00240.00221589.82350.610.000174              7              6                    S  1q     482220 3 3 1 2 1 1    21.0    9.0
451 3165.668726 2.106E-51 3.955E-06.00140.00112084.69700.650.000091              4              3                    O  2q     482220 3 3 1 2 1 1     1.0    5.0
451 3165.788175 6.136E-75 1.345E-09.00400.00422333.70200.670.000228              3              1                    O 20q     382220 3 3 1 2 1 1    37.0   41.0
451 3170.359812 1.033E-61 1.383E-07.00100.00116904.0582-.100.000016              4              3                    Q 10m     582220 3 3 2 3 2 2    21.0   21.0
451 3170.359812 1.872E-61 2.504E-07.00130.00116904.05820.650.000150              4              3                    Q 10q     482220 3 3 1 2 1 1    21.0   21.0
451 3185.325944 3.092E-61 3.040E-08.00120.00116190.7027-.160.000016              5              4                    Q  4m     582220 3 3 2 3 2 2     9.0    9.0
451 3185.325944 3.131E-60 3.077E-07.00180.00216190.70270.630.000143              5              4                    Q  4q     482220 3 3 1 2 1 1     9.0    9.0
451 3206.980391 8.759E-63 1.317E-07.00110.00117750.3320-.020.000016              1              0                    Q 19m     582220 3 3 2 3 2 2   117.0  117.0
451 3206.980391 5.622E-63 8.447E-08.00130.00117750.33200.660.000145              1              0                    Q 19q     582220 3 3 1 2 1 1   117.0  117.0
451 3207.716546 2.614E-60 1.828E-08.00140.00115818.2878-.130.000015              5              4                    Q  3m     582220 3 3 2 3 2 2    21.0   21.0
451 3207.716546 4.700E-59 3.285E-07.00210.00215818.28780.590.000128              5              4                    Q  3q     482220 3 3 1 2 1 1    21.0   21.0
451 3214.979643 1.875E-60 1.782E-07.00100.00116631.9106-.070.000016              3              2                    Q 13m     582220 3 3 2 3 2 2    81.0   81.0
451 3214.979643 2.298E-60 2.183E-07.00130.00116631.91060.660.000145              3              2                    Q 13q     482220 3 3 1 2 1 1    81.0   81.0
451 3222.639874 1.535E-59 1.138E-07.00100.00116033.7417-.090.000016              4              3                    Q  9m     582220 3 3 2 3 2 2    57.0   57.0
451 3222.639874 3.701E-59 2.742E-07.00130.00116033.74170.650.000149              4              3                    Q  9q     482220 3 3 1 2 1 1    57.0   57.0
451 3224.600411 1.218E-60 9.154E-09.00100.00115535.7433-.040.000014              5              4                    Q  2m     582220 3 3 2 3 2 2     5.0    5.0
451 3224.600411 4.823E-59 3.623E-07.00120.00115535.74330.410.000121              5              4                    Q  2q     482220 3 3 1 2 1 1     5.0    5.0
451 3225.455608 1.778E-61 1.833E-07.00110.00116936.2554-.050.000016              2              1                    Q 16m     582220 3 3 2 3 2 2    33.0   33.0
451 3225.455608 1.555E-61 1.602E-07.00130.00116936.25540.660.000148              2              1                    Q 16q     482220 3 3 1 2 1 1    33.0   33.0
451 3228.287985 8.846E-81 3.211E-09.00140.00125056.40700.620.000183              8              7                    S  4q     482220 3 3 1 2 1 1    13.0    9.0
451 3235.476843 4.459E-78 1.055E-07.00400.00424870.15970.670.000251              6              4                    O 15q     482220 3 3 1 2 1 1    81.0   93.0
451 3235.900554 1.828E-60 3.054E-09.00100.00115345.8098-.020.000011              5              4                    Q  1m     582220 3 3 2 3 2 2     9.0    9.0
451 3235.900554 3.097E-58 5.172E-07.00070.00115345.80980.430.000121              5              4                    Q  1q     482220 3 3 1 2 1 1     9.0    9.0
451 3251.321853 4.507E-73 1.106E-11.00390.00420687.91170.670.000217              2              0                    O 21q     382220 3 3 1 2 1 1   117.0  129.0
451 3265.077340 1.439E-65 1.928E-07.00320.00318491.92960.670.000154              6              5                    S  0q     482220 3 3 1 2 1 1     5.0    1.0
451 3267.685033 8.559E-75 1.104E-08.00400.00422661.60190.660.000240              4              2                    O 18q     482220 3 3 1 2 1 1    33.0   37.0
451 3270.332523 1.786E-58 9.138E-08.00100.00115228.8893-.110.000016              4              3                    Q  8m     582220 3 3 2 3 2 2    17.0   17.0
451 3270.332523 5.812E-58 2.973E-07.00130.00115228.88930.650.000148              4              3                    Q  8q     482220 3 3 1 2 1 1    17.0   17.0
451 3279.567122 9.809E-59 1.536E-07.00100.00115537.1736-.080.000016              3              2                    Q 12m     582220 3 3 2 3 2 2    25.0   25.0
451 3279.567122 1.550E-58 2.426E-07.00130.00115537.17360.660.000146              3              2                    Q 12q     482220 3 3 1 2 1 1    25.0   25.0
451 3290.727734 2.686E-60 1.194E-07.00110.00116304.8069-.040.000015              1              0                    Q 18m     582220 3 3 2 3 2 2    37.0   37.0
451 3290.727734 2.164E-60 9.617E-08.00130.00116304.80690.660.000147              1              0                    Q 18q     582220 3 3 1 2 1 1    37.0   37.0
451 3293.928651 2.663E-79 2.538E-07.00410.00425590.11180.660.000265              7              5                    O 13q     482220 3 3 1 2 1 1    69.0   81.0
451 3299.400280 1.888E-72 1.121E-07.00230.00221757.00690.640.000165              7              6                    S  2q     482220 3 3 1 2 1 1     9.0    5.0
451 3300.528668 2.211E-58 1.628E-07.00110.00115649.5937-.050.000016              2              1                    Q 15m     582220 3 3 2 3 2 2    93.0   93.0
451 3300.528668 2.450E-58 1.803E-07.00130.00115649.59370.660.000142              2              1                    Q 15q     482220 3 3 1 2 1 1    93.0   93.0
451 3313.033223 2.352E-81 1.597E-09.00150.00125430.06010.630.000192              8              7                    S  5q     482220 3 3 1 2 1 1    45.0   33.0
451 3313.268037 1.270E-56 7.130E-08.00100.00114495.4431-.100.000016              4              3                    Q  7m     582220 3 3 2 3 2 2    45.0   45.0
451 3313.268037 5.693E-56 3.195E-07.00130.00114495.44310.650.000147              4              3                    Q  7q     482220 3 3 1 2 1 1    45.0   45.0
451 3318.116536 4.413E-83 8.384E-07.00410.00427535.95040.660.000266              9              7                    O  9q     482220 3 3 1 2 1 1    45.0   57.0
451 3325.513445 5.678E-81 5.060E-07.00410.00426480.52630.660.000264              8              6                    O 11q     482220 3 3 1 2 1 1    57.0   69.0
451 3329.040990 2.310E-28 8.681E-07.00170.002 1168.79750.680.000105              1              0                    O  4q     582220 3 3 1 2 1 1     5.0    9.0
451 3340.226357 3.541E-56 1.306E-07.00100.00114493.5384-.080.000015              3              2                    Q 11m     582220 3 3 2 3 2 2    69.0   69.0
451 3340.226357 7.240E-56 2.668E-07.00130.00114493.53840.660.000145              3              2                    Q 11q     482220 3 3 1 2 1 1    69.0   69.0
451 3351.277935 6.550E-56 5.361E-08.00100.00113839.1133-.130.000015              4              3                    Q  6m     582220 3 3 2 3 2 2    13.0   13.0
451 3351.277935 4.164E-55 3.406E-07.00130.00113839.11330.650.000140              4              3                    Q  6q     482220 3 3 1 2 1 1    13.0   13.0
451 3360.488919 2.676E-75 4.703E-08.00410.00423160.86820.660.000251              5              3                    O 16q     482220 3 3 1 2 1 1    29.0   33.0
451 3362.402883 1.668E-35 1.916E-06.00210.002 4831.39150.680.000101              2              1                    O  3q     482220 3 3 1 2 1 1     9.0   21.0
451 3363.598491 1.626E-71 1.763E-09.00390.00420957.31230.670.000225              3              1                    O 19q     382220 3 3 1 2 1 1   105.0  117.0
451 3371.864751 6.602E-57 1.075E-07.00110.00114881.5525-.040.000016              1              0                    Q 17m     582220 3 3 2 3 2 2   105.0  105.0
451 3371.864751 6.662E-57 1.084E-07.00130.00114881.55250.660.000145              1              0                    Q 17q     582220 3 3 1 2 1 1   105.0  105.0
451 3372.350692 2.533E-56 1.432E-07.00110.00114399.2204-.050.000015              2              1                    Q 14m     582220 3 3 2 3 2 2    29.0   29.0
451 3372.350692 3.555E-56 2.009E-07.00130.00114399.22040.660.000140              2              1                    Q 14q     482220 3 3 1 2 1 1    29.0   29.0
451 3376.030086 1.149E-43 4.216E-06.00140.001 8406.36090.670.000097              3              2                    O  2q     482220 3 3 1 2 1 1     1.0    5.0
451 3382.458903 1.389E-81 2.203E-08.00150.00125869.50960.620.000195              8              7                    S  6q     482220 3 3 1 2 1 1    17.0   13.0
451 3384.200763 1.898E-54 3.836E-08.00090.00113265.2681-.150.000015              4              3                    Q  5m     582220 3 3 2 3 2 2    33.0   33.0
451 3384.200763 1.786E-53 3.608E-07.00120.00113265.26810.650.000141              4              3                    Q  5q     482220 3 3 1 2 1 1    33.0   33.0
451 3396.776643 1.053E-54 1.092E-07.00100.00113507.2816-.080.000016              3              2                    Q 10m     582220 3 3 2 3 2 2    21.0   21.0
451 3396.776643 2.804E-54 2.908E-07.00130.00113507.28160.660.000139              3              2                    Q 10q     482220 3 3 1 2 1 1    21.0   21.0
451 3411.887460 3.618E-54 2.561E-08.00120.00112778.8153-.170.000015              4              3                    Q  4m     582220 3 3 2 3 2 2     9.0    9.0
451 3411.887460 5.385E-53 3.810E-07.00180.00212778.81530.650.000138              4              3                    Q  4q     482220 3 3 1 2 1 1     9.0    9.0
451 3423.840093 4.250E-65 2.307E-07.00190.00218581.71030.440.000167              6              5                    S  1q     482220 3 3 1 2 1 1    21.0    9.0
451 3424.509984 1.350E-72 7.880E-08.00190.00222005.55020.640.000169              7              6                    S  3q     482220 3 3 1 2 1 1    33.0   21.0
451 3434.206164 3.409E-53 1.538E-08.00150.00112384.0818-.150.000014              4              3                    Q  3m     582220 3 3 2 3 2 2    21.0   21.0
451 3434.206164 8.965E-52 4.043E-07.00210.00212384.08180.640.000131              4              3                    Q  3q     482220 3 3 1 2 1 1    21.0   21.0
451 3435.739575 1.259E-81 7.008E-08.00150.00226370.30020.620.000199              8              7                    S  7q     482220 3 3 1 2 1 1    57.0   45.0
451 3437.473965 3.763E-85 1.461E-06.00410.00428284.69500.650.000268             10              8                    O  6q     582220 3 3 1 2 1 1     9.0   13.0
451 3439.594647 2.501E-76 1.426E-07.00410.00423836.65360.670.000253              6              4                    O 14q     482220 3 3 1 2 1 1    25.0   29.0
451 3440.758108 2.100E-53 1.247E-07.00110.00113191.1525-.050.000015              2              1                    Q 13m     582220 3 3 2 3 2 2    81.0   81.0
451 3440.758108 3.738E-53 2.218E-07.00130.00113191.15250.660.000142              2              1                    Q 13q     482220 3 3 1 2 1 1    81.0   81.0
451 3448.613719 2.404E-70 1.616E-11.00390.00419212.98830.670.000217              2              0                    O 20q     382220 3 3 1 2 1 1    37.0   41.0
451 3449.025539 2.015E-52 8.960E-08.00100.00112584.7162-.080.000015              3              2                    Q  9m     582220 3 3 2 3 2 2    57.0   57.0
451 3449.025539 7.069E-52 3.141E-07.00130.00112584.71620.660.000137              3              2                    Q  9q     482220 3 3 1 2 1 1    57.0   57.0
451 3450.265811 1.563E-54 9.603E-08.00110.00113485.9897-.040.000015              1              0                    Q 16m     582220 3 3 2 3 2 2    33.0   33.0
451 3450.265811 1.972E-54 1.210E-07.00130.00113485.98970.660.000143              1              0                    Q 16q     582220 3 3 1 2 1 1    33.0   33.0
451 3451.046339 1.723E-53 7.695E-09.00100.00112084.6970-.070.000014              4              3                    Q  2m     582220 3 3 2 3 2 2     5.0    5.0
451 3451.046339 9.947E-52 4.439E-07.00140.00112084.69700.530.000121              4              3                    Q  2q     482220 3 3 1 2 1 1     5.0    5.0
451 3462.322129 2.733E-53 2.566E-09.00100.00111883.4878-.070.000012              4              3                    Q  1m     582220 3 3 2 3 2 2     9.0    9.0
451 3462.322129 6.731E-51 6.317E-07.00080.00111883.48780.530.000121              4              3                    Q  1q     482220 3 3 1 2 1 1     9.0    9.0
451 3469.475282 1.326E-71 1.490E-08.00400.00421400.68450.660.000240              4              2                    O 17q     382220 3 3 1 2 1 1    93.0  105.0
451 3472.176794 6.387E-83 1.479E-07.00150.00226927.53170.620.000202              8              7                    S  8q     482220 3 3 1 2 1 1    21.0   17.0
451 3474.342084 6.395E-86 5.188E-07.00160.00228884.04040.610.000215              8              7                    S 11q     582220 3 3 1 2 1 1    81.0   69.0
451 3491.155609 1.849E-83 2.536E-07.00150.00227535.95040.610.000207              8              7                    S  9q     482220 3 3 1 2 1 1    69.0   57.0
451 3492.088138 4.183E-85 3.808E-07.00160.00228190.03060.610.000211              8              7                    S 10q     482220 3 3 1 2 1 1    25.0   21.0
451 3496.774660 2.956E-51 7.183E-08.00100.00111732.1148-.080.000015              3              2                    Q  8m     582220 3 3 2 3 2 2    17.0   17.0
451 3496.774660 1.386E-50 3.367E-07.00130.00111732.11480.660.000140              3              2                    Q  8q     482220 3 3 1 2 1 1    17.0   17.0
451 3498.434473 7.658E-78 3.431E-07.00410.00424691.59620.660.000265              7              5                    O 12q     482220 3 3 1 2 1 1    21.0   25.0
451 3505.564517 1.506E-51 1.072E-07.00110.00112031.6091-.060.000015              2              1                    Q 12m     582220 3 3 2 3 2 2    25.0   25.0
451 3505.564517 3.410E-51 2.427E-07.00130.00112031.60910.660.000140              2              1                    Q 12q     482220 3 3 1 2 1 1    25.0   25.0
451 3509.978024 1.240E-58 2.757E-07.00090.00115250.36570.370.000155              5              4                    S  0q     482220 3 3 1 2 1 1     5.0    1.0
451 3513.677795 2.900E-82 1.111E-06.00410.00426927.53170.660.000266              9              7                    O  8q     482220 3 3 1 2 1 1    13.0   17.0
451 3525.774708 2.807E-51 8.507E-08.00110.00112123.8191-.030.000015              1              0                    Q 15m     582220 3 3 2 3 2 2    93.0   93.0
451 3525.774708 4.423E-51 1.340E-07.00130.00112123.81910.660.000137              1              0                    Q 15q     582220 3 3 1 2 1 1    93.0   93.0
451 3527.609770 7.980E-80 6.799E-07.00410.00425724.35880.660.000265              8              6                    O 10q     482220 3 3 1 2 1 1    17.0   21.0
451 3536.653916 5.349E-74 4.150E-08.00140.00122332.85580.620.000183              7              6                    S  4q     482220 3 3 1 2 1 1    13.0    9.0
451 3539.825459 2.592E-49 5.595E-08.00100.00110955.6177-.080.000015              3              2                    Q  7m     582220 3 3 2 3 2 2    45.0   45.0
451 3539.825459 1.660E-48 3.582E-07.00130.00110955.61770.660.000134              3              2                    Q  7q     482220 3 3 1 2 1 1    45.0   45.0
451 3565.333883 4.768E-69 2.466E-09.00400.00419595.53450.670.000225              3              1                    O 18q     382220 3 3 1 2 1 1    33.0   37.0
451 3565.340300 2.259E-72 6.395E-08.00410.00422024.77160.650.000251              5              3                    O 15q     482220 3 3 1 2 1 1    81.0   93.0
451 3566.565589 7.312E-49 9.094E-08.00110.00110926.9729-.060.000015              2              1                    Q 11m     582220 3 3 2 3 2 2    69.0   69.0
451 3566.565589 2.119E-48 2.634E-07.00130.00110926.97290.660.000138              2              1                    Q 11q     482220 3 3 1 2 1 1    69.0   69.0
451 3568.221737 5.015E-27 1.266E-06.00210.002  705.51890.690.000096              1              0                    O  3q     582220 3 3 1 2 1 1     9.0   21.0
451 3572.512357 6.715E-66 2.207E-07.00200.00218760.34360.560.000117              6              5                    S  2q     482220 3 3 1 2 1 1     9.0    5.0
451 3577.984924 1.609E-48 4.201E-08.00100.00110261.1285-.110.000015              3              2                    Q  6m     582220 3 3 2 3 2 2    13.0   13.0
451 3577.984924 1.451E-47 3.786E-07.00130.00110261.12850.660.000137              3              2                    Q  6q     482220 3 3 1 2 1 1    13.0   13.0
451 3589.164236 1.653E-35 3.849E-06.00140.001 4497.83850.680.000101              2              1                    O  2q     482220 3 3 1 2 1 1     1.0    5.0
451 3598.208436 4.573E-49 7.467E-08.00110.00110801.0121-.030.000015              1              0                    Q 14m     582220 3 3 2 3 2 2    29.0   29.0
451 3598.208436 9.016E-49 1.471E-07.00130.00110801.01210.660.000139              1              0                    Q 14q     582220 3 3 1 2 1 1    29.0   29.0
451 3611.071027 5.477E-47 3.003E-08.00100.001 9654.1972-.140.000015              3              2                    Q  5m     582220 3 3 2 3 2 2    33.0   33.0
451 3611.071027 7.268E-46 3.982E-07.00120.001 9654.19720.650.000130              3              2                    Q  5q     482220 3 3 1 2 1 1    33.0   33.0
451 3615.229592 7.227E-84 1.875E-06.00410.00427881.66970.640.000266             10              8                    O  5q     482220 3 3 1 2 1 1    21.0   33.0
451 3623.544136 2.868E-47 7.592E-08.00100.001 9883.7375-.060.000014              2              1                    Q 10m     582220 3 3 2 3 2 2    21.0   21.0
451 3623.544136 1.072E-46 2.837E-07.00130.001 9883.73750.660.000137              2              1                    Q 10q     482220 3 3 1 2 1 1    21.0   21.0
451 3634.714346 6.871E-75 1.152E-08.00150.00122735.58600.630.000192              7              6                    S  5q     482220 3 3 1 2 1 1    45.0   33.0
451 3638.917800 1.195E-46 2.003E-08.00130.001 9139.8976-.170.000014              3              2                    Q  4m     582220 3 3 2 3 2 2     9.0    9.0
451 3638.917800 2.496E-45 4.181E-07.00180.002 9139.89760.660.000126              3              2                    Q  4q     482220 3 3 1 2 1 1     9.0    9.0
451 3646.055071 1.089E-73 1.937E-07.00410.00422834.47140.660.000265              6              4                    O 13q     482220 3 3 1 2 1 1    69.0   81.0
451 3650.352608 1.601E-66 3.473E-11.00390.00417750.33200.670.000218              2              0                    O 19q     382220 3 3 1 2 1 1   105.0  117.0
451 3661.379858 1.256E-45 1.202E-08.00150.001 8722.7020-.160.000014              3              2                    Q  3m     582220 3 3 2 3 2 2    21.0   21.0
451 3661.379858 4.617E-44 4.416E-07.00220.002 8722.70200.660.000121              3              2                    Q  3q     482220 3 3 1 2 1 1    21.0   21.0
451 3667.361060 5.308E-46 6.488E-08.00110.001 9523.7916-.040.000015              1              0                    Q 13m     582220 3 3 2 3 2 2    81.0   81.0
451 3667.361060 1.313E-45 1.603E-07.00130.001 9523.79160.660.000132              1              0                    Q 13q     582220 3 3 1 2 1 1    81.0   81.0
451 3674.942856 2.110E-69 2.068E-08.00410.00420161.71090.660.000241              4              2                    O 16q     382220 3 3 1 2 1 1    29.0   33.0
451 3675.799954 1.106E-95 1.454E-09.00840.00832422.47680.660.000334              3              0                    O 29q     382220 3 3 1 2 1 1   165.0  177.0
451 3676.275402 7.094E-45 6.220E-08.00100.001 8908.4408-.070.000015              2              1                    Q  9m     582220 3 3 2 3 2 2    57.0   57.0
451 3676.275402 3.463E-44 3.034E-07.00130.001 8908.44080.660.000135              2              1                    Q  9q     482220 3 3 1 2 1 1    57.0   57.0
451 3678.336254 6.895E-46 6.010E-09.00100.001 8406.3609-.110.000014              3              2                    Q  2m     582220 3 3 2 3 2 2     5.0    5.0
451 3678.336254 5.547E-44 4.832E-07.00150.001 8406.36090.600.000120              3              2                    Q  2q     482220 3 3 1 2 1 1     5.0    5.0
451 3680.194559 3.729E-58 3.452E-07.00240.00215345.80980.610.000174              5              4                    S  1q     482220 3 3 1 2 1 1    21.0    9.0
451 3689.693591 1.155E-45 2.003E-09.00100.001 8193.7943-.120.000012              3              2                    Q  1m     582220 3 3 2 3 2 2     9.0    9.0
451 3689.693591 3.959E-43 6.861E-07.00080.001 8193.79430.590.000113              3              2                    Q  1q     482220 3 3 1 2 1 1     9.0    9.0
451 3704.278249 1.634E-75 4.627E-07.00410.00423831.67230.660.000264              7              5                    O 11q     482220 3 3 1 2 1 1    57.0   69.0
451 3706.867229 1.299E-80 1.454E-06.00410.00426370.30020.660.000263              9              7                    O  7q     482220 3 3 1 2 1 1    33.0   45.0
451 3709.581826 5.194E-66 1.826E-07.00160.00219026.00430.620.000097              6              5                    S  3q     482220 3 3 1 2 1 1    33.0   21.0
451 3709.976486 2.167E-94 3.967E-09.00850.00931997.59120.660.000349              4              1                    O 27q     482220 3 3 1 2 1 1   153.0  165.0
451 3717.774134 5.516E-79 2.567E-11.00150.00123209.75760.620.000195              7              6                    S  6q     482220 3 3 1 2 1 1    17.0   13.0
451 3724.532531 1.316E-43 4.979E-08.00100.001 8007.5822-.070.000014              2              1                    Q  8m     582220 3 3 2 3 2 2    17.0   17.0
451 3724.532531 8.523E-43 3.223E-07.00130.001 8007.58220.660.000129              2              1                    Q  8q     482220 3 3 1 2 1 1    17.0   17.0
451 3729.521903 7.971E-78 9.058E-07.00410.00425013.57150.660.000266              8              6                    O  9q     482220 3 3 1 2 1 1    45.0   57.0
451 3730.952482 1.299E-93 5.733E-09.00850.00931685.72430.650.000369              5              2                    O 25q     482220 3 3 1 2 1 1   141.0  153.0
451 3733.007810 5.237E-44 5.571E-08.00110.001 8298.6014-.050.000015              1              0                    Q 12m     582220 3 3 2 3 2 2    25.0   25.0
451 3733.007810 1.632E-43 1.735E-07.00130.001 8298.60140.660.000130              1              0                    Q 12q     582220 3 3 1 2 1 1    25.0   25.0
451 3734.726071 2.535E-93 4.754E-09.00870.00931490.93800.650.000386              6              3                    O 23q     482220 3 3 1 2 1 1   129.0  141.0
451 3753.352508 2.868E-51 3.483E-07.00100.00111782.39090.500.000146              4              3                    S  0q     482220 3 3 1 2 1 1     5.0    1.0
451 3768.092136 1.426E-41 3.874E-08.00100.001 7187.5256-.080.000014              2              1                    Q  7m     582220 3 3 2 3 2 2    45.0   45.0
451 3768.092136 1.253E-40 3.403E-07.00120.001 7187.52560.660.000127              2              1                    Q  7q     482220 3 3 1 2 1 1    45.0   45.0
451 3771.354624 1.209E-65 3.646E-09.00400.00418253.41720.670.000229              3              1                    O 17q     382220 3 3 1 2 1 1    93.0  105.0
451 3773.398272 1.858E-70 8.802E-08.00410.00420918.19810.650.000256              5              3                    O 14q     482220 3 3 1 2 1 1    25.0   29.0
451 3779.469839 2.935E-86 1.014E-06.00170.00228962.76890.590.000222              7              6                    S 14q     482220 3 3 1 2 1 1    33.0   29.0
451 3785.105602 8.451E-77 1.686E-08.00150.00223750.84490.620.000199              7              6                    S  7q     482220 3 3 1 2 1 1    57.0   45.0
451 3786.501467 1.070E-83 2.411E-06.00430.00427538.44900.620.000243             10              8                    O  4q     482220 3 3 1 2 1 1     5.0    9.0
451 3794.909506 3.438E-41 4.720E-08.00110.001 7132.0635-.040.000014              1              0                    Q 11m     582220 3 3 2 3 2 2    69.0   69.0
451 3794.909506 1.359E-40 1.864E-07.00120.001 7132.06350.670.000133              1              0                    Q 11q     582220 3 3 1 2 1 1    69.0   69.0
451 3806.739820 1.068E-40 2.906E-08.00100.001 6454.3887-.090.000014              2              1                    Q  6m     582220 3 3 2 3 2 2    13.0   13.0
451 3806.739820 1.314E-39 3.574E-07.00120.001 6454.38870.660.000126              2              1                    Q  6q     482220 3 3 1 2 1 1    13.0   13.0
451 3806.792992 5.453E-27 2.558E-06.00150.001  354.37320.680.000097              1              0                    O  2q     582220 3 3 1 2 1 1     1.0    5.0
451 3833.729252 2.468E-67 1.289E-07.00110.00119376.02850.650.000108              6              5                    S  4q     482220 3 3 1 2 1 1    13.0    9.0
451 3834.001187 4.246E-84 8.310E-07.00160.00228105.63640.600.000220              7              6                    S 13q     482220 3 3 1 2 1 1    93.0   81.0
451 3836.147049 6.641E-78 6.929E-08.00150.00224353.88360.620.000202              7              6                    S  8q     482220 3 3 1 2 1 1    21.0   17.0
451 3840.275478 4.281E-39 2.076E-08.00100.001 5813.9217-.120.000014              2              1                    Q  5m     582220 3 3 2 3 2 2    33.0   33.0
451 3840.275478 7.714E-38 3.738E-07.00120.001 5813.92170.660.000124              2              1                    Q  5q     482220 3 3 1 2 1 1    33.0   33.0
451 3840.285347 5.939E-59 3.516E-07.00230.00215535.74330.640.000165              5              4                    S  2q     482220 3 3 1 2 1 1     9.0    5.0
451 3852.817350 1.787E-39 3.936E-08.00110.001 6030.9203-.050.000014              1              0                    Q 10m     582220 3 3 2 3 2 2    21.0   21.0
451 3852.817350 9.041E-39 1.990E-07.00120.001 6030.92030.660.000126              1              0                    Q 10q     582220 3 3 1 2 1 1    21.0   21.0
451 3854.932661 4.400E-72 2.639E-07.00410.00421869.42620.660.000265              6              4                    O 12q     482220 3 3 1 2 1 1    21.0   25.0
451 3856.904083 1.267E-63 8.673E-11.00390.00416304.80690.670.000218              2              0                    O 18q     382220 3 3 1 2 1 1    33.0   37.0
451 3868.518195 1.072E-38 1.384E-08.00130.001 5271.3794-.150.000013              2              1                    Q  4m     582220 3 3 2 3 2 2     9.0    9.0
451 3868.518195 3.027E-37 3.907E-07.00170.002 5271.37940.670.000128              2              1                    Q  4q     482220 3 3 1 2 1 1     9.0    9.0
451 3869.861125 5.623E-83 6.381E-07.00160.00227276.24810.600.000214              7              6                    S 12q     482220 3 3 1 2 1 1    29.0   25.0
451 3870.468968 2.015E-78 1.609E-07.00150.00225013.57150.610.000207              7              6                    S  9q     482220 3 3 1 2 1 1    69.0   57.0
451 3884.349315 2.703E-66 2.935E-08.00410.00418950.12220.660.000237              4              2                    O 15q     382220 3 3 1 2 1 1    81.0   93.0
451 3887.635349 5.288E-81 4.532E-07.00160.00226480.52630.610.000215              7              6                    S 11q     482220 3 3 1 2 1 1    81.0   69.0
451 3887.731705 4.131E-80 2.907E-07.00160.00225724.35880.610.000211              7              6                    S 10q     482220 3 3 1 2 1 1    25.0   21.0
451 3891.310594 1.258E-37 8.300E-09.00160.002 4831.3915-.160.000014              2              1                    Q  3m     582220 3 3 2 3 2 2    21.0   21.0
451 3891.310594 6.237E-36 4.112E-07.00220.002 4831.39150.670.000125              2              1                    Q  3q     482220 3 3 1 2 1 1    21.0   21.0
451 3896.909704 4.735E-80 1.883E-06.00410.00425869.50960.650.000268              9              7                    O  6q     482220 3 3 1 2 1 1     9.0   13.0
451 3906.478066 5.739E-37 3.221E-08.00110.001 5001.9629-.050.000013              1              0                    Q  9m     582220 3 3 2 3 2 2    57.0   57.0
451 3906.478066 3.764E-36 2.111E-07.00120.001 5001.96290.670.000125              1              0                    Q  9q     582220 3 3 1 2 1 1    57.0   57.0
451 3908.522483 7.511E-38 4.149E-09.00110.001 4497.8385-.110.000013              2              1                    Q  2m     582220 3 3 2 3 2 2     5.0    5.0
451 3908.522483 8.129E-36 4.488E-07.00150.001 4497.83850.640.000112              2              1                    Q  2q     482220 3 3 1 2 1 1     5.0    5.0
451 3911.309302 3.094E-74 6.219E-07.00410.00423016.22250.660.000265              7              5                    O 10q     482220 3 3 1 2 1 1    17.0   21.0
451 3920.053759 1.331E-37 1.383E-09.00100.001 4273.7406-.160.000012              2              1                    Q  1m     582220 3 3 2 3 2 2     9.0    9.0
451 3920.053759 6.128E-35 6.361E-07.00090.001 4273.74060.620.000112              2              1                    Q  1q     482220 3 3 1 2 1 1     9.0    9.0
451 3925.738726 4.440E-92 8.419E-08.00360.00431490.9380-.020.000036              5              3                    Q 23m     582220 3 3 2 3 2 2   141.0  141.0
451 3925.738726 8.253E-92 1.564E-07.00480.00531490.93800.600.000358              5              3                    Q 23q     482220 3 3 1 2 1 1   141.0  141.0
451 3930.811450 6.761E-77 1.196E-06.00410.00424353.88360.660.000266              8              6                    O  8q     482220 3 3 1 2 1 1    13.0   17.0
451 3934.800142 8.670E-51 4.504E-07.00230.00211883.48780.640.000163              4              3                    S  1q     482220 3 3 1 2 1 1    21.0    9.0
451 3943.849469 5.563E-68 7.217E-08.00120.00119806.99550.660.000128              6              5                    S  5q     482220 3 3 1 2 1 1    45.0   33.0
451 3949.957837 9.273E-83 3.247E-06.00530.00527258.91210.630.000197             10              8                    O  3q     482220 3 3 1 2 1 1     9.0   21.0
451 3955.639300 1.353E-35 2.577E-08.00110.001 4051.9430-.050.000013              1              0                    Q  8m     582220 3 3 2 3 2 2    17.0   17.0
451 3955.639300 1.170E-34 2.227E-07.00120.001 4051.94300.670.000128              1              0                    Q  8q     582220 3 3 1 2 1 1    17.0   17.0
451 3981.942855 3.138E-63 5.608E-09.00400.00416936.25540.670.000223              3              1                    O 16q     382220 3 3 1 2 1 1    29.0   33.0
451 3984.782267 1.166E-67 1.223E-07.00420.00419846.89020.650.000257              5              3                    O 13q     382220 3 3 1 2 1 1    69.0   81.0
451 3986.227578 4.584E-93 2.166E-09.00840.00830997.52130.660.000335              3              0                    O 28q     382220 3 3 1 2 1 1    53.0   57.0
451 3988.707842 4.628E-59 3.183E-07.00190.00215818.28780.640.000169              5              4                    S  3q     482220 3 3 1 2 1 1    33.0   21.0
451 3997.694501 1.782E-43 3.884E-07.00100.001 8087.00260.560.000138              3              2                    S  0q     482220 3 3 1 2 1 1     5.0    1.0
451 4000.055159 1.819E-33 2.004E-08.00110.001 3187.4705-.060.000014              1              0                    Q  7m     582220 3 3 2 3 2 2    45.0   45.0
451 4000.055159 2.123E-32 2.337E-07.00120.001 3187.47050.670.000122              1              0                    Q  7q     582220 3 3 1 2 1 1    45.0   45.0
451 4000.215185 1.376E-86 1.632E-06.00120.00129453.54360.640.000175              6              5                    S 17q     482220 3 3 1 2 1 1   117.0  105.0
451 4003.484586 4.227E-87 5.346E-08.00510.00528884.0404-.070.000035              9              7                    Q 11m     582220 3 3 2 3 2 2    69.0   69.0
451 4003.484586 2.813E-86 3.557E-07.00420.00428884.04040.650.000286              9              7                    Q 11q     582220 3 3 1 2 1 1    69.0   69.0
451 4021.843456 1.295E-92 6.124E-08.00390.00431685.7243-.010.000036              4              2                    Q 25m     582220 3 3 2 3 2 2   153.0  153.0
451 4021.843456 2.563E-92 1.211E-07.00480.00531685.72430.610.000345              4              2                    Q 25q     482220 3 3 1 2 1 1   153.0  153.0
451 4023.543227 6.590E-92 6.134E-09.00850.00930643.34580.660.000349              4              1                    O 26q     382220 3 3 1 2 1 1    49.0   53.0
451 4034.051881 5.293E-87 1.959E-08.00500.00528284.6950-.100.000034             10              8                    Q  6m     582220 3 3 2 3 2 2    13.0   13.0
451 4034.051881 1.118E-85 4.139E-07.00410.00428284.69500.650.000273             10              8                    Q  6q     582220 3 3 1 2 1 1    13.0   13.0
451 4035.062990 1.300E-91 3.215E-09.00880.00930311.73580.660.000373              7              4                    O 20q     482220 3 3 1 2 1 1    37.0   41.0
451 4036.914596 3.858E-90 8.620E-08.00450.00530311.7358-.030.000035              6              4                    Q 20m     582220 3 3 2 3 2 2    41.0   41.0
451 4036.914596 1.023E-89 2.286E-07.00430.00430311.73580.640.000332              6              4                    Q 20q     482220 3 3 1 2 1 1    41.0   41.0
451 4039.057480 5.957E-70 2.533E-08.00110.00120314.82630.660.000131              6              5                    S  6q     482220 3 3 1 2 1 1    17.0   13.0
451 4039.491707 1.651E-32 1.502E-08.00100.001 2414.8970-.080.000014              1              0                    Q  6m     582220 3 3 2 3 2 2    13.0   13.0
451 4039.491707 2.686E-31 2.442E-07.00120.001 2414.89700.670.000121              1              0                    Q  6q     582220 3 3 1 2 1 1    13.0   13.0
451 4046.980003 2.865E-91 9.360E-09.00870.00930408.02580.650.000369              5              2                    O 24q     482220 3 3 1 2 1 1    45.0   49.0
451 4052.519081 4.119E-91 8.597E-09.00870.00930296.13140.650.000385              6              3                    O 22q     482220 3 3 1 2 1 1    41.0   45.0
451 4066.149859 1.294E-69 3.600E-07.00410.00420947.42170.660.000264              6              4                    O 11q     482220 3 3 1 2 1 1    57.0   69.0
451 4068.569819 8.082E-60 2.161E-10.00400.00414881.55250.670.000218              2              0                    O 17q     382220 3 3 1 2 1 1    93.0  105.0
451 4073.732222 7.817E-31 1.073E-08.00100.001 1740.1896-.100.000013              1              0                    Q  5m     582220 3 3 2 3 2 2    33.0   33.0
451 4073.732222 1.855E-29 2.543E-07.00120.001 1740.18960.670.000119              1              0                    Q  5q     582220 3 3 1 2 1 1    33.0   33.0
451 4082.803824 1.097E-78 2.423E-06.00410.00425430.06010.640.000266              9              7                    O  5q     482220 3 3 1 2 1 1    21.0   33.0
451 4086.469622 1.504E-87 6.915E-08.00490.00528962.7689-.040.000035              8              6                    Q 14m     582220 3 3 2 3 2 2    29.0   29.0
451 4086.469622 7.496E-87 3.446E-07.00420.00428962.76890.650.000303              8              6                    Q 14q     482220 3 3 1 2 1 1    29.0   29.0
451 4090.016237 4.624E-85 1.441E-06.00120.00128458.81780.640.000172              6              5                    S 16q     482220 3 3 1 2 1 1    37.0   33.0
451 4093.534780 5.826E-88 8.066E-08.00470.00529453.5436-.040.000035              7              5                    Q 17m     582220 3 3 2 3 2 2   105.0  105.0
451 4093.534780 2.142E-87 2.965E-07.00430.00429453.54360.640.000318              7              5                    Q 17q     482220 3 3 1 2 1 1   105.0  105.0
451 4097.855351 3.326E-64 4.234E-08.00410.00417771.57110.660.000242              4              2                    O 14q     382220 3 3 1 2 1 1    25.0   29.0
451 4100.685433 1.766E-93 3.666E-08.00410.00431997.5912-.000.000036              3              1                    Q 27m     582220 3 3 2 3 2 2   165.0  165.0
451 4100.685433 3.674E-93 7.621E-08.00470.00531997.59120.620.000339              3              1                    Q 27q     482220 3 3 1 2 1 1   165.0  165.0
451 4102.582010 2.252E-30 7.146E-09.00140.001 1168.7975-.140.000013              1              0                    Q  4m     582220 3 3 2 3 2 2     9.0    9.0
451 4102.582010 8.351E-29 2.648E-07.00170.002 1168.79750.680.000117              1              0                    Q  4q     582220 3 3 1 2 1 1     9.0    9.0
451 4104.093933 4.992E-83 6.042E-06.00390.00427046.29700.590.000178             10              8                    O  2q     482220 3 3 1 2 1 1     1.0    5.0
451 4106.005742 1.364E-51 4.789E-07.00230.00212084.69700.650.000155              4              3                    S  2q     482220 3 3 1 2 1 1     9.0    5.0
451 4115.783121 6.377E-86 1.365E-08.00460.00527881.6697-.130.000034             10              8                    Q  5m     582220 3 3 2 3 2 2    33.0   33.0
451 4115.783121 2.144E-84 4.587E-07.00410.00427881.66970.630.000266             10              8                    Q  5q     582220 3 3 1 2 1 1    33.0   33.0
451 4118.680671 5.164E-72 1.142E-09.00120.00120894.89090.660.000134              6              5                    S  7q     482220 3 3 1 2 1 1    57.0   45.0
451 4119.190826 4.073E-72 8.321E-07.00410.00422251.10950.660.000266              7              5                    O  9q     482220 3 3 1 2 1 1    45.0   57.0
451 4124.123743 2.262E-60 2.580E-07.00140.00116190.70270.620.000183              5              4                    S  4q     482220 3 3 1 2 1 1    13.0    9.0
451 4125.872611 2.961E-29 4.285E-09.00170.002  705.5189-.150.000013              1              0                    Q  3m     582220 3 3 2 3 2 2    21.0   21.0
451 4125.872611 1.922E-27 2.780E-07.00220.002  705.51890.680.000121              1              0                    Q  3q     582220 3 3 1 2 1 1    21.0   21.0
451 4130.824891 3.817E-75 1.567E-06.00410.00423750.84490.660.000263              8              6                    O  7q     482220 3 3 1 2 1 1    33.0   45.0
451 4143.269845 1.058E-88 2.269E-06.00180.00230311.73580.570.000253              5              4                    S 20q     482220 3 3 1 2 1 1    45.0   41.0
451 4143.465293 1.926E-29 2.141E-09.00110.001  354.3732-.120.000012              1              0                    Q  2m     582220 3 3 2 3 2 2     5.0    5.0
451 4143.465293 2.724E-27 3.027E-07.00150.002  354.37320.660.000111              1              0                    Q  2q     582220 3 3 1 2 1 1     5.0    5.0
451 4143.478774 2.796E-86 4.266E-08.00510.00528190.0306-.070.000035              9              7                    Q 10m     582220 3 3 2 3 2 2    21.0   21.0
451 4143.478774 2.741E-85 4.181E-07.00410.00428190.03060.650.000286              9              7                    Q 10q     482220 3 3 1 2 1 1    21.0   21.0
451 4155.253762 3.615E-29 7.137E-10.00350.003  118.4869-.210.000012              1              0                    Q  1m     582220 3 3 2 3 2 2     9.0    9.0
451 4155.253762 2.172E-26 4.285E-07.00280.003  118.48690.680.000110              1              0                    Q  1q     582220 3 3 1 2 1 1     9.0    9.0
451 4158.874330 3.519E-90 7.050E-08.00360.00430296.1314-.020.000035              5              3                    Q 22m     582220 3 3 2 3 2 2    45.0   45.0
451 4158.874330 9.925E-90 1.988E-07.00470.00530296.13140.600.000352              5              3                    Q 22q     482220 3 3 1 2 1 1    45.0   45.0
451 4161.369435 1.244E-82 1.211E-06.00120.00127479.51420.640.000161              6              5                    S 15q     482220 3 3 1 2 1 1   105.0   93.0
451 4182.239188 7.518E-73 1.081E-08.00120.00121542.11970.660.000149              6              5                    S  8q     482220 3 3 1 2 1 1    21.0   17.0
451 4183.719978 5.823E-86 8.901E-09.00420.00427538.4490-.100.000033             10              8                    Q  4m     582220 3 3 2 3 2 2     9.0    9.0
451 4183.719978 3.280E-84 5.014E-07.00410.00427538.44900.610.000256             10              8                    Q  4q     582220 3 3 1 2 1 1     9.0    9.0
451 4190.287569 5.373E-43 5.147E-07.00230.002 8193.79430.660.000147              3              2                    S  1q     482220 3 3 1 2 1 1    21.0    9.0
451 4197.296604 6.468E-60 8.839E-09.00400.00415649.59370.670.000229              3              1                    O 15q     382220 3 3 1 2 1 1    81.0   93.0
451 4199.482005 6.676E-66 1.709E-07.00410.00418816.74070.650.000258              5              3                    O 12q     382220 3 3 1 2 1 1    21.0   25.0
451 4215.069263 3.194E-81 9.635E-07.00120.00126521.35700.640.000157              6              5                    S 14q     482220 3 3 1 2 1 1    33.0   29.0
451 4216.629700 1.386E-90 2.793E-06.00180.00231490.93800.580.000248              4              3                    S 23q     482220 3 3 1 2 1 1   153.0  141.0
451 4229.416955 4.468E-73 6.277E-08.00120.00122251.10950.660.000151              6              5                    S  9q     482220 3 3 1 2 1 1    69.0   57.0
451 4237.987173 3.036E-85 5.245E-09.00490.00527258.9121-.060.000031             10              8                    Q  3m     582220 3 3 2 3 2 2    21.0   21.0
451 4237.987173 3.159E-83 5.458E-07.00520.00527258.91210.570.000240             10              8                    Q  3q     482220 3 3 1 2 1 1    21.0   21.0
451 4245.194785 2.902E-35 3.679E-07.00100.001 4161.16620.600.000138              2              1                    S  0q     482220 3 3 1 2 1 1     5.0    1.0
451 4245.422312 5.636E-61 1.830E-07.00150.00116649.46880.630.000192              5              4                    S  5q     482220 3 3 1 2 1 1    45.0   33.0
451 4248.714409 1.802E-87 7.209E-08.00450.00429205.0444-.040.000035              6              4                    Q 19m     582220 3 3 2 3 2 2   117.0  117.0
451 4248.714409 7.078E-87 2.830E-07.00430.00429205.04440.640.000327              6              4                    Q 19q     482220 3 3 1 2 1 1   117.0  117.0
451 4251.584443 6.112E-79 7.199E-07.00120.00125590.11180.650.000154              6              5                    S 13q     482220 3 3 1 2 1 1    93.0   81.0
451 4252.746090 2.049E-85 5.665E-08.00490.00528105.6364-.050.000035              8              6                    Q 13m     582220 3 3 2 3 2 2    81.0   81.0
451 4252.746090 1.487E-84 4.110E-07.00420.00428105.63640.650.000298              8              6                    Q 13q     482220 3 3 1 2 1 1    81.0   81.0
451 4258.863260 1.537E-90 5.108E-08.00380.00430408.0258-.020.000036              4              2                    Q 24m     582220 3 3 2 3 2 2    49.0   49.0
451 4258.863260 4.532E-90 1.506E-07.00470.00530408.02580.610.000340              4              2                    Q 24q     482220 3 3 1 2 1 1    49.0   49.0
451 4260.025757 9.971E-75 1.617E-07.00120.00123016.22250.650.000154              6              5                    S 10q     482220 3 3 1 2 1 1    25.0   21.0
451 4263.335545 1.908E-78 3.141E-06.00430.00425056.40700.620.000243              9              7                    O  4q     482220 3 3 1 2 1 1     5.0    9.0
451 4265.387118 1.038E-51 4.594E-07.00190.00212384.08180.650.000165              4              3                    S  3q     482220 3 3 1 2 1 1    33.0   21.0
451 4266.210858 5.782E-86 2.114E-06.00180.00229205.04440.580.000248              5              4                    S 19q     482220 3 3 1 2 1 1   129.0  117.0
451 4269.896221 1.347E-84 3.346E-08.00510.00527535.9504-.070.000035              9              7                    Q  9m     582220 3 3 2 3 2 2    57.0   57.0
451 4269.896221 1.927E-83 4.787E-07.00410.00427535.95040.650.000284              9              7                    Q  9q     482220 3 3 1 2 1 1    57.0   57.0
451 4271.172820 1.028E-77 4.969E-07.00120.00124691.59620.650.000151              6              5                    S 12q     482220 3 3 1 2 1 1    29.0   25.0
451 4273.964235 1.161E-75 3.079E-07.00120.00123831.67230.650.000157              6              5                    S 11q     482220 3 3 1 2 1 1    81.0   69.0
451 4278.653477 9.829E-86 2.586E-09.00430.00427046.29700.010.000028             10              8                    Q  2m     582220 3 3 2 3 2 2     5.0    5.0
451 4278.653477 2.319E-83 6.103E-07.00420.00427046.29700.430.000207             10              8                    Q  2q     482220 3 3 1 2 1 1     5.0    5.0
451 4279.465906 3.308E-68 4.907E-07.00410.00420074.41780.660.000265              6              4                    O 10q     482220 3 3 1 2 1 1    17.0   21.0
451 4283.420919 1.748E-86 6.701E-08.00470.00528458.8178-.040.000035              7              5                    Q 16m     582220 3 3 2 3 2 2    33.0   33.0
451 4283.420919 9.388E-86 3.597E-07.00430.00428458.81780.640.000313              7              5                    Q 16q     482220 3 3 1 2 1 1    33.0   33.0
451 4285.581495 4.713E-57 5.079E-10.00400.00413485.98970.670.000219              2              0                    O 16q     382220 3 3 1 2 1 1    29.0   33.0
451 4286.766534 1.768E-89 2.993E-09.00840.00829553.43320.660.000331              3              0                    O 27q     382220 3 3 1 2 1 1   153.0  165.0
451 4294.090930 7.405E-91 1.273E-10.00880.00929453.54360.660.000381              8              5                    O 17q     482220 3 3 1 2 1 1    93.0  105.0
451 4305.752989 1.157E-85 8.540E-10.00800.00826903.1170-.000.000023             10              8                    Q  1m     582220 3 3 2 3 2 2     9.0    9.0
451 4305.752989 1.190E-82 8.785E-07.00470.00526903.11700.570.000216             10              8                    Q  1q     482220 3 3 1 2 1 1     9.0    9.0
451 4315.511324 3.070E-61 6.169E-08.00410.00416631.91060.660.000242              4              2                    O 13q     382220 3 3 1 2 1 1    69.0   81.0
451 4326.797603 1.806E-88 8.674E-09.00860.00929273.58570.660.000348              4              1                    O 25q     382220 3 3 1 2 1 1   141.0  153.0
451 4327.390055 4.452E-71 1.107E-06.00410.00421542.11970.660.000266              7              5                    O  8q     482220 3 3 1 2 1 1    13.0   17.0
451 4328.691464 1.711E-74 2.039E-06.00410.00423209.75760.650.000268              8              6                    O  6q     482220 3 3 1 2 1 1     9.0   13.0
451 4340.403066 3.040E-91 3.047E-08.00400.00430643.34580.020.000036              3              1                    Q 26m     582220 3 3 2 3 2 2    53.0   53.0
451 4340.403066 9.273E-91 9.286E-08.00470.00530643.34580.620.000329              3              1                    Q 26q     482220 3 3 1 2 1 1    53.0   53.0
451 4342.034003 1.236E-88 5.750E-09.00880.00929205.04440.660.000376              7              4                    O 19q     482220 3 3 1 2 1 1   105.0  117.0
451 4351.728753 8.513E-63 1.066E-07.00150.00117190.39110.620.000195              5              4                    S  6q     482220 3 3 1 2 1 1    17.0   13.0
451 4352.280207 5.453E-88 1.366E-08.00870.00929118.97510.650.000368              5              2                    O 23q     382220 3 3 1 2 1 1   129.0  141.0
451 4359.114679 5.373E-88 1.322E-08.00870.00929094.64410.650.000385              6              3                    O 21q     482220 3 3 1 2 1 1   117.0  129.0
451 4370.677747 3.331E-84 1.889E-06.00170.00228102.16560.580.000236              5              4                    S 18q     482220 3 3 1 2 1 1    41.0   37.0
451 4370.757586 1.336E-88 2.713E-06.00180.00230296.13140.580.000239              4              3                    S 22q     482220 3 3 1 2 1 1    49.0   45.0
451 4372.454536 8.258E-44 5.648E-07.00230.002 8406.36090.660.000153              3              2                    S  2q     482220 3 3 1 2 1 1     9.0    5.0
451 4376.611128 1.074E-86 2.416E-07.00480.00529094.64410.600.000346              5              3                    Q 21q     482220 3 3 1 2 1 1   129.0  129.0
451 4376.611128 2.619E-87 5.895E-08.00350.00429094.6441-.040.000034              5              3                    Q 21m     582220 3 3 2 3 2 2   129.0  129.0
451 4383.223891 5.639E-84 2.572E-08.00500.00526927.5317-.080.000034              9              7                    Q  8m     582220 3 3 2 3 2 2    17.0   17.0
451 4383.223891 1.177E-82 5.367E-07.00420.00426927.53170.650.000278              9              7                    Q  8q     482220 3 3 1 2 1 1    17.0   17.0
451 4405.870626 2.794E-83 4.767E-07.00420.00427276.24810.650.000293              8              6                    Q 12q     482220 3 3 1 2 1 1    25.0   25.0
451 4405.870626 2.694E-84 4.597E-08.00490.00527276.2481-.060.000035              8              6                    Q 12m     582220 3 3 2 3 2 2    25.0   25.0
451 4406.558141 2.231E-92 1.199E-08.00430.00430997.52130.020.000035              2              0                    Q 28m     582220 3 3 2 3 2 2    57.0   57.0
451 4406.558141 6.999E-92 3.757E-08.00460.00530997.52130.620.000330              2              0                    Q 28q     382220 3 3 1 2 1 1    57.0   57.0
451 4411.575934 4.933E-53 4.040E-07.00140.00112778.81530.640.000166              4              3                    S  4q     482220 3 3 1 2 1 1    13.0    9.0
451 4412.552403 5.818E-91 3.069E-06.00180.00231685.72430.590.000240              3              2                    S 25q     482220 3 3 1 2 1 1   165.0  153.0
451 4417.345015 2.726E-63 2.393E-07.00420.00417833.76470.650.000258              5              3                    O 11q     382220 3 3 1 2 1 1    57.0   69.0
451 4417.520313 1.252E-57 1.409E-08.00400.00414399.22040.660.000229              3              1                    O 14q     382220 3 3 1 2 1 1    25.0   29.0
451 4437.100594 1.896E-77 4.286E-06.00530.00524752.46340.630.000197              9              7                    O  3q     482220 3 3 1 2 1 1     9.0   21.0
451 4442.398694 5.447E-64 4.282E-08.00150.00217808.71100.620.000199              5              4                    S  7q     482220 3 3 1 2 1 1    57.0   45.0
451 4446.668485 5.192E-85 3.378E-07.00430.00428102.16560.640.000322              6              4                    Q 18q     482220 3 3 1 2 1 1    37.0   37.0
451 4446.668485 9.236E-86 6.011E-08.00450.00428102.1656-.030.000035              6              4                    Q 18m     582220 3 3 2 3 2 2    37.0   37.0
451 4448.961470 8.677E-35 4.972E-07.00230.002 4273.74060.670.000145              2              1                    S  1q     482220 3 3 1 2 1 1    21.0    9.0
451 4457.924222 1.594E-81 1.619E-06.00170.00227008.44840.580.000239              5              4                    S 17q     482220 3 3 1 2 1 1   117.0  105.0
451 4460.123306 3.349E-83 4.228E-07.00430.00427479.51420.640.000308              7              5                    Q 15q     482220 3 3 1 2 1 1    93.0   93.0
451 4460.123306 4.384E-84 5.536E-08.00470.00527479.5142-.050.000034              7              5                    Q 15m     582220 3 3 2 3 2 2    93.0   93.0
451 4481.408218 1.757E-87 4.272E-08.00390.00429118.9751-.060.000035              4              2                    Q 23m     582220 3 3 2 3 2 2   141.0  141.0
451 4481.408218 7.410E-87 1.800E-07.00470.00529118.97510.610.000335              4              2                    Q 23q     482220 3 3 1 2 1 1   141.0  141.0
451 4483.766732 4.921E-81 5.911E-07.00410.00426370.30020.650.000279              9              7                    Q  7q     482220 3 3 1 2 1 1    45.0   45.0
451 4483.766732 1.605E-82 1.928E-08.00500.00526370.3002-.080.000034              9              7                    Q  7m     582220 3 3 2 3 2 2    45.0   45.0
451 4493.859846 4.342E-83 4.427E-07.00520.00526831.09060.520.000277             10              8                    S  0q     482220 3 3 1 2 1 1     5.0    1.0
451 4494.463635 5.752E-66 6.669E-07.00410.00419256.38140.660.000266              6              4                    O  9q     482220 3 3 1 2 1 1    45.0   57.0
451 4497.838423 1.079E-26 2.524E-07.00090.001    0.00000.630.000132              1              0                    S  0q     582220 3 3 1 2 1 1     5.0    1.0
451 4498.492672 4.571E-88 2.954E-08.00890.00928962.76890.660.000390              9              6                    O 14q     482220 3 3 1 2 1 1    25.0   29.0
451 4505.739139 1.162E-85 2.535E-06.00170.00229094.64410.590.000239              4              3                    S 21q     482220 3 3 1 2 1 1   141.0  129.0
451 4508.091641 1.956E-53 1.112E-09.00400.00412123.81910.670.000214              2              0                    O 15q     382220 3 3 1 2 1 1    81.0   93.0
451 4517.000917 8.231E-67 5.208E-09.00150.00218499.22170.620.000202              5              4                    S  8q     482220 3 3 1 2 1 1    21.0   17.0
451 4523.326250 4.754E-73 2.644E-06.00410.00422735.58600.640.000266              8              6                    O  5q     482220 3 3 1 2 1 1    21.0   33.0
451 4528.692915 7.590E-80 1.326E-06.00170.00225929.28680.590.000229              5              4                    S 16q     482220 3 3 1 2 1 1    37.0   33.0
451 4535.169352 3.163E-69 1.465E-06.00410.00420894.89090.660.000263              7              5                    O  7q     482220 3 3 1 2 1 1    33.0   45.0
451 4537.244415 2.531E-59 9.028E-08.00410.00415537.17360.660.000242              4              2                    O 12q     382220 3 3 1 2 1 1    21.0   25.0
451 4542.566212 6.026E-44 5.645E-07.00190.002 8722.70200.660.000157              3              2                    S  3q     482220 3 3 1 2 1 1    33.0   21.0
451 4543.443008 1.212E-53 3.235E-07.00140.00113265.26810.630.000179              4              3                    S  5q     482220 3 3 1 2 1 1    45.0   33.0
451 4546.579677 3.927E-81 5.405E-07.00420.00426480.52630.650.000286              8              6                    Q 11q     482220 3 3 1 2 1 1    69.0   69.0
451 4546.579677 2.682E-82 3.692E-08.00480.00526480.5263-.060.000034              8              6                    Q 11m     582220 3 3 2 3 2 2    69.0   69.0
451 4566.614010 5.165E-88 2.548E-08.00400.00429273.5857-.000.000035              3              1                    Q 25m     582220 3 3 2 3 2 2   153.0  153.0
451 4566.614010 2.218E-87 1.093E-07.00470.00529273.58570.620.000331              3              1                    Q 25q     382220 3 3 1 2 1 1   153.0  153.0
451 4571.699844 1.693E-80 6.416E-07.00410.00425869.50960.650.000273              9              7                    Q  6q     482220 3 3 1 2 1 1    13.0   13.0
451 4571.699844 3.692E-82 1.399E-08.00470.00525869.5096-.090.000033              9              7                    Q  6m     582220 3 3 2 3 2 2    13.0   13.0
451 4575.290988 7.088E-68 5.554E-09.00150.00219256.38140.610.000207              5              4                    S  9q     482220 3 3 1 2 1 1    69.0   57.0
451 4575.723098 8.362E-89 2.965E-06.00180.00230408.02580.590.000242              3              2                    S 24q     482220 3 3 1 2 1 1    53.0   49.0
451 4580.343173 7.830E-87 3.917E-09.00850.00828093.69870.660.000335              3              0                    O 26q     382220 3 3 1 2 1 1    49.0   53.0
451 4581.434540 1.270E-84 2.842E-07.00460.00527891.40880.610.000335              5              3                    Q 20q     482220 3 3 1 2 1 1    41.0   41.0
451 4581.434540 2.203E-85 4.932E-08.00360.00427891.4088-.040.000035              5              3                    Q 20m     582220 3 3 2 3 2 2    41.0   41.0
451 4583.384129 2.816E-77 1.031E-06.00170.00224870.15970.590.000225              5              4                    S 15q     482220 3 3 1 2 1 1   105.0   93.0
451 4590.420702 1.458E-89 7.299E-11.00890.00928458.81780.660.000384              8              5                    O 16q     482220 3 3 1 2 1 1    29.0   33.0
451 4593.782325 1.484E-82 5.345E-07.00560.00626903.11700.590.000285             10              8                    S  1q     582220 3 3 1 2 1 1    21.0    9.0
451 4602.536980 1.141E-77 8.125E-06.00390.00424521.50350.590.000178              9              7                    O  2q     482220 3 3 1 2 1 1     1.0    5.0
451 4617.178483 4.497E-69 5.280E-08.00160.00220074.41780.610.000211              5              4                    S 10q     482220 3 3 1 2 1 1    25.0   21.0
451 4622.164402 9.665E-76 7.540E-07.00170.00223836.65360.590.000222              5              4                    S 14q     482220 3 3 1 2 1 1    33.0   29.0
451 4622.694273 5.519E-86 1.150E-08.00850.00827892.30000.660.000348              4              1                    O 24q     382220 3 3 1 2 1 1    45.0   49.0
451 4623.585404 1.101E-83 2.286E-06.00170.00227891.40880.590.000235              4              3                    S 20q     482220 3 3 1 2 1 1    45.0   41.0
451 4624.752256 1.173E-81 4.847E-07.00420.00426521.35700.650.000303              7              5                    Q 14q     482220 3 3 1 2 1 1    29.0   29.0
451 4624.752256 1.101E-82 4.550E-08.00470.00526521.3570-.050.000034              7              5                    Q 14m     582220 3 3 2 3 2 2    29.0   29.0
451 4625.325707 1.017E-86 2.078E-07.00900.00928884.04040.660.000399             10              7                    O 11q     582220 3 3 1 2 1 1    57.0   69.0
451 4632.435326 3.207E-82 3.919E-07.00430.00427008.44840.640.000318              6              4                    Q 17q     482220 3 3 1 2 1 1   105.0  105.0
451 4632.435326 4.092E-83 5.002E-08.00440.00427008.4484-.030.000034              6              4                    Q 17m     582220 3 3 2 3 2 2   105.0  105.0
451 4635.251491 5.457E-89 1.003E-08.00430.00429553.4332-.010.000035              2              0                    Q 27m     582220 3 3 2 3 2 2   165.0  165.0
451 4635.251491 2.375E-88 4.359E-08.00460.00529553.43320.630.000327              2              0                    Q 27q     382220 3 3 1 2 1 1   165.0  165.0
451 4638.061722 9.467E-62 3.348E-07.00410.00416904.05820.650.000259              5              3                    O 10q     382220 3 3 1 2 1 1    17.0   21.0
451 4640.073166 1.048E-86 8.325E-09.00880.00928102.16560.660.000378              7              4                    O 18q     482220 3 3 1 2 1 1    33.0   37.0
451 4642.059218 1.293E-35 5.592E-07.00230.002 4497.83850.670.000139              2              1                    S  2q     482220 3 3 1 2 1 1     9.0    5.0
451 4642.612230 1.772E-54 2.247E-08.00400.00413191.15250.660.000230              3              1                    O 13q     382220 3 3 1 2 1 1    69.0   81.0
451 4642.690177 5.965E-70 1.522E-07.00160.00220947.42170.610.000215              5              4                    S 11q     482220 3 3 1 2 1 1    81.0   69.0
451 4645.043005 2.372E-73 5.081E-07.00160.00222834.47140.600.000220              5              4                    S 13q     482220 3 3 1 2 1 1    93.0   81.0
451 4647.107329 3.780E-79 6.885E-07.00410.00425430.06010.630.000266              9              7                    Q  5q     482220 3 3 1 2 1 1    33.0   33.0
451 4647.107329 5.330E-81 9.712E-09.00430.00425430.0601-.100.000033              9              7                    Q  5m     582220 3 3 2 3 2 2    33.0   33.0
451 4649.799339 1.113E-85 1.840E-08.00870.00927823.04400.650.000368              5              2                    O 22q     382220 3 3 1 2 1 1    41.0   45.0
451 4651.930901 4.823E-72 3.050E-07.00160.00221869.42620.600.000214              5              4                    S 12q     482220 3 3 1 2 1 1    29.0   25.0
451 4657.425278 7.110E-86 1.822E-08.00870.00927891.40880.650.000384              6              3                    O 20q     482220 3 3 1 2 1 1    37.0   41.0
451 4660.108572 1.903E-55 2.302E-07.00140.00113839.11330.630.000177              4              3                    S  6q     482220 3 3 1 2 1 1    17.0   13.0
451 4675.349710 4.963E-80 6.013E-07.00410.00425724.35880.650.000286              8              6                    Q 10q     482220 3 3 1 2 1 1    21.0   21.0
451 4675.349710 2.418E-81 2.930E-08.00480.00525724.3588-.060.000034              8              6                    Q 10m     582220 3 3 2 3 2 2    21.0   21.0
451 4675.871988 3.010E-83 5.254E-07.00590.00627046.29700.620.000296             10              8                    S  2q     582220 3 3 1 2 1 1     9.0    5.0
451 4691.950203 1.363E-84 2.090E-07.00470.00527823.04400.620.000327              4              2                    Q 22q     482220 3 3 1 2 1 1    45.0   45.0
451 4691.950203 2.337E-85 3.586E-08.00380.00427823.0440-.010.000035              4              2                    Q 22m     582220 3 3 2 3 2 2    45.0   45.0
451 4699.215800 2.711E-45 5.241E-07.00140.001 9139.89760.640.000156              3              2                    S  4q     482220 3 3 1 2 1 1    13.0    9.0
451 4710.012298 6.575E-79 7.338E-07.00410.00425056.40700.610.000256              9              7                    Q  4q     482220 3 3 1 2 1 1     9.0    9.0
451 4710.012298 5.661E-81 6.319E-09.00400.00425056.4070-.100.000032              9              7                    Q  4m     582220 3 3 2 3 2 2     9.0    9.0
451 4710.536086 8.115E-65 9.019E-07.00410.00418499.22170.660.000266              6              4                    O  8q     382220 3 3 1 2 1 1    13.0   17.0
451 4712.904636 3.188E-26 3.467E-07.00230.002  118.48690.670.000132              1              0                    S  1q     582220 3 3 1 2 1 1    21.0    9.0
451 4713.441285 9.674E-73 3.466E-06.00430.00422332.85580.620.000243              8              6                    O  4q     482220 3 3 1 2 1 1     5.0    9.0
451 4721.224624 1.116E-85 2.773E-06.00170.00229118.97510.590.000233              3              2                    S 23q     482220 3 3 1 2 1 1   153.0  141.0
451 4725.517389 8.978E-81 1.989E-06.00170.00226691.35840.600.000228              4              3                    S 19q     482220 3 3 1 2 1 1   129.0  117.0
451 4736.161615 6.948E-51 2.278E-09.00400.00410801.01210.670.000214              2              0                    O 14q     382220 3 3 1 2 1 1    25.0   29.0
451 4738.540701 3.338E-83 4.588E-07.00460.00527258.91210.620.000305             10              8                    S  3q     582220 3 3 1 2 1 1    33.0   21.0
451 4741.580945 1.741E-68 1.927E-06.00410.00420314.82630.650.000268              7              5                    O  6q     482220 3 3 1 2 1 1     9.0   13.0
451 4760.400507 7.027E-78 7.835E-07.00520.00524752.46340.570.000240              9              7                    Q  3q     482220 3 3 1 2 1 1    21.0   21.0
451 4760.400507 3.333E-80 3.718E-09.00450.00524752.4634-.060.000030              9              7                    Q  3m     582220 3 3 2 3 2 2    21.0   21.0
451 4760.733629 2.524E-89 2.828E-06.00180.00230643.34580.590.000234              2              1                    S 26q     482220 3 3 1 2 1 1    57.0   53.0
451 4760.938515 1.507E-56 1.378E-07.00150.00114495.44310.630.000181              4              3                    S  7q     482220 3 3 1 2 1 1    57.0   45.0
451 4762.843156 1.456E-56 1.320E-07.00410.00414493.53840.660.000243              4              2                    O 11q     382220 3 3 1 2 1 1    57.0   69.0
451 4775.014249 1.307E-81 3.260E-07.00470.00526691.35840.610.000337              5              3                    Q 19q     482220 3 3 1 2 1 1   117.0  117.0
451 4775.014249 1.655E-82 4.131E-08.00350.00426691.3584-.030.000034              5              3                    Q 19m     582220 3 3 2 3 2 2   117.0  117.0
451 4778.049941 2.176E-80 3.719E-08.00460.00525590.1118-.050.000034              7              5                    Q 13m     582220 3 3 2 3 2 2    81.0   81.0
451 4778.049941 3.187E-79 5.444E-07.00420.00425590.11180.650.000298              7              5                    Q 13q     482220 3 3 1 2 1 1    81.0   81.0
451 4780.297893 2.590E-84 3.578E-07.00460.00527538.44900.630.000308             10              8                    S  4q     582220 3 3 1 2 1 1    13.0    9.0
451 4781.741835 6.126E-85 1.255E-07.00460.00527892.30000.620.000321              3              1                    Q 24q     382220 3 3 1 2 1 1    49.0   49.0
451 4781.741835 1.046E-85 2.145E-08.00400.00427892.3000-.020.000035              3              1                    Q 24m     582220 3 3 2 3 2 2    49.0   49.0
451 4781.888592 9.953E-86 4.084E-08.00900.00928105.63640.660.000393              9              6                    O 13q     482220 3 3 1 2 1 1    69.0   81.0
451 4792.468355 4.444E-78 6.584E-07.00410.00425013.57150.650.000284              8              6                    Q  9q     482220 3 3 1 2 1 1    57.0   57.0
451 4792.468355 1.547E-79 2.292E-08.00480.00525013.5715-.060.000033              8              6                    Q  9m     582220 3 3 2 3 2 2    57.0   57.0
451 4795.518414 3.344E-86 1.337E-07.00470.00528284.69500.620.000328             10              8                    S  6q     482220 3 3 1 2 1 1    17.0   13.0
451 4798.239046 5.580E-78 8.640E-07.00420.00424521.50350.430.000207              9              7                    Q  2q     482220 3 3 1 2 1 1     5.0    5.0
451 4798.239046 1.182E-80 1.831E-09.00400.00424521.50350.010.000027              9              7                    Q  2m     582220 3 3 2 3 2 2     5.0    5.0
451 4799.740441 1.137E-84 2.427E-07.00470.00527881.66970.630.000330             10              8                    S  5q     482220 3 3 1 2 1 1    45.0   33.0
451 4807.139501 2.015E-80 4.446E-07.00430.00425929.28680.640.000313              6              4                    Q 16q     482220 3 3 1 2 1 1    33.0   33.0
451 4807.139501 1.882E-81 4.156E-08.00440.00425929.2868-.040.000034              6              4                    Q 16m     582220 3 3 2 3 2 2    33.0   33.0
451 4812.246062 7.568E-79 1.668E-06.00170.00225499.49000.600.000224              4              3                    S 18q     482220 3 3 1 2 1 1    41.0   37.0
451 4822.805779 8.946E-36 5.765E-07.00190.002 4831.39150.660.000143              2              1                    S  3q     482220 3 3 1 2 1 1    33.0   21.0
451 4823.490824 3.018E-77 1.233E-06.00470.00524366.07320.570.000216              9              7                    Q  1q     482220 3 3 1 2 1 1     9.0    9.0
451 4823.490824 1.480E-80 6.044E-10.00710.00724366.07320.010.000023              9              7                    Q  1m     582220 3 3 2 3 2 2     9.0    9.0
451 4841.245998 6.263E-46 4.523E-07.00140.001 9654.19720.640.000169              3              2                    S  5q     482220 3 3 1 2 1 1    45.0   33.0
451 4845.528729 6.646E-59 6.041E-08.00150.00115228.88930.630.000190              4              3                    S  8q     482220 3 3 1 2 1 1    21.0   17.0
451 4850.997765 1.672E-83 2.517E-06.00170.00227823.04400.600.000234              3              2                    S 22q     482220 3 3 1 2 1 1    49.0   45.0
451 4853.826264 9.526E-86 4.947E-08.00460.00528093.69870.630.000323              2              0                    Q 26q     382220 3 3 1 2 1 1    53.0   53.0
451 4853.826264 1.628E-86 8.464E-09.00420.00428093.69870.000.000035              2              0                    Q 26m     582220 3 3 2 3 2 2    53.0   53.0
451 4861.149463 2.185E-59 4.666E-07.00420.00416033.74170.650.000262              5              3                    O  9q     382220 3 3 1 2 1 1    45.0   57.0
451 4869.092387 3.204E-83 4.918E-09.00840.00826621.84590.660.000336              3              0                    O 25q     382220 3 3 1 2 1 1   141.0  153.0
451 4872.449121 2.175E-52 3.560E-08.00410.00412031.60910.660.000231              3              1                    O 12q     382220 3 3 1 2 1 1    21.0   25.0
451 4878.868209 1.016E-86 1.762E-10.00890.00927479.51420.660.000387              8              5                    O 15q     482220 3 3 1 2 1 1    81.0   93.0
451 4884.134011 5.183E-76 1.340E-06.00170.00224320.91050.600.000225              4              3                    S 17q     482220 3 3 1 2 1 1   117.0  105.0
451 4890.182814 1.096E-85 2.876E-07.00910.00928190.03060.660.000403             10              7                    O 10q     582220 3 3 1 2 1 1    17.0   21.0
451 4892.159202 2.247E-81 2.374E-07.00470.00526524.71660.620.000326              4              2                    Q 21q     382220 3 3 1 2 1 1   129.0  129.0
451 4892.159202 2.858E-82 3.022E-08.00380.00426524.7166-.010.000033              4              2                    Q 21m     582220 3 3 2 3 2 2   129.0  129.0
451 4897.566835 1.096E-71 4.797E-06.00530.00522005.55020.630.000197              8              6                    O  3q     482220 3 3 1 2 1 1     9.0   21.0
451 4898.084961 3.386E-77 7.114E-07.00420.00424353.88360.650.000278              8              6                    Q  8q     482220 3 3 1 2 1 1    17.0   17.0
451 4898.084961 8.378E-79 1.761E-08.00480.00524353.8836-.070.000033              8              6                    Q  8m     582220 3 3 2 3 2 2    17.0   17.0
451 4913.373446 1.512E-82 1.453E-08.00850.00926503.50240.650.000347              4              1                    O 23q     382220 3 3 1 2 1 1   129.0  141.0
451 4913.680275 7.937E-61 1.129E-08.00150.00116033.74170.620.000188              4              3                    S  9q     482220 3 3 1 2 1 1    69.0   57.0
451 4915.098967 4.991E-86 2.643E-06.00180.00229273.58570.600.000237              2              1                    S 25q     482220 3 3 1 2 1 1   165.0  153.0
451 4917.006312 4.575E-27 3.978E-07.00220.002  354.37320.670.000140              1              0                    S  2q     582220 3 3 1 2 1 1     9.0    5.0
451 4920.494320 8.076E-78 6.012E-07.00420.00424691.59620.650.000293              7              5                    Q 12q     482220 3 3 1 2 1 1    25.0   25.0
451 4920.494320 4.055E-79 3.020E-08.00460.00524691.5962-.050.000034              7              5                    Q 12m     582220 3 3 2 3 2 2    25.0   25.0
451 4926.875173 7.263E-63 1.213E-06.00410.00417808.71100.660.000263              6              4                    O  7q     382220 3 3 1 2 1 1    33.0   45.0
451 4928.325200 3.183E-90 1.997E-06.00180.00230997.52130.600.000227              1              0                    S 28q     582220 3 3 1 2 1 1    61.0   57.0
451 4931.189197 6.619E-84 1.035E-08.00880.00927008.44840.660.000381              7              4                    O 17q     482220 3 3 1 2 1 1    93.0  105.0
451 4941.297556 3.441E-74 1.025E-06.00170.00223160.86820.600.000215              4              3                    S 16q     482220 3 3 1 2 1 1    37.0   33.0
451 4941.656061 1.963E-82 2.333E-08.00860.00926524.71660.650.000367              5              2                    O 21q     382220 3 3 1 2 1 1   117.0  129.0
451 4945.468092 5.793E-67 2.532E-06.00410.00419806.99550.640.000266              7              5                    O  5q     482220 3 3 1 2 1 1    21.0   33.0
451 4949.525352 7.729E-83 2.308E-08.00880.00926691.35840.650.000384              6              3                    O 19q     382220 3 3 1 2 1 1   105.0  117.0
451 4958.489743 1.414E-79 3.665E-07.00470.00525499.49000.610.000332              5              3                    Q 18q     482220 3 3 1 2 1 1    37.0   37.0
451 4958.489743 1.336E-80 3.465E-08.00350.00425499.4900-.030.000034              5              3                    Q 18m     582220 3 3 2 3 2 2    37.0   37.0
451 4965.368248 7.132E-64 1.966E-09.00150.00216904.05820.620.000192              4              3                    S 10q     482220 3 3 1 2 1 1    25.0   21.0
451 4966.221594 2.227E-80 2.218E-06.00170.00226524.71660.600.000225              3              2                    S 21q     482220 3 3 1 2 1 1   141.0  129.0
451 4967.760973 9.337E-48 3.591E-07.00140.00110261.12850.640.000166              3              2                    S  6q     482220 3 3 1 2 1 1    17.0   13.0
451 4969.746936 1.671E-47 4.399E-09.00400.004 9523.79160.670.000220              2              0                    O 13q     382220 3 3 1 2 1 1    69.0   81.0
451 4971.536641 1.018E-77 4.953E-07.00430.00424870.15970.640.000308              6              4                    Q 15q     482220 3 3 1 2 1 1    93.0   93.0
451 4971.536641 7.076E-79 3.445E-08.00440.00424870.1597-.040.000033              6              4                    Q 15m     582220 3 3 2 3 2 2    93.0   93.0
451 4983.676935 1.725E-71 7.358E-07.00160.00222024.77160.610.000218              4              3                    S 15q     482220 3 3 1 2 1 1   105.0   93.0
451 4987.435838 1.558E-81 1.412E-07.00460.00526503.50240.620.000323              3              1                    Q 23q     382220 3 3 1 2 1 1   141.0  141.0
451 4987.435838 2.004E-82 1.818E-08.00400.00426503.5024-.010.000034              3              1                    Q 23m     582220 3 3 2 3 2 2   141.0  141.0
451 4989.749071 3.746E-37 5.568E-07.00130.001 5271.37940.650.000148              2              1                    S  4q     482220 3 3 1 2 1 1    13.0    9.0
451 4991.940248 6.948E-55 1.922E-07.00410.00413507.28160.660.000245              4              2                    O 10q     382220 3 3 1 2 1 1    17.0   21.0
451 4992.248529 1.729E-75 7.603E-07.00410.00423750.84490.650.000279              8              6                    Q  7q     482220 3 3 1 2 1 1    45.0   45.0
451 4992.248529 3.003E-77 1.321E-08.00470.00523750.8449-.070.000033              8              6                    Q  7m     582220 3 3 2 3 2 2    45.0   45.0
451 5000.706899 5.203E-64 4.119E-08.00150.00217833.76470.620.000201              4              3                    S 11q     482220 3 3 1 2 1 1    81.0   69.0
451 5011.088889 7.669E-70 4.855E-07.00160.00220918.19810.610.000214              4              3                    S 14q     482220 3 3 1 2 1 1    33.0   29.0
451 5019.913115 5.073E-66 1.344E-07.00160.00218816.74070.610.000206              4              3                    S 12q     482220 3 3 1 2 1 1    29.0   25.0
451 5023.269659 2.290E-67 2.832E-07.00160.00219846.89020.610.000210              4              3                    S 13q     482220 3 3 1 2 1 1    93.0   81.0
451 5031.827307 1.199E-77 6.559E-07.00520.00524287.91530.520.000277              9              7                    S  0q     482220 3 3 1 2 1 1     5.0    1.0
451 5052.368241 1.505E-75 6.547E-07.00420.00423831.67230.650.000286              7              5                    Q 11q     482220 3 3 1 2 1 1    69.0   69.0
451 5052.368241 5.586E-77 2.431E-08.00460.00523831.6723-.050.000033              7              5                    Q 11m     582220 3 3 2 3 2 2    69.0   69.0
451 5055.224925 1.139E-83 2.410E-06.00170.00227892.30000.600.000226              2              1                    S 24q     482220 3 3 1 2 1 1    53.0   49.0
451 5057.261261 2.240E-84 5.995E-08.00890.00927276.24810.660.000396              9              6                    O 12q     482220 3 3 1 2 1 1    21.0   25.0
451 5063.878631 3.606E-82 5.519E-08.00460.00526621.84590.630.000319              2              0                    Q 25q     382220 3 3 1 2 1 1   153.0  153.0
451 5063.878631 4.705E-83 7.208E-09.00430.00426621.8459-.010.000034              2              0                    Q 25m     582220 3 3 2 3 2 2   153.0  153.0
451 5067.579391 3.176E-78 1.894E-06.00170.00225228.55220.600.000226              3              2                    S 20q     482220 3 3 1 2 1 1    45.0   41.0
451 5074.083873 7.322E-72 9.252E-06.00390.00421757.00690.590.000178              8              6                    O  2q     482220 3 3 1 2 1 1     1.0    5.0
451 5074.937476 7.101E-75 8.051E-07.00410.00423209.75760.650.000273              8              6                    Q  6q     482220 3 3 1 2 1 1    13.0   13.0
451 5074.937476 8.462E-77 9.598E-09.00440.00423209.7576-.080.000032              8              6                    Q  6m     582220 3 3 2 3 2 2    13.0   13.0
451 5078.124101 7.310E-49 2.563E-07.00140.00110955.61770.640.000170              3              2                    S  7q     482220 3 3 1 2 1 1    57.0   45.0
451 5083.183876 4.020E-79 2.648E-07.00460.00525228.55220.620.000321              4              2                    Q 20q     382220 3 3 1 2 1 1    41.0   41.0
451 5083.183876 3.876E-80 2.556E-08.00370.00425228.5522-.020.000034              4              2                    Q 20m     582220 3 3 2 3 2 2    41.0   41.0
451 5085.937155 3.995E-58 6.463E-07.00420.00415228.88930.650.000262              5              3                    O  8q     382220 3 3 1 2 1 1    13.0   17.0
451 5089.774101 9.027E-87 1.862E-06.00180.00229553.43320.600.000223              1              0                    S 27q     582220 3 3 1 2 1 1   177.0  165.0
451 5095.406677 1.519E-85 1.295E-06.00910.00928284.69500.650.000414             11              8                    O  6q     482220 3 3 1 2 1 1     9.0   13.0
451 5106.768871 1.807E-49 5.575E-08.00410.00410926.97290.660.000231              3              1                    O 11q     382220 3 3 1 2 1 1    57.0   69.0
451 5108.402907 2.980E-27 4.204E-07.00180.002  705.51890.670.000143              1              0                    S  3q     582220 3 3 1 2 1 1    33.0   21.0
451 5126.115482 4.978E-76 5.435E-07.00420.00423836.65360.650.000303              6              4                    Q 14q     482220 3 3 1 2 1 1    29.0   29.0
451 5126.115482 2.607E-77 2.848E-08.00440.00423836.6536-.040.000032              6              4                    Q 14m     582220 3 3 2 3 2 2    29.0   29.0
451 5132.633235 9.130E-78 2.907E-08.00350.00324320.9105-.040.000033              5              3                    Q 17m     582220 3 3 2 3 2 2   105.0  105.0
451 5132.633235 1.274E-76 4.055E-07.00470.00524320.91050.610.000324              5              3                    Q 17q     482220 3 3 1 2 1 1   105.0  105.0
451 5141.696017 7.942E-38 5.059E-07.00140.001 5813.92170.650.000153              2              1                    S  5q     482220 3 3 1 2 1 1    45.0   33.0
451 5142.464891 4.913E-62 1.623E-06.00410.00417190.39110.650.000268              6              4                    O  6q     382220 3 3 1 2 1 1     9.0   13.0
451 5145.459729 8.795E-84 4.018E-07.00910.00927535.95040.650.000408             10              7                    O  9q     482220 3 3 1 2 1 1    45.0   57.0
451 5145.475242 1.376E-66 3.367E-06.00430.00419376.02850.620.000243              7              5                    O  4q     482220 3 3 1 2 1 1     5.0    9.0
451 5146.083831 1.848E-73 8.470E-07.00410.00422735.58600.630.000266              8              6                    Q  5q     482220 3 3 1 2 1 1    33.0   33.0
451 5146.083831 1.455E-75 6.672E-09.00410.00422735.5860-.100.000032              8              6                    Q  5m     582220 3 3 2 3 2 2    33.0   33.0
451 5146.790737 4.183E-77 8.336E-07.00560.00624366.07320.590.000285              9              7                    S  1q     482220 3 3 1 2 1 1    21.0    9.0
451 5154.635571 1.478E-80 5.975E-09.00840.00825141.49610.660.000336              3              0                    O 24q     382220 3 3 1 2 1 1    45.0   49.0
451 5155.410896 3.823E-75 1.563E-06.00170.00223939.23340.600.000222              3              2                    S 19q     482220 3 3 1 2 1 1   129.0  117.0
451 5160.761756 1.244E-84 7.426E-10.00890.00926521.35700.660.000390              8              5                    O 14q     482220 3 3 1 2 1 1    25.0   29.0
451 5163.551933 1.192E-87 2.137E-08.00500.00528884.04040.610.000361              9              7                    S 11q     482220 3 3 1 2 1 1    81.0   69.0
451 5171.943576 3.641E-51 1.566E-07.00140.00111732.11480.630.000180              3              2                    S  8q     482220 3 3 1 2 1 1    21.0   17.0
451 5173.808244 2.474E-74 7.045E-07.00410.00423016.22250.650.000286              7              5                    Q 10q     482220 3 3 1 2 1 1    21.0   21.0
451 5173.808244 6.800E-76 1.937E-08.00460.00523016.2225-.080.000033              7              5                    Q 10m     582220 3 3 2 3 2 2    21.0   21.0
451 5182.222082 2.378E-80 2.144E-06.00170.00226503.50240.600.000223              2              1                    S 23q     482220 3 3 1 2 1 1   153.0  141.0
451 5184.841169 4.429E-79 1.564E-07.00460.00525111.29050.620.000319              3              1                    Q 22q     382220 3 3 1 2 1 1    45.0   45.0
451 5184.841169 4.383E-80 1.549E-08.00400.00425111.2905-.010.000034              3              1                    Q 22m     582220 3 3 2 3 2 2    45.0   45.0
451 5200.445654 4.524E-80 1.764E-08.00860.00925111.29050.650.000346              4              1                    O 22q     382220 3 3 1 2 1 1    41.0   45.0
451 5205.593295 3.660E-73 8.885E-07.00410.00422332.85580.610.000256              8              6                    Q  4q     482220 3 3 1 2 1 1     9.0    9.0
451 5205.593295 1.790E-75 4.348E-09.00370.00422332.8558-.090.000031              8              6                    Q  4m     582220 3 3 2 3 2 2     9.0    9.0
451 5208.680304 3.275E-45 8.067E-09.00400.004 8298.60140.670.000214              2              0                    O 12q     382220 3 3 1 2 1 1    21.0   25.0
451 5216.822493 3.804E-82 1.125E-08.00890.00925929.28680.660.000384              7              4                    O 16q     482220 3 3 1 2 1 1    29.0   33.0
451 5223.994935 2.150E-52 2.776E-07.00410.00412584.71620.660.000240              4              2                    O  9q     382220 3 3 1 2 1 1    45.0   57.0
451 5229.427557 3.644E-80 2.815E-08.00880.00925228.55220.640.000367              5              2                    O 20q     382220 3 3 1 2 1 1    37.0   41.0
451 5229.807115 4.656E-73 1.238E-06.00160.00222661.60190.610.000218              3              2                    S 18q     482220 3 3 1 2 1 1    41.0   37.0
451 5236.936328 8.414E-81 2.728E-08.00880.00925499.49000.650.000383              6              3                    O 18q     382220 3 3 1 2 1 1    33.0   37.0
451 5238.581515 3.026E-84 1.702E-06.00170.00228093.69870.600.000219              1              0                    S 26q     582220 3 3 1 2 1 1    57.0   53.0
451 5244.915800 8.519E-78 8.756E-07.00590.00624521.50350.620.000296              9              7                    S  2q     482220 3 3 1 2 1 1     9.0    5.0
451 5249.048613 8.579E-53 7.295E-08.00150.00112584.71620.630.000184              3              2                    S  9q     482220 3 3 1 2 1 1    69.0   57.0
451 5253.361988 4.342E-72 9.372E-07.00520.00522005.55020.570.000240              8              6                    Q  3q     482220 3 3 1 2 1 1    21.0   21.0
451 5253.361988 1.186E-74 2.562E-09.00420.00422005.5502-.070.000028              8              6                    Q  3m     582220 3 3 2 3 2 2    21.0   21.0
451 5265.811166 4.607E-77 2.168E-08.00380.00423939.2334-.020.000033              4              2                    Q 19m     582220 3 3 2 3 2 2   117.0  117.0
451 5265.811166 6.195E-76 2.913E-07.00460.00523939.23340.620.000320              4              2                    Q 19q     382220 3 3 1 2 1 1   117.0  117.0
451 5266.529898 1.567E-79 6.072E-08.00460.00525141.49610.630.000315              2              0                    Q 24q     382220 3 3 1 2 1 1    49.0   49.0
451 5266.529898 1.595E-80 6.187E-09.00420.00425141.49610.000.000034              2              0                    Q 24m     582220 3 3 2 3 2 2    49.0   49.0
451 5271.165123 7.396E-75 2.344E-08.00440.00422834.4714-.040.000033              6              4                    Q 13m     582220 3 3 2 3 2 2    81.0   81.0
451 5271.165123 1.860E-73 5.892E-07.00420.00422834.47140.650.000298              6              4                    Q 13q     482220 3 3 1 2 1 1    81.0   81.0
451 5271.231020 4.455E-88 9.240E-10.00480.00528190.03060.610.000362              9              7                    S 10q     582220 3 3 1 2 1 1    25.0   21.0
451 5277.726134 1.078E-39 4.308E-07.00140.001 6454.38870.650.000164              2              1                    S  6q     482220 3 3 1 2 1 1    17.0   13.0
451 5284.841022 2.827E-72 7.506E-07.00410.00422251.10950.650.000284              7              5                    Q  9q     482220 3 3 1 2 1 1    57.0   57.0
451 5284.841022 5.730E-74 1.522E-08.00450.00522251.1095-.060.000032              7              5                    Q  9m     582220 3 3 2 3 2 2    57.0   57.0
451 5285.591254 1.148E-28 4.186E-07.00130.001 1168.79750.650.000141              1              0                    S  4q     582220 3 3 1 2 1 1    13.0    9.0
451 5289.290243 3.730E-72 1.024E-06.00420.00421757.00690.430.000207              8              6                    Q  2q     482220 3 3 1 2 1 1     5.0    5.0
451 5289.290243 4.599E-75 1.263E-09.00360.00421757.00690.000.000027              8              6                    Q  2m     582220 3 3 2 3 2 2     5.0    5.0
451 5290.674088 4.491E-70 9.330E-07.00160.00221400.68450.610.000214              3              2                    S 17q     482220 3 3 1 2 1 1   117.0  105.0
451 5296.735495 5.490E-78 1.858E-06.00170.00225111.29050.600.000226              2              1                    S 22q     482220 3 3 1 2 1 1    49.0   45.0
451 5297.949804 1.154E-74 4.428E-07.00460.00523160.86820.610.000322              5              3                    Q 16q     382220 3 3 1 2 1 1    33.0   33.0
451 5297.949804 6.351E-76 2.439E-08.00350.00323160.8682-.030.000033              5              3                    Q 16m     582220 3 3 2 3 2 2    33.0   33.0
451 5304.810283 3.102E-84 1.733E-06.00900.00927881.66970.630.000404             11              8                    O  5q     482220 3 3 1 2 1 1    21.0   33.0
451 5309.459161 8.187E-56 1.742E-08.00150.00113507.28160.630.000181              3              2                    S 10q     482220 3 3 1 2 1 1    25.0   21.0
451 5311.552681 4.520E-56 8.889E-07.00420.00414495.44310.650.000260              5              3                    O  7q     382220 3 3 1 2 1 1    33.0   45.0
451 5313.293630 2.127E-71 1.453E-06.00470.00521589.82350.570.000216              8              6                    Q  1q     482220 3 3 1 2 1 1     9.0    9.0
451 5313.293630 6.107E-75 4.173E-10.00630.00621589.8235-.000.000023              8              6                    Q  1m     582220 3 3 2 3 2 2     9.0    9.0
451 5324.704012 9.399E-78 8.345E-07.00460.00524752.46340.620.000305              9              7                    S  3q     482220 3 3 1 2 1 1    33.0   21.0
451 5325.320288 3.999E-82 9.140E-08.00900.00926480.52630.660.000399              9              6                    O 11q     482220 3 3 1 2 1 1    57.0   69.0
451 5337.779308 4.071E-68 6.598E-07.00160.00220161.71090.610.000205              3              2                    S 16q     482220 3 3 1 2 1 1    37.0   33.0
451 5340.069159 1.773E-65 4.734E-06.00530.00519026.00430.630.000197              7              5                    O  3q     482220 3 3 1 2 1 1     9.0   21.0
451 5345.151862 1.210E-47 8.603E-08.00410.004 9883.73750.660.000233              3              1                    O 10q     382220 3 3 1 2 1 1    17.0   21.0
451 5351.574577 1.299E-84 4.187E-08.00490.00527535.95040.610.000348              9              7                    S  9q     582220 3 3 1 2 1 1    69.0   57.0
451 5353.351878 3.155E-59 2.544E-10.00150.00214493.53840.630.000191              3              2                    S 11q     482220 3 3 1 2 1 1    81.0   69.0
451 5356.081680 1.958E-60 2.169E-06.00410.00416649.46880.640.000266              6              4                    O  5q     382220 3 3 1 2 1 1    21.0   33.0
451 5370.788490 2.669E-65 4.273E-07.00160.00218950.12220.620.000207              3              2                    S 15q     482220 3 3 1 2 1 1   105.0   93.0
451 5374.752375 1.118E-75 1.711E-07.00450.00523719.89200.630.000315              3              1                    Q 21q     382220 3 3 1 2 1 1   129.0  129.0
451 5374.752375 8.668E-77 1.327E-08.00390.00423719.8920-.020.000033              3              1                    Q 21m     582220 3 3 2 3 2 2   129.0  129.0
451 5375.745893 9.533E-81 1.524E-06.00170.00226621.84590.600.000216              1              0                    S 25q     582220 3 3 1 2 1 1   165.0  153.0
451 5381.024627 8.056E-60 2.926E-08.00150.00215537.17360.620.000195              3              2                    S 12q     482220 3 3 1 2 1 1    29.0   25.0
451 5384.802437 7.266E-79 7.337E-07.00460.00525056.40700.630.000308              9              7                    S  4q     482220 3 3 1 2 1 1    13.0    9.0
451 5385.412103 2.692E-71 7.929E-07.00420.00421542.11970.650.000278              7              5                    Q  8q     482220 3 3 1 2 1 1    17.0   17.0
451 5385.412103 3.986E-73 1.175E-08.00450.00521542.1197-.060.000032              7              5                    Q  8m     582220 3 3 2 3 2 2    17.0   17.0
451 5389.297334 1.454E-63 2.425E-07.00160.00217771.57110.620.000203              3              2                    S 14q     482220 3 3 1 2 1 1    33.0   29.0
451 5391.215223 6.244E-83 5.632E-07.00910.00926927.53170.650.000408             10              7                    O  8q     482220 3 3 1 2 1 1    13.0   17.0
451 5392.861200 4.698E-61 1.094E-07.00150.00216631.91060.620.000199              3              2                    S 13q     482220 3 3 1 2 1 1    93.0   81.0
451 5397.190697 7.728E-41 3.399E-07.00140.001 7187.52560.640.000160              2              1                    S  7q     482220 3 3 1 2 1 1    57.0   45.0
451 5399.083297 1.108E-74 1.565E-06.00170.00223719.89200.610.000215              2              1                    S 21q     482220 3 3 1 2 1 1   141.0  129.0
451 5405.977716 2.446E-83 1.373E-07.00480.00526927.53170.620.000349              9              7                    S  8q     482220 3 3 1 2 1 1    21.0   17.0
451 5406.822032 6.375E-72 6.319E-07.00420.00421869.42620.650.000293              6              4                    Q 12q     482220 3 3 1 2 1 1    25.0   25.0
451 5406.822032 1.934E-73 1.918E-08.00430.00421869.4262-.040.000032              6              4                    Q 12m     582220 3 3 2 3 2 2    25.0   25.0
451 5424.006832 3.258E-79 5.929E-07.00470.00525430.06010.630.000330              9              7                    S  5q     482220 3 3 1 2 1 1    45.0   33.0
451 5435.546417 1.963E-81 2.736E-07.00480.00526370.30020.620.000342              9              7                    S  7q     482220 3 3 1 2 1 1    57.0   45.0
451 5436.994269 1.050E-81 2.726E-09.00900.00925590.11180.660.000393              8              5                    O 13q     482220 3 3 1 2 1 1    69.0   81.0
451 5438.238566 6.141E-77 7.064E-09.00850.00923656.40580.660.000336              3              0                    O 23q     382220 3 3 1 2 1 1   129.0  141.0
451 5440.563908 9.929E-74 3.165E-07.00460.00522661.60190.620.000316              4              2                    Q 18q     382220 3 3 1 2 1 1    37.0   37.0
451 5440.563908 5.776E-75 1.843E-08.00370.00422661.6019-.020.000033              4              2                    Q 18m     582220 3 3 2 3 2 2    37.0   37.0
451 5441.245939 1.054E-80 4.324E-07.00470.00525869.50960.620.000328              9              7                    S  6q     482220 3 3 1 2 1 1    17.0   13.0
451 5447.336095 2.198E-29 3.952E-07.00140.001 1740.18960.650.000146              1              0                    S  5q     582220 3 3 1 2 1 1    45.0   33.0
451 5452.652867 4.125E-42 1.414E-08.00400.004 7132.06350.670.000214              2              0                    O 11q     382220 3 3 1 2 1 1    57.0   69.0
451 5454.742826 8.285E-72 4.780E-07.00460.00522024.77160.610.000321              5              3                    Q 15q     382220 3 3 1 2 1 1    93.0   93.0
451 5454.742826 3.540E-73 2.044E-08.00340.00322024.7716-.040.000032              5              3                    Q 15m     582220 3 3 2 3 2 2    93.0   93.0
451 5458.276546 5.133E-51 3.971E-07.00410.00411732.11480.660.000240              4              2                    O  8q     382220 3 3 1 2 1 1    13.0   17.0
451 5462.569488 6.220E-76 6.605E-08.00460.00523656.40580.630.000311              2              0                    Q 23q     382220 3 3 1 2 1 1   141.0  141.0
451 5462.569488 5.030E-77 5.345E-09.00420.00423656.4058-.010.000034              2              0                    Q 23m     582220 3 3 2 3 2 2   141.0  141.0
451 5475.409452 1.788E-71 8.856E-09.00440.00420894.8909-.050.000032              7              5                    Q  7m     582220 3 3 2 3 2 2    45.0   45.0
451 5475.409452 1.680E-69 8.316E-07.00410.00420894.89090.650.000279              7              5                    Q  7q     482220 3 3 1 2 1 1    45.0   45.0
451 5483.170140 2.218E-87 1.613E-07.00520.00528962.76890.590.000389              8              6                    S 14q     582220 3 3 1 2 1 1    33.0   29.0
451 5485.152645 1.180E-76 2.072E-08.00870.00923719.89200.650.000346              4              1                    O 21q     382220 3 3 1 2 1 1   117.0  129.0
451 5489.342285 2.351E-72 1.275E-06.00160.00222333.70200.610.000211              2              1                    S 20q     482220 3 3 1 2 1 1    45.0   41.0
451 5494.770693 8.274E-91 3.795E-08.01320.01330311.73580.650.000567              8              4                    O 20q     482220 3 3 1 2 1 1    37.0   41.0
451 5498.002139 1.555E-79 1.062E-08.00890.00924870.15970.660.000387              7              4                    O 15q     382220 3 3 1 2 1 1    81.0   93.0
451 5499.693887 4.922E-84 2.340E-06.00880.00927538.44900.600.000377             11              8                    O  4q     482220 3 3 1 2 1 1     5.0    9.0
451 5499.699464 3.642E-43 2.431E-07.00140.001 8007.58220.640.000164              2              1                    S  8q     482220 3 3 1 2 1 1    21.0   17.0
451 5501.850184 3.417E-78 1.336E-06.00170.00225141.49610.610.000212              1              0                    S 24q     582220 3 3 1 2 1 1    53.0   49.0
451 5514.310389 5.664E-77 3.254E-08.00880.00923939.23340.640.000366              5              2                    O 19q     382220 3 3 1 2 1 1   105.0  117.0
451 5520.785747 7.279E-78 3.026E-08.00890.00924320.91050.650.000383              6              3                    O 17q     382220 3 3 1 2 1 1    93.0  105.0
451 5527.571917 1.312E-65 9.290E-06.00390.00418760.34360.590.000178              7              5                    O  2q     482220 3 3 1 2 1 1     1.0    5.0
451 5533.104769 1.578E-69 6.716E-07.00420.00420947.42170.650.000286              6              4                    Q 11q     482220 3 3 1 2 1 1    69.0   69.0
451 5533.104769 3.655E-71 1.556E-08.00430.00420947.4217-.040.000031              6              4                    Q 11m     582220 3 3 2 3 2 2    69.0   69.0
451 5536.915406 3.767E-55 1.215E-06.00420.00413839.11330.640.000251              5              3                    O  6q     382220 3 3 1 2 1 1     9.0   13.0
451 5540.517614 9.065E-72 8.054E-07.00520.00521505.77950.520.000277              8              6                    S  0q     482220 3 3 1 2 1 1     5.0    1.0
451 5548.594545 1.900E-86 4.615E-07.00890.00928884.04040.650.000412             10              7                    Q 11q     482220 3 3 1 2 1 1    69.0   69.0
451 5548.594545 3.232E-88 7.850E-09.01300.01328884.0404-.020.000049             10              7                    Q 11m     582220 3 3 2 3 2 2    69.0   69.0
451 5554.683538 6.143E-71 6.462E-09.00420.00420314.8263-.080.000030              7              5                    Q  6m     582220 3 3 2 3 2 2    13.0   13.0
451 5554.683538 8.247E-69 8.672E-07.00410.00420314.82630.650.000273              7              5                    Q  6q     482220 3 3 1 2 1 1    13.0   13.0
451 5557.707084 3.035E-73 1.851E-07.00460.00522333.70200.630.000305              3              1                    Q 20q     382220 3 3 1 2 1 1    41.0   41.0
451 5557.707084 1.870E-74 1.141E-08.00400.00422333.7020-.010.000033              3              1                    Q 20m     582220 3 3 2 3 2 2    41.0   41.0
451 5566.304407 5.426E-60 2.932E-06.00430.00416190.70270.620.000243              6              4                    O  4q     382220 3 3 1 2 1 1     5.0    9.0
451 5567.404590 4.127E-69 9.978E-07.00160.00220957.31230.610.000207              2              1                    S 19q     482220 3 3 1 2 1 1   129.0  117.0
451 5584.730008 5.265E-90 2.251E-07.00920.00930311.73580.640.000480              7              4                    Q 20q     482220 3 3 1 2 1 1    41.0   41.0
451 5584.730008 2.240E-91 9.574E-09.01230.01230311.73580.000.000050              7              4                    Q 20m     582220 3 3 2 3 2 2    41.0   41.0
451 5585.097658 9.030E-45 1.509E-07.00140.001 8908.44080.640.000168              2              1                    S  9q     482220 3 3 1 2 1 1    69.0   57.0
451 5586.396806 6.634E-81 1.418E-07.00910.00925724.35880.660.000403              9              6                    O 10q     482220 3 3 1 2 1 1    17.0   21.0
451 5587.002300 5.095E-45 1.306E-07.00410.004 8908.44080.660.000235              3              1                    O  9q     382220 3 3 1 2 1 1    45.0   57.0
451 5592.685300 2.653E-31 3.535E-07.00140.001 2414.89700.650.000157              1              0                    S  6q     582220 3 3 1 2 1 1    17.0   13.0
451 5600.334493 8.506E-91 3.390E-08.01260.01330296.13140.630.000503              7              3                    O 22q     482220 3 3 1 2 1 1    41.0   45.0
451 5603.159126 5.675E-70 5.112E-07.00460.00520918.19810.620.000318              5              3                    Q 14q     382220 3 3 1 2 1 1    29.0   29.0
451 5603.159126 1.895E-71 1.708E-08.00340.00320918.1981-.040.000032              5              3                    Q 14m     582220 3 3 2 3 2 2    29.0   29.0
451 5603.806312 4.189E-88 2.991E-09.01210.01228284.6950-.050.000047             11              8                    Q  6m     582220 3 3 2 3 2 2    13.0   13.0
451 5603.806312 7.906E-86 5.646E-07.00870.00928284.69500.650.000394             11              8                    Q  6q     482220 3 3 1 2 1 1    13.0   13.0
451 5607.764114 1.309E-70 3.405E-07.00450.00521400.68450.620.000313              4              2                    Q 17q     382220 3 3 1 2 1 1   105.0  105.0
451 5607.764114 6.024E-72 1.568E-08.00370.00421400.6845-.030.000032              4              2                    Q 17m     582220 3 3 2 3 2 2   105.0  105.0
451 5617.180321 1.105E-74 1.144E-06.00170.00223656.40580.610.000209              1              0                    S 23q     582220 3 3 1 2 1 1   153.0  141.0
451 5623.064775 2.505E-67 9.010E-07.00410.00419806.99550.630.000266              7              5                    Q  5q     482220 3 3 1 2 1 1    33.0   33.0
451 5623.064775 1.253E-69 4.511E-09.00380.00419806.9955-.090.000031              7              5                    Q  5m     582220 3 3 2 3 2 2    33.0   33.0
451 5627.152605 3.056E-81 7.882E-07.00910.00926370.30020.650.000405             10              7                    O  7q     482220 3 3 1 2 1 1    33.0   45.0
451 5633.017922 7.152E-67 7.433E-07.00160.00219595.53450.610.000210              2              1                    S 18q     482220 3 3 1 2 1 1    41.0   37.0
451 5641.998216 1.159E-85 4.914E-08.00510.00528105.63640.600.000373              8              6                    S 13q     482220 3 3 1 2 1 1    93.0   81.0
451 5649.941098 3.383E-68 7.082E-07.00410.00420074.41780.650.000286              6              4                    Q 10q     482220 3 3 1 2 1 1    21.0   21.0
451 5649.941098 5.967E-70 1.250E-08.00430.00420074.4178-.050.000031              6              4                    Q 10m     582220 3 3 2 3 2 2    21.0   21.0
451 5652.542326 1.785E-74 4.644E-09.00420.00422170.50190.000.000033              2              0                    Q 22m     582220 3 3 2 3 2 2    45.0   45.0
451 5652.542326 2.737E-73 7.117E-08.00450.00522170.50190.630.000307              2              0                    Q 22q     382220 3 3 1 2 1 1    45.0   45.0
451 5653.436175 1.359E-47 7.353E-08.00140.001 9883.73750.640.000172              2              1                    S 10q     482220 3 3 1 2 1 1    25.0   21.0
451 5667.444129 3.377E-91 2.163E-08.01260.01330408.02580.620.000481              6              2                    O 24q     482220 3 3 1 2 1 1    45.0   49.0
451 5669.088783 3.183E-71 1.061E-06.00560.00621589.82350.590.000285              8              6                    S  1q     482220 3 3 1 2 1 1    21.0    9.0
451 5675.953591 4.536E-87 4.023E-07.00900.00928962.76890.650.000438              9              6                    Q 14q     582220 3 3 1 2 1 1    29.0   29.0
451 5675.953591 1.019E-88 9.035E-09.01280.01328962.7689-.010.000050              9              6                    Q 14m     582220 3 3 2 3 2 2    29.0   29.0
451 5678.837029 4.605E-83 3.333E-06.00870.00927258.91210.590.000291             11              8                    O  3q     482220 3 3 1 2 1 1     9.0   21.0
451 5679.631493 1.790E-87 4.281E-07.00410.00429453.54360.640.000286              7              5                    S 17q     482220 3 3 1 2 1 1   117.0  105.0
451 5680.378743 5.649E-67 9.357E-07.00410.00419376.02850.610.000256              7              5                    Q  4q     482220 3 3 1 2 1 1     9.0    9.0
451 5680.378743 1.780E-69 2.950E-09.00340.00319376.0285-.090.000030              7              5                    Q  4m     582220 3 3 2 3 2 2     9.0    9.0
451 5682.059437 3.614E-89 9.635E-09.01270.01329453.54360.000.000050              8              5                    Q 17m     582220 3 3 2 3 2 2   105.0  105.0
451 5682.059437 1.187E-87 3.166E-07.00910.00929453.54360.640.000459              8              5                    Q 17q     482220 3 3 1 2 1 1   105.0  105.0
451 5685.816466 9.522E-64 5.187E-07.00160.00218253.41720.620.000199              2              1                    S 17q     482220 3 3 1 2 1 1   117.0  105.0
451 5693.851251 7.385E-49 5.622E-07.00420.00410955.61770.650.000246              4              2                    O  7q     382220 3 3 1 2 1 1    33.0   45.0
451 5701.194593 4.002E-40 2.383E-08.00400.004 6030.92030.660.000215              2              0                    O 10q     382220 3 3 1 2 1 1    17.0   21.0
451 5704.937823 7.603E-50 2.060E-08.00150.00110926.97290.630.000183              2              1                    S 11q     482220 3 3 1 2 1 1    81.0   69.0
451 5708.112325 6.771E-80 8.076E-09.00890.00924691.59620.660.000396              8              5                    O 12q     482220 3 3 1 2 1 1    21.0   25.0
451 5720.907125 2.791E-74 8.158E-09.00850.00822170.50190.660.000336              3              0                    O 22q     382220 3 3 1 2 1 1    41.0   45.0
451 5720.970441 1.676E-32 2.980E-07.00140.001 3187.47050.650.000153              1              0                    S  7q     582220 3 3 1 2 1 1    57.0   45.0
451 5721.798443 3.893E-72 9.527E-07.00170.00222170.50190.610.000205              1              0                    S 22q     582220 3 3 1 2 1 1    49.0   45.0
451 5725.346711 1.141E-61 3.303E-07.00160.00216936.25540.620.000195              2              1                    S 16q     482220 3 3 1 2 1 1    37.0   33.0
451 5726.459389 7.442E-66 9.795E-07.00520.00519026.00430.570.000240              7              5                    Q  3q     482220 3 3 1 2 1 1    21.0   21.0
451 5726.459389 1.324E-68 1.743E-09.00380.00419026.0043-.070.000029              7              5                    Q  3m     582220 3 3 2 3 2 2    21.0   21.0
451 5733.859405 4.795E-87 1.991E-09.01080.01127881.6697-.060.000046             11              8                    Q  5m     582220 3 3 2 3 2 2    33.0   33.0
451 5733.859405 1.457E-84 6.051E-07.00860.00927881.66970.640.000383             11              8                    Q  5q     482220 3 3 1 2 1 1    33.0   33.0
451 5734.046403 7.020E-70 1.985E-07.00450.00420957.31230.630.000307              3              1                    Q 19q     382220 3 3 1 2 1 1   117.0  117.0
451 5734.046403 3.477E-71 9.841E-09.00390.00420957.3123-.020.000032              3              1                    Q 19m     582220 3 3 2 3 2 2   117.0  117.0
451 5739.962018 3.587E-55 5.899E-11.00150.00112031.60910.630.000180              2              1                    S 12q     482220 3 3 1 2 1 1    29.0   25.0
451 5743.221857 2.922E-67 5.421E-07.00460.00519846.89020.620.000314              5              3                    Q 13q     382220 3 3 1 2 1 1    81.0   81.0
451 5743.221857 7.653E-69 1.421E-08.00340.00319846.8902-.040.000031              5              3                    Q 13m     582220 3 3 2 3 2 2    81.0   81.0
451 5751.090982 9.226E-59 1.826E-07.00150.00215649.59370.620.000199              2              1                    S 15q     482220 3 3 1 2 1 1   105.0   93.0
451 5757.190261 4.939E-66 7.417E-07.00410.00419256.38140.650.000284              6              4                    Q  9q     382220 3 3 1 2 1 1    57.0   57.0
451 5757.190261 6.585E-68 9.895E-09.00430.00419256.3814-.050.000030              6              4                    Q  9m     582220 3 3 2 3 2 2    57.0   57.0
451 5758.969815 1.243E-54 1.799E-08.00150.00213191.15250.630.000184              2              1                    S 13q     482220 3 3 1 2 1 1    93.0   81.0
451 5760.736356 1.801E-53 1.656E-06.00420.00413265.26810.640.000255              5              3                    O  5q     382220 3 3 1 2 1 1    21.0   33.0
451 5761.160178 6.921E-66 1.064E-06.00420.00418760.34360.430.000207              7              5                    Q  2q     482220 3 3 1 2 1 1     5.0    5.0
451 5761.160178 5.598E-69 8.616E-10.00330.00318760.3436-.000.000027              7              5                    Q  2m     582220 3 3 2 3 2 2     5.0    5.0
451 5762.490572 5.400E-57 7.830E-08.00150.00214399.22040.620.000195              2              1                    S 14q     482220 3 3 1 2 1 1    33.0   29.0
451 5763.733971 1.814E-89 7.526E-07.00540.00530311.73580.570.000412              6              4                    S 20q     482220 3 3 1 2 1 1    45.0   41.0
451 5767.576136 1.712E-68 3.632E-07.00460.00520161.71090.620.000309              4              2                    Q 16q     382220 3 3 1 2 1 1    33.0   33.0
451 5767.576136 6.280E-70 1.333E-08.00370.00420161.7109-.030.000031              4              2                    Q 16m     582220 3 3 2 3 2 2    33.0   33.0
451 5768.463877 3.247E-74 2.364E-08.00860.00922333.70200.650.000346              4              1                    O 20q     382220 3 3 1 2 1 1    37.0   41.0
451 5771.535839 7.942E-59 4.193E-06.00530.00515818.28780.630.000197              6              4                    O  3q     382220 3 3 1 2 1 1     9.0   21.0
451 5772.312366 1.229E-88 3.818E-08.01320.01329453.54360.650.000515              9              5                    O 17q     582220 3 3 1 2 1 1    93.0  105.0
451 5772.475929 1.733E-85 5.131E-07.00880.00928190.03060.650.000411             10              7                    Q 10q     482220 3 3 1 2 1 1    21.0   21.0
451 5772.475929 1.960E-87 5.803E-09.01310.01328190.0306-.030.000047             10              7                    Q 10m     582220 3 3 2 3 2 2    21.0   21.0
451 5772.990457 5.340E-86 1.349E-09.00510.00527276.24810.600.000372              8              6                    S 12q     482220 3 3 1 2 1 1    29.0   25.0
451 5775.436981 5.203E-78 8.365E-09.00890.00923836.65360.660.000390              7              4                    O 14q     382220 3 3 1 2 1 1    25.0   29.0
451 5779.338456 4.273E-90 1.653E-07.01000.01030296.13140.580.000510              6              3                    Q 22q     482220 3 3 1 2 1 1    45.0   45.0
451 5779.338456 1.674E-91 6.475E-09.00890.00930296.13140.010.000051              6              3                    Q 22m     572220 3 3 2 3 2 2    45.0   45.0
451 5781.442253 6.386E-72 1.164E-06.00590.00621757.00690.620.000296              8              6                    S  2q     482220 3 3 1 2 1 1     9.0    5.0
451 5784.363163 4.161E-65 1.504E-06.00470.00518581.71030.570.000216              7              5                    Q  1q     482220 3 3 1 2 1 1     9.0    9.0
451 5784.363163 7.880E-69 2.850E-10.00550.00518581.7103-.040.000024              7              5                    Q  1m     582220 3 3 2 3 2 2     9.0    9.0
451 5797.216156 8.906E-75 3.614E-08.00870.00922661.60190.640.000370              5              2                    O 18q     382220 3 3 1 2 1 1    33.0   37.0
451 5801.900884 6.012E-76 3.149E-08.00890.00923160.86820.640.000377              6              3                    O 16q     382220 3 3 1 2 1 1    29.0   33.0
451 5815.591020 1.179E-68 7.684E-07.00160.00220687.91170.610.000215              1              0                    S 21q     582220 3 3 1 2 1 1   141.0  129.0
451 5831.531141 1.608E-43 1.949E-07.00410.004 8007.58220.660.000235              3              1                    O  8q     382220 3 3 1 2 1 1    13.0   17.0
451 5831.794613 6.985E-35 2.340E-07.00140.001 4051.94300.640.000164              1              0                    S  8q     582220 3 3 1 2 1 1    21.0   17.0
451 5836.805107 1.060E-69 7.608E-08.00450.00520687.91170.630.000303              2              0                    Q 21q     382220 3 3 1 2 1 1   129.0  129.0
451 5836.805107 5.647E-71 4.058E-09.00420.00420687.9117-.010.000033              2              0                    Q 21m     582220 3 3 2 3 2 2   129.0  129.0
451 5840.495513 7.899E-79 2.201E-07.00910.00925013.57150.650.000408              9              6                    O  9q     482220 3 3 1 2 1 1    45.0   57.0
451 5840.801124 2.690E-83 6.596E-06.00750.00827046.29700.560.000274             11              8                    O  2q     482220 3 3 1 2 1 1     1.0    5.0
451 5841.652689 2.157E-84 6.428E-07.00880.00927538.44900.610.000369             11              8                    Q  4q     482220 3 3 1 2 1 1     9.0    9.0
451 5841.652689 4.204E-87 1.253E-09.00960.01027538.4490-.060.000045             11              8                    Q  4m     582220 3 3 2 3 2 2     9.0    9.0
451 5852.659356 1.225E-80 1.099E-06.00910.00925869.50960.650.000414             10              7                    O  6q     482220 3 3 1 2 1 1     9.0   13.0
451 5854.662112 5.882E-65 7.723E-07.00420.00418499.22170.650.000278              6              4                    Q  8q     382220 3 3 1 2 1 1    17.0   17.0
451 5854.662112 5.854E-67 7.692E-09.00420.00418499.2217-.060.000030              6              4                    Q  8m     582220 3 3 2 3 2 2    17.0   17.0
451 5874.855777 2.790E-67 1.175E-08.00340.00318816.7407-.040.000031              5              3                    Q 12m     582220 3 3 2 3 2 2    25.0   25.0
451 5874.855777 1.357E-65 5.708E-07.00450.00518816.74070.620.000310              5              3                    Q 12q     382220 3 3 1 2 1 1    25.0   25.0
451 5876.119568 6.812E-72 1.171E-06.00460.00522005.55020.620.000305              8              6                    S  3q     482220 3 3 1 2 1 1    33.0   21.0
451 5877.856143 1.108E-82 2.171E-08.00500.00526480.52630.610.000361              8              6                    S 11q     482220 3 3 1 2 1 1    81.0   69.0
451 5887.981102 3.656E-86 2.361E-07.00400.00428458.81780.650.000280              7              5                    S 16q     482220 3 3 1 2 1 1    37.0   33.0
451 5898.302461 3.685E-66 5.958E-07.00160.00219212.98830.620.000198              1              0                    S 20q     582220 3 3 1 2 1 1    45.0   41.0
451 5903.955736 1.669E-67 2.112E-07.00450.00519595.53450.630.000302              3              1                    Q 18q     382220 3 3 1 2 1 1    37.0   37.0
451 5903.955736 6.714E-69 8.501E-09.00390.00419595.5345-.020.000031              3              1                    Q 18m     582220 3 3 2 3 2 2    37.0   37.0
451 5920.037596 5.151E-67 1.132E-08.00360.00418950.1222-.020.000031              4              2                    Q 15m     582220 3 3 2 3 2 2    93.0   93.0
451 5920.037596 1.750E-65 3.845E-07.00450.00518950.12220.630.000305              4              2                    Q 15q     382220 3 3 1 2 1 1    93.0   93.0
451 5925.010119 1.573E-36 1.677E-07.00140.001 5001.96290.640.000168              1              0                    S  9q     582220 3 3 1 2 1 1    69.0   57.0
451 5927.567864 2.023E-83 6.836E-07.00890.00927258.91210.560.000346             11              8                    Q  3q     482220 3 3 1 2 1 1    21.0   21.0
451 5927.567864 2.125E-86 7.181E-10.00840.00827258.9121-.010.000043             11              8                    Q  3m     582220 3 3 2 3 2 2    21.0   21.0
451 5928.130716 9.247E-89 7.198E-09.01240.01229205.04440.010.000050              7              4                    Q 19m     572220 3 3 2 3 2 2   117.0  117.0
451 5928.130716 3.291E-87 2.562E-07.00910.00929205.04440.640.000473              7              4                    Q 19q     482220 3 3 1 2 1 1   117.0  117.0
451 5929.574385 7.617E-48 7.885E-07.00410.00410261.12850.650.000247              4              2                    O  6q     382220 3 3 1 2 1 1     9.0   13.0
451 5930.558660 5.904E-88 5.126E-08.01310.01329205.04440.650.000506              8              4                    O 19q     482220 3 3 1 2 1 1   105.0  117.0
451 5941.955939 8.308E-85 4.483E-07.00890.00928105.63640.650.000431              9              6                    Q 13q     482220 3 3 1 2 1 1    81.0   81.0
451 5941.955939 1.263E-86 6.817E-09.01280.01328105.6364-.010.000049              9              6                    Q 13m     582220 3 3 2 3 2 2    81.0   81.0
451 5942.134113 3.273E-65 5.836E-09.00420.00417808.7110-.060.000031              6              4                    Q  7m     582220 3 3 2 3 2 2    45.0   45.0
451 5942.134113 4.493E-63 8.003E-07.00410.00417808.71100.650.000279              6              4                    Q  7q     382220 3 3 1 2 1 1    45.0   45.0
451 5949.182353 1.100E-88 1.243E-08.01330.01328962.76890.650.000527             10              6                    O 14q     482220 3 3 1 2 1 1    25.0   29.0
451 5951.839308 5.019E-73 1.103E-06.00460.00522332.85580.630.000308              8              6                    S  4q     482220 3 3 1 2 1 1    13.0    9.0
451 5953.654958 2.349E-37 3.877E-08.00410.004 5001.96290.660.000224              2              0                    O  9q     382220 3 3 1 2 1 1    45.0   57.0
451 5957.759996 6.416E-81 1.060E-07.00480.00525724.35880.610.000362              8              6                    S 10q     482220 3 3 1 2 1 1    25.0   21.0
451 5969.560253 9.308E-63 4.395E-07.00160.00217750.33200.620.000195              1              0                    S 19q     582220 3 3 1 2 1 1   129.0  117.0
451 5970.036439 6.505E-59 8.376E-06.00390.00415535.74330.590.000178              6              4                    O  2q     382220 3 3 1 2 1 1     1.0    5.0
451 5973.415699 1.146E-83 5.572E-07.00880.00927535.95040.650.000409             10              7                    Q  9q     582220 3 3 1 2 1 1    57.0   57.0
451 5973.415699 8.801E-86 4.278E-09.01300.01327535.9504-.030.000048             10              7                    Q  9m     582220 3 3 2 3 2 2    57.0   57.0
451 5974.367628 2.735E-77 2.015E-08.00900.00923831.67230.660.000399              8              5                    O 11q     482220 3 3 1 2 1 1    57.0   69.0
451 5981.528469 5.831E-53 2.283E-06.00450.00412778.81530.640.000242              5              3                    O  4q     382220 3 3 1 2 1 1     5.0    9.0
451 5987.121221 4.747E-86 3.553E-07.00900.00928458.81780.640.000452              8              5                    Q 16q     482220 3 3 1 2 1 1    33.0   33.0
451 5987.121221 9.762E-88 7.307E-09.01260.01328458.8178-.000.000049              8              5                    Q 16m     582220 3 3 2 3 2 2    33.0   33.0
451 5991.845897 6.729E-87 3.471E-10.00700.00727046.29700.040.000037             11              8                    Q  2m     582220 3 3 2 3 2 2     5.0    5.0
451 5991.845897 1.455E-83 7.509E-07.00680.00727046.29700.400.000311             11              8                    Q  2q     482220 3 3 1 2 1 1     5.0    5.0
451 5994.583271 3.518E-88 1.208E-08.01350.01428884.04040.640.000540             11              7                    O 11q     482220 3 3 1 2 1 1    57.0   69.0
451 5997.907788 4.468E-63 5.972E-07.00450.00517833.76470.620.000305              5              3                    Q 11q     382220 3 3 1 2 1 1    69.0   69.0
451 5997.907788 7.199E-65 9.630E-09.00330.00317833.7647-.030.000031              5              3                    Q 11m     582220 3 3 2 3 2 2    69.0   69.0
451 6000.688991 2.349E-39 1.054E-07.00140.001 6030.92030.640.000163              1              0                    S 10q     582220 3 3 1 2 1 1    25.0   21.0
451 6003.446920 1.102E-70 9.224E-09.00860.00920687.91170.660.000336              3              0                    O 21q     382220 3 3 1 2 1 1   117.0  129.0
451 6007.507469 2.130E-73 9.753E-07.00470.00522735.58600.630.000330              8              6                    S  5q     482220 3 3 1 2 1 1    45.0   33.0
451 6013.534586 1.265E-78 2.437E-07.00490.00525013.57150.610.000348              8              6                    S  9q     482220 3 3 1 2 1 1    69.0   57.0
451 6015.564110 4.375E-67 8.076E-08.00450.00419212.98830.630.000293              2              0                    Q 20q     382220 3 3 1 2 1 1    41.0   41.0
451 6015.564110 1.921E-68 3.549E-09.00410.00419212.9883-.010.000032              2              0                    Q 20m     582220 3 3 2 3 2 2    41.0   41.0
451 6019.366723 1.366E-64 4.284E-09.00390.00417190.3911-.060.000030              6              4                    Q  6m     582220 3 3 2 3 2 2    13.0   13.0
451 6019.366723 2.637E-62 8.262E-07.00410.00417190.39110.650.000273              6              4                    Q  6q     382220 3 3 1 2 1 1    13.0   13.0
451 6020.619753 7.148E-87 5.206E-07.00540.00529205.04440.570.000430              6              4                    S 19q     482220 3 3 1 2 1 1   129.0  117.0
451 6028.895294 2.252E-60 3.032E-07.00160.00216304.80690.620.000191              1              0                    S 18q     582220 3 3 1 2 1 1    41.0   37.0
451 6029.574119 1.888E-65 8.627E-07.00380.00418491.92960.240.000263              7              5                    S  0q     482220 3 3 1 2 1 1     5.0    1.0
451 6034.632182 7.368E-83 1.068E-06.00770.00826903.11700.530.000312             11              8                    Q  1q     482220 3 3 1 2 1 1     9.0    9.0
451 6034.632182 7.807E-87 1.132E-10.01110.01126903.11700.020.000034             11              8                    Q  1m     582220 3 3 2 3 2 2     9.0    9.0
451 6038.530986 9.296E-88 4.391E-08.01270.01329094.64410.630.000503              7              3                    O 21q     482220 3 3 1 2 1 1   117.0  129.0
451 6042.210988 6.556E-75 8.057E-07.00470.00523209.75760.620.000328              8              6                    S  6q     482220 3 3 1 2 1 1    17.0   13.0
451 6045.824902 1.618E-77 4.192E-07.00480.00524353.88360.620.000349              8              6                    S  8q     482220 3 3 1 2 1 1    21.0   17.0
451 6049.569130 9.971E-76 4.883E-09.00900.00922834.47140.660.000393              7              4                    O 13q     382220 3 3 1 2 1 1    69.0   81.0
451 6051.136429 7.475E-71 2.623E-08.00870.00920957.31230.650.000353              4              1                    O 19q     382220 3 3 1 2 1 1   105.0  117.0
451 6055.194981 1.201E-75 6.134E-07.00480.00523750.84490.620.000342              8              6                    S  7q     482220 3 3 1 2 1 1    57.0   45.0
451 6059.089202 1.785E-41 5.317E-08.00150.001 7132.06350.640.000166              1              0                    S 11q     582220 3 3 1 2 1 1    81.0   69.0
451 6065.082736 1.682E-63 4.043E-07.00450.00517771.57110.630.000301              4              2                    Q 14q     382220 3 3 1 2 1 1    29.0   29.0
451 6065.082736 3.982E-65 9.581E-09.00360.00417771.5711-.020.000031              4              2                    Q 14m     582220 3 3 2 3 2 2    29.0   29.0
451 6066.839177 3.131E-79 1.528E-06.00900.00925430.06010.630.000404             10              7                    O  5q     482220 3 3 1 2 1 1    21.0   33.0
451 6067.493620 3.228E-64 2.232E-07.00450.00518253.41720.630.000298              3              1                    Q 17q     382220 3 3 1 2 1 1   105.0  105.0
451 6067.493620 1.061E-65 7.340E-09.00390.00418253.4172-.010.000031              3              1                    Q 17m     582220 3 3 2 3 2 2   105.0  105.0
451 6067.564185 4.543E-84 9.401E-08.00400.00427479.51420.650.000291              7              5                    S 15q     482220 3 3 1 2 1 1   105.0   93.0
451 6075.759873 4.009E-57 1.901E-07.00160.00214881.55250.620.000199              1              0                    S 17q     582220 3 3 1 2 1 1   117.0  105.0
451 6077.742624 2.969E-41 2.860E-07.00410.004 7187.52560.660.000227              3              1                    O  7q     382220 3 3 1 2 1 1    33.0   45.0
451 6078.830006 1.119E-71 3.860E-08.00890.00921400.68450.640.000371              5              2                    O 17q     382220 3 3 1 2 1 1    93.0  105.0
451 6080.864945 3.711E-73 3.055E-08.00890.00922024.77160.640.000378              6              3                    O 15q     382220 3 3 1 2 1 1    81.0   93.0
451 6086.117418 9.354E-61 8.513E-07.00410.00416649.46880.630.000266              6              4                    Q  5q     382220 3 3 1 2 1 1    33.0   33.0
451 6086.117418 3.298E-63 3.005E-09.00350.00416649.4688-.080.000030              6              4                    Q  5m     582220 3 3 2 3 2 2    33.0   33.0
451 6087.325902 7.985E-78 3.389E-07.00910.00924353.88360.650.000408              9              6                    O  8q     482220 3 3 1 2 1 1    13.0   17.0
451 6100.619117 6.812E-45 1.667E-08.00150.001 8298.60140.630.000170              1              0                    S 12q     582220 3 3 1 2 1 1    29.0   25.0
451 6106.689101 5.510E-88 2.717E-08.01240.01229118.97510.620.000480              6              2                    O 23q     382220 3 3 1 2 1 1   129.0  141.0
451 6109.544980 5.970E-55 1.025E-07.00150.00213485.98970.630.000184              1              0                    S 16q     582220 3 3 1 2 1 1    37.0   33.0
451 6112.164523 1.250E-61 6.214E-07.00440.00416904.05820.620.000301              5              3                    Q 10q     382220 3 3 1 2 1 1    21.0   21.0
451 6112.164523 1.569E-63 7.804E-09.00330.00316904.0582-.040.000030              5              3                    Q 10m     582220 3 3 2 3 2 2    21.0   21.0
451 6125.802189 1.595E-48 4.734E-10.00150.001 9523.79160.630.000184              1              0                    S 13q     582220 3 3 1 2 1 1    93.0   81.0
451 6129.598231 5.149E-52 4.175E-08.00150.00212123.81910.630.000191              1              0                    S 15q     582220 3 3 1 2 1 1   105.0   93.0
451 6131.020023 4.157E-87 1.836E-07.01000.01029094.64410.590.000502              6              3                    Q 21q     482220 3 3 1 2 1 1   129.0  129.0
451 6131.020023 1.117E-88 4.933E-09.00880.00929094.6441-.000.000049              6              3                    Q 21m     572220 3 3 2 3 2 2   129.0  129.0
451 6135.243383 1.938E-50 8.081E-09.00150.00210801.01210.630.000188              1              0                    S 14q     582220 3 3 1 2 1 1    33.0   29.0
451 6142.153365 2.403E-60 8.782E-07.00410.00416190.70270.610.000256              6              4                    Q  4q     382220 3 3 1 2 1 1     9.0    9.0
451 6142.153365 5.394E-63 1.973E-09.00310.00316190.7027-.100.000029              6              4                    Q  4m     582220 3 3 2 3 2 2     9.0    9.0
451 6143.091142 1.223E-88 1.184E-08.01260.01329273.58570.620.000458              5              1                    O 25q     382220 3 3 1 2 1 1   141.0  153.0
451 6152.681756 6.618E-83 5.945E-07.00880.00926927.53170.650.000407             10              7                    Q  8q     582220 3 3 1 2 1 1    17.0   17.0
451 6152.681756 3.486E-85 3.131E-09.01290.01326927.5317-.030.000047             10              7                    Q  8m     582220 3 3 2 3 2 2    17.0   17.0
451 6154.134640 8.330E-90 2.906E-09.01240.01229553.43320.630.000441              4              0                    O 27q     382220 3 3 1 2 1 1   153.0  165.0
451 6164.090837 4.387E-46 1.101E-06.00410.004 9654.19720.650.000245              4              2                    O  5q     382220 3 3 1 2 1 1    21.0   33.0
451 6170.753393 6.624E-65 1.168E-06.00450.00418581.71030.430.000285              7              5                    S  1q     482220 3 3 1 2 1 1    21.0    9.0
451 6179.904671 5.324E-87 4.832E-08.01320.01328458.81780.650.000519              9              5                    O 16q     482220 3 3 1 2 1 1    29.0   33.0
451 6185.013507 1.448E-83 4.868E-07.00890.00927276.24810.650.000424              9              6                    Q 12q     482220 3 3 1 2 1 1    25.0   25.0
451 6185.013507 1.544E-85 5.192E-09.01270.01327276.2481-.030.000048              9              6                    Q 12m     582220 3 3 2 3 2 2    25.0   25.0
451 6187.262633 4.494E-62 1.170E-09.00340.00315818.2878-.070.000027              6              4                    Q  3m     582220 3 3 2 3 2 2    21.0   21.0
451 6187.262633 3.517E-59 9.145E-07.00520.00515818.28780.570.000240              6              4                    Q  3q     382220 3 3 1 2 1 1    21.0   21.0
451 6188.901629 1.523E-63 8.521E-08.00450.00417750.33200.630.000296              2              0                    Q 19q     382220 3 3 1 2 1 1   117.0  117.0
451 6188.901629 5.559E-65 3.112E-09.00410.00417750.3320-.010.000032              2              0                    Q 19m     582220 3 3 2 3 2 2   117.0  117.0
451 6197.628705 9.704E-52 3.326E-06.00560.00612384.08180.660.000219              5              3                    O  3q     382220 3 3 1 2 1 1     9.0   21.0
451 6202.561022 1.195E-60 4.227E-07.00450.00416631.91060.630.000296              4              2                    Q 13q     382220 3 3 1 2 1 1    81.0   81.0
451 6202.561022 2.279E-62 8.066E-09.00360.00416631.9106-.030.000031              4              2                    Q 13m     582220 3 3 2 3 2 2    81.0   81.0
451 6207.052267 3.111E-83 6.053E-07.00780.00826831.09060.430.000379             11              8                    S  0q     482220 3 3 1 2 1 1     5.0    1.0
451 6209.185578 9.969E-36 6.115E-08.00410.004 4051.94300.660.000224              2              0                    O  8q     382220 3 3 1 2 1 1    13.0   17.0
451 6217.368089 2.334E-59 6.435E-07.00450.00416033.74170.620.000299              5              3                    Q  9q     382220 3 3 1 2 1 1    57.0   57.0
451 6217.368089 2.259E-61 6.231E-09.00330.00316033.7417-.050.000029              5              3                    Q  9m     582220 3 3 2 3 2 2    57.0   57.0
451 6220.881804 2.278E-83 1.497E-08.00400.00426521.35700.650.000286              7              5                    S 14q     482220 3 3 1 2 1 1    33.0   29.0
451 6221.263810 3.540E-59 9.901E-07.00420.00415535.74330.430.000207              6              4                    Q  2q     382220 3 3 1 2 1 1     5.0    5.0
451 6221.263810 2.071E-62 5.798E-10.00290.00315535.7433-.010.000027              6              4                    Q  2m     582220 3 3 2 3 2 2     5.0    5.0
451 6224.613062 1.649E-63 6.332E-09.00390.00416936.2554-.020.000030              3              1                    Q 16m     582220 3 3 2 3 2 2    33.0   33.0
451 6224.613062 6.109E-62 2.344E-07.00450.00416936.25540.630.000294              3              1                    Q 16q     382220 3 3 1 2 1 1    33.0   33.0
451 6235.746156 8.641E-76 4.415E-08.00910.00923016.22250.660.000403              8              5                    O 10q     382220 3 3 1 2 1 1    17.0   21.0
451 6241.547869 7.720E-86 5.230E-07.00940.00928284.69500.620.000448             11              8                    S  6q     482220 3 3 1 2 1 1    17.0   13.0
451 6244.013852 2.245E-58 1.396E-06.00470.00515345.80980.570.000216              6              4                    Q  1q     382220 3 3 1 2 1 1     9.0    9.0
451 6244.013852 3.087E-62 1.921E-10.00470.00515345.8098-.020.000022              6              4                    Q  1m     582220 3 3 2 3 2 2     9.0    9.0
451 6244.633350 4.338E-87 5.566E-09.01220.01228102.16560.000.000048              7              4                    Q 18m     572220 3 3 2 3 2 2    37.0   37.0
451 6244.633350 2.191E-85 2.812E-07.00910.00928102.16560.640.000438              7              4                    Q 18q     482220 3 3 1 2 1 1    37.0   37.0
451 6246.484956 2.702E-85 3.130E-07.00540.00528102.16560.580.000422              6              4                    S 18q     482220 3 3 1 2 1 1    41.0   37.0
451 6268.120335 1.553E-83 3.872E-07.00900.00927479.51420.640.000445              8              5                    Q 15q     482220 3 3 1 2 1 1    93.0   93.0
451 6268.120335 2.265E-85 5.648E-09.01250.01327479.5142-.010.000048              8              5                    Q 15m     582220 3 3 2 3 2 2    93.0   93.0
451 6268.543439 6.024E-79 2.143E-06.00880.00925056.40700.600.000377             10              7                    O  4q     482220 3 3 1 2 1 1     5.0    9.0
451 6283.363016 1.191E-82 8.023E-07.00890.00926903.11700.520.000403             11              8                    S  1q     482220 3 3 1 2 1 1    21.0    9.0
451 6286.501925 4.577E-68 1.023E-08.00860.00919212.98830.660.000336              3              0                    O 20q     382220 3 3 1 2 1 1    37.0   41.0
451 6296.063680 1.296E-65 1.323E-06.00490.00518760.34360.550.000200              7              5                    S  2q     482220 3 3 1 2 1 1     9.0    5.0
451 6297.701756 2.353E-87 1.129E-07.01010.01029118.97510.560.000483              5              2                    Q 23q     382220 3 3 1 2 1 1   141.0  141.0
451 6297.701756 6.182E-89 2.967E-09.00820.00829118.97510.010.000051              5              2                    Q 23m     572220 3 3 2 3 2 2   141.0  141.0
451 6311.109925 9.500E-84 2.261E-09.01280.01326370.3002-.040.000047             10              7                    Q  7m     582220 3 3 2 3 2 2    45.0   45.0
451 6311.109925 2.631E-81 6.261E-07.00880.00926370.30020.650.000403             10              7                    Q  7q     482220 3 3 1 2 1 1    45.0   45.0
451 6312.330145 1.843E-84 6.803E-07.00950.01027881.66970.630.000450             11              8                    S  5q     482220 3 3 1 2 1 1    45.0   33.0
451 6313.230639 3.481E-58 6.635E-07.00450.00415228.88930.620.000296              5              3                    Q  8q     382220 3 3 1 2 1 1    17.0   17.0
451 6313.230639 2.559E-60 4.880E-09.00330.00315228.8893-.060.000030              5              3                    Q  8m     582220 3 3 2 3 2 2    17.0   17.0
451 6320.604519 8.445E-75 1.362E-09.00890.00921869.42620.660.000396              7              4                    O 12q     382220 3 3 1 2 1 1    21.0   25.0
451 6322.032678 1.336E-86 5.739E-07.00570.00629094.64410.520.000435              5              3                    S 21q     482220 3 3 1 2 1 1   141.0  129.0
451 6324.426745 3.817E-40 4.138E-07.00410.004 6454.38870.660.000227              3              1                    O  6q     382220 3 3 1 2 1 1     9.0   13.0
451 6326.322635 5.338E-76 5.140E-07.00910.00923750.84490.650.000405              9              6                    O  7q     482220 3 3 1 2 1 1    33.0   45.0
451 6326.998551 1.801E-86 1.294E-08.01340.01328105.63640.650.000562             10              6                    O 13q     582220 3 3 1 2 1 1    69.0   81.0
451 6332.252852 7.533E-59 4.396E-07.00450.00415537.17360.630.000292              4              2                    Q 12q     382220 3 3 1 2 1 1    25.0   25.0
451 6332.252852 1.154E-60 6.740E-09.00360.00415537.1736-.030.000030              4              2                    Q 12m     582220 3 3 2 3 2 2    25.0   25.0
451 6333.752564 1.735E-68 2.833E-08.00870.00919595.53450.650.000353              4              1                    O 18q     382220 3 3 1 2 1 1    33.0   37.0
451 6333.804699 2.744E-83 8.790E-07.00980.01027046.29700.590.000404             11              8                    S  2q     482220 3 3 1 2 1 1     9.0    5.0
451 6336.212269 5.155E-87 2.272E-08.01360.01428190.03060.640.000562             11              7                    O 10q     482220 3 3 1 2 1 1    17.0   21.0
451 6343.773468 4.267E-86 6.336E-08.01310.01328102.16560.650.000510              8              4                    O 18q     482220 3 3 1 2 1 1    33.0   37.0
451 6349.525832 1.475E-81 3.875E-09.00400.00425590.11180.650.000281              7              5                    S 13q     482220 3 3 1 2 1 1    93.0   81.0
451 6350.052325 3.295E-84 8.033E-07.00930.00927538.44900.620.000433             11              8                    S  4q     482220 3 3 1 2 1 1    13.0    9.0
451 6356.616985 3.535E-83 8.743E-07.00950.01027258.91210.610.000403             11              8                    S  3q     482220 3 3 1 2 1 1    33.0   21.0
451 6356.795185 5.393E-61 8.942E-08.00450.00416304.80690.640.000292              2              0                    Q 18q     382220 3 3 1 2 1 1    37.0   37.0
451 6356.795185 1.646E-62 2.729E-09.00410.00416304.8069-.000.000031              2              0                    Q 18m     582220 3 3 2 3 2 2    37.0   37.0
451 6358.050257 2.023E-71 2.722E-08.00880.00920918.19810.640.000384              6              3                    O 14q     382220 3 3 1 2 1 1    25.0   29.0
451 6359.646373 1.347E-69 3.954E-08.00880.00920161.71090.640.000372              5              2                    O 16q     382220 3 3 1 2 1 1    29.0   33.0
451 6375.178161 8.920E-59 2.449E-07.00440.00415649.59370.640.000291              3              1                    Q 15q     382220 3 3 1 2 1 1    93.0   93.0
451 6375.178161 1.983E-60 5.447E-09.00380.00415649.5937-.020.000031              3              1                    Q 15m     582220 3 3 2 3 2 2    93.0   93.0
451 6395.845858 1.664E-45 1.550E-06.00440.004 9139.89760.650.000236              4              2                    O  4q     382220 3 3 1 2 1 1     5.0    9.0
451 6399.448105 3.257E-56 6.819E-07.00450.00414495.44310.620.000294              5              3                    Q  7q     382220 3 3 1 2 1 1    45.0   45.0
451 6399.448105 1.779E-58 3.727E-09.00390.00414495.4431-.040.000032              5              3                    Q  7m     582220 3 3 2 3 2 2    45.0   45.0
451 6404.056072 1.319E-65 1.382E-06.00360.00419026.00430.610.000165              7              5                    S  3q     482220 3 3 1 2 1 1    33.0   21.0
451 6406.998644 1.898E-81 5.188E-07.00890.00926480.52630.650.000412              9              6                    Q 11q     482220 3 3 1 2 1 1    69.0   69.0
451 6406.998644 1.456E-83 3.981E-09.01270.01326480.5263-.020.000046              9              6                    Q 11m     582220 3 3 2 3 2 2    69.0   69.0
451 6407.232809 8.793E-52 6.764E-06.00430.00412084.69700.650.000208              5              3                    O  2q     382220 3 3 1 2 1 1     1.0    5.0
451 6419.589313 3.812E-86 5.160E-07.00990.01028284.69500.670.000563             12              8                    O  6q     382220 3 3 1 2 1 1     9.0   13.0
451 6433.982116 5.597E-88 5.476E-08.01000.01029273.58570.570.000480              4              1                    Q 25q     382220 3 3 1 2 1 1   153.0  153.0
451 6433.982116 1.460E-89 1.430E-09.00870.00929273.58570.010.000051              4              1                    Q 25m     582220 3 3 2 3 2 2   153.0  153.0
451 6445.310482 7.100E-83 1.507E-07.00520.00527008.44840.580.000395              6              4                    S 17q     482220 3 3 1 2 1 1   117.0  105.0
451 6449.237272 8.663E-81 6.532E-07.00870.00925869.50960.650.000394             10              7                    Q  6q     482220 3 3 1 2 1 1    13.0   13.0
451 6449.237272 2.114E-83 1.594E-09.01170.01225869.5096-.050.000045             10              7                    Q  6m     582220 3 3 2 3 2 2    13.0   13.0
451 6453.883558 4.052E-58 5.578E-09.00360.00414493.5384-.030.000030              4              2                    Q 11m     582220 3 3 2 3 2 2    69.0   69.0
451 6453.883558 3.308E-56 4.550E-07.00450.00414493.53840.630.000289              4              2                    Q 11q     382220 3 3 1 2 1 1    69.0   69.0
451 6454.513111 5.354E-79 5.913E-08.00390.00424691.59620.660.000258              7              5                    S 12q     482220 3 3 1 2 1 1    29.0   25.0
451 6455.390143 1.082E-85 5.326E-08.01270.01327891.40880.630.000502              7              3                    O 20q     382220 3 3 1 2 1 1    37.0   41.0
451 6456.406524 6.620E-78 3.168E-06.00870.00924752.46340.590.000291             10              7                    O  3q     482220 3 3 1 2 1 1     9.0   21.0
451 6457.241749 4.454E-85 1.980E-07.00970.01027891.40880.590.000495              6              3                    Q 20q     482220 3 3 1 2 1 1    41.0   41.0
451 6457.241749 8.765E-87 3.897E-09.00870.00927891.40880.010.000050              6              3                    Q 20m     582220 3 3 2 3 2 2    41.0   41.0
451 6466.726825 2.393E-33 9.390E-08.00410.004 3187.47050.660.000217              2              0                    O  7q     382220 3 3 1 2 1 1    33.0   45.0
451 6475.713204 2.289E-55 6.991E-07.00440.00413839.11330.620.000289              5              3                    Q  6q     382220 3 3 1 2 1 1    13.0   13.0
451 6475.713204 9.001E-58 2.752E-09.00380.00413839.1133-.040.000031              5              3                    Q  6m     582220 3 3 2 3 2 2    13.0   13.0
451 6491.983949 1.727E-73 8.767E-08.00910.00922251.10950.650.000408              8              5                    O  9q     382220 3 3 1 2 1 1    45.0   57.0
451 6493.481337 9.087E-67 1.362E-06.00370.00419376.02850.660.000202              7              5                    S  4q     482220 3 3 1 2 1 1    13.0    9.0
451 6506.641423 1.079E-58 8.247E-07.00520.00515250.36570.520.000277              6              4                    S  0q     382220 3 3 1 2 1 1     5.0    1.0
451 6507.476785 3.008E-87 8.562E-08.01010.01028884.04040.600.000497             10              7                    S 11q     482220 3 3 1 2 1 1    81.0   69.0
451 6518.977818 1.206E-56 2.547E-07.00440.00414399.22040.630.000287              3              1                    Q 14q     382220 3 3 1 2 1 1    29.0   29.0
451 6518.977818 2.208E-58 4.667E-09.00380.00414399.2204-.020.000030              3              1                    Q 14m     582220 3 3 2 3 2 2    29.0   29.0
451 6519.132133 3.931E-59 2.391E-09.00400.00414881.5525-.010.000031              2              0                    Q 17m     582220 3 3 2 3 2 2   105.0  105.0
451 6519.132133 1.535E-57 9.338E-08.00440.00414881.55250.640.000288              2              0                    Q 17q     382220 3 3 1 2 1 1   105.0  105.0
451 6525.606548 9.954E-86 3.241E-08.01270.01327823.04400.610.000480              6              2                    O 22q     382220 3 3 1 2 1 1    41.0   45.0
451 6527.881587 5.021E-82 4.133E-07.00900.00926521.35700.650.000438              8              5                    Q 14q     482220 3 3 1 2 1 1    29.0   29.0
451 6527.881587 5.393E-84 4.440E-09.01240.01226521.3570-.010.000048              8              5                    Q 14m     582220 3 3 2 3 2 2    29.0   29.0
451 6536.489531 2.800E-76 1.737E-07.00390.00423831.67230.660.000252              7              5                    S 11q     482220 3 3 1 2 1 1    81.0   69.0
451 6538.630076 1.238E-82 3.014E-07.00910.00927008.44840.640.000459              7              4                    Q 17q     482220 3 3 1 2 1 1   105.0  105.0
451 6538.630076 1.814E-84 4.416E-09.01230.01227008.44840.010.000049              7              4                    Q 17m     582220 3 3 2 3 2 2   105.0  105.0
451 6541.727653 2.567E-56 1.940E-09.00370.00413265.2681-.040.000031              5              3                    Q  5m     582220 3 3 2 3 2 2    33.0   33.0
451 6541.727653 9.489E-54 7.161E-07.00440.00413265.26810.620.000282              5              3                    Q  5q     382220 3 3 1 2 1 1    33.0   33.0
451 6544.843587 4.494E-89 1.644E-08.01000.01029553.43320.580.000480              3              0                    Q 27q     382220 3 3 1 2 1 1   165.0  165.0
451 6544.843587 1.176E-90 4.312E-10.00930.00929553.43320.020.000052              3              0                    Q 27m     582220 3 3 2 3 2 2   165.0  165.0
451 6556.661789 2.807E-75 7.673E-07.00910.00923209.75760.650.000414              9              6                    O  6q     482220 3 3 1 2 1 1     9.0   13.0
451 6562.705866 3.304E-86 1.388E-08.01260.01327892.30000.610.000453              5              1                    O 24q     382220 3 3 1 2 1 1    45.0   49.0
451 6563.304875 3.545E-67 1.274E-06.00380.00419806.99550.670.000219              7              5                    S  5q     482220 3 3 1 2 1 1    45.0   33.0
451 6563.596997 8.833E-85 3.696E-07.00560.00627891.40880.520.000412              5              3                    S 20q     482220 3 3 1 2 1 1    45.0   41.0
451 6567.136455 1.210E-54 4.691E-07.00440.00413507.28160.630.000278              4              2                    Q 10q     382220 3 3 1 2 1 1    21.0   21.0
451 6567.136455 1.176E-56 4.561E-09.00350.00413507.2816-.040.000029              4              2                    Q 10m     582220 3 3 2 3 2 2    21.0   21.0
451 6567.392705 2.977E-82 1.083E-09.01030.01025430.0601-.060.000045             10              7                    Q  5m     582220 3 3 2 3 2 2    33.0   33.0
451 6567.392705 1.862E-79 6.775E-07.00860.00925430.06010.640.000383             10              7                    Q  5q     482220 3 3 1 2 1 1    33.0   33.0
451 6568.078058 1.762E-84 5.538E-08.01330.01327479.51420.650.000523              9              5                    O 15q     482220 3 3 1 2 1 1    81.0   93.0
451 6570.160150 2.662E-38 5.934E-07.00410.004 5813.92170.650.000236              3              1                    O  5q     382220 3 3 1 2 1 1    21.0   33.0
451 6570.578784 1.582E-64 1.112E-08.00850.00917750.33200.650.000337              3              0                    O 19q     382220 3 3 1 2 1 1   105.0  117.0
451 6573.190461 3.249E-87 3.347E-09.01220.01228093.69870.630.000441              4              0                    O 26q     382220 3 3 1 2 1 1    49.0   53.0
451 6588.528836 1.105E-73 8.069E-11.00900.00920947.42170.660.000399              7              4                    O 11q     382220 3 3 1 2 1 1    57.0   69.0
451 6588.592731 1.146E-86 5.544E-07.00570.00629118.97510.530.000421              4              2                    S 23q     382220 3 3 1 2 1 1   153.0  141.0
451 6595.868091 8.644E-75 3.360E-07.00390.00423016.22250.660.000266              7              5                    S 10q     482220 3 3 1 2 1 1    25.0   21.0
451 6597.213405 2.779E-53 7.353E-07.00440.00412778.81530.610.000262              5              3                    Q  4q     382220 3 3 1 2 1 1     9.0    9.0
451 6597.213405 4.830E-56 1.279E-09.00360.00412778.8153-.030.000029              5              3                    Q  4m     582220 3 3 2 3 2 2     9.0    9.0
451 6609.150632 1.263E-82 3.058E-09.01270.01325724.3588-.020.000046              9              6                    Q 10m     582220 3 3 2 3 2 2    21.0   21.0
451 6609.150632 2.253E-80 5.453E-07.00880.00925724.35880.650.000411              9              6                    Q 10q     482220 3 3 1 2 1 1    21.0   21.0
451 6612.705587 9.922E-69 1.131E-06.00380.00420314.82630.670.000246              7              5                    S  6q     482220 3 3 1 2 1 1    17.0   13.0
451 6616.742726 3.205E-65 2.975E-08.00870.00918253.41720.650.000353              4              1                    O 17q     382220 3 3 1 2 1 1    93.0  105.0
451 6619.547360 1.208E-81 4.507E-08.00530.00525929.28680.590.000406              6              4                    S 16q     482220 3 3 1 2 1 1    37.0   33.0
451 6623.108009 3.154E-44 2.304E-06.00560.006 8722.70200.670.000221              4              2                    O  3q     382220 3 3 1 2 1 1     9.0   21.0
451 6628.887397 4.405E-78 6.509E-06.00750.00824521.50350.560.000274             10              7                    O  2q     482220 3 3 1 2 1 1     1.0    5.0
451 6631.961796 3.908E-85 1.197E-07.01000.01027823.04400.560.000486              5              2                    Q 22q     382220 3 3 1 2 1 1    45.0   45.0
451 6631.961796 7.810E-87 2.394E-09.00810.00827823.04400.010.000050              5              2                    Q 22m     582220 3 3 2 3 2 2    45.0   45.0
451 6632.931014 1.537E-72 5.310E-07.00390.00422251.10950.660.000261              7              5                    S  9q     482220 3 3 1 2 1 1    69.0   57.0
451 6633.636449 7.424E-69 2.157E-08.00900.00919846.89020.640.000386              6              3                    O 13q     382220 3 3 1 2 1 1    69.0   81.0
451 6639.989794 1.218E-66 3.865E-08.00890.00918950.12220.630.000373              5              2                    O 15q     382220 3 3 1 2 1 1    81.0   93.0
451 6641.059648 1.648E-69 9.472E-07.00380.00420894.89090.670.000229              7              5                    S  7q     482220 3 3 1 2 1 1    57.0   45.0
451 6641.922710 4.522E-52 7.628E-07.00560.00612384.08180.610.000246              5              3                    Q  3q     382220 3 3 1 2 1 1    21.0   21.0
451 6641.922710 4.505E-55 7.605E-10.00430.00412384.0818-.030.000029              5              3                    Q  3m     582220 3 3 2 3 2 2    21.0   21.0
451 6647.911046 2.039E-71 7.410E-07.00390.00421542.11970.660.000235              7              5                    S  8q     482220 3 3 1 2 1 1    21.0   17.0
451 6655.737751 1.188E-53 2.636E-07.00440.00413191.15250.640.000276              3              1                    Q 13q     382220 3 3 1 2 1 1    81.0   81.0
451 6655.737751 1.787E-55 3.966E-09.00380.00413191.1525-.020.000029              3              1                    Q 13m     582220 3 3 2 3 2 2    81.0   81.0
451 6658.049433 5.773E-85 4.416E-08.01370.01427535.95040.640.000552             11              7                    O  9q     482220 3 3 1 2 1 1    45.0   57.0
451 6659.740647 3.768E-58 1.142E-06.00560.00615345.80980.590.000285              6              4                    S  1q     382220 3 3 1 2 1 1    21.0    9.0
451 6665.662929 8.544E-85 7.535E-07.01330.01327881.66970.610.000556             12              8                    O  5q     482220 3 3 1 2 1 1    21.0   33.0
451 6665.761950 3.140E-79 7.018E-07.00880.00925056.40700.610.000369             10              7                    Q  4q     482220 3 3 1 2 1 1     9.0    9.0
451 6665.761950 3.105E-82 6.942E-10.00920.00925056.4070-.050.000042             10              7                    Q  4m     582220 3 3 2 3 2 2     9.0    9.0
451 6671.665413 2.206E-54 3.669E-09.00350.00412584.7162-.040.000028              4              2                    Q  9m     582220 3 3 2 3 2 2    57.0   57.0
451 6671.665413 2.898E-52 4.819E-07.00440.00412584.71620.630.000283              4              2                    Q  9q     382220 3 3 1 2 1 1    57.0   57.0
451 6675.646750 4.932E-52 8.236E-07.00510.00512084.69700.580.000236              5              3                    Q  2q     382220 3 3 1 2 1 1     5.0    5.0
451 6675.646750 2.260E-55 3.778E-10.00390.00412084.69700.030.000026              5              3                    Q  2m     582220 3 3 2 3 2 2     5.0    5.0
451 6675.721375 9.092E-57 2.089E-09.00410.00413485.9897-.010.000031              2              0                    Q 16m     582220 3 3 2 3 2 2    33.0   33.0
451 6675.721375 4.225E-55 9.708E-08.00440.00413485.98970.640.000276              2              0                    Q 16q     382220 3 3 1 2 1 1    33.0   33.0
451 6686.258416 2.254E-85 1.054E-08.01350.01327276.24810.650.000561             10              6                    O 12q     482220 3 3 1 2 1 1    21.0   25.0
451 6698.222683 3.299E-51 1.159E-06.00510.00511883.48780.620.000223              5              3                    Q  1q     382220 3 3 1 2 1 1     9.0    9.0
451 6698.222683 3.567E-55 1.254E-10.00580.00611883.48780.000.000024              5              3                    Q  1m     582220 3 3 2 3 2 2     9.0    9.0
451 6721.920701 6.568E-86 2.215E-07.01000.01028190.03060.610.000483             10              7                    S 10q     482220 3 3 1 2 1 1    25.0   21.0
451 6725.000728 3.875E-32 1.410E-07.00410.004 2414.89700.660.000227              2              0                    O  6q     382220 3 3 1 2 1 1     9.0   13.0
451 6728.023915 8.152E-87 2.912E-07.01300.01328884.04040.640.000546             11              7                    Q 11q     382220 3 3 1 2 1 1    69.0   69.0
451 6728.023915 4.087E-89 1.459E-09.01860.01928884.04040.030.000061             11              7                    Q 11m     582220 3 3 2 3 2 2    69.0   69.0
451 6739.186226 2.517E-83 7.348E-08.01320.01327008.44840.650.000515              8              4                    O 17q     482220 3 3 1 2 1 1    93.0  105.0
451 6742.575446 2.669E-72 1.612E-07.00910.00921542.11970.650.000408              8              5                    O  8q     382220 3 3 1 2 1 1    13.0   17.0
451 6744.435860 3.273E-78 7.325E-07.00890.00924752.46340.560.000346             10              7                    Q  3q     482220 3 3 1 2 1 1    21.0   21.0
451 6744.435860 1.805E-81 4.041E-10.00800.00824752.4634-.020.000040             10              7                    Q  3m     582220 3 3 2 3 2 2    21.0   21.0
451 6762.400508 6.343E-84 3.175E-09.00870.00926691.35840.000.000049              6              3                    Q 19m     582220 3 3 2 3 2 2   117.0  117.0
451 6762.400508 4.182E-82 2.092E-07.00970.01026691.35840.590.000488              6              3                    Q 19q     382220 3 3 1 2 1 1   117.0  117.0
451 6767.107182 5.427E-51 4.935E-07.00430.00411732.11480.640.000280              4              2                    Q  8q     382220 3 3 1 2 1 1    17.0   17.0
451 6767.107182 3.181E-53 2.894E-09.00350.00311732.1148-.040.000028              4              2                    Q  8m     582220 3 3 2 3 2 2    17.0   17.0
451 6768.270735 1.031E-81 3.534E-09.01240.01225590.1118-.020.000046              8              5                    Q 13m     582220 3 3 2 3 2 2    81.0   81.0
451 6768.270735 1.269E-79 4.348E-07.00890.00925590.11180.650.000431              8              5                    Q 13q     482220 3 3 1 2 1 1    81.0   81.0
451 6770.724159 1.567E-80 1.252E-09.00520.00524870.15970.590.000398              6              4                    S 15q     482220 3 3 1 2 1 1   105.0   93.0
451 6774.589122 1.391E-85 5.717E-08.01000.01027892.30000.570.000478              4              1                    Q 24q     382220 3 3 1 2 1 1    49.0   49.0
451 6774.589122 2.862E-87 1.178E-09.00870.00927892.30000.020.000049              4              1                    Q 24m     582220 3 3 2 3 2 2    49.0   49.0
451 6777.278070 9.057E-74 1.131E-06.00900.00922735.58600.630.000404              9              6                    O  5q     482220 3 3 1 2 1 1    21.0   33.0
451 6779.896957 4.460E-82 2.034E-07.00560.00626691.35840.530.000406              5              3                    S 19q     482220 3 3 1 2 1 1   129.0  117.0
451 6785.131639 1.020E-51 2.719E-07.00440.00412031.60910.640.000279              3              1                    Q 12q     382220 3 3 1 2 1 1    25.0   25.0
451 6785.131639 1.256E-53 3.347E-09.00380.00412031.6091-.020.000030              3              1                    Q 12m     582220 3 3 2 3 2 2    25.0   25.0
451 6792.275197 7.871E-81 2.343E-09.01260.01325013.5715-.030.000047              9              6                    Q  9m     582220 3 3 2 3 2 2    57.0   57.0
451 6792.275197 1.907E-78 5.674E-07.00880.00925013.57150.650.000409              9              6                    Q  9q     482220 3 3 1 2 1 1    57.0   57.0
451 6797.112768 7.155E-59 1.327E-06.00590.00615535.74330.620.000296              6              4                    S  2q     382220 3 3 1 2 1 1     9.0    5.0
451 6803.446941 2.551E-78 7.941E-07.00680.00724521.50350.400.000311             10              7                    Q  2q     482220 3 3 1 2 1 1     5.0    5.0
451 6803.446941 6.348E-82 1.976E-10.00650.00724521.50350.040.000039             10              7                    Q  2m     582220 3 3 2 3 2 2     5.0    5.0
451 6812.952041 8.079E-83 3.582E-09.01220.01225929.28680.000.000048              7              4                    Q 16m     582220 3 3 2 3 2 2    33.0   33.0
451 6812.952041 7.166E-81 3.176E-07.00900.00925929.28680.640.000452              7              4                    Q 16q     482220 3 3 1 2 1 1    33.0   33.0
451 6813.317714 1.188E-37 8.560E-07.00450.004 5271.37940.660.000231              3              1                    O  4q     382220 3 3 1 2 1 1     5.0    9.0
451 6824.567641 3.543E-86 3.752E-07.01270.01328284.69500.630.000515             12              8                    Q  6q     382220 3 3 1 2 1 1    13.0   13.0
451 6824.567641 5.432E-89 5.750E-10.01670.01728284.69500.000.000059             12              8                    Q  6m     582220 3 3 2 3 2 2    13.0   13.0
451 6824.691064 4.271E-87 4.360E-07.00570.00629273.58570.540.000423              3              1                    S 25q     382220 3 3 1 2 1 1   165.0  153.0
451 6826.303347 8.853E-52 1.005E-07.00440.00412123.81910.640.000272              2              0                    Q 15q     382220 3 3 1 2 1 1    93.0   93.0
451 6826.303347 1.601E-53 1.818E-09.00400.00412123.8191-.010.000029              2              0                    Q 15m     582220 3 3 2 3 2 2    93.0   93.0
451 6835.753902 5.773E-89 6.526E-09.01040.01028962.76890.590.000533              9              6                    S 14q     482220 3 3 1 2 1 1    33.0   29.0
451 6842.796754 1.363E-77 1.120E-06.00770.00824366.07320.530.000312             10              7                    Q  1q     482220 3 3 1 2 1 1     9.0    9.0
451 6842.796754 7.900E-82 6.495E-11.01040.01024366.07320.030.000034             10              7                    Q  1m     582220 3 3 2 3 2 2     9.0    9.0
451 6843.845053 1.256E-84 3.763E-07.00550.00527823.04400.540.000415              4              2                    S 22q     382220 3 3 1 2 1 1    49.0   45.0
451 6844.004980 3.166E-44 4.775E-06.00440.004 8406.36090.660.000200              4              2                    O  2q     382220 3 3 1 2 1 1     1.0    5.0
451 6853.093496 6.234E-49 5.042E-07.00440.00410955.61770.640.000268              4              2                    Q  7q     382220 3 3 1 2 1 1    45.0   45.0
451 6853.093496 2.748E-51 2.223E-09.00390.00410955.6177-.030.000029              4              2                    Q  7m     582220 3 3 2 3 2 2    45.0   45.0
451 6853.114014 1.263E-70 4.804E-09.00910.00920074.41780.660.000403              7              4                    O 10q     382220 3 3 1 2 1 1    17.0   21.0
451 6855.720102 1.077E-82 6.169E-08.01270.01326691.35840.630.000501              7              3                    O 19q     382220 3 3 1 2 1 1   105.0  117.0
451 6856.061537 5.478E-62 1.185E-08.00860.00916304.80690.650.000337              3              0                    O 18q     382220 3 3 1 2 1 1    33.0   37.0
451 6887.768415 1.487E-84 1.109E-06.01230.01227538.44900.570.000511             12              8                    O  4q     482220 3 3 1 2 1 1     5.0    9.0
451 6890.050299 1.616E-86 1.691E-08.00990.01028093.69870.580.000474              3              0                    Q 26q     382220 3 3 1 2 1 1    53.0   53.0
451 6890.050299 3.451E-88 3.618E-10.00930.00928093.69870.010.000051              3              0                    Q 26m     582220 3 3 2 3 2 2    53.0   53.0
451 6896.684536 7.470E-84 3.999E-07.00990.01027535.95040.610.000485             10              7                    S  9q     482220 3 3 1 2 1 1    69.0   57.0
451 6897.765413 1.796E-87 2.352E-07.01320.01328962.76890.630.000573             10              6                    Q 14q     482220 3 3 1 2 1 1    29.0   29.0
451 6897.765413 1.231E-89 1.611E-09.01860.01928962.76890.050.000062             10              6                    Q 14m     572220 3 3 2 3 2 2    29.0   29.0
451 6899.772780 1.117E-77 1.942E-08.00520.00523836.65360.590.000389              6              4                    S 14q     482220 3 3 1 2 1 1    33.0   29.0
451 6900.398465 5.647E-63 3.030E-08.00870.00916936.25540.640.000345              4              1                    O 16q     382220 3 3 1 2 1 1    29.0   33.0
451 6906.791945 5.993E-49 2.793E-07.00440.00410926.97290.640.000276              3              1                    Q 11q     382220 3 3 1 2 1 1    69.0   69.0
451 6906.791945 5.998E-51 2.794E-09.00380.00410926.9729-.030.000028              3              1                    Q 11m     582220 3 3 2 3 2 2    69.0   69.0
451 6907.618392 2.055E-67 1.423E-08.00900.00918816.74070.640.000388              6              3                    O 12q     382220 3 3 1 2 1 1    21.0   25.0
451 6917.298371 6.897E-59 1.427E-06.00460.00515818.28780.620.000305              6              4                    S  3q     382220 3 3 1 2 1 1    33.0   21.0
451 6920.025398 9.831E-65 3.569E-08.00890.00917771.57110.630.000374              5              2                    O 14q     382220 3 3 1 2 1 1    25.0   29.0
451 6929.042321 1.596E-82 3.729E-08.01280.01326524.71660.620.000479              6              2                    O 21q     382220 3 3 1 2 1 1   117.0  129.0
451 6929.262859 5.255E-48 5.143E-07.00440.00410261.12850.630.000274              4              2                    Q  6q     382220 3 3 1 2 1 1    13.0   13.0
451 6929.262859 1.685E-50 1.650E-09.00380.00410261.1285-.040.000030              4              2                    Q  6m     582220 3 3 2 3 2 2    13.0   13.0
451 6939.904638 5.405E-83 5.833E-08.01330.01326521.35700.650.000527              9              5                    O 14q     482220 3 3 1 2 1 1    25.0   29.0
451 6946.538770 5.864E-82 1.249E-07.01000.01026524.71660.570.000480              5              2                    Q 21q     382220 3 3 1 2 1 1   129.0  129.0
451 6946.538770 9.382E-84 2.000E-09.00810.00826524.71660.010.000049              5              2                    Q 21m     582220 3 3 2 3 2 2   129.0  129.0
451 6956.871998 4.192E-80 1.778E-09.01250.01224353.8836-.030.000046              9              6                    Q  8m     582220 3 3 2 3 2 2    17.0   17.0
451 6956.871998 1.382E-77 5.858E-07.00880.00924353.88360.650.000407              9              6                    Q  8q     482220 3 3 1 2 1 1    17.0   17.0
451 6960.969655 5.586E-84 8.400E-08.01370.01426927.53170.640.000552             11              7                    O  8q     482220 3 3 1 2 1 1    13.0   17.0
451 6967.753014 8.181E-83 1.581E-08.01260.01326503.50240.610.000457              5              1                    O 23q     382220 3 3 1 2 1 1   129.0  141.0
451 6970.543498 6.010E-89 2.789E-09.01300.01328884.04040.680.000680             12              7                    O 11q     382220 3 3 1 2 1 1    57.0   69.0
451 6970.559116 1.694E-49 1.037E-07.00440.00410801.01210.640.000268              2              0                    Q 14q     382220 3 3 1 2 1 1    29.0   29.0
451 6970.559116 2.569E-51 1.573E-09.00400.00410801.0121-.040.000030              2              0                    Q 14m     582220 3 3 2 3 2 2    29.0   29.0
451 6973.353450 1.823E-80 8.435E-08.00550.00625499.49000.540.000411              5              3                    S 18q     382220 3 3 1 2 1 1    41.0   37.0
451 6977.952919 1.677E-51 7.040E-07.00540.00511782.39090.590.000272              5              3                    S  0q     382220 3 3 1 2 1 1     5.0    1.0
451 6978.537574 1.195E-83 3.769E-09.01250.01226621.84590.630.000442              4              0                    O 25q     382220 3 3 1 2 1 1   141.0  153.0
451 6982.512598 3.297E-30 2.087E-07.00410.004 1740.18960.660.000217              2              0                    O  5q     382220 3 3 1 2 1 1    21.0   33.0
451 6986.778936 2.536E-70 2.787E-07.00910.00920894.89090.650.000405              8              5                    O  7q     382220 3 3 1 2 1 1    33.0   45.0
451 6986.886868 2.120E-73 1.669E-06.00880.00922332.85580.600.000377              9              6                    O  4q     482220 3 3 1 2 1 1     5.0    9.0
451 6990.522611 3.010E-78 4.522E-07.00890.00924691.59620.650.000424              8              5                    Q 12q     482220 3 3 1 2 1 1    25.0   25.0
451 6990.522611 1.886E-80 2.834E-09.01230.01224691.5962-.010.000047              8              5                    Q 12m     582220 3 3 2 3 2 2    25.0   25.0
451 6995.271790 5.677E-49 1.168E-09.00370.004 9654.1972-.040.000028              4              2                    Q  5m     582220 3 3 2 3 2 2    33.0   33.0
451 6995.271790 2.552E-46 5.246E-07.00430.004 9654.19720.630.000258              4              2                    Q  5q     382220 3 3 1 2 1 1    33.0   33.0
451 7007.224922 1.960E-74 9.557E-08.00510.00522834.47140.600.000373              6              4                    S 13q     482220 3 3 1 2 1 1    93.0   81.0
451 7010.255247 2.390E-88 3.750E-08.01300.01328962.76890.680.000664             11              6                    O 14q     382220 3 3 1 2 1 1    25.0   29.0
451 7011.538218 6.366E-85 3.953E-07.01250.01227881.66970.620.000501             12              8                    Q  5q     382220 3 3 1 2 1 1    33.0   33.0
451 7011.538218 6.169E-88 3.829E-10.01430.01427881.6697-.010.000058             12              8                    Q  5m     582220 3 3 2 3 2 2    33.0   33.0
451 7019.055197 4.398E-60 1.453E-06.00460.00516190.70270.630.000308              6              4                    S  4q     382220 3 3 1 2 1 1    13.0    9.0
451 7020.320779 2.881E-47 2.861E-07.00430.004 9883.73750.640.000264              3              1                    Q 10q     382220 3 3 1 2 1 1    21.0   21.0
451 7020.320779 2.319E-49 2.302E-09.00370.004 9883.7375-.020.000029              3              1                    Q 10m     582220 3 3 2 3 2 2    21.0   21.0
451 7028.839766 1.492E-83 5.940E-09.01350.01426480.52630.640.000540             10              6                    O 11q     482220 3 3 1 2 1 1    57.0   69.0
451 7034.974871 6.288E-83 5.979E-07.00960.01026927.53170.620.000476             10              7                    S  8q     482220 3 3 1 2 1 1    21.0   17.0
451 7037.035201 6.306E-78 6.748E-07.00780.00824287.91530.430.000379             10              7                    S  0q     482220 3 3 1 2 1 1     5.0    1.0
451 7049.344188 4.161E-80 2.180E-07.00980.01025499.49000.590.000468              6              3                    Q 18q     382220 3 3 1 2 1 1    37.0   37.0
451 7049.344188 5.057E-82 2.651E-09.00870.00925499.49000.000.000047              6              3                    Q 18m     582220 3 3 2 3 2 2    37.0   37.0
451 7050.805261 1.228E-48 7.729E-10.00360.004 9139.8976-.040.000029              4              2                    Q  4m     582220 3 3 2 3 2 2     9.0    9.0
451 7050.805261 8.537E-46 5.368E-07.00440.004 9139.89760.630.000263              4              2                    Q  4q     382220 3 3 1 2 1 1     9.0    9.0
451 7052.096474 2.574E-36 1.300E-06.00570.006 4831.39150.670.000208              3              1                    O  3q     382220 3 3 1 2 1 1     9.0   21.0
451 7053.516586 7.161E-86 3.166E-07.01290.01328190.03060.640.000538             11              7                    Q 10q     482220 3 3 1 2 1 1    21.0   21.0
451 7053.516586 2.457E-88 1.086E-09.01890.01928190.03060.030.000060             11              7                    Q 10m     582220 3 3 2 3 2 2    21.0   21.0
451 7069.478030 2.999E-80 2.952E-09.01210.01224870.15970.000.000048              7              4                    Q 15m     582220 3 3 2 3 2 2    93.0   93.0
451 7069.478030 3.360E-78 3.306E-07.00900.00924870.15970.640.000445              7              4                    Q 15q     382220 3 3 1 2 1 1    93.0   93.0
451 7075.666781 1.128E-81 2.281E-07.00560.00626524.71660.540.000406              4              2                    S 21q     382220 3 3 1 2 1 1   141.0  129.0
451 7084.935722 1.521E-83 1.714E-06.01220.01227258.91210.550.000413             12              8                    O  3q     482220 3 3 1 2 1 1     9.0   21.0
451 7091.448961 7.398E-85 3.081E-07.00560.00627892.30000.540.000406              3              1                    S 24q     382220 3 3 1 2 1 1    53.0   49.0
451 7093.342867 1.511E-72 2.222E-07.00510.00521869.42620.600.000372              6              4                    S 12q     482220 3 3 1 2 1 1    29.0   25.0
451 7095.586022 1.546E-44 5.555E-07.00570.006 8722.70200.640.000253              4              2                    Q  3q     382220 3 3 1 2 1 1    21.0   21.0
451 7095.586022 1.282E-47 4.610E-10.00450.004 8722.7020-.030.000028              4              2                    Q  3m     582220 3 3 2 3 2 2    21.0   21.0
451 7096.881025 5.481E-84 1.007E-09.00870.00926503.50240.000.000050              4              1                    Q 23m     582220 3 3 2 3 2 2   141.0  141.0
451 7096.881025 3.211E-82 5.892E-08.00970.01026503.50240.580.000472              4              1                    Q 23q     382220 3 3 1 2 1 1   141.0  141.0
451 7101.376358 1.556E-60 1.414E-06.00470.00516649.46880.630.000330              6              4                    S  5q     382220 3 3 1 2 1 1    45.0   33.0
451 7103.222138 6.754E-76 6.013E-07.00880.00923750.84490.650.000403              9              6                    Q  7q     482220 3 3 1 2 1 1    45.0   45.0
451 7103.222138 1.488E-78 1.325E-09.01240.01223750.8449-.030.000044              9              6                    Q  7m     582220 3 3 2 3 2 2    45.0   45.0
451 7108.119171 2.945E-48 1.351E-09.00400.004 9523.7916-.010.000029              2              0                    Q 13m     582220 3 3 2 3 2 2    81.0   81.0
451 7108.119171 2.324E-46 1.066E-07.00430.004 9523.79160.640.000273              2              0                    Q 13q     382220 3 3 1 2 1 1    81.0   81.0
451 7113.919041 7.303E-68 2.121E-08.00910.00919256.38140.650.000408              7              4                    O  9q     382220 3 3 1 2 1 1    45.0   57.0
451 7119.951825 1.470E-81 8.097E-08.01320.01325929.28680.650.000519              8              4                    O 16q     382220 3 3 1 2 1 1    29.0   33.0
451 7120.219652 1.054E-85 7.112E-08.01030.01028105.63640.590.000521              9              6                    S 13q     482220 3 3 1 2 1 1    93.0   81.0
451 7125.300941 8.878E-45 2.922E-07.00440.004 8908.44080.640.000270              3              1                    Q  9q     382220 3 3 1 2 1 1    57.0   57.0
451 7125.300941 5.670E-47 1.865E-09.00370.004 8908.4408-.030.000029              3              1                    Q  9m     582220 3 3 2 3 2 2    57.0   57.0
451 7129.382593 7.006E-48 2.295E-10.00400.004 8406.36090.000.000027              4              2                    Q  2m     582220 3 3 2 3 2 2     5.0    5.0
451 7129.382593 1.829E-44 5.985E-07.00530.005 8406.36090.620.000223              4              2                    Q  2q     382220 3 3 1 2 1 1     5.0    5.0
451 7130.826090 2.455E-77 9.391E-07.00890.00924366.07320.520.000403             10              7                    S  1q     482220 3 3 1 2 1 1    21.0    9.0
451 7139.065895 3.295E-81 7.922E-07.00970.01026370.30020.620.000466             10              7                    S  7q     582220 3 3 1 2 1 1    57.0   45.0
451 7142.516688 5.812E-51 9.949E-07.00570.00611883.48780.610.000291              5              3                    S  1q     382220 3 3 1 2 1 1    21.0    9.0
451 7143.219313 1.499E-58 1.236E-08.00870.00914881.55250.650.000338              3              0                    O 17q     382220 3 3 1 2 1 1    93.0  105.0
451 7145.462161 3.000E-78 1.661E-08.00550.00524320.91050.550.000394              5              3                    S 17q     382220 3 3 1 2 1 1   117.0  105.0
451 7152.015720 1.292E-43 8.410E-07.00520.005 8193.79430.640.000236              4              2                    Q  1q     382220 3 3 1 2 1 1     9.0    9.0
451 7152.015720 1.170E-47 7.627E-11.00570.006 8193.7943-.020.000024              4              2                    Q  1m     582220 3 3 2 3 2 2     9.0    9.0
451 7158.214821 6.407E-70 3.887E-07.00500.00520947.42170.610.000361              6              4                    S 11q     382220 3 3 1 2 1 1    81.0   69.0
451 7163.492749 3.879E-62 1.316E-06.00470.00517190.39110.620.000328              6              4                    S  6q     382220 3 3 1 2 1 1    17.0   13.0
451 7165.835325 9.208E-85 4.129E-07.01200.01227538.44900.590.000471             12              8                    Q  4q     382220 3 3 1 2 1 1     9.0    9.0
451 7165.835325 5.402E-88 2.422E-10.01180.01227538.4490-.010.000056             12              8                    Q  4m     582220 3 3 2 3 2 2     9.0    9.0
451 7179.807061 2.822E-65 6.545E-09.00900.00917833.76470.640.000389              6              3                    O 11q     382220 3 3 1 2 1 1    57.0   69.0
451 7184.013895 2.738E-72 2.579E-06.00870.00922005.55020.590.000291              9              6                    O  3q     482220 3 3 1 2 1 1     9.0   21.0
451 7184.877983 7.439E-60 2.979E-08.00880.00915649.59370.640.000353              4              1                    O 15q     382220 3 3 1 2 1 1    81.0   93.0
451 7195.433859 5.284E-76 4.663E-07.00890.00923831.67230.650.000412              8              5                    Q 11q     482220 3 3 1 2 1 1    69.0   69.0
451 7195.433859 2.581E-78 2.279E-09.01230.01223831.6723-.020.000046              8              5                    Q 11m     582220 3 3 2 3 2 2    69.0   69.0
451 7199.761910 5.473E-62 3.061E-08.00900.00916631.91060.630.000374              5              2                    O 13q     382220 3 3 1 2 1 1    69.0   81.0
451 7200.665452 5.618E-78 1.088E-06.00980.01024521.50350.590.000404             10              7                    S  2q     482220 3 3 1 2 1 1     9.0    5.0
451 7201.830469 2.038E-68 5.821E-07.00480.00520074.41780.610.000362              6              4                    S 10q     382220 3 3 1 2 1 1    25.0   21.0
451 7204.860739 5.659E-63 1.170E-06.00480.00517808.71100.620.000342              6              4                    S  7q     382220 3 3 1 2 1 1    57.0   45.0
451 7210.703805 1.333E-80 9.610E-07.00940.00925869.50960.620.000448             10              7                    S  6q     482220 3 3 1 2 1 1    17.0   13.0
451 7218.353981 5.543E-83 1.724E-08.00990.01026621.84590.580.000468              3              0                    Q 25q     382220 3 3 1 2 1 1   153.0  153.0
451 7218.353981 1.013E-84 3.155E-10.00940.00926621.84590.020.000050              3              0                    Q 25m     582220 3 3 2 3 2 2   153.0  153.0
451 7221.307190 1.041E-45 1.480E-09.00370.004 8007.5822-.040.000027              3              1                    Q  8m     582220 3 3 2 3 2 2    17.0   17.0
451 7221.307190 2.095E-43 2.978E-07.00430.004 8007.58220.640.000267              3              1                    Q  8q     382220 3 3 1 2 1 1    17.0   17.0
451 7223.622917 1.789E-69 4.595E-07.00910.00920314.82630.650.000414              8              5                    O  6q     382220 3 3 1 2 1 1     9.0   13.0
451 7224.145170 4.031E-66 7.874E-07.00490.00519256.38140.610.000348              6              4                    S  9q     382220 3 3 1 2 1 1    69.0   57.0
451 7225.137304 6.108E-65 9.888E-07.00480.00518499.22170.620.000349              6              4                    S  8q     382220 3 3 1 2 1 1    21.0   17.0
451 7231.451929 2.671E-75 6.149E-07.00870.00923209.75760.650.000394              9              6                    Q  6q     482220 3 3 1 2 1 1    13.0   13.0
451 7231.451929 4.174E-78 9.614E-10.01130.01123209.7576-.040.000044              9              6                    Q  6m     582220 3 3 2 3 2 2    13.0   13.0
451 7237.563558 1.741E-29 3.092E-07.00450.004 1168.79750.660.000214              2              0                    O  4q     382220 3 3 1 2 1 1     5.0    9.0
451 7238.572343 2.734E-44 1.093E-07.00440.004 8298.60140.640.000259              2              0                    Q 12q     382220 3 3 1 2 1 1    25.0   25.0
451 7238.572343 2.877E-46 1.150E-09.00390.004 8298.6014-.020.000029              2              0                    Q 12m     582220 3 3 2 3 2 2    25.0   25.0
451 7242.748869 1.112E-80 6.894E-08.01280.01325499.49000.630.000501              7              3                    O 18q     382220 3 3 1 2 1 1    33.0   37.0
451 7244.291264 9.625E-80 1.288E-07.00990.01025228.55220.570.000473              5              2                    Q 20q     382220 3 3 1 2 1 1    41.0   41.0
451 7244.291264 1.281E-81 1.715E-09.00800.00825228.55220.010.000049              5              2                    Q 20m     582220 3 3 2 3 2 2    41.0   41.0
451 7244.989389 7.042E-78 1.157E-06.00950.01024752.46340.610.000403             10              7                    S  3q     482220 3 3 1 2 1 1    33.0   21.0
451 7245.228889 3.582E-82 1.532E-07.01360.01426370.30020.640.000558             11              7                    O  7q     582220 3 3 1 2 1 1    33.0   45.0
451 7251.350025 3.340E-79 1.086E-06.00950.01025430.06010.630.000450             10              7                    S  5q     482220 3 3 1 2 1 1    45.0   33.0
451 7255.876629 9.686E-84 3.665E-06.01050.01027046.29700.510.000371             12              8                    O  2q     482220 3 3 1 2 1 1     1.0    5.0
451 7262.339866 6.287E-79 1.155E-06.00930.00925056.40700.620.000433             10              7                    S  4q     482220 3 3 1 2 1 1    13.0    9.0
451 7284.552568 2.868E-36 2.750E-06.00450.004 4497.83850.660.000218              3              1                    O  2q     382220 3 3 1 2 1 1     1.0    5.0
451 7285.880791 3.140E-85 2.548E-07.01310.01328105.63640.640.000565             10              6                    Q 13q     482220 3 3 1 2 1 1    81.0   81.0
451 7285.880791 1.544E-87 1.252E-09.01840.01828105.63640.040.000061             10              6                    Q 13m     572220 3 3 2 3 2 2    81.0   81.0
451 7286.442128 9.342E-80 1.152E-07.00550.00625228.55220.550.000396              4              2                    S 20q     382220 3 3 1 2 1 1    45.0   41.0
451 7288.420510 8.469E-84 4.327E-07.01220.01227258.91210.510.000452             12              8                    Q  3q     482220 3 3 1 2 1 1    21.0   21.0
451 7288.420510 2.738E-87 1.398E-10.00990.01027258.9121-.000.000051             12              8                    Q  3m     582220 3 3 2 3 2 2    21.0   21.0
451 7291.331686 1.067E-51 1.181E-06.00600.00612084.69700.620.000284              5              3                    S  2q     382220 3 3 1 2 1 1     9.0    5.0
451 7297.111596 1.523E-77 9.887E-10.00520.00523160.86820.550.000395              5              3                    S 16q     382220 3 3 1 2 1 1    37.0   33.0
451 7297.413237 1.209E-80 5.654E-08.01340.01325590.11180.650.000562              9              5                    O 13q     482220 3 3 1 2 1 1    69.0   81.0
451 7307.917595 2.965E-41 3.029E-07.00430.004 7187.52560.640.000264              3              1                    Q  7q     382220 3 3 1 2 1 1    45.0   45.0
451 7307.917595 1.119E-43 1.142E-09.00380.004 7187.5256-.030.000027              3              1                    Q  7m     582220 3 3 2 3 2 2    45.0   45.0
451 7309.455772 1.107E-78 2.459E-09.01210.01223836.6536-.000.000047              7              4                    Q 14m     582220 3 3 2 3 2 2    29.0   29.0
451 7309.455772 1.535E-76 3.407E-07.00900.00923836.65360.650.000438              7              4                    Q 14q     382220 3 3 1 2 1 1    29.0   29.0
451 7310.380862 1.493E-85 1.636E-07.00570.00628093.69870.550.000404              2              0                    S 26q     382220 3 3 1 2 1 1    57.0   53.0
451 7313.248928 5.630E-86 5.236E-07.00970.01028284.69500.630.000549             12              8                    S  6q     382220 3 3 1 2 1 1    17.0   13.0
451 7319.973265 3.472E-77 2.247E-07.00980.01024320.91050.590.000463              6              3                    Q 17q     382220 3 3 1 2 1 1   105.0  105.0
451 7319.973265 3.480E-79 2.255E-09.00860.00924320.91050.000.000048              6              3                    Q 17m     582220 3 3 2 3 2 2   105.0  105.0
451 7320.282002 2.758E-80 4.176E-08.01280.01325228.55220.610.000479              6              2                    O 20q     382220 3 3 1 2 1 1    37.0   41.0
451 7336.697432 1.110E-81 2.006E-07.00560.00626503.50240.550.000399              3              1                    S 23q     382220 3 3 1 2 1 1   153.0  141.0
451 7339.704982 1.669E-86 1.877E-07.01330.01328458.81780.630.000592              9              5                    Q 16q     482220 3 3 1 2 1 1    33.0   33.0
451 7339.704982 1.149E-88 1.293E-09.01800.01828458.81780.060.000062              9              5                    Q 16m     572220 3 3 2 3 2 2    33.0   33.0
451 7341.581575 7.168E-77 6.690E-10.00990.01022735.5860-.050.000044              9              6                    Q  5m     582220 3 3 2 3 2 2    33.0   33.0
451 7341.581575 6.731E-74 6.277E-07.00860.00922735.58600.640.000383              9              6                    Q  5q     482220 3 3 1 2 1 1    33.0   33.0
451 7342.673262 4.544E-84 3.337E-07.01290.01327535.95040.640.000535             11              7                    Q  9q     482220 3 3 1 2 1 1    57.0   57.0
451 7342.673262 1.114E-86 8.179E-10.01850.01827535.95040.020.000059             11              7                    Q  9m     572220 3 3 2 3 2 2    57.0   57.0
451 7347.688805 1.132E-88 1.139E-09.00860.00928458.81780.650.000420              8              5                    S 16q     582220 3 3 1 2 1 1    37.0   33.0
451 7355.854672 3.432E-83 1.271E-09.01360.01425724.35880.640.000562             10              6                    O 10q     482220 3 3 1 2 1 1    17.0   21.0
451 7358.775715 8.602E-87 1.530E-07.01290.01328284.69500.660.000703             13              8                    O  6q     382220 3 3 1 2 1 1     9.0   13.0
451 7361.475123 2.163E-41 1.117E-07.00430.004 7132.06350.640.000265              2              0                    Q 11q     382220 3 3 1 2 1 1    69.0   69.0
451 7361.475123 1.873E-43 9.665E-10.00390.004 7132.0635-.020.000029              2              0                    Q 11m     582220 3 3 2 3 2 2    69.0   69.0
451 7361.553041 2.259E-80 1.765E-08.01270.01325111.29050.610.000457              5              1                    O 22q     382220 3 3 1 2 1 1    41.0   45.0
451 7362.474426 4.776E-84 1.962E-07.01020.01027276.24810.600.000510              9              6                    S 12q     582220 3 3 1 2 1 1    29.0   25.0
451 7367.033759 2.070E-72 5.514E-06.00750.00821757.00690.560.000274              9              6                    O  2q     482220 3 3 1 2 1 1     1.0    5.0
451 7370.288171 2.109E-66 5.738E-08.00910.00918499.22170.650.000408              7              4                    O  8q     382220 3 3 1 2 1 1    13.0   17.0
451 7373.498308 5.057E-81 4.183E-09.01250.01225141.49610.620.000443              4              0                    O 24q     382220 3 3 1 2 1 1    45.0   49.0
451 7379.920425 6.003E-84 4.699E-07.01220.01227046.29700.680.000406             12              8                    Q  2q     482220 3 3 1 2 1 1     5.0    5.0
451 7379.920425 8.702E-88 6.810E-11.00770.00827046.29700.020.000050             12              8                    Q  2m     582220 3 3 2 3 2 2     5.0    5.0
451 7383.486097 3.149E-77 1.827E-09.01230.01223016.2225-.020.000046              8              5                    Q 10m     582220 3 3 2 3 2 2    21.0   21.0
451 7383.486097 8.235E-75 4.776E-07.00880.00923016.22250.650.000411              8              5                    Q 10q     482220 3 3 1 2 1 1    21.0   21.0
451 7384.724744 3.009E-40 3.078E-07.00430.004 6454.38870.640.000251              3              1                    Q  6q     382220 3 3 1 2 1 1    13.0   13.0
451 7384.724744 8.323E-43 8.515E-10.00380.004 6454.3887-.040.000027              3              1                    Q  6m     582220 3 3 2 3 2 2    13.0   13.0
451 7401.716494 4.832E-87 6.290E-08.01300.01328458.81780.690.000653             10              5                    O 16q     482220 3 3 1 2 1 1    29.0   33.0
451 7403.703906 8.361E-80 6.021E-08.00970.01025111.29050.580.000467              4              1                    Q 22q     382220 3 3 1 2 1 1    45.0   45.0
451 7403.703906 1.226E-81 8.838E-10.00860.00925111.29050.010.000049              4              1                    Q 22m     582220 3 3 2 3 2 2    45.0   45.0
451 7407.913329 2.492E-88 1.501E-09.01300.01328190.03060.680.000688             12              7                    O 10q     382220 3 3 1 2 1 1    17.0   21.0
451 7422.914007 9.696E-52 1.300E-06.00470.00512384.08180.610.000293              5              3                    S  3q     382220 3 3 1 2 1 1    33.0   21.0
451 7428.772231 3.750E-73 3.555E-08.00520.00522024.77160.560.000387              5              3                    S 15q     382220 3 3 1 2 1 1   105.0   93.0
451 7432.208621 3.881E-56 1.258E-08.00870.00913485.98970.650.000339              3              0                    O 16q     382220 3 3 1 2 1 1    29.0   33.0
451 7433.563621 1.297E-73 6.422E-07.00880.00922332.85580.610.000369              9              6                    Q  4q     482220 3 3 1 2 1 1     9.0    9.0
451 7433.563621 8.823E-77 4.370E-10.00870.00922332.8558-.040.000041              9              6                    Q  4m     582220 3 3 2 3 2 2     9.0    9.0
451 7440.730875 1.013E-87 2.233E-11.01350.01426903.11700.030.000043             12              8                    Q  1m     582220 3 3 2 3 2 2     9.0    9.0
451 7440.730875 3.009E-83 6.631E-07.01120.01126903.11700.490.000408             12              8                    Q  1q     482220 3 3 1 2 1 1     9.0    9.0
451 7448.740840 6.936E-44 5.247E-07.00540.005 8087.00260.620.000263              4              2                    S  0q     382220 3 3 1 2 1 1     5.0    1.0
451 7449.825718 1.012E-64 9.233E-10.00910.00916904.05820.640.000381              6              3                    O 10q     382220 3 3 1 2 1 1    17.0   21.0
451 7451.346505 1.716E-38 3.130E-07.00420.004 5813.92170.640.000258              3              1                    Q  5q     382220 3 3 1 2 1 1    33.0   33.0
451 7451.346505 3.315E-41 6.046E-10.00370.004 5813.9217-.050.000028              3              1                    Q  5m     582220 3 3 2 3 2 2    33.0   33.0
451 7451.916779 7.370E-68 7.315E-07.00900.00919806.99550.630.000404              8              5                    O  5q     382220 3 3 1 2 1 1    21.0   33.0
451 7464.885074 1.237E-84 6.387E-07.00980.01027881.66970.640.000538             12              8                    S  5q     382220 3 3 1 2 1 1    45.0   33.0
451 7470.206044 8.724E-58 2.806E-08.00880.00914399.22040.640.000354              4              1                    O 14q     382220 3 3 1 2 1 1    25.0   29.0
451 7476.361527 1.373E-39 1.138E-07.00430.004 6030.92030.640.000252              2              0                    Q 10q     382220 3 3 1 2 1 1    21.0   21.0
451 7476.361527 9.669E-42 8.012E-10.00390.004 6030.9203-.020.000028              2              0                    Q 10m     582220 3 3 2 3 2 2    21.0   21.0
451 7477.642456 4.688E-77 4.031E-08.00540.00523939.23340.550.000389              4              2                    S 19q     382220 3 3 1 2 1 1   129.0  117.0
451 7479.049127 2.439E-60 2.363E-08.00900.00915537.17360.630.000366              5              2                    O 12q     382220 3 3 1 2 1 1    21.0   25.0
451 7488.222933 6.726E-79 8.526E-08.01330.01324870.15970.650.000523              8              4                    O 15q     382220 3 3 1 2 1 1    81.0   93.0
451 7488.275586 4.328E-28 4.810E-07.00570.006  705.51890.670.000207              2              0                    O  3q     382220 3 3 1 2 1 1     9.0   21.0
451 7506.427921 4.430E-86 4.479E-08.01300.01328105.63640.680.000669             11              6                    O 13q     482220 3 3 1 2 1 1    69.0   81.0
451 7507.313808 1.507E-72 6.641E-07.00890.00922005.55020.560.000346              9              6                    Q  3q     482220 3 3 1 2 1 1    21.0   21.0
451 7507.313808 5.855E-76 2.583E-10.00760.00822005.5502-.010.000040              9              6                    Q  3m     582220 3 3 2 3 2 2    21.0   21.0
451 7507.435996 8.259E-41 4.015E-10.00370.004 5271.3794-.050.000026              3              1                    Q  4m     582220 3 3 2 3 2 2     9.0    9.0
451 7507.435996 6.573E-38 3.195E-07.00440.004 5271.37940.640.000254              3              1                    Q  4q     382220 3 3 1 2 1 1     9.0    9.0
451 7510.592068 1.806E-81 2.668E-07.00990.01025869.50960.670.000563             11              7                    O  6q     582220 3 3 1 2 1 1     9.0   13.0
451 7527.139315 1.371E-76 1.317E-07.00990.01023939.23340.570.000461              5              2                    Q 19q     382220 3 3 1 2 1 1   117.0  117.0
451 7527.139315 1.559E-78 1.498E-09.00800.00823939.2334-.010.000048              5              2                    Q 19m     582220 3 3 2 3 2 2   117.0  117.0
451 7532.545870 3.561E-82 2.827E-10.00920.00925141.49610.020.000050              3              0                    Q 24m     582220 3 3 2 3 2 2    49.0   49.0
451 7532.545870 2.204E-80 1.747E-08.00980.01025141.49610.590.000462              3              0                    Q 24q     382220 3 3 1 2 1 1    49.0   49.0
451 7533.690420 5.388E-74 3.486E-07.00890.00922834.47140.650.000431              7              4                    Q 13q     382220 3 3 1 2 1 1    81.0   81.0
451 7533.690420 3.180E-76 2.059E-09.01200.01222834.4714-.010.000046              7              4                    Q 13m     582220 3 3 2 3 2 2    81.0   81.0
451 7536.011203 5.689E-53 1.360E-06.00470.00512778.81530.610.000315              5              3                    S  4q     382220 3 3 1 2 1 1    13.0    9.0
451 7540.620012 8.091E-71 1.160E-07.00530.00520918.19810.560.000378              5              3                    S 14q     382220 3 3 1 2 1 1    33.0   29.0
451 7552.690452 1.328E-36 3.298E-07.00570.006 4831.39150.650.000247              3              1                    Q  3q     382220 3 3 1 2 1 1    21.0   21.0
451 7552.690452 9.660E-40 2.403E-10.00470.005 4831.3915-.040.000026              3              1                    Q  3m     582220 3 3 2 3 2 2    21.0   21.0
451 7554.930400 2.674E-75 1.452E-09.01220.01222251.1095-.020.000044              8              5                    Q  9m     582220 3 3 2 3 2 2    57.0   57.0
451 7554.930400 8.966E-73 4.865E-07.00880.00922251.10950.650.000409              8              5                    Q  9q     382220 3 3 1 2 1 1    57.0   57.0
451 7562.735825 1.274E-72 7.151E-07.00680.00721757.00690.400.000311              9              6                    Q  2q     482220 3 3 1 2 1 1     5.0    5.0
451 7562.735825 2.274E-76 1.277E-10.00620.00621757.00690.030.000037              9              6                    Q  2m     582220 3 3 2 3 2 2     5.0    5.0
451 7562.751467 1.673E-79 1.155E-07.00540.00525111.29050.550.000403              3              1                    S 22q     382220 3 3 1 2 1 1    49.0   45.0
451 7566.838938 3.547E-82 1.124E-07.00560.00626621.84590.550.000410              2              0                    S 25q     382220 3 3 1 2 1 1   165.0  153.0
451 7567.065992 1.126E-81 3.656E-07.01010.01026480.52630.600.000497              9              6                    S 11q     482220 3 3 1 2 1 1    81.0   69.0
451 7570.813654 2.043E-84 7.079E-07.00970.01027538.44900.620.000514             12              8                    S  4q     382220 3 3 1 2 1 1    13.0    9.0
451 7575.558182 2.930E-75 2.299E-07.00960.01023160.86820.600.000466              6              3                    Q 16q     382220 3 3 1 2 1 1    33.0   33.0
451 7575.558182 2.470E-77 1.939E-09.00860.00923160.86820.000.000047              6              3                    Q 16m     582220 3 3 2 3 2 2    33.0   33.0
451 7582.753520 3.088E-39 6.524E-10.00390.004 5001.9629-.020.000027              2              0                    Q  9m     582220 3 3 2 3 2 2    57.0   57.0
451 7582.753520 5.478E-37 1.158E-07.00430.004 5001.96290.650.000249              2              0                    Q  9q     382220 3 3 1 2 1 1    57.0   57.0
451 7586.858737 1.706E-36 3.548E-07.00530.005 4497.83850.640.000235              3              1                    Q  2q     382220 3 3 1 2 1 1     5.0    5.0
451 7586.858737 5.750E-40 1.198E-10.00420.004 4497.8385-.010.000026              3              1                    Q  2m     582220 3 3 2 3 2 2     5.0    5.0
451 7595.126795 1.423E-83 4.145E-07.01080.01126831.09060.700.000469             12              8                    S  0q     482220 3 3 1 2 1 1     5.0    1.0
451 7598.711211 2.521E-83 3.454E-07.01260.01326927.53170.650.000532             11              7                    Q  8q     482220 3 3 1 2 1 1    17.0   17.0
451 7598.711211 4.508E-86 6.177E-10.01840.01826927.53170.020.000057             11              7                    Q  8m     572220 3 3 2 3 2 2    17.0   17.0
451 7599.740690 3.025E-76 4.228E-11.00950.00921589.82350.030.000032              9              6                    Q  1m     582220 3 3 2 3 2 2     9.0    9.0
451 7599.740690 7.186E-72 1.004E-06.00770.00821589.82350.530.000312              9              6                    Q  1q     482220 3 3 1 2 1 1     9.0    9.0
451 7609.747350 1.273E-35 4.981E-07.00530.005 4273.74060.650.000234              3              1                    Q  1q     382220 3 3 1 2 1 1     9.0    9.0
451 7609.747350 1.017E-39 3.981E-11.00560.006 4273.7406-.050.000024              3              1                    Q  1m     582220 3 3 2 3 2 2     9.0    9.0
451 7618.727135 9.439E-78 7.472E-08.01280.01324320.91050.620.000500              7              3                    O 17q     382220 3 3 1 2 1 1    93.0  105.0
451 7621.349419 3.112E-64 1.243E-07.00910.00917808.71100.650.000405              7              4                    O  7q     382220 3 3 1 2 1 1    33.0   45.0
451 7624.493734 2.382E-43 7.553E-07.00570.006 8193.79430.630.000266              4              2                    S  1q     382220 3 3 1 2 1 1    21.0    9.0
451 7629.623076 1.810E-53 1.363E-06.00470.00513265.26810.610.000324              5              3                    S  5q     382220 3 3 1 2 1 1    45.0   33.0
451 7632.624383 8.265E-68 2.359E-07.00520.00519846.89020.570.000377              5              3                    S 13q     382220 3 3 1 2 1 1    93.0   81.0
451 7634.272200 1.289E-86 1.708E-07.01280.01328284.69500.660.000637             13              8                    Q  6q     382220 3 3 1 2 1 1    13.0   13.0
451 7634.272200 1.190E-89 1.576E-10.02570.02628284.69500.040.000068             13              8                    Q  6m     582220 3 3 2 3 2 2    13.0   13.0
451 7634.295798 2.029E-83 7.237E-07.01300.01327258.91210.580.000492             12              8                    S  3q     382220 3 3 1 2 1 1    33.0   21.0
451 7635.703188 5.205E-84 2.667E-07.01270.01327276.24810.640.000543             10              6                    Q 12q     482220 3 3 1 2 1 1    25.0   25.0
451 7635.703188 1.953E-86 1.001E-09.01820.01827276.24810.030.000060             10              6                    Q 12m     572220 3 3 2 3 2 2    25.0   25.0
451 7641.913247 2.333E-79 4.987E-08.01350.01324691.59620.650.000561              9              5                    O 12q     482220 3 3 1 2 1 1    21.0   25.0
451 7644.215662 5.876E-83 5.859E-07.01070.01126903.11700.700.000481             12              8                    S  1q     482220 3 3 1 2 1 1    21.0    9.0
451 7649.559163 2.176E-85 2.527E-07.01260.01327881.66970.620.000700             13              8                    O  5q     382220 3 3 1 2 1 1    21.0   33.0
451 7650.134267 6.952E-76 3.955E-09.00540.00522661.60190.560.000391              4              2                    S 18q     382220 3 3 1 2 1 1    41.0   37.0
451 7656.088842 1.323E-84 4.359E-08.00860.00927479.51420.650.000413              8              5                    S 15q     482220 3 3 1 2 1 1   105.0   93.0
451 7657.987335 1.460E-83 6.836E-07.01330.01327046.29700.520.000495             12              8                    S  2q     382220 3 3 1 2 1 1     9.0    5.0
451 7667.838706 1.089E-81 5.229E-10.01370.01425013.57150.640.000552             10              6                    O  9q     482220 3 3 1 2 1 1    45.0   57.0
451 7670.268706 2.111E-67 1.147E-06.00880.00919376.02850.600.000377              8              5                    O  4q     382220 3 3 1 2 1 1     5.0    9.0
451 7680.171891 1.637E-35 1.175E-07.00430.004 4051.94300.650.000245              2              0                    Q  8q     382220 3 3 1 2 1 1    17.0   17.0
451 7680.171891 7.244E-38 5.199E-10.00390.004 4051.9430-.030.000027              2              0                    Q  8m     582220 3 3 2 3 2 2    17.0   17.0
451 7696.357230 2.690E-86 5.878E-08.01300.01328102.16560.690.000642              9              4                    O 18q     582220 3 3 1 2 1 1    33.0   37.0
451 7696.983935 1.950E-76 6.118E-08.00980.01023719.89200.580.000462              4              1                    Q 21q     382220 3 3 1 2 1 1   129.0  129.0
451 7696.983935 2.518E-78 7.900E-10.00860.00923719.89200.000.000049              4              1                    Q 21m     582220 3 3 2 3 2 2   129.0  129.0
451 7701.650419 4.083E-77 4.576E-08.01280.01323939.23340.610.000478              6              2                    O 19q     382220 3 3 1 2 1 1   105.0  117.0
451 7703.006688 3.973E-55 1.313E-06.00480.00513839.11330.600.000321              5              3                    S  6q     382220 3 3 1 2 1 1    17.0   13.0
451 7704.341053 6.809E-86 1.330E-07.01340.01328102.16560.630.000571              8              4                    Q 18q     482220 3 3 1 2 1 1    37.0   37.0
451 7704.341053 5.101E-88 9.959E-10.01750.01728102.16560.060.000063              8              4                    Q 18m     572220 3 3 2 3 2 2    37.0   37.0
451 7704.616632 6.202E-66 3.869E-07.00510.00518816.74070.570.000371              5              3                    S 12q     382220 3 3 1 2 1 1    29.0   25.0
451 7709.848958 8.176E-72 4.937E-07.00880.00921542.11970.650.000407              8              5                    Q  8q     382220 3 3 1 2 1 1    17.0   17.0
451 7709.848958 1.881E-74 1.136E-09.01210.01221542.1197-.020.000045              8              5                    Q  8m     582220 3 3 2 3 2 2    17.0   17.0
451 7717.103509 2.105E-62 1.133E-09.00910.00916033.74170.630.000394              6              3                    O  9q     382220 3 3 1 2 1 1    45.0   57.0
451 7723.071284 7.458E-53 1.245E-08.00870.00912123.81910.650.000339              3              0                    O 15q     382220 3 3 1 2 1 1    81.0   93.0
451 7732.629624 5.368E-28 1.039E-06.00450.005  354.37320.660.000205              2              0                    O  2q     382220 3 3 1 2 1 1     1.0    5.0
451 7736.902878 2.011E-80 5.605E-07.01000.01025724.35880.610.000483              9              6                    S 10q     482220 3 3 1 2 1 1    25.0   21.0
451 7742.664366 1.745E-72 3.546E-07.00890.00921869.42620.650.000424              7              4                    Q 12q     382220 3 3 1 2 1 1    25.0   25.0
451 7742.664366 8.476E-75 1.724E-09.01190.01221869.4262-.010.000046              7              4                    Q 12m     582220 3 3 2 3 2 2    25.0   25.0
451 7746.341771 2.808E-86 1.069E-09.01820.01827479.51420.060.000062              9              5                    Q 15m     572220 3 3 2 3 2 2    93.0   93.0
451 7746.341771 5.163E-84 1.966E-07.01320.01327479.51420.630.000582              9              5                    Q 15q     482220 3 3 1 2 1 1    93.0   93.0
451 7746.480794 5.539E-77 1.941E-08.01270.01323719.89200.610.000461              5              1                    O 21q     382220 3 3 1 2 1 1   117.0  129.0
451 7755.666731 5.012E-56 1.216E-06.00480.00514495.44310.600.000337              5              3                    S  7q     382220 3 3 1 2 1 1    57.0   45.0
451 7756.269432 7.072E-55 2.503E-08.00880.00913191.15250.640.000356              4              1                    O 13q     382220 3 3 1 2 1 1    69.0   81.0
451 7756.347378 2.935E-63 5.589E-07.00510.00517833.76470.580.000364              5              3                    S 11q     382220 3 3 1 2 1 1    81.0   69.0
451 7756.419868 5.609E-80 4.473E-07.01330.01325430.06010.610.000556             11              7                    O  5q     582220 3 3 1 2 1 1    21.0   33.0
451 7757.571372 6.410E-58 1.543E-08.00900.00914493.53840.630.000376              5              2                    O 11q     382220 3 3 1 2 1 1    57.0   69.0
451 7760.470126 1.961E-77 4.594E-09.01230.01223656.40580.630.000443              4              0                    O 23q     382220 3 3 1 2 1 1   129.0  141.0
451 7768.147364 2.870E-33 1.191E-07.00430.004 3187.47050.650.000243              2              0                    Q  7q     382220 3 3 1 2 1 1    45.0   45.0
451 7768.147364 9.705E-36 4.029E-10.00380.004 3187.4705-.040.000026              2              0                    Q  7m     582220 3 3 2 3 2 2    45.0   45.0
451 7771.046327 1.836E-76 5.372E-08.00550.00523719.89200.560.000396              3              1                    S 21q     382220 3 3 1 2 1 1   141.0  129.0
451 7782.993595 6.561E-86 2.966E-07.00960.01028190.03060.600.000602             11              7                    S 10q     382220 3 3 1 2 1 1    25.0   21.0
451 7784.341996 4.217E-44 9.140E-07.00590.006 8406.36090.640.000283              4              2                    S  2q     382220 3 3 1 2 1 1     9.0    5.0
451 7787.333440 4.607E-58 1.081E-06.00490.00515228.88930.590.000343              5              3                    S  8q     382220 3 3 1 2 1 1    21.0   17.0
451 7787.538295 1.092E-61 7.403E-07.00500.00516904.05820.580.000358              5              3                    S 10q     382220 3 3 1 2 1 1    25.0   21.0
451 7794.300367 2.917E-88 5.262E-10.00690.00728102.16560.600.000542              7              4                    S 18q     482220 3 3 1 2 1 1    41.0   37.0
451 7796.377948 2.046E-74 1.339E-07.00980.01022661.60190.570.000456              5              2                    Q 18q     382220 3 3 1 2 1 1    37.0   37.0
451 7796.377948 2.023E-76 1.325E-09.00790.00822661.60190.000.000048              5              2                    Q 18m     582220 3 3 2 3 2 2    37.0   37.0
451 7797.930862 2.564E-59 9.187E-07.00500.00516033.74170.590.000350              5              3                    S  9q     382220 3 3 1 2 1 1    69.0   57.0
451 7804.360187 1.180E-72 5.334E-09.00530.00521400.68450.560.000385              4              2                    S 17q     382220 3 3 1 2 1 1   117.0  105.0
451 7806.028961 9.006E-80 7.089E-08.00540.00525141.49610.560.000404              2              0                    S 24q     382220 3 3 1 2 1 1    53.0   49.0
451 7810.604363 4.579E-88 4.821E-11.01300.01327535.95040.680.000696             12              7                    O  9q     382220 3 3 1 2 1 1    45.0   57.0
451 7813.963197 3.607E-72 6.374E-07.00780.00821505.77950.430.000379              9              6                    S  0q     482220 3 3 1 2 1 1     5.0    1.0
451 7816.924743 1.973E-72 2.338E-07.00970.01022024.77160.600.000457              6              3                    Q 15q     382220 3 3 1 2 1 1    93.0   93.0
451 7816.924743 1.416E-74 1.678E-09.00850.00922024.7716-.010.000046              6              3                    Q 15m     582220 3 3 2 3 2 2    93.0   93.0
451 7823.699629 1.264E-84 4.623E-10.01830.01826370.30020.020.000058             11              7                    Q  7m     572220 3 3 2 3 2 2    45.0   45.0
451 7823.699629 9.667E-82 3.535E-07.01280.01326370.30020.640.000527             11              7                    Q  7q     482220 3 3 1 2 1 1    45.0   45.0
451 7833.346452 1.286E-87 2.592E-08.01580.01628284.69500.650.000860             14              8                    O  6q     382220 3 3 1 2 1 1     9.0   13.0
451 7834.532518 8.083E-77 1.766E-08.00980.01023656.40580.590.000456              3              0                    Q 23q     382220 3 3 1 2 1 1   141.0  141.0
451 7834.532518 1.180E-78 2.574E-10.00910.00923656.4058-.000.000049              3              0                    Q 23m     582220 3 3 2 3 2 2   141.0  141.0
451 7845.465273 2.891E-77 8.577E-08.01330.01323836.65360.650.000527              8              4                    O 14q     382220 3 3 1 2 1 1    25.0   29.0
451 7846.231604 3.520E-32 1.207E-07.00430.004 2414.89700.650.000240              2              0                    Q  6q     382220 3 3 1 2 1 1    13.0   13.0
451 7846.231604 8.781E-35 3.012E-10.00380.004 2414.8970-.030.000026              2              0                    Q  6m     582220 3 3 2 3 2 2    13.0   13.0
451 7848.202575 8.545E-73 8.697E-10.01200.01220894.8909-.030.000045              8              5                    Q  7m     582220 3 3 2 3 2 2    45.0   45.0
451 7848.202575 4.913E-70 4.996E-07.00880.00920894.89090.650.000403              8              5                    Q  7q     382220 3 3 1 2 1 1    45.0   45.0
451 7866.016214 3.070E-63 2.372E-07.00910.00917190.39110.650.000414              7              4                    O  6q     382220 3 3 1 2 1 1     9.0   13.0
451 7873.953554 2.305E-78 7.616E-07.00990.01025013.57150.610.000485              9              6                    S  9q     482220 3 3 1 2 1 1    69.0   57.0
451 7877.112923 3.209E-66 1.865E-06.00870.00919026.00430.590.000291              8              5                    O  3q     382220 3 3 1 2 1 1     9.0   21.0
451 7893.205242 2.377E-85 1.871E-07.01270.01327881.66970.630.000620             13              8                    Q  5q     382220 3 3 1 2 1 1    33.0   33.0
451 7893.205242 1.446E-88 1.138E-10.02160.02227881.66970.030.000064             13              8                    Q  5m     582220 3 3 2 3 2 2    33.0   33.0
451 7904.538722 4.217E-85 4.142E-07.01220.01227538.44900.550.000644             13              8                    O  4q     382220 3 3 1 2 1 1     5.0    9.0
451 7912.002909 1.610E-84 7.342E-08.01300.01327479.51420.680.000658             10              5                    O 15q     482220 3 3 1 2 1 1    81.0   93.0
451 7914.007784 2.367E-30 1.224E-07.00430.004 1740.18960.650.000248              2              0                    Q  5q     382220 3 3 1 2 1 1    33.0   33.0
451 7914.007784 4.145E-33 2.145E-10.00370.004 1740.1896-.050.000027              2              0                    Q  5m     582220 3 3 2 3 2 2    33.0   33.0
451 7914.663709 5.494E-89 3.056E-10.02890.02928190.03060.060.000069             12              7                    Q 10m     572220 3 3 2 3 2 2    21.0   21.0
451 7914.663709 2.452E-86 1.365E-07.01290.01328190.03060.670.000666             12              7                    Q 10q     382220 3 3 1 2 1 1    21.0   21.0
451 7915.097846 5.276E-86 3.904E-08.01280.01327891.40880.640.000606              8              3                    O 20q     482220 3 3 1 2 1 1    37.0   41.0
451 7923.040603 1.414E-71 9.204E-07.00890.00921589.82350.520.000403              9              6                    S  1q     482220 3 3 1 2 1 1    21.0    9.0
451 7923.531039 7.223E-36 3.190E-07.00540.005 4161.16620.630.000255              3              1                    S  0q     382220 3 3 1 2 1 1     5.0    1.0
451 7924.582106 1.318E-82 1.405E-07.00850.00926521.35700.650.000406              8              5                    S 14q     482220 3 3 1 2 1 1    33.0   29.0
451 7926.766976 3.599E-44 1.027E-06.00460.005 8722.70200.620.000290              4              2                    S  3q     382220 3 3 1 2 1 1    33.0   21.0
451 7936.618827 4.102E-70 3.591E-07.00890.00920947.42170.650.000412              7              4                    Q 11q     382220 3 3 1 2 1 1    69.0   69.0
451 7936.618827 1.640E-72 1.436E-09.01190.01220947.4217-.010.000045              7              4                    Q 11m     582220 3 3 2 3 2 2    69.0   69.0
451 7940.455011 1.181E-69 4.237E-08.00530.00520161.71090.570.000378              4              2                    S 16q     382220 3 3 1 2 1 1    37.0   33.0
451 7952.108603 6.502E-82 2.737E-07.01300.01326480.52630.640.000546             10              6                    Q 11q     582220 3 3 1 2 1 1    69.0   69.0
451 7952.108603 1.933E-84 8.138E-10.01820.01826480.52630.030.000059             10              6                    Q 11m     572220 3 3 2 3 2 2    69.0   69.0
451 7962.429752 1.354E-74 1.545E-08.00530.00522333.70200.560.000375              3              1                    S 20q     382220 3 3 1 2 1 1    45.0   41.0
451 7964.863331 1.373E-79 9.978E-09.01370.01424353.88360.640.000552             10              6                    O  8q     482220 3 3 1 2 1 1    13.0   17.0
451 7967.299074 7.015E-85 4.660E-08.01300.01327276.24810.680.000674             11              6                    O 12q     482220 3 3 1 2 1 1    21.0   25.0
451 7969.868930 2.333E-69 5.050E-07.00870.00920314.82630.650.000394              8              5                    Q  6q     382220 3 3 1 2 1 1    13.0   13.0
451 7969.868930 2.974E-72 6.440E-10.01090.01120314.8263-.040.000044              8              5                    Q  6m     582220 3 3 2 3 2 2    13.0   13.0
451 7971.100293 1.191E-32 1.426E-10.00380.004 1168.7975-.040.000027              2              0                    Q  4m     582220 3 3 2 3 2 2     9.0    9.0
451 7971.100293 1.042E-29 1.247E-07.00430.004 1168.79750.650.000245              2              0                    Q  4q     382220 3 3 1 2 1 1     9.0    9.0
451 7974.174470 2.960E-77 3.883E-08.01350.01423831.67230.640.000540              9              5                    O 11q     482220 3 3 1 2 1 1    57.0   69.0
451 7978.034237 4.927E-74 6.192E-08.00970.01022333.70200.590.000456              4              1                    Q 20q     382220 3 3 1 2 1 1    41.0   41.0
451 7978.034237 5.691E-76 7.157E-10.00870.00922333.70200.010.000048              4              1                    Q 20m     582220 3 3 2 3 2 2    41.0   41.0
451 7979.625823 2.105E-77 9.504E-07.00960.01024353.88360.620.000476              9              6                    S  8q     482220 3 3 1 2 1 1    21.0   17.0
451 7980.868609 3.185E-60 1.269E-08.00910.00915228.88930.630.000394              6              3                    O  8q     382220 3 3 1 2 1 1    13.0   17.0
451 7981.735859 1.273E-79 7.342E-07.01230.01225056.40700.570.000511             11              7                    O  4q     482220 3 3 1 2 1 1     5.0    9.0
451 7985.241174 7.933E-76 7.871E-08.01290.01323160.86820.630.000500              7              3                    O 16q     382220 3 3 1 2 1 1    29.0   33.0
