452    3.2284503.401E-111 6.391E-16.05810.05836402.14040.370.003808             17             17                    R  0      452222 6 6 2 3 2 2    18.0    6.0
452   15.3501593.516E-107 1.050E-11.05510.05536170.68990.370.003610             16             16                    R  0      352222 6 6 2 3 2 2    18.0    6.0
452   19.7250599.069E-101 3.032E-17.00510.00531021.6703-.360.008268              5              4                    O 25q     352222 5 7 2 3 2 2   282.0  306.0
452   22.174440 7.882E-87 1.229E-17.00260.00324224.3365-.470.007082              1              0                    O 27q     352222 5 7 2 3 2 2   306.0  330.0
452   23.9029404.839E-105 1.272E-10.05160.05235575.37980.340.003426             15             15                    R  0      352222 6 6 2 3 2 2    18.0    6.0
452   28.230040 1.361E-93 1.192E-16.00360.00427834.3791-.440.007585              3              2                    O 26q     352222 5 7 2 3 2 2   294.0  318.0
452   29.8861092.213E-106 8.613E-11.06130.06136186.04010.450.006504             16             16                    R  1      352222 6 6 2 3 2 2    30.0   18.0
452   30.8576011.236E-102 5.072E-10.04780.04834663.73330.310.003259             14             14                    R  0      352222 6 6 2 3 2 2    18.0    6.0
452   36.8027808.280E-100 1.275E-09.04480.04533475.41670.300.003112             13             13                    R  0      352222 6 6 2 3 2 2    18.0    6.0
452   42.053199 1.500E-96 2.497E-09.04140.04132040.34200.260.003430             12             12                    R  0      352222 6 6 2 3 2 2    18.0    6.0
452   42.7446114.966E-106 2.354E-10.06560.06636215.92620.420.007092             16             16                    R  2      352222 6 6 2 3 2 2    42.0   30.0
452   43.7309002.107E-101 1.786E-15.00640.00631976.1167-.440.008690              6              5                    O 24q     352222 5 7 2 3 2 2   270.0  294.0
452   46.807362 7.125E-93 4.195E-09.03850.03930381.06390.240.002849             11             11                    R  0      352222 6 6 2 3 2 2    18.0    6.0
452   47.1758703.073E-104 1.135E-09.05720.05735599.28270.430.006177             15             15                    R  1      352222 6 6 2 3 2 2    30.0   18.0
452   51.201552 8.517E-89 6.361E-09.03560.03628514.59050.210.002718             10             10                    R  0      352222 6 6 2 3 2 2    18.0    6.0
452   52.9286206.478E-106 3.727E-10.06430.06436258.67080.340.006287             16             16                    R  3      352222 6 6 2 3 2 2    54.0   42.0
452   55.334421 2.470E-84 8.979E-09.03280.03326453.66480.180.002874              9              9                    R  0      352222 6 6 2 3 2 2    18.0    6.0
452   59.0800595.448E-106 3.756E-10.05980.06036311.59950.240.005293             16             16                    R  4      352222 6 6 2 3 2 2    66.0   54.0
452   59.280180 1.687E-79 1.203E-08.03020.03024207.68400.150.002714              8              8                    R  0      352222 6 6 2 3 2 2    18.0    6.0
452   61.1605917.629E-102 4.645E-09.05330.05334694.59090.410.006097             14             14                    R  1      352222 6 6 2 3 2 2    30.0   18.0
452   61.357271 1.550E-94 7.294E-15.00420.00428943.5543-.400.007900              4              3                    O 25q     352222 5 7 2 3 2 2   282.0  306.0
452   62.546200 1.987E-87 4.237E-15.00300.00325468.7502-.460.007315              2              1                    O 26q     352222 5 7 2 3 2 2   294.0  318.0
452   63.096441 2.656E-74 1.551E-08.02770.02821783.36700.120.002561              7              7                    R  0      352222 6 6 2 3 2 2    18.0    6.0
452   66.829109 9.501E-69 1.942E-08.02530.02519185.24610.080.002414              6              6                    R  0      352222 6 6 2 3 2 2    18.0    6.0
452   69.1829517.073E-104 3.622E-09.06080.06135646.45860.400.006712             15             15                    R  2      352222 6 6 2 3 2 2    42.0   30.0
452   70.515770 7.665E-63 2.378E-08.02310.02316416.03270.040.002272              5              5                    R  0      352222 6 6 2 3 2 2    18.0    6.0
452   73.088320 4.951E-99 1.182E-08.04950.04933512.21950.390.005873             13             13                    R  1      352222 6 6 2 3 2 2    30.0   18.0
452   74.187890 1.393E-56 2.863E-08.02100.02113476.88880.000.001935              4              4                    R  0      352222 6 6 2 3 2 2    18.0    6.0
452   77.872489 5.726E-50 3.403E-08.01900.01910367.6303-.040.001988              3              3                    R  0      352222 6 6 2 3 2 2    18.0    6.0
452   81.593350 5.374E-43 4.005E-08.01680.017 7086.8770-.100.001837              2              2                    R  0      452222 6 6 2 3 2 2    18.0    6.0
452   83.607750 8.693E-96 2.330E-08.04580.04632082.39520.370.005641             12             12                    R  1      352222 6 6 2 3 2 2    30.0   18.0
452   85.371901 1.168E-35 4.680E-08.01510.015 3632.1604-.120.001674              1              1                    R  0      452222 6 6 2 3 2 2    18.0    6.0
452   89.227928 5.989E-28 5.441E-08.01320.013    0.0000-.170.001502              0              0                    R  0      452222 6 6 2 3 2 2    18.0    6.0
452   89.2726999.856E-104 7.422E-09.05900.05935715.64160.320.005834             15             15                    R  3      352222 6 6 2 3 2 2    54.0   42.0
452   90.3575901.677E-101 1.551E-08.05610.05634755.75150.380.006343             14             14                    R  2      352222 6 6 2 3 2 2    42.0   30.0
452   90.877970 4.290E-96 6.078E-14.00510.00530014.1186-.360.008268              5              4                    O 24q     352222 5 7 2 3 2 2   270.0  294.0
452   93.123850 4.007E-92 3.932E-08.04230.04230427.87130.340.005403             11             11                    R  1      352222 6 6 2 3 2 2    30.0   18.0
452   94.959010 1.096E-81 1.684E-14.00260.00322931.6775-.470.007082              1              0                    O 26q     352222 5 7 2 3 2 2   294.0  318.0
452  100.220290 4.541E-89 6.432E-14.00360.00426682.6064-.440.007585              3              2                    O 25q     352222 5 7 2 3 2 2   282.0  306.0
452  101.913141 4.657E-88 5.981E-08.03890.03928565.79200.320.005159             10             10                    R  1      352222 6 6 2 3 2 2    30.0   18.0
452  106.7589309.786E-104 1.157E-08.05440.05435804.91430.220.004841             15             15                    R  4      352222 6 6 2 3 2 2    66.0   54.0
452  108.346311 1.032E-98 4.029E-08.05170.05233585.30780.360.005983             13             13                    R  2      352222 6 6 2 3 2 2    42.0   30.0
452  110.175130 1.315E-83 8.459E-08.03570.03626508.99920.290.004909              9              9                    R  1      352222 6 6 2 3 2 2    30.0   18.0
452  116.127891 7.745E-98 2.288E-13.00640.00631041.3953-.440.008690              6              5                    O 23q     352222 5 7 2 3 2 2   258.0  282.0
452  117.9021892.198E-101 3.402E-08.05390.05434846.10910.300.005401             14             14                    R  3      352222 6 6 2 3 2 2    54.0   42.0
452  118.059631 8.747E-79 1.135E-07.03300.03324266.96420.260.004653              8              8                    R  1      352222 6 6 2 3 2 2    30.0   18.0
452  120.8822507.448E-104 1.463E-08.04870.04935911.67330.120.004186             15             15                    R  5      352222 6 6 2 3 2 2    78.0   66.0
452  124.173921 1.720E-95 8.040E-08.04740.04732166.00300.340.005461             12             12                    R  2      352222 6 6 2 3 2 2    42.0   30.0
452  125.682681 1.342E-73 1.465E-07.02980.03021846.46340.220.004396              7              7                    R  1      352222 6 6 2 3 2 2    30.0   18.0
452  130.7282494.499E-104 1.522E-08.04300.04336032.55570.040.003978             15             15                    R  6      352222 6 6 2 3 2 2    90.0   78.0
452  133.136692 4.683E-68 1.836E-07.02700.02719252.07530.180.004122              6              6                    R  1      352222 6 6 2 3 2 2    30.0   18.0
452  134.749801 5.382E-91 3.577E-13.00420.00427862.6091-.400.007900              4              3                    O 24q     352222 5 7 2 3 2 2   270.0  294.0
452  135.0269492.166E-104 1.273E-08.03770.03836163.2840-.050.003926             15             15                    R  7      352222 6 6 2 3 2 2   102.0   90.0
452  136.279269 1.214E-99 5.364E-13.00760.00832019.8476-.410.009166              7              6                    O 22q     352222 5 7 2 3 2 2   246.0  270.0
452  136.883790 1.343E-83 2.028E-13.00300.00324246.5110-.460.007315              2              1                    O 25q     352222 5 7 2 3 2 2   282.0  306.0
452  138.468710 7.546E-92 1.366E-07.04330.04330520.99510.320.005293             11             11                    R  2      352222 6 6 2 3 2 2    42.0   30.0
452  140.497160 3.686E-62 2.250E-07.02460.02516486.54850.160.003832              5              5                    R  1      352222 6 6 2 3 2 2    30.0   18.0
452  142.079201 1.256E-98 9.114E-08.04910.04933693.65410.280.004991             13             13                    R  3      352222 6 6 2 3 2 2    54.0   42.0
452  143.2512292.028E-101 5.847E-08.04920.04934964.01140.200.004171             14             14                    R  4      352222 6 6 2 3 2 2    66.0   54.0
452  147.827291 6.534E-56 2.710E-07.02220.02213551.07670.130.003526              4              4                    R  1      352222 6 6 2 3 2 2    30.0   18.0
452  151.655740 8.365E-88 2.089E-07.03950.03928667.70520.290.004962             10             10                    R  2      352222 6 6 2 3 2 2    42.0   30.0
452  153.114689 7.382E-93 1.242E-12.04270.04328514.59050.280.008278             10             10                    S  0q     352222 5 7 2 3 2 2    30.0    6.0
452  155.181319 2.620E-49 3.223E-07.01990.02010445.50280.090.003214              3              3                    R  1      352222 6 6 2 3 2 2    30.0   18.0
452  162.606919 2.398E-42 3.795E-07.01730.017 7168.47030.030.002896              2              2                    R  1      452222 6 6 2 3 2 2    30.0   18.0
452  163.278751 1.946E-95 1.850E-07.04460.04532290.17690.250.004603             12             12                    R  3      352222 6 6 2 3 2 2    54.0   42.0
452  164.040061 2.257E-83 2.965E-07.03580.03626619.17440.260.004639              9              9                    R  2      352222 6 6 2 3 2 2    42.0   30.0
452  165.509551 2.160E-88 1.799E-12.03880.03926453.66480.240.007923              9              9                    S  0q     352222 5 7 2 3 2 2    30.0    6.0
452  165.585310 4.993E-93 1.175E-12.00510.00529004.9115-.360.008268              5              4                    O 23q     352222 5 7 2 3 2 2   258.0  282.0
452  165.8577311.425E-101 8.477E-08.04370.04435107.26260.100.003781             14             14                    R  5      352222 6 6 2 3 2 2    78.0   66.0
452  170.147029 5.082E-35 4.436E-07.01520.015 3717.5323-.010.002578              1              1                    R  1      452222 6 6 2 3 2 2    30.0   18.0
452  171.821170 4.828E-78 3.104E-13.00260.00321640.1952-.470.007082              1              0                    O 25q     352222 5 7 2 3 2 2   282.0  306.0
452  173.805940 1.054E-98 1.633E-07.04440.04433835.73330.180.004019             13             13                    R  4      352222 6 6 2 3 2 2    66.0   54.0
452  175.849781 1.438E-78 3.989E-07.03260.03324385.02380.230.004323              8              8                    R  2      352222 6 6 2 3 2 2    42.0   30.0
452  176.035689 9.045E-86 1.028E-12.00360.00425531.2963-.440.007585              3              2                    O 24q     352222 5 7 2 3 2 2   270.0  294.0
452  177.339812 1.464E-83 2.429E-12.03510.03524207.68400.210.007547              8              8                    S  0q     352222 5 7 2 3 2 2    30.0    6.0
452  177.841268 2.539E-27 5.159E-07.01340.013   89.2279-.030.002264              0              0                    R  1      452222 6 6 2 3 2 2    30.0   18.0
452  182.380479 7.962E-92 3.177E-07.04020.04030659.46390.230.004236             11             11                    R  3      352222 6 6 2 3 2 2    54.0   42.0
452  185.1551828.003E-102 1.074E-07.03830.03835273.12040.020.003595             14             14                    R  6      352222 6 6 2 3 2 2    90.0   78.0
452  187.261138 2.115E-73 5.159E-07.02930.02921972.14610.200.004012              7              7                    R  2      352222 6 6 2 3 2 2    42.0   30.0
452  188.779119 2.252E-78 3.107E-12.03160.03221783.36700.160.007150              7              7                    S  0q     352222 5 7 2 3 2 2    30.0    6.0
452  189.4425412.341E-106 1.585E-09.05750.05836215.92620.43-.001045             17             16                    P  2      352222 6 6 2 3 2 2    18.0   30.0
452  192.047280 4.306E-95 2.736E-12.00640.00630104.9966-.440.008690              6              5                    O 22q     352222 5 7 2 3 2 2   246.0  270.0
452  198.414191 7.078E-68 6.475E-07.02600.02619385.21190.150.003704              6              6                    R  2      352222 6 6 2 3 2 2    42.0   30.0
452  199.965811 7.771E-73 3.807E-12.02850.02819185.24610.140.006397              6              6                    S  0q     352222 5 7 2 3 2 2    30.0    6.0
452  199.971432 8.262E-88 4.891E-07.03610.03628819.36090.190.003890             10             10                    R  3      352222 6 6 2 3 2 2    54.0   42.0
452  200.472331 1.487E-95 3.392E-07.03980.04032453.45570.150.003646             12             12                    R  4      352222 6 6 2 3 2 2    66.0   54.0
452  200.5272793.707E-102 1.207E-07.03330.03335458.2756-.070.003645             14             14                    R  7      352222 6 6 2 3 2 2   102.0   90.0
452  203.062530 6.609E-99 2.504E-07.03900.03934009.53930.080.003403             13             13                    R  5      352222 6 6 2 3 2 2    78.0   66.0
452  209.423120 5.345E-62 7.944E-07.02320.02316627.04560.110.003396              5              5                    R  2      352222 6 6 2 3 2 2    42.0   30.0
452  211.012930 5.970E-67 4.502E-12.02550.02616416.03270.090.006290              5              5                    S  0q     352222 5 7 2 3 2 2    30.0    6.0
452  211.2506311.449E-102 1.204E-07.02890.02935658.8029-.160.003929             14             14                    R  8      352222 6 6 2 3 2 2   114.0  102.0
452  211.955729 4.882E-88 3.300E-12.00420.00426782.8267-.400.007900              4              3                    O 23q     352222 5 7 2 3 2 2   258.0  282.0
452  213.289478 3.787E-97 4.891E-12.00760.00831157.5233-.410.009166              7              6                    O 21q     352222 5 7 2 3 2 2   234.0  258.0
452  214.4537211.384E-103 7.761E-08.02200.02236086.4312-.320.005169             14             14                    R 10      352222 6 6 2 3 2 2   138.0  126.0
452  215.302131 2.392E-80 1.859E-12.00300.00323026.6365-.460.007315              2              1                    O 24q     352222 5 7 2 3 2 2   270.0  294.0
452  216.1001903.288E-106 6.957E-09.04880.04936186.04010.390.004157             17             16                    P  1      352222 6 6 2 3 2 2     6.0   18.0
452  216.3775614.847E-103 1.053E-07.02510.02535870.0536-.250.004323             14             14                    R  9      352222 6 6 2 3 2 2   126.0  114.0
452  216.469498 2.093E-83 6.978E-07.03230.03226783.21440.160.003315              9              9                    R  3      352222 6 6 2 3 2 2    54.0   42.0
452  220.383389 9.094E-56 9.578E-07.02050.02113698.90400.070.003085              4              4                    R  2      352222 6 6 2 3 2 2    42.0   30.0
452  222.015192 1.020E-60 5.166E-12.02290.02313476.88880.050.005503              4              4                    S  0q     352222 5 7 2 3 2 2    30.0    6.0
452  224.424618 5.563E-92 5.909E-07.03550.03530841.84440.120.003298             11             11                    R  4      352222 6 6 2 3 2 2    66.0   54.0
452  229.398419 3.252E-99 3.412E-07.03350.03434212.6018-.020.003240             13             13                    R  6      352222 6 6 2 3 2 2    90.0   78.0
452  231.376801 3.499E-49 1.140E-06.01810.01810600.68410.030.002778              3              3                    R  2      352222 6 6 2 3 2 2    42.0   30.0
452  232.185491 1.254E-78 9.423E-07.02870.02924560.87360.130.003259              8              8                    R  3      352222 6 6 2 3 2 2    54.0   42.0
452  233.053822 3.890E-54 5.775E-12.02030.02010367.63030.010.005348              3              3                    S  0q     352222 5 7 2 3 2 2    30.0    6.0
452  234.6788092.380E-106 1.756E-09.05740.05736170.68990.360.010104             17             16                    R  0      352222 6 6 2 3 2 2    18.0    6.0
452  235.331401 8.314E-96 5.355E-07.03460.03532653.92800.050.003054             12             12                    R  5      352222 6 6 2 3 2 2    78.0   66.0
452  242.475139 3.072E-42 1.343E-06.01580.016 7331.0772-.010.002254              2              2                    R  2      452222 6 6 2 3 2 2    42.0   30.0
452  244.079339 2.465E-90 7.857E-12.00510.00527997.3589-.360.008268              5              4                    O 22q     352222 5 7 2 3 2 2   246.0  270.0
452  244.200269 3.340E-47 6.304E-12.01800.018 7086.8770-.040.004854              2              2                    S  0q     452222 5 7 2 3 2 2    30.0    6.0
452  246.431810 5.303E-88 9.181E-07.03140.03129019.33240.090.002977             10             10                    R  4      352222 6 6 2 3 2 2    66.0   54.0
452  247.358571 1.739E-73 1.222E-06.02540.02522159.40720.090.002970              7              7                    R  3      352222 6 6 2 3 2 2    54.0   42.0
452  252.367289 1.300E-99 4.224E-07.02930.02934442.0003-.090.003285             13             13                    R  7      352222 6 6 2 3 2 2   102.0   90.0
452  253.022519 9.149E-75 2.040E-12.00260.00320352.6387-.470.007082              1              0                    O 24q     352222 5 7 2 3 2 2   270.0  294.0
452  253.568881 6.301E-92 1.973E-11.04360.04428565.79200.300.010152             10             10                    S  1q     352222 5 7 2 3 2 2    42.0   18.0
452  253.743051 6.239E-35 1.571E-06.01390.014 3887.6794-.030.002191              1              1                    R  2      452222 6 6 2 3 2 2    42.0   30.0
452  255.518930 6.544E-40 6.730E-12.01550.015 3632.1604-.110.004349              1              1                    S  0q     452222 5 7 2 3 2 2    30.0    6.0
452  255.923239 8.309E-83 6.367E-12.00360.00424383.3948-.440.007585              3              2                    O 23q     352222 5 7 2 3 2 2   258.0  282.0
452  262.178200 5.490E-68 1.537E-06.02230.02219583.62610.040.002695              6              6                    R  3      352222 6 6 2 3 2 2    54.0   42.0
452  264.198781 2.789E-92 9.497E-07.03050.03031066.26900.020.002587             11             11                    R  5      352222 6 6 2 3 2 2    78.0   66.0
452  265.240092 2.986E-27 1.828E-06.01190.012  267.0692-.070.001734              0              0                    R  2      452222 6 6 2 3 2 2    42.0   30.0
452  267.035280 1.239E-83 1.318E-06.02770.02826999.68390.060.002684              9              9                    R  4      352222 6 6 2 3 2 2    66.0   54.0
452  267.069200 2.975E-32 7.032E-12.01330.013    0.0000-.160.003842              0              0                    S  0q     452222 5 7 2 3 2 2    30.0    6.0
452  267.459971 3.574E-96 7.577E-07.02980.03032889.2594-.030.002912             12             12                    R  6      352222 6 6 2 3 2 2    90.0   78.0
452  271.5101994.338E-100 4.802E-07.02520.02534694.3676-.190.003537             13             13                    R  8      352222 6 6 2 3 2 2   114.0  102.0
452  271.708059 1.267E-92 1.494E-11.00640.00629170.4969-.440.008690              6              5                    O 21q     352222 5 7 2 3 2 2   234.0  258.0
452  274.215201 1.791E-87 2.871E-11.03940.03926508.99920.270.009656              9              9                    S  1q     352222 5 7 2 3 2 2    42.0   18.0
452  276.798451 3.914E-62 1.889E-06.01970.02016836.46880.010.002433              5              5                    R  3      352222 6 6 2 3 2 2    54.0   42.0
452  286.3268391.238E-100 5.034E-07.02170.02234965.8779-.270.003987             13             13                    R  9      352222 6 6 2 3 2 2   126.0  114.0
452  286.634759 6.865E-79 1.789E-06.02420.02424793.05910.020.002414              8              8                    R  4      352222 6 6 2 3 2 2    66.0   54.0
452  290.644320 2.397E-88 1.493E-06.02660.02729265.7642-.010.002440             10             10                    R  5      352222 6 6 2 3 2 2    78.0   66.0
452  291.347840 6.287E-56 2.280E-06.01720.01713919.2874-.030.002183              4              4                    R  3      352222 6 6 2 3 2 2    54.0   42.0
452  293.211049 2.593E-85 1.598E-11.00420.00425707.3320-.400.007900              4              3                    O 22q     352222 5 7 2 3 2 2   246.0  270.0
452  293.909408 1.179E-82 3.890E-11.03540.03524266.96420.230.009142              8              8                    S  1q     352222 5 7 2 3 2 2    42.0   18.0
452  293.972299 7.021E-95 2.352E-11.00760.00830297.0439-.410.009166              7              6                    O 20q     352222 5 7 2 3 2 2   222.0  246.0
452  296.2261213.084E-101 4.853E-07.01890.01935252.2049-.350.004632             13             13                    R 10      352222 6 6 2 3 2 2   138.0  126.0
452  296.486451 1.224E-96 9.835E-07.02550.02633156.7194-.120.002953             12             12                    R  7      352222 6 6 2 3 2 2   102.0   90.0
452  297.8067511.352E-102 3.321E-07.01890.01935848.8662-.350.004632             13             13                    R 12      352222 6 6 2 3 2 2   162.0  150.0
452  298.053269 2.491E-77 8.986E-12.00300.00321812.0164-.460.007315              2              1                    O 23q     352222 5 7 2 3 2 2   258.0  282.0
452  300.4350106.819E-102 4.258E-07.01890.01935548.4311-.350.004632             13             13                    R 11      352222 6 6 2 3 2 2   150.0  138.0
452  301.335399 1.054E-92 1.374E-06.02600.02631330.4678-.060.002516             11             11                    R  6      352222 6 6 2 3 2 2    90.0   78.0
452  305.536199 8.820E-74 2.328E-06.02100.02122406.7658-.030.002167              7              7                    R  4      352222 6 6 2 3 2 2    66.0   54.0
452  305.936259 2.283E-49 2.717E-06.01500.01510832.0609-.070.001947              3              3                    R  3      352222 6 6 2 3 2 2    54.0   42.0
452  309.781619 4.366E-97 3.100E-11.00910.00931370.8127-.380.009699              8              7                    O 19q     352222 5 7 2 3 2 2   210.0  234.0
452  312.943820 1.765E-77 4.990E-11.03170.03221846.46340.200.008597              7              7                    S  1q     352222 5 7 2 3 2 2    42.0   18.0
452  315.347760 5.070E-84 2.162E-06.02310.02327266.7192-.050.002175              9              9                    R  5      352222 6 6 2 3 2 2    78.0   66.0
452  320.660041 1.891E-42 3.203E-06.01290.013 7573.5524-.120.001727              2              2                    R  3      452222 6 6 2 3 2 2    54.0   42.0
452  322.056541 3.430E-97 1.187E-06.02180.02233453.2059-.210.003176             12             12                    R  8      352222 6 6 2 3 2 2   114.0  102.0
452  323.980959 2.584E-68 2.936E-06.01820.01819845.8043-.080.001940              6              6                    R  4      352222 6 6 2 3 2 2    66.0   54.0
452  326.582769 8.055E-88 3.228E-11.00510.00526994.7825-.360.008268              5              4                    O 21q     352222 5 7 2 3 2 2   234.0  258.0
452  331.550879 5.928E-72 6.128E-11.02830.02819252.07530.160.008021              6              6                    S  1q     352222 5 7 2 3 2 2    42.0   18.0
452  332.256010 8.011E-89 2.193E-06.02250.02329556.4085-.090.002339             10             10                    R  6      352222 6 6 2 3 2 2    90.0   78.0
452  335.501419 3.108E-93 1.833E-06.02200.02231631.8033-.150.002580             11             11                    R  7      352222 6 6 2 3 2 2   102.0   90.0
452  335.605741 3.620E-35 3.749E-06.01100.011 4141.4224-.160.001523              1              1                    R  3      452222 6 6 2 3 2 2    54.0   42.0
452  338.1236603.481E-104 6.265E-08.04680.04736032.55570.060.010337             16             15                    P  6      352222 6 6 2 3 2 2    66.0   78.0
452  338.806228 2.554E-79 2.951E-06.01990.02025079.6938-.090.001937              8              8                    R  5      352222 6 6 2 3 2 2    78.0   66.0
452  338.821389 1.148E-71 8.329E-12.00260.00319071.8914-.470.007082              1              0                    O 23q     352222 5 7 2 3 2 2   258.0  282.0
452  340.123590 5.167E-80 2.514E-11.00360.00423241.9387-.440.007585              3              2                    O 22q     352222 5 7 2 3 2 2   246.0  270.0
452  342.164638 1.711E-62 3.616E-06.01560.01617113.2672-.130.001582              5              5                    R  4      352222 6 6 2 3 2 2    66.0   54.0
452  343.821271 8.074E-98 1.343E-06.01860.01933775.2624-.300.003572             12             12                    R  9      352222 6 6 2 3 2 2   126.0  114.0
452  349.920281 4.435E-66 7.262E-11.02510.02516486.54850.120.007414              5              5                    S  1q     352222 5 7 2 3 2 2    42.0   18.0
452  350.853009 1.631E-27 4.366E-06.00930.009  532.3093-.200.001218              0              0                    R  3      452222 6 6 2 3 2 2    54.0   42.0
452  351.627181 1.671E-91 1.111E-10.04210.04228667.70520.260.008890             10             10                    S  2q     352222 5 7 2 3 2 2    54.0   30.0
452  355.317041 2.649E-90 5.487E-11.00640.00628241.4383-.440.008690              6              5                    O 20q     352222 5 7 2 3 2 2   222.0  246.0
452  360.249940 2.552E-56 4.374E-06.01340.01314210.6352-.170.001416              4              4                    R  4      352222 6 6 2 3 2 2    66.0   54.0
452  361.060301 1.507E-84 3.207E-06.01930.01927582.0669-.130.002093              9              9                    R  6      352222 6 6 2 3 2 2    90.0   78.0
452  361.397691 2.991E-74 3.858E-06.01680.01722712.3020-.160.001727              7              7                    R  5      352222 6 6 2 3 2 2    78.0   66.0
452  361.418458 1.633E-98 1.430E-06.01560.01634119.0837-.410.004139             12             12                    R 10      352222 6 6 2 3 2 2   138.0  126.0
452  366.394931 7.359E-94 2.289E-06.01860.01931967.3047-.240.002846             11             11                    R  8      352222 6 6 2 3 2 2   114.0  102.0
452  367.3588711.117E-102 6.616E-07.01560.01636002.1898-.410.004139             12             12                    R 15      352222 6 6 2 3 2 2   198.0  186.0
452  368.210691 7.382E-60 8.349E-11.02220.02213551.07670.070.006775              4              4                    S  1q     352222 5 7 2 3 2 2    42.0   18.0
452  370.954539 2.051E-89 2.977E-06.01860.01929888.6645-.200.002376             10             10                    R  7      352222 6 6 2 3 2 2   102.0   90.0
452  374.444120 2.897E-99 1.433E-06.01560.01634480.5022-.410.004139             12             12                    R 11      352222 6 6 2 3 2 2   150.0  138.0
452  378.375609 8.605E-50 5.217E-06.01130.01111137.9972-.230.001271              3              3                    R  4      352222 6 6 2 3 2 2    66.0   54.0
452  378.515720 9.625E-93 8.010E-11.00760.00829442.2049-.410.009166              7              6                    O 19q     352222 5 7 2 3 2 2   210.0  234.0
452  378.742830 1.009E-82 5.481E-11.00420.00424639.3180-.400.007900              4              3                    O 21q     352222 5 7 2 3 2 2   234.0  258.0
452  380.1880108.948E-102 9.405E-07.01560.01635622.0017-.410.004139             12             12                    R 14      352222 6 6 2 3 2 2   186.0  174.0
452  380.509559 4.541E-87 1.628E-10.03810.03826619.17440.220.007853              9              9                    S  2q     352222 5 7 2 3 2 2    54.0   30.0
452  382.4068124.603E-100 1.348E-06.01560.01634854.9464-.410.004139             12             12                    R 12      352222 6 6 2 3 2 2   162.0  150.0
452  383.418682 7.998E-69 4.882E-06.01440.01420169.7853-.200.001545              6              6                    R  5      352222 6 6 2 3 2 2    78.0   66.0
452  384.6482496.671E-101 1.178E-06.01560.01635237.3533-.410.004139             12             12                    R 13      352222 6 6 2 3 2 2   174.0  162.0
452  385.383521 1.898E-74 3.083E-11.00300.00320605.6613-.460.007315              2              1                    O 22q     352222 5 7 2 3 2 2   246.0  270.0
452  386.558120 2.743E-53 9.349E-11.01980.02010445.50280.050.006129              3              3                    S  1q     352222 5 7 2 3 2 2    42.0   18.0
452  388.354209 6.786E-80 4.409E-06.01640.01625418.5001-.170.001873              8              8                    R  6      352222 6 6 2 3 2 2    90.0   78.0
452  393.738661 1.434E-94 2.699E-06.01570.01632333.6997-.330.003113             11             11                    R  9      352222 6 6 2 3 2 2   126.0  114.0
452  395.053030 4.001E-95 1.009E-10.00910.00930591.0162-.380.009699              8              7                    O 18q     352222 5 7 2 3 2 2   198.0  222.0
452  396.663011 6.613E-43 6.160E-06.00970.010 7894.2124-.260.001143              2              2                    R  4      452222 6 6 2 3 2 2    66.0   54.0
452  399.9258418.596E-104 1.384E-07.05270.05335911.67330.190.006684             16             15                    P  5      352222 6 6 2 3 2 2    54.0   66.0
452  403.871111 3.372E-85 4.407E-06.01600.01627943.1272-.220.002129              9              9                    R  7      352222 6 6 2 3 2 2   102.0   90.0
452  405.082058 2.295E-46 1.022E-10.01730.017 7168.47030.010.005125              2              2                    S  1q     452222 5 7 2 3 2 2    42.0   18.0
452  405.108560 4.838E-63 6.029E-06.01210.01217455.4318-.250.001386              5              5                    R  5      352222 6 6 2 3 2 2    78.0   66.0
452  406.466600 4.136E-90 3.796E-06.01570.01630259.6190-.280.002548             10             10                    R  8      352222 6 6 2 3 2 2   114.0  102.0
452  408.035272 2.864E-82 2.217E-10.03360.03424385.02380.190.007682              8              8                    S  2q     352222 5 7 2 3 2 2    54.0   30.0
452  413.306502 2.022E-85 1.001E-10.00510.00526000.5431-.360.008268              5              4                    O 20q     352222 5 7 2 3 2 2   222.0  246.0
452  414.594529 7.121E-75 5.794E-06.01380.01423073.6997-.230.001676              7              7                    R  6      352222 6 6 2 3 2 2    90.0   78.0
452  415.220949 1.173E-35 7.217E-06.00820.008 4477.0282-.310.001030              1              1                    R  4      452222 6 6 2 3 2 2    66.0   54.0
452  417.270130 2.356E-95 3.024E-06.01350.01432727.4384-.400.003688             11             11                    R 10      352222 6 6 2 3 2 2   138.0  126.0
452  423.890080 4.380E-39 1.093E-10.01500.015 3717.5323-.040.004850              1              1                    S  1q     452222 5 7 2 3 2 2    42.0   18.0
452  426.665640 6.597E-57 7.307E-06.01020.01014570.8851-.300.001175              4              4                    R  5      352222 6 6 2 3 2 2    78.0   66.0
452  428.2570711.823E-103 1.425E-07.02890.02935870.0536-.150.016901             15             14                    P  9      352222 6 6 2 3 2 2   102.0  114.0
452  428.868901 2.486E-77 7.617E-11.00360.00422110.0696-.440.007585              3              2                    O 21q     352222 5 7 2 3 2 2   234.0  258.0
452  429.470691 1.103E-68 2.580E-11.00260.00317800.9804-.470.007082              1              0                    O 22q     352222 5 7 2 3 2 2   246.0  270.0
452  434.149431 4.893E-28 8.409E-06.00680.007  883.1623-.350.000929              0              0                    R  4      452222 6 6 2 3 2 2    66.0   54.0
452  434.619709 4.111E-77 2.856E-10.02980.03021972.14610.160.007101              7              7                    S  2q     352222 5 7 2 3 2 2    54.0   30.0
452  434.981059 1.333E-80 6.112E-06.01340.01325806.8543-.270.001906              8              8                    R  7      352222 6 6 2 3 2 2   102.0   90.0
452  436.727631 3.331E-96 3.231E-06.01350.01433144.7085-.400.003688             11             11                    R 11      352222 6 6 2 3 2 2   150.0  138.0
452  438.553741 6.740E-91 4.592E-06.01320.01330666.0857-.370.002849             10             10                    R  9      352222 6 6 2 3 2 2   126.0  114.0
452  440.137340 1.710E-69 7.363E-06.01150.01220553.2040-.280.001516              6              6                    R  6      352222 6 6 2 3 2 2    90.0   78.0
452  443.065999 4.375E-88 1.583E-10.00640.00627321.3652-.440.008690              6              5                    O 19q     352222 5 7 2 3 2 2   210.0  234.0
452  443.081360 1.940E-31 1.144E-10.01290.013   89.2279-.080.004239              0              0                    S  1q     452222 5 7 2 3 2 2    42.0   18.0
452  443.522609 5.838E-86 5.700E-06.01280.01328346.9984-.350.002278              9              9                    R  8      352222 6 6 2 3 2 2   114.0  102.0
452  445.3451393.587E-102 1.522E-06.01350.01435890.6154-.400.003688             11             11                    R 17      352222 6 6 2 3 2 2   222.0  210.0
452  446.403241 2.259E-91 3.826E-10.03760.03828819.36090.170.006906             10             10                    S  3q     352222 5 7 2 3 2 2    66.0   42.0
452  448.258552 2.032E-50 8.731E-06.00860.00911516.3728-.360.001071              3              3                    R  5      352222 6 6 2 3 2 2    78.0   66.0
452  451.830760 4.143E-97 3.296E-06.01350.01433581.4362-.400.003688             11             11                    R 12      352222 6 6 2 3 2 2   162.0  150.0
452  452.0186502.159E-103 1.234E-07.02020.02035848.8662-.270.017624             14             13                    P 12      352222 6 6 2 3 2 2   138.0  150.0
452  453.7561421.650E-103 2.520E-07.05720.05735804.91430.290.003167             16             15                    P  4      352222 6 6 2 3 2 2    42.0   54.0
452  460.3028414.111E-101 2.084E-06.01350.01435430.3125-.400.003688             11             11                    R 16      352222 6 6 2 3 2 2   210.0  198.0
452  460.592391 1.325E-71 3.520E-10.02630.02619385.21190.120.006528              6              6                    S  2q     352222 5 7 2 3 2 2    54.0   30.0
452  462.252269 4.627E-98 3.206E-06.01350.01434033.2670-.400.003688             11             11                    R 13      352222 6 6 2 3 2 2   174.0  162.0
452  464.828898 1.234E-75 8.083E-06.01110.01123488.2942-.320.001664              7              7                    R  7      352222 6 6 2 3 2 2   102.0   90.0
452  465.268529 9.304E-64 9.121E-06.00950.00917860.5404-.350.001379              5              5                    R  6      352222 6 6 2 3 2 2    90.0   78.0
452  467.005861 9.078E-92 5.305E-06.01120.01131104.6394-.440.003280             10             10                    R 10      352222 6 6 2 3 2 2   138.0  126.0
452  467.089029 1.061E-90 2.197E-10.00760.00828596.7553-.410.009166              7              6                    O 18q     352222 5 7 2 3 2 2   198.0  222.0
452  467.2183014.527E-100 2.577E-06.01350.01434963.0941-.400.003688             11             11                    R 15      352222 6 6 2 3 2 2   198.0  186.0
452  467.574811 4.735E-99 2.961E-06.01350.01434495.5193-.400.003688             11             11                    R 14      352222 6 6 2 3 2 2   186.0  174.0
452  468.766559 3.144E-80 1.515E-10.00420.00423582.0622-.400.007900              4              3                    O 20q     352222 5 7 2 3 2 2   222.0  246.0
452  470.034320 1.426E-43 1.032E-05.00720.007 8290.8754-.410.000978              2              2                    R  5      452222 6 6 2 3 2 2    78.0   66.0
452  477.530889 1.156E-71 8.538E-11.00300.00319410.7129-.460.007315              2              1                    O 21q     352222 5 7 2 3 2 2   234.0  258.0
452  478.437129 1.994E-81 7.986E-06.01080.01126241.8354-.370.002034              8              8                    R  8      352222 6 6 2 3 2 2   114.0  102.0
452  478.9330299.668E-104 5.218E-08.01550.01535890.6154-.310.016150             12             11                    P 17      352222 6 6 2 3 2 2   198.0  210.0
452  479.798441 8.022E-87 7.013E-06.01080.01128790.5210-.410.002539              9              9                    R  9      352222 6 6 2 3 2 2   126.0  114.0
452  483.504778 5.777E-87 5.657E-10.03330.03326783.21440.130.005867              9              9                    S  3q     352222 5 7 2 3 2 2    66.0   42.0
452  484.207191 2.978E-93 2.680E-10.00910.00929820.7206-.380.009699              8              7                    O 17q     352222 5 7 2 3 2 2   186.0  210.0
452  486.221571 9.524E-66 4.183E-10.02330.02316627.04560.080.005958              5              5                    S  2q     352222 5 7 2 3 2 2    54.0   30.0
452  490.223930 1.141E-57 1.108E-05.00800.00814997.5508-.400.001197              4              4                    R  6      352222 6 6 2 3 2 2    90.0   78.0
452  491.632311 1.033E-92 5.882E-06.01120.01131571.6453-.440.003280             10             10                    R 11      352222 6 6 2 3 2 2   150.0  138.0
452  492.124488 2.306E-36 1.211E-05.00590.006 4892.2491-.460.000891              1              1                    R  5      452222 6 6 2 3 2 2    78.0   66.0
452  493.835819 2.619E-70 1.032E-05.00900.00920993.3413-.400.001502              6              6                    R  7      352222 6 6 2 3 2 2   102.0   90.0
452  500.2842402.501E-103 4.109E-07.05900.05935715.64160.380.000120             16             15                    P  3      352222 6 6 2 3 2 2    30.0   42.0
452  504.446449 4.148E-83 2.583E-10.00510.00525018.0608-.360.008268              5              4                    O 19q     352222 5 7 2 3 2 2   210.0  234.0
452  504.4807506.808E-103 2.870E-07.03300.03335658.8029-.080.014309             15             14                    P  8      352222 6 6 2 3 2 2    90.0  102.0
452  508.5368596.700E-104 2.636E-08.01350.01335827.4236-.320.015027             11             10                    P 19      352222 6 6 2 3 2 2   222.0  234.0
452  511.731229 1.523E-59 4.822E-10.02040.02013698.90400.040.005387              4              4                    S  2q     352222 5 7 2 3 2 2    54.0   30.0
452  511.854021 1.600E-76 1.064E-05.00880.00923953.1231-.430.001838              7              7                    R  8      352222 6 6 2 3 2 2   114.0  102.0
452  512.250412 1.015E-93 6.275E-06.01120.01132063.2777-.440.003280             10             10                    R 12      352222 6 6 2 3 2 2   162.0  150.0
452  512.518490 8.951E-88 8.265E-06.00910.00929270.3194-.490.002914              9              9                    R 10      352222 6 6 2 3 2 2   138.0  126.0
452  514.649641 8.750E-29 1.412E-05.00490.005 1317.3118-.500.000816              0              0                    R  5      452222 6 6 2 3 2 2    78.0   66.0
452  515.203281 3.161E-51 1.327E-05.00660.00711964.6313-.450.001100              3              3                    R  6      352222 6 6 2 3 2 2    90.0   78.0
452  518.518471 2.326E-82 9.941E-06.00880.00926720.2725-.470.002263              8              8                    R  9      352222 6 6 2 3 2 2   126.0  114.0
452  518.820250 3.437E-82 7.759E-10.02930.02924560.87360.100.005736              8              8                    S  3q     352222 5 7 2 3 2 2    66.0   42.0
452  519.8240817.965E-102 2.941E-06.01120.01135827.4236-.440.003280             10             10                    R 19      352222 6 6 2 3 2 2   246.0  234.0
452  522.337810 1.261E-64 1.283E-05.00730.00718325.8089-.460.001366              5              5                    R  7      352222 6 6 2 3 2 2   102.0   90.0
452  522.379789 9.798E-75 1.938E-10.00360.00420991.0448-.440.007585              3              2                    O 20q     352222 5 7 2 3 2 2   222.0  246.0
452  524.4267691.732E-104 6.353E-09.01180.01235822.8208-.330.013989             10              9                    P 21      352222 6 6 2 3 2 2   246.0  258.0
452  524.6710716.360E-103 1.336E-07.01760.01835622.0017-.300.017358             13             12                    P 14      352222 6 6 2 3 2 2   162.0  174.0
452  525.215011 8.639E-66 6.674E-11.00260.00316543.0836-.470.007082              1              0                    O 21q     352222 5 7 2 3 2 2   234.0  258.0
452  528.670681 8.782E-95 6.451E-06.01120.01132575.5282-.440.003280             10             10                    R 13      352222 6 6 2 3 2 2   174.0  162.0
452  535.127878 5.980E-86 3.880E-10.00640.00626413.8496-.440.008690              6              5                    O 18q     352222 5 7 2 3 2 2   198.0  222.0
452  537.076130 1.873E-91 9.822E-10.03230.03229019.33240.070.005417             10             10                    S  4q     352222 5 7 2 3 2 2    78.0   54.0
452  537.2886301.299E-100 3.928E-06.01120.01135290.1349-.440.003280             10             10                    R 18      352222 6 6 2 3 2 2   234.0  222.0
452  537.313060 5.437E-53 5.414E-10.01780.01810600.68410.010.004829              3              3                    S  2q     352222 5 7 2 3 2 2    54.0   30.0
452  537.9999391.246E-102 2.461E-07.02020.02035548.4311-.270.017624             14             13                    P 11      352222 6 6 2 3 2 2   126.0  138.0
452  539.5810792.871E-103 6.425E-07.05410.05435646.45860.41-.000888             16             15                    P  2      352222 6 6 2 3 2 2    18.0   30.0
452  540.380149 1.992E-44 1.571E-05.00550.005 8760.9098-.500.001012              2              2                    R  6      452222 6 6 2 3 2 2    90.0   78.0
452  540.677391 6.837E-96 6.389E-06.01120.01133104.1989-.440.003280             10             10                    R 14      352222 6 6 2 3 2 2   186.0  174.0
452  541.532189 8.289E-89 9.382E-06.00910.00929782.8379-.490.002914              9              9                    R 11      352222 6 6 2 3 2 2   150.0  138.0
452  544.266621 2.955E-71 1.366E-05.00690.00721487.1771-.520.001615              6              6                    R  8      352222 6 6 2 3 2 2   114.0  102.0
452  546.979541 2.091E-99 4.818E-06.01120.01134743.1553-.440.003280             10             10                    R 17      352222 6 6 2 3 2 2   222.0  210.0
452  548.001171 4.887E-97 6.085E-06.01120.01133644.8764-.440.003280             10             10                    R 15      352222 6 6 2 3 2 2   198.0  186.0
452  550.277749 3.271E-98 5.552E-06.01120.01134192.8775-.440.003280             10             10                    R 16      352222 6 6 2 3 2 2   210.0  198.0
452  550.610579 1.370E-58 1.564E-05.00610.00615487.7747-.510.001324              4              4                    R  7      352222 6 6 2 3 2 2   102.0   90.0
452  552.894770 4.662E-77 1.005E-09.02550.02622159.40720.050.005206              7              7                    S  3q     352222 5 7 2 3 2 2    66.0   42.0
452  555.062669 2.167E-83 1.188E-05.00710.00727238.7909-.570.002587              8              8                    R 10      352222 6 6 2 3 2 2   138.0  126.0
452  555.472209 1.593E-77 1.336E-05.00700.00724464.9771-.530.002041              7              7                    R  9      352222 6 6 2 3 2 2   126.0  114.0
452  559.838370 9.756E-89 5.186E-10.00760.00827764.4312-.410.009166              7              6                    O 17q     352222 5 7 2 3 2 2   186.0  210.0
452  563.135181 4.371E-46 5.933E-10.01540.015 7331.0772-.040.004296              2              2                    S  2q     452222 5 7 2 3 2 2    54.0   30.0
452  563.482601 8.140E-78 3.611E-10.00420.00422538.9385-.400.007900              4              3                    O 19q     352222 5 7 2 3 2 2   210.0  234.0
452  565.7648303.199E-103 4.594E-07.05700.05735804.91430.220.013108             16             15                    R  4      352222 6 6 2 3 2 2    66.0   54.0
452  565.909350 2.890E-37 1.845E-05.00430.004 5384.3736-.440.000936              1              1                    R  6      452222 6 6 2 3 2 2    90.0   78.0
452  566.710201 6.506E-90 1.029E-05.00910.00930324.3701-.490.002914              9              9                    R 12      352222 6 6 2 3 2 2   162.0  150.0
452  571.4067902.111E-103 1.250E-06.04620.04635599.28270.330.003864             16             15                    P  1      352222 6 6 2 3 2 2     6.0   18.0
452  571.8770021.096E-102 9.223E-08.01550.01535430.3125-.310.016150             12             11                    P 16      352222 6 6 2 3 2 2   186.0  198.0
452  574.2797812.175E-102 5.038E-07.03770.03835458.27560.000.012527             15             14                    P  7      352222 6 6 2 3 2 2    78.0   90.0
452  574.721680 5.841E-69 2.041E-10.00300.00318230.4511-.460.007315              2              1                    O 20q     352222 5 7 2 3 2 2   222.0  246.0
452  576.065549 1.240E-65 1.706E-05.00560.00618848.1467-.580.001471              5              5                    R  8      352222 6 6 2 3 2 2   114.0  102.0
452  577.359151 1.855E-91 6.168E-10.00910.00929063.8443-.380.009699              8              7                    O 16q     352222 5 7 2 3 2 2   174.0  198.0
452  578.886551 3.358E-52 1.877E-05.00500.00512479.8346-.560.001161              3              3                    R  7      352222 6 6 2 3 2 2   102.0   90.0
452  582.383040 4.439E-87 1.469E-09.02820.02826999.68390.030.004863              9              9                    S  4q     352222 5 7 2 3 2 2    78.0   54.0
452  586.152481 4.220E-94 6.458E-10.01060.01130304.9278-.370.010287              9              8                    O 15q     352222 5 7 2 3 2 2   162.0  186.0
452  586.159159 1.421E-71 1.244E-09.02220.02219583.62610.010.004706              6              6                    S  3q     352222 5 7 2 3 2 2    66.0   42.0
452  587.934490 4.421E-91 1.094E-05.00910.00930891.0803-.490.002914              9              9                    R 13      352222 6 6 2 3 2 2   174.0  162.0
452  587.943190 1.648E-84 1.370E-05.00710.00727793.8536-.570.002587              8              8                    R 11      352222 6 6 2 3 2 2   150.0  138.0
452  589.348789 8.012E-39 6.360E-10.01320.013 3887.6794-.080.003789              1              1                    S  2q     452222 5 7 2 3 2 2    54.0   30.0
452  591.234220 2.521E-72 1.727E-05.00550.00622031.4438-.600.001855              6              6                    R  9      352222 6 6 2 3 2 2   126.0  114.0
452  591.932389 9.812E-30 2.155E-05.00360.004 1831.9614-.490.000870              0              0                    R  6      452222 6 6 2 3 2 2    90.0   78.0
452  592.4101005.417E-103 6.951E-08.00610.00635621.9124-.420.010688              6              5                    P 28      352222 6 6 2 3 2 2   330.0  342.0
452  595.531289 1.247E-78 1.612E-05.00560.00625020.4493-.630.002322              7              7                    R 10      352222 6 6 2 3 2 2   138.0  126.0
452  595.9574714.984E-103 6.232E-07.06160.06235715.64160.310.013505             16             15                    R  3      352222 6 6 2 3 2 2    54.0   42.0
452  600.179361 7.133E-81 5.853E-10.00510.00524050.8288-.360.008268              5              4                    O 18q     352222 5 7 2 3 2 2   198.0  222.0
452  600.4803509.729E-103 4.009E-08.01350.01335290.1349-.320.015027             11             10                    P 18      352222 6 6 2 3 2 2   210.0  222.0
452  605.086490 2.653E-92 1.128E-05.00910.00931479.0148-.490.002914              9              9                    R 14      352222 6 6 2 3 2 2   186.0  174.0
452  606.5604698.526E-103 4.325E-08.00730.00735406.5459-.380.010849              7              6                    P 26      352222 6 6 2 3 2 2   306.0  318.0
452  607.366870 1.871E-45 2.226E-05.00390.004 9301.2899-.490.001078              2              2                    R  7      452222 6 6 2 3 2 2   102.0   90.0
452  607.569341 1.175E-59 2.086E-05.00430.00416038.3853-.510.001357              4              4                    R  8      352222 6 6 2 3 2 2   114.0  102.0
452  609.8249411.007E-102 1.461E-07.00370.00435670.5309-.380.009099              3              2                    P 33      352222 6 6 2 3 2 2   390.0  402.0
452  610.6520202.793E-100 6.614E-06.00910.00935212.1688-.490.002914              9              9                    R 20      352222 6 6 2 3 2 2   258.0  246.0
452  610.6598892.828E-103 5.610E-07.05340.05335575.37980.330.008832             16             15                    R  0      352222 6 6 2 3 2 2    18.0    6.0
452  611.5125685.097E-102 2.352E-07.01760.01835237.3533-.300.017358             13             12                    P 13      352222 6 6 2 3 2 2   150.0  162.0
452  612.2117995.870E-103 7.084E-07.06340.06335646.45860.400.013586             16             15                    R  2      352222 6 6 2 3 2 2    42.0   30.0
452  615.2547112.573E-103 6.811E-09.01180.01235212.1688-.330.013989             10              9                    P 20      352222 6 6 2 3 2 2   234.0  246.0
452  616.093101 3.407E-31 6.673E-10.01120.011  267.0692-.120.003314              0              0                    S  2q     452222 5 7 2 3 2 2    54.0   30.0
452  616.1054895.846E-103 1.683E-08.00870.00935267.2641-.360.011575              8              7                    P 24      352222 6 6 2 3 2 2   282.0  294.0
452  616.6430615.122E-103 6.972E-07.05990.06035599.28270.420.012066             16             15                    R  1      352222 6 6 2 3 2 2    30.0   18.0
452  617.062501 1.045E-85 1.532E-05.00710.00728381.7967-.570.002587              8              8                    R 12      352222 6 6 2 3 2 2   162.0  150.0
452  617.8484986.480E-102 4.311E-07.02260.02335252.2049-.230.017443             14             13                    P 10      352222 6 6 2 3 2 2   114.0  126.0
452  618.032529 1.435E-93 1.129E-05.00910.00932084.1013-.490.002914              9              9                    R 15      352222 6 6 2 3 2 2   198.0  186.0
452  618.963089 9.668E-66 1.485E-09.01920.01916836.4688-.040.003842              5              5                    S  3q     352222 5 7 2 3 2 2    66.0   42.0
452  619.6267794.142E-104 9.646E-10.01010.01035203.1939-.360.013037              9              8                    P 22      352222 6 6 2 3 2 2   258.0  270.0
452  620.861429 3.239E-72 4.353E-10.00360.00419888.2438-.440.007585              3              2                    O 19q     352222 5 7 2 3 2 2   210.0  234.0
452  622.900340 1.048E-91 2.067E-09.02740.02729265.7642-.040.004468             10             10                    S  5q     352222 5 7 2 3 2 2    90.0   66.0
452  623.236289 6.465E-99 8.059E-06.00910.00934588.9324-.490.002914              9              9                    R 19      352222 6 6 2 3 2 2   246.0  234.0
452  625.440991 2.453E-82 2.033E-09.02440.02424793.0591-.010.004071              8              8                    S  4q     352222 5 7 2 3 2 2    78.0   54.0
452  626.255411 9.080E-67 2.166E-05.00420.00419424.2123-.550.001702              5              5                    R  9      352222 6 6 2 3 2 2   126.0  114.0
452  626.286859 5.662E-63 1.520E-10.00260.00315301.5359-.470.007082              1              0                    O 20q     352222 5 7 2 3 2 2   222.0  246.0
452  626.604970 7.138E-95 1.095E-05.00910.00932702.1339-.490.002914              9              9                    R 16      352222 6 6 2 3 2 2   210.0  198.0
452  629.617480 1.486E-97 9.301E-06.00910.00933959.3149-.490.002914              9              9                    R 18      352222 6 6 2 3 2 2   234.0  222.0
452  630.575890 3.330E-96 1.028E-05.00910.00933328.7389-.490.002914              9              9                    R 17      352222 6 6 2 3 2 2   222.0  210.0
452  630.9014481.497E-102 9.522E-08.00280.00335506.1703-.380.008099              1              0                    P 36      352222 6 6 2 3 2 2   426.0  438.0
452  631.651991 6.888E-84 8.451E-10.00640.00625522.5073-.440.008690              6              5                    O 17q     352222 5 7 2 3 2 2   186.0  210.0
452  631.919429 7.844E-80 1.881E-05.00560.00625615.9806-.630.002322              7              7                    R 11      352222 6 6 2 3 2 2   150.0  138.0
452  633.3580816.409E-102 1.591E-07.00430.00435280.0105-.360.009529              4              3                    P 31      352222 6 6 2 3 2 2   366.0  378.0
452  634.591761 1.665E-73 2.099E-05.00430.00422622.6780-.560.002100              6              6                    R 10      352222 6 6 2 3 2 2   138.0  126.0
452  636.230298 2.395E-38 2.619E-05.00320.003 5950.2830-.560.001006              1              1                    R  7      452222 6 6 2 3 2 2   102.0   90.0
452  638.5527085.985E-102 8.092E-07.04250.04335273.12040.050.010031             15             14                    P  6      352222 6 6 2 3 2 2    66.0   78.0
452  639.045029 2.510E-53 2.510E-05.00360.00413058.7212-.580.001259              3              3                    R  8      352222 6 6 2 3 2 2   114.0  102.0
452  642.344221 5.640E-87 1.664E-05.00710.00728998.8592-.570.002587              8              8                    R 13      352222 6 6 2 3 2 2   174.0  162.0
452  651.597780 1.464E-59 1.718E-09.01670.01713919.2874-.070.003435              4              4                    S  3q     352222 5 7 2 3 2 2    66.0   42.0
452  654.9300822.439E-101 1.506E-07.00500.00534966.9824-.330.010069              5              4                    P 29      352222 6 6 2 3 2 2   342.0  354.0
452  656.881181 7.573E-87 1.096E-09.00760.00826948.9774-.410.009166              7              6                    O 16q     352222 5 7 2 3 2 2   174.0  198.0
452  658.1288612.592E-101 1.713E-07.00320.00335012.4021-.400.008748              2              1                    P 34      352222 6 6 2 3 2 2   402.0  414.0
452  658.9072901.232E-101 1.484E-07.01550.01534963.0941-.310.016150             12             11                    P 15      352222 6 6 2 3 2 2   174.0  186.0
452  660.900779 7.387E-61 2.659E-05.00330.00316645.9546-.640.001497              4              4                    R  9      352222 6 6 2 3 2 2   126.0  114.0
452  663.071651 1.778E-75 7.721E-10.00420.00421513.4245-.400.007900              4              3                    O 18q     352222 5 7 2 3 2 2   198.0  222.0
452  663.724359 2.644E-88 1.760E-05.00710.00729641.2034-.570.002587              8              8                    R 14      352222 6 6 2 3 2 2   186.0  174.0
452  664.558970 4.049E-81 2.130E-05.00560.00626247.9000-.630.002322              7              7                    R 12      352222 6 6 2 3 2 2   162.0  150.0
452  665.639721 7.160E-31 3.062E-05.00260.003 2423.8938-.610.000942              0              0                    R  7      452222 6 6 2 3 2 2   102.0   90.0
452  666.933889 3.095E-77 2.652E-09.02100.02122406.7658-.060.003915              7              7                    S  4q     352222 5 7 2 3 2 2    78.0   54.0
452  670.722670 1.218E-46 2.984E-05.00290.003 9908.6568-.640.001174              2              2                    R  8      452222 6 6 2 3 2 2   114.0  102.0
452  672.762432 5.070E-68 2.648E-05.00340.00320050.4677-.640.001828              5              5                    R 10      352222 6 6 2 3 2 2   138.0  126.0
452  673.8447705.441E-101 1.220E-07.00610.00634732.7010-.420.010688              6              5                    P 27      352222 6 6 2 3 2 2   318.0  330.0
452  674.236221 8.700E-75 2.469E-05.00430.00423257.2697-.560.002100              6              6                    R 11      352222 6 6 2 3 2 2   150.0  138.0
452  674.589689 9.756E-90 1.276E-09.00910.00928324.2696-.380.009699              8              7                    O 15q     352222 5 7 2 3 2 2   162.0  186.0
452  676.408060 2.264E-87 3.136E-09.02360.02427266.7192-.080.003718              9              9                    S  5q     352222 5 7 2 3 2 2    90.0   66.0
452  677.166181 2.487E-66 4.379E-10.00300.00317068.2987-.460.007315              2              1                    O 19q     352222 5 7 2 3 2 2   210.0  234.0
452  680.1758304.051E-100 1.026E-05.00710.00735203.1939-.570.002587              8              8                    R 22      352222 6 6 2 3 2 2   282.0  270.0
452  681.141442 1.098E-89 1.815E-05.00710.00730304.9278-.570.002587              8              8                    R 15      352222 6 6 2 3 2 2   198.0  186.0
452  683.166629 1.512E-92 1.318E-09.01060.01129641.2034-.370.010287              9              8                    O 14q     352222 5 7 2 3 2 2   150.0  174.0
452  684.311872 4.949E-53 1.935E-09.01430.01410832.0609-.120.003374              3              3                    S  3q     352222 5 7 2 3 2 2    66.0   42.0
452  684.4014702.231E-100 2.226E-07.00370.00434595.6091-.380.009099              3              2                    P 32      352222 6 6 2 3 2 2   378.0  390.0
452  687.1570501.477E-101 5.806E-08.01350.01334743.1553-.320.015027             11             10                    P 17      352222 6 6 2 3 2 2   198.0  210.0
452  689.2300716.647E-101 7.931E-08.00730.00734578.0339-.380.010849              7              6                    P 25      352222 6 6 2 3 2 2   294.0  306.0
452  692.9247103.046E-101 6.971E-07.02580.02634965.8779-.170.015904             14             13                    P  9      352222 6 6 2 3 2 2   102.0  114.0
452  693.399628 1.752E-82 2.349E-05.00560.00626912.4590-.630.002322              7              7                    R 13      352222 6 6 2 3 2 2   174.0  162.0
452  693.4843603.868E-101 3.822E-07.01760.01834854.9464-.300.017358             13             12                    P 12      352222 6 6 2 3 2 2   138.0  150.0
452  694.525110 4.122E-91 1.827E-05.00710.00730986.0692-.570.002587              8              8                    R 16      352222 6 6 2 3 2 2   210.0  198.0
452  695.474431 1.356E-54 3.209E-05.00260.00313697.7662-.720.001390              3              3                    R  9      352222 6 6 2 3 2 2   126.0  114.0
452  695.629841 1.324E-98 1.243E-05.00710.00734507.5640-.570.002587              8              8                    R 21      352222 6 6 2 3 2 2   270.0  258.0
452  697.6515101.404E-101 1.222E-06.04830.04835107.26260.170.006628             15             14                    P  5      352222 6 6 2 3 2 2    54.0   66.0
452  699.9691703.671E-101 3.414E-08.00870.00934503.2246-.360.011575              8              7                    P 23      352222 6 6 2 3 2 2   270.0  282.0
452  700.657680 1.038E-78 1.203E-09.00510.00523102.4211-.360.008268              5              4                    O 17q     352222 5 7 2 3 2 2   186.0  210.0
452  700.7099395.637E-100 1.350E-07.00280.00334311.6922-.380.008099              1              0                    P 35      352222 6 6 2 3 2 2   414.0  426.0
452  701.2023704.227E-102 7.276E-09.01180.01234588.9324-.330.013989             10              9                    P 19      352222 6 6 2 3 2 2   222.0  234.0
452  702.805779 1.354E-39 3.516E-05.00230.002 6586.5133-.700.001100              1              1                    R  8      452222 6 6 2 3 2 2   114.0  102.0
452  703.210559 4.195E-92 3.758E-09.02310.02329556.4085-.140.004029             10             10                    S  6q     352222 5 7 2 3 2 2   102.0   78.0
452  703.782341 1.426E-92 1.793E-05.00710.00731680.5944-.570.002587              8              8                    R 17      352222 6 6 2 3 2 2   222.0  210.0
452  704.6046003.476E-102 3.669E-09.01010.01034507.5640-.360.013037              9              8                    P 21      352222 6 6 2 3 2 2   246.0  258.0
452  705.090890 4.382E-97 1.434E-05.00710.00733802.4730-.570.002587              8              8                    R 20      352222 6 6 2 3 2 2   258.0  246.0
452  707.399640 8.794E-72 3.303E-09.01790.01819845.8043-.110.003508              6              6                    S  4q     352222 5 7 2 3 2 2    78.0   54.0
452  708.779422 4.635E-94 1.714E-05.00710.00732384.3767-.570.002587              8              8                    R 18      352222 6 6 2 3 2 2   234.0  222.0
452  709.254470 1.107E-99 2.441E-07.00430.00434257.7279-.360.009529              4              3                    P 30      352222 6 6 2 3 2 2   354.0  366.0
452  709.316830 1.443E-95 1.593E-05.00710.00733093.1561-.570.002587              8              8                    R 19      352222 6 6 2 3 2 2   246.0  234.0
452  710.102630 3.677E-76 2.823E-05.00430.00423931.5059-.560.002100              6              6                    R 12      352222 6 6 2 3 2 2   162.0  150.0
452  710.459361 3.492E-62 3.264E-05.00260.00317306.8553-.760.001679              4              4                    R 10      352222 6 6 2 3 2 2   138.0  126.0
452  715.488440 2.208E-69 3.135E-05.00340.00320723.2301-.640.001828              5              5                    R 11      352222 6 6 2 3 2 2   150.0  138.0
452  717.323049 3.766E-46 2.128E-09.01220.012 7573.5524-.160.002734              2              2                    S  3q     452222 5 7 2 3 2 2    66.0   42.0
452  718.410992 6.481E-84 2.529E-05.00560.00627605.8586-.630.002322              7              7                    R 14      352222 6 6 2 3 2 2   186.0  174.0
452  724.498590 9.050E-70 8.905E-10.00360.00418805.1728-.440.007585              3              2                    O 18q     352222 5 7 2 3 2 2   198.0  222.0
452  727.160451 1.144E-82 4.387E-09.02010.02025079.6938-.130.003486              8              8                    S  5q     352222 5 7 2 3 2 2    90.0   66.0
452  729.323501 7.738E-99 2.435E-07.00320.00333866.2856-.400.008748              2              1                    P 33      352222 6 6 2 3 2 2   390.0  402.0
452  730.236879 5.640E-48 3.824E-05.00210.00210579.3795-.780.001299              2              2                    R  9      352222 6 6 2 3 2 2   126.0  114.0
452  732.124469 3.241E-99 2.332E-07.00500.00534000.5765-.330.010069              5              4                    P 28      352222 6 6 2 3 2 2   330.0  342.0
452  732.758130 6.713E-82 1.682E-09.00640.00624651.0081-.440.008690              6              5                    O 16q     352222 5 7 2 3 2 2   174.0  198.0
452  732.902010 3.133E-60 3.145E-10.00260.00314079.8311-.470.007082              1              0                    O 19q     352222 5 7 2 3 2 2   210.0  234.0
452  735.479139 3.507E-32 4.117E-05.00190.002 3089.5336-.750.001033              0              0                    R  8      452222 6 6 2 3 2 2   114.0  102.0
452  739.574759 2.092E-85 2.662E-05.00560.00628324.2696-.630.002322              7              7                    R 15      352222 6 6 2 3 2 2   198.0  186.0
452  741.8338491.369E-100 2.281E-07.01550.01534495.5193-.310.016150             12             11                    P 14      352222 6 6 2 3 2 2   162.0  174.0
452  742.157690 1.283E-77 3.147E-05.00430.00424641.6085-.560.002100              6              6                    R 13      352222 6 6 2 3 2 2   174.0  162.0
452  745.8423193.950E-100 1.498E-05.00560.00635267.2641-.630.002322              7              7                    R 24      352222 6 6 2 3 2 2   306.0  294.0
452  747.273199 5.577E-66 3.961E-09.01520.01517113.2672-.160.002900              5              5                    S  4q     352222 5 7 2 3 2 2    78.0   54.0
452  748.026650 5.424E-56 3.952E-05.00210.00214393.2406-.810.001658              3              3                    R 10      352222 6 6 2 3 2 2   138.0  126.0
452  750.826690 6.531E-39 2.288E-09.01030.010 4141.4224-.210.002645              1              1                    S  3q     452222 5 7 2 3 2 2    66.0   42.0
452  751.6300292.751E-101 1.767E-06.05420.05434964.01140.270.003355             15             14                    P  4      352222 6 6 2 3 2 2    42.0   54.0
452  752.311100 5.484E-99 1.916E-07.00610.00633825.7228-.420.010688              6              5                    P 26      352222 6 6 2 3 2 2   306.0  318.0
452  754.376459 7.668E-71 3.610E-05.00340.00321438.7185-.640.001828              5              5                    R 12      352222 6 6 2 3 2 2   162.0  150.0
452  756.148899 1.269E-63 3.882E-05.00260.00318017.3147-.760.001679              4              4                    R 11      352222 6 6 2 3 2 2   150.0  138.0
452  756.876319 6.009E-87 2.743E-05.00560.00629063.8443-.630.002322              7              7                    R 16      352222 6 6 2 3 2 2   210.0  198.0
452  756.956381 5.210E-98 3.172E-07.00370.00433500.7715-.380.009099              3              2                    P 31      352222 6 6 2 3 2 2   366.0  378.0
452  758.299770 4.971E-85 2.127E-09.00760.00826154.1592-.410.009166              7              6                    O 15q     352222 5 7 2 3 2 2   162.0  186.0
452  758.9097291.766E-104 7.435E-08.05670.05735646.45860.410.004845             17             15                    P  2      352222 6 6 2 3 2 2    18.0   30.0
452  763.9076201.281E-100 1.068E-06.02960.03034694.3676-.090.014040             14             13                    P  8      352222 6 6 2 3 2 2    90.0  102.0
452  764.039521 1.788E-98 1.803E-05.00560.00634503.2246-.630.002322              7              7                    R 23      352222 6 6 2 3 2 2   294.0  282.0
452  764.931411 8.124E-88 5.801E-09.01950.02027582.0669-.190.003519              9              9                    S  6q     352222 5 7 2 3 2 2   102.0   78.0
452  765.417401 5.368E-41 4.514E-05.00170.002 7289.3191-.870.001217              1              1                    R  9      452222 6 6 2 3 2 2   126.0  114.0
452  767.689239 3.285E-73 1.519E-09.00420.00420509.1052-.400.007900              4              3                    O 17q     352222 5 7 2 3 2 2   186.0  210.0
452  768.924450 5.029E-99 1.274E-07.00730.00733734.3000-.380.010849              7              6                    P 24      352222 6 6 2 3 2 2   282.0  294.0
452  769.179981 2.270E-97 1.823E-07.00280.00333097.1057-.380.008099              1              0                    P 34      352222 6 6 2 3 2 2   402.0  414.0
452  770.2165012.336E-100 8.364E-08.01350.01334192.8775-.320.015027             11             10                    P 16      352222 6 6 2 3 2 2   186.0  198.0
452  770.295599 1.565E-88 2.768E-05.00560.00629820.7206-.630.002322              7              7                    R 17      352222 6 6 2 3 2 2   222.0  210.0
452  770.393030 3.777E-79 3.430E-05.00430.00425383.7662-.560.002100              6              6                    R 14      352222 6 6 2 3 2 2   186.0  174.0
452  771.7023592.754E-100 5.912E-07.01760.01834480.5022-.300.017358             13             12                    P 11      352222 6 6 2 3 2 2   126.0  138.0
452  775.938189 4.332E-88 2.427E-09.00910.00927605.8586-.380.009699              8              7                    O 14q     352222 5 7 2 3 2 2   150.0  174.0
452  775.992210 1.322E-77 5.771E-09.01690.01722712.3020-.180.003083              7              7                    S  5q     352222 5 7 2 3 2 2    90.0   66.0
452  776.473149 8.348E-97 2.077E-05.00560.00633726.7514-.630.002322              7              7                    R 22      352222 6 6 2 3 2 2   282.0  270.0
452  777.421138 1.251E-92 6.100E-09.01940.01929888.6645-.230.004124             10             10                    S  7q     352222 5 7 2 3 2 2   114.0   90.0
452  779.796518 3.769E-90 2.736E-05.00560.00630591.0162-.630.002322              7              7                    R 18      352222 6 6 2 3 2 2   234.0  222.0
452  780.269309 5.940E-94 2.194E-09.01260.01330324.3701-.330.010931             10              9                    O 12q     352222 5 7 2 3 2 2   126.0  150.0
452  780.812481 2.095E-99 5.758E-08.00870.00933726.7514-.360.011575              8              7                    P 22      352222 6 6 2 3 2 2   258.0  270.0
452  783.149451 1.990E-97 3.490E-07.00430.00433217.4271-.360.009529              4              3                    P 29      352222 6 6 2 3 2 2   342.0  354.0
452  783.8403098.128E-101 8.565E-09.01180.01233959.3149-.330.013989             10              9                    P 18      352222 6 6 2 3 2 2   210.0  222.0
452  783.886701 3.949E-95 2.314E-05.00560.00632942.8646-.630.002322              7              7                    R 21      352222 6 6 2 3 2 2   270.0  258.0
452  783.978668 4.561E-91 2.471E-09.01060.01128998.8592-.370.010287              9              8                    O 13q     352222 5 7 2 3 2 2   138.0  162.0
452  785.002440 2.625E-31 2.408E-09.00860.009  532.3093-.250.002165              0              0                    S  3q     452222 5 7 2 3 2 2    66.0   42.0
452  785.053419 8.950E-64 8.651E-10.00300.00315927.8227-.460.007315              2              1                    O 18q     352222 5 7 2 3 2 2   198.0  222.0
452  785.314149 8.545E-92 2.648E-05.00560.00631370.8127-.630.002322              7              7                    R 19      352222 6 6 2 3 2 2   246.0  234.0
452  785.757209 1.907E-49 4.722E-05.00160.00211309.6164-.870.001447              2              2                    R 10      352222 6 6 2 3 2 2   138.0  126.0
452  786.4591911.752E-100 7.780E-09.01010.01033802.4730-.360.013037              9              8                    P 20      352222 6 6 2 3 2 2   234.0  246.0
452  786.737760 1.858E-93 2.506E-05.00560.00632156.1268-.630.002322              7              7                    R 20      352222 6 6 2 3 2 2   258.0  246.0
452  786.915580 7.876E-60 4.604E-09.01290.01314210.6352-.210.002608              4              4                    S  4q     352222 5 7 2 3 2 2    78.0   54.0
452  789.404529 2.169E-72 4.056E-05.00340.00322193.0950-.640.001828              5              5                    R 13      352222 6 6 2 3 2 2   174.0  162.0
452  794.818221 9.559E-81 3.661E-05.00430.00426154.1592-.560.002100              6              6                    R 15      352222 6 6 2 3 2 2   198.0  186.0
452  796.605380 1.645E-57 4.718E-05.00210.00215141.2673-.810.001658              3              3                    R 11      352222 6 6 2 3 2 2   150.0  138.0
452  797.917161 3.627E-65 4.494E-05.00260.00318773.4636-.760.001679              4              4                    R 12      352222 6 6 2 3 2 2   162.0  150.0
452  799.188461 2.448E-96 3.291E-07.00320.00332701.5830-.400.008748              2              1                    P 32      352222 6 6 2 3 2 2   378.0  390.0
452  800.3492704.362E-101 2.493E-06.05530.05534846.10910.350.000388             15             14                    P  3      352222 6 6 2 3 2 2    30.0   42.0
452  801.223332 1.186E-33 5.293E-05.00130.001 3825.0127-.900.001143              0              0                    R  9      452222 6 6 2 3 2 2   126.0  114.0
452  802.8571492.326E-104 2.602E-07.04860.04935599.28270.360.008890             17             15                    P  1      352222 6 6 2 3 2 2     6.0   18.0
452  806.003348 1.275E-76 2.290E-09.00510.00522176.4962-.360.008268              5              4                    O 16q     352222 5 7 2 3 2 2   174.0  198.0
452  807.335930 4.405E-97 3.348E-07.00500.00533018.3868-.330.010069              5              4                    P 27      352222 6 6 2 3 2 2   318.0  330.0
452  807.7767692.591E-100 2.089E-05.00430.00435406.5459-.560.002100              6              6                    R 26      352222 6 6 2 3 2 2   330.0  318.0
452  815.453810 2.122E-82 3.834E-05.00430.00426948.9774-.560.002100              6              6                    R 16      352222 6 6 2 3 2 2   210.0  198.0
452  820.579269 5.102E-74 4.460E-05.00340.00322982.4995-.640.001828              5              5                    R 14      352222 6 6 2 3 2 2   186.0  174.0
452  821.679310 1.480E-99 3.423E-07.01550.01534033.2670-.310.016150             12             11                    P 13      352222 6 6 2 3 2 2   150.0  162.0
452  823.335269 3.691E-83 8.221E-09.01630.01625418.5001-.240.003077              8              8                    S  6q     352222 5 7 2 3 2 2   102.0   78.0
452  823.556022 3.446E-72 7.238E-09.01410.01420169.7853-.240.002572              6              6                    S  5q     352222 5 7 2 3 2 2    90.0   66.0
452  823.907391 1.530E-42 5.586E-05.00130.001 8054.7365-.950.001354              1              1                    R 10      452222 6 6 2 3 2 2   138.0  126.0
452  826.634161 2.483E-53 5.207E-09.01090.01111137.9972-.260.002354              3              3                    S  4q     352222 5 7 2 3 2 2    78.0   54.0
452  828.199781 1.274E-95 4.290E-07.00370.00432389.2273-.380.009099              3              2                    P 30      352222 6 6 2 3 2 2   354.0  366.0
452  828.511920 1.593E-98 2.496E-05.00430.00434578.0339-.560.002100              6              6                    R 25      352222 6 6 2 3 2 2   318.0  306.0
452  828.800850 5.537E-97 2.766E-07.00610.00632905.4991-.420.010688              6              5                    P 25      352222 6 6 2 3 2 2   294.0  306.0
452  829.9885421.746E-104 6.178E-08.05740.05735575.37980.350.013872             17             15                    R  0      352222 6 6 2 3 2 2    18.0    6.0
452  831.1197414.741E-100 1.572E-06.03400.03434442.0003-.010.011651             14             13                    P  7      352222 6 6 2 3 2 2    78.0   90.0
452  832.324091 4.212E-84 3.943E-05.00430.00427764.4312-.560.002100              6              6                    R 17      352222 6 6 2 3 2 2   222.0  210.0
452  833.449860 2.134E-67 1.693E-09.00360.00417745.4648-.440.007585              3              2                    O 17q     352222 5 7 2 3 2 2   186.0  210.0
452  835.749781 8.332E-67 5.080E-05.00260.00319571.3807-.760.001679              4              4                    R 13      352222 6 6 2 3 2 2   174.0  162.0
452  836.832460 9.721E-95 2.369E-07.00280.00331864.7507-.380.008099              1              0                    P 33      352222 6 6 2 3 2 2   390.0  402.0
452  837.185591 4.820E-51 5.653E-05.00160.00212095.3736-.870.001447              2              2                    R 11      352222 6 6 2 3 2 2   150.0  138.0
452  838.529811 5.516E-80 3.116E-09.00640.00623803.0787-.440.008690              6              5                    O 15q     352222 5 7 2 3 2 2   162.0  186.0
452  840.0349788.020E-102 2.901E-06.03600.03635458.2756-.060.012826             15             14                    R  7      352222 6 6 2 3 2 2   102.0   90.0
452  841.160791 3.871E-59 5.484E-05.00210.00215937.8726-.810.001658              3              3                    R 12      352222 6 6 2 3 2 2   162.0  150.0
452  843.5309905.262E-101 3.576E-06.05080.05134755.75150.390.000025             15             14                    P  2      352222 6 6 2 3 2 2    18.0   30.0
452  843.733901 1.028E-96 2.868E-05.00430.00433734.3000-.560.002100              6              6                    R 24      352222 6 6 2 3 2 2   306.0  294.0
452  845.253829 1.461E-57 6.043E-10.00260.00312881.6229-.470.007082              1              0                    O 18q     352222 5 7 2 3 2 2   198.0  222.0
452  845.449631 7.616E-86 3.984E-05.00430.00428596.7553-.560.002100              6              6                    R 18      352222 6 6 2 3 2 2   234.0  222.0
452  846.625201 3.703E-97 1.855E-07.00730.00732880.1261-.380.010849              7              6                    P 23      352222 6 6 2 3 2 2   270.0  282.0
452  846.793981 1.807E-99 8.849E-07.02000.02034119.0837-.240.016313             13             12                    P 10      352222 6 6 2 3 2 2   114.0  126.0
452  847.393719 2.137E-88 9.611E-09.01610.01627943.1272-.290.003601              9              9                    S  7q     352222 5 7 2 3 2 2   114.0   90.0
452  847.929380 1.018E-75 4.810E-05.00340.00323803.0787-.640.001828              5              5                    R 15      352222 6 6 2 3 2 2   198.0  186.0
452  850.642860 3.786E-99 1.222E-07.01350.01333644.8764-.320.015027             11             10                    P 15      352222 6 6 2 3 2 2   174.0  186.0
452  854.173890 6.834E-95 3.198E-05.00430.00432880.1261-.560.002100              6              6                    R 23      352222 6 6 2 3 2 2   294.0  282.0
452  854.839020 1.278E-87 3.957E-05.00430.00429442.2049-.560.002100              6              6                    R 19      352222 6 6 2 3 2 2   246.0  234.0
452  855.752519 3.691E-95 4.722E-07.00430.00432162.6343-.360.009529              4              3                    P 28      352222 6 6 2 3 2 2   330.0  342.0
452  859.608289 1.107E-97 8.504E-08.00870.00932942.8646-.360.011575              8              7                    P 21      352222 6 6 2 3 2 2   246.0  258.0
452  860.278530 4.603E-93 3.478E-05.00430.00432019.8476-.560.002100              6              6                    R 22      352222 6 6 2 3 2 2   282.0  270.0
452  860.479339 2.025E-89 3.862E-05.00430.00430297.0439-.560.002100              6              6                    R 20      352222 6 6 2 3 2 2   258.0  246.0
452  862.324358 3.087E-91 3.701E-05.00430.00431157.5233-.560.002100              6              6                    R 21      352222 6 6 2 3 2 2   270.0  258.0
452  862.707790 2.842E-35 6.561E-05.00100.001 4626.2361-.990.001271              0              0                    R 10      452222 6 6 2 3 2 2   138.0  126.0
452  864.133820 2.743E-83 3.852E-09.00760.00825383.7662-.410.009166              7              6                    O 14q     352222 5 7 2 3 2 2   150.0  174.0
452  864.138450 1.880E-99 1.183E-08.01180.01233328.7389-.330.013989             10              9                    P 17      352222 6 6 2 3 2 2   198.0  210.0
452  866.158541 6.724E-99 1.206E-08.01010.01033093.1561-.360.013037              9              8                    P 19      352222 6 6 2 3 2 2   222.0  234.0
452  866.697320 1.761E-46 5.748E-09.00920.009 7894.2124-.300.002132              2              2                    S  4q     452222 5 7 2 3 2 2    78.0   54.0
452  868.253450 8.148E-94 4.273E-07.00320.00331520.9739-.400.008748              2              1                    P 31      352222 6 6 2 3 2 2   366.0  378.0
452  869.663889 1.571E-68 5.624E-05.00260.00320407.1305-.760.001679              4              4                    R 14      352222 6 6 2 3 2 2   186.0  174.0
452  870.377089 2.007E-66 8.734E-09.01150.01217455.4318-.320.002302              5              5                    S  5q     352222 5 7 2 3 2 2    90.0   66.0
452  871.499169 1.760E-77 5.096E-05.00340.00324651.0081-.640.001828              5              5                    R 16      352222 6 6 2 3 2 2   210.0  198.0
452  877.459189 5.108E-71 2.794E-09.00420.00419529.6714-.400.007900              4              3                    O 16q     352222 5 7 2 3 2 2   174.0  198.0
452  878.174450 3.216E-44 6.703E-05.00130.001 8878.6439-.950.001354              1              1                    R 11      452222 6 6 2 3 2 2   150.0  138.0
452  879.423431 3.848E-78 1.093E-08.01350.01323073.6997-.300.002703              7              7                    S  6q     352222 5 7 2 3 2 2   102.0   78.0
452  880.7886394.048E-101 6.665E-06.04400.04434694.59090.340.003611             15             14                    P  1      352222 6 6 2 3 2 2     6.0   18.0
452  881.268491 6.077E-95 4.529E-07.00500.00532024.2307-.330.010069              5              4                    P 26      352222 6 6 2 3 2 2   306.0  318.0
452  881.394621 1.612E-86 4.313E-09.00910.00926912.4590-.380.009699              8              7                    O 13q     352222 5 7 2 3 2 2   138.0  162.0
452  881.683421 7.225E-61 6.227E-05.00210.00216779.0334-.810.001658              3              3                    R 13      352222 6 6 2 3 2 2   174.0  162.0
452  883.247760 1.017E-92 3.790E-09.01260.01329782.8379-.330.010931             10              9                    O 11q     352222 5 7 2 3 2 2   114.0  138.0
452  884.472761 9.326E-53 6.591E-05.00160.00212932.5591-.870.001447              2              2                    R 12      352222 6 6 2 3 2 2   162.0  150.0
452  888.522679 1.149E-89 4.323E-09.01060.01128381.7967-.370.010287              9              8                    O 12q     352222 5 7 2 3 2 2   126.0  150.0
452  889.211439 9.415E-99 3.334E-05.00340.00334732.7010-.640.001828              5              5                    R 27      352222 6 6 2 3 2 2   342.0  330.0
452  890.1632112.054E-101 3.830E-06.04090.04135273.12040.020.012543             15             14                    R  6      352222 6 6 2 3 2 2    90.0   78.0
452  891.342320 2.685E-79 5.310E-05.00340.00325522.5073-.640.001828              5              5                    R 17      352222 6 6 2 3 2 2   222.0  210.0
452  894.660429 1.515E-99 2.245E-06.03890.03934212.60180.060.009744             14             13                    P  6      352222 6 6 2 3 2 2    66.0   78.0
452  898.544919 2.708E-61 1.601E-09.00300.00314812.7331-.460.007315              2              1                    O 17q     352222 5 7 2 3 2 2   186.0  210.0
452  898.663918 3.233E-93 5.562E-07.00370.00431263.9704-.380.009099              3              2                    P 29      352222 6 6 2 3 2 2   342.0  354.0
452  899.065960 1.524E-98 5.072E-07.01550.01533581.4362-.310.016150             12             11                    P 12      352222 6 6 2 3 2 2   138.0  150.0
452  899.701820 2.483E-70 6.110E-05.00260.00321276.7943-.760.001679              4              4                    R 15      352222 6 6 2 3 2 2   198.0  186.0
452  904.009420 5.557E-95 3.738E-07.00610.00631976.1167-.420.010688              6              5                    P 24      352222 6 6 2 3 2 2   282.0  294.0
452  904.079361 4.396E-92 2.980E-07.00280.00330616.8946-.380.008099              1              0                    P 32      352222 6 6 2 3 2 2   378.0  390.0
452  906.978240 8.220E-97 3.816E-05.00340.00333825.7228-.640.001828              5              5                    R 26      352222 6 6 2 3 2 2   330.0  318.0
452  907.345441 2.845E-39 6.205E-09.00760.008 4477.0282-.350.001938              1              1                    S  4q     452222 5 7 2 3 2 2    78.0   54.0
452  907.515689 3.681E-81 5.447E-05.00340.00326413.8496-.640.001828              5              5                    R 18      352222 6 6 2 3 2 2   234.0  222.0
452  913.418189 8.593E-84 1.383E-08.01280.01325806.8543-.390.003150              8              8                    S  7q     352222 5 7 2 3 2 2   114.0   90.0
452  916.300650 1.314E-74 4.097E-09.00510.00521276.7943-.360.008268              5              4                    O 15q     352222 5 7 2 3 2 2   162.0  186.0
452  916.889580 2.602E-60 1.020E-08.00980.01014570.8851-.360.002089              4              4                    S  5q     352222 5 7 2 3 2 2    90.0   66.0
452  918.197899 1.093E-62 6.928E-05.00210.00217660.7168-.810.001658              3              3                    R 14      352222 6 6 2 3 2 2   186.0  174.0
452  919.105050 1.072E-98 1.293E-06.02290.02333775.2624-.180.014966             13             12                    P  9      352222 6 6 2 3 2 2   102.0  114.0
452  919.826809 4.948E-37 7.886E-05.00100.001 5488.9439-.990.001271              0              0                    R 11      452222 6 6 2 3 2 2   150.0  138.0
452  920.073049 4.623E-83 5.505E-05.00340.00327321.3652-.640.001828              5              5                    R 19      352222 6 6 2 3 2 2   246.0  234.0
452  920.223640 7.517E-95 4.252E-05.00340.00332905.4991-.640.001828              5              5                    R 25      352222 6 6 2 3 2 2   318.0  306.0
452  923.017019 2.637E-95 2.497E-07.00730.00732019.8476-.380.010849              7              6                    P 22      352222 6 6 2 3 2 2   258.0  270.0
452  923.321050 4.255E-89 1.457E-08.01340.01328346.9984-.360.004231              9              9                    S  8q     352222 5 7 2 3 2 2   126.0  102.0
452  925.2926904.354E-101 4.511E-06.04620.04635107.26260.100.012453             15             14                    R  5      352222 6 6 2 3 2 2    78.0   66.0
452  925.924941 3.354E-72 6.528E-05.00260.00322176.4962-.760.001679              4              4                    R 16      352222 6 6 2 3 2 2   210.0  198.0
452  927.593749 7.000E-93 6.108E-07.00430.00431096.6369-.360.009529              4              3                    P 27      352222 6 6 2 3 2 2   318.0  330.0
452  927.612232 1.413E-54 7.510E-05.00160.00213817.0319-.870.001447              2              2                    R 13      352222 6 6 2 3 2 2   174.0  162.0
452  928.168500 5.104E-46 7.834E-05.00130.001 9756.8184-.950.001354              1              1                    R 12      352222 6 6 2 3 2 2   162.0  150.0
452  929.058609 5.412E-85 5.483E-05.00340.00328241.4383-.640.001828              5              5                    R 20      352222 6 6 2 3 2 2   258.0  246.0
452  929.067979 6.131E-98 1.822E-07.01350.01333104.1989-.320.015027             11             10                    P 14      352222 6 6 2 3 2 2   162.0  174.0
452  929.382470 7.081E-93 4.632E-05.00340.00331976.1167-.640.001828              5              5                    R 24      352222 6 6 2 3 2 2   306.0  294.0
452  933.973159 9.059E-73 1.382E-08.01100.01120553.2040-.380.002287              6              6                    S  6q     352222 5 7 2 3 2 2   102.0   78.0
452  934.499800 6.009E-87 5.381E-05.00340.00329170.4969-.640.001828              5              5                    R 21      352222 6 6 2 3 2 2   270.0  258.0
452  934.721360 6.761E-91 4.951E-05.00340.00331041.3953-.640.001828              5              5                    R 23      352222 6 6 2 3 2 2   294.0  282.0
452  935.5491795.781E-101 3.071E-06.05000.05034663.73330.310.009667             15             14                    R  0      352222 6 6 2 3 2 2    18.0    6.0
452  936.398730 6.436E-89 5.203E-05.00340.00330104.9966-.640.001828              5              5                    R 22      352222 6 6 2 3 2 2   282.0  270.0
452  936.935001 2.828E-91 5.364E-07.00320.00330327.0355-.400.008748              2              1                    P 30      352222 6 6 2 3 2 2   354.0  366.0
452  937.029220 5.417E-96 1.130E-07.00870.00932156.1268-.360.011575              8              7                    P 20      352222 6 6 2 3 2 2   234.0  246.0
452  942.742249 5.079E-98 1.916E-08.01180.01232702.1339-.330.013989             10              9                    P 16      352222 6 6 2 3 2 2   186.0  198.0
452  944.362069 2.056E-97 1.471E-08.01010.01032384.3767-.360.013037              9              8                    P 18      352222 6 6 2 3 2 2   210.0  222.0
452  946.386300 3.713E-99 4.332E-05.00260.00334966.9824-.760.001679              4              4                    R 29      352222 6 6 2 3 2 2   366.0  354.0
452  947.6616697.642E-101 4.886E-06.05180.05234964.01140.200.012683             15             14                    R  4      352222 6 6 2 3 2 2    66.0   54.0
452  947.840639 4.214E-65 3.032E-09.00360.00416712.8762-.440.007585              3              2                    O 16q     352222 5 7 2 3 2 2   174.0  198.0
452  948.407701 3.952E-74 6.866E-05.00260.00323102.4211-.760.001679              4              4                    R 17      352222 6 6 2 3 2 2   222.0  210.0
452  948.799059 1.063E-31 6.556E-09.00630.006  883.1623-.400.001762              0              0                    S  4q     452222 5 7 2 3 2 2    78.0   54.0
452  949.006459 3.786E-78 5.443E-09.00640.00622982.4995-.440.008690              6              5                    O 14q     352222 5 7 2 3 2 2   150.0  174.0
452  950.756670 1.369E-64 7.569E-05.00210.00218578.9147-.810.001658              3              3                    R 15      352222 6 6 2 3 2 2   198.0  186.0
452  951.8674521.069E-100 4.093E-06.05580.05634694.59090.410.012114             15             14                    R  1      352222 6 6 2 3 2 2    30.0   18.0
452  954.446409 8.420E-93 5.836E-07.00500.00531021.6703-.330.010069              5              4                    P 25      352222 6 6 2 3 2 2   294.0  306.0
452  954.471730 4.086E-99 3.129E-06.04410.04434009.53930.160.006737             14             13                    P  5      352222 6 6 2 3 2 2    54.0   66.0
452  958.8049311.096E-100 4.939E-06.05660.05734846.10910.290.013085             15             14                    R  3      352222 6 6 2 3 2 2    54.0   42.0
452  959.8898221.249E-100 4.674E-06.05910.05934755.75150.370.012613             15             14                    R  2      352222 6 6 2 3 2 2    42.0   30.0
452  963.461829 7.534E-54 1.160E-08.00810.00811516.3728-.410.001887              3              3                    S  5q     352222 5 7 2 3 2 2    90.0   66.0
452  963.506670 5.708E-55 1.094E-09.00260.00311710.7207-.470.007082              1              0                    O 17q     352222 5 7 2 3 2 2   186.0  210.0
452  966.405839 4.305E-97 4.933E-05.00260.00334000.5765-.760.001679              4              4                    R 28      352222 6 6 2 3 2 2   354.0  342.0
452  966.633991 1.714E-56 8.388E-05.00160.00214744.6441-.870.001447              2              2                    R 14      352222 6 6 2 3 2 2   186.0  174.0
452  967.232081 4.137E-76 7.120E-05.00260.00324050.8288-.760.001679              4              4                    R 18      352222 6 6 2 3 2 2   234.0  222.0
452  968.765558 8.437E-91 6.961E-07.00370.00430127.8714-.380.009099              3              2                    P 28      352222 6 6 2 3 2 2   330.0  342.0
452  971.257709 2.081E-89 3.649E-07.00280.00329355.7778-.380.008099              1              0                    P 31      352222 6 6 2 3 2 2   366.0  378.0
452  972.528171 6.419E-39 9.235E-05.00100.001 6408.7707-.990.001271              0              0                    R 12      452222 6 6 2 3 2 2   162.0  150.0
452  973.884450 6.261E-48 8.950E-05.00130.00110684.9868-.950.001354              1              1                    R 13      352222 6 6 2 3 2 2   174.0  162.0
452  974.372090 1.259E-81 6.588E-09.00760.00824641.6085-.410.009166              7              6                    O 13q     352222 5 7 2 3 2 2   138.0  162.0
452  974.375129 1.459E-97 7.452E-07.01550.01533144.7085-.310.016150             12             11                    P 11      352222 6 6 2 3 2 2   126.0  138.0
452  976.682919 7.951E-79 1.859E-08.01070.01123488.2942-.420.002773              7              7                    S  7q     352222 5 7 2 3 2 2   114.0   90.0
452  978.452250 5.482E-93 4.780E-07.00610.00631041.3953-.420.010688              6              5                    P 23      352222 6 6 2 3 2 2   270.0  282.0
452  979.433829 1.449E-66 8.137E-05.00210.00219529.6714-.810.001658              3              3                    R 16      352222 6 6 2 3 2 2   210.0  198.0
452  982.189699 5.302E-95 5.483E-05.00260.00333018.3868-.760.001679              4              4                    R 27      352222 6 6 2 3 2 2   342.0  330.0
452  982.482271 3.919E-78 7.285E-05.00260.00325018.0608-.760.001679              4              4                    R 19      352222 6 6 2 3 2 2   246.0  234.0
452  987.606339 4.769E-67 1.679E-08.00860.00917860.5404-.480.002010              5              5                    S  6q     352222 5 7 2 3 2 2   102.0   78.0
452  988.794301 5.619E-98 1.852E-06.02640.02633453.2059-.100.013320             13             12                    P  8      352222 6 6 2 3 2 2    90.0  102.0
452  989.299651 1.429E-91 6.153E-09.01490.01529270.3194-.300.010932             10              9                    O 10q     352222 5 7 2 3 2 2   102.0  126.0
452  990.890932 4.971E-85 7.239E-09.00910.00926247.9000-.380.009699              8              7                    O 12q     352222 5 7 2 3 2 2   126.0  150.0
452  992.316921 6.597E-90 2.050E-08.01150.01128790.5210-.380.005241              9              9                    S  9q     352222 5 7 2 3 2 2   138.0  114.0
452  992.466081 6.620E-69 4.866E-09.00420.00418578.9147-.400.007900              4              3                    O 15q     352222 5 7 2 3 2 2   162.0  186.0
452  994.156201 6.833E-93 5.975E-05.00260.00332024.2307-.760.001679              4              4                    R 26      352222 6 6 2 3 2 2   330.0  318.0
452  994.239421 3.420E-80 7.358E-05.00260.00326000.5431-.760.001679              4              4                    R 20      352222 6 6 2 3 2 2   258.0  246.0
452  996.667431 2.388E-88 7.132E-09.01060.01127793.8536-.370.010287              9              8                    O 11q     352222 5 7 2 3 2 2   114.0  138.0
452  996.955591 1.491E-84 2.133E-08.01090.01126241.8354-.420.003742              8              8                    S  8q     352222 5 7 2 3 2 2   126.0  102.0
452  998.603631 1.795E-93 3.145E-07.00730.00731157.5233-.380.010849              7              6                    P 21      352222 6 6 2 3 2 2   246.0  258.0
452  999.086621 1.342E-90 7.606E-07.00430.00430022.5837-.360.009529              4              3                    P 26      352222 6 6 2 3 2 2   306.0  318.0
452 1000.3453199.860E-100 5.511E-05.00210.00235280.0105-.810.001658              3              3                    R 31      352222 6 6 2 3 2 2   390.0  378.0
452 1001.598119 1.700E-58 9.203E-05.00160.00215711.2781-.870.001447              2              2                    R 15      352222 6 6 2 3 2 2   198.0  186.0
452 1002.560391 9.074E-91 6.402E-05.00260.00331021.6703-.760.001679              4              4                    R 25      352222 6 6 2 3 2 2   318.0  306.0
452 1002.576479 2.798E-82 7.340E-05.00260.00326994.7825-.760.001679              4              4                    R 21      352222 6 6 2 3 2 2   270.0  258.0
452 1004.319412 1.322E-68 8.620E-05.00210.00220509.1052-.810.001658              3              3                    R 17      352222 6 6 2 3 2 2   222.0  210.0
452 1005.572051 1.014E-88 6.544E-07.00320.00329122.2994-.400.008748              2              1                    P 29      352222 6 6 2 3 2 2   342.0  354.0
452 1005.907900 9.619E-97 2.761E-07.01350.01332575.5282-.320.015027             11             10                    P 13      352222 6 6 2 3 2 2   150.0  162.0
452 1007.551651 1.222E-88 6.758E-05.00260.00330014.1186-.760.001679              4              4                    R 24      352222 6 6 2 3 2 2   306.0  294.0
452 1007.552642 2.180E-84 7.231E-05.00260.00327997.3589-.760.001679              4              4                    R 22      352222 6 6 2 3 2 2   282.0  270.0
452 1009.207140 1.646E-86 7.036E-05.00260.00329004.9115-.760.001679              4              4                    R 23      352222 6 6 2 3 2 2   294.0  282.0
452 1010.375481 9.069E-99 4.289E-06.04860.04933835.73330.260.003543             14             13                    P  4      352222 6 6 2 3 2 2    42.0   54.0
452 1010.414471 4.903E-47 1.286E-08.00670.007 8290.8754-.470.001725              2              2                    S  5q     452222 5 7 2 3 2 2    90.0   66.0
452 1013.563960 2.425E-94 1.366E-07.00870.00931370.8127-.360.011575              8              7                    P 19      352222 6 6 2 3 2 2   222.0  234.0
452 1015.356070 6.074E-50 1.002E-04.00130.00111658.8713-.950.001354              1              1                    R 14      352222 6 6 2 3 2 2   186.0  174.0
452 1017.767402 6.822E-59 2.806E-09.00300.00313726.8767-.460.007315              2              1                    O 16q     352222 5 7 2 3 2 2   174.0  198.0
452 1020.097390 1.483E-96 3.461E-08.01180.01232084.1013-.330.013989             10              9                    P 15      352222 6 6 2 3 2 2   174.0  186.0
452 1020.807111 6.353E-41 1.057E-04.00100.001 7381.2989-.990.001271              0              0                    R 13      452222 6 6 2 3 2 2   174.0  162.0
452 1021.539451 4.849E-96 1.403E-08.01010.01031680.5944-.360.013037              9              8                    P 17      352222 6 6 2 3 2 2   198.0  210.0
452 1022.282699 1.491E-97 6.234E-05.00210.00234257.7279-.810.001658              3              3                    R 30      352222 6 6 2 3 2 2   378.0  366.0
452 1025.513991 1.060E-70 9.009E-05.00210.00221513.4245-.810.001658              3              3                    R 18      352222 6 6 2 3 2 2   234.0  222.0
452 1027.276710 1.157E-90 7.210E-07.00500.00530014.1186-.330.010069              5              4                    P 24      352222 6 6 2 3 2 2   282.0  294.0
452 1031.588070 1.124E-72 6.961E-09.00510.00520407.1305-.360.008268              5              4                    O 14q     352222 5 7 2 3 2 2   150.0  174.0
452 1032.588678 1.410E-60 9.940E-05.00160.00216712.8762-.870.001447              2              2                    R 16      352222 6 6 2 3 2 2   210.0  198.0
452 1038.102440 1.665E-73 2.374E-08.00820.00820993.3413-.540.002459              6              6                    S  7q     352222 5 7 2 3 2 2   114.0   90.0
452 1038.650909 1.023E-86 4.362E-07.00280.00328083.6485-.380.008099              1              0                    P 30      352222 6 6 2 3 2 2   354.0  366.0
452 1038.842351 2.239E-88 8.449E-07.00370.00428983.7413-.380.009099              3              2                    P 27      352222 6 6 2 3 2 2   318.0  330.0
452 1040.300810 2.426E-95 6.903E-05.00210.00233217.4271-.810.001658              3              3                    R 29      352222 6 6 2 3 2 2   366.0  354.0
452 1040.834520 5.594E-61 1.974E-08.00730.00714997.5508-.510.001818              4              4                    S  6q     352222 5 7 2 3 2 2   102.0   78.0
452 1043.123740 7.612E-73 9.299E-05.00210.00222538.9385-.810.001658              3              3                    R 19      352222 6 6 2 3 2 2   246.0  234.0
452 1047.823992 1.269E-96 1.086E-06.01760.01832727.4384-.250.015256             12             11                    P 10      352222 6 6 2 3 2 2   114.0  126.0
452 1048.6797904.894E-101 7.410E-06.02190.02235252.2049-.300.014343             14             13                    R 10      352222 6 6 2 3 2 2   138.0  126.0
452 1052.526632 5.243E-91 5.826E-07.00610.00630104.9966-.420.010688              6              5                    P 22      352222 6 6 2 3 2 2   258.0  270.0
452 1052.649380 4.766E-52 1.103E-04.00130.00112674.2273-.950.001354              1              1                    R 15      352222 6 6 2 3 2 2   198.0  186.0
452 1054.050679 8.162E-91 2.706E-08.01150.01129270.3194-.380.005241              9              9                    S 10q     352222 5 7 2 3 2 2   150.0  126.0
452 1054.792769 4.187E-93 7.512E-05.00210.00232162.6343-.810.001658              3              3                    R 28      352222 6 6 2 3 2 2   354.0  342.0
452 1055.882340 2.548E-97 2.609E-06.03050.03033156.7194-.030.011491             13             12                    P  7      352222 6 6 2 3 2 2    78.0   90.0
452 1057.255810 4.981E-75 9.486E-05.00210.00223582.0622-.810.001658              3              3                    R 20      352222 6 6 2 3 2 2   258.0  246.0
452 1058.033832 7.257E-40 1.395E-08.00540.005 4892.2491-.540.001593              1              1                    S  5q     452222 5 7 2 3 2 2    90.0   66.0
452 1059.707930 9.968E-63 1.058E-04.00160.00217745.4648-.870.001447              2              2                    R 17      352222 6 6 2 3 2 2   222.0  210.0
452 1062.097079 1.598E-98 5.850E-06.05120.05133693.65410.340.000660             14             13                    P  3      352222 6 6 2 3 2 2    30.0   42.0
452 1064.174770 2.145E-76 9.045E-09.00640.00622193.0950-.440.008690              6              5                    O 13q     352222 5 7 2 3 2 2   138.0  162.0
452 1064.699860 4.912E-43 1.187E-04.00100.001 8402.1060-.990.001271              0              0                    R 14      452222 6 6 2 3 2 2   186.0  174.0
452 1065.997431 7.560E-91 8.056E-05.00210.00231096.6369-.810.001658              3              3                    R 27      352222 6 6 2 3 2 2   342.0  330.0
452 1067.326220 1.205E-79 2.907E-08.00840.00823953.1231-.540.003303              7              7                    S  8q     352222 5 7 2 3 2 2   126.0  102.0
452 1067.755340 6.889E-63 5.168E-09.00360.00415711.2781-.440.007585              3              2                    O 15q     352222 5 7 2 3 2 2   162.0  186.0
452 1068.014049 3.023E-77 9.570E-05.00210.00224639.3180-.810.001658              3              3                    R 21      352222 6 6 2 3 2 2   270.0  258.0
452 1070.564410 2.571E-88 9.162E-07.00430.00428943.5543-.360.009529              4              3                    P 25      352222 6 6 2 3 2 2   294.0  306.0
452 1073.581131 1.981E-85 3.063E-08.00920.00926720.2725-.430.004791              8              8                    S  9q     352222 5 7 2 3 2 2   138.0  114.0
452 1073.768820 1.151E-91 3.731E-07.00730.00730297.0439-.380.010849              7              6                    P 20      352222 6 6 2 3 2 2   234.0  246.0
452 1074.053261 1.408E-88 8.526E-05.00210.00230022.5837-.810.001658              3              3                    R 26      352222 6 6 2 3 2 2   330.0  318.0
452 1074.448190 3.714E-86 7.785E-07.00320.00327909.2932-.400.008748              2              1                    P 28      352222 6 6 2 3 2 2   330.0  342.0
452 1074.921851 3.451E-98 7.741E-05.00160.00234595.6091-.870.001447              2              2                    R 32      352222 6 6 2 3 2 2   402.0  390.0
452 1075.494741 1.729E-79 9.552E-05.00210.00225707.3320-.810.001658              3              3                    R 22      352222 6 6 2 3 2 2   282.0  270.0
452 1079.029440 2.665E-86 8.916E-05.00210.00228943.5543-.810.001658              3              3                    R 25      352222 6 6 2 3 2 2   318.0  306.0
452 1079.782411 9.481E-82 9.434E-05.00210.00226782.8267-.810.001658              3              3                    R 23      352222 6 6 2 3 2 2   294.0  282.0
452 1080.945168 5.057E-84 9.221E-05.00210.00227862.6091-.810.001658              3              3                    R 24      352222 6 6 2 3 2 2   306.0  294.0
452 1081.430671 1.416E-95 4.224E-07.01350.01332063.2777-.320.015027             11             10                    P 12      352222 6 6 2 3 2 2   138.0  150.0
452 1083.070999 6.130E-65 1.113E-04.00160.00218805.1728-.870.001447              2              2                    R 18      352222 6 6 2 3 2 2   234.0  222.0
452 1085.856469 3.090E-54 1.196E-04.00130.00113726.8767-.950.001354              1              1                    R 16      352222 6 6 2 3 2 2   210.0  198.0
452 1087.788239 1.844E-52 1.884E-09.00260.00310571.0830-.470.007082              1              0                    O 16q     352222 5 7 2 3 2 2   174.0  198.0
452 1088.943422 4.748E-80 1.073E-08.00760.00823931.5059-.410.009166              7              6                    O 12q     352222 5 7 2 3 2 2   126.0  150.0
452 1089.578141 9.734E-93 1.510E-07.00870.00930591.0162-.360.011575              8              7                    P 18      352222 6 6 2 3 2 2   210.0  222.0
452 1094.089839 1.464E-54 2.256E-08.00570.00611964.6313-.620.001678              3              3                    S  6q     352222 5 7 2 3 2 2   102.0   78.0
452 1094.837599 7.284E-96 8.529E-05.00160.00233500.7715-.870.001447              2              2                    R 31      352222 6 6 2 3 2 2   390.0  378.0
452 1096.513188 4.299E-95 6.559E-08.01180.01231479.0148-.330.013989             10              9                    P 14      352222 6 6 2 3 2 2   162.0  174.0
452 1097.5586081.567E-102 6.006E-07.04720.04735273.12040.100.018101             16             14                    P  6      352222 6 6 2 3 2 2    66.0   78.0
452 1098.032019 7.767E-95 9.426E-09.01010.01030986.0692-.360.013037              9              8                    P 16      352222 6 6 2 3 2 2   186.0  198.0
452 1098.143540 1.626E-90 9.459E-09.01780.01828790.5210-.240.010403             10              9                    O  9q     352222 5 7 2 3 2 2    90.0  114.0
452 1098.403369 7.803E-68 2.908E-08.00650.00618325.8089-.630.002226              5              5                    S  7q     352222 5 7 2 3 2 2   114.0   90.0
452 1100.085110 1.556E-88 8.582E-07.00500.00529004.9115-.330.010069              5              4                    P 23      352222 6 6 2 3 2 2   270.0  282.0
452 1102.801048 3.341E-67 1.156E-04.00160.00219888.2438-.870.001447              2              2                    R 19      352222 6 6 2 3 2 2   246.0  234.0
452 1104.277110 3.036E-45 1.310E-04.00100.001 9466.8059-.990.001271              0              0                    R 15      452222 6 6 2 3 2 2   198.0  186.0
452 1104.291890 1.252E-83 1.156E-08.00910.00925615.9806-.380.009699              8              7                    O 11q     352222 5 7 2 3 2 2   114.0  138.0
452 1106.502779 5.162E-84 5.106E-07.00280.00326802.7905-.380.008099              1              0                    P 29      352222 6 6 2 3 2 2   342.0  354.0
452 1106.582021 2.482E-32 1.481E-08.00420.004 1317.3118-.490.001483              0              0                    S  5q     452222 5 7 2 3 2 2    90.0   66.0
452 1108.207489 4.037E-87 1.118E-08.01280.01327238.7909-.330.010422              9              8                    O 10q     352222 5 7 2 3 2 2   102.0  126.0
452 1108.242389 8.249E-92 3.376E-08.01150.01129782.8379-.380.005241              9              9                    S 11q     352222 5 7 2 3 2 2   162.0  138.0
452 1109.175211 5.967E-86 9.979E-07.00370.00427834.3791-.380.009099              3              2                    P 26      352222 6 6 2 3 2 2   306.0  318.0
452 1109.282799 2.098E-98 8.236E-06.04760.04833585.30780.370.000022             14             13                    P  2      352222 6 6 2 3 2 2    18.0   30.0
452 1111.544210 1.651E-93 9.257E-05.00160.00232389.2273-.870.001447              2              2                    R 30      352222 6 6 2 3 2 2   378.0  366.0
452 1112.746819 7.059E-67 8.091E-09.00420.00417660.7168-.400.007900              4              3                    O 14q     352222 5 7 2 3 2 2   150.0  174.0
452 1115.089610 1.690E-56 1.278E-04.00130.00114812.7331-.950.001354              1              1                    R 17      352222 6 6 2 3 2 2   222.0  210.0
452 1119.024889 1.644E-69 1.188E-04.00160.00220991.0448-.870.001447              2              2                    R 20      352222 6 6 2 3 2 2   258.0  246.0
452 1119.506118 9.763E-96 1.570E-06.02000.02032333.6997-.210.013394             12             11                    P  9      352222 6 6 2 3 2 2   102.0  114.0
452 1120.279780 9.771E-97 3.621E-06.03510.03532889.25940.040.009479             13             12                    P  6      352222 6 6 2 3 2 2    66.0   78.0
452 1120.5528992.119E-100 9.957E-06.02460.02534965.8779-.240.013557             14             13                    R  9      352222 6 6 2 3 2 2   126.0  114.0
452 1124.669691 5.404E-99 9.485E-05.00130.00135012.4021-.950.001354              1              1                    R 34      352222 6 6 2 3 2 2   426.0  414.0
452 1125.256910 3.969E-91 9.919E-05.00160.00231263.9704-.870.001447              2              2                    R 29      352222 6 6 2 3 2 2   366.0  354.0
452 1126.547079 4.788E-89 6.795E-07.00610.00629170.4969-.420.010688              6              5                    P 21      352222 6 6 2 3 2 2   246.0  258.0
452 1131.869051 7.428E-72 1.208E-04.00160.00222110.0696-.870.001447              2              2                    R 21      352222 6 6 2 3 2 2   270.0  258.0
452 1135.500840 2.210E-74 3.752E-08.00650.00721487.1771-.620.002878              6              6                    S  8q     352222 5 7 2 3 2 2   126.0  102.0
452 1136.099081 9.985E-89 1.051E-04.00160.00230127.8714-.870.001447              2              2                    R 28      352222 6 6 2 3 2 2   354.0  342.0
452 1139.637649 1.534E-47 1.423E-04.00100.00110571.0830-.990.001271              0              0                    R 16      352222 6 6 2 3 2 2   210.0  198.0
452 1140.475919 7.962E-59 1.350E-04.00130.00115927.8227-.950.001354              1              1                    R 18      352222 6 6 2 3 2 2   234.0  222.0
452 1141.456160 3.136E-74 1.217E-04.00160.00223241.9387-.870.001447              2              2                    R 22      352222 6 6 2 3 2 2   282.0  270.0
452 1142.302439 4.853E-86 1.071E-06.00430.00427862.6091-.360.009529              4              3                    P 24      352222 6 6 2 3 2 2   282.0  294.0
452 1142.804550 1.412E-56 4.700E-09.00300.00312674.2273-.460.007315              2              1                    O 15q     352222 5 7 2 3 2 2   162.0  186.0
452 1143.005859 2.068E-86 4.140E-08.00920.00927238.7909-.430.004791              8              8                    S 10q     352222 5 7 2 3 2 2   150.0  126.0
452 1143.805939 1.375E-83 9.052E-07.00320.00326690.5732-.400.008748              2              1                    P 27      352222 6 6 2 3 2 2   318.0  330.0
452 1144.130050 2.595E-86 1.102E-04.00160.00228983.7413-.870.001447              2              2                    R 27      352222 6 6 2 3 2 2   342.0  330.0
452 1146.116491 1.455E-96 1.038E-04.00130.00133866.2856-.950.001354              1              1                    R 33      352222 6 6 2 3 2 2   414.0  402.0
452 1147.747029 8.604E-48 2.515E-08.00470.005 8760.9098-.640.001571              2              2                    S  6q     452222 5 7 2 3 2 2   102.0   78.0
452 1147.901599 1.257E-76 1.214E-04.00160.00224383.3948-.870.001447              2              2                    R 23      352222 6 6 2 3 2 2   294.0  282.0
452 1148.811319 6.825E-90 4.179E-07.00730.00729442.2049-.380.010849              7              6                    P 19      352222 6 6 2 3 2 2   222.0  234.0
452 1149.362300 6.878E-84 1.144E-04.00160.00227834.3791-.870.001447              2              2                    R 26      352222 6 6 2 3 2 2   330.0  318.0
452 1151.003499 1.378E-80 4.240E-08.00730.00724464.9771-.500.004320              7              7                    S  9q     352222 5 7 2 3 2 2   138.0  114.0
452 1151.310151 4.853E-79 1.201E-04.00160.00225531.2963-.870.001447              2              2                    R 24      352222 6 6 2 3 2 2   306.0  294.0
452 1151.513521 1.718E-98 1.527E-05.04160.04233512.21950.310.003336             14             13                    P  1      352222 6 6 2 3 2 2     6.0   18.0
452 1151.772661 1.834E-81 1.178E-04.00160.00226682.6064-.870.001447              2              2                    R 25      352222 6 6 2 3 2 2   318.0  306.0
452 1151.849410 7.855E-71 1.131E-08.00510.00519571.3807-.360.008268              5              4                    O 13q     352222 5 7 2 3 2 2   138.0  162.0
452 1154.644691 6.961E-93 4.000E-08.01150.01130324.3701-.380.005241              9              9                    S 12q     352222 5 7 2 3 2 2   174.0  150.0
452 1155.792849 1.897E-94 6.476E-07.01350.01331571.6453-.320.015027             11             10                    P 11      352222 6 6 2 3 2 2   126.0  138.0
452 1158.179920 8.150E-62 3.443E-08.00540.00515487.7747-.660.001928              4              4                    S  7q     352222 5 7 2 3 2 2   114.0   90.0
452 1162.152431 3.293E-61 1.409E-04.00130.00117068.2987-.950.001354              1              1                    R 19      352222 6 6 2 3 2 2   246.0  234.0
452 1164.702559 4.254E-94 1.123E-04.00130.00132701.5830-.950.001354              1              1                    R 32      352222 6 6 2 3 2 2   402.0  390.0
452 1165.348619 3.406E-91 1.514E-07.00870.00929820.7206-.360.011575              8              7                    P 17      352222 6 6 2 3 2 2   198.0  210.0
452 1170.902231 6.472E-50 1.525E-04.00100.00111710.7207-.990.001271              0              0                    R 17      352222 6 6 2 3 2 2   222.0  210.0
452 1172.197281 1.155E-93 1.247E-07.01180.01230891.0803-.330.013989             10              9                    P 13      352222 6 6 2 3 2 2   150.0  162.0
452 1173.137951 2.016E-86 9.867E-07.00500.00527997.3589-.330.010069              5              4                    P 22      352222 6 6 2 3 2 2   258.0  270.0
452 1174.086971 5.194E-94 2.807E-09.01010.01030304.9278-.360.013037              9              8                    P 15      352222 6 6 2 3 2 2   174.0  186.0
452 1175.027002 2.648E-81 5.862E-07.00280.00325515.5462-.380.008099              1              0                    P 28      352222 6 6 2 3 2 2   330.0  342.0
452 1175.6855407.902E-100 1.206E-05.02740.02734694.3676-.190.012937             14             13                    R  8      352222 6 6 2 3 2 2   114.0  102.0
452 1177.604411 5.035E-93 9.539E-09.02800.02829888.6645-.050.007371             11             10                    O  7q     352222 5 7 2 3 2 2    66.0   90.0
452 1180.002700 1.578E-83 1.150E-06.00370.00426682.6064-.380.009099              3              2                    P 25      352222 6 6 2 3 2 2   294.0  306.0
452 1180.261790 1.218E-63 1.455E-04.00130.00118230.4511-.950.001354              1              1                    R 20      352222 6 6 2 3 2 2   258.0  246.0
452 1180.609210 1.335E-91 1.200E-04.00130.00131520.9739-.950.001354              1              1                    R 31      352222 6 6 2 3 2 2   390.0  378.0
452 1181.805241 3.093E-96 4.961E-06.04010.04032653.92800.140.006727             13             12                    P  5      352222 6 6 2 3 2 2    54.0   66.0
452 1183.959471 9.878E-75 1.440E-08.00640.00621438.7185-.440.008690              6              5                    O 12q     352222 5 7 2 3 2 2   126.0  150.0
452 1189.414592 6.491E-95 2.248E-06.02320.02331967.3047-.140.012644             12             11                    P  8      352222 6 6 2 3 2 2    90.0  102.0
452 1193.228530 9.187E-61 8.446E-09.00360.00414744.6441-.440.007585              3              2                    O 14q     352222 5 7 2 3 2 2   150.0  174.0
452 1193.938451 4.440E-89 1.271E-04.00130.00130327.0355-.950.001354              1              1                    R 30      352222 6 6 2 3 2 2   378.0  366.0
452 1194.478191 1.959E-97 1.250E-04.00100.00134311.6922-.990.001271              0              0                    R 35      352222 6 6 2 3 2 2   438.0  426.0
452 1194.948420 4.105E-66 1.488E-04.00130.00119410.7129-.950.001354              1              1                    R 21      352222 6 6 2 3 2 2   270.0  258.0
452 1198.208278 2.329E-52 1.615E-04.00100.00112881.6229-.990.001271              0              0                    R 18      352222 6 6 2 3 2 2   234.0  222.0
452 1200.766668 4.103E-87 7.594E-07.00610.00628241.4383-.420.010688              6              5                    P 20      352222 6 6 2 3 2 2   234.0  246.0
452 1202.139652 1.149E-40 2.742E-08.00370.004 5384.3736-.580.001486              1              1                    S  6q     452222 5 7 2 3 2 2   102.0   78.0
452 1202.320960 9.082E-69 4.638E-08.00510.00518848.1467-.710.002593              5              5                    S  8q     352222 5 7 2 3 2 2   126.0  102.0
452 1204.3362814.021E-102 1.011E-06.05220.05235107.26260.180.014205             16             14                    P  5      352222 6 6 2 3 2 2    54.0   66.0
452 1204.736131 1.548E-86 1.334E-04.00130.00129122.2994-.950.001354              1              1                    R 29      352222 6 6 2 3 2 2   366.0  354.0
452 1205.005691 1.736E-87 5.308E-08.00920.00927793.8536-.430.004791              8              8                    S 11q     352222 5 7 2 3 2 2   162.0  138.0
452 1206.355141 1.281E-68 1.509E-04.00130.00120605.6613-.950.001354              1              1                    R 22      352222 6 6 2 3 2 2   282.0  270.0
452 1207.707430 1.447E-78 1.674E-08.00760.00823257.2697-.410.009166              7              6                    O 11q     352222 5 7 2 3 2 2   114.0  138.0
452 1209.410141 1.472E-89 1.385E-08.02110.02128346.9984-.150.009216             10              9                    O  8q     352222 5 7 2 3 2 2    78.0  102.0
452 1213.006179 5.594E-84 1.390E-04.00130.00127909.2932-.950.001354              1              1                    R 28      352222 6 6 2 3 2 2   354.0  342.0
452 1213.856351 5.082E-81 1.030E-06.00320.00325468.7502-.400.008748              2              1                    P 26      352222 6 6 2 3 2 2   306.0  318.0
452 1214.532211 8.897E-84 1.217E-06.00430.00426782.8267-.360.009529              4              3                    P 23      352222 6 6 2 3 2 2   270.0  282.0
452 1214.586529 7.264E-95 1.344E-04.00100.00133097.1057-.990.001271              0              0                    R 34      352222 6 6 2 3 2 2   426.0  414.0
452 1214.620179 3.763E-71 1.518E-04.00130.00121812.0164-.950.001354              1              1                    R 23      352222 6 6 2 3 2 2   294.0  282.0
452 1216.802189 2.535E-99 1.357E-05.03190.03234442.0003-.080.012485             14             13                    R  7      352222 6 6 2 3 2 2   102.0   90.0
452 1217.931580 1.898E-55 3.960E-08.00430.00412479.8346-.730.001797              3              3                    S  7q     352222 5 7 2 3 2 2   114.0   90.0
452 1218.180939 4.858E-50 3.110E-09.00260.003 9466.8059-.470.007082              1              0                    O 15q     352222 5 7 2 3 2 2   162.0  186.0
452 1218.720049 2.068E-81 1.436E-04.00130.00126690.5732-.950.001354              1              1                    R 27      352222 6 6 2 3 2 2   342.0  330.0
452 1219.173909 2.599E-98 7.212E-06.04670.04733475.41670.290.009452             14             13                    R  0      352222 6 6 2 3 2 2    18.0    6.0
452 1219.874501 1.057E-73 1.514E-04.00130.00123026.6365-.950.001354              1              1                    R 24      352222 6 6 2 3 2 2   306.0  294.0
452 1221.386060 2.538E-82 1.769E-08.01080.01125020.4493-.360.009947              8              7                    O 10q     352222 5 7 2 3 2 2   102.0  126.0
452 1221.704760 7.292E-55 1.692E-04.00100.00114079.8311-.990.001271              0              0                    R 19      352222 6 6 2 3 2 2   246.0  234.0
452 1221.823069 7.728E-79 1.472E-04.00130.00125468.7502-.950.001354              1              1                    R 26      352222 6 6 2 3 2 2   330.0  318.0
452 1222.239190 2.881E-76 1.499E-04.00130.00124246.5110-.950.001354              1              1                    R 25      352222 6 6 2 3 2 2   318.0  306.0
452 1222.854839 5.460E-86 1.675E-08.01530.01526720.2725-.270.010023              9              8                    O  9q     352222 5 7 2 3 2 2    90.0  114.0
452 1223.965361 3.661E-88 4.410E-07.00730.00728596.7553-.380.010849              7              6                    P 18      352222 6 6 2 3 2 2   210.0  222.0
452 1225.825981 2.179E-75 5.540E-08.00570.00622031.4438-.590.003924              6              6                    S  9q     352222 5 7 2 3 2 2   138.0  114.0
452 1227.450719 1.219E-81 5.833E-08.00730.00725020.4493-.500.004320              7              7                    S 10q     352222 5 7 2 3 2 2   150.0  126.0
452 1229.060049 2.243E-93 9.879E-07.01540.01531104.6394-.270.014272             11             10                    P 10      352222 6 6 2 3 2 2   114.0  126.0
452 1232.355041 2.920E-92 1.433E-04.00100.00131864.7507-.990.001271              0              0                    R 33      352222 6 6 2 3 2 2   414.0  402.0
452 1238.281341 6.098E-65 1.292E-08.00420.00416779.0334-.400.007900              4              3                    O 13q     352222 5 7 2 3 2 2   138.0  162.0
452 1240.198371 7.867E-96 6.738E-06.04460.04532453.45570.240.003730             13             12                    P  4      352222 6 6 2 3 2 2    42.0   54.0
452 1241.083510 9.963E-90 1.349E-07.00870.00929063.8443-.360.011575              8              7                    P 16      352222 6 6 2 3 2 2   186.0  198.0
452 1241.547781 2.025E-57 1.754E-04.00100.00115301.5359-.990.001271              0              0                    R 20      352222 6 6 2 3 2 2   258.0  246.0
452 1243.531710 4.783E-98 9.905E-06.05200.05233512.21950.390.011654             14             13                    R  1      352222 6 6 2 3 2 2    30.0   18.0
452 1244.413630 1.365E-78 6.607E-07.00280.00324224.3365-.380.008099              1              0                    P 27      352222 6 6 2 3 2 2   318.0  330.0
452 1245.673328 6.924E-99 1.443E-05.03650.03634212.60180.000.012200             14             13                    R  6      352222 6 6 2 3 2 2    90.0   78.0
452 1246.655821 2.477E-84 1.097E-06.00500.00526994.7825-.330.010069              5              4                    P 21      352222 6 6 2 3 2 2   246.0  258.0
452 1247.275170 2.746E-92 2.318E-07.01180.01230324.3701-.330.013989             10              9                    P 12      352222 6 6 2 3 2 2   138.0  150.0
452 1247.856109 1.260E-89 1.515E-04.00100.00130616.8946-.990.001271              0              0                    R 32      352222 6 6 2 3 2 2   402.0  390.0
452 1249.876840 1.271E-93 3.316E-10.01010.01029641.2034-.360.013037              9              8                    P 14      352222 6 6 2 3 2 2   162.0  174.0
452 1251.530430 4.081E-81 1.293E-06.00370.00425531.2963-.380.009099              3              2                    P 24      352222 6 6 2 3 2 2   282.0  294.0
452 1257.456040 3.643E-94 3.182E-06.02730.02731631.8033-.050.011024             12             11                    P  7      352222 6 6 2 3 2 2    78.0   90.0
452 1257.572110 3.536E-33 2.925E-08.00290.003 1831.9614-.700.001418              0              0                    S  6q     452222 5 7 2 3 2 2   102.0   78.0
452 1257.896761 5.078E-60 1.802E-04.00100.00116543.0836-.990.001271              0              0                    R 21      352222 6 6 2 3 2 2   270.0  258.0
452 1259.406719 1.199E-88 6.491E-08.00920.00928381.7967-.430.004791              8              8                    S 12q     352222 5 7 2 3 2 2   174.0  150.0
452 1260.800981 5.449E-98 1.182E-05.05430.05433585.30780.360.012925             14             13                    R  2      352222 6 6 2 3 2 2    42.0   30.0
452 1261.116799 5.771E-87 1.590E-04.00100.00129355.7778-.990.001271              0              0                    R 31      352222 6 6 2 3 2 2   390.0  378.0
452 1263.580690 1.587E-98 1.464E-05.04120.04134009.53930.060.011292             14             13                    R  5      352222 6 6 2 3 2 2    78.0   66.0
452 1267.9537991.854E-105 4.507E-11.00870.00935012.4021-.110.017320              3              1                    O 34q     352222 5 7 2 3 2 2   390.0  414.0
452 1268.470119 8.320E-63 5.534E-08.00390.00416038.3853-.630.002383              4              4                    S  8q     352222 5 7 2 3 2 2   126.0  102.0
452 1270.356871 4.573E-98 1.326E-05.05170.05233693.65410.270.012684             14             13                    R  3      352222 6 6 2 3 2 2    54.0   42.0
452 1270.911091 1.170E-62 1.836E-04.00100.00117800.9804-.990.001271              0              0                    R 22      352222 6 6 2 3 2 2   282.0  270.0
452 1271.528899 3.000E-98 1.422E-05.04690.04733835.73330.180.012284             14             13                    R  4      352222 6 6 2 3 2 2    66.0   54.0
452 1272.129331 2.778E-84 1.657E-04.00100.00128083.6485-.990.001271              0              0                    R 30      352222 6 6 2 3 2 2   378.0  366.0
452 1273.687869 2.364E-54 7.573E-09.00300.00311658.8713-.460.007315              2              1                    O 14q     352222 5 7 2 3 2 2   150.0  174.0
452 1275.390090 3.238E-85 8.131E-07.00610.00627321.3652-.420.010688              6              5                    P 19      352222 6 6 2 3 2 2   222.0  234.0
452 1277.004140 4.419E-69 1.769E-08.00510.00518773.4636-.360.008268              5              4                    O 12q     352222 5 7 2 3 2 2   126.0  150.0
452 1278.089551 9.921E-49 4.442E-08.00310.003 9301.2899-.730.001697              2              2                    S  7q     452222 5 7 2 3 2 2   114.0   90.0
452 1280.747280 2.521E-65 1.856E-04.00100.00119071.8914-.990.001271              0              0                    R 23      352222 6 6 2 3 2 2   294.0  282.0
452 1280.858049 1.390E-81 1.717E-04.00100.00126802.7905-.990.001271              0              0                    R 29      352222 6 6 2 3 2 2   366.0  354.0
452 1284.785390 1.850E-78 1.150E-06.00320.00324246.5110-.400.008748              2              1                    P 25      352222 6 6 2 3 2 2   294.0  306.0
452 1285.435800 2.357E-92 1.292E-08.03280.03329556.40850.070.004644             11             10                    O  6q     352222 5 7 2 3 2 2    54.0   78.0
452 1287.244271 7.146E-79 1.767E-04.00100.00125515.5462-.990.001271              0              0                    R 28      352222 6 6 2 3 2 2   354.0  342.0
452 1287.450480 1.560E-81 1.345E-06.00430.00425707.3320-.360.009529              4              3                    P 22      352222 6 6 2 3 2 2   258.0  270.0
452 1287.556490 5.155E-68 1.863E-04.00100.00120352.6387-.990.001271              0              0                    R 24      352222 6 6 2 3 2 2   306.0  294.0
452 1291.209701 3.733E-76 1.808E-04.00100.00124224.3365-.990.001271              0              0                    R 27      352222 6 6 2 3 2 2   342.0  330.0
452 1291.482339 1.016E-70 1.856E-04.00100.00121640.1952-.990.001271              0              0                    R 25      352222 6 6 2 3 2 2   318.0  306.0
452 1291.7261316.144E-100 1.736E-05.01910.01934854.9464-.310.013879             13             12                    R 12      352222 6 6 2 3 2 2   162.0  150.0
452 1292.659070 1.956E-73 1.838E-04.00100.00122931.6775-.990.001271              0              0                    R 26      352222 6 6 2 3 2 2   330.0  318.0
452 1294.6588808.332E-102 1.550E-06.05630.05634964.01140.280.009761             16             14                    P  4      352222 6 6 2 3 2 2    42.0   54.0
452 1295.130820 1.551E-95 9.164E-06.04700.04732290.17690.330.000788             13             12                    P  3      352222 6 6 2 3 2 2    30.0   42.0
452 1296.478399 8.543E-83 7.629E-08.00730.00725615.9806-.500.004320              7              7                    S 11q     352222 5 7 2 3 2 2   162.0  138.0
452 1299.017839 7.736E-70 6.918E-08.00430.00419424.2123-.540.003600              5              5                    S  9q     352222 5 7 2 3 2 2   138.0  114.0
452 1299.413129 1.732E-86 4.360E-07.00730.00727764.4312-.380.010849              7              6                    P 17      352222 6 6 2 3 2 2   198.0  210.0
452 1301.218859 2.281E-92 1.492E-06.01780.01830666.0857-.210.013267             11             10                    P  9      352222 6 6 2 3 2 2   102.0  114.0
452 1306.068580 6.960E-90 7.604E-08.00920.00928998.8592-.430.004791              8              8                    S 13q     352222 5 7 2 3 2 2   186.0  162.0
452 1308.213691 3.638E-73 2.206E-08.00640.00620723.2301-.440.008690              6              5                    O 11q     352222 5 7 2 3 2 2   114.0  138.0
452 1308.827979 1.638E-76 7.727E-08.00570.00622622.6780-.590.003924              6              6                    S 10q     352222 5 7 2 3 2 2   150.0  126.0
452 1314.833511 6.985E-76 7.319E-07.00280.00322931.6775-.380.008099              1              0                    P 26      352222 6 6 2 3 2 2   306.0  318.0
452 1316.933920 2.274E-88 1.017E-07.00870.00928324.2696-.360.011575              8              7                    P 15      352222 6 6 2 3 2 2   174.0  186.0
452 1317.7595523.876E-104 1.430E-10.00960.01034595.6091-.120.017983              4              2                    O 32q     352222 5 7 2 3 2 2   366.0  390.0
452 1320.822190 2.835E-82 1.179E-06.00500.00526000.5431-.330.010069              5              4                    P 20      352222 6 6 2 3 2 2   234.0  246.0
452 1321.801501 5.582E-91 4.166E-07.01180.01229782.8379-.330.013989             10              9                    P 11      352222 6 6 2 3 2 2   126.0  138.0
452 1322.636929 1.040E-88 1.940E-08.02500.02527943.1272-.050.007364             10              9                    O  7q     352222 5 7 2 3 2 2    66.0   90.0
452 1323.460038 1.685E-93 4.452E-06.03150.03231330.46780.020.008932             12             11                    P  6      352222 6 6 2 3 2 2    66.0   78.0
452 1323.937289 1.018E-78 1.422E-06.00370.00424383.3948-.380.009099              3              2                    P 23      352222 6 6 2 3 2 2   270.0  282.0
452 1324.235382 9.830E-59 1.330E-08.00360.00413817.0319-.440.007585              3              2                    O 13q     352222 5 7 2 3 2 2   138.0  162.0
452 1325.510851 1.046E-90 1.459E-08.01010.01028998.8592-.360.013037              9              8                    P 13      352222 6 6 2 3 2 2   150.0  162.0
452 1330.445181 3.506E-77 2.513E-08.00880.00922622.6780-.430.009506              7              6                    O 10q     352222 5 7 2 3 2 2   102.0  126.0
452 1332.4324095.039E-102 4.124E-07.03110.03134965.8779-.090.024989             15             13                    P  9      352222 6 6 2 3 2 2   102.0  114.0
452 1334.519469 1.699E-56 6.412E-08.00300.00313058.7212-.750.002220              3              3                    S  8q     352222 5 7 2 3 2 2   126.0  102.0
452 1339.036091 1.175E-41 4.870E-08.00250.003 5950.2830-.790.001618              1              1                    S  7q     452222 5 7 2 3 2 2   114.0   90.0
452 1340.231671 5.802E-85 2.409E-08.01830.01826241.8354-.180.009007              9              8                    O  8q     352222 5 7 2 3 2 2    78.0  102.0
452 1341.877200 4.064E-81 2.601E-08.01270.01324464.9771-.330.009668              8              7                    O  9q     352222 5 7 2 3 2 2    90.0  114.0
452 1344.865790 3.465E-91 8.557E-08.00920.00929641.2034-.430.004791              8              8                    S 14q     352222 5 7 2 3 2 2   198.0  174.0
452 1346.216422 2.223E-95 1.293E-05.04450.04532166.00300.350.000018             13             12                    P  2      352222 6 6 2 3 2 2    18.0   30.0
452 1350.581691 2.302E-83 8.315E-07.00610.00626413.8496-.420.010688              6              5                    P 18      352222 6 6 2 3 2 2   210.0  222.0
452 1354.712429 1.025E-47 4.953E-09.00260.003 8402.1060-.470.007082              1              0                    O 14q     452222 5 7 2 3 2 2   150.0  174.0
452 1356.758291 6.548E-76 1.257E-06.00320.00323026.6365-.400.008748              2              1                    P 24      352222 6 6 2 3 2 2   282.0  294.0
452 1357.958601 4.852E-84 9.546E-08.00730.00726247.9000-.500.004320              7              7                    S 12q     352222 5 7 2 3 2 2   174.0  150.0
452 1358.8388001.109E-104 9.960E-12.00790.00834311.6922-.110.016749              2              0                    O 35q     352222 5 7 2 3 2 2   402.0  426.0
452 1361.225101 2.573E-79 1.446E-06.00430.00424639.3180-.360.009529              4              3                    P 21      352222 6 6 2 3 2 2   246.0  258.0
452 1368.363500 3.921E-99 2.174E-05.01910.01934480.5022-.310.013879             13             12                    R 11      352222 6 6 2 3 2 2   150.0  138.0
452 1368.982781 4.195E-63 1.993E-08.00420.00415937.8726-.400.007900              4              3                    O 12q     352222 5 7 2 3 2 2   126.0  150.0
452 1369.8164611.383E-101 2.271E-06.05780.05834846.10910.370.006266             16             14                    P  3      352222 6 6 2 3 2 2    30.0   42.0
452 1371.360129 6.125E-64 8.327E-08.00340.00316645.9546-.610.003344              4              4                    S  9q     352222 5 7 2 3 2 2   138.0  114.0
452 1372.184039 1.945E-91 2.222E-06.02070.02130259.6190-.140.012013             11             10                    P  8      352222 6 6 2 3 2 2    90.0  102.0
452 1375.292170 6.991E-85 3.984E-07.00730.00726948.9774-.380.010849              7              6                    P 16      352222 6 6 2 3 2 2   186.0  198.0
452 1375.666549 1.510E-92 9.264E-08.00920.00930304.9278-.430.004791              8              8                    S 15q     352222 5 7 2 3 2 2   210.0  186.0
452 1384.338842 9.615E-78 1.026E-07.00570.00623257.2697-.590.003924              6              6                    S 11q     352222 5 7 2 3 2 2   162.0  138.0
452 1386.441359 3.500E-73 7.967E-07.00280.00321640.1952-.380.008099              1              0                    P 25      352222 6 6 2 3 2 2   294.0  306.0
452 1387.186482 6.275E-93 6.160E-06.03630.03631066.26900.120.006725             12             11                    P  5      352222 6 6 2 3 2 2    54.0   66.0
452 1388.250881 4.951E-71 9.757E-08.00430.00420050.4677-.540.003600              5              5                    S 10q     352222 5 7 2 3 2 2   150.0  126.0
452 1393.000691 3.521E-87 5.757E-08.00870.00927605.8586-.360.011575              8              7                    P 14      352222 6 6 2 3 2 2   162.0  174.0
452 1393.021391 1.940E-95 2.414E-05.03930.03932082.39520.280.003154             13             12                    P  1      352222 6 6 2 3 2 2     6.0   18.0
452 1393.699651 8.312E-92 1.675E-08.03750.03729265.76420.170.001322             11             10                    O  5q     352222 5 7 2 3 2 2    42.0   66.0
452 1395.766250 9.472E-90 7.211E-07.01340.01329270.3194-.300.013361             10              9                    P 10      352222 6 6 2 3 2 2   114.0  126.0
452 1395.788769 2.965E-80 1.224E-06.00500.00525018.0608-.330.010069              5              4                    P 19      352222 6 6 2 3 2 2   222.0  234.0
452 1397.379400 2.408E-76 1.527E-06.00370.00423241.9387-.380.009099              3              2                    P 22      352222 6 6 2 3 2 2   258.0  270.0
452 1400.959570 7.774E-50 7.239E-08.00240.002 9908.6568-.820.002087              2              2                    S  8q     352222 5 7 2 3 2 2   126.0  102.0
452 1401.041170 7.957E-89 6.713E-08.01010.01028381.7967-.360.013037              9              8                    P 12      352222 6 6 2 3 2 2   138.0  150.0
452 1401.118860 3.205E-34 5.226E-08.00200.002 2423.8938-.870.001554              0              0                    S  7q     452222 5 7 2 3 2 2   114.0   90.0
452 1406.4541715.114E-100 2.369E-05.01650.01634963.0941-.330.013457             12             11                    R 15      352222 6 6 2 3 2 2   198.0  186.0
452 1406.6675692.584E-101 3.607E-06.05510.05534964.01140.190.020631             16             14                    R  4      352222 6 6 2 3 2 2    66.0   54.0
452 1406.897621 1.965E-67 2.673E-08.00510.00518017.3147-.360.008268              5              4                    O 11q     352222 5 7 2 3 2 2   114.0  138.0
452 1410.386722 3.143E-52 1.179E-08.00300.00310684.9868-.460.007315              2              1                    O 13q     352222 5 7 2 3 2 2   138.0  162.0
452 1411.810620 2.283E-85 1.148E-07.00730.00726912.4590-.500.004320              7              7                    S 13q     352222 5 7 2 3 2 2   186.0  162.0
452 1413.7249714.546E-103 5.391E-11.00870.00933866.2856-.110.017320              3              1                    O 33q     352222 5 7 2 3 2 2   378.0  402.0
452 1426.470202 1.439E-81 8.072E-07.00610.00625522.5073-.420.010688              6              5                    P 17      352222 6 6 2 3 2 2   198.0  210.0
452 1429.346938 2.229E-98 2.529E-05.01910.01934119.0837-.310.013879             13             12                    R 10      352222 6 6 2 3 2 2   138.0  126.0
452 1429.922310 2.218E-73 1.348E-06.00320.00321812.0164-.400.008748              2              1                    P 23      352222 6 6 2 3 2 2   270.0  282.0
452 1430.2879491.738E-101 3.343E-06.05400.05434755.75150.380.005201             16             14                    P  2      352222 6 6 2 3 2 2    18.0   30.0
452 1435.998640 3.919E-77 1.510E-06.00430.00423582.0622-.360.009529              4              3                    P 20      352222 6 6 2 3 2 2   234.0  246.0
452 1436.709509 1.052E-71 3.265E-08.00750.00720050.4677-.450.008572              6              5                    O 10q     352222 5 7 2 3 2 2   102.0  126.0
452 1437.265420 5.615E-88 2.611E-08.02920.02927582.06690.050.004875             10              9                    O  6q     352222 5 7 2 3 2 2    54.0   78.0
452 1441.803189 1.359E-90 3.258E-06.02420.02429888.6645-.070.010592             11             10                    P  7      352222 6 6 2 3 2 2    78.0   90.0
452 1443.501080 1.080E-57 9.722E-08.00280.00313697.7662-.660.002930              3              3                    S  9q     352222 5 7 2 3 2 2   138.0  114.0
452 1445.9380301.279E-102 5.308E-08.02370.02434854.9464-.160.026931             14             12                    P 12      352222 6 6 2 3 2 2   138.0  150.0
452 1448.332349 1.830E-92 8.458E-06.04070.04130841.84440.220.003919             12             11                    P  4      352222 6 6 2 3 2 2    42.0   54.0
452 1451.699399 2.304E-83 3.282E-07.00730.00726154.1592-.380.010849              7              6                    P 15      352222 6 6 2 3 2 2   174.0  186.0
452 1452.260320 4.509E-79 1.306E-07.00570.00623931.5059-.590.003924              6              6                    S 12q     352222 5 7 2 3 2 2   174.0  150.0
452 1456.850489 6.630E-76 3.644E-08.01070.01122031.4438-.370.009335              7              6                    O  9q     352222 5 7 2 3 2 2    90.0  114.0
452 1457.985761 9.083E-87 1.331E-07.00730.00727605.8586-.500.004320              7              7                    S 14q     352222 5 7 2 3 2 2   198.0  174.0
452 1459.377661 1.694E-70 8.520E-07.00280.00320352.6387-.380.008099              1              0                    P 24      352222 6 6 2 3 2 2   282.0  294.0
452 1459.864971 4.752E-84 3.336E-08.02190.02225806.8543-.080.007357              9              8                    O  7q     352222 5 7 2 3 2 2    66.0   90.0
452 1460.681489 8.287E-57 2.028E-08.00360.00412932.5591-.440.007585              3              2                    O 12q     352222 5 7 2 3 2 2   126.0  150.0
452 1465.377011 5.049E-80 3.691E-08.01570.01623953.1231-.210.008810              8              7                    O  8q     352222 5 7 2 3 2 2    78.0  102.0
452 1465.4896994.016E-101 4.193E-06.06160.06234846.10910.290.018970             16             14                    R  3      352222 6 6 2 3 2 2    54.0   42.0
452 1466.2108517.884E-102 1.816E-10.00960.01033500.7715-.120.017983              4              2                    O 31q     352222 5 7 2 3 2 2   354.0  378.0
452 1466.608249 3.339E-65 1.186E-07.00340.00317306.8553-.610.003344              4              4                    S 10q     352222 5 7 2 3 2 2   150.0  126.0
452 1468.223190 8.048E-43 7.986E-08.00190.002 6586.5133-.890.001978              1              1                    S  8q     452222 5 7 2 3 2 2   126.0  102.0
452 1468.9156492.139E-101 6.437E-07.03460.03534694.3676-.040.022894             15             13                    P  8      352222 6 6 2 3 2 2    90.0  102.0
452 1469.098079 1.314E-88 1.202E-06.01550.01628790.5210-.230.012506             10              9                    P  9      352222 6 6 2 3 2 2   102.0  114.0
452 1469.337811 2.355E-86 1.590E-08.00870.00926912.4590-.360.011575              8              7                    P 13      352222 6 6 2 3 2 2   150.0  162.0
452 1469.864899 2.439E-72 1.312E-07.00430.00420723.2301-.540.003600              5              5                    S 11q     352222 5 7 2 3 2 2   162.0  138.0
452 1471.678530 2.772E-78 1.221E-06.00500.00524050.8288-.330.010069              5              4                    P 18      352222 6 6 2 3 2 2   210.0  222.0
452 1471.877371 3.103E-95 1.171E-05.04380.04432040.34200.270.008366             13             12                    R  0      352222 6 6 2 3 2 2    18.0    6.0
452 1471.992631 5.317E-74 1.600E-06.00370.00422110.0696-.380.009099              3              2                    P 21      352222 6 6 2 3 2 2   246.0  258.0
452 1476.0983711.390E-101 6.342E-06.04630.04634694.59090.330.008638             16             14                    P  1      352222 6 6 2 3 2 2     6.0   18.0
452 1476.465869 3.248E-87 1.912E-07.01010.01027793.8536-.360.013037              9              8                    P 11      352222 6 6 2 3 2 2   126.0  138.0
452 1476.942088 1.117E-97 2.786E-05.02140.02133775.2624-.260.013168             13             12                    R  9      352222 6 6 2 3 2 2   126.0  114.0
452 1496.451092 3.120E-88 1.492E-07.00730.00728324.2696-.500.004320              7              7                    S 15q     352222 5 7 2 3 2 2   210.0  186.0
452 1497.345080 1.702E-45 7.637E-09.00260.003 7381.2989-.470.007082              1              0                    O 13q     452222 5 7 2 3 2 2   138.0  162.0
452 1498.5034813.254E-102 9.992E-12.00790.00833097.1057-.110.016749              2              0                    O 34q     352222 5 7 2 3 2 2   390.0  414.0
452 1501.662750 2.133E-91 2.107E-08.04130.04129019.33240.25-.000006             11             10                    O  4q     352222 5 7 2 3 2 2    30.0   54.0
452 1502.912492 5.666E-95 1.640E-05.04830.04832082.39520.370.011759             13             12                    R  1      352222 6 6 2 3 2 2    30.0   18.0
452 1502.9186694.681E-101 4.259E-06.06340.06334755.75150.370.019880             16             14                    R  2      352222 6 6 2 3 2 2    42.0   30.0
452 1503.151150 7.672E-80 7.357E-07.00610.00624651.0081-.420.010688              6              5                    P 16      352222 6 6 2 3 2 2   186.0  198.0
452 1504.408400 7.075E-71 1.414E-06.00320.00320605.6613-.400.008748              2              1                    P 22      352222 6 6 2 3 2 2   258.0  270.0
452 1504.687379 2.256E-61 2.976E-08.00420.00415141.2673-.400.007900              4              3                    O 11q     352222 5 7 2 3 2 2   114.0  138.0
452 1506.538900 4.035E-92 1.164E-05.04340.04330659.46390.310.001011             12             11                    P  3      352222 6 6 2 3 2 2    30.0   42.0
452 1506.670111 5.322E-99 3.101E-05.01650.01634495.5193-.330.013457             12             11                    R 14      352222 6 6 2 3 2 2   186.0  174.0
452 1509.860422 7.605E-90 4.699E-06.02790.02829556.4085-.010.009010             11             10                    P  6      352222 6 6 2 3 2 2    66.0   78.0
452 1511.890299 5.407E-75 1.529E-06.00430.00422538.9385-.360.009529              4              3                    P 19      352222 6 6 2 3 2 2   222.0  234.0
452 1512.550719 1.727E-80 1.602E-07.00570.00624641.6085-.590.003924              6              6                    S 13q     352222 5 7 2 3 2 2   186.0  162.0
452 1512.671790 4.861E-97 2.937E-05.02450.02433453.2059-.180.012598             13             12                    R  8      352222 6 6 2 3 2 2   114.0  102.0
452 1515.2739207.242E-101 4.822E-10.01070.01133217.4271-.080.018770              5              3                    O 29q     352222 5 7 2 3 2 2   330.0  354.0
452 1515.994091 4.264E-51 1.105E-07.00220.00210579.3795-.740.002735              2              2                    S  9q     352222 5 7 2 3 2 2   138.0  114.0
452 1521.3346393.988E-101 3.866E-06.05980.06034694.59090.410.017972             16             14                    R  1      352222 6 6 2 3 2 2    30.0   18.0
452 1522.3061422.115E-101 2.945E-06.05390.05434663.73330.330.013714             16             14                    R  0      352222 6 6 2 3 2 2    18.0    6.0
452 1527.171921 9.439E-90 1.618E-07.00730.00729063.8443-.500.004320              7              7                    S 16q     352222 5 7 2 3 2 2   222.0  198.0
452 1527.651049 6.258E-95 2.007E-05.05010.05032166.00300.340.012606             13             12                    R  2      352222 6 6 2 3 2 2    42.0   30.0
452 1528.692800 5.778E-82 2.317E-07.00730.00725383.7662-.380.010849              7              6                    P 14      352222 6 6 2 3 2 2   162.0  174.0
452 1533.769809 7.792E-68 8.946E-07.00280.00319071.8914-.380.008099              1              0                    P 23      352222 6 6 2 3 2 2   270.0  282.0
452 1536.702461 1.913E-35 8.623E-08.00150.001 3089.5336-.970.001883              0              0                    S  8q     452222 5 7 2 3 2 2   126.0  102.0
452 1537.648038 1.808E-96 2.985E-05.02810.02833156.7194-.100.012169             13             12                    R  7      352222 6 6 2 3 2 2   102.0   90.0
452 1541.291429 6.784E-66 3.913E-08.00610.00617306.8553-.510.008723              5              4                    O 10q     352222 5 7 2 3 2 2   102.0  126.0
452 1541.666152 1.463E-87 1.934E-06.01820.01828346.9984-.160.011425             10              9                    P  8      352222 6 6 2 3 2 2    90.0  102.0
452 1543.780991 9.464E-74 1.694E-07.00430.00421438.7185-.540.003600              5              5                    S 12q     352222 5 7 2 3 2 2   174.0  150.0
452 1544.632030 5.013E-59 1.396E-07.00280.00314393.2406-.660.002930              3              3                    S 10q     352222 5 7 2 3 2 2   150.0  126.0
452 1545.556330 4.977E-95 2.324E-05.04710.04732290.17690.250.012303             13             12                    R  3      352222 6 6 2 3 2 2    54.0   42.0
452 1545.953601 2.241E-86 7.198E-10.00870.00926247.9000-.360.011575              8              7                    P 12      352222 6 6 2 3 2 2   138.0  150.0
452 1547.893780 1.075E-71 1.633E-06.00370.00420991.0448-.380.009099              3              2                    P 20      352222 6 6 2 3 2 2   234.0  246.0
452 1548.587060 2.261E-76 1.163E-06.00500.00523102.4211-.330.010069              5              4                    P 17      352222 6 6 2 3 2 2   198.0  210.0
452 1550.092121 2.563E-91 1.701E-07.00730.00729820.7206-.500.004320              7              7                    S 17q     352222 5 7 2 3 2 2   234.0  210.0
452 1551.730101 8.987E-86 4.349E-07.01140.01127238.7909-.320.012523              9              8                    P 10      352222 6 6 2 3 2 2   114.0  126.0
452 1552.641751 2.258E-87 3.401E-08.03370.03427266.71920.140.002079             10              9                    O  5q     352222 5 7 2 3 2 2    42.0   66.0
452 1552.740730 5.646E-96 2.936E-05.03240.03232889.2594-.020.011883             13             12                    R  6      352222 6 6 2 3 2 2    90.0   78.0
452 1552.798009 3.258E-50 1.780E-08.00300.003 9756.8184-.460.007315              2              1                    O 12q     352222 5 7 2 3 2 2   126.0  150.0
452 1554.066060 1.381E-66 1.612E-07.00340.00318017.3147-.610.003344              4              4                    S 11q     352222 5 7 2 3 2 2   162.0  138.0
452 1556.083509 3.026E-95 2.592E-05.04230.04232453.45570.150.011910             13             12                    R  4      352222 6 6 2 3 2 2    66.0   54.0
452 1556.1448411.169E-100 6.028E-11.00870.00932701.5830-.110.017320              3              1                    O 32q     352222 5 7 2 3 2 2   366.0  390.0
452 1558.673711 1.454E-95 2.800E-05.03710.03732653.92800.060.011737             13             12                    R  5      352222 6 6 2 3 2 2    78.0   66.0
452 1559.6470313.788E-100 1.095E-09.01060.01133018.3868-.160.017846              6              4                    O 27q     352222 5 7 2 3 2 2   306.0  330.0
452 1561.399860 6.312E-92 1.662E-05.04150.04230520.99510.330.000015             12             11                    P  2      352222 6 6 2 3 2 2    18.0   30.0
452 1565.110671 6.364E-93 1.731E-07.00730.00730591.0162-.500.004320              7              7                    S 18q     352222 5 7 2 3 2 2   246.0  222.0
452 1565.211240 5.519E-82 1.898E-07.00570.00625383.7662-.590.003924              6              6                    S 14q     352222 5 7 2 3 2 2   198.0  174.0
452 1569.129091 2.345E-70 4.685E-08.00900.00919424.2123-.410.009024              6              5                    O  9q     352222 5 7 2 3 2 2    90.0  114.0
452 1572.051909 1.471E-94 1.705E-07.00730.00731370.8127-.500.004320              7              7                    S 19q     352222 5 7 2 3 2 2   258.0  234.0
452 1576.080129 3.332E-89 6.674E-06.03260.03329265.76420.080.006733             11             10                    P  5      352222 6 6 2 3 2 2    54.0   66.0
452 1580.331941 2.089E-68 1.451E-06.00320.00319410.7129-.400.008748              2              1                    P 21      352222 6 6 2 3 2 2   246.0  258.0
452 1580.687500 3.361E-78 6.178E-07.00610.00623803.0787-.420.010688              6              5                    P 15      352222 6 6 2 3 2 2   174.0  186.0
452 1581.183900 2.935E-83 4.472E-08.02580.02625418.50010.020.005098              9              8                    O  6q     352222 5 7 2 3 2 2    54.0   78.0
452 1586.522590 9.597E-75 5.121E-08.01340.01321487.1771-.250.008622              7              6                    O  8q     352222 5 7 2 3 2 2    78.0  102.0
452 1588.734370 5.102E-98 3.736E-05.01650.01634033.2670-.330.013457             12             11                    R 13      352222 6 6 2 3 2 2   174.0  162.0
452 1588.996588 6.610E-73 1.493E-06.00430.00421513.4245-.360.009529              4              3                    P 18      352222 6 6 2 3 2 2   210.0  222.0
452 1589.324789 3.800E-44 1.228E-07.00180.002 7289.3191-.800.002747              1              1                    S  9q     452222 5 7 2 3 2 2   138.0  114.0
452 1590.5546908.194E-101 9.781E-07.03870.03934442.00030.020.019692             15             13                    P  7      352222 6 6 2 3 2 2    78.0   90.0
452 1591.399681 4.768E-79 5.071E-08.01880.01923488.2942-.130.007351              8              7                    O  7q     352222 5 7 2 3 2 2    66.0   90.0
452 1592.805030 2.063E-99 3.751E-05.01390.01434743.1553-.360.013076             11             10                    R 17      352222 6 6 2 3 2 2   222.0  210.0
452 1602.392649 5.398E-55 3.001E-08.00360.00412095.3736-.440.007585              3              2                    O 11q     352222 5 7 2 3 2 2   114.0  138.0
452 1605.9284298.301E-102 7.540E-08.02370.02434480.5022-.160.026931             14             12                    P 11      352222 6 6 2 3 2 2   126.0  138.0
452 1606.291510 9.579E-81 1.242E-07.00730.00724641.6085-.380.010849              7              6                    P 13      352222 6 6 2 3 2 2   150.0  162.0
452 1608.510331 3.754E-91 2.683E-08.04180.04228819.36090.27-.005353             11             10                    O  3q     352222 5 7 2 3 2 2    18.0   42.0
452 1609.732480 3.353E-65 9.208E-07.00280.00317800.9804-.380.008099              1              0                    P 22      352222 6 6 2 3 2 2   258.0  270.0
452 1609.983801 2.960E-75 2.108E-07.00430.00422193.0950-.540.003600              5              5                    S 13q     352222 5 7 2 3 2 2   186.0  162.0
452 1610.272020 1.502E-83 2.181E-07.00570.00626154.1592-.590.003924              6              6                    S 15q     352222 5 7 2 3 2 2   210.0  186.0
452 1611.349229 1.687E-99 2.187E-10.00960.01032389.2273-.120.017983              4              2                    O 30q     352222 5 7 2 3 2 2   342.0  366.0
452 1612.470511 5.865E-92 3.142E-05.03700.03730427.87130.260.003007             12             11                    P  1      352222 6 6 2 3 2 2     6.0   18.0
452 1613.281249 1.284E-86 3.012E-06.02140.02127943.1272-.090.010194             10              9                    P  7      352222 6 6 2 3 2 2    78.0   90.0
452 1622.810361 2.768E-83 4.971E-08.00870.00925615.9806-.360.011575              8              7                    P 11      352222 6 6 2 3 2 2   126.0  138.0
452 1622.942809 1.682E-52 1.600E-07.00220.00211309.6164-.740.002735              2              2                    S 10q     352222 5 7 2 3 2 2   150.0  126.0
452 1625.180841 1.952E-69 1.618E-06.00370.00419888.2438-.380.009099              3              2                    P 19      352222 6 6 2 3 2 2   222.0  234.0
452 1626.3929191.534E-101 3.260E-07.01950.02034743.1553-.160.024605             12             10                    P 17      352222 6 6 2 3 2 2   198.0  210.0
452 1626.582621 1.564E-74 1.049E-06.00500.00522176.4962-.330.010069              5              4                    P 16      352222 6 6 2 3 2 2   186.0  198.0
452 1626.725950 1.807E-84 8.636E-07.01330.01326720.2725-.260.011804              9              8                    P  9      352222 6 6 2 3 2 2   102.0  114.0
452 1633.666938 4.441E-68 2.104E-07.00340.00318773.4636-.610.003344              4              4                    S 12q     352222 5 7 2 3 2 2   174.0  150.0
452 1636.0209209.723E-100 9.188E-12.00790.00831864.7507-.110.016749              2              0                    O 33q     352222 5 7 2 3 2 2   378.0  402.0
452 1637.766171 1.741E-60 1.915E-07.00280.00315141.2673-.660.002930              3              3                    S 11q     352222 5 7 2 3 2 2   162.0  138.0
452 1640.131461 1.114E-88 9.372E-06.03710.03729019.33240.200.004110             11             10                    P  4      352222 6 6 2 3 2 2    42.0   54.0
452 1645.144689 9.300E-60 4.319E-08.00500.00514393.2406-.550.007902              4              3                    O 10q     352222 5 7 2 3 2 2   102.0  126.0
452 1645.965860 2.178E-43 1.144E-08.00260.003 6408.7707-.470.007082              1              0                    O 12q     452222 5 7 2 3 2 2   126.0  150.0
452 1647.777900 3.554E-85 2.434E-07.00570.00626948.9774-.590.003924              6              6                    S 16q     352222 5 7 2 3 2 2   222.0  198.0
452 1649.6165897.970E-103 2.038E-07.05730.05734755.75150.390.010659             17             14                    P  2      352222 6 6 2 3 2 2    18.0   30.0
452 1651.1531696.474E-102 5.201E-08.02140.02134495.5193-.170.025726             13             11                    P 14      352222 6 6 2 3 2 2   162.0  174.0
452 1655.916881 4.471E-97 4.248E-05.01650.01633581.4362-.330.013457             12             11                    R 12      352222 6 6 2 3 2 2   162.0  150.0
452 1657.792679 5.604E-66 1.451E-06.00320.00318230.4511-.400.008748              2              1                    P 20      352222 6 6 2 3 2 2   234.0  246.0
452 1659.109079 1.145E-76 4.614E-07.00610.00622982.4995-.420.010688              6              5                    P 14      352222 6 6 2 3 2 2   162.0  174.0
452 1663.088449 1.241E-98 6.129E-10.01070.01132162.6343-.080.018770              5              3                    O 28q     352222 5 7 2 3 2 2   318.0  342.0
452 1663.931109 7.751E-37 1.335E-07.00140.001 3825.0127-.850.002573              0              0                    S  9q     452222 5 7 2 3 2 2   138.0  114.0
452 1667.391069 6.987E-71 1.397E-06.00430.00420509.1052-.360.009529              4              3                    P 17      352222 6 6 2 3 2 2   198.0  210.0
452 1668.021282 6.541E-87 4.346E-08.03740.03726999.68390.23-.000004             10              9                    O  4q     352222 5 7 2 3 2 2    30.0   54.0
452 1668.508649 7.623E-77 2.541E-07.00430.00422982.4995-.540.003600              5              5                    S 14q     352222 5 7 2 3 2 2   198.0  174.0
452 1677.773728 7.453E-87 2.643E-07.00570.00627764.4312-.590.003924              6              6                    S 17q     352222 5 7 2 3 2 2   234.0  210.0
452 1679.854391 1.782E-64 5.568E-08.00760.00816645.9546-.430.008733              5              4                    O  9q     352222 5 7 2 3 2 2    90.0  114.0
452 1683.697230 8.725E-86 4.553E-06.02500.02527582.0669-.020.008807             10              9                    P  6      352222 6 6 2 3 2 2    66.0   78.0
452 1684.474711 6.742E-80 3.312E-08.00730.00723931.5059-.380.010849              7              6                    P 12      352222 6 6 2 3 2 2   138.0  150.0
452 1684.7467895.092E-103 2.877E-09.00460.00534595.6091-.270.010703              3              2                    Q 32q     352222 5 7 2 3 2 2   390.0  390.0
452 1687.367439 1.325E-62 9.271E-07.00280.00316543.0836-.380.008099              1              0                    P 21      352222 6 6 2 3 2 2   246.0  258.0
452 1696.453231 3.142E-98 6.409E-11.00870.00931520.9739-.110.017320              3              1                    O 31q     352222 5 7 2 3 2 2   354.0  378.0
452 1697.737640 3.131E-98 4.712E-05.01390.01434192.8775-.360.013076             11             10                    R 16      352222 6 6 2 3 2 2   210.0  198.0
452 1699.0708692.770E-100 1.462E-06.04320.04334212.60180.080.017141             15             13                    P  6      352222 6 6 2 3 2 2    66.0   78.0
452 1699.823179 1.805E-81 2.174E-07.00980.01025020.4493-.330.011757              8              7                    P 10      352222 6 6 2 3 2 2   114.0  126.0
452 1700.288651 1.411E-88 2.794E-07.00570.00628596.7553-.590.003924              6              6                    S 18q     352222 5 7 2 3 2 2   246.0  222.0
452 1700.735650 2.578E-48 2.615E-08.00300.003 8878.6439-.460.007315              2              1                    O 11q     452222 5 7 2 3 2 2   114.0  138.0
452 1701.291968 2.700E-83 1.563E-06.01590.01626241.8354-.180.010882              9              8                    P  8      352222 6 6 2 3 2 2    90.0  102.0
452 1701.331069 9.893E-92 1.566E-05.04060.04130381.06390.240.008215             12             11                    R  0      352222 6 6 2 3 2 2    18.0    6.0
452 1701.634189 2.740E-88 1.315E-05.03980.04028819.36090.290.001318             11             10                    P  3      352222 6 6 2 3 2 2    30.0   42.0
452 1702.081842 1.272E-45 1.790E-07.00180.002 8054.7365-.800.002747              1              1                    S 10q     452222 5 7 2 3 2 2   150.0  126.0
452 1703.520630 1.333E-82 5.838E-08.03010.03025079.69380.120.002282              9              8                    O  5q     352222 5 7 2 3 2 2    42.0   66.0
452 1703.932428 3.110E-67 1.549E-06.00370.00418805.1728-.380.009099              3              2                    P 18      352222 6 6 2 3 2 2   210.0  222.0
452 1705.057300 3.948E-69 6.533E-08.01110.01118848.1467-.310.008443              6              5                    O  8q     352222 5 7 2 3 2 2    78.0  102.0
452 1705.413660 1.136E-69 2.652E-07.00340.00319571.3807-.610.003344              4              4                    S 13q     352222 5 7 2 3 2 2   186.0  162.0
452 1705.705172 8.842E-73 8.790E-07.00500.00521276.7943-.330.010069              5              4                    P 15      352222 6 6 2 3 2 2   174.0  186.0
452 1706.903721 1.306E-97 3.996E-09.00960.01032019.8476-.240.013402              7              6                    Q 22q     352222 5 7 2 3 2 2   270.0  270.0
452 1706.903721 6.621E-96 2.026E-07.00830.00832019.8476-.290.013678              7              6                    Q 22m     352220 4 4 2 3 2 2   270.0  270.0
452 1707.5487301.156E-102 7.059E-07.04970.05034694.59090.340.013542             17             14                    P  1      352222 6 6 2 3 2 2     6.0   18.0
452 1710.069341 5.037E-98 1.452E-09.01060.01132024.2307-.160.017846              6              4                    O 26q     352222 5 7 2 3 2 2   294.0  318.0
452 1710.237711 3.530E-96 4.625E-05.01650.01633144.7085-.330.013457             12             11                    R 11      352222 6 6 2 3 2 2   150.0  138.0
452 1713.358720 3.894E-91 4.531E-08.04040.04028667.70520.25-.003329             11             10                    O  2q     352222 5 7 2 3 2 2     6.0   30.0
452 1714.314171 1.252E-99 4.053E-09.00670.00733018.3868-.290.011806              5              4                    Q 27q     352222 5 7 2 3 2 2   330.0  330.0
452 1714.314171 7.408E-98 2.398E-07.00560.00633018.3868-.260.011954              5              4                    Q 27m     352220 4 4 2 3 2 2   330.0  330.0
452 1714.452420 9.336E-96 2.647E-07.00570.00632019.8476-.590.003924              6              6                    S 22q     352222 5 7 2 3 2 2   294.0  270.0
452 1715.318359 2.458E-90 2.876E-07.00570.00629442.2049-.590.003924              6              6                    S 19q     352222 5 7 2 3 2 2   258.0  234.0
452 1718.960718 1.042E-73 6.993E-08.01640.01620993.3413-.150.007344              7              6                    O  7q     352222 5 7 2 3 2 2    66.0   90.0
452 1719.359441 3.350E-78 6.774E-08.02270.02323073.6997-.010.005313              8              7                    O  6q     352222 5 7 2 3 2 2    54.0   78.0
452 1719.428539 1.651E-78 2.975E-07.00430.00423803.0787-.540.003600              5              5                    S 15q     352222 5 7 2 3 2 2   210.0  186.0
452 1721.658351 4.900E-54 2.212E-07.00220.00212095.3736-.740.002735              2              2                    S 11q     352222 5 7 2 3 2 2   162.0  138.0
452 1722.343369 2.840E-96 4.354E-09.01140.01131370.8127-.240.014339              8              7                    Q 19q     352222 5 7 2 3 2 2   234.0  234.0
452 1722.343369 1.100E-94 1.687E-07.00980.01031370.8127-.270.014696              8              7                    Q 19m     352220 4 4 2 3 2 2   234.0  234.0
452 1722.602891 6.217E-94 2.805E-07.00570.00631157.5233-.590.003924              6              6                    S 21q     352222 5 7 2 3 2 2   282.0  258.0
452 1722.803700 4.006E-92 2.881E-07.00570.00630297.0439-.590.003924              6              6                    S 20q     352222 5 7 2 3 2 2   270.0  246.0
452 1722.844208 4.639E-62 2.524E-07.00280.00315937.8726-.660.002930              3              3                    S 12q     352222 5 7 2 3 2 2   174.0  150.0
452 1736.874111 1.337E-63 1.410E-06.00320.00317068.2987-.400.008748              2              1                    P 19      352222 6 6 2 3 2 2   222.0  234.0
452 1738.131461 1.792E-91 2.230E-05.04530.04530427.87130.340.011574             12             11                    R  1      352222 6 6 2 3 2 2    30.0   18.0
452 1738.410981 2.763E-75 2.845E-07.00610.00622193.0950-.420.010688              6              5                    P 13      352222 6 6 2 3 2 2   150.0  162.0
452 1738.907481 5.355E-93 8.067E-08.01320.01330324.3701-.240.017058             10              9                    Q 12m     352220 4 4 2 3 2 2   150.0  150.0
452 1738.907481 3.102E-94 4.673E-09.01580.01630324.3701-.190.016502             10              9                    Q 12q     352222 5 7 2 3 2 2   150.0  150.0
452 1741.6347811.023E-102 1.863E-07.05860.05934663.73330.340.020163             17             14                    R  0      352222 6 6 2 3 2 2    18.0    6.0
452 1743.138582 1.566E-93 4.753E-09.02940.02929888.6645-.030.012323             11             10                    Q  7q     352222 5 7 2 3 2 2    90.0   90.0
452 1743.138582 1.011E-92 3.069E-08.02420.02429888.6645-.090.013352             11             10                    Q  7m     352220 4 4 2 3 2 2    90.0   90.0
452 1747.0278698.658E-101 8.946E-07.01770.01834588.9324-.190.023567             11              9                    P 19      352222 6 6 2 3 2 2   222.0  234.0
452 1747.123081 6.201E-69 1.241E-06.00430.00419529.6714-.360.009529              4              3                    P 16      352222 6 6 2 3 2 2   186.0  198.0
452 1749.104829 2.662E-53 4.324E-08.00400.00411309.6164-.490.008068              3              2                    O 10q     352222 5 7 2 3 2 2   102.0  126.0
452 1749.5552815.552E-100 4.592E-09.00540.00533217.4271-.250.010749              4              3                    Q 29q     352222 5 7 2 3 2 2   354.0  354.0
452 1749.555281 2.891E-98 2.391E-07.00490.00533217.4271-.280.011308              4              3                    Q 29m     352220 4 4 2 3 2 2   354.0  354.0
452 1750.634621 1.164E-97 3.028E-09.01170.01231976.1167-.170.018244              7              5                    O 24q     352222 5 7 2 3 2 2   270.0  294.0
452 1750.9693196.059E-101 1.248E-07.02570.02634119.0837-.140.025668             14             12                    P 10      352222 6 6 2 3 2 2   114.0  126.0
452 1752.613179 4.499E-85 6.713E-06.02930.02927266.71920.070.006750             10              9                    P  5      352222 6 6 2 3 2 2    54.0   66.0
452 1753.063721 2.470E-95 4.861E-05.01650.01632727.4384-.330.013457             12             11                    R 10      352222 6 6 2 3 2 2   138.0  126.0
452 1754.416430 3.787E-97 2.541E-10.00960.01031263.9704-.120.017983              4              2                    O 29q     352222 5 7 2 3 2 2   330.0  354.0
452 1758.183310 2.218E-97 5.347E-09.00800.00831976.1167-.290.012558              6              5                    Q 24q     352222 5 7 2 3 2 2   294.0  294.0
452 1758.183310 9.398E-96 2.265E-07.00700.00731976.1167-.310.012765              6              5                    Q 24m     352220 4 4 2 3 2 2   294.0  294.0
452 1758.315081 5.568E-99 5.260E-05.01210.01234588.9324-.370.012736             10              9                    R 19      352222 6 6 2 3 2 2   246.0  234.0
452 1760.166081 4.667E-88 1.911E-05.03870.03928667.70520.300.000169             11             10                    P  2      352222 6 6 2 3 2 2    18.0   30.0
452 1762.841489 3.070E-80 3.391E-07.00430.00424651.0081-.540.003600              5              5                    S 16q     352222 5 7 2 3 2 2   222.0  198.0
452 1763.179639 5.228E-80 1.163E-09.00730.00723257.2697-.380.010849              7              6                    P 11      352222 6 6 2 3 2 2   126.0  138.0
452 1766.762792 4.717E-60 9.105E-07.00280.00315301.5359-.380.008099              1              0                    P 20      352222 6 6 2 3 2 2   234.0  246.0
452 1769.181532 1.918E-91 2.778E-05.04590.04630520.99510.310.011548             12             11                    R  2      352222 6 6 2 3 2 2    42.0   30.0
452 1769.365709 2.362E-71 3.240E-07.00340.00320407.1305-.610.003344              4              4                    S 14q     352222 5 7 2 3 2 2   198.0  174.0
452 1772.332822 2.912E-97 7.742E-12.00790.00830616.8946-.110.016749              2              0                    O 32q     352222 5 7 2 3 2 2   366.0  390.0
452 1774.059199 3.293E-92 2.376E-08.02810.02829556.4085-.030.011428             11             10                    Q  6m     352220 4 4 2 3 2 2    78.0   78.0
452 1774.059199 8.077E-93 5.827E-09.03420.03429556.40850.010.010710             11             10                    Q  6q     352222 5 7 2 3 2 2    78.0   78.0
452 1775.212731 3.011E-82 2.643E-06.01880.01925806.8543-.110.009831              9              8                    P  7      352222 6 6 2 3 2 2    78.0   90.0
452 1776.858259 5.849E-80 5.784E-07.01150.01224464.9771-.290.011161              8              7                    P  9      352222 6 6 2 3 2 2   102.0  114.0
452 1779.173461 5.249E-94 6.073E-09.01350.01430304.9278-.210.015372              9              8                    Q 15q     352222 5 7 2 3 2 2   186.0  186.0
452 1779.173461 1.048E-92 1.213E-07.01140.01130304.9278-.260.015822              9              8                    Q 15m     352220 4 4 2 3 2 2   186.0  186.0
452 1779.239079 6.918E-99 2.197E-07.00420.00433500.7715-.290.010773              3              2                    Q 31m     352220 4 4 2 3 2 2   378.0  378.0
452 1779.2390791.469E-100 4.665E-09.00460.00533500.7715-.270.010703              3              2                    Q 31q     352222 5 7 2 3 2 2   378.0  378.0
452 1782.534589 2.194E-38 1.960E-07.00140.001 4626.2361-.850.002573              0              0                    S 10q     452222 5 7 2 3 2 2   150.0  126.0
452 1782.577649 1.289E-86 5.693E-08.03820.03826783.21440.25-.004604             10              9                    O  3q     352222 5 7 2 3 2 2    18.0   42.0
452 1782.625319 1.550E-97 5.676E-09.01290.01332019.8476-.180.017823              8              6                    O 22q     352222 5 7 2 3 2 2   246.0  270.0
452 1784.206529 4.239E-65 1.423E-06.00370.00417745.4648-.380.009099              3              2                    P 17      352222 6 6 2 3 2 2   198.0  210.0
452 1785.341381 3.760E-94 1.992E-07.00830.00831157.5233-.290.013678              7              6                    Q 21m     352220 4 4 2 3 2 2   258.0  258.0
452 1785.341381 1.190E-95 6.307E-09.00960.01031157.5233-.240.013402              7              6                    Q 21q     352222 5 7 2 3 2 2   258.0  258.0
452 1785.383920 1.503E-94 4.957E-05.01820.01832333.6997-.300.012301             12             11                    R  9      352222 6 6 2 3 2 2   126.0  114.0
452 1785.435970 4.501E-97 5.536E-05.01390.01433644.8764-.360.013076             11             10                    R 15      352222 6 6 2 3 2 2   198.0  186.0
452 1785.964529 3.889E-71 6.643E-07.00500.00520407.1305-.330.010069              5              4                    P 14      352222 6 6 2 3 2 2   162.0  174.0
452 1788.807359 5.116E-93 6.375E-09.01580.01629782.8379-.190.016502             10              9                    Q 11q     352222 5 7 2 3 2 2   138.0  138.0
452 1788.807359 5.757E-92 7.174E-08.01320.01329782.8379-.240.017058             10              9                    Q 11m     352220 4 4 2 3 2 2   138.0  138.0
452 1790.008540 2.879E-58 6.105E-08.00620.00613697.7662-.500.008458              4              3                    O  9q     352222 5 7 2 3 2 2    90.0  114.0
452 1793.360469 1.673E-94 6.621E-09.01140.01130591.0162-.240.014339              8              7                    Q 18q     352222 5 7 2 3 2 2   222.0  222.0
452 1793.360469 4.106E-93 1.625E-07.00980.01030591.0162-.270.014696              8              7                    Q 18m     352220 4 4 2 3 2 2   222.0  222.0
452 1793.991579 1.445E-91 3.281E-05.04280.04330659.46390.220.011939             12             11                    R  3      352222 6 6 2 3 2 2    54.0   42.0
452 1795.3744698.020E-100 2.153E-06.04790.04834009.53930.150.014222             15             13                    P  5      352222 6 6 2 3 2 2    54.0   66.0
452 1798.858009 4.996E-82 3.769E-07.00430.00425522.5073-.540.003600              5              5                    S 17q     352222 5 7 2 3 2 2   234.0  210.0
452 1799.881320 9.702E-64 3.216E-07.00280.00316779.0334-.660.002930              3              3                    S 13q     352222 5 7 2 3 2 2   186.0  162.0
452 1800.375262 2.103E-41 1.670E-08.00260.003 5488.9439-.470.007082              1              0                    O 11q     452222 5 7 2 3 2 2   114.0  138.0
452 1800.504751 8.145E-92 1.742E-08.03290.03329265.76420.060.010115             11             10                    Q  5m     352220 4 4 2 3 2 2    66.0   66.0
452 1800.504751 3.229E-92 6.904E-09.03990.04029265.76420.100.008862             11             10                    Q  5q     352222 5 7 2 3 2 2    66.0   66.0
452 1801.492131 2.183E-97 6.452E-09.00670.00732024.2307-.290.011806              5              4                    Q 26q     352222 5 7 2 3 2 2   318.0  318.0
452 1801.492131 8.115E-96 2.399E-07.00560.00632024.2307-.260.011954              5              4                    Q 26m     352220 4 4 2 3 2 2   318.0  318.0
452 1804.2453492.247E-101 4.078E-09.00400.00433866.2856-.280.010272              2              1                    Q 33q     352222 5 7 2 3 2 2   402.0  402.0
452 1806.342980 3.098E-47 2.495E-07.00180.002 8878.6439-.800.002747              1              1                    S 11q     352222 5 7 2 3 2 2   162.0  138.0
452 1807.957580 7.815E-94 4.922E-05.02130.02131967.3047-.200.012289             12             11                    R  8      352222 6 6 2 3 2 2   114.0  102.0
452 1808.862240 2.217E-96 7.562E-10.01070.01131096.6369-.080.018770              5              3                    O 27q     352222 5 7 2 3 2 2   306.0  330.0
452 1809.3118012.582E-100 4.982E-07.01950.02034192.8775-.160.024605             12             10                    P 16      352222 6 6 2 3 2 2   186.0  198.0
452 1812.083431 8.146E-92 3.746E-05.03800.03830841.84440.120.011561             12             11                    R  4      352222 6 6 2 3 2 2    66.0   54.0
452 1812.084989 1.080E-55 2.942E-07.00220.00212932.5591-.740.002735              2              2                    S 12q     352222 5 7 2 3 2 2   174.0  150.0
452 1815.271851 4.609E-88 3.668E-05.03450.03528565.79200.200.002897             11             10                    P  1      352222 6 6 2 3 2 2     6.0   18.0
452 1815.5986906.226E-101 6.904E-08.02140.02134033.2670-.170.025726             13             11                    P 13      352222 6 6 2 3 2 2   150.0  162.0
452 1817.642100 2.771E-61 1.324E-06.00320.00315927.8227-.400.008748              2              1                    P 18      352222 6 6 2 3 2 2   210.0  222.0
452 1818.551229 3.789E-74 1.186E-07.00610.00621438.7185-.420.010688              6              5                    P 12      352222 6 6 2 3 2 2   138.0  150.0
452 1819.677031 1.719E-84 9.710E-06.03360.03426999.68390.170.004306             10              9                    P  4      352222 6 6 2 3 2 2    42.0   54.0
452 1821.402468 3.408E-93 4.767E-05.02470.02531631.8033-.120.011881             12             11                    R  7      352222 6 6 2 3 2 2   102.0   90.0
452 1822.155199 3.488E-63 7.719E-08.00950.01016038.3853-.340.008270              5              4                    O  8q     352222 5 7 2 3 2 2    78.0  102.0
452 1822.511939 1.467E-91 1.185E-08.03840.03829019.33240.140.008246             11             10                    Q  4m     352220 4 4 2 3 2 2    54.0   54.0
452 1822.511939 9.856E-92 7.966E-09.04650.04729019.33240.200.006756             11             10                    Q  4q     352222 5 7 2 3 2 2    54.0   54.0
452 1822.990210 3.549E-92 4.161E-05.03290.03331066.26900.030.011420             12             11                    R  5      352222 6 6 2 3 2 2    78.0   66.0
452 1825.3796401.709E-102 2.611E-09.00350.00334311.6922-.280.009430              1              0                    Q 35q     352222 5 7 2 3 2 2   426.0  426.0
452 1825.626761 4.080E-73 3.849E-07.00340.00321276.7943-.610.003344              4              4                    S 15q     352222 5 7 2 3 2 2   210.0  186.0
452 1826.115329 4.305E-82 7.531E-08.03370.03424793.05910.20-.000010              9              8                    O  4q     352222 5 7 2 3 2 2    30.0   54.0
452 1826.251410 1.224E-92 4.507E-05.02860.02931330.4678-.040.011592             12             11                    R  6      352222 6 6 2 3 2 2    90.0   78.0
452 1827.588741 7.256E-84 4.092E-07.00430.00426413.8496-.540.003600              5              5                    S 18q     352222 5 7 2 3 2 2   246.0  222.0
452 1828.215859 4.456E-67 1.027E-06.00430.00418578.9147-.360.009529              4              3                    P 15      352222 6 6 2 3 2 2   174.0  186.0
452 1834.319991 5.247E-91 6.236E-08.01430.01429270.3194-.240.016110             10              9                    Q 10m     352220 4 4 2 3 2 2   126.0  126.0
452 1834.319991 6.980E-92 8.295E-09.01730.01729270.3194-.180.014755             10              9                    Q 10q     352222 5 7 2 3 2 2   126.0  126.0
452 1835.598910 8.806E-96 6.568E-11.00870.00930327.0355-.110.017320              3              1                    O 30q     352222 5 7 2 3 2 2   342.0  366.0
452 1837.811330 2.136E-91 1.119E-07.01140.01129641.2034-.260.015822              9              8                    Q 14m     352220 4 4 2 3 2 2   174.0  174.0
452 1837.811330 1.613E-92 8.452E-09.01350.01429641.2034-.210.015372              9              8                    Q 14q     352222 5 7 2 3 2 2   174.0  174.0
452 1837.942221 1.263E-97 7.081E-09.00540.00532162.6343-.250.010749              4              3                    Q 28q     352222 5 7 2 3 2 2   342.0  342.0
452 1837.942221 4.257E-96 2.387E-07.00490.00532162.6343-.280.011308              4              3                    Q 28m     352220 4 4 2 3 2 2   342.0  342.0
452 1838.730780 2.784E-95 8.138E-09.00800.00831041.3953-.290.012558              6              5                    Q 23q     352222 5 7 2 3 2 2   282.0  282.0
452 1838.730780 7.625E-94 2.229E-07.00700.00731041.3953-.310.012765              6              5                    Q 23m     352220 4 4 2 3 2 2   282.0  282.0
452 1839.6833892.205E-100 1.535E-06.01600.01634507.5640-.160.022611             10              8                    P 21      352222 6 6 2 3 2 2   246.0  258.0
452 1840.102889 2.257E-91 9.046E-09.05270.05328819.36090.310.005293             11             10                    Q  3q     352222 5 7 2 3 2 2    42.0   42.0
452 1840.102889 1.804E-91 7.228E-09.04500.04528819.36090.250.006454             11             10                    Q  3m     352220 4 4 2 3 2 2    42.0   42.0
452 1842.299192 7.318E-77 8.984E-08.00840.00822622.6780-.360.011063              7              6                    P 10      352222 6 6 2 3 2 2   114.0  126.0
452 1843.976439 4.919E-68 8.881E-08.01400.01418325.8089-.190.007334              6              5                    O  7q     352222 5 7 2 3 2 2    66.0   90.0
452 1847.991620 1.479E-57 8.681E-07.00280.00314079.8311-.380.008099              1              0                    P 19      352222 6 6 2 3 2 2   222.0  234.0
452 1848.219180 2.490E-81 4.241E-06.02210.02225418.5001-.050.008626              9              8                    P  6      352222 6 6 2 3 2 2    66.0   78.0
452 1848.571641 1.708E-77 8.857E-08.02680.02722712.30200.090.002738              8              7                    O  5q     352222 5 7 2 3 2 2    42.0   66.0
452 1849.131662 9.578E-86 4.343E-07.00430.00427321.3652-.540.003600              5              5                    S 19q     352222 5 7 2 3 2 2   258.0  234.0
452 1849.606110 1.671E-95 4.122E-07.00430.00431976.1167-.540.003600              5              5                    S 24q     352222 5 7 2 3 2 2   318.0  294.0
452 1853.289932 3.833E-91 1.044E-08.05560.05628667.70520.400.004550             11             10                    Q  2q     352222 5 7 2 3 2 2    30.0   30.0
452 1853.289932 1.343E-91 3.657E-09.04840.04828667.70520.350.005031             11             10                    Q  2m     352220 4 4 2 3 2 2    30.0   30.0
452 1853.561860 8.300E-73 9.318E-08.01980.02020553.2040-.040.005517              7              6                    O  6q     352222 5 7 2 3 2 2    54.0   78.0
452 1853.731220 1.214E-78 1.230E-06.01360.01423953.1231-.220.010383              8              7                    P  8      352222 6 6 2 3 2 2    90.0  102.0
452 1853.920371 1.526E-46 3.746E-08.00340.003 8054.7365-.510.007796              2              1                    O 10q     452222 5 7 2 3 2 2   102.0  126.0
452 1856.309901 1.009E-99 1.254E-05.03790.03834442.0003-.040.021494             15             13                    R  7      352222 6 6 2 3 2 2   102.0   90.0
452 1858.455839 6.894E-96 1.871E-09.01060.01131021.6703-.160.017846              6              4                    O 25q     352222 5 7 2 3 2 2   282.0  306.0
452 1858.895059 6.056E-96 6.207E-05.01390.01433104.1989-.360.013076             11             10                    R 14      352222 6 6 2 3 2 2   186.0  174.0
452 1859.082969 2.096E-92 1.927E-07.00830.00830297.0439-.290.013678              7              6                    Q 20m     352220 4 4 2 3 2 2   246.0  246.0
452 1859.082969 1.007E-93 9.260E-09.00960.01030297.0439-.240.013402              7              6                    Q 20q     352222 5 7 2 3 2 2   246.0  246.0
452 1859.873730 8.871E-93 9.440E-09.01140.01129820.7206-.240.014339              8              7                    Q 17q     352222 5 7 2 3 2 2   210.0  210.0
452 1859.873730 1.447E-91 1.539E-07.00980.01029820.7206-.270.014696              8              7                    Q 17m     352220 4 4 2 3 2 2   210.0  210.0
452 1862.079219 5.494E-91 1.534E-08.04140.04128565.79200.320.005224             11             10                    Q  1q     352222 5 7 2 3 2 2    18.0   18.0
452 1862.079219 4.400E-92 1.228E-09.04940.04928565.79200.360.004537             11             10                    Q  1m     352220 4 4 2 3 2 2    18.0   18.0
452 1863.558409 1.170E-87 4.507E-07.00430.00428241.4383-.540.003600              5              5                    S 20q     352222 5 7 2 3 2 2   270.0  246.0
452 1864.103819 1.582E-93 4.381E-07.00430.00431041.3953-.540.003600              5              5                    S 23q     352222 5 7 2 3 2 2   306.0  282.0
452 1866.038541 4.797E-63 1.239E-06.00370.00416712.8762-.380.009099              3              2                    P 16      352222 6 6 2 3 2 2   186.0  198.0
452 1867.337850 1.227E-69 4.259E-07.00500.00519571.3807-.330.010069              5              4                    P 13      352222 6 6 2 3 2 2   150.0  162.0
452 1868.108480 1.222E-97 6.421E-05.01210.01233959.3149-.370.012736             10              9                    R 18      352222 6 6 2 3 2 2   234.0  222.0
452 1868.500591 1.343E-96 2.188E-07.00420.00432389.2273-.290.010773              3              2                    Q 30m     352220 4 4 2 3 2 2   366.0  366.0
452 1868.500591 4.298E-98 7.000E-09.00460.00532389.2273-.270.010703              3              2                    Q 30q     352222 5 7 2 3 2 2   366.0  366.0
452 1868.954579 1.629E-65 3.974E-07.00280.00317660.7168-.660.002930              3              3                    S 14q     352222 5 7 2 3 2 2   198.0  174.0
452 1870.898530 1.345E-89 4.572E-07.00430.00429170.4969-.540.003600              5              5                    S 21q     352222 5 7 2 3 2 2   282.0  258.0
452 1871.120090 1.479E-91 4.532E-07.00430.00430104.9966-.540.003600              5              5                    S 22q     352222 5 7 2 3 2 2   294.0  270.0
452 1874.332629 5.978E-75 4.459E-07.00340.00322176.4962-.610.003344              4              4                    S 16q     352222 5 7 2 3 2 2   222.0  198.0
452 1875.564681 3.966E-90 5.287E-08.01590.01628790.5210-.220.014391             10              9                    Q  9m     352220 4 4 2 3 2 2   114.0  114.0
452 1875.564681 7.787E-91 1.038E-08.01930.01928790.5210-.160.014420             10              9                    Q  9q     352222 5 7 2 3 2 2   114.0  114.0
452 1879.907699 1.923E-99 3.126E-06.05210.05233835.73330.270.009962             15             13                    P  4      352222 6 6 2 3 2 2    42.0   54.0
452 1883.5399594.496E-100 2.251E-07.02800.02833775.2624-.110.024057             14             12                    P  9      352222 6 6 2 3 2 2   102.0  114.0
452 1883.828879 3.716E-95 9.548E-09.00670.00731021.6703-.290.011806              5              4                    Q 25q     352222 5 7 2 3 2 2   306.0  306.0
452 1883.828879 9.188E-94 2.361E-07.00560.00631021.6703-.260.011954              5              4                    Q 25m     352220 4 4 2 3 2 2   306.0  306.0
452 1884.490780 4.713E-84 1.395E-05.03650.03626783.21440.260.001798             10              9                    P  3      352222 6 6 2 3 2 2    30.0   42.0
452 1892.221061 3.861E-90 1.015E-07.01140.01128998.8592-.260.015822              9              8                    Q 13m     352220 4 4 2 3 2 2   162.0  162.0
452 1892.221061 4.267E-91 1.122E-08.01350.01428998.8592-.210.015372              9              8                    Q 13q     352222 5 7 2 3 2 2   162.0  162.0
452 1892.354970 4.456E-40 2.752E-07.00140.001 5488.9439-.850.002573              0              0                    S 11q     452222 5 7 2 3 2 2   162.0  138.0
452 1894.026060 8.328E-99 5.970E-09.00400.00432701.5830-.280.010272              2              1                    Q 32q     352222 5 7 2 3 2 2   390.0  390.0
452 1894.026060 2.451E-97 1.757E-07.00370.00432701.5830-.290.010320              2              1                    Q 32m     352220 4 4 2 3 2 2   390.0  390.0
452 1894.246209 1.845E-57 3.784E-07.00220.00213817.0319-.740.002735              2              2                    S 13q     352222 5 7 2 3 2 2   186.0  162.0
452 1895.416162 1.492E-86 1.007E-07.03730.03726619.17440.24-.002959             10              9                    O  2q     352222 5 7 2 3 2 2     6.0   30.0
452 1896.359311 8.889E-95 2.890E-10.00960.01030127.8714-.120.017983              4              2                    O 28q     352222 5 7 2 3 2 2   318.0  342.0
452 1899.447911 1.013E-73 1.170E-08.00610.00620723.2301-.420.010688              6              5                    P 11      352222 6 6 2 3 2 2   126.0  138.0
452 1900.143032 4.859E-59 1.191E-06.00320.00314812.7331-.400.008748              2              1                    P 17      352222 6 6 2 3 2 2   198.0  210.0
452 1900.455161 9.735E-52 6.079E-08.00520.00510579.3795-.510.008197              3              2                    O  9q     352222 5 7 2 3 2 2    90.0  114.0
452 1901.469279 1.181E-95 4.036E-09.01170.01231041.3953-.170.018244              7              5                    O 23q     352222 5 7 2 3 2 2   258.0  282.0
452 1902.052950 5.636E-49 3.345E-07.00180.002 9756.8184-.800.002747              1              1                    S 12q     352222 5 7 2 3 2 2   174.0  150.0
452 1908.192710 8.552E-95 5.930E-12.00790.00829355.7778-.110.016749              2              0                    O 31q     352222 5 7 2 3 2 2   354.0  378.0
452 1910.663990 2.468E-65 7.688E-07.00430.00417660.7168-.360.009529              4              3                    P 14      352222 6 6 2 3 2 2   162.0  174.0
452 1912.620690 2.429E-89 4.359E-08.01830.01828346.9984-.170.013968             10              9                    Q  8m     352220 4 4 2 3 2 2   102.0  102.0
452 1912.620690 7.009E-90 1.258E-08.02210.02228346.9984-.110.013193             10              9                    Q  8q     352222 5 7 2 3 2 2   102.0  102.0
452 1913.280770 8.185E-88 1.881E-05.03770.03828514.59050.210.008868             11             10                    R  0      352222 6 6 2 3 2 2    18.0    6.0
452 1914.850990 6.185E-92 2.161E-07.00700.00730104.9966-.310.012765              6              5                    Q 22m     352220 4 4 2 3 2 2   270.0  270.0
452 1914.850990 3.332E-93 1.164E-08.00800.00830104.9966-.290.012558              6              5                    Q 22q     352222 5 7 2 3 2 2   270.0  270.0
452 1915.2964727.908E-100 3.735E-09.00350.00333097.1057-.280.009430              1              0                    Q 34q     352222 5 7 2 3 2 2   414.0  414.0
452 1915.296472 2.216E-98 1.046E-07.00330.00333097.1057-.310.009466              1              0                    Q 34m     352220 4 4 2 3 2 2   414.0  414.0
452 1915.639779 7.580E-77 5.047E-07.00340.00323102.4211-.610.003344              4              4                    S 17q     352222 5 7 2 3 2 2   234.0  210.0
452 1919.990129 1.509E-80 6.530E-06.02620.02625079.69380.050.006778              9              8                    P  5      352222 6 6 2 3 2 2    54.0   66.0
452 1919.990929 7.502E-95 6.712E-05.01390.01432575.5282-.360.013076             11             10                    R 13      352222 6 6 2 3 2 2   174.0  162.0
452 1921.679401 4.538E-75 3.827E-07.00990.01022031.4438-.300.010575              7              6                    P  9      352222 6 6 2 3 2 2   102.0  114.0
452 1921.749949 6.578E-94 2.348E-07.00490.00531096.6369-.280.011308              4              3                    Q 27m     352220 4 4 2 3 2 2   330.0  330.0
452 1921.749949 2.868E-95 1.024E-08.00540.00531096.6369-.250.010749              4              3                    Q 27q     352222 5 7 2 3 2 2   330.0  330.0
452 1922.224951 4.718E-90 1.436E-07.00980.01029063.8443-.270.014696              8              7                    Q 16m     352220 4 4 2 3 2 2   198.0  198.0
452 1922.224951 4.206E-91 1.280E-08.01140.01129063.8443-.240.014339              8              7                    Q 16q     352222 5 7 2 3 2 2   198.0  198.0
452 1928.607840 1.125E-90 1.836E-07.00830.00829442.2049-.290.013678              7              6                    Q 19m     352220 4 4 2 3 2 2   234.0  234.0
452 1928.607840 7.891E-92 1.287E-08.00960.01029442.2049-.240.013402              7              6                    Q 19q     352222 5 7 2 3 2 2   234.0  234.0
452 1930.190509 2.247E-67 4.780E-07.00280.00318578.9147-.660.002930              3              3                    S 15q     352222 5 7 2 3 2 2   210.0  186.0
452 1930.205909 1.735E-77 2.296E-06.01630.01623488.2942-.150.009502              8              7                    P  7      352222 6 6 2 3 2 2    78.0   90.0
452 1931.110292 3.989E-55 7.985E-07.00280.00312881.6229-.380.008099              1              0                    P 18      352222 6 6 2 3 2 2   210.0  222.0
452 1931.300200 1.991E-99 1.245E-06.01770.01833959.3149-.190.023567             11              9                    P 18      352222 6 6 2 3 2 2   210.0  222.0
452 1935.632850 1.132E-95 7.771E-09.01290.01331157.5233-.180.017823              8              6                    O 21q     352222 5 7 2 3 2 2   234.0  258.0
452 1938.829639 6.557E-57 8.424E-08.00800.00813058.7212-.380.007503              4              3                    O  8q     352222 5 7 2 3 2 2    78.0  102.0
452 1942.573359 9.610E-90 1.432E-08.01350.01428381.7967-.210.015372              9              8                    Q 12q     352222 5 7 2 3 2 2   150.0  150.0
452 1942.573359 6.066E-89 9.042E-08.01140.01128381.7967-.260.015822              9              8                    Q 12m     352220 4 4 2 3 2 2   150.0  150.0
452 1945.537259 5.015E-89 1.482E-08.02570.02627943.1272-.050.011851             10              9                    Q  7q     352222 5 7 2 3 2 2    90.0   90.0
452 1945.537259 1.177E-88 3.477E-08.02100.02127943.1272-.120.012702             10              9                    Q  7m     352220 4 4 2 3 2 2    90.0   90.0
452 1946.617710 8.717E-84 2.068E-05.03580.03626619.17440.280.000416             10              9                    P  2      352222 6 6 2 3 2 2    18.0   30.0
452 1948.125680 9.357E-82 1.004E-07.03470.03524560.87360.22-.003862              9              8                    O  3q     352222 5 7 2 3 2 2    18.0   42.0
452 1948.595541 1.452E-97 5.661E-07.00340.00333018.3868-.610.003344              4              4                    S 27q     352222 5 7 2 3 2 2   354.0  330.0
452 1949.438751 4.340E-61 1.005E-06.00370.00415711.2781-.380.009099              3              2                    P 15      352222 6 6 2 3 2 2   174.0  186.0
452 1949.714359 8.479E-79 5.590E-07.00340.00324050.8288-.610.003344              4              4                    S 18q     352222 5 7 2 3 2 2   246.0  222.0
452 1949.766572 2.341E-68 1.991E-07.00500.00518773.4636-.330.010069              5              4                    P 12      352222 6 6 2 3 2 2   138.0  150.0
452 1950.681361 2.773E-99 1.414E-05.04220.04234212.60180.020.020934             15             13                    R  6      352222 6 6 2 3 2 2    90.0   78.0
452 1952.803949 3.668E-99 4.514E-06.05380.05433693.65410.350.006592             15             13                    P  3      352222 6 6 2 3 2 2    30.0   42.0
452 1953.456691 2.774E-94 2.151E-07.00420.00431263.9704-.290.010773              3              2                    Q 29m     352220 4 4 2 3 2 2   354.0  354.0
452 1953.456691 1.279E-95 9.918E-09.00460.00531263.9704-.270.010703              3              2                    Q 29q     352222 5 7 2 3 2 2   354.0  354.0
452 1953.533041 4.101E-94 9.175E-10.01070.01130022.5837-.080.018770              5              3                    O 26q     352222 5 7 2 3 2 2   294.0  318.0
452 1955.203069 1.470E-87 2.714E-05.04150.04128565.79200.320.011380             11             10                    R  1      352222 6 6 2 3 2 2    30.0   18.0
452 1957.926030 6.101E-96 1.347E-08.01440.01431370.8127-.180.019200              9              7                    O 19q     352222 5 7 2 3 2 2   210.0  234.0
452 1960.277260 1.499E-39 2.381E-08.00290.003 4626.2361-.550.007553              1              0                    O 10q     452222 5 7 2 3 2 2   102.0  126.0
452 1961.395740 2.604E-96 7.416E-05.01210.01233328.7389-.370.012736             10              9                    R 17      352222 6 6 2 3 2 2   222.0  210.0
452 1961.998060 6.177E-93 1.338E-08.00670.00730014.1186-.290.011806              5              4                    Q 24q     352222 5 7 2 3 2 2   294.0  294.0
452 1961.998060 1.058E-91 2.292E-07.00560.00630014.1186-.260.011954              5              4                    Q 24m     352220 4 4 2 3 2 2   294.0  294.0
452 1966.9944404.013E-100 6.314E-08.02140.02133581.4362-.170.025726             13             11                    P 12      352222 6 6 2 3 2 2   138.0  150.0
452 1967.657228 4.982E-62 1.046E-07.01190.01215487.7747-.230.007318              5              4                    O  7q     352222 5 7 2 3 2 2    66.0   90.0
452 1968.232099 2.500E-59 4.723E-07.00220.00214744.6441-.740.002735              2              2                    S 14q     352222 5 7 2 3 2 2   198.0  174.0
452 1969.989072 8.404E-94 7.049E-05.01390.01432063.2777-.360.013076             11             10                    R 12      352222 6 6 2 3 2 2   162.0  150.0
452 1974.337610 2.566E-93 6.568E-11.00870.00929122.2994-.110.017320              3              1                    O 29q     352222 5 7 2 3 2 2   330.0  354.0
452 1974.341549 4.387E-88 2.663E-08.02480.02527582.0669-.050.011394             10              9                    Q  6m     352220 4 4 2 3 2 2    78.0   78.0
452 1974.341549 2.807E-88 1.704E-08.02990.03027582.06690.000.010436             10              9                    Q  6q     352222 5 7 2 3 2 2    78.0   78.0
452 1976.345899 1.870E-95 6.186E-07.00340.00332024.2307-.610.003344              4              4                    S 26q     352222 5 7 2 3 2 2   342.0  318.0
452 1976.721689 8.527E-81 6.067E-07.00340.00325018.0608-.610.003344              4              4                    S 19q     352222 5 7 2 3 2 2   258.0  234.0
452 1977.124962 3.666E-99 6.291E-07.01950.02033644.8764-.160.024605             12             10                    P 15      352222 6 6 2 3 2 2   174.0  186.0
452 1978.258059 6.107E-77 1.150E-07.03030.03022406.76580.17-.000012              8              7                    O  4q     352222 5 7 2 3 2 2    30.0   54.0
452 1979.797671 3.193E-96 8.305E-09.00400.00431520.9739-.280.010272              2              1                    Q 31q     352222 5 7 2 3 2 2   378.0  378.0
452 1979.797671 6.636E-95 1.726E-07.00370.00431520.9739-.290.010320              2              1                    Q 31m     352220 4 4 2 3 2 2   378.0  378.0
452 1980.658269 1.397E-88 1.320E-07.00980.01028324.2696-.270.014696              8              7                    Q 15m     352220 4 4 2 3 2 2   186.0  186.0
452 1980.658269 1.766E-89 1.669E-08.01140.01128324.2696-.240.014339              8              7                    Q 15q     352222 5 7 2 3 2 2   186.0  186.0
452 1980.976119 6.083E-72 3.208E-08.00710.00720050.4677-.380.010439              6              5                    P 10      352222 6 6 2 3 2 2   114.0  126.0
452 1983.753250 2.597E-69 5.612E-07.00280.00319529.6714-.660.002930              3              3                    S 16q     352222 5 7 2 3 2 2   222.0  198.0
452 1984.401379 6.980E-57 1.014E-06.00320.00313726.8767-.400.008748              2              1                    P 16      352222 6 6 2 3 2 2   186.0  198.0
452 1985.264009 4.433E-67 1.181E-07.01710.01717860.5404-.090.005710              6              5                    O  6q     352222 5 7 2 3 2 2    54.0   78.0
452 1987.026431 4.932E-90 2.067E-07.00700.00729170.4969-.310.012765              6              5                    Q 21m     352220 4 4 2 3 2 2   258.0  258.0
452 1987.026431 3.787E-91 1.587E-08.00800.00829170.4969-.290.012558              6              5                    Q 21q     352222 5 7 2 3 2 2   258.0  258.0
452 1988.984349 8.109E-88 7.905E-08.01140.01127793.8536-.260.015822              9              8                    Q 11m     352220 4 4 2 3 2 2   138.0  138.0
452 1988.984349 1.817E-88 1.772E-08.01350.01427793.8536-.210.015372              9              8                    Q 11q     352222 5 7 2 3 2 2   138.0  138.0
452 1989.240530 7.844E-51 4.338E-07.00180.00210684.9868-.800.002747              1              1                    S 13q     352222 5 7 2 3 2 2   186.0  162.0
452 1989.621970 4.728E-72 1.220E-07.02370.02420169.78530.050.003178              7              6                    O  5q     352222 5 7 2 3 2 2    42.0   66.0
452 1990.155389 6.577E-80 9.761E-06.03030.03024793.05910.150.004301              9              8                    P  4      352222 6 6 2 3 2 2    42.0   54.0
452 1991.758639 1.526E-87 3.427E-05.04200.04228667.70520.290.011982             11             10                    R  2      352222 6 6 2 3 2 2    42.0   30.0
452 1993.335279 6.667E-42 3.719E-07.00140.001 6408.7707-.850.002573              0              0                    S 12q     452222 5 7 2 3 2 2   174.0  150.0
452 1994.260960 5.680E-90 1.714E-08.00960.01028596.7553-.240.013402              7              6                    Q 18q     352222 5 7 2 3 2 2   222.0  222.0
452 1994.260960 5.718E-89 1.726E-07.00830.00828596.7553-.290.013678              7              6                    Q 18m     352220 4 4 2 3 2 2   222.0  222.0
452 1994.430240 9.728E-64 4.909E-07.00430.00416779.0334-.360.009529              4              3                    P 13      352222 6 6 2 3 2 2   150.0  162.0
452 1996.716589 2.457E-93 6.576E-07.00340.00331021.6703-.610.003344              4              4                    S 25q     352222 5 7 2 3 2 2   330.0  306.0
452 1996.815901 7.847E-83 6.455E-07.00340.00326000.5431-.610.003344              4              4                    S 20q     352222 5 7 2 3 2 2   270.0  246.0
452 1999.044989 1.219E-87 1.935E-08.02930.02927266.71920.030.009854             10              9                    Q  5m     352220 4 4 2 3 2 2    66.0   66.0
452 1999.044989 1.209E-87 1.921E-08.03520.03527266.71920.080.008785             10              9                    Q  5q     352222 5 7 2 3 2 2    66.0   66.0
452 2001.117109 1.344E-73 9.882E-07.01180.01221487.1771-.240.009448              7              6                    P  8      352222 6 6 2 3 2 2    90.0  102.0
452 2001.535019 3.840E-97 5.105E-09.00350.00331864.7507-.280.009430              1              0                    Q 33q     352222 5 7 2 3 2 2   402.0  402.0
452 2001.535019 7.721E-96 1.026E-07.00330.00331864.7507-.310.009466              1              0                    Q 33m     352220 4 4 2 3 2 2   402.0  402.0
452 2001.647009 1.051E-91 2.283E-07.00490.00530022.5837-.280.011308              4              3                    Q 26m     352220 4 4 2 3 2 2   318.0  318.0
452 2001.647009 6.492E-93 1.410E-08.00540.00530022.5837-.250.010749              4              3                    Q 26q     352222 5 7 2 3 2 2   318.0  318.0
452 2005.069220 3.079E-99 4.138E-07.03150.03133453.2059-.050.021220             14             12                    P  8      352222 6 6 2 3 2 2    90.0  102.0
452 2005.591291 9.128E-84 4.036E-05.03250.03226508.99920.190.002894             10              9                    P  1      352222 6 6 2 3 2 2     6.0   18.0
452 2005.728960 9.626E-94 2.372E-09.01060.01130014.1186-.160.017846              6              4                    O 24q     352222 5 7 2 3 2 2   270.0  294.0
452 2005.994200 1.745E-76 3.930E-06.01940.01923073.6997-.080.008467              8              7                    P  6      352222 6 6 2 3 2 2    66.0   78.0
452 2006.404621 3.247E-91 4.923E-09.04580.04628514.59050.290.014338             11             10                    S  0q     352222 5 7 2 3 2 2    30.0    6.0
452 2009.790620 8.354E-93 7.220E-05.01390.01431571.6453-.360.013076             11             10                    R 11      352222 6 6 2 3 2 2   150.0  138.0
452 2010.112039 3.248E-91 6.825E-07.00340.00330014.1186-.610.003344              4              4                    S 24q     352222 5 7 2 3 2 2   318.0  294.0
452 2010.129121 6.724E-85 6.738E-07.00340.00326994.7825-.610.003344              4              4                    S 21q     352222 5 7 2 3 2 2   282.0  258.0
452 2011.970902 6.605E-45 5.243E-08.00420.004 7289.3191-.450.007953              2              1                    O  9q     452222 5 7 2 3 2 2    90.0  114.0
452 2013.974381 5.204E-99 6.705E-06.05060.05133585.30780.360.005166             15             13                    P  2      352222 6 6 2 3 2 2    18.0   30.0
452 2016.156050 8.987E-53 7.018E-07.00280.00311710.7207-.380.008099              1              0                    P 17      352222 6 6 2 3 2 2   198.0  210.0
452 2016.758791 4.259E-89 6.933E-07.00340.00329004.9115-.610.003344              4              4                    S 23q     352222 5 7 2 3 2 2   306.0  282.0
452 2016.759781 5.456E-87 6.902E-07.00340.00327997.3589-.610.003344              4              4                    S 22q     352222 5 7 2 3 2 2   294.0  270.0
452 2019.648460 3.940E-87 2.132E-08.04140.04126999.68390.180.007052             10              9                    Q  4q     352222 5 7 2 3 2 2    54.0   54.0
452 2019.648460 2.418E-87 1.308E-08.03480.03526999.68390.120.007898             10              9                    Q  4m     352220 4 4 2 3 2 2    54.0   54.0
452 2020.347510 3.110E-97 8.086E-05.01020.01033802.4730-.390.012436              9              8                    R 20      352222 6 6 2 3 2 2   258.0  246.0
452 2022.483371 1.091E-87 4.108E-05.03870.03928819.36090.190.011593             11             10                    R  3      352222 6 6 2 3 2 2    54.0   42.0
452 2023.015639 6.219E-99 1.467E-05.04690.04734009.53930.090.019097             15             13                    R  5      352222 6 6 2 3 2 2    78.0   66.0
452 2024.950201 7.037E-99 2.026E-06.01600.01633802.4730-.160.022611             10              8                    P 20      352222 6 6 2 3 2 2   234.0  246.0
452 2029.833399 2.570E-71 6.443E-07.00280.00320509.1052-.660.002930              3              3                    S 17q     352222 5 7 2 3 2 2   234.0  210.0
452 2031.528542 2.842E-87 2.131E-08.01480.01527238.7909-.200.014525              9              8                    Q 10q     352222 5 7 2 3 2 2   126.0  126.0
452 2031.528542 9.030E-87 6.773E-08.01240.01227238.7909-.270.015022              9              8                    Q 10m     352220 4 4 2 3 2 2   126.0  126.0
452 2033.153029 1.436E-67 3.686E-08.00500.00518017.3147-.330.010069              5              4                    P 11      352222 6 6 2 3 2 2   126.0  138.0
452 2034.186801 2.748E-61 5.741E-07.00220.00215711.2781-.740.002735              2              2                    S 15q     352222 5 7 2 3 2 2   210.0  186.0
452 2034.389321 2.978E-59 7.346E-07.00370.00414744.6441-.380.009099              3              2                    P 14      352222 6 6 2 3 2 2   162.0  174.0
452 2034.762989 6.013E-92 2.093E-07.00420.00430127.8714-.290.010773              3              2                    Q 28m     352220 4 4 2 3 2 2   342.0  342.0
452 2034.762989 3.864E-93 1.345E-08.00460.00530127.8714-.270.010703              3              2                    Q 28q     352222 5 7 2 3 2 2   342.0  342.0
452 2035.344909 6.481E-88 2.104E-08.01140.01127605.8586-.240.014339              8              7                    Q 14q     352222 5 7 2 3 2 2   174.0  174.0
452 2035.344909 3.684E-87 1.196E-07.00980.01027605.8586-.270.014696              8              7                    Q 14m     352220 4 4 2 3 2 2   174.0  174.0
452 2036.146530 9.521E-87 2.351E-08.04740.04726783.21440.280.005429             10              9                    Q  3q     352222 5 7 2 3 2 2    42.0   42.0
452 2036.146530 3.213E-87 7.933E-09.04000.04026783.21440.220.006490             10              9                    Q  3m     352220 4 4 2 3 2 2    42.0   42.0
452 2036.483850 9.970E-91 1.796E-08.00670.00729004.9115-.290.011806              5              4                    Q 23q     352222 5 7 2 3 2 2   282.0  282.0
452 2036.483850 1.221E-89 2.200E-07.00560.00629004.9115-.260.011954              5              4                    Q 23m     352220 4 4 2 3 2 2   282.0  282.0
452 2037.928970 2.171E-92 3.256E-10.00960.01028983.7413-.120.017983              4              2                    O 27q     352222 5 7 2 3 2 2   306.0  330.0
452 2040.068850 7.232E-92 7.232E-05.01390.01431104.6394-.360.013076             11             10                    R 10      352222 6 6 2 3 2 2   138.0  126.0
452 2041.021159 5.311E-95 8.233E-05.01210.01232702.1339-.370.012736             10              9                    R 16      352222 6 6 2 3 2 2   210.0  198.0
452 2044.222960 2.386E-92 4.056E-12.00790.00828083.6485-.110.016749              2              0                    O 30q     352222 5 7 2 3 2 2   342.0  366.0
452 2046.936561 5.712E-88 4.764E-05.03390.03429019.33240.100.011236             11             10                    R  4      352222 6 6 2 3 2 2    66.0   54.0
452 2048.530851 1.685E-86 2.655E-08.05060.05126619.17440.380.004645             10              9                    Q  2q     352222 5 7 2 3 2 2    30.0   30.0
452 2048.530851 2.536E-87 3.997E-09.04420.04426619.17440.330.005205             10              9                    Q  2m     352220 4 4 2 3 2 2    30.0   30.0
452 2051.130249 1.201E-93 5.285E-09.01170.01230104.9966-.170.018244              7              5                    O 22q     352222 5 7 2 3 2 2   246.0  270.0
452 2055.605688 3.800E-88 1.955E-07.00700.00728241.4383-.310.012765              6              5                    Q 20m     352220 4 4 2 3 2 2   246.0  246.0
452 2055.605688 4.050E-89 2.084E-08.00800.00828241.4383-.290.012558              6              5                    Q 20q     352222 5 7 2 3 2 2   246.0  246.0
452 2055.974560 2.582E-50 8.356E-08.00670.007 9908.6568-.420.007924              3              2                    O  8q     352222 5 7 2 3 2 2    78.0  102.0
452 2056.289451 2.700E-87 1.602E-07.00830.00827764.4312-.290.013678              7              6                    Q 17m     352220 4 4 2 3 2 2   210.0  210.0
452 2056.289451 3.714E-88 2.204E-08.00960.01027764.4312-.240.013402              7              6                    Q 17q     352222 5 7 2 3 2 2   210.0  210.0
452 2056.792840 2.483E-86 3.848E-08.03820.03826508.99920.300.005155             10              9                    Q  1q     352222 5 7 2 3 2 2    18.0   18.0
452 2056.792840 8.640E-88 1.339E-09.04540.04526508.99920.330.004516             10              9                    Q  1m     352220 4 4 2 3 2 2    18.0   18.0
452 2058.300820 2.001E-79 1.438E-05.03320.03324560.87360.240.001941              9              8                    P  3      352222 6 6 2 3 2 2    30.0   42.0
452 2061.352461 5.348E-91 7.095E-05.01600.01630666.0857-.300.012494             11             10                    R  9      352222 6 6 2 3 2 2   126.0  114.0
452 2062.191911 1.910E-92 1.680E-07.00370.00430327.0355-.290.010320              2              1                    Q 30m     352220 4 4 2 3 2 2   366.0  366.0
452 2062.191911 1.263E-93 1.110E-08.00400.00430327.0355-.280.010272              2              1                    Q 30q     352222 5 7 2 3 2 2   366.0  366.0
452 2062.583509 7.718E-98 8.308E-07.00280.00333217.4271-.660.002930              3              3                    S 29q     352222 5 7 2 3 2 2   378.0  354.0
452 2062.964910 8.916E-70 2.716E-07.00840.00819424.2123-.330.010046              6              5                    P  9      352222 6 6 2 3 2 2   102.0  114.0
452 2063.159771 4.590E-99 1.305E-05.04390.04433512.21950.310.008424             15             13                    P  1      352222 6 6 2 3 2 2     6.0   18.0
452 2064.703519 2.263E-88 5.383E-05.02910.02929265.7642-.000.010381             11             10                    R  5      352222 6 6 2 3 2 2    78.0   66.0
452 2068.005460 8.557E-53 5.464E-07.00180.00211658.8713-.800.002747              1              1                    S 14q     352222 5 7 2 3 2 2   198.0  174.0
452 2068.637731 2.219E-73 7.249E-07.00280.00321513.4245-.660.002930              3              3                    S 18q     352222 5 7 2 3 2 2   246.0  222.0
452 2068.641040 1.182E-81 1.826E-07.03420.03424385.02380.20-.002561              9              8                    O  2q     352222 5 7 2 3 2 2     6.0   30.0
452 2070.248558 8.193E-86 5.673E-08.01380.01426720.2725-.230.014168              9              8                    Q  9m     352220 4 4 2 3 2 2   114.0  114.0
452 2070.248558 3.617E-86 2.504E-08.01650.01726720.2725-.180.013610              9              8                    Q  9q     352222 5 7 2 3 2 2   114.0  114.0
452 2070.416781 7.887E-55 7.992E-07.00320.00312674.2273-.400.008748              2              1                    P 15      352222 6 6 2 3 2 2   174.0  186.0
452 2074.080389 3.315E-90 6.823E-05.01840.01830259.6190-.230.012009             11             10                    R  8      352222 6 6 2 3 2 2   114.0  102.0
452 2075.394598 6.951E-89 5.947E-05.02510.02529556.4085-.080.010656             11             10                    R  6      352222 6 6 2 3 2 2    90.0   78.0
452 2075.939339 1.134E-98 1.430E-05.05020.05033835.73330.160.020230             15             13                    R  4      352222 6 6 2 3 2 2    66.0   54.0
452 2078.116061 1.712E-89 2.196E-07.00490.00528943.5543-.280.011308              4              3                    Q 25m     352220 4 4 2 3 2 2   306.0  306.0
452 2078.116061 1.456E-90 1.868E-08.00540.00528943.5543-.250.010749              4              3                    Q 25q     352222 5 7 2 3 2 2   306.0  306.0
452 2078.640010 1.690E-89 6.434E-05.02150.02129888.6645-.150.011011             11             10                    R  7      352222 6 6 2 3 2 2   102.0   90.0
452 2079.442129 2.313E-62 2.311E-07.00430.00415937.8726-.360.009529              4              3                    P 12      352222 6 6 2 3 2 2   138.0  150.0
452 2080.358409 2.457E-72 2.043E-06.01420.01420993.3413-.170.009207              7              6                    P  7      352222 6 6 2 3 2 2    78.0   90.0
452 2080.757132 1.238E-75 6.327E-06.02320.02322712.30200.020.006484              8              7                    P  5      352222 6 6 2 3 2 2    54.0   66.0
452 2084.688571 2.894E-93 9.987E-08.00330.00330616.8946-.310.009466              1              0                    Q 32m     352220 4 4 2 3 2 2   390.0  390.0
452 2084.688571 1.952E-94 6.736E-09.00350.00330616.8946-.280.009430              1              0                    Q 32q     352222 5 7 2 3 2 2   390.0  390.0
452 2085.506971 7.535E-44 4.862E-07.00140.001 7381.2989-.850.002573              0              0                    S 13q     452222 5 7 2 3 2 2   186.0  162.0
452 2086.400309 2.049E-86 2.580E-08.01140.01126912.4590-.240.014339              8              7                    Q 13q     352222 5 7 2 3 2 2   162.0  162.0
452 2086.400309 8.476E-86 1.068E-07.00980.01026912.4590-.270.014696              8              7                    Q 13m     352220 4 4 2 3 2 2   162.0  162.0
452 2087.332781 8.121E-94 1.043E-08.01290.01330297.0439-.180.017823              8              6                    O 20q     352222 5 7 2 3 2 2   222.0  246.0
452 2091.050549 1.074E-55 1.138E-07.01010.01012479.8346-.270.007292              4              3                    O  7q     352222 5 7 2 3 2 2    66.0   90.0
452 2092.296621 2.506E-63 6.816E-07.00220.00216712.8762-.740.002735              2              2                    S 16q     352222 5 7 2 3 2 2   222.0  198.0
452 2093.671779 2.254E-91 3.408E-09.04680.04728565.79200.300.016766             11             10                    S  1q     352222 5 7 2 3 2 2    42.0   18.0
452 2095.093590 1.326E-95 9.026E-07.00280.00332162.6343-.660.002930              3              3                    S 28q     352222 5 7 2 3 2 2   366.0  342.0
452 2096.069101 1.356E-98 2.626E-06.01460.01533726.7514-.180.021737              9              7                    P 22      352222 6 6 2 3 2 2   258.0  270.0
452 2097.841110 7.794E-92 1.106E-09.01070.01128943.5543-.080.018770              5              3                    O 25q     352222 5 7 2 3 2 2   282.0  306.0
452 2100.379550 1.705E-75 8.003E-07.00280.00322538.9385-.660.002930              3              3                    S 19q     352222 5 7 2 3 2 2   258.0  234.0
452 2101.573249 4.149E-98 1.521E-06.01770.01833328.7389-.190.023567             11              9                    P 17      352222 6 6 2 3 2 2   198.0  210.0
452 2103.144319 1.634E-50 5.805E-07.00280.00310571.0830-.380.008099              1              0                    P 16      352222 6 6 2 3 2 2   186.0  198.0
452 2105.163079 5.920E-85 4.629E-08.01570.01626241.8354-.200.012596              9              8                    Q  8m     352220 4 4 2 3 2 2   102.0  102.0
452 2105.163079 3.685E-85 2.881E-08.01900.01926241.8354-.130.012560              9              8                    Q  8q     352222 5 7 2 3 2 2   102.0  102.0
452 2107.495950 1.493E-99 3.535E-08.02140.02133144.7085-.170.025726             13             11                    P 11      352222 6 6 2 3 2 2   126.0  138.0
452 2107.556999 1.450E-76 1.552E-07.03140.03122159.40720.19-.003128              8              7                    O  3q     352222 5 7 2 3 2 2    18.0   42.0
452 2107.637751 1.389E-87 2.090E-07.00560.00627997.3589-.260.011954              5              4                    Q 22m     352220 4 4 2 3 2 2   270.0  270.0
452 2107.637751 1.549E-88 2.330E-08.00670.00727997.3589-.290.011806              5              4                    Q 22q     352222 5 7 2 3 2 2   270.0  270.0
452 2108.775949 1.019E-93 8.867E-05.01210.01232084.1013-.370.012736             10              9                    R 15      352222 6 6 2 3 2 2   198.0  186.0
452 2111.117579 2.997E-94 1.842E-08.01440.01430591.0162-.180.019200              9              7                    O 18q     352222 5 7 2 3 2 2   198.0  222.0
452 2111.259600 1.653E-98 1.321E-05.05490.05533693.65410.270.020033             15             13                    R  3      352222 6 6 2 3 2 2    54.0   42.0
452 2112.127260 1.701E-83 2.125E-05.03500.03526453.66480.190.007924             10              9                    R  0      352222 6 6 2 3 2 2    18.0    6.0
452 2112.895609 1.178E-90 1.761E-08.00460.00528983.7413-.270.010703              3              2                    Q 27q     352222 5 7 2 3 2 2   330.0  330.0
452 2112.895609 1.350E-89 2.018E-07.00420.00428983.7413-.290.010773              3              2                    Q 27m     352220 4 4 2 3 2 2   330.0  330.0
452 2113.290528 7.761E-91 6.496E-11.00870.00927909.2932-.110.017320              3              1                    O 28q     352222 5 7 2 3 2 2   318.0  342.0
452 2114.866929 1.162E-85 1.469E-07.00830.00826948.9774-.290.013678              7              6                    Q 16m     352220 4 4 2 3 2 2   198.0  198.0
452 2114.866929 2.177E-86 2.752E-08.00960.01026948.9774-.240.013402              7              6                    Q 16q     352222 5 7 2 3 2 2   198.0  198.0
452 2115.716520 5.074E-61 1.389E-07.01490.01514997.5508-.110.005889              5              4                    O  6q     352222 5 7 2 3 2 2    54.0   78.0
452 2116.400490 1.819E-98 7.437E-07.03490.03533156.7194-.000.020054             14             12                    P  7      352222 6 6 2 3 2 2    78.0   90.0
452 2117.356978 1.334E-66 1.299E-08.00600.00617306.8553-.400.009884              5              4                    P 10      352222 6 6 2 3 2 2   114.0  126.0
452 2119.012310 9.659E-96 9.217E-05.01020.01033093.1561-.390.012436              9              8                    R 19      352222 6 6 2 3 2 2   246.0  234.0
452 2120.790210 2.362E-93 9.573E-07.00280.00331096.6369-.660.002930              3              3                    S 27q     352222 5 7 2 3 2 2   354.0  330.0
452 2120.839721 2.781E-86 1.829E-07.00700.00727321.3652-.310.012765              6              5                    Q 19m     352220 4 4 2 3 2 2   234.0  234.0
452 2120.839721 4.032E-87 2.651E-08.00800.00827321.3652-.290.012558              6              5                    Q 19q     352222 5 7 2 3 2 2   234.0  234.0
452 2120.840758 1.422E-57 4.535E-07.00370.00413817.0319-.380.009099              3              2                    P 13      352222 6 6 2 3 2 2   150.0  162.0
452 2123.865491 7.949E-99 6.676E-06.05060.05133475.41670.310.013559             15             13                    R  0      352222 6 6 2 3 2 2    18.0    6.0
452 2123.975460 4.005E-79 2.174E-05.03290.03324385.02380.250.000703              9              8                    P  2      352222 6 6 2 3 2 2    18.0   30.0
452 2125.269859 1.187E-77 8.678E-07.00280.00323582.0622-.660.002930              3              3                    S 20q     352222 5 7 2 3 2 2   270.0  246.0
452 2125.270289 7.708E-38 3.320E-08.00350.004 3825.0127-.470.007725              1              0                    O  9q     452222 5 7 2 3 2 2    90.0  114.0
452 2126.341791 1.863E-71 1.591E-07.02730.02719845.80430.150.000157              7              6                    O  4q     352222 5 7 2 3 2 2    30.0   54.0
452 2128.194369 2.816E-66 1.547E-07.02080.02117455.43180.010.003601              6              5                    O  5q     352222 5 7 2 3 2 2    42.0   66.0
452 2130.333209 1.872E-98 1.157E-05.05880.05933585.30780.360.019564             15             13                    R  2      352222 6 6 2 3 2 2    42.0   30.0
452 2133.154100 4.424E-98 6.854E-07.01950.02033104.1989-.160.024605             12             10                    P 14      352222 6 6 2 3 2 2   162.0  174.0
452 2133.896791 5.490E-85 3.090E-08.01140.01126247.9000-.240.014339              8              7                    Q 12q     352222 5 7 2 3 2 2   150.0  150.0
452 2133.896791 1.667E-84 9.383E-08.00980.01026247.9000-.270.014696              8              7                    Q 12m     352220 4 4 2 3 2 2   150.0  150.0
452 2134.238580 1.554E-98 9.459E-06.05730.05733512.21950.380.017831             15             13                    R  1      352222 6 6 2 3 2 2    30.0   18.0
452 2136.273031 3.323E-84 3.661E-08.01850.01925806.8543-.130.012109              9              8                    Q  7m     352220 4 4 2 3 2 2    90.0   90.0
452 2136.273031 2.954E-84 3.255E-08.02220.02225806.8543-.080.011415              9              8                    Q  7q     352222 5 7 2 3 2 2    90.0   90.0
452 2138.505849 7.486E-55 6.705E-07.00180.00212674.2273-.800.002747              1              1                    S 15q     352222 5 7 2 3 2 2   210.0  186.0
452 2140.050701 4.309E-91 9.945E-07.00280.00330022.5837-.660.002930              3              3                    S 26q     352222 5 7 2 3 2 2   342.0  318.0
452 2141.671129 5.776E-90 1.622E-07.00370.00429122.2994-.290.010320              2              1                    Q 29m     352220 4 4 2 3 2 2   354.0  354.0
452 2141.671129 5.122E-91 1.438E-08.00400.00429122.2994-.280.010272              2              1                    Q 29q     352222 5 7 2 3 2 2   354.0  354.0
452 2142.778939 1.934E-65 7.921E-07.00220.00217745.4648-.740.002735              2              2                    S 17q     352222 5 7 2 3 2 2   234.0  210.0
452 2143.508790 7.618E-80 9.251E-07.00280.00324639.3180-.660.002930              3              3                    S 21q     352222 5 7 2 3 2 2   282.0  258.0
452 2145.194640 3.739E-68 8.485E-07.01010.01018848.1467-.270.009052              6              5                    P  8      352222 6 6 2 3 2 2    90.0  102.0
452 2149.069461 1.518E-98 2.933E-06.01320.01333734.3000-.150.020976              8              6                    P 24      352222 6 6 2 3 2 2   282.0  294.0
452 2151.509579 3.207E-88 2.398E-08.00540.00527862.6091-.250.010749              4              3                    Q 24q     352222 5 7 2 3 2 2   294.0  294.0
452 2151.509579 2.801E-87 2.094E-07.00490.00527862.6091-.280.011308              4              3                    Q 24m     352220 4 4 2 3 2 2   294.0  294.0
452 2152.611741 1.357E-91 2.984E-09.01060.01129004.9115-.160.017846              6              4                    O 23q     352222 5 7 2 3 2 2   258.0  282.0
452 2153.082700 7.940E-89 1.014E-06.00280.00328943.5543-.660.002930              3              3                    S 25q     352222 5 7 2 3 2 2   330.0  306.0
452 2154.107839 6.120E-75 9.761E-06.02710.02722406.76580.120.004717              8              7                    P  4      352222 6 6 2 3 2 2    42.0   54.0
452 2155.277148 4.584E-82 9.700E-07.00280.00325707.3320-.660.002930              3              3                    S 22q     352222 5 7 2 3 2 2   294.0  270.0
452 2156.618149 5.104E-97 9.573E-05.00870.00933726.7514-.410.012177              8              7                    R 22      352222 6 6 2 3 2 2   282.0  270.0
452 2158.0767694.064E-101 3.459E-07.05010.05034212.60180.120.025437             16             13                    P  6      352222 6 6 2 3 2 2    66.0   78.0
452 2158.160620 6.611E-53 5.619E-07.00320.00311658.8713-.400.008748              2              1                    P 14      352222 6 6 2 3 2 2   162.0  174.0
452 2158.705981 3.028E-83 3.102E-05.03850.03826508.99920.290.011174             10              9                    R  1      352222 6 6 2 3 2 2    30.0   18.0
452 2159.098058 2.982E-71 3.717E-06.01690.01720553.2040-.110.008327              7              6                    P  6      352222 6 6 2 3 2 2    66.0   78.0
452 2159.974611 1.457E-86 1.016E-06.00280.00327862.6091-.660.002930              3              3                    S 24q     352222 5 7 2 3 2 2   318.0  294.0
452 2160.727579 2.628E-84 1.001E-06.00280.00326782.8267-.660.002930              3              3                    S 23q     352222 5 7 2 3 2 2   306.0  282.0
452 2163.566940 1.410E-83 2.784E-08.02170.02225418.5001-.070.010979              9              8                    Q  6m     382220 4 4 2 3 2 2    78.0   78.0
452 2163.566940 1.832E-83 3.618E-08.02600.02625418.5001-.020.010185              9              8                    Q  6q     382222 5 7 2 3 2 2    78.0   78.0
452 2165.196170 1.154E-90 9.650E-08.00330.00329355.7778-.310.009466              1              0                    Q 31m     352220 4 4 2 3 2 2   378.0  378.0
452 2165.196170 1.033E-91 8.634E-09.00350.00329355.7778-.280.009430              1              0                    Q 31q     352222 5 7 2 3 2 2   378.0  378.0
452 2165.588162 1.843E-61 4.555E-08.00430.00415141.2673-.360.009529              4              3                    P 11      352222 6 6 2 3 2 2   126.0  138.0
452 2165.861271 1.806E-92 9.318E-05.01210.01231479.0148-.370.012736             10              9                    R 14      352222 6 6 2 3 2 2   186.0  174.0
452 2168.976969 6.593E-46 6.176E-07.00140.001 8402.1060-.850.002573              0              0                    S 14q     452222 5 7 2 3 2 2   198.0  174.0
452 2169.759451 2.692E-98 1.195E-06.00220.00233500.7715-.740.002735              2              2                    S 31q     352222 5 7 2 3 2 2   402.0  378.0
452 2170.110390 4.475E-84 1.332E-07.00830.00826154.1592-.290.013678              7              6                    Q 15m     352220 4 4 2 3 2 2   186.0  186.0
452 2170.110390 1.127E-84 3.354E-08.00960.01026154.1592-.240.013402              7              6                    Q 15q     352222 5 7 2 3 2 2   186.0  186.0
452 2174.139121 5.205E-92 1.084E-09.04530.04528667.70520.250.016232             11             10                    S  2q     352222 5 7 2 3 2 2    54.0   30.0
452 2174.396529 2.045E-43 7.185E-08.00560.006 6586.5133-.450.007755              2              1                    O  8q     452222 5 7 2 3 2 2    78.0  102.0
452 2175.714430 1.533E-85 1.967E-07.00560.00626994.7825-.260.011954              5              4                    Q 21m     352220 4 4 2 3 2 2   258.0  258.0
452 2175.714430 2.289E-86 2.938E-08.00670.00726994.7825-.290.011806              5              4                    Q 21q     352222 5 7 2 3 2 2   258.0  258.0
452 2177.873020 2.747E-83 8.112E-08.00980.01025615.9806-.270.014696              8              7                    Q 11m     382220 4 4 2 3 2 2   138.0  138.0
452 2177.873020 1.227E-83 3.623E-08.01140.01125615.9806-.240.014339              8              7                    Q 11q     382222 5 7 2 3 2 2   138.0  138.0
452 2179.739608 5.491E-90 3.674E-10.00960.01027834.3791-.120.017983              4              2                    O 26q     352222 5 7 2 3 2 2   294.0  318.0
452 2180.950960 6.037E-90 2.393E-12.00790.00826802.7905-.110.016749              2              0                    O 29q     352222 5 7 2 3 2 2   330.0  354.0
452 2181.800611 8.992E-99 2.375E-05.02590.02634119.0837-.200.022517             14             12                    R 10      352222 6 6 2 3 2 2   138.0  126.0
452 2182.905779 3.685E-85 3.285E-08.00800.00826413.8496-.290.012558              6              5                    Q 18q     352222 5 7 2 3 2 2   222.0  222.0
452 2182.905779 1.900E-84 1.693E-07.00700.00726413.8496-.310.012765              6              5                    Q 18m     352220 4 4 2 3 2 2   222.0  222.0
452 2185.872051 1.290E-67 9.027E-07.00220.00218805.1728-.740.002735              2              2                    S 18q     352222 5 7 2 3 2 2   246.0  222.0
452 2186.700681 4.434E-79 4.310E-05.03030.03024266.96420.160.002856              9              8                    P  1      352222 6 6 2 3 2 2     6.0   18.0
452 2187.025409 8.634E-83 3.966E-08.03090.03125079.69380.060.008721              9              8                    Q  5q     382222 5 7 2 3 2 2    66.0   66.0
452 2187.025409 4.378E-83 2.011E-08.02590.02625079.69380.010.009618              9              8                    Q  5m     382220 4 4 2 3 2 2    66.0   66.0
452 2187.383490 1.016E-98 2.922E-06.01200.01233825.7228-.140.019448              7              5                    P 26      352222 6 6 2 3 2 2   306.0  318.0
452 2188.204641 3.095E-87 1.930E-07.00420.00427834.3791-.290.010773              3              2                    Q 26m     352220 4 4 2 3 2 2   318.0  318.0
452 2188.204641 3.594E-88 2.241E-08.00460.00527834.3791-.270.010703              3              2                    Q 26q     352222 5 7 2 3 2 2   318.0  318.0
452 2192.065389 2.289E-48 4.407E-07.00280.003 9466.8059-.380.008099              1              0                    P 15      352222 6 6 2 3 2 2   174.0  186.0
452 2196.978401 2.122E-97 2.412E-06.01600.01633093.1561-.160.022611             10              8                    P 19      352222 6 6 2 3 2 2   222.0  234.0
452 2200.186590 3.050E-83 3.960E-05.03830.03826619.17440.260.010871             10              9                    R  2      352222 6 6 2 3 2 2    42.0   30.0
452 2200.315900 1.209E-91 6.849E-09.01170.01229170.4969-.170.018244              7              5                    O 21q     352222 5 7 2 3 2 2   234.0  258.0
452 2200.946079 5.372E-57 8.041E-07.00180.00213726.8767-.800.002747              1              1                    S 16q     352222 5 7 2 3 2 2   222.0  198.0
452 2202.192211 4.766E-64 2.258E-07.00710.00716645.9546-.360.009593              5              4                    P  9      352222 6 6 2 3 2 2   102.0  114.0
452 2204.555439 2.933E-94 1.016E-04.01020.01032384.3767-.390.012436              9              8                    R 18      352222 6 6 2 3 2 2   234.0  222.0
452 2206.381810 6.047E-96 1.289E-06.00220.00232389.2273-.740.002735              2              2                    S 30q     352222 5 7 2 3 2 2   390.0  366.0
452 2206.624891 9.534E-83 1.353E-08.03070.03124793.05910.100.008095              9              8                    Q  4m     382220 4 4 2 3 2 2    54.0   54.0
452 2206.624891 3.034E-82 4.305E-08.03660.03724793.05910.150.007140              9              8                    Q  4q     382222 5 7 2 3 2 2    54.0   54.0
452 2208.708139 3.930E-56 2.006E-07.00370.00412932.5591-.380.009099              3              2                    P 12      352222 6 6 2 3 2 2   138.0  150.0
452 2213.118370 2.901E-91 9.587E-05.01210.01230891.0803-.370.012736             10              9                    R 13      352222 6 6 2 3 2 2   174.0  162.0
452 2213.746011 4.117E-99 2.631E-06.01110.01134000.5765-.130.019744              6              4                    P 28      352222 6 6 2 3 2 2   330.0  342.0
452 2214.040401 1.887E-86 1.554E-08.04190.04226453.66480.260.013999             10              9                    S  0q     352222 5 7 2 3 2 2    30.0    6.0
452 2215.082899 4.857E-49 1.126E-07.00860.009 9301.2899-.310.006673              3              2                    O  7q     352222 5 7 2 3 2 2    66.0   90.0
452 2218.002739 8.880E-98 1.284E-06.03910.03932889.25940.050.017615             14             12                    P  6      352222 6 6 2 3 2 2    66.0   78.0
452 2218.341650 3.709E-82 6.884E-08.01060.01125020.4493-.290.014028              8              7                    Q 10m     382220 4 4 2 3 2 2   126.0  126.0
452 2218.341650 2.247E-82 4.171E-08.01250.01325020.4493-.240.013632              8              7                    Q 10q     382222 5 7 2 3 2 2   126.0  126.0
452 2218.578231 2.116E-88 1.815E-08.00400.00427909.2932-.280.010272              2              1                    Q 28q     382222 5 7 2 3 2 2   342.0  342.0
452 2218.578231 1.813E-87 1.555E-07.00370.00427909.2932-.290.010320              2              1                    Q 28m     382220 4 4 2 3 2 2   342.0  342.0
452 2221.825931 7.582E-70 1.010E-06.00220.00219888.2438-.740.002735              2              2                    S 19q     352222 5 7 2 3 2 2   258.0  234.0
452 2222.084850 6.866E-86 3.001E-08.00540.00526782.8267-.250.010749              4              3                    Q 23q     382222 5 7 2 3 2 2   282.0  282.0
452 2222.084850 4.532E-85 1.981E-07.00490.00526782.8267-.280.011308              4              3                    Q 23m     382220 4 4 2 3 2 2   282.0  282.0
452 2222.092418 1.512E-82 1.192E-07.00830.00825383.7662-.290.013678              7              6                    Q 14m     382220 4 4 2 3 2 2   174.0  174.0
452 2222.092418 5.073E-83 4.000E-08.00960.01025383.7662-.240.013402              7              6                    Q 14q     382222 5 7 2 3 2 2   174.0  174.0
452 2222.340880 1.366E-82 8.174E-09.03600.03624560.87360.200.006541              9              8                    Q  3m     382220 4 4 2 3 2 2    42.0   42.0
452 2222.340880 7.798E-82 4.668E-08.04250.04224560.87360.240.005552              9              8                    Q  3q     382222 5 7 2 3 2 2    42.0   42.0
452 2225.616630 2.055E-74 1.472E-05.03050.03122159.40720.220.002406              8              7                    P  3      352222 6 6 2 3 2 2    30.0   42.0
452 2227.395120 8.574E-67 1.911E-06.01220.01218325.8089-.200.008944              6              5                    P  7      352222 6 6 2 3 2 2    78.0   90.0
452 2234.150600 1.140E-82 4.108E-09.04060.04124385.02380.300.005124              9              8                    Q  2m     382220 4 4 2 3 2 2    30.0   30.0
452 2234.150600 1.445E-81 5.207E-08.04580.04624385.02380.350.004754              9              8                    Q  2q     382222 5 7 2 3 2 2    30.0   30.0
452 2235.537960 1.978E-76 2.876E-07.03120.03121972.14610.17-.002135              8              7                    O  2q     352222 5 7 2 3 2 2     6.0   30.0
452 2236.117961 2.072E-83 4.798E-05.03480.03526783.21440.160.011263             10              9                    R  3      352222 6 6 2 3 2 2    54.0   42.0
452 2236.801121 1.430E-93 1.361E-06.00220.00231263.9704-.740.002735              2              2                    S 29q     352222 5 7 2 3 2 2   378.0  354.0
452 2236.980541 2.454E-70 6.223E-06.02040.02020169.7853-.020.006863              7              6                    P  5      352222 6 6 2 3 2 2    54.0   66.0
452 2238.389459 5.640E-92 1.381E-08.01290.01329442.2049-.180.017823              8              6                    O 19q     352222 5 7 2 3 2 2   210.0  234.0
452 2238.439241 1.243E-99 4.827E-09.02330.02332727.4384-.140.024615             13             11                    P 10      352222 6 6 2 3 2 2   114.0  126.0
452 2240.895240 3.182E-84 3.618E-08.00670.00726000.5431-.290.011806              5              4                    Q 20q     382222 5 7 2 3 2 2   246.0  246.0
452 2240.895240 1.614E-83 1.835E-07.00560.00626000.5431-.260.011954              5              4                    Q 20m     382220 4 4 2 3 2 2   246.0  246.0
452 2241.924011 1.189E-82 1.552E-07.00700.00725522.5073-.310.012765              6              5                    Q 17m     382220 4 4 2 3 2 2   210.0  210.0
452 2241.924011 3.050E-83 3.982E-08.00800.00825522.5073-.290.012558              6              5                    Q 17q     382222 5 7 2 3 2 2   210.0  210.0
452 2242.035091 4.033E-83 1.374E-09.04150.04124266.96420.310.004546              9              8                    Q  1m     382220 4 4 2 3 2 2    18.0   18.0
452 2242.035091 2.198E-81 7.488E-08.03540.03524266.96420.270.005144              9              8                    Q  1q     382222 5 7 2 3 2 2    18.0   18.0
452 2242.387549 1.508E-89 1.334E-09.01070.01127862.6091-.080.018770              5              3                    O 24q     352222 5 7 2 3 2 2   270.0  294.0
452 2243.387040 4.845E-88 9.266E-08.00330.00328083.6485-.310.009466              1              0                    Q 30m     382220 4 4 2 3 2 2   366.0  366.0
452 2243.387040 5.650E-89 1.081E-08.00350.00328083.6485-.280.009430              1              0                    Q 30q     382222 5 7 2 3 2 2   366.0  366.0
452 2243.914799 4.574E-48 7.646E-07.00140.001 9466.8059-.850.002573              0              0                    S 15q     352222 5 7 2 3 2 2   210.0  186.0
452 2246.003890 1.236E-54 1.510E-07.01280.01311964.6313-.150.006049              4              3                    O  6q     352222 5 7 2 3 2 2    54.0   78.0
452 2246.907989 7.045E-95 2.679E-12.04060.04128819.36090.170.014845             11             10                    S  3q     352222 5 7 2 3 2 2    66.0   42.0
452 2247.572319 3.718E-51 3.255E-07.00320.00310684.9868-.400.008748              2              1                    P 13      352222 6 6 2 3 2 2   150.0  162.0
452 2250.893930 3.999E-72 1.112E-06.00220.00220991.0448-.740.002735              2              2                    S 20q     352222 5 7 2 3 2 2   270.0  246.0
452 2251.157889 4.142E-90 9.682E-05.01210.01230324.3701-.370.012736             10              9                    R 12      352222 6 6 2 3 2 2   162.0  150.0
452 2252.714029 1.418E-60 1.105E-08.00490.00514393.2406-.340.009413              4              3                    P 10      352222 6 6 2 3 2 2   114.0  126.0
452 2252.981141 2.440E-88 6.453E-11.00870.00926690.5732-.110.017320              3              1                    O 27q     352222 5 7 2 3 2 2   306.0  330.0
452 2255.295388 4.014E-81 5.720E-08.01190.01224464.9771-.260.013308              8              7                    Q  9m     382220 4 4 2 3 2 2   114.0  114.0
452 2255.295388 3.314E-81 4.722E-08.01400.01424464.9771-.200.012864              8              7                    Q  9q     382222 5 7 2 3 2 2   114.0  114.0
452 2255.565539 3.230E-59 9.442E-07.00180.00214812.7331-.800.002747              1              1                    S 17q     352222 5 7 2 3 2 2   234.0  210.0
452 2260.329021 2.266E-95 1.079E-04.00870.00932942.8646-.410.012177              8              7                    R 21      352222 6 6 2 3 2 2   270.0  258.0
452 2260.947869 1.087E-85 2.785E-08.00460.00526682.6064-.270.010703              3              2                    Q 25q     382222 5 7 2 3 2 2   306.0  306.0
452 2260.947869 7.151E-85 1.832E-07.00420.00426682.6064-.290.010773              3              2                    Q 25m     382220 4 4 2 3 2 2   306.0  306.0
452 2260.959910 7.811E-97 1.677E-06.01770.01832702.1339-.190.023567             11              9                    P 16      352222 6 6 2 3 2 2   186.0  198.0
452 2261.355991 3.516E-91 1.412E-06.00220.00230127.8714-.740.002735              2              2                    S 28q     352222 5 7 2 3 2 2   366.0  342.0
452 2262.837309 4.809E-71 2.167E-07.02830.02819583.62610.16-.002400              7              6                    O  3q     352222 5 7 2 3 2 2    18.0   42.0
452 2263.380648 1.393E-92 2.478E-08.01440.01429820.7206-.180.019200              9              7                    O 17q     352222 5 7 2 3 2 2   186.0  210.0
452 2265.583709 3.590E-60 1.820E-07.01810.01814570.8851-.020.004005              5              4                    O  5q     352222 5 7 2 3 2 2    42.0   66.0
452 2266.080269 1.009E-83 5.625E-05.03010.03026999.68390.060.010934             10              9                    R  4      352222 6 6 2 3 2 2    66.0   54.0
452 2269.303779 5.810E-97 3.062E-06.01460.01532942.8646-.180.021737              9              7                    P 21      352222 6 6 2 3 2 2   246.0  258.0
452 2270.600160 1.829E-93 3.956E-08.01600.01630304.9278-.180.018840             10              8                    O 15q     352222 5 7 2 3 2 2   162.0  186.0
452 2270.786178 6.248E-99 1.695E-06.00180.00233866.2856-.800.002747              1              1                    S 33q     352222 5 7 2 3 2 2   426.0  402.0
452 2270.850490 1.952E-81 4.683E-08.00960.01024641.6085-.240.013402              7              6                    Q 13q     382222 5 7 2 3 2 2   162.0  162.0
452 2270.850490 4.390E-81 1.053E-07.00830.00824641.6085-.290.013678              7              6                    Q 13m     382220 4 4 2 3 2 2   162.0  162.0
452 2271.944820 1.220E-65 2.027E-07.02430.02417113.26720.120.000782              6              5                    O  4q     352222 5 7 2 3 2 2    30.0   54.0
452 2273.325212 1.927E-74 1.205E-06.00220.00222110.0696-.740.002735              2              2                    S 21q     352222 5 7 2 3 2 2   282.0  258.0
452 2278.720301 8.559E-93 1.091E-04.01020.01031680.5944-.390.012436              9              8                    R 17      352222 6 6 2 3 2 2   222.0  210.0
452 2278.806280 5.373E-97 1.076E-04.00750.00733734.3000-.420.011399              7              6                    R 24      352222 6 6 2 3 2 2   306.0  294.0
452 2279.417980 4.448E-97 6.507E-07.01950.02032575.5282-.160.024605             12             10                    P 13      352222 6 6 2 3 2 2   150.0  162.0
452 2280.229131 8.882E-89 1.442E-06.00220.00228983.7413-.740.002735              2              2                    S 27q     352222 5 7 2 3 2 2   354.0  330.0
452 2280.439670 5.157E-89 9.607E-05.01210.01229782.8379-.370.012736             10              9                    R 11      352222 6 6 2 3 2 2   150.0  138.0
452 2282.880849 2.307E-46 2.926E-07.00280.003 8402.1060-.380.008099              1              0                    P 14      352222 6 6 2 3 2 2   162.0  174.0
452 2287.423732 2.650E-62 8.009E-07.00860.00916038.3853-.300.009210              5              4                    P  8      352222 6 6 2 3 2 2    90.0  102.0
452 2288.712280 3.866E-80 5.268E-08.01610.01623953.1231-.170.011973              8              7                    Q  8q     382222 5 7 2 3 2 2   102.0  102.0
452 2288.712280 3.402E-80 4.636E-08.01370.01423953.1231-.210.012480              8              7                    Q  8m     382220 4 4 2 3 2 2   102.0  102.0
452 2289.357760 8.625E-77 1.286E-06.00220.00223241.9387-.740.002735              2              2                    S 22q     352222 5 7 2 3 2 2   294.0  270.0
452 2289.689309 3.647E-84 6.429E-05.02560.02627266.7192-.030.010866             10              9                    R  5      352222 6 6 2 3 2 2    78.0   66.0
452 2290.026949 7.146E-83 1.859E-07.00490.00525707.3320-.280.011308              4              3                    Q 22m     382220 4 4 2 3 2 2   270.0  270.0
452 2290.026949 1.412E-83 3.674E-08.00540.00525707.3320-.250.010749              4              3                    Q 22q     382222 5 7 2 3 2 2   270.0  270.0
452 2293.168229 5.829E-85 1.481E-07.00370.00426690.5732-.290.010320              2              1                    Q 27m     382220 4 4 2 3 2 2   330.0  330.0
452 2293.168229 8.820E-86 2.241E-08.00400.00426690.5732-.280.010272              2              1                    Q 27q     382222 5 7 2 3 2 2   330.0  330.0
452 2293.492340 2.276E-86 1.449E-06.00220.00227834.3791-.740.002735              2              2                    S 26q     352222 5 7 2 3 2 2   342.0  318.0
452 2294.818140 4.432E-74 2.264E-05.03030.03021972.14610.220.001018              8              7                    P  2      352222 6 6 2 3 2 2    18.0   30.0
452 2294.840079 2.796E-36 4.538E-08.00450.004 3089.5336-.390.007590              1              0                    O  8q     452222 5 7 2 3 2 2    78.0  102.0
452 2297.867080 3.020E-55 3.122E-08.00370.00412095.3736-.380.009099              3              2                    P 11      352222 6 6 2 3 2 2   126.0  138.0
452 2297.969371 2.250E-81 4.734E-08.00800.00824651.0081-.290.012558              6              5                    Q 16q     382222 5 7 2 3 2 2   198.0  198.0
452 2297.969371 6.695E-81 1.409E-07.00700.00724651.0081-.310.012765              6              5                    Q 16m     382220 4 4 2 3 2 2   198.0  198.0
452 2299.211740 3.647E-79 1.353E-06.00220.00224383.3948-.740.002735              2              2                    S 23q     352222 5 7 2 3 2 2   306.0  282.0
452 2299.685031 1.908E-89 3.750E-09.01060.01127997.3589-.160.017846              6              4                    O 22q     352222 5 7 2 3 2 2   246.0  270.0
452 2301.134961 5.838E-84 1.437E-06.00220.00226682.6064-.740.002735              2              2                    S 25q     352222 5 7 2 3 2 2   330.0  306.0
452 2301.315269 8.637E-79 2.324E-05.03230.03224207.68400.170.008530              9              8                    R  0      352222 6 6 2 3 2 2    18.0    6.0
452 2301.325849 5.491E-88 9.376E-05.01210.01229270.3194-.370.012736             10              9                    R 10      352222 6 6 2 3 2 2   138.0  126.0
452 2302.0592401.414E-100 6.237E-07.05410.05434009.53930.170.020415             16             13                    P  5      352222 6 6 2 3 2 2    54.0   66.0
452 2302.628360 1.662E-61 1.088E-06.00180.00215927.8227-.800.002747              1              1                    S 18q     352222 5 7 2 3 2 2   246.0  222.0
452 2303.082811 1.479E-81 1.404E-06.00220.00225531.2963-.740.002735              2              2                    S 24q     352222 5 7 2 3 2 2   318.0  294.0
452 2303.304461 1.594E-81 1.697E-07.00560.00625018.0608-.260.011954              5              4                    Q 19m     382220 4 4 2 3 2 2   234.0  234.0
452 2303.304461 4.098E-82 4.364E-08.00670.00725018.0608-.290.011806              5              4                    Q 19q     382222 5 7 2 3 2 2   234.0  234.0
452 2306.597560 1.002E-84 7.191E-05.02180.02227582.0669-.100.011087             10              9                    R  6      352222 6 6 2 3 2 2    90.0   78.0
452 2309.244971 1.234E-65 3.641E-06.01460.01517860.5404-.160.007698              6              5                    P  6      352222 6 6 2 3 2 2    66.0   78.0
452 2310.082911 3.476E-97 2.123E-06.04410.04432653.92800.160.014253             14             12                    P  5      352222 6 6 2 3 2 2    54.0   66.0
452 2310.361730 1.761E-86 1.476E-08.04260.04326508.99920.270.016293             10              9                    S  1q     352222 5 7 2 3 2 2    42.0   18.0
452 2310.539870 2.575E-50 9.252E-07.00140.00110571.0830-.850.002573              0              0                    S 16q     352222 5 7 2 3 2 2   222.0  198.0
452 2310.819050 1.801E-96 1.810E-06.00180.00232701.5830-.800.002747              1              1                    S 32q     352222 5 7 2 3 2 2   414.0  390.0
452 2311.135329 2.082E-92 1.873E-09.03520.03529019.33240.070.013835             11             10                    S  4q     352222 5 7 2 3 2 2    78.0   54.0
452 2311.168152 4.455E-98 2.719E-05.02800.02833775.2624-.170.022606             14             12                    R  9      352222 6 6 2 3 2 2   126.0  114.0
452 2313.602929 1.365E-69 9.857E-06.02420.02419845.80430.090.004934              7              6                    P  4      352222 6 6 2 3 2 2    42.0   54.0
452 2314.118419 4.903E-87 9.001E-05.01350.01328790.5210-.340.012209             10              9                    R  9      352222 6 6 2 3 2 2   126.0  114.0
452 2316.394140 1.074E-79 9.179E-08.00830.00823931.5059-.290.013678              7              6                    Q 12m     382220 4 4 2 3 2 2   150.0  150.0
452 2316.394140 6.310E-80 5.391E-08.00960.01023931.5059-.240.013402              7              6                    Q 12q     382222 5 7 2 3 2 2   150.0  150.0
452 2316.491811 2.135E-85 7.889E-05.01860.01927943.1272-.180.011384             10              9                    R  7      352222 6 6 2 3 2 2   102.0   90.0
452 2318.560119 3.505E-79 5.799E-08.01900.01923488.2942-.110.011017              8              7                    Q  7q     382222 5 7 2 3 2 2    90.0   90.0
452 2318.560119 2.203E-79 3.645E-08.01610.01623488.2942-.160.011577              8              7                    Q  7m     382220 4 4 2 3 2 2    90.0   90.0
452 2318.832941 1.279E-87 1.140E-12.00790.00825515.5462-.110.016749              2              0                    O 28q     352222 5 7 2 3 2 2   318.0  342.0
452 2319.087290 3.601E-86 8.499E-05.01580.01628346.9984-.260.011758             10              9                    R  8      352222 6 6 2 3 2 2   114.0  102.0
452 2319.508958 2.117E-85 8.848E-08.00330.00326802.7905-.310.009466              1              0                    Q 29m     382220 4 4 2 3 2 2   354.0  354.0
452 2319.508958 3.171E-86 1.326E-08.00350.00326802.7905-.280.009430              1              0                    Q 29q     382222 5 7 2 3 2 2   354.0  354.0
452 2322.305140 1.430E-87 4.193E-10.00960.01026682.6064-.120.017983              4              2                    O 25q     352222 5 7 2 3 2 2   282.0  306.0
452 2323.067520 9.061E-97 3.362E-06.01320.01332880.1261-.150.020976              8              6                    P 23      352222 6 6 2 3 2 2   270.0  282.0
452 2331.312841 1.642E-82 1.728E-07.00420.00425531.2963-.290.010773              3              2                    Q 24m     382220 4 4 2 3 2 2   294.0  294.0
452 2331.312841 3.222E-83 3.391E-08.00460.00525531.2963-.270.010703              3              2                    Q 24q     382222 5 7 2 3 2 2   294.0  294.0
452 2338.555221 1.104E-49 1.249E-07.00320.003 9756.8184-.400.008748              2              1                    P 12      352222 6 6 2 3 2 2   138.0  150.0
452 2340.592511 4.427E-42 9.666E-08.00730.007 5950.2830-.340.007203              2              1                    O  7q     452222 5 7 2 3 2 2    66.0   90.0
452 2340.619129 7.151E-58 2.287E-07.00600.00613697.7662-.380.008738              4              3                    P  9      352222 6 6 2 3 2 2   102.0  114.0
452 2342.414231 7.463E-64 1.232E-06.00180.00217068.2987-.800.002747              1              1                    S 19q     352222 5 7 2 3 2 2   258.0  234.0
452 2342.669521 2.357E-91 1.148E-04.01020.01030986.0692-.390.012436              9              8                    R 16      352222 6 6 2 3 2 2   210.0  198.0
452 2344.800439 2.424E-78 6.308E-08.02240.02223073.6997-.050.009957              8              7                    Q  6q     382222 5 7 2 3 2 2    78.0   78.0
452 2344.800439 1.060E-78 2.758E-08.01890.01923073.6997-.100.010603              8              7                    Q  6m     382220 4 4 2 3 2 2    78.0   78.0
452 2345.311769 5.537E-94 1.901E-06.00180.00231520.9739-.800.002747              1              1                    S 31q     352222 5 7 2 3 2 2   402.0  378.0
452 2349.577990 1.186E-89 8.835E-09.01170.01228241.4383-.170.018244              7              5                    O 20q     352222 5 7 2 3 2 2   222.0  246.0
452 2351.080530 1.455E-79 5.532E-08.00800.00823803.0787-.290.012558              6              5                    Q 15q     382222 5 7 2 3 2 2   186.0  186.0
452 2351.080530 3.327E-79 1.265E-07.00700.00723803.0787-.310.012765              6              5                    Q 15m     382220 4 4 2 3 2 2   186.0  186.0
452 2351.436940 1.004E-93 1.183E-04.00870.00932156.1268-.410.012177              8              7                    R 20      352222 6 6 2 3 2 2   258.0  246.0
452 2352.210231 1.522E-78 3.424E-05.03510.03524266.96420.260.010402              9              8                    R  1      352222 6 6 2 3 2 2    30.0   18.0
452 2355.464519 1.080E-80 1.732E-07.00490.00524639.3180-.280.011308              4              3                    Q 21m     382220 4 4 2 3 2 2   258.0  258.0
452 2355.464519 2.754E-81 4.414E-08.00540.00524639.3180-.250.010749              4              3                    Q 21q     382222 5 7 2 3 2 2   258.0  258.0
452 2358.710929 1.683E-78 6.115E-08.00960.01023257.2697-.240.013402              7              6                    Q 11q     382222 5 7 2 3 2 2   138.0  138.0
452 2358.710929 2.168E-78 7.877E-08.00830.00823257.2697-.290.013678              7              6                    Q 11m     382220 4 4 2 3 2 2   138.0  138.0
452 2358.778269 5.998E-96 2.650E-06.01600.01632384.3767-.160.022611             10              8                    P 18      352222 6 6 2 3 2 2   210.0  222.0
452 2360.667709 1.587E-98 1.130E-08.02560.02632333.6997-.110.023184             13             11                    P  9      352222 6 6 2 3 2 2   102.0  114.0
452 2361.220642 5.165E-74 4.549E-05.02810.02821846.46340.130.002800              8              7                    P  1      352222 6 6 2 3 2 2     6.0   18.0
452 2361.764821 8.282E-97 3.299E-06.01200.01232905.4991-.140.019448              7              5                    P 25      352222 6 6 2 3 2 2   294.0  306.0
452 2363.020850 1.451E-79 1.557E-07.00560.00624050.8288-.260.011954              5              4                    Q 18m     382220 4 4 2 3 2 2   222.0  222.0
452 2363.020850 4.820E-80 5.172E-08.00670.00724050.8288-.290.011806              5              4                    Q 18q     382222 5 7 2 3 2 2   222.0  222.0
452 2365.629011 1.897E-82 1.402E-07.00370.00425468.7502-.290.010320              2              1                    Q 26m     382220 4 4 2 3 2 2   318.0  318.0
452 2365.629011 3.673E-83 2.715E-08.00400.00425468.7502-.280.010272              2              1                    Q 26q     382222 5 7 2 3 2 2   318.0  318.0
452 2366.038922 3.017E-92 8.168E-09.03030.03029265.7642-.030.013286             11             10                    S  5q     352222 5 7 2 3 2 2    90.0   66.0
452 2367.391891 1.255E-77 6.795E-08.02690.02722712.30200.020.008668              8              7                    Q  5q     382222 5 7 2 3 2 2    66.0   66.0
452 2367.391891 3.667E-78 1.985E-08.02270.02322712.3020-.020.008982              8              7                    Q  5m     382220 4 4 2 3 2 2    66.0   66.0
452 2369.110510 1.202E-52 1.097E-06.00140.00111710.7207-.850.002573              0              0                    S 17q     352222 5 7 2 3 2 2   234.0  210.0
452 2372.765789 7.336E-61 1.894E-06.01050.01015487.7747-.240.008711              5              4                    P  7      352222 6 6 2 3 2 2    78.0   90.0
452 2374.547661 1.796E-91 1.966E-06.00180.00230327.0355-.800.002747              1              1                    S 30q     352222 5 7 2 3 2 2   390.0  366.0
452 2375.210210 2.981E-66 1.373E-06.00180.00218230.4511-.800.002747              1              1                    S 20q     352222 5 7 2 3 2 2   270.0  246.0
452 2375.519540 1.471E-44 1.527E-07.00280.003 7381.2989-.380.008099              1              0                    P 13      452222 6 6 2 3 2 2   150.0  162.0
452 2377.087462 6.327E-48 1.493E-07.01100.011 8760.9098-.190.006187              3              2                    O  6q     352222 5 7 2 3 2 2    54.0   78.0
452 2386.293330 8.744E-78 1.331E-08.02730.02722406.76580.070.008045              8              7                    Q  4m     382220 4 4 2 3 2 2    54.0   54.0
452 2386.293330 4.778E-77 7.273E-08.03220.03222406.76580.120.007236              8              7                    Q  4q     382222 5 7 2 3 2 2    54.0   54.0
452 2387.137861 3.340E-95 1.202E-04.00750.00732880.1261-.420.011399              7              6                    R 23      352222 6 6 2 3 2 2   294.0  282.0
452 2387.670159 2.943E-87 1.623E-09.01070.01126782.8267-.080.018770              5              3                    O 23q     352222 5 7 2 3 2 2   258.0  282.0
452 2388.149861 7.604E-54 2.060E-08.00420.00411309.6164-.360.008616              3              2                    P 10      352222 6 6 2 3 2 2   114.0  126.0
452 2388.158951 4.494E-97 2.929E-06.01110.01133018.3868-.130.019744              6              4                    P 27      352222 6 6 2 3 2 2   318.0  330.0
452 2388.519981 5.026E-69 1.514E-05.02740.02719583.62610.180.002549              7              6                    P  3      352222 6 6 2 3 2 2    30.0   42.0
452 2388.599779 3.622E-97 1.152E-04.00650.00733825.7228-.420.011779              6              5                    R 26      352222 6 6 2 3 2 2   330.0  318.0
452 2389.313980 3.734E-90 1.813E-08.01290.01328596.7553-.180.017823              8              6                    O 18q     352222 5 7 2 3 2 2   198.0  222.0
452 2390.372569 1.162E-64 6.268E-06.01790.01817455.4318-.050.006918              6              5                    P  5      352222 6 6 2 3 2 2    54.0   66.0
452 2392.653050 1.062E-96 3.376E-06.04810.04832453.45570.250.010527             14             12                    P  4      352222 6 6 2 3 2 2    42.0   54.0
452 2393.747050 9.513E-83 8.404E-08.00330.00325515.5462-.310.009466              1              0                    Q 28m     382220 4 4 2 3 2 2   342.0  342.0
452 2393.747050 1.809E-83 1.598E-08.00350.00325515.5462-.280.009430              1              0                    Q 28q     382222 5 7 2 3 2 2   342.0  342.0
452 2393.859041 8.003E-86 6.552E-11.00870.00925468.7502-.110.017320              3              1                    O 26q     352222 5 7 2 3 2 2   294.0  318.0
452 2397.205990 6.012E-90 1.186E-04.01020.01030304.9278-.390.012436              9              8                    R 15      352222 6 6 2 3 2 2   198.0  186.0
452 2397.771401 3.637E-77 6.843E-08.01060.01122622.6780-.240.012819              7              6                    Q 10q     382222 5 7 2 3 2 2   126.0  126.0
452 2397.771401 3.531E-77 6.643E-08.00910.00922622.6780-.290.013125              7              6                    Q 10m     382220 4 4 2 3 2 2   126.0  126.0
452 2398.155060 7.031E-71 4.070E-07.02830.02819385.21190.13-.001681              7              6                    O  2q     352222 5 7 2 3 2 2     6.0   30.0
452 2398.190661 1.486E-78 4.408E-05.03500.03524385.02380.220.011366              9              8                    R  2      352222 6 6 2 3 2 2    42.0   30.0
452 2398.674579 6.080E-89 2.005E-06.00180.00229122.2994-.800.002747              1              1                    S 29q     352222 5 7 2 3 2 2   378.0  354.0
452 2399.432030 9.253E-81 4.058E-08.00460.00524383.3948-.270.010703              3              2                    Q 23q     382222 5 7 2 3 2 2   282.0  282.0
452 2399.432030 3.691E-80 1.619E-07.00420.00424383.3948-.290.010773              3              2                    Q 23m     382220 4 4 2 3 2 2   282.0  282.0
452 2400.158019 8.263E-87 9.932E-09.04100.04126619.17440.220.015631             10              9                    S  2q     352222 5 7 2 3 2 2    54.0   30.0
452 2401.266779 1.431E-77 1.124E-07.00700.00722982.4995-.310.012765              6              5                    Q 14m     382220 4 4 2 3 2 2   174.0  174.0
452 2401.266779 8.107E-78 6.368E-08.00800.00822982.4995-.290.012558              6              5                    Q 14q     382222 5 7 2 3 2 2   174.0  174.0
452 2401.303551 1.078E-68 1.507E-06.00180.00219410.7129-.800.002747              1              1                    S 21q     352222 5 7 2 3 2 2   282.0  258.0
452 2401.466410 1.347E-77 8.023E-09.03220.03222159.40720.180.006607              8              7                    Q  3m     382220 4 4 2 3 2 2    42.0   42.0
452 2401.466410 1.309E-76 7.799E-08.03770.03822159.40720.220.005853              8              7                    Q  3q     382222 5 7 2 3 2 2    42.0   42.0
452 2402.914609 9.742E-54 1.981E-07.01590.01611516.3728-.040.004387              4              3                    O  5q     352222 5 7 2 3 2 2    42.0   66.0
452 2403.068028 2.169E-93 7.429E-08.01780.01830324.3701-.180.019425             11              9                    O 12q     352222 5 7 2 3 2 2   126.0  150.0
452 2404.485359 1.449E-97 2.342E-06.01150.01233217.4271-.070.020600              5              3                    P 29      352222 6 6 2 3 2 2   342.0  354.0
452 2410.896021 1.957E-92 1.994E-08.02600.02629556.4085-.120.013190             11             10                    S  6q     352222 5 7 2 3 2 2   102.0   78.0
452 2411.417641 1.307E-95 1.692E-06.01770.01832084.1013-.190.023567             11              9                    P 15      352222 6 6 2 3 2 2   174.0  186.0
452 2411.490408 1.916E-81 3.396E-08.03820.03824207.68400.230.013637              9              8                    S  0q     352222 5 7 2 3 2 2    30.0    6.0
452 2412.597151 2.724E-98 1.642E-06.01030.01033500.7715-.090.019664              4              2                    P 31      352222 6 6 2 3 2 2   366.0  378.0
452 2412.877772 2.548E-76 8.631E-08.04130.04121972.14610.320.004823              8              7                    Q  2q     382222 5 7 2 3 2 2    30.0   30.0
452 2412.877772 1.188E-77 4.025E-09.03630.03621972.14610.270.005185              8              7                    Q  2m     382220 4 4 2 3 2 2    30.0   30.0
452 2414.070290 2.814E-99 9.423E-07.00940.00933866.2856-.060.018867              3              1                    P 33      352222 6 6 2 3 2 2   390.0  402.0
452 2415.170481 6.023E-91 3.293E-08.01440.01429063.8443-.180.019200              9              7                    O 16q     352222 5 7 2 3 2 2   174.0  198.0
452 2415.606579 3.409E-65 2.780E-07.02530.02516836.46880.12-.001676              6              5                    O  3q     352222 5 7 2 3 2 2    18.0   42.0
452 2416.410539 1.706E-59 2.392E-07.02130.02114210.63520.070.001397              5              4                    O  4q     352222 5 7 2 3 2 2    30.0   54.0
452 2416.847131 1.877E-97 2.894E-05.03070.03133453.2059-.120.021843             14             12                    R  8      352222 6 6 2 3 2 2   114.0  102.0
452 2417.224259 3.568E-96 5.290E-07.01950.02032063.2777-.160.024605             12             10                    P 12      352222 6 6 2 3 2 2   138.0  150.0
452 2417.742310 2.122E-86 2.019E-06.00180.00227909.2932-.800.002747              1              1                    S 28q     352222 5 7 2 3 2 2   366.0  342.0
452 2418.480921 1.541E-78 1.601E-07.00490.00523582.0622-.280.011308              4              3                    Q 20m     382220 4 4 2 3 2 2   246.0  246.0
452 2418.480921 5.021E-79 5.217E-08.00540.00523582.0622-.250.010749              4              3                    Q 20q     382222 5 7 2 3 2 2   246.0  246.0
452 2419.913039 4.756E-55 1.276E-06.00140.00112881.6229-.850.002573              0              0                    S 18q     352222 5 7 2 3 2 2   246.0  222.0
452 2420.086228 1.195E-77 1.415E-07.00560.00623102.4211-.260.011954              5              4                    Q 17m     382220 4 4 2 3 2 2   210.0  210.0
452 2420.086228 5.097E-78 6.035E-08.00670.00723102.4211-.290.011806              5              4                    Q 17q     382222 5 7 2 3 2 2   210.0  210.0
452 2420.500819 4.002E-76 1.235E-07.03260.03321846.46340.240.005026              8              7                    Q  1q     382222 5 7 2 3 2 2    18.0   18.0
452 2420.500819 4.359E-78 1.345E-09.03790.03821846.46340.280.004545              8              7                    Q  1m     382220 4 4 2 3 2 2    18.0   18.0
452 2420.975320 3.596E-71 1.632E-06.00180.00220605.6613-.800.002747              1              1                    S 22q     352222 5 7 2 3 2 2   294.0  270.0
452 2422.074120 5.017E-92 5.296E-08.01600.01629641.2034-.180.018840             10              8                    O 14q     352222 5 7 2 3 2 2   150.0  174.0
452 2422.9365503.909E-100 1.055E-06.05770.05833835.73330.260.016149             16             13                    P  4      352222 6 6 2 3 2 2    42.0   54.0
452 2429.053579 4.729E-56 8.265E-07.00740.00713058.7212-.330.008396              4              3                    P  8      352222 6 6 2 3 2 2    90.0  102.0
452 2430.972490 4.827E-49 9.048E-09.00320.003 8878.6439-.400.008748              2              1                    P 11      352222 6 6 2 3 2 2   126.0  138.0
452 2431.660199 4.362E-92 1.268E-04.00870.00931370.8127-.410.012177              8              7                    R 19      352222 6 6 2 3 2 2   246.0  234.0
452 2431.726231 7.543E-84 2.009E-06.00180.00226690.5732-.800.002747              1              1                    S 27q     352222 5 7 2 3 2 2   354.0  330.0
452 2432.805241 2.402E-95 3.340E-06.01460.01532156.1268-.180.021737              9              7                    P 20      352222 6 6 2 3 2 2   234.0  246.0
452 2433.533411 4.538E-76 5.491E-08.01010.01022031.4438-.280.011954              7              6                    Q  9m     382220 4 4 2 3 2 2   114.0  114.0
452 2433.533411 6.251E-76 7.563E-08.01180.01222031.4438-.230.012180              7              6                    Q  9q     382222 5 7 2 3 2 2   114.0  114.0
452 2434.494680 1.123E-73 1.744E-06.00180.00221812.0164-.800.002747              1              1                    S 23q     352222 5 7 2 3 2 2   306.0  282.0
452 2436.095540 6.162E-80 1.320E-07.00370.00424246.5110-.290.010320              2              1                    Q 25m     382220 4 4 2 3 2 2   306.0  306.0
452 2436.095540 1.511E-80 3.237E-08.00400.00424246.5110-.280.010272              2              1                    Q 25q     382222 5 7 2 3 2 2   306.0  306.0
452 2438.810379 9.599E-79 5.382E-05.03120.03124560.87360.120.010950              9              8                    R  3      352222 6 6 2 3 2 2    54.0   42.0
452 2440.543121 2.699E-81 1.974E-06.00180.00225468.7502-.800.002747              1              1                    S 26q     352222 5 7 2 3 2 2   342.0  318.0
452 2442.113691 3.339E-76 1.840E-06.00180.00223026.6365-.800.002747              1              1                    S 24q     352222 5 7 2 3 2 2   318.0  294.0
452 2442.897820 1.393E-88 1.207E-04.01020.01029641.2034-.390.012436              9              8                    R 14      352222 6 6 2 3 2 2   186.0  174.0
452 2444.062259 9.590E-79 1.917E-06.00180.00224246.5110-.800.002747              1              1                    S 25q     352222 5 7 2 3 2 2   330.0  306.0
452 2445.034931 7.977E-93 3.760E-08.02240.02229888.6645-.200.013546             11             10                    S  7q     352222 5 7 2 3 2 2   114.0   90.0
452 2446.941570 1.396E-94 2.617E-06.00140.00131864.7507-.850.002573              0              0                    S 33q     352222 5 7 2 3 2 2   426.0  402.0
452 2447.422490 2.640E-87 4.727E-09.01060.01126994.7825-.160.017846              6              4                    O 21q     352222 5 7 2 3 2 2   234.0  258.0
452 2448.513611 5.217E-76 9.864E-08.00700.00722193.0950-.310.012765              6              5                    Q 13m     382220 4 4 2 3 2 2   162.0  162.0
452 2448.513611 3.824E-76 7.230E-08.00800.00822193.0950-.290.012558              6              5                    Q 13q     382222 5 7 2 3 2 2   162.0  162.0
452 2457.881159 1.223E-59 3.696E-06.01270.01314997.5508-.180.008100              5              4                    P  6      352222 6 6 2 3 2 2    66.0   78.0
452 2458.269981 1.926E-85 3.772E-13.00790.00824224.3365-.110.016749              2              0                    O 27q     352222 5 7 2 3 2 2   306.0  330.0
452 2461.251490 1.161E-68 2.360E-05.02800.02819385.21190.210.001326              7              6                    P  2      352222 6 6 2 3 2 2    18.0   30.0
452 2463.252541 1.628E-57 1.460E-06.00140.00114079.8311-.850.002573              0              0                    S 19q     352222 5 7 2 3 2 2   258.0  234.0
452 2465.393449 2.540E-78 4.783E-08.00460.00523241.9387-.270.010703              3              2                    Q 22q     382222 5 7 2 3 2 2   270.0  270.0
452 2465.393449 8.003E-78 1.507E-07.00420.00423241.9387-.290.010773              3              2                    Q 22m     382220 4 4 2 3 2 2   270.0  270.0
452 2465.574211 2.448E-96 5.233E-06.05010.05032290.17690.330.006875             14             12                    P  3      352222 6 6 2 3 2 2    30.0   42.0
452 2465.946011 4.496E-75 4.430E-08.01170.01221487.1771-.240.011292              7              6                    Q  8m     382220 4 4 2 3 2 2   102.0  102.0
452 2465.946011 8.389E-75 8.265E-08.01370.01421487.1771-.190.010919              7              6                    Q  8q     382222 5 7 2 3 2 2   102.0  102.0
452 2466.062639 3.808E-85 4.883E-10.00960.01025531.2963-.120.017983              4              2                    O 24q     352222 5 7 2 3 2 2   270.0  294.0
452 2466.236699 1.039E-80 1.898E-08.00350.00324224.3365-.280.009430              1              0                    Q 27q     382222 5 7 2 3 2 2   330.0  330.0
452 2466.236699 4.347E-80 7.944E-08.00330.00324224.3365-.310.009466              1              0                    Q 27m     382220 4 4 2 3 2 2   330.0  330.0
452 2468.355311 6.983E-35 6.097E-08.00620.006 2423.8938-.360.006577              1              0                    O  7q     452222 5 7 2 3 2 2    66.0   90.0
452 2469.873251 4.111E-43 4.439E-08.00280.003 6408.7707-.380.008099              1              0                    P 12      452222 6 6 2 3 2 2   138.0  150.0
452 2470.359011 7.200E-64 1.011E-05.02170.02217113.26720.060.004844              6              5                    P  4      352222 6 6 2 3 2 2    42.0   54.0
452 2473.660171 4.358E-79 6.357E-05.02670.02724793.05910.030.010658              9              8                    R  4      352222 6 6 2 3 2 2    66.0   54.0
452 2474.512001 4.764E-76 6.944E-08.00670.00722176.4962-.290.011806              5              4                    Q 16q     382222 5 7 2 3 2 2   198.0  198.0
452 2474.512001 8.749E-76 1.275E-07.00560.00622176.4962-.260.011954              5              4                    Q 16m     382220 4 4 2 3 2 2   198.0  198.0
452 2474.695351 7.741E-97 1.157E-07.02860.02931967.3047-.050.021541             13             11                    P  8      352222 6 6 2 3 2 2    90.0  102.0
452 2479.122380 2.040E-76 1.470E-07.00490.00522538.9385-.280.011308              4              3                    Q 19m     382220 4 4 2 3 2 2   234.0  234.0
452 2479.122380 8.430E-77 6.077E-08.00540.00522538.9385-.250.010749              4              3                    Q 19q     382222 5 7 2 3 2 2   234.0  234.0
452 2479.341708 2.840E-51 2.663E-07.00500.00510579.3795-.320.008882              3              2                    P  9      352222 6 6 2 3 2 2   102.0  114.0
452 2480.155551 2.877E-87 1.210E-04.01020.01028998.8592-.390.012436              9              8                    R 13      352222 6 6 2 3 2 2   174.0  162.0
452 2480.211160 5.856E-92 2.695E-06.00140.00130616.8946-.850.002573              0              0                    S 32q     352222 5 7 2 3 2 2   414.0  390.0
452 2482.549771 1.859E-87 4.342E-09.03620.03626783.21440.120.014231             10              9                    S  3q     352222 5 7 2 3 2 2    66.0   42.0
452 2483.376870 2.112E-93 1.309E-04.00750.00732019.8476-.420.011399              7              6                    R 22      352222 6 6 2 3 2 2   282.0  270.0
452 2483.597249 1.046E-73 2.499E-05.02980.03021783.36700.140.008373              8              7                    R  0      352222 6 6 2 3 2 2    18.0    6.0
452 2487.716209 5.347E-95 3.636E-06.01320.01332019.8476-.150.020976              8              6                    P 22      352222 6 6 2 3 2 2   258.0  270.0
452 2492.787440 1.580E-74 8.548E-08.00700.00721438.7185-.310.012765              6              5                    Q 12m     382220 4 4 2 3 2 2   150.0  150.0
452 2492.787440 1.499E-74 8.109E-08.00800.00821438.7185-.290.012558              6              5                    Q 12q     382222 5 7 2 3 2 2   150.0  150.0
452 2494.952928 3.347E-74 3.470E-08.01380.01420993.3413-.190.011097              7              6                    Q  7m     382220 4 4 2 3 2 2    90.0   90.0
452 2494.952928 8.625E-74 8.941E-08.01600.01620993.3413-.150.010655              7              6                    Q  7q     382222 5 7 2 3 2 2    90.0   90.0
452 2499.355451 1.119E-87 1.139E-08.01170.01227321.3652-.170.018244              7              5                    O 19q     352222 5 7 2 3 2 2   210.0  234.0
452 2499.444529 4.913E-60 1.645E-06.00140.00115301.5359-.850.002573              0              0                    S 20q     352222 5 7 2 3 2 2   270.0  246.0
452 2501.046661 3.089E-95 1.276E-04.00650.00732905.4991-.420.011779              6              5                    R 25      352222 6 6 2 3 2 2   318.0  306.0
452 2502.082951 6.694E-97 2.925E-05.03420.03433156.7194-.070.020022             14             12                    R  7      352222 6 6 2 3 2 2   102.0   90.0
452 2502.139890 1.827E-90 1.335E-04.00870.00930591.0162-.410.012177              8              7                    R 18      352222 6 6 2 3 2 2   234.0  222.0
452 2502.373178 1.439E-79 7.322E-05.02240.02225079.6938-.070.010629              9              8                    R  5      352222 6 6 2 3 2 2    78.0   66.0
452 2504.659890 1.972E-77 1.236E-07.00370.00423026.6365-.290.010320              2              1                    Q 24m     382220 4 4 2 3 2 2   294.0  294.0
452 2504.659890 6.070E-78 3.804E-08.00400.00423026.6365-.280.010272              2              1                    Q 24q     382222 5 7 2 3 2 2   294.0  294.0
452 2508.972921 2.598E-89 2.742E-06.00140.00129355.7778-.850.002573              0              0                    S 31q     352222 5 7 2 3 2 2   402.0  378.0
452 2509.283559 5.193E-86 1.196E-04.01020.01028381.7967-.390.012436              9              8                    R 12      352222 6 6 2 3 2 2   162.0  150.0
452 2509.838860 6.536E-41 1.281E-07.00940.009 5384.3736-.220.006304              2              1                    O  6q     452222 5 7 2 3 2 2    54.0   78.0
452 2512.282861 1.565E-94 2.718E-06.01600.01631680.5944-.160.022611             10              8                    P 17      352222 6 6 2 3 2 2   198.0  210.0
452 2516.250289 2.004E-81 3.685E-08.03870.03924266.96420.240.015017              9              8                    S  1q     352222 5 7 2 3 2 2    42.0   18.0
452 2517.716190 1.510E-54 1.962E-06.00900.00912479.8346-.270.008505              4              3                    P  7      352222 6 6 2 3 2 2    78.0   90.0
452 2520.495749 1.822E-73 2.618E-08.01640.01620553.2040-.140.010265              7              6                    Q  6m     382220 4 4 2 3 2 2    78.0   78.0
452 2520.495749 6.670E-73 9.585E-08.01920.01920553.2040-.090.009751              7              6                    Q  6q     382222 5 7 2 3 2 2    78.0   78.0
452 2522.2711418.365E-100 1.718E-06.05850.05833693.65410.350.012431             16             13                    P  3      352222 6 6 2 3 2 2    30.0   42.0
452 2523.0476616.174E-104 5.547E-11.03360.03433775.2624-.080.031087             15             12                    P  9      352222 6 6 2 3 2 2   102.0  114.0
452 2524.627241 3.544E-80 8.256E-05.01890.01925418.5001-.140.010873              9              8                    R  6      352222 6 6 2 3 2 2    90.0   78.0
452 2524.643042 1.058E-46 4.308E-08.00360.004 8054.7365-.380.008709              2              1                    P 10      452222 6 6 2 3 2 2   114.0  126.0
452 2526.284450 5.582E-74 1.138E-07.00560.00621276.7943-.260.011954              5              4                    Q 15m     382220 4 4 2 3 2 2   186.0  186.0
452 2526.284450 3.868E-74 7.890E-08.00670.00721276.7943-.290.011806              5              4                    Q 15q     382222 5 7 2 3 2 2   186.0  186.0
452 2527.107770 6.817E-95 3.539E-06.01200.01231976.1167-.140.019448              7              5                    P 24      352222 6 6 2 3 2 2   282.0  294.0
452 2528.587540 4.013E-96 8.223E-06.04710.04732166.00300.350.005584             14             12                    P  2      352222 6 6 2 3 2 2    18.0   30.0
452 2528.807839 1.332E-62 1.826E-06.00140.00116543.0836-.850.002573              0              0                    S 21q     352222 5 7 2 3 2 2   282.0  258.0
452 2529.248451 6.573E-76 5.562E-08.00460.00522110.0696-.270.010703              3              2                    Q 21q     382222 5 7 2 3 2 2   258.0  258.0
452 2529.248451 1.648E-75 1.395E-07.00420.00422110.0696-.290.010773              3              2                    Q 21m     382220 4 4 2 3 2 2   258.0  258.0
452 2530.516542 8.034E-85 1.166E-04.01020.01027793.8536-.390.012436              9              8                    R 11      352222 6 6 2 3 2 2   150.0  138.0
452 2531.291751 1.418E-68 4.788E-05.02600.02619252.07530.090.002883              7              6                    P  1      352222 6 6 2 3 2 2     6.0   18.0
452 2533.246130 1.206E-86 2.761E-06.00140.00128083.6485-.850.002573              0              0                    S 30q     352222 5 7 2 3 2 2   390.0  366.0
452 2534.039669 4.793E-73 8.992E-08.00800.00820723.2301-.290.012558              6              5                    Q 11q     382222 5 7 2 3 2 2   138.0  138.0
452 2534.039669 3.891E-73 7.299E-08.00700.00720723.2301-.310.012765              6              5                    Q 11m     382220 4 4 2 3 2 2   138.0  138.0
452 2534.106302 5.718E-85 1.999E-09.01070.01125707.3320-.080.018770              5              3                    O 22q     352222 5 7 2 3 2 2   246.0  270.0
452 2534.945239 3.071E-99 5.775E-06.05630.05633835.73330.180.027488             16             13                    R  4      352222 6 6 2 3 2 2    66.0   54.0
452 2536.315820 2.753E-83 6.935E-11.00870.00924246.5110-.110.017320              3              1                    O 25q     352222 5 7 2 3 2 2   282.0  306.0
452 2537.072700 1.994E-77 7.473E-08.00330.00322931.6775-.310.009466              1              0                    Q 26m     382220 4 4 2 3 2 2   318.0  318.0
452 2537.072700 5.938E-78 2.225E-08.00350.00322931.6775-.280.009430              1              0                    Q 26q     382222 5 7 2 3 2 2   318.0  318.0
452 2537.404290 1.283E-74 6.987E-08.00540.00521513.4245-.250.010749              4              3                    Q 18q     382222 5 7 2 3 2 2   222.0  222.0
452 2537.404290 2.460E-74 1.340E-07.00490.00521513.4245-.280.011308              4              3                    Q 18m     382220 4 4 2 3 2 2   222.0  222.0
452 2538.560450 1.822E-73 3.708E-05.03230.03221846.46340.230.010717              8              7                    R  1      352222 6 6 2 3 2 2    30.0   18.0
452 2540.144139 6.646E-81 9.134E-05.01600.01625806.8543-.210.011175              9              8                    R  7      352222 6 6 2 3 2 2   102.0   90.0
452 2540.496639 2.316E-88 2.369E-08.01290.01327764.4312-.180.017823              8              6                    O 17q     352222 5 7 2 3 2 2   186.0  210.0
452 2541.185529 5.555E-47 1.961E-07.01380.014 8290.8754-.080.004741              3              2                    O  5q     352222 5 7 2 3 2 2    42.0   66.0
452 2542.382160 1.298E-58 6.446E-06.01570.01614570.8851-.080.006975              5              4                    P  5      352222 6 6 2 3 2 2    54.0   66.0
452 2542.516740 7.009E-73 1.879E-08.01980.02020169.7853-.060.009226              7              6                    Q  5m     382220 4 4 2 3 2 2    66.0   66.0
452 2542.516740 3.806E-72 1.020E-07.02320.02320169.7853-.020.008626              7              6                    Q  5q     382222 5 7 2 3 2 2    66.0   66.0
452 2544.047019 1.045E-83 1.122E-04.01020.01027238.7909-.390.012436              9              8                    R 10      352222 6 6 2 3 2 2   138.0  126.0
452 2547.438111 2.097E-95 3.465E-07.01950.02031571.6453-.160.024605             12             10                    P 11      352222 6 6 2 3 2 2   126.0  138.0
452 2548.685691 9.687E-82 9.935E-05.01360.01426241.8354-.290.011537              9              8                    R  8      352222 6 6 2 3 2 2   114.0  102.0
452 2548.743271 2.883E-63 1.570E-05.02490.02516836.46880.160.002857              6              5                    P  3      352222 6 6 2 3 2 2    30.0   42.0
452 2550.047000 1.119E-82 1.064E-04.01160.01226720.2725-.350.011957              9              8                    R  9      352222 6 6 2 3 2 2   126.0  114.0
452 2550.861550 3.193E-92 9.793E-08.01780.01829782.8379-.180.019425             11              9                    O 11q     352222 5 7 2 3 2 2   114.0  138.0
452 2551.658371 3.305E-65 2.001E-06.00140.00117800.9804-.850.002573              0              0                    S 22q     352222 5 7 2 3 2 2   294.0  270.0
452 2552.987380 5.800E-84 2.751E-06.00140.00126802.7905-.850.002573              0              0                    S 29q     352222 5 7 2 3 2 2   378.0  354.0
452 2553.803231 5.047E-95 3.116E-06.01110.01132024.2307-.130.019744              6              4                    P 26      352222 6 6 2 3 2 2   306.0  318.0
452 2554.251858 1.894E-94 1.561E-06.01770.01831479.0148-.190.023567             11              9                    P 14      352222 6 6 2 3 2 2   162.0  174.0
452 2556.724589 8.528E-89 5.119E-10.03110.03126999.68390.040.013281             10              9                    S  4q     352222 5 7 2 3 2 2    78.0   54.0
452 2558.200580 5.320E-65 5.274E-07.02560.02616627.04560.09-.001200              6              5                    O  2q     352222 5 7 2 3 2 2     6.0   30.0
452 2560.906829 5.078E-53 2.610E-07.01870.01911137.99720.030.002004              4              3                    O  4q     352222 5 7 2 3 2 2    30.0   54.0
452 2560.961500 1.827E-72 1.257E-08.02400.02419845.80430.030.008011              7              6                    Q  4m     382220 4 4 2 3 2 2    54.0   54.0
452 2560.961500 1.571E-71 1.081E-07.02810.02819845.80430.080.007337              7              6                    Q  4q     382222 5 7 2 3 2 2    54.0   54.0
452 2563.656071 7.240E-89 1.385E-04.00870.00929820.7206-.410.012177              8              7                    R 17      352222 6 6 2 3 2 2   222.0  210.0
452 2565.236201 1.752E-97 3.994E-05.02330.02333581.4362-.210.023050             13             11                    R 12      352222 6 6 2 3 2 2   162.0  150.0
452 2565.792659 2.096E-45 3.059E-12.00280.003 5488.9439-.380.008099              1              0                    P 11      452222 6 6 2 3 2 2   126.0  138.0
452 2566.810750 2.381E-89 4.337E-08.01440.01428324.2696-.180.019200              9              7                    O 15q     352222 5 7 2 3 2 2   162.0  186.0
452 2567.261208 5.154E-59 3.299E-07.02290.02313919.28740.10-.001020              5              4                    O  3q     352222 5 7 2 3 2 2    18.0   42.0
452 2568.102330 2.855E-81 2.713E-06.00140.00125515.5462-.850.002573              0              0                    S 28q     352222 5 7 2 3 2 2   366.0  342.0
452 2568.303770 7.624E-68 2.164E-06.00140.00119071.8914-.850.002573              0              0                    S 23q     352222 5 7 2 3 2 2   306.0  282.0
452 2569.015639 1.994E-96 2.837E-05.03800.03832889.25940.010.020616             14             12                    R  6      352222 6 6 2 3 2 2    90.0   78.0
452 2569.228079 1.336E-91 1.400E-04.00750.00731157.5233-.420.011399              7              6                    R 21      352222 6 6 2 3 2 2   270.0  258.0
452 2570.066689 2.174E-95 2.470E-06.01150.01232162.6343-.070.020600              5              3                    P 28      352222 6 6 2 3 2 2   330.0  342.0
452 2571.177851 2.031E-49 8.907E-07.00630.006 9908.6568-.350.008646              3              2                    P  8      352222 6 6 2 3 2 2    90.0  102.0
452 2571.378480 6.124E-75 1.151E-07.00370.00421812.0164-.290.010320              2              1                    Q 23m     382220 4 4 2 3 2 2   282.0  282.0
452 2571.378480 2.350E-75 4.416E-08.00400.00421812.0164-.280.010272              2              1                    Q 23q     382222 5 7 2 3 2 2   282.0  282.0
452 2572.210339 1.226E-71 9.867E-08.00880.00920050.4677-.270.012082              6              5                    Q 10q     382222 5 7 2 3 2 2   126.0  126.0
452 2572.210339 7.619E-72 6.130E-08.00770.00820050.4677-.310.012313              6              5                    Q 10m     382220 4 4 2 3 2 2   126.0  126.0
452 2572.786031 1.226E-90 6.995E-08.01600.01628998.8592-.180.018840             10              8                    O 13q     352222 5 7 2 3 2 2   138.0  162.0
452 2573.425329 4.157E-98 3.649E-07.00860.00933097.1057-.080.018182              2              0                    P 34      352222 6 6 2 3 2 2   402.0  414.0
452 2575.369061 2.680E-72 8.862E-08.00670.00720407.1305-.290.011806              5              4                    Q 14q     382222 5 7 2 3 2 2   174.0  174.0
452 2575.369061 3.042E-72 1.006E-07.00560.00620407.1305-.260.011954              5              4                    Q 14m     382220 4 4 2 3 2 2   174.0  174.0
452 2575.781119 3.023E-72 7.565E-09.02870.02919583.62610.140.006688              7              6                    Q  3m     382220 4 4 2 3 2 2    42.0   42.0
452 2575.781119 4.597E-71 1.151E-07.03330.03319583.62610.190.006028              7              6                    Q  3q     382222 5 7 2 3 2 2    42.0   42.0
452 2577.755061 5.356E-96 1.717E-06.01030.01032389.2273-.090.019664              4              2                    P 30      352222 6 6 2 3 2 2   354.0  366.0
452 2578.427540 7.121E-97 9.760E-07.00940.00932701.5830-.060.018867              3              1                    P 32      352222 6 6 2 3 2 2   378.0  390.0
452 2578.453972 1.422E-78 2.648E-06.00140.00124224.3365-.850.002573              0              0                    S 27q     352222 5 7 2 3 2 2   354.0  330.0
452 2579.038830 1.662E-70 2.314E-06.00140.00120352.6387-.850.002573              0              0                    S 24q     352222 5 7 2 3 2 2   318.0  294.0
452 2580.798350 1.087E-95 3.992E-07.03210.03231631.8033-.010.019615             13             11                    P  7      352222 6 6 2 3 2 2    78.0   90.0
452 2581.337690 3.930E-96 1.677E-05.04160.04232082.39520.280.008246             14             12                    P  1      352222 6 6 2 3 2 2     6.0   18.0
452 2583.868771 7.079E-76 2.559E-06.00140.00122931.6775-.850.002573              0              0                    S 26q     352222 5 7 2 3 2 2   342.0  318.0
452 2584.141420 3.477E-73 2.447E-06.00140.00121640.1952-.850.002573              0              0                    S 25q     352222 5 7 2 3 2 2   330.0  306.0
452 2586.934172 9.397E-71 1.266E-07.03700.03719385.21190.290.005045              7              6                    Q  2q     382222 5 7 2 3 2 2    30.0   30.0
452 2586.934172 2.813E-72 3.790E-09.03270.03319385.21190.240.005255              7              6                    Q  2m     382220 4 4 2 3 2 2    30.0   30.0
452 2588.501920 9.431E-94 3.442E-06.01460.01531370.8127-.180.021737              9              7                    P 19      352222 6 6 2 3 2 2   222.0  234.0
452 2588.727549 1.724E-73 4.803E-05.03150.03221972.14610.200.011058              8              7                    R  2      352222 6 6 2 3 2 2    42.0   30.0
452 2591.017520 1.580E-73 6.391E-08.00460.00520991.0448-.270.010703              3              2                    Q 20q     382222 5 7 2 3 2 2   246.0  246.0
452 2591.017520 3.171E-73 1.282E-07.00420.00420991.0448-.290.010773              3              2                    Q 20m     382220 4 4 2 3 2 2   246.0  246.0
452 2593.316000 1.741E-72 7.941E-08.00540.00520509.1052-.250.010749              4              3                    Q 17q     382222 5 7 2 3 2 2   210.0  210.0
452 2593.316000 2.657E-72 1.211E-07.00490.00520509.1052-.280.011308              4              3                    Q 17m     382220 4 4 2 3 2 2   210.0  210.0
452 2594.388178 1.070E-72 1.265E-09.03440.03419252.07530.250.004560              7              6                    Q  1m     382220 4 4 2 3 2 2    18.0   18.0
452 2594.388178 1.526E-70 1.804E-07.02990.03019252.07530.210.005009              7              6                    Q  1q     382222 5 7 2 3 2 2    18.0   18.0
452 2596.212280 3.546E-85 5.997E-09.01060.01126000.5431-.160.017846              6              4                    O 20q     352222 5 7 2 3 2 2   222.0  246.0
452 2599.618900 1.242E-83 5.287E-14.00790.00822931.6775-.110.016749              2              0                    O 26q     352222 5 7 2 3 2 2   294.0  318.0
452 2600.731340 1.302E-99 2.796E-06.05410.05433585.30780.370.010791             16             13                    P  2      352222 6 6 2 3 2 2    18.0   30.0
452 2601.656890 3.818E-76 6.007E-08.03470.03521783.36700.190.013252              8              7                    S  0q     352222 5 7 2 3 2 2    30.0    6.0
452 2601.917210 2.727E-93 1.383E-04.00650.00731976.1167-.420.011779              6              5                    R 24      352222 6 6 2 3 2 2   306.0  294.0
452 2603.525620 1.790E-95 1.290E-04.00680.00733018.3868-.280.013606              5              4                    R 27      352222 6 6 2 3 2 2   342.0  330.0
452 2606.253830 2.846E-53 3.828E-06.01090.01111964.6313-.220.008005              4              3                    P  6      352222 6 6 2 3 2 2    66.0   78.0
452 2606.315860 9.066E-75 6.998E-08.00330.00321640.1952-.310.009466              1              0                    Q 25m     382220 4 4 2 3 2 2   306.0  306.0
452 2606.315860 3.340E-75 2.578E-08.00350.00321640.1952-.280.009430              1              0                    Q 25q     382222 5 7 2 3 2 2   306.0  306.0
452 2607.231530 1.160E-70 5.048E-08.00860.00919424.2123-.300.011295              6              5                    Q  9m     382220 4 4 2 3 2 2   114.0  114.0
452 2607.231530 2.463E-70 1.072E-07.00990.01019424.2123-.270.011045              6              5                    Q  9q     382222 5 7 2 3 2 2   114.0  114.0
452 2611.387759 1.028E-82 5.839E-10.00960.01024383.3948-.120.017983              4              2                    O 23q     352222 5 7 2 3 2 2   258.0  282.0
452 2614.660159 1.131E-81 3.100E-08.03680.03724385.02380.190.013961              9              8                    S  2q     352222 5 7 2 3 2 2    54.0   30.0
452 2616.750058 2.666E-87 1.418E-04.00870.00929063.8443-.410.012177              8              7                    R 16      352222 6 6 2 3 2 2   210.0  198.0
452 2617.944371 4.867E-99 5.980E-06.06050.06133693.65410.270.026724             16             13                    R  3      352222 6 6 2 3 2 2    54.0   42.0
452 2619.191861 4.881E-96 2.654E-05.04250.04232653.92800.070.020153             14             12                    R  5      352222 6 6 2 3 2 2    78.0   66.0
452 2619.337769 2.618E-44 3.108E-07.00430.004 7289.3191-.340.008599              2              1                    P  9      452222 6 6 2 3 2 2   102.0  114.0
452 2621.714309 1.388E-70 8.791E-08.00560.00619571.3807-.260.011954              5              4                    Q 13m     382220 4 4 2 3 2 2   162.0  162.0
452 2621.714309 1.555E-70 9.851E-08.00670.00719571.3807-.290.011806              5              4                    Q 13q     382222 5 7 2 3 2 2   162.0  162.0
452 2621.945319 4.040E-89 8.093E-10.02650.02627266.7192-.060.012768             10              9                    S  5q     352222 5 7 2 3 2 2    90.0   66.0
452 2625.029700 7.090E-63 2.467E-05.02550.02616627.04560.180.001620              6              5                    P  2      352222 6 6 2 3 2 2    18.0   30.0
452 2625.833649 8.854E-58 1.047E-05.01900.01914210.63520.010.005381              5              4                    P  4      352222 6 6 2 3 2 2    42.0   54.0
452 2633.651901 1.058E-73 5.896E-05.02790.02822159.40720.090.010652              8              7                    R  3      352222 6 6 2 3 2 2    54.0   42.0
452 2636.277451 8.649E-73 5.069E-08.00400.00420605.6613-.280.010272              2              1                    Q 22q     382222 5 7 2 3 2 2   270.0  270.0
452 2636.277451 1.819E-72 1.066E-07.00370.00420605.6613-.290.010320              2              1                    Q 22m     382220 4 4 2 3 2 2   270.0  270.0
452 2639.030469 3.811E-69 1.155E-07.01150.01218848.1467-.230.010449              6              5                    Q  8q     382222 5 7 2 3 2 2   102.0  102.0
452 2639.030469 1.340E-69 4.060E-08.01000.01018848.1467-.270.011288              6              5                    Q  8m     382220 4 4 2 3 2 2   102.0  102.0
452 2644.949680 3.073E-93 3.746E-06.01320.01331157.5233-.150.020976              8              6                    P 21      352222 6 6 2 3 2 2   246.0  258.0
452 2645.066751 1.171E-33 8.079E-08.00800.008 1831.9614-.250.006401              1              0                    O  6q     452222 5 7 2 3 2 2    54.0   78.0
452 2645.820730 8.314E-90 1.476E-04.00750.00730297.0439-.420.011399              7              6                    R 20      352222 6 6 2 3 2 2   258.0  246.0
452 2646.824901 2.520E-70 1.087E-07.00490.00519529.6714-.280.011308              4              3                    Q 16m     382220 4 4 2 3 2 2   198.0  198.0
452 2646.824901 2.071E-70 8.929E-08.00540.00519529.6714-.250.010749              4              3                    Q 16q     382222 5 7 2 3 2 2   198.0  198.0
452 2649.994811 9.973E-86 1.469E-08.01170.01226413.8496-.170.018244              7              5                    O 18q     352222 5 7 2 3 2 2   198.0  222.0
452 2650.694828 5.603E-71 1.172E-07.00420.00419888.2438-.290.010773              3              2                    Q 19m     382220 4 4 2 3 2 2   234.0  234.0
452 2650.694828 3.473E-71 7.263E-08.00460.00519888.2438-.270.010703              3              2                    Q 19q     382222 5 7 2 3 2 2   234.0  234.0
452 2653.806471 9.628E-96 2.397E-05.04740.04732453.45570.160.019855             14             12                    R  4      352222 6 6 2 3 2 2    66.0   54.0
452 2654.248490 7.570E-96 9.280E-06.04720.04732040.34200.270.013407             14             12                    R  0      352222 6 6 2 3 2 2    18.0    6.0
452 2658.469500 1.234E-99 5.825E-06.04730.04733512.21950.310.013405             16             13                    P  1      352222 6 6 2 3 2 2     6.0   18.0
452 2658.806800 3.685E-93 2.610E-06.01600.01630986.0692-.160.022611             10              8                    P 16      352222 6 6 2 3 2 2   186.0  198.0
452 2661.217301 2.965E-68 2.665E-05.02750.02719185.24610.100.008223              7              6                    R  0      352222 6 6 2 3 2 2    18.0    6.0
452 2661.799711 8.946E-86 1.434E-04.00870.00928324.2696-.410.012177              8              7                    R 15      352222 6 6 2 3 2 2   198.0  186.0
452 2663.083049 2.363E-39 6.198E-08.00320.003 4626.2361-.380.008429              1              0                    P 10      452222 6 6 2 3 2 2   114.0  126.0
452 2663.341451 7.207E-48 2.044E-06.00770.008 9301.2899-.300.008325              3              2                    P  7      352222 6 6 2 3 2 2    78.0   90.0
452 2665.255021 5.190E-69 7.588E-08.00560.00618773.4636-.260.011954              5              4                    Q 12m     382220 4 4 2 3 2 2   150.0  150.0
452 2665.255021 7.416E-69 1.084E-07.00670.00718773.4636-.290.011806              5              4                    Q 12q     382222 5 7 2 3 2 2   150.0  150.0
452 2667.532460 1.145E-68 3.172E-08.01180.01218325.8089-.220.010667              6              5                    Q  7m     382220 4 4 2 3 2 2    90.0   90.0
452 2667.532460 4.454E-68 1.234E-07.01370.01418325.8089-.180.010328              6              5                    Q  7q     382222 5 7 2 3 2 2    90.0   90.0
452 2670.622711 7.336E-95 1.522E-07.02090.02131104.6394-.180.023634             12             10                    P 10      352222 6 6 2 3 2 2   114.0  126.0
452 2672.928089 4.479E-74 6.999E-05.02350.02322406.7658-.010.010406              8              7                    R  4      352222 6 6 2 3 2 2    66.0   54.0
452 2673.355879 1.493E-95 1.366E-05.05250.05232082.39520.370.017681             14             12                    R  1      352222 6 6 2 3 2 2    30.0   18.0
452 2673.362060 5.660E-99 5.507E-06.06270.06333585.30780.350.025598             16             13                    R  2      352222 6 6 2 3 2 2    42.0   30.0
452 2673.834000 1.495E-95 2.088E-05.05190.05232290.17690.250.019651             14             12                    R  3      352222 6 6 2 3 2 2    54.0   42.0
452 2673.997850 1.826E-72 2.956E-08.00350.00320352.6387-.280.009430              1              0                    Q 24q     382222 5 7 2 3 2 2   294.0  294.0
452 2673.997850 4.029E-72 6.522E-08.00330.00320352.6387-.310.009466              1              0                    Q 24m     382220 4 4 2 3 2 2   294.0  294.0
452 2677.552108 8.603E-89 7.345E-09.02200.02227582.0669-.180.012685             10              9                    S  6q     352222 5 7 2 3 2 2   102.0   78.0
452 2679.071209 8.902E-95 9.621E-07.03600.03631330.46780.050.017407             13             11                    P  6      352222 6 6 2 3 2 2    66.0   78.0
452 2680.105718 1.766E-95 1.742E-05.05470.05532166.00300.330.019252             14             12                    R  2      352222 6 6 2 3 2 2    42.0   30.0
452 2680.695580 9.960E-81 7.788E-11.00870.00923026.6365-.110.017320              3              1                    O 24q     352222 5 7 2 3 2 2   270.0  294.0
452 2681.303300 6.403E-40 1.684E-07.01190.012 4892.2491-.110.004592              2              1                    O  5q     452222 5 7 2 3 2 2    42.0   66.0
452 2682.047292 1.092E-82 2.501E-09.01070.01124639.3180-.080.018770              5              3                    O 21q     352222 5 7 2 3 2 2   234.0  258.0
452 2685.355970 5.585E-93 3.637E-06.01200.01231041.3953-.140.019448              7              5                    P 23      352222 6 6 2 3 2 2   270.0  282.0
452 2690.355579 2.293E-93 1.299E-06.01770.01830891.0803-.190.023567             11              9                    P 13      352222 6 6 2 3 2 2   150.0  162.0
452 2692.226090 1.323E-86 3.085E-08.01290.01326948.9774-.180.017823              8              6                    O 16q     352222 5 7 2 3 2 2   174.0  198.0
452 2692.663649 7.035E-68 2.388E-08.01410.01417860.5404-.170.009963              6              5                    Q  6m     382220 4 4 2 3 2 2    78.0   78.0
452 2692.663649 3.857E-67 1.309E-07.01630.01617860.5404-.130.009020              6              5                    Q  6q     382222 5 7 2 3 2 2    78.0   78.0
452 2692.904669 2.454E-91 1.476E-04.00650.00731041.3953-.420.011779              6              5                    R 23      352222 6 6 2 3 2 2   294.0  282.0
452 2694.262439 3.352E-52 6.663E-06.01360.01411516.3728-.120.007033              4              3                    P  5      352222 6 6 2 3 2 2    54.0   66.0
452 2695.941590 6.486E-96 1.232E-04.00570.00633217.4271-.220.012869              4              3                    R 29      352222 6 6 2 3 2 2   366.0  354.0
452 2696.985109 4.004E-91 1.270E-07.02010.02029270.3194-.170.020386             11              9                    O 10q     352222 5 7 2 3 2 2   102.0  126.0
452 2697.879751 2.059E-68 9.660E-08.00490.00518578.9147-.280.011308              4              3                    Q 15m     382220 4 4 2 3 2 2   186.0  186.0
452 2697.879751 2.119E-68 9.943E-08.00540.00518578.9147-.250.010749              4              3                    Q 15q     382222 5 7 2 3 2 2   186.0  186.0
452 2698.697740 9.032E-63 5.034E-05.02390.02416486.54850.050.002961              6              5                    P  1      352222 6 6 2 3 2 2     6.0   18.0
452 2699.069271 2.685E-84 1.434E-04.00870.00927605.8586-.410.012177              8              7                    R 14      352222 6 6 2 3 2 2   186.0  174.0
452 2699.356820 2.983E-70 5.759E-08.00400.00419410.7129-.280.010272              2              1                    Q 21q     382222 5 7 2 3 2 2   258.0  258.0
452 2699.356820 5.087E-70 9.822E-08.00370.00419410.7129-.290.010320              2              1                    Q 21m     382220 4 4 2 3 2 2   258.0  258.0
452 2703.705768 4.686E-99 4.577E-06.05980.06033512.21950.380.023246             16             13                    R  1      352222 6 6 2 3 2 2    30.0   18.0
452 2704.157081 1.339E-96 4.385E-05.02330.02333144.7085-.210.023050             13             11                    R 11      352222 6 6 2 3 2 2   150.0  138.0
452 2705.845659 3.758E-82 2.122E-08.03220.03224560.87360.080.013654              9              8                    S  3q     352222 5 7 2 3 2 2    66.0   42.0
452 2705.915470 1.556E-67 6.458E-08.00560.00618017.3147-.260.011954              5              4                    Q 11m     382220 4 4 2 3 2 2   138.0  138.0
452 2705.915470 2.850E-67 1.183E-07.00670.00718017.3147-.290.011806              5              4                    Q 11q     382222 5 7 2 3 2 2   138.0  138.0
452 2706.198119 1.353E-74 8.100E-05.01950.01922712.3020-.110.010419              8              7                    R  5      352222 6 6 2 3 2 2    78.0   66.0
452 2706.471749 3.177E-46 2.590E-07.01660.017 7894.21240.020.002600              3              2                    O  4q     352222 5 7 2 3 2 2    30.0   54.0
452 2707.758369 3.826E-57 1.634E-05.02230.02213919.28740.130.003179              5              4                    P  3      352222 6 6 2 3 2 2    30.0   42.0
452 2708.251840 8.934E-69 1.063E-07.00420.00418805.1728-.290.010773              3              2                    Q 18m     382220 4 4 2 3 2 2   222.0  222.0
452 2708.251840 6.867E-69 8.172E-08.00460.00518805.1728-.270.010703              3              2                    Q 18q     382222 5 7 2 3 2 2   222.0  222.0
452 2708.470381 2.160E-93 1.391E-04.00680.00732024.2307-.280.013606              5              4                    R 26      352222 6 6 2 3 2 2   330.0  318.0
452 2710.0772505.635E-101 1.384E-08.03680.03733453.2059-.030.030530             15             12                    P  8      352222 6 6 2 3 2 2    90.0  102.0
452 2710.622440 2.345E-99 3.208E-06.05530.05533475.41670.320.018242             16             13                    R  0      352222 6 6 2 3 2 2    18.0    6.0
452 2712.629729 5.753E-93 3.190E-06.01110.01131021.6703-.130.019744              6              4                    P 25      352222 6 6 2 3 2 2   294.0  306.0
452 2713.921989 4.999E-88 1.536E-04.00750.00729442.2049-.420.011399              7              6                    R 19      352222 6 6 2 3 2 2   246.0  234.0
452 2714.353521 3.007E-67 1.710E-08.01720.01717455.4318-.090.009064              6              5                    Q  5m     382220 4 4 2 3 2 2    66.0   66.0
452 2714.353521 2.427E-66 1.381E-07.01990.02017455.4318-.050.008590              6              5                    Q  5q     382222 5 7 2 3 2 2    66.0   66.0
452 2714.410230 4.220E-76 7.016E-08.03500.03521846.46340.210.014431              8              7                    S  1q     352222 5 7 2 3 2 2    42.0   18.0
452 2714.776681 1.931E-42 9.165E-07.00540.005 6586.5133-.370.008417              2              1                    P  8      452222 6 6 2 3 2 2    90.0  102.0
452 2717.128831 8.566E-59 6.311E-07.02300.02313698.90400.04-.000698              5              4                    O  2q     352222 5 7 2 3 2 2     6.0   30.0
452 2718.511541 8.440E-88 5.670E-08.01440.01427605.8586-.180.019200              9              7                    O 14q     352222 5 7 2 3 2 2   150.0  174.0
452 2719.015790 1.657E-52 3.616E-07.02030.02010832.06090.06-.000310              4              3                    O  3q     352222 5 7 2 3 2 2    18.0   42.0
452 2719.448109 1.194E-99 3.591E-07.02680.02733581.4362-.140.034623             14             11                    P 12      352222 6 6 2 3 2 2   138.0  150.0
452 2720.070860 5.095E-68 3.973E-05.02980.03019252.07530.210.010462              7              6                    R  1      352222 6 6 2 3 2 2    30.0   18.0
452 2722.842661 2.620E-89 9.134E-08.01600.01628381.7967-.180.018840             10              8                    O 12q     352222 5 7 2 3 2 2   126.0  150.0
452 2722.958411 4.755E-89 2.172E-08.01920.01927943.1272-.240.012407             10              9                    S  7q     352222 5 7 2 3 2 2   114.0   90.0
452 2724.671829 1.719E-97 4.923E-05.02100.02133644.8764-.220.022670             12             10                    R 15      352222 6 6 2 3 2 2   198.0  186.0
452 2728.744540 7.066E-83 1.417E-04.00870.00926912.4590-.410.012177              8              7                    R 13      352222 6 6 2 3 2 2   174.0  162.0
452 2729.085880 3.370E-93 2.517E-06.01150.01231096.6369-.070.020600              5              3                    P 27      352222 6 6 2 3 2 2   318.0  330.0
452 2730.858519 1.432E-95 3.654E-07.00860.00931864.7507-.080.018182              2              0                    P 33      352222 6 6 2 3 2 2   390.0  402.0
452 2732.537211 1.088E-65 1.453E-07.02430.02417113.26720.050.007441              6              5                    Q  4q     382222 5 7 2 3 2 2    54.0   54.0
452 2732.537211 8.557E-67 1.143E-08.02100.02117113.2672-0000.007989              6              5                    Q  4m     382220 4 4 2 3 2 2    54.0   54.0
452 2733.154651 2.994E-75 9.177E-05.01630.01623073.6997-.170.010684              8              7                    R  6      352222 6 6 2 3 2 2    90.0   78.0
452 2736.606139 1.105E-93 1.740E-06.01030.01031263.9704-.090.019664              4              2                    P 29      352222 6 6 2 3 2 2   342.0  354.0
452 2736.754051 1.916E-94 9.836E-07.00940.00931520.9739-.060.018867              3              1                    P 31      352222 6 6 2 3 2 2   366.0  378.0
452 2737.722551 3.450E-92 3.362E-06.01460.01530591.0162-.180.021737              9              7                    P 18      352222 6 6 2 3 2 2   210.0  222.0
452 2740.124940 1.726E-69 6.050E-08.00330.00319071.8914-.310.009466              1              0                    Q 23m     382220 4 4 2 3 2 2   282.0  282.0
452 2740.124940 9.574E-70 3.357E-08.00350.00319071.8914-.280.009430              1              0                    Q 23q     382222 5 7 2 3 2 2   282.0  282.0
452 2743.199650 1.302E-82 1.208E-15.00790.00821640.1952-.110.016749              2              0                    O 25q     352222 5 7 2 3 2 2   282.0  306.0
452 2743.612389 3.658E-66 5.408E-08.00650.00617306.8553-.330.011613              5              4                    Q 10m     382220 4 4 2 3 2 2   126.0  126.0
452 2743.612389 8.655E-66 1.280E-07.00740.00717306.8553-.290.011453              5              4                    Q 10q     382222 5 7 2 3 2 2   126.0  126.0
452 2746.370461 4.546E-83 7.670E-09.01060.01125018.0608-.160.017846              6              4                    O 19q     352222 5 7 2 3 2 2   210.0  234.0
452 2746.413761 1.831E-66 1.097E-07.00540.00517660.7168-.250.010749              4              3                    Q 14q     382222 5 7 2 3 2 2   174.0  174.0
452 2746.413761 1.420E-66 8.507E-08.00490.00517660.7168-.280.011308              4              3                    Q 14m     382220 4 4 2 3 2 2   174.0  174.0
452 2747.157459 3.402E-65 1.538E-07.02920.02916836.46880.150.006214              6              5                    Q  3q     382222 5 7 2 3 2 2    42.0   42.0
452 2747.157459 1.520E-66 6.869E-09.02540.02516836.46880.110.006780              6              5                    Q  3m     382220 4 4 2 3 2 2    42.0   42.0
452 2750.959289 1.600E-81 1.385E-04.00870.00926247.9000-.410.012177              8              7                    R 12      352222 6 6 2 3 2 2   162.0  150.0
452 2753.541181 4.956E-76 1.021E-04.01370.01423488.2942-.250.010993              8              7                    R  7      352222 6 6 2 3 2 2   102.0   90.0
452 2755.463071 1.506E-46 3.908E-06.00940.009 8760.9098-.250.007920              3              2                    P  6      352222 6 6 2 3 2 2    66.0   78.0
452 2757.641031 1.483E-89 4.479E-08.01670.01728346.9984-.290.013822             10              9                    S  8q     352222 5 7 2 3 2 2   126.0  102.0
452 2758.166391 1.492E-66 3.439E-09.02960.03016627.04560.210.005596              6              5                    Q  2m     382220 4 4 2 3 2 2    30.0   30.0
452 2758.166391 7.312E-65 1.685E-07.03290.03316627.04560.250.005214              6              5                    Q  2q     382222 5 7 2 3 2 2    30.0   30.0
452 2758.604501 2.784E-80 7.204E-10.00960.01023241.9387-.120.017983              4              2                    O 22q     352222 5 7 2 3 2 2   246.0  270.0
452 2760.593730 1.317E-67 8.997E-08.00370.00418230.4511-.290.010320              2              1                    Q 20m     382220 4 4 2 3 2 2   246.0  246.0
452 2760.593730 9.493E-68 6.483E-08.00400.00418230.4511-.280.010272              2              1                    Q 20q     382222 5 7 2 3 2 2   246.0  246.0
452 2761.500591 4.432E-37 2.843E-07.00370.004 3825.0127-.360.008351              1              0                    P  9      452222 6 6 2 3 2 2   102.0  114.0
452 2763.640361 1.262E-66 9.578E-08.00420.00417745.4648-.290.010773              3              2                    Q 17m     382220 4 4 2 3 2 2   210.0  210.0
452 2763.640361 1.201E-66 9.113E-08.00460.00517745.4648-.270.010703              3              2                    Q 17q     382222 5 7 2 3 2 2   210.0  210.0
452 2765.263231 1.779E-92 1.852E-07.03250.03329888.66450.020.014838             12             10                    O  7q     352222 5 7 2 3 2 2    66.0   90.0
452 2765.526860 1.228E-64 2.395E-07.02720.02716486.54850.170.005229              6              5                    Q  1q     382222 5 7 2 3 2 2    18.0   18.0
452 2765.526860 5.880E-67 1.147E-09.03110.03116486.54850.210.004792              6              5                    Q  1m     382220 4 4 2 3 2 2    18.0   18.0
452 2765.816210 3.054E-80 1.338E-04.00870.00925615.9806-.410.012177              8              7                    R 11      352222 6 6 2 3 2 2   150.0  138.0
452 2767.149409 6.262E-77 1.116E-04.01160.01223953.1231-.320.010750              8              7                    R  8      352222 6 6 2 3 2 2   114.0  102.0
452 2769.464050 4.924E-94 1.924E-06.04030.04031066.26900.140.014297             13             11                    P  5      352222 6 6 2 3 2 2    54.0   66.0
452 2773.404310 4.819E-79 1.277E-04.00870.00925020.4493-.410.012177              8              7                    R 10      352222 6 6 2 3 2 2   138.0  126.0
452 2773.813860 6.163E-78 1.202E-04.00980.01024464.9771-.380.011172              8              7                    R  9      352222 6 6 2 3 2 2   126.0  114.0
452 2774.057471 2.854E-86 1.581E-04.00750.00728596.7553-.420.011399              7              6                    R 18      352222 6 6 2 3 2 2   234.0  222.0
452 2774.195310 4.667E-68 5.164E-05.02880.02919385.21190.170.009899              7              6                    R  2      352222 6 6 2 3 2 2    42.0   30.0
452 2775.129510 2.214E-89 1.555E-04.00650.00730104.9966-.420.011779              6              5                    R 22      352222 6 6 2 3 2 2   282.0  270.0
452 2778.257761 2.036E-64 1.374E-07.00830.00816645.9546-.290.011063              5              4                    Q  9q     382222 5 7 2 3 2 2   114.0  114.0
452 2778.257761 6.585E-65 4.443E-08.00730.00716645.9546-.330.011245              5              4                    Q  9m     382220 4 4 2 3 2 2   114.0  114.0
452 2779.584398 1.451E-96 1.090E-04.00500.00533500.7715-.240.012249              3              2                    R 31      352222 6 6 2 3 2 2   390.0  378.0
452 2779.828571 6.162E-93 2.045E-07.01490.01530324.3701-.280.015063             10              9                    S 12q     352222 5 7 2 3 2 2   174.0  150.0
452 2781.124280 3.155E-90 7.639E-08.01490.01528790.5210-.280.015063             10              9                    S  9q     352222 5 7 2 3 2 2   138.0  114.0
452 2781.290218 2.494E-51 1.080E-05.01690.01711137.9972-.010.005604              4              3                    P  4      352222 6 6 2 3 2 2    42.0   54.0
452 2786.899979 1.557E-70 9.207E-08.03150.03219185.24610.160.012844              7              6                    S  0q     352222 5 7 2 3 2 2    30.0    6.0
452 2787.119911 5.782E-95 1.732E-08.02320.02330666.0857-.110.021356             12             10                    P  9      352222 6 6 2 3 2 2   102.0  114.0
452 2787.644611 9.954E-57 2.573E-05.02320.02313698.90400.140.001940              5              4                    P  2      352222 6 6 2 3 2 2    18.0   30.0
452 2789.007931 6.855E-83 1.076E-08.02730.02724793.05910.000.012776              9              8                    S  4q     352222 5 7 2 3 2 2    78.0   54.0
452 2792.347401 8.093E-65 7.411E-08.00490.00516779.0334-.280.011308              4              3                    Q 13m     382220 4 4 2 3 2 2   162.0  162.0
452 2792.347401 1.311E-64 1.201E-07.00540.00516779.0334-.250.010749              4              3                    Q 13q     382222 5 7 2 3 2 2   162.0  162.0
452 2792.690082 6.151E-92 1.591E-07.01490.01529782.8379-.280.015063             10              9                    S 11q     352222 5 7 2 3 2 2   162.0  138.0
452 2792.958160 4.982E-91 1.153E-07.01490.01529270.3194-.280.015063             10              9                    S 10q     352222 5 7 2 3 2 2   150.0  126.0
452 2796.112189 1.688E-91 3.690E-06.01320.01330297.0439-.150.020976              8              6                    P 20      352222 6 6 2 3 2 2   234.0  246.0
452 2799.270851 7.632E-92 2.336E-06.01600.01630304.9278-.160.022611             10              8                    P 15      352222 6 6 2 3 2 2   174.0  186.0
452 2801.762381 8.255E-84 1.900E-08.01170.01225522.5073-.170.018244              7              5                    O 17q     352222 5 7 2 3 2 2   186.0  210.0
452 2804.052519 2.702E-91 1.480E-04.00680.00731021.6703-.280.013606              5              4                    R 25      352222 6 6 2 3 2 2   318.0  306.0
452 2804.348060 1.048E-93 1.321E-04.00570.00632162.6343-.220.012869              4              3                    R 28      352222 6 6 2 3 2 2   354.0  342.0
452 2804.680900 7.015E-67 5.586E-08.00330.00317800.9804-.310.009466              1              0                    Q 22m     382220 4 4 2 3 2 2   270.0  270.0
452 2804.680900 4.746E-67 3.779E-08.00350.00317800.9804-.280.009430              1              0                    Q 22q     382222 5 7 2 3 2 2   270.0  270.0
452 2809.761538 8.862E-64 3.566E-08.00850.00816038.3853-.310.010802              5              4                    Q  8m     382220 4 4 2 3 2 2   102.0  102.0
452 2809.761538 3.638E-63 1.464E-07.00960.01016038.3853-.260.010589              5              4                    Q  8q     382222 5 7 2 3 2 2   102.0  102.0
452 2810.626830 7.460E-41 1.987E-06.00660.007 5950.2830-.320.008164              2              1                    P  7      452222 6 6 2 3 2 2    78.0   90.0
452 2816.795211 1.549E-64 8.564E-08.00420.00416712.8762-.290.010773              3              2                    Q 16m     382220 4 4 2 3 2 2   198.0  198.0
452 2816.795211 1.823E-64 1.008E-07.00460.00516712.8762-.270.010703              3              2                    Q 16q     382222 5 7 2 3 2 2   198.0  198.0
452 2819.945110 3.106E-65 8.193E-08.00370.00417068.2987-.290.010320              2              1                    Q 19m     382220 4 4 2 3 2 2   234.0  234.0
452 2819.945110 2.743E-65 7.236E-08.00400.00417068.2987-.280.010272              2              1                    Q 19q     382222 5 7 2 3 2 2   234.0  234.0
452 2820.0599805.961E-101 1.506E-07.05910.05933585.30780.380.015836             17             13                    P  2      352222 6 6 2 3 2 2    18.0   30.0
452 2820.338159 2.194E-92 9.449E-07.01770.01830324.3701-.190.023567             11              9                    P 12      352222 6 6 2 3 2 2   138.0  150.0
452 2820.913040 2.558E-76 6.580E-08.03300.03321972.14610.150.014454              8              7                    S  2q     352222 5 7 2 3 2 2    54.0   30.0
452 2820.992201 9.001E-96 4.587E-05.02330.02332727.4384-.210.023050             13             11                    R 10      352222 6 6 2 3 2 2   138.0  126.0
452 2823.139690 2.720E-68 6.360E-05.02480.02519583.62610.060.010371              7              6                    R  3      352222 6 6 2 3 2 2    54.0   42.0
452 2824.110649 1.283E-32 1.063E-07.01020.010 1317.3118-.140.005356              1              0                    O  5q     452222 5 7 2 3 2 2    42.0   66.0
452 2826.585050 1.519E-84 1.611E-04.00750.00727764.4312-.420.011399              7              6                    R 17      352222 6 6 2 3 2 2   222.0  210.0
452 2827.301710 3.783E-78 9.394E-11.00870.00921812.0164-.110.017320              3              1                    O 23q     352222 5 7 2 3 2 2   258.0  282.0
452 2831.787409 2.017E-80 3.184E-09.01070.01123582.0622-.080.018770              5              3                    O 20q     352222 5 7 2 3 2 2   222.0  246.0
452 2835.591031 7.627E-63 1.304E-07.00540.00515937.8726-.250.010749              4              3                    Q 12q     382222 5 7 2 3 2 2   150.0  150.0
452 2835.591031 3.732E-63 6.380E-08.00490.00515937.8726-.280.011308              4              3                    Q 12m     382220 4 4 2 3 2 2   150.0  150.0
452 2836.042630 1.937E-62 2.821E-05.02530.02516416.03270.070.008079              6              5                    R  0      352222 6 6 2 3 2 2    18.0    6.0
452 2837.868009 4.477E-91 3.595E-06.01200.01230104.9966-.140.019448              7              5                    P 22      352222 6 6 2 3 2 2   258.0  270.0
452 2838.034311 8.686E-63 2.780E-08.01010.01015487.7747-.260.010285              5              4                    Q  7m     382220 4 4 2 3 2 2    90.0   90.0
452 2838.034311 4.840E-62 1.549E-07.01150.01115487.7747-.220.009455              5              4                    Q  7q     382222 5 7 2 3 2 2    90.0   90.0
452 2841.282121 4.193E-90 1.625E-07.02280.02328790.5210-.140.019615             11              9                    O  9q     352222 5 7 2 3 2 2    90.0  114.0
452 2844.700079 6.830E-85 4.010E-08.01290.01326154.1592-.180.017823              8              6                    O 15q     352222 5 7 2 3 2 2   162.0  186.0
452 2847.121791 1.946E-45 6.709E-06.01180.012 8290.8754-.150.007086              3              2                    P  5      352222 6 6 2 3 2 2    54.0   66.0
452 2849.350790 1.970E-87 1.623E-04.00650.00729170.4969-.420.011779              6              5                    R 21      352222 6 6 2 3 2 2   270.0  258.0
452 2851.809471 1.920E-93 3.437E-06.04420.04430841.84440.230.010760             13             11                    P  4      352222 6 6 2 3 2 2    42.0   54.0
452 2854.049110 4.021E-39 2.229E-07.01440.014 4477.0282-.020.002827              2              1                    O  4q     452222 5 7 2 3 2 2    30.0   54.0
452 2860.749429 3.356E-35 7.337E-07.00450.004 3089.5336-.300.007715              1              0                    P  8      452222 6 6 2 3 2 2    90.0  102.0
452 2862.989719 4.701E-61 1.631E-07.01370.01414997.5508-.170.009392              5              4                    Q  6q     382222 5 7 2 3 2 2    78.0   78.0
452 2862.989719 6.024E-62 2.090E-08.01200.01214997.5508-.210.009694              5              4                    Q  6m     382220 4 4 2 3 2 2    78.0   78.0
452 2863.433469 4.677E-84 2.700E-09.02290.02325079.6938-.100.012308              9              8                    S  5q     352222 5 7 2 3 2 2    90.0   66.0
452 2864.956129 1.317E-56 5.257E-05.02190.02213551.07670.020.003119              5              4                    P  1      352222 6 6 2 3 2 2     6.0   18.0
452 2866.007490 6.552E-91 3.156E-06.01110.01130014.1186-.130.019744              6              4                    P 24      352222 6 6 2 3 2 2   282.0  294.0
452 2866.497699 1.073E-68 7.571E-05.02060.02119845.8043-.050.010177              7              6                    R  4      352222 6 6 2 3 2 2    66.0   54.0
452 2866.843091 1.155E-50 1.681E-05.01980.02010832.06090.090.003797              4              3                    P  3      352222 6 6 2 3 2 2    30.0   42.0
452 2867.629238 2.664E-64 5.131E-08.00330.00316543.0836-.310.009466              1              0                    Q 21m     382220 4 4 2 3 2 2   258.0  258.0
452 2867.629238 2.191E-64 4.221E-08.00350.00316543.0836-.280.009430              1              0                    Q 21q     382222 5 7 2 3 2 2   258.0  258.0
452 2867.636660 1.620E-62 7.593E-08.00420.00415711.2781-.290.010773              3              2                    Q 15m     382220 4 4 2 3 2 2   186.0  186.0
452 2867.636660 2.358E-62 1.105E-07.00460.00515711.2781-.270.010703              3              2                    Q 15q     382222 5 7 2 3 2 2   186.0  186.0
452 2870.378981 2.632E-86 7.366E-08.01440.01426912.4590-.180.019200              9              7                    O 13q     352222 5 7 2 3 2 2   138.0  162.0
452 2871.743261 7.400E-83 1.627E-04.00750.00726948.9774-.420.011399              7              6                    R 16      352222 6 6 2 3 2 2   210.0  198.0
452 2871.950471 1.119E-45 3.603E-07.01790.018 7573.55240.030.000292              3              2                    O  3q     352222 5 7 2 3 2 2    18.0   42.0
452 2872.232109 4.797E-88 1.180E-07.01600.01627793.8536-.180.018840             10              8                    O 11q     352222 5 7 2 3 2 2   114.0  138.0
452 2875.835449 1.253E-99 9.460E-08.04290.04333156.71940.050.028057             15             12                    P  7      352222 6 6 2 3 2 2    78.0   90.0
452 2876.047519 3.532E-61 1.405E-07.00540.00515141.2673-.250.010749              4              3                    Q 11q     382222 5 7 2 3 2 2   138.0  138.0
452 2876.047519 1.362E-61 5.418E-08.00490.00515141.2673-.280.011308              4              3                    Q 11m     382220 4 4 2 3 2 2   138.0  138.0
452 2876.204701 2.928E-52 6.966E-07.02060.02110600.68410.000.000008              4              3                    O  2q     352222 5 7 2 3 2 2     6.0   30.0
452 2877.350040 7.074E-63 8.013E-08.00400.00415927.8227-.280.010272              2              1                    Q 18q     382222 5 7 2 3 2 2   222.0  222.0
452 2877.350040 6.545E-63 7.414E-08.00370.00415927.8227-.290.010320              2              1                    Q 18m     382220 4 4 2 3 2 2   222.0  222.0
452 2881.413181 1.149E-90 3.111E-06.01460.01529820.7206-.180.021737              9              7                    P 17      352222 6 6 2 3 2 2   198.0  210.0
452 2882.915500 5.317E-91 2.488E-06.01150.01230022.5837-.070.020600              5              3                    P 26      352222 6 6 2 3 2 2   306.0  318.0
452 2883.877029 5.255E-93 3.581E-07.00860.00930616.8946-.080.018182              2              0                    P 32      352222 6 6 2 3 2 2   378.0  390.0
452 2884.546799 3.267E-60 1.709E-07.01690.01714570.8851-.090.008556              5              4                    Q  5q     382222 5 7 2 3 2 2    66.0   66.0
452 2884.546799 2.858E-61 1.495E-08.01470.01514570.8851-.140.008921              5              4                    Q  5m     382220 4 4 2 3 2 2    66.0   66.0
452 2889.299980 7.307E-79 1.504E-14.00790.00820352.6387-.110.016749              2              0                    O 24q     352222 5 7 2 3 2 2   270.0  294.0
452 2889.9198491.034E-100 5.768E-07.05180.05233512.21950.320.018133             17             13                    P  1      352222 6 6 2 3 2 2     6.0   18.0
452 2890.391679 5.418E-92 9.678E-07.00940.00930327.0355-.060.018867              3              1                    P 30      352222 6 6 2 3 2 2   354.0  366.0
452 2890.515511 2.360E-91 1.718E-06.01030.01030127.8714-.090.019664              4              2                    P 28      352222 6 6 2 3 2 2   330.0  342.0
452 2890.783290 3.075E-94 1.161E-04.00500.00532389.2273-.240.012249              3              2                    R 30      352222 6 6 2 3 2 2   378.0  366.0
452 2891.380530 3.451E-89 1.559E-04.00680.00730014.1186-.280.013606              5              4                    R 24      352222 6 6 2 3 2 2   306.0  294.0
452 2897.046900 8.264E-92 2.296E-07.03630.03629556.40850.080.012377             12             10                    O  6q     352222 5 7 2 3 2 2    54.0   78.0
452 2897.100050 6.816E-94 3.467E-08.02590.02630259.6190-.080.019942             12             10                    P  8      352222 6 6 2 3 2 2    90.0  102.0
452 2897.990359 2.248E-96 5.599E-05.02100.02133104.1989-.220.022670             12             10                    R 14      352222 6 6 2 3 2 2   186.0  174.0
452 2898.148739 5.469E-81 9.898E-09.01060.01124050.8288-.160.017846              6              4                    O 18q     352222 5 7 2 3 2 2   198.0  222.0
452 2898.663551 3.277E-62 4.214E-05.02720.02716486.54850.180.010186              6              5                    R  1      352222 6 6 2 3 2 2    30.0   18.0
452 2902.632100 8.880E-61 9.979E-09.01830.01814210.6352-.040.007473              5              4                    Q  4m     382220 4 4 2 3 2 2    54.0   54.0
452 2902.632100 1.592E-59 1.789E-07.02090.02114210.63520.000.007540              5              4                    Q  4q     382222 5 7 2 3 2 2    54.0   54.0
452 2903.914431 2.969E-69 8.784E-05.01690.01720169.7853-.160.010235              7              6                    R  5      352222 6 6 2 3 2 2    78.0   66.0
452 2903.939651 1.782E-91 1.401E-04.00570.00631096.6369-.220.012869              4              3                    R 27      352222 6 6 2 3 2 2   342.0  330.0
452 2906.501861 1.709E-39 3.676E-06.00810.008 5384.3736-.280.007840              2              1                    P  6      452222 6 6 2 3 2 2    66.0   78.0
452 2907.332002 1.771E-70 1.127E-07.03160.03219252.07530.170.014724              7              6                    S  1q     352222 5 7 2 3 2 2    42.0   18.0
452 2907.991281 7.443E-78 9.180E-10.00960.01022110.0696-.120.017983              4              2                    O 21q     352222 5 7 2 3 2 2   234.0  258.0
452 2909.685150 3.238E-81 1.627E-04.00750.00726154.1592-.420.011399              7              6                    R 15      352222 6 6 2 3 2 2   198.0  186.0
452 2913.614811 3.841E-60 4.528E-08.00530.00514393.2406-.280.011039              4              3                    Q 10m     382220 4 4 2 3 2 2   126.0  126.0
452 2913.614811 1.276E-59 1.504E-07.00610.00614393.2406-.320.010926              4              3                    Q 10q     382222 5 7 2 3 2 2   126.0  126.0
452 2916.072739 2.551E-60 1.204E-07.00460.00514744.6441-.270.010703              3              2                    Q 14q     382222 5 7 2 3 2 2   174.0  174.0
452 2916.072739 1.413E-60 6.670E-08.00420.00414744.6441-.290.010773              3              2                    Q 14m     382220 4 4 2 3 2 2   174.0  174.0
452 2916.085040 1.700E-85 1.678E-04.00650.00728241.4383-.420.011779              6              5                    R 20      352222 6 6 2 3 2 2   258.0  246.0
452 2917.181489 5.323E-59 1.885E-07.02550.02513919.28740.110.006403              5              4                    Q  3q     382222 5 7 2 3 2 2    42.0   42.0
452 2917.181489 1.692E-60 5.993E-09.02260.02313919.28740.080.006459              5              4                    Q  3m     382220 4 4 2 3 2 2    42.0   42.0
452 2918.504741 5.253E-95 4.629E-05.02510.02532333.6997-.190.022253             13             11                    R  9      352222 6 6 2 3 2 2   126.0  114.0
452 2920.286660 9.558E-77 5.357E-08.02850.02922159.40720.060.013111              8              7                    S  3q     352222 5 7 2 3 2 2    66.0   42.0
452 2925.843641 5.279E-93 5.738E-06.04640.04630659.46390.310.007155             13             11                    P  3      352222 6 6 2 3 2 2    30.0   42.0
452 2928.141771 1.752E-60 2.998E-09.02640.02613698.90400.180.005759              5              4                    Q  2m     382220 4 4 2 3 2 2    30.0   30.0
452 2928.141771 1.204E-58 2.059E-07.02910.02913698.90400.210.005404              5              4                    Q  2q     382222 5 7 2 3 2 2    30.0   30.0
452 2928.498351 2.328E-86 6.440E-11.01920.01925418.5001-.210.012246              9              8                    S  6q     352222 5 7 2 3 2 2   102.0   78.0
452 2928.915220 9.275E-62 4.679E-08.00350.00315301.5359-.280.009430              1              0                    Q 20q     382222 5 7 2 3 2 2   246.0  246.0
452 2928.915220 9.294E-62 4.689E-08.00330.00315301.5359-.310.009466              1              0                    Q 20m     382220 4 4 2 3 2 2   246.0  246.0
452 2929.9510901.134E-100 1.812E-07.05850.05933475.41670.320.022512             17             13                    R  0      352222 6 6 2 3 2 2    18.0    6.0
452 2932.731720 1.210E-60 6.663E-08.00370.00414812.7331-.290.010320              2              1                    Q 17m     382220 4 4 2 3 2 2   210.0  210.0
452 2932.731720 1.600E-60 8.807E-08.00400.00414812.7331-.280.010272              2              1                    Q 17q     382222 5 7 2 3 2 2   210.0  210.0
452 2934.324519 1.342E-90 1.925E-06.01600.01629641.2034-.160.022611             10              8                    P 14      352222 6 6 2 3 2 2   162.0  174.0
452 2935.090268 5.908E-70 9.978E-05.01410.01420553.2040-.210.009851              7              6                    R  6      352222 6 6 2 3 2 2    90.0   78.0
452 2935.471899 7.156E-61 9.999E-10.02790.02813551.07670.170.004681              5              4                    Q  1m     382220 4 4 2 3 2 2    18.0   18.0
452 2935.471899 2.090E-58 2.921E-07.02470.02513551.07670.140.005034              5              4                    Q  1q     382222 5 7 2 3 2 2    18.0   18.0
452 2937.848540 1.568E-44 1.076E-05.01480.015 7894.2124-.040.005823              3              2                    P  4      352222 6 6 2 3 2 2    42.0   54.0
452 2940.503410 1.248E-79 1.613E-04.00750.00725383.7662-.420.011399              7              6                    R 14      352222 6 6 2 3 2 2   186.0  174.0
452 2941.722010 6.268E-99 2.891E-07.02680.02733144.7085-.140.034623             14             11                    P 11      352222 6 6 2 3 2 2   126.0  138.0
452 2942.171801 8.686E-90 3.475E-06.01320.01329442.2049-.150.020976              8              6                    P 19      352222 6 6 2 3 2 2   222.0  234.0
452 2944.600221 1.505E-91 5.565E-07.01770.01829782.8379-.190.023567             11              9                    P 11      352222 6 6 2 3 2 2   126.0  138.0
452 2948.188460 3.523E-58 1.599E-07.00690.00713697.7662-.320.010611              4              3                    Q  9q     382222 5 7 2 3 2 2   114.0  114.0
452 2948.188460 8.179E-59 3.713E-08.00620.00613697.7662-.350.010741              4              3                    Q  9m     382220 4 4 2 3 2 2   114.0  114.0
452 2950.392591 3.163E-50 2.640E-05.02060.02110600.68410.090.002290              4              3                    P  2      352222 6 6 2 3 2 2    18.0   30.0
452 2954.850549 6.228E-82 2.465E-08.01170.01224651.0081-.170.018244              7              5                    O 16q     352222 5 7 2 3 2 2   174.0  198.0
452 2956.580579 2.901E-62 5.487E-05.02570.02616627.04560.130.010435              6              5                    R  2      352222 6 6 2 3 2 2    42.0   30.0
452 2959.781840 8.642E-71 1.112E-04.01170.01220993.3413-.290.010836              7              6                    R  7      352222 6 6 2 3 2 2   102.0   90.0
452 2960.479800 1.403E-33 1.491E-06.00570.006 2423.8938-.340.008018              1              0                    P  7      452222 6 6 2 3 2 2    78.0   90.0
452 2962.001549 1.007E-58 5.799E-08.00420.00413817.0319-.290.010773              3              2                    Q 13m     382220 4 4 2 3 2 2   162.0  162.0
452 2962.001549 2.261E-58 1.302E-07.00460.00513817.0319-.270.010703              3              2                    Q 13q     382222 5 7 2 3 2 2   162.0  162.0
452 2964.250111 4.159E-78 1.583E-04.00750.00724641.6085-.420.011399              7              6                    R 13      352222 6 6 2 3 2 2   174.0  162.0
452 2968.947911 5.251E-95 8.973E-05.00450.00432701.5830-.240.011720              2              1                    R 32      352222 6 6 2 3 2 2   402.0  390.0
452 2969.179321 1.321E-64 1.265E-07.02860.02916416.03270.130.012412              6              5                    S  0q     352222 5 7 2 3 2 2    30.0    6.0
452 2971.205200 4.431E-87 1.630E-04.00680.00729004.9115-.280.013606              5              4                    R 23      352222 6 6 2 3 2 2   294.0  282.0
452 2975.678741 1.398E-83 1.721E-04.00650.00727321.3652-.420.011779              6              5                    R 19      352222 6 6 2 3 2 2   246.0  234.0
452 2976.401041 1.489E-75 1.221E-10.00870.00920605.6613-.110.017320              3              1                    O 22q     352222 5 7 2 3 2 2   246.0  270.0
452 2977.800029 9.489E-72 1.220E-04.00980.01021487.1771-.350.011181              7              6                    R  8      352222 6 6 2 3 2 2   114.0  102.0
452 2979.664162 7.284E-57 1.690E-07.00810.00813058.7212-.290.010224              4              3                    Q  8q     382222 5 7 2 3 2 2   102.0  102.0
452 2979.664162 1.282E-57 2.976E-08.00720.00713058.7212-.320.010377              4              3                    Q  8m     382220 4 4 2 3 2 2   102.0  102.0
452 2980.953110 1.174E-76 1.538E-04.00750.00723931.5059-.420.011399              7              6                    R 12      352222 6 6 2 3 2 2   162.0  150.0
452 2983.469341 3.592E-89 2.050E-07.02540.02528346.9984-.090.018063             11              9                    O  8q     352222 5 7 2 3 2 2    78.0  102.0
452 2983.568829 3.544E-78 4.123E-09.01070.01122538.9385-.080.018770              5              3                    O 19q     352222 5 7 2 3 2 2   210.0  234.0
452 2983.666751 3.284E-85 5.572E-09.01630.01625806.8543-.280.011975              9              8                    S  7q     352222 5 7 2 3 2 2   114.0   90.0
452 2985.630049 3.447E-89 3.421E-06.01200.01229170.4969-.140.019448              7              5                    P 21      352222 6 6 2 3 2 2   246.0  258.0
452 2985.999501 1.925E-58 5.945E-08.00370.00413726.8767-.290.010320              2              1                    Q 16m     382220 4 4 2 3 2 2   198.0  198.0
452 2985.999501 3.113E-58 9.615E-08.00400.00413726.8767-.280.010272              2              1                    Q 16q     382222 5 7 2 3 2 2   198.0  198.0
452 2988.467548 2.927E-59 4.261E-08.00330.00314079.8311-.310.009466              1              0                    Q 19m     382220 4 4 2 3 2 2   234.0  234.0
452 2988.467548 3.539E-59 5.151E-08.00350.00314079.8311-.280.009430              1              0                    Q 19q     382222 5 7 2 3 2 2   234.0  234.0
452 2989.005621 7.980E-73 1.318E-04.00840.00822031.4438-.400.011555              7              6                    R  9      352222 6 6 2 3 2 2   126.0  114.0
452 2990.630361 2.750E-75 1.478E-04.00750.00723257.2697-.420.011399              7              6                    R 11      352222 6 6 2 3 2 2   150.0  138.0
452 2991.224029 9.809E-93 9.475E-06.04410.04430520.99510.330.005474             13             11                    P  2      352222 6 6 2 3 2 2    18.0   30.0
452 2993.302690 5.246E-74 1.404E-04.00750.00722622.6780-.420.011399              7              6                    R 10      352222 6 6 2 3 2 2   138.0  126.0
452 2993.757501 6.964E-92 1.227E-04.00500.00531263.9704-.240.012249              3              2                    R 29      352222 6 6 2 3 2 2   366.0  354.0
452 2994.7194203.060E-101 3.260E-10.01600.01633018.3868-.070.026900              7              4                    O 27q     352222 5 7 2 3 2 2   306.0  330.0
452 2995.803210 3.146E-89 1.475E-04.00570.00630022.5837-.220.012869              4              3                    R 26      352222 6 6 2 3 2 2   330.0  318.0
452 2996.8954592.078E-101 5.408E-10.01750.01833217.42710.050.028301              6              3                    O 29q     352222 5 7 2 3 2 2   330.0  354.0
452 2998.030611 3.125E-83 5.203E-08.01290.01325383.7662-.180.017823              8              6                    O 14q     352222 5 7 2 3 2 2   150.0  174.0
452 2998.572829 2.618E-94 4.535E-05.02760.02831967.3047-.130.021534             13             11                    R  8      352222 6 6 2 3 2 2   114.0  102.0
452 3000.594621 3.048E-92 3.163E-07.02880.02929888.6645-.020.019211             12             10                    P  7      352222 6 6 2 3 2 2    78.0   90.0
452 3001.963342 2.409E-38 6.176E-06.01020.010 4892.2491-.180.006549              2              1                    P  5      452222 6 6 2 3 2 2    54.0   66.0
452 3004.517022 8.861E-32 1.410E-07.01250.012  883.1623-.050.003314              1              0                    O  4q     452222 5 7 2 3 2 2    30.0   54.0
452 3005.313519 5.733E-57 4.984E-08.00420.00412932.5591-.290.010773              3              2                    Q 12m     382220 4 4 2 3 2 2   150.0  150.0
452 3005.313519 1.609E-56 1.399E-07.00460.00512932.5591-.270.010703              3              2                    Q 12q     382222 5 7 2 3 2 2   150.0  150.0
452 3007.221229 9.391E-97 6.285E-05.01900.01933328.7389-.200.022330             11              9                    R 17      352222 6 6 2 3 2 2   222.0  210.0
452 3007.940130 1.105E-55 1.777E-07.00960.01012479.8346-.250.009168              4              3                    Q  7q     382222 5 7 2 3 2 2    90.0   90.0
452 3007.940130 1.442E-56 2.318E-08.00860.00912479.8346-.300.009352              4              3                    Q  7m     382220 4 4 2 3 2 2    90.0   90.0
452 3009.335658 1.604E-62 6.765E-05.02200.02216836.46880.020.010104              6              5                    R  3      352222 6 6 2 3 2 2    54.0   42.0
452 3009.659789 2.880E-56 2.949E-05.02350.02313476.88880.060.006982              5              4                    R  0      352222 6 6 2 3 2 2    18.0    6.0
452 3011.734321 2.222E-77 3.731E-08.02380.02422406.7658-.040.012318              8              7                    S  4q     352222 5 7 2 3 2 2    78.0   54.0
452 3014.936100 7.329E-89 3.022E-06.01110.01129004.9115-.130.019744              6              4                    P 23      352222 6 6 2 3 2 2   270.0  282.0
452 3020.256971 3.387E-89 2.709E-06.01460.01529063.8443-.180.021737              9              7                    P 16      352222 6 6 2 3 2 2   186.0  198.0
452 3020.828179 7.375E-87 1.511E-07.01790.01827238.7909-.180.019885             10              8                    O 10q     352222 5 7 2 3 2 2   102.0  126.0
452 3021.553881 1.105E-70 1.128E-07.02940.02919385.21190.120.013871              7              6                    S  2q     352222 5 7 2 3 2 2    54.0   30.0
452 3022.413179 1.158E-98 3.109E-07.04650.04732889.25940.100.025232             15             12                    P  6      352222 6 6 2 3 2 2    66.0   78.0
452 3022.419470 7.080E-85 9.515E-08.01440.01426247.9000-.180.019200              9              7                    O 12q     352222 5 7 2 3 2 2   126.0  150.0
452 3023.810959 1.291E-92 3.822E-07.01270.01330304.9278-.320.014529              9              8                    S 15q     352222 5 7 2 3 2 2   210.0  186.0
452 3024.412469 2.976E-91 2.821E-07.04080.04129265.76420.170.007858             12             10                    O  5q     352222 5 7 2 3 2 2    42.0   66.0
452 3027.047929 1.531E-38 3.113E-07.01570.016 4141.4224-.010.001004              2              1                    O  3q     452222 5 7 2 3 2 2    18.0   42.0
452 3027.131800 7.742E-44 1.661E-05.01730.017 7573.55240.040.004176              3              2                    P  3      352222 6 6 2 3 2 2    30.0   42.0
452 3028.355410 1.076E-81 1.752E-04.00650.00726413.8496-.420.011779              6              5                    R 18      352222 6 6 2 3 2 2   234.0  222.0
452 3028.484129 1.631E-85 2.137E-08.01410.01426241.8354-.330.012764              9              8                    S  8q     352222 5 7 2 3 2 2   126.0  102.0
452 3031.386020 4.329E-50 5.381E-05.02000.02010445.5028-.020.003206              4              3                    P  1      352222 6 6 2 3 2 2     6.0   18.0
452 3032.562470 8.407E-89 2.390E-06.01150.01228943.5543-.070.020600              5              3                    P 25      352222 6 6 2 3 2 2   294.0  306.0
452 3032.919481 1.206E-54 1.859E-07.01150.01211964.6313-.210.008621              4              3                    Q  6q     382222 5 7 2 3 2 2    78.0   78.0
452 3032.919481 1.129E-55 1.740E-08.01030.01011964.6313-.240.008840              4              3                    Q  6m     382220 4 4 2 3 2 2    78.0   78.0
452 3033.449621 2.030E-90 3.440E-07.00860.00929355.7778-.080.018182              2              0                    P 31      352222 6 6 2 3 2 2   366.0  378.0
452 3036.553111 2.102E-45 6.982E-07.01830.018 7331.0772-.040.000396              3              2                    O  2q     452222 5 7 2 3 2 2     6.0   30.0
452 3037.050759 5.112E-56 1.043E-07.00400.00412674.2273-.280.010272              2              1                    Q 15q     382222 5 7 2 3 2 2   186.0  186.0
452 3037.050759 2.580E-56 5.261E-08.00370.00412674.2273-.290.010320              2              1                    Q 15m     382220 4 4 2 3 2 2   186.0  186.0
452 3038.178209 2.117E-77 9.975E-16.00790.00819071.8914-.110.016749              2              0                    O 23q     352222 5 7 2 3 2 2   258.0  282.0
452 3039.966159 4.465E-96 5.161E-05.00400.00433097.1057-.240.011261              1              0                    R 34      352222 6 6 2 3 2 2   426.0  414.0
452 3040.335041 1.589E-89 9.309E-07.00940.00929122.2994-.060.018867              3              1                    P 29      352222 6 6 2 3 2 2   342.0  354.0
452 3040.489361 5.143E-89 1.652E-06.01030.01028983.7413-.090.019664              4              2                    P 27      352222 6 6 2 3 2 2   318.0  330.0
452 3040.809119 2.071E-98 1.589E-06.02310.02333328.7389-.120.032488             12              9                    P 17      352222 6 6 2 3 2 2   198.0  210.0
452 3042.473420 3.157E-98 9.949E-07.02480.02533104.1989-.130.033495             13             10                    P 14      352222 6 6 2 3 2 2   162.0  174.0
452 3044.036491 5.627E-85 1.691E-04.00680.00727997.3589-.280.013606              5              4                    R 22      352222 6 6 2 3 2 2   282.0  270.0
452 3045.893730 9.003E-55 1.493E-07.00460.00512095.3736-.270.010703              3              2                    Q 11q     382222 5 7 2 3 2 2   138.0  138.0
452 3045.893730 2.547E-55 4.225E-08.00420.00412095.3736-.290.010773              3              2                    Q 11m     382220 4 4 2 3 2 2   138.0  138.0
452 3046.199911 8.168E-57 3.848E-08.00330.00312881.6229-.310.009466              1              0                    Q 18m     382220 4 4 2 3 2 2   222.0  222.0
452 3046.199911 1.196E-56 5.635E-08.00350.00312881.6229-.280.009430              1              0                    Q 18q     382222 5 7 2 3 2 2   222.0  222.0
452 3046.473030 2.685E-95 6.048E-05.02100.02132575.5282-.220.022670             12             10                    R 13      352222 6 6 2 3 2 2   174.0  162.0
452 3047.545099 1.046E-92 2.000E-05.03930.03930427.87130.260.008107             13             11                    P  1      352222 6 6 2 3 2 2     6.0   18.0
452 3051.738209 6.059E-79 1.288E-08.01060.01123102.4211-.160.017846              6              4                    O 17q     352222 5 7 2 3 2 2   186.0  210.0
452 3054.512379 9.270E-54 1.938E-07.01430.01411516.3728-.140.008519              4              3                    Q  5q     382222 5 7 2 3 2 2    66.0   66.0
452 3054.512379 5.949E-55 1.244E-08.01280.01311516.3728-.170.008792              4              3                    Q  5m     382220 4 4 2 3 2 2    66.0   66.0
452 3056.518170 5.897E-63 8.062E-05.01810.01817113.2672-.090.009210              6              5                    R  4      352222 6 6 2 3 2 2    66.0   54.0
452 3059.784079 1.931E-75 1.207E-09.00960.01020991.0448-.120.017983              4              2                    O 20q     352222 5 7 2 3 2 2   222.0  246.0
452 3060.287701 3.513E-32 2.654E-06.00690.007 1831.9614-.300.007762              1              0                    P  6      452222 6 6 2 3 2 2    66.0   78.0
452 3060.930349 2.531E-91 3.232E-07.01270.01329641.2034-.320.014529              9              8                    S 14q     352222 5 7 2 3 2 2   198.0  174.0
452 3062.564059 1.094E-93 4.327E-05.03070.03131631.8033-.070.020891             13             11                    R  7      352222 6 6 2 3 2 2   102.0   90.0
452 3062.565490 3.893E-86 4.873E-08.01270.01326720.2725-.320.014529              9              8                    S  9q     352222 5 7 2 3 2 2   138.0  114.0
452 3063.380040 5.814E-91 2.130E-07.01900.01929270.3194-.150.022724             11              9                    P 10      352222 6 6 2 3 2 2   114.0  126.0
452 3064.418338 1.909E-89 1.421E-06.01600.01628998.8592-.160.022611             10              8                    P 13      352222 6 6 2 3 2 2   150.0  162.0
452 3072.638061 2.019E-54 8.296E-09.01600.01611137.9972-.070.007965              4              3                    Q  4m     382220 4 4 2 3 2 2    54.0   54.0
452 3072.638061 4.915E-53 2.020E-07.01790.01811137.9972-.040.007628              4              3                    Q  4q     382222 5 7 2 3 2 2    54.0   54.0
452 3074.248099 7.621E-80 1.770E-04.00650.00725522.5073-.420.011779              6              5                    R 17      352222 6 6 2 3 2 2   222.0  210.0
452 3074.635270 1.552E-92 9.440E-05.00450.00431520.9739-.240.011720              2              1                    R 31      352222 6 6 2 3 2 2   390.0  378.0
452 3075.969059 4.785E-56 4.404E-05.02510.02513551.07670.170.009365              5              4                    R  1      352222 6 6 2 3 2 2    30.0   18.0
452 3080.676449 5.685E-87 1.542E-04.00570.00628943.5543-.220.012869              4              3                    R 25      352222 6 6 2 3 2 2   318.0  306.0
452 3083.624299 3.880E-53 1.585E-07.00500.00511309.6164-.280.010474              3              2                    Q 10q     382222 5 7 2 3 2 2   126.0  126.0
452 3083.624299 8.632E-54 3.526E-08.00460.00511309.6164-.300.010553              3              2                    Q 10m     382220 4 4 2 3 2 2   126.0  126.0
452 3083.839090 4.088E-88 3.118E-06.01320.01328596.7553-.150.020976              8              6                    P 18      352222 6 6 2 3 2 2   210.0  222.0
452 3085.242041 4.262E-90 2.594E-07.01270.01328998.8592-.320.014529              9              8                    S 13q     352222 5 7 2 3 2 2   186.0  162.0
452 3085.579211 6.045E-87 8.785E-08.01270.01327238.7909-.320.014529              9              8                    S 10q     352222 5 7 2 3 2 2   150.0  126.0
452 3085.772852 6.947E-54 1.124E-07.00400.00411658.8713-.280.010272              2              1                    Q 14q     382222 5 7 2 3 2 2   174.0  174.0
452 3085.772852 2.852E-54 4.615E-08.00370.00411658.8713-.290.010320              2              1                    Q 14m     382220 4 4 2 3 2 2   174.0  174.0
452 3087.226481 1.760E-52 2.122E-07.02210.02210832.06090.060.006588              4              3                    Q  3q     382222 5 7 2 3 2 2    42.0   42.0
452 3087.226481 4.130E-54 4.979E-09.01980.02010832.06090.040.006978              4              3                    Q  3m     382220 4 4 2 3 2 2    42.0   42.0
452 3089.555759 1.662E-89 1.289E-04.00500.00530127.8714-.240.012249              3              2                    R 28      352222 6 6 2 3 2 2   354.0  342.0
452 3094.552329 3.034E-78 2.058E-08.01980.02022712.3020-.150.011907              8              7                    S  5q     352222 5 7 2 3 2 2    90.0   66.0
452 3096.524249 2.092E-37 9.750E-06.01290.013 4477.0282-.080.005520              2              1                    P  4      452222 6 6 2 3 2 2    42.0   54.0
452 3097.077739 1.526E-64 1.600E-07.02840.02816486.54850.140.014133              6              5                    S  1q     352222 5 7 2 3 2 2    42.0   18.0
452 3097.218049 6.002E-89 1.961E-07.01270.01328381.7967-.320.014529              9              8                    S 12q     352222 5 7 2 3 2 2   174.0  150.0
452 3097.226749 6.839E-88 1.377E-07.01270.01327793.8536-.320.014529              9              8                    S 11q     352222 5 7 2 3 2 2   162.0  138.0
452 3097.519241 3.817E-91 9.918E-07.03270.03329556.40850.040.016387             12             10                    P  6      352222 6 6 2 3 2 2    66.0   78.0
452 3097.772209 1.493E-63 9.363E-05.01460.01517455.4318-.190.010079              6              5                    R  5      352222 6 6 2 3 2 2    78.0   66.0
452 3098.219879 4.510E-54 2.490E-09.02320.02310600.68410.130.005534              4              3                    Q  2m     382220 4 4 2 3 2 2    30.0   30.0
452 3098.219879 4.187E-52 2.312E-07.02590.02610600.68410.170.005610              4              3                    Q  2q     382222 5 7 2 3 2 2    30.0   30.0
452 3102.012520 3.515E-54 6.126E-08.00350.00311710.7207-.280.009430              1              0                    Q 17q     382222 5 7 2 3 2 2   210.0  210.0
452 3102.012520 1.981E-54 3.453E-08.00330.00311710.7207-.310.009466              1              0                    Q 17m     382220 4 4 2 3 2 2   210.0  210.0
452 3105.573910 1.909E-54 8.302E-10.02490.02510445.50280.120.005094              4              3                    Q  1m     382220 4 4 2 3 2 2    18.0   18.0
452 3105.573910 7.528E-52 3.274E-07.02270.02310445.50280.110.005084              4              3                    Q  1q     382222 5 7 2 3 2 2    18.0   18.0
452 3109.380300 4.201E-80 3.208E-08.01170.01223803.0787-.170.018244              7              5                    O 15q     352222 5 7 2 3 2 2   162.0  186.0
452 3110.214230 6.957E-83 1.743E-04.00680.00726994.7825-.280.013606              5              4                    R 21      352222 6 6 2 3 2 2   270.0  258.0
452 3111.532169 3.764E-93 4.024E-05.03430.03431330.4678-.020.020325             13             11                    R  6      352222 6 6 2 3 2 2    90.0   78.0
452 3113.423180 4.874E-78 1.775E-04.00650.00724651.0081-.420.011779              6              5                    R 16      352222 6 6 2 3 2 2   210.0  198.0
452 3114.425620 2.226E-43 2.593E-05.01840.018 7331.07720.050.002670              3              2                    P  2      352222 6 6 2 3 2 2    18.0   30.0
452 3118.386741 1.261E-51 1.673E-07.00580.00610579.3795-.340.010218              3              2                    Q  9q     382222 5 7 2 3 2 2   114.0  114.0
452 3118.386741 2.176E-52 2.888E-08.00510.00510579.3795-.290.009770              3              2                    Q  9m     382220 4 4 2 3 2 2   114.0  114.0
452 3123.141670 2.463E-88 2.557E-07.02930.02927943.12720.000.014818             11              9                    O  7q     352222 5 7 2 3 2 2    66.0   90.0
452 3128.225721 5.942E-73 1.699E-10.00870.00919410.7129-.110.017320              3              1                    O 21q     352222 5 7 2 3 2 2   234.0  258.0
452 3128.675899 4.288E-71 1.008E-07.02500.02519583.62610.020.012601              7              6                    S  3q     352222 5 7 2 3 2 2    66.0   42.0
452 3129.374509 2.495E-87 3.127E-06.01200.01228241.4383-.140.019448              7              5                    P 20      352222 6 6 2 3 2 2   234.0  246.0
452 3131.155241 2.161E-92 1.158E-05.04430.04430381.06390.260.014529             13             11                    R  0      352222 6 6 2 3 2 2    18.0    6.0
452 3132.045080 7.652E-52 1.204E-07.00400.00410684.9868-.280.010272              2              1                    Q 13q     382222 5 7 2 3 2 2   162.0  162.0
452 3132.045080 2.545E-52 4.007E-08.00370.00410684.9868-.290.010320              2              1                    Q 13m     382220 4 4 2 3 2 2   162.0  162.0
452 3132.800979 2.673E-64 1.064E-04.01210.01217860.5404-.260.010384              6              5                    R  6      352222 6 6 2 3 2 2    90.0   78.0
452 3136.751089 1.410E-94 6.502E-07.01090.01131370.8127-.330.014066              8              7                    S 19q     352222 5 7 2 3 2 2   258.0  234.0
452 3137.564882 4.085E-56 5.733E-05.02380.02413698.90400.130.009722              5              4                    R  2      352222 6 6 2 3 2 2    42.0   30.0
452 3137.583651 5.809E-76 5.423E-09.01070.01121513.4245-.080.018770              5              3                    O 18q     352222 5 7 2 3 2 2   198.0  222.0
452 3141.590650 2.286E-97 1.575E-05.03930.03933156.7194-.030.029433             15             12                    R  7      352222 6 6 2 3 2 2   102.0   90.0
452 3142.614578 2.015E-98 1.542E-07.02860.02932727.4384-.120.033348             14             11                    P 10      352222 6 6 2 3 2 2   114.0  126.0
452 3145.898750 2.761E-76 1.766E-04.00650.00723803.0787-.420.011779              6              5                    R 15      352222 6 6 2 3 2 2   198.0  186.0
452 3146.332520 1.044E-92 3.646E-05.03830.03831066.26900.050.019834             13             11                    R  5      352222 6 6 2 3 2 2    78.0   66.0
452 3146.670371 8.035E-91 3.484E-07.04390.04429019.33240.260.003463             12             10                    O  4q     352222 5 7 2 3 2 2    30.0   54.0
452 3147.651510 1.692E-93 5.401E-05.00400.00431864.7507-.240.011261              1              0                    R 33      352222 6 6 2 3 2 2   414.0  402.0
452 3150.064399 3.025E-50 1.757E-07.00680.007 9908.6568-.330.009900              3              2                    Q  8q     382222 5 7 2 3 2 2   102.0  102.0
452 3150.064399 3.981E-51 2.313E-08.00620.006 9908.6568-.350.010009              3              2                    Q  8m     382220 4 4 2 3 2 2   102.0  102.0
452 3150.156950 2.353E-58 1.584E-07.02670.02713476.88880.120.011266              5              4                    S  0q     352222 5 7 2 3 2 2    30.0    6.0
452 3150.985640 6.550E-98 7.445E-07.05020.05032653.92800.160.021329             15             12                    P  5      352222 6 6 2 3 2 2    54.0   66.0
452 3152.245111 1.242E-81 6.739E-08.01290.01324641.6085-.180.017823              8              6                    O 13q     352222 5 7 2 3 2 2   138.0  162.0
452 3154.745240 8.541E-88 2.188E-06.01460.01528324.2696-.180.021737              9              7                    P 15      352222 6 6 2 3 2 2   174.0  186.0
452 3155.793699 4.094E-52 3.077E-08.00330.00310571.0830-.310.009466              1              0                    Q 16m     382220 4 4 2 3 2 2   198.0  198.0
452 3155.793699 8.809E-52 6.621E-08.00350.00310571.0830-.280.009430              1              0                    Q 16q     382222 5 7 2 3 2 2   198.0  198.0
452 3157.436199 4.225E-92 1.735E-05.04900.04930427.87130.340.017519             13             11                    R  1      352222 6 6 2 3 2 2    30.0   18.0
452 3159.061230 1.036E-84 1.604E-04.00570.00627862.6091-.220.012869              4              3                    R 24      352222 6 6 2 3 2 2   306.0  294.0
452 3159.716390 5.386E-31 4.345E-06.00880.009 1317.3118-.210.007170              1              0                    P  5      452222 6 6 2 3 2 2    54.0   66.0
452 3160.164379 7.898E-87 2.796E-06.01110.01127997.3589-.130.019744              6              4                    P 22      352222 6 6 2 3 2 2   258.0  270.0
452 3161.368279 3.459E-65 1.188E-04.01010.01018325.8089-.310.010065              6              5                    R  7      352222 6 6 2 3 2 2   102.0   90.0
452 3167.694609 2.287E-92 3.214E-05.04300.04330841.84440.140.019504             13             11                    R  4      352222 6 6 2 3 2 2    66.0   54.0
452 3168.135711 1.934E-79 7.029E-09.01640.01623073.6997-.250.011207              8              7                    S  6q     352222 5 7 2 3 2 2   102.0   78.0
452 3168.392101 9.326E-86 1.916E-07.02030.02026720.2725-.140.019259             10              8                    O  9q     352222 5 7 2 3 2 2    90.0  114.0
452 3169.953849 8.234E-81 1.786E-04.00680.00726000.5431-.280.013606              5              4                    R 20      352222 6 6 2 3 2 2   258.0  246.0
452 3171.659799 1.359E-74 1.743E-04.00650.00722982.4995-.420.011779              6              5                    R 14      352222 6 6 2 3 2 2   186.0  174.0
452 3172.658660 4.830E-92 2.249E-05.05050.05030520.99510.310.017673             13             11                    R  2      352222 6 6 2 3 2 2    42.0   30.0
452 3173.736118 4.905E-90 9.894E-05.00450.00430327.0355-.240.011720              2              1                    R 30      352222 6 6 2 3 2 2   378.0  366.0
452 3174.075190 2.900E-94 6.314E-05.02100.02132063.2777-.220.022670             12             10                    R 12      352222 6 6 2 3 2 2   162.0  150.0
452 3174.540462 1.609E-83 1.222E-07.01440.01425615.9806-.180.019200              9              7                    O 11q     352222 5 7 2 3 2 2   114.0  138.0
452 3175.740809 6.687E-50 1.283E-07.00400.004 9756.8184-.280.010272              2              1                    Q 12q     382222 5 7 2 3 2 2   150.0  150.0
452 3175.740809 1.792E-50 3.439E-08.00370.004 9756.8184-.290.010320              2              1                    Q 12m     382220 4 4 2 3 2 2   150.0  150.0
452 3176.269151 3.855E-92 2.743E-05.04760.04830659.46390.230.019286             13             11                    R  3      352222 6 6 2 3 2 2    54.0   42.0
452 3176.783550 3.310E-91 1.415E-08.02100.02128790.5210-.120.021662             11              9                    P  9      352222 6 6 2 3 2 2   102.0  114.0
452 3178.544738 5.141E-50 1.800E-08.00730.007 9301.2899-.310.009653              3              2                    Q  7m     382220 4 4 2 3 2 2    90.0   90.0
452 3178.544738 5.247E-49 1.837E-07.00810.008 9301.2899-.280.008913              3              2                    Q  7q     382222 5 7 2 3 2 2    90.0   90.0
452 3178.786279 1.310E-86 2.229E-06.01150.01227862.6091-.070.020600              5              3                    P 24      352222 6 6 2 3 2 2   282.0  294.0
452 3178.893039 4.128E-87 1.348E-04.00500.00528983.7413-.240.012249              3              2                    R 27      352222 6 6 2 3 2 2   342.0  330.0
452 3180.322041 8.153E-88 3.240E-07.00860.00928083.6485-.080.018182              2              0                    P 30      352222 6 6 2 3 2 2   354.0  366.0
452 3183.2502701.227E-101 1.698E-10.01330.01333097.1057-.000.025800              3              0                    O 34q     352222 5 7 2 3 2 2   390.0  414.0
452 3183.297079 3.304E-66 1.303E-04.00850.00818848.1467-.370.010432              6              5                    R  8      352222 6 6 2 3 2 2   114.0  102.0
452 3183.346040 5.269E-97 5.606E-08.01470.01532019.8476-.100.023276              8              6                    Q 22m     352220 4 4 2 3 2 2   270.0  270.0
452 3183.346040 8.238E-97 8.766E-08.01600.01632019.8476-.090.022969              8              6                    Q 22q     352222 5 7 2 3 2 2   270.0  270.0
452 3183.446409 9.603E-50 3.005E-05.02140.02110367.63030.020.007391              4              3                    R  0      352222 6 6 2 3 2 2    18.0    6.0
452 3185.223009 3.648E-31 1.976E-07.01370.014  532.3093-.050.001700              1              0                    O  3q     452222 5 7 2 3 2 2    18.0   42.0
452 3187.291259 1.127E-86 1.549E-06.01030.01027834.3791-.090.019664              4              2                    P 26      352222 6 6 2 3 2 2   306.0  318.0
452 3187.343789 4.771E-87 8.754E-07.00940.00927909.2932-.060.018867              3              1                    P 28      352222 6 6 2 3 2 2   330.0  342.0
452 3187.691229 2.699E-90 2.210E-06.03680.03729265.76420.120.014353             12             10                    P  5      352222 6 6 2 3 2 2    54.0   66.0
452 3188.481049 1.853E-95 7.010E-05.01900.01932702.1339-.200.022330             11              9                    R 16      352222 6 6 2 3 2 2   210.0  198.0
452 3189.654851 1.098E-36 1.488E-05.01520.015 4141.42240.000.004551              2              1                    P  3      452222 6 6 2 3 2 2    30.0   42.0
452 3189.848528 2.032E-88 8.878E-07.01600.01628381.7967-.160.022611             10              8                    P 12      352222 6 6 2 3 2 2   138.0  150.0
452 3190.064421 2.228E-72 2.520E-13.00790.00817800.9804-.110.016749              2              0                    O 22q     352222 5 7 2 3 2 2   246.0  270.0
452 3190.671301 5.703E-73 1.705E-04.00650.00722193.0950-.420.011779              6              5                    R 13      352222 6 6 2 3 2 2   174.0  162.0
452 3192.3207998.832E-100 1.037E-10.01840.01832019.8476-.100.027749              9              6                    O 22q     352222 5 7 2 3 2 2   246.0  270.0
452 3193.979940 2.140E-56 7.067E-05.02020.02013919.28740.020.009787              5              4                    R  3      352222 6 6 2 3 2 2    54.0   42.0
452 3195.935710 5.581E-99 6.278E-08.01310.01333018.3868-.090.021501              6              4                    Q 27q     352222 5 7 2 3 2 2   330.0  330.0
452 3195.935710 4.521E-99 5.086E-08.01230.01233018.3868-.120.021686              6              4                    Q 27m     352220 4 4 2 3 2 2   330.0  330.0
452 3198.465750 2.378E-67 1.410E-04.00730.00719424.2123-.410.011403              6              5                    R  9      352222 6 6 2 3 2 2   126.0  114.0
452 3199.160030 3.142E-43 5.256E-05.01810.018 7168.4703-.060.003604              3              2                    P  1      452222 6 6 2 3 2 2     6.0   18.0
452 3199.197630 3.054E-38 6.063E-07.01620.016 3887.6794-.090.001027              2              1                    O  2q     452222 5 7 2 3 2 2     6.0   30.0
452 3202.890071 1.998E-71 1.653E-04.00650.00721438.7185-.420.011779              6              5                    R 12      352222 6 6 2 3 2 2   162.0  150.0
452 3203.721619 4.549E-49 1.350E-08.00880.009 8760.9098-.280.009240              3              2                    Q  6m     382220 4 4 2 3 2 2    78.0   78.0
452 3203.721619 6.445E-48 1.912E-07.00970.010 8760.9098-.250.009080              3              2                    Q  6q     382222 5 7 2 3 2 2    78.0   78.0
452 3206.802100 1.317E-68 1.504E-04.00650.00720050.4677-.420.011779              6              5                    R 10      352222 6 6 2 3 2 2   138.0  126.0
452 3207.270121 6.062E-77 1.689E-08.01060.01122176.4962-.160.017846              6              4                    O 16q     352222 5 7 2 3 2 2   174.0  198.0
452 3207.421469 1.846E-49 7.117E-08.00350.003 9466.8059-.280.009430              1              0                    Q 15q     382222 5 7 2 3 2 2   186.0  186.0
452 3207.421469 7.054E-50 2.720E-08.00330.003 9466.8059-.310.009466              1              0                    Q 15m     382220 4 4 2 3 2 2   186.0  186.0
452 3208.275890 5.730E-70 1.585E-04.00650.00720723.2301-.420.011779              6              5                    R 11      352222 6 6 2 3 2 2   150.0  138.0
452 3211.456720 5.321E-93 6.092E-07.01090.01130591.0162-.330.014066              8              7                    S 18q     352222 5 7 2 3 2 2   246.0  222.0
452 3211.7856112.299E-100 5.050E-10.01450.01432701.5830-.000.026687              4              1                    O 32q     352222 5 7 2 3 2 2   366.0  390.0
452 3214.177429 4.758E-73 1.630E-09.00960.01019888.2438-.120.017983              4              2                    O 19q     352222 5 7 2 3 2 2   210.0  234.0
452 3216.729698 9.719E-49 2.913E-08.00370.004 8878.6439-.290.010320              2              1                    Q 11m     382220 4 4 2 3 2 2   138.0  138.0
452 3216.729698 4.539E-48 1.360E-07.00400.004 8878.6439-.280.010272              2              1                    Q 11q     382222 5 7 2 3 2 2   138.0  138.0
452 3218.119390 1.962E-95 1.050E-07.01790.01831370.8127-.090.023870              9              7                    Q 19q     352222 5 7 2 3 2 2   234.0  234.0
452 3218.119390 9.391E-96 5.025E-08.01620.01631370.8127-.110.023315              9              7                    Q 19m     352220 4 4 2 3 2 2   234.0  234.0
452 3218.758769 9.588E-65 1.672E-07.02620.02616627.04560.090.013289              6              5                    S  2q     352222 5 7 2 3 2 2    54.0   30.0
452 3221.638081 1.711E-86 2.643E-06.01320.01327764.4312-.150.020976              8              6                    P 17      352222 6 6 2 3 2 2   198.0  210.0
452 3223.377511 9.174E-79 1.820E-04.00680.00725018.0608-.280.013606              5              4                    R 19      352222 6 6 2 3 2 2   246.0  234.0
452 3225.497401 5.488E-47 1.986E-07.01200.012 8290.8754-.190.008473              3              2                    Q  5q     382222 5 7 2 3 2 2    66.0   66.0
452 3225.497401 2.665E-48 9.645E-09.01100.011 8290.8754-.200.008675              3              2                    Q  5m     382220 4 4 2 3 2 2    66.0   66.0
452 3227.076940 1.996E-99 1.765E-10.02290.02331976.11670.060.030519              8              5                    O 24q     352222 5 7 2 3 2 2   270.0  294.0
452 3227.895390 1.069E-71 8.095E-08.02060.02119845.8043-.090.011909              7              6                    S  4q     352222 5 7 2 3 2 2    78.0   54.0
452 3231.291989 1.873E-82 1.661E-04.00570.00626782.8267-.220.012869              4              3                    R 23      352222 6 6 2 3 2 2   294.0  282.0
452 3231.978311 9.848E-82 2.500E-10.01340.01323488.2942-.350.011607              8              7                    S  7q     352222 5 7 2 3 2 2   114.0   90.0
452 3232.685140 1.632E-99 8.515E-10.01590.01632389.22730.010.027699              5              2                    O 30q     352222 5 7 2 3 2 2   342.0  366.0
452 3242.803890 7.539E-98 1.867E-06.02150.02133093.1561-.110.031586             11              8                    P 19      352222 6 6 2 3 2 2   222.0  234.0
452 3243.033309 6.820E-99 7.065E-10.01600.01632024.2307-.070.026900              7              4                    O 26q     352222 5 7 2 3 2 2   294.0  318.0
452 3243.784809 3.172E-46 2.063E-07.01520.015 7894.2124-.080.007699              3              2                    Q  4q     382222 5 7 2 3 2 2    54.0   54.0
452 3243.784809 9.883E-48 6.430E-09.01390.014 7894.2124-.100.007954              3              2                    Q  4m     382220 4 4 2 3 2 2    54.0   54.0
452 3243.911470 5.193E-99 9.751E-10.01750.01832162.63430.050.028301              6              3                    O 28q     352222 5 7 2 3 2 2   318.0  342.0
452 3244.796739 7.326E-57 8.417E-05.01630.01614210.6352-.100.010128              5              4                    R  4      352222 6 6 2 3 2 2    66.0   54.0
452 3247.416391 8.640E-96 8.787E-07.00930.00932019.8476-.340.013674              7              6                    S 22q     352222 5 7 2 3 2 2   294.0  270.0
452 3249.391130 6.936E-91 5.642E-05.00400.00430616.8946-.240.011261              1              0                    R 32      352222 6 6 2 3 2 2   402.0  390.0
452 3253.401211 1.564E-49 4.480E-05.02270.02310445.50280.140.009169              4              3                    R  1      352222 6 6 2 3 2 2    30.0   18.0
452 3254.091109 3.255E-96 7.323E-05.01720.01733093.1561-.210.022030             10              8                    R 19      352222 6 6 2 3 2 2   246.0  234.0
452 3254.879911 2.342E-46 1.435E-07.00430.004 8054.7365-.290.010083              2              1                    Q 10q     382222 5 7 2 3 2 2   126.0  126.0
452 3254.879911 3.965E-47 2.429E-08.00400.004 8054.7365-.300.009638              2              1                    Q 10m     382220 4 4 2 3 2 2   126.0  126.0
452 3256.765299 3.166E-47 7.609E-08.00350.003 8402.1060-.280.009430              1              0                    Q 14q     382222 5 7 2 3 2 2   174.0  174.0
452 3256.765299 9.917E-48 2.383E-08.00330.003 8402.1060-.310.009466              1              0                    Q 14m     382220 4 4 2 3 2 2   174.0  174.0
452 3257.065790 2.561E-93 1.354E-07.02220.02230324.3701-.090.026048             11              9                    Q 12q     352222 5 7 2 3 2 2   150.0  150.0
452 3257.065790 5.183E-94 2.739E-08.01970.02030324.3701-.110.026658             11              9                    Q 12m     352220 4 4 2 3 2 2   150.0  150.0
452 3258.260069 5.037E-30 6.733E-06.01110.011  883.1623-.110.006220              1              0                    P  4      452222 6 6 2 3 2 2    42.0   54.0
452 3258.508591 2.172E-47 3.858E-09.01710.017 7573.5524-.010.006540              3              2                    Q  3m     382220 4 4 2 3 2 2    42.0   42.0
452 3258.508591 1.217E-45 2.162E-07.01900.019 7573.55240.020.006338              3              2                    Q  3q     382222 5 7 2 3 2 2    42.0   42.0
452 3259.777349 1.322E-87 3.160E-07.03300.03327582.06690.080.012656             11              9                    O  6q     352222 5 7 2 3 2 2    54.0   78.0
452 3262.185272 2.520E-97 1.489E-06.05350.05432453.45570.260.016958             15             12                    P  4      352222 6 6 2 3 2 2    42.0   54.0
452 3262.257898 1.052E-84 1.404E-04.00500.00527834.3791-.240.012249              3              2                    R 26      352222 6 6 2 3 2 2   330.0  318.0
452 3263.034039 1.539E-90 4.524E-07.04370.04428819.36090.280.000178             12             10                    O  3q     352222 5 7 2 3 2 2    18.0   42.0
452 3265.400599 2.482E-78 4.182E-08.01170.01222982.4995-.170.018244              7              5                    O 14q     352222 5 7 2 3 2 2   150.0  174.0
452 3266.928039 1.636E-87 1.034E-04.00450.00429122.2994-.240.011720              2              1                    R 29      352222 6 6 2 3 2 2   366.0  354.0
452 3268.054599 1.403E-92 1.496E-07.03440.03429888.6645-.010.021030             12             10                    Q  7q     352222 5 7 2 3 2 2    90.0   90.0
452 3268.054599 1.031E-93 1.100E-08.02970.03029888.6645-.040.022135             12             10                    Q  7m     352220 4 4 2 3 2 2    90.0   90.0
452 3269.606939 2.504E-47 1.929E-09.02040.020 7331.07720.090.006113              3              2                    Q  2m     382220 4 4 2 3 2 2    30.0   30.0
452 3269.606939 3.052E-45 2.351E-07.02260.023 7331.07720.130.005829              3              2                    Q  2q     382222 5 7 2 3 2 2    30.0   30.0
452 3269.651050 1.657E-85 2.730E-06.01200.01227321.3652-.140.019448              7              5                    P 19      352222 6 6 2 3 2 2   222.0  234.0
452 3270.536549 9.454E-77 1.844E-04.00680.00724050.8288-.280.013606              5              4                    R 18      352222 6 6 2 3 2 2   234.0  222.0
452 3270.844279 1.241E-89 4.154E-06.04060.04129019.33240.210.010570             12             10                    P  4      352222 6 6 2 3 2 2    42.0   54.0
452 3272.435489 1.852E-91 5.475E-07.01090.01129820.7206-.330.014066              8              7                    S 17q     352222 5 7 2 3 2 2   234.0  210.0
452 3273.337350 2.678E-97 8.077E-07.02480.02532575.5282-.130.033495             13             10                    P 13      352222 6 6 2 3 2 2   150.0  162.0
452 3274.023671 7.099E-97 1.641E-05.04300.04332889.25940.030.028614             15             12                    R  6      352222 6 6 2 3 2 2    90.0   78.0
452 3277.032540 5.682E-45 3.324E-07.02040.020 7168.47030.080.005573              3              2                    Q  1q     382222 5 7 2 3 2 2    18.0   18.0
452 3277.032540 1.099E-47 6.429E-10.02250.022 7168.47030.090.004885              3              2                    Q  1m     382220 4 4 2 3 2 2    18.0   18.0
452 3280.790980 3.306E-36 2.301E-05.01670.017 3887.67940.040.003070              2              1                    P  2      452222 6 6 2 3 2 2    18.0   30.0
452 3282.973520 2.330E-70 2.494E-10.00870.00918230.4511-.110.017320              3              1                    O 20q     352222 5 7 2 3 2 2   222.0  246.0
452 3283.300689 2.785E-93 6.423E-05.02100.02131571.6453-.220.022670             12             10                    R 11      352222 6 6 2 3 2 2   150.0  138.0
452 3284.804740 1.317E-89 7.896E-08.02340.02328346.9984-.090.020379             11              9                    P  8      352222 6 6 2 3 2 2    90.0  102.0
452 3285.221752 1.758E-86 1.597E-06.01460.01527605.8586-.180.021737              9              7                    P 14      352222 6 6 2 3 2 2   162.0  174.0
452 3285.392180 2.737E-58 2.053E-07.02630.02613551.07670.140.012863              5              4                    S  1q     352222 5 7 2 3 2 2    42.0   18.0
452 3285.667870 1.534E-81 3.487E-09.01190.01223953.1231-.360.012950              8              7                    S  8q     352222 5 7 2 3 2 2   126.0  102.0
452 3289.655359 1.697E-57 9.771E-05.01330.01314570.8851-.190.010669              5              4                    R  5      352222 6 6 2 3 2 2    78.0   66.0
452 3290.060439 1.186E-45 1.988E-08.00440.004 7289.3191-.310.009398              2              1                    Q  9m     482220 4 4 2 3 2 2   114.0  114.0
452 3290.060439 8.985E-45 1.506E-07.00480.005 7289.3191-.280.009330              2              1                    Q  9q     482222 5 7 2 3 2 2   114.0  114.0
452 3291.147281 1.043E-96 8.809E-08.01440.01431976.1167-.090.021268              7              5                    Q 24q     352222 5 7 2 3 2 2   294.0  294.0
452 3291.147281 6.044E-97 5.104E-08.01340.01331976.1167-.100.022428              7              5                    Q 24m     352220 4 4 2 3 2 2   294.0  294.0
452 3293.973690 8.704E-74 7.230E-09.01070.01120509.1052-.080.018770              5              3                    O 17q     352222 5 7 2 3 2 2   186.0  210.0
452 3297.579591 3.314E-80 1.711E-04.00570.00625707.3320-.220.012869              4              3                    R 22      352222 6 6 2 3 2 2   282.0  270.0
452 3300.055210 3.215E-97 1.471E-06.02310.02332702.1339-.120.032488             12              9                    P 16      352222 6 6 2 3 2 2   186.0  198.0
452 3302.261510 8.031E-85 2.490E-06.01110.01126994.7825-.130.019744              6              4                    P 21      352222 6 6 2 3 2 2   246.0  258.0
452 3303.688000 1.112E-45 2.067E-08.00330.003 7381.2989-.310.009466              1              0                    Q 13m     382220 4 4 2 3 2 2   162.0  162.0
452 3303.688000 4.354E-45 8.095E-08.00350.003 7381.2989-.280.009430              1              0                    Q 13q     382222 5 7 2 3 2 2   162.0  162.0
452 3307.285069 4.199E-80 8.708E-08.01290.01323931.5059-.180.017823              8              6                    O 12q     352222 5 7 2 3 2 2   126.0  150.0
452 3310.785850 1.373E-87 4.061E-07.01600.01627793.8536-.160.022611             10              8                    P 11      352222 6 6 2 3 2 2   126.0  138.0
452 3311.428548 8.850E-75 1.856E-04.00680.00723102.4211-.280.013606              5              4                    R 17      352222 6 6 2 3 2 2   222.0  210.0
452 3314.573221 9.496E-85 2.407E-07.02310.02326241.8354-.080.017885             10              8                    O  8q     352222 5 7 2 3 2 2    78.0  102.0
452 3318.508950 1.706E-72 5.712E-08.01700.01720169.7853-.190.011564              7              6                    S  5q     352222 5 7 2 3 2 2    90.0   66.0
452 3318.603279 1.286E-49 5.821E-05.02120.02110600.68410.100.009504              4              3                    R  2      352222 6 6 2 3 2 2    42.0   30.0
452 3320.532400 5.823E-90 4.717E-07.01090.01129063.8443-.330.014066              8              7                    S 16q     352222 5 7 2 3 2 2   222.0  198.0
452 3322.143561 2.537E-44 1.590E-08.00510.005 6586.5133-.280.009687              2              1                    Q  8m     482220 4 4 2 3 2 2   102.0  102.0
452 3322.143561 2.509E-43 1.573E-07.00580.006 6586.5133-.340.009611              2              1                    Q  8q     482222 5 7 2 3 2 2   102.0  102.0
452 3322.169959 1.972E-84 2.013E-06.01150.01226782.8267-.070.020600              5              3                    P 23      352222 6 6 2 3 2 2   270.0  282.0
452 3325.081010 3.360E-85 2.988E-07.00860.00926802.7905-.080.018182              2              0                    P 29      352222 6 6 2 3 2 2   342.0  354.0
452 3325.102611 2.128E-98 3.006E-08.03100.03132333.6997-.080.031796             14             11                    P  9      352222 6 6 2 3 2 2   102.0  114.0
452 3326.549139 3.025E-82 1.560E-07.01600.01625020.4493-.210.019421              9              7                    O 10q     352222 5 7 2 3 2 2   102.0  126.0
452 3328.258251 2.732E-58 1.110E-04.01140.01114997.5508-.210.011305              5              4                    R  6      352222 6 6 2 3 2 2    90.0   78.0
452 3328.876519 7.540E-82 1.934E-08.01090.01124464.9771-.330.014066              8              7                    S  9q     352222 5 7 2 3 2 2   138.0  114.0
452 3331.273701 8.819E-52 1.813E-07.02400.02410367.63030.080.010946              4              3                    S  0q     352222 5 7 2 3 2 2    30.0    6.0
452 3331.512269 2.439E-84 1.412E-06.01030.01026682.6064-.090.019664              4              2                    P 25      352222 6 6 2 3 2 2   294.0  306.0
452 3332.010580 1.444E-84 8.036E-07.00940.00926690.5732-.060.018867              3              1                    P 27      352222 6 6 2 3 2 2   318.0  330.0
452 3332.850632 6.548E-92 1.667E-07.03910.03929556.40850.050.019047             12             10                    Q  6q     352222 5 7 2 3 2 2    78.0   78.0
452 3332.850632 3.183E-93 8.103E-09.03310.03329556.40850.020.020312             12             10                    Q  6m     352220 4 4 2 3 2 2    78.0   78.0
452 3333.316611 3.740E-65 1.584E-07.02210.02216836.4688-.020.012126              6              5                    S  3q     352222 5 7 2 3 2 2    66.0   42.0
452 3339.948238 8.787E-94 3.582E-08.01790.01830304.9278-.110.024369             10              8                    Q 15m     352220 4 4 2 3 2 2   186.0  186.0
452 3339.948238 3.453E-93 1.408E-07.01990.02030304.9278-.120.024912             10              8                    Q 15q     352222 5 7 2 3 2 2   186.0  186.0
452 3339.977299 2.710E-82 1.458E-04.00500.00526682.6064-.240.012249              3              2                    R 25      352222 6 6 2 3 2 2   318.0  306.0
452 3345.160121 6.516E-69 1.883E-12.00790.00816543.0836-.110.016749              2              0                    O 21q     352222 5 7 2 3 2 2   234.0  258.0
452 3345.701228 5.054E-94 8.602E-07.00930.00931157.5233-.340.013674              7              6                    S 21q     352222 5 7 2 3 2 2   282.0  258.0
452 3345.805370 3.043E-88 5.888E-05.00400.00429355.7778-.240.011261              1              0                    R 31      352222 6 6 2 3 2 2   390.0  378.0
452 3346.011159 7.387E-73 1.856E-04.00680.00722176.4962-.280.013606              5              4                    R 16      352222 6 6 2 3 2 2   210.0  198.0
452 3346.210751 3.438E-94 7.532E-05.01900.01932084.1013-.200.022330             11              9                    R 15      352222 6 6 2 3 2 2   198.0  186.0
452 3346.641799 3.835E-89 7.115E-06.04300.04328819.36090.300.007414             12             10                    P  3      352222 6 6 2 3 2 2    30.0   42.0
452 3348.047698 9.714E-44 1.773E-08.00330.003 6408.7707-.310.009466              1              0                    Q 12m     482220 4 4 2 3 2 2   150.0  150.0
452 3348.047698 4.695E-43 8.569E-08.00350.003 6408.7707-.280.009430              1              0                    Q 12q     482222 5 7 2 3 2 2   150.0  150.0
452 3350.040570 2.585E-95 4.820E-08.01470.01531157.5233-.100.023276              8              6                    Q 21m     352220 4 4 2 3 2 2   258.0  258.0
452 3350.040570 6.032E-95 1.125E-07.01600.01631157.5233-.090.022969              8              6                    Q 21q     352222 5 7 2 3 2 2   258.0  258.0
452 3351.006979 4.988E-42 1.637E-07.00680.007 5950.2830-.310.009297              2              1                    Q  7q     482222 5 7 2 3 2 2    90.0   90.0
452 3351.006979 3.769E-43 1.237E-08.00630.006 5950.2830-.330.009390              2              1                    Q  7m     482220 4 4 2 3 2 2    90.0   90.0
452 3354.677311 5.691E-85 1.078E-04.00450.00427909.2932-.240.011720              2              1                    R 28      352222 6 6 2 3 2 2   354.0  342.0
452 3355.370031 2.810E-29 1.013E-05.01350.014  532.3093-.010.004915              1              0                    P  3      452222 6 6 2 3 2 2    30.0   42.0
452 3355.950449 6.146E-85 2.083E-06.01320.01326948.9774-.150.020976              8              6                    P 16      352222 6 6 2 3 2 2   186.0  198.0
452 3356.281081 6.754E-97 2.676E-06.05460.05532290.17690.340.012775             15             12                    P  3      352222 6 6 2 3 2 2    30.0   42.0
452 3356.324821 1.617E-88 3.886E-07.01090.01128324.2696-.330.014066              8              7                    S 15q     352222 5 7 2 3 2 2   210.0  186.0
452 3358.040998 5.641E-78 1.756E-04.00570.00624639.3180-.220.012869              4              3                    R 21      352222 6 6 2 3 2 2   270.0  258.0
452 3358.625890 7.042E-43 2.911E-05.01940.019 7086.8770-.010.006796              3              2                    R  0      352222 6 6 2 3 2 2    18.0    6.0
452 3360.372131 3.127E-59 1.238E-04.00970.01015487.7747-.250.011917              5              4                    R  7      352222 6 6 2 3 2 2   102.0   90.0
452 3361.347499 1.382E-82 4.947E-08.01090.01125020.4493-.330.014066              8              7                    S 10q     352222 5 7 2 3 2 2   150.0  126.0
452 3361.870351 3.625E-92 1.595E-07.02220.02229782.8379-.090.026048             11              9                    Q 11q     352222 5 7 2 3 2 2   138.0  138.0
452 3361.870351 5.103E-93 2.246E-08.01970.02029782.8379-.110.026658             11              9                    Q 11m     352220 4 4 2 3 2 2   138.0  138.0
452 3364.814261 5.364E-75 2.229E-08.01060.01121276.7943-.160.017846              6              4                    O 15q     352222 5 7 2 3 2 2   162.0  186.0
452 3365.091199 7.740E-31 3.867E-07.01420.014  267.0692-.130.001641              1              0                    O  2q     452222 5 7 2 3 2 2     6.0   30.0
452 3368.298431 3.076E-94 4.294E-08.01620.01630591.0162-.110.023315              9              7                    Q 18m     352220 4 4 2 3 2 2   222.0  222.0
452 3368.298431 9.435E-94 1.317E-07.01790.01830591.0162-.090.023870              9              7                    Q 18q     352222 5 7 2 3 2 2   222.0  222.0
452 3369.344658 4.807E-36 4.629E-05.01600.016 3717.5323-.120.003892              2              1                    P  1      452222 6 6 2 3 2 2     6.0   18.0
452 3371.323491 1.089E-70 2.252E-09.00960.01018805.1728-.120.017983              4              2                    O 18q     352222 5 7 2 3 2 2   198.0  222.0
452 3372.342229 3.088E-97 2.022E-09.01980.02031370.8127-.110.028254             10              7                    O 19q     352222 5 7 2 3 2 2   210.0  234.0
452 3372.636589 1.809E-90 8.155E-07.04220.04228667.70520.270.001933             12             10                    O  2q     352222 5 7 2 3 2 2     6.0   30.0
452 3374.213820 5.395E-71 1.844E-04.00680.00721276.7943-.280.013606              5              4                    R 15      352222 6 6 2 3 2 2   198.0  186.0
452 3375.862431 2.335E-92 6.394E-05.02100.02131104.6394-.220.022670             12             10                    R 10      352222 6 6 2 3 2 2   138.0  126.0
452 3376.536180 3.777E-42 9.276E-09.00760.008 5384.3736-.300.008406              2              1                    Q  6m     482220 4 4 2 3 2 2    78.0   78.0
452 3376.536180 6.913E-41 1.698E-07.00820.008 5384.3736-.280.008932              2              1                    Q  6q     482222 5 7 2 3 2 2    78.0   78.0
452 3378.574320 6.377E-50 7.163E-05.01780.01810832.0609-.010.009569              4              3                    R  3      352222 6 6 2 3 2 2    54.0   42.0
452 3378.626820 1.771E-96 1.602E-05.04710.04732653.92800.090.027854             15             12                    R  5      352222 6 6 2 3 2 2    78.0   66.0
452 3380.210699 3.869E-87 3.044E-07.01090.01127605.8586-.330.014066              8              7                    S 14q     352222 5 7 2 3 2 2   198.0  174.0
452 3382.315151 7.790E-97 8.116E-08.01310.01332024.2307-.090.021501              6              4                    Q 26q     352222 5 7 2 3 2 2   318.0  318.0
452 3382.315152 4.205E-97 4.381E-08.01230.01232024.2307-.120.021686              6              4                    Q 26m     352220 4 4 2 3 2 2   318.0  318.0
452 3382.878711 1.556E-83 9.442E-08.01090.01125615.9806-.330.014066              8              7                    S 11q     352222 5 7 2 3 2 2   162.0  138.0
452 3385.827101 2.599E-60 1.358E-04.00840.00816038.3853-.280.012505              5              4                    R  8      352222 6 6 2 3 2 2   114.0  102.0
452 3387.340451 5.263E-88 5.439E-07.02630.02627943.1272-.030.017882             11              9                    P  7      352222 6 6 2 3 2 2    78.0   90.0
452 3388.163561 2.414E-91 1.828E-07.04440.04429265.76420.100.016681             12             10                    Q  5q     352222 5 7 2 3 2 2    66.0   66.0
452 3388.163561 7.518E-93 5.691E-09.03760.03829265.76420.090.018106             12             10                    Q  5m     352220 4 4 2 3 2 2    66.0   66.0
452 3389.700050 6.453E-42 1.501E-08.00330.003 5488.9439-.310.009466              1              0                    Q 11m     482220 4 4 2 3 2 2   138.0  138.0
452 3389.700050 3.882E-41 9.029E-08.00350.003 5488.9439-.280.009430              1              0                    Q 11q     482222 5 7 2 3 2 2   138.0  138.0
452 3392.468889 7.743E-86 2.246E-07.01090.01126912.4590-.330.014066              8              7                    S 13q     352222 5 7 2 3 2 2   186.0  162.0
452 3392.744640 5.411E-87 3.890E-07.03710.03727266.71920.170.008356             11              9                    O  5q     352222 5 7 2 3 2 2    42.0   66.0
452 3393.303510 1.251E-84 1.535E-07.01090.01126247.9000-.330.014066              8              7                    S 12q     352222 5 7 2 3 2 2   174.0  150.0
452 3395.948330 3.379E-69 1.817E-04.00680.00720407.1305-.280.013606              5              4                    R 14      352222 6 6 2 3 2 2   186.0  174.0
452 3398.626349 2.464E-41 6.624E-09.00950.009 4892.2491-.230.008565              2              1                    Q  5m     482220 4 4 2 3 2 2    66.0   66.0
452 3398.626349 6.536E-40 1.757E-07.01030.010 4892.2491-.210.008420              2              1                    Q  5q     482222 5 7 2 3 2 2    66.0   66.0
452 3399.919180 1.663E-73 3.324E-08.01360.01420553.2040-.320.010910              7              6                    S  6q     352222 5 7 2 3 2 2   102.0   78.0
452 3404.382571 1.549E-97 1.837E-06.02000.02032942.8646-.100.030767             10              7                    P 21      352222 6 6 2 3 2 2   246.0  258.0
452 3404.513172 1.602E-61 1.469E-04.00740.00716645.9546-.290.013068              5              4                    R  9      352222 6 6 2 3 2 2   126.0  114.0
452 3406.871140 9.818E-84 2.254E-06.01200.01226413.8496-.140.019448              7              5                    P 18      352222 6 6 2 3 2 2   210.0  222.0
452 3411.118841 1.780E-67 1.777E-04.00680.00719571.3807-.280.013606              5              4                    R 13      352222 6 6 2 3 2 2   174.0  162.0
452 3411.911170 2.740E-85 9.966E-07.01460.01526912.4590-.180.021737              9              7                    P 13      352222 6 6 2 3 2 2   150.0  162.0
452 3412.258010 6.969E-80 1.509E-04.00500.00525531.2963-.240.012249              3              2                    R 24      352222 6 6 2 3 2 2   306.0  294.0
452 3412.720339 9.093E-76 1.794E-04.00570.00623582.0622-.220.012869              4              3                    R 20      352222 6 6 2 3 2 2   258.0  246.0
452 3414.363329 1.712E-58 2.213E-07.02400.02413698.90400.070.012288              5              4                    S  2q     352222 5 7 2 3 2 2    54.0   30.0
452 3414.689788 7.725E-89 1.190E-05.04110.04128667.70520.310.005685             12             10                    P  2      352222 6 6 2 3 2 2    18.0   30.0
452 3415.259990 5.786E-99 2.382E-10.01330.01331864.7507-.000.025800              3              0                    O 33q     352222 5 7 2 3 2 2   378.0  402.0
452 3416.374821 7.485E-63 1.567E-04.00680.00717306.8553-.280.013606              5              4                    R 10      352222 6 6 2 3 2 2   138.0  126.0
452 3417.184291 4.125E-39 1.821E-07.01300.013 4477.0282-.120.007128              2              1                    Q  4q     482222 5 7 2 3 2 2    54.0   54.0
452 3417.184291 1.000E-40 4.415E-09.01200.012 4477.0282-.140.007941              2              1                    Q  4m     482220 4 4 2 3 2 2    54.0   54.0
452 3419.631471 7.725E-66 1.722E-04.00680.00718773.4636-.280.013606              5              4                    R 12      352222 6 6 2 3 2 2   162.0  150.0
452 3421.403910 2.705E-64 1.651E-04.00680.00718017.3147-.280.013606              5              4                    R 11      352222 6 6 2 3 2 2   150.0  138.0
452 3422.885698 1.258E-76 5.456E-08.01170.01222193.0950-.170.018244              7              5                    O 13q     352222 5 7 2 3 2 2   138.0  162.0
452 3427.294779 3.251E-87 7.670E-08.01720.01727238.7909-.150.021889             10              8                    P 10      352222 6 6 2 3 2 2   114.0  126.0
452 3428.500449 3.180E-40 1.251E-08.00350.004 4626.2361-.330.009778              1              0                    Q 10m     482220 4 4 2 3 2 2   126.0  126.0
452 3428.500449 2.408E-39 9.471E-08.00370.004 4626.2361-.290.009740              1              0                    Q 10q     482222 5 7 2 3 2 2   126.0  126.0
452 3429.707431 2.842E-92 8.099E-07.00930.00930297.0439-.340.013674              7              6                    S 20q     352222 5 7 2 3 2 2   270.0  246.0
452 3430.429120 1.299E-95 1.102E-06.00810.00831976.1167-.350.013352              6              5                    S 24q     352222 5 7 2 3 2 2   318.0  294.0
452 3431.408872 1.466E-98 3.162E-11.01840.01831157.5233-.100.027749              9              6                    O 21q     352222 5 7 2 3 2 2   234.0  258.0
452 3432.129990 2.363E-40 2.648E-09.01510.015 4141.4224-.030.007164              2              1                    Q  3m     482220 4 4 2 3 2 2    42.0   42.0
452 3432.129990 1.699E-38 1.903E-07.01650.016 4141.4224-.010.006924              2              1                    Q  3q     482222 5 7 2 3 2 2    42.0   42.0
452 3432.213858 1.123E-42 4.325E-05.02010.020 7168.47030.090.008988              3              2                    R  1      352222 6 6 2 3 2 2    30.0   18.0
452 3432.888001 2.030E-50 8.519E-05.01440.01411137.9972-.130.009874              4              3                    R  4      352222 6 6 2 3 2 2    66.0   54.0
452 3433.279119 1.225E-96 4.628E-06.05100.05132166.00300.350.011013             15             12                    P  2      352222 6 6 2 3 2 2    18.0   30.0
452 3434.123039 1.303E-92 3.738E-09.04280.04329019.33240.170.015626             12             10                    Q  4m     352220 4 4 2 3 2 2    54.0   54.0
452 3434.123039 6.907E-91 1.982E-07.05080.05129019.33240.210.014111             12             10                    Q  4q     352222 5 7 2 3 2 2    54.0   54.0
452 3437.298279 2.037E-82 1.122E-04.00450.00426690.5732-.240.011720              2              1                    R 27      352222 6 6 2 3 2 2   342.0  330.0
452 3437.325491 1.412E-85 6.139E-05.00400.00428083.6485-.240.011261              1              0                    R 30      352222 6 6 2 3 2 2   378.0  366.0
452 3439.936851 9.427E-66 1.381E-07.01810.01817113.2672-.120.011546              6              5                    S  4q     352222 5 7 2 3 2 2    78.0   54.0
452 3440.806540 8.685E-68 3.801E-10.00870.00917068.2987-.110.017320              3              1                    O 19q     352222 5 7 2 3 2 2   210.0  234.0
452 3441.661911 7.514E-83 2.119E-06.01110.01126000.5431-.130.019744              6              4                    P 20      352222 6 6 2 3 2 2   234.0  246.0
452 3443.046439 9.567E-95 8.082E-05.01720.01732384.3767-.210.022030             10              8                    R 18      352222 6 6 2 3 2 2   234.0  222.0
452 3443.397899 4.494E-38 2.067E-07.01970.020 3887.67940.090.006046              2              1                    Q  2q     482222 5 7 2 3 2 2    30.0   30.0
452 3443.397899 2.878E-40 1.324E-09.01790.018 3887.67940.050.006288              2              1                    Q  2m     482220 4 4 2 3 2 2    30.0   30.0
452 3446.008518 8.633E-98 7.265E-10.01450.01431520.9739-.000.026687              4              1                    O 31q     352222 5 7 2 3 2 2   354.0  378.0
452 3450.463100 8.851E-29 1.550E-05.01440.014  267.0692-.020.003858              1              0                    P  2      452222 6 6 2 3 2 2    18.0   30.0
452 3450.938009 8.671E-38 2.920E-07.01790.018 3717.53230.020.005253              2              1                    Q  1q     482222 5 7 2 3 2 2    18.0   18.0
452 3450.938009 1.310E-40 4.412E-10.01980.020 3717.53230.050.005482              2              1                    Q  1m     482220 4 4 2 3 2 2    18.0   18.0
452 3452.828250 1.167E-71 9.742E-09.01070.01119529.6714-.080.018770              5              3                    O 16q     352222 5 7 2 3 2 2   174.0  198.0
452 3452.997710 1.677E-91 6.242E-05.02230.02230666.0857-.190.021934             12             10                    R  9      352222 6 6 2 3 2 2   126.0  114.0
452 3457.118701 4.291E-92 1.811E-08.02060.02129270.3194-.110.025517             11              9                    Q 10m     352220 4 4 2 3 2 2   126.0  126.0
452 3457.118701 4.345E-91 1.834E-07.02350.02329270.3194-.090.023773             11              9                    Q 10q     352222 5 7 2 3 2 2   126.0  126.0
452 3458.216911 3.522E-96 1.489E-05.05170.05232453.45570.160.027111             15             12                    R  4      352222 6 6 2 3 2 2    66.0   54.0
452 3458.909950 7.620E-84 3.001E-07.02600.02625806.8543-.030.015770             10              8                    O  7q     352222 5 7 2 3 2 2    66.0   90.0
452 3459.278128 1.753E-97 3.480E-08.01280.01332162.6343-.020.022428              5              3                    Q 28m     352220 4 4 2 3 2 2   342.0  342.0
452 3459.278128 3.419E-97 6.789E-08.01330.01332162.6343-.020.022202              5              3                    Q 28q     352222 5 7 2 3 2 2   342.0  342.0
452 3461.604651 1.364E-73 1.824E-04.00570.00622538.9385-.220.012869              4              3                    R 19      352222 6 6 2 3 2 2   246.0  234.0
452 3461.829120 1.069E-94 1.107E-07.01440.01431041.3953-.090.021268              7              5                    Q 23q     352222 5 7 2 3 2 2   282.0  282.0
452 3461.829120 4.235E-95 4.388E-08.01340.01331041.3953-.100.022428              7              5                    Q 23m     352220 4 4 2 3 2 2   282.0  282.0
452 3462.995200 9.027E-92 1.679E-07.01990.02029641.2034-.120.024912             10              8                    Q 14q     352222 5 7 2 3 2 2   174.0  174.0
452 3462.995200 1.612E-92 2.999E-08.01790.01829641.2034-.110.024369             10              8                    Q 14m     352220 4 4 2 3 2 2   174.0  174.0
452 3463.002818 1.183E-78 1.122E-07.01290.01323257.2697-.180.017823              8              6                    O 11q     352222 5 7 2 3 2 2   114.0  138.0
452 3463.164911 2.811E-82 1.750E-06.01150.01225707.3320-.070.020600              5              3                    P 22      352222 6 6 2 3 2 2   258.0  270.0
452 3464.306380 1.133E-38 1.023E-08.00390.004 3825.0127-.310.009609              1              0                    Q  9m     482220 4 4 2 3 2 2   114.0  114.0
452 3464.306380 1.095E-37 9.893E-08.00410.004 3825.0127-.300.009566              1              0                    Q  9q     482222 5 7 2 3 2 2   114.0  114.0
452 3466.168458 3.775E-97 4.286E-10.02290.02331041.39530.060.030519              8              5                    O 23q     352222 5 7 2 3 2 2   258.0  282.0
452 3468.195241 1.401E-82 2.692E-07.00860.00925515.5462-.080.018182              2              0                    P 28      352222 6 6 2 3 2 2   330.0  342.0
452 3468.730611 4.829E-97 1.266E-09.01590.01631263.97040.010.027699              5              2                    O 29q     352222 5 7 2 3 2 2   330.0  354.0
452 3470.815720 1.553E-92 2.214E-09.04810.04828819.36090.260.013083             12             10                    Q  3m     352220 4 4 2 3 2 2    42.0   42.0
452 3470.815720 1.504E-90 2.145E-07.05670.05728819.36090.310.011455             12             10                    Q  3q     352222 5 7 2 3 2 2    42.0   42.0
452 3471.635851 8.470E-75 1.342E-08.01160.01220993.3413-.380.011304              7              6                    S  7q     352222 5 7 2 3 2 2   114.0   90.0
452 3473.615280 5.121E-82 1.247E-06.01030.01025531.2963-.090.019664              4              2                    P 24      352222 6 6 2 3 2 2   282.0  294.0
452 3473.784601 1.027E-51 2.395E-07.02340.02310445.50280.100.012384              4              3                    S  1q     352222 5 7 2 3 2 2    42.0   18.0
452 3474.549730 8.668E-89 2.527E-05.03700.03728565.79200.230.008046             12             10                    P  1      352222 6 6 2 3 2 2     6.0   18.0
452 3474.804209 4.333E-82 7.180E-07.00940.00925468.7502-.060.018867              3              1                    P 26      352222 6 6 2 3 2 2   306.0  318.0
452 3478.150231 4.608E-81 1.978E-07.01810.01824464.9771-.170.018925              9              7                    O  9q     352222 5 7 2 3 2 2    90.0  114.0
452 3479.214440 1.761E-77 1.558E-04.00500.00524383.3948-.240.012249              3              2                    R 23      352222 6 6 2 3 2 2   294.0  282.0
452 3481.178029 4.298E-51 9.875E-05.01160.01211516.3728-.210.010351              4              3                    R  5      352222 6 6 2 3 2 2    78.0   66.0
452 3481.396980 1.208E-96 1.526E-09.01750.01831096.63690.050.028301              6              3                    O 27q     352222 5 7 2 3 2 2   306.0  330.0
452 3481.419079 3.312E-99 1.180E-07.05260.05332889.25940.110.031892             16             12                    P  6      352222 6 6 2 3 2 2    66.0   78.0
452 3481.554179 1.280E-96 1.219E-09.01600.01631021.6703-.070.026900              7              4                    O 25q     352222 5 7 2 3 2 2   282.0  306.0
452 3484.078939 5.914E-93 7.896E-05.01900.01931479.0148-.200.022330             11              9                    R 14      352222 6 6 2 3 2 2   186.0  174.0
452 3484.201971 6.991E-87 1.562E-06.02960.03027582.06690.020.017056             11              9                    P  6      352222 6 6 2 3 2 2    66.0   78.0
452 3485.152739 1.670E-96 5.146E-07.02480.02532063.2777-.130.033495             13             10                    P 12      352222 6 6 2 3 2 2   138.0  150.0
452 3487.044300 1.806E-83 1.483E-06.01320.01326154.1592-.150.020976              8              6                    P 15      352222 6 6 2 3 2 2   174.0  186.0
452 3490.970260 4.257E-98 1.266E-08.03390.03431967.3047-.040.029889             14             11                    P  8      352222 6 6 2 3 2 2    90.0  102.0
452 3492.983940 1.285E-96 1.004E-05.04510.04532082.39520.290.013278             15             12                    P  1      352222 6 6 2 3 2 2     6.0   18.0
452 3496.979731 3.571E-36 1.029E-07.00470.005 3089.5336-.280.009350              1              0                    Q  8q     482222 5 7 2 3 2 2   102.0  102.0
452 3496.979731 2.839E-37 8.183E-09.00450.004 3089.5336-.300.008831              1              0                    Q  8m     482220 4 4 2 3 2 2   102.0  102.0
452 3498.297539 2.462E-90 2.388E-07.05920.05928667.70520.400.010188             12             10                    Q  2q     352222 5 7 2 3 2 2    30.0   30.0
452 3498.297539 1.130E-92 1.096E-09.05190.05228667.70520.350.010899             12             10                    Q  2m     352220 4 4 2 3 2 2    30.0   30.0
452 3500.659750 1.508E-90 7.351E-07.00930.00929442.2049-.340.013674              7              6                    S 19q     352222 5 7 2 3 2 2   258.0  234.0
452 3500.983741 8.881E-43 5.603E-05.01860.019 7331.07720.050.009303              3              2                    R  2      352222 6 6 2 3 2 2    42.0   30.0
452 3503.636899 9.362E-66 7.489E-12.00790.00815301.5359-.110.016749              2              0                    O 20q     352222 5 7 2 3 2 2   222.0  246.0
452 3504.636371 1.872E-71 1.845E-04.00570.00621513.4245-.220.012869              4              3                    R 18      352222 6 6 2 3 2 2   234.0  222.0
452 3505.429019 1.262E-93 4.123E-08.01470.01530297.0439-.100.023276              8              6                    Q 20m     352220 4 4 2 3 2 2   246.0  246.0
452 3505.429019 4.235E-93 1.384E-07.01600.01630297.0439-.090.022969              8              6                    Q 20q     352222 5 7 2 3 2 2   246.0  246.0
452 3506.238159 1.678E-96 1.638E-06.02150.02132384.3767-.110.031586             11              8                    P 18      352222 6 6 2 3 2 2   210.0  222.0
452 3508.018150 9.618E-93 3.641E-08.01620.01629820.7206-.110.023315              9              7                    Q 17m     352220 4 4 2 3 2 2   210.0  210.0
452 3508.018150 4.208E-92 1.593E-07.01790.01829820.7206-.090.023870              9              7                    Q 17q     352222 5 7 2 3 2 2   210.0  210.0
452 3513.807219 6.902E-45 1.874E-07.02140.021 7086.87700.040.010628              3              2                    S  0q     352222 5 7 2 3 2 2    30.0    6.0
452 3514.736732 5.473E-96 1.321E-05.05600.05632290.17690.250.026339             15             12                    R  3      352222 6 6 2 3 2 2    54.0   42.0
452 3514.991301 7.410E-80 1.165E-04.00450.00425468.7502-.240.011720              2              1                    R 26      352222 6 6 2 3 2 2   330.0  318.0
452 3515.643039 1.011E-90 5.979E-05.02450.02430259.6190-.150.021253             12             10                    R  8      352222 6 6 2 3 2 2   114.0  102.0
452 3516.602929 3.645E-93 3.629E-10.05220.05228565.79200.370.009515             12             10                    Q  1m     352220 4 4 2 3 2 2    18.0   18.0
452 3516.602929 3.445E-90 3.430E-07.04450.04428565.79200.320.010606             12             10                    Q  1q     352222 5 7 2 3 2 2    18.0   18.0
452 3521.311210 1.633E-86 4.835E-07.04010.04026999.68390.240.004148             11              9                    O  4q     352222 5 7 2 3 2 2    30.0   54.0
452 3523.143411 6.217E-52 1.120E-04.00980.01011964.6313-.250.010903              4              3                    R  6      352222 6 6 2 3 2 2    90.0   78.0
452 3524.141371 4.247E-98 2.460E-08.01160.01232389.2273-.050.021361              4              2                    Q 30m     352220 4 4 2 3 2 2   366.0  366.0
452 3524.141371 8.642E-98 5.007E-08.01190.01232389.2273-.050.021202              4              2                    Q 30q     352222 5 7 2 3 2 2   366.0  366.0
452 3524.245090 6.853E-83 6.396E-05.00400.00426802.7905-.240.011261              1              0                    R 29      352222 6 6 2 3 2 2   366.0  354.0
452 3524.375520 4.109E-73 2.952E-08.01060.01120407.1305-.160.017846              6              4                    O 14q     352222 5 7 2 3 2 2   150.0  174.0
452 3526.389150 8.166E-35 1.067E-07.00580.006 2423.8938-.330.009090              1              0                    Q  7q     482222 5 7 2 3 2 2    90.0   90.0
452 3526.389150 4.868E-36 6.362E-09.00550.005 2423.8938-.350.008549              1              0                    Q  7m     482220 4 4 2 3 2 2    90.0   90.0
452 3531.329601 2.260E-68 3.162E-09.00960.01017745.4648-.120.017983              4              2                    O 17q     352222 5 7 2 3 2 2   186.0  210.0
452 3533.272241 1.027E-76 1.682E-09.01000.01021487.1771-.400.012620              7              6                    S  8q     352222 5 7 2 3 2 2   126.0  102.0
452 3534.937950 2.773E-84 4.654E-07.01460.01526247.9000-.180.021737              9              7                    P 12      352222 6 6 2 3 2 2   138.0  150.0
452 3536.144578 6.594E-59 2.183E-07.02010.02013919.2874-.020.010958              5              4                    S  3q     352222 5 7 2 3 2 2    66.0   42.0
452 3536.309909 1.086E-35 2.535E-05.01720.017 3632.1604-.070.006729              2              1                    R  0      452222 6 6 2 3 2 2    18.0    6.0
452 3536.638570 1.081E-93 1.077E-06.00810.00831041.3953-.350.013352              6              5                    S 23q     352222 5 7 2 3 2 2   306.0  282.0
452 3537.899739 4.159E-96 1.159E-06.02310.02332084.1013-.120.032488             12              9                    P 15      352222 6 6 2 3 2 2   174.0  186.0
452 3537.909539 1.555E-66 1.102E-07.01460.01517455.4318-.240.011280              6              5                    S  5q     352222 5 7 2 3 2 2    90.0   66.0
452 3539.346650 8.495E-87 1.921E-08.01880.01926720.2725-.130.020998             10              8                    P  9      352222 6 6 2 3 2 2   102.0  114.0
452 3540.888190 4.308E-75 1.602E-04.00500.00523241.9387-.240.012249              3              2                    R 22      352222 6 6 2 3 2 2   282.0  270.0
452 3541.337141 4.999E-82 1.727E-06.01200.01225522.5073-.140.019448              7              5                    P 17      352222 6 6 2 3 2 2   198.0  210.0
452 3541.723701 2.307E-69 1.856E-04.00570.00620509.1052-.220.012869              4              3                    R 17      352222 6 6 2 3 2 2   222.0  210.0
452 3542.932461 1.325E-28 3.091E-05.01420.014   89.2279-.160.004205              1              0                    P  1      452222 6 6 2 3 2 2     6.0   18.0
452 3543.178471 3.015E-91 1.434E-08.02200.02228790.5210-.100.024300             11              9                    Q  9m     352220 4 4 2 3 2 2   114.0  114.0
452 3543.178471 4.342E-90 2.066E-07.02520.02528790.5210-.070.023569             11              9                    Q  9q     352222 5 7 2 3 2 2   114.0  114.0
452 3549.637950 6.434E-96 1.113E-05.05840.05832166.00300.330.023617             15             12                    R  2      352222 6 6 2 3 2 2    42.0   30.0
452 3552.412189 5.537E-35 4.769E-09.00650.006 1831.9614-.340.008866              1              0                    Q  6m     482220 4 4 2 3 2 2    78.0   78.0
452 3552.412189 1.281E-33 1.103E-07.00690.007 1831.9614-.310.008144              1              0                    Q  6q     482222 5 7 2 3 2 2    78.0   78.0
452 3556.363619 4.113E-95 3.766E-08.01230.01231021.6703-.120.021686              6              4                    Q 25m     352220 4 4 2 3 2 2   306.0  306.0
452 3556.363619 1.095E-94 1.002E-07.01310.01331021.6703-.090.021501              6              4                    Q 25q     352222 5 7 2 3 2 2   306.0  306.0
452 3558.550709 6.288E-53 1.248E-04.00830.00812479.8346-.270.011431              4              3                    R  7      352222 6 6 2 3 2 2   102.0   90.0
452 3558.940068 2.674E-96 5.893E-06.05200.05232040.34200.300.019756             15             12                    R  0      352222 6 6 2 3 2 2    18.0    6.0
452 3559.371620 7.416E-89 6.433E-07.00930.00928596.7553-.340.013674              7              6                    S 18q     352222 5 7 2 3 2 2   246.0  222.0
452 3564.062749 5.377E-96 8.748E-06.05620.05632082.39520.360.021992             15             12                    R  1      352222 6 6 2 3 2 2    30.0   18.0
452 3564.444860 4.160E-43 6.877E-05.01560.016 7573.5524-.050.008689              3              2                    R  3      352222 6 6 2 3 2 2    54.0   42.0
452 3564.541050 5.018E-90 5.618E-05.02750.02729888.6645-.080.020628             12             10                    R  7      352222 6 6 2 3 2 2   102.0   90.0
452 3567.804481 1.838E-88 1.468E-05.04130.04128514.59050.240.014347             12             10                    R  0      352222 6 6 2 3 2 2    18.0    6.0
452 3572.749839 2.505E-67 1.856E-04.00570.00619529.6714-.220.012869              4              3                    R 16      352222 6 6 2 3 2 2   210.0  198.0
452 3573.445870 3.304E-96 2.702E-05.02920.02932727.4384-.140.031821             14             11                    R 10      352222 6 6 2 3 2 2   138.0  126.0
452 3574.937339 1.348E-32 1.139E-07.00870.009 1317.3118-.240.007698              1              0                    Q  5q     482222 5 7 2 3 2 2    66.0   66.0
452 3574.937339 4.030E-34 3.405E-09.00810.008 1317.3118-.260.008459              1              0                    Q  5m     482220 4 4 2 3 2 2    66.0   66.0
452 3575.125119 5.326E-86 3.306E-06.03340.03327266.71920.110.014420             11              9                    P  5      352222 6 6 2 3 2 2    54.0   66.0
452 3576.668740 2.078E-90 1.952E-07.01990.02028998.8592-.120.024912             10              8                    Q 13q     352222 5 7 2 3 2 2   162.0  162.0
452 3576.668740 2.647E-91 2.486E-08.01790.01828998.8592-.110.024369             10              8                    Q 13m     352220 4 4 2 3 2 2   162.0  162.0
452 3578.694551 6.281E-81 1.702E-06.01110.01125018.0608-.130.019744              6              4                    P 19      352222 6 6 2 3 2 2   222.0  234.0
452 3578.772859 1.185E-98 3.032E-08.01080.01132701.5830-.040.020342              3              1                    Q 32q     352222 5 7 2 3 2 2   390.0  390.0
452 3578.772859 5.597E-99 1.432E-08.01050.01132701.5830-.040.020451              3              1                    Q 32m     352220 4 4 2 3 2 2   390.0  390.0
452 3581.730869 5.351E-75 7.115E-08.01170.01221438.7185-.170.018244              7              5                    O 12q     352222 5 7 2 3 2 2   126.0  150.0
452 3584.536910 7.620E-78 1.652E-09.00930.00922031.4438-.340.013674              7              6                    S  9q     352222 5 7 2 3 2 2   138.0  114.0
452 3587.233499 4.545E-54 1.368E-04.00720.00713058.7212-.300.011935              4              3                    R  8      352222 6 6 2 3 2 2   114.0  102.0
452 3587.868201 2.702E-77 1.208E-04.00450.00424246.5110-.240.011720              2              1                    R 25      352222 6 6 2 3 2 2   318.0  306.0
452 3593.865810 1.794E-33 2.269E-09.01030.010  883.1623-.170.007923              1              0                    Q  4m     482220 4 4 2 3 2 2    54.0   54.0
452 3593.865810 9.310E-32 1.178E-07.01110.011  883.1623-.160.007788              1              0                    Q  4q     482222 5 7 2 3 2 2    54.0   54.0
452 3597.262490 1.004E-72 1.643E-04.00500.00522110.0696-.240.012249              3              2                    R 21      352222 6 6 2 3 2 2   270.0  258.0
452 3597.581571 2.352E-65 1.844E-04.00570.00618578.9147-.220.012869              4              3                    R 15      352222 6 6 2 3 2 2   198.0  186.0
452 3597.681820 1.195E-95 1.309E-06.00840.00832024.2307-.220.014264              5              4                    S 26q     352222 5 7 2 3 2 2   342.0  318.0
452 3600.210680 3.513E-88 2.199E-05.04580.04628565.79200.320.017343             12             10                    R  1      352222 6 6 2 3 2 2    30.0   18.0
452 3600.310609 2.009E-89 5.172E-05.03080.03129556.4085-.030.020058             12             10                    R  6      352222 6 6 2 3 2 2    90.0   78.0
452 3600.832360 4.707E-83 3.718E-07.02980.03025418.50010.060.012146             10              8                    O  6q     352222 5 7 2 3 2 2    54.0   78.0
452 3601.848630 2.974E-65 5.918E-10.00870.00915927.8227-.110.017320              3              1                    O 18q     352222 5 7 2 3 2 2   198.0  222.0
452 3601.861001 1.237E-95 2.214E-09.01980.02030591.0162-.110.028254             10              7                    O 18q     352222 5 7 2 3 2 2   198.0  222.0
452 3602.120341 3.696E-80 1.453E-06.01150.01224639.3180-.070.020600              5              3                    P 21      352222 6 6 2 3 2 2   246.0  258.0
452 3604.438621 9.264E-92 8.122E-05.01900.01930891.0803-.200.022330             11              9                    R 13      352222 6 6 2 3 2 2   174.0  162.0
452 3606.381569 3.308E-87 5.419E-07.00930.00927764.4312-.340.013674              7              6                    S 17q     352222 5 7 2 3 2 2   234.0  210.0
452 3606.753239 3.437E-80 6.660E-05.00400.00425515.5462-.240.011261              1              0                    R 28      352222 6 6 2 3 2 2   354.0  342.0
452 3609.089239 2.399E-55 1.477E-04.00640.00613697.7662-.310.012414              4              3                    R  9      352222 6 6 2 3 2 2   126.0  114.0
452 3609.113078 4.566E-33 1.361E-09.01300.013  532.3093-.060.006626              1              0                    Q  3m     482220 4 4 2 3 2 2    42.0   42.0
452 3609.113078 4.123E-31 1.229E-07.01410.014  532.3093-.050.007063              1              0                    Q  3q     482222 5 7 2 3 2 2    42.0   42.0
452 3609.540151 2.714E-93 8.679E-05.01720.01731680.5944-.210.022030             10              8                    R 17      352222 6 6 2 3 2 2   222.0  210.0
452 3609.951112 6.351E-52 2.645E-07.02130.02110600.68410.050.011842              4              3                    S  2q     352222 5 7 2 3 2 2    54.0   30.0
452 3610.042642 5.808E-80 2.360E-07.00860.00924224.3365-.080.018182              2              0                    P 27      352222 6 6 2 3 2 2   318.0  330.0
452 3613.544931 1.693E-35 3.750E-05.01790.018 3717.53230.050.008813              2              1                    R  1      452222 6 6 2 3 2 2    30.0   18.0
452 3613.964241 1.020E-79 1.060E-06.01030.01024383.3948-.090.019664              4              2                    P 23      352222 6 6 2 3 2 2   270.0  282.0
452 3614.180401 1.368E-69 1.322E-08.01070.01118578.9147-.080.018770              5              3                    O 15q     352222 5 7 2 3 2 2   162.0  186.0
452 3615.093109 4.008E-82 8.986E-07.01320.01325383.7662-.150.020976              8              6                    P 14      352222 6 6 2 3 2 2   162.0  174.0
452 3616.077650 1.872E-63 1.819E-04.00570.00617660.7168-.220.012869              4              3                    R 14      352222 6 6 2 3 2 2   186.0  174.0
452 3616.098231 1.265E-79 6.212E-07.00940.00924246.5110-.060.018867              3              1                    P 25      352222 6 6 2 3 2 2   294.0  306.0
452 3619.157461 2.718E-77 1.439E-07.01430.01422622.6780-.190.018993              8              6                    O 10q     352222 5 7 2 3 2 2   102.0  126.0
452 3620.306159 3.557E-89 2.286E-07.02780.02828346.9984-.040.022173             11              9                    Q  8q     352222 5 7 2 3 2 2   102.0  102.0
452 3620.306159 1.731E-90 1.113E-08.02410.02428346.9984-.080.021944             11              9                    Q  8m     352220 4 4 2 3 2 2   102.0  102.0
452 3620.610129 1.152E-30 1.333E-07.01680.017  267.06920.030.006259              1              0                    Q  2q     482222 5 7 2 3 2 2    30.0   30.0
452 3620.610129 5.880E-33 6.801E-10.01580.016  267.06920.030.006455              1              0                    Q  2m     482220 4 4 2 3 2 2    30.0   30.0
452 3621.754711 1.073E-92 1.341E-07.01440.01430104.9966-.090.021268              7              5                    Q 22q     352222 5 7 2 3 2 2   270.0  270.0
452 3621.754711 3.012E-93 3.764E-08.01340.01330104.9966-.100.022428              7              5                    Q 22m     352220 4 4 2 3 2 2   270.0  270.0
452 3622.160421 1.229E-43 8.160E-05.01250.012 7894.2124-.150.009650              3              2                    R  4      352222 6 6 2 3 2 2    66.0   54.0
452 3622.471460 3.838E-88 2.852E-05.04660.04728667.70520.290.018634             12             10                    R  2      352222 6 6 2 3 2 2    42.0   30.0
452 3623.494961 6.355E-89 4.656E-05.03450.03529265.76420.030.019543             12             10                    R  5      352222 6 6 2 3 2 2    78.0   66.0
452 3624.074159 9.450E-57 1.574E-04.00570.00614393.2406-.220.012869              4              3                    R 10      352222 6 6 2 3 2 2   138.0  126.0
452 3625.222120 4.500E-78 1.626E-08.00930.00922622.6780-.340.013674              7              6                    S 10q     352222 5 7 2 3 2 2   150.0  126.0
452 3626.636812 1.668E-67 7.854E-08.01160.01217860.5404-.360.010673              6              5                    S  6q     352222 5 7 2 3 2 2   102.0   78.0
452 3628.097178 1.236E-61 1.779E-04.00570.00616779.0334-.220.012869              4              3                    R 13      352222 6 6 2 3 2 2   174.0  162.0
452 3628.304368 2.779E-33 2.266E-10.01740.017   89.22790.010.005172              1              0                    Q  1m     482220 4 4 2 3 2 2    18.0   18.0
452 3628.304368 2.306E-30 1.881E-07.01610.016   89.22790.000.005368              1              0                    Q  1q     482222 5 7 2 3 2 2    18.0   18.0
452 3628.943951 5.565E-80 2.493E-07.02060.02123953.1231-.100.017715              9              7                    O  8q     352222 5 7 2 3 2 2    78.0  102.0
452 3629.303400 8.830E-92 1.018E-06.00810.00830104.9966-.350.013352              6              5                    S 22q     352222 5 7 2 3 2 2   294.0  270.0
452 3632.196411 2.838E-58 1.657E-04.00570.00615141.2673-.220.012869              4              3                    R 11      352222 6 6 2 3 2 2   150.0  138.0
452 3633.508189 6.639E-60 1.726E-04.00570.00615937.8726-.220.012869              4              3                    R 12      352222 6 6 2 3 2 2   162.0  150.0
452 3634.094471 2.864E-88 3.481E-05.04350.04328819.36090.200.018938             12             10                    R  3      352222 6 6 2 3 2 2    54.0   42.0
452 3634.595371 1.554E-88 4.087E-05.03910.03929019.33240.110.017737             12             10                    R  4      352222 6 6 2 3 2 2    66.0   54.0
452 3636.064130 2.333E-95 2.981E-08.01280.01331096.6369-.020.022428              5              3                    Q 27m     352220 4 4 2 3 2 2   330.0  330.0
452 3636.064130 6.456E-95 8.249E-08.01330.01331096.6369-.020.022202              5              3                    Q 27q     352222 5 7 2 3 2 2   330.0  330.0
452 3638.289500 1.717E-90 1.873E-07.01790.01829063.8443-.090.023870              9              7                    Q 16q     352222 5 7 2 3 2 2   198.0  198.0
452 3638.289500 2.816E-91 3.071E-08.01620.01629063.8443-.110.023315              9              7                    Q 16m     352220 4 4 2 3 2 2   198.0  198.0
452 3640.833409 2.818E-96 3.160E-10.01330.01330616.8946-.000.025800              3              0                    O 32q     352222 5 7 2 3 2 2   366.0  390.0
452 3641.316500 2.869E-96 2.097E-07.03730.03731631.80330.020.027634             14             11                    P  7      352222 6 6 2 3 2 2    78.0   90.0
452 3642.038860 1.308E-85 4.373E-07.00930.00926948.9774-.340.013674              7              6                    S 16q     352222 5 7 2 3 2 2   222.0  198.0
452 3644.656861 3.441E-86 6.351E-07.04020.04026783.21440.260.000751             11              9                    O  3q     352222 5 7 2 3 2 2    18.0   42.0
452 3646.829231 1.395E-84 3.711E-07.02110.02126241.8354-.100.019868             10              8                    P  8      352222 6 6 2 3 2 2    90.0  102.0
452 3648.273330 2.194E-70 1.678E-04.00500.00520991.0448-.240.012249              3              2                    R 20      352222 6 6 2 3 2 2   258.0  246.0
452 3649.905299 1.634E-59 2.010E-07.01640.01614210.6352-.120.011639              5              4                    S  4q     352222 5 7 2 3 2 2    78.0   54.0
452 3650.951209 6.015E-92 3.516E-08.01470.01529442.2049-.100.023276              8              6                    Q 19m     352220 4 4 2 3 2 2   234.0  234.0
452 3650.951209 2.821E-91 1.649E-07.01600.01629442.2049-.090.022969              8              6                    Q 19q     352222 5 7 2 3 2 2   234.0  234.0
452 3651.412231 3.363E-90 1.689E-07.05030.05028514.59050.290.018859             12             10                    S  0q     352222 5 7 2 3 2 2    30.0    6.0
452 3654.338889 1.087E-83 9.896E-08.01460.01525615.9806-.180.021737              9              7                    P 11      352222 6 6 2 3 2 2   126.0  138.0
452 3655.189331 6.385E-79 4.746E-08.00930.00923257.2697-.340.013674              7              6                    S 11q     352222 5 7 2 3 2 2   162.0  138.0
452 3655.970031 9.740E-75 1.250E-04.00450.00423026.6365-.240.011720              2              1                    R 24      352222 6 6 2 3 2 2   306.0  294.0
452 3657.670411 2.418E-98 3.703E-07.05630.05632653.92800.180.027569             16             12                    P  5      352222 6 6 2 3 2 2    54.0   66.0
452 3659.779920 2.624E-85 5.993E-06.03720.03726999.68390.190.010764             11              9                    P  4      352222 6 6 2 3 2 2    42.0   54.0
452 3662.270740 1.072E-97 4.236E-12.01840.01830297.0439-.100.027749              9              6                    O 20q     352222 5 7 2 3 2 2   222.0  246.0
452 3663.590660 8.020E-45 2.514E-07.02100.021 7168.47030.060.011908              3              2                    S  1q     352222 5 7 2 3 2 2    42.0   18.0
452 3665.633730 9.052E-63 2.209E-11.00790.00814079.8311-.110.016749              2              0                    O 19q     352222 5 7 2 3 2 2   210.0  234.0
452 3666.561468 4.464E-84 3.358E-07.00930.00926154.1592-.340.013674              7              6                    S 15q     352222 5 7 2 3 2 2   210.0  186.0
452 3666.693560 3.039E-94 8.708E-05.01570.01632156.1268-.180.021771              9              7                    R 20      352222 6 6 2 3 2 2   258.0  246.0
452 3671.296251 4.883E-96 1.546E-06.02000.02032156.1268-.100.030767             10              7                    P 20      352222 6 6 2 3 2 2   234.0  246.0
452 3673.261540 2.076E-80 1.188E-06.01200.01224651.0081-.140.019448              7              5                    P 16      352222 6 6 2 3 2 2   186.0  198.0
452 3673.541130 3.284E-95 9.808E-10.01450.01430327.0355-.000.026687              4              1                    O 30q     352222 5 7 2 3 2 2   342.0  366.0
452 3673.755949 2.376E-44 9.439E-05.01000.010 8290.8754-.240.010072              3              2                    R  5      352222 6 6 2 3 2 2    78.0   66.0
452 3674.352738 5.184E-80 9.608E-08.00930.00923931.5059-.340.013674              7              6                    S 12q     352222 5 7 2 3 2 2   174.0  150.0
452 3680.078179 1.277E-82 2.426E-07.00930.00925383.7662-.340.013674              7              6                    S 14q     352222 5 7 2 3 2 2   198.0  174.0
452 3680.558929 6.226E-96 2.148E-07.02480.02531571.6453-.130.033495             13             10                    P 11      352222 6 6 2 3 2 2   126.0  138.0
452 3681.480840 4.147E-89 2.220E-07.01990.02028381.7967-.120.024912             10              8                    Q 12q     352222 5 7 2 3 2 2   150.0  150.0
452 3681.480840 3.813E-90 2.041E-08.01790.01828381.7967-.110.024369             10              8                    Q 12m     352220 4 4 2 3 2 2   150.0  150.0
452 3682.661110 2.943E-81 1.617E-07.00930.00924641.6085-.340.013674              7              6                    S 13q     352222 5 7 2 3 2 2   186.0  162.0
452 3684.956751 1.760E-77 6.929E-05.00400.00424224.3365-.240.011261              1              0                    R 27      352222 6 6 2 3 2 2   342.0  330.0
452 3685.873042 1.286E-35 4.841E-05.01660.017 3887.67940.030.008395              2              1                    R  2      452222 6 6 2 3 2 2    42.0   30.0
452 3685.889079 2.666E-71 3.918E-08.01060.01119571.3807-.160.017846              6              4                    O 13q     352222 5 7 2 3 2 2   138.0  162.0
452 3688.675851 2.348E-88 2.494E-07.03090.03127943.1272-.020.020585             11              9                    Q  7q     352222 5 7 2 3 2 2    90.0   90.0
452 3688.675851 7.921E-90 8.412E-09.02670.02727943.1272-.040.021523             11              9                    Q  7m     352220 4 4 2 3 2 2    90.0   90.0
452 3693.818572 4.417E-68 1.706E-04.00500.00519888.2438-.240.012249              3              2                    R 19      352222 6 6 2 3 2 2   246.0  234.0
452 3694.254400 4.147E-66 4.487E-09.00960.01016712.8762-.120.017983              4              2                    O 16q     352222 5 7 2 3 2 2   174.0  198.0
452 3697.476299 5.262E-95 7.523E-10.02290.02330104.99660.060.030519              8              5                    O 22q     352222 5 7 2 3 2 2   246.0  270.0
452 3697.851442 1.413E-94 1.747E-09.01590.01630127.87140.010.027699              5              2                    O 28q     352222 5 7 2 3 2 2   318.0  342.0
452 3698.916829 1.090E-37 1.670E-07.01900.019 3632.16040.000.010307              2              1                    S  0q     452222 5 7 2 3 2 2    30.0    6.0
452 3703.011968 7.526E-96 2.097E-08.01160.01231263.9704-.050.021361              4              2                    Q 29m     352220 4 4 2 3 2 2   354.0  354.0
452 3703.011968 2.151E-95 5.992E-08.01190.01231263.9704-.050.021202              4              2                    Q 29q     352222 5 7 2 3 2 2   354.0  354.0
452 3705.634900 1.123E-68 4.741E-08.00980.01018325.8089-.410.011066              6              5                    S  7q     352222 5 7 2 3 2 2   114.0   90.0
452 3708.896549 1.296E-90 8.225E-05.01900.01930324.3701-.200.022330             11              9                    R 12      352222 6 6 2 3 2 2   162.0  150.0
452 3709.629310 6.966E-90 9.312E-07.00810.00829170.4969-.350.013352              6              5                    S 21q     352222 5 7 2 3 2 2   282.0  258.0
452 3711.030769 1.382E-93 1.278E-06.00840.00831021.6703-.220.014264              5              4                    S 25q     352222 5 7 2 3 2 2   330.0  306.0
452 3711.716350 2.688E-94 2.170E-09.01750.01830022.58370.050.028301              6              3                    O 26q     352222 5 7 2 3 2 2   294.0  318.0
452 3712.632681 2.168E-94 1.830E-09.01600.01630014.1186-.070.026900              7              4                    O 24q     352222 5 7 2 3 2 2   270.0  294.0
452 3713.602542 4.508E-79 1.263E-06.01110.01124050.8288-.130.019744              6              4                    P 18      352222 6 6 2 3 2 2   210.0  222.0
452 3717.532300 3.012E-28 1.671E-05.01530.015    0.0000-.110.007320              1              0                    R  0      452222 6 6 2 3 2 2    18.0    6.0
452 3718.924910 3.085E-45 1.069E-04.00850.008 8760.9098-.270.010553              3              2                    R  6      352222 6 6 2 3 2 2    90.0   78.0
452 3719.280069 3.421E-72 1.290E-04.00450.00421812.0164-.240.011720              2              1                    R 23      352222 6 6 2 3 2 2   294.0  282.0
452 3720.181380 1.536E-92 1.196E-07.01310.01330014.1186-.090.021501              6              4                    Q 24q     352222 5 7 2 3 2 2   294.0  294.0
452 3720.181380 4.151E-93 3.232E-08.01230.01230014.1186-.120.021686              6              4                    Q 24m     352220 4 4 2 3 2 2   294.0  294.0
452 3724.384601 4.237E-90 2.028E-07.05010.05028565.79200.290.023011             12             10                    S  1q     352222 5 7 2 3 2 2    42.0   18.0
452 3728.338830 2.437E-94 1.421E-08.02140.02130304.9278-.120.028813             11              8                    O 15q     352222 5 7 2 3 2 2   162.0  186.0
452 3733.765831 8.050E-66 1.727E-04.00500.00518805.1728-.240.012249              3              2                    R 18      352222 6 6 2 3 2 2   234.0  222.0
452 3737.780722 8.571E-85 9.982E-06.03960.04026783.21440.270.007681             11              9                    P  3      352222 6 6 2 3 2 2    30.0   42.0
452 3738.824260 2.389E-52 2.688E-07.01750.01710832.0609-.060.011271              4              3                    S  3q     352222 5 7 2 3 2 2    66.0   42.0
452 3739.303111 4.344E-78 1.134E-06.01150.01223582.0622-.070.020600              5              3                    P 20      352222 6 6 2 3 2 2   234.0  246.0
452 3739.667160 2.181E-82 4.602E-07.03360.03425079.69380.150.009388             10              8                    O  5q     352222 5 7 2 3 2 2    42.0   66.0
452 3740.188301 5.688E-81 3.998E-07.01320.01324641.6085-.150.020976              8              6                    P 13      352222 6 6 2 3 2 2   150.0  162.0
452 3741.747099 1.870E-73 9.262E-08.01170.01220723.2301-.170.018244              7              5                    O 11q     352222 5 7 2 3 2 2   114.0  138.0
452 3748.400749 1.228E-87 2.687E-07.03500.03527582.06690.030.017899             11              9                    Q  6q     352222 5 7 2 3 2 2    78.0   78.0
452 3748.400749 2.811E-89 6.151E-09.02990.03027582.06690.000.019890             11              9                    Q  6m     352220 4 4 2 3 2 2    78.0   78.0
452 3749.554280 3.286E-83 1.287E-06.02370.02425806.8543-.050.018503             10              8                    P  7      352222 6 6 2 3 2 2    78.0   90.0
452 3749.717660 3.232E-95 1.251E-06.02150.02131680.5944-.110.031586             11              8                    P 17      352222 6 6 2 3 2 2   198.0  210.0
452 3750.734360 6.719E-96 1.466E-06.00720.00732162.6343-.260.014156              4              3                    S 28q     352222 5 7 2 3 2 2   366.0  342.0
452 3750.929051 2.351E-77 2.001E-07.00860.00922931.6775-.080.018182              2              0                    P 26      352222 6 6 2 3 2 2   306.0  318.0
452 3752.730811 2.020E-95 2.942E-05.03080.03132333.6997-.120.030892             14             11                    R  9      352222 6 6 2 3 2 2   126.0  114.0
452 3752.790028 5.685E-36 5.923E-05.01360.014 4141.4224-.080.009190              2              1                    R  3      452222 6 6 2 3 2 2    54.0   42.0
452 3752.843919 1.878E-77 8.577E-07.01030.01023241.9387-.090.019664              4              2                    P 22      352222 6 6 2 3 2 2   258.0  270.0
452 3754.923891 2.657E-60 1.727E-07.01330.01314570.8851-.210.011845              5              4                    S  5q     352222 5 7 2 3 2 2    90.0   66.0
452 3756.190321 3.513E-77 5.163E-07.00940.00923026.6365-.060.018867              3              1                    P 24      352222 6 6 2 3 2 2   282.0  294.0
452 3757.085720 7.309E-92 9.153E-05.01720.01730986.0692-.210.022030             10              8                    R 16      352222 6 6 2 3 2 2   210.0  198.0
452 3757.431289 2.754E-46 1.189E-04.00720.007 9301.2899-.290.011011              3              2                    R  7      352222 6 6 2 3 2 2   102.0   90.0
452 3758.337980 4.208E-95 7.506E-07.02310.02331479.0148-.120.032488             12              9                    P 14      352222 6 6 2 3 2 2   162.0  174.0
452 3758.895769 9.084E-75 7.201E-05.00400.00422931.6775-.240.011261              1              0                    R 26      352222 6 6 2 3 2 2   330.0  318.0
452 3759.036740 1.296E-96 1.215E-08.01050.01131520.9739-.040.020451              3              1                    Q 31m     352220 4 4 2 3 2 2   378.0  378.0
452 3759.036740 3.814E-96 3.576E-08.01080.01131520.9739-.040.020342              3              1                    Q 31q     352222 5 7 2 3 2 2   378.0  378.0
452 3759.831730 6.318E-89 2.151E-07.01790.01828324.2696-.090.023870              9              7                    Q 15q     352222 5 7 2 3 2 2   186.0  186.0
452 3759.831730 7.571E-90 2.578E-08.01620.01628324.2696-.110.023315              9              7                    Q 15m     352220 4 4 2 3 2 2   186.0  186.0
452 3761.889560 4.379E-86 1.164E-06.03900.03926619.17440.240.002429             11              9                    O  2q     352222 5 7 2 3 2 2     6.0   30.0
452 3766.181570 9.068E-63 9.296E-10.00870.00914812.7331-.110.017320              3              1                    O 17q     352222 5 7 2 3 2 2   186.0  210.0
452 3767.959780 1.304E-63 1.740E-04.00500.00517745.4648-.240.012249              3              2                    R 17      352222 6 6 2 3 2 2   222.0  210.0
452 3770.071751 1.872E-83 1.109E-08.01560.01625020.4493-.150.021163              9              7                    P 10      352222 6 6 2 3 2 2   114.0  126.0
452 3772.367809 2.133E-91 3.223E-08.01340.01329170.4969-.100.022428              7              5                    Q 21m     352220 4 4 2 3 2 2   258.0  258.0
452 3772.367809 1.043E-90 1.576E-07.01440.01429170.4969-.090.021268              7              5                    Q 21q     352222 5 7 2 3 2 2   258.0  258.0
452 3774.531299 4.233E-70 2.124E-08.00850.00918848.1467-.430.012362              6              5                    S  8q     352222 5 7 2 3 2 2   126.0  102.0
452 3775.410621 4.981E-76 1.837E-07.01610.01622031.4438-.160.017435              8              6                    O  9q     352222 5 7 2 3 2 2    90.0  114.0
452 3776.794171 3.415E-95 7.335E-07.04260.04331330.46780.080.023785             14             11                    P  6      352222 6 6 2 3 2 2    66.0   78.0
452 3777.733611 1.153E-69 1.328E-04.00450.00420605.6613-.240.011720              2              1                    R 22      352222 6 6 2 3 2 2   282.0  270.0
452 3777.791721 4.719E-89 1.659E-08.01790.01827793.8536-.110.024369             10              8                    Q 11m     352220 4 4 2 3 2 2   138.0  138.0
452 3777.791722 7.052E-88 2.480E-07.01990.02027793.8536-.120.024912             10              8                    Q 11q     352222 5 7 2 3 2 2   138.0  138.0
452 3778.001840 1.370E-67 1.803E-08.01070.01117660.7168-.080.018770              5              3                    O 14q     352222 5 7 2 3 2 2   150.0  174.0
452 3778.409399 5.213E-88 8.255E-07.00810.00828241.4383-.350.013352              6              5                    S 20q     352222 5 7 2 3 2 2   270.0  246.0
452 3778.425090 5.211E-79 3.123E-07.02350.02323488.2942-.040.015798              9              7                    O  7q     352222 5 7 2 3 2 2    66.0   90.0
452 3785.750221 3.172E-90 2.002E-07.04840.04828667.70520.250.023162             12             10                    S  2q     352222 5 7 2 3 2 2    54.0   30.0
452 3787.621428 2.747E-90 2.990E-08.01470.01528596.7553-.100.023276              8              6                    Q 18m     352220 4 4 2 3 2 2   222.0  222.0
452 3787.621428 1.759E-89 1.915E-07.01600.01628596.7553-.090.022969              8              6                    Q 18q     352222 5 7 2 3 2 2   222.0  222.0
452 3789.109431 1.729E-47 1.300E-04.00620.006 9908.6568-.330.010804              3              2                    R  8      352222 6 6 2 3 2 2   114.0  102.0
452 3794.713281 5.914E-94 5.050E-08.02310.02330324.3701-.140.029425             12              9                    O 12q     352222 5 7 2 3 2 2   126.0  150.0
452 3796.229040 1.840E-61 1.742E-04.00500.00516712.8762-.240.012249              3              2                    R 16      352222 6 6 2 3 2 2   210.0  198.0
452 3798.451391 4.587E-28 2.460E-05.01580.016   89.22790.020.008648              1              0                    R  1      452222 6 6 2 3 2 2    30.0   18.0
452 3798.597979 1.588E-89 8.209E-05.01900.01929782.8379-.200.022330             11              9                    R 11      352222 6 6 2 3 2 2   150.0  138.0
452 3799.549730 4.999E-87 2.868E-07.04000.04027266.71920.100.016655             11              9                    Q  5q     352222 5 7 2 3 2 2    66.0   66.0
452 3799.549731 7.493E-89 4.299E-09.03410.03427266.71920.060.017885             11              9                    Q  5m     352220 4 4 2 3 2 2    66.0   66.0
452 3802.779929 6.430E-79 6.838E-07.01200.01223803.0787-.140.019448              7              5                    P 15      352222 6 6 2 3 2 2   174.0  186.0
452 3802.972819 8.190E-96 1.302E-06.01870.01932019.8476-.080.030030              9              6                    P 22      352222 6 6 2 3 2 2   258.0  270.0
452 3803.139150 3.257E-93 2.553E-08.01280.01330022.5837-.020.022428              5              3                    Q 26m     352220 4 4 2 3 2 2   318.0  318.0
452 3803.139150 1.240E-92 9.718E-08.01330.01330022.5837-.020.022202              5              3                    Q 26q     352222 5 7 2 3 2 2   318.0  318.0
452 3805.214119 1.051E-97 8.450E-07.06060.06132453.45570.280.022712             16             12                    P  4      352222 6 6 2 3 2 2    42.0   54.0
452 3805.780371 2.930E-97 1.408E-08.00990.01031864.7507-.040.019593              2              0                    Q 33q     352222 5 7 2 3 2 2   402.0  402.0
452 3805.780371 9.689E-98 4.657E-09.00970.01031864.7507-.040.019667              2              0                    Q 33m     352220 4 4 2 3 2 2   402.0  402.0
452 3806.919999 4.875E-45 2.829E-07.01870.019 7331.07720.020.010568              3              2                    S  2q     352222 5 7 2 3 2 2    54.0   30.0
452 3808.696929 1.798E-84 1.632E-05.03830.03826619.17440.290.005913             11              9                    P  2      352222 6 6 2 3 2 2    18.0   30.0
452 3811.604170 1.601E-91 1.210E-06.00840.00830014.1186-.220.014264              5              4                    S 24q     352222 5 7 2 3 2 2   318.0  294.0
452 3813.847302 1.558E-36 7.008E-05.01090.011 4477.0282-.190.008749              2              1                    R  4      452222 6 6 2 3 2 2    66.0   54.0
452 3813.861181 7.804E-49 1.402E-04.00540.00510579.3795-.250.011859              3              2                    R  9      352222 6 6 2 3 2 2   126.0  114.0
452 3818.393330 2.220E-59 1.733E-04.00500.00515711.2781-.240.012249              3              2                    R 15      352222 6 6 2 3 2 2   198.0  186.0
452 3824.155430 5.158E-94 2.620E-09.01980.02029820.7206-.110.028254             10              7                    O 17q     352222 5 7 2 3 2 2   186.0  210.0
452 3828.555050 4.664E-72 7.475E-05.00400.00421640.1952-.240.011261              1              0                    R 25      352222 6 6 2 3 2 2   318.0  306.0
452 3831.225871 3.668E-67 1.363E-04.00450.00419410.7129-.240.011720              2              1                    R 21      352222 6 6 2 3 2 2   270.0  258.0
452 3831.253330 6.516E-60 5.445E-11.00790.00812881.6229-.110.016749              2              0                    O 18q     352222 5 7 2 3 2 2   198.0  222.0
452 3831.650942 2.589E-50 1.491E-04.00500.00511309.6164-.240.012249              3              2                    R 10      352222 6 6 2 3 2 2   138.0  126.0
452 3833.057511 5.551E-72 4.314E-09.00810.00819424.2123-.350.013352              6              5                    S  9q     352222 5 7 2 3 2 2   138.0  114.0
452 3834.270641 2.243E-57 1.712E-04.00500.00514744.6441-.240.012249              3              2                    R 14      352222 6 6 2 3 2 2   186.0  174.0
452 3834.566799 1.605E-90 1.777E-07.04380.04428819.36090.160.022413             12             10                    S  3q     352222 5 7 2 3 2 2    66.0   42.0
452 3836.158090 3.629E-86 7.081E-07.00810.00827321.3652-.350.013352              6              5                    S 19q     352222 5 7 2 3 2 2   258.0  234.0
452 3841.355679 1.291E-92 9.360E-05.01570.01631370.8127-.180.021771              9              7                    R 19      352222 6 6 2 3 2 2   246.0  234.0
452 3842.160399 1.555E-86 3.044E-07.04570.04626999.68390.190.014258             11              9                    Q  4q     352222 5 7 2 3 2 2    54.0   54.0
452 3842.160399 1.437E-88 2.814E-09.03880.03926999.68390.150.015591             11              9                    Q  4m     352220 4 4 2 3 2 2    54.0   54.0
452 3842.499110 6.454E-52 1.567E-04.00500.00512095.3736-.240.012249              3              2                    R 11      352222 6 6 2 3 2 2   150.0  138.0
452 3843.684970 1.859E-55 1.678E-04.00500.00513817.0319-.240.012249              3              2                    R 13      352222 6 6 2 3 2 2   174.0  162.0
452 3846.474310 1.236E-53 1.630E-04.00500.00512932.5591-.240.012249              3              2                    R 12      352222 6 6 2 3 2 2   162.0  150.0
452 3846.556430 2.621E-77 8.315E-07.01110.01123102.4211-.130.019744              6              4                    P 17      352222 6 6 2 3 2 2   198.0  210.0
452 3847.264170 3.982E-82 2.938E-06.02670.02725418.50010.010.016910             10              8                    P  6      352222 6 6 2 3 2 2    66.0   78.0
452 3849.214479 1.432E-69 5.200E-08.01060.01118773.4636-.160.017846              6              4                    O 12q     352222 5 7 2 3 2 2   126.0  150.0
452 3850.596061 2.858E-61 1.372E-07.01080.01114997.5508-.320.012279              5              4                    S  6q     352222 5 7 2 3 2 2   102.0   78.0
452 3856.020070 1.260E-37 2.270E-07.01840.018 3717.53230.030.011438              2              1                    S  1q     452222 5 7 2 3 2 2    42.0   18.0
452 3859.553642 5.728E-53 2.571E-07.01420.01411137.9972-.150.011257              4              3                    S  4q     352222 5 7 2 3 2 2    78.0   54.0
452 3860.102741 6.565E-64 6.401E-09.00960.01015711.2781-.120.017983              4              2                    O 15q     352222 5 7 2 3 2 2   162.0  186.0
452 3861.237960 4.832E-96 2.095E-08.02640.02631104.6394-.120.032412             13             10                    P 10      352222 6 6 2 3 2 2   114.0  126.0
452 3861.649401 1.417E-93 4.022E-10.01330.01329355.7778-.000.025800              3              0                    O 31q     352222 5 7 2 3 2 2   354.0  378.0
452 3862.347741 2.812E-80 7.261E-08.01320.01323931.5059-.150.020976              8              6                    P 12      352222 6 6 2 3 2 2   138.0  150.0
452 3863.521880 5.875E-94 8.816E-05.01450.01532019.8476-.160.020519              8              6                    R 22      352222 6 6 2 3 2 2   282.0  270.0
452 3865.848520 1.005E-86 2.729E-07.02100.02127238.7909-.090.023868             10              8                    Q 10q     352222 5 7 2 3 2 2   126.0  126.0
452 3865.848520 4.907E-88 1.333E-08.01870.01927238.7909-.110.024423             10              8                    Q 10m     352220 4 4 2 3 2 2   126.0  126.0
452 3868.660669 2.743E-37 8.087E-05.00870.009 4892.2491-.280.009132              2              1                    R  5      452222 6 6 2 3 2 2    78.0   66.0
452 3869.926771 5.682E-91 1.433E-07.03890.03929019.33240.070.021940             12             10                    S  4q     352222 5 7 2 3 2 2    78.0   54.0
452 3870.345491 1.056E-93 1.426E-06.00720.00731096.6369-.260.014156              4              3                    S 27q     352222 5 7 2 3 2 2   354.0  330.0
452 3872.064700 2.065E-84 3.403E-05.03480.03526508.99920.200.007893             11              9                    P  1      352222 6 6 2 3 2 2     6.0   18.0
452 3872.705210 5.533E-93 6.976E-08.01190.01230127.8714-.050.021202              4              2                    Q 28q     352222 5 7 2 3 2 2   342.0  342.0
452 3872.705210 1.421E-93 1.792E-08.01160.01230127.8714-.050.021361              4              2                    Q 28m     352220 4 4 2 3 2 2   342.0  342.0
452 3873.156239 2.062E-87 2.424E-07.01790.01827605.8586-.090.023870              9              7                    Q 14q     352222 5 7 2 3 2 2   174.0  174.0
452 3873.156239 1.831E-88 2.152E-08.01620.01627605.8586-.110.023315              9              7                    Q 14m     352220 4 4 2 3 2 2   174.0  174.0
452 3874.353180 3.343E-28 3.163E-05.01450.015  267.0692-.000.008191              1              0                    R  2      452222 6 6 2 3 2 2    42.0   30.0
452 3874.388831 1.669E-88 8.079E-05.01900.01929270.3194-.200.022330             11              9                    R 10      352222 6 6 2 3 2 2   138.0  126.0
452 3874.646169 7.328E-82 5.770E-07.03650.03724793.05910.220.004797             10              8                    O  4q     352222 5 7 2 3 2 2    30.0   54.0
452 3874.911149 4.370E-76 8.112E-07.01150.01222538.9385-.070.020600              5              3                    P 19      352222 6 6 2 3 2 2   222.0  234.0
452 3875.214619 4.246E-91 2.770E-08.01230.01229004.9115-.120.021686              6              4                    Q 23m     352220 4 4 2 3 2 2   282.0  282.0
452 3875.214619 2.132E-90 1.390E-07.01310.01329004.9115-.090.021501              6              4                    Q 23q     352222 5 7 2 3 2 2   282.0  282.0
452 3876.249419 3.623E-86 3.241E-07.05140.05126783.21440.290.011945             11              9                    Q  3q     352222 5 7 2 3 2 2    42.0   42.0
452 3876.249419 1.859E-88 1.663E-09.04390.04426783.21440.240.012659             11              9                    Q  3m     352220 4 4 2 3 2 2    42.0   42.0
452 3879.618609 1.084E-64 1.394E-04.00450.00418230.4511-.240.011720              2              1                    R 20      352222 6 6 2 3 2 2   258.0  246.0
452 3881.038322 2.868E-74 4.413E-10.00810.00820050.4677-.350.013352              6              5                    S 10q     352222 5 7 2 3 2 2   150.0  126.0
452 3882.021342 7.081E-81 3.341E-07.01700.01724464.9771-.130.019369              9              7                    P  9      352222 6 6 2 3 2 2   102.0  114.0
452 3883.194430 2.301E-84 5.858E-07.00810.00826413.8496-.350.013352              6              5                    S 18q     352222 5 7 2 3 2 2   246.0  222.0
452 3886.5338701.854E-101 1.369E-17.01840.01829442.2049-.100.027749              9              6                    O 19q     352222 5 7 2 3 2 2   210.0  234.0
452 3886.597591 2.547E-93 3.033E-08.02640.02629888.6645-.150.021505             12             10                    S  7q     352222 5 7 2 3 2 2   114.0   90.0
452 3887.679319 2.994E-30 1.090E-07.01650.017    0.0000-.050.009988              1              0                    S  0q     452222 5 7 2 3 2 2    30.0    6.0
452 3887.949409 1.835E-90 9.523E-05.01720.01730304.9278-.210.022030             10              8                    R 15      352222 6 6 2 3 2 2   198.0  186.0
452 3890.473549 3.090E-75 6.490E-07.01030.01022110.0696-.090.019664              4              2                    P 21      352222 6 6 2 3 2 2   246.0  258.0
452 3890.954929 1.411E-91 1.033E-07.03390.03429265.7642-.010.021839             12             10                    S  5q     352222 5 7 2 3 2 2    90.0   66.0
452 3891.101250 9.074E-75 1.625E-07.00860.00921640.1952-.080.018182              2              0                    P 25      352222 6 6 2 3 2 2   294.0  306.0
452 3891.128609 2.288E-96 1.516E-06.00610.00632389.2273-.190.013490              3              2                    S 30q     352222 5 7 2 3 2 2   390.0  366.0
452 3893.872340 2.349E-69 7.747E-05.00400.00420352.6387-.240.011261              1              0                    R 24      352222 6 6 2 3 2 2   306.0  294.0
452 3895.315759 9.030E-75 4.068E-07.00940.00921812.0164-.060.018867              3              1                    P 23      352222 6 6 2 3 2 2   270.0  282.0
452 3896.087559 1.267E-92 1.263E-09.01450.01429122.2994-.000.026687              4              1                    O 29q     352222 5 7 2 3 2 2   330.0  354.0
452 3896.797060 2.396E-92 6.376E-08.02980.03029556.4085-.090.022100             12             10                    S  6q     352222 5 7 2 3 2 2   102.0   78.0
452 3897.741720 2.195E-94 1.699E-06.04650.04731066.26900.150.020415             14             11                    P  5      352222 6 6 2 3 2 2    54.0   66.0
452 3900.587669 1.829E-89 1.114E-06.00840.00829004.9115-.220.014264              5              4                    S 23q     352222 5 7 2 3 2 2   306.0  282.0
452 3901.820779 6.238E-86 3.567E-07.05420.05426619.17440.380.010101             11              9                    Q  2q     352222 5 7 2 3 2 2    30.0   30.0
452 3901.820779 1.439E-88 8.225E-10.04770.04826619.17440.330.010686             11              9                    Q  2m     352220 4 4 2 3 2 2    30.0   30.0
452 3902.655520 5.252E-72 1.202E-07.01270.01320050.4677-.200.018599              7              5                    O 10q     352222 5 7 2 3 2 2   102.0  126.0
452 3902.748171 1.039E-94 3.049E-05.03310.03331967.3047-.080.028421             14             11                    R  8      352222 6 6 2 3 2 2   114.0  102.0
452 3907.252770 8.022E-96 9.955E-07.02430.02431976.11670.080.034318              8              5                    P 24      352222 6 6 2 3 2 2   282.0  294.0
452 3914.688661 1.476E-89 2.754E-08.01340.01328241.4383-.100.022428              7              5                    Q 20m     352220 4 4 2 3 2 2   246.0  246.0
452 3914.688661 9.709E-89 1.811E-07.01440.01428241.4383-.090.021268              7              5                    Q 20q     352222 5 7 2 3 2 2   246.0  246.0
452 3916.163191 1.177E-88 2.534E-08.01470.01527764.4312-.100.023276              8              6                    Q 17m     352220 4 4 2 3 2 2   210.0  210.0
452 3916.163191 1.012E-87 2.178E-07.01600.01627764.4312-.090.022969              8              6                    Q 17q     352222 5 7 2 3 2 2   210.0  210.0
452 3916.916329 3.190E-38 9.138E-05.00740.007 5384.3736-.300.010244              2              1                    R  6      452222 6 6 2 3 2 2    90.0   78.0
452 3917.222811 1.101E-96 5.972E-06.05950.05932453.45570.180.033343             16             12                    R  4      352222 6 6 2 3 2 2    66.0   54.0
452 3918.378510 3.328E-74 1.272E-08.00810.00820723.2301-.350.013352              6              5                    S 11q     352222 5 7 2 3 2 2   162.0  138.0
452 3918.872058 4.836E-89 2.721E-10.04830.04826508.99920.350.009703             11              9                    Q  1m     352220 4 4 2 3 2 2    18.0   18.0
452 3918.872058 9.031E-86 5.082E-07.04130.04126508.99920.310.010592             11              9                    Q  1q     352222 5 7 2 3 2 2    18.0   18.0
452 3919.321770 1.373E-94 1.149E-06.02000.02031370.8127-.100.030767             10              7                    P 19      352222 6 6 2 3 2 2   222.0  234.0
452 3919.697740 1.299E-82 4.650E-07.00810.00825522.5073-.350.013352              6              5                    S 17q     352222 5 7 2 3 2 2   234.0  210.0
452 3921.757852 4.103E-92 2.279E-09.01590.01628983.74130.010.027699              5              2                    O 27q     352222 5 7 2 3 2 2   306.0  330.0
452 3922.659269 6.081E-93 1.095E-09.02290.02329170.49690.060.030519              8              5                    O 21q     352222 5 7 2 3 2 2   234.0  258.0
452 3922.746159 2.926E-62 1.421E-04.00450.00417068.2987-.240.011720              2              1                    R 19      352222 6 6 2 3 2 2   246.0  234.0
452 3925.748259 2.990E-97 1.620E-06.06070.06132290.17690.350.017477             16             12                    P  3      352222 6 6 2 3 2 2    30.0   42.0
452 3925.984329 3.696E-78 3.895E-07.02670.02723073.69970.050.013185              9              7                    O  6q     352222 5 7 2 3 2 2    54.0   78.0
452 3929.959569 1.212E-77 2.740E-07.01200.01222982.4995-.140.019448              7              5                    P 14      352222 6 6 2 3 2 2   162.0  174.0
452 3930.692499 3.247E-94 1.037E-08.01050.01130327.0355-.040.020451              3              1                    Q 30m     352220 4 4 2 3 2 2   366.0  366.0
452 3930.692499 1.288E-93 4.115E-08.01080.01130327.0355-.040.020342              3              1                    Q 30q     352222 5 7 2 3 2 2   366.0  366.0
452 3931.323019 7.126E-75 2.334E-07.01810.01821487.1771-.130.016374              8              6                    O  8q     352222 5 7 2 3 2 2    78.0  102.0
452 3933.840130 2.392E-60 1.459E-09.00870.00913726.8767-.110.017320              3              1                    O 16q     352222 5 7 2 3 2 2   174.0  198.0
452 3936.437681 2.025E-62 9.846E-08.00930.00915487.7747-.370.012939              5              4                    S  7q     352222 5 7 2 3 2 2   114.0   90.0
452 3936.571890 5.765E-92 2.879E-09.01750.01828943.55430.050.028301              6              3                    O 25q     352222 5 7 2 3 2 2   282.0  306.0
452 3936.917139 1.475E-87 7.836E-05.02030.02028790.5210-.180.020601             11              9                    R  9      352222 6 6 2 3 2 2   126.0  114.0
452 3937.953119 3.388E-92 2.494E-09.01600.01629004.9115-.070.026900              7              4                    O 23q     352222 5 7 2 3 2 2   258.0  282.0
452 3939.638592 3.030E-81 5.520E-06.03030.03025079.69380.090.014496             10              8                    P  5      352222 6 6 2 3 2 2    54.0   66.0
452 3940.232419 6.574E-93 1.837E-08.02140.02129641.2034-.120.028813             11              8                    O 14q     352222 5 7 2 3 2 2   150.0  174.0
452 3942.820469 1.779E-45 2.944E-07.01530.015 7573.5524-.090.010914              3              2                    S  3q     352222 5 7 2 3 2 2    66.0   42.0
452 3944.196812 1.147E-65 2.461E-08.01070.01116779.0334-.080.018770              5              3                    O 13q     352222 5 7 2 3 2 2   138.0  162.0
452 3944.718819 1.392E-28 3.855E-05.01180.012  532.3093-.110.009023              1              0                    R  3      452222 6 6 2 3 2 2    54.0   42.0
452 3945.047760 3.706E-75 4.329E-08.00810.00821438.7185-.350.013352              6              5                    S 12q     352222 5 7 2 3 2 2   174.0  150.0
452 3945.747271 6.349E-81 3.513E-07.00810.00824651.0081-.350.013352              6              5                    S 16q     352222 5 7 2 3 2 2   222.0  198.0
452 3945.813250 1.178E-85 2.964E-07.02250.02226720.2725-.080.021774             10              8                    Q  9q     352222 5 7 2 3 2 2   114.0  114.0
452 3945.813250 4.191E-87 1.054E-08.01980.02026720.2725-.140.023401             10              8                    Q  9m     352220 4 4 2 3 2 2   114.0  114.0
452 3954.745129 1.144E-66 8.014E-05.00400.00419071.8914-.240.011261              1              0                    R 23      352222 6 6 2 3 2 2   294.0  282.0
452 3958.373859 2.509E-39 1.014E-04.00630.006 5950.2830-.320.009978              2              1                    R  7      452222 6 6 2 3 2 2   102.0   90.0
452 3960.421039 7.080E-60 1.441E-04.00450.00415927.8227-.240.011720              2              1                    R 18      352222 6 6 2 3 2 2   234.0  222.0
452 3961.064331 2.162E-76 9.317E-08.00810.00822193.0950-.350.013352              6              5                    S 13q     352222 5 7 2 3 2 2   186.0  162.0
452 3961.352550 2.605E-79 2.491E-07.00810.00823803.0787-.350.013352              6              5                    S 15q     352222 5 7 2 3 2 2   210.0  186.0
452 3961.944940 2.398E-90 1.118E-07.01330.01328943.5543-.020.022202              5              3                    Q 25q     352222 5 7 2 3 2 2   306.0  306.0
452 3961.944940 4.692E-91 2.188E-08.01280.01328943.5543-.020.022428              5              3                    Q 25m     352220 4 4 2 3 2 2   306.0  306.0
452 3963.865659 2.843E-94 3.497E-07.02310.02330891.0803-.120.032488             12              9                    P 13      352222 6 6 2 3 2 2   150.0  162.0
452 3964.610321 1.640E-99 3.295E-09.04040.04032333.6997-.010.039274             15             11                    P  9      352222 6 6 2 3 2 2   102.0  114.0
452 3966.478019 8.613E-78 1.622E-07.00810.00822982.4995-.350.013352              6              5                    S 14q     352222 5 7 2 3 2 2   198.0  174.0
452 3971.401959 8.965E-54 2.323E-07.01150.01111516.3728-.250.010765              4              3                    S  5q     352222 5 7 2 3 2 2    90.0   66.0
452 3974.206479 4.346E-84 1.922E-05.03850.03926453.66480.210.012966             11              9                    R  0      352222 6 6 2 3 2 2    18.0    6.0
452 3977.024469 5.054E-94 8.008E-07.02150.02130986.0692-.110.031586             11              8                    P 16      352222 6 6 2 3 2 2   186.0  198.0
452 3977.663151 1.109E-75 4.447E-07.01110.01122176.4962-.130.019744              6              4                    P 16      352222 6 6 2 3 2 2   186.0  198.0
452 3977.992919 1.694E-91 1.351E-06.00720.00730022.5837-.260.014156              4              3                    S 26q     352222 5 7 2 3 2 2   342.0  318.0
452 3978.621370 3.896E-87 1.784E-08.01620.01626912.4590-.110.023315              9              7                    Q 13m     352220 4 4 2 3 2 2   162.0  162.0
452 3978.621370 5.871E-86 2.689E-07.01790.01826912.4590-.090.023870              9              7                    Q 13q     352222 5 7 2 3 2 2   162.0  162.0
452 3978.714631 3.162E-95 3.975E-09.00970.01030616.8946-.040.019667              2              0                    Q 32m     352220 4 4 2 3 2 2   390.0  390.0
452 3978.714631 1.274E-94 1.602E-08.00990.01030616.8946-.040.019593              2              0                    Q 32q     352222 5 7 2 3 2 2   390.0  390.0
452 3978.757841 2.026E-87 9.977E-07.00840.00827997.3589-.220.014264              5              4                    S 22q     352222 5 7 2 3 2 2   294.0  270.0
452 3981.521290 1.778E-79 2.016E-08.01320.01323257.2697-.150.020976              8              6                    P 11      352222 6 6 2 3 2 2   126.0  138.0
452 3986.701080 1.073E-86 7.485E-05.02220.02228346.9984-.160.021002             11              9                    R  8      352222 6 6 2 3 2 2   114.0  102.0
452 3988.875621 4.601E-96 6.928E-07.01660.01732024.2307-.050.028797              7              4                    P 26      352222 6 6 2 3 2 2   306.0  318.0
452 3990.004252 2.596E-79 1.218E-06.01900.01923953.1231-.090.018363              9              7                    P  8      352222 6 6 2 3 2 2    90.0  102.0
452 3992.424199 8.769E-93 6.588E-08.02310.02329782.8379-.140.029425             12              9                    O 11q     352222 5 7 2 3 2 2   114.0  138.0
452 3992.439650 1.507E-57 1.455E-04.00450.00414812.7331-.240.011720              2              1                    R 17      352222 6 6 2 3 2 2   222.0  210.0
452 3992.866231 1.366E-40 1.107E-04.00530.005 6586.5133-.250.010375              2              1                    R  8      452222 6 6 2 3 2 2   114.0  102.0
452 3997.915912 5.324E-91 9.932E-05.01570.01630591.0162-.180.021771              9              7                    R 18      352222 6 6 2 3 2 2   234.0  222.0
452 4000.557439 3.631E-57 1.188E-10.00790.00811710.7207-.110.016749              2              0                    O 17q     352222 5 7 2 3 2 2   186.0  210.0
452 4003.672601 4.211E-89 9.796E-05.01720.01729641.2034-.210.022030             10              8                    R 14      352222 6 6 2 3 2 2   186.0  174.0
452 4004.264150 9.159E-94 3.232E-06.04980.05030841.84440.250.016545             14             11                    P  4      352222 6 6 2 3 2 2    42.0   54.0
452 4004.918529 1.690E-81 7.666E-07.03680.03724560.87360.220.001648             10              8                    O  3q     352222 5 7 2 3 2 2    18.0   42.0
452 4006.533080 7.502E-38 2.595E-07.01640.016 3887.6794-.020.010140              2              1                    S  2q     452222 5 7 2 3 2 2    54.0   30.0
452 4009.082820 3.517E-74 5.054E-07.01150.01221513.4245-.070.020600              5              3                    P 18      352222 6 6 2 3 2 2   210.0  222.0
452 4009.086760 3.531E-29 4.548E-05.00940.009  883.1623-.210.009261              1              0                    R  4      452222 6 6 2 3 2 2    66.0   54.0
452 4011.036031 5.303E-64 8.269E-05.00400.00417800.9804-.240.011261              1              0                    R 22      352222 6 6 2 3 2 2   282.0  270.0
452 4011.995909 8.048E-84 2.848E-05.04240.04226508.99920.300.017150             11              9                    R  1      352222 6 6 2 3 2 2    30.0   18.0
452 4012.082499 9.190E-64 6.103E-08.00840.00816038.3853-.340.013826              5              4                    S  8q     352222 5 7 2 3 2 2   126.0  102.0
452 4014.129161 6.230E-68 6.888E-08.01060.01118017.3147-.160.017846              6              4                    O 11q     352222 5 7 2 3 2 2   114.0  138.0
452 4016.040200 4.786E-94 1.469E-06.00610.00631263.9704-.190.013490              3              2                    S 29q     352222 5 7 2 3 2 2   378.0  354.0
452 4017.783770 1.117E-84 3.183E-07.02470.02526241.8354-.060.021582             10              8                    Q  8q     352222 5 7 2 3 2 2   102.0  102.0
452 4017.783770 2.872E-86 8.180E-09.02170.02226241.8354-.080.022261             10              8                    Q  8m     352220 4 4 2 3 2 2   102.0  102.0
452 4018.588179 2.767E-55 1.460E-04.00450.00413726.8767-.240.011720              2              1                    R 16      352222 6 6 2 3 2 2   210.0  198.0
452 4020.036081 5.558E-97 2.879E-06.05610.05632166.00300.360.016058             16             12                    P  2      352222 6 6 2 3 2 2    18.0   30.0
452 4020.297339 5.260E-42 1.191E-04.00480.005 7289.3191-.260.011382              2              1                    R  9      352222 6 6 2 3 2 2   126.0  114.0
452 4021.421500 1.972E-96 6.231E-06.06310.06332290.17690.260.029801             16             12                    R  3      352222 6 6 2 3 2 2    54.0   42.0
452 4022.488741 4.328E-89 2.372E-08.01230.01227997.3589-.120.021686              6              4                    Q 22m     352220 4 4 2 3 2 2   270.0  270.0
452 4022.488741 2.889E-88 1.583E-07.01310.01327997.3589-.090.021501              6              4                    Q 22q     352222 5 7 2 3 2 2   270.0  270.0
452 4024.177269 6.305E-86 7.032E-05.02460.02527943.1272-.100.020393             11              9                    R  7      352222 6 6 2 3 2 2   102.0   90.0
452 4026.301919 1.529E-80 9.288E-06.03390.03424793.05910.170.011520             10              8                    P  4      352222 6 6 2 3 2 2    42.0   54.0
452 4026.998961 4.465E-94 3.052E-05.03590.03631631.8033-.040.029143             14             11                    R  7      352222 6 6 2 3 2 2   102.0   90.0
452 4027.016160 4.328E-73 4.446E-07.01030.01020991.0448-.090.019664              4              2                    P 20      352222 6 6 2 3 2 2   234.0  246.0
452 4028.281499 8.635E-95 5.404E-08.02860.02930666.0857-.080.031019             13             10                    P  9      352222 6 6 2 3 2 2   102.0  114.0
452 4028.819561 8.750E-62 9.142E-09.00960.01014744.6441-.120.017983              4              2                    O 14q     352222 5 7 2 3 2 2   150.0  174.0
452 4030.756141 3.243E-72 1.244E-07.00860.00920352.6387-.080.018182              2              0                    P 24      352222 6 6 2 3 2 2   282.0  294.0
452 4033.656851 2.070E-72 2.972E-07.00940.00920605.6613-.060.018867              3              1                    P 22      352222 6 6 2 3 2 2   258.0  270.0
452 4034.645561 2.818E-91 1.536E-08.01160.01228983.7413-.050.021361              4              2                    Q 27m     352220 4 4 2 3 2 2   330.0  330.0
452 4034.645561 1.458E-90 7.948E-08.01190.01228983.7413-.050.021202              4              2                    Q 27q     352222 5 7 2 3 2 2   330.0  330.0
452 4036.989600 6.868E-94 8.384E-05.01350.01431976.1167-.140.021372              7              5                    R 24      352222 6 6 2 3 2 2   306.0  294.0
452 4037.091880 4.642E-87 2.139E-08.01470.01526948.9774-.100.023276              8              6                    Q 16m     352220 4 4 2 3 2 2   198.0  198.0
452 4037.091880 5.285E-86 2.435E-07.01600.01626948.9774-.090.022969              8              6                    Q 16q     352222 5 7 2 3 2 2   198.0  198.0
452 4038.648881 4.295E-53 1.455E-04.00450.00412674.2273-.240.011720              2              1                    R 15      352222 6 6 2 3 2 2   198.0  186.0
452 4040.289489 8.354E-84 3.658E-05.04290.04326619.17440.260.018327             11              9                    R  2      352222 6 6 2 3 2 2    42.0   30.0
452 4040.354361 2.197E-92 3.361E-09.01980.02029063.8443-.110.028254             10              7                    O 16q     352222 5 7 2 3 2 2   174.0  198.0
452 4040.637120 1.467E-43 1.264E-04.00450.004 8054.7365-.240.011720              2              1                    R 10      352222 6 6 2 3 2 2   138.0  126.0
452 4045.670398 3.650E-92 9.487E-05.01450.01531157.5233-.160.020519              8              6                    R 21      352222 6 6 2 3 2 2   270.0  258.0
452 4046.612960 2.139E-85 8.687E-07.00840.00826994.7825-.220.014264              5              4                    S 21q     352222 5 7 2 3 2 2   282.0  258.0
452 4049.447561 9.793E-88 2.347E-08.01340.01327321.3652-.100.022428              7              5                    Q 19m     352220 4 4 2 3 2 2   234.0  234.0
452 4049.447561 8.522E-87 2.043E-07.01440.01427321.3652-.090.021268              7              5                    Q 19q     352222 5 7 2 3 2 2   234.0  234.0
452 4049.736151 2.930E-85 6.486E-05.02760.02827582.0669-.040.019818             11              9                    R  6      352222 6 6 2 3 2 2    90.0   78.0
452 4051.688232 1.532E-96 4.325E-07.01850.01932162.63430.060.029039              6              3                    P 28      352222 6 6 2 3 2 2   330.0  342.0
452 4052.194438 3.437E-30 1.498E-07.01610.016   89.2279-.000.010980              1              0                    S  1q     452222 5 7 2 3 2 2    42.0   18.0
452 4052.406839 5.519E-51 1.441E-04.00450.00411658.8713-.240.011720              2              1                    R 14      352222 6 6 2 3 2 2   186.0  174.0
452 4053.915299 3.029E-45 1.326E-04.00450.004 8878.6439-.240.011720              2              1                    R 11      352222 6 6 2 3 2 2   150.0  138.0
452 4054.645161 3.294E-94 9.437E-07.01870.01931157.5233-.080.030030              9              6                    P 21      352222 6 6 2 3 2 2   246.0  258.0
452 4054.805121 5.633E-77 3.155E-08.01200.01222193.0950-.140.019448              7              5                    P 13      352222 6 6 2 3 2 2   150.0  162.0
452 4058.629901 5.808E-84 4.431E-05.03960.04026783.21440.180.018607             11              9                    R  3      352222 6 6 2 3 2 2    54.0   42.0
452 4059.657301 5.745E-49 1.414E-04.00450.00410684.9868-.240.011720              2              1                    R 13      352222 6 6 2 3 2 2   174.0  162.0
452 4060.213569 4.739E-47 1.377E-04.00450.004 9756.8184-.240.011720              2              1                    R 12      352222 6 6 2 3 2 2   162.0  150.0
452 4062.577652 2.303E-61 8.509E-05.00400.00416543.0836-.240.011261              1              0                    R 21      352222 6 6 2 3 2 2   270.0  258.0
452 4063.748512 1.055E-84 5.860E-05.03100.03127266.71920.010.017933             11              9                    R  5      352222 6 6 2 3 2 2    78.0   66.0
452 4064.082029 1.159E-70 1.553E-07.01440.01419424.2123-.170.017129              7              5                    O  9q     352222 5 7 2 3 2 2    90.0  114.0
452 4066.585021 2.881E-84 5.169E-05.03520.03526999.68390.090.018876             11              9                    R  4      352222 6 6 2 3 2 2    66.0   54.0
452 4067.061820 5.656E-30 5.234E-05.00750.008 1317.3118-.280.009598              1              0                    R  5      452222 6 6 2 3 2 2    78.0   66.0
452 4067.330330 9.451E-86 2.626E-07.04640.04626453.66480.280.018477             11              9                    S  0q     352222 5 7 2 3 2 2    30.0    6.0
452 4070.418970 4.087E-46 2.899E-07.01230.012 7894.2124-.180.010181              3              2                    S  4q     352222 5 7 2 3 2 2    78.0   54.0
452 4070.912521 1.933E-77 4.862E-07.03030.03022712.30200.120.009902              9              7                    O  5q     352222 5 7 2 3 2 2    42.0   66.0
452 4073.753990 9.292E-55 1.976E-07.00930.00911964.6313-.340.011823              4              3                    S  6q     352222 5 7 2 3 2 2   102.0   78.0
452 4074.832650 2.732E-89 1.250E-06.00720.00728943.5543-.260.014156              4              3                    S 25q     352222 5 7 2 3 2 2   330.0  306.0
452 4076.470139 7.145E-86 1.467E-08.01620.01626247.9000-.110.023315              9              7                    Q 12m     352220 4 4 2 3 2 2   150.0  150.0
452 4076.470139 1.433E-84 2.942E-07.01790.01826247.9000-.090.023870              9              7                    Q 12q     352222 5 7 2 3 2 2   150.0  150.0
452 4077.275600 2.446E-65 2.936E-08.00840.00816645.9546-.220.014264              5              4                    S  9q     352222 5 7 2 3 2 2   138.0  114.0
452 4078.985950 7.324E-91 4.956E-10.01330.01328083.6485-.000.025800              3              0                    O 30q     352222 5 7 2 3 2 2   342.0  366.0
452 4081.810290 1.539E-85 6.190E-09.02400.02425806.8543-.050.020961             10              8                    Q  7m     352220 4 4 2 3 2 2    90.0   90.0
452 4081.810290 8.419E-84 3.386E-07.02760.02825806.8543-.020.020176             10              8                    Q  7q     352222 5 7 2 3 2 2    90.0   90.0
452 4083.394510 1.141E-94 4.112E-05.02690.02732063.2777-.130.031440             13             10                    R 12      352222 6 6 2 3 2 2   162.0  150.0
452 4086.352609 7.777E-74 2.949E-07.02090.02120993.3413-.050.015820              8              6                    O  7q     352222 5 7 2 3 2 2    66.0   90.0
452 4088.293669 5.842E-97 6.253E-06.04950.04932082.39520.300.017947             16             12                    P  1      352222 6 6 2 3 2 2     6.0   18.0
452 4092.666791 2.530E-96 5.821E-06.06490.06532166.00300.330.030512             16             12                    R  2      352222 6 6 2 3 2 2    42.0   30.0
452 4093.772849 4.757E-78 2.832E-06.02130.02123488.2942-.050.018197              9              7                    P  7      352222 6 6 2 3 2 2    78.0   90.0
452 4095.127810 8.679E-92 8.910E-09.01050.01129122.2994-.040.020451              3              1                    Q 29m     352220 4 4 2 3 2 2   354.0  354.0
452 4095.127810 4.525E-91 4.645E-08.01080.01129122.2994-.040.020342              3              1                    Q 29q     352222 5 7 2 3 2 2   354.0  354.0
452 4096.287029 2.593E-93 5.525E-06.05110.05130659.46390.320.013138             14             11                    P  3      352222 6 6 2 3 2 2    30.0   42.0
452 4097.594580 5.993E-77 3.640E-07.01410.01422622.6780-.140.020510              8              6                    P 10      352222 6 6 2 3 2 2   114.0  126.0
452 4104.453648 2.110E-83 7.335E-07.00840.00826000.5431-.220.014264              5              4                    S 20q     352222 5 7 2 3 2 2   270.0  246.0
452 4104.806099 5.317E-58 2.274E-09.00870.00912674.2273-.110.017320              3              1                    O 15q     352222 5 7 2 3 2 2   162.0  186.0
452 4105.339431 8.655E-88 9.970E-05.01720.01728998.8592-.210.022030             10              8                    R 13      352222 6 6 2 3 2 2   174.0  162.0
452 4105.378542 2.984E-97 4.279E-15.01840.01828596.7553-.100.027749              9              6                    O 18q     352222 5 7 2 3 2 2   198.0  222.0
452 4106.831660 5.134E-80 1.469E-05.03640.03624560.87360.250.008334             10              8                    P  3      352222 6 6 2 3 2 2    30.0   42.0
452 4106.971951 2.599E-74 1.497E-07.01110.01121276.7943-.130.019744              6              4                    P 15      352222 6 6 2 3 2 2   174.0  186.0
452 4109.177009 9.216E-59 8.726E-05.00400.00415301.5359-.240.011261              1              0                    R 20      352222 6 6 2 3 2 2   258.0  246.0
452 4112.595171 7.835E-64 3.354E-08.01070.01115937.8726-.080.018770              5              3                    O 12q     352222 5 7 2 3 2 2   126.0  150.0
452 4113.507639 4.617E-88 1.262E-07.01330.01327862.6091-.020.022202              5              3                    Q 24q     352222 5 7 2 3 2 2   294.0  294.0
452 4113.507639 6.868E-89 1.878E-08.01280.01327862.6091-.020.022428              5              3                    Q 24m     352220 4 4 2 3 2 2   294.0  294.0
452 4114.937541 4.935E-90 1.566E-09.01450.01427909.2932-.000.026687              4              1                    O 28q     352222 5 7 2 3 2 2   318.0  342.0
452 4118.321539 5.880E-31 5.899E-05.00640.006 1831.9614-.300.009966              1              0                    R  6      452222 6 6 2 3 2 2    90.0   78.0
452 4120.874398 8.656E-93 2.002E-07.03940.03929888.66450.070.023498             13             10                    O  7q     352222 5 7 2 3 2 2    66.0   90.0
452 4127.807081 1.576E-93 2.965E-05.03920.03931330.46780.020.028321             14             11                    R  6      352222 6 6 2 3 2 2    90.0   78.0
452 4129.566748 2.316E-81 1.425E-06.03590.03624385.02380.210.002752             10              8                    O  2q     352222 5 7 2 3 2 2     6.0   30.0
452 4129.856579 1.039E-91 1.391E-06.00610.00630127.8714-.190.013490              3              2                    S 28q     352222 5 7 2 3 2 2   366.0  342.0
452 4131.863271 2.751E-67 7.748E-09.00840.00817306.8553-.220.014264              5              4                    S 10q     352222 5 7 2 3 2 2   150.0  126.0
452 4133.529940 2.246E-96 4.914E-06.06190.06232082.39520.370.027876             16             12                    R  1      352222 6 6 2 3 2 2    30.0   18.0
452 4137.908489 6.275E-85 4.531E-09.02690.02725418.5001-.010.019504             10              8                    Q  6m     382220 4 4 2 3 2 2    78.0   78.0
452 4137.908489 4.949E-83 3.574E-07.03110.03125418.50010.010.018594             10              8                    Q  6q     382222 5 7 2 3 2 2    78.0   78.0
452 4138.594030 2.094E-89 1.044E-04.01570.01629820.7206-.180.021771              9              7                    R 17      352222 6 6 2 3 2 2   222.0  210.0
452 4141.737678 1.178E-89 2.846E-09.01590.01627834.37910.010.027699              5              2                    O 26q     352222 5 7 2 3 2 2   294.0  318.0
452 4141.903059 1.978E-72 2.440E-07.01150.01220509.1052-.070.020600              5              3                    P 17      352222 6 6 2 3 2 2   198.0  210.0
452 4142.938469 6.032E-91 1.397E-09.02290.02328241.43830.060.030519              8              5                    O 20q     352222 5 7 2 3 2 2   222.0  246.0
452 4144.993831 1.116E-92 3.421E-09.00970.01029355.7778-.040.019667              2              0                    Q 31m     352220 4 4 2 3 2 2   378.0  378.0
452 4144.993831 5.847E-92 1.792E-08.00990.01029355.7778-.040.019593              2              0                    Q 31q     352222 5 7 2 3 2 2   378.0  378.0
452 4145.697031 1.165E-96 3.485E-06.05540.05532040.34200.300.024287             16             12                    R  0      352222 6 6 2 3 2 2    18.0    6.0
452 4145.849009 1.639E-91 2.427E-08.02140.02128998.8592-.120.028813             11              8                    O 13q     352222 5 7 2 3 2 2   138.0  162.0
452 4149.453039 2.641E-38 2.752E-07.01330.013 4141.4224-.120.010586              2              1                    S  3q     452222 5 7 2 3 2 2    66.0   42.0
452 4149.557121 1.238E-94 1.330E-06.00540.00531520.9739-.220.012914              2              1                    S 31q     352222 5 7 2 3 2 2   402.0  378.0
452 4150.464619 1.220E-85 3.301E-07.04590.04626508.99920.260.021357             11              9                    S  1q     352222 5 7 2 3 2 2    42.0   18.0
452 4150.619980 3.337E-56 8.914E-05.00400.00414079.8311-.240.011261              1              0                    R 19      352222 6 6 2 3 2 2   246.0  234.0
452 4150.768659 1.650E-85 1.797E-08.01470.01526154.1592-.100.023276              8              6                    Q 15m     352220 4 4 2 3 2 2   186.0  186.0
452 4150.768659 2.466E-84 2.684E-07.01600.01626154.1592-.090.022969              8              6                    Q 15q     352222 5 7 2 3 2 2   186.0  186.0
452 4152.138751 3.228E-93 7.236E-07.02000.02030591.0162-.100.030767             10              7                    P 18      352222 6 6 2 3 2 2   210.0  222.0
452 4152.436120 1.906E-81 5.982E-07.00840.00825018.0608-.220.014264              5              4                    S 19q     352222 5 7 2 3 2 2   258.0  234.0
452 4156.131740 7.123E-94 6.662E-08.02310.02330324.3701-.120.032488             12              9                    P 12      352222 6 6 2 3 2 2   138.0  150.0
452 4157.238539 1.190E-89 3.619E-09.01750.01827862.60910.050.028301              6              3                    O 24q     352222 5 7 2 3 2 2   270.0  294.0
452 4158.768000 4.909E-90 3.156E-09.01600.01627997.3589-.070.026900              7              4                    O 22q     352222 5 7 2 3 2 2   246.0  270.0
452 4161.621621 4.364E-87 1.129E-06.00720.00727862.6091-.260.014156              4              3                    S 24q     352222 5 7 2 3 2 2   318.0  294.0
452 4161.798300 4.521E-94 7.072E-07.02430.02431041.39530.080.034318              8              5                    P 23      352222 6 6 2 3 2 2   270.0  282.0
452 4162.585131 4.753E-71 2.583E-07.01030.01019888.2438-.090.019664              4              2                    P 19      352222 6 6 2 3 2 2   222.0  234.0
452 4162.619451 4.065E-32 6.531E-05.00530.005 2423.8938-.250.009650              1              0                    R  7      452222 6 6 2 3 2 2   102.0   90.0
452 4162.740859 3.772E-86 1.772E-07.01310.01326994.7825-.090.021501              6              4                    Q 21q     352222 5 7 2 3 2 2   258.0  258.0
452 4162.740859 4.322E-87 2.030E-08.01230.01226994.7825-.120.021686              6              4                    Q 21m     352220 4 4 2 3 2 2   258.0  258.0
452 4166.120050 6.426E-56 1.564E-07.00780.00812479.8346-.420.012403              4              3                    S  7q     352222 5 7 2 3 2 2   114.0   90.0
452 4166.857380 2.944E-83 3.182E-07.01790.01825615.9806-.090.023870              9              7                    Q 11q     382222 5 7 2 3 2 2   138.0  138.0
452 4166.857380 1.105E-84 1.194E-08.01620.01625615.9806-.110.023315              9              7                    Q 11m     382220 4 4 2 3 2 2   138.0  138.0
452 4170.047260 1.030E-69 8.733E-08.00860.00919071.8914-.080.018182              2              0                    P 23      352222 6 6 2 3 2 2   270.0  282.0
452 4171.148819 1.974E-94 1.475E-08.02220.02230324.3701-.170.024483             11              9                    S 12q     352222 5 7 2 3 2 2   174.0  150.0
452 4171.349451 3.999E-70 1.934E-07.00940.00919410.7129-.060.018867              3              1                    P 21      352222 6 6 2 3 2 2   246.0  258.0
452 4173.561101 1.586E-54 2.373E-10.00790.00810571.0830-.110.016749              2              0                    O 16q     352222 5 7 2 3 2 2   174.0  198.0
452 4173.595151 4.862E-93 9.142E-06.04800.04830520.99510.340.010660             14             11                    P  2      352222 6 6 2 3 2 2    18.0   30.0
452 4175.780369 2.860E-72 2.408E-12.00840.00818017.3147-.220.014264              5              4                    S 11q     352222 5 7 2 3 2 2   162.0  138.0
452 4177.166738 6.114E-86 1.996E-08.01340.01326413.8496-.100.022428              7              5                    Q 18m     352220 4 4 2 3 2 2   222.0  222.0
452 4177.166738 6.949E-85 2.268E-07.01440.01426413.8496-.090.021268              7              5                    Q 18q     352222 5 7 2 3 2 2   222.0  222.0
452 4177.262161 2.733E-75 4.513E-08.01200.01221438.7185-.140.019448              7              5                    P 12      352222 6 6 2 3 2 2   138.0  150.0
452 4180.321891 2.144E-66 9.092E-08.01150.01117306.8553-.220.018238              6              4                    O 10q     352222 5 7 2 3 2 2   102.0  126.0
452 4180.768310 1.100E-79 2.313E-05.03550.03624385.02380.260.006161             10              8                    P  2      352222 6 6 2 3 2 2    18.0   30.0
452 4182.380809 4.143E-93 4.392E-07.03120.03130259.6190-.040.029293             13             10                    P  8      352222 6 6 2 3 2 2    90.0  102.0
452 4182.886149 1.128E-91 8.612E-08.02510.02529270.3194-.150.029250             12              9                    O 10q     352222 5 7 2 3 2 2   102.0  126.0
452 4186.070401 1.883E-84 3.170E-09.03060.03125079.69380.050.017687             10              8                    Q  5m     382220 4 4 2 3 2 2    66.0   66.0
452 4186.070401 2.229E-82 3.752E-07.03560.03625079.69380.080.016637             10              8                    Q  5q     382222 5 7 2 3 2 2    66.0   66.0
452 4186.675830 1.074E-53 9.065E-05.00400.00412881.6229-.240.011261              1              0                    R 18      352222 6 6 2 3 2 2   234.0  222.0
452 4188.959230 6.069E-47 2.717E-07.00980.010 8290.8754-.290.011091              3              2                    S  5q     352222 5 7 2 3 2 2    90.0   66.0
452 4189.851651 3.895E-88 8.902E-08.01190.01227834.3791-.050.021202              4              2                    Q 26q     352222 5 7 2 3 2 2   318.0  318.0
452 4189.851651 5.787E-89 1.323E-08.01160.01227834.3791-.050.021361              4              2                    Q 26m     352220 4 4 2 3 2 2   318.0  318.0
452 4190.091920 4.829E-94 7.440E-05.01570.01632024.23070.030.023496              6              4                    R 26      352222 6 6 2 3 2 2   330.0  318.0
452 4190.591099 5.555E-93 3.811E-07.02150.02130304.9278-.110.031586             11              8                    P 15      352222 6 6 2 3 2 2   174.0  186.0
452 4190.609602 1.538E-79 4.684E-07.00840.00824050.8288-.220.014264              5              4                    S 18q     352222 5 7 2 3 2 2   246.0  222.0
452 4193.019619 5.450E-77 5.361E-06.02410.02423073.6997-.010.016782              9              7                    P  6      352222 6 6 2 3 2 2    66.0   78.0
452 4193.731241 1.561E-86 1.004E-04.01720.01728381.7967-.210.022030             10              8                    R 12      352222 6 6 2 3 2 2   162.0  150.0
452 4195.978289 3.327E-97 1.429E-07.04280.04331967.30470.020.037136             15             11                    P  8      352222 6 6 2 3 2 2    90.0  102.0
452 4199.785510 1.913E-33 7.114E-05.00470.005 3089.5336-.280.010001              1              0                    R  8      452222 6 6 2 3 2 2   114.0  102.0
452 4200.282890 9.580E-60 1.302E-08.00960.01013817.0319-.120.017983              4              2                    O 13q     352222 5 7 2 3 2 2   138.0  162.0
452 4206.850681 4.486E-93 2.801E-05.04310.04331066.26900.070.027535             14             11                    R  5      352222 6 6 2 3 2 2    78.0   66.0
452 4209.035999 2.929E-70 9.207E-09.00840.00818773.4636-.220.014264              5              4                    S 12q     352222 5 7 2 3 2 2   174.0  150.0
452 4209.958911 1.998E-30 1.736E-07.01420.014  267.0692-.050.010618              1              0                    S  2q     452222 5 7 2 3 2 2    54.0   30.0
452 4210.391680 3.074E-75 1.244E-06.01540.01522031.4438-.150.019845              8              6                    P  9      352222 6 6 2 3 2 2   102.0  114.0
452 4210.519909 2.251E-90 1.012E-04.01450.01530297.0439-.160.020519              8              6                    R 20      352222 6 6 2 3 2 2   258.0  246.0
452 4212.408659 7.212E-77 6.158E-07.03310.03322406.76580.200.005437              9              7                    O  4q     352222 5 7 2 3 2 2    30.0   54.0
452 4217.102129 3.010E-51 9.171E-05.00400.00411710.7207-.240.011261              1              0                    R 17      352222 6 6 2 3 2 2   222.0  210.0
452 4218.944240 1.080E-77 3.488E-07.00840.00823102.4211-.220.014264              5              4                    S 17q     352222 5 7 2 3 2 2   234.0  210.0
452 4222.669961 9.287E-86 3.455E-07.04410.04426619.17440.210.022560             11              9                    S  2q     352222 5 7 2 3 2 2    54.0   30.0
452 4225.553049 1.964E-69 1.996E-07.01630.01618848.1467-.120.016187              7              5                    O  8q     352222 5 7 2 3 2 2    78.0  102.0
452 4225.868641 6.097E-92 9.029E-05.01350.01431041.3953-.140.021372              7              5                    R 23      352222 6 6 2 3 2 2   294.0  282.0
452 4226.273351 7.549E-82 3.929E-07.04100.04124793.05910.170.013739             10              8                    Q  4q     382222 5 7 2 3 2 2    54.0   54.0
452 4226.273351 3.989E-84 2.076E-09.03510.03524793.05910.130.015571             10              8                    Q  4m     382220 4 4 2 3 2 2    54.0   54.0
452 4229.723781 6.269E-35 7.639E-05.00420.004 3825.0127-.280.010964              1              0                    R  9      452222 6 6 2 3 2 2   126.0  114.0
452 4231.698110 2.612E-71 3.754E-08.00840.00819571.3807-.220.014264              5              4                    S 13q     352222 5 7 2 3 2 2   186.0  162.0
452 4233.685809 2.308E-89 1.291E-06.00610.00628983.7413-.190.013490              3              2                    S 27q     352222 5 7 2 3 2 2   354.0  330.0
452 4234.478140 5.105E-74 4.901E-09.01110.01120407.1305-.130.019744              6              4                    P 14      352222 6 6 2 3 2 2   162.0  174.0
452 4235.861400 5.166E-93 1.909E-05.04280.04330427.87130.260.012884             14             11                    P  1      352222 6 6 2 3 2 2     6.0   18.0
452 4237.353489 6.382E-76 2.433E-07.00840.00822176.4962-.220.014264              5              4                    S 16q     352222 5 7 2 3 2 2   222.0  198.0
452 4237.606411 7.419E-98 3.380E-08.03500.03532063.2777-.040.041294             14             10                    P 12      352222 6 6 2 3 2 2   138.0  150.0
452 4238.843640 6.789E-85 9.950E-07.00720.00726782.8267-.260.014156              4              3                    S 23q     352222 5 7 2 3 2 2   306.0  282.0
452 4239.364721 3.302E-98 1.902E-07.06020.06032166.00300.370.020587             17             12                    P  2      352222 6 6 2 3 2 2    18.0   30.0
452 4239.855190 6.324E-73 3.714E-07.02390.02420553.20400.030.013428              8              6                    O  6q     352222 5 7 2 3 2 2    54.0   78.0
452 4241.650169 7.206E-49 9.225E-05.00400.00410571.0830-.240.011261              1              0                    R 16      352222 6 6 2 3 2 2   210.0  198.0
452 4243.877710 1.092E-72 8.614E-08.00840.00820407.1305-.220.014264              5              4                    S 14q     352222 5 7 2 3 2 2   198.0  174.0
452 4245.593700 3.561E-94 4.837E-07.01660.01731021.6703-.050.028797              7              4                    P 25      352222 6 6 2 3 2 2   294.0  306.0
452 4245.712989 3.039E-74 1.551E-07.00840.00821276.7943-.220.014264              5              4                    S 15q     352222 5 7 2 3 2 2   210.0  186.0
452 4247.626390 1.277E-79 4.683E-05.03350.03424266.96420.160.008016             10              8                    P  1      352222 6 6 2 3 2 2     6.0   18.0
452 4248.134271 2.958E-57 1.129E-07.00710.00713058.7212-.380.012508              4              3                    S  8q     352222 5 7 2 3 2 2   126.0  102.0
452 4249.870179 5.003E-82 3.408E-07.01870.01925020.4493-.100.023016              9              7                    Q 10q     382222 5 7 2 3 2 2   126.0  126.0
452 4249.870179 1.409E-83 9.600E-09.01680.01725020.4493-.110.022462              9              7                    Q 10m     382220 4 4 2 3 2 2   126.0  126.0
452 4250.428742 6.444E-95 3.862E-10.02220.02229782.8379-.170.024483             11              9                    S 11q     352222 5 7 2 3 2 2   162.0  138.0
452 4251.258439 9.256E-91 4.626E-09.01980.02028324.2696-.110.028254             10              7                    O 15q     352222 5 7 2 3 2 2   162.0  186.0
452 4252.407841 1.465E-36 8.094E-05.00400.004 4626.2361-.240.011261              1              0                    R 10      452222 6 6 2 3 2 2   138.0  126.0
452 4253.341230 1.638E-88 5.164E-08.01080.01127909.2932-.040.020342              3              1                    Q 28q     352222 5 7 2 3 2 2   342.0  342.0
452 4253.341230 2.442E-89 7.699E-09.01050.01127909.2932-.040.020451              3              1                    Q 28m     352220 4 4 2 3 2 2   342.0  342.0
452 4257.437330 5.183E-84 1.500E-08.01470.01525383.7662-.100.023276              8              6                    Q 14m     382220 4 4 2 3 2 2   174.0  174.0
452 4257.437330 1.010E-82 2.923E-07.01600.01625383.7662-.090.022969              8              6                    Q 14q     382222 5 7 2 3 2 2   174.0  174.0
452 4258.487410 1.884E-81 4.140E-07.04640.04624560.87360.260.011700             10              8                    Q  3q     382222 5 7 2 3 2 2    42.0   42.0
452 4258.487410 5.587E-84 1.228E-09.03990.04024560.87360.210.013286             10              8                    Q  3m     382220 4 4 2 3 2 2    42.0   42.0
452 4258.568690 8.740E-86 1.403E-07.01330.01326782.8267-.020.022202              5              3                    Q 23q     382222 5 7 2 3 2 2   282.0  282.0
452 4258.568690 1.006E-86 1.615E-08.01280.01326782.8267-.020.022428              5              3                    Q 23m     382220 4 4 2 3 2 2   282.0  282.0
452 4260.070849 1.443E-46 9.219E-05.00400.004 9466.8059-.240.011261              1              0                    R 15      352222 6 6 2 3 2 2   198.0  186.0
452 4264.894469 7.703E-88 1.088E-04.01570.01629063.8443-.180.021771              9              7                    R 16      352222 6 6 2 3 2 2   210.0  198.0
452 4265.417571 1.007E-92 2.567E-05.04740.04730841.84440.140.024785             14             11                    R  4      352222 6 6 2 3 2 2    66.0   54.0
452 4267.874511 2.498E-38 8.475E-05.00400.004 5488.9439-.240.011261              1              0                    R 11      452222 6 6 2 3 2 2   150.0  138.0
452 4268.573721 3.557E-92 1.258E-06.00540.00530327.0355-.220.012914              2              1                    S 30q     352222 5 7 2 3 2 2   390.0  366.0
452 4269.424029 2.421E-85 1.001E-04.01720.01727793.8536-.210.022030             10              8                    R 11      352222 6 6 2 3 2 2   150.0  138.0
452 4272.121369 2.364E-44 9.146E-05.00400.004 8402.1060-.240.011261              1              0                    R 14      352222 6 6 2 3 2 2   186.0  174.0
452 4272.321200 1.566E-95 8.953E-07.00490.00531864.7507-.200.011668              1              0                    S 33q     352222 5 7 2 3 2 2   426.0  402.0
452 4273.407518 5.134E-71 6.143E-08.01150.01219529.6714-.070.020600              5              3                    P 16      352222 6 6 2 3 2 2   186.0  198.0
452 4276.216202 3.183E-40 8.776E-05.00400.004 6408.7707-.240.011261              1              0                    R 12      352222 6 6 2 3 2 2   162.0  150.0
452 4277.220069 1.145E-93 4.480E-05.02690.02731571.6453-.130.031440             13             10                    R 11      352222 6 6 2 3 2 2   150.0  138.0
452 4277.572450 3.101E-42 8.999E-05.00400.004 7381.2989-.240.011261              1              0                    R 13      352222 6 6 2 3 2 2   174.0  162.0
452 4279.001378 9.713E-56 3.505E-09.00870.00911658.8713-.110.017320              3              1                    O 14q     352222 5 7 2 3 2 2   150.0  174.0
452 4279.324479 4.191E-92 2.540E-07.04270.04329556.40850.130.019637             13             10                    O  6q     352222 5 7 2 3 2 2    54.0   78.0
452 4282.681441 3.415E-81 4.521E-07.04940.04924385.02380.350.010155             10              8                    Q  2q     382222 5 7 2 3 2 2    30.0   30.0
452 4282.681441 4.588E-84 6.074E-10.04380.04424385.02380.300.011156             10              8                    Q  2m     382220 4 4 2 3 2 2    30.0   30.0
452 4282.945140 4.266E-62 4.556E-08.01070.01115141.2673-.080.018770              5              3                    O 11q     352222 5 7 2 3 2 2   114.0  138.0
452 4283.054519 4.760E-86 3.309E-07.03950.04026783.21440.140.021795             11              9                    S  3q     352222 5 7 2 3 2 2    66.0   42.0
452 4283.881621 5.773E-39 2.773E-07.01070.011 4477.0282-.210.010611              2              1                    S  4q     452222 5 7 2 3 2 2    78.0   54.0
452 4285.446611 1.330E-94 4.781E-05.02490.02532084.1013-.120.031099             12              9                    R 15      352222 6 6 2 3 2 2   198.0  186.0
452 4287.382019 4.160E-76 9.025E-06.02750.02722712.30200.060.014577              9              7                    P  5      352222 6 6 2 3 2 2    54.0   66.0
452 4291.888210 1.137E-92 5.857E-07.01870.01930297.0439-.080.030030              9              6                    P 20      352222 6 6 2 3 2 2   234.0  246.0
452 4293.846568 3.870E-88 5.947E-10.01330.01326802.7905-.000.025800              3              0                    O 29q     352222 5 7 2 3 2 2   330.0  354.0
452 4296.500931 4.157E-85 1.738E-08.01230.01226000.5431-.120.021686              6              4                    Q 20m     382220 4 4 2 3 2 2   246.0  246.0
452 4296.500931 4.678E-84 1.955E-07.01310.01326000.5431-.090.021501              6              4                    Q 20q     382222 5 7 2 3 2 2   246.0  246.0
452 4297.219312 7.118E-73 4.206E-07.01200.01220723.2301-.140.019448              7              5                    P 11      352222 6 6 2 3 2 2   126.0  138.0
452 4297.248428 3.408E-69 1.079E-07.01030.01018805.1728-.090.019664              4              2                    P 18      352222 6 6 2 3 2 2   210.0  222.0
452 4297.811461 5.932E-48 2.422E-07.00800.008 8760.9098-.370.011436              3              2                    S  6q     352222 5 7 2 3 2 2   102.0   78.0
452 4298.213459 3.527E-84 1.693E-08.01340.01325522.5073-.100.022428              7              5                    Q 17m     382220 4 4 2 3 2 2   210.0  210.0
452 4298.213459 5.182E-83 2.486E-07.01440.01425522.5073-.090.021268              7              5                    Q 17q     382222 5 7 2 3 2 2   210.0  210.0
452 4298.827941 1.605E-84 2.010E-10.04450.04524266.96420.320.009774             10              8                    Q  1m     382220 4 4 2 3 2 2    18.0   18.0
452 4298.827941 5.119E-81 6.410E-07.03860.03924266.96420.270.010208             10              8                    Q  1q     382222 5 7 2 3 2 2    18.0   18.0
452 4304.546821 1.740E-92 2.274E-05.05170.05230659.46390.230.025973             14             11                    R  3      352222 6 6 2 3 2 2    54.0   42.0
452 4305.578952 2.807E-89 1.977E-08.00990.01028083.6485-.040.019593              2              0                    Q 30q     352222 5 7 2 3 2 2   366.0  366.0
452 4305.578952 4.210E-90 2.966E-09.00970.01028083.6485-.040.019667              2              0                    Q 30m     352220 4 4 2 3 2 2   366.0  366.0
452 4306.786730 1.011E-82 8.544E-07.00720.00725707.3320-.260.014156              4              3                    S 22q     352222 5 7 2 3 2 2   294.0  270.0
452 4308.487510 5.869E-68 1.026E-07.00940.00918230.4511-.060.018867              3              1                    P 20      352222 6 6 2 3 2 2   234.0  246.0
452 4309.089300 2.713E-67 5.337E-08.00860.00917800.9804-.080.018182              2              0                    P 22      352222 6 6 2 3 2 2   258.0  270.0
452 4309.908900 1.595E-94 2.972E-07.01850.01931096.63690.060.029039              6              3                    P 27      352222 6 6 2 3 2 2   318.0  330.0
452 4311.116459 1.226E-92 6.762E-09.02220.02229270.3194-.170.024483             11              9                    S 10q     352222 5 7 2 3 2 2   150.0  126.0
452 4313.526370 1.040E-92 1.058E-05.04880.04930381.06390.270.019567             14             11                    R  0      352222 6 6 2 3 2 2    18.0    6.0
452 4319.548599 8.871E-59 7.141E-08.00720.00713697.7662-.260.014156              4              3                    S  9q     352222 5 7 2 3 2 2   138.0  114.0
452 4319.670100 1.796E-92 5.311E-12.01840.01827764.4312-.100.027749              9              6                    O 17q     352222 5 7 2 3 2 2   186.0  210.0
452 4319.677232 8.229E-74 2.820E-06.01700.01721487.1771-.100.018981              8              6                    P  8      352222 6 6 2 3 2 2    90.0  102.0
452 4319.744021 6.192E-98 7.400E-07.05480.05532082.39520.310.022387             17             12                    P  1      352222 6 6 2 3 2 2     6.0   18.0
452 4323.936928 6.046E-92 1.303E-06.03430.03429888.66450.010.025809             13             10                    P  7      352222 6 6 2 3 2 2    78.0   90.0
452 4325.113329 2.231E-92 1.931E-05.05430.05430520.99510.310.024977             14             11                    R  2      352222 6 6 2 3 2 2    42.0   30.0
452 4325.543960 1.450E-82 7.599E-09.01790.01824464.9771-.110.022596              9              7                    Q  9m     382220 4 4 2 3 2 2   114.0  114.0
452 4325.543960 6.902E-81 3.618E-07.02000.02024464.9771-.090.022113              9              7                    Q  9q     382222 5 7 2 3 2 2   114.0  114.0
452 4327.399591 1.537E-98 3.317E-09.02790.02832019.84760.000.033841             10              6                    O 22q     352222 5 7 2 3 2 2   246.0  270.0
452 4327.879589 1.994E-92 1.539E-05.05450.05430427.87130.350.022951             14             11                    R  1      352222 6 6 2 3 2 2    30.0   18.0
452 4328.255339 5.175E-87 1.174E-06.00610.00627834.3791-.190.013490              3              2                    S 26q     352222 5 7 2 3 2 2   342.0  318.0
452 4330.783788 1.715E-86 2.954E-07.03470.03526999.68390.040.021384             11              9                    S  4q     352222 5 7 2 3 2 2    78.0   54.0
452 4331.097199 1.929E-87 1.884E-09.01450.01426690.5732-.000.026687              4              1                    O 27q     352222 5 7 2 3 2 2   306.0  330.0
452 4332.854381 3.163E-84 9.852E-05.01720.01727238.7909-.210.022030             10              8                    R 10      352222 6 6 2 3 2 2   138.0  126.0
452 4336.245470 2.061E-93 1.653E-08.02310.02329782.8379-.120.032488             12              9                    P 11      352222 6 6 2 3 2 2   126.0  138.0
452 4339.063920 1.212E-86 1.144E-08.01160.01226682.6064-.050.021361              4              2                    Q 25m     382220 4 4 2 3 2 2   306.0  306.0
452 4339.063920 1.042E-85 9.833E-08.01190.01226682.6064-.050.021202              4              2                    Q 25q     382222 5 7 2 3 2 2   306.0  306.0
452 4345.641380 3.674E-90 3.263E-08.02140.02128381.7967-.120.028813             11              8                    O 12q     352222 5 7 2 3 2 2   126.0  150.0
452 4347.386851 5.708E-65 1.194E-07.01270.01316645.9546-.180.018031              6              4                    O  9q     352222 5 7 2 3 2 2    90.0  114.0
452 4349.592090 1.816E-76 8.278E-07.03350.03422159.40720.210.002372              9              7                    O  3q     352222 5 7 2 3 2 2    18.0   42.0
452 4350.226019 5.434E-52 4.425E-10.00790.008 9466.8059-.110.016749              2              0                    O 15q     352222 5 7 2 3 2 2   162.0  186.0
452 4354.187269 5.524E-91 3.278E-08.02220.02228790.5210-.170.024483             11              9                    S  9q     352222 5 7 2 3 2 2   138.0  114.0
452 4357.250798 1.409E-82 1.245E-08.01470.01524641.6085-.100.023276              8              6                    Q 13m     382220 4 4 2 3 2 2   162.0  162.0
452 4357.250798 3.566E-81 3.150E-07.01600.01624641.6085-.090.022969              8              6                    Q 13q     382222 5 7 2 3 2 2   162.0  162.0
452 4357.942050 3.951E-95 1.578E-07.01690.01731263.97040.030.029419              5              2                    P 29      352222 6 6 2 3 2 2   342.0  354.0
452 4358.108122 2.629E-79 2.536E-05.03580.03624207.68400.180.014009             10              8                    R  0      352222 6 6 2 3 2 2    18.0    6.0
452 4358.788979 3.318E-87 3.428E-09.01590.01626682.60640.010.027699              5              2                    O 25q     352222 5 7 2 3 2 2   282.0  306.0
452 4359.229180 5.152E-89 1.595E-09.02290.02327321.36520.060.030519              8              5                    O 19q     352222 5 7 2 3 2 2   210.0  234.0
452 4359.939769 6.758E-31 1.870E-07.01150.012  532.3093-.150.010281              1              0                    S  3q     452222 5 7 2 3 2 2    66.0   42.0
452 4360.125300 4.330E-71 8.191E-08.01110.01119571.3807-.130.019744              6              4                    P 13      352222 6 6 2 3 2 2   150.0  162.0
452 4360.268039 1.353E-88 1.073E-04.01450.01529442.2049-.160.020519              8              6                    R 19      352222 6 6 2 3 2 2   246.0  234.0
452 4365.025671 6.676E-98 2.213E-07.06090.06132040.34200.300.026185             17             12                    R  0      352222 6 6 2 3 2 2    18.0    6.0
452 4365.083911 4.422E-87 2.455E-07.03010.03027266.7192-.040.021319             11              9                    S  5q     352222 5 7 2 3 2 2    90.0   66.0
452 4365.593640 1.414E-80 7.125E-07.00720.00724639.3180-.260.014156              4              3                    S 21q     352222 5 7 2 3 2 2   282.0  258.0
452 4366.198142 1.230E-90 1.126E-07.02770.02828790.5210-.120.026537             12              9                    O  9q     352222 5 7 2 3 2 2    90.0  114.0
452 4372.156600 5.524E-92 3.445E-07.02000.02029820.7206-.100.030767             10              7                    P 17      352222 6 6 2 3 2 2   198.0  210.0
452 4374.296301 8.413E-58 1.845E-08.00960.01012932.5591-.120.017983              4              2                    O 12q     352222 5 7 2 3 2 2   126.0  150.0
452 4374.696591 2.350E-87 4.350E-09.01750.01826782.82670.050.028301              6              3                    O 23q     352222 5 7 2 3 2 2   258.0  282.0
452 4376.030330 6.562E-88 3.756E-09.01600.01626994.7825-.070.026900              7              4                    O 21q     352222 5 7 2 3 2 2   234.0  258.0
452 4376.448720 2.145E-75 1.412E-05.03090.03122406.76580.150.011785              9              7                    P  4      352222 6 6 2 3 2 2    42.0   54.0
452 4377.864269 2.597E-86 1.126E-04.01570.01628324.2696-.180.021771              9              7                    R 15      352222 6 6 2 3 2 2   198.0  186.0
452 4378.472250 1.064E-89 1.169E-06.00540.00529122.2994-.220.012914              2              1                    S 29q     352222 5 7 2 3 2 2   378.0  354.0
452 4380.223061 1.616E-60 3.617E-08.00720.00714393.2406-.260.014156              4              3                    S 10q     352222 5 7 2 3 2 2   150.0  126.0
452 4380.439751 9.861E-90 7.513E-08.02360.02428346.9984-.170.023169             11              9                    S  8q     352222 5 7 2 3 2 2   126.0  102.0
452 4384.366991 3.409E-83 9.578E-05.01830.01826720.2725-.180.021396             10              8                    R  9      352222 6 6 2 3 2 2   126.0  114.0
452 4384.875539 5.980E-92 8.009E-05.01570.01631021.67030.030.023496              6              4                    R 25      352222 6 6 2 3 2 2   318.0  306.0
452 4385.237570 8.201E-88 1.878E-07.02630.02627582.0669-.120.020295             11              9                    S  6q     352222 5 7 2 3 2 2   102.0   78.0
452 4386.493179 2.499E-68 2.553E-07.01850.01918325.8089-.070.015833              7              5                    O  7q     352222 5 7 2 3 2 2    66.0   90.0
452 4390.572200 1.084E-88 1.288E-07.02530.02527943.1272-.170.022210             11              9                    S  7q     352222 5 7 2 3 2 2   114.0   90.0
452 4391.088381 3.730E-72 4.686E-07.02720.02720169.78530.100.010396              8              6                    O  5q     352222 5 7 2 3 2 2    42.0   66.0
452 4392.063179 2.630E-92 8.455E-08.02150.02129641.2034-.110.031586             11              8                    P 14      352222 6 6 2 3 2 2   162.0  174.0
452 4392.394821 5.020E-96 6.638E-08.01540.01531520.97390.010.028249              4              1                    P 31      352222 6 6 2 3 2 2   366.0  378.0
452 4393.875359 7.590E-80 3.812E-07.02200.02223953.1231-.070.021041              9              7                    Q  8q     382222 5 7 2 3 2 2   102.0  102.0
452 4393.875359 1.175E-81 5.899E-09.01950.02023953.1231-.110.021598              9              7                    Q  8m     382220 4 4 2 3 2 2   102.0  102.0
452 4395.507621 5.842E-93 8.443E-07.00490.00530616.8946-.200.011668              1              0                    S 32q     352222 5 7 2 3 2 2   414.0  390.0
452 4396.476322 3.866E-49 2.044E-07.00680.007 9301.2899-.410.011265              3              2                    S  7q     352222 5 7 2 3 2 2   114.0   90.0
452 4397.664700 1.451E-84 1.392E-08.01280.01325707.3320-.020.022428              5              3                    Q 22m     382220 4 4 2 3 2 2   270.0  270.0
452 4397.664700 1.605E-83 1.540E-07.01330.01325707.3320-.020.022202              5              3                    Q 22q     382222 5 7 2 3 2 2   270.0  270.0
452 4398.227860 5.480E-90 9.669E-05.01350.01430104.9966-.140.021372              7              5                    R 22      352222 6 6 2 3 2 2   282.0  270.0
452 4400.741069 4.700E-79 3.701E-05.03940.03924266.96420.270.016938             10              8                    R  1      352222 6 6 2 3 2 2    30.0   18.0
452 4400.751459 5.411E-96 5.776E-07.04580.04631631.80330.060.034612             15             11                    P  7      352222 6 6 2 3 2 2    78.0   90.0
452 4402.567189 2.243E-92 4.334E-07.02430.02430104.99660.080.034318              8              5                    P 22      352222 6 6 2 3 2 2   258.0  270.0
452 4403.584919 6.518E-71 8.711E-10.01150.01218578.9147-.070.020600              5              3                    P 15      352222 6 6 2 3 2 2   174.0  186.0
452 4406.063841 7.135E-87 6.691E-09.01050.01126690.5732-.040.020451              3              1                    Q 27m     382220 4 4 2 3 2 2   330.0  330.0
452 4406.063841 6.046E-86 5.670E-08.01080.01126690.5732-.040.020342              3              1                    Q 27q     382222 5 7 2 3 2 2   330.0  330.0
452 4409.040821 8.057E-40 2.674E-07.00850.009 4892.2491-.310.010781              2              1                    S  5q     452222 5 7 2 3 2 2    90.0   66.0
452 4412.836310 3.474E-81 2.695E-07.01440.01424651.0081-.090.021268              7              5                    Q 16q     382222 5 7 2 3 2 2   198.0  198.0
452 4412.836310 1.845E-82 1.431E-08.01340.01324651.0081-.100.022428              7              5                    Q 16m     382220 4 4 2 3 2 2   198.0  198.0
452 4414.030559 1.154E-84 1.045E-06.00610.00626682.6064-.190.013490              3              2                    S 25q     352222 5 7 2 3 2 2   330.0  306.0
452 4414.509540 4.895E-71 1.282E-06.01290.01320050.4677-.140.019927              7              5                    P 10      352222 6 6 2 3 2 2   114.0  126.0
452 4415.296808 1.820E-78 5.744E-07.00720.00723582.0622-.260.014156              4              3                    S 20q     352222 5 7 2 3 2 2   270.0  246.0
452 4415.605309 2.596E-97 1.731E-08.01410.01431864.75070.000.025930              3              0                    P 33      352222 6 6 2 3 2 2   390.0  402.0
452 4424.144179 3.785E-83 1.487E-08.01230.01225018.0608-.120.021686              6              4                    Q 19m     382220 4 4 2 3 2 2   234.0  234.0
452 4424.144179 5.428E-82 2.133E-07.01310.01325018.0608-.090.021501              6              4                    Q 19q     382222 5 7 2 3 2 2   234.0  234.0
452 4424.250369 2.971E-82 9.182E-05.01980.02026241.8354-.160.020781             10              8                    R  8      352222 6 6 2 3 2 2   114.0  102.0
452 4425.158841 1.400E-72 5.267E-06.01920.01920993.3413-.060.017920              8              6                    P  7      352222 6 6 2 3 2 2    78.0   90.0
452 4427.889600 1.585E-91 3.221E-07.04610.04629265.76420.210.014934             13             10                    O  5q     352222 5 7 2 3 2 2    42.0   66.0
452 4430.113579 1.400E-62 1.126E-08.00720.00715141.2673-.260.014156              4              3                    S 11q     352222 5 7 2 3 2 2   162.0  138.0
452 4431.031430 7.635E-68 1.580E-08.01030.01017745.4648-.090.019664              4              2                    P 17      352222 6 6 2 3 2 2   198.0  210.0
452 4434.337191 4.630E-79 4.694E-05.03940.03924385.02380.240.018018             10              8                    R  2      352222 6 6 2 3 2 2    42.0   30.0
452 4438.227158 1.138E-93 7.258E-08.02000.02030304.9278-.170.023949             10              8                    S 15q     352222 5 7 2 3 2 2   210.0  186.0
452 4443.790921 9.990E-93 4.740E-05.02690.02731104.6394-.130.031440             13             10                    R 10      352222 6 6 2 3 2 2   138.0  126.0
452 4445.125951 4.994E-66 3.450E-08.00940.00917068.2987-.060.018867              3              1                    P 19      352222 6 6 2 3 2 2   222.0  234.0
452 4447.961169 5.165E-65 2.510E-08.00860.00916543.0836-.080.018182              2              0                    P 21      352222 6 6 2 3 2 2   246.0  258.0
452 4450.290931 1.066E-79 3.363E-07.01600.01623931.5059-.090.022969              8              6                    Q 12q     382222 5 7 2 3 2 2   150.0  150.0
452 4450.290931 3.249E-81 1.025E-08.01470.01523931.5059-.100.023276              8              6                    Q 12m     382220 4 4 2 3 2 2   150.0  150.0
452 4452.007699 2.846E-95 2.644E-07.01820.01831370.8127-.160.023487              9              7                    S 19q     352222 5 7 2 3 2 2   258.0  234.0
452 4452.764829 2.052E-81 8.667E-05.02210.02225806.8543-.110.020183             10              8                    R  7      352222 6 6 2 3 2 2   102.0   90.0
452 4453.130409 5.158E-91 2.770E-06.03980.04029556.40850.080.024881             13             10                    P  6      352222 6 6 2 3 2 2    66.0   78.0
452 4454.833150 6.532E-79 3.990E-07.02450.02423488.2942-.030.018741              9              7                    Q  7q     382222 5 7 2 3 2 2    90.0   90.0
452 4454.833150 7.310E-81 4.466E-09.02160.02223488.2942-.060.020449              9              7                    Q  7m     382220 4 4 2 3 2 2    90.0   90.0
452 4454.906241 1.808E-60 6.156E-08.01150.01114393.2406-.100.018981              5              3                    O 10q     352222 5 7 2 3 2 2   102.0  126.0
452 4455.844069 2.105E-76 4.445E-07.00720.00722538.9385-.260.014156              4              3                    S 19q     352222 5 7 2 3 2 2   258.0  234.0
452 4456.280451 1.424E-53 5.327E-09.00870.00910684.9868-.110.017320              3              1                    O 13q     352222 5 7 2 3 2 2   138.0  162.0
452 4456.610399 7.584E-97 7.783E-09.02170.02231370.8127-.070.033213             10              7                    Q 19m     352220 4 4 2 3 2 2   234.0  234.0
452 4456.610399 1.427E-95 1.464E-07.02340.02331370.8127-.060.032775             10              7                    Q 19q     352222 5 7 2 3 2 2   234.0  234.0
452 4457.419029 3.709E-89 6.698E-09.01980.02027605.8586-.110.028254             10              7                    O 14q     352222 5 7 2 3 2 2   150.0  174.0
452 4458.458842 3.002E-79 5.624E-05.03610.03624560.87360.140.018291             10              8                    R  3      352222 6 6 2 3 2 2    54.0   42.0
452 4459.767230 7.376E-75 2.121E-05.03340.03322159.40720.230.008269              9              7                    P  3      352222 6 6 2 3 2 2    30.0   42.0
452 4460.021249 5.663E-81 3.434E-07.04270.04324207.68400.250.019303             10              8                    S  0q     352222 5 7 2 3 2 2    30.0    6.0
452 4461.180091 1.395E-86 2.158E-08.00990.01026802.7905-.040.019593              2              0                    Q 29q     352222 5 7 2 3 2 2   354.0  354.0
452 4461.180091 1.675E-87 2.589E-09.00970.01026802.7905-.040.019667              2              0                    Q 29m     352220 4 4 2 3 2 2   354.0  354.0
452 4469.257969 7.279E-66 2.665E-10.00720.00715937.8726-.260.014156              4              3                    S 12q     352222 5 7 2 3 2 2   174.0  150.0
452 4470.164500 1.101E-80 8.039E-05.02470.02525418.5001-.060.019603             10              8                    R  6      352222 6 6 2 3 2 2    90.0   78.0
452 4472.705161 1.363E-79 6.501E-05.03180.03224793.05910.060.018599             10              8                    R  4      352222 6 6 2 3 2 2    66.0   54.0
452 4476.714731 4.490E-80 7.312E-05.02780.02825079.6938-.020.019041             10              8                    R  5      352222 6 6 2 3 2 2    78.0   66.0
452 4478.242732 7.863E-85 1.156E-04.01570.01627605.8586-.180.021771              9              7                    R 14      352222 6 6 2 3 2 2   186.0  174.0
452 4479.934218 3.267E-87 1.068E-06.00540.00527909.2932-.220.012914              2              1                    S 28q     352222 5 7 2 3 2 2   366.0  342.0
452 4481.518811 2.669E-76 1.560E-06.03290.03321972.14610.150.003297              9              7                    O  2q     352222 5 7 2 3 2 2     6.0   30.0
452 4482.822420 2.759E-83 1.074E-07.01190.01225531.2963-.050.021202              4              2                    Q 24q     382222 5 7 2 3 2 2   294.0  294.0
452 4482.822420 2.550E-84 9.923E-09.01160.01225531.2963-.050.021361              4              2                    Q 24m     382220 4 4 2 3 2 2   294.0  294.0
452 4483.806240 1.040E-68 4.676E-07.01110.01118773.4636-.130.019744              6              4                    P 12      352222 6 6 2 3 2 2   138.0  150.0
452 4484.583868 1.694E-50 1.614E-07.00620.006 9908.6568-.410.011939              3              2                    S  8q     352222 5 7 2 3 2 2   126.0  102.0
452 4487.118639 2.127E-74 3.269E-07.00720.00721513.4245-.260.014156              4              3                    S 18q     352222 5 7 2 3 2 2   246.0  222.0
452 4489.105830 2.484E-92 2.936E-07.01660.01730014.1186-.050.028797              7              4                    P 24      352222 6 6 2 3 2 2   282.0  294.0
452 4491.287449 2.519E-82 9.097E-07.00610.00625531.2963-.190.013490              3              2                    S 24q     352222 5 7 2 3 2 2   318.0  294.0
452 4496.400850 7.770E-87 1.131E-04.01450.01528596.7553-.160.020519              8              6                    R 18      352222 6 6 2 3 2 2   234.0  222.0
452 4497.761071 2.933E-66 6.070E-09.00720.00716779.0334-.260.014156              4              3                    S 13q     352222 5 7 2 3 2 2   186.0  162.0
452 4501.211251 1.398E-31 1.921E-07.00930.009  883.1623-.230.010330              1              0                    S  4q     452222 5 7 2 3 2 2    78.0   54.0
452 4504.942689 4.032E-91 3.194E-07.02450.02429270.3194-.110.031549             12              9                    P 10      352222 6 6 2 3 2 2   114.0  126.0
452 4507.037579 2.073E-85 6.982E-10.01330.01325515.5462-.000.025800              3              0                    O 28q     352222 5 7 2 3 2 2   318.0  342.0
452 4508.367379 4.319E-78 4.156E-07.02750.02823073.69970.000.018396              9              7                    Q  6q     382222 5 7 2 3 2 2    78.0   78.0
452 4508.367379 3.399E-80 3.271E-09.02410.02423073.6997-.030.019152              9              7                    Q  6m     382220 4 4 2 3 2 2    78.0   78.0
452 4508.955779 1.816E-72 2.246E-07.00720.00720509.1052-.260.014156              4              3                    S 17q     352222 5 7 2 3 2 2   234.0  210.0
452 4510.507939 2.301E-90 7.850E-07.00490.00529355.7778-.200.011668              1              0                    S 31q     352222 5 7 2 3 2 2   402.0  378.0
452 4514.784998 4.691E-97 2.435E-08.03500.03531571.6453-.040.041294             14             10                    P 11      352222 6 6 2 3 2 2   126.0  138.0
452 4514.818848 1.148E-63 1.560E-07.01450.01416038.3853-.140.017228              6              4                    O  8q     352222 5 7 2 3 2 2    78.0  102.0
452 4515.779480 2.159E-67 3.073E-08.00720.00717660.7168-.260.014156              4              3                    S 14q     352222 5 7 2 3 2 2   198.0  174.0
452 4517.109760 2.948E-91 2.780E-07.01870.01929442.2049-.080.030030              9              6                    P 19      352222 6 6 2 3 2 2   222.0  234.0
452 4519.802119 1.656E-97 1.948E-09.02940.02931370.8127-.010.036147             11              7                    O 19q     352222 5 7 2 3 2 2   210.0  234.0
452 4521.157530 1.250E-70 1.403E-07.00720.00719529.6714-.260.014156              4              3                    S 16q     352222 5 7 2 3 2 2   222.0  198.0
452 4521.190920 8.576E-81 1.206E-08.01340.01323803.0787-.100.022428              7              5                    Q 15m     382220 4 4 2 3 2 2   186.0  186.0
452 4521.190920 2.058E-79 2.894E-07.01440.01423803.0787-.090.021268              7              5                    Q 15q     382222 5 7 2 3 2 2   186.0  186.0
452 4523.174239 2.414E-93 5.431E-05.02490.02531479.0148-.120.031099             12              9                    R 14      352222 6 6 2 3 2 2   186.0  174.0
452 4523.506509 6.453E-69 7.540E-08.00720.00718578.9147-.260.014156              4              3                    S 15q     352222 5 7 2 3 2 2   210.0  186.0
452 4524.283209 7.325E-41 2.470E-07.00680.007 5384.3736-.410.010391              2              1                    S  6q     452222 5 7 2 3 2 2   102.0   78.0
452 4525.275569 3.413E-92 6.517E-05.01420.01431096.6369-.010.023788              5              3                    R 27      352222 6 6 2 3 2 2   342.0  330.0
452 4526.489949 1.604E-71 8.788E-06.02160.02220553.2040-.020.016668              8              6                    P  6      352222 6 6 2 3 2 2    66.0   78.0
452 4528.910931 1.889E-69 2.773E-06.01400.01419424.2123-.150.019354              7              5                    P  9      352222 6 6 2 3 2 2   102.0  114.0
452 4530.037410 8.655E-90 5.714E-11.01840.01826948.9774-.100.027749              9              6                    O 16q     352222 5 7 2 3 2 2   174.0  198.0
452 4530.453171 1.448E-49 7.814E-10.00790.008 8402.1060-.110.016749              2              0                    O 14q     352222 5 7 2 3 2 2   150.0  174.0
452 4530.575859 4.575E-95 4.677E-09.02510.02530324.3701-.090.035482             12              9                    Q 12m     352220 4 4 2 3 2 2   150.0  150.0
452 4530.575859 2.069E-93 2.115E-07.02770.02830324.3701-.070.033412             12              9                    Q 12q     352222 5 7 2 3 2 2   150.0  150.0
452 4531.178950 2.819E-81 1.672E-07.01330.01324639.3180-.020.022202              5              3                    Q 21q     382222 5 7 2 3 2 2   258.0  258.0
452 4531.178950 2.026E-82 1.202E-08.01280.01324639.3180-.020.022428              5              3                    Q 21m     382220 4 4 2 3 2 2   258.0  258.0
452 4532.378300 6.612E-67 1.159E-07.01150.01217660.7168-.070.020600              5              3                    P 14      352222 6 6 2 3 2 2   162.0  174.0
452 4536.583949 6.216E-80 8.355E-09.01470.01523257.2697-.100.023276              8              6                    Q 11m     382220 4 4 2 3 2 2   138.0  138.0
452 4536.583949 2.651E-78 3.563E-07.01600.01623257.2697-.090.022969              8              6                    Q 11q     382222 5 7 2 3 2 2   138.0  138.0
452 4536.853229 1.610E-74 3.214E-05.03300.03321972.14610.230.006432              9              7                    P  2      352222 6 6 2 3 2 2    18.0   30.0
452 4539.219559 1.542E-71 6.002E-07.02990.03019845.80430.170.006073              8              6                    O  4q     352222 5 7 2 3 2 2    30.0   54.0
452 4539.845909 7.211E-89 4.433E-08.02140.02127793.8536-.120.028813             11              8                    O 11q     352222 5 7 2 3 2 2   114.0  138.0
452 4542.260770 1.110E-89 1.468E-07.03120.03128346.9984-.040.026310             12              9                    O  8q     352222 5 7 2 3 2 2    78.0  102.0
452 4545.368620 7.491E-85 2.211E-09.01450.01425468.7502-.000.026687              4              1                    O 26q     352222 5 7 2 3 2 2   294.0  318.0
452 4545.926629 3.203E-81 1.272E-08.01230.01224050.8288-.120.021686              6              4                    Q 18m     382220 4 4 2 3 2 2   222.0  222.0
452 4545.926629 5.799E-80 2.303E-07.01310.01324050.8288-.090.021501              6              4                    Q 18q     382222 5 7 2 3 2 2   222.0  222.0
452 4546.225509 2.330E-67 3.256E-07.02140.02117860.54040.010.013652              7              5                    O  6q     352222 5 7 2 3 2 2    54.0   78.0
452 4550.581109 5.786E-56 2.593E-08.00960.01012095.3736-.120.017983              4              2                    O 11q     352222 5 7 2 3 2 2   114.0  138.0
452 4551.673762 9.507E-93 2.685E-08.02000.02029641.2034-.170.023949             10              8                    S 14q     352222 5 7 2 3 2 2   198.0  174.0
452 4552.396818 7.400E-81 4.454E-07.04380.04424266.96420.240.022073             10              8                    S  1q     352222 5 7 2 3 2 2    42.0   18.0
452 4553.335351 9.450E-95 1.957E-09.03450.03529888.6645-.030.030306             13             10                    Q  7m     352220 4 4 2 3 2 2    90.0   90.0
452 4553.335351 1.185E-92 2.453E-07.04010.04029888.66450.020.029097             13             10                    Q  7q     352222 5 7 2 3 2 2    90.0   90.0
452 4553.833649 2.133E-84 5.843E-09.01050.01125468.7502-.040.020451              3              1                    Q 26m     382220 4 4 2 3 2 2   318.0  318.0
452 4553.833649 2.249E-83 6.160E-08.01080.01125468.7502-.040.020342              3              1                    Q 26q     382222 5 7 2 3 2 2   318.0  318.0
452 4554.417300 2.153E-77 4.314E-07.03160.03222712.30200.060.016624              9              7                    Q  5q     382222 5 7 2 3 2 2    66.0   66.0
452 4554.417300 1.143E-79 2.289E-09.02750.02822712.30200.030.016522              9              7                    Q  5m     382220 4 4 2 3 2 2    66.0   66.0
452 4555.450241 1.531E-92 1.789E-07.01850.01930022.58370.060.029039              6              3                    P 26      352222 6 6 2 3 2 2   306.0  318.0
452 4556.254511 4.899E-88 1.032E-04.01350.01429170.4969-.140.021372              7              5                    R 21      352222 6 6 2 3 2 2   270.0  258.0
452 4560.159609 5.292E-80 7.726E-07.00610.00624383.3948-.190.013490              3              2                    S 23q     352222 5 7 2 3 2 2   306.0  282.0
452 4561.887821 4.990E-52 1.171E-07.00610.00610579.3795-.190.013490              3              2                    S  9q     352222 5 7 2 3 2 2   138.0  114.0
452 4563.915270 7.639E-90 8.600E-05.01570.01630014.11860.030.023496              6              4                    R 24      352222 6 6 2 3 2 2   306.0  294.0
452 4563.918289 6.761E-66 1.045E-08.01030.01016712.8762-.090.019664              4              2                    P 16      352222 6 6 2 3 2 2   186.0  198.0
452 4565.975099 4.529E-91 4.135E-07.04840.04829019.33240.270.009224             13             10                    O  4q     352222 5 7 2 3 2 2    30.0   54.0
452 4566.555860 2.096E-83 1.177E-04.01570.01626912.4590-.180.021771              9              7                    R 13      352222 6 6 2 3 2 2   174.0  162.0
452 4569.968802 2.954E-90 4.973E-06.04310.04329265.76420.160.021493             13             10                    P  5      352222 6 6 2 3 2 2    54.0   66.0
452 4572.219759 3.734E-87 1.637E-09.02290.02326413.84960.060.030519              8              5                    O 18q     352222 5 7 2 3 2 2   198.0  222.0
452 4573.397360 1.017E-84 9.582E-07.00540.00526690.5732-.220.012914              2              1                    S 27q     352222 5 7 2 3 2 2   354.0  330.0
452 4573.700390 9.084E-85 4.006E-09.01590.01625531.29630.010.027699              5              2                    O 24q     352222 5 7 2 3 2 2   270.0  294.0
452 4581.031752 4.387E-91 8.072E-08.02000.02029063.8443-.100.030767             10              7                    P 16      352222 6 6 2 3 2 2   186.0  198.0
452 4581.204611 4.476E-95 1.414E-06.04870.04931330.46780.090.031715             15             11                    P  6      352222 6 6 2 3 2 2    66.0   78.0
452 4581.282458 3.908E-65 1.186E-09.00940.00915927.8227-.060.018867              3              1                    P 18      352222 6 6 2 3 2 2   210.0  222.0
452 4582.576640 4.020E-92 6.694E-09.02150.02128998.8592-.110.031586             11              8                    P 13      352222 6 6 2 3 2 2   150.0  162.0
452 4586.118531 7.464E-92 4.901E-05.02830.02830666.0857-.110.030572             13             10                    R  9      352222 6 6 2 3 2 2   126.0  114.0
452 4586.707898 4.547E-63 5.915E-09.00860.00915301.5359-.080.018182              2              0                    P 20      352222 6 6 2 3 2 2   234.0  246.0
452 4589.711990 4.388E-85 5.032E-09.01750.01825707.33200.050.028301              6              3                    O 22q     352222 5 7 2 3 2 2   246.0  270.0
452 4590.473240 8.003E-86 4.232E-09.01600.01626000.5431-.070.026900              7              4                    O 20q     352222 5 7 2 3 2 2   222.0  246.0
452 4592.918221 2.661E-79 1.500E-09.03170.03222406.76580.110.015561              9              7                    Q  4m     382220 4 4 2 3 2 2    54.0   54.0
452 4592.918221 7.941E-77 4.478E-07.03660.03722406.76580.140.014559              9              7                    Q  4q     382222 5 7 2 3 2 2    54.0   54.0
452 4604.829679 5.108E-93 9.437E-08.01690.01730127.87140.030.029419              5              2                    P 28      352222 6 6 2 3 2 2   330.0  342.0
452 4605.363381 9.611E-67 1.266E-06.01110.01118017.3147-.130.019744              6              4                    P 11      352222 6 6 2 3 2 2   126.0  138.0
452 4607.201489 1.884E-74 6.317E-05.03050.03021846.46340.140.008091              9              7                    P  1      352222 6 6 2 3 2 2     6.0   18.0
452 4612.325281 7.114E-84 2.333E-08.00990.01025515.5462-.040.019593              2              0                    Q 28q     382222 5 7 2 3 2 2   342.0  342.0
452 4612.325281 6.935E-85 2.274E-09.00970.01025515.5462-.040.019667              2              0                    Q 28m     382220 4 4 2 3 2 2   342.0  342.0
452 4616.113051 9.654E-79 6.731E-09.01530.01522622.6780-.110.022602              8              6                    Q 10m     382220 4 4 2 3 2 2   126.0  126.0
452 4616.113051 5.375E-77 3.748E-07.01680.01722622.6780-.100.022260              8              6                    Q 10q     382222 5 7 2 3 2 2   126.0  126.0
452 4617.934701 9.460E-88 7.194E-07.00490.00528083.6485-.200.011668              1              0                    S 30q     352222 5 7 2 3 2 2   390.0  366.0
452 4619.945519 4.185E-85 1.186E-04.01450.01527764.4312-.160.020519              8              6                    R 17      352222 6 6 2 3 2 2   222.0  210.0
452 4620.670601 1.050E-77 6.378E-07.00610.00623241.9387-.190.013490              3              2                    S 22q     352222 5 7 2 3 2 2   294.0  270.0
452 4621.152201 7.580E-94 1.797E-07.01820.01830591.0162-.160.023487              9              7                    S 18q     352222 5 7 2 3 2 2   246.0  222.0
452 4621.516880 7.135E-81 1.161E-07.01190.01224383.3948-.050.021202              4              2                    Q 23q     382222 5 7 2 3 2 2   282.0  282.0
452 4621.516880 5.309E-82 8.638E-09.01160.01224383.3948-.050.021361              4              2                    Q 23m     382220 4 4 2 3 2 2   282.0  282.0
452 4623.273868 1.257E-70 1.362E-05.02470.02520169.78530.040.014660              8              6                    P  5      352222 6 6 2 3 2 2    54.0   66.0
452 4623.359201 1.059E-77 3.082E-07.01440.01422982.4995-.090.021268              7              5                    Q 14q     382222 5 7 2 3 2 2   174.0  174.0
452 4623.359201 3.474E-79 1.012E-08.01340.01322982.4995-.100.022428              7              5                    Q 14m     382220 4 4 2 3 2 2   174.0  174.0
452 4623.807291 2.122E-76 4.686E-07.04170.04222159.40720.230.011819              9              7                    Q  3q     382222 5 7 2 3 2 2    42.0   42.0
452 4623.807291 4.022E-79 8.881E-10.03620.03622159.40720.190.013401              9              7                    Q  3m     382220 4 4 2 3 2 2    42.0   42.0
452 4628.042861 5.831E-59 8.262E-08.01250.01213697.7662-.090.018641              5              3                    O  9q     352222 5 7 2 3 2 2    90.0  114.0
452 4628.256319 9.727E-54 7.520E-08.00610.00611309.6164-.190.013490              3              2                    S 10q     352222 5 7 2 3 2 2   150.0  126.0
452 4629.096530 4.410E-42 2.180E-07.00580.006 5950.2830-.430.011557              2              1                    S  7q     452222 5 7 2 3 2 2   114.0   90.0
452 4631.976099 8.609E-91 2.057E-07.02430.02429170.49690.080.034318              8              5                    P 21      352222 6 6 2 3 2 2   246.0  258.0
452 4632.971170 1.821E-32 1.895E-07.00740.007 1317.3118-.320.010501              1              0                    S  5q     452222 5 7 2 3 2 2    90.0   66.0
452 4634.308619 5.624E-81 4.844E-07.04000.04024385.02380.180.021965             10              8                    S  2q     352222 5 7 2 3 2 2    54.0   30.0
452 4636.422301 1.637E-51 7.974E-09.00870.009 9756.8184-.110.017320              3              1                    O 12q     352222 5 7 2 3 2 2   126.0  150.0
452 4639.946970 8.553E-94 3.937E-08.01540.01530327.03550.010.028249              4              1                    P 30      352222 6 6 2 3 2 2   354.0  366.0
452 4640.147578 4.760E-68 5.054E-06.01550.01518848.1467-.120.018602              7              5                    P  8      352222 6 6 2 3 2 2    90.0  102.0
452 4643.180350 4.816E-82 1.188E-04.01570.01626247.9000-.180.021771              9              7                    R 12      352222 6 6 2 3 2 2   162.0  150.0
452 4646.016819 2.152E-92 2.971E-09.02000.02028998.8592-.170.023949             10              8                    S 13q     352222 5 7 2 3 2 2   186.0  162.0
452 4647.028369 4.052E-76 5.092E-07.04490.04521972.14610.320.010655              9              7                    Q  2q     382222 5 7 2 3 2 2    30.0   30.0
452 4647.028369 3.498E-79 4.395E-10.04030.04021972.14610.280.011311              9              7                    Q  2m     382220 4 4 2 3 2 2    30.0   30.0
452 4649.398271 1.108E-92 4.707E-05.01280.01331263.9704-.020.022659              4              2                    R 29      352222 6 6 2 3 2 2   366.0  354.0
452 4655.365640 1.064E-93 5.663E-05.02310.02331680.5944-.110.030798             11              8                    R 17      352222 6 6 2 3 2 2   222.0  210.0
452 4656.192949 5.319E-92 2.643E-07.04440.04429556.40850.060.026780             13             10                    Q  6q     352222 5 7 2 3 2 2    78.0   78.0
452 4656.192949 2.758E-94 1.370E-09.03840.03829556.40850.030.028173             13             10                    Q  6m     352220 4 4 2 3 2 2    78.0   78.0
452 4658.165910 6.822E-95 5.410E-09.02330.02330304.9278-.080.034272             11              8                    Q 15m     352220 4 4 2 3 2 2   186.0  186.0
452 4658.165910 2.507E-93 1.988E-07.02540.02530304.9278-.070.033744             11              8                    Q 15q     352222 5 7 2 3 2 2   186.0  186.0
452 4659.121351 3.164E-82 8.435E-07.00540.00525468.7502-.220.012914              2              1                    S 26q     352222 5 7 2 3 2 2   342.0  318.0
452 4659.186340 1.356E-87 9.998E-09.01980.02026912.4590-.110.028254             10              7                    O 13q     352222 5 7 2 3 2 2   138.0  162.0
452 4659.376161 4.664E-79 1.799E-07.01330.01323582.0622-.020.022202              5              3                    Q 20q     382222 5 7 2 3 2 2   246.0  246.0
452 4659.376161 2.693E-80 1.038E-08.01280.01323582.0622-.020.022428              5              3                    Q 20m     382220 4 4 2 3 2 2   246.0  246.0
452 4659.685261 1.714E-64 4.722E-07.01150.01216779.0334-.070.020600              5              3                    P 13      352222 6 6 2 3 2 2   150.0  162.0
452 4662.010240 5.610E-78 2.465E-07.01310.01323102.4211-.090.021501              6              4                    Q 17q     382222 5 7 2 3 2 2   210.0  210.0
452 4662.010240 2.472E-79 1.086E-08.01230.01223102.4211-.120.021686              6              4                    Q 17m     382220 4 4 2 3 2 2   210.0  210.0
452 4662.535910 1.271E-79 1.455E-10.04110.04121846.46340.280.009458              9              7                    Q  1m     382220 4 4 2 3 2 2    18.0   18.0
452 4662.535910 6.287E-76 7.196E-07.03570.03621846.46340.260.010644              9              7                    Q  1q     382222 5 7 2 3 2 2    18.0   18.0
452 4662.684590 1.195E-89 1.100E-06.02640.02628790.5210-.080.030301             12              9                    P  9      352222 6 6 2 3 2 2   102.0  114.0
452 4663.116111 5.713E-95 1.018E-08.01410.01430616.89460.000.025930              3              0                    P 32      352222 6 6 2 3 2 2   378.0  390.0
452 4665.297180 1.735E-96 6.276E-09.02030.02031157.5233-.060.030891              9              6                    Q 21m     352220 4 4 2 3 2 2   258.0  258.0
452 4665.297180 3.772E-95 1.364E-07.02160.02231157.5233-.050.031901              9              6                    Q 21q     352222 5 7 2 3 2 2   258.0  258.0
452 4666.506660 1.947E-94 1.787E-05.04540.04531631.80330.020.036171             15             11                    R  7      352222 6 6 2 3 2 2   102.0   90.0
452 4667.657300 1.406E-97 3.868E-09.03320.03331479.0148-.030.038478             13              9                    P 14      352222 6 6 2 3 2 2   162.0  174.0
452 4669.899871 1.276E-96 5.099E-09.02790.02831157.52330.000.033841             10              6                    O 21q     352222 5 7 2 3 2 2   234.0  258.0
452 4672.757241 1.927E-75 5.092E-07.00610.00622110.0696-.190.013490              3              2                    S 21q     352222 5 7 2 3 2 2   282.0  258.0
452 4674.321410 1.181E-89 8.073E-06.04620.04629019.33240.230.017521             13             10                    P  4      352222 6 6 2 3 2 2    42.0   54.0
452 4682.010750 1.706E-62 2.026E-07.01660.01715487.7747-.100.015833              6              4                    O  7q     352222 5 7 2 3 2 2    66.0   90.0
452 4683.338121 4.231E-71 8.169E-07.03050.03019583.62610.180.003342              8              6                    O  3q     352222 5 7 2 3 2 2    18.0   42.0
452 4683.659900 1.185E-55 3.959E-08.00610.00612095.3736-.190.013490              3              2                    S 11q     352222 5 7 2 3 2 2   162.0  138.0
452 4688.828800 8.725E-76 3.919E-07.01780.01822031.4438-.100.021482              8              6                    Q  9q     382222 5 7 2 3 2 2   114.0  114.0
452 4688.828800 1.190E-77 5.343E-09.01620.01622031.4438-.130.021869              8              6                    Q  9m     382220 4 4 2 3 2 2   114.0  114.0
452 4688.953529 1.108E-96 6.707E-08.03150.03231680.5944-.010.039407             12              8                    P 17      352222 6 6 2 3 2 2   198.0  210.0
452 4692.858211 9.240E-91 5.619E-07.04720.04728819.36090.290.005510             13             10                    O  3q     352222 5 7 2 3 2 2    18.0   42.0
452 4695.852519 9.501E-63 1.276E-07.01030.01015711.2781-.090.019664              4              2                    P 15      352222 6 6 2 3 2 2   174.0  186.0
452 4697.043399 6.436E-82 5.124E-09.01050.01124246.5110-.040.020451              3              1                    Q 25m     382220 4 4 2 3 2 2   306.0  306.0
452 4697.043399 8.332E-81 6.635E-08.01080.01124246.5110-.040.020342              3              1                    Q 25q     382222 5 7 2 3 2 2   306.0  306.0
452 4697.663929 2.753E-92 2.365E-07.02770.02829782.8379-.070.033412             12              9                    Q 11q     352222 5 7 2 3 2 2   138.0  138.0
452 4697.663929 4.116E-94 3.537E-09.02510.02529782.8379-.090.035482             12              9                    Q 11m     352220 4 4 2 3 2 2   138.0  138.0
452 4699.118291 2.189E-95 5.947E-09.02170.02230591.0162-.070.033213             10              7                    Q 18m     352220 4 4 2 3 2 2   222.0  222.0
452 4699.118291 6.302E-94 1.712E-07.02340.02330591.0162-.060.032775             10              7                    Q 18q     352222 5 7 2 3 2 2   222.0  222.0
452 4701.426421 4.277E-86 1.097E-04.01350.01428241.4383-.140.021372              7              5                    R 20      352222 6 6 2 3 2 2   258.0  246.0
452 4703.975492 1.549E-66 4.159E-07.02440.02417455.43180.080.010865              7              5                    O  5q     352222 5 7 2 3 2 2    42.0   66.0
452 4704.890651 2.848E-81 4.863E-07.03540.03524560.87360.090.021213             10              8                    S  3q     352222 5 7 2 3 2 2    66.0   42.0
452 4706.258301 4.685E-91 4.965E-05.03030.03030259.6190-.080.027846             13             10                    R  8      352222 6 6 2 3 2 2   114.0  102.0
452 4708.389569 9.350E-81 1.187E-04.01570.01625615.9806-.180.021771              9              7                    R 11      352222 6 6 2 3 2 2   150.0  138.0
452 4710.117391 6.048E-90 7.007E-05.01420.01430022.5837-.010.023788              5              3                    R 26      352222 6 6 2 3 2 2   330.0  318.0
452 4710.800490 8.083E-89 1.909E-07.03620.03627943.12720.070.023551             12              9                    O  7q     352222 5 7 2 3 2 2    66.0   90.0
452 4714.074722 2.968E-47 1.319E-09.00790.008 7381.2989-.110.016749              2              0                    O 13q     352222 5 7 2 3 2 2   138.0  162.0
452 4715.069340 6.704E-70 2.011E-05.02800.02819845.80430.120.012049              8              6                    P  4      352222 6 6 2 3 2 2    42.0   54.0
452 4716.287379 3.196E-73 3.902E-07.00610.00620991.0448-.190.013490              3              2                    S 20q     352222 5 7 2 3 2 2   270.0  246.0
452 4716.938239 1.209E-61 1.827E-08.00940.00914812.7331-.060.018867              3              1                    P 17      352222 6 6 2 3 2 2   198.0  210.0
452 4718.183541 4.010E-85 6.495E-07.00490.00526802.7905-.200.011668              1              0                    S 29q     352222 5 7 2 3 2 2   378.0  354.0
452 4719.217840 1.115E-82 8.045E-10.01330.01324224.3365-.000.025800              3              0                    O 27q     352222 5 7 2 3 2 2   306.0  330.0
452 4719.364101 4.639E-76 3.259E-07.01440.01422193.0950-.090.021268              7              5                    Q 13q     382222 5 7 2 3 2 2   162.0  162.0
452 4719.364101 1.201E-77 8.438E-09.01340.01322193.0950-.100.022428              7              5                    Q 13m     382220 4 4 2 3 2 2   162.0  162.0
452 4721.839820 1.382E-90 1.397E-07.01660.01729004.9115-.050.028797              7              4                    P 23      352222 6 6 2 3 2 2   270.0  282.0
452 4722.401929 4.049E-91 3.075E-09.02000.02028381.7967-.170.023949             10              8                    S 12q     352222 5 7 2 3 2 2   174.0  150.0
452 4723.103151 1.782E-43 1.828E-07.00520.005 6586.5133-.330.011452              2              1                    S  8q     352222 5 7 2 3 2 2   126.0  102.0
452 4724.588508 5.358E-65 2.597E-06.01180.01217306.8553-.130.019413              6              4                    P 10      352222 6 6 2 3 2 2   114.0  126.0
452 4725.341660 5.480E-62 2.102E-10.00860.00914079.8311-.080.018182              2              0                    P 19      352222 6 6 2 3 2 2   222.0  234.0
452 4725.632351 3.791E-74 3.280E-05.03340.03321783.36700.170.013852              9              7                    R  0      352222 6 6 2 3 2 2    18.0    6.0
452 4725.846239 9.485E-95 3.221E-07.01670.01731157.5233-.130.023095              8              6                    S 21q     352222 5 7 2 3 2 2   282.0  258.0
452 4728.157721 7.449E-58 1.382E-08.00610.00612932.5591-.190.013490              3              2                    S 12q     352222 5 7 2 3 2 2   174.0  150.0
452 4728.513641 1.206E-87 6.051E-08.02310.02327238.7909-.140.028755             11              8                    O 10q     352222 5 7 2 3 2 2   102.0  126.0
452 4728.768991 3.044E-54 3.612E-08.01020.01011309.6164-.150.018279              4              2                    O 10q     352222 5 7 2 3 2 2   102.0  126.0
452 4729.388519 9.896E-88 9.221E-05.01570.01629004.91150.030.023496              6              4                    R 23      352222 6 6 2 3 2 2   294.0  282.0
452 4730.920719 3.965E-92 5.988E-05.02490.02530891.0803-.120.031099             12              9                    R 13      352222 6 6 2 3 2 2   174.0  162.0
452 4731.616991 2.072E-83 1.237E-04.01450.01526948.9774-.160.020519              8              6                    R 16      352222 6 6 2 3 2 2   210.0  198.0
452 4731.983501 3.757E-90 6.748E-08.01870.01928596.7553-.080.030030              9              6                    P 18      352222 6 6 2 3 2 2   210.0  222.0
452 4736.921140 1.600E-87 2.605E-10.01840.01826154.1592-.100.027749              9              6                    O 15q     352222 5 7 2 3 2 2   162.0  186.0
452 4737.230491 9.682E-80 7.272E-07.00540.00524246.5110-.220.012914              2              1                    S 25q     352222 5 7 2 3 2 2   330.0  306.0
452 4738.644459 2.398E-94 2.744E-06.05250.05331066.26900.180.027661             15             11                    P  5      352222 6 6 2 3 2 2    54.0   66.0
452 4743.774742 1.897E-91 2.815E-07.04970.05029265.76420.130.022783             13             10                    Q  5q     352222 5 7 2 3 2 2    66.0   66.0
452 4743.774742 6.216E-94 9.224E-10.04270.04329265.76420.090.024254             13             10                    Q  5m     352220 4 4 2 3 2 2    66.0   66.0
452 4747.890869 8.204E-67 8.309E-06.01730.01718325.8089-.070.017671              7              5                    P  7      352222 6 6 2 3 2 2    78.0   90.0
452 4751.074382 4.657E-71 2.838E-07.00610.00619888.2438-.190.013490              3              2                    S 19q     352222 5 7 2 3 2 2   258.0  234.0
452 4754.551841 1.525E-33 1.799E-07.00600.006 1831.9614-.400.010794              1              0                    S  6q     452222 5 7 2 3 2 2   102.0   78.0
452 4754.658291 1.113E-74 4.076E-07.01950.01921487.1771-.080.020547              8              6                    Q  8q     382222 5 7 2 3 2 2   102.0  102.0
452 4754.658291 1.136E-76 4.160E-09.01750.01821487.1771-.100.020996              8              6                    Q  8m     382220 4 4 2 3 2 2   102.0  102.0
452 4755.420402 1.777E-78 1.245E-07.01190.01223241.9387-.050.021202              4              2                    Q 22q     382222 5 7 2 3 2 2   270.0  270.0
452 4755.420402 1.076E-79 7.537E-09.01160.01223241.9387-.050.021361              4              2                    Q 22m     382220 4 4 2 3 2 2   270.0  270.0
452 4758.400670 2.862E-82 2.537E-09.01450.01424246.5110-.000.026687              4              1                    O 25q     352222 5 7 2 3 2 2   282.0  306.0
452 4759.382059 1.923E-93 2.802E-05.01170.01231520.9739-.030.020626              3              1                    R 31      352222 6 6 2 3 2 2   390.0  378.0
452 4759.404931 2.951E-82 2.008E-09.00970.01024224.3365-.040.019667              2              0                    Q 27m     382220 4 4 2 3 2 2   330.0  330.0
452 4759.404931 3.678E-81 2.503E-08.00990.01024224.3365-.040.019593              2              0                    Q 27q     382222 5 7 2 3 2 2   330.0  330.0
452 4761.882869 7.441E-61 9.645E-10.00610.00613817.0319-.190.013490              3              2                    S 13q     352222 5 7 2 3 2 2   186.0  162.0
452 4762.388669 1.502E-79 1.173E-04.01570.01625020.4493-.180.021771              9              7                    R 10      352222 6 6 2 3 2 2   138.0  126.0
452 4762.911511 2.553E-89 2.487E-07.02150.02128381.7967-.110.031586             11              8                    P 12      352222 6 6 2 3 2 2   138.0  150.0
452 4763.349480 1.006E-81 4.606E-07.03080.03124793.05910.020.020877             10              8                    S  4q     352222 5 7 2 3 2 2    78.0   54.0
452 4765.413301 4.793E-95 3.166E-07.03620.03631104.6394-.030.038130             14             10                    P 10      352222 6 6 2 3 2 2   114.0  126.0
452 4765.946540 3.288E-89 1.237E-05.04770.04828819.36090.310.012994             13             10                    P  3      352222 6 6 2 3 2 2    30.0   42.0
452 4768.211511 1.654E-92 1.038E-07.01820.01829820.7206-.160.023487              9              7                    S 17q     352222 5 7 2 3 2 2   234.0  210.0
452 4772.481371 1.708E-77 9.260E-09.01230.01222176.4962-.120.021686              6              4                    Q 16m     382220 4 4 2 3 2 2   198.0  198.0
452 4772.481371 4.830E-76 2.619E-07.01310.01322176.4962-.090.021501              6              4                    Q 16q     382222 5 7 2 3 2 2   198.0  198.0
452 4772.711050 6.550E-74 4.713E-05.03640.03621846.46340.250.016707              9              7                    R  1      352222 6 6 2 3 2 2    30.0   18.0
452 4776.889571 5.758E-69 1.924E-07.00610.00618805.1728-.190.013490              3              2                    S 18q     352222 5 7 2 3 2 2   246.0  222.0
452 4779.929120 5.362E-91 3.154E-09.02000.02028324.2696-.100.030767             10              7                    P 15      352222 6 6 2 3 2 2   174.0  186.0
452 4781.425068 3.058E-96 6.606E-09.02660.02731041.39530.010.035187              9              5                    O 23q     352222 5 7 2 3 2 2   258.0  282.0
452 4781.674431 5.551E-89 2.664E-08.02000.02027793.8536-.170.023949             10              8                    S 11q     352222 5 7 2 3 2 2   162.0  138.0
452 4782.420650 2.225E-85 1.492E-09.02290.02325522.50730.060.030519              8              5                    O 17q     352222 5 7 2 3 2 2   186.0  210.0
452 4782.426841 3.347E-78 8.979E-09.01280.01322538.9385-.020.022428              5              3                    Q 19m     382220 4 4 2 3 2 2   234.0  234.0
452 4782.426841 7.158E-77 1.920E-07.01330.01322538.9385-.020.022202              5              3                    Q 19q     382222 5 7 2 3 2 2   234.0  234.0
452 4785.027310 3.156E-62 3.524E-09.00610.00614744.6441-.190.013490              3              2                    S 14q     352222 5 7 2 3 2 2   198.0  174.0
452 4785.357599 2.171E-62 1.149E-06.01150.01215937.8726-.070.020600              5              3                    P 12      352222 6 6 2 3 2 2   138.0  150.0
452 4787.102189 2.388E-82 4.557E-09.01590.01624383.39480.010.027699              5              2                    O 23q     352222 5 7 2 3 2 2   258.0  282.0
452 4790.745780 1.205E-90 8.552E-08.01850.01928943.55430.060.029039              6              3                    P 25      352222 6 6 2 3 2 2   294.0  306.0
452 4793.473770 5.750E-67 1.178E-07.00610.00617745.4648-.190.013490              3              2                    S 17q     352222 5 7 2 3 2 2   234.0  210.0
452 4797.827159 2.004E-63 2.329E-08.00610.00615711.2781-.190.013490              3              2                    S 15q     352222 5 7 2 3 2 2   210.0  186.0
452 4800.548461 4.281E-65 6.130E-08.00610.00616712.8762-.190.013490              3              2                    S 16q     352222 5 7 2 3 2 2   222.0  198.0
452 4801.397759 2.377E-69 2.894E-05.03080.03119583.62610.210.009092              8              6                    P  3      352222 6 6 2 3 2 2    30.0   42.0
452 4801.819361 1.397E-57 1.101E-07.01390.01413058.7212-.090.017735              5              3                    O  8q     352222 5 7 2 3 2 2    78.0  102.0
452 4802.659909 8.768E-84 4.524E-09.01600.01625018.0608-.070.026900              7              4                    O 19q     352222 5 7 2 3 2 2   210.0  234.0
452 4802.887019 7.648E-83 5.619E-09.01750.01824639.31800.050.028301              6              3                    O 21q     352222 5 7 2 3 2 2   234.0  258.0
452 4805.342391 1.957E-78 1.146E-04.01660.01724464.9771-.180.020105              9              7                    R  9      352222 6 6 2 3 2 2   126.0  114.0
452 4805.702640 2.422E-90 4.930E-05.03280.03329888.6645-.040.028879             13             10                    R  7      352222 6 6 2 3 2 2   102.0   90.0
452 4806.054551 4.880E-45 1.441E-07.00540.005 7289.3191-.220.012914              2              1                    S  9q     352222 5 7 2 3 2 2   138.0  114.0
452 4807.711180 1.164E-90 1.067E-06.04520.04528667.70520.270.007267             13             10                    O  2q     352222 5 7 2 3 2 2     6.0   30.0
452 4807.742698 2.867E-77 6.121E-07.00540.00523026.6365-.220.012914              2              1                    S 24q     352222 5 7 2 3 2 2   318.0  294.0
452 4808.970741 2.538E-82 4.134E-07.02880.02925079.6938-.040.019480             10              8                    S  5q     352222 5 7 2 3 2 2    90.0   66.0
452 4809.181581 1.700E-74 3.423E-07.01440.01421438.7185-.090.021268              7              5                    Q 12q     382222 5 7 2 3 2 2   150.0  150.0
452 4809.181581 3.470E-76 6.986E-09.01340.01321438.7185-.100.022428              7              5                    Q 12m     382220 4 4 2 3 2 2   150.0  150.0
452 4809.720750 1.934E-88 2.487E-06.02870.02928346.9984-.040.028744             12              9                    P  8      352222 6 6 2 3 2 2    90.0  102.0
452 4811.068429 6.134E-74 5.902E-05.03610.03621972.14610.210.017709              9              7                    R  2      352222 6 6 2 3 2 2    42.0   30.0
452 4811.489360 1.730E-82 5.770E-07.00490.00525515.5462-.200.011668              1              0                    S 28q     352222 5 7 2 3 2 2   366.0  342.0
452 4813.513060 8.189E-76 3.160E-09.01940.01920993.3413-.090.019984              8              6                    Q  7m     382220 4 4 2 3 2 2    90.0   90.0
452 4813.513060 1.094E-73 4.221E-07.02150.02220993.3413-.060.019457              8              6                    Q  7q     382222 5 7 2 3 2 2    90.0   90.0
452 4816.400611 1.037E-93 5.853E-10.04920.04929019.33240.190.022507             13             10                    Q  4m     352220 4 4 2 3 2 2    54.0   54.0
452 4816.400611 5.276E-91 2.977E-07.05570.05629019.33240.210.020774             13             10                    Q  4q     352222 5 7 2 3 2 2    54.0   54.0
452 4819.122351 1.442E-49 1.175E-08.00870.009 8878.6439-.110.017320              3              1                    O 11q     352222 5 7 2 3 2 2   114.0  138.0
452 4822.472128 6.663E-71 1.560E-06.03020.03019385.21190.140.003798              8              6                    O  2q     352222 5 7 2 3 2 2     6.0   30.0
452 4824.486689 1.997E-87 7.096E-08.02000.02027238.7909-.170.023949             10              8                    S 10q     352222 5 7 2 3 2 2   150.0  126.0
452 4826.736729 2.965E-60 4.118E-07.01030.01014744.6441-.090.019664              4              2                    P 14      352222 6 6 2 3 2 2   162.0  174.0
452 4831.910101 9.249E-82 1.282E-04.01450.01526154.1592-.160.020519              8              6                    R 15      352222 6 6 2 3 2 2   198.0  186.0
452 4832.815110 7.659E-94 1.975E-05.04820.04831330.46780.060.035151             15             11                    R  6      352222 6 6 2 3 2 2    90.0   78.0
452 4834.761710 3.578E-84 1.163E-04.01350.01427321.3652-.140.021372              7              5                    R 19      352222 6 6 2 3 2 2   246.0  234.0
452 4835.807481 7.298E-76 3.967E-07.03920.03921783.36700.210.018921              9              7                    S  0q     352222 5 7 2 3 2 2    30.0    6.0
452 4835.972732 3.035E-78 7.092E-08.01080.01123026.6365-.040.020342              3              1                    Q 24q     382222 5 7 2 3 2 2   294.0  294.0
452 4835.972732 1.930E-79 4.510E-09.01050.01123026.6365-.040.020451              3              1                    Q 24m     382220 4 4 2 3 2 2   294.0  294.0
452 4837.397971 2.026E-77 1.103E-04.01790.01823953.1231-.160.020588              9              7                    R  8      352222 6 6 2 3 2 2   114.0  102.0
452 4839.111049 2.661E-90 5.060E-05.01280.01330127.8714-.020.022659              4              2                    R 28      352222 6 6 2 3 2 2   354.0  342.0
452 4839.295800 9.016E-96 2.912E-09.02940.02930591.0162-.010.036147             11              7                    O 18q     352222 5 7 2 3 2 2   198.0  222.0
452 4840.276789 3.718E-74 6.996E-05.03270.03322159.40720.120.017992              9              7                    R  3      352222 6 6 2 3 2 2    54.0   42.0
452 4841.119048 4.636E-83 3.504E-07.02550.02525418.5001-.110.021155             10              8                    S  6q     352222 5 7 2 3 2 2   102.0   78.0
452 4841.222670 2.010E-63 4.601E-06.01270.01316645.9546-.120.018919              6              4                    P  9      352222 6 6 2 3 2 2   102.0  114.0
452 4841.974130 5.731E-95 1.162E-07.02760.02831041.39530.100.035597              8              5                    Q 23q     352222 5 7 2 3 2 2   282.0  282.0
452 4841.974130 2.397E-96 4.858E-09.02670.02731041.39530.100.036345              8              5                    Q 23m     352220 4 4 2 3 2 2   282.0  282.0
452 4841.981488 5.572E-91 4.539E-08.01690.01728983.74130.030.029419              5              2                    P 27      352222 6 6 2 3 2 2   318.0  330.0
452 4844.513960 6.097E-89 1.891E-05.04510.04528667.70520.320.011518             13             10                    P  2      352222 6 6 2 3 2 2    18.0   30.0
452 4848.253731 1.825E-61 2.622E-07.01900.01914997.5508-.020.013855              6              4                    O  6q     352222 5 7 2 3 2 2    54.0   78.0
452 4848.763961 3.116E-91 2.588E-07.02870.02929270.3194-.080.033535             12              9                    Q 10q     352222 5 7 2 3 2 2   126.0  126.0
452 4848.763961 3.208E-93 2.663E-09.02600.02629270.3194-.090.032765             12              9                    Q 10m     352220 4 4 2 3 2 2   126.0  126.0
452 4851.372849 4.189E-86 1.316E-07.02000.02026720.2725-.170.023949             10              8                    S  9q     352222 5 7 2 3 2 2   138.0  114.0
452 4851.717881 1.723E-89 5.190E-08.02430.02428241.43830.080.034318              8              5                    P 20      352222 6 6 2 3 2 2   234.0  246.0
452 4851.761711 9.786E-66 1.274E-05.01940.01917860.5404-.040.016566              7              5                    P  6      352222 6 6 2 3 2 2    66.0   78.0
452 4852.038039 1.215E-58 1.055E-07.00940.00913726.8767-.060.018867              3              1                    P 16      352222 6 6 2 3 2 2   186.0  198.0
452 4854.315461 1.137E-93 4.157E-09.02330.02329641.2034-.080.034272             11              8                    Q 14m     352220 4 4 2 3 2 2   174.0  174.0
452 4854.315461 6.093E-92 2.227E-07.02540.02529641.2034-.070.033744             11              8                    Q 14q     352222 5 7 2 3 2 2   174.0  174.0
452 4856.739451 4.356E-86 1.512E-08.01980.02026247.9000-.110.028254             10              7                    O 12q     352222 5 7 2 3 2 2   126.0  150.0
452 4858.704261 1.633E-76 1.047E-04.01980.02023488.2942-.120.020000              9              7                    R  7      352222 6 6 2 3 2 2   102.0   90.0
452 4858.879002 7.097E-66 5.394E-07.02730.02717113.26720.160.007255              7              5                    O  4q     352222 5 7 2 3 2 2    30.0   54.0
452 4859.231429 6.177E-84 2.780E-07.02280.02325806.8543-.160.021767             10              8                    S  7q     352222 5 7 2 3 2 2   114.0   90.0
452 4859.953502 1.551E-74 8.015E-05.02870.02922406.76580.030.018346              9              7                    R  4      352222 6 6 2 3 2 2    66.0   54.0
452 4861.699179 3.277E-96 6.085E-09.03270.03331021.67030.150.038800              8              4                    O 25q     352222 5 7 2 3 2 2   282.0  306.0
452 4862.804110 6.002E-85 2.028E-07.02100.02126241.8354-.180.021569             10              8                    S  8q     352222 5 7 2 3 2 2   126.0  102.0
452 4863.842012 1.075E-57 1.365E-08.00860.00912881.6229-.080.018182              2              0                    P 18      352222 6 6 2 3 2 2   210.0  222.0
452 4865.296181 8.136E-73 4.356E-07.02440.02420553.2040-.030.017124              8              6                    Q  6q     382222 5 7 2 3 2 2    78.0   78.0
452 4865.296181 4.335E-75 2.321E-09.02160.02220553.2040-.040.018834              8              6                    Q  6m     382220 4 4 2 3 2 2    78.0   78.0
452 4865.425240 8.366E-35 1.643E-07.00500.005 2423.8938-.350.011210              1              0                    S  7q     452222 5 7 2 3 2 2   114.0   90.0
452 4869.427679 1.004E-75 9.769E-05.02200.02223073.6997-.090.019415              9              7                    R  6      352222 6 6 2 3 2 2    90.0   78.0
452 4869.765059 4.616E-75 8.945E-05.02490.02522712.3020-.040.018832              9              7                    R  5      352222 6 6 2 3 2 2    78.0   66.0
452 4870.590220 8.065E-75 5.011E-07.00540.00521812.0164-.220.012914              2              1                    S 23q     352222 5 7 2 3 2 2   306.0  282.0
452 4871.388459 4.636E-88 2.475E-07.03920.03927582.06690.130.018761             12              9                    O  6q     352222 5 7 2 3 2 2    54.0   78.0
452 4873.796371 8.905E-94 4.655E-06.05680.05730841.84440.270.022001             15             11                    P  4      352222 6 6 2 3 2 2    42.0   54.0
452 4874.292852 1.124E-90 3.159E-07.06240.06228819.36090.310.017061             13             10                    Q  3q     352222 5 7 2 3 2 2    42.0   42.0
452 4874.292852 1.201E-93 3.377E-10.05380.05428819.36090.270.019294             13             10                    Q  3m     352220 4 4 2 3 2 2    42.0   42.0
452 4877.364970 1.035E-75 7.868E-09.01230.01221276.7943-.120.021686              6              4                    Q 15m     382220 4 4 2 3 2 2   186.0  186.0
452 4877.364970 3.635E-74 2.764E-07.01310.01321276.7943-.090.021501              6              4                    Q 15q     382222 5 7 2 3 2 2   186.0  186.0
452 4877.822710 9.080E-47 1.049E-07.00540.005 8054.7365-.220.012914              2              1                    S 10q     352222 5 7 2 3 2 2   150.0  126.0
452 4878.277261 1.261E-91 1.902E-08.01540.01529122.29940.010.028249              4              1                    P 29      352222 6 6 2 3 2 2   342.0  354.0
452 4881.752309 5.307E-69 4.243E-05.03070.03119385.21190.220.006726              8              6                    P  2      352222 6 6 2 3 2 2    18.0   30.0
452 4882.168580 1.106E-87 7.538E-05.01420.01428943.5543-.010.023788              5              3                    R 25      352222 6 6 2 3 2 2   318.0  306.0
452 4882.767261 1.277E-85 9.874E-05.01570.01627997.35890.030.023496              6              4                    R 22      352222 6 6 2 3 2 2   282.0  270.0
452 4884.712970 2.087E-77 6.587E-09.01160.01222110.0696-.050.021361              4              2                    Q 21m     382220 4 4 2 3 2 2   258.0  258.0
452 4884.712970 4.199E-76 1.325E-07.01190.01222110.0696-.050.021202              4              2                    Q 21q     382222 5 7 2 3 2 2   258.0  258.0
452 4885.591361 1.011E-89 4.792E-05.03580.03629556.40850.000.028055             13             10                    R  6      352222 6 6 2 3 2 2    90.0   78.0
452 4892.750601 5.113E-73 3.576E-07.01440.01420723.2301-.090.021268              7              5                    Q 11q     382222 5 7 2 3 2 2   138.0  138.0
452 4892.750601 8.192E-75 5.730E-09.01340.01320723.2301-.100.022428              7              5                    Q 11m     382220 4 4 2 3 2 2   138.0  138.0
452 4895.470359 2.585E-91 4.551E-08.01820.01829063.8443-.160.023487              9              7                    S 16q     352222 5 7 2 3 2 2   222.0  198.0
452 4897.962930 7.494E-80 5.036E-07.00490.00524224.3365-.200.011668              1              0                    S 27q     352222 5 7 2 3 2 2   354.0  330.0
452 4900.425140 3.820E-76 7.759E-09.01280.01321513.4245-.020.022428              5              3                    Q 18m     382220 4 4 2 3 2 2   222.0  222.0
452 4900.425140 1.002E-74 2.035E-07.01330.01321513.4245-.020.022202              5              3                    Q 18q     382222 5 7 2 3 2 2   222.0  222.0
452 4900.845721 4.602E-45 2.143E-09.00790.008 6408.7707-.110.016749              2              0                    O 12q     352222 5 7 2 3 2 2   126.0  150.0
452 4901.950209 1.113E-92 4.925E-09.01410.01429355.77780.000.025930              3              0                    P 31      352222 6 6 2 3 2 2   366.0  378.0
452 4902.701708 1.273E-79 1.781E-09.00970.01022931.6775-.040.019667              2              0                    Q 26m     382220 4 4 2 3 2 2   318.0  318.0
452 4902.701708 1.906E-78 2.668E-08.00990.01022931.6775-.040.019593              2              0                    Q 26q     382222 5 7 2 3 2 2   318.0  318.0
452 4904.545611 3.024E-92 6.453E-05.02310.02330986.0692-.110.030798             11              8                    R 16      352222 6 6 2 3 2 2   210.0  198.0
452 4906.149750 3.876E-93 2.261E-07.01670.01730297.0439-.130.023095              8              6                    S 20q     352222 5 7 2 3 2 2   270.0  246.0
452 4908.395291 1.196E-52 4.981E-08.01110.01110579.3795-.110.018060              4              2                    O  9q     352222 5 7 2 3 2 2    90.0  114.0
452 4909.200551 1.765E-60 2.241E-06.01150.01215141.2673-.070.020600              5              3                    P 11      352222 6 6 2 3 2 2   126.0  138.0
452 4909.624311 6.384E-89 3.716E-05.04050.04128565.79200.240.013055             13             10                    P  1      352222 6 6 2 3 2 2     6.0   18.0
452 4909.908631 4.490E-72 4.488E-07.02800.02820169.78530.040.016614              8              6                    Q  5q     382222 5 7 2 3 2 2    66.0   66.0
452 4909.908631 1.630E-74 1.629E-09.02470.02520169.78530.010.017350              8              6                    Q  5m     382220 4 4 2 3 2 2    66.0   66.0
452 4911.530690 1.673E-86 8.259E-08.02570.02626720.2725-.090.027864             11              8                    O  9q     352222 5 7 2 3 2 2    90.0  114.0
452 4912.982671 5.812E-91 6.470E-05.02490.02530324.3701-.120.031099             12              9                    R 12      352222 6 6 2 3 2 2   162.0  150.0
452 4915.124509 7.551E-95 4.851E-09.02030.02030297.0439-.060.030891              9              6                    Q 20m     352220 4 4 2 3 2 2   246.0  246.0
452 4915.124509 2.417E-93 1.553E-07.02160.02230297.0439-.050.031901              9              6                    Q 20q     352222 5 7 2 3 2 2   246.0  246.0
452 4916.469370 1.735E-96 4.371E-09.02880.02931096.63690.150.036506              7              3                    O 27q     352222 5 7 2 3 2 2   306.0  330.0
452 4917.602280 8.554E-94 1.640E-10.05690.05728667.70520.360.016383             13             10                    Q  2m     352220 4 4 2 3 2 2    30.0   30.0
452 4917.602280 1.808E-90 3.465E-07.06430.06428667.70520.400.015436             13             10                    Q  2q     352222 5 7 2 3 2 2    30.0   30.0
452 4921.161689 3.647E-80 1.319E-04.01450.01525383.7662-.160.020519              8              6                    R 14      352222 6 6 2 3 2 2   186.0  174.0
452 4922.434340 2.588E-92 1.929E-07.02340.02329820.7206-.060.032775             10              7                    Q 17q     352222 5 7 2 3 2 2   210.0  210.0
452 4922.434340 6.180E-94 4.606E-09.02170.02229820.7206-.070.033213             10              7                    Q 17m     352220 4 4 2 3 2 2   210.0  210.0
452 4925.635211 2.112E-72 3.969E-07.00540.00520605.6613-.220.012914              2              1                    S 22q     352222 5 7 2 3 2 2   294.0  270.0
452 4927.834098 5.828E-95 8.393E-09.03280.03330324.3701-.030.037323             13              9                    O 12q     352222 5 7 2 3 2 2   126.0  150.0
452 4930.931751 5.955E-80 9.119E-10.01330.01322931.6775-.000.025800              3              0                    O 26q     352222 5 7 2 3 2 2   294.0  318.0
452 4932.424951 1.109E-97 1.132E-11.03100.03130304.9278-.020.036708             12              8                    O 15q     352222 5 7 2 3 2 2   162.0  186.0
452 4933.584570 1.400E-87 9.194E-07.02150.02127793.8536-.110.031586             11              8                    P 11      352222 6 6 2 3 2 2   126.0  138.0
452 4936.751111 9.584E-76 5.270E-07.03830.03821846.46340.210.020207              9              7                    S  1q     352222 5 7 2 3 2 2    42.0   18.0
452 4937.702629 3.662E-90 1.329E-09.01870.01927764.4312-.080.030030              9              6                    P 17      352222 6 6 2 3 2 2   198.0  210.0
452 4938.388050 1.134E-48 6.824E-08.00540.005 8878.6439-.220.012914              2              1                    S 11q     352222 5 7 2 3 2 2   162.0  138.0
452 4940.603959 1.795E-85 8.119E-10.01840.01825383.7662-.100.027749              9              6                    O 14q     352222 5 7 2 3 2 2   150.0  174.0
452 4945.505761 4.253E-89 3.686E-08.01660.01727997.3589-.050.028797              7              4                    P 22      352222 6 6 2 3 2 2   258.0  270.0
452 4946.131890 2.094E-87 4.613E-06.03150.03227943.12720.000.026885             12              9                    P  7      352222 6 6 2 3 2 2    78.0   90.0
452 4946.427101 2.722E-94 5.361E-11.05650.05628565.79200.380.014546             13             10                    Q  1m     352220 4 4 2 3 2 2    18.0   18.0
452 4946.427101 2.501E-90 4.926E-07.04860.04928565.79200.340.015730             13             10                    Q  1q     352222 5 7 2 3 2 2    18.0   18.0
452 4946.837268 3.334E-89 4.553E-05.03930.03929265.76420.050.025359             13             10                    R  5      352222 6 6 2 3 2 2    78.0   66.0
452 4947.254831 1.803E-71 4.630E-07.03260.03319845.80430.110.014703              8              6                    Q  4q     382222 5 7 2 3 2 2    54.0   54.0
452 4947.254831 4.168E-74 1.070E-09.02840.02819845.80430.070.014615              8              6                    Q  4m     382220 4 4 2 3 2 2    54.0   54.0
452 4950.352150 4.615E-97 2.465E-09.02620.02631263.97040.120.034078              6              2                    O 29q     352222 5 7 2 3 2 2   330.0  354.0
452 4951.334059 8.045E-65 1.861E-05.02220.02217455.43180.010.014742              7              5                    P  5      352222 6 6 2 3 2 2    54.0   66.0
452 4952.975191 6.121E-91 3.007E-05.01170.01230327.0355-.030.020626              3              1                    R 30      352222 6 6 2 3 2 2   378.0  366.0
452 4954.956188 5.243E-62 7.435E-06.01400.01416038.3853-.100.018263              6              4                    P  8      352222 6 6 2 3 2 2    90.0  102.0
452 4955.608820 6.282E-69 8.129E-05.02840.02819252.07530.110.008224              8              6                    P  1      352222 6 6 2 3 2 2     6.0   18.0
452 4956.431789 5.267E-58 9.171E-07.01030.01013817.0319-.090.019664              4              2                    P 13      352222 6 6 2 3 2 2   150.0  162.0
452 4956.963250 2.816E-82 1.228E-04.01350.01426413.8496-.140.021372              7              5                    R 18      352222 6 6 2 3 2 2   234.0  222.0
452 4957.785039 5.346E-95 1.029E-07.03320.03330891.0803-.030.038478             13              9                    P 13      352222 6 6 2 3 2 2   150.0  162.0
452 4965.147259 1.427E-96 1.916E-08.03010.03031370.8127-.000.038586             11              7                    P 19      352222 6 6 2 3 2 2   222.0  234.0
452 4965.202920 3.059E-36 1.439E-07.00470.005 3089.5336-.310.011747              1              0                    S  8q     452222 5 7 2 3 2 2   126.0  102.0
452 4966.285630 2.367E-93 2.059E-05.05150.05131066.26900.100.034131             15             11                    R  5      352222 6 6 2 3 2 2    78.0   66.0
452 4969.669430 9.038E-88 1.879E-07.02000.02027605.8586-.100.030767             10              7                    P 14      352222 6 6 2 3 2 2   162.0  174.0
452 4969.981740 1.237E-71 3.717E-07.01510.01520050.4677-.100.021583              7              5                    Q 10q     382222 5 7 2 3 2 2   126.0  126.0
452 4969.981740 1.546E-73 4.643E-09.01400.01420050.4677-.110.021851              7              5                    Q 10m     382220 4 4 2 3 2 2   126.0  126.0
452 4970.722529 1.062E-79 2.855E-09.01450.01423026.6365-.000.026687              4              1                    O 24q     352222 5 7 2 3 2 2   270.0  294.0
452 4970.810510 1.072E-75 7.532E-08.01080.01121812.0164-.040.020342              3              1                    Q 23q     382222 5 7 2 3 2 2   282.0  282.0
452 4970.810510 5.665E-77 3.979E-09.01050.01121812.0164-.040.020451              3              1                    Q 23m     382220 4 4 2 3 2 2   282.0  282.0
452 4971.710949 1.876E-94 3.695E-07.01540.01531041.3953-.140.022773              7              5                    S 23q     352222 5 7 2 3 2 2   306.0  282.0
452 4972.682031 5.030E-70 3.015E-07.00540.00519410.7129-.220.012914              2              1                    S 21q     352222 5 7 2 3 2 2   282.0  258.0
452 4975.597351 2.429E-56 1.456E-07.01550.01612479.8346-.030.016269              5              3                    O  7q     352222 5 7 2 3 2 2    66.0   90.0
452 4976.434481 5.025E-93 6.116E-05.02160.02231370.8127-.090.030538             10              7                    R 19      352222 6 6 2 3 2 2   246.0  234.0
452 4976.635840 2.348E-72 2.899E-07.01310.01320407.1305-.090.021501              6              4                    Q 14q     382222 5 7 2 3 2 2   174.0  174.0
452 4976.635840 5.389E-74 6.654E-09.01230.01220407.1305-.120.021686              6              4                    Q 14m     382220 4 4 2 3 2 2   174.0  174.0
452 4977.247540 5.161E-71 4.822E-07.03790.03819583.62610.200.012623              8              6                    Q  3q     382222 5 7 2 3 2 2    42.0   42.0
452 4977.247540 6.794E-74 6.349E-10.03270.03319583.62610.170.013519              8              6                    Q  3m     382220 4 4 2 3 2 2    42.0   42.0
452 4977.615821 3.211E-77 4.307E-07.00490.00522931.6775-.200.011668              1              0                    S 26q     352222 5 7 2 3 2 2   342.0  318.0
452 4984.741130 2.118E-92 1.994E-09.02740.02728790.5210-.080.032941             12              9                    Q  9m     352220 4 4 2 3 2 2   114.0  114.0
452 4984.741130 2.956E-90 2.783E-07.03070.03128790.5210-.060.032156             12              9                    Q  9q     352222 5 7 2 3 2 2   114.0  114.0
452 4986.489520 4.892E-56 2.875E-07.00940.00912674.2273-.060.018867              3              1                    P 15      352222 6 6 2 3 2 2   174.0  186.0
452 4986.993899 2.313E-93 7.303E-06.05720.05730659.46390.340.018458             15             11                    P  3      352222 6 6 2 3 2 2    30.0   42.0
452 4987.825801 9.075E-51 3.704E-08.00540.005 9756.8184-.220.012914              2              1                    S 12q     352222 5 7 2 3 2 2   174.0  150.0
452 4990.195460 1.029E-83 1.162E-09.02290.02324651.00810.060.030519              8              5                    O 16q     352222 5 7 2 3 2 2   174.0  198.0
452 4990.206551 8.506E-89 4.216E-05.04350.04329019.33240.120.026432             13             10                    R  4      352222 6 6 2 3 2 2    66.0   54.0
452 4991.436009 4.999E-95 9.017E-08.01880.01931021.6703-.030.030431              7              4                    Q 25q     352222 5 7 2 3 2 2   306.0  306.0
452 4991.436009 1.955E-96 3.526E-09.01800.01831021.6703-.030.030666              7              4                    Q 25m     352220 4 4 2 3 2 2   306.0  306.0
452 4992.716401 1.086E-93 1.044E-06.03760.03830666.0857-.020.038496             14             10                    P  9      352222 6 6 2 3 2 2   102.0  114.0
452 4993.090590 9.351E-95 6.870E-09.02790.02830297.04390.000.033841             10              6                    O 20q     352222 5 7 2 3 2 2   222.0  246.0
452 4997.628649 1.208E-88 1.894E-05.04590.04628514.59050.250.017793             13             10                    R  0      352222 6 6 2 3 2 2    18.0    6.0
452 4999.499741 5.950E-80 5.057E-09.01590.01623241.93870.010.027699              5              2                    O 22q     352222 5 7 2 3 2 2   246.0  270.0
452 4999.595020 1.245E-78 1.347E-04.01450.01524641.6085-.160.020519              8              6                    R 13      352222 6 6 2 3 2 2   174.0  162.0
452 4999.811940 1.038E-70 5.222E-07.04060.04119385.21190.300.010843              8              6                    Q  2q     382222 5 7 2 3 2 2    30.0   30.0
452 4999.811940 6.254E-74 3.147E-10.03630.03619385.21190.250.011478              8              6                    Q  2m     382220 4 4 2 3 2 2    30.0   30.0
452 5002.155551 1.112E-54 5.346E-08.00860.00911710.7207-.080.018182              2              0                    P 17      352222 6 6 2 3 2 2   198.0  210.0
452 5003.984740 9.518E-48 1.702E-08.00920.009 8054.7365-.150.016666              3              1                    O 10q     352222 5 7 2 3 2 2   102.0  126.0
452 5004.469229 1.900E-90 1.015E-08.01820.01828324.2696-.160.023487              9              7                    S 15q     352222 5 7 2 3 2 2   210.0  186.0
452 5009.498431 3.810E-75 5.761E-09.01160.01220991.0448-.050.021361              4              2                    Q 20m     382220 4 4 2 3 2 2   246.0  246.0
452 5009.498431 9.273E-74 1.402E-07.01190.01220991.0448-.050.021202              4              2                    Q 20q     382222 5 7 2 3 2 2   246.0  246.0
452 5009.994761 2.120E-65 7.436E-07.02760.02816836.46880.150.003731              7              5                    O  3q     352222 5 7 2 3 2 2    18.0   42.0
452 5011.487661 1.059E-67 2.172E-07.00540.00518230.4511-.220.012914              2              1                    S 20q     352222 5 7 2 3 2 2   270.0  246.0
452 5012.741171 1.368E-60 3.397E-07.02180.02214570.88510.060.011305              6              4                    O  5q     352222 5 7 2 3 2 2    42.0   66.0
452 5013.015671 8.456E-82 4.579E-09.01600.01624050.8288-.070.026900              7              4                    O 18q     352222 5 7 2 3 2 2   198.0  222.0
452 5013.402228 3.928E-74 6.695E-09.01280.01320509.1052-.020.022428              5              3                    Q 17m     382220 4 4 2 3 2 2   210.0  210.0
452 5013.402228 1.258E-72 2.144E-07.01330.01320509.1052-.020.022202              5              3                    Q 17q     382222 5 7 2 3 2 2   210.0  210.0
452 5014.693192 1.225E-80 6.067E-09.01750.01823582.06220.050.028301              6              3                    O 20q     352222 5 7 2 3 2 2   222.0  246.0
452 5014.889000 2.361E-74 1.043E-10.03810.03819252.07530.260.009477              8              6                    Q  1m     382220 4 4 2 3 2 2    18.0   18.0
452 5014.889000 1.667E-70 7.362E-07.03310.03319252.07530.220.010704              8              6                    Q  1q     382222 5 7 2 3 2 2    18.0   18.0
452 5016.119768 2.148E-96 5.413E-09.03150.03230986.0692-.010.039407             12              8                    P 16      352222 6 6 2 3 2 2   186.0  198.0
452 5016.372040 1.637E-88 3.790E-05.04760.04828819.36090.210.023681             13             10                    R  3      352222 6 6 2 3 2 2    54.0   42.0
452 5016.835260 6.705E-88 5.452E-05.01280.01328983.7413-.020.022659              4              2                    R 27      352222 6 6 2 3 2 2   342.0  330.0
452 5017.517058 5.580E-89 2.366E-08.01850.01927862.60910.060.029039              6              3                    P 24      352222 6 6 2 3 2 2   282.0  294.0
452 5019.515421 2.198E-88 2.675E-05.04930.04928565.79200.320.022780             13             10                    R  1      352222 6 6 2 3 2 2    30.0   18.0
452 5023.457461 2.038E-87 3.211E-07.04240.04227266.71920.200.015518             12              9                    O  5q     352222 5 7 2 3 2 2    42.0   66.0
452 5025.065220 1.614E-83 1.055E-04.01570.01626994.78250.030.023496              6              4                    R 21      352222 6 6 2 3 2 2   270.0  258.0
452 5025.948591 2.293E-88 3.279E-05.05050.05028667.70520.290.024667             13             10                    R  2      352222 6 6 2 3 2 2    42.0   30.0
452 5026.291288 3.980E-53 1.405E-08.00540.00510684.9868-.220.012914              2              1                    S 13q     352222 5 7 2 3 2 2   186.0  162.0
452 5027.537931 7.213E-76 5.894E-07.03620.03621972.14610.160.021374              9              7                    S  2q     352222 5 7 2 3 2 2    54.0   30.0
452 5030.971790 9.932E-59 3.859E-06.01190.01214393.2406-.050.019258              5              3                    P 10      352222 6 6 2 3 2 2   114.0  126.0
452 5034.407410 1.310E-90 2.437E-07.02540.02528998.8592-.070.033744             11              8                    Q 13q     352222 5 7 2 3 2 2   162.0  162.0
452 5034.407410 1.728E-92 3.216E-09.02330.02328998.8592-.080.034272             11              8                    Q 13m     352220 4 4 2 3 2 2   162.0  162.0
452 5040.210521 2.608E-95 9.977E-07.05850.05831330.46780.150.037087             16             11                    P  6      352222 6 6 2 3 2 2    66.0   78.0
452 5040.764941 2.277E-72 3.705E-09.01470.01519424.2123-.110.021218              7              5                    Q  9m     382220 4 4 2 3 2 2   114.0  114.0
452 5040.764941 2.364E-70 3.846E-07.01600.01619424.2123-.120.020913              7              5                    Q  9q     382222 5 7 2 3 2 2   114.0  114.0
452 5041.771051 1.901E-65 1.453E-07.00540.00517068.2987-.220.012914              2              1                    S 19q     352222 5 7 2 3 2 2   258.0  234.0
452 5042.411390 5.486E-77 1.585E-09.00970.01021640.1952-.040.019667              2              0                    Q 25m     382220 4 4 2 3 2 2   306.0  306.0
452 5042.411390 9.783E-76 2.826E-08.00990.01021640.1952-.040.019593              2              0                    Q 25q     382222 5 7 2 3 2 2   306.0  306.0
452 5042.890112 2.055E-85 8.111E-05.01420.01427862.6091-.010.023788              5              3                    R 24      352222 6 6 2 3 2 2   306.0  294.0
452 5046.140140 4.492E-64 2.630E-05.02540.02517113.26720.100.012309              7              5                    P  4      352222 6 6 2 3 2 2    42.0   54.0
452 5050.105140 1.189E-84 2.286E-08.01980.02025615.9806-.110.028254             10              7                    O 11q     352222 5 7 2 3 2 2   114.0  138.0
452 5050.378119 1.339E-74 3.600E-07.00490.00521640.1952-.200.011668              1              0                    S 25q     352222 5 7 2 3 2 2   330.0  306.0
452 5053.631169 7.561E-38 1.201E-07.00490.005 3825.0127-.200.011668              1              0                    S  9q     452222 5 7 2 3 2 2   138.0  114.0
452 5053.636479 5.994E-92 1.179E-05.01090.01130616.8946-.030.020855              2              0                    R 32      352222 6 6 2 3 2 2   402.0  390.0
452 5054.004961 4.290E-56 1.636E-09.00540.00511658.8713-.220.012914              2              1                    S 14q     352222 5 7 2 3 2 2   198.0  174.0
452 5063.011518 8.853E-90 3.497E-10.02430.02427321.36520.080.034318              8              5                    P 19      352222 6 6 2 3 2 2   222.0  234.0
452 5063.222091 2.761E-63 8.738E-08.00540.00515927.8227-.220.012914              2              1                    S 18q     352222 5 7 2 3 2 2   246.0  222.0
452 5065.358929 1.366E-91 1.394E-07.01670.01729442.2049-.130.023095              8              6                    S 19q     352222 5 7 2 3 2 2   258.0  234.0
452 5065.429431 9.584E-61 1.128E-05.01560.01615487.7747-.080.017447              6              4                    P  7      352222 6 6 2 3 2 2    78.0   90.0
452 5067.353429 3.603E-77 1.364E-04.01450.01523931.5059-.160.020519              8              6                    R 12      352222 6 6 2 3 2 2   162.0  150.0
452 5068.509058 2.046E-80 1.291E-04.01350.01425522.5073-.140.021372              7              5                    R 17      352222 6 6 2 3 2 2   222.0  210.0
452 5069.828011 5.694E-93 2.050E-05.05510.05530841.84440.150.032990             15             11                    R  4      352222 6 6 2 3 2 2    66.0   54.0
452 5070.227921 1.277E-70 3.026E-07.01310.01319571.3807-.090.021501              6              4                    Q 13q     382222 5 7 2 3 2 2   162.0  162.0
452 5070.227921 2.361E-72 5.593E-09.01230.01219571.3807-.120.021686              6              4                    Q 13m     382220 4 4 2 3 2 2   162.0  162.0
452 5070.716969 2.783E-90 2.695E-07.05400.05428514.59050.300.025071             13             10                    S  0q     352222 5 7 2 3 2 2    30.0    6.0
452 5071.120141 3.783E-89 1.317E-08.01690.01727834.37910.030.029419              5              2                    P 26      352222 6 6 2 3 2 2   306.0  318.0
452 5071.237559 3.323E-58 1.674E-09.00540.00512674.2273-.220.012914              2              1                    S 15q     352222 5 7 2 3 2 2   210.0  186.0
452 5071.860790 1.609E-86 7.616E-06.03660.03727582.06690.080.023336             12              9                    P  6      352222 6 6 2 3 2 2    66.0   78.0
452 5072.108052 7.459E-90 6.874E-05.02490.02529782.8379-.120.031099             12              9                    R 11      352222 6 6 2 3 2 2   150.0  138.0
452 5075.510649 2.974E-61 4.402E-08.00540.00514812.7331-.220.012914              2              1                    S 17q     352222 5 7 2 3 2 2   234.0  210.0
452 5077.212840 9.464E-93 1.923E-07.03410.03429888.6645-.080.031096             13             10                    S  7q     352222 5 7 2 3 2 2   114.0   90.0
452 5078.286729 4.044E-93 1.126E-05.05310.05330520.99510.340.016302             15             11                    P  2      352222 6 6 2 3 2 2    18.0   30.0
452 5078.296119 1.949E-59 1.553E-08.00540.00513726.8767-.220.012914              2              1                    S 16q     352222 5 7 2 3 2 2   222.0  198.0
452 5081.718120 1.241E-68 4.068E-05.03100.03119185.24610.140.012555              8              6                    R  0      352222 6 6 2 3 2 2    18.0    6.0
452 5084.755651 6.319E-56 1.709E-06.01030.01012932.5591-.090.019664              4              2                    P 12      352222 6 6 2 3 2 2   138.0  150.0
452 5088.632420 1.879E-85 1.123E-07.03080.03126241.8354-.010.026144             11              8                    O  8q     352222 5 7 2 3 2 2    78.0  102.0
452 5088.894041 3.430E-51 6.799E-08.01230.012 9908.6568-.090.017323              4              2                    O  8q     352222 5 7 2 3 2 2    78.0  102.0
452 5090.435701 5.306E-43 3.369E-09.00790.008 5488.9439-.110.016749              2              0                    O 11q     452222 5 7 2 3 2 2   114.0  138.0
452 5094.908568 4.098E-86 2.137E-06.02270.02327238.7909-.100.030757             11              8                    P 10      352222 6 6 2 3 2 2   114.0  126.0
452 5096.275261 9.119E-91 1.631E-10.01820.01827605.8586-.160.023487              9              7                    S 14q     352222 5 7 2 3 2 2   198.0  174.0
452 5098.197030 1.530E-94 3.788E-09.02670.02730104.99660.100.036345              8              5                    Q 22m     352220 4 4 2 3 2 2   270.0  270.0
452 5098.197030 5.225E-93 1.294E-07.02760.02830104.99660.100.035597              8              5                    Q 22q     352222 5 7 2 3 2 2   270.0  270.0
452 5101.670900 3.623E-73 7.953E-08.01080.01120605.6613-.040.020342              3              1                    Q 22q     382222 5 7 2 3 2 2   270.0  270.0
452 5101.670900 1.602E-74 3.517E-09.01050.01120605.6613-.040.020451              3              1                    Q 22m     382220 4 4 2 3 2 2   270.0  270.0
452 5104.976480 2.557E-71 2.900E-09.01590.01618848.1467-.120.020456              7              5                    Q  8m     382220 4 4 2 3 2 2   102.0  102.0
452 5104.976480 3.496E-69 3.965E-07.01730.01718848.1467-.110.020099              7              5                    Q  8q     382222 5 7 2 3 2 2   102.0  102.0
452 5106.207202 2.310E-89 2.954E-07.03320.03328346.9984-.030.030532             12              9                    Q  8q     352222 5 7 2 3 2 2   102.0  102.0
452 5106.207202 1.156E-91 1.478E-09.02940.02928346.9984-.060.031430             12              9                    Q  8m     352220 4 4 2 3 2 2   102.0  102.0
452 5107.171789 3.116E-94 8.498E-09.02660.02730104.99660.010.035187              9              5                    O 22q     352222 5 7 2 3 2 2   246.0  270.0
452 5107.312069 3.567E-76 6.116E-07.03190.03222159.40720.080.019061              9              7                    S  3q     352222 5 7 2 3 2 2    66.0   42.0
452 5109.093738 1.220E-89 5.750E-09.01540.01527909.29320.010.028249              4              1                    P 28      352222 6 6 2 3 2 2   330.0  342.0
452 5116.111530 5.343E-72 2.927E-07.00490.00520352.6387-.200.011668              1              0                    S 24q     352222 5 7 2 3 2 2   318.0  294.0
452 5117.685669 9.209E-97 2.331E-09.02020.02031096.63690.070.031887              6              3                    Q 27m     352220 4 4 2 3 2 2   330.0  330.0
452 5117.685669 2.481E-95 6.279E-08.02070.02131096.63690.070.031535              6              3                    Q 27q     352222 5 7 2 3 2 2   330.0  330.0
452 5120.162169 1.243E-53 5.949E-07.00940.00911658.8713-.060.018867              3              1                    P 14      352222 6 6 2 3 2 2   162.0  174.0
452 5121.336898 3.569E-72 5.762E-09.01280.01319529.6714-.020.022428              5              3                    Q 16m     382220 4 4 2 3 2 2   198.0  198.0
452 5121.336898 1.392E-70 2.247E-07.01330.01319529.6714-.020.022202              5              3                    Q 16q     382222 5 7 2 3 2 2   198.0  198.0
452 5124.527139 8.667E-76 1.367E-04.01450.01523257.2697-.160.020519              8              6                    R 11      352222 6 6 2 3 2 2   150.0  138.0
452 5125.384212 7.983E-91 7.200E-05.02310.02330304.9278-.110.030798             11              8                    R 15      352222 6 6 2 3 2 2   198.0  186.0
452 5127.861729 3.887E-90 3.526E-07.05550.05628565.79200.300.028611             13             10                    S  1q     352222 5 7 2 3 2 2    42.0   18.0
452 5129.032919 1.668E-92 3.614E-09.02170.02229063.8443-.070.033213             10              7                    Q 16m     352220 4 4 2 3 2 2   198.0  198.0
452 5129.032919 9.767E-91 2.117E-07.02340.02329063.8443-.060.032775             10              7                    Q 16q     352222 5 7 2 3 2 2   198.0  198.0
452 5129.817208 6.431E-73 5.037E-09.01160.01219888.2438-.050.021361              4              2                    Q 19m     382220 4 4 2 3 2 2   234.0  234.0
452 5129.817208 1.883E-71 1.475E-07.01190.01219888.2438-.050.021202              4              2                    Q 19q     382222 5 7 2 3 2 2   234.0  234.0
452 5130.582291 1.278E-39 9.454E-08.00490.005 4626.2361-.200.011668              1              0                    S 10q     452222 5 7 2 3 2 2   150.0  126.0
452 5132.948631 2.077E-68 5.767E-05.03370.03419252.07530.220.015344              8              6                    R  1      352222 6 6 2 3 2 2    30.0   18.0
452 5133.778719 1.485E-90 1.538E-09.01410.01428083.64850.000.025930              3              0                    P 30      352222 6 6 2 3 2 2   354.0  366.0
452 5135.123900 1.650E-86 1.309E-07.01870.01926948.9774-.080.030030              9              6                    P 16      352222 6 6 2 3 2 2   186.0  198.0
452 5135.428630 2.076E-88 3.241E-05.01170.01229122.2994-.030.020626              3              1                    R 29      352222 6 6 2 3 2 2   366.0  354.0
452 5135.677439 1.656E-63 3.661E-05.02790.02816836.46880.180.008871              7              5                    P  3      352222 6 6 2 3 2 2    30.0   42.0
452 5137.958651 5.585E-92 2.584E-07.03710.03729556.4085-.040.030239             13             10                    S  6q     352222 5 7 2 3 2 2   102.0   78.0
452 5140.195081 6.066E-52 1.288E-07.00860.00910571.0830-.080.018182              2              0                    P 16      352222 6 6 2 3 2 2   186.0  198.0
452 5141.229470 1.407E-83 2.030E-09.01840.01824641.6085-.100.027749              9              6                    O 13q     352222 5 7 2 3 2 2   138.0  162.0
452 5142.373101 4.026E-94 3.697E-09.02940.02929820.7206-.010.036147             11              7                    O 17q     352222 5 7 2 3 2 2   186.0  210.0
452 5142.631680 3.123E-77 1.018E-09.01330.01321640.1952-.000.025800              3              0                    O 25q     352222 5 7 2 3 2 2   282.0  306.0
452 5145.449560 1.045E-92 1.951E-05.05880.05930659.46390.240.031733             15             11                    R  3      352222 6 6 2 3 2 2    54.0   42.0
452 5146.727230 3.284E-93 3.815E-09.02030.02029442.2049-.060.030891              9              6                    Q 19m     352220 4 4 2 3 2 2   234.0  234.0
452 5146.727230 1.476E-91 1.714E-07.02160.02229442.2049-.050.031901              9              6                    Q 19q     352222 5 7 2 3 2 2   234.0  234.0
452 5147.507650 4.046E-93 2.208E-05.04720.04730427.87130.280.017881             15             11                    P  1      352222 6 6 2 3 2 2     6.0   18.0
452 5148.636001 2.988E-55 1.917E-07.01760.01811964.63130.020.014250              5              3                    O  6q     352222 5 7 2 3 2 2    54.0   78.0
452 5150.380671 3.957E-57 6.128E-06.01260.01313697.7662-.050.019591              5              3                    P  9      352222 6 6 2 3 2 2   102.0  114.0
452 5150.818651 8.677E-86 7.193E-07.02000.02026912.4590-.100.030767             10              7                    P 13      352222 6 6 2 3 2 2   150.0  162.0
452 5156.321451 3.573E-65 1.439E-06.02750.02716627.04560.100.004033              7              5                    O  2q     352222 5 7 2 3 2 2     6.0   30.0
452 5156.980280 1.960E-81 1.125E-04.01570.01626000.54310.030.023496              6              4                    R 20      352222 6 6 2 3 2 2   258.0  246.0
452 5158.042461 8.519E-71 4.665E-09.01230.01218773.4636-.120.021686              6              4                    Q 12m     382220 4 4 2 3 2 2   150.0  150.0
452 5158.042462 5.740E-69 3.143E-07.01310.01318773.4636-.090.021501              6              4                    Q 12q     382222 5 7 2 3 2 2   150.0  150.0
452 5161.344479 2.032E-90 1.539E-11.01660.01726994.7825-.050.028797              7              4                    P 21      352222 6 6 2 3 2 2   246.0  258.0
452 5162.267371 1.146E-92 2.672E-07.01540.01530104.9966-.140.022773              7              5                    S 22q     352222 5 7 2 3 2 2   294.0  270.0
452 5162.485388 2.132E-70 2.212E-09.01740.01718325.8089-.080.018423              7              5                    Q  7m     382220 4 4 2 3 2 2    90.0   90.0
452 5162.485388 3.926E-68 4.075E-07.01920.01918325.8089-.060.019142              7              5                    Q  7q     382222 5 7 2 3 2 2    90.0   90.0
452 5166.318830 6.628E-87 4.223E-07.04450.04526999.68390.260.010440             12              9                    O  4q     352222 5 7 2 3 2 2    30.0   54.0
452 5168.027789 3.272E-90 3.849E-07.05410.05428667.70520.250.029397             13             10                    S  2q     352222 5 7 2 3 2 2    54.0   30.0
452 5169.712632 1.345E-78 1.350E-04.01350.01424651.0081-.140.021372              7              5                    R 16      352222 6 6 2 3 2 2   210.0  198.0
452 5171.175721 1.697E-74 1.356E-04.01450.01522622.6780-.160.020519              8              6                    R 10      352222 6 6 2 3 2 2   138.0  126.0
452 5171.642350 2.315E-87 1.560E-08.01820.01826912.4590-.160.023487              9              7                    S 13q     352222 5 7 2 3 2 2   186.0  162.0
452 5172.234690 1.221E-59 1.633E-05.01740.01714997.5508-.060.016473              6              4                    P  6      352222 6 6 2 3 2 2    66.0   78.0
452 5174.576930 6.949E-60 4.467E-07.02430.02414210.63520.120.007925              6              4                    O  4q     352222 5 7 2 3 2 2    30.0   54.0
452 5174.619630 1.998E-69 2.302E-07.00490.00519071.8914-.200.011668              1              0                    S 23q     352222 5 7 2 3 2 2   306.0  282.0
452 5175.301261 1.216E-76 6.028E-07.02960.03022406.7658-.000.020418              9              7                    S  4q     352222 5 7 2 3 2 2    78.0   54.0
452 5175.661721 1.854E-68 7.142E-05.03300.03319385.21190.190.017396              8              6                    R  2      352222 6 6 2 3 2 2    42.0   30.0
452 5176.235691 2.446E-91 3.169E-07.04040.04029265.76420.010.027685             13             10                    S  5q     352222 5 7 2 3 2 2    90.0   66.0
452 5178.657730 4.907E-73 2.979E-08.00990.01020352.6387-.040.019593              2              0                    Q 24q     382222 5 7 2 3 2 2   294.0  294.0
452 5178.657730 2.330E-74 1.414E-09.00970.01020352.6387-.040.019667              2              0                    Q 24m     382220 4 4 2 3 2 2   294.0  294.0
452 5182.766239 3.780E-77 3.154E-09.01450.01421812.0164-.000.026687              4              1                    O 23q     352222 5 7 2 3 2 2   258.0  282.0
452 5183.039461 9.446E-94 1.196E-08.03280.03329782.8379-.030.037323             13              9                    O 11q     352222 5 7 2 3 2 2   114.0  138.0
452 5184.007851 1.746E-85 5.887E-05.01280.01327834.3791-.020.022659              4              2                    R 26      352222 6 6 2 3 2 2   330.0  318.0
452 5186.736219 8.917E-86 1.165E-05.03980.04027266.71920.150.021585             12              9                    P  5      352222 6 6 2 3 2 2    54.0   66.0
452 5189.075000 4.603E-94 7.591E-09.03270.03330014.11860.150.038800              8              4                    O 24q     352222 5 7 2 3 2 2   270.0  294.0
452 5189.723949 4.481E-97 2.103E-09.02870.02931157.52330.010.036071             10              6                    P 21      352222 6 6 2 3 2 2   246.0  258.0
452 5190.177980 1.900E-90 3.854E-07.04990.05028819.36090.180.029277             13             10                    S  3q     352222 5 7 2 3 2 2    66.0   42.0
452 5190.515610 4.597E-46 2.429E-08.00990.010 7289.3191-.150.017524              3              1                    O  9q     352222 5 7 2 3 2 2    90.0  114.0
452 5192.652301 2.187E-94 3.959E-07.01750.01831021.67030.020.025431              6              4                    S 25q     352222 5 7 2 3 2 2   330.0  306.0
452 5193.269082 7.949E-91 3.611E-07.04510.04529019.33240.100.027260             13             10                    S  4q     352222 5 7 2 3 2 2    78.0   54.0
452 5193.290049 3.811E-83 8.726E-05.01420.01426782.8267-.010.023788              5              3                    R 23      352222 6 6 2 3 2 2   294.0  282.0
452 5194.645560 1.416E-92 1.768E-05.06080.06130520.99510.320.030199             15             11                    R  2      352222 6 6 2 3 2 2    42.0   30.0
452 5195.780609 3.285E-82 7.005E-10.02290.02323803.07870.060.030519              8              5                    O 15q     352222 5 7 2 3 2 2   162.0  186.0
452 5196.043051 1.483E-41 6.903E-08.00490.005 5488.9439-.200.011668              1              0                    S 11q     352222 5 7 2 3 2 2   162.0  138.0
452 5196.244580 4.818E-93 3.125E-05.03750.03731104.6394-.050.037004             14             10                    R 10      352222 6 6 2 3 2 2   138.0  126.0
452 5198.655721 1.418E-92 2.322E-06.03980.04030259.61900.010.034590             14             10                    P  8      352222 6 6 2 3 2 2    90.0  102.0
452 5199.639138 2.340E-91 2.499E-09.02330.02328381.7967-.080.034272             11              8                    Q 12m     352220 4 4 2 3 2 2   150.0  150.0
452 5199.639138 2.454E-89 2.620E-07.02540.02528381.7967-.070.033744             11              8                    Q 12q     352222 5 7 2 3 2 2   150.0  150.0
452 5199.777751 2.021E-70 4.161E-07.03610.03619185.24610.190.018515              8              6                    S  0q     352222 5 7 2 3 2 2    30.0    6.0
452 5205.717670 3.782E-90 7.018E-08.01670.01728596.7553-.130.023095              8              6                    S 18q     352222 5 7 2 3 2 2   246.0  222.0
452 5207.347271 2.651E-73 1.329E-04.01520.01522031.4438-.160.020993              8              6                    R  9      352222 6 6 2 3 2 2   126.0  114.0
452 5209.433020 1.054E-68 8.389E-05.02970.03019583.62610.100.017709              8              6                    R  3      352222 6 6 2 3 2 2    54.0   42.0
452 5210.182419 8.213E-89 7.189E-05.02490.02529270.3194-.120.031099             12              9                    R 10      352222 6 6 2 3 2 2   138.0  126.0
452 5211.295739 1.383E-77 5.479E-09.01590.01622110.06960.010.027699              5              2                    O 21q     352222 5 7 2 3 2 2   234.0  258.0
452 5211.481891 5.388E-54 2.865E-06.01030.01012095.3736-.090.019664              4              2                    P 11      352222 6 6 2 3 2 2   126.0  138.0
452 5213.159388 1.283E-69 1.632E-09.01940.01917860.5404-.060.018545              7              5                    Q  6m     382220 4 4 2 3 2 2    78.0   78.0
452 5213.159388 3.284E-67 4.178E-07.02160.02217860.5404-.050.018043              7              5                    Q  6q     382222 5 7 2 3 2 2    78.0   78.0
452 5213.591861 1.463E-88 3.103E-07.03640.03627943.12720.010.027166             12              9                    Q  7q     352222 5 7 2 3 2 2    90.0   90.0
452 5213.591861 5.078E-91 1.077E-09.03200.03227943.1272-.020.029703             12              9                    Q  7m     352220 4 4 2 3 2 2    90.0   90.0
452 5213.742498 1.037E-97 5.071E-13.03100.03129641.2034-.020.036708             12              8                    O 14q     352222 5 7 2 3 2 2   150.0  174.0
452 5218.217951 7.319E-93 1.090E-05.05240.05230381.06390.280.022211             15             11                    R  0      352222 6 6 2 3 2 2    18.0    6.0
452 5218.586460 1.334E-92 1.496E-05.05850.05830427.87130.350.027721             15             11                    R  1      352222 6 6 2 3 2 2    30.0   18.0
452 5218.597360 2.526E-93 9.369E-08.04570.04629888.66450.090.030304             14             10                    O  7q     352222 5 7 2 3 2 2    66.0   90.0
452 5219.417881 3.802E-63 5.230E-05.02820.02816627.04560.190.007628              7              5                    P  2      352222 6 6 2 3 2 2    18.0   30.0
452 5221.848600 7.002E-80 4.358E-09.01600.01623102.4211-.070.026900              7              4                    O 17q     352222 5 7 2 3 2 2   186.0  210.0
452 5224.060230 3.841E-93 5.676E-07.03320.03330324.3701-.030.038478             13              9                    P 12      352222 6 6 2 3 2 2   138.0  150.0
452 5224.164192 1.332E-68 2.343E-07.01330.01318578.9147-.020.022202              5              3                    Q 15q     382222 5 7 2 3 2 2   186.0  186.0
452 5224.164192 2.807E-70 4.939E-09.01280.01318578.9147-.020.022428              5              3                    Q 15m     382220 4 4 2 3 2 2   186.0  186.0
452 5225.492841 1.773E-78 6.329E-09.01750.01822538.93850.050.028301              6              3                    O 19q     352222 5 7 2 3 2 2   210.0  234.0
452 5225.656220 6.838E-67 1.736E-07.00490.00517800.9804-.200.011668              1              0                    S 22q     352222 5 7 2 3 2 2   294.0  270.0
452 5228.605271 1.153E-70 8.354E-08.01080.01119410.7129-.040.020342              3              1                    Q 21q     382222 5 7 2 3 2 2   258.0  258.0
452 5228.605271 4.295E-72 3.111E-09.01050.01119410.7129-.040.020451              3              1                    Q 21m     382220 4 4 2 3 2 2   258.0  258.0
452 5230.825360 2.931E-77 5.679E-07.02570.02622712.3020-.070.020457              9              7                    S  5q     352222 5 7 2 3 2 2    90.0   66.0
452 5231.114840 1.872E-85 5.456E-08.01820.01826247.9000-.160.023487              9              7                    S 12q     352222 5 7 2 3 2 2   174.0  150.0
452 5233.095420 3.237E-72 1.285E-04.01630.01621487.1771-.150.020424              8              6                    R  8      352222 6 6 2 3 2 2   114.0  102.0
452 5233.889590 4.055E-69 9.537E-05.02590.02619845.8043-.000.018117              8              6                    R  4      352222 6 6 2 3 2 2    66.0   54.0
452 5236.406911 2.187E-91 6.998E-05.02160.02230591.0162-.090.030538             10              7                    R 18      352222 6 6 2 3 2 2   234.0  222.0
452 5237.020949 1.667E-89 4.227E-11.01850.01926782.82670.060.029039              6              3                    P 23      352222 6 6 2 3 2 2   270.0  282.0
452 5239.169829 2.680E-83 3.427E-08.02150.02125020.4493-.120.028295             10              7                    O 10q     352222 5 7 2 3 2 2   102.0  126.0
452 5239.831430 2.676E-89 1.270E-05.01090.01129355.7778-.030.020855              2              0                    R 31      352222 6 6 2 3 2 2   390.0  378.0
452 5239.955139 2.475E-69 3.852E-09.01230.01218017.3147-.120.021686              6              4                    Q 11m     382220 4 4 2 3 2 2   138.0  138.0
452 5239.955139 2.089E-67 3.251E-07.01310.01318017.3147-.090.021501              6              4                    Q 11q     382222 5 7 2 3 2 2   138.0  138.0
452 5244.680321 3.301E-94 5.323E-09.02880.02930022.58370.150.036506              7              3                    O 26q     352222 5 7 2 3 2 2   294.0  318.0
452 5245.329230 1.487E-94 2.085E-06.06110.06131066.26900.210.031159             16             11                    P  5      352222 6 6 2 3 2 2    54.0   66.0
452 5245.656130 3.458E-69 1.544E-07.01190.01218805.1728-.050.021202              4              2                    Q 18q     382222 5 7 2 3 2 2   222.0  222.0
452 5245.656130 9.853E-71 4.399E-09.01160.01218805.1728-.050.021361              4              2                    Q 18m     382220 4 4 2 3 2 2   222.0  222.0
452 5247.032108 8.102E-85 4.027E-06.02430.02426720.2725-.080.028102             11              8                    P  9      352222 6 6 2 3 2 2   102.0  114.0
452 5248.494120 3.025E-71 1.225E-04.01790.01820993.3413-.140.019844              8              6                    R  7      352222 6 6 2 3 2 2   102.0   90.0
452 5248.714859 1.094E-69 1.057E-04.02250.02220169.7853-.070.018648              8              6                    R  5      352222 6 6 2 3 2 2    78.0   66.0
452 5250.100661 1.172E-43 4.536E-08.00490.005 6408.7707-.200.011668              1              0                    S 12q     352222 5 7 2 3 2 2   174.0  150.0
452 5252.885841 2.227E-51 1.065E-06.00940.00910684.9868-.060.018867              3              1                    P 13      352222 6 6 2 3 2 2   150.0  162.0
452 5253.145351 6.351E-93 9.859E-08.01880.01930014.1186-.030.030431              7              4                    Q 24q     352222 5 7 2 3 2 2   294.0  294.0
452 5253.145351 1.783E-94 2.768E-09.01800.01830014.1186-.030.030666              7              4                    Q 24m     352220 4 4 2 3 2 2   294.0  294.0
452 5253.650400 2.122E-70 1.148E-04.01990.02020553.2040-.090.019252              8              6                    R  6      352222 6 6 2 3 2 2    90.0   78.0
452 5256.870271 5.386E-69 1.149E-09.02210.02217455.4318-.010.017206              7              5                    Q  5m     382220 4 4 2 3 2 2    66.0   66.0
452 5256.870271 2.007E-66 4.281E-07.02480.02517455.43180.020.016600              7              5                    Q  5q     382222 5 7 2 3 2 2    66.0   66.0
452 5259.414701 1.667E-84 1.518E-07.03320.03325806.85430.060.023599             11              8                    O  7q     352222 5 7 2 3 2 2    66.0   90.0
452 5260.765679 7.844E-77 1.403E-04.01350.01423803.0787-.140.021372              7              5                    R 15      352222 6 6 2 3 2 2   198.0  186.0
452 5266.744869 1.502E-85 8.239E-08.02430.02426413.84960.080.034318              8              5                    P 18      352222 6 6 2 3 2 2   210.0  222.0
452 5267.087890 1.119E-55 9.194E-06.01360.01413058.7212-.040.018837              5              3                    P  8      352222 6 6 2 3 2 2    90.0  102.0
452 5268.932789 2.083E-64 1.239E-07.00490.00516543.0836-.200.011668              1              0                    S 21q     352222 5 7 2 3 2 2   282.0  258.0
452 5269.595291 7.005E-50 9.191E-08.01380.014 9301.2899-.050.016074              4              2                    O  7q     352222 5 7 2 3 2 2    66.0   90.0
452 5273.298790 5.083E-78 5.118E-07.02270.02323073.6997-.150.020782              9              7                    S  6q     352222 5 7 2 3 2 2   102.0   78.0
452 5274.919371 1.070E-58 2.287E-05.02000.02014570.88510.000.014819              6              4                    P  5      352222 6 6 2 3 2 2    54.0   66.0
452 5275.099769 7.690E-84 1.135E-07.01820.01825615.9806-.160.023487              9              7                    S 11q     352222 5 7 2 3 2 2   162.0  138.0
452 5277.838250 2.249E-49 2.510E-07.00860.009 9466.8059-.080.018182              2              0                    P 15      352222 6 6 2 3 2 2   174.0  186.0
452 5278.674459 1.167E-94 2.940E-09.02620.02630127.87140.120.034078              6              2                    O 28q     352222 5 7 2 3 2 2   318.0  342.0
452 5278.983199 2.248E-79 1.196E-04.01570.01625018.06080.030.023496              6              4                    R 19      352222 6 6 2 3 2 2   246.0  234.0
452 5282.420821 4.460E-41 5.144E-09.00830.008 4626.2361-.110.015949              2              0                    O 10q     452222 5 7 2 3 2 2   102.0  126.0
452 5290.492741 3.550E-85 1.694E-05.04280.04326999.68390.220.017810             12              9                    P  4      352222 6 6 2 3 2 2    42.0   54.0
452 5292.928520 6.071E-46 2.523E-08.00490.005 7381.2989-.200.011668              1              0                    S 13q     352222 5 7 2 3 2 2   186.0  162.0
452 5293.498711 1.511E-68 7.573E-10.02570.02617113.26720.050.015557              7              5                    Q  4m     382220 4 4 2 3 2 2    54.0   54.0
452 5293.498711 8.774E-66 4.398E-07.02890.02917113.26720.080.014835              7              5                    Q  4q     382222 5 7 2 3 2 2    54.0   54.0
452 5293.510339 9.250E-89 1.352E-10.01690.01726682.60640.030.029419              5              2                    P 25      352222 6 6 2 3 2 2   294.0  306.0
452 5294.877051 1.925E-95 1.195E-09.02420.02430327.03550.080.034775              5              1                    O 30q     352222 5 7 2 3 2 2   342.0  366.0
452 5296.474179 1.181E-96 2.804E-10.02260.02330616.89460.080.033683              4              0                    O 32q     352222 5 7 2 3 2 2   366.0  390.0
452 5296.818611 4.572E-63 9.815E-05.02640.02616486.54850.080.008392              7              5                    P  1      352222 6 6 2 3 2 2     6.0   18.0
452 5297.630920 2.722E-94 3.281E-08.02800.02830324.3701-.090.033026             12              9                    S 12q     352222 5 7 2 3 2 2   174.0  150.0
452 5299.180568 1.509E-86 5.888E-07.04370.04426783.21440.270.006208             12              9                    O  3q     352222 5 7 2 3 2 2    18.0   42.0
452 5299.598641 8.084E-95 2.952E-08.03010.03030591.0162-.000.038586             11              7                    P 18      352222 6 6 2 3 2 2   210.0  222.0
452 5300.950069 6.156E-93 8.453E-09.02790.02829442.20490.000.033841             10              6                    O 19q     352222 5 7 2 3 2 2   210.0  234.0
452 5302.226869 6.433E-79 4.395E-07.02040.02023488.2942-.180.021393              9              7                    S  7q     352222 5 7 2 3 2 2   114.0   90.0
452 5303.920861 2.104E-82 1.875E-07.01820.01825020.4493-.160.023487              9              7                    S 10q     352222 5 7 2 3 2 2   150.0  126.0
452 5304.125429 5.438E-62 8.198E-08.00490.00515301.5359-.200.011668              1              0                    S 20q     352222 5 7 2 3 2 2   270.0  246.0
452 5307.192191 7.375E-88 3.235E-07.04020.04027582.06690.050.026560             12              9                    Q  6q     352222 5 7 2 3 2 2    78.0   78.0
452 5307.192191 1.745E-90 7.654E-10.03510.03527582.06690.020.027763             12              9                    Q  6m     352220 4 4 2 3 2 2    78.0   78.0
452 5308.133999 7.391E-86 3.506E-05.01170.01227909.2932-.030.020626              3              1                    R 28      352222 6 6 2 3 2 2   354.0  342.0
452 5308.798409 2.657E-70 5.636E-07.03490.03519252.07530.180.019605              8              6                    S  1q     352222 5 7 2 3 2 2    42.0   18.0
452 5311.503420 9.598E-72 1.265E-09.00970.01019071.8914-.040.019667              2              0                    Q 23m     382220 4 4 2 3 2 2   282.0  282.0
452 5311.503420 2.372E-70 3.125E-08.00990.01019071.8914-.040.019593              2              0                    Q 23q     382222 5 7 2 3 2 2   282.0  282.0
452 5315.822732 6.036E-66 3.350E-07.01360.01417306.8553-.120.020981              6              4                    Q 10q     382222 5 7 2 3 2 2   126.0  126.0
452 5315.822732 5.659E-68 3.141E-09.01270.01317306.8553-.110.021189              6              4                    Q 10m     382220 4 4 2 3 2 2   126.0  126.0
452 5317.073200 1.826E-93 2.017E-07.03150.03230304.9278-.010.039407             12              8                    P 15      352222 6 6 2 3 2 2   174.0  186.0
452 5317.196409 5.997E-80 3.570E-07.01880.01923953.1231-.210.022295              9              7                    S  8q     352222 5 7 2 3 2 2   126.0  102.0
452 5317.860882 4.138E-81 2.708E-07.01820.01824464.9771-.160.023487              9              7                    S  9q     352222 5 7 2 3 2 2   138.0  114.0
452 5320.096101 2.532E-54 2.523E-07.01980.02011516.37280.070.011696              5              3                    O  5q     352222 5 7 2 3 2 2    42.0   66.0
452 5320.606511 4.201E-91 2.864E-09.02170.02228324.2696-.070.033213             10              7                    Q 15m     352220 4 4 2 3 2 2   186.0  186.0
452 5320.606511 3.341E-89 2.278E-07.02340.02328324.2696-.060.032775             10              7                    Q 15q     352222 5 7 2 3 2 2   186.0  186.0
452 5321.782832 1.081E-66 2.433E-07.01330.01317660.7168-.020.022202              5              3                    Q 14q     382222 5 7 2 3 2 2   174.0  174.0
452 5321.782832 1.872E-68 4.212E-09.01280.01317660.7168-.020.022428              5              3                    Q 14m     382220 4 4 2 3 2 2   174.0  174.0
452 5321.890269 1.925E-89 7.911E-05.02310.02329641.2034-.110.030798             11              8                    R 14      352222 6 6 2 3 2 2   186.0  174.0
452 5322.938581 2.653E-68 4.502E-10.02950.02916836.46880.140.013636              7              5                    Q  3m     382220 4 4 2 3 2 2    42.0   42.0
452 5322.938581 2.690E-65 4.565E-07.03340.03316836.46880.170.012048              7              5                    Q  3q     382222 5 7 2 3 2 2    42.0   42.0
452 5323.745309 4.446E-84 1.693E-06.02000.02026247.9000-.100.030767             10              7                    P 12      352222 6 6 2 3 2 2   138.0  150.0
452 5324.770759 1.808E-48 1.021E-08.00490.005 8402.1060-.200.011668              1              0                    S 14q     352222 5 7 2 3 2 2   198.0  174.0
452 5324.855631 2.690E-84 5.151E-07.01870.01926154.1592-.080.030030              9              6                    P 15      352222 6 6 2 3 2 2   174.0  186.0
452 5328.562402 7.600E-88 7.399E-05.02610.02628790.5210-.110.030285             12              9                    R  9      352222 6 6 2 3 2 2   126.0  114.0
452 5328.724941 6.551E-89 2.343E-08.01670.01727764.4312-.130.023095              8              6                    S 17q     352222 5 7 2 3 2 2   234.0  210.0
452 5330.881770 1.152E-59 4.842E-08.00490.00514079.8311-.200.011668              1              0                    S 19q     352222 5 7 2 3 2 2   258.0  234.0
452 5332.727660 6.312E-91 1.743E-07.01540.01529170.4969-.140.022773              7              5                    S 21q     352222 5 7 2 3 2 2   282.0  258.0
452 5332.788068 2.261E-59 6.242E-07.02490.02513919.28740.120.004913              6              4                    O  3q     352222 5 7 2 3 2 2    18.0   42.0
452 5333.657590 9.563E-89 1.364E-10.01540.01526690.57320.010.028249              4              1                    P 27      352222 6 6 2 3 2 2   318.0  330.0
452 5334.063441 6.938E-81 9.376E-05.01420.01425707.3320-.010.023788              5              3                    R 22      352222 6 6 2 3 2 2   282.0  270.0
452 5336.338321 3.310E-52 4.476E-06.01070.01111309.6164-.060.019336              4              2                    P 10      352222 6 6 2 3 2 2   114.0  126.0
452 5337.066989 4.642E-91 1.404E-07.02760.02829170.49690.100.035597              8              5                    Q 21q     352222 5 7 2 3 2 2   258.0  258.0
452 5337.066989 9.965E-93 3.013E-09.02670.02729170.49690.100.036345              8              5                    Q 21m     352220 4 4 2 3 2 2   258.0  258.0
452 5338.813610 8.129E-82 4.393E-09.01840.01823931.5059-.100.027749              9              6                    O 12q     352222 5 7 2 3 2 2   126.0  150.0
452 5341.624311 4.623E-83 6.362E-05.01280.01326682.6064-.020.022659              4              2                    R 25      352222 6 6 2 3 2 2   318.0  306.0
452 5341.770189 3.981E-75 1.448E-04.01350.01422982.4995-.140.021372              7              5                    R 14      352222 6 6 2 3 2 2   186.0  174.0
452 5345.100560 5.696E-65 4.930E-07.03700.03716627.04560.260.011043              7              5                    Q  2q     382222 5 7 2 3 2 2    30.0   30.0
452 5345.100560 2.582E-68 2.235E-10.03290.03316627.04560.230.011653              7              5                    Q  2m     382220 4 4 2 3 2 2    30.0   30.0
452 5345.927321 1.704E-51 1.617E-09.00490.005 9466.8059-.200.011668              1              0                    S 15q     352222 5 7 2 3 2 2   210.0  186.0
452 5348.828258 1.802E-57 2.362E-08.00490.00512881.6229-.200.011668              1              0                    S 18q     352222 5 7 2 3 2 2   246.0  222.0
452 5350.854700 2.756E-90 1.944E-09.02330.02327793.8536-.080.034272             11              8                    Q 11m     352220 4 4 2 3 2 2   138.0  138.0
452 5350.854700 3.937E-88 2.778E-07.02540.02527793.8536-.070.033744             11              8                    Q 11q     352222 5 7 2 3 2 2   138.0  138.0
452 5351.611250 1.072E-69 2.752E-09.01050.01118230.4511-.040.020451              3              1                    Q 20m     382220 4 4 2 3 2 2   246.0  246.0
452 5351.611250 3.404E-68 8.737E-08.01080.01118230.4511-.040.020342              3              1                    Q 20q     382222 5 7 2 3 2 2   246.0  246.0
452 5354.693419 1.587E-74 1.121E-09.01330.01320352.6387-.000.025800              3              0                    O 24q     352222 5 7 2 3 2 2   270.0  294.0
452 5356.739782 2.725E-54 5.263E-10.00490.00510571.0830-.200.011668              1              0                    S 16q     352222 5 7 2 3 2 2   222.0  198.0
452 5356.956371 1.344E-68 3.833E-09.01160.01217745.4648-.050.021361              4              2                    Q 17m     382220 4 4 2 3 2 2   210.0  210.0
452 5356.956371 5.641E-67 1.609E-07.01190.01217745.4648-.050.021202              4              2                    Q 17q     382222 5 7 2 3 2 2   210.0  210.0
452 5357.578062 1.651E-55 7.704E-09.00490.00511710.7207-.200.011668              1              0                    S 17q     352222 5 7 2 3 2 2   234.0  210.0
452 5359.843999 2.544E-89 5.876E-11.01410.01426802.79050.000.025930              3              0                    P 29      352222 6 6 2 3 2 2   342.0  354.0
452 5359.915042 9.469E-65 6.939E-07.03040.03016486.54850.200.010786              7              5                    Q  1q     382222 5 7 2 3 2 2    18.0   18.0
452 5359.915042 1.012E-68 7.416E-11.03460.03516486.54850.220.009520              7              5                    Q  1m     382220 4 4 2 3 2 2    18.0   18.0
452 5362.559391 1.395E-91 3.045E-09.02030.02028596.7553-.060.030891              9              6                    Q 18m     352220 4 4 2 3 2 2   222.0  222.0
452 5362.559391 8.478E-90 1.850E-07.02160.02228596.7553-.050.031901              9              6                    Q 18q     352222 5 7 2 3 2 2   222.0  222.0
452 5370.269748 6.738E-85 4.626E-08.01660.01726000.5431-.050.028797              7              4                    P 20      352222 6 6 2 3 2 2   234.0  246.0
452 5372.991111 6.317E-58 3.128E-05.02290.02314210.63520.080.011668              6              4                    P  4      352222 6 6 2 3 2 2    42.0   54.0
452 5378.118141 1.588E-44 3.413E-08.01100.011 6586.5133-.100.016931              3              1                    O  8q     352222 5 7 2 3 2 2    78.0  102.0
452 5380.705912 2.227E-54 1.322E-05.01490.01512479.8346-.050.017917              5              3                    P  7      352222 6 6 2 3 2 2    78.0   90.0
452 5382.788329 9.929E-85 2.398E-05.04440.04426783.21440.290.013273             12              9                    P  3      352222 6 6 2 3 2 2    30.0   42.0
452 5383.962161 4.299E-93 6.753E-08.02070.02130022.58370.070.031535              6              3                    Q 26q     352222 5 7 2 3 2 2   318.0  318.0
452 5383.962161 1.176E-94 1.847E-09.02020.02030022.58370.070.031887              6              3                    Q 26m     352220 4 4 2 3 2 2   318.0  318.0
452 5384.448951 2.906E-49 1.743E-06.00940.009 9756.8184-.060.018867              3              1                    P 12      352222 6 6 2 3 2 2   138.0  150.0
452 5384.455089 1.273E-91 4.254E-06.04280.04329888.66450.060.034224             14             10                    P  7      352222 6 6 2 3 2 2    78.0   90.0
452 5385.489291 1.357E-64 3.441E-07.01430.01416645.9546-.120.020403              6              4                    Q  9q     382222 5 7 2 3 2 2   114.0  114.0
452 5385.489291 9.945E-67 2.521E-09.01330.01316645.9546-.120.020641              6              4                    Q  9m     382220 4 4 2 3 2 2   114.0  114.0
452 5387.208550 4.533E-90 5.228E-10.03910.03927266.71920.080.025334             12              9                    Q  5m     352220 4 4 2 3 2 2    66.0   66.0
452 5387.208550 2.910E-87 3.356E-07.04470.04527266.71920.090.023944             12              9                    Q  5q     352222 5 7 2 3 2 2    66.0   66.0
452 5389.967819 1.158E-83 6.727E-06.02640.02626241.8354-.050.028239             11              8                    P  8      352222 6 6 2 3 2 2    90.0  102.0
452 5391.376270 2.391E-77 1.267E-04.01570.01624050.82880.030.023496              6              4                    R 18      352222 6 6 2 3 2 2   234.0  222.0
452 5392.427190 1.944E-92 2.940E-07.01750.01830014.11860.020.025431              6              4                    S 24q     352222 5 7 2 3 2 2   318.0  294.0
452 5394.881949 1.271E-74 3.424E-09.01450.01420605.6613-.000.026687              4              1                    O 22q     352222 5 7 2 3 2 2   246.0  270.0
452 5399.297380 5.149E-81 2.372E-10.02290.02322982.49950.060.030519              8              5                    O 14q     352222 5 7 2 3 2 2   150.0  174.0
452 5407.602149 1.302E-92 1.260E-07.05080.05129556.40850.170.026030             14             10                    O  6q     352222 5 7 2 3 2 2    54.0   78.0
452 5407.847211 1.970E-70 6.442E-07.03270.03319385.21190.130.020787              8              6                    S  2q     352222 5 7 2 3 2 2    54.0   30.0
452 5412.763719 1.723E-73 1.482E-04.01350.01422193.0950-.140.021372              7              5                    R 13      352222 6 6 2 3 2 2   174.0  162.0
452 5414.061711 7.307E-65 2.515E-07.01330.01316779.0334-.020.022202              5              3                    Q 13q     382222 5 7 2 3 2 2   162.0  162.0
452 5414.061711 1.037E-66 3.568E-09.01280.01316779.0334-.020.022428              5              3                    Q 13m     382220 4 4 2 3 2 2   162.0  162.0
452 5414.925919 6.083E-47 4.341E-07.00860.009 8402.1060-.080.018182              2              0                    P 14      352222 6 6 2 3 2 2   162.0  174.0
452 5416.825219 5.631E-94 3.636E-06.06290.06330841.84440.280.027861             16             11                    P  4      352222 6 6 2 3 2 2    42.0   54.0
452 5417.123159 1.273E-86 1.374E-05.01090.01128083.6485-.030.020855              2              0                    R 30      352222 6 6 2 3 2 2   378.0  366.0
452 5418.435300 2.983E-92 1.025E-08.02660.02729170.49690.010.035187              9              5                    O 21q     352222 5 7 2 3 2 2   234.0  258.0
452 5420.344601 3.988E-92 3.658E-05.03870.03930666.0857-.030.037880             14             10                    R  9      352222 6 6 2 3 2 2   126.0  114.0
452 5421.167440 2.082E-86 1.149E-06.04200.04226619.17440.250.007361             12              9                    O  2q     352222 5 7 2 3 2 2     6.0   30.0
452 5422.804929 2.952E-75 5.796E-09.01590.01620991.04480.010.027699              5              2                    O 20q     352222 5 7 2 3 2 2   222.0  246.0
452 5423.344299 1.138E-83 2.039E-07.03600.03625418.50010.120.020238             11              8                    O  6q     352222 5 7 2 3 2 2    54.0   78.0
452 5423.687500 4.855E-82 5.069E-08.02350.02424464.9771-.100.027537             10              7                    O  9q     352222 5 7 2 3 2 2    90.0  114.0
452 5424.047739 1.373E-92 1.763E-08.03490.03529270.3194-.030.036957             13              9                    O 10q     352222 5 7 2 3 2 2   102.0  126.0
452 5428.263739 5.792E-87 7.489E-05.02750.02728346.9984-.100.027867             12              9                    R  8      352222 6 6 2 3 2 2   114.0  102.0
452 5429.362549 4.819E-78 3.848E-09.01600.01622176.4962-.070.026900              7              4                    O 16q     352222 5 7 2 3 2 2   174.0  198.0
452 5430.430822 8.926E-63 4.765E-05.02890.02916416.03270.120.013558              7              5                    R  0      352222 6 6 2 3 2 2    18.0    6.0
452 5431.674609 1.498E-92 4.142E-09.02940.02929063.8443-.010.036147             11              7                    O 16q     352222 5 7 2 3 2 2   174.0  198.0
452 5435.399329 2.152E-88 1.603E-09.01670.01726948.9774-.130.023095              8              6                    S 16q     352222 5 7 2 3 2 2   222.0  198.0
452 5435.553018 2.271E-76 6.363E-09.01750.01821513.42450.050.028301              6              3                    O 18q     352222 5 7 2 3 2 2   198.0  222.0
452 5440.958351 3.775E-69 1.131E-09.00970.01017800.9804-.040.019667              2              0                    Q 22m     382220 4 4 2 3 2 2   270.0  270.0
452 5440.958351 1.090E-67 3.265E-08.00990.01017800.9804-.040.019593              2              0                    Q 22q     382222 5 7 2 3 2 2   270.0  270.0
452 5448.792011 2.329E-63 3.525E-07.01550.01516038.3853-.090.019694              6              4                    Q  8q     382222 5 7 2 3 2 2   102.0  102.0
452 5448.792011 1.311E-65 1.983E-09.01440.01416038.3853-.100.019974              6              4                    Q  8m     382220 4 4 2 3 2 2   102.0  102.0
452 5449.725520 9.944E-49 1.233E-07.01560.016 8760.90980.000.014318              4              2                    O  6q     352222 5 7 2 3 2 2    54.0   78.0
452 5450.191329 1.471E-84 2.269E-08.01850.01925707.33200.060.029039              6              3                    P 22      352222 6 6 2 3 2 2   258.0  270.0
452 5453.771499 8.817E-87 3.478E-07.05060.05126999.68390.190.020953             12              9                    Q  4q     352222 5 7 2 3 2 2    54.0   54.0
452 5453.771499 8.522E-90 3.362E-10.04520.04526999.68390.160.021848             12              9                    Q  4m     352220 4 4 2 3 2 2    54.0   54.0
452 5454.514860 8.578E-93 8.465E-08.02800.02829782.8379-.090.033026             12              9                    S 11q     352222 5 7 2 3 2 2   162.0  138.0
452 5459.005870 1.462E-50 6.646E-06.01130.01110579.3795-.060.017864              4              2                    P  9      352222 6 6 2 3 2 2   102.0  114.0
452 5463.220639 1.847E-84 3.451E-05.04230.04226619.17440.300.011067             12              9                    P  2      352222 6 6 2 3 2 2    18.0   30.0
452 5463.562089 4.074E-83 3.350E-07.02430.02425522.50730.080.034318              8              5                    P 17      352222 6 6 2 3 2 2   198.0  210.0
452 5463.620109 8.027E-65 1.669E-07.01190.01216712.8762-.050.021202              4              2                    Q 16q     382222 5 7 2 3 2 2   198.0  198.0
452 5463.620109 1.601E-66 3.329E-09.01160.01216712.8762-.050.021361              4              2                    Q 16m     382220 4 4 2 3 2 2   198.0  198.0
452 5465.678750 1.219E-78 1.006E-04.01420.01424639.3180-.010.023788              5              3                    R 21      352222 6 6 2 3 2 2   270.0  258.0
452 5465.924760 2.438E-57 4.244E-05.02560.02613919.28740.160.009872              6              4                    P  3      352222 6 6 2 3 2 2    30.0   42.0
452 5469.366291 1.182E-91 1.508E-06.03320.03329782.8379-.030.038478             13              9                    P 11      352222 6 6 2 3 2 2   126.0  138.0
452 5469.413880 9.053E-90 7.880E-05.02160.02229820.7206-.090.030538             10              7                    R 17      352222 6 6 2 3 2 2   222.0  210.0
452 5470.639939 9.164E-66 9.098E-08.01080.01117068.2987-.040.020342              3              1                    Q 19q     382222 5 7 2 3 2 2   234.0  234.0
452 5470.639939 2.450E-67 2.432E-09.01050.01117068.2987-.040.020451              3              1                    Q 19m     382220 4 4 2 3 2 2   234.0  234.0
452 5472.061268 2.723E-83 3.800E-05.01170.01226690.5732-.030.020626              3              1                    R 27      352222 6 6 2 3 2 2   342.0  330.0
452 5473.740560 6.229E-72 1.504E-04.01350.01421438.7185-.140.021372              7              5                    R 12      352222 6 6 2 3 2 2   162.0  150.0
452 5476.277268 2.679E-39 7.659E-09.00900.009 3825.0127-.120.017031              2              0                    O  9q     452222 5 7 2 3 2 2    90.0  114.0
452 5481.642600 1.600E-94 4.142E-11.03100.03128998.8592-.020.036708             12              8                    O 13q     352222 5 7 2 3 2 2   138.0  162.0
452 5485.313120 2.933E-89 9.790E-08.01540.01528241.4383-.140.022773              7              5                    S 20q     352222 5 7 2 3 2 2   270.0  246.0
452 5485.597720 1.451E-62 6.682E-05.03100.03116486.54850.200.016182              7              5                    R  1      352222 6 6 2 3 2 2    30.0   18.0
452 5486.342352 4.076E-59 1.224E-06.02480.02513698.90400.050.004532              6              4                    O  2q     352222 5 7 2 3 2 2     6.0   30.0
452 5488.647239 2.754E-89 1.508E-09.02410.02427238.7909-.080.033210             11              8                    Q 10m     352220 4 4 2 3 2 2   126.0  126.0
452 5488.647239 5.321E-87 2.913E-07.02630.02627238.7909-.080.032623             11              8                    Q 10q     352222 5 7 2 3 2 2   126.0  126.0
452 5488.658881 1.566E-82 3.216E-06.02000.02025615.9806-.100.030767             10              7                    P 11      352222 6 6 2 3 2 2   126.0  138.0
452 5489.048590 1.427E-53 3.368E-07.02170.02211137.99720.120.008384              5              3                    O  4q     352222 5 7 2 3 2 2    30.0   54.0
452 5490.374071 1.226E-80 6.875E-05.01280.01325531.2963-.020.022659              4              2                    R 24      352222 6 6 2 3 2 2   306.0  294.0
452 5490.800639 3.081E-53 1.839E-05.01640.01611964.6313-.020.016835              5              3                    P  6      352222 6 6 2 3 2 2    66.0   78.0
452 5494.041131 1.577E-93 4.000E-08.01870.01930127.87140.030.030777              5              2                    Q 28q     352222 5 7 2 3 2 2   342.0  342.0
452 5494.041131 4.256E-95 1.080E-09.01840.01830127.87140.040.031035              5              2                    Q 28m     352220 4 4 2 3 2 2   342.0  342.0
452 5494.334330 2.312E-75 1.335E-04.01570.01623102.42110.030.023496              6              4                    R 17      352222 6 6 2 3 2 2   222.0  210.0
452 5496.067780 9.455E-71 6.856E-07.02860.02919583.62610.050.018579              8              6                    S  3q     352222 5 7 2 3 2 2    66.0   42.0
452 5496.659679 4.153E-88 8.576E-05.02310.02328998.8592-.110.030798             11              8                    R 13      352222 6 6 2 3 2 2   174.0  162.0
452 5498.312970 8.028E-91 1.054E-07.01880.01929004.9115-.030.030431              7              4                    Q 23q     352222 5 7 2 3 2 2   282.0  282.0
452 5498.312970 1.698E-92 2.230E-09.01800.01829004.9115-.030.030666              7              4                    Q 23m     352220 4 4 2 3 2 2   282.0  282.0
452 5498.340108 9.650E-90 2.286E-09.02170.02227605.8586-.070.033213             10              7                    Q 14m     352220 4 4 2 3 2 2   174.0  174.0
452 5498.340108 1.019E-87 2.415E-07.02340.02327605.8586-.060.032775             10              7                    Q 14q     352222 5 7 2 3 2 2   174.0  174.0
452 5500.846049 4.029E-63 2.592E-07.01330.01315937.8726-.020.022202              5              3                    Q 12q     382222 5 7 2 3 2 2   150.0  150.0
452 5500.846049 4.659E-65 2.997E-09.01280.01315937.8726-.020.022428              5              3                    Q 12m     382220 4 4 2 3 2 2   150.0  150.0
452 5502.652302 6.268E-92 9.010E-09.03270.03329004.91150.150.038800              8              4                    O 23q     352222 5 7 2 3 2 2   258.0  282.0
452 5505.566771 1.261E-64 1.520E-09.01570.01615487.7747-.090.019188              6              4                    Q  7m     382220 4 4 2 3 2 2    90.0   90.0
452 5505.566771 2.990E-62 3.602E-07.01700.01715487.7747-.070.018853              6              4                    Q  7q     382222 5 7 2 3 2 2    90.0   90.0
452 5506.962240 2.012E-86 3.633E-07.05730.05726783.21440.280.017922             12              9                    Q  3q     352222 5 7 2 3 2 2    42.0   42.0
452 5506.962240 1.086E-89 1.961E-10.04960.05026783.21440.260.019416             12              9                    Q  3m     352220 4 4 2 3 2 2    42.0   42.0
452 5507.314170 2.350E-82 1.223E-06.01870.01925383.7662-.080.030030              9              6                    P 14      352222 6 6 2 3 2 2   162.0  174.0
452 5510.078309 3.561E-86 7.447E-05.03000.03027943.1272-.050.028643             12              9                    R  7      352222 6 6 2 3 2 2   102.0   90.0
452 5510.099130 1.541E-84 9.443E-09.01690.01725531.29630.030.029419              5              2                    P 24      352222 6 6 2 3 2 2   282.0  294.0
452 5514.596791 2.779E-47 2.681E-06.00940.009 8878.6439-.060.018867              3              1                    P 11      352222 6 6 2 3 2 2   126.0  138.0
452 5523.613479 1.221E-82 1.038E-05.03140.03125806.85430.030.026557             11              8                    P  7      352222 6 6 2 3 2 2    78.0   90.0
452 5524.495239 5.860E-96 8.909E-10.03540.03530324.3701-.020.043103             13              9                    Q 12m     352220 4 4 2 3 2 2   150.0  150.0
452 5524.495239 1.001E-93 1.522E-07.03820.03830324.3701-.000.042420             13              9                    Q 12q     352222 5 7 2 3 2 2   150.0  150.0
452 5524.670030 1.843E-70 1.512E-04.01350.01420723.2301-.140.021372              7              5                    R 11      352222 6 6 2 3 2 2   150.0  138.0
452 5525.776529 8.997E-91 6.966E-05.02040.02030297.0439-.070.030318              9              6                    R 20      352222 6 6 2 3 2 2   258.0  246.0
452 5526.435211 3.052E-86 5.216E-09.01670.01726154.1592-.130.023095              8              6                    S 15q     352222 5 7 2 3 2 2   210.0  186.0
452 5528.833911 2.204E-93 9.434E-06.06430.06430841.84440.170.035381             16             11                    R  4      352222 6 6 2 3 2 2    66.0   54.0
452 5530.379220 5.751E-94 4.918E-08.02870.02930297.04390.010.036071             10              6                    P 20      352222 6 6 2 3 2 2   234.0  246.0
452 5531.342570 1.927E-84 6.481E-05.03820.03826508.99920.190.013091             12              9                    P  1      352222 6 6 2 3 2 2     6.0   18.0
452 5532.361701 1.238E-62 8.200E-05.03020.03016627.04560.160.017082              7              5                    R  2      352222 6 6 2 3 2 2    42.0   30.0
452 5533.251390 3.540E-80 8.568E-09.01840.01823257.2697-.100.027749              9              6                    O 11q     352222 5 7 2 3 2 2   114.0  138.0
452 5546.828390 3.411E-86 3.942E-07.05920.05926619.17440.380.015600             12              9                    Q  2q     352222 5 7 2 3 2 2    30.0   30.0
452 5546.828390 8.313E-90 9.605E-11.05270.05326619.17440.340.016532             12              9                    Q  2m     352220 4 4 2 3 2 2    30.0   30.0
452 5550.853371 8.308E-91 6.933E-06.04580.04629556.40850.100.031555             14             10                    P  6      352222 6 6 2 3 2 2    66.0   78.0
452 5551.260319 1.226E-44 6.953E-07.00860.009 7381.2989-.080.018182              2              0                    P 13      352222 6 6 2 3 2 2   150.0  162.0
452 5552.920271 7.209E-85 3.051E-09.01540.01525468.75020.010.028249              4              1                    P 26      352222 6 6 2 3 2 2   306.0  318.0
452 5553.171461 5.792E-57 5.941E-05.02590.02613698.90400.170.007375              6              4                    P  2      352222 6 6 2 3 2 2    18.0   30.0
452 5555.653371 8.614E-64 1.125E-09.01740.01714997.5508-.070.018284              6              4                    Q  6m     382220 4 4 2 3 2 2    78.0   78.0
452 5555.653371 2.814E-61 3.676E-07.01900.01914997.5508-.050.016694              6              4                    Q  6q     382222 5 7 2 3 2 2    78.0   78.0
452 5556.113500 1.196E-64 4.011E-07.03310.03316416.03270.150.018086              7              5                    S  0q     352222 5 7 2 3 2 2    30.0    6.0
452 5556.461090 1.462E-93 5.731E-06.06240.06230659.46390.340.022152             16             11                    P  3      352222 6 6 2 3 2 2    30.0   42.0
452 5559.670240 6.250E-92 6.227E-09.02880.02928943.55430.150.036506              7              3                    O 25q     352222 5 7 2 3 2 2   282.0  306.0
452 5561.034711 3.969E-89 1.495E-07.02760.02828241.43830.100.035597              8              5                    Q 20q     352222 5 7 2 3 2 2   246.0  246.0
452 5561.034711 6.488E-91 2.443E-09.02670.02728241.43830.100.036345              8              5                    Q 20m     352220 4 4 2 3 2 2   246.0  246.0
452 5564.307598 5.663E-90 2.461E-09.02030.02027764.4312-.060.030891              9              6                    Q 17m     352220 4 4 2 3 2 2   210.0  210.0
452 5564.307598 4.520E-88 1.964E-07.02160.02227764.4312-.050.031901              9              6                    Q 17q     352222 5 7 2 3 2 2   210.0  210.0
452 5565.513039 4.370E-69 1.503E-04.01350.01420050.4677-.140.021372              7              5                    R 10      352222 6 6 2 3 2 2   138.0  126.0
452 5565.516401 1.630E-64 2.878E-09.01160.01215711.2781-.050.021361              4              2                    Q 15m     382220 4 4 2 3 2 2   186.0  186.0
452 5565.516401 9.777E-63 1.726E-07.01190.01215711.2781-.050.021202              4              2                    Q 15q     382222 5 7 2 3 2 2   186.0  186.0
452 5566.089911 3.833E-43 4.732E-08.01230.012 5950.2830-.060.015878              3              1                    O  7q     352222 5 7 2 3 2 2    66.0   90.0
452 5566.986061 1.395E-66 1.012E-09.00970.01016543.0836-.040.019667              2              0                    Q 21m     382220 4 4 2 3 2 2   258.0  258.0
452 5566.986061 4.682E-65 3.399E-08.00990.01016543.0836-.040.019593              2              0                    Q 21q     382222 5 7 2 3 2 2   258.0  258.0
452 5567.426660 7.703E-72 1.219E-09.01330.01319071.8914-.000.025800              3              0                    O 23q     352222 5 7 2 3 2 2   258.0  282.0
452 5569.610270 1.236E-95 3.830E-10.04350.04329888.66450.020.037348             14             10                    Q  7m     352220 4 4 2 3 2 2    90.0   90.0
452 5569.610270 5.956E-93 1.845E-07.04900.04929888.66450.060.036041             14             10                    Q  7q     352222 5 7 2 3 2 2    90.0   90.0
452 5570.297149 6.615E-63 9.560E-05.02690.02716836.46880.070.017442              7              5                    R  3      352222 6 6 2 3 2 2    54.0   42.0
452 5572.695821 3.083E-71 6.956E-07.02650.02719845.8043-.030.020008              8              6                    S  4q     352222 5 7 2 3 2 2    78.0   54.0
452 5572.955511 2.987E-82 1.963E-07.01660.01725018.0608-.050.028797              7              4                    P 19      352222 6 6 2 3 2 2   222.0  234.0
452 5573.122410 1.618E-90 2.012E-07.01750.01829004.91150.020.025431              6              4                    S 23q     352222 5 7 2 3 2 2   306.0  282.0
452 5573.395769 2.775E-90 3.159E-11.05260.05326508.99920.350.014610             12              9                    Q  1m     352220 4 4 2 3 2 2    18.0   18.0
452 5573.395769 4.888E-86 5.563E-07.04560.04626508.99920.320.015065             12              9                    Q  1q     352222 5 7 2 3 2 2    18.0   18.0
452 5574.652162 1.732E-85 7.265E-05.03270.03327582.0669-.010.027814             12              9                    R  6      352222 6 6 2 3 2 2    90.0   78.0
452 5579.117971 4.596E-49 9.492E-06.01230.012 9908.6568-.080.018249              4              2                    P  8      352222 6 6 2 3 2 2    90.0  102.0
452 5579.770049 5.823E-83 2.736E-07.03900.03925079.69380.180.016083             11              8                    O  5q     352222 5 7 2 3 2 2    42.0   66.0
452 5580.344279 5.264E-92 1.699E-07.05310.05329265.76420.240.019745             14             10                    O  5q     352222 5 7 2 3 2 2    42.0   66.0
452 5581.090839 1.240E-85 6.173E-10.01410.01425515.54620.000.025930              3              0                    P 28      352222 6 6 2 3 2 2   330.0  342.0
452 5581.962979 1.662E-63 2.491E-09.01280.01315141.2673-.020.022428              5              3                    Q 11m     382220 4 4 2 3 2 2   138.0  138.0
452 5581.962979 1.776E-61 2.662E-07.01330.01315141.2673-.020.022202              5              3                    Q 11q     382222 5 7 2 3 2 2   138.0  138.0
452 5584.626539 1.667E-91 1.542E-07.02800.02829270.3194-.090.033026             12              9                    S 10q     352222 5 7 2 3 2 2   150.0  126.0
452 5585.601880 2.211E-63 9.439E-08.01080.01115927.8227-.040.020342              3              1                    Q 18q     382222 5 7 2 3 2 2   222.0  222.0
452 5585.601880 5.026E-65 2.145E-09.01050.01115927.8227-.040.020451              3              1                    Q 18m     382220 4 4 2 3 2 2   222.0  222.0
452 5585.687049 3.763E-95 3.800E-09.02580.02630304.9278-.090.032492             11              8                    S 15q     352222 5 7 2 3 2 2   210.0  186.0
452 5586.333269 7.839E-96 5.059E-10.01670.01730327.03550.030.029757              4              1                    Q 30m     352220 4 4 2 3 2 2   366.0  366.0
452 5586.333269 2.914E-94 1.881E-08.01700.01730327.03550.030.029576              4              1                    Q 30q     352222 5 7 2 3 2 2   366.0  366.0
452 5586.437001 6.363E-84 1.492E-05.01090.01126802.7905-.030.020855              2              0                    R 29      352222 6 6 2 3 2 2   366.0  354.0
452 5587.935171 1.996E-73 1.399E-04.01570.01622176.49620.030.023496              6              4                    R 16      352222 6 6 2 3 2 2   210.0  198.0
452 5588.434770 2.033E-76 1.075E-04.01420.01423582.0622-.010.023788              5              3                    R 20      352222 6 6 2 3 2 2   258.0  246.0
452 5594.292589 3.002E-92 3.393E-09.02620.02628983.74130.120.034078              6              2                    O 27q     352222 5 7 2 3 2 2   306.0  330.0
452 5596.121951 3.641E-91 9.700E-09.02790.02828596.75530.000.033841             10              6                    O 18q     352222 5 7 2 3 2 2   198.0  222.0
452 5596.149300 1.416E-91 7.390E-07.03150.03229641.2034-.010.039407             12              8                    P 14      352222 6 6 2 3 2 2   162.0  174.0
452 5596.237151 8.137E-68 1.476E-04.01400.01419424.2123-.150.020842              7              5                    R  9      352222 6 6 2 3 2 2   126.0  114.0
452 5596.894549 2.910E-52 2.497E-05.01850.01811516.37280.030.014076              5              3                    P  5      352222 6 6 2 3 2 2    54.0   66.0
452 5598.900330 1.904E-60 3.753E-07.02190.02214570.8851-.020.016579              6              4                    Q  5q     382222 5 7 2 3 2 2    66.0   66.0
452 5598.900330 4.034E-63 7.950E-10.01990.02014570.8851-.040.017073              6              4                    Q  5m     382220 4 4 2 3 2 2    66.0   66.0
452 5599.034910 2.354E-63 1.080E-04.02330.02317113.2672-.010.017913              7              5                    R  4      352222 6 6 2 3 2 2    66.0   54.0
452 5599.328830 1.873E-92 2.959E-07.01320.01330022.5837-.060.024796              5              3                    S 26q     352222 5 7 2 3 2 2   342.0  318.0
452 5600.758719 2.160E-82 2.509E-13.02290.02322193.09500.060.030519              8              5                    O 13q     352222 5 7 2 3 2 2   138.0  162.0
452 5602.303131 7.521E-84 3.313E-08.01670.01725383.7662-.130.023095              8              6                    S 14q     352222 5 7 2 3 2 2   198.0  174.0
452 5603.285500 6.908E-81 7.378E-08.02830.02823953.1231-.010.025983             10              7                    O  8q     352222 5 7 2 3 2 2    78.0  102.0
452 5607.348101 3.974E-72 3.651E-09.01450.01419410.7129-.000.026687              4              1                    O 21q     352222 5 7 2 3 2 2   234.0  258.0
452 5609.591399 2.517E-92 2.584E-07.03010.03029820.7206-.000.038586             11              7                    P 17      352222 6 6 2 3 2 2   198.0  210.0
452 5610.401730 6.581E-93 1.360E-09.02420.02429122.29940.080.034775              5              1                    O 29q     352222 5 7 2 3 2 2   330.0  354.0
452 5610.433629 2.707E-91 4.076E-05.04030.04030259.6190-.010.036904             14             10                    R  8      352222 6 6 2 3 2 2   114.0  102.0
452 5611.204679 5.255E-94 3.151E-10.02260.02329355.77780.080.033683              4              0                    O 31q     352222 5 7 2 3 2 2   354.0  378.0
452 5613.427040 5.949E-86 3.028E-07.02800.02826720.2725-.060.031401             11              8                    Q  9q     352222 5 7 2 3 2 2   114.0  114.0
452 5613.427040 2.278E-88 1.160E-09.02530.02526720.2725-.080.032062             11              8                    Q  9m     352220 4 4 2 3 2 2   114.0  114.0
452 5616.830501 1.165E-66 1.432E-04.01500.01518848.1467-.160.020289              7              5                    R  8      352222 6 6 2 3 2 2   114.0  102.0
452 5618.267949 5.777E-64 1.191E-04.02020.02017455.4318-.080.018493              7              5                    R  5      352222 6 6 2 3 2 2    78.0   66.0
452 5621.499471 1.005E-87 4.212E-08.01540.01527321.3652-.140.022773              7              5                    S 19q     352222 5 7 2 3 2 2   258.0  234.0
452 5622.539951 6.530E-85 6.941E-05.03580.03627266.71920.030.026979             12              9                    R  5      352222 6 6 2 3 2 2    78.0   66.0
452 5627.314290 1.258E-65 1.369E-04.01620.01618325.8089-.130.019713              7              5                    R  7      352222 6 6 2 3 2 2   102.0   90.0
452 5627.753921 1.003E-64 1.288E-04.01800.01817860.5404-.130.017857              7              5                    R  6      352222 6 6 2 3 2 2    90.0   78.0
452 5627.886910 1.023E-80 4.125E-05.01170.01225468.7502-.030.020626              3              1                    R 26      352222 6 6 2 3 2 2   330.0  318.0
452 5628.412010 9.542E-48 1.652E-07.01780.018 8290.87540.050.012068              4              2                    O  5q     352222 5 7 2 3 2 2    42.0   66.0
452 5628.730190 3.493E-84 3.099E-05.04320.04326453.66480.230.019216             12              9                    R  0      352222 6 6 2 3 2 2    18.0    6.0
452 5630.724019 3.205E-78 7.424E-05.01280.01324383.3948-.020.022659              4              2                    R 23      352222 6 6 2 3 2 2   294.0  282.0
452 5632.224110 1.210E-93 1.481E-06.04920.04930666.08570.060.044369             15             10                    P  9      352222 6 6 2 3 2 2   102.0  114.0
452 5634.169639 7.104E-57 1.097E-04.02440.02413551.07670.050.008593              6              4                    P  1      352222 6 6 2 3 2 2     6.0   18.0
452 5634.263661 5.678E-73 5.978E-09.01590.01619888.24380.010.027699              5              2                    O 19q     352222 5 7 2 3 2 2   210.0  234.0
452 5634.479681 7.558E-91 7.127E-08.02070.02128943.55430.070.031535              6              3                    Q 25q     352222 5 7 2 3 2 2   306.0  306.0
452 5634.479681 1.602E-92 1.511E-09.02020.02028943.55430.070.031887              6              3                    Q 25m     352220 4 4 2 3 2 2   306.0  306.0
452 5635.169311 1.240E-62 5.253E-10.02290.02314210.63520.040.015557              6              4                    Q  4m     382220 4 4 2 3 2 2    54.0   54.0
452 5635.169311 9.071E-60 3.842E-07.02560.02614210.63520.050.014952              6              4                    Q  4q     382222 5 7 2 3 2 2    54.0   54.0
452 5635.664740 2.634E-76 3.070E-09.01600.01621276.7943-.070.026900              7              4                    O 15q     352222 5 7 2 3 2 2   162.0  186.0
452 5637.069079 7.019E-72 6.782E-07.02300.02320169.7853-.090.020115              8              6                    S  5q     352222 5 7 2 3 2 2    90.0   66.0
452 5643.029769 1.937E-45 3.942E-06.00970.010 8054.7365-.070.018611              3              1                    P 10      352222 6 6 2 3 2 2   114.0  126.0
452 5645.054219 2.516E-74 6.137E-09.01750.01820509.10520.050.028301              6              3                    O 17q     352222 5 7 2 3 2 2   186.0  210.0
452 5645.636429 4.072E-81 5.410E-06.02100.02125020.4493-.090.030035             10              7                    P 10      352222 6 6 2 3 2 2   114.0  126.0
452 5647.768911 9.526E-82 1.515E-05.03380.03425418.50010.080.024601             11              8                    P  6      352222 6 6 2 3 2 2    66.0   78.0
452 5651.469911 7.856E-87 9.176E-05.02310.02328381.7967-.110.030798             11              8                    R 12      352222 6 6 2 3 2 2   162.0  150.0
452 5651.478891 1.718E-91 2.633E-08.03720.03728790.5210-.010.035673             13              9                    O  9q     352222 5 7 2 3 2 2    90.0  114.0
452 5652.134321 4.755E-93 1.071E-05.06720.06730659.46390.260.036360             16             11                    R  3      352222 6 6 2 3 2 2    54.0   42.0
452 5653.919819 5.922E-81 8.029E-07.02430.02424651.00810.080.034318              8              5                    P 16      352222 6 6 2 3 2 2   186.0  198.0
452 5654.243830 1.867E-84 6.479E-05.03980.04026999.68390.100.026129             12              9                    R  4      352222 6 6 2 3 2 2    66.0   54.0
452 5654.487689 5.059E-53 4.774E-07.02200.02210832.06090.100.004958              5              3                    O  3q     352222 5 7 2 3 2 2    18.0   42.0
452 5657.003519 6.087E-84 4.282E-05.04610.04626508.99920.300.022589             12              9                    R  1      352222 6 6 2 3 2 2    30.0   18.0
452 5657.227201 6.134E-60 2.726E-07.01360.01414393.2406-.030.021618              5              3                    Q 10q     382222 5 7 2 3 2 2   126.0  126.0
452 5657.227201 4.597E-62 2.043E-09.01300.01314393.2406-.030.021872              5              3                    Q 10m     382220 4 4 2 3 2 2   126.0  126.0
452 5657.726039 1.050E-81 1.018E-07.01850.01924639.31800.060.029039              6              3                    P 21      352222 6 6 2 3 2 2   246.0  258.0
452 5662.486499 1.390E-62 2.474E-09.01160.01214744.6441-.050.021361              4              2                    Q 14m     382220 4 4 2 3 2 2   174.0  174.0
452 5662.486499 9.996E-61 1.779E-07.01190.01214744.6441-.050.021202              4              2                    Q 14q     382222 5 7 2 3 2 2   174.0  174.0
452 5663.069059 2.727E-86 2.531E-07.02340.02326912.4590-.060.032775             10              7                    Q 13q     352222 5 7 2 3 2 2   162.0  162.0
452 5663.069059 1.974E-88 1.832E-09.02170.02226912.4590-.070.033213             10              7                    Q 13m     352220 4 4 2 3 2 2   162.0  162.0
452 5663.319379 6.372E-82 8.280E-08.01670.01724641.6085-.130.023095              8              6                    S 13q     352222 5 7 2 3 2 2   186.0  162.0
452 5663.461430 5.820E-97 1.482E-10.01540.01530616.89460.010.028642              3              0                    Q 32m     352220 4 4 2 3 2 2   390.0  390.0
452 5663.461430 2.159E-95 5.500E-09.01560.01630616.89460.010.027137              3              0                    Q 32q     352222 5 7 2 3 2 2   390.0  390.0
452 5664.338951 2.979E-59 3.978E-07.02970.03013919.28740.140.013055              6              4                    Q  3q     382222 5 7 2 3 2 2    42.0   42.0
452 5664.338951 2.344E-62 3.129E-10.02650.02713919.28740.120.012791              6              4                    Q  3m     382220 4 4 2 3 2 2    42.0   42.0
452 5665.043692 2.525E-93 8.747E-06.05720.05730520.99510.350.019670             16             11                    P  2      352222 6 6 2 3 2 2    18.0   30.0
452 5670.241001 3.952E-84 5.884E-05.04380.04426783.21440.180.023355             12              9                    R  3      352222 6 6 2 3 2 2    54.0   42.0
452 5671.002311 5.981E-84 5.160E-05.04680.04726619.17440.270.024357             12              9                    R  2      352222 6 6 2 3 2 2    42.0   30.0
452 5671.376259 1.125E-37 1.115E-08.00990.010 3089.5336-.100.015381              2              0                    O  8q     452222 5 7 2 3 2 2    78.0  102.0
452 5672.183191 1.508E-71 1.457E-04.01570.01621276.79430.030.023496              6              4                    R 15      352222 6 6 2 3 2 2   198.0  186.0
452 5672.858862 1.570E-64 5.525E-07.03180.03216486.54850.150.018984              7              5                    S  1q     352222 5 7 2 3 2 2    42.0   18.0
452 5679.310672 3.499E-88 8.765E-05.02160.02229063.8443-.090.030538             10              7                    R 16      352222 6 6 2 3 2 2   210.0  198.0
452 5682.761659 1.439E-80 2.335E-06.01870.01924641.6085-.080.030030              9              6                    P 13      352222 6 6 2 3 2 2   150.0  162.0
452 5686.308149 2.412E-62 1.556E-10.03000.03013698.90400.200.011019              6              4                    Q  2m     382220 4 4 2 3 2 2    30.0   30.0
452 5686.308149 6.646E-59 4.289E-07.03290.03313698.90400.230.011252              6              4                    Q  2q     382222 5 7 2 3 2 2    30.0   30.0
452 5686.602930 1.843E-42 1.055E-06.00860.009 6408.7707-.080.018182              2              0                    P 12      352222 6 6 2 3 2 2   138.0  150.0
452 5688.631460 1.138E-72 6.368E-07.02000.02020553.2040-.170.020477              8              6                    S  6q     352222 5 7 2 3 2 2   102.0   78.0
452 5689.508950 4.754E-64 9.050E-10.00970.01015301.5359-.040.019667              2              0                    Q 20m     382220 4 4 2 3 2 2   246.0  246.0
452 5689.508950 1.852E-62 3.525E-08.00990.01015301.5359-.040.019593              2              0                    Q 20q     382222 5 7 2 3 2 2   246.0  246.0
452 5689.980850 2.308E-90 2.340E-07.02800.02828790.5210-.090.033026             12              9                    S  9q     352222 5 7 2 3 2 2   138.0  114.0
452 5695.557942 2.391E-90 3.028E-06.03420.03429270.3194-.020.039217             13              9                    P 10      352222 6 6 2 3 2 2   114.0  126.0
452 5696.260931 1.014E-47 1.315E-05.01330.013 9301.2899-.040.017489              4              2                    P  7      352222 6 6 2 3 2 2    78.0   90.0
452 5696.372082 4.698E-61 9.759E-08.01080.01114812.7331-.040.020342              3              1                    Q 17q     382222 5 7 2 3 2 2   210.0  210.0
452 5696.372082 9.081E-63 1.886E-09.01050.01114812.7331-.040.020451              3              1                    Q 17m     382220 4 4 2 3 2 2   210.0  210.0
452 5697.261200 1.125E-93 1.334E-07.03590.03630304.92780.010.041355             12              8                    Q 15q     352222 5 7 2 3 2 2   186.0  186.0
452 5697.261200 8.244E-96 9.780E-10.03380.03430304.92780.000.041935             12              8                    Q 15m     352220 4 4 2 3 2 2   186.0  186.0
452 5698.246472 3.997E-90 1.046E-05.04900.04929265.76420.170.027757             14             10                    P  5      352222 6 6 2 3 2 2    54.0   66.0
452 5698.471711 1.834E-51 3.333E-05.02090.02111137.99720.090.012774              5              3                    P  4      352222 6 6 2 3 2 2    42.0   54.0
452 5700.998759 1.144E-58 6.028E-07.02800.02813551.07670.170.010889              6              4                    Q  1q     382222 5 7 2 3 2 2    18.0   18.0
452 5700.998759 9.809E-63 5.169E-11.03120.03113551.07670.190.009586              6              4                    Q  1m     382220 4 4 2 3 2 2    18.0   18.0
452 5702.499891 3.159E-74 1.146E-04.01420.01422538.9385-.010.023788              5              3                    R 19      352222 6 6 2 3 2 2   246.0  234.0
452 5708.997099 4.594E-91 4.140E-09.02940.02928324.2696-.010.036147             11              7                    O 15q     352222 5 7 2 3 2 2   162.0  186.0
452 5709.697650 3.363E-80 1.505E-07.01670.01723931.5059-.130.023095              8              6                    S 12q     352222 5 7 2 3 2 2   174.0  150.0
452 5712.337940 5.838E-86 3.200E-07.05010.05026453.66480.280.024737             12              9                    S  0q     352222 5 7 2 3 2 2    30.0    6.0
452 5716.711099 2.608E-92 1.953E-07.05270.05329556.40850.090.033453             14             10                    Q  6q     352222 5 7 2 3 2 2    78.0   78.0
452 5716.711099 3.516E-95 2.633E-10.04680.04729556.40850.070.034967             14             10                    Q  6m     352220 4 4 2 3 2 2    78.0   78.0
452 5717.823809 1.625E-93 5.297E-08.02760.02830104.99660.020.037186              9              5                    P 22      352222 6 6 2 3 2 2   258.0  270.0
452 5717.876428 2.670E-90 1.178E-08.02660.02728241.43830.010.035187              9              5                    O 20q     352222 5 7 2 3 2 2   222.0  246.0
452 5721.601989 1.738E-81 4.528E-08.01690.01724383.39480.030.029419              5              2                    P 23      352222 6 6 2 3 2 2   270.0  282.0
452 5724.320540 1.167E-78 1.546E-08.01980.02022622.6780-.110.027868              9              6                    O 10q     352222 5 7 2 3 2 2   102.0  126.0
452 5725.469241 1.522E-87 8.806E-10.02710.02726241.8354-.060.030708             11              8                    Q  8m     352220 4 4 2 3 2 2   102.0  102.0
452 5725.469241 5.407E-85 3.127E-07.03020.03026241.8354-.030.029947             11              8                    Q  8q     352222 5 7 2 3 2 2   102.0  102.0
452 5726.446220 9.624E-61 1.648E-09.01340.01313697.7662-.040.021256              5              3                    Q  9m     382220 4 4 2 3 2 2   114.0  114.0
452 5726.446220 1.626E-58 2.785E-07.01410.01413697.7662-.040.020965              5              3                    Q  9q     382222 5 7 2 3 2 2   114.0  114.0
452 5726.931239 1.334E-73 5.753E-07.01820.01820993.3413-.210.019901              8              6                    S  7q     352222 5 7 2 3 2 2   114.0   90.0
452 5727.936111 2.157E-82 3.713E-07.04100.04124793.05910.250.011201             11              8                    O  4q     352222 5 7 2 3 2 2    30.0   54.0
452 5729.392459 9.978E-89 1.109E-07.01880.01927997.3589-.030.030431              7              4                    Q 22q     352222 5 7 2 3 2 2   270.0  270.0
452 5729.392459 1.655E-90 1.839E-09.01800.01827997.3589-.030.030666              7              4                    Q 22m     352220 4 4 2 3 2 2   270.0  270.0
452 5736.418489 1.609E-91 2.319E-07.05400.05429019.33240.300.015118             14             10                    O  4q     352222 5 7 2 3 2 2    30.0   54.0
452 5736.941161 1.201E-88 1.230E-07.01750.01827997.35890.020.025431              6              4                    S 22q     352222 5 7 2 3 2 2   294.0  270.0
452 5737.286640 2.214E-92 3.427E-10.03100.03128381.7967-.020.036708             12              8                    O 12q     352222 5 7 2 3 2 2   126.0  150.0
452 5737.674411 7.132E-93 1.086E-05.06830.06830520.99510.330.032285             16             11                    R  2      352222 6 6 2 3 2 2    42.0   30.0
452 5741.589640 1.263E-78 2.316E-07.01670.01723257.2697-.130.023095              8              6                    S 11q     352222 5 7 2 3 2 2   162.0  138.0
452 5742.277399 1.669E-86 9.292E-09.01540.01526413.8496-.140.022773              7              5                    S 18q     352222 5 7 2 3 2 2   246.0  222.0
452 5742.817379 2.472E-93 1.679E-05.05240.05230427.87130.270.022361             16             11                    P  1      352222 6 6 2 3 2 2     6.0   18.0
452 5744.943780 2.542E-96 1.032E-09.03220.03230591.01620.000.040872             11              7                    Q 18m     352220 4 4 2 3 2 2   222.0  222.0
452 5744.943780 2.652E-94 1.077E-07.03390.03430591.01620.020.040383             11              7                    Q 18q     352222 5 7 2 3 2 2   222.0  222.0
452 5747.028860 9.776E-70 1.506E-04.01570.01620407.13050.030.023496              6              4                    R 14      352222 6 6 2 3 2 2   186.0  174.0
452 5748.424362 3.300E-81 1.624E-05.01090.01125515.5462-.030.020855              2              0                    R 28      352222 6 6 2 3 2 2   354.0  342.0
452 5748.959729 3.770E-91 4.172E-08.01870.01928983.74130.030.030777              5              2                    Q 27q     352222 5 7 2 3 2 2   330.0  330.0
452 5748.959729 8.110E-93 8.975E-10.01840.01828983.74130.040.031035              5              2                    Q 27m     352220 4 4 2 3 2 2   330.0  330.0
452 5751.613892 1.149E-74 4.984E-07.01700.01721487.1771-.210.021965              8              6                    S  8q     352222 5 7 2 3 2 2   126.0  102.0
452 5753.156439 2.201E-86 2.059E-07.02160.02226948.9774-.050.031901              9              6                    Q 16q     352222 5 7 2 3 2 2   198.0  198.0
452 5753.156439 2.148E-88 2.010E-09.02030.02026948.9774-.060.030891              9              6                    Q 16m     352220 4 4 2 3 2 2   198.0  198.0
452 5753.623669 6.303E-42 6.492E-08.01400.014 5384.3736-.010.014369              3              1                    O  6q     352222 5 7 2 3 2 2    54.0   78.0
452 5754.348950 9.713E-61 2.111E-09.01160.01213817.0319-.050.021361              4              2                    Q 13m     382220 4 4 2 3 2 2   162.0  162.0
452 5754.348950 8.408E-59 1.827E-07.01190.01213817.0319-.050.021202              4              2                    Q 13q     382222 5 7 2 3 2 2   162.0  162.0
452 5756.230999 1.517E-95 5.579E-09.02400.02430591.0162-.080.032028             10              7                    S 18q     352222 5 7 2 3 2 2   246.0  222.0
452 5759.118900 3.516E-77 3.205E-07.01670.01722622.6780-.130.023095              8              6                    S 10q     352222 5 7 2 3 2 2   150.0  126.0
452 5762.060172 6.269E-97 1.234E-10.04440.04430324.37010.040.041369             14              9                    O 12q     352222 5 7 2 3 2 2   126.0  150.0
452 5762.150531 5.445E-81 2.122E-05.03680.03725079.69380.130.021680             11              8                    P  5      352222 6 6 2 3 2 2    54.0   66.0
452 5762.409940 7.343E-76 4.115E-07.01670.01722031.4438-.130.023095              8              6                    S  9q     352222 5 7 2 3 2 2   138.0  114.0
452 5762.973040 8.122E-76 8.002E-05.01280.01323241.9387-.020.022659              4              2                    R 22      352222 6 6 2 3 2 2   282.0  270.0
452 5765.592419 1.283E-92 1.661E-07.03820.03829782.8379-.000.042420             13              9                    Q 11q     352222 5 7 2 3 2 2   138.0  138.0
452 5765.592419 5.089E-95 6.587E-10.03540.03529782.8379-.020.043103             13              9                    Q 11m     352220 4 4 2 3 2 2   138.0  138.0
452 5767.607810 1.265E-81 1.581E-08.01540.01524246.51100.010.028249              4              1                    P 25      352222 6 6 2 3 2 2   294.0  306.0
452 5769.402161 9.718E-44 5.596E-06.01030.010 7289.3191-.070.017231              3              1                    P  9      352222 6 6 2 3 2 2   102.0  114.0
452 5769.891990 7.038E-80 4.760E-07.01660.01724050.8288-.050.028797              7              4                    P 18      352222 6 6 2 3 2 2   210.0  222.0
452 5769.963519 5.684E-89 7.893E-05.02040.02029442.2049-.070.030318              9              6                    R 19      352222 6 6 2 3 2 2   246.0  234.0
452 5770.137550 1.492E-90 4.378E-05.04230.04229888.66450.020.033821             14             10                    R  7      352222 6 6 2 3 2 2   102.0   90.0
452 5771.790930 4.135E-89 2.014E-09.02670.02727321.36520.100.036345              8              5                    Q 19m     352220 4 4 2 3 2 2   234.0  234.0
452 5771.790930 3.222E-87 1.569E-07.02760.02827321.36520.100.035597              8              5                    Q 19q     352222 5 7 2 3 2 2   234.0  234.0
452 5772.085010 2.389E-89 3.161E-07.02910.02928346.9984-.110.031677             12              9                    S  8q     352222 5 7 2 3 2 2   126.0  102.0
452 5775.186649 1.379E-56 5.200E-05.02710.02713476.88880.130.012470              6              4                    R  0      352222 6 6 2 3 2 2    18.0    6.0
452 5776.072839 3.863E-78 4.476E-05.01170.01224246.5110-.030.020626              3              1                    R 25      352222 6 6 2 3 2 2   318.0  306.0
452 5777.470079 7.541E-80 1.056E-07.03060.03123488.29420.040.022065             10              7                    O  7q     352222 5 7 2 3 2 2    66.0   90.0
452 5778.372860 2.088E-90 6.360E-05.02820.02830104.99660.110.037407              8              5                    R 22      352222 6 6 2 3 2 2   282.0  270.0
452 5778.531660 1.546E-95 7.119E-09.04090.04130591.01620.070.042385             12              7                    O 18q     352222 5 7 2 3 2 2   198.0  222.0
452 5779.720269 1.144E-64 6.432E-07.02960.03016627.04560.100.020202              7              5                    S  2q     352222 5 7 2 3 2 2    54.0   30.0
452 5781.081931 3.519E-69 1.307E-09.01330.01317800.9804-.000.025800              3              0                    O 22q     352222 5 7 2 3 2 2   246.0  270.0
452 5781.177440 8.308E-86 4.360E-07.05140.05126508.99920.270.028160             12              9                    S  1q     352222 5 7 2 3 2 2    42.0   18.0
452 5785.497349 1.003E-92 2.636E-07.01170.01230127.8714-.070.023665              4              2                    S 28q     352222 5 7 2 3 2 2   366.0  342.0
452 5787.582331 1.276E-85 9.688E-05.02310.02327793.8536-.110.030798             11              8                    R 11      352222 6 6 2 3 2 2   150.0  138.0
452 5788.053651 7.212E-93 9.952E-06.06510.06530427.87130.360.030082             16             11                    R  1      352222 6 6 2 3 2 2    30.0   18.0
452 5789.108571 6.962E-93 3.181E-08.02580.02629641.2034-.090.032492             11              8                    S 14q     352222 5 7 2 3 2 2   198.0  174.0
452 5789.146820 2.281E-90 2.106E-07.01320.01328943.5543-.060.024796              5              3                    S 25q     352222 5 7 2 3 2 2   330.0  306.0
452 5789.425700 3.241E-57 2.839E-07.01490.01513058.7212-.060.020162              5              3                    Q  8q     382222 5 7 2 3 2 2   102.0  102.0
452 5789.425700 1.487E-59 1.302E-09.01410.01413058.7212-.040.020505              5              3                    Q  8m     382220 4 4 2 3 2 2   102.0  102.0
452 5794.642039 7.998E-80 8.409E-06.02250.02224464.9771-.080.027498             10              7                    P  9      352222 6 6 2 3 2 2   102.0  114.0
452 5794.984849 7.459E-51 4.437E-05.02310.02310832.06090.160.010065              5              3                    P  3      352222 6 6 2 3 2 2    30.0   42.0
452 5798.247279 3.293E-82 3.452E-09.01410.01424224.33650.000.025930              3              0                    P 27      352222 6 6 2 3 2 2   318.0  330.0
452 5800.072509 9.956E-78 3.471E-10.02290.02321438.71850.060.030519              8              5                    O 12q     352222 5 7 2 3 2 2   126.0  150.0
452 5802.794709 8.621E-59 1.006E-07.01080.01113726.8767-.040.020342              3              1                    Q 16q     382222 5 7 2 3 2 2   198.0  198.0
452 5802.794709 1.416E-60 1.652E-09.01050.01113726.8767-.040.020451              3              1                    Q 16m     382220 4 4 2 3 2 2   198.0  198.0
452 5804.691631 5.979E-47 2.242E-07.01970.020 7894.21240.110.009064              4              2                    O  4q     352222 5 7 2 3 2 2    30.0   54.0
452 5804.974900 4.170E-93 7.684E-06.05810.05830381.06390.300.028098             16             11                    R  0      352222 6 6 2 3 2 2    18.0    6.0
452 5805.114050 8.225E-90 1.030E-08.03270.03327997.35890.150.038800              8              4                    O 22q     352222 5 7 2 3 2 2   246.0  270.0
452 5807.940829 4.492E-72 1.216E-04.01420.01421513.4245-.010.023788              5              3                    R 18      352222 6 6 2 3 2 2   234.0  222.0
452 5808.412659 6.629E-60 3.645E-08.00990.01014079.8311-.040.019593              2              0                    Q 19q     382222 5 7 2 3 2 2   234.0  234.0
452 5808.412659 1.469E-61 8.076E-10.00970.01014079.8311-.040.019667              2              0                    Q 19m     382220 4 4 2 3 2 2   234.0  234.0
452 5809.975460 1.541E-46 1.778E-05.01470.015 8760.9098-.030.016588              4              2                    P  6      352222 6 6 2 3 2 2    66.0   78.0
452 5812.385610 5.328E-68 1.544E-04.01570.01619571.38070.030.023496              6              4                    R 13      352222 6 6 2 3 2 2   174.0  162.0
452 5815.348720 9.762E-53 9.495E-07.02220.02210600.68410.030.005190              5              3                    O  2q     352222 5 7 2 3 2 2     6.0   30.0
452 5815.377620 3.516E-87 1.470E-09.02170.02226247.9000-.070.033213             10              7                    Q 12m     352220 4 4 2 3 2 2   150.0  150.0
452 5815.377620 6.288E-85 2.628E-07.02340.02326247.9000-.060.032775             10              7                    Q 12q     352222 5 7 2 3 2 2   150.0  150.0
452 5820.377809 1.136E-69 3.822E-09.01450.01418230.4511-.000.026687              4              1                    O 20q     352222 5 7 2 3 2 2   222.0  246.0
452 5820.672560 2.047E-40 1.537E-06.00860.009 5488.9439-.080.018182              2              0                    P 11      352222 6 6 2 3 2 2   126.0  138.0
452 5822.301991 3.139E-91 4.908E-05.03570.03630324.3701-.020.038489             13              9                    R 12      352222 6 6 2 3 2 2   162.0  150.0
452 5824.948878 8.001E-87 6.554E-10.02930.02925806.8543-.030.029148             11              8                    Q  7m     352220 4 4 2 3 2 2    90.0   90.0
452 5824.948878 3.923E-84 3.213E-07.03300.03325806.8543-.000.028264             11              8                    Q  7q     352222 5 7 2 3 2 2    90.0   90.0
452 5826.776089 1.410E-89 1.497E-05.05340.05329019.33240.260.023311             14             10                    P  4      352222 6 6 2 3 2 2    42.0   54.0
452 5832.134850 1.874E-88 3.928E-07.03100.03127943.1272-.090.030582             12              9                    S  7q     352222 5 7 2 3 2 2   114.0   90.0
452 5834.135450 2.183E-56 7.227E-05.02930.02913551.07670.220.014786              6              4                    R  1      352222 6 6 2 3 2 2    30.0   18.0
452 5834.281061 7.022E-86 4.987E-07.04980.05026619.17440.230.028792             12              9                    S  2q     352222 5 7 2 3 2 2    54.0   30.0
452 5838.124830 6.146E-79 1.540E-06.02430.02423803.07870.080.034318              8              5                    P 15      352222 6 6 2 3 2 2   174.0  186.0
452 5840.769660 1.064E-74 2.099E-09.01600.01620407.1305-.070.026900              7              4                    O 14q     352222 5 7 2 3 2 2   150.0  174.0
452 5840.904550 5.434E-59 1.784E-09.01160.01212932.5591-.050.021361              4              2                    Q 12m     382220 4 4 2 3 2 2   150.0  150.0
452 5840.904550 5.700E-57 1.872E-07.01190.01212932.5591-.050.021202              4              2                    Q 12q     382222 5 7 2 3 2 2   150.0  150.0
452 5841.497700 7.794E-95 1.754E-10.05050.05129265.76420.130.031986             14             10                    Q  5m     352220 4 4 2 3 2 2    66.0   66.0
452 5841.497700 9.083E-92 2.044E-07.05720.05729265.76420.130.030241             14             10                    Q  5q     352222 5 7 2 3 2 2    66.0   66.0
452 5841.744271 2.288E-95 3.276E-09.04260.04330304.92780.050.042950             13              8                    O 15q     352222 5 7 2 3 2 2   162.0  186.0
452 5844.683101 9.278E-92 1.940E-08.01700.01729122.29940.030.029576              4              1                    Q 29q     352222 5 7 2 3 2 2   354.0  354.0
452 5844.683101 2.042E-93 4.270E-10.01670.01729122.29940.030.029757              4              1                    Q 29m     352220 4 4 2 3 2 2   354.0  354.0
452 5845.835491 9.648E-71 5.997E-09.01590.01618805.17280.010.027699              5              2                    O 18q     352222 5 7 2 3 2 2   198.0  222.0
452 5845.974441 4.760E-56 2.890E-07.01610.01612479.8346-.030.018084              5              3                    Q  7q     382222 5 7 2 3 2 2    90.0   90.0
452 5845.974441 1.651E-58 1.002E-09.01510.01512479.8346-.060.019620              5              3                    Q  7m     382220 4 4 2 3 2 2    90.0   90.0
452 5847.929610 1.603E-91 2.534E-07.02870.02929442.20490.010.036071             10              6                    P 19      352222 6 6 2 3 2 2   222.0  234.0
452 5848.305580 1.839E-86 1.466E-10.01540.01525522.5073-.140.022773              7              5                    S 17q     352222 5 7 2 3 2 2   234.0  210.0
452 5851.332091 6.661E-79 3.947E-06.01870.01923931.5059-.080.030030              9              6                    P 12      352222 6 6 2 3 2 2   138.0  150.0
452 5854.095029 2.345E-72 5.630E-09.01750.01819529.67140.050.028301              6              3                    O 16q     352222 5 7 2 3 2 2   174.0  198.0
452 5856.086720 6.236E-90 1.695E-06.03150.03228998.8592-.010.039407             12              8                    P 13      352222 6 6 2 3 2 2   150.0  162.0
452 5860.142829 3.908E-79 2.506E-07.01850.01923582.06220.060.029039              6              3                    P 20      352222 6 6 2 3 2 2   234.0  246.0
452 5864.142259 1.169E-89 7.073E-09.02880.02927862.60910.150.036506              7              3                    O 24q     352222 5 7 2 3 2 2   270.0  294.0
452 5865.603080 1.782E-90 3.932E-08.03970.04028346.99840.030.033473             13              9                    O  8q     352222 5 7 2 3 2 2    78.0  102.0
452 5866.404811 2.242E-80 2.891E-05.03960.04024793.05910.200.017637             11              8                    P  4      352222 6 6 2 3 2 2    42.0   54.0
452 5866.981660 3.228E-36 1.592E-08.01110.011 2423.8938-.090.015683              2              0                    O  7q     452222 5 7 2 3 2 2    66.0   90.0
452 5866.997741 5.478E-82 5.332E-07.04030.04024560.87360.250.007494             11              8                    O  3q     352222 5 7 2 3 2 2    18.0   42.0
452 5868.145079 2.391E-66 1.569E-04.01570.01618773.46360.030.023496              6              4                    R 12      352222 6 6 2 3 2 2   162.0  150.0
452 5868.607679 1.237E-86 9.640E-05.02160.02228324.2696-.090.030538             10              7                    R 15      352222 6 6 2 3 2 2   198.0  186.0
452 5869.250830 2.168E-93 4.379E-08.03480.03530014.11860.150.040852              8              4                    P 24      352222 6 6 2 3 2 2   282.0  294.0
452 5870.713329 4.041E-86 5.277E-07.04560.04626783.21440.150.028656             12              9                    S  3q     352222 5 7 2 3 2 2    66.0   42.0
452 5871.138609 1.114E-87 4.574E-07.03360.03427582.0669-.050.029733             12              9                    S  6q     352222 5 7 2 3 2 2   102.0   78.0
452 5871.690952 1.333E-88 7.424E-08.02070.02127862.60910.070.031535              6              3                    Q 24q     352222 5 7 2 3 2 2   294.0  294.0
452 5871.690952 2.280E-90 1.270E-09.02020.02027862.60910.070.031887              6              3                    Q 24m     352220 4 4 2 3 2 2   294.0  294.0
452 5875.229339 3.516E-91 3.351E-07.05220.05228819.36090.290.010425             14             10                    O  3q     352222 5 7 2 3 2 2    18.0   42.0
452 5875.833361 5.309E-65 6.985E-07.02570.02616836.46880.020.019679              7              5                    S  3q     352222 5 7 2 3 2 2    66.0   42.0
452 5880.444881 1.915E-89 1.049E-08.02790.02827764.43120.000.033841             10              6                    O 17q     352222 5 7 2 3 2 2   186.0  210.0
452 5884.372331 1.573E-94 5.880E-07.06360.06430520.99510.350.024816             17             11                    P  2      352222 6 6 2 3 2 2    18.0   30.0
452 5884.722340 1.784E-56 8.806E-05.02860.02913698.90400.190.015854              6              4                    R  2      352222 6 6 2 3 2 2    42.0   30.0
452 5885.343740 7.303E-87 6.273E-08.01750.01826994.78250.020.025431              6              4                    S 21q     352222 5 7 2 3 2 2   282.0  258.0
452 5885.864490 1.841E-50 6.114E-05.02340.02310600.68410.150.007596              5              3                    P  2      352222 6 6 2 3 2 2    18.0   30.0
452 5887.289449 1.964E-73 8.603E-05.01280.01322110.0696-.020.022659              4              2                    R 21      352222 6 6 2 3 2 2   270.0  258.0
452 5889.575231 1.660E-86 5.286E-07.04100.04126999.68390.080.028767             12              9                    S  4q     352222 5 7 2 3 2 2    78.0   54.0
452 5889.999921 4.986E-87 5.040E-07.03700.03727266.71920.010.029128             12              9                    S  5q     352222 5 7 2 3 2 2    90.0   66.0
452 5893.321419 3.454E-42 7.725E-06.01110.011 6586.5133-.060.017732              3              1                    P  8      352222 6 6 2 3 2 2    90.0  102.0
452 5895.909199 1.279E-57 7.446E-10.01640.01611964.6313-.030.018602              5              3                    Q  6m     382220 4 4 2 3 2 2    78.0   78.0
452 5895.909199 5.046E-55 2.939E-07.01760.01811964.6313-.020.018112              5              3                    Q  6q     382222 5 7 2 3 2 2    78.0   78.0
452 5899.249420 2.468E-90 7.531E-07.03010.03029063.8443-.000.038586             11              7                    P 16      352222 6 6 2 3 2 2   186.0  198.0
452 5899.920991 7.798E-90 3.823E-09.02620.02627834.37910.120.034078              6              2                    O 26q     352222 5 7 2 3 2 2   294.0  318.0
452 5901.866280 6.582E-90 4.554E-05.04480.04529556.40850.050.034885             14             10                    R  6      352222 6 6 2 3 2 2    90.0   78.0
452 5903.534982 1.751E-78 1.769E-05.01090.01124224.3365-.030.020855              2              0                    R 27      352222 6 6 2 3 2 2   342.0  330.0
452 5903.663751 1.428E-92 3.017E-06.05090.05130259.61900.080.042271             15             10                    P  8      352222 6 6 2 3 2 2    90.0  102.0
452 5903.846180 3.544E-89 5.231E-06.03570.03628790.5210-.000.037776             13              9                    P  9      352222 6 6 2 3 2 2   102.0  114.0
452 5904.687419 1.340E-56 1.033E-07.01080.01112674.2273-.040.020342              3              1                    Q 15q     382222 5 7 2 3 2 2   186.0  186.0
452 5904.687419 1.867E-58 1.439E-09.01050.01112674.2273-.040.020451              3              1                    Q 15m     382220 4 4 2 3 2 2   186.0  186.0
452 5904.744552 5.737E-70 1.283E-04.01420.01420509.1052-.010.023788              5              3                    R 17      352222 6 6 2 3 2 2   222.0  210.0
452 5905.917370 1.743E-84 1.009E-04.02310.02327238.7909-.110.030798             11              8                    R 10      352222 6 6 2 3 2 2   138.0  126.0
452 5908.323341 1.503E-58 3.558E-07.03170.03213476.88880.190.015456              6              4                    S  0q     352222 5 7 2 3 2 2    30.0    6.0
452 5911.683639 2.900E-77 2.623E-08.02160.02222031.4438-.090.025498              9              6                    O  9q     352222 5 7 2 3 2 2    90.0  114.0
452 5911.967689 2.232E-83 3.291E-07.03600.03625418.50010.020.024855             11              8                    Q  6q     382222 5 7 2 3 2 2    78.0   78.0
452 5911.967689 3.214E-86 4.739E-10.03210.03225418.50010.010.027387             11              8                    Q  6m     382220 4 4 2 3 2 2    78.0   78.0
452 5914.191360 8.657E-65 1.579E-04.01570.01618017.31470.030.023496              6              4                    R 11      352222 6 6 2 3 2 2   150.0  138.0
452 5916.429679 2.316E-90 1.520E-09.02420.02427909.29320.080.034775              5              1                    O 28q     352222 5 7 2 3 2 2   318.0  342.0
452 5916.917900 1.444E-75 4.855E-05.01170.01223026.6365-.030.020626              3              1                    R 24      352222 6 6 2 3 2 2   306.0  294.0
452 5916.928170 2.449E-91 3.486E-10.02260.02328083.64850.080.033683              4              0                    O 30q     352222 5 7 2 3 2 2   342.0  366.0
452 5919.759849 1.583E-45 2.359E-05.01660.017 8290.87540.010.015075              4              2                    P  5      352222 6 6 2 3 2 2    54.0   66.0
452 5921.941248 2.379E-57 1.492E-09.01160.01212095.3736-.050.021361              4              2                    Q 11m     382220 4 4 2 3 2 2   138.0  138.0
452 5921.941248 3.050E-55 1.912E-07.01190.01212095.3736-.050.021202              4              2                    Q 11q     382222 5 7 2 3 2 2   138.0  138.0
452 5923.549941 4.033E-59 7.185E-10.00970.01012881.6229-.040.019667              2              0                    Q 18m     382220 4 4 2 3 2 2   222.0  222.0
452 5923.549941 2.109E-57 3.757E-08.00990.01012881.6229-.040.019593              2              0                    Q 18q     382222 5 7 2 3 2 2   222.0  222.0
452 5924.232910 2.027E-94 1.269E-10.01540.01529355.77780.010.028642              3              0                    Q 31m     352220 4 4 2 3 2 2   378.0  378.0
452 5924.232910 8.964E-93 5.611E-09.01560.01629355.77780.010.027137              3              0                    Q 31q     352222 5 7 2 3 2 2   378.0  378.0
452 5926.517151 8.979E-57 1.021E-04.02530.02513919.28740.110.016846              6              4                    R  3      352222 6 6 2 3 2 2    54.0   42.0
452 5928.558350 9.940E-79 1.133E-07.01690.01723241.93870.030.029419              5              2                    P 22      352222 6 6 2 3 2 2   258.0  270.0
452 5929.942120 7.446E-87 1.654E-09.02030.02026154.1592-.060.030891              9              6                    Q 15m     352220 4 4 2 3 2 2   186.0  186.0
452 5929.942120 9.623E-85 2.138E-07.02160.02226154.1592-.050.031901              9              6                    Q 15q     352222 5 7 2 3 2 2   186.0  186.0
452 5935.541511 1.190E-78 1.236E-05.02420.02423953.1231-.060.026211             10              7                    P  8      352222 6 6 2 3 2 2    90.0  102.0
452 5936.389931 3.568E-89 2.083E-05.05390.05428819.36090.310.018847             14             10                    P  3      352222 6 6 2 3 2 2    30.0   42.0
452 5939.059191 3.784E-54 2.991E-07.01990.02011516.37280.010.016648              5              3                    Q  5q     382222 5 7 2 3 2 2    66.0   66.0
452 5939.059191 6.676E-57 5.277E-10.01830.01811516.3728-0000.017250              5              3                    Q  5m     382220 4 4 2 3 2 2    66.0   66.0
452 5939.811911 6.873E-41 8.870E-08.01590.016 4892.24910.030.012413              3              1                    O  5q     352222 5 7 2 3 2 2    42.0   66.0
452 5940.008231 1.128E-82 1.415E-08.01540.01524651.0081-.140.022773              7              5                    S 16q     352222 5 7 2 3 2 2   222.0  198.0
452 5944.678281 1.288E-94 1.107E-10.05480.05529019.33240.190.027058             14             10                    Q  4m     352220 4 4 2 3 2 2    54.0   54.0
452 5944.678281 2.476E-91 2.129E-07.06270.06329019.33240.220.025318             14             10                    Q  4q     352222 5 7 2 3 2 2    54.0   54.0
452 5945.632788 6.170E-79 1.491E-07.03300.03323073.69970.110.020514             10              7                    O  6q     352222 5 7 2 3 2 2    54.0   78.0
452 5948.082240 1.203E-86 1.154E-07.01880.01926994.7825-.030.030431              7              4                    Q 21q     352222 5 7 2 3 2 2   258.0  258.0
452 5948.082240 1.615E-88 1.549E-09.01800.01826994.7825-.030.030666              7              4                    Q 21m     352220 4 4 2 3 2 2   258.0  258.0
452 5950.414490 2.476E-63 1.572E-04.01570.01617306.85530.030.023496              6              4                    R 10      352222 6 6 2 3 2 2   138.0  126.0
452 5953.143491 1.656E-38 2.170E-06.00890.009 4626.2361-.070.017063              2              0                    P 10      452222 6 6 2 3 2 2   114.0  126.0
452 5953.320510 2.806E-93 1.930E-07.01060.01130327.0355-.080.021475              3              1                    S 30q     352222 5 7 2 3 2 2   390.0  366.0
452 5955.664739 1.227E-83 2.710E-07.02340.02325615.9806-.060.032775             10              7                    Q 11q     382222 5 7 2 3 2 2   138.0  138.0
452 5955.664739 5.328E-86 1.177E-09.02170.02225615.9806-.070.033213             10              7                    Q 11m     382220 4 4 2 3 2 2   138.0  138.0
452 5959.150270 2.961E-57 1.147E-04.02230.02214210.63520.030.018080              6              4                    R  4      352222 6 6 2 3 2 2    66.0   54.0
452 5960.121599 6.460E-80 3.894E-05.04120.04124560.87360.270.013554             11              8                    P  3      352222 6 6 2 3 2 2    30.0   42.0
452 5960.432590 1.648E-65 7.251E-07.02360.02417113.2672-.060.018217              7              5                    S  4q     352222 5 7 2 3 2 2    78.0   54.0
452 5961.423359 1.204E-77 9.177E-07.01660.01723102.4211-.050.028797              7              4                    P 17      352222 6 6 2 3 2 2   198.0  210.0
452 5963.113749 2.590E-88 1.376E-07.01320.01327862.6091-.060.024796              5              3                    S 24q     352222 5 7 2 3 2 2   318.0  294.0
452 5964.234491 3.700E-91 8.416E-08.02580.02628998.8592-.090.032492             11              8                    S 13q     352222 5 7 2 3 2 2   186.0  162.0
452 5970.527211 2.445E-85 1.630E-07.02760.02826413.84960.100.035597              8              5                    Q 18q     352222 5 7 2 3 2 2   222.0  222.0
452 5970.527211 2.525E-87 1.684E-09.02670.02726413.84960.100.036345              8              5                    Q 18m     352220 4 4 2 3 2 2   222.0  222.0
452 5970.530039 2.312E-50 1.115E-04.02220.02210445.50280.020.008184              5              3                    P  1      352222 6 6 2 3 2 2     6.0   18.0
452 5974.267732 2.757E-94 2.027E-06.05640.05630427.87130.310.026478             17             11                    P  1      352222 6 6 2 3 2 2     6.0   18.0
452 5975.270158 2.249E-56 3.495E-10.02090.02111137.99720.050.015573              5              3                    Q  4m     382220 4 4 2 3 2 2    54.0   54.0
452 5975.270158 1.966E-53 3.055E-07.02300.02311137.99720.060.014839              5              3                    Q  4q     382222 5 7 2 3 2 2    54.0   54.0
452 5975.577331 1.128E-89 3.661E-09.02940.02927605.8586-.010.036147             11              7                    O 14q     352222 5 7 2 3 2 2   150.0  174.0
452 5976.513889 6.395E-93 1.237E-06.04530.04530324.37010.050.046392             14              9                    P 12      352222 6 6 2 3 2 2   138.0  150.0
452 5976.723510 5.476E-62 1.547E-04.01580.01616645.95460.020.023592              6              4                    R  9      352222 6 6 2 3 2 2   126.0  114.0
452 5977.524391 2.314E-46 3.227E-07.02010.020 7573.55240.090.006299              4              2                    O  3q     352222 5 7 2 3 2 2    18.0   42.0
452 5978.275171 1.083E-78 4.030E-08.01540.01523026.63650.010.028249              4              1                    P 24      352222 6 6 2 3 2 2   282.0  294.0
452 5980.797559 2.608E-92 1.447E-07.03590.03629641.20340.010.041355             12              8                    Q 14q     352222 5 7 2 3 2 2   174.0  174.0
452 5980.797559 1.351E-94 7.496E-10.03380.03429641.20340.000.041935             12              8                    Q 14m     352220 4 4 2 3 2 2   174.0  174.0
452 5981.388181 8.125E-93 2.292E-07.04410.04429888.6645-.010.038172             14             10                    S  7q     352222 5 7 2 3 2 2   114.0   90.0
452 5981.408562 1.209E-90 1.290E-09.03100.03127793.8536-.020.036708             12              8                    O 11q     352222 5 7 2 3 2 2   114.0  138.0
452 5981.884781 3.903E-94 4.932E-10.03630.03629270.3194-.010.041786             13              9                    Q 10m     352220 4 4 2 3 2 2   126.0  126.0
452 5981.884781 1.396E-91 1.765E-07.03880.03929270.3194-.010.041029             13              9                    Q 10q     352222 5 7 2 3 2 2   126.0  126.0
452 5982.319012 6.622E-58 1.261E-04.01980.02014570.88510.010.019379              6              4                    R  5      352222 6 6 2 3 2 2    78.0   66.0
452 5983.241099 1.733E-90 1.937E-07.01170.01228983.7413-.070.023665              4              2                    S 27q     352222 5 7 2 3 2 2   354.0  330.0
452 5986.575149 9.544E-86 3.285E-10.03570.03625079.69380.070.025148             11              8                    Q  5m     382220 4 4 2 3 2 2    66.0   66.0
452 5986.575149 9.778E-83 3.365E-07.04070.04125079.69380.100.023943             11              8                    Q  5q     382222 5 7 2 3 2 2    66.0   66.0
452 5990.522630 1.456E-93 2.943E-08.03060.03130022.58370.150.038284              7              3                    P 26      352222 6 6 2 3 2 2   306.0  318.0
452 5991.343792 9.213E-89 4.306E-08.01870.01927834.37910.030.030777              5              2                    Q 26q     352222 5 7 2 3 2 2   318.0  318.0
452 5991.343792 1.643E-90 7.681E-10.01840.01827834.37910.040.031035              5              2                    Q 26m     352220 4 4 2 3 2 2   318.0  318.0
452 5992.176871 3.425E-87 8.854E-05.02040.02028596.7553-.070.030318              9              6                    R 18      352222 6 6 2 3 2 2   234.0  222.0
452 5992.836061 6.459E-68 1.346E-04.01420.01419529.6714-.010.023788              5              3                    R 16      352222 6 6 2 3 2 2   210.0  198.0
452 5993.058631 9.177E-61 1.503E-04.01630.01616038.3853-.010.022679              6              4                    R  8      352222 6 6 2 3 2 2   114.0  102.0
452 5995.790701 1.030E-58 1.359E-04.01830.01814997.5508-.010.020573              6              4                    R  6      352222 6 6 2 3 2 2    90.0   78.0
452 5995.854949 1.488E-66 1.381E-09.01330.01316543.0836-.000.025800              3              0                    O 21q     352222 5 7 2 3 2 2   234.0  258.0
452 5996.027478 4.742E-91 6.757E-07.04920.04928667.70520.260.012257             14             10                    O  2q     352222 5 7 2 3 2 2     6.0   30.0
452 5996.040161 8.249E-82 1.070E-06.03900.03924385.02380.220.008131             11              8                    O  2q     352222 5 7 2 3 2 2     6.0   30.0
452 5997.042491 1.412E-75 1.797E-09.02290.02320723.23010.060.030519              8              5                    O 11q     352222 5 7 2 3 2 2   114.0  138.0
452 5997.239100 1.261E-53 1.949E-07.01210.01211309.6164-.040.020727              4              2                    Q 10q     382222 5 7 2 3 2 2   126.0  126.0
452 5997.239100 7.957E-56 1.230E-09.01170.01211309.6164-.060.019930              4              2                    Q 10m     382220 4 4 2 3 2 2   126.0  126.0
452 5998.987660 2.716E-90 5.283E-05.02440.02430014.11860.110.034234              7              4                    R 24      352222 6 6 2 3 2 2   306.0  294.0
452 5999.402590 1.141E-59 1.440E-04.01710.01715487.77470.010.020631              6              4                    R  7      352222 6 6 2 3 2 2   102.0   90.0
452 6001.845590 2.035E-56 1.246E-09.01050.01111658.8713-.040.020451              3              1                    Q 14m     382220 4 4 2 3 2 2   174.0  174.0
452 6001.845590 1.730E-54 1.059E-07.01080.01111658.8713-.040.020342              3              1                    Q 14q     382222 5 7 2 3 2 2   174.0  174.0
452 6003.737849 4.452E-71 9.219E-05.01280.01320991.0448-.020.022659              4              2                    R 20      352222 6 6 2 3 2 2   258.0  246.0
452 6004.407969 4.574E-56 2.086E-10.02400.02410832.06090.120.012998              5              3                    Q  3m     382220 4 4 2 3 2 2    42.0   42.0
452 6004.407969 6.922E-53 3.157E-07.02650.02710832.06090.140.012762              5              3                    Q  3q     382222 5 7 2 3 2 2    42.0   42.0
452 6006.702510 1.710E-94 1.703E-09.02400.02429820.7206-.080.032028             10              7                    S 17q     352222 5 7 2 3 2 2   234.0  210.0
452 6007.165701 1.962E-83 1.035E-04.02410.02426720.2725-.100.028500             11              8                    R  9      352222 6 6 2 3 2 2   126.0  114.0
452 6007.355419 2.282E-89 4.595E-05.04740.04729265.76420.070.031555             14             10                    R  5      352222 6 6 2 3 2 2    78.0   66.0
452 6007.373591 2.211E-88 1.300E-08.02660.02727321.36520.010.035187              9              5                    O 19q     352222 5 7 2 3 2 2   210.0  234.0
452 6011.876920 4.085E-79 8.934E-09.01410.01422931.67750.000.025930              3              0                    P 26      352222 6 6 2 3 2 2   306.0  318.0
452 6013.049821 2.385E-77 6.169E-06.01870.01923257.2697-.080.030030              9              6                    P 11      352222 6 6 2 3 2 2   126.0  138.0
452 6014.348460 8.544E-41 1.042E-05.01210.012 5950.2830-.080.017107              3              1                    P  7      352222 6 6 2 3 2 2    78.0   90.0
452 6016.359881 4.935E-77 2.614E-06.02430.02422982.49950.080.034318              8              5                    P 14      352222 6 6 2 3 2 2   162.0  174.0
452 6017.642002 2.251E-80 4.967E-08.01540.01523803.0787-.140.022773              7              5                    S 15q     352222 5 7 2 3 2 2   210.0  186.0
452 6019.304638 2.978E-85 2.226E-08.01750.01826000.54310.020.025431              6              4                    S 20q     352222 5 7 2 3 2 2   270.0  246.0
452 6023.007800 6.465E-94 3.194E-08.05510.05529888.66450.130.035791             15             10                    O  7q     352222 5 7 2 3 2 2    66.0   90.0
452 6024.303550 2.528E-94 5.016E-07.06450.06430381.06390.320.031537             17             11                    R  0      352222 6 6 2 3 2 2    18.0    6.0
452 6025.075020 1.072E-44 3.092E-05.01890.019 7894.21240.070.013005              4              2                    P  4      352222 6 6 2 3 2 2    42.0   54.0
452 6026.361650 4.973E-56 1.039E-10.02690.02710600.68410.190.010821              5              3                    Q  2m     382220 4 4 2 3 2 2    30.0   30.0
452 6026.361650 1.627E-52 3.399E-07.02950.03010600.68410.210.010258              5              3                    Q  2q     382222 5 7 2 3 2 2    30.0   30.0
452 6026.747521 5.186E-91 2.229E-07.06750.06828819.36090.310.021968             14             10                    Q  3q     352222 5 7 2 3 2 2    42.0   42.0
452 6026.747521 1.484E-94 6.377E-11.05900.05928819.36090.280.024759             14             10                    Q  3m     352220 4 4 2 3 2 2    42.0   42.0
452 6026.885089 6.131E-89 2.942E-05.05020.05028667.70520.330.015567             14             10                    P  2      352222 6 6 2 3 2 2    18.0   30.0
452 6032.549641 1.968E-58 4.976E-07.03190.03213551.07670.200.018351              6              4                    S  1q     352222 5 7 2 3 2 2    42.0   18.0
452 6032.696830 1.959E-88 7.232E-05.02820.02829170.49690.110.037407              8              5                    R 21      352222 6 6 2 3 2 2   270.0  258.0
452 6032.862481 3.521E-66 7.256E-07.02060.02117455.4318-.100.019832              7              5                    S  5q     352222 5 7 2 3 2 2    90.0   66.0
452 6034.122540 2.914E-67 3.922E-09.01450.01417068.2987-.000.026687              4              1                    O 19q     352222 5 7 2 3 2 2   210.0  234.0
452 6034.744230 5.856E-55 3.863E-08.00990.01011710.7207-.040.019593              2              0                    Q 17q     382222 5 7 2 3 2 2   210.0  210.0
452 6034.744230 9.655E-57 6.369E-10.00970.01011710.7207-.040.019667              2              0                    Q 17m     382220 4 4 2 3 2 2   210.0  210.0
452 6038.916079 8.816E-95 9.475E-09.03940.03930297.04390.080.039909             11              6                    O 20q     352222 5 7 2 3 2 2   222.0  246.0
452 6039.017509 3.921E-85 1.048E-04.02160.02227605.8586-.090.030538             10              7                    R 14      352222 6 6 2 3 2 2   186.0  174.0
452 6041.045809 2.099E-56 3.454E-11.02820.02810445.50280.170.009364              5              3                    Q  1m     382220 4 4 2 3 2 2    18.0   18.0
452 6041.045809 2.900E-52 4.773E-07.02590.02610445.50280.170.010008              5              3                    Q  1q     382222 5 7 2 3 2 2    18.0   18.0
452 6041.671589 5.032E-91 2.045E-07.02760.02829170.49690.020.037186              9              5                    P 21      352222 6 6 2 3 2 2   246.0  258.0
452 6042.847519 1.228E-79 5.394E-05.03950.04024385.02380.280.011303             11              8                    P  2      352222 6 6 2 3 2 2    18.0   30.0
452 6044.600011 2.741E-73 1.083E-09.01600.01619571.3807-.070.026900              7              4                    O 13q     352222 5 7 2 3 2 2   138.0  162.0
452 6048.785290 3.235E-82 3.449E-07.04750.04724793.05910.190.019993             11              8                    Q  4q     382222 5 7 2 3 2 2    54.0   54.0
452 6048.785290 2.005E-85 2.138E-10.04180.04224793.05910.160.022490             11              8                    Q  4m     382220 4 4 2 3 2 2    54.0   54.0
452 6050.203301 9.115E-94 8.874E-08.03210.03230297.04390.020.039506             10              6                    Q 20q     352222 5 7 2 3 2 2   246.0  246.0
452 6050.203301 8.369E-96 8.147E-10.03080.03130297.04390.020.039914             10              6                    Q 20m     352220 4 4 2 3 2 2   246.0  246.0
452 6050.592921 5.266E-73 5.256E-05.01170.01221812.0164-.030.020626              3              1                    R 23      352222 6 6 2 3 2 2   294.0  282.0
452 6052.064012 9.380E-76 1.928E-05.01090.01122931.6775-.030.020855              2              0                    R 26      352222 6 6 2 3 2 2   330.0  318.0
452 6057.614051 1.416E-68 5.829E-09.01590.01617745.46480.010.027699              5              2                    O 17q     352222 5 7 2 3 2 2   186.0  210.0
452 6057.816931 1.071E-76 4.860E-07.01850.01922538.93850.060.029039              6              3                    P 19      352222 6 6 2 3 2 2   222.0  234.0
452 6062.251039 6.184E-35 2.241E-08.01260.013 1831.9614-.040.013234              2              0                    O  6q     452222 5 7 2 3 2 2    54.0   78.0
452 6062.694009 1.780E-70 4.843E-09.01750.01818578.91470.050.028301              6              3                    O 15q     352222 5 7 2 3 2 2   162.0  186.0
452 6064.620071 4.159E-91 5.251E-05.03390.03430304.9278-.010.038187             12              8                    R 15      352222 6 6 2 3 2 2   198.0  186.0
452 6066.027432 4.347E-90 5.730E-05.03570.03629782.8379-.020.038489             13              9                    R 11      352222 6 6 2 3 2 2   150.0  138.0
452 6066.411661 1.486E-89 5.820E-08.04240.04227943.12720.080.030360             13              9                    O  7q     352222 5 7 2 3 2 2    66.0   90.0
452 6066.575211 3.948E-52 1.983E-07.01250.01310579.3795-.050.020195              4              2                    Q  9q     382222 5 7 2 3 2 2   114.0  114.0
452 6066.575211 1.984E-54 9.966E-10.01210.01210579.3795-.050.020402              4              2                    Q  9m     382220 4 4 2 3 2 2   114.0  114.0
452 6068.114399 1.332E-77 1.742E-05.02660.02723488.2942-.010.026256             10              7                    P  7      352222 6 6 2 3 2 2    78.0   90.0
452 6069.894230 1.034E-92 1.172E-07.03390.03429820.72060.020.040383             11              7                    Q 17q     352222 5 7 2 3 2 2   210.0  210.0
452 6069.894230 7.125E-95 8.075E-10.03220.03229820.72060.000.040872             11              7                    Q 17m     352220 4 4 2 3 2 2   210.0  210.0
452 6072.093571 6.284E-66 1.403E-04.01420.01418578.9147-.010.023788              5              3                    R 15      352222 6 6 2 3 2 2   198.0  186.0
452 6081.344952 2.352E-78 1.041E-07.01540.01522982.4995-.140.022773              7              5                    S 14q     352222 5 7 2 3 2 2   198.0  174.0
452 6083.644149 9.592E-37 2.987E-06.00940.009 3825.0127-.070.017678              2              0                    P  9      452222 6 6 2 3 2 2   102.0  114.0
452 6084.190170 1.990E-82 2.778E-07.02430.02425020.4493-.060.031791             10              7                    Q 10q     382222 5 7 2 3 2 2   126.0  126.0
452 6084.190170 6.708E-85 9.365E-10.02230.02225020.4493-.080.030814             10              7                    Q 10m     382220 4 4 2 3 2 2   126.0  126.0
452 6086.451221 4.922E-94 1.588E-08.02770.02830127.87140.120.037175              6              2                    P 28      352222 6 6 2 3 2 2   330.0  342.0
452 6087.214789 2.018E-95 3.525E-10.04440.04429782.83790.040.041369             14              9                    O 11q     352222 5 7 2 3 2 2   114.0  138.0
452 6087.929510 6.093E-89 4.495E-05.05130.05129019.33240.150.030330             14             10                    R  4      352222 6 6 2 3 2 2    66.0   54.0
452 6088.045671 8.239E-91 2.420E-07.07190.07228667.70520.390.020095             14             10                    Q  2q     352222 5 7 2 3 2 2    30.0   30.0
452 6088.045671 1.054E-94 3.098E-11.06180.06228667.70520.350.020414             14             10                    Q  2m     352220 4 4 2 3 2 2    30.0   30.0
452 6091.283450 5.746E-91 3.715E-10.01670.01727909.29320.030.029757              4              1                    Q 28m     352220 4 4 2 3 2 2   342.0  342.0
452 6091.283451 3.070E-89 1.985E-08.01700.01727909.29320.030.029576              4              1                    Q 28q     352222 5 7 2 3 2 2   342.0  342.0
452 6091.864159 1.784E-82 1.045E-04.02550.02626241.8354-.080.029244             11              8                    R  8      352222 6 6 2 3 2 2   114.0  102.0
452 6092.582819 5.285E-67 7.022E-07.01800.01817860.5404-.180.020238              7              5                    S  6q     352222 5 7 2 3 2 2   102.0   78.0
452 6094.046629 1.817E-52 1.083E-07.01080.01110684.9868-.040.020342              3              1                    Q 13q     382222 5 7 2 3 2 2   162.0  162.0
452 6094.046629 1.794E-54 1.069E-09.01050.01110684.9868-.040.020451              3              1                    Q 13m     382220 4 4 2 3 2 2   162.0  162.0
452 6094.889959 5.382E-76 4.236E-08.02590.02621487.1771-.030.025825              9              6                    O  8q     352222 5 7 2 3 2 2    78.0  102.0
452 6095.001499 3.983E-88 8.225E-06.03770.03828346.99840.030.035991             13              9                    P  8      352222 6 6 2 3 2 2    90.0  102.0
452 6095.248660 2.308E-85 1.369E-09.02030.02025383.7662-.060.030891              9              6                    Q 14m     382220 4 4 2 3 2 2   174.0  174.0
452 6095.248660 3.714E-83 2.204E-07.02160.02225383.7662-.050.031901              9              6                    Q 14q     382222 5 7 2 3 2 2   174.0  174.0
452 6097.299469 3.317E-88 1.092E-09.02020.02026782.82670.070.031887              6              3                    Q 23m     352220 4 4 2 3 2 2   282.0  282.0
452 6097.299469 2.328E-86 7.661E-08.02070.02126782.82670.070.031535              6              3                    Q 23q     352222 5 7 2 3 2 2   282.0  282.0
452 6097.940619 6.025E-89 5.411E-05.04500.04528565.79200.260.017889             14             10                    P  1      352222 6 6 2 3 2 2     6.0   18.0
452 6098.373699 1.029E-87 1.144E-08.03270.03326994.78250.150.038800              8              4                    O 21q     352222 5 7 2 3 2 2   234.0  258.0
452 6098.590299 7.925E-82 3.572E-07.05220.05224560.87360.260.018173             11              8                    Q  3q     382222 5 7 2 3 2 2    42.0   42.0
452 6098.590299 2.794E-85 1.259E-10.04570.04624560.87360.240.018497             11              8                    Q  3m     382220 4 4 2 3 2 2    42.0   42.0
452 6098.705102 1.975E-88 3.154E-06.03150.03228381.7967-.010.039407             12              8                    P 12      352222 6 6 2 3 2 2   138.0  150.0
452 6102.393560 4.351E-92 2.839E-07.04650.04729556.40850.020.037147             14             10                    S  6q     352222 5 7 2 3 2 2   102.0   78.0
452 6107.059051 3.688E-78 2.087E-07.03580.03622712.30200.170.016625             10              7                    O  5q     352222 5 7 2 3 2 2    42.0   66.0
452 6112.299480 9.301E-69 9.838E-05.01280.01319888.2438-.020.022659              4              2                    R 19      352222 6 6 2 3 2 2   246.0  234.0
452 6113.722180 1.221E-89 1.553E-07.02580.02628381.7967-.090.032492             11              8                    S 12q     352222 5 7 2 3 2 2   174.0  150.0
452 6114.099792 1.294E-79 9.831E-05.03620.03624266.96420.190.013164             11              8                    P  1      352222 6 6 2 3 2 2     6.0   18.0
452 6118.918308 4.486E-50 5.186E-05.02510.02510367.63030.100.011760              5              3                    R  0      352222 6 6 2 3 2 2    18.0    6.0
452 6122.672519 2.587E-86 7.909E-08.01320.01326782.8267-.060.024796              5              3                    S 23q     352222 5 7 2 3 2 2   306.0  282.0
452 6123.656079 4.800E-40 1.225E-07.01760.018 4477.02820.090.009729              3              1                    O  4q     352222 5 7 2 3 2 2    30.0   54.0
452 6125.351679 4.616E-44 4.056E-05.02070.021 7573.55240.120.010512              4              2                    P  3      352222 6 6 2 3 2 2    30.0   42.0
452 6128.798220 3.352E-95 1.014E-11.06180.06228565.79200.380.018292             14             10                    Q  1m     352220 4 4 2 3 2 2    18.0   18.0
452 6128.798220 1.130E-90 3.417E-07.05390.05428565.79200.350.020407             14             10                    Q  1q     352222 5 7 2 3 2 2    18.0   18.0
452 6129.728560 3.594E-53 7.906E-10.01270.013 9908.6568-.050.019780              4              2                    Q  8m     382220 4 4 2 3 2 2   102.0  102.0
452 6129.728560 9.158E-51 2.014E-07.01320.013 9908.6568-.050.019535              4              2                    Q  8q     382222 5 7 2 3 2 2   102.0  102.0
452 6131.174721 1.685E-76 1.741E-07.01540.01522193.0950-.140.022773              7              5                    S 13q     352222 5 7 2 3 2 2   186.0  162.0
452 6131.368788 4.235E-76 2.209E-07.01690.01722110.06960.030.029419              5              2                    P 21      352222 6 6 2 3 2 2   246.0  258.0
452 6131.999281 1.441E-39 1.379E-05.01330.013 5384.3736-.060.016361              3              1                    P  6      352222 6 6 2 3 2 2    66.0   78.0
452 6135.971369 2.286E-85 6.212E-11.04890.04924385.02380.310.016692             11              8                    Q  2m     382220 4 4 2 3 2 2    30.0   30.0
452 6135.971369 1.417E-81 3.851E-07.05440.05424385.02380.360.015094             11              8                    Q  2q     382222 5 7 2 3 2 2    30.0   30.0
452 6139.168311 5.675E-68 6.574E-07.01650.01618325.8089-.200.020863              7              5                    S  7q     352222 5 7 2 3 2 2   114.0   90.0
452 6139.462551 3.364E-84 2.309E-09.01750.01825018.06080.020.025431              6              4                    S 19q     352222 5 7 2 3 2 2   258.0  234.0
452 6141.793200 1.973E-54 5.618E-10.00970.01010571.0830-.040.019667              2              0                    Q 16m     382220 4 4 2 3 2 2   198.0  198.0
452 6141.793200 1.391E-52 3.961E-08.00990.01010571.0830-.040.019593              2              0                    Q 16q     382222 5 7 2 3 2 2   198.0  198.0
452 6142.362100 5.178E-64 1.452E-04.01420.01417660.7168-.010.023788              5              3                    R 14      352222 6 6 2 3 2 2   186.0  174.0
452 6143.890051 1.199E-91 5.216E-06.05290.05329888.66450.110.039785             15             10                    P  7      352222 6 6 2 3 2 2    78.0   90.0
452 6144.649710 1.224E-88 4.253E-05.05480.05528819.36090.220.031381             14             10                    R  3      352222 6 6 2 3 2 2    54.0   42.0
452 6145.811640 4.783E-46 6.510E-07.02010.020 7331.0772-.000.005500              4              2                    O  2q     352222 5 7 2 3 2 2     6.0   30.0
452 6146.399700 2.106E-89 6.381E-07.02870.02928596.75530.010.036071             10              6                    P 18      352222 6 6 2 3 2 2   210.0  222.0
452 6146.900540 1.405E-58 5.887E-07.02970.03013698.90400.150.018579              6              4                    S  2q     352222 5 7 2 3 2 2    54.0   30.0
452 6147.773541 1.631E-75 1.562E-06.01660.01722176.4962-.050.028797              7              4                    P 16      352222 6 6 2 3 2 2   186.0  198.0
452 6155.221290 8.816E-88 1.075E-08.02790.02826948.97740.000.033841             10              6                    O 16q     352222 5 7 2 3 2 2   174.0  198.0
452 6155.583901 1.387E-84 1.190E-07.01880.01926000.5431-.030.030431              7              4                    Q 20q     382222 5 7 2 3 2 2   246.0  246.0
452 6155.583901 1.546E-86 1.326E-09.01800.01826000.5431-.030.030666              7              4                    Q 20m     382220 4 4 2 3 2 2   246.0  246.0
452 6157.711319 6.693E-91 1.455E-07.01060.01129122.2994-.080.021475              3              1                    S 29q     352222 5 7 2 3 2 2   378.0  354.0
452 6158.087199 1.446E-85 1.424E-09.02670.02725522.50730.100.036345              8              5                    Q 17m     382220 4 4 2 3 2 2   210.0  210.0
452 6158.087199 1.706E-83 1.680E-07.02760.02825522.50730.100.035597              8              5                    Q 17q     382222 5 7 2 3 2 2   210.0  210.0
452 6160.037969 2.139E-87 7.853E-09.02880.02926782.82670.150.036506              7              3                    O 23q     352222 5 7 2 3 2 2   258.0  282.0
452 6160.450301 1.284E-81 1.038E-04.02750.02725806.8543-.060.028433             11              8                    R  7      352222 6 6 2 3 2 2   102.0   90.0
452 6160.907150 2.105E-81 5.413E-07.04300.04324266.96420.290.014988             11              8                    Q  1q     382222 5 7 2 3 2 2    18.0   18.0
452 6160.907150 7.980E-86 2.053E-11.04880.04924266.96420.330.014030             11              8                    Q  1m     382220 4 4 2 3 2 2    18.0   18.0
452 6166.197560 2.896E-88 1.333E-07.01170.01227834.3791-.070.023665              4              2                    S 26q     352222 5 7 2 3 2 2   342.0  318.0
452 6167.140179 8.945E-75 2.553E-07.01540.01521438.7185-.140.022773              7              5                    S 12q     352222 5 7 2 3 2 2   174.0  150.0
452 6167.843148 6.633E-76 9.127E-06.01960.02022622.6780-.080.029382              9              6                    P 10      352222 6 6 2 3 2 2   114.0  126.0
452 6171.249371 1.595E-88 1.564E-06.03010.03028324.2696-.000.038586             11              7                    P 15      352222 6 6 2 3 2 2   174.0  186.0
452 6172.302700 4.431E-69 5.947E-07.01550.01618848.1467-.190.021707              7              5                    S  8q     352222 5 7 2 3 2 2   126.0  102.0
452 6174.079539 7.734E-92 1.120E-10.01540.01528083.64850.010.028642              3              0                    Q 30m     352220 4 4 2 3 2 2   366.0  366.0
452 6174.079539 3.929E-90 5.692E-09.01560.01628083.64850.010.027137              3              0                    Q 30q     352222 5 7 2 3 2 2   366.0  366.0
452 6175.356379 2.574E-93 3.720E-10.03730.03728790.5210-0000.040363             13              9                    Q  9m     352220 4 4 2 3 2 2   114.0  114.0
452 6175.356379 1.274E-90 1.842E-07.04050.04028790.52100.010.039510             13              9                    Q  9q     352222 5 7 2 3 2 2   114.0  114.0
452 6177.165641 1.843E-70 5.677E-05.01170.01220605.6613-.030.020626              3              1                    R 22      352222 6 6 2 3 2 2   282.0  270.0
452 6178.403271 1.789E-88 3.866E-05.05700.05728667.70520.300.027840             14             10                    R  2      352222 6 6 2 3 2 2    42.0   30.0
452 6179.999768 1.028E-88 2.465E-05.04950.04928514.59050.270.023923             14             10                    R  0      352222 6 6 2 3 2 2    18.0    6.0
452 6181.054331 1.250E-52 9.089E-10.01050.011 9756.8184-.040.020451              3              1                    Q 12m     382220 4 4 2 3 2 2   150.0  150.0
452 6181.054331 1.518E-50 1.104E-07.01080.011 9756.8184-.040.020342              3              1                    Q 12q     382222 5 7 2 3 2 2   150.0  150.0
452 6181.468391 6.793E-94 9.015E-09.04090.04129820.72060.070.042385             12              7                    O 17q     352222 5 7 2 3 2 2   186.0  210.0
452 6181.542969 6.925E-50 7.158E-05.02710.02710445.50280.200.014774              5              3                    R  1      352222 6 6 2 3 2 2    30.0   18.0
452 6185.342711 6.967E-76 7.913E-08.01540.01521812.01640.010.028249              4              1                    P 23      352222 6 6 2 3 2 2   270.0  282.0
452 6186.484861 4.603E-52 6.104E-10.01360.014 9301.2899-.070.019042              4              2                    Q  7m     382220 4 4 2 3 2 2    90.0   90.0
452 6186.484861 1.541E-49 2.044E-07.01420.014 9301.2899-.060.018746              4              2                    Q  7q     382222 5 7 2 3 2 2    90.0   90.0
452 6188.701909 3.144E-75 4.101E-06.02430.02422193.09500.080.034318              8              5                    P 13      352222 6 6 2 3 2 2   150.0  162.0
452 6189.229000 3.599E-73 3.432E-07.01540.01520723.2301-.140.022773              7              5                    S 11q     352222 5 7 2 3 2 2   162.0  138.0
452 6189.958811 1.789E-88 3.312E-05.05510.05528565.79200.330.025981             14             10                    R  1      352222 6 6 2 3 2 2    30.0   18.0
452 6191.367800 8.792E-74 5.063E-09.02370.02420050.46770.070.031077              8              5                    O 10q     352222 5 7 2 3 2 2   102.0  126.0
452 6191.738930 1.957E-90 3.918E-05.02160.02230022.58370.080.032979              6              3                    R 26      352222 6 6 2 3 2 2   330.0  318.0
452 6191.739740 1.092E-83 1.127E-04.02160.02226912.4590-.090.030538             10              7                    R 13      352222 6 6 2 3 2 2   174.0  162.0
452 6191.768440 2.555E-70 5.181E-07.01540.01519424.2123-.140.022773              7              5                    S  9q     352222 5 7 2 3 2 2   138.0  114.0
452 6192.064602 1.109E-76 2.378E-05.02920.02923073.69970.030.024482             10              7                    P  6      352222 6 6 2 3 2 2    66.0   78.0
452 6192.510600 1.748E-91 3.241E-07.04970.05029265.76420.070.033936             14             10                    S  5q     352222 5 7 2 3 2 2    90.0   66.0
452 6194.184051 5.002E-73 2.098E-05.01090.01121640.1952-.030.020855              2              0                    R 25      352222 6 6 2 3 2 2   318.0  306.0
452 6194.883478 1.931E-85 9.836E-05.02040.02027764.4312-.070.030318              9              6                    R 17      352222 6 6 2 3 2 2   222.0  210.0
452 6197.432458 1.103E-71 4.325E-07.01540.01520050.4677-.140.022773              7              5                    S 10q     352222 5 7 2 3 2 2   150.0  126.0
452 6197.519759 2.026E-87 4.232E-09.02620.02626682.60640.120.034078              6              2                    O 25q     352222 5 7 2 3 2 2   282.0  306.0
452 6198.282140 8.054E-91 1.404E-07.03480.03529004.91150.150.040852              8              4                    P 23      352222 6 6 2 3 2 2   270.0  282.0
452 6201.108642 2.632E-81 2.836E-07.02540.02524464.9771-.070.030709             10              7                    Q  9q     382222 5 7 2 3 2 2   114.0  114.0
452 6201.108642 6.850E-84 7.380E-10.02340.02324464.9771-.070.031259             10              7                    Q  9m     382220 4 4 2 3 2 2   114.0  114.0
452 6203.466239 3.540E-62 1.490E-04.01420.01416779.0334-.010.023788              5              3                    R 13      352222 6 6 2 3 2 2   174.0  162.0
452 6207.661869 5.465E-94 3.790E-09.04260.04329641.20340.050.042950             13              8                    O 14q     352222 5 7 2 3 2 2   150.0  174.0
452 6211.756411 3.903E-35 4.023E-06.01010.010 3089.5336-.070.017271              2              0                    P  8      452222 6 6 2 3 2 2    90.0  102.0
452 6211.888739 5.723E-64 1.439E-09.01330.01315301.5359-.000.025800              3              0                    O 20q     352222 5 7 2 3 2 2   222.0  246.0
452 6212.888211 1.758E-66 1.045E-04.01280.01318805.1728-.020.022659              4              2                    R 18      352222 6 6 2 3 2 2   234.0  222.0
452 6213.303091 7.178E-81 1.013E-04.02990.03025418.5001-.020.027599             11              8                    R  6      352222 6 6 2 3 2 2    90.0   78.0
452 6214.414690 4.017E-89 3.483E-09.03270.03327238.7909-.020.034398             12              8                    O 10q     352222 5 7 2 3 2 2   102.0  126.0
452 6214.926081 8.319E-88 1.674E-09.02420.02426690.57320.080.034775              5              1                    O 27q     352222 5 7 2 3 2 2   306.0  330.0
452 6215.596521 1.185E-88 3.817E-10.02260.02326802.79050.080.033683              4              0                    O 29q     352222 5 7 2 3 2 2   330.0  354.0
452 6219.999530 1.188E-43 5.523E-05.02130.021 7331.07720.130.008669              4              2                    P  2      352222 6 6 2 3 2 2    18.0   30.0
452 6220.187330 2.294E-79 4.509E-05.04060.04124207.68400.220.019051             11              8                    R  0      352222 6 6 2 3 2 2    18.0    6.0
452 6222.414091 3.844E-76 1.760E-08.01410.01421640.19520.000.025930              3              0                    P 25      352222 6 6 2 3 2 2   294.0  306.0
452 6222.892799 2.273E-86 4.411E-08.01870.01926682.60640.030.030777              5              2                    Q 25q     352222 5 7 2 3 2 2   306.0  306.0
452 6222.892799 3.467E-88 6.728E-10.01840.01826682.60640.040.031035              5              2                    Q 25m     352220 4 4 2 3 2 2   306.0  306.0
452 6226.290209 8.480E-92 2.415E-08.02400.02429063.8443-.080.032028             10              7                    S 16q     352222 5 7 2 3 2 2   222.0  198.0
452 6232.249322 2.092E-88 2.760E-09.02940.02926912.4590-.010.036147             11              7                    O 13q     352222 5 7 2 3 2 2   138.0  162.0
452 6235.784771 5.429E-50 8.674E-05.02570.02610600.68410.150.015866              5              3                    R  2      352222 6 6 2 3 2 2    42.0   30.0
452 6236.641100 1.843E-48 2.073E-07.01550.016 8760.9098-.040.017830              4              2                    Q  6q     382222 5 7 2 3 2 2    78.0   78.0
452 6236.641100 4.045E-51 4.549E-10.01460.015 8760.9098-.050.018188              4              2                    Q  6m     382220 4 4 2 3 2 2    78.0   78.0
452 6238.493531 2.066E-93 5.902E-10.03380.03428998.85920.000.041935             12              8                    Q 13m     352220 4 4 2 3 2 2   162.0  162.0
452 6238.493531 5.338E-91 1.525E-07.03590.03628998.85920.010.041355             12              8                    Q 13q     352222 5 7 2 3 2 2   162.0  162.0
452 6239.413101 2.920E-88 2.386E-07.02580.02627793.8536-.090.032492             11              8                    S 11q     352222 5 7 2 3 2 2   162.0  138.0
452 6241.160360 1.387E-90 2.035E-07.06000.06028514.59050.310.029451             14             10                    S  0q     352222 5 7 2 3 2 2    30.0    6.0
452 6242.250581 2.132E-94 8.686E-09.03800.03830104.99660.090.041418             10              5                    O 22q     352222 5 7 2 3 2 2   246.0  270.0
452 6244.472231 2.772E-50 4.051E-08.00990.010 9466.8059-.040.019593              2              0                    Q 15q     382222 5 7 2 3 2 2   186.0  186.0
452 6244.472231 3.370E-52 4.925E-10.00970.010 9466.8059-.040.019667              2              0                    Q 15m     382220 4 4 2 3 2 2   186.0  186.0
452 6245.748170 1.621E-38 1.799E-05.01490.015 4892.2491-.000.013896              3              1                    P  5      352222 6 6 2 3 2 2    54.0   66.0
452 6246.215290 4.001E-82 2.707E-09.01750.01824050.82880.020.025431              6              4                    S 18q     352222 5 7 2 3 2 2   246.0  222.0
452 6246.985880 2.797E-72 2.675E-10.01600.01618773.4636-.070.026900              7              4                    O 12q     352222 5 7 2 3 2 2   126.0  150.0
452 6248.504881 3.618E-93 4.677E-08.05730.05729556.40850.190.031278             15             10                    O  6q     352222 5 7 2 3 2 2    54.0   78.0
452 6248.673531 6.573E-65 3.937E-09.01450.01415927.8227-.000.026687              4              1                    O 18q     352222 5 7 2 3 2 2   198.0  222.0
452 6249.471860 1.242E-81 2.257E-07.02160.02224641.6085-.050.031901              9              6                    Q 13q     382222 5 7 2 3 2 2   162.0  162.0
452 6249.471860 6.248E-84 1.135E-09.02030.02024641.6085-.060.030891              9              6                    Q 13m     382220 4 4 2 3 2 2   162.0  162.0
452 6250.498110 6.288E-59 6.505E-07.02620.02613919.28740.080.018915              6              4                    S  3q     352222 5 7 2 3 2 2    66.0   42.0
452 6250.773930 3.053E-80 9.693E-05.03270.03325079.69380.020.026742             11              8                    R  5      352222 6 6 2 3 2 2    78.0   66.0
452 6251.006832 2.375E-74 8.298E-07.01850.01921513.42450.060.029039              6              3                    P 18      352222 6 6 2 3 2 2   210.0  222.0
452 6253.666031 9.677E-89 8.513E-08.04520.04527582.06690.140.026345             13              9                    O  6q     352222 5 7 2 3 2 2    54.0   78.0
452 6253.787228 5.249E-91 3.458E-07.05340.05329019.33240.130.033179             14             10                    S  4q     352222 5 7 2 3 2 2    78.0   54.0
452 6254.031010 3.864E-79 6.145E-05.04310.04324266.96420.280.022379             11              8                    R  1      352222 6 6 2 3 2 2    30.0   18.0
452 6255.222501 1.967E-60 1.515E-04.01420.01415937.8726-.010.023788              5              3                    R 12      352222 6 6 2 3 2 2   162.0  150.0
452 6256.240639 7.696E-34 3.130E-08.01430.014 1317.31180.010.012721              2              0                    O  5q     452222 5 7 2 3 2 2    42.0   66.0
452 6259.415469 3.960E-52 2.875E-07.02890.02910367.63030.160.016083              5              3                    S  0q     352222 5 7 2 3 2 2    30.0    6.0
452 6260.939500 1.558E-77 2.939E-07.03770.03822406.76580.230.011947             10              7                    O  4q     352222 5 7 2 3 2 2    30.0   54.0
452 6262.352481 3.682E-88 6.015E-05.02440.02429004.91150.110.034234              7              4                    R 23      352222 6 6 2 3 2 2   294.0  282.0
452 6262.623431 6.721E-51 7.635E-10.01050.011 8878.6439-.040.020451              3              1                    Q 11m     382220 4 4 2 3 2 2   138.0  138.0
452 6262.623431 9.890E-49 1.123E-07.01080.011 8878.6439-.040.020342              3              1                    Q 11q     382222 5 7 2 3 2 2   138.0  138.0
452 6266.125601 1.789E-86 8.156E-05.02820.02828241.43830.110.037407              8              5                    R 20      352222 6 6 2 3 2 2   258.0  246.0
452 6268.784800 2.034E-84 3.641E-08.01320.01325707.3320-.060.024796              5              3                    S 22q     352222 5 7 2 3 2 2   294.0  270.0
452 6269.474201 3.423E-87 1.212E-05.04000.04027943.12720.060.033866             13              9                    P  7      352222 6 6 2 3 2 2    78.0   90.0
452 6269.623461 1.751E-66 5.456E-09.01590.01616712.87620.010.027699              5              2                    O 16q     352222 5 7 2 3 2 2   174.0  198.0
452 6270.789281 1.052E-68 3.812E-09.01750.01817660.71680.050.028301              6              3                    O 14q     352222 5 7 2 3 2 2   150.0  174.0
452 6273.209908 9.675E-80 9.078E-05.03610.03624793.05910.070.025851             11              8                    R  4      352222 6 6 2 3 2 2    66.0   54.0
452 6273.378021 7.358E-75 6.575E-08.02820.02820993.34130.030.023670              9              6                    O  7q     352222 5 7 2 3 2 2    66.0   90.0
452 6274.440079 3.609E-79 7.326E-05.04340.04324385.02380.240.024047             11              8                    R  2      352222 6 6 2 3 2 2    42.0   30.0
452 6274.618299 2.623E-96 1.031E-10.05460.05529888.66450.090.042870             15             10                    Q  7m     352220 4 4 2 3 2 2    90.0   90.0
452 6274.618299 2.433E-93 9.567E-08.05950.06029888.66450.100.039290             15             10                    Q  7q     352222 5 7 2 3 2 2    90.0   90.0
452 6278.110899 5.081E-89 6.457E-05.03570.03629270.3194-.020.038489             13              9                    R 10      352222 6 6 2 3 2 2   138.0  126.0
452 6280.009789 2.356E-50 3.232E-10.01630.016 8290.8754-.020.017029              4              2                    Q  5m     382220 4 4 2 3 2 2    66.0   66.0
452 6280.009789 1.534E-47 2.105E-07.01740.017 8290.8754-.020.015407              4              2                    Q  5q     382222 5 7 2 3 2 2    66.0   66.0
452 6280.316401 2.073E-90 2.821E-07.06220.06228565.79200.300.033385             14             10                    S  1q     352222 5 7 2 3 2 2    42.0   18.0
452 6280.970781 2.229E-79 8.289E-05.04070.04124560.87360.150.024973             11              8                    R  3      352222 6 6 2 3 2 2    54.0   42.0
452 6281.206420 2.578E-50 1.001E-04.02300.02310832.06090.070.016864              5              3                    R  3      352222 6 6 2 3 2 2    54.0   42.0
452 6287.900938 1.165E-90 3.469E-07.05750.05728819.36090.170.035134             14             10                    S  3q     352222 5 7 2 3 2 2    66.0   42.0
452 6288.284320 1.671E-86 1.386E-08.02660.02726413.84960.010.035187              9              5                    O 18q     352222 5 7 2 3 2 2   198.0  222.0
452 6296.305459 1.869E-90 3.264E-07.06130.06128667.70520.260.034708             14             10                    S  2q     352222 5 7 2 3 2 2    54.0   30.0
452 6296.619320 6.089E-68 6.112E-05.01170.01219410.7129-.030.020626              3              1                    R 21      352222 6 6 2 3 2 2   270.0  258.0
452 6297.451429 8.691E-59 1.525E-04.01420.01415141.2673-.010.023788              5              3                    R 11      352222 6 6 2 3 2 2   150.0  138.0
452 6303.592361 1.531E-91 2.595E-06.04530.04529782.83790.050.046392             14              9                    P 11      352222 6 6 2 3 2 2   126.0  138.0
452 6304.080502 2.031E-39 1.792E-07.01810.018 4141.42240.060.006492              3              1                    O  3q     352222 5 7 2 3 2 2    18.0   42.0
452 6305.364060 2.953E-64 1.103E-04.01280.01317745.4648-.020.022659              4              2                    R 17      352222 6 6 2 3 2 2   222.0  210.0
452 6306.496049 5.534E-83 5.725E-10.02490.02523953.1231-.060.030046             10              7                    Q  8m     382220 4 4 2 3 2 2   102.0  102.0
452 6306.496049 2.788E-80 2.884E-07.02740.02723953.1231-.040.029409             10              7                    Q  8q     382222 5 7 2 3 2 2   102.0  102.0
452 6307.030479 6.747E-76 3.168E-05.03400.03422712.30200.110.021776             10              7                    P  5      352222 6 6 2 3 2 2    54.0   66.0
452 6308.418559 1.533E-43 9.970E-05.02040.020 7168.4703-.010.008890              4              2                    P  1      352222 6 6 2 3 2 2     6.0   18.0
452 6312.515690 4.829E-86 9.546E-10.02020.02025707.33200.070.031887              6              3                    Q 22m     372220 4 4 2 3 2 2   270.0  270.0
452 6312.515690 3.971E-84 7.849E-08.02070.02125707.33200.070.031535              6              3                    Q 22q     372222 5 7 2 3 2 2   270.0  270.0
452 6313.311191 2.673E-81 3.248E-07.04650.04624207.68400.250.024378             11              8                    S  0q     352222 5 7 2 3 2 2    30.0    6.0
452 6314.753278 1.071E-91 7.162E-08.01220.01229355.7778-.020.021832              2              0                    S 31q     352222 5 7 2 3 2 2   402.0  378.0
452 6315.554760 1.423E-74 1.296E-05.02080.02122031.4438-.070.028491              9              6                    P  9      352222 6 6 2 3 2 2   102.0  114.0
452 6316.422860 8.694E-50 2.145E-10.01870.019 7894.21240.030.015561              4              2                    Q  4m     382220 4 4 2 3 2 2    54.0   54.0
452 6316.422860 8.699E-47 2.146E-07.02020.020 7894.21240.040.015000              4              2                    Q  4q     382222 5 7 2 3 2 2    54.0   54.0
452 6317.434800 7.886E-51 1.121E-04.02000.02011137.99720.010.018049              5              3                    R  4      352222 6 6 2 3 2 2    66.0   54.0
452 6323.709751 6.652E-91 8.224E-08.03060.03128943.55430.150.038284              7              3                    P 25      352222 6 6 2 3 2 2   294.0  306.0
452 6325.229830 4.823E-87 5.208E-06.03150.03227793.8536-.010.039407             12              8                    P 11      352222 6 6 2 3 2 2   126.0  138.0
452 6327.628029 2.614E-82 1.197E-04.02160.02226247.9000-.090.030538             10              7                    R 12      352222 6 6 2 3 2 2   162.0  150.0
452 6327.813790 1.711E-88 3.309E-10.01670.01726690.57320.030.029757              4              1                    Q 27m     352220 4 4 2 3 2 2   330.0  330.0
452 6327.813790 1.044E-86 2.019E-08.01700.01726690.57320.030.029576              4              1                    Q 27q     352222 5 7 2 3 2 2   330.0  330.0
452 6329.064369 1.797E-73 2.458E-06.01660.01721276.7943-.050.028797              7              4                    P 15      352222 6 6 2 3 2 2   174.0  186.0
452 6329.967881 2.617E-70 2.281E-05.01090.01120352.6387-.030.020855              2              0                    R 24      352222 6 6 2 3 2 2   306.0  294.0
452 6329.989629 2.991E-57 1.520E-04.01420.01414393.2406-.010.023788              5              3                    R 10      352222 6 6 2 3 2 2   138.0  126.0
452 6330.320621 1.489E-73 3.778E-07.01690.01720991.04480.030.029419              5              2                    P 20      352222 6 6 2 3 2 2   234.0  246.0
452 6335.061251 1.076E-81 1.721E-07.02760.02824651.00810.100.035597              8              5                    Q 16q     382222 5 7 2 3 2 2   198.0  198.0
452 6335.061251 7.585E-84 1.213E-09.02670.02724651.00810.100.036345              8              5                    Q 16m     382220 4 4 2 3 2 2   198.0  198.0
452 6335.780519 4.481E-86 8.360E-08.01170.01226682.6064-.070.023665              4              2                    S 25q     352222 5 7 2 3 2 2   330.0  306.0
452 6337.015980 1.093E-33 5.322E-06.01090.011 2423.8938-.060.016761              2              0                    P  7      452222 6 6 2 3 2 2    78.0   90.0
452 6338.504199 2.721E-49 6.322E-10.01070.011 8054.7365-.050.020076              3              1                    Q 10m     382220 4 4 2 3 2 2   126.0  126.0
452 6338.504199 4.912E-47 1.141E-07.01100.011 8054.7365-.070.019951              3              1                    Q 10q     382222 5 7 2 3 2 2   126.0  126.0
452 6339.783961 3.089E-79 2.253E-08.01750.01823102.42110.020.025431              6              4                    S 17q     352222 5 7 2 3 2 2   234.0  210.0
452 6342.538150 4.703E-50 4.287E-10.00970.010 8402.1060-.040.019667              2              0                    Q 14m     382220 4 4 2 3 2 2   174.0  174.0
452 6342.538150 4.535E-48 4.134E-08.00990.010 8402.1060-.040.019593              2              0                    Q 14q     382222 5 7 2 3 2 2   174.0  174.0
452 6342.568951 1.852E-59 6.881E-07.02280.02314210.63520.030.019779              6              4                    S  4q     352222 5 7 2 3 2 2    78.0   54.0
452 6342.645001 5.324E-87 3.269E-07.02580.02627238.7909-.090.032492             11              8                    S 10q     352222 5 7 2 3 2 2   150.0  126.0
452 6344.167751 1.609E-51 1.228E-04.01780.01811516.3728-.020.019260              5              3                    R  5      352222 6 6 2 3 2 2    78.0   66.0
452 6345.735078 1.903E-49 1.282E-10.02160.022 7573.55240.100.013788              4              2                    Q  3m     382220 4 4 2 3 2 2    42.0   42.0
452 6345.735078 3.287E-46 2.214E-07.02340.023 7573.55240.110.013116              4              2                    Q  3q     382222 5 7 2 3 2 2    42.0   42.0
452 6347.368789 9.612E-90 1.899E-07.04260.04328346.99840.030.037702             13              9                    Q  8q     352222 5 7 2 3 2 2   102.0  102.0
452 6347.368789 1.418E-92 2.802E-10.03890.03928346.99840.010.038681             13              9                    Q  8m     352220 4 4 2 3 2 2   102.0  102.0
452 6347.493909 9.012E-89 4.647E-07.02760.02828241.43830.020.037186              9              5                    P 20      352222 6 6 2 3 2 2   234.0  246.0
452 6348.434810 1.589E-88 1.043E-07.01060.01127909.2932-.080.021475              3              1                    S 28q     352222 5 7 2 3 2 2   366.0  342.0
452 6352.701631 7.848E-56 1.497E-04.01430.01413697.7662-.020.023058              5              3                    R  9      352222 6 6 2 3 2 2   126.0  114.0
452 6352.752020 1.505E-82 1.219E-07.01880.01925018.0608-.030.030431              7              4                    Q 19q     372222 5 7 2 3 2 2   234.0  234.0
452 6352.752020 1.418E-84 1.149E-09.01800.01825018.0608-.030.030666              7              4                    Q 19m     372220 4 4 2 3 2 2   234.0  234.0
452 6355.032871 1.185E-37 2.327E-05.01700.017 4477.02820.050.013232              3              1                    P  4      352222 6 6 2 3 2 2    42.0   54.0
452 6355.135182 1.595E-73 6.097E-06.02430.02421438.71850.080.034318              8              5                    P 12      352222 6 6 2 3 2 2   138.0  150.0
452 6355.263811 7.437E-91 8.136E-06.05520.05529556.40850.150.036922             15             10                    P  6      352222 6 6 2 3 2 2    66.0   78.0
452 6360.985559 1.086E-89 6.377E-05.03390.03429641.2034-.010.038187             12              8                    R 14      352222 6 6 2 3 2 2   186.0  174.0
452 6361.177718 2.247E-52 1.320E-04.01640.01611964.6313-.030.019164              5              3                    R  6      352222 6 6 2 3 2 2    90.0   78.0
452 6363.834180 1.046E-92 1.406E-07.03880.03929782.8379-.010.040159             13              9                    S 11q     352222 5 7 2 3 2 2   162.0  138.0
452 6365.491249 1.536E-54 1.456E-04.01470.01513058.7212-.050.022241              5              3                    R  8      352222 6 6 2 3 2 2   114.0  102.0
452 6366.467721 1.960E-93 6.543E-10.03220.03229063.84430.000.040872             11              7                    Q 16m     352220 4 4 2 3 2 2   198.0  198.0
452 6366.467721 3.687E-91 1.231E-07.03390.03429063.84430.020.040383             11              7                    Q 16q     352222 5 7 2 3 2 2   198.0  198.0
452 6367.826828 2.188E-49 6.393E-11.02420.024 7331.07720.160.011029              4              2                    Q  2m     382220 4 4 2 3 2 2    30.0   30.0
452 6367.826828 8.148E-46 2.381E-07.02650.026 7331.07720.180.011280              4              2                    Q  2q     382222 5 7 2 3 2 2    30.0   30.0
452 6368.312261 2.197E-53 1.397E-04.01540.01512479.8346-.030.021335              5              3                    R  7      352222 6 6 2 3 2 2   102.0   90.0
452 6379.761401 9.976E-84 1.082E-04.02040.02026948.9774-.070.030318              9              6                    R 16      352222 6 6 2 3 2 2   210.0  198.0
452 6380.615539 7.437E-95 1.204E-10.02250.02229442.2049-.060.030046              9              6                    S 19q     352222 5 7 2 3 2 2   258.0  234.0
452 6382.606450 1.505E-45 3.341E-07.02330.023 7168.47030.120.010883              4              2                    Q  1q     382222 5 7 2 3 2 2    18.0   18.0
452 6382.606450 9.583E-50 2.127E-11.02540.025 7168.47030.140.010272              4              2                    Q  1m     382220 4 4 2 3 2 2    18.0   18.0
452 6382.642151 3.356E-72 1.109E-08.02460.02519424.21230.080.029761              8              5                    O  9q     352222 5 7 2 3 2 2    90.0  114.0
452 6383.833709 1.212E-85 1.239E-08.03270.03326000.54310.150.038800              8              4                    O 20q     352222 5 7 2 3 2 2   222.0  246.0
452 6385.218240 5.231E-92 9.352E-08.03210.03229442.20490.020.039506             10              6                    Q 19q     352222 5 7 2 3 2 2   234.0  234.0
452 6385.218240 3.725E-94 6.659E-10.03080.03129442.20490.020.039914             10              6                    Q 19m     352220 4 4 2 3 2 2   234.0  234.0
452 6388.482652 5.748E-94 1.023E-09.04610.04629270.31940.050.043038             14              9                    O 10q     352222 5 7 2 3 2 2   102.0  126.0
452 6389.121370 3.768E-73 1.357E-07.01540.01520605.66130.010.028249              4              1                    P 22      352222 6 6 2 3 2 2   258.0  270.0
452 6389.545050 4.320E-62 1.158E-04.01280.01316712.8762-.020.022659              4              2                    R 16      352222 6 6 2 3 2 2   210.0  198.0
452 6390.966090 5.165E-52 4.077E-07.02890.02910445.50280.170.018152              5              3                    S  1q     352222 5 7 2 3 2 2    42.0   18.0
452 6392.499711 3.847E-81 4.565E-07.04750.04724266.96420.250.027676             11              8                    S  1q     352222 5 7 2 3 2 2    42.0   18.0
452 6392.864279 1.444E-82 9.399E-10.02030.02023931.5059-.060.030891              9              6                    Q 12m     382220 4 4 2 3 2 2   150.0  150.0
452 6392.864279 3.535E-80 2.301E-07.02160.02223931.5059-.050.031901              9              6                    Q 12q     382222 5 7 2 3 2 2   150.0  150.0
452 6400.370409 2.321E-79 2.927E-07.02960.03023488.2942-.020.027894             10              7                    Q  7q     382222 5 7 2 3 2 2    90.0   90.0
452 6400.370409 3.445E-82 4.344E-10.02690.02723488.2942-.030.028640             10              7                    Q  7m     382220 4 4 2 3 2 2    90.0   90.0
452 6402.077490 9.308E-83 1.008E-08.01320.01324639.3180-.060.024796              5              3                    S 21q     352222 5 7 2 3 2 2   282.0  258.0
452 6406.384940 4.411E-77 4.362E-07.03720.03722159.40720.230.008263             10              7                    O  3q     352222 5 7 2 3 2 2    18.0   42.0
452 6408.447200 1.820E-45 1.157E-07.01130.011 7289.3191-.050.019515              3              1                    Q  9q     382222 5 7 2 3 2 2   114.0  114.0
452 6408.447200 8.089E-48 5.143E-10.01090.011 7289.3191-.060.018598              3              1                    Q  9m     382220 4 4 2 3 2 2   114.0  114.0
452 6408.867060 1.868E-65 6.556E-05.01170.01218230.4511-.030.020626              3              1                    R 20      352222 6 6 2 3 2 2   258.0  246.0
452 6409.645249 7.791E-91 2.820E-05.05350.05429888.66450.080.041304             15             10                    R  7      352222 6 6 2 3 2 2   102.0   90.0
452 6412.595249 2.937E-75 4.151E-05.03670.03722406.76580.190.017291             10              7                    P  4      352222 6 6 2 3 2 2    42.0   54.0
452 6414.636778 3.168E-89 1.013E-10.01540.01526802.79050.010.028642              3              0                    Q 29m     352220 4 4 2 3 2 2   354.0  354.0
452 6414.636778 1.799E-87 5.753E-09.01560.01626802.79050.010.027137              3              0                    Q 29q     352222 5 7 2 3 2 2   354.0  354.0
452 6418.885431 7.964E-90 6.999E-08.02400.02428324.2696-.080.032028             10              7                    S 15q     352222 5 7 2 3 2 2   210.0  186.0
452 6420.259272 6.873E-77 6.015E-08.01750.01822176.49620.020.025431              6              4                    S 16q     352222 5 7 2 3 2 2   222.0  198.0
452 6421.368829 3.476E-86 1.040E-08.02790.02826154.15920.000.033841             10              6                    O 15q     352222 5 7 2 3 2 2   162.0  186.0
452 6422.456351 3.697E-60 7.031E-07.02020.02014570.8851-.020.020732              6              4                    S  5q     352222 5 7 2 3 2 2    90.0   66.0
452 6422.804509 2.781E-91 3.986E-08.02770.02828983.74130.120.037175              6              2                    P 27      352222 6 6 2 3 2 2   318.0  330.0
452 6424.435831 7.502E-86 4.132E-07.02580.02626720.2725-.090.032492             11              8                    S  9q     352222 5 7 2 3 2 2   138.0  114.0
452 6426.934590 4.783E-88 1.234E-07.04950.04927266.71920.230.020235             13              9                    O  5q     352222 5 7 2 3 2 2    42.0   66.0
452 6427.408090 7.906E-87 2.749E-06.03010.03027605.8586-.000.038586             11              7                    P 14      352222 6 6 2 3 2 2   162.0  174.0
452 6427.471961 2.239E-86 1.703E-05.04270.04327582.06690.100.031409             13              9                    P  6      352222 6 6 2 3 2 2    66.0   78.0
452 6428.446048 2.003E-87 1.232E-06.02870.02927764.43120.010.036071             10              6                    P 17      352222 6 6 2 3 2 2   198.0  210.0
452 6429.274091 1.965E-61 1.475E-09.01330.01314079.8311-.000.025800              3              0                    O 19q     352222 5 7 2 3 2 2   210.0  234.0
452 6430.188170 3.094E-73 3.019E-08.01410.01420352.63870.000.025930              3              0                    P 24      352222 6 6 2 3 2 2   282.0  294.0
452 6435.733070 5.966E-46 4.209E-08.00990.010 7381.2989-.040.019593              2              0                    Q 13q     382222 5 7 2 3 2 2   162.0  162.0
452 6435.733070 5.242E-48 3.698E-10.00970.010 7381.2989-.040.019667              2              0                    Q 13m     382220 4 4 2 3 2 2   162.0  162.0
452 6436.446700 9.168E-88 7.772E-09.03470.03526720.2725-.010.035325             12              8                    O  9q     352222 5 7 2 3 2 2    90.0  114.0
452 6439.872440 4.389E-72 1.309E-06.01850.01920509.10520.060.029039              6              3                    P 17      352222 6 6 2 3 2 2   198.0  210.0
452 6444.820480 5.588E-84 4.494E-08.01870.01925531.29630.030.030777              5              2                    Q 24q     352222 5 7 2 3 2 2   294.0  294.0
452 6444.820480 7.456E-86 5.996E-10.01840.01825531.29630.040.031035              5              2                    Q 24m     352220 4 4 2 3 2 2   294.0  294.0
452 6446.480081 7.285E-74 9.891E-08.03040.03020553.20400.090.020769              9              6                    O  6q     352222 5 7 2 3 2 2    54.0   78.0
452 6447.297050 5.277E-81 1.256E-04.02160.02225615.9806-.090.030538             10              7                    R 11      352222 6 6 2 3 2 2   150.0  138.0
452 6447.662569 6.263E-72 1.787E-11.01600.01618017.3147-.070.026900              7              4                    O 11q     352222 5 7 2 3 2 2   114.0  138.0
452 6447.914921 6.012E-33 4.406E-08.01570.016  883.16230.050.009431              2              0                    O  4q     452222 5 7 2 3 2 2    30.0   54.0
452 6448.409960 5.614E-93 1.141E-08.03940.03929442.20490.080.039909             11              6                    O 19q     352222 5 7 2 3 2 2   210.0  234.0
452 6448.794959 3.780E-85 8.559E-09.02880.02925707.33200.150.036506              7              3                    O 22q     352222 5 7 2 3 2 2   246.0  270.0
452 6449.876501 1.584E-92 6.830E-08.05940.05929265.76420.250.025831             15             10                    O  5q     352222 5 7 2 3 2 2    42.0   66.0
452 6455.950259 2.329E-73 1.782E-05.02250.02221487.1771-.050.027357              9              6                    P  8      352222 6 6 2 3 2 2    90.0  102.0
452 6456.820562 3.230E-81 5.400E-07.04580.04624385.02380.200.028192             11              8                    S  2q     352222 5 7 2 3 2 2    54.0   30.0
452 6458.914050 2.061E-32 6.934E-06.01200.012 1831.9614-.070.016148              2              0                    P  6      452222 6 6 2 3 2 2    66.0   78.0
452 6459.261830 5.430E-37 3.017E-05.01890.019 4141.42240.110.010103              3              1                    P  3      352222 6 6 2 3 2 2    30.0   42.0
452 6459.405019 1.323E-67 2.473E-05.01090.01119071.8914-.030.020855              2              0                    R 23      352222 6 6 2 3 2 2   294.0  282.0
452 6461.683219 4.939E-88 7.071E-05.03620.03628790.5210-.030.037591             13              9                    R  9      352222 6 6 2 3 2 2   126.0  114.0
452 6462.991601 3.733E-88 4.457E-05.02160.02228943.55430.080.032979              6              3                    R 25      352222 6 6 2 3 2 2   318.0  306.0
452 6464.061321 1.275E-62 3.852E-09.01450.01414812.7331-.000.026687              4              1                    O 17q     352222 5 7 2 3 2 2   186.0  210.0
452 6464.199810 2.985E-43 4.571E-05.02310.023 7086.87700.070.011704              4              2                    R  0      352222 6 6 2 3 2 2    18.0    6.0
452 6465.218231 5.396E-60 1.208E-04.01280.01315711.2781-.020.022659              4              2                    R 15      352222 6 6 2 3 2 2   198.0  186.0
452 6472.207970 4.925E-44 1.172E-07.01190.012 6586.5133-.060.018969              3              1                    Q  8q     382222 5 7 2 3 2 2   102.0  102.0
452 6472.207970 1.720E-46 4.093E-10.01150.011 6586.5133-.060.019142              3              1                    Q  8m     382220 4 4 2 3 2 2   102.0  102.0
452 6473.149221 2.859E-92 4.731E-10.03380.03428381.79670.000.041935             12              8                    Q 12m     352220 4 4 2 3 2 2   150.0  150.0
452 6473.149221 9.530E-90 1.577E-07.03590.03628381.79670.010.041355             12              8                    Q 12q     352222 5 7 2 3 2 2   150.0  150.0
452 6476.146061 7.744E-96 7.443E-11.05650.05729556.40850.100.040340             15             10                    Q  6m     352220 4 4 2 3 2 2    78.0   78.0
452 6476.146061 1.076E-92 1.035E-07.06270.06329556.40850.130.038719             15             10                    Q  6q     352222 5 7 2 3 2 2    78.0   78.0
452 6478.236481 4.531E-67 2.622E-09.01750.01816779.03340.050.028301              6              3                    O 13q     352222 5 7 2 3 2 2   138.0  162.0
452 6479.538171 2.608E-87 1.611E-09.02940.02926247.9000-.010.036147             11              7                    O 12q     352222 5 7 2 3 2 2   126.0  150.0
452 6479.951010 4.505E-39 3.669E-07.01790.018 3887.6794-.060.006143              3              1                    O  2q     452222 5 7 2 3 2 2     6.0   30.0
452 6481.107760 1.562E-84 9.122E-05.02820.02827321.36520.110.037407              8              5                    R 19      352222 6 6 2 3 2 2   246.0  234.0
452 6481.817051 1.771E-64 4.869E-09.01590.01615711.27810.010.027699              5              2                    O 15q     352222 5 7 2 3 2 2   162.0  186.0
452 6482.013700 1.364E-94 7.803E-09.06550.06529888.66450.180.039683             16             10                    O  7q     352222 5 7 2 3 2 2    66.0   90.0
452 6482.708931 1.605E-81 3.194E-10.02940.02923073.69970.000.025433             10              7                    Q  6m     382220 4 4 2 3 2 2    78.0   78.0
452 6482.708931 1.491E-78 2.967E-07.03280.03323073.69970.020.026166             10              7                    Q  6q     382222 5 7 2 3 2 2    78.0   78.0
452 6485.602830 8.171E-85 4.910E-07.02660.02726241.8354-.110.031203             11              8                    S  8q     352222 5 7 2 3 2 2   126.0  102.0
452 6487.637001 9.510E-75 1.133E-07.01750.01821276.79430.020.025431              6              4                    S 15q     352222 5 7 2 3 2 2   210.0  186.0
452 6488.551380 5.204E-85 4.619E-09.02620.02625531.29630.120.034078              6              2                    O 24q     352222 5 7 2 3 2 2   270.0  294.0
452 6489.626530 5.111E-61 6.967E-07.01850.01814997.5508-.040.021775              6              4                    S  6q     352222 5 7 2 3 2 2   102.0   78.0
452 6492.934459 6.001E-84 4.529E-08.01170.01225531.2963-.070.023665              4              2                    S 24q     352222 5 7 2 3 2 2   318.0  294.0
452 6498.872620 6.328E-92 2.086E-10.04100.04127943.12720.040.036745             13              9                    Q  7m     352220 4 4 2 3 2 2    90.0   90.0
452 6498.872620 5.893E-89 1.943E-07.04560.04627943.12720.040.035608             13              9                    Q  7q     352222 5 7 2 3 2 2    90.0   90.0
452 6499.613179 5.527E-92 1.479E-08.02580.02629122.29940.090.036263              5              1                    P 29      352222 6 6 2 3 2 2   342.0  354.0
452 6501.849189 3.566E-82 1.037E-09.02670.02723803.07870.100.036345              8              5                    Q 15m     382220 4 4 2 3 2 2   186.0  186.0
452 6501.849189 6.030E-80 1.754E-07.02760.02823803.07870.100.035597              8              5                    Q 15q     382222 5 7 2 3 2 2   186.0  186.0
452 6505.328630 1.619E-71 3.668E-06.01660.01720407.1305-.050.028797              7              4                    P 14      352222 6 6 2 3 2 2   162.0  174.0
452 6505.395399 1.818E-81 5.933E-07.04170.04224560.87360.130.028072             11              8                    S  3q     352222 5 7 2 3 2 2    66.0   42.0
452 6505.468620 2.299E-91 1.622E-06.04360.04429641.20340.060.043362             13              8                    P 14      352222 6 6 2 3 2 2   162.0  174.0
452 6505.865611 4.956E-86 6.802E-05.02440.02427997.35890.110.034234              7              4                    R 22      352222 6 6 2 3 2 2   282.0  270.0
452 6507.366690 3.016E-85 1.825E-09.02420.02425468.75020.080.034775              5              1                    O 26q     352222 5 7 2 3 2 2   294.0  318.0
452 6508.298071 8.853E-75 5.422E-05.03820.03822159.40720.250.014680             10              7                    P  3      352222 6 6 2 3 2 2    30.0   42.0
452 6508.684591 5.904E-86 4.147E-10.02260.02325515.54620.080.033683              4              0                    O 28q     352222 5 7 2 3 2 2   318.0  342.0
452 6510.204940 1.964E-88 2.951E-07.03480.03527997.35890.150.040852              8              4                    P 22      352222 6 6 2 3 2 2   258.0  270.0
452 6511.960761 3.505E-89 5.301E-08.01220.01228083.6485-.020.021832              2              0                    S 30q     352222 5 7 2 3 2 2   390.0  366.0
452 6512.583218 3.611E-52 4.894E-07.02680.02710600.68410.120.017288              5              3                    S  2q     352222 5 7 2 3 2 2    54.0   30.0
452 6513.763678 5.229E-63 7.000E-05.01170.01217068.2987-.030.020626              3              1                    R 19      352222 6 6 2 3 2 2   246.0  234.0
452 6515.239379 4.812E-90 5.944E-05.03240.03229820.72060.000.037925             11              7                    R 17      352222 6 6 2 3 2 2   222.0  210.0
452 6515.560959 6.411E-72 8.709E-06.02430.02420723.23010.080.034318              8              5                    P 11      352222 6 6 2 3 2 2   126.0  138.0
452 6518.046081 1.100E-95 1.819E-10.04780.04829782.83790.050.048936             14              9                    Q 11m     352220 4 4 2 3 2 2   138.0  138.0
452 6518.046081 4.985E-93 8.246E-08.05030.05029782.83790.050.046080             14              9                    Q 11q     352222 5 7 2 3 2 2   138.0  138.0
452 6518.205381 6.887E-84 8.453E-10.02020.02024639.31800.070.031887              6              3                    Q 21m     372220 4 4 2 3 2 2   258.0  258.0
452 6518.205381 6.517E-82 7.999E-08.02070.02124639.31800.070.031535              6              3                    Q 21q     372222 5 7 2 3 2 2   258.0  258.0
452 6522.934560 1.661E-82 1.144E-10.01320.01323582.0622-.060.024796              5              3                    S 20q     352222 5 7 2 3 2 2   270.0  246.0
452 6523.788520 4.557E-46 3.158E-10.00970.010 6408.7707-.040.019667              2              0                    Q 12m     382220 4 4 2 3 2 2   150.0  150.0
452 6523.788520 6.173E-44 4.278E-08.00990.010 6408.7707-.040.019593              2              0                    Q 12q     382222 5 7 2 3 2 2   150.0  150.0
452 6525.568312 8.401E-79 2.336E-07.02160.02223257.2697-.050.031901              9              6                    Q 11q     382222 5 7 2 3 2 2   138.0  138.0
452 6525.568312 2.783E-81 7.740E-10.02030.02023257.2697-.060.030891              9              6                    Q 11m     382220 4 4 2 3 2 2   138.0  138.0
452 6525.605981 4.467E-71 5.968E-07.01690.01719888.24380.030.029419              5              2                    P 19      352222 6 6 2 3 2 2   222.0  234.0
452 6526.845218 6.830E-84 5.545E-07.02780.02825806.8543-.120.030139             11              8                    S  7q     352222 5 7 2 3 2 2   114.0   90.0
452 6526.854051 3.639E-86 6.980E-08.01060.01126690.5732-.080.021475              3              1                    S 27q     352222 5 7 2 3 2 2   354.0  330.0
452 6529.551751 9.522E-43 1.186E-07.01270.013 5950.2830-.060.018315              3              1                    Q  7q     382222 5 7 2 3 2 2    90.0   90.0
452 6529.551751 2.544E-45 3.169E-10.01220.012 5950.2830-.060.018526              3              1                    Q  7m     382220 4 4 2 3 2 2    90.0   90.0
452 6530.433751 4.501E-43 6.276E-05.02440.024 7168.47030.160.014709              4              2                    R  1      352222 6 6 2 3 2 2    30.0   18.0
452 6532.150389 5.641E-58 1.250E-04.01280.01314744.6441-.020.022659              4              2                    R 14      352222 6 6 2 3 2 2   186.0  174.0
452 6536.471231 9.274E-86 7.958E-06.03240.03227238.7909-.010.038422             12              8                    P 10      352222 6 6 2 3 2 2   114.0  126.0
452 6537.408680 7.193E-82 6.202E-07.03740.03724793.05910.060.028258             11              8                    S  4q     352222 5 7 2 3 2 2    78.0   54.0
452 6539.149210 3.435E-90 1.184E-05.05760.05829265.76420.200.032878             15             10                    P  5      352222 6 6 2 3 2 2    54.0   66.0
452 6540.187589 1.511E-80 1.242E-07.01880.01924050.8288-.030.030431              7              4                    Q 18q     372222 5 7 2 3 2 2   222.0  222.0
452 6540.187589 1.221E-82 1.004E-09.01800.01824050.8288-.030.030666              7              4                    Q 18m     372220 4 4 2 3 2 2   222.0  222.0
452 6541.847080 9.553E-73 1.791E-07.01750.01820407.13050.020.025431              6              4                    S 14q     352222 5 7 2 3 2 2   198.0  174.0
452 6542.444530 7.244E-77 9.022E-07.03610.03621972.14610.190.008608             10              7                    O  2q     352222 5 7 2 3 2 2     6.0   30.0
452 6543.669211 4.987E-62 6.701E-07.01740.01715487.7747-.040.022906              6              4                    S  7q     352222 5 7 2 3 2 2   114.0   90.0
452 6547.974659 4.633E-82 1.179E-04.02040.02026154.1592-.070.030318              9              6                    R 15      352222 6 6 2 3 2 2   198.0  186.0
452 6548.804510 4.332E-83 5.992E-07.03050.03125418.5001-.060.029294             11              8                    S  6q     352222 5 7 2 3 2 2   102.0   78.0
452 6548.827259 5.684E-92 7.953E-07.04180.04229820.72060.060.044658             12              7                    P 17      352222 6 6 2 3 2 2   198.0  210.0
452 6549.571080 1.014E-92 3.750E-09.04260.04328998.85920.050.042950             13              8                    O 13q     352222 5 7 2 3 2 2   138.0  162.0
452 6551.196031 8.799E-80 1.300E-04.02160.02225020.4493-.090.030538             10              7                    R 10      352222 6 6 2 3 2 2   138.0  126.0
452 6552.109320 2.057E-82 6.218E-07.03360.03425079.6938-.010.028667             11              8                    S  5q     352222 5 7 2 3 2 2    90.0   66.0
452 6553.462289 7.256E-78 3.010E-07.03670.03722712.30200.080.022491             10              7                    Q  5q     382222 5 7 2 3 2 2    66.0   66.0
452 6553.462289 5.413E-81 2.245E-10.03260.03322712.30200.050.024979             10              7                    Q  5m     382220 4 4 2 3 2 2    66.0   66.0
452 6555.480659 3.605E-84 2.046E-08.01700.01725468.75020.030.029576              4              1                    Q 26q     352222 5 7 2 3 2 2   318.0  318.0
452 6555.480659 5.284E-86 2.999E-10.01670.01725468.75020.030.029757              4              1                    Q 26m     352220 4 4 2 3 2 2   318.0  318.0
452 6557.590978 4.127E-93 3.269E-09.02400.02429355.77780.080.035035              4              0                    P 31      352222 6 6 2 3 2 2   366.0  378.0
452 6557.823559 1.464E-36 4.070E-05.01940.019 3887.67940.100.009210              3              1                    P  2      352222 6 6 2 3 2 2    18.0   30.0
452 6558.156710 2.563E-92 1.033E-08.04090.04129063.84430.070.042385             12              7                    O 16q     352222 5 7 2 3 2 2   174.0  198.0
452 6561.594111 1.132E-84 1.429E-08.02660.02725522.50730.010.035187              9              5                    O 17q     352222 5 7 2 3 2 2   186.0  210.0
452 6569.013791 1.102E-85 2.310E-05.04570.04627266.71920.160.026295             13              9                    P  5      352222 6 6 2 3 2 2    54.0   66.0
452 6570.353491 8.585E-71 2.109E-08.02560.02618848.14670.090.027751              8              5                    O  8q     352222 5 7 2 3 2 2    78.0  102.0
452 6576.900680 2.555E-31 8.930E-06.01350.013 1317.3118-.020.015038              2              0                    P  5      452222 6 6 2 3 2 2    54.0   66.0
452 6578.545909 1.667E-91 2.140E-07.03880.03929270.3194-.010.040159             13              9                    S 10q     352222 5 7 2 3 2 2   150.0  126.0
452 6580.257830 1.287E-41 1.201E-07.01380.014 5384.3736-.060.016210              3              1                    Q  6q     382222 5 7 2 3 2 2    78.0   78.0
452 6580.257830 2.538E-44 2.367E-10.01320.013 5384.3736-.060.017811              3              1                    Q  6m     382220 4 4 2 3 2 2    78.0   78.0
452 6582.414512 6.368E-65 2.674E-05.01090.01117800.9804-.030.020855              2              0                    R 22      352222 6 6 2 3 2 2   282.0  270.0
452 6582.778640 7.308E-71 2.541E-07.01750.01819571.38070.020.025431              6              4                    S 13q     352222 5 7 2 3 2 2   186.0  162.0
452 6584.292851 3.497E-63 6.255E-07.01700.01716038.3853-.020.024125              6              4                    S  8q     352222 5 7 2 3 2 2   126.0  102.0
452 6585.623562 1.734E-87 1.795E-07.05040.05026999.68390.290.015082             13              9                    O  4q     352222 5 7 2 3 2 2    30.0   54.0
452 6587.018670 4.502E-88 1.345E-07.02400.02427605.8586-.080.032028             10              7                    S 14q     352222 5 7 2 3 2 2   198.0  174.0
452 6588.210221 3.389E-43 7.572E-05.02340.023 7331.07720.130.015755              4              2                    R  2      352222 6 6 2 3 2 2    42.0   30.0
452 6588.725791 2.864E-72 2.389E-05.02450.02420993.3413-.020.025983              9              6                    P  7      352222 6 6 2 3 2 2    78.0   90.0
452 6589.830369 1.779E-70 2.146E-07.01540.01519410.71290.010.028249              4              1                    P 21      352222 6 6 2 3 2 2   246.0  258.0
452 6590.098731 4.833E-56 1.282E-04.01280.01313817.0319-.020.022659              4              2                    R 13      352222 6 6 2 3 2 2   174.0  162.0
452 6593.646082 1.739E-74 7.332E-05.03690.03721972.14610.250.011561             10              7                    P  2      352222 6 6 2 3 2 2    18.0   30.0
452 6599.733279 2.684E-90 4.563E-06.04560.04629270.31940.040.042958             14              9                    P 10      352222 6 6 2 3 2 2   114.0  126.0
452 6606.429769 4.913E-42 4.340E-08.00990.010 5488.9439-.040.019593              2              0                    Q 11q     382222 5 7 2 3 2 2   138.0  138.0
452 6606.429769 3.014E-44 2.663E-10.00970.010 5488.9439-.040.019667              2              0                    Q 11m     382220 4 4 2 3 2 2   138.0  138.0
452 6606.874310 3.798E-90 3.293E-05.05540.05529556.40850.100.040181             15             10                    R  6      352222 6 6 2 3 2 2    90.0   78.0
452 6610.302782 4.316E-69 3.346E-07.01750.01818773.46360.020.025431              6              4                    S 12q     352222 5 7 2 3 2 2   174.0  150.0
452 6611.115871 1.311E-60 7.437E-05.01170.01215927.8227-.030.020626              3              1                    R 18      352222 6 6 2 3 2 2   234.0  222.0
452 6611.315269 1.793E-64 5.659E-07.01750.01816645.95460.020.025431              6              4                    S  9q     352222 5 7 2 3 2 2   138.0  114.0
452 6612.027101 2.135E-45 2.052E-07.02620.026 7086.87700.130.015929              4              2                    S  0q     352222 5 7 2 3 2 2    30.0    6.0
452 6612.566681 1.265E-80 1.478E-10.03810.03822406.76580.140.022491             10              7                    Q  4m     382220 4 4 2 3 2 2    54.0   54.0
452 6612.566681 2.622E-77 3.064E-07.04140.04122406.76580.150.021293             10              7                    Q  4q     382222 5 7 2 3 2 2    54.0   54.0
452 6613.429261 5.114E-73 1.457E-07.03280.03320169.78530.160.017139              9              6                    O  5q     352222 5 7 2 3 2 2    42.0   66.0
452 6615.413160 4.701E-91 1.409E-08.02250.02228596.7553-.060.030046              9              6                    S 18q     352222 5 7 2 3 2 2   246.0  222.0
452 6618.878991 3.924E-87 7.545E-05.03780.03828346.9984-.000.036651             13              9                    R  8      352222 6 6 2 3 2 2   114.0  102.0
452 6623.141780 2.485E-88 7.450E-05.03390.03428998.8592-.010.038187             12              8                    R 13      352222 6 6 2 3 2 2   174.0  162.0
452 6623.371059 1.555E-52 5.490E-07.02340.02310832.06090.050.018810              5              3                    S  3q     352222 5 7 2 3 2 2    66.0   42.0
452 6624.123780 1.191E-40 1.217E-07.01550.016 4892.2491-.030.015260              3              1                    Q  5q     382222 5 7 2 3 2 2    66.0   66.0
452 6624.123780 1.650E-43 1.685E-10.01470.015 4892.2491-.030.016820              3              1                    Q  5m     382220 4 4 2 3 2 2    66.0   66.0
452 6624.293981 1.964E-67 4.162E-07.01750.01818017.31470.020.025431              6              4                    S 11q     352222 5 7 2 3 2 2   162.0  138.0
452 6624.488052 6.809E-70 1.958E-06.01850.01919529.67140.060.029039              6              3                    P 16      352222 6 6 2 3 2 2   186.0  198.0
452 6624.650711 6.832E-66 4.948E-07.01750.01817306.85530.020.025431              6              4                    S 10q     352222 5 7 2 3 2 2   150.0  126.0
452 6627.125359 5.222E-92 1.004E-07.06110.06129019.33240.320.018972             15             10                    O  4q     352222 5 7 2 3 2 2    30.0   54.0
452 6630.534501 2.214E-91 1.516E-10.04360.04427582.06690.070.034558             13              9                    Q  6m     352220 4 4 2 3 2 2    78.0   78.0
452 6630.534501 2.888E-88 1.977E-07.04860.04927582.06690.090.033234             13              9                    Q  6q     352222 5 7 2 3 2 2    78.0   78.0
452 6631.558500 1.291E-78 6.037E-09.01320.01322538.9385-.060.024796              5              3                    S 19q     352222 5 7 2 3 2 2   258.0  234.0
452 6635.440709 2.220E-70 4.769E-08.01410.01419071.89140.000.025930              3              0                    P 23      352222 6 6 2 3 2 2   270.0  282.0
452 6636.161020 2.789E-32 6.557E-08.01610.016  532.30930.020.007251              2              0                    O  3q     452222 5 7 2 3 2 2    18.0   42.0
452 6637.082912 1.519E-43 8.705E-05.02060.021 7573.55240.050.016681              4              2                    R  3      352222 6 6 2 3 2 2    54.0   42.0
452 6637.949481 1.250E-86 8.490E-07.02760.02827321.36520.020.037186              9              5                    P 19      352222 6 6 2 3 2 2   222.0  234.0
452 6638.171171 1.988E-88 2.831E-05.01980.02028983.74130.040.032080              5              2                    R 27      352222 6 6 2 3 2 2   342.0  330.0
452 6638.275670 6.026E-82 1.864E-08.01170.01224383.3948-.070.023665              4              2                    S 23q     352222 5 7 2 3 2 2   306.0  282.0
452 6638.821711 3.320E-54 1.304E-04.01280.01312932.5591-.020.022659              4              2                    R 12      352222 6 6 2 3 2 2   162.0  150.0
452 6638.824179 5.116E-92 5.430E-10.03220.03228324.26960.000.040872             11              7                    Q 15m     352220 4 4 2 3 2 2   186.0  186.0
452 6638.824179 1.193E-89 1.266E-07.03390.03428324.26960.020.040383             11              7                    Q 15q     352222 5 7 2 3 2 2   186.0  186.0
452 6639.662379 1.188E-78 1.328E-04.02240.02224464.9771-.090.029814             10              7                    R  9      352222 6 6 2 3 2 2   126.0  114.0
452 6640.615409 2.182E-88 1.620E-07.03060.03127862.60910.150.038284              7              3                    P 24      352222 6 6 2 3 2 2   282.0  294.0
452 6645.908140 1.776E-95 5.172E-11.05960.06029265.76420.140.036048             15             10                    Q  5m     352220 4 4 2 3 2 2    66.0   66.0
452 6645.908140 3.749E-92 1.092E-07.06660.06729265.76420.180.033434             15             10                    Q  5q     352222 5 7 2 3 2 2    66.0   66.0
452 6646.267909 7.948E-69 8.519E-10.01700.01717306.8553-.090.027113              7              4                    O 10q     352222 5 7 2 3 2 2   102.0  126.0
452 6647.088280 8.515E-85 5.800E-09.01560.01625515.54620.010.027137              3              0                    Q 28q     352222 5 7 2 3 2 2   342.0  342.0
452 6647.088280 1.367E-86 9.311E-11.01540.01525515.54620.010.028642              3              0                    Q 28m     352220 4 4 2 3 2 2   342.0  342.0
452 6647.423849 1.501E-86 1.530E-08.03660.03726241.83540.010.033307             12              8                    O  8q     352222 5 7 2 3 2 2    78.0  102.0
452 6647.641579 4.368E-80 6.316E-10.02080.02122622.6780-.070.031435              9              6                    Q 10m     382220 4 4 2 3 2 2   126.0  126.0
452 6647.641579 1.635E-77 2.365E-07.02230.02222622.6780-.060.031035              9              6                    Q 10q     382222 5 7 2 3 2 2   126.0  126.0
452 6648.048541 5.899E-59 1.484E-09.01330.01312881.6229-.000.025800              3              0                    O 18q     352222 5 7 2 3 2 2   198.0  222.0
452 6650.098039 1.944E-36 7.293E-05.01870.019 3717.5323-.030.008597              3              1                    P  1      452222 6 6 2 3 2 2     6.0   18.0
452 6652.323608 1.118E-93 5.250E-10.02950.03029170.49690.030.037294              9              5                    Q 21m     352220 4 4 2 3 2 2   258.0  258.0
452 6652.323608 1.457E-91 6.846E-08.03050.03029170.49690.030.038721              9              5                    Q 21q     352222 5 7 2 3 2 2   258.0  258.0
452 6656.926299 1.950E-92 1.011E-08.03800.03829170.49690.090.041418             10              5                    O 21q     352222 5 7 2 3 2 2   234.0  258.0
452 6658.000719 1.602E-83 5.411E-10.01840.01824383.39480.040.031035              5              2                    Q 23m     372220 4 4 2 3 2 2   282.0  282.0
452 6658.000719 1.350E-81 4.559E-08.01870.01924383.39480.030.030777              5              2                    Q 23q     372222 5 7 2 3 2 2   282.0  282.0
452 6658.704109 1.468E-80 8.870E-10.02670.02722982.49950.100.036345              8              5                    Q 14m     382220 4 4 2 3 2 2   174.0  174.0
452 6658.704109 2.946E-78 1.780E-07.02760.02822982.49950.100.035597              8              5                    Q 14q     382222 5 7 2 3 2 2   174.0  174.0
452 6659.953820 1.918E-80 8.788E-11.04200.04222159.40720.220.019670             10              7                    Q  3m     382220 4 4 2 3 2 2    42.0   42.0
452 6659.953820 6.893E-77 3.158E-07.04740.04722159.40720.250.017416             10              7                    Q  3q     382222 5 7 2 3 2 2    42.0   42.0
452 6660.969140 7.385E-40 1.239E-07.01780.018 4477.02820.010.015124              3              1                    Q  4q     382222 5 7 2 3 2 2    54.0   54.0
452 6660.969140 6.678E-43 1.120E-10.01680.017 4477.02820.010.014354              3              1                    Q  4m     382220 4 4 2 3 2 2    54.0   54.0
452 6662.533639 1.321E-83 1.312E-08.03270.03325018.06080.150.038800              8              4                    O 19q     352222 5 7 2 3 2 2   210.0  234.0
452 6667.753810 1.221E-92 2.607E-09.04800.04828790.52100.060.041572             14              9                    O  9q     352222 5 7 2 3 2 2    90.0  114.0
452 6668.127202 1.867E-74 1.311E-04.03410.03421846.46340.170.013270             10              7                    P  1      352222 6 6 2 3 2 2     6.0   18.0
452 6668.976959 3.152E-85 4.380E-06.03010.03026912.4590-.000.038586             11              7                    P 13      352222 6 6 2 3 2 2   150.0  162.0
452 6669.804929 2.017E-70 1.206E-05.02440.02420050.46770.080.033088              8              5                    P 10      352222 6 6 2 3 2 2   114.0  126.0
452 6676.519431 1.187E-69 5.264E-06.01660.01719571.3807-.050.028797              7              4                    P 13      352222 6 6 2 3 2 2   150.0  162.0
452 6676.672800 4.312E-44 9.724E-05.01790.018 7894.2124-.010.017741              4              2                    R  4      352222 6 6 2 3 2 2    66.0   54.0
452 6678.090141 1.791E-52 1.313E-04.01280.01312095.3736-.020.022659              4              2                    R 11      352222 6 6 2 3 2 2   150.0  138.0
452 6679.306629 1.278E-82 1.012E-04.02820.02826413.84960.110.037407              8              5                    R 18      352222 6 6 2 3 2 2   234.0  222.0
452 6679.511451 1.142E-84 9.440E-09.02790.02825383.76620.000.033841             10              6                    O 14q     352222 5 7 2 3 2 2   150.0  174.0
452 6680.253901 2.078E-60 3.656E-09.01450.01413726.8767-.000.026687              4              1                    O 16q     352222 5 7 2 3 2 2   174.0  198.0
452 6683.380380 1.480E-42 2.212E-10.00980.010 4626.2361-.050.019352              2              0                    Q 10m     382220 4 4 2 3 2 2   126.0  126.0
452 6683.380380 2.941E-40 4.396E-08.01000.010 4626.2361-.050.018268              2              0                    Q 10q     382222 5 7 2 3 2 2   126.0  126.0
452 6684.805510 1.254E-65 1.418E-09.01750.01815937.87260.050.028301              6              3                    O 12q     352222 5 7 2 3 2 2   126.0  150.0
452 6686.648291 3.471E-91 3.825E-10.03380.03427793.85360.000.041935             12              8                    Q 11m     352220 4 4 2 3 2 2   138.0  138.0
452 6686.648291 1.462E-88 1.611E-07.03590.03627793.85360.010.041355             12              8                    Q 11q     352222 5 7 2 3 2 2   138.0  138.0
452 6690.390060 2.027E-30 1.142E-05.01520.015  883.16230.010.012326              2              0                    P  4      452222 6 6 2 3 2 2    42.0   54.0
452 6690.638618 1.575E-42 6.705E-11.01940.019 4141.42240.070.013967              3              1                    Q  3m     382220 4 4 2 3 2 2    42.0   42.0
452 6690.638618 2.998E-39 1.277E-07.02070.021 4141.42240.060.013442              3              1                    Q  3q     382222 5 7 2 3 2 2    42.0   42.0
452 6693.379241 1.652E-92 5.617E-10.03080.03128596.75530.020.039914             10              6                    Q 18m     352220 4 4 2 3 2 2   222.0  222.0
452 6693.379241 2.825E-90 9.603E-08.03210.03228596.75530.020.039506             10              6                    Q 18q     352222 5 7 2 3 2 2   222.0  222.0
452 6693.884340 7.671E-84 4.221E-08.01060.01125468.7502-.080.021475              3              1                    S 26q     352222 5 7 2 3 2 2   342.0  318.0
452 6693.969870 4.002E-85 3.058E-05.05000.05026999.68390.250.023610             13              9                    P  4      352222 6 6 2 3 2 2    42.0   54.0
452 6694.074579 1.415E-62 4.081E-09.01590.01614744.64410.010.027699              5              2                    O 14q     352222 5 7 2 3 2 2   150.0  174.0
452 6695.559209 1.673E-80 4.364E-11.04500.04521972.14610.300.016861             10              7                    Q  2m     382220 4 4 2 3 2 2    30.0   30.0
452 6695.559209 1.300E-76 3.392E-07.04990.05021972.14610.330.015165             10              7                    Q  2q     382222 5 7 2 3 2 2    30.0   30.0
452 6695.898681 1.537E-85 2.074E-06.02870.02926948.97740.010.036071             10              6                    P 16      352222 6 6 2 3 2 2   186.0  198.0
452 6696.308311 1.172E-89 1.644E-05.05930.05929019.33240.270.028163             15             10                    P  4      352222 6 6 2 3 2 2    42.0   54.0
452 6697.981211 1.142E-86 3.728E-08.01220.01226802.7905-.020.021832              2              0                    S 29q     352222 5 7 2 3 2 2   378.0  354.0
452 6698.855099 2.868E-62 2.881E-05.01090.01116543.0836-.030.020855              2              0                    R 21      352222 6 6 2 3 2 2   270.0  258.0
452 6700.335150 1.895E-80 1.271E-04.02040.02025383.7662-.070.030318              9              6                    R 14      352222 6 6 2 3 2 2   186.0  174.0
452 6700.691490 2.889E-58 7.857E-05.01170.01214812.7331-.030.020626              3              1                    R 17      352222 6 6 2 3 2 2   222.0  210.0
452 6706.675429 8.029E-45 1.063E-04.01600.016 8290.8754-.040.018801              4              2                    R  5      352222 6 6 2 3 2 2    78.0   66.0
452 6707.698461 7.416E-51 1.309E-04.01280.01311309.6164-.020.022659              4              2                    R 10      352222 6 6 2 3 2 2   138.0  126.0
452 6712.872660 1.242E-93 5.436E-10.03020.03029170.49690.110.036463              8              5                    S 21q     352222 5 7 2 3 2 2   282.0  258.0
452 6712.962649 1.273E-77 1.335E-04.02360.02423953.1231-.080.029051             10              7                    R  8      352222 6 6 2 3 2 2   114.0  102.0
452 6713.004892 7.845E-39 1.371E-07.02350.024 3887.67940.150.011706              3              1                    Q  2q     382222 5 7 2 3 2 2    30.0   30.0
452 6713.004892 1.914E-42 3.346E-11.02190.022 3887.67940.140.011250              3              1                    Q  2m     382220 4 4 2 3 2 2    30.0   30.0
452 6713.515361 2.603E-71 3.137E-05.02900.02920553.20400.050.024374              9              6                    P  6      352222 6 6 2 3 2 2    66.0   78.0
452 6714.981849 9.421E-82 7.546E-10.02020.02023582.06220.070.031887              6              3                    Q 20m     382220 4 4 2 3 2 2   246.0  246.0
452 6714.981849 1.013E-79 8.117E-08.02070.02123582.06220.070.031535              6              3                    Q 20q     382222 5 7 2 3 2 2   246.0  246.0
452 6715.424849 7.206E-86 5.045E-05.02160.02227862.60910.080.032979              6              3                    R 24      352222 6 6 2 3 2 2   306.0  294.0
452 6717.334660 1.155E-68 8.936E-07.01690.01718805.17280.030.029419              5              2                    P 18      352222 6 6 2 3 2 2   210.0  222.0
452 6717.718929 1.551E-86 5.273E-10.02940.02925615.9806-.010.036147             11              7                    O 11q     352222 5 7 2 3 2 2   114.0  138.0
452 6718.299691 9.653E-81 8.809E-10.01800.01823102.4211-.030.030666              7              4                    Q 17m     382220 4 4 2 3 2 2   210.0  210.0
452 6718.299691 1.381E-78 1.260E-07.01880.01923102.4211-.030.030431              7              4                    Q 17q     382222 5 7 2 3 2 2   210.0  210.0
452 6719.328760 2.001E-76 4.757E-07.04010.04021846.46340.280.015803             10              7                    Q  1q     382222 5 7 2 3 2 2    18.0   18.0
452 6719.328760 6.093E-81 1.448E-11.04520.04521846.46340.310.014796             10              7                    Q  1m     382220 4 4 2 3 2 2    18.0   18.0
452 6722.543360 4.335E-53 5.903E-07.02050.02011137.9972-.000.018442              5              3                    S  4q     352222 5 7 2 3 2 2    78.0   54.0
452 6726.865030 1.006E-45 1.141E-04.01480.015 8760.9098-.040.019729              4              2                    R  6      352222 6 6 2 3 2 2    90.0   78.0
452 6727.475989 2.308E-49 1.290E-04.01290.01310579.3795-.030.022044              4              2                    R  9      352222 6 6 2 3 2 2   126.0  114.0
452 6727.970602 1.503E-38 1.923E-07.02150.021 3717.53230.110.011165              3              1                    Q  1q     382222 5 7 2 3 2 2    18.0   18.0
452 6727.970602 8.704E-43 1.114E-11.02320.023 3717.53230.110.010649              3              1                    Q  1m     382220 4 4 2 3 2 2    18.0   18.0
452 6728.013882 7.798E-76 2.694E-08.01320.01321513.4245-.060.024796              5              3                    S 18q     352222 5 7 2 3 2 2   246.0  222.0
452 6728.344430 1.369E-92 8.447E-08.03670.03729641.20340.000.037691             12              8                    S 14q     352222 5 7 2 3 2 2   198.0  174.0
452 6729.004740 4.362E-87 2.744E-07.04850.04826783.21440.290.011966             13              9                    O  3q     352222 5 7 2 3 2 2    18.0   42.0
452 6731.494860 6.360E-83 9.179E-09.02880.02924639.31800.150.036506              7              3                    O 21q     352222 5 7 2 3 2 2   234.0  258.0
452 6731.968941 6.509E-84 7.641E-05.02440.02426994.78250.110.034234              7              4                    R 21      352222 6 6 2 3 2 2   270.0  258.0
452 6732.417131 1.858E-86 2.122E-07.02400.02426912.4590-.080.032028             10              7                    S 13q     352222 5 7 2 3 2 2   186.0  162.0
452 6732.933151 1.408E-84 1.152E-05.03370.03426720.27250.000.037114             12              8                    P  9      352222 6 6 2 3 2 2   102.0  114.0
452 6737.095451 8.688E-47 1.206E-04.01390.014 9301.2899-.040.020579              4              2                    R  7      352222 6 6 2 3 2 2   102.0   90.0
452 6737.297891 5.280E-48 1.255E-04.01330.013 9908.6568-.040.021351              4              2                    R  8      352222 6 6 2 3 2 2   114.0  102.0
452 6741.901259 2.162E-92 1.722E-07.05770.05829556.40850.070.042428             15             10                    S  6q     352222 5 7 2 3 2 2   102.0   78.0
452 6742.819731 1.112E-87 2.009E-07.05280.05327266.71920.140.030241             13              9                    Q  5q     352222 5 7 2 3 2 2    66.0   66.0
452 6742.819731 5.856E-91 1.058E-10.04690.04727266.71920.120.031784             13              9                    Q  5m     352220 4 4 2 3 2 2    66.0   66.0
452 6743.654889 1.209E-88 7.438E-08.02770.02827834.37910.120.037175              6              2                    P 26      352222 6 6 2 3 2 2   306.0  318.0
452 6750.817140 2.772E-45 2.950E-07.02610.026 7168.47030.140.016706              4              2                    S  1q     352222 5 7 2 3 2 2    42.0   18.0
452 6751.239899 2.503E-86 7.857E-05.03950.03927943.12720.020.035669             13              9                    R  7      352222 6 6 2 3 2 2   102.0   90.0
452 6753.885069 1.512E-69 3.662E-08.02870.02918325.80890.170.025049              8              5                    O  7q     352222 5 7 2 3 2 2    66.0   90.0
452 6754.366819 5.256E-41 1.805E-10.01010.010 3825.0127-.060.019005              2              0                    Q  9m     482220 4 4 2 3 2 2   114.0  114.0
452 6754.366819 1.295E-38 4.447E-08.01030.010 3825.0127-.080.018907              2              0                    Q  9q     482222 5 7 2 3 2 2   114.0  114.0
452 6755.189649 8.977E-94 1.356E-08.06670.06729556.40850.230.035175             16             10                    O  6q     352222 5 7 2 3 2 2    54.0   78.0
452 6757.909340 1.999E-90 2.858E-07.03880.03928790.5210-.010.040159             13              9                    S  9q     352222 5 7 2 3 2 2   138.0  114.0
452 6759.077371 5.448E-79 5.085E-10.02170.02222031.4438-.070.030533              9              6                    Q  9m     382220 4 4 2 3 2 2   114.0  114.0
452 6759.077371 2.559E-76 2.389E-07.02340.02322031.4438-.050.030078              9              6                    Q  9q     382222 5 7 2 3 2 2   114.0  114.0
452 6766.790381 1.409E-89 3.599E-05.05740.05729265.76420.110.036508             15             10                    R  5      352222 6 6 2 3 2 2    78.0   66.0
452 6771.324961 1.062E-76 1.322E-04.02510.02523488.2942-.070.028250             10              7                    R  7      352222 6 6 2 3 2 2   102.0   90.0
452 6772.180179 2.825E-80 3.687E-09.01170.01223241.9387-.070.023665              4              2                    S 22q     352222 5 7 2 3 2 2   294.0  270.0
452 6773.370149 2.471E-72 2.141E-07.03460.03519845.80430.210.011808              9              6                    O  4q     352222 5 7 2 3 2 2    30.0   54.0
452 6774.128621 1.304E-82 4.984E-09.02620.02624383.39480.120.034078              6              2                    O 23q     352222 5 7 2 3 2 2   258.0  282.0
452 6775.159460 1.660E-83 2.751E-10.01670.01724246.51100.030.029757              4              1                    Q 25m     382220 4 4 2 3 2 2   306.0  306.0
452 6775.159460 1.248E-81 2.068E-08.01700.01724246.51100.030.029576              4              1                    Q 25q     382222 5 7 2 3 2 2   306.0  306.0
452 6779.920921 1.223E-91 1.552E-07.05770.05828819.36090.320.014930             15             10                    O  3q     352222 5 7 2 3 2 2    18.0   42.0
452 6782.228541 5.489E-56 8.247E-05.01170.01213726.8767-.030.020626              3              1                    R 16      352222 6 6 2 3 2 2   210.0  198.0
452 6782.425190 3.287E-74 5.858E-05.03810.03821783.36700.200.018894             10              7                    R  0      352222 6 6 2 3 2 2    18.0    6.0
452 6785.581020 3.025E-95 3.389E-11.06320.06329019.33240.220.033389             15             10                    Q  4m     352220 4 4 2 3 2 2    54.0   54.0
452 6785.581020 1.017E-91 1.140E-07.07400.07429019.33240.240.031280             15             10                    Q  4q     352222 5 7 2 3 2 2    54.0   54.0
452 6787.609890 7.409E-68 3.216E-07.01540.01518230.45110.010.028249              4              1                    P 20      352222 6 6 2 3 2 2   234.0  246.0
452 6791.069400 5.184E-89 1.415E-05.01800.01829122.29940.030.030770              4              1                    R 29      352222 6 6 2 3 2 2   366.0  354.0
452 6794.884520 1.091E-82 1.972E-09.02420.02424246.51100.080.034775              5              1                    O 25q     352222 5 7 2 3 2 2   282.0  306.0
452 6797.333901 2.992E-83 4.480E-10.02260.02324224.33650.080.033683              4              0                    O 27q     352222 5 7 2 3 2 2   306.0  330.0
452 6798.767940 9.919E-30 1.469E-05.01710.017  532.30930.090.011416              2              0                    P  3      452222 6 6 2 3 2 2    30.0   42.0
452 6802.093070 1.041E-84 4.014E-05.05060.05126783.21440.300.019240             13              9                    P  3      352222 6 6 2 3 2 2    30.0   42.0
452 6804.851698 8.830E-68 2.818E-06.01850.01918578.91470.060.029039              6              3                    P 15      352222 6 6 2 3 2 2   174.0  186.0
452 6805.764410 1.232E-76 1.800E-07.02760.02822193.09500.100.035597              8              5                    Q 13q     382222 5 7 2 3 2 2   162.0  162.0
452 6805.764410 5.179E-79 7.565E-10.02670.02722193.09500.100.036345              8              5                    Q 13m     382220 4 4 2 3 2 2   162.0  162.0
452 6807.690529 3.910E-86 5.152E-07.03480.03526994.78250.150.040852              8              4                    P 21      352222 6 6 2 3 2 2   246.0  258.0
452 6808.533839 1.189E-59 3.091E-05.01090.01115301.5359-.030.020855              2              0                    R 20      352222 6 6 2 3 2 2   258.0  246.0
452 6809.436270 8.058E-54 6.140E-07.01820.01811516.3728-.040.019329              5              3                    S  5q     352222 5 7 2 3 2 2    90.0   66.0
452 6812.260250 2.177E-73 6.149E-08.01320.01320509.1052-.060.024796              5              3                    S 17q     352222 5 7 2 3 2 2   234.0  210.0
452 6813.342499 3.814E-36 3.306E-05.02110.021 3632.16040.040.012676              3              1                    R  0      352222 6 6 2 3 2 2    18.0    6.0
452 6814.269721 3.276E-91 4.120E-06.06550.06629556.40850.190.040705             16             10                    P  6      352222 6 6 2 3 2 2    66.0   78.0
452 6814.964942 6.759E-76 1.288E-04.02710.02723073.6997-.040.025634             10              7                    R  6      352222 6 6 2 3 2 2    90.0   78.0
452 6816.110851 5.481E-92 8.993E-08.05080.05129270.31940.050.044557             14              9                    Q 10q     352222 5 7 2 3 2 2   126.0  126.0
452 6816.110851 9.129E-95 1.498E-10.04840.04829270.31940.060.047574             14              9                    Q 10m     352220 4 4 2 3 2 2   126.0  126.0
452 6817.623211 4.899E-69 1.630E-05.02480.02519424.21230.090.031577              8              5                    P  9      352222 6 6 2 3 2 2   102.0  114.0
452 6817.908922 3.197E-92 7.055E-09.03690.03729004.91150.100.041016              9              4                    O 23q     352222 5 7 2 3 2 2   258.0  282.0
452 6819.123282 4.100E-37 4.493E-08.01080.011 3089.5336-.060.018455              2              0                    Q  8q     482222 5 7 2 3 2 2   102.0  102.0
452 6819.123282 1.314E-39 1.440E-10.01050.011 3089.5336-.060.018573              2              0                    Q  8m     482220 4 4 2 3 2 2   102.0  102.0
452 6819.807758 6.647E-32 1.364E-07.01630.016  267.0692-.070.006801              2              0                    O  2q     452222 5 7 2 3 2 2     6.0   30.0
452 6821.241891 5.385E-74 7.915E-05.04030.04021846.46340.250.022148             10              7                    R  1      352222 6 6 2 3 2 2    30.0   18.0
452 6823.407919 3.113E-89 2.618E-08.02580.02627909.29320.090.036263              5              1                    P 28      352222 6 6 2 3 2 2   330.0  342.0
452 6824.500959 8.377E-89 4.914E-08.02250.02227764.4312-.060.030046              9              6                    S 17q     352222 5 7 2 3 2 2   234.0  210.0
452 6826.770559 1.980E-88 7.166E-05.03240.03229063.84430.000.037925             11              7                    R 16      352222 6 6 2 3 2 2   210.0  198.0
452 6827.096791 2.880E-89 2.224E-05.05900.05928819.36090.330.022416             15             10                    P  3      352222 6 6 2 3 2 2    30.0   42.0
452 6828.006791 6.735E-83 1.424E-08.02660.02724651.00810.010.035187              9              5                    O 16q     352222 5 7 2 3 2 2   174.0  198.0
452 6829.898759 1.714E-70 4.052E-05.03120.03120169.78530.100.021869              9              6                    P  5      352222 6 6 2 3 2 2    54.0   66.0
452 6833.556750 3.241E-91 1.288E-08.03940.03928596.75530.080.039909             11              6                    O 18q     352222 5 7 2 3 2 2   198.0  222.0
452 6836.049071 3.302E-87 2.046E-07.05760.05826999.68390.210.026764             13              9                    Q  4q     352222 5 7 2 3 2 2    54.0   54.0
452 6836.049071 1.119E-90 6.938E-11.05080.05126999.68390.180.028502             13              9                    Q  4m     352220 4 4 2 3 2 2    54.0   54.0
452 6837.406350 6.695E-79 1.356E-04.02040.02024641.6085-.070.030318              9              6                    R 13      352222 6 6 2 3 2 2   174.0  162.0
452 6838.337751 1.441E-67 7.138E-08.01410.01417800.98040.000.025930              3              0                    P 22      352222 6 6 2 3 2 2   258.0  270.0
452 6842.339790 6.690E-67 3.467E-09.01830.01816645.9546-.080.026648              7              4                    O  9q     352222 5 7 2 3 2 2    90.0  114.0
452 6842.517169 6.999E-68 7.331E-06.01660.01718773.4636-.050.028797              7              4                    P 12      352222 6 6 2 3 2 2   138.0  150.0
452 6844.106609 3.218E-75 1.232E-04.02990.03022712.30200.000.024677             10              7                    R  5      352222 6 6 2 3 2 2    78.0   66.0
452 6847.073521 1.786E-85 2.757E-08.03940.03925806.85430.080.028481             12              8                    O  7q     352222 5 7 2 3 2 2    66.0   90.0
452 6847.214959 4.812E-74 9.377E-05.04010.04021972.14610.220.023735             10              7                    R  2      352222 6 6 2 3 2 2    42.0   30.0
452 6850.006090 7.950E-90 2.958E-06.04360.04428998.85920.060.043362             13              8                    P 13      352222 6 6 2 3 2 2   150.0  162.0
452 6850.126100 1.374E-81 2.157E-08.01060.01124246.5110-.080.021475              3              1                    S 25q     352222 5 7 2 3 2 2   330.0  306.0
452 6855.444089 8.806E-54 8.597E-05.01170.01212674.2273-.030.020626              3              1                    R 15      352222 6 6 2 3 2 2   198.0  186.0
452 6855.556029 4.920E-87 8.457E-05.03390.03428381.7967-.010.038187             12              8                    R 12      352222 6 6 2 3 2 2   162.0  150.0
452 6856.242021 6.599E-87 5.825E-07.04620.04626619.17440.260.012676             13              9                    O  2q     352222 5 7 2 3 2 2     6.0   30.0
452 6856.298710 5.933E-85 2.971E-07.02400.02426247.9000-.080.032028             10              7                    S 12q     352222 5 7 2 3 2 2   174.0  150.0
452 6858.998491 1.122E-74 1.155E-04.03330.03322406.76580.060.025598             10              7                    R  4      352222 6 6 2 3 2 2    66.0   54.0
452 6859.821370 5.268E-78 4.017E-10.02300.02321487.1771-.050.029446              9              6                    Q  8m     382220 4 4 2 3 2 2   102.0  102.0
452 6859.821370 3.159E-75 2.409E-07.02500.02521487.1771-.040.028917              9              6                    Q  8q     382222 5 7 2 3 2 2   102.0  102.0
452 6859.925249 2.795E-74 1.057E-04.03690.03722159.40720.130.024673             10              7                    R  3      352222 6 6 2 3 2 2    54.0   42.0
452 6859.932921 1.258E-85 7.988E-05.04170.04227582.06690.050.034643             13              9                    R  6      352222 6 6 2 3 2 2    90.0   78.0
452 6861.869530 9.622E-81 1.113E-04.02820.02825522.50730.110.037407              8              5                    R 17      352222 6 6 2 3 2 2   222.0  210.0
452 6863.058149 3.373E-81 4.922E-10.01840.01823241.93870.040.031035              5              2                    Q 22m     382220 4 4 2 3 2 2   270.0  270.0
452 6863.058149 3.159E-79 4.610E-08.01870.01923241.93870.030.030777              5              2                    Q 22q     382222 5 7 2 3 2 2   270.0  270.0
452 6868.194089 1.515E-56 1.461E-09.01330.01311710.7207-.000.025800              3              0                    O 17q     352222 5 7 2 3 2 2   186.0  210.0
452 6868.281089 3.613E-89 7.218E-06.04660.04728790.52100.050.043644             14              9                    P  9      352222 6 6 2 3 2 2   102.0  114.0
452 6870.407460 1.425E-91 3.164E-09.04260.04328381.79670.050.042950             13              8                    O 12q     352222 5 7 2 3 2 2   126.0  150.0
452 6872.300540 4.114E-82 5.838E-09.01560.01624224.33650.010.027137              3              0                    Q 27q     382222 5 7 2 3 2 2   330.0  330.0
452 6872.300540 6.104E-84 8.661E-11.01540.01524224.33650.010.028642              3              0                    Q 27m     382220 4 4 2 3 2 2   330.0  330.0
452 6873.681269 3.582E-84 2.438E-08.01220.01225515.5462-.020.021832              2              0                    S 28q     352222 5 7 2 3 2 2   366.0  342.0
452 6877.396128 2.248E-38 1.117E-10.01120.011 2423.8938-.090.016868              2              0                    Q  7m     482220 4 4 2 3 2 2    90.0   90.0
452 6877.396128 9.131E-36 4.539E-08.01150.012 2423.8938-.060.017913              2              0                    Q  7q     482222 5 7 2 3 2 2    90.0   90.0
452 6878.457970 2.222E-91 4.566E-08.03810.03829004.91150.160.041695              8              4                    Q 23q     352222 5 7 2 3 2 2   282.0  282.0
452 6878.457970 1.877E-93 3.858E-10.03760.03829004.91150.160.042394              8              4                    Q 23m     352220 4 4 2 3 2 2   282.0  282.0
452 6879.558061 1.894E-45 3.589E-07.02400.024 7331.07720.090.018121              4              2                    S  2q     352222 5 7 2 3 2 2    54.0   30.0
452 6880.292499 1.897E-87 1.632E-07.03660.03727238.79090.010.040115             12              8                    Q 10q     352222 5 7 2 3 2 2   126.0  126.0
452 6880.292499 3.592E-90 3.090E-10.03430.03427238.79090.000.040760             12              8                    Q 10m     352220 4 4 2 3 2 2   126.0  126.0
452 6883.151920 5.624E-36 4.520E-05.02250.022 3717.53230.140.014669              3              1                    R  1      352222 6 6 2 3 2 2    30.0   18.0
452 6883.334010 2.960E-90 5.510E-09.02400.02428083.64850.080.035035              4              0                    P 30      352222 6 6 2 3 2 2   354.0  366.0
452 6883.515539 1.022E-54 6.202E-07.01650.01611964.6313-.080.020294              5              3                    S  6q     352222 5 7 2 3 2 2   102.0   78.0
452 6884.178391 4.147E-71 1.079E-07.01320.01319529.6714-.060.024796              5              3                    S 16q     352222 5 7 2 3 2 2   222.0  198.0
452 6884.338331 2.691E-76 2.965E-07.04300.04321783.36700.210.023995             10              7                    S  0q     352222 5 7 2 3 2 2    30.0    6.0
452 6887.348300 6.854E-79 7.740E-10.01800.01822176.4962-.030.030666              7              4                    Q 16m     382220 4 4 2 3 2 2   198.0  198.0
452 6887.348300 1.129E-76 1.275E-07.01880.01922176.4962-.030.030431              7              4                    Q 16q     382222 5 7 2 3 2 2   198.0  198.0
452 6889.660370 3.455E-88 1.285E-07.03390.03427605.85860.020.040383             11              7                    Q 14q     352222 5 7 2 3 2 2   174.0  174.0
452 6889.660370 1.229E-90 4.570E-10.03220.03227605.85860.000.040872             11              7                    Q 14m     352220 4 4 2 3 2 2   174.0  174.0
452 6890.176670 1.563E-64 4.321E-10.01750.01815141.26730.050.028301              6              3                    O 11q     352222 5 7 2 3 2 2   114.0  138.0
452 6892.339950 3.953E-89 3.738E-05.06050.06029019.33240.180.037598             15             10                    R  4      352222 6 6 2 3 2 2    66.0   54.0
452 6893.044811 1.825E-84 5.427E-05.04740.04726619.17440.310.015781             13              9                    P  2      352222 6 6 2 3 2 2    18.0   30.0
452 6893.755099 3.094E-91 6.797E-07.04070.04129442.20490.080.041836             11              6                    P 19      352222 6 6 2 3 2 2   222.0  234.0
452 6894.842091 3.532E-79 2.032E-10.01170.01222110.0696-.070.023665              4              2                    S 21q     352222 5 7 2 3 2 2   282.0  258.0
452 6896.279739 2.119E-91 1.193E-07.07490.07528819.36090.330.027202             15             10                    Q  3q     352222 5 7 2 3 2 2    42.0   42.0
452 6896.279739 3.577E-95 2.013E-11.06670.06728819.36090.280.029303             15             10                    Q  3m     352220 4 4 2 3 2 2    42.0   42.0
452 6896.808301 1.024E-83 6.545E-06.03010.03026247.9000-.000.038586             11              7                    P 12      352222 6 6 2 3 2 2   138.0  150.0
452 6897.153500 2.766E-58 3.340E-09.01450.01412674.2273-.000.026687              4              1                    O 15q     352222 5 7 2 3 2 2   162.0  186.0
452 6897.518629 8.853E-92 2.037E-07.05970.06029265.76420.090.041433             15             10                    S  5q     352222 5 7 2 3 2 2    90.0   66.0
452 6898.322028 5.360E-86 3.201E-05.01980.02027834.37910.040.032080              5              2                    R 26      352222 6 6 2 3 2 2   330.0  318.0
452 6901.401109 2.808E-29 1.967E-05.01740.017  267.06920.060.009763              2              0                    P  2      452222 6 6 2 3 2 2    18.0   30.0
452 6903.266559 1.211E-79 6.769E-10.02020.02022538.93850.070.031887              6              3                    Q 19m     382220 4 4 2 3 2 2   234.0  234.0
452 6903.266559 1.469E-77 8.209E-08.02070.02122538.93850.070.031535              6              3                    Q 19q     382222 5 7 2 3 2 2   234.0  234.0
452 6905.042321 2.985E-89 5.936E-05.03110.03129442.20490.020.037704             10              6                    R 19      352222 6 6 2 3 2 2   246.0  234.0
452 6905.205831 1.842E-89 3.488E-07.03950.04028346.9984-.020.038828             13              9                    S  8q     352222 5 7 2 3 2 2   126.0  102.0
452 6905.543431 2.564E-66 1.289E-06.01690.01717745.46480.030.029419              5              2                    P 17      352222 6 6 2 3 2 2   198.0  210.0
452 6906.198361 8.516E-61 3.129E-09.01590.01613817.03190.010.027699              5              2                    O 13q     352222 5 7 2 3 2 2   138.0  162.0
452 6907.673731 1.759E-91 3.326E-07.05440.05428667.70520.300.016905             15             10                    O  2q     352222 5 7 2 3 2 2     6.0   30.0
452 6910.439371 1.447E-90 4.115E-11.05480.05526783.21440.260.024887             13              9                    Q  3m     352220 4 4 2 3 2 2    42.0   42.0
452 6910.439371 7.413E-87 2.108E-07.06210.06226783.21440.300.022089             13              9                    Q  3q     352222 5 7 2 3 2 2    42.0   42.0
452 6911.213710 4.458E-57 3.301E-05.01090.01114079.8311-.030.020855              2              0                    R 19      352222 6 6 2 3 2 2   246.0  234.0
452 6913.083220 8.316E-91 1.099E-08.04090.04128324.26960.070.042385             12              7                    O 15q     352222 5 7 2 3 2 2   162.0  186.0
452 6914.883829 1.675E-83 1.602E-05.03540.03526241.83540.030.035484             12              8                    P  8      352222 6 6 2 3 2 2    90.0  102.0
452 6914.889280 1.459E-84 1.380E-06.02760.02826413.84960.020.037186              9              5                    P 18      352222 6 6 2 3 2 2   210.0  222.0
452 6920.043489 1.169E-51 8.894E-05.01170.01211658.8713-.030.020626              3              1                    R 14      352222 6 6 2 3 2 2   186.0  174.0
452 6924.578229 5.270E-90 4.368E-06.01670.01729355.77780.020.029620              3              0                    R 31      352222 6 6 2 3 2 2   390.0  378.0
452 6925.373219 7.802E-72 3.293E-07.03410.03419583.62610.210.008284              9              6                    O  3q     352222 5 7 2 3 2 2    18.0   42.0
452 6926.121240 1.889E-91 5.811E-09.04990.05028346.99840.090.036840             14              9                    O  8q     352222 5 7 2 3 2 2    78.0  102.0
452 6928.948369 2.552E-37 8.362E-11.01200.012 1831.9614-.090.016210              2              0                    Q  6m     482220 4 4 2 3 2 2    78.0   78.0
452 6928.948369 1.399E-34 4.585E-08.01240.012 1831.9614-.060.017281              2              0                    Q  6q     482222 5 7 2 3 2 2    78.0   78.0
452 6930.036829 3.017E-83 7.913E-09.02790.02824641.60850.000.033841             10              6                    O 13q     352222 5 7 2 3 2 2   138.0  162.0
452 6931.576661 4.822E-89 3.061E-05.05430.05428667.70520.340.021097             15             10                    P  2      352222 6 6 2 3 2 2    18.0   30.0
452 6932.518839 1.839E-68 5.977E-08.02980.03017860.54040.200.021669              8              5                    O  6q     352222 5 7 2 3 2 2    54.0   78.0
452 6935.240619 1.311E-81 1.359E-08.03270.03324050.82880.150.038800              8              4                    O 18q     352222 5 7 2 3 2 2   198.0  222.0
452 6937.410220 7.981E-70 5.182E-05.03390.03419845.80430.170.018660              9              6                    P  4      352222 6 6 2 3 2 2    42.0   54.0
452 6938.344720 3.675E-90 1.551E-06.04180.04229063.84430.060.044658             12              7                    P 16      352222 6 6 2 3 2 2   186.0  198.0
452 6939.815240 2.571E-92 3.991E-09.04320.04328943.55430.200.043419              8              3                    O 25q     352222 5 7 2 3 2 2   282.0  306.0
452 6942.321661 8.192E-82 8.524E-05.02440.02426000.54310.110.034234              7              4                    R 20      352222 6 6 2 3 2 2   258.0  246.0
452 6943.078371 1.528E-77 6.414E-10.02670.02721438.71850.100.036345              8              5                    Q 12m     382220 4 4 2 3 2 2   150.0  150.0
452 6943.078371 4.326E-75 1.816E-07.02760.02821438.71850.100.035597              8              5                    Q 12q     382222 5 7 2 3 2 2   150.0  150.0
452 6943.592740 5.958E-69 1.640E-07.01320.01318578.9147-.060.024796              5              3                    S 15q     352222 5 7 2 3 2 2   210.0  186.0
452 6943.924670 6.099E-86 2.718E-07.03060.03126782.82670.150.038284              7              3                    P 23      352222 6 6 2 3 2 2   270.0  282.0
452 6944.377810 9.013E-56 6.096E-07.01550.01612479.8346-.080.022545              5              3                    S  7q     352222 5 7 2 3 2 2   114.0   90.0
452 6944.381680 4.068E-36 5.435E-05.02120.021 3887.67940.110.015662              3              1                    R  2      352222 6 6 2 3 2 2    42.0   30.0
452 6945.882261 4.886E-85 7.926E-05.04430.04427266.71920.080.033575             13              9                    R  5      352222 6 6 2 3 2 2    78.0   66.0
452 6946.855291 2.050E-88 4.609E-13.03080.03125020.4493-.010.035996             11              7                    O 10q     352222 5 7 2 3 2 2   102.0  126.0
452 6949.786088 3.847E-77 3.094E-10.02470.02520993.3413-.030.028177              9              6                    Q  7m     382220 4 4 2 3 2 2    90.0   90.0
452 6949.786088 3.017E-74 2.427E-07.02710.02720993.3413-.020.025922              9              6                    Q  7q     382222 5 7 2 3 2 2    90.0   90.0
452 6950.039510 9.845E-84 3.212E-06.02870.02926154.15920.010.036071             10              6                    P 15      352222 6 6 2 3 2 2   174.0  186.0
452 6951.473359 1.384E-83 5.679E-05.02160.02226782.82670.080.032979              6              3                    R 23      352222 6 6 2 3 2 2   294.0  282.0
452 6958.707700 9.030E-68 2.157E-05.02550.02518848.14670.100.029887              8              5                    P  8      352222 6 6 2 3 2 2    90.0  102.0
452 6959.547461 1.493E-83 3.835E-07.02400.02425615.9806-.080.032028             10              7                    S 11q     352222 5 7 2 3 2 2   162.0  138.0
452 6959.574480 2.002E-77 1.430E-04.02040.02023931.5059-.070.030318              9              6                    R 12      352222 6 6 2 3 2 2   162.0  150.0
452 6961.755439 1.045E-90 5.616E-09.03020.03028241.43830.110.036463              8              5                    S 20q     352222 5 7 2 3 2 2   270.0  246.0
452 6966.133131 1.242E-86 2.263E-07.06370.06426619.17440.380.020265             13              9                    Q  2q     352222 5 7 2 3 2 2    30.0   30.0
452 6966.133131 1.120E-90 2.041E-11.05720.05726619.17440.340.021438             13              9                    Q  2m     352220 4 4 2 3 2 2    30.0   30.0
452 6966.417161 1.811E-84 9.661E-05.04290.04326508.99920.240.017286             13              9                    P  1      352222 6 6 2 3 2 2     6.0   18.0
452 6968.523831 2.215E-38 1.205E-07.02380.024 3632.16040.090.015792              3              1                    S  0q     352222 5 7 2 3 2 2    30.0    6.0
452 6970.730201 1.168E-89 6.907E-08.03050.03028241.43830.030.038721              9              5                    Q 20q     352222 5 7 2 3 2 2   246.0  246.0
452 6970.730201 7.741E-92 4.579E-10.02950.03028241.43830.030.037294              9              5                    Q 20m     352220 4 4 2 3 2 2   246.0  246.0
452 6972.897640 3.898E-76 4.276E-07.04380.04421846.46340.230.027158             10              7                    S  1q     352222 5 7 2 3 2 2    42.0   18.0
452 6973.563691 1.854E-36 5.961E-11.01330.013 1317.3118-.050.015347              2              0                    Q  5m     482220 4 4 2 3 2 2    66.0   66.0
452 6973.563691 1.443E-33 4.640E-08.01380.014 1317.3118-.050.015113              2              0                    Q  5q     482222 5 7 2 3 2 2    66.0   66.0
452 6975.730040 1.255E-49 9.125E-05.01170.01210684.9868-.030.020626              3              1                    R 13      352222 6 6 2 3 2 2   174.0  162.0
452 6978.723801 1.420E-88 9.708E-08.03210.03227764.43120.020.039506             10              6                    Q 17q     352222 5 7 2 3 2 2   210.0  210.0
452 6978.723801 7.083E-91 4.842E-10.03080.03127764.43120.020.039914             10              6                    Q 17m     352220 4 4 2 3 2 2   210.0  210.0
452 6978.752541 3.349E-91 1.293E-07.07520.07528667.70520.410.023182             15             10                    Q  2q     352222 5 7 2 3 2 2    30.0   30.0
452 6978.752541 2.593E-95 1.001E-11.06830.06828667.70520.350.025486             15             10                    Q  2m     352220 4 4 2 3 2 2    30.0   30.0
452 6980.891911 9.476E-66 3.940E-06.01850.01917660.71680.060.029039              6              3                    P 14      352222 6 6 2 3 2 2   162.0  174.0
452 6982.530241 2.721E-65 4.640E-07.01540.01517068.29870.010.028249              4              1                    P 19      352222 6 6 2 3 2 2   222.0  234.0
452 6985.552448 8.253E-89 3.707E-05.06320.06328819.36090.250.036006             15             10                    R  3      352222 6 6 2 3 2 2    54.0   42.0
452 6987.482310 5.211E-81 2.542E-10.01670.01723026.63650.030.029757              4              1                    Q 24m     382220 4 4 2 3 2 2   294.0  294.0
452 6987.482310 4.272E-79 2.084E-08.01700.01723026.63650.030.029576              4              1                    Q 24q     382222 5 7 2 3 2 2   294.0  294.0
452 6990.291470 6.663E-67 2.273E-07.01320.01317660.7168-.060.024796              5              3                    S 14q     352222 5 7 2 3 2 2   198.0  174.0
452 6991.746660 5.638E-57 5.831E-07.01290.01313058.7212-.130.022455              5              3                    S  8q     352222 5 7 2 3 2 2   126.0  102.0
452 6992.905349 4.408E-93 2.234E-08.06780.06829265.76420.280.029746             16             10                    O  5q     352222 5 7 2 3 2 2    42.0   66.0
452 6995.947340 1.737E-79 7.854E-09.01060.01123026.6365-.080.021475              3              1                    S 24q     352222 5 7 2 3 2 2   318.0  294.0
452 6996.574890 1.721E-36 6.233E-05.01860.019 4141.42240.030.016516              3              1                    R  3      352222 6 6 2 3 2 2    54.0   42.0
452 6997.332852 7.835E-46 4.083E-07.02100.021 7573.55240.020.017192              4              2                    S  3q     352222 5 7 2 3 2 2    66.0   42.0
452 6997.649020 3.850E-29 3.504E-05.01710.017   89.2279-.060.008891              2              0                    P  1      452222 6 6 2 3 2 2     6.0   18.0
452 7003.134779 3.274E-66 9.970E-06.01660.01718017.3147-.050.028797              7              4                    P 11      352222 6 6 2 3 2 2   126.0  138.0
452 7003.219941 1.764E-86 3.171E-07.05100.05126508.99920.330.019448             13              9                    Q  1q     352222 5 7 2 3 2 2    18.0   18.0
452 7003.219941 3.767E-91 6.769E-12.06000.06026508.99920.360.019064             13              9                    Q  1m     352220 4 4 2 3 2 2    18.0   18.0
452 7003.329790 4.807E-91 1.507E-07.03670.03728998.85920.000.037691             12              8                    S 13q     352222 5 7 2 3 2 2   186.0  162.0
452 7006.314332 2.874E-75 7.743E-09.01170.01220991.0448-.070.023665              4              2                    S 20q     352222 5 7 2 3 2 2   270.0  246.0
452 7006.620940 1.483E-54 3.507E-05.01090.01112881.6229-.030.020855              2              0                    R 18      352222 6 6 2 3 2 2   234.0  222.0
452 7008.194799 1.575E-92 3.095E-09.02620.02629004.91150.110.034866              7              4                    S 23q     352222 5 7 2 3 2 2   306.0  282.0
452 7008.954151 1.003E-80 9.698E-09.02880.02923582.06220.150.036506              7              3                    O 20q     352222 5 7 2 3 2 2   222.0  246.0
452 7009.586859 4.626E-89 5.489E-05.05040.05028565.79200.280.021623             15             10                    P  1      352222 6 6 2 3 2 2     6.0   18.0
452 7009.855011 1.438E-84 7.667E-05.04760.04826999.68390.140.032360             13              9                    R  4      352222 6 6 2 3 2 2    66.0   54.0
452 7010.337291 8.192E-87 1.015E-07.02250.02226948.9774-.060.030046              9              6                    S 16q     352222 5 7 2 3 2 2   222.0  198.0
452 7011.050101 8.240E-36 3.967E-11.01510.015  883.1623-.010.015514              2              0                    Q  4m     482220 4 4 2 3 2 2    54.0   54.0
452 7011.050101 9.798E-33 4.717E-08.01590.016  883.1623-.020.015212              2              0                    Q  4q     482222 5 7 2 3 2 2    54.0   54.0
452 7013.222191 2.634E-91 2.182E-07.06290.06329019.33240.140.040536             15             10                    S  4q     352222 5 7 2 3 2 2    78.0   54.0
452 7022.215119 1.068E-47 9.279E-05.01170.012 9756.8184-.030.020626              3              1                    R 12      352222 6 6 2 3 2 2   162.0  150.0
452 7022.750099 1.308E-88 3.977E-07.04100.04127943.1272-.020.037658             13              9                    S  7q     352222 5 7 2 3 2 2   114.0   90.0
452 7024.045512 5.841E-65 2.948E-07.01320.01316779.0334-.060.024796              5              3                    S 13q     352222 5 7 2 3 2 2   186.0  162.0
452 7025.464070 2.548E-58 5.426E-07.01320.01313697.7662-.060.024796              5              3                    S  9q     352222 5 7 2 3 2 2   138.0  114.0
452 7027.990351 2.083E-95 4.489E-11.05840.05829270.31940.110.047013             15              9                    O 10q     352222 5 7 2 3 2 2   102.0  126.0
452 7028.863121 2.061E-76 2.303E-10.02690.02720553.2040-.010.026726              9              6                    Q  6m     382220 4 4 2 3 2 2    78.0   78.0
452 7028.863121 2.188E-73 2.445E-07.02960.03020553.20400.010.025988              9              6                    Q  6q     382222 5 7 2 3 2 2    78.0   78.0
452 7029.364982 1.007E-92 1.796E-09.03880.03928983.74130.180.041600              7              2                    O 27q     352222 5 7 2 3 2 2   306.0  330.0
452 7029.586361 6.536E-79 1.213E-04.02820.02824651.00810.110.037407              8              5                    R 16      352222 6 6 2 3 2 2   210.0  198.0
452 7030.564571 2.832E-89 4.513E-05.04850.04929270.31940.040.044010             14              9                    R 10      352222 6 6 2 3 2 2   138.0  126.0
452 7033.489798 8.360E-96 3.329E-12.06570.06628565.79200.380.022947             15             10                    Q  1m     352220 4 4 2 3 2 2    18.0   18.0
452 7033.489798 4.575E-91 1.822E-07.05790.05828565.79200.350.024572             15             10                    Q  1q     352222 5 7 2 3 2 2    18.0   18.0
452 7034.955399 1.544E-84 4.657E-08.04200.04225418.50010.140.024976             12              8                    O  6q     352222 5 7 2 3 2 2    54.0   78.0
452 7035.314601 2.660E-65 8.776E-09.01990.02016038.3853-.050.025506              7              4                    O  8q     352222 5 7 2 3 2 2    78.0  102.0
452 7035.548349 2.540E-69 6.640E-05.03560.03619583.62610.230.014137              9              6                    P  3      352222 6 6 2 3 2 2    30.0   42.0
452 7038.978689 8.458E-65 1.029E-07.01410.01416543.08360.000.025930              3              0                    P 21      352222 6 6 2 3 2 2   246.0  258.0
452 7039.344749 4.533E-37 6.948E-05.01620.016 4477.0282-.030.017462              3              1                    R  4      352222 6 6 2 3 2 2    66.0   54.0
452 7039.634059 1.028E-81 1.427E-08.01220.01224224.3365-.020.021832              2              0                    S 27q     352222 5 7 2 3 2 2   354.0  330.0
452 7041.243069 4.281E-32 4.856E-08.01840.018  532.30930.060.013731              2              0                    Q  3q     482222 5 7 2 3 2 2    42.0   42.0
452 7041.243069 2.095E-35 2.376E-11.01730.017  532.30930.050.014125              2              0                    Q  3m     482220 4 4 2 3 2 2    42.0   42.0
452 7042.828339 2.963E-82 4.656E-07.02400.02425020.4493-.080.032028             10              7                    S 10q     352222 5 7 2 3 2 2   150.0  126.0
452 7044.627030 3.995E-63 3.634E-07.01320.01315937.8726-.060.024796              5              3                    S 12q     352222 5 7 2 3 2 2   174.0  150.0
452 7045.478069 8.472E-60 4.906E-07.01320.01314393.2406-.060.024796              5              3                    S 10q     352222 5 7 2 3 2 2   150.0  126.0
452 7045.833982 1.705E-90 6.821E-06.06700.06729265.76420.240.036654             16             10                    P  5      352222 6 6 2 3 2 2    54.0   66.0
452 7047.186391 3.236E-76 5.195E-07.04200.04221972.14610.180.027598             10              7                    S  2q     352222 5 7 2 3 2 2    54.0   30.0
452 7047.475360 4.277E-77 6.789E-10.01800.01821276.7943-.030.030666              7              4                    Q 15m     382220 4 4 2 3 2 2   186.0  186.0
452 7047.475360 8.099E-75 1.285E-07.01880.01921276.7943-.030.030431              7              4                    Q 15q     382222 5 7 2 3 2 2   186.0  186.0
452 7047.935489 1.245E-88 3.502E-05.06450.06428667.70520.310.031941             15             10                    R  2      352222 6 6 2 3 2 2    42.0   30.0
452 7048.696278 1.680E-90 1.126E-08.03800.03828241.43830.090.041418             10              5                    O 20q     352222 5 7 2 3 2 2   222.0  246.0
452 7051.693649 4.646E-86 1.205E-07.02770.02826682.60640.120.037175              6              2                    P 25      352222 6 6 2 3 2 2   294.0  306.0
452 7051.827892 2.109E-61 4.297E-07.01320.01315141.2673-.060.024796              5              3                    S 11q     352222 5 7 2 3 2 2   162.0  138.0
452 7052.518569 3.130E-84 7.209E-05.05200.05226783.21440.200.031046             13              9                    R  3      352222 6 6 2 3 2 2    54.0   42.0
452 7054.989689 2.043E-86 1.643E-07.03780.03826720.27250.010.038752             12              8                    Q  9q     352222 5 7 2 3 2 2   114.0  114.0
452 7054.989689 3.079E-89 2.476E-10.03490.03526720.2725-.010.037510             12              8                    Q  9m     352220 4 4 2 3 2 2   114.0  114.0
452 7055.105429 3.144E-80 5.321E-09.02620.02623241.93870.120.034078              6              2                    O 22q     352222 5 7 2 3 2 2   246.0  270.0
452 7057.689280 1.904E-86 1.596E-05.01800.01827909.29320.030.030770              4              1                    R 28      352222 6 6 2 3 2 2   354.0  342.0
452 7058.554362 3.034E-84 4.232E-05.04670.04726453.66480.250.023754             13              9                    R  0      352222 6 6 2 3 2 2    18.0    6.0
452 7059.228822 7.037E-46 9.344E-05.01170.012 8878.6439-.030.020626              3              1                    R 11      352222 6 6 2 3 2 2   150.0  138.0
452 7060.427401 7.051E-77 4.650E-08.01870.01922110.06960.030.030777              5              2                    Q 21q     382222 5 7 2 3 2 2   258.0  258.0
452 7060.427401 6.821E-79 4.498E-10.01840.01822110.06960.040.031035              5              2                    Q 21m     382220 4 4 2 3 2 2   258.0  258.0
452 7061.092411 8.291E-86 9.371E-05.03390.03427793.8536-.010.038187             12              8                    R 11      352222 6 6 2 3 2 2   150.0  138.0
452 7064.008031 2.695E-35 1.187E-11.01940.019  267.06920.100.011477              2              0                    Q  2m     482220 4 4 2 3 2 2    30.0   30.0
452 7064.008031 1.184E-31 5.213E-08.02090.021  267.06920.120.012121              2              0                    Q  2q     482222 5 7 2 3 2 2    30.0   30.0
452 7067.100501 4.964E-76 1.490E-04.02040.02023257.2697-.070.030318              9              6                    R 11      352222 6 6 2 3 2 2   150.0  138.0
452 7068.452990 1.397E-71 7.026E-07.03330.03319385.21190.160.008565              9              6                    O  2q     352222 5 7 2 3 2 2     6.0   30.0
452 7069.552070 1.829E-91 2.716E-08.03330.03328943.55430.150.037915              7              3                    Q 25q     352222 5 7 2 3 2 2   306.0  306.0
452 7069.552070 1.737E-93 2.579E-10.03290.03328943.55430.150.039739              7              3                    Q 25m     352220 4 4 2 3 2 2   306.0  306.0
452 7070.623621 3.689E-76 5.388E-10.02670.02720723.23010.100.036345              8              5                    Q 11m     382220 4 4 2 3 2 2   138.0  138.0
452 7070.623621 1.251E-73 1.828E-07.02760.02820723.23010.100.035597              8              5                    Q 11q     382222 5 7 2 3 2 2   138.0  138.0
452 7072.382331 7.697E-38 7.583E-05.01450.014 4892.2491-.050.018389              3              1                    R  5      352222 6 6 2 3 2 2    78.0   66.0
452 7074.479439 4.875E-84 6.545E-05.05330.05326619.17440.280.029574             13              9                    R  2      352222 6 6 2 3 2 2    42.0   30.0
452 7076.308261 5.115E-84 5.630E-05.05190.05226508.99920.320.027356             13              9                    R  1      352222 6 6 2 3 2 2    30.0   18.0
452 7078.360280 3.883E-80 2.117E-09.02420.02423026.63650.080.034775              5              1                    O 24q     352222 5 7 2 3 2 2   270.0  294.0
452 7079.242380 1.273E-35 3.953E-12.02080.021   89.22790.080.011047              2              0                    Q  1m     482220 4 4 2 3 2 2    18.0   18.0
452 7079.242380 2.353E-31 7.307E-08.01920.019   89.22790.060.011471              2              0                    Q  1q     482222 5 7 2 3 2 2    18.0   18.0
452 7079.531721 4.960E-91 9.420E-08.05210.05228790.52100.070.045174             14              9                    Q  9q     352222 5 7 2 3 2 2   114.0  114.0
452 7079.531721 6.465E-94 1.228E-10.04900.04928790.52100.060.046087             14              9                    Q  9m     352220 4 4 2 3 2 2   114.0  114.0
452 7080.665668 1.280E-88 3.100E-05.06180.06228565.79200.350.031578             15             10                    R  1      352222 6 6 2 3 2 2    30.0   18.0
452 7082.404912 1.545E-82 2.159E-05.03710.03725806.85430.040.033536             12              8                    P  7      352222 6 6 2 3 2 2    78.0   90.0
452 7082.441320 1.525E-80 4.817E-10.02260.02322931.67750.080.033683              4              0                    O 26q     352222 5 7 2 3 2 2   294.0  318.0
452 7083.330919 1.951E-75 8.280E-08.02070.02121513.42450.070.031535              6              3                    Q 18q     382222 5 7 2 3 2 2   222.0  222.0
452 7083.330919 1.433E-77 6.082E-10.02020.02021513.42450.070.031887              6              3                    Q 18m     382220 4 4 2 3 2 2   222.0  222.0
452 7084.691350 7.539E-89 2.375E-05.05520.05528514.59050.290.027923             15             10                    R  0      352222 6 6 2 3 2 2    18.0    6.0
452 7086.530849 3.512E-44 9.311E-05.01170.012 8054.7365-.030.020626              3              1                    R 10      352222 6 6 2 3 2 2   138.0  126.0
452 7088.001670 3.445E-81 1.367E-08.02660.02723803.07870.010.035187              9              5                    O 15q     352222 5 7 2 3 2 2   162.0  186.0
452 7089.633829 3.249E-54 1.403E-09.01330.01310571.0830-.000.025800              3              0                    O 16q     352222 5 7 2 3 2 2   174.0  198.0
452 7090.202730 4.845E-64 1.806E-06.01690.01716712.87620.030.029419              5              2                    P 16      352222 6 6 2 3 2 2   186.0  198.0
452 7090.906350 2.005E-79 5.868E-09.01560.01622931.67750.010.027137              3              0                    Q 26q     382222 5 7 2 3 2 2   318.0  318.0
452 7090.906350 2.773E-81 8.117E-11.01540.01522931.67750.010.028642              3              0                    Q 26m     382220 4 4 2 3 2 2   318.0  318.0
452 7092.023269 1.794E-93 5.925E-10.03590.03629122.29940.160.038973              6              1                    O 29q     352222 5 7 2 3 2 2   330.0  354.0
452 7092.311382 5.708E-91 2.162E-07.06660.06728819.36090.220.039743             15             10                    S  3q     352222 5 7 2 3 2 2    66.0   42.0
452 7092.613120 6.783E-84 8.122E-07.03480.03526000.54310.150.040852              8              4                    P 20      352222 6 6 2 3 2 2   234.0  246.0
452 7092.691301 1.241E-66 2.804E-05.02650.02618325.80890.120.027926              8              5                    P  7      352222 6 6 2 3 2 2    78.0   90.0
452 7093.936699 9.447E-67 8.155E-14.01820.01814393.24060.040.028217              6              3                    O 10q     352222 5 7 2 3 2 2   102.0  126.0
452 7094.452169 4.296E-52 3.704E-05.01090.01111710.7207-.030.020855              2              0                    R 17      352222 6 6 2 3 2 2   222.0  210.0
452 7095.461111 8.652E-39 8.131E-05.01340.013 5384.3736-.050.019187              3              1                    R  6      352222 6 6 2 3 2 2    90.0   78.0
452 7096.934040 1.182E-72 2.468E-07.03310.03320169.78530.060.023938              9              6                    Q  5q     382222 5 7 2 3 2 2    66.0   66.0
452 7096.934040 7.833E-76 1.636E-10.02980.03020169.78530.040.024825              9              6                    Q  5m     382220 4 4 2 3 2 2    66.0   66.0
452 7103.338440 2.063E-46 4.455E-07.01830.018 7894.2124-.030.019207              4              2                    S  4q     352222 5 7 2 3 2 2    78.0   54.0
452 7103.921630 1.298E-42 9.176E-05.01180.012 7289.3191-.040.021169              3              1                    R  9      352222 6 6 2 3 2 2   126.0  114.0
452 7104.914040 4.460E-96 1.485E-11.07010.07029265.76420.200.040756             16             10                    Q  5m     352220 4 4 2 3 2 2    66.0   66.0
452 7104.914040 1.112E-92 3.700E-08.07670.07729265.76420.210.038772             16             10                    Q  5q     352222 5 7 2 3 2 2    66.0   66.0
452 7105.441909 1.528E-67 9.363E-08.03090.03117455.43180.240.017634              8              5                    O  5q     352222 5 7 2 3 2 2    42.0   66.0
452 7106.042481 7.326E-87 8.369E-05.03240.03228324.26960.000.037925             11              7                    R 15      352222 6 6 2 3 2 2   198.0  186.0
452 7106.357059 1.769E-76 5.872E-07.03810.03822159.40720.110.027523             10              7                    S  3q     352222 5 7 2 3 2 2    66.0   42.0
452 7106.538901 1.880E-72 2.562E-08.01170.01219888.2438-.070.023665              4              2                    S 19q     352222 5 7 2 3 2 2   258.0  234.0
452 7106.668240 4.605E-81 5.382E-07.02400.02424464.9771-.080.032028             10              7                    S  9q     352222 5 7 2 3 2 2   138.0  114.0
452 7108.438298 6.588E-40 8.583E-05.01270.013 5950.2830-.050.019916              3              1                    R  7      352222 6 6 2 3 2 2   102.0   90.0
452 7111.253009 3.475E-41 8.933E-05.01210.012 6586.5133-.040.020577              3              1                    R  8      352222 6 6 2 3 2 2   114.0  102.0
452 7111.276418 3.786E-88 1.064E-05.04840.04828346.99840.090.039452             14              9                    P  8      352222 6 6 2 3 2 2    90.0  102.0
452 7111.457590 2.709E-82 9.342E-06.03010.03025615.9806-.000.038586             11              7                    P 11      352222 6 6 2 3 2 2   126.0  138.0
452 7112.300200 7.119E-88 4.288E-07.04310.04327582.06690.010.036642             13              9                    S  6q     352222 5 7 2 3 2 2   102.0   78.0
452 7114.528718 2.860E-38 1.754E-07.02340.023 3717.53230.110.017545              3              1                    S  1q     352222 5 7 2 3 2 2    42.0   18.0
452 7114.592409 2.913E-56 2.906E-09.01450.01411658.8713-.000.026687              4              1                    O 14q     352222 5 7 2 3 2 2   150.0  174.0
452 7117.908690 3.597E-59 2.088E-09.01590.01612932.55910.010.027699              5              2                    O 12q     352222 5 7 2 3 2 2   126.0  150.0
452 7120.807719 8.812E-87 1.293E-07.03390.03426912.45900.020.040383             11              7                    Q 13q     352222 5 7 2 3 2 2   162.0  162.0
452 7120.807719 2.639E-89 3.871E-10.03220.03226912.45900.000.040872             11              7                    Q 13m     352220 4 4 2 3 2 2   162.0  162.0
452 7123.787410 5.193E-69 8.843E-05.03440.03419385.21190.230.011842              9              6                    P  2      352222 6 6 2 3 2 2    18.0   30.0
452 7131.538089 7.165E-78 9.545E-10.01060.01121812.0164-.080.021475              3              1                    S 23q     352222 5 7 2 3 2 2   306.0  282.0
452 7131.642681 2.364E-86 2.020E-07.05610.05626453.66480.290.027346             13              9                    S  0q     352222 5 7 2 3 2 2    30.0    6.0
452 7131.867230 6.048E-91 1.159E-07.06680.06728514.59050.330.033087             15             10                    S  0q     352222 5 7 2 3 2 2    30.0    6.0
452 7135.149721 1.604E-86 4.092E-08.02580.02626690.57320.090.036263              5              1                    P 27      352222 6 6 2 3 2 2   318.0  330.0
452 7137.208192 8.861E-91 1.988E-07.06950.07028667.70520.280.038918             15             10                    S  2q     352222 5 7 2 3 2 2    54.0   30.0
452 7138.066168 9.703E-80 9.440E-05.02440.02425018.06080.110.034234              7              4                    R 19      352222 6 6 2 3 2 2   246.0  234.0
452 7143.116449 1.465E-83 3.605E-05.01980.02026682.60640.040.032080              5              2                    R 25      352222 6 6 2 3 2 2   318.0  306.0
452 7147.812851 5.219E-94 1.957E-10.04630.04628998.85920.070.047762             13              8                    Q 13m     352220 4 4 2 3 2 2   162.0  162.0
452 7147.812851 1.981E-91 7.431E-08.04830.04828998.85920.070.047136             13              8                    Q 13q     352222 5 7 2 3 2 2   162.0  162.0
452 7149.642821 6.691E-77 6.330E-07.03400.03422406.76580.040.027799             10              7                    S  4q     352222 5 7 2 3 2 2    78.0   54.0
452 7149.848630 9.448E-91 1.666E-07.06980.07028565.79200.320.037225             15             10                    S  1q     352222 5 7 2 3 2 2    42.0   18.0
452 7151.516390 5.541E-80 5.968E-07.02450.02423953.1231-.110.030801             10              7                    S  8q     352222 5 7 2 3 2 2   126.0  102.0
452 7152.472702 8.298E-64 5.384E-06.01850.01916779.03340.060.029039              6              3                    P 13      352222 6 6 2 3 2 2   150.0  162.0
452 7153.879718 2.022E-75 1.086E-10.03510.03519845.80430.140.021044              9              6                    Q  4m     382220 4 4 2 3 2 2    54.0   54.0
452 7153.879718 4.662E-72 2.503E-07.03730.03719845.80430.130.021446              9              6                    Q  4q     382222 5 7 2 3 2 2    54.0   54.0
452 7158.121920 1.195E-64 1.330E-05.01720.01717306.8553-.060.028283              7              4                    P 10      352222 6 6 2 3 2 2   114.0  126.0
452 7160.160070 1.001E-74 1.533E-04.02040.02022622.6780-.070.030318              9              6                    R 10      352222 6 6 2 3 2 2   138.0  126.0
452 7164.134619 2.127E-90 1.162E-08.05180.05227943.12720.130.035842             14              9                    O  7q     352222 5 7 2 3 2 2    66.0   90.0
452 7166.633582 2.169E-88 4.783E-06.04360.04428381.79670.060.043362             13              8                    P 12      352222 6 6 2 3 2 2   138.0  150.0
452 7166.826081 4.020E-84 7.328E-10.03250.03324464.97710.000.034994             11              7                    O  9q     352222 5 7 2 3 2 2    90.0  114.0
452 7168.470309 7.632E-29 1.575E-05.01920.019    0.00000.010.012800              2              0                    R  0      452222 6 6 2 3 2 2    18.0    6.0
452 7172.023811 1.411E-90 2.164E-09.04260.04327793.85360.050.042950             13              8                    O 11q     352222 5 7 2 3 2 2   114.0  138.0
452 7172.794220 2.602E-81 6.358E-05.02160.02225707.33200.080.032979              6              3                    R 22      352222 6 6 2 3 2 2   282.0  270.0
452 7173.133592 6.086E-82 5.936E-09.02790.02823931.50590.000.033841             10              6                    O 12q     352222 5 7 2 3 2 2   126.0  150.0
452 7174.381879 1.061E-49 3.888E-05.01090.01110571.0830-.030.020855              2              0                    R 16      352222 6 6 2 3 2 2   210.0  198.0
452 7174.579619 5.795E-85 1.670E-07.02250.02226154.1592-.060.030046              9              6                    S 15q     352222 5 7 2 3 2 2   210.0  186.0
452 7174.598468 8.744E-63 6.510E-07.01540.01515927.82270.010.028249              4              1                    P 18      352222 6 6 2 3 2 2   210.0  222.0
452 7175.280680 2.935E-87 4.404E-07.04550.04627266.71920.040.035778             13              9                    S  5q     352222 5 7 2 3 2 2    90.0   66.0
452 7176.362629 1.800E-77 6.567E-07.03060.03122712.3020-.020.028266             10              7                    S  5q     352222 5 7 2 3 2 2    90.0   66.0
452 7176.750380 8.365E-91 4.797E-07.03950.04029170.49690.090.043250             10              5                    P 21      352222 6 6 2 3 2 2   246.0  258.0
452 7177.791561 5.093E-79 6.377E-07.02580.02623488.2942-.110.029767             10              7                    S  7q     352222 5 7 2 3 2 2   114.0   90.0
452 7179.626640 1.470E-82 2.087E-06.02760.02825522.50730.020.037186              9              5                    P 17      352222 6 6 2 3 2 2   198.0  210.0
452 7182.990631 3.930E-77 1.310E-04.02820.02823803.07870.110.037407              8              5                    R 15      352222 6 6 2 3 2 2   198.0  186.0
452 7184.654569 3.627E-86 2.940E-07.05830.05826508.99920.270.032930             13              9                    S  1q     352222 5 7 2 3 2 2    42.0   18.0
452 7185.919480 3.521E-78 6.582E-07.02780.02823073.6997-.070.028922             10              7                    S  6q     352222 5 7 2 3 2 2   102.0   78.0
452 7186.198650 4.164E-88 2.851E-08.03020.03027321.36520.110.036463              8              5                    S 19q     352222 5 7 2 3 2 2   258.0  234.0
452 7188.323390 7.113E-75 4.470E-10.02630.02620050.46770.100.033709              8              5                    Q 10m     382220 4 4 2 3 2 2   126.0  126.0
452 7188.323390 2.923E-72 1.837E-07.02720.02720050.46770.090.034225              8              5                    Q 10q     382222 5 7 2 3 2 2   126.0  126.0
452 7191.761849 5.309E-82 4.710E-06.02870.02925383.76620.010.036071             10              6                    P 14      352222 6 6 2 3 2 2   162.0  174.0
452 7192.895350 1.426E-76 2.098E-08.01700.01721812.01640.030.029576              4              1                    Q 23q     382222 5 7 2 3 2 2   282.0  282.0
452 7192.895350 1.605E-78 2.360E-10.01670.01721812.01640.030.029757              4              1                    Q 23m     382220 4 4 2 3 2 2   282.0  282.0
452 7195.370479 6.979E-70 5.291E-08.01170.01218805.1728-.070.023665              4              2                    S 18q     352222 5 7 2 3 2 2   246.0  222.0
452 7196.194058 2.457E-79 6.888E-09.01220.01222931.6775-.020.021832              2              0                    S 26q     352222 5 7 2 3 2 2   342.0  318.0
452 7196.362231 2.574E-87 4.905E-06.01670.01728083.64850.020.029620              3              0                    R 30      352222 6 6 2 3 2 2   378.0  366.0
452 7196.592551 1.588E-92 3.601E-08.06720.06729019.33240.320.023888             16             10                    O  4q     352222 5 7 2 3 2 2    30.0   54.0
452 7196.899360 3.562E-47 4.706E-07.01630.016 8290.8754-.060.020001              4              2                    S  5q     352222 5 7 2 3 2 2    90.0   66.0
452 7197.786220 1.999E-87 8.329E-09.02400.02426802.79050.080.035035              4              0                    P 29      352222 6 6 2 3 2 2   342.0  354.0
452 7198.662549 1.690E-89 1.388E-08.03940.03927764.43120.080.039909             11              6                    O 17q     352222 5 7 2 3 2 2   186.0  210.0
452 7198.728262 5.007E-73 1.293E-07.01880.01920407.1305-.030.030431              7              4                    Q 14q     382222 5 7 2 3 2 2   174.0  174.0
452 7198.728262 2.295E-75 5.930E-10.01800.01820407.1305-.030.030666              7              4                    Q 14m     382220 4 4 2 3 2 2   174.0  174.0
452 7199.588420 1.315E-71 2.572E-07.04310.04319583.62610.220.018657              9              6                    Q  3q     382222 5 7 2 3 2 2    42.0   42.0
452 7199.588420 3.321E-75 6.493E-11.03860.03919583.62610.210.019795              9              6                    Q  3m     382220 4 4 2 3 2 2    42.0   42.0
452 7201.589681 5.716E-69 1.562E-04.03200.03219252.07530.140.012744              9              6                    P  1      352222 6 6 2 3 2 2     6.0   18.0
452 7202.506879 1.163E-79 1.377E-08.03270.03323102.42110.150.038800              8              4                    O 17q     352222 5 7 2 3 2 2   186.0  210.0
452 7205.834781 1.980E-91 3.481E-10.03760.03827997.35890.160.042394              8              4                    Q 22m     352220 4 4 2 3 2 2   270.0  270.0
452 7205.834781 2.584E-89 4.543E-08.03810.03827997.35890.160.041695              8              4                    Q 22q     352222 5 7 2 3 2 2   270.0  270.0
452 7210.482880 9.589E-84 7.523E-08.04610.04625079.69380.220.022024             12              8                    O  5q     352222 5 7 2 3 2 2    42.0   66.0
452 7211.370281 1.797E-85 1.649E-07.03920.03926241.83540.010.037115             12              8                    Q  8q     352222 5 7 2 3 2 2   102.0  102.0
452 7211.370281 2.129E-88 1.953E-10.03650.03726241.83540.020.037956             12              8                    Q  8m     352220 4 4 2 3 2 2   102.0  102.0
452 7212.917541 9.044E-87 4.321E-07.04940.04926999.68390.110.035066             13              9                    S  4q     352222 5 7 2 3 2 2    78.0   54.0
452 7214.809540 4.007E-90 7.753E-09.03690.03727997.35890.100.041016              9              4                    O 22q     352222 5 7 2 3 2 2   246.0  270.0
452 7216.558630 3.300E-86 3.586E-07.05700.05726619.17440.240.034096             13              9                    S  2q     352222 5 7 2 3 2 2    54.0   30.0
452 7219.153589 1.247E-65 3.594E-05.02950.03017860.54040.180.025696              8              5                    P  6      352222 6 6 2 3 2 2    66.0   78.0
452 7224.527490 6.348E-64 1.796E-08.02180.02215487.7747-.010.021966              7              4                    O  7q     352222 5 7 2 3 2 2    66.0   90.0
452 7226.324509 2.044E-86 4.044E-07.05330.05326783.21440.180.034511             13              9                    S  3q     352222 5 7 2 3 2 2    66.0   42.0
452 7230.581271 7.870E-92 1.378E-08.03010.03028983.74130.130.038223              6              2                    Q 27q     352222 5 7 2 3 2 2   330.0  330.0
452 7230.581271 8.526E-94 1.493E-10.02980.03028983.74130.120.038572              6              2                    Q 27m     352220 4 4 2 3 2 2   330.0  330.0
452 7230.667871 1.890E-87 7.112E-05.03110.03128596.75530.020.037704             10              6                    R 18      352222 6 6 2 3 2 2   234.0  222.0
452 7233.962540 3.075E-75 3.239E-11.04150.04119385.21190.270.017036              9              6                    Q  2m     382220 4 4 2 3 2 2    30.0   30.0
452 7233.962540 2.617E-71 2.756E-07.04570.04619385.21190.310.016159              9              6                    Q  2q     382222 5 7 2 3 2 2    30.0   30.0
452 7235.427730 1.088E-81 2.839E-05.03980.04025418.50010.090.029388             12              8                    P  6      352222 6 6 2 3 2 2    66.0   78.0
452 7235.532720 1.535E-83 4.171E-07.03060.03125707.33200.150.038284              7              3                    P 22      352222 6 6 2 3 2 2   258.0  270.0
452 7237.402730 4.462E-62 1.445E-07.01410.01415301.53590.000.025930              3              0                    P 20      352222 6 6 2 3 2 2   234.0  246.0
452 7238.875799 1.607E-73 1.556E-04.02090.02122031.4438-.080.029628              9              6                    R  9      352222 6 6 2 3 2 2   126.0  114.0
452 7239.337158 6.175E-90 1.012E-05.06760.06829019.33240.290.031946             16             10                    P  4      352222 6 6 2 3 2 2    42.0   54.0
452 7240.204282 1.250E-89 2.231E-07.03670.03728381.79670.000.037691             12              8                    S 12q     352222 5 7 2 3 2 2   174.0  150.0
452 7241.710951 1.168E-84 1.016E-04.03390.03427238.7909-.010.038187             12              8                    R 10      352222 6 6 2 3 2 2   138.0  126.0
452 7241.849290 1.101E-28 2.146E-05.02030.020   89.22790.120.014639              2              0                    R  1      452222 6 6 2 3 2 2    30.0   18.0
452 7243.899852 6.552E-87 9.720E-08.03210.03226948.97740.020.039506             10              6                    Q 16q     352222 5 7 2 3 2 2   198.0  198.0
452 7243.899852 2.852E-89 4.231E-10.03080.03126948.97740.020.039914             10              6                    Q 16m     352220 4 4 2 3 2 2   198.0  198.0
452 7246.070350 2.191E-47 4.051E-05.01090.011 9466.8059-.030.020855              2              0                    R 15      352222 6 6 2 3 2 2   198.0  186.0
452 7249.087410 2.294E-89 1.096E-08.04090.04127605.85860.070.042385             12              7                    O 14q     352222 5 7 2 3 2 2   150.0  174.0
452 7250.317942 1.909E-38 2.162E-07.02150.022 3887.67940.060.017820              3              1                    S  2q     352222 5 7 2 3 2 2    54.0   30.0
452 7250.393671 1.478E-74 4.680E-08.01870.01920991.04480.030.030777              5              2                    Q 20q     382222 5 7 2 3 2 2   246.0  246.0
452 7250.393671 1.300E-76 4.116E-10.01840.01820991.04480.040.031035              5              2                    Q 20m     382220 4 4 2 3 2 2   246.0  246.0
452 7255.326240 2.334E-73 8.333E-08.02070.02120509.10520.070.031535              6              3                    Q 17q     382222 5 7 2 3 2 2   210.0  210.0
452 7255.326240 1.529E-75 5.459E-10.02020.02020509.10520.070.031887              6              3                    Q 17m     382220 4 4 2 3 2 2   210.0  210.0
452 7256.924098 1.165E-75 1.078E-11.04190.04219252.07530.270.014044              9              6                    Q  1m     382220 4 4 2 3 2 2    18.0   18.0
452 7256.924098 4.172E-71 3.859E-07.03740.03719252.07530.250.014911              9              6                    Q  1q     382222 5 7 2 3 2 2    18.0   18.0
452 7256.948048 1.672E-75 6.819E-10.01060.01120605.6613-.080.021475              3              1                    S 22q     352222 5 7 2 3 2 2   294.0  270.0
452 7267.566961 5.292E-90 4.086E-10.02950.03027321.36520.030.037294              9              5                    Q 19m     352220 4 4 2 3 2 2   234.0  234.0
452 7267.566961 8.927E-88 6.892E-08.03050.03027321.36520.030.038721              9              5                    Q 19q     352222 5 7 2 3 2 2   234.0  234.0
452 7269.905119 5.735E-91 9.427E-10.02620.02627997.35890.110.034866              7              4                    S 22q     352222 5 7 2 3 2 2   294.0  270.0
452 7270.768359 4.425E-92 6.444E-09.02320.02328943.55430.080.033668              6              3                    S 25q     352222 5 7 2 3 2 2   330.0  306.0
452 7271.221580 7.691E-62 2.477E-06.01690.01715711.27810.030.029419              5              2                    P 15      352222 6 6 2 3 2 2   174.0  186.0
452 7271.756770 8.477E-67 1.443E-07.03150.03217113.26720.270.012983              8              5                    O  4q     352222 5 7 2 3 2 2    30.0   54.0
452 7272.115701 2.001E-91 7.775E-08.03480.03529063.84430.010.039154             11              7                    S 16q     352222 5 7 2 3 2 2   222.0  198.0
452 7272.596150 1.874E-67 8.840E-08.01170.01217745.4648-.070.023665              4              2                    S 17q     352222 5 7 2 3 2 2   234.0  210.0
452 7277.475619 4.128E-48 4.833E-07.01490.015 8760.9098-.090.020844              4              2                    S  6q     352222 5 7 2 3 2 2   102.0   78.0
452 7281.782289 1.457E-78 1.010E-08.02880.02922538.93850.150.036506              7              3                    O 19q     352222 5 7 2 3 2 2   210.0  234.0
452 7292.265781 8.722E-96 1.128E-11.07250.07329019.33240.250.036961             16             10                    Q  4m     352220 4 4 2 3 2 2    54.0   54.0
452 7292.265781 3.359E-92 4.345E-08.08020.08029019.33240.270.034711             16             10                    Q  4q     352222 5 7 2 3 2 2    54.0   54.0
452 7293.859591 2.817E-89 1.202E-06.04070.04128596.75530.080.041836             11              6                    P 18      352222 6 6 2 3 2 2   210.0  222.0
452 7295.575311 1.659E-61 5.843E-10.01900.01913697.76620.040.027495              6              3                    O  9q     352222 5 7 2 3 2 2    90.0  114.0
452 7295.909279 2.989E-88 5.456E-05.04840.04828790.52100.040.040911             14              9                    R  9      352222 6 6 2 3 2 2   126.0  114.0
452 7296.060340 5.409E-71 1.844E-07.02750.02719424.21230.100.032723              8              5                    Q  9q     382222 5 7 2 3 2 2   114.0  114.0
452 7296.060340 1.070E-73 3.647E-10.02630.02619424.21230.090.033625              8              5                    Q  9m     382220 4 4 2 3 2 2   114.0  114.0
452 7297.731469 1.892E-88 2.594E-06.04180.04228324.26960.060.044658             12              7                    P 15      352222 6 6 2 3 2 2   174.0  186.0
452 7302.024749 1.044E-92 4.795E-09.05510.05528998.85920.120.044774             14              8                    O 13q     352222 5 7 2 3 2 2   138.0  162.0
452 7303.343989 2.016E-72 1.559E-04.02190.02221487.1771-.070.027256              9              6                    R  8      352222 6 6 2 3 2 2   114.0  102.0
452 7303.359259 1.260E-78 7.638E-11.01540.01521640.19520.010.028642              3              0                    Q 25m     382220 4 4 2 3 2 2   306.0  306.0
452 7303.359259 9.723E-77 5.893E-09.01560.01621640.19520.010.027137              3              0                    Q 25q     382222 5 7 2 3 2 2   306.0  306.0
452 7305.703591 5.055E-94 2.223E-10.04470.04529063.84430.080.046693             12              7                    Q 16m     352220 4 4 2 3 2 2   198.0  198.0
452 7305.703591 1.294E-91 5.692E-08.04630.04629063.84430.080.046159             12              7                    Q 16q     352222 5 7 2 3 2 2   198.0  198.0
452 7306.483160 7.650E-29 2.574E-05.01910.019  267.06920.080.014314              2              0                    R  2      452222 6 6 2 3 2 2    42.0   30.0
452 7307.168691 3.342E-63 1.743E-05.01810.01816645.9546-.060.027564              7              4                    P  9      352222 6 6 2 3 2 2   102.0  114.0
452 7309.172141 3.700E-45 4.190E-05.01090.011 8402.1060-.030.020855              2              0                    R 14      352222 6 6 2 3 2 2   186.0  174.0
452 7310.003489 7.210E-84 1.796E-05.01800.01826690.57320.030.030770              4              1                    R 27      352222 6 6 2 3 2 2   342.0  330.0
452 7311.803701 3.792E-93 9.943E-11.05010.05028346.99840.080.044315             14              9                    Q  8m     352220 4 4 2 3 2 2   102.0  102.0
452 7311.803701 3.682E-90 9.656E-08.05370.05428346.99840.080.043263             14              9                    Q  8q     352222 5 7 2 3 2 2   102.0  102.0
452 7312.227571 5.668E-52 1.304E-09.01330.013 9466.8059-.000.025800              3              0                    O 15q     352222 5 7 2 3 2 2   162.0  186.0
452 7313.250219 5.780E-81 1.289E-05.03060.03125020.4493-.010.037697             11              7                    P 10      352222 6 6 2 3 2 2   114.0  126.0
452 7318.367679 3.206E-83 2.410E-07.02250.02225383.7662-.060.030046              9              6                    S 14q     352222 5 7 2 3 2 2   198.0  174.0
452 7319.397271 5.834E-62 7.223E-06.01850.01915937.87260.060.029039              6              3                    P 12      352222 6 6 2 3 2 2   138.0  150.0
452 7319.984110 1.062E-77 1.038E-04.02440.02424050.82880.110.034234              7              4                    R 18      352222 6 6 2 3 2 2   234.0  222.0
452 7322.428461 2.051E-75 1.401E-04.02820.02822982.49950.110.037407              8              5                    R 14      352222 6 6 2 3 2 2   186.0  174.0
452 7323.753211 1.008E-68 6.865E-05.03580.03619185.24610.190.018744              9              6                    R  0      352222 6 6 2 3 2 2    18.0    6.0
452 7328.838870 9.315E-58 1.083E-09.01590.01612095.37360.010.027699              5              2                    O 11q     352222 5 7 2 3 2 2   114.0  138.0
452 7329.992351 3.085E-87 1.493E-05.05010.05027943.12720.110.039421             14              9                    P  7      352222 6 6 2 3 2 2    78.0   90.0
452 7331.077221 3.605E-31 4.668E-08.02140.021    0.00000.060.015660              2              0                    S  0q     452222 5 7 2 3 2 2    30.0    6.0
452 7332.135460 7.174E-78 5.625E-09.02620.02622110.06960.120.034078              6              2                    O 21q     352222 5 7 2 3 2 2   234.0  258.0
452 7332.327970 2.335E-54 2.365E-09.01450.01410684.9868-.000.026687              4              1                    O 13q     352222 5 7 2 3 2 2   138.0  162.0
452 7333.535929 4.935E-88 3.280E-10.03220.03226247.90000.000.040872             11              7                    Q 12m     352220 4 4 2 3 2 2   150.0  150.0
452 7333.535929 1.945E-85 1.293E-07.03390.03426247.90000.020.040383             11              7                    Q 12q     352222 5 7 2 3 2 2   150.0  150.0
452 7337.627390 8.965E-65 4.555E-05.03080.03117455.43180.210.022625              8              5                    P  5      352222 6 6 2 3 2 2    54.0   66.0
452 7337.952741 3.905E-65 1.306E-07.01170.01216712.8762-.070.023665              4              2                    S 16q     352222 5 7 2 3 2 2   222.0  198.0
452 7340.584579 4.570E-90 4.332E-09.04320.04327862.60910.200.043419              8              3                    O 24q     352222 5 7 2 3 2 2   270.0  294.0
452 7341.078410 1.036E-73 5.145E-10.01800.01819571.3807-.030.030666              7              4                    Q 13m     382220 4 4 2 3 2 2   162.0  162.0
452 7341.078410 2.616E-71 1.299E-07.01880.01919571.3807-.030.030431              7              4                    Q 13q     382222 5 7 2 3 2 2   162.0  162.0
452 7341.870738 1.476E-79 1.257E-08.02660.02722982.49950.010.035187              9              5                    O 14q     352222 5 7 2 3 2 2   150.0  174.0
452 7343.546351 3.860E-77 2.193E-09.01220.01221640.1952-.020.021832              2              0                    S 25q     352222 5 7 2 3 2 2   330.0  306.0
452 7344.664781 3.278E-49 4.837E-07.01400.014 9301.2899-.090.021736              4              2                    S  7q     352222 5 7 2 3 2 2   114.0   90.0
452 7348.829910 1.654E-83 1.803E-07.02770.02825531.29630.120.037175              6              2                    P 24      352222 6 6 2 3 2 2   282.0  294.0
452 7349.864889 1.266E-84 1.651E-07.04190.04225806.85430.050.033226             12              8                    Q  7q     352222 5 7 2 3 2 2    90.0   90.0
452 7349.864889 1.155E-87 1.506E-10.03800.03825806.85430.020.036188             12              8                    Q  7m     352220 4 4 2 3 2 2    90.0   90.0
452 7351.345850 1.552E-89 1.670E-05.07060.07129019.33240.220.038501             16             10                    R  4      352222 6 6 2 3 2 2    66.0   54.0
452 7353.657199 1.936E-71 1.538E-04.02340.02320993.3413-.060.028093              9              6                    R  7      352222 6 6 2 3 2 2   102.0   90.0
452 7357.235171 2.404E-85 9.540E-05.03240.03227605.85860.000.037925             11              7                    R 14      352222 6 6 2 3 2 2   186.0  174.0
452 7358.480669 1.342E-77 2.257E-09.02420.02421812.01640.080.034775              5              1                    O 23q     352222 5 7 2 3 2 2   258.0  282.0
452 7361.903120 3.055E-29 2.946E-05.01680.017  532.3093-.000.016364              2              0                    R  3      452222 6 6 2 3 2 2    54.0   42.0
452 7363.345301 4.997E-43 4.297E-05.01090.011 7381.2989-.030.020855              2              0                    R 13      352222 6 6 2 3 2 2   174.0  162.0
452 7363.763140 2.429E-60 8.942E-07.01540.01514812.73310.010.028249              4              1                    P 17      352222 6 6 2 3 2 2   198.0  210.0
452 7364.716530 7.715E-78 5.159E-10.02260.02321640.19520.080.033683              4              0                    O 25q     352222 5 7 2 3 2 2   282.0  306.0
452 7366.315980 1.047E-81 1.203E-06.03480.03525018.06080.150.040852              8              4                    P 19      352222 6 6 2 3 2 2   222.0  234.0
452 7366.677880 3.990E-92 5.978E-08.06220.06228819.36090.330.020113             16             10                    O  3q     352222 5 7 2 3 2 2    18.0   42.0
452 7367.099228 1.613E-68 9.226E-05.03930.03919252.07530.250.021895              9              6                    R  1      352222 6 6 2 3 2 2    30.0   18.0
452 7372.114061 5.125E-72 6.752E-09.01060.01119410.7129-.080.021475              3              1                    S 21q     352222 5 7 2 3 2 2   282.0  258.0
452 7372.761839 5.355E-95 1.397E-11.05980.06028790.52100.130.045495             15              9                    O  9q     352222 5 7 2 3 2 2    90.0  114.0
452 7372.943722 4.177E-83 1.191E-07.04690.04724793.05910.280.015734             12              8                    O  4q     352222 5 7 2 3 2 2    30.0   54.0
452 7373.761631 5.738E-81 3.662E-05.04250.04325079.69380.150.027955             12              8                    P  5      352222 6 6 2 3 2 2    54.0   66.0
452 7374.202949 3.997E-81 4.043E-05.01980.02025531.29630.040.032080              5              2                    R 24      352222 6 6 2 3 2 2   306.0  294.0
452 7374.950500 7.572E-39 2.493E-07.01880.019 4141.42240.000.018143              3              1                    S  3q     352222 5 7 2 3 2 2    66.0   42.0
452 7377.344700 1.987E-82 3.679E-09.03450.03423953.12310.030.033145             11              7                    O  8q     352222 5 7 2 3 2 2    78.0  102.0
452 7380.529740 4.705E-79 7.074E-05.02160.02224639.31800.080.032979              6              3                    R 21      352222 6 6 2 3 2 2   270.0  258.0
452 7381.943701 1.744E-89 2.138E-08.05380.05427582.06690.180.029762             14              9                    O  6q     352222 5 7 2 3 2 2    54.0   78.0
452 7388.623449 7.202E-86 6.637E-08.03020.03026413.84960.110.036463              8              5                    S 18q     352222 5 7 2 3 2 2   246.0  222.0
452 7389.923422 1.396E-70 1.494E-04.02510.02520553.2040-.050.025470              9              6                    R  6      352222 6 6 2 3 2 2    90.0   78.0
452 7391.143169 6.453E-63 1.780E-07.01170.01215711.2781-.070.023665              4              2                    S 15q     352222 5 7 2 3 2 2   210.0  186.0
452 7391.697849 4.761E-76 2.193E-10.01670.01720605.66130.030.029757              4              1                    Q 22m     382220 4 4 2 3 2 2   270.0  270.0
452 7391.697849 4.575E-74 2.108E-08.01700.01720605.66130.030.029576              4              1                    Q 22q     382222 5 7 2 3 2 2   270.0  270.0
452 7393.688760 7.775E-70 1.849E-07.02810.02818848.14670.100.031011              8              5                    Q  8q     382222 5 7 2 3 2 2   102.0  102.0
452 7393.688760 1.224E-72 2.913E-10.02670.02718848.14670.100.030706              8              5                    Q  8m     382220 4 4 2 3 2 2   102.0  102.0
452 7396.563979 1.566E-89 1.420E-05.06620.06628819.36090.350.027305             16             10                    P  3      352222 6 6 2 3 2 2    30.0   42.0
452 7398.002601 1.384E-68 1.089E-04.03710.03719385.21190.200.023421              9              6                    R  2      352222 6 6 2 3 2 2    42.0   30.0
452 7398.198670 1.820E-50 4.720E-07.01390.014 9908.6568-.090.021452              4              2                    S  8q     352222 5 7 2 3 2 2   126.0  102.0
452 7398.810960 1.348E-83 1.079E-04.03450.03426720.2725-.010.037337             12              8                    R  9      352222 6 6 2 3 2 2   126.0  114.0
452 7404.654920 3.015E-89 2.671E-08.03330.03327862.60910.150.037915              7              3                    Q 24q     352222 5 7 2 3 2 2   294.0  294.0
452 7404.654920 2.710E-91 2.400E-10.03290.03327862.60910.150.039739              7              3                    Q 24m     352220 4 4 2 3 2 2   294.0  294.0
452 7407.713109 7.458E-30 3.279E-05.01470.015  883.1623-.040.017205              2              0                    R  4      452222 6 6 2 3 2 2    66.0   54.0
452 7408.261281 5.279E-41 4.369E-05.01090.011 6408.7707-.030.020855              2              0                    R 12      352222 6 6 2 3 2 2   162.0  150.0
452 7408.816068 8.607E-81 3.735E-09.02790.02823257.26970.000.033841             10              6                    O 11q     352222 5 7 2 3 2 2   114.0  138.0
452 7409.215221 9.708E-63 3.258E-08.02560.02614997.55080.090.021208              7              4                    O  6q     352222 5 7 2 3 2 2    54.0   78.0
452 7412.281799 7.403E-70 1.427E-04.02720.02720169.7853-.020.026349              9              6                    R  5      352222 6 6 2 3 2 2    78.0   66.0
452 7416.057922 7.590E-69 1.225E-04.03400.03419583.62610.120.024389              9              6                    R  3      352222 6 6 2 3 2 2    54.0   42.0
452 7419.306269 2.470E-71 8.369E-08.02070.02119529.67140.070.031535              6              3                    Q 16q     382222 5 7 2 3 2 2   198.0  198.0
452 7419.306269 1.441E-73 4.883E-10.02020.02019529.67140.070.031887              6              3                    Q 16m     382220 4 4 2 3 2 2   198.0  198.0
452 7420.914998 2.828E-69 1.337E-04.03050.03019845.80430.050.023475              9              6                    R  4      352222 6 6 2 3 2 2    66.0   54.0
452 7421.669140 2.400E-80 6.643E-06.02870.02924641.60850.010.036071             10              6                    P 13      352222 6 6 2 3 2 2   150.0  162.0
452 7421.789790 1.354E-88 1.215E-08.03800.03827321.36520.090.041418             10              5                    O 19q     352222 5 7 2 3 2 2   210.0  234.0
452 7430.495580 2.992E-66 2.308E-07.03030.03016836.46880.230.008808              8              5                    O  3q     352222 5 7 2 3 2 2    18.0   42.0
452 7431.852212 8.478E-61 2.284E-07.01170.01214744.6441-.070.023665              4              2                    S 14q     352222 5 7 2 3 2 2   198.0  174.0
452 7432.884959 2.475E-90 1.926E-09.03880.03927834.37910.180.041600              7              2                    O 26q     352222 5 7 2 3 2 2   294.0  318.0
452 7433.093280 1.285E-80 3.010E-06.02760.02824651.00810.020.037186              9              5                    P 16      352222 6 6 2 3 2 2   186.0  198.0
452 7433.121670 2.860E-72 4.703E-08.01870.01919888.24380.030.030777              5              2                    Q 19q     382222 5 7 2 3 2 2   234.0  234.0
452 7433.121670 2.289E-74 3.764E-10.01840.01819888.24380.040.031035              5              2                    Q 19m     382220 4 4 2 3 2 2   234.0  234.0
452 7433.593500 2.093E-59 1.987E-07.01410.01414079.83110.000.025930              3              0                    P 19      352222 6 6 2 3 2 2   222.0  234.0
452 7433.928341 5.923E-71 2.493E-07.03990.04019185.24610.190.021975              9              6                    S  0q     352222 5 7 2 3 2 2    30.0    6.0
452 7436.749149 7.862E-84 5.968E-08.02580.02625468.75020.090.036263              5              1                    P 26      352222 6 6 2 3 2 2   306.0  318.0
452 7437.935340 7.202E-52 4.492E-07.01170.01210579.3795-.070.023665              4              2                    S  9q     352222 5 7 2 3 2 2   138.0  114.0
452 7439.308590 7.378E-92 4.832E-08.08300.08328819.36090.340.029323             16             10                    Q  3q     352222 5 7 2 3 2 2    42.0   42.0
452 7439.308590 1.118E-95 7.323E-12.07460.07528819.36090.310.032814             16             10                    Q  3m     352220 4 4 2 3 2 2    42.0   42.0
452 7442.492839 1.422E-81 3.191E-07.02250.02224641.6085-.060.030046              9              6                    S 13q     352222 5 7 2 3 2 2   186.0  162.0
452 7443.499219 2.533E-88 2.945E-07.03670.03727793.85360.000.037691             12              8                    S 11q     352222 5 7 2 3 2 2   162.0  138.0
452 7443.598001 1.153E-30 3.575E-05.01320.013 1317.3118-.060.018013              2              0                    R  5      452222 6 6 2 3 2 2    78.0   66.0
452 7443.615369 4.263E-39 4.398E-05.01090.011 5488.9439-.030.020855              2              0                    R 11      352222 6 6 2 3 2 2   150.0  138.0
452 7447.606551 4.496E-64 5.736E-05.03210.03217113.26720.240.018952              8              5                    P  4      352222 6 6 2 3 2 2    42.0   54.0
452 7448.108631 9.107E-74 1.484E-04.02820.02822193.09500.110.037407              8              5                    R 13      352222 6 6 2 3 2 2   174.0  162.0
452 7448.451041 1.009E-59 3.338E-06.01690.01714744.64410.030.029419              5              2                    P 14      352222 6 6 2 3 2 2   162.0  174.0
452 7449.909120 7.028E-62 2.253E-05.01930.01916038.3853-.040.026639              7              4                    P  8      352222 6 6 2 3 2 2    90.0  102.0
452 7454.937589 1.318E-84 5.505E-06.01670.01726802.79050.020.029620              3              0                    R 29      352222 6 6 2 3 2 2   366.0  354.0
452 7455.576281 8.150E-90 1.017E-09.04400.04427238.79090.050.042534             13              8                    O 10q     352222 5 7 2 3 2 2   102.0  126.0
452 7458.350650 4.777E-87 7.171E-06.04360.04427793.85360.060.043362             13              8                    P 11      352222 6 6 2 3 2 2   126.0  138.0
452 7459.762620 8.793E-59 2.797E-07.01170.01213817.0319-.070.023665              4              2                    S 13q     352222 5 7 2 3 2 2   186.0  162.0
452 7463.847349 2.072E-53 4.166E-07.01170.01211309.6164-.070.023665              4              2                    S 10q     352222 5 7 2 3 2 2   150.0  126.0
452 7464.707461 9.021E-78 1.362E-08.03270.03322176.49620.150.038800              8              4                    O 16q     352222 5 7 2 3 2 2   174.0  198.0
452 7467.068591 7.864E-93 1.732E-10.04630.04628381.79670.070.047762             13              8                    Q 12m     352220 4 4 2 3 2 2   150.0  150.0
452 7467.068591 3.476E-90 7.654E-08.04830.04828381.79670.070.047136             13              8                    Q 12q     352222 5 7 2 3 2 2   150.0  150.0
452 7469.137599 2.571E-37 4.383E-05.01090.011 4626.2361-.030.020855              2              0                    R 10      352222 6 6 2 3 2 2   138.0  126.0
452 7469.328521 1.161E-31 3.830E-05.01230.012 1831.9614-.060.018699              2              0                    R  6      452222 6 6 2 3 2 2    90.0   78.0
452 7470.759131 7.026E-84 1.654E-07.04430.04425418.50010.060.033030             12              8                    Q  6q     382222 5 7 2 3 2 2    78.0   78.0
452 7470.759131 4.772E-87 1.123E-10.04060.04125418.50010.070.034180             12              8                    Q  6m     382220 4 4 2 3 2 2    78.0   78.0
452 7474.436598 3.846E-72 4.422E-10.01800.01818773.4636-.030.030666              7              4                    Q 12m     382220 4 4 2 3 2 2   150.0  150.0
452 7474.436598 1.133E-69 1.302E-07.01880.01918773.4636-.030.030431              7              4                    Q 12q     382222 5 7 2 3 2 2   150.0  150.0
452 7474.571488 7.113E-57 3.297E-07.01170.01212932.5591-.070.023665              4              2                    S 12q     352222 5 7 2 3 2 2   174.0  150.0
452 7476.007308 4.419E-55 3.761E-07.01170.01212095.3736-.070.023665              4              2                    S 11q     352222 5 7 2 3 2 2   162.0  138.0
452 7476.881110 4.112E-69 1.877E-08.01060.01118230.4511-.080.021475              3              1                    S 20q     352222 5 7 2 3 2 2   270.0  246.0
452 7481.045510 1.039E-71 2.263E-10.02740.02718325.80890.110.029322              8              5                    Q  7m     382220 4 4 2 3 2 2    90.0   90.0
452 7481.045510 8.514E-69 1.855E-07.02910.02918325.80890.110.029019              8              5                    Q  7q     382222 5 7 2 3 2 2    90.0   90.0
452 7481.410890 3.235E-60 9.538E-06.01850.01915141.26730.060.029039              6              3                    P 11      352222 6 6 2 3 2 2   126.0  138.0
452 7481.740541 1.038E-75 1.216E-10.01220.01220352.6387-.020.021832              2              0                    S 24q     352222 5 7 2 3 2 2   318.0  294.0
452 7484.324429 4.628E-31 6.884E-08.02110.021   89.22790.070.017248              2              0                    S  1q     452222 5 7 2 3 2 2    42.0   18.0
452 7484.603749 1.132E-35 4.319E-05.01090.011 3825.0127-.040.019268              2              0                    R  9      352222 6 6 2 3 2 2   126.0  114.0
452 7484.763009 7.780E-33 4.041E-05.01160.012 2423.8938-.050.019326              2              0                    R  7      452222 6 6 2 3 2 2   102.0   90.0
452 7487.603301 1.878E-39 2.756E-07.01660.017 4477.0282-.060.018808              3              1                    S  4q     352222 5 7 2 3 2 2    78.0   54.0
452 7488.595290 1.055E-75 1.131E-04.02440.02423102.42110.110.034234              7              4                    R 17      352222 6 6 2 3 2 2   222.0  210.0
452 7489.845959 3.554E-34 4.205E-05.01120.011 3089.5336-.050.018709              2              0                    R  8      452222 6 6 2 3 2 2   114.0  102.0
452 7490.716901 1.051E-87 3.725E-10.03080.03126154.15920.020.039914             10              6                    Q 15m     352220 4 4 2 3 2 2   186.0  186.0
452 7490.716901 2.728E-85 9.673E-08.03210.03226154.15920.020.039506             10              6                    Q 15q     352222 5 7 2 3 2 2   186.0  186.0
452 7492.237220 3.745E-89 1.935E-05.07260.07328819.36090.250.036892             16             10                    R  3      352222 6 6 2 3 2 2    54.0   42.0
452 7494.483010 1.459E-59 2.800E-09.02230.02213058.72120.090.024605              6              3                    O  8q     352222 5 7 2 3 2 2    78.0  102.0
452 7497.117629 2.216E-80 4.667E-05.04500.04524793.05910.220.023905             12              8                    P  4      352222 6 6 2 3 2 2    42.0   54.0
452 7497.252689 5.957E-91 6.275E-10.03590.03627909.29320.160.038973              6              1                    O 28q     352222 5 7 2 3 2 2   318.0  342.0
452 7502.327500 9.823E-80 1.731E-05.03190.03224464.97710.010.036508             11              7                    P  9      352222 6 6 2 3 2 2   102.0  114.0
452 7502.840799 1.316E-84 1.184E-08.02400.02425515.54620.080.035035              4              0                    P 28      352222 6 6 2 3 2 2   330.0  342.0
452 7502.983461 6.065E-92 1.353E-07.05820.05828667.70520.310.021196             16             10                    O  2q     352222 5 7 2 3 2 2     6.0   30.0
452 7507.788788 2.153E-89 5.140E-06.05920.05928790.52100.130.045114             15              9                    P  9      352222 6 6 2 3 2 2   102.0  114.0
452 7508.442090 9.155E-88 1.280E-08.02620.02626994.78250.110.034866              7              4                    S 21q     352222 5 7 2 3 2 2   282.0  258.0
452 7509.970581 5.637E-76 7.197E-11.01540.01520352.63870.010.028642              3              0                    Q 24m     382220 4 4 2 3 2 2   294.0  294.0
452 7509.970581 4.632E-74 5.914E-09.01560.01620352.63870.010.027137              3              0                    Q 24q     382222 5 7 2 3 2 2   294.0  294.0
452 7510.363009 1.103E-90 1.948E-07.05150.05228790.52100.060.045410             14              9                    S  9q     352222 5 7 2 3 2 2   138.0  114.0
452 7512.781419 2.933E-87 4.487E-08.03810.03826994.78250.160.041695              8              4                    Q 21q     352222 5 7 2 3 2 2   258.0  258.0
452 7512.781419 2.097E-89 3.209E-10.03760.03826994.78250.160.042394              8              4                    Q 21m     352220 4 4 2 3 2 2   258.0  258.0
452 7515.147529 1.784E-92 7.864E-11.05170.05227943.12720.090.042260             14              9                    Q  7m     352220 4 4 2 3 2 2    90.0   90.0
452 7515.147529 2.218E-89 9.779E-08.05580.05627943.12720.100.041035             14              9                    Q  7q     352222 5 7 2 3 2 2    90.0   90.0
452 7516.809009 3.538E-81 6.056E-07.03060.03124639.31800.150.038284              7              3                    P 21      352222 6 6 2 3 2 2   246.0  258.0
452 7518.333620 2.660E-89 1.986E-05.06070.06128667.70520.340.025083             16             10                    P  2      352222 6 6 2 3 2 2    18.0   30.0
452 7521.521449 1.218E-82 1.948E-07.04510.04524560.87360.270.012729             12              8                    O  3q     352222 5 7 2 3 2 2    18.0   42.0
452 7523.054329 2.505E-87 6.221E-05.04980.05028346.99840.050.042118             14              9                    R  8      352222 6 6 2 3 2 2   114.0  102.0
452 7525.194920 1.935E-86 2.017E-05.05210.05227582.06690.140.036771             14              9                    P  6      352222 6 6 2 3 2 2    66.0   78.0
452 7525.703338 1.103E-85 8.294E-05.03110.03127764.43120.020.037704             10              6                    R 17      352222 6 6 2 3 2 2   222.0  210.0
452 7528.727721 3.650E-84 1.288E-07.03390.03425615.98060.020.040383             11              7                    Q 11q     382222 5 7 2 3 2 2   138.0  138.0
452 7528.727721 7.836E-87 2.765E-10.03220.03225615.98060.000.040872             11              7                    Q 11m     382220 4 4 2 3 2 2   138.0  138.0
452 7531.139289 8.616E-71 3.679E-07.04050.04019252.07530.200.026604              9              6                    S  1q     352222 5 7 2 3 2 2    42.0   18.0
452 7533.426822 1.254E-82 1.123E-04.03550.03626241.83540.000.034416             12              8                    R  8      352222 6 6 2 3 2 2   114.0  102.0
452 7535.766680 7.804E-50 1.165E-09.01330.013 8402.1060-.000.025800              3              0                    O 14q     352222 5 7 2 3 2 2   150.0  174.0
452 7538.264091 5.024E-92 1.161E-10.03390.03428083.64850.130.039908              5              0                    O 30q     352222 5 7 2 3 2 2   342.0  366.0
452 7538.530529 9.919E-57 2.992E-10.01650.01611309.61640.000.027705              5              2                    O 10q     352222 5 7 2 3 2 2   102.0  126.0
452 7543.936769 7.268E-92 6.178E-11.02320.02327862.60910.080.033668              6              3                    S 24q     352222 5 7 2 3 2 2   318.0  294.0
452 7545.465170 6.415E-86 6.832E-08.03050.03026413.84960.030.038721              9              5                    Q 18q     352222 5 7 2 3 2 2   222.0  222.0
452 7545.465170 3.471E-88 3.697E-10.02950.03026413.84960.030.037294              9              5                    Q 18m     352220 4 4 2 3 2 2   222.0  222.0
452 7546.541541 7.857E-88 1.439E-08.03940.03926948.97740.080.039909             11              6                    O 16q     352222 5 7 2 3 2 2   174.0  198.0
452 7547.508980 5.074E-80 3.968E-07.02250.02223931.5059-.060.030046              9              6                    S 12q     352222 5 7 2 3 2 2   174.0  150.0
452 7548.219729 1.200E-91 5.420E-08.08630.08628667.70520.410.027271             16             10                    Q  2q     352222 5 7 2 3 2 2    30.0   30.0
452 7548.219729 8.528E-96 3.852E-12.07480.07528667.70520.380.028936             16             10                    Q  2m     352220 4 4 2 3 2 2    30.0   30.0
452 7548.555211 1.519E-63 7.259E-05.03270.03316836.46880.280.014487              8              5                    P  3      352222 6 6 2 3 2 2    30.0   42.0
452 7549.636859 2.777E-81 2.015E-05.01800.01825468.75020.030.030770              4              1                    R 26      352222 6 6 2 3 2 2   330.0  318.0
452 7549.917790 5.746E-58 1.208E-06.01540.01513726.87670.010.028249              4              1                    P 16      352222 6 6 2 3 2 2   186.0  198.0
452 7550.037109 1.352E-52 1.746E-09.01450.014 9756.8184-.000.026687              4              1                    O 12q     352222 5 7 2 3 2 2   126.0  150.0
452 7550.419961 1.916E-76 1.036E-08.02880.02921513.42450.150.036506              7              3                    O 18q     352222 5 7 2 3 2 2   198.0  222.0
452 7551.317282 1.864E-91 8.004E-08.07650.07728819.36090.220.042884             16             10                    S  3q     352222 5 7 2 3 2 2    66.0   42.0
452 7557.959830 6.346E-71 1.697E-10.02850.02817860.54040.120.028132              8              5                    Q  6m     382220 4 4 2 3 2 2    78.0   78.0
452 7557.959830 6.965E-68 1.862E-07.03280.03317860.54040.150.026750              8              5                    Q  6q     382222 5 7 2 3 2 2    78.0   78.0
452 7560.140869 3.372E-72 1.554E-04.02820.02821438.71850.110.037407              8              5                    R 12      352222 6 6 2 3 2 2   162.0  150.0
452 7566.345321 1.115E-89 1.362E-07.03480.03528324.26960.010.039154             11              7                    S 15q     352222 5 7 2 3 2 2   210.0  186.0
452 7568.042909 5.264E-88 1.024E-08.04090.04126912.45900.070.042385             12              7                    O 13q     352222 5 7 2 3 2 2   138.0  162.0
452 7570.648949 8.693E-84 1.161E-07.03020.03025522.50730.110.036463              8              5                    S 17q     352222 5 7 2 3 2 2   234.0  210.0
452 7571.019488 2.100E-66 3.621E-08.01060.01117068.2987-.080.021475              3              1                    S 19q     352222 5 7 2 3 2 2   258.0  234.0
452 7572.166799 1.796E-89 1.341E-08.03010.03027834.37910.130.038223              6              2                    Q 26q     352222 5 7 2 3 2 2   318.0  318.0
452 7572.166799 1.901E-91 1.419E-10.02980.03027834.37910.120.038572              6              2                    Q 26m     352220 4 4 2 3 2 2   318.0  318.0
452 7574.233959 3.012E-83 1.660E-07.04850.04825079.69380.130.030243             12              8                    Q  5q     382222 5 7 2 3 2 2    66.0   66.0
452 7574.233959 1.452E-86 8.001E-11.04360.04425079.69380.110.031598             12              8                    Q  5m     382220 4 4 2 3 2 2    66.0   66.0
452 7575.244721 1.174E-71 4.344E-10.02020.02018578.91470.070.031887              6              3                    Q 15m     382220 4 4 2 3 2 2   186.0  186.0
452 7575.244721 2.268E-69 8.392E-08.02070.02118578.91470.070.031535              6              3                    Q 15q     382222 5 7 2 3 2 2   186.0  186.0
452 7575.461191 8.047E-77 7.822E-05.02160.02223582.06220.080.032979              6              3                    R 20      352222 6 6 2 3 2 2   258.0  246.0
452 7577.974820 4.189E-81 1.010E-08.03660.03723488.29420.080.030451             11              7                    O  7q     352222 5 7 2 3 2 2    66.0   90.0
452 7579.389269 1.032E-88 3.703E-08.05570.05627266.71920.230.024991             14              9                    O  5q     352222 5 7 2 3 2 2    42.0   66.0
452 7580.638520 5.843E-66 5.087E-07.02930.02916627.04560.140.009045              8              5                    O  2q     352222 5 7 2 3 2 2     6.0   30.0
452 7581.382221 9.415E-87 6.282E-05.03000.03028241.43830.030.037523              9              5                    R 20      352222 6 6 2 3 2 2   258.0  246.0
452 7583.059991 6.875E-84 1.065E-04.03240.03226912.45900.000.037925             11              7                    R 13      352222 6 6 2 3 2 2   174.0  162.0
452 7584.069790 1.337E-73 2.038E-10.01670.01719410.71290.030.029757              4              1                    Q 21m     382220 4 4 2 3 2 2   258.0  258.0
452 7584.069790 1.388E-71 2.115E-08.01700.01719410.71290.030.029576              4              1                    Q 21q     382222 5 7 2 3 2 2   258.0  258.0
452 7585.925180 1.089E-60 2.874E-05.02080.02115487.7747-.020.023852              7              4                    P  7      352222 6 6 2 3 2 2    78.0   90.0
452 7585.984912 1.074E-88 7.907E-07.03950.04028241.43830.090.043250             10              5                    P 20      352222 6 6 2 3 2 2   234.0  246.0
452 7586.006520 1.952E-93 3.101E-09.06940.06928819.36090.340.023757             17             10                    O  3q     352222 5 7 2 3 2 2    18.0   42.0
452 7587.585619 3.004E-40 2.952E-07.01470.015 4892.2491-.080.019510              3              1                    S  5q     352222 5 7 2 3 2 2    90.0   66.0
452 7588.522300 9.660E-62 5.495E-08.02760.02814570.88510.140.018071              7              4                    O  5q     352222 5 7 2 3 2 2    42.0   66.0
452 7589.743082 5.133E-78 1.095E-08.02660.02722193.09500.010.035187              9              5                    O 13q     352222 5 7 2 3 2 2   138.0  162.0
452 7590.964340 6.139E-89 2.003E-05.07270.07328667.70520.330.035174             16             10                    R  2      352222 6 6 2 3 2 2    42.0   30.0
452 7592.722079 1.071E-78 4.513E-05.01980.02024383.39480.040.032080              5              2                    R 23      352222 6 6 2 3 2 2   294.0  282.0
452 7594.149730 4.840E-88 8.342E-09.03690.03726994.78250.100.041016              9              4                    O 21q     352222 5 7 2 3 2 2   234.0  258.0
452 7598.666071 1.148E-70 3.756E-10.01800.01818017.3147-.030.030666              7              4                    Q 11m     382220 4 4 2 3 2 2   138.0  138.0
452 7598.666071 3.985E-68 1.304E-07.01880.01918017.3147-.030.030431              7              4                    Q 11q     382222 5 7 2 3 2 2   138.0  138.0
452 7604.896591 2.557E-89 3.571E-05.05420.05428565.79200.290.026484             16             10                    P  1      352222 6 6 2 3 2 2     6.0   18.0
452 7605.129209 6.060E-80 5.947E-05.04740.04724560.87360.300.019635             12              8                    P  3      352222 6 6 2 3 2 2    30.0   42.0
452 7605.710711 1.525E-75 5.889E-09.02620.02620991.04480.120.034078              6              2                    O 20q     352222 5 7 2 3 2 2   222.0  246.0
452 7608.676980 3.654E-72 3.432E-10.01840.01818805.17280.040.031035              5              2                    Q 18m     382220 4 4 2 3 2 2   222.0  222.0
452 7608.676980 5.023E-70 4.718E-08.01870.01918805.17280.030.030777              5              2                    Q 18q     382222 5 7 2 3 2 2   222.0  222.0
452 7610.715160 2.374E-72 5.918E-10.01220.01219071.8914-.020.021832              2              0                    S 23q     352222 5 7 2 3 2 2   306.0  282.0
452 7614.472099 7.051E-71 4.572E-07.03860.03919385.21190.160.027007              9              6                    S  2q     352222 5 7 2 3 2 2    54.0   30.0
452 7616.155070 4.055E-87 3.591E-07.03670.03727238.79090.000.037691             12              8                    S 10q     352222 5 7 2 3 2 2   150.0  126.0
452 7620.246761 1.665E-91 7.783E-08.06400.06428565.79200.360.028192             16             10                    Q  1q     352222 5 7 2 3 2 2    18.0   18.0
452 7620.246761 2.833E-96 1.324E-12.07230.07228565.79200.380.026361             16             10                    Q  1m     352220 4 4 2 3 2 2    18.0   18.0
452 7621.686810 1.077E-57 4.432E-06.01690.01713817.03190.030.029419              5              2                    P 13      352222 6 6 2 3 2 2   150.0  162.0
452 7624.262149 4.176E-67 1.874E-07.03440.03417455.43180.190.023913              8              5                    Q  5q     382222 5 7 2 3 2 2    66.0   66.0
452 7624.262149 2.700E-70 1.212E-10.03200.03217455.43180.180.025527              8              5                    Q  5m     382220 4 4 2 3 2 2    66.0   66.0
452 7627.143209 3.013E-31 8.593E-08.01930.019  267.06920.040.017527              2              0                    S  2q     452222 5 7 2 3 2 2    54.0   30.0
452 7627.482370 8.611E-57 2.689E-07.01410.01412881.62290.000.025930              3              0                    P 18      352222 6 6 2 3 2 2   210.0  222.0
452 7629.765729 1.445E-79 1.709E-06.03480.03524050.82880.150.040852              8              4                    P 18      352222 6 6 2 3 2 2   210.0  222.0
452 7631.494209 8.099E-87 3.970E-06.04180.04227605.85860.060.044658             12              7                    P 14      352222 6 6 2 3 2 2   162.0  174.0
452 7633.810701 1.449E-78 4.697E-07.02250.02223257.2697-.060.030046              9              6                    S 11q     352222 5 7 2 3 2 2   162.0  138.0
452 7635.777192 4.432E-75 2.392E-09.02420.02420605.66130.080.034775              5              1                    O 22q     352222 5 7 2 3 2 2   246.0  270.0
452 7636.452979 5.534E-81 2.568E-07.02770.02824383.39480.120.037175              6              2                    P 23      352222 6 6 2 3 2 2   270.0  282.0
452 7636.941230 7.061E-80 1.665E-09.02910.02922622.6780-.000.035567             10              6                    O 10q     352222 5 7 2 3 2 2   102.0  126.0
452 7638.203320 1.387E-58 1.242E-05.01880.01914393.24060.060.028251              6              3                    P 10      352222 6 6 2 3 2 2   114.0  126.0
452 7639.918700 3.247E-63 9.571E-05.03140.03116627.04560.260.012125              8              5                    P  2      352222 6 6 2 3 2 2    18.0   30.0
452 7640.139449 9.009E-79 9.102E-06.02870.02923931.50590.010.036071             10              6                    P 12      352222 6 6 2 3 2 2   138.0  150.0
452 7643.892959 3.189E-91 8.205E-08.07890.07928667.70520.280.041899             16             10                    S  2q     352222 5 7 2 3 2 2    54.0   30.0
452 7644.224629 9.327E-74 1.223E-04.02440.02422176.49620.110.034234              7              4                    R 16      352222 6 6 2 3 2 2   210.0  198.0
452 7644.720379 3.822E-75 5.506E-10.02260.02320352.63870.080.033683              4              0                    O 24q     352222 5 7 2 3 2 2   270.0  294.0
452 7646.351340 9.206E-82 1.146E-04.03700.03725806.85430.020.035458             12              8                    R  7      352222 6 6 2 3 2 2   102.0   90.0
452 7650.132860 6.650E-89 1.880E-05.06910.06928565.79200.360.034832             16             10                    R  1      352222 6 6 2 3 2 2    30.0   18.0
452 7654.239601 8.077E-64 5.842E-08.01060.01115927.8227-.080.021475              3              1                    S 18q     352222 5 7 2 3 2 2   246.0  222.0
452 7655.318040 2.067E-82 4.372E-07.04310.04324385.02380.220.012443             12              8                    O  2q     352222 5 7 2 3 2 2     6.0   30.0
452 7658.566811 1.021E-70 1.609E-04.02820.02820723.23010.110.037407              8              5                    R 11      352222 6 6 2 3 2 2   150.0  138.0
452 7660.396390 9.792E-83 1.674E-07.05290.05324793.05910.200.026942             12              8                    Q  4q     382222 5 7 2 3 2 2    54.0   54.0
452 7660.396390 3.115E-86 5.326E-11.04700.04724793.05910.160.028499             12              8                    Q  4m     382220 4 4 2 3 2 2    54.0   54.0
452 7665.880851 2.163E-87 1.892E-06.04070.04127764.43120.080.041836             11              6                    P 17      352222 6 6 2 3 2 2   198.0  210.0
452 7671.448309 4.049E-89 1.496E-05.06160.06228514.59050.310.031365             16             10                    R  0      352222 6 6 2 3 2 2    18.0    6.0
452 7674.347672 3.172E-41 3.077E-07.01350.013 5384.3736-.100.020249              3              1                    S  6q     352222 5 7 2 3 2 2   102.0   78.0
452 7675.936160 9.691E-79 4.199E-06.02760.02823803.07870.020.037186              9              5                    P 15      352222 6 6 2 3 2 2   174.0  186.0
452 7677.919479 1.445E-92 2.052E-10.04470.04528324.26960.080.046693             12              7                    Q 15m     352220 4 4 2 3 2 2   186.0  186.0
452 7677.919479 4.106E-90 5.829E-08.04630.04628324.26960.080.046159             12              7                    Q 15q     352222 5 7 2 3 2 2   186.0  186.0
452 7678.680099 1.309E-78 2.276E-05.03330.03323953.12310.030.035019             11              7                    P  8      352222 6 6 2 3 2 2    90.0  102.0
452 7679.792041 7.657E-70 8.078E-11.03390.03417113.26720.210.021464              8              5                    Q  4m     382220 4 4 2 3 2 2    54.0   54.0
452 7679.792041 1.797E-66 1.896E-07.03710.03717113.26720.220.019779              8              5                    Q  4q     382222 5 7 2 3 2 2    54.0   54.0
452 7683.093198 3.732E-71 5.288E-07.03480.03519583.62610.090.027010              9              6                    S  3q     352222 5 7 2 3 2 2    66.0   42.0
452 7685.556199 1.033E-92 3.914E-10.06100.06128346.99840.150.043064             15              9                    O  8q     352222 5 7 2 3 2 2    78.0  102.0
452 7689.950879 5.201E-58 7.451E-09.02310.02312479.83460.130.024139              6              3                    O  7q     352222 5 7 2 3 2 2    66.0   90.0
452 7691.052651 6.512E-92 5.999E-11.05370.05427582.06690.120.039924             14              9                    Q  6m     352220 4 4 2 3 2 2    78.0   78.0
452 7691.052652 1.069E-88 9.844E-08.05850.05827582.06690.130.038493             14              9                    Q  6q     352222 5 7 2 3 2 2    78.0   78.0
452 7692.877471 3.526E-91 7.199E-08.07800.07828565.79200.340.040072             16             10                    S  1q     352222 5 7 2 3 2 2    42.0   18.0
452 7697.291461 9.210E-86 2.650E-05.05420.05427266.71920.190.031165             14              9                    P  5      352222 6 6 2 3 2 2    54.0   66.0
452 7697.371229 1.103E-79 7.864E-05.04480.04524385.02380.290.017155             12              8                    P  2      352222 6 6 2 3 2 2    18.0   30.0
452 7701.334411 2.270E-91 5.070E-08.07420.07428514.59050.350.035960             16             10                    S  0q     352222 5 7 2 3 2 2    30.0    6.0
452 7701.692259 3.274E-77 5.338E-07.02250.02222622.6780-.060.030046              9              6                    S 10q     352222 5 7 2 3 2 2   150.0  126.0
452 7701.881049 6.982E-82 6.169E-06.01670.01725515.54620.020.029620              3              0                    R 28      352222 6 6 2 3 2 2   354.0  342.0
452 7704.633520 1.753E-91 4.893E-09.05510.05528381.79670.120.044774             14              8                    O 12q     352222 5 7 2 3 2 2   126.0  150.0
452 7706.988880 5.714E-83 1.280E-07.03440.03425020.44930.010.039280             11              7                    Q 10q     382222 5 7 2 3 2 2   126.0  126.0
452 7706.988880 1.031E-85 2.309E-10.03260.03325020.44930.010.039823             11              7                    Q 10m     382220 4 4 2 3 2 2   126.0  126.0
452 7710.935450 2.136E-71 5.930E-09.01560.01619071.89140.010.027137              3              0                    Q 23q     382222 5 7 2 3 2 2   282.0  282.0
452 7710.935450 2.440E-73 6.776E-11.01540.01519071.89140.010.028642              3              0                    Q 23m     382220 4 4 2 3 2 2   282.0  282.0
452 7712.619361 6.253E-92 6.482E-11.02760.02827909.29320.080.037589              5              1                    Q 28m     352220 4 4 2 3 2 2   342.0  342.0
452 7712.619361 5.045E-90 5.229E-09.02780.02827909.29320.080.037336              5              1                    Q 28q     352222 5 7 2 3 2 2   342.0  342.0
452 7713.594129 2.689E-69 3.143E-10.01840.01817306.8553-.040.030019              7              4                    Q 10m     382220 4 4 2 3 2 2   126.0  126.0
452 7713.594129 1.117E-66 1.305E-07.01920.01917306.8553-.040.028279              7              4                    Q 10q     382222 5 7 2 3 2 2   126.0  126.0
452 7714.751430 1.219E-59 3.628E-05.02490.02514997.55080.040.022489              7              4                    P  6      352222 6 6 2 3 2 2    66.0   78.0
452 7715.674809 1.658E-86 6.799E-05.05070.05127943.12720.080.041065             14              9                    R  7      352222 6 6 2 3 2 2   102.0   90.0
452 7720.397819 4.297E-89 2.267E-10.03290.03326782.82670.150.039739              7              3                    Q 23m     352220 4 4 2 3 2 2   282.0  282.0
452 7720.397819 4.957E-87 2.615E-08.03330.03326782.82670.150.037915              7              3                    Q 23q     352222 5 7 2 3 2 2   282.0  282.0
452 7720.432540 3.451E-86 3.285E-10.03080.03125383.76620.020.039914             10              6                    Q 14m     372220 4 4 2 3 2 2   174.0  174.0
452 7720.432540 1.007E-83 9.588E-08.03210.03225383.76620.020.039506             10              6                    Q 14q     372222 5 7 2 3 2 2   174.0  174.0
452 7721.135680 3.678E-63 1.678E-04.02920.02916486.54850.140.013265              8              5                    P  1      352222 6 6 2 3 2 2     6.0   18.0
452 7721.727459 1.210E-89 1.477E-10.04550.04626720.27250.070.041216             13              8                    O  9q     352222 5 7 2 3 2 2    90.0  114.0
452 7722.065059 5.986E-76 1.310E-08.03270.03321276.79430.150.038800              8              4                    O 15q     352222 5 7 2 3 2 2   162.0  186.0
452 7723.049601 1.773E-67 8.403E-08.02070.02117660.71680.070.031535              6              3                    Q 14q     382222 5 7 2 3 2 2   174.0  174.0
452 7723.049601 8.097E-70 3.836E-10.02020.02017660.71680.070.031887              6              3                    Q 14m     382220 4 4 2 3 2 2   174.0  174.0
452 7724.404992 5.441E-66 1.944E-07.04020.04016836.46880.270.017216              8              5                    Q  3q     382222 5 7 2 3 2 2    42.0   42.0
452 7724.404992 1.356E-69 4.846E-11.03620.03616836.46880.250.019049              8              5                    Q  3m     382220 4 4 2 3 2 2    42.0   42.0
452 7724.737151 8.034E-88 4.638E-09.04320.04326782.82670.200.043419              8              3                    O 23q     352222 5 7 2 3 2 2   258.0  282.0
452 7726.205480 2.467E-61 8.460E-08.01060.01114812.7331-.080.021475              3              1                    S 17q     352222 5 7 2 3 2 2   234.0  210.0
452 7726.208359 2.972E-85 3.660E-08.02620.02626000.54310.110.034866              7              4                    S 20q     352222 5 7 2 3 2 2   270.0  246.0
452 7727.086480 8.517E-86 1.021E-05.04410.04427238.79090.060.042179             13              8                    P 10      352222 6 6 2 3 2 2   114.0  126.0
452 7729.303120 4.412E-86 3.194E-11.05080.05124560.87360.250.025017             12              8                    Q  3m     382220 4 4 2 3 2 2    42.0   42.0
452 7729.303120 2.365E-82 1.712E-07.05710.05724560.87360.280.022207             12              8                    Q  3q     382222 5 7 2 3 2 2    42.0   42.0
452 7729.605870 3.717E-81 8.343E-08.02580.02624246.51100.090.036263              5              1                    P 25      352222 6 6 2 3 2 2   294.0  306.0
452 7730.316111 6.291E-69 3.495E-09.01220.01217800.9804-.020.021832              2              0                    S 22q     352222 5 7 2 3 2 2   294.0  270.0
452 7732.903281 1.139E-55 1.609E-06.01540.01512674.22730.010.028249              4              1                    P 15      352222 6 6 2 3 2 2   174.0  186.0
452 7733.368699 8.216E-82 1.746E-07.03020.03024651.00810.110.036463              8              5                    S 16q     352222 5 7 2 3 2 2   222.0  198.0
452 7734.433810 5.411E-93 1.283E-08.06410.06428667.70520.330.025136             17             10                    O  2q     352222 5 7 2 3 2 2     6.0   30.0
452 7736.262761 1.343E-71 5.838E-07.03110.03119845.80430.020.027389              9              6                    S  4q     352222 5 7 2 3 2 2    78.0   54.0
452 7737.662260 1.578E-90 1.248E-06.06710.06728667.70520.370.027114             17             10                    P  2      352222 6 6 2 3 2 2    18.0   30.0
452 7738.219102 5.241E-81 1.147E-04.03890.03925418.50010.040.034428             12              8                    R  6      352222 6 6 2 3 2 2    90.0   78.0
452 7739.204740 4.584E-93 2.083E-10.04290.04328596.75530.080.043659             11              6                    Q 18m     352220 4 4 2 3 2 2   222.0  222.0
452 7739.204740 9.223E-91 4.191E-08.04440.04428596.75530.090.043193             11              6                    Q 18q     352222 5 7 2 3 2 2   222.0  222.0
452 7739.431891 1.014E-89 2.411E-07.05180.05228346.99840.050.044168             14              9                    S  8q     352222 5 7 2 3 2 2   126.0  102.0
452 7743.386059 2.474E-69 1.647E-04.02820.02820050.46770.110.037407              8              5                    R 10      352222 6 6 2 3 2 2   138.0  126.0
452 7746.429602 1.869E-57 1.939E-12.01710.01710579.3795-.010.027112              5              2                    O  9q     352222 5 7 2 3 2 2    90.0  114.0
452 7747.483331 2.259E-42 3.128E-07.01280.013 5950.2830-.100.021026              3              1                    S  7q     352222 5 7 2 3 2 2   114.0   90.0
452 7750.491949 1.473E-90 6.060E-08.03330.03328596.75530.020.038758             10              6                    S 18q     352222 5 7 2 3 2 2   246.0  222.0
452 7751.394290 5.774E-76 5.855E-07.02250.02222031.4438-.060.030046              9              6                    S  9q     352222 5 7 2 3 2 2   138.0  114.0
452 7754.576771 1.020E-91 1.512E-10.04630.04627793.85360.070.047762             13              8                    Q 11m     352220 4 4 2 3 2 2   138.0  138.0
452 7754.576771 5.205E-89 7.713E-08.04830.04827793.85360.070.047136             13              8                    Q 11q     352222 5 7 2 3 2 2   138.0  138.0
452 7756.066949 4.320E-88 6.205E-08.05730.05726999.68390.310.019647             14              9                    O  4q     352222 5 7 2 3 2 2    30.0   54.0
452 7757.978331 1.329E-69 2.423E-11.03830.03816627.04560.310.015258              8              5                    Q  2m     382220 4 4 2 3 2 2    30.0   30.0
452 7757.978331 1.141E-65 2.081E-07.04230.04216627.04560.330.014577              8              5                    Q  2q     382222 5 7 2 3 2 2    30.0   30.0
452 7758.105579 1.279E-74 8.591E-05.02160.02222538.93850.080.032979              6              3                    R 19      352222 6 6 2 3 2 2   246.0  234.0
452 7758.566121 1.144E-31 1.003E-07.01680.017  532.3093-.020.017841              2              0                    S  3q     452222 5 7 2 3 2 2    66.0   42.0
452 7759.968451 8.187E-48 9.859E-10.01330.013 7381.2989-.000.025800              3              0                    O 13q     352222 5 7 2 3 2 2   138.0  162.0
452 7760.229418 5.130E-86 4.123E-07.03670.03726720.27250.000.037691             12              8                    S  9q     352222 5 7 2 3 2 2   138.0  114.0
452 7761.511098 6.186E-61 8.947E-08.02900.02914210.63520.190.013000              7              4                    O  4q     352222 5 7 2 3 2 2    30.0   54.0
452 7764.875349 2.939E-87 6.481E-05.04680.04728381.79670.060.043705             13              8                    R 12      352222 6 6 2 3 2 2   162.0  150.0
452 7767.310811 5.208E-51 1.102E-09.01450.014 8878.6439-.000.026687              4              1                    O 11q     352222 5 7 2 3 2 2   114.0  138.0
452 7768.144731 5.249E-80 2.166E-08.03890.03923073.69970.130.026922             11              7                    O  6q     352222 5 7 2 3 2 2    54.0   78.0
452 7770.092162 3.920E-69 2.121E-08.01700.01718230.45110.030.029576              4              1                    Q 20q     382222 5 7 2 3 2 2   246.0  246.0
452 7770.092162 3.490E-71 1.888E-10.01670.01718230.45110.030.029757              4              1                    Q 20m     382220 4 4 2 3 2 2   246.0  246.0
452 7772.792620 1.705E-91 8.761E-09.05170.05228596.75530.140.045910             12              6                    O 18q     352222 5 7 2 3 2 2   198.0  222.0
452 7773.342100 3.383E-72 6.215E-07.02790.02820169.7853-.040.027925              9              6                    S  5q     352222 5 7 2 3 2 2    90.0   66.0
452 7773.377671 1.121E-79 1.377E-04.04070.04124266.96420.220.017256             12              8                    P  1      352222 6 6 2 3 2 2     6.0   18.0
452 7777.042590 7.864E-68 4.727E-08.01870.01917745.46480.030.030777              5              2                    Q 17q     382222 5 7 2 3 2 2   210.0  210.0
452 7777.042590 5.183E-70 3.115E-10.01840.01817745.46480.040.031035              5              2                    Q 17m     382220 4 4 2 3 2 2   210.0  210.0
452 7777.719848 1.072E-78 2.252E-05.01800.01824246.51100.030.030770              4              1                    R 25      352222 6 6 2 3 2 2   318.0  306.0
452 7779.027730 1.008E-86 1.280E-08.03800.03826413.84960.090.041418             10              5                    O 18q     352222 5 7 2 3 2 2   198.0  222.0
452 7780.415860 5.231E-70 8.077E-12.03900.03916486.54850.290.013331              8              5                    Q  1m     382220 4 4 2 3 2 2    18.0   18.0
452 7780.415860 1.885E-65 2.911E-07.03480.03516486.54850.260.015104              8              5                    Q  1q     382222 5 7 2 3 2 2    18.0   18.0
452 7780.978990 4.185E-82 1.829E-07.05890.05924385.02380.360.020444             12              8                    Q  2q     382222 5 7 2 3 2 2    30.0   30.0
452 7780.978990 3.655E-86 1.597E-11.05320.05324385.02380.320.021603             12              8                    Q  2m     382220 4 4 2 3 2 2    30.0   30.0
452 7783.142420 7.826E-75 6.218E-07.02270.02321487.1771-.100.030471              9              6                    S  8q     352222 5 7 2 3 2 2   126.0  102.0
452 7785.366689 1.683E-82 1.167E-04.03240.03226247.90000.000.037925             11              7                    R 12      352222 6 6 2 3 2 2   162.0  150.0
452 7786.547959 6.074E-59 1.138E-07.01060.01113726.8767-.080.021475              3              1                    S 16q     352222 5 7 2 3 2 2   222.0  198.0
452 7787.050130 7.203E-72 1.311E-04.02440.02421276.79430.110.034234              7              4                    R 15      352222 6 6 2 3 2 2   198.0  186.0
452 7787.533471 1.685E-90 1.237E-09.02110.02127834.37910.040.032791              5              2                    S 26q     352222 5 7 2 3 2 2   342.0  318.0
452 7788.750670 7.487E-79 8.482E-07.03060.03123582.06220.150.038284              7              3                    P 20      352222 6 6 2 3 2 2   234.0  246.0
452 7789.411140 4.514E-57 1.599E-05.01930.01913697.76620.060.028595              6              3                    P  9      352222 6 6 2 3 2 2   102.0  114.0
452 7790.671122 9.152E-56 5.811E-06.01690.01712932.55910.030.029419              5              2                    P 12      352222 6 6 2 3 2 2   138.0  150.0
452 7793.794539 6.097E-73 6.406E-07.02550.02520553.2040-.080.028617              9              6                    S  6q     352222 5 7 2 3 2 2   102.0   78.0
452 7794.177601 5.850E-84 9.472E-05.03110.03126948.97740.020.037704             10              6                    R 16      352222 6 6 2 3 2 2   210.0  198.0
452 7795.207260 7.540E-88 3.737E-09.02320.02326782.82670.080.033668              6              3                    S 23q     352222 5 7 2 3 2 2   306.0  282.0
452 7797.179811 8.015E-74 6.406E-07.02370.02420993.3413-.110.029465              9              6                    S  7q     352222 5 7 2 3 2 2   114.0   90.0
452 7799.456890 2.777E-76 5.011E-05.01980.02023241.93870.040.032080              5              2                    R 22      352222 6 6 2 3 2 2   282.0  270.0
452 7799.894289 8.545E-82 1.621E-08.02400.02424224.33650.080.035035              4              0                    P 27      352222 6 6 2 3 2 2   318.0  330.0
452 7801.929950 2.168E-87 2.988E-10.03760.03826000.54310.160.042394              8              4                    Q 20m     352220 4 4 2 3 2 2   246.0  246.0
452 7801.929950 3.202E-85 4.413E-08.03810.03826000.54310.160.041695              8              4                    Q 20q     352222 5 7 2 3 2 2   246.0  246.0
452 7806.231610 4.262E-84 6.746E-08.03050.03025522.50730.030.038721              9              5                    Q 17q     352222 5 7 2 3 2 2   210.0  210.0
452 7806.231610 2.127E-86 3.366E-10.02950.03025522.50730.030.037294              9              5                    Q 17m     352220 4 4 2 3 2 2   210.0  210.0
452 7806.727439 1.107E-43 3.104E-07.01270.013 6586.5133-.090.021839              3              1                    S  8q     352222 5 7 2 3 2 2   126.0  102.0
452 7809.565359 2.268E-80 1.124E-04.04120.04125079.69380.070.031076             12              8                    R  5      352222 6 6 2 3 2 2    78.0   66.0
452 7814.578801 4.705E-68 1.665E-04.02770.02819424.21230.100.035977              8              5                    R  9      352222 6 6 2 3 2 2   126.0  114.0
452 7815.164610 2.234E-74 1.044E-08.02880.02920509.10520.150.036506              7              3                    O 17q     352222 5 7 2 3 2 2   186.0  210.0
452 7815.430861 6.171E-82 2.555E-07.04820.04824266.96420.310.019370             12              8                    Q  1q     382222 5 7 2 3 2 2    18.0   18.0
452 7815.430861 1.286E-86 5.325E-12.05410.05424266.96420.340.019149             12              8                    Q  1m     382220 4 4 2 3 2 2    18.0   18.0
452 7816.284451 2.372E-88 8.056E-06.06000.06028346.99840.140.045513             15              9                    P  8      352222 6 6 2 3 2 2    90.0  102.0
452 7818.950759 3.059E-54 3.592E-07.01410.01411710.72070.000.025930              3              0                    P 17      352222 6 6 2 3 2 2   198.0  210.0
452 7819.022699 2.442E-65 1.305E-07.01990.02016645.9546-.040.028998              7              4                    Q  9q     382222 5 7 2 3 2 2   114.0  114.0
452 7819.022699 4.833E-68 2.582E-10.01890.01916645.9546-.050.027743              7              4                    Q  9m     382220 4 4 2 3 2 2   114.0  114.0
452 7820.618099 6.160E-88 2.049E-09.03880.03926682.60640.180.041600              7              2                    O 25q     352222 5 7 2 3 2 2   282.0  306.0
452 7822.402540 5.517E-91 9.335E-09.05340.05328324.26960.130.046425             13              7                    O 15q     352222 5 7 2 3 2 2   162.0  186.0
452 7824.453479 4.751E-88 2.003E-07.03480.03527605.85860.010.039154             11              7                    S 14q     352222 5 7 2 3 2 2   198.0  174.0
452 7825.461560 2.068E-88 4.489E-07.03850.03827997.35890.100.042668              9              4                    P 22      352222 6 6 2 3 2 2   258.0  270.0
452 7829.720309 7.519E-93 1.752E-11.02570.02628083.64850.080.034521              4              0                    Q 30m     352220 4 4 2 3 2 2   366.0  366.0
452 7829.720309 5.252E-91 1.223E-09.02590.02628083.64850.080.036106              4              0                    Q 30q     352222 5 7 2 3 2 2   366.0  366.0
452 7831.601050 1.395E-76 8.867E-09.02660.02721438.71850.010.035187              9              5                    O 12q     352222 5 7 2 3 2 2   126.0  150.0
452 7834.877931 1.205E-56 1.449E-07.01060.01112674.2273-.080.021475              3              1                    S 15q     352222 5 7 2 3 2 2   210.0  186.0
452 7835.880871 9.622E-59 4.540E-05.02670.02714570.88510.100.020454              7              4                    P  5      352222 6 6 2 3 2 2    54.0   66.0
452 7836.346950 2.731E-90 4.050E-06.06030.06028565.79200.310.029291             17             10                    P  1      352222 6 6 2 3 2 2     6.0   18.0
452 7839.575401 8.502E-93 4.207E-09.07080.07128565.79200.380.030028             17             10                    Q  1q     352222 5 7 2 3 2 2    18.0   18.0
452 7839.575401 3.648E-97 1.805E-13.07910.07928565.79200.390.029242             17             10                    Q  1m     352220 4 4 2 3 2 2    18.0   18.0
452 7840.311270 6.595E-66 8.687E-09.01220.01216543.0836-.020.021832              2              0                    S 21q     352222 5 7 2 3 2 2   282.0  258.0
452 7840.542680 4.050E-88 9.894E-08.06200.06227266.71920.170.035259             14              9                    Q  5q     352222 5 7 2 3 2 2    66.0   66.0
452 7840.542680 1.781E-91 4.350E-11.05630.05627266.71920.160.036937             14              9                    Q  5m     352220 4 4 2 3 2 2    66.0   66.0
452 7842.173601 1.345E-77 2.938E-05.03480.03523488.29420.040.033234             11              7                    P  7      352222 6 6 2 3 2 2    78.0   90.0
452 7846.424549 3.255E-85 3.417E-05.05580.05626999.68390.260.028460             14              9                    P  4      352222 6 6 2 3 2 2    42.0   54.0
452 7847.369809 2.768E-77 1.219E-05.02870.02923257.26970.010.036071             10              6                    P 11      352222 6 6 2 3 2 2   126.0  138.0
452 7850.931640 6.537E-63 7.295E-05.03420.03416416.03270.210.017305              8              5                    R  0      352222 6 6 2 3 2 2    18.0    6.0
452 7851.948280 3.817E-45 3.010E-07.01060.011 7289.3191-.080.021475              3              1                    S  9q     352222 5 7 2 3 2 2   138.0  114.0
452 7857.220911 1.551E-79 2.478E-10.03050.03122031.44380.010.034680             10              6                    O  9q     352222 5 7 2 3 2 2    90.0  114.0
452 7860.868721 7.314E-80 1.078E-04.04480.04524793.05910.110.032081             12              8                    R  4      352222 6 6 2 3 2 2    66.0   54.0
452 7862.575329 1.158E-65 8.404E-08.02070.02116779.03340.070.031535              6              3                    Q 13q     382222 5 7 2 3 2 2   162.0  162.0
452 7862.575329 4.623E-68 3.356E-10.02020.02016779.03340.070.031887              6              3                    Q 13m     382220 4 4 2 3 2 2   162.0  162.0
452 7868.722431 1.095E-84 1.900E-10.03330.03324464.97710.010.038674             11              7                    Q  9m     372220 4 4 2 3 2 2   114.0  114.0
452 7868.722431 7.324E-82 1.270E-07.03530.03524464.97710.020.038057             11              7                    Q  9q     372222 5 7 2 3 2 2   114.0  114.0
452 7870.800169 1.911E-54 1.768E-07.01060.01111658.8713-.080.021475              3              1                    S 14q     352222 5 7 2 3 2 2   198.0  174.0
452 7871.183431 9.753E-87 8.890E-09.04090.04126247.90000.070.042385             12              7                    O 12q     352222 5 7 2 3 2 2   126.0  150.0
452 7872.125889 6.881E-67 1.660E-04.02760.02818848.14670.100.034413              8              5                    R  8      352222 6 6 2 3 2 2   114.0  102.0
452 7874.711041 1.879E-79 5.919E-05.04410.04424207.68400.230.023591             12              8                    R  0      352222 6 6 2 3 2 2    18.0    6.0
452 7876.187669 2.965E-73 6.100E-09.02620.02619888.24380.120.034078              6              2                    O 19q     352222 5 7 2 3 2 2   210.0  234.0
452 7876.207830 8.566E-86 7.172E-05.05230.05227582.06690.100.039939             14              9                    R  6      352222 6 6 2 3 2 2    90.0   78.0
452 7877.248089 5.085E-85 4.507E-07.03710.03726241.8354-.020.038352             12              8                    S  8q     352222 5 7 2 3 2 2   126.0  102.0
452 7877.515741 6.310E-80 2.386E-07.03020.03023803.07870.110.036463              8              5                    S 15q     352222 5 7 2 3 2 2   210.0  186.0
452 7877.747432 2.670E-32 1.123E-07.01500.015  883.1623-.070.017065              2              0                    S  4q     452222 5 7 2 3 2 2    78.0   54.0
452 7879.107489 3.202E-86 1.442E-08.03940.03926154.15920.080.039909             11              6                    O 15q     352222 5 7 2 3 2 2   162.0  186.0
452 7881.173201 1.038E-56 1.561E-08.02420.02411964.63130.160.021518              6              3                    O  6q     352222 5 7 2 3 2 2    54.0   78.0
452 7883.136230 9.443E-47 2.850E-07.01060.011 8054.7365-.080.021475              3              1                    S 10q     352222 5 7 2 3 2 2   150.0  126.0
452 7883.648310 1.769E-77 2.358E-06.03480.03523102.42110.150.040852              8              4                    P 17      352222 6 6 2 3 2 2   198.0  210.0
452 7886.010611 2.439E-86 4.919E-05.03930.03927997.35890.160.043111              8              4                    R 22      352222 6 6 2 3 2 2   282.0  270.0
452 7887.460821 2.044E-88 6.625E-10.03590.03626690.57320.160.038973              6              1                    O 27q     352222 5 7 2 3 2 2   306.0  330.0
452 7890.776949 2.385E-90 9.322E-07.06860.06928514.59050.330.034252             17             10                    R  0      352222 6 6 2 3 2 2    18.0    6.0
452 7890.803250 8.440E-85 7.307E-05.03000.03027321.36520.030.037523              9              5                    R 19      352222 6 6 2 3 2 2   246.0  234.0
452 7892.581881 1.715E-79 1.007E-04.04750.04724560.87360.190.028464             12              8                    R  3      352222 6 6 2 3 2 2    54.0   42.0
452 7893.927949 2.388E-52 2.080E-07.01060.01110684.9868-.080.021475              3              1                    S 13q     352222 5 7 2 3 2 2   186.0  162.0
452 7895.427549 4.353E-89 1.360E-10.02980.03026682.60640.120.038572              6              2                    Q 25m     352220 4 4 2 3 2 2   306.0  306.0
452 7895.427549 4.172E-87 1.304E-08.03010.03026682.60640.130.038223              6              2                    Q 25q     352222 5 7 2 3 2 2   306.0  306.0
452 7898.475491 1.024E-62 9.773E-05.03780.03816486.54850.310.019961              8              5                    R  1      352222 6 6 2 3 2 2    30.0   18.0
452 7899.038621 3.092E-79 7.845E-05.04890.04924266.96420.300.027144             12              8                    R  1      352222 6 6 2 3 2 2    30.0   18.0
452 7900.389609 1.711E-48 2.634E-07.01060.011 8878.6439-.080.021475              3              1                    S 11q     352222 5 7 2 3 2 2   162.0  138.0
452 7903.898540 2.316E-50 2.373E-07.01060.011 9756.8184-.080.021475              3              1                    S 12q     352222 5 7 2 3 2 2   174.0  150.0
452 7905.152901 2.830E-79 9.117E-05.04990.05024385.02380.260.027172             12              8                    R  2      352222 6 6 2 3 2 2    42.0   30.0
452 7906.351790 1.006E-70 6.365E-11.01540.01517800.98040.010.028642              3              0                    Q 22m     382220 4 4 2 3 2 2   270.0  270.0
452 7906.351790 9.391E-69 5.942E-09.01560.01617800.98040.010.027137              3              0                    Q 22q     382222 5 7 2 3 2 2   270.0  270.0
452 7908.580939 6.243E-77 5.714E-06.02760.02822982.49950.020.037186              9              5                    P 14      352222 6 6 2 3 2 2   162.0  174.0
452 7910.652559 1.377E-72 2.518E-09.02420.02419410.71290.080.034775              5              1                    O 21q     352222 5 7 2 3 2 2   234.0  258.0
452 7911.375869 1.223E-87 1.063E-07.05420.05426783.21440.310.015615             14              9                    O  3q     352222 5 7 2 3 2 2    18.0   42.0
452 7912.509580 1.855E-53 2.120E-06.01540.01511658.87130.010.028249              4              1                    P 14      352222 6 6 2 3 2 2   162.0  174.0
452 7914.738019 4.087E-64 1.305E-07.02100.02116038.3853-.040.028062              7              4                    Q  8q     382222 5 7 2 3 2 2   102.0  102.0
452 7914.738019 6.496E-67 2.074E-10.01980.02016038.3853-.040.028422              7              4                    Q  8m     382220 4 4 2 3 2 2   102.0  102.0
452 7915.584781 1.743E-78 3.542E-07.02770.02823241.93870.120.037175              6              2                    P 22      352222 6 6 2 3 2 2   258.0  270.0
452 7916.026570 7.586E-66 1.633E-04.02800.02818325.80890.100.031350              8              5                    R  7      352222 6 6 2 3 2 2   102.0   90.0
452 7917.139250 4.765E-70 1.393E-04.02440.02420407.13050.110.034234              7              4                    R 14      352222 6 6 2 3 2 2   186.0  174.0
452 7919.087251 1.389E-88 3.740E-06.05660.05728381.79670.130.049265             14              8                    P 12      352222 6 6 2 3 2 2   138.0  150.0
452 7922.891179 1.827E-72 5.853E-10.02260.02319071.89140.080.033683              4              0                    O 23q     352222 5 7 2 3 2 2   258.0  282.0
452 7924.803929 6.144E-83 7.025E-08.02620.02625018.06080.110.034866              7              4                    S 19q     352222 5 7 2 3 2 2   258.0  234.0
452 7926.925440 7.028E-89 2.722E-07.05270.05327943.12720.050.043008             14              9                    S  7q     352222 5 7 2 3 2 2   114.0   90.0
452 7927.176260 2.446E-60 1.493E-07.02860.02913919.28740.170.010599              7              4                    O  3q     352222 5 7 2 3 2 2    18.0   42.0
452 7928.780560 1.858E-72 9.370E-05.02160.02221513.42450.080.032979              6              3                    R 18      352222 6 6 2 3 2 2   234.0  222.0
452 7929.910698 2.319E-89 1.215E-10.03390.03426802.79050.130.039908              5              0                    O 29q     352222 5 7 2 3 2 2   330.0  354.0
452 7933.828109 8.452E-63 1.151E-04.03830.03816627.04560.280.020979              8              5                    R  2      352222 6 6 2 3 2 2    42.0   30.0
452 7933.919538 9.858E-85 2.887E-10.03080.03124641.60850.020.039914             10              6                    Q 13m     372220 4 4 2 3 2 2   162.0  162.0
452 7933.919538 3.237E-82 9.479E-08.03210.03224641.60850.020.039506             10              6                    Q 13q     372222 5 7 2 3 2 2   162.0  162.0
452 7934.620350 1.091E-55 2.035E-05.01990.02013058.72120.060.027474              6              3                    P  8      352222 6 6 2 3 2 2    90.0  102.0
452 7938.132109 6.402E-68 2.810E-10.01840.01816712.87620.040.031035              5              2                    Q 16m     382220 4 4 2 3 2 2   198.0  198.0
452 7938.132109 1.077E-65 4.729E-08.01870.01916712.87620.030.030777              5              2                    Q 16q     382222 5 7 2 3 2 2   198.0  198.0
452 7938.297971 3.775E-79 6.898E-06.01670.01724224.33650.020.029620              3              0                    R 27      352222 6 6 2 3 2 2   342.0  330.0
452 7940.402880 4.730E-63 1.598E-08.01220.01215301.5359-.020.021832              2              0                    S 20q     352222 5 7 2 3 2 2   270.0  246.0
452 7942.487029 2.912E-85 5.740E-06.04180.04226912.45900.060.044658             12              7                    P 13      352222 6 6 2 3 2 2   150.0  162.0
452 7946.314040 6.178E-65 1.583E-04.02870.02917860.54040.110.030795              8              5                    R  6      352222 6 6 2 3 2 2    90.0   78.0
452 7947.161940 4.253E-79 4.077E-08.04290.04322712.30200.220.021138             11              7                    O  5q     352222 5 7 2 3 2 2    42.0   66.0
452 7948.772240 5.223E-58 5.659E-05.02880.02914210.63520.150.019187              7              4                    P  4      352222 6 6 2 3 2 2    42.0   54.0
452 7949.762319 1.013E-66 2.124E-08.01700.01717068.29870.030.029576              4              1                    Q 19q     382222 5 7 2 3 2 2   234.0  234.0
452 7949.762319 8.311E-69 1.742E-10.01670.01717068.29870.030.029757              4              1                    Q 19m     382220 4 4 2 3 2 2   234.0  234.0
452 7951.311400 1.344E-93 4.166E-11.06230.06228346.99840.130.047900             15              9                    Q  8m     352220 4 4 2 3 2 2   102.0  102.0
452 7951.311400 1.296E-90 4.019E-08.06570.06628346.99840.140.046798             15              9                    Q  8q     352222 5 7 2 3 2 2   102.0  102.0
452 7951.883760 1.135E-53 5.492E-10.01810.018 9908.65680.010.025922              5              2                    O  8q     352222 5 7 2 3 2 2    78.0  102.0
452 7955.094281 6.080E-54 7.534E-06.01690.01712095.37360.030.029419              5              2                    P 11      352222 6 6 2 3 2 2   126.0  138.0
452 7956.590479 4.386E-63 1.293E-04.03590.03616836.46880.220.022924              8              5                    R  3      352222 6 6 2 3 2 2    54.0   42.0
452 7958.318801 8.945E-82 1.727E-07.05250.05224207.68400.260.028756             12              8                    S  0q     352222 5 7 2 3 2 2    30.0    6.0
452 7958.771671 5.561E-86 8.838E-09.03690.03726000.54310.100.041016              9              4                    O 20q     352222 5 7 2 3 2 2   222.0  246.0
452 7963.068390 3.642E-64 1.509E-04.02980.03017455.43180.120.028709              8              5                    R  5      352222 6 6 2 3 2 2    78.0   66.0
452 7964.326741 1.186E-87 9.980E-08.06590.06626999.68390.230.031461             14              9                    Q  4q     352222 5 7 2 3 2 2    54.0   54.0
452 7964.326741 3.491E-91 2.937E-11.05930.05926999.68390.210.033377             14              9                    Q  4m     352220 4 4 2 3 2 2    54.0   54.0
452 7965.455348 3.457E-81 1.256E-04.03240.03225615.98060.000.037925             11              7                    R 11      352222 6 6 2 3 2 2   150.0  138.0
452 7966.426801 1.520E-63 1.412E-04.03180.03217113.26720.150.026319              8              5                    R  4      352222 6 6 2 3 2 2    66.0   54.0
452 7968.407881 3.903E-84 4.723E-07.03820.03825806.8543-.020.037215             12              8                    S  7q     352222 5 7 2 3 2 2   114.0   90.0
452 7968.545059 2.544E-91 1.719E-09.06220.06227943.12720.180.039722             15              9                    O  7q     352222 5 7 2 3 2 2    66.0   90.0
452 7968.769331 1.216E-86 1.190E-06.03950.04027321.36520.090.043250             10              5                    P 19      352222 6 6 2 3 2 2   222.0  234.0
452 7968.991271 2.820E-65 1.946E-07.04120.04116416.03270.270.020766              8              5                    S  0q     352222 5 7 2 3 2 2    30.0    6.0
452 7970.766159 1.144E-88 1.678E-10.04710.04726241.83540.100.036635             13              8                    O  8q     352222 5 7 2 3 2 2    78.0  102.0
452 7972.536461 8.274E-85 4.384E-05.05570.05626783.21440.320.022690             14              9                    P  3      352222 6 6 2 3 2 2    30.0   42.0
452 7974.094739 1.221E-84 1.401E-05.04490.04526720.27250.070.042976             13              8                    P  9      352222 6 6 2 3 2 2   102.0  114.0
452 7974.666441 3.313E-74 1.218E-08.03270.03320407.13050.150.038800              8              4                    O 14q     352222 5 7 2 3 2 2   150.0  174.0
452 7983.648902 1.127E-49 5.130E-10.01490.015 8054.7365-.010.026792              4              1                    O 10q     352222 5 7 2 3 2 2   102.0  126.0
452 7983.978159 3.944E-33 1.219E-07.01350.013 1317.3118-.100.019061              2              0                    S  5q     452222 5 7 2 3 2 2    90.0   66.0
452 7984.470010 6.265E-46 7.742E-10.01330.013 6408.7707-.000.025800              3              0                    O 12q     352222 5 7 2 3 2 2   126.0  150.0
452 7992.569349 1.046E-76 3.737E-05.03750.03823073.69970.080.031158             11              7                    P  6      352222 6 6 2 3 2 2    66.0   78.0
452 7993.633489 6.180E-64 8.396E-08.02070.02115937.87260.070.031535              6              3                    Q 12q     382222 5 7 2 3 2 2   150.0  150.0
452 7993.633489 2.137E-66 2.903E-10.02020.02015937.87260.070.031887              6              3                    Q 12m     382220 4 4 2 3 2 2   150.0  150.0
452 7994.927201 6.850E-74 5.534E-05.01980.02022110.06960.040.032080              5              2                    R 21      352222 6 6 2 3 2 2   270.0  258.0
452 7995.033961 4.086E-76 2.507E-05.01800.01823026.63650.030.030770              4              1                    R 24      352222 6 6 2 3 2 2   306.0  294.0
