151    8.836032 1.849E-93 4.386E-05.08580.22234241.06880.740.003701             17             17                    R  0      255454 9 4 2 1 2 2    24.0    8.0
151   10.011233 3.760E-91 8.771E-05.08580.22233263.94940.740.003701             16             16                    R  0      255454 9 4 2 1 2 2    24.0    8.0
151   11.009400 1.550E-88 1.449E-04.08580.22232108.28240.740.003701             15             15                    R  0      255454 9 4 2 1 2 2    24.0    8.0
151   11.891086 1.252E-85 2.131E-04.08580.22230794.21170.740.003701             14             14                    R  0      255454 9 4 2 1 2 2    24.0    8.0
151   12.690875 1.902E-82 2.896E-04.08580.22229336.34360.740.003701             13             13                    R  0      255454 9 4 2 1 2 2    24.0    8.0
151   13.431304 5.250E-79 3.717E-04.08580.22227745.70320.740.003701             12             12                    R  0      255454 9 4 2 1 2 2    24.0    8.0
151   14.128182 2.556E-75 4.570E-04.08580.22226030.66580.740.003701             11             11                    R  0      255454 9 4 2 1 2 2    24.0    8.0
151   14.792709 2.144E-71 5.429E-04.08580.22224197.66420.740.003701             10             10                    R  0      255454 9 4 2 1 2 2    24.0    8.0
151   15.433761 3.041E-67 6.273E-04.08580.22222251.58480.740.003701              9              9                    R  0      255454 9 4 2 1 2 2    24.0    8.0
151   16.057658 7.200E-63 7.086E-04.08580.22220196.05640.740.003701              8              8                    R  0      255454 9 4 2 1 2 2    24.0    8.0
151   16.669222 2.815E-58 7.852E-04.08580.22218033.84980.740.003701              7              7                    R  0      275454 9 4 2 1 2 2    24.0    8.0
151   17.273285 1.806E-53 8.566E-04.08580.22215766.85980.740.003701              6              6                    R  0      375454 9 4 2 1 2 2    24.0    8.0
151   17.647794 1.379E-92 4.179E-04.07610.23834249.90490.760.002414             17             17                    R  1      255453 9 4 2 1 2 4    40.0   24.0
151   17.872671 1.896E-48 9.222E-04.08580.22213396.27120.740.003701              5              5                    R  0      375454 9 4 2 1 2 2    24.0    8.0
151   18.469994 3.248E-43 9.820E-04.08580.22210922.82680.740.003701              4              4                    R  0      375454 9 4 2 1 2 2    24.0    8.0
151   19.067540 9.089E-38 1.036E-03.08580.222 8346.77690.740.003701              3              3                    R  0      475454 9 4 2 1 2 2    24.0    8.0
151   19.667130 4.164E-32 1.085E-03.08580.222 5667.98300.740.003701              2              2                    R  0      475454 9 4 2 1 2 2    24.0    8.0
151   20.002801 2.786E-90 8.378E-04.07610.23833273.96070.760.002409             16             16                    R  1      255453 9 4 2 1 2 4    40.0   24.0
151   20.270281 3.132E-26 1.129E-03.08580.222 2885.97640.740.003701              1              1                    R  0      485454 9 4 2 1 2 2    24.0    8.0
151   20.877832 1.296E-20 1.169E-03.08580.222    0.00000.740.003701              0              0            1.5     R  0   1.568545410 4 2 1 2 2     8.0    8.0
151   20.878400 1.944E-20 1.169E-03.08580.222    0.00000.740.003701              0              0            2.5     R  0   1.568545410 4 2 1 2 2    12.0    8.0
151   20.878844 6.481E-21 1.169E-03.08580.222    0.00000.740.003701              0              0            0.5     R  0   1.568545410 4 2 1 2 2     4.0    8.0
151   22.001814 1.142E-87 1.386E-03.07610.23832119.29180.760.002405             15             15                    R  1      255453 9 4 2 1 2 4    40.0   24.0
151   23.766890 9.167E-85 2.040E-03.07610.23830806.10280.760.002401             14             14                    R  1      255453 9 4 2 1 2 4    40.0   24.0
151   25.367612 1.385E-81 2.773E-03.07610.23829349.03450.760.002397             13             13                    R  1      255453 9 4 2 1 2 4    40.0   24.0
151   26.410734 4.139E-92 1.492E-03.06890.24734267.55270.720.001637             17             17                    R  2      255453 9 4 2 1 2 4    56.0   40.0
151   26.849245 3.805E-78 3.562E-03.07610.23827759.13450.760.002394             12             12                    R  1      255453 9 4 2 1 2 4    40.0   24.0
151   28.243533 1.844E-74 4.380E-03.07610.23826044.79400.760.002391             11             11                    R  1      255453 9 4 2 1 2 4    40.0   24.0
151   29.572945 1.539E-70 5.204E-03.07610.23824212.45690.760.002388             10             10                    R  1      255453 9 4 2 1 2 4    40.0   24.0
151   29.954924 8.274E-90 3.004E-03.06890.24733293.96350.720.001630             16             16                    R  2      255453 9 4 2 1 2 4    56.0   40.0
151   30.855277 2.174E-66 6.015E-03.07610.23822267.01860.760.002385              9              9                    R  1      255453 9 4 2 1 2 4    40.0   24.0
151   32.103210 5.124E-62 6.795E-03.07610.23820212.11410.760.002382              8              8                    R  1      255453 9 4 2 1 2 4    40.0   24.0
151   32.960197 3.357E-87 4.981E-03.06890.24732141.29360.720.001623             15             15                    R  2      255453 9 4 2 1 2 4    56.0   40.0
151   33.326487 1.995E-57 7.530E-03.07610.23818050.51910.760.002379              7              7                    R  1      275453 9 4 2 1 2 4    40.0   24.0
151   34.534578 1.275E-52 8.216E-03.07610.23815784.13320.760.002377              6              6                    R  1      375453 9 4 2 1 2 4    40.0   24.0
151   35.099908 8.331E-92 3.603E-03.05990.24134293.96350.710.002769             17             17                    R  3      255454 9 4 2 1 2 3    72.0   56.0
151   35.612098 2.670E-84 7.340E-03.06890.24730829.86970.720.001617             14             14                    R  2      255453 9 4 2 1 2 4    56.0   40.0
151   35.733294 1.332E-47 8.846E-03.07610.23813414.14390.760.002374              5              5                    R  1      375453 9 4 2 1 2 4    40.0   24.0
151   36.927856 2.272E-42 9.420E-03.07610.23810941.29680.760.002371              4              4                    R  1      375453 9 4 2 1 2 4    40.0   24.0
151   38.016051 4.000E-81 9.990E-03.06890.24729374.40210.720.001611             13             13                    R  2      255453 9 4 2 1 2 4    56.0   40.0
151   38.122842 6.332E-37 9.941E-03.07610.238 8365.84450.760.002369              3              3                    R  1      475453 9 4 2 1 2 4    40.0   24.0
151   39.321894 2.888E-31 1.041E-02.07610.238 5687.65010.760.002366              2              2                    R  1      475453 9 4 2 1 2 4    40.0   24.0
151   39.847620 1.641E-89 7.297E-03.05990.24133323.91840.710.002769             16             16                    R  3      255454 9 4 2 1 2 3    72.0   56.0
151   40.240451 1.089E-77 1.284E-02.06890.24727785.98370.720.001606             12             12                    R  2      255453 9 4 2 1 2 4    56.0   40.0
151   40.528052 2.164E-25 1.084E-02.07610.238 2906.24670.760.002363              1              1                    R  1      485453 9 4 2 1 2 4    40.0   24.0
151   41.743334 2.228E-20 4.673E-03.07610.238   20.87880.760.002361              0              0            1.5     R  1   0.568545310 4 2 1 2 4     8.0    4.0
151   41.743380 2.406E-20 3.366E-03.07610.238   20.87840.760.002361              0              0            2.5     R  1   2.568545310 4 2 1 2 4    12.0   12.0
151   41.743778 2.674E-21 5.609E-04.07610.238   20.87840.760.002361              0              0            1.5     R  1   2.568545310 4 2 1 2 4     8.0   12.0
151   41.743895 2.228E-20 9.351E-03.07610.238   20.87880.760.002361              0              0            0.5     R  1   0.568545310 4 2 1 2 4     4.0    4.0
151   41.743948 5.615E-20 7.854E-03.07610.238   20.87780.760.002361              0              0            2.5     R  1   1.568545310 4 2 1 2 4    12.0    8.0
151   41.743950 1.070E-19 1.122E-02.07610.238   20.87840.760.002361              0              0            3.5     R  1   2.568545310 4 2 1 2 4    16.0   12.0
151   41.744346 2.852E-20 5.983E-03.07610.238   20.87780.760.002361              0              0            1.5     R  1   1.568545310 4 2 1 2 4     8.0    8.0
151   41.744907 4.457E-21 1.870E-03.07610.238   20.87780.760.002361              0              0            0.5     R  1   1.568545310 4 2 1 2 4     4.0    8.0
151   42.333219 5.236E-74 1.579E-02.06890.24726073.03750.720.001602             11             11                    R  2      255453 9 4 2 1 2 4    56.0   40.0
151   43.689698 1.319E-91 7.032E-03.05160.21834329.06340.58-.001420             17             17                    R  4      255453 9 4 2 1 2 4    88.0   72.0
151   43.867392 6.562E-87 1.214E-02.05990.24132174.25380.710.002769             15             15                    R  3      255454 9 4 2 1 2 3    72.0   56.0
151   44.328236 4.338E-70 1.877E-02.06890.24724242.02980.720.001597             10             10                    R  2      255453 9 4 2 1 2 4    56.0   40.0
151   46.252308 6.082E-66 2.171E-02.06890.24722297.87390.720.001593              9              9                    R  2      255453 9 4 2 1 2 4    56.0   40.0
151   47.411331 5.150E-84 1.792E-02.05990.24130865.48180.710.002769             14             14                    R  3      255454 9 4 2 1 2 3    72.0   56.0
151   48.124558 1.423E-61 2.453E-02.06890.24720244.21730.720.001589              8              8                    R  2      255453 9 4 2 1 2 4    56.0   40.0
151   49.660589 2.548E-89 1.435E-02.05160.21833363.76600.58-.001434             16             16                    R  4      255453 9 4 2 1 2 4    88.0   72.0
151   49.959676 5.501E-57 2.719E-02.06890.24718083.84570.720.001585              7              7                    R  2      275453 9 4 2 1 2 4    56.0   40.0
151   50.621998 7.620E-81 2.442E-02.05990.24129412.41810.710.002769             13             13                    R  3      255454 9 4 2 1 2 3    72.0   56.0
151   51.771805 3.490E-52 2.967E-02.06890.24715818.66780.720.001581              6              6                    R  2      375453 9 4 2 1 2 4    56.0   40.0
151   52.153547 1.765E-91 1.199E-02.04130.18734372.75310.35-.004001             17             17                    R  5      255453 9 4 2 1 2 4   104.0   88.0
151   53.569783 3.621E-47 3.195E-02.06890.24713449.87720.720.001577              5              5                    R  2      375453 9 4 2 1 2 4    56.0   40.0
151   53.591528 2.051E-77 3.142E-02.05990.24127826.22420.710.002769             12             12                    R  3      255454 9 4 2 1 2 3    72.0   56.0
151   54.706069 1.001E-86 2.397E-02.05160.21832218.12120.58-.001445             15             15                    R  4      255453 9 4 2 1 2 4    88.0   72.0
151   55.361442 6.134E-42 3.402E-02.06890.24710978.22460.720.001573              4              4                    R  2      375453 9 4 2 1 2 4    56.0   40.0
151   56.384398 9.751E-74 3.868E-02.05990.24126115.37070.710.002769             11             11                    R  3      255454 9 4 2 1 2 3    72.0   56.0
151   57.153668 1.697E-36 3.591E-02.06890.247 8403.96730.720.001569              3              3                    R  2      475453 9 4 2 1 2 4    56.0   40.0
151   58.951935 7.688E-31 3.761E-02.06890.247 5726.97200.720.001565              2              2                    R  2      475453 9 4 2 1 2 4    56.0   40.0
151   59.046110 7.993E-70 4.600E-02.05990.24124286.35810.710.002769             10             10                    R  3      255454 9 4 2 1 2 3    72.0   56.0
151   59.149110 7.720E-84 3.549E-02.05160.21830912.89310.58-.001455             14             14                    R  4      255453 9 4 2 1 2 4    88.0   72.0
151   59.373086 3.330E-89 2.471E-02.04130.18733413.42660.35-.004017             16             16                    R  5      255453 9 4 2 1 2 4   104.0   88.0
151   60.463455 2.074E-91 1.859E-02.03170.15434424.90660.40-.005583             17             17                    R  6      255453 9 4 2 1 2 4   120.0  104.0
151   60.760812 5.718E-25 3.914E-02.06890.247 2946.77480.720.001561              1              1                    R  2      485453 9 4 2 1 2 4    56.0   40.0
151   61.612617 1.109E-65 5.320E-02.05990.24122344.12620.710.002769              9              9                    R  3      255454 9 4 2 1 2 3    72.0   56.0
151   62.583641 2.863E-20 5.788E-03.06890.247   62.62240.720.001556              0              0            3.5     R  2   3.568545310 4 2 1 2 4    16.0   16.0
151   62.583898 1.432E-21 3.859E-04.06890.247   62.62240.720.001556              0              0            2.5     R  2   3.568545310 4 2 1 2 4    12.0   16.0
151   62.584068 7.015E-20 2.836E-02.06890.247   62.62270.720.001556              0              0            1.5     R  2   0.568545310 4 2 1 2 4     8.0    4.0
151   62.584070 1.122E-19 3.025E-02.06890.247   62.62220.720.001556              0              0            2.5     R  2   1.568545310 4 2 1 2 4    12.0    8.0
151   62.584211 1.718E-19 3.473E-02.06890.247   62.62180.720.001556              0              0            3.5     R  2   2.568545310 4 2 1 2 4    16.0   12.0
151   62.584213 2.505E-19 4.052E-02.06890.247   62.62240.720.001556              0              0            4.5     R  2   3.568545310 4 2 1 2 4    20.0   16.0
151   62.584468 3.665E-20 9.878E-03.06890.247   62.62180.720.001556              0              0            2.5     R  2   2.568545310 4 2 1 2 4    12.0   12.0
151   62.584629 2.806E-20 1.135E-02.06890.247   62.62220.720.001556              0              0            1.5     R  2   1.568545310 4 2 1 2 4     8.0    8.0
151   62.585028 2.004E-21 8.107E-04.06890.247   62.62180.720.001556              0              0            1.5     R  2   2.568545310 4 2 1 2 4     8.0   12.0
151   63.171202 1.124E-80 4.844E-02.05160.21829463.04010.58-.001464             13             13                    R  4      255453 9 4 2 1 2 4    88.0   72.0
151   64.109612 2.568E-61 6.014E-02.05990.24120292.34190.710.002769              8              8                    R  3      255454 9 4 2 1 2 3    72.0   56.0
151   65.458658 1.279E-86 4.148E-02.04130.18732272.82720.35-.004031             15             15                    R  5      255453 9 4 2 1 2 4   104.0   88.0
151   66.556766 9.828E-57 6.668E-02.05990.24118133.80540.710.002769              7              7                    R  3      275454 9 4 2 1 2 3    72.0   56.0
151   66.889057 2.981E-77 6.239E-02.05160.21827879.81570.58-.001472             12             12                    R  4      255453 9 4 2 1 2 4    88.0   72.0
151   68.590198 2.189E-91 2.685E-02.02460.12334485.37010.29-.005966             17             17                    R  7      255453 9 4 2 1 2 4   136.0  120.0
151   68.963689 3.805E-89 3.877E-02.03170.15433472.79970.40-.005602             16             16                    R  6      255453 9 4 2 1 2 4   120.0  104.0
151   68.972954 6.174E-52 7.278E-02.05990.24115870.43960.710.002769              6              6                    R  3      375454 9 4 2 1 2 3    72.0   56.0
151   70.384216 1.397E-73 7.688E-02.05160.21826171.75510.58-.001480             11             11                    R  4      255453 9 4 2 1 2 4    88.0   72.0
151   70.809819 9.661E-84 6.160E-02.04130.18730972.04220.35-.004043             14             14                    R  5      255453 9 4 2 1 2 4   104.0   88.0
151   71.370093 6.343E-47 7.839E-02.05990.24113503.44700.710.002769              5              5                    R  3      375454 9 4 2 1 2 3    72.0   56.0
151   73.714096 1.129E-69 9.150E-02.05160.21824345.40420.58-.001488             10             10                    R  4      255453 9 4 2 1 2 4    88.0   72.0
151   73.758637 1.064E-41 8.349E-02.05990.24111033.58610.710.002769              4              4                    R  3      375454 9 4 2 1 2 3    72.0   56.0
151   75.649334 1.380E-80 8.427E-02.04130.18729526.21130.35-.004054             13             13                    R  5      255453 9 4 2 1 2 4   104.0   88.0
151   76.107280 1.423E-86 6.550E-02.03170.15432338.28590.40-.005618             15             15                    R  6      255453 9 4 2 1 2 4   120.0  104.0
151   76.147804 2.915E-36 8.813E-02.05990.241 8461.12100.710.002769              3              3                    R  3      475454 9 4 2 1 2 3    72.0   56.0
151   76.502093 2.109E-91 3.668E-02.01910.10634553.96040.30-.006250             17             17                    R  8      255453 9 4 2 1 2 4   152.0  136.0
151   76.923979 1.546E-65 1.059E-01.05160.21822405.73880.58-.001495              9              9                    R  4      255453 9 4 2 1 2 4    88.0   72.0
151   78.410462 3.890E-89 5.683E-02.02460.12333541.76340.29-.005988             16             16                    R  7      255453 9 4 2 1 2 4   136.0  120.0
151   78.544918 1.307E-30 9.232E-02.05990.241 5785.92400.710.002769              2              2                    R  3      475454 9 4 2 1 2 3    72.0   56.0
151   80.046299 3.534E-61 1.197E-01.05160.21820356.45150.58-.001502              8              8                    R  4      255453 9 4 2 1 2 4    88.0   72.0
151   80.119574 3.591E-77 1.087E-01.04130.18727946.70480.35-.004064             12             12                    R  5      255453 9 4 2 1 2 4   104.0   88.0
151   80.956086 9.624E-25 9.609E-02.05990.241 3007.53560.710.002769              1              1                    R  3      485454 9 4 2 1 2 3    72.0   56.0
151   82.377665 1.049E-83 9.764E-02.03170.15431042.85200.40-.005632             14             14                    R  6      255453 9 4 2 1 2 4   120.0  104.0
151   83.105759 1.335E-56 1.328E-01.05160.21818200.36230.58-.001509              7              7                    R  4      275453 9 4 2 1 2 4    88.0   72.0
151   83.385951 2.706E-20 8.292E-03.05990.241  125.20660.710.002769              0              0            4.5     R  3   4.568545410 4 2 1 2 3    20.0   20.0
151   83.386140 7.731E-22 2.961E-04.05990.241  125.20660.710.002769              0              0            3.5     R  3   4.568545410 4 2 1 2 3    16.0   20.0
151   83.386453 1.670E-19 8.525E-02.05990.241  125.20680.710.002769              0              0            2.5     R  3   1.568545410 4 2 1 2 3    12.0    8.0
151   83.386455 2.237E-19 8.566E-02.05990.241  125.20620.710.002769              0              0            3.5     R  3   2.568545410 4 2 1 2 3    16.0   12.0
151   83.386523 2.977E-19 9.118E-02.05990.241  125.20600.710.002769              0              0            4.5     R  3   3.568545410 4 2 1 2 3    20.0   16.0
151   83.386524 3.897E-19 9.950E-02.05990.241  125.20660.710.002769              0              0            5.5     R  3   4.568545410 4 2 1 2 3    24.0   20.0
151   83.386712 3.535E-20 1.354E-02.05990.241  125.20600.710.002769              0              0            3.5     R  3   3.568545410 4 2 1 2 3    16.0   16.0
151   83.387013 2.684E-20 1.371E-02.05990.241  125.20620.710.002769              0              0            2.5     R  3   2.568545410 4 2 1 2 3    12.0   12.0
151   83.387270 9.943E-22 5.075E-04.05990.241  125.20600.710.002769              0              0            2.5     R  3   3.568545410 4 2 1 2 3    12.0   16.0
151   84.164838 1.873E-91 4.787E-02.01510.09734630.46250.35-.006036             17             17                    R  9      255453 9 4 2 1 2 4   168.0  152.0
151   84.319801 1.654E-73 1.341E-01.04130.18726242.13930.35-.004073             11             11                    R  5      255453 9 4 2 1 2 4   104.0   88.0
151   86.126039 8.280E-52 1.450E-01.05160.21815939.41260.58-.001515              6              6                    R  4      375453 9 4 2 1 2 4    88.0   72.0
151   86.633551 1.411E-86 9.671E-02.02460.12332414.39310.29-.006007             15             15                    R  7      255453 9 4 2 1 2 4   136.0  120.0
151   87.690358 3.614E-89 7.897E-02.01910.10633620.17380.30-.006275             16             16                    R  8      255453 9 4 2 1 2 4   152.0  136.0
151   88.041963 1.463E-80 1.339E-01.03170.15429601.86060.40-.005645             13             13                    R  6      255453 9 4 2 1 2 4   120.0  104.0
151   88.319723 1.315E-69 1.597E-01.04130.18724419.11830.35-.004082             10             10                    R  5      255453 9 4 2 1 2 4   104.0   88.0
151   89.122210 8.399E-47 1.562E-01.05160.21813574.81710.58-.001522              5              5                    R  4      375453 9 4 2 1 2 4    88.0   72.0
151   91.540622 1.546E-91 6.006E-02.01250.08534714.62740.50-.005522             17             17                    R 10      255453 9 4 2 1 2 4   184.0  168.0
151   92.107359 1.391E-41 1.664E-01.05160.21811107.34470.58-.001529              4              4                    R  4      375453 9 4 2 1 2 4    88.0   72.0
151   92.174180 1.770E-65 1.850E-01.04130.18722482.66280.35-.004091              9              9                    R  5      255453 9 4 2 1 2 4   104.0   88.0
151   93.269562 3.727E-77 1.730E-01.03170.15428026.82430.40-.005657             12             12                    R  6      255453 9 4 2 1 2 4   120.0  104.0
151   93.836632 1.010E-83 1.448E-01.02460.12331125.22960.29-.006023             14             14                    R  7      255453 9 4 2 1 2 4   136.0  120.0
151   95.093072 3.763E-36 1.757E-01.05160.218 8537.26880.58-.001536              3              3                    R  4      475453 9 4 2 1 2 4    88.0   72.0
151   95.922564 3.983E-61 2.093E-01.04130.18720436.49780.35-.004099              8              8                    R  5      255453 9 4 2 1 2 4   104.0   88.0
151   96.779240 3.082E-89 1.051E-01.01510.09733707.86420.35-.006064             16             16                    R  9      255453 9 4 2 1 2 4   168.0  152.0
151   97.018871 1.265E-86 1.356E-01.01910.10632501.02660.30-.006296             15             15                    R  8      255453 9 4 2 1 2 4   152.0  136.0
151   98.088541 1.666E-30 1.841E-01.05160.218 5864.46890.58-.001542              2              2                    R  4      475453 9 4 2 1 2 4    88.0   72.0
151   98.178260 1.681E-73 2.137E-01.03170.15426326.45910.40-.005668             11             11                    R  6      255453 9 4 2 1 2 4   120.0  104.0
151   98.587073 1.193E-91 7.279E-02.01080.07534806.16810.50-.005538             17             17                    R 11      254423 9 4 2 1 2 4   200.0  184.0
151   99.594681 1.481E-56 2.322E-01.04130.18718283.46810.35-.004107              7              7                    R  5      275453 9 4 2 1 2 4   104.0   88.0
151  100.334530 1.372E-80 1.992E-01.02460.12329689.90260.29-.006037             13             13                    R  7      255453 9 4 2 1 2 4   136.0  120.0
151  101.101432 1.211E-24 1.916E-01.05160.218 3088.49170.58-.001549              1              1                    R  4      485453 9 4 2 1 2 4    88.0   72.0
151  102.850518 1.310E-69 2.549E-01.03170.15424507.43800.40-.005678             10             10                    R  6      255453 9 4 2 1 2 4   120.0  104.0
151  103.219103 9.042E-52 2.536E-01.04130.18716025.53870.35-.004116              6              6                    R  5      375453 9 4 2 1 2 4   104.0   88.0
151  104.137702 2.160E-20 1.082E-02.05160.218  208.59310.58-.001556              0              0            5.5     R  4   5.568545310 4 2 1 2 4    24.0   24.0
151  104.137851 4.000E-22 2.405E-04.05160.218  208.59310.58-.001556              0              0            4.5     R  4   5.568545310 4 2 1 2 4    20.0   24.0
151  104.138233 2.420E-19 1.819E-01.05160.218  208.59330.58-.001556              0              0            3.5     R  4   2.568545310 4 2 1 2 4    16.0   12.0
151  104.138235 3.012E-19 1.811E-01.05160.218  208.59270.58-.001556              0              0            4.5     R  4   3.568545310 4 2 1 2 4    20.0   16.0
151  104.138275 3.744E-19 1.876E-01.05160.218  208.59250.58-.001556              0              0            5.5     R  4   4.568545310 4 2 1 2 4    24.0   20.0
151  104.138277 4.620E-19 1.984E-01.05160.218  208.59310.58-.001556              0              0            6.5     R  4   5.568545310 4 2 1 2 4    28.0   24.0
151  104.138425 2.845E-20 1.710E-02.05160.218  208.59250.58-.001556              0              0            4.5     R  4   4.568545310 4 2 1 2 4    20.0   20.0
151  104.138791 2.151E-20 1.617E-02.05160.218  208.59270.58-.001556              0              0            3.5     R  4   3.568545310 4 2 1 2 4    16.0   16.0
151  104.138980 4.889E-22 3.674E-04.05160.218  208.59250.58-.001556              0              0            3.5     R  4   4.568545310 4 2 1 2 4    16.0   20.0
151  105.170302 8.770E-84 2.040E-01.01910.10631219.06620.30-.006315             14             14                    R  8      255453 9 4 2 1 2 4   152.0  136.0
151  105.255976 8.646E-92 8.548E-02.00990.07034904.75520.50-.005553             17             17                    R 12      254423 9 4 2 1 2 4   216.0  200.0
151  105.651558 2.433E-89 1.350E-01.01250.08533804.64340.50-.005553             16             16                    R 10      255453 9 4 2 1 2 4   184.0  168.0
151  106.325438 3.408E-77 2.579E-01.02460.12328120.09390.29-.006051             12             12                    R  7      255453 9 4 2 1 2 4   136.0  120.0
151  106.814152 9.031E-47 2.733E-01.04130.18713663.93930.35-.004124              5              5                    R  5      375453 9 4 2 1 2 4   104.0   88.0
151  107.243826 1.038E-86 1.823E-01.01510.09732598.04550.35-.006087             15             15                    R  9      255453 9 4 2 1 2 4   168.0  152.0
151  107.351020 1.730E-65 2.954E-01.03170.15422574.83690.40-.005688              9              9                    R  6      255453 9 4 2 1 2 4   120.0  104.0
151  110.395563 1.473E-41 2.912E-01.04130.18711199.45210.35-.004132              4              4                    R  5      375453 9 4 2 1 2 4   104.0   88.0
151  111.490719 5.908E-92 9.741E-02.00920.06535010.01120.50-.005567             17             17                    R 13      254423 9 4 2 1 2 4   232.0  216.0
151  111.726380 3.819E-61 3.344E-01.03170.15420532.42030.40-.005698              8              8                    R  6      255453 9 4 2 1 2 4   120.0  104.0
151  111.946667 1.501E-73 3.191E-01.02460.12326424.63740.29-.006063             11             11                    R  7      255453 9 4 2 1 2 4   136.0  120.0
151  112.512219 1.156E-80 2.816E-01.01910.10629790.23700.30-.006331             13             13                    R  8      255453 9 4 2 1 2 4   152.0  136.0
151  113.977334 3.922E-36 3.075E-01.04130.187 8632.36190.35-.004140              3              3                    R  5      475453 9 4 2 1 2 4   104.0   88.0
151  114.280018 1.788E-89 1.683E-01.01080.07533910.29500.50-.005573             16             16                    R 11      254423 9 4 2 1 2 4   200.0  184.0
151  116.011593 1.394E-56 3.713E-01.03170.15418383.06290.40-.005708              7              7                    R  6      275453 9 4 2 1 2 4   120.0  104.0
151  116.362250 6.933E-84 2.760E-01.01510.09731324.23650.35-.006108             14             14                    R  9      255453 9 4 2 1 2 4   168.0  152.0
151  117.223944 3.817E-92 1.078E-01.00880.06235121.50190.50-.005579             17             17                    R 14      254423 9 4 2 1 2 4   248.0  232.0
151  117.288355 7.841E-87 2.369E-01.01250.08532705.28930.50-.005580             15             15                    R 10      255453 9 4 2 1 2 4   184.0  168.0
151  117.294005 1.143E-69 3.809E-01.02460.12324610.28850.29-.006075             10             10                    R  7      255453 9 4 2 1 2 4   136.0  120.0
151  117.570551 1.709E-30 3.222E-01.04130.187 5962.55740.35-.004148              2              2                    R  5      475453 9 4 2 1 2 4   104.0   88.0
151  119.273533 2.789E-77 3.655E-01.01910.10628226.41920.30-.006346             12             12                    R  8      255453 9 4 2 1 2 4   152.0  136.0
151  120.240231 8.354E-52 4.057E-01.03170.15416128.75780.40-.005717              6              6                    R  6      375453 9 4 2 1 2 4   120.0  104.0
151  121.184455 1.223E-24 3.354E-01.04130.187 3189.59310.35-.004156              1              1                    R  5      485453 9 4 2 1 2 4   104.0   88.0
151  121.300489 1.202E-94 3.443E-02.00820.06036148.65940.50-.005589             17             17                    R 22      254423 9 4 2 1 2 4   376.0  360.0
151  122.372560 2.338E-92 1.157E-01.00850.06035238.72580.50-.005591             17             17                    R 15      254423 9 4 2 1 2 4   264.0  248.0
151  122.442313 1.476E-65 4.419E-01.02460.12322682.18790.29-.006087              9              9                    R  7      255453 9 4 2 1 2 4   136.0  120.0
151  122.635166 1.230E-89 2.041E-01.00990.07034024.57510.50-.005592             16             16                    R 12      254423 9 4 2 1 2 4   216.0  200.0
151  124.433985 8.191E-47 4.373E-01.03170.15413770.75350.40-.005726              5              5                    R  6      375453 9 4 2 1 2 4   120.0  104.0
151  124.560279 8.830E-81 3.824E-01.01510.09729902.74920.35-.006126             13             13                    R  9      255453 9 4 2 1 2 4   168.0  152.0
151  124.826341 1.494E-20 1.336E-02.04130.187  312.73140.35-.004164              0              0            6.5     R  5   6.568545310 4 2 1 2 4    28.0   28.0
151  124.826463 1.940E-22 2.024E-04.04130.187  312.73140.35-.004164              0              0            5.5     R  5   6.568545310 4 2 1 2 4    24.0   28.0
151  124.826887 2.624E-19 3.284E-01.04130.187  312.73150.35-.004164              0              0            4.5     R  5   3.568545310 4 2 1 2 4    20.0   16.0
151  124.826889 3.130E-19 3.265E-01.04130.187  312.73090.35-.004164              0              0            5.5     R  5   4.568545310 4 2 1 2 4    24.0   20.0
151  124.826917 3.736E-19 3.339E-01.04130.187  312.73080.35-.004164              0              0            6.5     R  5   5.568545310 4 2 1 2 4    28.0   24.0
151  124.826918 4.440E-19 3.473E-01.04130.187  312.73140.35-.004164              0              0            7.5     R  5   6.568545310 4 2 1 2 4    32.0   28.0
151  124.827038 1.976E-20 2.061E-02.04130.187  312.73080.35-.004164              0              0            5.5     R  5   5.568545310 4 2 1 2 4    24.0   24.0
151  124.827443 1.490E-20 1.866E-02.04130.187  312.73090.35-.004164              0              0            4.5     R  5   4.568545310 4 2 1 2 4    20.0   20.0
151  124.827592 2.294E-22 2.870E-04.04130.187  312.73080.35-.004164              0              0            4.5     R  5   5.568545310 4 2 1 2 4    20.0   24.0
151  125.612061 1.195E-73 4.530E-01.01910.10626536.58400.30-.006360             11             11                    R  8      255453 9 4 2 1 2 4   152.0  136.0
151  126.830438 1.359E-92 1.204E-01.00840.06035361.09840.50-.005601             17             17                    R 16      254423 9 4 2 1 2 4   280.0  264.0
151  127.131533 5.493E-87 2.990E-01.01080.07532822.57770.50-.005602             15             15                    R 11      254423 9 4 2 1 2 4   200.0  184.0
151  127.395375 5.031E-84 3.610E-01.01250.08531440.59870.50-.005602             14             14                    R 10      255453 9 4 2 1 2 4   184.0  168.0
151  127.445746 3.188E-61 5.006E-01.02460.12320644.14670.29-.006098              8              8                    R  7      255453 9 4 2 1 2 4   136.0  120.0
151  128.611255 1.311E-41 4.661E-01.03170.15411309.84770.40-.005736              4              4                    R  6      375453 9 4 2 1 2 4   120.0  104.0
151  129.368836 3.528E-94 6.111E-02.00830.06036019.29060.50-.005607             17             17                    R 21      254423 9 4 2 1 2 4   360.0  344.0
151  130.455627 7.501E-93 1.207E-01.00840.06035487.92880.50-.005609             17             17                    R 17      254423 9 4 2 1 2 4   296.0  280.0
151  130.684851 7.946E-90 2.417E-01.00920.06534147.21030.50-.005610             16             16                    R 13      254423 9 4 2 1 2 4   232.0  216.0
151  131.637703 8.865E-70 5.415E-01.01910.10624727.58240.30-.006374             10             10                    R  8      255453 9 4 2 1 2 4   152.0  136.0
151  132.099948 2.064E-77 4.977E-01.01510.09728345.69270.35-.006143             12             12                    R  9      255453 9 4 2 1 2 4   168.0  152.0
151  132.344597 1.139E-56 5.561E-01.02460.12318499.07460.29-.006109              7              7                    R  7      275453 9 4 2 1 2 4   136.0  120.0
151  132.788504 3.429E-36 4.922E-01.03170.154 8746.33920.40-.005745              3              3                    R  6      475453 9 4 2 1 2 4   120.0  104.0
151  133.045989 3.926E-93 1.159E-01.00830.06035618.38450.50-.005615             17             17                    R 18      254423 9 4 2 1 2 4   312.0  296.0
151  133.574882 8.855E-94 8.737E-02.00830.06035885.71580.50-.005616             17             17                    R 20      254423 9 4 2 1 2 4   344.0  328.0
151  134.285294 1.937E-93 1.051E-01.00830.06035751.43050.50-.005618             17             17                    R 19      254423 9 4 2 1 2 4   328.0  312.0
151  136.463512 6.169E-81 5.025E-01.01250.08530027.30950.50-.005622             13             13                    R 10      255453 9 4 2 1 2 4   184.0  168.0
151  136.751397 3.585E-87 3.682E-01.00990.07032949.70920.50-.005623             15             15                    R 12      254423 9 4 2 1 2 4   216.0  200.0
151  136.978744 1.467E-30 5.159E-01.03170.154 6080.12800.40-.005755              2              2                    R  6      475453 9 4 2 1 2 4   120.0  104.0
151  137.177555 6.682E-52 6.080E-01.02460.12316248.99810.29-.006120              6              6                    R  7      375453 9 4 2 1 2 4   136.0  120.0
151  137.435891 1.116E-65 6.288E-01.01910.10622804.63020.30-.006387              9              9                    R  8      255453 9 4 2 1 2 4   152.0  136.0
151  138.252187 3.370E-84 4.593E-01.01080.07531567.99410.50-.005627             14             14                    R 11      254423 9 4 2 1 2 4   200.0  184.0
151  138.393654 4.840E-90 2.799E-01.00880.06234277.89510.50-.005627             16             16                    R 14      254423 9 4 2 1 2 4   248.0  232.0
151  139.161320 8.578E-74 6.180E-01.01510.09726662.19600.35-.006159             11             11                    R  9      255453 9 4 2 1 2 4   168.0  152.0
151  141.192820 1.031E-24 5.372E-01.03170.154 3310.77750.40-.005764              1              1                    R  6      485453 9 4 2 1 2 4   120.0  104.0
151  141.969826 6.414E-47 6.556E-01.02460.12313895.18750.29-.006131              5              5                    R  7      375453 9 4 2 1 2 4   136.0  120.0
151  143.068694 2.352E-61 7.131E-01.01910.10620771.59240.30-.006400              8              8                    R  8      255453 9 4 2 1 2 4   152.0  136.0
151  144.790985 1.392E-77 6.559E-01.01250.08528477.79260.50-.005641             12             12                    R 10      255453 9 4 2 1 2 4   184.0  168.0
151  145.439376 9.089E-21 1.589E-02.03170.154  437.55830.40-.005774              0              0            7.5     R  6   7.568545310 4 2 1 2 4    32.0   32.0
151  145.439477 8.739E-23 1.746E-04.03170.154  437.55830.40-.005774              0              0            6.5     R  6   7.568545310 4 2 1 2 4    28.0   32.0
151  145.439931 2.294E-19 5.351E-01.03170.154  437.55840.40-.005774              0              0            5.5     R  6   4.568545310 4 2 1 2 4    24.0   20.0
151  145.439933 2.662E-19 5.319E-01.03170.154  437.55780.40-.005774              0              0            6.5     R  6   5.568545310 4 2 1 2 4    28.0   24.0
151  145.439953 3.090E-19 5.406E-01.03170.154  437.55770.40-.005774              0              0            7.5     R  6   6.568545310 4 2 1 2 4    32.0   28.0
151  145.439955 3.579E-19 5.562E-01.03170.154  437.55830.40-.005774              0              0            8.5     R  6   7.568545310 4 2 1 2 4    36.0   32.0
151  145.440055 1.205E-20 2.408E-02.03170.154  437.55770.40-.005774              0              0            6.5     R  6   6.568545310 4 2 1 2 4    28.0   28.0
151  145.440485 9.076E-21 2.116E-02.03170.154  437.55780.40-.005774              0              0            5.5     R  6   5.568545310 4 2 1 2 4    24.0   24.0
151  145.440607 1.009E-22 2.351E-04.03170.154  437.55770.40-.005774              0              0            5.5     R  6   6.568545310 4 2 1 2 4    24.0   28.0
151  145.721634 2.788E-90 3.175E-01.00850.06034416.28880.50-.005643             16             16                    R 15      254423 9 4 2 1 2 4   264.0  248.0
151  145.869122 6.179E-70 7.400E-01.01510.09724859.22010.35-.006174             10             10                    R  9      255453 9 4 2 1 2 4   168.0  152.0
151  146.124731 2.188E-87 4.435E-01.00920.06533086.46060.50-.005644             15             15                    R 13      254423 9 4 2 1 2 4   232.0  216.0
151  146.742498 1.005E-41 6.990E-01.02460.12311438.45890.29-.006141              4              4                    R  7      375453 9 4 2 1 2 4   136.0  120.0
151  148.206516 3.965E-81 6.423E-01.01080.07530163.77300.50-.005649             13             13                    R 11      254423 9 4 2 1 2 4   200.0  184.0
151  148.581838 8.199E-57 7.927E-01.01910.10618631.41920.30-.006412              7              7                    R  8      275453 9 4 2 1 2 4   152.0  136.0
151  148.914631 2.095E-84 5.704E-01.00990.07031706.24630.50-.005650             14             14                    R 12      254423 9 4 2 1 2 4   216.0  200.0
151  151.514560 2.574E-36 7.384E-01.02460.123 8879.12770.29-.006152              3              3                    R  7      475453 9 4 2 1 2 4   136.0  120.0
151  152.319601 7.564E-66 8.603E-01.01510.09722942.06600.35-.006188              9              9                    R  9      255453 9 4 2 1 2 4   168.0  152.0
151  152.581542 5.592E-74 8.164E-01.01250.08526801.35730.50-.005659             11             11                    R 10      255453 9 4 2 1 2 4   184.0  168.0
151  152.623484 1.523E-90 3.530E-01.00840.06034562.01040.50-.005659             16             16                    R 16      254423 9 4 2 1 2 4   280.0  264.0
151  154.019261 4.697E-52 8.671E-01.01910.10616386.17570.30-.006424              6              6                    R  8      375453 9 4 2 1 2 4   152.0  136.0
151  155.226795 1.254E-87 5.239E-01.00880.06233232.58540.50-.005665             15             15                    R 14      254423 9 4 2 1 2 4   248.0  232.0
151  156.300987 1.078E-30 7.740E-01.02460.123 6217.10670.29-.006163              2              2                    R  7      475453 9 4 2 1 2 4   136.0  120.0
151  157.332515 8.601E-78 8.414E-01.01080.07528622.58360.50-.005669             12             12                    R 11      254423 9 4 2 1 2 4   200.0  184.0
151  158.583290 1.550E-61 9.766E-01.01510.09720914.66100.35-.006202              8              8                    R  9      255453 9 4 2 1 2 4   168.0  152.0
151  159.046562 7.912E-91 3.847E-01.00840.06034714.63390.50-.005673             16             16                    R 17      254423 9 4 2 1 2 4   296.0  280.0
151  159.363984 1.213E-84 6.938E-01.00920.06531855.16090.50-.005674             14             14                    R 13      254423 9 4 2 1 2 4   232.0  216.0
151  159.409855 4.401E-47 9.354E-01.01910.10614037.15730.30-.006436              5              5                    R  8      375453 9 4 2 1 2 4   152.0  136.0
151  159.773565 2.355E-81 8.022E-01.00990.07030311.97960.50-.005675             13             13                    R 12      254423 9 4 2 1 2 4   216.0  200.0
151  159.975610 3.900E-70 9.792E-01.01250.08525005.08910.50-.005675             10             10                    R 10      255453 9 4 2 1 2 4   184.0  168.0
151  161.114255 7.411E-25 8.061E-01.02460.123 3451.97030.29-.006174              1              1                    R  7      485453 9 4 2 1 2 4   136.0  120.0
151  161.122250 7.168E-95 1.116E-01.00820.06036460.50520.50-.005678             16             16                    R 27      254423 9 4 2 1 2 4   456.0  440.0
151  164.030997 6.764E-88 6.078E-01.00850.06033387.81220.50-.005684             15             15                    R 15      254423 9 4 2 1 2 4   264.0  248.0
151  164.711614 5.258E-57 1.086E+00.01510.09718780.00100.35-.006216              7              7                    R  9      275453 9 4 2 1 2 4   168.0  152.0
151  164.777423 6.736E-42 9.977E-01.01910.10611585.20140.30-.006448              4              4                    R  8      375453 9 4 2 1 2 4   152.0  136.0
151  164.928438 3.917E-91 4.110E-01.00830.06034873.68050.50-.005686             16             16                    R 18      254423 9 4 2 1 2 4   312.0  296.0
151  165.859511 3.330E-74 1.050E+00.01080.07526953.93880.50-.005688             11             11                    R 11      254423 9 4 2 1 2 4   200.0  184.0
151  165.964385 4.904E-21 1.841E-02.02460.123  582.99820.29-.006184              0              0            8.5     R  7   8.568545310 4 2 1 2 4    36.0   36.0
151  165.964471 3.633E-23 1.535E-04.02460.123  582.99820.29-.006184              0              0            7.5     R  7   8.568545310 4 2 1 2 4    32.0   36.0
151  165.964947 1.680E-19 8.110E-01.02460.123  582.99830.29-.006184              0              0            6.5     R  7   5.568545310 4 2 1 2 4    28.0   24.0
151  165.964949 1.910E-19 8.073E-01.02460.123  582.99780.29-.006184              0              0            7.5     R  7   6.568545310 4 2 1 2 4    32.0   28.0
151  165.964964 2.174E-19 8.165E-01.02460.123  582.99770.29-.006184              0              0            8.5     R  7   7.568545310 4 2 1 2 4    36.0   32.0
151  165.964966 2.470E-19 8.349E-01.02460.123  582.99820.29-.006184              0              0            9.5     R  7   8.568545310 4 2 1 2 4    40.0   36.0
151  165.965050 6.509E-21 2.750E-02.02460.123  582.99770.29-.006184              0              0            7.5     R  7   7.568545310 4 2 1 2 4    32.0   32.0
151  165.965499 4.898E-21 2.365E-02.02460.123  582.99780.29-.006184              0              0            6.5     R  7   6.568545310 4 2 1 2 4    28.0   28.0
151  165.965600 4.117E-23 1.988E-04.02460.123  582.99770.29-.006184              0              0            6.5     R  7   7.568545310 4 2 1 2 4    28.0   32.0
151  167.081177 4.626E-66 1.140E+00.01250.08523094.38560.50-.005691              9              9                    R 10      255453 9 4 2 1 2 4   184.0  168.0
151  169.580723 6.561E-85 8.284E-01.00880.06232014.52490.50-.005697             14             14                    R 14      254423 9 4 2 1 2 4   248.0  232.0
151  169.710313 4.895E-78 1.055E+00.00990.07028779.91610.50-.005697             12             12                    R 12      254423 9 4 2 1 2 4   216.0  200.0
151  170.143551 1.683E-36 1.054E+00.01910.106 9030.64220.30-.006460              3              3                    R  8      475453 9 4 2 1 2 4   152.0  136.0
151  170.193167 1.852E-91 4.299E-01.00830.06035038.60890.50-.005698             16             16                    R 19      254423 9 4 2 1 2 4   328.0  312.0
151  170.753595 2.932E-52 1.189E+00.01510.09716540.19490.35-.006230              6              6                    R  9      375453 9 4 2 1 2 4   168.0  152.0
151  171.148558 1.298E-81 9.817E-01.00920.06530471.75310.50-.005700             13             13                    R 13      254423 9 4 2 1 2 4   232.0  216.0
151  172.508593 3.445E-88 6.936E-01.00840.06033551.84320.50-.005703             15             15                    R 16      254423 9 4 2 1 2 4   280.0  264.0
151  172.535131 2.546E-94 1.948E-01.00820.06036287.97000.50-.005703             16             16                    R 26      254423 9 4 2 1 2 4   440.0  424.0
151  173.944866 2.241E-70 1.262E+00.01080.07525165.06470.50-.005706             10             10                    R 11      254423 9 4 2 1 2 4   200.0  184.0
151  173.977518 9.193E-62 1.295E+00.01250.08521073.24420.50-.005707              8              8                    R 10      255453 9 4 2 1 2 4   184.0  168.0
151  174.745492 8.377E-92 4.396E-01.00830.06035208.80210.50-.005708             16             16                    R 20      254423 9 4 2 1 2 4   344.0  328.0
151  175.525219 6.882E-31 1.105E+00.01910.106 6373.40770.30-.006472              2              2                    R  8      475453 9 4 2 1 2 4   152.0  136.0
151  176.742321 2.675E-47 1.283E+00.01510.09714196.56720.35-.006243              5              5                    R  9      375453 9 4 2 1 2 4   168.0  152.0
151  178.461296 3.630E-92 4.381E-01.00830.06035383.54760.50-.005717             16             16                    R 21      254423 9 4 2 1 2 4   360.0  344.0
151  178.981991 1.820E-74 1.320E+00.00990.07027119.79830.50-.005718             11             11                    R 12      254423 9 4 2 1 2 4   216.0  200.0
151  179.544378 3.328E-85 9.729E-01.00850.06032184.10560.50-.005719             14             14                    R 15      254423 9 4 2 1 2 4   264.0  248.0
151  179.742471 8.095E-94 2.837E-01.00820.06036108.22760.50-.005719             16             16                    R 25      254423 9 4 2 1 2 4   424.0  408.0
151  180.627821 1.661E-88 7.791E-01.00840.06033724.35180.50-.005721             15             15                    R 17      254423 9 4 2 1 2 4   296.0  280.0
151  180.721863 3.026E-57 1.442E+00.01250.08518944.71250.50-.005722              7              7                    R 10      275453 9 4 2 1 2 4   184.0  168.0
151  180.936573 4.618E-25 1.151E+00.01910.106 3613.08460.30-.006484              1              1                    R  8      485453 9 4 2 1 2 4   152.0  136.0
151  181.170912 1.509E-92 4.237E-01.00820.06035562.00890.50-.005723             16             16                    R 22      254423 9 4 2 1 2 4   376.0  360.0
151  181.708704 2.569E-66 1.471E+00.01080.07523261.46670.50-.005724              9              9                    R 11      254423 9 4 2 1 2 4   200.0  184.0
151  181.909943 2.576E-78 1.296E+00.00920.06528949.62640.50-.005724             12             12                    R 13      254423 9 4 2 1 2 4   232.0  216.0
151  182.314939 6.657E-82 1.180E+00.00880.06230642.90170.50-.005725             13             13                    R 14      254423 9 4 2 1 2 4   248.0  232.0
151  182.422041 2.277E-93 3.487E-01.00820.06035925.80560.50-.005725             16             16                    R 24      254423 9 4 2 1 2 4   408.0  392.0
151  182.625780 6.003E-93 3.945E-01.00820.06035743.17980.50-.005726             16             16                    R 23      254423 9 4 2 1 2 4   392.0  376.0
151  182.704237 3.985E-42 1.370E+00.01510.09711749.97880.35-.006256              4              4                    R  9      375453 9 4 2 1 2 4   168.0  152.0
151  186.389030 2.357E-21 2.093E-02.01910.106  748.96320.30-.006497              0              0            9.5     R  8   9.568545310 4 2 1 2 4    40.0   40.0
151  186.389103 1.387E-23 1.368E-04.01910.106  748.96320.30-.006497              0              0            8.5     R  8   9.568545310 4 2 1 2 4    36.0   40.0
151  186.389596 1.051E-19 1.167E+00.01910.106  748.96330.30-.006497              0              0            7.5     R  8   6.568545310 4 2 1 2 4    32.0   28.0
151  186.389598 1.178E-19 1.162E+00.01910.106  748.96270.30-.006497              0              0            8.5     R  8   7.568545310 4 2 1 2 4    36.0   32.0
151  186.389611 1.320E-19 1.172E+00.01910.106  748.96260.30-.006497              0              0            9.5     R  8   8.568545310 4 2 1 2 4    40.0   36.0
151  186.389612 1.478E-19 1.193E+00.01910.106  748.96320.30-.006497              0              0           10.5     R  8   9.568545310 4 2 1 2 4    44.0   40.0
151  186.389684 3.133E-21 3.090E-02.01910.106  748.96260.30-.006497              0              0            8.5     R  8   8.568545310 4 2 1 2 4    36.0   36.0
151  186.390146 2.357E-21 2.615E-02.01910.106  748.96270.30-.006497              0              0            7.5     R  8   7.568545310 4 2 1 2 4    32.0   32.0
151  186.390232 1.550E-23 1.720E-04.01910.106  748.96260.30-.006497              0              0            7.5     R  8   8.568545310 4 2 1 2 4    32.0   36.0
151  187.368765 1.638E-52 1.580E+00.01250.08516710.94850.50-.005737              6              6                    R 10      375453 9 4 2 1 2 4   184.0  168.0
151  187.764230 1.179E-70 1.590E+00.00990.07025339.00960.50-.005737             10             10                    R 12      254423 9 4 2 1 2 4   216.0  200.0
151  188.353618 7.597E-89 8.621E-01.00830.06033904.97960.50-.005739             15             15                    R 18      254423 9 4 2 1 2 4   312.0  296.0
151  188.663608 9.695E-37 1.448E+00.01510.097 9200.78580.35-.006270              3              3                    R  9      475453 9 4 2 1 2 4   168.0  152.0
151  189.233336 1.586E-85 1.126E+00.00840.06032363.65000.50-.005741             14             14                    R 16      254423 9 4 2 1 2 4   280.0  264.0
151  189.239709 4.936E-62 1.674E+00.01080.07521247.22180.50-.005741              8              8                    R 11      254423 9 4 2 1 2 4   200.0  184.0
151  191.935636 9.167E-75 1.627E+00.00920.06527298.78030.50-.005747             11             11                    R 13      254423 9 4 2 1 2 4   232.0  216.0
151  193.255625 3.188E-82 1.397E+00.00850.06030825.21660.50-.005750             13             13                    R 15      254423 9 4 2 1 2 4   264.0  248.0
151  193.916718 1.257E-78 1.566E+00.00880.06229131.53640.50-.005751             12             12                    R 14      254423 9 4 2 1 2 4   248.0  232.0
151  193.955446 1.450E-47 1.706E+00.01250.08514373.30940.50-.005751              5              5                    R 10      375453 9 4 2 1 2 4   184.0  168.0
151  194.639470 3.858E-31 1.518E+00.01510.097 6548.93280.35-.006283              2              2                    R  9      475453 9 4 2 1 2 4   168.0  152.0
151  195.646483 3.306E-89 9.400E-01.00830.06034093.33330.50-.005755             15             15                    R 19      254423 9 4 2 1 2 4   328.0  312.0
151  196.189979 1.301E-66 1.856E+00.00990.07023443.17540.50-.005756              9              9                    R 12      254423 9 4 2 1 2 4   216.0  200.0
151  196.601173 1.572E-57 1.865E+00.01080.07519125.43440.50-.005757              7              7                    R 11      274423 9 4 2 1 2 4   200.0  184.0
151  198.624616 7.126E-86 1.284E+00.00840.06032552.88340.50-.005762             14             14                    R 17      254423 9 4 2 1 2 4   296.0  280.0
151  200.511233 2.098E-42 1.821E+00.01250.08511932.68300.50-.005766              4              4                    R 10      375453 9 4 2 1 2 4   184.0  168.0
151  200.647674 2.519E-25 1.582E+00.01510.097 3794.02110.35-.006297              1              1                    R  9      485453 9 4 2 1 2 4   168.0  152.0
151  201.421101 5.692E-71 1.964E+00.00920.06525526.77380.50-.005768             10             10                    R 13      254423 9 4 2 1 2 4   232.0  216.0
151  202.461308 1.372E-89 1.010E+00.00830.06034288.97970.50-.005770             15             15                    R 20      254423 9 4 2 1 2 4   344.0  328.0
151  203.853326 8.233E-53 2.045E+00.01080.07516898.31730.50-.005773              6              6                    R 11      374423 9 4 2 1 2 4   200.0  184.0
151  203.952902 1.429E-82 1.630E+00.00840.06031018.47220.50-.005774             13             13                    R 16      254423 9 4 2 1 2 4   280.0  264.0
151  204.357960 2.410E-62 2.115E+00.00990.07021436.46150.50-.005775              8              8                    R 12      254423 9 4 2 1 2 4   216.0  200.0
151  204.706969 4.268E-75 1.972E+00.00880.06227490.71600.50-.005775             11             11                    R 14      254423 9 4 2 1 2 4   248.0  232.0
151  205.715652 5.707E-79 1.863E+00.00850.06029325.45310.50-.005778             12             12                    R 15      254423 9 4 2 1 2 4   264.0  248.0
151  206.701064 1.014E-21 2.342E-02.01510.097  935.35280.35-.006310              0              0           10.5     R  9  10.568545310 4 2 1 2 4    44.0   44.0
151  206.701126 4.852E-24 1.232E-04.01510.097  935.35280.35-.006310              0              0            9.5     R  9  10.568545310 4 2 1 2 4    40.0   44.0
151  206.701634 5.708E-20 1.610E+00.01510.097  935.35290.35-.006310              0              0            8.5     R  9   7.568545310 4 2 1 2 4    36.0   32.0
151  206.701636 6.320E-20 1.605E+00.01510.097  935.35230.35-.006310              0              0            9.5     R  9   8.568545310 4 2 1 2 4    40.0   36.0
151  206.701647 6.998E-20 1.616E+00.01510.097  935.35220.35-.006310              0              0           10.5     R  9   9.568545310 4 2 1 2 4    44.0   40.0
151  206.701649 7.746E-20 1.639E+00.01510.097  935.35280.35-.006310              0              0           11.5     R  9  10.568545310 4 2 1 2 4    48.0   44.0
151  206.701709 1.349E-21 3.425E-02.01510.097  935.35220.35-.006310              0              0            9.5     R  9   9.568545310 4 2 1 2 4    40.0   40.0
151  206.702183 1.014E-21 2.860E-02.01510.097  935.35230.35-.006310              0              0            8.5     R  9   8.568545310 4 2 1 2 4    36.0   36.0
151  206.702256 5.365E-24 1.513E-04.01510.097  935.35220.35-.006310              0              0            8.5     R  9   9.568545310 4 2 1 2 4    36.0   40.0
151  206.959405 5.215E-95 3.583E-01.00820.06036721.89960.50-.005780             15             15                    R 31      254423 9 4 2 1 2 4   520.0  504.0
151  207.062952 4.955E-37 1.926E+00.01250.085 9389.44930.50-.005781              3              3                    R 10      475453 9 4 2 1 2 4   184.0  168.0
151  207.693736 3.024E-86 1.446E+00.00830.06032751.50800.50-.005782             14             14                    R 18      254423 9 4 2 1 2 4   312.0  296.0
151  208.745682 5.439E-90 1.069E+00.00830.06034491.44110.50-.005784             15             15                    R 21      254423 9 4 2 1 2 4   360.0  344.0
151  210.512895 6.034E-67 2.298E+00.00920.06523639.36540.50-.005788              9              9                    R 13      254423 9 4 2 1 2 4   232.0  216.0
151  211.037802 7.059E-48 2.209E+00.01080.07514567.26490.50-.005790              5              5                    R 11      374423 9 4 2 1 2 4   200.0  184.0
151  212.337833 7.405E-58 2.359E+00.00990.07019322.03560.50-.005792              7              7                    R 12      274423 9 4 2 1 2 4   216.0  200.0
151  213.631860 1.914E-31 2.020E+00.01250.085 6743.57220.50-.005795              2              2                    R 10      475453 9 4 2 1 2 4   184.0  168.0
151  214.388310 6.014E-83 1.876E+00.00840.06031222.42520.50-.005797             13             13                    R 17      254423 9 4 2 1 2 4   296.0  280.0
151  214.437493 2.066E-90 1.114E+00.00820.06034700.18670.50-.005797             15             15                    R 22      254423 9 4 2 1 2 4   376.0  360.0
151  214.902822 2.533E-71 2.387E+00.00880.06225728.19490.50-.005798             10             10                    R 14      254423 9 4 2 1 2 4   248.0  232.0
151  216.413918 1.215E-86 1.608E+00.00830.06032959.20180.50-.005802             14             14                    R 19      254423 9 4 2 1 2 4   328.0  312.0
151  217.282356 1.842E-75 2.355E+00.00850.06027695.42290.50-.005804             11             11                    R 15      254423 9 4 2 1 2 4   264.0  248.0
151  217.291407 2.416E-79 2.186E+00.00840.06029531.16880.50-.005804             12             12                    R 16      254423 9 4 2 1 2 4   280.0  264.0
151  218.186655 9.884E-43 2.360E+00.01080.07512133.19410.50-.005806              4              4                    R 11      374423 9 4 2 1 2 4   200.0  184.0
151  219.320487 1.075E-62 2.622E+00.00920.06521640.81940.50-.005808              8              8                    R 13      254423 9 4 2 1 2 4   232.0  216.0
151  219.461403 7.531E-91 1.142E+00.00820.06034914.62420.50-.005808             15             15                    R 23      254423 9 4 2 1 2 4   392.0  376.0
151  220.173390 2.192E-94 5.823E-01.00820.06036501.72620.50-.005810             15             15                    R 30      254423 9 4 2 1 2 4   504.0  488.0
151  220.195669 3.743E-53 2.588E+00.00990.07017102.17070.50-.005810              6              6                    R 12      374423 9 4 2 1 2 4   216.0  200.0
151  220.235559 1.213E-25 2.105E+00.01250.085 3994.66870.50-.005810              1              1                    R 10      485453 9 4 2 1 2 4   184.0  168.0
151  223.723446 2.641E-91 1.150E+00.00820.06035134.08570.50-.005818             15             15                    R 24      254423 9 4 2 1 2 4   408.0  392.0
151  224.542501 2.380E-83 2.135E+00.00830.06031436.81350.50-.005820             13             13                    R 18      254423 9 4 2 1 2 4   312.0  296.0
151  224.665346 2.571E-67 2.798E+00.00880.06223849.87830.50-.005820              9              9                    R 14      254423 9 4 2 1 2 4   248.0  232.0
151  224.756178 4.631E-87 1.767E+00.00830.06033175.61570.50-.005820             14             14                    R 20      254423 9 4 2 1 2 4   344.0  328.0
151  225.329772 2.260E-37 2.496E+00.01080.075 9596.51220.50-.005822              3              3                    R 11      474423 9 4 2 1 2 4   200.0  184.0
151  226.888347 3.916E-22 2.587E-02.01250.085 1142.05450.50-.005825              0              0           11.5     R 10  11.568545310 4 2 1 2 4    48.0   48.0
151  226.888400 1.554E-24 1.120E-04.01250.085 1142.05450.50-.005825              0              0           10.5     R 10  11.568545310 4 2 1 2 4    44.0   48.0
151  226.888921 2.713E-20 2.151E+00.01250.085 1142.05450.50-.005825              0              0            9.5     R 10   8.568545310 4 2 1 2 4    40.0   36.0
151  226.888922 2.975E-20 2.144E+00.01250.085 1142.05390.50-.005825              0              0           10.5     R 10   9.568545310 4 2 1 2 4    44.0   40.0
151  226.888931 3.264E-20 2.156E+00.01250.085 1142.05390.50-.005825              0              0           11.5     R 10  10.568545310 4 2 1 2 4    48.0   44.0
151  226.888933 3.577E-20 2.182E+00.01250.085 1142.05450.50-.005825              0              0           12.5     R 10  11.568545310 4 2 1 2 4    52.0   48.0
151  226.888985 5.210E-22 3.755E-02.01250.085 1142.05390.50-.005825              0              0           10.5     R 10  10.568545310 4 2 1 2 4    44.0   44.0
151  226.889467 3.916E-22 3.104E-02.01250.085 1142.05390.50-.005825              0              0            9.5     R 10   9.568545310 4 2 1 2 4    40.0   40.0
151  226.889530 1.702E-24 1.349E-04.01250.085 1142.05390.50-.005825              0              0            9.5     R 10  10.568545310 4 2 1 2 4    40.0   44.0
151  226.996396 8.115E-94 7.719E-01.00820.06036274.72980.50-.005825             15             15                    R 29      254423 9 4 2 1 2 4   488.0  472.0
151  227.102487 8.926E-92 1.134E+00.00820.06035357.80910.50-.005826             15             15                    R 25      254423 9 4 2 1 2 4   424.0  408.0
151  227.920278 3.175E-58 2.928E+00.00920.06519534.37340.50-.005827              7              7                    R 13      274423 9 4 2 1 2 4   232.0  216.0
151  227.977814 3.098E-48 2.799E+00.00990.07014778.30270.50-.005827              5              5                    R 12      374423 9 4 2 1 2 4   216.0  200.0
151  228.196665 1.042E-71 2.857E+00.00850.06025943.09770.50-.005828             10             10                    R 15      254423 9 4 2 1 2 4   264.0  248.0
151  228.628224 9.563E-80 2.532E+00.00840.06029748.46020.50-.005829             12             12                    R 17      254423 9 4 2 1 2 4   296.0  280.0
151  229.434998 2.912E-92 1.091E+00.00820.06035584.91160.50-.005831             15             15                    R 26      254423 9 4 2 1 2 4   440.0  424.0
151  229.647970 7.388E-76 2.774E+00.00840.06027912.70530.50-.005831             11             11                    R 16      254423 9 4 2 1 2 4   280.0  264.0
151  229.895849 2.789E-93 9.139E-01.00820.06036044.83400.50-.005832             15             15                    R 28      254423 9 4 2 1 2 4   472.0  456.0
151  230.487444 9.177E-93 1.019E+00.00820.06035814.34660.50-.005833             15             15                    R 27      254423 9 4 2 1 2 4   456.0  440.0
151  232.490492 8.450E-32 2.620E+00.01080.075 6957.20400.50-.005838              2              2                    R 11      474423 9 4 2 1 2 4   200.0  184.0
151  232.688459 1.679E-87 1.920E+00.00830.06033400.37190.50-.005838             14             14                    R 21      254423 9 4 2 1 2 4   360.0  344.0
151  234.115541 4.388E-63 3.197E+00.00880.06221860.13990.50-.005841              8              8                    R 14      254423 9 4 2 1 2 4   248.0  232.0
151  234.395178 8.879E-84 2.402E+00.00830.06031661.35600.50-.005842             13             13                    R 19      254423 9 4 2 1 2 4   328.0  312.0
151  235.719213 4.188E-43 2.991E+00.00990.07012351.38080.50-.005845              4              4                    R 12      374423 9 4 2 1 2 4   216.0  200.0
151  236.384338 1.545E-53 3.216E+00.00920.06517322.36650.50-.005846              6              6                    R 13      374423 9 4 2 1 2 4   232.0  216.0
151  238.635219 1.009E-67 3.357E+00.00850.06024074.54370.50-.005851              9              9                    R 15      254423 9 4 2 1 2 4   264.0  248.0
151  239.688221 5.182E-26 2.731E+00.01080.075 4214.90420.50-.005854              1              1                    R 11      484423 9 4 2 1 2 4   200.0  184.0
151  239.709848 3.547E-80 2.901E+00.00830.06029977.08840.50-.005854             12             12                    R 18      254423 9 4 2 1 2 4   312.0  296.0
151  240.174948 5.802E-88 2.062E+00.00820.06033633.06030.50-.005855             14             14                    R 22      254423 9 4 2 1 2 4   376.0  360.0
151  241.289815 3.968E-72 3.376E+00.00840.06026171.29440.50-.005857             10             10                    R 16      254423 9 4 2 1 2 4   280.0  264.0
151  241.789756 2.760E-76 3.229E+00.00840.06028142.35330.50-.005858             11             11                    R 17      254423 9 4 2 1 2 4   296.0  280.0
151  243.337004 1.243E-58 3.575E+00.00880.06219762.29370.50-.005862              7              7                    R 14      274423 9 4 2 1 2 4   248.0  232.0
151  243.452715 9.243E-38 3.166E+00.00990.070 9821.84190.50-.005862              3              3                    R 12      474423 9 4 2 1 2 4   216.0  200.0
151  243.924570 3.129E-84 2.674E+00.00830.06031895.75120.50-.005863             13             13                    R 20      254423 9 4 2 1 2 4   344.0  328.0
151  244.764076 1.231E-48 3.480E+00.00920.06515006.28060.50-.005865              5              5                    R 13      374423 9 4 2 1 2 4   232.0  216.0
151  246.938851 1.361E-22 2.830E-02.01080.075 1368.94340.50-.005870              0              0           12.5     R 11  12.568442310 4 2 1 2 4    52.0   52.0
151  246.938897 4.550E-25 1.025E-04.01080.075 1368.94340.50-.005870              0              0           11.5     R 11  12.568442310 4 2 1 2 4    48.0   52.0
151  246.939428 1.138E-20 2.796E+00.01080.075 1368.94340.50-.005870              0              0           10.5     R 11   9.568442310 4 2 1 2 4    44.0   40.0
151  246.939430 1.238E-20 2.789E+00.01080.075 1368.94290.50-.005870              0              0           11.5     R 11  10.568442310 4 2 1 2 4    48.0   44.0
151  246.939438 1.347E-20 2.802E+00.01080.075 1368.94280.50-.005870              0              0           12.5     R 11  11.568442310 4 2 1 2 4    52.0   48.0
151  246.939440 1.465E-20 2.830E+00.01080.075 1368.94340.50-.005870              0              0           13.5     R 11  12.568442310 4 2 1 2 4    56.0   52.0
151  246.939483 1.811E-22 4.080E-02.01080.075 1368.94280.50-.005870              0              0           11.5     R 11  11.568442310 4 2 1 2 4    48.0   48.0
151  246.939973 1.360E-22 3.344E-02.01080.075 1368.94290.50-.005870              0              0           10.5     R 11  10.568442310 4 2 1 2 4    44.0   44.0
151  246.940026 4.947E-25 1.216E-04.01080.075 1368.94280.50-.005870              0              0           10.5     R 11  11.568442310 4 2 1 2 4    44.0   48.0
151  247.175102 1.915E-88 2.190E+00.00820.06033873.23530.50-.005870             14             14                    R 23      254423 9 4 2 1 2 4   392.0  376.0
151  248.561381 1.717E-95 7.893E-01.00820.06037082.03660.50-.005874             14             14                    R 35      254423 9 4 2 1 2 4   584.0  568.0
151  248.731409 1.645E-63 3.843E+00.00850.06022094.25550.50-.005874              8              8                    R 15      254423 9 4 2 1 2 4   264.0  248.0
151  250.519433 1.235E-80 3.289E+00.00830.06030216.79830.50-.005878             12             12                    R 19      254423 9 4 2 1 2 4   328.0  312.0
151  251.203917 3.336E-32 3.323E+00.00990.070 7189.69450.50-.005880              2              2                    R 12      474423 9 4 2 1 2 4   216.0  200.0
151  252.407964 5.806E-54 3.930E+00.00880.06217558.75090.50-.005882              6              6                    R 14      374423 9 4 2 1 2 4   248.0  232.0
151  252.410385 3.656E-68 3.976E+00.00840.06024313.17890.50-.005882              9              9                    R 16      254423 9 4 2 1 2 4   280.0  264.0
151  253.097399 1.602E-43 3.721E+00.00920.06512587.10000.50-.005884              4              4                    R 13      374423 9 4 2 1 2 4   232.0  216.0
151  253.107571 1.044E-84 2.948E+00.00830.06032139.67580.50-.005884             13             13                    R 21      254423 9 4 2 1 2 4   360.0  344.0
151  253.642326 6.054E-89 2.298E+00.00820.06034120.41040.50-.005885             14             14                    R 24      254423 9 4 2 1 2 4   408.0  392.0
151  253.693388 9.629E-77 3.717E+00.00830.06028384.14300.50-.005885             11             11                    R 18      254423 9 4 2 1 2 4   312.0  296.0
151  254.169344 1.403E-72 3.943E+00.00840.06026412.58420.50-.005886             10             10                    R 17      254423 9 4 2 1 2 4   296.0  280.0
151  258.576573 4.460E-59 4.303E+00.00850.06020005.63070.50-.005896              7              7                    R 15      274423 9 4 2 1 2 4   264.0  248.0
151  258.994086 1.974E-26 3.465E+00.00990.070 4454.59240.50-.005897              1              1                    R 12      484423 9 4 2 1 2 4   216.0  200.0
151  259.522147 1.837E-89 2.381E+00.00820.06034374.05270.50-.005898             14             14                    R 25      254423 9 4 2 1 2 4   424.0  408.0
151  261.039429 4.045E-81 3.692E+00.00830.06030467.31780.50-.005902             12             12                    R 20      254423 9 4 2 1 2 4   344.0  328.0
151  261.385278 4.440E-49 4.257E+00.00880.06215251.04470.50-.005902              5              5                    R 14      374423 9 4 2 1 2 4   248.0  232.0
151  261.420228 3.403E-38 3.940E+00.00920.06510065.29470.50-.005902              3              3                    R 13      474423 9 4 2 1 2 4   232.0  216.0
151  261.919206 3.304E-85 3.218E+00.00820.06032392.78330.50-.005904             13             13                    R 22      254423 9 4 2 1 2 4   376.0  360.0
151  263.156404 5.681E-64 4.560E+00.00840.06022342.98690.50-.005906              8              8                    R 16      254423 9 4 2 1 2 4   280.0  264.0
151  263.720124 8.623E-95 1.236E+00.00820.06036818.31650.50-.005908             14             14                    R 34      254423 9 4 2 1 2 4   568.0  552.0
151  264.749640 5.359E-90 2.436E+00.00820.06034633.57490.50-.005910             14             14                    R 26      254423 9 4 2 1 2 4   440.0  424.0
151  265.344211 3.142E-77 4.236E+00.00830.06028637.83640.50-.005911             11             11                    R 19      254423 9 4 2 1 2 4   328.0  312.0
151  265.978683 1.226E-68 4.655E+00.00840.06024565.58930.50-.005913              9              9                    R 17      254423 9 4 2 1 2 4   296.0  280.0
151  266.822186 4.618E-73 4.555E+00.00830.06026666.75360.50-.005915             10             10                    R 18      254423 9 4 2 1 2 4   312.0  296.0
151  266.840676 4.260E-23 3.070E-02.00990.070 1615.88280.50-.005915              0              0           13.5     R 12  13.568442310 4 2 1 2 4    56.0   56.0
151  266.840715 1.217E-25 9.447E-05.00990.070 1615.88280.50-.005915              0              0           12.5     R 12  13.568442310 4 2 1 2 4    52.0   56.0
151  266.841255 4.232E-21 3.556E+00.00990.070 1615.88280.50-.005915              0              0           11.5     R 12  10.568442310 4 2 1 2 4    48.0   44.0
151  266.841257 4.573E-21 3.548E+00.00990.070 1615.88230.50-.005915              0              0           12.5     R 12  11.568442310 4 2 1 2 4    52.0   48.0
151  266.841264 4.943E-21 3.561E+00.00990.070 1615.88220.50-.005915              0              0           13.5     R 12  12.568442310 4 2 1 2 4    56.0   52.0
151  266.841266 5.341E-21 3.592E+00.00990.070 1615.88280.50-.005915              0              0           14.5     R 12  13.568442310 4 2 1 2 4    60.0   56.0
151  266.841303 5.673E-23 4.401E-02.00990.070 1615.88220.50-.005915              0              0           12.5     R 12  12.568442310 4 2 1 2 4    52.0   52.0
151  266.841799 4.260E-23 3.581E-02.00990.070 1615.88230.50-.005915              0              0           11.5     R 12  11.568442310 4 2 1 2 4    48.0   48.0
151  266.841844 1.315E-25 1.105E-04.00990.070 1615.88220.50-.005915              0              0           11.5     R 12  12.568442310 4 2 1 2 4    48.0   52.0
151  268.255267 1.992E-54 4.735E+00.00850.06017811.15890.50-.005918              6              6                    R 15      374423 9 4 2 1 2 4   264.0  248.0
151  269.245646 1.508E-90 2.458E+00.00820.06034898.32460.50-.005920             14             14                    R 27      254423 9 4 2 1 2 4   456.0  440.0
151  269.760509 1.182E-32 4.138E+00.00920.065 7440.89840.50-.005921              2              2                    R 13      474423 9 4 2 1 2 4   232.0  216.0
151  270.309915 5.546E-44 4.555E+00.00880.06212840.19740.50-.005922              4              4                    R 14      374423 9 4 2 1 2 4   248.0  232.0
151  270.332286 9.939E-86 3.479E+00.00820.06032654.70260.50-.005922             13             13                    R 23      254423 9 4 2 1 2 4   392.0  376.0
151  271.251554 1.249E-81 4.107E+00.00830.06030728.35720.50-.005924             12             12                    R 21      254423 9 4 2 1 2 4   360.0  344.0
151  271.810323 3.895E-94 1.604E+00.00820.06036546.50620.50-.005926             14             14                    R 33      254423 9 4 2 1 2 4   552.0  536.0
151  272.911215 4.102E-91 2.440E+00.00820.06035167.57020.50-.005928             14             14                    R 28      254423 9 4 2 1 2 4   472.0  456.0
151  273.627611 1.468E-59 5.113E+00.00840.06020264.20730.50-.005930              7              7                    R 16      274423 9 4 2 1 2 4   280.0  264.0
151  275.617971 1.081E-91 2.379E+00.00820.06035440.48140.50-.005934             14             14                    R 29      254423 9 4 2 1 2 4   488.0  472.0
151  275.824446 1.664E-93 1.888E+00.00820.06036270.68170.50-.005935             14             14                    R 32      254423 9 4 2 1 2 4   536.0  520.0
151  276.727184 9.613E-78 4.783E+00.00830.06028903.18070.50-.005937             11             11                    R 20      254423 9 4 2 1 2 4   344.0  328.0
151  277.192997 2.766E-92 2.270E+00.00820.06035716.09940.50-.005938             14             14                    R 30      254423 9 4 2 1 2 4   504.0  488.0
151  277.378863 1.810E-64 5.349E+00.00840.06022606.14330.50-.005938              8              8                    R 17      254423 9 4 2 1 2 4   296.0  280.0
151  277.389405 6.881E-93 2.108E+00.00820.06035993.29240.50-.005938             14             14                    R 31      254423 9 4 2 1 2 4   520.0  504.0
151  277.830221 1.458E-49 5.133E+00.00850.06015512.43000.50-.005939              5              5                    R 15      374423 9 4 2 1 2 4   264.0  248.0
151  278.141429 6.731E-27 4.316E+00.00920.065 4713.58650.50-.005940              1              1                    R 13      484423 9 4 2 1 2 4   232.0  216.0
151  278.316911 2.849E-86 3.727E+00.00820.06032925.03480.50-.005940             13             13                    R 24      254423 9 4 2 1 2 4   408.0  392.0
151  279.220980 1.131E-38 4.825E+00.00880.06210326.71490.50-.005942              3              3                    R 14      474423 9 4 2 1 2 4   248.0  232.0
151  279.235107 1.417E-73 5.212E+00.00830.06026933.57580.50-.005942             10             10                    R 19      254423 9 4 2 1 2 4   328.0  312.0
151  279.327909 3.816E-69 5.393E+00.00830.06024831.56790.50-.005943              9              9                    R 18      254423 9 4 2 1 2 4   312.0  296.0
151  281.136325 3.645E-82 4.528E+00.00820.06030999.60870.50-.005947             12             12                    R 22      254423 9 4 2 1 2 4   376.0  360.0
151  283.915058 6.259E-55 5.634E+00.00840.06018079.41420.50-.005953              6              6                    R 16      374423 9 4 2 1 2 4   280.0  264.0
151  284.068762 2.602E-96 1.334E+00.00820.06037558.08710.50-.005953             13             13                    R 39      254423 9 4 2 1 2 4   648.0  632.0
151  285.839828 7.798E-87 3.956E+00.00820.06033203.35180.50-.005957             13             13                    R 25      254423 9 4 2 1 2 4   424.0  408.0
151  286.582053 1.206E-23 3.307E-02.00920.065 1882.72410.50-.005959              0              0           14.5     R 13  14.568442310 4 2 1 2 4    60.0   60.0
151  286.582086 2.976E-26 8.750E-05.00920.065 1882.72410.50-.005959              0              0           13.5     R 13  14.568442310 4 2 1 2 4    56.0   60.0
151  286.582635 1.402E-21 4.438E+00.00920.065 1882.72410.50-.005959              0              0           12.5     R 13  11.568442310 4 2 1 2 4    52.0   48.0
151  286.582637 1.507E-21 4.429E+00.00920.065 1882.72360.50-.005959              0              0           13.5     R 13  12.568442310 4 2 1 2 4    56.0   52.0
151  286.582643 1.619E-21 4.443E+00.00920.065 1882.72350.50-.005959              0              0           14.5     R 13  13.568442310 4 2 1 2 4    60.0   56.0
151  286.582645 1.740E-21 4.476E+00.00920.065 1882.72410.50-.005959              0              0           15.5     R 13  14.568442310 4 2 1 2 4    64.0   60.0
151  286.582676 1.605E-23 4.718E-02.00920.065 1882.72350.50-.005959              0              0           13.5     R 13  13.568442310 4 2 1 2 4    56.0   56.0
151  286.583177 1.205E-23 3.816E-02.00920.065 1882.72360.50-.005959              0              0           12.5     R 13  12.568442310 4 2 1 2 4    52.0   52.0
151  286.583215 3.197E-26 1.012E-04.00920.065 1882.72350.50-.005959              0              0           12.5     R 13  13.568442310 4 2 1 2 4    52.0   56.0
151  287.345584 1.744E-44 5.496E+00.00850.06013110.50740.50-.005960              4              4                    R 15      374423 9 4 2 1 2 4   264.0  248.0
151  287.826799 2.762E-78 5.353E+00.00830.06029179.90790.50-.005962             11             11                    R 21      254423 9 4 2 1 2 4   360.0  344.0
151  288.148864 3.772E-33 5.069E+00.00880.062 7710.65890.50-.005962              2              2                    R 14      474423 9 4 2 1 2 4   248.0  232.0
151  288.478805 4.448E-60 6.007E+00.00840.06020537.83490.50-.005963              7              7                    R 17      274423 9 4 2 1 2 4   296.0  280.0
151  290.673241 1.006E-82 4.952E+00.00820.06031280.74510.50-.005968             12             12                    R 23      254423 9 4 2 1 2 4   392.0  376.0
151  291.387137 5.332E-65 6.210E+00.00830.06022883.52210.50-.005970              8              8                    R 18      254423 9 4 2 1 2 4   312.0  296.0
151  291.394659 4.061E-74 5.909E+00.00830.06027212.81090.50-.005970             10             10                    R 20      254423 9 4 2 1 2 4   344.0  328.0
151  292.445796 1.103E-69 6.188E+00.00830.06025110.89580.50-.005972              9              9                    R 19      254423 9 4 2 1 2 4   328.0  312.0
151  292.863589 2.042E-87 4.159E+00.00820.06033489.19160.50-.005973             13             13                    R 26      254423 9 4 2 1 2 4   440.0  424.0
151  294.087810 4.373E-50 6.113E+00.00840.06015790.26030.50-.005976              5              5                    R 16      374423 9 4 2 1 2 4   280.0  264.0
151  296.843768 3.406E-39 5.826E+00.00850.06010605.93590.50-.005982              3              3                    R 15      474423 9 4 2 1 2 4   264.0  248.0
151  297.118748 2.061E-27 5.289E+00.00880.062 4991.72790.50-.005982              1              1                    R 14      484423 9 4 2 1 2 4   248.0  232.0
151  298.627115 7.466E-79 5.943E+00.00820.06029467.73470.50-.005986             11             11                    R 22      254423 9 4 2 1 2 4   376.0  360.0
151  299.345436 5.131E-88 4.331E+00.00820.06033782.05520.50-.005987             13             13                    R 27      254423 9 4 2 1 2 4   456.0  440.0
151  299.376240 1.804E-55 6.628E+00.00840.06018363.32940.50-.005987              6              6                    R 17      374423 9 4 2 1 2 4   296.0  280.0
151  299.840336 2.636E-83 5.371E+00.00820.06031571.41830.50-.005988             12             12                    R 24      254423 9 4 2 1 2 4   408.0  392.0
151  302.887192 1.592E-95 2.119E+00.00820.06037255.20000.50-.005995             13             13                    R 38      254423 9 4 2 1 2 4   632.0  616.0
151  303.118900 1.242E-60 6.986E+00.00830.06020826.31370.50-.005996              7              7                    R 18      274423 9 4 2 1 2 4   312.0  296.0
151  303.287145 1.089E-74 6.645E+00.00830.06027504.20560.50-.005996             10             10                    R 21      254423 9 4 2 1 2 4   360.0  344.0
151  304.193353 4.993E-45 6.550E+00.00840.06013397.85300.50-.005998              4              4                    R 16      374423 9 4 2 1 2 4   280.0  264.0
151  305.169581 1.456E-65 7.142E+00.00830.06023174.90930.50-.006000              8              8                    R 19      254423 9 4 2 1 2 4   328.0  312.0
151  305.235784 1.239E-88 4.464E+00.00820.06034081.40060.50-.006001             13             13                    R 28      254423 9 4 2 1 2 4   472.0  456.0
151  305.319991 2.971E-70 7.039E+00.00830.06025403.34160.50-.006001              9              9                    R 20      254423 9 4 2 1 2 4   344.0  328.0
151  306.151361 3.085E-24 3.540E-02.00880.062 2169.30670.50-.006003              0              0           15.5     R 14  15.568442310 4 2 1 2 4    64.0   64.0
151  306.151388 6.642E-27 8.137E-05.00880.062 2169.30670.50-.006003              0              0           14.5     R 14  15.568442310 4 2 1 2 4    60.0   64.0
151  306.151945 4.153E-22 5.447E+00.00880.062 2169.30670.50-.006003              0              0           13.5     R 14  12.568442310 4 2 1 2 4    56.0   52.0
151  306.151947 4.442E-22 5.438E+00.00880.062 2169.30620.50-.006003              0              0           14.5     R 14  13.568442310 4 2 1 2 4    60.0   56.0
151  306.151953 4.752E-22 5.452E+00.00880.062 2169.30620.50-.006003              0              0           15.5     R 14  14.568442310 4 2 1 2 4    64.0   60.0
151  306.151954 5.080E-22 5.485E+00.00880.062 2169.30670.50-.006003              0              0           16.5     R 14  15.568442310 4 2 1 2 4    68.0   64.0
151  306.151979 4.110E-24 5.026E-02.00880.062 2169.30620.50-.006003              0              0           14.5     R 14  14.568442310 4 2 1 2 4    60.0   60.0
151  306.152485 3.085E-24 4.045E-02.00880.062 2169.30620.50-.006003              0              0           13.5     R 14  13.568442310 4 2 1 2 4    56.0   56.0
151  306.152517 7.117E-27 9.319E-05.00880.062 2169.30620.50-.006003              0              0           13.5     R 14  14.568442310 4 2 1 2 4    56.0   60.0
151  306.357718 1.087E-33 6.124E+00.00850.060 7998.80780.50-.006003              2              2                    R 15      474423 9 4 2 1 2 4   264.0  248.0
151  308.613930 6.561E-84 5.779E+00.00820.06031871.25860.50-.006008             12             12                    R 25      254423 9 4 2 1 2 4   424.0  408.0
151  309.111282 1.903E-79 6.548E+00.00820.06029766.36180.50-.006009             11             11                    R 23      254423 9 4 2 1 2 4   392.0  376.0
151  310.147064 1.200E-50 7.199E+00.00840.06016084.34810.50-.006012              5              5                    R 17      374423 9 4 2 1 2 4   296.0  280.0
151  310.476111 2.886E-89 4.552E+00.00820.06034386.63640.50-.006012             13             13                    R 29      254423 9 4 2 1 2 4   488.0  472.0
151  313.686558 8.899E-95 2.796E+00.00820.06036941.51340.50-.006019             13             13                    R 37      254423 9 4 2 1 2 4   616.0  600.0
151  314.277526 9.306E-40 6.948E+00.00840.06010902.77970.50-.006021              3              3                    R 16      474423 9 4 2 1 2 4   280.0  264.0
151  314.627809 4.781E-56 7.718E+00.00830.06018662.70570.50-.006022              6              6                    R 18      374423 9 4 2 1 2 4   312.0  296.0
151  314.898557 2.740E-75 7.414E+00.00820.06027807.49280.50-.006022             10             10                    R 22      254423 9 4 2 1 2 4   376.0  360.0
151  314.996077 6.492E-90 4.588E+00.00820.06034697.11260.50-.006022             13             13                    R 30      254423 9 4 2 1 2 4   504.0  488.0
151  315.914688 5.682E-28 6.392E+00.00850.060 5288.84670.50-.006024              1              1                    R 15      484423 9 4 2 1 2 4   264.0  248.0
151  316.968266 1.555E-84 6.171E+00.00820.06032179.87260.50-.006027             12             12                    R 26      254423 9 4 2 1 2 4   440.0  424.0
151  317.536693 3.205E-61 8.049E+00.00830.06021129.43260.50-.006028              7              7                    R 19      274423 9 4 2 1 2 4   328.0  312.0
151  317.938031 7.462E-71 7.943E+00.00830.06025708.66160.50-.006029              9              9                    R 21      254423 9 4 2 1 2 4   360.0  344.0
151  318.708790 1.415E-90 4.565E+00.00820.06035012.10860.50-.006031             13             13                    R 31      254423 9 4 2 1 2 4   520.0  504.0
151  318.714543 3.689E-66 8.145E+00.00830.06023480.07890.50-.006031              8              8                    R 20      254423 9 4 2 1 2 4   344.0  328.0
151  319.261873 4.581E-80 7.161E+00.00820.06030075.47310.50-.006032             11             11                    R 24      254423 9 4 2 1 2 4   408.0  392.0
151  319.587575 4.733E-94 3.326E+00.00820.06036621.92580.50-.006033             13             13                    R 36      254423 9 4 2 1 2 4   600.0  584.0
151  320.842299 1.304E-45 7.721E+00.00840.06013702.04640.50-.006036              4              4                    R 17      374423 9 4 2 1 2 4   296.0  280.0
151  321.504403 2.996E-91 4.476E+00.00820.06035330.81740.50-.006037             13             13                    R 32      254423 9 4 2 1 2 4   536.0  520.0
151  322.649329 2.453E-93 3.747E+00.00820.06036299.27650.50-.006040             13             13                    R 35      254423 9 4 2 1 2 4   584.0  568.0
151  323.238991 6.181E-92 4.315E+00.00820.06035652.32180.50-.006041             13             13                    R 33      254423 9 4 2 1 2 4   552.0  536.0
151  323.715753 1.245E-92 4.074E+00.00820.06035975.56080.50-.006042             13             13                    R 34      254423 9 4 2 1 2 4   568.0  552.0
151  324.375954 2.835E-34 7.306E+00.00840.060 8305.16550.50-.006043              2              2                    R 16      474423 9 4 2 1 2 4   280.0  264.0
151  324.875056 3.518E-85 6.538E+00.00820.06032496.84080.50-.006045             12             12                    R 27      254423 9 4 2 1 2 4   456.0  440.0
151  325.537128 7.152E-25 3.770E-02.00850.060 2475.45870.50-.006046              0              0           16.5     R 15  16.568442310 4 2 1 2 4    68.0   68.0
151  325.537150 1.359E-27 7.600E-05.00850.060 2475.45870.50-.006046              0              0           15.5     R 15  16.568442310 4 2 1 2 4    64.0   68.0
151  325.537715 1.103E-22 6.590E+00.00850.060 2475.45870.50-.006046              0              0           14.5     R 15  13.568442310 4 2 1 2 4    60.0   56.0
151  325.537717 1.175E-22 6.581E+00.00850.060 2475.45810.50-.006046              0              0           15.5     R 15  14.568442310 4 2 1 2 4    64.0   60.0
151  325.537722 1.251E-22 6.595E+00.00850.060 2475.45810.50-.006046              0              0           16.5     R 15  15.568442310 4 2 1 2 4    68.0   64.0
151  325.537724 1.333E-22 6.632E+00.00850.060 2475.45870.50-.006046              0              0           17.5     R 15  16.568442310 4 2 1 2 4    72.0   68.0
151  325.537744 9.523E-25 5.337E-02.00850.060 2475.45810.50-.006046              0              0           15.5     R 15  15.568442310 4 2 1 2 4    64.0   64.0
151  325.538253 7.148E-25 4.272E-02.00850.060 2475.45810.50-.006046              0              0           14.5     R 15  14.568442310 4 2 1 2 4    60.0   60.0
151  325.538280 1.444E-27 8.630E-05.00850.060 2475.45810.50-.006046              0              0           14.5     R 15  15.568442310 4 2 1 2 4    60.0   64.0
151  325.997117 3.018E-51 8.393E+00.00830.06016394.49520.50-.006047              5              5                    R 18      374423 9 4 2 1 2 4   312.0  296.0
151  326.214689 6.475E-76 8.212E+00.00820.06028122.39140.50-.006048             10             10                    R 23      254423 9 4 2 1 2 4   392.0  376.0
151  329.060469 1.044E-80 7.775E+00.00820.06030394.73500.50-.006054             11             11                    R 25      254423 9 4 2 1 2 4   424.0  408.0
151  329.658853 1.167E-56 8.907E+00.00830.06018977.33360.50-.006055              6              6                    R 19      374423 9 4 2 1 2 4   328.0  312.0
151  330.287309 1.752E-71 8.896E+00.00820.06026026.59960.50-.006057              9              9                    R 22      254423 9 4 2 1 2 4   376.0  360.0
151  331.511331 2.314E-40 8.194E+00.00840.06011217.05720.50-.006059              3              3                    R 17      474423 9 4 2 1 2 4   296.0  280.0
151  331.721025 7.655E-62 9.197E+00.00830.06021446.96930.50-.006060              7              7                    R 20      274423 9 4 2 1 2 4   344.0  328.0
151  332.010346 8.694E-67 9.215E+00.00830.06023798.79340.50-.006061              8              8                    R 21      254423 9 4 2 1 2 4   360.0  344.0
151  332.302899 7.613E-86 6.874E+00.00820.06032821.71590.50-.006061             12             12                    R 28      254423 9 4 2 1 2 4   472.0  456.0
151  334.518048 1.414E-28 7.629E+00.00840.060 5604.76140.50-.006066              1              1                    R 16      484423 9 4 2 1 2 4   280.0  264.0
151  337.220532 1.440E-76 9.033E+00.00820.06028448.60610.50-.006072             10             10                    R 24      254423 9 4 2 1 2 4   408.0  392.0
151  337.281630 3.114E-46 9.009E+00.00830.06014022.88870.50-.006072              4              4                    R 18      374423 9 4 2 1 2 4   312.0  296.0
151  338.487529 2.256E-81 8.385E+00.00820.06030723.79550.50-.006075             11             11                    R 26      254423 9 4 2 1 2 4   440.0  424.0
151  339.216524 1.579E-86 7.169E+00.00820.06033154.01880.50-.006077             12             12                    R 29      254423 9 4 2 1 2 4   488.0  472.0
151  341.627216 6.972E-52 9.697E+00.00830.06016720.49240.50-.006082              5              5                    R 19      374423 9 4 2 1 2 4   328.0  312.0
151  342.192607 6.708E-35 8.622E+00.00840.060 8629.54150.50-.006083              2              2                    R 17      474423 9 4 2 1 2 4   296.0  280.0
151  342.355039 3.850E-72 9.893E+00.00820.06026356.88680.50-.006084              9              9                    R 23      254423 9 4 2 1 2 4   392.0  376.0
151  344.154359 3.854E-94 1.650E-01.00850.06035925.80560.50-.006088             17             16                    P 24      245624 9 4 1 1 1 1   376.0  392.0
151  344.458546 2.629E-57 1.019E+01.00830.06019306.99250.50-.006088              6              6                    R 20      374423 9 4 2 1 2 4   344.0  328.0
151  344.728702 1.160E-22 7.919E+00.00840.060 2800.99630.50-.006089              0              0                    R 16      484423 9 4 2 1 2 4   280.0  264.0
151  345.045272 1.909E-67 1.035E+01.00820.06024130.80380.50-.006090              8              8                    R 22      254423 9 4 2 1 2 4   376.0  360.0
151  345.575802 3.148E-87 7.415E+00.00820.06033493.23530.50-.006091             12             12                    R 30      254423 9 4 2 1 2 4   504.0  488.0
151  345.660772 1.695E-62 1.043E+01.00830.06021778.69030.50-.006091              7              7                    R 21      274423 9 4 2 1 2 4   360.0  344.0
151  346.897642 7.056E-95 1.376E-01.00850.06036274.72980.50-.006094             16             15                    P 29      245624 9 4 1 1 1 1   456.0  472.0
151  347.522160 4.631E-82 8.983E+00.00820.06031062.28300.50-.006095             11             11                    R 27      254423 9 4 2 1 2 4   456.0  440.0
151  347.900857 3.019E-77 9.871E+00.00820.06028785.82660.50-.006096             10             10                    R 25      254423 9 4 2 1 2 4   424.0  408.0
151  348.534407 5.245E-41 9.568E+00.00830.06011548.56850.50-.006098              3              3                    R 18      474423 9 4 2 1 2 4   312.0  296.0
151  351.334415 6.046E-88 7.605E+00.00820.06033838.81110.50-.006104             12             12                    R 31      254423 9 4 2 1 2 4   520.0  504.0
151  352.917789 3.184E-29 9.007E+00.00840.060 5939.27940.50-.006107              1              1                    R 17      484423 9 4 2 1 2 4   296.0  280.0
151  353.500694 6.810E-47 1.042E+01.00830.06014360.17030.50-.006109              4              4                    R 19      374423 9 4 2 1 2 4   328.0  312.0
151  354.128050 7.937E-73 1.093E+01.00820.06026699.24190.50-.006110              9              9                    R 24      254423 9 4 2 1 2 4   408.0  392.0
151  356.141836 9.052E-83 9.559E+00.00820.06031409.80510.50-.006115             11             11                    R 28      254423 9 4 2 1 2 4   472.0  456.0
151  356.438026 1.121E-88 7.727E+00.00820.06034190.14560.50-.006115             12             12                    R 32      254423 9 4 2 1 2 4   536.0  520.0
151  357.026726 1.483E-52 1.111E+01.00830.06017062.11960.50-.006117              5              5                    R 20      374423 9 4 2 1 2 4   344.0  328.0
151  357.807536 3.912E-68 1.155E+01.00820.06024475.84920.50-.006118              8              8                    R 23      254423 9 4 2 1 2 4   392.0  376.0
151  358.239725 5.980E-78 1.072E+01.00820.06029133.72740.50-.006119             10             10                    R 26      254423 9 4 2 1 2 4   440.0  424.0
151  359.016151 5.477E-58 1.158E+01.00830.06019651.45110.50-.006121              6              6                    R 21      374423 9 4 2 1 2 4   360.0  344.0
151  359.344833 3.487E-63 1.174E+01.00820.06022124.35110.50-.006122              7              7                    R 22      274423 9 4 2 1 2 4   376.0  360.0
151  359.796872 1.443E-35 1.007E+01.00830.060 8971.73410.50-.006123              2              2                    R 18      474423 9 4 2 1 2 4   312.0  296.0
151  360.821863 2.014E-89 7.775E+00.00820.06034546.58360.50-.006125             12             12                    R 33      254423 9 4 2 1 2 4   552.0  536.0
151  363.713645 2.485E-23 9.352E+00.00840.060 3145.72500.50-.006132              0              0                    R 17      484423 9 4 2 1 2 4   296.0  280.0
151  364.322051 1.688E-83 1.011E+01.00820.06031765.94700.50-.006133             11             11                    R 29      254423 9 4 2 1 2 4   488.0  472.0
151  364.406627 3.513E-90 7.737E+00.00820.06034907.40550.50-.006133             12             12                    R 34      254423 9 4 2 1 2 4   568.0  552.0
151  365.336130 1.086E-41 1.107E+01.00830.06011897.10300.50-.006135              3              3                    R 19      474423 9 4 2 1 2 4   328.0  312.0
151  365.490763 4.045E-94 5.946E+00.00820.06036745.13180.50-.006136             12             12                    R 39      254423 9 4 2 1 2 4   648.0  632.0
151  365.593251 1.537E-73 1.200E+01.00820.06027053.36990.50-.006136              9              9                    R 25      254423 9 4 2 1 2 4   424.0  408.0
151  367.093399 5.967E-91 7.605E+00.00820.06035271.81210.50-.006139             12             12                    R 35      254423 9 4 2 1 2 4   584.0  568.0
151  368.220454 1.121E-78 1.157E+01.00820.06029491.96720.50-.006142             10             10                    R 27      254423 9 4 2 1 2 4   456.0  440.0
151  368.251439 2.571E-93 6.551E+00.00820.06036376.88040.50-.006142             12             12                    R 38      254423 9 4 2 1 2 4   632.0  616.0
151  368.754709 9.901E-92 7.370E+00.00820.06035638.90550.50-.006143             12             12                    R 36      254423 9 4 2 1 2 4   600.0  584.0
151  369.220262 1.610E-92 7.022E+00.00820.06036007.66020.50-.006144             12             12                    R 37      254423 9 4 2 1 2 4   616.0  600.0
151  369.488974 1.367E-47 1.195E+01.00830.06014713.67100.50-.006144              4              4                    R 20      374423 9 4 2 1 2 4   344.0  328.0
151  370.285425 7.496E-69 1.280E+01.00820.06024833.65670.50-.006146              8              8                    R 24      254423 9 4 2 1 2 4   408.0  392.0
151  371.103043 6.502E-30 1.053E+01.00830.060 6292.19720.50-.006148              1              1                    R 18      484423 9 4 2 1 2 4   312.0  296.0
151  371.190283 8.134E-98 4.177E-02.00850.06037470.96560.50-.006148             13             12                    P 41      245624 9 4 1 1 1 1   648.0  664.0
151  372.035878 3.011E-84 1.061E+01.00820.06032130.26900.50-.006150             11             11                    R 30      254423 9 4 2 1 2 4   504.0  488.0
151  372.185125 2.906E-53 1.264E+01.00830.06017419.14640.50-.006151              5              5                    R 21      374423 9 4 2 1 2 4   360.0  344.0
151  372.762117 6.674E-64 1.312E+01.00820.06022483.69590.50-.006152              7              7                    R 23      274423 9 4 2 1 2 4   392.0  376.0
151  373.321005 1.057E-58 1.306E+01.00820.06020010.46730.50-.006153              6              6                    R 22      374423 9 4 2 1 2 4   376.0  360.0
151  376.736906 2.803E-74 1.310E+01.00820.06027418.96320.50-.006161              9              9                    R 26      254423 9 4 2 1 2 4   440.0  424.0
151  377.178109 2.829E-36 1.167E+01.00830.060 9331.53100.50-.006162              2              2                    R 19      474423 9 4 2 1 2 4   328.0  312.0
151  377.825473 1.993E-79 1.241E+01.00820.06029860.18760.50-.006163             10             10                    R 28      254423 9 4 2 1 2 4   472.0  456.0
151  379.253415 5.147E-85 1.107E+01.00820.06032502.30490.50-.006166             11             11                    R 31      254423 9 4 2 1 2 4   520.0  504.0
151  381.906035 2.058E-42 1.271E+01.00830.06012262.43910.50-.006172              3              3                    R 20      474423 9 4 2 1 2 4   344.0  328.0
151  382.352852 1.760E-95 1.322E-01.00850.06036546.50620.50-.006173             15             14                    P 33      245624 9 4 1 1 1 1   520.0  536.0
151  382.466740 1.345E-69 1.410E+01.00820.06025203.94210.50-.006174              8              8                    R 25      254423 9 4 2 1 2 4   424.0  408.0
151  382.481639 4.812E-24 1.094E+01.00830.060 3509.43870.50-.006174              0              0                    R 18      484423 9 4 2 1 2 4   312.0  296.0
151  385.236095 2.523E-48 1.361E+01.00830.06015083.16000.50-.006180              4              4                    R 21      374423 9 4 2 1 2 4   360.0  344.0
151  385.901526 1.191E-64 1.458E+01.00820.06022856.45800.50-.006181              7              7                    R 24      274423 9 4 2 1 2 4   408.0  392.0
151  385.941076 8.450E-86 1.147E+01.00820.06032881.55830.50-.006181             11             11                    R 32      254423 9 4 2 1 2 4   536.0  520.0
151  387.036136 3.365E-80 1.324E+01.00820.06030238.01310.50-.006184             10             10                    R 29      254423 9 4 2 1 2 4   488.0  472.0
151  387.092004 5.263E-54 1.427E+01.00820.06017791.33160.50-.006184              5              5                    R 22      374423 9 4 2 1 2 4   376.0  360.0
151  387.362521 1.892E-59 1.463E+01.00820.06020383.78840.50-.006185              6              6                    R 23      374423 9 4 2 1 2 4   392.0  376.0
151  387.544950 4.821E-75 1.421E+01.00820.06027795.70010.50-.006185              9              9                    R 27      254423 9 4 2 1 2 4   456.0  440.0
151  389.063115 1.206E-30 1.220E+01.00830.060 6663.30030.50-.006188              1              1                    R 19      484423 9 4 2 1 2 4   328.0  312.0
151  389.084606 1.849E-96 8.684E-02.00850.06036941.51340.50-.006188             14             13                    P 37      245624 9 4 1 1 1 1   584.0  600.0
151  392.060663 1.336E-86 1.180E+01.00820.06033267.49940.50-.006195             11             11                    R 33      254423 9 4 2 1 2 4   552.0  536.0
151  394.325849 5.061E-37 1.340E+01.00830.060 9708.70910.50-.006200              2              2                    R 20      474423 9 4 2 1 2 4   344.0  328.0
151  394.339432 2.265E-70 1.545E+01.00820.06025586.40890.50-.006200              8              8                    R 26      254423 9 4 2 1 2 4   440.0  424.0
151  395.832513 5.412E-81 1.405E+01.00820.06030625.04920.50-.006203             10             10                    R 30      254423 9 4 2 1 2 4   504.0  488.0
151  397.568135 2.039E-87 1.204E+01.00820.06033659.56010.50-.006207             11             11                    R 34      254423 9 4 2 1 2 4   568.0  552.0
151  398.002809 7.831E-76 1.534E+01.00820.06028183.24500.50-.006208              9              9                    R 28      254423 9 4 2 1 2 4   472.0  456.0
151  398.233812 3.577E-43 1.449E+01.00830.06012644.34520.50-.006209              3              3                    R 21      474423 9 4 2 1 2 4   360.0  344.0
151  398.751936 1.984E-65 1.611E+01.00820.06023242.35950.50-.006210              7              7                    R 25      274423 9 4 2 1 2 4   424.0  408.0
151  400.731822 4.290E-49 1.538E+01.00820.06015468.39610.50-.006214              4              4                    R 22      374423 9 4 2 1 2 4   376.0  360.0
151  401.021905 8.442E-25 1.268E+01.00830.060 3891.92030.50-.006215              0              0                    R 19      484423 9 4 2 1 2 4   328.0  312.0
151  401.130173 3.147E-60 1.629E+01.00820.06020771.15100.50-.006215              6              6                    R 24      374423 9 4 2 1 2 4   408.0  392.0
151  401.737061 8.817E-55 1.602E+01.00820.06018178.42370.50-.006217              5              5                    R 23      374423 9 4 2 1 2 4   392.0  376.0
151  402.412072 3.013E-88 1.220E+01.00820.06034057.12830.50-.006218             11             11                    R 35      254423 9 4 2 1 2 4   584.0  568.0
151  404.193110 8.303E-82 1.481E+01.00820.06031020.88170.50-.006222             10             10                    R 31      254423 9 4 2 1 2 4   520.0  504.0
151  405.479634 1.270E-93 3.063E-01.00850.06035743.17980.50-.006225             17             16                    P 23      245624 9 4 1 1 1 1   360.0  376.0
151  405.891165 3.585E-71 1.684E+01.00820.06025980.74830.50-.006226              8              8                    R 27      254423 9 4 2 1 2 4   456.0  440.0
151  406.531036 4.320E-89 1.225E+01.00820.06034459.54030.50-.006227             11             11                    R 36      254423 9 4 2 1 2 4   600.0  584.0
151  406.787493 2.036E-31 1.402E+01.00830.060 7052.36340.50-.006228              1              1                    R 20      484423 9 4 2 1 2 4   344.0  328.0
151  408.095302 1.204E-76 1.647E+01.00820.06028581.24780.50-.006231              9              9                    R 29      254423 9 4 2 1 2 4   488.0  472.0
151  409.850695 6.031E-90 1.218E+01.00820.06034866.07140.50-.006235             11             11                    R 37      254423 9 4 2 1 2 4   616.0  600.0
151  411.229795 8.279E-38 1.528E+01.00830.06010103.03500.50-.006238              2              2                    R 21      474423 9 4 2 1 2 4   360.0  344.0
151  411.302171 3.091E-66 1.771E+01.00820.06023641.11150.50-.006238              7              7                    R 26      274423 9 4 2 1 2 4   440.0  424.0
151  412.094538 1.218E-82 1.554E+01.00820.06031425.07490.50-.006240             10             10                    R 32      254423 9 4 2 1 2 4   536.0  520.0
151  412.278761 8.221E-91 1.198E+01.00820.06035275.92200.50-.006240             11             11                    R 38      254423 9 4 2 1 2 4   632.0  616.0
151  413.697611 1.098E-91 1.164E+01.00820.06035688.20080.50-.006244             11             11                    R 39      254423 9 4 2 1 2 4   648.0  632.0
151  414.309315 5.709E-44 1.639E+01.00820.06013042.57900.50-.006245              3              3                    R 22      474423 9 4 2 1 2 4   376.0  360.0
151  414.613485 4.875E-61 1.804E+01.00820.06021172.28120.50-.006246              6              6                    R 25      374423 9 4 2 1 2 4   424.0  408.0
151  415.671143 2.767E-94 2.467E-01.00850.06036044.83400.50-.006248             16             15                    P 28      245624 9 4 1 1 1 1   440.0  456.0
151  415.966057 6.728E-50 1.729E+01.00820.06015869.12800.50-.006249              4              4                    R 23      374423 9 4 2 1 2 4   392.0  376.0
151  416.110100 1.369E-55 1.787E+01.00820.06018580.16080.50-.006249              5              5                    R 24      374423 9 4 2 1 2 4   408.0  392.0
151  417.109352 5.342E-72 1.826E+01.00820.06026386.63950.50-.006251              8              8                    R 28      254423 9 4 2 1 2 4   472.0  456.0
151  417.806517 1.757E-77 1.759E+01.00820.06028989.34310.50-.006253              9              9                    R 30      254423 9 4 2 1 2 4   504.0  488.0
151  419.323857 1.344E-25 1.458E+01.00830.060 4292.94220.50-.006256              0              0                    R 20      484423 9 4 2 1 2 4   344.0  328.0
151  419.511085 1.712E-83 1.620E+01.00820.06031837.16940.50-.006257             10             10                    R 33      254423 9 4 2 1 2 4   552.0  536.0
151  423.540979 4.513E-67 1.935E+01.00820.06024052.41370.50-.006266              7              7                    R 27      274423 9 4 2 1 2 4   456.0  440.0
151  424.265851 3.134E-32 1.600E+01.00830.060 7459.15090.50-.006267              1              1                    R 21      484423 9 4 2 1 2 4   360.0  344.0
151  426.414178 2.311E-84 1.679E+01.00820.06032256.68050.50-.006272             10             10                    R 34      254423 9 4 2 1 2 4   568.0  552.0
151  427.119667 2.434E-78 1.870E+01.00820.06029407.14960.50-.006274              9              9                    R 31      254423 9 4 2 1 2 4   520.0  504.0
151  427.802020 7.042E-62 1.987E+01.00820.06021586.89470.50-.006275              6              6                    R 26      374423 9 4 2 1 2 4   440.0  424.0
151  427.879829 1.241E-38 1.731E+01.00820.06010514.26480.50-.006275              2              2                    R 22      474423 9 4 2 1 2 4   376.0  360.0
151  427.981091 7.510E-73 1.969E+01.00820.06026803.74880.50-.006275              8              8                    R 29      254423 9 4 2 1 2 4   488.0  472.0
151  430.122559 8.385E-45 1.844E+01.00820.06013456.88830.50-.006280              3              3                    R 23      474423 9 4 2 1 2 4   392.0  376.0
151  430.201143 1.973E-56 1.982E+01.00820.06018996.27090.50-.006280              5              5                    R 25      374423 9 4 2 1 2 4   424.0  408.0
151  430.928842 9.753E-51 1.931E+01.00820.06016285.09410.50-.006282              4              4                    R 24      374423 9 4 2 1 2 4   408.0  392.0
151  432.771682 3.004E-85 1.730E+01.00820.06032683.09480.50-.006286             10             10                    R 35      254423 9 4 2 1 2 4   584.0  568.0
151  435.457002 6.184E-68 2.105E+01.00820.06024475.95460.50-.006292              7              7                    R 28      274423 9 4 2 1 2 4   472.0  456.0
151  436.016910 3.213E-79 1.977E+01.00820.06029834.26930.50-.006293              9              9                    R 32      254423 9 4 2 1 2 4   536.0  520.0
151  437.377104 1.947E-26 1.664E+01.00830.060 4712.26610.50-.006297              0              0                    R 21      484423 9 4 2 1 2 4   360.0  344.0
151  438.493093 9.979E-74 2.115E+01.00820.06027231.72990.50-.006299              8              8                    R 30      254423 9 4 2 1 2 4   504.0  488.0
151  438.547186 3.769E-86 1.771E+01.00820.06033115.86640.50-.006299             10             10                    R 36      254423 9 4 2 1 2 4   600.0  584.0
151  440.685252 9.504E-63 2.178E+01.00820.06022014.69670.50-.006304              6              6                    R 27      374423 9 4 2 1 2 4   456.0  440.0
151  441.488055 4.408E-33 1.813E+01.00820.060 7883.41670.50-.006306              1              1                    R 22      484423 9 4 2 1 2 4   376.0  360.0
151  443.698305 4.576E-87 1.801E+01.00820.06033554.41360.50-.006311             10             10                    R 37      254423 9 4 2 1 2 4   616.0  600.0
151  443.999994 2.645E-57 2.188E+01.00820.06019426.47200.50-.006311              5              5                    R 26      374423 9 4 2 1 2 4   440.0  424.0
151  444.266016 1.706E-39 1.948E+01.00820.06010942.14460.50-.006312              2              2                    R 23      474423 9 4 2 1 2 4   392.0  376.0
151  444.479143 4.046E-80 2.080E+01.00820.06030270.28620.50-.006312              9              9                    R 33      254423 9 4 2 1 2 4   552.0  536.0
151  445.610354 1.309E-51 2.145E+01.00820.06016716.02290.50-.006315              4              4                    R 25      374423 9 4 2 1 2 4   424.0  408.0
151  445.663722 1.135E-45 2.062E+01.00820.06013887.01090.50-.006315              3              3                    R 24      474423 9 4 2 1 2 4   408.0  392.0
151  447.038738 7.969E-69 2.279E+01.00820.06024911.41160.50-.006318              7              7                    R 29      274423 9 4 2 1 2 4   488.0  472.0
151  447.464554 4.056E-97 5.075E-02.00850.06037110.62260.50-.006319             13             12                    P 40      245624 9 4 1 1 1 1   632.0  648.0
151  448.175714 5.391E-88 1.818E+01.00820.06033998.11190.50-.006321             10             10                    R 38      254423 9 4 2 1 2 4   632.0  616.0
151  448.631589 1.255E-74 2.260E+01.00820.06027670.22300.50-.006322              8              8                    R 31      254423 9 4 2 1 2 4   520.0  504.0
151  451.217859 7.802E-95 2.094E-01.00850.06036270.68170.50-.006328             15             14                    P 32      245624 9 4 1 1 1 1   504.0  520.0
151  451.920619 6.180E-89 1.822E+01.00820.06034446.28760.50-.006329             10             10                    R 39      254423 9 4 2 1 2 4   648.0  632.0
151  452.485738 4.872E-81 2.178E+01.00820.06030714.76540.50-.006330              9              9                    R 34      254423 9 4 2 1 2 4   568.0  552.0
151  453.252817 1.200E-63 2.376E+01.00820.06022455.38200.50-.006332              6              6                    R 28      374423 9 4 2 1 2 4   472.0  456.0
151  455.171459 2.569E-27 1.886E+01.00820.060 5149.64320.50-.006336              0              0                    R 22      484423 9 4 2 1 2 4   376.0  360.0
151  457.281773 3.724E-93 4.782E-01.00860.06035562.00890.50-.006341             17             16                    P 22      245624 9 4 1 1 1 1   344.0  360.0
151  457.496818 3.303E-58 2.402E+01.00820.06019870.47200.50-.006342              5              5                    R 27      374423 9 4 2 1 2 4   456.0  440.0
151  458.274500 9.674E-70 2.456E+01.00820.06025358.45040.50-.006343              7              7                    R 30      274423 9 4 2 1 2 4   504.0  488.0
151  458.382225 1.499E-75 2.404E+01.00820.06028118.85460.50-.006344              8              8                    R 32      254423 9 4 2 1 2 4   536.0  520.0
151  458.444166 5.673E-34 2.042E+01.00820.060 8324.90480.50-.006344              1              1                    R 23      484423 9 4 2 1 2 4   392.0  376.0
151  460.000897 1.629E-52 2.371E+01.00820.06017161.63320.50-.006347              4              4                    R 26      374423 9 4 2 1 2 4   440.0  424.0
151  460.014222 5.623E-82 2.269E+01.00820.06031167.25110.50-.006347              9              9                    R 35      254423 9 4 2 1 2 4   584.0  568.0
151  460.110784 8.976E-96 1.219E-01.00850.06036621.92580.50-.006347             14             13                    P 36      245624 9 4 1 1 1 1   568.0  584.0
151  460.378600 2.156E-40 2.180E+01.00820.06011386.41060.50-.006348              2              2                    R 24      474423 9 4 2 1 2 4   408.0  392.0
151  460.923145 1.419E-46 2.293E+01.00820.06014332.67460.50-.006349              3              3                    R 25      474423 9 4 2 1 2 4   424.0  408.0
151  465.494224 1.421E-64 2.580E+01.00820.06022908.63480.50-.006360              6              6                    R 29      374423 9 4 2 1 2 4   488.0  472.0
151  467.039872 6.234E-83 2.352E+01.00820.06031627.26530.50-.006363              9              9                    R 36      254423 9 4 2 1 2 4   600.0  584.0
151  467.729936 1.700E-76 2.546E+01.00820.06028577.23680.50-.006365              8              8                    R 33      254423 9 4 2 1 2 4   552.0  536.0
151  469.152367 1.108E-70 2.635E+01.00820.06025816.72490.50-.006368              7              7                    R 31      274423 9 4 2 1 2 4   520.0  504.0
151  470.681765 3.850E-59 2.626E+01.00820.06020327.96890.50-.006371              5              5                    R 28      374423 9 4 2 1 2 4   472.0  456.0
151  472.696940 3.093E-28 2.126E+01.00820.060 5604.81460.50-.006376              0              0                    R 23      484423 9 4 2 1 2 4   392.0  376.0
151  473.535196 6.654E-84 2.425E+01.00820.06032094.30520.50-.006378              9              9                    R 37      254423 9 4 2 1 2 4   616.0  600.0
151  473.623433 9.905E-94 3.740E-01.00850.06035814.34660.50-.006378             16             15                    P 27      245624 9 4 1 1 1 1   424.0  440.0
151  474.090903 1.884E-53 2.608E+01.00820.06017621.63410.50-.006379              4              4                    R 27      374423 9 4 2 1 2 4   456.0  440.0
151  475.124442 6.693E-35 2.287E+01.00820.060 8783.34890.50-.006381              1              1                    R 24      484423 9 4 2 1 2 4   408.0  392.0
151  475.891329 1.640E-47 2.537E+01.00820.06014793.59780.50-.006383              3              3                    R 26      474423 9 4 2 1 2 4   440.0  424.0
151  476.208010 2.509E-41 2.427E+01.00820.06011846.78920.50-.006384              2              2                    R 25      474423 9 4 2 1 2 4   424.0  408.0
151  476.658791 1.838E-77 2.685E+01.00820.06029044.96680.50-.006385              8              8                    R 34      254423 9 4 2 1 2 4   568.0  552.0
151  477.398930 1.581E-65 2.789E+01.00820.06023374.12900.50-.006386              6              6                    R 30      374423 9 4 2 1 2 4   504.0  488.0
151  479.469275 6.856E-85 2.487E+01.00820.06032567.84050.50-.006391              9              9                    R 38      254423 9 4 2 1 2 4   632.0  616.0
151  479.660124 1.201E-71 2.815E+01.00820.06026285.87720.50-.006391              7              7                    R 32      274423 9 4 2 1 2 4   536.0  520.0
151  483.545040 4.194E-60 2.858E+01.00820.06020798.65060.50-.006400              5              5                    R 29      374423 9 4 2 1 2 4   488.0  472.0
151  484.807010 6.836E-86 2.535E+01.00820.06033047.30980.50-.006403              9              9                    R 39      254423 9 4 2 1 2 4   648.0  632.0
151  485.151812 1.896E-78 2.819E+01.00820.06029521.62560.50-.006404              8              8                    R 35      254423 9 4 2 1 2 4   584.0  568.0
151  487.870922 2.027E-54 2.856E+01.00820.06018095.72490.50-.006410              4              4                    R 28      374423 9 4 2 1 2 4   472.0  456.0
151  488.956292 1.654E-66 3.003E+01.00820.06023851.52790.50-.006412              6              6                    R 31      374423 9 4 2 1 2 4   520.0  504.0
151  489.785198 1.232E-72 2.995E+01.00820.06026765.53740.50-.006414              7              7                    R 33      274423 9 4 2 1 2 4   552.0  536.0
151  489.943778 3.404E-29 2.382E+01.00820.060 6077.51160.50-.006414              0              0                    R 24      484423 9 4 2 1 2 4   408.0  392.0
151  490.558929 1.756E-48 2.795E+01.00820.06015269.48910.50-.006416              3              3                    R 27      474423 9 4 2 1 2 4   456.0  440.0
151  491.519342 7.251E-36 2.547E+01.00820.060 9258.47340.50-.006418              1              1                    R 25      484423 9 4 2 1 2 4   424.0  408.0
151  491.744860 2.693E-42 2.688E+01.00820.06012322.99720.50-.006418              2              2                    R 26      474423 9 4 2 1 2 4   440.0  424.0
151  493.190751 1.871E-79 2.947E+01.00820.06030006.77740.50-.006422              8              8                    R 36      254423 9 4 2 1 2 4   600.0  584.0
151  496.076888 4.279E-61 3.098E+01.00820.06021282.19570.50-.006428              5              5                    R 30      374423 9 4 2 1 2 4   504.0  488.0
151  499.514569 1.200E-73 3.174E+01.00820.06027255.32260.50-.006436              7              7                    R 34      274423 9 4 2 1 2 4   568.0  552.0
151  500.155524 1.632E-67 3.221E+01.00820.06024340.48420.50-.006437              6              6                    R 32      374423 9 4 2 1 2 4   536.0  520.0
151  500.755829 1.771E-80 3.067E+01.00820.06030499.96820.50-.006439              8              8                    R 37      254423 9 4 2 1 2 4   616.0  600.0
151  501.331428 2.033E-55 3.114E+01.00820.06018583.59580.50-.006440              4              4                    R 29      374423 9 4 2 1 2 4   488.0  472.0
151  502.168202 9.806E-93 6.534E-01.00860.06035383.54760.50-.006442             17             16                    P 21      245624 9 4 1 1 1 1   328.0  344.0
151  504.916757 1.745E-49 3.064E+01.00820.06015760.04810.50-.006448              3              3                    R 28      474423 9 4 2 1 2 4   472.0  456.0
151  506.902417 3.432E-30 2.655E+01.00820.060 6567.45530.50-.006452              0              0                    R 25      484423 9 4 2 1 2 4   424.0  408.0
151  506.979946 2.671E-43 2.963E+01.00820.06012814.74210.50-.006452              2              2                    R 27      474423 9 4 2 1 2 4   456.0  440.0
151  507.619530 7.226E-37 2.823E+01.00820.060 9749.99270.50-.006454              1              1                    R 26      484423 9 4 2 1 2 4   440.0  424.0
151  507.825402 1.610E-81 3.178E+01.00820.06031000.72410.50-.006454              8              8                    R 38      254423 9 4 2 1 2 4   632.0  616.0
151  508.267572 4.096E-62 3.345E+01.00820.06021778.27260.50-.006455              5              5                    R 31      374423 9 4 2 1 2 4   520.0  504.0
151  508.433842 3.121E-94 2.768E-01.00850.06035993.29240.50-.006456             15             14                    P 31      245624 9 4 1 1 1 1   488.0  504.0
151  508.834675 1.112E-74 3.350E+01.00820.06027754.83710.50-.006457              7              7                    R 35      274423 9 4 2 1 2 4   584.0  568.0
151  510.068125 1.781E-96 4.864E-02.00850.06036745.13180.50-.006459             13             12                    P 39      245624 9 4 1 1 1 1   616.0  632.0
151  510.985656 1.520E-68 3.441E+01.00820.06024840.63970.50-.006461              6              6                    R 33      374423 9 4 2 1 2 4   552.0  536.0
151  514.375714 1.410E-82 3.277E+01.00820.06031508.54950.50-.006469              8              8                    R 39      254423 9 4 2 1 2 4   648.0  632.0
151  514.463405 1.905E-56 3.382E+01.00820.06019084.92730.50-.006469              4              4                    R 30      374423 9 4 2 1 2 4   504.0  488.0
151  517.731287 9.815E-76 3.522E+01.00820.06028263.67180.50-.006477              7              7                    R 36      274423 9 4 2 1 2 4   600.0  584.0
151  518.955769 1.612E-50 3.346E+01.00820.06016264.96500.50-.006479              3              3                    R 29      474423 9 4 2 1 2 4   488.0  472.0
151  519.039982 3.971E-95 1.429E-01.00850.06036299.27650.50-.006479             14             13                    P 35      245624 9 4 1 1 1 1   552.0  568.0
151  520.107347 3.685E-63 3.597E+01.00820.06022286.54010.50-.006482              5              5                    R 32      374423 9 4 2 1 2 4   536.0  520.0
151  521.435471 1.339E-69 3.662E+01.00820.06025351.62540.50-.006485              6              6                    R 34      374423 9 4 2 1 2 4   568.0  552.0
151  521.904247 2.452E-44 3.253E+01.00820.06013321.72210.50-.006486              2              2                    R 28      474423 9 4 2 1 2 4   472.0  456.0
151  523.315992 3.222E-93 4.942E-01.00850.06035584.91160.50-.006489             16             15                    P 26      245624 9 4 1 1 1 1   408.0  424.0
151  523.415871 6.636E-38 3.115E+01.00820.06010257.61220.50-.006489              1              1                    R 27      484423 9 4 2 1 2 4   456.0  440.0
151  523.563520 3.174E-31 2.945E+01.00820.060 7074.35780.50-.006490              0              0                    R 26      484423 9 4 2 1 2 4   440.0  424.0
151  526.189359 8.276E-77 3.687E+01.00820.06028781.40310.50-.006495              7              7                    R 37      274423 9 4 2 1 2 4   616.0  600.0
151  527.257578 1.669E-57 3.658E+01.00820.06019599.39070.50-.006498              4              4                    R 31      374423 9 4 2 1 2 4   520.0  504.0
151  531.493452 1.119E-70 3.883E+01.00820.06025873.06090.50-.006507              6              6                    R 35      374423 9 4 2 1 2 4   584.0  568.0
151  531.586435 3.121E-64 3.855E+01.00820.06022806.64750.50-.006508              5              5                    R 33      374423 9 4 2 1 2 4   552.0  536.0
151  532.667181 1.387E-51 3.639E+01.00820.06016783.92070.50-.006510              3              3                    R 30      474423 9 4 2 1 2 4   504.0  488.0
151  534.192847 6.678E-78 3.845E+01.00820.06029307.59250.50-.006513              7              7                    R 38      274423 9 4 2 1 2 4   632.0  616.0
151  536.508919 2.087E-45 3.556E+01.00820.06013843.62630.50-.006519              2              2                    R 29      474423 9 4 2 1 2 4   488.0  472.0
151  538.899433 5.625E-39 3.422E+01.00820.06010781.02810.50-.006524              1              1                    R 28      484423 9 4 2 1 2 4   472.0  456.0
151  539.704834 1.371E-58 3.943E+01.00820.06020126.64820.50-.006526              4              4                    R 32      374423 9 4 2 1 2 4   536.0  520.0
151  539.917967 2.697E-32 3.251E+01.00820.060 7597.92130.50-.006526              0              0                    R 27      484423 9 4 2 1 2 4   456.0  440.0
151  541.147709 8.882E-72 4.103E+01.00820.06026404.55430.50-.006529              6              6                    R 36      374423 9 4 2 1 2 4   600.0  584.0
151  541.724480 5.169E-79 3.994E+01.00820.06029841.78530.50-.006530              7              7                    R 39      274423 9 4 2 1 2 4   648.0  632.0
151  542.628446 2.429E-92 8.353E-01.00860.06035208.80210.50-.006532             17             16                    P 20      245624 9 4 1 1 1 1   312.0  328.0
151  542.694984 2.494E-65 4.116E+01.00820.06023338.23390.50-.006532              5              5                    R 34      374423 9 4 2 1 2 4   568.0  552.0
151  546.042048 1.114E-52 3.944E+01.00820.06017316.58790.50-.006540              3              3                    R 31      474423 9 4 2 1 2 4   520.0  504.0
151  550.385899 6.710E-73 4.319E+01.00820.06026945.70200.50-.006550              6              6                    R 37      374423 9 4 2 1 2 4   616.0  600.0
151  550.785296 1.650E-46 3.872E+01.00820.06014380.13530.50-.006551              2              2                    R 30      474423 9 4 2 1 2 4   504.0  488.0
151  551.796103 1.057E-59 4.235E+01.00820.06020666.35310.50-.006553              4              4                    R 33      374423 9 4 2 1 2 4   552.0  536.0
151  553.423032 1.884E-66 4.380E+01.00820.06023880.92890.50-.006556              5              5                    R 35      374423 9 4 2 1 2 4   584.0  568.0
151  554.061490 4.409E-40 3.745E+01.00820.06011319.92760.50-.006558              1              1                    R 29      484423 9 4 2 1 2 4   488.0  472.0
151  555.956861 2.111E-33 3.574E+01.00820.060 8137.83920.50-.006562              0              0                    R 28      484423 9 4 2 1 2 4   472.0  456.0
151  558.630469 1.176E-93 3.318E-01.00850.06035716.09940.50-.006568             15             14                    P 30      245624 9 4 1 1 1 1   472.0  488.0
151  559.071804 8.359E-54 4.258E+01.00820.06017862.63000.50-.006569              3              3                    R 32      474423 9 4 2 1 2 4   536.0  520.0
151  559.195127 4.834E-74 4.531E+01.00820.06027496.08790.50-.006569              6              6                    R 38      374423 9 4 2 1 2 4   632.0  616.0
151  563.522346 7.671E-61 4.534E+01.00820.06021218.14920.50-.006579              4              4                    R 34      374423 9 4 2 1 2 4   568.0  552.0
151  563.760452 1.347E-67 4.645E+01.00820.06024434.35190.50-.006580              5              5                    R 36      374423 9 4 2 1 2 4   600.0  584.0
151  564.632985 7.022E-96 3.944E-02.00850.06036376.88040.50-.006582             13             12                    P 38      245624 9 4 1 1 1 1   600.0  616.0
151  564.724879 1.214E-47 4.201E+01.00820.06014930.92060.50-.006582              2              2                    R 31      474423 9 4 2 1 2 4   520.0  504.0
151  567.561840 3.329E-75 4.737E+01.00820.06028055.28310.50-.006588              6              6                    R 39      374423 9 4 2 1 2 4   648.0  632.0
151  567.996451 9.946E-93 6.100E-01.00850.06035357.80910.50-.006589             16             15                    P 25      245624 9 4 1 1 1 1   392.0  408.0
151  568.893513 3.202E-41 4.082E+01.00820.06011873.98910.50-.006591              1              1                    R 30      484423 9 4 2 1 2 4   504.0  488.0
151  570.945413 1.666E-94 1.520E-01.00850.06035975.56080.50-.006596             14             13                    P 34      245624 9 4 1 1 1 1   536.0  552.0
151  571.671528 1.523E-34 3.914E+01.00820.060 8693.79610.50-.006597              0              0                    R 29      484423 9 4 2 1 2 4   488.0  472.0
151  571.747915 5.874E-55 4.581E+01.00820.06018421.70180.50-.006598              3              3                    R 33      474423 9 4 2 1 2 4   552.0  536.0
151  573.696896 9.144E-69 4.910E+01.00820.06024998.11240.50-.006602              5              5                    R 37      374423 9 4 2 1 2 4   616.0  600.0
151  574.874523 5.245E-62 4.837E+01.00820.06021781.67150.50-.006605              4              4                    R 35      374423 9 4 2 1 2 4   584.0  568.0
151  578.319334 8.323E-49 4.542E+01.00820.06015495.64550.50-.006612              2              2                    R 32      474423 9 4 2 1 2 4   536.0  520.0
151  579.775567 5.736E-92 1.025E+00.00860.06035038.60890.50-.006616             17             16                    P 19      245624 9 4 1 1 1 1   296.0  312.0
151  583.221723 5.901E-70 5.174E+01.00820.06025571.80930.50-.006623              5              5                    R 38      374423 9 4 2 1 2 4   632.0  616.0
151  583.387174 2.158E-42 4.433E+01.00820.06012442.88260.50-.006624              1              1                    R 31      484423 9 4 2 1 2 4   520.0  504.0
151  584.061944 3.872E-56 4.914E+01.00820.06018993.44970.50-.006625              3              3                    R 34      474423 9 4 2 1 2 4   568.0  552.0
151  585.843570 3.387E-63 5.145E+01.00820.06022356.54600.50-.006629              4              4                    R 36      374423 9 4 2 1 2 4   600.0  584.0
151  587.053510 1.016E-35 4.269E+01.00820.060 9265.46770.50-.006632              0              0                    R 30      484423 9 4 2 1 2 4   504.0  488.0
151  591.560480 5.330E-50 4.894E+01.00820.06016073.96490.50-.006642              2              2                    R 33      474423 9 4 2 1 2 4   552.0  536.0
151  592.323920 3.628E-71 5.435E+01.00820.06026155.03100.50-.006644              5              5                    R 39      374423 9 4 2 1 2 4   648.0  632.0
151  594.771935 6.409E-98 7.200E-04.00850.06036515.85070.50-.006649             12             11                    P 41      245624 9 4 1 1 1 1   648.0  664.0
151  596.005530 2.399E-57 5.253E+01.00820.06019577.51160.50-.006652              3              3                    R 35      474423 9 4 2 1 2 4   584.0  568.0
151  596.420366 2.069E-64 5.455E+01.00820.06022942.38960.50-.006653              4              4                    R 37      374423 9 4 2 1 2 4   616.0  600.0
151  597.534338 1.352E-43 4.798E+01.00820.06013026.26980.50-.006655              1              1                    R 32      484423 9 4 2 1 2 4   536.0  520.0
151  602.094576 6.267E-37 4.640E+01.00820.060 9852.52120.50-.006666              0              0                    R 31      484423 9 4 2 1 2 4   520.0  504.0
151  604.352604 4.278E-93 3.775E-01.00850.06035440.48140.50-.006671             15             14                    P 29      245624 9 4 1 1 1 1   456.0  472.0
151  604.440385 3.194E-51 5.257E+01.00820.06016665.52540.50-.006671              2              2                    R 34      474423 9 4 2 1 2 4   568.0  552.0
151  606.595695 1.198E-65 5.767E+01.00820.06023538.81000.50-.006676              4              4                    R 38      374423 9 4 2 1 2 4   632.0  616.0
151  607.570373 1.400E-58 5.600E+01.00820.06020173.51710.50-.006678              3              3                    R 36      474423 9 4 2 1 2 4   600.0  584.0
151  609.094121 2.954E-92 7.233E-01.00850.06035134.08570.50-.006681             16             15                    P 24      245624 9 4 1 1 1 1   376.0  392.0
151  611.327060 7.891E-45 5.176E+01.00820.06013623.80420.50-.006686              1              1                    R 33      484423 9 4 2 1 2 4   552.0  536.0
151  614.248370 1.298E-91 1.222E+00.00870.06034873.68050.50-.006693             17             16                    P 18      245624 9 4 1 1 1 1   280.0  296.0
151  614.265652 2.428E-95 2.715E-02.00850.06036007.66020.50-.006693             13             12                    P 37      245624 9 4 1 1 1 1   584.0  600.0
151  616.360204 6.590E-67 6.079E+01.00820.06024145.40570.50-.006697              4              4                    R 39      374423 9 4 2 1 2 4   648.0  632.0
151  616.786708 3.587E-38 5.027E+01.00820.06010454.61580.50-.006698              0              0                    R 32      484423 9 4 2 1 2 4   536.0  520.0
151  616.951003 1.794E-52 5.630E+01.00820.06017269.96580.50-.006699              2              2                    R 35      474423 9 4 2 1 2 4   584.0  568.0
151  618.359974 6.738E-94 1.523E-01.00850.06035652.32180.50-.006702             14             13                    P 33      245624 9 4 1 1 1 1   520.0  536.0
151  618.748207 7.704E-60 5.952E+01.00820.06020781.08750.50-.006703              3              3                    R 37      474423 9 4 2 1 2 4   616.0  600.0
151  624.757577 4.297E-46 5.566E+01.00820.06014235.13130.50-.006716              1              1                    R 34      484423 9 4 2 1 2 4   568.0  552.0
151  629.084627 9.461E-54 6.011E+01.00820.06017886.91680.50-.006726              2              2                    R 36      474423 9 4 2 1 2 4   600.0  584.0
151  629.530778 4.009E-61 6.308E+01.00820.06021399.83570.50-.006727              3              3                    R 38      474423 9 4 2 1 2 4   632.0  616.0
151  631.122107 1.907E-39 5.427E+01.00820.06011071.40250.50-.006731              0              0                    R 33      484423 9 4 2 1 2 4   552.0  536.0
151  637.818433 2.188E-47 5.968E+01.00820.06014859.88890.50-.006746              1              1                    R 35      484423 9 4 2 1 2 4   584.0  568.0
151  639.909808 1.976E-62 6.667E+01.00820.06022029.36650.50-.006750              3              3                    R 39      474423 9 4 2 1 2 4   648.0  632.0
151  640.833595 4.696E-55 6.401E+01.00820.06018516.00140.50-.006752              2              2                    R 37      474423 9 4 2 1 2 4   616.0  600.0
151  643.233470 5.556E-96 9.886E-03.00850.06036101.89840.50-.006758             12             11                    P 40      245624 9 4 1 1 1 1   632.0  648.0
151  645.093183 9.437E-41 5.842E+01.00820.06011702.52470.50-.006762              0              0                    R 34      484423 9 4 2 1 2 4   568.0  552.0
151  646.464493 2.817E-91 1.428E+00.00880.06034714.63390.50-.006765             17             16                    P 17      245624 9 4 1 1 1 1   264.0  280.0
151  646.776380 1.511E-92 4.157E-01.00850.06035167.57020.50-.006766             15             14                    P 28      245624 9 4 1 1 1 1   440.0  456.0
151  647.384656 8.475E-92 8.349E-01.00850.06034914.62420.50-.006767             16             15                    P 23      245624 9 4 1 1 1 1   360.0  376.0
151  650.502019 1.044E-48 6.381E+01.00820.06015497.70730.50-.006774              1              1                    R 36      484423 9 4 2 1 2 4   600.0  584.0
151  652.190337 2.198E-56 6.797E+01.00820.06019156.83500.50-.006778              2              2                    R 38      474423 9 4 2 1 2 4   632.0  616.0
151  658.692673 4.355E-42 6.271E+01.00820.06012347.61790.50-.006792              0              0                    R 35      484423 9 4 2 1 2 4   584.0  568.0
151  660.371040 6.811E-95 1.492E-02.00850.06035638.90550.50-.006796             13             12                    P 36      245624 9 4 1 1 1 1   568.0  584.0
151  662.474979 2.633E-93 1.462E-01.00850.06035330.81740.50-.006801             14             13                    P 32      245624 9 4 1 1 1 1   504.0  520.0
151  662.801166 4.672E-50 6.804E+01.00820.06016148.20940.50-.006801              1              1                    R 37      484423 9 4 2 1 2 4   616.0  600.0
151  663.147352 9.716E-58 7.198E+01.00820.06019809.02530.50-.006802              2              2                    R 39      474423 9 4 2 1 2 4   648.0  632.0
151  671.913226 1.878E-43 6.712E+01.00820.06013006.31060.50-.006822              0              0                    R 36      484423 9 4 2 1 2 4   600.0  584.0
151  674.708766 1.967E-51 7.236E+01.00820.06016811.01050.50-.006828              1              1                    R 38      484423 9 4 2 1 2 4   632.0  616.0
151  676.715418 5.870E-91 1.643E+00.00890.06134562.01040.50-.006833             17             16                    P 16      245624 9 4 1 1 1 1   248.0  264.0
151  683.360823 2.352E-91 9.458E-01.00860.06034700.18670.50-.006848             16             15                    P 22      245624 9 4 1 1 1 1   344.0  360.0
151  684.747939 7.579E-45 7.165E+01.00820.06013678.22380.50-.006851              0              0                    R 37      484423 9 4 2 1 2 4   616.0  600.0
151  686.217846 7.800E-53 7.676E+01.00820.06017485.71930.50-.006854              1              1                    R 39      484423 9 4 2 1 2 4   648.0  632.0
151  686.587032 5.190E-92 4.476E-01.00850.06034898.32460.50-.006855             15             14                    P 27      245624 9 4 1 1 1 1   424.0  440.0
151  688.679650 1.159E-94 3.217E-02.00850.06035688.20080.50-.006859             12             11                    P 39      245624 9 4 1 1 1 1   616.0  632.0
151  697.190023 2.869E-46 7.629E+01.00820.06014362.97170.50-.006879              0              0                    R 38      484423 9 4 2 1 2 4   632.0  616.0
151  703.748691 1.243E-94 5.300E-03.00850.06035271.81210.50-.006893             13             12                    P 35      245624 9 4 1 1 1 1   552.0  568.0
151  703.990775 9.933E-93 1.356E-01.00850.06035012.10860.50-.006894             14             13                    P 31      245624 9 4 1 1 1 1   488.0  504.0
151  705.213108 1.173E-90 1.868E+00.00920.06334416.28880.50-.006896             17             16                    P 15      245624 9 4 1 1 1 1   232.0  248.0
151  707.951026 1.584E-92 4.110E+00.00850.06035562.00890.50-.006903             17             16                    R 22      245624 9 4 1 1 1 1   376.0  360.0
151  709.232868 1.021E-47 8.103E+01.00820.06015060.16180.50-.006906              0              0                    R 39      484423 9 4 2 1 2 4   648.0  632.0
151  717.361007 6.310E-91 1.057E+00.00860.06034491.44110.50-.006924             16             15                    P 21      245624 9 4 1 1 1 1   328.0  344.0
151  724.234246 1.735E-91 4.748E-01.00850.06034633.57490.50-.006939             15             14                    P 26      245624 9 4 1 1 1 1   408.0  424.0
151  731.738154 1.629E-93 7.017E-02.00850.06035275.92200.50-.006956             12             11                    P 38      245624 9 4 1 1 1 1   600.0  616.0
151  732.116042 2.247E-90 2.104E+00.00960.06634277.89510.50-.006957             17             16                    P 14      245624 9 4 1 1 1 1   216.0  232.0
151  743.368884 3.611E-92 1.222E-01.00850.06034697.11260.50-.006982             14             13                    P 30      245624 9 4 1 1 1 1   472.0  488.0
151  744.916330 4.085E-95 3.398E-04.00850.06034907.40550.50-.006985             13             12                    P 34      245624 9 4 1 1 1 1   536.0  552.0
151  748.828384 5.837E-93 3.539E-01.00850.06035353.07000.50-.006994             11             10                    P 41      245624 9 4 1 1 1 1   648.0  664.0
151  749.629147 1.636E-90 1.171E+00.00860.06034288.97970.50-.006996             16             15                    P 20      245624 9 4 1 1 1 1   312.0  328.0
151  757.544917 4.118E-90 2.354E+00.01030.07234147.21030.50-.007014             17             16                    P 13      245624 9 4 1 1 1 1   200.0  216.0
151  760.032922 5.637E-91 4.985E-01.00850.06034374.05270.50-.007019             15             14                    P 25      245624 9 4 1 1 1 1   392.0  408.0
151  765.111830 4.555E-92 6.006E+00.00860.06035383.54760.50-.007031             17             16                    R 21      245624 9 4 1 1 1 1   360.0  344.0
151  772.834142 1.878E-92 1.258E-01.00850.06034866.07140.50-.007048             12             11                    P 37      245624 9 4 1 1 1 1   584.0  600.0
151  780.347192 4.091E-90 1.287E+00.00860.06034093.33330.50-.007065             16             15                    P 19      245624 9 4 1 1 1 1   296.0  312.0
151  780.933781 1.262E-91 1.074E-01.00850.06034386.63640.50-.007066             14             13                    P 29      245624 9 4 1 1 1 1   456.0  472.0
151  781.592969 7.206E-90 2.619E+00.01140.07734024.57510.50-.007068             17             16                    P 12      245624 9 4 1 1 1 1   184.0  200.0
151  784.233792 9.577E-94 1.568E-03.00850.06034546.58360.50-.007074             13             12                    P 33      245624 9 4 1 1 1 1   520.0  536.0
151  789.992556 6.767E-92 5.106E-01.00850.06034898.20830.50-.007086             11             10                    P 40      245624 9 4 1 1 1 1   632.0  648.0
151  794.213839 1.779E-90 5.200E-01.00850.06034120.41040.50-.007096             15             14                    P 24      245624 9 4 1 1 1 1   376.0  392.0
151  804.332327 1.202E-89 2.902E+00.01320.08733910.29500.50-.007119             17             16                    P 11      245624 9 4 1 1 1 1   168.0  184.0
151  807.280869 7.701E-93 7.211E+00.00850.06035814.34660.50-.007125             16             15                    R 27      245624 9 4 1 1 1 1   456.0  440.0
151  809.654248 9.858E-90 1.409E+00.00870.06033904.97960.50-.007130             16             15                    P 18      245624 9 4 1 1 1 1   280.0  296.0
151  810.488596 1.185E-91 7.810E+00.00860.06035208.80210.50-.007132             17             16                    R 20      245624 9 4 1 1 1 1   344.0  328.0
151  812.271780 1.906E-91 2.001E-01.00850.06034459.54030.50-.007136             12             11                    P 36      245624 9 4 1 1 1 1   568.0  584.0
151  816.923902 4.231E-91 9.226E-02.00850.06034081.40060.50-.007147             14             13                    P 28      245624 9 4 1 1 1 1   440.0  456.0
151  821.963029 3.067E-92 1.003E-02.00850.06034190.14560.50-.007158             13             12                    P 32      245624 9 4 1 1 1 1   504.0  520.0
151  825.819010 1.908E-89 3.204E+00.01600.09433804.64340.15-.004909             17             16                    P 10      245624 9 4 1 1 1 1   152.0  168.0
151  826.951448 5.450E-90 5.407E-01.00850.06033873.23530.50-.007169             15             14                    P 23      245624 9 4 1 1 1 1   360.0  376.0
151  829.634415 7.404E-91 7.001E-01.00850.06034446.28760.50-.007175             11             10                    P 39      245624 9 4 1 1 1 1   616.0  632.0
151  837.658585 2.285E-89 1.537E+00.00880.06033724.35180.50-.007193             16             15                    P 17      245624 9 4 1 1 1 1   264.0  280.0
151  846.096121 2.872E-89 3.528E+00.02020.11033707.86420.14-.004297             17             16                    P  9      245624 9 4 1 1 1 1   136.0  152.0
151  847.106908 2.777E-91 9.138E+00.00860.06035038.60890.50-.007214             17             16                    R 19      245624 9 4 1 1 1 1   328.0  312.0
151  850.277225 1.761E-90 2.939E-01.00850.06034057.12830.50-.007221             12             11                    P 35      245624 9 4 1 1 1 1   552.0  568.0
151  851.519695 1.357E-90 7.764E-02.00850.06033782.05520.50-.007224             14             13                    P 27      245624 9 4 1 1 1 1   424.0  440.0
151  858.301420 3.953E-91 2.629E-02.00850.06033838.81110.50-.007239             13             12                    P 31      245624 9 4 1 1 1 1   488.0  504.0
151  858.380714 1.618E-89 5.616E-01.00860.06033633.06030.50-.007240             15             14                    P 22      245624 9 4 1 1 1 1   344.0  360.0
151  864.445544 5.088E-89 1.674E+00.00890.06133551.84320.50-.007253             16             15                    P 16      245624 9 4 1 1 1 1   248.0  264.0
151  865.196247 4.088E-89 3.881E+00.02640.12633620.17380.13-.003783             17             16                    P  8      245624 9 4 1 1 1 1   120.0  136.0
151  867.959434 7.692E-90 9.225E-01.00850.06033998.11190.50-.007261             11             10                    P 38      245624 9 4 1 1 1 1   600.0  616.0
151  875.593551 2.742E-92 1.020E+01.00850.06035584.91160.50-.007278             16             15                    R 26      245624 9 4 1 1 1 1   440.0  424.0
151  876.583893 1.393E-89 1.767E+00.00850.06034021.62440.50-.007280             10              9                    P 41      245624 9 4 1 1 1 1   648.0  664.0
151  877.750059 6.104E-91 1.015E+01.00860.06034873.68050.50-.007283             17             16                    R 18      245624 9 4 1 1 1 1   312.0  296.0
151  883.143319 5.479E-89 4.266E+00.03370.15733541.76340.25-.003268             17             16                    P  7      245624 9 4 1 1 1 1   104.0  120.0
151  884.861136 4.158E-90 6.415E-02.00850.06033489.19160.50-.007299             14             13                    P 26      245624 9 4 1 1 1 1   408.0  424.0
151  887.023497 1.506E-89 4.069E-01.00850.06033659.56010.50-.007304             12             11                    P 34      245624 9 4 1 1 1 1   536.0  552.0
151  888.607865 4.647E-89 5.839E-01.00860.06033400.37190.50-.007307             15             14                    P 21      245624 9 4 1 1 1 1   328.0  344.0
151  890.082888 1.086E-88 1.820E+00.00920.06333387.81220.50-.007311             16             15                    P 15      245624 9 4 1 1 1 1   232.0  248.0
151  893.401084 3.647E-90 5.054E-02.00850.06033493.23530.50-.007318             13             12                    P 30      245624 9 4 1 1 1 1   472.0  488.0
151  899.953476 6.876E-89 4.693E+00.04390.18933472.79970.35-.003351             17             16                    P  6      245624 9 4 1 1 1 1    88.0  104.0
151  903.750567 1.273E-90 1.090E+01.00870.06034714.63390.50-.007341             17             16                    R 17      245624 9 4 1 1 1 1   296.0  280.0
151  905.126704 7.612E-89 1.177E+00.00850.06033554.41360.50-.007344             11             10                    P 37      245624 9 4 1 1 1 1   584.0  600.0
151  914.170874 1.669E-88 2.182E+00.00850.06033532.11680.50-.007365             10              9                    P 40      245624 9 4 1 1 1 1   632.0  648.0
151  914.624830 2.217E-88 1.980E+00.00960.06633232.58540.50-.007366             16             15                    P 14      245624 9 4 1 1 1 1   216.0  232.0
151  915.636799 8.013E-89 5.180E+00.05410.22333413.42660.46-.003533             17             16                    P  5      245624 9 4 1 1 1 1    72.0   88.0
151  917.058639 1.216E-89 5.218E-02.00850.06033203.35180.50-.007371             14             13                    P 25      245624 9 4 1 1 1 1   392.0  408.0
151  917.717560 1.291E-88 6.087E-01.00860.06033175.61570.50-.007373             15             14                    P 20      245624 9 4 1 1 1 1   312.0  328.0
151  922.646129 1.205E-88 5.387E-01.00850.06033267.49940.50-.007384             12             11                    P 33      245624 9 4 1 1 1 1   520.0  536.0
151  925.918416 2.529E-90 1.142E+01.00880.06034562.01040.50-.007391             17             16                    R 16      245624 9 4 1 1 1 1   280.0  264.0
151  927.381816 2.783E-89 8.253E-02.00850.06033154.01880.50-.007394             13             12                    P 29      245624 9 4 1 1 1 1   456.0  472.0
151  930.160902 9.090E-92 1.309E+01.00850.06035357.80910.50-.007400             16             15                    R 25      245624 9 4 1 1 1 1   424.0  408.0
151  930.197432 8.558E-89 5.762E+00.06440.24933363.76600.61-.003714             17             16                    P  4      245624 9 4 1 1 1 1    56.0   72.0
151  935.566645 4.961E-93 1.294E+01.00850.06035993.29240.50-.007412             15             14                    R 31      245624 9 4 1 1 1 1   520.0  504.0
151  938.114391 4.325E-88 2.154E+00.01030.07233086.46060.50-.007418             16             15                    P 13      245624 9 4 1 1 1 1   200.0  216.0
151  941.261818 7.186E-88 1.463E+00.00850.06033115.86640.50-.007425             11             10                    P 36      245624 9 4 1 1 1 1   568.0  584.0
151  943.634281 8.174E-89 6.529E+00.07240.25333323.91840.71-.001693             17             16                    P  3      245624 9 4 1 1 1 1    40.0   56.0
151  944.809611 4.789E-90 1.175E+01.00890.06034416.28880.50-.007433             17             16                    R 15      245624 9 4 1 1 1 1   264.0  248.0
151  945.777860 3.460E-88 6.371E-01.00860.06032959.20180.50-.007435             15             14                    P 19      245624 9 4 1 1 1 1   296.0  312.0
151  948.200447 3.398E-89 4.193E-02.00850.06032925.03480.50-.007441             14             13                    P 24      245624 9 4 1 1 1 1   376.0  392.0
151  950.802170 1.924E-87 2.640E+00.00850.06033047.30980.50-.007447             10              9                    P 39      245624 9 4 1 1 1 1   616.0  632.0
151  955.941380 6.618E-89 7.812E+00.07990.24033293.96350.69-.000072             17             16                    P  2      245624 9 4 1 1 1 1    24.0   40.0
151  957.252791 9.065E-88 6.883E-01.00850.06032881.55830.50-.007461             12             11                    P 32      245624 9 4 1 1 1 1   504.0  520.0
151  960.339276 1.861E-88 1.217E-01.00850.06032821.71590.50-.007468             13             12                    P 28      245624 9 4 1 1 1 1   440.0  456.0
151  960.585764 8.040E-88 2.344E+00.01140.07732949.70920.50-.007469             16             15                    P 12      245624 9 4 1 1 1 1   184.0  200.0
151  960.830706 8.646E-90 1.191E+01.00920.06234277.89510.50-.007469             17             16                    R 14      245624 9 4 1 1 1 1   248.0  232.0
151  967.108156 3.831E-89 1.259E+01.08920.22233273.96070.65-.002749             17             16                    P  1      245624 9 4 1 1 1 1     8.0   24.0
151  972.843775 8.942E-88 6.703E-01.00870.06032751.50800.50-.007496             15             14                    P 18      245624 9 4 1 1 1 1   280.0  296.0
151  974.141917 2.738E-91 1.512E+01.00850.06035134.08570.50-.007499             16             15                    R 24      245624 9 4 1 1 1 1   408.0  392.0
151  974.291613 1.487E-89 1.193E+01.00960.06534147.21030.50-.007499             17             16                    R 13      245624 9 4 1 1 1 1   232.0  216.0
151  976.465317 6.475E-87 1.778E+00.00850.06032683.09480.50-.007504             11             10                    P 35      245624 9 4 1 1 1 1   552.0  568.0
151  978.357785 9.091E-89 3.347E-02.00850.06032654.70260.50-.007508             14             13                    P 23      245624 9 4 1 1 1 1   360.0  376.0
151  982.065731 1.421E-87 2.555E+00.01320.08732822.57770.50-.007517             16             15                    P 11      245624 9 4 1 1 1 1   168.0  184.0
151  985.436109 2.436E-89 1.182E+01.01030.07034024.57510.50-.007524             17             16                    R 12      245624 9 4 1 1 1 1   216.0  200.0
151  985.955428 4.441E-89 4.813E+00.08940.22233263.94940.740.005301             17             16                    R  0      245624 9 4 1 1 1 1    24.0    8.0
151  986.573140 2.132E-86 3.140E+00.00850.06032567.84050.50-.007527             10              9                    P 38      245624 9 4 1 1 1 1   600.0  616.0
151  988.811647 3.724E-86 4.526E+00.00850.06032543.30510.50-.007532              9              8                    P 41      245624 9 4 1 1 1 1   648.0  664.0
151  990.930406 6.432E-87 8.541E-01.00850.06032502.30490.50-.007537             12             11                    P 31      245624 9 4 1 1 1 1   488.0  504.0
151  992.350743 1.121E-87 1.673E-01.00850.06032496.84080.50-.007540             13             12                    P 27      245624 9 4 1 1 1 1   424.0  440.0
151  993.592017 8.891E-89 6.162E+00.07930.23833273.96070.760.000228             17             16                    R  1      245624 9 4 1 1 1 1    40.0   24.0
151  994.460172 3.791E-89 1.160E+01.01130.07533910.29500.50-.007544             17             16                    R 11      245624 9 4 1 1 1 1   200.0  184.0
151  998.959798 2.224E-87 7.093E-01.00880.06032552.88340.50-.007554             15             14                    P 17      245624 9 4 1 1 1 1   264.0  280.0
151  999.999978 1.272E-88 7.026E+00.07180.24733293.96350.72-.000543             17             16                    R  2      245624 9 4 1 1 1 1    56.0   40.0
151 1001.524580 5.599E-89 1.130E+01.01300.08533804.64340.50-.007560             17             16                    R 10      245624 9 4 1 1 1 1   184.0  168.0
151 1002.574839 2.383E-87 2.789E+00.01600.09432705.28930.15-.005305             16             15                    P 10      245624 9 4 1 1 1 1   152.0  168.0
151 1005.144989 1.539E-88 7.730E+00.06240.24133323.91840.71-.001214             17             16                    R  3      245624 9 4 1 1 1 1    72.0   56.0
151 1005.800211 2.156E-92 1.737E+01.00850.06035716.09940.50-.007570             15             14                    R 30      245624 9 4 1 1 1 1   504.0  488.0
151 1006.763149 7.832E-89 1.093E+01.01570.09733707.86420.35-.008102             17             16                    R  9      245624 9 4 1 1 1 1   168.0  152.0
151 1007.588532 2.340E-88 2.675E-02.00860.06032392.78330.50-.007574             14             13                    P 22      245624 9 4 1 1 1 1   344.0  360.0
151 1008.987089 1.664E-88 8.362E+00.05370.21833363.76600.58-.003583             17             16                    R  4      245624 9 4 1 1 1 1    88.0   72.0
151 1010.288629 1.035E-88 1.050E+01.01990.10633620.17380.30-.008342             17             16                    R  8      245624 9 4 1 1 1 1   152.0  136.0
151 1010.818889 5.567E-86 2.121E+00.00850.06032256.68050.50-.007581             11             10                    P 34      245624 9 4 1 1 1 1   536.0  552.0
151 1011.181337 7.787E-91 1.657E+01.00850.06034914.62420.50-.007582             16             15                    R 23      245624 9 4 1 1 1 1   392.0  376.0
151 1011.480059 1.646E-88 8.949E+00.04300.18733413.42660.35-.006150             17             16                    R  5      245624 9 4 1 1 1 1   104.0   88.0
151 1012.196960 1.289E-88 1.002E+01.02560.12333541.76340.29-.008080             17             16                    R  7      245624 9 4 1 1 1 1   136.0  120.0
151 1012.570416 1.508E-88 9.502E+00.03300.15433472.79970.40-.007716             17             16                    R  6      245624 9 4 1 1 1 1   120.0  104.0
151 1021.561210 2.268E-85 3.677E+00.00850.06032094.30520.50-.007605             10              9                    P 37      245624 9 4 1 1 1 1   584.0  600.0
151 1022.128299 3.781E-87 3.049E+00.02020.11032598.04550.14-.004691             16             15                    P  9      245624 9 4 1 1 1 1   136.0  152.0
151 1023.479181 6.178E-87 2.181E-01.00850.06032179.87260.50-.007609             13             12                    P 26      245624 9 4 1 1 1 1   408.0  424.0
151 1023.749761 4.312E-86 1.034E+00.00850.06032130.26900.50-.007610             12             11                    P 30      245624 9 4 1 1 1 1   472.0  488.0
151 1024.162154 5.316E-87 7.554E-01.00890.06132363.65000.50-.007611             15             14                    P 16      245624 9 4 1 1 1 1   248.0  264.0
151 1024.384579 4.929E-85 5.247E+00.00850.06032022.92520.50-.007611              9              8                    P 40      245624 9 4 1 1 1 1   632.0  648.0
151 1031.321503 1.506E-93 1.873E+01.00850.06036299.27650.50-.007627             14             13                    R 35      245624 9 4 1 1 1 1   584.0  568.0
151 1035.939924 5.846E-88 2.162E-02.00860.06032139.67580.50-.007637             14             13                    P 21      245624 9 4 1 1 1 1   328.0  344.0
151 1040.736701 5.653E-87 3.341E+00.02640.12632501.02660.13-.004177             16             15                    P  8      245624 9 4 1 1 1 1   120.0  136.0
151 1042.993066 2.115E-90 1.758E+01.00850.06034700.18670.50-.007653             16             15                    R 22      245624 9 4 1 1 1 1   376.0  360.0
151 1044.388920 4.566E-85 2.488E+00.00850.06031837.16940.50-.007656             11             10                    P 33      245624 9 4 1 1 1 1   520.0  536.0
151 1048.479744 1.219E-86 8.099E-01.00920.06332184.10560.50-.007665             15             14                    P 15      245624 9 4 1 1 1 1   232.0  248.0
151 1053.776199 3.143E-86 2.729E-01.00850.06031871.25860.50-.007677             13             12                    P 25      245624 9 4 1 1 1 1   392.0  408.0
151 1055.768914 2.733E-85 1.227E+00.00850.06031765.94700.50-.007682             12             11                    P 29      245624 9 4 1 1 1 1   456.0  472.0
151 1055.829355 2.313E-84 4.250E+00.00850.06031627.26530.50-.007682             10              9                    P 36      245624 9 4 1 1 1 1   568.0  584.0
151 1058.406609 7.935E-87 3.670E+00.03370.15732414.39310.25-.003661             16             15                    P  7      245624 9 4 1 1 1 1   104.0  120.0
151 1059.290957 6.280E-84 6.013E+00.00850.06031508.54950.50-.007690              9              8                    P 39      245624 9 4 1 1 1 1   616.0  632.0
151 1061.244782 8.512E-92 2.062E+01.00850.06035440.48140.50-.007694             15             14                    R 29      245624 9 4 1 1 1 1   488.0  472.0
151 1063.450576 1.434E-87 1.794E-02.00860.06031895.75120.50-.007699             14             13                    P 20      245624 9 4 1 1 1 1   312.0  328.0
151 1070.567841 5.500E-90 1.823E+01.00860.06034491.44110.50-.007715             16             15                    R 21      245624 9 4 1 1 1 1   360.0  344.0
151 1071.935739 2.674E-86 8.743E-01.00960.06632014.52490.50-.007718             15             14                    P 14      245624 9 4 1 1 1 1   216.0  232.0
151 1075.140757 1.039E-86 4.048E+00.04390.18932338.28590.35-.003744             16             15                    P  6      245624 9 4 1 1 1 1    88.0  104.0
151 1077.230050 3.569E-84 2.877E+00.00850.06031425.07490.50-.007730             11             10                    P 32      245624 9 4 1 1 1 1   504.0  520.0
151 1083.284250 1.484E-85 3.302E-01.00850.06031571.41830.50-.007743             13             12                    P 24      245624 9 4 1 1 1 1   376.0  392.0
151 1087.035694 1.638E-84 1.430E+00.00850.06031409.80510.50-.007752             12             11                    P 28      245624 9 4 1 1 1 1   440.0  456.0
151 1089.429385 2.259E-83 4.855E+00.00850.06031167.25110.50-.007757             10              9                    P 35      245624 9 4 1 1 1 1   552.0  568.0
151 1090.152018 3.509E-87 1.555E-02.00860.06031661.35600.50-.007759             14             13                    P 19      245624 9 4 1 1 1 1   296.0  312.0
151 1090.649859 1.446E-82 8.470E+00.00850.06030932.27530.50-.007760              8              7                    P 41      245624 9 4 1 1 1 1   648.0  664.0
151 1090.938796 1.260E-86 4.490E+00.05410.22332272.82720.46-.003926             16             15                    P  5      245624 9 4 1 1 1 1    72.0   88.0
151 1093.581134 7.691E-83 6.821E+00.00850.06031000.72410.50-.007766              9              8                    P 38      245624 9 4 1 1 1 1   600.0  616.0
151 1094.548325 5.603E-86 9.502E-01.01030.07231855.16090.50-.007769             15             14                    P 13      245624 9 4 1 1 1 1   200.0  216.0
151 1094.567814 1.371E-89 1.857E+01.00860.06034288.97970.50-.007769             16             15                    R 20      245624 9 4 1 1 1 1   344.0  328.0
151 1097.024075 2.117E-94 2.340E+01.00850.06036745.13180.50-.007774             13             12                    R 39      245624 9 4 1 1 1 1   648.0  632.0
151 1105.797226 1.394E-86 5.031E+00.06440.24932218.12120.61-.004107             16             15                    P  4      245624 9 4 1 1 1 1    56.0   72.0
151 1106.475834 7.951E-93 2.421E+01.00850.06035975.56080.50-.007795             14             13                    R 34      245624 9 4 1 1 1 1   568.0  552.0
151 1107.159639 3.151E-91 2.277E+01.00850.06035167.57020.50-.007797             15             14                    R 28      245624 9 4 1 1 1 1   472.0  456.0
151 1109.387285 2.655E-83 3.285E+00.00850.06031020.88170.50-.007802             11             10                    P 31      245624 9 4 1 1 1 1   488.0  504.0
151 1112.038286 6.522E-85 3.886E-01.00850.06031280.74510.50-.007808             13             12                    P 23      245624 9 4 1 1 1 1   360.0  376.0
151 1115.468798 3.273E-89 1.865E+01.00860.06034093.33330.50-.007815             16             15                    R 19      245624 9 4 1 1 1 1   328.0  312.0
151 1116.069837 8.696E-87 1.433E-02.00870.06031436.81350.50-.007817             14             13                    P 18      245624 9 4 1 1 1 1   280.0  296.0
151 1116.331423 1.119E-85 1.040E+00.01140.07731706.24630.50-.007817             15             14                    P 12      245624 9 4 1 1 1 1   184.0  200.0
151 1117.589588 9.284E-84 1.640E+00.00850.06031062.28300.50-.007820             12             11                    P 27      245624 9 4 1 1 1 1   424.0  440.0
151 1119.709682 1.375E-86 5.753E+00.07240.25332174.25380.71-.002088             16             15                    P  3      245624 9 4 1 1 1 1    40.0   56.0
151 1122.404033 2.109E-82 5.488E+00.00850.06030714.76540.50-.007831             10              9                    P 34      245624 9 4 1 1 1 1   536.0  552.0
151 1125.039626 2.139E-81 9.482E+00.00850.06030383.50990.50-.007837              8              7                    P 40      245624 9 4 1 1 1 1   632.0  648.0
151 1127.297147 9.036E-82 7.665E+00.00850.06030499.96820.50-.007842              9              8                    P 37      245624 9 4 1 1 1 1   584.0  600.0
151 1132.667070 1.146E-86 6.960E+00.07990.24032141.29360.69-.000467             16             15                    P  2      245624 9 4 1 1 1 1    24.0   40.0
151 1133.629247 7.479E-89 1.851E+01.00860.06033904.97960.50-.007856             16             15                    R 18      245624 9 4 1 1 1 1   312.0  296.0
151 1135.874235 2.322E-94 1.882E-02.00930.06035134.08570.50-.007861             17             15                    P 24      244523 9 4 3 2 1 4   376.0  392.0
151 1137.295254 2.123E-85 1.145E+00.01320.08731567.99410.50-.007864             15             14                    P 11      245624 9 4 1 1 1 1   168.0  184.0
151 1140.067040 2.673E-84 4.464E-01.00860.06030999.60870.50-.007871             13             12                    P 22      245624 9 4 1 1 1 1   344.0  360.0
151 1140.897748 1.878E-82 3.708E+00.00850.06030625.04920.50-.007872             11             10                    P 30      245624 9 4 1 1 1 1   472.0  488.0
151 1141.224834 2.210E-86 1.424E-02.00880.06031222.42520.50-.007873             14             13                    P 17      245624 9 4 1 1 1 1   264.0  280.0
151 1144.657652 6.794E-87 1.136E+01.08920.22232119.29180.65-.003146             16             15                    P  1      245624 9 4 1 1 1 1     8.0   24.0
151 1146.509456 1.117E-90 2.418E+01.00850.06034898.32460.50-.007885             15             14                    R 27      245624 9 4 1 1 1 1   456.0  440.0
151 1147.463187 4.970E-83 1.855E+00.00850.06030723.79550.50-.007887             12             11                    P 26      245624 9 4 1 1 1 1   408.0  424.0
151 1149.328631 1.633E-88 1.819E+01.00870.06033724.35180.50-.007891             16             15                    R 17      245624 9 4 1 1 1 1   296.0  280.0
151 1154.788636 1.878E-81 6.146E+00.00850.06030270.28620.50-.007904             10              9                    P 33      245624 9 4 1 1 1 1   520.0  536.0
151 1157.446801 3.816E-85 1.268E+00.01600.09431440.59870.15-.005652             15             14                    P 10      245624 9 4 1 1 1 1   152.0  168.0
151 1158.938685 3.040E-80 1.053E+01.00850.06029841.78530.50-.007913              8              7                    P 39      245624 9 4 1 1 1 1   616.0  632.0
151 1160.473702 1.017E-80 8.541E+00.00850.06030006.77740.50-.007916              9              8                    P 36      245624 9 4 1 1 1 1   568.0  584.0
151 1162.790662 3.403E-88 1.773E+01.00880.06033551.84320.50-.007921             16             15                    R 16      245624 9 4 1 1 1 1   280.0  264.0
151 1165.633368 5.788E-86 1.536E-02.00890.06131018.47220.50-.007928             14             13                    P 16      245624 9 4 1 1 1 1   248.0  264.0
151 1165.678287 8.171E-87 4.476E+00.08940.22232108.28240.740.004899             16             15                    R  0      245624 9 4 1 1 1 1    24.0    8.0
151 1165.994684 3.860E-92 2.787E+01.00850.06035652.32180.50-.007929             14             13                    R 33      245624 9 4 1 1 1 1   552.0  536.0
151 1167.394024 1.022E-83 5.020E-01.00860.06030728.35720.50-.007932             13             12                    P 21      245624 9 4 1 1 1 1   328.0  344.0
151 1171.792048 1.262E-81 4.142E+00.00850.06030238.01310.50-.007942             11             10                    P 29      245624 9 4 1 1 1 1   456.0  472.0
151 1174.198176 6.757E-88 1.715E+01.00890.06033387.81220.50-.007947             16             15                    R 15      245624 9 4 1 1 1 1   264.0  248.0
151 1174.671694 1.656E-86 5.830E+00.07930.23832119.29180.76-.000177             16             15                    R  1      245624 9 4 1 1 1 1    40.0   24.0
151 1176.683320 2.512E-82 2.072E+00.00850.06030394.73500.50-.007953             12             11                    P 25      245624 9 4 1 1 1 1   392.0  408.0
151 1176.790178 6.480E-85 1.412E+00.02020.11031324.23650.14-.005038             15             14                    P  9      245624 9 4 1 1 1 1   136.0  152.0
151 1180.771723 3.811E-90 2.503E+01.00850.06034633.57490.50-.007962             15             14                    R 26      245624 9 4 1 1 1 1   440.0  424.0
151 1181.146029 1.045E-93 3.348E-01.00930.06035440.48140.50-.007963             16             14                    P 29      244523 9 4 3 2 1 4   456.0  472.0
151 1181.206735 1.372E-93 3.006E+01.00850.06036376.88040.50-.007963             13             12                    R 38      245624 9 4 1 1 1 1   632.0  616.0
151 1182.624809 2.387E-86 6.770E+00.07180.24732141.29360.72-.000952             16             15                    R  2      245624 9 4 1 1 1 1    56.0   40.0
151 1183.703385 1.277E-87 1.648E+01.00920.06233232.58540.50-.007968             16             15                    R 14      245624 9 4 1 1 1 1   248.0  232.0
151 1185.193141 8.446E-79 1.274E+01.00850.06029198.31670.50-.007972              7              6                    P 41      265624 9 4 1 1 1 1   648.0  664.0
151 1186.612436 1.595E-80 6.823E+00.00850.06029834.26930.50-.007975             10              9                    P 32      245624 9 4 1 1 1 1   504.0  520.0
151 1189.308274 1.553E-85 1.791E-02.00920.06330825.21660.50-.007981             14             13                    P 15      245624 9 4 1 1 1 1   232.0  248.0
151 1189.512237 2.900E-86 7.597E+00.06240.24132174.25380.71-.001627             16             15                    R  3      245624 9 4 1 1 1 1    72.0   56.0
151 1191.434480 2.292E-87 1.575E+01.00960.06533086.46060.50-.007986             16             15                    R 13      245624 9 4 1 1 1 1   232.0  216.0
151 1192.375690 4.143E-79 1.162E+01.00850.06029307.59250.50-.007988              8              7                    P 38      245624 9 4 1 1 1 1   600.0  616.0
151 1193.139787 1.093E-79 9.446E+00.00850.06029521.62560.50-.007989              9              8                    P 35      245624 9 4 1 1 1 1   552.0  568.0
151 1194.038276 3.648E-83 5.538E-01.00860.06030467.31780.50-.007991             13             12                    P 20      245624 9 4 1 1 1 1   312.0  328.0
151 1195.305437 3.134E-86 8.393E+00.05370.21832218.12120.58-.004000             16             15                    R  4      245624 9 4 1 1 1 1    88.0   72.0
151 1195.326994 1.035E-84 1.582E+00.02640.12631219.06620.13-.004523             15             14                    P  8      245624 9 4 1 1 1 1   120.0  136.0
151 1197.500983 3.901E-87 1.496E+01.01030.07032949.70920.50-.007999             16             15                    R 12      245624 9 4 1 1 1 1   216.0  200.0
151 1199.972452 3.083E-86 9.186E+00.04300.18732272.82720.35-.006572             16             15                    R  5      245624 9 4 1 1 1 1   104.0   88.0
151 1201.997331 6.289E-87 1.415E+01.01130.07532822.57770.50-.008009             16             15                    R 11      245624 9 4 1 1 1 1   200.0  184.0
151 1202.095361 8.037E-81 4.584E+00.00850.06029860.18760.50-.008010             11             10                    P 28      245624 9 4 1 1 1 1   440.0  456.0
151 1203.477471 2.798E-86 9.989E+00.03300.15432338.28590.40-.008144             16             15                    R  6      245624 9 4 1 1 1 1   120.0  104.0
151 1205.005657 9.581E-87 1.331E+01.01300.08532705.28930.50-.008016             16             15                    R 10      245624 9 4 1 1 1 1   184.0  168.0
151 1205.271951 1.197E-81 2.288E+00.00850.06030075.47310.50-.008017             12             11                    P 24      245624 9 4 1 1 1 1   376.0  392.0
151 1205.780724 2.361E-86 1.081E+01.02560.12332414.39310.29-.008514             16             15                    R  7      245624 9 4 1 1 1 1   136.0  120.0
151 1206.597917 1.377E-86 1.247E+01.01570.09732598.04550.35-.008550             16             15                    R  9      245624 9 4 1 1 1 1   168.0  152.0
151 1206.837539 1.861E-86 1.164E+01.01990.10632501.02660.30-.008782             16             15                    R  8      245624 9 4 1 1 1 1   152.0  136.0
151 1210.858893 1.252E-89 2.540E+01.00850.06034374.05270.50-.008029             15             14                    R 25      245624 9 4 1 1 1 1   424.0  408.0
151 1212.259231 4.206E-85 2.231E-02.00960.06630642.90170.50-.008032             14             13                    P 14      245624 9 4 1 1 1 1   216.0  232.0
151 1213.056298 1.548E-84 1.781E+00.03370.15731125.22960.25-.004007             15             14                    P  7      245624 9 4 1 1 1 1   104.0  120.0
151 1215.688780 1.779E-91 3.012E+01.00850.06035330.81740.50-.008040             14             13                    R 32      245624 9 4 1 1 1 1   536.0  520.0
151 1217.899589 1.288E-79 7.515E+00.00850.06029407.14960.50-.008045             10              9                    P 31      245624 9 4 1 1 1 1   488.0  504.0
151 1218.940326 1.404E-77 1.400E+01.00850.06028622.84500.50-.008047              7              6                    P 40      265624 9 4 1 1 1 1   632.0  648.0
151 1220.015207 1.215E-82 6.003E-01.00860.06030216.79830.50-.008050             13             12                    P 19      245624 9 4 1 1 1 1   296.0  312.0
151 1225.319441 1.122E-78 1.037E+01.00850.06029044.96680.50-.008062              9              8                    P 34      245624 9 4 1 1 1 1   536.0  552.0
151 1225.374290 5.404E-78 1.274E+01.00850.06028781.40310.50-.008062              8              7                    P 37      245624 9 4 1 1 1 1   584.0  600.0
151 1229.975272 2.155E-84 2.018E+00.04390.18931042.85200.35-.004091             15             14                    P  6      245624 9 4 1 1 1 1    88.0  104.0
151 1231.828286 4.848E-80 5.030E+00.00850.06029491.96720.50-.008076             11             10                    P 27      245624 9 4 1 1 1 1   424.0  440.0
151 1233.246908 5.377E-81 2.499E+00.00850.06029766.36180.50-.008079             12             11                    P 23      245624 9 4 1 1 1 1   360.0  376.0
151 1234.035191 3.671E-93 1.261E-01.00930.06034914.62420.50-.008081             17             15                    P 23      244523 9 4 3 2 1 4   360.0  376.0
151 1234.493158 1.129E-84 2.918E-02.01030.07230471.75310.50-.008082             14             13                    P 13      245624 9 4 1 1 1 1   200.0  216.0
151 1237.398737 3.959E-89 2.540E+01.00850.06034120.41040.50-.008089             15             14                    R 24      245624 9 4 1 1 1 1   408.0  392.0
151 1245.336746 3.772E-82 6.400E-01.00870.06029977.08840.50-.008106             13             12                    P 18      245624 9 4 1 1 1 1   280.0  296.0
151 1246.079002 2.767E-84 2.304E+00.05410.22330972.04220.46-.004274             15             14                    P  5      245624 9 4 1 1 1 1    72.0   88.0
151 1247.539778 8.272E-93 3.443E+01.00850.06036007.66020.50-.008111             13             12                    R 37      245624 9 4 1 1 1 1   616.0  600.0
151 1248.669970 9.879E-79 8.218E+00.00850.06028989.34310.50-.008114             10              9                    P 30      245624 9 4 1 1 1 1   472.0  488.0
151 1252.309362 2.235E-76 1.529E+01.00850.06028055.28310.50-.008122              7              6                    P 39      265624 9 4 1 1 1 1   616.0  632.0
151 1256.014536 2.945E-84 3.939E-02.01140.07730311.97960.50-.008130             14             13                    P 12      245624 9 4 1 1 1 1   184.0  200.0
151 1257.032469 1.097E-77 1.132E+01.00850.06028577.23680.50-.008133              9              8                    P 33      245624 9 4 1 1 1 1   520.0  536.0
151 1257.953761 6.735E-77 1.388E+01.00850.06028263.67180.50-.008135              8              7                    P 36      245624 9 4 1 1 1 1   568.0  584.0
151 1258.573150 7.916E-91 3.143E+01.00850.06035012.10860.50-.008136             14             13                    R 31      245624 9 4 1 1 1 1   520.0  504.0
151 1260.622469 2.272E-80 2.704E+00.00860.06029467.73470.50-.008141             12             11                    P 22      245624 9 4 1 1 1 1   344.0  360.0
151 1260.850354 1.203E-88 2.508E+01.00850.06033873.23530.50-.008141             15             14                    R 23      245624 9 4 1 1 1 1   392.0  376.0
151 1261.007542 2.765E-79 5.475E+00.00850.06029133.72740.50-.008141             11             10                    P 26      245624 9 4 1 1 1 1   408.0  424.0
151 1261.360708 3.233E-84 2.659E+00.06440.24930912.89310.61-.004456             15             14                    P  4      245624 9 4 1 1 1 1    56.0   72.0
151 1270.012069 1.091E-81 6.718E-01.00880.06029748.46020.50-.008162             13             12                    P 17      245624 9 4 1 1 1 1   264.0  280.0
151 1274.497841 8.033E-75 1.741E+01.00850.06027348.34710.50-.008172              6              5                    P 41      365624 9 4 1 1 1 1   648.0  664.0
151 1275.811836 3.352E-84 3.136E+00.07240.25330865.48180.71-.002438             15             14                    P  3      245624 9 4 1 1 1 1    40.0   56.0
151 1276.537214 1.616E-93 1.482E+00.00930.06035652.32180.50-.008176             15             13                    P 33      244523 9 4 3 2 1 4   520.0  536.0
151 1276.825677 7.346E-84 5.410E-02.01320.08730163.77300.50-.008177             14             13                    P 11      245624 9 4 1 1 1 1   168.0  184.0
151 1278.939799 7.186E-78 8.927E+00.00850.06028581.24780.50-.008182             10              9                    P 29      245624 9 4 1 1 1 1   456.0  472.0
151 1281.563890 3.508E-88 2.450E+01.00850.06033633.06030.50-.008188             15             14                    R 22      245624 9 4 1 1 1 1   376.0  360.0
151 1285.315150 3.402E-75 1.661E+01.00850.06027496.08790.50-.008196              7              6                    P 38      265624 9 4 1 1 1 1   600.0  616.0
151 1287.409792 9.025E-80 2.899E+00.00860.06029179.90790.50-.008201             12             11                    P 21      245624 9 4 1 1 1 1   328.0  344.0
151 1288.295029 1.019E-76 1.228E+01.00850.06028118.85460.50-.008203              9              8                    P 32      245624 9 4 1 1 1 1   504.0  520.0
151 1289.422118 2.923E-84 3.915E+00.07990.24030829.86970.69-.000819             15             14                    P  2      245624 9 4 1 1 1 1    24.0   40.0
151 1289.646526 1.490E-78 5.916E+00.00850.06028785.82660.50-.008206             11             10                    P 25      245624 9 4 1 1 1 1   392.0  408.0
151 1290.129643 8.002E-76 1.505E+01.00850.06027754.83710.50-.008207              8              7                    P 35      245624 9 4 1 1 1 1   552.0  568.0
151 1292.934934 8.400E-93 8.854E-01.00930.06035167.57020.50-.008213             16             14                    P 28      244523 9 4 3 2 1 4   440.0  456.0
151 1294.047852 2.934E-81 6.944E-01.00890.06129531.16880.50-.008215             13             12                    P 16      245624 9 4 1 1 1 1   248.0  264.0
151 1296.179837 3.408E-90 3.202E+01.00850.06034697.11260.50-.008220             14             13                    R 30      245624 9 4 1 1 1 1   504.0  488.0
151 1296.926939 1.729E-83 7.480E-02.01600.09430027.30950.15-.005965             14             13                    P 10      245624 9 4 1 1 1 1   152.0  168.0
151 1299.814854 9.799E-88 2.373E+01.00860.06033400.37190.50-.008228             15             14                    R 21      245624 9 4 1 1 1 1   360.0  344.0
151 1302.179607 1.808E-84 6.598E+00.08920.22230806.10280.65-.003499             15             14                    P  1      245624 9 4 1 1 1 1     8.0   24.0
151 1302.607911 4.756E-92 3.688E+01.00850.06035638.90550.50-.008235             13             12                    R 36      245624 9 4 1 1 1 1   600.0  584.0
151 1307.928081 1.491E-73 1.879E+01.00850.06026747.35500.50-.008247              6              5                    P 40      365624 9 4 1 1 1 1   632.0  648.0
151 1308.722154 4.949E-77 9.638E+00.00850.06028183.24500.50-.008248             10              9                    P 28      245624 9 4 1 1 1 1   440.0  456.0
151 1313.617581 3.365E-79 3.081E+00.00860.06028903.18070.50-.008259             12             11                    P 20      245624 9 4 1 1 1 1   312.0  328.0
151 1315.825351 2.618E-87 2.280E+01.00860.06033175.61570.50-.008264             15             14                    R 20      245624 9 4 1 1 1 1   344.0  328.0
151 1316.316996 3.803E-83 1.033E-01.02020.11029902.74920.14-.005350             14             13                    P  9      245624 9 4 1 1 1 1   136.0  152.0
151 1317.448565 7.330E-81 7.070E-01.00920.06329325.45310.50-.008268             13             12                    P 15      245624 9 4 1 1 1 1   232.0  248.0
151 1317.755776 7.567E-78 6.349E+00.00850.06028448.60610.50-.008269             11             10                    P 24      245624 9 4 1 1 1 1   376.0  392.0
151 1317.969770 4.941E-74 1.794E+01.00850.06026945.70200.50-.008269              7              6                    P 37      265624 9 4 1 1 1 1   584.0  600.0
151 1319.103927 2.409E-92 3.486E-01.00940.06034700.18670.50-.008272             17             15                    P 22      244523 9 4 3 2 1 4   344.0  360.0
151 1319.120101 8.993E-76 1.325E+01.00850.06027670.22300.50-.008272              9              8                    P 31      245624 9 4 1 1 1 1   488.0  504.0
151 1321.914275 9.050E-75 1.623E+01.00850.06027255.32260.50-.008278              8              7                    P 34      245624 9 4 1 1 1 1   536.0  552.0
151 1322.937826 5.933E-94 2.927E+00.00930.06036007.66020.50-.008280             14             12                    P 37      244523 9 4 3 2 1 4   584.0  600.0
151 1325.080094 2.330E-84 2.770E+00.08940.22230794.21170.740.004542             15             14                    R  0      245624 9 4 1 1 1 1    24.0    8.0
151 1326.305247 7.381E-95 3.901E+00.00930.06036515.85070.50-.008288             13             11                    P 41      244523 9 4 3 2 1 4   648.0  664.0
151 1329.462957 1.420E-89 3.204E+01.00850.06034386.63640.50-.008295             14             13                    R 29      245624 9 4 1 1 1 1   488.0  472.0
151 1329.777961 6.676E-87 2.175E+01.00860.06032959.20180.50-.008296             15             14                    R 19      245624 9 4 1 1 1 1   328.0  312.0
151 1334.992631 7.750E-83 1.421E-01.02640.12629790.23700.13-.004836             14             13                    P  8      245624 9 4 1 1 1 1   120.0  136.0
151 1335.190823 4.853E-84 3.724E+00.07930.23830806.10280.76-.000537             15             14                    R  1      245624 9 4 1 1 1 1    40.0   24.0
151 1338.027379 3.223E-76 1.034E+01.00850.06027795.70010.50-.008314             10              9                    P 27      245624 9 4 1 1 1 1   424.0  440.0
151 1339.251963 1.176E-78 3.248E+00.00860.06028637.83640.50-.008317             12             11                    P 19      245624 9 4 1 1 1 1   296.0  312.0
151 1340.216726 1.697E-80 7.090E-01.00960.06629131.53640.50-.008319             13             12                    P 14      245624 9 4 1 1 1 1   216.0  232.0
151 1341.056909 2.644E-72 2.019E+01.00850.06026155.03100.50-.008321              6              5                    P 39      365624 9 4 1 1 1 1   616.0  632.0
151 1341.825214 1.623E-86 2.061E+01.00860.06032751.50800.50-.008323             15             14                    R 18      245624 9 4 1 1 1 1   312.0  296.0
151 1344.384132 7.156E-84 4.463E+00.07180.24730829.86970.72-.001315             15             14                    R  2      245624 9 4 1 1 1 1    56.0   40.0
151 1345.343349 3.619E-77 6.770E+00.00850.06028122.39140.50-.008330             11             10                    P 23      245624 9 4 1 1 1 1   360.0  376.0
151 1349.517892 7.519E-75 1.422E+01.00850.06027231.72990.50-.008340              9              8                    P 30      245624 9 4 1 1 1 1   472.0  488.0
151 1350.113731 2.652E-91 3.810E+01.00850.06035271.81210.50-.008341             13             12                    R 35      245624 9 4 1 1 1 1   584.0  568.0
151 1350.282807 6.836E-73 1.930E+01.00850.06026404.55430.50-.008341              7              6                    P 36      265624 9 4 1 1 1 1   568.0  584.0
151 1352.096212 3.753E-86 1.943E+01.00870.06032552.88340.50-.008346             15             14                    R 17      245624 9 4 1 1 1 1   296.0  280.0
151 1352.639426 8.851E-84 5.167E+00.06240.24130865.48180.71-.001992             15             14                    R  3      245624 9 4 1 1 1 1    72.0   56.0
151 1352.949457 1.453E-82 1.939E-01.03370.15729689.90260.25-.004320             14             13                    P  7      245624 9 4 1 1 1 1   104.0  120.0
151 1353.317248 9.724E-74 1.741E+01.00850.06026765.53740.50-.008348              8              7                    P 33      245624 9 4 1 1 1 1   520.0  536.0
151 1359.080819 5.715E-89 3.160E+01.00850.06034081.40060.50-.008361             14             13                    R 28      245624 9 4 1 1 1 1   472.0  456.0
151 1359.884711 1.172E-70 2.096E+01.00850.06025387.47020.50-.008363              5              4                    P 41      365624 9 4 1 1 1 1   648.0  664.0
151 1359.934164 9.685E-84 5.888E+00.05370.21830912.89310.58-.004369             15             14                    R  4      245624 9 4 1 1 1 1    88.0   72.0
151 1360.701793 8.244E-86 1.821E+01.00880.06032363.65000.50-.008365             15             14                    R 16      245624 9 4 1 1 1 1   280.0  264.0
151 1362.353103 3.636E-80 6.998E-01.01030.07228949.62640.50-.008368             13             12                    P 13      245624 9 4 1 1 1 1   200.0  216.0
151 1364.317135 3.849E-78 3.397E+00.00870.06028384.14300.50-.008373             12             11                    P 18      245624 9 4 1 1 1 1   280.0  296.0
151 1366.243709 9.602E-84 6.645E+00.04300.18730972.04220.35-.006945             15             14                    R  5      245624 9 4 1 1 1 1   104.0   88.0
151 1366.863428 1.980E-75 1.104E+01.00850.06027418.96320.50-.008379             10              9                    P 26      245624 9 4 1 1 1 1   408.0  424.0
151 1367.737603 1.717E-85 1.699E+01.00890.06032184.10560.50-.008381             15             14                    R 15      245624 9 4 1 1 1 1   264.0  248.0
151 1370.181576 2.491E-82 2.625E-01.04390.18929601.86060.35-.004405             14             13                    P  6      245624 9 4 1 1 1 1    88.0  104.0
151 1371.541162 8.736E-84 7.450E+00.03300.15431042.85200.40-.008520             15             14                    R  6      245624 9 4 1 1 1 1   120.0  104.0
151 1372.415049 1.628E-76 7.175E+00.00860.06027807.49280.50-.008391             11             10                    P 22      245624 9 4 1 1 1 1   344.0  360.0
151 1373.287290 3.388E-85 1.577E+01.00920.06232014.52490.50-.008393             15             14                    R 14      245624 9 4 1 1 1 1   248.0  232.0
151 1373.892749 4.472E-71 2.160E+01.00850.06025571.80930.50-.008394              6              5                    P 38      365624 9 4 1 1 1 1   600.0  616.0
151 1375.797032 7.351E-84 8.307E+00.02560.12331125.22960.29-.008894             15             14                    R  7      245624 9 4 1 1 1 1   136.0  120.0
151 1377.424464 6.317E-85 1.457E+01.00960.06531855.16090.50-.008402             15             14                    R 13      245624 9 4 1 1 1 1   232.0  216.0
151 1378.979353 5.752E-84 9.219E+00.01990.10631219.06620.30-.009168             15             14                    R  8      245624 9 4 1 1 1 1   152.0  136.0
151 1379.496175 5.947E-74 1.519E+01.00850.06026803.74880.50-.008407              9              8                    P 29      245624 9 4 1 1 1 1   456.0  472.0
151 1380.214358 1.111E-84 1.341E+01.01030.07031706.24630.50-.008409             15             14                    R 12      245624 9 4 1 1 1 1   216.0  200.0
151 1381.052879 4.201E-84 1.019E+01.01570.09731324.23650.35-.008941             15             14                    R  9      245624 9 4 1 1 1 1   168.0  152.0
151 1381.715145 1.843E-84 1.229E+01.01130.07531567.99410.50-.008412             15             14                    R 11      245624 9 4 1 1 1 1   200.0  184.0
151 1381.978986 2.872E-84 1.121E+01.01300.08531440.59870.50-.008412             15             14                    R 10      245624 9 4 1 1 1 1   184.0  168.0
151 1382.261691 8.990E-72 2.066E+01.00850.06025873.06090.50-.008413              7              6                    P 35      265624 9 4 1 1 1 1   552.0  568.0
151 1383.856900 7.183E-80 6.795E-01.01140.07728779.91610.50-.008417             13             12                    P 12      245624 9 4 1 1 1 1   184.0  200.0
151 1384.345783 9.910E-73 1.861E+01.00850.06026285.87720.50-.008418              8              7                    P 32      245624 9 4 1 1 1 1   504.0  520.0
151 1385.515055 2.219E-88 3.079E+01.00850.06033782.05520.50-.008420             14             13                    R 27      245624 9 4 1 1 1 1   456.0  440.0
151 1386.681785 3.868E-82 3.532E-01.05410.22329526.21130.46-.004588             14             13                    P  5      245624 9 4 1 1 1 1    72.0   88.0
151 1388.815488 1.178E-77 3.527E+00.00880.06028142.35330.50-.008428             12             11                    P 17      245624 9 4 1 1 1 1   264.0  280.0
151 1389.645446 5.113E-92 1.744E+00.00930.06034898.32460.50-.008430             16             14                    P 27      244523 9 4 3 2 1 4   424.0  440.0
151 1391.082193 1.267E-92 2.981E+00.00930.06035330.81740.50-.008433             15             13                    P 32      244523 9 4 3 2 1 4   504.0  520.0
151 1391.871047 1.439E-90 3.843E+01.00850.06034907.40550.50-.008435             13             12                    R 34      245624 9 4 1 1 1 1   568.0  552.0
151 1393.265127 2.431E-69 2.235E+01.00850.06024761.76590.50-.008438              5              4                    P 40      365624 9 4 1 1 1 1   632.0  648.0
151 1394.274747 1.088E-91 6.685E-01.00940.06034491.44110.50-.008440             17             15                    P 21      244523 9 4 3 2 1 4   328.0  344.0
151 1395.236147 1.147E-74 1.173E+01.00850.06027053.36990.50-.008442             10              9                    P 25      245624 9 4 1 1 1 1   392.0  408.0
151 1398.975066 6.876E-76 7.560E+00.00860.06027504.20560.50-.008451             11             10                    P 21      245624 9 4 1 1 1 1   328.0  344.0
151 1402.441649 5.368E-82 4.742E-01.06440.24929463.04010.61-.004772             14             13                    P  4      245624 9 4 1 1 1 1    56.0   72.0
151 1404.725903 1.305E-79 6.482E-01.01320.08728622.58360.50-.008463             13             12                    P 11      245624 9 4 1 1 1 1   168.0  184.0
151 1406.441942 7.200E-70 2.303E+01.00850.06024998.11240.50-.008467              6              5                    P 37      365624 9 4 1 1 1 1   584.0  600.0
151 1409.060577 4.443E-73 1.616E+01.00850.06026386.63950.50-.008473              9              8                    P 28      245624 9 4 1 1 1 1   440.0  456.0
151 1409.132942 8.290E-88 2.970E+01.00850.06033489.19160.50-.008473             14             13                    R 26      245624 9 4 1 1 1 1   440.0  424.0
151 1412.747808 3.365E-77 3.634E+00.00890.06127912.70530.50-.008481             12             11                    P 16      245624 9 4 1 1 1 1   248.0  264.0
151 1413.911964 1.122E-70 2.203E+01.00850.06025351.62540.50-.008484              7              6                    P 34      265624 9 4 1 1 1 1   536.0  552.0
151 1415.005057 9.561E-72 1.980E+01.00850.06025816.72490.50-.008486              8              7                    P 31      245624 9 4 1 1 1 1   488.0  504.0
151 1417.451545 6.502E-82 6.422E-01.07240.25329412.41810.71-.002755             14             13                    P  3      245624 9 4 1 1 1 1    40.0   56.0
151 1422.421803 4.056E-92 4.410E+01.00850.06035688.20080.50-.008503             12             11                    R 39      245624 9 4 1 1 1 1   648.0  632.0
151 1423.149509 6.252E-74 1.240E+01.00850.06026699.24190.50-.008505             10              9                    P 24      245624 9 4 1 1 1 1   376.0  392.0
151 1424.956609 2.170E-79 6.066E-01.01600.09428477.79260.15-.006251             13             12                    P 10      245624 9 4 1 1 1 1   152.0  168.0
151 1425.025542 2.723E-75 7.922E+00.00860.06027212.81090.50-.008509             11             10                    P 20      245624 9 4 1 1 1 1   312.0  328.0
151 1426.403602 4.805E-68 2.374E+01.00850.06024145.40570.50-.008512              5              4                    P 39      365624 9 4 1 1 1 1   616.0  632.0
151 1428.977170 7.593E-90 3.805E+01.00850.06034546.58360.50-.008518             13             12                    R 33      245624 9 4 1 1 1 1   552.0  536.0
151 1430.223115 2.975E-87 2.840E+01.00850.06033203.35180.50-.008521             14             13                    R 25      245624 9 4 1 1 1 1   424.0  408.0
151 1431.700704 6.518E-82 9.099E-01.07990.24029374.40210.69-.001137             14             13                    P  2      245624 9 4 1 1 1 1    24.0   40.0
151 1436.113447 8.961E-77 3.718E+00.00920.06327695.42290.50-.008534             12             11                    P 15      245624 9 4 1 1 1 1   232.0  248.0
151 1438.214836 3.130E-72 1.711E+01.00850.06025980.74830.50-.008538              9              8                    P 27      245624 9 4 1 1 1 1   424.0  440.0
151 1438.708946 1.101E-68 2.446E+01.00850.06024434.35190.50-.008540              6              5                    P 36      365624 9 4 1 1 1 1   568.0  584.0
151 1442.612601 2.613E-66 2.262E+01.00850.06023319.15330.50-.008548              4              3                    P 41      365624 9 4 1 1 1 1   648.0  664.0
151 1443.131121 5.319E-93 5.343E+00.00930.06035638.90550.50-.008549             14             12                    P 36      244523 9 4 3 2 1 4   568.0  584.0
151 1444.544401 3.288E-79 5.554E-01.02020.11028345.69270.14-.005638             13             12                    P  9      245624 9 4 1 1 1 1   136.0  152.0
151 1445.177229 4.564E-82 1.722E+00.08920.22229349.03450.65-.003819             14             13                    P  1      245624 9 4 1 1 1 1     8.0   24.0
151 1445.237495 1.327E-69 2.340E+01.00850.06024840.63970.50-.008554              7              6                    P 33      265624 9 4 1 1 1 1   520.0  536.0
151 1445.298466 8.718E-71 2.099E+01.00850.06025358.45040.50-.008554              8              7                    P 30      245624 9 4 1 1 1 1   472.0  488.0
151 1449.017876 1.023E-86 2.693E+01.00850.06032925.03480.50-.008563             14             13                    R 24      245624 9 4 1 1 1 1   408.0  392.0
151 1450.567273 1.010E-74 8.257E+00.00860.06026933.57580.50-.008566             11             10                    P 19      245624 9 4 1 1 1 1   296.0  312.0
151 1450.605906 3.202E-73 1.305E+01.00850.06026356.88680.50-.008566             10              9                    P 23      245624 9 4 1 1 1 1   360.0  376.0
151 1456.188766 8.019E-94 6.998E+00.00930.06036101.89840.50-.008579             13             11                    P 40      244523 9 4 3 2 1 4   632.0  648.0
151 1458.910474 2.221E-76 3.776E+00.00960.06627490.71600.50-.008585             12             11                    P 14      245624 9 4 1 1 1 1   216.0  232.0
151 1459.302399 9.035E-67 2.514E+01.00850.06023538.81000.50-.008586              5              4                    P 38      365624 9 4 1 1 1 1   600.0  616.0
151 1462.176212 3.888E-89 3.714E+01.00850.06034190.14560.50-.008592             13             12                    R 32      245624 9 4 1 1 1 1   536.0  520.0
151 1462.450768 4.047E-91 1.074E+00.00940.06034288.97970.50-.008593             17             15                    P 20      244523 9 4 3 2 1 4   312.0  328.0
151 1463.483357 4.509E-79 4.961E-01.02640.12628226.41920.13-.005123             13             12                    P  8      245624 9 4 1 1 1 1   120.0  136.0
151 1465.707836 3.368E-86 2.536E+01.00850.06032654.70260.50-.008600             14             13                    R 23      245624 9 4 1 1 1 1   392.0  376.0
151 1466.961017 2.076E-71 1.804E+01.00850.06025586.40890.50-.008603              9              8                    P 26      245624 9 4 1 1 1 1   408.0  424.0
151 1469.209810 2.759E-91 4.422E+01.00850.06035275.92200.50-.008608             12             11                    R 38      245624 9 4 1 1 1 1   632.0  616.0
151 1469.759191 7.243E-82 8.854E-01.08940.22229336.34360.740.004218             14             13                    R  0      245624 9 4 1 1 1 1    24.0    8.0
151 1470.696509 1.598E-67 2.589E+01.00850.06023880.92890.50-.008611              6              5                    P 35      365624 9 4 1 1 1 1   552.0  568.0
151 1474.652717 2.531E-91 2.789E+00.00930.06034633.57490.50-.008620             16             14                    P 26      244523 9 4 3 2 1 4   408.0  424.0
151 1475.227852 7.502E-70 2.217E+01.00850.06024911.41160.50-.008621              8              7                    P 29      245624 9 4 1 1 1 1   456.0  472.0
151 1475.599709 3.502E-74 8.562E+00.00870.06026666.75360.50-.008622             11             10                    P 18      245624 9 4 1 1 1 1   280.0  296.0
151 1476.129364 6.056E-65 2.390E+01.00850.06022669.27630.50-.008623              4              3                    P 40      365624 9 4 1 1 1 1   632.0  648.0
151 1476.240653 1.483E-68 2.476E+01.00850.06024340.48420.50-.008624              7              6                    P 32      265624 9 4 1 1 1 1   504.0  520.0
151 1477.605946 1.539E-72 1.367E+01.00860.06026026.59960.50-.008627             10              9                    P 22      245624 9 4 1 1 1 1   344.0  360.0
151 1480.451939 1.058E-85 2.373E+01.00850.06032392.78330.50-.008633             14             13                    R 22      245624 9 4 1 1 1 1   376.0  360.0
151 1480.835205 1.643E-81 1.301E+00.07930.23829349.03450.76-.000863             14             13                    R  1      245624 9 4 1 1 1 1    40.0   24.0
151 1481.135797 5.116E-76 3.808E+00.01030.07227298.78030.50-.008635             12             11                    P 13      245624 9 4 1 1 1 1   200.0  216.0
151 1481.766800 5.544E-79 4.303E-01.03370.15728120.09390.25-.004609             13             12                    P  7      245624 9 4 1 1 1 1   104.0  120.0
151 1489.617587 8.131E-92 4.812E+00.00930.06035012.10860.50-.008654             15             13                    P 31      244523 9 4 3 2 1 4   488.0  504.0
151 1491.079692 2.608E-81 1.692E+00.07180.24729374.40210.72-.001643             14             13                    R  2      245624 9 4 1 1 1 1    56.0   40.0
151 1491.962312 1.613E-65 2.655E+01.00850.06022942.38960.50-.008659              5              4                    P 37      365624 9 4 1 1 1 1   584.0  600.0
151 1492.006281 1.927E-88 3.582E+01.00850.06033838.81110.50-.008659             13             12                    R 31      245624 9 4 1 1 1 1   520.0  504.0
151 1493.384561 3.167E-85 2.205E+01.00860.06032139.67580.50-.008662             14             13                    R 21      245624 9 4 1 1 1 1   360.0  344.0
151 1495.299706 1.295E-70 1.896E+01.00850.06025203.94210.50-.008666              9              8                    P 25      245624 9 4 1 1 1 1   392.0  408.0
151 1499.387006 6.034E-79 3.601E-01.04390.18928026.82430.35-.004694             13             12                    P  6      245624 9 4 1 1 1 1    88.0  104.0
151 1500.121085 1.134E-73 8.835E+00.00880.06026412.58420.50-.008677             11             10                    P 17      245624 9 4 1 1 1 1   264.0  280.0
151 1500.474973 3.436E-81 2.112E+00.06240.24129412.41810.71-.002323             14             13                    R  3      245624 9 4 1 1 1 1    72.0   56.0
151 1502.405838 2.194E-66 2.732E+01.00850.06023338.23390.50-.008682              6              5                    P 34      365624 9 4 1 1 1 1   536.0  552.0
151 1502.785273 1.093E-75 3.813E+00.01140.07727119.79830.50-.008683             12             11                    P 12      245624 9 4 1 1 1 1   184.0  200.0
151 1504.149258 6.928E-72 1.426E+01.00860.06025708.66160.50-.008686             10              9                    P 21      245624 9 4 1 1 1 1   328.0  344.0
151 1504.620672 9.017E-85 2.038E+01.00860.06031895.75120.50-.008687             14             13                    R 20      245624 9 4 1 1 1 1   344.0  328.0
151 1504.793689 6.080E-69 2.334E+01.00850.06024475.95460.50-.008688              8              7                    P 28      245624 9 4 1 1 1 1   440.0  456.0
151 1506.922444 1.566E-67 2.612E+01.00850.06023851.52790.50-.008692              7              6                    P 31      265624 9 4 1 1 1 1   488.0  504.0
151 1509.002084 3.966E-81 2.580E+00.05370.21829463.04010.58-.004703             14             13                    R  4      245624 9 4 1 1 1 1    88.0   72.0
151 1509.443476 1.334E-63 2.519E+01.00850.06022029.36650.50-.008698              4              3                    P 39      365624 9 4 1 1 1 1   616.0  632.0
151 1510.809085 1.834E-90 4.349E+01.00850.06034866.07140.50-.008701             12             11                    R 37      245624 9 4 1 1 1 1   616.0  600.0
151 1514.259672 2.437E-84 1.872E+01.00860.06031661.35600.50-.008709             14             13                    R 19      245624 9 4 1 1 1 1   328.0  312.0
151 1516.335365 5.701E-79 2.881E-01.05410.22327946.70480.46-.004879             13             12                    P  5      245624 9 4 1 1 1 1    72.0   88.0
151 1516.640698 4.108E-81 3.105E+00.04300.18729526.21130.35-.007282             14             13                    R  5      245624 9 4 1 1 1 1   104.0   88.0
151 1518.873312 9.229E-88 3.419E+01.00850.06033493.23530.50-.008719             13             12                    R 30      245624 9 4 1 1 1 1   504.0  488.0
151 1522.388255 6.242E-84 1.711E+01.00860.06031436.81350.50-.008727             14             13                    R 18      245624 9 4 1 1 1 1   312.0  296.0
151 1523.230177 7.578E-70 1.984E+01.00850.06024833.65670.50-.008729              9              8                    P 24      245624 9 4 1 1 1 1   376.0  392.0
151 1523.369023 3.871E-81 3.695E+00.03300.15429601.86060.40-.008860             14             13                    R  6      245624 9 4 1 1 1 1   120.0  104.0
151 1523.406443 8.726E-62 2.176E+01.00850.06021145.86990.50-.008729              3              2                    P 41      465624 9 4 1 1 1 1   648.0  664.0
151 1523.853799 2.160E-75 3.791E+00.01320.08726953.93880.50-.008730             12             11                    P 11      245624 9 4 1 1 1 1   168.0  184.0
151 1524.128545 3.425E-73 9.073E+00.00890.06126171.29440.50-.008731             11             10                    P 16      245624 9 4 1 1 1 1   248.0  264.0
151 1524.382850 2.730E-64 2.795E+01.00850.06022356.54600.50-.008731              5              4                    P 36      365624 9 4 1 1 1 1   568.0  584.0
151 1525.051198 1.320E-90 1.552E+00.00940.06034093.33330.50-.008733             17             15                    P 19      244523 9 4 3 2 1 4   296.0  312.0
151 1529.082877 1.512E-83 1.555E+01.00870.06031222.42520.50-.008742             14             13                    R 17      245624 9 4 1 1 1 1   296.0  280.0
151 1529.163682 3.346E-81 4.356E+00.02560.12329689.90260.29-.009238             14             13                    R  7      245624 9 4 1 1 1 1   136.0  120.0
151 1530.234114 2.919E-71 1.482E+01.00860.06025403.34160.50-.008745             10              9                    P 20      245624 9 4 1 1 1 1   312.0  328.0
151 1532.602417 4.531E-79 2.173E-01.06440.24927879.81570.61-.005063             13             12                    P  4      245624 9 4 1 1 1 1    56.0   72.0
151 1533.836748 2.847E-65 2.874E+01.00850.06022806.64750.50-.008753              6              5                    P 33      365624 9 4 1 1 1 1   520.0  536.0
151 1533.995236 4.635E-68 2.448E+01.00850.06024052.41370.50-.008753              8              7                    P 27      245624 9 4 1 1 1 1   424.0  440.0
151 1533.999437 2.668E-81 5.093E+00.01990.10629790.23700.30-.009515             14             13                    R  8      245624 9 4 1 1 1 1   152.0  136.0
151 1534.411117 3.460E-83 1.405E+01.00880.06031018.47220.50-.008754             14             13                    R 16      245624 9 4 1 1 1 1   280.0  264.0
151 1537.282635 1.558E-66 2.746E+01.00850.06023374.12900.50-.008760              7              6                    P 30      265624 9 4 1 1 1 1   472.0  488.0
151 1537.849468 1.970E-81 5.910E+00.01570.09729902.74920.35-.009292             14             13                    R  9      245624 9 4 1 1 1 1   168.0  152.0
151 1538.433388 7.464E-83 1.263E+01.00890.06030825.21660.50-.008763             14             13                    R 15      245624 9 4 1 1 1 1   264.0  248.0
151 1540.684564 1.352E-81 6.811E+00.01300.08530027.30950.50-.008768             14             13                    R 10      245624 9 4 1 1 1 1   184.0  168.0
151 1541.203943 1.515E-82 1.129E+01.00920.06230642.90170.50-.008769             14             13                    R 14      245624 9 4 1 1 1 1   248.0  232.0
151 1542.473239 8.650E-82 7.798E+00.01130.07530163.77300.50-.008772             14             13                    R 11      245624 9 4 1 1 1 1   200.0  184.0
151 1542.553887 2.790E-62 2.648E+01.00850.06021399.83570.50-.008772              4              3                    P 38      365624 9 4 1 1 1 1   600.0  616.0
151 1542.771775 2.890E-82 1.004E+01.00960.06530471.75310.50-.008773             14             13                    R 13      245624 9 4 1 1 1 1   232.0  216.0
151 1543.093765 4.259E-87 3.233E+01.00850.06033154.01880.50-.008773             13             12                    R 29      245624 9 4 1 1 1 1   488.0  472.0
151 1543.181355 5.168E-82 8.874E+00.01030.07030311.97960.50-.008774             14             13                    R 12      245624 9 4 1 1 1 1   216.0  200.0
151 1544.335478 3.944E-75 3.741E+00.01600.09426801.35730.15-.006519             12             11                    P 10      245624 9 4 1 1 1 1   152.0  168.0
151 1546.504384 4.054E-92 8.079E+00.00930.06035271.81210.50-.008781             14             12                    P 35      244523 9 4 3 2 1 4   552.0  568.0
151 1547.618240 9.631E-73 9.273E+00.00920.06325943.09770.50-.008783             11             10                    P 15      245624 9 4 1 1 1 1   232.0  248.0
151 1548.119870 1.189E-89 4.213E+01.00850.06034459.54030.50-.008785             12             11                    R 36      245624 9 4 1 1 1 1   600.0  584.0
151 1548.177892 2.863E-79 1.512E-01.07240.25327826.22420.71-.003048             13             12                    P  3      245624 9 4 1 1 1 1    40.0   56.0
151 1550.750446 4.158E-69 2.070E+01.00850.06024475.84920.50-.008791              9              8                    P 23      245624 9 4 1 1 1 1   360.0  376.0
151 1551.752856 1.110E-90 3.992E+00.00930.06034374.05270.50-.008793             16             14                    P 25      244523 9 4 3 2 1 4   392.0  408.0
151 1555.857710 1.149E-70 1.534E+01.00860.06025110.89580.50-.008802             10              9                    P 19      245624 9 4 1 1 1 1   296.0  312.0
151 1556.562389 4.369E-63 2.935E+01.00850.06021781.67150.50-.008804              5              4                    P 35      365624 9 4 1 1 1 1   552.0  568.0
151 1557.193824 2.261E-60 2.284E+01.00850.06020472.17270.50-.008805              3              2                    P 40      465624 9 4 1 1 1 1   632.0  648.0
151 1562.830667 3.318E-67 2.560E+01.00850.06023641.11150.50-.008818              8              7                    P 26      245624 9 4 1 1 1 1   408.0  424.0
151 1563.050730 1.278E-79 9.422E-02.07990.24027785.98370.69-.001432             13             12                    P  2      245624 9 4 1 1 1 1    24.0   40.0
151 1564.223316 6.628E-75 3.666E+00.02020.11026662.19600.14-.005906             12             11                    P  9      245624 9 4 1 1 1 1   136.0  152.0
151 1564.920512 1.889E-86 3.032E+01.00850.06032821.71590.50-.008822             13             12                    R 28      245624 9 4 1 1 1 1   472.0  456.0
151 1564.987804 3.484E-64 3.016E+01.00850.06022286.54010.50-.008822              6              5                    P 32      365624 9 4 1 1 1 1   504.0  520.0
151 1566.999165 7.533E-93 1.045E+01.00930.06035688.20080.50-.008827             13             11                    P 39      244523 9 4 3 2 1 4   616.0  632.0
151 1567.319857 1.458E-65 2.878E+01.00850.06022908.63480.50-.008828              7              6                    P 29      265624 9 4 1 1 1 1   456.0  472.0
151 1569.773181 2.615E-91 4.896E+00.00930.06034700.18670.50-.008833             17             15                    R 22      244523 9 4 3 2 1 4   376.0  360.0
151 1570.585427 2.518E-72 9.434E+00.00960.06625728.19490.50-.008835             11             10                    P 14      245624 9 4 1 1 1 1   216.0  232.0
151 1575.458524 5.526E-61 2.776E+01.00850.06020781.08750.50-.008846              4              3                    P 37      365624 9 4 1 1 1 1   584.0  600.0
151 1577.209099 2.881E-80 5.695E-02.08920.22227759.13450.65-.004115             13             12                    P  1      245624 9 4 1 1 1 1     8.0   24.0
151 1577.617309 4.615E-91 6.850E+00.00930.06034697.11260.50-.008851             15             13                    P 30      244523 9 4 3 2 1 4   472.0  488.0
151 1577.857795 2.135E-68 2.152E+01.00860.06024130.80380.50-.008851              9              8                    P 22      245624 9 4 1 1 1 1   344.0  360.0
151 1581.016270 4.220E-70 1.582E+01.00870.06024831.56790.50-.008858             10              9                    P 18      245624 9 4 1 1 1 1   280.0  296.0
151 1581.777239 7.500E-89 4.031E+01.00850.06034057.12830.50-.008860             12             11                    R 35      245624 9 4 1 1 1 1   584.0  568.0
151 1582.949180 3.890E-90 2.084E+00.00950.06033904.97960.50-.008863             17             15                    P 18      244523 9 4 3 2 1 4   280.0  296.0
151 1583.509897 1.022E-74 3.565E+00.02640.12626536.58400.13-.005392             12             11                    P  8      245624 9 4 1 1 1 1   120.0  136.0
151 1584.559772 8.036E-86 2.822E+01.00850.06032496.84080.50-.008866             13             12                    R 27      245624 9 4 1 1 1 1   456.0  440.0
151 1588.498300 6.603E-62 3.075E+01.00850.06021218.14920.50-.008875              5              4                    P 34      365624 9 4 1 1 1 1   536.0  552.0
151 1590.810399 5.554E-59 2.392E+01.00850.06019809.02530.50-.008880              3              2                    P 39      465624 9 4 1 1 1 1   616.0  632.0
151 1591.297178 2.227E-66 2.669E+01.00850.06023242.35950.50-.008881              8              7                    P 25      245624 9 4 1 1 1 1   392.0  408.0
151 1593.024537 6.109E-72 9.554E+00.01030.07225526.77380.50-.008885             11             10                    P 13      245624 9 4 1 1 1 1   200.0  216.0
151 1595.856446 4.016E-63 3.156E+01.00850.06021778.27260.50-.008892              6              5                    P 31      365624 9 4 1 1 1 1   488.0  504.0
151 1597.031695 1.283E-64 3.008E+01.00850.06022455.38200.50-.008894              7              6                    P 28      265624 9 4 1 1 1 1   440.0  456.0
151 1602.182598 3.271E-85 2.607E+01.00850.06032179.87260.50-.008906             13             12                    R 26      245624 9 4 1 1 1 1   440.0  424.0
151 1602.186974 1.439E-74 3.442E+00.03370.15726424.63740.25-.004879             12             11                    P  7      245624 9 4 1 1 1 1   104.0  120.0
151 1602.913989 4.150E-57 1.791E+01.00850.06018869.25870.50-.008907              2              1                    P 41      465624 9 4 1 1 1 1   648.0  664.0
151 1603.331279 2.559E-81 1.633E-03.08940.22227745.70320.740.003919             13             12                    R  0      245624 9 4 1 1 1 1    24.0    8.0
151 1604.548204 1.025E-67 2.231E+01.00860.06023798.79340.50-.008911              9              8                    P 21      245624 9 4 1 1 1 1   328.0  344.0
151 1605.705135 1.444E-69 1.626E+01.00880.06024565.58930.50-.008914             10              9                    P 17      245624 9 4 1 1 1 1   264.0  280.0
151 1608.154373 1.035E-59 2.905E+01.00850.06020173.51710.50-.008919              4              3                    P 36      365624 9 4 1 1 1 1   568.0  584.0
151 1612.251980 4.589E-88 3.814E+01.00850.06033659.56010.50-.008928             12             11                    R 34      245624 9 4 1 1 1 1   568.0  552.0
151 1614.929256 1.374E-71 9.633E+00.01140.07725339.00960.50-.008934             11             10                    P 12      245624 9 4 1 1 1 1   184.0  200.0
151 1615.267586 5.616E-80 2.329E-02.07930.23827759.13450.76-.001164             13             12                    R  1      245624 9 4 1 1 1 1    40.0   24.0
151 1617.932938 1.271E-84 2.391E+01.00850.06031871.25860.50-.008941             13             12                    R 25      245624 9 4 1 1 1 1   424.0  408.0
151 1619.391082 1.400E-65 2.775E+01.00850.06022856.45800.50-.008944              8              7                    P 24      245624 9 4 1 1 1 1   376.0  392.0
151 1620.187056 9.406E-61 3.213E+01.00850.06020666.35310.50-.008946              5              4                    P 33      365624 9 4 1 1 1 1   520.0  536.0
151 1620.245642 1.840E-74 3.300E+00.04390.18926326.45910.35-.004965             12             11                    P  6      245624 9 4 1 1 1 1    88.0  104.0
151 1622.769412 4.460E-90 5.329E+00.00930.06034120.41040.50-.008952             16             14                    P 24      244523 9 4 3 2 1 4   376.0  392.0
151 1624.252528 1.291E-57 2.501E+01.00850.06019156.83500.50-.008955              3              2                    P 38      465624 9 4 1 1 1 1   600.0  616.0
151 1626.414776 1.058E-63 3.136E+01.00850.06022014.69670.50-.008960              7              6                    P 27      265624 9 4 1 1 1 1   424.0  440.0
151 1626.434392 2.250E-79 7.700E-02.07180.24727785.98370.72-.001947             13             12                    R  2      245624 9 4 1 1 1 1    56.0   40.0
151 1626.439110 4.352E-62 3.294E+01.00850.06021282.19570.50-.008960              6              5                    P 30      365624 9 4 1 1 1 1   472.0  488.0
151 1629.918854 4.598E-69 1.664E+01.00890.06124313.17890.50-.008968             10              9                    P 16      245624 9 4 1 1 1 1   248.0  264.0
151 1630.816977 4.590E-67 2.305E+01.00860.06023480.07890.50-.008970              9              8                    P 20      245624 9 4 1 1 1 1   312.0  328.0
151 1631.933447 4.704E-84 2.179E+01.00850.06031571.41830.50-.008972             13             12                    R 24      245624 9 4 1 1 1 1   408.0  392.0
151 1636.292580 2.857E-71 9.671E+00.01320.08725165.06470.50-.008982             11             10                    P 11      245624 9 4 1 1 1 1   168.0  184.0
151 1636.746562 1.052E-89 2.655E+00.00960.06033724.35180.50-.008983             17             15                    P 17      244523 9 4 3 2 1 4   264.0  280.0
151 1636.815939 5.172E-79 1.695E-01.06240.24127826.22420.71-.002629             13             12                    R  3      245624 9 4 1 1 1 1    72.0   56.0
151 1637.088193 1.202E-55 1.870E+01.00850.06018171.93710.50-.008984              2              1                    P 40      465624 9 4 1 1 1 1   632.0  648.0
151 1637.676376 2.117E-74 3.145E+00.05410.22326242.13930.46-.005151             12             11                    P  5      245624 9 4 1 1 1 1    72.0   88.0
151 1639.100708 2.807E-91 1.101E+01.00930.06034907.40550.50-.008988             14             12                    P 34      244523 9 4 3 2 1 4   536.0  552.0
151 1639.906066 2.716E-87 3.574E+01.00850.06033267.49940.50-.008990             12             11                    R 33      245624 9 4 1 1 1 1   552.0  536.0
151 1640.637557 1.827E-58 3.032E+01.00850.06019577.51160.50-.008992              4              3                    P 35      365624 9 4 1 1 1 1   552.0  568.0
151 1644.289777 1.655E-83 1.971E+01.00850.06031280.74510.50-.009000             13             12                    R 23      245624 9 4 1 1 1 1   392.0  376.0
151 1646.395613 8.734E-79 3.075E-01.05370.21827879.81570.58-.005010             13             12                    R  4      245624 9 4 1 1 1 1    88.0   72.0
151 1647.107882 8.223E-65 2.877E+01.00850.06022483.69590.50-.009006              8              7                    P 23      245624 9 4 1 1 1 1   360.0  376.0
151 1651.624318 1.261E-59 3.350E+01.00850.06020126.64820.50-.009016              5              4                    P 32      365624 9 4 1 1 1 1   504.0  520.0
151 1653.651252 1.360E-68 1.698E+01.00920.06324074.54370.50-.009021             10              9                    P 15      245624 9 4 1 1 1 1   232.0  248.0
151 1654.469058 2.159E-74 2.990E+00.06440.24926171.75510.61-.005336             12             11                    P  4      245624 9 4 1 1 1 1    56.0   72.0
151 1655.093816 5.521E-83 1.772E+01.00850.06030999.60870.50-.009024             13             12                    R 22      245624 9 4 1 1 1 1   376.0  360.0
151 1655.155888 1.194E-78 4.975E-01.04300.18727946.70480.35-.007592             13             12                    R  5      245624 9 4 1 1 1 1   104.0   88.0
151 1655.464861 8.174E-63 3.260E+01.00850.06021586.89470.50-.009025              7              6                    P 26      265624 9 4 1 1 1 1   408.0  424.0
151 1655.610766 1.262E-89 4.438E+01.00850.06034446.28760.50-.009025             11             10                    R 39      245624 9 4 1 1 1 1   648.0  632.0
151 1656.658661 1.916E-66 2.374E+01.00860.06023174.90930.50-.009028              9              8                    P 19      245624 9 4 1 1 1 1   296.0  312.0
151 1656.731333 4.426E-61 3.429E+01.00850.06020798.65060.50-.009028              6              5                    P 29      365624 9 4 1 1 1 1   456.0  472.0
151 1657.106942 5.482E-71 9.667E+00.01600.09425005.08910.15-.006772             11             10                    P 10      245624 9 4 1 1 1 1   152.0  168.0
151 1657.218376 6.249E-91 4.936E+00.00940.06034491.44110.50-.009029             17             15                    R 21      244523 9 4 3 2 1 4   360.0  344.0
151 1657.515750 2.837E-56 2.608E+01.00850.06018516.00140.50-.009030              3              2                    P 37      465624 9 4 1 1 1 1   584.0  600.0
151 1658.197591 2.418E-90 9.071E+00.00930.06034386.63640.50-.009031             15             13                    P 29      244523 9 4 3 2 1 4   456.0  472.0
151 1663.078274 1.387E-78 7.466E-01.03300.15428026.82430.40-.009173             13             12                    R  6      245624 9 4 1 1 1 1   120.0  104.0
151 1664.426165 1.744E-82 1.581E+01.00860.06030728.35720.50-.009045             13             12                    R 21      245624 9 4 1 1 1 1   360.0  344.0
151 1665.025299 1.551E-86 3.319E+01.00850.06032881.55830.50-.009046             12             11                    R 32      245624 9 4 1 1 1 1   536.0  520.0
151 1665.591356 6.472E-92 1.404E+01.00930.06035275.92200.50-.009048             13             11                    P 38      244523 9 4 3 2 1 4   600.0  616.0
151 1670.143235 1.408E-78 1.062E+00.02560.12328120.09390.29-.009554             13             12                    R  7      245624 9 4 1 1 1 1   136.0  120.0
151 1670.613002 1.904E-74 2.862E+00.07240.25326115.37070.71-.003322             12             11                    P  3      245624 9 4 1 1 1 1    40.0   56.0
151 1671.115702 3.293E-54 1.950E+01.00850.06017485.71930.50-.009060              2              1                    P 39      465624 9 4 1 1 1 1   616.0  632.0
151 1672.358023 5.202E-82 1.401E+01.00860.06030467.31780.50-.009063             13             12                    R 20      245624 9 4 1 1 1 1   344.0  328.0
151 1672.903397 3.040E-57 3.159E+01.00850.06018993.44970.50-.009064              4              3                    P 34      365624 9 4 1 1 1 1   536.0  552.0
151 1674.442347 4.509E-64 2.975E+01.00860.06022124.35110.50-.009068              8              7                    P 22      245624 9 4 1 1 1 1   344.0  360.0
151 1676.330006 1.273E-78 1.450E+00.01990.10628226.41920.30-.009834             13             12                    R  8      245624 9 4 1 1 1 1   152.0  136.0
151 1676.895496 3.733E-68 1.727E+01.00960.06623849.87830.50-.009073             10              9                    P 14      245624 9 4 1 1 1 1   216.0  232.0
151 1677.363950 9.685E-71 9.624E+00.02020.11024859.22010.14-.006159             11             10                    P  9      245624 9 4 1 1 1 1   136.0  152.0
151 1678.952933 1.463E-81 1.232E+01.00860.06030216.79830.50-.009078             13             12                    R 19      245624 9 4 1 1 1 1   328.0  312.0
151 1681.616836 1.036E-78 1.918E+00.01570.09728345.69270.35-.009614             13             12                    R  9      245624 9 4 1 1 1 1   168.0  152.0
151 1681.672464 2.378E-52 1.073E+01.00850.06016490.26470.50-.009084              1              0                    P 41      465624 9 4 1 1 1 1   648.0  664.0
151 1682.067121 7.444E-66 2.439E+01.00870.06022883.52210.50-.009085              9              8                    P 18      245624 9 4 1 1 1 1   280.0  296.0
151 1682.805008 1.587E-58 3.485E+01.00850.06019599.39070.50-.009086              5              4                    P 31      365624 9 4 1 1 1 1   488.0  504.0
151 1684.176805 5.904E-62 3.381E+01.00850.06021172.28120.50-.009089              7              6                    P 25      265624 9 4 1 1 1 1   392.0  408.0
151 1684.267624 3.869E-81 1.075E+01.00860.06029977.08840.50-.009090             13             12                    R 18      245624 9 4 1 1 1 1   312.0  296.0
151 1685.980400 7.656E-79 2.473E+00.01300.08528477.79260.50-.009093             13             12                    R 10      245624 9 4 1 1 1 1   184.0  168.0
151 1686.096975 1.374E-74 2.853E+00.07990.24026073.03750.69-.001707             12             11                    P  2      245624 9 4 1 1 1 1    24.0   40.0
151 1686.727846 4.218E-60 3.563E+01.00850.06020327.96890.50-.009095              6              5                    P 28      365624 9 4 1 1 1 1   440.0  456.0
151 1686.882596 2.631E-89 3.248E+00.00970.06133551.84320.50-.009095             17             15                    P 16      244523 9 4 3 2 1 4   248.0  264.0
151 1687.840642 8.522E-86 3.057E+01.00850.06032502.30490.50-.009098             12             11                    R 31      245624 9 4 1 1 1 1   520.0  504.0
151 1688.353309 9.603E-81 9.306E+00.00870.06029748.46020.50-.009099             13             12                    R 17      245624 9 4 1 1 1 1   296.0  280.0
151 1688.773607 1.666E-89 6.770E+00.00930.06033873.23530.50-.009100             16             14                    P 23      244523 9 4 3 2 1 4   360.0  376.0
151 1689.395930 5.177E-79 3.122E+00.01130.07528622.58360.50-.009101             13             12                    R 11      245624 9 4 1 1 1 1   200.0  184.0
151 1690.088876 9.804E-89 4.171E+01.00850.06033998.11190.50-.009103             11             10                    R 38      245624 9 4 1 1 1 1   632.0  616.0
151 1690.594847 5.877E-55 2.716E+01.00850.06017886.91680.50-.009104              3              2                    P 36      465624 9 4 1 1 1 1   568.0  584.0
151 1691.256390 2.232E-80 7.981E+00.00880.06029531.16880.50-.009105             13             12                    R 16      245624 9 4 1 1 1 1   280.0  264.0
151 1691.836981 3.217E-79 3.872E+00.01030.07028779.91610.50-.009107             13             12                    R 12      245624 9 4 1 1 1 1   216.0  200.0
151 1693.019134 4.849E-80 6.778E+00.00890.06029325.45310.50-.009109             13             12                    R 15      245624 9 4 1 1 1 1   264.0  248.0
151 1693.275226 1.846E-79 4.727E+00.00960.06528949.62640.50-.009110             13             12                    R 13      245624 9 4 1 1 1 1   232.0  216.0
151 1693.680224 9.814E-80 5.695E+00.00920.06229131.53640.50-.009111             13             12                    R 14      245624 9 4 1 1 1 1   248.0  232.0
151 1697.054949 1.570E-70 9.544E+00.02640.12624727.58240.13-.005647             11             10                    P  8      245624 9 4 1 1 1 1   120.0  136.0
151 1699.644160 9.490E-68 1.751E+01.01030.07223639.36540.50-.009124             10              9                    P 13      245624 9 4 1 1 1 1   200.0  216.0
151 1700.909203 6.818E-75 3.769E+00.08920.22226044.79400.65-.004392             12             11                    P  1      245624 9 4 1 1 1 1     8.0   24.0
151 1701.388565 2.305E-63 3.068E+01.00860.06021778.69030.50-.009128              8              7                    P 21      245624 9 4 1 1 1 1   328.0  344.0
151 1704.946479 4.755E-56 3.284E+01.00850.06018421.70180.50-.009136              4              3                    P 33      365624 9 4 1 1 1 1   520.0  536.0
151 1704.990873 8.518E-53 2.029E+01.00850.06016811.01050.50-.009136              2              1                    P 38      465624 9 4 1 1 1 1   600.0  616.0
151 1707.035602 2.688E-65 2.498E+01.00880.06022606.14330.50-.009141              9              8                    P 17      245624 9 4 1 1 1 1   264.0  280.0
151 1708.542092 4.492E-85 2.792E+01.00850.06032130.26900.50-.009144             12             11                    R 30      245624 9 4 1 1 1 1   504.0  488.0
151 1712.544898 3.982E-61 3.498E+01.00850.06020771.15100.50-.009153              7              6                    P 24      265624 9 4 1 1 1 1   376.0  392.0
151 1713.723374 1.873E-57 3.618E+01.00850.06019084.92730.50-.009156              5              4                    P 30      365624 9 4 1 1 1 1   472.0  488.0
151 1716.170668 2.326E-70 9.434E+00.03370.15724610.28850.25-.005134             11             10                    P  7      245624 9 4 1 1 1 1   104.0  120.0
151 1716.324652 7.701E-51 1.117E+01.00850.06015769.39460.50-.009161              1              0                    P 40      465624 9 4 1 1 1 1   632.0  648.0
151 1716.422658 3.760E-59 3.693E+01.00850.06019870.47200.50-.009162              6              5                    P 27      365624 9 4 1 1 1 1   424.0  440.0
151 1721.508425 7.404E-88 3.880E+01.00850.06033554.41360.50-.009173             11             10                    R 37      245624 9 4 1 1 1 1   616.0  600.0
151 1721.889274 2.231E-67 1.770E+01.01140.07723443.17540.50-.009174             10              9                    P 12      245624 9 4 1 1 1 1   184.0  200.0
151 1723.302881 1.235E-91 6.017E+00.00930.06034898.32460.50-.009177             16             14                    R 27      244523 9 4 3 2 1 4   456.0  440.0
151 1723.483905 1.146E-53 2.822E+01.00850.06017269.96580.50-.009177              3              2                    P 35      465624 9 4 1 1 1 1   552.0  568.0
151 1724.098152 1.823E-90 1.410E+01.00930.06034546.58360.50-.009179             14             12                    P 33      244523 9 4 3 2 1 4   520.0  536.0
151 1727.288337 2.266E-84 2.531E+01.00850.06031765.94700.50-.009186             12             11                    R 29      245624 9 4 1 1 1 1   488.0  472.0
151 1727.940005 1.097E-62 3.157E+01.00860.06021446.96930.50-.009187              8              7                    P 20      245624 9 4 1 1 1 1   312.0  328.0
151 1728.468689 5.114E-75 9.084E-01.08940.22226030.66580.740.003638             12             11                    R  0      245624 9 4 1 1 1 1    24.0    8.0
151 1730.310918 1.336E-90 4.501E+00.00940.06034288.97970.50-.009193             17             15                    R 20      244523 9 4 3 2 1 4   344.0  328.0
151 1731.556787 9.008E-65 2.551E+01.00890.06122342.98690.50-.009196              9              8                    P 16      245624 9 4 1 1 1 1   248.0  264.0
151 1732.945985 1.188E-89 1.144E+01.00930.06034081.40060.50-.009199             15             13                    P 28      244523 9 4 3 2 1 4   440.0  456.0
151 1733.689649 6.127E-89 3.846E+00.01000.06333387.81220.50-.009200             17             15                    P 15      244523 9 4 3 2 1 4   232.0  248.0
151 1734.701368 3.131E-70 9.302E+00.04390.18924507.43800.35-.005221             11             10                    P  6      245624 9 4 1 1 1 1    88.0  104.0
151 1736.760705 6.979E-55 3.408E+01.00850.06017862.63000.50-.009207              4              3                    P 32      365624 9 4 1 1 1 1   504.0  520.0
151 1738.707412 2.077E-51 2.108E+01.00850.06016148.20940.50-.009212              2              1                    P 37      465624 9 4 1 1 1 1   584.0  600.0
151 1740.562650 2.504E-60 3.610E+01.00850.06020383.78840.50-.009216              7              6                    P 23      265624 9 4 1 1 1 1   360.0  376.0
151 1741.189753 7.641E-75 8.851E-01.07930.23826044.79400.76-.001446             12             11                    R  1      245624 9 4 1 1 1 1    40.0   24.0
151 1743.622466 4.841E-67 1.783E+01.01320.08723261.46670.50-.009223             10              9                    P 11      245624 9 4 1 1 1 1   168.0  184.0
151 1744.213649 1.091E-83 2.275E+01.00850.06031409.80510.50-.009224             12             11                    R 28      245624 9 4 1 1 1 1   472.0  456.0
151 1744.373037 2.070E-56 3.749E+01.00850.06018583.59580.50-.009224              5              4                    P 29      365624 9 4 1 1 1 1   456.0  472.0
151 1745.809130 3.131E-58 3.820E+01.00850.06019426.47200.50-.009227              6              5                    P 26      365624 9 4 1 1 1 1   408.0  424.0
151 1750.204919 5.418E-87 3.574E+01.00850.06033115.86640.50-.009237             11             10                    R 36      245624 9 4 1 1 1 1   600.0  584.0
151 1750.487220 5.827E-89 8.285E+00.00940.06033633.06030.50-.009238             16             14                    P 22      244523 9 4 3 2 1 4   344.0  360.0
151 1750.848755 2.354E-49 1.160E+01.00850.06015060.16180.50-.009239              1              0                    P 39      465624 9 4 1 1 1 1   616.0  632.0
151 1752.636865 3.799E-70 9.167E+00.05410.22324419.11830.46-.005408             11             10                    P  5      245624 9 4 1 1 1 1    72.0   88.0
151 1753.186671 7.668E-75 7.379E-01.07180.24726073.03750.72-.002231             12             11                    R  2      245624 9 4 1 1 1 1    56.0   40.0
151 1754.089559 4.851E-62 3.240E+01.00860.06021129.43260.50-.009246              8              7                    P 19      245624 9 4 1 1 1 1   296.0  312.0
151 1755.622851 2.798E-64 2.600E+01.00920.06322094.25550.50-.009249              9              8                    P 15      245624 9 4 1 1 1 1   232.0  248.0
151 1755.854474 5.256E-91 1.775E+01.00930.06034866.07140.50-.009250             13             11                    P 37      244523 9 4 3 2 1 4   584.0  600.0
151 1756.176375 2.099E-52 2.928E+01.00850.06016665.52540.50-.009251              3              2                    P 34      465624 9 4 1 1 1 1   536.0  552.0
151 1757.552577 5.965E-92 1.940E+01.00930.06035353.07000.50-.009254             12             10                    P 41      244523 9 4 3 2 1 4   648.0  664.0
151 1759.432910 5.005E-83 2.029E+01.00850.06031062.28300.50-.009258             12             11                    R 27      245624 9 4 1 1 1 1   456.0  440.0
151 1764.444980 6.037E-75 5.623E-01.06240.24126115.37070.71-.002915             12             11                    R  3      245624 9 4 1 1 1 1    72.0   56.0
151 1764.834585 9.677E-67 1.792E+01.01600.09423094.38560.15-.007013             10              9                    P 10      245624 9 4 1 1 1 1   152.0  168.0
151 1768.222958 1.466E-59 3.718E+01.00860.06020010.46730.50-.009278              7              6                    P 22      265624 9 4 1 1 1 1   344.0  360.0
151 1768.339348 9.597E-54 3.530E+01.00850.06017316.58790.50-.009278              4              3                    P 31      365624 9 4 1 1 1 1   488.0  504.0
151 1769.966558 4.100E-70 9.064E+00.06440.24924345.40420.61-.005595             11             10                    P  4      245624 9 4 1 1 1 1    56.0   72.0
151 1772.258429 4.762E-50 2.187E+01.00850.06015497.70730.50-.009287              2              1                    P 36      465624 9 4 1 1 1 1   568.0  584.0
151 1773.045382 2.180E-82 1.795E+01.00850.06030723.79550.50-.009288             12             11                    R 26      245624 9 4 1 1 1 1   440.0  424.0
151 1774.747141 2.138E-55 3.877E+01.00850.06018095.72490.50-.009292              5              4                    P 28      365624 9 4 1 1 1 1   440.0  456.0
151 1774.880037 2.432E-57 3.943E+01.00850.06018996.27090.50-.009293              6              5                    P 25      365624 9 4 1 1 1 1   392.0  408.0
151 1774.949639 3.838E-75 3.892E-01.05370.21826171.75510.58-.005298             12             11                    R  4      245624 9 4 1 1 1 1    88.0   72.0
151 1776.445567 3.830E-86 3.263E+01.00850.06032683.09480.50-.009296             11             10                    R 35      245624 9 4 1 1 1 1   584.0  568.0
151 1777.425774 1.331E-88 4.436E+00.01050.06633232.58540.50-.009298             17             15                    P 14      244523 9 4 3 2 1 4   216.0  232.0
151 1779.225497 8.044E-64 2.642E+01.00960.06621860.13990.50-.009302              9              8                    P 14      245624 9 4 1 1 1 1   216.0  232.0
151 1779.829596 1.992E-61 3.318E+01.00870.06020826.31370.50-.009304              8              7                    P 18      245624 9 4 1 1 1 1   280.0  296.0
151 1784.684995 1.926E-75 2.353E-01.04300.18726242.13930.35-.007882             12             11                    R  5      245624 9 4 1 1 1 1   104.0   88.0
151 1785.137586 8.993E-82 1.573E+01.00850.06030394.73500.50-.009316             12             11                    R 25      245624 9 4 1 1 1 1   424.0  408.0
151 1785.237612 6.778E-48 1.203E+01.00850.06014362.97170.50-.009316              1              0                    P 38      465624 9 4 1 1 1 1   600.0  616.0
151 1785.516433 1.777E-66 1.795E+01.02020.11022942.06600.14-.006401             10              9                    P  9      245624 9 4 1 1 1 1   136.0  152.0
151 1786.679447 3.839E-70 9.086E+00.07240.25324286.35810.71-.003582             11             10                    P  3      245624 9 4 1 1 1 1    40.0   56.0
151 1788.665051 3.605E-51 3.032E+01.00850.06016073.96490.50-.009323              3              2                    P 33      465624 9 4 1 1 1 1   520.0  536.0
151 1792.382538 2.514E-90 3.682E+00.00940.06034093.33330.50-.009332             17             15                    R 19      244523 9 4 3 2 1 4   328.0  312.0
151 1793.634754 6.973E-76 1.123E-01.03300.15426326.45910.40-.009465             12             11                    R  6      245624 9 4 1 1 1 1   120.0  104.0
151 1795.518164 7.978E-59 3.822E+01.00860.06019651.45110.50-.009339              7              6                    P 21      265624 9 4 1 1 1 1   328.0  344.0
151 1795.785529 3.506E-81 1.366E+01.00850.06030075.47310.50-.009339             12             11                    R 24      245624 9 4 1 1 1 1   408.0  392.0
151 1799.675100 1.234E-52 3.650E+01.00850.06016783.92070.50-.009348              4              3                    P 30      365624 9 4 1 1 1 1   472.0  488.0
151 1800.447749 2.607E-85 2.952E+01.00850.06032256.68050.50-.009350             11             10                    R 34      245624 9 4 1 1 1 1   568.0  552.0
151 1801.781927 1.329E-76 3.073E-02.02560.12326424.63740.29-.009849             12             11                    R  7      245624 9 4 1 1 1 1   136.0  120.0
151 1802.356005 2.137E-63 2.678E+01.01030.07221640.81940.50-.009354              9              8                    P 13      245624 9 4 1 1 1 1   200.0  216.0
151 1802.764149 2.955E-70 9.568E+00.07990.24024242.02980.69-.001968             11             10                    P  2      245624 9 4 1 1 1 1    24.0   40.0
151 1802.856441 5.511E-89 1.391E+01.00930.06033782.05520.50-.009355             15             13                    P 27      244523 9 4 3 2 1 4   424.0  440.0
151 1803.146788 1.122E-89 1.733E+01.00930.06034190.14560.50-.009356             14             12                    P 32      244523 9 4 3 2 1 4   504.0  520.0
151 1803.627540 1.759E-56 4.062E+01.00850.06018580.16080.50-.009357              6              5                    P 24      365624 9 4 1 1 1 1   376.0  392.0
151 1804.837955 2.060E-54 4.002E+01.00850.06017621.63410.50-.009360              5              4                    P 27      365624 9 4 1 1 1 1   424.0  440.0
151 1805.056474 1.288E-80 1.175E+01.00850.06029766.36180.50-.009360             12             11                    R 23      245624 9 4 1 1 1 1   392.0  376.0
151 1805.151997 7.581E-61 3.390E+01.00880.06020537.83490.50-.009360              8              7                    P 17      245624 9 4 1 1 1 1   264.0  280.0
151 1805.636476 1.025E-48 2.265E+01.00850.06014859.88890.50-.009361              2              1                    P 35      465624 9 4 1 1 1 1   552.0  568.0
151 1805.658284 2.990E-66 1.795E+01.02640.12622804.63020.13-.005890             10              9                    P  8      245624 9 4 1 1 1 1   120.0  136.0
151 1808.430180 1.918E-88 9.848E+00.00940.06033400.37190.50-.009368             16             14                    P 21      244523 9 4 3 2 1 4   328.0  344.0
151 1809.108786 1.002E-79 3.600E-05.01990.10626536.58400.30-.010131             12             11                    R  8      245624 9 4 1 1 1 1   152.0  136.0
151 1813.010348 4.446E-80 9.991E+00.00850.06029467.73470.50-.009378             12             11                    R 22      245624 9 4 1 1 1 1   376.0  360.0
151 1815.596661 4.922E-77 2.968E-02.01570.09726662.19600.35-.009914             12             11                    R  9      245624 9 4 1 1 1 1   168.0  152.0
151 1818.208913 1.577E-70 1.349E+01.08920.22224212.45690.65-.004655             11             10                    P  1      245624 9 4 1 1 1 1     8.0   24.0
151 1818.294546 2.703E-88 5.004E+00.01120.07233086.46060.50-.009390             17             15                    P 13      244523 9 4 3 2 1 4   200.0  216.0
151 1819.483532 1.835E-46 1.246E+01.00850.06013678.22380.50-.009392              1              0                    P 37      465624 9 4 1 1 1 1   584.0  600.0
151 1819.700822 1.438E-79 8.392E+00.00860.06029179.90790.50-.009393             12             11                    R 21      245624 9 4 1 1 1 1   360.0  344.0
151 1820.942402 5.797E-50 3.135E+01.00850.06015495.64550.50-.009396              3              2                    P 32      465624 9 4 1 1 1 1   504.0  520.0
151 1821.226327 1.184E-76 1.290E-01.01300.08526801.35730.50-.009396             12             11                    R 10      245624 9 4 1 1 1 1   184.0  168.0
151 1822.390680 1.704E-84 2.647E+01.00850.06031837.16940.50-.009399             11             10                    R 33      245624 9 4 1 1 1 1   552.0  536.0
151 1822.440097 4.031E-58 3.919E+01.00860.06019306.99250.50-.009399              7              6                    P 20      265624 9 4 1 1 1 1   312.0  328.0
151 1825.005261 5.236E-63 2.709E+01.01140.07721436.46150.50-.009405              9              8                    P 12      245624 9 4 1 1 1 1   184.0  200.0
151 1825.176511 4.343E-79 6.952E+00.00860.06028903.18070.50-.009405             12             11                    R 20      245624 9 4 1 1 1 1   344.0  328.0
151 1825.250055 4.591E-66 1.792E+01.03370.15722682.18790.25-.005378             10              9                    P  7      245624 9 4 1 1 1 1   104.0  120.0
151 1825.977299 1.453E-76 3.074E-01.01130.07526953.93880.50-.009407             12             11                    R 11      245624 9 4 1 1 1 1   200.0  184.0
151 1826.930276 3.492E-91 5.473E+00.00930.06034633.57490.50-.009409             16             14                    R 26      244523 9 4 3 2 1 4   440.0  424.0
151 1829.481273 1.221E-78 5.669E+00.00860.06028637.83640.50-.009415             12             11                    R 19      245624 9 4 1 1 1 1   328.0  312.0
151 1829.828100 1.304E-76 5.742E-01.01030.07027119.79830.50-.009416             12             11                    R 12      245624 9 4 1 1 1 1   216.0  200.0
151 1830.048198 2.671E-60 3.456E+01.00890.06120264.20730.50-.009416              8              7                    P 16      245624 9 4 1 1 1 1   248.0  264.0
151 1830.760042 1.482E-51 3.768E+01.00850.06016264.96500.50-.009418              4              3                    P 29      365624 9 4 1 1 1 1   456.0  472.0
151 1832.043604 1.183E-55 4.177E+01.00850.06018178.42370.50-.009421              6              5                    P 23      365624 9 4 1 1 1 1   360.0  376.0
151 1832.655220 3.179E-78 4.538E+00.00860.06028384.14300.50-.009422             12             11                    R 18      245624 9 4 1 1 1 1   312.0  296.0
151 1832.756052 9.559E-77 9.387E-01.00960.06527298.78030.50-.009422             12             11                    R 13      245624 9 4 1 1 1 1   232.0  216.0
151 1834.637666 1.850E-53 4.124E+01.00850.06017161.63320.50-.009426              5              4                    P 26      365624 9 4 1 1 1 1   408.0  424.0
151 1834.735125 7.632E-78 3.553E+00.00870.06028142.35330.50-.009427             12             11                    R 17      245624 9 4 1 1 1 1   296.0  280.0
151 1834.737134 6.025E-77 1.410E+00.00920.06227490.71600.50-.009427             12             11                    R 14      245624 9 4 1 1 1 1   248.0  232.0
151 1835.745817 3.355E-77 1.997E+00.00890.06027695.42290.50-.009429             12             11                    R 15      245624 9 4 1 1 1 1   264.0  248.0
151 1835.754869 1.679E-77 2.709E+00.00880.06027912.70530.50-.009429             12             11                    R 16      245624 9 4 1 1 1 1   280.0  264.0
151 1838.833507 2.068E-47 2.342E+01.00850.06014235.13130.50-.009436              2              1                    P 34      465624 9 4 1 1 1 1   536.0  552.0
151 1839.736200 4.079E-90 2.155E+01.00930.06034459.54030.50-.009438             13             11                    P 36      244523 9 4 3 2 1 4   568.0  584.0
151 1842.424549 1.066E-83 2.352E+01.00850.06031425.07490.50-.009444             11             10                    R 32      245624 9 4 1 1 1 1   536.0  520.0
151 1844.281337 6.395E-66 1.787E+01.04390.18922574.83690.35-.005467             10              9                    P  6      245624 9 4 1 1 1 1    88.0  104.0
151 1846.450869 4.266E-90 2.790E+00.00940.06033904.97960.50-.009453             17             15                    R 18      244523 9 4 3 2 1 4   312.0  296.0
151 1846.923604 5.820E-91 2.349E+01.00930.06034898.20830.50-.009454             12             10                    P 40      244523 9 4 3 2 1 4   632.0  648.0
151 1847.129803 1.412E-70 3.869E+00.08940.22224197.66420.740.003372             11             10                    R  0      245624 9 4 1 1 1 1    24.0    8.0
151 1847.163882 1.182E-62 2.733E+01.01320.08721247.22180.50-.009454              9              8                    P 11      245624 9 4 1 1 1 1   168.0  184.0
151 1848.980129 1.888E-57 4.012E+01.00860.06018977.33360.50-.009459              7              6                    P 19      265624 9 4 1 1 1 1   296.0  312.0
151 1850.898494 7.055E-87 3.453E+01.00850.06033047.30980.50-.009463             10              9                    R 39      245624 9 4 1 1 1 1   648.0  632.0
151 1853.000143 8.710E-49 3.237E+01.00850.06014930.92060.50-.009468              3              2                    P 31      465624 9 4 1 1 1 1   488.0  504.0
151 1853.578326 4.660E-45 1.288E+01.00850.06013006.31060.50-.009469              1              0                    P 36      465624 9 4 1 1 1 1   568.0  584.0
151 1854.509230 8.700E-60 3.516E+01.00920.06320005.63070.50-.009471              8              7                    P 15      245624 9 4 1 1 1 1   232.0  248.0
151 1856.458787 5.133E-88 5.539E+00.01240.07732949.70920.50-.009475             17             15                    P 12      244523 9 4 3 2 1 4   184.0  200.0
151 1860.119442 7.388E-55 4.287E+01.00860.06017791.33160.50-.009483              6              5                    P 22      365624 9 4 1 1 1 1   344.0  360.0
151 1860.580627 2.365E-70 4.239E+00.07930.23824212.45690.76-.001714             11             10                    R  1      245624 9 4 1 1 1 1    40.0   24.0
151 1860.676580 6.368E-83 2.071E+01.00850.06031020.88170.50-.009485             11             10                    R 31      245624 9 4 1 1 1 1   520.0  504.0
151 1861.586014 1.659E-50 3.884E+01.00850.06015760.04810.50-.009487              4              3                    P 28      365624 9 4 1 1 1 1   440.0  456.0
151 1862.741412 8.019E-66 1.785E+01.05410.22322482.66280.46-.005655             10              9                    P  5      245624 9 4 1 1 1 1    72.0   88.0
151 1862.993190 5.950E-88 1.143E+01.00940.06033175.61570.50-.009490             16             14                    P 20      244523 9 4 3 2 1 4   312.0  328.0
151 1864.137821 1.545E-52 4.242E+01.00850.06016716.02290.50-.009492              5              4                    P 25      365624 9 4 1 1 1 1   392.0  408.0
151 1868.617548 2.425E-88 1.646E+01.00930.06033489.19160.50-.009503             15             13                    P 26      244523 9 4 3 2 1 4   408.0  424.0
151 1868.821858 2.450E-62 2.753E+01.01600.09421073.24420.15-.007246              9              8                    P 10      245624 9 4 1 1 1 1   152.0  168.0
151 1871.841273 3.903E-46 2.418E+01.00850.06013623.80420.50-.009510              2              1                    P 33      465624 9 4 1 1 1 1   520.0  536.0
151 1873.340900 2.734E-70 4.096E+00.07180.24724242.02980.72-.002500             11             10                    R  2      245624 9 4 1 1 1 1    56.0   40.0
151 1875.129210 8.187E-57 4.099E+01.00870.06018662.70570.50-.009517              7              6                    P 18      265624 9 4 1 1 1 1   280.0  296.0
151 1877.255677 3.620E-82 1.805E+01.00850.06030625.04920.50-.009522             11             10                    R 30      245624 9 4 1 1 1 1   504.0  488.0
151 1877.288267 6.588E-89 2.064E+01.00930.06033838.81110.50-.009522             14             12                    P 31      244523 9 4 3 2 1 4   488.0  504.0
151 1878.447153 6.167E-86 3.100E+01.00850.06032567.84050.50-.009525             10              9                    R 38      245624 9 4 1 1 1 1   632.0  616.0
151 1878.525747 2.616E-59 3.570E+01.00960.06619762.29370.50-.009525              8              7                    P 14      245624 9 4 1 1 1 1   216.0  232.0
151 1880.619277 8.933E-66 1.793E+01.06440.24922405.73880.61-.005843             10              9                    P  4      245624 9 4 1 1 1 1    56.0   72.0
151 1884.829623 1.221E-47 3.337E+01.00850.06014380.13530.50-.009539              3              2                    P 30      465624 9 4 1 1 1 1   472.0  488.0
151 1885.397062 2.580E-70 3.777E+00.06240.24124286.35810.71-.003186             11             10                    R  3      245624 9 4 1 1 1 1    72.0   56.0
151 1887.513341 1.108E-43 1.330E+01.00850.06012347.61790.50-.009545              1              0                    P 35      465624 9 4 1 1 1 1   552.0  568.0
151 1887.845996 4.278E-54 4.392E+01.00860.06017419.14640.50-.009546              6              5                    P 21      365624 9 4 1 1 1 1   328.0  344.0
151 1889.969212 4.659E-62 2.768E+01.02020.11020914.66100.14-.006635              9              8                    P  9      245624 9 4 1 1 1 1   136.0  152.0
151 1892.049641 9.112E-88 6.029E+00.01440.08732822.57770.50-.009555             17             15                    P 11      244523 9 4 3 2 1 4   168.0  184.0
151 1892.144107 1.728E-49 3.996E+01.00850.06015269.48910.50-.009555              4              3                    P 27      365624 9 4 1 1 1 1   424.0  440.0
151 1892.255936 1.952E-81 1.556E+01.00850.06030238.01310.50-.009555             11             10                    R 29      245624 9 4 1 1 1 1   488.0  472.0
151 1893.329541 1.198E-51 4.357E+01.00850.06016285.09410.50-.009558              5              4                    P 24      365624 9 4 1 1 1 1   376.0  392.0
151 1894.032636 6.483E-90 1.954E+00.00950.06033724.35180.50-.009559             17             15                    R 17      244523 9 4 3 2 1 4   296.0  280.0
151 1896.735168 2.092E-70 3.380E+00.05370.21824345.40420.58-.005571             11             10                    R  4      245624 9 4 1 1 1 1    88.0   72.0
151 1897.903656 8.628E-66 1.830E+01.07240.25322344.12620.71-.003831             10              9                    P  3      245624 9 4 1 1 1 1    40.0   56.0
151 1900.877913 3.283E-56 4.180E+01.00880.06018363.32940.50-.009575              7              6                    P 17      265624 9 4 1 1 1 1   264.0  280.0
151 1902.088064 7.249E-59 3.617E+01.01030.07219534.37340.50-.009577              8              7                    P 13      245624 9 4 1 1 1 1   200.0  216.0
151 1903.806697 5.198E-85 2.755E+01.00850.06032094.30520.50-.009581             10              9                    R 37      245624 9 4 1 1 1 1   616.0  600.0
151 1904.650754 6.878E-45 2.493E+01.00850.06013026.26980.50-.009583              2              1                    P 32      465624 9 4 1 1 1 1   504.0  520.0
151 1905.759357 9.953E-81 1.326E+01.00850.06029860.18760.50-.009586             11             10                    R 28      245624 9 4 1 1 1 1   472.0  456.0
151 1907.340873 1.489E-70 2.945E+00.04300.18724419.11830.35-.008157             11             10                    R  5      245624 9 4 1 1 1 1   104.0   88.0
151 1910.595561 8.095E-62 2.779E+01.02640.12620771.59240.13-.006125              9              8                    P  8      245624 9 4 1 1 1 1   120.0  136.0
151 1913.917307 8.911E-91 4.505E+00.00930.06034374.05270.50-.009604             16             14                    R 25      244523 9 4 3 2 1 4   424.0  408.0
151 1914.478670 1.743E-87 1.302E+01.00940.06032959.20180.50-.009605             16             14                    P 19      244523 9 4 3 2 1 4   296.0  312.0
151 1914.583018 6.848E-66 1.968E+01.07990.24022297.87390.69-.002219             10              9                    P  2      245624 9 4 1 1 1 1    24.0   40.0
151 1915.213840 2.293E-53 4.493E+01.00860.06017062.11960.50-.009607              6              5                    P 20      365624 9 4 1 1 1 1   312.0  328.0
151 1916.421756 1.593E-46 3.434E+01.00850.06013843.62630.50-.009610              3              2                    P 29      465624 9 4 1 1 1 1   456.0  472.0
151 1916.750390 6.674E-92 6.134E+00.00930.06035012.10860.50-.009610             15             13                    R 31      244523 9 4 3 2 1 4   520.0  504.0
151 1917.199408 9.385E-71 2.497E+00.03300.15424507.43800.40-.009742             11             10                    R  6      245624 9 4 1 1 1 1   120.0  104.0
151 1917.837975 4.783E-80 1.116E+01.00850.06029491.96720.50-.009613             11             10                    R 27      245624 9 4 1 1 1 1   456.0  440.0
151 1918.432532 3.038E-89 2.540E+01.00930.06034057.12830.50-.009614             13             11                    P 35      244523 9 4 3 2 1 4   552.0  568.0
151 1921.279413 2.465E-42 1.372E+01.00850.06011702.52470.50-.009620              1              0                    P 34      465624 9 4 1 1 1 1   536.0  552.0
151 1922.203553 8.618E-51 4.467E+01.00850.06015869.12800.50-.009623              5              4                    P 23      365624 9 4 1 1 1 1   360.0  376.0
151 1922.425110 1.673E-48 4.106E+01.00850.06014793.59780.50-.009623              4              3                    P 26      365624 9 4 1 1 1 1   408.0  424.0
151 1925.173110 1.511E-87 6.468E+00.01740.09532705.28930.15-.007372             17             15                    P 10      244523 9 4 3 2 1 4   152.0  168.0
151 1925.186188 1.849E-58 3.659E+01.01140.07719322.03560.50-.009629              8              7                    P 12      245624 9 4 1 1 1 1   184.0  200.0
151 1926.216469 1.215E-55 4.254E+01.00890.06118079.41420.50-.009632              7              6                    P 16      265624 9 4 1 1 1 1   248.0  264.0
151 1926.295555 5.250E-71 2.051E+00.02560.12324610.28850.29-.010128             11             10                    R  7      245624 9 4 1 1 1 1   136.0  120.0
151 1927.148293 4.209E-84 2.425E+01.00850.06031627.26530.50-.009634             10              9                    R 36      245624 9 4 1 1 1 1   600.0  584.0
151 1928.555540 2.158E-79 9.248E+00.00850.06029133.72740.50-.009637             11             10                    R 26      245624 9 4 1 1 1 1   440.0  424.0
151 1930.592805 5.481E-90 2.757E+01.00930.06034446.28760.50-.009641             12             10                    P 39      244523 9 4 3 2 1 4   616.0  632.0
151 1930.645587 3.767E-66 2.842E+01.08920.22222267.01860.65-.004907             10              9                    P  1      245624 9 4 1 1 1 1     8.0   24.0
151 1930.690266 1.281E-61 2.787E+01.03370.15720644.14670.25-.005615              9              8                    P  7      245624 9 4 1 1 1 1   104.0  120.0
151 1930.733890 1.013E-87 1.904E+01.00930.06033203.35180.50-.009642             15             13                    P 25      244523 9 4 3 2 1 4   392.0  408.0
151 1934.613606 2.600E-71 1.621E+00.01990.10624727.58240.30-.010413             11             10                    R  8      245624 9 4 1 1 1 1   152.0  136.0
151 1936.085594 8.620E-90 1.241E+00.00960.06033551.84320.50-.009654             17             15                    R 16      244523 9 4 3 2 1 4   280.0  264.0
151 1937.252643 1.130E-43 2.567E+01.00850.06012442.88260.50-.009656              2              1                    P 31      465624 9 4 1 1 1 1   488.0  504.0
151 1937.968867 9.106E-79 7.537E+00.00850.06028785.82660.50-.009658             11             10                    R 25      245624 9 4 1 1 1 1   424.0  408.0
151 1942.137213 1.131E-71 1.219E+00.01570.09724859.22010.35-.010198             11             10                    R  9      245624 9 4 1 1 1 1   168.0  152.0
151 1942.213216 1.137E-52 4.588E+01.00860.06016720.49240.50-.009667              6              5                    P 19      365624 9 4 1 1 1 1   296.0  312.0
151 1946.128930 3.575E-78 6.021E+00.00850.06028448.60610.50-.009676             11             10                    R 24      245624 9 4 1 1 1 1   408.0  392.0
151 1947.246119 3.694E-88 2.400E+01.00930.06033493.23530.50-.009679             14             12                    P 30      244523 9 4 3 2 1 4   472.0  488.0
151 1947.767054 1.934E-45 3.530E+01.00850.06013321.72210.50-.009680              3              2                    P 28      465624 9 4 1 1 1 1   440.0  456.0
151 1947.809924 4.330E-58 3.695E+01.01320.08719125.43440.50-.009680              8              7                    P 11      245624 9 4 1 1 1 1   168.0  184.0
151 1948.615345 3.264E-83 2.111E+01.00850.06031167.25110.50-.009682             10              9                    R 35      245624 9 4 1 1 1 1   584.0  568.0
151 1948.849732 4.252E-72 8.564E-01.01300.08525005.08910.50-.009682             11             10                    R 10      245624 9 4 1 1 1 1   184.0  168.0
151 1950.242452 1.834E-61 2.797E+01.04390.18920532.42030.35-.005704              9              8                    P  6      245624 9 4 1 1 1 1    88.0  104.0
151 1950.750220 5.741E-50 4.573E+01.00860.06015468.39610.50-.009687              5              4                    P 22      365624 9 4 1 1 1 1   344.0  360.0
151 1951.134800 4.147E-55 4.323E+01.00920.06317811.15890.50-.009687              7              6                    P 15      265624 9 4 1 1 1 1   232.0  248.0
151 1952.419422 1.502E-47 4.212E+01.00850.06014332.67460.50-.009690              4              3                    P 25      365624 9 4 1 1 1 1   392.0  408.0
151 1953.081746 1.299E-77 4.696E+00.00850.06028122.39140.50-.009692             11             10                    R 23      245624 9 4 1 1 1 1   392.0  376.0
151 1954.733633 1.339E-72 5.434E-01.01130.07525165.06470.50-.009695             11             10                    R 11      245624 9 4 1 1 1 1   200.0  184.0
151 1954.867226 5.113E-41 1.413E+01.00850.06011071.40250.50-.009696              1              0                    P 33      465624 9 4 1 1 1 1   520.0  536.0
151 1955.914798 2.335E-87 6.848E+00.02200.11032598.04550.14-.006783             17             15                    P  9      244523 9 4 3 2 1 4   136.0  152.0
151 1958.869022 4.333E-77 3.556E+00.00850.06027807.49280.50-.009705             11             10                    R 22      245624 9 4 1 1 1 1   376.0  360.0
151 1959.770759 3.313E-73 2.914E-01.01030.07025339.00960.50-.009707             11             10                    R 12      245624 9 4 1 1 1 1   216.0  200.0
151 1960.872056 3.591E-66 8.642E+00.08940.22222251.58480.740.003118             10              9                    R  0      245624 9 4 1 1 1 1    24.0    8.0
151 1963.125844 4.819E-87 1.458E+01.00950.06032751.50800.50-.009714             16             14                    P 18      244523 9 4 3 2 1 4   280.0  296.0
151 1963.529135 1.315E-76 2.593E+00.00860.06027504.20560.50-.009715             11             10                    R 21      245624 9 4 1 1 1 1   360.0  344.0
151 1963.942164 5.429E-74 1.112E-01.00960.06525526.77380.50-.009716             11             10                    R 13      245624 9 4 1 1 1 1   232.0  216.0
151 1967.096976 3.581E-76 1.799E+00.00860.06027212.81090.50-.009723             11             10                    R 20      245624 9 4 1 1 1 1   344.0  328.0
151 1967.228032 2.742E-75 1.403E-02.00920.06225728.19490.50-.009723             11             10                    R 14      245624 9 4 1 1 1 1   248.0  232.0
151 1968.329333 2.416E-82 1.817E+01.00850.06030714.76540.50-.009726             10              9                    R 34      245624 9 4 1 1 1 1   568.0  552.0
151 1968.834062 5.204E-52 4.677E+01.00870.06016394.49520.50-.009727              6              5                    P 18      365624 9 4 1 1 1 1   280.0  296.0
151 1969.241029 2.361E-61 2.814E+01.05410.22320436.49780.46-.005893              9              8                    P  5      245624 9 4 1 1 1 1    72.0   88.0
151 1969.604890 8.566E-76 1.164E+00.00860.06026933.57580.50-.009729             11             10                    R 19      245624 9 4 1 1 1 1   328.0  312.0
151 1969.607566 8.052E-76 1.103E-02.00890.06025943.09770.50-.009729             11             10                    R 15      245624 9 4 1 1 1 1   264.0  248.0
151 1969.637242 1.726E-42 2.640E+01.00850.06011873.98910.50-.009729              2              1                    P 30      465624 9 4 1 1 1 1   472.0  488.0
151 1969.948551 9.296E-58 3.726E+01.01600.09418944.71250.15-.007472              8              7                    P 10      245624 9 4 1 1 1 1   152.0  168.0
151 1971.058872 2.892E-75 1.134E-01.00880.06026171.29440.50-.009732             11             10                    R 16      245624 9 4 1 1 1 1   280.0  264.0
151 1971.082861 1.736E-75 6.790E-01.00860.06026666.75360.50-.009732             11             10                    R 18      245624 9 4 1 1 1 1   312.0  296.0
151 1971.558815 2.771E-75 3.324E-01.00870.06026412.58420.50-.009733             11             10                    R 17      245624 9 4 1 1 1 1   296.0  280.0
151 1973.286153 9.546E-90 6.822E-01.00970.06033387.81220.50-.009737             17             15                    R 15      244523 9 4 3 2 1 4   264.0  248.0
151 1975.011240 6.218E-66 9.818E+00.07930.23822267.01860.76-.001970             10              9                    R  1      245624 9 4 1 1 1 1    40.0   24.0
151 1975.622552 1.303E-54 4.386E+01.00960.06617558.75090.50-.009742              7              6                    P 14      265624 9 4 1 1 1 1   216.0  232.0
151 1978.855659 2.179E-44 3.624E+01.00850.06012814.74210.50-.009749              3              2                    P 27      465624 9 4 1 1 1 1   424.0  440.0
151 1978.959566 3.537E-49 4.675E+01.00860.06015083.16000.50-.009750              5              4                    P 21      365624 9 4 1 1 1 1   328.0  344.0
151 1982.117088 1.250E-46 4.316E+01.00850.06013887.01090.50-.009757              4              3                    P 24      365624 9 4 1 1 1 1   376.0  392.0
151 1984.343428 3.357E-87 7.166E+00.02870.12632501.02660.13-.006290             17             15                    P  8      244523 9 4 3 2 1 4   120.0  136.0
151 1986.394273 1.700E-81 1.545E+01.00850.06030270.28620.50-.009766             10              9                    R 33      245624 9 4 1 1 1 1   552.0  536.0
151 1987.674706 2.693E-61 2.850E+01.06440.24920356.45150.61-.006083              9              8                    P  4      245624 9 4 1 1 1 1    56.0   72.0
151 1987.817208 1.960E-90 3.238E+00.00930.06034120.41040.50-.009770             16             14                    R 24      244523 9 4 3 2 1 4   408.0  392.0
151 1988.266788 9.879E-40 1.454E+01.00850.06010454.61580.50-.009771              1              0                    P 32      465624 9 4 1 1 1 1   504.0  520.0
151 1988.484199 7.449E-66 9.895E+00.07180.24722297.87390.72-.002758             10              9                    R  2      245624 9 4 1 1 1 1    56.0   40.0
151 1989.589390 4.021E-87 2.163E+01.00930.06032925.03480.50-.009774             15             13                    P 24      244523 9 4 3 2 1 4   376.0  392.0
151 1991.591427 1.825E-57 3.753E+01.02020.11018780.00100.14-.006863              8              7                    P  9      245624 9 4 1 1 1 1   136.0  152.0
151 1992.761683 2.175E-88 2.925E+01.00930.06033659.56010.50-.009781             13             11                    P 34      244523 9 4 3 2 1 4   536.0  552.0
151 1995.066039 2.197E-51 4.761E+01.00880.06016084.34810.50-.009786              6              5                    P 17      365624 9 4 1 1 1 1   264.0  280.0
151 1999.669119 3.764E-54 4.443E+01.01030.07217322.36650.50-.009796              7              6                    P 13      265624 9 4 1 1 1 1   200.0  216.0
151 2001.278001 7.314E-66 9.583E+00.06240.24122344.12620.71-.003445             10              9                    R  3      245624 9 4 1 1 1 1    72.0   56.0
151 2001.794485 2.451E-41 2.711E+01.00850.06011319.92760.50-.009801              2              1                    P 29      465624 9 4 1 1 1 1   456.0  472.0
151 2002.900088 1.133E-80 1.295E+01.00850.06029834.26930.50-.009803             10              9                    R 32      245624 9 4 1 1 1 1   536.0  520.0
151 2005.532008 2.659E-61 2.936E+01.07240.25320292.34190.71-.004072              9              8                    P  3      245624 9 4 1 1 1 1    40.0   56.0
151 2006.140437 7.863E-90 2.907E-01.01000.06233232.58540.50-.009811             17             15                    R 14      244523 9 4 3 2 1 4   248.0  232.0
151 2006.821303 2.012E-48 4.772E+01.00860.06014713.67100.50-.009812              5              4                    P 20      365624 9 4 1 1 1 1   312.0  328.0
151 2009.126976 1.258E-86 1.611E+01.00960.06032552.88340.50-.009817             16             14                    P 17      244523 9 4 3 2 1 4   264.0  280.0
151 2009.548268 4.990E-89 3.161E+01.00930.06033998.11190.50-.009818             12             10                    P 38      244523 9 4 3 2 1 4   600.0  616.0
151 2009.677364 2.275E-43 3.715E+01.00850.06012322.99720.50-.009818              3              2                    P 26      465624 9 4 1 1 1 1   408.0  424.0
151 2010.513581 4.472E-87 7.421E+00.03670.15032414.39310.25-.005793             17             15                    P  7      244523 9 4 3 2 1 4   104.0  120.0
151 2011.507820 9.619E-46 4.415E+01.00850.06013456.88830.50-.009823              4              3                    P 23      365624 9 4 1 1 1 1   360.0  376.0
151 2012.727488 3.267E-57 3.777E+01.02640.12618631.41920.13-.006354              8              7                    P  8      245624 9 4 1 1 1 1   120.0  136.0
151 2013.379480 6.204E-66 9.081E+00.05370.21822405.73880.58-.005833             10              9                    R  4      245624 9 4 1 1 1 1    88.0   72.0
151 2013.551435 1.979E-87 2.737E+01.00930.06033154.01880.50-.009827             14             12                    P 29      244523 9 4 3 2 1 4   456.0  472.0
151 2017.925213 7.126E-80 1.069E+01.00850.06029407.14960.50-.009837             10              9                    R 31      245624 9 4 1 1 1 1   520.0  504.0
151 2020.898553 8.538E-51 4.840E+01.00890.06115790.26030.50-.009844              6              5                    P 16      365624 9 4 1 1 1 1   248.0  264.0
151 2021.467869 1.775E-38 1.494E+01.00850.060 9852.52120.50-.009845              1              0                    P 31      465624 9 4 1 1 1 1   488.0  504.0
151 2022.801288 2.153E-61 3.191E+01.07990.24020244.21730.69-.002461              9              8                    P  2      245624 9 4 1 1 1 1    24.0   40.0
151 2023.263676 9.978E-54 4.494E+01.01140.07717102.17070.50-.009849              7              6                    P 12      265624 9 4 1 1 1 1   184.0  200.0
151 2023.567297 6.536E-84 2.159E+01.00850.06031508.54950.50-.009850              9              8                    R 39      245624 9 4 1 1 1 1   648.0  632.0
151 2024.775223 4.652E-66 8.470E+00.04300.18722482.66280.35-.008420             10              9                    R  5      245624 9 4 1 1 1 1   104.0   88.0
151 2024.787051 2.129E-91 4.872E+00.00930.06034697.11260.50-.009852             15             13                    R 30      244523 9 4 3 2 1 4   504.0  488.0
151 2031.538619 4.206E-79 8.654E+00.00850.06028989.34310.50-.009867             10              9                    R 30      245624 9 4 1 1 1 1   504.0  488.0
151 2033.345782 5.312E-57 3.800E+01.03370.15718499.07460.25-.005844              8              7                    P  7      245624 9 4 1 1 1 1   104.0  120.0
151 2033.713970 3.226E-40 2.780E+01.00850.06010781.02810.50-.009872              2              1                    P 28      465624 9 4 1 1 1 1   440.0  456.0
151 2034.324862 1.056E-47 4.864E+01.00860.06014360.17030.50-.009874              5              4                    P 19      365624 9 4 1 1 1 1   296.0  312.0
151 2034.467257 5.492E-87 7.619E+00.04780.18132338.28590.35-.005893             17             15                    P  6      244523 9 4 3 2 1 4    88.0  104.0
151 2035.041242 3.320E-90 6.637E-02.01050.06533086.46060.50-.009875             17             15                    R 13      244523 9 4 3 2 1 4   232.0  216.0
151 2035.451559 3.121E-66 7.790E+00.03300.15422574.83690.40-.010007             10              9                    R  6      245624 9 4 1 1 1 1   120.0  104.0
151 2039.470737 1.207E-61 4.665E+01.08920.22220212.11410.65-.005151              9              8                    P  1      245624 9 4 1 1 1 1     8.0   24.0
151 2040.221644 2.198E-42 3.803E+01.00850.06011846.78920.50-.009887              3              2                    P 25      465624 9 4 1 1 1 1   392.0  408.0
151 2040.581032 6.837E-45 4.511E+01.00860.06013042.57900.50-.009888              4              3                    P 22      365624 9 4 1 1 1 1   344.0  360.0
151 2043.801408 2.318E-78 6.857E+00.00850.06028581.24780.50-.009895             10              9                    R 29      245624 9 4 1 1 1 1   488.0  472.0
151 2045.394542 1.886E-66 7.068E+00.02560.12322682.18790.29-.010394             10              9                    R  7      245624 9 4 1 1 1 1   136.0  120.0
151 2045.484181 1.517E-86 2.421E+01.00930.06032654.70260.50-.009899             15             13                    P 23      244523 9 4 3 2 1 4   360.0  376.0
151 2046.320782 3.052E-50 4.912E+01.00920.06315512.43000.50-.009901              6              5                    P 15      365624 9 4 1 1 1 1   232.0  248.0
151 2046.395273 2.423E-53 4.540E+01.01320.08716898.31730.50-.009901              7              6                    P 11      275624 9 4 1 1 1 1   168.0  184.0
151 2046.585691 6.271E-83 1.840E+01.00850.06031000.72410.50-.009901              9              8                    R 38      245624 9 4 1 1 1 1   632.0  616.0
151 2052.570288 3.721E-90 2.051E+00.00930.06033873.23530.50-.009915             16             14                    R 23      244523 9 4 3 2 1 4   392.0  376.0
151 2052.638744 3.100E-86 1.757E+01.00970.06132363.65000.50-.009915             16             14                    P 16      244523 9 4 3 2 1 4   248.0  264.0
151 2053.434893 7.801E-57 3.827E+01.04390.18918383.06290.35-.005935              8              7                    P  6      245624 9 4 1 1 1 1    88.0  104.0
151 2054.459901 2.959E-37 1.533E+01.00850.060 9265.46770.50-.009919              1              0                    P 30      465624 9 4 1 1 1 1   472.0  488.0
151 2054.589929 1.030E-66 6.321E+00.01990.10622804.63020.30-.010681             10              9                    R  8      245624 9 4 1 1 1 1   152.0  136.0
151 2054.768080 1.184E-77 5.290E+00.00850.06028183.24500.50-.009920             10              9                    R 28      245624 9 4 1 1 1 1   472.0  456.0
151 2056.236165 6.167E-87 7.771E+00.05890.21332272.82720.46-.006088             17             15                    P  5      244523 9 4 3 2 1 4    72.0   88.0
151 2058.785905 1.771E-92 5.907E+00.00930.06035271.81210.50-.009929             14             12                    R 35      244523 9 4 3 2 1 4   584.0  568.0
151 2060.301926 2.216E-92 2.508E-04.01120.06832949.70920.50-.009932             17             15                    R 12      244523 9 4 3 2 1 4   216.0  200.0
151 2061.459411 5.101E-47 4.951E+01.00870.06014022.88870.50-.009934              5              4                    P 18      365624 9 4 1 1 1 1   280.0  296.0
151 2063.023155 5.097E-67 5.563E+00.01570.09722942.06600.35-.010468             10              9                    R  9      245624 9 4 1 1 1 1   168.0  152.0
151 2063.317995 1.496E-87 3.307E+01.00930.06033267.49940.50-.009939             13             11                    P 33      244523 9 4 3 2 1 4   520.0  536.0
151 2064.487558 5.562E-77 3.946E+00.00850.06027795.70010.50-.009941             10              9                    R 27      245624 9 4 1 1 1 1   456.0  440.0
151 2065.384978 3.932E-39 2.848E+01.00850.06010257.61220.50-.009943              2              1                    P 27      465624 9 4 1 1 1 1   424.0  440.0
151 2067.872255 5.739E-82 1.547E+01.00850.06030499.96820.50-.009949              9              8                    R 37      245624 9 4 1 1 1 1   616.0  600.0
151 2069.052530 5.381E-53 4.581E+01.01600.09416710.94850.15-.007694              7              6                    P 10      275624 9 4 1 1 1 1   152.0  168.0
151 2069.325862 4.482E-44 4.603E+01.00860.06012644.34520.50-.009952              4              3                    P 21      365624 9 4 1 1 1 1   328.0  344.0
151 2070.477678 1.962E-41 3.889E+01.00850.06011386.41060.50-.009955              3              2                    P 24      465624 9 4 1 1 1 1   376.0  392.0
151 2070.679155 2.284E-67 4.808E+00.01300.08523094.38560.50-.009955             10              9                    R 10      245624 9 4 1 1 1 1   184.0  168.0
151 2070.962156 1.188E-61 1.461E+01.08940.22220196.05640.740.002871              9              8                    R  0      245624 9 4 1 1 1 1    24.0    8.0
151 2071.321696 1.001E-49 4.980E+01.00960.06615251.04470.50-.009957              6              5                    P 14      365624 9 4 1 1 1 1   216.0  232.0
151 2072.983361 1.027E-56 3.866E+01.05410.22318283.46810.46-.006126              8              7                    P  5      245624 9 4 1 1 1 1    72.0   88.0
151 2073.004009 2.373E-76 2.819E+00.00850.06027418.96320.50-.009960             10              9                    R 26      245624 9 4 1 1 1 1   440.0  424.0
151 2075.842280 6.250E-87 7.910E+00.07010.23832218.12120.61-.006280             17             15                    P  4      244523 9 4 3 2 1 4    56.0   72.0
151 2076.608630 1.014E-86 3.072E+01.00930.06032821.71590.50-.009968             14             12                    P 28      244523 9 4 3 2 1 4   440.0  456.0
151 2077.542843 9.264E-68 4.068E+00.01130.07523261.46670.50-.009971             10              9                    R 11      245624 9 4 1 1 1 1   200.0  184.0
151 2080.274040 4.982E-89 3.510E+01.00930.06034021.62440.50-.009977             11              9                    P 41      244523 9 4 3 2 1 4   648.0  664.0
151 2080.357536 9.037E-76 1.898E+00.00850.06027053.36990.50-.009977             10              9                    R 25      245624 9 4 1 1 1 1   424.0  408.0
151 2082.177486 1.156E-89 7.782E-02.01230.07232822.57770.50-.009981             17             15                    R 11      244523 9 4 3 2 1 4   200.0  184.0
151 2083.598370 3.391E-68 3.355E+00.01030.07023443.17540.50-.009984             10              9                    R 12      245624 9 4 1 1 1 1   216.0  200.0
151 2084.491872 4.391E-88 3.558E+01.00930.06033554.41360.50-.009986             12             10                    P 37      244523 9 4 3 2 1 4   584.0  600.0
151 2085.759775 2.088E-61 1.689E+01.07930.23820212.11410.76-.002218              9              8                    R  1      245624 9 4 1 1 1 1    40.0   24.0
151 2086.584729 2.987E-75 1.173E+00.00850.06026699.24190.50-.009991             10              9                    R 24      245624 9 4 1 1 1 1   408.0  392.0
151 2087.232002 4.571E-36 1.571E+01.00850.060 8693.79610.50-.009992              1              0                    P 29      465624 9 4 1 1 1 1   456.0  472.0
151 2087.527814 4.989E-81 1.279E+01.00850.06030006.77740.50-.009993              9              8                    R 36      245624 9 4 1 1 1 1   600.0  584.0
151 2088.213883 2.266E-46 5.034E+01.00880.06013702.04640.50-.009994              5              4                    P 17      365624 9 4 1 1 1 1   264.0  280.0
151 2088.829492 1.115E-68 2.679E+00.00960.06523639.36540.50-.009996             10              9                    R 13      245624 9 4 1 1 1 1   232.0  216.0
151 2091.224200 1.090E-52 4.618E+01.02020.11016540.19490.14-.007086              7              6                    P  9      275624 9 4 1 1 1 1   136.0  152.0
151 2091.719236 8.136E-75 6.326E-01.00850.06026356.88680.50-.010002             10              9                    R 23      245624 9 4 1 1 1 1   392.0  376.0
151 2091.979595 1.195E-56 3.934E+01.06440.24918200.36230.61-.006316              8              7                    P  4      245624 9 4 1 1 1 1    56.0   72.0
151 2093.219419 3.268E-69 2.052E+00.00920.06223849.87830.50-.010006             10              9                    R 14      245624 9 4 1 1 1 1   248.0  232.0
151 2093.298898 5.578E-87 8.120E+00.07880.24232174.25380.71-.004269             17             15                    P  3      244523 9 4 3 2 1 4    40.0   56.0
151 2093.789493 7.202E-86 1.897E+01.01000.06332184.10560.50-.010007             16             14                    P 15      244523 9 4 3 2 1 4   232.0  248.0
151 2095.791772 1.624E-74 2.654E-01.00850.06026026.59960.50-.010011             10              9                    R 22      245624 9 4 1 1 1 1   376.0  360.0
151 2095.890077 3.013E-49 5.041E+01.01030.07215006.28060.50-.010012              6              5                    P 13      365624 9 4 1 1 1 1   200.0  216.0
151 2096.750738 8.428E-70 1.487E+00.00890.06024074.54370.50-.010014             10              9                    R 15      245624 9 4 1 1 1 1   264.0  248.0
151 2096.796494 4.430E-38 2.915E+01.00850.060 9749.99270.50-.010014              2              1                    P 26      465624 9 4 1 1 1 1   408.0  424.0
151 2097.731195 2.706E-43 4.691E+01.00860.06012262.43910.50-.010016              4              3                    P 20      365624 9 4 1 1 1 1   312.0  328.0
151 2098.657704 5.434E-86 2.674E+01.00940.06032392.78330.50-.010018             15             13                    P 22      244523 9 4 3 2 1 4   344.0  360.0
151 2098.831119 1.614E-74 5.890E-02.00860.06025708.66160.50-.010018             10              9                    R 21      245624 9 4 1 1 1 1   360.0  344.0
151 2099.405334 1.869E-70 9.941E-01.00880.06024313.17890.50-.010019             10              9                    R 16      245624 9 4 1 1 1 1   280.0  264.0
151 2099.908873 2.536E-61 1.736E+01.07180.24720244.21730.72-.003007              9              8                    R  2      245624 9 4 1 1 1 1    56.0   40.0
151 2100.434374 1.615E-40 3.972E+01.00850.06010942.14460.50-.010022              3              2                    P 23      465624 9 4 1 1 1 1   360.0  376.0
151 2100.863905 5.522E-76 4.791E-04.00860.06025403.34160.50-.010023             10              9                    R 20      245624 9 4 1 1 1 1   344.0  328.0
151 2100.878680 6.669E-89 2.809E-01.01420.07732705.28930.50-.010023             17             15                    R 10      244523 9 4 3 2 1 4   184.0  168.0
151 2101.164296 3.415E-71 5.869E-01.00870.06024565.58930.50-.010023             10              9                    R 17      245624 9 4 1 1 1 1   296.0  280.0
151 2101.915015 3.524E-73 7.747E-02.00860.06025110.89580.50-.010025             10              9                    R 19      245624 9 4 1 1 1 1   328.0  312.0
151 2102.007805 4.662E-72 2.772E-01.00860.06024831.56790.50-.010025             10              9                    R 18      245624 9 4 1 1 1 1   312.0  296.0
151 2105.639755 4.098E-80 1.039E+01.00850.06029521.62560.50-.010033              9              8                    R 35      245624 9 4 1 1 1 1   584.0  568.0
151 2108.611265 4.153E-87 8.710E+00.08700.22932141.29360.69-.002654             17             15                    P  2      244523 9 4 3 2 1 4    24.0   40.0
151 2110.119464 5.783E-90 1.093E+00.00930.06033633.06030.50-.010043             16             14                    R 22      244523 9 4 3 2 1 4   376.0  360.0
151 2110.411891 1.201E-56 4.077E+01.07240.25318133.80540.71-.004307              8              7                    P  3      245624 9 4 1 1 1 1    40.0   56.0
151 2112.898791 2.007E-52 4.655E+01.02640.12616386.17570.13-.006578              7              6                    P  8      275624 9 4 1 1 1 1   120.0  136.0
151 2113.396932 2.523E-61 1.719E+01.06240.24120292.34190.71-.003696              9              8                    R  3      245624 9 4 1 1 1 1    72.0   56.0
151 2114.577000 9.248E-46 5.111E+01.00890.06113397.85300.50-.010053              5              4                    P 16      365624 9 4 1 1 1 1   248.0  264.0
151 2115.089769 5.738E-91 3.272E+00.00930.06034386.63640.50-.010055             15             13                    R 29      244523 9 4 3 2 1 4   488.0  472.0
151 2116.581826 2.119E-88 5.892E-01.01710.08832598.04550.35-.010588             17             15                    R  9      244523 9 4 3 2 1 4   168.0  152.0
151 2119.772997 6.530E-35 1.609E+01.00850.060 8137.83920.50-.010065              1              0                    P 28      465624 9 4 1 1 1 1   440.0  456.0
151 2120.014540 8.298E-49 5.098E+01.01140.07714778.30270.50-.010066              6              5                    P 12      365624 9 4 1 1 1 1   184.0  200.0
151 2121.777048 2.174E-87 1.245E+01.09710.21332119.29180.65-.005335             17             15                    P  1      244523 9 4 3 2 1 4     8.0   24.0
151 2122.284324 3.163E-79 8.259E+00.00850.06029044.96680.50-.010071              9              8                    R 34      245624 9 4 1 1 1 1   568.0  552.0
151 2125.785686 1.503E-42 4.775E+01.00860.06011897.10300.50-.010079              4              3                    P 19      365624 9 4 1 1 1 1   296.0  312.0
151 2126.211299 2.168E-61 1.670E+01.05370.21820356.45150.58-.006085              9              8                    R  4      245624 9 4 1 1 1 1    88.0   72.0
151 2127.937231 4.606E-37 2.979E+01.00850.060 9258.47340.50-.010083              2              1                    P 25      465624 9 4 1 1 1 1   392.0  408.0
151 2128.268444 9.881E-57 4.459E+01.07990.24018083.84570.69-.002698              8              7                    P  2      245624 9 4 1 1 1 1    24.0   40.0
151 2129.435810 5.055E-88 9.811E-01.02170.09632501.02660.30-.010849             17             15                    R  8      244523 9 4 3 2 1 4   152.0  136.0
151 2130.080386 1.225E-39 4.052E+01.00860.06010514.26480.50-.010088              3              2                    P 22      465624 9 4 1 1 1 1   344.0  360.0
151 2130.550302 9.891E-87 3.685E+01.00930.06032881.55830.50-.010089             13             11                    P 32      244523 9 4 3 2 1 4   504.0  520.0
151 2132.685325 1.576E-85 2.029E+01.01050.06632014.52490.50-.010094             16             14                    P 14      244523 9 4 3 2 1 4   216.0  232.0
151 2134.064689 3.348E-52 4.692E+01.03370.15716248.99810.25-.006070              7              6                    P  7      275624 9 4 1 1 1 1   104.0  120.0
151 2136.734031 4.957E-86 3.403E+01.00930.06032496.84080.50-.010103             14             12                    P 27      244523 9 4 3 2 1 4   424.0  440.0
151 2137.528522 2.278E-78 6.392E+00.00850.06028577.23680.50-.010105              9              8                    R 33      245624 9 4 1 1 1 1   552.0  536.0
151 2138.339180 1.647E-61 1.603E+01.04300.18720436.49780.35-.008674              9              8                    R  5      245624 9 4 1 1 1 1   104.0   88.0
151 2139.567223 9.980E-88 1.434E+00.02790.11132414.39310.29-.010605             17             15                    R  7      244523 9 4 3 2 1 4   136.0  120.0
151 2140.537291 3.461E-45 5.183E+01.00920.06313110.50740.50-.010112              5              4                    P 15      365624 9 4 1 1 1 1   232.0  248.0
151 2141.622482 1.955E-87 3.604E+00.09740.20132108.28240.740.002713             17             15                    R  0      244523 9 4 3 2 1 4    24.0    8.0
151 2143.683626 2.088E-48 5.150E+01.01320.08714567.26490.50-.010119              6              5                    P 11      375624 9 4 1 1 1 1   168.0  184.0
151 2145.537361 5.612E-57 6.566E+01.08920.22218050.51910.65-.005388              8              7                    P  1      245624 9 4 1 1 1 1     8.0   24.0
151 2147.084198 1.700E-87 1.926E+00.03590.13932338.28590.40-.010257             17             15                    R  6      244523 9 4 3 2 1 4   120.0  104.0
151 2148.260909 3.348E-87 3.929E+00.08640.21532119.29180.76-.002358             17             15                    R  1      244523 9 4 3 2 1 4    40.0   24.0
151 2149.303967 1.847E-85 2.922E+01.00940.06032139.67580.50-.010131             15             13                    P 21      244523 9 4 3 2 1 4   328.0  344.0
151 2149.549527 3.730E-90 7.817E+00.00930.06034120.41040.50-.010132             17             14                    P 24      232523 9 4 3 3 1 4   376.0  392.0
151 2149.767635 1.121E-61 1.523E+01.03300.15420532.42030.40-.010263              9              8                    R  6      245624 9 4 1 1 1 1   120.0  104.0
151 2151.431605 1.517E-77 4.785E+00.00850.06028118.85460.50-.010136              9              8                    R 32      245624 9 4 1 1 1 1   536.0  520.0
151 2152.071436 8.616E-34 1.646E+01.00850.060 7597.92130.50-.010137              1              0                    P 27      465624 9 4 1 1 1 1   424.0  440.0
151 2152.079424 2.547E-87 2.434E+00.04680.16932272.82720.35-.008705             17             15                    R  5      244523 9 4 3 2 1 4   104.0   88.0
151 2152.669863 4.003E-87 3.750E+00.07820.22432141.29360.72-.003125             17             15                    R  2      244523 9 4 3 2 1 4    56.0   40.0
151 2153.477786 7.664E-42 4.855E+01.00870.06011548.56850.50-.010141              4              3                    P 18      365624 9 4 1 1 1 1   280.0  296.0
151 2153.955115 2.329E-93 5.800E+00.00930.06035688.20080.50-.010142             13             11                    R 39      244523 9 4 3 2 1 4   648.0  632.0
151 2154.631937 3.377E-87 2.930E+00.05850.19732218.12120.58-.006149             17             15                    R  4      244523 9 4 3 2 1 4    88.0   72.0
151 2154.710184 5.033E-52 4.737E+01.04390.18916128.75780.35-.006162              7              6                    P  6      275624 9 4 1 1 1 1    88.0  104.0
151 2154.809606 3.950E-87 3.385E+00.06800.21832174.25380.71-.003789             17             15                    R  3      244523 9 4 3 2 1 4    72.0   56.0
151 2155.945663 3.732E-87 3.945E+01.00930.06033115.86640.50-.010146             12             10                    P 36      244523 9 4 3 2 1 4   568.0  584.0
151 2156.084037 5.405E-88 3.884E+01.00930.06033532.11680.50-.010146             11              9                    P 40      244523 9 4 3 2 1 4   632.0  648.0
151 2158.795652 4.413E-36 3.042E+01.00850.060 8783.34890.50-.010153              2              1                    P 24      465624 9 4 1 1 1 1   376.0  392.0
151 2159.404140 8.550E-39 4.129E+01.00860.06010103.03500.50-.010154              3              2                    P 21      465624 9 4 1 1 1 1   328.0  344.0
151 2160.483566 6.883E-62 1.435E+01.02560.12320644.14670.29-.010652              9              8                    R  7      245624 9 4 1 1 1 1   136.0  120.0
151 2161.637014 6.356E-90 4.249E-01.00940.06033400.37190.50-.010159             16             14                    R 21      244523 9 4 3 2 1 4   360.0  344.0
151 2164.046284 9.238E-77 3.432E+00.00850.06027670.22300.50-.010164              9              8                    R 31      245624 9 4 1 1 1 1   520.0  504.0
151 2166.083116 1.186E-44 5.251E+01.00960.06612840.19740.50-.010169              5              4                    P 14      365624 9 4 1 1 1 1   216.0  232.0
151 2166.885502 4.791E-48 5.199E+01.01600.09414373.30940.15-.007913              6              5                    P 10      375624 9 4 1 1 1 1   152.0  168.0
151 2169.414124 3.245E-85 2.151E+01.01120.07231855.16090.50-.010176             16             14                    P 13      244523 9 4 3 2 1 4   200.0  216.0
151 2170.473707 3.830E-62 1.339E+01.01990.10620771.59240.30-.010941              9              8                    R  8      245624 9 4 1 1 1 1   152.0  136.0
151 2174.631129 6.279E-92 4.088E+00.00930.06034907.40550.50-.010188             14             12                    R 34      244523 9 4 3 2 1 4   568.0  552.0
151 2174.823479 6.762E-52 4.798E+01.05410.22316025.53870.46-.006354              7              6                    P  5      275624 9 4 1 1 1 1    72.0   88.0
151 2175.419711 5.051E-76 2.322E+00.00850.06027231.72990.50-.010190              9              8                    R 30      245624 9 4 1 1 1 1   504.0  488.0
151 2178.264327 5.642E-57 2.092E+01.08940.22218033.84980.740.002631              8              7                    R  0      245624 9 4 1 1 1 1    24.0    8.0
151 2179.724609 1.938E-62 1.240E+01.01570.09720914.66100.35-.010730              9              8                    R  9      245624 9 4 1 1 1 1   168.0  152.0
151 2180.795756 3.585E-41 4.930E+01.00880.06011217.05720.50-.010202              4              3                    P 17      365624 9 4 1 1 1 1   264.0  280.0
151 2181.139868 8.842E-81 1.028E+01.00850.06029841.78530.50-.010203              8              7                    R 39      245624 9 4 1 1 1 1   648.0  632.0
151 2184.115615 1.048E-32 1.682E+01.00850.060 7074.35780.50-.010209              1              0                    P 26      465624 9 4 1 1 1 1   408.0  424.0
151 2185.594285 2.412E-75 1.444E+00.00850.06026803.74880.50-.010213              9              8                    R 29      245624 9 4 1 1 1 1   488.0  472.0
151 2188.222489 8.932E-63 1.136E+01.01300.08521073.24420.50-.010218              9              8                    R 10      245624 9 4 1 1 1 1   184.0  168.0
151 2188.393854 5.480E-38 4.202E+01.00860.060 9708.70910.50-.010219              3              2                    P 20      465624 9 4 1 1 1 1   312.0  328.0
151 2189.359984 3.890E-35 3.102E+01.00850.060 8324.90480.50-.010221              2              1                    P 23      465624 9 4 1 1 1 1   360.0  376.0
151 2189.608500 1.000E-47 5.245E+01.02020.11014196.56720.14-.007307              6              5                    P  9      375624 9 4 1 1 1 1   136.0  152.0
151 2191.202687 3.716E-44 5.313E+01.01030.07212587.10000.50-.010225              5              4                    P 13      365624 9 4 1 1 1 1   200.0  216.0
151 2193.329244 1.266E-90 1.821E+00.00930.06034081.40060.50-.010230             15             13                    R 28      244523 9 4 3 2 1 4   472.0  456.0
151 2193.698228 9.985E-57 2.443E+01.07930.23818050.51910.76-.002460              8              7                    R  1      245624 9 4 1 1 1 1    40.0   24.0
151 2194.180146 2.313E-85 3.727E+01.00930.06032179.87260.50-.010232             14             12                    P 26      244523 9 4 3 2 1 4   408.0  424.0
151 2194.392706 8.016E-52 4.898E+01.06440.24915939.41260.61-.006546              7              6                    P  4      275624 9 4 1 1 1 1    56.0   72.0
151 2194.608335 9.562E-75 7.855E-01.00850.06026386.63950.50-.010233              9              8                    R 28      245624 9 4 1 1 1 1   472.0  456.0
151 2194.807647 6.274E-86 4.054E+01.00930.06032502.30490.50-.010233             13             11                    P 31      244523 9 4 3 2 1 4   488.0  504.0
151 2195.953675 3.755E-63 1.031E+01.01130.07521247.22180.50-.010236              9              8                    R 11      245624 9 4 1 1 1 1   200.0  184.0
151 2197.582054 5.953E-85 3.162E+01.00940.06031895.75120.50-.010239             15             13                    P 20      244523 9 4 3 2 1 4   312.0  328.0
151 2200.957021 8.909E-80 8.059E+00.00850.06029307.59250.50-.010247              8              7                    R 38      245624 9 4 1 1 1 1   632.0  616.0
151 2202.496692 2.809E-74 3.345E-01.00850.06025980.74830.50-.010250              9              8                    R 27      245624 9 4 1 1 1 1   456.0  440.0
151 2202.903944 1.441E-63 9.251E+00.01030.07021436.46150.50-.010251              9              8                    R 12      245624 9 4 1 1 1 1   216.0  200.0
151 2204.048726 6.277E-85 2.264E+01.01240.07731706.24630.50-.010254             16             14                    P 12      244523 9 4 3 2 1 4   184.0  200.0
151 2207.727690 1.536E-40 5.002E+01.00890.06110902.77970.50-.010262              4              3                    P 16      365624 9 4 1 1 1 1   248.0  264.0
151 2207.931857 2.741E-90 6.709E-02.00940.06033175.61570.50-.010263             16             14                    R 20      244523 9 4 3 2 1 4   344.0  328.0
151 2208.496212 1.219E-56 2.539E+01.07180.24718083.84570.72-.003250              8              7                    R  2      245624 9 4 1 1 1 1    56.0   40.0
151 2209.058879 5.049E-64 8.193E+00.00960.06521640.81940.50-.010265              9              8                    R 13      245624 9 4 1 1 1 1   232.0  216.0
151 2209.291174 4.233E-74 7.731E-02.00850.06025586.40890.50-.010266              9              8                    R 26      245624 9 4 1 1 1 1   440.0  424.0
151 2211.840749 1.893E-47 5.291E+01.02640.12614037.15730.13-.006800              6              5                    P  8      375624 9 4 1 1 1 1   120.0  136.0
151 2213.405941 8.184E-52 5.095E+01.07240.25315870.43960.71-.004538              7              6                    P  3      275624 9 4 1 1 1 1    40.0   56.0
151 2214.403738 1.614E-64 7.150E+00.00920.06221860.13990.50-.010277              9              8                    R 14      245624 9 4 1 1 1 1   248.0  232.0
151 2215.021007 7.034E-76 2.088E-04.00850.06025203.94210.50-.010278              9              8                    R 25      245624 9 4 1 1 1 1   424.0  408.0
151 2215.884086 1.063E-43 5.372E+01.01140.07712351.38080.50-.010280              5              4                    P 12      365624 9 4 1 1 1 1   184.0  200.0
151 2215.893591 1.173E-31 1.717E+01.00850.060 6567.45530.50-.010280              1              0                    P 25      465624 9 4 1 1 1 1   392.0  408.0
151 2217.037552 3.221E-37 4.273E+01.00860.060 9331.53100.50-.010283              3              2                    P 19      465624 9 4 1 1 1 1   296.0  312.0
151 2218.923416 4.703E-65 6.132E+00.00890.06022094.25550.50-.010287              9              8                    R 15      245624 9 4 1 1 1 1   264.0  248.0
151 2219.320914 8.386E-79 6.132E+00.00850.06028781.40310.50-.010288              8              7                    R 37      245624 9 4 1 1 1 1   616.0  600.0
151 2219.618240 3.150E-34 3.161E+01.00860.060 7883.41670.50-.010289              2              1                    P 22      465624 9 4 1 1 1 1   344.0  360.0
151 2219.713181 1.745E-72 8.935E-02.00850.06024833.65670.50-.010289              9              8                    R 24      245624 9 4 1 1 1 1   408.0  392.0
151 2222.602391 1.246E-65 5.151E+00.00880.06022342.98690.50-.010295              9              8                    R 16      245624 9 4 1 1 1 1   280.0  264.0
151 2222.646060 1.217E-56 2.546E+01.06240.24118133.80540.71-.003941              8              7                    R  3      245624 9 4 1 1 1 1    72.0   56.0
151 2223.392666 3.522E-71 3.308E-01.00850.06024475.84920.50-.010297              9              8                    R 23      245624 9 4 1 1 1 1   392.0  376.0
151 2224.310721 3.059E-86 4.322E+01.00930.06032683.09480.50-.010299             12             10                    P 35      244523 9 4 3 2 1 4   552.0  568.0
151 2225.424668 2.995E-66 4.218E+00.00870.06022606.14330.50-.010302              9              8                    R 17      245624 9 4 1 1 1 1   296.0  280.0
151 2226.083072 3.874E-70 7.108E-01.00850.06024130.80380.50-.010303              9              8                    R 22      245624 9 4 1 1 1 1   376.0  360.0
151 2227.373710 6.492E-67 3.346E+00.00860.06022883.52210.50-.010306              9              8                    R 18      245624 9 4 1 1 1 1   312.0  296.0
151 2227.806196 3.181E-69 1.216E+00.00860.06023798.79340.50-.010307              9              8                    R 21      245624 9 4 1 1 1 1   360.0  344.0
151 2228.432360 1.259E-67 2.546E+00.00860.06023174.90930.50-.010309              9              8                    R 19      245624 9 4 1 1 1 1   328.0  312.0
151 2228.582750 2.155E-68 1.832E+00.00860.06023480.07890.50-.010309              9              8                    R 20      245624 9 4 1 1 1 1   344.0  328.0
151 2228.612290 5.686E-87 4.244E+01.00930.06033047.30980.50-.010309             11              9                    P 39      244523 9 4 3 2 1 4   616.0  632.0
151 2231.851216 6.822E-52 5.595E+01.07990.24015818.66780.69-.002930              7              6                    P  2      275624 9 4 1 1 1 1    24.0   40.0
151 2233.570304 3.238E-47 5.340E+01.03370.15713895.18750.25-.006293              6              5                    P  7      375624 9 4 1 1 1 1   104.0  120.0
151 2234.261536 6.018E-40 5.069E+01.00920.06310605.93590.50-.010322              4              3                    P 15      365624 9 4 1 1 1 1   232.0  248.0
151 2234.991015 1.680E-90 1.145E+01.00930.06034386.63640.50-.010323             16             13                    P 29      232523 9 4 3 3 1 4   456.0  472.0
151 2236.135503 1.048E-56 2.509E+01.05370.21818200.36230.58-.006332              8              7                    R  4      245624 9 4 1 1 1 1    88.0   72.0
151 2236.296343 7.298E-78 4.491E+00.00850.06028263.67180.50-.010326              8              7                    R 36      245624 9 4 1 1 1 1   600.0  584.0
151 2236.649344 1.139E-84 2.366E+01.01440.08731567.99410.50-.010327             16             14                    P 11      244523 9 4 3 2 1 4   168.0  184.0
151 2240.115352 2.771E-43 5.427E+01.01320.08712133.19410.50-.010335              5              4                    P 11      375624 9 4 1 1 1 1   168.0  184.0
151 2243.623614 1.817E-84 3.394E+01.00940.06031661.35600.50-.010343             15             13                    P 19      244523 9 4 3 2 1 4   296.0  312.0
151 2245.323089 1.735E-36 4.340E+01.00870.060 8971.73410.50-.010346              3              2                    P 18      465624 9 4 1 1 1 1   280.0  296.0
151 2247.393204 1.207E-30 1.750E+01.00850.060 6077.51160.50-.010351              1              0                    P 24      465624 9 4 1 1 1 1   376.0  392.0
151 2248.952217 7.972E-57 2.446E+01.04300.18718283.46810.35-.008922              8              7                    R  5      245624 9 4 1 1 1 1   104.0   88.0
151 2249.151749 1.028E-84 4.043E+01.00930.06031871.25860.50-.010355             14             12                    P 25      244523 9 4 3 2 1 4   392.0  408.0
151 2249.558238 2.341E-33 3.217E+01.00860.060 7459.15090.50-.010356              2              1                    P 21      465624 9 4 1 1 1 1   328.0  344.0
151 2249.600276 1.752E-90 1.631E-02.00940.06032959.20180.50-.010356             16             14                    R 19      244523 9 4 3 2 1 4   328.0  312.0
151 2249.716617 3.916E-52 8.278E+01.08920.22215784.13320.65-.005622              7              6                    P  1      275624 9 4 1 1 1 1     8.0   24.0
151 2251.940254 5.785E-77 3.126E+00.00850.06027754.83710.50-.010361              8              7                    R 35      245624 9 4 1 1 1 1   584.0  568.0
151 2254.785153 4.977E-47 5.399E+01.04390.18913770.75350.35-.006386              6              5                    P  6      375624 9 4 1 1 1 1    88.0  104.0
151 2256.367374 3.814E-85 4.415E+01.00930.06032130.26900.50-.010371             13             11                    P 30      244523 9 4 3 2 1 4   472.0  488.0
151 2260.385110 2.153E-39 5.132E+01.00960.06610326.71490.50-.010380              4              3                    P 14      365624 9 4 1 1 1 1   216.0  232.0
151 2261.083822 5.423E-57 2.365E+01.03300.15418383.06290.40-.010513              8              7                    R  6      245624 9 4 1 1 1 1   120.0  104.0
151 2262.778865 2.040E-90 7.542E-01.00930.06033782.05520.50-.010385             15             13                    R 27      244523 9 4 3 2 1 4   456.0  440.0
151 2263.884199 6.567E-43 5.479E+01.01600.09411932.68300.15-.008131              5              4                    P 10      375624 9 4 1 1 1 1   152.0  168.0
151 2266.303005 4.083E-76 2.027E+00.00850.06027255.32260.50-.010393              8              7                    R 34      245624 9 4 1 1 1 1   568.0  552.0
151 2267.265470 1.935E-84 2.458E+01.01740.09531440.59870.15-.008138             16             14                    P 10      244523 9 4 3 2 1 4   152.0  168.0
151 2271.732863 1.787E-91 2.261E+00.00930.06034546.58360.50-.010406             14             12                    R 33      244523 9 4 3 2 1 4   552.0  536.0
151 2272.517879 3.324E-57 2.272E+01.02560.12318499.07460.29-.010903              8              7                    R  7      245624 9 4 1 1 1 1   136.0  120.0
151 2273.238166 8.543E-36 4.404E+01.00880.060 8629.54150.50-.010409              3              2                    P 17      465624 9 4 1 1 1 1   264.0  280.0
151 2275.424142 1.627E-89 1.200E+01.00930.06033873.23530.50-.010414             17             14                    P 23      232523 9 4 3 3 1 4   360.0  376.0
151 2275.473238 6.820E-47 5.479E+01.05410.22313663.93930.46-.006579              6              5                    P  5      375624 9 4 1 1 1 1    72.0   88.0
151 2278.602089 1.140E-29 1.783E+01.00850.060 5604.81460.50-.010421              1              0                    P 23      465624 9 4 1 1 1 1   360.0  376.0
151 2279.167617 1.593E-32 3.271E+01.00860.060 7052.36340.50-.010422              2              1                    P 20      465624 9 4 1 1 1 1   312.0  328.0
151 2279.429410 2.469E-75 1.180E+00.00850.06026765.53740.50-.010423              8              7                    R 33      245624 9 4 1 1 1 1   552.0  536.0
151 2282.165106 9.361E-93 3.617E+00.00930.06035275.92200.50-.010429             13             11                    R 38      244523 9 4 3 2 1 4   632.0  616.0
151 2283.241875 1.846E-57 2.168E+01.01990.10618631.41920.30-.011194              8              7                    R  8      245624 9 4 1 1 1 1   152.0  136.0
151 2283.659168 3.995E-52 2.666E+01.08940.22215766.85980.740.002395              7              6                    R  0      275624 9 4 1 1 1 1    24.0    8.0
151 2286.086118 7.027E-39 5.192E+01.01030.07210065.29470.50-.010438              4              3                    P 13      365624 9 4 1 1 1 1   200.0  216.0
151 2287.100844 6.915E-89 2.548E-01.00940.06032751.50800.50-.010440             16             14                    R 18      244523 9 4 3 2 1 4   312.0  296.0
151 2287.178531 1.412E-42 5.530E+01.02020.11011749.97880.14-.007525              5              4                    P  9      375624 9 4 1 1 1 1   136.0  152.0
151 2287.538293 5.246E-84 3.615E+01.00950.06031436.81350.50-.010441             15             13                    P 18      244523 9 4 3 2 1 4   280.0  296.0
151 2289.903112 2.415E-85 4.687E+01.00930.06032256.68050.50-.010446             12             10                    P 34      244523 9 4 3 2 1 4   536.0  552.0
151 2291.359597 1.183E-74 5.716E-01.00850.06026285.87720.50-.010449              8              7                    R 32      245624 9 4 1 1 1 1   536.0  520.0
151 2293.243325 9.317E-58 2.056E+01.01570.09718780.00100.35-.010984              8              7                    R  9      245624 9 4 1 1 1 1   168.0  152.0
151 2295.622469 8.223E-47 5.606E+01.06440.24913574.81710.61-.006773              6              5                    P  4      375624 9 4 1 1 1 1    56.0   72.0
151 2295.937352 3.071E-84 2.539E+01.02200.11031324.23650.14-.007545             16             14                    P  9      244523 9 4 3 2 1 4   136.0  152.0
151 2298.230873 5.791E-86 4.589E+01.00930.06032567.84050.50-.010465             11              9                    P 38      244523 9 4 3 2 1 4   600.0  616.0
151 2299.712412 7.096E-52 3.134E+01.07930.23815784.13320.76-.002697              7              6                    R  1      275624 9 4 1 1 1 1    40.0   24.0
151 2300.770348 3.843E-35 4.464E+01.00890.061 8305.16550.50-.010471              3              2                    P 16      465624 9 4 1 1 1 1   248.0  264.0
151 2301.816983 4.352E-84 4.350E+01.00930.06031571.41830.50-.010473             14             12                    P 24      244523 9 4 3 2 1 4   376.0  392.0
151 2302.129739 3.655E-74 1.879E-01.00850.06025816.72490.50-.010474              8              7                    R 31      245624 9 4 1 1 1 1   520.0  504.0
151 2302.509224 4.284E-58 1.938E+01.01300.08518944.71250.50-.010474              8              7                    R 10      245624 9 4 1 1 1 1   184.0  168.0
151 2308.433855 9.917E-32 3.323E+01.00860.060 6663.30030.50-.010488              2              1                    P 19      465624 9 4 1 1 1 1   296.0  312.0
151 2309.507697 9.862E-29 1.815E+01.00860.060 5149.64320.50-.010490              1              0                    P 22      465624 9 4 1 1 1 1   344.0  360.0
151 2309.986088 2.747E-42 5.582E+01.02640.12611585.20140.13-.007020              5              4                    P  8      375624 9 4 1 1 1 1   120.0  136.0
151 2311.027070 1.799E-58 1.815E+01.01130.07519125.43440.50-.010494              8              7                    R 11      245624 9 4 1 1 1 1   200.0  184.0
151 2311.352269 2.087E-38 5.248E+01.01140.077 9821.84190.50-.010494              4              3                    P 12      365624 9 4 1 1 1 1   184.0  200.0
151 2311.772650 2.440E-74 1.407E-02.00850.06025358.45040.50-.010495              8              7                    R 30      245624 9 4 1 1 1 1   504.0  488.0
151 2315.137553 8.677E-52 3.282E+01.07180.24715818.66780.72-.003489              7              6                    R  2      275624 9 4 1 1 1 1    56.0   40.0
151 2315.220735 8.518E-47 5.845E+01.07240.25313503.44700.71-.004766              6              5                    P  3      375624 9 4 1 1 1 1    40.0   56.0
151 2315.453629 2.219E-84 4.765E+01.00930.06031765.94700.50-.010503             13             11                    P 29      244523 9 4 3 2 1 4   456.0  472.0
151 2318.783858 6.902E-59 1.688E+01.01030.07019322.03560.50-.010511              8              7                    R 12      245624 9 4 1 1 1 1   216.0  200.0
151 2320.318295 5.191E-73 3.544E-02.00850.06024911.41160.50-.010514              8              7                    R 29      245624 9 4 1 1 1 1   488.0  472.0
151 2320.797022 4.966E-88 7.564E-01.00950.06032552.88340.50-.010515             16             14                    R 17      244523 9 4 3 2 1 4   296.0  280.0
151 2322.697184 4.538E-84 2.610E+01.02870.12631219.06620.13-.007048             16             14                    P  8      244523 9 4 3 2 1 4   120.0  136.0
151 2325.155025 1.505E-90 1.467E-01.00930.06033489.19160.50-.010525             15             13                    R 26      244523 9 4 3 2 1 4   440.0  424.0
151 2325.766511 2.424E-59 1.559E+01.00960.06519534.37340.50-.010527              8              7                    R 13      245624 9 4 1 1 1 1   232.0  216.0
151 2327.794206 2.772E-71 2.372E-01.00850.06024475.95460.50-.010531              8              7                    R 28      245624 9 4 1 1 1 1   472.0  456.0
151 2327.907082 1.577E-34 4.522E+01.00920.063 7998.80780.50-.010531              3              2                    P 15      465624 9 4 1 1 1 1   232.0  248.0
151 2328.226714 1.486E-77 3.332E+00.00850.06028055.28310.50-.010532              7              6                    R 39      265624 9 4 1 1 1 1   648.0  632.0
151 2329.418058 1.431E-83 3.826E+01.00960.06031222.42520.50-.010535             15             13                    P 17      244523 9 4 3 2 1 4   264.0  280.0
151 2329.922558 8.657E-52 3.317E+01.06240.24115870.43960.71-.004181              7              6                    R  3      275624 9 4 1 1 1 1    72.0   56.0
151 2331.961775 7.794E-60 1.427E+01.00920.06219762.29370.50-.010540              8              7                    R 14      245624 9 4 1 1 1 1   248.0  232.0
151 2332.294571 4.814E-42 5.639E+01.03370.15711438.45890.25-.006514              5              4                    P  7      375624 9 4 1 1 1 1   104.0  120.0
151 2334.225833 5.319E-70 6.045E-01.00850.06024052.41370.50-.010545              8              7                    R 27      245624 9 4 1 1 1 1   456.0  440.0
151 2334.255919 7.185E-47 6.438E+01.07990.24013449.87720.69-.003159              6              5                    P  2      375624 9 4 1 1 1 1    24.0   40.0
151 2336.170869 5.635E-38 5.301E+01.01320.087 9596.51220.50-.010550              4              3                    P 11      375624 9 4 1 1 1 1   168.0  184.0
151 2337.344287 5.640E-31 3.372E+01.00870.060 6292.19720.50-.010552              2              1                    P 18      465624 9 4 1 1 1 1   280.0  296.0
151 2337.356180 2.297E-60 1.296E+01.00890.06020005.63070.50-.010552              8              7                    R 15      245624 9 4 1 1 1 1   264.0  248.0
151 2339.636838 7.006E-69 1.123E+00.00850.06023641.11150.50-.010558              8              7                    R 26      245624 9 4 1 1 1 1   440.0  424.0
151 2340.097308 7.806E-28 1.846E+01.00860.060 4712.26610.50-.010559              1              0                    P 21      465624 9 4 1 1 1 1   328.0  344.0
151 2341.936012 6.204E-61 1.164E+01.00880.06020264.20730.50-.010563              8              7                    R 16      245624 9 4 1 1 1 1   280.0  264.0
151 2344.049342 7.398E-68 1.778E+00.00850.06023242.35950.50-.010567              8              7                    R 25      245624 9 4 1 1 1 1   424.0  408.0
151 2344.055406 7.433E-52 3.298E+01.05370.21815939.41260.58-.006573              7              6                    R  4      275624 9 4 1 1 1 1    88.0   72.0
151 2345.687265 1.536E-61 1.034E+01.00870.06020537.83490.50-.010571              8              7                    R 17      245624 9 4 1 1 1 1   296.0  280.0
151 2345.697363 1.381E-76 2.127E+00.00850.06027496.08790.50-.010571              7              6                    R 38      265624 9 4 1 1 1 1   632.0  616.0
151 2347.484129 6.659E-67 2.556E+00.00850.06022856.45800.50-.010575              8              7                    R 24      245624 9 4 1 1 1 1   408.0  392.0
151 2347.570091 6.221E-84 2.673E+01.03670.15031125.22960.25-.006548             16             14                    P  7      244523 9 4 3 2 1 4   104.0  120.0
151 2348.595599 3.482E-62 9.062E+00.00860.06020826.31370.50-.010578              8              7                    R 18      245624 9 4 1 1 1 1   312.0  296.0
151 2349.960822 5.265E-66 3.442E+00.00850.06022483.69590.50-.010581              8              7                    R 23      245624 9 4 1 1 1 1   392.0  376.0
151 2350.646284 7.227E-63 7.821E+00.00860.06021129.43260.50-.010582              8              7                    R 19      245624 9 4 1 1 1 1   328.0  312.0
151 2350.983862 2.262E-87 1.490E+00.00960.06032363.65000.50-.010583             16             14                    R 16      244523 9 4 3 2 1 4   280.0  264.0
151 2351.498031 3.718E-65 4.425E+00.00850.06022124.35110.50-.010584              8              7                    R 22      245624 9 4 1 1 1 1   376.0  360.0
151 2351.824144 1.371E-63 6.627E+00.00860.06021446.96930.50-.010585              8              7                    R 20      245624 9 4 1 1 1 1   344.0  328.0
151 2352.113487 2.369E-64 5.491E+00.00860.06021778.69030.50-.010586              8              7                    R 21      245624 9 4 1 1 1 1   360.0  344.0
151 2352.315276 1.751E-83 4.647E+01.00930.06031280.74510.50-.010586             14             12                    P 23      244523 9 4 3 2 1 4   360.0  376.0
151 2352.715951 4.163E-47 9.555E+01.08920.22213414.14390.65-.005852              6              5                    P  1      375624 9 4 1 1 1 1     8.0   24.0
151 2352.976147 1.833E-84 5.039E+01.00930.06031837.16940.50-.010587             12             10                    P 33      244523 9 4 3 2 1 4   520.0  536.0
151 2354.091650 7.562E-42 5.707E+01.04390.18911309.84770.35-.006609              5              4                    P  6      375624 9 4 1 1 1 1    88.0  104.0
151 2354.635713 5.893E-34 4.576E+01.00960.066 7710.65890.50-.010591              3              2                    P 14      465624 9 4 1 1 1 1   216.0  232.0
151 2354.903131 6.589E-86 4.505E+01.00930.06032543.30510.50-.010592             10              8                    P 41      244523 9 4 3 2 1 4   648.0  664.0
151 2356.360589 3.612E-91 8.955E-01.00930.06034190.14560.50-.010595             14             12                    R 32      244523 9 4 3 2 1 4   536.0  520.0
151 2357.524092 5.625E-52 3.247E+01.04300.18716025.53870.35-.009165              7              6                    R  5      275624 9 4 1 1 1 1   104.0   88.0
151 2360.529527 1.380E-37 5.353E+01.01600.094 9389.44930.15-.008347              4              3                    P 10      375624 9 4 1 1 1 1   152.0  168.0
151 2361.890417 1.097E-75 1.211E+00.00850.06026945.70200.50-.010607              7              6                    R 37      265624 9 4 1 1 1 1   616.0  600.0
151 2365.235096 5.700E-85 4.919E+01.00930.06032094.30520.50-.010615             11              9                    P 37      244523 9 4 3 2 1 4   584.0  600.0
151 2365.886117 2.926E-30 3.420E+01.00880.060 5939.27940.50-.010616              2              1                    P 17      465624 9 4 1 1 1 1   264.0  280.0
151 2369.339934 3.684E-83 4.025E+01.00970.06131018.47220.50-.010624             15             13                    P 16      244523 9 4 3 2 1 4   248.0  264.0
151 2370.316628 3.799E-52 3.173E+01.03300.15416128.75780.40-.010757              7              6                    R  6      275624 9 4 1 1 1 1   120.0  104.0
151 2370.358050 5.644E-27 1.875E+01.00860.060 4292.94220.50-.010626              1              0                    P 20      465624 9 4 1 1 1 1   312.0  328.0
151 2370.574639 7.869E-84 2.730E+01.04780.18131042.85200.35-.006646             16             14                    P  6      244523 9 4 3 2 1 4    88.0  104.0
151 2372.250026 1.234E-83 5.103E+01.00930.06031409.80510.50-.010631             13             11                    P 28      244523 9 4 3 2 1 4   440.0  456.0
151 2375.364984 1.056E-41 5.800E+01.05410.22311199.45210.46-.006803              5              4                    P  5      375624 9 4 1 1 1 1    72.0   88.0
151 2376.848769 6.833E-75 5.650E-01.00850.06026404.55430.50-.010641              7              6                    R 36      265624 9 4 1 1 1 1   600.0  584.0
151 2377.904781 8.110E-87 2.421E+00.00970.06032184.10560.50-.010643             16             14                    R 15      244523 9 4 3 2 1 4   264.0  248.0
151 2379.104538 9.255E-90 1.680E+01.00930.06034081.40060.50-.010646             16             13                    P 28      232523 9 4 3 3 1 4   440.0  456.0
151 2380.943504 2.003E-33 4.628E+01.01030.072 7440.89840.50-.010650              3              2                    P 13      465624 9 4 1 1 1 1   200.0  216.0
151 2381.559861 3.628E-91 9.592E-03.00930.06033203.35180.50-.010652             15             13                    R 25      244523 9 4 3 2 1 4   424.0  408.0
151 2382.275392 1.134E-90 1.675E+01.00930.06034546.58360.50-.010653             15             12                    P 33      232523 9 4 3 3 1 4   520.0  536.0
151 2382.421040 2.309E-52 3.084E+01.02560.12316248.99810.29-.011149              7              6                    R  7      275624 9 4 1 1 1 1   136.0  120.0
151 2384.415669 3.056E-37 5.405E+01.02020.110 9200.78580.14-.007743              4              3                    P  9      375624 9 4 1 1 1 1   136.0  152.0
151 2386.230324 6.246E-89 1.650E+01.00940.06033633.06030.50-.010662             17             14                    P 22      232523 9 4 3 3 1 4   344.0  360.0
151 2387.861930 4.292E-47 3.102E+01.08940.22213396.27120.740.002161              6              5                    R  0      375624 9 4 1 1 1 1    24.0    8.0
151 2389.128600 2.846E-92 1.686E+00.00930.06034866.07140.50-.010668             13             11                    R 37      244523 9 4 3 2 1 4   616.0  600.0
151 2390.610935 2.613E-74 1.696E-01.00850.06025873.06090.50-.010672              7              6                    R 35      265624 9 4 1 1 1 1   584.0  568.0
151 2391.723847 9.110E-84 2.788E+01.05890.21330972.04220.46-.006840             16             14                    P  5      244523 9 4 3 2 1 4    72.0   88.0
151 2393.825370 1.269E-52 2.982E+01.01990.10616386.17570.30-.011441              7              6                    R  8      275624 9 4 1 1 1 1   152.0  136.0
151 2394.046443 1.383E-29 3.465E+01.00890.061 5604.76140.50-.010679              2              1                    P 16      465624 9 4 1 1 1 1   248.0  264.0
151 2396.102235 1.294E-41 5.943E+01.06440.24911107.34470.61-.006998              5              4                    P  4      375624 9 4 1 1 1 1    56.0   72.0
151 2400.276912 3.723E-26 1.903E+01.00860.060 3891.92030.50-.010693              1              0                    P 19      465624 9 4 1 1 1 1   296.0  312.0
151 2400.763142 6.684E-83 4.932E+01.00940.06030999.60870.50-.010695             14             12                    P 22      244523 9 4 3 2 1 4   344.0  360.0
151 2401.763880 2.473E-86 3.517E+00.01000.06232014.52490.50-.010697             16             14                    R 14      244523 9 4 3 2 1 4   248.0  232.0
151 2403.211731 1.227E-74 6.563E-03.00850.06025351.62540.50-.010700              7              6                    R 34      265624 9 4 1 1 1 1   568.0  552.0
151 2404.517669 6.326E-53 2.869E+01.01570.09716540.19490.35-.011233              7              6                    R  9      275624 9 4 1 1 1 1   168.0  152.0
151 2404.523858 7.638E-47 3.662E+01.07930.23813414.14390.76-.002932              6              5                    R  1      375624 9 4 1 1 1 1    40.0   24.0
151 2406.817739 6.179E-33 4.677E+01.01140.077 7189.69450.50-.010708              3              2                    P 12      465624 9 4 1 1 1 1   184.0  200.0
151 2407.368754 8.936E-83 4.211E+01.01000.06330825.21660.50-.010709             15             13                    P 15      244523 9 4 3 2 1 4   232.0  248.0
151 2407.816690 6.106E-37 5.458E+01.02640.126 9030.64220.13-.007239              4              3                    P  8      375624 9 4 1 1 1 1   120.0  136.0
151 2411.025320 9.528E-84 2.857E+01.07010.23830912.89310.61-.007031             16             14                    P  4      244523 9 4 3 2 1 4    56.0   72.0
151 2413.736264 1.335E-83 5.376E+01.00930.06031425.07490.50-.010724             12             10                    P 32      244523 9 4 3 2 1 4   504.0  520.0
151 2414.485880 2.870E-53 2.748E+01.01300.08516710.94850.50-.010725              7              6                    R 10      275624 9 4 1 1 1 1   184.0  168.0
151 2414.682817 1.250E-72 5.793E-02.00850.06024840.63970.50-.010726              7              6                    R 33      265624 9 4 1 1 1 1   552.0  536.0
151 2416.291077 1.359E-41 6.208E+01.07240.25311033.58610.71-.004992              5              4                    P  3      375624 9 4 1 1 1 1    40.0   56.0
151 2420.562390 9.332E-47 3.854E+01.07180.24713449.87720.72-.003725              6              5                    R  2      375624 9 4 1 1 1 1    56.0   40.0
151 2421.812264 5.942E-29 3.508E+01.00920.063 5288.84670.50-.010742              2              1                    P 15      465624 9 4 1 1 1 1   232.0  248.0
151 2422.734213 6.652E-86 4.742E+00.01050.06531855.16090.50-.010744             16             14                    R 13      244523 9 4 3 2 1 4   232.0  216.0
151 2423.362456 8.082E-85 4.782E+01.00930.06032022.92520.50-.010745             10              8                    P 40      244523 9 4 3 2 1 4   632.0  648.0
151 2423.718232 1.187E-53 2.620E+01.01130.07516898.31730.50-.010746              7              6                    R 11      275624 9 4 1 1 1 1   200.0  184.0
151 2425.053144 7.233E-71 3.062E-01.00850.06024340.48420.50-.010749              7              6                    R 32      265624 9 4 1 1 1 1   536.0  520.0
151 2426.908597 6.544E-83 5.429E+01.00930.06031062.28300.50-.010753             13             11                    P 27      244523 9 4 3 2 1 4   424.0  440.0
151 2428.481716 8.787E-84 2.972E+01.07880.24230865.48180.71-.005019             16             14                    P  3      244523 9 4 3 2 1 4    40.0   56.0
151 2429.840762 2.237E-25 1.930E+01.00870.060 3509.43870.50-.010760              1              0                    P 18      465624 9 4 1 1 1 1   280.0  296.0
151 2429.862926 5.411E-84 5.234E+01.00930.06031627.26530.50-.010760             11              9                    P 36      244523 9 4 3 2 1 4   568.0  584.0
151 2430.719972 1.096E-36 5.517E+01.03370.157 8879.12770.25-.006735              4              3                    P  7      375624 9 4 1 1 1 1   104.0  120.0
151 2431.870642 2.954E-91 1.457E-01.00930.06033838.81110.50-.010764             14             12                    R 31      244523 9 4 3 2 1 4   520.0  504.0
151 2432.202682 4.485E-54 2.486E+01.01030.07017102.17070.50-.010765              7              6                    R 12      265624 9 4 1 1 1 1   216.0  200.0
151 2432.245340 1.728E-32 4.725E+01.01320.087 6957.20400.50-.010765              3              2                    P 11      475624 9 4 1 1 1 1   168.0  184.0
151 2432.774288 4.363E-89 3.234E-01.00930.06032925.03480.50-.010766             15             13                    R 24      244523 9 4 3 2 1 4   408.0  392.0
151 2434.349311 1.799E-69 7.343E-01.00850.06023851.52790.50-.010770              7              6                    R 31      265624 9 4 1 1 1 1   520.0  504.0
151 2435.919213 1.159E-41 6.852E+01.07990.24010978.22460.69-.003387              5              4                    P  2      375624 9 4 1 1 1 1    24.0   40.0
151 2435.965583 9.281E-47 3.917E+01.06240.24113503.44700.71-.004419              6              5                    R  3      375624 9 4 1 1 1 1    72.0   56.0
151 2439.927230 1.549E-54 2.347E+01.00960.06517322.36650.50-.010782              7              6                    R 13      265624 9 4 1 1 1 1   232.0  216.0
151 2440.963945 1.609E-85 6.063E+00.01120.06831706.24630.50-.010785             16             14                    R 12      244523 9 4 3 2 1 4   216.0  200.0
151 2442.595874 3.184E-68 1.326E+00.00850.06023374.12900.50-.010788              7              6                    R 30      265624 9 4 1 1 1 1   504.0  488.0
151 2443.558958 2.040E-82 4.385E+01.01050.06630642.90170.50-.010790             15             13                    P 14      244523 9 4 3 2 1 4   216.0  232.0
151 2444.091004 6.771E-84 3.252E+01.08700.22930829.86970.69-.003405             16             14                    P  2      244523 9 4 3 2 1 4    24.0   40.0
151 2446.879833 4.901E-55 2.204E+01.00920.06217558.75090.50-.010798              7              6                    R 14      265624 9 4 1 1 1 1   248.0  232.0
151 2447.258518 2.419E-82 5.204E+01.00940.06030728.35720.50-.010799             14             12                    P 21      244523 9 4 3 2 1 4   328.0  344.0
151 2449.170500 2.320E-28 3.549E+01.00960.066 4991.72790.50-.010803              2              1                    P 14      465624 9 4 1 1 1 1   216.0  232.0
151 2449.815598 4.587E-67 2.066E+00.00850.06022908.63480.50-.010804              7              6                    R 29      265624 9 4 1 1 1 1   488.0  472.0
151 2450.721550 7.924E-47 3.918E+01.05370.21813574.81710.58-.006812              6              5                    R  4      375624 9 4 1 1 1 1    88.0   72.0
151 2453.048377 1.421E-55 2.057E+01.00890.06017811.15890.50-.010812              7              6                    R 15      265624 9 4 1 1 1 1   264.0  248.0
151 2453.112897 1.759E-36 5.589E+01.04390.189 8746.33920.35-.006830              4              3                    P  6      375624 9 4 1 1 1 1    88.0  104.0
151 2454.974410 6.772E-42 1.019E+02.08920.22210941.29680.65-.006081              5              4                    P  1      375624 9 4 1 1 1 1     8.0   24.0
151 2456.029676 5.684E-66 2.938E+00.00850.06022455.38200.50-.010818              7              6                    R 28      265624 9 4 1 1 1 1   472.0  456.0
151 2456.580944 3.538E-85 7.449E+00.01230.07231567.99410.50-.010820             16             14                    R 11      244523 9 4 3 2 1 4   200.0  184.0
151 2457.213541 4.369E-32 4.771E+01.01600.094 6743.57220.15-.008564              3              2                    P 10      475624 9 4 1 1 1 1   152.0  168.0
151 2457.846662 3.678E-84 4.774E+01.09710.21330806.10280.65-.006088             16             14                    P  1      244523 9 4 3 2 1 4     8.0   24.0
151 2458.420652 3.779E-56 1.909E+01.00880.06018079.41420.50-.010824              7              6                    R 16      265624 9 4 1 1 1 1   280.0  264.0
151 2459.036359 1.223E-24 1.956E+01.00880.060 3145.72500.50-.010825              1              0                    P 17      465624 9 4 1 1 1 1   264.0  280.0
151 2461.257925 6.228E-65 3.929E+00.00850.06022014.69670.50-.010830              7              6                    R 27      265624 9 4 1 1 1 1   456.0  440.0
151 2462.984329 9.226E-57 1.759E+01.00870.06018363.32940.50-.010834              7              6                    R 17      265624 9 4 1 1 1 1   296.0  280.0
151 2464.526648 2.871E-91 1.909E+01.00930.06034866.07140.50-.010837             14             11                    P 37      232523 9 4 3 3 1 4   584.0  600.0
151 2464.818465 5.948E-47 3.882E+01.04300.18713663.93930.35-.009406              6              5                    R  5      375624 9 4 1 1 1 1   104.0   88.0
151 2465.518967 6.127E-64 5.025E+00.00850.06021586.89470.50-.010840              7              6                    R 26      265624 9 4 1 1 1 1   440.0  424.0
151 2466.726915 2.069E-57 1.608E+01.00860.06018662.70570.50-.010842              7              6                    R 18      265624 9 4 1 1 1 1   312.0  296.0
151 2467.813905 5.628E-75 1.381E-01.00850.06026155.03100.50-.010845              6              5                    R 39      365624 9 4 1 1 1 1   648.0  632.0
151 2468.830267 5.461E-63 6.211E+00.00850.06021172.28120.50-.010847              7              6                    R 25      265624 9 4 1 1 1 1   424.0  408.0
151 2469.635723 4.263E-58 1.458E+01.00860.06018977.33360.50-.010849              7              6                    R 19      265624 9 4 1 1 1 1   328.0  312.0
151 2469.696288 7.123E-85 8.869E+00.01420.07731440.59870.50-.010849             16             14                    R 10      244523 9 4 3 2 1 4   184.0  168.0
151 2471.208541 4.437E-62 7.477E+00.00850.06020771.15100.50-.010852              7              6                    R 24      265624 9 4 1 1 1 1   408.0  392.0
151 2471.697816 8.072E-59 1.309E+01.00860.06019306.99250.50-.010853              7              6                    R 20      265624 9 4 1 1 1 1   344.0  328.0
151 2472.353571 9.320E-83 5.700E+01.00930.06031020.88170.50-.010855             12             10                    P 31      244523 9 4 3 2 1 4   488.0  504.0
151 2472.669599 3.297E-61 8.809E+00.00850.06020383.78840.50-.010856              7              6                    R 23      265624 9 4 1 1 1 1   392.0  376.0
151 2472.899960 1.405E-59 1.163E+01.00860.06019651.45110.50-.010856              7              6                    R 21      265624 9 4 1 1 1 1   360.0  344.0
151 2473.228563 2.246E-60 1.020E+01.00850.06020010.46730.50-.010857              7              6                    R 22      265624 9 4 1 1 1 1   376.0  360.0
151 2474.982860 2.503E-36 5.685E+01.05410.223 8632.36190.46-.007026              4              3                    P  5      375624 9 4 1 1 1 1    72.0   88.0
151 2476.108009 8.211E-28 3.588E+01.01030.072 4713.58650.50-.010863              2              1                    P 13      465624 9 4 1 1 1 1   200.0  216.0
151 2477.956116 4.375E-82 4.546E+01.01120.07230471.75310.50-.010867             15             13                    P 13      244523 9 4 3 2 1 4   200.0  216.0
151 2478.244566 3.977E-47 3.822E+01.03300.15413770.75350.40-.010999              6              5                    R  6      375624 9 4 1 1 1 1   120.0  104.0
151 2479.383087 4.884E-88 1.052E+00.00930.06032654.70260.50-.010871             15             13                    R 23      244523 9 4 3 2 1 4   392.0  376.0
151 2479.556298 3.307E-82 5.742E+01.00930.06030723.79550.50-.010871             13             11                    P 26      244523 9 4 3 2 1 4   408.0  424.0
151 2479.748981 3.596E-84 1.495E+01.09740.20130794.21170.740.001955             16             14                    R  0      244523 9 4 3 2 1 4    24.0    8.0
151 2480.406970 1.317E-84 1.029E+01.01710.08831324.23650.35-.011403             16             14                    R  9      244523 9 4 3 2 1 4   168.0  152.0
151 2481.709420 9.967E-32 4.818E+01.02020.110 6548.93280.14-.007961              3              2                    P  9      475624 9 4 1 1 1 1   136.0  152.0
151 2481.973072 4.875E-92 4.438E-01.00930.06034459.54030.50-.010876             13             11                    R 36      244523 9 4 3 2 1 4   600.0  584.0
151 2483.473786 1.154E-75 1.727E-03.00850.06025571.80930.50-.010880              6              5                    R 38      365624 9 4 1 1 1 1   632.0  616.0
151 2485.343920 2.111E-88 2.047E+01.00940.06033400.37190.50-.010884             17             14                    P 21      232523 9 4 3 3 1 4   328.0  344.0
151 2487.850373 6.071E-24 1.981E+01.00890.061 2800.99630.50-.010890              1              0                    P 16      465624 9 4 1 1 1 1   248.0  264.0
151 2487.860703 6.468E-84 1.721E+01.08640.21530806.10280.76-.003119             16             14                    R  1      244523 9 4 3 2 1 4    40.0   24.0
151 2488.798022 2.242E-84 1.169E+01.02170.09631219.06620.30-.011654             16             14                    R  8      244523 9 4 3 2 1 4   152.0  136.0
151 2489.085888 2.821E-92 1.840E+01.00930.06035353.07000.50-.010892             13             10                    P 41      232523 9 4 3 3 1 4   648.0  664.0
151 2489.562458 9.592E-84 5.044E+01.00930.06031508.54950.50-.010893             10              8                    P 39      244523 9 4 3 2 1 4   616.0  632.0
151 2490.988159 2.387E-47 3.743E+01.02560.12313895.18750.29-.011392              6              5                    R  7      375624 9 4 1 1 1 1   136.0  120.0
151 2491.317087 7.044E-42 3.327E+01.08940.22210922.82680.740.001929              5              4                    R  0      375624 9 4 1 1 1 1    24.0    8.0
151 2491.884030 8.289E-82 5.464E+01.00940.06030467.31780.50-.010899             14             12                    P 20      244523 9 4 3 2 1 4   312.0  328.0
151 2492.308980 4.944E-83 5.533E+01.00930.06031167.25110.50-.010900             11              9                    P 35      244523 9 4 3 2 1 4   552.0  568.0
151 2494.048744 8.186E-84 1.755E+01.07820.22430829.86970.72-.003890             16             14                    R  2      244523 9 4 3 2 1 4    56.0   40.0
151 2494.944206 3.513E-84 1.304E+01.02790.11131125.22960.29-.011401             16             14                    R  7      244523 9 4 3 2 1 4   136.0  120.0
151 2496.317285 3.117E-36 5.832E+01.06440.249 8537.26880.61-.007222              4              3                    P  4      375624 9 4 1 1 1 1    56.0   72.0
151 2497.975554 8.178E-73 7.813E-02.00850.06024998.11240.50-.010912              6              5                    R 37      365624 9 4 1 1 1 1   616.0  600.0
151 2498.284271 8.636E-84 1.718E+01.06800.21830865.48180.71-.004558             16             14                    R  3      244523 9 4 3 2 1 4    72.0   56.0
151 2498.911353 5.059E-84 1.430E+01.03590.13931042.85200.40-.011045             16             14                    R  6      244523 9 4 3 2 1 4   120.0  104.0
151 2500.057071 3.094E-91 3.103E-02.00930.06033493.23530.50-.010917             14             12                    R 30      244523 9 4 3 2 1 4   504.0  488.0
151 2500.533531 8.005E-84 1.643E+01.05850.19730912.89310.58-.006924             16             14                    R  4      244523 9 4 3 2 1 4    88.0   72.0
151 2500.757502 6.672E-84 1.545E+01.04680.16930972.04220.35-.009486             16             14                    R  5      244523 9 4 3 2 1 4   104.0   88.0
151 2502.611690 2.632E-27 3.626E+01.01140.077 4454.59240.50-.010923              2              1                    P 12      465624 9 4 1 1 1 1   184.0  200.0
151 2503.037617 1.292E-47 3.651E+01.01990.10614037.15730.30-.011686              6              5                    R  8      375624 9 4 1 1 1 1   152.0  136.0
151 2505.720051 2.046E-31 4.868E+01.02640.126 6373.40770.13-.007458              3              2                    P  8      475624 9 4 1 1 1 1   120.0  136.0
151 2505.914855 4.622E-89 2.254E+01.00930.06033782.05520.50-.010930             16             13                    P 27      232523 9 4 3 3 1 4   424.0  440.0
151 2508.580398 1.254E-41 3.942E+01.07930.23810941.29680.76-.003165              5              4                    R  1      375624 9 4 1 1 1 1    40.0   24.0
151 2510.598147 8.801E-82 4.693E+01.01240.07730311.97960.50-.010941             15             13                    P 12      244523 9 4 3 2 1 4   184.0  200.0
151 2511.350108 5.470E-71 3.500E-01.00850.06024434.35190.50-.010942              6              5                    R 36      365624 9 4 1 1 1 1   600.0  584.0
151 2514.381379 6.336E-48 3.547E+01.01570.09714196.56720.35-.011479              6              5                    R  9      375624 9 4 1 1 1 1   168.0  152.0
151 2516.269397 2.734E-23 2.005E+01.00920.063 2475.45850.50-.010953              1              0                    P 15      465624 9 4 1 1 1 1   232.0  248.0
151 2517.103641 3.316E-36 6.101E+01.07240.253 8461.12100.71-.005218              4              3                    P  3      375624 9 4 1 1 1 1    40.0   56.0
151 2521.840881 3.306E-87 2.149E+00.00930.06032392.78330.50-.010966             15             13                    R 22      244523 9 4 3 2 1 4   376.0  360.0
151 2523.625431 1.777E-69 8.009E-01.00850.06023880.92890.50-.010970              6              5                    R 35      365624 9 4 1 1 1 1   584.0  568.0
151 2525.007846 2.821E-48 3.433E+01.01300.08514373.30940.50-.010973              6              5                    R 10      375624 9 4 1 1 1 1   184.0  168.0
151 2525.222336 1.529E-41 4.162E+01.07180.24710978.22460.72-.003960              5              4                    R  2      375624 9 4 1 1 1 1    56.0   40.0
151 2528.668110 7.622E-27 3.662E+01.01320.087 4214.90420.50-.010981              2              1                    P 11      475624 9 4 1 1 1 1   168.0  184.0
151 2528.969560 6.221E-82 6.010E+01.00930.06030625.04920.50-.010982             12             10                    P 30      244523 9 4 3 2 1 4   472.0  488.0
151 2529.232513 3.762E-31 4.923E+01.03370.157 6217.10670.25-.006955              3              2                    P  7      475624 9 4 1 1 1 1   104.0  120.0
151 2530.299855 1.589E-81 6.041E+01.00930.06030394.73500.50-.010985             13             11                    P 25      244523 9 4 3 2 1 4   392.0  408.0
151 2531.754002 7.620E-90 2.319E+01.00930.06034190.14560.50-.010988             15             12                    P 32      232523 9 4 3 3 1 4   504.0  520.0
151 2534.709773 2.684E-81 5.711E+01.00940.06030216.79830.50-.010995             14             12                    P 19      244523 9 4 3 2 1 4   296.0  312.0
151 2534.826964 4.232E-68 1.415E+00.00850.06023338.23390.50-.010995              6              5                    R 34      365624 9 4 1 1 1 1   568.0  552.0
151 2534.905753 1.143E-48 3.311E+01.01130.07514567.26490.50-.010995              6              5                    R 11      375624 9 4 1 1 1 1   200.0  184.0
151 2537.329445 2.858E-36 6.744E+01.07990.240 8403.96730.69-.003614              4              3                    P  2      375624 9 4 1 1 1 1    24.0   40.0
151 2541.230999 1.513E-41 4.247E+01.06240.24111033.58610.71-.004655              5              4                    R  3      375624 9 4 1 1 1 1    72.0   56.0
151 2541.516306 1.658E-81 4.828E+01.01440.08730163.77300.50-.011010             15             13                    P 11      244523 9 4 3 2 1 4   168.0  184.0
151 2544.063649 4.221E-49 3.181E+01.01030.07014778.30270.50-.011016              6              5                    R 12      365624 9 4 1 1 1 1   216.0  200.0
151 2544.279960 1.115E-22 2.028E+01.00960.066 2169.30650.50-.011016              1              0                    P 14      465724 9 4 1 1 1 1   216.0  232.0
151 2544.977928 8.317E-67 2.177E+00.00850.06022806.64750.50-.011018              6              5                    R 33      365624 9 4 1 1 1 1   552.0  536.0
151 2552.233910 6.166E-31 4.990E+01.04390.189 6080.12800.35-.007052              3              2                    P  6      475624 9 4 1 1 1 1    88.0  104.0
151 2552.470202 1.424E-49 3.046E+01.00960.06515006.28060.50-.011034              6              5                    R 13      365624 9 4 1 1 1 1   232.0  216.0
151 2552.734044 4.339E-82 5.817E+01.00930.06030714.76540.50-.011035             11              9                    P 34      244523 9 4 3 2 1 4   536.0  552.0
151 2553.689555 1.099E-82 5.290E+01.00930.06031000.72410.50-.011037             10              8                    P 38      244523 9 4 3 2 1 4   600.0  616.0
151 2554.099620 1.418E-65 3.072E+00.00850.06022286.54010.50-.011038              6              5                    R 32      365624 9 4 1 1 1 1   536.0  520.0
151 2554.264152 1.991E-26 3.699E+01.01600.094 3994.66870.15-.008781              2              1                    P 10      475624 9 4 1 1 1 1   152.0  168.0
151 2556.594583 1.282E-41 4.266E+01.05370.21811107.34470.58-.007049              5              4                    R  4      375624 9 4 1 1 1 1    88.0   72.0
151 2556.982300 1.683E-36 1.005E+02.08920.222 8365.84450.65-.006310              4              3                    P  1      375624 9 4 1 1 1 1     8.0   24.0
151 2560.114121 4.390E-50 2.904E+01.00920.06215251.04470.50-.011051              6              5                    R 14      365624 9 4 1 1 1 1   248.0  232.0
151 2560.510957 1.744E-86 3.568E+00.00940.06032139.67580.50-.011052             15             13                    R 21      244523 9 4 3 2 1 4   360.0  344.0
151 2562.080612 2.479E-89 5.186E-01.00930.06033154.01880.50-.011056             14             12                    R 29      244523 9 4 3 2 1 4   488.0  472.0
151 2562.211667 2.151E-64 4.087E+00.00850.06021778.27260.50-.011056              6              5                    R 31      365624 9 4 1 1 1 1   520.0  504.0
151 2564.797572 9.960E-94 1.407E-03.00930.06034057.12830.50-.011062             13             11                    R 35      244523 9 4 3 2 1 4   584.0  568.0
151 2566.984141 1.239E-50 2.758E+01.00890.06015512.43000.50-.011067              6              5                    R 15      365624 9 4 1 1 1 1   264.0  248.0
151 2569.332263 2.946E-63 5.209E+00.00850.06021282.19570.50-.011072              6              5                    R 30      365624 9 4 1 1 1 1   504.0  488.0
151 2570.735990 2.919E-81 4.951E+01.01740.09530027.30950.15-.008818             15             13                    P 10      244523 9 4 3 2 1 4   152.0  168.0
151 2571.301389 9.532E-42 4.247E+01.04300.18711199.45210.35-.009644              5              4                    R  5      375624 9 4 1 1 1 1   104.0   88.0
151 2571.868547 4.114E-22 2.050E+01.01030.072 1882.72390.50-.011078              1              0                    P 13      465624 9 4 1 1 1 1   200.0  216.0
151 2573.069011 3.204E-51 2.608E+01.00880.06015790.26030.50-.011080              6              5                    R 16      365624 9 4 1 1 1 1   280.0  264.0
151 2574.711378 8.937E-31 5.079E+01.05410.223 5962.55740.46-.007250              3              2                    P  5      475624 9 4 1 1 1 1    72.0   88.0
151 2575.478374 3.673E-62 6.425E+00.00850.06020798.65060.50-.011086              6              5                    R 29      365624 9 4 1 1 1 1   488.0  472.0
151 2575.794960 8.206E-81 5.944E+01.00950.06029977.08840.50-.011087             14             12                    P 18      244523 9 4 3 2 1 4   280.0  296.0
151 2575.814811 6.572E-88 2.414E+01.00940.06033175.61570.50-.011087             17             14                    P 20      232523 9 4 3 3 1 4   312.0  328.0
151 2578.357476 7.603E-52 2.455E+01.00870.06016084.34810.50-.011092              6              5                    R 17      365624 9 4 1 1 1 1   296.0  280.0
151 2579.229442 7.253E-81 6.327E+01.00930.06030075.47310.50-.011094             13             11                    P 24      244523 9 4 3 2 1 4   376.0  392.0
151 2579.386571 4.679E-26 3.736E+01.02020.110 3794.02110.14-.008180              2              1                    P  9      475624 9 4 1 1 1 1   136.0  152.0
151 2580.665915 4.192E-61 7.724E+00.00850.06020327.96890.50-.011098              6              5                    R 28      365624 9 4 1 1 1 1   472.0  456.0
151 2582.838257 1.656E-52 2.299E+01.00860.06016394.49520.50-.011102              6              5                    R 18      365624 9 4 1 1 1 1   312.0  296.0
151 2583.702798 3.964E-81 6.306E+01.00930.06030238.01310.50-.011104             12             10                    P 29      244523 9 4 3 2 1 4   456.0  472.0
151 2584.909916 4.392E-60 9.093E+00.00850.06019870.47200.50-.011107              6              5                    R 27      365624 9 4 1 1 1 1   456.0  440.0
151 2585.339823 6.295E-42 4.202E+01.03300.15411309.84770.40-.011239              5              4                    R  6      375624 9 4 1 1 1 1   120.0  104.0
151 2586.500029 3.315E-53 2.141E+01.00860.06016720.49240.50-.011111              6              5                    R 19      365624 9 4 1 1 1 1   328.0  312.0
151 2588.224658 4.234E-59 1.052E+01.00850.06019426.47200.50-.011114              6              5                    R 26      365624 9 4 1 1 1 1   440.0  424.0
151 2589.331395 6.104E-54 1.982E+01.00860.06017062.11960.50-.011117              6              5                    R 20      365624 9 4 1 1 1 1   344.0  328.0
151 2590.623796 3.759E-58 1.200E+01.00850.06018996.27090.50-.011120              6              5                    R 25      365624 9 4 1 1 1 1   424.0  408.0
151 2591.320853 1.034E-54 1.823E+01.00860.06017419.14640.50-.011121              6              5                    R 21      365624 9 4 1 1 1 1   360.0  344.0
151 2592.120373 3.077E-57 1.352E+01.00850.06018580.16080.50-.011123              6              5                    R 24      365624 9 4 1 1 1 1   408.0  392.0
151 2592.456758 1.614E-55 1.665E+01.00850.06017791.33160.50-.011124              6              5                    R 22      365624 9 4 1 1 1 1   376.0  360.0
151 2592.727285 2.321E-56 1.507E+01.00850.06018178.42370.50-.011125              6              5                    R 23      365624 9 4 1 1 1 1   392.0  376.0
151 2594.519840 1.763E-36 3.294E+01.08940.222 8346.77690.740.001698              4              3                    R  0      375624 9 4 1 1 1 1    24.0    8.0
151 2595.689845 7.820E-86 5.257E+00.00940.06031895.75120.50-.011131             15             13                    R 20      244523 9 4 3 2 1 4   344.0  328.0
151 2596.652109 1.130E-30 5.216E+01.06440.249 5864.46890.61-.007447              3              2                    P  4      475624 9 4 1 1 1 1    56.0   72.0
151 2598.277397 4.790E-81 5.063E+01.02200.11029902.74920.14-.008222             15             13                    P  9      244523 9 4 3 2 1 4   136.0  152.0
151 2598.698406 3.722E-42 4.139E+01.02560.12311438.45890.29-.011634              5              4                    R  7      375624 9 4 1 1 1 1   136.0  120.0
151 2599.021697 1.370E-21 2.071E+01.01140.077 1615.88260.50-.011139              1              0                    P 12      465624 9 4 1 1 1 1   184.0  200.0
151 2599.841443 1.433E-82 4.744E+01.00930.06030932.27530.50-.011140              9              7                    P 41      244523 9 4 3 2 1 4   648.0  664.0
151 2601.949272 4.600E-70 7.183E-01.00850.06024145.40570.50-.011145              5              4                    R 39      365624 9 4 1 1 1 1   648.0  632.0
151 2604.022131 9.864E-26 3.775E+01.02640.126 3613.08460.13-.007678              2              1                    P  8      475624 9 4 1 1 1 1   120.0  136.0
151 2611.272107 3.652E-81 6.087E+01.00930.06030270.28620.50-.011166             11              9                    P 33      244523 9 4 3 2 1 4   520.0  536.0
151 2611.365775 1.981E-42 4.061E+01.01990.10611585.20140.30-.011929              5              4                    R  8      375624 9 4 1 1 1 1   152.0  136.0
151 2612.380162 3.137E-36 3.912E+01.07930.238 8365.84450.76-.003398              4              3                    R  1      375624 9 4 1 1 1 1    40.0   24.0
151 2615.189832 2.365E-80 6.163E+01.00960.06029748.46020.50-.011175             14             12                    P 17      244523 9 4 3 2 1 4   264.0  280.0
151 2615.898269 1.214E-81 5.521E+01.00930.06030499.96820.50-.011176             10              8                    P 37      244523 9 4 3 2 1 4   584.0  600.0
151 2616.221029 1.520E-68 1.289E+00.00850.06023538.81000.50-.011177              5              4                    R 38      365624 9 4 1 1 1 1   632.0  616.0
151 2618.043355 1.218E-30 5.461E+01.07240.253 5785.92400.71-.005444              3              2                    P  3      475624 9 4 1 1 1 1    40.0   56.0
151 2618.765547 3.455E-88 1.552E+00.00930.06032821.71590.50-.011183             14             12                    R 28      244523 9 4 3 2 1 4   472.0  456.0
151 2619.036019 2.052E-88 2.736E+01.00930.06033489.19160.50-.011183             16             13                    P 26      232523 9 4 3 3 1 4   408.0  424.0
151 2622.496281 2.353E-90 2.526E+01.00930.06034459.54030.50-.011191             14             11                    P 36      232523 9 4 3 3 1 4   568.0  584.0
151 2623.330685 9.523E-43 3.971E+01.01570.09711749.97880.35-.011723              5              4                    R  9      375624 9 4 1 1 1 1   168.0  152.0
151 2624.156129 7.305E-81 5.167E+01.02870.12629790.23700.13-.007723             15             13                    P  8      244523 9 4 3 2 1 4   120.0  136.0
151 2625.725648 4.111E-21 2.092E+01.01320.087 1368.94310.50-.011198              1              0                    P 11      475624 9 4 1 1 1 1   168.0  184.0
151 2626.421519 3.138E-80 6.600E+01.00930.06029766.36180.50-.011200             13             11                    P 23      244523 9 4 3 2 1 4   360.0  376.0
151 2627.623714 3.100E-85 7.168E+00.00940.06031661.35600.50-.011203             15             13                    R 19      244523 9 4 3 2 1 4   328.0  312.0
151 2628.157623 1.858E-25 3.819E+01.03370.157 3451.97030.25-.007177              2              1                    P  7      475624 9 4 1 1 1 1   104.0  120.0
151 2629.419665 4.136E-67 2.003E+00.00850.06022942.38960.50-.011207              5              4                    R 37      365624 9 4 1 1 1 1   616.0  600.0
151 2629.618767 3.813E-36 4.141E+01.07180.247 8403.96730.72-.004194              4              3                    R  2      375624 9 4 1 1 1 1    56.0   40.0
151 2634.581905 4.148E-43 3.871E+01.01300.08511932.68300.50-.011218              5              4                    R 10      375624 9 4 1 1 1 1   184.0  168.0
151 2636.653214 2.408E-80 6.587E+01.00930.06029860.18760.50-.011223             12             10                    P 28      244523 9 4 3 2 1 4   440.0  456.0
151 2636.899578 3.887E-90 1.147E+00.00930.06033633.06030.50-.011223             17             14                    R 22      232523 9 4 3 3 1 4   376.0  360.0
151 2638.872444 1.061E-30 6.044E+01.07990.240 5726.97200.69-.003841              3              2                    P  2      475624 9 4 1 1 1 1    24.0   40.0
151 2639.716400 1.484E-90 3.304E-01.00930.06033659.56010.50-.011230             13             11                    R 34      244523 9 4 3 2 1 4   568.0  552.0
151 2641.566336 9.779E-66 2.845E+00.00850.06022356.54600.50-.011234              5              4                    R 36      365624 9 4 1 1 1 1   600.0  584.0
151 2645.108586 1.640E-43 3.763E+01.01130.07512133.19410.50-.011242              5              4                    R 11      375624 9 4 1 1 1 1   200.0  184.0
151 2646.223742 3.752E-36 4.238E+01.06240.241 8461.12100.71-.004890              4              3                    R  3      375624 9 4 1 1 1 1    72.0   56.0
151 2648.383348 1.031E-80 5.265E+01.03670.15029689.90260.25-.007222             15             13                    P  7      244523 9 4 3 2 1 4   104.0  120.0
151 2651.779879 3.111E-25 3.873E+01.04390.189 3310.77750.35-.007275              2              1                    P  6      475624 9 4 1 1 1 1    88.0  104.0
151 2651.966952 1.110E-20 2.113E+01.01600.094 1142.05420.15-.009000              1              0                    P 10      476754 9 4 1 1 1 1   152.0  168.0
151 2652.680406 2.063E-64 3.804E+00.00850.06021781.67150.50-.011259              5              4                    R 35      365624 9 4 1 1 1 1   584.0  568.0
151 2652.936856 6.415E-80 6.369E+01.00970.06129531.16880.50-.011259             14             12                    P 16      244523 9 4 3 2 1 4   248.0  264.0
151 2654.899760 5.901E-44 3.646E+01.01030.07012351.38080.50-.011264              5              4                    R 12      365624 9 4 1 1 1 1   216.0  200.0
151 2656.519732 1.110E-84 9.254E+00.00940.06031436.81350.50-.011267             15             13                    R 18      244523 9 4 3 2 1 4   312.0  296.0
151 2659.126801 6.290E-31 9.020E+01.08920.222 5687.65010.65-.006539              3              2                    P  1      475624 9 4 1 1 1 1     8.0   24.0
151 2659.182675 1.912E-87 2.756E+01.00940.06032959.20180.50-.011273             17             14                    P 19      232523 9 4 3 3 1 4   296.0  312.0
151 2659.878900 2.859E-91 2.393E+01.00930.06034898.20830.50-.011275             13             10                    P 40      232523 9 4 3 3 1 4   632.0  648.0
151 2662.183303 3.153E-36 4.270E+01.05370.218 8537.26880.58-.007286              4              3                    R  4      375624 9 4 1 1 1 1    88.0   72.0
151 2662.779719 3.943E-63 4.867E+00.00850.06021218.14920.50-.011281              5              4                    R 34      365624 9 4 1 1 1 1   568.0  552.0
151 2662.915078 4.542E-89 2.863E+01.00930.06033838.81110.50-.011282             15             12                    P 31      232523 9 4 3 3 1 4   488.0  504.0
151 2663.799915 1.988E-81 4.919E+01.00930.06030383.50990.50-.011284              9              7                    P 40      244523 9 4 3 2 1 4   632.0  648.0
151 2663.944637 1.934E-44 3.523E+01.00960.06512587.10000.50-.011284              5              4                    R 13      365624 9 4 1 1 1 1   232.0  216.0
151 2664.334958 2.248E-93 2.047E-02.00930.06034446.28760.50-.011285             12             10                    R 39      244523 9 4 3 2 1 4   648.0  632.0
151 2668.035600 2.941E-80 6.342E+01.00930.06029834.26930.50-.011293             11              9                    P 32      244523 9 4 3 2 1 4   504.0  520.0
151 2670.729391 3.075E-87 3.066E+00.00930.06032496.84080.50-.011299             14             12                    R 27      244523 9 4 3 2 1 4   456.0  440.0
151 2670.966630 1.341E-80 5.363E+01.04780.18129601.86060.35-.007318             15             13                    P  6      244523 9 4 3 2 1 4    88.0  104.0
151 2671.880838 6.884E-62 6.023E+00.00850.06020666.35310.50-.011302              5              4                    R 33      365624 9 4 1 1 1 1   552.0  536.0
151 2671.941063 1.286E-79 6.859E+01.00940.06029467.73470.50-.011302             13             11                    P 22      244523 9 4 3 2 1 4   344.0  360.0
151 2672.232533 5.784E-45 3.394E+01.00920.06212840.19740.50-.011303              5              4                    R 14      365624 9 4 1 1 1 1   248.0  232.0
151 2674.875785 4.592E-25 3.945E+01.05410.223 3189.59310.46-.007474              2              1                    P  5      475624 9 4 1 1 1 1    72.0   88.0
151 2676.317297 1.289E-80 5.738E+01.00930.06030006.77740.50-.011312             10              8                    P 36      244523 9 4 3 2 1 4   568.0  584.0
151 2677.485799 2.318E-36 4.266E+01.04300.187 8632.36190.35-.009882              4              3                    R  5      375624 9 4 1 1 1 1   104.0   88.0
151 2677.732053 2.686E-20 2.134E+01.02020.110  935.35250.14-.008400              1              0                    P  9      476754 9 4 1 1 1 1   136.0  152.0
151 2679.752856 1.580E-45 3.259E+01.00890.06013110.50740.50-.011319              5              4                    R 15      365624 9 4 1 1 1 1   264.0  248.0
151 2679.999237 1.104E-60 7.260E+00.00850.06020126.64820.50-.011320              5              4                    R 32      365624 9 4 1 1 1 1   536.0  520.0
151 2682.554473 3.629E-84 1.147E+01.00950.06031222.42520.50-.011326             15             13                    R 17      244523 9 4 3 2 1 4   296.0  280.0
151 2686.495099 3.949E-46 3.120E+01.00880.06013397.85300.50-.011335              5              4                    R 16      365624 9 4 1 1 1 1   280.0  264.0
151 2687.149468 1.631E-59 8.570E+00.00850.06019599.39070.50-.011336              5              4                    R 31      365624 9 4 1 1 1 1   520.0  504.0
151 2687.905403 1.391E-79 6.855E+01.00930.06029491.96720.50-.011338             12             10                    P 27      244523 9 4 3 2 1 4   424.0  440.0
151 2689.071782 1.636E-79 6.562E+01.01000.06329325.45310.50-.011340             14             12                    P 15      244523 9 4 3 2 1 4   232.0  248.0
151 2691.909881 1.593E-80 5.475E+01.05890.21329526.21130.46-.007512             15             13                    P  5      244523 9 4 3 2 1 4    72.0   88.0
151 2692.119726 1.510E-36 4.237E+01.03300.154 8746.33920.40-.011478              4              3                    R  6      375624 9 4 1 1 1 1   120.0  104.0
151 2692.448828 9.037E-47 2.976E+01.00870.06013702.04640.50-.011348              5              4                    R 17      365624 9 4 1 1 1 1   296.0  280.0
151 2693.345302 2.226E-58 9.942E+00.00850.06019084.92730.50-.011350              5              4                    R 30      365624 9 4 1 1 1 1   504.0  488.0
151 2697.432293 5.899E-25 4.054E+01.06440.249 3088.49170.61-.007673              2              1                    P  4      475624 9 4 1 1 1 1    56.0   72.0
151 2697.603666 1.896E-47 2.828E+01.00860.06014022.88870.50-.011359              5              4                    R 18      365624 9 4 1 1 1 1   312.0  296.0
151 2697.861473 6.633E-31 2.966E+01.08940.222 5667.98300.740.001467              3              2                    R  0      475624 9 4 1 1 1 1    24.0    8.0
151 2698.599842 2.807E-57 1.137E+01.00850.06018583.59580.50-.011362              5              4                    R 29      365624 9 4 1 1 1 1   488.0  472.0
151 2701.949274 3.651E-48 2.678E+01.00860.06014360.17030.50-.011369              5              4                    R 19      365624 9 4 1 1 1 1   328.0  312.0
151 2702.925724 3.274E-56 1.283E+01.00850.06018095.72490.50-.011371              5              4                    R 28      365624 9 4 1 1 1 1   472.0  456.0
151 2703.007422 5.818E-20 2.157E+01.02640.126  748.96290.13-.007900              1              0                    P  8      476754 9 4 1 1 1 1   120.0  136.0
151 2705.475329 6.458E-49 2.524E+01.00860.06014713.67100.50-.011377              5              4                    R 20      365624 9 4 1 1 1 1   344.0  328.0
151 2705.879573 1.092E-83 1.378E+01.00960.06031018.47220.50-.011378             15             13                    R 16      244523 9 4 3 2 1 4   280.0  264.0
151 2706.073725 8.784E-37 4.190E+01.02560.123 8879.12770.29-.011874              4              3                    R  7      375624 9 4 1 1 1 1   136.0  120.0
151 2706.334766 3.531E-55 1.434E+01.00850.06017621.63410.50-.011379              5              4                    R 27      365624 9 4 1 1 1 1   456.0  440.0
151 2708.061373 3.782E-89 1.356E+00.00930.06033267.49940.50-.011383             13             11                    R 33      244523 9 4 3 2 1 4   552.0  536.0
151 2708.171508 1.051E-49 2.369E+01.00860.06015083.16000.50-.011383              5              4                    R 21      365624 9 4 1 1 1 1   360.0  344.0
151 2708.838803 3.521E-54 1.587E+01.00850.06017161.63320.50-.011385              5              4                    R 26      365624 9 4 1 1 1 1   440.0  424.0
151 2710.027451 1.574E-50 2.213E+01.00850.06015468.39610.50-.011387              5              4                    R 22      365624 9 4 1 1 1 1   376.0  360.0
151 2710.449151 3.246E-53 1.742E+01.00850.06016716.02290.50-.011388              5              4                    R 25      365624 9 4 1 1 1 1   424.0  408.0
151 2711.032738 2.171E-51 2.056E+01.00850.06015869.12800.50-.011390              5              4                    R 23      365624 9 4 1 1 1 1   392.0  376.0
151 2711.176855 2.763E-52 1.899E+01.00850.06016285.09410.50-.011390              5              4                    R 24      365624 9 4 1 1 1 1   408.0  392.0
151 2711.213682 1.705E-80 5.624E+01.07010.23829463.04010.61-.007703             15             13                    P  4      244523 9 4 3 2 1 4    56.0   72.0
151 2715.843293 4.979E-79 7.104E+01.00940.06029179.90790.50-.011400             13             11                    P 21      244523 9 4 3 2 1 4   328.0  344.0
151 2716.317189 1.179E-30 3.528E+01.07930.238 5687.65010.76-.003631              3              2                    R  1      475624 9 4 1 1 1 1    40.0   24.0
151 2718.451952 2.176E-86 4.991E+00.00930.06032179.87260.50-.011406             14             12                    R 26      244523 9 4 3 2 1 4   440.0  424.0
151 2719.336593 4.587E-37 4.129E+01.01990.106 9030.64220.30-.012170              4              3                    R  8      375624 9 4 1 1 1 1   152.0  136.0
151 2719.436439 6.440E-25 4.248E+01.07240.253 3007.53560.71-.005671              2              1                    P  3      475624 9 4 1 1 1 1    40.0   56.0
151 2722.453824 8.460E-88 3.161E+01.00930.06033203.35180.50-.011415             16             13                    P 25      232523 9 4 3 3 1 4   392.0  408.0
151 2723.119388 2.263E-79 6.584E+01.00930.06029407.14960.50-.011417             11              9                    P 31      244523 9 4 3 2 1 4   488.0  504.0
151 2723.624515 3.914E-79 6.741E+01.01050.06629131.53640.50-.011418             14             12                    P 14      244523 9 4 3 2 1 4   216.0  232.0
151 2726.055111 2.660E-80 5.082E+01.00930.06029841.78530.50-.011423              9              7                    P 39      244523 9 4 3 2 1 4   616.0  632.0
151 2726.626613 3.040E-83 1.615E+01.00970.06030825.21660.50-.011424             15             13                    R 15      244523 9 4 3 2 1 4   264.0  248.0
151 2727.779571 1.123E-19 2.183E+01.03370.157  582.99800.25-.007400              1              0                    P  7      476754 9 4 1 1 1 1   104.0  120.0
151 2728.875478 1.607E-80 5.876E+01.07880.24229412.41810.71-.005692             15             13                    P  3      244523 9 4 3 2 1 4    40.0   56.0
151 2731.897284 2.159E-37 4.057E+01.01570.097 9200.78580.35-.011967              4              3                    R  9      375624 9 4 1 1 1 1   168.0  152.0
151 2732.399376 5.411E-65 3.179E+00.00850.06022029.36650.50-.011437              4              3                    R 39      365624 9 4 1 1 1 1   648.0  632.0
151 2734.148965 1.428E-30 3.743E+01.07180.247 5726.97200.72-.004428              3              2                    R  2      475624 9 4 1 1 1 1    56.0   40.0
151 2735.054917 1.313E-79 5.942E+01.00930.06029521.62560.50-.011443             10              8                    P 35      244523 9 4 3 2 1 4   552.0  568.0
151 2736.420776 5.230E-87 3.074E+01.00950.06032751.50800.50-.011446             17             14                    P 18      232523 9 4 3 3 1 4   280.0  296.0
151 2737.531198 7.636E-79 7.109E+01.00930.06029133.72740.50-.011449             12             10                    P 26      244523 9 4 3 2 1 4   408.0  424.0
151 2740.875353 5.661E-25 4.706E+01.07990.240 2946.77480.69-.004070              2              1                    P  2      475624 9 4 1 1 1 1    24.0   40.0
151 2743.744914 9.181E-38 3.976E+01.01300.085 9389.44930.50-.011463              4              3                    R 10      375624 9 4 1 1 1 1   184.0  168.0
151 2744.889712 1.263E-80 6.475E+01.08700.22929374.40210.69-.004079             15             13                    P  2      244523 9 4 3 2 1 4    24.0   40.0
151 2744.910509 7.846E-83 1.854E+01.01000.06230642.90170.50-.011465             15             13                    R 14      244523 9 4 3 2 1 4   248.0  232.0
151 2745.569949 1.440E-63 4.108E+00.00850.06021399.83570.50-.011467              4              3                    R 38      365624 9 4 1 1 1 1   632.0  616.0
151 2747.019925 5.666E-91 6.367E-01.00930.06033998.11190.50-.011470             12             10                    R 38      244523 9 4 3 2 1 4   632.0  616.0
151 2748.287548 2.693E-89 2.910E+00.00940.06033400.37190.50-.011473             17             14                    R 21      232523 9 4 3 3 1 4   360.0  344.0
151 2751.344838 1.396E-30 3.839E+01.06240.241 5785.92400.71-.005125              3              2                    R  3      475624 9 4 1 1 1 1    72.0   56.0
151 2752.035067 1.920E-19 2.214E+01.04390.189  437.55800.35-.007500              1              0                    P  6      476754 9 4 1 1 1 1    88.0  104.0
151 2754.868620 3.536E-38 3.886E+01.01130.075 9596.51220.50-.011488              4              3                    R 11      375624 9 4 1 1 1 1   200.0  184.0
151 2756.619826 8.777E-79 6.908E+01.01120.07228949.62640.50-.011492             14             12                    P 13      244523 9 4 3 2 1 4   200.0  216.0
151 2757.722460 3.513E-62 5.124E+00.00850.06020781.08750.50-.011494              4              3                    R 37      365624 9 4 1 1 1 1   616.0  600.0
151 2758.175357 1.820E-78 7.336E+01.00940.06028903.18070.50-.011495             13             11                    P 20      244523 9 4 3 2 1 4   312.0  328.0
151 2759.247923 6.986E-81 9.596E+01.09710.21329349.03450.65-.006763             15             13                    P  1      244523 9 4 3 2 1 4     8.0   24.0
151 2760.832255 1.881E-82 2.091E+01.01050.06530471.75310.50-.011501             15             13                    R 13      244523 9 4 3 2 1 4   232.0  216.0
151 2761.188225 1.734E-89 3.003E+01.00930.06034057.12830.50-.011502             14             11                    P 35      232523 9 4 3 3 1 4   552.0  568.0
151 2761.736276 3.381E-25 7.031E+01.08920.222 2906.24670.65-.006768              2              1                    P  1      475624 9 4 1 1 1 1     8.0   24.0
151 2762.316226 1.324E-85 7.258E+00.00930.06031871.25860.50-.011504             14             12                    R 25      244523 9 4 3 2 1 4   424.0  408.0
151 2765.258069 1.236E-38 3.788E+01.01030.070 9821.84190.50-.011511              4              3                    R 12      365624 9 4 1 1 1 1   216.0  200.0
151 2767.892996 1.162E-30 3.878E+01.05370.218 5864.46890.58-.007523              3              2                    R  4      475624 9 4 1 1 1 1    88.0   72.0
151 2768.872467 7.893E-61 6.217E+00.00850.06020173.51710.50-.011519              4              3                    R 36      365624 9 4 1 1 1 1   600.0  584.0
151 2770.763484 5.046E-88 2.989E+00.00930.06032881.55830.50-.011523             13             11                    R 32      244523 9 4 3 2 1 4   536.0  520.0
151 2774.481083 4.191E-82 2.325E+01.01120.06830311.97960.50-.011532             15             13                    R 12      244523 9 4 3 2 1 4   216.0  200.0
151 2774.902761 3.926E-39 3.685E+01.00960.06510065.29470.50-.011533              4              3                    R 13      365624 9 4 1 1 1 1   232.0  216.0
151 2775.760544 2.886E-19 2.257E+01.05410.223  312.73110.46-.007700              1              0                    P  5      476754 9 4 1 1 1 1    72.0   88.0
151 2776.603854 1.660E-78 6.812E+01.00930.06028989.34310.50-.011536             11              9                    P 30      244523 9 4 3 2 1 4   472.0  488.0
151 2779.034426 1.640E-59 7.378E+00.00850.06019577.51160.50-.011542              4              3                    R 35      365624 9 4 1 1 1 1   584.0  568.0
151 2781.494543 2.492E-88 3.304E+01.00930.06033493.23530.50-.011547             15             12                    P 30      232523 9 4 3 3 1 4   472.0  488.0
151 2782.948199 7.051E-81 3.088E+01.09740.20129336.34360.740.001276             15             13                    R  0      244523 9 4 3 2 1 4    24.0    8.0
151 2783.781791 8.443E-31 3.884E+01.04300.187 5962.55740.35-.010120              3              2                    R  5      475624 9 4 1 1 1 1   104.0   88.0
151 2783.792456 1.135E-39 3.575E+01.00920.06210326.71490.50-.011553              4              3                    R 14      365624 9 4 1 1 1 1   248.0  232.0
151 2785.591718 3.974E-78 7.350E+01.00930.06028785.82660.50-.011557             12             10                    P 25      244523 9 4 3 2 1 4   392.0  408.0
151 2785.936198 8.682E-82 2.552E+01.01230.07230163.77300.50-.011557             15             13                    R 11      244523 9 4 3 2 1 4   200.0  184.0
151 2786.712752 3.426E-79 5.233E+01.00930.06029307.59250.50-.011559              9              7                    P 38      244523 9 4 3 2 1 4   600.0  616.0
151 2788.077952 1.841E-78 7.063E+01.01240.07728779.91610.50-.011562             14             12                    P 12      244523 9 4 3 2 1 4   184.0  200.0
151 2788.221847 3.158E-58 8.599E+00.00850.06018993.44970.50-.011562              4              3                    R 34      365624 9 4 1 1 1 1   568.0  552.0
151 2791.917068 2.993E-40 3.459E+01.00890.06010605.93590.50-.011571              4              3                    R 15      365624 9 4 1 1 1 1   264.0  248.0
151 2792.202619 1.281E-78 6.133E+01.00930.06029044.96680.50-.011571             10              8                    P 34      244523 9 4 3 2 1 4   536.0  552.0
151 2792.259139 1.286E-80 3.619E+01.08640.21529349.03450.76-.003801             15             13                    R  1      244523 9 4 3 2 1 4    40.0   24.0
151 2795.268175 1.672E-81 2.770E+01.01420.07730027.30950.50-.011578             15             13                    R 10      244523 9 4 3 2 1 4   184.0  168.0
151 2796.447416 5.641E-57 9.871E+00.00850.06018421.70180.50-.011581              4              3                    R 33      365624 9 4 1 1 1 1   552.0  536.0
151 2798.942722 3.766E-19 2.320E+01.06440.249  208.59290.61-.007900              1              0                    P  4      476754 9 4 1 1 1 1    56.0   72.0
151 2798.977047 6.273E-78 7.555E+01.00940.06028637.83640.50-.011587             13             11                    P 19      244523 9 4 3 2 1 4   296.0  312.0
151 2798.999748 5.420E-31 3.868E+01.03300.154 6080.12800.40-.011717              3              2                    R  6      475624 9 4 1 1 1 1   120.0  104.0
151 2799.266661 7.201E-41 3.339E+01.00880.06010902.77970.50-.011587              4              3                    R 16      365624 9 4 1 1 1 1   280.0  264.0
151 2799.851726 1.650E-80 3.771E+01.07820.22429374.40210.72-.004575             15             13                    R  2      244523 9 4 3 2 1 4    56.0   40.0
151 2801.673687 3.585E-25 2.317E+01.08940.222 2885.97640.740.001234              2              1                    R  0      475624 9 4 1 1 1 1    24.0    8.0
151 2802.540097 2.990E-81 2.977E+01.01710.08829902.74920.35-.012125             15             13                    R  9      244523 9 4 3 2 1 4   168.0  152.0
151 2802.634412 7.179E-85 9.804E+00.00930.06031571.41830.50-.011595             14             12                    R 24      244523 9 4 3 2 1 4   408.0  392.0
151 2803.723117 9.352E-56 1.119E+01.00850.06017862.63000.50-.011597              4              3                    R 32      365624 9 4 1 1 1 1   536.0  520.0
151 2805.703068 1.763E-80 3.787E+01.06800.21829412.41810.71-.005247             15             13                    R  3      244523 9 4 3 2 1 4    72.0   56.0
151 2805.831443 1.583E-41 3.214E+01.00870.06011217.05720.50-.011602              4              3                    R 17      365624 9 4 1 1 1 1   296.0  280.0
151 2807.808488 4.958E-81 3.170E+01.02170.09629790.23700.30-.012369             15             13                    R  8      244523 9 4 3 2 1 4   152.0  136.0
151 2808.214953 1.348E-86 3.370E+01.00960.06032552.88340.50-.011607             17             14                    P 17      232523 9 4 3 3 1 4   264.0  280.0
151 2808.912320 2.634E-90 2.804E+01.00930.06034446.28760.50-.011609             13             10                    P 39      232523 9 4 3 3 1 4   616.0  632.0
151 2809.787138 1.656E-80 3.732E+01.05850.19729463.04010.58-.007616             15             13                    R  4      244523 9 4 3 2 1 4    88.0   72.0
151 2810.060331 1.439E-54 1.254E+01.00850.06017316.58790.50-.011611              4              3                    R 31      365624 9 4 1 1 1 1   520.0  504.0
151 2811.124082 7.608E-81 3.346E+01.02790.11129689.90260.29-.012110             15             13                    R  7      244523 9 4 3 2 1 4   136.0  120.0
151 2811.601751 3.184E-42 3.086E+01.00860.06011548.56850.50-.011615              4              3                    R 18      365624 9 4 1 1 1 1   312.0  296.0
151 2812.074588 1.399E-80 3.632E+01.04680.16929526.21130.35-.010183             15             13                    R  5      244523 9 4 3 2 1 4   104.0   88.0
151 2812.532521 1.077E-80 3.501E+01.03590.13929601.86060.40-.011748             15             13                    R  6      244523 9 4 3 2 1 4   120.0  104.0
151 2813.535567 3.099E-31 3.837E+01.02560.123 6217.10670.29-.012115              3              2                    R  7      475624 9 4 1 1 1 1   136.0  120.0
151 2815.469933 2.055E-53 1.393E+01.00850.06016783.92070.50-.011623              4              3                    R 30      365624 9 4 1 1 1 1   504.0  488.0
151 2816.568048 5.867E-43 2.954E+01.00860.06011897.10300.50-.011626              4              3                    R 19      365624 9 4 1 1 1 1   328.0  312.0
151 2818.015091 3.608E-78 7.206E+01.01440.08728622.58360.50-.011629             14             12                    P 11      244523 9 4 3 2 1 4   168.0  184.0
151 2818.144963 3.284E-87 3.544E+01.00930.06032925.03480.50-.011629             16             13                    P 24      232523 9 4 3 3 1 4   376.0  392.0
151 2819.962297 2.721E-52 1.534E+01.00850.06016264.96500.50-.011634              4              3                    R 29      365624 9 4 1 1 1 1   488.0  472.0
151 2820.720902 9.914E-44 2.818E+01.00860.06012262.43910.50-.011635              4              3                    R 20      365624 9 4 1 1 1 1   344.0  328.0
151 2820.725303 6.365E-25 2.761E+01.07930.238 2906.24670.76-.003864              2              1                    R  1      475624 9 4 1 1 1 1    40.0   24.0
151 2821.568415 4.163E-19 2.433E+01.07240.253  125.20630.71-.005900              1              0                    P  3      476754 9 4 1 1 1 1    40.0   56.0
151 2822.466815 1.436E-89 2.022E+00.00930.06033554.41360.50-.011639             12             10                    R 37      244523 9 4 3 2 1 4   616.0  600.0
151 2823.547702 3.340E-51 1.676E+01.00850.06015760.04810.50-.011642              4              3                    R 28      365624 9 4 1 1 1 1   472.0  456.0
151 2824.050972 1.538E-44 2.680E+01.00860.06012644.34520.50-.011643              4              3                    R 21      365624 9 4 1 1 1 1   360.0  344.0
151 2824.608528 5.088E-79 4.347E+01.00930.06029198.31670.50-.011644              8              6                    P 41      244523 9 4 3 2 1 4   648.0  664.0
151 2826.235853 3.795E-50 1.820E+01.00850.06015269.48910.50-.011648              4              3                    R 27      365624 9 4 1 1 1 1   456.0  440.0
151 2826.548989 2.193E-45 2.540E+01.00850.06013042.57900.50-.011648              4              3                    R 22      365624 9 4 1 1 1 1   376.0  360.0
151 2827.378134 1.586E-31 3.794E+01.01990.106 6373.40770.30-.012412              3              2                    R  8      475624 9 4 1 1 1 1   152.0  136.0
151 2828.036353 3.990E-49 1.965E+01.00850.06014793.59780.50-.011652              4              3                    R 26      365624 9 4 1 1 1 1   440.0  424.0
151 2828.205736 2.877E-46 2.398E+01.00850.06013456.88830.50-.011652              4              3                    R 23      365624 9 4 1 1 1 1   392.0  376.0
151 2828.512509 5.099E-87 5.135E+00.00930.06032502.30490.50-.011653             13             11                    R 31      244523 9 4 3 2 1 4   520.0  504.0
151 2828.557320 1.159E-77 7.028E+01.00930.06028581.24780.50-.011653             11              9                    P 29      244523 9 4 3 2 1 4   456.0  472.0
151 2828.958637 3.877E-48 2.110E+01.00850.06014332.67460.50-.011654              4              3                    R 25      365624 9 4 1 1 1 1   424.0  408.0
151 2829.012018 3.478E-47 2.254E+01.00850.06013887.01090.50-.011654              4              3                    R 24      365624 9 4 1 1 1 1   408.0  392.0
151 2832.139009 1.958E-77 7.578E+01.00930.06028448.60610.50-.011661             12             10                    P 24      244523 9 4 3 2 1 4   376.0  392.0
151 2838.282117 2.035E-77 7.762E+01.00950.06028384.14300.50-.011675             13             11                    P 18      244523 9 4 3 2 1 4   280.0  296.0
151 2839.149189 7.674E-25 2.934E+01.07180.247 2946.77480.72-.004663              2              1                    R  2      475624 9 4 1 1 1 1    56.0   40.0
151 2839.572290 3.761E-90 2.190E+00.00930.06033782.05520.50-.011677             16             13                    R 27      232523 9 4 3 3 1 4   456.0  440.0
151 2839.665327 3.538E-84 1.257E+01.00930.06031280.74510.50-.011678             14             12                    R 23      244523 9 4 3 2 1 4   392.0  376.0
151 2840.516524 7.298E-32 3.741E+01.01570.097 6548.93280.35-.012210              3              2                    R  9      475624 9 4 1 1 1 1   168.0  152.0
151 2843.624548 3.696E-19 2.697E+01.07990.240   62.62220.69-.004300              1              0                    P  2      476754 9 4 1 1 1 1    24.0   40.0
151 2843.674961 1.333E-88 5.411E+00.00940.06033175.61570.50-.011687             17             14                    R 20      232523 9 4 3 3 1 4   344.0  328.0
151 2845.862233 4.237E-78 5.373E+01.00930.06028781.40310.50-.011692              9              7                    P 37      244523 9 4 3 2 1 4   584.0  600.0
151 2846.443827 6.587E-78 7.340E+01.01740.09528477.79260.15-.009436             14             12                    P 10      244523 9 4 3 2 1 4   152.0  168.0
151 2847.838016 1.194E-77 6.313E+01.00930.06028577.23680.50-.011696             10              8                    P 33      244523 9 4 3 2 1 4   520.0  536.0
151 2852.940007 3.026E-32 3.680E+01.01300.085 6743.57220.50-.011707              3              2                    R 10      475624 9 4 1 1 1 1   184.0  168.0
151 2856.933297 7.451E-25 3.014E+01.06240.241 3007.53560.71-.005362              2              1                    R  3      475624 9 4 1 1 1 1    72.0   56.0
151 2860.250983 4.317E-60 5.713E+00.00850.06019809.02530.50-.011724              3              2                    R 39      465624 9 4 1 1 1 1   648.0  632.0
151 2864.637919 1.134E-32 3.612E+01.01130.075 6957.20400.50-.011734              3              2                    R 11      475624 9 4 1 1 1 1   200.0  184.0
151 2865.098165 2.223E-19 4.033E+01.08920.222   20.87830.65-.007000              1              0                    P  1      476754 9 4 1 1 1 1     8.0   24.0
151 2872.531512 1.166E-58 6.704E+00.00850.06019156.83500.50-.011751              3              2                    R 38      465624 9 4 1 1 1 1   632.0  616.0
151 2873.373553 1.118E-77 7.466E+01.02200.11028345.69270.14-.008838             14             12                    P  9      244523 9 4 3 2 1 4   136.0  152.0
151 2873.626549 1.602E-83 1.550E+01.00930.06030999.60870.50-.011754             14             12                    R 22      244523 9 4 3 2 1 4   376.0  360.0
151 2874.065755 6.144E-25 3.050E+01.05370.218 3088.49170.58-.007760              2              1                    R  4      475624 9 4 1 1 1 1    88.0   72.0
151 2875.075795 3.277E-86 3.644E+01.00970.06132363.65000.50-.011757             17             14                    P 16      232523 9 4 3 3 1 4   248.0  264.0
151 2875.600146 3.844E-33 3.538E+01.01030.070 7189.69450.50-.011758              3              2                    R 12      465624 9 4 1 1 1 1   216.0  200.0
151 2876.118969 6.202E-77 7.956E+01.00960.06028142.35330.50-.011759             13             11                    P 17      244523 9 4 3 2 1 4   264.0  280.0
151 2877.217373 9.124E-77 7.794E+01.00930.06028122.39140.50-.011762             12             10                    P 23      244523 9 4 3 2 1 4   360.0  376.0
151 2879.037969 7.687E-77 7.232E+01.00930.06028183.24500.50-.011766             11              9                    P 28      244523 9 4 3 2 1 4   440.0  456.0
151 2881.839602 4.357E-86 7.704E+00.00930.06032130.26900.50-.011772             13             11                    R 30      244523 9 4 3 2 1 4   504.0  488.0
151 2883.834330 2.935E-57 7.741E+00.00850.06018516.00140.50-.011777              3              2                    R 37      465624 9 4 1 1 1 1   616.0  600.0
151 2885.704500 7.967E-78 4.442E+01.00930.06028622.84500.50-.011781              8              6                    P 40      244523 9 4 3 2 1 4   632.0  648.0
151 2885.816462 1.181E-33 3.457E+01.00960.065 7440.89840.50-.011781              3              2                    R 13      465624 9 4 1 1 1 1   232.0  216.0
151 2886.946060 1.194E-88 3.369E+01.00930.06033659.56010.50-.011784             14             11                    P 34      232523 9 4 3 3 1 4   536.0  552.0
151 2890.534877 4.407E-25 3.061E+01.04300.187 3189.59310.35-.010359              2              1                    R  5      475624 9 4 1 1 1 1   104.0   88.0
151 2890.815245 1.292E-87 3.681E+01.00930.06033154.01880.50-.011792             15             12                    P 29      232523 9 4 3 3 1 4   456.0  472.0
151 2891.793753 2.251E-88 4.053E+00.00930.06033115.86640.50-.011794             12             10                    R 36      244523 9 4 3 2 1 4   600.0  584.0
151 2894.170749 6.881E-56 8.819E+00.00850.06017886.91680.50-.011800              3              2                    R 36      465624 9 4 1 1 1 1   600.0  584.0
151 2895.276938 3.298E-34 3.372E+01.00920.062 7710.65890.50-.011802              3              2                    R 14      465624 9 4 1 1 1 1   248.0  232.0
151 2898.810417 1.759E-77 7.588E+01.02870.12628226.41920.13-.008339             14             12                    P  8      244523 9 4 3 2 1 4   120.0  136.0
151 2902.027131 1.062E-76 6.481E+01.00930.06028118.85460.50-.011817             10              8                    P 32      244523 9 4 3 2 1 4   504.0  520.0
151 2903.551379 1.503E-54 9.931E+00.00850.06017269.96580.50-.011821              3              2                    R 35      465624 9 4 1 1 1 1   584.0  568.0
151 2903.579293 5.022E-77 5.503E+01.00930.06028263.67180.50-.011821              9              7                    P 36      244523 9 4 3 2 1 4   568.0  584.0
151 2903.971847 8.369E-35 3.282E+01.00890.060 7998.80780.50-.011822              3              2                    R 15      465624 9 4 1 1 1 1   264.0  248.0
151 2904.703155 6.715E-83 1.854E+01.00940.06030728.35720.50-.011823             14             12                    R 21      244523 9 4 3 2 1 4   360.0  344.0
151 2906.246732 2.369E-19 1.332E+01.08940.222    0.00000.740.001000              1              0                    R  0      476754 9 4 1 1 1 1    24.0    8.0
151 2906.329168 2.786E-25 3.056E+01.03300.154 3310.77750.40-.011958              2              1                    R  6      475624 9 4 1 1 1 1   120.0  104.0
151 2907.306340 1.207E-86 3.891E+01.00930.06032654.70260.50-.011829             16             13                    P 23      232523 9 4 3 3 1 4   360.0  376.0
151 2911.891659 1.934E-35 3.187E+01.00880.060 8305.16550.50-.011839              3              2                    R 16      465624 9 4 1 1 1 1   280.0  264.0
151 2911.986234 3.060E-53 1.107E+01.00850.06016665.52540.50-.011840              3              2                    R 34      465624 9 4 1 1 1 1   568.0  552.0
151 2912.511314 1.775E-76 8.138E+01.00970.06127912.70530.50-.011841             13             11                    P 16      244523 9 4 3 2 1 4   248.0  264.0
151 2919.027040 4.074E-36 3.088E+01.00870.060 8629.54150.50-.011855              3              2                    R 17      465624 9 4 1 1 1 1   296.0  280.0
151 2919.484771 5.800E-52 1.224E+01.00850.06016073.96490.50-.011856              3              2                    R 33      465624 9 4 1 1 1 1   552.0  536.0
151 2920.864376 4.012E-76 7.998E+01.00940.06027807.49280.50-.011860             12             10                    P 22      244523 9 4 3 2 1 4   344.0  360.0
151 2921.437337 1.564E-25 3.038E+01.02560.123 3451.97030.29-.012357              2              1                    R  7      475624 9 4 1 1 1 1   136.0  120.0
151 2922.758163 2.555E-77 7.711E+01.03670.15028120.09390.25-.007837             14             12                    P  7      244523 9 4 3 2 1 4   104.0  120.0
151 2925.368844 7.834E-37 2.986E+01.00860.060 8971.73410.50-.011870              3              2                    R 18      465624 9 4 1 1 1 1   312.0  296.0
151 2925.896499 4.198E-19 1.589E+01.07930.238   20.87830.76-.004100              1              0                    R  1      476754 9 4 1 1 1 1    40.0   24.0
151 2926.056254 1.023E-50 1.343E+01.00850.06015495.64550.50-.011871              3              2                    R 32      465624 9 4 1 1 1 1   536.0  520.0
151 2926.514016 5.231E-88 8.240E+00.00940.06032959.20180.50-.011872             17             14                    R 19      232523 9 4 3 3 1 4   328.0  312.0
151 2928.095390 4.836E-76 7.424E+01.00930.06027795.70010.50-.011876             11              9                    P 27      244523 9 4 3 2 1 4   424.0  440.0
151 2930.908108 1.377E-37 2.880E+01.00860.060 9331.53100.50-.011882              3              2                    R 19      465624 9 4 1 1 1 1   328.0  312.0
151 2931.165579 3.301E-85 1.061E+01.00930.06031765.94700.50-.011883             13             11                    R 29      244523 9 4 3 2 1 4   488.0  472.0
151 2931.709371 1.676E-49 1.463E+01.00850.06014930.92060.50-.011884              3              2                    R 31      465624 9 4 1 1 1 1   520.0  504.0
151 2933.054126 2.614E-82 2.165E+01.00940.06030467.31780.50-.011887             14             12                    R 20      244523 9 4 3 2 1 4   344.0  328.0
151 2935.636039 2.214E-38 2.771E+01.00860.060 9708.70910.50-.011893              3              2                    R 20      465624 9 4 1 1 1 1   344.0  328.0
151 2935.848303 7.843E-26 3.012E+01.01990.106 3613.08460.30-.012655              2              1                    R  8      475624 9 4 1 1 1 1   152.0  136.0
151 2936.452648 2.550E-48 1.584E+01.00850.06014380.13530.50-.011894              3              2                    R 30      465624 9 4 1 1 1 1   504.0  488.0
151 2937.396255 7.517E-86 3.897E+01.01000.06332184.10560.50-.011897             17             14                    P 15      232523 9 4 3 3 1 4   232.0  248.0
151 2939.544008 3.262E-39 2.660E+01.00860.06010103.03500.50-.011901              3              2                    R 21      465624 9 4 1 1 1 1   360.0  344.0
151 2940.294406 3.598E-47 1.706E+01.00850.06013843.62630.50-.011903              3              2                    R 29      465624 9 4 1 1 1 1   488.0  472.0
151 2942.623535 4.409E-40 2.546E+01.00850.06010514.26480.50-.011908              3              2                    R 22      465624 9 4 1 1 1 1   376.0  360.0
151 2943.242822 4.705E-46 1.828E+01.00850.06013321.72210.50-.011910              3              2                    R 28      465624 9 4 1 1 1 1   472.0  456.0
151 2943.401470 2.276E-89 3.093E+01.00930.06033998.11190.50-.011910             13             10                    P 38      232523 9 4 3 3 1 4   600.0  616.0
151 2944.866272 5.474E-41 2.430E+01.00850.06010942.14460.50-.011913              3              2                    R 23      465624 9 4 1 1 1 1   392.0  376.0
151 2944.913411 5.038E-19 1.690E+01.07180.247   62.62220.72-.004900              1              0                    R  2      476754 9 4 1 1 1 1    56.0   40.0
151 2945.217888 3.408E-77 7.844E+01.04780.18128026.82430.35-.007933             14             12                    P  6      244523 9 4 3 2 1 4    88.0  104.0
151 2945.305972 5.692E-45 1.950E+01.00850.06012814.74210.50-.011914              3              2                    R 27      465624 9 4 1 1 1 1   456.0  440.0
151 2945.440918 1.199E-76 4.529E+01.00930.06028055.28310.50-.011915              8              6                    P 39      244523 9 4 3 2 1 4   616.0  632.0
151 2946.263987 6.248E-42 2.312E+01.00850.06011386.41060.50-.011916              3              2                    R 24      465624 9 4 1 1 1 1   408.0  392.0
151 2946.491879 6.364E-44 2.071E+01.00850.06012322.99720.50-.011917              3              2                    R 26      465624 9 4 1 1 1 1   440.0  424.0
151 2946.808544 6.568E-43 2.192E+01.00850.06011846.78920.50-.011918              3              2                    R 25      465624 9 4 1 1 1 1   424.0  408.0
151 2947.478730 4.759E-76 8.308E+01.01000.06327695.42290.50-.011919             13             11                    P 15      244523 9 4 3 2 1 4   232.0  248.0
151 2949.551201 3.524E-26 2.978E+01.01570.097 3794.02110.35-.012454              2              1                    R  9      475624 9 4 1 1 1 1   168.0  152.0
151 2954.826207 8.996E-76 6.639E+01.00930.06027670.22300.50-.011936             10              8                    P 31      244523 9 4 3 2 1 4   488.0  504.0
151 2955.810735 2.803E-87 6.610E+00.00930.06032683.09480.50-.011938             12             10                    R 35      244523 9 4 3 2 1 4   584.0  568.0
151 2958.817427 9.480E-82 2.480E+01.00940.06030216.79830.50-.011945             14             12                    R 19      244523 9 4 3 2 1 4   328.0  312.0
151 2959.928229 5.694E-76 5.625E+01.00930.06027754.83710.50-.011947              9              7                    P 35      244523 9 4 3 2 1 4   552.0  568.0
151 2962.535386 1.423E-26 2.939E+01.01300.085 3994.66870.50-.011953              2              1                    R 10      475624 9 4 1 1 1 1   184.0  168.0
151 2963.112128 1.662E-75 8.191E+01.00940.06027504.20560.50-.011954             12             10                    P 21      244523 9 4 3 2 1 4   328.0  344.0
151 2963.285313 4.856E-19 1.739E+01.06240.241  125.20630.71-.005600              1              0                    R  3      476754 9 4 1 1 1 1    72.0   56.0
151 2966.188340 4.142E-77 8.005E+01.05890.21327946.70480.46-.008127             14             12                    P  5      244523 9 4 3 2 1 4    72.0   88.0
151 2971.313578 3.122E-89 4.968E+00.00930.06033489.19160.50-.011973             16             13                    R 26      232523 9 4 3 3 1 4   440.0  424.0
151 2974.790316 5.180E-27 2.893E+01.01130.075 4214.90420.50-.011980              2              1                    R 11      475624 9 4 1 1 1 1   200.0  184.0
151 2975.771827 2.881E-75 7.606E+01.00930.06027418.96320.50-.011983             11              9                    P 26      244523 9 4 3 2 1 4   408.0  424.0
151 2976.831262 2.270E-84 1.378E+01.00930.06031409.80510.50-.011985             13             11                    R 28      244523 9 4 3 2 1 4   472.0  456.0
151 2981.000238 3.963E-19 1.762E+01.05370.218  208.59290.58-.008000              1              0                    R  4      476754 9 4 1 1 1 1    88.0   72.0
151 2981.037142 1.194E-75 8.468E+01.01050.06627490.71600.50-.011994             13             11                    P 14      244523 9 4 3 2 1 4   216.0  232.0
151 2982.113378 3.207E-81 2.794E+01.00940.06029977.08840.50-.011997             14             12                    R 18      244523 9 4 3 2 1 4   312.0  296.0
151 2985.666059 4.526E-77 8.232E+01.07010.23827879.81570.61-.008318             14             12                    P  4      244523 9 4 3 2 1 4    56.0   72.0
151 2986.306015 1.702E-27 2.844E+01.01030.070 4454.59240.50-.012006              2              1                    R 12      465624 9 4 1 1 1 1   216.0  200.0
151 2986.453390 3.776E-55 6.786E+00.00850.06017485.71930.50-.012006              2              1                    R 39      465624 9 4 1 1 1 1   648.0  632.0
151 2990.764211 4.207E-86 4.205E+01.00940.06032392.78330.50-.012016             16             13                    P 22      232523 9 4 3 3 1 4   344.0  360.0
151 2992.630712 6.366E-87 4.007E+01.00930.06032821.71590.50-.012020             15             12                    P 28      232523 9 4 3 3 1 4   440.0  456.0
151 2995.486268 1.626E-85 4.130E+01.01050.06632014.52490.50-.012027             17             14                    P 14      232523 9 4 3 3 1 4   216.0  232.0
151 2997.072441 5.055E-28 2.789E+01.00960.065 4713.58650.50-.012030              2              1                    R 13      465624 9 4 1 1 1 1   232.0  216.0
151 2998.014804 1.088E-53 7.605E+00.00850.06016811.01050.50-.012032              2              1                    R 38      465624 9 4 1 1 1 1   632.0  616.0
151 2998.046426 2.806E-19 1.772E+01.04300.187  312.73110.35-.010600              1              0                    R  5      476754 9 4 1 1 1 1   104.0   88.0
151 2999.922465 1.780E-87 1.128E+01.00940.06032751.50800.50-.012037             17             14                    R 18      232523 9 4 3 3 1 4   312.0  296.0
151 3003.047875 1.013E-80 3.105E+01.00950.06029748.46020.50-.012044             14             12                    R 17      244523 9 4 3 2 1 4   296.0  280.0
151 3003.182356 7.828E-88 3.665E+01.00930.06033267.49940.50-.012044             14             11                    P 33      232523 9 4 3 3 1 4   520.0  536.0
151 3003.645486 4.341E-77 8.621E+01.07880.24227826.22420.71-.006308             14             12                    P  3      244523 9 4 3 2 1 4    40.0   56.0
151 3003.880206 1.732E-75 4.609E+01.00930.06027496.08790.50-.012046              8              6                    P 38      244523 9 4 3 2 1 4   600.0  616.0
151 3003.987373 6.484E-75 8.373E+01.00940.06027212.81090.50-.012046             12             10                    P 20      244523 9 4 3 2 1 4   312.0  328.0
151 3006.283164 7.242E-75 6.788E+01.00930.06027231.72990.50-.012051             10              8                    P 30      244523 9 4 3 2 1 4   472.0  488.0
151 3007.079879 1.360E-28 2.731E+01.00920.062 4991.72790.50-.012053              2              1                    R 14      465624 9 4 1 1 1 1   248.0  232.0
151 3008.625633 2.931E-52 8.444E+00.00850.06016148.20940.50-.012056              2              1                    R 37      465624 9 4 1 1 1 1   616.0  600.0
151 3013.199212 2.800E-75 8.619E+01.01120.07227298.78030.50-.012066             13             11                    P 13      244523 9 4 3 2 1 4   200.0  216.0
151 3014.412330 1.746E-19 1.772E+01.03300.154  437.55800.40-.012200              1              0                    R  6      476754 9 4 1 1 1 1   120.0  104.0
151 3014.963655 6.163E-75 5.738E+01.00930.06027255.32260.50-.012070              9              7                    P 34      244523 9 4 3 2 1 4   536.0  552.0
151 3015.131594 3.019E-86 9.584E+00.00930.06032256.68050.50-.012071             12             10                    R 34      244523 9 4 3 2 1 4   568.0  552.0
151 3016.318853 3.317E-29 2.670E+01.00890.060 5288.84670.50-.012073              2              1                    R 15      465624 9 4 1 1 1 1   264.0  248.0
151 3018.294058 7.378E-51 9.300E+00.00850.06015497.70730.50-.012078              2              1                    R 36      465624 9 4 1 1 1 1   600.0  584.0
151 3019.117625 1.437E-83 1.715E+01.00930.06031062.28300.50-.012080             13             11                    R 27      244523 9 4 3 2 1 4   456.0  440.0
151 3020.119045 3.464E-77 9.534E+01.08700.22927785.98370.69-.004695             14             12                    P  2      244523 9 4 3 2 1 4    24.0   40.0
151 3021.714604 2.989E-80 3.410E+01.00960.06029531.16880.50-.012085             14             12                    R 16      244523 9 4 3 2 1 4   280.0  264.0
151 3022.103205 1.623E-74 7.777E+01.00930.06027053.36990.50-.012086             11              9                    P 25      244523 9 4 3 2 1 4   392.0  408.0
151 3024.780124 7.350E-30 2.604E+01.00880.060 5604.76140.50-.012092              2              1                    R 16      465624 9 4 1 1 1 1   280.0  264.0
151 3027.027864 1.734E-49 1.017E+01.00850.06014859.88890.50-.012097              2              1                    R 35      465624 9 4 1 1 1 1   584.0  568.0
151 3030.086624 9.619E-20 1.765E+01.02560.123  582.99800.29-.012600              1              0                    R  7      476754 9 4 1 1 1 1   136.0  120.0
151 3032.454687 1.481E-30 2.536E+01.00870.060 5939.27940.50-.012110              2              1                    R 17      465624 9 4 1 1 1 1   296.0  280.0
151 3034.834438 3.799E-48 1.105E+01.00850.06014235.13130.50-.012115              2              1                    R 34      465624 9 4 1 1 1 1   568.0  552.0
151 3035.077204 1.940E-77 1.420E+02.09710.21327759.13450.65-.007381             14             12                    P  1      244523 9 4 3 2 1 4     8.0   24.0
151 3035.162715 2.970E-75 3.643E+01.00930.06027348.34710.50-.012116              7              5                    P 41      254523 9 4 3 2 1 4   648.0  664.0
151 3038.196896 8.237E-80 3.707E+01.00970.06029325.45310.50-.012122             14             12                    R 15      244523 9 4 3 2 1 4   264.0  248.0
151 3039.333775 2.717E-31 2.465E+01.00860.060 6292.19720.50-.012125              2              1                    R 18      465624 9 4 1 1 1 1   312.0  296.0
151 3041.721194 7.752E-47 1.194E+01.00850.06013623.80420.50-.012130              2              1                    R 33      465624 9 4 1 1 1 1   552.0  536.0
151 3043.512641 2.376E-74 8.545E+01.00940.06026933.57580.50-.012134             12             10                    P 19      244523 9 4 3 2 1 4   296.0  312.0
151 3043.974687 6.123E-75 8.760E+01.01240.07727119.79830.50-.012135             13             11                    P 12      244523 9 4 3 2 1 4   184.0  200.0
151 3045.058212 4.720E-20 1.753E+01.01990.106  748.96290.30-.012900              1              0                    R  8      476754 9 4 1 1 1 1   152.0  136.0
151 3045.408846 4.545E-32 2.392E+01.00860.060 6663.30030.50-.012139              2              1                    R 19      465624 9 4 1 1 1 1   328.0  312.0
151 3047.695038 1.471E-45 1.284E+01.00850.06013026.26980.50-.012144              2              1                    R 32      465624 9 4 1 1 1 1   536.0  520.0
151 3049.594279 3.316E-85 4.344E+01.01120.07231855.16090.50-.012148             17             14                    P 13      232523 9 4 3 3 1 4   200.0  216.0
151 3050.671584 6.940E-33 2.316E+01.00860.060 7052.36340.50-.012150              2              1                    R 20      465624 9 4 1 1 1 1   344.0  328.0
151 3052.569227 2.119E-79 3.994E+01.01000.06229131.53640.50-.012155             14             12                    R 14      244523 9 4 3 2 1 4   248.0  232.0
151 3052.762866 2.594E-44 1.374E+01.00850.06012442.88260.50-.012155              2              1                    R 31      465624 9 4 1 1 1 1   520.0  504.0
151 3054.588641 5.404E-88 7.203E+00.00930.06033047.30980.50-.012159             11              9                    R 39      244523 9 4 3 2 1 4   648.0  632.0
151 3055.113891 9.687E-34 2.237E+01.00860.060 7459.15090.50-.012160              2              1                    R 21      465624 9 4 1 1 1 1   360.0  344.0
151 3056.438783 5.531E-74 6.928E+01.00930.06026803.74880.50-.012163             10              8                    P 29      244523 9 4 3 2 1 4   456.0  472.0
151 3056.931490 4.244E-43 1.464E+01.00850.06011873.98910.50-.012164              2              1                    R 30      465624 9 4 1 1 1 1   504.0  488.0
151 3058.259715 8.432E-83 2.065E+01.00930.06030723.79550.50-.012167             13             11                    R 26      244523 9 4 3 2 1 4   440.0  424.0
151 3058.727874 1.237E-34 2.157E+01.00850.060 7883.41670.50-.012168              2              1                    R 22      465624 9 4 1 1 1 1   376.0  360.0
151 3059.316238 2.070E-20 1.738E+01.01570.097  935.35250.35-.012700              1              0                    R  9      476754 9 4 1 1 1 1   168.0  152.0
151 3060.207675 6.431E-42 1.553E+01.00850.06011319.92760.50-.012172              2              1                    R 29      465624 9 4 1 1 1 1   488.0  472.0
151 3060.399594 1.994E-77 4.633E+01.09740.20127745.70320.740.000655             14             12                    R  0      244523 9 4 3 2 1 4    24.0    8.0
151 3061.075348 2.394E-74 4.683E+01.00930.06026945.70200.50-.012174              8              6                    P 37      244523 9 4 3 2 1 4   584.0  600.0
151 3061.505840 1.449E-35 2.075E+01.00850.060 8324.90480.50-.012175              2              1                    R 23      465624 9 4 1 1 1 1   392.0  376.0
151 3062.598182 9.015E-41 1.643E+01.00850.06010781.02810.50-.012177              2              1                    R 28      465624 9 4 1 1 1 1   472.0  456.0
151 3063.440279 1.556E-36 1.991E+01.00850.060 8783.34890.50-.012179              2              1                    R 24      465624 9 4 1 1 1 1   408.0  392.0
151 3064.109799 1.168E-39 1.731E+01.00850.06010257.61220.50-.012180              2              1                    R 27      465624 9 4 1 1 1 1   456.0  440.0
151 3064.523853 1.536E-37 1.906E+01.00850.060 9258.47340.50-.012181              2              1                    R 25      465624 9 4 1 1 1 1   424.0  408.0
151 3064.749377 1.395E-38 1.819E+01.00850.060 9749.99270.50-.012182              2              1                    R 26      465624 9 4 1 1 1 1   440.0  424.0
151 3064.898443 5.089E-79 4.268E+01.01050.06528949.62640.50-.012182             14             12                    R 13      244523 9 4 3 2 1 4   232.0  216.0
151 3065.501027 5.436E-87 1.444E+01.00950.06032552.88340.50-.012184             17             14                    R 17      232523 9 4 3 3 1 4   296.0  280.0
151 3067.119974 8.626E-74 7.939E+01.00930.06026699.24190.50-.012187             11              9                    P 24      244523 9 4 3 2 1 4   376.0  392.0
151 3067.512204 1.886E-88 3.308E+01.00930.06033554.41360.50-.012188             13             10                    P 37      232523 9 4 3 3 1 4   584.0  600.0
151 3068.731943 6.355E-74 5.843E+01.00930.06026765.53740.50-.012191              9              7                    P 33      244523 9 4 3 2 1 4   520.0  536.0
151 3069.126282 1.392E-85 4.489E+01.00940.06032139.67580.50-.012192             16             13                    P 21      232523 9 4 3 3 1 4   328.0  344.0
151 3070.236084 2.921E-85 1.288E+01.00930.06031837.16940.50-.012194             12             10                    R 33      244523 9 4 3 2 1 4   552.0  536.0
151 3070.735180 3.658E-77 5.480E+01.08640.21527759.13450.76-.004424             14             12                    R  1      244523 9 4 3 2 1 4    40.0   24.0
151 3072.850089 8.137E-21 1.718E+01.01300.085 1142.05420.50-.012200              1              0                    R 10      476754 9 4 1 1 1 1   184.0  168.0
151 3073.370687 1.247E-74 8.894E+01.01440.08726953.93880.50-.012201             13             11                    P 11      244523 9 4 3 2 1 4   168.0  184.0
151 3075.244771 1.139E-78 4.529E+01.01120.06828779.91610.50-.012205             14             12                    R 12      244523 9 4 3 2 1 4   216.0  200.0
151 3079.498033 4.707E-77 5.772E+01.07820.22427785.98370.72-.005201             14             12                    R  2      244523 9 4 3 2 1 4    56.0   40.0
151 3081.706608 8.172E-74 8.707E+01.00950.06026666.75360.50-.012220             12             10                    P 18      244523 9 4 3 2 1 4   280.0  296.0
151 3083.662654 2.376E-78 4.774E+01.01230.07228622.58360.50-.012224             14             12                    R 11      244523 9 4 3 2 1 4   200.0  184.0
151 3084.618275 1.967E-88 8.726E+00.00930.06033203.35180.50-.012226             16             13                    R 25      232523 9 4 3 3 1 4   424.0  408.0
151 3085.649285 2.874E-21 1.696E+01.01130.075 1368.94310.50-.012229              1              0                    R 11      475624 9 4 1 1 1 1   200.0  184.0
151 3086.668914 5.036E-77 5.868E+01.06800.21827826.22420.71-.005876             14             12                    R  3      244523 9 4 3 2 1 4    72.0   56.0
151 3088.070777 2.993E-86 4.290E+01.00930.06032496.84080.50-.012234             15             12                    P 27      232523 9 4 3 3 1 4   424.0  440.0
151 3088.998232 1.795E-89 2.789E+01.00930.06034021.62440.50-.012236             12              9                    P 41      232523 9 4 3 3 1 4   648.0  664.0
151 3090.047881 6.220E-90 4.955E+00.00930.06033838.81110.50-.012239             15             12                    R 31      232523 9 4 3 3 1 4   520.0  504.0
151 3090.201452 4.610E-78 5.001E+01.01420.07728477.79260.50-.012239             14             12                    R 10      244523 9 4 3 2 1 4   184.0  168.0
151 3092.226494 4.725E-77 5.866E+01.05850.19727879.81570.58-.008249             14             12                    R  4      244523 9 4 3 2 1 4    88.0   72.0
151 3094.430317 5.220E-74 3.676E+01.00930.06026747.35500.50-.012248              7              5                    P 40      254523 9 4 3 2 1 4   632.0  648.0
151 3094.456594 4.611E-82 2.424E+01.00930.06030394.73500.50-.012248             13             11                    R 25      244523 9 4 3 2 1 4   424.0  408.0
151 3094.906025 8.309E-78 5.210E+01.01710.08828345.69270.35-.012780             14             12                    R  9      244523 9 4 3 2 1 4   168.0  152.0
151 3096.147252 3.982E-77 5.804E+01.04680.16927946.70480.35-.010820             14             12                    R  5      244523 9 4 3 2 1 4   104.0   88.0
151 3097.703919 9.138E-22 1.672E+01.01030.070 1615.88260.50-.012256              1              0                    R 12      465624 9 4 1 1 1 1   216.0  200.0
151 3097.817224 1.388E-77 5.398E+01.02170.09628226.41920.30-.013018             14             12                    R  8      244523 9 4 3 2 1 4   152.0  136.0
151 3098.405334 3.052E-77 5.700E+01.03590.13928026.82430.40-.012388             14             12                    R  6      244523 9 4 3 2 1 4   120.0  104.0
151 3098.972388 2.144E-77 5.563E+01.02790.11128120.09390.29-.012754             14             12                    R  7      244523 9 4 3 2 1 4   136.0  120.0
151 3099.921748 6.363E-85 4.540E+01.01240.07731706.24630.50-.012261             17             14                    P 12      232523 9 4 3 3 1 4   184.0  200.0
151 3101.391950 2.359E-74 9.023E+01.01740.09526801.35730.15-.010007             13             11                    P 10      244523 9 4 3 2 1 4   152.0  168.0
151 3105.327680 4.001E-73 7.059E+01.00930.06026386.63950.50-.012273             10              8                    P 28      244523 9 4 3 2 1 4   440.0  456.0
151 3109.004063 2.620E-22 1.644E+01.00960.065 1882.72390.50-.012281              1              0                    R 13      465624 9 4 1 1 1 1   232.0  216.0
151 3110.847897 4.321E-73 8.092E+01.00930.06026356.88680.50-.012285             11              9                    P 23      244523 9 4 3 2 1 4   360.0  376.0
151 3111.734061 4.918E-87 3.908E+01.00930.06032881.55830.50-.012287             14             11                    P 32      232523 9 4 3 3 1 4   504.0  520.0
151 3111.775367 3.506E-50 5.185E+00.00850.06015060.16180.50-.012287              1              0                    R 39      465624 9 4 1 1 1 1   648.0  632.0
151 3117.071243 3.162E-73 4.751E+01.00930.06026404.55430.50-.012299              8              6                    P 36      244523 9 4 3 2 1 4   568.0  584.0
151 3118.584546 2.634E-73 8.860E+01.00960.06026412.58420.50-.012302             12             10                    P 17      244523 9 4 3 2 1 4   264.0  280.0
151 3119.540137 6.785E-23 1.615E+01.00920.062 2169.30650.50-.012305              1              0                    R 14      465624 9 4 1 1 1 1   248.0  232.0
151 3120.360316 7.460E-87 1.034E+01.00930.06032567.84050.50-.012306             11              9                    R 38      244523 9 4 3 2 1 4   632.0  616.0
151 3121.272401 6.232E-73 5.942E+01.00930.06026285.87720.50-.012308              9              7                    P 32      244523 9 4 3 2 1 4   504.0  520.0
151 3121.508772 2.591E-84 1.641E+01.00930.06031425.07490.50-.012309             12             10                    R 32      244523 9 4 3 2 1 4   536.0  520.0
151 3122.747543 1.098E-48 5.657E+00.00850.06014362.97170.50-.012312              1              0                    R 38      465624 9 4 1 1 1 1   632.0  616.0
151 3124.278794 1.516E-86 1.763E+01.00960.06032363.65000.50-.012315             17             14                    R 16      232523 9 4 3 3 1 4   280.0  264.0
151 3127.878639 2.356E-81 2.786E+01.00930.06030075.47310.50-.012323             13             11                    R 24      244523 9 4 3 2 1 4   408.0  392.0
151 3128.041114 4.139E-74 9.148E+01.02200.11026662.19600.14-.009409             13             11                    P  9      244523 9 4 3 2 1 4   136.0  152.0
151 3129.302833 1.589E-23 1.584E+01.00890.060 2475.45850.50-.012326              1              0                    R 15      465624 9 4 1 1 1 1   264.0  248.0
151 3132.786717 3.216E-47 6.135E+00.00850.06013678.22380.50-.012334              1              0                    R 37      465624 9 4 1 1 1 1   616.0  600.0
151 3138.283109 3.372E-24 1.551E+01.00880.060 2800.99630.50-.012347              1              0                    R 16      465624 9 4 1 1 1 1   280.0  264.0
151 3141.898778 8.802E-46 6.618E+00.00850.06013006.31060.50-.012355              1              0                    R 36      465624 9 4 1 1 1 1   600.0  584.0
151 3142.857684 4.369E-85 4.746E+01.00940.06031895.75120.50-.012357             16             13                    P 20      232523 9 4 3 3 1 4   312.0  328.0
151 3146.472197 6.490E-25 1.516E+01.00870.060 3145.72500.50-.012365              1              0                    R 17      465624 9 4 1 1 1 1   296.0  280.0
151 3146.633253 1.148E-84 4.720E+01.01440.08731567.99410.50-.012365             17             14                    P 11      232523 9 4 3 3 1 4   168.0  184.0
151 3150.089432 2.248E-44 7.104E+00.00850.06012347.61790.50-.012373              1              0                    R 35      465624 9 4 1 1 1 1   584.0  568.0
151 3152.561427 8.796E-73 3.706E+01.00930.06026155.03100.50-.012379              7              5                    P 39      254523 9 4 3 2 1 4   616.0  632.0
151 3152.979121 2.737E-72 7.183E+01.00930.06025980.74830.50-.012379             10              8                    P 27      244523 9 4 3 2 1 4   424.0  440.0
151 3153.308263 2.037E-72 8.236E+01.00940.06026026.59960.50-.012380             11              9                    P 22      244523 9 4 3 2 1 4   344.0  360.0
151 3153.318610 6.709E-74 9.275E+01.02870.12626536.58400.13-.008909             13             11                    P  8      244523 9 4 3 2 1 4   120.0  136.0
151 3153.861594 1.134E-25 1.480E+01.00860.060 3509.43870.50-.012381              1              0                    R 18      465624 9 4 1 1 1 1   312.0  296.0
151 3154.158709 7.942E-73 9.004E+01.00970.06126171.29440.50-.012382             12             10                    P 16      244523 9 4 3 2 1 4   248.0  264.0
151 3157.364182 5.351E-43 7.592E+00.00850.06011702.52470.50-.012389              1              0                    R 34      465624 9 4 1 1 1 1   568.0  552.0
151 3158.673010 1.127E-80 3.149E+01.00930.06029766.36180.50-.012392             13             11                    R 23      244523 9 4 3 2 1 4   392.0  376.0
151 3160.443070 1.803E-26 1.442E+01.00860.060 3891.92030.50-.012396              1              0                    R 19      465624 9 4 1 1 1 1   328.0  312.0
151 3163.728705 1.185E-41 8.081E+00.00850.06011071.40250.50-.012404              1              0                    R 33      465624 9 4 1 1 1 1   552.0  536.0
151 3166.208658 2.609E-27 1.403E+01.00860.060 4292.94220.50-.012409              1              0                    R 20      465624 9 4 1 1 1 1   344.0  328.0
151 3169.188349 2.438E-40 8.569E+00.00850.06010454.61580.50-.012416              1              0                    R 32      465624 9 4 1 1 1 1   536.0  520.0
151 3169.263808 2.131E-83 2.010E+01.00930.06031020.88170.50-.012416             12             10                    R 31      244523 9 4 3 2 1 4   520.0  504.0
151 3171.150652 3.443E-28 1.362E+01.00860.060 4712.26610.50-.012420              1              0                    R 21      465624 9 4 1 1 1 1   360.0  344.0
151 3171.905903 3.983E-72 4.814E+01.00930.06025873.06090.50-.012422              8              6                    P 35      244523 9 4 3 2 1 4   552.0  568.0
151 3172.618250 5.801E-72 6.034E+01.00930.06025816.72490.50-.012423              9              7                    P 31      244523 9 4 3 2 1 4   488.0  504.0
151 3173.748585 4.651E-39 9.056E+00.00850.060 9852.52120.50-.012426              1              0                    R 31      465624 9 4 1 1 1 1   520.0  504.0
151 3175.261603 4.149E-29 1.320E+01.00850.060 5149.64320.50-.012429              1              0                    R 22      465624 9 4 1 1 1 1   376.0  360.0
151 3176.992758 3.897E-86 2.077E+01.00970.06032184.10560.50-.012433             17             14                    R 15      232523 9 4 3 3 1 4   264.0  248.0
151 3177.223289 1.001E-73 9.410E+01.03670.15026424.63740.25-.008407             13             11                    P  7      244523 9 4 3 2 1 4   104.0  120.0
151 3177.414920 8.221E-38 9.541E+00.00850.060 9265.46770.50-.012434              1              0                    R 30      465624 9 4 1 1 1 1   504.0  488.0
151 3177.936558 1.342E-85 4.537E+01.00930.06032179.87260.50-.012435             15             12                    P 26      232523 9 4 3 3 1 4   408.0  424.0
151 3178.534310 4.570E-30 1.278E+01.00850.060 5604.81460.50-.012437              1              0                    R 23      465624 9 4 1 1 1 1   392.0  376.0
151 3180.192934 1.344E-36 1.002E+01.00850.060 8693.79610.50-.012440              1              0                    R 29      465624 9 4 1 1 1 1   488.0  472.0
151 3180.961812 4.609E-31 1.234E+01.00850.060 6077.51160.50-.012442              1              0                    R 24      465624 9 4 1 1 1 1   408.0  392.0
151 3181.616817 9.308E-86 1.378E+01.00930.06032094.30520.50-.012444             11              9                    R 37      244523 9 4 3 2 1 4   616.0  600.0
151 3182.088306 2.028E-35 1.050E+01.00850.060 8137.83920.50-.012445              1              0                    R 28      465624 9 4 1 1 1 1   472.0  456.0
151 3182.537376 4.261E-32 1.189E+01.00850.060 6567.45530.50-.012446              1              0                    R 25      465624 9 4 1 1 1 1   424.0  408.0
151 3183.106840 2.823E-34 1.097E+01.00850.060 7597.92130.50-.012447              1              0                    R 27      465624 9 4 1 1 1 1   456.0  440.0
151 3183.192759 1.003E-87 1.273E+01.00930.06032925.03480.50-.012447             16             13                    R 24      232523 9 4 3 3 1 4   408.0  392.0
151 3183.254489 3.617E-33 1.143E+01.00850.060 7074.35780.50-.012447              1              0                    R 26      465624 9 4 1 1 1 1   440.0  424.0
151 3183.410084 1.505E-87 3.469E+01.00930.06033115.86640.50-.012448             13             10                    P 36      232523 9 4 3 3 1 4   568.0  584.0
151 3186.967839 5.052E-80 3.508E+01.00930.06029467.73470.50-.012456             13             11                    R 22      244523 9 4 3 2 1 4   376.0  360.0
151 3188.438657 2.238E-72 9.141E+01.01000.06325943.09770.50-.012459             12             10                    P 15      244523 9 4 3 2 1 4   232.0  248.0
151 3189.863741 1.943E-84 4.886E+01.01740.09531440.59870.15-.010205             17             14                    P 10      232523 9 4 3 3 1 4   152.0  168.0
151 3194.519041 9.024E-72 8.373E+01.00940.06025708.66160.50-.012473             11              9                    P 21      244523 9 4 3 2 1 4   328.0  344.0
151 3199.417696 1.767E-71 7.300E+01.00930.06025586.40890.50-.012484             10              8                    P 26      244523 9 4 3 2 1 4   408.0  424.0
151 3199.752198 1.368E-73 9.565E+01.04780.18126326.45910.35-.008503             13             11                    P  6      244523 9 4 3 2 1 4    88.0  104.0
151 3209.593809 1.418E-71 3.734E+01.00930.06025571.80930.50-.012506              7              5                    P 38      254523 9 4 3 2 1 4   600.0  616.0
151 3212.324424 1.301E-84 4.980E+01.00940.06031661.35600.50-.012512             16             13                    P 19      232523 9 4 3 3 1 4   296.0  312.0
151 3212.875433 2.122E-79 3.861E+01.00940.06029179.90790.50-.012514             13             11                    R 21      244523 9 4 3 2 1 4   360.0  344.0
151 3213.015085 1.808E-88 2.885E+01.00930.06033532.11680.50-.012514             12              9                    P 40      232523 9 4 3 3 1 4   632.0  648.0
151 3213.761891 1.635E-82 2.388E+01.00930.06030625.04920.50-.012516             12             10                    R 30      244523 9 4 3 2 1 4   504.0  488.0
151 3213.794494 2.964E-86 4.106E+01.00930.06032502.30490.50-.012516             14             11                    P 31      232523 9 4 3 3 1 4   488.0  504.0
151 3220.900787 1.699E-73 9.761E+01.05890.21326242.13930.46-.008697             13             11                    P  5      244523 9 4 3 2 1 4    72.0   88.0
151 3221.431536 5.883E-72 9.270E+01.01050.06625728.19490.50-.012533             12             10                    P 14      244523 9 4 3 2 1 4   216.0  232.0
151 3222.797449 5.117E-71 6.121E+01.00930.06025358.45040.50-.012536              9              7                    P 30      244523 9 4 3 2 1 4   472.0  488.0
151 3224.200931 9.291E-86 2.381E+01.01000.06232014.52490.50-.012539             17             14                    R 14      232523 9 4 3 3 1 4   248.0  232.0
151 3225.611437 4.774E-71 4.873E+01.00930.06025351.62540.50-.012542              8              6                    P 34      244523 9 4 3 2 1 4   536.0  552.0
151 3228.664286 5.589E-89 9.350E+00.00930.06033493.23530.50-.012549             15             12                    R 30      232523 9 4 3 3 1 4   504.0  488.0
151 3229.723851 3.080E-84 5.040E+01.02200.11031324.23650.14-.009636             17             14                    P  9      232523 9 4 3 3 1 4   136.0  152.0
151 3234.494788 3.750E-71 8.503E+01.00940.06025403.34160.50-.012562             11              9                    P 20      244523 9 4 3 2 1 4   312.0  328.0
151 3235.374696 2.615E-71 2.644E+01.00930.06025387.47020.50-.012564              6              4                    P 41      354523 9 4 3 2 1 4   648.0  664.0
151 3236.495105 8.356E-79 4.206E+01.00940.06028903.18070.50-.012567             13             11                    R 20      244523 9 4 3 2 1 4   344.0  328.0
151 3238.806027 1.071E-84 1.742E+01.00930.06031627.26530.50-.012572             11              9                    R 36      244523 9 4 3 2 1 4   600.0  584.0
151 3240.662999 1.891E-73 1.004E+02.07010.23826171.75510.61-.008889             13             11                    P  4      244523 9 4 3 2 1 4    56.0   72.0
151 3244.663904 1.076E-70 7.410E+01.00930.06025203.94210.50-.012585             10              8                    P 25      244523 9 4 3 2 1 4   392.0  408.0
151 3253.142325 1.441E-71 9.394E+01.01120.07225526.77380.50-.012604             12             10                    P 13      244523 9 4 3 2 1 4   200.0  216.0
151 3255.222221 1.175E-81 2.772E+01.00930.06030238.01310.50-.012609             12             10                    R 29      244523 9 4 3 2 1 4   488.0  472.0
151 3257.914773 3.083E-78 4.540E+01.00940.06028637.83640.50-.012615             13             11                    R 19      244523 9 4 3 2 1 4   328.0  312.0
151 3259.031343 1.842E-73 1.053E+02.07880.24226115.37070.71-.006880             13             11                    P  3      244523 9 4 3 2 1 4    40.0   56.0
151 3262.827001 5.744E-85 4.753E+01.00930.06031871.25860.50-.012626             15             12                    P 25      232523 9 4 3 3 1 4   392.0  408.0
151 3265.559425 2.183E-70 3.759E+01.00930.06024998.11240.50-.012632              7              5                    P 37      254523 9 4 3 2 1 4   584.0  600.0
151 3266.303911 4.557E-84 5.184E+01.02870.12631219.06620.13-.009162             17             14                    P  8      232523 9 4 3 3 1 4   120.0  136.0
151 3266.340975 2.061E-85 2.670E+01.01050.06531855.16090.50-.012633             17             14                    R 13      232523 9 4 3 3 1 4   232.0  216.0
151 3271.103021 4.495E-87 1.685E+01.00930.06032654.70260.50-.012644             16             13                    R 23      232523 9 4 3 3 1 4   392.0  376.0
151 3271.833379 4.269E-70 6.202E+01.00930.06024911.41160.50-.012646              9              7                    P 29      244523 9 4 3 2 1 4   456.0  472.0
151 3273.247181 1.460E-70 8.625E+01.00940.06025110.89580.50-.012649             11              9                    P 19      244523 9 4 3 2 1 4   296.0  312.0
151 3273.469746 3.069E-90 7.060E+00.00930.06034057.12830.50-.012649             14             11                    R 35      232523 9 4 3 3 1 4   584.0  568.0
151 3275.996950 1.489E-73 1.167E+02.08700.22926073.03750.69-.005269             13             11                    P  2      244523 9 4 3 2 1 4    24.0   40.0
151 3277.212996 1.065E-77 4.862E+01.00940.06028384.14300.50-.012658             13             11                    R 18      244523 9 4 3 2 1 4   312.0  296.0
151 3277.820363 3.669E-84 5.191E+01.00950.06031436.81350.50-.012659             16             13                    P 18      232523 9 4 3 3 1 4   280.0  296.0
151 3278.214867 5.435E-70 4.928E+01.00930.06024840.63970.50-.012660              8              6                    P 33      244523 9 4 3 2 1 4   520.0  536.0
151 3283.574041 3.282E-71 9.512E+01.01240.07725339.00960.50-.012672             12             10                    P 12      244523 9 4 3 2 1 4   184.0  200.0
151 3288.734640 6.160E-70 7.515E+01.00930.06024833.65670.50-.012684             10              8                    P 24      244523 9 4 3 2 1 4   376.0  392.0
151 3291.549607 8.427E-74 1.744E+02.09710.21326044.79400.65-.007955             13             11                    P  1      244523 9 4 3 2 1 4     8.0   24.0
151 3292.289230 1.147E-83 2.118E+01.00930.06031167.25110.50-.012692             11              9                    R 35      244523 9 4 3 2 1 4   584.0  568.0
151 3292.466027 1.159E-86 3.589E+01.00930.06032683.09480.50-.012692             13             10                    P 35      232523 9 4 3 3 1 4   552.0  568.0
151 3293.517190 5.178E-70 2.657E+01.00930.06024761.76590.50-.012694              6              4                    P 40      354523 9 4 3 2 1 4   632.0  648.0
151 3293.831169 7.927E-81 3.155E+01.00930.06029860.18760.50-.012695             12             10                    R 28      244523 9 4 3 2 1 4   472.0  456.0
151 3294.460209 3.445E-77 5.172E+01.00950.06028142.35330.50-.012696             13             11                    R 17      244523 9 4 3 2 1 4   296.0  280.0
151 3299.677063 6.272E-84 5.325E+01.03670.14031125.22960.25-.008681             17             14                    P  7      232523 9 4 3 3 1 4   104.0  120.0
151 3303.764888 4.263E-85 2.943E+01.01120.07031706.24630.50-.012717             17             14                    R 12      232523 9 4 3 3 1 4   216.0  200.0
151 3309.719851 1.042E-76 5.466E+01.00960.06027912.70530.50-.012731             13             11                    R 16      244523 9 4 3 2 1 4   280.0  264.0
151 3310.212409 1.714E-85 4.269E+01.00930.06032130.26900.50-.012732             14             11                    P 30      232523 9 4 3 3 1 4   472.0  488.0
151 3310.785327 5.319E-70 8.742E+01.00950.06024831.56790.50-.012733             11              9                    P 18      244523 9 4 3 2 1 4   280.0  296.0
151 3312.727921 6.941E-71 9.627E+01.01440.08725165.06470.50-.012737             12             10                    P 11      244523 9 4 3 2 1 4   168.0  184.0
151 3318.368664 8.767E-74 5.739E+01.09740.20126030.66580.740.000077             13             11                    R  0      244523 9 4 3 2 1 4    24.0    8.0
151 3319.745431 3.364E-69 6.279E+01.00930.06024475.95460.50-.012753              9              7                    P 28      244523 9 4 3 2 1 4   440.0  456.0
151 3320.485206 3.201E-69 3.783E+01.00930.06024434.35190.50-.012755              7              5                    P 36      254523 9 4 3 2 1 4   568.0  584.0
151 3323.049299 2.946E-76 5.745E+01.00970.06027695.42290.50-.012760             13             11                    R 15      244523 9 4 3 2 1 4   264.0  248.0
151 3329.570680 1.767E-87 2.943E+01.00930.06033047.30980.50-.012775             12              9                    P 39      232523 9 4 3 3 1 4   616.0  632.0
151 3329.608094 1.611E-73 6.825E+01.08640.21526044.79400.76-.005004             13             11                    R  1      244523 9 4 3 2 1 4    40.0   24.0
151 3329.738803 5.867E-69 4.979E+01.00930.06024340.48420.50-.012775              8              6                    P 32      244523 9 4 3 2 1 4   504.0  520.0
151 3329.748725 5.029E-80 3.535E+01.00930.06029491.96720.50-.012775             12             10                    R 27      244523 9 4 3 2 1 4   456.0  440.0
151 3329.901139 7.986E-84 5.467E+01.04780.17531042.85200.35-.008794             17             14                    P  6      232523 9 4 3 3 1 4    88.0  104.0
151 3331.643534 3.315E-69 7.613E+01.00930.06024475.84920.50-.012780             10              8                    P 23      244523 9 4 3 2 1 4   360.0  376.0
151 3334.500640 7.774E-76 6.008E+01.01000.06227490.71600.50-.012786             13             11                    R 14      244523 9 4 3 2 1 4   248.0  232.0
151 3336.761099 8.226E-85 3.195E+01.01230.07531567.99410.50-.012791             17             14                    R 11      232523 9 4 3 3 1 4   200.0  184.0
151 3339.380612 2.073E-73 7.235E+01.07820.22426073.03750.72-.005784             13             11                    R  2      244523 9 4 3 2 1 4    56.0   40.0
151 3339.585237 9.798E-84 5.383E+01.00960.06031222.42520.50-.012797             16             13                    P 17      232523 9 4 3 3 1 4   264.0  280.0
151 3340.603667 1.360E-70 9.741E+01.01740.09525005.08910.15-.010543             12             10                    P 10      244523 9 4 3 2 1 4   152.0  168.0
151 3342.362904 1.153E-82 2.500E+01.00930.06030714.76540.50-.012804             11              9                    R 34      244523 9 4 3 2 1 4   568.0  552.0
151 3343.205925 2.343E-84 4.941E+01.00930.06031571.41830.50-.012806             15             12                    P 24      232523 9 4 3 3 1 4   376.0  392.0
151 3344.121336 1.913E-75 6.254E+01.01050.06527298.78030.50-.012808             13             11                    R 13      244523 9 4 3 2 1 4   232.0  216.0
151 3344.925077 1.297E-87 1.972E+01.00930.06032925.03480.50-.012809             17             13                    P 24      252523 9 5 3 4 1 4   376.0  392.0
151 3347.116037 1.810E-69 8.852E+01.00960.06024565.58930.50-.012814             11              9                    P 17      244523 9 4 3 2 1 4   264.0  280.0
151 3347.669391 2.211E-73 7.410E+01.06800.21826115.37070.71-.006461             13             11                    R  3      244523 9 4 3 2 1 4    72.0   56.0
151 3347.707424 3.959E-88 1.414E+01.00930.06033154.01880.50-.012816             15             12                    R 29      232523 9 4 3 3 1 4   488.0  472.0
151 3350.396454 1.826E-86 2.096E+01.00930.06032392.78330.50-.012822             16             13                    R 22      232523 9 4 3 3 1 4   376.0  360.0
151 3350.682261 9.798E-69 2.669E+01.00930.06024145.40570.50-.012822              6              4                    P 39      354523 9 4 3 2 1 4   616.0  632.0
151 3351.954769 4.386E-75 6.482E+01.01120.06827119.79830.50-.012825             13             11                    R 12      244523 9 4 3 2 1 4   216.0  200.0
151 3354.456194 2.062E-73 7.470E+01.05850.19726171.75510.58-.008837             13             11                    R  4      244523 9 4 3 2 1 4    88.0   72.0
151 3357.021215 9.332E-84 5.625E+01.05890.20530972.04220.46-.009002             17             14                    P  5      232523 9 4 3 3 1 4    72.0   88.0
151 3358.040714 9.354E-75 6.691E+01.01230.07226953.93880.50-.012839             13             11                    R 11      244523 9 4 3 2 1 4   200.0  184.0
151 3359.721310 1.724E-73 7.462E+01.04680.16926242.13930.35-.011410             13             11                    R  5      244523 9 4 3 2 1 4   104.0   88.0
151 3362.415741 1.853E-74 6.881E+01.01420.07726801.35730.50-.012849             13             11                    R 10      244523 9 4 3 2 1 4   184.0  168.0
151 3363.113393 3.000E-79 3.909E+01.00930.06029133.72740.50-.012850             12             10                    R 26      244523 9 4 3 2 1 4   440.0  424.0
151 3363.443466 1.308E-73 7.406E+01.03590.13926326.45910.40-.012982             13             11                    R  6      244523 9 4 3 2 1 4   120.0  104.0
151 3365.113549 3.404E-74 7.049E+01.01710.08826662.19600.35-.013385             13             11                    R  9      244523 9 4 3 2 1 4   168.0  152.0
151 3365.569311 1.482E-84 3.425E+01.01420.08531440.59870.50-.012856             17             14                    R 10      232523 9 4 3 3 1 4   184.0  168.0
151 3365.599725 9.071E-74 7.315E+01.02790.11126424.63740.29-.013352             13             11                    R  7      244523 9 4 3 2 1 4   136.0  120.0
151 3366.165258 5.785E-74 7.195E+01.02170.09626536.58400.30-.013619             13             11                    R  8      244523 9 4 3 2 1 4   152.0  136.0
151 3366.549504 2.498E-68 6.351E+01.00930.06024052.41370.50-.012858              9              7                    P 27      244523 9 4 3 2 1 4   424.0  440.0
151 3367.199210 2.462E-70 9.857E+01.02200.11024859.22010.14-.009944             12             10                    P  9      244523 9 4 3 2 1 4   136.0  152.0
151 3373.401709 1.673E-68 7.707E+01.00940.06024130.80380.50-.012873             10              8                    P 22      244523 9 4 3 2 1 4   344.0  360.0
151 3374.393670 4.465E-68 3.806E+01.00930.06023880.92890.50-.012875              7              5                    P 35      254523 9 4 3 2 1 4   552.0  568.0
151 3380.202001 5.994E-68 5.028E+01.00930.06023851.52790.50-.012888              8              6                    P 31      244523 9 4 3 2 1 4   488.0  504.0
151 3381.070374 9.880E-84 5.826E+01.07010.23030912.89310.61-.009204             17             14                    P  4      232523 9 4 3 3 1 4    56.0   72.0
151 3382.244065 5.748E-69 8.958E+01.00970.06124313.17890.50-.012893             11              9                    P 16      244523 9 4 3 2 1 4   248.0  264.0
151 3389.273867 1.090E-81 2.883E+01.00930.06030270.28620.50-.012909             11              9                    R 33      244523 9 4 3 2 1 4   552.0  536.0
151 3389.658782 2.219E-84 2.056E+01.00930.06031508.54950.50-.012910             10              8                    R 39      244523 9 4 3 2 1 4   648.0  632.0
151 3390.390879 2.489E-84 3.633E+01.01710.09731324.23650.35-.013442             17             14                    R  9      232523 9 4 3 3 1 4   168.0  152.0
151 3392.511442 4.109E-70 9.979E+01.02870.12624727.58240.13-.009444             12             10                    P  8      244523 9 4 3 2 1 4   120.0  136.0
151 3394.045984 1.684E-78 4.274E+01.00930.06028785.82660.50-.012919             12             10                    R 25      244523 9 4 3 2 1 4   424.0  408.0
151 3395.641297 8.613E-86 3.675E+01.00930.06032256.68050.50-.012923             13             10                    P 34      232523 9 4 3 3 1 4   536.0  552.0
151 3395.868270 5.186E-91 7.671E+00.00930.06034446.28760.50-.012924             13             10                    R 39      232523 9 4 3 3 1 4   648.0  632.0
151 3397.816524 2.474E-83 5.558E+01.00970.06131018.47220.50-.012928             16             13                    P 16      232523 9 4 3 3 1 4   248.0  264.0
151 3401.623249 9.498E-85 4.401E+01.00930.06031765.94700.50-.012936             14             11                    P 29      232523 9 4 3 3 1 4   456.0  472.0
151 3402.070932 9.250E-84 6.141E+01.07880.23530865.48180.71-.007200             17             14                    P  3      232523 9 4 3 3 1 4    40.0   56.0
151 3406.892055 1.769E-67 2.681E+01.00930.06023538.81000.50-.012948              6              4                    P 38      354523 9 4 3 2 1 4   600.0  616.0
151 3411.396293 3.895E-84 3.816E+01.02170.10631219.06620.30-.013721             17             14                    R  8      232523 9 4 3 3 1 4   152.0  136.0
151 3412.258423 1.746E-67 6.420E+01.00930.06023641.11150.50-.012960              9              7                    P 26      244523 9 4 3 2 1 4   408.0  424.0
151 3414.017423 7.914E-68 7.797E+01.00940.06023798.79340.50-.012964             10              8                    P 21      244523 9 4 3 2 1 4   328.0  344.0
151 3416.172314 1.700E-68 9.060E+01.01000.06324074.54370.50-.012969             11              9                    P 15      244523 9 4 3 2 1 4   232.0  248.0
151 3416.535862 6.293E-70 1.011E+02.03670.15024610.28850.25-.008943             12             10                    P  7      244523 9 4 3 2 1 4   104.0  120.0
151 3419.441672 9.102E-84 5.105E+01.00930.06031280.74510.50-.012976             15             12                    P 23      232523 9 4 3 3 1 4   360.0  376.0
151 3420.035200 7.261E-84 6.828E+01.08700.23030829.86970.69-.005591             17             14                    P  2      232523 9 4 3 3 1 4    24.0   40.0
151 3422.333116 6.835E-86 2.498E+01.00940.06032139.67580.50-.012983             16             13                    R 21      232523 9 4 3 3 1 4   360.0  344.0
151 3422.476482 3.269E-89 1.224E+01.00930.06033659.56010.50-.012983             14             11                    R 34      232523 9 4 3 3 1 4   568.0  552.0
151 3422.652586 8.886E-78 4.628E+01.00930.06028448.60610.50-.012984             12             10                    R 24      244523 9 4 3 2 1 4   408.0  392.0
151 3427.303457 5.910E-67 3.828E+01.00930.06023338.23390.50-.012994              7              5                    P 34      254523 9 4 3 2 1 4   536.0  552.0
151 3428.201669 3.571E-67 1.745E+01.00930.06023319.15330.50-.012996              5              3                    P 41      354523 9 4 3 2 1 4   648.0  664.0
151 3428.730704 5.667E-84 3.972E+01.02790.12331125.22960.29-.013493             17             14                    R  7      232523 9 4 3 3 1 4   136.0  120.0
151 3429.619839 5.786E-67 5.073E+01.00930.06023374.12900.50-.012999              8              6                    P 30      244523 9 4 3 2 1 4   472.0  488.0
151 3433.230099 9.717E-81 3.262E+01.00930.06029834.26930.50-.013007             11              9                    R 32      244523 9 4 3 2 1 4   536.0  520.0
151 3434.966058 4.030E-84 1.022E+02.09710.21730806.10280.65-.008277             17             14                    P  1      232523 9 4 3 3 1 4     8.0   24.0
151 3439.266791 8.802E-70 1.028E+02.04780.18124507.43800.35-.009039             12             10                    P  6      244523 9 4 3 2 1 4    88.0  104.0
151 3439.819708 1.675E-86 2.973E+01.00930.06032567.84050.50-.013022             12              9                    P 38      232523 9 4 3 3 1 4   600.0  616.0
151 3442.518080 7.642E-84 4.101E+01.03590.14631042.85200.40-.013159             17             14                    R  6      232523 9 4 3 3 1 4   120.0  104.0
151 3445.563568 2.912E-83 2.422E+01.00930.06031000.72410.50-.013035             10              8                    R 38      244523 9 4 3 2 1 4   632.0  616.0
151 3448.902024 4.679E-68 9.158E+01.01050.06623849.87830.50-.013042             11              9                    P 14      244523 9 4 3 2 1 4   216.0  232.0
151 3449.026939 4.408E-77 4.969E+01.00930.06028122.39140.50-.013043             12             10                    R 23      244523 9 4 3 2 1 4   392.0  376.0
151 3452.678503 5.899E-83 5.718E+01.01000.06330825.21660.50-.013051             16             13                    P 15      232523 9 4 3 3 1 4   232.0  248.0
151 3452.864474 9.507E-84 4.197E+01.04680.17030972.04220.35-.011619             17             14                    R  5      232523 9 4 3 3 1 4   104.0   88.0
151 3453.013971 2.417E-87 1.888E+01.00930.06032821.71590.50-.013052             15             12                    R 28      232523 9 4 3 3 1 4   472.0  456.0
151 3453.496873 3.501E-67 7.882E+01.00940.06023480.07890.50-.013053             10              8                    P 20      244523 9 4 3 2 1 4   312.0  328.0
151 3455.693176 4.157E-84 3.356E+01.09740.21030794.21170.74-.000231             17             14                    R  0      232523 9 4 3 3 1 4    24.0    8.0
151 3456.882309 1.147E-66 6.485E+01.00930.06023242.35950.50-.013060              9              7                    P 25      244523 9 4 3 2 1 4   392.0  408.0
151 3459.860031 1.083E-83 4.255E+01.05850.19430912.89310.58-.009073             17             14                    R  4      232523 9 4 3 3 1 4    88.0   72.0
151 3460.697447 1.115E-69 1.049E+02.05890.21324419.11830.46-.009234             12             10                    P  5      244523 9 4 3 2 1 4    72.0   88.0
151 3461.449919 7.725E-84 3.978E+01.08640.22030806.10280.76-.005300             17             14                    R  1      232523 9 4 3 3 1 4    40.0   24.0
151 3462.164711 3.039E-66 2.691E+01.00930.06022942.38960.50-.013072              6              4                    P 37      354523 9 4 3 2 1 4   584.0  600.0
151 3463.581640 1.115E-83 4.263E+01.06800.21530865.48180.71-.006721             17             14                    R  3      232523 9 4 3 3 1 4    72.0   56.0
151 3464.093798 1.014E-83 4.194E+01.07820.22030829.86970.72-.006063             17             14                    R  2      232523 9 4 3 3 1 4    56.0   40.0
151 3467.608670 4.771E-88 1.957E+01.00930.06033154.01880.50-.013084             16             12                    P 29      252523 9 5 3 4 1 4   456.0  472.0
151 3473.252255 2.054E-76 5.297E+01.00930.06027807.49280.50-.013097             12             10                    R 22      244523 9 4 3 2 1 4   376.0  360.0
151 3474.408684 8.179E-80 3.635E+01.00930.06029407.14960.50-.013099             11              9                    R 31      244523 9 4 3 2 1 4   520.0  504.0
151 3478.004711 5.267E-66 5.116E+01.00930.06022908.63480.50-.013108              8              6                    P 29      244523 9 4 3 2 1 4   456.0  472.0
151 3479.229768 7.412E-66 3.849E+01.00930.06022806.64750.50-.013110              7              5                    P 33      254523 9 4 3 2 1 4   520.0  536.0
151 3480.432928 1.196E-67 9.253E+01.01120.07223639.36540.50-.013113             11              9                    P 13      244523 9 4 3 2 1 4   200.0  216.0
151 3480.820010 1.263E-69 1.080E+02.07010.23824345.40420.61-.009427             12             10                    P  4      244523 9 4 3 2 1 4    56.0   72.0
151 3485.754698 7.952E-66 1.749E+01.00930.06022669.27630.50-.013125              5              3                    P 40      354523 9 4 3 2 1 4   632.0  648.0
151 3487.796351 2.376E-85 2.883E+01.00940.06031895.75120.50-.013129             16             13                    R 20      232523 9 4 3 3 1 4   344.0  328.0
151 3488.519380 5.041E-84 4.509E+01.00930.06031409.80510.50-.013131             14             11                    P 28      232523 9 4 3 3 1 4   440.0  456.0
151 3491.832315 3.363E-83 5.249E+01.00940.06030999.60870.50-.013139             15             12                    P 22      232523 9 4 3 3 1 4   344.0  360.0
151 3491.844274 1.447E-66 7.964E+01.00940.06023174.90930.50-.013139             10              8                    P 19      244523 9 4 3 2 1 4   296.0  312.0
151 3493.648013 6.166E-85 3.736E+01.00930.06031837.16940.50-.013143             13             10                    P 33      232523 9 4 3 3 1 4   520.0  536.0
151 3493.956875 5.427E-87 2.527E+01.00930.06032654.70260.50-.013143             17             13                    P 23      252523 9 5 3 4 1 4   360.0  376.0
151 3495.403159 8.982E-76 5.611E+01.00940.06027504.20560.50-.013147             12             10                    R 21      244523 9 4 3 2 1 4   360.0  344.0
151 3498.143756 3.611E-82 2.785E+01.00930.06030499.96820.50-.013153             10              8                    R 37      244523 9 4 3 2 1 4   616.0  600.0
151 3499.625667 1.248E-69 1.133E+02.07880.24224286.35810.71-.007419             12             10                    P  3      244523 9 4 3 2 1 4    40.0   56.0
151 3500.428881 7.070E-66 6.547E+01.00930.06022856.45800.50-.013158              9              7                    P 24      244523 9 4 3 2 1 4   376.0  392.0
151 3504.308544 1.326E-82 5.864E+01.01050.06630642.90170.50-.013166             16             13                    P 14      232523 9 4 3 3 1 4   216.0  232.0
151 3510.763396 2.835E-67 9.347E+01.01240.07723443.17540.50-.013181             11              9                    P 12      244523 9 4 3 2 1 4   184.0  200.0
151 3512.961784 6.500E-79 3.999E+01.00930.06028989.34310.50-.013186             11              9                    R 30      244523 9 4 3 2 1 4   504.0  488.0
151 3515.546303 3.684E-75 5.909E+01.00940.06027212.81090.50-.013192             12             10                    R 20      244523 9 4 3 2 1 4   344.0  328.0
151 3516.514829 4.961E-65 2.702E+01.00930.06022356.54600.50-.013194              6              4                    P 36      354523 9 4 3 2 1 4   568.0  584.0
151 3517.104657 1.021E-69 1.258E+02.08700.22924242.02980.69-.005809             12             10                    P  2      244523 9 4 3 2 1 4    24.0   40.0
151 3525.366363 4.514E-65 5.158E+01.00930.06022455.38200.50-.013214              8              6                    P 28      244523 9 4 3 2 1 4   440.0  456.0
151 3529.062071 5.578E-66 8.042E+01.00950.06022883.52210.50-.013222             10              8                    P 18      244523 9 4 3 2 1 4   280.0  296.0
151 3530.184748 8.789E-65 3.869E+01.00930.06022286.54010.50-.013224              7              5                    P 32      254523 9 4 3 2 1 4   504.0  520.0
151 3533.246297 5.828E-70 1.883E+02.09710.21324212.45690.65-.008497             12             10                    P  1      244523 9 4 3 2 1 4     8.0   24.0
151 3533.741951 1.415E-74 6.192E+01.00940.06026933.57580.50-.013232             12             10                    R 19      244523 9 4 3 2 1 4   328.0  312.0
151 3539.890557 6.220E-67 9.440E+01.01440.08723261.46670.50-.013246             11              9                    P 11      244523 9 4 3 2 1 4   168.0  184.0
151 3542.442774 1.688E-64 1.754E+01.00930.06022029.36650.50-.013252              5              3                    P 39      354523 9 4 3 2 1 4   616.0  632.0
151 3542.903732 4.082E-65 6.607E+01.00930.06022483.69590.50-.013253              9              7                    P 23      244523 9 4 3 2 1 4   360.0  376.0
151 3544.600263 1.539E-85 2.982E+01.00930.06032094.30520.50-.013257             12              9                    P 37      232523 9 4 3 3 1 4   584.0  600.0
151 3547.446029 7.706E-85 3.247E+01.00940.06031661.35600.50-.013263             16             13                    R 19      232523 9 4 3 3 1 4   328.0  312.0
151 3547.636236 4.241E-81 3.141E+01.00930.06030006.77740.50-.013264             10              8                    R 36      244523 9 4 3 2 1 4   600.0  584.0
151 3547.993201 1.334E-86 2.348E+01.00930.06032496.84080.50-.013264             15             12                    R 27      232523 9 4 3 3 1 4   456.0  440.0
151 3549.021207 4.877E-78 4.351E+01.00930.06028581.24780.50-.013267             11              9                    R 29      244523 9 4 3 2 1 4   488.0  472.0
151 3550.044693 5.090E-74 6.458E+01.00940.06026666.75360.50-.013269             12             10                    R 18      244523 9 4 3 2 1 4   312.0  296.0
151 3550.817066 2.828E-88 1.744E+01.00930.06033267.49940.50-.013271             14             11                    R 33      232523 9 4 3 3 1 4   552.0  536.0
151 3552.821915 2.809E-82 6.000E+01.01120.07230471.75310.50-.013275             16             13                    P 13      232523 9 4 3 3 1 4   200.0  216.0
151 3558.593278 1.454E-86 2.271E+01.00930.06032543.30510.50-.013288             11              8                    P 41      232523 9 4 3 3 1 4   648.0  664.0
151 3559.975221 6.924E-90 1.307E+01.00930.06033998.11190.50-.013291             13             10                    R 38      232523 9 4 3 3 1 4   632.0  616.0
151 3560.622561 1.181E-82 5.376E+01.00940.06030728.35720.50-.013293             15             12                    P 21      232523 9 4 3 3 1 4   328.0  344.0
151 3561.470310 6.119E-70 6.231E+01.09740.20124197.66420.74-.000468             12             10                    R  0      244523 9 4 3 2 1 4    24.0    8.0
151 3564.504183 1.712E-73 6.709E+01.00950.06026412.58420.50-.013301             12             10                    R 17      244523 9 4 3 2 1 4   296.0  280.0
151 3565.151121 2.003E-65 8.118E+01.00960.06022606.14330.50-.013303             10              8                    P 17      244523 9 4 3 2 1 4   264.0  280.0
151 3567.810488 1.261E-66 9.536E+01.01740.09523094.38560.15-.011051             11              9                    P 10      244523 9 4 3 2 1 4   152.0  168.0
151 3569.953882 7.679E-64 2.712E+01.00930.06021781.67150.50-.013314              6              4                    P 35      354523 9 4 3 2 1 4   552.0  568.0
151 3571.291884 2.559E-83 4.596E+01.00930.06031062.28300.50-.013317             14             11                    P 27      232523 9 4 3 3 1 4   424.0  440.0
151 3571.712183 3.637E-64 5.197E+01.00930.06022014.69670.50-.013317              8              6                    P 27      244523 9 4 3 2 1 4   424.0  440.0
151 3573.526847 1.125E-69 7.438E+01.08640.21524212.45690.76-.005551             12             10                    R  1      244523 9 4 3 2 1 4    40.0   24.0
151 3577.165771 5.375E-73 6.943E+01.00960.06026171.29440.50-.013330             12             10                    R 16      244523 9 4 3 2 1 4   280.0  264.0
151 3580.177819 9.837E-64 3.888E+01.00930.06021778.27260.50-.013336              7              5                    P 31      254523 9 4 3 2 1 4   488.0  504.0
151 3582.701964 3.453E-77 4.690E+01.00930.06028183.24500.50-.013342             11              9                    R 28      244523 9 4 3 2 1 4   472.0  456.0
151 3584.194352 1.444E-69 7.918E+01.07820.22424242.02980.72-.006332             12             10                    R  2      244523 9 4 3 2 1 4    56.0   40.0
151 3584.310554 2.205E-64 6.664E+01.00940.06022124.35110.50-.013346              9              7                    P 22      244523 9 4 3 2 1 4   344.0  360.0
151 3587.033775 4.247E-84 3.776E+01.00930.06031425.07490.50-.013352             13             10                    P 32      232523 9 4 3 3 1 4   504.0  520.0
151 3588.071028 1.575E-72 7.160E+01.00970.06025943.09770.50-.013354             12             10                    R 15      244523 9 4 3 2 1 4   264.0  248.0
151 3593.457645 1.532E-69 8.149E+01.06800.21824286.35810.71-.007012             12             10                    R  3      244523 9 4 3 2 1 4    72.0   56.0
151 3594.240877 4.722E-80 3.489E+01.00930.06029521.62560.50-.013368             10              8                    R 35      244523 9 4 3 2 1 4   584.0  568.0
151 3594.517983 2.355E-66 9.637E+01.02200.11022942.06600.14-.010454             11              9                    P  9      244523 9 4 3 2 1 4   136.0  152.0
151 3597.258197 4.301E-72 7.360E+01.01000.06225728.19490.50-.013375             12             10                    R 14      244523 9 4 3 2 1 4   248.0  232.0
151 3598.276653 3.407E-63 1.758E+01.00930.06021399.83570.50-.013377              5              3                    P 38      354523 9 4 3 2 1 4   600.0  616.0
151 3598.315450 5.592E-82 6.125E+01.01240.07730311.97960.50-.013377             16             13                    P 12      232523 9 4 3 3 1 4   184.0  200.0
151 3600.110861 6.692E-65 8.191E+01.00970.06122342.98690.50-.013381             10              8                    P 16      244523 9 4 3 2 1 4   248.0  264.0
151 3601.300591 1.418E-69 8.260E+01.05850.19724345.40420.58-.009389             12             10                    R  4      244523 9 4 3 2 1 4    88.0   72.0
151 3601.795362 2.340E-84 3.587E+01.00940.06031436.81350.50-.013385             16             13                    R 18      232523 9 4 3 3 1 4   312.0  296.0
151 3604.762580 1.093E-71 7.544E+01.01050.06525526.77380.50-.013391             12             10                    R 13      244523 9 4 3 2 1 4   232.0  216.0
151 3607.706067 1.173E-69 8.302E+01.04680.16924419.11830.35-.011966             12             10                    R  5      244523 9 4 3 2 1 4   104.0   88.0
151 3610.616868 2.583E-71 7.710E+01.01120.06825339.00960.50-.013405             12             10                    R 12      244523 9 4 3 2 1 4   216.0  200.0
151 3612.655902 8.783E-70 8.297E+01.03590.13924507.43800.40-.013540             12             10                    R  6      244523 9 4 3 2 1 4   120.0  104.0
151 3614.105078 2.306E-76 5.015E+01.00930.06027795.70010.50-.013412             11              9                    R 27      244523 9 4 3 2 1 4   456.0  440.0
151 3614.851421 5.665E-71 7.859E+01.01230.07225165.06470.50-.013414             12             10                    R 11      244523 9 4 3 2 1 4   200.0  184.0
151 3615.896011 7.250E-63 1.018E+01.00930.06021145.86990.50-.013416              4              2                    P 41      354523 9 4 3 2 1 4   648.0  664.0
151 3616.130815 5.998E-70 8.258E+01.02790.11124610.28850.29-.013913             12             10                    R  7      244523 9 4 3 2 1 4   136.0  120.0
151 3617.047463 2.750E-63 5.235E+01.00930.06021586.89470.50-.013419              8              6                    P 26      244523 9 4 3 2 1 4   408.0  424.0
151 3617.494516 1.151E-70 7.990E+01.01420.07725005.08910.50-.013420             12             10                    R 10      244523 9 4 3 2 1 4   184.0  168.0
151 3618.110331 3.756E-70 8.191E+01.02170.09624727.58240.30-.014184             12             10                    R  8      244523 9 4 3 2 1 4   152.0  136.0
151 3618.572555 2.165E-70 8.101E+01.01710.08824859.22010.35-.013953             12             10                    R  9      244523 9 4 3 2 1 4   168.0  152.0
151 3620.007175 4.041E-66 9.747E+01.02870.12622804.63020.13-.009954             11              9                    P  8      244523 9 4 3 2 1 4   120.0  136.0
151 3622.490572 1.125E-62 2.723E+01.00930.06021218.14920.50-.013431              6              4                    P 34      354523 9 4 3 2 1 4   536.0  552.0
151 3624.651344 1.112E-63 6.719E+01.00940.06021778.69030.50-.013436              9              7                    P 21      244523 9 4 3 2 1 4   328.0  344.0
151 3626.015507 3.931E-82 5.487E+01.00940.06030467.31780.50-.013439             15             12                    P 20      232523 9 4 3 3 1 4   312.0  328.0
151 3626.507315 2.044E-86 3.003E+01.00940.06032392.78330.50-.013440             17             13                    P 22      252523 9 5 3 4 1 4   344.0  360.0
151 3629.215969 1.037E-62 3.907E+01.00930.06021282.19570.50-.013446              7              5                    P 30      254523 9 4 3 2 1 4   472.0  488.0
151 3633.939448 2.077E-64 8.263E+01.01000.06322094.25550.50-.013457             10              8                    P 15      244523 9 4 3 2 1 4   232.0  248.0
151 3634.474034 6.797E-86 2.787E+01.00930.06032179.87260.50-.013458             15             12                    R 26      232523 9 4 3 3 1 4   440.0  424.0
151 3638.127919 4.984E-79 3.824E+01.00930.06029044.96680.50-.013466             10              8                    R 34      244523 9 4 3 2 1 4   568.0  552.0
151 3638.789266 2.543E-87 2.366E+01.00930.06032821.71590.50-.013468             16             12                    P 28      252523 9 5 3 4 1 4   440.0  456.0
151 3640.870397 1.045E-81 6.244E+01.01440.08730163.77300.50-.013472             16             13                    P 11      232523 9 4 3 3 1 4   168.0  184.0
151 3643.319825 1.451E-75 5.325E+01.00930.06027418.96320.50-.013478             11              9                    R 26      244523 9 4 3 2 1 4   440.0  424.0
151 3644.271205 6.347E-66 9.873E+01.03670.15022682.18790.25-.009453             11              9                    P  7      244523 9 4 3 2 1 4   104.0  120.0
151 3644.546771 1.367E-84 2.975E+01.00930.06031627.26530.50-.013481             12              9                    P 36      232523 9 4 3 3 1 4   568.0  584.0
151 3650.257263 1.240E-82 4.666E+01.00930.06030723.79550.50-.013493             14             11                    P 26      232523 9 4 3 3 1 4   408.0  424.0
151 3651.255283 6.661E-84 3.902E+01.00950.06031222.42520.50-.013496             16             13                    R 17      232523 9 4 3 3 1 4   296.0  280.0
151 3653.264406 6.528E-62 1.763E+01.00930.06020781.08750.50-.013500              5              3                    P 37      354523 9 4 3 2 1 4   584.0  600.0
151 3661.359595 2.662E-88 1.853E+01.00930.06033267.49940.50-.013518             15             11                    P 33      252523 9 5 3 4 1 4   520.0  536.0
151 3661.375509 1.948E-62 5.271E+01.00930.06021172.28120.50-.013518              8              6                    P 25      244523 9 4 3 2 1 4   392.0  408.0
151 3663.926578 5.235E-63 6.773E+01.00940.06021446.96930.50-.013524              9              7                    P 20      244523 9 4 3 2 1 4   312.0  328.0
151 3664.947862 2.154E-87 2.232E+01.00930.06032881.55830.50-.013526             14             11                    R 32      232523 9 4 3 3 1 4   536.0  520.0
151 3665.275619 1.652E-85 2.236E+01.00930.06032022.92520.50-.013527             11              8                    P 40      232523 9 4 3 3 1 4   632.0  648.0
151 3666.633888 5.977E-64 8.334E+01.01050.06621860.13990.50-.013530             10              8                    P 14      244523 9 4 3 2 1 4   216.0  232.0
151 3667.302409 9.077E-66 1.003E+02.04780.18122574.83690.35-.009550             11              9                    P  6      244523 9 4 3 2 1 4    88.0  104.0
151 3670.425547 8.598E-75 5.620E+01.00930.06027053.36990.50-.013539             11              9                    R 25      244523 9 4 3 2 1 4   424.0  408.0
151 3673.232995 1.814E-61 1.020E+01.00930.06020472.17270.50-.013545              4              2                    P 40      354523 9 4 3 2 1 4   632.0  648.0
151 3674.131151 1.556E-61 2.733E+01.00930.06020666.35310.50-.013547              6              4                    P 33      354523 9 4 3 2 1 4   520.0  536.0
151 3676.230813 2.810E-83 3.800E+01.00930.06031020.88170.50-.013552             13             10                    P 31      232523 9 4 3 3 1 4   488.0  504.0
151 3677.304007 1.029E-61 3.926E+01.00930.06020798.65060.50-.013554              7              5                    P 29      254523 9 4 3 2 1 4   456.0  472.0
151 3679.443652 4.988E-78 4.147E+01.00930.06028577.23680.50-.013559             10              8                    R 33      244523 9 4 3 2 1 4   552.0  536.0
151 3680.554659 1.828E-81 6.357E+01.01740.09530027.30950.15-.011304             16             13                    P 10      232523 9 4 3 3 1 4   152.0  168.0
151 3688.181370 1.240E-81 5.587E+01.00940.06030216.79830.50-.013578             15             12                    P 19      232523 9 4 3 3 1 4   296.0  312.0
151 3689.092365 1.172E-65 1.023E+02.05890.21322482.66280.46-.009746             11              9                    P  5      244523 9 4 3 2 1 4    72.0   88.0
151 3690.331452 9.485E-81 3.156E+01.00930.06029841.78530.50-.013583              9              7                    R 39      244523 9 4 3 2 1 4   648.0  632.0
151 3695.493128 4.791E-74 5.899E+01.00930.06026699.24190.50-.013595             11              9                    R 24      244523 9 4 3 2 1 4   408.0  392.0
151 3696.161642 1.779E-83 4.189E+01.00960.06031018.47220.50-.013596             16             13                    R 16      232523 9 4 3 3 1 4   280.0  264.0
151 3698.190145 1.593E-63 8.405E+01.01120.07221640.81940.50-.013601             10              8                    P 13      244523 9 4 3 2 1 4   200.0  216.0
151 3700.786330 7.570E-89 1.833E+01.00930.06033554.41360.50-.013607             13             10                    R 37      232523 9 4 3 3 1 4   616.0  600.0
151 3702.135364 2.294E-62 6.825E+01.00940.06021129.43260.50-.013610              9              7                    P 19      244523 9 4 3 2 1 4   296.0  312.0
151 3704.698096 1.291E-61 5.306E+01.00930.06020771.15100.50-.013615              8              6                    P 24      244523 9 4 3 2 1 4   376.0  392.0
151 3707.411746 1.185E-60 1.767E+01.00930.06020173.51710.50-.013621              5              3                    P 36      354523 9 4 3 2 1 4   568.0  584.0
151 3709.631942 1.350E-65 1.054E+02.07010.23822405.73880.61-.009940             11              9                    P  4      244523 9 4 3 2 1 4    56.0   72.0
151 3713.652972 3.226E-85 3.197E+01.00930.06031871.25860.50-.013635             15             12                    R 25      232523 9 4 3 3 1 4   424.0  408.0
151 3717.424570 2.989E-81 6.469E+01.02200.11029902.74920.14-.010729             16             13                    P  9      232523 9 4 3 3 1 4   136.0  152.0
151 3718.314783 4.729E-77 4.455E+01.00930.06028118.85460.50-.013646             10              8                    R 32      244523 9 4 3 2 1 4   536.0  520.0
151 3718.586294 2.508E-73 6.163E+01.00930.06026356.88680.50-.013646             11              9                    R 23      244523 9 4 3 2 1 4   392.0  376.0
151 3724.444793 9.582E-61 3.945E+01.00930.06020327.96890.50-.013660              7              5                    P 28      254523 9 4 3 2 1 4   440.0  456.0
151 3724.879693 2.030E-60 2.743E+01.00930.06020126.64820.50-.013661              6              4                    P 32      354523 9 4 3 2 1 4   504.0  520.0
151 3725.675405 5.730E-82 4.723E+01.00930.06030394.73500.50-.013662             14             11                    P 25      232523 9 4 3 3 1 4   392.0  408.0
151 3728.603239 3.927E-63 8.477E+01.01240.07721436.46150.50-.013669             10              8                    P 12      244523 9 4 3 2 1 4   184.0  200.0
151 3728.911338 1.353E-65 1.108E+02.07880.24222344.12620.71-.007932             11              9                    P  3      244523 9 4 3 2 1 4    40.0   56.0
151 3729.784652 4.315E-60 1.021E+01.00930.06019809.02530.50-.013672              4              2                    P 39      354523 9 4 3 2 1 4   616.0  632.0
151 3736.793791 4.459E-83 4.449E+01.00970.06030825.21660.50-.013687             16             13                    R 15      232523 9 4 3 3 1 4   264.0  248.0
151 3739.275583 9.354E-62 6.876E+01.00950.06020826.31370.50-.013693              9              7                    P 18      244523 9 4 3 2 1 4   280.0  296.0
151 3739.717309 1.322E-79 3.453E+01.00930.06029307.59250.50-.013694              9              7                    R 38      244523 9 4 3 2 1 4   632.0  616.0
151 3739.762236 1.232E-72 6.411E+01.00930.06026026.59960.50-.013694             11              9                    R 22      244523 9 4 3 2 1 4   376.0  360.0
151 3740.154384 1.173E-83 2.957E+01.00930.06031167.25110.50-.013695             12              9                    P 35      232523 9 4 3 3 1 4   552.0  568.0
151 3746.040023 6.865E-86 3.299E+01.00940.06032139.67580.50-.013708             17             13                    P 21      252523 9 5 3 4 1 4   328.0  344.0
151 3746.920112 1.119E-65 1.231E+02.08700.22922297.87390.69-.006323             11              9                    P  2      244523 9 4 3 2 1 4    24.0   40.0
151 3747.015364 7.995E-61 5.341E+01.00930.06020383.78840.50-.013710              8              6                    P 23      244523 9 4 3 2 1 4   360.0  376.0
151 3747.263417 3.703E-81 5.676E+01.00950.06029977.08840.50-.013711             15             12                    P 18      232523 9 4 3 3 1 4   280.0  296.0
151 3751.526319 4.553E-81 6.581E+01.02870.12629790.23700.13-.010249             16             13                    P  8      232523 9 4 3 3 1 4   120.0  136.0
151 3754.851831 4.245E-76 4.748E+01.00930.06027670.22300.50-.013728             10              8                    R 31      244523 9 4 3 2 1 4   520.0  504.0
151 3757.867436 8.932E-63 8.551E+01.01440.08721247.22180.50-.013734             10              8                    P 11      244523 9 4 3 2 1 4   168.0  184.0
151 3759.073110 5.675E-72 6.643E+01.00940.06025708.66160.50-.013737             11              9                    R 21      244523 9 4 3 2 1 4   360.0  344.0
151 3760.722291 2.034E-59 1.772E+01.00930.06019577.51160.50-.013741              5              3                    P 35      354523 9 4 3 2 1 4   552.0  568.0
151 3761.587173 1.783E-82 3.811E+01.00930.06030625.04920.50-.013743             13             10                    P 30      232523 9 4 3 3 1 4   472.0  488.0
151 3763.647208 6.437E-66 1.845E+02.09710.21322267.01860.65-.009013             11              9                    P  1      244523 9 4 3 2 1 4     8.0   24.0
151 3767.372578 1.822E-84 2.194E+01.00930.06031508.54950.50-.013756             11              8                    P 39      232523 9 4 3 3 1 4   616.0  632.0
151 3768.376869 1.502E-86 2.686E+01.00930.06032502.30490.50-.013758             14             11                    R 31      232523 9 4 3 3 1 4   520.0  504.0
151 3770.639440 8.365E-60 3.963E+01.00930.06019870.47200.50-.013763              7              5                    P 27      254523 9 4 3 2 1 4   424.0  440.0
151 3773.387099 1.049E-82 4.683E+01.01000.06230642.90170.50-.013769             16             13                    R 14      232523 9 4 3 3 1 4   248.0  232.0
151 3774.738342 2.493E-59 2.754E+01.00930.06019599.39070.50-.013772              6              4                    P 31      354523 9 4 3 2 1 4   488.0  504.0
151 3775.344003 3.542E-61 6.926E+01.00960.06020537.83490.50-.013774              9              7                    P 17      244523 9 4 3 2 1 4   264.0  280.0
151 3776.184378 5.669E-89 1.507E+01.00930.06033554.41360.50-.013775             14             10                    P 37      252523 9 5 3 4 1 4   584.0  600.0
151 3776.566223 2.447E-71 6.860E+01.00940.06025403.34160.50-.013776             11              9                    R 20      244523 9 4 3 2 1 4   344.0  328.0
151 3782.897141 6.435E-81 6.701E+01.03670.14029689.90260.25-.009763             16             13                    P  7      232523 9 4 3 3 1 4   104.0  120.0
151 3785.554622 9.733E-59 1.023E+01.00930.06019156.83500.50-.013796              4              2                    P 38      354523 9 4 3 2 1 4   600.0  616.0
151 3785.975897 1.872E-62 8.628E+01.01740.09521073.24420.15-.011540             10              8                    P 10      244523 9 4 3 2 1 4   152.0  168.0
151 3786.390824 1.434E-84 3.575E+01.00930.06031571.41830.50-.013798             15             12                    R 24      232523 9 4 3 3 1 4   408.0  392.0
151 3786.437341 1.755E-78 3.736E+01.00930.06028781.40310.50-.013798              9              7                    R 37      244523 9 4 3 2 1 4   616.0  600.0
151 3788.326077 4.617E-60 5.375E+01.00940.06020010.46730.50-.013803              8              6                    P 22      244523 9 4 3 2 1 4   344.0  360.0
151 3789.151813 3.603E-75 5.025E+01.00930.06027231.72990.50-.013805             10              8                    R 30      244523 9 4 3 2 1 4   504.0  488.0
151 3791.129191 1.254E-86 2.709E+01.00930.06032496.84080.50-.013809             16             12                    P 27      252523 9 5 3 4 1 4   424.0  440.0
151 3792.284798 9.869E-71 7.062E+01.00940.06025110.89580.50-.013812             11              9                    R 19      244523 9 4 3 2 1 4   328.0  312.0
151 3793.209151 6.808E-66 6.131E+01.09740.20122251.58480.74-.000987             11              9                    R  0      244523 9 4 3 2 1 4    24.0    8.0
151 3797.762175 2.521E-81 4.768E+01.00930.06030075.47310.50-.013824             14             11                    P 24      232523 9 4 3 3 1 4   376.0  392.0
151 3800.017621 2.019E-58 4.895E+00.00930.06018869.25870.50-.013829              3              1                    P 41      454523 9 4 3 2 1 4   648.0  664.0
151 3803.383057 1.044E-80 5.756E+01.00960.06029748.46020.50-.013836             15             12                    P 17      232523 9 4 3 3 1 4   264.0  280.0
151 3806.018922 1.251E-65 7.337E+01.08640.21522267.01860.76-.006071             11              9                    R  1      244523 9 4 3 2 1 4    40.0   24.0
151 3806.142004 2.314E-82 4.891E+01.01050.06530471.75310.50-.013843             16             13                    R 13      232523 9 4 3 3 1 4   232.0  216.0
151 3806.268479 3.719E-70 7.249E+01.00940.06024831.56790.50-.013843             11              9                    R 18      244523 9 4 3 2 1 4   312.0  296.0
151 3810.336395 1.244E-60 6.976E+01.00970.06120264.20730.50-.013852              9              7                    P 16      244523 9 4 3 2 1 4   248.0  264.0
151 3811.565997 8.393E-81 6.836E+01.04780.17529601.86060.35-.009873             16             13                    P  6      232523 9 4 3 3 1 4    88.0  104.0
151 3812.921442 3.604E-62 8.713E+01.02200.11020914.66100.14-.010943             10              8                    P  9      244523 9 4 3 2 1 4   136.0  152.0
151 3813.197800 3.293E-58 1.777E+01.00930.06018993.44970.50-.013858              5              3                    P 34      354523 9 4 3 2 1 4   536.0  552.0
151 3815.887498 6.835E-59 3.982E+01.00930.06019426.47200.50-.013864              7              5                    P 26      254523 9 4 3 2 1 4   408.0  424.0
151 3817.496863 1.600E-65 7.834E+01.07820.22422297.87390.72-.006855             11              9                    R  2      244523 9 4 3 2 1 4    56.0   40.0
151 3818.553766 1.307E-69 7.421E+01.00950.06024565.58930.50-.013870             11              9                    R 17      244523 9 4 3 2 1 4   296.0  280.0
151 3820.531544 4.677E-90 1.112E+01.00930.06034021.62440.50-.013875             13              9                    P 41      252523 9 5 3 4 1 4   648.0  664.0
151 3821.300391 2.890E-74 5.287E+01.00930.06026803.74880.50-.013877             10              8                    R 29      244523 9 4 3 2 1 4   488.0  472.0
151 3823.707523 2.875E-58 2.764E+01.00930.06019084.92730.50-.013882              6              4                    P 30      354523 9 4 3 2 1 4   472.0  488.0
151 3825.646955 7.309E-88 2.303E+01.00930.06033115.86640.50-.013886             13             10                    R 36      232523 9 4 3 3 1 4   600.0  584.0
151 3827.628953 1.688E-65 8.089E+01.06800.21822344.12620.71-.007536             11              9                    R  3      244523 9 4 3 2 1 4    72.0   56.0
151 3828.627754 2.483E-59 5.408E+01.00940.06019651.45110.50-.013893              8              6                    P 21      244523 9 4 3 2 1 4   328.0  344.0
151 3829.174392 4.284E-69 7.579E+01.00960.06024313.17890.50-.013894             11              9                    R 16      244523 9 4 3 2 1 4   280.0  264.0
151 3830.633405 2.217E-77 4.003E+01.00930.06028263.67180.50-.013897              9              7                    R 36      244523 9 4 3 2 1 4   600.0  584.0
151 3831.818267 9.698E-83 2.930E+01.00930.06030714.76540.50-.013900             12              9                    P 34      232523 9 4 3 3 1 4   536.0  552.0
151 3835.230669 4.786E-82 5.074E+01.01120.07030311.97960.50-.013908             16             13                    R 12      232523 9 4 3 3 1 4   216.0  200.0
151 3836.400552 1.549E-65 8.231E+01.05850.19722405.73880.58-.009916             11              9                    R  4      244523 9 4 3 2 1 4    88.0   72.0
151 3837.554726 1.002E-80 7.002E+01.05890.20529526.21130.46-.010078             16             13                    P  5      232523 9 4 3 3 1 4    72.0   88.0
151 3838.161640 1.307E-68 7.723E+01.00970.06024074.54370.50-.013914             11              9                    R 15      244523 9 4 3 2 1 4   264.0  248.0
151 3838.696100 6.357E-62 8.807E+01.02870.12620771.59240.13-.010444             10              8                    P  8      244523 9 4 3 2 1 4   120.0  136.0
151 3840.341275 1.754E-87 2.122E+01.00930.06032881.55830.50-.013919             15             11                    P 32      252523 9 5 3 4 1 4   504.0  520.0
151 3840.544646 2.078E-57 1.025E+01.00930.06018516.00140.50-.013920              4              2                    P 37      354523 9 4 3 2 1 4   584.0  600.0
151 3843.387513 1.083E-81 3.813E+01.00930.06030238.01310.50-.013926             13             10                    P 29      232523 9 4 3 3 1 4   456.0  472.0
151 3843.796372 1.266E-65 8.308E+01.04680.16922482.66280.35-.012494             11              9                    R  5      244523 9 4 3 2 1 4   104.0   88.0
151 3844.247622 4.047E-60 7.026E+01.01000.06320005.63070.50-.013928              9              7                    P 15      244523 9 4 3 2 1 4   232.0  248.0
151 3845.544629 3.706E-68 7.852E+01.01000.06223849.87830.50-.013931             11              9                    R 14      244523 9 4 3 2 1 4   248.0  232.0
151 3849.800450 9.344E-66 8.342E+01.03590.13922574.83690.40-.014071             11              9                    R  6      244523 9 4 3 2 1 4   120.0  104.0
151 3851.350555 9.757E-68 7.968E+01.01050.06523639.36540.50-.013944             11              9                    R 13      244523 9 4 3 2 1 4   232.0  216.0
151 3851.373607 2.187E-73 5.533E+01.00930.06026386.63950.50-.013944             10              8                    R 28      244523 9 4 3 2 1 4   472.0  456.0
151 3853.340578 5.992E-84 3.919E+01.00930.06031280.74510.50-.013948             15             12                    R 23      232523 9 4 3 3 1 4   392.0  376.0
151 3854.396092 6.272E-66 8.346E+01.02790.11122682.18790.29-.014446             11              9                    R  7      244523 9 4 3 2 1 4   136.0  120.0
151 3855.604898 2.382E-67 8.070E+01.01120.06823443.17540.50-.013953             11              9                    R 12      244523 9 4 3 2 1 4   216.0  200.0
151 3855.679305 2.142E-85 3.505E+01.00940.06031895.75120.50-.013954             17             13                    P 20      252523 9 5 3 4 1 4   312.0  328.0
151 3856.643422 2.778E-80 5.830E+01.00970.06129531.16880.50-.013956             15             12                    P 16      232523 9 4 3 3 1 4   248.0  264.0
151 3857.429368 5.674E-57 4.901E+00.00930.06018171.93710.50-.013957              3              1                    P 40      454523 9 4 3 2 1 4   632.0  648.0
151 3857.565832 3.850E-66 8.326E+01.02170.09622804.63020.30-.014720             11              9                    R  8      244523 9 4 3 2 1 4   152.0  136.0
151 3858.331611 5.386E-67 8.157E+01.01230.07223261.46670.50-.013959             11              9                    R 11      244523 9 4 3 2 1 4   200.0  184.0
151 3859.291247 2.170E-66 8.287E+01.01710.08822942.06600.35-.014492             11              9                    R  9      244523 9 4 3 2 1 4   168.0  152.0
151 3859.553277 1.125E-66 8.230E+01.01420.07723094.38560.50-.013962             11              9                    R 10      244523 9 4 3 2 1 4   184.0  168.0
151 3860.187115 5.218E-58 4.001E+01.00930.06018996.27090.50-.013964              7              5                    P 25      254523 9 4 3 2 1 4   392.0  408.0
151 3860.801997 9.268E-82 5.232E+01.01230.07530163.77300.50-.013965             16             13                    R 11      232523 9 4 3 3 1 4   200.0  184.0
151 3860.878294 1.082E-80 7.235E+01.07010.23029463.04010.61-.010279             16             13                    P  4      232523 9 4 3 3 1 4    56.0   72.0
151 3863.023361 9.758E-86 3.100E+01.00930.06032130.26900.50-.013970             14             11                    R 30      232523 9 4 3 3 1 4   504.0  488.0
151 3863.291308 1.023E-61 8.919E+01.03670.15020644.14670.25-.009944             10              8                    P  7      244523 9 4 3 2 1 4   104.0  120.0
151 3864.838369 5.024E-57 1.783E+01.00930.06018421.70180.50-.013974              5              3                    P 33      354523 9 4 3 2 1 4   520.0  536.0
151 3865.347289 1.948E-83 2.147E+01.00930.06031000.72410.50-.013975             11              8                    P 38      232523 9 4 3 3 1 4   600.0  616.0
151 3866.698509 1.054E-80 4.804E+01.00930.06029766.36180.50-.013978             14             11                    P 23      232523 9 4 3 3 1 4   360.0  376.0
151 3867.916796 1.242E-58 5.441E+01.00940.06019306.99250.50-.013981              8              6                    P 20      244523 9 4 3 2 1 4   312.0  328.0
151 3871.786134 3.110E-57 2.775E+01.00930.06018583.59580.50-.013990              6              4                    P 29      354523 9 4 3 2 1 4   456.0  472.0
151 3872.428197 2.663E-76 4.255E+01.00930.06027754.83710.50-.013991              9              7                    R 35      244523 9 4 3 2 1 4   584.0  568.0
151 3877.071731 1.218E-59 7.077E+01.01050.06619762.29370.50-.014001              9              7                    P 14      244523 9 4 3 2 1 4   216.0  232.0
151 3877.176568 1.076E-86 1.654E+01.00930.06032392.78330.50-.014002             17             13                    R 22      252523 9 5 3 4 1 4   376.0  360.0
151 3879.439299 1.560E-72 5.764E+01.00930.06025980.74830.50-.014007             10              8                    R 27      244523 9 4 3 2 1 4   456.0  440.0
151 3881.545358 1.030E-80 7.622E+01.07880.23529412.41810.71-.008274             16             13                    P  3      232523 9 4 3 3 1 4    40.0   56.0
151 3882.985477 1.678E-81 5.366E+01.01420.08530027.30950.50-.014015             16             13                    R 10      232523 9 4 3 3 1 4   184.0  168.0
151 3886.697952 1.496E-61 9.059E+01.04780.18120532.42030.35-.010042             10              8                    P  6      244523 9 4 3 2 1 4    88.0  104.0
151 3894.754749 4.192E-56 1.028E+01.00930.06017886.91680.50-.014041              4              2                    P 36      354523 9 4 3 2 1 4   568.0  584.0
151 3899.558599 8.202E-81 8.486E+01.08700.23029374.40210.69-.006665             16             13                    P  2      232523 9 4 3 3 1 4    24.0   40.0
151 3901.894188 2.838E-81 5.477E+01.01710.09729902.74920.35-.014587             16             13                    R  9      232523 9 4 3 3 1 4   168.0  152.0
151 3903.535098 3.717E-57 4.019E+01.00930.06018580.16080.50-.014061              7              5                    P 24      254523 9 4 3 2 1 4   376.0  392.0
151 3905.558277 1.048E-71 5.980E+01.00930.06025586.40890.50-.014065             10              8                    R 26      244523 9 4 3 2 1 4   440.0  424.0
151 3906.188589 5.773E-58 5.474E+01.00940.06018977.33360.50-.014067              8              6                    P 19      244523 9 4 3 2 1 4   296.0  312.0
151 3907.132262 6.964E-80 5.898E+01.01000.06329325.45310.50-.014069             15             12                    P 15      232523 9 4 3 3 1 4   232.0  248.0
151 3908.802030 3.383E-59 7.128E+01.01120.07219534.37340.50-.014073              9              7                    P 13      244523 9 4 3 2 1 4   200.0  216.0
151 3908.906413 1.969E-61 9.247E+01.05890.21320436.49780.46-.010238             10              8                    P  5      244523 9 4 3 2 1 4    72.0   88.0
151 3911.928538 3.037E-75 4.492E+01.00930.06027255.32260.50-.014080              9              7                    R 34      244523 9 4 3 2 1 4   568.0  552.0
151 3914.116437 1.511E-55 4.909E+00.00930.06017485.71930.50-.014084              3              1                    P 39      454523 9 4 3 2 1 4   616.0  632.0
151 3914.914977 4.606E-81 1.274E+02.09710.21729349.03450.65-.009352             16             13                    P  1      232523 9 4 3 3 1 4     8.0   24.0
151 3915.015491 2.356E-83 4.229E+01.00930.06030999.60870.50-.014086             15             12                    R 22      232523 9 4 3 3 1 4   376.0  360.0
151 3915.642601 7.206E-56 1.788E+01.00930.06017862.63000.50-.014088              5              3                    P 32      354523 9 4 3 2 1 4   504.0  520.0
151 3917.627157 4.471E-81 5.564E+01.02170.10629790.23700.30-.014855             16             13                    R  8      232523 9 4 3 3 1 4   152.0  136.0
151 3918.971805 3.151E-56 2.786E+01.00930.06018095.72490.50-.014095              6              4                    P 28      354523 9 4 3 2 1 4   440.0  456.0
151 3919.859334 7.713E-82 2.897E+01.00930.06030270.28620.50-.014097             12              9                    P 33      232523 9 4 3 3 1 4   520.0  536.0
151 3921.867547 6.289E-81 3.807E+01.00930.06029860.18760.50-.014102             13             10                    P 28      232523 9 4 3 3 1 4   440.0  456.0
151 3928.355029 5.572E-86 2.878E+01.00930.06032179.87260.50-.014116             16             12                    P 26      252523 9 5 3 4 1 4   408.0  424.0
151 3929.785292 6.615E-71 6.181E+01.00930.06025203.94210.50-.014120             10              8                    R 25      244523 9 4 3 2 1 4   424.0  408.0
151 3929.906597 2.304E-61 9.529E+01.07010.23820356.45150.61-.010433             10              8                    P  4      244523 9 4 3 2 1 4    56.0   72.0
151 3930.271256 6.547E-81 5.628E+01.02790.12329689.90260.29-.014616             16             13                    R  7      232523 9 4 3 3 1 4   136.0  120.0
151 3932.637166 4.183E-80 4.833E+01.00940.06029467.73470.50-.014126             14             11                    P 22      232523 9 4 3 3 1 4   344.0  360.0
151 3937.617085 4.832E-81 4.236E+01.09740.21029336.34360.74-.001310             16             13                    R  0      232523 9 4 3 3 1 4    24.0    8.0
151 3938.831068 6.499E-87 2.721E+01.00930.06032683.09480.50-.014140             13             10                    R 35      232523 9 4 3 3 1 4   584.0  568.0
151 3939.431159 8.666E-59 7.182E+01.01240.07719322.03560.50-.014141              9              7                    P 12      244523 9 4 3 2 1 4   184.0  200.0
151 3939.902711 8.879E-81 5.666E+01.03590.14629601.86060.40-.014273             16             13                    R  6      232523 9 4 3 3 1 4   120.0  104.0
151 3943.437611 2.488E-57 5.507E+01.00950.06018662.70570.50-.014150              8              6                    P 18      244523 9 4 3 2 1 4   280.0  296.0
151 3944.929018 9.023E-81 5.067E+01.08640.22029349.03450.76-.006383             16             13                    R  1      232523 9 4 3 3 1 4    40.0   24.0
151 3945.927413 2.466E-56 4.038E+01.00930.06018178.42370.50-.014156              7              5                    P 23      254523 9 4 3 2 1 4   360.0  376.0
151 3946.588381 1.109E-80 5.675E+01.04680.17029526.21130.35-.012725             16             13                    R  5      232523 9 4 3 3 1 4   104.0   88.0
151 3948.183406 7.973E-55 1.030E+01.00930.06017269.96580.50-.014161              4              2                    P 35      354523 9 4 3 2 1 4   552.0  568.0
151 3949.227996 3.285E-74 4.713E+01.00930.06026765.53740.50-.014163              9              7                    R 33      244523 9 4 3 2 1 4   552.0  536.0
151 3949.516338 1.188E-80 5.403E+01.07820.22029374.40210.72-.007150             16             13                    R  2      232523 9 4 3 3 1 4    56.0   40.0
151 3949.687971 2.339E-61 1.002E+02.07880.24220292.34190.71-.008427             10              8                    P  3      244523 9 4 3 2 1 4    40.0   56.0
151 3950.152426 5.947E-85 3.472E+01.00930.06031765.94700.50-.014165             14             11                    R 29      232523 9 4 3 3 1 4   488.0  472.0
151 3950.386505 1.267E-80 5.647E+01.05850.19429463.04010.58-.010171             16             13                    R  4      232523 9 4 3 3 1 4    88.0   72.0
151 3951.347913 1.307E-80 5.567E+01.06800.21529412.41810.71-.007813             16             13                    R  3      232523 9 4 3 3 1 4    72.0   56.0
151 3952.169860 3.922E-70 6.368E+01.00930.06024833.65670.50-.014170             10              8                    R 24      244523 9 4 3 2 1 4   408.0  392.0
151 3954.924243 1.642E-79 5.963E+01.01050.06629131.53640.50-.014176             15             12                    P 14      232523 9 4 3 3 1 4   216.0  232.0
151 3957.028429 6.287E-85 3.653E+01.00940.06031661.35600.50-.014181             17             13                    P 19      252523 9 5 3 4 1 4   296.0  312.0
151 3959.572155 2.013E-82 2.098E+01.00930.06030499.96820.50-.014186             11              8                    P 37      232523 9 4 3 3 1 4   584.0  600.0
151 3965.260607 2.983E-55 2.797E+01.00930.06017621.63410.50-.014199              6              4                    P 27      354523 9 4 3 2 1 4   424.0  440.0
151 3965.607761 9.701E-55 1.794E+01.00930.06017316.58790.50-.014200              5              3                    P 31      354523 9 4 3 2 1 4   488.0  504.0
151 3965.932928 1.891E-83 1.457E+01.00930.06030932.27530.50-.014201             10              7                    P 41      232523 9 4 3 3 1 4   648.0  664.0
151 3966.170165 4.558E-88 1.630E+01.00930.06033115.86640.50-.014201             14             10                    P 36      252523 9 5 3 4 1 4   568.0  584.0
151 3967.642101 5.564E-77 3.624E+01.00930.06028055.28310.50-.014204              8              6                    R 39      244523 9 4 3 2 1 4   648.0  632.0
151 3968.239583 1.954E-61 1.114E+02.08700.22920244.21730.69-.006819             10              8                    P  2      244523 9 4 3 2 1 4    24.0   40.0
151 3968.951243 2.043E-58 7.239E+01.01440.08719125.43440.50-.014207              9              7                    P 11      244523 9 4 3 2 1 4   168.0  184.0
151 3970.076995 3.809E-54 4.918E+00.00930.06016811.01050.50-.014210              3              1                    P 38      454523 9 4 3 2 1 4   600.0  616.0
151 3971.829551 8.728E-83 4.506E+01.00940.06030728.35720.50-.014214             15             12                    R 21      232523 9 4 3 3 1 4   360.0  344.0
151 3972.756864 2.181E-69 6.541E+01.00930.06024475.84920.50-.014216             10              8                    R 23      244523 9 4 3 2 1 4   392.0  376.0
151 3979.657520 9.929E-57 5.540E+01.00960.06018363.32940.50-.014231              8              6                    P 17      244523 9 4 3 2 1 4   264.0  280.0
151 3981.908008 6.158E-54 1.558E+00.00930.06016490.26470.50-.014236              2              0                    P 41      454523 9 4 3 2 1 4   648.0  664.0
151 3984.408977 3.367E-73 4.920E+01.00930.06026285.87720.50-.014242              9              7                    R 32      244523 9 4 3 2 1 4   536.0  520.0
151 3985.550085 1.133E-61 1.672E+02.09710.21320212.11410.65-.009510             10              8                    P  1      244523 9 4 3 2 1 4     8.0   24.0
151 3987.358711 1.522E-55 4.058E+01.00940.06017791.33160.50-.014249              7              5                    P 22      254523 9 4 3 2 1 4   344.0  360.0
151 3991.587535 1.136E-68 6.701E+01.00930.06024130.80380.50-.014258             10              8                    R 22      244523 9 4 3 2 1 4   376.0  360.0
151 3995.707786 1.573E-79 4.857E+01.00940.06029179.90790.50-.014267             14             11                    P 21      232523 9 4 3 3 1 4   328.0  344.0
151 3997.224412 3.484E-80 3.796E+01.00930.06029491.96720.50-.014271             13             10                    P 27      232523 9 4 3 3 1 4   424.0  440.0
151 3997.353564 4.424E-58 7.301E+01.01740.09518944.71250.15-.012014              9              7                    P 10      244523 9 4 3 2 1 4   152.0  168.0
151 3999.421306 1.042E-86 2.236E+01.00930.06032502.30490.50-.014276             15             11                    P 31      252523 9 5 3 4 1 4   488.0  504.0
151 4000.082785 3.636E-79 6.025E+01.01120.07228949.62640.50-.014277             15             12                    P 13      232523 9 4 3 3 1 4   200.0  216.0
151 4000.827688 1.427E-53 1.033E+01.00930.06016665.52540.50-.014279              4              2                    P 34      354523 9 4 3 2 1 4   536.0  552.0
151 4004.541814 5.888E-81 2.860E+01.00930.06029834.26930.50-.014287             12              9                    P 32      232523 9 4 3 3 1 4   504.0  520.0
151 4008.699284 5.534E-68 6.848E+01.00940.06023798.79340.50-.014296             10              8                    R 21      244523 9 4 3 2 1 4   360.0  344.0
151 4008.983651 4.534E-86 2.274E+01.00940.06032139.67580.50-.014297             17             13                    R 21      252523 9 5 3 4 1 4   360.0  344.0
151 4010.647939 2.636E-54 2.808E+01.00930.06017161.63320.50-.014301              6              4                    P 26      354523 9 4 3 2 1 4   408.0  424.0
151 4012.461537 8.468E-76 3.817E+01.00930.06027496.08790.50-.014305              8              6                    R 38      244523 9 4 3 2 1 4   632.0  616.0
151 4014.729902 1.223E-53 1.800E+01.00930.06016783.92070.50-.014310              5              3                    P 30      354523 9 4 3 2 1 4   472.0  488.0
151 4014.841240 3.665E-56 5.574E+01.00970.06118079.41420.50-.014310              8              6                    P 16      244523 9 4 3 2 1 4   248.0  264.0
151 4016.400451 1.206E-61 5.574E+01.09740.20120196.05640.74-.001487             10              8                    R  0      244523 9 4 3 2 1 4    24.0    8.0
151 4017.544434 3.265E-72 5.112E+01.00930.06025816.72490.50-.014316              9              7                    R 31      244523 9 4 3 2 1 4   520.0  504.0
151 4024.123298 3.046E-82 4.750E+01.00940.06030467.31780.50-.014331             15             12                    R 20      232523 9 4 3 3 1 4   344.0  328.0
151 4024.126664 2.519E-67 6.983E+01.00940.06023480.07890.50-.014331             10              8                    R 20      244523 9 4 3 2 1 4   344.0  328.0
151 4024.629246 8.777E-58 7.369E+01.02200.11018780.00100.14-.011417              9              7                    P  9      244523 9 4 3 2 1 4   136.0  152.0
151 4025.307788 9.059E-53 4.929E+00.00930.06016148.20940.50-.014334              3              1                    P 37      454523 9 4 3 2 1 4   584.0  600.0
151 4025.970381 4.606E-89 1.154E+01.00930.06033532.11680.50-.014335             13              9                    P 40      252523 9 5 3 4 1 4   632.0  648.0
151 4027.822866 8.725E-55 4.078E+01.00940.06017419.14640.50-.014339              7              5                    P 21      254523 9 4 3 2 1 4   328.0  344.0
151 4029.915738 2.214E-61 6.683E+01.08640.21520212.11410.76-.006573             10              8                    R  1      244523 9 4 3 2 1 4    40.0   24.0
151 4030.676297 3.415E-84 3.801E+01.00930.06031409.80510.50-.014346             14             11                    R 28      232523 9 4 3 3 1 4   472.0  456.0
151 4037.901579 1.070E-66 7.106E+01.00940.06023174.90930.50-.014362             10              8                    R 19      244523 9 4 3 2 1 4   328.0  312.0
151 4039.630691 1.943E-52 1.560E+00.00930.06015769.39460.50-.014366              2              0                    P 40      454523 9 4 3 2 1 4   632.0  648.0
151 4042.140764 2.820E-61 7.151E+01.07820.22420244.21730.72-.007358             10              8                    R  2      244523 9 4 3 2 1 4    56.0   40.0
151 4042.596014 5.409E-86 3.087E+01.00930.06032256.68050.50-.014372             13             10                    R 34      232523 9 4 3 3 1 4   568.0  552.0
151 4042.661563 7.549E-79 6.087E+01.01240.07728779.91610.50-.014372             15             12                    P 12      232523 9 4 3 3 1 4   184.0  200.0
151 4048.699268 2.992E-71 5.289E+01.00930.06025358.45040.50-.014386              9              7                    R 30      244523 9 4 3 2 1 4   504.0  488.0
151 4048.981034 1.250E-55 5.609E+01.01000.06317811.15890.50-.014387              8              6                    P 15      244523 9 4 3 2 1 4   232.0  248.0
151 4050.053606 4.236E-66 7.217E+01.00940.06022883.52210.50-.014389             10              8                    R 18      244523 9 4 3 2 1 4   312.0  296.0
151 4050.350868 2.007E-81 2.047E+01.00930.06030006.77740.50-.014390             11              8                    P 36      232523 9 4 3 3 1 4   568.0  584.0
151 4050.768742 1.591E-57 7.448E+01.02870.12618631.41920.13-.010919              9              7                    P  8      244523 9 4 3 2 1 4   120.0  136.0
151 4051.115294 1.741E-84 3.761E+01.00950.06031436.81350.50-.014391             17             13                    P 18      252523 9 5 3 4 1 4   280.0  296.0
151 4052.683334 2.400E-52 1.036E+01.00930.06016073.96490.50-.014395              4              2                    P 33      354523 9 4 3 2 1 4   520.0  536.0
151 4053.062316 2.954E-61 7.403E+01.06800.21820292.34190.71-.008041             10              8                    R  3      244523 9 4 3 2 1 4    72.0   56.0
151 4054.546935 2.315E-85 2.959E+01.00930.06031871.25860.50-.014399             16             12                    P 25      252523 9 5 3 4 1 4   392.0  408.0
151 4055.021973 1.228E-74 3.996E+01.00930.06026945.70200.50-.014400              8              6                    R 37      244523 9 4 3 2 1 4   616.0  600.0
151 4055.128045 2.170E-53 2.820E+01.00930.06016716.02290.50-.014400              6              4                    P 25      354523 9 4 3 2 1 4   392.0  408.0
151 4056.021111 5.597E-79 4.877E+01.00940.06028903.18070.50-.014402             14             11                    P 20      232523 9 4 3 3 1 4   312.0  328.0
151 4060.610281 1.561E-65 7.318E+01.00950.06022606.14330.50-.014413             10              8                    R 17      244523 9 4 3 2 1 4   296.0  280.0
151 4062.666800 2.685E-61 7.553E+01.05850.19720356.45150.58-.010423             10              8                    R  4      244523 9 4 3 2 1 4    88.0   72.0
151 4062.777792 2.440E-82 1.404E+01.00930.06030383.50990.50-.014417             10              7                    P 40      232523 9 4 3 3 1 4   632.0  648.0
151 4063.003906 1.443E-52 1.807E+01.00930.06016264.96500.50-.014418              5              3                    P 29      354523 9 4 3 2 1 4   456.0  472.0
151 4063.312833 1.074E-87 2.534E+01.00930.06033047.30980.50-.014419             12              9                    R 39      232523 9 4 3 3 1 4   648.0  632.0
151 4067.312946 4.639E-54 4.098E+01.00940.06017062.11960.50-.014428              7              5                    P 20      254523 9 4 3 2 1 4   312.0  328.0
151 4069.597341 5.347E-65 7.408E+01.00960.06022342.98690.50-.014433             10              8                    R 16      244523 9 4 3 2 1 4   280.0  264.0
151 4069.624308 1.838E-79 3.781E+01.00930.06029133.72740.50-.014433             13             10                    P 26      232523 9 4 3 3 1 4   408.0  424.0
151 4070.940223 2.168E-61 7.647E+01.04680.16920436.49780.35-.013003             10              8                    R  5      244523 9 4 3 2 1 4   104.0   88.0
151 4072.181470 1.002E-81 4.963E+01.00940.06030216.79830.50-.014439             15             12                    R 19      232523 9 4 3 3 1 4   328.0  312.0
151 4075.762398 2.624E-57 7.542E+01.03670.15018499.07460.25-.010419              9              7                    P  7      244523 9 4 3 2 1 4   104.0  120.0
151 4077.038935 1.701E-64 7.488E+01.00970.06022094.25550.50-.014449             10              8                    R 15      244523 9 4 3 2 1 4   264.0  248.0
151 4077.868174 1.576E-61 7.704E+01.03590.13920532.42030.40-.014582             10              8                    R  6      244523 9 4 3 2 1 4   120.0  104.0
151 4077.931489 2.586E-70 5.454E+01.00930.06024911.41160.50-.014451              9              7                    R 29      244523 9 4 3 2 1 4   488.0  472.0
151 4079.804278 2.030E-51 4.940E+00.00930.06015497.70730.50-.014456              3              1                    P 36      454523 9 4 3 2 1 4   568.0  584.0
151 4082.068576 3.929E-55 5.645E+01.01050.06617558.75090.50-.014461              8              6                    P 14      244523 9 4 3 2 1 4   216.0  232.0
151 4082.705721 1.467E-78 6.149E+01.01440.08728622.58360.50-.014462             15             12                    P 11      232523 9 4 3 3 1 4   168.0  184.0
151 4082.957811 5.018E-64 7.557E+01.01000.06221860.13990.50-.014463             10              8                    R 14      244523 9 4 3 2 1 4   248.0  232.0
151 4083.435795 1.039E-61 7.737E+01.02790.11120644.14670.29-.014960             10              8                    R  7      244523 9 4 3 2 1 4   136.0  120.0
151 4086.085674 4.307E-80 2.821E+01.00930.06029407.14960.50-.014470             12              9                    P 31      232523 9 4 3 3 1 4   488.0  504.0
151 4087.375476 1.371E-63 7.617E+01.01050.06521640.81940.50-.014473             10              8                    R 13      244523 9 4 3 2 1 4   232.0  216.0
151 4087.627746 6.249E-62 7.750E+01.02170.09620771.59240.30-.015235             10              8                    R  8      244523 9 4 3 2 1 4   152.0  136.0
151 4090.312335 3.464E-63 7.666E+01.01120.06821436.46150.50-.014479             10              8                    R 12      244523 9 4 3 2 1 4   216.0  200.0
151 4090.428163 3.440E-62 7.747E+01.01710.08820914.66100.35-.015010             10              8                    R  9      244523 9 4 3 2 1 4   168.0  152.0
151 4091.787814 8.081E-63 7.704E+01.01230.07221247.22180.50-.014482             10              8                    R 11      244523 9 4 3 2 1 4   200.0  184.0
151 4091.820467 1.738E-62 7.732E+01.01420.07721073.24420.50-.014482             10              8                    R 10      244523 9 4 3 2 1 4   184.0  168.0
151 4095.413825 1.695E-73 4.161E+01.00930.06026404.55430.50-.014491              8              6                    R 36      244523 9 4 3 2 1 4   600.0  584.0
151 4096.673222 5.798E-51 1.563E+00.00930.06015060.16180.50-.014493              2              0                    P 39      454523 9 4 3 2 1 4   616.0  632.0
151 4098.694295 1.662E-52 2.832E+01.00930.06016285.09410.50-.014498              6              4                    P 24      354523 9 4 3 2 1 4   376.0  392.0
151 4099.599894 3.918E-57 7.661E+01.04780.18118383.06290.35-.010519              9              7                    P  6      244523 9 4 3 2 1 4    88.0  104.0
151 4103.745154 3.783E-51 1.039E+01.00930.06015495.64550.50-.014509              4              2                    P 32      354523 9 4 3 2 1 4   504.0  520.0
151 4105.287245 1.853E-83 4.089E+01.00930.06031062.28300.50-.014513             14             11                    R 27      232523 9 4 3 3 1 4   456.0  440.0
151 4105.293189 2.106E-69 5.605E+01.00930.06024475.95460.50-.014513              9              7                    R 28      244523 9 4 3 2 1 4   472.0  456.0
151 4105.821305 2.284E-53 4.119E+01.00940.06016720.49240.50-.014514              7              5                    P 19      254523 9 4 3 2 1 4   296.0  312.0
151 4110.423921 1.589E-51 1.813E+01.00930.06015760.04810.50-.014524              5              3                    P 28      354523 9 4 3 2 1 4   440.0  456.0
151 4113.671613 1.881E-78 4.895E+01.00940.06028637.83640.50-.014531             14             11                    P 19      232523 9 4 3 3 1 4   296.0  312.0
151 4114.095017 1.138E-54 5.683E+01.01120.07217322.36650.50-.014532              8              6                    P 13      244523 9 4 3 2 1 4   200.0  216.0
151 4116.244856 3.102E-81 5.148E+01.00940.06029977.08840.50-.014537             15             12                    R 18      232523 9 4 3 3 1 4   312.0  296.0
151 4120.252878 2.662E-78 6.214E+01.01740.09528477.79260.15-.012289             15             12                    P 10      232523 9 4 3 3 1 4   152.0  168.0
151 4122.270681 5.253E-57 7.822E+01.05890.21318283.46810.46-.010716              9              7                    P  5      244523 9 4 3 2 1 4    72.0   88.0
151 4123.539455 1.677E-85 2.844E+01.00940.06031895.75120.50-.014554             17             13                    R 20      252523 9 5 3 4 1 4   344.0  328.0
151 4124.786626 7.800E-87 1.855E+01.00930.06032496.84080.50-.014556             16             12                    R 27      252523 9 5 3 4 1 4   456.0  440.0
151 4130.831360 1.614E-68 5.745E+01.00930.06024052.41370.50-.014570              9              7                    R 27      244523 9 4 3 2 1 4   456.0  440.0
151 4133.560766 4.279E-50 4.953E+00.00930.06014859.88890.50-.014576              3              1                    P 35      454523 9 4 3 2 1 4   552.0  568.0
151 4133.716513 2.223E-72 4.313E+01.00930.06025873.06090.50-.014576              8              6                    R 35      244523 9 4 3 2 1 4   584.0  568.0
151 4135.221721 3.346E-87 1.634E+01.00930.06032683.09480.50-.014580             14             10                    P 35      252523 9 5 3 4 1 4   552.0  568.0
151 4137.934512 1.927E-80 1.997E+01.00930.06029521.62560.50-.014586             11              8                    P 35      232523 9 4 3 3 1 4   552.0  568.0
151 4138.391391 4.248E-85 3.402E+01.00930.06031837.16940.50-.014587             13             10                    R 33      232523 9 4 3 3 1 4   552.0  536.0
151 4138.673214 4.551E-84 3.840E+01.00960.06031222.42520.50-.014587             17             13                    P 17      252523 9 5 3 4 1 4   264.0  280.0
151 4139.208254 9.218E-79 3.764E+01.00930.06028785.82660.50-.014589             13             10                    P 25      232523 9 4 3 3 1 4   392.0  408.0
151 4141.339281 1.182E-51 2.845E+01.00930.06015869.12800.50-.014593              6              4                    P 23      354523 9 4 3 2 1 4   360.0  376.0
151 4143.339657 1.040E-52 4.140E+01.00950.06016394.49520.50-.014598              7              5                    P 18      254523 9 4 3 2 1 4   280.0  296.0
151 4143.763910 6.243E-57 8.064E+01.07010.23818200.36230.61-.010912              9              7                    P  4      244523 9 4 3 2 1 4    56.0   72.0
151 4144.460833 5.755E-86 2.248E+01.00930.06032130.26900.50-.014600             15             11                    P 30      252523 9 5 3 4 1 4   472.0  488.0
151 4145.051036 3.028E-54 5.723E+01.01240.07717102.17070.50-.014602              8              6                    P 12      244523 9 4 3 2 1 4   184.0  200.0
151 4153.029650 1.632E-49 1.567E+00.00930.06014362.97170.50-.014620              2              0                    P 38      454523 9 4 3 2 1 4   600.0  616.0
151 4154.006671 5.582E-50 1.042E+01.00930.06014930.92060.50-.014622              4              2                    P 31      354523 9 4 3 2 1 4   488.0  504.0
151 4154.588580 1.162E-67 5.873E+01.00930.06023641.11150.50-.014623              9              7                    R 26      244523 9 4 3 2 1 4   440.0  424.0
151 4155.333953 4.500E-78 6.284E+01.02200.11028345.69270.14-.011710             15             12                    P  9      232523 9 4 3 3 1 4   136.0  152.0
151 4156.326612 3.049E-81 1.354E+01.00930.06029841.78530.50-.014627             10              7                    P 39      232523 9 4 3 3 1 4   616.0  632.0
151 4156.519471 9.038E-81 5.307E+01.00950.06029748.46020.50-.014627             15             12                    R 17      232523 9 4 3 3 1 4   296.0  280.0
151 4156.982904 1.631E-50 1.820E+01.00930.06015269.48910.50-.014628              5              3                    P 27      354523 9 4 3 2 1 4   424.0  440.0
151 4164.068456 6.421E-57 8.484E+01.07880.24218133.80540.71-.008907              9              7                    P  3      244523 9 4 3 2 1 4    40.0   56.0
151 4164.675667 3.013E-79 2.781E+01.00930.06028989.34310.50-.014646             12              9                    P 30      232523 9 4 3 3 1 4   472.0  488.0
151 4168.740332 5.967E-78 4.911E+01.00950.06028384.14300.50-.014655             14             11                    P 18      232523 9 4 3 3 1 4   280.0  296.0
151 4170.000167 2.766E-71 4.452E+01.00930.06025351.62540.50-.014658              8              6                    R 34      244523 9 4 3 2 1 4   568.0  552.0
151 4171.761499 9.109E-85 2.991E+01.00930.06031571.41830.50-.014662             16             12                    P 24      252523 9 5 3 4 1 4   376.0  392.0
151 4174.529068 9.505E-83 4.337E+01.00930.06030723.79550.50-.014668             14             11                    R 26      232523 9 4 3 3 1 4   440.0  424.0
151 4174.926984 7.396E-54 5.767E+01.01440.08716898.31730.50-.014669              8              6                    P 11      244523 9 4 3 2 1 4   168.0  184.0
151 4176.603610 7.851E-67 5.990E+01.00930.06023242.35950.50-.014672              9              7                    R 25      244523 9 4 3 2 1 4   424.0  408.0
151 4177.291364 1.145E-86 2.847E+01.00930.06032567.84050.50-.014674             12              9                    R 38      232523 9 4 3 3 1 4   632.0  616.0
151 4179.859149 4.375E-52 4.162E+01.00960.06016084.34810.50-.014680              7              5                    P 17      254523 9 4 3 2 1 4   264.0  280.0
151 4183.054889 7.803E-51 2.858E+01.00940.06015468.39610.50-.014687              6              4                    P 22      354523 9 4 3 2 1 4   344.0  360.0
151 4183.172942 5.417E-57 9.444E+01.08700.22918083.84570.69-.007301              9              7                    P  2      244523 9 4 3 2 1 4    24.0   40.0
151 4186.570428 8.465E-49 4.967E+00.00930.06014235.13130.50-.014695              3              1                    P 34      454523 9 4 3 2 1 4   536.0  552.0
151 4187.973915 7.066E-78 6.362E+01.02870.12628226.41920.13-.011226             15             12                    P  8      232523 9 4 3 3 1 4   120.0  136.0
151 4193.183061 2.477E-80 5.441E+01.00960.06029531.16880.50-.014710             15             12                    R 16      232523 9 4 3 3 1 4   280.0  264.0
151 4196.911886 4.969E-66 6.096E+01.00930.06022856.45800.50-.014718              9              7                    R 24      244523 9 4 3 2 1 4   408.0  392.0
151 4201.065755 3.163E-57 1.419E+02.09710.21318050.51910.65-.009993              9              7                    P  1      244523 9 4 3 2 1 4     8.0   24.0
151 4202.673122 1.558E-49 1.828E+01.00930.06014793.59780.50-.014731              5              3                    P 26      354523 9 4 3 2 1 4   408.0  424.0
151 4203.460567 7.696E-49 1.046E+01.00930.06014380.13530.50-.014733              4              2                    P 30      354523 9 4 3 2 1 4   472.0  488.0
151 4203.712567 1.655E-53 5.814E+01.01740.09516710.94850.15-.012476              8              6                    P 10      244523 9 4 3 2 1 4   152.0  168.0
151 4204.327029 3.260E-70 4.580E+01.00930.06024840.63970.50-.014735              8              6                    R 33      244523 9 4 3 2 1 4   552.0  536.0
151 4206.096500 4.389E-78 3.746E+01.00930.06028448.60610.50-.014738             13             10                    P 24      232523 9 4 3 3 1 4   376.0  392.0
151 4207.890195 4.196E-88 1.117E+01.00930.06033047.30980.50-.014742             13              9                    P 39      252523 9 5 3 4 1 4   616.0  632.0
151 4208.692963 4.325E-48 1.571E+00.00930.06013678.22380.50-.014744              2              0                    P 37      454523 9 4 3 2 1 4   584.0  600.0
151 4215.370423 1.697E-51 4.185E+01.00970.06115790.26030.50-.014759              7              5                    P 16      254523 9 4 3 2 1 4   248.0  264.0
151 4215.545952 2.943E-65 6.193E+01.00930.06022483.69590.50-.014760              9              7                    R 23      244523 9 4 3 2 1 4   392.0  376.0
151 4218.192053 1.027E-77 6.453E+01.03670.14028120.09390.25-.010739             15             12                    P  7      232523 9 4 3 3 1 4   104.0  120.0
151 4220.253576 1.125E-83 3.900E+01.00970.06031018.47220.50-.014770             17             13                    P 16      252523 9 5 3 4 1 4   248.0  264.0
151 4221.296732 1.783E-77 4.926E+01.00960.06028142.35330.50-.014773             14             11                    P 17      232523 9 4 3 3 1 4   264.0  280.0
151 4222.532630 1.778E-79 1.948E+01.00930.06029044.96680.50-.014775             11              8                    P 34      232523 9 4 3 3 1 4   536.0  552.0
151 4223.832378 4.769E-50 2.871E+01.00940.06015083.16000.50-.014778              6              4                    P 21      354523 9 4 3 2 1 4   328.0  344.0
151 4224.359770 5.433E-85 3.246E+01.00940.06031661.35600.50-.014779             17             13                    R 19      252523 9 5 3 4 1 4   328.0  312.0
151 4226.390121 6.376E-80 5.553E+01.00970.06029325.45310.50-.014784             15             12                    R 15      232523 9 4 3 3 1 4   264.0  248.0
151 4227.246957 3.159E-84 3.669E+01.00930.06031425.07490.50-.014786             13             10                    R 32      232523 9 4 3 3 1 4   536.0  520.0
151 4228.478779 4.939E-73 3.558E+01.00930.06026155.03100.50-.014789              7              5                    R 39      254523 9 4 3 2 1 4   648.0  632.0
151 4231.397482 3.382E-53 5.868E+01.02200.11016540.19490.14-.011880              8              6                    P  9      244523 9 4 3 2 1 4   136.0  152.0
151 4232.535831 1.629E-64 6.280E+01.00930.06022124.35110.50-.014798              9              7                    R 22      244523 9 4 3 2 1 4   376.0  360.0
151 4233.168825 3.385E-57 4.739E+01.09740.20118033.84980.74-.001972              9              7                    R  0      244523 9 4 3 2 1 4    24.0    8.0
151 4236.752617 3.635E-69 4.697E+01.00930.06024340.48420.50-.014807              8              6                    R 32      244523 9 4 3 2 1 4   536.0  520.0
151 4238.825765 1.569E-47 4.982E+00.00930.06013623.80420.50-.014812              3              1                    P 33      454523 9 4 3 2 1 4   520.0  536.0
151 4238.839882 4.612E-82 4.549E+01.00930.06030394.73500.50-.014812             14             11                    R 25      232523 9 4 3 3 1 4   424.0  408.0
151 4240.468070 2.012E-78 2.742E+01.00930.06028581.24780.50-.014815             12              9                    P 29      232523 9 4 3 3 1 4   456.0  472.0
151 4246.002941 1.373E-77 6.565E+01.04780.17528026.82430.35-.010846             15             12                    P  6      232523 9 4 3 3 1 4    88.0  104.0
151 4246.821174 3.681E-80 1.306E+01.00930.06029307.59250.50-.014830             10              7                    P 38      232523 9 4 3 3 1 4   600.0  616.0
151 4247.354794 6.206E-57 5.691E+01.08640.21518050.51910.76-.007060              9              7                    R  1      244523 9 4 3 2 1 4    40.0   24.0
151 4247.486104 1.383E-48 1.835E+01.00930.06014332.67460.50-.014831              5              3                    P 25      354523 9 4 3 2 1 4   392.0  408.0
151 4247.909336 8.413E-64 6.359E+01.00940.06021778.69030.50-.014832              9              7                    R 21      244523 9 4 3 2 1 4   360.0  344.0
151 4249.863675 6.063E-51 4.210E+01.01000.06315512.43000.50-.014837              7              5                    P 15      254523 9 4 3 2 1 4   232.0  248.0
151 4252.098679 9.896E-48 1.050E+01.00930.06013843.62630.50-.014842              4              2                    P 29      354523 9 4 3 2 1 4   456.0  472.0
151 4256.275794 1.541E-79 5.644E+01.01000.06229131.53640.50-.014851             15             12                    R 14      232523 9 4 3 3 1 4   248.0  232.0
151 4257.971020 6.297E-53 5.931E+01.02870.12616386.17570.13-.011383              8              6                    P  8      244523 9 4 3 2 1 4   120.0  136.0
151 4260.280527 7.871E-57 6.099E+01.07820.22418083.84570.72-.007846              9              7                    R  2      244523 9 4 3 2 1 4    56.0   40.0
151 4261.692351 4.050E-63 6.429E+01.00940.06021446.96930.50-.014863              9              7                    R 20      244523 9 4 3 2 1 4   344.0  328.0
151 4263.655187 1.077E-46 1.575E+00.00930.06013006.31060.50-.014867              2              0                    P 36      454523 9 4 3 2 1 4   568.0  584.0
151 4263.662443 2.696E-49 2.885E+01.00940.06014713.67100.50-.014867              6              4                    P 20      354523 9 4 3 2 1 4   312.0  328.0
151 4267.326683 3.828E-68 4.803E+01.00930.06023851.52790.50-.014876              8              6                    R 31      244523 9 4 3 2 1 4   520.0  504.0
151 4269.976022 8.249E-72 3.649E+01.00930.06025571.80930.50-.014882              7              5                    R 38      254523 9 4 3 2 1 4   632.0  616.0
151 4270.391983 1.980E-77 3.727E+01.00930.06028122.39140.50-.014882             13             10                    P 23      232523 9 4 3 3 1 4   360.0  376.0
151 4271.400317 5.010E-77 4.941E+01.00970.06127912.70530.50-.014885             14             11                    P 16      232523 9 4 3 3 1 4   248.0  264.0
151 4271.416435 1.675E-77 6.715E+01.05890.20527946.70480.46-.011050             15             12                    P  5      232523 9 4 3 3 1 4    72.0   88.0
151 4271.933380 8.187E-57 6.325E+01.06800.21818133.80540.71-.008531              9              7                    R  3      244523 9 4 3 2 1 4    72.0   56.0
151 4273.909063 1.815E-62 6.492E+01.00940.06021129.43260.50-.014890              9              7                    R 19      244523 9 4 3 2 1 4   328.0  312.0
151 4278.887059 3.020E-85 2.214E+01.00930.06031765.94700.50-.014902             15             11                    P 29      252523 9 5 3 4 1 4   456.0  472.0
151 4280.632587 4.277E-86 2.432E+01.00930.06032179.87260.50-.014905             16             12                    R 26      252523 9 5 3 4 1 4   440.0  424.0
151 4281.263831 3.403E-84 2.993E+01.00930.06031280.74510.50-.014907             16             12                    P 23      252523 9 5 3 4 1 4   360.0  376.0
151 4282.300503 7.367E-57 6.467E+01.05850.19718200.36230.58-.010915              9              7                    R  4      244523 9 4 3 2 1 4    88.0   72.0
151 4282.575206 1.157E-85 3.103E+01.00930.06032094.30520.50-.014910             12              9                    R 37      232523 9 4 3 3 1 4   616.0  600.0
151 4282.958923 3.490E-79 5.716E+01.01050.06528949.62640.50-.014911             15             12                    R 13      232523 9 4 3 3 1 4   232.0  216.0
151 4283.328709 1.992E-50 4.235E+01.01050.06615251.04470.50-.014911              7              5                    P 14      254523 9 4 3 2 1 4   216.0  232.0
151 4283.422225 1.064E-52 6.006E+01.03670.15016248.99810.25-.010885              8              6                    P  7      244523 9 4 3 2 1 4   104.0  120.0
151 4284.582172 7.558E-62 6.546E+01.00940.06020826.31370.50-.014914              9              7                    R 18      244523 9 4 3 2 1 4   312.0  296.0
151 4289.825675 2.317E-86 1.577E+01.00930.06032256.68050.50-.014926             14             10                    P 34      252523 9 5 3 4 1 4   536.0  552.0
151 4290.318106 2.718E-46 4.999E+00.00930.06013026.26980.50-.014927              3              1                    P 32      454523 9 4 3 2 1 4   504.0  520.0
151 4291.368833 5.874E-57 6.562E+01.04680.16918283.46810.35-.013497              9              7                    R  5      244523 9 4 3 2 1 4   104.0   88.0
151 4291.412717 1.139E-47 1.843E+01.00930.06013887.01090.50-.014930              5              3                    P 24      354523 9 4 3 2 1 4   376.0  392.0
151 4293.733070 2.923E-61 6.594E+01.00950.06020537.83490.50-.014935              9              7                    R 17      244523 9 4 3 2 1 4   296.0  280.0
151 4294.438092 1.843E-77 6.934E+01.07010.23027879.81570.61-.011250             15             12                    P  4      232523 9 4 3 3 1 4    56.0   72.0
151 4296.094024 3.802E-67 4.899E+01.00930.06023374.12900.50-.014940              8              6                    R 30      244523 9 4 3 2 1 4   504.0  488.0
151 4296.285265 2.629E-83 3.944E+01.01000.06030825.21660.50-.014940             17             13                    P 15      252523 9 5 3 4 1 4   232.0  248.0
151 4298.579604 2.117E-81 4.726E+01.00930.06030075.47310.50-.014946             14             11                    R 24      232523 9 4 3 3 1 4   408.0  392.0
151 4299.125077 4.203E-57 6.628E+01.03590.13918383.06290.40-.015078              9              7                    R  6      244523 9 4 3 2 1 4   120.0  104.0
151 4299.912079 1.185E-46 1.054E+01.00930.06013321.72210.50-.014949              4              2                    P 28      354523 9 4 3 2 1 4   440.0  456.0
151 4301.381999 1.048E-60 6.634E+01.00960.06020264.20730.50-.014952              9              7                    R 16      244523 9 4 3 2 1 4   280.0  264.0
151 4302.535273 1.407E-48 2.900E+01.00940.06014360.17030.50-.014954              6              4                    P 19      354523 9 4 3 2 1 4   296.0  312.0
151 4304.321486 1.573E-78 1.900E+01.00930.06028577.23680.50-.014958             11              8                    P 33      232523 9 4 3 3 1 4   520.0  536.0
151 4305.555698 2.721E-57 6.674E+01.02790.11118499.07460.29-.015457              9              7                    R  7      244523 9 4 3 2 1 4   136.0  120.0
151 4306.544498 7.404E-79 5.771E+01.01120.07028779.91610.50-.014963             15             12                    R 12      232523 9 4 3 3 1 4   216.0  200.0
151 4307.548187 3.481E-60 6.668E+01.00970.06020005.63070.50-.014966              9              7                    R 15      244523 9 4 3 2 1 4   264.0  248.0
151 4307.739928 1.622E-52 6.103E+01.04780.18116128.75780.35-.010985              8              6                    P  6      244523 9 4 3 2 1 4    88.0  104.0
151 4309.480073 1.312E-70 3.731E+01.00930.06024998.11240.50-.014970              7              5                    R 37      254523 9 4 3 2 1 4   616.0  600.0
151 4309.935674 2.230E-83 3.890E+01.00930.06031020.88170.50-.014971             13             10                    R 31      232523 9 4 3 3 1 4   520.0  504.0
151 4310.646888 1.602E-57 6.705E+01.02170.09618631.41920.30-.015735              9              7                    R  8      244523 9 4 3 2 1 4   152.0  136.0
151 4312.249971 1.069E-59 6.695E+01.01000.06219762.29370.50-.014976              9              7                    R 14      244523 9 4 3 2 1 4   248.0  232.0
151 4313.595822 1.280E-77 2.703E+01.00930.06028183.24500.50-.014979             12              9                    P 28      232523 9 4 3 3 1 4   440.0  456.0
151 4314.384643 8.609E-58 6.724E+01.01710.08818780.00100.35-.015511              9              7                    R  9      244523 9 4 3 2 1 4   168.0  152.0
151 4314.616983 1.613E-84 3.549E+01.00940.06031436.81350.50-.014982             17             13                    R 18      252523 9 5 3 4 1 4   312.0  296.0
151 4315.069419 1.783E-77 7.308E+01.07880.23527826.22420.71-.009245             15             12                    P  3      232523 9 4 3 3 1 4    40.0   56.0
151 4315.504903 3.033E-59 6.715E+01.01050.06519534.37340.50-.014984              9              7                    R 13      244523 9 4 3 2 1 4   232.0  216.0
151 4315.754983 6.009E-50 4.263E+01.01120.07215006.28060.50-.014984              7              5                    P 13      254523 9 4 3 2 1 4   200.0  216.0
151 4316.754195 4.235E-58 6.734E+01.01420.07718944.71250.50-.014986              9              7                    R 10      244523 9 4 3 2 1 4   184.0  168.0
151 4317.329842 7.935E-59 6.729E+01.01120.06819322.03560.50-.014988              9              7                    R 12      244523 9 4 3 2 1 4   216.0  200.0
151 4317.741036 1.912E-58 6.735E+01.01230.07219125.43440.50-.014989              9              7                    R 11      244523 9 4 3 2 1 4   200.0  184.0
151 4317.907475 2.515E-45 1.580E+00.00930.06012347.61790.50-.014989              2              0                    P 35      454523 9 4 3 2 1 4   552.0  568.0
151 4319.101947 1.322E-76 4.958E+01.01000.06327695.42290.50-.014992             14             11                    P 15      232523 9 4 3 3 1 4   232.0  248.0
151 4323.095154 3.555E-66 4.986E+01.00930.06022908.63480.50-.015001              8              6                    R 29      244523 9 4 3 2 1 4   488.0  472.0
151 4327.125613 1.469E-78 5.811E+01.01230.07528622.58360.50-.015010             15             12                    R 11      232523 9 4 3 3 1 4   200.0  184.0
151 4330.912772 2.215E-52 6.234E+01.05890.21316025.53870.46-.011184              8              6                    P  5      244523 9 4 3 2 1 4    72.0   88.0
151 4332.182970 8.455E-77 3.708E+01.00940.06027807.49280.50-.015021             13             10                    P 22      232523 9 4 3 3 1 4   344.0  360.0
151 4333.308053 1.438E-77 8.148E+01.08700.23027785.98370.69-.007637             15             12                    P  2      232523 9 4 3 3 1 4    24.0   40.0
151 4333.800112 3.977E-80 7.997E+00.00930.06029198.31670.50-.015025              9              6                    P 41      232523 9 4 3 3 1 4   648.0  664.0
151 4334.443232 8.688E-47 1.852E+01.00930.06013456.88830.50-.015026              5              3                    P 23      354523 9 4 3 2 1 4   360.0  376.0
151 4334.463355 4.284E-79 1.260E+01.00930.06028781.40310.50-.015026             10              7                    P 37      232523 9 4 3 3 1 4   584.0  600.0
151 4340.440612 6.774E-48 2.915E+01.00950.06014022.88870.50-.015039              6              4                    P 18      354523 9 4 3 2 1 4   280.0  296.0
151 4341.038130 4.397E-45 5.016E+00.00930.06012442.88260.50-.015041              3              1                    P 31      454523 9 4 3 2 1 4   488.0  504.0
151 4344.785063 2.721E-78 5.835E+01.01420.08528477.79260.50-.015049             15             12                    R 10      232523 9 4 3 3 1 4   184.0  168.0
151 4346.891150 1.318E-45 1.058E+01.00930.06012814.74210.50-.015054              4              2                    P 27      354523 9 4 3 2 1 4   424.0  440.0
151 4347.051168 1.984E-69 3.805E+01.00930.06024434.35190.50-.015054              7              5                    R 36      254523 9 4 3 2 1 4   600.0  584.0
151 4347.131655 1.662E-49 4.292E+01.01240.07714778.30270.50-.015054              7              5                    P 12      254523 9 4 3 2 1 4   184.0  200.0
151 4348.366880 3.126E-65 5.065E+01.00930.06022455.38200.50-.015057              8              6                    R 28      244523 9 4 3 2 1 4   472.0  456.0
151 4349.147898 8.160E-78 1.226E+02.09710.21727759.13450.65-.010324             15             12                    P  1      232523 9 4 3 3 1 4     8.0   24.0
151 4352.929242 2.674E-52 6.429E+01.07010.23815939.41260.61-.011381              8              6                    P  4      244523 9 4 3 2 1 4    56.0   72.0
151 4354.048560 9.182E-81 4.873E+01.00930.06029766.36180.50-.015070             14             11                    R 23      232523 9 4 3 3 1 4   392.0  376.0
151 4359.596654 4.696E-78 5.844E+01.01710.09728345.69270.35-.015613             15             12                    R  9      232523 9 4 3 3 1 4   168.0  152.0
151 4364.444932 3.274E-76 4.977E+01.01050.06627490.71600.50-.015093             14             11                    P 14      232523 9 4 3 3 1 4   216.0  232.0
151 4367.109487 5.795E-83 3.979E+01.01050.07030642.90170.50-.015099             17             13                    P 14      252523 9 5 3 4 1 4   216.0  232.0
151 4371.440113 5.500E-44 1.585E+00.00930.06011702.52470.50-.015109              2              0                    P 34      454523 9 4 3 2 1 4   536.0  552.0
151 4371.626275 7.539E-78 5.839E+01.02170.10628226.41920.30-.015872             15             12                    R  8      232523 9 4 3 3 1 4   152.0  136.0
151 4371.942779 2.580E-64 5.135E+01.00930.06022014.69670.50-.015110              8              6                    R 27      244523 9 4 3 2 1 4   456.0  440.0
151 4373.588602 8.661E-78 4.110E+01.09740.21027745.70320.74-.002287             15             12                    R  0      232523 9 4 3 3 1 4    24.0    8.0
151 4373.672910 3.623E-87 1.040E+01.00930.06032567.84050.50-.015114             13              9                    P 38      252523 9 5 3 4 1 4   600.0  616.0
151 4373.777682 2.785E-52 6.768E+01.07880.24215870.43960.71-.009377              8              6                    P  3      244523 9 4 3 2 1 4    40.0   56.0
151 4376.567388 6.129E-46 1.860E+01.00940.06013042.57900.50-.015120              5              3                    P 22      354523 9 4 3 2 1 4   344.0  360.0
151 4377.367803 3.003E-47 2.931E+01.00960.06013702.04640.50-.015122              6              4                    P 17      354523 9 4 3 2 1 4   264.0  280.0
151 4377.447699 4.205E-49 4.325E+01.01440.08714567.26490.50-.015122              7              5                    P 11      264523 9 4 3 2 1 4   168.0  184.0
151 4380.394861 1.112E-84 3.309E+01.00930.06031627.26530.50-.015129             12              9                    R 36      232523 9 4 3 3 1 4   600.0  584.0
151 4380.932788 1.122E-77 5.819E+01.02790.12328120.09390.29-.015626             15             12                    R  7      232523 9 4 3 3 1 4   136.0  120.0
151 4382.159114 1.620E-77 4.942E+01.08640.22027759.13450.76-.007362             15             12                    R  1      232523 9 4 3 3 1 4    40.0   24.0
151 4382.742914 2.848E-68 3.872E+01.00930.06023880.92890.50-.015134              7              5                    R 35      254523 9 4 3 2 1 4   584.0  568.0
151 4383.450295 1.332E-77 1.855E+01.00930.06028118.85460.50-.015136             11              8                    P 32      232523 9 4 3 3 1 4   504.0  520.0
151 4383.938821 1.209E-83 2.974E+01.00940.06030999.60870.50-.015137             16             12                    P 22      252523 9 5 3 4 1 4   344.0  360.0
151 4384.172506 7.744E-77 2.665E+01.00930.06027795.70010.50-.015137             12              9                    P 27      232523 9 4 3 3 1 4   424.0  440.0
151 4387.059402 1.495E-82 4.071E+01.00930.06030625.04920.50-.015144             13             10                    R 30      232523 9 4 3 3 1 4   504.0  488.0
151 4387.568832 1.544E-77 5.781E+01.03590.14628026.82430.40-.015276             15             12                    R  6      232523 9 4 3 3 1 4   120.0  104.0
151 4388.270067 2.130E-77 5.305E+01.07820.22027785.98370.72-.008133             15             12                    R  2      232523 9 4 3 3 1 4    56.0   40.0
151 4390.975817 6.627E-44 5.035E+00.00930.06011873.98910.50-.015153              3              1                    P 30      454523 9 4 3 2 1 4   472.0  488.0
151 4391.545629 3.410E-76 3.691E+01.00940.06027504.20560.50-.015154             13             10                    P 21      232523 9 4 3 3 1 4   328.0  344.0
151 4391.581142 1.951E-77 5.723E+01.04680.17027946.70480.35-.013722             15             12                    R  5      232523 9 4 3 3 1 4   104.0   88.0
151 4391.897009 2.335E-77 5.508E+01.06800.21527826.22420.71-.008800             15             12                    R  3      232523 9 4 3 3 1 4    72.0   56.0
151 4393.011548 2.250E-77 5.637E+01.05850.19427879.81570.58-.011163             15             12                    R  4      232523 9 4 3 3 1 4    88.0   72.0
151 4393.025660 1.362E-44 1.063E+01.00930.06012322.99720.50-.015157              4              2                    P 26      354523 9 4 3 2 1 4   408.0  424.0
151 4393.446321 2.372E-52 7.539E+01.08700.22915818.66780.69-.007772              8              6                    P  2      244523 9 4 3 2 1 4    24.0   40.0
151 4393.853635 1.996E-63 5.198E+01.00930.06021586.89470.50-.015159              8              6                    R 26      244523 9 4 3 2 1 4   440.0  424.0
151 4395.959288 4.450E-84 3.778E+01.00950.06031222.42520.50-.015164             17             13                    R 17      252523 9 5 3 4 1 4   296.0  280.0
151 4404.541462 1.513E-84 2.157E+01.00930.06031409.80510.50-.015183             15             11                    P 28      252523 9 5 3 4 1 4   440.0  456.0
151 4405.500572 3.763E-80 4.993E+01.00930.06029467.73470.50-.015185             14             11                    R 22      232523 9 4 3 3 1 4   376.0  360.0
151 4406.691611 9.717E-49 4.360E+01.01740.09514373.30940.15-.012931              7              5                    P 10      264523 9 4 3 2 1 4   152.0  168.0
151 4407.465936 7.588E-76 4.998E+01.01120.07227298.78030.50-.015190             14             11                    P 13      232523 9 4 3 3 1 4   200.0  216.0
151 4411.923286 1.394E-52 1.133E+02.09710.21315784.13320.65-.010465              8              6                    P  1      244523 9 4 3 2 1 4     8.0   24.0
151 4413.305842 1.224E-46 2.947E+01.00970.06113397.85300.50-.015203              6              4                    P 16      354523 9 4 3 2 1 4   248.0  264.0
151 4414.127674 1.445E-62 5.255E+01.00930.06021172.28120.50-.015204              8              6                    R 25      244523 9 4 3 2 1 4   424.0  408.0
151 4416.603224 3.873E-67 3.931E+01.00930.06023338.23390.50-.015210              7              5                    R 34      254523 9 4 3 2 1 4   568.0  552.0
151 4416.711386 2.111E-85 2.959E+01.00930.06031871.25860.50-.015210             16             12                    R 25      252523 9 5 3 4 1 4   424.0  408.0
151 4417.774442 3.994E-45 1.869E+01.00940.06012644.34520.50-.015213              5              3                    P 21      354523 9 4 3 2 1 4   328.0  344.0
151 4419.422889 4.796E-78 1.217E+01.00930.06028263.67180.50-.015216             10              7                    P 36      232523 9 4 3 3 1 4   568.0  584.0
151 4424.242918 1.124E-42 1.591E+00.00930.06011071.40250.50-.015227              2              0                    P 33      454523 9 4 3 2 1 4   520.0  536.0
151 4424.464788 5.831E-79 7.641E+00.00930.06028622.84500.50-.015228              9              6                    P 40      232523 9 4 3 3 1 4   632.0  648.0
151 4426.554109 8.557E-87 2.110E+01.00930.06032502.30490.50-.015232             15             11                    R 31      252523 9 5 3 4 1 4   520.0  504.0
151 4432.791144 9.783E-62 5.305E+01.00930.06020771.15100.50-.015246              8              6                    R 24      244523 9 4 3 2 1 4   408.0  392.0
151 4433.002070 1.205E-82 4.008E+01.01120.07030471.75310.50-.015247             17             13                    P 13      252523 9 5 3 4 1 4   200.0  216.0
151 4433.512373 1.535E-85 1.499E+01.00930.06031837.16940.50-.015248             14             10                    P 33      252523 9 5 3 4 1 4   520.0  536.0
151 4434.851985 2.046E-48 4.401E+01.02200.11014196.56720.14-.012336              7              5                    P  9      264523 9 4 3 2 1 4   136.0  152.0
151 4438.304821 1.303E-43 1.067E+01.00930.06011846.78920.50-.015259              4              2                    P 25      354523 9 4 3 2 1 4   392.0  408.0
151 4440.120512 9.289E-43 5.055E+00.00930.06011319.92760.50-.015263              3              1                    P 29      454523 9 4 3 2 1 4   456.0  472.0
151 4445.254273 1.500E-52 3.794E+01.09740.20115766.85980.74-.002447              8              6                    R  0      244523 9 4 3 2 1 4    24.0    8.0
151 4448.195739 1.644E-75 5.023E+01.01240.07727119.79830.50-.015281             14             11                    P 12      232523 9 4 3 3 1 4   184.0  200.0
151 4448.243417 4.585E-46 2.965E+01.01000.06313110.50740.50-.015281              6              4                    P 15      354523 9 4 3 2 1 4   232.0  248.0
151 4448.545150 1.298E-75 3.675E+01.00940.06027212.81090.50-.015282             13             10                    P 20      232523 9 4 3 3 1 4   312.0  328.0
151 4448.675090 4.982E-66 3.984E+01.00930.06022806.64750.50-.015282              7              5                    R 33      254523 9 4 3 2 1 4   552.0  536.0
151 4449.868304 6.181E-61 5.349E+01.00930.06020383.78840.50-.015285              8              6                    R 23      244523 9 4 3 2 1 4   392.0  376.0
151 4452.295483 4.449E-76 2.629E+01.00930.06027418.96320.50-.015290             12              9                    P 26      232523 9 4 3 3 1 4   408.0  424.0
151 4453.152423 1.456E-79 5.087E+01.00940.06029179.90790.50-.015292             14             11                    R 21      232523 9 4 3 3 1 4   360.0  344.0
151 4458.053231 2.400E-44 1.879E+01.00940.06012262.43910.50-.015303              5              3                    P 20      354523 9 4 3 2 1 4   312.0  328.0
151 4459.099463 9.520E-82 4.215E+01.00930.06030238.01310.50-.015305             13             10                    R 29      232523 9 4 3 3 1 4   488.0  472.0
151 4460.046006 1.078E-76 1.812E+01.00930.06027670.22300.50-.015307             11              8                    P 31      232523 9 4 3 3 1 4   488.0  504.0
151 4460.084154 2.745E-52 4.561E+01.08640.21515784.13320.76-.007537              8              6                    R  1      244523 9 4 3 2 1 4    40.0   24.0
151 4461.917147 3.912E-48 4.449E+01.02870.12614037.15730.13-.011840              7              5                    P  8      264523 9 4 3 2 1 4   120.0  136.0
151 4465.381761 3.640E-60 5.387E+01.00930.06020010.46730.50-.015319              8              6                    R 22      244523 9 4 3 2 1 4   376.0  360.0
151 4469.456574 1.147E-83 3.948E+01.00960.06031018.47220.50-.015328             17             13                    R 16      252523 9 5 3 4 1 4   280.0  264.0
151 4471.654398 1.019E-83 3.469E+01.00930.06031167.25110.50-.015333             12              9                    R 35      232523 9 4 3 3 1 4   584.0  568.0
151 4473.674089 3.466E-52 4.894E+01.07820.22415818.66780.72-.008324              8              6                    R  2      244523 9 4 3 2 1 4    56.0   40.0
151 4476.304765 2.141E-41 1.597E+00.00930.06010454.61580.50-.015344              2              0                    P 32      454523 9 4 3 2 1 4   504.0  520.0
151 4477.439257 6.217E-69 2.875E+01.00930.06024145.40570.50-.015346              6              4                    R 39      354523 9 4 3 2 1 4   648.0  632.0
151 4478.997239 6.051E-65 4.032E+01.00930.06022286.54010.50-.015350              7              5                    R 32      254523 9 4 3 2 1 4   536.0  520.0
151 4479.352675 1.996E-59 5.420E+01.00940.06019651.45110.50-.015351              8              6                    R 21      244523 9 4 3 2 1 4   360.0  344.0
151 4480.444876 4.083E-83 2.943E+01.00940.06030728.35720.50-.015353             16             12                    P 21      252523 9 5 3 4 1 4   328.0  344.0
151 4482.168951 1.574E-45 2.984E+01.01050.06612840.19740.50-.015357              6              4                    P 14      354523 9 4 3 2 1 4   216.0  232.0
151 4482.717353 1.154E-42 1.072E+01.00930.06011386.41060.50-.015358              4              2                    P 24      354523 9 4 3 2 1 4   376.0  392.0
151 4486.011851 3.578E-52 5.083E+01.06800.21815870.43960.71-.009011              8              6                    R  3      244523 9 4 3 2 1 4    72.0   56.0
151 4486.659875 3.323E-75 5.052E+01.01440.08726953.93880.50-.015367             14             11                    P 11      232523 9 4 3 3 1 4   168.0  184.0
151 4487.875293 6.770E-48 4.507E+01.03670.15013895.18750.25-.011343              7              5                    P  7      264523 9 4 3 2 1 4   104.0  120.0
151 4488.460990 1.209E-41 5.076E+00.00930.06010781.02810.50-.015371              3              1                    P 28      454523 9 4 3 2 1 4   440.0  456.0
151 4491.800934 1.017E-58 5.448E+01.00940.06019306.99250.50-.015378              8              6                    R 20      244523 9 4 3 2 1 4   344.0  328.0
151 4494.188472 2.361E-82 4.034E+01.01240.08030311.97960.50-.015384             17             13                    P 12      252523 9 5 3 4 1 4   184.0  200.0
151 4497.085150 3.187E-52 5.205E+01.05850.19715939.41260.58-.011396              8              6                    R  4      244523 9 4 3 2 1 4    88.0   72.0
151 4497.191207 5.311E-79 5.160E+01.00940.06028903.18070.50-.015391             14             11                    R 20      232523 9 4 3 3 1 4   344.0  328.0
151 4497.392216 1.328E-43 1.889E+01.00940.06011897.10300.50-.015391              5              3                    P 19      354523 9 4 3 2 1 4   296.0  312.0
151 4501.843359 5.154E-77 1.178E+01.00930.06027754.83710.50-.015401             10              7                    P 35      232523 9 4 3 3 1 4   552.0  568.0
151 4502.745313 4.811E-58 5.471E+01.00940.06018977.33360.50-.015403              8              6                    R 19      244523 9 4 3 2 1 4   328.0  312.0
151 4503.237725 4.651E-75 3.661E+01.00940.06026933.57580.50-.015404             13             10                    P 19      232523 9 4 3 3 1 4   296.0  312.0
151 4506.881628 2.508E-52 5.290E+01.04680.16916025.53870.35-.013980              8              6                    R  5      244523 9 4 3 2 1 4   104.0   88.0
151 4507.604686 6.928E-64 4.074E+01.00930.06021778.27260.50-.015414              7              5                    R 31      254523 9 4 3 2 1 4   520.0  504.0
151 4512.203614 2.110E-57 5.489E+01.00940.06018662.70570.50-.015424              8              6                    R 18      244523 9 4 3 2 1 4   312.0  296.0
151 4512.557344 8.253E-78 7.314E+00.00930.06028055.28310.50-.015425              9              6                    P 39      232523 9 4 3 3 1 4   616.0  632.0
151 4512.714520 1.054E-47 4.581E+01.04780.18113770.75350.35-.011444              7              5                    P  6      264523 9 4 3 2 1 4    88.0  104.0
151 4515.070639 4.948E-45 3.004E+01.01120.07212587.10000.50-.015431              6              4                    P 13      354523 9 4 3 2 1 4   200.0  216.0
151 4515.388857 1.766E-52 5.353E+01.03590.13916128.75780.40-.015562              8              6                    R  6      244523 9 4 3 2 1 4   120.0  104.0
151 4516.473092 1.153E-67 2.915E+01.00930.06023538.81000.50-.015434              6              4                    R 38      354523 9 4 3 2 1 4   632.0  616.0
151 4518.048397 2.423E-75 2.595E+01.00930.06027053.36990.50-.015437             12              9                    P 25      232523 9 4 3 3 1 4   392.0  408.0
151 4520.192789 8.572E-57 5.504E+01.00950.06018363.32940.50-.015442              8              6                    R 17      244523 9 4 3 2 1 4   296.0  280.0
151 4522.594322 1.122E-52 5.400E+01.02790.11116248.99810.29-.015943              8              6                    R  7      244523 9 4 3 2 1 4   136.0  120.0
151 4522.628630 7.248E-84 2.088E+01.00930.06031062.28300.50-.015448             15             11                    P 27      252523 9 5 3 4 1 4   424.0  440.0
151 4522.879168 6.255E-75 5.087E+01.01740.09526801.35730.15-.013191             14             11                    P 10      232523 9 4 3 3 1 4   152.0  168.0
151 4526.251533 9.434E-42 1.077E+01.00930.06010942.14460.50-.015456              4              2                    P 23      354523 9 4 3 2 1 4   360.0  376.0
151 4526.448782 5.756E-81 4.327E+01.00930.06029860.18760.50-.015456             13             10                    R 28      232523 9 4 3 3 1 4   472.0  456.0
151 4526.729053 3.220E-56 5.514E+01.00960.06018079.41420.50-.015457              8              6                    R 16      244523 9 4 3 2 1 4   280.0  264.0
151 4527.614054 3.796E-40 1.603E+00.00930.060 9852.52120.50-.015459              2              0                    P 31      454523 9 4 3 2 1 4   488.0  504.0
151 4527.620596 3.016E-86 9.538E+00.00930.06032094.30520.50-.015459             13              9                    P 37      252523 9 5 3 4 1 4   584.0  600.0
151 4528.485407 6.464E-53 5.437E+01.02170.09616386.17570.30-.016223              8              6                    R  8      244523 9 4 3 2 1 4   152.0  136.0
151 4531.827984 1.117E-55 5.520E+01.00970.06017811.15890.50-.015468              8              6                    R 15      244523 9 4 3 2 1 4   264.0  248.0
151 4533.049380 3.390E-53 5.465E+01.01710.08816540.19490.35-.016001              8              6                    R  9      244523 9 4 3 2 1 4   168.0  152.0
151 4534.217048 8.309E-76 1.772E+01.00930.06027231.72990.50-.015473             11              8                    P 30      232523 9 4 3 3 1 4   472.0  488.0
151 4534.529208 7.465E-63 4.111E+01.00930.06021282.19570.50-.015474              7              5                    R 30      254523 9 4 3 2 1 4   504.0  488.0
151 4535.504604 3.575E-55 5.522E+01.01000.06217558.75090.50-.015476              8              6                    R 14      244523 9 4 3 2 1 4   248.0  232.0
151 4535.779532 6.757E-43 1.899E+01.00950.06011548.56850.50-.015477              5              3                    P 18      354523 9 4 3 2 1 4   280.0  296.0
151 4535.881768 2.769E-83 4.072E+01.00970.06030825.21660.50-.015477             17             13                    R 15      252523 9 5 3 4 1 4   264.0  248.0
151 4535.985512 1.459E-40 5.098E+00.00930.06010257.61220.50-.015477              3              1                    P 27      454523 9 4 3 2 1 4   424.0  440.0
151 4536.273241 1.623E-53 5.487E+01.01420.07716710.94850.50-.015478              8              6                    R 10      244523 9 4 3 2 1 4   184.0  168.0
151 4536.422842 1.466E-47 4.681E+01.05890.21313663.93930.46-.011644              7              5                    P  5      264523 9 4 3 2 1 4    72.0   88.0
151 4536.809294 9.187E-85 3.288E+01.00930.06031571.41830.50-.015479             16             12                    R 24      252523 9 5 3 4 1 4   408.0  392.0
151 4537.773464 1.054E-54 5.520E+01.01050.06517322.36650.50-.015481              8              6                    R 13      244523 9 4 3 2 1 4   232.0  216.0
151 4537.779267 1.825E-78 5.214E+01.00940.06028637.83640.50-.015481             14             11                    R 19      232523 9 4 3 3 1 4   328.0  312.0
151 4538.144130 7.111E-54 5.503E+01.01230.07216898.31730.50-.015482              8              6                    R 11      244523 9 4 3 2 1 4   200.0  184.0
151 4538.648706 2.856E-54 5.514E+01.01120.06817102.17070.50-.015483              8              6                    R 12      244523 9 4 3 2 1 4   216.0  200.0
151 4546.936485 1.422E-44 3.026E+01.01240.07712351.38080.50-.015502              6              4                    P 12      354523 9 4 3 2 1 4   184.0  200.0
151 4550.854306 4.347E-82 4.059E+01.01440.09030163.77300.50-.015511             17             13                    P 11      252523 9 5 3 4 1 4   168.0  184.0
151 4553.698323 2.032E-66 2.951E+01.00930.06022942.38960.50-.015517              6              4                    R 37      354523 9 4 3 2 1 4   616.0  600.0
151 4555.671590 1.568E-74 3.650E+01.00950.06026666.75360.50-.015522             13             10                    P 18      232523 9 4 3 3 1 4   280.0  296.0
151 4556.870266 1.093E-74 5.130E+01.02200.11026662.19600.14-.012609             14             11                    P  9      232523 9 4 3 3 1 4   136.0  152.0
151 4557.046749 8.905E-83 3.590E+01.00930.06030714.76540.50-.015525             12              9                    R 34      232523 9 4 3 3 1 4   568.0  552.0
151 4558.988218 1.797E-47 4.830E+01.07010.23813574.81710.61-.011843              7              5                    P  4      264523 9 4 3 2 1 4    56.0   72.0
151 4559.799747 7.558E-62 4.144E+01.00930.06020798.65060.50-.015531              7              5                    R 29      254523 9 4 3 2 1 4   488.0  472.0
151 4567.317470 2.266E-87 5.829E+00.00930.06032543.30510.50-.015548             12              8                    P 41      252523 9 5 3 4 1 4   648.0  664.0
151 4568.217534 9.793E-85 1.412E+01.00930.06031425.07490.50-.015550             14             10                    P 32      252523 9 5 3 4 1 4   504.0  520.0
151 4568.895253 7.116E-41 1.083E+01.00940.06010514.26480.50-.015551              4              2                    P 22      354523 9 4 3 2 1 4   344.0  360.0
151 4571.291137 1.310E-82 2.907E+01.00940.06030467.31780.50-.015557             16             12                    P 20      252523 9 5 3 4 1 4   312.0  328.0
151 4573.203027 3.158E-42 1.910E+01.00960.06011217.05720.50-.015561              5              3                    P 17      354523 9 4 3 2 1 4   264.0  280.0
151 4575.058750 5.903E-78 5.251E+01.00940.06028384.14300.50-.015565             14             11                    R 18      232523 9 4 3 3 1 4   312.0  296.0
151 4577.754410 3.728E-44 3.049E+01.01440.08712133.19410.50-.015571              6              4                    P 11      364523 9 4 3 2 1 4   168.0  184.0
151 4578.158649 6.257E-39 1.610E+00.00930.060 9265.46770.50-.015572              2              0                    P 30      454523 9 4 3 2 1 4   472.0  488.0
151 4580.398570 1.894E-47 5.088E+01.07880.24213503.44700.71-.009840              7              5                    P  3      264523 9 4 3 2 1 4    40.0   56.0
151 4581.503206 1.249E-74 2.564E+01.00930.06026699.24190.50-.015579             12              9                    P 24      232523 9 4 3 3 1 4   376.0  392.0
151 4581.846833 5.305E-76 1.141E+01.00930.06027255.32260.50-.015580             10              7                    P 34      232523 9 4 3 3 1 4   536.0  552.0
151 4582.681881 1.630E-39 5.122E+00.00930.060 9749.99270.50-.015582              3              1                    P 26      454523 9 4 3 2 1 4   408.0  424.0
151 4583.442774 7.178E-61 4.172E+01.00930.06020327.96890.50-.015584              7              5                    R 28      254523 9 4 3 2 1 4   472.0  456.0
151 4588.645670 1.770E-74 5.182E+01.02870.12626536.58400.13-.012124             14             11                    P  8      232523 9 4 3 3 1 4   120.0  136.0
151 4589.155992 3.396E-65 2.982E+01.00930.06022356.54600.50-.015597              6              4                    R 36      354523 9 4 3 2 1 4   600.0  584.0
151 4589.433440 3.302E-80 4.410E+01.00930.06029491.96720.50-.015597             13             10                    R 27      232523 9 4 3 3 1 4   456.0  440.0
151 4591.630575 5.834E-86 2.620E+01.00930.06032130.26900.50-.015602             15             11                    R 30      252523 9 5 3 4 1 4   504.0  488.0
151 4593.348929 1.730E-84 2.943E+01.00930.06031508.54950.50-.015606             11              8                    R 39      232523 9 4 3 3 1 4   648.0  632.0
151 4595.824151 6.272E-83 4.155E+01.01000.06030642.90170.50-.015611             17             13                    R 14      252523 9 5 3 4 1 4   248.0  232.0
151 4598.217268 1.125E-76 7.015E+00.00930.06027496.08790.50-.015617              9              6                    P 38      232523 9 4 3 3 1 4   600.0  616.0
151 4600.641802 1.629E-47 5.671E+01.08700.22913449.87720.69-.008236              7              5                    P  2      264523 9 4 3 2 1 4    24.0   40.0
151 4603.152930 7.513E-82 4.086E+01.01740.09030027.30950.15-.013371             17             13                    P 10      252523 9 5 3 4 1 4   152.0  168.0
151 4605.482589 6.385E-60 4.197E+01.00930.06019870.47200.50-.015633              7              5                    R 27      254523 9 4 3 2 1 4   456.0  440.0
151 4605.888028 4.962E-74 3.641E+01.00960.06026412.58420.50-.015634             13             10                    P 17      232523 9 4 3 3 1 4   264.0  280.0
151 4606.056303 6.096E-75 1.734E+01.00930.06026803.74880.50-.015634             11              8                    P 29      232523 9 4 3 3 1 4   456.0  472.0
151 4607.511960 8.900E-44 3.076E+01.01740.09511932.68300.15-.013380              6              4                    P 10      364523 9 4 3 2 1 4   152.0  168.0
151 4609.154775 1.795E-77 5.273E+01.00950.06028142.35330.50-.015641             14             11                    R 17      232523 9 4 3 3 1 4   296.0  280.0
151 4609.650308 1.353E-41 1.921E+01.00970.06110902.77970.50-.015642              5              3                    P 16      354523 9 4 3 2 1 4   248.0  264.0
151 4610.636058 4.943E-40 1.088E+01.00940.06010103.03500.50-.015645              4              2                    P 21      354523 9 4 3 2 1 4   328.0  344.0
151 4618.214653 2.643E-74 5.249E+01.03670.14026424.63740.25-.011635             14             11                    P  7      232523 9 4 3 3 1 4   104.0  120.0
151 4619.705897 9.640E-48 8.532E+01.09710.21313414.14390.65-.010930              7              5                    P  1      264523 9 4 3 2 1 4     8.0   24.0
151 4622.882805 5.375E-64 3.010E+01.00930.06021781.67150.50-.015672              6              4                    R 35      354523 9 4 3 2 1 4   584.0  568.0
151 4625.941604 5.312E-59 4.218E+01.00930.06019426.47200.50-.015679              7              5                    R 26      254523 9 4 3 2 1 4   440.0  424.0
151 4627.925930 9.566E-38 1.617E+00.00930.060 8693.79610.50-.015683              2              0                    P 29      454523 9 4 3 2 1 4   456.0  472.0
151 4628.537487 1.682E-38 5.146E+00.00930.060 9258.47340.50-.015685              3              1                    P 25      454523 9 4 3 2 1 4   392.0  408.0
151 4634.013674 3.320E-83 2.014E+01.00930.06030723.79550.50-.015697             15             11                    P 26      252523 9 5 3 4 1 4   408.0  424.0
151 4636.196864 1.930E-43 3.106E+01.02200.11011749.97880.14-.012787              6              4                    P  9      364523 9 4 3 2 1 4   136.0  152.0
151 4637.119271 7.427E-82 3.677E+01.00930.06030270.28620.50-.015704             12              9                    R 33      232523 9 4 3 3 1 4   552.0  536.0
151 4640.178066 5.123E-77 5.282E+01.00960.06027912.70530.50-.015711             14             11                    R 16      232523 9 4 3 3 1 4   280.0  264.0
151 4642.721920 6.079E-74 2.535E+01.00930.06026356.88680.50-.015717             12              9                    P 23      232523 9 4 3 3 1 4   360.0  376.0
151 4644.840577 4.127E-58 4.235E+01.00930.06018996.27090.50-.015721              7              5                    R 25      254523 9 4 3 2 1 4   424.0  408.0
151 4645.060512 3.682E-84 3.500E+01.00930.06031280.74510.50-.015722             16             12                    R 23      252523 9 5 3 4 1 4   392.0  376.0
151 4645.108774 5.310E-41 1.933E+01.01000.06310605.93590.50-.015722              5              3                    P 15      354523 9 4 3 2 1 4   232.0  248.0
151 4645.583079 3.621E-74 5.336E+01.04780.17526326.45910.35-.011742             14             11                    P  6      232523 9 4 3 3 1 4    88.0  104.0
151 4647.503241 3.474E-87 2.025E+01.00930.06032683.09480.50-.015727             14             10                    R 35      252523 9 5 3 4 1 4   584.0  568.0
151 4648.327726 1.795E-79 4.469E+01.00930.06029133.72740.50-.015729             13             10                    R 26      232523 9 4 3 3 1 4   440.0  424.0
151 4649.748765 1.334E-82 4.206E+01.01050.07030471.75310.50-.015732             17             13                    R 13      252523 9 5 3 4 1 4   232.0  216.0
151 4651.211069 1.216E-81 4.118E+01.02200.11029902.74920.14-.012821             17             13                    P  9      252523 9 5 3 4 1 4   136.0  152.0
151 4651.461199 3.158E-39 1.094E+01.00940.060 9708.70910.50-.015736              4              2                    P 20      354523 9 4 3 2 1 4   312.0  328.0
151 4653.922216 1.473E-73 3.635E+01.00970.06126171.29440.50-.015742             13             10                    P 16      232523 9 4 3 3 1 4   248.0  264.0
151 4654.247813 1.042E-47 2.860E+01.09740.20113396.27120.74-.002916              7              5                    R  0      264523 9 4 3 2 1 4    24.0    8.0
151 4654.911698 8.042E-63 3.034E+01.00930.06021218.14920.50-.015744              6              4                    R 34      354523 9 4 3 2 1 4   568.0  552.0
151 4656.882179 3.990E-82 2.865E+01.00940.06030216.79830.50-.015748             16             12                    P 19      252523 9 5 3 4 1 4   296.0  312.0
151 4659.537490 5.220E-75 1.107E+01.00930.06026765.53740.50-.015754             10              7                    P 33      232523 9 4 3 3 1 4   520.0  536.0
151 4662.198741 2.989E-57 4.250E+01.00930.06018580.16080.50-.015760              7              5                    R 24      254523 9 4 3 2 1 4   408.0  392.0
151 4663.796670 3.792E-43 3.141E+01.02870.12611585.20140.13-.012292              6              4                    P  8      364523 9 4 3 2 1 4   120.0  136.0
151 4668.227061 1.372E-76 5.280E+01.00970.06027695.42290.50-.015774             14             11                    R 15      232523 9 4 3 3 1 4   264.0  248.0
151 4669.701692 1.903E-47 3.442E+01.08640.21513414.14390.76-.008006              7              5                    R  1      264523 9 4 3 2 1 4    40.0   24.0
151 4670.753761 4.515E-74 5.456E+01.05890.20526242.13930.46-.011945             14             11                    P  5      232523 9 4 3 3 1 4    72.0   88.0
151 4672.011191 2.430E-85 8.691E+00.00930.06031627.26530.50-.015782             13              9                    P 36      252523 9 5 3 4 1 4   568.0  584.0
151 4673.539358 1.601E-37 5.172E+00.00930.060 8783.34890.50-.015786              3              1                    P 24      454523 9 4 3 2 1 4   376.0  392.0
151 4674.578102 1.340E-76 3.899E+00.00930.06027348.34710.50-.015788              8              5                    P 41      232523 9 4 3 3 1 4   648.0  664.0
151 4675.643495 4.249E-74 1.699E+01.00930.06026386.63950.50-.015790             11              8                    P 28      232523 9 4 3 3 1 4   440.0  456.0
151 4676.902843 1.354E-36 1.624E+00.00930.060 8137.83920.50-.015793              2              0                    P 28      454523 9 4 3 2 1 4   440.0  456.0
151 4678.034363 2.016E-56 4.261E+01.00930.06018178.42370.50-.015796              7              5                    R 23      254523 9 4 3 2 1 4   392.0  376.0
151 4679.565657 1.905E-40 1.946E+01.01050.06610326.71490.50-.015799              5              3                    P 14      354523 9 4 3 2 1 4   216.0  232.0
151 4681.563291 1.474E-75 6.743E+00.00930.06026945.70200.50-.015804              9              6                    P 37      232523 9 4 3 3 1 4   584.0  600.0
151 4683.928138 2.391E-47 3.697E+01.07820.22413449.87720.72-.008795              7              5                    R  2      264523 9 4 3 2 1 4    56.0   40.0
151 4685.272331 1.135E-61 3.054E+01.00930.06020666.35310.50-.015812              6              4                    R 33      354523 9 4 3 2 1 4   552.0  536.0
151 4687.476731 1.961E-83 3.018E+01.00930.06031000.72410.50-.015817             11              8                    R 38      232523 9 4 3 3 1 4   632.0  616.0
151 4690.298884 6.720E-43 3.183E+01.03670.15011438.45890.25-.011796              6              4                    P  7      364523 9 4 3 2 1 4   104.0  120.0
151 4691.357664 1.852E-38 1.100E+01.00940.060 9331.53100.50-.015825              4              2                    P 19      354523 9 4 3 2 1 4   296.0  312.0
151 4692.364316 1.264E-55 4.270E+01.00930.06017791.33160.50-.015828              7              5                    R 22      254523 9 4 3 2 1 4   376.0  360.0
151 4693.389644 3.441E-76 5.268E+01.01000.06227490.71600.50-.015830             14             11                    R 14      232523 9 4 3 3 1 4   248.0  232.0
151 4693.726641 5.057E-74 5.636E+01.07010.23026171.75510.61-.012144             14             11                    P  4      232523 9 4 3 3 1 4    56.0   72.0
151 4695.133046 1.837E-81 4.159E+01.02870.13029790.23700.13-.012362             17             13                    P  8      252523 9 5 3 4 1 4   120.0  136.0
151 4695.217659 6.007E-84 1.325E+01.00930.06031020.88170.50-.015834             14             10                    P 31      252523 9 5 3 4 1 4   488.0  504.0
151 4696.915187 2.450E-47 3.844E+01.06800.21813503.44700.71-.009483              7              5                    R  3      264523 9 4 3 2 1 4    72.0   56.0
151 4698.031612 2.659E-82 4.229E+01.01120.07030311.97960.50-.015840             17             13                    R 12      252523 9 5 3 4 1 4   216.0  200.0
151 4698.541613 1.758E-85 7.320E+00.00930.06031571.41830.50-.015842             17             12                    P 24      252523 9 5 3 4 1 4   376.0  392.0
151 4699.803941 4.094E-73 3.633E+01.01000.06325943.09770.50-.015844             13             10                    P 15      232523 9 4 3 3 1 4   232.0  248.0
151 4701.757590 2.792E-73 2.510E+01.00940.06026026.59960.50-.015849             12              9                    P 22      232523 9 4 3 3 1 4   344.0  360.0
151 4703.364993 9.245E-79 4.506E+01.00930.06028785.82660.50-.015852             13             10                    R 25      232523 9 4 3 3 1 4   424.0  408.0
151 4705.204662 7.360E-55 4.276E+01.00940.06017419.14640.50-.015856              7              5                    R 21      254523 9 4 3 2 1 4   360.0  344.0
151 4708.650918 2.159E-47 3.940E+01.05850.19713574.81710.58-.011870              7              5                    R  4      264523 9 4 3 2 1 4    88.0   72.0
151 4712.314322 5.906E-81 3.735E+01.00930.06029834.26930.50-.015872             12              9                    R 32      232523 9 4 3 3 1 4   536.0  520.0
151 4713.008049 6.241E-40 1.960E+01.01120.07210065.29470.50-.015874              5              3                    P 13      354523 9 4 3 2 1 4   200.0  216.0
151 4713.991509 1.510E-60 3.072E+01.00930.06020126.64820.50-.015876              6              4                    R 32      354523 9 4 3 2 1 4   536.0  520.0
151 4714.498937 4.968E-74 5.945E+01.07880.23526115.37070.71-.010140             14             11                    P  3      232523 9 4 3 3 1 4    40.0   56.0
151 4715.690990 1.069E-42 3.237E+01.04780.18111309.84770.35-.011899              6              4                    P  6      364523 9 4 3 2 1 4    88.0  104.0
151 4715.744553 8.073E-76 5.247E+01.01050.06527298.78030.50-.015880             14             11                    R 13      232523 9 4 3 3 1 4   232.0  216.0
151 4716.570664 3.973E-54 4.280E+01.00940.06017062.11960.50-.015882              7              5                    R 20      254523 9 4 3 2 1 4   344.0  328.0
151 4717.674197 1.404E-36 5.199E+00.00930.060 8324.90480.50-.015884              3              1                    P 23      454523 9 4 3 2 1 4   360.0  376.0
151 4717.988444 1.181E-64 2.068E+01.00930.06022029.36650.50-.015885              5              3                    R 39      354523 9 4 3 2 1 4   648.0  632.0
151 4719.123455 1.676E-47 4.010E+01.04680.16913663.93930.35-.014455              7              5                    R  5      264523 9 4 3 2 1 4   104.0   88.0
151 4722.206668 2.279E-86 5.122E+00.00930.06032022.92520.50-.015895             12              8                    P 40      252523 9 5 3 4 1 4   632.0  648.0
151 4725.075947 1.773E-35 1.632E+00.00930.060 7597.92130.50-.015901              2              0                    P 27      454523 9 4 3 2 1 4   424.0  440.0
151 4726.476899 1.986E-53 4.282E+01.00940.06016720.49240.50-.015904              7              5                    R 19      254523 9 4 3 2 1 4   328.0  312.0
151 4728.320964 1.161E-47 4.063E+01.03590.13913770.75350.40-.016039              7              5                    R  6      264523 9 4 3 2 1 4   120.0  104.0
151 4730.312224 9.964E-38 1.106E+01.00950.060 8971.73410.50-.015913              4              2                    P 18      354523 9 4 3 2 1 4   280.0  296.0
151 4733.065265 4.057E-74 6.638E+01.08700.23026073.03750.69-.008532             14             11                    P  2      232523 9 4 3 3 1 4    24.0   40.0
151 4734.937363 9.178E-53 4.281E+01.00940.06016394.49520.50-.015923              7              5                    R 18      254523 9 4 3 2 1 4   312.0  296.0
151 4735.004113 2.581E-81 4.209E+01.03670.16329689.90260.25-.011896             17             13                    P  7      252523 9 5 3 4 1 4   104.0  120.0
151 4735.004503 4.901E-74 1.075E+01.00930.06026285.87720.50-.015923             10              7                    P 32      232523 9 4 3 3 1 4   504.0  520.0
151 4735.362558 1.770E-75 5.219E+01.01120.07027119.79830.50-.015924             14             11                    R 12      232523 9 4 3 3 1 4   216.0  200.0
151 4735.779237 3.493E-85 2.932E+01.00930.06031765.94700.50-.015925             15             11                    R 29      252523 9 5 3 4 1 4   488.0  472.0
151 4736.231644 7.239E-48 4.105E+01.02790.11113895.18750.29-.016422              7              5                    R  7      264523 9 4 3 2 1 4   136.0  120.0
151 4737.545486 1.152E-81 2.824E+01.00950.06029977.08840.50-.015929             16             12                    P 18      252523 9 5 3 4 1 4   280.0  296.0
151 4739.350657 1.453E-82 1.938E+01.00930.06030394.73500.50-.015933             15             11                    P 25      252523 9 5 3 4 1 4   392.0  408.0
151 4739.960474 1.513E-42 3.309E+01.05890.21311199.45210.46-.012100              6              4                    P  5      364523 9 4 3 2 1 4    72.0   88.0
151 4740.982151 4.973E-82 4.233E+01.01230.08030163.77300.50-.015937             17             13                    R 11      252523 9 5 3 4 1 4   200.0  184.0
151 4741.093563 1.887E-59 3.087E+01.00930.06019599.39070.50-.015937              6              4                    R 31      354523 9 4 3 2 1 4   520.0  504.0
151 4741.965565 3.917E-52 4.278E+01.00950.06016084.34810.50-.015939              7              5                    R 17      254523 9 4 3 2 1 4   296.0  280.0
151 4742.843726 4.081E-48 4.140E+01.02170.09614037.15730.30-.016703              7              5                    R  8      264523 9 4 3 2 1 4   152.0  136.0
151 4743.047132 2.808E-73 1.667E+01.00930.06025980.74830.50-.015941             11              8                    P 27      232523 9 4 3 3 1 4   424.0  440.0
151 4743.558205 1.064E-72 3.634E+01.01050.06625728.19490.50-.015942             13             10                    P 14      232523 9 4 3 3 1 4   216.0  232.0
151 4743.571064 1.378E-83 3.632E+01.00930.06030999.60870.50-.015942             16             12                    R 22      252523 9 5 3 4 1 4   376.0  360.0
151 4745.422941 1.863E-39 1.975E+01.01240.077 9821.84190.50-.015947              5              3                    P 12      354523 9 4 3 2 1 4   184.0  200.0
151 4747.574606 1.542E-51 4.273E+01.00960.06015790.26030.50-.015951              7              5                    R 16      254523 9 4 3 2 1 4   280.0  264.0
151 4748.145453 2.088E-48 4.168E+01.01710.08814196.56720.35-.016483              7              5                    R  9      264523 9 4 3 2 1 4   168.0  152.0
151 4749.417711 2.323E-74 1.001E+02.09710.21726044.79400.65-.011221             14             11                    P  1      232523 9 4 3 3 1 4     8.0   24.0
151 4751.777251 5.592E-51 4.266E+01.00970.06015512.43000.50-.015961              7              5                    R 15      254523 9 4 3 2 1 4   264.0  248.0
151 4752.124961 9.725E-49 4.192E+01.01420.07714373.30940.50-.015962              7              5                    R 10      264523 9 4 3 2 1 4   184.0  168.0
151 4752.307438 3.618E-75 5.184E+01.01230.07526953.93880.50-.015962             14             11                    R 11      232523 9 4 3 3 1 4   200.0  184.0
151 4754.585990 1.865E-50 4.256E+01.01000.06215251.04470.50-.015967              7              5                    R 14      254523 9 4 3 2 1 4   248.0  232.0
151 4754.745697 4.503E-78 4.526E+01.00930.06028448.60610.50-.015967             13             10                    R 24      232523 9 4 3 3 1 4   408.0  392.0
151 4754.770659 4.133E-49 4.213E+01.01230.07214567.26490.50-.015968              7              5                    R 11      264523 9 4 3 2 1 4   200.0  184.0
151 4755.195282 2.434E-63 2.082E+01.00930.06021399.83570.50-.015968              5              3                    R 38      354523 9 4 3 2 1 4   632.0  616.0
151 4756.013094 5.714E-50 4.244E+01.01050.06515006.28060.50-.015970              7              5                    R 13      254523 9 4 3 2 1 4   232.0  216.0
151 4756.070661 1.606E-49 4.230E+01.01120.06814778.30270.50-.015970              7              5                    R 12      254523 9 4 3 2 1 4   216.0  200.0
151 4758.656103 1.208E-72 2.486E+01.00940.06025708.66160.50-.015976             12              9                    P 21      232523 9 4 3 3 1 4   328.0  344.0
151 4760.928430 1.132E-35 5.226E+00.00940.060 7883.41670.50-.015981              3              1                    P 22      454523 9 4 3 2 1 4   344.0  360.0
151 4761.194490 2.232E-75 3.722E+00.00930.06026747.35500.50-.015982              8              5                    P 40      232523 9 4 3 3 1 4   632.0  648.0
151 4762.696776 1.852E-74 6.496E+00.00930.06026404.55430.50-.015985              9              6                    P 36      232523 9 4 3 3 1 4   568.0  584.0
151 4763.094842 1.883E-42 3.417E+01.07010.23811107.34470.61-.012300              6              4                    P  4      364523 9 4 3 2 1 4    56.0   72.0
151 4766.600677 2.215E-58 3.099E+01.00930.06019084.92730.50-.015994              6              4                    R 30      354523 9 4 3 2 1 4   504.0  488.0
151 4766.636793 6.891E-75 5.142E+01.01420.08526801.35730.50-.015994             14             11                    R 10      232523 9 4 3 3 1 4   184.0  168.0
151 4768.311465 4.908E-37 1.113E+01.00960.060 8629.54150.50-.015998              4              2                    P 17      354523 9 4 3 2 1 4   264.0  280.0
151 4770.892497 3.353E-81 4.278E+01.04780.18129601.86060.35-.012022             17             13                    P  6      252523 9 5 3 4 1 4    88.0  104.0
151 4772.431452 2.141E-34 1.641E+00.00930.060 7074.35780.50-.016007              2              0                    P 26      454523 9 4 3 2 1 4   408.0  424.0
151 4775.436979 2.489E-74 3.375E+01.09740.21026030.66580.74-.003187             14             11                    R  0      232523 9 4 3 3 1 4    24.0    8.0
151 4775.953876 2.130E-82 3.062E+01.00930.06030499.96820.50-.016015             11              8                    R 37      232523 9 4 3 3 1 4   616.0  600.0
151 4776.797317 5.062E-39 1.991E+01.01440.087 9596.51220.50-.016017              5              3                    P 11      364523 9 4 3 2 1 4   168.0  184.0
151 4778.402737 1.220E-74 5.094E+01.01710.09726662.19600.35-.016551             14             11                    R  9      232523 9 4 3 3 1 4   168.0  152.0
151 4778.858500 8.709E-82 4.217E+01.01420.08730027.30950.50-.016021             17             13                    R 10      252523 9 5 3 4 1 4   184.0  168.0
151 4782.995911 4.474E-80 3.769E+01.00930.06029407.14960.50-.016031             12              9                    R 31      232523 9 4 3 3 1 4   520.0  504.0
151 4785.075688 4.658E-74 4.074E+01.08640.22026044.79400.76-.008265             14             11                    R  1      232523 9 4 3 3 1 4    40.0   24.0
151 4785.081641 2.010E-42 3.601E+01.07880.24211033.58610.71-.010298              6              4                    P  3      364523 9 4 3 2 1 4    40.0   56.0
151 4785.205740 2.580E-72 3.639E+01.01120.07225526.77380.50-.016036             13             10                    P 13      232523 9 4 3 3 1 4   200.0  216.0
151 4787.652476 2.003E-74 5.040E+01.02170.10626536.58400.30-.016803             14             11                    R  8      232523 9 4 3 3 1 4   152.0  136.0
151 4790.533175 2.436E-57 3.109E+01.00930.06018583.59580.50-.016048              6              4                    R 29      354523 9 4 3 2 1 4   488.0  472.0
151 4790.721758 4.757E-62 2.094E+01.00930.06020781.08750.50-.016048              5              3                    R 37      354523 9 4 3 2 1 4   616.0  600.0
151 4792.444253 6.109E-74 4.392E+01.07820.22026073.03750.72-.009038             14             11                    R  2      232523 9 4 3 3 1 4    56.0   40.0
151 4794.428877 3.041E-74 4.977E+01.02790.12326424.63740.29-.016552             14             11                    R  7      232523 9 4 3 3 1 4   136.0  120.0
151 4794.846145 5.275E-88 1.733E+01.00930.06033047.30980.50-.016057             13              9                    R 39      252523 9 5 3 4 1 4   648.0  632.0
151 4797.522365 6.659E-74 4.584E+01.06800.21526115.37070.71-.009709             14             11                    R  3      232523 9 4 3 3 1 4    72.0   56.0
151 4798.770526 4.255E-74 4.906E+01.03590.14626326.45910.40-.016197             14             11                    R  6      232523 9 4 3 3 1 4   120.0  104.0
151 4800.287076 6.361E-74 4.718E+01.05850.19426171.75510.58-.012075             14             11                    R  4      232523 9 4 3 3 1 4    88.0   72.0
151 4800.712674 5.455E-74 4.821E+01.04680.17026242.13930.35-.014638             14             11                    R  5      232523 9 4 3 3 1 4   104.0   88.0
151 4802.643474 2.072E-77 4.530E+01.00930.06028122.39140.50-.016075             13             10                    R 23      232523 9 4 3 3 1 4   392.0  376.0
151 4802.852094 3.998E-81 4.374E+01.05890.20229526.21130.46-.012241             17             13                    P  5      252523 9 5 3 4 1 4    72.0   88.0
151 4803.288236 8.387E-35 5.256E+00.00940.060 7459.15090.50-.016076              3              1                    P 21      454523 9 4 3 2 1 4   328.0  344.0
151 4805.341823 2.211E-36 1.120E+01.00970.061 8305.16550.50-.016081              4              2                    P 16      354523 9 4 3 2 1 4   248.0  264.0
151 4805.908472 1.745E-42 4.016E+01.08700.22910978.22460.69-.008696              6              4                    P  2      364523 9 4 3 2 1 4    24.0   40.0
151 4807.117880 1.248E-38 2.009E+01.01740.095 9389.44930.15-.013828              5              3                    P 10      364523 9 4 3 2 1 4   152.0  168.0
151 4808.309690 1.895E-84 7.896E+00.00930.06031167.25110.50-.016087             13              9                    P 35      252523 9 5 3 4 1 4   552.0  568.0
151 4808.324357 4.382E-73 1.047E+01.00930.06025816.72490.50-.016087             10              7                    P 31      232523 9 4 3 3 1 4   488.0  504.0
151 4808.326094 1.756E-72 1.638E+01.00930.06025586.40890.50-.016087             11              8                    P 26      232523 9 4 3 3 1 4   408.0  424.0
151 4811.878097 1.426E-81 4.187E+01.01710.09629902.74920.35-.016626             17             13                    R  9      252523 9 5 3 4 1 4   168.0  152.0
151 4812.909873 2.507E-56 3.117E+01.00930.06018095.72490.50-.016098              6              4                    R 28      354523 9 4 3 2 1 4   472.0  456.0
151 4813.456620 4.912E-72 2.466E+01.00940.06025403.34160.50-.016099             12              9                    P 20      232523 9 4 3 3 1 4   312.0  328.0
151 4813.550235 3.152E-81 2.783E+01.00960.06029748.46020.50-.016099             16             12                    P 17      252523 9 5 3 4 1 4   264.0  280.0
151 4815.432208 3.544E-83 1.241E+01.00930.06030625.04920.50-.016103             14             10                    P 30      252523 9 5 3 4 1 4   472.0  488.0
151 4818.955265 2.383E-33 1.649E+00.00930.060 6567.45530.50-.016111              2              0                    P 25      454523 9 4 3 2 1 4   392.0  408.0
151 4824.595232 8.798E-61 2.104E+01.00930.06020173.51710.50-.016124              5              3                    R 36      354523 9 4 3 2 1 4   600.0  584.0
151 4824.763455 5.832E-72 3.649E+01.01240.07725339.00960.50-.016124             13             10                    P 12      232523 9 4 3 3 1 4   184.0  200.0
151 4825.356096 2.943E-86 2.393E+01.00930.06032256.68050.50-.016126             14             10                    R 34      252523 9 5 3 4 1 4   568.0  552.0
151 4825.563055 1.039E-42 6.046E+01.09710.21310941.29680.65-.011391              6              4                    P  1      364523 9 4 3 2 1 4     8.0   24.0
151 4830.923348 4.317E-81 4.520E+01.07010.21929463.04010.61-.012452             17             13                    P  4      252523 9 5 3 4 1 4    56.0   72.0
151 4833.651710 4.848E-83 3.706E+01.00940.06030728.35720.50-.016144             16             12                    R 21      252523 9 5 3 4 1 4   360.0  344.0
151 4833.747864 2.410E-55 3.123E+01.00930.06017621.63410.50-.016144              6              4                    R 27      354523 9 4 3 2 1 4   456.0  440.0
151 4836.371578 2.789E-38 2.029E+01.02200.110 9200.78580.14-.013235              5              3                    P  9      364523 9 4 3 2 1 4   136.0  152.0
151 4839.151118 6.074E-82 1.866E+01.00930.06030075.47310.50-.016157             15             11                    P 24      252523 9 5 3 4 1 4   376.0  392.0
151 4840.225428 2.181E-81 4.146E+01.02170.10729790.23700.30-.016921             17             13                    R  8      252523 9 5 3 4 1 4   152.0  136.0
151 4841.389614 9.093E-36 1.128E+01.01000.063 7998.80780.50-.016162              4              2                    P 15      354523 9 4 3 2 1 4   232.0  248.0
151 4841.704489 2.227E-73 6.273E+00.00930.06025873.06090.50-.016162              9              6                    P 35      232523 9 4 3 3 1 4   552.0  568.0
151 4844.739589 5.697E-34 5.286E+00.00940.060 7052.36340.50-.016169              3              1                    P 20      454523 9 4 3 2 1 4   312.0  328.0
151 4845.692983 3.580E-74 3.564E+00.00930.06026155.03100.50-.016171              8              5                    P 39      232523 9 4 3 3 1 4   616.0  632.0
151 4847.209746 9.000E-77 4.521E+01.00930.06027807.49280.50-.016175             13             10                    R 22      232523 9 4 3 3 1 4   376.0  360.0
151 4849.467998 3.225E-79 3.781E+01.00930.06028989.34310.50-.016180             12              9                    R 30      232523 9 4 3 3 1 4   504.0  488.0
151 4853.063467 2.162E-54 3.127E+01.00930.06017161.63320.50-.016188              6              4                    R 26      354523 9 4 3 2 1 4   440.0  424.0
151 4855.134573 4.121E-81 4.771E+01.07880.22929412.41810.71-.010455             17             13                    P  3      252523 9 5 3 4 1 4    40.0   56.0
151 4855.680484 5.191E-86 4.901E+00.00930.06031765.94700.50-.016194             16             11                    P 29      252523 9 5 3 4 1 4   456.0  472.0
151 4856.840308 1.537E-59 2.112E+01.00930.06019577.51160.50-.016196              5              3                    R 35      354523 9 4 3 2 1 4   584.0  568.0
151 4859.293969 2.218E-81 3.082E+01.00930.06030006.77740.50-.016202             11              8                    R 36      232523 9 4 3 3 1 4   600.0  584.0
151 4861.306346 1.128E-42 2.030E+01.09740.20110922.82680.74-.003379              6              4                    R  0      364523 9 4 3 2 1 4    24.0    8.0
151 4862.244809 1.226E-71 3.664E+01.01440.08725165.06470.50-.016208             13             10                    P 11      232523 9 4 3 3 1 4   168.0  184.0
151 4864.057754 3.107E-81 4.091E+01.02790.12629689.90260.29-.016708             17             13                    R  7      252523 9 5 3 4 1 4   136.0  120.0
151 4864.545258 5.627E-38 2.053E+01.02870.126 9030.64220.13-.012742              5              3                    P  8      364523 9 4 3 2 1 4   120.0  136.0
151 4864.633022 2.441E-32 1.658E+00.00930.060 6077.51160.50-.016214              2              0                    P 24      454523 9 4 3 2 1 4   376.0  392.0
151 4864.924721 1.905E-84 3.089E+01.00930.06031409.80510.50-.016214             15             11                    R 28      252523 9 5 3 4 1 4   472.0  456.0
151 4866.192550 1.876E-71 2.449E+01.00940.06025110.89580.50-.016217             12              9                    P 19      232523 9 4 3 3 1 4   296.0  312.0
151 4867.914366 7.164E-85 8.143E+00.00930.06031280.74510.50-.016221             17             12                    P 23      252523 9 5 3 4 1 4   360.0  376.0
151 4868.330967 2.235E-85 4.493E+00.00930.06031508.54950.50-.016222             12              8                    P 39      252523 9 5 3 4 1 4   616.0  632.0
151 4870.871803 1.805E-53 3.129E+01.00930.06016716.02290.50-.016228              6              4                    R 25      354523 9 4 3 2 1 4   424.0  408.0
151 4871.530961 1.038E-71 1.612E+01.00930.06025203.94210.50-.016229             11              8                    P 25      232523 9 4 3 3 1 4   392.0  408.0
151 4875.502794 3.298E-81 5.334E+01.08700.22629374.40210.69-.008851             17             13                    P  2      252523 9 5 3 4 1 4    24.0   40.0
151 4876.441067 3.410E-35 1.136E+01.01050.066 7710.65890.50-.016240              4              2                    P 14      354523 9 4 3 2 1 4   216.0  232.0
151 4877.370962 2.057E-42 2.444E+01.08640.21510941.29680.76-.008471              6              4                    R  1      364523 9 4 3 2 1 4    40.0   24.0
151 4879.562721 3.724E-72 1.021E+01.00930.06025358.45040.50-.016247             10              7                    P 30      232523 9 4 3 3 1 4   472.0  488.0
151 4883.509438 4.107E-81 4.026E+01.03590.14929601.86060.40-.016387             17             13                    R  6      252523 9 5 3 4 1 4   120.0  104.0
151 4885.120012 8.155E-81 2.746E+01.00970.06029531.16880.50-.016259             16             12                    P 16      252523 9 5 3 4 1 4   248.0  264.0
151 4885.268288 3.544E-33 5.318E+00.00940.060 6663.30030.50-.016260              3              1                    P 19      454523 9 4 3 2 1 4   296.0  312.0
151 4887.187128 1.402E-52 3.130E+01.00930.06016285.09410.50-.016264              6              4                    R 24      354523 9 4 3 2 1 4   408.0  392.0
151 4887.479219 2.531E-58 2.118E+01.00930.06018993.44970.50-.016265              5              3                    R 34      354523 9 4 3 2 1 4   568.0  552.0
151 4888.577769 3.684E-76 4.502E+01.00940.06027504.20560.50-.016267             13             10                    R 21      232523 9 4 3 3 1 4   360.0  344.0
151 4891.625798 1.021E-37 2.082E+01.03670.150 8879.12770.25-.012247              5              3                    P  7      364523 9 4 3 2 1 4   104.0  120.0
151 4892.034373 1.866E-81 8.055E+01.09710.21429349.03450.65-.011540             17             13                    P  1      252523 9 5 3 4 1 4     8.0   24.0
151 4892.214943 2.571E-42 2.628E+01.07820.22410978.22460.72-.009262              6              4                    R  2      364523 9 4 3 2 1 4    56.0   40.0
151 4897.660139 2.393E-71 3.684E+01.01740.09525005.08910.15-.014030             13             10                    P 10      232523 9 4 3 3 1 4   152.0  168.0
151 4898.695353 5.010E-81 3.948E+01.04680.17329526.21130.35-.014857             17             13                    R  5      252523 9 5 3 4 1 4   104.0   88.0
151 4902.022962 1.011E-51 3.130E+01.00930.06015869.12800.50-.016297              6              4                    R 23      354523 9 4 3 2 1 4   392.0  376.0
151 4905.826489 2.614E-42 2.734E+01.06800.21811033.58610.71-.009951              6              4                    R  3      364523 9 4 3 2 1 4    72.0   56.0
151 4909.450128 2.296E-31 1.667E+00.00930.060 5604.81460.50-.016314              2              0                    P 23      454523 9 4 3 2 1 4   360.0  376.0
151 4909.713005 5.599E-81 3.853E+01.05850.19229463.04010.58-.012320             17             13                    R  4      252523 9 5 3 4 1 4    88.0   72.0
151 4910.482352 1.164E-34 1.144E+01.01120.072 7440.89840.50-.016316              4              2                    P 13      354523 9 4 3 2 1 4   200.0  216.0
151 4911.987493 2.210E-78 3.777E+01.00930.06028581.24780.50-.016320             12              9                    R 29      232523 9 4 3 3 1 4   488.0  472.0
151 4913.561281 1.997E-81 2.727E+01.09740.20229336.34360.74-.003496             17             13                    R  0      252523 9 5 3 4 1 4    24.0    8.0
151 4915.392205 6.760E-51 3.127E+01.00930.06015468.39610.50-.016327              6              4                    R 22      354523 9 4 3 2 1 4   376.0  360.0
151 4916.229804 1.606E-82 3.735E+01.00940.06030467.31780.50-.016329             16             12                    R 20      252523 9 5 3 4 1 4   344.0  328.0
151 4916.532150 3.924E-57 2.123E+01.00930.06018421.70180.50-.016330              5              3                    R 33      354523 9 4 3 2 1 4   552.0  536.0
151 4916.645282 5.662E-81 3.734E+01.06800.20629412.41810.71-.009976             17             13                    R  3      252523 9 5 3 4 1 4    72.0   56.0
151 4916.892226 6.718E-71 2.435E+01.00950.06024831.56790.50-.016331             12              9                    P 18      232523 9 4 3 3 1 4   280.0  296.0
151 4917.600121 1.659E-37 2.118E+01.04780.181 8746.33920.35-.012351              5              3                    P  6      364523 9 4 3 2 1 4    88.0  104.0
151 4918.193924 2.279E-42 2.805E+01.05850.19711107.34470.58-.012339              6              4                    R  4      364523 9 4 3 2 1 4    88.0   72.0
151 4918.518234 3.780E-81 3.301E+01.08640.20629349.03450.76-.008563             17             13                    R  1      252523 9 5 3 4 1 4    40.0   24.0
151 4918.660816 2.558E-72 6.071E+00.00930.06025351.62540.50-.016335              9              6                    P 34      232523 9 4 3 3 1 4   536.0  552.0
151 4919.561392 5.056E-81 3.567E+01.07820.21029374.40210.72-.009323             17             13                    R  2      252523 9 5 3 4 1 4    56.0   40.0
151 4924.859991 2.016E-32 5.351E+00.00950.060 6292.19720.50-.016349              3              1                    P 18      454523 9 4 3 2 1 4   280.0  296.0
151 4926.864897 1.420E-75 4.473E+01.00940.06027212.81090.50-.016353             13             10                    R 20      232523 9 4 3 3 1 4   344.0  328.0
151 4927.307235 4.185E-50 3.124E+01.00940.06015083.16000.50-.016354              6              4                    R 21      354523 9 4 3 2 1 4   360.0  344.0
151 4928.158865 5.514E-73 3.423E+00.00930.06025571.80930.50-.016356              8              5                    P 38      232523 9 4 3 3 1 4   600.0  616.0
151 4929.305702 1.745E-42 2.858E+01.04680.16911199.45210.35-.014926              6              4                    R  5      364523 9 4 3 2 1 4   104.0   88.0
151 4929.557133 2.007E-82 1.162E+01.00930.06030238.01310.50-.016359             14             10                    P 29      252523 9 5 3 4 1 4   456.0  472.0
151 4931.017007 4.324E-71 3.712E+01.02200.11024859.22010.14-.013447             13             10                    P  9      232523 9 4 3 3 1 4   136.0  152.0
151 4932.705104 5.788E-71 1.588E+01.00930.06024833.65670.50-.016366             11              8                    P 24      232523 9 4 3 3 1 4   376.0  392.0
151 4933.824905 2.419E-81 1.795E+01.00930.06029766.36180.50-.016369             15             11                    P 23      252523 9 5 3 4 1 4   360.0  376.0
151 4937.556452 1.430E-83 7.172E+00.00930.06030714.76540.50-.016377             13              9                    P 34      252523 9 5 3 4 1 4   536.0  552.0
151 4937.779998 2.396E-49 3.120E+01.00940.06014713.67100.50-.016377              6              4                    R 20      354523 9 4 3 2 1 4   344.0  328.0
151 4937.914762 2.209E-80 3.080E+01.00930.06029521.62560.50-.016378             11              8                    R 35      232523 9 4 3 3 1 4   584.0  568.0
151 4939.150404 1.189E-42 2.898E+01.03590.13911309.84770.40-.016511              6              4                    R  6      364523 9 4 3 2 1 4   120.0  104.0
151 4942.455221 2.392E-37 2.166E+01.05890.213 8632.36190.46-.012553              5              3                    P  5      364523 9 4 3 2 1 4    72.0   88.0
151 4943.499701 3.612E-34 1.153E+01.01240.077 7189.69450.50-.016390              4              2                    P 12      354523 9 4 3 2 1 4   184.0  200.0
151 4944.017520 5.715E-56 2.126E+01.00930.06017862.63000.50-.016391              5              3                    R 32      354523 9 4 3 2 1 4   536.0  520.0
151 4946.822086 1.267E-48 3.114E+01.00940.06014360.17030.50-.016398              6              4                    R 19      354523 9 4 3 2 1 4   328.0  312.0
151 4947.716739 7.272E-43 2.931E+01.02790.11111438.45890.29-.016895              6              4                    R  7      364523 9 4 3 2 1 4   136.0  120.0
151 4948.775986 3.002E-71 9.977E+00.00930.06024911.41160.50-.016402             10              7                    P 29      232523 9 4 3 3 1 4   456.0  472.0
151 4952.442011 1.993E-80 2.711E+01.01000.06029325.45310.50-.016410             16             12                    P 15      252523 9 5 3 4 1 4   232.0  248.0
151 4952.740552 3.274E-60 1.299E+01.00930.06019809.02530.50-.016411              4              2                    R 39      354523 9 4 3 2 1 4   648.0  632.0
151 4953.391788 1.981E-30 1.677E+00.00940.060 5149.64320.50-.016412              2              0                    P 22      454523 9 4 3 2 1 4   344.0  360.0
151 4954.444806 6.174E-48 3.107E+01.00940.06014022.88870.50-.016415              6              4                    R 18      354523 9 4 3 2 1 4   312.0  296.0
151 4954.993537 4.009E-43 2.959E+01.02170.09611585.20140.30-.017178              6              4                    R  8      364523 9 4 3 2 1 4   152.0  136.0
151 4960.659240 2.772E-47 3.099E+01.00950.06013702.04640.50-.016429              6              4                    R 17      354523 9 4 3 2 1 4   296.0  280.0
151 4960.969743 2.000E-43 2.983E+01.01710.08811749.97880.35-.016960              6              4                    R  9      364523 9 4 3 2 1 4   168.0  152.0
151 4962.175452 5.143E-75 4.437E+01.00940.06026933.57580.50-.016432             13             10                    R 19      232523 9 4 3 3 1 4   328.0  312.0
151 4962.320155 7.213E-71 3.748E+01.02870.12624727.58240.13-.012961             13             10                    P  8      232523 9 4 3 3 1 4   120.0  136.0
151 4963.500246 1.047E-31 5.386E+00.00960.060 5939.27940.50-.016435              3              1                    P 17      454523 9 4 3 2 1 4   264.0  280.0
151 4965.476300 1.145E-46 3.089E+01.00960.06013397.85300.50-.016439              6              4                    R 16      354523 9 4 3 2 1 4   280.0  264.0
151 4965.579498 2.252E-70 2.424E+01.00960.06024565.58930.50-.016440             12              9                    P 17      232523 9 4 3 3 1 4   264.0  280.0
151 4965.634304 9.059E-44 3.004E+01.01420.07711932.68300.50-.016440              6              4                    R 10      364523 9 4 3 2 1 4   184.0  168.0
151 4966.178179 3.022E-37 2.238E+01.07010.238 8537.26880.61-.012755              5              3                    P  4      364523 9 4 3 2 1 4    56.0   72.0
151 4968.906776 4.341E-46 3.079E+01.00970.06013110.50740.50-.016447              6              4                    R 15      354523 9 4 3 2 1 4   264.0  248.0
151 4968.976537 3.733E-44 3.022E+01.01230.07212133.19410.50-.016447              6              4                    R 11      364523 9 4 3 2 1 4   200.0  184.0
151 4969.952221 7.807E-55 2.128E+01.00930.06017316.58790.50-.016450              5              3                    R 31      354523 9 4 3 2 1 4   520.0  504.0
151 4970.773777 1.438E-77 3.758E+01.00930.06028183.24500.50-.016451             12              9                    R 28      232523 9 4 3 3 1 4   472.0  456.0
151 4970.961376 1.510E-45 3.067E+01.01000.06212840.19740.50-.016452              6              4                    R 14      354523 9 4 3 2 1 4   248.0  232.0
151 4970.985594 1.403E-44 3.039E+01.01120.06812351.38080.50-.016452              6              4                    R 12      354523 9 4 3 2 1 4   216.0  200.0
151 4971.650764 4.812E-45 3.053E+01.01050.06512587.10000.50-.016453              6              4                    R 13      354523 9 4 3 2 1 4   232.0  216.0
151 4975.479017 1.017E-33 1.163E+01.01440.087 6957.20400.50-.016462              4              2                    P 11      364523 9 4 3 2 1 4   168.0  184.0
151 4981.147084 2.213E-85 2.568E+01.00930.06031837.16940.50-.016475             14             10                    R 33      252523 9 5 3 4 1 4   552.0  536.0
151 4982.551055 9.715E-84 3.159E+01.00930.06031062.28300.50-.016478             15             11                    R 27      252523 9 5 3 4 1 4   456.0  440.0
151 4988.570683 7.508E-59 1.301E+01.00930.06019156.83500.50-.016491              4              2                    R 38      354523 9 4 3 2 1 4   632.0  616.0
151 4988.756182 3.266E-37 2.360E+01.07880.242 8461.12100.71-.010755              5              3                    P  3      364523 9 4 3 2 1 4    40.0   56.0
151 4990.246660 5.633E-87 1.998E+01.00930.06032567.84050.50-.016495             13              9                    R 38      252523 9 5 3 4 1 4   632.0  616.0
151 4991.572177 1.107E-70 3.796E+01.03670.14024610.28850.25-.012471             13             10                    P  7      232523 9 4 3 3 1 4   104.0  120.0
151 4991.885525 3.040E-70 1.568E+01.00930.06024475.84920.50-.016499             11              8                    P 23      232523 9 4 3 3 1 4   360.0  376.0
151 4992.003785 5.010E-82 3.731E+01.00940.06030216.79830.50-.016499             16             12                    R 19      252523 9 5 3 4 1 4   328.0  312.0
151 4993.629562 2.800E-71 5.890E+00.00930.06024840.63970.50-.016503              9              6                    P 33      232523 9 4 3 3 1 4   520.0  536.0
151 4994.351830 9.984E-54 2.129E+01.00930.06016783.92070.50-.016504              5              3                    R 30      354523 9 4 3 2 1 4   504.0  488.0
151 4994.602469 1.750E-74 4.395E+01.00940.06026666.75360.50-.016505             13             10                    R 18      232523 9 4 3 3 1 4   312.0  296.0
151 4996.039570 6.636E-73 1.600E+00.00930.06025387.47020.50-.016508              7              4                    P 41      242523 9 4 3 3 1 4   648.0  664.0
151 4996.443039 1.565E-29 1.687E+00.00940.060 4712.26610.50-.016509              2              0                    P 21      454523 9 4 3 2 1 4   328.0  344.0
151 5001.174517 4.958E-31 5.422E+00.00970.061 5604.76140.50-.016519              3              1                    P 16      454523 9 4 3 2 1 4   248.0  264.0
151 5006.406583 2.590E-33 1.174E+01.01740.095 6743.57220.15-.014274              4              2                    P 10      364523 9 4 3 2 1 4   152.0  168.0
151 5006.936123 2.132E-84 3.944E+00.00930.06031000.72410.50-.016532             12              8                    P 38      252523 9 5 3 4 1 4   600.0  616.0
151 5008.665004 8.138E-72 3.297E+00.00930.06024998.11240.50-.016536              8              5                    P 37      232523 9 4 3 3 1 4   584.0  600.0
151 5010.176538 2.862E-37 2.633E+01.08700.229 8403.96730.69-.009153              5              3                    P  2      364523 9 4 3 2 1 4    24.0   40.0
151 5012.161490 2.103E-79 3.063E+01.00930.06029044.96680.50-.016544             11              8                    R 34      232523 9 4 3 3 1 4   568.0  552.0
151 5012.274229 7.059E-70 2.416E+01.00970.06124313.17890.50-.016544             12              9                    P 16      232523 9 4 3 3 1 4   248.0  264.0
151 5015.673829 4.590E-80 2.682E+01.01050.07029131.53640.50-.016552             16             12                    P 14      252523 9 5 3 4 1 4   216.0  232.0
151 5016.012534 2.291E-70 9.766E+00.00930.06024475.95460.50-.016553             10              7                    P 28      232523 9 4 3 3 1 4   440.0  456.0
151 5017.230710 1.193E-52 2.129E+01.00930.06016264.96500.50-.016555              5              3                    R 29      354523 9 4 3 2 1 4   488.0  472.0
151 5018.773346 1.553E-70 3.860E+01.04780.17524507.43800.35-.012577             13             10                    P  6      232523 9 4 3 3 1 4    88.0  104.0
151 5019.681925 2.653E-84 8.558E+00.00940.06030999.60870.50-.016561             17             12                    P 22      252523 9 5 3 4 1 4   344.0  360.0
151 5022.808583 1.628E-57 1.303E+01.00930.06018516.00140.50-.016568              4              2                    R 37      354523 9 4 3 2 1 4   616.0  600.0
151 5023.706338 9.173E-81 1.729E+01.00940.06029467.73470.50-.016570             15             11                    P 22      252523 9 5 3 4 1 4   344.0  360.0
151 5024.229267 5.583E-74 4.348E+01.00950.06026412.58420.50-.016571             13             10                    R 17      232523 9 4 3 3 1 4   296.0  280.0
151 5026.015828 8.866E-77 3.728E+01.00930.06027795.70010.50-.016575             12              9                    R 27      232523 9 4 3 3 1 4   456.0  440.0
151 5030.426715 1.716E-37 3.967E+01.09710.213 8365.84450.65-.011850              5              3                    P  1      364523 9 4 3 2 1 4     8.0   24.0
151 5036.268585 5.962E-33 1.187E+01.02200.110 6548.93280.14-.013683              4              2                    P  9      364523 9 4 3 2 1 4   136.0  152.0
151 5037.868217 2.138E-30 5.460E+00.01000.063 5288.84670.50-.016602              3              1                    P 15      454523 9 4 3 2 1 4   232.0  248.0
151 5038.136900 1.091E-81 1.090E+01.00930.06029860.18760.50-.016602             14             10                    P 28      252523 9 5 3 4 1 4   440.0  456.0
151 5038.588782 1.131E-28 1.698E+00.00940.060 4292.94220.50-.016603              2              0                    P 20      454523 9 4 3 2 1 4   312.0  328.0
151 5038.602503 1.331E-51 2.128E+01.00930.06015760.04810.50-.016603              5              3                    R 28      354523 9 4 3 2 1 4   472.0  456.0
151 5043.921858 1.977E-70 3.949E+01.05890.20524419.11830.46-.012781             13             10                    P  5      232523 9 4 3 3 1 4    72.0   88.0
151 5049.104026 1.501E-69 1.549E+01.00940.06024130.80380.50-.016627             11              8                    P 22      232523 9 4 3 3 1 4   344.0  360.0
151 5050.700016 2.652E-85 4.973E+00.00930.06031409.80510.50-.016630             16             11                    P 28      252523 9 5 3 4 1 4   440.0  456.0
151 5051.130753 1.669E-73 4.297E+01.00960.06026171.29440.50-.016631             13             10                    R 16      232523 9 4 3 3 1 4   280.0  264.0
151 5055.472843 3.334E-56 1.304E+01.00930.06017886.91680.50-.016641              4              2                    R 36      354523 9 4 3 2 1 4   600.0  584.0
151 5056.422936 3.877E-81 2.422E+01.00930.06029841.78530.50-.016643             10              7                    R 39      232523 9 4 3 3 1 4   648.0  632.0
151 5056.992731 2.065E-69 2.411E+01.01000.06324074.54370.50-.016644             12              9                    P 15      232523 9 4 3 3 1 4   232.0  248.0
151 5058.479716 1.384E-50 2.126E+01.00930.06015269.48910.50-.016648              5              3                    R 27      354523 9 4 3 2 1 4   456.0  440.0
151 5060.531200 1.042E-82 6.523E+00.00930.06030270.28620.50-.016652             13              9                    P 33      252523 9 5 3 4 1 4   520.0  536.0
151 5061.520486 1.474E-81 3.700E+01.00940.06029977.08840.50-.016655             16             12                    R 18      252523 9 5 3 4 1 4   312.0  296.0
151 5065.051273 1.236E-32 1.201E+01.02870.126 6373.40770.13-.013191              4              2                    P  8      364523 9 4 3 2 1 4   120.0  136.0
151 5066.665420 2.915E-70 5.728E+00.00930.06024340.48420.50-.016666              9              6                    P 32      232523 9 4 3 3 1 4   504.0  520.0
151 5067.013951 2.254E-70 4.083E+01.07010.23024345.40420.61-.012980             13             10                    P  4      232523 9 4 3 3 1 4    56.0   72.0
151 5067.366933 1.871E-37 1.333E+01.09740.201 8346.77690.74-.003841              5              3                    R  0      364523 9 4 3 2 1 4    24.0    8.0
151 5073.566729 8.379E-30 5.501E+00.01050.066 4991.72790.50-.016682              3              1                    P 14      454523 9 4 3 2 1 4   216.0  232.0
151 5074.948584 9.959E-80 2.657E+01.01120.07028949.62640.50-.016685             16             12                    P 13      252523 9 5 3 4 1 4   200.0  216.0
151 5075.374509 4.666E-73 4.243E+01.00970.06025943.09770.50-.016686             13             10                    R 15      232523 9 4 3 3 1 4   264.0  248.0
151 5076.874259 1.338E-49 2.124E+01.00930.06014793.59780.50-.016689              5              3                    R 26      354523 9 4 3 2 1 4   440.0  424.0
151 5077.877678 5.176E-76 3.690E+01.00930.06027418.96320.50-.016691             12              9                    R 26      232523 9 4 3 3 1 4   440.0  424.0
151 5079.813810 7.463E-28 1.709E+00.00940.060 3891.92030.50-.016696              2              0                    P 19      454523 9 4 3 2 1 4   296.0  312.0
151 5080.019427 1.271E-71 1.551E+00.00930.06024761.76590.50-.016696              7              4                    P 40      242523 9 4 3 3 1 4   632.0  648.0
151 5081.313788 1.654E-69 9.577E+00.00930.06024052.41370.50-.016699             10              7                    P 27      232523 9 4 3 3 1 4   424.0  440.0
151 5082.323247 1.912E-78 3.032E+01.00930.06028577.23680.50-.016701             11              8                    R 33      232523 9 4 3 3 1 4   552.0  536.0
151 5084.032703 3.402E-37 1.607E+01.08640.215 8365.84450.76-.008934              5              3                    R  1      364523 9 4 3 2 1 4    40.0   24.0
151 5086.580275 6.432E-55 1.304E+01.00930.06017269.96580.50-.016711              4              2                    R 35      354523 9 4 3 2 1 4   584.0  568.0
151 5087.273642 1.148E-70 3.186E+00.00930.06024434.35190.50-.016712              8              5                    P 36      232523 9 4 3 3 1 4   568.0  584.0
151 5088.044008 2.247E-70 4.312E+01.07880.23524286.35810.71-.010977             13             10                    P  3      232523 9 4 3 3 1 4    40.0   56.0
151 5090.551151 4.670E-83 3.168E+01.00930.06030723.79550.50-.016720             15             11                    R 26      252523 9 5 3 4 1 4   440.0  424.0
151 5091.689613 2.183E-86 2.809E+00.00930.06031837.16940.50-.016722             15             10                    P 33      252523 9 5 3 4 1 4   520.0  536.0
151 5092.740979 2.297E-32 1.219E+01.03670.150 6217.10670.25-.012698              4              2                    P  7      364523 9 4 3 2 1 4   104.0  120.0
151 5093.797434 1.202E-48 2.120E+01.00930.06014332.67460.50-.016727              5              3                    R 25      354523 9 4 3 2 1 4   424.0  408.0
151 5097.021703 1.219E-72 4.187E+01.01000.06225728.19490.50-.016734             13             10                    R 14      232523 9 4 3 3 1 4   248.0  232.0
151 5099.479661 4.231E-37 1.728E+01.07820.224 8403.96730.72-.009726              5              3                    R  2      364523 9 4 3 2 1 4    56.0   40.0
151 5099.748134 5.632E-69 2.410E+01.01050.06623849.87830.50-.016740             12              9                    P 14      232523 9 4 3 3 1 4   216.0  232.0
151 5104.387206 6.962E-69 1.533E+01.00940.06023798.79340.50-.016751             11              8                    P 21      232523 9 4 3 3 1 4   328.0  344.0
151 5107.004631 1.856E-70 4.823E+01.08700.23024242.02980.69-.009370             13             10                    P  2      232523 9 4 3 3 1 4    24.0   40.0
151 5108.255436 2.982E-29 5.545E+00.01120.072 4713.58650.50-.016759              3              1                    P 13      454523 9 4 3 2 1 4   200.0  216.0
151 5109.071829 3.306E-80 1.669E+01.00940.06029179.90790.50-.016761             15             11                    P 21      252523 9 5 3 4 1 4   328.0  344.0
151 5109.260031 1.001E-47 2.116E+01.00930.06013887.01090.50-.016762              5              3                    R 24      354523 9 4 3 2 1 4   408.0  392.0
151 5113.696104 4.267E-37 1.800E+01.06800.218 8461.12100.71-.010417              5              3                    R  3      364523 9 4 3 2 1 4    72.0   56.0
151 5116.127864 2.970E-72 4.129E+01.01050.06525526.77380.50-.016777             13             10                    R 13      232523 9 4 3 3 1 4   232.0  216.0
151 5116.146137 1.167E-53 1.303E+01.00930.06016665.52540.50-.016777              4              2                    R 34      354523 9 4 3 2 1 4   568.0  552.0
151 5119.324140 3.810E-32 1.240E+01.04780.181 6080.12800.35-.012803              4              2                    P  6      364523 9 4 3 2 1 4    88.0  104.0
151 5120.102838 4.490E-27 1.720E+00.00950.060 3509.43870.50-.016786              2              0                    P 18      454523 9 4 3 2 1 4   280.0  296.0
151 5121.431335 1.537E-84 2.618E+01.00930.06031425.07490.50-.016789             14             10                    R 32      252523 9 5 3 4 1 4   536.0  520.0
151 5123.272417 7.720E-47 2.111E+01.00930.06013456.88830.50-.016793              5              3                    R 23      354523 9 4 3 2 1 4   392.0  376.0
151 5123.886701 1.072E-70 7.287E+01.09710.21724212.45690.65-.012060             13             10                    P  1      232523 9 4 3 3 1 4     8.0   24.0
151 5125.220281 4.087E-81 3.649E+01.00950.06029748.46020.50-.016797             16             12                    R 17      252523 9 5 3 4 1 4   296.0  280.0
151 5126.502663 2.857E-75 3.643E+01.00930.06027053.36990.50-.016800             12              9                    R 25      232523 9 4 3 3 1 4   424.0  408.0
151 5126.670528 3.679E-37 1.848E+01.05850.197 8537.26880.58-.012806              5              3                    R  4      364523 9 4 3 2 1 4    88.0   72.0
151 5130.378865 2.031E-79 2.638E+01.01240.08028779.91610.50-.016809             16             12                    P 12      252523 9 5 3 4 1 4   184.0  200.0
151 5132.743536 6.745E-72 4.069E+01.01120.07025339.00960.50-.016814             13             10                    R 12      232523 9 4 3 3 1 4   216.0  200.0
151 5135.844618 5.506E-46 2.105E+01.00930.06013042.57900.50-.016821              5              3                    R 22      354523 9 4 3 2 1 4   376.0  360.0
151 5137.815195 2.882E-69 5.584E+00.00930.06023851.52790.50-.016826              9              6                    P 31      232523 9 4 3 3 1 4   488.0  504.0
151 5138.391625 2.779E-37 1.884E+01.04680.169 8632.36190.35-.015394              5              3                    R  5      364523 9 4 3 2 1 4   104.0   88.0
151 5138.695187 4.844E-80 2.388E+01.00930.06029307.59250.50-.016827             10              7                    R 38      232523 9 4 3 3 1 4   632.0  616.0
151 5138.937323 1.979E-83 3.472E+00.00930.06030499.96820.50-.016828             12              8                    P 37      252523 9 5 3 4 1 4   584.0  600.0
151 5140.550716 1.429E-68 2.412E+01.01120.07223639.36540.50-.016832             12              9                    P 13      232523 9 4 3 3 1 4   200.0  216.0
151 5141.607699 5.676E-81 1.023E+01.00930.06029491.96720.50-.016834             14             10                    P 27      252523 9 5 3 4 1 4   424.0  440.0
151 5141.919837 9.614E-29 5.591E+00.01240.077 4454.59240.50-.016835              3              1                    P 12      454523 9 4 3 2 1 4   184.0  200.0
151 5144.184271 1.987E-52 1.302E+01.00930.06016073.96490.50-.016840              4              2                    R 33      354523 9 4 3 2 1 4   552.0  536.0
151 5144.715103 1.126E-68 9.410E+00.00930.06023641.11150.50-.016841             10              7                    P 26      232523 9 4 3 3 1 4   408.0  424.0
151 5144.787317 5.594E-32 1.269E+01.05890.213 5962.55740.46-.013007              4              2                    P  5      364523 9 4 3 2 1 4    72.0   88.0
151 5146.914836 1.425E-71 4.008E+01.01230.07525165.06470.50-.016846             13             10                    R 11      232523 9 4 3 3 1 4   200.0  184.0
151 5146.986384 3.627E-45 2.099E+01.00940.06012644.34520.50-.016846              5              3                    R 21      354523 9 4 3 2 1 4   360.0  344.0
151 5148.644794 1.656E-77 2.992E+01.00930.06028118.85460.50-.016850             11              8                    R 32      232523 9 4 3 3 1 4   536.0  520.0
151 5148.848294 1.863E-37 1.912E+01.03590.139 8746.33920.40-.016981              5              3                    R  6      364523 9 4 3 2 1 4   120.0  104.0
151 5151.370285 1.159E-70 2.469E+01.09740.21024197.66420.74-.004029             13             10                    R  0      232523 9 4 3 3 1 4    24.0    8.0
151 5156.707257 2.202E-44 2.092E+01.00940.06012262.43910.50-.016868              5              3                    R 20      354523 9 4 3 2 1 4   344.0  328.0
151 5157.358617 8.839E-84 8.444E+00.00940.06030728.35720.50-.016869             17             12                    P 21      252523 9 5 3 4 1 4   328.0  344.0
151 5157.757547 3.027E-68 1.520E+01.00940.06023480.07890.50-.016870             11              8                    P 20      232523 9 4 3 3 1 4   312.0  328.0
151 5158.029633 1.117E-37 1.936E+01.02790.111 8879.12770.29-.017367              5              3                    R  7      364523 9 4 3 2 1 4   136.0  120.0
151 5158.683931 2.796E-71 3.945E+01.01420.08525005.08910.50-.016872             13             10                    R 10      232523 9 4 3 3 1 4   184.0  168.0
151 5159.440525 2.459E-26 1.732E+00.00960.060 3145.72500.50-.016874              2              0                    P 17      454523 9 4 3 2 1 4   264.0  280.0
151 5160.894722 5.391E-86 2.099E+01.00930.06032094.30520.50-.016877             13              9                    R 37      252523 9 5 3 4 1 4   616.0  600.0
151 5161.945188 2.167E-70 2.989E+01.08640.22024212.45690.76-.009109             13             10                    R  1      232523 9 4 3 3 1 4    40.0   24.0
151 5162.186780 2.334E-70 1.509E+00.00930.06024145.40570.50-.016880              7              4                    P 39      242523 9 4 3 3 1 4   616.0  632.0
151 5164.037882 1.547E-69 3.088E+00.00930.06023880.92890.50-.016884              8              5                    P 35      232523 9 4 3 3 1 4   552.0  568.0
151 5165.016628 1.232E-43 2.085E+01.00940.06011897.10300.50-.016886              5              3                    R 19      354523 9 4 3 2 1 4   328.0  312.0
151 5165.924946 6.020E-38 1.956E+01.02170.096 9030.64220.30-.017651              5              3                    R  8      364523 9 4 3 2 1 4   152.0  136.0
151 5168.089443 5.084E-71 3.881E+01.01710.09724859.22010.35-.017424             13             10                    R  9      232523 9 4 3 3 1 4   168.0  152.0
151 5169.117209 7.175E-32 1.312E+01.07010.238 5864.46890.61-.013209              4              2                    P  4      364523 9 4 3 2 1 4    56.0   72.0
151 5169.623074 1.346E-84 1.762E+00.00930.06030932.27530.50-.016897             11              7                    P 41      252523 9 5 3 4 1 4   648.0  664.0
151 5170.388293 2.833E-70 3.233E+01.07820.22024242.02980.72-.009885             13             10                    R  2      232523 9 4 3 3 1 4    56.0   40.0
151 5170.707566 3.171E-51 1.300E+01.00930.06015495.64550.50-.016899              4              2                    R 32      354523 9 4 3 2 1 4   536.0  520.0
151 5171.923788 6.335E-43 2.077E+01.00940.06011548.56850.50-.016902              5              3                    R 18      354523 9 4 3 2 1 4   312.0  296.0
151 5172.016784 1.489E-74 3.592E+01.00930.06026699.24190.50-.016902             12              9                    R 24      232523 9 4 3 3 1 4   408.0  392.0
151 5172.523732 2.929E-38 1.973E+01.01710.088 9200.78580.35-.017434              5              3                    R  9      364523 9 4 3 2 1 4   168.0  152.0
151 5174.545164 2.804E-28 5.642E+00.01440.087 4214.90420.50-.016908              3              1                    P 11      464523 9 4 3 2 1 4   168.0  184.0
151 5175.166803 8.550E-71 3.815E+01.02170.10624727.58240.30-.017671             13             10                    R  8      232523 9 4 3 3 1 4   152.0  136.0
151 5176.682055 3.068E-70 3.386E+01.06800.21524286.35810.71-.010558             13             10                    R  3      232523 9 4 3 3 1 4    72.0   56.0
151 5177.437973 2.992E-42 2.069E+01.00950.06011217.05720.50-.016914              5              3                    R 17      354523 9 4 3 2 1 4   296.0  280.0
151 5177.815586 1.290E-38 1.989E+01.01420.077 9389.44930.50-.016915              5              3                    R 10      364523 9 4 3 2 1 4   184.0  168.0
151 5177.839324 7.326E-82 5.949E+00.00930.06029834.26930.50-.016915             13              9                    P 32      252523 9 5 3 4 1 4   504.0  520.0
151 5179.408180 3.369E-68 2.418E+01.01240.07723443.17540.50-.016919             12              9                    P 12      232523 9 4 3 3 1 4   184.0  200.0
151 5179.948613 1.326E-70 3.746E+01.02790.12324610.28850.29-.017416             13             10                    R  7      232523 9 4 3 3 1 4   136.0  120.0
151 5180.807147 2.903E-70 3.499E+01.05850.19424345.40420.58-.012928             13             10                    R  4      232523 9 4 3 3 1 4    88.0   72.0
151 5181.568407 1.296E-41 2.060E+01.00960.06010902.77970.50-.016924              5              3                    R 16      354523 9 4 3 2 1 4   280.0  264.0
151 5181.790551 5.152E-39 2.003E+01.01230.072 9596.51220.50-.016924              5              3                    R 11      364523 9 4 3 2 1 4   200.0  184.0
151 5182.059811 3.887E-79 2.625E+01.01440.09028622.58360.50-.016925             16             12                    P 11      252523 9 5 3 4 1 4   168.0  184.0
151 5182.464614 1.889E-70 3.672E+01.03590.14624507.43800.40-.017056             13             10                    R  6      232523 9 4 3 3 1 4   120.0  104.0
151 5182.742381 2.460E-70 3.592E+01.04680.17024419.11830.35-.015494             13             10                    R  5      232523 9 4 3 3 1 4   104.0   88.0
151 5183.465130 1.068E-80 3.585E+01.00960.06029531.16880.50-.016928             16             12                    R 16      252523 9 5 3 4 1 4   280.0  264.0
151 5183.557022 1.230E-55 6.658E+00.00930.06017485.71930.50-.016928              3              1                    R 39      454523 9 4 3 2 1 4   648.0  632.0
151 5184.324339 5.144E-41 2.050E+01.00970.06010605.93590.50-.016930              5              3                    R 15      354523 9 4 3 2 1 4   264.0  248.0
151 5184.438615 1.871E-39 2.016E+01.01120.068 9821.84190.50-.016930              5              3                    R 12      354523 9 4 3 2 1 4   216.0  200.0
151 5185.715074 1.867E-40 2.039E+01.01000.06210326.71490.50-.016933              5              3                    R 14      354523 9 4 3 2 1 4   248.0  232.0
151 5185.749999 6.189E-40 2.028E+01.01050.06510065.29470.50-.016933              5              3                    R 13      354523 9 4 3 2 1 4   232.0  216.0
151 5190.152589 1.131E-79 1.613E+01.00940.06028903.18070.50-.016943             15             11                    P 20      252523 9 5 3 4 1 4   312.0  328.0
151 5190.176628 2.122E-82 3.137E+01.00930.06030394.73500.50-.016943             15             11                    R 25      252523 9 5 3 4 1 4   424.0  408.0
151 5192.300674 7.850E-32 1.384E+01.07880.242 5785.92400.71-.011210              4              2                    P  3      364523 9 4 3 2 1 4    40.0   56.0
151 5195.727654 4.735E-50 1.298E+01.00930.06014930.92060.50-.016955              4              2                    R 31      354523 9 4 3 2 1 4   520.0  504.0
151 5197.811505 1.225E-25 1.745E+00.00970.061 2800.99630.50-.016960              2              0                    P 16      454523 9 4 3 2 1 4   248.0  264.0
151 5206.117067 7.384E-28 5.698E+00.01740.095 3994.66870.15-.014721              3              1                    P 10      464523 9 4 3 2 1 4   152.0  168.0
151 5206.246506 7.224E-68 9.262E+00.00930.06023242.35950.50-.016979             10              7                    P 25      232523 9 4 3 3 1 4   392.0  408.0
151 5207.118823 2.699E-68 5.456E+00.00930.06023374.12900.50-.016981              9              6                    P 30      232523 9 4 3 3 1 4   472.0  488.0
151 5209.233745 1.232E-67 1.509E+01.00940.06023174.90930.50-.016986             11              8                    P 19      232523 9 4 3 3 1 4   296.0  312.0
151 5211.335301 1.366E-76 2.943E+01.00930.06027670.22300.50-.016990             11              8                    R 31      232523 9 4 3 3 1 4   520.0  504.0
151 5214.324743 6.944E-32 1.545E+01.08700.229 5726.97200.69-.009610              4              2                    P  2      364523 9 4 3 2 1 4    24.0   40.0
151 5214.531486 7.317E-74 3.536E+01.00930.06026356.88680.50-.016997             12              9                    R 23      232523 9 4 3 3 1 4   392.0  376.0
151 5216.325899 7.365E-68 2.427E+01.01440.08723261.46670.50-.017001             12              9                    P 11      232523 9 4 3 3 1 4   168.0  184.0
151 5216.708842 5.804E-79 2.345E+01.00930.06028781.40310.50-.017002             10              7                    R 37      232523 9 4 3 3 1 4   616.0  600.0
151 5218.355980 3.139E-54 6.649E+00.00930.06016811.01050.50-.017006              3              1                    R 38      454523 9 4 3 2 1 4   632.0  616.0
151 5219.255400 6.601E-49 1.295E+01.00930.06014380.13530.50-.017008              4              2                    R 30      354523 9 4 3 2 1 4   504.0  488.0
151 5225.687044 1.269E-84 4.881E+00.00930.06031062.28300.50-.017022             16             11                    P 27      252523 9 5 3 4 1 4   424.0  440.0
151 5230.071547 6.964E-79 2.620E+01.01740.09028477.79260.15-.014775             16             12                    P 10      252523 9 5 3 4 1 4   152.0  168.0
151 5235.176646 4.190E-32 2.329E+01.09710.213 5687.65010.65-.012309              4              2                    P  1      364523 9 4 3 2 1 4     8.0   24.0
151 5235.200409 5.538E-25 1.758E+00.01000.063 2475.45850.50-.017044              2              0                    P 15      454523 9 4 3 2 1 4   232.0  248.0
151 5236.292770 3.351E-87 1.417E+00.00930.06032094.30520.50-.017046             14              9                    P 37      252523 9 5 3 4 1 4   584.0  600.0
151 5236.557299 2.626E-80 3.511E+01.00970.06029325.45310.50-.017047             16             12                    R 15      252523 9 5 3 4 1 4   264.0  248.0
151 5236.621151 1.751E-27 5.761E+00.02200.110 3794.02110.14-.014132              3              1                    P  9      464523 9 4 3 2 1 4   136.0  152.0
151 5239.002930 1.983E-68 3.001E+00.00930.06023338.23390.50-.017052              8              5                    P 34      232523 9 4 3 3 1 4   536.0  552.0
151 5240.325273 2.824E-80 9.634E+00.00930.06029133.72740.50-.017055             14             10                    P 26      252523 9 5 3 4 1 4   408.0  424.0
151 5241.300934 8.580E-48 1.292E+01.00930.06013843.62630.50-.017057              4              2                    R 29      354523 9 4 3 2 1 4   488.0  472.0
151 5242.593115 4.103E-69 1.472E+00.00930.06023538.81000.50-.017060              7              4                    P 38      242523 9 4 3 3 1 4   600.0  616.0
151 5249.800034 1.005E-83 2.601E+01.00930.06031020.88170.50-.017076             14             10                    R 31      252523 9 5 3 4 1 4   520.0  504.0
151 5251.307213 1.490E-67 2.441E+01.01740.09523094.38560.15-.014823             12              9                    P 10      232523 9 4 3 3 1 4   152.0  168.0
151 5251.626368 7.559E-53 6.636E+00.00930.06016148.20940.50-.017080              3              1                    R 37      454523 9 4 3 2 1 4   616.0  600.0
151 5254.145469 3.385E-73 3.476E+01.00930.06026026.59960.50-.017086             12              9                    R 22      232523 9 4 3 3 1 4   376.0  360.0
151 5258.831128 4.686E-67 1.500E+01.00950.06022883.52210.50-.017097             11              8                    P 18      232523 9 4 3 3 1 4   280.0  296.0
151 5261.873766 1.038E-46 1.289E+01.00930.06013321.72210.50-.017103              4              2                    R 28      354523 9 4 3 2 1 4   472.0  456.0
151 5265.034713 1.781E-82 3.069E+00.00930.06030006.77740.50-.017110             12              8                    P 36      252523 9 5 3 4 1 4   568.0  584.0
151 5265.933344 4.358E-67 9.134E+00.00930.06022856.45800.50-.017113             10              7                    P 24      232523 9 4 3 3 1 4   376.0  392.0
151 5266.043135 3.728E-27 5.834E+00.02870.126 3613.08460.13-.013641              3              1                    P  8      464523 9 4 3 2 1 4   120.0  136.0
151 5267.143210 3.667E-79 1.564E+01.00940.06028637.83640.50-.017115             15             11                    P 19      252523 9 5 3 4 1 4   296.0  312.0
151 5270.351179 3.381E-84 1.100E+01.00930.06030999.60870.50-.017122             17             12                    R 22      252523 9 5 3 4 1 4   376.0  360.0
151 5270.574978 1.071E-75 2.889E+01.00930.06027231.72990.50-.017123             11              8                    R 30      232523 9 4 3 3 1 4   504.0  488.0
151 5271.591889 2.270E-24 1.772E+00.01050.066 2169.30650.50-.017125              2              0                    P 14      454523 9 4 3 2 1 4   216.0  232.0
151 5273.313773 4.587E-32 7.836E+00.09740.201 5667.98300.74-.004302              4              2                    R  0      364523 9 4 3 2 1 4    24.0    8.0
151 5274.481127 1.165E-78 2.622E+01.02200.11028345.69270.14-.014217             16             12                    P  9      252523 9 5 3 4 1 4   136.0  152.0
151 5274.610238 2.391E-67 5.343E+00.00930.06022908.63480.50-.017132              9              6                    P 29      232523 9 4 3 3 1 4   456.0  472.0
151 5280.982896 1.167E-45 1.285E+01.00930.06012814.74210.50-.017146              4              2                    R 27      354523 9 4 3 2 1 4   456.0  440.0
151 5282.336016 9.122E-82 3.076E+01.00930.06030075.47310.50-.017149             15             11                    R 24      252523 9 5 3 4 1 4   408.0  392.0
151 5283.380180 1.714E-51 6.621E+00.00930.06015497.70730.50-.017152              3              1                    R 36      454523 9 4 3 2 1 4   600.0  584.0
151 5284.112759 2.750E-83 8.148E+00.00940.06030467.31780.50-.017153             17             12                    P 20      252523 9 5 3 4 1 4   312.0  328.0
151 5284.353243 2.782E-67 2.461E+01.02200.11022942.06600.14-.014239             12              9                    P  9      232523 9 4 3 3 1 4   136.0  152.0
151 5284.752383 6.074E-80 3.431E+01.01000.06029131.53640.50-.017155             16             12                    R 14      252523 9 5 3 4 1 4   248.0  232.0
151 5289.962916 4.957E-81 5.442E+00.00930.06029407.14960.50-.017166             13              9                    P 31      252523 9 5 3 4 1 4   488.0  504.0
151 5290.574509 8.322E-32 9.448E+00.08640.215 5687.65010.76-.009397              4              2                    R  1      364523 9 4 3 2 1 4    40.0   24.0
151 5290.741827 6.662E-78 2.295E+01.00930.06028263.67180.50-.017168             10              7                    R 36      232523 9 4 3 3 1 4   600.0  584.0
151 5290.947133 1.473E-72 3.415E+01.00940.06025708.66160.50-.017169             12              9                    R 21      232523 9 4 3 3 1 4   360.0  344.0
151 5294.368864 7.098E-27 5.921E+00.03670.150 3451.97030.25-.013149              3              1                    P  7      464523 9 4 3 2 1 4   104.0  120.0
151 5296.824748 1.353E-85 2.623E+00.00930.06031425.07490.50-.017182             15             10                    P 32      252523 9 5 3 4 1 4   504.0  520.0
151 5298.636903 1.217E-44 1.281E+01.00930.06012322.99720.50-.017186              4              2                    R 26      354523 9 4 3 2 1 4   440.0  424.0
151 5298.850782 1.902E-88 6.583E-01.00930.06032543.30510.50-.017186             13              8                    P 41      252523 9 5 3 4 1 4   648.0  664.0
151 5303.691654 5.926E-69 6.929E-01.00930.06023319.15330.50-.017197              6              3                    P 41      342523 9 4 3 3 1 4   648.0  664.0
151 5304.690955 1.530E-83 1.502E+00.00930.06030383.50990.50-.017199             11              7                    P 40      252523 9 5 3 4 1 4   632.0  648.0
151 5306.562022 1.664E-66 1.494E+01.00960.06022606.14330.50-.017204             11              8                    P 17      232523 9 4 3 3 1 4   264.0  280.0
151 5306.614065 1.030E-31 1.017E+01.07820.224 5726.97200.72-.010190              4              2                    R  2      364523 9 4 3 2 1 4    56.0   40.0
151 5306.970642 8.420E-24 1.786E+00.01120.072 1882.72390.50-.017204              2              0                    P 13      454523 9 4 3 2 1 4   200.0  216.0
151 5312.207140 2.416E-67 2.925E+00.00930.06022806.64750.50-.017216              8              5                    P 33      232523 9 4 3 3 1 4   520.0  536.0
151 5313.628240 3.653E-50 6.604E+00.00930.06014859.88890.50-.017219              3              1                    R 35      454523 9 4 3 2 1 4   584.0  568.0
151 5314.248063 4.776E-85 2.092E+01.00930.06031627.26530.50-.017221             13              9                    R 36      252523 9 5 3 4 1 4   600.0  584.0
151 5314.844035 1.176E-43 1.277E+01.00930.06011846.78920.50-.017222              4              2                    R 25      354523 9 4 3 2 1 4   424.0  408.0
151 5315.344105 1.815E-78 2.632E+01.02870.13028226.41920.13-.013752             16             12                    P  8      252523 9 5 3 4 1 4   120.0  136.0
151 5315.463668 4.781E-67 2.486E+01.02870.12622804.63020.13-.013752             12              9                    P  8      232523 9 4 3 3 1 4   120.0  136.0
151 5321.282194 6.887E-68 1.441E+00.00930.06022942.38960.50-.017236              7              4                    P 37      242523 9 4 3 3 1 4   584.0  600.0
151 5321.420776 1.030E-31 1.060E+01.06800.218 5785.92400.71-.010882              4              2                    R  3      364523 9 4 3 2 1 4    72.0   56.0
151 5321.584333 1.202E-26 6.029E+00.04780.181 3310.77750.35-.013256              3              1                    P  6      464523 9 4 3 2 1 4    88.0  104.0
151 5323.796820 2.469E-66 9.023E+00.00930.06022483.69590.50-.017242             10              7                    P 23      232523 9 4 3 3 1 4   360.0  376.0
151 5325.015550 6.016E-72 3.353E+01.00940.06025403.34160.50-.017245             12              9                    R 20      232523 9 4 3 3 1 4   344.0  328.0
151 5326.520191 7.962E-75 2.830E+01.00930.06026803.74880.50-.017248             11              8                    R 29      232523 9 4 3 3 1 4   488.0  472.0
151 5328.268672 1.320E-79 3.345E+01.01050.07028949.62640.50-.017252             16             12                    R 13      252523 9 5 3 4 1 4   232.0  216.0
151 5329.612283 1.051E-42 1.272E+01.00930.06011386.41060.50-.017255              4              2                    R 24      354523 9 4 3 2 1 4   408.0  392.0
151 5334.583804 1.342E-79 9.097E+00.00930.06028785.82660.50-.017266             14             10                    P 25      252523 9 5 3 4 1 4   392.0  408.0
151 5334.983226 8.784E-32 1.089E+01.05850.197 5864.46890.58-.013273              4              2                    R  4      364523 9 4 3 2 1 4    88.0   72.0
151 5340.208788 1.125E-78 1.520E+01.00950.06028384.14300.50-.017279             15             11                    P 18      252523 9 5 3 4 1 4   280.0  296.0
151 5340.318105 2.000E-66 5.244E+00.00930.06022455.38200.50-.017279              9              6                    P 28      232523 9 4 3 3 1 4   440.0  456.0
151 5341.321523 2.823E-23 1.802E+00.01240.077 1615.88260.50-.017281              2              0                    P 12      454523 9 4 3 2 1 4   184.0  200.0
151 5342.380287 7.303E-49 6.585E+00.00930.06014235.13130.50-.017284              3              1                    R 34      454523 9 4 3 2 1 4   568.0  552.0
151 5342.949449 8.671E-42 1.267E+01.00930.06010942.14460.50-.017285              4              2                    R 23      354523 9 4 3 2 1 4   392.0  376.0
151 5344.636399 7.532E-67 2.520E+01.03670.14022682.18790.25-.013262             12              9                    P  7      232523 9 4 3 3 1 4   104.0  120.0
151 5347.290257 6.543E-32 1.110E+01.04680.169 5962.55740.35-.015862              4              2                    R  5      364523 9 4 3 2 1 4   104.0   88.0
151 5347.675705 1.798E-26 6.173E+00.05890.213 3189.59310.46-.013461              3              1                    P  5      464523 9 4 3 2 1 4    72.0   88.0
151 5352.436071 5.505E-66 1.490E+01.00970.06122342.98690.50-.017306             11              8                    P 16      232523 9 4 3 3 1 4   248.0  264.0
151 5352.705846 2.623E-78 2.655E+01.03670.16328120.09390.25-.013280             16             12                    P  7      252523 9 5 3 4 1 4   104.0  120.0
151 5354.863209 6.599E-41 1.262E+01.00930.06010514.26480.50-.017312              4              2                    R 22      354523 9 4 3 2 1 4   376.0  360.0
151 5356.421860 2.305E-71 3.290E+01.00940.06025110.89580.50-.017315             12              9                    R 19      232523 9 4 3 3 1 4   328.0  312.0
151 5358.330970 4.312E-32 1.128E+01.03590.139 6080.12800.40-.017450              4              2                    R  6      364523 9 4 3 2 1 4   120.0  104.0
151 5361.029319 7.311E-77 2.239E+01.00930.06027754.83710.50-.017326             10              7                    R 35      232523 9 4 3 3 1 4   584.0  568.0
151 5365.361168 4.625E-40 1.256E+01.00940.06010103.03500.50-.017335              4              2                    R 21      354523 9 4 3 2 1 4   360.0  344.0
151 5367.294084 2.691E-79 3.258E+01.01120.07028779.91610.50-.017340             16             12                    R 12      252523 9 5 3 4 1 4   216.0  200.0
151 5367.723811 3.714E-81 2.997E+01.00930.06029766.36180.50-.017341             15             11                    R 23      252523 9 5 3 4 1 4   392.0  376.0
151 5368.094732 2.535E-32 1.143E+01.02790.111 6217.10670.29-.017837              4              2                    R  7      364523 9 4 3 2 1 4   136.0  120.0
151 5368.243161 6.234E-83 2.542E+01.00930.06030625.04920.50-.017342             14             10                    R 30      252523 9 5 3 4 1 4   504.0  488.0
151 5369.645485 1.367E-47 6.564E+00.00930.06013623.80420.50-.017345              3              1                    R 33      454523 9 4 3 2 1 4   552.0  536.0
151 5371.867832 1.082E-66 2.565E+01.04780.17522574.83690.35-.013368             12              9                    P  6      232523 9 4 3 3 1 4    88.0  104.0
151 5372.629323 2.341E-26 6.382E+00.07010.238 3088.49170.61-.013665              3              1                    P  4      464523 9 4 3 2 1 4    56.0   72.0
151 5374.450906 2.981E-39 1.251E+01.00940.060 9708.70910.50-.017356              4              2                    R 20      354523 9 4 3 2 1 4   344.0  328.0
151 5374.629174 8.533E-23 1.819E+00.01440.087 1368.94310.50-.017356              2              0                    P 11      464523 9 4 3 2 1 4   168.0  184.0
151 5376.571175 1.336E-32 1.155E+01.02170.096 6373.40770.30-.018123              4              2                    R  8      364523 9 4 3 2 1 4   152.0  136.0
151 5379.307491 5.611E-74 2.769E+01.00930.06026386.63950.50-.017366             11              8                    R 28      232523 9 4 3 3 1 4   472.0  456.0
151 5379.854468 1.312E-65 8.930E+00.00940.06022124.35110.50-.017368             10              7                    P 22      232523 9 4 3 3 1 4   344.0  360.0
151 5382.140026 1.764E-38 1.245E+01.00940.060 9331.53100.50-.017373              4              2                    R 19      354523 9 4 3 2 1 4   328.0  312.0
151 5383.682898 2.792E-66 2.859E+00.00930.06022286.54010.50-.017376              8              5                    P 32      232523 9 4 3 3 1 4   504.0  520.0
151 5383.750200 6.334E-33 1.166E+01.01710.088 6548.93280.35-.017907              4              2                    R  9      364523 9 4 3 2 1 4   168.0  152.0
151 5384.432145 5.521E-84 4.520E+00.00930.06030723.79550.50-.017378             16             11                    P 26      252523 9 5 3 4 1 4   408.0  424.0
151 5385.230311 8.269E-71 3.226E+01.00940.06024831.56790.50-.017380             12              9                    R 18      232523 9 4 3 3 1 4   312.0  296.0
151 5385.779916 1.554E-81 2.727E+00.00930.06029521.62560.50-.017381             12              8                    P 35      252523 9 5 3 4 1 4   552.0  568.0
151 5386.006761 1.291E-67 6.777E-01.00930.06022669.27630.50-.017381              6              3                    P 40      342523 9 4 3 3 1 4   632.0  648.0
151 5386.602309 3.497E-78 2.692E+01.04780.18128026.82430.35-.013401             16             12                    P  6      252523 9 5 3 4 1 4    88.0  104.0
151 5388.436189 9.577E-38 1.238E+01.00940.060 8971.73410.50-.017387              4              2                    R 18      354523 9 4 3 2 1 4   312.0  296.0
151 5389.621969 2.711E-33 1.177E+01.01420.077 6743.57220.50-.017390              4              2                    R 10      364523 9 4 3 2 1 4   184.0  168.0
151 5393.347152 4.760E-37 1.232E+01.00950.060 8629.54150.50-.017398              4              2                    R 17      354523 9 4 3 2 1 4   296.0  280.0
151 5394.176767 1.050E-33 1.186E+01.01230.072 6957.20400.50-.017400              4              2                    R 11      364523 9 4 3 2 1 4   200.0  184.0
151 5395.431958 2.392E-46 6.541E+00.00930.06013026.26980.50-.017403              3              1                    R 32      454523 9 4 3 2 1 4   536.0  520.0
151 5396.431734 2.593E-26 6.736E+00.07880.242 3007.53560.71-.011668              3              1                    P  3      464523 9 4 3 2 1 4    40.0   56.0
151 5396.460511 1.695E-65 1.488E+01.01000.06322094.25550.50-.017405             11              8                    P 15      232523 9 4 3 3 1 4   232.0  248.0
151 5396.880794 2.164E-36 1.225E+01.00960.060 8305.16550.50-.017406              4              2                    R 16      354523 9 4 3 2 1 4   280.0  264.0
151 5397.152947 1.406E-66 2.628E+01.05890.20522482.66280.46-.013572             12              9                    P  5      232523 9 4 3 3 1 4    72.0   88.0
151 5397.293280 3.224E-80 4.999E+00.00930.06028989.34310.50-.017407             13              9                    P 30      252523 9 5 3 4 1 4   472.0  488.0
151 5397.405500 3.685E-34 1.195E+01.01120.068 7189.69450.50-.017407              4              2                    R 12      354523 9 4 3 2 1 4   216.0  200.0
151 5398.291090 1.101E-66 1.414E+00.00930.06022356.54600.50-.017409              7              4                    P 36      242523 9 4 3 3 1 4   568.0  584.0
151 5399.045146 8.987E-36 1.218E+01.00970.060 7998.80780.50-.017411              4              2                    R 15      354523 9 4 3 2 1 4   264.0  248.0
151 5399.298994 1.174E-34 1.203E+01.01050.065 7440.89840.50-.017411              4              2                    R 13      354523 9 4 3 2 1 4   232.0  216.0
151 5399.848413 3.404E-35 1.211E+01.01000.062 7710.65890.50-.017412              4              2                    R 14      354523 9 4 3 2 1 4   248.0  232.0
151 5401.586185 8.065E-83 7.791E+00.00940.06030216.79830.50-.017416             17             12                    P 19      252523 9 5 3 4 1 4   296.0  312.0
151 5401.991411 5.142E-79 3.169E+01.01230.08028622.58360.50-.017417             16             12                    R 11      252523 9 5 3 4 1 4   200.0  184.0
151 5404.266450 1.577E-65 5.157E+00.00930.06022014.69670.50-.017422              9              6                    P 27      232523 9 4 3 3 1 4   424.0  440.0
151 5406.878682 2.322E-22 1.838E+00.01740.095 1142.05420.15-.015171              2              0                    P 10      466623 9 4 3 2 1 4   152.0  168.0
151 5409.489957 3.263E-78 1.481E+01.00960.06028142.35330.50-.017434             15             11                    P 17      252523 9 5 3 4 1 4   264.0  280.0
151 5411.499135 2.775E-70 3.163E+01.00950.06024565.58930.50-.017439             12              9                    R 17      232523 9 4 3 3 1 4   296.0  280.0
151 5412.010911 5.013E-51 2.243E+00.00930.06015060.16180.50-.017440              2              0                    R 39      454523 9 4 3 2 1 4   648.0  632.0
151 5417.061280 4.265E-78 2.749E+01.05890.20227946.70480.46-.013617             16             12                    P  5      252523 9 5 3 4 1 4    72.0   88.0
151 5419.069697 2.315E-26 7.524E+00.08700.229 2946.77480.69-.010069              3              1                    P  2      464523 9 4 3 2 1 4    24.0   40.0
151 5419.747359 3.905E-45 6.517E+00.00930.06012442.88260.50-.017457              3              1                    R 31      454523 9 4 3 2 1 4   520.0  504.0
151 5420.302245 1.320E-83 1.268E+01.00940.06030728.35720.50-.017458             17             12                    R 21      252523 9 5 3 4 1 4   360.0  344.0
151 5420.485394 1.632E-66 2.721E+01.07010.23022405.73880.61-.013772             12              9                    P  4      232523 9 4 3 3 1 4    56.0   72.0
151 5424.629233 6.071E-79 8.618E+00.00930.06028448.60610.50-.017468             14             10                    P 24      252523 9 5 3 4 1 4   376.0  392.0
151 5427.772133 7.660E-76 2.181E+01.00930.06027255.32260.50-.017475             10              7                    R 34      232523 9 4 3 3 1 4   568.0  552.0
151 5429.056820 3.740E-73 2.706E+01.00930.06025980.74830.50-.017478             11              8                    R 27      232523 9 4 3 3 1 4   456.0  440.0
151 5432.502366 9.191E-79 3.081E+01.01420.08728477.79260.50-.017486             16             12                    R 10      252523 9 5 3 4 1 4   184.0  168.0
151 5434.120563 6.521E-65 8.853E+00.00940.06021778.69030.50-.017489             10              7                    P 21      232523 9 4 3 3 1 4   328.0  344.0
151 5434.136732 1.699E-82 1.289E+00.00930.06029841.78530.50-.017489             11              7                    P 39      252523 9 5 3 4 1 4   616.0  632.0
151 5435.281291 8.699E-70 3.101E+01.00960.06024313.17890.50-.017492             12              9                    R 16      232523 9 4 3 3 1 4   280.0  264.0
151 5438.055135 5.674E-22 1.859E+00.02200.110  935.35250.14-.014583              2              0                    P  9      466623 9 4 3 2 1 4   136.0  152.0
151 5438.640416 4.850E-65 1.488E+01.01050.06621860.13990.50-.017499             11              8                    P 14      232523 9 4 3 3 1 4   216.0  232.0
151 5440.530209 1.406E-26 1.134E+01.09710.213 2906.24670.65-.012769              3              1                    P  1      464523 9 4 3 2 1 4     8.0   24.0
151 5441.857558 1.651E-66 2.878E+01.07880.23522344.12620.71-.011769             12              9                    P  3      232523 9 4 3 3 1 4    40.0   56.0
151 5442.598842 5.938E-44 6.491E+00.00930.06011873.98910.50-.017508              3              1                    R 30      454523 9 4 3 2 1 4   504.0  488.0
151 5444.102704 4.698E-78 2.841E+01.07010.21927879.81570.61-.013825             16             12                    P  4      252523 9 5 3 4 1 4    56.0   72.0
151 5446.053582 1.425E-49 2.234E+00.00930.06014362.97170.50-.017516              2              0                    R 38      454523 9 4 3 2 1 4   632.0  616.0
151 5446.889514 1.431E-80 2.903E+01.00930.06029467.73470.50-.017518             15             11                    R 22      252523 9 5 3 4 1 4   376.0  360.0
151 5453.457376 3.054E-65 2.801E+00.00930.06021778.27260.50-.017533              8              5                    P 31      232523 9 4 3 3 1 4   488.0  504.0
151 5454.674730 4.008E-84 2.031E+01.00930.06031167.25110.50-.017535             13              9                    R 35      252523 9 5 3 4 1 4   584.0  568.0
151 5454.771273 2.445E-86 1.192E+00.00930.06031627.26530.50-.017536             14              9                    P 36      252523 9 5 3 4 1 4   568.0  584.0
151 5456.625101 2.544E-69 3.039E+01.00970.06024074.54370.50-.017540             12              9                    R 15      232523 9 4 3 3 1 4   264.0  248.0
151 5458.950745 1.534E-78 2.994E+01.01710.09628345.69270.35-.018075             16             12                    R  9      252523 9 5 3 4 1 4   168.0  152.0
151 5461.260620 1.379E-66 3.224E+01.08700.23022297.87390.69-.010164             12              9                    P  2      232523 9 4 3 3 1 4    24.0   40.0
151 5463.993162 8.395E-43 6.465E+00.00930.06011319.92760.50-.017556              3              1                    R 29      454523 9 4 3 2 1 4   488.0  472.0
151 5466.475220 1.169E-64 5.083E+00.00930.06021586.89470.50-.017562              9              6                    P 26      232523 9 4 3 3 1 4   408.0  424.0
151 5466.721433 2.687E-66 6.647E-01.00930.06022029.36650.50-.017562              6              3                    P 39      342523 9 4 3 3 1 4   616.0  632.0
151 5467.739299 4.563E-78 3.003E+01.07880.22927826.22420.71-.011827             16             12                    P  3      252523 9 5 3 4 1 4    40.0   56.0
151 5468.143771 1.241E-21 1.883E+00.02870.126  748.96290.13-.014094              2              0                    P  8      466623 9 4 3 2 1 4   120.0  136.0
151 5473.651044 1.675E-65 1.391E+00.00930.06021781.67150.50-.017578              7              4                    P 35      242523 9 4 3 3 1 4   552.0  568.0
151 5475.106883 8.928E-78 1.447E+01.00970.06027912.70530.50-.017581             15             11                    P 16      252523 9 5 3 4 1 4   248.0  264.0
151 5475.574794 6.932E-69 2.978E+01.01000.06223849.87830.50-.017582             12              9                    R 14      232523 9 4 3 3 1 4   248.0  232.0
151 5475.874092 2.355E-72 2.642E+01.00930.06025586.40890.50-.017583             11              8                    R 26      232523 9 4 3 3 1 4   440.0  424.0
151 5476.833685 1.323E-77 1.642E+01.00930.06028055.28310.50-.017585              9              6                    R 39      232523 9 4 3 3 1 4   648.0  632.0
151 5478.086310 3.675E-82 2.456E+01.00930.06030238.01310.50-.017588             14             10                    R 29      252523 9 5 3 4 1 4   488.0  472.0
151 5478.611184 3.813E-48 2.225E+00.00930.06013678.22380.50-.017589              2              0                    R 37      454523 9 4 3 2 1 4   616.0  600.0
151 5478.684593 8.034E-67 4.880E+01.09710.21722267.01860.65-.012854             12              9                    P  1      232523 9 4 3 3 1 4     8.0   24.0
151 5478.978912 1.287E-64 1.491E+01.01120.07221640.81940.50-.017590             11              8                    P 13      232523 9 4 3 3 1 4   200.0  216.0
151 5479.868031 1.545E-26 3.821E+00.09740.201 2885.97640.74-.004765              3              1                    R  0      464523 9 4 3 2 1 4    24.0    8.0
151 5480.844471 7.664E-85 2.304E+00.00930.06031020.88170.50-.017594             15             10                    P 31      252523 9 5 3 4 1 4   488.0  504.0
151 5481.444944 2.387E-78 2.907E+01.02170.10728226.41920.30-.018358             16             12                    R  8      252523 9 5 3 4 1 4   152.0  136.0
151 5483.936757 1.102E-41 6.437E+00.00930.06010781.02810.50-.017601              3              1                    R 28      454523 9 4 3 2 1 4   472.0  456.0
151 5486.606474 3.030E-64 8.791E+00.00940.06021446.96930.50-.017607             10              7                    P 20      232523 9 4 3 3 1 4   312.0  328.0
151 5487.976940 3.702E-78 3.364E+01.08700.22627785.98370.69-.010223             16             12                    P  2      252523 9 5 3 4 1 4    24.0   40.0
151 5491.143126 7.648E-75 2.121E+01.00930.06026765.53740.50-.017617             10              7                    R 33      232523 9 4 3 3 1 4   552.0  536.0
151 5492.170971 1.757E-68 2.918E+01.01050.06523639.36540.50-.017619             12              9                    R 13      232523 9 4 3 3 1 4   232.0  216.0
151 5497.129992 2.421E-21 1.912E+00.03670.150  582.99800.25-.013603              2              0                    P  7      466623 9 4 3 2 1 4   104.0  120.0
151 5497.720597 2.797E-26 4.609E+00.08640.215 2906.24670.76-.009861              3              1                    R  1      464523 9 4 3 2 1 4    40.0   24.0
151 5500.079962 3.451E-78 2.821E+01.02790.12628120.09390.29-.018133             16             12                    R  7      252523 9 5 3 4 1 4   136.0  120.0
151 5500.152785 2.011E-79 4.611E+00.00930.06028581.24780.50-.017637             13              9                    P 29      252523 9 5 3 4 1 4   456.0  472.0
151 5501.616853 1.310E-80 2.438E+00.00930.06029044.96680.50-.017640             12              8                    P 34      252523 9 5 3 4 1 4   536.0  552.0
151 5502.435825 1.340E-40 6.408E+00.00930.06010257.61220.50-.017642              3              1                    R 27      454523 9 4 3 2 1 4   456.0  440.0
151 5504.814952 2.118E-78 5.100E+01.09710.21427759.13450.65-.012913             16             12                    P  1      252523 9 5 3 4 1 4     8.0   24.0
151 5506.451007 4.139E-68 2.859E+01.01120.07023443.17540.50-.017651             12              9                    R 12      232523 9 4 3 3 1 4   216.0  200.0
151 5507.549658 8.746E-67 1.660E+01.09740.21022251.58480.74-.004827             12              9                    R  0      232523 9 4 3 3 1 4    24.0    8.0
151 5509.690816 9.582E-47 2.215E+00.00930.06013006.31060.50-.017659              2              0                    R 36      454523 9 4 3 2 1 4   600.0  584.0
151 5510.668974 2.614E-78 8.193E+00.00930.06028122.39140.50-.017661             14             10                    P 23      252523 9 5 3 4 1 4   360.0  376.0
151 5510.840418 2.240E-82 7.424E+00.00950.06029977.08840.50-.017661             17             12                    P 18      252523 9 5 3 4 1 4   280.0  296.0
151 5514.346219 3.442E-26 4.964E+00.07820.224 2946.77480.72-.010656              3              1                    R  2      464523 9 4 3 2 1 4    56.0   40.0
151 5514.939023 4.620E-78 2.734E+01.03590.14928026.82430.40-.017801             16             12                    R  6      252523 9 5 3 4 1 4   120.0  104.0
151 5517.477361 3.165E-64 1.496E+01.01240.07721436.46150.50-.017676             11              8                    P 12      232523 9 4 3 3 1 4   184.0  200.0
151 5518.449399 9.041E-68 2.801E+01.01230.07523261.46670.50-.017678             12              9                    R 11      232523 9 4 3 3 1 4   200.0  184.0
151 5518.965142 1.634E-66 2.015E+01.08640.22022267.01860.76-.009908             12              9                    R  1      232523 9 4 3 3 1 4    40.0   24.0
151 5519.496396 1.509E-39 6.378E+00.00930.060 9749.99270.50-.017680              3              1                    R 26      454523 9 4 3 2 1 4   440.0  424.0
151 5519.853303 1.398E-71 2.578E+01.00930.06025203.94210.50-.017681             11              8                    R 25      232523 9 4 3 3 1 4   424.0  408.0
151 5520.278819 5.217E-80 2.802E+01.00940.06029179.90790.50-.017682             15             11                    R 21      252523 9 5 3 4 1 4   360.0  344.0
151 5521.553173 3.156E-64 2.752E+00.00930.06021282.19570.50-.017685              8              5                    P 30      232523 9 4 3 3 1 4   472.0  488.0
151 5524.999390 4.189E-21 1.948E+00.04780.181  437.55800.35-.013711              2              0                    P  6      466623 9 4 3 2 1 4    88.0  104.0
151 5526.094935 5.695E-78 2.646E+01.04680.17327946.70480.35-.016263             16             12                    R  5      252523 9 5 3 4 1 4   104.0   88.0
151 5526.960640 8.144E-64 5.021E+00.00930.06021172.28120.50-.017697              9              6                    P 25      232523 9 4 3 3 1 4   392.0  408.0
151 5528.198061 1.829E-67 2.744E+01.01420.08523094.38560.50-.017700             12              9                    R 10      232523 9 4 3 3 1 4   184.0  168.0
151 5528.257489 2.301E-78 1.745E+01.09740.20227745.70320.74-.004873             16             12                    R  0      252523 9 5 3 4 1 4    24.0    8.0
151 5528.350315 2.128E-66 2.185E+01.07820.22022297.87390.72-.010687             12              9                    R  2      232523 9 4 3 3 1 4    56.0   40.0
151 5529.733217 3.415E-26 5.175E+00.06800.218 3007.53560.71-.011349              3              1                    R  3      464523 9 4 3 2 1 4    72.0   56.0
151 5531.070591 2.259E-83 4.104E+00.00930.06030394.73500.50-.017706             16             11                    P 25      252523 9 5 3 4 1 4   392.0  408.0
151 5533.610915 6.417E-78 2.551E+01.05850.19227879.81570.58-.013718             16             12                    R  4      252523 9 5 3 4 1 4    88.0   72.0
151 5534.828993 4.367E-78 2.126E+01.08640.20627759.13450.76-.009944             16             12                    R  1      252523 9 5 3 4 1 4    40.0   24.0
151 5535.124387 1.569E-38 6.348E+00.00930.060 9258.47340.50-.017715              3              1                    R 25      454523 9 4 3 2 1 4   424.0  408.0
151 5535.161963 1.594E-87 4.919E-01.00930.06032022.92520.50-.017716             13              8                    P 40      252523 9 5 3 4 1 4   632.0  648.0
151 5535.689536 2.289E-66 2.295E+01.06800.21522344.12620.71-.011362             12              9                    R  3      232523 9 4 3 3 1 4    72.0   56.0
151 5535.726588 3.419E-67 2.687E+01.01710.09722942.06600.35-.018247             12              9                    R  9      232523 9 4 3 3 1 4   168.0  152.0
151 5537.162427 2.301E-77 1.418E+01.01000.06027695.42290.50-.017720             15             11                    P 15      252523 9 5 3 4 1 4   232.0  248.0
151 5537.320977 1.314E-63 8.744E+00.00940.06021129.43260.50-.017720             10              7                    P 19      232523 9 4 3 3 1 4   296.0  312.0
151 5537.541854 6.522E-78 2.445E+01.06800.20627826.22420.71-.011366             16             12                    R  3      252523 9 5 3 4 1 4    72.0   56.0
151 5537.934679 5.840E-78 2.315E+01.07820.21027785.98370.72-.010708             16             12                    R  2      252523 9 5 3 4 1 4    56.0   40.0
151 5539.298863 2.257E-45 2.205E+00.00930.06012347.61790.50-.017725              2              0                    R 35      454523 9 4 3 2 1 4   584.0  568.0
151 5540.965975 2.146E-66 2.379E+01.05850.19422405.73880.58-.013734             12              9                    R  4      232523 9 4 3 3 1 4    88.0   72.0
151 5541.062557 5.895E-67 2.630E+01.02170.10622804.63020.30-.018491             12              9                    R  8      232523 9 4 3 3 1 4   152.0  136.0
151 5543.870210 2.880E-26 5.319E+00.05850.197 3088.49170.58-.013741              3              1                    R  4      464523 9 4 3 2 1 4    88.0   72.0
151 5544.161567 1.794E-66 2.449E+01.04680.17022482.66280.35-.016303             12              9                    R  5      232523 9 4 3 3 1 4   104.0   88.0
151 5544.231352 9.343E-67 2.572E+01.02790.12322682.18790.29-.018232             12              9                    R  7      232523 9 4 3 3 1 4   136.0  120.0
151 5545.256943 1.356E-66 2.513E+01.03590.14622574.83690.40-.017869             12              9                    R  6      232523 9 4 3 3 1 4   120.0  104.0
151 5545.866308 5.334E-65 6.539E-01.00930.06021399.83570.50-.017740              6              3                    P 38      342523 9 4 3 3 1 4   600.0  616.0
151 5547.388192 2.416E-64 1.372E+00.00930.06021218.14920.50-.017743              7              4                    P 34      242523 9 4 3 3 1 4   536.0  552.0
151 5549.325667 1.505E-37 6.316E+00.00930.060 8783.34890.50-.017747              3              1                    R 24      454523 9 4 3 2 1 4   408.0  392.0
151 5551.221825 1.840E-76 1.588E+01.00930.06027496.08790.50-.017752              9              6                    R 38      232523 9 4 3 3 1 4   632.0  616.0
151 5551.292155 7.265E-74 2.060E+01.00930.06026285.87720.50-.017752             10              7                    R 32      232523 9 4 3 3 1 4   536.0  520.0
151 5551.737755 6.379E-21 1.995E+00.05890.213  312.73110.46-.013918              2              0                    P  5      466623 9 4 3 2 1 4    72.0   88.0
151 5551.972909 4.605E-83 1.366E+01.00940.06030467.31780.50-.017753             17             12                    R 20      252523 9 5 3 4 1 4   344.0  328.0
151 5554.135528 7.193E-64 1.504E+01.01440.08721247.22180.50-.017758             11              8                    P 11      232523 9 4 3 3 1 4   168.0  184.0
151 5556.746118 2.115E-26 5.429E+00.04680.169 3189.59310.35-.016331              3              1                    R  5      464523 9 4 3 2 1 4   104.0   88.0
151 5558.478907 1.837E-81 1.116E+00.00930.06029307.59250.50-.017768             11              7                    P 38      252523 9 5 3 4 1 4   600.0  616.0
151 5559.344480 2.319E-84 9.387E+00.00930.06031062.28300.50-.017770             16             11                    R 27      252523 9 5 3 4 1 4   456.0  440.0
151 5561.078259 7.822E-71 2.514E+01.00930.06024833.65670.50-.017774             11              8                    R 24      232523 9 4 3 3 1 4   408.0  392.0
151 5562.106096 1.329E-36 6.284E+00.00930.060 8324.90480.50-.017776              3              1                    R 23      454523 9 4 3 2 1 4   392.0  376.0
151 5567.441043 4.976E-44 2.195E+00.00930.06011702.52470.50-.017788              2              0                    R 34      454523 9 4 3 2 1 4   568.0  552.0
151 5568.350172 1.371E-26 5.517E+00.03590.139 3310.77750.40-.017921              3              1                    R  6      464523 9 4 3 2 1 4   120.0  104.0
151 5573.471580 1.080E-35 6.251E+00.00930.060 7883.41670.50-.017801              3              1                    R 22      454523 9 4 3 2 1 4   376.0  360.0
151 5577.331099 8.435E-21 2.064E+00.07010.238  208.59290.61-.014124              2              0                    P  4      466623 9 4 3 2 1 4    56.0   72.0
151 5578.671917 7.896E-27 5.592E+00.02790.111 3451.97030.29-.018309              3              1                    R  7      464523 9 4 3 2 1 4   136.0  120.0
151 5580.293817 2.061E-81 2.353E+01.00930.06029860.18760.50-.017817             14             10                    R 28      252523 9 5 3 4 1 4   472.0  456.0
151 5583.428104 8.059E-35 6.217E+00.00940.060 7459.15090.50-.017824              3              1                    R 21      454523 9 4 3 2 1 4   360.0  344.0
151 5584.511170 3.207E-83 1.941E+01.00930.06030714.76540.50-.017826             13              9                    R 34      252523 9 5 3 4 1 4   568.0  552.0
151 5585.735896 5.319E-63 4.969E+00.00930.06020771.15100.50-.017829              9              6                    P 24      232523 9 4 3 3 1 4   376.0  392.0
151 5586.270533 5.310E-63 8.712E+00.00950.06020826.31370.50-.017830             10              7                    P 18      232523 9 4 3 3 1 4   280.0  296.0
151 5587.701217 4.067E-27 5.658E+00.02170.096 3613.08460.30-.018596              3              1                    R  8      464523 9 4 3 2 1 4   152.0  136.0
151 5587.988861 3.075E-63 2.710E+00.00930.06020798.65060.50-.017834              8              5                    P 29      232523 9 4 3 3 1 4   456.0  472.0
151 5588.260380 1.797E-79 2.696E+01.00940.06028903.18070.50-.017835             15             11                    R 20      252523 9 5 3 4 1 4   344.0  328.0
151 5588.951799 1.508E-63 1.515E+01.01740.09521073.24420.15-.015579             11              8                    P 10      232523 9 4 3 3 1 4   152.0  168.0
151 5591.981774 5.514E-34 6.182E+00.00940.060 7052.36340.50-.017843              3              1                    R 20      454523 9 4 3 2 1 4   344.0  328.0
151 5592.879073 1.069E-77 7.817E+00.00940.06027807.49280.50-.017845             14             10                    P 22      252523 9 5 3 4 1 4   344.0  360.0
151 5594.122839 1.024E-42 2.184E+00.00930.06011071.40250.50-.017848              2              0                    R 33      454523 9 4 3 2 1 4   552.0  536.0
151 5595.428254 1.879E-27 5.716E+00.01710.088 3794.02110.35-.018381              3              1                    R  9      464523 9 4 3 2 1 4   168.0  152.0
151 5595.744659 5.578E-77 1.394E+01.01050.07027490.71600.50-.017851             15             11                    P 14      252523 9 5 3 4 1 4   216.0  232.0
151 5598.810155 1.201E-78 4.274E+00.00930.06028183.24500.50-.017858             13              9                    P 28      252523 9 5 3 4 1 4   440.0  456.0
151 5599.138844 3.455E-33 6.147E+00.00940.060 6663.30030.50-.017859              3              1                    R 19      454523 9 4 3 2 1 4   328.0  312.0
151 5599.623921 4.114E-70 2.451E+01.00930.06024475.84920.50-.017860             11              8                    R 23      232523 9 4 3 3 1 4   392.0  376.0
151 5601.485079 7.949E-65 2.678E-01.00930.06021145.86990.50-.017864              5              2                    P 41      342523 9 4 3 3 1 4   648.0  664.0
151 5601.765666 9.458E-21 2.179E+00.07880.242  125.20630.71-.012128              2              0                    P  3      466623 9 4 3 2 1 4    40.0   56.0
151 5601.843533 7.817E-28 5.770E+00.01420.077 3994.66870.50-.017865              3              1                    R 10      464523 9 4 3 2 1 4   184.0  168.0
151 5602.073121 6.058E-85 1.533E+01.00930.06031508.54950.50-.017865             12              8                    R 39      252523 9 5 3 4 1 4   648.0  632.0
151 5604.905747 1.980E-32 6.110E+00.00940.060 6292.19720.50-.017872              3              1                    R 18      454523 9 4 3 2 1 4   312.0  296.0
151 5606.937744 2.933E-28 5.820E+00.01230.072 4214.90420.50-.017876              3              1                    R 11      464523 9 4 3 2 1 4   200.0  184.0
151 5608.349981 6.555E-73 2.000E+01.00930.06025816.72490.50-.017880             10              7                    R 31      232523 9 4 3 3 1 4   520.0  504.0
151 5609.289120 1.036E-31 6.073E+00.00950.060 5939.27940.50-.017882              3              1                    R 17      454523 9 4 3 2 1 4   296.0  280.0
151 5610.702245 9.946E-29 5.867E+00.01120.068 4454.59240.50-.017885              3              1                    R 12      454523 9 4 3 2 1 4   216.0  200.0
151 5612.295828 4.947E-31 6.034E+00.00960.060 5604.76140.50-.017888              3              1                    R 16      454523 9 4 3 2 1 4   280.0  264.0
151 5612.638212 5.890E-82 7.071E+00.00960.06029748.46020.50-.017889             17             12                    P 17      252523 9 5 3 4 1 4   264.0  280.0
151 5612.908714 1.067E-79 2.192E+00.00930.06028577.23680.50-.017890             12              8                    P 33      252523 9 5 3 4 1 4   520.0  536.0
151 5613.128394 3.054E-29 5.911E+00.01050.065 4713.58650.50-.017890              3              1                    R 13      454523 9 4 3 2 1 4   232.0  216.0
151 5613.932982 2.151E-30 5.995E+00.00970.060 5288.84670.50-.017892              3              1                    R 15      454523 9 4 3 2 1 4   264.0  248.0
151 5614.207953 8.504E-30 5.954E+00.01000.062 4991.72790.50-.017893              3              1                    R 14      454523 9 4 3 2 1 4   248.0  232.0
151 5619.349049 1.966E-41 2.173E+00.00930.06010454.61580.50-.017904              2              0                    R 32      454523 9 4 3 2 1 4   536.0  520.0
151 5619.524171 3.300E-63 1.356E+00.00930.06020666.35310.50-.017905              7              4                    P 33      242523 9 4 3 3 1 4   520.0  536.0
151 5621.922992 2.910E-63 1.529E+01.02200.11020914.66100.14-.014995             11              8                    P  9      232523 9 4 3 3 1 4   136.0  152.0
151 5622.138399 2.451E-75 1.533E+01.00930.06026945.70200.50-.017910              9              6                    R 37      232523 9 4 3 3 1 4   616.0  600.0
151 5623.466805 1.008E-63 6.449E-01.00930.06020781.08750.50-.017913              6              3                    P 37      342523 9 4 3 3 1 4   584.0  600.0
151 5625.027953 8.525E-21 2.435E+00.08700.229   62.62220.69-.010530              2              0                    P  2      466623 9 4 3 2 1 4    24.0   40.0
151 5633.459523 1.997E-62 8.693E+00.00960.06020537.83490.50-.017936             10              7                    P 17      232523 9 4 3 3 1 4   264.0  280.0
151 5635.557999 2.032E-69 2.390E+01.00930.06024130.80380.50-.017940             11              8                    R 22      232523 9 4 3 3 1 4   376.0  360.0
151 5642.811214 3.252E-62 4.926E+00.00930.06020383.78840.50-.017957              9              6                    P 23      232523 9 4 3 3 1 4   360.0  376.0
151 5643.124277 3.512E-40 2.162E+00.00930.060 9852.52120.50-.017957              2              0                    R 31      454523 9 4 3 2 1 4   520.0  504.0
151 5647.104722 5.210E-21 3.673E+00.09710.213   20.87830.65-.013232              2              0                    P  1      466623 9 4 3 2 1 4     8.0   24.0
151 5649.680633 4.069E-84 1.962E+00.00930.06030625.04920.50-.017972             15             10                    P 30      252523 9 5 3 4 1 4   472.0  488.0
151 5650.928894 1.270E-76 1.375E+01.01120.07027298.78030.50-.017975             15             11                    P 13      252523 9 5 3 4 1 4   200.0  216.0
151 5651.065383 1.651E-85 9.498E-01.00930.06031167.25110.50-.017975             14              9                    P 35      252523 9 5 3 4 1 4   552.0  568.0
151 5651.143310 5.845E-79 2.590E+01.00940.06028637.83640.50-.017975             15             11                    R 19      252523 9 5 3 4 1 4   328.0  312.0
151 5652.779461 2.820E-62 2.675E+00.00930.06020327.96890.50-.017979              8              5                    P 28      232523 9 4 3 3 1 4   440.0  456.0
151 5653.044991 5.151E-63 1.548E+01.02870.12620771.59240.13-.014508             11              8                    P  8      232523 9 4 3 3 1 4   120.0  136.0
151 5662.431370 5.608E-72 1.939E+01.00930.06025358.45040.50-.018001             10              7                    R 30      232523 9 4 3 3 1 4   504.0  488.0
151 5665.452898 5.828E-39 2.150E+00.00930.060 9265.46770.50-.018007              2              0                    R 30      454523 9 4 3 2 1 4   504.0  488.0
151 5667.706691 8.797E-83 3.706E+00.00930.06030075.47310.50-.018012             16             11                    P 24      252523 9 5 3 4 1 4   376.0  392.0
151 5668.917525 1.427E-82 1.370E+01.00940.06030216.79830.50-.018015             17             12                    R 19      252523 9 5 3 4 1 4   328.0  312.0
151 5668.941275 9.412E-69 2.329E+01.00940.06023798.79340.50-.018015             11              8                    R 21      232523 9 4 3 3 1 4   360.0  344.0
151 5671.410123 4.148E-77 7.488E+00.00940.06027504.20560.50-.018021             14             10                    P 21      252523 9 5 3 4 1 4   328.0  344.0
151 5675.603060 1.098E-80 2.244E+01.00930.06029491.96720.50-.018030             14             10                    R 27      252523 9 5 3 4 1 4   456.0  440.0
151 5678.137240 1.931E-80 9.744E-01.00930.06028781.40310.50-.018036             11              7                    P 37      252523 9 5 3 4 1 4   584.0  600.0
151 5678.890468 6.975E-62 8.689E+00.00970.06120264.20730.50-.018038             10              7                    P 16      232523 9 4 3 3 1 4   248.0  264.0
151 5682.312458 8.333E-63 1.571E+01.03670.14020644.14670.25-.014018             11              8                    P  7      232523 9 4 3 3 1 4   104.0  120.0
151 5682.858329 1.965E-63 2.642E-01.00930.06020472.17270.50-.018046              5              2                    P 40      342523 9 4 3 3 1 4   632.0  648.0
151 5686.339120 8.968E-38 2.138E+00.00930.060 8693.79610.50-.018054              2              0                    R 29      454523 9 4 3 2 1 4   488.0  472.0
151 5687.650137 5.748E-21 1.238E+00.09740.201    0.00000.74-.005230              2              0                    R  0      466623 9 4 3 2 1 4    24.0    8.0
151 5689.750888 3.121E-74 1.479E+01.00930.06026404.55430.50-.018062              9              6                    R 36      232523 9 4 3 3 1 4   600.0  584.0
151 5690.076638 4.259E-62 1.343E+00.00930.06020126.64820.50-.018063              7              4                    P 32      242523 9 4 3 3 1 4   504.0  520.0
151 5693.491515 6.861E-78 3.982E+00.00930.06027795.70010.50-.018070             13              9                    P 27      252523 9 5 3 4 1 4   424.0  440.0
151 5698.194284 1.858E-61 4.893E+00.00940.06020010.46730.50-.018081              9              6                    P 22      232523 9 4 3 3 1 4   344.0  360.0
151 5699.543725 1.808E-62 6.376E-01.00930.06020173.51710.50-.018084              6              3                    P 36      342523 9 4 3 3 1 4   568.0  584.0
151 5699.828981 4.083E-68 2.271E+01.00940.06023480.07890.50-.018084             11              8                    R 20      232523 9 4 3 3 1 4   344.0  328.0
151 5699.891597 1.150E-81 3.999E-01.00930.06029198.31670.50-.018085             10              6                    P 41      252523 9 5 3 4 1 4   648.0  664.0
151 5702.779350 2.709E-76 1.360E+01.01240.08027119.79830.50-.018091             15             11                    P 12      252523 9 5 3 4 1 4   184.0  200.0
151 5705.274578 2.451E-82 1.837E+01.00930.06030270.28620.50-.018097             13              9                    R 33      252523 9 5 3 4 1 4   552.0  536.0
151 5705.787055 1.278E-36 2.127E+00.00930.060 8137.83920.50-.018098              2              0                    R 28      454523 9 4 3 2 1 4   472.0  456.0
151 5706.093749 1.038E-20 1.494E+00.08640.215   20.87830.76-.010328              2              0                    R  1      466623 9 4 3 2 1 4    40.0   24.0
151 5707.557063 1.468E-81 6.746E+00.00970.06029531.16880.50-.018102             17             12                    P 16      252523 9 5 3 4 1 4   248.0  264.0
151 5709.190227 1.793E-78 2.484E+01.00940.06028384.14300.50-.018105             15             11                    R 18      252523 9 5 3 4 1 4   312.0  296.0
151 5709.719024 1.226E-62 1.602E+01.04780.17520532.42030.35-.014125             11              8                    P  6      232523 9 4 3 3 1 4    88.0  104.0
151 5713.637595 4.541E-71 1.880E+01.00930.06024911.41160.50-.018115             10              7                    R 29      232523 9 4 3 3 1 4   488.0  472.0
151 5715.936847 2.430E-61 2.646E+00.00930.06019870.47200.50-.018121              8              5                    P 27      232523 9 4 3 3 1 4   424.0  440.0
151 5719.956509 8.371E-79 1.984E+00.00930.06028118.85460.50-.018130             12              8                    P 32      252523 9 5 3 4 1 4   504.0  520.0
151 5722.564219 2.261E-61 8.698E+00.01000.06320005.63070.50-.018135             10              7                    P 15      232523 9 4 3 3 1 4   232.0  248.0
151 5723.301788 1.270E-20 1.610E+00.07820.224   62.62220.72-.011124              2              0                    R  2      466623 9 4 3 2 1 4    56.0   40.0
151 5723.800768 1.683E-35 2.115E+00.00930.060 7597.92130.50-.018138              2              0                    R 27      454523 9 4 3 2 1 4   456.0  440.0
151 5728.271362 1.656E-67 2.214E+01.00940.06023174.90930.50-.018148             11              8                    R 19      232523 9 4 3 3 1 4   328.0  312.0
151 5735.257365 1.626E-62 1.644E+01.05890.20520436.49780.46-.014329             11              8                    P  5      232523 9 4 3 3 1 4    72.0   88.0
151 5736.709704 1.176E-83 1.014E+01.00930.06030723.79550.50-.018167             16             11                    R 26      252523 9 5 3 4 1 4   440.0  424.0
151 5739.262524 1.250E-20 1.679E+00.06800.218  125.20630.71-.011818              2              0                    R  3      466623 9 4 3 2 1 4    72.0   56.0
151 5740.384335 2.045E-34 2.102E+00.00930.060 7074.35780.50-.018175              2              0                    R 26      454523 9 4 3 2 1 4   440.0  424.0
151 5744.407780 6.219E-84 1.438E+01.00930.06031000.72410.50-.018184             12              8                    R 38      252523 9 5 3 4 1 4   632.0  616.0
151 5746.390903 1.524E-76 7.201E+00.00940.06027212.81090.50-.018189             14             10                    P 20      252523 9 5 3 4 1 4   312.0  328.0
151 5746.650483 1.248E-86 3.496E-01.00930.06031508.54950.50-.018189             13              8                    P 39      252523 9 5 3 4 1 4   616.0  632.0
151 5751.350505 5.408E-76 1.351E+01.01440.09026953.93880.50-.018200             15             11                    P 11      252523 9 5 3 4 1 4   168.0  184.0
151 5751.890533 9.906E-61 4.869E+00.00940.06019651.45110.50-.018201              9              6                    P 21      232523 9 4 3 3 1 4   328.0  344.0
151 5753.964562 1.042E-20 1.726E+00.05850.197  208.59290.58-.014211              2              0                    R  4      466623 9 4 3 2 1 4    88.0   72.0
151 5754.204457 3.792E-73 1.426E+01.00930.06025873.06090.50-.018206              9              6                    R 35      232523 9 4 3 3 1 4   584.0  568.0
151 5754.314280 6.274E-67 2.158E+01.00940.06022883.52210.50-.018206             11              8                    R 18      232523 9 4 3 3 1 4   312.0  296.0
151 5755.541887 2.290E-33 2.090E+00.00930.060 6567.45530.50-.018209              2              0                    R 25      454523 9 4 3 2 1 4   424.0  408.0
151 5758.919262 1.919E-62 1.705E+01.07010.23020356.45150.61-.014530             11              8                    P  4      232523 9 4 3 3 1 4    56.0   72.0
151 5759.059716 5.183E-61 1.333E+00.00930.06019599.39070.50-.018217              7              4                    P 31      242523 9 4 3 3 1 4   488.0  504.0
151 5762.058461 3.476E-70 1.822E+01.00930.06024475.95460.50-.018224             10              7                    R 28      232523 9 4 3 3 1 4   472.0  456.0
151 5762.626371 5.183E-78 2.380E+01.00950.06028142.35330.50-.018225             15             11                    R 17      252523 9 5 3 4 1 4   296.0  280.0
151 5762.783950 4.625E-62 2.614E-01.00930.06019809.02530.50-.018225              5              2                    P 39      342523 9 4 3 3 1 4   616.0  632.0
151 5764.480121 6.787E-61 8.720E+00.01050.06619762.29370.50-.018229             10              7                    P 14      232523 9 4 3 3 1 4   216.0  232.0
151 5764.597079 5.563E-80 2.129E+01.00930.06029133.72740.50-.018230             14             10                    R 26      252523 9 5 3 4 1 4   440.0  424.0
151 5767.396848 7.544E-21 1.763E+00.04680.169  312.73110.35-.016803              2              0                    R  5      466623 9 4 3 2 1 4   104.0   88.0
151 5769.277649 2.359E-32 2.077E+00.00930.060 6077.51160.50-.018240              2              0                    R 24      454523 9 4 3 2 1 4   408.0  392.0
151 5774.113785 3.075E-61 6.317E-01.00930.06019577.51160.50-.018251              6              3                    P 35      342523 9 4 3 3 1 4   552.0  568.0
151 5774.342107 4.085E-82 1.334E+01.00940.06029977.08840.50-.018251             17             12                    R 18      252523 9 5 3 4 1 4   312.0  296.0
151 5777.470101 1.964E-60 2.623E+00.00930.06019426.47200.50-.018258              8              5                    P 26      232523 9 4 3 3 1 4   408.0  424.0
151 5777.999752 2.217E-66 2.105E+01.00950.06022606.14330.50-.018260             11              8                    R 17      232523 9 4 3 3 1 4   296.0  280.0
151 5779.548679 4.804E-21 1.792E+00.03590.139  437.55800.40-.018394              2              0                    R  6      466623 9 4 3 2 1 4   120.0  104.0
151 5780.695653 1.969E-62 1.807E+01.07880.23520292.34190.71-.012528             11              8                    P  3      232523 9 4 3 3 1 4    40.0   56.0
151 5781.595984 2.232E-31 2.065E+00.00930.060 5604.81460.50-.018268              2              0                    R 23      454523 9 4 3 2 1 4   392.0  376.0
151 5784.388593 3.739E-77 3.730E+00.00930.06027418.96320.50-.018274             13              9                    P 26      252523 9 5 3 4 1 4   408.0  424.0
151 5790.409706 2.713E-21 1.818E+00.02790.111  582.99800.29-.018783              2              0                    R  7      466623 9 4 3 2 1 4   136.0  120.0
151 5792.501422 1.937E-30 2.052E+00.00930.060 5149.64320.50-.018292              2              0                    R 22      454523 9 4 3 2 1 4   376.0  360.0
151 5793.456460 1.968E-79 8.588E-01.00930.06028263.67180.50-.018294             11              7                    P 36      252523 9 5 3 4 1 4   568.0  584.0
151 5795.647064 3.266E-82 3.344E+00.00930.06029766.36180.50-.018299             16             11                    P 23      252523 9 5 3 4 1 4   360.0  376.0
151 5796.048773 3.463E-81 6.455E+00.01000.06029325.45310.50-.018300             17             12                    P 15      252523 9 5 3 4 1 4   232.0  248.0
151 5796.688219 1.008E-75 1.347E+01.01740.09026801.35730.15-.016044             15             11                    P 10      252523 9 5 3 4 1 4   152.0  168.0
151 5799.366398 7.298E-66 2.053E+01.00960.06022342.98690.50-.018307             11              8                    R 16      232523 9 4 3 3 1 4   280.0  264.0
151 5799.969942 1.365E-21 1.840E+00.02170.096  748.96290.30-.019071              2              0                    R  8      466623 9 4 3 2 1 4   152.0  136.0
151 5800.576678 1.664E-62 2.028E+01.08700.23020244.21730.69-.010924             11              8                    P  2      232523 9 4 3 3 1 4    24.0   40.0
151 5801.998692 1.540E-29 2.039E+00.00940.060 4712.26610.50-.018313              2              0                    R 21      454523 9 4 3 2 1 4   360.0  344.0
151 5803.903368 4.922E-60 4.853E+00.00940.06019306.99250.50-.018318              9              6                    P 20      232523 9 4 3 3 1 4   312.0  328.0
151 5804.636169 1.885E-60 8.757E+00.01120.07219534.37340.50-.018319             10              7                    P 13      232523 9 4 3 3 1 4   200.0  216.0
151 5806.820943 2.064E-83 1.659E+00.00930.06030238.01310.50-.018324             15             10                    P 29      252523 9 5 3 4 1 4   456.0  472.0
151 5807.773967 2.510E-69 1.766E+01.00930.06024052.41370.50-.018326             10              7                    R 27      232523 9 4 3 3 1 4   456.0  440.0
151 5808.219764 6.147E-22 1.860E+00.01710.088  935.35250.35-.018858              2              0                    R  9      466623 9 4 3 2 1 4   168.0  152.0
151 5810.092749 1.119E-28 2.026E+00.00940.060 4292.94220.50-.018331              2              0                    R 20      454523 9 4 3 2 1 4   344.0  328.0
151 5811.646522 1.409E-77 2.280E+01.00960.06027912.70530.50-.018335             15             11                    R 16      252523 9 5 3 4 1 4   280.0  264.0
151 5815.149915 2.483E-22 1.878E+00.01420.077 1142.05420.50-.018343              2              0                    R 10      466623 9 4 3 2 1 4   184.0  168.0
151 5815.625700 4.389E-72 1.374E+01.00930.06025351.62540.50-.018344              9              6                    R 34      232523 9 4 3 3 1 4   568.0  552.0
151 5816.788801 7.429E-28 2.013E+00.00940.060 3891.92030.50-.018346              2              0                    R 19      454523 9 4 3 2 1 4   328.0  312.0
151 5817.932292 5.290E-76 6.951E+00.00940.06026933.57580.50-.018349             14             10                    P 19      252523 9 5 3 4 1 4   296.0  312.0
151 5818.052507 1.790E-81 1.725E+01.00930.06029834.26930.50-.018349             13              9                    R 32      252523 9 5 3 4 1 4   536.0  520.0
151 5818.449837 2.234E-65 2.003E+01.00970.06022094.25550.50-.018350             11              8                    R 15      232523 9 4 3 3 1 4   264.0  248.0
151 5818.551706 9.771E-63 3.075E+01.09710.21720212.11410.65-.013616             11              8                    P  1      232523 9 4 3 3 1 4     8.0   24.0
151 5820.751381 9.025E-23 1.896E+00.01230.072 1368.94310.50-.018355              2              0                    R 11      464523 9 4 3 2 1 4   200.0  184.0
151 5822.092326 4.497E-27 1.999E+00.00940.060 3509.43870.50-.018358              2              0                    R 18      454523 9 4 3 2 1 4   312.0  296.0
151 5823.012292 6.312E-78 1.810E+00.00930.06027670.22300.50-.018360             12              8                    P 31      252523 9 5 3 4 1 4   488.0  504.0
151 5823.442666 1.503E-80 3.413E-01.00930.06028622.84500.50-.018361             10              6                    P 40      252523 9 5 3 4 1 4   632.0  648.0
151 5825.015849 2.956E-23 1.912E+00.01120.068 1615.88260.50-.018365              2              0                    R 12      454523 9 4 3 2 1 4   216.0  200.0
151 5826.009095 2.479E-26 1.986E+00.00950.060 3145.72500.50-.018367              2              0                    R 17      454523 9 4 3 2 1 4   296.0  280.0
151 5826.484382 5.937E-60 1.325E+00.00930.06019084.92730.50-.018368              7              4                    P 30      242523 9 4 3 3 1 4   472.0  488.0
151 5827.935075 8.740E-24 1.928E+00.01050.065 1882.72390.50-.018371              2              0                    R 13      454523 9 4 3 2 1 4   232.0  216.0
151 5828.545185 1.243E-25 1.972E+00.00960.060 2800.99630.50-.018373              2              0                    R 16      454523 9 4 3 2 1 4   280.0  264.0
151 5829.501269 2.337E-24 1.943E+00.01000.062 2169.30650.50-.018375              2              0                    R 14      454523 9 4 3 2 1 4   248.0  232.0
151 5829.706998 5.659E-25 1.957E+00.00970.060 2475.45850.50-.018375              2              0                    R 15      454523 9 4 3 2 1 4   264.0  248.0
151 5831.740830 1.058E-84 7.405E-01.00930.06030714.76540.50-.018380             14              9                    P 34      252523 9 5 3 4 1 4   536.0  552.0
151 5835.283022 6.355E-65 1.955E+01.01000.06221860.13990.50-.018388             11              8                    R 14      232523 9 4 3 3 1 4   248.0  232.0
151 5837.385820 1.486E-59 2.605E+00.00930.06018996.27090.50-.018393              8              5                    P 25      232523 9 4 3 3 1 4   392.0  408.0
151 5838.830666 1.749E-75 1.347E+01.02200.11026662.19600.14-.015481             15             11                    P  9      252523 9 5 3 4 1 4   136.0  152.0
151 5841.277387 1.035E-60 2.591E-01.00930.06019156.83500.50-.018401              5              2                    P 38      342523 9 4 3 3 1 4   600.0  616.0
151 5843.029137 4.831E-60 8.809E+00.01240.07719322.03560.50-.018405             10              7                    P 12      232523 9 4 3 3 1 4   184.0  200.0
151 5847.190073 4.943E-60 6.272E-01.00930.06018993.44970.50-.018415              6              3                    P 34      342523 9 4 3 3 1 4   536.0  552.0
151 5847.748280 2.675E-79 2.016E+01.00930.06028785.82660.50-.018416             14             10                    R 25      252523 9 5 3 4 1 4   424.0  408.0
151 5848.737545 1.071E-62 1.050E+01.09740.21020196.05640.74-.005591             11              8                    R  0      232523 9 4 3 3 1 4    24.0    8.0
151 5849.896539 1.677E-64 1.908E+01.01050.06521640.81940.50-.018421             11              8                    R 13      232523 9 4 3 3 1 4   232.0  216.0
151 5850.855684 1.708E-68 1.712E+01.00930.06023641.11150.50-.018423             10              7                    R 26      232523 9 4 3 3 1 4   440.0  424.0
151 5854.234394 2.275E-59 4.845E+00.00940.06018977.33360.50-.018430              9              6                    P 19      232523 9 4 3 3 1 4   296.0  312.0
151 5856.420286 3.605E-77 2.184E+01.00970.06027695.42290.50-.018435             15             11                    R 15      252523 9 5 3 4 1 4   264.0  248.0
151 5860.923420 2.000E-62 1.277E+01.08640.22020212.11410.76-.010674             11              8                    R  1      232523 9 4 3 3 1 4    40.0   24.0
151 5862.318863 4.099E-64 1.863E+01.01120.07021436.46150.50-.018448             11              8                    R 12      232523 9 4 3 3 1 4   216.0  200.0
151 5867.894166 7.029E-74 9.753E+00.00930.06026155.03100.50-.018461              8              5                    R 39      232523 9 4 3 3 1 4   648.0  632.0
151 5869.924286 1.092E-81 1.279E+01.00950.06029748.46020.50-.018465             17             12                    R 17      252523 9 5 3 4 1 4   296.0  280.0
151 5871.153429 2.593E-62 1.387E+01.07820.22020244.21730.72-.011455             11              8                    R  2      232523 9 4 3 3 1 4    56.0   40.0
151 5871.664933 1.941E-76 3.511E+00.00930.06027053.36990.50-.018469             13              9                    P 25      252523 9 5 3 4 1 4   392.0  408.0
151 5872.576582 9.265E-64 1.819E+01.01230.07521247.22180.50-.018471             11              8                    R 11      232523 9 4 3 3 1 4   200.0  184.0
151 5874.125615 4.829E-71 1.324E+01.00930.06024840.63970.50-.018475              9              6                    R 33      232523 9 4 3 3 1 4   552.0  536.0
151 5876.912265 6.132E-83 1.335E+01.00930.06030499.96820.50-.018481             12              8                    R 37      252523 9 5 3 4 1 4   616.0  600.0
151 5877.809168 2.816E-75 1.353E+01.02870.13026536.58400.13-.015012             15             11                    P  8      252523 9 5 3 4 1 4   120.0  136.0
151 5878.474772 7.727E-81 6.200E+00.01050.07029131.53640.50-.018485             17             12                    P 14      252523 9 5 3 4 1 4   216.0  232.0
151 5879.413268 2.769E-62 1.460E+01.06800.21520292.34190.71-.012132             11              8                    R  3      232523 9 4 3 3 1 4    72.0   56.0
151 5879.654797 1.141E-59 8.876E+00.01440.08719125.43440.50-.018487             10              7                    P 11      232523 9 4 3 3 1 4   168.0  184.0
151 5880.694589 1.934E-63 1.777E+01.01420.08521073.24420.50-.018490             11              8                    R 10      232523 9 4 3 3 1 4   184.0  168.0
151 5885.687871 2.569E-62 1.517E+01.05850.19420356.45150.58-.014507             11              8                    R  4      232523 9 4 3 3 1 4    88.0   72.0
151 5886.129805 1.733E-75 6.738E+00.00950.06026666.75360.50-.018502             14             10                    P 18      252523 9 5 3 4 1 4   280.0  296.0
151 5886.696255 3.719E-63 1.735E+01.01710.09720914.66100.35-.019033             11              8                    R  9      232523 9 4 3 3 1 4   168.0  152.0
151 5889.961373 2.120E-62 1.565E+01.04680.17020436.49780.35-.017078             11              8                    R  5      232523 9 4 3 3 1 4   104.0   88.0
151 5890.603648 6.575E-63 1.693E+01.02170.10620771.59240.30-.019274             11              8                    R  8      232523 9 4 3 3 1 4   152.0  136.0
151 5891.367895 1.093E-67 1.659E+01.00930.06023242.35950.50-.018513             10              7                    R 25      232523 9 4 3 3 1 4   424.0  408.0
151 5892.217065 1.577E-62 1.610E+01.03590.14620532.42030.40-.018646             11              8                    R  6      232523 9 4 3 3 1 4   120.0  104.0
151 5892.358808 6.388E-59 1.320E+00.00930.06018583.59580.50-.018516              7              4                    P 29      242523 9 4 3 3 1 4   456.0  472.0
151 5892.437345 1.066E-62 1.652E+01.02790.12320644.14670.29-.019012             11              8                    R  7      232523 9 4 3 3 1 4   136.0  120.0
151 5892.507189 1.452E-60 8.462E-02.00930.06018869.25870.50-.018516              4              1                    P 41      342523 9 4 3 3 1 4   648.0  664.0
151 5893.235042 5.482E-83 1.045E+01.00930.06030394.73500.50-.018518             16             11                    R 25      252523 9 5 3 4 1 4   424.0  408.0
151 5895.688297 1.051E-58 2.592E+00.00930.06018580.16080.50-.018523              8              5                    P 24      232523 9 4 3 3 1 4   376.0  392.0
151 5897.096210 8.651E-77 2.092E+01.01000.06027490.71600.50-.018526             15             11                    R 14      252523 9 5 3 4 1 4   248.0  232.0
151 5902.883598 9.768E-59 4.845E+00.00950.06018662.70570.50-.018539              9              6                    P 18      232523 9 4 3 3 1 4   280.0  296.0
151 5904.722954 1.945E-78 7.645E-01.00930.06027754.83710.50-.018543             11              7                    P 35      252523 9 5 3 4 1 4   552.0  568.0
151 5907.977274 2.269E-84 7.436E+00.00930.06031020.88170.50-.018551             15             10                    R 31      252523 9 5 3 4 1 4   520.0  504.0
151 5913.648543 4.194E-75 1.365E+01.03670.16326424.63740.25-.014536             15             11                    P  7      252523 9 5 3 4 1 4   104.0  120.0
151 5914.507603 2.480E-59 8.960E+00.01740.09518944.71250.15-.016308             10              7                    P 10      232523 9 4 3 3 1 4   152.0  168.0
151 5915.812844 1.157E-81 3.026E+00.00940.06029467.73470.50-.018568             16             11                    P 22      252523 9 5 3 4 1 4   344.0  360.0
151 5918.350528 2.197E-59 2.575E-01.00930.06018516.00140.50-.018574              5              2                    P 37      342523 9 4 3 3 1 4   584.0  600.0
151 5918.782464 7.498E-59 6.240E-01.00930.06018421.70180.50-.018575              6              3                    P 33      342523 9 4 3 3 1 4   520.0  536.0
151 5922.288860 4.568E-77 1.661E+00.00930.06027231.72990.50-.018583             12              8                    P 30      252523 9 5 3 4 1 4   472.0  488.0
151 5923.667777 1.249E-80 1.613E+01.00930.06029407.14960.50-.018586             13              9                    R 31      252523 9 5 3 4 1 4   520.0  504.0
151 5925.446662 1.220E-78 1.905E+01.00930.06028448.60610.50-.018590             14             10                    R 24      252523 9 5 3 4 1 4   408.0  392.0
151 5929.368565 6.571E-67 1.609E+01.00930.06022856.45800.50-.018599             10              7                    R 24      232523 9 4 3 3 1 4   408.0  392.0
151 5929.801996 5.042E-70 1.276E+01.00930.06024340.48420.50-.018600              9              6                    R 32      232523 9 4 3 3 1 4   536.0  520.0
151 5933.805033 1.947E-76 2.003E+01.01050.07027298.78030.50-.018609             15             11                    R 13      252523 9 5 3 4 1 4   232.0  216.0
151 5936.740196 1.093E-72 9.343E+00.00930.06025571.80930.50-.018615              8              5                    R 38      232523 9 4 3 3 1 4   632.0  616.0
151 5940.789325 9.304E-86 2.423E-01.00930.06031000.72410.50-.018624             13              8                    P 38      252523 9 5 3 4 1 4   600.0  616.0
151 5942.828845 1.921E-79 2.955E-01.00930.06028055.28310.50-.018629             10              6                    P 39      252523 9 5 3 4 1 4   616.0  632.0
151 5946.368133 5.743E-75 1.387E+01.04780.18126326.45910.35-.014655             15             11                    P  6      252523 9 5 3 4 1 4    88.0  104.0
151 5947.581476 4.944E-59 9.065E+00.02200.11018780.00100.14-.015724             10              7                    P  9      232523 9 4 3 3 1 4   136.0  152.0
151 5949.849527 3.890E-58 4.852E+00.00960.06018363.32940.50-.018644              9              6                    P 17      232523 9 4 3 3 1 4   264.0  280.0
151 5951.065790 5.353E-75 6.557E+00.00960.06026412.58420.50-.018647             14             10                    P 17      252523 9 5 3 4 1 4   264.0  280.0
151 5952.380128 6.933E-58 2.584E+00.00930.06018178.42370.50-.018650              8              5                    P 23      232523 9 4 3 3 1 4   360.0  376.0
151 5954.158983 1.006E-82 1.404E+00.00930.06029860.18760.50-.018654             15             10                    P 28      252523 9 5 3 4 1 4   440.0  456.0
151 5955.128738 1.629E-80 5.983E+00.01120.07028949.62640.50-.018656             17             12                    P 13      252523 9 5 3 4 1 4   200.0  216.0
151 5955.460698 9.578E-76 3.324E+00.00930.06026699.24190.50-.018657             13              9                    P 24      252523 9 5 3 4 1 4   376.0  392.0
151 5956.688752 6.447E-58 1.317E+00.00930.06018095.72490.50-.018660              7              4                    P 28      242523 9 4 3 3 1 4   440.0  456.0
151 5956.760062 2.740E-81 1.215E+01.00960.06029531.16880.50-.018660             17             12                    R 16      252523 9 5 3 4 1 4   280.0  264.0
151 5964.910150 3.705E-66 1.561E+01.00930.06022483.69590.50-.018678             10              7                    R 23      232523 9 4 3 3 1 4   392.0  376.0
151 5966.662286 4.102E-76 1.920E+01.01120.07027119.79830.50-.018682             15             11                    R 12      252523 9 5 3 4 1 4   216.0  200.0
151 5973.468539 4.064E-59 8.417E-02.00930.06018171.93710.50-.018697              4              1                    P 40      342523 9 4 3 3 1 4   632.0  648.0
151 5975.981857 7.175E-75 1.420E+01.05890.20226242.13930.46-.014868             15             11                    P  5      252523 9 5 3 4 1 4    72.0   88.0
151 5978.869282 9.014E-59 9.194E+00.02870.12618631.41920.13-.015238             10              7                    P  8      232523 9 4 3 3 1 4   120.0  136.0
151 5982.741378 4.988E-69 1.230E+01.00930.06023851.52790.50-.018718              9              6                    R 31      232523 9 4 3 3 1 4   520.0  504.0
151 5988.897976 1.071E-57 6.219E-01.00930.06017862.63000.50-.018732              6              3                    P 32      342523 9 4 3 3 1 4   504.0  520.0
151 5994.012122 4.415E-58 2.564E-01.00930.06017886.91680.50-.018743              5              2                    P 36      342523 9 4 3 3 1 4   568.0  584.0
151 5995.129437 1.435E-57 4.867E+00.00970.06118079.41420.50-.018746              9              6                    P 16      232523 9 4 3 3 1 4   248.0  264.0
151 5995.770397 8.077E-76 1.842E+01.01230.08026953.93880.50-.018747             15             11                    R 11      252523 9 5 3 4 1 4   200.0  184.0
151 5998.019024 5.272E-78 1.798E+01.00930.06028122.39140.50-.018752             14             10                    R 23      252523 9 5 3 4 1 4   392.0  376.0
151 5998.040294 1.956E-65 1.514E+01.00930.06022124.35110.50-.018752             10              7                    R 22      232523 9 4 3 3 1 4   376.0  360.0
151 6000.395561 6.546E-84 5.762E-01.00930.06030270.28620.50-.018758             14              9                    P 33      252523 9 5 3 4 1 4   520.0  536.0
151 6000.882803 5.810E-82 1.231E+01.00930.06030006.77740.50-.018759             12              8                    R 36      252523 9 5 3 4 1 4   600.0  584.0
151 6002.498674 8.069E-75 1.470E+01.07010.21926171.75510.61-.015076             15             11                    P  4      252523 9 5 3 4 1 4    56.0   72.0
151 6002.611628 1.623E-71 8.953E+00.00930.06024998.11240.50-.018763              8              5                    R 37      232523 9 4 3 3 1 4   616.0  600.0
151 6007.461830 4.263E-57 2.580E+00.00940.06017791.33160.50-.018774              8              5                    P 22      232523 9 4 3 3 1 4   344.0  360.0
151 6008.363440 1.498E-58 9.353E+00.03670.14018499.07460.25-.014749             10              7                    P  7      232523 9 4 3 3 1 4   104.0  120.0
151 6012.176844 1.858E-77 6.876E-01.00930.06027255.32260.50-.018784             11              7                    P 34      252523 9 5 3 4 1 4   536.0  552.0
151 6012.811219 1.555E-74 6.406E+00.00970.06026171.29440.50-.018786             14             10                    P 16      252523 9 5 3 4 1 4   248.0  264.0
151 6017.967053 3.166E-76 1.537E+00.00930.06026803.74880.50-.018797             12              8                    P 29      252523 9 5 3 4 1 4   456.0  472.0
151 6019.477388 6.090E-57 1.316E+00.00930.06017621.63410.50-.018800              7              4                    P 27      242523 9 4 3 3 1 4   424.0  440.0
151 6021.220404 1.485E-75 1.768E+01.01420.08726801.35730.50-.018804             15             11                    R 10      252523 9 5 3 4 1 4   184.0  168.0
151 6022.765508 8.317E-80 1.504E+01.00930.06028989.34310.50-.018808             13              9                    R 30      252523 9 5 3 4 1 4   504.0  488.0
151 6025.922871 7.976E-75 1.559E+01.07880.22926115.37070.71-.013078             15             11                    P  3      252523 9 5 3 4 1 4    40.0   56.0
151 6026.251888 3.237E-80 5.801E+00.01240.08028779.91610.50-.018816             17             12                    P 12      252523 9 5 3 4 1 4   184.0  200.0
151 6028.802424 9.655E-65 1.470E+01.00940.06021778.69030.50-.018821             10              7                    R 21      232523 9 4 3 3 1 4   360.0  344.0
151 6028.894144 3.912E-81 2.751E+00.00940.06029179.90790.50-.018822             16             11                    P 21      252523 9 5 3 4 1 4   328.0  344.0
151 6032.754487 2.285E-82 1.005E+01.00930.06030075.47310.50-.018830             16             11                    R 24      252523 9 5 3 4 1 4   408.0  392.0
151 6033.020641 4.667E-68 1.186E+01.00930.06023374.12900.50-.018831              9              6                    R 30      232523 9 4 3 3 1 4   504.0  488.0
151 6035.645277 6.458E-81 1.147E+01.00970.06029325.45310.50-.018837             17             12                    R 15      252523 9 5 3 4 1 4   264.0  248.0
151 6035.896531 4.486E-75 3.163E+00.00930.06026356.88680.50-.018837             13              9                    P 23      252523 9 5 3 4 1 4   360.0  376.0
151 6036.055394 2.255E-58 9.556E+00.04780.17518383.06290.35-.014856             10              7                    P  6      232523 9 4 3 3 1 4    88.0  104.0
151 6038.719426 4.896E-57 4.888E+00.01000.06317811.15890.50-.018844              9              6                    P 15      232523 9 4 3 3 1 4   232.0  248.0
151 6043.093367 2.542E-75 1.696E+01.01710.09626662.19600.35-.019384             15             11                    R  9      252523 9 5 3 4 1 4   168.0  152.0
151 6046.254273 6.568E-75 1.754E+01.08700.22626073.03750.69-.011474             15             11                    P  2      252523 9 5 3 4 1 4    24.0   40.0
151 6053.090690 1.080E-57 8.391E-02.00930.06017485.71930.50-.018876              4              1                    P 39      342523 9 4 3 3 1 4   616.0  632.0
151 6057.236265 4.451E-64 1.428E+01.00940.06021446.96930.50-.018885             10              7                    R 20      232523 9 4 3 3 1 4   344.0  328.0
151 6057.541095 1.438E-56 6.208E-01.00930.06017316.58790.50-.018886              6              3                    P 31      342523 9 4 3 3 1 4   488.0  504.0
151 6058.325690 2.397E-78 2.595E-01.00930.06027496.08790.50-.018887             10              6                    P 38      252523 9 5 3 4 1 4   600.0  616.0
151 6060.932456 2.438E-56 2.580E+00.00940.06017419.14640.50-.018893              8              5                    P 21      232523 9 4 3 3 1 4   328.0  344.0
151 6061.461527 4.042E-75 1.630E+01.02170.10726536.58400.30-.019657             15             11                    R  8      252523 9 5 3 4 1 4   152.0  136.0
151 6061.936065 3.051E-58 9.826E+00.05890.20518283.46810.46-.015061             10              7                    P  5      232523 9 4 3 3 1 4    72.0   88.0
151 6063.488405 3.800E-75 2.669E+01.09710.21426044.79400.65-.014164             15             11                    P  1      252523 9 5 3 4 1 4     8.0   24.0
151 6065.616224 2.299E-70 8.582E+00.00930.06024434.35190.50-.018904              8              5                    R 36      232523 9 4 3 3 1 4   600.0  584.0
151 6065.742479 2.155E-77 1.695E+01.00930.06027807.49280.50-.018904             14             10                    R 22      252523 9 5 3 4 1 4   376.0  360.0
151 6068.268140 8.377E-57 2.557E-01.00930.06017269.96580.50-.018910              5              2                    P 35      342523 9 4 3 3 1 4   552.0  568.0
151 6071.427158 4.243E-74 6.284E+00.01000.06025943.09770.50-.018917             14             10                    P 15      252523 9 5 3 4 1 4   232.0  248.0
151 6076.389278 5.958E-75 1.567E+01.02790.12626424.63740.29-.019424             15             11                    R  7      252523 9 5 3 4 1 4   136.0  120.0
151 6080.614560 1.542E-56 4.918E+00.01050.06617558.75090.50-.018937              9              6                    P 14      232523 9 4 3 3 1 4   216.0  232.0
151 6080.708348 4.122E-67 1.144E+01.00930.06022908.63480.50-.018938              9              6                    R 29      232523 9 4 3 3 1 4   488.0  472.0
151 6080.726307 5.376E-56 1.317E+00.00930.06017161.63320.50-.018938              7              4                    P 26      242523 9 4 3 3 1 4   408.0  424.0
151 6083.378282 1.914E-63 1.387E+01.00940.06021129.43260.50-.018944             10              7                    R 19      232523 9 4 3 3 1 4   328.0  312.0
151 6085.995801 3.665E-58 1.021E+01.07010.23018200.36230.61-.015263             10              7                    P  4      232523 9 4 3 3 1 4    56.0   72.0
151 6087.934024 8.107E-75 1.504E+01.03590.14926326.45910.40-.019085             15             11                    R  6      252523 9 5 3 4 1 4   120.0  104.0
151 6088.625987 4.181E-75 9.214E+00.09740.20226030.66580.74-.006129             15             11                    R  0      252523 9 5 3 4 1 4    24.0    8.0
151 6092.043721 6.058E-80 5.655E+00.01440.09028622.58360.50-.018963             17             12                    P 11      252523 9 5 3 4 1 4   168.0  184.0
151 6092.944445 4.715E-82 1.194E+00.00930.06029491.96720.50-.018965             15             10                    P 27      252523 9 5 3 4 1 4   424.0  440.0
151 6096.146564 1.013E-74 1.443E+01.04680.17326242.13930.35-.017540             15             11                    R  5      252523 9 5 3 4 1 4   104.0   88.0
151 6096.499621 7.951E-75 1.129E+01.08640.20626044.79400.76-.011202             15             11                    R  1      252523 9 5 3 4 1 4    40.0   24.0
151 6096.850375 1.447E-83 7.606E+00.00930.06030625.04920.50-.018974             15             10                    R 30      252523 9 5 3 4 1 4   504.0  488.0
151 6101.072130 1.153E-74 1.382E+01.05850.19226171.75510.58-.014989             15             11                    R  4      252523 9 5 3 4 1 4    88.0   72.0
151 6101.216287 1.062E-74 1.237E+01.07820.21026073.03750.72-.011970             15             11                    R  2      252523 9 5 3 4 1 4    56.0   40.0
151 6102.750461 1.181E-74 1.316E+01.06800.20626115.37070.71-.012632             15             11                    R  3      252523 9 5 3 4 1 4    72.0   56.0
151 6107.189435 1.431E-80 1.079E+01.01000.06029131.53640.50-.018997             17             12                    R 14      252523 9 5 3 4 1 4   248.0  232.0
151 6107.262067 7.662E-63 1.348E+01.00940.06020826.31370.50-.018997             10              7                    R 18      232523 9 4 3 3 1 4   312.0  296.0
151 6108.224419 3.813E-58 1.084E+01.07880.23518133.80540.71-.013262             10              7                    P  3      232523 9 4 3 3 1 4    40.0   56.0
151 6110.201349 2.097E-75 1.433E+00.00930.06026386.63950.50-.019004             12              8                    P 28      252523 9 5 3 4 1 4   440.0  456.0
151 6112.789644 1.295E-55 2.584E+00.00940.06017062.11960.50-.019009              8              5                    P 20      232523 9 4 3 3 1 4   312.0  328.0
151 6113.076184 1.992E-74 3.025E+00.00940.06026026.59960.50-.019010             13              9                    P 22      252523 9 5 3 4 1 4   344.0  360.0
151 6115.864735 5.281E-79 1.399E+01.00930.06028581.24780.50-.019016             13              9                    R 29      252523 9 5 3 4 1 4   488.0  472.0
151 6116.020960 1.711E-76 6.248E-01.00930.06026765.53740.50-.019017             11              7                    P 33      252523 9 5 3 4 1 4   520.0  536.0
151 6117.279930 5.286E-81 1.131E+01.00930.06029521.62560.50-.019020             12              8                    R 35      252523 9 5 3 4 1 4   584.0  568.0
151 6120.808982 4.480E-56 4.954E+00.01120.07217322.36650.50-.019027              9              6                    P 13      232523 9 4 3 3 1 4   200.0  216.0
151 6121.957655 6.716E-85 1.673E-01.00930.06030499.96820.50-.019030             13              8                    P 37      252523 9 5 3 4 1 4   584.0  600.0
151 6124.714051 1.812E-55 6.207E-01.00930.06016783.92070.50-.019036              6              3                    P 30      342523 9 4 3 3 1 4   472.0  488.0
151 6125.848493 3.099E-69 8.230E+00.00930.06023880.92890.50-.019039              8              5                    R 35      232523 9 4 3 3 1 4   584.0  568.0
151 6125.865863 3.432E-66 1.104E+01.00930.06022455.38200.50-.019039              9              6                    R 28      232523 9 4 3 3 1 4   472.0  456.0
151 6126.965994 1.086E-73 6.189E+00.01050.07025728.19490.50-.019041             14             10                    P 14      252523 9 5 3 4 1 4   216.0  232.0
151 6128.611237 3.258E-58 1.219E+01.08700.23018083.84570.69-.011658             10              7                    P  2      232523 9 4 3 3 1 4    24.0   40.0
151 6128.854760 8.323E-77 1.598E+01.00940.06027504.20560.50-.019045             14             10                    R 21      252523 9 5 3 4 1 4   360.0  344.0
151 6128.918683 2.853E-62 1.311E+01.00950.06020537.83490.50-.019046             10              7                    R 17      232523 9 4 3 3 1 4   296.0  280.0
151 6131.379089 2.721E-56 8.380E-02.00930.06016811.01050.50-.019051              4              1                    P 38      342523 9 4 3 3 1 4   600.0  616.0
151 6135.428219 1.261E-80 2.514E+00.00940.06028903.18070.50-.019060             16             11                    P 20      252523 9 5 3 4 1 4   312.0  328.0
151 6140.435122 4.427E-55 1.319E+00.00930.06016716.02290.50-.019071              7              4                    P 25      242523 9 4 3 3 1 4   392.0  408.0
151 6141.122091 1.498E-55 2.555E-01.00930.06016665.52540.50-.019073              5              2                    P 34      342523 9 4 3 3 1 4   536.0  552.0
151 6147.145103 1.928E-58 1.852E+01.09710.21718050.51910.65-.014352             10              7                    P  1      232523 9 4 3 3 1 4     8.0   24.0
151 6148.376948 9.865E-62 1.276E+01.00960.06020264.20730.50-.019089             10              7                    R 16      232523 9 4 3 3 1 4   280.0  264.0
151 6152.669818 1.065E-79 5.545E+00.01740.09028477.79260.15-.016842             17             12                    P 10      252523 9 5 3 4 1 4   152.0  168.0
151 6159.023083 3.921E-83 4.504E-01.00930.06029834.26930.50-.019113             14              9                    P 32      252523 9 5 3 4 1 4   504.0  520.0
151 6159.296007 1.198E-55 4.999E+00.01240.07717102.17070.50-.019114              9              6                    P 12      232523 9 4 3 3 1 4   184.0  200.0
151 6159.443745 8.852E-82 9.402E+00.00930.06029766.36180.50-.019114             16             11                    R 23      252523 9 5 3 4 1 4   392.0  376.0
151 6163.029765 6.380E-55 2.592E+00.00940.06016720.49240.50-.019122              8              5                    P 19      232523 9 4 3 3 1 4   296.0  312.0
151 6163.346904 8.311E-85 5.377E+00.00930.06031167.25110.50-.019123             14              9                    R 35      252523 9 5 3 4 1 4   584.0  568.0
151 6165.663706 3.164E-61 1.242E+01.00970.06020005.63070.50-.019128             10              7                    R 15      232523 9 4 3 3 1 4   264.0  248.0
151 6168.548306 2.689E-65 1.066E+01.00930.06022014.69670.50-.019134              9              6                    R 27      232523 9 4 3 3 1 4   456.0  440.0
151 6170.164413 2.912E-77 2.314E-01.00930.06026945.70200.50-.019138             10              6                    P 37      252523 9 5 3 4 1 4   584.0  600.0
151 6171.875434 2.980E-80 1.014E+01.01050.07028949.62640.50-.019142             17             12                    R 13      252523 9 5 3 4 1 4   232.0  216.0
151 6178.347266 1.937E-86 3.622E-02.00930.06030932.27530.50-.019156             12              7                    P 41      252523 9 5 3 4 1 4   648.0  664.0
151 6178.607120 2.128E-58 6.347E+00.09740.21018033.84980.74-.006330             10              7                    R  0      232523 9 4 3 3 1 4    24.0    8.0
151 6179.011639 2.800E-56 1.706E-02.00930.06016490.26470.50-.019158              3              0                    P 41      442523 9 4 3 3 1 4   648.0  664.0
151 6179.472464 2.601E-73 6.118E+00.01120.07025526.77380.50-.019159             14             10                    P 13      252523 9 5 3 4 1 4   200.0  216.0
151 6180.804045 9.400E-61 1.209E+01.01000.06219762.29370.50-.019162             10              7                    R 14      232523 9 4 3 3 1 4   248.0  232.0
151 6183.391660 3.970E-68 7.898E+00.00930.06023338.23390.50-.019168              8              5                    R 34      232523 9 4 3 3 1 4   568.0  552.0
151 6183.769686 1.478E-78 7.526E-02.00930.06027348.34710.50-.019168              9              5                    P 41      252523 9 5 3 4 1 4   648.0  664.0
151 6187.089603 8.358E-74 2.909E+00.00940.06025708.66160.50-.019176             13              9                    P 21      252523 9 5 3 4 1 4   328.0  344.0
151 6187.560999 3.033E-76 1.507E+01.00940.06027212.81090.50-.019177             14             10                    R 20      252523 9 5 3 4 1 4   344.0  328.0
151 6190.417003 2.138E-54 6.214E-01.00930.06016264.96500.50-.019183              6              3                    P 29      342523 9 4 3 3 1 4   456.0  472.0
151 6191.510757 3.967E-58 7.731E+00.08640.22018050.51910.76-.011415             10              7                    R  1      232523 9 4 3 3 1 4    40.0   24.0
151 6193.821501 2.583E-60 1.178E+01.01050.06519534.37340.50-.019191             10              7                    R 13      232523 9 4 3 3 1 4   232.0  216.0
151 6194.486805 9.980E-84 5.022E-01.00930.06030075.47310.50-.019192             17             11                    P 24      252523 9 5 3 4 1 4   376.0  392.0
151 6196.068303 2.942E-55 5.052E+00.01440.08716898.31730.50-.019196              9              6                    P 11      232523 9 4 3 3 1 4   168.0  184.0
151 6198.601853 3.395E-54 1.323E+00.00930.06016285.09410.50-.019202              7              4                    P 24      242523 9 4 3 3 1 4   376.0  392.0
151 6199.124248 1.326E-74 1.344E+00.00930.06025980.74830.50-.019203             12              8                    P 27      252523 9 5 3 4 1 4   424.0  440.0
151 6202.512418 5.122E-58 8.413E+00.07820.22018083.84570.72-.012197             10              7                    R  2      232523 9 4 3 3 1 4    56.0   40.0
151 6203.391390 3.193E-78 1.300E+01.00930.06028183.24500.50-.019212             13              9                    R 28      252523 9 5 3 4 1 4   472.0  456.0
151 6204.738233 6.556E-60 1.148E+01.01120.07019322.03560.50-.019215             10              7                    R 12      232523 9 4 3 3 1 4   216.0  200.0
151 6208.267626 1.755E-79 5.470E+00.02200.11028345.69270.14-.016308             17             12                    P  9      252523 9 5 3 4 1 4   136.0  152.0
151 6208.336684 6.478E-55 8.383E-02.00930.06016148.20940.50-.019223              4              1                    P 37      342523 9 4 3 3 1 4   584.0  600.0
151 6208.805377 1.980E-64 1.030E+01.00930.06021586.89470.50-.019225              9              6                    R 26      232523 9 4 3 3 1 4   440.0  424.0
151 6211.598764 5.430E-58 8.869E+00.06800.21518133.80540.71-.012876             10              7                    R  3      232523 9 4 3 3 1 4    72.0   56.0
151 6211.648058 2.911E-54 2.604E+00.00950.06016394.49520.50-.019231              8              5                    P 18      232523 9 4 3 3 1 4   280.0  296.0
151 6212.575224 2.521E-54 2.557E-01.00930.06016073.96490.50-.019233              5              2                    P 33      342523 9 4 3 3 1 4   520.0  536.0
151 6213.575175 1.534E-59 1.119E+01.01230.07519125.43440.50-.019235             10              7                    R 11      232523 9 4 3 3 1 4   200.0  184.0
151 6216.427667 1.516E-75 5.736E-01.00930.06026285.87720.50-.019242             11              7                    P 32      252523 9 5 3 4 1 4   504.0  520.0
151 6218.756003 4.984E-58 9.227E+00.05850.19418200.36230.58-.015253             10              7                    R  4      232523 9 4 3 3 1 4    88.0   72.0
151 6220.352173 3.305E-59 1.091E+01.01420.08518944.71250.50-.019250             10              7                    R 10      232523 9 4 3 3 1 4   184.0  168.0
151 6223.969875 4.058E-58 9.536E+00.04680.17018283.46810.35-.017826             10              7                    R  5      232523 9 4 3 3 1 4   104.0   88.0
151 6224.081685 2.126E-81 1.023E+00.00930.06029133.72740.50-.019259             15             10                    P 26      252523 9 5 3 4 1 4   408.0  424.0
151 6225.088198 6.541E-59 1.064E+01.01710.09718780.00100.35-.019791             10              7                    R  9      232523 9 4 3 3 1 4   168.0  152.0
151 6226.845335 4.614E-80 1.037E+01.00930.06029044.96680.50-.019265             12              8                    R 34      252523 9 5 3 4 1 4   568.0  552.0
151 6227.225616 2.969E-58 9.822E+00.03590.14618383.06290.40-.019397             10              7                    R  6      232523 9 4 3 3 1 4   120.0  104.0
151 6227.800927 1.186E-58 1.036E+01.02170.10618631.41920.30-.020029             10              7                    R  8      232523 9 4 3 3 1 4   152.0  136.0
151 6228.507927 1.967E-58 1.010E+01.02790.12318499.07460.29-.019764             10              7                    R  7      232523 9 4 3 3 1 4   136.0  120.0
151 6228.984507 5.821E-73 6.071E+00.01240.08025339.00960.50-.019270             14             10                    P 12      252523 9 5 3 4 1 4   184.0  200.0
151 6230.095027 5.829E-80 9.510E+00.01120.07028779.91610.50-.019272             17             12                    R 12      252523 9 5 3 4 1 4   216.0  200.0
151 6231.117580 6.624E-55 5.114E+00.01740.09516710.94850.15-.017017              9              6                    P 10      232523 9 4 3 3 1 4   152.0  168.0
151 6235.844019 3.870E-80 2.314E+00.00940.06028637.83640.50-.019285             16             11                    P 19      252523 9 5 3 4 1 4   296.0  312.0
151 6238.104131 5.562E-70 4.992E+00.00930.06024145.40570.50-.019290              7              4                    R 39      242523 9 4 3 3 1 4   648.0  632.0
151 6238.319302 4.822E-67 7.584E+00.00930.06022806.64750.50-.019291              8              5                    R 33      232523 9 4 3 3 1 4   552.0  536.0
151 6242.039946 1.042E-75 1.422E+01.00940.06026933.57580.50-.019299             14             10                    R 19      252523 9 5 3 4 1 4   328.0  312.0
151 6246.681941 1.367E-63 9.953E+00.00930.06021172.28120.50-.019309              9              6                    R 25      232523 9 4 3 3 1 4   424.0  408.0
151 6254.648585 2.358E-53 6.231E-01.00930.06015760.04810.50-.019327              6              3                    P 28      342523 9 4 3 3 1 4   440.0  456.0
151 6255.223091 2.422E-53 1.329E+00.00930.06015869.12800.50-.019329              7              4                    P 23      242523 9 4 3 3 1 4   360.0  376.0
151 6258.014396 3.312E-73 2.812E+00.00940.06025403.34160.50-.019335             13              9                    P 20      252523 9 5 3 4 1 4   312.0  328.0
151 6258.638756 1.228E-53 2.619E+00.00960.06016084.34810.50-.019336              8              5                    P 17      232523 9 4 3 3 1 4   264.0  280.0
151 6258.950832 2.701E-79 5.431E+00.02870.13028226.41920.13-.015865             17             12                    P  8      252523 9 5 3 4 1 4   120.0  136.0
151 6259.971866 8.864E-55 1.709E-02.00930.06015769.39460.50-.019339              3              0                    P 40      442523 9 4 3 3 1 4   632.0  648.0
151 6260.113083 8.118E-82 7.774E+00.00930.06029841.78530.50-.019339             11              7                    R 39      252523 9 5 3 4 1 4   648.0  632.0
151 6263.713122 8.252E-83 7.208E+00.00930.06030238.01310.50-.019348             15             10                    R 29      252523 9 5 3 4 1 4   488.0  472.0
151 6264.435301 1.364E-54 5.188E+00.02200.11016540.19490.14-.016434              9              6                    P  9      232523 9 4 3 3 1 4   136.0  152.0
151 6275.445088 3.221E-81 8.671E+00.00930.06029467.73470.50-.019374             16             11                    R 22      252523 9 5 3 4 1 4   376.0  360.0
151 6275.533997 1.215E-72 6.048E+00.01440.09025165.06470.50-.019374             14             10                    P 11      252523 9 5 3 4 1 4   168.0  184.0
151 6278.540371 3.437E-76 2.094E-01.00930.06026404.55430.50-.019381             10              6                    P 36      252523 9 5 3 4 1 4   568.0  584.0
151 6282.171566 1.070E-79 8.922E+00.01230.08028622.58360.50-.019389             17             12                    R 11      252523 9 5 3 4 1 4   200.0  184.0
151 6282.218900 8.840E-63 9.627E+00.00930.06020771.15100.50-.019389              9              6                    R 24      232523 9 4 3 3 1 4   408.0  392.0
151 6282.627051 3.981E-53 2.563E-01.00930.06015495.64550.50-.019390              5              2                    P 32      342523 9 4 3 3 1 4   504.0  520.0
151 6283.964181 1.455E-53 8.400E-02.00930.06015497.70730.50-.019393              4              1                    P 36      342523 9 4 3 3 1 4   568.0  584.0
151 6284.849750 7.978E-74 1.271E+00.00930.06025586.40890.50-.019395             12              8                    P 26      252523 9 5 3 4 1 4   408.0  424.0
151 6285.700543 1.836E-77 1.207E+01.00930.06027795.70010.50-.019397             13              9                    R 27      252523 9 5 3 4 1 4   456.0  440.0
151 6290.696712 5.545E-66 7.287E+00.00930.06022286.54010.50-.019408              8              5                    R 32      232523 9 4 3 3 1 4   536.0  520.0
151 6292.448223 3.368E-75 1.343E+01.00940.06026666.75360.50-.019412             14             10                    R 18      252523 9 5 3 4 1 4   312.0  296.0
151 6292.499134 4.720E-84 1.162E-01.00930.06030006.77740.50-.019412             13              8                    P 36      252523 9 5 3 4 1 4   568.0  584.0
151 6296.012274 2.561E-54 5.275E+00.02870.12616386.17570.13-.015948              9              6                    P  8      232523 9 4 3 3 1 4   120.0  136.0
151 6299.954779 2.306E-77 6.731E-02.00930.06026747.35500.50-.019429              9              5                    P 40      252523 9 5 3 4 1 4   632.0  648.0
151 6302.975328 9.742E-69 4.797E+00.00930.06023538.81000.50-.019435              7              4                    R 38      242523 9 4 3 3 1 4   632.0  616.0
151 6303.995193 4.782E-53 2.637E+00.00970.06115790.26030.50-.019438              8              5                    P 16      232523 9 4 3 3 1 4   248.0  264.0
151 6304.812819 3.869E-79 5.431E+00.03670.18228120.09390.25-.015413             17             12                    P  7      252523 9 5 3 4 1 4   104.0  120.0
151 6308.949763 2.278E-82 3.557E-01.00930.06029407.14960.50-.019449             14              9                    P 31      252523 9 5 3 4 1 4   488.0  504.0
151 6310.294158 1.604E-52 1.337E+00.00940.06015468.39610.50-.019452              7              4                    P 22      242523 9 4 3 3 1 4   344.0  360.0
151 6313.544156 1.291E-74 5.320E-01.00930.06025816.72490.50-.019459             11              7                    P 31      252523 9 5 3 4 1 4   488.0  504.0
151 6315.453434 5.347E-62 9.319E+00.00930.06020383.78840.50-.019463              9              6                    R 23      232523 9 4 3 3 1 4   392.0  376.0
151 6317.405557 2.427E-52 6.254E-01.00930.06015269.48910.50-.019468              6              3                    P 27      342523 9 4 3 3 1 4   424.0  440.0
151 6319.147357 2.359E-72 6.049E+00.01740.09025005.08910.15-.017214             14             10                    P 10      252523 9 5 3 4 1 4   152.0  168.0
151 6325.838841 4.369E-54 5.380E+00.03670.14016248.99810.25-.015460              9              6                    P  7      232523 9 4 3 3 1 4   104.0  120.0
151 6325.917634 1.238E-72 2.730E+00.00940.06025110.89580.50-.019487             13              9                    P 19      252523 9 5 3 4 1 4   296.0  312.0
151 6328.375388 1.841E-79 8.375E+00.01420.09028477.79260.50-.019492             17             12                    R 10      252523 9 5 3 4 1 4   184.0  168.0
151 6330.168651 3.858E-79 9.493E+00.00930.06028577.23680.50-.019496             12              8                    R 33      252523 9 5 3 4 1 4   552.0  536.0
151 6330.490858 1.130E-79 2.145E+00.00950.06028384.14300.50-.019497             16             11                    P 18      252523 9 5 3 4 1 4   280.0  296.0
151 6333.606433 1.140E-85 3.687E+00.00930.06031508.54950.50-.019504             13              8                    R 39      252523 9 5 3 4 1 4   648.0  632.0
151 6338.923833 1.023E-74 1.269E+01.00950.06026412.58420.50-.019516             14             10                    R 17      252523 9 5 3 4 1 4   296.0  280.0
151 6339.673957 2.656E-53 1.715E-02.00930.06015060.16180.50-.019518              3              0                    P 39      442523 9 4 3 3 1 4   616.0  632.0
151 6340.582058 6.023E-65 7.008E+00.00930.06021778.27260.50-.019520              8              5                    R 31      232523 9 4 3 3 1 4   520.0  504.0
151 6345.928809 5.127E-79 5.478E+00.04780.19728026.82430.35-.015550             17             12                    P  6      252523 9 5 3 4 1 4    88.0  104.0
151 6346.419561 3.020E-61 9.026E+00.00930.06020010.46730.50-.019533              9              6                    R 22      232523 9 4 3 3 1 4   376.0  360.0
151 6347.709908 1.717E-52 2.660E+00.01000.06315512.43000.50-.019536              8              5                    P 15      232523 9 4 3 3 1 4   232.0  248.0
151 6348.259055 9.209E-81 8.845E-01.00930.06028785.82660.50-.019537             15             10                    P 25      252523 9 5 3 4 1 4   392.0  408.0
151 6351.275084 5.891E-52 2.572E-01.00930.06014930.92060.50-.019544              5              2                    P 31      342523 9 4 3 3 1 4   488.0  504.0
151 6353.904929 6.732E-54 5.509E+00.04780.17516128.75780.35-.015568              9              6                    P  6      232523 9 4 3 3 1 4    88.0  104.0
151 6358.260267 3.078E-52 8.429E-02.00930.06014859.88890.50-.019559              4              1                    P 35      342523 9 4 3 3 1 4   552.0  568.0
151 6359.846160 4.255E-72 6.075E+00.02200.11024859.22010.14-.016648             14             10                    P  9      252523 9 5 3 4 1 4   136.0  152.0
151 6361.622003 1.399E-85 1.975E-02.00930.06030383.50990.50-.019567             12              7                    P 40      252523 9 5 3 4 1 4   632.0  648.0
151 6363.092010 1.002E-76 1.121E+01.00930.06027418.96320.50-.019570             13              9                    R 26      252523 9 5 3 4 1 4   440.0  424.0
151 6363.809248 9.844E-52 1.345E+00.00940.06015083.16000.50-.019572              7              4                    P 21      242523 9 4 3 3 1 4   328.0  344.0
151 6365.202842 1.626E-67 4.614E+00.00930.06022942.38960.50-.019575              7              4                    R 37      242523 9 4 3 3 1 4   616.0  600.0
151 6367.271251 6.605E-84 5.199E+00.00930.06030714.76540.50-.019580             14              9                    R 34      252523 9 5 3 4 1 4   568.0  552.0
151 6367.476154 4.562E-73 1.210E+00.00930.06025203.94210.50-.019580             12              8                    P 25      252523 9 5 3 4 1 4   392.0  408.0
151 6368.934654 2.963E-79 7.868E+00.01710.10228345.69270.35-.020114             17             12                    R  9      252523 9 5 3 4 1 4   168.0  152.0
151 6375.148525 1.590E-60 8.748E+00.00940.06019651.45110.50-.019597              9              6                    R 21      232523 9 4 3 3 1 4   360.0  344.0
151 6378.683395 2.327E-51 6.286E-01.00930.06014793.59780.50-.019605              6              3                    P 26      342523 9 4 3 3 1 4   408.0  424.0
151 6380.200093 9.296E-54 5.677E+00.05890.20516025.53870.46-.015774              9              6                    P  5      232523 9 4 3 3 1 4    72.0   88.0
151 6380.608350 9.227E-81 7.015E+00.00930.06029307.59250.50-.019609             11              7                    R 38      252523 9 5 3 4 1 4   632.0  616.0
151 6381.588968 2.920E-74 1.200E+01.00960.06026171.29440.50-.019612             14             10                    R 16      252523 9 5 3 4 1 4   280.0  264.0
151 6382.100978 1.106E-80 7.937E+00.00940.06029179.90790.50-.019613             16             11                    R 21      252523 9 5 3 4 1 4   360.0  344.0
151 6382.297599 3.728E-83 4.629E-01.00930.06029766.36180.50-.019613             17             11                    P 23      252523 9 5 3 4 1 4   360.0  376.0
151 6382.358648 6.237E-79 5.581E+00.05890.20727946.70480.46-.015779             17             12                    P  5      252523 9 5 3 4 1 4    72.0   88.0
151 6383.614368 1.628E-84 1.581E-01.00930.06030238.01310.50-.019616             16             10                    P 29      252523 9 5 3 4 1 4   456.0  472.0
151 6383.619619 3.930E-75 1.924E-01.00930.06025873.06090.50-.019616             10              6                    P 35      252523 9 5 3 4 1 4   552.0  568.0
151 6388.027357 6.172E-64 6.745E+00.00930.06021282.19570.50-.019626              8              5                    R 30      232523 9 4 3 3 1 4   504.0  488.0
151 6389.774733 5.675E-52 2.685E+00.01050.06615251.04470.50-.019630              8              5                    P 14      232523 9 4 3 3 1 4   216.0  232.0
151 6390.857208 4.351E-72 2.664E+00.00950.06024831.56790.50-.019632             13              9                    P 18      252523 9 5 3 4 1 4   280.0  296.0
151 6397.647215 7.095E-72 6.130E+00.02870.13024727.58240.13-.016176             14             10                    P  8      252523 9 5 3 4 1 4   120.0  136.0
151 6401.669141 7.797E-60 8.484E+00.00940.06019306.99250.50-.019657              9              6                    R 20      232523 9 4 3 3 1 4   344.0  328.0
151 6404.043214 4.453E-79 7.400E+00.02170.11528226.41920.30-.020424             17             12                    R  8      252523 9 5 3 4 1 4   152.0  136.0
151 6404.713557 1.136E-53 5.911E+00.07010.23015939.41260.61-.015977              9              6                    P  4      232523 9 4 3 3 1 4    56.0   72.0
151 6407.496605 1.054E-73 4.982E-01.00930.06025358.45040.50-.019670             11              7                    P 30      252523 9 5 3 4 1 4   472.0  488.0
151 6412.809409 3.531E-76 6.156E-02.00930.06026155.03100.50-.019682              9              5                    P 39      252523 9 5 3 4 1 4   616.0  632.0
151 6414.147758 6.873E-79 5.769E+00.07010.21727879.81570.61-.015998             17             12                    P  4      252523 9 5 3 4 1 4    56.0   72.0
151 6414.542242 4.342E-82 6.553E+00.00930.06029860.18760.50-.019685             15             10                    R 28      252523 9 5 3 4 1 4   472.0  456.0
151 6415.761549 5.594E-51 1.356E+00.00940.06014713.67100.50-.019688              7              4                    P 20      242523 9 4 3 3 1 4   312.0  328.0
151 6418.115773 7.517E-52 1.724E-02.00930.06014362.97170.50-.019693              3              0                    P 38      442523 9 4 3 3 1 4   600.0  616.0
151 6418.515369 8.154E-51 2.584E-01.00930.06014380.13530.50-.019694              5              2                    P 30      342523 9 4 3 3 1 4   472.0  488.0
151 6419.657135 3.134E-79 2.003E+00.00960.06028142.35330.50-.019697             16             11                    P 17      252523 9 5 3 4 1 4   264.0  280.0
151 6420.552272 7.809E-74 1.137E+01.00970.06025943.09770.50-.019699             14             10                    R 15      252523 9 5 3 4 1 4   264.0  248.0
151 6424.857052 2.580E-66 4.440E+00.00930.06022356.54600.50-.019708              7              4                    R 36      242523 9 4 3 3 1 4   600.0  584.0
151 6426.008092 3.555E-59 8.234E+00.00940.06018977.33360.50-.019711              9              6                    R 19      232523 9 4 3 3 1 4   328.0  312.0
151 6427.434248 1.198E-53 6.288E+00.07880.23515870.43960.71-.013977              9              6                    P  3      232523 9 4 3 3 1 4    40.0   56.0
151 6427.729017 3.086E-78 8.688E+00.00930.06028118.85460.50-.019715             12              8                    R 32      252523 9 5 3 4 1 4   536.0  520.0
151 6430.180880 1.724E-51 2.715E+00.01120.07215006.28060.50-.019720              8              5                    P 13      232523 9 4 3 3 1 4   200.0  216.0
151 6431.221740 6.116E-51 8.469E-02.00930.06014235.13130.50-.019723              4              1                    P 34      342523 9 4 3 3 1 4   536.0  552.0
151 6432.563540 1.091E-71 6.214E+00.03670.16324610.28850.25-.015699             14             10                    P  7      252523 9 5 3 4 1 4   104.0  120.0
151 6433.079304 5.954E-63 6.497E+00.00930.06020798.65060.50-.019727              8              5                    R 29      232523 9 4 3 3 1 4   488.0  472.0
151 6433.866460 6.230E-79 6.965E+00.02790.13428120.09390.29-.020224             17             12                    R  7      252523 9 5 3 4 1 4   136.0  120.0
151 6435.821672 5.184E-76 1.042E+01.00930.06027053.36990.50-.019733             13              9                    R 25      252523 9 5 3 4 1 4   424.0  408.0
151 6438.476328 2.074E-50 6.324E-01.00930.06014332.67460.50-.019739              6              3                    P 25      342523 9 4 3 3 1 4   392.0  408.0
151 6441.328514 6.698E-79 6.117E+00.07880.22527826.22420.71-.014008             17             12                    P  3      252523 9 5 3 4 1 4    40.0   56.0
151 6447.088337 2.474E-72 1.160E+00.00930.06024833.65670.50-.019758             12              8                    P 24      252523 9 5 3 4 1 4   376.0  392.0
151 6448.190186 1.505E-58 7.995E+00.00940.06018662.70570.50-.019761              9              6                    R 18      232523 9 4 3 3 1 4   312.0  296.0
151 6448.350819 1.035E-53 7.084E+00.08700.23015818.66780.69-.012375              9              6                    P  2      232523 9 4 3 3 1 4    24.0   40.0
151 6451.138315 1.285E-81 2.846E-01.00930.06028989.34310.50-.019767             14              9                    P 30      252523 9 5 3 4 1 4   472.0  488.0
151 6452.882980 1.436E-71 2.612E+00.00960.06024565.58930.50-.019771             13              9                    P 17      252523 9 5 3 4 1 4   264.0  280.0
151 6453.935222 3.242E-83 8.172E-02.00930.06029521.62560.50-.019774             13              8                    P 35      252523 9 5 3 4 1 4   552.0  568.0
151 6455.910706 1.955E-73 1.078E+01.01000.06025728.19490.50-.019778             14             10                    R 14      252523 9 5 3 4 1 4   248.0  232.0
151 6458.545750 8.087E-79 6.564E+00.03590.15628026.82430.40-.019915             17             12                    R  6      252523 9 5 3 4 1 4   120.0  104.0
151 6463.921135 5.469E-79 6.894E+00.08700.22327785.98370.69-.012409             17             12                    P  2      252523 9 5 3 4 1 4    24.0   40.0
151 6464.604228 1.537E-71 6.339E+00.04780.18124507.43800.35-.015816             14             10                    P  6      252523 9 5 3 4 1 4    88.0  104.0
151 6466.018175 3.832E-80 7.730E-01.00930.06028448.60610.50-.019801             15             10                    P 24      252523 9 5 3 4 1 4   376.0  392.0
151 6466.143362 2.938E-50 1.367E+00.00940.06014360.17030.50-.019801              7              4                    P 19      242523 9 4 3 3 1 4   296.0  312.0
151 6467.451680 6.171E-54 1.078E+01.09710.21715784.13320.65-.015069              9              6                    P  1      232523 9 4 3 3 1 4     8.0   24.0
151 6468.238593 5.909E-58 7.769E+00.00950.06018363.32940.50-.019806              9              6                    R 17      232523 9 4 3 3 1 4   296.0  280.0
151 6468.919016 4.805E-51 2.748E+00.01240.07714778.30270.50-.019807              8              5                    P 12      232523 9 4 3 3 1 4   184.0  200.0
151 6475.779977 5.398E-62 6.264E+00.00930.06020327.96890.50-.019823              8              5                    R 28      232523 9 4 3 3 1 4   472.0  456.0
151 6478.201908 9.691E-79 6.185E+00.04680.16927946.70480.35-.018396             17             12                    R  5      252523 9 5 3 4 1 4   104.0   88.0
151 6480.366886 3.584E-80 7.233E+00.00940.06028903.18070.50-.019833             16             11                    R 20      252523 9 5 3 4 1 4   344.0  328.0
151 6481.934348 3.156E-79 1.054E+01.09710.21627759.13450.65-.015102             17             12                    P  1      252523 9 5 3 4 1 4     8.0   24.0
151 6482.000288 3.885E-65 4.277E+00.00930.06021781.67150.50-.019837              7              4                    R 35      242523 9 4 3 3 1 4   584.0  568.0
151 6484.342543 1.053E-49 2.599E-01.00930.06013843.62630.50-.019842              5              2                    P 29      342523 9 4 3 3 1 4   456.0  472.0
151 6485.543995 4.345E-74 1.793E-01.00930.06025351.62540.50-.019844             10              6                    P 34      252523 9 5 3 4 1 4   536.0  552.0
151 6486.175040 2.148E-57 7.552E+00.00960.06018079.41420.50-.019846              9              6                    R 16      232523 9 4 3 3 1 4   280.0  264.0
151 6487.751081 4.577E-73 1.023E+01.01050.07025526.77380.50-.019849             14             10                    R 13      252523 9 5 3 4 1 4   232.0  216.0
151 6492.937415 1.064E-78 5.823E+00.05850.19627879.81570.58-.015867             17             12                    R  4      252523 9 5 3 4 1 4    88.0   72.0
151 6493.774833 1.968E-71 6.517E+00.05890.20224419.11830.46-.016028             14             10                    P  5      252523 9 5 3 4 1 4    72.0   88.0
151 6494.518961 1.011E-79 6.328E+00.00930.06028781.40310.50-.019865             11              7                    R 37      252523 9 5 3 4 1 4   616.0  600.0
151 6495.293339 2.005E-50 1.735E-02.00930.06013678.22380.50-.019866              3              0                    P 37      442523 9 4 3 3 1 4   584.0  600.0
151 6496.777471 1.717E-49 6.369E-01.00930.06013887.01090.50-.019870              6              3                    P 24      342523 9 4 3 3 1 4   376.0  392.0
151 6498.393507 8.220E-73 4.710E-01.00930.06024911.41160.50-.019873             11              7                    P 29      252523 9 5 3 4 1 4   456.0  472.0
151 6500.158771 6.851E-54 3.705E+00.09740.21015766.85980.74-.007050              9              6                    R  0      232523 9 4 3 3 1 4    24.0    8.0
151 6502.019991 7.222E-57 7.346E+00.00970.06017811.15890.50-.019881              9              6                    R 15      232523 9 4 3 3 1 4   264.0  248.0
151 6502.839222 1.056E-78 5.460E+00.06800.20527826.22420.71-.013529             17             12                    R  3      252523 9 5 3 4 1 4    72.0   56.0
151 6502.844048 1.140E-49 8.519E-02.00930.06013623.80420.50-.019883              4              1                    P 33      342523 9 4 3 3 1 4   520.0  536.0
151 6503.583473 8.243E-79 1.885E+00.00970.06027912.70530.50-.019885             16             11                    P 16      252523 9 5 3 4 1 4   248.0  264.0
151 6504.109894 2.540E-75 9.690E+00.00930.06026699.24190.50-.019886             13              9                    R 24      252523 9 5 3 4 1 4   408.0  392.0
151 6504.201684 3.517E-79 3.691E+00.09740.19827745.70320.74-.007059             17             12                    R  0      252523 9 5 3 4 1 4    24.0    8.0
151 6505.979411 1.226E-50 2.786E+00.01440.08714567.26490.50-.019890              8              5                    P 11      232523 9 4 3 3 1 4   168.0  184.0
151 6507.979733 9.252E-79 5.067E+00.07820.20527785.98370.72-.012881             17             12                    R  2      252523 9 5 3 4 1 4    56.0   40.0
151 6508.418209 6.787E-79 4.568E+00.08640.19527759.13450.76-.012125             17             12                    R  1      252523 9 5 3 4 1 4    40.0   24.0
151 6512.037735 4.451E-71 2.571E+00.00970.06024313.17890.50-.019904             13              9                    P 16      252523 9 5 3 4 1 4   248.0  264.0
151 6513.740719 1.275E-53 4.519E+00.08640.22015784.13320.76-.012137              9              6                    R  1      232523 9 4 3 3 1 4    40.0   24.0
151 6514.946207 1.424E-49 1.380E+00.00950.06014022.88870.50-.019910              7              4                    P 18      242523 9 4 3 3 1 4   280.0  296.0
151 6515.792801 2.242E-56 7.149E+00.01000.06217558.75090.50-.019912              9              6                    R 14      232523 9 4 3 3 1 4   248.0  232.0
151 6516.151326 1.000E-72 9.724E+00.01120.07025339.00960.50-.019913             14             10                    R 12      252523 9 5 3 4 1 4   216.0  200.0
151 6516.167443 4.593E-61 6.044E+00.00930.06019870.47200.50-.019913              8              5                    R 27      232523 9 4 3 3 1 4   456.0  440.0
151 6519.922529 2.358E-77 7.953E+00.00930.06027670.22300.50-.019921             12              8                    R 31      252523 9 5 3 4 1 4   520.0  504.0
151 6520.077593 2.262E-71 6.785E+00.07010.21924345.40420.61-.016235             14             10                    P  4      252523 9 5 3 4 1 4    56.0   72.0
151 6522.495927 5.288E-75 5.750E-02.00930.06025571.80930.50-.019927              9              5                    P 38      252523 9 5 3 4 1 4   600.0  616.0
151 6523.759548 1.270E-71 1.119E+00.00930.06024475.84920.50-.019930             12              8                    P 23      252523 9 5 3 4 1 4   360.0  376.0
151 6525.458404 1.639E-53 4.924E+00.07820.22015818.66780.72-.012920              9              6                    R  2      232523 9 4 3 3 1 4    56.0   40.0
151 6527.511856 6.419E-56 6.960E+00.01050.06517322.36650.50-.019938              9              6                    R 13      232523 9 4 3 3 1 4   232.0  216.0
151 6535.095121 9.697E-85 1.065E-02.00930.06029841.78530.50-.019955             12              7                    P 39      252523 9 5 3 4 1 4   616.0  632.0
151 6535.299171 1.724E-53 5.197E+00.06800.21515870.43960.71-.013601              9              6                    R  3      232523 9 4 3 3 1 4    72.0   56.0
151 6536.687959 5.542E-64 4.122E+00.00930.06021218.14920.50-.019959              7              4                    R 34      242523 9 4 3 3 1 4   568.0  552.0
151 6537.194690 1.692E-55 6.778E+00.01120.07017102.17070.50-.019960              9              6                    R 12      232523 9 4 3 3 1 4   216.0  200.0
151 6541.181560 2.037E-72 9.255E+00.01230.08025165.06470.50-.019969             14             10                    R 11      252523 9 5 3 4 1 4   200.0  184.0
151 6541.351649 2.861E-50 2.829E+00.01740.09514373.30940.15-.017712              8              5                    P 10      232523 9 4 3 3 1 4   152.0  168.0
151 6543.250150 1.565E-53 5.412E+00.05850.19415939.41260.58-.015979              9              6                    R  4      232523 9 4 3 3 1 4    88.0   72.0
151 6543.511602 2.278E-71 7.228E+00.07880.22924286.35810.71-.014237             14             10                    P  3      252523 9 5 3 4 1 4    40.0   56.0
151 6544.858096 4.102E-55 6.602E+00.01230.07516898.31730.50-.019977              9              6                    R 11      232523 9 4 3 3 1 4   200.0  184.0
151 6548.030271 4.753E-83 4.692E+00.00930.06030270.28620.50-.019984             14              9                    R 33      252523 9 5 3 4 1 4   552.0  536.0
151 6548.749985 1.268E-48 2.617E-01.00930.06013321.72210.50-.019986              5              2                    P 28      342523 9 4 3 3 1 4   440.0  456.0
151 6549.298244 1.257E-53 5.600E+00.04680.17016025.53870.35-.018555              9              6                    R  5      232523 9 4 3 3 1 4   104.0   88.0
151 6550.518212 9.125E-55 6.432E+00.01420.08516710.94850.50-.019990              9              6                    R 10      232523 9 4 3 3 1 4   184.0  168.0
151 6551.555949 1.283E-82 4.116E-01.00940.06029467.73470.50-.019992             17             11                    P 22      252523 9 5 3 4 1 4   344.0  360.0
151 6552.866870 2.151E-81 5.859E+00.00930.06029491.96720.50-.019995             15             10                    R 27      252523 9 5 3 4 1 4   456.0  440.0
151 6553.430112 9.041E-54 5.772E+00.03590.14616128.75780.40-.020127              9              6                    R  6      232523 9 4 3 3 1 4   120.0  104.0
151 6553.578960 1.318E-48 6.420E-01.00930.06013456.88830.50-.019997              6              3                    P 23      342523 9 4 3 3 1 4   360.0  376.0
151 6554.190698 1.859E-54 6.265E+00.01710.09716540.19490.35-.020529              9              6                    R  9      232523 9 4 3 3 1 4   168.0  152.0
151 6554.276272 3.662E-60 5.836E+00.00930.06019426.47200.50-.019998              8              5                    R 26      232523 9 4 3 3 1 4   440.0  424.0
151 6555.632141 5.872E-54 5.938E+00.02790.12316248.99810.29-.020497              9              6                    R  7      232523 9 4 3 3 1 4   136.0  120.0
151 6555.890420 3.461E-54 6.102E+00.02170.10616386.17570.30-.020764              9              6                    R  8      232523 9 4 3 3 1 4   152.0  136.0
151 6557.363075 1.139E-84 3.429E+00.00930.06031000.72410.50-.020005             13              8                    R 38      252523 9 5 3 4 1 4   632.0  616.0
151 6562.160913 6.360E-49 1.395E+00.00960.06013702.04640.50-.020016              7              4                    P 17      242523 9 4 3 3 1 4   264.0  280.0
151 6562.904982 3.861E-72 8.818E+00.01420.08725005.08910.50-.020018             14             10                    R 10      252523 9 5 3 4 1 4   184.0  168.0
151 6564.072947 1.903E-71 8.167E+00.08700.22624242.02980.69-.012634             14             10                    P  2      252523 9 5 3 4 1 4    24.0   40.0
151 6568.148022 1.177E-74 9.022E+00.00930.06026356.88680.50-.020029             13              9                    R 23      252523 9 5 3 4 1 4   392.0  376.0
151 6568.358014 1.291E-70 2.543E+00.01000.06024074.54370.50-.020030             13              9                    P 15      252523 9 5 3 4 1 4   232.0  248.0
151 6570.965625 1.098E-79 6.577E+00.00940.06028637.83640.50-.020036             16             11                    R 19      252523 9 5 3 4 1 4   328.0  312.0
151 6571.201036 5.030E-49 1.747E-02.00930.06013006.31060.50-.020036              3              0                    P 36      442523 9 4 3 3 1 4   568.0  584.0
151 6573.120858 1.988E-48 8.579E-02.00930.06013026.26980.50-.020041              4              1                    P 32      342523 9 4 3 3 1 4   504.0  520.0
151 6575.025267 6.085E-50 2.878E+00.02200.11014196.56720.14-.017130              8              5                    P  9      232523 9 4 3 3 1 4   136.0  152.0
151 6577.795369 1.530E-79 6.830E-01.00930.06028122.39140.50-.020051             15             10                    P 23      252523 9 5 3 4 1 4   360.0  376.0
151 6581.378631 6.794E-72 8.411E+00.01710.09624859.22010.35-.020589             14             10                    R  9      252523 9 5 3 4 1 4   168.0  152.0
151 6581.754805 1.114E-71 1.249E+01.09710.21424212.45690.65-.015325             14             10                    P  1      252523 9 5 3 4 1 4     8.0   24.0
151 6582.472176 2.053E-78 1.788E+00.01000.06027695.42290.50-.020062             16             11                    P 15      252523 9 5 3 4 1 4   232.0  248.0
151 6584.435109 4.628E-73 1.693E-01.00930.06024840.63970.50-.020066             10              6                    P 33      252523 9 5 3 4 1 4   520.0  536.0
151 6586.322405 7.034E-81 2.313E-01.00930.06028581.24780.50-.020070             14              9                    P 29      252523 9 5 3 4 1 4   456.0  472.0
151 6586.328349 6.117E-72 4.494E-01.00930.06024475.95460.50-.020070             11              7                    P 28      252523 9 5 3 4 1 4   440.0  456.0
151 6588.969493 7.473E-63 3.976E+00.00930.06020666.35310.50-.020076              7              4                    R 33      242523 9 4 3 3 1 4   552.0  536.0
151 6590.137984 2.730E-59 5.640E+00.00930.06018996.27090.50-.020079              8              5                    R 25      232523 9 4 3 3 1 4   424.0  408.0
151 6593.478429 7.376E-66 2.524E+00.00930.06022029.36650.50-.020086              6              3                    R 39      342523 9 4 3 3 1 4   648.0  632.0
151 6596.654021 1.107E-71 8.029E+00.02170.10724727.58240.30-.020856             14             10                    R  8      252523 9 5 3 4 1 4   152.0  136.0
151 6597.553353 6.162E-71 1.085E+00.00940.06024130.80380.50-.020095             12              8                    P 22      252523 9 5 3 4 1 4   344.0  360.0
151 6600.317536 6.872E-84 1.178E-01.00930.06029860.18760.50-.020102             16             10                    P 28      252523 9 5 3 4 1 4   440.0  456.0
151 6602.399561 1.065E-78 5.711E+00.00930.06028263.67180.50-.020106             11              7                    R 36      252523 9 5 3 4 1 4   600.0  584.0
151 6606.989376 1.176E-49 2.934E+00.02870.12614037.15730.13-.016645              8              5                    P  8      232523 9 4 3 3 1 4   120.0  136.0
151 6607.081191 1.719E-76 7.287E+00.00930.06027231.72990.50-.020117             12              8                    R 30      252523 9 5 3 4 1 4   504.0  488.0
151 6607.355038 2.187E-82 5.864E-02.00930.06029044.96680.50-.020117             13              8                    P 34      252523 9 5 3 4 1 4   536.0  552.0
151 6607.777712 2.614E-48 1.411E+00.00970.06113397.85300.50-.020118              7              4                    P 16      242523 9 4 3 3 1 4   248.0  264.0
151 6608.438600 1.242E-71 4.354E+00.09740.20224197.66420.74-.007293             14             10                    R  0      252523 9 5 3 4 1 4    24.0    8.0
151 6608.777765 1.668E-71 7.669E+00.02790.12624610.28850.29-.020616             14             10                    R  7      252523 9 5 3 4 1 4   136.0  120.0
151 6608.872056 9.361E-48 6.478E-01.00940.06013042.57900.50-.020121              6              3                    P 22      342523 9 4 3 3 1 4   344.0  360.0
151 6611.729948 1.421E-47 2.638E-01.00930.06012814.74210.50-.020127              5              2                    P 27      342523 9 4 3 3 1 4   424.0  440.0
151 6617.412782 2.365E-71 5.360E+00.08640.20624212.45690.76-.012369             14             10                    R  1      252523 9 5 3 4 1 4    40.0   24.0
151 6617.791675 2.311E-71 7.325E+00.03590.14924507.43800.40-.020272             14             10                    R  6      252523 9 5 3 4 1 4   120.0  104.0
151 6621.874802 3.498E-70 2.523E+00.01050.07023849.87830.50-.020150             13              9                    P 14      252523 9 5 3 4 1 4   216.0  232.0
151 6623.451935 3.153E-71 5.903E+00.07820.21024242.02980.72-.013140             14             10                    R  2      252523 9 5 3 4 1 4    56.0   40.0
151 6623.733745 2.931E-71 6.991E+00.04680.17324419.11830.35-.018722             14             10                    R  5      252523 9 5 3 4 1 4   104.0   88.0
151 6623.781344 1.901E-58 5.455E+00.00930.06018580.16080.50-.020154              8              5                    R 24      232523 9 4 3 3 1 4   408.0  392.0
151 6626.535030 3.488E-71 6.306E+00.06800.20624286.35810.71-.013806             14             10                    R  3      252523 9 5 3 4 1 4    72.0   56.0
151 6626.638028 3.377E-71 6.657E+00.05850.19224345.40420.58-.016166             14             10                    R  4      252523 9 5 3 4 1 4    88.0   72.0
151 6628.102960 5.145E-74 8.410E+00.00930.06026026.59960.50-.020164             13              9                    R 22      252523 9 5 3 4 1 4   376.0  360.0
151 6629.152947 7.714E-74 5.474E-02.00930.06024998.11240.50-.020166              9              5                    P 37      252523 9 5 3 4 1 4   584.0  600.0
151 6635.454957 3.572E-75 1.520E-02.00930.06025387.47020.50-.020180              8              4                    P 41      252523 9 5 3 4 1 4   648.0  664.0
151 6637.232829 2.059E-49 2.999E+00.03670.14013895.18750.25-.016157              8              5                    P  7      232523 9 4 3 3 1 4   104.0  120.0
151 6638.889129 9.510E-62 3.838E+00.00930.06020126.64820.50-.020188              7              4                    R 32      242523 9 4 3 3 1 4   536.0  520.0
151 6642.044658 3.238E-47 8.648E-02.00930.06012442.88260.50-.020195              4              1                    P 31      342523 9 4 3 3 1 4   488.0  504.0
151 6645.831765 1.184E-47 1.762E-02.00930.06012347.61790.50-.020203              3              0                    P 35      442523 9 4 3 3 1 4   552.0  568.0
151 6651.786309 9.876E-48 1.428E+00.01000.06313110.50740.50-.020217              7              4                    P 15      242523 9 4 3 3 1 4   232.0  248.0
151 6654.465857 3.176E-79 5.976E+00.00940.06028384.14300.50-.020223             16             11                    R 18      252523 9 5 3 4 1 4   312.0  296.0
151 6655.233068 1.234E-57 5.281E+00.00930.06018178.42370.50-.020225              8              5                    R 23      232523 9 4 3 3 1 4   392.0  376.0
151 6655.447346 1.447E-64 2.425E+00.00930.06021399.83570.50-.020225              6              3                    R 38      342523 9 4 3 3 1 4   632.0  616.0
151 6656.494245 4.833E-78 1.710E+00.01050.07027490.71600.50-.020227             16             11                    P 14      252523 9 5 3 4 1 4   216.0  232.0
151 6658.572800 2.120E-85 2.298E-02.00930.06030270.28620.50-.020232             15              9                    P 33      252523 9 5 3 4 1 4   520.0  536.0
151 6662.647254 6.145E-47 6.542E-01.00940.06012644.34520.50-.020241              6              3                    P 21      342523 9 4 3 3 1 4   328.0  344.0
151 6665.744264 3.247E-49 3.078E+00.04780.17513770.75350.35-.016267              8              5                    P  6      232523 9 4 3 3 1 4    88.0  104.0
151 6668.524268 2.818E-70 1.059E+00.00940.06023798.79340.50-.020254             12              8                    P 21      252523 9 5 3 4 1 4   328.0  344.0
151 6671.381799 4.332E-71 4.325E-01.00930.06024052.41370.50-.020261             11              7                    P 27      252523 9 5 3 4 1 4   424.0  440.0
151 6672.614131 8.848E-70 2.516E+00.01120.07023639.36540.50-.020263             13              9                    P 13      252523 9 5 3 4 1 4   200.0  216.0
151 6673.273672 1.478E-46 2.661E-01.00930.06012322.99720.50-.020265              5              2                    P 26      342523 9 4 3 3 1 4   408.0  424.0
151 6680.397522 4.737E-72 1.618E-01.00930.06024340.48420.50-.020281             10              6                    P 32      252523 9 5 3 4 1 4   504.0  520.0
151 6680.619162 1.011E-80 5.197E+00.00930.06029133.72740.50-.020281             15             10                    R 26      252523 9 5 3 4 1 4   440.0  424.0
151 6683.948245 5.851E-79 6.109E-01.00940.06027807.49280.50-.020289             15             10                    P 22      252523 9 5 3 4 1 4   344.0  360.0
151 6684.121743 2.122E-73 7.851E+00.00940.06025708.66160.50-.020289             13              9                    R 21      252523 9 5 3 4 1 4   360.0  344.0
151 6684.517514 7.462E-57 5.115E+00.00930.06017791.33160.50-.020290              8              5                    R 22      232523 9 4 3 3 1 4   376.0  360.0
151 6686.486583 1.140E-60 3.707E+00.00930.06019599.39070.50-.020295              7              4                    R 31      242523 9 4 3 3 1 4   520.0  504.0
151 6689.486476 1.192E-75 6.685E+00.00930.06026803.74880.50-.020301             12              8                    R 29      252523 9 5 3 4 1 4   488.0  472.0
151 6692.512135 4.573E-49 3.178E+00.05890.20513663.93930.46-.016474              8              5                    P  5      232523 9 4 3 3 1 4    72.0   88.0
151 6694.175963 3.423E-47 1.447E+00.01050.06612840.19740.50-.020312              7              4                    P 14      242523 9 4 3 3 1 4   216.0  232.0
151 6700.067742 6.532E-84 5.768E-03.00930.06029307.59250.50-.020325             12              7                    P 38      252523 9 5 3 4 1 4   600.0  616.0
151 6704.703204 1.077E-77 5.161E+00.00930.06027754.83710.50-.020335             11              7                    R 35      252523 9 5 3 4 1 4   584.0  568.0
151 6705.807885 4.025E-82 3.501E-01.00940.06029179.90790.50-.020338             17             11                    P 21      252523 9 5 3 4 1 4   328.0  344.0
151 6709.606761 4.918E-46 8.725E-02.00930.06011873.98910.50-.020346              4              1                    P 30      342523 9 4 3 3 1 4   472.0  488.0
151 6711.657377 4.194E-56 4.959E+00.00940.06017419.14640.50-.020351              8              5                    R 21      232523 9 4 3 3 1 4   360.0  344.0
151 6712.236885 3.195E-82 4.100E+00.00930.06029834.26930.50-.020352             14              9                    R 32      252523 9 5 3 4 1 4   536.0  520.0
151 6714.894371 3.722E-46 6.612E-01.00940.06012262.43910.50-.020358              6              3                    P 20      342523 9 4 3 3 1 4   312.0  328.0
151 6715.000417 2.697E-63 2.333E+00.00930.06020781.08750.50-.020358              6              3                    R 37      342523 9 4 3 3 1 4   616.0  600.0
151 6715.079508 3.740E-80 1.914E-01.00930.06028183.24500.50-.020359             14              9                    P 28      252523 9 5 3 4 1 4   440.0  456.0
151 6717.524754 5.680E-49 3.316E+00.07010.23013574.81710.61-.016678              8              5                    P  4      232523 9 4 3 3 1 4    56.0   72.0
151 6719.177033 2.612E-46 1.778E-02.00930.06011702.52470.50-.020368              3              0                    P 34      442523 9 4 3 3 1 4   536.0  552.0
151 6720.597594 2.084E-69 2.517E+00.01240.08023443.17540.50-.020371             13              9                    P 12      252523 9 5 3 4 1 4   184.0  200.0
151 6725.794693 1.074E-77 1.647E+00.01120.07027298.78030.50-.020383             16             11                    P 13      252523 9 5 3 4 1 4   200.0  216.0
151 6731.327181 8.668E-79 5.431E+00.00950.06028142.35330.50-.020395             16             11                    R 17      252523 9 5 3 4 1 4   296.0  280.0
151 6731.797621 1.284E-59 3.584E+00.00930.06019084.92730.50-.020396              7              4                    R 30      242523 9 4 3 3 1 4   504.0  488.0
151 6732.899175 1.091E-72 5.304E-02.00930.06024434.35190.50-.020399              9              5                    P 36      252523 9 5 3 4 1 4   568.0  584.0
151 6733.371502 1.426E-45 2.687E-01.00930.06011846.78920.50-.020400              5              2                    P 25      342523 9 4 3 3 1 4   392.0  408.0
151 6734.935545 1.087E-46 1.468E+00.01120.07212587.10000.50-.020403              7              4                    P 13      242523 9 4 3 3 1 4   200.0  216.0
151 6736.334143 8.229E-73 7.340E+00.00940.06025403.34160.50-.020406             13              9                    R 20      252523 9 5 3 4 1 4   344.0  328.0
151 6736.673783 2.189E-55 4.811E+00.00940.06017062.11960.50-.020407              8              5                    R 20      232523 9 4 3 3 1 4   344.0  328.0
151 6736.719379 1.213E-69 1.039E+00.00940.06023480.07890.50-.020407             12              8                    P 20      252523 9 5 3 4 1 4   312.0  328.0
151 6740.770311 6.074E-49 3.533E+00.07880.23513503.44700.71-.014679              8              5                    P  3      232523 9 4 3 3 1 4    40.0   56.0
151 6746.783600 7.077E-74 1.524E-02.00930.06024761.76590.50-.020430              8              4                    P 40      252523 9 5 3 4 1 4   632.0  648.0
151 6753.580580 1.455E-81 4.324E-02.00930.06028577.23680.50-.020445             13              8                    P 33      252523 9 5 3 4 1 4   520.0  536.0
151 6753.623501 2.913E-70 4.195E-01.00930.06023641.11150.50-.020445             11              7                    P 26      252523 9 5 3 4 1 4   408.0  424.0
151 6755.231781 1.043E-83 2.999E+00.00930.06030499.96820.50-.020449             13              8                    R 37      252523 9 5 3 4 1 4   616.0  600.0
151 6759.586489 1.059E-54 4.670E+00.00940.06016720.49240.50-.020458              8              5                    R 19      232523 9 4 3 3 1 4   328.0  312.0
151 6762.236907 5.301E-49 3.987E+00.08700.23013449.87720.69-.013078              8              5                    P  2      232523 9 4 3 3 1 4    24.0   40.0
151 6765.602628 2.078E-45 6.687E-01.00940.06011897.10300.50-.020472              6              3                    P 19      342523 9 4 3 3 1 4   296.0  312.0
151 6765.842787 4.559E-69 2.529E+00.01440.09023261.46670.50-.020472             13              9                    P 11      252523 9 5 3 4 1 4   168.0  184.0
151 6767.379304 7.864E-75 6.141E+00.00930.06026386.63950.50-.020476             12              8                    R 28      252523 9 5 3 4 1 4   472.0  456.0
151 6772.184888 4.766E-62 2.246E+00.00930.06020173.51710.50-.020487              6              3                    R 36      342523 9 4 3 3 1 4   600.0  584.0
151 6773.521301 4.646E-71 1.565E-01.00930.06023851.52790.50-.020490             10              6                    P 31      252523 9 5 3 4 1 4   488.0  504.0
151 6774.053601 3.156E-46 1.490E+00.01240.07712351.38080.50-.020491              7              4                    P 12      242523 9 4 3 3 1 4   184.0  200.0
151 6774.854549 1.358E-58 3.466E+00.00930.06018583.59580.50-.020492              7              4                    R 29      242523 9 4 3 3 1 4   488.0  472.0
151 6775.797435 6.952E-45 8.810E-02.00930.06011319.92760.50-.020495              4              1                    P 29      342523 9 4 3 3 1 4   456.0  472.0
151 6780.414061 4.742E-54 4.536E+00.00940.06016394.49520.50-.020505              8              5                    R 18      232523 9 4 3 3 1 4   312.0  296.0
151 6781.912566 3.185E-49 6.075E+00.09710.21713414.14390.65-.015774              8              5                    P  1      232523 9 4 3 3 1 4     8.0   24.0
151 6784.774166 2.141E-78 5.529E-01.00940.06027504.20560.50-.020515             15             10                    P 21      252523 9 5 3 4 1 4   328.0  344.0
151 6784.855360 3.002E-72 6.874E+00.00940.06025110.89580.50-.020515             13              9                    R 19      252523 9 5 3 4 1 4   328.0  312.0
151 6790.496653 2.245E-77 1.599E+00.01240.08027119.79830.50-.020528             16             11                    P 12      252523 9 5 3 4 1 4   184.0  200.0
151 6791.227410 5.386E-45 1.796E-02.00930.06011071.40250.50-.020529              3              0                    P 33      442523 9 4 3 3 1 4   520.0  536.0
151 6792.012981 1.273E-44 2.715E-01.00930.06011386.41060.50-.020531              5              2                    P 24      342523 9 4 3 3 1 4   376.0  392.0
151 6796.002859 2.753E-83 8.672E-02.00930.06029491.96720.50-.020540             16             10                    P 27      252523 9 5 3 4 1 4   424.0  440.0
151 6799.085026 4.507E-80 4.592E+00.00930.06028785.82660.50-.020547             15             10                    R 25      252523 9 5 3 4 1 4   424.0  408.0
151 6799.174025 1.964E-53 4.409E+00.00950.06016084.34810.50-.020547              8              5                    R 17      232523 9 4 3 3 1 4   296.0  280.0
151 6801.805704 1.045E-76 4.672E+00.00930.06027255.32260.50-.020553             11              7                    R 34      252523 9 5 3 4 1 4   568.0  552.0
151 6801.928592 2.231E-78 4.943E+00.00960.06027912.70530.50-.020553             16             11                    R 16      252523 9 5 3 4 1 4   280.0  264.0
151 6802.179113 4.908E-69 1.025E+00.00940.06023174.90930.50-.020554             12              8                    P 19      252523 9 5 3 4 1 4   296.0  312.0
151 6802.225202 5.444E-82 1.722E+00.00930.06029467.73470.50-.020554             17             11                    R 22      252523 9 5 3 4 1 4   376.0  360.0
151 6808.363685 9.253E-69 2.549E+00.01740.09023094.38560.15-.018310             13              9                    P 10      252523 9 5 3 4 1 4   152.0  168.0
151 6811.518484 8.366E-46 1.515E+00.01440.08712133.19410.50-.020575              7              4                    P 11      242523 9 4 3 3 1 4   168.0  184.0
151 6814.760733 1.067E-44 6.769E-01.00950.06011548.56850.50-.020582              6              3                    P 18      342523 9 4 3 3 1 4   280.0  296.0
151 6815.686733 1.346E-57 3.355E+00.00930.06018095.72490.50-.020584              7              4                    R 28      242523 9 4 3 3 1 4   472.0  456.0
151 6815.842918 3.556E-49 2.093E+00.09740.21013396.27120.74-.007757              8              5                    R  0      232523 9 4 3 3 1 4    24.0    8.0
151 6815.883007 7.508E-53 4.287E+00.00960.06015790.26030.50-.020584              8              5                    R 16      232523 9 4 3 3 1 4   280.0  264.0
151 6827.042707 7.968E-61 2.163E+00.00930.06019577.51160.50-.020609              6              3                    R 35      342523 9 4 3 3 1 4   584.0  568.0
151 6829.788087 1.027E-71 6.448E+00.00940.06024831.56790.50-.020616             13              9                    R 18      252523 9 5 3 4 1 4   312.0  296.0
151 6830.073434 6.606E-49 2.556E+00.08640.22013414.14390.76-.012845              8              5                    R  1      232523 9 4 3 3 1 4    40.0   24.0
151 6830.556858 2.646E-52 4.171E+00.00970.06015512.43000.50-.020617              8              5                    R 15      232523 9 4 3 3 1 4   264.0  248.0
151 6830.629829 7.920E-88 2.456E-04.00930.06030499.96820.50-.020617             14              8                    P 37      252523 9 5 3 4 1 4   584.0  600.0
151 6833.113564 1.855E-69 4.098E-01.00930.06023242.35950.50-.020623             11              7                    P 25      252523 9 5 3 4 1 4   392.0  408.0
151 6833.836468 1.492E-71 5.217E-02.00930.06023880.92890.50-.020625              9              5                    P 35      252523 9 5 3 4 1 4   552.0  568.0
151 6837.874802 1.931E-79 1.616E-01.00930.06027795.70010.50-.020634             14              9                    P 27      252523 9 5 3 4 1 4   424.0  440.0
151 6840.606014 9.130E-44 8.903E-02.00930.06010781.02810.50-.020640              4              1                    P 28      342523 9 4 3 3 1 4   440.0  456.0
151 6840.967570 4.921E-74 5.652E+00.00930.06025980.74830.50-.020641             12              8                    R 27      252523 9 5 3 4 1 4   456.0  440.0
151 6842.464675 8.448E-49 2.788E+00.07820.22013449.87720.72-.013631              8              5                    R  2      232523 9 4 3 3 1 4    56.0   40.0
151 6842.925169 1.698E-78 3.290E+00.00930.06028055.28310.50-.020645             10              6                    R 39      252523 9 5 3 4 1 4   648.0  632.0
151 6843.210761 8.589E-52 4.060E+00.01000.06215251.04470.50-.020646              8              5                    R 14      232523 9 4 3 3 1 4   248.0  232.0
151 6847.318070 2.020E-45 1.542E+00.01740.09511932.68300.15-.018398              7              4                    P 10      242523 9 4 3 3 1 4   152.0  168.0
151 6848.171041 1.737E-68 2.581E+00.02200.11022942.06600.14-.017742             13              9                    P  9      252523 9 5 3 4 1 4   136.0  152.0
151 6848.249840 1.192E-81 2.961E-01.00940.06028903.18070.50-.020657             17             11                    P 20      252523 9 5 3 4 1 4   312.0  328.0
151 6849.186945 1.050E-43 2.745E-01.00930.06010942.14460.50-.020659              5              2                    P 23      342523 9 4 3 3 1 4   360.0  376.0
151 6850.704596 4.414E-77 1.564E+00.01440.09026953.93880.50-.020662             16             11                    P 11      252523 9 5 3 4 1 4   168.0  184.0
151 6853.004480 8.815E-49 2.944E+00.06800.21513503.44700.71-.014313              8              5                    R  3      232523 9 4 3 3 1 4    72.0   56.0
151 6853.859327 2.563E-51 3.953E+00.01050.06515006.28060.50-.020669              8              5                    R 13      232523 9 4 3 3 1 4   232.0  216.0
151 6854.320538 1.247E-56 3.249E+00.00930.06017621.63410.50-.020670              7              4                    R 27      242523 9 4 3 3 1 4   456.0  440.0
151 6855.318335 1.366E-72 1.557E-02.00930.06024145.40570.50-.020673              8              4                    P 39      252523 9 5 3 4 1 4   616.0  632.0
151 6857.502408 4.386E-83 3.229E-03.00930.06028781.40310.50-.020678             12              7                    P 37      252523 9 5 3 4 1 4   584.0  600.0
151 6861.680662 7.917E-49 3.068E+00.05850.19413574.81710.58-.016693              8              5                    R  4      232523 9 4 3 3 1 4    88.0   72.0
151 6861.972117 1.036E-43 1.816E-02.00930.06010454.61580.50-.020688              3              0                    P 32      442523 9 4 3 3 1 4   504.0  520.0
151 6862.356947 5.036E-44 6.857E-01.00960.06011217.05720.50-.020688              6              3                    P 17      342523 9 4 3 3 1 4   264.0  280.0
151 6862.516685 7.021E-51 3.850E+00.01120.07014778.30270.50-.020689              8              5                    R 12      232523 9 4 3 3 1 4   216.0  200.0
151 6863.532137 2.041E-81 3.541E+00.00930.06029407.14960.50-.020691             14              9                    R 31      252523 9 5 3 4 1 4   520.0  504.0
151 6863.884094 4.354E-70 1.529E-01.00930.06023374.12900.50-.020692             10              6                    P 30      252523 9 5 3 4 1 4   472.0  488.0
151 6864.938027 1.862E-68 1.015E+00.00950.06022883.52210.50-.020694             12              8                    P 18      252523 9 5 3 4 1 4   280.0  296.0
151 6866.587464 5.408E-78 4.503E+00.00970.06027695.42290.50-.020698             16             11                    R 15      252523 9 5 3 4 1 4   264.0  248.0
151 6868.480991 6.268E-49 3.176E+00.04680.17013663.93930.35-.019270              8              5                    R  5      232523 9 4 3 3 1 4   104.0   88.0
151 6869.196557 1.763E-50 3.751E+00.01230.07514567.26490.50-.020704              8              5                    R 11      232523 9 4 3 3 1 4   200.0  184.0
151 6871.224219 3.297E-71 6.059E+00.00950.06024565.58930.50-.020708             13              9                    R 17      252523 9 5 3 4 1 4   296.0  280.0
151 6873.393193 4.432E-49 3.276E+00.03590.14613770.75350.40-.020844              8              5                    R  6      232523 9 4 3 3 1 4   120.0  104.0
151 6873.912322 4.051E-50 3.654E+00.01420.08514373.30940.50-.020714              8              5                    R 10      232523 9 4 3 3 1 4   184.0  168.0
151 6876.404926 2.821E-49 3.371E+00.02790.12313895.18750.29-.021216              8              5                    R  7      232523 9 4 3 3 1 4   136.0  120.0
151 6876.677164 8.499E-50 3.559E+00.01710.09714196.56720.35-.021251              8              5                    R  9      232523 9 4 3 3 1 4   168.0  152.0
151 6877.503763 1.624E-49 3.465E+00.02170.10614037.15730.30-.021485              8              5                    R  8      232523 9 4 3 3 1 4   152.0  136.0
151 6879.611199 1.258E-59 2.086E+00.00930.06018993.44970.50-.020727              6              3                    R 34      342523 9 4 3 3 1 4   568.0  552.0
151 6880.522381 7.479E-78 5.067E-01.00940.06027212.81090.50-.020729             15             10                    P 20      252523 9 5 3 4 1 4   312.0  328.0
151 6881.440349 4.435E-45 1.572E+00.02200.11011749.97880.14-.017816              7              4                    P  9      252523 9 4 3 3 1 4   136.0  152.0
151 6885.272380 3.006E-68 2.622E+00.02870.13022804.63020.13-.017268             13              9                    P  8      252523 9 5 3 4 1 4   120.0  136.0
151 6887.630297 7.803E-85 1.121E-02.00930.06029834.26930.50-.020745             15              9                    P 32      252523 9 5 3 4 1 4   504.0  520.0
151 6890.780414 1.080E-55 3.149E+00.00930.06017161.63320.50-.020752              7              4                    R 26      242523 9 4 3 3 1 4   440.0  424.0
151 6893.254019 9.586E-81 3.301E-02.00930.06028118.85460.50-.020758             13              8                    P 32      252523 9 5 3 4 1 4   504.0  520.0
151 6894.022721 9.694E-76 4.238E+00.00930.06026765.53740.50-.020759             11              7                    R 33      252523 9 5 3 4 1 4   552.0  536.0
151 6903.581744 7.469E-85 3.812E-04.00930.06029198.31670.50-.020781             11              6                    P 41      252523 9 5 3 4 1 4   648.0  664.0
151 6904.021003 1.112E-42 9.003E-02.00930.06010257.61220.50-.020782              4              1                    P 27      342523 9 4 3 3 1 4   424.0  440.0
151 6904.881608 7.995E-43 2.778E-01.00940.06010514.26480.50-.020784              5              2                    P 22      342523 9 4 3 3 1 4   344.0  360.0
151 6906.506888 8.130E-77 1.542E+00.01740.09026801.35730.15-.018530             16             11                    P 10      252523 9 5 3 4 1 4   152.0  168.0
151 6908.379150 2.180E-43 6.952E-01.00970.06110902.77970.50-.020792              6              3                    P 16      342523 9 4 3 3 1 4   248.0  264.0
151 6909.203074 1.908E-79 4.051E+00.00930.06028448.60610.50-.020793             15             10                    R 24      252523 9 5 3 4 1 4   408.0  392.0
151 6909.246273 9.902E-71 5.703E+00.00960.06024313.17890.50-.020794             13              9                    R 16      252523 9 5 3 4 1 4   280.0  264.0
151 6909.880578 9.392E-88 2.197E-03.00930.06030932.27530.50-.020795             13              7                    P 41      252523 9 5 3 4 1 4   648.0  664.0
151 6909.903809 1.117E-68 4.031E-01.00930.06022856.45800.50-.020795             11              7                    P 24      252523 9 5 3 4 1 4   376.0  392.0
151 6910.431946 2.917E-73 5.213E+00.00930.06025586.40890.50-.020796             12              8                    R 26      252523 9 5 3 4 1 4   440.0  424.0
151 6913.873067 8.821E-45 1.606E+00.02870.12611585.20140.13-.017332              7              4                    P  8      252523 9 4 3 3 1 4   120.0  136.0
151 6919.672714 4.775E-68 2.678E+00.03670.16322682.18790.25-.016790             13              9                    P  7      252523 9 5 3 4 1 4   104.0  120.0
151 6925.025483 6.609E-68 1.010E+00.00960.06022606.14330.50-.020829             12              8                    P 17      252523 9 5 3 4 1 4   264.0  280.0
151 6925.088585 8.714E-55 3.054E+00.00930.06016716.02290.50-.020829              7              4                    R 25      242523 9 4 3 3 1 4   424.0  408.0
151 6925.572800 1.233E-77 4.112E+00.01000.06027490.71600.50-.020830             16             11                    R 14      252523 9 5 3 4 1 4   248.0  232.0
151 6929.923644 1.872E-58 2.012E+00.00930.06018421.70180.50-.020840              6              3                    R 33      342523 9 4 3 3 1 4   552.0  536.0
151 6931.399541 1.856E-42 1.837E-02.00930.060 9852.52120.50-.020843              3              0                    P 31      442523 9 4 3 3 1 4   488.0  504.0
151 6932.052310 1.962E-70 5.197E-02.00930.06023338.23390.50-.020845              9              5                    P 34      252523 9 5 3 4 1 4   536.0  552.0
151 6934.736005 8.980E-83 2.542E+00.00930.06030006.77740.50-.020851             13              8                    R 36      252523 9 5 3 4 1 4   600.0  584.0
151 6938.329620 1.437E-61 1.119E+00.00930.06019809.02530.50-.020859              5              2                    R 39      342523 9 4 3 3 1 4   648.0  632.0
151 6943.928583 2.779E-70 5.378E+00.00970.06024074.54370.50-.020871             13              9                    R 15      252523 9 5 3 4 1 4   264.0  248.0
151 6944.603873 1.584E-44 1.645E+00.03670.14011438.45890.25-.016846              7              4                    P  7      252523 9 4 3 3 1 4   104.0  120.0
151 6950.199703 2.179E-77 2.947E+00.00930.06027496.08790.50-.020885             10              6                    R 38      252523 9 5 3 4 1 4   632.0  616.0
151 6951.374388 6.929E-68 2.751E+00.04780.18122574.83690.35-.016907             13              9                    P  6      252523 9 5 3 4 1 4    88.0  104.0
151 6951.552845 3.886E-69 1.508E-01.00930.06022908.63480.50-.020888             10              6                    P 29      252523 9 5 3 4 1 4   456.0  472.0
151 6952.814901 8.647E-43 7.053E-01.01000.06310605.93590.50-.020891              6              3                    P 15      342523 9 4 3 3 1 4   232.0  248.0
151 6955.089558 9.660E-79 1.394E-01.00930.06027418.96320.50-.020896             14              9                    P 26      252523 9 5 3 4 1 4   408.0  424.0
151 6957.265496 6.547E-54 2.963E+00.00930.06016285.09410.50-.020901              7              4                    R 24      242523 9 4 3 3 1 4   408.0  392.0
151 6957.977840 1.400E-76 1.531E+00.02200.11026662.19600.14-.017988             16             11                    P  9      252523 9 5 3 4 1 4   136.0  152.0
151 6959.084638 5.609E-42 2.813E-01.00940.06010103.03500.50-.020905              5              2                    P 21      342523 9 4 3 3 1 4   328.0  344.0
151 6961.158171 2.551E-71 1.615E-02.00930.06023538.81000.50-.020910              8              4                    P 38      252523 9 5 3 4 1 4   600.0  616.0
151 6966.030177 1.254E-41 9.110E-02.00930.060 9749.99270.50-.020921              4              1                    P 26      342523 9 4 3 3 1 4   408.0  424.0
151 6968.751513 1.999E-81 1.711E+00.00940.06029179.90790.50-.020927             17             11                    R 21      252523 9 5 3 4 1 4   360.0  344.0
151 6971.403888 2.491E-77 4.699E-01.00940.06026933.57580.50-.020933             15             10                    P 19      252523 9 5 3 4 1 4   296.0  312.0
151 6973.620358 2.553E-44 1.691E+00.04780.17511309.84770.35-.016956              7              4                    P  6      252523 9 4 3 3 1 4    88.0  104.0
151 6974.500156 1.021E-82 6.170E-02.00930.06029133.72740.50-.020940             16             10                    P 26      252523 9 5 3 4 1 4   408.0  424.0
151 6975.338300 7.285E-70 5.079E+00.01000.06023849.87830.50-.020942             13              9                    R 14      252523 9 5 3 4 1 4   248.0  232.0
151 6975.930420 1.637E-72 4.818E+00.00930.06025203.94210.50-.020943             12              8                    R 25      252523 9 5 3 4 1 4   424.0  408.0
151 6978.009792 2.622E-57 1.943E+00.00930.06017862.63000.50-.020948              6              3                    R 32      342523 9 4 3 3 1 4   536.0  520.0
151 6979.114782 2.643E-77 3.764E+00.01050.07027298.78030.50-.020950             16             11                    R 13      252523 9 5 3 4 1 4   232.0  216.0
151 6980.377358 9.108E-68 2.847E+00.05890.20222482.66280.46-.017118             13              9                    P  5      252523 9 5 3 4 1 4    72.0   88.0
151 6980.548025 3.370E-81 2.525E-01.00940.06028637.83640.50-.020953             17             11                    P 19      252523 9 5 3 4 1 4   296.0  312.0
151 6981.622166 8.592E-75 3.854E+00.00930.06026285.87720.50-.020956             11              7                    R 32      252523 9 5 3 4 1 4   536.0  520.0
151 6982.466236 2.193E-67 1.010E+00.00970.06022342.98690.50-.020958             12              8                    P 16      252523 9 5 3 4 1 4   248.0  264.0
151 6984.038810 6.343E-68 3.988E-01.00930.06022483.69590.50-.020961             11              7                    P 23      252523 9 5 3 4 1 4   360.0  376.0
151 6987.330040 4.573E-53 2.876E+00.00930.06015869.12800.50-.020968              7              4                    R 23      242523 9 4 3 3 1 4   392.0  376.0
151 6995.651491 3.137E-42 7.161E-01.01050.06610326.71490.50-.020987              6              3                    P 14      342523 9 4 3 3 1 4   216.0  232.0
151 6998.196017 3.154E-60 1.076E+00.00930.06019156.83500.50-.020993              5              2                    R 38      342523 9 4 3 3 1 4   632.0  616.0
151 6999.497224 3.092E-41 1.859E-02.00930.060 9265.46770.50-.020996              3              0                    P 30      442523 9 4 3 3 1 4   472.0  488.0
151 7000.910078 3.665E-44 1.748E+00.05890.20511199.45210.46-.017164              7              4                    P  5      252523 9 4 3 3 1 4    72.0   88.0
151 7003.536255 1.780E-69 4.805E+00.01050.07023639.36540.50-.021005             13              9                    R 13      252523 9 5 3 4 1 4   232.0  216.0
151 7003.949267 1.245E-80 3.043E+00.00930.06028989.34310.50-.021006             14              9                    R 30      252523 9 5 3 4 1 4   504.0  488.0
151 7005.179358 2.246E-76 1.533E+00.02870.13026536.58400.13-.017537             16             11                    P  8      252523 9 5 3 4 1 4   120.0  136.0
151 7006.679335 1.070E-67 2.982E+00.07010.21922405.73880.61-.017325             13              9                    P  4      252523 9 5 3 4 1 4    56.0   72.0
151 7008.140305 3.058E-82 1.953E-03.00930.06028263.67180.50-.021015             12              7                    P 36      252523 9 5 3 4 1 4   568.0  584.0
151 7011.694276 7.671E-79 3.575E+00.00930.06028122.39140.50-.021023             15             10                    R 23      252523 9 5 3 4 1 4   392.0  376.0
151 7011.783235 3.620E-41 2.850E-01.00940.060 9708.70910.50-.021023              5              2                    P 20      342523 9 4 3 3 1 4   312.0  328.0
151 7015.299763 2.964E-52 2.793E+00.00930.06015468.39610.50-.021031              7              4                    R 22      242523 9 4 3 3 1 4   376.0  360.0
151 7023.896316 3.447E-56 1.877E+00.00930.06017316.58790.50-.021050              6              3                    R 31      342523 9 4 3 3 1 4   520.0  504.0
151 7026.460591 4.626E-44 1.827E+00.07010.23011107.34470.61-.017370              7              4                    P  4      252523 9 4 3 3 1 4    56.0   72.0
151 7026.620664 1.308E-40 9.224E-02.00930.060 9258.47340.50-.021056              4              1                    P 25      342523 9 4 3 3 1 4   392.0  408.0
151 7026.889533 6.287E-80 2.623E-02.00930.06027670.22300.50-.021057             13              8                    P 31      252523 9 5 3 4 1 4   488.0  504.0
151 7027.411872 5.314E-77 3.453E+00.01120.07027119.79830.50-.021058             16             11                    R 12      252523 9 5 3 4 1 4   216.0  200.0
151 7027.621835 2.470E-69 5.234E-02.00930.06022806.64750.50-.021059              9              5                    P 33      252523 9 5 3 4 1 4   520.0  536.0
151 7028.577676 4.044E-69 4.553E+00.01120.07023443.17540.50-.021061             13              9                    R 12      252523 9 5 3 4 1 4   216.0  200.0
151 7030.275899 1.098E-67 3.195E+00.07880.22922344.12620.71-.015328             13              9                    P  3      252523 9 5 3 4 1 4    40.0   56.0
151 7036.585208 3.293E-68 1.499E-01.00930.06022455.38200.50-.021079             10              6                    P 28      252523 9 5 3 4 1 4   440.0  456.0
151 7036.876000 1.040E-41 7.277E-01.01120.07210065.29470.50-.021079              6              3                    P 13      342523 9 4 3 3 1 4   200.0  216.0
151 7037.280927 6.785E-67 1.013E+00.01000.06022094.25550.50-.021080             12              8                    P 15      252523 9 5 3 4 1 4   232.0  248.0
151 7037.601915 8.667E-72 4.462E+00.00930.06024833.65670.50-.021081             12              8                    R 24      252523 9 5 3 4 1 4   408.0  392.0
151 7041.191045 1.781E-51 2.715E+00.00940.06015083.16000.50-.021089              7              4                    R 21      242523 9 4 3 3 1 4   360.0  344.0
151 7048.162336 3.344E-76 1.546E+00.03670.18226424.63740.25-.017078             16             11                    P  7      252523 9 5 3 4 1 4   104.0  120.0
151 7050.259475 5.012E-44 1.949E+00.07880.23511033.58610.71-.015372              7              4                    P  3      252523 9 4 3 3 1 4    40.0   56.0
151 7050.512814 8.541E-69 4.320E+00.01230.08023261.46670.50-.021110             13              9                    R 11      252523 9 5 3 4 1 4   200.0  184.0
151 7051.160594 9.316E-68 3.630E+00.08700.22622297.87390.69-.013725             13              9                    P  2      252523 9 5 3 4 1 4    24.0   40.0
151 7052.409900 2.690E-76 2.647E+00.00930.06026945.70200.50-.021114             10              6                    R 37      252523 9 5 3 4 1 4   616.0  600.0
151 7055.556785 3.389E-67 3.969E-01.00940.06022124.35110.50-.021121             11              7                    P 22      252523 9 5 3 4 1 4   344.0  360.0
151 7055.807881 6.556E-59 1.035E+00.00930.06018516.00140.50-.021122              5              2                    R 37      342523 9 4 3 3 1 4   616.0  600.0
151 7057.598261 7.894E-77 4.411E-01.00950.06026666.75360.50-.021126             15             10                    P 18      252523 9 5 3 4 1 4   280.0  296.0
151 7062.964194 2.146E-40 2.889E-01.00940.060 9331.53100.50-.021138              5              2                    P 19      342523 9 4 3 3 1 4   296.0  312.0
151 7064.356528 5.106E-71 1.059E-02.00930.06023319.15330.50-.021141              7              3                    P 41      252523 9 5 3 4 1 4   648.0  664.0
151 7064.387773 4.584E-70 1.690E-02.00930.06022942.38960.50-.021141              8              4                    P 37      252523 9 5 3 4 1 4   584.0  600.0
151 7064.833451 7.258E-74 3.514E+00.00930.06025816.72490.50-.021142             11              7                    R 31      252523 9 5 3 4 1 4   520.0  504.0
151 7065.019267 9.901E-51 2.639E+00.00940.06014713.67100.50-.021142              7              4                    R 20      242523 9 4 3 3 1 4   344.0  328.0
151 7065.355829 1.509E-83 5.045E-04.00930.06028622.84500.50-.021143             11              6                    P 40      252523 9 5 3 4 1 4   632.0  648.0
151 7066.251957 4.779E-40 1.883E-02.00930.060 8693.79610.50-.021145              3              0                    P 29      442523 9 4 3 3 1 4   456.0  472.0
151 7067.040483 4.684E-78 1.228E-01.00930.06027053.36990.50-.021147             14              9                    P 25      252523 9 5 3 4 1 4   392.0  408.0
151 7067.607205 4.249E-55 1.815E+00.00930.06016783.92070.50-.021148              6              3                    R 30      342523 9 4 3 3 1 4   504.0  488.0
151 7069.324996 5.516E-68 5.578E+00.09710.21422267.01860.65-.016417             13              9                    P  1      252523 9 5 3 4 1 4     8.0   24.0
151 7069.387476 1.673E-68 4.104E+00.01420.08723094.38560.50-.021152             13              9                    R 10      252523 9 5 3 4 1 4   184.0  168.0
151 7070.636196 1.001E-76 3.175E+00.01230.08026953.93880.50-.021155             16             11                    R 11      252523 9 5 3 4 1 4   200.0  184.0
151 7072.294355 4.418E-44 2.201E+00.08700.23010978.22460.69-.013772              7              4                    P  2      252523 9 4 3 3 1 4    24.0   40.0
151 7075.259215 7.322E-87 2.279E-04.00930.06030006.77740.50-.021165             14              8                    P 36      252523 9 5 3 4 1 4   568.0  584.0
151 7076.475341 3.141E-41 7.402E-01.01240.077 9821.84190.50-.021168              6              3                    P 12      342523 9 4 3 3 1 4   184.0  200.0
151 7085.243476 3.033E-68 3.904E+00.01710.09622942.06600.35-.021718             13              9                    R  9      252523 9 5 3 4 1 4   168.0  152.0
151 7085.779032 1.258E-39 9.344E-02.00930.060 8783.34890.50-.021189              4              1                    P 24      342523 9 4 3 3 1 4   376.0  392.0
151 7086.798956 5.088E-50 2.567E+00.00940.06014360.17030.50-.021191              7              4                    R 19      242523 9 4 3 3 1 4   328.0  312.0
151 7086.967501 4.590E-76 1.574E+00.04780.19726326.45910.35-.017210             16             11                    P  6      252523 9 5 3 4 1 4    88.0  104.0
151 7089.486526 1.955E-66 1.019E+00.01050.07021860.13990.50-.021197             12              8                    P 14      252523 9 5 3 4 1 4   216.0  232.0
151 7092.553001 2.673E-44 3.358E+00.09710.21710941.29680.65-.016469              7              4                    P  1      252523 9 4 3 3 1 4     8.0   24.0
151 7094.576574 2.461E-84 4.859E-03.00930.06029407.14960.50-.021209             15              9                    P 31      252523 9 5 3 4 1 4   488.0  504.0
151 7095.569114 4.328E-71 4.141E+00.00930.06024475.84920.50-.021211             12              8                    R 23      252523 9 5 3 4 1 4   392.0  376.0
151 7097.449633 6.226E-68 1.963E+00.09740.20222251.58480.74-.008388             13              9                    R  0      252523 9 5 3 4 1 4    24.0    8.0
151 7098.119029 5.076E-68 3.717E+00.02170.10722804.63020.30-.021979             13              9                    R  8      252523 9 5 3 4 1 4   152.0  136.0
151 7100.300263 7.397E-82 2.133E+00.00930.06029521.62560.50-.021221             13              8                    R 35      252523 9 5 3 4 1 4   584.0  568.0
151 7103.785789 9.122E-81 2.180E-01.00950.06028384.14300.50-.021229             17             11                    P 18      252523 9 5 3 4 1 4   280.0  296.0
151 7106.543912 2.413E-49 2.498E+00.00940.06014022.88870.50-.021235              7              4                    R 18      242523 9 4 3 3 1 4   312.0  296.0
151 7107.131421 2.925E-78 3.159E+00.00930.06027807.49280.50-.021237             15             10                    R 22      252523 9 5 3 4 1 4   376.0  360.0
151 7107.383483 1.187E-67 2.427E+00.08640.20622267.01860.76-.013467             13              9                    R  1      252523 9 5 3 4 1 4    40.0   24.0
151 7108.049150 7.823E-68 3.540E+00.02790.12622682.18790.29-.021735             13              9                    R  7      252523 9 5 3 4 1 4   136.0  120.0
151 7108.937707 1.764E-76 2.928E+00.01420.09026801.35730.50-.021241             16             11                    R 10      252523 9 5 3 4 1 4   184.0  168.0
151 7109.164044 4.902E-54 1.756E+00.00930.06016264.96500.50-.021241              6              3                    R 29      342523 9 4 3 3 1 4   488.0  472.0
151 7111.195608 1.288E-57 9.969E-01.00930.06017886.91680.50-.021246              5              2                    R 36      342523 9 4 3 3 1 4   600.0  584.0
151 7112.613970 1.167E-39 2.931E-01.00950.060 8971.73410.50-.021249              5              2                    P 18      342523 9 4 3 3 1 4   280.0  296.0
151 7114.436375 8.638E-41 7.536E-01.01440.087 9596.51220.50-.021253              6              3                    P 11      342523 9 4 3 3 1 4   168.0  184.0
151 7114.544256 1.578E-67 2.683E+00.07820.21022297.87390.72-.014240             13              9                    R  2      252523 9 5 3 4 1 4    56.0   40.0
151 7115.065656 1.106E-67 3.372E+00.03590.14922574.83690.40-.021385             13              9                    R  6      252523 9 5 3 4 1 4   120.0  104.0
151 7116.109990 6.633E-81 1.613E+00.00940.06028903.18070.50-.021257             17             11                    R 20      252523 9 5 3 4 1 4   344.0  328.0
151 7118.913946 1.736E-67 2.877E+00.06800.20622344.12620.71-.014909             13              9                    R  3      252523 9 5 3 4 1 4    72.0   56.0
151 7119.030735 2.644E-67 1.500E-01.00930.06022014.69670.50-.021263             10              6                    P 27      252523 9 5 3 4 1 4   424.0  440.0
151 7119.197881 1.426E-67 3.210E+00.04680.17322482.66280.35-.019831             13              9                    R  5      252523 9 5 3 4 1 4   104.0   88.0
151 7120.472530 1.664E-67 3.047E+00.05850.19222405.73880.58-.017272             13              9                    R  4      252523 9 5 3 4 1 4    88.0   72.0
151 7120.609515 2.969E-68 5.318E-02.00930.06022286.54010.50-.021267              9              5                    P 32      252523 9 5 3 4 1 4   504.0  520.0
151 7121.626702 5.764E-76 1.620E+00.05890.20726242.13930.46-.017435             16             11                    P  5      252523 9 5 3 4 1 4    72.0   88.0
151 7124.267329 1.055E-48 2.432E+00.00950.06013702.04640.50-.021275              7              4                    R 17      242523 9 4 3 3 1 4   296.0  280.0
151 7124.490346 1.700E-66 3.969E-01.00940.06021778.69030.50-.021276             11              7                    P 21      252523 9 5 3 4 1 4   328.0  344.0
151 7127.692229 2.998E-44 1.159E+00.09740.21010922.82680.74-.008456              7              4                    R  0      252523 9 4 3 3 1 4    24.0    8.0
151 7129.660295 3.428E-82 1.105E+00.00930.06029491.96720.50-.021287             16             10                    R 27      252523 9 5 3 4 1 4   456.0  440.0
151 7131.649862 6.841E-39 1.908E-02.00930.060 8137.83920.50-.021292              3              0                    P 28      442523 9 4 3 3 1 4   440.0  456.0
151 7134.851581 7.249E-80 2.613E+00.00930.06028581.24780.50-.021299             14              9                    R 29      252523 9 5 3 4 1 4   488.0  472.0
151 7139.096700 5.235E-66 1.029E+00.01120.07021640.81940.50-.021308             12              8                    P 13      252523 9 5 3 4 1 4   200.0  216.0
151 7139.259015 2.375E-76 4.187E-01.00960.06026412.58420.50-.021309             15             10                    P 17      252523 9 5 3 4 1 4   264.0  280.0
151 7139.978989 3.636E-82 4.417E-02.00930.06028785.82660.50-.021310             16             10                    P 25      252523 9 5 3 4 1 4   392.0  408.0
151 7139.981895 4.243E-48 2.368E+00.00960.06013397.85300.50-.021310              7              4                    R 16      242523 9 4 3 3 1 4   280.0  264.0
151 7142.447458 2.902E-76 2.707E+00.01710.10226662.19600.35-.021846             16             11                    R  9      252523 9 5 3 4 1 4   168.0  152.0
151 7142.548797 5.557E-44 1.416E+00.08640.22010941.29680.76-.013545              7              4                    R  1      252523 9 4 3 3 1 4    40.0   24.0
151 7143.491357 1.116E-38 9.471E-02.00930.060 8324.90480.50-.021318              4              1                    P 23      342523 9 4 3 3 1 4   360.0  376.0
151 7143.854535 5.836E-73 3.212E+00.00930.06025358.45040.50-.021319             11              7                    R 30      252523 9 5 3 4 1 4   504.0  488.0
151 7148.586653 5.283E-53 1.700E+00.00930.06015760.04810.50-.021330              6              3                    R 28      342523 9 4 3 3 1 4   472.0  456.0
151 7149.859310 3.189E-75 2.387E+00.00930.06026404.55430.50-.021333             10              6                    R 36      252523 9 5 3 4 1 4   600.0  584.0
151 7149.941232 2.035E-70 3.852E+00.00930.06024130.80380.50-.021333             12              8                    R 22      252523 9 5 3 4 1 4   376.0  360.0
151 7150.745642 2.158E-40 7.682E-01.01740.095 9389.44930.15-.019077              6              3                    P 10      342523 9 4 3 3 1 4   152.0  168.0
151 7152.163286 6.536E-76 1.691E+00.07010.21726171.75510.61-.017651             16             11                    P  4      252523 9 5 3 4 1 4    56.0   72.0
151 7152.568358 2.330E-81 1.344E-03.00930.06027754.83710.50-.021339             12              7                    P 35      252523 9 5 3 4 1 4   552.0  568.0
151 7153.699886 1.569E-47 2.306E+00.00970.06013110.50740.50-.021341              7              4                    R 15      242523 9 4 3 3 1 4   264.0  248.0
151 7154.906473 4.111E-79 2.183E-02.00930.06027231.72990.50-.021344             13              8                    P 30      252523 9 5 3 4 1 4   472.0  488.0
151 7155.580691 7.069E-44 1.545E+00.07820.22010978.22460.72-.014332              7              4                    R  2      252523 9 4 3 3 1 4    56.0   40.0
151 7160.718737 5.816E-39 2.975E-01.00960.060 8629.54150.50-.021357              5              2                    P 17      342523 9 4 3 3 1 4   264.0  280.0
151 7164.386157 2.389E-56 9.607E-01.00930.06017269.96580.50-.021365              5              2                    R 35      342523 9 4 3 3 1 4   584.0  568.0
151 7165.079526 7.883E-69 1.782E-02.00930.06022356.54600.50-.021367              8              4                    P 36      252523 9 5 3 4 1 4   568.0  584.0
151 7165.433245 5.326E-47 2.247E+00.01000.06212840.19740.50-.021367              7              4                    R 14      242523 9 4 3 3 1 4   248.0  232.0
151 7166.776092 7.316E-44 1.633E+00.06800.21511033.58610.71-.015016              7              4                    R  3      252523 9 4 3 3 1 4    72.0   56.0
151 7171.280196 4.443E-76 2.509E+00.02170.11526536.58400.30-.022143             16             11                    R  8      252523 9 5 3 4 1 4   152.0  136.0
151 7172.508997 1.156E-69 1.077E-02.00930.06022669.27630.50-.021383              7              3                    P 40      252523 9 5 3 4 1 4   632.0  648.0
151 7173.993431 2.196E-77 1.105E-01.00930.06026699.24190.50-.021387             14              9                    P 24      252523 9 5 3 4 1 4   376.0  392.0
151 7174.577299 2.279E-86 4.091E-03.00930.06030383.50990.50-.021388             13              7                    P 40      252523 9 5 3 4 1 4   632.0  648.0
151 7175.193656 1.657E-46 2.190E+00.01050.06512587.10000.50-.021389              7              4                    R 13      242523 9 4 3 3 1 4   232.0  216.0
151 7176.123291 6.496E-44 1.703E+00.05850.19411107.34470.58-.017397              7              4                    R  4      252523 9 4 3 3 1 4    88.0   72.0
151 7178.592750 6.530E-76 1.812E+00.07880.22526115.37070.71-.015660             16             11                    P  3      252523 9 5 3 4 1 4    40.0   56.0
151 7182.992607 4.719E-46 2.134E+00.01120.07012351.38080.50-.021407              7              4                    R 12      242523 9 4 3 3 1 4   216.0  200.0
151 7183.610691 5.070E-44 1.763E+00.04680.17011199.45210.35-.019976              7              4                    R  5      252523 9 4 3 3 1 4   104.0   88.0
151 7185.389911 4.883E-40 7.843E-01.02200.110 9200.78580.14-.018497              6              3                    P  9      352523 9 4 3 3 1 4   136.0  152.0
151 7185.892814 5.311E-52 1.647E+00.00930.06015269.48910.50-.021413              6              3                    R 27      342523 9 4 3 3 1 4   456.0  440.0
151 7186.122145 1.300E-65 1.043E+00.01240.08021436.46150.50-.021414             12              8                    P 12      252523 9 5 3 4 1 4   184.0  200.0
151 7188.841443 1.228E-45 2.080E+00.01230.07512133.19410.50-.021420              7              4                    R 11      242523 9 4 3 3 1 4   200.0  184.0
151 7189.226801 3.523E-44 1.819E+00.03590.14611309.84770.40-.021552              7              4                    R  6      252523 9 4 3 3 1 4   120.0  104.0
151 7190.867148 7.999E-66 3.987E-01.00940.06021446.96930.50-.021424             11              7                    P 20      252523 9 5 3 4 1 4   312.0  328.0
151 7192.751420 2.914E-45 2.027E+00.01420.08511932.68300.50-.021429              7              4                    R 10      242523 9 4 3 3 1 4   184.0  168.0
151 7192.960224 2.197E-44 1.872E+00.02790.12311438.45890.29-.021925              7              4                    R  7      252523 9 4 3 3 1 4   136.0  120.0
151 7194.733817 6.298E-45 1.975E+00.01710.09711749.97880.35-.021963              7              4                    R  9      252523 9 4 3 3 1 4   168.0  152.0
151 7194.799646 1.236E-44 1.924E+00.02170.10611585.20140.30-.022195              7              4                    R  8      252523 9 4 3 3 1 4   152.0  136.0
151 7195.536451 6.319E-76 2.330E+00.02790.13426424.63740.29-.021931             16             11                    R  7      252523 9 5 3 4 1 4   136.0  120.0
151 7195.676481 9.057E-38 1.934E-02.00930.060 7597.92130.50-.021435              3              0                    P 27      442523 9 4 3 3 1 4   424.0  440.0
151 7195.981155 1.056E-77 2.796E+00.00940.06027504.20560.50-.021436             15             10                    R 21      252523 9 5 3 4 1 4   360.0  344.0
151 7198.931899 2.005E-66 1.512E-01.00930.06021586.89470.50-.021442             10              6                    P 26      252523 9 5 3 4 1 4   408.0  424.0
151 7199.743297 9.099E-38 9.605E-02.00940.060 7883.41670.50-.021444              4              1                    P 22      342523 9 4 3 3 1 4   344.0  360.0
151 7200.815298 8.993E-70 3.591E+00.00940.06023798.79340.50-.021447             12              8                    R 21      252523 9 5 3 4 1 4   360.0  344.0
151 7200.923160 5.447E-76 2.063E+00.08700.22326073.03750.69-.014060             16             11                    P  2      252523 9 5 3 4 1 4    24.0   40.0
151 7207.264441 2.651E-38 3.021E-01.00970.061 8305.16550.50-.021461              5              2                    P 16      342523 9 4 3 3 1 4   248.0  264.0
151 7211.070570 3.393E-67 5.442E-02.00930.06021778.27260.50-.021470              9              5                    P 31      252523 9 5 3 4 1 4   488.0  504.0
151 7215.304215 8.315E-76 2.167E+00.03590.15626326.45910.40-.021610             16             11                    R  6      252523 9 5 3 4 1 4   120.0  104.0
151 7215.403510 4.171E-55 9.265E-01.00930.06016665.52540.50-.021479              5              2                    R 34      342523 9 4 3 3 1 4   568.0  552.0
151 7216.517785 6.770E-76 4.018E-01.00970.06026171.29440.50-.021482             15             10                    P 16      252523 9 5 3 4 1 4   248.0  264.0
151 7218.355840 9.986E-40 8.022E-01.02870.126 9030.64220.13-.018014              6              3                    P  8      352523 9 4 3 3 1 4   120.0  136.0
151 7218.745113 2.367E-80 1.912E-01.00960.06028142.35330.50-.021487             17             11                    P 17      252523 9 5 3 4 1 4   264.0  280.0
151 7218.857394 4.456E-72 2.945E+00.00930.06024911.41160.50-.021487             11              7                    R 29      252523 9 5 3 4 1 4   488.0  472.0
151 7219.155459 3.201E-76 3.186E+00.09710.21626044.79400.65-.016753             16             11                    P  1      252523 9 5 3 4 1 4     8.0   24.0
151 7220.638965 2.072E-82 4.701E-04.00930.06028055.28310.50-.021491             11              6                    P 39      252523 9 5 3 4 1 4   616.0  632.0
151 7221.098923 4.971E-51 1.596E+00.00930.06014793.59780.50-.021492              6              3                    R 26      342523 9 4 3 3 1 4   440.0  424.0
151 7230.570869 2.990E-65 1.060E+00.01440.09021247.22180.50-.021513             12              8                    P 11      252523 9 5 3 4 1 4   168.0  184.0
151 7230.660357 1.007E-75 2.018E+00.04680.16926242.13930.35-.020081             16             11                    R  5      252523 9 5 3 4 1 4   104.0   88.0
151 7241.671497 1.113E-75 1.879E+00.05850.19626171.75510.58-.017544             16             11                    R  4      252523 9 5 3 4 1 4    88.0   72.0
151 7242.805579 3.624E-74 2.159E+00.00930.06025873.06090.50-.021541             10              6                    R 35      252523 9 5 3 4 1 4   584.0  568.0
151 7243.294874 3.656E-76 1.140E+00.09740.19826030.66580.74-.008715             16             11                    R  0      252523 9 5 3 4 1 4    24.0    8.0
151 7247.879366 1.968E-80 1.435E+00.00940.06028637.83640.50-.021552             17             11                    R 19      252523 9 5 3 4 1 4   328.0  312.0
151 7248.278308 3.730E-69 3.355E+00.00940.06023480.07890.50-.021553             12              8                    R 20      252523 9 5 3 4 1 4   344.0  328.0
151 7248.395306 1.108E-75 1.742E+00.06800.20526115.37070.71-.015199             16             11                    R  3      252523 9 5 3 4 1 4    72.0   56.0
151 7249.169500 7.103E-76 1.426E+00.08640.19526044.79400.76-.013784             16             11                    R  1      252523 9 5 3 4 1 4    40.0   24.0
151 7249.630111 1.838E-39 8.227E-01.03670.140 8879.12770.25-.017529              6              3                    P  7      352523 9 4 3 3 1 4   104.0  120.0
151 7250.880899 9.715E-76 1.599E+00.07820.20526073.03750.72-.014545             16             11                    R  2      252523 9 5 3 4 1 4    56.0   40.0
151 7252.236853 1.103E-37 3.071E-01.01000.063 7998.80780.50-.021562              5              2                    P 15      342523 9 4 3 3 1 4   232.0  248.0
151 7254.220086 4.326E-50 1.548E+00.00930.06014332.67460.50-.021566              6              3                    R 25      342523 9 4 3 3 1 4   424.0  408.0
151 7254.309756 5.857E-81 1.786E+00.00930.06029044.96680.50-.021566             13              8                    R 34      252523 9 5 3 4 1 4   568.0  552.0
151 7254.520154 6.818E-37 9.745E-02.00940.060 7459.15090.50-.021567              4              1                    P 21      342523 9 4 3 3 1 4   328.0  344.0
151 7254.710448 3.519E-65 4.020E-01.00940.06021129.43260.50-.021567             11              7                    P 19      252523 9 5 3 4 1 4   296.0  312.0
151 7257.236425 4.031E-79 2.246E+00.00930.06028183.24500.50-.021573             14              9                    R 28      252523 9 5 3 4 1 4   472.0  456.0
151 7258.316839 1.107E-36 1.962E-02.00930.060 7074.35780.50-.021575              3              0                    P 26      442523 9 4 3 3 1 4   408.0  424.0
151 7263.295255 1.292E-67 1.889E-02.00930.06021781.67150.50-.021587              8              4                    P 35      252523 9 5 3 4 1 4   552.0  568.0
151 7264.269005 6.844E-54 8.942E-01.00930.06016073.96490.50-.021589              5              2                    R 33      342523 9 4 3 3 1 4   552.0  536.0
151 7268.837275 1.002E-82 1.294E+00.00930.06029841.78530.50-.021599             12              7                    R 39      252523 9 5 3 4 1 4   648.0  632.0
151 7272.448524 6.352E-65 1.080E+00.01740.09021073.24420.15-.019350             12              8                    P 10      252523 9 5 3 4 1 4   152.0  168.0
151 7276.046590 3.733E-57 3.983E-01.00930.06017485.71930.50-.021615              4              1                    R 39      342523 9 4 3 3 1 4   648.0  632.0
151 7276.173521 9.924E-77 1.017E-01.00930.06026356.88680.50-.021615             14              9                    P 23      252523 9 5 3 4 1 4   360.0  376.0
151 7276.324837 1.433E-65 1.530E-01.00930.06021172.28120.50-.021616             10              6                    P 25      252523 9 5 3 4 1 4   392.0  408.0
151 7277.651768 2.681E-78 1.903E-02.00930.06026803.74880.50-.021619             13              8                    P 29      252523 9 5 3 4 1 4   456.0  472.0
151 7278.225951 2.505E-68 1.099E-02.00930.06022029.36650.50-.021620              7              3                    P 39      252523 9 5 3 4 1 4   616.0  632.0
151 7278.630172 3.610E-77 2.483E+00.00940.06027212.81090.50-.021621             15             10                    R 20      252523 9 5 3 4 1 4   344.0  328.0
151 7279.199462 3.027E-39 8.467E-01.04780.175 8746.33920.35-.017641              6              3                    P  6      352523 9 4 3 3 1 4    88.0  104.0
151 7285.270304 3.494E-49 1.502E+00.00930.06013887.01090.50-.021636              6              3                    R 24      342523 9 4 3 3 1 4   408.0  392.0
151 7285.386739 6.731E-84 1.902E-03.00930.06028989.34310.50-.021636             15              9                    P 30      252523 9 5 3 4 1 4   472.0  488.0
151 7289.487638 1.824E-75 3.895E-01.01000.06025943.09770.50-.021645             15             10                    P 15      252523 9 5 3 4 1 4   232.0  248.0
151 7289.992345 3.227E-71 2.707E+00.00930.06024475.95460.50-.021646             11              7                    R 28      252523 9 5 3 4 1 4   472.0  456.0
151 7291.261067 2.019E-80 1.099E-03.00930.06027255.32260.50-.021649             12              7                    P 34      252523 9 5 3 4 1 4   536.0  552.0
151 7292.408423 1.451E-68 3.141E+00.00940.06023174.90930.50-.021652             12              8                    R 19      252523 9 5 3 4 1 4   328.0  312.0
151 7294.573749 1.264E-81 3.245E-02.00930.06028448.60610.50-.021657             16             10                    P 24      252523 9 5 3 4 1 4   376.0  392.0
151 7295.621614 4.189E-37 3.123E-01.01050.066 7710.65890.50-.021659              5              2                    P 14      342523 9 4 3 3 1 4   216.0  232.0
151 7296.690916 3.428E-85 1.105E-03.00930.06029521.62560.50-.021661             14              8                    P 35      252523 9 5 3 4 1 4   552.0  568.0
151 7299.052156 3.675E-66 5.599E-02.00930.06021282.19570.50-.021667              9              5                    P 30      252523 9 5 3 4 1 4   472.0  488.0
151 7307.050711 4.428E-39 8.766E-01.05890.205 8632.36190.46-.017850              6              3                    P  5      352523 9 4 3 3 1 4    72.0   88.0
151 7307.806934 4.686E-36 9.892E-02.00940.060 7052.36340.50-.021686              4              1                    P 20      342523 9 4 3 3 1 4   312.0  328.0
151 7311.001969 1.054E-52 8.636E-01.00930.06015495.64550.50-.021693              5              2                    R 32      342523 9 4 3 3 1 4   536.0  520.0
151 7311.758252 1.243E-64 1.105E+00.02200.11020914.66100.14-.018780             12              8                    P  9      252523 9 5 3 4 1 4   136.0  152.0
151 7314.262641 2.616E-48 1.458E+00.00930.06013456.88830.50-.021701              6              3                    R 23      342523 9 4 3 3 1 4   392.0  376.0
151 7316.039590 1.446E-64 4.068E-01.00950.06020826.31370.50-.021705             11              7                    P 18      252523 9 5 3 4 1 4   280.0  296.0
151 7319.555521 1.247E-35 1.990E-02.00930.060 6567.45530.50-.021713              3              0                    P 25      442523 9 4 3 3 1 4   392.0  408.0
151 7326.020525 5.885E-80 1.707E-01.00970.06027912.70530.50-.021727             17             11                    P 16      252523 9 5 3 4 1 4   248.0  264.0
151 7326.777715 1.631E-81 1.009E+00.00930.06029133.72740.50-.021729             16             10                    R 26      252523 9 5 3 4 1 4   440.0  424.0
151 7331.469295 3.940E-73 1.960E+00.00930.06025351.62540.50-.021739             10              6                    R 34      252523 9 5 3 4 1 4   568.0  552.0
151 7333.170787 5.677E-39 9.167E-01.07010.230 8537.26880.61-.018057              6              3                    P  4      352523 9 4 3 3 1 4    56.0   72.0
151 7333.276112 5.277E-68 2.947E+00.00940.06022883.52210.50-.021743             12              8                    R 18      252523 9 5 3 4 1 4   312.0  296.0
151 7334.395150 9.156E-56 3.831E-01.00930.06016811.01050.50-.021746              4              1                    R 38      342523 9 4 3 3 1 4   632.0  616.0
151 7337.404283 1.448E-36 3.178E-01.01120.072 7440.89840.50-.021753              5              2                    P 13      342523 9 4 3 3 1 4   200.0  216.0
151 7341.209372 1.813E-47 1.416E+00.00930.06013042.57900.50-.021761              6              3                    R 22      342523 9 4 3 3 1 4   376.0  360.0
151 7348.501485 2.233E-64 1.134E+00.02870.13020771.59240.13-.018306             12              8                    P  8      252523 9 5 3 4 1 4   120.0  136.0
151 7351.240359 9.620E-65 1.556E-01.00930.06020771.15100.50-.021784             10              6                    P 24      252523 9 5 3 4 1 4   376.0  392.0
151 7355.403989 1.166E-76 2.211E+00.00940.06026933.57580.50-.021793             15             10                    R 19      252523 9 5 3 4 1 4   328.0  312.0
151 7355.619544 1.519E-51 8.346E-01.00930.06014930.92060.50-.021793              5              2                    R 31      342523 9 4 3 3 1 4   520.0  504.0
151 7357.391488 2.211E-70 2.496E+00.00930.06024052.41370.50-.021797             11              7                    R 27      252523 9 5 3 4 1 4   456.0  440.0
151 7357.546746 6.229E-39 9.790E-01.07880.235 8461.12100.71-.016061              6              3                    P  3      352523 9 4 3 3 1 4    40.0   56.0
151 7358.265722 4.637E-75 3.812E-01.01050.07025728.19490.50-.021799             15             10                    P 14      252523 9 5 3 4 1 4   216.0  232.0
151 7359.087665 2.009E-66 2.006E-02.00930.06021218.14920.50-.021801              8              4                    P 34      252523 9 5 3 4 1 4   536.0  552.0
151 7359.588400 2.950E-35 1.005E-01.00940.060 6663.30030.50-.021802              4              1                    P 19      342523 9 4 3 3 1 4   296.0  312.0
151 7366.122111 1.161E-46 1.376E+00.00940.06012644.34520.50-.021817              6              3                    R 21      342523 9 4 3 3 1 4   360.0  344.0
151 7367.287479 5.421E-80 1.251E+00.00940.06028384.14300.50-.021820             17             11                    R 18      252523 9 5 3 4 1 4   312.0  296.0
151 7369.983423 2.066E-81 3.310E-04.00930.06027496.08790.50-.021826             11              6                    P 38      252523 9 5 3 4 1 4   600.0  616.0
151 7370.945120 1.794E-67 2.772E+00.00950.06022606.14330.50-.021828             12              8                    R 17      252523 9 5 3 4 1 4   296.0  280.0
151 7371.870163 2.140E-78 1.936E+00.00930.06027795.70010.50-.021830             14              9                    R 27      252523 9 5 3 4 1 4   456.0  440.0
151 7373.772287 4.315E-76 9.539E-02.00940.06026026.59960.50-.021834             14              9                    P 22      252523 9 5 3 4 1 4   344.0  360.0
151 7374.870424 5.534E-64 4.130E-01.00960.06020537.83490.50-.021837             11              7                    P 17      252523 9 5 3 4 1 4   264.0  280.0
151 7377.085750 5.923E-75 1.299E+00.00930.06026155.03100.50-.021841              9              5                    R 39      252523 9 5 3 4 1 4   648.0  632.0
151 7377.570373 4.551E-36 3.237E-01.01240.077 7189.69450.50-.021843              5              2                    P 12      342523 9 4 3 3 1 4   184.0  200.0
151 7379.376728 1.292E-34 2.020E-02.00930.060 6077.51160.50-.021847              3              0                    P 24      442523 9 4 3 3 1 4   376.0  392.0
151 7380.165797 5.544E-39 1.107E+00.08700.230 8403.96730.69-.014462              6              3                    P  2      352523 9 4 3 3 1 4    24.0   40.0
151 7381.567368 5.175E-67 1.124E-02.00930.06021399.83570.50-.021852              7              3                    P 38      252523 9 5 3 4 1 4   600.0  616.0
151 7382.677652 3.671E-64 1.168E+00.03670.16320644.14670.25-.017827             12              8                    P  7      252523 9 5 3 4 1 4   104.0  120.0
151 7384.594387 3.761E-65 5.788E-02.00930.06020798.65060.50-.021858              9              5                    P 29      252523 9 5 3 4 1 4   456.0  472.0
151 7389.011926 6.859E-46 1.338E+00.00940.06012262.43910.50-.021868              6              3                    R 20      342523 9 4 3 3 1 4   344.0  328.0
151 7390.600621 2.121E-54 3.688E-01.00930.06016148.20940.50-.021872              4              1                    R 37      342523 9 4 3 3 1 4   616.0  600.0
151 7395.415681 1.738E-77 1.739E-02.00930.06026386.63950.50-.021883             13              8                    P 28      252523 9 5 3 4 1 4   440.0  456.0
151 7398.137297 2.047E-50 8.071E-01.00930.06014380.13530.50-.021889              5              2                    R 30      342523 9 4 3 3 1 4   504.0  488.0
151 7398.323957 4.460E-80 1.499E+00.00930.06028577.23680.50-.021889             13              8                    R 33      252523 9 5 3 4 1 4   552.0  536.0
151 7401.015360 3.376E-39 1.690E+00.09710.217 8365.84450.65-.017160              6              3                    P  1      352523 9 4 3 3 1 4     8.0   24.0
151 7405.473297 5.691E-67 2.612E+00.00960.06022342.98690.50-.021905             12              8                    R 16      252523 9 5 3 4 1 4   280.0  264.0
151 7409.849126 1.699E-34 1.021E-01.00950.060 6292.19720.50-.021915              4              1                    P 18      342523 9 4 3 3 1 4   280.0  296.0
151 7409.889441 3.735E-45 1.301E+00.00940.06011897.10300.50-.021915              6              3                    R 19      342523 9 4 3 3 1 4   328.0  312.0
151 7413.414637 3.357E-85 4.741E-03.00930.06029841.78530.50-.021923             13              7                    P 39      252523 9 5 3 4 1 4   616.0  632.0
151 7414.284447 5.489E-64 1.210E+00.04780.18120532.42030.35-.017943             12              8                    P  6      252523 9 5 3 4 1 4    88.0  104.0
151 7416.040745 4.087E-72 1.786E+00.00930.06024840.63970.50-.021929             10              6                    R 33      252523 9 5 3 4 1 4   552.0  536.0
151 7416.105464 1.298E-35 3.300E-01.01440.087 6957.20400.50-.021929              5              2                    P 11      342523 9 4 3 3 1 4   168.0  184.0
151 7421.171499 1.431E-69 2.308E+00.00930.06023641.11150.50-.021940             11              7                    R 26      252523 9 5 3 4 1 4   440.0  424.0
151 7422.935423 1.109E-74 3.763E-01.01120.07025526.77380.50-.021944             15             10                    P 13      252523 9 5 3 4 1 4   200.0  216.0
151 7423.704302 6.059E-64 1.589E-01.00930.06020383.78840.50-.021946             10              6                    P 23      252523 9 5 3 4 1 4   360.0  376.0
151 7424.608187 1.996E-79 1.074E-03.00930.06026765.53740.50-.021948             12              7                    P 33      252523 9 5 3 4 1 4   520.0  536.0
151 7426.078938 1.400E-79 1.552E-01.01000.06027695.42290.50-.021951             17             11                    P 15      252523 9 5 3 4 1 4   232.0  248.0
151 7426.579700 3.558E-76 1.976E+00.00940.06026666.75360.50-.021952             15             10                    R 18      252523 9 5 3 4 1 4   312.0  296.0
151 7428.764927 1.872E-44 1.266E+00.00940.06011548.56850.50-.021957              6              3                    R 18      342523 9 4 3 3 1 4   312.0  296.0
151 7431.215678 1.971E-63 4.204E-01.00970.06020264.20730.50-.021963             11              7                    P 16      252523 9 5 3 4 1 4   248.0  264.0
151 7436.913298 1.682E-66 2.465E+00.00970.06022094.25550.50-.021976             12              8                    R 15      252523 9 5 3 4 1 4   264.0  248.0
151 7437.356191 3.804E-39 5.840E-01.09740.210 8346.77690.74-.009150              6              3                    R  0      352523 9 4 3 3 1 4    24.0    8.0
151 7437.539398 1.027E-81 1.061E+00.00930.06029307.59250.50-.021977             12              7                    R 38      252523 9 5 3 4 1 4   632.0  616.0
151 7437.764342 1.230E-33 2.051E-02.00930.060 5604.81460.50-.021977              3              0                    P 23      442523 9 4 3 3 1 4   360.0  376.0
151 7438.569347 2.574E-49 7.810E-01.00930.06013843.62630.50-.021979              5              2                    R 29      342523 9 4 3 3 1 4   488.0  472.0
151 7439.617529 4.330E-81 2.474E-02.00930.06028122.39140.50-.021982             16             10                    P 23      252523 9 5 3 4 1 4   360.0  376.0
151 7443.317947 7.406E-64 1.261E+00.05890.20220436.49780.46-.018155             12              8                    P  5      252523 9 5 3 4 1 4    72.0   88.0
151 7444.682274 4.632E-53 3.552E-01.00930.06015497.70730.50-.021993              4              1                    R 36      342523 9 4 3 3 1 4   600.0  584.0
151 7445.648384 8.620E-44 1.233E+00.00950.06011217.05720.50-.021995              6              3                    R 17      342523 9 4 3 3 1 4   296.0  280.0
151 7452.501543 2.954E-65 2.133E-02.00930.06020666.35310.50-.022010              8              4                    P 33      252523 9 5 3 4 1 4   520.0  536.0
151 7452.823267 7.035E-39 7.140E-01.08640.220 8365.84450.76-.014240              6              3                    R  1      352523 9 4 3 3 1 4    40.0   24.0
151 7452.994935 3.352E-35 3.368E-01.01740.095 6743.57220.15-.019754              5              2                    P 10      342523 9 4 3 3 1 4   152.0  168.0
151 7458.573545 8.932E-34 1.038E-01.00960.060 5939.27940.50-.022024              4              1                    P 17      342523 9 4 3 3 1 4   264.0  280.0
151 7460.549608 3.643E-43 1.200E+00.00960.06010902.77970.50-.022028              6              3                    R 16      342523 9 4 3 3 1 4   280.0  264.0
151 7463.586215 1.642E-83 6.933E-04.00930.06028581.24780.50-.022035             15              9                    P 29      252523 9 5 3 4 1 4   456.0  472.0
151 7465.313186 4.628E-66 2.331E+00.01000.06021860.13990.50-.022039             12              8                    R 14      252523 9 5 3 4 1 4   248.0  232.0
151 7466.472268 8.903E-39 7.797E-01.07820.220 8403.96730.72-.015028              6              3                    R  2      352523 9 4 3 3 1 4    56.0   40.0
151 7466.954097 1.798E-75 9.118E-02.00940.06025708.66160.50-.022043             14              9                    P 21      252523 9 5 3 4 1 4   328.0  344.0
151 7467.731202 3.626E-64 6.001E-02.00930.06020327.96890.50-.022045              9              5                    P 28      252523 9 5 3 4 1 4   440.0  456.0
151 7469.772713 8.901E-64 1.330E+00.07010.21920356.45150.61-.018363             12              8                    P  4      252523 9 5 3 4 1 4    56.0   72.0
151 7473.478260 1.411E-42 1.169E+00.00970.06010605.93590.50-.022057              6              3                    R 15      342523 9 4 3 3 1 4   264.0  248.0
151 7475.500484 8.655E-74 1.174E+00.00930.06025571.80930.50-.022062              9              5                    R 38      252523 9 5 3 4 1 4   632.0  616.0
151 7476.031186 1.400E-79 1.082E+00.00950.06028142.35330.50-.022063             17             11                    R 17      252523 9 5 3 4 1 4   296.0  280.0
151 7476.928568 3.016E-48 7.561E-01.00930.06013321.72210.50-.022065              5              2                    R 28      342523 9 4 3 3 1 4   472.0  456.0
151 7476.975064 5.008E-67 3.007E-03.00930.06021145.86990.50-.022065              6              2                    P 41      352523 9 5 3 4 1 4   648.0  664.0
151 7478.291594 9.138E-39 8.244E-01.06800.215 8461.12100.71-.015714              6              3                    R  3      352523 9 4 3 3 1 4    72.0   56.0
151 7479.361364 1.083E-77 1.674E+00.00930.06027418.96320.50-.022071             14              9                    R 26      252523 9 5 3 4 1 4   440.0  424.0
151 7481.435906 8.741E-69 2.140E+00.00930.06023242.35950.50-.022075             11              7                    R 25      252523 9 5 3 4 1 4   424.0  408.0
151 7482.584288 1.017E-65 1.152E-02.00930.06020781.08750.50-.022078              7              3                    P 37      252523 9 5 3 4 1 4   584.0  600.0
151 7483.568118 2.490E-74 3.747E-01.01240.08025339.00960.50-.022080             15             10                    P 12      252523 9 5 3 4 1 4   184.0  200.0
151 7484.443916 5.003E-42 1.139E+00.01000.06210326.71490.50-.022082              6              3                    R 14      342523 9 4 3 3 1 4   248.0  232.0
151 7485.085282 6.518E-63 4.290E-01.01000.06020005.63070.50-.022083             11              7                    P 15      252523 9 5 3 4 1 4   232.0  248.0
151 7488.224494 7.821E-35 3.442E-01.02200.110 6548.93280.14-.019176              5              2                    P  9      352523 9 4 3 3 1 4   136.0  152.0
151 7488.269868 8.025E-39 8.599E-01.05850.194 8537.26880.58-.018096              6              3                    R  4      352523 9 4 3 3 1 4    88.0   72.0
151 7490.716955 1.183E-65 2.207E+00.01050.07021640.81940.50-.022096             12              8                    R 13      252523 9 5 3 4 1 4   232.0  216.0
151 7492.395430 1.023E-75 1.772E+00.00950.06026412.58420.50-.022100             15             10                    R 17      252523 9 5 3 4 1 4   296.0  280.0
151 7493.456126 1.621E-41 1.109E+00.01050.06510065.29470.50-.022102              6              3                    R 13      342523 9 4 3 3 1 4   232.0  216.0
151 7493.641873 9.299E-64 1.434E+00.07880.22920292.34190.71-.016365             12              8                    P  3      252523 9 5 3 4 1 4    40.0   56.0
151 7493.738198 3.571E-63 1.626E-01.00940.06020010.46730.50-.022103             10              6                    P 22      252523 9 5 3 4 1 4   344.0  360.0
151 7494.701978 1.075E-32 2.083E-02.00940.060 5149.64320.50-.022105              3              0                    P 22      442523 9 4 3 3 1 4   344.0  360.0
151 7496.395938 6.175E-39 8.908E-01.04680.170 8632.36190.35-.020676              6              3                    R  5      352523 9 4 3 3 1 4   104.0   88.0
151 7496.657136 9.516E-52 3.424E-01.00930.06014859.88890.50-.022109              4              1                    R 35      342523 9 4 3 3 1 4   584.0  568.0
151 7496.685175 4.040E-71 1.634E+00.00930.06024340.48420.50-.022109             10              6                    R 32      252523 9 5 3 4 1 4   536.0  520.0
151 7500.524450 4.793E-41 1.081E+00.01120.070 9821.84190.50-.022118              6              3                    R 12      342523 9 4 3 3 1 4   216.0  200.0
151 7501.539416 5.023E-84 1.737E-03.00930.06029044.96680.50-.022120             14              8                    P 34      252523 9 5 3 4 1 4   536.0  552.0
151 7502.143440 7.236E-81 8.974E-01.00930.06028785.82660.50-.022122             16             10                    R 25      252523 9 5 3 4 1 4   424.0  408.0
151 7502.658875 4.218E-39 9.193E-01.03590.146 8746.33920.40-.022254              6              3                    R  6      352523 9 4 3 3 1 4   120.0  104.0
151 7505.658503 1.291E-40 1.053E+00.01230.075 9596.51220.50-.022129              6              3                    R 11      342523 9 4 3 3 1 4   200.0  184.0
151 7505.745992 4.284E-33 1.055E-01.00970.061 5604.76140.50-.022130              4              1                    P 16      342523 9 4 3 3 1 4   248.0  264.0
151 7507.047966 2.578E-39 9.465E-01.02790.123 8879.12770.29-.022628              6              3                    R  7      352523 9 4 3 3 1 4   136.0  120.0
151 7508.443257 1.114E-76 1.659E-02.00930.06025980.74830.50-.022136             13              8                    P 27      252523 9 5 3 4 1 4   424.0  440.0
151 7508.867986 3.164E-40 1.026E+00.01420.085 9389.44930.50-.022137              6              3                    R 10      342523 9 4 3 3 1 4   184.0  168.0
151 7509.552707 1.418E-39 9.731E-01.02170.106 9030.64220.30-.022900              6              3                    R  8      352523 9 4 3 3 1 4   152.0  136.0
151 7510.162790 7.038E-40 9.996E-01.01710.097 9200.78580.35-.022670              6              3                    R  9      352523 9 4 3 3 1 4   168.0  152.0
151 7513.164973 2.804E-65 2.093E+00.01120.07021436.46150.50-.022146             12              8                    R 12      252523 9 5 3 4 1 4   216.0  200.0
151 7513.226759 3.286E-47 7.325E-01.00930.06012814.74210.50-.022146              5              2                    R 27      342523 9 4 3 3 1 4   456.0  440.0
151 7513.838299 1.386E-80 1.633E-04.00930.06026945.70200.50-.022148             11              6                    P 37      252523 9 5 3 4 1 4   584.0  600.0
151 7514.917185 8.007E-64 1.638E+00.08700.22620244.21730.69-.014764             12              8                    P  2      252523 9 5 3 4 1 4    24.0   40.0
151 7519.295188 3.186E-79 1.438E-01.01050.07027490.71600.50-.022160             17             11                    P 14      252523 9 5 3 4 1 4   216.0  232.0
151 7521.709377 2.941E-82 6.126E-01.00930.06029407.14960.50-.022165             15              9                    R 31      252523 9 5 3 4 1 4   520.0  504.0
151 7521.779841 1.644E-34 3.524E-01.02870.126 6373.40770.13-.018694              5              2                    P  8      352523 9 4 3 3 1 4   120.0  136.0
151 7532.694370 6.154E-65 1.989E+00.01230.08021247.22180.50-.022190             12              8                    R 11      252523 9 5 3 4 1 4   200.0  184.0
151 7533.467202 3.267E-79 1.263E+00.00930.06028118.85460.50-.022192             13              8                    R 32      252523 9 5 3 4 1 4   536.0  520.0
151 7533.589091 4.793E-64 2.529E+00.09710.21420212.11410.65-.017457             12              8                    P  1      252523 9 5 3 4 1 4     8.0   24.0
151 7536.486650 1.998E-62 4.389E-01.01050.07019762.29370.50-.022199             11              7                    P 14      252523 9 5 3 4 1 4   216.0  232.0
151 7538.276963 5.027E-68 1.990E+00.00930.06022856.45800.50-.022203             11              7                    R 24      252523 9 5 3 4 1 4   408.0  392.0
151 7540.224627 5.230E-74 3.758E-01.01440.09025165.06470.50-.022207             15             10                    P 11      252523 9 5 3 4 1 4   168.0  184.0
151 7543.574787 4.095E-64 2.269E-02.00930.06020126.64820.50-.022214              8              4                    P 32      252523 9 5 3 4 1 4   504.0  520.0
151 7546.540189 1.836E-50 3.303E-01.00930.06014235.13130.50-.022221              4              1                    R 34      342523 9 4 3 3 1 4   568.0  552.0
151 7547.474810 3.324E-46 7.100E-01.00930.06012322.99720.50-.022223              5              2                    R 26      342523 9 4 3 3 1 4   440.0  424.0
151 7548.491114 3.284E-63 6.236E-02.00930.06019870.47200.50-.022225              9              5                    P 27      252523 9 5 3 4 1 4   424.0  440.0
151 7549.339373 1.249E-64 1.892E+00.01420.08721073.24420.50-.022227             12              8                    R 10      252523 9 5 3 4 1 4   184.0  168.0
151 7549.861171 9.688E-81 7.353E-04.00930.06027348.34710.50-.022229             10              5                    P 41      252523 9 5 3 4 1 4   648.0  664.0
151 7550.173037 8.599E-32 2.116E-02.00940.060 4712.26610.50-.022229              3              0                    P 21      442523 9 4 3 3 1 4   328.0  344.0
151 7551.350749 1.871E-32 1.074E-01.01000.063 5288.84670.50-.022232              4              1                    P 15      342523 9 4 3 3 1 4   232.0  248.0
151 7552.933881 2.170E-78 1.212E-03.00930.06026285.87720.50-.022235             12              7                    P 32      252523 9 5 3 4 1 4   504.0  520.0
151 7553.057424 2.769E-75 1.594E+00.00960.06026171.29440.50-.022236             15             10                    R 16      252523 9 5 3 4 1 4   280.0  264.0
151 7553.646805 3.099E-34 3.617E-01.03670.140 6217.10670.25-.018210              5              2                    P  7      352523 9 4 3 3 1 4   104.0  120.0
151 7555.860150 7.163E-75 8.862E-02.00940.06025403.34160.50-.022242             14              9                    P 20      252523 9 5 3 4 1 4   312.0  328.0
151 7561.359752 1.966E-62 1.671E-01.00940.06019651.45110.50-.022254             10              6                    P 21      252523 9 5 3 4 1 4   328.0  344.0
151 7563.078052 5.468E-64 8.963E-01.09740.20220196.05640.74-.009431             12              8                    R  0      252523 9 5 3 4 1 4    24.0    8.0
151 7563.131596 2.337E-64 1.799E+00.01710.09620914.66100.35-.022789             12              8                    R  9      252523 9 5 3 4 1 4   168.0  152.0
151 7569.728055 1.214E-72 1.065E+00.00930.06024998.11240.50-.022273              9              5                    R 37      252523 9 5 3 4 1 4   616.0  600.0
151 7573.546925 3.797E-70 1.500E+00.00930.06023851.52790.50-.022282             10              6                    R 31      252523 9 5 3 4 1 4   520.0  504.0
151 7573.869640 1.042E-63 1.111E+00.08640.20620212.11410.76-.014511             12              8                    R  1      252523 9 5 3 4 1 4    40.0   24.0
151 7574.100373 4.026E-64 1.715E+00.02170.10720771.59240.30-.023045             12              8                    R  8      252523 9 5 3 4 1 4   152.0  136.0
151 7575.223523 3.403E-79 9.352E-01.00960.06027912.70530.50-.022285             17             11                    R 16      252523 9 5 3 4 1 4   280.0  264.0
151 7576.054751 1.472E-80 1.973E-02.00940.06027807.49280.50-.022287             16             10                    P 22      252523 9 5 3 4 1 4   344.0  360.0
151 7579.682833 3.118E-45 6.886E-01.00930.06011846.78920.50-.022295              5              2                    R 25      342523 9 4 3 3 1 4   424.0  408.0
151 7580.204959 5.217E-77 1.455E+00.00930.06027053.36990.50-.022296             14              9                    R 25      252523 9 5 3 4 1 4   424.0  408.0
151 7581.319986 1.895E-64 1.182E-02.00930.06020173.51710.50-.022299              7              3                    P 36      252523 9 5 3 4 1 4   568.0  584.0
151 7582.006881 1.381E-63 1.232E+00.07820.21020244.21730.72-.015287             12              8                    R  2      252523 9 5 3 4 1 4    56.0   40.0
151 7582.272605 6.362E-64 1.633E+00.02790.12620644.14670.29-.022797             12              8                    R  7      252523 9 5 3 4 1 4   136.0  120.0
151 7583.110392 1.305E-65 3.125E-03.00930.06020472.17270.50-.022303              6              2                    P 40      352523 9 5 3 4 1 4   632.0  648.0
151 7583.811365 5.216E-34 3.726E-01.04780.175 6080.12800.35-.018323              5              2                    P  6      352523 9 4 3 3 1 4    88.0  104.0
151 7585.424937 5.668E-62 4.498E-01.01120.07019534.37340.50-.022308             11              7                    P 13      252523 9 5 3 4 1 4   200.0  216.0
151 7587.473851 1.507E-63 1.323E+00.06800.20620292.34190.71-.015958             12              8                    R  3      252523 9 5 3 4 1 4    72.0   56.0
151 7587.673559 9.188E-64 1.555E+00.03590.14920532.42030.40-.022444             12              8                    R  6      252523 9 5 3 4 1 4   120.0  104.0
151 7590.253294 1.429E-63 1.403E+00.05850.19220356.45150.58-.018325             12              8                    R  4      252523 9 5 3 4 1 4    88.0   72.0
151 7590.326567 1.207E-63 1.479E+00.04680.17320436.49780.35-.020887             12              8                    R  5      252523 9 5 3 4 1 4   104.0   88.0
151 7591.777207 2.718E-67 1.855E+00.00930.06022483.69590.50-.022322             11              7                    R 23      252523 9 5 3 4 1 4   392.0  376.0
151 7592.956408 1.026E-73 3.797E-01.01740.09025005.08910.15-.020068             15             10                    P 10      252523 9 5 3 4 1 4   152.0  168.0
151 7594.344985 3.320E-49 3.188E-01.00930.06013623.80420.50-.022328              4              1                    R 33      342523 9 4 3 3 1 4   552.0  536.0
151 7595.372083 7.430E-32 1.093E-01.01050.066 4991.72790.50-.022330              4              1                    P 14      342523 9 4 3 3 1 4   216.0  232.0
151 7595.477351 1.020E-80 8.737E-01.00930.06028781.40310.50-.022331             12              7                    R 37      252523 9 5 3 4 1 4   616.0  600.0
151 7604.160754 6.292E-31 2.151E-02.00940.060 4292.94220.50-.022350              3              0                    P 20      442523 9 4 3 3 1 4   312.0  328.0
151 7605.974848 6.907E-79 1.355E-01.01120.07027298.78030.50-.022354             17             11                    P 13      252523 9 5 3 4 1 4   200.0  216.0
151 7608.745496 7.045E-75 1.440E+00.00970.06025943.09770.50-.022360             15             10                    R 15      252523 9 5 3 4 1 4   264.0  248.0
151 7609.114542 1.005E-52 8.888E-02.00930.06015060.16180.50-.022361              3              0                    R 39      442523 9 4 3 3 1 4   648.0  632.0
151 7609.860295 2.707E-44 6.681E-01.00930.06011386.41060.50-.022363              5              2                    R 24      342523 9 4 3 3 1 4   408.0  392.0
151 7612.259678 7.771E-34 3.861E-01.05890.205 5962.55740.46-.018534              5              2                    P  5      352523 9 4 3 3 1 4    72.0   88.0
151 7616.942861 7.011E-76 1.642E-02.00930.06025586.40890.50-.022379             13              8                    P 26      252523 9 5 3 4 1 4   408.0  424.0
151 7626.583264 1.009E-61 1.719E-01.00940.06019306.99250.50-.022400             10              6                    P 20      252523 9 5 3 4 1 4   312.0  328.0
151 7626.897857 2.790E-62 6.492E-02.00930.06019426.47200.50-.022401              9              5                    P 26      252523 9 5 3 4 1 4   408.0  424.0
151 7631.101591 3.907E-83 2.582E-04.00930.06028183.24500.50-.022410             15              9                    P 28      252523 9 5 3 4 1 4   440.0  456.0
151 7631.903259 1.485E-61 4.619E-01.01240.08019322.03560.50-.022412             11              7                    P 12      252523 9 5 3 4 1 4   184.0  200.0
151 7632.339273 5.339E-63 2.412E-02.00930.06019599.39070.50-.022413              8              4                    P 31      252523 9 5 3 4 1 4   488.0  504.0
151 7633.920944 3.778E-84 4.330E-03.00930.06029307.59250.50-.022417             13              7                    P 38      252523 9 5 3 4 1 4   600.0  616.0
151 7637.794284 2.679E-31 1.114E-01.01120.072 4713.58650.50-.022425              4              1                    P 13      342523 9 4 3 3 1 4   200.0  216.0
151 7638.016130 2.172E-43 6.486E-01.00930.06010942.14460.50-.022426              5              2                    R 23      342523 9 4 3 3 1 4   392.0  376.0
151 7638.978103 1.012E-33 4.041E-01.07010.230 5864.46890.61-.018742              5              2                    P  4      352523 9 4 3 3 1 4    56.0   72.0
151 7640.083271 5.615E-48 3.079E-01.00930.06013026.26980.50-.022431              4              1                    R 32      342523 9 4 3 3 1 4   536.0  520.0
151 7640.612200 2.716E-74 8.743E-02.00940.06025110.89580.50-.022432             14              9                    P 19      252523 9 5 3 4 1 4   296.0  312.0
151 7641.806560 1.873E-73 3.862E-01.02200.11024859.22010.14-.019520             15             10                    P  9      252523 9 5 3 4 1 4   136.0  152.0
151 7642.010758 1.379E-66 1.734E+00.00930.06022124.35110.50-.022435             11              7                    R 22      252523 9 5 3 4 1 4   376.0  360.0
151 7646.752744 3.385E-69 1.382E+00.00930.06023374.12900.50-.022446             10              6                    R 30      252523 9 5 3 4 1 4   504.0  488.0
151 7652.573942 4.031E-80 3.650E-05.00930.06026404.55430.50-.022459             11              6                    P 36      252523 9 5 3 4 1 4   568.0  584.0
151 7656.648243 4.204E-30 2.187E-02.00940.060 3891.92030.50-.022468              3              0                    P 19      442523 9 4 3 3 1 4   296.0  312.0
151 7659.617273 1.682E-74 1.305E+00.01000.06025728.19490.50-.022474             15             10                    R 14      252523 9 5 3 4 1 4   248.0  232.0
151 7659.621545 2.902E-80 7.567E-01.00930.06028448.60610.50-.022474             16             10                    R 24      252523 9 5 3 4 1 4   408.0  392.0
151 7659.953287 1.631E-71 9.716E-01.00930.06024434.35190.50-.022475              9              5                    R 36      252523 9 5 3 4 1 4   600.0  584.0
151 7660.594395 2.297E-78 1.070E+00.00930.06027670.22300.50-.022477             13              8                    R 31      252523 9 5 3 4 1 4   520.0  504.0
151 7663.953216 1.124E-33 4.318E-01.07880.235 5785.92400.71-.016747              5              2                    P  3      352523 9 4 3 3 1 4    40.0   56.0
151 7664.158838 1.609E-42 6.300E-01.00930.06010514.26480.50-.022485              5              2                    R 22      342523 9 4 3 3 1 4   376.0  360.0
151 7665.675442 7.795E-79 8.090E-01.00970.06027695.42290.50-.022488             17             11                    R 15      252523 9 5 3 4 1 4   264.0  248.0
151 7666.394757 2.752E-51 8.549E-02.00930.06014362.97170.50-.022490              3              0                    R 38      442523 9 4 3 3 1 4   632.0  616.0
151 7674.810859 2.389E-76 1.269E+00.00930.06026699.24190.50-.022508             14              9                    R 24      252523 9 5 3 4 1 4   408.0  392.0
151 7675.922889 3.587E-61 4.753E-01.01440.09019125.43440.50-.022511             11              7                    P 11      252523 9 5 3 4 1 4   168.0  184.0
151 7676.510442 2.457E-77 1.496E-03.00930.06025816.72490.50-.022512             12              7                    P 31      252523 9 5 3 4 1 4   488.0  504.0
151 7677.810946 3.344E-63 1.215E-02.00930.06019577.51160.50-.022515              7              3                    P 35      252523 9 5 3 4 1 4   552.0  568.0
151 7678.601799 8.754E-31 1.135E-01.01240.077 4454.59240.50-.022517              4              1                    P 12      342523 9 4 3 3 1 4   184.0  200.0
151 7683.765642 8.871E-47 2.976E-01.00930.06012442.88260.50-.022528              4              1                    R 31      342523 9 4 3 3 1 4   520.0  504.0
151 7686.369675 1.424E-78 1.298E-01.01240.08027119.79830.50-.022534             17             11                    P 12      252523 9 5 3 4 1 4   184.0  200.0
151 7686.810713 3.172E-73 3.955E-01.02870.13024727.58240.13-.019064             15             10                    P  8      252523 9 5 3 4 1 4   120.0  136.0
151 7687.062609 3.231E-64 3.249E-03.00930.06019809.02530.50-.022536              6              2                    P 39      352523 9 5 3 4 1 4   616.0  632.0
151 7687.171836 1.010E-33 4.885E-01.08700.230 5726.97200.69-.015150              5              2                    P  2      352523 9 4 3 3 1 4    24.0   40.0
151 7688.296580 1.098E-41 6.122E-01.00940.06010103.03500.50-.022539              5              2                    R 21      342523 9 4 3 3 1 4   360.0  344.0
151 7689.044415 6.560E-66 1.625E+00.00940.06021778.69030.50-.022540             11              7                    R 21      252523 9 5 3 4 1 4   360.0  344.0
151 7689.420006 4.818E-61 1.771E-01.00940.06018977.33360.50-.022541             10              6                    P 19      252523 9 5 3 4 1 4   296.0  312.0
151 7693.444940 4.849E-83 1.871E-03.00930.06028577.23680.50-.022550             14              8                    P 33      252523 9 5 3 4 1 4   520.0  536.0
151 7698.932657 7.680E-80 3.348E-04.00930.06026747.35500.50-.022562             10              5                    P 40      252523 9 5 3 4 1 4   632.0  648.0
151 7702.970950 2.217E-61 6.767E-02.00930.06018996.27090.50-.022571              9              5                    P 25      252523 9 5 3 4 1 4   392.0  408.0
151 7704.596481 4.978E-80 1.657E-02.00940.06027504.20560.50-.022575             16             10                    P 21      252523 9 5 3 4 1 4   328.0  344.0
151 7705.811561 3.767E-74 1.188E+00.01050.07025526.77380.50-.022578             15             10                    R 13      252523 9 5 3 4 1 4   232.0  216.0
151 7707.618542 2.562E-29 2.224E-02.00950.060 3509.43870.50-.022582              3              0                    P 18      442523 9 4 3 3 1 4   280.0  296.0
151 7708.621062 6.192E-34 7.462E-01.09710.217 5687.65010.65-.017849              5              2                    P  1      352523 9 4 3 3 1 4     8.0   24.0
151 7710.437261 6.892E-41 5.951E-01.00940.060 9708.70910.50-.022588              5              2                    R 20      342523 9 4 3 3 1 4   344.0  328.0
151 7716.414454 2.859E-68 1.278E+00.00930.06022908.63480.50-.022602             10              6                    R 29      252523 9 5 3 4 1 4   488.0  472.0
151 7717.483505 7.966E-61 4.901E-01.01740.09018944.71250.15-.020347             11              7                    P 10      252523 9 5 3 4 1 4   152.0  168.0
151 7717.778841 2.588E-30 1.159E-01.01440.087 4214.90420.50-.022605              4              1                    P 11      342523 9 4 3 3 1 4   168.0  184.0
151 7718.821586 6.531E-62 2.558E-02.00930.06019084.92730.50-.022607              8              4                    P 30      252523 9 5 3 4 1 4   472.0  488.0
151 7721.092689 4.294E-75 1.674E-02.00930.06025203.94210.50-.022612             13              8                    P 25      252523 9 5 3 4 1 4   392.0  408.0
151 7721.315423 9.772E-74 8.735E-02.00950.06024831.56790.50-.022613             14              9                    P 18      252523 9 5 3 4 1 4   280.0  296.0
151 7721.611919 7.099E-50 8.229E-02.00930.06013678.22380.50-.022613              3              0                    R 37      442523 9 4 3 3 1 4   616.0  600.0
151 7725.401594 1.306E-45 2.877E-01.00930.06011873.98910.50-.022622              4              1                    R 30      342523 9 4 3 3 1 4   504.0  488.0
151 7727.997431 4.958E-73 4.077E-01.03670.18224610.28850.25-.018600             15             10                    P  7      252523 9 5 3 4 1 4   104.0  120.0
151 7730.588605 3.977E-40 5.787E-01.00940.060 9331.53100.50-.022633              5              2                    R 19      342523 9 4 3 3 1 4   328.0  312.0
151 7732.556481 1.782E-81 5.312E-01.00930.06028989.34310.50-.022638             15              9                    R 30      252523 9 5 3 4 1 4   504.0  488.0
151 7732.938582 2.919E-65 1.526E+00.00940.06021446.96930.50-.022639             11              7                    R 20      252523 9 5 3 4 1 4   344.0  328.0
151 7743.988395 9.825E-80 7.250E-01.00930.06028263.67180.50-.022663             12              7                    R 36      252523 9 5 3 4 1 4   600.0  584.0
151 7746.160866 7.004E-34 2.582E-01.09740.210 5667.98300.74-.009841              5              2                    R  0      352523 9 4 3 3 1 4    24.0    8.0
151 7746.336436 2.096E-70 8.899E-01.00930.06023880.92890.50-.022669              9              5                    R 35      252523 9 5 3 4 1 4   584.0  568.0
151 7747.451054 7.892E-74 1.085E+00.01120.07025339.00960.50-.022671             15             10                    R 12      252523 9 5 3 4 1 4   216.0  200.0
151 7748.009852 1.681E-78 7.016E-01.01000.06027490.71600.50-.022672             17             11                    R 14      252523 9 5 3 4 1 4   248.0  232.0
151 7748.758226 2.105E-39 5.630E-01.00940.060 8971.73410.50-.022674              5              2                    R 18      342523 9 4 3 3 1 4   312.0  296.0
151 7749.878547 2.137E-60 1.827E-01.00950.06018662.70570.50-.022677             10              6                    P 18      252523 9 5 3 4 1 4   280.0  296.0
151 7755.310109 6.910E-30 1.183E-01.01740.095 3994.66870.15-.020431              4              1                    P 10      342523 9 4 3 3 1 4   152.0  168.0
151 7756.583026 1.624E-60 5.062E-01.02200.11018780.00100.14-.019777             11              7                    P  9      252523 9 5 3 4 1 4   136.0  152.0
151 7757.054653 1.422E-28 2.263E-02.00960.060 3145.72500.50-.022693              3              0                    P 17      442523 9 4 3 3 1 4   264.0  280.0
151 7760.688505 2.779E-78 1.264E-01.01440.09026953.93880.50-.022701             17             11                    P 11      252523 9 5 3 4 1 4   168.0  184.0
151 7762.227050 1.292E-33 3.158E-01.08640.220 5687.65010.76-.014933              5              2                    R  1      352523 9 4 3 3 1 4    40.0   24.0
151 7763.523572 1.039E-75 1.113E+00.00930.06026356.88680.50-.022707             14              9                    R 23      252523 9 5 3 4 1 4   392.0  376.0
151 7764.953682 1.021E-38 5.479E-01.00950.060 8629.54150.50-.022710              5              2                    R 17      342523 9 4 3 3 1 4   296.0  280.0
151 7764.999690 1.790E-44 2.784E-01.00930.06011319.92760.50-.022710              4              1                    R 29      342523 9 4 3 3 1 4   488.0  472.0
151 7765.389282 7.116E-73 4.235E-01.04780.19724507.43800.35-.018730             15             10                    P  6      252523 9 5 3 4 1 4    88.0  104.0
151 7772.087692 5.569E-62 1.249E-02.00930.06018993.44970.50-.022726              7              3                    P 34      252523 9 5 3 4 1 4   536.0  552.0
151 7773.748065 1.213E-64 1.437E+00.00940.06021129.43260.50-.022730             11              7                    R 19      252523 9 5 3 4 1 4   328.0  312.0
151 7774.776938 1.722E-48 7.926E-02.00930.06013006.31060.50-.022732              3              0                    R 36      442523 9 4 3 3 1 4   600.0  584.0
151 7776.474959 1.627E-33 3.451E-01.07820.220 5726.97200.72-.015723              5              2                    R  2      352523 9 4 3 3 1 4    56.0   40.0
151 7776.726096 1.645E-60 7.056E-02.00930.06018580.16080.50-.022737              9              5                    P 24      252523 9 5 3 4 1 4   376.0  392.0
151 7779.182540 4.535E-38 5.334E-01.00960.060 8305.16550.50-.022742              5              2                    R 16      342523 9 4 3 3 1 4   280.0  264.0
151 7780.378702 1.551E-77 9.114E-01.00930.06027231.72990.50-.022745             13              8                    R 30      252523 9 5 3 4 1 4   504.0  488.0
151 7782.631135 2.283E-67 1.185E+00.00930.06022455.38200.50-.022750             10              6                    R 28      252523 9 5 3 4 1 4   472.0  456.0
151 7784.644519 1.544E-73 9.937E-01.01230.08025165.06470.50-.022754             15             10                    R 11      252523 9 5 3 4 1 4   200.0  184.0
151 7786.499214 3.294E-80 2.400E-06.00930.06025873.06090.50-.022759             11              6                    P 35      252523 9 5 3 4 1 4   552.0  568.0
151 7788.867043 7.583E-63 3.375E-03.00930.06019156.83500.50-.022764              6              2                    P 38      352523 9 5 3 4 1 4   600.0  616.0
151 7788.893138 1.656E-33 3.650E-01.06800.215 5785.92400.71-.016409              5              2                    R  3      352523 9 4 3 3 1 4    72.0   56.0
151 7789.211548 1.162E-82 1.263E-04.00930.06027795.70010.50-.022765             15              9                    P 27      252523 9 5 3 4 1 4   424.0  440.0
151 7791.180316 1.662E-29 1.210E-01.02200.110 3794.02110.14-.019854              4              1                    P  9      352523 9 4 3 3 1 4   136.0  152.0
151 7791.452418 1.840E-37 5.194E-01.00970.060 7998.80780.50-.022770              5              2                    R 15      342523 9 4 3 3 1 4   264.0  248.0
151 7793.218172 3.025E-60 5.243E-01.02870.13018631.41920.13-.019302             11              7                    P  8      252523 9 5 3 4 1 4   120.0  136.0
151 7795.568417 2.756E-76 1.929E-03.00930.06025358.45040.50-.022779             12              7                    P 30      252523 9 5 3 4 1 4   472.0  488.0
151 7798.060742 3.324E-73 8.824E-02.00960.06024565.58930.50-.022784             14              9                    P 17      252523 9 5 3 4 1 4   264.0  280.0
151 7799.002928 9.296E-73 4.441E-01.05890.20724419.11830.46-.018952             15             10                    P  5      252523 9 5 3 4 1 4    72.0   88.0
151 7799.470451 1.438E-33 3.809E-01.05850.194 5864.46890.58-.018793              5              2                    R  4      352523 9 4 3 3 1 4    88.0   72.0
151 7801.771031 6.813E-37 5.059E-01.01000.062 7710.65890.50-.022793              5              2                    R 14      342523 9 4 3 3 1 4   248.0  232.0
151 7802.567701 2.279E-43 2.695E-01.00930.06010781.02810.50-.022795              4              1                    R 28      342523 9 4 3 3 1 4   472.0  456.0
151 7803.043662 7.482E-61 2.711E-02.00930.06018583.59580.50-.022796              8              4                    P 29      252523 9 5 3 4 1 4   456.0  472.0
151 7803.414210 1.089E-79 6.287E-01.00930.06028122.39140.50-.022796             16             10                    R 23      252523 9 5 3 4 1 4   392.0  376.0
151 7804.939579 7.172E-28 2.303E-02.00970.061 2800.99630.50-.022800              3              0                    P 16      442523 9 4 3 3 1 4   248.0  264.0
151 7807.965046 8.787E-60 1.888E-01.00960.06018363.32940.50-.022807             10              6                    P 17      252523 9 5 3 4 1 4   264.0  280.0
151 7808.196082 1.091E-33 3.947E-01.04680.170 5962.55740.35-.021375              5              2                    R  5      352523 9 4 3 3 1 4   104.0   88.0
151 7808.972436 9.654E-83 3.367E-01.00930.06029521.62560.50-.022809             14              8                    R 35      252523 9 5 3 4 1 4   584.0  568.0
151 7810.146233 2.299E-36 4.928E-01.01050.065 7440.89840.50-.022812              5              2                    R 13      342523 9 4 3 3 1 4   232.0  216.0
151 7811.522742 4.706E-64 1.355E+00.00940.06020826.31370.50-.022815             11              7                    R 18      252523 9 5 3 4 1 4   312.0  296.0
151 7815.059538 7.324E-34 4.075E-01.03590.146 6080.12800.40-.022953              5              2                    R  6      352523 9 4 3 3 1 4   120.0  104.0
151 7816.586047 7.059E-36 4.800E-01.01120.070 7189.69450.50-.022826              5              2                    R 12      342523 9 4 3 3 1 4   216.0  200.0
151 7817.488593 2.818E-73 9.133E-01.01420.09025005.08910.50-.022828             15             10                    R 10      252523 9 5 3 4 1 4   184.0  168.0
151 7820.050640 4.387E-34 4.197E-01.02790.123 6217.10670.29-.023330              5              2                    R  7      352523 9 4 3 3 1 4   136.0  120.0
151 7821.045828 2.538E-74 1.750E-02.00930.06024833.65670.50-.022836             13              8                    P 24      252523 9 5 3 4 1 4   376.0  392.0
151 7821.098698 1.969E-35 4.676E-01.01230.075 6957.20400.50-.022836              5              2                    R 11      342523 9 4 3 3 1 4   200.0  184.0
151 7821.353863 8.685E-84 2.564E-04.00930.06028448.60610.50-.022837             17             10                    P 24      252323 9 5 3 4 1 4   376.0  392.0
151 7822.721544 3.415E-78 6.110E-01.01050.07027298.78030.50-.022840             17             11                    R 13      252523 9 5 3 4 1 4   232.0  216.0
151 7823.159528 2.357E-34 4.316E-01.02170.106 6373.40770.30-.023603              5              2                    R  8      352523 9 4 3 3 1 4   152.0  136.0
151 7823.692641 4.980E-35 4.555E-01.01420.085 6743.57220.50-.022842              5              2                    R 10      342523 9 4 3 3 1 4   184.0  168.0
151 7824.376648 1.140E-34 4.435E-01.01710.097 6548.93280.35-.023374              5              2                    R  9      352523 9 4 3 3 1 4   168.0  152.0
151 7825.374357 3.588E-29 1.240E-01.02870.126 3613.08460.13-.019374              4              1                    P  8      352523 9 4 3 3 1 4   120.0  136.0
151 7825.798011 1.674E-79 1.468E-02.00940.06027212.81090.50-.022847             16             10                    P 20      252523 9 5 3 4 1 4   312.0  328.0
151 7825.899239 3.917E-47 7.639E-02.00930.06012347.61790.50-.022847              3              0                    R 35      442523 9 4 3 3 1 4   584.0  568.0
151 7827.384590 5.136E-60 5.446E-01.03670.16318499.07460.25-.018823             11              7                    P  7      252523 9 5 3 4 1 4   104.0  120.0
151 7828.849626 1.091E-72 4.718E-01.07010.21724345.40420.61-.019167             15             10                    P  4      252523 9 5 3 4 1 4    56.0   72.0
151 7829.017193 2.566E-69 8.182E-01.00930.06023338.23390.50-.022854              9              5                    R 34      252523 9 5 3 4 1 4   568.0  552.0
151 7829.105159 5.125E-78 1.249E-01.01740.09026801.35730.15-.020597             17             11                    P 10      252523 9 5 3 4 1 4   152.0  168.0
151 7838.112749 2.691E-42 2.610E-01.00930.06010257.61220.50-.022874              4              1                    R 27      342523 9 4 3 3 1 4   456.0  440.0
151 7840.522741 3.509E-83 3.377E-03.00930.06028781.40310.50-.022880             13              7                    P 37      252523 9 5 3 4 1 4   584.0  600.0
151 7843.080910 3.379E-79 8.811E-05.00930.06026155.03100.50-.022885             10              5                    P 39      252523 9 5 3 4 1 4   616.0  632.0
151 7845.490914 1.720E-66 1.102E+00.00930.06022014.69670.50-.022891             10              6                    R 27      252523 9 5 3 4 1 4   456.0  440.0
151 7846.069261 4.784E-73 8.417E-01.01710.10224859.22010.35-.023422             15             10                    R  9      252523 9 5 3 4 1 4   168.0  152.0
151 7846.308154 1.700E-63 1.281E+00.00950.06020537.83490.50-.022893             11              7                    R 17      252523 9 5 3 4 1 4   296.0  280.0
151 7846.635693 4.284E-75 9.812E-01.00930.06026026.59960.50-.022893             14              9                    R 22      252523 9 5 3 4 1 4   376.0  360.0
151 7848.175978 1.136E-59 7.362E-02.00930.06018178.42370.50-.022897              9              5                    P 23      252523 9 5 3 4 1 4   360.0  376.0
151 7851.256362 3.286E-27 2.346E-02.01000.063 2475.45850.50-.022904              3              0                    P 15      442523 9 4 3 3 1 4   232.0  248.0
151 7854.935535 1.122E-72 5.134E-01.07880.22524286.35810.71-.017175             15             10                    P  3      252523 9 5 3 4 1 4    40.0   56.0
151 7857.877330 6.932E-29 1.274E-01.03670.140 3451.97030.25-.018891              4              1                    P  7      352523 9 4 3 3 1 4   104.0  120.0
151 7859.076466 7.903E-60 5.678E-01.04780.18118383.06290.35-.018940             11              7                    P  6      252523 9 5 3 4 1 4    88.0  104.0
151 7863.683510 3.345E-59 1.951E-01.00970.06018079.41420.50-.022931             10              6                    P 16      252523 9 5 3 4 1 4   248.0  264.0
151 7864.175483 8.742E-61 1.284E-02.00930.06018421.70180.50-.022933              7              3                    P 33      252523 9 5 3 4 1 4   520.0  536.0
151 7870.463072 7.536E-73 7.777E-01.02170.11524727.58240.30-.023709             15             10                    R  8      252523 9 5 3 4 1 4   152.0  136.0
151 7870.926739 1.066E-72 8.996E-02.00970.06024313.17890.50-.022948             14              9                    P 16      252523 9 5 3 4 1 4   248.0  264.0
151 7871.641420 2.942E-41 2.530E-01.00930.060 9749.99270.50-.022949              4              1                    R 26      342523 9 4 3 3 1 4   440.0  424.0
151 7874.437778 3.575E-82 1.605E-03.00930.06028118.85460.50-.022956             14              8                    P 32      252523 9 5 3 4 1 4   504.0  520.0
151 7874.986892 8.347E-46 7.366E-02.00930.06011702.52470.50-.022957              3              0                    R 34      442523 9 4 3 3 1 4   568.0  552.0
151 7877.261955 9.594E-73 5.931E-01.08700.22324242.02980.69-.015575             15             10                    P  2      252523 9 5 3 4 1 4    24.0   40.0
151 7877.519518 3.570E-71 5.109E-01.00930.06024145.40570.50-.022962              8              4                    R 39      252523 9 5 3 4 1 4   648.0  632.0
151 7878.096257 6.551E-63 6.825E-04.00930.06018869.25870.50-.022964              5              1                    P 41      352523 9 5 3 4 1 4   648.0  664.0
151 7878.146006 5.711E-63 1.213E+00.00960.06020264.20730.50-.022964             11              7                    R 16      252523 9 5 3 4 1 4   280.0  264.0
151 7884.068372 9.160E-79 6.068E-01.00930.06027754.83710.50-.022977             12              7                    R 35      252523 9 5 3 4 1 4   584.0  568.0
151 7885.023419 8.009E-60 2.866E-02.00930.06018095.72490.50-.022979              8              4                    P 28      252523 9 5 3 4 1 4   440.0  456.0
151 7888.287017 1.093E-59 5.958E-01.05890.20218283.46810.46-.019152             11              7                    P  5      252523 9 5 3 4 1 4    72.0   88.0
151 7888.552927 1.684E-61 3.505E-03.00930.06018516.00140.50-.022987              6              2                    P 37      352523 9 5 3 4 1 4   584.0  600.0
151 7888.674564 1.192E-28 1.313E-01.04780.175 3310.77750.35-.019006              4              1                    P  6      352523 9 4 3 3 1 4    88.0  104.0
151 7890.212815 6.526E-78 5.344E-01.01120.07027119.79830.50-.022991             17             11                    R 12      252523 9 5 3 4 1 4   216.0  200.0
151 7890.738165 1.098E-72 7.201E-01.02790.13424610.28850.29-.023488             15             10                    R  7      252523 9 5 3 4 1 4   136.0  120.0
151 7891.764338 8.886E-78 1.250E-01.02200.11026662.19600.14-.020079             17             11                    P  9      252523 9 5 3 4 1 4   136.0  152.0
151 7893.363718 1.002E-76 7.821E-01.00930.06026803.74880.50-.022998             13              8                    R 29      252523 9 5 3 4 1 4   488.0  472.0
151 7895.825499 5.747E-73 9.274E-01.09710.21624212.45690.65-.018269             15             10                    P  1      252523 9 5 3 4 1 4     8.0   24.0
151 7895.988118 1.365E-26 2.390E-02.01050.066 2169.30650.50-.023004              3              0                    P 14      442523 9 4 3 3 1 4   216.0  232.0
151 7903.159879 2.973E-40 2.453E-01.00930.060 9258.47340.50-.023020              4              1                    R 25      342523 9 4 3 3 1 4   424.0  408.0
151 7905.072480 1.220E-65 1.028E+00.00930.06021586.89470.50-.023024             10              6                    R 26      252523 9 5 3 4 1 4   440.0  424.0
151 7906.955172 1.476E-72 6.677E-01.03590.15624507.43800.40-.023159             15             10                    R  6      252523 9 5 3 4 1 4   120.0  104.0
151 7907.074608 1.782E-62 1.150E+00.00970.06020005.63070.50-.023029             11              7                    R 15      252523 9 5 3 4 1 4   264.0  248.0
151 7908.117888 2.990E-68 7.554E-01.00930.06022806.64750.50-.023031              9              5                    R 33      252523 9 5 3 4 1 4   552.0  536.0
151 7910.304257 2.964E-75 2.517E-03.00930.06024911.41160.50-.023036             12              7                    P 29      252523 9 5 3 4 1 4   456.0  472.0
151 7912.305936 3.873E-84 2.596E-03.00930.06029198.31670.50-.023040             12              6                    P 41      252523 9 5 3 4 1 4   648.0  664.0
151 7915.008465 1.340E-59 6.317E-01.07010.21918200.36230.61-.019360             11              7                    P  4      252523 9 5 3 4 1 4    56.0   72.0
151 7915.874005 1.512E-77 9.295E-05.00930.06025351.62540.50-.023048             11              6                    P 34      252523 9 5 3 4 1 4   536.0  552.0
151 7916.934158 1.435E-73 1.862E-02.00930.06024475.84920.50-.023051             13              8                    P 23      252523 9 5 3 4 1 4   360.0  376.0
151 7917.036023 1.177E-58 2.020E-01.01000.06017811.15890.50-.023051             10              6                    P 15      252523 9 5 3 4 1 4   232.0  248.0
151 7917.330037 7.307E-59 7.682E-02.00940.06017791.33160.50-.023052              9              5                    P 22      252523 9 5 3 4 1 4   344.0  360.0
151 7917.751643 1.808E-28 1.361E-01.05890.205 3189.59310.46-.019218              4              1                    P  5      352523 9 4 3 3 1 4    72.0   88.0
151 7919.167635 1.816E-72 6.193E-01.04680.16924419.11830.35-.021623             15             10                    R  5      252523 9 5 3 4 1 4   104.0   88.0
151 7920.478393 9.838E-81 4.372E-01.00930.06028581.24780.50-.023059             15              9                    R 29      252523 9 5 3 4 1 4   488.0  472.0
151 7921.627608 6.726E-73 3.389E-01.09740.19824197.66420.74-.010234             15             10                    R  0      252523 9 5 3 4 1 4    24.0    8.0
151 7922.047130 1.662E-44 7.108E-02.00930.06011071.40250.50-.023062              3              0                    R 33      442523 9 4 3 3 1 4   552.0  536.0
151 7924.398734 1.672E-74 8.696E-01.00940.06025708.66160.50-.023067             14              9                    R 21      252523 9 5 3 4 1 4   360.0  344.0
151 7927.423082 2.033E-72 5.737E-01.05850.19624345.40420.58-.019080             15             10                    R  4      252523 9 5 3 4 1 4    88.0   72.0
151 7928.836715 1.313E-72 4.274E-01.08640.19524212.45690.76-.015307             15             10                    R  1      252523 9 5 3 4 1 4    40.0   24.0
151 7931.763125 2.042E-72 5.292E-01.06800.20524286.35810.71-.016729             15             10                    R  3      252523 9 5 3 4 1 4    72.0   56.0
151 7932.223969 1.798E-72 4.828E-01.07820.20524242.02980.72-.016072             15             10                    R  2      252523 9 5 3 4 1 4    56.0   40.0
151 7932.673963 2.774E-39 2.379E-01.00930.060 8783.34890.50-.023086              4              1                    R 24      342523 9 4 3 3 1 4   408.0  392.0
151 7933.129255 5.157E-62 1.093E+00.01000.06019762.29370.50-.023087             11              7                    R 14      252523 9 5 3 4 1 4   248.0  232.0
151 7935.686995 3.871E-79 5.212E-01.00930.06027807.49280.50-.023093             16             10                    R 22      252523 9 5 3 4 1 4   376.0  360.0
151 7938.845970 5.901E-82 1.109E-04.00930.06027418.96320.50-.023100             15              9                    P 26      252523 9 5 3 4 1 4   408.0  424.0
151 7939.118070 5.131E-26 2.436E-02.01120.072 1882.72390.50-.023100              3              0                    P 13      442523 9 4 3 3 1 4   200.0  216.0
151 7939.232101 1.425E-59 6.841E-01.07880.22918133.80540.71-.017364             11              7                    P  3      252523 9 5 3 4 1 4    40.0   56.0
151 7939.981231 3.211E-72 9.240E-02.01000.06024074.54370.50-.023102             14              9                    P 15      252523 9 5 3 4 1 4   232.0  248.0
151 7940.104698 5.584E-79 1.366E-02.00940.06026933.57580.50-.023103             16             10                    P 19      252523 9 5 3 4 1 4   296.0  312.0
151 7945.094423 2.390E-28 1.425E-01.07010.230 3088.49170.61-.019427              4              1                    P  4      352523 9 4 3 3 1 4    56.0   72.0
151 7948.786085 1.443E-77 1.267E-01.02870.13026536.58400.13-.019651             17             11                    P  8      252523 9 5 3 4 1 4   120.0  136.0
151 7950.816350 1.171E-77 4.697E-01.01230.08026953.93880.50-.023127             17             11                    R 11      252523 9 5 3 4 1 4   200.0  184.0
151 7954.094921 1.290E-59 1.321E-02.00930.06017862.63000.50-.023134              7              3                    P 32      252523 9 5 3 4 1 4   504.0  520.0
151 7956.342563 1.382E-61 1.040E+00.01050.07019534.37340.50-.023139             11              7                    R 13      252523 9 5 3 4 1 4   232.0  216.0
151 7960.189273 2.385E-38 2.309E-01.00930.060 8324.90480.50-.023148              4              1                    R 23      342523 9 4 3 3 1 4   392.0  376.0
151 7960.948332 1.242E-59 7.843E-01.08700.22618083.84570.69-.015763             11              7                    P  2      252523 9 5 3 4 1 4    24.0   40.0
151 7961.446226 8.137E-65 9.623E-01.00930.06021172.28120.50-.023150             10              6                    R 25      252523 9 5 3 4 1 4   424.0  408.0
151 7964.774795 7.999E-59 3.026E-02.00930.06017621.63410.50-.023158              8              4                    P 27      252523 9 5 3 4 1 4   424.0  440.0
151 7967.085969 3.089E-43 6.863E-02.00930.06010454.61580.50-.023163              3              0                    R 32      442523 9 4 3 3 1 4   536.0  520.0
151 7968.022951 3.822E-58 2.092E-01.01050.07017558.75090.50-.023165             10              6                    P 14      252523 9 5 3 4 1 4   216.0  232.0
151 7969.739502 5.967E-70 4.698E-01.00930.06023538.81000.50-.023169              8              4                    R 38      252523 9 5 3 4 1 4   632.0  616.0
151 7970.689053 2.689E-28 1.524E-01.07880.235 3007.53560.71-.017434              4              1                    P  3      352523 9 4 3 3 1 4    40.0   56.0
151 7976.744761 3.422E-61 9.905E-01.01120.07019322.03560.50-.023185             11              7                    R 12      252523 9 5 3 4 1 4   216.0  200.0
151 7980.146724 7.505E-60 1.215E+00.09710.21418050.51910.65-.018458             11              7                    P  1      252523 9 5 3 4 1 4     8.0   24.0
151 7980.629671 1.743E-25 2.485E-02.01240.077 1615.88260.50-.023193              3              0                    P 12      442523 9 4 3 3 1 4   184.0  200.0
151 7982.604349 2.487E-80 4.051E-07.00930.06025571.80930.50-.023198             10              5                    P 38      252523 9 5 3 4 1 4   600.0  616.0
151 7983.093873 1.941E-61 7.181E-04.00930.06018171.93710.50-.023199              5              1                    P 40      352523 9 5 3 4 1 4   632.0  648.0
151 7983.746091 3.307E-67 7.000E-01.00930.06022286.54010.50-.023200              9              5                    R 32      252523 9 5 3 4 1 4   536.0  520.0
151 7984.195235 4.363E-58 8.013E-02.00940.06017419.14640.50-.023201              9              5                    P 21      252523 9 5 3 4 1 4   328.0  344.0
151 7985.711254 1.887E-37 2.242E-01.00930.060 7883.41670.50-.023205              4              1                    R 22      342523 9 4 3 3 1 4   376.0  360.0
151 7986.144102 3.527E-60 3.636E-03.00930.06017886.91680.50-.023206              6              2                    P 36      352523 9 5 3 4 1 4   568.0  584.0
151 7994.363943 7.822E-61 9.446E-01.01230.08019125.43440.50-.023224             11              7                    R 11      252523 9 5 3 4 1 4   200.0  184.0
151 7994.521997 2.438E-28 1.724E-01.08700.230 2946.77480.69-.015838              4              1                    P  2      352523 9 4 3 3 1 4    24.0   40.0
151 7997.030246 6.163E-74 7.748E-01.00940.06025403.34160.50-.023230             14              9                    R 20      252523 9 5 3 4 1 4   344.0  328.0
151 7999.996917 6.192E-76 6.759E-01.00930.06026386.63950.50-.023237             13              8                    R 28      252523 9 5 3 4 1 4   472.0  456.0
