filename,epsilon,regular,q,residue,ladder_closure,n_pairs
NewFloq_REF_Bro57_Eps001_T50_5IT_14Jul.dat,0.01,True,1,0,0.013908769058563544,50
NewFloq_REF_Bro57_Eps001_T50_5IT_14Jul.dat,0.01,True,2,0,0.7711237290009662,25
NewFloq_REF_Bro57_Eps001_T50_5IT_14Jul.dat,0.01,True,2,1,0.8148311625562507,24
NewFloq_REF_Bro57_Eps001_T50_5IT_14Jul.dat,0.01,True,3,0,0.019418396831747634,16
NewFloq_REF_Bro57_Eps001_T50_5IT_14Jul.dat,0.01,True,3,1,0.018574727542051826,16
NewFloq_REF_Bro57_Eps001_T50_5IT_14Jul.dat,0.01,True,3,2,0.01534999024044005,16
NewFloq_REF_Bro57_Eps001_T50_5IT_14Jul.dat,0.01,True,4,0,0.660920833339116,12
NewFloq_REF_Bro57_Eps001_T50_5IT_14Jul.dat,0.01,True,4,1,0.7845451992996223,12
NewFloq_REF_Bro57_Eps001_T50_5IT_14Jul.dat,0.01,True,4,2,0.6978850743340795,12
NewFloq_REF_Bro57_Eps001_T50_5IT_14Jul.dat,0.01,True,4,3,0.7533793779585455,11
NewFloq_REF_Bro57_Eps001_T50_5IT_14Jul.dat,0.01,True,5,0,0.019345342823985708,10
NewFloq_REF_Bro57_Eps001_T50_5IT_14Jul.dat,0.01,True,5,1,0.0068627752103545756,9
NewFloq_REF_Bro57_Eps001_T50_5IT_14Jul.dat,0.01,True,5,2,0.024247896776086877,9
NewFloq_REF_Bro57_Eps001_T50_5IT_14Jul.dat,0.01,True,5,3,0.03599507366770036,9
NewFloq_REF_Bro57_Eps001_T50_5IT_14Jul.dat,0.01,True,5,4,0.023063450574246556,9
NewFloq_REF_Bro57_Eps001_T50_5IT_14Jul.dat,0.01,True,6,0,0.5952957367711431,8
NewFloq_REF_Bro57_Eps001_T50_5IT_14Jul.dat,0.01,True,6,1,0.7453678124483711,8
NewFloq_REF_Bro57_Eps001_T50_5IT_14Jul.dat,0.01,True,6,2,0.6727688154394074,8
NewFloq_REF_Bro57_Eps001_T50_5IT_14Jul.dat,0.01,True,6,3,0.7241016719810693,7
NewFloq_REF_Bro57_Eps001_T50_5IT_14Jul.dat,0.01,True,6,4,0.6583605646294501,7
NewFloq_REF_Bro57_Eps001_T50_5IT_14Jul.dat,0.01,True,6,5,0.7278748094214651,7
NewFloq_REF_Bro57_Eps001_T50_5IT_14Jul.dat,0.01,True,7,0,0.03585576203231735,7
NewFloq_REF_Bro57_Eps001_T50_5IT_14Jul.dat,0.01,True,7,1,0.023828477263226486,7
NewFloq_REF_Bro57_Eps001_T50_5IT_14Jul.dat,0.01,True,7,2,0.03417764609699197,6
NewFloq_REF_Bro57_Eps001_T50_5IT_14Jul.dat,0.01,True,7,3,0.003945209476521349,6
NewFloq_REF_Bro57_Eps001_T50_5IT_14Jul.dat,0.01,True,7,4,0.021125654901011637,6
NewFloq_REF_Bro57_Eps001_T50_5IT_14Jul.dat,0.01,True,7,5,0.021670508091230282,6
NewFloq_REF_Bro57_Eps001_T50_5IT_14Jul.dat,0.01,True,7,6,0.007474414063420316,6
NewFloq_REF_Bro57_Eps001_T50_5IT_14Jul.dat,0.01,True,8,0,0.6602459064070633,6
NewFloq_REF_Bro57_Eps001_T50_5IT_14Jul.dat,0.01,True,8,1,0.6325450367952398,6
NewFloq_REF_Bro57_Eps001_T50_5IT_14Jul.dat,0.01,True,8,2,0.6121955644656989,6
NewFloq_REF_Bro57_Eps001_T50_5IT_14Jul.dat,0.01,True,8,3,0.6330129011016059,5
NewFloq_REF_Bro57_Eps001_T50_5IT_14Jul.dat,0.01,True,8,4,0.5098408165331503,5
NewFloq_REF_Bro57_Eps001_T50_5IT_14Jul.dat,0.01,True,8,5,0.8417489927246746,5
NewFloq_REF_Bro57_Eps001_T50_5IT_14Jul.dat,0.01,True,8,6,0.6905352007099282,5
NewFloq_REF_Bro57_Eps001_T50_5IT_14Jul.dat,0.01,True,8,7,0.7742565030043551,5
NewFloq_REF_Bro57_Eps001_T50_5IT_14Jul.dat,0.01,True,9,0,0.005923242108711736,5
NewFloq_REF_Bro57_Eps001_T50_5IT_14Jul.dat,0.01,True,9,1,0.03219478854478218,5
NewFloq_REF_Bro57_Eps001_T50_5IT_14Jul.dat,0.01,True,9,2,0.014735404866129875,5
NewFloq_REF_Bro57_Eps001_T50_5IT_14Jul.dat,0.01,True,9,3,0.029987257957845136,5
NewFloq_REF_Bro57_Eps001_T50_5IT_14Jul.dat,0.01,True,9,4,0.015520905875630204,5
NewFloq_REF_Bro57_Eps001_T50_5IT_14Jul.dat,0.01,True,9,5,0.030571400242970708,5
NewFloq_REF_Bro57_Eps001_T50_5IT_14Jul.dat,0.01,True,9,6,0.010250947022404111,4
NewFloq_REF_Bro57_Eps001_T50_5IT_14Jul.dat,0.01,True,9,7,0.018665476963789788,4
NewFloq_REF_Bro57_Eps001_T50_5IT_14Jul.dat,0.01,True,9,8,0.02381700324974646,4
NewFloq_REF_Bro57_Eps001_T50_5IT_14Jul.dat,0.01,True,10,0,0.49936006385020093,5
NewFloq_REF_Bro57_Eps001_T50_5IT_14Jul.dat,0.01,True,10,1,0.6008252917044259,4
NewFloq_REF_Bro57_Eps001_T50_5IT_14Jul.dat,0.01,True,10,2,0.5414109148134401,4
NewFloq_REF_Bro57_Eps001_T50_5IT_14Jul.dat,0.01,True,10,3,0.8225896516685189,4
NewFloq_REF_Bro57_Eps001_T50_5IT_14Jul.dat,0.01,True,10,4,0.7639417396872487,4
NewFloq_REF_Bro57_Eps001_T50_5IT_14Jul.dat,0.01,True,10,5,0.8073399864794293,4
NewFloq_REF_Bro57_Eps001_T50_5IT_14Jul.dat,0.01,True,10,6,0.7415711991209784,4
NewFloq_REF_Bro57_Eps001_T50_5IT_14Jul.dat,0.01,True,10,7,0.7290405260863088,4
NewFloq_REF_Bro57_Eps001_T50_5IT_14Jul.dat,0.01,True,10,8,0.6126057874743556,4
NewFloq_REF_Bro57_Eps001_T50_5IT_14Jul.dat,0.01,True,10,9,0.6750220004525167,4
NewFloq_REF_Bro57_Eps002_T50_5IT_13Jul.dat,0.02,True,1,0,0.03785420406147825,50
NewFloq_REF_Bro57_Eps002_T50_5IT_13Jul.dat,0.02,True,2,0,0.787276334458509,25
NewFloq_REF_Bro57_Eps002_T50_5IT_13Jul.dat,0.02,True,2,1,0.7620550348743348,24
NewFloq_REF_Bro57_Eps002_T50_5IT_13Jul.dat,0.02,True,3,0,0.013305252215654824,16
NewFloq_REF_Bro57_Eps002_T50_5IT_13Jul.dat,0.02,True,3,1,0.040884777747501114,16
NewFloq_REF_Bro57_Eps002_T50_5IT_13Jul.dat,0.02,True,3,2,0.030405720884953948,16
NewFloq_REF_Bro57_Eps002_T50_5IT_13Jul.dat,0.02,True,4,0,0.7283609246006448,12
NewFloq_REF_Bro57_Eps002_T50_5IT_13Jul.dat,0.02,True,4,1,0.7576740576731167,12
NewFloq_REF_Bro57_Eps002_T50_5IT_13Jul.dat,0.02,True,4,2,0.7424258626480591,12
NewFloq_REF_Bro57_Eps002_T50_5IT_13Jul.dat,0.02,True,4,3,0.7400930066580667,11
NewFloq_REF_Bro57_Eps002_T50_5IT_13Jul.dat,0.02,True,5,0,0.053786182037417626,10
NewFloq_REF_Bro57_Eps002_T50_5IT_13Jul.dat,0.02,True,5,1,0.026401212301310643,9
NewFloq_REF_Bro57_Eps002_T50_5IT_13Jul.dat,0.02,True,5,2,0.02274334640920274,9
NewFloq_REF_Bro57_Eps002_T50_5IT_13Jul.dat,0.02,True,5,3,0.029477953778130315,9
NewFloq_REF_Bro57_Eps002_T50_5IT_13Jul.dat,0.02,True,5,4,0.028256201633748868,9
NewFloq_REF_Bro57_Eps002_T50_5IT_13Jul.dat,0.02,True,6,0,0.6540925515216625,8
NewFloq_REF_Bro57_Eps002_T50_5IT_13Jul.dat,0.02,True,6,1,0.7170682435935578,8
NewFloq_REF_Bro57_Eps002_T50_5IT_13Jul.dat,0.02,True,6,2,0.7105295897715824,8
NewFloq_REF_Bro57_Eps002_T50_5IT_13Jul.dat,0.02,True,6,3,0.7136938302151898,7
NewFloq_REF_Bro57_Eps002_T50_5IT_13Jul.dat,0.02,True,6,4,0.7348153503887059,7
NewFloq_REF_Bro57_Eps002_T50_5IT_13Jul.dat,0.02,True,6,5,0.6530425396021476,7
NewFloq_REF_Bro57_Eps002_T50_5IT_13Jul.dat,0.02,True,7,0,0.034067180638991605,7
NewFloq_REF_Bro57_Eps002_T50_5IT_13Jul.dat,0.02,True,7,1,0.04201963428146254,7
NewFloq_REF_Bro57_Eps002_T50_5IT_13Jul.dat,0.02,True,7,2,0.0357049233895819,6
NewFloq_REF_Bro57_Eps002_T50_5IT_13Jul.dat,0.02,True,7,3,0.03662267106269961,6
NewFloq_REF_Bro57_Eps002_T50_5IT_13Jul.dat,0.02,True,7,4,0.008184307156760781,6
NewFloq_REF_Bro57_Eps002_T50_5IT_13Jul.dat,0.02,True,7,5,0.006707588642614321,6
NewFloq_REF_Bro57_Eps002_T50_5IT_13Jul.dat,0.02,True,7,6,0.04211259714549163,6
NewFloq_REF_Bro57_Eps002_T50_5IT_13Jul.dat,0.02,True,8,0,0.6526885761005122,6
NewFloq_REF_Bro57_Eps002_T50_5IT_13Jul.dat,0.02,True,8,1,0.605073488794406,6
NewFloq_REF_Bro57_Eps002_T50_5IT_13Jul.dat,0.02,True,8,2,0.609780450102133,6
NewFloq_REF_Bro57_Eps002_T50_5IT_13Jul.dat,0.02,True,8,3,0.6045442226013247,5
NewFloq_REF_Bro57_Eps002_T50_5IT_13Jul.dat,0.02,True,8,4,0.630169901112508,5
NewFloq_REF_Bro57_Eps002_T50_5IT_13Jul.dat,0.02,True,8,5,0.7384563784340432,5
NewFloq_REF_Bro57_Eps002_T50_5IT_13Jul.dat,0.02,True,8,6,0.783324792891521,5
NewFloq_REF_Bro57_Eps002_T50_5IT_13Jul.dat,0.02,True,8,7,0.7847605906213792,5
NewFloq_REF_Bro57_Eps002_T50_5IT_13Jul.dat,0.02,True,9,0,0.03733877823748407,5
NewFloq_REF_Bro57_Eps002_T50_5IT_13Jul.dat,0.02,True,9,1,0.04121961617132763,5
NewFloq_REF_Bro57_Eps002_T50_5IT_13Jul.dat,0.02,True,9,2,0.013938187017714404,5
NewFloq_REF_Bro57_Eps002_T50_5IT_13Jul.dat,0.02,True,9,3,0.040954316054578485,5
NewFloq_REF_Bro57_Eps002_T50_5IT_13Jul.dat,0.02,True,9,4,0.046721074050146645,5
NewFloq_REF_Bro57_Eps002_T50_5IT_13Jul.dat,0.02,True,9,5,0.0559223753460947,5
NewFloq_REF_Bro57_Eps002_T50_5IT_13Jul.dat,0.02,True,9,6,0.007287385489407544,4
NewFloq_REF_Bro57_Eps002_T50_5IT_13Jul.dat,0.02,True,9,7,0.03350104250697469,4
NewFloq_REF_Bro57_Eps002_T50_5IT_13Jul.dat,0.02,True,9,8,0.011038109471375155,4
NewFloq_REF_Bro57_Eps002_T50_5IT_13Jul.dat,0.02,True,10,0,0.5343399197704313,5
NewFloq_REF_Bro57_Eps002_T50_5IT_13Jul.dat,0.02,True,10,1,0.5243484093770778,4
NewFloq_REF_Bro57_Eps002_T50_5IT_13Jul.dat,0.02,True,10,2,0.566055844162543,4
NewFloq_REF_Bro57_Eps002_T50_5IT_13Jul.dat,0.02,True,10,3,0.7680902030170433,4
NewFloq_REF_Bro57_Eps002_T50_5IT_13Jul.dat,0.02,True,10,4,0.792039696346251,4
NewFloq_REF_Bro57_Eps002_T50_5IT_13Jul.dat,0.02,True,10,5,0.7079963693003891,4
NewFloq_REF_Bro57_Eps002_T50_5IT_13Jul.dat,0.02,True,10,6,0.7437549666293577,4
NewFloq_REF_Bro57_Eps002_T50_5IT_13Jul.dat,0.02,True,10,7,0.6364367951172651,4
NewFloq_REF_Bro57_Eps002_T50_5IT_13Jul.dat,0.02,True,10,8,0.6139049269838567,4
NewFloq_REF_Bro57_Eps002_T50_5IT_13Jul.dat,0.02,True,10,9,0.6096368239370067,4
NewFloq_REF_Bro57_Eps002_T50_5IT_9Jul.dat,0.02,True,1,0,0.010335270952323667,50
NewFloq_REF_Bro57_Eps002_T50_5IT_9Jul.dat,0.02,True,2,0,0.8029191005649707,25
NewFloq_REF_Bro57_Eps002_T50_5IT_9Jul.dat,0.02,True,2,1,0.8387333147266322,24
NewFloq_REF_Bro57_Eps002_T50_5IT_9Jul.dat,0.02,True,3,0,0.002748106558941385,16
NewFloq_REF_Bro57_Eps002_T50_5IT_9Jul.dat,0.02,True,3,1,0.007687526518726713,16
NewFloq_REF_Bro57_Eps002_T50_5IT_9Jul.dat,0.02,True,3,2,0.010400596603308035,16
NewFloq_REF_Bro57_Eps002_T50_5IT_9Jul.dat,0.02,True,4,0,0.761037753907698,12
NewFloq_REF_Bro57_Eps002_T50_5IT_9Jul.dat,0.02,True,4,1,0.8013428785673157,12
NewFloq_REF_Bro57_Eps002_T50_5IT_9Jul.dat,0.02,True,4,2,0.7756651713241273,12
NewFloq_REF_Bro57_Eps002_T50_5IT_9Jul.dat,0.02,True,4,3,0.794610340613741,11
NewFloq_REF_Bro57_Eps002_T50_5IT_9Jul.dat,0.02,True,5,0,0.020180639144978828,10
NewFloq_REF_Bro57_Eps002_T50_5IT_9Jul.dat,0.02,True,5,1,0.005627974040922448,9
NewFloq_REF_Bro57_Eps002_T50_5IT_9Jul.dat,0.02,True,5,2,0.005949736506048752,9
NewFloq_REF_Bro57_Eps002_T50_5IT_9Jul.dat,0.02,True,5,3,0.005364553347856241,9
NewFloq_REF_Bro57_Eps002_T50_5IT_9Jul.dat,0.02,True,5,4,0.011256471009693922,9
NewFloq_REF_Bro57_Eps002_T50_5IT_9Jul.dat,0.02,True,6,0,0.7153297278517741,8
NewFloq_REF_Bro57_Eps002_T50_5IT_9Jul.dat,0.02,True,6,1,0.809830253567897,8
NewFloq_REF_Bro57_Eps002_T50_5IT_9Jul.dat,0.02,True,6,2,0.7505669599993257,8
NewFloq_REF_Bro57_Eps002_T50_5IT_9Jul.dat,0.02,True,6,3,0.7630313200792377,7
NewFloq_REF_Bro57_Eps002_T50_5IT_9Jul.dat,0.02,True,6,4,0.7166614060211669,7
NewFloq_REF_Bro57_Eps002_T50_5IT_9Jul.dat,0.02,True,6,5,0.7176228046349113,7
NewFloq_REF_Bro57_Eps002_T50_5IT_9Jul.dat,0.02,True,7,0,0.00524843602442089,7
NewFloq_REF_Bro57_Eps002_T50_5IT_9Jul.dat,0.02,True,7,1,0.020221964843565476,7
NewFloq_REF_Bro57_Eps002_T50_5IT_9Jul.dat,0.02,True,7,2,0.008200231213732733,6
NewFloq_REF_Bro57_Eps002_T50_5IT_9Jul.dat,0.02,True,7,3,0.0031425371078812607,6
NewFloq_REF_Bro57_Eps002_T50_5IT_9Jul.dat,0.02,True,7,4,0.008753608675125188,6
NewFloq_REF_Bro57_Eps002_T50_5IT_9Jul.dat,0.02,True,7,5,0.009895175191070046,6
NewFloq_REF_Bro57_Eps002_T50_5IT_9Jul.dat,0.02,True,7,6,0.009353838559857849,6
NewFloq_REF_Bro57_Eps002_T50_5IT_9Jul.dat,0.02,True,8,0,0.6968288364431179,6
NewFloq_REF_Bro57_Eps002_T50_5IT_9Jul.dat,0.02,True,8,1,0.6780187070305873,6
NewFloq_REF_Bro57_Eps002_T50_5IT_9Jul.dat,0.02,True,8,2,0.6567034680821243,6
NewFloq_REF_Bro57_Eps002_T50_5IT_9Jul.dat,0.02,True,8,3,0.6783187298111054,5
NewFloq_REF_Bro57_Eps002_T50_5IT_9Jul.dat,0.02,True,8,4,0.6331393999401417,5
NewFloq_REF_Bro57_Eps002_T50_5IT_9Jul.dat,0.02,True,8,5,0.8498661580200609,5
NewFloq_REF_Bro57_Eps002_T50_5IT_9Jul.dat,0.02,True,8,6,0.8027208501273971,5
NewFloq_REF_Bro57_Eps002_T50_5IT_9Jul.dat,0.02,True,8,7,0.7921157965625822,5
NewFloq_REF_Bro57_Eps002_T50_5IT_9Jul.dat,0.02,True,9,0,0.004777441597336608,5
NewFloq_REF_Bro57_Eps002_T50_5IT_9Jul.dat,0.02,True,9,1,0.011247710302610127,5
NewFloq_REF_Bro57_Eps002_T50_5IT_9Jul.dat,0.02,True,9,2,0.011033527464914122,5
NewFloq_REF_Bro57_Eps002_T50_5IT_9Jul.dat,0.02,True,9,3,0.006513275775874181,5
NewFloq_REF_Bro57_Eps002_T50_5IT_9Jul.dat,0.02,True,9,4,0.01869731605291704,5
NewFloq_REF_Bro57_Eps002_T50_5IT_9Jul.dat,0.02,True,9,5,0.03206527404788155,5
NewFloq_REF_Bro57_Eps002_T50_5IT_9Jul.dat,0.02,True,9,6,0.008651468745820089,4
NewFloq_REF_Bro57_Eps002_T50_5IT_9Jul.dat,0.02,True,9,7,0.004620833226726433,4
NewFloq_REF_Bro57_Eps002_T50_5IT_9Jul.dat,0.02,True,9,8,0.011336016796589042,4
NewFloq_REF_Bro57_Eps002_T50_5IT_9Jul.dat,0.02,True,10,0,0.5849848099509801,5
NewFloq_REF_Bro57_Eps002_T50_5IT_9Jul.dat,0.02,True,10,1,0.5872314672032444,4
NewFloq_REF_Bro57_Eps002_T50_5IT_9Jul.dat,0.02,True,10,2,0.5782398347281317,4
NewFloq_REF_Bro57_Eps002_T50_5IT_9Jul.dat,0.02,True,10,3,0.8398898469892124,4
NewFloq_REF_Bro57_Eps002_T50_5IT_9Jul.dat,0.02,True,10,4,0.8097707681062588,4
NewFloq_REF_Bro57_Eps002_T50_5IT_9Jul.dat,0.02,True,10,5,0.8169354866862097,4
NewFloq_REF_Bro57_Eps002_T50_5IT_9Jul.dat,0.02,True,10,6,0.7589133778965426,4
NewFloq_REF_Bro57_Eps002_T50_5IT_9Jul.dat,0.02,True,10,7,0.746840799731499,4
NewFloq_REF_Bro57_Eps002_T50_5IT_9Jul.dat,0.02,True,10,8,0.7368150780873814,4
NewFloq_REF_Bro57_Eps002_T50_5IT_9Jul.dat,0.02,True,10,9,0.7147385417816718,4
NewFloq_REF_Bro57_Eps003_T50_5IT_02Sep.dat,0.03,True,1,0,0.022925807754871377,50
NewFloq_REF_Bro57_Eps003_T50_5IT_02Sep.dat,0.03,True,2,0,0.7456778508032182,25
NewFloq_REF_Bro57_Eps003_T50_5IT_02Sep.dat,0.03,True,2,1,0.7768602632698238,24
NewFloq_REF_Bro57_Eps003_T50_5IT_02Sep.dat,0.03,True,3,0,0.007705588166958673,16
NewFloq_REF_Bro57_Eps003_T50_5IT_02Sep.dat,0.03,True,3,1,0.019775853008638006,16
NewFloq_REF_Bro57_Eps003_T50_5IT_02Sep.dat,0.03,True,3,2,0.022236100746127425,16
NewFloq_REF_Bro57_Eps003_T50_5IT_02Sep.dat,0.03,True,4,0,0.6682009863490634,12
NewFloq_REF_Bro57_Eps003_T50_5IT_02Sep.dat,0.03,True,4,1,0.7960431167487861,12
NewFloq_REF_Bro57_Eps003_T50_5IT_02Sep.dat,0.03,True,4,2,0.6894094199464393,12
NewFloq_REF_Bro57_Eps003_T50_5IT_02Sep.dat,0.03,True,4,3,0.7652868908003453,11
NewFloq_REF_Bro57_Eps003_T50_5IT_02Sep.dat,0.03,True,5,0,0.027245836458696042,10
NewFloq_REF_Bro57_Eps003_T50_5IT_02Sep.dat,0.03,True,5,1,0.012923941749496097,9
NewFloq_REF_Bro57_Eps003_T50_5IT_02Sep.dat,0.03,True,5,2,0.00906576654478268,9
NewFloq_REF_Bro57_Eps003_T50_5IT_02Sep.dat,0.03,True,5,3,0.031207212416915944,9
NewFloq_REF_Bro57_Eps003_T50_5IT_02Sep.dat,0.03,True,5,4,0.030745065880834952,9
NewFloq_REF_Bro57_Eps003_T50_5IT_02Sep.dat,0.03,True,6,0,0.6701606877354993,8
NewFloq_REF_Bro57_Eps003_T50_5IT_02Sep.dat,0.03,True,6,1,0.7254385505872689,8
NewFloq_REF_Bro57_Eps003_T50_5IT_02Sep.dat,0.03,True,6,2,0.6948423769343227,8
NewFloq_REF_Bro57_Eps003_T50_5IT_02Sep.dat,0.03,True,6,3,0.7402865692728602,7
NewFloq_REF_Bro57_Eps003_T50_5IT_02Sep.dat,0.03,True,6,4,0.7028205211792541,7
NewFloq_REF_Bro57_Eps003_T50_5IT_02Sep.dat,0.03,True,6,5,0.6815850060996617,7
NewFloq_REF_Bro57_Eps003_T50_5IT_02Sep.dat,0.03,True,7,0,0.03170987591786838,7
NewFloq_REF_Bro57_Eps003_T50_5IT_02Sep.dat,0.03,True,7,1,0.013177412620973356,7
NewFloq_REF_Bro57_Eps003_T50_5IT_02Sep.dat,0.03,True,7,2,0.025069321323882454,6
NewFloq_REF_Bro57_Eps003_T50_5IT_02Sep.dat,0.03,True,7,3,0.02415054052638631,6
NewFloq_REF_Bro57_Eps003_T50_5IT_02Sep.dat,0.03,True,7,4,0.029674579495374855,6
NewFloq_REF_Bro57_Eps003_T50_5IT_02Sep.dat,0.03,True,7,5,0.027871807774555436,6
NewFloq_REF_Bro57_Eps003_T50_5IT_02Sep.dat,0.03,True,7,6,0.009485895531757093,6
NewFloq_REF_Bro57_Eps003_T50_5IT_02Sep.dat,0.03,True,8,0,0.6780279780913937,6
NewFloq_REF_Bro57_Eps003_T50_5IT_02Sep.dat,0.03,True,8,1,0.6650340123082396,6
NewFloq_REF_Bro57_Eps003_T50_5IT_02Sep.dat,0.03,True,8,2,0.6145351532026067,6
NewFloq_REF_Bro57_Eps003_T50_5IT_02Sep.dat,0.03,True,8,3,0.6144179398684397,5
NewFloq_REF_Bro57_Eps003_T50_5IT_02Sep.dat,0.03,True,8,4,0.6060375879377882,5
NewFloq_REF_Bro57_Eps003_T50_5IT_02Sep.dat,0.03,True,8,5,0.7947018083363397,5
NewFloq_REF_Bro57_Eps003_T50_5IT_02Sep.dat,0.03,True,8,6,0.7139854857944752,5
NewFloq_REF_Bro57_Eps003_T50_5IT_02Sep.dat,0.03,True,8,7,0.7861064539834326,5
NewFloq_REF_Bro57_Eps003_T50_5IT_02Sep.dat,0.03,True,9,0,0.020290340179390652,5
NewFloq_REF_Bro57_Eps003_T50_5IT_02Sep.dat,0.03,True,9,1,0.021547742589132328,5
NewFloq_REF_Bro57_Eps003_T50_5IT_02Sep.dat,0.03,True,9,2,0.0389426083410321,5
NewFloq_REF_Bro57_Eps003_T50_5IT_02Sep.dat,0.03,True,9,3,0.02310503983870383,5
NewFloq_REF_Bro57_Eps003_T50_5IT_02Sep.dat,0.03,True,9,4,0.024494414559188743,5
NewFloq_REF_Bro57_Eps003_T50_5IT_02Sep.dat,0.03,True,9,5,0.038481585049898064,5
NewFloq_REF_Bro57_Eps003_T50_5IT_02Sep.dat,0.03,True,9,6,0.008338335641034393,4
NewFloq_REF_Bro57_Eps003_T50_5IT_02Sep.dat,0.03,True,9,7,0.019190143251189288,4
NewFloq_REF_Bro57_Eps003_T50_5IT_02Sep.dat,0.03,True,9,8,0.03989446776005921,4
NewFloq_REF_Bro57_Eps003_T50_5IT_02Sep.dat,0.03,True,10,0,0.520073696350785,5
NewFloq_REF_Bro57_Eps003_T50_5IT_02Sep.dat,0.03,True,10,1,0.5746623871030572,4
NewFloq_REF_Bro57_Eps003_T50_5IT_02Sep.dat,0.03,True,10,2,0.5279366311939175,4
NewFloq_REF_Bro57_Eps003_T50_5IT_02Sep.dat,0.03,True,10,3,0.832890817877503,4
NewFloq_REF_Bro57_Eps003_T50_5IT_02Sep.dat,0.03,True,10,4,0.7342330993449926,4
NewFloq_REF_Bro57_Eps003_T50_5IT_02Sep.dat,0.03,True,10,5,0.7423590409048653,4
NewFloq_REF_Bro57_Eps003_T50_5IT_02Sep.dat,0.03,True,10,6,0.6990290954492007,4
NewFloq_REF_Bro57_Eps003_T50_5IT_02Sep.dat,0.03,True,10,7,0.6881397470662529,4
NewFloq_REF_Bro57_Eps003_T50_5IT_02Sep.dat,0.03,True,10,8,0.6364691260211258,4
NewFloq_REF_Bro57_Eps003_T50_5IT_02Sep.dat,0.03,True,10,9,0.6422384343878768,4
NewFloq_REF_Bro57_Eps003_T50_5IT_13Jul.dat,0.03,True,1,0,0.013111500307933576,50
NewFloq_REF_Bro57_Eps003_T50_5IT_13Jul.dat,0.03,True,2,0,0.7844649937357607,25
NewFloq_REF_Bro57_Eps003_T50_5IT_13Jul.dat,0.03,True,2,1,0.817744006756023,24
NewFloq_REF_Bro57_Eps003_T50_5IT_13Jul.dat,0.03,True,3,0,0.014357053614337107,16
NewFloq_REF_Bro57_Eps003_T50_5IT_13Jul.dat,0.03,True,3,1,0.02473599306538144,16
NewFloq_REF_Bro57_Eps003_T50_5IT_13Jul.dat,0.03,True,3,2,0.018953675860463457,16
NewFloq_REF_Bro57_Eps003_T50_5IT_13Jul.dat,0.03,True,4,0,0.7596459166188255,12
NewFloq_REF_Bro57_Eps003_T50_5IT_13Jul.dat,0.03,True,4,1,0.7872595893250421,12
NewFloq_REF_Bro57_Eps003_T50_5IT_13Jul.dat,0.03,True,4,2,0.7082524301707673,12
NewFloq_REF_Bro57_Eps003_T50_5IT_13Jul.dat,0.03,True,4,3,0.7513639173417055,11
NewFloq_REF_Bro57_Eps003_T50_5IT_13Jul.dat,0.03,True,5,0,0.015273200848688745,10
NewFloq_REF_Bro57_Eps003_T50_5IT_13Jul.dat,0.03,True,5,1,0.021701308651430315,9
NewFloq_REF_Bro57_Eps003_T50_5IT_13Jul.dat,0.03,True,5,2,0.02936109733109487,9
NewFloq_REF_Bro57_Eps003_T50_5IT_13Jul.dat,0.03,True,5,3,0.015009175971269642,9
NewFloq_REF_Bro57_Eps003_T50_5IT_13Jul.dat,0.03,True,5,4,0.012407567052143138,9
NewFloq_REF_Bro57_Eps003_T50_5IT_13Jul.dat,0.03,True,6,0,0.6953753775060283,8
NewFloq_REF_Bro57_Eps003_T50_5IT_13Jul.dat,0.03,True,6,1,0.7720697983342224,8
NewFloq_REF_Bro57_Eps003_T50_5IT_13Jul.dat,0.03,True,6,2,0.7361846725994061,8
NewFloq_REF_Bro57_Eps003_T50_5IT_13Jul.dat,0.03,True,6,3,0.7511797834586335,7
NewFloq_REF_Bro57_Eps003_T50_5IT_13Jul.dat,0.03,True,6,4,0.7213413206542247,7
NewFloq_REF_Bro57_Eps003_T50_5IT_13Jul.dat,0.03,True,6,5,0.6827864838694925,7
NewFloq_REF_Bro57_Eps003_T50_5IT_13Jul.dat,0.03,True,7,0,0.013483393964366134,7
NewFloq_REF_Bro57_Eps003_T50_5IT_13Jul.dat,0.03,True,7,1,0.027234876986719662,7
NewFloq_REF_Bro57_Eps003_T50_5IT_13Jul.dat,0.03,True,7,2,0.017712176291705194,6
NewFloq_REF_Bro57_Eps003_T50_5IT_13Jul.dat,0.03,True,7,3,0.016914291518940573,6
NewFloq_REF_Bro57_Eps003_T50_5IT_13Jul.dat,0.03,True,7,4,0.02539266669038881,6
NewFloq_REF_Bro57_Eps003_T50_5IT_13Jul.dat,0.03,True,7,5,0.020081908300699853,6
NewFloq_REF_Bro57_Eps003_T50_5IT_13Jul.dat,0.03,True,7,6,0.025799558431136415,6
NewFloq_REF_Bro57_Eps003_T50_5IT_13Jul.dat,0.03,True,8,0,0.705825523910716,6
NewFloq_REF_Bro57_Eps003_T50_5IT_13Jul.dat,0.03,True,8,1,0.663645602447001,6
NewFloq_REF_Bro57_Eps003_T50_5IT_13Jul.dat,0.03,True,8,2,0.7010169110490961,6
NewFloq_REF_Bro57_Eps003_T50_5IT_13Jul.dat,0.03,True,8,3,0.6300622532585665,5
NewFloq_REF_Bro57_Eps003_T50_5IT_13Jul.dat,0.03,True,8,4,0.613941067928128,5
NewFloq_REF_Bro57_Eps003_T50_5IT_13Jul.dat,0.03,True,8,5,0.7984968073170287,5
NewFloq_REF_Bro57_Eps003_T50_5IT_13Jul.dat,0.03,True,8,6,0.7389515722633633,5
NewFloq_REF_Bro57_Eps003_T50_5IT_13Jul.dat,0.03,True,8,7,0.7359990990439639,5
NewFloq_REF_Bro57_Eps003_T50_5IT_13Jul.dat,0.03,True,9,0,0.018721343974761682,5
NewFloq_REF_Bro57_Eps003_T50_5IT_13Jul.dat,0.03,True,9,1,0.030951319256253218,5
NewFloq_REF_Bro57_Eps003_T50_5IT_13Jul.dat,0.03,True,9,2,0.02836141240322143,5
NewFloq_REF_Bro57_Eps003_T50_5IT_13Jul.dat,0.03,True,9,3,0.023127946456023608,5
NewFloq_REF_Bro57_Eps003_T50_5IT_13Jul.dat,0.03,True,9,4,0.019249925481035168,5
NewFloq_REF_Bro57_Eps003_T50_5IT_13Jul.dat,0.03,True,9,5,0.04444673212560401,5
NewFloq_REF_Bro57_Eps003_T50_5IT_13Jul.dat,0.03,True,9,6,0.007010731177786896,4
NewFloq_REF_Bro57_Eps003_T50_5IT_13Jul.dat,0.03,True,9,7,0.02681446065607976,4
NewFloq_REF_Bro57_Eps003_T50_5IT_13Jul.dat,0.03,True,9,8,0.022829570756855905,4
NewFloq_REF_Bro57_Eps003_T50_5IT_13Jul.dat,0.03,True,10,0,0.6394830593142669,5
NewFloq_REF_Bro57_Eps003_T50_5IT_13Jul.dat,0.03,True,10,1,0.535387295520381,4
NewFloq_REF_Bro57_Eps003_T50_5IT_13Jul.dat,0.03,True,10,2,0.5817497703859045,4
NewFloq_REF_Bro57_Eps003_T50_5IT_13Jul.dat,0.03,True,10,3,0.7986725405421353,4
NewFloq_REF_Bro57_Eps003_T50_5IT_13Jul.dat,0.03,True,10,4,0.7825324466694809,4
NewFloq_REF_Bro57_Eps003_T50_5IT_13Jul.dat,0.03,True,10,5,0.7735816174557877,4
NewFloq_REF_Bro57_Eps003_T50_5IT_13Jul.dat,0.03,True,10,6,0.7245106326728842,4
NewFloq_REF_Bro57_Eps003_T50_5IT_13Jul.dat,0.03,True,10,7,0.678817682804627,4
NewFloq_REF_Bro57_Eps003_T50_5IT_13Jul.dat,0.03,True,10,8,0.6790919658753162,4
NewFloq_REF_Bro57_Eps003_T50_5IT_13Jul.dat,0.03,True,10,9,0.6737698995682916,4
NewFloq_REF_Bro57_Eps004_T50_5IT_01Sep.dat,0.04,True,1,0,0.007428498413427063,50
NewFloq_REF_Bro57_Eps004_T50_5IT_01Sep.dat,0.04,True,2,0,0.8083856368526702,25
NewFloq_REF_Bro57_Eps004_T50_5IT_01Sep.dat,0.04,True,2,1,0.8494605284516323,24
NewFloq_REF_Bro57_Eps004_T50_5IT_01Sep.dat,0.04,True,3,0,0.010417786039413478,16
NewFloq_REF_Bro57_Eps004_T50_5IT_01Sep.dat,0.04,True,3,1,0.00942447684968644,16
NewFloq_REF_Bro57_Eps004_T50_5IT_01Sep.dat,0.04,True,3,2,0.0044948968465045955,16
NewFloq_REF_Bro57_Eps004_T50_5IT_01Sep.dat,0.04,True,4,0,0.7451723167983232,12
NewFloq_REF_Bro57_Eps004_T50_5IT_01Sep.dat,0.04,True,4,1,0.8000852423630821,12
NewFloq_REF_Bro57_Eps004_T50_5IT_01Sep.dat,0.04,True,4,2,0.7958641977827242,12
NewFloq_REF_Bro57_Eps004_T50_5IT_01Sep.dat,0.04,True,4,3,0.8069185424375355,11
NewFloq_REF_Bro57_Eps004_T50_5IT_01Sep.dat,0.04,True,5,0,0.006662806081720327,10
NewFloq_REF_Bro57_Eps004_T50_5IT_01Sep.dat,0.04,True,5,1,0.0046120547220664726,9
NewFloq_REF_Bro57_Eps004_T50_5IT_01Sep.dat,0.04,True,5,2,0.004085012963913805,9
NewFloq_REF_Bro57_Eps004_T50_5IT_01Sep.dat,0.04,True,5,3,0.013308072109133833,9
NewFloq_REF_Bro57_Eps004_T50_5IT_01Sep.dat,0.04,True,5,4,0.015104617211576292,9
NewFloq_REF_Bro57_Eps004_T50_5IT_01Sep.dat,0.04,True,6,0,0.6761571247594966,8
NewFloq_REF_Bro57_Eps004_T50_5IT_01Sep.dat,0.04,True,6,1,0.7769872344016613,8
NewFloq_REF_Bro57_Eps004_T50_5IT_01Sep.dat,0.04,True,6,2,0.7591835481646063,8
NewFloq_REF_Bro57_Eps004_T50_5IT_01Sep.dat,0.04,True,6,3,0.7636608411765674,7
NewFloq_REF_Bro57_Eps004_T50_5IT_01Sep.dat,0.04,True,6,4,0.740573577021749,7
NewFloq_REF_Bro57_Eps004_T50_5IT_01Sep.dat,0.04,True,6,5,0.7508777718714131,7
NewFloq_REF_Bro57_Eps004_T50_5IT_01Sep.dat,0.04,True,7,0,0.017080397396602956,7
NewFloq_REF_Bro57_Eps004_T50_5IT_01Sep.dat,0.04,True,7,1,0.008404107476613373,7
NewFloq_REF_Bro57_Eps004_T50_5IT_01Sep.dat,0.04,True,7,2,0.007080677059345323,6
NewFloq_REF_Bro57_Eps004_T50_5IT_01Sep.dat,0.04,True,7,3,0.008469614434652632,6
NewFloq_REF_Bro57_Eps004_T50_5IT_01Sep.dat,0.04,True,7,4,0.007601883077630176,6
NewFloq_REF_Bro57_Eps004_T50_5IT_01Sep.dat,0.04,True,7,5,0.006424566700816116,6
NewFloq_REF_Bro57_Eps004_T50_5IT_01Sep.dat,0.04,True,7,6,0.019119245142299235,6
NewFloq_REF_Bro57_Eps004_T50_5IT_01Sep.dat,0.04,True,8,0,0.6776152557996525,6
NewFloq_REF_Bro57_Eps004_T50_5IT_01Sep.dat,0.04,True,8,1,0.6827230429384258,6
NewFloq_REF_Bro57_Eps004_T50_5IT_01Sep.dat,0.04,True,8,2,0.6743386159006294,6
NewFloq_REF_Bro57_Eps004_T50_5IT_01Sep.dat,0.04,True,8,3,0.6726537260940214,5
NewFloq_REF_Bro57_Eps004_T50_5IT_01Sep.dat,0.04,True,8,4,0.6403290598245687,5
NewFloq_REF_Bro57_Eps004_T50_5IT_01Sep.dat,0.04,True,8,5,0.8205162066093109,5
NewFloq_REF_Bro57_Eps004_T50_5IT_01Sep.dat,0.04,True,8,6,0.7955985062440073,5
NewFloq_REF_Bro57_Eps004_T50_5IT_01Sep.dat,0.04,True,8,7,0.8010622761641706,5
NewFloq_REF_Bro57_Eps004_T50_5IT_01Sep.dat,0.04,True,9,0,0.011346894650948151,5
NewFloq_REF_Bro57_Eps004_T50_5IT_01Sep.dat,0.04,True,9,1,0.009842192116048695,5
NewFloq_REF_Bro57_Eps004_T50_5IT_01Sep.dat,0.04,True,9,2,0.00810560502826468,5
NewFloq_REF_Bro57_Eps004_T50_5IT_01Sep.dat,0.04,True,9,3,0.022501827864438013,5
NewFloq_REF_Bro57_Eps004_T50_5IT_01Sep.dat,0.04,True,9,4,0.023077424389239237,5
NewFloq_REF_Bro57_Eps004_T50_5IT_01Sep.dat,0.04,True,9,5,0.014093156020170697,5
NewFloq_REF_Bro57_Eps004_T50_5IT_01Sep.dat,0.04,True,9,6,0.008937461227174452,4
NewFloq_REF_Bro57_Eps004_T50_5IT_01Sep.dat,0.04,True,9,7,0.007889754099097139,4
NewFloq_REF_Bro57_Eps004_T50_5IT_01Sep.dat,0.04,True,9,8,0.010192398462773079,4
NewFloq_REF_Bro57_Eps004_T50_5IT_01Sep.dat,0.04,True,10,0,0.6073936104174132,5
NewFloq_REF_Bro57_Eps004_T50_5IT_01Sep.dat,0.04,True,10,1,0.5978624569218782,4
NewFloq_REF_Bro57_Eps004_T50_5IT_01Sep.dat,0.04,True,10,2,0.5655375729431085,4
NewFloq_REF_Bro57_Eps004_T50_5IT_01Sep.dat,0.04,True,10,3,0.8396658554118672,4
NewFloq_REF_Bro57_Eps004_T50_5IT_01Sep.dat,0.04,True,10,4,0.7945863791731853,4
NewFloq_REF_Bro57_Eps004_T50_5IT_01Sep.dat,0.04,True,10,5,0.7804337279552598,4
NewFloq_REF_Bro57_Eps004_T50_5IT_01Sep.dat,0.04,True,10,6,0.753710511539762,4
NewFloq_REF_Bro57_Eps004_T50_5IT_01Sep.dat,0.04,True,10,7,0.7572845418203226,4
NewFloq_REF_Bro57_Eps004_T50_5IT_01Sep.dat,0.04,True,10,8,0.6797767090226181,4
NewFloq_REF_Bro57_Eps004_T50_5IT_01Sep.dat,0.04,True,10,9,0.6763932601790115,4
NewFloq_REF_Bro57_Eps004_T50_5IT_12Jul.dat,0.04,True,1,0,0.00757781368122874,50
NewFloq_REF_Bro57_Eps004_T50_5IT_12Jul.dat,0.04,True,2,0,0.7753154509024731,25
NewFloq_REF_Bro57_Eps004_T50_5IT_12Jul.dat,0.04,True,2,1,0.8274518996619841,24
NewFloq_REF_Bro57_Eps004_T50_5IT_12Jul.dat,0.04,True,3,0,0.0034697195732673203,16
NewFloq_REF_Bro57_Eps004_T50_5IT_12Jul.dat,0.04,True,3,1,0.015112530082595409,16
NewFloq_REF_Bro57_Eps004_T50_5IT_12Jul.dat,0.04,True,3,2,0.012824825835203406,16
NewFloq_REF_Bro57_Eps004_T50_5IT_12Jul.dat,0.04,True,4,0,0.7375930301193209,12
NewFloq_REF_Bro57_Eps004_T50_5IT_12Jul.dat,0.04,True,4,1,0.8011414512666555,12
NewFloq_REF_Bro57_Eps004_T50_5IT_12Jul.dat,0.04,True,4,2,0.7401094066554017,12
NewFloq_REF_Bro57_Eps004_T50_5IT_12Jul.dat,0.04,True,4,3,0.7576845902588144,11
NewFloq_REF_Bro57_Eps004_T50_5IT_12Jul.dat,0.04,True,5,0,0.01244820807622848,10
NewFloq_REF_Bro57_Eps004_T50_5IT_12Jul.dat,0.04,True,5,1,0.007648565405229952,9
NewFloq_REF_Bro57_Eps004_T50_5IT_12Jul.dat,0.04,True,5,2,0.003257294749540022,9
NewFloq_REF_Bro57_Eps004_T50_5IT_12Jul.dat,0.04,True,5,3,0.010955610685788495,9
NewFloq_REF_Bro57_Eps004_T50_5IT_12Jul.dat,0.04,True,5,4,0.0071837326173142275,9
NewFloq_REF_Bro57_Eps004_T50_5IT_12Jul.dat,0.04,True,6,0,0.690866674325064,8
NewFloq_REF_Bro57_Eps004_T50_5IT_12Jul.dat,0.04,True,6,1,0.7922703944252921,8
NewFloq_REF_Bro57_Eps004_T50_5IT_12Jul.dat,0.04,True,6,2,0.7490628160277529,8
NewFloq_REF_Bro57_Eps004_T50_5IT_12Jul.dat,0.04,True,6,3,0.7705590343737422,7
NewFloq_REF_Bro57_Eps004_T50_5IT_12Jul.dat,0.04,True,6,4,0.7348706914202399,7
NewFloq_REF_Bro57_Eps004_T50_5IT_12Jul.dat,0.04,True,6,5,0.7273097511330826,7
NewFloq_REF_Bro57_Eps004_T50_5IT_12Jul.dat,0.04,True,7,0,0.014798142188957987,7
NewFloq_REF_Bro57_Eps004_T50_5IT_12Jul.dat,0.04,True,7,1,0.011279085772355214,7
NewFloq_REF_Bro57_Eps004_T50_5IT_12Jul.dat,0.04,True,7,2,0.010259617764737805,6
NewFloq_REF_Bro57_Eps004_T50_5IT_12Jul.dat,0.04,True,7,3,0.01107671139354552,6
NewFloq_REF_Bro57_Eps004_T50_5IT_12Jul.dat,0.04,True,7,4,0.00972627940131653,6
NewFloq_REF_Bro57_Eps004_T50_5IT_12Jul.dat,0.04,True,7,5,0.006475352548414408,6
NewFloq_REF_Bro57_Eps004_T50_5IT_12Jul.dat,0.04,True,7,6,0.013203611164439182,6
NewFloq_REF_Bro57_Eps004_T50_5IT_12Jul.dat,0.04,True,8,0,0.7209149212359091,6
NewFloq_REF_Bro57_Eps004_T50_5IT_12Jul.dat,0.04,True,8,1,0.6804628096666683,6
NewFloq_REF_Bro57_Eps004_T50_5IT_12Jul.dat,0.04,True,8,2,0.6784849252076545,6
NewFloq_REF_Bro57_Eps004_T50_5IT_12Jul.dat,0.04,True,8,3,0.6707580894211799,5
NewFloq_REF_Bro57_Eps004_T50_5IT_12Jul.dat,0.04,True,8,4,0.6314715932140827,5
NewFloq_REF_Bro57_Eps004_T50_5IT_12Jul.dat,0.04,True,8,5,0.8445607318377547,5
NewFloq_REF_Bro57_Eps004_T50_5IT_12Jul.dat,0.04,True,8,6,0.7896277017638536,5
NewFloq_REF_Bro57_Eps004_T50_5IT_12Jul.dat,0.04,True,8,7,0.8217283759546967,5
NewFloq_REF_Bro57_Eps004_T50_5IT_12Jul.dat,0.04,True,9,0,0.007952825147898579,5
NewFloq_REF_Bro57_Eps004_T50_5IT_12Jul.dat,0.04,True,9,1,0.012336616826715989,5
NewFloq_REF_Bro57_Eps004_T50_5IT_12Jul.dat,0.04,True,9,2,0.013293458216220003,5
NewFloq_REF_Bro57_Eps004_T50_5IT_12Jul.dat,0.04,True,9,3,0.00984689171309357,5
NewFloq_REF_Bro57_Eps004_T50_5IT_12Jul.dat,0.04,True,9,4,0.017102939941961718,5
NewFloq_REF_Bro57_Eps004_T50_5IT_12Jul.dat,0.04,True,9,5,0.023123972175232838,5
NewFloq_REF_Bro57_Eps004_T50_5IT_12Jul.dat,0.04,True,9,6,0.014630454777374237,4
NewFloq_REF_Bro57_Eps004_T50_5IT_12Jul.dat,0.04,True,9,7,0.014827185552875995,4
NewFloq_REF_Bro57_Eps004_T50_5IT_12Jul.dat,0.04,True,9,8,0.009504410924429132,4
NewFloq_REF_Bro57_Eps004_T50_5IT_12Jul.dat,0.04,True,10,0,0.5936235778726603,5
NewFloq_REF_Bro57_Eps004_T50_5IT_12Jul.dat,0.04,True,10,1,0.6054116749591448,4
NewFloq_REF_Bro57_Eps004_T50_5IT_12Jul.dat,0.04,True,10,2,0.5787073601925987,4
NewFloq_REF_Bro57_Eps004_T50_5IT_12Jul.dat,0.04,True,10,3,0.8521392117753612,4
NewFloq_REF_Bro57_Eps004_T50_5IT_12Jul.dat,0.04,True,10,4,0.7919141001925594,4
NewFloq_REF_Bro57_Eps004_T50_5IT_12Jul.dat,0.04,True,10,5,0.7805133077755604,4
NewFloq_REF_Bro57_Eps004_T50_5IT_12Jul.dat,0.04,True,10,6,0.7678982538138255,4
NewFloq_REF_Bro57_Eps004_T50_5IT_12Jul.dat,0.04,True,10,7,0.7932938729109816,4
NewFloq_REF_Bro57_Eps004_T50_5IT_12Jul.dat,0.04,True,10,8,0.7061407574967091,4
NewFloq_REF_Bro57_Eps004_T50_5IT_12Jul.dat,0.04,True,10,9,0.7222228389689456,4
NewFloq_REF_Bro57_Eps005_T50_5IT_02Sep_PolND_RefDis.dat,0.05,False,1,0,0.01516015097811615,50
NewFloq_REF_Bro57_Eps005_T50_5IT_02Sep_PolND_RefDis.dat,0.05,False,2,0,0.4175797593149987,25
NewFloq_REF_Bro57_Eps005_T50_5IT_02Sep_PolND_RefDis.dat,0.05,False,2,1,0.40258567387341476,24
NewFloq_REF_Bro57_Eps005_T50_5IT_02Sep_PolND_RefDis.dat,0.05,False,3,0,0.02021760113112978,16
NewFloq_REF_Bro57_Eps005_T50_5IT_02Sep_PolND_RefDis.dat,0.05,False,3,1,0.017893343364020917,16
NewFloq_REF_Bro57_Eps005_T50_5IT_02Sep_PolND_RefDis.dat,0.05,False,3,2,0.012684828712508874,16
NewFloq_REF_Bro57_Eps005_T50_5IT_02Sep_PolND_RefDis.dat,0.05,False,4,0,0.38398960595758896,12
NewFloq_REF_Bro57_Eps005_T50_5IT_02Sep_PolND_RefDis.dat,0.05,False,4,1,0.37816558574501996,12
NewFloq_REF_Bro57_Eps005_T50_5IT_02Sep_PolND_RefDis.dat,0.05,False,4,2,0.37700062748422325,12
NewFloq_REF_Bro57_Eps005_T50_5IT_02Sep_PolND_RefDis.dat,0.05,False,4,3,0.3694772074141148,11
NewFloq_REF_Bro57_Eps005_T50_5IT_02Sep_PolND_RefDis.dat,0.05,False,5,0,0.02103047370109689,10
NewFloq_REF_Bro57_Eps005_T50_5IT_02Sep_PolND_RefDis.dat,0.05,False,5,1,0.015947767374368788,9
NewFloq_REF_Bro57_Eps005_T50_5IT_02Sep_PolND_RefDis.dat,0.05,False,5,2,0.017104187713889427,9
NewFloq_REF_Bro57_Eps005_T50_5IT_02Sep_PolND_RefDis.dat,0.05,False,5,3,0.01445609653460831,9
NewFloq_REF_Bro57_Eps005_T50_5IT_02Sep_PolND_RefDis.dat,0.05,False,5,4,0.018908986096201865,9
NewFloq_REF_Bro57_Eps005_T50_5IT_02Sep_PolND_RefDis.dat,0.05,False,6,0,0.3294319174648226,8
NewFloq_REF_Bro57_Eps005_T50_5IT_02Sep_PolND_RefDis.dat,0.05,False,6,1,0.3489155635451523,8
NewFloq_REF_Bro57_Eps005_T50_5IT_02Sep_PolND_RefDis.dat,0.05,False,6,2,0.3666241713181407,8
NewFloq_REF_Bro57_Eps005_T50_5IT_02Sep_PolND_RefDis.dat,0.05,False,6,3,0.33251768908682167,7
NewFloq_REF_Bro57_Eps005_T50_5IT_02Sep_PolND_RefDis.dat,0.05,False,6,4,0.3178475338365434,7
NewFloq_REF_Bro57_Eps005_T50_5IT_02Sep_PolND_RefDis.dat,0.05,False,6,5,0.3187143093111497,7
NewFloq_REF_Bro57_Eps005_T50_5IT_02Sep_PolND_RefDis.dat,0.05,False,7,0,0.025209316607873542,7
NewFloq_REF_Bro57_Eps005_T50_5IT_02Sep_PolND_RefDis.dat,0.05,False,7,1,0.027949755913618677,7
NewFloq_REF_Bro57_Eps005_T50_5IT_02Sep_PolND_RefDis.dat,0.05,False,7,2,0.018043877422428956,6
NewFloq_REF_Bro57_Eps005_T50_5IT_02Sep_PolND_RefDis.dat,0.05,False,7,3,0.019044236917004242,6
NewFloq_REF_Bro57_Eps005_T50_5IT_02Sep_PolND_RefDis.dat,0.05,False,7,4,0.01702847722961506,6
NewFloq_REF_Bro57_Eps005_T50_5IT_02Sep_PolND_RefDis.dat,0.05,False,7,5,0.029518189329805294,6
NewFloq_REF_Bro57_Eps005_T50_5IT_02Sep_PolND_RefDis.dat,0.05,False,7,6,0.014809524415727878,6
NewFloq_REF_Bro57_Eps005_T50_5IT_02Sep_PolND_RefDis.dat,0.05,False,8,0,0.3094259909890103,6
NewFloq_REF_Bro57_Eps005_T50_5IT_02Sep_PolND_RefDis.dat,0.05,False,8,1,0.3105726978375383,6
NewFloq_REF_Bro57_Eps005_T50_5IT_02Sep_PolND_RefDis.dat,0.05,False,8,2,0.3133074842755763,6
NewFloq_REF_Bro57_Eps005_T50_5IT_02Sep_PolND_RefDis.dat,0.05,False,8,3,0.3014302892138569,5
NewFloq_REF_Bro57_Eps005_T50_5IT_02Sep_PolND_RefDis.dat,0.05,False,8,4,0.2850596887387532,5
NewFloq_REF_Bro57_Eps005_T50_5IT_02Sep_PolND_RefDis.dat,0.05,False,8,5,0.30513186764239897,5
NewFloq_REF_Bro57_Eps005_T50_5IT_02Sep_PolND_RefDis.dat,0.05,False,8,6,0.324881423265924,5
NewFloq_REF_Bro57_Eps005_T50_5IT_02Sep_PolND_RefDis.dat,0.05,False,8,7,0.3252321461224027,5
NewFloq_REF_Bro57_Eps005_T50_5IT_02Sep_PolND_RefDis.dat,0.05,False,9,0,0.020098020191348518,5
NewFloq_REF_Bro57_Eps005_T50_5IT_02Sep_PolND_RefDis.dat,0.05,False,9,1,0.020601687867871036,5
NewFloq_REF_Bro57_Eps005_T50_5IT_02Sep_PolND_RefDis.dat,0.05,False,9,2,0.016416952543906772,5
NewFloq_REF_Bro57_Eps005_T50_5IT_02Sep_PolND_RefDis.dat,0.05,False,9,3,0.019080149905382017,5
NewFloq_REF_Bro57_Eps005_T50_5IT_02Sep_PolND_RefDis.dat,0.05,False,9,4,0.025005907708290486,5
NewFloq_REF_Bro57_Eps005_T50_5IT_02Sep_PolND_RefDis.dat,0.05,False,9,5,0.02688653153745115,5
NewFloq_REF_Bro57_Eps005_T50_5IT_02Sep_PolND_RefDis.dat,0.05,False,9,6,0.020773887776667863,4
NewFloq_REF_Bro57_Eps005_T50_5IT_02Sep_PolND_RefDis.dat,0.05,False,9,7,0.015506252119478803,4
NewFloq_REF_Bro57_Eps005_T50_5IT_02Sep_PolND_RefDis.dat,0.05,False,9,8,0.01939216208495022,4
NewFloq_REF_Bro57_Eps005_T50_5IT_02Sep_PolND_RefDis.dat,0.05,False,10,0,0.279420054251103,5
NewFloq_REF_Bro57_Eps005_T50_5IT_02Sep_PolND_RefDis.dat,0.05,False,10,1,0.28663473951006485,4
NewFloq_REF_Bro57_Eps005_T50_5IT_02Sep_PolND_RefDis.dat,0.05,False,10,2,0.2714723340874495,4
NewFloq_REF_Bro57_Eps005_T50_5IT_02Sep_PolND_RefDis.dat,0.05,False,10,3,0.29748343806305294,4
NewFloq_REF_Bro57_Eps005_T50_5IT_02Sep_PolND_RefDis.dat,0.05,False,10,4,0.32005650040229056,4
NewFloq_REF_Bro57_Eps005_T50_5IT_02Sep_PolND_RefDis.dat,0.05,False,10,5,0.2860519657696984,4
NewFloq_REF_Bro57_Eps005_T50_5IT_02Sep_PolND_RefDis.dat,0.05,False,10,6,0.2820655571687401,4
NewFloq_REF_Bro57_Eps005_T50_5IT_02Sep_PolND_RefDis.dat,0.05,False,10,7,0.3186445386135972,4
NewFloq_REF_Bro57_Eps005_T50_5IT_02Sep_PolND_RefDis.dat,0.05,False,10,8,0.31371681492167436,4
NewFloq_REF_Bro57_Eps005_T50_5IT_02Sep_PolND_RefDis.dat,0.05,False,10,9,0.2762420306480273,4
NewFloq_REF_Bro57_Eps005_T50_5IT_02Sep_RND_RefDis.dat,0.05,False,1,0,0.0440416010182505,50
NewFloq_REF_Bro57_Eps005_T50_5IT_02Sep_RND_RefDis.dat,0.05,False,2,0,0.2874702632348706,25
NewFloq_REF_Bro57_Eps005_T50_5IT_02Sep_RND_RefDis.dat,0.05,False,2,1,0.3355541389202519,24
NewFloq_REF_Bro57_Eps005_T50_5IT_02Sep_RND_RefDis.dat,0.05,False,3,0,0.03529269923961416,16
NewFloq_REF_Bro57_Eps005_T50_5IT_02Sep_RND_RefDis.dat,0.05,False,3,1,0.056107461165114086,16
NewFloq_REF_Bro57_Eps005_T50_5IT_02Sep_RND_RefDis.dat,0.05,False,3,2,0.04609025159511144,16
NewFloq_REF_Bro57_Eps005_T50_5IT_02Sep_RND_RefDis.dat,0.05,False,4,0,0.2898649530144604,12
NewFloq_REF_Bro57_Eps005_T50_5IT_02Sep_RND_RefDis.dat,0.05,False,4,1,0.29820957088375466,12
NewFloq_REF_Bro57_Eps005_T50_5IT_02Sep_RND_RefDis.dat,0.05,False,4,2,0.2760835064335749,12
NewFloq_REF_Bro57_Eps005_T50_5IT_02Sep_RND_RefDis.dat,0.05,False,4,3,0.2744346227480505,11
NewFloq_REF_Bro57_Eps005_T50_5IT_02Sep_RND_RefDis.dat,0.05,False,5,0,0.03539418245983168,10
NewFloq_REF_Bro57_Eps005_T50_5IT_02Sep_RND_RefDis.dat,0.05,False,5,1,0.030859004964456285,9
NewFloq_REF_Bro57_Eps005_T50_5IT_02Sep_RND_RefDis.dat,0.05,False,5,2,0.03264549004375592,9
NewFloq_REF_Bro57_Eps005_T50_5IT_02Sep_RND_RefDis.dat,0.05,False,5,3,0.04350349913260359,9
NewFloq_REF_Bro57_Eps005_T50_5IT_02Sep_RND_RefDis.dat,0.05,False,5,4,0.03106169763046127,9
NewFloq_REF_Bro57_Eps005_T50_5IT_02Sep_RND_RefDis.dat,0.05,False,6,0,0.22553584530563886,8
NewFloq_REF_Bro57_Eps005_T50_5IT_02Sep_RND_RefDis.dat,0.05,False,6,1,0.2526961481321077,8
NewFloq_REF_Bro57_Eps005_T50_5IT_02Sep_RND_RefDis.dat,0.05,False,6,2,0.21525318149247044,8
NewFloq_REF_Bro57_Eps005_T50_5IT_02Sep_RND_RefDis.dat,0.05,False,6,3,0.23690592951675443,7
NewFloq_REF_Bro57_Eps005_T50_5IT_02Sep_RND_RefDis.dat,0.05,False,6,4,0.18798943411523553,7
NewFloq_REF_Bro57_Eps005_T50_5IT_02Sep_RND_RefDis.dat,0.05,False,6,5,0.2330056783204288,7
NewFloq_REF_Bro57_Eps005_T50_5IT_02Sep_RND_RefDis.dat,0.05,False,7,0,0.061724287265715404,7
NewFloq_REF_Bro57_Eps005_T50_5IT_02Sep_RND_RefDis.dat,0.05,False,7,1,0.044443000025970625,7
NewFloq_REF_Bro57_Eps005_T50_5IT_02Sep_RND_RefDis.dat,0.05,False,7,2,0.05530965615182745,6
NewFloq_REF_Bro57_Eps005_T50_5IT_02Sep_RND_RefDis.dat,0.05,False,7,3,0.03884723126417445,6
NewFloq_REF_Bro57_Eps005_T50_5IT_02Sep_RND_RefDis.dat,0.05,False,7,4,0.06018402947728877,6
NewFloq_REF_Bro57_Eps005_T50_5IT_02Sep_RND_RefDis.dat,0.05,False,7,5,0.05072327179363633,6
NewFloq_REF_Bro57_Eps005_T50_5IT_02Sep_RND_RefDis.dat,0.05,False,7,6,0.05272031270221831,6
NewFloq_REF_Bro57_Eps005_T50_5IT_02Sep_RND_RefDis.dat,0.05,False,8,0,0.22657173927703256,6
NewFloq_REF_Bro57_Eps005_T50_5IT_02Sep_RND_RefDis.dat,0.05,False,8,1,0.2326702210657949,6
NewFloq_REF_Bro57_Eps005_T50_5IT_02Sep_RND_RefDis.dat,0.05,False,8,2,0.2297601925353542,6
NewFloq_REF_Bro57_Eps005_T50_5IT_02Sep_RND_RefDis.dat,0.05,False,8,3,0.21006275652398676,5
NewFloq_REF_Bro57_Eps005_T50_5IT_02Sep_RND_RefDis.dat,0.05,False,8,4,0.19377397407844835,5
NewFloq_REF_Bro57_Eps005_T50_5IT_02Sep_RND_RefDis.dat,0.05,False,8,5,0.2518231156231873,5
NewFloq_REF_Bro57_Eps005_T50_5IT_02Sep_RND_RefDis.dat,0.05,False,8,6,0.1843005452560721,5
NewFloq_REF_Bro57_Eps005_T50_5IT_02Sep_RND_RefDis.dat,0.05,False,8,7,0.2151159761054291,5
NewFloq_REF_Bro57_Eps005_T50_5IT_02Sep_RND_RefDis.dat,0.05,False,9,0,0.04639806459316061,5
NewFloq_REF_Bro57_Eps005_T50_5IT_02Sep_RND_RefDis.dat,0.05,False,9,1,0.04663989626007066,5
NewFloq_REF_Bro57_Eps005_T50_5IT_02Sep_RND_RefDis.dat,0.05,False,9,2,0.03638506923209037,5
NewFloq_REF_Bro57_Eps005_T50_5IT_02Sep_RND_RefDis.dat,0.05,False,9,3,0.035990613153596626,5
NewFloq_REF_Bro57_Eps005_T50_5IT_02Sep_RND_RefDis.dat,0.05,False,9,4,0.04986092944414276,5
NewFloq_REF_Bro57_Eps005_T50_5IT_02Sep_RND_RefDis.dat,0.05,False,9,5,0.04087487386719883,5
NewFloq_REF_Bro57_Eps005_T50_5IT_02Sep_RND_RefDis.dat,0.05,False,9,6,0.044201093276084215,4
NewFloq_REF_Bro57_Eps005_T50_5IT_02Sep_RND_RefDis.dat,0.05,False,9,7,0.041808510876737724,4
NewFloq_REF_Bro57_Eps005_T50_5IT_02Sep_RND_RefDis.dat,0.05,False,9,8,0.05388078397266186,4
NewFloq_REF_Bro57_Eps005_T50_5IT_02Sep_RND_RefDis.dat,0.05,False,10,0,0.18487416667552456,5
NewFloq_REF_Bro57_Eps005_T50_5IT_02Sep_RND_RefDis.dat,0.05,False,10,1,0.1874277664325559,4
NewFloq_REF_Bro57_Eps005_T50_5IT_02Sep_RND_RefDis.dat,0.05,False,10,2,0.15418622804557788,4
NewFloq_REF_Bro57_Eps005_T50_5IT_02Sep_RND_RefDis.dat,0.05,False,10,3,0.23129510020330507,4
NewFloq_REF_Bro57_Eps005_T50_5IT_02Sep_RND_RefDis.dat,0.05,False,10,4,0.1923139907774158,4
NewFloq_REF_Bro57_Eps005_T50_5IT_02Sep_RND_RefDis.dat,0.05,False,10,5,0.195541545914793,4
NewFloq_REF_Bro57_Eps005_T50_5IT_02Sep_RND_RefDis.dat,0.05,False,10,6,0.18865395099925825,4
NewFloq_REF_Bro57_Eps005_T50_5IT_02Sep_RND_RefDis.dat,0.05,False,10,7,0.22604165499877193,4
NewFloq_REF_Bro57_Eps005_T50_5IT_02Sep_RND_RefDis.dat,0.05,False,10,8,0.18031330004119203,4
NewFloq_REF_Bro57_Eps005_T50_5IT_02Sep_RND_RefDis.dat,0.05,False,10,9,0.2271046323858054,4
NewFloq_REF_Bro57_Eps005_T50_5IT_13Jul.dat,0.05,True,1,0,0.024504240515293863,50
NewFloq_REF_Bro57_Eps005_T50_5IT_13Jul.dat,0.05,True,2,0,0.6932805636739306,25
NewFloq_REF_Bro57_Eps005_T50_5IT_13Jul.dat,0.05,True,2,1,0.7067512639425934,24
NewFloq_REF_Bro57_Eps005_T50_5IT_13Jul.dat,0.05,True,3,0,0.02942393179269242,16
NewFloq_REF_Bro57_Eps005_T50_5IT_13Jul.dat,0.05,True,3,1,0.03066065503956307,16
NewFloq_REF_Bro57_Eps005_T50_5IT_13Jul.dat,0.05,True,3,2,0.025573699437499934,16
NewFloq_REF_Bro57_Eps005_T50_5IT_13Jul.dat,0.05,True,4,0,0.6580207232178793,12
NewFloq_REF_Bro57_Eps005_T50_5IT_13Jul.dat,0.05,True,4,1,0.7465110562541512,12
NewFloq_REF_Bro57_Eps005_T50_5IT_13Jul.dat,0.05,True,4,2,0.6857877554398266,12
NewFloq_REF_Bro57_Eps005_T50_5IT_13Jul.dat,0.05,True,4,3,0.6769376364589238,11
NewFloq_REF_Bro57_Eps005_T50_5IT_13Jul.dat,0.05,True,5,0,0.0299526105011123,10
NewFloq_REF_Bro57_Eps005_T50_5IT_13Jul.dat,0.05,True,5,1,0.03571813611973957,9
NewFloq_REF_Bro57_Eps005_T50_5IT_13Jul.dat,0.05,True,5,2,0.01683317130966726,9
NewFloq_REF_Bro57_Eps005_T50_5IT_13Jul.dat,0.05,True,5,3,0.02185106463786413,9
NewFloq_REF_Bro57_Eps005_T50_5IT_13Jul.dat,0.05,True,5,4,0.034108397265659125,9
NewFloq_REF_Bro57_Eps005_T50_5IT_13Jul.dat,0.05,True,6,0,0.5709845101747508,8
NewFloq_REF_Bro57_Eps005_T50_5IT_13Jul.dat,0.05,True,6,1,0.7360425624348453,8
NewFloq_REF_Bro57_Eps005_T50_5IT_13Jul.dat,0.05,True,6,2,0.6220962664432652,8
NewFloq_REF_Bro57_Eps005_T50_5IT_13Jul.dat,0.05,True,6,3,0.6589646952725882,7
NewFloq_REF_Bro57_Eps005_T50_5IT_13Jul.dat,0.05,True,6,4,0.6085927274583568,7
NewFloq_REF_Bro57_Eps005_T50_5IT_13Jul.dat,0.05,True,6,5,0.5856512523331191,7
NewFloq_REF_Bro57_Eps005_T50_5IT_13Jul.dat,0.05,True,7,0,0.04938347952525971,7
NewFloq_REF_Bro57_Eps005_T50_5IT_13Jul.dat,0.05,True,7,1,0.026644290761315487,7
NewFloq_REF_Bro57_Eps005_T50_5IT_13Jul.dat,0.05,True,7,2,0.02267665921390093,6
NewFloq_REF_Bro57_Eps005_T50_5IT_13Jul.dat,0.05,True,7,3,0.05539337191278184,6
NewFloq_REF_Bro57_Eps005_T50_5IT_13Jul.dat,0.05,True,7,4,0.033070144150184465,6
NewFloq_REF_Bro57_Eps005_T50_5IT_13Jul.dat,0.05,True,7,5,0.037940769959723,6
NewFloq_REF_Bro57_Eps005_T50_5IT_13Jul.dat,0.05,True,7,6,0.021410283396318328,6
NewFloq_REF_Bro57_Eps005_T50_5IT_13Jul.dat,0.05,True,8,0,0.5748669285611997,6
NewFloq_REF_Bro57_Eps005_T50_5IT_13Jul.dat,0.05,True,8,1,0.6384327603302603,6
NewFloq_REF_Bro57_Eps005_T50_5IT_13Jul.dat,0.05,True,8,2,0.5907226702394799,6
NewFloq_REF_Bro57_Eps005_T50_5IT_13Jul.dat,0.05,True,8,3,0.5097610465938262,5
NewFloq_REF_Bro57_Eps005_T50_5IT_13Jul.dat,0.05,True,8,4,0.5254720023871287,5
NewFloq_REF_Bro57_Eps005_T50_5IT_13Jul.dat,0.05,True,8,5,0.7033750133966254,5
NewFloq_REF_Bro57_Eps005_T50_5IT_13Jul.dat,0.05,True,8,6,0.6462642863490412,5
NewFloq_REF_Bro57_Eps005_T50_5IT_13Jul.dat,0.05,True,8,7,0.7095250447158585,5
NewFloq_REF_Bro57_Eps005_T50_5IT_13Jul.dat,0.05,True,9,0,0.02903164412465109,5
NewFloq_REF_Bro57_Eps005_T50_5IT_13Jul.dat,0.05,True,9,1,0.03873435563347897,5
NewFloq_REF_Bro57_Eps005_T50_5IT_13Jul.dat,0.05,True,9,2,0.023596316443809367,5
NewFloq_REF_Bro57_Eps005_T50_5IT_13Jul.dat,0.05,True,9,3,0.04239787481503881,5
NewFloq_REF_Bro57_Eps005_T50_5IT_13Jul.dat,0.05,True,9,4,0.012503572785805096,5
NewFloq_REF_Bro57_Eps005_T50_5IT_13Jul.dat,0.05,True,9,5,0.036218242554661245,5
NewFloq_REF_Bro57_Eps005_T50_5IT_13Jul.dat,0.05,True,9,6,0.03406647970947559,4
NewFloq_REF_Bro57_Eps005_T50_5IT_13Jul.dat,0.05,True,9,7,0.022861889995161994,4
NewFloq_REF_Bro57_Eps005_T50_5IT_13Jul.dat,0.05,True,9,8,0.05620354114895568,4
NewFloq_REF_Bro57_Eps005_T50_5IT_13Jul.dat,0.05,True,10,0,0.47607474180487974,5
NewFloq_REF_Bro57_Eps005_T50_5IT_13Jul.dat,0.05,True,10,1,0.5245648669413768,4
NewFloq_REF_Bro57_Eps005_T50_5IT_13Jul.dat,0.05,True,10,2,0.446044072288889,4
NewFloq_REF_Bro57_Eps005_T50_5IT_13Jul.dat,0.05,True,10,3,0.737120995985712,4
NewFloq_REF_Bro57_Eps005_T50_5IT_13Jul.dat,0.05,True,10,4,0.6754842650483821,4
NewFloq_REF_Bro57_Eps005_T50_5IT_13Jul.dat,0.05,True,10,5,0.7644885933423746,4
NewFloq_REF_Bro57_Eps005_T50_5IT_13Jul.dat,0.05,True,10,6,0.6077175013331937,4
NewFloq_REF_Bro57_Eps005_T50_5IT_13Jul.dat,0.05,True,10,7,0.6428559686917039,4
NewFloq_REF_Bro57_Eps005_T50_5IT_13Jul.dat,0.05,True,10,8,0.5710416319700855,4
NewFloq_REF_Bro57_Eps005_T50_5IT_13Jul.dat,0.05,True,10,9,0.6072577457209416,4
NewFloq_REF_Bro57_Eps005_T50_5IT_16Sep.dat,0.05,True,1,0,0.049567031059725306,50
NewFloq_REF_Bro57_Eps005_T50_5IT_16Sep.dat,0.05,True,2,0,0.6267850178050011,25
NewFloq_REF_Bro57_Eps005_T50_5IT_16Sep.dat,0.05,True,2,1,0.7391501364957097,24
NewFloq_REF_Bro57_Eps005_T50_5IT_16Sep.dat,0.05,True,3,0,0.0172713089467922,16
NewFloq_REF_Bro57_Eps005_T50_5IT_16Sep.dat,0.05,True,3,1,0.04305983888046417,16
NewFloq_REF_Bro57_Eps005_T50_5IT_16Sep.dat,0.05,True,3,2,0.09035988060135035,16
NewFloq_REF_Bro57_Eps005_T50_5IT_16Sep.dat,0.05,True,4,0,0.5382952695122908,12
NewFloq_REF_Bro57_Eps005_T50_5IT_16Sep.dat,0.05,True,4,1,0.6562466063098104,12
NewFloq_REF_Bro57_Eps005_T50_5IT_16Sep.dat,0.05,True,4,2,0.5683048118761518,12
NewFloq_REF_Bro57_Eps005_T50_5IT_16Sep.dat,0.05,True,4,3,0.7018044402787971,11
NewFloq_REF_Bro57_Eps005_T50_5IT_16Sep.dat,0.05,True,5,0,0.03468171190375323,10
NewFloq_REF_Bro57_Eps005_T50_5IT_16Sep.dat,0.05,True,5,1,0.053886722512622595,9
NewFloq_REF_Bro57_Eps005_T50_5IT_16Sep.dat,0.05,True,5,2,0.038971603675596996,9
NewFloq_REF_Bro57_Eps005_T50_5IT_16Sep.dat,0.05,True,5,3,0.06024475240365658,9
NewFloq_REF_Bro57_Eps005_T50_5IT_16Sep.dat,0.05,True,5,4,0.06623306691079936,9
NewFloq_REF_Bro57_Eps005_T50_5IT_16Sep.dat,0.05,True,6,0,0.6075990970365008,8
NewFloq_REF_Bro57_Eps005_T50_5IT_16Sep.dat,0.05,True,6,1,0.6521913844677865,8
NewFloq_REF_Bro57_Eps005_T50_5IT_16Sep.dat,0.05,True,6,2,0.5371572881350093,8
NewFloq_REF_Bro57_Eps005_T50_5IT_16Sep.dat,0.05,True,6,3,0.6282526218435015,7
NewFloq_REF_Bro57_Eps005_T50_5IT_16Sep.dat,0.05,True,6,4,0.5554215836920223,7
NewFloq_REF_Bro57_Eps005_T50_5IT_16Sep.dat,0.05,True,6,5,0.6273151065209456,7
NewFloq_REF_Bro57_Eps005_T50_5IT_16Sep.dat,0.05,True,7,0,0.030144882560104076,7
NewFloq_REF_Bro57_Eps005_T50_5IT_16Sep.dat,0.05,True,7,1,0.047414263236187575,7
NewFloq_REF_Bro57_Eps005_T50_5IT_16Sep.dat,0.05,True,7,2,0.05050625286409299,6
NewFloq_REF_Bro57_Eps005_T50_5IT_16Sep.dat,0.05,True,7,3,0.09062510218258528,6
NewFloq_REF_Bro57_Eps005_T50_5IT_16Sep.dat,0.05,True,7,4,0.09119861187805829,6
NewFloq_REF_Bro57_Eps005_T50_5IT_16Sep.dat,0.05,True,7,5,0.02564803579202336,6
NewFloq_REF_Bro57_Eps005_T50_5IT_16Sep.dat,0.05,True,7,6,0.029830602023826414,6
NewFloq_REF_Bro57_Eps005_T50_5IT_16Sep.dat,0.05,True,8,0,0.5256410107476558,6
NewFloq_REF_Bro57_Eps005_T50_5IT_16Sep.dat,0.05,True,8,1,0.540573251559998,6
NewFloq_REF_Bro57_Eps005_T50_5IT_16Sep.dat,0.05,True,8,2,0.5644813292515741,6
NewFloq_REF_Bro57_Eps005_T50_5IT_16Sep.dat,0.05,True,8,3,0.546333945597159,5
NewFloq_REF_Bro57_Eps005_T50_5IT_16Sep.dat,0.05,True,8,4,0.47235709736504194,5
NewFloq_REF_Bro57_Eps005_T50_5IT_16Sep.dat,0.05,True,8,5,0.733692424246342,5
NewFloq_REF_Bro57_Eps005_T50_5IT_16Sep.dat,0.05,True,8,6,0.553320510708865,5
NewFloq_REF_Bro57_Eps005_T50_5IT_16Sep.dat,0.05,True,8,7,0.6515411518073204,5
NewFloq_REF_Bro57_Eps005_T50_5IT_16Sep.dat,0.05,True,9,0,0.02227166400541255,5
NewFloq_REF_Bro57_Eps005_T50_5IT_16Sep.dat,0.05,True,9,1,0.06671349929171397,5
NewFloq_REF_Bro57_Eps005_T50_5IT_16Sep.dat,0.05,True,9,2,0.09314828522745633,5
NewFloq_REF_Bro57_Eps005_T50_5IT_16Sep.dat,0.05,True,9,3,0.033626116053253066,5
NewFloq_REF_Bro57_Eps005_T50_5IT_16Sep.dat,0.05,True,9,4,0.06081057098709173,5
NewFloq_REF_Bro57_Eps005_T50_5IT_16Sep.dat,0.05,True,9,5,0.10795157538477995,5
NewFloq_REF_Bro57_Eps005_T50_5IT_16Sep.dat,0.05,True,9,6,0.024544114883261386,4
NewFloq_REF_Bro57_Eps005_T50_5IT_16Sep.dat,0.05,True,9,7,0.037769791060909566,4
NewFloq_REF_Bro57_Eps005_T50_5IT_16Sep.dat,0.05,True,9,8,0.06693219796248791,4
NewFloq_REF_Bro57_Eps005_T50_5IT_16Sep.dat,0.05,True,10,0,0.4442518105162903,5
NewFloq_REF_Bro57_Eps005_T50_5IT_16Sep.dat,0.05,True,10,1,0.4599354792194218,4
NewFloq_REF_Bro57_Eps005_T50_5IT_16Sep.dat,0.05,True,10,2,0.36572676061967413,4
NewFloq_REF_Bro57_Eps005_T50_5IT_16Sep.dat,0.05,True,10,3,0.7198879413917736,4
NewFloq_REF_Bro57_Eps005_T50_5IT_16Sep.dat,0.05,True,10,4,0.5854797571698727,4
NewFloq_REF_Bro57_Eps005_T50_5IT_16Sep.dat,0.05,True,10,5,0.6828725939838348,4
NewFloq_REF_Bro57_Eps005_T50_5IT_16Sep.dat,0.05,True,10,6,0.5353678207158414,4
NewFloq_REF_Bro57_Eps005_T50_5IT_16Sep.dat,0.05,True,10,7,0.613347703240346,4
NewFloq_REF_Bro57_Eps005_T50_5IT_16Sep.dat,0.05,True,10,8,0.42568848557731465,4
NewFloq_REF_Bro57_Eps005_T50_5IT_16Sep.dat,0.05,True,10,9,0.5780636184207707,4
NewFloq_REF_Bro57_Eps005_T50_5IT_30Aug_NEEL.dat,0.05,False,1,0,0.0328789168069177,50
NewFloq_REF_Bro57_Eps005_T50_5IT_30Aug_NEEL.dat,0.05,False,2,0,0.745312245138833,25
NewFloq_REF_Bro57_Eps005_T50_5IT_30Aug_NEEL.dat,0.05,False,2,1,0.7489260239757951,24
NewFloq_REF_Bro57_Eps005_T50_5IT_30Aug_NEEL.dat,0.05,False,3,0,0.02432683031323366,16
NewFloq_REF_Bro57_Eps005_T50_5IT_30Aug_NEEL.dat,0.05,False,3,1,0.024193773733501234,16
NewFloq_REF_Bro57_Eps005_T50_5IT_30Aug_NEEL.dat,0.05,False,3,2,0.029789489381104643,16
NewFloq_REF_Bro57_Eps005_T50_5IT_30Aug_NEEL.dat,0.05,False,4,0,0.6755188130201718,12
NewFloq_REF_Bro57_Eps005_T50_5IT_30Aug_NEEL.dat,0.05,False,4,1,0.7643052259180328,12
NewFloq_REF_Bro57_Eps005_T50_5IT_30Aug_NEEL.dat,0.05,False,4,2,0.6702893765689065,12
NewFloq_REF_Bro57_Eps005_T50_5IT_30Aug_NEEL.dat,0.05,False,4,3,0.7036519764194756,11
NewFloq_REF_Bro57_Eps005_T50_5IT_30Aug_NEEL.dat,0.05,False,5,0,0.05157466837562787,10
NewFloq_REF_Bro57_Eps005_T50_5IT_30Aug_NEEL.dat,0.05,False,5,1,0.009395650133551299,9
NewFloq_REF_Bro57_Eps005_T50_5IT_30Aug_NEEL.dat,0.05,False,5,2,0.028507641670870568,9
NewFloq_REF_Bro57_Eps005_T50_5IT_30Aug_NEEL.dat,0.05,False,5,3,0.02870875966027484,9
NewFloq_REF_Bro57_Eps005_T50_5IT_30Aug_NEEL.dat,0.05,False,5,4,0.022504828122460685,9
NewFloq_REF_Bro57_Eps005_T50_5IT_30Aug_NEEL.dat,0.05,False,6,0,0.6107339492792845,8
NewFloq_REF_Bro57_Eps005_T50_5IT_30Aug_NEEL.dat,0.05,False,6,1,0.7296596137595133,8
NewFloq_REF_Bro57_Eps005_T50_5IT_30Aug_NEEL.dat,0.05,False,6,2,0.66394357040561,8
NewFloq_REF_Bro57_Eps005_T50_5IT_30Aug_NEEL.dat,0.05,False,6,3,0.7173989587062979,7
NewFloq_REF_Bro57_Eps005_T50_5IT_30Aug_NEEL.dat,0.05,False,6,4,0.6345236481210581,7
NewFloq_REF_Bro57_Eps005_T50_5IT_30Aug_NEEL.dat,0.05,False,6,5,0.6591119072299003,7
NewFloq_REF_Bro57_Eps005_T50_5IT_30Aug_NEEL.dat,0.05,False,7,0,0.030647993093128097,7
NewFloq_REF_Bro57_Eps005_T50_5IT_30Aug_NEEL.dat,0.05,False,7,1,0.04138684808749169,7
NewFloq_REF_Bro57_Eps005_T50_5IT_30Aug_NEEL.dat,0.05,False,7,2,0.012482141421952192,6
NewFloq_REF_Bro57_Eps005_T50_5IT_30Aug_NEEL.dat,0.05,False,7,3,0.006972940743484206,6
NewFloq_REF_Bro57_Eps005_T50_5IT_30Aug_NEEL.dat,0.05,False,7,4,0.01903076577462701,6
NewFloq_REF_Bro57_Eps005_T50_5IT_30Aug_NEEL.dat,0.05,False,7,5,0.0518531067950494,6
NewFloq_REF_Bro57_Eps005_T50_5IT_30Aug_NEEL.dat,0.05,False,7,6,0.03889520535470904,6
NewFloq_REF_Bro57_Eps005_T50_5IT_30Aug_NEEL.dat,0.05,False,8,0,0.5925489604854984,6
NewFloq_REF_Bro57_Eps005_T50_5IT_30Aug_NEEL.dat,0.05,False,8,1,0.645520733961708,6
NewFloq_REF_Bro57_Eps005_T50_5IT_30Aug_NEEL.dat,0.05,False,8,2,0.5302356721484957,6
NewFloq_REF_Bro57_Eps005_T50_5IT_30Aug_NEEL.dat,0.05,False,8,3,0.6009761240620621,5
NewFloq_REF_Bro57_Eps005_T50_5IT_30Aug_NEEL.dat,0.05,False,8,4,0.5930029693481608,5
NewFloq_REF_Bro57_Eps005_T50_5IT_30Aug_NEEL.dat,0.05,False,8,5,0.7938068416395374,5
NewFloq_REF_Bro57_Eps005_T50_5IT_30Aug_NEEL.dat,0.05,False,8,6,0.7575135091128995,5
NewFloq_REF_Bro57_Eps005_T50_5IT_30Aug_NEEL.dat,0.05,False,8,7,0.6930110167397606,5
NewFloq_REF_Bro57_Eps005_T50_5IT_30Aug_NEEL.dat,0.05,False,9,0,0.009470176650465137,5
NewFloq_REF_Bro57_Eps005_T50_5IT_30Aug_NEEL.dat,0.05,False,9,1,0.014490511258930364,5
NewFloq_REF_Bro57_Eps005_T50_5IT_30Aug_NEEL.dat,0.05,False,9,2,0.027324332135414974,5
NewFloq_REF_Bro57_Eps005_T50_5IT_30Aug_NEEL.dat,0.05,False,9,3,0.039691379197911714,5
NewFloq_REF_Bro57_Eps005_T50_5IT_30Aug_NEEL.dat,0.05,False,9,4,0.0365346560313207,5
NewFloq_REF_Bro57_Eps005_T50_5IT_30Aug_NEEL.dat,0.05,False,9,5,0.06530030707204153,5
NewFloq_REF_Bro57_Eps005_T50_5IT_30Aug_NEEL.dat,0.05,False,9,6,0.019854215400274794,4
NewFloq_REF_Bro57_Eps005_T50_5IT_30Aug_NEEL.dat,0.05,False,9,7,0.010543827843002002,4
NewFloq_REF_Bro57_Eps005_T50_5IT_30Aug_NEEL.dat,0.05,False,9,8,0.026695833822607203,4
NewFloq_REF_Bro57_Eps005_T50_5IT_30Aug_NEEL.dat,0.05,False,10,0,0.4708850808028086,5
NewFloq_REF_Bro57_Eps005_T50_5IT_30Aug_NEEL.dat,0.05,False,10,1,0.558847429511804,4
NewFloq_REF_Bro57_Eps005_T50_5IT_30Aug_NEEL.dat,0.05,False,10,2,0.5118516968618362,4
NewFloq_REF_Bro57_Eps005_T50_5IT_30Aug_NEEL.dat,0.05,False,10,3,0.7713493902886828,4
NewFloq_REF_Bro57_Eps005_T50_5IT_30Aug_NEEL.dat,0.05,False,10,4,0.7224541753904515,4
NewFloq_REF_Bro57_Eps005_T50_5IT_30Aug_NEEL.dat,0.05,False,10,5,0.7293682136656165,4
NewFloq_REF_Bro57_Eps005_T50_5IT_30Aug_NEEL.dat,0.05,False,10,6,0.7140619890592941,4
NewFloq_REF_Bro57_Eps005_T50_5IT_30Aug_NEEL.dat,0.05,False,10,7,0.674373862764659,4
NewFloq_REF_Bro57_Eps005_T50_5IT_30Aug_NEEL.dat,0.05,False,10,8,0.6435678514271217,4
NewFloq_REF_Bro57_Eps005_T50_5IT_30Aug_NEEL.dat,0.05,False,10,9,0.6315261526628297,4
NewFloq_REF_Bro57_Eps005_T50_5IT_30Aug_NoDIS.dat,0.05,False,1,0,0.042646417000664794,50
NewFloq_REF_Bro57_Eps005_T50_5IT_30Aug_NoDIS.dat,0.05,False,2,0,0.4830258696838523,25
NewFloq_REF_Bro57_Eps005_T50_5IT_30Aug_NoDIS.dat,0.05,False,2,1,0.49105557995926724,24
NewFloq_REF_Bro57_Eps005_T50_5IT_30Aug_NoDIS.dat,0.05,False,3,0,0.08169764211619701,16
NewFloq_REF_Bro57_Eps005_T50_5IT_30Aug_NoDIS.dat,0.05,False,3,1,0.06501192788279254,16
NewFloq_REF_Bro57_Eps005_T50_5IT_30Aug_NoDIS.dat,0.05,False,3,2,0.07444317147182092,16
NewFloq_REF_Bro57_Eps005_T50_5IT_30Aug_NoDIS.dat,0.05,False,4,0,0.3859910162734002,12
NewFloq_REF_Bro57_Eps005_T50_5IT_30Aug_NoDIS.dat,0.05,False,4,1,0.4860889720097894,12
NewFloq_REF_Bro57_Eps005_T50_5IT_30Aug_NoDIS.dat,0.05,False,4,2,0.4135360269361646,12
NewFloq_REF_Bro57_Eps005_T50_5IT_30Aug_NoDIS.dat,0.05,False,4,3,0.3995267575131543,11
NewFloq_REF_Bro57_Eps005_T50_5IT_30Aug_NoDIS.dat,0.05,False,5,0,0.03706723186102707,10
NewFloq_REF_Bro57_Eps005_T50_5IT_30Aug_NoDIS.dat,0.05,False,5,1,0.04715732506251452,9
NewFloq_REF_Bro57_Eps005_T50_5IT_30Aug_NoDIS.dat,0.05,False,5,2,0.11370971015284262,9
NewFloq_REF_Bro57_Eps005_T50_5IT_30Aug_NoDIS.dat,0.05,False,5,3,0.10409389453896647,9
NewFloq_REF_Bro57_Eps005_T50_5IT_30Aug_NoDIS.dat,0.05,False,5,4,0.10745182108890929,9
NewFloq_REF_Bro57_Eps005_T50_5IT_30Aug_NoDIS.dat,0.05,False,6,0,0.29368065796459314,8
NewFloq_REF_Bro57_Eps005_T50_5IT_30Aug_NoDIS.dat,0.05,False,6,1,0.3493450934476232,8
NewFloq_REF_Bro57_Eps005_T50_5IT_30Aug_NoDIS.dat,0.05,False,6,2,0.31907817115413195,8
NewFloq_REF_Bro57_Eps005_T50_5IT_30Aug_NoDIS.dat,0.05,False,6,3,0.4277860018508977,7
NewFloq_REF_Bro57_Eps005_T50_5IT_30Aug_NoDIS.dat,0.05,False,6,4,0.43789936646440136,7
NewFloq_REF_Bro57_Eps005_T50_5IT_30Aug_NoDIS.dat,0.05,False,6,5,0.3712120612583324,7
NewFloq_REF_Bro57_Eps005_T50_5IT_30Aug_NoDIS.dat,0.05,False,7,0,0.11990791632614617,7
NewFloq_REF_Bro57_Eps005_T50_5IT_30Aug_NoDIS.dat,0.05,False,7,1,0.10426100133320608,7
NewFloq_REF_Bro57_Eps005_T50_5IT_30Aug_NoDIS.dat,0.05,False,7,2,0.0907013193833998,6
NewFloq_REF_Bro57_Eps005_T50_5IT_30Aug_NoDIS.dat,0.05,False,7,3,0.054985656042697305,6
NewFloq_REF_Bro57_Eps005_T50_5IT_30Aug_NoDIS.dat,0.05,False,7,4,0.04580406351214577,6
NewFloq_REF_Bro57_Eps005_T50_5IT_30Aug_NoDIS.dat,0.05,False,7,5,0.03744665019620995,6
NewFloq_REF_Bro57_Eps005_T50_5IT_30Aug_NoDIS.dat,0.05,False,7,6,0.04194330373970175,6
NewFloq_REF_Bro57_Eps005_T50_5IT_30Aug_NoDIS.dat,0.05,False,8,0,0.3614762761080779,6
NewFloq_REF_Bro57_Eps005_T50_5IT_30Aug_NoDIS.dat,0.05,False,8,1,0.40858718032744923,6
NewFloq_REF_Bro57_Eps005_T50_5IT_30Aug_NoDIS.dat,0.05,False,8,2,0.26631396067845453,6
NewFloq_REF_Bro57_Eps005_T50_5IT_30Aug_NoDIS.dat,0.05,False,8,3,0.2801281806081056,5
NewFloq_REF_Bro57_Eps005_T50_5IT_30Aug_NoDIS.dat,0.05,False,8,4,0.22559036247048186,5
NewFloq_REF_Bro57_Eps005_T50_5IT_30Aug_NoDIS.dat,0.05,False,8,5,0.3542097997976383,5
NewFloq_REF_Bro57_Eps005_T50_5IT_30Aug_NoDIS.dat,0.05,False,8,6,0.40108987523003786,5
NewFloq_REF_Bro57_Eps005_T50_5IT_30Aug_NoDIS.dat,0.05,False,8,7,0.37721076160958295,5
NewFloq_REF_Bro57_Eps005_T50_5IT_30Aug_NoDIS.dat,0.05,False,9,0,0.06218095876953385,5
NewFloq_REF_Bro57_Eps005_T50_5IT_30Aug_NoDIS.dat,0.05,False,9,1,0.0658302598214751,5
NewFloq_REF_Bro57_Eps005_T50_5IT_30Aug_NoDIS.dat,0.05,False,9,2,0.059706477877648025,5
NewFloq_REF_Bro57_Eps005_T50_5IT_30Aug_NoDIS.dat,0.05,False,9,3,0.06345684761656366,5
NewFloq_REF_Bro57_Eps005_T50_5IT_30Aug_NoDIS.dat,0.05,False,9,4,0.052058222511361905,5
NewFloq_REF_Bro57_Eps005_T50_5IT_30Aug_NoDIS.dat,0.05,False,9,5,0.025424219151382745,5
NewFloq_REF_Bro57_Eps005_T50_5IT_30Aug_NoDIS.dat,0.05,False,9,6,0.08806800077713937,4
NewFloq_REF_Bro57_Eps005_T50_5IT_30Aug_NoDIS.dat,0.05,False,9,7,0.0492187111991705,4
NewFloq_REF_Bro57_Eps005_T50_5IT_30Aug_NoDIS.dat,0.05,False,9,8,0.10903012641024862,4
NewFloq_REF_Bro57_Eps005_T50_5IT_30Aug_NoDIS.dat,0.05,False,10,0,0.3107647486097716,5
NewFloq_REF_Bro57_Eps005_T50_5IT_30Aug_NoDIS.dat,0.05,False,10,1,0.312327174562815,4
NewFloq_REF_Bro57_Eps005_T50_5IT_30Aug_NoDIS.dat,0.05,False,10,2,0.21630791771755942,4
NewFloq_REF_Bro57_Eps005_T50_5IT_30Aug_NoDIS.dat,0.05,False,10,3,0.3609785464603846,4
NewFloq_REF_Bro57_Eps005_T50_5IT_30Aug_NoDIS.dat,0.05,False,10,4,0.33643585713411317,4
NewFloq_REF_Bro57_Eps005_T50_5IT_30Aug_NoDIS.dat,0.05,False,10,5,0.36107754390210517,4
NewFloq_REF_Bro57_Eps005_T50_5IT_30Aug_NoDIS.dat,0.05,False,10,6,0.33869560723894565,4
NewFloq_REF_Bro57_Eps005_T50_5IT_30Aug_NoDIS.dat,0.05,False,10,7,0.3408942671696722,4
NewFloq_REF_Bro57_Eps005_T50_5IT_30Aug_NoDIS.dat,0.05,False,10,8,0.2855214423184828,4
NewFloq_REF_Bro57_Eps005_T50_5IT_30Aug_NoDIS.dat,0.05,False,10,9,0.34951722927724255,4
NewFloq_REF_Bro57_Eps005_T50_5IT_30Aug_POL.dat,0.05,False,1,0,0.018369177822067338,50
NewFloq_REF_Bro57_Eps005_T50_5IT_30Aug_POL.dat,0.05,False,2,0,0.7361082179105342,25
NewFloq_REF_Bro57_Eps005_T50_5IT_30Aug_POL.dat,0.05,False,2,1,0.7516324236562476,24
NewFloq_REF_Bro57_Eps005_T50_5IT_30Aug_POL.dat,0.05,False,3,0,0.016974792223977544,16
NewFloq_REF_Bro57_Eps005_T50_5IT_30Aug_POL.dat,0.05,False,3,1,0.016345124174843323,16
NewFloq_REF_Bro57_Eps005_T50_5IT_30Aug_POL.dat,0.05,False,3,2,0.03220365146154954,16
NewFloq_REF_Bro57_Eps005_T50_5IT_30Aug_POL.dat,0.05,False,4,0,0.6635027604579319,12
NewFloq_REF_Bro57_Eps005_T50_5IT_30Aug_POL.dat,0.05,False,4,1,0.6862629037237565,12
NewFloq_REF_Bro57_Eps005_T50_5IT_30Aug_POL.dat,0.05,False,4,2,0.724349564101809,12
NewFloq_REF_Bro57_Eps005_T50_5IT_30Aug_POL.dat,0.05,False,4,3,0.7448455910426659,11
NewFloq_REF_Bro57_Eps005_T50_5IT_30Aug_POL.dat,0.05,False,5,0,0.031207959730390013,10
NewFloq_REF_Bro57_Eps005_T50_5IT_30Aug_POL.dat,0.05,False,5,1,0.009772676212805247,9
NewFloq_REF_Bro57_Eps005_T50_5IT_30Aug_POL.dat,0.05,False,5,2,0.01973015150463675,9
NewFloq_REF_Bro57_Eps005_T50_5IT_30Aug_POL.dat,0.05,False,5,3,0.017383259579253556,9
NewFloq_REF_Bro57_Eps005_T50_5IT_30Aug_POL.dat,0.05,False,5,4,0.03535380632553891,9
NewFloq_REF_Bro57_Eps005_T50_5IT_30Aug_POL.dat,0.05,False,6,0,0.658434502429758,8
NewFloq_REF_Bro57_Eps005_T50_5IT_30Aug_POL.dat,0.05,False,6,1,0.6831178794300519,8
NewFloq_REF_Bro57_Eps005_T50_5IT_30Aug_POL.dat,0.05,False,6,2,0.6497751744028426,8
NewFloq_REF_Bro57_Eps005_T50_5IT_30Aug_POL.dat,0.05,False,6,3,0.7171812312040597,7
NewFloq_REF_Bro57_Eps005_T50_5IT_30Aug_POL.dat,0.05,False,6,4,0.6902677871679911,7
NewFloq_REF_Bro57_Eps005_T50_5IT_30Aug_POL.dat,0.05,False,6,5,0.6852883978368839,7
NewFloq_REF_Bro57_Eps005_T50_5IT_30Aug_POL.dat,0.05,False,7,0,0.013237089495095866,7
NewFloq_REF_Bro57_Eps005_T50_5IT_30Aug_POL.dat,0.05,False,7,1,0.02449026308551482,7
NewFloq_REF_Bro57_Eps005_T50_5IT_30Aug_POL.dat,0.05,False,7,2,0.04001710551189479,6
NewFloq_REF_Bro57_Eps005_T50_5IT_30Aug_POL.dat,0.05,False,7,3,0.02608659558511477,6
NewFloq_REF_Bro57_Eps005_T50_5IT_30Aug_POL.dat,0.05,False,7,4,0.009931098852351815,6
NewFloq_REF_Bro57_Eps005_T50_5IT_30Aug_POL.dat,0.05,False,7,5,0.016108286388840442,6
NewFloq_REF_Bro57_Eps005_T50_5IT_30Aug_POL.dat,0.05,False,7,6,0.007911028846519843,6
NewFloq_REF_Bro57_Eps005_T50_5IT_30Aug_POL.dat,0.05,False,8,0,0.6610141649020301,6
NewFloq_REF_Bro57_Eps005_T50_5IT_30Aug_POL.dat,0.05,False,8,1,0.6651365206086896,6
NewFloq_REF_Bro57_Eps005_T50_5IT_30Aug_POL.dat,0.05,False,8,2,0.6223819448605122,6
NewFloq_REF_Bro57_Eps005_T50_5IT_30Aug_POL.dat,0.05,False,8,3,0.6410395879807533,5
NewFloq_REF_Bro57_Eps005_T50_5IT_30Aug_POL.dat,0.05,False,8,4,0.5527966756193734,5
NewFloq_REF_Bro57_Eps005_T50_5IT_30Aug_POL.dat,0.05,False,8,5,0.7282553929788728,5
NewFloq_REF_Bro57_Eps005_T50_5IT_30Aug_POL.dat,0.05,False,8,6,0.7376276226751323,5
NewFloq_REF_Bro57_Eps005_T50_5IT_30Aug_POL.dat,0.05,False,8,7,0.7496764108828154,5
NewFloq_REF_Bro57_Eps005_T50_5IT_30Aug_POL.dat,0.05,False,9,0,0.013280634695096919,5
NewFloq_REF_Bro57_Eps005_T50_5IT_30Aug_POL.dat,0.05,False,9,1,0.034155815973906954,5
NewFloq_REF_Bro57_Eps005_T50_5IT_30Aug_POL.dat,0.05,False,9,2,0.025367270839345247,5
NewFloq_REF_Bro57_Eps005_T50_5IT_30Aug_POL.dat,0.05,False,9,3,0.013951241071290772,5
NewFloq_REF_Bro57_Eps005_T50_5IT_30Aug_POL.dat,0.05,False,9,4,0.029307803714714524,5
NewFloq_REF_Bro57_Eps005_T50_5IT_30Aug_POL.dat,0.05,False,9,5,0.0331081155228869,5
NewFloq_REF_Bro57_Eps005_T50_5IT_30Aug_POL.dat,0.05,False,9,6,0.007516935196529708,4
NewFloq_REF_Bro57_Eps005_T50_5IT_30Aug_POL.dat,0.05,False,9,7,0.008932549696963119,4
NewFloq_REF_Bro57_Eps005_T50_5IT_30Aug_POL.dat,0.05,False,9,8,0.02552428644827831,4
NewFloq_REF_Bro57_Eps005_T50_5IT_30Aug_POL.dat,0.05,False,10,0,0.5553048291770836,5
NewFloq_REF_Bro57_Eps005_T50_5IT_30Aug_POL.dat,0.05,False,10,1,0.563651964521138,4
NewFloq_REF_Bro57_Eps005_T50_5IT_30Aug_POL.dat,0.05,False,10,2,0.5521641127705493,4
NewFloq_REF_Bro57_Eps005_T50_5IT_30Aug_POL.dat,0.05,False,10,3,0.7832580850022517,4
NewFloq_REF_Bro57_Eps005_T50_5IT_30Aug_POL.dat,0.05,False,10,4,0.7348063390657329,4
NewFloq_REF_Bro57_Eps005_T50_5IT_30Aug_POL.dat,0.05,False,10,5,0.7297019754834442,4
NewFloq_REF_Bro57_Eps005_T50_5IT_30Aug_POL.dat,0.05,False,10,6,0.703557406606326,4
NewFloq_REF_Bro57_Eps005_T50_5IT_30Aug_POL.dat,0.05,False,10,7,0.626071961848887,4
NewFloq_REF_Bro57_Eps005_T50_5IT_30Aug_POL.dat,0.05,False,10,8,0.6500136812184312,4
NewFloq_REF_Bro57_Eps005_T50_5IT_30Aug_POL.dat,0.05,False,10,9,0.6112880736167416,4
NewFloq_REF_Bro57_Eps006_T50_5IT_14Jul.dat,0.06,True,1,0,0.014748750201550637,50
NewFloq_REF_Bro57_Eps006_T50_5IT_14Jul.dat,0.06,True,2,0,0.7283380269718336,25
NewFloq_REF_Bro57_Eps006_T50_5IT_14Jul.dat,0.06,True,2,1,0.8113258657422605,24
NewFloq_REF_Bro57_Eps006_T50_5IT_14Jul.dat,0.06,True,3,0,0.015522447094335616,16
NewFloq_REF_Bro57_Eps006_T50_5IT_14Jul.dat,0.06,True,3,1,0.01763312471040042,16
NewFloq_REF_Bro57_Eps006_T50_5IT_14Jul.dat,0.06,True,3,2,0.017394657578031502,16
NewFloq_REF_Bro57_Eps006_T50_5IT_14Jul.dat,0.06,True,4,0,0.6669758082927716,12
NewFloq_REF_Bro57_Eps006_T50_5IT_14Jul.dat,0.06,True,4,1,0.7814101807327966,12
NewFloq_REF_Bro57_Eps006_T50_5IT_14Jul.dat,0.06,True,4,2,0.7051510708086196,12
NewFloq_REF_Bro57_Eps006_T50_5IT_14Jul.dat,0.06,True,4,3,0.7570379817933645,11
NewFloq_REF_Bro57_Eps006_T50_5IT_14Jul.dat,0.06,True,5,0,0.014820251869983776,10
NewFloq_REF_Bro57_Eps006_T50_5IT_14Jul.dat,0.06,True,5,1,0.010354988416488697,9
NewFloq_REF_Bro57_Eps006_T50_5IT_14Jul.dat,0.06,True,5,2,0.025498826431134585,9
NewFloq_REF_Bro57_Eps006_T50_5IT_14Jul.dat,0.06,True,5,3,0.011024250491750714,9
NewFloq_REF_Bro57_Eps006_T50_5IT_14Jul.dat,0.06,True,5,4,0.025787604225298612,9
NewFloq_REF_Bro57_Eps006_T50_5IT_14Jul.dat,0.06,True,6,0,0.6008214913614562,8
NewFloq_REF_Bro57_Eps006_T50_5IT_14Jul.dat,0.06,True,6,1,0.7450716387615401,8
NewFloq_REF_Bro57_Eps006_T50_5IT_14Jul.dat,0.06,True,6,2,0.683668463605198,8
NewFloq_REF_Bro57_Eps006_T50_5IT_14Jul.dat,0.06,True,6,3,0.756863893884316,7
NewFloq_REF_Bro57_Eps006_T50_5IT_14Jul.dat,0.06,True,6,4,0.6856883157908499,7
NewFloq_REF_Bro57_Eps006_T50_5IT_14Jul.dat,0.06,True,6,5,0.7127919524241647,7
NewFloq_REF_Bro57_Eps006_T50_5IT_14Jul.dat,0.06,True,7,0,0.03215120269301711,7
NewFloq_REF_Bro57_Eps006_T50_5IT_14Jul.dat,0.06,True,7,1,0.013515305449491763,7
NewFloq_REF_Bro57_Eps006_T50_5IT_14Jul.dat,0.06,True,7,2,0.01088948026703949,6
NewFloq_REF_Bro57_Eps006_T50_5IT_14Jul.dat,0.06,True,7,3,0.0042406392440248524,6
NewFloq_REF_Bro57_Eps006_T50_5IT_14Jul.dat,0.06,True,7,4,0.015940864892572525,6
NewFloq_REF_Bro57_Eps006_T50_5IT_14Jul.dat,0.06,True,7,5,0.008518441194088592,6
NewFloq_REF_Bro57_Eps006_T50_5IT_14Jul.dat,0.06,True,7,6,0.015978687259545828,6
NewFloq_REF_Bro57_Eps006_T50_5IT_14Jul.dat,0.06,True,8,0,0.6285259697102568,6
NewFloq_REF_Bro57_Eps006_T50_5IT_14Jul.dat,0.06,True,8,1,0.6637740435006937,6
NewFloq_REF_Bro57_Eps006_T50_5IT_14Jul.dat,0.06,True,8,2,0.59051343823194,6
NewFloq_REF_Bro57_Eps006_T50_5IT_14Jul.dat,0.06,True,8,3,0.6522307136484061,5
NewFloq_REF_Bro57_Eps006_T50_5IT_14Jul.dat,0.06,True,8,4,0.592965223704941,5
NewFloq_REF_Bro57_Eps006_T50_5IT_14Jul.dat,0.06,True,8,5,0.8140161911116606,5
NewFloq_REF_Bro57_Eps006_T50_5IT_14Jul.dat,0.06,True,8,6,0.7375579118892104,5
NewFloq_REF_Bro57_Eps006_T50_5IT_14Jul.dat,0.06,True,8,7,0.7637600961335541,5
NewFloq_REF_Bro57_Eps006_T50_5IT_14Jul.dat,0.06,True,9,0,0.006046568372866718,5
NewFloq_REF_Bro57_Eps006_T50_5IT_14Jul.dat,0.06,True,9,1,0.018941584319254683,5
NewFloq_REF_Bro57_Eps006_T50_5IT_14Jul.dat,0.06,True,9,2,0.013119036146958266,5
NewFloq_REF_Bro57_Eps006_T50_5IT_14Jul.dat,0.06,True,9,3,0.01746526015688175,5
NewFloq_REF_Bro57_Eps006_T50_5IT_14Jul.dat,0.06,True,9,4,0.03917491402922347,5
NewFloq_REF_Bro57_Eps006_T50_5IT_14Jul.dat,0.06,True,9,5,0.02144007638933417,5
NewFloq_REF_Bro57_Eps006_T50_5IT_14Jul.dat,0.06,True,9,6,0.02425370014774309,4
NewFloq_REF_Bro57_Eps006_T50_5IT_14Jul.dat,0.06,True,9,7,0.007397916628936152,4
NewFloq_REF_Bro57_Eps006_T50_5IT_14Jul.dat,0.06,True,9,8,0.014801781268521412,4
NewFloq_REF_Bro57_Eps006_T50_5IT_14Jul.dat,0.06,True,10,0,0.540799360763702,5
NewFloq_REF_Bro57_Eps006_T50_5IT_14Jul.dat,0.06,True,10,1,0.5789384726127815,4
NewFloq_REF_Bro57_Eps006_T50_5IT_14Jul.dat,0.06,True,10,2,0.4812919342500839,4
NewFloq_REF_Bro57_Eps006_T50_5IT_14Jul.dat,0.06,True,10,3,0.8039790002344429,4
NewFloq_REF_Bro57_Eps006_T50_5IT_14Jul.dat,0.06,True,10,4,0.7448211174088123,4
NewFloq_REF_Bro57_Eps006_T50_5IT_14Jul.dat,0.06,True,10,5,0.7886900418127732,4
NewFloq_REF_Bro57_Eps006_T50_5IT_14Jul.dat,0.06,True,10,6,0.7004870323032759,4
NewFloq_REF_Bro57_Eps006_T50_5IT_14Jul.dat,0.06,True,10,7,0.7235090585965476,4
NewFloq_REF_Bro57_Eps006_T50_5IT_14Jul.dat,0.06,True,10,8,0.6768207693819899,4
NewFloq_REF_Bro57_Eps006_T50_5IT_14Jul.dat,0.06,True,10,9,0.6677716089542578,4
NewFloq_REF_Bro57_Eps007_T50_5IT_12Jul.dat,0.07,True,1,0,0.020717325378545336,50
NewFloq_REF_Bro57_Eps007_T50_5IT_12Jul.dat,0.07,True,2,0,0.6521027845000126,25
NewFloq_REF_Bro57_Eps007_T50_5IT_12Jul.dat,0.07,True,2,1,0.6759448981398544,24
NewFloq_REF_Bro57_Eps007_T50_5IT_12Jul.dat,0.07,True,3,0,0.007604200057668197,16
NewFloq_REF_Bro57_Eps007_T50_5IT_12Jul.dat,0.07,True,3,1,0.033772644699137475,16
NewFloq_REF_Bro57_Eps007_T50_5IT_12Jul.dat,0.07,True,3,2,0.012838884691318178,16
NewFloq_REF_Bro57_Eps007_T50_5IT_12Jul.dat,0.07,True,4,0,0.6315509440920101,12
NewFloq_REF_Bro57_Eps007_T50_5IT_12Jul.dat,0.07,True,4,1,0.6543720518273973,12
NewFloq_REF_Bro57_Eps007_T50_5IT_12Jul.dat,0.07,True,4,2,0.6213953899050088,12
NewFloq_REF_Bro57_Eps007_T50_5IT_12Jul.dat,0.07,True,4,3,0.6133018534270053,11
NewFloq_REF_Bro57_Eps007_T50_5IT_12Jul.dat,0.07,True,5,0,0.02800166287397394,10
NewFloq_REF_Bro57_Eps007_T50_5IT_12Jul.dat,0.07,True,5,1,0.027718719730577983,9
NewFloq_REF_Bro57_Eps007_T50_5IT_12Jul.dat,0.07,True,5,2,0.017605238463976318,9
NewFloq_REF_Bro57_Eps007_T50_5IT_12Jul.dat,0.07,True,5,3,0.01023558708282233,9
NewFloq_REF_Bro57_Eps007_T50_5IT_12Jul.dat,0.07,True,5,4,0.029031612053697323,9
NewFloq_REF_Bro57_Eps007_T50_5IT_12Jul.dat,0.07,True,6,0,0.5666534695691341,8
NewFloq_REF_Bro57_Eps007_T50_5IT_12Jul.dat,0.07,True,6,1,0.6261008242196026,8
NewFloq_REF_Bro57_Eps007_T50_5IT_12Jul.dat,0.07,True,6,2,0.6003104254942524,8
NewFloq_REF_Bro57_Eps007_T50_5IT_12Jul.dat,0.07,True,6,3,0.6322772807805931,7
NewFloq_REF_Bro57_Eps007_T50_5IT_12Jul.dat,0.07,True,6,4,0.5910051436325366,7
NewFloq_REF_Bro57_Eps007_T50_5IT_12Jul.dat,0.07,True,6,5,0.5526057940544703,7
NewFloq_REF_Bro57_Eps007_T50_5IT_12Jul.dat,0.07,True,7,0,0.01711909163234112,7
NewFloq_REF_Bro57_Eps007_T50_5IT_12Jul.dat,0.07,True,7,1,0.03547801018555047,7
NewFloq_REF_Bro57_Eps007_T50_5IT_12Jul.dat,0.07,True,7,2,0.008159844282581428,6
NewFloq_REF_Bro57_Eps007_T50_5IT_12Jul.dat,0.07,True,7,3,0.007881413609639459,6
NewFloq_REF_Bro57_Eps007_T50_5IT_12Jul.dat,0.07,True,7,4,0.02925715493441236,6
NewFloq_REF_Bro57_Eps007_T50_5IT_12Jul.dat,0.07,True,7,5,0.010695920426338225,6
NewFloq_REF_Bro57_Eps007_T50_5IT_12Jul.dat,0.07,True,7,6,0.02440169758528975,6
NewFloq_REF_Bro57_Eps007_T50_5IT_12Jul.dat,0.07,True,8,0,0.5475710661614084,6
NewFloq_REF_Bro57_Eps007_T50_5IT_12Jul.dat,0.07,True,8,1,0.5545822072798282,6
NewFloq_REF_Bro57_Eps007_T50_5IT_12Jul.dat,0.07,True,8,2,0.501540822379856,6
NewFloq_REF_Bro57_Eps007_T50_5IT_12Jul.dat,0.07,True,8,3,0.5108227090311122,5
NewFloq_REF_Bro57_Eps007_T50_5IT_12Jul.dat,0.07,True,8,4,0.529736853836081,5
NewFloq_REF_Bro57_Eps007_T50_5IT_12Jul.dat,0.07,True,8,5,0.6146949532151954,5
NewFloq_REF_Bro57_Eps007_T50_5IT_12Jul.dat,0.07,True,8,6,0.5870366392618166,5
NewFloq_REF_Bro57_Eps007_T50_5IT_12Jul.dat,0.07,True,8,7,0.6150262471339918,5
NewFloq_REF_Bro57_Eps007_T50_5IT_12Jul.dat,0.07,True,9,0,0.018284118715759023,5
NewFloq_REF_Bro57_Eps007_T50_5IT_12Jul.dat,0.07,True,9,1,0.02152685121538733,5
NewFloq_REF_Bro57_Eps007_T50_5IT_12Jul.dat,0.07,True,9,2,0.02122204878006474,5
NewFloq_REF_Bro57_Eps007_T50_5IT_12Jul.dat,0.07,True,9,3,0.016722666389450674,5
NewFloq_REF_Bro57_Eps007_T50_5IT_12Jul.dat,0.07,True,9,4,0.039259428870645874,5
NewFloq_REF_Bro57_Eps007_T50_5IT_12Jul.dat,0.07,True,9,5,0.04521759876694712,5
NewFloq_REF_Bro57_Eps007_T50_5IT_12Jul.dat,0.07,True,9,6,0.014676050617379064,4
NewFloq_REF_Bro57_Eps007_T50_5IT_12Jul.dat,0.07,True,9,7,0.023475416009709857,4
NewFloq_REF_Bro57_Eps007_T50_5IT_12Jul.dat,0.07,True,9,8,0.011271133018076935,4
NewFloq_REF_Bro57_Eps007_T50_5IT_12Jul.dat,0.07,True,10,0,0.4874985989995711,5
NewFloq_REF_Bro57_Eps007_T50_5IT_12Jul.dat,0.07,True,10,1,0.4598533863934614,4
NewFloq_REF_Bro57_Eps007_T50_5IT_12Jul.dat,0.07,True,10,2,0.43762759236571147,4
NewFloq_REF_Bro57_Eps007_T50_5IT_12Jul.dat,0.07,True,10,3,0.5848795601757293,4
NewFloq_REF_Bro57_Eps007_T50_5IT_12Jul.dat,0.07,True,10,4,0.6038018765965835,4
NewFloq_REF_Bro57_Eps007_T50_5IT_12Jul.dat,0.07,True,10,5,0.590745828593368,4
NewFloq_REF_Bro57_Eps007_T50_5IT_12Jul.dat,0.07,True,10,6,0.5758966860434054,4
NewFloq_REF_Bro57_Eps007_T50_5IT_12Jul.dat,0.07,True,10,7,0.6037647192275535,4
NewFloq_REF_Bro57_Eps007_T50_5IT_12Jul.dat,0.07,True,10,8,0.5698616916199739,4
NewFloq_REF_Bro57_Eps007_T50_5IT_12Jul.dat,0.07,True,10,9,0.5727508793341956,4
NewFloq_REF_Bro57_Eps008_T50_5IT_20Aug.dat,0.08,True,1,0,0.013571914512317523,50
NewFloq_REF_Bro57_Eps008_T50_5IT_20Aug.dat,0.08,True,2,0,0.6228778220482516,25
NewFloq_REF_Bro57_Eps008_T50_5IT_20Aug.dat,0.08,True,2,1,0.702482047973746,24
NewFloq_REF_Bro57_Eps008_T50_5IT_20Aug.dat,0.08,True,3,0,0.01631911272794188,16
NewFloq_REF_Bro57_Eps008_T50_5IT_20Aug.dat,0.08,True,3,1,0.023508659084278738,16
NewFloq_REF_Bro57_Eps008_T50_5IT_20Aug.dat,0.08,True,3,2,0.006324881662752982,16
NewFloq_REF_Bro57_Eps008_T50_5IT_20Aug.dat,0.08,True,4,0,0.6046192511005436,12
NewFloq_REF_Bro57_Eps008_T50_5IT_20Aug.dat,0.08,True,4,1,0.6786788007200841,12
NewFloq_REF_Bro57_Eps008_T50_5IT_20Aug.dat,0.08,True,4,2,0.5682344778466965,12
NewFloq_REF_Bro57_Eps008_T50_5IT_20Aug.dat,0.08,True,4,3,0.6448457224633312,11
NewFloq_REF_Bro57_Eps008_T50_5IT_20Aug.dat,0.08,True,5,0,0.006847288653084741,10
NewFloq_REF_Bro57_Eps008_T50_5IT_20Aug.dat,0.08,True,5,1,0.018022027683655142,9
NewFloq_REF_Bro57_Eps008_T50_5IT_20Aug.dat,0.08,True,5,2,0.018652337539313266,9
NewFloq_REF_Bro57_Eps008_T50_5IT_20Aug.dat,0.08,True,5,3,0.01759593463498417,9
NewFloq_REF_Bro57_Eps008_T50_5IT_20Aug.dat,0.08,True,5,4,0.00903171739891223,9
NewFloq_REF_Bro57_Eps008_T50_5IT_20Aug.dat,0.08,True,6,0,0.5077341236739961,8
NewFloq_REF_Bro57_Eps008_T50_5IT_20Aug.dat,0.08,True,6,1,0.6387090194152322,8
NewFloq_REF_Bro57_Eps008_T50_5IT_20Aug.dat,0.08,True,6,2,0.6154117969765486,8
NewFloq_REF_Bro57_Eps008_T50_5IT_20Aug.dat,0.08,True,6,3,0.6276859633860002,7
NewFloq_REF_Bro57_Eps008_T50_5IT_20Aug.dat,0.08,True,6,4,0.549216701378804,7
NewFloq_REF_Bro57_Eps008_T50_5IT_20Aug.dat,0.08,True,6,5,0.6096710407495014,7
NewFloq_REF_Bro57_Eps008_T50_5IT_20Aug.dat,0.08,True,7,0,0.029407666804741835,7
NewFloq_REF_Bro57_Eps008_T50_5IT_20Aug.dat,0.08,True,7,1,0.010025545858296183,7
NewFloq_REF_Bro57_Eps008_T50_5IT_20Aug.dat,0.08,True,7,2,0.009855703879197599,6
NewFloq_REF_Bro57_Eps008_T50_5IT_20Aug.dat,0.08,True,7,3,0.007968382004450464,6
NewFloq_REF_Bro57_Eps008_T50_5IT_20Aug.dat,0.08,True,7,4,0.02446538498687653,6
NewFloq_REF_Bro57_Eps008_T50_5IT_20Aug.dat,0.08,True,7,5,0.00594199098830285,6
NewFloq_REF_Bro57_Eps008_T50_5IT_20Aug.dat,0.08,True,7,6,0.021946460130866017,6
NewFloq_REF_Bro57_Eps008_T50_5IT_20Aug.dat,0.08,True,8,0,0.5457373093977109,6
NewFloq_REF_Bro57_Eps008_T50_5IT_20Aug.dat,0.08,True,8,1,0.5833285487832359,6
NewFloq_REF_Bro57_Eps008_T50_5IT_20Aug.dat,0.08,True,8,2,0.4898722782768024,6
NewFloq_REF_Bro57_Eps008_T50_5IT_20Aug.dat,0.08,True,8,3,0.5290624390915701,5
NewFloq_REF_Bro57_Eps008_T50_5IT_20Aug.dat,0.08,True,8,4,0.5120751701529279,5
NewFloq_REF_Bro57_Eps008_T50_5IT_20Aug.dat,0.08,True,8,5,0.6698752005549446,5
NewFloq_REF_Bro57_Eps008_T50_5IT_20Aug.dat,0.08,True,8,6,0.5733841242887047,5
NewFloq_REF_Bro57_Eps008_T50_5IT_20Aug.dat,0.08,True,8,7,0.6482915181739934,5
NewFloq_REF_Bro57_Eps008_T50_5IT_20Aug.dat,0.08,True,9,0,0.010138656670544461,5
NewFloq_REF_Bro57_Eps008_T50_5IT_20Aug.dat,0.08,True,9,1,0.030754143236487053,5
NewFloq_REF_Bro57_Eps008_T50_5IT_20Aug.dat,0.08,True,9,2,0.009578368436984192,5
NewFloq_REF_Bro57_Eps008_T50_5IT_20Aug.dat,0.08,True,9,3,0.021721771589377402,5
NewFloq_REF_Bro57_Eps008_T50_5IT_20Aug.dat,0.08,True,9,4,0.017041767579406276,5
NewFloq_REF_Bro57_Eps008_T50_5IT_20Aug.dat,0.08,True,9,5,0.01804456815722695,5
NewFloq_REF_Bro57_Eps008_T50_5IT_20Aug.dat,0.08,True,9,6,0.023927443177057216,4
NewFloq_REF_Bro57_Eps008_T50_5IT_20Aug.dat,0.08,True,9,7,0.010773568775636694,4
NewFloq_REF_Bro57_Eps008_T50_5IT_20Aug.dat,0.08,True,9,8,0.01064229031574319,4
NewFloq_REF_Bro57_Eps008_T50_5IT_20Aug.dat,0.08,True,10,0,0.5098399086010623,5
NewFloq_REF_Bro57_Eps008_T50_5IT_20Aug.dat,0.08,True,10,1,0.4827403432686016,4
NewFloq_REF_Bro57_Eps008_T50_5IT_20Aug.dat,0.08,True,10,2,0.41051696142786465,4
NewFloq_REF_Bro57_Eps008_T50_5IT_20Aug.dat,0.08,True,10,3,0.6027859092366061,4
NewFloq_REF_Bro57_Eps008_T50_5IT_20Aug.dat,0.08,True,10,4,0.6181103305879294,4
NewFloq_REF_Bro57_Eps008_T50_5IT_20Aug.dat,0.08,True,10,5,0.6560151098136059,4
NewFloq_REF_Bro57_Eps008_T50_5IT_20Aug.dat,0.08,True,10,6,0.5412557487276651,4
NewFloq_REF_Bro57_Eps008_T50_5IT_20Aug.dat,0.08,True,10,7,0.6302933155496022,4
NewFloq_REF_Bro57_Eps008_T50_5IT_20Aug.dat,0.08,True,10,8,0.529919079302414,4
NewFloq_REF_Bro57_Eps008_T50_5IT_20Aug.dat,0.08,True,10,9,0.5901448320781241,4
NewFloq_REF_Bro57_Eps008_T50_5IT_30Aug.dat,0.08,True,1,0,0.02198546639043286,50
NewFloq_REF_Bro57_Eps008_T50_5IT_30Aug.dat,0.08,True,2,0,0.6354051029211444,25
NewFloq_REF_Bro57_Eps008_T50_5IT_30Aug.dat,0.08,True,2,1,0.6155842579032317,24
NewFloq_REF_Bro57_Eps008_T50_5IT_30Aug.dat,0.08,True,3,0,0.015911055624602606,16
NewFloq_REF_Bro57_Eps008_T50_5IT_30Aug.dat,0.08,True,3,1,0.03467992789928961,16
NewFloq_REF_Bro57_Eps008_T50_5IT_30Aug.dat,0.08,True,3,2,0.03120292914961962,16
NewFloq_REF_Bro57_Eps008_T50_5IT_30Aug.dat,0.08,True,4,0,0.6020383699754956,12
NewFloq_REF_Bro57_Eps008_T50_5IT_30Aug.dat,0.08,True,4,1,0.6161783549735187,12
NewFloq_REF_Bro57_Eps008_T50_5IT_30Aug.dat,0.08,True,4,2,0.5873593235886616,12
NewFloq_REF_Bro57_Eps008_T50_5IT_30Aug.dat,0.08,True,4,3,0.5317568504522338,11
NewFloq_REF_Bro57_Eps008_T50_5IT_30Aug.dat,0.08,True,5,0,0.026364309933905972,10
NewFloq_REF_Bro57_Eps008_T50_5IT_30Aug.dat,0.08,True,5,1,0.02245853316094616,9
NewFloq_REF_Bro57_Eps008_T50_5IT_30Aug.dat,0.08,True,5,2,0.03784226808257453,9
NewFloq_REF_Bro57_Eps008_T50_5IT_30Aug.dat,0.08,True,5,3,0.04543681790940658,9
NewFloq_REF_Bro57_Eps008_T50_5IT_30Aug.dat,0.08,True,5,4,0.024651901740441406,9
NewFloq_REF_Bro57_Eps008_T50_5IT_30Aug.dat,0.08,True,6,0,0.5008353027027597,8
NewFloq_REF_Bro57_Eps008_T50_5IT_30Aug.dat,0.08,True,6,1,0.5328994734027293,8
NewFloq_REF_Bro57_Eps008_T50_5IT_30Aug.dat,0.08,True,6,2,0.553535737518523,8
NewFloq_REF_Bro57_Eps008_T50_5IT_30Aug.dat,0.08,True,6,3,0.5554106932696213,7
NewFloq_REF_Bro57_Eps008_T50_5IT_30Aug.dat,0.08,True,6,4,0.5279657520709924,7
NewFloq_REF_Bro57_Eps008_T50_5IT_30Aug.dat,0.08,True,6,5,0.4852057472672035,7
NewFloq_REF_Bro57_Eps008_T50_5IT_30Aug.dat,0.08,True,7,0,0.029850422622755557,7
NewFloq_REF_Bro57_Eps008_T50_5IT_30Aug.dat,0.08,True,7,1,0.0533032041848438,7
NewFloq_REF_Bro57_Eps008_T50_5IT_30Aug.dat,0.08,True,7,2,0.04525061664366962,6
NewFloq_REF_Bro57_Eps008_T50_5IT_30Aug.dat,0.08,True,7,3,0.028681404987868513,6
NewFloq_REF_Bro57_Eps008_T50_5IT_30Aug.dat,0.08,True,7,4,0.035904514049394605,6
NewFloq_REF_Bro57_Eps008_T50_5IT_30Aug.dat,0.08,True,7,5,0.020216188578655512,6
NewFloq_REF_Bro57_Eps008_T50_5IT_30Aug.dat,0.08,True,7,6,0.038022935571938955,6
NewFloq_REF_Bro57_Eps008_T50_5IT_30Aug.dat,0.08,True,8,0,0.5263792910105992,6
NewFloq_REF_Bro57_Eps008_T50_5IT_30Aug.dat,0.08,True,8,1,0.5131752466918537,6
NewFloq_REF_Bro57_Eps008_T50_5IT_30Aug.dat,0.08,True,8,2,0.5107743982069078,6
NewFloq_REF_Bro57_Eps008_T50_5IT_30Aug.dat,0.08,True,8,3,0.4137630589318075,5
NewFloq_REF_Bro57_Eps008_T50_5IT_30Aug.dat,0.08,True,8,4,0.44973228609132676,5
NewFloq_REF_Bro57_Eps008_T50_5IT_30Aug.dat,0.08,True,8,5,0.516161213101628,5
NewFloq_REF_Bro57_Eps008_T50_5IT_30Aug.dat,0.08,True,8,6,0.5448646728553612,5
NewFloq_REF_Bro57_Eps008_T50_5IT_30Aug.dat,0.08,True,8,7,0.5872922420689035,5
NewFloq_REF_Bro57_Eps008_T50_5IT_30Aug.dat,0.08,True,9,0,0.03521015925223871,5
NewFloq_REF_Bro57_Eps008_T50_5IT_30Aug.dat,0.08,True,9,1,0.05413441316928649,5
NewFloq_REF_Bro57_Eps008_T50_5IT_30Aug.dat,0.08,True,9,2,0.02685071123681081,5
NewFloq_REF_Bro57_Eps008_T50_5IT_30Aug.dat,0.08,True,9,3,0.028586827522871873,5
NewFloq_REF_Bro57_Eps008_T50_5IT_30Aug.dat,0.08,True,9,4,0.039973285827215176,5
NewFloq_REF_Bro57_Eps008_T50_5IT_30Aug.dat,0.08,True,9,5,0.042733031512487626,5
NewFloq_REF_Bro57_Eps008_T50_5IT_30Aug.dat,0.08,True,9,6,0.02780275783456186,4
NewFloq_REF_Bro57_Eps008_T50_5IT_30Aug.dat,0.08,True,9,7,0.04954931876555781,4
NewFloq_REF_Bro57_Eps008_T50_5IT_30Aug.dat,0.08,True,9,8,0.041465654986856476,4
NewFloq_REF_Bro57_Eps008_T50_5IT_30Aug.dat,0.08,True,10,0,0.44291855265327545,5
NewFloq_REF_Bro57_Eps008_T50_5IT_30Aug.dat,0.08,True,10,1,0.38141765515015985,4
NewFloq_REF_Bro57_Eps008_T50_5IT_30Aug.dat,0.08,True,10,2,0.38533604748304073,4
NewFloq_REF_Bro57_Eps008_T50_5IT_30Aug.dat,0.08,True,10,3,0.5211070840358276,4
NewFloq_REF_Bro57_Eps008_T50_5IT_30Aug.dat,0.08,True,10,4,0.5453198532845609,4
NewFloq_REF_Bro57_Eps008_T50_5IT_30Aug.dat,0.08,True,10,5,0.5052492685119215,4
NewFloq_REF_Bro57_Eps008_T50_5IT_30Aug.dat,0.08,True,10,6,0.4993405433416838,4
NewFloq_REF_Bro57_Eps008_T50_5IT_30Aug.dat,0.08,True,10,7,0.486445559234839,4
NewFloq_REF_Bro57_Eps008_T50_5IT_30Aug.dat,0.08,True,10,8,0.5135296749987629,4
NewFloq_REF_Bro57_Eps008_T50_5IT_30Aug.dat,0.08,True,10,9,0.4924822033857192,4
NewFloq_REF_Bro57_Eps009_T50_5IT_20Aug.dat,0.09,True,1,0,0.05866460559201975,50
NewFloq_REF_Bro57_Eps009_T50_5IT_20Aug.dat,0.09,True,2,0,0.5338688748606956,25
NewFloq_REF_Bro57_Eps009_T50_5IT_20Aug.dat,0.09,True,2,1,0.6057564888517556,24
NewFloq_REF_Bro57_Eps009_T50_5IT_20Aug.dat,0.09,True,3,0,0.08535549594676178,16
NewFloq_REF_Bro57_Eps009_T50_5IT_20Aug.dat,0.09,True,3,1,0.0329654815413822,16
NewFloq_REF_Bro57_Eps009_T50_5IT_20Aug.dat,0.09,True,3,2,0.05466429009983322,16
NewFloq_REF_Bro57_Eps009_T50_5IT_20Aug.dat,0.09,True,4,0,0.5119848827427992,12
NewFloq_REF_Bro57_Eps009_T50_5IT_20Aug.dat,0.09,True,4,1,0.5443452617482881,12
NewFloq_REF_Bro57_Eps009_T50_5IT_20Aug.dat,0.09,True,4,2,0.4750773242599851,12
NewFloq_REF_Bro57_Eps009_T50_5IT_20Aug.dat,0.09,True,4,3,0.5447013614076162,11
NewFloq_REF_Bro57_Eps009_T50_5IT_20Aug.dat,0.09,True,5,0,0.01149913409542461,10
NewFloq_REF_Bro57_Eps009_T50_5IT_20Aug.dat,0.09,True,5,1,0.010602265501303349,9
NewFloq_REF_Bro57_Eps009_T50_5IT_20Aug.dat,0.09,True,5,2,0.09592329643649695,9
NewFloq_REF_Bro57_Eps009_T50_5IT_20Aug.dat,0.09,True,5,3,0.0552215185564846,9
NewFloq_REF_Bro57_Eps009_T50_5IT_20Aug.dat,0.09,True,5,4,0.05623250669528917,9
NewFloq_REF_Bro57_Eps009_T50_5IT_20Aug.dat,0.09,True,6,0,0.42015809262733783,8
NewFloq_REF_Bro57_Eps009_T50_5IT_20Aug.dat,0.09,True,6,1,0.4681784778019495,8
NewFloq_REF_Bro57_Eps009_T50_5IT_20Aug.dat,0.09,True,6,2,0.40795478043266253,8
NewFloq_REF_Bro57_Eps009_T50_5IT_20Aug.dat,0.09,True,6,3,0.5049554959202098,7
NewFloq_REF_Bro57_Eps009_T50_5IT_20Aug.dat,0.09,True,6,4,0.5138211476424869,7
NewFloq_REF_Bro57_Eps009_T50_5IT_20Aug.dat,0.09,True,6,5,0.5432233024945975,7
NewFloq_REF_Bro57_Eps009_T50_5IT_20Aug.dat,0.09,True,7,0,0.06332181691212234,7
NewFloq_REF_Bro57_Eps009_T50_5IT_20Aug.dat,0.09,True,7,1,0.015787664947451523,7
NewFloq_REF_Bro57_Eps009_T50_5IT_20Aug.dat,0.09,True,7,2,0.06434581322601146,6
NewFloq_REF_Bro57_Eps009_T50_5IT_20Aug.dat,0.09,True,7,3,0.015525410893096087,6
NewFloq_REF_Bro57_Eps009_T50_5IT_20Aug.dat,0.09,True,7,4,0.01923743211089603,6
NewFloq_REF_Bro57_Eps009_T50_5IT_20Aug.dat,0.09,True,7,5,0.00844062874331086,6
NewFloq_REF_Bro57_Eps009_T50_5IT_20Aug.dat,0.09,True,7,6,0.0823323436152734,6
NewFloq_REF_Bro57_Eps009_T50_5IT_20Aug.dat,0.09,True,8,0,0.39550100892945145,6
NewFloq_REF_Bro57_Eps009_T50_5IT_20Aug.dat,0.09,True,8,1,0.4026554366254526,6
NewFloq_REF_Bro57_Eps009_T50_5IT_20Aug.dat,0.09,True,8,2,0.3099364175664773,6
NewFloq_REF_Bro57_Eps009_T50_5IT_20Aug.dat,0.09,True,8,3,0.43851634019602814,5
NewFloq_REF_Bro57_Eps009_T50_5IT_20Aug.dat,0.09,True,8,4,0.3418263320488486,5
NewFloq_REF_Bro57_Eps009_T50_5IT_20Aug.dat,0.09,True,8,5,0.5142361426365607,5
NewFloq_REF_Bro57_Eps009_T50_5IT_20Aug.dat,0.09,True,8,6,0.510018850189849,5
NewFloq_REF_Bro57_Eps009_T50_5IT_20Aug.dat,0.09,True,8,7,0.5244781369763547,5
NewFloq_REF_Bro57_Eps009_T50_5IT_20Aug.dat,0.09,True,9,0,0.017312506994273082,5
NewFloq_REF_Bro57_Eps009_T50_5IT_20Aug.dat,0.09,True,9,1,0.01681092282011143,5
NewFloq_REF_Bro57_Eps009_T50_5IT_20Aug.dat,0.09,True,9,2,0.011733928196176233,5
NewFloq_REF_Bro57_Eps009_T50_5IT_20Aug.dat,0.09,True,9,3,0.1031733569537235,5
NewFloq_REF_Bro57_Eps009_T50_5IT_20Aug.dat,0.09,True,9,4,0.0995238272956099,5
NewFloq_REF_Bro57_Eps009_T50_5IT_20Aug.dat,0.09,True,9,5,0.01365520288055263,5
NewFloq_REF_Bro57_Eps009_T50_5IT_20Aug.dat,0.09,True,9,6,0.0802177861705547,4
NewFloq_REF_Bro57_Eps009_T50_5IT_20Aug.dat,0.09,True,9,7,0.01914537576776646,4
NewFloq_REF_Bro57_Eps009_T50_5IT_20Aug.dat,0.09,True,9,8,0.08570393339521742,4
NewFloq_REF_Bro57_Eps009_T50_5IT_20Aug.dat,0.09,True,10,0,0.4382474697686332,5
NewFloq_REF_Bro57_Eps009_T50_5IT_20Aug.dat,0.09,True,10,1,0.3689660469072834,4
NewFloq_REF_Bro57_Eps009_T50_5IT_20Aug.dat,0.09,True,10,2,0.2696154007441756,4
NewFloq_REF_Bro57_Eps009_T50_5IT_20Aug.dat,0.09,True,10,3,0.455884889815537,4
NewFloq_REF_Bro57_Eps009_T50_5IT_20Aug.dat,0.09,True,10,4,0.3598509243593913,4
NewFloq_REF_Bro57_Eps009_T50_5IT_20Aug.dat,0.09,True,10,5,0.4735269201736669,4
NewFloq_REF_Bro57_Eps009_T50_5IT_20Aug.dat,0.09,True,10,6,0.46623428089038843,4
NewFloq_REF_Bro57_Eps009_T50_5IT_20Aug.dat,0.09,True,10,7,0.5035152150442346,4
NewFloq_REF_Bro57_Eps009_T50_5IT_20Aug.dat,0.09,True,10,8,0.36843471855805,4
NewFloq_REF_Bro57_Eps009_T50_5IT_20Aug.dat,0.09,True,10,9,0.35346907874880396,4
NewFloq_REF_Bro57_Eps009_T50_5IT_21Aug.dat,0.09,True,1,0,0.040083021196691625,50
NewFloq_REF_Bro57_Eps009_T50_5IT_21Aug.dat,0.09,True,2,0,0.6669822187688434,25
NewFloq_REF_Bro57_Eps009_T50_5IT_21Aug.dat,0.09,True,2,1,0.6682221246804576,24
NewFloq_REF_Bro57_Eps009_T50_5IT_21Aug.dat,0.09,True,3,0,0.02929368114318246,16
NewFloq_REF_Bro57_Eps009_T50_5IT_21Aug.dat,0.09,True,3,1,0.058827879291597426,16
NewFloq_REF_Bro57_Eps009_T50_5IT_21Aug.dat,0.09,True,3,2,0.042841169554381976,16
NewFloq_REF_Bro57_Eps009_T50_5IT_21Aug.dat,0.09,True,4,0,0.5623913237655216,12
NewFloq_REF_Bro57_Eps009_T50_5IT_21Aug.dat,0.09,True,4,1,0.5715898016423102,12
NewFloq_REF_Bro57_Eps009_T50_5IT_21Aug.dat,0.09,True,4,2,0.600044696087334,12
NewFloq_REF_Bro57_Eps009_T50_5IT_21Aug.dat,0.09,True,4,3,0.6088692062479396,11
NewFloq_REF_Bro57_Eps009_T50_5IT_21Aug.dat,0.09,True,5,0,0.06396952959810562,10
NewFloq_REF_Bro57_Eps009_T50_5IT_21Aug.dat,0.09,True,5,1,0.043902957510915615,9
NewFloq_REF_Bro57_Eps009_T50_5IT_21Aug.dat,0.09,True,5,2,0.050000280206423414,9
NewFloq_REF_Bro57_Eps009_T50_5IT_21Aug.dat,0.09,True,5,3,0.05590194075428282,9
NewFloq_REF_Bro57_Eps009_T50_5IT_21Aug.dat,0.09,True,5,4,0.05366878762550147,9
NewFloq_REF_Bro57_Eps009_T50_5IT_21Aug.dat,0.09,True,6,0,0.5137421678751899,8
NewFloq_REF_Bro57_Eps009_T50_5IT_21Aug.dat,0.09,True,6,1,0.5519072481926786,8
NewFloq_REF_Bro57_Eps009_T50_5IT_21Aug.dat,0.09,True,6,2,0.5341484608870692,8
NewFloq_REF_Bro57_Eps009_T50_5IT_21Aug.dat,0.09,True,6,3,0.5425197349396158,7
NewFloq_REF_Bro57_Eps009_T50_5IT_21Aug.dat,0.09,True,6,4,0.5444145164502299,7
NewFloq_REF_Bro57_Eps009_T50_5IT_21Aug.dat,0.09,True,6,5,0.535092880155155,7
NewFloq_REF_Bro57_Eps009_T50_5IT_21Aug.dat,0.09,True,7,0,0.05588400898374844,7
NewFloq_REF_Bro57_Eps009_T50_5IT_21Aug.dat,0.09,True,7,1,0.08553193547199715,7
NewFloq_REF_Bro57_Eps009_T50_5IT_21Aug.dat,0.09,True,7,2,0.04936468974152225,6
NewFloq_REF_Bro57_Eps009_T50_5IT_21Aug.dat,0.09,True,7,3,0.04046416311797631,6
NewFloq_REF_Bro57_Eps009_T50_5IT_21Aug.dat,0.09,True,7,4,0.032483359257151505,6
NewFloq_REF_Bro57_Eps009_T50_5IT_21Aug.dat,0.09,True,7,5,0.050559449032487346,6
NewFloq_REF_Bro57_Eps009_T50_5IT_21Aug.dat,0.09,True,7,6,0.07401700730351309,6
NewFloq_REF_Bro57_Eps009_T50_5IT_21Aug.dat,0.09,True,8,0,0.4384017400367168,6
NewFloq_REF_Bro57_Eps009_T50_5IT_21Aug.dat,0.09,True,8,1,0.555328742749671,6
NewFloq_REF_Bro57_Eps009_T50_5IT_21Aug.dat,0.09,True,8,2,0.40791984205145004,6
NewFloq_REF_Bro57_Eps009_T50_5IT_21Aug.dat,0.09,True,8,3,0.4881578561175902,5
NewFloq_REF_Bro57_Eps009_T50_5IT_21Aug.dat,0.09,True,8,4,0.5057841923028049,5
NewFloq_REF_Bro57_Eps009_T50_5IT_21Aug.dat,0.09,True,8,5,0.6417518288205706,5
NewFloq_REF_Bro57_Eps009_T50_5IT_21Aug.dat,0.09,True,8,6,0.5201631190562201,5
NewFloq_REF_Bro57_Eps009_T50_5IT_21Aug.dat,0.09,True,8,7,0.5542224611562762,5
NewFloq_REF_Bro57_Eps009_T50_5IT_21Aug.dat,0.09,True,9,0,0.07312544366888282,5
NewFloq_REF_Bro57_Eps009_T50_5IT_21Aug.dat,0.09,True,9,1,0.06479506269990669,5
NewFloq_REF_Bro57_Eps009_T50_5IT_21Aug.dat,0.09,True,9,2,0.01945961973672826,5
NewFloq_REF_Bro57_Eps009_T50_5IT_21Aug.dat,0.09,True,9,3,0.06744322701469685,5
NewFloq_REF_Bro57_Eps009_T50_5IT_21Aug.dat,0.09,True,9,4,0.046006814372913,5
NewFloq_REF_Bro57_Eps009_T50_5IT_21Aug.dat,0.09,True,9,5,0.09611586669254168,5
NewFloq_REF_Bro57_Eps009_T50_5IT_21Aug.dat,0.09,True,9,6,0.08789019833307488,4
NewFloq_REF_Bro57_Eps009_T50_5IT_21Aug.dat,0.09,True,9,7,0.04490143468546226,4
NewFloq_REF_Bro57_Eps009_T50_5IT_21Aug.dat,0.09,True,9,8,0.07311987820897398,4
NewFloq_REF_Bro57_Eps009_T50_5IT_21Aug.dat,0.09,True,10,0,0.395541024124045,5
NewFloq_REF_Bro57_Eps009_T50_5IT_21Aug.dat,0.09,True,10,1,0.5145017768891404,4
NewFloq_REF_Bro57_Eps009_T50_5IT_21Aug.dat,0.09,True,10,2,0.3652685234368198,4
NewFloq_REF_Bro57_Eps009_T50_5IT_21Aug.dat,0.09,True,10,3,0.5876389095267149,4
NewFloq_REF_Bro57_Eps009_T50_5IT_21Aug.dat,0.09,True,10,4,0.5274963545014962,4
NewFloq_REF_Bro57_Eps009_T50_5IT_21Aug.dat,0.09,True,10,5,0.662919496464528,4
NewFloq_REF_Bro57_Eps009_T50_5IT_21Aug.dat,0.09,True,10,6,0.4562356028460833,4
NewFloq_REF_Bro57_Eps009_T50_5IT_21Aug.dat,0.09,True,10,7,0.4519183903681639,4
NewFloq_REF_Bro57_Eps009_T50_5IT_21Aug.dat,0.09,True,10,8,0.521313983285161,4
NewFloq_REF_Bro57_Eps009_T50_5IT_21Aug.dat,0.09,True,10,9,0.4990873336386381,4
NewFloq_REF_Bro57_Eps00_T50_5IT_30Aug.dat,0.0,True,1,0,0.011446805470186703,50
NewFloq_REF_Bro57_Eps00_T50_5IT_30Aug.dat,0.0,True,2,0,0.803528863919469,25
NewFloq_REF_Bro57_Eps00_T50_5IT_30Aug.dat,0.0,True,2,1,0.8341495232677413,24
NewFloq_REF_Bro57_Eps00_T50_5IT_30Aug.dat,0.0,True,3,0,0.009952121400006614,16
NewFloq_REF_Bro57_Eps00_T50_5IT_30Aug.dat,0.0,True,3,1,0.010495452652344618,16
NewFloq_REF_Bro57_Eps00_T50_5IT_30Aug.dat,0.0,True,3,2,0.011866928589575202,16
NewFloq_REF_Bro57_Eps00_T50_5IT_30Aug.dat,0.0,True,4,0,0.7616028687585105,12
NewFloq_REF_Bro57_Eps00_T50_5IT_30Aug.dat,0.0,True,4,1,0.7775424035914402,12
NewFloq_REF_Bro57_Eps00_T50_5IT_30Aug.dat,0.0,True,4,2,0.8025619823170783,12
NewFloq_REF_Bro57_Eps00_T50_5IT_30Aug.dat,0.0,True,4,3,0.8294175056675278,11
NewFloq_REF_Bro57_Eps00_T50_5IT_30Aug.dat,0.0,True,5,0,0.015790244770990728,10
NewFloq_REF_Bro57_Eps00_T50_5IT_30Aug.dat,0.0,True,5,1,0.015816525046826194,9
NewFloq_REF_Bro57_Eps00_T50_5IT_30Aug.dat,0.0,True,5,2,0.0077947738968958125,9
NewFloq_REF_Bro57_Eps00_T50_5IT_30Aug.dat,0.0,True,5,3,0.006383697670854111,9
NewFloq_REF_Bro57_Eps00_T50_5IT_30Aug.dat,0.0,True,5,4,0.008386548212791525,9
NewFloq_REF_Bro57_Eps00_T50_5IT_30Aug.dat,0.0,True,6,0,0.6961335289021506,8
NewFloq_REF_Bro57_Eps00_T50_5IT_30Aug.dat,0.0,True,6,1,0.8004342220813303,8
NewFloq_REF_Bro57_Eps00_T50_5IT_30Aug.dat,0.0,True,6,2,0.778779374439972,8
NewFloq_REF_Bro57_Eps00_T50_5IT_30Aug.dat,0.0,True,6,3,0.7863054415291002,7
NewFloq_REF_Bro57_Eps00_T50_5IT_30Aug.dat,0.0,True,6,4,0.7433866196982455,7
NewFloq_REF_Bro57_Eps00_T50_5IT_30Aug.dat,0.0,True,6,5,0.7315629261233868,7
NewFloq_REF_Bro57_Eps00_T50_5IT_30Aug.dat,0.0,True,7,0,0.0019811550929801605,7
NewFloq_REF_Bro57_Eps00_T50_5IT_30Aug.dat,0.0,True,7,1,0.012698993783652326,7
NewFloq_REF_Bro57_Eps00_T50_5IT_30Aug.dat,0.0,True,7,2,0.017397475864688327,6
NewFloq_REF_Bro57_Eps00_T50_5IT_30Aug.dat,0.0,True,7,3,0.006576024103954516,6
NewFloq_REF_Bro57_Eps00_T50_5IT_30Aug.dat,0.0,True,7,4,0.00788990858512287,6
NewFloq_REF_Bro57_Eps00_T50_5IT_30Aug.dat,0.0,True,7,5,0.00676057359402505,6
NewFloq_REF_Bro57_Eps00_T50_5IT_30Aug.dat,0.0,True,7,6,0.0055654185215300855,6
NewFloq_REF_Bro57_Eps00_T50_5IT_30Aug.dat,0.0,True,8,0,0.7188690580506493,6
NewFloq_REF_Bro57_Eps00_T50_5IT_30Aug.dat,0.0,True,8,1,0.7078783768607392,6
NewFloq_REF_Bro57_Eps00_T50_5IT_30Aug.dat,0.0,True,8,2,0.7139455589848929,6
NewFloq_REF_Bro57_Eps00_T50_5IT_30Aug.dat,0.0,True,8,3,0.7069349646040063,5
NewFloq_REF_Bro57_Eps00_T50_5IT_30Aug.dat,0.0,True,8,4,0.6467970396650734,5
NewFloq_REF_Bro57_Eps00_T50_5IT_30Aug.dat,0.0,True,8,5,0.8041180558393164,5
NewFloq_REF_Bro57_Eps00_T50_5IT_30Aug.dat,0.0,True,8,6,0.8289700941656724,5
NewFloq_REF_Bro57_Eps00_T50_5IT_30Aug.dat,0.0,True,8,7,0.8515958987599148,5
NewFloq_REF_Bro57_Eps00_T50_5IT_30Aug.dat,0.0,True,9,0,0.013324880829264835,5
NewFloq_REF_Bro57_Eps00_T50_5IT_30Aug.dat,0.0,True,9,1,0.022644571931369938,5
NewFloq_REF_Bro57_Eps00_T50_5IT_30Aug.dat,0.0,True,9,2,0.002856318173394779,5
NewFloq_REF_Bro57_Eps00_T50_5IT_30Aug.dat,0.0,True,9,3,0.010835940927978814,5
NewFloq_REF_Bro57_Eps00_T50_5IT_30Aug.dat,0.0,True,9,4,0.008210554588362225,5
NewFloq_REF_Bro57_Eps00_T50_5IT_30Aug.dat,0.0,True,9,5,0.025917675827128377,5
NewFloq_REF_Bro57_Eps00_T50_5IT_30Aug.dat,0.0,True,9,6,0.0019858038478620067,4
NewFloq_REF_Bro57_Eps00_T50_5IT_30Aug.dat,0.0,True,9,7,0.002072078030924195,4
NewFloq_REF_Bro57_Eps00_T50_5IT_30Aug.dat,0.0,True,9,8,0.010501931714342182,4
NewFloq_REF_Bro57_Eps00_T50_5IT_30Aug.dat,0.0,True,10,0,0.6440537442608572,5
NewFloq_REF_Bro57_Eps00_T50_5IT_30Aug.dat,0.0,True,10,1,0.6026745669958302,4
NewFloq_REF_Bro57_Eps00_T50_5IT_30Aug.dat,0.0,True,10,2,0.6171588311206735,4
NewFloq_REF_Bro57_Eps00_T50_5IT_30Aug.dat,0.0,True,10,3,0.9085296647753194,4
NewFloq_REF_Bro57_Eps00_T50_5IT_30Aug.dat,0.0,True,10,4,0.8356100570438652,4
NewFloq_REF_Bro57_Eps00_T50_5IT_30Aug.dat,0.0,True,10,5,0.8271536751730538,4
NewFloq_REF_Bro57_Eps00_T50_5IT_30Aug.dat,0.0,True,10,6,0.7539809088728058,4
NewFloq_REF_Bro57_Eps00_T50_5IT_30Aug.dat,0.0,True,10,7,0.7391365678598925,4
NewFloq_REF_Bro57_Eps00_T50_5IT_30Aug.dat,0.0,True,10,8,0.7578072563989054,4
NewFloq_REF_Bro57_Eps00_T50_5IT_30Aug.dat,0.0,True,10,9,0.7861441749761905,4
NewFloq_REF_Bro57_Eps011_T50_5IT_12Jul.dat,0.11,True,1,0,0.02343640358128064,50
NewFloq_REF_Bro57_Eps011_T50_5IT_12Jul.dat,0.11,True,2,0,0.413154678483552,25
NewFloq_REF_Bro57_Eps011_T50_5IT_12Jul.dat,0.11,True,2,1,0.4792511872293492,24
NewFloq_REF_Bro57_Eps011_T50_5IT_12Jul.dat,0.11,True,3,0,0.018814935638892166,16
NewFloq_REF_Bro57_Eps011_T50_5IT_12Jul.dat,0.11,True,3,1,0.030841956446687333,16
NewFloq_REF_Bro57_Eps011_T50_5IT_12Jul.dat,0.11,True,3,2,0.034220482789379475,16
NewFloq_REF_Bro57_Eps011_T50_5IT_12Jul.dat,0.11,True,4,0,0.44800678074817557,12
NewFloq_REF_Bro57_Eps011_T50_5IT_12Jul.dat,0.11,True,4,1,0.4369127907228232,12
NewFloq_REF_Bro57_Eps011_T50_5IT_12Jul.dat,0.11,True,4,2,0.41629600050698184,12
NewFloq_REF_Bro57_Eps011_T50_5IT_12Jul.dat,0.11,True,4,3,0.42297827908300983,11
NewFloq_REF_Bro57_Eps011_T50_5IT_12Jul.dat,0.11,True,5,0,0.03268517157199191,10
NewFloq_REF_Bro57_Eps011_T50_5IT_12Jul.dat,0.11,True,5,1,0.019440598568432256,9
NewFloq_REF_Bro57_Eps011_T50_5IT_12Jul.dat,0.11,True,5,2,0.03069354737971172,9
NewFloq_REF_Bro57_Eps011_T50_5IT_12Jul.dat,0.11,True,5,3,0.038254266461816455,9
NewFloq_REF_Bro57_Eps011_T50_5IT_12Jul.dat,0.11,True,5,4,0.016604792525221936,9
NewFloq_REF_Bro57_Eps011_T50_5IT_12Jul.dat,0.11,True,6,0,0.34764022732325267,8
NewFloq_REF_Bro57_Eps011_T50_5IT_12Jul.dat,0.11,True,6,1,0.4170699429762267,8
NewFloq_REF_Bro57_Eps011_T50_5IT_12Jul.dat,0.11,True,6,2,0.350625991159542,8
NewFloq_REF_Bro57_Eps011_T50_5IT_12Jul.dat,0.11,True,6,3,0.4301052725798841,7
NewFloq_REF_Bro57_Eps011_T50_5IT_12Jul.dat,0.11,True,6,4,0.3663162437571138,7
NewFloq_REF_Bro57_Eps011_T50_5IT_12Jul.dat,0.11,True,6,5,0.36123741164842055,7
NewFloq_REF_Bro57_Eps011_T50_5IT_12Jul.dat,0.11,True,7,0,0.03976841631798078,7
NewFloq_REF_Bro57_Eps011_T50_5IT_12Jul.dat,0.11,True,7,1,0.05596954464338635,7
NewFloq_REF_Bro57_Eps011_T50_5IT_12Jul.dat,0.11,True,7,2,0.019037090019629267,6
NewFloq_REF_Bro57_Eps011_T50_5IT_12Jul.dat,0.11,True,7,3,0.032494043564078104,6
NewFloq_REF_Bro57_Eps011_T50_5IT_12Jul.dat,0.11,True,7,4,0.028249618127103304,6
NewFloq_REF_Bro57_Eps011_T50_5IT_12Jul.dat,0.11,True,7,5,0.01729217026785269,6
NewFloq_REF_Bro57_Eps011_T50_5IT_12Jul.dat,0.11,True,7,6,0.038960909805289205,6
NewFloq_REF_Bro57_Eps011_T50_5IT_12Jul.dat,0.11,True,8,0,0.3818317171281223,6
NewFloq_REF_Bro57_Eps011_T50_5IT_12Jul.dat,0.11,True,8,1,0.3491546429861498,6
NewFloq_REF_Bro57_Eps011_T50_5IT_12Jul.dat,0.11,True,8,2,0.32125391479521986,6
NewFloq_REF_Bro57_Eps011_T50_5IT_12Jul.dat,0.11,True,8,3,0.3704015224353367,5
NewFloq_REF_Bro57_Eps011_T50_5IT_12Jul.dat,0.11,True,8,4,0.3545313597368088,5
NewFloq_REF_Bro57_Eps011_T50_5IT_12Jul.dat,0.11,True,8,5,0.4358774125286632,5
NewFloq_REF_Bro57_Eps011_T50_5IT_12Jul.dat,0.11,True,8,6,0.366459074592051,5
NewFloq_REF_Bro57_Eps011_T50_5IT_12Jul.dat,0.11,True,8,7,0.40003336228803565,5
NewFloq_REF_Bro57_Eps011_T50_5IT_12Jul.dat,0.11,True,9,0,0.02151139213543663,5
NewFloq_REF_Bro57_Eps011_T50_5IT_12Jul.dat,0.11,True,9,1,0.02747407460090957,5
NewFloq_REF_Bro57_Eps011_T50_5IT_12Jul.dat,0.11,True,9,2,0.036110608564119094,5
NewFloq_REF_Bro57_Eps011_T50_5IT_12Jul.dat,0.11,True,9,3,0.021138914746390354,5
NewFloq_REF_Bro57_Eps011_T50_5IT_12Jul.dat,0.11,True,9,4,0.03436525244250104,5
NewFloq_REF_Bro57_Eps011_T50_5IT_12Jul.dat,0.11,True,9,5,0.03934451569327542,5
NewFloq_REF_Bro57_Eps011_T50_5IT_12Jul.dat,0.11,True,9,6,0.029205962455271635,4
NewFloq_REF_Bro57_Eps011_T50_5IT_12Jul.dat,0.11,True,9,7,0.02323532483286861,4
NewFloq_REF_Bro57_Eps011_T50_5IT_12Jul.dat,0.11,True,9,8,0.02343889574343516,4
NewFloq_REF_Bro57_Eps011_T50_5IT_12Jul.dat,0.11,True,10,0,0.31219061246236957,5
NewFloq_REF_Bro57_Eps011_T50_5IT_12Jul.dat,0.11,True,10,1,0.30991865187625306,4
NewFloq_REF_Bro57_Eps011_T50_5IT_12Jul.dat,0.11,True,10,2,0.2973422970012638,4
NewFloq_REF_Bro57_Eps011_T50_5IT_12Jul.dat,0.11,True,10,3,0.34435454486743117,4
NewFloq_REF_Bro57_Eps011_T50_5IT_12Jul.dat,0.11,True,10,4,0.4034035633246079,4
NewFloq_REF_Bro57_Eps011_T50_5IT_12Jul.dat,0.11,True,10,5,0.4211212907292774,4
NewFloq_REF_Bro57_Eps011_T50_5IT_12Jul.dat,0.11,True,10,6,0.34576149458416355,4
NewFloq_REF_Bro57_Eps011_T50_5IT_12Jul.dat,0.11,True,10,7,0.4322172631754166,4
NewFloq_REF_Bro57_Eps011_T50_5IT_12Jul.dat,0.11,True,10,8,0.32425822994501635,4
NewFloq_REF_Bro57_Eps011_T50_5IT_12Jul.dat,0.11,True,10,9,0.38257968955342003,4
NewFloq_REF_Bro57_Eps011_T50_5IT_21Aug.dat,0.11,True,1,0,0.004972560326026359,50
NewFloq_REF_Bro57_Eps011_T50_5IT_21Aug.dat,0.11,True,2,0,0.5233485090282366,25
NewFloq_REF_Bro57_Eps011_T50_5IT_21Aug.dat,0.11,True,2,1,0.5157200919555006,24
NewFloq_REF_Bro57_Eps011_T50_5IT_21Aug.dat,0.11,True,3,0,0.008922306148199808,16
NewFloq_REF_Bro57_Eps011_T50_5IT_21Aug.dat,0.11,True,3,1,0.005755644587527529,16
NewFloq_REF_Bro57_Eps011_T50_5IT_21Aug.dat,0.11,True,3,2,0.005955774728272882,16
NewFloq_REF_Bro57_Eps011_T50_5IT_21Aug.dat,0.11,True,4,0,0.47007060878195,12
NewFloq_REF_Bro57_Eps011_T50_5IT_21Aug.dat,0.11,True,4,1,0.4700876111876617,12
NewFloq_REF_Bro57_Eps011_T50_5IT_21Aug.dat,0.11,True,4,2,0.4732350538949665,12
NewFloq_REF_Bro57_Eps011_T50_5IT_21Aug.dat,0.11,True,4,3,0.4696468540946548,11
NewFloq_REF_Bro57_Eps011_T50_5IT_21Aug.dat,0.11,True,5,0,0.010777412679169826,10
NewFloq_REF_Bro57_Eps011_T50_5IT_21Aug.dat,0.11,True,5,1,0.008825225528282911,9
NewFloq_REF_Bro57_Eps011_T50_5IT_21Aug.dat,0.11,True,5,2,0.008508986396526069,9
NewFloq_REF_Bro57_Eps011_T50_5IT_21Aug.dat,0.11,True,5,3,0.01074203095281228,9
NewFloq_REF_Bro57_Eps011_T50_5IT_21Aug.dat,0.11,True,5,4,0.009081320694502616,9
NewFloq_REF_Bro57_Eps011_T50_5IT_21Aug.dat,0.11,True,6,0,0.4150845148651724,8
NewFloq_REF_Bro57_Eps011_T50_5IT_21Aug.dat,0.11,True,6,1,0.4601426125578827,8
NewFloq_REF_Bro57_Eps011_T50_5IT_21Aug.dat,0.11,True,6,2,0.4592980195540917,8
NewFloq_REF_Bro57_Eps011_T50_5IT_21Aug.dat,0.11,True,6,3,0.4367356907355323,7
NewFloq_REF_Bro57_Eps011_T50_5IT_21Aug.dat,0.11,True,6,4,0.44203490662443495,7
NewFloq_REF_Bro57_Eps011_T50_5IT_21Aug.dat,0.11,True,6,5,0.4429746358156198,7
NewFloq_REF_Bro57_Eps011_T50_5IT_21Aug.dat,0.11,True,7,0,0.012529868208009814,7
NewFloq_REF_Bro57_Eps011_T50_5IT_21Aug.dat,0.11,True,7,1,0.015011270906543936,7
NewFloq_REF_Bro57_Eps011_T50_5IT_21Aug.dat,0.11,True,7,2,0.012813685951913846,6
NewFloq_REF_Bro57_Eps011_T50_5IT_21Aug.dat,0.11,True,7,3,0.013699990716937024,6
NewFloq_REF_Bro57_Eps011_T50_5IT_21Aug.dat,0.11,True,7,4,0.01202212050360569,6
NewFloq_REF_Bro57_Eps011_T50_5IT_21Aug.dat,0.11,True,7,5,0.009890928283510158,6
NewFloq_REF_Bro57_Eps011_T50_5IT_21Aug.dat,0.11,True,7,6,0.013743598692870179,6
NewFloq_REF_Bro57_Eps011_T50_5IT_21Aug.dat,0.11,True,8,0,0.4142943257270446,6
NewFloq_REF_Bro57_Eps011_T50_5IT_21Aug.dat,0.11,True,8,1,0.4129799277697082,6
NewFloq_REF_Bro57_Eps011_T50_5IT_21Aug.dat,0.11,True,8,2,0.3989592374206603,6
NewFloq_REF_Bro57_Eps011_T50_5IT_21Aug.dat,0.11,True,8,3,0.4021243619902946,5
NewFloq_REF_Bro57_Eps011_T50_5IT_21Aug.dat,0.11,True,8,4,0.391392192656127,5
NewFloq_REF_Bro57_Eps011_T50_5IT_21Aug.dat,0.11,True,8,5,0.4513234657675184,5
NewFloq_REF_Bro57_Eps011_T50_5IT_21Aug.dat,0.11,True,8,6,0.464829901072104,5
NewFloq_REF_Bro57_Eps011_T50_5IT_21Aug.dat,0.11,True,8,7,0.46098163839597533,5
NewFloq_REF_Bro57_Eps011_T50_5IT_21Aug.dat,0.11,True,9,0,0.019064953263924798,5
NewFloq_REF_Bro57_Eps011_T50_5IT_21Aug.dat,0.11,True,9,1,0.014441973805019853,5
NewFloq_REF_Bro57_Eps011_T50_5IT_21Aug.dat,0.11,True,9,2,0.012985420511996443,5
NewFloq_REF_Bro57_Eps011_T50_5IT_21Aug.dat,0.11,True,9,3,0.016594754979526664,5
NewFloq_REF_Bro57_Eps011_T50_5IT_21Aug.dat,0.11,True,9,4,0.01521710769530597,5
NewFloq_REF_Bro57_Eps011_T50_5IT_21Aug.dat,0.11,True,9,5,0.018689228589200607,5
NewFloq_REF_Bro57_Eps011_T50_5IT_21Aug.dat,0.11,True,9,6,0.017356843733055113,4
NewFloq_REF_Bro57_Eps011_T50_5IT_21Aug.dat,0.11,True,9,7,0.014901350101443528,4
NewFloq_REF_Bro57_Eps011_T50_5IT_21Aug.dat,0.11,True,9,8,0.013508360467475005,4
NewFloq_REF_Bro57_Eps011_T50_5IT_21Aug.dat,0.11,True,10,0,0.3685466205428448,5
NewFloq_REF_Bro57_Eps011_T50_5IT_21Aug.dat,0.11,True,10,1,0.361832318561707,4
NewFloq_REF_Bro57_Eps011_T50_5IT_21Aug.dat,0.11,True,10,2,0.3457828082762488,4
NewFloq_REF_Bro57_Eps011_T50_5IT_21Aug.dat,0.11,True,10,3,0.42155494441129654,4
NewFloq_REF_Bro57_Eps011_T50_5IT_21Aug.dat,0.11,True,10,4,0.4392799761098781,4
NewFloq_REF_Bro57_Eps011_T50_5IT_21Aug.dat,0.11,True,10,5,0.43797055114414934,4
NewFloq_REF_Bro57_Eps011_T50_5IT_21Aug.dat,0.11,True,10,6,0.44327639284370257,4
NewFloq_REF_Bro57_Eps011_T50_5IT_21Aug.dat,0.11,True,10,7,0.44371946146133906,4
NewFloq_REF_Bro57_Eps011_T50_5IT_21Aug.dat,0.11,True,10,8,0.4219664562457605,4
NewFloq_REF_Bro57_Eps011_T50_5IT_21Aug.dat,0.11,True,10,9,0.4248849434898962,4
NewFloq_REF_Bro57_Eps011_T50_5IT_9Jul.dat,0.11,True,1,0,0.016261319561540262,50
NewFloq_REF_Bro57_Eps011_T50_5IT_9Jul.dat,0.11,True,2,0,0.6555941959165833,25
NewFloq_REF_Bro57_Eps011_T50_5IT_9Jul.dat,0.11,True,2,1,0.6800931587615061,24
NewFloq_REF_Bro57_Eps011_T50_5IT_9Jul.dat,0.11,True,3,0,0.020956748911244733,16
NewFloq_REF_Bro57_Eps011_T50_5IT_9Jul.dat,0.11,True,3,1,0.020139453343674174,16
NewFloq_REF_Bro57_Eps011_T50_5IT_9Jul.dat,0.11,True,3,2,0.02433470418137338,16
NewFloq_REF_Bro57_Eps011_T50_5IT_9Jul.dat,0.11,True,4,0,0.5677259353971752,12
NewFloq_REF_Bro57_Eps011_T50_5IT_9Jul.dat,0.11,True,4,1,0.6166882494866356,12
NewFloq_REF_Bro57_Eps011_T50_5IT_9Jul.dat,0.11,True,4,2,0.6366062855389616,12
NewFloq_REF_Bro57_Eps011_T50_5IT_9Jul.dat,0.11,True,4,3,0.6278768387893616,11
NewFloq_REF_Bro57_Eps011_T50_5IT_9Jul.dat,0.11,True,5,0,0.02046395896189792,10
NewFloq_REF_Bro57_Eps011_T50_5IT_9Jul.dat,0.11,True,5,1,0.025390021542750035,9
NewFloq_REF_Bro57_Eps011_T50_5IT_9Jul.dat,0.11,True,5,2,0.025481052632526816,9
NewFloq_REF_Bro57_Eps011_T50_5IT_9Jul.dat,0.11,True,5,3,0.03872707606627604,9
NewFloq_REF_Bro57_Eps011_T50_5IT_9Jul.dat,0.11,True,5,4,0.02778286239573671,9
NewFloq_REF_Bro57_Eps011_T50_5IT_9Jul.dat,0.11,True,6,0,0.5000546093729568,8
NewFloq_REF_Bro57_Eps011_T50_5IT_9Jul.dat,0.11,True,6,1,0.6044392878485028,8
NewFloq_REF_Bro57_Eps011_T50_5IT_9Jul.dat,0.11,True,6,2,0.553522761207055,8
NewFloq_REF_Bro57_Eps011_T50_5IT_9Jul.dat,0.11,True,6,3,0.6096782128146101,7
NewFloq_REF_Bro57_Eps011_T50_5IT_9Jul.dat,0.11,True,6,4,0.5637530156057865,7
NewFloq_REF_Bro57_Eps011_T50_5IT_9Jul.dat,0.11,True,6,5,0.5369903857630771,7
NewFloq_REF_Bro57_Eps011_T50_5IT_9Jul.dat,0.11,True,7,0,0.041864618442630966,7
NewFloq_REF_Bro57_Eps011_T50_5IT_9Jul.dat,0.11,True,7,1,0.023503061598446204,7
NewFloq_REF_Bro57_Eps011_T50_5IT_9Jul.dat,0.11,True,7,2,0.020127660816762132,6
NewFloq_REF_Bro57_Eps011_T50_5IT_9Jul.dat,0.11,True,7,3,0.025062491723781843,6
NewFloq_REF_Bro57_Eps011_T50_5IT_9Jul.dat,0.11,True,7,4,0.0108265549082427,6
NewFloq_REF_Bro57_Eps011_T50_5IT_9Jul.dat,0.11,True,7,5,0.030294093062875033,6
NewFloq_REF_Bro57_Eps011_T50_5IT_9Jul.dat,0.11,True,7,6,0.061164093869096735,6
NewFloq_REF_Bro57_Eps011_T50_5IT_9Jul.dat,0.11,True,8,0,0.48869679447796543,6
NewFloq_REF_Bro57_Eps011_T50_5IT_9Jul.dat,0.11,True,8,1,0.4800209417475145,6
NewFloq_REF_Bro57_Eps011_T50_5IT_9Jul.dat,0.11,True,8,2,0.48810117500566186,6
NewFloq_REF_Bro57_Eps011_T50_5IT_9Jul.dat,0.11,True,8,3,0.5003537136818443,5
NewFloq_REF_Bro57_Eps011_T50_5IT_9Jul.dat,0.11,True,8,4,0.4816167315156137,5
NewFloq_REF_Bro57_Eps011_T50_5IT_9Jul.dat,0.11,True,8,5,0.6622675603632666,5
NewFloq_REF_Bro57_Eps011_T50_5IT_9Jul.dat,0.11,True,8,6,0.6018805903072467,5
NewFloq_REF_Bro57_Eps011_T50_5IT_9Jul.dat,0.11,True,8,7,0.6543497056016511,5
NewFloq_REF_Bro57_Eps011_T50_5IT_9Jul.dat,0.11,True,9,0,0.014300226572609875,5
NewFloq_REF_Bro57_Eps011_T50_5IT_9Jul.dat,0.11,True,9,1,0.010934538449428153,5
NewFloq_REF_Bro57_Eps011_T50_5IT_9Jul.dat,0.11,True,9,2,0.029810282136638055,5
NewFloq_REF_Bro57_Eps011_T50_5IT_9Jul.dat,0.11,True,9,3,0.02900333039801667,5
NewFloq_REF_Bro57_Eps011_T50_5IT_9Jul.dat,0.11,True,9,4,0.05476513246513558,5
NewFloq_REF_Bro57_Eps011_T50_5IT_9Jul.dat,0.11,True,9,5,0.061850846911132185,5
NewFloq_REF_Bro57_Eps011_T50_5IT_9Jul.dat,0.11,True,9,6,0.02875189988562516,4
NewFloq_REF_Bro57_Eps011_T50_5IT_9Jul.dat,0.11,True,9,7,0.02493939131379517,4
NewFloq_REF_Bro57_Eps011_T50_5IT_9Jul.dat,0.11,True,9,8,0.026541213551353957,4
NewFloq_REF_Bro57_Eps011_T50_5IT_9Jul.dat,0.11,True,10,0,0.43656095358461044,5
NewFloq_REF_Bro57_Eps011_T50_5IT_9Jul.dat,0.11,True,10,1,0.4219228288602488,4
NewFloq_REF_Bro57_Eps011_T50_5IT_9Jul.dat,0.11,True,10,2,0.3947980838923314,4
NewFloq_REF_Bro57_Eps011_T50_5IT_9Jul.dat,0.11,True,10,3,0.5952347116451988,4
NewFloq_REF_Bro57_Eps011_T50_5IT_9Jul.dat,0.11,True,10,4,0.6030413362698444,4
NewFloq_REF_Bro57_Eps011_T50_5IT_9Jul.dat,0.11,True,10,5,0.6338180233905784,4
NewFloq_REF_Bro57_Eps011_T50_5IT_9Jul.dat,0.11,True,10,6,0.6284327445517388,4
NewFloq_REF_Bro57_Eps011_T50_5IT_9Jul.dat,0.11,True,10,7,0.6240205687673733,4
NewFloq_REF_Bro57_Eps011_T50_5IT_9Jul.dat,0.11,True,10,8,0.4928689218241761,4
NewFloq_REF_Bro57_Eps011_T50_5IT_9Jul.dat,0.11,True,10,9,0.5633304613543411,4
NewFloq_REF_Bro57_Eps012_T50_5IT_02Sep.dat,0.12,True,1,0,0.02012324983686968,50
NewFloq_REF_Bro57_Eps012_T50_5IT_02Sep.dat,0.12,True,2,0,0.46948190881225765,25
NewFloq_REF_Bro57_Eps012_T50_5IT_02Sep.dat,0.12,True,2,1,0.4971881297339933,24
NewFloq_REF_Bro57_Eps012_T50_5IT_02Sep.dat,0.12,True,3,0,0.045483347394292224,16
NewFloq_REF_Bro57_Eps012_T50_5IT_02Sep.dat,0.12,True,3,1,0.04045218071319653,16
NewFloq_REF_Bro57_Eps012_T50_5IT_02Sep.dat,0.12,True,3,2,0.0405066208894747,16
NewFloq_REF_Bro57_Eps012_T50_5IT_02Sep.dat,0.12,True,4,0,0.38367900333943283,12
NewFloq_REF_Bro57_Eps012_T50_5IT_02Sep.dat,0.12,True,4,1,0.4186320974087774,12
NewFloq_REF_Bro57_Eps012_T50_5IT_02Sep.dat,0.12,True,4,2,0.41577772588839207,12
NewFloq_REF_Bro57_Eps012_T50_5IT_02Sep.dat,0.12,True,4,3,0.4080642150104184,11
NewFloq_REF_Bro57_Eps012_T50_5IT_02Sep.dat,0.12,True,5,0,0.06078840474548575,10
NewFloq_REF_Bro57_Eps012_T50_5IT_02Sep.dat,0.12,True,5,1,0.015239779632498528,9
NewFloq_REF_Bro57_Eps012_T50_5IT_02Sep.dat,0.12,True,5,2,0.054665826593132606,9
NewFloq_REF_Bro57_Eps012_T50_5IT_02Sep.dat,0.12,True,5,3,0.0708747877992569,9
NewFloq_REF_Bro57_Eps012_T50_5IT_02Sep.dat,0.12,True,5,4,0.06247874285259219,9
NewFloq_REF_Bro57_Eps012_T50_5IT_02Sep.dat,0.12,True,6,0,0.31556477083433393,8
NewFloq_REF_Bro57_Eps012_T50_5IT_02Sep.dat,0.12,True,6,1,0.35921216665327316,8
NewFloq_REF_Bro57_Eps012_T50_5IT_02Sep.dat,0.12,True,6,2,0.32956945637835233,8
NewFloq_REF_Bro57_Eps012_T50_5IT_02Sep.dat,0.12,True,6,3,0.4169817146689882,7
NewFloq_REF_Bro57_Eps012_T50_5IT_02Sep.dat,0.12,True,6,4,0.3926890249587601,7
NewFloq_REF_Bro57_Eps012_T50_5IT_02Sep.dat,0.12,True,6,5,0.3391398930983813,7
NewFloq_REF_Bro57_Eps012_T50_5IT_02Sep.dat,0.12,True,7,0,0.07346952053682121,7
NewFloq_REF_Bro57_Eps012_T50_5IT_02Sep.dat,0.12,True,7,1,0.08239966784669206,7
NewFloq_REF_Bro57_Eps012_T50_5IT_02Sep.dat,0.12,True,7,2,0.018232101143373165,6
NewFloq_REF_Bro57_Eps012_T50_5IT_02Sep.dat,0.12,True,7,3,0.01877633606773252,6
NewFloq_REF_Bro57_Eps012_T50_5IT_02Sep.dat,0.12,True,7,4,0.017072004162433492,6
NewFloq_REF_Bro57_Eps012_T50_5IT_02Sep.dat,0.12,True,7,5,0.07307300196410284,6
NewFloq_REF_Bro57_Eps012_T50_5IT_02Sep.dat,0.12,True,7,6,0.10271633025677544,6
NewFloq_REF_Bro57_Eps012_T50_5IT_02Sep.dat,0.12,True,8,0,0.28293201780047533,6
NewFloq_REF_Bro57_Eps012_T50_5IT_02Sep.dat,0.12,True,8,1,0.2950747854967691,6
NewFloq_REF_Bro57_Eps012_T50_5IT_02Sep.dat,0.12,True,8,2,0.3013822350298357,6
NewFloq_REF_Bro57_Eps012_T50_5IT_02Sep.dat,0.12,True,8,3,0.3364783559410905,5
NewFloq_REF_Bro57_Eps012_T50_5IT_02Sep.dat,0.12,True,8,4,0.31127576678038704,5
NewFloq_REF_Bro57_Eps012_T50_5IT_02Sep.dat,0.12,True,8,5,0.3853335294184787,5
NewFloq_REF_Bro57_Eps012_T50_5IT_02Sep.dat,0.12,True,8,6,0.37553028546840006,5
NewFloq_REF_Bro57_Eps012_T50_5IT_02Sep.dat,0.12,True,8,7,0.3351748013176221,5
NewFloq_REF_Bro57_Eps012_T50_5IT_02Sep.dat,0.12,True,9,0,0.02119994376617751,5
NewFloq_REF_Bro57_Eps012_T50_5IT_02Sep.dat,0.12,True,9,1,0.019522854123331594,5
NewFloq_REF_Bro57_Eps012_T50_5IT_02Sep.dat,0.12,True,9,2,0.07988898829782938,5
NewFloq_REF_Bro57_Eps012_T50_5IT_02Sep.dat,0.12,True,9,3,0.09424032858103655,5
NewFloq_REF_Bro57_Eps012_T50_5IT_02Sep.dat,0.12,True,9,4,0.09158252969181527,5
NewFloq_REF_Bro57_Eps012_T50_5IT_02Sep.dat,0.12,True,9,5,0.10031995271852798,5
NewFloq_REF_Bro57_Eps012_T50_5IT_02Sep.dat,0.12,True,9,6,0.020450895027756297,4
NewFloq_REF_Bro57_Eps012_T50_5IT_02Sep.dat,0.12,True,9,7,0.020203394631511204,4
NewFloq_REF_Bro57_Eps012_T50_5IT_02Sep.dat,0.12,True,9,8,0.023192135356357998,4
NewFloq_REF_Bro57_Eps012_T50_5IT_02Sep.dat,0.12,True,10,0,0.2266107315791362,5
NewFloq_REF_Bro57_Eps012_T50_5IT_02Sep.dat,0.12,True,10,1,0.28325496000626593,4
NewFloq_REF_Bro57_Eps012_T50_5IT_02Sep.dat,0.12,True,10,2,0.2597599543048506,4
NewFloq_REF_Bro57_Eps012_T50_5IT_02Sep.dat,0.12,True,10,3,0.33932998999981856,4
NewFloq_REF_Bro57_Eps012_T50_5IT_02Sep.dat,0.12,True,10,4,0.3394610061585029,4
NewFloq_REF_Bro57_Eps012_T50_5IT_02Sep.dat,0.12,True,10,5,0.35591017929230273,4
NewFloq_REF_Bro57_Eps012_T50_5IT_02Sep.dat,0.12,True,10,6,0.3514415728868091,4
NewFloq_REF_Bro57_Eps012_T50_5IT_02Sep.dat,0.12,True,10,7,0.2786569574037209,4
NewFloq_REF_Bro57_Eps012_T50_5IT_02Sep.dat,0.12,True,10,8,0.25451502716494445,4
NewFloq_REF_Bro57_Eps012_T50_5IT_02Sep.dat,0.12,True,10,9,0.290675973953476,4
NewFloq_REF_Bro57_Eps012_T50_5IT_12Jul.dat,0.12,True,1,0,0.004108679154238388,50
NewFloq_REF_Bro57_Eps012_T50_5IT_12Jul.dat,0.12,True,2,0,0.7200089624854199,25
NewFloq_REF_Bro57_Eps012_T50_5IT_12Jul.dat,0.12,True,2,1,0.7170203764886702,24
NewFloq_REF_Bro57_Eps012_T50_5IT_12Jul.dat,0.12,True,3,0,0.007235047524045567,16
NewFloq_REF_Bro57_Eps012_T50_5IT_12Jul.dat,0.12,True,3,1,0.00707052292119134,16
NewFloq_REF_Bro57_Eps012_T50_5IT_12Jul.dat,0.12,True,3,2,0.00673970242413541,16
NewFloq_REF_Bro57_Eps012_T50_5IT_12Jul.dat,0.12,True,4,0,0.6308796574989612,12
NewFloq_REF_Bro57_Eps012_T50_5IT_12Jul.dat,0.12,True,4,1,0.6742870226925103,12
NewFloq_REF_Bro57_Eps012_T50_5IT_12Jul.dat,0.12,True,4,2,0.6646239113193059,12
NewFloq_REF_Bro57_Eps012_T50_5IT_12Jul.dat,0.12,True,4,3,0.6548354033175375,11
NewFloq_REF_Bro57_Eps012_T50_5IT_12Jul.dat,0.12,True,5,0,0.011669391785079693,10
NewFloq_REF_Bro57_Eps012_T50_5IT_12Jul.dat,0.12,True,5,1,0.01128493682473886,9
NewFloq_REF_Bro57_Eps012_T50_5IT_12Jul.dat,0.12,True,5,2,0.009996432775406136,9
NewFloq_REF_Bro57_Eps012_T50_5IT_12Jul.dat,0.12,True,5,3,0.009657298966751113,9
NewFloq_REF_Bro57_Eps012_T50_5IT_12Jul.dat,0.12,True,5,4,0.010411108968299285,9
NewFloq_REF_Bro57_Eps012_T50_5IT_12Jul.dat,0.12,True,6,0,0.5634630007878725,8
NewFloq_REF_Bro57_Eps012_T50_5IT_12Jul.dat,0.12,True,6,1,0.6443255328538651,8
NewFloq_REF_Bro57_Eps012_T50_5IT_12Jul.dat,0.12,True,6,2,0.6299380928394199,8
NewFloq_REF_Bro57_Eps012_T50_5IT_12Jul.dat,0.12,True,6,3,0.6248694268399172,7
NewFloq_REF_Bro57_Eps012_T50_5IT_12Jul.dat,0.12,True,6,4,0.6154051243210393,7
NewFloq_REF_Bro57_Eps012_T50_5IT_12Jul.dat,0.12,True,6,5,0.605412432752283,7
NewFloq_REF_Bro57_Eps012_T50_5IT_12Jul.dat,0.12,True,7,0,0.015096050978897903,7
NewFloq_REF_Bro57_Eps012_T50_5IT_12Jul.dat,0.12,True,7,1,0.015325852247189806,7
NewFloq_REF_Bro57_Eps012_T50_5IT_12Jul.dat,0.12,True,7,2,0.014575529581249734,6
NewFloq_REF_Bro57_Eps012_T50_5IT_12Jul.dat,0.12,True,7,3,0.013146165616025968,6
NewFloq_REF_Bro57_Eps012_T50_5IT_12Jul.dat,0.12,True,7,4,0.013492620923281998,6
NewFloq_REF_Bro57_Eps012_T50_5IT_12Jul.dat,0.12,True,7,5,0.011224404518162917,6
NewFloq_REF_Bro57_Eps012_T50_5IT_12Jul.dat,0.12,True,7,6,0.014426358831207686,6
NewFloq_REF_Bro57_Eps012_T50_5IT_12Jul.dat,0.12,True,8,0,0.5600828868498595,6
NewFloq_REF_Bro57_Eps012_T50_5IT_12Jul.dat,0.12,True,8,1,0.5701309971809372,6
NewFloq_REF_Bro57_Eps012_T50_5IT_12Jul.dat,0.12,True,8,2,0.5525474495986075,6
NewFloq_REF_Bro57_Eps012_T50_5IT_12Jul.dat,0.12,True,8,3,0.5367555602630756,5
NewFloq_REF_Bro57_Eps012_T50_5IT_12Jul.dat,0.12,True,8,4,0.5291592417045896,5
NewFloq_REF_Bro57_Eps012_T50_5IT_12Jul.dat,0.12,True,8,5,0.6446427661968773,5
NewFloq_REF_Bro57_Eps012_T50_5IT_12Jul.dat,0.12,True,8,6,0.6330547186808004,5
NewFloq_REF_Bro57_Eps012_T50_5IT_12Jul.dat,0.12,True,8,7,0.6369926734874959,5
NewFloq_REF_Bro57_Eps012_T50_5IT_12Jul.dat,0.12,True,9,0,0.01653958699856084,5
NewFloq_REF_Bro57_Eps012_T50_5IT_12Jul.dat,0.12,True,9,1,0.014859644934131815,5
NewFloq_REF_Bro57_Eps012_T50_5IT_12Jul.dat,0.12,True,9,2,0.017504071695478546,5
NewFloq_REF_Bro57_Eps012_T50_5IT_12Jul.dat,0.12,True,9,3,0.015369743350634346,5
NewFloq_REF_Bro57_Eps012_T50_5IT_12Jul.dat,0.12,True,9,4,0.023967154122031757,5
NewFloq_REF_Bro57_Eps012_T50_5IT_12Jul.dat,0.12,True,9,5,0.022777940758758143,5
NewFloq_REF_Bro57_Eps012_T50_5IT_12Jul.dat,0.12,True,9,6,0.01972465165829175,4
NewFloq_REF_Bro57_Eps012_T50_5IT_12Jul.dat,0.12,True,9,7,0.014974453501169153,4
NewFloq_REF_Bro57_Eps012_T50_5IT_12Jul.dat,0.12,True,9,8,0.01582669260226317,4
NewFloq_REF_Bro57_Eps012_T50_5IT_12Jul.dat,0.12,True,10,0,0.47057168789128057,5
NewFloq_REF_Bro57_Eps012_T50_5IT_12Jul.dat,0.12,True,10,1,0.43671410678766487,4
NewFloq_REF_Bro57_Eps012_T50_5IT_12Jul.dat,0.12,True,10,2,0.4192673085844669,4
NewFloq_REF_Bro57_Eps012_T50_5IT_12Jul.dat,0.12,True,10,3,0.6495678363806683,4
NewFloq_REF_Bro57_Eps012_T50_5IT_12Jul.dat,0.12,True,10,4,0.6297772655360768,4
NewFloq_REF_Bro57_Eps012_T50_5IT_12Jul.dat,0.12,True,10,5,0.6252787224083737,4
NewFloq_REF_Bro57_Eps012_T50_5IT_12Jul.dat,0.12,True,10,6,0.6205432251302437,4
NewFloq_REF_Bro57_Eps012_T50_5IT_12Jul.dat,0.12,True,10,7,0.6207900110490743,4
NewFloq_REF_Bro57_Eps012_T50_5IT_12Jul.dat,0.12,True,10,8,0.5842084014789588,4
NewFloq_REF_Bro57_Eps012_T50_5IT_12Jul.dat,0.12,True,10,9,0.5579987975196556,4
NewFloq_REF_Bro57_Eps012_T50_5IT_21Aug.dat,0.12,True,1,0,0.022675257430185596,50
NewFloq_REF_Bro57_Eps012_T50_5IT_21Aug.dat,0.12,True,2,0,0.3838021856464897,25
NewFloq_REF_Bro57_Eps012_T50_5IT_21Aug.dat,0.12,True,2,1,0.4002373982792818,24
NewFloq_REF_Bro57_Eps012_T50_5IT_21Aug.dat,0.12,True,3,0,0.015240108617521361,16
NewFloq_REF_Bro57_Eps012_T50_5IT_21Aug.dat,0.12,True,3,1,0.016175293535279838,16
NewFloq_REF_Bro57_Eps012_T50_5IT_21Aug.dat,0.12,True,3,2,0.021322676095572778,16
NewFloq_REF_Bro57_Eps012_T50_5IT_21Aug.dat,0.12,True,4,0,0.33421790638961363,12
NewFloq_REF_Bro57_Eps012_T50_5IT_21Aug.dat,0.12,True,4,1,0.3518618945786341,12
NewFloq_REF_Bro57_Eps012_T50_5IT_21Aug.dat,0.12,True,4,2,0.30721136602436533,12
NewFloq_REF_Bro57_Eps012_T50_5IT_21Aug.dat,0.12,True,4,3,0.34395041564173146,11
NewFloq_REF_Bro57_Eps012_T50_5IT_21Aug.dat,0.12,True,5,0,0.01806881616498652,10
NewFloq_REF_Bro57_Eps012_T50_5IT_21Aug.dat,0.12,True,5,1,0.014367224219969107,9
NewFloq_REF_Bro57_Eps012_T50_5IT_21Aug.dat,0.12,True,5,2,0.009987842616438227,9
NewFloq_REF_Bro57_Eps012_T50_5IT_21Aug.dat,0.12,True,5,3,0.015028307555596433,9
NewFloq_REF_Bro57_Eps012_T50_5IT_21Aug.dat,0.12,True,5,4,0.02146161904666788,9
NewFloq_REF_Bro57_Eps012_T50_5IT_21Aug.dat,0.12,True,6,0,0.27891274348463696,8
NewFloq_REF_Bro57_Eps012_T50_5IT_21Aug.dat,0.12,True,6,1,0.3182061247662257,8
NewFloq_REF_Bro57_Eps012_T50_5IT_21Aug.dat,0.12,True,6,2,0.28057183816292197,8
NewFloq_REF_Bro57_Eps012_T50_5IT_21Aug.dat,0.12,True,6,3,0.3238666235012682,7
NewFloq_REF_Bro57_Eps012_T50_5IT_21Aug.dat,0.12,True,6,4,0.30584439781435463,7
NewFloq_REF_Bro57_Eps012_T50_5IT_21Aug.dat,0.12,True,6,5,0.3308416560262043,7
NewFloq_REF_Bro57_Eps012_T50_5IT_21Aug.dat,0.12,True,7,0,0.012927078932562518,7
NewFloq_REF_Bro57_Eps012_T50_5IT_21Aug.dat,0.12,True,7,1,0.017361401366571338,7
NewFloq_REF_Bro57_Eps012_T50_5IT_21Aug.dat,0.12,True,7,2,0.024763253706817517,6
NewFloq_REF_Bro57_Eps012_T50_5IT_21Aug.dat,0.12,True,7,3,0.015964123636232386,6
NewFloq_REF_Bro57_Eps012_T50_5IT_21Aug.dat,0.12,True,7,4,0.024336456377487815,6
NewFloq_REF_Bro57_Eps012_T50_5IT_21Aug.dat,0.12,True,7,5,0.010798769096129668,6
NewFloq_REF_Bro57_Eps012_T50_5IT_21Aug.dat,0.12,True,7,6,0.024850678950171002,6
NewFloq_REF_Bro57_Eps012_T50_5IT_21Aug.dat,0.12,True,8,0,0.2730209690094351,6
NewFloq_REF_Bro57_Eps012_T50_5IT_21Aug.dat,0.12,True,8,1,0.3085068367611646,6
NewFloq_REF_Bro57_Eps012_T50_5IT_21Aug.dat,0.12,True,8,2,0.27099403246035875,6
NewFloq_REF_Bro57_Eps012_T50_5IT_21Aug.dat,0.12,True,8,3,0.291298570418526,5
NewFloq_REF_Bro57_Eps012_T50_5IT_21Aug.dat,0.12,True,8,4,0.27308088435063294,5
NewFloq_REF_Bro57_Eps012_T50_5IT_21Aug.dat,0.12,True,8,5,0.30231730156356545,5
NewFloq_REF_Bro57_Eps012_T50_5IT_21Aug.dat,0.12,True,8,6,0.25516668109965135,5
NewFloq_REF_Bro57_Eps012_T50_5IT_21Aug.dat,0.12,True,8,7,0.29282810811488347,5
NewFloq_REF_Bro57_Eps012_T50_5IT_21Aug.dat,0.12,True,9,0,0.019020360375823935,5
NewFloq_REF_Bro57_Eps012_T50_5IT_21Aug.dat,0.12,True,9,1,0.021199724141432973,5
NewFloq_REF_Bro57_Eps012_T50_5IT_21Aug.dat,0.12,True,9,2,0.015312847833381233,5
NewFloq_REF_Bro57_Eps012_T50_5IT_21Aug.dat,0.12,True,9,3,0.029876353194325096,5
NewFloq_REF_Bro57_Eps012_T50_5IT_21Aug.dat,0.12,True,9,4,0.01639919548799408,5
NewFloq_REF_Bro57_Eps012_T50_5IT_21Aug.dat,0.12,True,9,5,0.028731592727519628,5
NewFloq_REF_Bro57_Eps012_T50_5IT_21Aug.dat,0.12,True,9,6,0.014131641865555388,4
NewFloq_REF_Bro57_Eps012_T50_5IT_21Aug.dat,0.12,True,9,7,0.016030221343090633,4
NewFloq_REF_Bro57_Eps012_T50_5IT_21Aug.dat,0.12,True,9,8,0.022613428965264755,4
NewFloq_REF_Bro57_Eps012_T50_5IT_21Aug.dat,0.12,True,10,0,0.21600979076617755,5
NewFloq_REF_Bro57_Eps012_T50_5IT_21Aug.dat,0.12,True,10,1,0.26546178407681764,4
NewFloq_REF_Bro57_Eps012_T50_5IT_21Aug.dat,0.12,True,10,2,0.2620635826427964,4
NewFloq_REF_Bro57_Eps012_T50_5IT_21Aug.dat,0.12,True,10,3,0.28146960955392875,4
NewFloq_REF_Bro57_Eps012_T50_5IT_21Aug.dat,0.12,True,10,4,0.2633322052609561,4
NewFloq_REF_Bro57_Eps012_T50_5IT_21Aug.dat,0.12,True,10,5,0.28615671894601363,4
NewFloq_REF_Bro57_Eps012_T50_5IT_21Aug.dat,0.12,True,10,6,0.2768904045580179,4
NewFloq_REF_Bro57_Eps012_T50_5IT_21Aug.dat,0.12,True,10,7,0.3012871463391531,4
NewFloq_REF_Bro57_Eps012_T50_5IT_21Aug.dat,0.12,True,10,8,0.2557869080801376,4
NewFloq_REF_Bro57_Eps012_T50_5IT_21Aug.dat,0.12,True,10,9,0.2659545397022602,4
NewFloq_REF_Bro57_Eps012_T50_5IT_30Aug.dat,0.12,True,1,0,0.012215488615990954,50
NewFloq_REF_Bro57_Eps012_T50_5IT_30Aug.dat,0.12,True,2,0,0.38117278585565,25
NewFloq_REF_Bro57_Eps012_T50_5IT_30Aug.dat,0.12,True,2,1,0.3842075152437437,24
NewFloq_REF_Bro57_Eps012_T50_5IT_30Aug.dat,0.12,True,3,0,0.008556328540473107,16
NewFloq_REF_Bro57_Eps012_T50_5IT_30Aug.dat,0.12,True,3,1,0.016123002592253636,16
NewFloq_REF_Bro57_Eps012_T50_5IT_30Aug.dat,0.12,True,3,2,0.012223934421477673,16
NewFloq_REF_Bro57_Eps012_T50_5IT_30Aug.dat,0.12,True,4,0,0.3608310124110134,12
NewFloq_REF_Bro57_Eps012_T50_5IT_30Aug.dat,0.12,True,4,1,0.35984173123804514,12
NewFloq_REF_Bro57_Eps012_T50_5IT_30Aug.dat,0.12,True,4,2,0.3171267190466316,12
NewFloq_REF_Bro57_Eps012_T50_5IT_30Aug.dat,0.12,True,4,3,0.3237152256663048,11
NewFloq_REF_Bro57_Eps012_T50_5IT_30Aug.dat,0.12,True,5,0,0.013690730049250418,10
NewFloq_REF_Bro57_Eps012_T50_5IT_30Aug.dat,0.12,True,5,1,0.015236296091888769,9
NewFloq_REF_Bro57_Eps012_T50_5IT_30Aug.dat,0.12,True,5,2,0.016051545971693212,9
NewFloq_REF_Bro57_Eps012_T50_5IT_30Aug.dat,0.12,True,5,3,0.02292877860061976,9
NewFloq_REF_Bro57_Eps012_T50_5IT_30Aug.dat,0.12,True,5,4,0.012563082849022425,9
NewFloq_REF_Bro57_Eps012_T50_5IT_30Aug.dat,0.12,True,6,0,0.3091019935366165,8
NewFloq_REF_Bro57_Eps012_T50_5IT_30Aug.dat,0.12,True,6,1,0.2988738494382197,8
NewFloq_REF_Bro57_Eps012_T50_5IT_30Aug.dat,0.12,True,6,2,0.31183245950453575,8
NewFloq_REF_Bro57_Eps012_T50_5IT_30Aug.dat,0.12,True,6,3,0.3235253485298779,7
NewFloq_REF_Bro57_Eps012_T50_5IT_30Aug.dat,0.12,True,6,4,0.3021636258363077,7
NewFloq_REF_Bro57_Eps012_T50_5IT_30Aug.dat,0.12,True,6,5,0.3235793156591765,7
NewFloq_REF_Bro57_Eps012_T50_5IT_30Aug.dat,0.12,True,7,0,0.01917484946185571,7
NewFloq_REF_Bro57_Eps012_T50_5IT_30Aug.dat,0.12,True,7,1,0.03402996293487898,7
NewFloq_REF_Bro57_Eps012_T50_5IT_30Aug.dat,0.12,True,7,2,0.012376176856537828,6
NewFloq_REF_Bro57_Eps012_T50_5IT_30Aug.dat,0.12,True,7,3,0.01622659183999126,6
NewFloq_REF_Bro57_Eps012_T50_5IT_30Aug.dat,0.12,True,7,4,0.022237920070866307,6
NewFloq_REF_Bro57_Eps012_T50_5IT_30Aug.dat,0.12,True,7,5,0.013507140519939112,6
NewFloq_REF_Bro57_Eps012_T50_5IT_30Aug.dat,0.12,True,7,6,0.011204221736077448,6
NewFloq_REF_Bro57_Eps012_T50_5IT_30Aug.dat,0.12,True,8,0,0.30137997422439905,6
NewFloq_REF_Bro57_Eps012_T50_5IT_30Aug.dat,0.12,True,8,1,0.300098767745871,6
NewFloq_REF_Bro57_Eps012_T50_5IT_30Aug.dat,0.12,True,8,2,0.2710157246261566,6
NewFloq_REF_Bro57_Eps012_T50_5IT_30Aug.dat,0.12,True,8,3,0.2664582031408858,5
NewFloq_REF_Bro57_Eps012_T50_5IT_30Aug.dat,0.12,True,8,4,0.28283544972506397,5
NewFloq_REF_Bro57_Eps012_T50_5IT_30Aug.dat,0.12,True,8,5,0.3104012512559309,5
NewFloq_REF_Bro57_Eps012_T50_5IT_30Aug.dat,0.12,True,8,6,0.27253742991685304,5
NewFloq_REF_Bro57_Eps012_T50_5IT_30Aug.dat,0.12,True,8,7,0.3109041191257229,5
NewFloq_REF_Bro57_Eps012_T50_5IT_30Aug.dat,0.12,True,9,0,0.016416575060761236,5
NewFloq_REF_Bro57_Eps012_T50_5IT_30Aug.dat,0.12,True,9,1,0.024627854751036345,5
NewFloq_REF_Bro57_Eps012_T50_5IT_30Aug.dat,0.12,True,9,2,0.021281524594850464,5
NewFloq_REF_Bro57_Eps012_T50_5IT_30Aug.dat,0.12,True,9,3,0.014240501907797975,5
NewFloq_REF_Bro57_Eps012_T50_5IT_30Aug.dat,0.12,True,9,4,0.019058397175954454,5
NewFloq_REF_Bro57_Eps012_T50_5IT_30Aug.dat,0.12,True,9,5,0.016481847282463945,5
NewFloq_REF_Bro57_Eps012_T50_5IT_30Aug.dat,0.12,True,9,6,0.018662996076112777,4
NewFloq_REF_Bro57_Eps012_T50_5IT_30Aug.dat,0.12,True,9,7,0.02767876765074931,4
NewFloq_REF_Bro57_Eps012_T50_5IT_30Aug.dat,0.12,True,9,8,0.015085862388700338,4
NewFloq_REF_Bro57_Eps012_T50_5IT_30Aug.dat,0.12,True,10,0,0.2657835070371325,5
NewFloq_REF_Bro57_Eps012_T50_5IT_30Aug.dat,0.12,True,10,1,0.2670833615072914,4
NewFloq_REF_Bro57_Eps012_T50_5IT_30Aug.dat,0.12,True,10,2,0.23554004951739094,4
NewFloq_REF_Bro57_Eps012_T50_5IT_30Aug.dat,0.12,True,10,3,0.2622044921664769,4
NewFloq_REF_Bro57_Eps012_T50_5IT_30Aug.dat,0.12,True,10,4,0.28360516017270704,4
NewFloq_REF_Bro57_Eps012_T50_5IT_30Aug.dat,0.12,True,10,5,0.2944850553411135,4
NewFloq_REF_Bro57_Eps012_T50_5IT_30Aug.dat,0.12,True,10,6,0.2643077264496554,4
NewFloq_REF_Bro57_Eps012_T50_5IT_30Aug.dat,0.12,True,10,7,0.2902298138069488,4
NewFloq_REF_Bro57_Eps012_T50_5IT_30Aug.dat,0.12,True,10,8,0.29218046544006854,4
NewFloq_REF_Bro57_Eps012_T50_5IT_30Aug.dat,0.12,True,10,9,0.29199786517381904,4
NewFloq_REF_Bro57_Eps013_T50_5IT_15Jul.dat,0.13,True,1,0,0.016613880515168135,50
NewFloq_REF_Bro57_Eps013_T50_5IT_15Jul.dat,0.13,True,2,0,0.4039321448615183,25
NewFloq_REF_Bro57_Eps013_T50_5IT_15Jul.dat,0.13,True,2,1,0.3921653984019033,24
NewFloq_REF_Bro57_Eps013_T50_5IT_15Jul.dat,0.13,True,3,0,0.02111649634420173,16
NewFloq_REF_Bro57_Eps013_T50_5IT_15Jul.dat,0.13,True,3,1,0.01794660560454413,16
NewFloq_REF_Bro57_Eps013_T50_5IT_15Jul.dat,0.13,True,3,2,0.022390045959577456,16
NewFloq_REF_Bro57_Eps013_T50_5IT_15Jul.dat,0.13,True,4,0,0.3737924030737852,12
NewFloq_REF_Bro57_Eps013_T50_5IT_15Jul.dat,0.13,True,4,1,0.35009762726193056,12
NewFloq_REF_Bro57_Eps013_T50_5IT_15Jul.dat,0.13,True,4,2,0.3356997523700275,12
NewFloq_REF_Bro57_Eps013_T50_5IT_15Jul.dat,0.13,True,4,3,0.3361133307728215,11
NewFloq_REF_Bro57_Eps013_T50_5IT_15Jul.dat,0.13,True,5,0,0.02902489366196853,10
NewFloq_REF_Bro57_Eps013_T50_5IT_15Jul.dat,0.13,True,5,1,0.018912483813417643,9
NewFloq_REF_Bro57_Eps013_T50_5IT_15Jul.dat,0.13,True,5,2,0.01943896134486355,9
NewFloq_REF_Bro57_Eps013_T50_5IT_15Jul.dat,0.13,True,5,3,0.022499974792183807,9
NewFloq_REF_Bro57_Eps013_T50_5IT_15Jul.dat,0.13,True,5,4,0.029609449089061615,9
NewFloq_REF_Bro57_Eps013_T50_5IT_15Jul.dat,0.13,True,6,0,0.2955009620481601,8
NewFloq_REF_Bro57_Eps013_T50_5IT_15Jul.dat,0.13,True,6,1,0.317843849829765,8
NewFloq_REF_Bro57_Eps013_T50_5IT_15Jul.dat,0.13,True,6,2,0.33049274919860216,8
NewFloq_REF_Bro57_Eps013_T50_5IT_15Jul.dat,0.13,True,6,3,0.30340620683991526,7
NewFloq_REF_Bro57_Eps013_T50_5IT_15Jul.dat,0.13,True,6,4,0.3292781358612763,7
NewFloq_REF_Bro57_Eps013_T50_5IT_15Jul.dat,0.13,True,6,5,0.32387973934337355,7
NewFloq_REF_Bro57_Eps013_T50_5IT_15Jul.dat,0.13,True,7,0,0.026494375670165802,7
NewFloq_REF_Bro57_Eps013_T50_5IT_15Jul.dat,0.13,True,7,1,0.04663165590713567,7
NewFloq_REF_Bro57_Eps013_T50_5IT_15Jul.dat,0.13,True,7,2,0.02965364090160465,6
NewFloq_REF_Bro57_Eps013_T50_5IT_15Jul.dat,0.13,True,7,3,0.026652936141608154,6
NewFloq_REF_Bro57_Eps013_T50_5IT_15Jul.dat,0.13,True,7,4,0.03314873282327402,6
NewFloq_REF_Bro57_Eps013_T50_5IT_15Jul.dat,0.13,True,7,5,0.021715085558382363,6
NewFloq_REF_Bro57_Eps013_T50_5IT_15Jul.dat,0.13,True,7,6,0.024871932284592835,6
NewFloq_REF_Bro57_Eps013_T50_5IT_15Jul.dat,0.13,True,8,0,0.3203370975041049,6
NewFloq_REF_Bro57_Eps013_T50_5IT_15Jul.dat,0.13,True,8,1,0.2870592414890549,6
NewFloq_REF_Bro57_Eps013_T50_5IT_15Jul.dat,0.13,True,8,2,0.27098050017557407,6
NewFloq_REF_Bro57_Eps013_T50_5IT_15Jul.dat,0.13,True,8,3,0.28038877972390697,5
NewFloq_REF_Bro57_Eps013_T50_5IT_15Jul.dat,0.13,True,8,4,0.290002456482889,5
NewFloq_REF_Bro57_Eps013_T50_5IT_15Jul.dat,0.13,True,8,5,0.326657809405335,5
NewFloq_REF_Bro57_Eps013_T50_5IT_15Jul.dat,0.13,True,8,6,0.3440691808730086,5
NewFloq_REF_Bro57_Eps013_T50_5IT_15Jul.dat,0.13,True,8,7,0.28783472404366517,5
NewFloq_REF_Bro57_Eps013_T50_5IT_15Jul.dat,0.13,True,9,0,0.037250061230532,5
NewFloq_REF_Bro57_Eps013_T50_5IT_15Jul.dat,0.13,True,9,1,0.03067600715530276,5
NewFloq_REF_Bro57_Eps013_T50_5IT_15Jul.dat,0.13,True,9,2,0.017559857489764304,5
NewFloq_REF_Bro57_Eps013_T50_5IT_15Jul.dat,0.13,True,9,3,0.033969702374501184,5
NewFloq_REF_Bro57_Eps013_T50_5IT_15Jul.dat,0.13,True,9,4,0.03780442671211625,5
NewFloq_REF_Bro57_Eps013_T50_5IT_15Jul.dat,0.13,True,9,5,0.05561055761467819,5
NewFloq_REF_Bro57_Eps013_T50_5IT_15Jul.dat,0.13,True,9,6,0.035684622294468005,4
NewFloq_REF_Bro57_Eps013_T50_5IT_15Jul.dat,0.13,True,9,7,0.031967759223421474,4
NewFloq_REF_Bro57_Eps013_T50_5IT_15Jul.dat,0.13,True,9,8,0.030011854171501026,4
NewFloq_REF_Bro57_Eps013_T50_5IT_15Jul.dat,0.13,True,10,0,0.2504682602702365,5
NewFloq_REF_Bro57_Eps013_T50_5IT_15Jul.dat,0.13,True,10,1,0.25530349785013273,4
NewFloq_REF_Bro57_Eps013_T50_5IT_15Jul.dat,0.13,True,10,2,0.24113642911751085,4
NewFloq_REF_Bro57_Eps013_T50_5IT_15Jul.dat,0.13,True,10,3,0.298072894026531,4
NewFloq_REF_Bro57_Eps013_T50_5IT_15Jul.dat,0.13,True,10,4,0.316336946690601,4
NewFloq_REF_Bro57_Eps013_T50_5IT_15Jul.dat,0.13,True,10,5,0.2999825543489832,4
NewFloq_REF_Bro57_Eps013_T50_5IT_15Jul.dat,0.13,True,10,6,0.3112878149581372,4
NewFloq_REF_Bro57_Eps013_T50_5IT_15Jul.dat,0.13,True,10,7,0.3095344833182564,4
NewFloq_REF_Bro57_Eps013_T50_5IT_15Jul.dat,0.13,True,10,8,0.3404734944175052,4
NewFloq_REF_Bro57_Eps013_T50_5IT_15Jul.dat,0.13,True,10,9,0.286833828438976,4
NewFloq_REF_Bro57_Eps013_T50_5IT_20Aug.dat,0.13,True,1,0,0.02437997884802579,50
NewFloq_REF_Bro57_Eps013_T50_5IT_20Aug.dat,0.13,True,2,0,0.39434810548001087,25
NewFloq_REF_Bro57_Eps013_T50_5IT_20Aug.dat,0.13,True,2,1,0.3720845257694226,24
NewFloq_REF_Bro57_Eps013_T50_5IT_20Aug.dat,0.13,True,3,0,0.010401333978343839,16
NewFloq_REF_Bro57_Eps013_T50_5IT_20Aug.dat,0.13,True,3,1,0.028245865340390926,16
NewFloq_REF_Bro57_Eps013_T50_5IT_20Aug.dat,0.13,True,3,2,0.0162132993742549,16
NewFloq_REF_Bro57_Eps013_T50_5IT_20Aug.dat,0.13,True,4,0,0.33174438447494886,12
NewFloq_REF_Bro57_Eps013_T50_5IT_20Aug.dat,0.13,True,4,1,0.303742170813771,12
NewFloq_REF_Bro57_Eps013_T50_5IT_20Aug.dat,0.13,True,4,2,0.32723790000001957,12
NewFloq_REF_Bro57_Eps013_T50_5IT_20Aug.dat,0.13,True,4,3,0.32850516651263173,11
NewFloq_REF_Bro57_Eps013_T50_5IT_20Aug.dat,0.13,True,5,0,0.01621729648226824,10
NewFloq_REF_Bro57_Eps013_T50_5IT_20Aug.dat,0.13,True,5,1,0.017285419728066846,9
NewFloq_REF_Bro57_Eps013_T50_5IT_20Aug.dat,0.13,True,5,2,0.017819337298871987,9
NewFloq_REF_Bro57_Eps013_T50_5IT_20Aug.dat,0.13,True,5,3,0.018707673421402143,9
NewFloq_REF_Bro57_Eps013_T50_5IT_20Aug.dat,0.13,True,5,4,0.041570514372203125,9
NewFloq_REF_Bro57_Eps013_T50_5IT_20Aug.dat,0.13,True,6,0,0.2807440562736124,8
NewFloq_REF_Bro57_Eps013_T50_5IT_20Aug.dat,0.13,True,6,1,0.2604769080654099,8
NewFloq_REF_Bro57_Eps013_T50_5IT_20Aug.dat,0.13,True,6,2,0.2966367550615213,8
NewFloq_REF_Bro57_Eps013_T50_5IT_20Aug.dat,0.13,True,6,3,0.29747391305383386,7
NewFloq_REF_Bro57_Eps013_T50_5IT_20Aug.dat,0.13,True,6,4,0.2813273684761329,7
NewFloq_REF_Bro57_Eps013_T50_5IT_20Aug.dat,0.13,True,6,5,0.29221415628954167,7
NewFloq_REF_Bro57_Eps013_T50_5IT_20Aug.dat,0.13,True,7,0,0.04744419351058677,7
NewFloq_REF_Bro57_Eps013_T50_5IT_20Aug.dat,0.13,True,7,1,0.02033119676436768,7
NewFloq_REF_Bro57_Eps013_T50_5IT_20Aug.dat,0.13,True,7,2,0.022228314036604305,6
NewFloq_REF_Bro57_Eps013_T50_5IT_20Aug.dat,0.13,True,7,3,0.02733566057643576,6
NewFloq_REF_Bro57_Eps013_T50_5IT_20Aug.dat,0.13,True,7,4,0.021849710194047328,6
NewFloq_REF_Bro57_Eps013_T50_5IT_20Aug.dat,0.13,True,7,5,0.02307898036363547,6
NewFloq_REF_Bro57_Eps013_T50_5IT_20Aug.dat,0.13,True,7,6,0.02038509769800932,6
NewFloq_REF_Bro57_Eps013_T50_5IT_20Aug.dat,0.13,True,8,0,0.24535646803671005,6
NewFloq_REF_Bro57_Eps013_T50_5IT_20Aug.dat,0.13,True,8,1,0.2193789406203305,6
NewFloq_REF_Bro57_Eps013_T50_5IT_20Aug.dat,0.13,True,8,2,0.26513753730912143,6
NewFloq_REF_Bro57_Eps013_T50_5IT_20Aug.dat,0.13,True,8,3,0.24355409991858848,5
NewFloq_REF_Bro57_Eps013_T50_5IT_20Aug.dat,0.13,True,8,4,0.27201619331395965,5
NewFloq_REF_Bro57_Eps013_T50_5IT_20Aug.dat,0.13,True,8,5,0.27513961019057975,5
NewFloq_REF_Bro57_Eps013_T50_5IT_20Aug.dat,0.13,True,8,6,0.2444004810955743,5
NewFloq_REF_Bro57_Eps013_T50_5IT_20Aug.dat,0.13,True,8,7,0.2672961058770211,5
NewFloq_REF_Bro57_Eps013_T50_5IT_20Aug.dat,0.13,True,9,0,0.022849429543687388,5
NewFloq_REF_Bro57_Eps013_T50_5IT_20Aug.dat,0.13,True,9,1,0.019154342082239817,5
NewFloq_REF_Bro57_Eps013_T50_5IT_20Aug.dat,0.13,True,9,2,0.02541320822048727,5
NewFloq_REF_Bro57_Eps013_T50_5IT_20Aug.dat,0.13,True,9,3,0.01979083225997014,5
NewFloq_REF_Bro57_Eps013_T50_5IT_20Aug.dat,0.13,True,9,4,0.05664055369013288,5
NewFloq_REF_Bro57_Eps013_T50_5IT_20Aug.dat,0.13,True,9,5,0.027103201021127322,5
NewFloq_REF_Bro57_Eps013_T50_5IT_20Aug.dat,0.13,True,9,6,0.028257462252778483,4
NewFloq_REF_Bro57_Eps013_T50_5IT_20Aug.dat,0.13,True,9,7,0.026891425477937016,4
NewFloq_REF_Bro57_Eps013_T50_5IT_20Aug.dat,0.13,True,9,8,0.0257658520683136,4
NewFloq_REF_Bro57_Eps013_T50_5IT_20Aug.dat,0.13,True,10,0,0.2546923832214518,5
NewFloq_REF_Bro57_Eps013_T50_5IT_20Aug.dat,0.13,True,10,1,0.21458347774210915,4
NewFloq_REF_Bro57_Eps013_T50_5IT_20Aug.dat,0.13,True,10,2,0.22260983951458443,4
NewFloq_REF_Bro57_Eps013_T50_5IT_20Aug.dat,0.13,True,10,3,0.22001352186625078,4
NewFloq_REF_Bro57_Eps013_T50_5IT_20Aug.dat,0.13,True,10,4,0.21697583328907938,4
NewFloq_REF_Bro57_Eps013_T50_5IT_20Aug.dat,0.13,True,10,5,0.24682719269403147,4
NewFloq_REF_Bro57_Eps013_T50_5IT_20Aug.dat,0.13,True,10,6,0.23951541590574046,4
NewFloq_REF_Bro57_Eps013_T50_5IT_20Aug.dat,0.13,True,10,7,0.259148853976613,4
NewFloq_REF_Bro57_Eps013_T50_5IT_20Aug.dat,0.13,True,10,8,0.2670073043417334,4
NewFloq_REF_Bro57_Eps013_T50_5IT_20Aug.dat,0.13,True,10,9,0.1990368418996325,4
NewFloq_REF_Bro57_Eps013_T50_5IT_31Aug.dat,0.13,True,1,0,0.009822545658994361,50
NewFloq_REF_Bro57_Eps013_T50_5IT_31Aug.dat,0.13,True,2,0,0.385243539177771,25
NewFloq_REF_Bro57_Eps013_T50_5IT_31Aug.dat,0.13,True,2,1,0.3986991828126243,24
NewFloq_REF_Bro57_Eps013_T50_5IT_31Aug.dat,0.13,True,3,0,0.011826979735053835,16
NewFloq_REF_Bro57_Eps013_T50_5IT_31Aug.dat,0.13,True,3,1,0.01842033583881271,16
NewFloq_REF_Bro57_Eps013_T50_5IT_31Aug.dat,0.13,True,3,2,0.02301679806191198,16
NewFloq_REF_Bro57_Eps013_T50_5IT_31Aug.dat,0.13,True,4,0,0.3375817242332763,12
NewFloq_REF_Bro57_Eps013_T50_5IT_31Aug.dat,0.13,True,4,1,0.3647949220771029,12
NewFloq_REF_Bro57_Eps013_T50_5IT_31Aug.dat,0.13,True,4,2,0.3344739986271681,12
NewFloq_REF_Bro57_Eps013_T50_5IT_31Aug.dat,0.13,True,4,3,0.3450403894691631,11
NewFloq_REF_Bro57_Eps013_T50_5IT_31Aug.dat,0.13,True,5,0,0.02022586911483032,10
NewFloq_REF_Bro57_Eps013_T50_5IT_31Aug.dat,0.13,True,5,1,0.012432828402146153,9
NewFloq_REF_Bro57_Eps013_T50_5IT_31Aug.dat,0.13,True,5,2,0.016127486949880625,9
NewFloq_REF_Bro57_Eps013_T50_5IT_31Aug.dat,0.13,True,5,3,0.022040840909051933,9
NewFloq_REF_Bro57_Eps013_T50_5IT_31Aug.dat,0.13,True,5,4,0.021813691942895376,9
NewFloq_REF_Bro57_Eps013_T50_5IT_31Aug.dat,0.13,True,6,0,0.2947744965025458,8
NewFloq_REF_Bro57_Eps013_T50_5IT_31Aug.dat,0.13,True,6,1,0.34557465950104627,8
NewFloq_REF_Bro57_Eps013_T50_5IT_31Aug.dat,0.13,True,6,2,0.3209890135796658,8
NewFloq_REF_Bro57_Eps013_T50_5IT_31Aug.dat,0.13,True,6,3,0.33825299213914606,7
NewFloq_REF_Bro57_Eps013_T50_5IT_31Aug.dat,0.13,True,6,4,0.3245457671849167,7
NewFloq_REF_Bro57_Eps013_T50_5IT_31Aug.dat,0.13,True,6,5,0.33564788432261317,7
NewFloq_REF_Bro57_Eps013_T50_5IT_31Aug.dat,0.13,True,7,0,0.01895307477999681,7
NewFloq_REF_Bro57_Eps013_T50_5IT_31Aug.dat,0.13,True,7,1,0.021327062568531185,7
NewFloq_REF_Bro57_Eps013_T50_5IT_31Aug.dat,0.13,True,7,2,0.022201866055351443,6
NewFloq_REF_Bro57_Eps013_T50_5IT_31Aug.dat,0.13,True,7,3,0.02382721484628556,6
NewFloq_REF_Bro57_Eps013_T50_5IT_31Aug.dat,0.13,True,7,4,0.016922250465222635,6
NewFloq_REF_Bro57_Eps013_T50_5IT_31Aug.dat,0.13,True,7,5,0.01295415821709722,6
NewFloq_REF_Bro57_Eps013_T50_5IT_31Aug.dat,0.13,True,7,6,0.02261648199163005,6
NewFloq_REF_Bro57_Eps013_T50_5IT_31Aug.dat,0.13,True,8,0,0.3051560134086522,6
NewFloq_REF_Bro57_Eps013_T50_5IT_31Aug.dat,0.13,True,8,1,0.29940030454891003,6
NewFloq_REF_Bro57_Eps013_T50_5IT_31Aug.dat,0.13,True,8,2,0.3048095696478598,6
NewFloq_REF_Bro57_Eps013_T50_5IT_31Aug.dat,0.13,True,8,3,0.28675325263576407,5
NewFloq_REF_Bro57_Eps013_T50_5IT_31Aug.dat,0.13,True,8,4,0.2659691434065802,5
NewFloq_REF_Bro57_Eps013_T50_5IT_31Aug.dat,0.13,True,8,5,0.320238461169548,5
NewFloq_REF_Bro57_Eps013_T50_5IT_31Aug.dat,0.13,True,8,6,0.30121310907883175,5
NewFloq_REF_Bro57_Eps013_T50_5IT_31Aug.dat,0.13,True,8,7,0.33237452301113707,5
NewFloq_REF_Bro57_Eps013_T50_5IT_31Aug.dat,0.13,True,9,0,0.02278348522744274,5
NewFloq_REF_Bro57_Eps013_T50_5IT_31Aug.dat,0.13,True,9,1,0.02510051323280225,5
NewFloq_REF_Bro57_Eps013_T50_5IT_31Aug.dat,0.13,True,9,2,0.027272126605640525,5
NewFloq_REF_Bro57_Eps013_T50_5IT_31Aug.dat,0.13,True,9,3,0.019947991938665203,5
NewFloq_REF_Bro57_Eps013_T50_5IT_31Aug.dat,0.13,True,9,4,0.028295923960219925,5
NewFloq_REF_Bro57_Eps013_T50_5IT_31Aug.dat,0.13,True,9,5,0.031483638457542665,5
NewFloq_REF_Bro57_Eps013_T50_5IT_31Aug.dat,0.13,True,9,6,0.026624496947390316,4
NewFloq_REF_Bro57_Eps013_T50_5IT_31Aug.dat,0.13,True,9,7,0.025171781976065382,4
NewFloq_REF_Bro57_Eps013_T50_5IT_31Aug.dat,0.13,True,9,8,0.03480334739944305,4
NewFloq_REF_Bro57_Eps013_T50_5IT_31Aug.dat,0.13,True,10,0,0.2550821240043447,5
NewFloq_REF_Bro57_Eps013_T50_5IT_31Aug.dat,0.13,True,10,1,0.2613804777021049,4
NewFloq_REF_Bro57_Eps013_T50_5IT_31Aug.dat,0.13,True,10,2,0.2553362710973939,4
NewFloq_REF_Bro57_Eps013_T50_5IT_31Aug.dat,0.13,True,10,3,0.3021294339945852,4
NewFloq_REF_Bro57_Eps013_T50_5IT_31Aug.dat,0.13,True,10,4,0.2896913063458704,4
NewFloq_REF_Bro57_Eps013_T50_5IT_31Aug.dat,0.13,True,10,5,0.3096289936940563,4
NewFloq_REF_Bro57_Eps013_T50_5IT_31Aug.dat,0.13,True,10,6,0.30454873714458536,4
NewFloq_REF_Bro57_Eps013_T50_5IT_31Aug.dat,0.13,True,10,7,0.2976634096277603,4
NewFloq_REF_Bro57_Eps013_T50_5IT_31Aug.dat,0.13,True,10,8,0.27627994914815746,4
NewFloq_REF_Bro57_Eps013_T50_5IT_31Aug.dat,0.13,True,10,9,0.3014491562639402,4
NewFloq_REF_Bro57_Eps014_T50_5IT_02Sep.dat,0.14,True,1,0,0.01546260496926534,50
NewFloq_REF_Bro57_Eps014_T50_5IT_02Sep.dat,0.14,True,2,0,0.5244619229803124,25
NewFloq_REF_Bro57_Eps014_T50_5IT_02Sep.dat,0.14,True,2,1,0.5442755619761966,24
NewFloq_REF_Bro57_Eps014_T50_5IT_02Sep.dat,0.14,True,3,0,0.01954829175208108,16
NewFloq_REF_Bro57_Eps014_T50_5IT_02Sep.dat,0.14,True,3,1,0.03481947512335749,16
NewFloq_REF_Bro57_Eps014_T50_5IT_02Sep.dat,0.14,True,3,2,0.03187958600186448,16
NewFloq_REF_Bro57_Eps014_T50_5IT_02Sep.dat,0.14,True,4,0,0.43469171388059946,12
NewFloq_REF_Bro57_Eps014_T50_5IT_02Sep.dat,0.14,True,4,1,0.534586186341496,12
NewFloq_REF_Bro57_Eps014_T50_5IT_02Sep.dat,0.14,True,4,2,0.4775452279729668,12
NewFloq_REF_Bro57_Eps014_T50_5IT_02Sep.dat,0.14,True,4,3,0.5064295577042102,11
NewFloq_REF_Bro57_Eps014_T50_5IT_02Sep.dat,0.14,True,5,0,0.027052687407814552,10
NewFloq_REF_Bro57_Eps014_T50_5IT_02Sep.dat,0.14,True,5,1,0.02679261631255779,9
NewFloq_REF_Bro57_Eps014_T50_5IT_02Sep.dat,0.14,True,5,2,0.024077444128092804,9
NewFloq_REF_Bro57_Eps014_T50_5IT_02Sep.dat,0.14,True,5,3,0.02631527010820921,9
NewFloq_REF_Bro57_Eps014_T50_5IT_02Sep.dat,0.14,True,5,4,0.008964234821562736,9
NewFloq_REF_Bro57_Eps014_T50_5IT_02Sep.dat,0.14,True,6,0,0.4219757345084242,8
NewFloq_REF_Bro57_Eps014_T50_5IT_02Sep.dat,0.14,True,6,1,0.5258889975091917,8
NewFloq_REF_Bro57_Eps014_T50_5IT_02Sep.dat,0.14,True,6,2,0.4985488173622763,8
NewFloq_REF_Bro57_Eps014_T50_5IT_02Sep.dat,0.14,True,6,3,0.4839171040051147,7
NewFloq_REF_Bro57_Eps014_T50_5IT_02Sep.dat,0.14,True,6,4,0.4605658150017384,7
NewFloq_REF_Bro57_Eps014_T50_5IT_02Sep.dat,0.14,True,6,5,0.44153723809525003,7
NewFloq_REF_Bro57_Eps014_T50_5IT_02Sep.dat,0.14,True,7,0,0.01578647785758708,7
NewFloq_REF_Bro57_Eps014_T50_5IT_02Sep.dat,0.14,True,7,1,0.017365806512847363,7
NewFloq_REF_Bro57_Eps014_T50_5IT_02Sep.dat,0.14,True,7,2,0.014213739298749745,6
NewFloq_REF_Bro57_Eps014_T50_5IT_02Sep.dat,0.14,True,7,3,0.01411837994207383,6
NewFloq_REF_Bro57_Eps014_T50_5IT_02Sep.dat,0.14,True,7,4,0.027804002802300724,6
NewFloq_REF_Bro57_Eps014_T50_5IT_02Sep.dat,0.14,True,7,5,0.018150157026933813,6
NewFloq_REF_Bro57_Eps014_T50_5IT_02Sep.dat,0.14,True,7,6,0.043272026196697504,6
NewFloq_REF_Bro57_Eps014_T50_5IT_02Sep.dat,0.14,True,8,0,0.4226311174989721,6
NewFloq_REF_Bro57_Eps014_T50_5IT_02Sep.dat,0.14,True,8,1,0.44159494581057696,6
NewFloq_REF_Bro57_Eps014_T50_5IT_02Sep.dat,0.14,True,8,2,0.4422075207331663,6
NewFloq_REF_Bro57_Eps014_T50_5IT_02Sep.dat,0.14,True,8,3,0.43560456247126167,5
NewFloq_REF_Bro57_Eps014_T50_5IT_02Sep.dat,0.14,True,8,4,0.4150976528427572,5
NewFloq_REF_Bro57_Eps014_T50_5IT_02Sep.dat,0.14,True,8,5,0.5103987228458717,5
NewFloq_REF_Bro57_Eps014_T50_5IT_02Sep.dat,0.14,True,8,6,0.468375272765711,5
NewFloq_REF_Bro57_Eps014_T50_5IT_02Sep.dat,0.14,True,8,7,0.4707043773640683,5
NewFloq_REF_Bro57_Eps014_T50_5IT_02Sep.dat,0.14,True,9,0,0.02118457524168148,5
NewFloq_REF_Bro57_Eps014_T50_5IT_02Sep.dat,0.14,True,9,1,0.031550034867139726,5
NewFloq_REF_Bro57_Eps014_T50_5IT_02Sep.dat,0.14,True,9,2,0.032241624954447594,5
NewFloq_REF_Bro57_Eps014_T50_5IT_02Sep.dat,0.14,True,9,3,0.034131285414477394,5
NewFloq_REF_Bro57_Eps014_T50_5IT_02Sep.dat,0.14,True,9,4,0.05340103686997253,5
NewFloq_REF_Bro57_Eps014_T50_5IT_02Sep.dat,0.14,True,9,5,0.0225286200284533,5
NewFloq_REF_Bro57_Eps014_T50_5IT_02Sep.dat,0.14,True,9,6,0.02430112497249984,4
NewFloq_REF_Bro57_Eps014_T50_5IT_02Sep.dat,0.14,True,9,7,0.018087994717780474,4
NewFloq_REF_Bro57_Eps014_T50_5IT_02Sep.dat,0.14,True,9,8,0.018358387406762024,4
NewFloq_REF_Bro57_Eps014_T50_5IT_02Sep.dat,0.14,True,10,0,0.32054275523592307,5
NewFloq_REF_Bro57_Eps014_T50_5IT_02Sep.dat,0.14,True,10,1,0.3516365229359999,4
NewFloq_REF_Bro57_Eps014_T50_5IT_02Sep.dat,0.14,True,10,2,0.3410663307796419,4
NewFloq_REF_Bro57_Eps014_T50_5IT_02Sep.dat,0.14,True,10,3,0.4820319056082226,4
NewFloq_REF_Bro57_Eps014_T50_5IT_02Sep.dat,0.14,True,10,4,0.48236356897491717,4
NewFloq_REF_Bro57_Eps014_T50_5IT_02Sep.dat,0.14,True,10,5,0.4868972949855116,4
NewFloq_REF_Bro57_Eps014_T50_5IT_02Sep.dat,0.14,True,10,6,0.4294685344010809,4
NewFloq_REF_Bro57_Eps014_T50_5IT_02Sep.dat,0.14,True,10,7,0.43812386646245927,4
NewFloq_REF_Bro57_Eps014_T50_5IT_02Sep.dat,0.14,True,10,8,0.4182890574259134,4
NewFloq_REF_Bro57_Eps014_T50_5IT_02Sep.dat,0.14,True,10,9,0.485903922429762,4
NewFloq_REF_Bro57_Eps014_T50_5IT_20Aug.dat,0.14,True,1,0,0.05345277669155835,50
NewFloq_REF_Bro57_Eps014_T50_5IT_20Aug.dat,0.14,True,2,0,0.5709799031305619,25
NewFloq_REF_Bro57_Eps014_T50_5IT_20Aug.dat,0.14,True,2,1,0.639264249552182,24
NewFloq_REF_Bro57_Eps014_T50_5IT_20Aug.dat,0.14,True,3,0,0.048608887769470775,16
NewFloq_REF_Bro57_Eps014_T50_5IT_20Aug.dat,0.14,True,3,1,0.04589334990548463,16
NewFloq_REF_Bro57_Eps014_T50_5IT_20Aug.dat,0.14,True,3,2,0.06288032974177998,16
NewFloq_REF_Bro57_Eps014_T50_5IT_20Aug.dat,0.14,True,4,0,0.4482735838673468,12
NewFloq_REF_Bro57_Eps014_T50_5IT_20Aug.dat,0.14,True,4,1,0.5751078444998715,12
NewFloq_REF_Bro57_Eps014_T50_5IT_20Aug.dat,0.14,True,4,2,0.4856651148390365,12
NewFloq_REF_Bro57_Eps014_T50_5IT_20Aug.dat,0.14,True,4,3,0.5785630592300938,11
NewFloq_REF_Bro57_Eps014_T50_5IT_20Aug.dat,0.14,True,5,0,0.06034673992204596,10
NewFloq_REF_Bro57_Eps014_T50_5IT_20Aug.dat,0.14,True,5,1,0.020074586958228068,9
NewFloq_REF_Bro57_Eps014_T50_5IT_20Aug.dat,0.14,True,5,2,0.0748889417089969,9
NewFloq_REF_Bro57_Eps014_T50_5IT_20Aug.dat,0.14,True,5,3,0.016315379567364514,9
NewFloq_REF_Bro57_Eps014_T50_5IT_20Aug.dat,0.14,True,5,4,0.08248379841467776,9
NewFloq_REF_Bro57_Eps014_T50_5IT_20Aug.dat,0.14,True,6,0,0.3657259526331985,8
NewFloq_REF_Bro57_Eps014_T50_5IT_20Aug.dat,0.14,True,6,1,0.5270666413445687,8
NewFloq_REF_Bro57_Eps014_T50_5IT_20Aug.dat,0.14,True,6,2,0.42286130710155273,8
NewFloq_REF_Bro57_Eps014_T50_5IT_20Aug.dat,0.14,True,6,3,0.5184337068128734,7
NewFloq_REF_Bro57_Eps014_T50_5IT_20Aug.dat,0.14,True,6,4,0.3979584819874554,7
NewFloq_REF_Bro57_Eps014_T50_5IT_20Aug.dat,0.14,True,6,5,0.5556010946220297,7
NewFloq_REF_Bro57_Eps014_T50_5IT_20Aug.dat,0.14,True,7,0,0.09519004062975144,7
NewFloq_REF_Bro57_Eps014_T50_5IT_20Aug.dat,0.14,True,7,1,0.028044588683232858,7
NewFloq_REF_Bro57_Eps014_T50_5IT_20Aug.dat,0.14,True,7,2,0.06717505314147314,6
NewFloq_REF_Bro57_Eps014_T50_5IT_20Aug.dat,0.14,True,7,3,0.020969935616914848,6
NewFloq_REF_Bro57_Eps014_T50_5IT_20Aug.dat,0.14,True,7,4,0.019342348387955583,6
NewFloq_REF_Bro57_Eps014_T50_5IT_20Aug.dat,0.14,True,7,5,0.08808960294368214,6
NewFloq_REF_Bro57_Eps014_T50_5IT_20Aug.dat,0.14,True,7,6,0.02780236299871702,6
NewFloq_REF_Bro57_Eps014_T50_5IT_20Aug.dat,0.14,True,8,0,0.3509299953495235,6
NewFloq_REF_Bro57_Eps014_T50_5IT_20Aug.dat,0.14,True,8,1,0.4710869148606704,6
NewFloq_REF_Bro57_Eps014_T50_5IT_20Aug.dat,0.14,True,8,2,0.35078157330284593,6
NewFloq_REF_Bro57_Eps014_T50_5IT_20Aug.dat,0.14,True,8,3,0.4654251232681518,5
NewFloq_REF_Bro57_Eps014_T50_5IT_20Aug.dat,0.14,True,8,4,0.3628934296204497,5
NewFloq_REF_Bro57_Eps014_T50_5IT_20Aug.dat,0.14,True,8,5,0.530953177142416,5
NewFloq_REF_Bro57_Eps014_T50_5IT_20Aug.dat,0.14,True,8,6,0.5295897794032347,5
NewFloq_REF_Bro57_Eps014_T50_5IT_20Aug.dat,0.14,True,8,7,0.5288776061393246,5
NewFloq_REF_Bro57_Eps014_T50_5IT_20Aug.dat,0.14,True,9,0,0.026876365426829522,5
NewFloq_REF_Bro57_Eps014_T50_5IT_20Aug.dat,0.14,True,9,1,0.023113244425872197,5
NewFloq_REF_Bro57_Eps014_T50_5IT_20Aug.dat,0.14,True,9,2,0.0197133836959686,5
NewFloq_REF_Bro57_Eps014_T50_5IT_20Aug.dat,0.14,True,9,3,0.028133384222671975,5
NewFloq_REF_Bro57_Eps014_T50_5IT_20Aug.dat,0.14,True,9,4,0.13374227251357812,5
NewFloq_REF_Bro57_Eps014_T50_5IT_20Aug.dat,0.14,True,9,5,0.04394719512159239,5
NewFloq_REF_Bro57_Eps014_T50_5IT_20Aug.dat,0.14,True,9,6,0.08687895768023923,4
NewFloq_REF_Bro57_Eps014_T50_5IT_20Aug.dat,0.14,True,9,7,0.036253802799175144,4
NewFloq_REF_Bro57_Eps014_T50_5IT_20Aug.dat,0.14,True,9,8,0.09623644061584319,4
NewFloq_REF_Bro57_Eps014_T50_5IT_20Aug.dat,0.14,True,10,0,0.29687535207986493,5
NewFloq_REF_Bro57_Eps014_T50_5IT_20Aug.dat,0.14,True,10,1,0.38830216948108237,4
NewFloq_REF_Bro57_Eps014_T50_5IT_20Aug.dat,0.14,True,10,2,0.28462931693710214,4
NewFloq_REF_Bro57_Eps014_T50_5IT_20Aug.dat,0.14,True,10,3,0.5336581237648438,4
NewFloq_REF_Bro57_Eps014_T50_5IT_20Aug.dat,0.14,True,10,4,0.4155316929055368,4
NewFloq_REF_Bro57_Eps014_T50_5IT_20Aug.dat,0.14,True,10,5,0.5183043483510821,4
NewFloq_REF_Bro57_Eps014_T50_5IT_20Aug.dat,0.14,True,10,6,0.5029044976617129,4
NewFloq_REF_Bro57_Eps014_T50_5IT_20Aug.dat,0.14,True,10,7,0.5041219811124934,4
NewFloq_REF_Bro57_Eps014_T50_5IT_20Aug.dat,0.14,True,10,8,0.5227073989015305,4
NewFloq_REF_Bro57_Eps014_T50_5IT_20Aug.dat,0.14,True,10,9,0.5070064733432439,4
NewFloq_REF_Bro57_Eps014_T50_5IT_22Aug.dat,0.14,True,1,0,0.014432085664425975,50
NewFloq_REF_Bro57_Eps014_T50_5IT_22Aug.dat,0.14,True,2,0,0.5147464898033075,25
NewFloq_REF_Bro57_Eps014_T50_5IT_22Aug.dat,0.14,True,2,1,0.48330682766125105,24
NewFloq_REF_Bro57_Eps014_T50_5IT_22Aug.dat,0.14,True,3,0,0.008466597665843706,16
NewFloq_REF_Bro57_Eps014_T50_5IT_22Aug.dat,0.14,True,3,1,0.008595814514207427,16
NewFloq_REF_Bro57_Eps014_T50_5IT_22Aug.dat,0.14,True,3,2,0.033868928289422555,16
NewFloq_REF_Bro57_Eps014_T50_5IT_22Aug.dat,0.14,True,4,0,0.4535487294091005,12
NewFloq_REF_Bro57_Eps014_T50_5IT_22Aug.dat,0.14,True,4,1,0.4768366595405891,12
NewFloq_REF_Bro57_Eps014_T50_5IT_22Aug.dat,0.14,True,4,2,0.4632859134125901,12
NewFloq_REF_Bro57_Eps014_T50_5IT_22Aug.dat,0.14,True,4,3,0.4331155027976415,11
NewFloq_REF_Bro57_Eps014_T50_5IT_22Aug.dat,0.14,True,5,0,0.011790807654160818,10
NewFloq_REF_Bro57_Eps014_T50_5IT_22Aug.dat,0.14,True,5,1,0.01244163345081388,9
NewFloq_REF_Bro57_Eps014_T50_5IT_22Aug.dat,0.14,True,5,2,0.025694184606665012,9
NewFloq_REF_Bro57_Eps014_T50_5IT_22Aug.dat,0.14,True,5,3,0.015219880707499087,9
NewFloq_REF_Bro57_Eps014_T50_5IT_22Aug.dat,0.14,True,5,4,0.013070153895078538,9
NewFloq_REF_Bro57_Eps014_T50_5IT_22Aug.dat,0.14,True,6,0,0.4104038559102384,8
NewFloq_REF_Bro57_Eps014_T50_5IT_22Aug.dat,0.14,True,6,1,0.4533471337898223,8
NewFloq_REF_Bro57_Eps014_T50_5IT_22Aug.dat,0.14,True,6,2,0.45487894952786184,8
NewFloq_REF_Bro57_Eps014_T50_5IT_22Aug.dat,0.14,True,6,3,0.43407752814083544,7
NewFloq_REF_Bro57_Eps014_T50_5IT_22Aug.dat,0.14,True,6,4,0.41613705157101977,7
NewFloq_REF_Bro57_Eps014_T50_5IT_22Aug.dat,0.14,True,6,5,0.3949540506894447,7
NewFloq_REF_Bro57_Eps014_T50_5IT_22Aug.dat,0.14,True,7,0,0.01920006038947273,7
NewFloq_REF_Bro57_Eps014_T50_5IT_22Aug.dat,0.14,True,7,1,0.020305324718119085,7
NewFloq_REF_Bro57_Eps014_T50_5IT_22Aug.dat,0.14,True,7,2,0.01671902518476902,6
NewFloq_REF_Bro57_Eps014_T50_5IT_22Aug.dat,0.14,True,7,3,0.015924711097090115,6
NewFloq_REF_Bro57_Eps014_T50_5IT_22Aug.dat,0.14,True,7,4,0.01438590843466675,6
NewFloq_REF_Bro57_Eps014_T50_5IT_22Aug.dat,0.14,True,7,5,0.03326316778005791,6
NewFloq_REF_Bro57_Eps014_T50_5IT_22Aug.dat,0.14,True,7,6,0.016841994756041364,6
NewFloq_REF_Bro57_Eps014_T50_5IT_22Aug.dat,0.14,True,8,0,0.40728854617058974,6
NewFloq_REF_Bro57_Eps014_T50_5IT_22Aug.dat,0.14,True,8,1,0.40474035849785844,6
NewFloq_REF_Bro57_Eps014_T50_5IT_22Aug.dat,0.14,True,8,2,0.3906482660982893,6
NewFloq_REF_Bro57_Eps014_T50_5IT_22Aug.dat,0.14,True,8,3,0.38114235742038244,5
NewFloq_REF_Bro57_Eps014_T50_5IT_22Aug.dat,0.14,True,8,4,0.373486908530977,5
NewFloq_REF_Bro57_Eps014_T50_5IT_22Aug.dat,0.14,True,8,5,0.43099817031405935,5
NewFloq_REF_Bro57_Eps014_T50_5IT_22Aug.dat,0.14,True,8,6,0.43470633231658845,5
NewFloq_REF_Bro57_Eps014_T50_5IT_22Aug.dat,0.14,True,8,7,0.39656964704489184,5
NewFloq_REF_Bro57_Eps014_T50_5IT_22Aug.dat,0.14,True,9,0,0.021391376709043317,5
NewFloq_REF_Bro57_Eps014_T50_5IT_22Aug.dat,0.14,True,9,1,0.020116401311913897,5
NewFloq_REF_Bro57_Eps014_T50_5IT_22Aug.dat,0.14,True,9,2,0.03734820374891985,5
NewFloq_REF_Bro57_Eps014_T50_5IT_22Aug.dat,0.14,True,9,3,0.016920613092172434,5
NewFloq_REF_Bro57_Eps014_T50_5IT_22Aug.dat,0.14,True,9,4,0.024054571805371523,5
NewFloq_REF_Bro57_Eps014_T50_5IT_22Aug.dat,0.14,True,9,5,0.02289251206248648,5
NewFloq_REF_Bro57_Eps014_T50_5IT_22Aug.dat,0.14,True,9,6,0.022787123982343258,4
NewFloq_REF_Bro57_Eps014_T50_5IT_22Aug.dat,0.14,True,9,7,0.02566860869524761,4
NewFloq_REF_Bro57_Eps014_T50_5IT_22Aug.dat,0.14,True,9,8,0.021985567688361893,4
NewFloq_REF_Bro57_Eps014_T50_5IT_22Aug.dat,0.14,True,10,0,0.35666174672884843,5
NewFloq_REF_Bro57_Eps014_T50_5IT_22Aug.dat,0.14,True,10,1,0.3384780239467923,4
NewFloq_REF_Bro57_Eps014_T50_5IT_22Aug.dat,0.14,True,10,2,0.3279523887333071,4
NewFloq_REF_Bro57_Eps014_T50_5IT_22Aug.dat,0.14,True,10,3,0.41488493173188895,4
NewFloq_REF_Bro57_Eps014_T50_5IT_22Aug.dat,0.14,True,10,4,0.4149329307969306,4
NewFloq_REF_Bro57_Eps014_T50_5IT_22Aug.dat,0.14,True,10,5,0.41308482692922455,4
NewFloq_REF_Bro57_Eps014_T50_5IT_22Aug.dat,0.14,True,10,6,0.40728689502459964,4
NewFloq_REF_Bro57_Eps014_T50_5IT_22Aug.dat,0.14,True,10,7,0.36645214745541616,4
NewFloq_REF_Bro57_Eps014_T50_5IT_22Aug.dat,0.14,True,10,8,0.4111790229212091,4
NewFloq_REF_Bro57_Eps014_T50_5IT_22Aug.dat,0.14,True,10,9,0.4047639847581644,4
NewFloq_REF_Bro57_Eps015_T50_5IT_12Jul.dat,0.15,True,1,0,0.020700980512446246,50
NewFloq_REF_Bro57_Eps015_T50_5IT_12Jul.dat,0.15,True,2,0,0.3070122934117875,25
NewFloq_REF_Bro57_Eps015_T50_5IT_12Jul.dat,0.15,True,2,1,0.3402530810987092,24
NewFloq_REF_Bro57_Eps015_T50_5IT_12Jul.dat,0.15,True,3,0,0.01928856698201454,16
NewFloq_REF_Bro57_Eps015_T50_5IT_12Jul.dat,0.15,True,3,1,0.028914755584573425,16
NewFloq_REF_Bro57_Eps015_T50_5IT_12Jul.dat,0.15,True,3,2,0.02479973322052658,16
NewFloq_REF_Bro57_Eps015_T50_5IT_12Jul.dat,0.15,True,4,0,0.2682085311816575,12
NewFloq_REF_Bro57_Eps015_T50_5IT_12Jul.dat,0.15,True,4,1,0.29455201712711554,12
NewFloq_REF_Bro57_Eps015_T50_5IT_12Jul.dat,0.15,True,4,2,0.2492128851475024,12
NewFloq_REF_Bro57_Eps015_T50_5IT_12Jul.dat,0.15,True,4,3,0.2950971331776417,11
NewFloq_REF_Bro57_Eps015_T50_5IT_12Jul.dat,0.15,True,5,0,0.04139164852178066,10
NewFloq_REF_Bro57_Eps015_T50_5IT_12Jul.dat,0.15,True,5,1,0.02077864331170432,9
NewFloq_REF_Bro57_Eps015_T50_5IT_12Jul.dat,0.15,True,5,2,0.03472393293511555,9
NewFloq_REF_Bro57_Eps015_T50_5IT_12Jul.dat,0.15,True,5,3,0.033883947127309334,9
NewFloq_REF_Bro57_Eps015_T50_5IT_12Jul.dat,0.15,True,5,4,0.02732279368173729,9
NewFloq_REF_Bro57_Eps015_T50_5IT_12Jul.dat,0.15,True,6,0,0.23404519468571663,8
NewFloq_REF_Bro57_Eps015_T50_5IT_12Jul.dat,0.15,True,6,1,0.26500477716217763,8
NewFloq_REF_Bro57_Eps015_T50_5IT_12Jul.dat,0.15,True,6,2,0.23473462710767265,8
NewFloq_REF_Bro57_Eps015_T50_5IT_12Jul.dat,0.15,True,6,3,0.27594444126414525,7
NewFloq_REF_Bro57_Eps015_T50_5IT_12Jul.dat,0.15,True,6,4,0.22815297913818955,7
NewFloq_REF_Bro57_Eps015_T50_5IT_12Jul.dat,0.15,True,6,5,0.2591342171362538,7
NewFloq_REF_Bro57_Eps015_T50_5IT_12Jul.dat,0.15,True,7,0,0.031025187547214096,7
NewFloq_REF_Bro57_Eps015_T50_5IT_12Jul.dat,0.15,True,7,1,0.029608131692416616,7
NewFloq_REF_Bro57_Eps015_T50_5IT_12Jul.dat,0.15,True,7,2,0.025872875474848307,6
NewFloq_REF_Bro57_Eps015_T50_5IT_12Jul.dat,0.15,True,7,3,0.038471741969495855,6
NewFloq_REF_Bro57_Eps015_T50_5IT_12Jul.dat,0.15,True,7,4,0.028962643840568746,6
NewFloq_REF_Bro57_Eps015_T50_5IT_12Jul.dat,0.15,True,7,5,0.050251465804672435,6
NewFloq_REF_Bro57_Eps015_T50_5IT_12Jul.dat,0.15,True,7,6,0.03889441306266567,6
NewFloq_REF_Bro57_Eps015_T50_5IT_12Jul.dat,0.15,True,8,0,0.21176183091822467,6
NewFloq_REF_Bro57_Eps015_T50_5IT_12Jul.dat,0.15,True,8,1,0.24691298335170495,6
NewFloq_REF_Bro57_Eps015_T50_5IT_12Jul.dat,0.15,True,8,2,0.206768683833644,6
NewFloq_REF_Bro57_Eps015_T50_5IT_12Jul.dat,0.15,True,8,3,0.24000759124858068,5
NewFloq_REF_Bro57_Eps015_T50_5IT_12Jul.dat,0.15,True,8,4,0.22164461549128892,5
NewFloq_REF_Bro57_Eps015_T50_5IT_12Jul.dat,0.15,True,8,5,0.2634514411945249,5
NewFloq_REF_Bro57_Eps015_T50_5IT_12Jul.dat,0.15,True,8,6,0.2113187247993673,5
NewFloq_REF_Bro57_Eps015_T50_5IT_12Jul.dat,0.15,True,8,7,0.25536069952523954,5
NewFloq_REF_Bro57_Eps015_T50_5IT_12Jul.dat,0.15,True,9,0,0.029657212340811163,5
NewFloq_REF_Bro57_Eps015_T50_5IT_12Jul.dat,0.15,True,9,1,0.041231802442338886,5
NewFloq_REF_Bro57_Eps015_T50_5IT_12Jul.dat,0.15,True,9,2,0.03611758289253842,5
NewFloq_REF_Bro57_Eps015_T50_5IT_12Jul.dat,0.15,True,9,3,0.0345338380638351,5
NewFloq_REF_Bro57_Eps015_T50_5IT_12Jul.dat,0.15,True,9,4,0.04632608791990401,5
NewFloq_REF_Bro57_Eps015_T50_5IT_12Jul.dat,0.15,True,9,5,0.03875041128437451,5
NewFloq_REF_Bro57_Eps015_T50_5IT_12Jul.dat,0.15,True,9,6,0.0368954127763568,4
NewFloq_REF_Bro57_Eps015_T50_5IT_12Jul.dat,0.15,True,9,7,0.04416521122111829,4
NewFloq_REF_Bro57_Eps015_T50_5IT_12Jul.dat,0.15,True,9,8,0.039886030825405,4
NewFloq_REF_Bro57_Eps015_T50_5IT_12Jul.dat,0.15,True,10,0,0.17858532308795466,5
NewFloq_REF_Bro57_Eps015_T50_5IT_12Jul.dat,0.15,True,10,1,0.2193140125358268,4
NewFloq_REF_Bro57_Eps015_T50_5IT_12Jul.dat,0.15,True,10,2,0.17849421700999535,4
NewFloq_REF_Bro57_Eps015_T50_5IT_12Jul.dat,0.15,True,10,3,0.24124331955573733,4
NewFloq_REF_Bro57_Eps015_T50_5IT_12Jul.dat,0.15,True,10,4,0.20163035958664743,4
NewFloq_REF_Bro57_Eps015_T50_5IT_12Jul.dat,0.15,True,10,5,0.22337230707741676,4
NewFloq_REF_Bro57_Eps015_T50_5IT_12Jul.dat,0.15,True,10,6,0.20247816600147853,4
NewFloq_REF_Bro57_Eps015_T50_5IT_12Jul.dat,0.15,True,10,7,0.22193083847088105,4
NewFloq_REF_Bro57_Eps015_T50_5IT_12Jul.dat,0.15,True,10,8,0.17317719347220387,4
NewFloq_REF_Bro57_Eps015_T50_5IT_12Jul.dat,0.15,True,10,9,0.24656218845844893,4
NewFloq_REF_Bro57_Eps015_T50_5IT_31Aug.dat,0.15,True,1,0,0.04341330547448667,50
NewFloq_REF_Bro57_Eps015_T50_5IT_31Aug.dat,0.15,True,2,0,0.425206813357531,25
NewFloq_REF_Bro57_Eps015_T50_5IT_31Aug.dat,0.15,True,2,1,0.48938648713049887,24
NewFloq_REF_Bro57_Eps015_T50_5IT_31Aug.dat,0.15,True,3,0,0.02612937664699995,16
NewFloq_REF_Bro57_Eps015_T50_5IT_31Aug.dat,0.15,True,3,1,0.046035089951680944,16
NewFloq_REF_Bro57_Eps015_T50_5IT_31Aug.dat,0.15,True,3,2,0.07116773490276987,16
NewFloq_REF_Bro57_Eps015_T50_5IT_31Aug.dat,0.15,True,4,0,0.34930513301058763,12
NewFloq_REF_Bro57_Eps015_T50_5IT_31Aug.dat,0.15,True,4,1,0.4377846389938787,12
NewFloq_REF_Bro57_Eps015_T50_5IT_31Aug.dat,0.15,True,4,2,0.37761679988409563,12
NewFloq_REF_Bro57_Eps015_T50_5IT_31Aug.dat,0.15,True,4,3,0.4129918787049919,11
NewFloq_REF_Bro57_Eps015_T50_5IT_31Aug.dat,0.15,True,5,0,0.05431052643498989,10
NewFloq_REF_Bro57_Eps015_T50_5IT_31Aug.dat,0.15,True,5,1,0.03723835155944195,9
NewFloq_REF_Bro57_Eps015_T50_5IT_31Aug.dat,0.15,True,5,2,0.03040390688791944,9
NewFloq_REF_Bro57_Eps015_T50_5IT_31Aug.dat,0.15,True,5,3,0.050902829126024625,9
NewFloq_REF_Bro57_Eps015_T50_5IT_31Aug.dat,0.15,True,5,4,0.09816463152735283,9
NewFloq_REF_Bro57_Eps015_T50_5IT_31Aug.dat,0.15,True,6,0,0.311786403120138,8
NewFloq_REF_Bro57_Eps015_T50_5IT_31Aug.dat,0.15,True,6,1,0.3684535876122341,8
NewFloq_REF_Bro57_Eps015_T50_5IT_31Aug.dat,0.15,True,6,2,0.31001676316493376,8
NewFloq_REF_Bro57_Eps015_T50_5IT_31Aug.dat,0.15,True,6,3,0.38115894255377175,7
NewFloq_REF_Bro57_Eps015_T50_5IT_31Aug.dat,0.15,True,6,4,0.2812264523710265,7
NewFloq_REF_Bro57_Eps015_T50_5IT_31Aug.dat,0.15,True,6,5,0.38340136101630273,7
NewFloq_REF_Bro57_Eps015_T50_5IT_31Aug.dat,0.15,True,7,0,0.02574687857854635,7
NewFloq_REF_Bro57_Eps015_T50_5IT_31Aug.dat,0.15,True,7,1,0.05513604908976953,7
NewFloq_REF_Bro57_Eps015_T50_5IT_31Aug.dat,0.15,True,7,2,0.05742718821247658,6
NewFloq_REF_Bro57_Eps015_T50_5IT_31Aug.dat,0.15,True,7,3,0.0615928148752436,6
NewFloq_REF_Bro57_Eps015_T50_5IT_31Aug.dat,0.15,True,7,4,0.04307989881353444,6
NewFloq_REF_Bro57_Eps015_T50_5IT_31Aug.dat,0.15,True,7,5,0.07054513846969541,6
NewFloq_REF_Bro57_Eps015_T50_5IT_31Aug.dat,0.15,True,7,6,0.05438360730283292,6
NewFloq_REF_Bro57_Eps015_T50_5IT_31Aug.dat,0.15,True,8,0,0.2825125534346768,6
NewFloq_REF_Bro57_Eps015_T50_5IT_31Aug.dat,0.15,True,8,1,0.34536206494326693,6
NewFloq_REF_Bro57_Eps015_T50_5IT_31Aug.dat,0.15,True,8,2,0.268538812179191,6
NewFloq_REF_Bro57_Eps015_T50_5IT_31Aug.dat,0.15,True,8,3,0.3202846916009009,5
NewFloq_REF_Bro57_Eps015_T50_5IT_31Aug.dat,0.15,True,8,4,0.27885228523373745,5
NewFloq_REF_Bro57_Eps015_T50_5IT_31Aug.dat,0.15,True,8,5,0.35192029110189216,5
NewFloq_REF_Bro57_Eps015_T50_5IT_31Aug.dat,0.15,True,8,6,0.23942242659589738,5
NewFloq_REF_Bro57_Eps015_T50_5IT_31Aug.dat,0.15,True,8,7,0.3448683360631898,5
NewFloq_REF_Bro57_Eps015_T50_5IT_31Aug.dat,0.15,True,9,0,0.07062505804354942,5
NewFloq_REF_Bro57_Eps015_T50_5IT_31Aug.dat,0.15,True,9,1,0.030300963303636408,5
NewFloq_REF_Bro57_Eps015_T50_5IT_31Aug.dat,0.15,True,9,2,0.07219327082862802,5
NewFloq_REF_Bro57_Eps015_T50_5IT_31Aug.dat,0.15,True,9,3,0.027454497081945084,5
NewFloq_REF_Bro57_Eps015_T50_5IT_31Aug.dat,0.15,True,9,4,0.09142778283868744,5
NewFloq_REF_Bro57_Eps015_T50_5IT_31Aug.dat,0.15,True,9,5,0.05488585308469142,5
NewFloq_REF_Bro57_Eps015_T50_5IT_31Aug.dat,0.15,True,9,6,0.03308604553662352,4
NewFloq_REF_Bro57_Eps015_T50_5IT_31Aug.dat,0.15,True,9,7,0.07601207964194254,4
NewFloq_REF_Bro57_Eps015_T50_5IT_31Aug.dat,0.15,True,9,8,0.06779972612232046,4
NewFloq_REF_Bro57_Eps015_T50_5IT_31Aug.dat,0.15,True,10,0,0.19659130585514922,5
NewFloq_REF_Bro57_Eps015_T50_5IT_31Aug.dat,0.15,True,10,1,0.29299463166614526,4
NewFloq_REF_Bro57_Eps015_T50_5IT_31Aug.dat,0.15,True,10,2,0.2053906718177502,4
NewFloq_REF_Bro57_Eps015_T50_5IT_31Aug.dat,0.15,True,10,3,0.349474762449452,4
NewFloq_REF_Bro57_Eps015_T50_5IT_31Aug.dat,0.15,True,10,4,0.3044124753823787,4
NewFloq_REF_Bro57_Eps015_T50_5IT_31Aug.dat,0.15,True,10,5,0.3312681584398971,4
NewFloq_REF_Bro57_Eps015_T50_5IT_31Aug.dat,0.15,True,10,6,0.22925054596013675,4
NewFloq_REF_Bro57_Eps015_T50_5IT_31Aug.dat,0.15,True,10,7,0.33021101833418165,4
NewFloq_REF_Bro57_Eps015_T50_5IT_31Aug.dat,0.15,True,10,8,0.2104087577399441,4
NewFloq_REF_Bro57_Eps015_T50_5IT_31Aug.dat,0.15,True,10,9,0.31486853454565533,4
NewFloq_REF_Bro57_Eps017_T50_5IT_01Sep.dat,0.17,True,1,0,0.05770240678701862,50
NewFloq_REF_Bro57_Eps017_T50_5IT_01Sep.dat,0.17,True,2,0,0.34468746040221326,25
NewFloq_REF_Bro57_Eps017_T50_5IT_01Sep.dat,0.17,True,2,1,0.354675722427965,24
NewFloq_REF_Bro57_Eps017_T50_5IT_01Sep.dat,0.17,True,3,0,0.06316634314569189,16
NewFloq_REF_Bro57_Eps017_T50_5IT_01Sep.dat,0.17,True,3,1,0.0849126173655487,16
NewFloq_REF_Bro57_Eps017_T50_5IT_01Sep.dat,0.17,True,3,2,0.10816415564996182,16
NewFloq_REF_Bro57_Eps017_T50_5IT_01Sep.dat,0.17,True,4,0,0.22787472969942502,12
NewFloq_REF_Bro57_Eps017_T50_5IT_01Sep.dat,0.17,True,4,1,0.3766166373647571,12
NewFloq_REF_Bro57_Eps017_T50_5IT_01Sep.dat,0.17,True,4,2,0.24623903066726913,12
NewFloq_REF_Bro57_Eps017_T50_5IT_01Sep.dat,0.17,True,4,3,0.2633909747663437,11
NewFloq_REF_Bro57_Eps017_T50_5IT_01Sep.dat,0.17,True,5,0,0.07849201533103575,10
NewFloq_REF_Bro57_Eps017_T50_5IT_01Sep.dat,0.17,True,5,1,0.025436832457418804,9
NewFloq_REF_Bro57_Eps017_T50_5IT_01Sep.dat,0.17,True,5,2,0.1285693306070378,9
NewFloq_REF_Bro57_Eps017_T50_5IT_01Sep.dat,0.17,True,5,3,0.0963595470705976,9
NewFloq_REF_Bro57_Eps017_T50_5IT_01Sep.dat,0.17,True,5,4,0.08176935980272589,9
NewFloq_REF_Bro57_Eps017_T50_5IT_01Sep.dat,0.17,True,6,0,0.18957307893841266,8
NewFloq_REF_Bro57_Eps017_T50_5IT_01Sep.dat,0.17,True,6,1,0.19386542172535465,8
NewFloq_REF_Bro57_Eps017_T50_5IT_01Sep.dat,0.17,True,6,2,0.20001437118797366,8
NewFloq_REF_Bro57_Eps017_T50_5IT_01Sep.dat,0.17,True,6,3,0.2946443033930956,7
NewFloq_REF_Bro57_Eps017_T50_5IT_01Sep.dat,0.17,True,6,4,0.3067466498172511,7
NewFloq_REF_Bro57_Eps017_T50_5IT_01Sep.dat,0.17,True,6,5,0.27896733809340435,7
NewFloq_REF_Bro57_Eps017_T50_5IT_01Sep.dat,0.17,True,7,0,0.08939266542460901,7
NewFloq_REF_Bro57_Eps017_T50_5IT_01Sep.dat,0.17,True,7,1,0.06400483336861082,7
NewFloq_REF_Bro57_Eps017_T50_5IT_01Sep.dat,0.17,True,7,2,0.0573955772785859,6
NewFloq_REF_Bro57_Eps017_T50_5IT_01Sep.dat,0.17,True,7,3,0.024413201489210928,6
NewFloq_REF_Bro57_Eps017_T50_5IT_01Sep.dat,0.17,True,7,4,0.06248839912623105,6
NewFloq_REF_Bro57_Eps017_T50_5IT_01Sep.dat,0.17,True,7,5,0.04125582516662308,6
NewFloq_REF_Bro57_Eps017_T50_5IT_01Sep.dat,0.17,True,7,6,0.05006225023883939,6
NewFloq_REF_Bro57_Eps017_T50_5IT_01Sep.dat,0.17,True,8,0,0.18342388260751688,6
NewFloq_REF_Bro57_Eps017_T50_5IT_01Sep.dat,0.17,True,8,1,0.26358052700364093,6
NewFloq_REF_Bro57_Eps017_T50_5IT_01Sep.dat,0.17,True,8,2,0.1909890886078647,6
NewFloq_REF_Bro57_Eps017_T50_5IT_01Sep.dat,0.17,True,8,3,0.1831722745536128,5
NewFloq_REF_Bro57_Eps017_T50_5IT_01Sep.dat,0.17,True,8,4,0.18732626548982456,5
NewFloq_REF_Bro57_Eps017_T50_5IT_01Sep.dat,0.17,True,8,5,0.2635383446656184,5
NewFloq_REF_Bro57_Eps017_T50_5IT_01Sep.dat,0.17,True,8,6,0.2828324698035161,5
NewFloq_REF_Bro57_Eps017_T50_5IT_01Sep.dat,0.17,True,8,7,0.24942389895675432,5
NewFloq_REF_Bro57_Eps017_T50_5IT_01Sep.dat,0.17,True,9,0,0.030825843721677054,5
NewFloq_REF_Bro57_Eps017_T50_5IT_01Sep.dat,0.17,True,9,1,0.03256908375200633,5
NewFloq_REF_Bro57_Eps017_T50_5IT_01Sep.dat,0.17,True,9,2,0.04131415243671248,5
NewFloq_REF_Bro57_Eps017_T50_5IT_01Sep.dat,0.17,True,9,3,0.04394887032833803,5
NewFloq_REF_Bro57_Eps017_T50_5IT_01Sep.dat,0.17,True,9,4,0.025737908665489233,5
NewFloq_REF_Bro57_Eps017_T50_5IT_01Sep.dat,0.17,True,9,5,0.136559889158781,5
NewFloq_REF_Bro57_Eps017_T50_5IT_01Sep.dat,0.17,True,9,6,0.06882775550846548,4
NewFloq_REF_Bro57_Eps017_T50_5IT_01Sep.dat,0.17,True,9,7,0.09010512464598382,4
NewFloq_REF_Bro57_Eps017_T50_5IT_01Sep.dat,0.17,True,9,8,0.07569787119940219,4
NewFloq_REF_Bro57_Eps017_T50_5IT_01Sep.dat,0.17,True,10,0,0.16653145312361542,5
NewFloq_REF_Bro57_Eps017_T50_5IT_01Sep.dat,0.17,True,10,1,0.2082809324099767,4
NewFloq_REF_Bro57_Eps017_T50_5IT_01Sep.dat,0.17,True,10,2,0.16094584213236773,4
NewFloq_REF_Bro57_Eps017_T50_5IT_01Sep.dat,0.17,True,10,3,0.1769821239250238,4
NewFloq_REF_Bro57_Eps017_T50_5IT_01Sep.dat,0.17,True,10,4,0.19311859456436534,4
NewFloq_REF_Bro57_Eps017_T50_5IT_01Sep.dat,0.17,True,10,5,0.2522303774748269,4
NewFloq_REF_Bro57_Eps017_T50_5IT_01Sep.dat,0.17,True,10,6,0.23680393955020132,4
NewFloq_REF_Bro57_Eps017_T50_5IT_01Sep.dat,0.17,True,10,7,0.20863226586843495,4
NewFloq_REF_Bro57_Eps017_T50_5IT_01Sep.dat,0.17,True,10,8,0.20024723852189147,4
NewFloq_REF_Bro57_Eps017_T50_5IT_01Sep.dat,0.17,True,10,9,0.24298071559516987,4
NewFloq_REF_Bro57_Eps017_T50_5IT_02Sep.dat,0.17,True,1,0,0.01323462384621419,50
NewFloq_REF_Bro57_Eps017_T50_5IT_02Sep.dat,0.17,True,2,0,0.3796296930713961,25
NewFloq_REF_Bro57_Eps017_T50_5IT_02Sep.dat,0.17,True,2,1,0.40167676646055944,24
NewFloq_REF_Bro57_Eps017_T50_5IT_02Sep.dat,0.17,True,3,0,0.020430874767310682,16
NewFloq_REF_Bro57_Eps017_T50_5IT_02Sep.dat,0.17,True,3,1,0.01713605244010989,16
NewFloq_REF_Bro57_Eps017_T50_5IT_02Sep.dat,0.17,True,3,2,0.017145049464203345,16
NewFloq_REF_Bro57_Eps017_T50_5IT_02Sep.dat,0.17,True,4,0,0.3112760976111762,12
NewFloq_REF_Bro57_Eps017_T50_5IT_02Sep.dat,0.17,True,4,1,0.3588586856369869,12
NewFloq_REF_Bro57_Eps017_T50_5IT_02Sep.dat,0.17,True,4,2,0.3275402375953566,12
NewFloq_REF_Bro57_Eps017_T50_5IT_02Sep.dat,0.17,True,4,3,0.35829714575038707,11
NewFloq_REF_Bro57_Eps017_T50_5IT_02Sep.dat,0.17,True,5,0,0.026420994023234057,10
NewFloq_REF_Bro57_Eps017_T50_5IT_02Sep.dat,0.17,True,5,1,0.027663184174421818,9
NewFloq_REF_Bro57_Eps017_T50_5IT_02Sep.dat,0.17,True,5,2,0.02035475760276953,9
NewFloq_REF_Bro57_Eps017_T50_5IT_02Sep.dat,0.17,True,5,3,0.027685536510887388,9
NewFloq_REF_Bro57_Eps017_T50_5IT_02Sep.dat,0.17,True,5,4,0.028736144251997664,9
NewFloq_REF_Bro57_Eps017_T50_5IT_02Sep.dat,0.17,True,6,0,0.28963254521334003,8
NewFloq_REF_Bro57_Eps017_T50_5IT_02Sep.dat,0.17,True,6,1,0.3270743794752353,8
NewFloq_REF_Bro57_Eps017_T50_5IT_02Sep.dat,0.17,True,6,2,0.31060267010777975,8
NewFloq_REF_Bro57_Eps017_T50_5IT_02Sep.dat,0.17,True,6,3,0.3208231444957915,7
NewFloq_REF_Bro57_Eps017_T50_5IT_02Sep.dat,0.17,True,6,4,0.2729713037436871,7
NewFloq_REF_Bro57_Eps017_T50_5IT_02Sep.dat,0.17,True,6,5,0.3371168231838863,7
NewFloq_REF_Bro57_Eps017_T50_5IT_02Sep.dat,0.17,True,7,0,0.03183660872158092,7
NewFloq_REF_Bro57_Eps017_T50_5IT_02Sep.dat,0.17,True,7,1,0.04022653990730119,7
NewFloq_REF_Bro57_Eps017_T50_5IT_02Sep.dat,0.17,True,7,2,0.029783342918441234,6
NewFloq_REF_Bro57_Eps017_T50_5IT_02Sep.dat,0.17,True,7,3,0.023338738922800615,6
NewFloq_REF_Bro57_Eps017_T50_5IT_02Sep.dat,0.17,True,7,4,0.022754962714013473,6
NewFloq_REF_Bro57_Eps017_T50_5IT_02Sep.dat,0.17,True,7,5,0.03285829759988091,6
NewFloq_REF_Bro57_Eps017_T50_5IT_02Sep.dat,0.17,True,7,6,0.037996411492212355,6
NewFloq_REF_Bro57_Eps017_T50_5IT_02Sep.dat,0.17,True,8,0,0.28245353061900635,6
NewFloq_REF_Bro57_Eps017_T50_5IT_02Sep.dat,0.17,True,8,1,0.3076032566842291,6
NewFloq_REF_Bro57_Eps017_T50_5IT_02Sep.dat,0.17,True,8,2,0.28419247215065396,6
NewFloq_REF_Bro57_Eps017_T50_5IT_02Sep.dat,0.17,True,8,3,0.28865539744967306,5
NewFloq_REF_Bro57_Eps017_T50_5IT_02Sep.dat,0.17,True,8,4,0.2498339376116446,5
NewFloq_REF_Bro57_Eps017_T50_5IT_02Sep.dat,0.17,True,8,5,0.30369680588388454,5
NewFloq_REF_Bro57_Eps017_T50_5IT_02Sep.dat,0.17,True,8,6,0.29833553686419567,5
NewFloq_REF_Bro57_Eps017_T50_5IT_02Sep.dat,0.17,True,8,7,0.33249766220329835,5
NewFloq_REF_Bro57_Eps017_T50_5IT_02Sep.dat,0.17,True,9,0,0.04084362108710743,5
NewFloq_REF_Bro57_Eps017_T50_5IT_02Sep.dat,0.17,True,9,1,0.03398859833098018,5
NewFloq_REF_Bro57_Eps017_T50_5IT_02Sep.dat,0.17,True,9,2,0.03483314546895905,5
NewFloq_REF_Bro57_Eps017_T50_5IT_02Sep.dat,0.17,True,9,3,0.02600836923966715,5
NewFloq_REF_Bro57_Eps017_T50_5IT_02Sep.dat,0.17,True,9,4,0.049235782551750575,5
NewFloq_REF_Bro57_Eps017_T50_5IT_02Sep.dat,0.17,True,9,5,0.03273875020600649,5
NewFloq_REF_Bro57_Eps017_T50_5IT_02Sep.dat,0.17,True,9,6,0.03769139566148821,4
NewFloq_REF_Bro57_Eps017_T50_5IT_02Sep.dat,0.17,True,9,7,0.04545770046934716,4
NewFloq_REF_Bro57_Eps017_T50_5IT_02Sep.dat,0.17,True,9,8,0.04032579912641106,4
NewFloq_REF_Bro57_Eps017_T50_5IT_02Sep.dat,0.17,True,10,0,0.21786725982880414,5
NewFloq_REF_Bro57_Eps017_T50_5IT_02Sep.dat,0.17,True,10,1,0.24710379644905917,4
NewFloq_REF_Bro57_Eps017_T50_5IT_02Sep.dat,0.17,True,10,2,0.21538856293008993,4
NewFloq_REF_Bro57_Eps017_T50_5IT_02Sep.dat,0.17,True,10,3,0.3162771815687474,4
NewFloq_REF_Bro57_Eps017_T50_5IT_02Sep.dat,0.17,True,10,4,0.288092852549918,4
NewFloq_REF_Bro57_Eps017_T50_5IT_02Sep.dat,0.17,True,10,5,0.339668891240713,4
NewFloq_REF_Bro57_Eps017_T50_5IT_02Sep.dat,0.17,True,10,6,0.2742296912335641,4
NewFloq_REF_Bro57_Eps017_T50_5IT_02Sep.dat,0.17,True,10,7,0.2992442708661954,4
NewFloq_REF_Bro57_Eps017_T50_5IT_02Sep.dat,0.17,True,10,8,0.27778944951409856,4
NewFloq_REF_Bro57_Eps017_T50_5IT_02Sep.dat,0.17,True,10,9,0.2986854059124663,4
NewFloq_REF_Bro57_Eps017_T50_5IT_12Jul.dat,0.17,True,1,0,0.023203811148401293,50
NewFloq_REF_Bro57_Eps017_T50_5IT_12Jul.dat,0.17,True,2,0,0.33097894591637156,25
NewFloq_REF_Bro57_Eps017_T50_5IT_12Jul.dat,0.17,True,2,1,0.3498144282095283,24
NewFloq_REF_Bro57_Eps017_T50_5IT_12Jul.dat,0.17,True,3,0,0.025695186011946175,16
NewFloq_REF_Bro57_Eps017_T50_5IT_12Jul.dat,0.17,True,3,1,0.023684919783595514,16
NewFloq_REF_Bro57_Eps017_T50_5IT_12Jul.dat,0.17,True,3,2,0.026381713128621656,16
NewFloq_REF_Bro57_Eps017_T50_5IT_12Jul.dat,0.17,True,4,0,0.2854296324482553,12
NewFloq_REF_Bro57_Eps017_T50_5IT_12Jul.dat,0.17,True,4,1,0.3286451958361441,12
NewFloq_REF_Bro57_Eps017_T50_5IT_12Jul.dat,0.17,True,4,2,0.28195691505283027,12
NewFloq_REF_Bro57_Eps017_T50_5IT_12Jul.dat,0.17,True,4,3,0.2974873747376969,11
NewFloq_REF_Bro57_Eps017_T50_5IT_12Jul.dat,0.17,True,5,0,0.026282217643070233,10
NewFloq_REF_Bro57_Eps017_T50_5IT_12Jul.dat,0.17,True,5,1,0.026614405209885894,9
NewFloq_REF_Bro57_Eps017_T50_5IT_12Jul.dat,0.17,True,5,2,0.03059660744997957,9
NewFloq_REF_Bro57_Eps017_T50_5IT_12Jul.dat,0.17,True,5,3,0.032643319693866704,9
NewFloq_REF_Bro57_Eps017_T50_5IT_12Jul.dat,0.17,True,5,4,0.03700970000216067,9
NewFloq_REF_Bro57_Eps017_T50_5IT_12Jul.dat,0.17,True,6,0,0.23194262628341117,8
NewFloq_REF_Bro57_Eps017_T50_5IT_12Jul.dat,0.17,True,6,1,0.28665578059465713,8
NewFloq_REF_Bro57_Eps017_T50_5IT_12Jul.dat,0.17,True,6,2,0.2807419983713982,8
NewFloq_REF_Bro57_Eps017_T50_5IT_12Jul.dat,0.17,True,6,3,0.29757340518283953,7
NewFloq_REF_Bro57_Eps017_T50_5IT_12Jul.dat,0.17,True,6,4,0.2539386261722062,7
NewFloq_REF_Bro57_Eps017_T50_5IT_12Jul.dat,0.17,True,6,5,0.29351237851021095,7
NewFloq_REF_Bro57_Eps017_T50_5IT_12Jul.dat,0.17,True,7,0,0.043778931304025756,7
NewFloq_REF_Bro57_Eps017_T50_5IT_12Jul.dat,0.17,True,7,1,0.04425279585688286,7
NewFloq_REF_Bro57_Eps017_T50_5IT_12Jul.dat,0.17,True,7,2,0.0409350584297622,6
NewFloq_REF_Bro57_Eps017_T50_5IT_12Jul.dat,0.17,True,7,3,0.03431856938143447,6
NewFloq_REF_Bro57_Eps017_T50_5IT_12Jul.dat,0.17,True,7,4,0.035001818531657534,6
NewFloq_REF_Bro57_Eps017_T50_5IT_12Jul.dat,0.17,True,7,5,0.02507350263714507,6
NewFloq_REF_Bro57_Eps017_T50_5IT_12Jul.dat,0.17,True,7,6,0.04968054059163838,6
NewFloq_REF_Bro57_Eps017_T50_5IT_12Jul.dat,0.17,True,8,0,0.22323354719098606,6
NewFloq_REF_Bro57_Eps017_T50_5IT_12Jul.dat,0.17,True,8,1,0.252250739047769,6
NewFloq_REF_Bro57_Eps017_T50_5IT_12Jul.dat,0.17,True,8,2,0.2461005025822953,6
NewFloq_REF_Bro57_Eps017_T50_5IT_12Jul.dat,0.17,True,8,3,0.2333670644881672,5
NewFloq_REF_Bro57_Eps017_T50_5IT_12Jul.dat,0.17,True,8,4,0.24191170850772664,5
NewFloq_REF_Bro57_Eps017_T50_5IT_12Jul.dat,0.17,True,8,5,0.29757062963548636,5
NewFloq_REF_Bro57_Eps017_T50_5IT_12Jul.dat,0.17,True,8,6,0.23861027937309612,5
NewFloq_REF_Bro57_Eps017_T50_5IT_12Jul.dat,0.17,True,8,7,0.29797949011688635,5
NewFloq_REF_Bro57_Eps017_T50_5IT_12Jul.dat,0.17,True,9,0,0.03646967382482784,5
NewFloq_REF_Bro57_Eps017_T50_5IT_12Jul.dat,0.17,True,9,1,0.04425733918395057,5
NewFloq_REF_Bro57_Eps017_T50_5IT_12Jul.dat,0.17,True,9,2,0.035553374955717816,5
NewFloq_REF_Bro57_Eps017_T50_5IT_12Jul.dat,0.17,True,9,3,0.044419476250259424,5
NewFloq_REF_Bro57_Eps017_T50_5IT_12Jul.dat,0.17,True,9,4,0.042386236968623134,5
NewFloq_REF_Bro57_Eps017_T50_5IT_12Jul.dat,0.17,True,9,5,0.04628955969599518,5
NewFloq_REF_Bro57_Eps017_T50_5IT_12Jul.dat,0.17,True,9,6,0.052759819673313724,4
NewFloq_REF_Bro57_Eps017_T50_5IT_12Jul.dat,0.17,True,9,7,0.05025297354312136,4
NewFloq_REF_Bro57_Eps017_T50_5IT_12Jul.dat,0.17,True,9,8,0.04764475271167525,4
NewFloq_REF_Bro57_Eps017_T50_5IT_12Jul.dat,0.17,True,10,0,0.20587242096058572,5
NewFloq_REF_Bro57_Eps017_T50_5IT_12Jul.dat,0.17,True,10,1,0.22596773044736432,4
NewFloq_REF_Bro57_Eps017_T50_5IT_12Jul.dat,0.17,True,10,2,0.1925605375399454,4
NewFloq_REF_Bro57_Eps017_T50_5IT_12Jul.dat,0.17,True,10,3,0.2465577533864428,4
NewFloq_REF_Bro57_Eps017_T50_5IT_12Jul.dat,0.17,True,10,4,0.2265918130575195,4
NewFloq_REF_Bro57_Eps017_T50_5IT_12Jul.dat,0.17,True,10,5,0.2797511752818022,4
NewFloq_REF_Bro57_Eps017_T50_5IT_12Jul.dat,0.17,True,10,6,0.2496106764132362,4
NewFloq_REF_Bro57_Eps017_T50_5IT_12Jul.dat,0.17,True,10,7,0.2613594330852916,4
NewFloq_REF_Bro57_Eps017_T50_5IT_12Jul.dat,0.17,True,10,8,0.22242551489323314,4
NewFloq_REF_Bro57_Eps017_T50_5IT_12Jul.dat,0.17,True,10,9,0.23505307782761464,4
NewFloq_REF_Bro57_Eps017_T50_5IT_21Aug.dat,0.17,True,1,0,0.017228826376184593,50
NewFloq_REF_Bro57_Eps017_T50_5IT_21Aug.dat,0.17,True,2,0,0.38268127776344923,25
NewFloq_REF_Bro57_Eps017_T50_5IT_21Aug.dat,0.17,True,2,1,0.39187321986851814,24
NewFloq_REF_Bro57_Eps017_T50_5IT_21Aug.dat,0.17,True,3,0,0.01679651123154225,16
NewFloq_REF_Bro57_Eps017_T50_5IT_21Aug.dat,0.17,True,3,1,0.01680746376852437,16
NewFloq_REF_Bro57_Eps017_T50_5IT_21Aug.dat,0.17,True,3,2,0.02944787482914114,16
NewFloq_REF_Bro57_Eps017_T50_5IT_21Aug.dat,0.17,True,4,0,0.3521659798186303,12
NewFloq_REF_Bro57_Eps017_T50_5IT_21Aug.dat,0.17,True,4,1,0.36637344691383245,12
NewFloq_REF_Bro57_Eps017_T50_5IT_21Aug.dat,0.17,True,4,2,0.319752828388057,12
NewFloq_REF_Bro57_Eps017_T50_5IT_21Aug.dat,0.17,True,4,3,0.329181957998098,11
NewFloq_REF_Bro57_Eps017_T50_5IT_21Aug.dat,0.17,True,5,0,0.0310708815669279,10
NewFloq_REF_Bro57_Eps017_T50_5IT_21Aug.dat,0.17,True,5,1,0.02752240045099784,9
NewFloq_REF_Bro57_Eps017_T50_5IT_21Aug.dat,0.17,True,5,2,0.016271321179501304,9
NewFloq_REF_Bro57_Eps017_T50_5IT_21Aug.dat,0.17,True,5,3,0.023530792770638662,9
NewFloq_REF_Bro57_Eps017_T50_5IT_21Aug.dat,0.17,True,5,4,0.02600344118723942,9
NewFloq_REF_Bro57_Eps017_T50_5IT_21Aug.dat,0.17,True,6,0,0.30752813357683,8
NewFloq_REF_Bro57_Eps017_T50_5IT_21Aug.dat,0.17,True,6,1,0.325304827371933,8
NewFloq_REF_Bro57_Eps017_T50_5IT_21Aug.dat,0.17,True,6,2,0.2976795619861773,8
NewFloq_REF_Bro57_Eps017_T50_5IT_21Aug.dat,0.17,True,6,3,0.3198155007283621,7
NewFloq_REF_Bro57_Eps017_T50_5IT_21Aug.dat,0.17,True,6,4,0.2957658549727776,7
NewFloq_REF_Bro57_Eps017_T50_5IT_21Aug.dat,0.17,True,6,5,0.3216131411991879,7
NewFloq_REF_Bro57_Eps017_T50_5IT_21Aug.dat,0.17,True,7,0,0.036341908609741805,7
NewFloq_REF_Bro57_Eps017_T50_5IT_21Aug.dat,0.17,True,7,1,0.03535950756179761,7
NewFloq_REF_Bro57_Eps017_T50_5IT_21Aug.dat,0.17,True,7,2,0.023615358207497578,6
NewFloq_REF_Bro57_Eps017_T50_5IT_21Aug.dat,0.17,True,7,3,0.03777419029887047,6
NewFloq_REF_Bro57_Eps017_T50_5IT_21Aug.dat,0.17,True,7,4,0.015735845137468975,6
NewFloq_REF_Bro57_Eps017_T50_5IT_21Aug.dat,0.17,True,7,5,0.017985009611160906,6
NewFloq_REF_Bro57_Eps017_T50_5IT_21Aug.dat,0.17,True,7,6,0.03542640960373534,6
NewFloq_REF_Bro57_Eps017_T50_5IT_21Aug.dat,0.17,True,8,0,0.3121395466774915,6
NewFloq_REF_Bro57_Eps017_T50_5IT_21Aug.dat,0.17,True,8,1,0.29946389727064415,6
NewFloq_REF_Bro57_Eps017_T50_5IT_21Aug.dat,0.17,True,8,2,0.24482237154132488,6
NewFloq_REF_Bro57_Eps017_T50_5IT_21Aug.dat,0.17,True,8,3,0.24793902833544976,5
NewFloq_REF_Bro57_Eps017_T50_5IT_21Aug.dat,0.17,True,8,4,0.2575321574651174,5
NewFloq_REF_Bro57_Eps017_T50_5IT_21Aug.dat,0.17,True,8,5,0.3234808652127212,5
NewFloq_REF_Bro57_Eps017_T50_5IT_21Aug.dat,0.17,True,8,6,0.3164525338959011,5
NewFloq_REF_Bro57_Eps017_T50_5IT_21Aug.dat,0.17,True,8,7,0.34729621588124765,5
NewFloq_REF_Bro57_Eps017_T50_5IT_21Aug.dat,0.17,True,9,0,0.03310561143554487,5
NewFloq_REF_Bro57_Eps017_T50_5IT_21Aug.dat,0.17,True,9,1,0.026811438428245092,5
NewFloq_REF_Bro57_Eps017_T50_5IT_21Aug.dat,0.17,True,9,2,0.0356163342777379,5
NewFloq_REF_Bro57_Eps017_T50_5IT_21Aug.dat,0.17,True,9,3,0.029007982890714795,5
NewFloq_REF_Bro57_Eps017_T50_5IT_21Aug.dat,0.17,True,9,4,0.042973379211150145,5
NewFloq_REF_Bro57_Eps017_T50_5IT_21Aug.dat,0.17,True,9,5,0.04929494440064431,5
NewFloq_REF_Bro57_Eps017_T50_5IT_21Aug.dat,0.17,True,9,6,0.032475765327732053,4
NewFloq_REF_Bro57_Eps017_T50_5IT_21Aug.dat,0.17,True,9,7,0.04762538910180906,4
NewFloq_REF_Bro57_Eps017_T50_5IT_21Aug.dat,0.17,True,9,8,0.03842076312719885,4
NewFloq_REF_Bro57_Eps017_T50_5IT_21Aug.dat,0.17,True,10,0,0.23089477547703016,5
NewFloq_REF_Bro57_Eps017_T50_5IT_21Aug.dat,0.17,True,10,1,0.24187678486917555,4
NewFloq_REF_Bro57_Eps017_T50_5IT_21Aug.dat,0.17,True,10,2,0.24268787518666893,4
NewFloq_REF_Bro57_Eps017_T50_5IT_21Aug.dat,0.17,True,10,3,0.33736809723403705,4
NewFloq_REF_Bro57_Eps017_T50_5IT_21Aug.dat,0.17,True,10,4,0.2887785293497586,4
NewFloq_REF_Bro57_Eps017_T50_5IT_21Aug.dat,0.17,True,10,5,0.319884192917456,4
NewFloq_REF_Bro57_Eps017_T50_5IT_21Aug.dat,0.17,True,10,6,0.3225401453268787,4
NewFloq_REF_Bro57_Eps017_T50_5IT_21Aug.dat,0.17,True,10,7,0.3476097901334548,4
NewFloq_REF_Bro57_Eps017_T50_5IT_21Aug.dat,0.17,True,10,8,0.2745981773165924,4
NewFloq_REF_Bro57_Eps017_T50_5IT_21Aug.dat,0.17,True,10,9,0.3009524136525972,4
NewFloq_REF_Bro57_Eps01_T50_5IT_20Aug.dat,0.1,True,1,0,0.03161671318762656,50
NewFloq_REF_Bro57_Eps01_T50_5IT_20Aug.dat,0.1,True,2,0,0.4593441604067695,25
NewFloq_REF_Bro57_Eps01_T50_5IT_20Aug.dat,0.1,True,2,1,0.4508486484841119,24
NewFloq_REF_Bro57_Eps01_T50_5IT_20Aug.dat,0.1,True,3,0,0.04032764206649943,16
NewFloq_REF_Bro57_Eps01_T50_5IT_20Aug.dat,0.1,True,3,1,0.02272689839550169,16
NewFloq_REF_Bro57_Eps01_T50_5IT_20Aug.dat,0.1,True,3,2,0.035324107914983145,16
NewFloq_REF_Bro57_Eps01_T50_5IT_20Aug.dat,0.1,True,4,0,0.41884893960287367,12
NewFloq_REF_Bro57_Eps01_T50_5IT_20Aug.dat,0.1,True,4,1,0.453741789848292,12
NewFloq_REF_Bro57_Eps01_T50_5IT_20Aug.dat,0.1,True,4,2,0.406376326471868,12
NewFloq_REF_Bro57_Eps01_T50_5IT_20Aug.dat,0.1,True,4,3,0.44192762967174437,11
NewFloq_REF_Bro57_Eps01_T50_5IT_20Aug.dat,0.1,True,5,0,0.020787028472373653,10
NewFloq_REF_Bro57_Eps01_T50_5IT_20Aug.dat,0.1,True,5,1,0.024176141474018184,9
NewFloq_REF_Bro57_Eps01_T50_5IT_20Aug.dat,0.1,True,5,2,0.015388171239901834,9
NewFloq_REF_Bro57_Eps01_T50_5IT_20Aug.dat,0.1,True,5,3,0.030906084547594963,9
NewFloq_REF_Bro57_Eps01_T50_5IT_20Aug.dat,0.1,True,5,4,0.041169440006732574,9
NewFloq_REF_Bro57_Eps01_T50_5IT_20Aug.dat,0.1,True,6,0,0.3534282957987961,8
NewFloq_REF_Bro57_Eps01_T50_5IT_20Aug.dat,0.1,True,6,1,0.40658799854266336,8
NewFloq_REF_Bro57_Eps01_T50_5IT_20Aug.dat,0.1,True,6,2,0.37834029149062876,8
NewFloq_REF_Bro57_Eps01_T50_5IT_20Aug.dat,0.1,True,6,3,0.40433524815558586,7
NewFloq_REF_Bro57_Eps01_T50_5IT_20Aug.dat,0.1,True,6,4,0.37966999281171815,7
NewFloq_REF_Bro57_Eps01_T50_5IT_20Aug.dat,0.1,True,6,5,0.36414462997608593,7
NewFloq_REF_Bro57_Eps01_T50_5IT_20Aug.dat,0.1,True,7,0,0.041398741973724715,7
NewFloq_REF_Bro57_Eps01_T50_5IT_20Aug.dat,0.1,True,7,1,0.04444373229209235,7
NewFloq_REF_Bro57_Eps01_T50_5IT_20Aug.dat,0.1,True,7,2,0.018170618481457127,6
NewFloq_REF_Bro57_Eps01_T50_5IT_20Aug.dat,0.1,True,7,3,0.016312415957328807,6
NewFloq_REF_Bro57_Eps01_T50_5IT_20Aug.dat,0.1,True,7,4,0.026938568079602276,6
NewFloq_REF_Bro57_Eps01_T50_5IT_20Aug.dat,0.1,True,7,5,0.01433604137080087,6
NewFloq_REF_Bro57_Eps01_T50_5IT_20Aug.dat,0.1,True,7,6,0.06305180632627949,6
NewFloq_REF_Bro57_Eps01_T50_5IT_20Aug.dat,0.1,True,8,0,0.3578192990063691,6
NewFloq_REF_Bro57_Eps01_T50_5IT_20Aug.dat,0.1,True,8,1,0.35104672048878865,6
NewFloq_REF_Bro57_Eps01_T50_5IT_20Aug.dat,0.1,True,8,2,0.3307162116982047,6
NewFloq_REF_Bro57_Eps01_T50_5IT_20Aug.dat,0.1,True,8,3,0.3418453199008139,5
NewFloq_REF_Bro57_Eps01_T50_5IT_20Aug.dat,0.1,True,8,4,0.33416442383688627,5
NewFloq_REF_Bro57_Eps01_T50_5IT_20Aug.dat,0.1,True,8,5,0.3902183033490086,5
NewFloq_REF_Bro57_Eps01_T50_5IT_20Aug.dat,0.1,True,8,6,0.38657520858844013,5
NewFloq_REF_Bro57_Eps01_T50_5IT_20Aug.dat,0.1,True,8,7,0.3961463346629978,5
NewFloq_REF_Bro57_Eps01_T50_5IT_20Aug.dat,0.1,True,9,0,0.021180811688852295,5
NewFloq_REF_Bro57_Eps01_T50_5IT_20Aug.dat,0.1,True,9,1,0.038519187713167424,5
NewFloq_REF_Bro57_Eps01_T50_5IT_20Aug.dat,0.1,True,9,2,0.029559024381720256,5
NewFloq_REF_Bro57_Eps01_T50_5IT_20Aug.dat,0.1,True,9,3,0.05643717643943277,5
NewFloq_REF_Bro57_Eps01_T50_5IT_20Aug.dat,0.1,True,9,4,0.03612637533594866,5
NewFloq_REF_Bro57_Eps01_T50_5IT_20Aug.dat,0.1,True,9,5,0.029666350494751435,5
NewFloq_REF_Bro57_Eps01_T50_5IT_20Aug.dat,0.1,True,9,6,0.02719466277803842,4
NewFloq_REF_Bro57_Eps01_T50_5IT_20Aug.dat,0.1,True,9,7,0.017579121060199508,4
NewFloq_REF_Bro57_Eps01_T50_5IT_20Aug.dat,0.1,True,9,8,0.030797347469727038,4
NewFloq_REF_Bro57_Eps01_T50_5IT_20Aug.dat,0.1,True,10,0,0.29969262469993063,5
NewFloq_REF_Bro57_Eps01_T50_5IT_20Aug.dat,0.1,True,10,1,0.3071389345156059,4
NewFloq_REF_Bro57_Eps01_T50_5IT_20Aug.dat,0.1,True,10,2,0.2992328714081218,4
NewFloq_REF_Bro57_Eps01_T50_5IT_20Aug.dat,0.1,True,10,3,0.37925409799591797,4
NewFloq_REF_Bro57_Eps01_T50_5IT_20Aug.dat,0.1,True,10,4,0.38197225706054416,4
NewFloq_REF_Bro57_Eps01_T50_5IT_20Aug.dat,0.1,True,10,5,0.3767085327490526,4
NewFloq_REF_Bro57_Eps01_T50_5IT_20Aug.dat,0.1,True,10,6,0.36227948167595253,4
NewFloq_REF_Bro57_Eps01_T50_5IT_20Aug.dat,0.1,True,10,7,0.38992173239809996,4
NewFloq_REF_Bro57_Eps01_T50_5IT_20Aug.dat,0.1,True,10,8,0.3232695890678487,4
NewFloq_REF_Bro57_Eps01_T50_5IT_20Aug.dat,0.1,True,10,9,0.3625031128556503,4
NewFloq_REF_Bro57_Eps01_T50_5IT_9Jul.dat,0.1,True,1,0,0.015808641848690734,50
NewFloq_REF_Bro57_Eps01_T50_5IT_9Jul.dat,0.1,True,2,0,0.6482954675142716,25
NewFloq_REF_Bro57_Eps01_T50_5IT_9Jul.dat,0.1,True,2,1,0.6578341118662446,24
NewFloq_REF_Bro57_Eps01_T50_5IT_9Jul.dat,0.1,True,3,0,0.022763756075375417,16
NewFloq_REF_Bro57_Eps01_T50_5IT_9Jul.dat,0.1,True,3,1,0.028182967763765398,16
NewFloq_REF_Bro57_Eps01_T50_5IT_9Jul.dat,0.1,True,3,2,0.026981596124761923,16
NewFloq_REF_Bro57_Eps01_T50_5IT_9Jul.dat,0.1,True,4,0,0.5918946158098993,12
NewFloq_REF_Bro57_Eps01_T50_5IT_9Jul.dat,0.1,True,4,1,0.5999578200491498,12
NewFloq_REF_Bro57_Eps01_T50_5IT_9Jul.dat,0.1,True,4,2,0.556796398841336,12
NewFloq_REF_Bro57_Eps01_T50_5IT_9Jul.dat,0.1,True,4,3,0.5873907460713347,11
NewFloq_REF_Bro57_Eps01_T50_5IT_9Jul.dat,0.1,True,5,0,0.027207355519305976,10
NewFloq_REF_Bro57_Eps01_T50_5IT_9Jul.dat,0.1,True,5,1,0.02233233073640141,9
NewFloq_REF_Bro57_Eps01_T50_5IT_9Jul.dat,0.1,True,5,2,0.02209579305374069,9
NewFloq_REF_Bro57_Eps01_T50_5IT_9Jul.dat,0.1,True,5,3,0.025913499675168136,9
NewFloq_REF_Bro57_Eps01_T50_5IT_9Jul.dat,0.1,True,5,4,0.0439903394408614,9
NewFloq_REF_Bro57_Eps01_T50_5IT_9Jul.dat,0.1,True,6,0,0.4983203550176064,8
NewFloq_REF_Bro57_Eps01_T50_5IT_9Jul.dat,0.1,True,6,1,0.5637137152570637,8
NewFloq_REF_Bro57_Eps01_T50_5IT_9Jul.dat,0.1,True,6,2,0.5247433554292074,8
NewFloq_REF_Bro57_Eps01_T50_5IT_9Jul.dat,0.1,True,6,3,0.5409322467222316,7
NewFloq_REF_Bro57_Eps01_T50_5IT_9Jul.dat,0.1,True,6,4,0.5431877298237794,7
NewFloq_REF_Bro57_Eps01_T50_5IT_9Jul.dat,0.1,True,6,5,0.5156373484739745,7
NewFloq_REF_Bro57_Eps01_T50_5IT_9Jul.dat,0.1,True,7,0,0.04878457023815657,7
NewFloq_REF_Bro57_Eps01_T50_5IT_9Jul.dat,0.1,True,7,1,0.04641496421158019,7
NewFloq_REF_Bro57_Eps01_T50_5IT_9Jul.dat,0.1,True,7,2,0.030162491768962064,6
NewFloq_REF_Bro57_Eps01_T50_5IT_9Jul.dat,0.1,True,7,3,0.02218596010619783,6
NewFloq_REF_Bro57_Eps01_T50_5IT_9Jul.dat,0.1,True,7,4,0.02346946220387754,6
NewFloq_REF_Bro57_Eps01_T50_5IT_9Jul.dat,0.1,True,7,5,0.02815584907239758,6
NewFloq_REF_Bro57_Eps01_T50_5IT_9Jul.dat,0.1,True,7,6,0.03904831345019625,6
NewFloq_REF_Bro57_Eps01_T50_5IT_9Jul.dat,0.1,True,8,0,0.47659789327481294,6
NewFloq_REF_Bro57_Eps01_T50_5IT_9Jul.dat,0.1,True,8,1,0.4558898066371988,6
NewFloq_REF_Bro57_Eps01_T50_5IT_9Jul.dat,0.1,True,8,2,0.41620592907903636,6
NewFloq_REF_Bro57_Eps01_T50_5IT_9Jul.dat,0.1,True,8,3,0.47006762011061143,5
NewFloq_REF_Bro57_Eps01_T50_5IT_9Jul.dat,0.1,True,8,4,0.4586637189858772,5
NewFloq_REF_Bro57_Eps01_T50_5IT_9Jul.dat,0.1,True,8,5,0.565189624488778,5
NewFloq_REF_Bro57_Eps01_T50_5IT_9Jul.dat,0.1,True,8,6,0.5536535814045109,5
NewFloq_REF_Bro57_Eps01_T50_5IT_9Jul.dat,0.1,True,8,7,0.5464409739360239,5
NewFloq_REF_Bro57_Eps01_T50_5IT_9Jul.dat,0.1,True,9,0,0.031407012590100244,5
NewFloq_REF_Bro57_Eps01_T50_5IT_9Jul.dat,0.1,True,9,1,0.027612507738643138,5
NewFloq_REF_Bro57_Eps01_T50_5IT_9Jul.dat,0.1,True,9,2,0.027108959241640408,5
NewFloq_REF_Bro57_Eps01_T50_5IT_9Jul.dat,0.1,True,9,3,0.0218285441966709,5
NewFloq_REF_Bro57_Eps01_T50_5IT_9Jul.dat,0.1,True,9,4,0.04764996482518459,5
NewFloq_REF_Bro57_Eps01_T50_5IT_9Jul.dat,0.1,True,9,5,0.04630330682612014,5
NewFloq_REF_Bro57_Eps01_T50_5IT_9Jul.dat,0.1,True,9,6,0.04958790924756033,4
NewFloq_REF_Bro57_Eps01_T50_5IT_9Jul.dat,0.1,True,9,7,0.04574014697281924,4
NewFloq_REF_Bro57_Eps01_T50_5IT_9Jul.dat,0.1,True,9,8,0.04623831419792661,4
NewFloq_REF_Bro57_Eps01_T50_5IT_9Jul.dat,0.1,True,10,0,0.4140662935035987,5
NewFloq_REF_Bro57_Eps01_T50_5IT_9Jul.dat,0.1,True,10,1,0.4411744916758932,4
NewFloq_REF_Bro57_Eps01_T50_5IT_9Jul.dat,0.1,True,10,2,0.3886747339486305,4
NewFloq_REF_Bro57_Eps01_T50_5IT_9Jul.dat,0.1,True,10,3,0.4853113570671408,4
NewFloq_REF_Bro57_Eps01_T50_5IT_9Jul.dat,0.1,True,10,4,0.48422333116255295,4
NewFloq_REF_Bro57_Eps01_T50_5IT_9Jul.dat,0.1,True,10,5,0.5203985812532672,4
NewFloq_REF_Bro57_Eps01_T50_5IT_9Jul.dat,0.1,True,10,6,0.4873285935267,4
NewFloq_REF_Bro57_Eps01_T50_5IT_9Jul.dat,0.1,True,10,7,0.4951746181064721,4
NewFloq_REF_Bro57_Eps01_T50_5IT_9Jul.dat,0.1,True,10,8,0.4804109340360545,4
NewFloq_REF_Bro57_Eps01_T50_5IT_9Jul.dat,0.1,True,10,9,0.5081184042816715,4
NewFloq_REF_Bro57_Eps025_T50_5IT_19Aug.dat,0.25,True,1,0,0.01571360113522909,50
NewFloq_REF_Bro57_Eps025_T50_5IT_19Aug.dat,0.25,True,2,0,0.2723348373333143,25
NewFloq_REF_Bro57_Eps025_T50_5IT_19Aug.dat,0.25,True,2,1,0.26166128391228693,24
NewFloq_REF_Bro57_Eps025_T50_5IT_19Aug.dat,0.25,True,3,0,0.01729786125827476,16
NewFloq_REF_Bro57_Eps025_T50_5IT_19Aug.dat,0.25,True,3,1,0.019635368129487518,16
NewFloq_REF_Bro57_Eps025_T50_5IT_19Aug.dat,0.25,True,3,2,0.01699025048146378,16
NewFloq_REF_Bro57_Eps025_T50_5IT_19Aug.dat,0.25,True,4,0,0.24659690873417417,12
NewFloq_REF_Bro57_Eps025_T50_5IT_19Aug.dat,0.25,True,4,1,0.24358677821748062,12
NewFloq_REF_Bro57_Eps025_T50_5IT_19Aug.dat,0.25,True,4,2,0.23787199029497907,12
NewFloq_REF_Bro57_Eps025_T50_5IT_19Aug.dat,0.25,True,4,3,0.2456137071696724,11
NewFloq_REF_Bro57_Eps025_T50_5IT_19Aug.dat,0.25,True,5,0,0.02104089506710307,10
NewFloq_REF_Bro57_Eps025_T50_5IT_19Aug.dat,0.25,True,5,1,0.0194572724892338,9
NewFloq_REF_Bro57_Eps025_T50_5IT_19Aug.dat,0.25,True,5,2,0.028194350061923452,9
NewFloq_REF_Bro57_Eps025_T50_5IT_19Aug.dat,0.25,True,5,3,0.028530992166645786,9
NewFloq_REF_Bro57_Eps025_T50_5IT_19Aug.dat,0.25,True,5,4,0.031780876225274576,9
NewFloq_REF_Bro57_Eps025_T50_5IT_19Aug.dat,0.25,True,6,0,0.20468064889040033,8
NewFloq_REF_Bro57_Eps025_T50_5IT_19Aug.dat,0.25,True,6,1,0.22383922612761992,8
NewFloq_REF_Bro57_Eps025_T50_5IT_19Aug.dat,0.25,True,6,2,0.22699545701175156,8
NewFloq_REF_Bro57_Eps025_T50_5IT_19Aug.dat,0.25,True,6,3,0.22056164358303704,7
NewFloq_REF_Bro57_Eps025_T50_5IT_19Aug.dat,0.25,True,6,4,0.21736146783442284,7
NewFloq_REF_Bro57_Eps025_T50_5IT_19Aug.dat,0.25,True,6,5,0.22490232431051496,7
NewFloq_REF_Bro57_Eps025_T50_5IT_19Aug.dat,0.25,True,7,0,0.03123595140007298,7
NewFloq_REF_Bro57_Eps025_T50_5IT_19Aug.dat,0.25,True,7,1,0.022032596251796373,7
NewFloq_REF_Bro57_Eps025_T50_5IT_19Aug.dat,0.25,True,7,2,0.024913406921205233,6
NewFloq_REF_Bro57_Eps025_T50_5IT_19Aug.dat,0.25,True,7,3,0.014789407410340086,6
NewFloq_REF_Bro57_Eps025_T50_5IT_19Aug.dat,0.25,True,7,4,0.025692617117353735,6
NewFloq_REF_Bro57_Eps025_T50_5IT_19Aug.dat,0.25,True,7,5,0.02541432782607958,6
NewFloq_REF_Bro57_Eps025_T50_5IT_19Aug.dat,0.25,True,7,6,0.02796091174575277,6
NewFloq_REF_Bro57_Eps025_T50_5IT_19Aug.dat,0.25,True,8,0,0.19961719795260902,6
NewFloq_REF_Bro57_Eps025_T50_5IT_19Aug.dat,0.25,True,8,1,0.21499430834781644,6
NewFloq_REF_Bro57_Eps025_T50_5IT_19Aug.dat,0.25,True,8,2,0.19148742202888736,6
NewFloq_REF_Bro57_Eps025_T50_5IT_19Aug.dat,0.25,True,8,3,0.19306696746051327,5
NewFloq_REF_Bro57_Eps025_T50_5IT_19Aug.dat,0.25,True,8,4,0.18839623507728515,5
NewFloq_REF_Bro57_Eps025_T50_5IT_19Aug.dat,0.25,True,8,5,0.2150335628802758,5
NewFloq_REF_Bro57_Eps025_T50_5IT_19Aug.dat,0.25,True,8,6,0.22967039783204943,5
NewFloq_REF_Bro57_Eps025_T50_5IT_19Aug.dat,0.25,True,8,7,0.21097045552320154,5
NewFloq_REF_Bro57_Eps025_T50_5IT_19Aug.dat,0.25,True,9,0,0.021604924140171476,5
NewFloq_REF_Bro57_Eps025_T50_5IT_19Aug.dat,0.25,True,9,1,0.03163049274364198,5
NewFloq_REF_Bro57_Eps025_T50_5IT_19Aug.dat,0.25,True,9,2,0.03836226469364572,5
NewFloq_REF_Bro57_Eps025_T50_5IT_19Aug.dat,0.25,True,9,3,0.039039774829981486,5
NewFloq_REF_Bro57_Eps025_T50_5IT_19Aug.dat,0.25,True,9,4,0.03961604163630791,5
NewFloq_REF_Bro57_Eps025_T50_5IT_19Aug.dat,0.25,True,9,5,0.027136318971396088,5
NewFloq_REF_Bro57_Eps025_T50_5IT_19Aug.dat,0.25,True,9,6,0.03352930178234411,4
NewFloq_REF_Bro57_Eps025_T50_5IT_19Aug.dat,0.25,True,9,7,0.03942185271247027,4
NewFloq_REF_Bro57_Eps025_T50_5IT_19Aug.dat,0.25,True,9,8,0.035419220487436634,4
NewFloq_REF_Bro57_Eps025_T50_5IT_19Aug.dat,0.25,True,10,0,0.14492642768005662,5
NewFloq_REF_Bro57_Eps025_T50_5IT_19Aug.dat,0.25,True,10,1,0.18592059105919495,4
NewFloq_REF_Bro57_Eps025_T50_5IT_19Aug.dat,0.25,True,10,2,0.15380381099196447,4
NewFloq_REF_Bro57_Eps025_T50_5IT_19Aug.dat,0.25,True,10,3,0.2250413040895768,4
NewFloq_REF_Bro57_Eps025_T50_5IT_19Aug.dat,0.25,True,10,4,0.22392644481341845,4
NewFloq_REF_Bro57_Eps025_T50_5IT_19Aug.dat,0.25,True,10,5,0.2530610698720125,4
NewFloq_REF_Bro57_Eps025_T50_5IT_19Aug.dat,0.25,True,10,6,0.20757644204538617,4
NewFloq_REF_Bro57_Eps025_T50_5IT_19Aug.dat,0.25,True,10,7,0.1774126591573441,4
NewFloq_REF_Bro57_Eps025_T50_5IT_19Aug.dat,0.25,True,10,8,0.21519057895515764,4
NewFloq_REF_Bro57_Eps025_T50_5IT_19Aug.dat,0.25,True,10,9,0.21791818475876268,4
NewFloq_REF_Bro57_Eps02_T50_5IT_13Jul.dat,0.2,True,1,0,0.02245370565989062,50
NewFloq_REF_Bro57_Eps02_T50_5IT_13Jul.dat,0.2,True,2,0,0.33480285819375866,25
NewFloq_REF_Bro57_Eps02_T50_5IT_13Jul.dat,0.2,True,2,1,0.30824406723848224,24
NewFloq_REF_Bro57_Eps02_T50_5IT_13Jul.dat,0.2,True,3,0,0.04075571561756215,16
NewFloq_REF_Bro57_Eps02_T50_5IT_13Jul.dat,0.2,True,3,1,0.024835775968295018,16
NewFloq_REF_Bro57_Eps02_T50_5IT_13Jul.dat,0.2,True,3,2,0.024363419755572487,16
NewFloq_REF_Bro57_Eps02_T50_5IT_13Jul.dat,0.2,True,4,0,0.27959293795860646,12
NewFloq_REF_Bro57_Eps02_T50_5IT_13Jul.dat,0.2,True,4,1,0.2497154535116081,12
NewFloq_REF_Bro57_Eps02_T50_5IT_13Jul.dat,0.2,True,4,2,0.28399503749955823,12
NewFloq_REF_Bro57_Eps02_T50_5IT_13Jul.dat,0.2,True,4,3,0.27522147479512343,11
NewFloq_REF_Bro57_Eps02_T50_5IT_13Jul.dat,0.2,True,5,0,0.043704658750855455,10
NewFloq_REF_Bro57_Eps02_T50_5IT_13Jul.dat,0.2,True,5,1,0.027865512309685606,9
NewFloq_REF_Bro57_Eps02_T50_5IT_13Jul.dat,0.2,True,5,2,0.03374796417958855,9
NewFloq_REF_Bro57_Eps02_T50_5IT_13Jul.dat,0.2,True,5,3,0.03245730286384199,9
NewFloq_REF_Bro57_Eps02_T50_5IT_13Jul.dat,0.2,True,5,4,0.046122633306177614,9
NewFloq_REF_Bro57_Eps02_T50_5IT_13Jul.dat,0.2,True,6,0,0.24885088753358067,8
NewFloq_REF_Bro57_Eps02_T50_5IT_13Jul.dat,0.2,True,6,1,0.2635351352249922,8
NewFloq_REF_Bro57_Eps02_T50_5IT_13Jul.dat,0.2,True,6,2,0.2793720661769321,8
NewFloq_REF_Bro57_Eps02_T50_5IT_13Jul.dat,0.2,True,6,3,0.2602678718921291,7
NewFloq_REF_Bro57_Eps02_T50_5IT_13Jul.dat,0.2,True,6,4,0.24562279037624,7
NewFloq_REF_Bro57_Eps02_T50_5IT_13Jul.dat,0.2,True,6,5,0.2640790621825067,7
NewFloq_REF_Bro57_Eps02_T50_5IT_13Jul.dat,0.2,True,7,0,0.04108124016886272,7
NewFloq_REF_Bro57_Eps02_T50_5IT_13Jul.dat,0.2,True,7,1,0.03440394985778931,7
NewFloq_REF_Bro57_Eps02_T50_5IT_13Jul.dat,0.2,True,7,2,0.0407208436286835,6
NewFloq_REF_Bro57_Eps02_T50_5IT_13Jul.dat,0.2,True,7,3,0.034780186711757866,6
NewFloq_REF_Bro57_Eps02_T50_5IT_13Jul.dat,0.2,True,7,4,0.05224136641396818,6
NewFloq_REF_Bro57_Eps02_T50_5IT_13Jul.dat,0.2,True,7,5,0.0501829760341051,6
NewFloq_REF_Bro57_Eps02_T50_5IT_13Jul.dat,0.2,True,7,6,0.05023747862299622,6
NewFloq_REF_Bro57_Eps02_T50_5IT_13Jul.dat,0.2,True,8,0,0.21512972975180922,6
NewFloq_REF_Bro57_Eps02_T50_5IT_13Jul.dat,0.2,True,8,1,0.23140219315932387,6
NewFloq_REF_Bro57_Eps02_T50_5IT_13Jul.dat,0.2,True,8,2,0.23487048996714735,6
NewFloq_REF_Bro57_Eps02_T50_5IT_13Jul.dat,0.2,True,8,3,0.2456957179211928,5
NewFloq_REF_Bro57_Eps02_T50_5IT_13Jul.dat,0.2,True,8,4,0.21580895184811794,5
NewFloq_REF_Bro57_Eps02_T50_5IT_13Jul.dat,0.2,True,8,5,0.2668825282224338,5
NewFloq_REF_Bro57_Eps02_T50_5IT_13Jul.dat,0.2,True,8,6,0.286790049636814,5
NewFloq_REF_Bro57_Eps02_T50_5IT_13Jul.dat,0.2,True,8,7,0.23423969712194975,5
NewFloq_REF_Bro57_Eps02_T50_5IT_13Jul.dat,0.2,True,9,0,0.043280440371085985,5
NewFloq_REF_Bro57_Eps02_T50_5IT_13Jul.dat,0.2,True,9,1,0.04389972817336117,5
NewFloq_REF_Bro57_Eps02_T50_5IT_13Jul.dat,0.2,True,9,2,0.03203390412995456,5
NewFloq_REF_Bro57_Eps02_T50_5IT_13Jul.dat,0.2,True,9,3,0.05974016284547742,5
NewFloq_REF_Bro57_Eps02_T50_5IT_13Jul.dat,0.2,True,9,4,0.07070768663332097,5
NewFloq_REF_Bro57_Eps02_T50_5IT_13Jul.dat,0.2,True,9,5,0.04531590998501541,5
NewFloq_REF_Bro57_Eps02_T50_5IT_13Jul.dat,0.2,True,9,6,0.055417359925606584,4
NewFloq_REF_Bro57_Eps02_T50_5IT_13Jul.dat,0.2,True,9,7,0.04905069632491023,4
NewFloq_REF_Bro57_Eps02_T50_5IT_13Jul.dat,0.2,True,9,8,0.04308413030106398,4
NewFloq_REF_Bro57_Eps02_T50_5IT_13Jul.dat,0.2,True,10,0,0.1644914456634839,5
NewFloq_REF_Bro57_Eps02_T50_5IT_13Jul.dat,0.2,True,10,1,0.18452035090284769,4
NewFloq_REF_Bro57_Eps02_T50_5IT_13Jul.dat,0.2,True,10,2,0.1790818689216649,4
NewFloq_REF_Bro57_Eps02_T50_5IT_13Jul.dat,0.2,True,10,3,0.2151643764304963,4
NewFloq_REF_Bro57_Eps02_T50_5IT_13Jul.dat,0.2,True,10,4,0.26040459447378206,4
NewFloq_REF_Bro57_Eps02_T50_5IT_13Jul.dat,0.2,True,10,5,0.2565294265138149,4
NewFloq_REF_Bro57_Eps02_T50_5IT_13Jul.dat,0.2,True,10,6,0.2656047090901772,4
NewFloq_REF_Bro57_Eps02_T50_5IT_13Jul.dat,0.2,True,10,7,0.2311346577682589,4
NewFloq_REF_Bro57_Eps02_T50_5IT_13Jul.dat,0.2,True,10,8,0.24991493393307168,4
NewFloq_REF_Bro57_Eps02_T50_5IT_13Jul.dat,0.2,True,10,9,0.18870028312460796,4
NewFloq_REF_Bro57_Eps035_T50_5IT_19Aug.dat,0.35,True,1,0,0.046425700558625646,50
NewFloq_REF_Bro57_Eps035_T50_5IT_19Aug.dat,0.35,True,2,0,0.24420991535245157,25
NewFloq_REF_Bro57_Eps035_T50_5IT_19Aug.dat,0.35,True,2,1,0.211886588851984,24
NewFloq_REF_Bro57_Eps035_T50_5IT_19Aug.dat,0.35,True,3,0,0.03301453957396916,16
NewFloq_REF_Bro57_Eps035_T50_5IT_19Aug.dat,0.35,True,3,1,0.06581171395194133,16
NewFloq_REF_Bro57_Eps035_T50_5IT_19Aug.dat,0.35,True,3,2,0.07744429687186374,16
NewFloq_REF_Bro57_Eps035_T50_5IT_19Aug.dat,0.35,True,4,0,0.17884084035345973,12
NewFloq_REF_Bro57_Eps035_T50_5IT_19Aug.dat,0.35,True,4,1,0.14723415398045256,12
NewFloq_REF_Bro57_Eps035_T50_5IT_19Aug.dat,0.35,True,4,2,0.2515744534247977,12
NewFloq_REF_Bro57_Eps035_T50_5IT_19Aug.dat,0.35,True,4,3,0.19192812183138716,11
NewFloq_REF_Bro57_Eps035_T50_5IT_19Aug.dat,0.35,True,5,0,0.09869602155926929,10
NewFloq_REF_Bro57_Eps035_T50_5IT_19Aug.dat,0.35,True,5,1,0.028082062805771905,9
NewFloq_REF_Bro57_Eps035_T50_5IT_19Aug.dat,0.35,True,5,2,0.06870836762237621,9
NewFloq_REF_Bro57_Eps035_T50_5IT_19Aug.dat,0.35,True,5,3,0.050839407929336895,9
NewFloq_REF_Bro57_Eps035_T50_5IT_19Aug.dat,0.35,True,5,4,0.012418323851379757,9
NewFloq_REF_Bro57_Eps035_T50_5IT_19Aug.dat,0.35,True,6,0,0.18726313613252296,8
NewFloq_REF_Bro57_Eps035_T50_5IT_19Aug.dat,0.35,True,6,1,0.1141011184149588,8
NewFloq_REF_Bro57_Eps035_T50_5IT_19Aug.dat,0.35,True,6,2,0.18154807310098597,8
NewFloq_REF_Bro57_Eps035_T50_5IT_19Aug.dat,0.35,True,6,3,0.22358907560075655,7
NewFloq_REF_Bro57_Eps035_T50_5IT_19Aug.dat,0.35,True,6,4,0.23095608964900505,7
NewFloq_REF_Bro57_Eps035_T50_5IT_19Aug.dat,0.35,True,6,5,0.1326458741272935,7
NewFloq_REF_Bro57_Eps035_T50_5IT_19Aug.dat,0.35,True,7,0,0.07620776925898577,7
NewFloq_REF_Bro57_Eps035_T50_5IT_19Aug.dat,0.35,True,7,1,0.044581728080509864,7
NewFloq_REF_Bro57_Eps035_T50_5IT_19Aug.dat,0.35,True,7,2,0.07214500350788529,6
NewFloq_REF_Bro57_Eps035_T50_5IT_19Aug.dat,0.35,True,7,3,0.04024849039469245,6
NewFloq_REF_Bro57_Eps035_T50_5IT_19Aug.dat,0.35,True,7,4,0.09259532581535025,6
NewFloq_REF_Bro57_Eps035_T50_5IT_19Aug.dat,0.35,True,7,5,0.04287928957745934,6
NewFloq_REF_Bro57_Eps035_T50_5IT_19Aug.dat,0.35,True,7,6,0.12229345130112401,6
NewFloq_REF_Bro57_Eps035_T50_5IT_19Aug.dat,0.35,True,8,0,0.178028033761819,6
NewFloq_REF_Bro57_Eps035_T50_5IT_19Aug.dat,0.35,True,8,1,0.11706176961637597,6
NewFloq_REF_Bro57_Eps035_T50_5IT_19Aug.dat,0.35,True,8,2,0.21598966911623307,6
NewFloq_REF_Bro57_Eps035_T50_5IT_19Aug.dat,0.35,True,8,3,0.1016528468553847,5
NewFloq_REF_Bro57_Eps035_T50_5IT_19Aug.dat,0.35,True,8,4,0.14984380336902042,5
NewFloq_REF_Bro57_Eps035_T50_5IT_19Aug.dat,0.35,True,8,5,0.15291864040889722,5
NewFloq_REF_Bro57_Eps035_T50_5IT_19Aug.dat,0.35,True,8,6,0.23969552289973958,5
NewFloq_REF_Bro57_Eps035_T50_5IT_19Aug.dat,0.35,True,8,7,0.20763409136042638,5
NewFloq_REF_Bro57_Eps035_T50_5IT_19Aug.dat,0.35,True,9,0,0.027836238538529824,5
NewFloq_REF_Bro57_Eps035_T50_5IT_19Aug.dat,0.35,True,9,1,0.130721555018863,5
NewFloq_REF_Bro57_Eps035_T50_5IT_19Aug.dat,0.35,True,9,2,0.0774066771422274,5
NewFloq_REF_Bro57_Eps035_T50_5IT_19Aug.dat,0.35,True,9,3,0.05093195759392148,5
NewFloq_REF_Bro57_Eps035_T50_5IT_19Aug.dat,0.35,True,9,4,0.0347994312489363,5
NewFloq_REF_Bro57_Eps035_T50_5IT_19Aug.dat,0.35,True,9,5,0.04427782666692591,5
NewFloq_REF_Bro57_Eps035_T50_5IT_19Aug.dat,0.35,True,9,6,0.053627125095772554,4
NewFloq_REF_Bro57_Eps035_T50_5IT_19Aug.dat,0.35,True,9,7,0.13765539941308758,4
NewFloq_REF_Bro57_Eps035_T50_5IT_19Aug.dat,0.35,True,9,8,0.14801861492172416,4
NewFloq_REF_Bro57_Eps035_T50_5IT_19Aug.dat,0.35,True,10,0,0.14536879638038033,5
NewFloq_REF_Bro57_Eps035_T50_5IT_19Aug.dat,0.35,True,10,1,0.16197550325063775,4
NewFloq_REF_Bro57_Eps035_T50_5IT_19Aug.dat,0.35,True,10,2,0.16709311096167678,4
NewFloq_REF_Bro57_Eps035_T50_5IT_19Aug.dat,0.35,True,10,3,0.24544251656374033,4
NewFloq_REF_Bro57_Eps035_T50_5IT_19Aug.dat,0.35,True,10,4,0.2537606947609864,4
NewFloq_REF_Bro57_Eps035_T50_5IT_19Aug.dat,0.35,True,10,5,0.103074908349012,4
NewFloq_REF_Bro57_Eps035_T50_5IT_19Aug.dat,0.35,True,10,6,0.21188702295524398,4
NewFloq_REF_Bro57_Eps035_T50_5IT_19Aug.dat,0.35,True,10,7,0.17043981235388267,4
NewFloq_REF_Bro57_Eps035_T50_5IT_19Aug.dat,0.35,True,10,8,0.17401743733289082,4
NewFloq_REF_Bro57_Eps035_T50_5IT_19Aug.dat,0.35,True,10,9,0.22748805982594178,4
NewFloq_REF_Bro57_Eps03_T50_5IT_18Aug.dat,0.3,True,1,0,0.022267135384883723,50
NewFloq_REF_Bro57_Eps03_T50_5IT_18Aug.dat,0.3,True,2,0,0.19395854980497731,25
NewFloq_REF_Bro57_Eps03_T50_5IT_18Aug.dat,0.3,True,2,1,0.20969418886056715,24
NewFloq_REF_Bro57_Eps03_T50_5IT_18Aug.dat,0.3,True,3,0,0.02105870564553497,16
NewFloq_REF_Bro57_Eps03_T50_5IT_18Aug.dat,0.3,True,3,1,0.031451824057440576,16
NewFloq_REF_Bro57_Eps03_T50_5IT_18Aug.dat,0.3,True,3,2,0.026769654611955726,16
NewFloq_REF_Bro57_Eps03_T50_5IT_18Aug.dat,0.3,True,4,0,0.14510726395949394,12
NewFloq_REF_Bro57_Eps03_T50_5IT_18Aug.dat,0.3,True,4,1,0.18141459878004138,12
NewFloq_REF_Bro57_Eps03_T50_5IT_18Aug.dat,0.3,True,4,2,0.17282908284635576,12
NewFloq_REF_Bro57_Eps03_T50_5IT_18Aug.dat,0.3,True,4,3,0.1800672590855915,11
NewFloq_REF_Bro57_Eps03_T50_5IT_18Aug.dat,0.3,True,5,0,0.044376171089272595,10
NewFloq_REF_Bro57_Eps03_T50_5IT_18Aug.dat,0.3,True,5,1,0.024170581110504852,9
NewFloq_REF_Bro57_Eps03_T50_5IT_18Aug.dat,0.3,True,5,2,0.030005854661722526,9
NewFloq_REF_Bro57_Eps03_T50_5IT_18Aug.dat,0.3,True,5,3,0.014835447476067335,9
NewFloq_REF_Bro57_Eps03_T50_5IT_18Aug.dat,0.3,True,5,4,0.026596645367387577,9
NewFloq_REF_Bro57_Eps03_T50_5IT_18Aug.dat,0.3,True,6,0,0.10683582508288676,8
NewFloq_REF_Bro57_Eps03_T50_5IT_18Aug.dat,0.3,True,6,1,0.15337840571584097,8
NewFloq_REF_Bro57_Eps03_T50_5IT_18Aug.dat,0.3,True,6,2,0.15000586228034465,8
NewFloq_REF_Bro57_Eps03_T50_5IT_18Aug.dat,0.3,True,6,3,0.17220188841433842,7
NewFloq_REF_Bro57_Eps03_T50_5IT_18Aug.dat,0.3,True,6,4,0.1449100620309919,7
NewFloq_REF_Bro57_Eps03_T50_5IT_18Aug.dat,0.3,True,6,5,0.16254390652245826,7
NewFloq_REF_Bro57_Eps03_T50_5IT_18Aug.dat,0.3,True,7,0,0.02895467778675796,7
NewFloq_REF_Bro57_Eps03_T50_5IT_18Aug.dat,0.3,True,7,1,0.031458539972857996,7
NewFloq_REF_Bro57_Eps03_T50_5IT_18Aug.dat,0.3,True,7,2,0.03939200418184532,6
NewFloq_REF_Bro57_Eps03_T50_5IT_18Aug.dat,0.3,True,7,3,0.025045289940554837,6
NewFloq_REF_Bro57_Eps03_T50_5IT_18Aug.dat,0.3,True,7,4,0.0309706491609662,6
NewFloq_REF_Bro57_Eps03_T50_5IT_18Aug.dat,0.3,True,7,5,0.042191190007257275,6
NewFloq_REF_Bro57_Eps03_T50_5IT_18Aug.dat,0.3,True,7,6,0.018550483802780498,6
NewFloq_REF_Bro57_Eps03_T50_5IT_18Aug.dat,0.3,True,8,0,0.09391679824273312,6
NewFloq_REF_Bro57_Eps03_T50_5IT_18Aug.dat,0.3,True,8,1,0.1255346086761692,6
NewFloq_REF_Bro57_Eps03_T50_5IT_18Aug.dat,0.3,True,8,2,0.1266506311104718,6
NewFloq_REF_Bro57_Eps03_T50_5IT_18Aug.dat,0.3,True,8,3,0.1387496322081688,5
NewFloq_REF_Bro57_Eps03_T50_5IT_18Aug.dat,0.3,True,8,4,0.09867664764176824,5
NewFloq_REF_Bro57_Eps03_T50_5IT_18Aug.dat,0.3,True,8,5,0.1737074642001347,5
NewFloq_REF_Bro57_Eps03_T50_5IT_18Aug.dat,0.3,True,8,6,0.13897383068230612,5
NewFloq_REF_Bro57_Eps03_T50_5IT_18Aug.dat,0.3,True,8,7,0.17513232500979162,5
NewFloq_REF_Bro57_Eps03_T50_5IT_18Aug.dat,0.3,True,9,0,0.024093508637234112,5
NewFloq_REF_Bro57_Eps03_T50_5IT_18Aug.dat,0.3,True,9,1,0.04470709264021246,5
NewFloq_REF_Bro57_Eps03_T50_5IT_18Aug.dat,0.3,True,9,2,0.0181641762258753,5
NewFloq_REF_Bro57_Eps03_T50_5IT_18Aug.dat,0.3,True,9,3,0.012538064704822337,5
NewFloq_REF_Bro57_Eps03_T50_5IT_18Aug.dat,0.3,True,9,4,0.03653885746289192,5
NewFloq_REF_Bro57_Eps03_T50_5IT_18Aug.dat,0.3,True,9,5,0.037177167194031704,5
NewFloq_REF_Bro57_Eps03_T50_5IT_18Aug.dat,0.3,True,9,6,0.05112459593258745,4
NewFloq_REF_Bro57_Eps03_T50_5IT_18Aug.dat,0.3,True,9,7,0.0239467530290641,4
NewFloq_REF_Bro57_Eps03_T50_5IT_18Aug.dat,0.3,True,9,8,0.05492120966519702,4
NewFloq_REF_Bro57_Eps03_T50_5IT_18Aug.dat,0.3,True,10,0,0.10058496692516661,5
NewFloq_REF_Bro57_Eps03_T50_5IT_18Aug.dat,0.3,True,10,1,0.11594146913800871,4
NewFloq_REF_Bro57_Eps03_T50_5IT_18Aug.dat,0.3,True,10,2,0.06984356425521487,4
NewFloq_REF_Bro57_Eps03_T50_5IT_18Aug.dat,0.3,True,10,3,0.16256937615375872,4
NewFloq_REF_Bro57_Eps03_T50_5IT_18Aug.dat,0.3,True,10,4,0.12185794531331656,4
NewFloq_REF_Bro57_Eps03_T50_5IT_18Aug.dat,0.3,True,10,5,0.16263926835517586,4
NewFloq_REF_Bro57_Eps03_T50_5IT_18Aug.dat,0.3,True,10,6,0.118909921928124,4
NewFloq_REF_Bro57_Eps03_T50_5IT_18Aug.dat,0.3,True,10,7,0.1617496848472928,4
NewFloq_REF_Bro57_Eps03_T50_5IT_18Aug.dat,0.3,True,10,8,0.16036607366618286,4
NewFloq_REF_Bro57_Eps03_T50_5IT_18Aug.dat,0.3,True,10,9,0.11882611205538854,4
NewFloq_REF_Bro57_Eps04_T50_5IT_19Aug.dat,0.4,True,1,0,0.024426694219297284,50
NewFloq_REF_Bro57_Eps04_T50_5IT_19Aug.dat,0.4,True,2,0,0.06838301498658794,25
NewFloq_REF_Bro57_Eps04_T50_5IT_19Aug.dat,0.4,True,2,1,0.05778555181007603,24
NewFloq_REF_Bro57_Eps04_T50_5IT_19Aug.dat,0.4,True,3,0,0.023019989061980835,16
NewFloq_REF_Bro57_Eps04_T50_5IT_19Aug.dat,0.4,True,3,1,0.021714629737568873,16
NewFloq_REF_Bro57_Eps04_T50_5IT_19Aug.dat,0.4,True,3,2,0.023186557413025822,16
NewFloq_REF_Bro57_Eps04_T50_5IT_19Aug.dat,0.4,True,4,0,0.04588632754523006,12
NewFloq_REF_Bro57_Eps04_T50_5IT_19Aug.dat,0.4,True,4,1,0.040694264083828084,12
NewFloq_REF_Bro57_Eps04_T50_5IT_19Aug.dat,0.4,True,4,2,0.04152602829855109,12
NewFloq_REF_Bro57_Eps04_T50_5IT_19Aug.dat,0.4,True,4,3,0.032120391631537154,11
NewFloq_REF_Bro57_Eps04_T50_5IT_19Aug.dat,0.4,True,5,0,0.01946344109195001,10
NewFloq_REF_Bro57_Eps04_T50_5IT_19Aug.dat,0.4,True,5,1,0.021189327973250786,9
NewFloq_REF_Bro57_Eps04_T50_5IT_19Aug.dat,0.4,True,5,2,0.018044333290795342,9
NewFloq_REF_Bro57_Eps04_T50_5IT_19Aug.dat,0.4,True,5,3,0.021072053390077266,9
NewFloq_REF_Bro57_Eps04_T50_5IT_19Aug.dat,0.4,True,5,4,0.01670064045579087,9
NewFloq_REF_Bro57_Eps04_T50_5IT_19Aug.dat,0.4,True,6,0,0.026562879060027807,8
NewFloq_REF_Bro57_Eps04_T50_5IT_19Aug.dat,0.4,True,6,1,0.024083904387325546,8
NewFloq_REF_Bro57_Eps04_T50_5IT_19Aug.dat,0.4,True,6,2,0.027958435106895357,8
NewFloq_REF_Bro57_Eps04_T50_5IT_19Aug.dat,0.4,True,6,3,0.027226687042866744,7
NewFloq_REF_Bro57_Eps04_T50_5IT_19Aug.dat,0.4,True,6,4,0.03157589656415878,7
NewFloq_REF_Bro57_Eps04_T50_5IT_19Aug.dat,0.4,True,6,5,0.024505676809754344,7
NewFloq_REF_Bro57_Eps04_T50_5IT_19Aug.dat,0.4,True,7,0,0.01544644375732335,7
NewFloq_REF_Bro57_Eps04_T50_5IT_19Aug.dat,0.4,True,7,1,0.016384986162915078,7
NewFloq_REF_Bro57_Eps04_T50_5IT_19Aug.dat,0.4,True,7,2,0.016305603362736978,6
NewFloq_REF_Bro57_Eps04_T50_5IT_19Aug.dat,0.4,True,7,3,0.01710329741342027,6
NewFloq_REF_Bro57_Eps04_T50_5IT_19Aug.dat,0.4,True,7,4,0.02131005502426211,6
NewFloq_REF_Bro57_Eps04_T50_5IT_19Aug.dat,0.4,True,7,5,0.015799982753554685,6
NewFloq_REF_Bro57_Eps04_T50_5IT_19Aug.dat,0.4,True,7,6,0.016469829817359814,6
NewFloq_REF_Bro57_Eps04_T50_5IT_19Aug.dat,0.4,True,8,0,0.020492925824478335,6
NewFloq_REF_Bro57_Eps04_T50_5IT_19Aug.dat,0.4,True,8,1,0.021453125977108214,6
NewFloq_REF_Bro57_Eps04_T50_5IT_19Aug.dat,0.4,True,8,2,0.023483872988937293,6
NewFloq_REF_Bro57_Eps04_T50_5IT_19Aug.dat,0.4,True,8,3,0.021142398605827145,5
NewFloq_REF_Bro57_Eps04_T50_5IT_19Aug.dat,0.4,True,8,4,0.021798149013891807,5
NewFloq_REF_Bro57_Eps04_T50_5IT_19Aug.dat,0.4,True,8,5,0.017417446339549565,5
NewFloq_REF_Bro57_Eps04_T50_5IT_19Aug.dat,0.4,True,8,6,0.016443271491633084,5
NewFloq_REF_Bro57_Eps04_T50_5IT_19Aug.dat,0.4,True,8,7,0.016660146794508494,5
NewFloq_REF_Bro57_Eps04_T50_5IT_19Aug.dat,0.4,True,9,0,0.014315162727238206,5
NewFloq_REF_Bro57_Eps04_T50_5IT_19Aug.dat,0.4,True,9,1,0.011470163071506268,5
NewFloq_REF_Bro57_Eps04_T50_5IT_19Aug.dat,0.4,True,9,2,0.015499950227650338,5
NewFloq_REF_Bro57_Eps04_T50_5IT_19Aug.dat,0.4,True,9,3,0.012900997495842847,5
NewFloq_REF_Bro57_Eps04_T50_5IT_19Aug.dat,0.4,True,9,4,0.013670014584730054,5
NewFloq_REF_Bro57_Eps04_T50_5IT_19Aug.dat,0.4,True,9,5,0.012104567319846576,5
NewFloq_REF_Bro57_Eps04_T50_5IT_19Aug.dat,0.4,True,9,6,0.014029301182813007,4
NewFloq_REF_Bro57_Eps04_T50_5IT_19Aug.dat,0.4,True,9,7,0.013082795403197697,4
NewFloq_REF_Bro57_Eps04_T50_5IT_19Aug.dat,0.4,True,9,8,0.012249826849055716,4
NewFloq_REF_Bro57_Eps04_T50_5IT_19Aug.dat,0.4,True,10,0,0.015628937888985835,5
NewFloq_REF_Bro57_Eps04_T50_5IT_19Aug.dat,0.4,True,10,1,0.01474267524877042,4
NewFloq_REF_Bro57_Eps04_T50_5IT_19Aug.dat,0.4,True,10,2,0.017050812668213258,4
NewFloq_REF_Bro57_Eps04_T50_5IT_19Aug.dat,0.4,True,10,3,0.019517887618620135,4
NewFloq_REF_Bro57_Eps04_T50_5IT_19Aug.dat,0.4,True,10,4,0.01504982966160056,4
NewFloq_REF_Bro57_Eps04_T50_5IT_19Aug.dat,0.4,True,10,5,0.017700543721645645,4
NewFloq_REF_Bro57_Eps04_T50_5IT_19Aug.dat,0.4,True,10,6,0.014649208355067046,4
NewFloq_REF_Bro57_Eps04_T50_5IT_19Aug.dat,0.4,True,10,7,0.011195998739115679,4
NewFloq_REF_Bro57_Eps04_T50_5IT_19Aug.dat,0.4,True,10,8,0.018457120369664452,4
NewFloq_REF_Bro57_Eps04_T50_5IT_19Aug.dat,0.4,True,10,9,0.012401775990994238,4
NewFloq_REF_Bro57_Eps04_T50_5IT_22Aug.dat,0.4,True,1,0,0.027577990189147444,50
NewFloq_REF_Bro57_Eps04_T50_5IT_22Aug.dat,0.4,True,2,0,0.049563817503554396,25
NewFloq_REF_Bro57_Eps04_T50_5IT_22Aug.dat,0.4,True,2,1,0.06148174671931048,24
NewFloq_REF_Bro57_Eps04_T50_5IT_22Aug.dat,0.4,True,3,0,0.024846994701563582,16
NewFloq_REF_Bro57_Eps04_T50_5IT_22Aug.dat,0.4,True,3,1,0.026420226007116788,16
NewFloq_REF_Bro57_Eps04_T50_5IT_22Aug.dat,0.4,True,3,2,0.026917360545195272,16
NewFloq_REF_Bro57_Eps04_T50_5IT_22Aug.dat,0.4,True,4,0,0.036280510515613255,12
NewFloq_REF_Bro57_Eps04_T50_5IT_22Aug.dat,0.4,True,4,1,0.04773653454321449,12
NewFloq_REF_Bro57_Eps04_T50_5IT_22Aug.dat,0.4,True,4,2,0.030489246374812415,12
NewFloq_REF_Bro57_Eps04_T50_5IT_22Aug.dat,0.4,True,4,3,0.036661396435361815,11
NewFloq_REF_Bro57_Eps04_T50_5IT_22Aug.dat,0.4,True,5,0,0.01841698616351594,10
NewFloq_REF_Bro57_Eps04_T50_5IT_22Aug.dat,0.4,True,5,1,0.020258722078221943,9
NewFloq_REF_Bro57_Eps04_T50_5IT_22Aug.dat,0.4,True,5,2,0.021834273551630954,9
NewFloq_REF_Bro57_Eps04_T50_5IT_22Aug.dat,0.4,True,5,3,0.020600193352980162,9
NewFloq_REF_Bro57_Eps04_T50_5IT_22Aug.dat,0.4,True,5,4,0.018705761203987963,9
NewFloq_REF_Bro57_Eps04_T50_5IT_22Aug.dat,0.4,True,6,0,0.028996444079575606,8
NewFloq_REF_Bro57_Eps04_T50_5IT_22Aug.dat,0.4,True,6,1,0.037143502863475855,8
NewFloq_REF_Bro57_Eps04_T50_5IT_22Aug.dat,0.4,True,6,2,0.024855130656622208,8
NewFloq_REF_Bro57_Eps04_T50_5IT_22Aug.dat,0.4,True,6,3,0.025402365024780292,7
NewFloq_REF_Bro57_Eps04_T50_5IT_22Aug.dat,0.4,True,6,4,0.02109134250320302,7
NewFloq_REF_Bro57_Eps04_T50_5IT_22Aug.dat,0.4,True,6,5,0.02611364163950236,7
NewFloq_REF_Bro57_Eps04_T50_5IT_22Aug.dat,0.4,True,7,0,0.01756820035340576,7
NewFloq_REF_Bro57_Eps04_T50_5IT_22Aug.dat,0.4,True,7,1,0.01761332161315354,7
NewFloq_REF_Bro57_Eps04_T50_5IT_22Aug.dat,0.4,True,7,2,0.016446566724527434,6
NewFloq_REF_Bro57_Eps04_T50_5IT_22Aug.dat,0.4,True,7,3,0.016141193128916067,6
NewFloq_REF_Bro57_Eps04_T50_5IT_22Aug.dat,0.4,True,7,4,0.019474639870135427,6
NewFloq_REF_Bro57_Eps04_T50_5IT_22Aug.dat,0.4,True,7,5,0.015029647740228838,6
NewFloq_REF_Bro57_Eps04_T50_5IT_22Aug.dat,0.4,True,7,6,0.0158216580543584,6
NewFloq_REF_Bro57_Eps04_T50_5IT_22Aug.dat,0.4,True,8,0,0.015827867027816547,6
NewFloq_REF_Bro57_Eps04_T50_5IT_22Aug.dat,0.4,True,8,1,0.025474789700548468,6
NewFloq_REF_Bro57_Eps04_T50_5IT_22Aug.dat,0.4,True,8,2,0.01671687603320106,6
NewFloq_REF_Bro57_Eps04_T50_5IT_22Aug.dat,0.4,True,8,3,0.024021269382429378,5
NewFloq_REF_Bro57_Eps04_T50_5IT_22Aug.dat,0.4,True,8,4,0.02302267947241906,5
NewFloq_REF_Bro57_Eps04_T50_5IT_22Aug.dat,0.4,True,8,5,0.027396918119425018,5
NewFloq_REF_Bro57_Eps04_T50_5IT_22Aug.dat,0.4,True,8,6,0.017416176043790164,5
NewFloq_REF_Bro57_Eps04_T50_5IT_22Aug.dat,0.4,True,8,7,0.01709444163719024,5
NewFloq_REF_Bro57_Eps04_T50_5IT_22Aug.dat,0.4,True,9,0,0.013880988785821136,5
NewFloq_REF_Bro57_Eps04_T50_5IT_22Aug.dat,0.4,True,9,1,0.017077561906456373,5
NewFloq_REF_Bro57_Eps04_T50_5IT_22Aug.dat,0.4,True,9,2,0.015865413246446337,5
NewFloq_REF_Bro57_Eps04_T50_5IT_22Aug.dat,0.4,True,9,3,0.015687650653314535,5
NewFloq_REF_Bro57_Eps04_T50_5IT_22Aug.dat,0.4,True,9,4,0.01333575979205944,5
NewFloq_REF_Bro57_Eps04_T50_5IT_22Aug.dat,0.4,True,9,5,0.016709058697420696,5
NewFloq_REF_Bro57_Eps04_T50_5IT_22Aug.dat,0.4,True,9,6,0.02006088676019631,4
NewFloq_REF_Bro57_Eps04_T50_5IT_22Aug.dat,0.4,True,9,7,0.015864608173306295,4
NewFloq_REF_Bro57_Eps04_T50_5IT_22Aug.dat,0.4,True,9,8,0.015875368433448275,4
NewFloq_REF_Bro57_Eps04_T50_5IT_22Aug.dat,0.4,True,10,0,0.011485097896969892,5
NewFloq_REF_Bro57_Eps04_T50_5IT_22Aug.dat,0.4,True,10,1,0.018599486175142003,4
NewFloq_REF_Bro57_Eps04_T50_5IT_22Aug.dat,0.4,True,10,2,0.016827068531727992,4
NewFloq_REF_Bro57_Eps04_T50_5IT_22Aug.dat,0.4,True,10,3,0.021256653444106696,4
NewFloq_REF_Bro57_Eps04_T50_5IT_22Aug.dat,0.4,True,10,4,0.01789623227462358,4
NewFloq_REF_Bro57_Eps04_T50_5IT_22Aug.dat,0.4,True,10,5,0.016862157741382843,4
NewFloq_REF_Bro57_Eps04_T50_5IT_22Aug.dat,0.4,True,10,6,0.01384446905693694,4
NewFloq_REF_Bro57_Eps04_T50_5IT_22Aug.dat,0.4,True,10,7,0.01903151486032613,4
NewFloq_REF_Bro57_Eps04_T50_5IT_22Aug.dat,0.4,True,10,8,0.02161251981145202,4
NewFloq_REF_Bro57_Eps04_T50_5IT_22Aug.dat,0.4,True,10,9,0.02150908316026351,4
NewFloq_REF_Bro57_Eps06_T50_5IT_30Jul.dat,0.6,True,1,0,0.10629401794128267,50
NewFloq_REF_Bro57_Eps06_T50_5IT_30Jul.dat,0.6,True,2,0,0.08561015669005463,25
NewFloq_REF_Bro57_Eps06_T50_5IT_30Jul.dat,0.6,True,2,1,0.08698562334394956,24
NewFloq_REF_Bro57_Eps06_T50_5IT_30Jul.dat,0.6,True,3,0,0.07501811633070403,16
NewFloq_REF_Bro57_Eps06_T50_5IT_30Jul.dat,0.6,True,3,1,0.0814429315292645,16
NewFloq_REF_Bro57_Eps06_T50_5IT_30Jul.dat,0.6,True,3,2,0.07149474434600035,16
NewFloq_REF_Bro57_Eps06_T50_5IT_30Jul.dat,0.6,True,4,0,0.0710925795574346,12
NewFloq_REF_Bro57_Eps06_T50_5IT_30Jul.dat,0.6,True,4,1,0.07020538251253476,12
NewFloq_REF_Bro57_Eps06_T50_5IT_30Jul.dat,0.6,True,4,2,0.05944948201535973,12
NewFloq_REF_Bro57_Eps06_T50_5IT_30Jul.dat,0.6,True,4,3,0.06247227466347161,11
NewFloq_REF_Bro57_Eps06_T50_5IT_30Jul.dat,0.6,True,5,0,0.052990753352059085,10
NewFloq_REF_Bro57_Eps06_T50_5IT_30Jul.dat,0.6,True,5,1,0.06760468094146771,9
NewFloq_REF_Bro57_Eps06_T50_5IT_30Jul.dat,0.6,True,5,2,0.05380069162767614,9
NewFloq_REF_Bro57_Eps06_T50_5IT_30Jul.dat,0.6,True,5,3,0.0589177266411829,9
NewFloq_REF_Bro57_Eps06_T50_5IT_30Jul.dat,0.6,True,5,4,0.051398243141409415,9
NewFloq_REF_Bro57_Eps06_T50_5IT_30Jul.dat,0.6,True,6,0,0.04303864366525402,8
NewFloq_REF_Bro57_Eps06_T50_5IT_30Jul.dat,0.6,True,6,1,0.05186805328324247,8
NewFloq_REF_Bro57_Eps06_T50_5IT_30Jul.dat,0.6,True,6,2,0.048795286934589996,8
NewFloq_REF_Bro57_Eps06_T50_5IT_30Jul.dat,0.6,True,6,3,0.05274653600296264,7
NewFloq_REF_Bro57_Eps06_T50_5IT_30Jul.dat,0.6,True,6,4,0.05086203111534482,7
NewFloq_REF_Bro57_Eps06_T50_5IT_30Jul.dat,0.6,True,6,5,0.04705050005036327,7
NewFloq_REF_Bro57_Eps06_T50_5IT_30Jul.dat,0.6,True,7,0,0.03430771970949944,7
NewFloq_REF_Bro57_Eps06_T50_5IT_30Jul.dat,0.6,True,7,1,0.04430710858170722,7
NewFloq_REF_Bro57_Eps06_T50_5IT_30Jul.dat,0.6,True,7,2,0.047055359519405315,6
NewFloq_REF_Bro57_Eps06_T50_5IT_30Jul.dat,0.6,True,7,3,0.051518746735486266,6
NewFloq_REF_Bro57_Eps06_T50_5IT_30Jul.dat,0.6,True,7,4,0.0461068809508496,6
NewFloq_REF_Bro57_Eps06_T50_5IT_30Jul.dat,0.6,True,7,5,0.03902349531701093,6
NewFloq_REF_Bro57_Eps06_T50_5IT_30Jul.dat,0.6,True,7,6,0.03964916652226333,6
NewFloq_REF_Bro57_Eps06_T50_5IT_30Jul.dat,0.6,True,8,0,0.037449222285451035,6
NewFloq_REF_Bro57_Eps06_T50_5IT_30Jul.dat,0.6,True,8,1,0.039125091823354885,6
NewFloq_REF_Bro57_Eps06_T50_5IT_30Jul.dat,0.6,True,8,2,0.0375914025582676,6
NewFloq_REF_Bro57_Eps06_T50_5IT_30Jul.dat,0.6,True,8,3,0.044457791598123665,5
NewFloq_REF_Bro57_Eps06_T50_5IT_30Jul.dat,0.6,True,8,4,0.041842661815761545,5
NewFloq_REF_Bro57_Eps06_T50_5IT_30Jul.dat,0.6,True,8,5,0.04229765981972203,5
NewFloq_REF_Bro57_Eps06_T50_5IT_30Jul.dat,0.6,True,8,6,0.029106657933422802,5
NewFloq_REF_Bro57_Eps06_T50_5IT_30Jul.dat,0.6,True,8,7,0.03195319213299902,5
NewFloq_REF_Bro57_Eps06_T50_5IT_30Jul.dat,0.6,True,9,0,0.02759014013210717,5
NewFloq_REF_Bro57_Eps06_T50_5IT_30Jul.dat,0.6,True,9,1,0.03596768852119374,5
NewFloq_REF_Bro57_Eps06_T50_5IT_30Jul.dat,0.6,True,9,2,0.03804167067791829,5
NewFloq_REF_Bro57_Eps06_T50_5IT_30Jul.dat,0.6,True,9,3,0.03477878886324855,5
NewFloq_REF_Bro57_Eps06_T50_5IT_30Jul.dat,0.6,True,9,4,0.03196640585277192,5
NewFloq_REF_Bro57_Eps06_T50_5IT_30Jul.dat,0.6,True,9,5,0.02474064180008269,5
NewFloq_REF_Bro57_Eps06_T50_5IT_30Jul.dat,0.6,True,9,6,0.035320390997887814,4
NewFloq_REF_Bro57_Eps06_T50_5IT_30Jul.dat,0.6,True,9,7,0.03777166917028222,4
NewFloq_REF_Bro57_Eps06_T50_5IT_30Jul.dat,0.6,True,9,8,0.03019531666800731,4
NewFloq_REF_Bro57_Eps06_T50_5IT_30Jul.dat,0.6,True,10,0,0.024414148389303947,5
NewFloq_REF_Bro57_Eps06_T50_5IT_30Jul.dat,0.6,True,10,1,0.03481125960044453,4
NewFloq_REF_Bro57_Eps06_T50_5IT_30Jul.dat,0.6,True,10,2,0.028755212100067942,4
NewFloq_REF_Bro57_Eps06_T50_5IT_30Jul.dat,0.6,True,10,3,0.030262423732152155,4
NewFloq_REF_Bro57_Eps06_T50_5IT_30Jul.dat,0.6,True,10,4,0.026562890771945544,4
NewFloq_REF_Bro57_Eps06_T50_5IT_30Jul.dat,0.6,True,10,5,0.02836858483908868,4
NewFloq_REF_Bro57_Eps06_T50_5IT_30Jul.dat,0.6,True,10,6,0.028711525612920726,4
NewFloq_REF_Bro57_Eps06_T50_5IT_30Jul.dat,0.6,True,10,7,0.025498271096881044,4
NewFloq_REF_Bro57_Eps06_T50_5IT_30Jul.dat,0.6,True,10,8,0.026145882728525624,4
NewFloq_REF_Bro57_Eps06_T50_5IT_30Jul.dat,0.6,True,10,9,0.02672848015214639,4
NewFloq_REF_Bro57_Eps07_T50_5IT_30Jul.dat,0.7,True,1,0,0.13656298787805152,50
NewFloq_REF_Bro57_Eps07_T50_5IT_30Jul.dat,0.7,True,2,0,0.11121069272511605,25
NewFloq_REF_Bro57_Eps07_T50_5IT_30Jul.dat,0.7,True,2,1,0.10472773845686507,24
NewFloq_REF_Bro57_Eps07_T50_5IT_30Jul.dat,0.7,True,3,0,0.09512417981489979,16
NewFloq_REF_Bro57_Eps07_T50_5IT_30Jul.dat,0.7,True,3,1,0.0880007525736591,16
NewFloq_REF_Bro57_Eps07_T50_5IT_30Jul.dat,0.7,True,3,2,0.08463970678234217,16
NewFloq_REF_Bro57_Eps07_T50_5IT_30Jul.dat,0.7,True,4,0,0.0794993097851215,12
NewFloq_REF_Bro57_Eps07_T50_5IT_30Jul.dat,0.7,True,4,1,0.07939502143722031,12
NewFloq_REF_Bro57_Eps07_T50_5IT_30Jul.dat,0.7,True,4,2,0.07519405952296283,12
NewFloq_REF_Bro57_Eps07_T50_5IT_30Jul.dat,0.7,True,4,3,0.07715197421769916,11
NewFloq_REF_Bro57_Eps07_T50_5IT_30Jul.dat,0.7,True,5,0,0.0669400321207838,10
NewFloq_REF_Bro57_Eps07_T50_5IT_30Jul.dat,0.7,True,5,1,0.07040460367886427,9
NewFloq_REF_Bro57_Eps07_T50_5IT_30Jul.dat,0.7,True,5,2,0.06709494708806188,9
NewFloq_REF_Bro57_Eps07_T50_5IT_30Jul.dat,0.7,True,5,3,0.06581241798197028,9
NewFloq_REF_Bro57_Eps07_T50_5IT_30Jul.dat,0.7,True,5,4,0.06511117849464293,9
NewFloq_REF_Bro57_Eps07_T50_5IT_30Jul.dat,0.7,True,6,0,0.057044451485162705,8
NewFloq_REF_Bro57_Eps07_T50_5IT_30Jul.dat,0.7,True,6,1,0.05623543964476481,8
NewFloq_REF_Bro57_Eps07_T50_5IT_30Jul.dat,0.7,True,6,2,0.05549927678604427,8
NewFloq_REF_Bro57_Eps07_T50_5IT_30Jul.dat,0.7,True,6,3,0.06532453325327212,7
NewFloq_REF_Bro57_Eps07_T50_5IT_30Jul.dat,0.7,True,6,4,0.05539757990090414,7
NewFloq_REF_Bro57_Eps07_T50_5IT_30Jul.dat,0.7,True,6,5,0.05398209972685037,7
NewFloq_REF_Bro57_Eps07_T50_5IT_30Jul.dat,0.7,True,7,0,0.048352153248570576,7
NewFloq_REF_Bro57_Eps07_T50_5IT_30Jul.dat,0.7,True,7,1,0.05089063330919311,7
NewFloq_REF_Bro57_Eps07_T50_5IT_30Jul.dat,0.7,True,7,2,0.05649945726096089,6
NewFloq_REF_Bro57_Eps07_T50_5IT_30Jul.dat,0.7,True,7,3,0.05260921878430047,6
NewFloq_REF_Bro57_Eps07_T50_5IT_30Jul.dat,0.7,True,7,4,0.04802038613110233,6
NewFloq_REF_Bro57_Eps07_T50_5IT_30Jul.dat,0.7,True,7,5,0.04663768906607268,6
NewFloq_REF_Bro57_Eps07_T50_5IT_30Jul.dat,0.7,True,7,6,0.04126821366570037,6
NewFloq_REF_Bro57_Eps07_T50_5IT_30Jul.dat,0.7,True,8,0,0.04044428088551071,6
NewFloq_REF_Bro57_Eps07_T50_5IT_30Jul.dat,0.7,True,8,1,0.04155529981114977,6
NewFloq_REF_Bro57_Eps07_T50_5IT_30Jul.dat,0.7,True,8,2,0.04200229693622202,6
NewFloq_REF_Bro57_Eps07_T50_5IT_30Jul.dat,0.7,True,8,3,0.05044044648177296,5
NewFloq_REF_Bro57_Eps07_T50_5IT_30Jul.dat,0.7,True,8,4,0.04469119436398865,5
NewFloq_REF_Bro57_Eps07_T50_5IT_30Jul.dat,0.7,True,8,5,0.04160599309833356,5
NewFloq_REF_Bro57_Eps07_T50_5IT_30Jul.dat,0.7,True,8,6,0.04256215577235563,5
NewFloq_REF_Bro57_Eps07_T50_5IT_30Jul.dat,0.7,True,8,7,0.03970482080492217,5
NewFloq_REF_Bro57_Eps07_T50_5IT_30Jul.dat,0.7,True,9,0,0.03686223321022689,5
NewFloq_REF_Bro57_Eps07_T50_5IT_30Jul.dat,0.7,True,9,1,0.038298219137532015,5
NewFloq_REF_Bro57_Eps07_T50_5IT_30Jul.dat,0.7,True,9,2,0.039217516257678504,5
NewFloq_REF_Bro57_Eps07_T50_5IT_30Jul.dat,0.7,True,9,3,0.037903151879264727,5
NewFloq_REF_Bro57_Eps07_T50_5IT_30Jul.dat,0.7,True,9,4,0.03583516490820736,5
NewFloq_REF_Bro57_Eps07_T50_5IT_30Jul.dat,0.7,True,9,5,0.04037788716564634,5
NewFloq_REF_Bro57_Eps07_T50_5IT_30Jul.dat,0.7,True,9,6,0.043507094872357974,4
NewFloq_REF_Bro57_Eps07_T50_5IT_30Jul.dat,0.7,True,9,7,0.032196808633675654,4
NewFloq_REF_Bro57_Eps07_T50_5IT_30Jul.dat,0.7,True,9,8,0.02974153411652037,4
NewFloq_REF_Bro57_Eps07_T50_5IT_30Jul.dat,0.7,True,10,0,0.02615574505763315,5
NewFloq_REF_Bro57_Eps07_T50_5IT_30Jul.dat,0.7,True,10,1,0.0349556835214135,4
NewFloq_REF_Bro57_Eps07_T50_5IT_30Jul.dat,0.7,True,10,2,0.036696084095053115,4
NewFloq_REF_Bro57_Eps07_T50_5IT_30Jul.dat,0.7,True,10,3,0.03932246553888308,4
NewFloq_REF_Bro57_Eps07_T50_5IT_30Jul.dat,0.7,True,10,4,0.03846732056505899,4
NewFloq_REF_Bro57_Eps07_T50_5IT_30Jul.dat,0.7,True,10,5,0.03746239334110174,4
NewFloq_REF_Bro57_Eps07_T50_5IT_30Jul.dat,0.7,True,10,6,0.028932758150652025,4
NewFloq_REF_Bro57_Eps07_T50_5IT_30Jul.dat,0.7,True,10,7,0.024950623012174794,4
NewFloq_REF_Bro57_Eps07_T50_5IT_30Jul.dat,0.7,True,10,8,0.02600977138976956,4
NewFloq_REF_Bro57_Eps07_T50_5IT_30Jul.dat,0.7,True,10,9,0.023426434378246836,4
NewFloq_REF_Bro57_Eps08_T50_5IT_23Jul.dat,0.8,True,1,0,0.1643344071033182,50
NewFloq_REF_Bro57_Eps08_T50_5IT_23Jul.dat,0.8,True,2,0,0.14073759015106493,25
NewFloq_REF_Bro57_Eps08_T50_5IT_23Jul.dat,0.8,True,2,1,0.12894265534371763,24
NewFloq_REF_Bro57_Eps08_T50_5IT_23Jul.dat,0.8,True,3,0,0.12386264894440235,16
NewFloq_REF_Bro57_Eps08_T50_5IT_23Jul.dat,0.8,True,3,1,0.11022127445500243,16
NewFloq_REF_Bro57_Eps08_T50_5IT_23Jul.dat,0.8,True,3,2,0.1026711560242097,16
NewFloq_REF_Bro57_Eps08_T50_5IT_23Jul.dat,0.8,True,4,0,0.10335780109888953,12
NewFloq_REF_Bro57_Eps08_T50_5IT_23Jul.dat,0.8,True,4,1,0.09543089828746838,12
NewFloq_REF_Bro57_Eps08_T50_5IT_23Jul.dat,0.8,True,4,2,0.09265961150383495,12
NewFloq_REF_Bro57_Eps08_T50_5IT_23Jul.dat,0.8,True,4,3,0.09334496643587537,11
NewFloq_REF_Bro57_Eps08_T50_5IT_23Jul.dat,0.8,True,5,0,0.08819919851658589,10
NewFloq_REF_Bro57_Eps08_T50_5IT_23Jul.dat,0.8,True,5,1,0.09182345799612805,9
NewFloq_REF_Bro57_Eps08_T50_5IT_23Jul.dat,0.8,True,5,2,0.08798023159614243,9
NewFloq_REF_Bro57_Eps08_T50_5IT_23Jul.dat,0.8,True,5,3,0.07903313259170985,9
NewFloq_REF_Bro57_Eps08_T50_5IT_23Jul.dat,0.8,True,5,4,0.07375198511126295,9
NewFloq_REF_Bro57_Eps08_T50_5IT_23Jul.dat,0.8,True,6,0,0.07925058926755432,8
NewFloq_REF_Bro57_Eps08_T50_5IT_23Jul.dat,0.8,True,6,1,0.07377006044658649,8
NewFloq_REF_Bro57_Eps08_T50_5IT_23Jul.dat,0.8,True,6,2,0.07186961651083822,8
NewFloq_REF_Bro57_Eps08_T50_5IT_23Jul.dat,0.8,True,6,3,0.07787834761433586,7
NewFloq_REF_Bro57_Eps08_T50_5IT_23Jul.dat,0.8,True,6,4,0.07183301770417659,7
NewFloq_REF_Bro57_Eps08_T50_5IT_23Jul.dat,0.8,True,6,5,0.06603333673369519,7
NewFloq_REF_Bro57_Eps08_T50_5IT_23Jul.dat,0.8,True,7,0,0.06734643643404807,7
NewFloq_REF_Bro57_Eps08_T50_5IT_23Jul.dat,0.8,True,7,1,0.06510038610233447,7
NewFloq_REF_Bro57_Eps08_T50_5IT_23Jul.dat,0.8,True,7,2,0.06979313584722004,6
NewFloq_REF_Bro57_Eps08_T50_5IT_23Jul.dat,0.8,True,7,3,0.06772498735406099,6
NewFloq_REF_Bro57_Eps08_T50_5IT_23Jul.dat,0.8,True,7,4,0.06260646390607147,6
NewFloq_REF_Bro57_Eps08_T50_5IT_23Jul.dat,0.8,True,7,5,0.058524419569838476,6
NewFloq_REF_Bro57_Eps08_T50_5IT_23Jul.dat,0.8,True,7,6,0.053627179957879655,6
NewFloq_REF_Bro57_Eps08_T50_5IT_23Jul.dat,0.8,True,8,0,0.056638824561572466,6
NewFloq_REF_Bro57_Eps08_T50_5IT_23Jul.dat,0.8,True,8,1,0.05587131086638505,6
NewFloq_REF_Bro57_Eps08_T50_5IT_23Jul.dat,0.8,True,8,2,0.05440674538059756,6
NewFloq_REF_Bro57_Eps08_T50_5IT_23Jul.dat,0.8,True,8,3,0.06228273165644192,5
NewFloq_REF_Bro57_Eps08_T50_5IT_23Jul.dat,0.8,True,8,4,0.06091110550045413,5
NewFloq_REF_Bro57_Eps08_T50_5IT_23Jul.dat,0.8,True,8,5,0.05572109428274859,5
NewFloq_REF_Bro57_Eps08_T50_5IT_23Jul.dat,0.8,True,8,6,0.049420548761920854,5
NewFloq_REF_Bro57_Eps08_T50_5IT_23Jul.dat,0.8,True,8,7,0.04505207222238916,5
NewFloq_REF_Bro57_Eps08_T50_5IT_23Jul.dat,0.8,True,9,0,0.05300076523264243,5
NewFloq_REF_Bro57_Eps08_T50_5IT_23Jul.dat,0.8,True,9,1,0.05277781325283979,5
NewFloq_REF_Bro57_Eps08_T50_5IT_23Jul.dat,0.8,True,9,2,0.05070823956594145,5
NewFloq_REF_Bro57_Eps08_T50_5IT_23Jul.dat,0.8,True,9,3,0.04974803234778948,5
NewFloq_REF_Bro57_Eps08_T50_5IT_23Jul.dat,0.8,True,9,4,0.046499412974548564,5
NewFloq_REF_Bro57_Eps08_T50_5IT_23Jul.dat,0.8,True,9,5,0.04217652442138869,5
NewFloq_REF_Bro57_Eps08_T50_5IT_23Jul.dat,0.8,True,9,6,0.048312708381563284,4
NewFloq_REF_Bro57_Eps08_T50_5IT_23Jul.dat,0.8,True,9,7,0.041295666562118645,4
NewFloq_REF_Bro57_Eps08_T50_5IT_23Jul.dat,0.8,True,9,8,0.04027489702090837,4
NewFloq_REF_Bro57_Eps08_T50_5IT_23Jul.dat,0.8,True,10,0,0.04172608512528573,5
NewFloq_REF_Bro57_Eps08_T50_5IT_23Jul.dat,0.8,True,10,1,0.04942542071212809,4
NewFloq_REF_Bro57_Eps08_T50_5IT_23Jul.dat,0.8,True,10,2,0.049394841318328817,4
NewFloq_REF_Bro57_Eps08_T50_5IT_23Jul.dat,0.8,True,10,3,0.04651055054122279,4
NewFloq_REF_Bro57_Eps08_T50_5IT_23Jul.dat,0.8,True,10,4,0.045439677443672596,4
NewFloq_REF_Bro57_Eps08_T50_5IT_23Jul.dat,0.8,True,10,5,0.042750158216652304,4
NewFloq_REF_Bro57_Eps08_T50_5IT_23Jul.dat,0.8,True,10,6,0.03567306745574173,4
NewFloq_REF_Bro57_Eps08_T50_5IT_23Jul.dat,0.8,True,10,7,0.036377159314214494,4
NewFloq_REF_Bro57_Eps08_T50_5IT_23Jul.dat,0.8,True,10,8,0.0315280687840266,4
NewFloq_REF_Bro57_Eps08_T50_5IT_23Jul.dat,0.8,True,10,9,0.028854126628925336,4
NewFloq_REF_Bro57_Eps09_T50_5IT_23Jul.dat,0.9,True,1,0,0.20651965958952334,50
NewFloq_REF_Bro57_Eps09_T50_5IT_23Jul.dat,0.9,True,2,0,0.18757410808782526,25
NewFloq_REF_Bro57_Eps09_T50_5IT_23Jul.dat,0.9,True,2,1,0.17547598684665652,24
NewFloq_REF_Bro57_Eps09_T50_5IT_23Jul.dat,0.9,True,3,0,0.17045685147750406,16
NewFloq_REF_Bro57_Eps09_T50_5IT_23Jul.dat,0.9,True,3,1,0.15822806489065033,16
NewFloq_REF_Bro57_Eps09_T50_5IT_23Jul.dat,0.9,True,3,2,0.14289370969106896,16
NewFloq_REF_Bro57_Eps09_T50_5IT_23Jul.dat,0.9,True,4,0,0.15285952161218477,12
NewFloq_REF_Bro57_Eps09_T50_5IT_23Jul.dat,0.9,True,4,1,0.1391473445536968,12
NewFloq_REF_Bro57_Eps09_T50_5IT_23Jul.dat,0.9,True,4,2,0.1279467843310064,12
NewFloq_REF_Bro57_Eps09_T50_5IT_23Jul.dat,0.9,True,4,3,0.1283232009612245,11
NewFloq_REF_Bro57_Eps09_T50_5IT_23Jul.dat,0.9,True,5,0,0.13274756505363414,10
NewFloq_REF_Bro57_Eps09_T50_5IT_23Jul.dat,0.9,True,5,1,0.13118041971849176,9
NewFloq_REF_Bro57_Eps09_T50_5IT_23Jul.dat,0.9,True,5,2,0.1236474040313197,9
NewFloq_REF_Bro57_Eps09_T50_5IT_23Jul.dat,0.9,True,5,3,0.11245381053601057,9
NewFloq_REF_Bro57_Eps09_T50_5IT_23Jul.dat,0.9,True,5,4,0.1057267144793491,9
NewFloq_REF_Bro57_Eps09_T50_5IT_23Jul.dat,0.9,True,6,0,0.11865536352179852,8
NewFloq_REF_Bro57_Eps09_T50_5IT_23Jul.dat,0.9,True,6,1,0.11208256770703144,8
NewFloq_REF_Bro57_Eps09_T50_5IT_23Jul.dat,0.9,True,6,2,0.10348048507862195,8
NewFloq_REF_Bro57_Eps09_T50_5IT_23Jul.dat,0.9,True,6,3,0.10834221719144836,7
NewFloq_REF_Bro57_Eps09_T50_5IT_23Jul.dat,0.9,True,6,4,0.10481594286354783,7
NewFloq_REF_Bro57_Eps09_T50_5IT_23Jul.dat,0.9,True,6,5,0.094959134330997,7
NewFloq_REF_Bro57_Eps09_T50_5IT_23Jul.dat,0.9,True,7,0,0.10772848238306303,7
NewFloq_REF_Bro57_Eps09_T50_5IT_23Jul.dat,0.9,True,7,1,0.09758675983064101,7
NewFloq_REF_Bro57_Eps09_T50_5IT_23Jul.dat,0.9,True,7,2,0.10304364839598183,6
NewFloq_REF_Bro57_Eps09_T50_5IT_23Jul.dat,0.9,True,7,3,0.09876758621836706,6
NewFloq_REF_Bro57_Eps09_T50_5IT_23Jul.dat,0.9,True,7,4,0.09005707961738729,6
NewFloq_REF_Bro57_Eps09_T50_5IT_23Jul.dat,0.9,True,7,5,0.08757077887868396,6
NewFloq_REF_Bro57_Eps09_T50_5IT_23Jul.dat,0.9,True,7,6,0.08169674128766831,6
NewFloq_REF_Bro57_Eps09_T50_5IT_23Jul.dat,0.9,True,8,0,0.09401189867704018,6
NewFloq_REF_Bro57_Eps09_T50_5IT_23Jul.dat,0.9,True,8,1,0.08673395710767777,6
NewFloq_REF_Bro57_Eps09_T50_5IT_23Jul.dat,0.9,True,8,2,0.08152045089249807,6
NewFloq_REF_Bro57_Eps09_T50_5IT_23Jul.dat,0.9,True,8,3,0.0910888900849118,5
NewFloq_REF_Bro57_Eps09_T50_5IT_23Jul.dat,0.9,True,8,4,0.08872973652762048,5
NewFloq_REF_Bro57_Eps09_T50_5IT_23Jul.dat,0.9,True,8,5,0.08414304541148585,5
NewFloq_REF_Bro57_Eps09_T50_5IT_23Jul.dat,0.9,True,8,6,0.07980781709433254,5
NewFloq_REF_Bro57_Eps09_T50_5IT_23Jul.dat,0.9,True,8,7,0.07075981065056758,5
NewFloq_REF_Bro57_Eps09_T50_5IT_23Jul.dat,0.9,True,9,0,0.08656509057985605,5
NewFloq_REF_Bro57_Eps09_T50_5IT_23Jul.dat,0.9,True,9,1,0.08566596112762866,5
NewFloq_REF_Bro57_Eps09_T50_5IT_23Jul.dat,0.9,True,9,2,0.07765654680709358,5
NewFloq_REF_Bro57_Eps09_T50_5IT_23Jul.dat,0.9,True,9,3,0.07393429408266886,5
NewFloq_REF_Bro57_Eps09_T50_5IT_23Jul.dat,0.9,True,9,4,0.07178916137256819,5
NewFloq_REF_Bro57_Eps09_T50_5IT_23Jul.dat,0.9,True,9,5,0.0675977093437327,5
NewFloq_REF_Bro57_Eps09_T50_5IT_23Jul.dat,0.9,True,9,6,0.07640096988567388,4
NewFloq_REF_Bro57_Eps09_T50_5IT_23Jul.dat,0.9,True,9,7,0.07061012877614867,4
NewFloq_REF_Bro57_Eps09_T50_5IT_23Jul.dat,0.9,True,9,8,0.06546763726465081,4
NewFloq_REF_Bro57_Eps09_T50_5IT_23Jul.dat,0.9,True,10,0,0.07378697858768686,5
NewFloq_REF_Bro57_Eps09_T50_5IT_23Jul.dat,0.9,True,10,1,0.08224528743407117,4
NewFloq_REF_Bro57_Eps09_T50_5IT_23Jul.dat,0.9,True,10,2,0.07892387906353725,4
NewFloq_REF_Bro57_Eps09_T50_5IT_23Jul.dat,0.9,True,10,3,0.07531318375802484,4
NewFloq_REF_Bro57_Eps09_T50_5IT_23Jul.dat,0.9,True,10,4,0.072629460174427,4
NewFloq_REF_Bro57_Eps09_T50_5IT_23Jul.dat,0.9,True,10,5,0.06811200345688347,4
NewFloq_REF_Bro57_Eps09_T50_5IT_23Jul.dat,0.9,True,10,6,0.06237751180683356,4
NewFloq_REF_Bro57_Eps09_T50_5IT_23Jul.dat,0.9,True,10,7,0.057897227920510844,4
NewFloq_REF_Bro57_Eps09_T50_5IT_23Jul.dat,0.9,True,10,8,0.05137888527597177,4
NewFloq_REF_Bro57_Eps09_T50_5IT_23Jul.dat,0.9,True,10,9,0.04833640880086889,4
NewFloq_REF_Bro57_Eps0_T50_5IT_14Jul.dat,0.0,True,1,0,0.06076460324371114,50
NewFloq_REF_Bro57_Eps0_T50_5IT_14Jul.dat,0.0,True,2,0,0.5873450088607707,25
NewFloq_REF_Bro57_Eps0_T50_5IT_14Jul.dat,0.0,True,2,1,0.680720681158108,24
NewFloq_REF_Bro57_Eps0_T50_5IT_14Jul.dat,0.0,True,3,0,0.06402958064427716,16
NewFloq_REF_Bro57_Eps0_T50_5IT_14Jul.dat,0.0,True,3,1,0.06622842455196803,16
NewFloq_REF_Bro57_Eps0_T50_5IT_14Jul.dat,0.0,True,3,2,0.07352129724994483,16
NewFloq_REF_Bro57_Eps0_T50_5IT_14Jul.dat,0.0,True,4,0,0.7067431733983355,12
NewFloq_REF_Bro57_Eps0_T50_5IT_14Jul.dat,0.0,True,4,1,0.8092569457393933,12
NewFloq_REF_Bro57_Eps0_T50_5IT_14Jul.dat,0.0,True,4,2,0.7277272497589559,12
NewFloq_REF_Bro57_Eps0_T50_5IT_14Jul.dat,0.0,True,4,3,0.6722380915051592,11
NewFloq_REF_Bro57_Eps0_T50_5IT_14Jul.dat,0.0,True,5,0,0.06566827529310712,10
NewFloq_REF_Bro57_Eps0_T50_5IT_14Jul.dat,0.0,True,5,1,0.05572556409793261,9
NewFloq_REF_Bro57_Eps0_T50_5IT_14Jul.dat,0.0,True,5,2,0.04595253163733652,9
NewFloq_REF_Bro57_Eps0_T50_5IT_14Jul.dat,0.0,True,5,3,0.07237371545788449,9
NewFloq_REF_Bro57_Eps0_T50_5IT_14Jul.dat,0.0,True,5,4,0.04896556124599808,9
NewFloq_REF_Bro57_Eps0_T50_5IT_14Jul.dat,0.0,True,6,0,0.5150849248284075,8
NewFloq_REF_Bro57_Eps0_T50_5IT_14Jul.dat,0.0,True,6,1,0.5560776374595702,8
NewFloq_REF_Bro57_Eps0_T50_5IT_14Jul.dat,0.0,True,6,2,0.5392749049083791,8
NewFloq_REF_Bro57_Eps0_T50_5IT_14Jul.dat,0.0,True,6,3,0.6095507567111648,7
NewFloq_REF_Bro57_Eps0_T50_5IT_14Jul.dat,0.0,True,6,4,0.4698587470863071,7
NewFloq_REF_Bro57_Eps0_T50_5IT_14Jul.dat,0.0,True,6,5,0.6108189616646953,7
NewFloq_REF_Bro57_Eps0_T50_5IT_14Jul.dat,0.0,True,7,0,0.059442470430745555,7
NewFloq_REF_Bro57_Eps0_T50_5IT_14Jul.dat,0.0,True,7,1,0.07144893787221443,7
NewFloq_REF_Bro57_Eps0_T50_5IT_14Jul.dat,0.0,True,7,2,0.07255747219574034,6
NewFloq_REF_Bro57_Eps0_T50_5IT_14Jul.dat,0.0,True,7,3,0.061170005433221784,6
NewFloq_REF_Bro57_Eps0_T50_5IT_14Jul.dat,0.0,True,7,4,0.07913479691436244,6
NewFloq_REF_Bro57_Eps0_T50_5IT_14Jul.dat,0.0,True,7,5,0.08491555404727487,6
NewFloq_REF_Bro57_Eps0_T50_5IT_14Jul.dat,0.0,True,7,6,0.09563329037489036,6
NewFloq_REF_Bro57_Eps0_T50_5IT_14Jul.dat,0.0,True,8,0,0.6017527283852396,6
NewFloq_REF_Bro57_Eps0_T50_5IT_14Jul.dat,0.0,True,8,1,0.6847978699284828,6
NewFloq_REF_Bro57_Eps0_T50_5IT_14Jul.dat,0.0,True,8,2,0.6237533999613117,6
NewFloq_REF_Bro57_Eps0_T50_5IT_14Jul.dat,0.0,True,8,3,0.524547884820042,5
NewFloq_REF_Bro57_Eps0_T50_5IT_14Jul.dat,0.0,True,8,4,0.5929883895987403,5
NewFloq_REF_Bro57_Eps0_T50_5IT_14Jul.dat,0.0,True,8,5,0.8361756502706971,5
NewFloq_REF_Bro57_Eps0_T50_5IT_14Jul.dat,0.0,True,8,6,0.7258767662525739,5
NewFloq_REF_Bro57_Eps0_T50_5IT_14Jul.dat,0.0,True,8,7,0.6591124776985897,5
NewFloq_REF_Bro57_Eps0_T50_5IT_14Jul.dat,0.0,True,9,0,0.05455479295545862,5
NewFloq_REF_Bro57_Eps0_T50_5IT_14Jul.dat,0.0,True,9,1,0.0525087087307571,5
NewFloq_REF_Bro57_Eps0_T50_5IT_14Jul.dat,0.0,True,9,2,0.006621413311269491,5
NewFloq_REF_Bro57_Eps0_T50_5IT_14Jul.dat,0.0,True,9,3,0.05435911227381329,5
NewFloq_REF_Bro57_Eps0_T50_5IT_14Jul.dat,0.0,True,9,4,0.07302722077541832,5
NewFloq_REF_Bro57_Eps0_T50_5IT_14Jul.dat,0.0,True,9,5,0.08047556878440745,5
NewFloq_REF_Bro57_Eps0_T50_5IT_14Jul.dat,0.0,True,9,6,0.01565233325604299,4
NewFloq_REF_Bro57_Eps0_T50_5IT_14Jul.dat,0.0,True,9,7,0.023449843333815373,4
NewFloq_REF_Bro57_Eps0_T50_5IT_14Jul.dat,0.0,True,9,8,0.04529458244659228,4
NewFloq_REF_Bro57_Eps0_T50_5IT_14Jul.dat,0.0,True,10,0,0.44567435467823413,5
NewFloq_REF_Bro57_Eps0_T50_5IT_14Jul.dat,0.0,True,10,1,0.38529587708772917,4
NewFloq_REF_Bro57_Eps0_T50_5IT_14Jul.dat,0.0,True,10,2,0.3659029499116656,4
NewFloq_REF_Bro57_Eps0_T50_5IT_14Jul.dat,0.0,True,10,3,0.6574530048074763,4
NewFloq_REF_Bro57_Eps0_T50_5IT_14Jul.dat,0.0,True,10,4,0.7043627586552368,4
NewFloq_REF_Bro57_Eps0_T50_5IT_14Jul.dat,0.0,True,10,5,0.7970160760536974,4
NewFloq_REF_Bro57_Eps0_T50_5IT_14Jul.dat,0.0,True,10,6,0.5521816176659103,4
NewFloq_REF_Bro57_Eps0_T50_5IT_14Jul.dat,0.0,True,10,7,0.5819611377151319,4
NewFloq_REF_Bro57_Eps0_T50_5IT_14Jul.dat,0.0,True,10,8,0.46339396470865624,4
NewFloq_REF_Bro57_Eps0_T50_5IT_14Jul.dat,0.0,True,10,9,0.6108991241538486,4
NewFloq_REF_Man57_Eps001_T50_5IT_7Jul.dat,0.01,True,1,0,0.02865237051459793,50
NewFloq_REF_Man57_Eps001_T50_5IT_7Jul.dat,0.01,True,2,0,0.7499402859621882,25
NewFloq_REF_Man57_Eps001_T50_5IT_7Jul.dat,0.01,True,2,1,0.7891520049809339,24
NewFloq_REF_Man57_Eps001_T50_5IT_7Jul.dat,0.01,True,3,0,0.012059040911994537,16
NewFloq_REF_Man57_Eps001_T50_5IT_7Jul.dat,0.01,True,3,1,0.020414604144387602,16
NewFloq_REF_Man57_Eps001_T50_5IT_7Jul.dat,0.01,True,3,2,0.02126252384188755,16
NewFloq_REF_Man57_Eps001_T50_5IT_7Jul.dat,0.01,True,4,0,0.7017208717044844,12
NewFloq_REF_Man57_Eps001_T50_5IT_7Jul.dat,0.01,True,4,1,0.7383209688800129,12
NewFloq_REF_Man57_Eps001_T50_5IT_7Jul.dat,0.01,True,4,2,0.7167475284909591,12
NewFloq_REF_Man57_Eps001_T50_5IT_7Jul.dat,0.01,True,4,3,0.7212756651075662,11
NewFloq_REF_Man57_Eps001_T50_5IT_7Jul.dat,0.01,True,5,0,0.040985107968960155,10
NewFloq_REF_Man57_Eps001_T50_5IT_7Jul.dat,0.01,True,5,1,0.01189674777004657,9
NewFloq_REF_Man57_Eps001_T50_5IT_7Jul.dat,0.01,True,5,2,0.031564538686136304,9
NewFloq_REF_Man57_Eps001_T50_5IT_7Jul.dat,0.01,True,5,3,0.016536193362413285,9
NewFloq_REF_Man57_Eps001_T50_5IT_7Jul.dat,0.01,True,5,4,0.014972409214238184,9
NewFloq_REF_Man57_Eps001_T50_5IT_7Jul.dat,0.01,True,6,0,0.6336962581664599,8
NewFloq_REF_Man57_Eps001_T50_5IT_7Jul.dat,0.01,True,6,1,0.7979214446849077,8
NewFloq_REF_Man57_Eps001_T50_5IT_7Jul.dat,0.01,True,6,2,0.7688490004666444,8
NewFloq_REF_Man57_Eps001_T50_5IT_7Jul.dat,0.01,True,6,3,0.703532612541866,7
NewFloq_REF_Man57_Eps001_T50_5IT_7Jul.dat,0.01,True,6,4,0.6598506993478223,7
NewFloq_REF_Man57_Eps001_T50_5IT_7Jul.dat,0.01,True,6,5,0.68768749194408,7
NewFloq_REF_Man57_Eps001_T50_5IT_7Jul.dat,0.01,True,7,0,0.04753467779427939,7
NewFloq_REF_Man57_Eps001_T50_5IT_7Jul.dat,0.01,True,7,1,0.008377205301012226,7
NewFloq_REF_Man57_Eps001_T50_5IT_7Jul.dat,0.01,True,7,2,0.0028352773009353246,6
NewFloq_REF_Man57_Eps001_T50_5IT_7Jul.dat,0.01,True,7,3,0.025278127808165737,6
NewFloq_REF_Man57_Eps001_T50_5IT_7Jul.dat,0.01,True,7,4,0.016946210119923453,6
NewFloq_REF_Man57_Eps001_T50_5IT_7Jul.dat,0.01,True,7,5,0.04346492730713328,6
NewFloq_REF_Man57_Eps001_T50_5IT_7Jul.dat,0.01,True,7,6,0.042406166258292737,6
NewFloq_REF_Man57_Eps001_T50_5IT_7Jul.dat,0.01,True,8,0,0.6930614192528503,6
NewFloq_REF_Man57_Eps001_T50_5IT_7Jul.dat,0.01,True,8,1,0.6426204706734593,6
NewFloq_REF_Man57_Eps001_T50_5IT_7Jul.dat,0.01,True,8,2,0.5548117139885352,6
NewFloq_REF_Man57_Eps001_T50_5IT_7Jul.dat,0.01,True,8,3,0.6569329948176078,5
NewFloq_REF_Man57_Eps001_T50_5IT_7Jul.dat,0.01,True,8,4,0.6368712820800834,5
NewFloq_REF_Man57_Eps001_T50_5IT_7Jul.dat,0.01,True,8,5,0.7718785871164512,5
NewFloq_REF_Man57_Eps001_T50_5IT_7Jul.dat,0.01,True,8,6,0.7674419882915341,5
NewFloq_REF_Man57_Eps001_T50_5IT_7Jul.dat,0.01,True,8,7,0.7373081950778942,5
NewFloq_REF_Man57_Eps001_T50_5IT_7Jul.dat,0.01,True,9,0,0.02891893312053284,5
NewFloq_REF_Man57_Eps001_T50_5IT_7Jul.dat,0.01,True,9,1,0.02292006123359855,5
NewFloq_REF_Man57_Eps001_T50_5IT_7Jul.dat,0.01,True,9,2,0.02314732895475906,5
NewFloq_REF_Man57_Eps001_T50_5IT_7Jul.dat,0.01,True,9,3,0.046313881646272356,5
NewFloq_REF_Man57_Eps001_T50_5IT_7Jul.dat,0.01,True,9,4,0.03591201044587715,5
NewFloq_REF_Man57_Eps001_T50_5IT_7Jul.dat,0.01,True,9,5,0.03230060669496161,5
NewFloq_REF_Man57_Eps001_T50_5IT_7Jul.dat,0.01,True,9,6,0.028244073474855354,4
NewFloq_REF_Man57_Eps001_T50_5IT_7Jul.dat,0.01,True,9,7,0.004149730150082978,4
NewFloq_REF_Man57_Eps001_T50_5IT_7Jul.dat,0.01,True,9,8,0.004268792636835833,4
NewFloq_REF_Man57_Eps001_T50_5IT_7Jul.dat,0.01,True,10,0,0.5214186347062163,5
NewFloq_REF_Man57_Eps001_T50_5IT_7Jul.dat,0.01,True,10,1,0.5348196141967712,4
NewFloq_REF_Man57_Eps001_T50_5IT_7Jul.dat,0.01,True,10,2,0.4879944703701634,4
NewFloq_REF_Man57_Eps001_T50_5IT_7Jul.dat,0.01,True,10,3,0.8575390649768431,4
NewFloq_REF_Man57_Eps001_T50_5IT_7Jul.dat,0.01,True,10,4,0.8326198598714158,4
NewFloq_REF_Man57_Eps001_T50_5IT_7Jul.dat,0.01,True,10,5,0.7294705137338854,4
NewFloq_REF_Man57_Eps001_T50_5IT_7Jul.dat,0.01,True,10,6,0.7175876720598855,4
NewFloq_REF_Man57_Eps001_T50_5IT_7Jul.dat,0.01,True,10,7,0.6959215491982049,4
NewFloq_REF_Man57_Eps001_T50_5IT_7Jul.dat,0.01,True,10,8,0.6718237847518636,4
NewFloq_REF_Man57_Eps001_T50_5IT_7Jul.dat,0.01,True,10,9,0.6272046616321494,4
NewFloq_REF_Man57_Eps003_T50_5IT_6Jul.dat,0.03,True,1,0,0.029803886300123907,50
NewFloq_REF_Man57_Eps003_T50_5IT_6Jul.dat,0.03,True,2,0,0.7233707301939415,25
NewFloq_REF_Man57_Eps003_T50_5IT_6Jul.dat,0.03,True,2,1,0.7336148773246455,24
NewFloq_REF_Man57_Eps003_T50_5IT_6Jul.dat,0.03,True,3,0,0.016553353409012712,16
NewFloq_REF_Man57_Eps003_T50_5IT_6Jul.dat,0.03,True,3,1,0.051654728896773194,16
NewFloq_REF_Man57_Eps003_T50_5IT_6Jul.dat,0.03,True,3,2,0.03676259217145734,16
NewFloq_REF_Man57_Eps003_T50_5IT_6Jul.dat,0.03,True,4,0,0.7009503904683291,12
NewFloq_REF_Man57_Eps003_T50_5IT_6Jul.dat,0.03,True,4,1,0.702343772049399,12
NewFloq_REF_Man57_Eps003_T50_5IT_6Jul.dat,0.03,True,4,2,0.646777498027393,12
NewFloq_REF_Man57_Eps003_T50_5IT_6Jul.dat,0.03,True,4,3,0.7115068291475746,11
NewFloq_REF_Man57_Eps003_T50_5IT_6Jul.dat,0.03,True,5,0,0.033778627208415304,10
NewFloq_REF_Man57_Eps003_T50_5IT_6Jul.dat,0.03,True,5,1,0.04657681089843378,9
NewFloq_REF_Man57_Eps003_T50_5IT_6Jul.dat,0.03,True,5,2,0.028573570295227765,9
NewFloq_REF_Man57_Eps003_T50_5IT_6Jul.dat,0.03,True,5,3,0.02666872743426768,9
NewFloq_REF_Man57_Eps003_T50_5IT_6Jul.dat,0.03,True,5,4,0.010584628277925985,9
NewFloq_REF_Man57_Eps003_T50_5IT_6Jul.dat,0.03,True,6,0,0.6009168452882361,8
NewFloq_REF_Man57_Eps003_T50_5IT_6Jul.dat,0.03,True,6,1,0.7211339508616783,8
NewFloq_REF_Man57_Eps003_T50_5IT_6Jul.dat,0.03,True,6,2,0.6828321770359312,8
NewFloq_REF_Man57_Eps003_T50_5IT_6Jul.dat,0.03,True,6,3,0.6770507692207868,7
NewFloq_REF_Man57_Eps003_T50_5IT_6Jul.dat,0.03,True,6,4,0.6278663803364388,7
NewFloq_REF_Man57_Eps003_T50_5IT_6Jul.dat,0.03,True,6,5,0.6131454248327651,7
NewFloq_REF_Man57_Eps003_T50_5IT_6Jul.dat,0.03,True,7,0,0.012251975739185957,7
NewFloq_REF_Man57_Eps003_T50_5IT_6Jul.dat,0.03,True,7,1,0.020608479282028365,7
NewFloq_REF_Man57_Eps003_T50_5IT_6Jul.dat,0.03,True,7,2,0.01197696053768769,6
NewFloq_REF_Man57_Eps003_T50_5IT_6Jul.dat,0.03,True,7,3,0.03317892822923219,6
NewFloq_REF_Man57_Eps003_T50_5IT_6Jul.dat,0.03,True,7,4,0.044082775601010094,6
NewFloq_REF_Man57_Eps003_T50_5IT_6Jul.dat,0.03,True,7,5,0.031226346016797645,6
NewFloq_REF_Man57_Eps003_T50_5IT_6Jul.dat,0.03,True,7,6,0.04551794377726363,6
NewFloq_REF_Man57_Eps003_T50_5IT_6Jul.dat,0.03,True,8,0,0.6178853300513031,6
NewFloq_REF_Man57_Eps003_T50_5IT_6Jul.dat,0.03,True,8,1,0.6128484049189136,6
NewFloq_REF_Man57_Eps003_T50_5IT_6Jul.dat,0.03,True,8,2,0.5839185072493023,6
NewFloq_REF_Man57_Eps003_T50_5IT_6Jul.dat,0.03,True,8,3,0.6034432805426706,5
NewFloq_REF_Man57_Eps003_T50_5IT_6Jul.dat,0.03,True,8,4,0.5807516918743357,5
NewFloq_REF_Man57_Eps003_T50_5IT_6Jul.dat,0.03,True,8,5,0.7450964952302433,5
NewFloq_REF_Man57_Eps003_T50_5IT_6Jul.dat,0.03,True,8,6,0.65754654707904,5
NewFloq_REF_Man57_Eps003_T50_5IT_6Jul.dat,0.03,True,8,7,0.6886649260269394,5
NewFloq_REF_Man57_Eps003_T50_5IT_6Jul.dat,0.03,True,9,0,0.02673121712987873,5
NewFloq_REF_Man57_Eps003_T50_5IT_6Jul.dat,0.03,True,9,1,0.05343875540039768,5
NewFloq_REF_Man57_Eps003_T50_5IT_6Jul.dat,0.03,True,9,2,0.03904382652091433,5
NewFloq_REF_Man57_Eps003_T50_5IT_6Jul.dat,0.03,True,9,3,0.034021160704499946,5
NewFloq_REF_Man57_Eps003_T50_5IT_6Jul.dat,0.03,True,9,4,0.021724159324386587,5
NewFloq_REF_Man57_Eps003_T50_5IT_6Jul.dat,0.03,True,9,5,0.030573820764698202,5
NewFloq_REF_Man57_Eps003_T50_5IT_6Jul.dat,0.03,True,9,6,0.01871459089712178,4
NewFloq_REF_Man57_Eps003_T50_5IT_6Jul.dat,0.03,True,9,7,0.014639541312571568,4
NewFloq_REF_Man57_Eps003_T50_5IT_6Jul.dat,0.03,True,9,8,0.012811072082116504,4
NewFloq_REF_Man57_Eps003_T50_5IT_6Jul.dat,0.03,True,10,0,0.5154852370788537,5
NewFloq_REF_Man57_Eps003_T50_5IT_6Jul.dat,0.03,True,10,1,0.5115620096028738,4
NewFloq_REF_Man57_Eps003_T50_5IT_6Jul.dat,0.03,True,10,2,0.4893172675249284,4
NewFloq_REF_Man57_Eps003_T50_5IT_6Jul.dat,0.03,True,10,3,0.7676869876880515,4
NewFloq_REF_Man57_Eps003_T50_5IT_6Jul.dat,0.03,True,10,4,0.7508415332567868,4
NewFloq_REF_Man57_Eps003_T50_5IT_6Jul.dat,0.03,True,10,5,0.6983476326163235,4
NewFloq_REF_Man57_Eps003_T50_5IT_6Jul.dat,0.03,True,10,6,0.6314306937842181,4
NewFloq_REF_Man57_Eps003_T50_5IT_6Jul.dat,0.03,True,10,7,0.629926565151443,4
NewFloq_REF_Man57_Eps003_T50_5IT_6Jul.dat,0.03,True,10,8,0.5846801978936862,4
NewFloq_REF_Man57_Eps003_T50_5IT_6Jul.dat,0.03,True,10,9,0.6146588630447386,4
NewFloq_REF_Man57_Eps004_T50_5IT_8Jul.dat,0.04,True,1,0,0.04034237619537859,50
NewFloq_REF_Man57_Eps004_T50_5IT_8Jul.dat,0.04,True,2,0,0.7193174292899448,25
NewFloq_REF_Man57_Eps004_T50_5IT_8Jul.dat,0.04,True,2,1,0.7590396746303973,24
NewFloq_REF_Man57_Eps004_T50_5IT_8Jul.dat,0.04,True,3,0,0.012478481061940556,16
NewFloq_REF_Man57_Eps004_T50_5IT_8Jul.dat,0.04,True,3,1,0.05596810153540632,16
NewFloq_REF_Man57_Eps004_T50_5IT_8Jul.dat,0.04,True,3,2,0.023962735549804624,16
NewFloq_REF_Man57_Eps004_T50_5IT_8Jul.dat,0.04,True,4,0,0.6215009347771016,12
NewFloq_REF_Man57_Eps004_T50_5IT_8Jul.dat,0.04,True,4,1,0.7452016026610747,12
NewFloq_REF_Man57_Eps004_T50_5IT_8Jul.dat,0.04,True,4,2,0.6361785979803068,12
NewFloq_REF_Man57_Eps004_T50_5IT_8Jul.dat,0.04,True,4,3,0.7010449770415463,11
NewFloq_REF_Man57_Eps004_T50_5IT_8Jul.dat,0.04,True,5,0,0.03850593328635015,10
NewFloq_REF_Man57_Eps004_T50_5IT_8Jul.dat,0.04,True,5,1,0.030870772536409716,9
NewFloq_REF_Man57_Eps004_T50_5IT_8Jul.dat,0.04,True,5,2,0.017653872418902178,9
NewFloq_REF_Man57_Eps004_T50_5IT_8Jul.dat,0.04,True,5,3,0.023301320622966873,9
NewFloq_REF_Man57_Eps004_T50_5IT_8Jul.dat,0.04,True,5,4,0.0569467894049173,9
NewFloq_REF_Man57_Eps004_T50_5IT_8Jul.dat,0.04,True,6,0,0.6133401776453684,8
NewFloq_REF_Man57_Eps004_T50_5IT_8Jul.dat,0.04,True,6,1,0.7684707964796731,8
NewFloq_REF_Man57_Eps004_T50_5IT_8Jul.dat,0.04,True,6,2,0.6347570422025576,8
NewFloq_REF_Man57_Eps004_T50_5IT_8Jul.dat,0.04,True,6,3,0.7281463251099387,7
NewFloq_REF_Man57_Eps004_T50_5IT_8Jul.dat,0.04,True,6,4,0.633948814149332,7
NewFloq_REF_Man57_Eps004_T50_5IT_8Jul.dat,0.04,True,6,5,0.6750562471668279,7
NewFloq_REF_Man57_Eps004_T50_5IT_8Jul.dat,0.04,True,7,0,0.02101619563457916,7
NewFloq_REF_Man57_Eps004_T50_5IT_8Jul.dat,0.04,True,7,1,0.04073669169576037,7
NewFloq_REF_Man57_Eps004_T50_5IT_8Jul.dat,0.04,True,7,2,0.03173556571221051,6
NewFloq_REF_Man57_Eps004_T50_5IT_8Jul.dat,0.04,True,7,3,0.04191555003464135,6
NewFloq_REF_Man57_Eps004_T50_5IT_8Jul.dat,0.04,True,7,4,0.05691722865389127,6
NewFloq_REF_Man57_Eps004_T50_5IT_8Jul.dat,0.04,True,7,5,0.02516164970590583,6
NewFloq_REF_Man57_Eps004_T50_5IT_8Jul.dat,0.04,True,7,6,0.03432781829772334,6
NewFloq_REF_Man57_Eps004_T50_5IT_8Jul.dat,0.04,True,8,0,0.6550880622935865,6
NewFloq_REF_Man57_Eps004_T50_5IT_8Jul.dat,0.04,True,8,1,0.5969422490210469,6
NewFloq_REF_Man57_Eps004_T50_5IT_8Jul.dat,0.04,True,8,2,0.5919825299215209,6
NewFloq_REF_Man57_Eps004_T50_5IT_8Jul.dat,0.04,True,8,3,0.5560537015339929,5
NewFloq_REF_Man57_Eps004_T50_5IT_8Jul.dat,0.04,True,8,4,0.5343796394243745,5
NewFloq_REF_Man57_Eps004_T50_5IT_8Jul.dat,0.04,True,8,5,0.7863283069771508,5
NewFloq_REF_Man57_Eps004_T50_5IT_8Jul.dat,0.04,True,8,6,0.6632461423302709,5
NewFloq_REF_Man57_Eps004_T50_5IT_8Jul.dat,0.04,True,8,7,0.7160753856988132,5
NewFloq_REF_Man57_Eps004_T50_5IT_8Jul.dat,0.04,True,9,0,0.03898619446554792,5
NewFloq_REF_Man57_Eps004_T50_5IT_8Jul.dat,0.04,True,9,1,0.06375097137832104,5
NewFloq_REF_Man57_Eps004_T50_5IT_8Jul.dat,0.04,True,9,2,0.020018715729322355,5
NewFloq_REF_Man57_Eps004_T50_5IT_8Jul.dat,0.04,True,9,3,0.008155739142539175,5
NewFloq_REF_Man57_Eps004_T50_5IT_8Jul.dat,0.04,True,9,4,0.016361231761962396,5
NewFloq_REF_Man57_Eps004_T50_5IT_8Jul.dat,0.04,True,9,5,0.02421354420774724,5
NewFloq_REF_Man57_Eps004_T50_5IT_8Jul.dat,0.04,True,9,6,0.006500210446365415,4
NewFloq_REF_Man57_Eps004_T50_5IT_8Jul.dat,0.04,True,9,7,0.00708082566508225,4
NewFloq_REF_Man57_Eps004_T50_5IT_8Jul.dat,0.04,True,9,8,0.032645197296479314,4
NewFloq_REF_Man57_Eps004_T50_5IT_8Jul.dat,0.04,True,10,0,0.4994304508396679,5
NewFloq_REF_Man57_Eps004_T50_5IT_8Jul.dat,0.04,True,10,1,0.5082250921617031,4
NewFloq_REF_Man57_Eps004_T50_5IT_8Jul.dat,0.04,True,10,2,0.5273161790836578,4
NewFloq_REF_Man57_Eps004_T50_5IT_8Jul.dat,0.04,True,10,3,0.8241466481381426,4
NewFloq_REF_Man57_Eps004_T50_5IT_8Jul.dat,0.04,True,10,4,0.7058704278063066,4
NewFloq_REF_Man57_Eps004_T50_5IT_8Jul.dat,0.04,True,10,5,0.6727202278544655,4
NewFloq_REF_Man57_Eps004_T50_5IT_8Jul.dat,0.04,True,10,6,0.6117293563085808,4
NewFloq_REF_Man57_Eps004_T50_5IT_8Jul.dat,0.04,True,10,7,0.6604191963721562,4
NewFloq_REF_Man57_Eps004_T50_5IT_8Jul.dat,0.04,True,10,8,0.5719271034509154,4
NewFloq_REF_Man57_Eps004_T50_5IT_8Jul.dat,0.04,True,10,9,0.6560816909439385,4
NewFloq_REF_Man57_Eps005_T50_5IT_6Jul.dat,0.05,True,1,0,0.00897065320239022,50
NewFloq_REF_Man57_Eps005_T50_5IT_6Jul.dat,0.05,True,2,0,0.7753596399697062,25
NewFloq_REF_Man57_Eps005_T50_5IT_6Jul.dat,0.05,True,2,1,0.7973834848071046,24
NewFloq_REF_Man57_Eps005_T50_5IT_6Jul.dat,0.05,True,3,0,0.010811514920510652,16
NewFloq_REF_Man57_Eps005_T50_5IT_6Jul.dat,0.05,True,3,1,0.005028446680115935,16
NewFloq_REF_Man57_Eps005_T50_5IT_6Jul.dat,0.05,True,3,2,0.010144138382840388,16
NewFloq_REF_Man57_Eps005_T50_5IT_6Jul.dat,0.05,True,4,0,0.7173996400386256,12
NewFloq_REF_Man57_Eps005_T50_5IT_6Jul.dat,0.05,True,4,1,0.7779533776613268,12
NewFloq_REF_Man57_Eps005_T50_5IT_6Jul.dat,0.05,True,4,2,0.7475979701660299,12
NewFloq_REF_Man57_Eps005_T50_5IT_6Jul.dat,0.05,True,4,3,0.7213748734950607,11
NewFloq_REF_Man57_Eps005_T50_5IT_6Jul.dat,0.05,True,5,0,0.011377012136661317,10
NewFloq_REF_Man57_Eps005_T50_5IT_6Jul.dat,0.05,True,5,1,0.004276121131622609,9
NewFloq_REF_Man57_Eps005_T50_5IT_6Jul.dat,0.05,True,5,2,0.009884415281911066,9
NewFloq_REF_Man57_Eps005_T50_5IT_6Jul.dat,0.05,True,5,3,0.01433895368669632,9
NewFloq_REF_Man57_Eps005_T50_5IT_6Jul.dat,0.05,True,5,4,0.013614228925868329,9
NewFloq_REF_Man57_Eps005_T50_5IT_6Jul.dat,0.05,True,6,0,0.6331484838344079,8
NewFloq_REF_Man57_Eps005_T50_5IT_6Jul.dat,0.05,True,6,1,0.7472499250957032,8
NewFloq_REF_Man57_Eps005_T50_5IT_6Jul.dat,0.05,True,6,2,0.7145571940612754,8
NewFloq_REF_Man57_Eps005_T50_5IT_6Jul.dat,0.05,True,6,3,0.6918078205613852,7
NewFloq_REF_Man57_Eps005_T50_5IT_6Jul.dat,0.05,True,6,4,0.7114908671708511,7
NewFloq_REF_Man57_Eps005_T50_5IT_6Jul.dat,0.05,True,6,5,0.6803132134072742,7
NewFloq_REF_Man57_Eps005_T50_5IT_6Jul.dat,0.05,True,7,0,0.015357596304214391,7
NewFloq_REF_Man57_Eps005_T50_5IT_6Jul.dat,0.05,True,7,1,0.008294731458542997,7
NewFloq_REF_Man57_Eps005_T50_5IT_6Jul.dat,0.05,True,7,2,0.009537199666893535,6
NewFloq_REF_Man57_Eps005_T50_5IT_6Jul.dat,0.05,True,7,3,0.013095108114802065,6
NewFloq_REF_Man57_Eps005_T50_5IT_6Jul.dat,0.05,True,7,4,0.013437808723103383,6
NewFloq_REF_Man57_Eps005_T50_5IT_6Jul.dat,0.05,True,7,5,0.012363271279335673,6
NewFloq_REF_Man57_Eps005_T50_5IT_6Jul.dat,0.05,True,7,6,0.0190198360161318,6
NewFloq_REF_Man57_Eps005_T50_5IT_6Jul.dat,0.05,True,8,0,0.6474928081615704,6
NewFloq_REF_Man57_Eps005_T50_5IT_6Jul.dat,0.05,True,8,1,0.6474176859374062,6
NewFloq_REF_Man57_Eps005_T50_5IT_6Jul.dat,0.05,True,8,2,0.6249680692596775,6
NewFloq_REF_Man57_Eps005_T50_5IT_6Jul.dat,0.05,True,8,3,0.6176429181707468,5
NewFloq_REF_Man57_Eps005_T50_5IT_6Jul.dat,0.05,True,8,4,0.5824920951682175,5
NewFloq_REF_Man57_Eps005_T50_5IT_6Jul.dat,0.05,True,8,5,0.7616453473297675,5
NewFloq_REF_Man57_Eps005_T50_5IT_6Jul.dat,0.05,True,8,6,0.7573144189101416,5
NewFloq_REF_Man57_Eps005_T50_5IT_6Jul.dat,0.05,True,8,7,0.7184714412108802,5
NewFloq_REF_Man57_Eps005_T50_5IT_6Jul.dat,0.05,True,9,0,0.013537452745880085,5
NewFloq_REF_Man57_Eps005_T50_5IT_6Jul.dat,0.05,True,9,1,0.0088098532367016,5
NewFloq_REF_Man57_Eps005_T50_5IT_6Jul.dat,0.05,True,9,2,0.018809643342719746,5
NewFloq_REF_Man57_Eps005_T50_5IT_6Jul.dat,0.05,True,9,3,0.022270646901900358,5
NewFloq_REF_Man57_Eps005_T50_5IT_6Jul.dat,0.05,True,9,4,0.014879957498736437,5
NewFloq_REF_Man57_Eps005_T50_5IT_6Jul.dat,0.05,True,9,5,0.013662309530952373,5
NewFloq_REF_Man57_Eps005_T50_5IT_6Jul.dat,0.05,True,9,6,0.015059049916649749,4
NewFloq_REF_Man57_Eps005_T50_5IT_6Jul.dat,0.05,True,9,7,0.011631900170610965,4
NewFloq_REF_Man57_Eps005_T50_5IT_6Jul.dat,0.05,True,9,8,0.013762879562148812,4
NewFloq_REF_Man57_Eps005_T50_5IT_6Jul.dat,0.05,True,10,0,0.5748393998965755,5
NewFloq_REF_Man57_Eps005_T50_5IT_6Jul.dat,0.05,True,10,1,0.5264371644950274,4
NewFloq_REF_Man57_Eps005_T50_5IT_6Jul.dat,0.05,True,10,2,0.4994679860820481,4
NewFloq_REF_Man57_Eps005_T50_5IT_6Jul.dat,0.05,True,10,3,0.796748963473783,4
NewFloq_REF_Man57_Eps005_T50_5IT_6Jul.dat,0.05,True,10,4,0.7394197320866517,4
NewFloq_REF_Man57_Eps005_T50_5IT_6Jul.dat,0.05,True,10,5,0.7198489074233608,4
NewFloq_REF_Man57_Eps005_T50_5IT_6Jul.dat,0.05,True,10,6,0.729972897575428,4
NewFloq_REF_Man57_Eps005_T50_5IT_6Jul.dat,0.05,True,10,7,0.673382171127796,4
NewFloq_REF_Man57_Eps005_T50_5IT_6Jul.dat,0.05,True,10,8,0.6299442588011086,4
NewFloq_REF_Man57_Eps005_T50_5IT_6Jul.dat,0.05,True,10,9,0.6201478594778047,4
NewFloq_REF_Man57_Eps006_T50_5IT_7Jul.dat,0.06,True,1,0,0.011605049948955802,50
NewFloq_REF_Man57_Eps006_T50_5IT_7Jul.dat,0.06,True,2,0,0.7413072193346808,25
NewFloq_REF_Man57_Eps006_T50_5IT_7Jul.dat,0.06,True,2,1,0.7398583551693775,24
NewFloq_REF_Man57_Eps006_T50_5IT_7Jul.dat,0.06,True,3,0,0.011957235686994723,16
NewFloq_REF_Man57_Eps006_T50_5IT_7Jul.dat,0.06,True,3,1,0.011193758055869975,16
NewFloq_REF_Man57_Eps006_T50_5IT_7Jul.dat,0.06,True,3,2,0.015035845643761965,16
NewFloq_REF_Man57_Eps006_T50_5IT_7Jul.dat,0.06,True,4,0,0.671729202221841,12
NewFloq_REF_Man57_Eps006_T50_5IT_7Jul.dat,0.06,True,4,1,0.7121403965712917,12
NewFloq_REF_Man57_Eps006_T50_5IT_7Jul.dat,0.06,True,4,2,0.6964207790789935,12
NewFloq_REF_Man57_Eps006_T50_5IT_7Jul.dat,0.06,True,4,3,0.6828879567338365,11
NewFloq_REF_Man57_Eps006_T50_5IT_7Jul.dat,0.06,True,5,0,0.019714524636640137,10
NewFloq_REF_Man57_Eps006_T50_5IT_7Jul.dat,0.06,True,5,1,0.012445245343724827,9
NewFloq_REF_Man57_Eps006_T50_5IT_7Jul.dat,0.06,True,5,2,0.013160012377326356,9
NewFloq_REF_Man57_Eps006_T50_5IT_7Jul.dat,0.06,True,5,3,0.014530785300952302,9
NewFloq_REF_Man57_Eps006_T50_5IT_7Jul.dat,0.06,True,5,4,0.016149922167973823,9
NewFloq_REF_Man57_Eps006_T50_5IT_7Jul.dat,0.06,True,6,0,0.6023325449615193,8
NewFloq_REF_Man57_Eps006_T50_5IT_7Jul.dat,0.06,True,6,1,0.6785155895036951,8
NewFloq_REF_Man57_Eps006_T50_5IT_7Jul.dat,0.06,True,6,2,0.6824643481648569,8
NewFloq_REF_Man57_Eps006_T50_5IT_7Jul.dat,0.06,True,6,3,0.6563188834537261,7
NewFloq_REF_Man57_Eps006_T50_5IT_7Jul.dat,0.06,True,6,4,0.6488474345287729,7
NewFloq_REF_Man57_Eps006_T50_5IT_7Jul.dat,0.06,True,6,5,0.6115920411882658,7
NewFloq_REF_Man57_Eps006_T50_5IT_7Jul.dat,0.06,True,7,0,0.01898176385070576,7
NewFloq_REF_Man57_Eps006_T50_5IT_7Jul.dat,0.06,True,7,1,0.023618643354441565,7
NewFloq_REF_Man57_Eps006_T50_5IT_7Jul.dat,0.06,True,7,2,0.013742149822461955,6
NewFloq_REF_Man57_Eps006_T50_5IT_7Jul.dat,0.06,True,7,3,0.016558339636784148,6
NewFloq_REF_Man57_Eps006_T50_5IT_7Jul.dat,0.06,True,7,4,0.010668045976776404,6
NewFloq_REF_Man57_Eps006_T50_5IT_7Jul.dat,0.06,True,7,5,0.009067071947858352,6
NewFloq_REF_Man57_Eps006_T50_5IT_7Jul.dat,0.06,True,7,6,0.021209225890257935,6
NewFloq_REF_Man57_Eps006_T50_5IT_7Jul.dat,0.06,True,8,0,0.626431835155466,6
NewFloq_REF_Man57_Eps006_T50_5IT_7Jul.dat,0.06,True,8,1,0.5887230498104162,6
NewFloq_REF_Man57_Eps006_T50_5IT_7Jul.dat,0.06,True,8,2,0.5870839140642067,6
NewFloq_REF_Man57_Eps006_T50_5IT_7Jul.dat,0.06,True,8,3,0.5563360554884517,5
NewFloq_REF_Man57_Eps006_T50_5IT_7Jul.dat,0.06,True,8,4,0.5556171511635153,5
NewFloq_REF_Man57_Eps006_T50_5IT_7Jul.dat,0.06,True,8,5,0.6965585603976733,5
NewFloq_REF_Man57_Eps006_T50_5IT_7Jul.dat,0.06,True,8,6,0.6978144375942286,5
NewFloq_REF_Man57_Eps006_T50_5IT_7Jul.dat,0.06,True,8,7,0.6921246050239798,5
NewFloq_REF_Man57_Eps006_T50_5IT_7Jul.dat,0.06,True,9,0,0.015949769782491435,5
NewFloq_REF_Man57_Eps006_T50_5IT_7Jul.dat,0.06,True,9,1,0.02006638713871752,5
NewFloq_REF_Man57_Eps006_T50_5IT_7Jul.dat,0.06,True,9,2,0.015506668818552264,5
NewFloq_REF_Man57_Eps006_T50_5IT_7Jul.dat,0.06,True,9,3,0.011620206954483136,5
NewFloq_REF_Man57_Eps006_T50_5IT_7Jul.dat,0.06,True,9,4,0.01931078568491377,5
NewFloq_REF_Man57_Eps006_T50_5IT_7Jul.dat,0.06,True,9,5,0.024046897184702168,5
NewFloq_REF_Man57_Eps006_T50_5IT_7Jul.dat,0.06,True,9,6,0.012494288767320453,4
NewFloq_REF_Man57_Eps006_T50_5IT_7Jul.dat,0.06,True,9,7,0.017881359569596262,4
NewFloq_REF_Man57_Eps006_T50_5IT_7Jul.dat,0.06,True,9,8,0.016880742728328728,4
NewFloq_REF_Man57_Eps006_T50_5IT_7Jul.dat,0.06,True,10,0,0.5382528261990766,5
NewFloq_REF_Man57_Eps006_T50_5IT_7Jul.dat,0.06,True,10,1,0.485618423429085,4
NewFloq_REF_Man57_Eps006_T50_5IT_7Jul.dat,0.06,True,10,2,0.4826936796435688,4
NewFloq_REF_Man57_Eps006_T50_5IT_7Jul.dat,0.06,True,10,3,0.6832597258336677,4
NewFloq_REF_Man57_Eps006_T50_5IT_7Jul.dat,0.06,True,10,4,0.6994895125683144,4
NewFloq_REF_Man57_Eps006_T50_5IT_7Jul.dat,0.06,True,10,5,0.6715288112778232,4
NewFloq_REF_Man57_Eps006_T50_5IT_7Jul.dat,0.06,True,10,6,0.6612995209210781,4
NewFloq_REF_Man57_Eps006_T50_5IT_7Jul.dat,0.06,True,10,7,0.6218751963969048,4
NewFloq_REF_Man57_Eps006_T50_5IT_7Jul.dat,0.06,True,10,8,0.6130716230396642,4
NewFloq_REF_Man57_Eps006_T50_5IT_7Jul.dat,0.06,True,10,9,0.6232497690742466,4
NewFloq_REF_Man57_Eps007_T50_5IT_6Jul.dat,0.07,True,1,0,0.045891053989882684,50
NewFloq_REF_Man57_Eps007_T50_5IT_6Jul.dat,0.07,True,2,0,0.6473037280842503,25
NewFloq_REF_Man57_Eps007_T50_5IT_6Jul.dat,0.07,True,2,1,0.6323499606736858,24
NewFloq_REF_Man57_Eps007_T50_5IT_6Jul.dat,0.07,True,3,0,0.03473679598762342,16
NewFloq_REF_Man57_Eps007_T50_5IT_6Jul.dat,0.07,True,3,1,0.013839289681815487,16
NewFloq_REF_Man57_Eps007_T50_5IT_6Jul.dat,0.07,True,3,2,0.09577724974706091,16
NewFloq_REF_Man57_Eps007_T50_5IT_6Jul.dat,0.07,True,4,0,0.5614664880976434,12
NewFloq_REF_Man57_Eps007_T50_5IT_6Jul.dat,0.07,True,4,1,0.6385249525331592,12
NewFloq_REF_Man57_Eps007_T50_5IT_6Jul.dat,0.07,True,4,2,0.5895709284056566,12
NewFloq_REF_Man57_Eps007_T50_5IT_6Jul.dat,0.07,True,4,3,0.600154105951646,11
NewFloq_REF_Man57_Eps007_T50_5IT_6Jul.dat,0.07,True,5,0,0.06375052383375662,10
NewFloq_REF_Man57_Eps007_T50_5IT_6Jul.dat,0.07,True,5,1,0.05264318836432105,9
NewFloq_REF_Man57_Eps007_T50_5IT_6Jul.dat,0.07,True,5,2,0.01922823250171546,9
NewFloq_REF_Man57_Eps007_T50_5IT_6Jul.dat,0.07,True,5,3,0.030610827978078053,9
NewFloq_REF_Man57_Eps007_T50_5IT_6Jul.dat,0.07,True,5,4,0.01678354622544375,9
NewFloq_REF_Man57_Eps007_T50_5IT_6Jul.dat,0.07,True,6,0,0.5620477929109303,8
NewFloq_REF_Man57_Eps007_T50_5IT_6Jul.dat,0.07,True,6,1,0.6765480009967562,8
NewFloq_REF_Man57_Eps007_T50_5IT_6Jul.dat,0.07,True,6,2,0.560148718844769,8
NewFloq_REF_Man57_Eps007_T50_5IT_6Jul.dat,0.07,True,6,3,0.5720829191888405,7
NewFloq_REF_Man57_Eps007_T50_5IT_6Jul.dat,0.07,True,6,4,0.5646561566509851,7
NewFloq_REF_Man57_Eps007_T50_5IT_6Jul.dat,0.07,True,6,5,0.541474378964547,7
NewFloq_REF_Man57_Eps007_T50_5IT_6Jul.dat,0.07,True,7,0,0.06078630085022045,7
NewFloq_REF_Man57_Eps007_T50_5IT_6Jul.dat,0.07,True,7,1,0.0354689957002413,7
NewFloq_REF_Man57_Eps007_T50_5IT_6Jul.dat,0.07,True,7,2,0.0179609525610903,6
NewFloq_REF_Man57_Eps007_T50_5IT_6Jul.dat,0.07,True,7,3,0.05551464046467875,6
NewFloq_REF_Man57_Eps007_T50_5IT_6Jul.dat,0.07,True,7,4,0.02372704018026059,6
NewFloq_REF_Man57_Eps007_T50_5IT_6Jul.dat,0.07,True,7,5,0.01789098365652284,6
NewFloq_REF_Man57_Eps007_T50_5IT_6Jul.dat,0.07,True,7,6,0.06049487129938646,6
NewFloq_REF_Man57_Eps007_T50_5IT_6Jul.dat,0.07,True,8,0,0.56905011289186,6
NewFloq_REF_Man57_Eps007_T50_5IT_6Jul.dat,0.07,True,8,1,0.4695073951741211,6
NewFloq_REF_Man57_Eps007_T50_5IT_6Jul.dat,0.07,True,8,2,0.45877125033259847,6
NewFloq_REF_Man57_Eps007_T50_5IT_6Jul.dat,0.07,True,8,3,0.4783230705632679,5
NewFloq_REF_Man57_Eps007_T50_5IT_6Jul.dat,0.07,True,8,4,0.4933301591078451,5
NewFloq_REF_Man57_Eps007_T50_5IT_6Jul.dat,0.07,True,8,5,0.6267572141604051,5
NewFloq_REF_Man57_Eps007_T50_5IT_6Jul.dat,0.07,True,8,6,0.6236615124243702,5
NewFloq_REF_Man57_Eps007_T50_5IT_6Jul.dat,0.07,True,8,7,0.5995807478473547,5
NewFloq_REF_Man57_Eps007_T50_5IT_6Jul.dat,0.07,True,9,0,0.048384691976212896,5
NewFloq_REF_Man57_Eps007_T50_5IT_6Jul.dat,0.07,True,9,1,0.011263843411469548,5
NewFloq_REF_Man57_Eps007_T50_5IT_6Jul.dat,0.07,True,9,2,0.04177836145663831,5
NewFloq_REF_Man57_Eps007_T50_5IT_6Jul.dat,0.07,True,9,3,0.043056435473451,5
NewFloq_REF_Man57_Eps007_T50_5IT_6Jul.dat,0.07,True,9,4,0.05155308636008249,5
NewFloq_REF_Man57_Eps007_T50_5IT_6Jul.dat,0.07,True,9,5,0.06830185179899864,5
NewFloq_REF_Man57_Eps007_T50_5IT_6Jul.dat,0.07,True,9,6,0.02625699201490156,4
NewFloq_REF_Man57_Eps007_T50_5IT_6Jul.dat,0.07,True,9,7,0.013683684976815652,4
NewFloq_REF_Man57_Eps007_T50_5IT_6Jul.dat,0.07,True,9,8,0.0628182495747997,4
NewFloq_REF_Man57_Eps007_T50_5IT_6Jul.dat,0.07,True,10,0,0.38488267783321933,5
NewFloq_REF_Man57_Eps007_T50_5IT_6Jul.dat,0.07,True,10,1,0.42282375887203544,4
NewFloq_REF_Man57_Eps007_T50_5IT_6Jul.dat,0.07,True,10,2,0.44567547565831256,4
NewFloq_REF_Man57_Eps007_T50_5IT_6Jul.dat,0.07,True,10,3,0.6756701990310481,4
NewFloq_REF_Man57_Eps007_T50_5IT_6Jul.dat,0.07,True,10,4,0.6237269063916419,4
NewFloq_REF_Man57_Eps007_T50_5IT_6Jul.dat,0.07,True,10,5,0.5949731084923816,4
NewFloq_REF_Man57_Eps007_T50_5IT_6Jul.dat,0.07,True,10,6,0.6315237410305343,4
NewFloq_REF_Man57_Eps007_T50_5IT_6Jul.dat,0.07,True,10,7,0.5779694904393043,4
NewFloq_REF_Man57_Eps007_T50_5IT_6Jul.dat,0.07,True,10,8,0.5049768780703514,4
NewFloq_REF_Man57_Eps007_T50_5IT_6Jul.dat,0.07,True,10,9,0.5399947070013293,4
NewFloq_REF_Man57_Eps007_T50_5IT_7Jul.dat,0.07,True,1,0,0.03367440285443236,50
NewFloq_REF_Man57_Eps007_T50_5IT_7Jul.dat,0.07,True,2,0,0.6047887926417598,25
NewFloq_REF_Man57_Eps007_T50_5IT_7Jul.dat,0.07,True,2,1,0.7223417820006652,24
NewFloq_REF_Man57_Eps007_T50_5IT_7Jul.dat,0.07,True,3,0,0.03260541210457768,16
NewFloq_REF_Man57_Eps007_T50_5IT_7Jul.dat,0.07,True,3,1,0.03772909518564968,16
NewFloq_REF_Man57_Eps007_T50_5IT_7Jul.dat,0.07,True,3,2,0.04954539303951718,16
NewFloq_REF_Man57_Eps007_T50_5IT_7Jul.dat,0.07,True,4,0,0.6232574612193941,12
NewFloq_REF_Man57_Eps007_T50_5IT_7Jul.dat,0.07,True,4,1,0.662714859040009,12
NewFloq_REF_Man57_Eps007_T50_5IT_7Jul.dat,0.07,True,4,2,0.5249422073103945,12
NewFloq_REF_Man57_Eps007_T50_5IT_7Jul.dat,0.07,True,4,3,0.6718586391525302,11
NewFloq_REF_Man57_Eps007_T50_5IT_7Jul.dat,0.07,True,5,0,0.055200422039041075,10
NewFloq_REF_Man57_Eps007_T50_5IT_7Jul.dat,0.07,True,5,1,0.007815116735682297,9
NewFloq_REF_Man57_Eps007_T50_5IT_7Jul.dat,0.07,True,5,2,0.013087557075234627,9
NewFloq_REF_Man57_Eps007_T50_5IT_7Jul.dat,0.07,True,5,3,0.057531383498113584,9
NewFloq_REF_Man57_Eps007_T50_5IT_7Jul.dat,0.07,True,5,4,0.02240991123563226,9
NewFloq_REF_Man57_Eps007_T50_5IT_7Jul.dat,0.07,True,6,0,0.48238911718079347,8
NewFloq_REF_Man57_Eps007_T50_5IT_7Jul.dat,0.07,True,6,1,0.6285559411190407,8
NewFloq_REF_Man57_Eps007_T50_5IT_7Jul.dat,0.07,True,6,2,0.5746114586108791,8
NewFloq_REF_Man57_Eps007_T50_5IT_7Jul.dat,0.07,True,6,3,0.6635573958210489,7
NewFloq_REF_Man57_Eps007_T50_5IT_7Jul.dat,0.07,True,6,4,0.5349528415723573,7
NewFloq_REF_Man57_Eps007_T50_5IT_7Jul.dat,0.07,True,6,5,0.6199374678048184,7
NewFloq_REF_Man57_Eps007_T50_5IT_7Jul.dat,0.07,True,7,0,0.026550054513911535,7
NewFloq_REF_Man57_Eps007_T50_5IT_7Jul.dat,0.07,True,7,1,0.025079411902597493,7
NewFloq_REF_Man57_Eps007_T50_5IT_7Jul.dat,0.07,True,7,2,0.056283006768684744,6
NewFloq_REF_Man57_Eps007_T50_5IT_7Jul.dat,0.07,True,7,3,0.04187458046073501,6
NewFloq_REF_Man57_Eps007_T50_5IT_7Jul.dat,0.07,True,7,4,0.0113294703593302,6
NewFloq_REF_Man57_Eps007_T50_5IT_7Jul.dat,0.07,True,7,5,0.04082045435814748,6
NewFloq_REF_Man57_Eps007_T50_5IT_7Jul.dat,0.07,True,7,6,0.04665150185822436,6
NewFloq_REF_Man57_Eps007_T50_5IT_7Jul.dat,0.07,True,8,0,0.5394992106764992,6
NewFloq_REF_Man57_Eps007_T50_5IT_7Jul.dat,0.07,True,8,1,0.5393601707547219,6
NewFloq_REF_Man57_Eps007_T50_5IT_7Jul.dat,0.07,True,8,2,0.5800375061254001,6
NewFloq_REF_Man57_Eps007_T50_5IT_7Jul.dat,0.07,True,8,3,0.5416030021844438,5
NewFloq_REF_Man57_Eps007_T50_5IT_7Jul.dat,0.07,True,8,4,0.4671471233192654,5
NewFloq_REF_Man57_Eps007_T50_5IT_7Jul.dat,0.07,True,8,5,0.7117745786283347,5
NewFloq_REF_Man57_Eps007_T50_5IT_7Jul.dat,0.07,True,8,6,0.5637876712617094,5
NewFloq_REF_Man57_Eps007_T50_5IT_7Jul.dat,0.07,True,8,7,0.7104753585554213,5
NewFloq_REF_Man57_Eps007_T50_5IT_7Jul.dat,0.07,True,9,0,0.009188240948372256,5
NewFloq_REF_Man57_Eps007_T50_5IT_7Jul.dat,0.07,True,9,1,0.013663166051389375,5
NewFloq_REF_Man57_Eps007_T50_5IT_7Jul.dat,0.07,True,9,2,0.045880953360333675,5
NewFloq_REF_Man57_Eps007_T50_5IT_7Jul.dat,0.07,True,9,3,0.07100641833352551,5
NewFloq_REF_Man57_Eps007_T50_5IT_7Jul.dat,0.07,True,9,4,0.04230354386792777,5
NewFloq_REF_Man57_Eps007_T50_5IT_7Jul.dat,0.07,True,9,5,0.03428944984849082,5
NewFloq_REF_Man57_Eps007_T50_5IT_7Jul.dat,0.07,True,9,6,0.015040106574603564,4
NewFloq_REF_Man57_Eps007_T50_5IT_7Jul.dat,0.07,True,9,7,0.015392267631556773,4
NewFloq_REF_Man57_Eps007_T50_5IT_7Jul.dat,0.07,True,9,8,0.04426998431037624,4
NewFloq_REF_Man57_Eps007_T50_5IT_7Jul.dat,0.07,True,10,0,0.42771288819705655,5
NewFloq_REF_Man57_Eps007_T50_5IT_7Jul.dat,0.07,True,10,1,0.469998244384798,4
NewFloq_REF_Man57_Eps007_T50_5IT_7Jul.dat,0.07,True,10,2,0.4455742577770171,4
NewFloq_REF_Man57_Eps007_T50_5IT_7Jul.dat,0.07,True,10,3,0.6561260496055975,4
NewFloq_REF_Man57_Eps007_T50_5IT_7Jul.dat,0.07,True,10,4,0.5706211909906822,4
NewFloq_REF_Man57_Eps007_T50_5IT_7Jul.dat,0.07,True,10,5,0.6748586161396016,4
NewFloq_REF_Man57_Eps007_T50_5IT_7Jul.dat,0.07,True,10,6,0.6220967862674345,4
NewFloq_REF_Man57_Eps007_T50_5IT_7Jul.dat,0.07,True,10,7,0.6796246755244235,4
NewFloq_REF_Man57_Eps007_T50_5IT_7Jul.dat,0.07,True,10,8,0.5330157649574426,4
NewFloq_REF_Man57_Eps007_T50_5IT_7Jul.dat,0.07,True,10,9,0.5589917747576376,4
NewFloq_REF_Man57_Eps008_T50_5IT_8Jul.dat,0.08,True,1,0,0.05709816358884747,50
NewFloq_REF_Man57_Eps008_T50_5IT_8Jul.dat,0.08,True,2,0,0.6221640280443137,25
NewFloq_REF_Man57_Eps008_T50_5IT_8Jul.dat,0.08,True,2,1,0.6548541540987015,24
NewFloq_REF_Man57_Eps008_T50_5IT_8Jul.dat,0.08,True,3,0,0.046241044547731924,16
NewFloq_REF_Man57_Eps008_T50_5IT_8Jul.dat,0.08,True,3,1,0.03447834736240035,16
NewFloq_REF_Man57_Eps008_T50_5IT_8Jul.dat,0.08,True,3,2,0.05175430637228252,16
NewFloq_REF_Man57_Eps008_T50_5IT_8Jul.dat,0.08,True,4,0,0.6169774446211944,12
NewFloq_REF_Man57_Eps008_T50_5IT_8Jul.dat,0.08,True,4,1,0.60912596955789,12
NewFloq_REF_Man57_Eps008_T50_5IT_8Jul.dat,0.08,True,4,2,0.5691794623055911,12
NewFloq_REF_Man57_Eps008_T50_5IT_8Jul.dat,0.08,True,4,3,0.6094068500109674,11
NewFloq_REF_Man57_Eps008_T50_5IT_8Jul.dat,0.08,True,5,0,0.02789314707888263,10
NewFloq_REF_Man57_Eps008_T50_5IT_8Jul.dat,0.08,True,5,1,0.03057800089422575,9
NewFloq_REF_Man57_Eps008_T50_5IT_8Jul.dat,0.08,True,5,2,0.037436181249996404,9
NewFloq_REF_Man57_Eps008_T50_5IT_8Jul.dat,0.08,True,5,3,0.056010919044711255,9
NewFloq_REF_Man57_Eps008_T50_5IT_8Jul.dat,0.08,True,5,4,0.06556925015399534,9
NewFloq_REF_Man57_Eps008_T50_5IT_8Jul.dat,0.08,True,6,0,0.556810035605777,8
NewFloq_REF_Man57_Eps008_T50_5IT_8Jul.dat,0.08,True,6,1,0.6075941155565158,8
NewFloq_REF_Man57_Eps008_T50_5IT_8Jul.dat,0.08,True,6,2,0.5793797955357928,8
NewFloq_REF_Man57_Eps008_T50_5IT_8Jul.dat,0.08,True,6,3,0.5699369598404214,7
NewFloq_REF_Man57_Eps008_T50_5IT_8Jul.dat,0.08,True,6,4,0.547846186304391,7
NewFloq_REF_Man57_Eps008_T50_5IT_8Jul.dat,0.08,True,6,5,0.5269242702713013,7
NewFloq_REF_Man57_Eps008_T50_5IT_8Jul.dat,0.08,True,7,0,0.0334574423465958,7
NewFloq_REF_Man57_Eps008_T50_5IT_8Jul.dat,0.08,True,7,1,0.059097817449613024,7
NewFloq_REF_Man57_Eps008_T50_5IT_8Jul.dat,0.08,True,7,2,0.0306041985555274,6
NewFloq_REF_Man57_Eps008_T50_5IT_8Jul.dat,0.08,True,7,3,0.03319824410256058,6
NewFloq_REF_Man57_Eps008_T50_5IT_8Jul.dat,0.08,True,7,4,0.023666559888566464,6
NewFloq_REF_Man57_Eps008_T50_5IT_8Jul.dat,0.08,True,7,5,0.0312435220282959,6
NewFloq_REF_Man57_Eps008_T50_5IT_8Jul.dat,0.08,True,7,6,0.06039404407410481,6
NewFloq_REF_Man57_Eps008_T50_5IT_8Jul.dat,0.08,True,8,0,0.5184972723084051,6
NewFloq_REF_Man57_Eps008_T50_5IT_8Jul.dat,0.08,True,8,1,0.5141537985574299,6
NewFloq_REF_Man57_Eps008_T50_5IT_8Jul.dat,0.08,True,8,2,0.41851648208684716,6
NewFloq_REF_Man57_Eps008_T50_5IT_8Jul.dat,0.08,True,8,3,0.484900524435867,5
NewFloq_REF_Man57_Eps008_T50_5IT_8Jul.dat,0.08,True,8,4,0.498780515814922,5
NewFloq_REF_Man57_Eps008_T50_5IT_8Jul.dat,0.08,True,8,5,0.621233282529017,5
NewFloq_REF_Man57_Eps008_T50_5IT_8Jul.dat,0.08,True,8,6,0.5890298517511557,5
NewFloq_REF_Man57_Eps008_T50_5IT_8Jul.dat,0.08,True,8,7,0.6466903018571586,5
NewFloq_REF_Man57_Eps008_T50_5IT_8Jul.dat,0.08,True,9,0,0.021913069952123086,5
NewFloq_REF_Man57_Eps008_T50_5IT_8Jul.dat,0.08,True,9,1,0.023569821970631434,5
NewFloq_REF_Man57_Eps008_T50_5IT_8Jul.dat,0.08,True,9,2,0.045846807848218096,5
NewFloq_REF_Man57_Eps008_T50_5IT_8Jul.dat,0.08,True,9,3,0.03513428377447793,5
NewFloq_REF_Man57_Eps008_T50_5IT_8Jul.dat,0.08,True,9,4,0.06054564860143519,5
NewFloq_REF_Man57_Eps008_T50_5IT_8Jul.dat,0.08,True,9,5,0.08106692573583356,5
NewFloq_REF_Man57_Eps008_T50_5IT_8Jul.dat,0.08,True,9,6,0.038577447953900064,4
NewFloq_REF_Man57_Eps008_T50_5IT_8Jul.dat,0.08,True,9,7,0.07298412011370091,4
NewFloq_REF_Man57_Eps008_T50_5IT_8Jul.dat,0.08,True,9,8,0.04331637290423768,4
NewFloq_REF_Man57_Eps008_T50_5IT_8Jul.dat,0.08,True,10,0,0.4311877441020558,5
NewFloq_REF_Man57_Eps008_T50_5IT_8Jul.dat,0.08,True,10,1,0.43155325347836965,4
NewFloq_REF_Man57_Eps008_T50_5IT_8Jul.dat,0.08,True,10,2,0.44045382445425924,4
NewFloq_REF_Man57_Eps008_T50_5IT_8Jul.dat,0.08,True,10,3,0.6104034583473154,4
NewFloq_REF_Man57_Eps008_T50_5IT_8Jul.dat,0.08,True,10,4,0.590139051229074,4
NewFloq_REF_Man57_Eps008_T50_5IT_8Jul.dat,0.08,True,10,5,0.5721412694695261,4
NewFloq_REF_Man57_Eps008_T50_5IT_8Jul.dat,0.08,True,10,6,0.5830506387446015,4
NewFloq_REF_Man57_Eps008_T50_5IT_8Jul.dat,0.08,True,10,7,0.5073226994393255,4
NewFloq_REF_Man57_Eps008_T50_5IT_8Jul.dat,0.08,True,10,8,0.5042970636184311,4
NewFloq_REF_Man57_Eps008_T50_5IT_8Jul.dat,0.08,True,10,9,0.5033568778448447,4
NewFloq_REF_Man57_Eps009_T50_5IT_5Jul.dat,0.09,True,1,0,0.005624167594660318,50
NewFloq_REF_Man57_Eps009_T50_5IT_5Jul.dat,0.09,True,2,0,0.6509855853132556,25
NewFloq_REF_Man57_Eps009_T50_5IT_5Jul.dat,0.09,True,2,1,0.655446475628443,24
NewFloq_REF_Man57_Eps009_T50_5IT_5Jul.dat,0.09,True,3,0,0.007625777035957367,16
NewFloq_REF_Man57_Eps009_T50_5IT_5Jul.dat,0.09,True,3,1,0.007036622873105375,16
NewFloq_REF_Man57_Eps009_T50_5IT_5Jul.dat,0.09,True,3,2,0.00867078261220733,16
NewFloq_REF_Man57_Eps009_T50_5IT_5Jul.dat,0.09,True,4,0,0.5642953632463786,12
NewFloq_REF_Man57_Eps009_T50_5IT_5Jul.dat,0.09,True,4,1,0.6075809299687285,12
NewFloq_REF_Man57_Eps009_T50_5IT_5Jul.dat,0.09,True,4,2,0.5902615554385439,12
NewFloq_REF_Man57_Eps009_T50_5IT_5Jul.dat,0.09,True,4,3,0.5840222376140636,11
NewFloq_REF_Man57_Eps009_T50_5IT_5Jul.dat,0.09,True,5,0,0.012295346015426823,10
NewFloq_REF_Man57_Eps009_T50_5IT_5Jul.dat,0.09,True,5,1,0.01109328502041416,9
NewFloq_REF_Man57_Eps009_T50_5IT_5Jul.dat,0.09,True,5,2,0.00939117930009129,9
NewFloq_REF_Man57_Eps009_T50_5IT_5Jul.dat,0.09,True,5,3,0.01172438045136601,9
NewFloq_REF_Man57_Eps009_T50_5IT_5Jul.dat,0.09,True,5,4,0.010711544864797926,9
NewFloq_REF_Man57_Eps009_T50_5IT_5Jul.dat,0.09,True,6,0,0.49555621651829385,8
NewFloq_REF_Man57_Eps009_T50_5IT_5Jul.dat,0.09,True,6,1,0.5667566042359926,8
NewFloq_REF_Man57_Eps009_T50_5IT_5Jul.dat,0.09,True,6,2,0.5479969925587361,8
NewFloq_REF_Man57_Eps009_T50_5IT_5Jul.dat,0.09,True,6,3,0.534692816573553,7
NewFloq_REF_Man57_Eps009_T50_5IT_5Jul.dat,0.09,True,6,4,0.525234883732281,7
NewFloq_REF_Man57_Eps009_T50_5IT_5Jul.dat,0.09,True,6,5,0.5268352743956084,7
NewFloq_REF_Man57_Eps009_T50_5IT_5Jul.dat,0.09,True,7,0,0.01787767656574903,7
NewFloq_REF_Man57_Eps009_T50_5IT_5Jul.dat,0.09,True,7,1,0.016912596475057735,7
NewFloq_REF_Man57_Eps009_T50_5IT_5Jul.dat,0.09,True,7,2,0.01439071710295515,6
NewFloq_REF_Man57_Eps009_T50_5IT_5Jul.dat,0.09,True,7,3,0.012053001526983888,6
NewFloq_REF_Man57_Eps009_T50_5IT_5Jul.dat,0.09,True,7,4,0.013758387541833415,6
NewFloq_REF_Man57_Eps009_T50_5IT_5Jul.dat,0.09,True,7,5,0.010931953859249064,6
NewFloq_REF_Man57_Eps009_T50_5IT_5Jul.dat,0.09,True,7,6,0.019324175083875034,6
NewFloq_REF_Man57_Eps009_T50_5IT_5Jul.dat,0.09,True,8,0,0.4902530880800273,6
NewFloq_REF_Man57_Eps009_T50_5IT_5Jul.dat,0.09,True,8,1,0.47915984357206437,6
NewFloq_REF_Man57_Eps009_T50_5IT_5Jul.dat,0.09,True,8,2,0.45444772795123534,6
NewFloq_REF_Man57_Eps009_T50_5IT_5Jul.dat,0.09,True,8,3,0.43604988797085154,5
NewFloq_REF_Man57_Eps009_T50_5IT_5Jul.dat,0.09,True,8,4,0.4178502716821523,5
NewFloq_REF_Man57_Eps009_T50_5IT_5Jul.dat,0.09,True,8,5,0.5458537200912177,5
NewFloq_REF_Man57_Eps009_T50_5IT_5Jul.dat,0.09,True,8,6,0.5621581386441498,5
NewFloq_REF_Man57_Eps009_T50_5IT_5Jul.dat,0.09,True,8,7,0.5470052315457954,5
NewFloq_REF_Man57_Eps009_T50_5IT_5Jul.dat,0.09,True,9,0,0.01670491884641511,5
NewFloq_REF_Man57_Eps009_T50_5IT_5Jul.dat,0.09,True,9,1,0.01454573478868183,5
NewFloq_REF_Man57_Eps009_T50_5IT_5Jul.dat,0.09,True,9,2,0.015583721836335418,5
NewFloq_REF_Man57_Eps009_T50_5IT_5Jul.dat,0.09,True,9,3,0.01596393117316213,5
NewFloq_REF_Man57_Eps009_T50_5IT_5Jul.dat,0.09,True,9,4,0.02361745028389646,5
NewFloq_REF_Man57_Eps009_T50_5IT_5Jul.dat,0.09,True,9,5,0.024779807768527055,5
NewFloq_REF_Man57_Eps009_T50_5IT_5Jul.dat,0.09,True,9,6,0.023746297901648308,4
NewFloq_REF_Man57_Eps009_T50_5IT_5Jul.dat,0.09,True,9,7,0.02156024981396867,4
NewFloq_REF_Man57_Eps009_T50_5IT_5Jul.dat,0.09,True,9,8,0.02200849512987022,4
NewFloq_REF_Man57_Eps009_T50_5IT_5Jul.dat,0.09,True,10,0,0.4064721775666298,5
NewFloq_REF_Man57_Eps009_T50_5IT_5Jul.dat,0.09,True,10,1,0.3665260841175713,4
NewFloq_REF_Man57_Eps009_T50_5IT_5Jul.dat,0.09,True,10,2,0.3565150426553445,4
NewFloq_REF_Man57_Eps009_T50_5IT_5Jul.dat,0.09,True,10,3,0.5049184456490386,4
NewFloq_REF_Man57_Eps009_T50_5IT_5Jul.dat,0.09,True,10,4,0.4863340773406174,4
NewFloq_REF_Man57_Eps009_T50_5IT_5Jul.dat,0.09,True,10,5,0.5025103657445625,4
NewFloq_REF_Man57_Eps009_T50_5IT_5Jul.dat,0.09,True,10,6,0.49420791541110715,4
NewFloq_REF_Man57_Eps009_T50_5IT_5Jul.dat,0.09,True,10,7,0.4979721462054142,4
NewFloq_REF_Man57_Eps009_T50_5IT_5Jul.dat,0.09,True,10,8,0.4925296854251403,4
NewFloq_REF_Man57_Eps009_T50_5IT_5Jul.dat,0.09,True,10,9,0.4824088898485194,4
NewFloq_REF_Man57_Eps012_T50_5IT_4Jul.dat,0.12,True,1,0,0.027112068119504666,50
NewFloq_REF_Man57_Eps012_T50_5IT_4Jul.dat,0.12,True,2,0,0.5159713943847352,25
NewFloq_REF_Man57_Eps012_T50_5IT_4Jul.dat,0.12,True,2,1,0.489120431474476,24
NewFloq_REF_Man57_Eps012_T50_5IT_4Jul.dat,0.12,True,3,0,0.06683568006274833,16
NewFloq_REF_Man57_Eps012_T50_5IT_4Jul.dat,0.12,True,3,1,0.019940761742049135,16
NewFloq_REF_Man57_Eps012_T50_5IT_4Jul.dat,0.12,True,3,2,0.015018633399274534,16
NewFloq_REF_Man57_Eps012_T50_5IT_4Jul.dat,0.12,True,4,0,0.4520049883178414,12
NewFloq_REF_Man57_Eps012_T50_5IT_4Jul.dat,0.12,True,4,1,0.42139991990629483,12
NewFloq_REF_Man57_Eps012_T50_5IT_4Jul.dat,0.12,True,4,2,0.49000685208126105,12
NewFloq_REF_Man57_Eps012_T50_5IT_4Jul.dat,0.12,True,4,3,0.45734899953179686,11
NewFloq_REF_Man57_Eps012_T50_5IT_4Jul.dat,0.12,True,5,0,0.06445813316769786,10
NewFloq_REF_Man57_Eps012_T50_5IT_4Jul.dat,0.12,True,5,1,0.020953924312915245,9
NewFloq_REF_Man57_Eps012_T50_5IT_4Jul.dat,0.12,True,5,2,0.014471681389069926,9
NewFloq_REF_Man57_Eps012_T50_5IT_4Jul.dat,0.12,True,5,3,0.01563352658712026,9
NewFloq_REF_Man57_Eps012_T50_5IT_4Jul.dat,0.12,True,5,4,0.03612523931442681,9
NewFloq_REF_Man57_Eps012_T50_5IT_4Jul.dat,0.12,True,6,0,0.40833988922311404,8
NewFloq_REF_Man57_Eps012_T50_5IT_4Jul.dat,0.12,True,6,1,0.42392639231938,8
NewFloq_REF_Man57_Eps012_T50_5IT_4Jul.dat,0.12,True,6,2,0.44878278098271096,8
NewFloq_REF_Man57_Eps012_T50_5IT_4Jul.dat,0.12,True,6,3,0.39599158319917577,7
NewFloq_REF_Man57_Eps012_T50_5IT_4Jul.dat,0.12,True,6,4,0.41871406667579697,7
NewFloq_REF_Man57_Eps012_T50_5IT_4Jul.dat,0.12,True,6,5,0.4363302996705202,7
NewFloq_REF_Man57_Eps012_T50_5IT_4Jul.dat,0.12,True,7,0,0.03478503745605744,7
NewFloq_REF_Man57_Eps012_T50_5IT_4Jul.dat,0.12,True,7,1,0.03003349842438022,7
NewFloq_REF_Man57_Eps012_T50_5IT_4Jul.dat,0.12,True,7,2,0.02364921835553373,6
NewFloq_REF_Man57_Eps012_T50_5IT_4Jul.dat,0.12,True,7,3,0.0549351971235856,6
NewFloq_REF_Man57_Eps012_T50_5IT_4Jul.dat,0.12,True,7,4,0.01893096954739629,6
NewFloq_REF_Man57_Eps012_T50_5IT_4Jul.dat,0.12,True,7,5,0.02685136953938189,6
NewFloq_REF_Man57_Eps012_T50_5IT_4Jul.dat,0.12,True,7,6,0.019125503208466496,6
NewFloq_REF_Man57_Eps012_T50_5IT_4Jul.dat,0.12,True,8,0,0.3559159693220754,6
NewFloq_REF_Man57_Eps012_T50_5IT_4Jul.dat,0.12,True,8,1,0.38828680771019064,6
NewFloq_REF_Man57_Eps012_T50_5IT_4Jul.dat,0.12,True,8,2,0.3735580890163117,6
NewFloq_REF_Man57_Eps012_T50_5IT_4Jul.dat,0.12,True,8,3,0.3713215621313905,5
NewFloq_REF_Man57_Eps012_T50_5IT_4Jul.dat,0.12,True,8,4,0.36178232559637546,5
NewFloq_REF_Man57_Eps012_T50_5IT_4Jul.dat,0.12,True,8,5,0.3821856596275119,5
NewFloq_REF_Man57_Eps012_T50_5IT_4Jul.dat,0.12,True,8,6,0.41056601195328657,5
NewFloq_REF_Man57_Eps012_T50_5IT_4Jul.dat,0.12,True,8,7,0.4064851214222601,5
NewFloq_REF_Man57_Eps012_T50_5IT_4Jul.dat,0.12,True,9,0,0.055747164397403515,5
NewFloq_REF_Man57_Eps012_T50_5IT_4Jul.dat,0.12,True,9,1,0.021629582997267693,5
NewFloq_REF_Man57_Eps012_T50_5IT_4Jul.dat,0.12,True,9,2,0.01634178683728617,5
NewFloq_REF_Man57_Eps012_T50_5IT_4Jul.dat,0.12,True,9,3,0.03283836405460176,5
NewFloq_REF_Man57_Eps012_T50_5IT_4Jul.dat,0.12,True,9,4,0.03005371209668391,5
NewFloq_REF_Man57_Eps012_T50_5IT_4Jul.dat,0.12,True,9,5,0.03679228667850466,5
NewFloq_REF_Man57_Eps012_T50_5IT_4Jul.dat,0.12,True,9,6,0.02306984455279007,4
NewFloq_REF_Man57_Eps012_T50_5IT_4Jul.dat,0.12,True,9,7,0.02480778655843282,4
NewFloq_REF_Man57_Eps012_T50_5IT_4Jul.dat,0.12,True,9,8,0.026236881468615927,4
NewFloq_REF_Man57_Eps012_T50_5IT_4Jul.dat,0.12,True,10,0,0.3284267125357573,5
NewFloq_REF_Man57_Eps012_T50_5IT_4Jul.dat,0.12,True,10,1,0.32210581884239026,4
NewFloq_REF_Man57_Eps012_T50_5IT_4Jul.dat,0.12,True,10,2,0.30872329462123216,4
NewFloq_REF_Man57_Eps012_T50_5IT_4Jul.dat,0.12,True,10,3,0.3964317639921559,4
NewFloq_REF_Man57_Eps012_T50_5IT_4Jul.dat,0.12,True,10,4,0.3729293067149701,4
NewFloq_REF_Man57_Eps012_T50_5IT_4Jul.dat,0.12,True,10,5,0.3355798034449861,4
NewFloq_REF_Man57_Eps012_T50_5IT_4Jul.dat,0.12,True,10,6,0.3713721275191825,4
NewFloq_REF_Man57_Eps012_T50_5IT_4Jul.dat,0.12,True,10,7,0.3721541535431998,4
NewFloq_REF_Man57_Eps012_T50_5IT_4Jul.dat,0.12,True,10,8,0.39072896437568416,4
NewFloq_REF_Man57_Eps012_T50_5IT_4Jul.dat,0.12,True,10,9,0.3788585240255504,4
NewFloq_REF_Man57_Eps013_T50_5IT_16Aug.dat,0.13,True,1,0,0.05421950188142583,50
NewFloq_REF_Man57_Eps013_T50_5IT_16Aug.dat,0.13,True,2,0,0.4742945083072519,25
NewFloq_REF_Man57_Eps013_T50_5IT_16Aug.dat,0.13,True,2,1,0.4716420546203321,24
NewFloq_REF_Man57_Eps013_T50_5IT_16Aug.dat,0.13,True,3,0,0.04991646193595457,16
NewFloq_REF_Man57_Eps013_T50_5IT_16Aug.dat,0.13,True,3,1,0.04040715720371035,16
NewFloq_REF_Man57_Eps013_T50_5IT_16Aug.dat,0.13,True,3,2,0.04437524602413188,16
NewFloq_REF_Man57_Eps013_T50_5IT_16Aug.dat,0.13,True,4,0,0.4424024988912669,12
NewFloq_REF_Man57_Eps013_T50_5IT_16Aug.dat,0.13,True,4,1,0.48299799535811,12
NewFloq_REF_Man57_Eps013_T50_5IT_16Aug.dat,0.13,True,4,2,0.40237947306162075,12
NewFloq_REF_Man57_Eps013_T50_5IT_16Aug.dat,0.13,True,4,3,0.3961996779128805,11
NewFloq_REF_Man57_Eps013_T50_5IT_16Aug.dat,0.13,True,5,0,0.04030657244769078,10
NewFloq_REF_Man57_Eps013_T50_5IT_16Aug.dat,0.13,True,5,1,0.039073187321063164,9
NewFloq_REF_Man57_Eps013_T50_5IT_16Aug.dat,0.13,True,5,2,0.010048844984795469,9
NewFloq_REF_Man57_Eps013_T50_5IT_16Aug.dat,0.13,True,5,3,0.029915639894120914,9
NewFloq_REF_Man57_Eps013_T50_5IT_16Aug.dat,0.13,True,5,4,0.062462565861746366,9
NewFloq_REF_Man57_Eps013_T50_5IT_16Aug.dat,0.13,True,6,0,0.3615132613400365,8
NewFloq_REF_Man57_Eps013_T50_5IT_16Aug.dat,0.13,True,6,1,0.36630095486710124,8
NewFloq_REF_Man57_Eps013_T50_5IT_16Aug.dat,0.13,True,6,2,0.34951270494281916,8
NewFloq_REF_Man57_Eps013_T50_5IT_16Aug.dat,0.13,True,6,3,0.3360216770434584,7
NewFloq_REF_Man57_Eps013_T50_5IT_16Aug.dat,0.13,True,6,4,0.3928872254664776,7
NewFloq_REF_Man57_Eps013_T50_5IT_16Aug.dat,0.13,True,6,5,0.42583456226011746,7
NewFloq_REF_Man57_Eps013_T50_5IT_16Aug.dat,0.13,True,7,0,0.017896663899468767,7
NewFloq_REF_Man57_Eps013_T50_5IT_16Aug.dat,0.13,True,7,1,0.07857543089259857,7
NewFloq_REF_Man57_Eps013_T50_5IT_16Aug.dat,0.13,True,7,2,0.042582404897736265,6
NewFloq_REF_Man57_Eps013_T50_5IT_16Aug.dat,0.13,True,7,3,0.01464697442495054,6
NewFloq_REF_Man57_Eps013_T50_5IT_16Aug.dat,0.13,True,7,4,0.026700638807059487,6
NewFloq_REF_Man57_Eps013_T50_5IT_16Aug.dat,0.13,True,7,5,0.0639356589263334,6
NewFloq_REF_Man57_Eps013_T50_5IT_16Aug.dat,0.13,True,7,6,0.057173766301330774,6
NewFloq_REF_Man57_Eps013_T50_5IT_16Aug.dat,0.13,True,8,0,0.358860100734038,6
NewFloq_REF_Man57_Eps013_T50_5IT_16Aug.dat,0.13,True,8,1,0.3686787771742499,6
NewFloq_REF_Man57_Eps013_T50_5IT_16Aug.dat,0.13,True,8,2,0.3874584661053051,6
NewFloq_REF_Man57_Eps013_T50_5IT_16Aug.dat,0.13,True,8,3,0.30447848609320605,5
NewFloq_REF_Man57_Eps013_T50_5IT_16Aug.dat,0.13,True,8,4,0.2984850908290236,5
NewFloq_REF_Man57_Eps013_T50_5IT_16Aug.dat,0.13,True,8,5,0.4233132527589216,5
NewFloq_REF_Man57_Eps013_T50_5IT_16Aug.dat,0.13,True,8,6,0.36932154990579275,5
NewFloq_REF_Man57_Eps013_T50_5IT_16Aug.dat,0.13,True,8,7,0.3305438060396115,5
NewFloq_REF_Man57_Eps013_T50_5IT_16Aug.dat,0.13,True,9,0,0.017159033619155294,5
NewFloq_REF_Man57_Eps013_T50_5IT_16Aug.dat,0.13,True,9,1,0.044285517746521785,5
NewFloq_REF_Man57_Eps013_T50_5IT_16Aug.dat,0.13,True,9,2,0.017620483851410757,5
NewFloq_REF_Man57_Eps013_T50_5IT_16Aug.dat,0.13,True,9,3,0.03128426912116588,5
NewFloq_REF_Man57_Eps013_T50_5IT_16Aug.dat,0.13,True,9,4,0.08005872266930532,5
NewFloq_REF_Man57_Eps013_T50_5IT_16Aug.dat,0.13,True,9,5,0.02078456722371898,5
NewFloq_REF_Man57_Eps013_T50_5IT_16Aug.dat,0.13,True,9,6,0.025428562420251103,4
NewFloq_REF_Man57_Eps013_T50_5IT_16Aug.dat,0.13,True,9,7,0.04638164334695406,4
NewFloq_REF_Man57_Eps013_T50_5IT_16Aug.dat,0.13,True,9,8,0.05566960766512506,4
NewFloq_REF_Man57_Eps013_T50_5IT_16Aug.dat,0.13,True,10,0,0.24833656036110013,5
NewFloq_REF_Man57_Eps013_T50_5IT_16Aug.dat,0.13,True,10,1,0.2893847035445011,4
NewFloq_REF_Man57_Eps013_T50_5IT_16Aug.dat,0.13,True,10,2,0.29791056230624274,4
NewFloq_REF_Man57_Eps013_T50_5IT_16Aug.dat,0.13,True,10,3,0.3256675489811068,4
NewFloq_REF_Man57_Eps013_T50_5IT_16Aug.dat,0.13,True,10,4,0.33878585120436416,4
NewFloq_REF_Man57_Eps013_T50_5IT_16Aug.dat,0.13,True,10,5,0.39210861215744863,4
NewFloq_REF_Man57_Eps013_T50_5IT_16Aug.dat,0.13,True,10,6,0.34768127505615676,4
NewFloq_REF_Man57_Eps013_T50_5IT_16Aug.dat,0.13,True,10,7,0.395993856695777,4
NewFloq_REF_Man57_Eps013_T50_5IT_16Aug.dat,0.13,True,10,8,0.3193466641967351,4
NewFloq_REF_Man57_Eps013_T50_5IT_16Aug.dat,0.13,True,10,9,0.28037353066635606,4
NewFloq_REF_Man57_Eps014_T50_5IT_15Jul.dat,0.14,True,1,0,0.02555076773564123,50
NewFloq_REF_Man57_Eps014_T50_5IT_15Jul.dat,0.14,True,2,0,0.2578420769371997,25
NewFloq_REF_Man57_Eps014_T50_5IT_15Jul.dat,0.14,True,2,1,0.2570810994145167,24
NewFloq_REF_Man57_Eps014_T50_5IT_15Jul.dat,0.14,True,3,0,0.027136411317753677,16
NewFloq_REF_Man57_Eps014_T50_5IT_15Jul.dat,0.14,True,3,1,0.031929621869659155,16
NewFloq_REF_Man57_Eps014_T50_5IT_15Jul.dat,0.14,True,3,2,0.03501312846544911,16
NewFloq_REF_Man57_Eps014_T50_5IT_15Jul.dat,0.14,True,4,0,0.2217550925378897,12
NewFloq_REF_Man57_Eps014_T50_5IT_15Jul.dat,0.14,True,4,1,0.22122474953755286,12
NewFloq_REF_Man57_Eps014_T50_5IT_15Jul.dat,0.14,True,4,2,0.20454911996141908,12
NewFloq_REF_Man57_Eps014_T50_5IT_15Jul.dat,0.14,True,4,3,0.20627675332274611,11
NewFloq_REF_Man57_Eps014_T50_5IT_15Jul.dat,0.14,True,5,0,0.028775167866546512,10
NewFloq_REF_Man57_Eps014_T50_5IT_15Jul.dat,0.14,True,5,1,0.03343751862845372,9
NewFloq_REF_Man57_Eps014_T50_5IT_15Jul.dat,0.14,True,5,2,0.036117213396600706,9
NewFloq_REF_Man57_Eps014_T50_5IT_15Jul.dat,0.14,True,5,3,0.03558630736190158,9
NewFloq_REF_Man57_Eps014_T50_5IT_15Jul.dat,0.14,True,5,4,0.029594545056330007,9
NewFloq_REF_Man57_Eps014_T50_5IT_15Jul.dat,0.14,True,6,0,0.17065717417983475,8
NewFloq_REF_Man57_Eps014_T50_5IT_15Jul.dat,0.14,True,6,1,0.18776640271854922,8
NewFloq_REF_Man57_Eps014_T50_5IT_15Jul.dat,0.14,True,6,2,0.18847847046687285,8
NewFloq_REF_Man57_Eps014_T50_5IT_15Jul.dat,0.14,True,6,3,0.19417353140592994,7
NewFloq_REF_Man57_Eps014_T50_5IT_15Jul.dat,0.14,True,6,4,0.1752329044039989,7
NewFloq_REF_Man57_Eps014_T50_5IT_15Jul.dat,0.14,True,6,5,0.157649037642777,7
NewFloq_REF_Man57_Eps014_T50_5IT_15Jul.dat,0.14,True,7,0,0.02806827225550185,7
NewFloq_REF_Man57_Eps014_T50_5IT_15Jul.dat,0.14,True,7,1,0.03474257144264792,7
NewFloq_REF_Man57_Eps014_T50_5IT_15Jul.dat,0.14,True,7,2,0.037847623306160504,6
NewFloq_REF_Man57_Eps014_T50_5IT_15Jul.dat,0.14,True,7,3,0.035372198951224544,6
NewFloq_REF_Man57_Eps014_T50_5IT_15Jul.dat,0.14,True,7,4,0.04490436843766344,6
NewFloq_REF_Man57_Eps014_T50_5IT_15Jul.dat,0.14,True,7,5,0.02643249386693197,6
NewFloq_REF_Man57_Eps014_T50_5IT_15Jul.dat,0.14,True,7,6,0.03924714515664523,6
NewFloq_REF_Man57_Eps014_T50_5IT_15Jul.dat,0.14,True,8,0,0.14822609426879668,6
NewFloq_REF_Man57_Eps014_T50_5IT_15Jul.dat,0.14,True,8,1,0.15796799073015869,6
NewFloq_REF_Man57_Eps014_T50_5IT_15Jul.dat,0.14,True,8,2,0.1853453680250896,6
NewFloq_REF_Man57_Eps014_T50_5IT_15Jul.dat,0.14,True,8,3,0.1783526100715963,5
NewFloq_REF_Man57_Eps014_T50_5IT_15Jul.dat,0.14,True,8,4,0.17060759105489792,5
NewFloq_REF_Man57_Eps014_T50_5IT_15Jul.dat,0.14,True,8,5,0.20093726450508137,5
NewFloq_REF_Man57_Eps014_T50_5IT_15Jul.dat,0.14,True,8,6,0.14220877674824844,5
NewFloq_REF_Man57_Eps014_T50_5IT_15Jul.dat,0.14,True,8,7,0.14170034233858647,5
NewFloq_REF_Man57_Eps014_T50_5IT_15Jul.dat,0.14,True,9,0,0.036189079703440985,5
NewFloq_REF_Man57_Eps014_T50_5IT_15Jul.dat,0.14,True,9,1,0.03885449576690543,5
NewFloq_REF_Man57_Eps014_T50_5IT_15Jul.dat,0.14,True,9,2,0.03810653731818699,5
NewFloq_REF_Man57_Eps014_T50_5IT_15Jul.dat,0.14,True,9,3,0.04453976903230013,5
NewFloq_REF_Man57_Eps014_T50_5IT_15Jul.dat,0.14,True,9,4,0.037217519761517284,5
NewFloq_REF_Man57_Eps014_T50_5IT_15Jul.dat,0.14,True,9,5,0.054500814451840504,5
NewFloq_REF_Man57_Eps014_T50_5IT_15Jul.dat,0.14,True,9,6,0.038153893601007766,4
NewFloq_REF_Man57_Eps014_T50_5IT_15Jul.dat,0.14,True,9,7,0.04260242640269806,4
NewFloq_REF_Man57_Eps014_T50_5IT_15Jul.dat,0.14,True,9,8,0.036633896768292824,4
NewFloq_REF_Man57_Eps014_T50_5IT_15Jul.dat,0.14,True,10,0,0.15267382923727452,5
NewFloq_REF_Man57_Eps014_T50_5IT_15Jul.dat,0.14,True,10,1,0.16733267614353262,4
NewFloq_REF_Man57_Eps014_T50_5IT_15Jul.dat,0.14,True,10,2,0.13714838604001978,4
NewFloq_REF_Man57_Eps014_T50_5IT_15Jul.dat,0.14,True,10,3,0.13775287876903455,4
NewFloq_REF_Man57_Eps014_T50_5IT_15Jul.dat,0.14,True,10,4,0.15636800885626673,4
NewFloq_REF_Man57_Eps014_T50_5IT_15Jul.dat,0.14,True,10,5,0.1734925985230037,4
NewFloq_REF_Man57_Eps014_T50_5IT_15Jul.dat,0.14,True,10,6,0.1592512059113951,4
NewFloq_REF_Man57_Eps014_T50_5IT_15Jul.dat,0.14,True,10,7,0.14691028370970438,4
NewFloq_REF_Man57_Eps014_T50_5IT_15Jul.dat,0.14,True,10,8,0.15993166048170926,4
NewFloq_REF_Man57_Eps014_T50_5IT_15Jul.dat,0.14,True,10,9,0.18494541422810595,4
NewFloq_REF_Man57_Eps015_T50_5IT_21Aug.dat,0.15,True,1,0,0.010252145338604296,50
NewFloq_REF_Man57_Eps015_T50_5IT_21Aug.dat,0.15,True,2,0,0.3704660537184627,25
NewFloq_REF_Man57_Eps015_T50_5IT_21Aug.dat,0.15,True,2,1,0.4006913013564337,24
NewFloq_REF_Man57_Eps015_T50_5IT_21Aug.dat,0.15,True,3,0,0.01220843354275201,16
NewFloq_REF_Man57_Eps015_T50_5IT_21Aug.dat,0.15,True,3,1,0.011629443641775558,16
NewFloq_REF_Man57_Eps015_T50_5IT_21Aug.dat,0.15,True,3,2,0.017694676226604478,16
NewFloq_REF_Man57_Eps015_T50_5IT_21Aug.dat,0.15,True,4,0,0.33251418447556486,12
NewFloq_REF_Man57_Eps015_T50_5IT_21Aug.dat,0.15,True,4,1,0.3545993798927338,12
NewFloq_REF_Man57_Eps015_T50_5IT_21Aug.dat,0.15,True,4,2,0.313036521251611,12
NewFloq_REF_Man57_Eps015_T50_5IT_21Aug.dat,0.15,True,4,3,0.35810610519516195,11
NewFloq_REF_Man57_Eps015_T50_5IT_21Aug.dat,0.15,True,5,0,0.023774713071183586,10
NewFloq_REF_Man57_Eps015_T50_5IT_21Aug.dat,0.15,True,5,1,0.015182444492378901,9
NewFloq_REF_Man57_Eps015_T50_5IT_21Aug.dat,0.15,True,5,2,0.019757859131944902,9
NewFloq_REF_Man57_Eps015_T50_5IT_21Aug.dat,0.15,True,5,3,0.016363502566678418,9
NewFloq_REF_Man57_Eps015_T50_5IT_21Aug.dat,0.15,True,5,4,0.016447033868590137,9
NewFloq_REF_Man57_Eps015_T50_5IT_21Aug.dat,0.15,True,6,0,0.2750632906855215,8
NewFloq_REF_Man57_Eps015_T50_5IT_21Aug.dat,0.15,True,6,1,0.33004464107957615,8
NewFloq_REF_Man57_Eps015_T50_5IT_21Aug.dat,0.15,True,6,2,0.2943616980271765,8
NewFloq_REF_Man57_Eps015_T50_5IT_21Aug.dat,0.15,True,6,3,0.33994911648239984,7
NewFloq_REF_Man57_Eps015_T50_5IT_21Aug.dat,0.15,True,6,4,0.312578836746866,7
NewFloq_REF_Man57_Eps015_T50_5IT_21Aug.dat,0.15,True,6,5,0.3217336160229694,7
NewFloq_REF_Man57_Eps015_T50_5IT_21Aug.dat,0.15,True,7,0,0.024014556943078105,7
NewFloq_REF_Man57_Eps015_T50_5IT_21Aug.dat,0.15,True,7,1,0.031536545238474885,7
NewFloq_REF_Man57_Eps015_T50_5IT_21Aug.dat,0.15,True,7,2,0.02440924228474621,6
NewFloq_REF_Man57_Eps015_T50_5IT_21Aug.dat,0.15,True,7,3,0.019137194378558726,6
NewFloq_REF_Man57_Eps015_T50_5IT_21Aug.dat,0.15,True,7,4,0.016600056449977817,6
NewFloq_REF_Man57_Eps015_T50_5IT_21Aug.dat,0.15,True,7,5,0.015600366138539266,6
NewFloq_REF_Man57_Eps015_T50_5IT_21Aug.dat,0.15,True,7,6,0.021198414603126308,6
NewFloq_REF_Man57_Eps015_T50_5IT_21Aug.dat,0.15,True,8,0,0.28945129364739824,6
NewFloq_REF_Man57_Eps015_T50_5IT_21Aug.dat,0.15,True,8,1,0.3119860485344454,6
NewFloq_REF_Man57_Eps015_T50_5IT_21Aug.dat,0.15,True,8,2,0.24067893962756906,6
NewFloq_REF_Man57_Eps015_T50_5IT_21Aug.dat,0.15,True,8,3,0.2920093460465106,5
NewFloq_REF_Man57_Eps015_T50_5IT_21Aug.dat,0.15,True,8,4,0.26083188255695056,5
NewFloq_REF_Man57_Eps015_T50_5IT_21Aug.dat,0.15,True,8,5,0.33073680479307754,5
NewFloq_REF_Man57_Eps015_T50_5IT_21Aug.dat,0.15,True,8,6,0.30334921765077244,5
NewFloq_REF_Man57_Eps015_T50_5IT_21Aug.dat,0.15,True,8,7,0.3390011794148863,5
NewFloq_REF_Man57_Eps015_T50_5IT_21Aug.dat,0.15,True,9,0,0.02378877972581561,5
NewFloq_REF_Man57_Eps015_T50_5IT_21Aug.dat,0.15,True,9,1,0.024573280785314018,5
NewFloq_REF_Man57_Eps015_T50_5IT_21Aug.dat,0.15,True,9,2,0.022383336242604943,5
NewFloq_REF_Man57_Eps015_T50_5IT_21Aug.dat,0.15,True,9,3,0.01897691276705272,5
NewFloq_REF_Man57_Eps015_T50_5IT_21Aug.dat,0.15,True,9,4,0.02096967016433877,5
NewFloq_REF_Man57_Eps015_T50_5IT_21Aug.dat,0.15,True,9,5,0.03822441488313831,5
NewFloq_REF_Man57_Eps015_T50_5IT_21Aug.dat,0.15,True,9,6,0.025429937088650427,4
NewFloq_REF_Man57_Eps015_T50_5IT_21Aug.dat,0.15,True,9,7,0.024893359669372315,4
NewFloq_REF_Man57_Eps015_T50_5IT_21Aug.dat,0.15,True,9,8,0.029453151678244208,4
NewFloq_REF_Man57_Eps015_T50_5IT_21Aug.dat,0.15,True,10,0,0.23165786755578904,5
NewFloq_REF_Man57_Eps015_T50_5IT_21Aug.dat,0.15,True,10,1,0.2646191825908022,4
NewFloq_REF_Man57_Eps015_T50_5IT_21Aug.dat,0.15,True,10,2,0.22735750953077538,4
NewFloq_REF_Man57_Eps015_T50_5IT_21Aug.dat,0.15,True,10,3,0.3226787445511211,4
NewFloq_REF_Man57_Eps015_T50_5IT_21Aug.dat,0.15,True,10,4,0.28116205380942505,4
NewFloq_REF_Man57_Eps015_T50_5IT_21Aug.dat,0.15,True,10,5,0.31235655143567037,4
NewFloq_REF_Man57_Eps015_T50_5IT_21Aug.dat,0.15,True,10,6,0.2853752166195646,4
NewFloq_REF_Man57_Eps015_T50_5IT_21Aug.dat,0.15,True,10,7,0.3134502377043275,4
NewFloq_REF_Man57_Eps015_T50_5IT_21Aug.dat,0.15,True,10,8,0.27951075071219766,4
NewFloq_REF_Man57_Eps015_T50_5IT_21Aug.dat,0.15,True,10,9,0.319678039661625,4
NewFloq_REF_Man57_Eps015_T50_5IT_5Jul.dat,0.15,True,1,0,0.020593957357194704,50
NewFloq_REF_Man57_Eps015_T50_5IT_5Jul.dat,0.15,True,2,0,0.3719558504297193,25
NewFloq_REF_Man57_Eps015_T50_5IT_5Jul.dat,0.15,True,2,1,0.4196183638591389,24
NewFloq_REF_Man57_Eps015_T50_5IT_5Jul.dat,0.15,True,3,0,0.019342338555353555,16
NewFloq_REF_Man57_Eps015_T50_5IT_5Jul.dat,0.15,True,3,1,0.026413661855975008,16
NewFloq_REF_Man57_Eps015_T50_5IT_5Jul.dat,0.15,True,3,2,0.027362956679730238,16
NewFloq_REF_Man57_Eps015_T50_5IT_5Jul.dat,0.15,True,4,0,0.3207963702532133,12
NewFloq_REF_Man57_Eps015_T50_5IT_5Jul.dat,0.15,True,4,1,0.4032883389552518,12
NewFloq_REF_Man57_Eps015_T50_5IT_5Jul.dat,0.15,True,4,2,0.338214880123892,12
NewFloq_REF_Man57_Eps015_T50_5IT_5Jul.dat,0.15,True,4,3,0.3660129107523208,11
NewFloq_REF_Man57_Eps015_T50_5IT_5Jul.dat,0.15,True,5,0,0.016741522539219553,10
NewFloq_REF_Man57_Eps015_T50_5IT_5Jul.dat,0.15,True,5,1,0.027180717824830294,9
NewFloq_REF_Man57_Eps015_T50_5IT_5Jul.dat,0.15,True,5,2,0.021517195291144948,9
NewFloq_REF_Man57_Eps015_T50_5IT_5Jul.dat,0.15,True,5,3,0.019805399506938035,9
NewFloq_REF_Man57_Eps015_T50_5IT_5Jul.dat,0.15,True,5,4,0.03381289353206188,9
NewFloq_REF_Man57_Eps015_T50_5IT_5Jul.dat,0.15,True,6,0,0.3166783463492835,8
NewFloq_REF_Man57_Eps015_T50_5IT_5Jul.dat,0.15,True,6,1,0.3663497422655432,8
NewFloq_REF_Man57_Eps015_T50_5IT_5Jul.dat,0.15,True,6,2,0.30511918263824656,8
NewFloq_REF_Man57_Eps015_T50_5IT_5Jul.dat,0.15,True,6,3,0.34033289969613073,7
NewFloq_REF_Man57_Eps015_T50_5IT_5Jul.dat,0.15,True,6,4,0.3044785279164745,7
NewFloq_REF_Man57_Eps015_T50_5IT_5Jul.dat,0.15,True,6,5,0.37172629169988525,7
NewFloq_REF_Man57_Eps015_T50_5IT_5Jul.dat,0.15,True,7,0,0.017691897823658775,7
NewFloq_REF_Man57_Eps015_T50_5IT_5Jul.dat,0.15,True,7,1,0.03022725837217923,7
NewFloq_REF_Man57_Eps015_T50_5IT_5Jul.dat,0.15,True,7,2,0.028033879870846757,6
NewFloq_REF_Man57_Eps015_T50_5IT_5Jul.dat,0.15,True,7,3,0.02199367029922675,6
NewFloq_REF_Man57_Eps015_T50_5IT_5Jul.dat,0.15,True,7,4,0.029845886424283204,6
NewFloq_REF_Man57_Eps015_T50_5IT_5Jul.dat,0.15,True,7,5,0.016082845615684026,6
NewFloq_REF_Man57_Eps015_T50_5IT_5Jul.dat,0.15,True,7,6,0.01658875167894895,6
NewFloq_REF_Man57_Eps015_T50_5IT_5Jul.dat,0.15,True,8,0,0.3270789255555931,6
NewFloq_REF_Man57_Eps015_T50_5IT_5Jul.dat,0.15,True,8,1,0.34027490853527037,6
NewFloq_REF_Man57_Eps015_T50_5IT_5Jul.dat,0.15,True,8,2,0.30440736490210235,6
NewFloq_REF_Man57_Eps015_T50_5IT_5Jul.dat,0.15,True,8,3,0.3233646120001197,5
NewFloq_REF_Man57_Eps015_T50_5IT_5Jul.dat,0.15,True,8,4,0.26323999807313503,5
NewFloq_REF_Man57_Eps015_T50_5IT_5Jul.dat,0.15,True,8,5,0.36423806889425403,5
NewFloq_REF_Man57_Eps015_T50_5IT_5Jul.dat,0.15,True,8,6,0.3044041842379074,5
NewFloq_REF_Man57_Eps015_T50_5IT_5Jul.dat,0.15,True,8,7,0.3205026387679028,5
NewFloq_REF_Man57_Eps015_T50_5IT_5Jul.dat,0.15,True,9,0,0.02572063431973215,5
NewFloq_REF_Man57_Eps015_T50_5IT_5Jul.dat,0.15,True,9,1,0.03759277627664557,5
NewFloq_REF_Man57_Eps015_T50_5IT_5Jul.dat,0.15,True,9,2,0.0288082830671878,5
NewFloq_REF_Man57_Eps015_T50_5IT_5Jul.dat,0.15,True,9,3,0.034899953402594296,5
NewFloq_REF_Man57_Eps015_T50_5IT_5Jul.dat,0.15,True,9,4,0.0238331822006441,5
NewFloq_REF_Man57_Eps015_T50_5IT_5Jul.dat,0.15,True,9,5,0.033856612802038236,5
NewFloq_REF_Man57_Eps015_T50_5IT_5Jul.dat,0.15,True,9,6,0.024055922760779724,4
NewFloq_REF_Man57_Eps015_T50_5IT_5Jul.dat,0.15,True,9,7,0.02055284333160515,4
NewFloq_REF_Man57_Eps015_T50_5IT_5Jul.dat,0.15,True,9,8,0.034354021003903536,4
NewFloq_REF_Man57_Eps015_T50_5IT_5Jul.dat,0.15,True,10,0,0.2699920119256401,5
NewFloq_REF_Man57_Eps015_T50_5IT_5Jul.dat,0.15,True,10,1,0.29422219128336335,4
NewFloq_REF_Man57_Eps015_T50_5IT_5Jul.dat,0.15,True,10,2,0.20938608039186407,4
NewFloq_REF_Man57_Eps015_T50_5IT_5Jul.dat,0.15,True,10,3,0.34383681346270856,4
NewFloq_REF_Man57_Eps015_T50_5IT_5Jul.dat,0.15,True,10,4,0.2943998524482726,4
NewFloq_REF_Man57_Eps015_T50_5IT_5Jul.dat,0.15,True,10,5,0.36636044970180803,4
NewFloq_REF_Man57_Eps015_T50_5IT_5Jul.dat,0.15,True,10,6,0.2824563464095211,4
NewFloq_REF_Man57_Eps015_T50_5IT_5Jul.dat,0.15,True,10,7,0.3350048004288529,4
NewFloq_REF_Man57_Eps015_T50_5IT_5Jul.dat,0.15,True,10,8,0.2887711567875804,4
NewFloq_REF_Man57_Eps015_T50_5IT_5Jul.dat,0.15,True,10,9,0.2816790251842977,4
NewFloq_REF_Man57_Eps017_T50_5IT_6Jul.dat,0.17,True,1,0,0.05460067275377897,50
NewFloq_REF_Man57_Eps017_T50_5IT_6Jul.dat,0.17,True,2,0,0.44699724036021826,25
NewFloq_REF_Man57_Eps017_T50_5IT_6Jul.dat,0.17,True,2,1,0.47430055383094255,24
NewFloq_REF_Man57_Eps017_T50_5IT_6Jul.dat,0.17,True,3,0,0.06363989404604545,16
NewFloq_REF_Man57_Eps017_T50_5IT_6Jul.dat,0.17,True,3,1,0.09849658657960943,16
NewFloq_REF_Man57_Eps017_T50_5IT_6Jul.dat,0.17,True,3,2,0.10757122413255295,16
NewFloq_REF_Man57_Eps017_T50_5IT_6Jul.dat,0.17,True,4,0,0.35654819564146806,12
NewFloq_REF_Man57_Eps017_T50_5IT_6Jul.dat,0.17,True,4,1,0.47871554779079156,12
NewFloq_REF_Man57_Eps017_T50_5IT_6Jul.dat,0.17,True,4,2,0.32083499928513276,12
NewFloq_REF_Man57_Eps017_T50_5IT_6Jul.dat,0.17,True,4,3,0.39678652920357,11
NewFloq_REF_Man57_Eps017_T50_5IT_6Jul.dat,0.17,True,5,0,0.08629685175069635,10
NewFloq_REF_Man57_Eps017_T50_5IT_6Jul.dat,0.17,True,5,1,0.09858576769768186,9
NewFloq_REF_Man57_Eps017_T50_5IT_6Jul.dat,0.17,True,5,2,0.053709228242148147,9
NewFloq_REF_Man57_Eps017_T50_5IT_6Jul.dat,0.17,True,5,3,0.09942356091397565,9
NewFloq_REF_Man57_Eps017_T50_5IT_6Jul.dat,0.17,True,5,4,0.01195835717484896,9
NewFloq_REF_Man57_Eps017_T50_5IT_6Jul.dat,0.17,True,6,0,0.26725348241128677,8
NewFloq_REF_Man57_Eps017_T50_5IT_6Jul.dat,0.17,True,6,1,0.44225746480897765,8
NewFloq_REF_Man57_Eps017_T50_5IT_6Jul.dat,0.17,True,6,2,0.3415221132803661,8
NewFloq_REF_Man57_Eps017_T50_5IT_6Jul.dat,0.17,True,6,3,0.419152411550266,7
NewFloq_REF_Man57_Eps017_T50_5IT_6Jul.dat,0.17,True,6,4,0.3437287082124985,7
NewFloq_REF_Man57_Eps017_T50_5IT_6Jul.dat,0.17,True,6,5,0.3128395705448783,7
NewFloq_REF_Man57_Eps017_T50_5IT_6Jul.dat,0.17,True,7,0,0.036505347209319146,7
NewFloq_REF_Man57_Eps017_T50_5IT_6Jul.dat,0.17,True,7,1,0.0630516971669783,7
NewFloq_REF_Man57_Eps017_T50_5IT_6Jul.dat,0.17,True,7,2,0.01429518992597953,6
NewFloq_REF_Man57_Eps017_T50_5IT_6Jul.dat,0.17,True,7,3,0.08395661112718455,6
NewFloq_REF_Man57_Eps017_T50_5IT_6Jul.dat,0.17,True,7,4,0.07660343792821696,6
NewFloq_REF_Man57_Eps017_T50_5IT_6Jul.dat,0.17,True,7,5,0.04679360990747491,6
NewFloq_REF_Man57_Eps017_T50_5IT_6Jul.dat,0.17,True,7,6,0.06818480769346631,6
NewFloq_REF_Man57_Eps017_T50_5IT_6Jul.dat,0.17,True,8,0,0.3419503118397909,6
NewFloq_REF_Man57_Eps017_T50_5IT_6Jul.dat,0.17,True,8,1,0.3690272930666614,6
NewFloq_REF_Man57_Eps017_T50_5IT_6Jul.dat,0.17,True,8,2,0.32397420194453813,6
NewFloq_REF_Man57_Eps017_T50_5IT_6Jul.dat,0.17,True,8,3,0.29117133267606404,5
NewFloq_REF_Man57_Eps017_T50_5IT_6Jul.dat,0.17,True,8,4,0.22649165643464908,5
NewFloq_REF_Man57_Eps017_T50_5IT_6Jul.dat,0.17,True,8,5,0.4063283839253355,5
NewFloq_REF_Man57_Eps017_T50_5IT_6Jul.dat,0.17,True,8,6,0.3538387819294058,5
NewFloq_REF_Man57_Eps017_T50_5IT_6Jul.dat,0.17,True,8,7,0.3460160498115458,5
NewFloq_REF_Man57_Eps017_T50_5IT_6Jul.dat,0.17,True,9,0,0.09114274655747345,5
NewFloq_REF_Man57_Eps017_T50_5IT_6Jul.dat,0.17,True,9,1,0.07774815242864005,5
NewFloq_REF_Man57_Eps017_T50_5IT_6Jul.dat,0.17,True,9,2,0.05085069076196989,5
NewFloq_REF_Man57_Eps017_T50_5IT_6Jul.dat,0.17,True,9,3,0.06333153978379291,5
NewFloq_REF_Man57_Eps017_T50_5IT_6Jul.dat,0.17,True,9,4,0.09231944245617332,5
NewFloq_REF_Man57_Eps017_T50_5IT_6Jul.dat,0.17,True,9,5,0.03932777958195388,5
NewFloq_REF_Man57_Eps017_T50_5IT_6Jul.dat,0.17,True,9,6,0.024223771434558797,4
NewFloq_REF_Man57_Eps017_T50_5IT_6Jul.dat,0.17,True,9,7,0.030490375659137318,4
NewFloq_REF_Man57_Eps017_T50_5IT_6Jul.dat,0.17,True,9,8,0.039909800498492964,4
NewFloq_REF_Man57_Eps017_T50_5IT_6Jul.dat,0.17,True,10,0,0.18672483635976256,5
NewFloq_REF_Man57_Eps017_T50_5IT_6Jul.dat,0.17,True,10,1,0.26446917607445775,4
NewFloq_REF_Man57_Eps017_T50_5IT_6Jul.dat,0.17,True,10,2,0.25705239862178686,4
NewFloq_REF_Man57_Eps017_T50_5IT_6Jul.dat,0.17,True,10,3,0.3647013852179054,4
NewFloq_REF_Man57_Eps017_T50_5IT_6Jul.dat,0.17,True,10,4,0.3616299393821727,4
NewFloq_REF_Man57_Eps017_T50_5IT_6Jul.dat,0.17,True,10,5,0.35937578909456047,4
NewFloq_REF_Man57_Eps017_T50_5IT_6Jul.dat,0.17,True,10,6,0.31639204078844557,4
NewFloq_REF_Man57_Eps017_T50_5IT_6Jul.dat,0.17,True,10,7,0.29899098542734015,4
NewFloq_REF_Man57_Eps017_T50_5IT_6Jul.dat,0.17,True,10,8,0.3333699622604491,4
NewFloq_REF_Man57_Eps017_T50_5IT_6Jul.dat,0.17,True,10,9,0.3760947242303584,4
NewFloq_REF_Man57_Eps01_T50_5IT_21Aug.dat,0.1,True,1,0,0.004914754575986757,50
NewFloq_REF_Man57_Eps01_T50_5IT_21Aug.dat,0.1,True,2,0,0.660508239836902,25
NewFloq_REF_Man57_Eps01_T50_5IT_21Aug.dat,0.1,True,2,1,0.6731561015126161,24
NewFloq_REF_Man57_Eps01_T50_5IT_21Aug.dat,0.1,True,3,0,0.005037777607414682,16
NewFloq_REF_Man57_Eps01_T50_5IT_21Aug.dat,0.1,True,3,1,0.008179059342380415,16
NewFloq_REF_Man57_Eps01_T50_5IT_21Aug.dat,0.1,True,3,2,0.006276258801559092,16
NewFloq_REF_Man57_Eps01_T50_5IT_21Aug.dat,0.1,True,4,0,0.5899955324325303,12
NewFloq_REF_Man57_Eps01_T50_5IT_21Aug.dat,0.1,True,4,1,0.6290057601764653,12
NewFloq_REF_Man57_Eps01_T50_5IT_21Aug.dat,0.1,True,4,2,0.6041313295101297,12
NewFloq_REF_Man57_Eps01_T50_5IT_21Aug.dat,0.1,True,4,3,0.5969407054679551,11
NewFloq_REF_Man57_Eps01_T50_5IT_21Aug.dat,0.1,True,5,0,0.007630233457089544,10
NewFloq_REF_Man57_Eps01_T50_5IT_21Aug.dat,0.1,True,5,1,0.011226950067348359,9
NewFloq_REF_Man57_Eps01_T50_5IT_21Aug.dat,0.1,True,5,2,0.006002039485818725,9
NewFloq_REF_Man57_Eps01_T50_5IT_21Aug.dat,0.1,True,5,3,0.00841768404797125,9
NewFloq_REF_Man57_Eps01_T50_5IT_21Aug.dat,0.1,True,5,4,0.007431175096914063,9
NewFloq_REF_Man57_Eps01_T50_5IT_21Aug.dat,0.1,True,6,0,0.5287050571405773,8
NewFloq_REF_Man57_Eps01_T50_5IT_21Aug.dat,0.1,True,6,1,0.5920179605855377,8
NewFloq_REF_Man57_Eps01_T50_5IT_21Aug.dat,0.1,True,6,2,0.5774416587997295,8
NewFloq_REF_Man57_Eps01_T50_5IT_21Aug.dat,0.1,True,6,3,0.573108054980005,7
NewFloq_REF_Man57_Eps01_T50_5IT_21Aug.dat,0.1,True,6,4,0.5353255842034602,7
NewFloq_REF_Man57_Eps01_T50_5IT_21Aug.dat,0.1,True,6,5,0.5552340139734604,7
NewFloq_REF_Man57_Eps01_T50_5IT_21Aug.dat,0.1,True,7,0,0.010560829359737027,7
NewFloq_REF_Man57_Eps01_T50_5IT_21Aug.dat,0.1,True,7,1,0.012691839473023695,7
NewFloq_REF_Man57_Eps01_T50_5IT_21Aug.dat,0.1,True,7,2,0.009810231883900638,6
NewFloq_REF_Man57_Eps01_T50_5IT_21Aug.dat,0.1,True,7,3,0.012286605925533134,6
NewFloq_REF_Man57_Eps01_T50_5IT_21Aug.dat,0.1,True,7,4,0.011602610929086992,6
NewFloq_REF_Man57_Eps01_T50_5IT_21Aug.dat,0.1,True,7,5,0.009210118550216072,6
NewFloq_REF_Man57_Eps01_T50_5IT_21Aug.dat,0.1,True,7,6,0.012740853388916758,6
NewFloq_REF_Man57_Eps01_T50_5IT_21Aug.dat,0.1,True,8,0,0.5224860716329269,6
NewFloq_REF_Man57_Eps01_T50_5IT_21Aug.dat,0.1,True,8,1,0.5187398963916077,6
NewFloq_REF_Man57_Eps01_T50_5IT_21Aug.dat,0.1,True,8,2,0.4940932478451156,6
NewFloq_REF_Man57_Eps01_T50_5IT_21Aug.dat,0.1,True,8,3,0.4704640700999952,5
NewFloq_REF_Man57_Eps01_T50_5IT_21Aug.dat,0.1,True,8,4,0.46202016274329544,5
NewFloq_REF_Man57_Eps01_T50_5IT_21Aug.dat,0.1,True,8,5,0.5895157242531404,5
NewFloq_REF_Man57_Eps01_T50_5IT_21Aug.dat,0.1,True,8,6,0.5781249047437005,5
NewFloq_REF_Man57_Eps01_T50_5IT_21Aug.dat,0.1,True,8,7,0.5751724143770224,5
NewFloq_REF_Man57_Eps01_T50_5IT_21Aug.dat,0.1,True,9,0,0.012993823901508147,5
NewFloq_REF_Man57_Eps01_T50_5IT_21Aug.dat,0.1,True,9,1,0.014220056916788792,5
NewFloq_REF_Man57_Eps01_T50_5IT_21Aug.dat,0.1,True,9,2,0.010430869827928629,5
NewFloq_REF_Man57_Eps01_T50_5IT_21Aug.dat,0.1,True,9,3,0.009502537642608602,5
NewFloq_REF_Man57_Eps01_T50_5IT_21Aug.dat,0.1,True,9,4,0.020627189180847806,5
NewFloq_REF_Man57_Eps01_T50_5IT_21Aug.dat,0.1,True,9,5,0.01902972498539826,5
NewFloq_REF_Man57_Eps01_T50_5IT_21Aug.dat,0.1,True,9,6,0.017899236278948048,4
NewFloq_REF_Man57_Eps01_T50_5IT_21Aug.dat,0.1,True,9,7,0.016006811147288,4
NewFloq_REF_Man57_Eps01_T50_5IT_21Aug.dat,0.1,True,9,8,0.012831265012576013,4
NewFloq_REF_Man57_Eps01_T50_5IT_21Aug.dat,0.1,True,10,0,0.43580098825994484,5
NewFloq_REF_Man57_Eps01_T50_5IT_21Aug.dat,0.1,True,10,1,0.39119723187254407,4
NewFloq_REF_Man57_Eps01_T50_5IT_21Aug.dat,0.1,True,10,2,0.389484017246416,4
NewFloq_REF_Man57_Eps01_T50_5IT_21Aug.dat,0.1,True,10,3,0.5402042431172733,4
NewFloq_REF_Man57_Eps01_T50_5IT_21Aug.dat,0.1,True,10,4,0.539392920237646,4
NewFloq_REF_Man57_Eps01_T50_5IT_21Aug.dat,0.1,True,10,5,0.5560980708736036,4
NewFloq_REF_Man57_Eps01_T50_5IT_21Aug.dat,0.1,True,10,6,0.5419767097720645,4
NewFloq_REF_Man57_Eps01_T50_5IT_21Aug.dat,0.1,True,10,7,0.5486879347081423,4
NewFloq_REF_Man57_Eps01_T50_5IT_21Aug.dat,0.1,True,10,8,0.5225750528138035,4
NewFloq_REF_Man57_Eps01_T50_5IT_21Aug.dat,0.1,True,10,9,0.5282522360754786,4
NewFloq_REF_Man57_Eps01_T50_5IT_22Aug.dat,0.1,True,1,0,0.0035975916384257266,50
NewFloq_REF_Man57_Eps01_T50_5IT_22Aug.dat,0.1,True,2,0,0.515246563172353,25
NewFloq_REF_Man57_Eps01_T50_5IT_22Aug.dat,0.1,True,2,1,0.5003296943859229,24
NewFloq_REF_Man57_Eps01_T50_5IT_22Aug.dat,0.1,True,3,0,0.006954514840447392,16
NewFloq_REF_Man57_Eps01_T50_5IT_22Aug.dat,0.1,True,3,1,0.007554382096382588,16
NewFloq_REF_Man57_Eps01_T50_5IT_22Aug.dat,0.1,True,3,2,0.005517055513663223,16
NewFloq_REF_Man57_Eps01_T50_5IT_22Aug.dat,0.1,True,4,0,0.4346004019400222,12
NewFloq_REF_Man57_Eps01_T50_5IT_22Aug.dat,0.1,True,4,1,0.46840262623978113,12
NewFloq_REF_Man57_Eps01_T50_5IT_22Aug.dat,0.1,True,4,2,0.46420487021095785,12
NewFloq_REF_Man57_Eps01_T50_5IT_22Aug.dat,0.1,True,4,3,0.42502808726462943,11
NewFloq_REF_Man57_Eps01_T50_5IT_22Aug.dat,0.1,True,5,0,0.008860507389769842,10
NewFloq_REF_Man57_Eps01_T50_5IT_22Aug.dat,0.1,True,5,1,0.012584863586999655,9
NewFloq_REF_Man57_Eps01_T50_5IT_22Aug.dat,0.1,True,5,2,0.009064078099605112,9
NewFloq_REF_Man57_Eps01_T50_5IT_22Aug.dat,0.1,True,5,3,0.011360610204958573,9
NewFloq_REF_Man57_Eps01_T50_5IT_22Aug.dat,0.1,True,5,4,0.01061333865486178,9
NewFloq_REF_Man57_Eps01_T50_5IT_22Aug.dat,0.1,True,6,0,0.3848011781368204,8
NewFloq_REF_Man57_Eps01_T50_5IT_22Aug.dat,0.1,True,6,1,0.42864016287778617,8
NewFloq_REF_Man57_Eps01_T50_5IT_22Aug.dat,0.1,True,6,2,0.43415660523974425,8
NewFloq_REF_Man57_Eps01_T50_5IT_22Aug.dat,0.1,True,6,3,0.40719092118304046,7
NewFloq_REF_Man57_Eps01_T50_5IT_22Aug.dat,0.1,True,6,4,0.3980729783397086,7
NewFloq_REF_Man57_Eps01_T50_5IT_22Aug.dat,0.1,True,6,5,0.41709132564485424,7
NewFloq_REF_Man57_Eps01_T50_5IT_22Aug.dat,0.1,True,7,0,0.015276975372579814,7
NewFloq_REF_Man57_Eps01_T50_5IT_22Aug.dat,0.1,True,7,1,0.015648859762946856,7
NewFloq_REF_Man57_Eps01_T50_5IT_22Aug.dat,0.1,True,7,2,0.014349936887290762,6
NewFloq_REF_Man57_Eps01_T50_5IT_22Aug.dat,0.1,True,7,3,0.016909758138891045,6
NewFloq_REF_Man57_Eps01_T50_5IT_22Aug.dat,0.1,True,7,4,0.009701442389634834,6
NewFloq_REF_Man57_Eps01_T50_5IT_22Aug.dat,0.1,True,7,5,0.011824346721054096,6
NewFloq_REF_Man57_Eps01_T50_5IT_22Aug.dat,0.1,True,7,6,0.012540277570910289,6
NewFloq_REF_Man57_Eps01_T50_5IT_22Aug.dat,0.1,True,8,0,0.3710314477387214,6
NewFloq_REF_Man57_Eps01_T50_5IT_22Aug.dat,0.1,True,8,1,0.39735622601692855,6
NewFloq_REF_Man57_Eps01_T50_5IT_22Aug.dat,0.1,True,8,2,0.37776892270894696,6
NewFloq_REF_Man57_Eps01_T50_5IT_22Aug.dat,0.1,True,8,3,0.35423008959236524,5
NewFloq_REF_Man57_Eps01_T50_5IT_22Aug.dat,0.1,True,8,4,0.3491571203103759,5
NewFloq_REF_Man57_Eps01_T50_5IT_22Aug.dat,0.1,True,8,5,0.4253858274176017,5
NewFloq_REF_Man57_Eps01_T50_5IT_22Aug.dat,0.1,True,8,6,0.421864029772444,5
NewFloq_REF_Man57_Eps01_T50_5IT_22Aug.dat,0.1,True,8,7,0.42049154999465904,5
NewFloq_REF_Man57_Eps01_T50_5IT_22Aug.dat,0.1,True,9,0,0.01672609158706779,5
NewFloq_REF_Man57_Eps01_T50_5IT_22Aug.dat,0.1,True,9,1,0.015181320400851966,5
NewFloq_REF_Man57_Eps01_T50_5IT_22Aug.dat,0.1,True,9,2,0.012017636890473377,5
NewFloq_REF_Man57_Eps01_T50_5IT_22Aug.dat,0.1,True,9,3,0.013214916494835296,5
NewFloq_REF_Man57_Eps01_T50_5IT_22Aug.dat,0.1,True,9,4,0.02312820613656471,5
NewFloq_REF_Man57_Eps01_T50_5IT_22Aug.dat,0.1,True,9,5,0.01877438024828668,5
NewFloq_REF_Man57_Eps01_T50_5IT_22Aug.dat,0.1,True,9,6,0.021663176815995534,4
NewFloq_REF_Man57_Eps01_T50_5IT_22Aug.dat,0.1,True,9,7,0.016656606921026617,4
NewFloq_REF_Man57_Eps01_T50_5IT_22Aug.dat,0.1,True,9,8,0.016362260002875315,4
NewFloq_REF_Man57_Eps01_T50_5IT_22Aug.dat,0.1,True,10,0,0.3376392875188706,5
NewFloq_REF_Man57_Eps01_T50_5IT_22Aug.dat,0.1,True,10,1,0.2727608814002569,4
NewFloq_REF_Man57_Eps01_T50_5IT_22Aug.dat,0.1,True,10,2,0.2881020640368477,4
NewFloq_REF_Man57_Eps01_T50_5IT_22Aug.dat,0.1,True,10,3,0.39384344285617673,4
NewFloq_REF_Man57_Eps01_T50_5IT_22Aug.dat,0.1,True,10,4,0.40422167746717397,4
NewFloq_REF_Man57_Eps01_T50_5IT_22Aug.dat,0.1,True,10,5,0.4263099352475913,4
NewFloq_REF_Man57_Eps01_T50_5IT_22Aug.dat,0.1,True,10,6,0.40974880867269314,4
NewFloq_REF_Man57_Eps01_T50_5IT_22Aug.dat,0.1,True,10,7,0.4220678823852172,4
NewFloq_REF_Man57_Eps01_T50_5IT_22Aug.dat,0.1,True,10,8,0.41706393752696413,4
NewFloq_REF_Man57_Eps01_T50_5IT_22Aug.dat,0.1,True,10,9,0.40540178389763815,4
NewFloq_REF_Man57_Eps025_T50_5IT_20Aug.dat,0.25,True,1,0,0.017465647223927627,50
NewFloq_REF_Man57_Eps025_T50_5IT_20Aug.dat,0.25,True,2,0,0.2470173693849868,25
NewFloq_REF_Man57_Eps025_T50_5IT_20Aug.dat,0.25,True,2,1,0.23997455362359119,24
NewFloq_REF_Man57_Eps025_T50_5IT_20Aug.dat,0.25,True,3,0,0.028940567096717197,16
NewFloq_REF_Man57_Eps025_T50_5IT_20Aug.dat,0.25,True,3,1,0.027852225515054493,16
NewFloq_REF_Man57_Eps025_T50_5IT_20Aug.dat,0.25,True,3,2,0.024249932457606975,16
NewFloq_REF_Man57_Eps025_T50_5IT_20Aug.dat,0.25,True,4,0,0.19965144775606988,12
NewFloq_REF_Man57_Eps025_T50_5IT_20Aug.dat,0.25,True,4,1,0.19787518527582268,12
NewFloq_REF_Man57_Eps025_T50_5IT_20Aug.dat,0.25,True,4,2,0.22230678515360588,12
NewFloq_REF_Man57_Eps025_T50_5IT_20Aug.dat,0.25,True,4,3,0.23127726864778825,11
NewFloq_REF_Man57_Eps025_T50_5IT_20Aug.dat,0.25,True,5,0,0.06145188192872195,10
NewFloq_REF_Man57_Eps025_T50_5IT_20Aug.dat,0.25,True,5,1,0.026013261855533747,9
NewFloq_REF_Man57_Eps025_T50_5IT_20Aug.dat,0.25,True,5,2,0.01497776331890134,9
NewFloq_REF_Man57_Eps025_T50_5IT_20Aug.dat,0.25,True,5,3,0.02860147173702496,9
NewFloq_REF_Man57_Eps025_T50_5IT_20Aug.dat,0.25,True,5,4,0.023126095989220878,9
NewFloq_REF_Man57_Eps025_T50_5IT_20Aug.dat,0.25,True,6,0,0.20382686848978662,8
NewFloq_REF_Man57_Eps025_T50_5IT_20Aug.dat,0.25,True,6,1,0.2061126823193899,8
NewFloq_REF_Man57_Eps025_T50_5IT_20Aug.dat,0.25,True,6,2,0.20374393350612807,8
NewFloq_REF_Man57_Eps025_T50_5IT_20Aug.dat,0.25,True,6,3,0.1512177243067385,7
NewFloq_REF_Man57_Eps025_T50_5IT_20Aug.dat,0.25,True,6,4,0.1559488232521766,7
NewFloq_REF_Man57_Eps025_T50_5IT_20Aug.dat,0.25,True,6,5,0.20306539059058587,7
NewFloq_REF_Man57_Eps025_T50_5IT_20Aug.dat,0.25,True,7,0,0.034719574743520464,7
NewFloq_REF_Man57_Eps025_T50_5IT_20Aug.dat,0.25,True,7,1,0.0586507396474503,7
NewFloq_REF_Man57_Eps025_T50_5IT_20Aug.dat,0.25,True,7,2,0.01874353841442464,6
NewFloq_REF_Man57_Eps025_T50_5IT_20Aug.dat,0.25,True,7,3,0.03163922237252767,6
NewFloq_REF_Man57_Eps025_T50_5IT_20Aug.dat,0.25,True,7,4,0.037499189295596314,6
NewFloq_REF_Man57_Eps025_T50_5IT_20Aug.dat,0.25,True,7,5,0.09565598663730597,6
NewFloq_REF_Man57_Eps025_T50_5IT_20Aug.dat,0.25,True,7,6,0.0292214670392125,6
NewFloq_REF_Man57_Eps025_T50_5IT_20Aug.dat,0.25,True,8,0,0.13781740009786106,6
NewFloq_REF_Man57_Eps025_T50_5IT_20Aug.dat,0.25,True,8,1,0.11793222356354584,6
NewFloq_REF_Man57_Eps025_T50_5IT_20Aug.dat,0.25,True,8,2,0.16155952363470832,6
NewFloq_REF_Man57_Eps025_T50_5IT_20Aug.dat,0.25,True,8,3,0.1765295371064587,5
NewFloq_REF_Man57_Eps025_T50_5IT_20Aug.dat,0.25,True,8,4,0.18995291254111707,5
NewFloq_REF_Man57_Eps025_T50_5IT_20Aug.dat,0.25,True,8,5,0.20616842293374255,5
NewFloq_REF_Man57_Eps025_T50_5IT_20Aug.dat,0.25,True,8,6,0.2028466586396303,5
NewFloq_REF_Man57_Eps025_T50_5IT_20Aug.dat,0.25,True,8,7,0.20665721719820943,5
NewFloq_REF_Man57_Eps025_T50_5IT_20Aug.dat,0.25,True,9,0,0.03439040235842815,5
NewFloq_REF_Man57_Eps025_T50_5IT_20Aug.dat,0.25,True,9,1,0.03795350789429218,5
NewFloq_REF_Man57_Eps025_T50_5IT_20Aug.dat,0.25,True,9,2,0.02820339637234659,5
NewFloq_REF_Man57_Eps025_T50_5IT_20Aug.dat,0.25,True,9,3,0.029229634341002675,5
NewFloq_REF_Man57_Eps025_T50_5IT_20Aug.dat,0.25,True,9,4,0.08561450954189712,5
NewFloq_REF_Man57_Eps025_T50_5IT_20Aug.dat,0.25,True,9,5,0.08602223070942346,5
NewFloq_REF_Man57_Eps025_T50_5IT_20Aug.dat,0.25,True,9,6,0.0740727873182378,4
NewFloq_REF_Man57_Eps025_T50_5IT_20Aug.dat,0.25,True,9,7,0.04326309739495521,4
NewFloq_REF_Man57_Eps025_T50_5IT_20Aug.dat,0.25,True,9,8,0.031105228106882172,4
NewFloq_REF_Man57_Eps025_T50_5IT_20Aug.dat,0.25,True,10,0,0.10058080134871346,5
NewFloq_REF_Man57_Eps025_T50_5IT_20Aug.dat,0.25,True,10,1,0.13906866542835916,4
NewFloq_REF_Man57_Eps025_T50_5IT_20Aug.dat,0.25,True,10,2,0.15830925310534666,4
NewFloq_REF_Man57_Eps025_T50_5IT_20Aug.dat,0.25,True,10,3,0.1420803275360381,4
NewFloq_REF_Man57_Eps025_T50_5IT_20Aug.dat,0.25,True,10,4,0.22464971931865138,4
NewFloq_REF_Man57_Eps025_T50_5IT_20Aug.dat,0.25,True,10,5,0.18083988385078895,4
NewFloq_REF_Man57_Eps025_T50_5IT_20Aug.dat,0.25,True,10,6,0.17834566651395856,4
NewFloq_REF_Man57_Eps025_T50_5IT_20Aug.dat,0.25,True,10,7,0.22146201455619416,4
NewFloq_REF_Man57_Eps025_T50_5IT_20Aug.dat,0.25,True,10,8,0.20246147701765593,4
NewFloq_REF_Man57_Eps025_T50_5IT_20Aug.dat,0.25,True,10,9,0.15822320693660327,4
NewFloq_REF_Man57_Eps025_T50_5IT_22Aug.dat,0.25,True,1,0,0.01232286567590763,50
NewFloq_REF_Man57_Eps025_T50_5IT_22Aug.dat,0.25,True,2,0,0.15365943403440627,25
NewFloq_REF_Man57_Eps025_T50_5IT_22Aug.dat,0.25,True,2,1,0.16174934763837015,24
NewFloq_REF_Man57_Eps025_T50_5IT_22Aug.dat,0.25,True,3,0,0.012975538256211026,16
NewFloq_REF_Man57_Eps025_T50_5IT_22Aug.dat,0.25,True,3,1,0.01838420029241,16
NewFloq_REF_Man57_Eps025_T50_5IT_22Aug.dat,0.25,True,3,2,0.016425931524838604,16
NewFloq_REF_Man57_Eps025_T50_5IT_22Aug.dat,0.25,True,4,0,0.12198498134180245,12
NewFloq_REF_Man57_Eps025_T50_5IT_22Aug.dat,0.25,True,4,1,0.1223168449880252,12
NewFloq_REF_Man57_Eps025_T50_5IT_22Aug.dat,0.25,True,4,2,0.12376251226243863,12
NewFloq_REF_Man57_Eps025_T50_5IT_22Aug.dat,0.25,True,4,3,0.11831863753314797,11
NewFloq_REF_Man57_Eps025_T50_5IT_22Aug.dat,0.25,True,5,0,0.023146887124108666,10
NewFloq_REF_Man57_Eps025_T50_5IT_22Aug.dat,0.25,True,5,1,0.026271235264851964,9
NewFloq_REF_Man57_Eps025_T50_5IT_22Aug.dat,0.25,True,5,2,0.018800750551931426,9
NewFloq_REF_Man57_Eps025_T50_5IT_22Aug.dat,0.25,True,5,3,0.009399451440682037,9
NewFloq_REF_Man57_Eps025_T50_5IT_22Aug.dat,0.25,True,5,4,0.014659642664717467,9
NewFloq_REF_Man57_Eps025_T50_5IT_22Aug.dat,0.25,True,6,0,0.08818480874393932,8
NewFloq_REF_Man57_Eps025_T50_5IT_22Aug.dat,0.25,True,6,1,0.09138666002217233,8
NewFloq_REF_Man57_Eps025_T50_5IT_22Aug.dat,0.25,True,6,2,0.11291657348455914,8
NewFloq_REF_Man57_Eps025_T50_5IT_22Aug.dat,0.25,True,6,3,0.12132769251194495,7
NewFloq_REF_Man57_Eps025_T50_5IT_22Aug.dat,0.25,True,6,4,0.10856326232786037,7
NewFloq_REF_Man57_Eps025_T50_5IT_22Aug.dat,0.25,True,6,5,0.08754362960894956,7
NewFloq_REF_Man57_Eps025_T50_5IT_22Aug.dat,0.25,True,7,0,0.02785809003272546,7
NewFloq_REF_Man57_Eps025_T50_5IT_22Aug.dat,0.25,True,7,1,0.026224560750342858,7
NewFloq_REF_Man57_Eps025_T50_5IT_22Aug.dat,0.25,True,7,2,0.028555606615662282,6
NewFloq_REF_Man57_Eps025_T50_5IT_22Aug.dat,0.25,True,7,3,0.015217792557674208,6
NewFloq_REF_Man57_Eps025_T50_5IT_22Aug.dat,0.25,True,7,4,0.0225498513918711,6
NewFloq_REF_Man57_Eps025_T50_5IT_22Aug.dat,0.25,True,7,5,0.02460864960475866,6
NewFloq_REF_Man57_Eps025_T50_5IT_22Aug.dat,0.25,True,7,6,0.011394152240981335,6
NewFloq_REF_Man57_Eps025_T50_5IT_22Aug.dat,0.25,True,8,0,0.07705406228926218,6
NewFloq_REF_Man57_Eps025_T50_5IT_22Aug.dat,0.25,True,8,1,0.0918572586864097,6
NewFloq_REF_Man57_Eps025_T50_5IT_22Aug.dat,0.25,True,8,2,0.09391408386017734,6
NewFloq_REF_Man57_Eps025_T50_5IT_22Aug.dat,0.25,True,8,3,0.06339240612875555,5
NewFloq_REF_Man57_Eps025_T50_5IT_22Aug.dat,0.25,True,8,4,0.05898455168690173,5
NewFloq_REF_Man57_Eps025_T50_5IT_22Aug.dat,0.25,True,8,5,0.07645293151022928,5
NewFloq_REF_Man57_Eps025_T50_5IT_22Aug.dat,0.25,True,8,6,0.09580025080310428,5
NewFloq_REF_Man57_Eps025_T50_5IT_22Aug.dat,0.25,True,8,7,0.11308717857955378,5
NewFloq_REF_Man57_Eps025_T50_5IT_22Aug.dat,0.25,True,9,0,0.03330929148657197,5
NewFloq_REF_Man57_Eps025_T50_5IT_22Aug.dat,0.25,True,9,1,0.024702255015742813,5
NewFloq_REF_Man57_Eps025_T50_5IT_22Aug.dat,0.25,True,9,2,0.01637155528387372,5
NewFloq_REF_Man57_Eps025_T50_5IT_22Aug.dat,0.25,True,9,3,0.013622273438660931,5
NewFloq_REF_Man57_Eps025_T50_5IT_22Aug.dat,0.25,True,9,4,0.018298902521934814,5
NewFloq_REF_Man57_Eps025_T50_5IT_22Aug.dat,0.25,True,9,5,0.015985241981037367,5
NewFloq_REF_Man57_Eps025_T50_5IT_22Aug.dat,0.25,True,9,6,0.013620364279819552,4
NewFloq_REF_Man57_Eps025_T50_5IT_22Aug.dat,0.25,True,9,7,0.014162343759304894,4
NewFloq_REF_Man57_Eps025_T50_5IT_22Aug.dat,0.25,True,9,8,0.03682681460413855,4
NewFloq_REF_Man57_Eps025_T50_5IT_22Aug.dat,0.25,True,10,0,0.04938743517350898,5
NewFloq_REF_Man57_Eps025_T50_5IT_22Aug.dat,0.25,True,10,1,0.08105048012827511,4
NewFloq_REF_Man57_Eps025_T50_5IT_22Aug.dat,0.25,True,10,2,0.07868167958635795,4
NewFloq_REF_Man57_Eps025_T50_5IT_22Aug.dat,0.25,True,10,3,0.10611993778164071,4
NewFloq_REF_Man57_Eps025_T50_5IT_22Aug.dat,0.25,True,10,4,0.10531332684545211,4
NewFloq_REF_Man57_Eps025_T50_5IT_22Aug.dat,0.25,True,10,5,0.058173652648025764,4
NewFloq_REF_Man57_Eps025_T50_5IT_22Aug.dat,0.25,True,10,6,0.08120481378995531,4
NewFloq_REF_Man57_Eps025_T50_5IT_22Aug.dat,0.25,True,10,7,0.061247620314633745,4
NewFloq_REF_Man57_Eps025_T50_5IT_22Aug.dat,0.25,True,10,8,0.10516293721941475,4
NewFloq_REF_Man57_Eps025_T50_5IT_22Aug.dat,0.25,True,10,9,0.0803820318701051,4
NewFloq_REF_Man57_Eps025_T50_5IT_6Jul.dat,0.25,True,1,0,0.01673982886129059,50
NewFloq_REF_Man57_Eps025_T50_5IT_6Jul.dat,0.25,True,2,0,0.18229800084639372,25
NewFloq_REF_Man57_Eps025_T50_5IT_6Jul.dat,0.25,True,2,1,0.1791765854870988,24
NewFloq_REF_Man57_Eps025_T50_5IT_6Jul.dat,0.25,True,3,0,0.01531413677104694,16
NewFloq_REF_Man57_Eps025_T50_5IT_6Jul.dat,0.25,True,3,1,0.021215402529908233,16
NewFloq_REF_Man57_Eps025_T50_5IT_6Jul.dat,0.25,True,3,2,0.030044834410314428,16
NewFloq_REF_Man57_Eps025_T50_5IT_6Jul.dat,0.25,True,4,0,0.1378819303146528,12
NewFloq_REF_Man57_Eps025_T50_5IT_6Jul.dat,0.25,True,4,1,0.15502614735262563,12
NewFloq_REF_Man57_Eps025_T50_5IT_6Jul.dat,0.25,True,4,2,0.14854005412951715,12
NewFloq_REF_Man57_Eps025_T50_5IT_6Jul.dat,0.25,True,4,3,0.16227965646961862,11
NewFloq_REF_Man57_Eps025_T50_5IT_6Jul.dat,0.25,True,5,0,0.016851265606543035,10
NewFloq_REF_Man57_Eps025_T50_5IT_6Jul.dat,0.25,True,5,1,0.018629200988608298,9
NewFloq_REF_Man57_Eps025_T50_5IT_6Jul.dat,0.25,True,5,2,0.025466456044231048,9
NewFloq_REF_Man57_Eps025_T50_5IT_6Jul.dat,0.25,True,5,3,0.0254631984875296,9
NewFloq_REF_Man57_Eps025_T50_5IT_6Jul.dat,0.25,True,5,4,0.015650328703195125,9
NewFloq_REF_Man57_Eps025_T50_5IT_6Jul.dat,0.25,True,6,0,0.10372722161212723,8
NewFloq_REF_Man57_Eps025_T50_5IT_6Jul.dat,0.25,True,6,1,0.13263881545971665,8
NewFloq_REF_Man57_Eps025_T50_5IT_6Jul.dat,0.25,True,6,2,0.12674936078816096,8
NewFloq_REF_Man57_Eps025_T50_5IT_6Jul.dat,0.25,True,6,3,0.1278475043008193,7
NewFloq_REF_Man57_Eps025_T50_5IT_6Jul.dat,0.25,True,6,4,0.12321973074329964,7
NewFloq_REF_Man57_Eps025_T50_5IT_6Jul.dat,0.25,True,6,5,0.145897299070586,7
NewFloq_REF_Man57_Eps025_T50_5IT_6Jul.dat,0.25,True,7,0,0.021019911460369457,7
NewFloq_REF_Man57_Eps025_T50_5IT_6Jul.dat,0.25,True,7,1,0.020144329656760978,7
NewFloq_REF_Man57_Eps025_T50_5IT_6Jul.dat,0.25,True,7,2,0.023731087169419757,6
NewFloq_REF_Man57_Eps025_T50_5IT_6Jul.dat,0.25,True,7,3,0.025052965295541425,6
NewFloq_REF_Man57_Eps025_T50_5IT_6Jul.dat,0.25,True,7,4,0.023383043010327,6
NewFloq_REF_Man57_Eps025_T50_5IT_6Jul.dat,0.25,True,7,5,0.03566486904585392,6
NewFloq_REF_Man57_Eps025_T50_5IT_6Jul.dat,0.25,True,7,6,0.008832234967989195,6
NewFloq_REF_Man57_Eps025_T50_5IT_6Jul.dat,0.25,True,8,0,0.0812592686928473,6
NewFloq_REF_Man57_Eps025_T50_5IT_6Jul.dat,0.25,True,8,1,0.11098879156894231,6
NewFloq_REF_Man57_Eps025_T50_5IT_6Jul.dat,0.25,True,8,2,0.10977264466712855,6
NewFloq_REF_Man57_Eps025_T50_5IT_6Jul.dat,0.25,True,8,3,0.12573873884762626,5
NewFloq_REF_Man57_Eps025_T50_5IT_6Jul.dat,0.25,True,8,4,0.09654066346381696,5
NewFloq_REF_Man57_Eps025_T50_5IT_6Jul.dat,0.25,True,8,5,0.11671013671098089,5
NewFloq_REF_Man57_Eps025_T50_5IT_6Jul.dat,0.25,True,8,6,0.10803843273221761,5
NewFloq_REF_Man57_Eps025_T50_5IT_6Jul.dat,0.25,True,8,7,0.14299683246459102,5
NewFloq_REF_Man57_Eps025_T50_5IT_6Jul.dat,0.25,True,9,0,0.028204802018827274,5
NewFloq_REF_Man57_Eps025_T50_5IT_6Jul.dat,0.25,True,9,1,0.028756127561464766,5
NewFloq_REF_Man57_Eps025_T50_5IT_6Jul.dat,0.25,True,9,2,0.04578561410322661,5
NewFloq_REF_Man57_Eps025_T50_5IT_6Jul.dat,0.25,True,9,3,0.012237502132911143,5
NewFloq_REF_Man57_Eps025_T50_5IT_6Jul.dat,0.25,True,9,4,0.0257158129599439,5
NewFloq_REF_Man57_Eps025_T50_5IT_6Jul.dat,0.25,True,9,5,0.023697370321140485,5
NewFloq_REF_Man57_Eps025_T50_5IT_6Jul.dat,0.25,True,9,6,0.03280659750217419,4
NewFloq_REF_Man57_Eps025_T50_5IT_6Jul.dat,0.25,True,9,7,0.012244566958660932,4
NewFloq_REF_Man57_Eps025_T50_5IT_6Jul.dat,0.25,True,9,8,0.03281665104713204,4
NewFloq_REF_Man57_Eps025_T50_5IT_6Jul.dat,0.25,True,10,0,0.08768832739933519,5
NewFloq_REF_Man57_Eps025_T50_5IT_6Jul.dat,0.25,True,10,1,0.10755100855117808,4
NewFloq_REF_Man57_Eps025_T50_5IT_6Jul.dat,0.25,True,10,2,0.07072384780795817,4
NewFloq_REF_Man57_Eps025_T50_5IT_6Jul.dat,0.25,True,10,3,0.13165241031186845,4
NewFloq_REF_Man57_Eps025_T50_5IT_6Jul.dat,0.25,True,10,4,0.093722211484489,4
NewFloq_REF_Man57_Eps025_T50_5IT_6Jul.dat,0.25,True,10,5,0.10191352293741461,4
NewFloq_REF_Man57_Eps025_T50_5IT_6Jul.dat,0.25,True,10,6,0.09651770905578635,4
NewFloq_REF_Man57_Eps025_T50_5IT_6Jul.dat,0.25,True,10,7,0.1340237923837867,4
NewFloq_REF_Man57_Eps025_T50_5IT_6Jul.dat,0.25,True,10,8,0.06443525402858329,4
NewFloq_REF_Man57_Eps025_T50_5IT_6Jul.dat,0.25,True,10,9,0.10303601259384311,4
NewFloq_REF_Man57_Eps02_T50_5IT_16Aug.dat,0.2,True,1,0,0.013130448668703658,50
NewFloq_REF_Man57_Eps02_T50_5IT_16Aug.dat,0.2,True,2,0,0.26512498282056757,25
NewFloq_REF_Man57_Eps02_T50_5IT_16Aug.dat,0.2,True,2,1,0.26036464631605094,24
NewFloq_REF_Man57_Eps02_T50_5IT_16Aug.dat,0.2,True,3,0,0.012822315214250918,16
NewFloq_REF_Man57_Eps02_T50_5IT_16Aug.dat,0.2,True,3,1,0.01745386234082626,16
NewFloq_REF_Man57_Eps02_T50_5IT_16Aug.dat,0.2,True,3,2,0.020263152199394965,16
NewFloq_REF_Man57_Eps02_T50_5IT_16Aug.dat,0.2,True,4,0,0.21807751776221862,12
NewFloq_REF_Man57_Eps02_T50_5IT_16Aug.dat,0.2,True,4,1,0.23446133681839265,12
NewFloq_REF_Man57_Eps02_T50_5IT_16Aug.dat,0.2,True,4,2,0.2304390491375119,12
NewFloq_REF_Man57_Eps02_T50_5IT_16Aug.dat,0.2,True,4,3,0.22385105910694003,11
NewFloq_REF_Man57_Eps02_T50_5IT_16Aug.dat,0.2,True,5,0,0.027573101436275883,10
NewFloq_REF_Man57_Eps02_T50_5IT_16Aug.dat,0.2,True,5,1,0.022543659889989107,9
NewFloq_REF_Man57_Eps02_T50_5IT_16Aug.dat,0.2,True,5,2,0.014264610540569779,9
NewFloq_REF_Man57_Eps02_T50_5IT_16Aug.dat,0.2,True,5,3,0.02148823935007655,9
NewFloq_REF_Man57_Eps02_T50_5IT_16Aug.dat,0.2,True,5,4,0.025717918192419892,9
NewFloq_REF_Man57_Eps02_T50_5IT_16Aug.dat,0.2,True,6,0,0.20713656322016183,8
NewFloq_REF_Man57_Eps02_T50_5IT_16Aug.dat,0.2,True,6,1,0.20522381583481852,8
NewFloq_REF_Man57_Eps02_T50_5IT_16Aug.dat,0.2,True,6,2,0.2039517238563714,8
NewFloq_REF_Man57_Eps02_T50_5IT_16Aug.dat,0.2,True,6,3,0.21068953976704188,7
NewFloq_REF_Man57_Eps02_T50_5IT_16Aug.dat,0.2,True,6,4,0.19458749935857902,7
NewFloq_REF_Man57_Eps02_T50_5IT_16Aug.dat,0.2,True,6,5,0.20370422839314067,7
NewFloq_REF_Man57_Eps02_T50_5IT_16Aug.dat,0.2,True,7,0,0.022575874549726625,7
NewFloq_REF_Man57_Eps02_T50_5IT_16Aug.dat,0.2,True,7,1,0.030034306909496027,7
NewFloq_REF_Man57_Eps02_T50_5IT_16Aug.dat,0.2,True,7,2,0.030747443521826134,6
NewFloq_REF_Man57_Eps02_T50_5IT_16Aug.dat,0.2,True,7,3,0.02336353950405601,6
NewFloq_REF_Man57_Eps02_T50_5IT_16Aug.dat,0.2,True,7,4,0.021527674342747913,6
NewFloq_REF_Man57_Eps02_T50_5IT_16Aug.dat,0.2,True,7,5,0.02607565710930063,6
NewFloq_REF_Man57_Eps02_T50_5IT_16Aug.dat,0.2,True,7,6,0.02887111423663773,6
NewFloq_REF_Man57_Eps02_T50_5IT_16Aug.dat,0.2,True,8,0,0.17822509528559508,6
NewFloq_REF_Man57_Eps02_T50_5IT_16Aug.dat,0.2,True,8,1,0.18764464679211865,6
NewFloq_REF_Man57_Eps02_T50_5IT_16Aug.dat,0.2,True,8,2,0.18161644174583544,6
NewFloq_REF_Man57_Eps02_T50_5IT_16Aug.dat,0.2,True,8,3,0.17875246539942674,5
NewFloq_REF_Man57_Eps02_T50_5IT_16Aug.dat,0.2,True,8,4,0.15796795275341818,5
NewFloq_REF_Man57_Eps02_T50_5IT_16Aug.dat,0.2,True,8,5,0.2053324892674901,5
NewFloq_REF_Man57_Eps02_T50_5IT_16Aug.dat,0.2,True,8,6,0.2254573419496598,5
NewFloq_REF_Man57_Eps02_T50_5IT_16Aug.dat,0.2,True,8,7,0.1916085895038783,5
NewFloq_REF_Man57_Eps02_T50_5IT_16Aug.dat,0.2,True,9,0,0.03289094846277504,5
NewFloq_REF_Man57_Eps02_T50_5IT_16Aug.dat,0.2,True,9,1,0.023275913431256325,5
NewFloq_REF_Man57_Eps02_T50_5IT_16Aug.dat,0.2,True,9,2,0.01839025927938486,5
NewFloq_REF_Man57_Eps02_T50_5IT_16Aug.dat,0.2,True,9,3,0.022779482009731688,5
NewFloq_REF_Man57_Eps02_T50_5IT_16Aug.dat,0.2,True,9,4,0.037795216650792586,5
NewFloq_REF_Man57_Eps02_T50_5IT_16Aug.dat,0.2,True,9,5,0.037411533981819844,5
NewFloq_REF_Man57_Eps02_T50_5IT_16Aug.dat,0.2,True,9,6,0.028944349708316424,4
NewFloq_REF_Man57_Eps02_T50_5IT_16Aug.dat,0.2,True,9,7,0.03552719578641702,4
NewFloq_REF_Man57_Eps02_T50_5IT_16Aug.dat,0.2,True,9,8,0.042212921150283134,4
NewFloq_REF_Man57_Eps02_T50_5IT_16Aug.dat,0.2,True,10,0,0.14220478579730256,5
NewFloq_REF_Man57_Eps02_T50_5IT_16Aug.dat,0.2,True,10,1,0.1579464827280329,4
NewFloq_REF_Man57_Eps02_T50_5IT_16Aug.dat,0.2,True,10,2,0.15460835007540483,4
NewFloq_REF_Man57_Eps02_T50_5IT_16Aug.dat,0.2,True,10,3,0.18338816483001472,4
NewFloq_REF_Man57_Eps02_T50_5IT_16Aug.dat,0.2,True,10,4,0.16384518213496652,4
NewFloq_REF_Man57_Eps02_T50_5IT_16Aug.dat,0.2,True,10,5,0.19564607485832214,4
NewFloq_REF_Man57_Eps02_T50_5IT_16Aug.dat,0.2,True,10,6,0.17966131650423403,4
NewFloq_REF_Man57_Eps02_T50_5IT_16Aug.dat,0.2,True,10,7,0.20247369739887955,4
NewFloq_REF_Man57_Eps02_T50_5IT_16Aug.dat,0.2,True,10,8,0.19588879307704155,4
NewFloq_REF_Man57_Eps02_T50_5IT_16Aug.dat,0.2,True,10,9,0.16672621777948218,4
NewFloq_REF_Man57_Eps02_T50_5IT_20Aug.dat,0.2,True,1,0,0.0541160223759464,50
NewFloq_REF_Man57_Eps02_T50_5IT_20Aug.dat,0.2,True,2,0,0.26035531091810143,25
NewFloq_REF_Man57_Eps02_T50_5IT_20Aug.dat,0.2,True,2,1,0.30376736179946917,24
NewFloq_REF_Man57_Eps02_T50_5IT_20Aug.dat,0.2,True,3,0,0.06837082126675285,16
NewFloq_REF_Man57_Eps02_T50_5IT_20Aug.dat,0.2,True,3,1,0.024141083955666918,16
NewFloq_REF_Man57_Eps02_T50_5IT_20Aug.dat,0.2,True,3,2,0.04880392818235345,16
NewFloq_REF_Man57_Eps02_T50_5IT_20Aug.dat,0.2,True,4,0,0.18639554106654777,12
NewFloq_REF_Man57_Eps02_T50_5IT_20Aug.dat,0.2,True,4,1,0.23534754276165917,12
NewFloq_REF_Man57_Eps02_T50_5IT_20Aug.dat,0.2,True,4,2,0.14969063145741332,12
NewFloq_REF_Man57_Eps02_T50_5IT_20Aug.dat,0.2,True,4,3,0.2356055066015329,11
NewFloq_REF_Man57_Eps02_T50_5IT_20Aug.dat,0.2,True,5,0,0.0579457270345744,10
NewFloq_REF_Man57_Eps02_T50_5IT_20Aug.dat,0.2,True,5,1,0.016290808531339733,9
NewFloq_REF_Man57_Eps02_T50_5IT_20Aug.dat,0.2,True,5,2,0.05021174379748852,9
NewFloq_REF_Man57_Eps02_T50_5IT_20Aug.dat,0.2,True,5,3,0.03734968658936751,9
NewFloq_REF_Man57_Eps02_T50_5IT_20Aug.dat,0.2,True,5,4,0.025597821952259722,9
NewFloq_REF_Man57_Eps02_T50_5IT_20Aug.dat,0.2,True,6,0,0.16850140945199393,8
NewFloq_REF_Man57_Eps02_T50_5IT_20Aug.dat,0.2,True,6,1,0.20702197719634166,8
NewFloq_REF_Man57_Eps02_T50_5IT_20Aug.dat,0.2,True,6,2,0.14088587473334208,8
NewFloq_REF_Man57_Eps02_T50_5IT_20Aug.dat,0.2,True,6,3,0.17687067204676654,7
NewFloq_REF_Man57_Eps02_T50_5IT_20Aug.dat,0.2,True,6,4,0.1738938348630749,7
NewFloq_REF_Man57_Eps02_T50_5IT_20Aug.dat,0.2,True,6,5,0.19713018598169077,7
NewFloq_REF_Man57_Eps02_T50_5IT_20Aug.dat,0.2,True,7,0,0.05418787272594204,7
NewFloq_REF_Man57_Eps02_T50_5IT_20Aug.dat,0.2,True,7,1,0.04500365250161238,7
NewFloq_REF_Man57_Eps02_T50_5IT_20Aug.dat,0.2,True,7,2,0.022527052066892636,6
NewFloq_REF_Man57_Eps02_T50_5IT_20Aug.dat,0.2,True,7,3,0.0197045728321021,6
NewFloq_REF_Man57_Eps02_T50_5IT_20Aug.dat,0.2,True,7,4,0.024173884981803274,6
NewFloq_REF_Man57_Eps02_T50_5IT_20Aug.dat,0.2,True,7,5,0.027434535207926377,6
NewFloq_REF_Man57_Eps02_T50_5IT_20Aug.dat,0.2,True,7,6,0.047394735018601475,6
NewFloq_REF_Man57_Eps02_T50_5IT_20Aug.dat,0.2,True,8,0,0.11583265884608795,6
NewFloq_REF_Man57_Eps02_T50_5IT_20Aug.dat,0.2,True,8,1,0.16813934959528154,6
NewFloq_REF_Man57_Eps02_T50_5IT_20Aug.dat,0.2,True,8,2,0.13471271558935446,6
NewFloq_REF_Man57_Eps02_T50_5IT_20Aug.dat,0.2,True,8,3,0.15172148392635365,5
NewFloq_REF_Man57_Eps02_T50_5IT_20Aug.dat,0.2,True,8,4,0.1319789658014753,5
NewFloq_REF_Man57_Eps02_T50_5IT_20Aug.dat,0.2,True,8,5,0.15333532721985632,5
NewFloq_REF_Man57_Eps02_T50_5IT_20Aug.dat,0.2,True,8,6,0.1543826447816986,5
NewFloq_REF_Man57_Eps02_T50_5IT_20Aug.dat,0.2,True,8,7,0.17047187007202386,5
NewFloq_REF_Man57_Eps02_T50_5IT_20Aug.dat,0.2,True,9,0,0.024250786402535175,5
NewFloq_REF_Man57_Eps02_T50_5IT_20Aug.dat,0.2,True,9,1,0.02342743283764747,5
NewFloq_REF_Man57_Eps02_T50_5IT_20Aug.dat,0.2,True,9,2,0.016362156687503175,5
NewFloq_REF_Man57_Eps02_T50_5IT_20Aug.dat,0.2,True,9,3,0.04084885836772777,5
NewFloq_REF_Man57_Eps02_T50_5IT_20Aug.dat,0.2,True,9,4,0.029739170451844387,5
NewFloq_REF_Man57_Eps02_T50_5IT_20Aug.dat,0.2,True,9,5,0.05110223992792919,5
NewFloq_REF_Man57_Eps02_T50_5IT_20Aug.dat,0.2,True,9,6,0.03411034471136676,4
NewFloq_REF_Man57_Eps02_T50_5IT_20Aug.dat,0.2,True,9,7,0.0275862809248471,4
NewFloq_REF_Man57_Eps02_T50_5IT_20Aug.dat,0.2,True,9,8,0.02808433313981274,4
NewFloq_REF_Man57_Eps02_T50_5IT_20Aug.dat,0.2,True,10,0,0.08576401967251188,5
NewFloq_REF_Man57_Eps02_T50_5IT_20Aug.dat,0.2,True,10,1,0.12363384334022981,4
NewFloq_REF_Man57_Eps02_T50_5IT_20Aug.dat,0.2,True,10,2,0.08764170529351104,4
NewFloq_REF_Man57_Eps02_T50_5IT_20Aug.dat,0.2,True,10,3,0.14311494263506624,4
NewFloq_REF_Man57_Eps02_T50_5IT_20Aug.dat,0.2,True,10,4,0.13007205363994734,4
NewFloq_REF_Man57_Eps02_T50_5IT_20Aug.dat,0.2,True,10,5,0.1323985356847398,4
NewFloq_REF_Man57_Eps02_T50_5IT_20Aug.dat,0.2,True,10,6,0.1309914344645455,4
NewFloq_REF_Man57_Eps02_T50_5IT_20Aug.dat,0.2,True,10,7,0.14558270172531435,4
NewFloq_REF_Man57_Eps02_T50_5IT_20Aug.dat,0.2,True,10,8,0.11317805514234956,4
NewFloq_REF_Man57_Eps02_T50_5IT_20Aug.dat,0.2,True,10,9,0.147347468753579,4
NewFloq_REF_Man57_Eps02_T50_5IT_5Jul.dat,0.2,True,1,0,0.029705943302287218,50
NewFloq_REF_Man57_Eps02_T50_5IT_5Jul.dat,0.2,True,2,0,0.24299886027244377,25
NewFloq_REF_Man57_Eps02_T50_5IT_5Jul.dat,0.2,True,2,1,0.26245196509696084,24
NewFloq_REF_Man57_Eps02_T50_5IT_5Jul.dat,0.2,True,3,0,0.033803122883988415,16
NewFloq_REF_Man57_Eps02_T50_5IT_5Jul.dat,0.2,True,3,1,0.03971030838861814,16
NewFloq_REF_Man57_Eps02_T50_5IT_5Jul.dat,0.2,True,3,2,0.03306051077819071,16
NewFloq_REF_Man57_Eps02_T50_5IT_5Jul.dat,0.2,True,4,0,0.21149398654956394,12
NewFloq_REF_Man57_Eps02_T50_5IT_5Jul.dat,0.2,True,4,1,0.20408808354732463,12
NewFloq_REF_Man57_Eps02_T50_5IT_5Jul.dat,0.2,True,4,2,0.1842929716075363,12
NewFloq_REF_Man57_Eps02_T50_5IT_5Jul.dat,0.2,True,4,3,0.20880334464081507,11
NewFloq_REF_Man57_Eps02_T50_5IT_5Jul.dat,0.2,True,5,0,0.03626831373322036,10
NewFloq_REF_Man57_Eps02_T50_5IT_5Jul.dat,0.2,True,5,1,0.04146500646370563,9
NewFloq_REF_Man57_Eps02_T50_5IT_5Jul.dat,0.2,True,5,2,0.04464721401160452,9
NewFloq_REF_Man57_Eps02_T50_5IT_5Jul.dat,0.2,True,5,3,0.031073099037895117,9
NewFloq_REF_Man57_Eps02_T50_5IT_5Jul.dat,0.2,True,5,4,0.05612457460617784,9
NewFloq_REF_Man57_Eps02_T50_5IT_5Jul.dat,0.2,True,6,0,0.18709022327823965,8
NewFloq_REF_Man57_Eps02_T50_5IT_5Jul.dat,0.2,True,6,1,0.17759994475835045,8
NewFloq_REF_Man57_Eps02_T50_5IT_5Jul.dat,0.2,True,6,2,0.15939938176369642,8
NewFloq_REF_Man57_Eps02_T50_5IT_5Jul.dat,0.2,True,6,3,0.18526516282822714,7
NewFloq_REF_Man57_Eps02_T50_5IT_5Jul.dat,0.2,True,6,4,0.16159589607145516,7
NewFloq_REF_Man57_Eps02_T50_5IT_5Jul.dat,0.2,True,6,5,0.18714407115695544,7
NewFloq_REF_Man57_Eps02_T50_5IT_5Jul.dat,0.2,True,7,0,0.03949143270547839,7
NewFloq_REF_Man57_Eps02_T50_5IT_5Jul.dat,0.2,True,7,1,0.04904329930476063,7
NewFloq_REF_Man57_Eps02_T50_5IT_5Jul.dat,0.2,True,7,2,0.06808466299412008,6
NewFloq_REF_Man57_Eps02_T50_5IT_5Jul.dat,0.2,True,7,3,0.037439500041463264,6
NewFloq_REF_Man57_Eps02_T50_5IT_5Jul.dat,0.2,True,7,4,0.0499870491498701,6
NewFloq_REF_Man57_Eps02_T50_5IT_5Jul.dat,0.2,True,7,5,0.027731205711232988,6
NewFloq_REF_Man57_Eps02_T50_5IT_5Jul.dat,0.2,True,7,6,0.06119661501508148,6
NewFloq_REF_Man57_Eps02_T50_5IT_5Jul.dat,0.2,True,8,0,0.14861429275246196,6
NewFloq_REF_Man57_Eps02_T50_5IT_5Jul.dat,0.2,True,8,1,0.15677240160303654,6
NewFloq_REF_Man57_Eps02_T50_5IT_5Jul.dat,0.2,True,8,2,0.1322634360053814,6
NewFloq_REF_Man57_Eps02_T50_5IT_5Jul.dat,0.2,True,8,3,0.16097088724524672,5
NewFloq_REF_Man57_Eps02_T50_5IT_5Jul.dat,0.2,True,8,4,0.15443870027657436,5
NewFloq_REF_Man57_Eps02_T50_5IT_5Jul.dat,0.2,True,8,5,0.1678351149258285,5
NewFloq_REF_Man57_Eps02_T50_5IT_5Jul.dat,0.2,True,8,6,0.14892766311313363,5
NewFloq_REF_Man57_Eps02_T50_5IT_5Jul.dat,0.2,True,8,7,0.17320689822715735,5
NewFloq_REF_Man57_Eps02_T50_5IT_5Jul.dat,0.2,True,9,0,0.05060839875618348,5
NewFloq_REF_Man57_Eps02_T50_5IT_5Jul.dat,0.2,True,9,1,0.051632284146712684,5
NewFloq_REF_Man57_Eps02_T50_5IT_5Jul.dat,0.2,True,9,2,0.03833453641150954,5
NewFloq_REF_Man57_Eps02_T50_5IT_5Jul.dat,0.2,True,9,3,0.06451360893948835,5
NewFloq_REF_Man57_Eps02_T50_5IT_5Jul.dat,0.2,True,9,4,0.04574475991362659,5
NewFloq_REF_Man57_Eps02_T50_5IT_5Jul.dat,0.2,True,9,5,0.0579635068442762,5
NewFloq_REF_Man57_Eps02_T50_5IT_5Jul.dat,0.2,True,9,6,0.03768393932788977,4
NewFloq_REF_Man57_Eps02_T50_5IT_5Jul.dat,0.2,True,9,7,0.08750431545528352,4
NewFloq_REF_Man57_Eps02_T50_5IT_5Jul.dat,0.2,True,9,8,0.04400727635863635,4
NewFloq_REF_Man57_Eps02_T50_5IT_5Jul.dat,0.2,True,10,0,0.13082841546218235,5
NewFloq_REF_Man57_Eps02_T50_5IT_5Jul.dat,0.2,True,10,1,0.12326436658960356,4
NewFloq_REF_Man57_Eps02_T50_5IT_5Jul.dat,0.2,True,10,2,0.09793207122806405,4
NewFloq_REF_Man57_Eps02_T50_5IT_5Jul.dat,0.2,True,10,3,0.17961277199522194,4
NewFloq_REF_Man57_Eps02_T50_5IT_5Jul.dat,0.2,True,10,4,0.1411933431412727,4
NewFloq_REF_Man57_Eps02_T50_5IT_5Jul.dat,0.2,True,10,5,0.18170733059002891,4
NewFloq_REF_Man57_Eps02_T50_5IT_5Jul.dat,0.2,True,10,6,0.15073744316565674,4
NewFloq_REF_Man57_Eps02_T50_5IT_5Jul.dat,0.2,True,10,7,0.14351845705448174,4
NewFloq_REF_Man57_Eps02_T50_5IT_5Jul.dat,0.2,True,10,8,0.13437010364899013,4
NewFloq_REF_Man57_Eps02_T50_5IT_5Jul.dat,0.2,True,10,9,0.13300355251406526,4
NewFloq_REF_Man57_Eps035_T50_5IT_16Jul.dat,0.35,True,1,0,0.012818809968402576,50
NewFloq_REF_Man57_Eps035_T50_5IT_16Jul.dat,0.35,True,2,0,0.05845806663481792,25
NewFloq_REF_Man57_Eps035_T50_5IT_16Jul.dat,0.35,True,2,1,0.05227720810302381,24
NewFloq_REF_Man57_Eps035_T50_5IT_16Jul.dat,0.35,True,3,0,0.012252272232687118,16
NewFloq_REF_Man57_Eps035_T50_5IT_16Jul.dat,0.35,True,3,1,0.013396748224671327,16
NewFloq_REF_Man57_Eps035_T50_5IT_16Jul.dat,0.35,True,3,2,0.009854097078581541,16
NewFloq_REF_Man57_Eps035_T50_5IT_16Jul.dat,0.35,True,4,0,0.03196163375417371,12
NewFloq_REF_Man57_Eps035_T50_5IT_16Jul.dat,0.35,True,4,1,0.031053736172076976,12
NewFloq_REF_Man57_Eps035_T50_5IT_16Jul.dat,0.35,True,4,2,0.029283288940463937,12
NewFloq_REF_Man57_Eps035_T50_5IT_16Jul.dat,0.35,True,4,3,0.029920479822084754,11
NewFloq_REF_Man57_Eps035_T50_5IT_16Jul.dat,0.35,True,5,0,0.009289513159814255,10
NewFloq_REF_Man57_Eps035_T50_5IT_16Jul.dat,0.35,True,5,1,0.00977722342424192,9
NewFloq_REF_Man57_Eps035_T50_5IT_16Jul.dat,0.35,True,5,2,0.009760367760294198,9
NewFloq_REF_Man57_Eps035_T50_5IT_16Jul.dat,0.35,True,5,3,0.00884015418818981,9
NewFloq_REF_Man57_Eps035_T50_5IT_16Jul.dat,0.35,True,5,4,0.0085466098096654,9
NewFloq_REF_Man57_Eps035_T50_5IT_16Jul.dat,0.35,True,6,0,0.017786561268189737,8
NewFloq_REF_Man57_Eps035_T50_5IT_16Jul.dat,0.35,True,6,1,0.02154968656285982,8
NewFloq_REF_Man57_Eps035_T50_5IT_16Jul.dat,0.35,True,6,2,0.018475387233967046,8
NewFloq_REF_Man57_Eps035_T50_5IT_16Jul.dat,0.35,True,6,3,0.02179880688796679,7
NewFloq_REF_Man57_Eps035_T50_5IT_16Jul.dat,0.35,True,6,4,0.019612548033031696,7
NewFloq_REF_Man57_Eps035_T50_5IT_16Jul.dat,0.35,True,6,5,0.01620791312077289,7
NewFloq_REF_Man57_Eps035_T50_5IT_16Jul.dat,0.35,True,7,0,0.007158222842150344,7
NewFloq_REF_Man57_Eps035_T50_5IT_16Jul.dat,0.35,True,7,1,0.00786303945653649,7
NewFloq_REF_Man57_Eps035_T50_5IT_16Jul.dat,0.35,True,7,2,0.00805423149935112,6
NewFloq_REF_Man57_Eps035_T50_5IT_16Jul.dat,0.35,True,7,3,0.007825255540512168,6
NewFloq_REF_Man57_Eps035_T50_5IT_16Jul.dat,0.35,True,7,4,0.006461476909483178,6
NewFloq_REF_Man57_Eps035_T50_5IT_16Jul.dat,0.35,True,7,5,0.008004130135748345,6
NewFloq_REF_Man57_Eps035_T50_5IT_16Jul.dat,0.35,True,7,6,0.008116720521152929,6
NewFloq_REF_Man57_Eps035_T50_5IT_16Jul.dat,0.35,True,8,0,0.010263230906780304,6
NewFloq_REF_Man57_Eps035_T50_5IT_16Jul.dat,0.35,True,8,1,0.013907784648534477,6
NewFloq_REF_Man57_Eps035_T50_5IT_16Jul.dat,0.35,True,8,2,0.013494244393318889,6
NewFloq_REF_Man57_Eps035_T50_5IT_16Jul.dat,0.35,True,8,3,0.013333704244535552,5
NewFloq_REF_Man57_Eps035_T50_5IT_16Jul.dat,0.35,True,8,4,0.014942544369901717,5
NewFloq_REF_Man57_Eps035_T50_5IT_16Jul.dat,0.35,True,8,5,0.013381087544420248,5
NewFloq_REF_Man57_Eps035_T50_5IT_16Jul.dat,0.35,True,8,6,0.01376927768969471,5
NewFloq_REF_Man57_Eps035_T50_5IT_16Jul.dat,0.35,True,8,7,0.013670182254575608,5
NewFloq_REF_Man57_Eps035_T50_5IT_16Jul.dat,0.35,True,9,0,0.0064499776086897696,5
NewFloq_REF_Man57_Eps035_T50_5IT_16Jul.dat,0.35,True,9,1,0.007700947679411828,5
NewFloq_REF_Man57_Eps035_T50_5IT_16Jul.dat,0.35,True,9,2,0.005743403584219557,5
NewFloq_REF_Man57_Eps035_T50_5IT_16Jul.dat,0.35,True,9,3,0.00739640674531834,5
NewFloq_REF_Man57_Eps035_T50_5IT_16Jul.dat,0.35,True,9,4,0.00620623464918144,5
NewFloq_REF_Man57_Eps035_T50_5IT_16Jul.dat,0.35,True,9,5,0.005150352769485837,5
NewFloq_REF_Man57_Eps035_T50_5IT_16Jul.dat,0.35,True,9,6,0.006982463523146803,4
NewFloq_REF_Man57_Eps035_T50_5IT_16Jul.dat,0.35,True,9,7,0.007193479844126195,4
NewFloq_REF_Man57_Eps035_T50_5IT_16Jul.dat,0.35,True,9,8,0.006126885727394031,4
NewFloq_REF_Man57_Eps035_T50_5IT_16Jul.dat,0.35,True,10,0,0.00918179153381014,5
NewFloq_REF_Man57_Eps035_T50_5IT_16Jul.dat,0.35,True,10,1,0.011255713651117865,4
NewFloq_REF_Man57_Eps035_T50_5IT_16Jul.dat,0.35,True,10,2,0.010903223721899764,4
NewFloq_REF_Man57_Eps035_T50_5IT_16Jul.dat,0.35,True,10,3,0.010607542028136411,4
NewFloq_REF_Man57_Eps035_T50_5IT_16Jul.dat,0.35,True,10,4,0.009151385012736359,4
NewFloq_REF_Man57_Eps035_T50_5IT_16Jul.dat,0.35,True,10,5,0.01116121388647482,4
NewFloq_REF_Man57_Eps035_T50_5IT_16Jul.dat,0.35,True,10,6,0.009164850227407088,4
NewFloq_REF_Man57_Eps035_T50_5IT_16Jul.dat,0.35,True,10,7,0.010049833968823989,4
NewFloq_REF_Man57_Eps035_T50_5IT_16Jul.dat,0.35,True,10,8,0.010649614147959983,4
NewFloq_REF_Man57_Eps035_T50_5IT_16Jul.dat,0.35,True,10,9,0.008153647193812915,4
NewFloq_REF_Man57_Eps03_T50_5IT_15Jul.dat,0.3,True,1,0,0.005326764574002631,50
NewFloq_REF_Man57_Eps03_T50_5IT_15Jul.dat,0.3,True,2,0,0.1359713963598549,25
NewFloq_REF_Man57_Eps03_T50_5IT_15Jul.dat,0.3,True,2,1,0.12372728504385411,24
NewFloq_REF_Man57_Eps03_T50_5IT_15Jul.dat,0.3,True,3,0,0.00920363771210719,16
NewFloq_REF_Man57_Eps03_T50_5IT_15Jul.dat,0.3,True,3,1,0.009068249001222627,16
NewFloq_REF_Man57_Eps03_T50_5IT_15Jul.dat,0.3,True,3,2,0.008723417343416322,16
NewFloq_REF_Man57_Eps03_T50_5IT_15Jul.dat,0.3,True,4,0,0.10041536541847566,12
NewFloq_REF_Man57_Eps03_T50_5IT_15Jul.dat,0.3,True,4,1,0.0945948188265195,12
NewFloq_REF_Man57_Eps03_T50_5IT_15Jul.dat,0.3,True,4,2,0.0985167977802463,12
NewFloq_REF_Man57_Eps03_T50_5IT_15Jul.dat,0.3,True,4,3,0.09075232245617168,11
NewFloq_REF_Man57_Eps03_T50_5IT_15Jul.dat,0.3,True,5,0,0.010131166104176047,10
NewFloq_REF_Man57_Eps03_T50_5IT_15Jul.dat,0.3,True,5,1,0.012218595864245192,9
NewFloq_REF_Man57_Eps03_T50_5IT_15Jul.dat,0.3,True,5,2,0.011161660522143802,9
NewFloq_REF_Man57_Eps03_T50_5IT_15Jul.dat,0.3,True,5,3,0.007814128372424923,9
NewFloq_REF_Man57_Eps03_T50_5IT_15Jul.dat,0.3,True,5,4,0.010847150468228504,9
NewFloq_REF_Man57_Eps03_T50_5IT_15Jul.dat,0.3,True,6,0,0.07739633072841676,8
NewFloq_REF_Man57_Eps03_T50_5IT_15Jul.dat,0.3,True,6,1,0.07795527159535169,8
NewFloq_REF_Man57_Eps03_T50_5IT_15Jul.dat,0.3,True,6,2,0.08041449010790158,8
NewFloq_REF_Man57_Eps03_T50_5IT_15Jul.dat,0.3,True,6,3,0.07713929131907084,7
NewFloq_REF_Man57_Eps03_T50_5IT_15Jul.dat,0.3,True,6,4,0.07804421892308477,7
NewFloq_REF_Man57_Eps03_T50_5IT_15Jul.dat,0.3,True,6,5,0.07281537846135804,7
NewFloq_REF_Man57_Eps03_T50_5IT_15Jul.dat,0.3,True,7,0,0.009664552201467625,7
NewFloq_REF_Man57_Eps03_T50_5IT_15Jul.dat,0.3,True,7,1,0.009191907678247976,7
NewFloq_REF_Man57_Eps03_T50_5IT_15Jul.dat,0.3,True,7,2,0.01400383476015134,6
NewFloq_REF_Man57_Eps03_T50_5IT_15Jul.dat,0.3,True,7,3,0.012925736018598538,6
NewFloq_REF_Man57_Eps03_T50_5IT_15Jul.dat,0.3,True,7,4,0.014405737534911721,6
NewFloq_REF_Man57_Eps03_T50_5IT_15Jul.dat,0.3,True,7,5,0.013182762140272456,6
NewFloq_REF_Man57_Eps03_T50_5IT_15Jul.dat,0.3,True,7,6,0.008317146744117,6
NewFloq_REF_Man57_Eps03_T50_5IT_15Jul.dat,0.3,True,8,0,0.06628581666863627,6
NewFloq_REF_Man57_Eps03_T50_5IT_15Jul.dat,0.3,True,8,1,0.06354397237798402,6
NewFloq_REF_Man57_Eps03_T50_5IT_15Jul.dat,0.3,True,8,2,0.06784867037241153,6
NewFloq_REF_Man57_Eps03_T50_5IT_15Jul.dat,0.3,True,8,3,0.06148499728184882,5
NewFloq_REF_Man57_Eps03_T50_5IT_15Jul.dat,0.3,True,8,4,0.06313660162607891,5
NewFloq_REF_Man57_Eps03_T50_5IT_15Jul.dat,0.3,True,8,5,0.06946727600679717,5
NewFloq_REF_Man57_Eps03_T50_5IT_15Jul.dat,0.3,True,8,6,0.07000249758017343,5
NewFloq_REF_Man57_Eps03_T50_5IT_15Jul.dat,0.3,True,8,7,0.06930772038379206,5
NewFloq_REF_Man57_Eps03_T50_5IT_15Jul.dat,0.3,True,9,0,0.014867595094235412,5
NewFloq_REF_Man57_Eps03_T50_5IT_15Jul.dat,0.3,True,9,1,0.013819938071029571,5
NewFloq_REF_Man57_Eps03_T50_5IT_15Jul.dat,0.3,True,9,2,0.016891652085210228,5
NewFloq_REF_Man57_Eps03_T50_5IT_15Jul.dat,0.3,True,9,3,0.014586678323336433,5
NewFloq_REF_Man57_Eps03_T50_5IT_15Jul.dat,0.3,True,9,4,0.007172644583951683,5
NewFloq_REF_Man57_Eps03_T50_5IT_15Jul.dat,0.3,True,9,5,0.008706518553262701,5
NewFloq_REF_Man57_Eps03_T50_5IT_15Jul.dat,0.3,True,9,6,0.010137461588930072,4
NewFloq_REF_Man57_Eps03_T50_5IT_15Jul.dat,0.3,True,9,7,0.01193371639796134,4
NewFloq_REF_Man57_Eps03_T50_5IT_15Jul.dat,0.3,True,9,8,0.013146829228932334,4
NewFloq_REF_Man57_Eps03_T50_5IT_15Jul.dat,0.3,True,10,0,0.05281124766507552,5
NewFloq_REF_Man57_Eps03_T50_5IT_15Jul.dat,0.3,True,10,1,0.04951059104246423,4
NewFloq_REF_Man57_Eps03_T50_5IT_15Jul.dat,0.3,True,10,2,0.051427930692682235,4
NewFloq_REF_Man57_Eps03_T50_5IT_15Jul.dat,0.3,True,10,3,0.06409865403326306,4
NewFloq_REF_Man57_Eps03_T50_5IT_15Jul.dat,0.3,True,10,4,0.06747736642472332,4
NewFloq_REF_Man57_Eps03_T50_5IT_15Jul.dat,0.3,True,10,5,0.06148833064463846,4
NewFloq_REF_Man57_Eps03_T50_5IT_15Jul.dat,0.3,True,10,6,0.06577903999563126,4
NewFloq_REF_Man57_Eps03_T50_5IT_15Jul.dat,0.3,True,10,7,0.06282995088324853,4
NewFloq_REF_Man57_Eps03_T50_5IT_15Jul.dat,0.3,True,10,8,0.06550179174907367,4
NewFloq_REF_Man57_Eps03_T50_5IT_15Jul.dat,0.3,True,10,9,0.05754825132776855,4
NewFloq_REF_Man57_Eps045_T50_5IT_16Jul.dat,0.45,True,1,0,0.05021895600969655,50
NewFloq_REF_Man57_Eps045_T50_5IT_16Jul.dat,0.45,True,2,0,0.05328846842290135,25
NewFloq_REF_Man57_Eps045_T50_5IT_16Jul.dat,0.45,True,2,1,0.06003000306570657,24
NewFloq_REF_Man57_Eps045_T50_5IT_16Jul.dat,0.45,True,3,0,0.042270382624415875,16
NewFloq_REF_Man57_Eps045_T50_5IT_16Jul.dat,0.45,True,3,1,0.042490229072197294,16
NewFloq_REF_Man57_Eps045_T50_5IT_16Jul.dat,0.45,True,3,2,0.04073845479158049,16
NewFloq_REF_Man57_Eps045_T50_5IT_16Jul.dat,0.45,True,4,0,0.04400997307999041,12
NewFloq_REF_Man57_Eps045_T50_5IT_16Jul.dat,0.45,True,4,1,0.05504625930785891,12
NewFloq_REF_Man57_Eps045_T50_5IT_16Jul.dat,0.45,True,4,2,0.04027820633298811,12
NewFloq_REF_Man57_Eps045_T50_5IT_16Jul.dat,0.45,True,4,3,0.04661787621287659,11
NewFloq_REF_Man57_Eps045_T50_5IT_16Jul.dat,0.45,True,5,0,0.036647470746318064,10
NewFloq_REF_Man57_Eps045_T50_5IT_16Jul.dat,0.45,True,5,1,0.03890947820088814,9
NewFloq_REF_Man57_Eps045_T50_5IT_16Jul.dat,0.45,True,5,2,0.03509342478251058,9
NewFloq_REF_Man57_Eps045_T50_5IT_16Jul.dat,0.45,True,5,3,0.03577972978392324,9
NewFloq_REF_Man57_Eps045_T50_5IT_16Jul.dat,0.45,True,5,4,0.03504776222119654,9
NewFloq_REF_Man57_Eps045_T50_5IT_16Jul.dat,0.45,True,6,0,0.0349481090912411,8
NewFloq_REF_Man57_Eps045_T50_5IT_16Jul.dat,0.45,True,6,1,0.037695809266517034,8
NewFloq_REF_Man57_Eps045_T50_5IT_16Jul.dat,0.45,True,6,2,0.03060153579108733,8
NewFloq_REF_Man57_Eps045_T50_5IT_16Jul.dat,0.45,True,6,3,0.042522030718307444,7
NewFloq_REF_Man57_Eps045_T50_5IT_16Jul.dat,0.45,True,6,4,0.037252696413656305,7
NewFloq_REF_Man57_Eps045_T50_5IT_16Jul.dat,0.45,True,6,5,0.03742413202247326,7
NewFloq_REF_Man57_Eps045_T50_5IT_16Jul.dat,0.45,True,7,0,0.028954492652564057,7
NewFloq_REF_Man57_Eps045_T50_5IT_16Jul.dat,0.45,True,7,1,0.03295947204989596,7
NewFloq_REF_Man57_Eps045_T50_5IT_16Jul.dat,0.45,True,7,2,0.035522545282218765,6
NewFloq_REF_Man57_Eps045_T50_5IT_16Jul.dat,0.45,True,7,3,0.036579945804240864,6
NewFloq_REF_Man57_Eps045_T50_5IT_16Jul.dat,0.45,True,7,4,0.036166397957472056,6
NewFloq_REF_Man57_Eps045_T50_5IT_16Jul.dat,0.45,True,7,5,0.027723240551626314,6
NewFloq_REF_Man57_Eps045_T50_5IT_16Jul.dat,0.45,True,7,6,0.032647882136584934,6
NewFloq_REF_Man57_Eps045_T50_5IT_16Jul.dat,0.45,True,8,0,0.02919971371950343,6
NewFloq_REF_Man57_Eps045_T50_5IT_16Jul.dat,0.45,True,8,1,0.035566304821742716,6
NewFloq_REF_Man57_Eps045_T50_5IT_16Jul.dat,0.45,True,8,2,0.025115623216622782,6
NewFloq_REF_Man57_Eps045_T50_5IT_16Jul.dat,0.45,True,8,3,0.03170532916579617,5
NewFloq_REF_Man57_Eps045_T50_5IT_16Jul.dat,0.45,True,8,4,0.02882317238055976,5
NewFloq_REF_Man57_Eps045_T50_5IT_16Jul.dat,0.45,True,8,5,0.034498558333036666,5
NewFloq_REF_Man57_Eps045_T50_5IT_16Jul.dat,0.45,True,8,6,0.03687650020826934,5
NewFloq_REF_Man57_Eps045_T50_5IT_16Jul.dat,0.45,True,8,7,0.03527736377596162,5
NewFloq_REF_Man57_Eps045_T50_5IT_16Jul.dat,0.45,True,9,0,0.021040289283335005,5
NewFloq_REF_Man57_Eps045_T50_5IT_16Jul.dat,0.45,True,9,1,0.024144344002108756,5
NewFloq_REF_Man57_Eps045_T50_5IT_16Jul.dat,0.45,True,9,2,0.025885154803451337,5
NewFloq_REF_Man57_Eps045_T50_5IT_16Jul.dat,0.45,True,9,3,0.03119491942217973,5
NewFloq_REF_Man57_Eps045_T50_5IT_16Jul.dat,0.45,True,9,4,0.028361887957323535,5
NewFloq_REF_Man57_Eps045_T50_5IT_16Jul.dat,0.45,True,9,5,0.030122099910930723,5
NewFloq_REF_Man57_Eps045_T50_5IT_16Jul.dat,0.45,True,9,6,0.03806721308961236,4
NewFloq_REF_Man57_Eps045_T50_5IT_16Jul.dat,0.45,True,9,7,0.0386163026945067,4
NewFloq_REF_Man57_Eps045_T50_5IT_16Jul.dat,0.45,True,9,8,0.026906392988399374,4
NewFloq_REF_Man57_Eps045_T50_5IT_16Jul.dat,0.45,True,10,0,0.023474886162704014,5
NewFloq_REF_Man57_Eps045_T50_5IT_16Jul.dat,0.45,True,10,1,0.02955575385243598,4
NewFloq_REF_Man57_Eps045_T50_5IT_16Jul.dat,0.45,True,10,2,0.029646669473224634,4
NewFloq_REF_Man57_Eps045_T50_5IT_16Jul.dat,0.45,True,10,3,0.035719199421839196,4
NewFloq_REF_Man57_Eps045_T50_5IT_16Jul.dat,0.45,True,10,4,0.03323115534023603,4
NewFloq_REF_Man57_Eps045_T50_5IT_16Jul.dat,0.45,True,10,5,0.03195465180605805,4
NewFloq_REF_Man57_Eps045_T50_5IT_16Jul.dat,0.45,True,10,6,0.026675069427766006,4
NewFloq_REF_Man57_Eps045_T50_5IT_16Jul.dat,0.45,True,10,7,0.023251873028648902,4
NewFloq_REF_Man57_Eps045_T50_5IT_16Jul.dat,0.45,True,10,8,0.0231909928819647,4
NewFloq_REF_Man57_Eps045_T50_5IT_16Jul.dat,0.45,True,10,9,0.02456132571373377,4
NewFloq_REF_Man57_Eps047_T50_5IT_16Jul.dat,0.47,True,1,0,0.05273469168177546,50
NewFloq_REF_Man57_Eps047_T50_5IT_16Jul.dat,0.47,True,2,0,0.04740508813679045,25
NewFloq_REF_Man57_Eps047_T50_5IT_16Jul.dat,0.47,True,2,1,0.04897579305921257,24
NewFloq_REF_Man57_Eps047_T50_5IT_16Jul.dat,0.47,True,3,0,0.04149563431122613,16
NewFloq_REF_Man57_Eps047_T50_5IT_16Jul.dat,0.47,True,3,1,0.043505047748202366,16
NewFloq_REF_Man57_Eps047_T50_5IT_16Jul.dat,0.47,True,3,2,0.04041486914813,16
NewFloq_REF_Man57_Eps047_T50_5IT_16Jul.dat,0.47,True,4,0,0.03713877268758426,12
NewFloq_REF_Man57_Eps047_T50_5IT_16Jul.dat,0.47,True,4,1,0.04429865748790901,12
NewFloq_REF_Man57_Eps047_T50_5IT_16Jul.dat,0.47,True,4,2,0.03790506308688257,12
NewFloq_REF_Man57_Eps047_T50_5IT_16Jul.dat,0.47,True,4,3,0.03944087901910846,11
NewFloq_REF_Man57_Eps047_T50_5IT_16Jul.dat,0.47,True,5,0,0.034078111613339034,10
NewFloq_REF_Man57_Eps047_T50_5IT_16Jul.dat,0.47,True,5,1,0.03685801586349446,9
NewFloq_REF_Man57_Eps047_T50_5IT_16Jul.dat,0.47,True,5,2,0.03274560818800284,9
NewFloq_REF_Man57_Eps047_T50_5IT_16Jul.dat,0.47,True,5,3,0.03850346875872034,9
NewFloq_REF_Man57_Eps047_T50_5IT_16Jul.dat,0.47,True,5,4,0.03426510543716185,9
NewFloq_REF_Man57_Eps047_T50_5IT_16Jul.dat,0.47,True,6,0,0.03302604644367451,8
NewFloq_REF_Man57_Eps047_T50_5IT_16Jul.dat,0.47,True,6,1,0.03461890672535008,8
NewFloq_REF_Man57_Eps047_T50_5IT_16Jul.dat,0.47,True,6,2,0.03090423938834066,8
NewFloq_REF_Man57_Eps047_T50_5IT_16Jul.dat,0.47,True,6,3,0.033811443413501834,7
NewFloq_REF_Man57_Eps047_T50_5IT_16Jul.dat,0.47,True,6,4,0.03141864467262017,7
NewFloq_REF_Man57_Eps047_T50_5IT_16Jul.dat,0.47,True,6,5,0.03691982384295419,7
NewFloq_REF_Man57_Eps047_T50_5IT_16Jul.dat,0.47,True,7,0,0.030268882948395165,7
NewFloq_REF_Man57_Eps047_T50_5IT_16Jul.dat,0.47,True,7,1,0.028929245359714927,7
NewFloq_REF_Man57_Eps047_T50_5IT_16Jul.dat,0.47,True,7,2,0.031235189492866813,6
NewFloq_REF_Man57_Eps047_T50_5IT_16Jul.dat,0.47,True,7,3,0.03736501272417837,6
NewFloq_REF_Man57_Eps047_T50_5IT_16Jul.dat,0.47,True,7,4,0.03710573020783696,6
NewFloq_REF_Man57_Eps047_T50_5IT_16Jul.dat,0.47,True,7,5,0.026024490976385605,6
NewFloq_REF_Man57_Eps047_T50_5IT_16Jul.dat,0.47,True,7,6,0.03053485333834982,6
NewFloq_REF_Man57_Eps047_T50_5IT_16Jul.dat,0.47,True,8,0,0.029435047307913687,6
NewFloq_REF_Man57_Eps047_T50_5IT_16Jul.dat,0.47,True,8,1,0.03042113085627743,6
NewFloq_REF_Man57_Eps047_T50_5IT_16Jul.dat,0.47,True,8,2,0.02457135399201894,6
NewFloq_REF_Man57_Eps047_T50_5IT_16Jul.dat,0.47,True,8,3,0.02805951184312453,5
NewFloq_REF_Man57_Eps047_T50_5IT_16Jul.dat,0.47,True,8,4,0.028376483425916615,5
NewFloq_REF_Man57_Eps047_T50_5IT_16Jul.dat,0.47,True,8,5,0.03245913490092127,5
NewFloq_REF_Man57_Eps047_T50_5IT_16Jul.dat,0.47,True,8,6,0.03144358035615719,5
NewFloq_REF_Man57_Eps047_T50_5IT_16Jul.dat,0.47,True,8,7,0.032945397935085816,5
NewFloq_REF_Man57_Eps047_T50_5IT_16Jul.dat,0.47,True,9,0,0.023525872031629674,5
NewFloq_REF_Man57_Eps047_T50_5IT_16Jul.dat,0.47,True,9,1,0.02336234799754194,5
NewFloq_REF_Man57_Eps047_T50_5IT_16Jul.dat,0.47,True,9,2,0.023699158145868343,5
NewFloq_REF_Man57_Eps047_T50_5IT_16Jul.dat,0.47,True,9,3,0.025494844420978723,5
NewFloq_REF_Man57_Eps047_T50_5IT_16Jul.dat,0.47,True,9,4,0.025092313451000277,5
NewFloq_REF_Man57_Eps047_T50_5IT_16Jul.dat,0.47,True,9,5,0.03471132182813292,5
NewFloq_REF_Man57_Eps047_T50_5IT_16Jul.dat,0.47,True,9,6,0.038076232544763396,4
NewFloq_REF_Man57_Eps047_T50_5IT_16Jul.dat,0.47,True,9,7,0.03724979721018807,4
NewFloq_REF_Man57_Eps047_T50_5IT_16Jul.dat,0.47,True,9,8,0.02708071237797108,4
NewFloq_REF_Man57_Eps047_T50_5IT_16Jul.dat,0.47,True,10,0,0.019369082304509896,5
NewFloq_REF_Man57_Eps047_T50_5IT_16Jul.dat,0.47,True,10,1,0.02931950414396268,4
NewFloq_REF_Man57_Eps047_T50_5IT_16Jul.dat,0.47,True,10,2,0.0266636924725471,4
NewFloq_REF_Man57_Eps047_T50_5IT_16Jul.dat,0.47,True,10,3,0.030663028051626164,4
NewFloq_REF_Man57_Eps047_T50_5IT_16Jul.dat,0.47,True,10,4,0.03178778168972565,4
NewFloq_REF_Man57_Eps047_T50_5IT_16Jul.dat,0.47,True,10,5,0.033072238936364545,4
NewFloq_REF_Man57_Eps047_T50_5IT_16Jul.dat,0.47,True,10,6,0.019373617178526564,4
NewFloq_REF_Man57_Eps047_T50_5IT_16Jul.dat,0.47,True,10,7,0.023300155936659756,4
NewFloq_REF_Man57_Eps047_T50_5IT_16Jul.dat,0.47,True,10,8,0.02654755561654363,4
NewFloq_REF_Man57_Eps047_T50_5IT_16Jul.dat,0.47,True,10,9,0.02160886327078868,4
NewFloq_REF_Man57_Eps04_T50_5IT_15Jul.dat,0.4,True,1,0,0.03220971334411983,50
NewFloq_REF_Man57_Eps04_T50_5IT_15Jul.dat,0.4,True,2,0,0.05049240457827961,25
NewFloq_REF_Man57_Eps04_T50_5IT_15Jul.dat,0.4,True,2,1,0.05080446331732558,24
NewFloq_REF_Man57_Eps04_T50_5IT_15Jul.dat,0.4,True,3,0,0.028462129223052534,16
NewFloq_REF_Man57_Eps04_T50_5IT_15Jul.dat,0.4,True,3,1,0.0281608884710666,16
NewFloq_REF_Man57_Eps04_T50_5IT_15Jul.dat,0.4,True,3,2,0.02773858108758931,16
NewFloq_REF_Man57_Eps04_T50_5IT_15Jul.dat,0.4,True,4,0,0.03484568652719406,12
NewFloq_REF_Man57_Eps04_T50_5IT_15Jul.dat,0.4,True,4,1,0.0411441210175832,12
NewFloq_REF_Man57_Eps04_T50_5IT_15Jul.dat,0.4,True,4,2,0.035396399152615006,12
NewFloq_REF_Man57_Eps04_T50_5IT_15Jul.dat,0.4,True,4,3,0.036279914808031215,11
NewFloq_REF_Man57_Eps04_T50_5IT_15Jul.dat,0.4,True,5,0,0.020621937330649123,10
NewFloq_REF_Man57_Eps04_T50_5IT_15Jul.dat,0.4,True,5,1,0.022714176260167123,9
NewFloq_REF_Man57_Eps04_T50_5IT_15Jul.dat,0.4,True,5,2,0.02322677164963051,9
NewFloq_REF_Man57_Eps04_T50_5IT_15Jul.dat,0.4,True,5,3,0.027166550352142462,9
NewFloq_REF_Man57_Eps04_T50_5IT_15Jul.dat,0.4,True,5,4,0.024899634283794447,9
NewFloq_REF_Man57_Eps04_T50_5IT_15Jul.dat,0.4,True,6,0,0.02555574970295937,8
NewFloq_REF_Man57_Eps04_T50_5IT_15Jul.dat,0.4,True,6,1,0.027343914029581362,8
NewFloq_REF_Man57_Eps04_T50_5IT_15Jul.dat,0.4,True,6,2,0.027740341123379125,8
NewFloq_REF_Man57_Eps04_T50_5IT_15Jul.dat,0.4,True,6,3,0.030043371138517603,7
NewFloq_REF_Man57_Eps04_T50_5IT_15Jul.dat,0.4,True,6,4,0.02834421024684933,7
NewFloq_REF_Man57_Eps04_T50_5IT_15Jul.dat,0.4,True,6,5,0.02586500623892945,7
NewFloq_REF_Man57_Eps04_T50_5IT_15Jul.dat,0.4,True,7,0,0.02043868992452628,7
NewFloq_REF_Man57_Eps04_T50_5IT_15Jul.dat,0.4,True,7,1,0.019475786804514974,7
NewFloq_REF_Man57_Eps04_T50_5IT_15Jul.dat,0.4,True,7,2,0.01813492384184821,6
NewFloq_REF_Man57_Eps04_T50_5IT_15Jul.dat,0.4,True,7,3,0.023341363822431623,6
NewFloq_REF_Man57_Eps04_T50_5IT_15Jul.dat,0.4,True,7,4,0.023624941711511877,6
NewFloq_REF_Man57_Eps04_T50_5IT_15Jul.dat,0.4,True,7,5,0.020584587396896663,6
NewFloq_REF_Man57_Eps04_T50_5IT_15Jul.dat,0.4,True,7,6,0.02012298181043316,6
NewFloq_REF_Man57_Eps04_T50_5IT_15Jul.dat,0.4,True,8,0,0.02099627507544255,6
NewFloq_REF_Man57_Eps04_T50_5IT_15Jul.dat,0.4,True,8,1,0.024635225154741067,6
NewFloq_REF_Man57_Eps04_T50_5IT_15Jul.dat,0.4,True,8,2,0.01874111813636602,6
NewFloq_REF_Man57_Eps04_T50_5IT_15Jul.dat,0.4,True,8,3,0.02416129096884661,5
NewFloq_REF_Man57_Eps04_T50_5IT_15Jul.dat,0.4,True,8,4,0.021650684805795472,5
NewFloq_REF_Man57_Eps04_T50_5IT_15Jul.dat,0.4,True,8,5,0.023710218436923797,5
NewFloq_REF_Man57_Eps04_T50_5IT_15Jul.dat,0.4,True,8,6,0.02227510141527818,5
NewFloq_REF_Man57_Eps04_T50_5IT_15Jul.dat,0.4,True,8,7,0.018289417586562367,5
NewFloq_REF_Man57_Eps04_T50_5IT_15Jul.dat,0.4,True,9,0,0.013979998754977015,5
NewFloq_REF_Man57_Eps04_T50_5IT_15Jul.dat,0.4,True,9,1,0.016649165093432672,5
NewFloq_REF_Man57_Eps04_T50_5IT_15Jul.dat,0.4,True,9,2,0.016893479791025037,5
NewFloq_REF_Man57_Eps04_T50_5IT_15Jul.dat,0.4,True,9,3,0.018871464497830125,5
NewFloq_REF_Man57_Eps04_T50_5IT_15Jul.dat,0.4,True,9,4,0.017947344708972218,5
NewFloq_REF_Man57_Eps04_T50_5IT_15Jul.dat,0.4,True,9,5,0.020607112303044895,5
NewFloq_REF_Man57_Eps04_T50_5IT_15Jul.dat,0.4,True,9,6,0.020403180388658376,4
NewFloq_REF_Man57_Eps04_T50_5IT_15Jul.dat,0.4,True,9,7,0.021723650074295334,4
NewFloq_REF_Man57_Eps04_T50_5IT_15Jul.dat,0.4,True,9,8,0.017367439187250942,4
NewFloq_REF_Man57_Eps04_T50_5IT_15Jul.dat,0.4,True,10,0,0.013521135230120471,5
NewFloq_REF_Man57_Eps04_T50_5IT_15Jul.dat,0.4,True,10,1,0.020454635892802227,4
NewFloq_REF_Man57_Eps04_T50_5IT_15Jul.dat,0.4,True,10,2,0.020961483004140608,4
NewFloq_REF_Man57_Eps04_T50_5IT_15Jul.dat,0.4,True,10,3,0.02113724490142158,4
NewFloq_REF_Man57_Eps04_T50_5IT_15Jul.dat,0.4,True,10,4,0.023603853900330502,4
NewFloq_REF_Man57_Eps04_T50_5IT_15Jul.dat,0.4,True,10,5,0.0208718770747512,4
NewFloq_REF_Man57_Eps04_T50_5IT_15Jul.dat,0.4,True,10,6,0.01754674478826742,4
NewFloq_REF_Man57_Eps04_T50_5IT_15Jul.dat,0.4,True,10,7,0.018735707663865928,4
NewFloq_REF_Man57_Eps04_T50_5IT_15Jul.dat,0.4,True,10,8,0.016505498815525342,4
NewFloq_REF_Man57_Eps04_T50_5IT_15Jul.dat,0.4,True,10,9,0.016511173429101116,4
NewFloq_REF_Man57_Eps04_T50_5IT_20Aug.dat,0.4,True,1,0,0.03036347138478589,50
NewFloq_REF_Man57_Eps04_T50_5IT_20Aug.dat,0.4,True,2,0,0.34871250698324485,25
NewFloq_REF_Man57_Eps04_T50_5IT_20Aug.dat,0.4,True,2,1,0.40899591063038104,24
NewFloq_REF_Man57_Eps04_T50_5IT_20Aug.dat,0.4,True,3,0,0.04217769738857732,16
NewFloq_REF_Man57_Eps04_T50_5IT_20Aug.dat,0.4,True,3,1,0.010637515171206743,16
NewFloq_REF_Man57_Eps04_T50_5IT_20Aug.dat,0.4,True,3,2,0.014023138980977982,16
NewFloq_REF_Man57_Eps04_T50_5IT_20Aug.dat,0.4,True,4,0,0.3045869933117131,12
NewFloq_REF_Man57_Eps04_T50_5IT_20Aug.dat,0.4,True,4,1,0.3925864018595313,12
NewFloq_REF_Man57_Eps04_T50_5IT_20Aug.dat,0.4,True,4,2,0.3748334523282682,12
NewFloq_REF_Man57_Eps04_T50_5IT_20Aug.dat,0.4,True,4,3,0.3767815436948197,11
NewFloq_REF_Man57_Eps04_T50_5IT_20Aug.dat,0.4,True,5,0,0.008195486472473678,10
NewFloq_REF_Man57_Eps04_T50_5IT_20Aug.dat,0.4,True,5,1,0.01790597837730221,9
NewFloq_REF_Man57_Eps04_T50_5IT_20Aug.dat,0.4,True,5,2,0.012786805800681847,9
NewFloq_REF_Man57_Eps04_T50_5IT_20Aug.dat,0.4,True,5,3,0.06028860774053345,9
NewFloq_REF_Man57_Eps04_T50_5IT_20Aug.dat,0.4,True,5,4,0.022415106791756095,9
NewFloq_REF_Man57_Eps04_T50_5IT_20Aug.dat,0.4,True,6,0,0.25163044942798457,8
NewFloq_REF_Man57_Eps04_T50_5IT_20Aug.dat,0.4,True,6,1,0.37054190825812805,8
NewFloq_REF_Man57_Eps04_T50_5IT_20Aug.dat,0.4,True,6,2,0.3649930031405639,8
NewFloq_REF_Man57_Eps04_T50_5IT_20Aug.dat,0.4,True,6,3,0.3592913172792276,7
NewFloq_REF_Man57_Eps04_T50_5IT_20Aug.dat,0.4,True,6,4,0.3492979082190345,7
NewFloq_REF_Man57_Eps04_T50_5IT_20Aug.dat,0.4,True,6,5,0.35321493652039543,7
NewFloq_REF_Man57_Eps04_T50_5IT_20Aug.dat,0.4,True,7,0,0.0370809220889896,7
NewFloq_REF_Man57_Eps04_T50_5IT_20Aug.dat,0.4,True,7,1,0.011407584316772874,7
NewFloq_REF_Man57_Eps04_T50_5IT_20Aug.dat,0.4,True,7,2,0.034699834130039846,6
NewFloq_REF_Man57_Eps04_T50_5IT_20Aug.dat,0.4,True,7,3,0.011053644823912233,6
NewFloq_REF_Man57_Eps04_T50_5IT_20Aug.dat,0.4,True,7,4,0.01750253884881571,6
NewFloq_REF_Man57_Eps04_T50_5IT_20Aug.dat,0.4,True,7,5,0.012838728046740513,6
NewFloq_REF_Man57_Eps04_T50_5IT_20Aug.dat,0.4,True,7,6,0.09780499355537131,6
NewFloq_REF_Man57_Eps04_T50_5IT_20Aug.dat,0.4,True,8,0,0.24286834409320998,6
NewFloq_REF_Man57_Eps04_T50_5IT_20Aug.dat,0.4,True,8,1,0.32385554282880635,6
NewFloq_REF_Man57_Eps04_T50_5IT_20Aug.dat,0.4,True,8,2,0.31924173335711065,6
NewFloq_REF_Man57_Eps04_T50_5IT_20Aug.dat,0.4,True,8,3,0.296432667228831,5
NewFloq_REF_Man57_Eps04_T50_5IT_20Aug.dat,0.4,True,8,4,0.29666961291971133,5
NewFloq_REF_Man57_Eps04_T50_5IT_20Aug.dat,0.4,True,8,5,0.3931668966443702,5
NewFloq_REF_Man57_Eps04_T50_5IT_20Aug.dat,0.4,True,8,6,0.3924210933596414,5
NewFloq_REF_Man57_Eps04_T50_5IT_20Aug.dat,0.4,True,8,7,0.3821545367969271,5
NewFloq_REF_Man57_Eps04_T50_5IT_20Aug.dat,0.4,True,9,0,0.03809590633021202,5
NewFloq_REF_Man57_Eps04_T50_5IT_20Aug.dat,0.4,True,9,1,0.010630613985911535,5
NewFloq_REF_Man57_Eps04_T50_5IT_20Aug.dat,0.4,True,9,2,0.021515359541529114,5
NewFloq_REF_Man57_Eps04_T50_5IT_20Aug.dat,0.4,True,9,3,0.10758482301694364,5
NewFloq_REF_Man57_Eps04_T50_5IT_20Aug.dat,0.4,True,9,4,0.06354478141654915,5
NewFloq_REF_Man57_Eps04_T50_5IT_20Aug.dat,0.4,True,9,5,0.06342549861258985,5
NewFloq_REF_Man57_Eps04_T50_5IT_20Aug.dat,0.4,True,9,6,0.032364515760135944,4
NewFloq_REF_Man57_Eps04_T50_5IT_20Aug.dat,0.4,True,9,7,0.061970948923172814,4
NewFloq_REF_Man57_Eps04_T50_5IT_20Aug.dat,0.4,True,9,8,0.016263644206500637,4
NewFloq_REF_Man57_Eps04_T50_5IT_20Aug.dat,0.4,True,10,0,0.28190124670228156,5
NewFloq_REF_Man57_Eps04_T50_5IT_20Aug.dat,0.4,True,10,1,0.24440959224514192,4
NewFloq_REF_Man57_Eps04_T50_5IT_20Aug.dat,0.4,True,10,2,0.24411414040616097,4
NewFloq_REF_Man57_Eps04_T50_5IT_20Aug.dat,0.4,True,10,3,0.3781503002499618,4
NewFloq_REF_Man57_Eps04_T50_5IT_20Aug.dat,0.4,True,10,4,0.36845458986708135,4
NewFloq_REF_Man57_Eps04_T50_5IT_20Aug.dat,0.4,True,10,5,0.3672112139146697,4
NewFloq_REF_Man57_Eps04_T50_5IT_20Aug.dat,0.4,True,10,6,0.36741861392538366,4
NewFloq_REF_Man57_Eps04_T50_5IT_20Aug.dat,0.4,True,10,7,0.35574784248675295,4
NewFloq_REF_Man57_Eps04_T50_5IT_20Aug.dat,0.4,True,10,8,0.2410213784877489,4
NewFloq_REF_Man57_Eps04_T50_5IT_20Aug.dat,0.4,True,10,9,0.3528152221223838,4
NewFloq_REF_Man57_Eps05_T50_5IT_5Jul.dat,0.5,True,1,0,0.06482182762622381,50
NewFloq_REF_Man57_Eps05_T50_5IT_5Jul.dat,0.5,True,2,0,0.06386319802840874,25
NewFloq_REF_Man57_Eps05_T50_5IT_5Jul.dat,0.5,True,2,1,0.06576105404168092,24
NewFloq_REF_Man57_Eps05_T50_5IT_5Jul.dat,0.5,True,3,0,0.05489984506371957,16
NewFloq_REF_Man57_Eps05_T50_5IT_5Jul.dat,0.5,True,3,1,0.06624008907594522,16
NewFloq_REF_Man57_Eps05_T50_5IT_5Jul.dat,0.5,True,3,2,0.059273883160790214,16
NewFloq_REF_Man57_Eps05_T50_5IT_5Jul.dat,0.5,True,4,0,0.052752181950285935,12
NewFloq_REF_Man57_Eps05_T50_5IT_5Jul.dat,0.5,True,4,1,0.05953010865652681,12
NewFloq_REF_Man57_Eps05_T50_5IT_5Jul.dat,0.5,True,4,2,0.04494497275368243,12
NewFloq_REF_Man57_Eps05_T50_5IT_5Jul.dat,0.5,True,4,3,0.062401647601820036,11
NewFloq_REF_Man57_Eps05_T50_5IT_5Jul.dat,0.5,True,5,0,0.04417893617196959,10
NewFloq_REF_Man57_Eps05_T50_5IT_5Jul.dat,0.5,True,5,1,0.05656106977525783,9
NewFloq_REF_Man57_Eps05_T50_5IT_5Jul.dat,0.5,True,5,2,0.04809761907288891,9
NewFloq_REF_Man57_Eps05_T50_5IT_5Jul.dat,0.5,True,5,3,0.05611187088401795,9
NewFloq_REF_Man57_Eps05_T50_5IT_5Jul.dat,0.5,True,5,4,0.051350426867982774,9
NewFloq_REF_Man57_Eps05_T50_5IT_5Jul.dat,0.5,True,6,0,0.04274670297690049,8
NewFloq_REF_Man57_Eps05_T50_5IT_5Jul.dat,0.5,True,6,1,0.05250255357813254,8
NewFloq_REF_Man57_Eps05_T50_5IT_5Jul.dat,0.5,True,6,2,0.041402836569161716,8
NewFloq_REF_Man57_Eps05_T50_5IT_5Jul.dat,0.5,True,6,3,0.05380160247302561,7
NewFloq_REF_Man57_Eps05_T50_5IT_5Jul.dat,0.5,True,6,4,0.04985702346986729,7
NewFloq_REF_Man57_Eps05_T50_5IT_5Jul.dat,0.5,True,6,5,0.05000547961541551,7
NewFloq_REF_Man57_Eps05_T50_5IT_5Jul.dat,0.5,True,7,0,0.03641677257373104,7
NewFloq_REF_Man57_Eps05_T50_5IT_5Jul.dat,0.5,True,7,1,0.047936032477915266,7
NewFloq_REF_Man57_Eps05_T50_5IT_5Jul.dat,0.5,True,7,2,0.038646507939914775,6
NewFloq_REF_Man57_Eps05_T50_5IT_5Jul.dat,0.5,True,7,3,0.05885268805212254,6
NewFloq_REF_Man57_Eps05_T50_5IT_5Jul.dat,0.5,True,7,4,0.03979383804696019,6
NewFloq_REF_Man57_Eps05_T50_5IT_5Jul.dat,0.5,True,7,5,0.04451332472022735,6
NewFloq_REF_Man57_Eps05_T50_5IT_5Jul.dat,0.5,True,7,6,0.04098140307734837,6
NewFloq_REF_Man57_Eps05_T50_5IT_5Jul.dat,0.5,True,8,0,0.03508279968968611,6
NewFloq_REF_Man57_Eps05_T50_5IT_5Jul.dat,0.5,True,8,1,0.044267397692341115,6
NewFloq_REF_Man57_Eps05_T50_5IT_5Jul.dat,0.5,True,8,2,0.02591854660069434,6
NewFloq_REF_Man57_Eps05_T50_5IT_5Jul.dat,0.5,True,8,3,0.05024142756328137,5
NewFloq_REF_Man57_Eps05_T50_5IT_5Jul.dat,0.5,True,8,4,0.041294116121775214,5
NewFloq_REF_Man57_Eps05_T50_5IT_5Jul.dat,0.5,True,8,5,0.040840019309145395,5
NewFloq_REF_Man57_Eps05_T50_5IT_5Jul.dat,0.5,True,8,6,0.044332865862116544,5
NewFloq_REF_Man57_Eps05_T50_5IT_5Jul.dat,0.5,True,8,7,0.0351976170996885,5
NewFloq_REF_Man57_Eps05_T50_5IT_5Jul.dat,0.5,True,9,0,0.030321855166454248,5
NewFloq_REF_Man57_Eps05_T50_5IT_5Jul.dat,0.5,True,9,1,0.040653865827235985,5
NewFloq_REF_Man57_Eps05_T50_5IT_5Jul.dat,0.5,True,9,2,0.031552664290140336,5
NewFloq_REF_Man57_Eps05_T50_5IT_5Jul.dat,0.5,True,9,3,0.042900232414495,5
NewFloq_REF_Man57_Eps05_T50_5IT_5Jul.dat,0.5,True,9,4,0.034305485404546886,5
NewFloq_REF_Man57_Eps05_T50_5IT_5Jul.dat,0.5,True,9,5,0.04310054511533147,5
NewFloq_REF_Man57_Eps05_T50_5IT_5Jul.dat,0.5,True,9,6,0.039814735655254126,4
NewFloq_REF_Man57_Eps05_T50_5IT_5Jul.dat,0.5,True,9,7,0.038983799423079626,4
NewFloq_REF_Man57_Eps05_T50_5IT_5Jul.dat,0.5,True,9,8,0.03670730075486932,4
NewFloq_REF_Man57_Eps05_T50_5IT_5Jul.dat,0.5,True,10,0,0.024503549049573706,5
NewFloq_REF_Man57_Eps05_T50_5IT_5Jul.dat,0.5,True,10,1,0.033098581789003725,4
NewFloq_REF_Man57_Eps05_T50_5IT_5Jul.dat,0.5,True,10,2,0.034472208877413896,4
NewFloq_REF_Man57_Eps05_T50_5IT_5Jul.dat,0.5,True,10,3,0.04355085502249629,4
NewFloq_REF_Man57_Eps05_T50_5IT_5Jul.dat,0.5,True,10,4,0.036906866359219095,4
NewFloq_REF_Man57_Eps05_T50_5IT_5Jul.dat,0.5,True,10,5,0.03846734505312873,4
NewFloq_REF_Man57_Eps05_T50_5IT_5Jul.dat,0.5,True,10,6,0.02787391836005083,4
NewFloq_REF_Man57_Eps05_T50_5IT_5Jul.dat,0.5,True,10,7,0.038832332690672274,4
NewFloq_REF_Man57_Eps05_T50_5IT_5Jul.dat,0.5,True,10,8,0.03426074577968344,4
NewFloq_REF_Man57_Eps05_T50_5IT_5Jul.dat,0.5,True,10,9,0.041660878098503815,4
