{
  "meta": {
    "version": "1.0.1",
    "phase": "F",
    "chamber": "XXXV",
    "pipeline": "Omega4b_to_Tau",
    "upstream": "XXXIV (inline)",
    "timestamp": "2026-01-10T16:33:03.509Z"
  },
  "config": {
    "ensemble_size": 100,
    "node_count": 32,
    "generator": "erdos-renyi",
    "seed": 602815471,
    "seed_raw": "5125458795456987457895429900",
    "seed_mode": "string-hash",
    "omega_keep_fraction": 0.3
  },
  "omega": {
    "mode": "4b",
    "keep_fraction": 0.3,
    "indices": [
      42,
      26,
      7,
      30,
      50,
      67,
      47,
      62,
      68,
      13,
      73,
      72,
      69,
      17,
      55,
      64,
      34,
      31,
      82,
      10,
      90,
      9,
      28,
      98,
      53,
      45,
      46,
      63,
      12,
      37
    ],
    "acceptance_rate": 0.3,
    "V_target": 4.396373836930275
  },
  "tau": {
    "family": "tau_B",
    "params": {
      "lambda": 0.05,
      "mu": 0.02,
      "iterations": 10,
      "epsilon_V": 0.05
    }
  },
  "metrics": {
    "RL_baseline": 0.007613586227191215,
    "RL_omega": 0.002679153373380146,
    "RL_tau": 0.000641422093003854,
    "contraction_ratio": 0.2394122334977059,
    "improvement": 0.0020377312803762917
  },
  "invariants": {
    "baseline": {
      "scaled_spectral_radius": 0.21922317454137383,
      "energy_per_node": 6.245,
      "degree_entropy": 3.403928303648211
    },
    "post_tau": {
      "scaled_spectral_radius": 0.21485855662184652,
      "energy_per_node": 6.304166666666666,
      "degree_entropy": 3.42204005222328
    },
    "drifts": {
      "scaled_spectral_radius": 0.019909473205368493,
      "energy_per_node": 0.009474246063517397,
      "degree_entropy": 0.005320837267828841
    },
    "max_drift": 0.019909473205368493
  },
  "guardrails": {
    "delta": 0.002,
    "drift": 0.05,
    "acceptance_band": [
      0.2,
      0.5
    ]
  },
  "verdict": {
    "pass": true,
    "reason": "PASS — τ is admissible post-Ω4b",
    "details": {
      "RL_baseline": 0.007613586227191215,
      "RL_omega": 0.002679153373380146,
      "RL_tau": 0.000641422093003854,
      "contraction_ratio": 0.2394122334977059,
      "accept_rate": 0.3,
      "I_baseline": {
        "scaled_spectral_radius": 0.21922317454137383,
        "energy_per_node": 6.245,
        "degree_entropy": 3.403928303648211
      },
      "I_tau": {
        "scaled_spectral_radius": 0.21485855662184652,
        "energy_per_node": 6.304166666666666,
        "degree_entropy": 3.42204005222328
      },
      "drifts": {
        "scaled_spectral_radius": 0.019909473205368493,
        "energy_per_node": 0.009474246063517397,
        "degree_entropy": 0.005320837267828841
      },
      "max_drift": 0.019909473205368493
    }
  },
  "reproducibility": {
    "seed": 602815471,
    "generator": "erdos-renyi",
    "ensemble_size": 100,
    "node_count": 32,
    "signature": "Ω4b→τ:tau_B:n32:M100:seed602815471"
  }
}