{
  "meta": {
    "version": "1.0.1",
    "phase": "F",
    "chamber": "XXXV",
    "pipeline": "Omega4b_to_Tau",
    "upstream": "XXXIV (inline)",
    "timestamp": "2026-01-10T16:16:22.485Z"
  },
  "config": {
    "ensemble_size": 100,
    "node_count": 32,
    "generator": "erdos-renyi",
    "seed": 3468639884,
    "seed_raw": "5125458795456987457895429000",
    "seed_mode": "string-hash",
    "omega_keep_fraction": 0.3
  },
  "omega": {
    "mode": "4b",
    "keep_fraction": 0.3,
    "indices": [
      95,
      46,
      67,
      24,
      75,
      28,
      99,
      92,
      61,
      1,
      31,
      40,
      63,
      66,
      53,
      89,
      37,
      47,
      4,
      22,
      60,
      41,
      86,
      52,
      49,
      94,
      14,
      21,
      10,
      36
    ],
    "acceptance_rate": 0.3,
    "V_target": 4.300877995424379
  },
  "tau": {
    "family": "tau_B",
    "params": {
      "lambda": 0.05,
      "mu": 0.02,
      "iterations": 10,
      "epsilon_V": 0.05
    }
  },
  "metrics": {
    "RL_baseline": 0.007054082486898173,
    "RL_omega": 0.0031037573045067457,
    "RL_tau": 0.000700637771308406,
    "contraction_ratio": 0.22573858152216333,
    "improvement": 0.0024031195331983396
  },
  "invariants": {
    "baseline": {
      "scaled_spectral_radius": 0.21764962586801428,
      "energy_per_node": 6.18625,
      "degree_entropy": 3.401473725673913
    },
    "post_tau": {
      "scaled_spectral_radius": 0.21038289798218945,
      "energy_per_node": 6.135416666666667,
      "degree_entropy": 3.419333738940801
    },
    "drifts": {
      "scaled_spectral_radius": 0.03338727487742834,
      "energy_per_node": 0.00821714824543678,
      "degree_entropy": 0.005250669182620043
    },
    "max_drift": 0.03338727487742834
  },
  "guardrails": {
    "delta": 0.002,
    "drift": 0.05,
    "acceptance_band": [
      0.2,
      0.5
    ]
  },
  "verdict": {
    "pass": true,
    "reason": "PASS — τ is admissible post-Ω4b",
    "details": {
      "RL_baseline": 0.007054082486898173,
      "RL_omega": 0.0031037573045067457,
      "RL_tau": 0.000700637771308406,
      "contraction_ratio": 0.22573858152216333,
      "accept_rate": 0.3,
      "I_baseline": {
        "scaled_spectral_radius": 0.21764962586801428,
        "energy_per_node": 6.18625,
        "degree_entropy": 3.401473725673913
      },
      "I_tau": {
        "scaled_spectral_radius": 0.21038289798218945,
        "energy_per_node": 6.135416666666667,
        "degree_entropy": 3.419333738940801
      },
      "drifts": {
        "scaled_spectral_radius": 0.03338727487742834,
        "energy_per_node": 0.00821714824543678,
        "degree_entropy": 0.005250669182620043
      },
      "max_drift": 0.03338727487742834
    }
  },
  "reproducibility": {
    "seed": 3468639884,
    "generator": "erdos-renyi",
    "ensemble_size": 100,
    "node_count": 32,
    "signature": "Ω4b→τ:tau_B:n32:M100:seed3468639884"
  }
}