{
  "meta": {
    "version": "1.0.1",
    "phase": "F",
    "chamber": "XXXV",
    "pipeline": "Omega4b_to_Tau",
    "upstream": "XXXIV (inline)",
    "timestamp": "2026-01-10T16:56:42.305Z"
  },
  "config": {
    "ensemble_size": 100,
    "node_count": 32,
    "generator": "erdos-renyi",
    "seed": 1640,
    "seed_raw": "1640",
    "seed_mode": "uint32-direct",
    "omega_keep_fraction": 0.3
  },
  "omega": {
    "mode": "4b",
    "keep_fraction": 0.3,
    "indices": [
      29,
      43,
      75,
      10,
      30,
      96,
      72,
      54,
      47,
      67,
      13,
      39,
      74,
      17,
      26,
      76,
      61,
      90,
      23,
      44,
      34,
      18,
      0,
      73,
      51,
      38,
      15,
      95,
      49,
      59
    ],
    "acceptance_rate": 0.3,
    "V_target": 4.4046670333241025
  },
  "tau": {
    "family": "tau_B",
    "params": {
      "lambda": 0.05,
      "mu": 0.02,
      "iterations": 10,
      "epsilon_V": 0.05
    }
  },
  "metrics": {
    "RL_baseline": 0.00257578330852137,
    "RL_omega": 0.0033410548060309247,
    "RL_tau": 0.000210701835991446,
    "contraction_ratio": 0.0630644656325628,
    "improvement": 0.0031303529700394787
  },
  "invariants": {
    "baseline": {
      "scaled_spectral_radius": 0.2210640092630173,
      "energy_per_node": 6.301875,
      "degree_entropy": 3.4044001874568472
    },
    "post_tau": {
      "scaled_spectral_radius": 0.21576886813259125,
      "energy_per_node": 6.322916666666667,
      "degree_entropy": 3.4217058680910872
    },
    "drifts": {
      "scaled_spectral_radius": 0.023952977004619572,
      "energy_per_node": 0.0033389533538299427,
      "degree_entropy": 0.005083327364979281
    },
    "max_drift": 0.023952977004619572
  },
  "guardrails": {
    "delta": 0.002,
    "drift": 0.05,
    "acceptance_band": [
      0.2,
      0.5
    ]
  },
  "verdict": {
    "pass": true,
    "reason": "PASS — τ is admissible post-Ω4b",
    "details": {
      "RL_baseline": 0.00257578330852137,
      "RL_omega": 0.0033410548060309247,
      "RL_tau": 0.000210701835991446,
      "contraction_ratio": 0.0630644656325628,
      "accept_rate": 0.3,
      "I_baseline": {
        "scaled_spectral_radius": 0.2210640092630173,
        "energy_per_node": 6.301875,
        "degree_entropy": 3.4044001874568472
      },
      "I_tau": {
        "scaled_spectral_radius": 0.21576886813259125,
        "energy_per_node": 6.322916666666667,
        "degree_entropy": 3.4217058680910872
      },
      "drifts": {
        "scaled_spectral_radius": 0.023952977004619572,
        "energy_per_node": 0.0033389533538299427,
        "degree_entropy": 0.005083327364979281
      },
      "max_drift": 0.023952977004619572
    }
  },
  "reproducibility": {
    "seed": 1640,
    "generator": "erdos-renyi",
    "ensemble_size": 100,
    "node_count": 32,
    "signature": "Ω4b→τ:tau_B:n32:M100:seed1640"
  }
}