{
  "meta": {
    "version": "1.0.1",
    "phase": "F",
    "chamber": "XXXV",
    "pipeline": "Omega4b_to_Tau",
    "upstream": "XXXIV (inline)",
    "timestamp": "2026-01-10T16:58:03.492Z"
  },
  "config": {
    "ensemble_size": 100,
    "node_count": 32,
    "generator": "erdos-renyi",
    "seed": 1671,
    "seed_raw": "1671",
    "seed_mode": "uint32-direct",
    "omega_keep_fraction": 0.3
  },
  "omega": {
    "mode": "4b",
    "keep_fraction": 0.3,
    "indices": [
      94,
      37,
      75,
      2,
      58,
      38,
      73,
      15,
      29,
      87,
      27,
      84,
      41,
      80,
      62,
      30,
      44,
      65,
      59,
      26,
      13,
      20,
      39,
      25,
      7,
      18,
      56,
      97,
      8,
      5
    ],
    "acceptance_rate": 0.3,
    "V_target": 4.335679257226519
  },
  "tau": {
    "family": "tau_B",
    "params": {
      "lambda": 0.05,
      "mu": 0.02,
      "iterations": 10,
      "epsilon_V": 0.05
    }
  },
  "metrics": {
    "RL_baseline": 0.004594696360457956,
    "RL_omega": 0.003123484468276486,
    "RL_tau": 0.00017596006403596193,
    "contraction_ratio": 0.05633454106242292,
    "improvement": 0.002947524404240524
  },
  "invariants": {
    "baseline": {
      "scaled_spectral_radius": 0.216914508330666,
      "energy_per_node": 6.156875,
      "degree_entropy": 3.4013537306418637
    },
    "post_tau": {
      "scaled_spectral_radius": 0.21193377626725815,
      "energy_per_node": 6.195833333333334,
      "degree_entropy": 3.4219724023077847
    },
    "drifts": {
      "scaled_spectral_radius": 0.022961728571033097,
      "energy_per_node": 0.006327614793760377,
      "degree_entropy": 0.006061901612929271
    },
    "max_drift": 0.022961728571033097
  },
  "guardrails": {
    "delta": 0.002,
    "drift": 0.05,
    "acceptance_band": [
      0.2,
      0.5
    ]
  },
  "verdict": {
    "pass": true,
    "reason": "PASS — τ is admissible post-Ω4b",
    "details": {
      "RL_baseline": 0.004594696360457956,
      "RL_omega": 0.003123484468276486,
      "RL_tau": 0.00017596006403596193,
      "contraction_ratio": 0.05633454106242292,
      "accept_rate": 0.3,
      "I_baseline": {
        "scaled_spectral_radius": 0.216914508330666,
        "energy_per_node": 6.156875,
        "degree_entropy": 3.4013537306418637
      },
      "I_tau": {
        "scaled_spectral_radius": 0.21193377626725815,
        "energy_per_node": 6.195833333333334,
        "degree_entropy": 3.4219724023077847
      },
      "drifts": {
        "scaled_spectral_radius": 0.022961728571033097,
        "energy_per_node": 0.006327614793760377,
        "degree_entropy": 0.006061901612929271
      },
      "max_drift": 0.022961728571033097
    }
  },
  "reproducibility": {
    "seed": 1671,
    "generator": "erdos-renyi",
    "ensemble_size": 100,
    "node_count": 32,
    "signature": "Ω4b→τ:tau_B:n32:M100:seed1671"
  }
}