{
  "meta": {
    "version": "1.0.1",
    "phase": "F",
    "chamber": "XXXV",
    "pipeline": "Omega4b_to_Tau",
    "upstream": "XXXIV (inline)",
    "timestamp": "2026-01-10T16:42:55.798Z"
  },
  "config": {
    "ensemble_size": 100,
    "node_count": 32,
    "generator": "erdos-renyi",
    "seed": 3199416829,
    "seed_raw": "4569874525895424700",
    "seed_mode": "string-hash",
    "omega_keep_fraction": 0.3
  },
  "omega": {
    "mode": "4b",
    "keep_fraction": 0.3,
    "indices": [
      77,
      56,
      50,
      19,
      92,
      44,
      23,
      95,
      67,
      24,
      30,
      88,
      40,
      76,
      36,
      1,
      61,
      87,
      62,
      14,
      39,
      58,
      16,
      82,
      78,
      55,
      54,
      60,
      7,
      51
    ],
    "acceptance_rate": 0.3,
    "V_target": 4.333913235351802
  },
  "tau": {
    "family": "tau_B",
    "params": {
      "lambda": 0.05,
      "mu": 0.02,
      "iterations": 10,
      "epsilon_V": 0.05
    }
  },
  "metrics": {
    "RL_baseline": 0.0005949164585390631,
    "RL_omega": 0.0036656837035507345,
    "RL_tau": 0.00021545058137173407,
    "contraction_ratio": 0.05877500591855201,
    "improvement": 0.0034502331221790005
  },
  "invariants": {
    "baseline": {
      "scaled_spectral_radius": 0.21800686674086817,
      "energy_per_node": 6.195625,
      "degree_entropy": 3.4022406164150825
    },
    "post_tau": {
      "scaled_spectral_radius": 0.21125301824004364,
      "energy_per_node": 6.19375,
      "degree_entropy": 3.422396537459765
    },
    "drifts": {
      "scaled_spectral_radius": 0.030979980593237123,
      "energy_per_node": 0.0003026329062846882,
      "degree_entropy": 0.00592430792444093
    },
    "max_drift": 0.030979980593237123
  },
  "guardrails": {
    "delta": 0.002,
    "drift": 0.05,
    "acceptance_band": [
      0.2,
      0.5
    ]
  },
  "verdict": {
    "pass": true,
    "reason": "PASS — τ is admissible post-Ω4b",
    "details": {
      "RL_baseline": 0.0005949164585390631,
      "RL_omega": 0.0036656837035507345,
      "RL_tau": 0.00021545058137173407,
      "contraction_ratio": 0.05877500591855201,
      "accept_rate": 0.3,
      "I_baseline": {
        "scaled_spectral_radius": 0.21800686674086817,
        "energy_per_node": 6.195625,
        "degree_entropy": 3.4022406164150825
      },
      "I_tau": {
        "scaled_spectral_radius": 0.21125301824004364,
        "energy_per_node": 6.19375,
        "degree_entropy": 3.422396537459765
      },
      "drifts": {
        "scaled_spectral_radius": 0.030979980593237123,
        "energy_per_node": 0.0003026329062846882,
        "degree_entropy": 0.00592430792444093
      },
      "max_drift": 0.030979980593237123
    }
  },
  "reproducibility": {
    "seed": 3199416829,
    "generator": "erdos-renyi",
    "ensemble_size": 100,
    "node_count": 32,
    "signature": "Ω4b→τ:tau_B:n32:M100:seed3199416829"
  }
}