{
  "meta": {
    "version": "1.0.1",
    "phase": "F",
    "chamber": "XXXV",
    "pipeline": "Omega4b_to_Tau",
    "upstream": "XXXIV (inline)",
    "timestamp": "2026-01-10T17:16:29.478Z"
  },
  "config": {
    "ensemble_size": 100,
    "node_count": 32,
    "generator": "erdos-renyi",
    "seed": 588148,
    "seed_raw": "588148",
    "seed_mode": "uint32-direct",
    "omega_keep_fraction": 0.3
  },
  "omega": {
    "mode": "4b",
    "keep_fraction": 0.3,
    "indices": [
      81,
      39,
      38,
      84,
      80,
      71,
      67,
      29,
      61,
      94,
      51,
      70,
      34,
      40,
      77,
      0,
      47,
      42,
      36,
      19,
      57,
      16,
      92,
      45,
      75,
      82,
      33,
      91,
      56,
      99
    ],
    "acceptance_rate": 0.3,
    "V_target": 4.334525207671442
  },
  "tau": {
    "family": "tau_B",
    "params": {
      "lambda": 0.05,
      "mu": 0.02,
      "iterations": 10,
      "epsilon_V": 0.05
    }
  },
  "metrics": {
    "RL_baseline": 0.005199040553488007,
    "RL_omega": 0.005765750952064533,
    "RL_tau": 0.002989077224783404,
    "contraction_ratio": 0.5184194131231267,
    "improvement": 0.0027766737272811293
  },
  "invariants": {
    "baseline": {
      "scaled_spectral_radius": 0.21690049100087205,
      "energy_per_node": 6.15,
      "degree_entropy": 3.400297814452567
    },
    "post_tau": {
      "scaled_spectral_radius": 0.21285319270596564,
      "energy_per_node": 6.216666666666667,
      "degree_entropy": 3.420983040702149
    },
    "drifts": {
      "scaled_spectral_radius": 0.018659700935809025,
      "energy_per_node": 0.010840108401083971,
      "degree_entropy": 0.006083357217024314
    },
    "max_drift": 0.018659700935809025
  },
  "guardrails": {
    "delta": 0.002,
    "drift": 0.05,
    "acceptance_band": [
      0.2,
      0.5
    ]
  },
  "verdict": {
    "pass": true,
    "reason": "PASS — τ is admissible post-Ω4b",
    "details": {
      "RL_baseline": 0.005199040553488007,
      "RL_omega": 0.005765750952064533,
      "RL_tau": 0.002989077224783404,
      "contraction_ratio": 0.5184194131231267,
      "accept_rate": 0.3,
      "I_baseline": {
        "scaled_spectral_radius": 0.21690049100087205,
        "energy_per_node": 6.15,
        "degree_entropy": 3.400297814452567
      },
      "I_tau": {
        "scaled_spectral_radius": 0.21285319270596564,
        "energy_per_node": 6.216666666666667,
        "degree_entropy": 3.420983040702149
      },
      "drifts": {
        "scaled_spectral_radius": 0.018659700935809025,
        "energy_per_node": 0.010840108401083971,
        "degree_entropy": 0.006083357217024314
      },
      "max_drift": 0.018659700935809025
    }
  },
  "reproducibility": {
    "seed": 588148,
    "generator": "erdos-renyi",
    "ensemble_size": 100,
    "node_count": 32,
    "signature": "Ω4b→τ:tau_B:n32:M100:seed588148"
  }
}