{
  "meta": {
    "version": "1.0.1",
    "phase": "F",
    "chamber": "XXXV",
    "pipeline": "Omega4b_to_Tau",
    "upstream": "XXXIV (inline)",
    "timestamp": "2026-01-10T16:48:19.373Z"
  },
  "config": {
    "ensemble_size": 100,
    "node_count": 32,
    "generator": "erdos-renyi",
    "seed": 4850,
    "seed_raw": "4850",
    "seed_mode": "uint32-direct",
    "omega_keep_fraction": 0.3
  },
  "omega": {
    "mode": "4b",
    "keep_fraction": 0.3,
    "indices": [
      89,
      69,
      35,
      88,
      95,
      65,
      46,
      82,
      39,
      32,
      68,
      20,
      1,
      87,
      97,
      26,
      48,
      7,
      40,
      25,
      34,
      3,
      31,
      37,
      92,
      5,
      84,
      2,
      6,
      29
    ],
    "acceptance_rate": 0.3,
    "V_target": 4.338365493213895
  },
  "tau": {
    "family": "tau_B",
    "params": {
      "lambda": 0.05,
      "mu": 0.02,
      "iterations": 10,
      "epsilon_V": 0.05
    }
  },
  "metrics": {
    "RL_baseline": 0.0007384159098214704,
    "RL_omega": 0.0028264970947670565,
    "RL_tau": 0.0005706401661354621,
    "contraction_ratio": 0.20188952862960258,
    "improvement": 0.0022558569286315945
  },
  "invariants": {
    "baseline": {
      "scaled_spectral_radius": 0.21847098980690727,
      "energy_per_node": 6.205625,
      "degree_entropy": 3.4009517383659973
    },
    "post_tau": {
      "scaled_spectral_radius": 0.21364604977400192,
      "energy_per_node": 6.204166666666667,
      "degree_entropy": 3.4170391857078766
    },
    "drifts": {
      "scaled_spectral_radius": 0.0220850376389552,
      "energy_per_node": 0.0002350018464431517,
      "degree_entropy": 0.004730278045523976
    },
    "max_drift": 0.0220850376389552
  },
  "guardrails": {
    "delta": 0.002,
    "drift": 0.05,
    "acceptance_band": [
      0.2,
      0.5
    ]
  },
  "verdict": {
    "pass": true,
    "reason": "PASS — τ is admissible post-Ω4b",
    "details": {
      "RL_baseline": 0.0007384159098214704,
      "RL_omega": 0.0028264970947670565,
      "RL_tau": 0.0005706401661354621,
      "contraction_ratio": 0.20188952862960258,
      "accept_rate": 0.3,
      "I_baseline": {
        "scaled_spectral_radius": 0.21847098980690727,
        "energy_per_node": 6.205625,
        "degree_entropy": 3.4009517383659973
      },
      "I_tau": {
        "scaled_spectral_radius": 0.21364604977400192,
        "energy_per_node": 6.204166666666667,
        "degree_entropy": 3.4170391857078766
      },
      "drifts": {
        "scaled_spectral_radius": 0.0220850376389552,
        "energy_per_node": 0.0002350018464431517,
        "degree_entropy": 0.004730278045523976
      },
      "max_drift": 0.0220850376389552
    }
  },
  "reproducibility": {
    "seed": 4850,
    "generator": "erdos-renyi",
    "ensemble_size": 100,
    "node_count": 32,
    "signature": "Ω4b→τ:tau_B:n32:M100:seed4850"
  }
}