{
  "meta": {
    "version": "1.0.1",
    "phase": "F",
    "chamber": "XXXV",
    "pipeline": "Omega4b_to_Tau",
    "upstream": "XXXIV (inline)",
    "timestamp": "2026-01-10T16:28:10.661Z"
  },
  "config": {
    "ensemble_size": 100,
    "node_count": 32,
    "generator": "erdos-renyi",
    "seed": 1306975018,
    "seed_raw": "5125458795456987457895426700",
    "seed_mode": "string-hash",
    "omega_keep_fraction": 0.3
  },
  "omega": {
    "mode": "4b",
    "keep_fraction": 0.3,
    "indices": [
      82,
      0,
      60,
      93,
      76,
      36,
      1,
      98,
      95,
      2,
      7,
      64,
      54,
      63,
      16,
      66,
      28,
      13,
      55,
      56,
      58,
      25,
      43,
      35,
      69,
      18,
      46,
      30,
      61,
      68
    ],
    "acceptance_rate": 0.3,
    "V_target": 4.336525982573574
  },
  "tau": {
    "family": "tau_B",
    "params": {
      "lambda": 0.05,
      "mu": 0.02,
      "iterations": 10,
      "epsilon_V": 0.05
    }
  },
  "metrics": {
    "RL_baseline": 0.0008145544534979159,
    "RL_omega": 0.0025778248445360234,
    "RL_tau": 0.00033473553288519594,
    "contraction_ratio": 0.1298519306285312,
    "improvement": 0.0022430893116508273
  },
  "invariants": {
    "baseline": {
      "scaled_spectral_radius": 0.21701792781514948,
      "energy_per_node": 6.189375,
      "degree_entropy": 3.4042940606886947
    },
    "post_tau": {
      "scaled_spectral_radius": 0.21199818797338002,
      "energy_per_node": 6.2,
      "degree_entropy": 3.419931279786138
    },
    "drifts": {
      "scaled_spectral_radius": 0.023130530699957404,
      "energy_per_node": 0.0017166515197415096,
      "degree_entropy": 0.004593380835696597
    },
    "max_drift": 0.023130530699957404
  },
  "guardrails": {
    "delta": 0.002,
    "drift": 0.05,
    "acceptance_band": [
      0.2,
      0.5
    ]
  },
  "verdict": {
    "pass": true,
    "reason": "PASS — τ is admissible post-Ω4b",
    "details": {
      "RL_baseline": 0.0008145544534979159,
      "RL_omega": 0.0025778248445360234,
      "RL_tau": 0.00033473553288519594,
      "contraction_ratio": 0.1298519306285312,
      "accept_rate": 0.3,
      "I_baseline": {
        "scaled_spectral_radius": 0.21701792781514948,
        "energy_per_node": 6.189375,
        "degree_entropy": 3.4042940606886947
      },
      "I_tau": {
        "scaled_spectral_radius": 0.21199818797338002,
        "energy_per_node": 6.2,
        "degree_entropy": 3.419931279786138
      },
      "drifts": {
        "scaled_spectral_radius": 0.023130530699957404,
        "energy_per_node": 0.0017166515197415096,
        "degree_entropy": 0.004593380835696597
      },
      "max_drift": 0.023130530699957404
    }
  },
  "reproducibility": {
    "seed": 1306975018,
    "generator": "erdos-renyi",
    "ensemble_size": 100,
    "node_count": 32,
    "signature": "Ω4b→τ:tau_B:n32:M100:seed1306975018"
  }
}