{
  "meta": {
    "version": "1.0.1",
    "phase": "F",
    "chamber": "XXXV",
    "pipeline": "Omega4b_to_Tau",
    "upstream": "XXXIV (inline)",
    "timestamp": "2026-01-10T17:06:09.378Z"
  },
  "config": {
    "ensemble_size": 100,
    "node_count": 32,
    "generator": "erdos-renyi",
    "seed": 1811,
    "seed_raw": "1811",
    "seed_mode": "uint32-direct",
    "omega_keep_fraction": 0.3
  },
  "omega": {
    "mode": "4b",
    "keep_fraction": 0.3,
    "indices": [
      43,
      8,
      65,
      21,
      9,
      81,
      56,
      60,
      73,
      25,
      27,
      77,
      98,
      88,
      94,
      62,
      1,
      35,
      84,
      23,
      38,
      32,
      67,
      66,
      36,
      45,
      16,
      55,
      97,
      14
    ],
    "acceptance_rate": 0.3,
    "V_target": 4.333945212954758
  },
  "tau": {
    "family": "tau_B",
    "params": {
      "lambda": 0.05,
      "mu": 0.02,
      "iterations": 10,
      "epsilon_V": 0.05
    }
  },
  "metrics": {
    "RL_baseline": 0.002714207514374804,
    "RL_omega": 0.0026828371659344797,
    "RL_tau": 0.00023973084175984738,
    "contraction_ratio": 0.08935720915299937,
    "improvement": 0.0024431063241746325
  },
  "invariants": {
    "baseline": {
      "scaled_spectral_radius": 0.218164813689021,
      "energy_per_node": 6.21375,
      "degree_entropy": 3.402228753098752
    },
    "post_tau": {
      "scaled_spectral_radius": 0.21154687912845474,
      "energy_per_node": 6.19375,
      "degree_entropy": 3.4218743805344847
    },
    "drifts": {
      "scaled_spectral_radius": 0.03033456426204303,
      "energy_per_node": 0.003218668276000879,
      "degree_entropy": 0.005774340545984625
    },
    "max_drift": 0.03033456426204303
  },
  "guardrails": {
    "delta": 0.002,
    "drift": 0.05,
    "acceptance_band": [
      0.2,
      0.5
    ]
  },
  "verdict": {
    "pass": true,
    "reason": "PASS — τ is admissible post-Ω4b",
    "details": {
      "RL_baseline": 0.002714207514374804,
      "RL_omega": 0.0026828371659344797,
      "RL_tau": 0.00023973084175984738,
      "contraction_ratio": 0.08935720915299937,
      "accept_rate": 0.3,
      "I_baseline": {
        "scaled_spectral_radius": 0.218164813689021,
        "energy_per_node": 6.21375,
        "degree_entropy": 3.402228753098752
      },
      "I_tau": {
        "scaled_spectral_radius": 0.21154687912845474,
        "energy_per_node": 6.19375,
        "degree_entropy": 3.4218743805344847
      },
      "drifts": {
        "scaled_spectral_radius": 0.03033456426204303,
        "energy_per_node": 0.003218668276000879,
        "degree_entropy": 0.005774340545984625
      },
      "max_drift": 0.03033456426204303
    }
  },
  "reproducibility": {
    "seed": 1811,
    "generator": "erdos-renyi",
    "ensemble_size": 100,
    "node_count": 32,
    "signature": "Ω4b→τ:tau_B:n32:M100:seed1811"
  }
}