struc_perc_id,source_ladder_id,object_id,object_name,spectrum_index,spectrum_id,spectrum_file,spectrum_date,phase_days,spectral_phase_role,line_id,line_name,element_group,rest_wavelength,n_points_window,continuum_level,line_flux_proxy,line_depth_proxy,equivalent_width_proxy,velocity_proxy_km_s,width_proxy_angstrom,signal_quality_proxy,delta_line_flux,delta_line_depth,delta_equivalent_width,delta_velocity,delta_width,delta_signal_quality,line_transition_flag,element_transition_flag,gap,gap_source,boundary_role,struc_perc_role,alpha_ready,unns_interpretation,raw_reference
C2_SN2012aw_spectral_state_00001,C2_SN2012aw,C2_SN2012aw,SN2012aw,1,2012aw_2011-03-21_00-00-00_Swift-UVOT_UV-grism_None,2012aw_2011-03-21_00-00-00_Swift-UVOT_UV-grism_None.txt,2011-03-21 00:00:00.00,,early_spectral_state,H_beta,H beta,H,4861.3,69,2.53016e-14,8.78388405797e-16,0.00190938939333,270.969777611,1001.67895217,62.8017748071,0.000876808738344,0,0,0,0,0,0,0,0,0.130213847314,date_ordered_line_window_proxy_change,early_spectral_state,early_post_boundary_spectral_state,yes,post-collapse spectral element-line structural state,C2_SN2012aw/2012aw_2011-03-21_00-00-00_Swift-UVOT_UV-grism_None.txt::H_beta
C2_SN2012aw_spectral_state_00002,C2_SN2012aw,C2_SN2012aw,SN2012aw,1,2012aw_2011-03-21_00-00-00_Swift-UVOT_UV-grism_None,2012aw_2011-03-21_00-00-00_Swift-UVOT_UV-grism_None.txt,2011-03-21 00:00:00.00,,early_spectral_state,Fe_II_5169,Fe II 5169,Fe,5169,89,2.52375e-14,-1.19765955056e-15,0.00526707226374,351.129012027,-4762.83464594,82.5413387276,0.0011952073557,0,0,0,0,0,0,1,1,0.228668832569,date_ordered_line_window_proxy_change,early_spectral_state,early_post_boundary_spectral_state,yes,post-collapse spectral element-line structural state,C2_SN2012aw/2012aw_2011-03-21_00-00-00_Swift-UVOT_UV-grism_None.txt::Fe_II_5169
C2_SN2012aw_spectral_state_00003,C2_SN2012aw,C2_SN2012aw,SN2012aw,1,2012aw_2011-03-21_00-00-00_Swift-UVOT_UV-grism_None,2012aw_2011-03-21_00-00-00_Swift-UVOT_UV-grism_None.txt,2011-03-21 00:00:00.00,,early_spectral_state,He_I_5876,He I 5876,He,5875.6,38,2.30966e-14,-2.24954473684e-15,0.00793121587932,151.508581486,-1856.36865375,42.554797617,0.00224498153789,0,0,0,0,0,0,1,1,0.146924726102,date_ordered_line_window_proxy_change,early_spectral_state,early_post_boundary_spectral_state,yes,post-collapse spectral element-line structural state,C2_SN2012aw/2012aw_2011-03-21_00-00-00_Swift-UVOT_UV-grism_None.txt::He_I_5876
C2_SN2012aw_spectral_state_00004,C2_SN2012aw,C2_SN2012aw,SN2012aw,1,2012aw_2011-03-21_00-00-00_Swift-UVOT_UV-grism_None,2012aw_2011-03-21_00-00-00_Swift-UVOT_UV-grism_None.txt,2011-03-21 00:00:00.00,,early_spectral_state,Ni_Co_decay_proxy,Ni/Co decay proxy blend,NiCo,5890,59,2.40437e-14,-2.49870169492e-15,0.00884874346671,235.077871421,-2584.76927966,67.8179734446,0.00249534034489,0,0,0,0,0,0,1,1,0.185356164634,date_ordered_line_window_proxy_change,early_spectral_state,early_post_boundary_spectral_state,yes,post-collapse spectral element-line structural state,C2_SN2012aw/2012aw_2011-03-21_00-00-00_Swift-UVOT_UV-grism_None.txt::Ni_Co_decay_proxy
C2_SN2012aw_spectral_state_00005,C2_SN2012aw,C2_SN2012aw,SN2012aw,2,2012aw_2011-03-23_00-00-00_Swift-UVOT_UV-grism_None,2012aw_2011-03-23_00-00-00_Swift-UVOT_UV-grism_None.txt,2011-03-23 00:00:00.00,,early_spectral_state,H_beta,H beta,H,4861.3,69,2.53131e-14,3.3715942029e-17,0.00355715732102,271.195817754,6702.38661499,88.9734309296,3.36546627372e-05,-8.44672463768e-16,0.00164776792769,0.226040143,5700.70766282,26.1716561225,-0.000843154075607,1,1,3.75588271021,date_ordered_line_window_proxy_change,early_spectral_state,early_post_boundary_spectral_state,yes,post-collapse spectral element-line structural state,C2_SN2012aw/2012aw_2011-03-23_00-00-00_Swift-UVOT_UV-grism_None.txt::H_beta
C2_SN2012aw_spectral_state_00006,C2_SN2012aw,C2_SN2012aw,SN2012aw,2,2012aw_2011-03-23_00-00-00_Swift-UVOT_UV-grism_None,2012aw_2011-03-23_00-00-00_Swift-UVOT_UV-grism_None.txt,2011-03-23 00:00:00.00,,early_spectral_state,Fe_II_5169,Fe II 5169,Fe,5169,89,2.36529e-14,9.90686516854e-16,0.00294074290221,350.903894041,-1960.67566897,105.258038928,0.000988418142605,2.18834606741e-15,-0.00232632936153,-0.225117986,2802.15897697,22.7167002004,-0.000206789213095,1,1,2.52975103129,date_ordered_line_window_proxy_change,early_spectral_state,early_post_boundary_spectral_state,yes,post-collapse spectral element-line structural state,C2_SN2012aw/2012aw_2011-03-23_00-00-00_Swift-UVOT_UV-grism_None.txt::Fe_II_5169
C2_SN2012aw_spectral_state_00007,C2_SN2012aw,C2_SN2012aw,SN2012aw,2,2012aw_2011-03-23_00-00-00_Swift-UVOT_UV-grism_None,2012aw_2011-03-23_00-00-00_Swift-UVOT_UV-grism_None.txt,2011-03-23 00:00:00.00,,early_spectral_state,He_I_5876,He I 5876,He,5875.6,38,2.24135e-14,-4.93397368421e-16,0.00824539190846,151.344156583,-5992.29890434,40.3929534116,0.000492433657426,1.75614736842e-15,0.00031417602914,-0.164424903,-4135.93025059,-2.1618442054,-0.00175254788046,1,1,2.27495733946,date_ordered_line_window_proxy_change,early_spectral_state,early_post_boundary_spectral_state,yes,post-collapse spectral element-line structural state,C2_SN2012aw/2012aw_2011-03-23_00-00-00_Swift-UVOT_UV-grism_None.txt::He_I_5876
C2_SN2012aw_spectral_state_00008,C2_SN2012aw,C2_SN2012aw,SN2012aw,2,2012aw_2011-03-23_00-00-00_Swift-UVOT_UV-grism_None,2012aw_2011-03-23_00-00-00_Swift-UVOT_UV-grism_None.txt,2011-03-23 00:00:00.00,,early_spectral_state,Ni_Co_decay_proxy,Ni/Co decay proxy blend,NiCo,5890,59,2.25317e-14,-5.29166101695e-16,0.00836003421703,234.962953868,-6710.58791809,68.6324355265,0.00052813764254,1.96953559322e-15,-0.00048870924968,-0.114917553,-4125.81863843,0.8144620819,-0.00196720270235,1,1,2.26744369073,date_ordered_line_window_proxy_change,early_spectral_state,early_post_boundary_spectral_state,yes,post-collapse spectral element-line structural state,C2_SN2012aw/2012aw_2011-03-23_00-00-00_Swift-UVOT_UV-grism_None.txt::Ni_Co_decay_proxy
C2_SN2012aw_spectral_state_00009,C2_SN2012aw,C2_SN2012aw,SN2012aw,3,2012aw_2011-03-25_00-00-00_Swift-UVOT_UV-grism_None,2012aw_2011-03-25_00-00-00_Swift-UVOT_UV-grism_None.txt,2011-03-25 00:00:00.00,,early_spectral_state,H_beta,H beta,H,4861.3,69,2.55024e-14,1.25714492754e-15,0.00288443986089,270.81401829,39.6691566737,76.7169048493,0.0012553613619,1.22342898551e-15,-0.00067271746013,-0.381799464,-6662.71745832,-12.2565260803,0.00122170669916,1,1,3.67466243371,date_ordered_line_window_proxy_change,early_spectral_state,early_post_boundary_spectral_state,yes,post-collapse spectral element-line structural state,C2_SN2012aw/2012aw_2011-03-25_00-00-00_Swift-UVOT_UV-grism_None.txt::H_beta
C2_SN2012aw_spectral_state_00010,C2_SN2012aw,C2_SN2012aw,SN2012aw,3,2012aw_2011-03-25_00-00-00_Swift-UVOT_UV-grism_None,2012aw_2011-03-25_00-00-00_Swift-UVOT_UV-grism_None.txt,2011-03-25 00:00:00.00,,early_spectral_state,Fe_II_5169,Fe II 5169,Fe,5169,89,2.414565e-14,1.50726573034e-15,0.00133218356198,351.421407753,-9869.65947019,112.337708593,0.00150306416921,5.16579213486e-16,-0.00160855934023,0.517513712,-7908.98380122,7.079669665,0.000514646026605,1,1,3.9377412916,date_ordered_line_window_proxy_change,early_spectral_state,early_post_boundary_spectral_state,yes,post-collapse spectral element-line structural state,C2_SN2012aw/2012aw_2011-03-25_00-00-00_Swift-UVOT_UV-grism_None.txt::Fe_II_5169
C2_SN2012aw_spectral_state_00011,C2_SN2012aw,C2_SN2012aw,SN2012aw,3,2012aw_2011-03-25_00-00-00_Swift-UVOT_UV-grism_None,2012aw_2011-03-25_00-00-00_Swift-UVOT_UV-grism_None.txt,2011-03-25 00:00:00.00,,early_spectral_state,He_I_5876,He I 5876,He,5875.6,38,2.22016e-14,1.15888421053e-15,0.00399881980228,151.496854037,-4682.35864779,45.4828171245,0.00115660594286,1.65228157895e-15,-0.00424657210618,0.152697454,1309.94025655,5.0898637129,0.000664172285434,1,1,1.27701777961,date_ordered_line_window_proxy_change,early_spectral_state,early_post_boundary_spectral_state,yes,post-collapse spectral element-line structural state,C2_SN2012aw/2012aw_2011-03-25_00-00-00_Swift-UVOT_UV-grism_None.txt::He_I_5876
C2_SN2012aw_spectral_state_00012,C2_SN2012aw,C2_SN2012aw,SN2012aw,3,2012aw_2011-03-25_00-00-00_Swift-UVOT_UV-grism_None,2012aw_2011-03-25_00-00-00_Swift-UVOT_UV-grism_None.txt,2011-03-25 00:00:00.00,,early_spectral_state,Ni_Co_decay_proxy,Ni/Co decay proxy blend,NiCo,5890,59,2.44843e-14,-2.08442033898e-15,0.00639209405161,234.87966761,-11193.2972299,58.1795505271,0.00208037228304,-1.55525423729e-15,-0.00196794016542,-0.083286258,-4482.70931181,-10.4528849994,0.0015522346405,1,1,2.7813805231,date_ordered_line_window_proxy_change,early_spectral_state,early_post_boundary_spectral_state,yes,post-collapse spectral element-line structural state,C2_SN2012aw/2012aw_2011-03-25_00-00-00_Swift-UVOT_UV-grism_None.txt::Ni_Co_decay_proxy
C2_SN2012aw_spectral_state_00013,C2_SN2012aw,C2_SN2012aw,SN2012aw,4,2012aw_2011-03-28_00-00-00_Swift-UVOT_UV-grism_None,2012aw_2011-03-28_00-00-00_Swift-UVOT_UV-grism_None.txt,2011-03-28 00:00:00.00,,early_spectral_state,H_beta,H beta,H,4861.3,70,2.589655e-14,1.73182857143e-16,0.00619599510302,274.931371117,-7757.90001052,84.4652362775,0.000172904627204,-1.0839620704e-15,0.00331155524213,4.117352827,-7797.56916719,7.7483314282,-0.0010824567347,1,1,4.21611657365,date_ordered_line_window_proxy_change,early_spectral_state,early_post_boundary_spectral_state,yes,post-collapse spectral element-line structural state,C2_SN2012aw/2012aw_2011-03-28_00-00-00_Swift-UVOT_UV-grism_None.txt::H_beta
C2_SN2012aw_spectral_state_00014,C2_SN2012aw,C2_SN2012aw,SN2012aw,4,2012aw_2011-03-28_00-00-00_Swift-UVOT_UV-grism_None,2012aw_2011-03-28_00-00-00_Swift-UVOT_UV-grism_None.txt,2011-03-28 00:00:00.00,,early_spectral_state,Fe_II_5169,Fe II 5169,Fe,5169,89,2.28302e-14,2.09892921348e-15,0.00280144250727,350.796553535,-9996.92515453,100.146987752,0.00209090719364,5.9166348314e-16,0.00146925894529,-0.624854218,-127.26568434,-12.190720841,0.00058784302443,1,1,0.769264081252,date_ordered_line_window_proxy_change,early_spectral_state,early_post_boundary_spectral_state,yes,post-collapse spectral element-line structural state,C2_SN2012aw/2012aw_2011-03-28_00-00-00_Swift-UVOT_UV-grism_None.txt::Fe_II_5169
C2_SN2012aw_spectral_state_00015,C2_SN2012aw,C2_SN2012aw,SN2012aw,4,2012aw_2011-03-28_00-00-00_Swift-UVOT_UV-grism_None,2012aw_2011-03-28_00-00-00_Swift-UVOT_UV-grism_None.txt,2011-03-28 00:00:00.00,,early_spectral_state,He_I_5876,He I 5876,He,5875.6,38,2.04924e-14,-2.20785263158e-15,0.00816360807783,151.515707029,-6740.90889556,44.1573462025,0.00220215931527,-3.36673684211e-15,0.00416478827555,0.018852992,-2058.55024777,-1.325470922,0.00104555337241,1,1,1.68837388801,date_ordered_line_window_proxy_change,early_spectral_state,early_post_boundary_spectral_state,yes,post-collapse spectral element-line structural state,C2_SN2012aw/2012aw_2011-03-28_00-00-00_Swift-UVOT_UV-grism_None.txt::He_I_5876
C2_SN2012aw_spectral_state_00016,C2_SN2012aw,C2_SN2012aw,SN2012aw,4,2012aw_2011-03-28_00-00-00_Swift-UVOT_UV-grism_None,2012aw_2011-03-28_00-00-00_Swift-UVOT_UV-grism_None.txt,2011-03-28 00:00:00.00,,early_spectral_state,Ni_Co_decay_proxy,Ni/Co decay proxy blend,NiCo,5890,59,2.30746e-14,-4.172e-15,0.0106669640709,235.114194879,-7457.36769133,69.5575513031,0.00416253190756,-2.08757966102e-15,0.00427487001929,0.234527269,3735.92953857,11.378000776,0.00208215962452,1,1,2.71443700663,date_ordered_line_window_proxy_change,early_spectral_state,early_post_boundary_spectral_state,yes,post-collapse spectral element-line structural state,C2_SN2012aw/2012aw_2011-03-28_00-00-00_Swift-UVOT_UV-grism_None.txt::Ni_Co_decay_proxy
C2_SN2012aw_spectral_state_00017,C2_SN2012aw,C2_SN2012aw,SN2012aw,5,2012aw_2011-03-30_00-00-00_Swift-UVOT_UV-grism_None,2012aw_2011-03-30_00-00-00_Swift-UVOT_UV-grism_None.txt,2011-03-30 00:00:00.00,,early_spectral_state,H_beta,H beta,H,4861.3,69,2.372765e-14,9.9550942029e-16,0.00560739958523,270.681235968,2979.82697155,75.6533822131,0.000993581057309,8.22326563147e-16,-0.00058859551779,-4.250135149,10737.7269821,-8.8118540644,0.000820676430105,1,1,5.34656861845,date_ordered_line_window_proxy_change,early_spectral_state,early_post_boundary_spectral_state,yes,post-collapse spectral element-line structural state,C2_SN2012aw/2012aw_2011-03-30_00-00-00_Swift-UVOT_UV-grism_None.txt::H_beta
C2_SN2012aw_spectral_state_00018,C2_SN2012aw,C2_SN2012aw,SN2012aw,5,2012aw_2011-03-30_00-00-00_Swift-UVOT_UV-grism_None,2012aw_2011-03-30_00-00-00_Swift-UVOT_UV-grism_None.txt,2011-03-30 00:00:00.00,,early_spectral_state,Fe_II_5169,Fe II 5169,Fe,5169,90,2.142055e-14,1.35008888889e-15,0.00228901797599,354.614289638,8515.60407359,118.587500837,0.00134512880347,-7.4884032459e-16,-0.00051242453128,3.817736103,18512.5292281,18.440513085,-0.00074577839017,1,1,9.04712774054,date_ordered_line_window_proxy_change,early_spectral_state,early_post_boundary_spectral_state,yes,post-collapse spectral element-line structural state,C2_SN2012aw/2012aw_2011-03-30_00-00-00_Swift-UVOT_UV-grism_None.txt::Fe_II_5169
C2_SN2012aw_spectral_state_00019,C2_SN2012aw,C2_SN2012aw,SN2012aw,5,2012aw_2011-03-30_00-00-00_Swift-UVOT_UV-grism_None,2012aw_2011-03-30_00-00-00_Swift-UVOT_UV-grism_None.txt,2011-03-30 00:00:00.00,,early_spectral_state,He_I_5876,He I 5876,He,5875.6,38,1.956405e-14,-9.41555263158e-16,0.00423313277866,151.088992746,-556.097730867,42.4669985602,0.000940028599819,1.26629736842e-15,-0.00393047529917,-0.426714283,6184.81116469,-1.6903476423,-0.00126213071545,1,1,3.24377391043,date_ordered_line_window_proxy_change,early_spectral_state,early_post_boundary_spectral_state,yes,post-collapse spectral element-line structural state,C2_SN2012aw/2012aw_2011-03-30_00-00-00_Swift-UVOT_UV-grism_None.txt::He_I_5876
C2_SN2012aw_spectral_state_00020,C2_SN2012aw,C2_SN2012aw,SN2012aw,5,2012aw_2011-03-30_00-00-00_Swift-UVOT_UV-grism_None,2012aw_2011-03-30_00-00-00_Swift-UVOT_UV-grism_None.txt,2011-03-30 00:00:00.00,,early_spectral_state,Ni_Co_decay_proxy,Ni/Co decay proxy blend,NiCo,5890,59,2.18185e-14,-2.80502033898e-15,0.00643010475931,234.503739764,-1287.67728738,72.5038598439,0.00280004675291,1.36697966102e-15,-0.00423685931159,-0.610455115,6169.69040395,2.9463085408,-0.00136248515465,1,1,3.3245829844,date_ordered_line_window_proxy_change,early_spectral_state,early_post_boundary_spectral_state,yes,post-collapse spectral element-line structural state,C2_SN2012aw/2012aw_2011-03-30_00-00-00_Swift-UVOT_UV-grism_None.txt::Ni_Co_decay_proxy
C2_SN2012aw_spectral_state_00021,C2_SN2012aw,C2_SN2012aw,SN2012aw,6,2012aw_2011-04-11_00-00-00_Swift-UVOT_UV-grism_None,2012aw_2011-04-11_00-00-00_Swift-UVOT_UV-grism_None.txt,2011-04-11 00:00:00.00,,early_spectral_state,H_beta,H beta,H,4861.3,72,1.711895e-14,-6.15343055556e-16,0.00530208389097,276.952102187,-6600.90485366,83.5812985577,0.000614081853301,-1.61085247585e-15,-0.00030531569426,6.270866219,-9580.73182521,7.9279163446,-0.000379499204008,1,1,4.92758172534,date_ordered_line_window_proxy_change,early_spectral_state,early_post_boundary_spectral_state,yes,post-collapse spectral element-line structural state,C2_SN2012aw/2012aw_2011-04-11_00-00-00_Swift-UVOT_UV-grism_None.txt::H_beta
C2_SN2012aw_spectral_state_00022,C2_SN2012aw,C2_SN2012aw,SN2012aw,6,2012aw_2011-04-11_00-00-00_Swift-UVOT_UV-grism_None,2012aw_2011-04-11_00-00-00_Swift-UVOT_UV-grism_None.txt,2011-04-11 00:00:00.00,,early_spectral_state,Fe_II_5169,Fe II 5169,Fe,5169,92,1.54282e-14,1.25901304348e-15,0.00217455059846,353.808479839,6043.75739552,105.288811304,0.00125646098222,-9.107584541e-17,-0.00011446737753,-0.805809799,-2471.84667807,-13.298689533,-8.866782125e-05,1,1,1.66926944666,date_ordered_line_window_proxy_change,early_spectral_state,early_post_boundary_spectral_state,yes,post-collapse spectral element-line structural state,C2_SN2012aw/2012aw_2011-04-11_00-00-00_Swift-UVOT_UV-grism_None.txt::Fe_II_5169
C2_SN2012aw_spectral_state_00023,C2_SN2012aw,C2_SN2012aw,SN2012aw,6,2012aw_2011-04-11_00-00-00_Swift-UVOT_UV-grism_None,2012aw_2011-04-11_00-00-00_Swift-UVOT_UV-grism_None.txt,2011-04-11 00:00:00.00,,early_spectral_state,He_I_5876,He I 5876,He,5875.6,41,1.41359e-14,-1.88421219512e-15,0.0037580762105,157.56321515,-4373.95779485,46.240150711,0.00188190052692,-9.42656931962e-16,-0.00047505656816,6.474222404,-3817.86006398,3.7731521508,0.000941871927101,1,1,2.24241690872,date_ordered_line_window_proxy_change,early_spectral_state,early_post_boundary_spectral_state,yes,post-collapse spectral element-line structural state,C2_SN2012aw/2012aw_2011-04-11_00-00-00_Swift-UVOT_UV-grism_None.txt::He_I_5876
C2_SN2012aw_spectral_state_00024,C2_SN2012aw,C2_SN2012aw,SN2012aw,6,2012aw_2011-04-11_00-00-00_Swift-UVOT_UV-grism_None,2012aw_2011-04-11_00-00-00_Swift-UVOT_UV-grism_None.txt,2011-04-11 00:00:00.00,,early_spectral_state,Ni_Co_decay_proxy,Ni/Co decay proxy blend,NiCo,5890,63,1.59438e-14,-3.51448888889e-15,0.00553091617863,242.071752189,-5096.20336411,69.8470355591,0.0035079869008,-7.0946854991e-16,-0.00089918858068,7.568012425,-3808.52607673,-2.6568242848,0.00070794014789,1,1,2.20665118182,date_ordered_line_window_proxy_change,early_spectral_state,early_post_boundary_spectral_state,yes,post-collapse spectral element-line structural state,C2_SN2012aw/2012aw_2011-04-11_00-00-00_Swift-UVOT_UV-grism_None.txt::Ni_Co_decay_proxy
C2_SN2012aw_spectral_state_00025,C2_SN2012aw,C2_SN2012aw,SN2012aw,7,2012aw_2012-03-17_00-00-00_Ekar_BC-Ekar_None,2012aw_2012-03-17_00-00-00_Ekar_BC-Ekar_None.dat,2012-03-17 00:00:00.00,,early_spectral_state,H_beta,H beta,H,4861.3,123,1.5373795e-14,-1.12416788618e-16,0.00255020861554,275.861447343,6926.34298746,98.0153856703,0.000112000258344,5.02926266938e-16,-0.00275187527543,-1.090654844,13527.2478411,14.4340871126,-0.000502081594957,1,1,6.72174996835,date_ordered_line_window_proxy_change,early_spectral_state,early_post_boundary_spectral_state,yes,post-collapse spectral element-line structural state,C2_SN2012aw/2012aw_2012-03-17_00-00-00_Ekar_BC-Ekar_None.dat::H_beta
C2_SN2012aw_spectral_state_00026,C2_SN2012aw,C2_SN2012aw,SN2012aw,7,2012aw_2012-03-17_00-00-00_Ekar_BC-Ekar_None,2012aw_2012-03-17_00-00-00_Ekar_BC-Ekar_None.dat,2012-03-17 00:00:00.00,,early_spectral_state,Fe_II_5169,Fe II 5169,Fe,5169,158,1.343004e-14,-1.59216689873e-15,0.00316214230239,355.875883294,10027.9831878,93.1074458624,0.00158758993888,-2.85117994221e-15,0.00098759170393,2.067403455,3984.22579228,-12.1813654416,0.00033112895666,1,1,2.7222981294,date_ordered_line_window_proxy_change,early_spectral_state,early_post_boundary_spectral_state,yes,post-collapse spectral element-line structural state,C2_SN2012aw/2012aw_2012-03-17_00-00-00_Ekar_BC-Ekar_None.dat::Fe_II_5169
C2_SN2012aw_spectral_state_00027,C2_SN2012aw,C2_SN2012aw,SN2012aw,7,2012aw_2012-03-17_00-00-00_Ekar_BC-Ekar_None,2012aw_2012-03-17_00-00-00_Ekar_BC-Ekar_None.dat,2012-03-17 00:00:00.00,,early_spectral_state,He_I_5876,He I 5876,He,5875.6,139,8.417324e-15,-6.36287482014e-17,0.00153425269794,316.362373291,6802.41786805,98.2609201919,6.35462413869e-05,1.82058344692e-15,-0.00222382351256,158.799158141,11176.3756629,52.0207694809,-0.00181835428553,1,1,12.0777695902,date_ordered_line_window_proxy_change,early_spectral_state,early_post_boundary_spectral_state,yes,post-collapse spectral element-line structural state,C2_SN2012aw/2012aw_2012-03-17_00-00-00_Ekar_BC-Ekar_None.dat::He_I_5876
C2_SN2012aw_spectral_state_00028,C2_SN2012aw,C2_SN2012aw,SN2012aw,7,2012aw_2012-03-17_00-00-00_Ekar_BC-Ekar_None,2012aw_2012-03-17_00-00-00_Ekar_BC-Ekar_None.dat,2012-03-17 00:00:00.00,,early_spectral_state,Ni_Co_decay_proxy,Ni/Co decay proxy blend,NiCo,5890,227,8.7602725e-15,-4.37877200441e-16,0.00209536453568,516.666975201,11422.199699,151.80966788,0.000437108235681,3.07661168845e-15,-0.00343555164295,274.595223012,16518.4030631,81.9626323209,-0.00307087866512,1,1,19.2962914691,date_ordered_line_window_proxy_change,early_spectral_state,early_post_boundary_spectral_state,yes,post-collapse spectral element-line structural state,C2_SN2012aw/2012aw_2012-03-17_00-00-00_Ekar_BC-Ekar_None.dat::Ni_Co_decay_proxy
C2_SN2012aw_spectral_state_00029,C2_SN2012aw,C2_SN2012aw,SN2012aw,7,2012aw_2012-03-17_00-00-00_Ekar_BC-Ekar_None,2012aw_2012-03-17_00-00-00_Ekar_BC-Ekar_None.dat,2012-03-17 00:00:00.00,,early_spectral_state,Si_II_6355,Si II 6355,Si,6355,139,7.045638e-15,1.45615453237e-16,0.000605517741193,318.107078219,4477.00293669,88.7726733835,0.000145510402175,0,0,0,0,0,0,1,1,0.216831144255,date_ordered_line_window_proxy_change,early_spectral_state,early_post_boundary_spectral_state,yes,post-collapse spectral element-line structural state,C2_SN2012aw/2012aw_2012-03-17_00-00-00_Ekar_BC-Ekar_None.dat::Si_II_6355
C2_SN2012aw_spectral_state_00030,C2_SN2012aw,C2_SN2012aw,SN2012aw,7,2012aw_2012-03-17_00-00-00_Ekar_BC-Ekar_None,2012aw_2012-03-17_00-00-00_Ekar_BC-Ekar_None.dat,2012-03-17 00:00:00.00,,early_spectral_state,H_alpha,H alpha,H,6562.8,155,6.542294e-15,3.29331941935e-16,0.000717107472088,355.605606274,-5157.17667912,97.8105457994,0.000329041341402,0,0,0,0,0,0,1,1,0.234464947985,date_ordered_line_window_proxy_change,early_spectral_state,early_post_boundary_spectral_state,yes,post-collapse spectral element-line structural state,C2_SN2012aw/2012aw_2012-03-17_00-00-00_Ekar_BC-Ekar_None.dat::H_alpha
C2_SN2012aw_spectral_state_00031,C2_SN2012aw,C2_SN2012aw,SN2012aw,7,2012aw_2012-03-17_00-00-00_Ekar_BC-Ekar_None,2012aw_2012-03-17_00-00-00_Ekar_BC-Ekar_None.dat,2012-03-17 00:00:00.00,,early_spectral_state,O_I_7774,O I 7774,O,7774,87,4.949028e-15,-1.05057564368e-15,0.0033067229356,202.356948983,-6381.2188766,64.1278268991,0.00105017116095,0,0,0,0,0,0,1,1,0.184314738447,date_ordered_line_window_proxy_change,early_spectral_state,early_post_boundary_spectral_state,yes,post-collapse spectral element-line structural state,C2_SN2012aw/2012aw_2012-03-17_00-00-00_Ekar_BC-Ekar_None.dat::O_I_7774
C2_SN2012aw_spectral_state_00032,C2_SN2012aw,C2_SN2012aw,SN2012aw,8,2012aw_2012-03-19_00-00-00_NOT_ALFOSC_None,2012aw_2012-03-19_00-00-00_NOT_ALFOSC_None.dat,2012-03-19 00:00:00.00,,early_spectral_state,H_beta,H beta,H,4861.3,93,1.9843815e-14,8.9388155914e-16,0.00165683703244,272.869478589,-7003.36280298,81.069349689,0.000890529802646,1.00629834776e-15,-0.0008933715831,-2.991968754,-13929.7057904,-16.9460359813,0.000778529544302,1,1,7.03387398947,date_ordered_line_window_proxy_change,early_spectral_state,early_post_boundary_spectral_state,yes,post-collapse spectral element-line structural state,C2_SN2012aw/2012aw_2012-03-19_00-00-00_NOT_ALFOSC_None.dat::H_beta
C2_SN2012aw_spectral_state_00033,C2_SN2012aw,C2_SN2012aw,SN2012aw,8,2012aw_2012-03-19_00-00-00_NOT_ALFOSC_None,2012aw_2012-03-19_00-00-00_NOT_ALFOSC_None.dat,2012-03-19 00:00:00.00,,early_spectral_state,Fe_II_5169,Fe II 5169,Fe,5169,121,1.6604675e-14,-6.81573512397e-16,0.00249715062544,356.716526838,10391.5090897,112.736980993,0.000678806022142,9.10593386333e-16,-0.00066499167695,0.840643544,363.5259019,19.6295351306,-0.000908783916738,1,1,1.17798601048,date_ordered_line_window_proxy_change,early_spectral_state,early_post_boundary_spectral_state,yes,post-collapse spectral element-line structural state,C2_SN2012aw/2012aw_2012-03-19_00-00-00_NOT_ALFOSC_None.dat::Fe_II_5169
C2_SN2012aw_spectral_state_00034,C2_SN2012aw,C2_SN2012aw,SN2012aw,8,2012aw_2012-03-19_00-00-00_NOT_ALFOSC_None,2012aw_2012-03-19_00-00-00_NOT_ALFOSC_None.dat,2012-03-19 00:00:00.00,,early_spectral_state,He_I_5876,He I 5876,He,5875.6,106,1.042057e-14,1.61358075472e-15,-0.000310118389613,313.686921005,-4048.49357371,78.6853673457,0.00161087750263,1.67720950292e-15,-0.00184437108755,-2.675452286,-10850.9114418,-19.5755528462,0.00154733126124,1,1,5.97063476656,date_ordered_line_window_proxy_change,early_spectral_state,early_post_boundary_spectral_state,yes,post-collapse spectral element-line structural state,C2_SN2012aw/2012aw_2012-03-19_00-00-00_NOT_ALFOSC_None.dat::He_I_5876
C2_SN2012aw_spectral_state_00035,C2_SN2012aw,C2_SN2012aw,SN2012aw,8,2012aw_2012-03-19_00-00-00_NOT_ALFOSC_None,2012aw_2012-03-19_00-00-00_NOT_ALFOSC_None.dat,2012-03-19 00:00:00.00,,early_spectral_state,Ni_Co_decay_proxy,Ni/Co decay proxy blend,NiCo,5890,174,1.177443e-14,-5.96483965517e-17,0.0020989302922,515.092840226,13017.8035196,168.450082647,5.95296604629e-05,3.78228803889e-16,3.56575652e-06,-1.574134975,1595.6038206,16.640414767,-0.000377578575218,1,1,1.48730706155,date_ordered_line_window_proxy_change,early_spectral_state,early_post_boundary_spectral_state,yes,post-collapse spectral element-line structural state,C2_SN2012aw/2012aw_2012-03-19_00-00-00_NOT_ALFOSC_None.dat::Ni_Co_decay_proxy
C2_SN2012aw_spectral_state_00036,C2_SN2012aw,C2_SN2012aw,SN2012aw,8,2012aw_2012-03-19_00-00-00_NOT_ALFOSC_None,2012aw_2012-03-19_00-00-00_NOT_ALFOSC_None.dat,2012-03-19 00:00:00.00,,early_spectral_state,Si_II_6355,Si II 6355,Si,6355,107,1.007085e-14,-1.67439859813e-16,0.0013993166915,317.320925495,-4233.93871081,97.3014689134,0.000167283212415,-3.1305531305e-16,0.000793798950307,-0.786152724,-8710.9416475,8.5287955299,2.177281024e-05,1,1,4.24953332938,date_ordered_line_window_proxy_change,early_spectral_state,early_post_boundary_spectral_state,yes,post-collapse spectral element-line structural state,C2_SN2012aw/2012aw_2012-03-19_00-00-00_NOT_ALFOSC_None.dat::Si_II_6355
C2_SN2012aw_spectral_state_00037,C2_SN2012aw,C2_SN2012aw,SN2012aw,8,2012aw_2012-03-19_00-00-00_NOT_ALFOSC_None,2012aw_2012-03-19_00-00-00_NOT_ALFOSC_None.dat,2012-03-19 00:00:00.00,,early_spectral_state,H_alpha,H alpha,H,6562.8,120,8.657441e-15,1.35333081667e-15,0.000256026465976,355.830742991,-4313.13444482,81.5917659243,0.00135195263037,1.02399887474e-15,-0.000461081006112,0.225136717,844.0422343,-16.2187798751,0.00102291128897,1,1,1.25017417093,date_ordered_line_window_proxy_change,early_spectral_state,early_post_boundary_spectral_state,yes,post-collapse spectral element-line structural state,C2_SN2012aw/2012aw_2012-03-19_00-00-00_NOT_ALFOSC_None.dat::H_alpha
C2_SN2012aw_spectral_state_00038,C2_SN2012aw,C2_SN2012aw,SN2012aw,8,2012aw_2012-03-19_00-00-00_NOT_ALFOSC_None,2012aw_2012-03-19_00-00-00_NOT_ALFOSC_None.dat,2012-03-19 00:00:00.00,,early_spectral_state,O_I_7774,O I 7774,O,7774,121,5.4305885e-15,-5.3663164876e-16,0.00363674682452,360.628736691,-6919.60221715,106.077483527,0.000536336642038,5.1394399492e-16,0.00033002388892,158.271787708,-538.38334055,41.9496566279,-0.000513834518912,1,1,6.73129006745,date_ordered_line_window_proxy_change,early_spectral_state,early_post_boundary_spectral_state,yes,post-collapse spectral element-line structural state,C2_SN2012aw/2012aw_2012-03-19_00-00-00_NOT_ALFOSC_None.dat::O_I_7774
C2_SN2012aw_spectral_state_00039,C2_SN2012aw,C2_SN2012aw,SN2012aw,8,2012aw_2012-03-19_00-00-00_NOT_ALFOSC_None,2012aw_2012-03-19_00-00-00_NOT_ALFOSC_None.dat,2012-03-19 00:00:00.00,,early_spectral_state,Ca_II_NIR,Ca II near-infrared triplet,Ca,8579,240,5.110591e-15,-6.00356683333e-16,0.00152616340305,715.569969493,9650.9678693,199.80946407,0.000599960373958,0,0,0,0,0,0,1,1,0.399286426599,date_ordered_line_window_proxy_change,early_spectral_state,early_post_boundary_spectral_state,yes,post-collapse spectral element-line structural state,C2_SN2012aw/2012aw_2012-03-19_00-00-00_NOT_ALFOSC_None.dat::Ca_II_NIR
C2_SN2012aw_spectral_state_00040,C2_SN2012aw,C2_SN2012aw,SN2012aw,9,2012aw_2012-03-19_20-13-20_Ekar_BC-Ekar_None,2012aw_2012-03-19_20-13-20_Ekar_BC-Ekar_None.dat,2012-03-19 20:13:20.00,,early_spectral_state,H_beta,H beta,H,4861.3,123,1.962443e-14,7.80244146341e-16,0.00166996783316,274.780131976,-6014.7316853,83.7301363452,0.000777310273841,-1.13637412799e-16,1.313080072e-05,1.910653387,988.63111768,2.6607866562,-0.000113219528805,1,1,0.658057657132,date_ordered_line_window_proxy_change,early_spectral_state,early_post_boundary_spectral_state,yes,post-collapse spectral element-line structural state,C2_SN2012aw/2012aw_2012-03-19_20-13-20_Ekar_BC-Ekar_None.dat::H_beta
C2_SN2012aw_spectral_state_00041,C2_SN2012aw,C2_SN2012aw,SN2012aw,9,2012aw_2012-03-19_20-13-20_Ekar_BC-Ekar_None,2012aw_2012-03-19_20-13-20_Ekar_BC-Ekar_None.dat,2012-03-19 20:13:20.00,,early_spectral_state,Fe_II_5169,Fe II 5169,Fe,5169,158,1.628091e-14,-4.14869810127e-16,0.00219615460454,354.84503166,10142.2500539,120.263859441,0.000413235441891,2.6670370227e-16,-0.0003009960209,-1.871495178,-249.2590358,7.526878448,-0.000265570580251,1,1,0.563406967359,date_ordered_line_window_proxy_change,early_spectral_state,early_post_boundary_spectral_state,yes,post-collapse spectral element-line structural state,C2_SN2012aw/2012aw_2012-03-19_20-13-20_Ekar_BC-Ekar_None.dat::Fe_II_5169
C2_SN2012aw_spectral_state_00042,C2_SN2012aw,C2_SN2012aw,SN2012aw,9,2012aw_2012-03-19_20-13-20_Ekar_BC-Ekar_None,2012aw_2012-03-19_20-13-20_Ekar_BC-Ekar_None.dat,2012-03-19 20:13:20.00,,early_spectral_state,He_I_5876,He I 5876,He,5875.6,139,1.1397535e-14,5.64949604317e-16,0.000625832057224,314.850607522,-5255.09032822,81.2433546331,0.00056409525192,-1.0486311504e-15,0.000935950446837,1.163686517,-1206.59675451,2.5579872874,-0.00104678225071,1,1,0.949104874881,date_ordered_line_window_proxy_change,early_spectral_state,early_post_boundary_spectral_state,yes,post-collapse spectral element-line structural state,C2_SN2012aw/2012aw_2012-03-19_20-13-20_Ekar_BC-Ekar_None.dat::He_I_5876
C2_SN2012aw_spectral_state_00043,C2_SN2012aw,C2_SN2012aw,SN2012aw,9,2012aw_2012-03-19_20-13-20_Ekar_BC-Ekar_None,2012aw_2012-03-19_20-13-20_Ekar_BC-Ekar_None.dat,2012-03-19 20:13:20.00,,early_spectral_state,Ni_Co_decay_proxy,Ni/Co decay proxy blend,NiCo,5890,227,1.236066e-14,-6.677790837e-16,0.00261447733459,514.391675333,12192.4145924,118.047648565,0.000666602087516,-6.08130687148e-16,0.00051554704239,-0.701164893,-825.3889272,-50.402434082,0.000607072427053,1,1,2.46948394059,date_ordered_line_window_proxy_change,early_spectral_state,early_post_boundary_spectral_state,yes,post-collapse spectral element-line structural state,C2_SN2012aw/2012aw_2012-03-19_20-13-20_Ekar_BC-Ekar_None.dat::Ni_Co_decay_proxy
C2_SN2012aw_spectral_state_00044,C2_SN2012aw,C2_SN2012aw,SN2012aw,9,2012aw_2012-03-19_20-13-20_Ekar_BC-Ekar_None,2012aw_2012-03-19_20-13-20_Ekar_BC-Ekar_None.dat,2012-03-19 20:13:20.00,,early_spectral_state,Si_II_6355,Si II 6355,Si,6355,139,1.022549e-14,1.6728452518e-16,0.00142480467405,317.041859602,-4358.81676873,96.5571570528,0.000167157829493,3.34724384993e-16,2.548798255e-05,-0.279065893,-124.87805792,-0.7443118606,-1.25382922e-07,1,1,0.183332963238,date_ordered_line_window_proxy_change,early_spectral_state,early_post_boundary_spectral_state,yes,post-collapse spectral element-line structural state,C2_SN2012aw/2012aw_2012-03-19_20-13-20_Ekar_BC-Ekar_None.dat::Si_II_6355
C2_SN2012aw_spectral_state_00045,C2_SN2012aw,C2_SN2012aw,SN2012aw,9,2012aw_2012-03-19_20-13-20_Ekar_BC-Ekar_None,2012aw_2012-03-19_20-13-20_Ekar_BC-Ekar_None.dat,2012-03-19 20:13:20.00,,early_spectral_state,H_alpha,H alpha,H,6562.8,156,9.135328e-15,1.23631312821e-15,0.00035766659831,356.843718976,-5943.67929019,80.7771254763,0.00123527267804,-1.1701768846e-16,0.000101640132334,1.012975985,-1630.54484537,-0.814640448,-0.00011667995233,1,1,0.844734963694,date_ordered_line_window_proxy_change,early_spectral_state,early_post_boundary_spectral_state,yes,post-collapse spectral element-line structural state,C2_SN2012aw/2012aw_2012-03-19_20-13-20_Ekar_BC-Ekar_None.dat::H_alpha
C2_SN2012aw_spectral_state_00046,C2_SN2012aw,C2_SN2012aw,SN2012aw,9,2012aw_2012-03-19_20-13-20_Ekar_BC-Ekar_None,2012aw_2012-03-19_20-13-20_Ekar_BC-Ekar_None.dat,2012-03-19 20:13:20.00,,early_spectral_state,O_I_7774,O I 7774,O,7774,87,6.6370855e-15,-1.22516975287e-15,0.00373966005646,204.23208183,-6120.3074583,57.95653553,0.00122476427555,-6.8853810411e-16,0.00010291323194,-156.396654861,799.29475885,-48.120947997,0.000688427633512,1,1,7.04205649749,date_ordered_line_window_proxy_change,early_spectral_state,early_post_boundary_spectral_state,yes,post-collapse spectral element-line structural state,C2_SN2012aw/2012aw_2012-03-19_20-13-20_Ekar_BC-Ekar_None.dat::O_I_7774
C2_SN2012aw_spectral_state_00047,C2_SN2012aw,C2_SN2012aw,SN2012aw,10,2012aw_2012-03-20_12-32-20.954_Lijiang-2.4m_YFOSC_None,2012aw_2012-03-20_12-32-20.954_Lijiang-2.4m_YFOSC_None.dat,2012-03-20 12:32:20.00,,early_spectral_state,H_beta,H beta,H,4861.3,99,2.463908e-14,1.11444373737e-15,0.00309285490067,273.833279952,-6996.68484844,88.1449781405,0.0011062771531,3.34199591029e-16,0.00142288706751,-0.946852024,-981.95316314,4.4148417953,0.000328966879259,1,1,0.805106131908,date_ordered_line_window_proxy_change,early_spectral_state,early_post_boundary_spectral_state,yes,post-collapse spectral element-line structural state,C2_SN2012aw/2012aw_2012-03-20_12-32-20.954_Lijiang-2.4m_YFOSC_None.dat::H_beta
C2_SN2012aw_spectral_state_00048,C2_SN2012aw,C2_SN2012aw,SN2012aw,10,2012aw_2012-03-20_12-32-20.954_Lijiang-2.4m_YFOSC_None,2012aw_2012-03-20_12-32-20.954_Lijiang-2.4m_YFOSC_None.dat,2012-03-20 12:32:20.00,,early_spectral_state,Fe_II_5169,Fe II 5169,Fe,5169,127,2.278967e-14,-5.07319354331e-15,0.00819923220382,354.096222968,10369.8929971,93.0825090157,0.00503759970655,-4.65832373318e-15,0.00600307759928,-0.748808692,227.6429432,-27.1813504253,0.00462436426466,1,1,2.3760309919,date_ordered_line_window_proxy_change,early_spectral_state,early_post_boundary_spectral_state,yes,post-collapse spectral element-line structural state,C2_SN2012aw/2012aw_2012-03-20_12-32-20.954_Lijiang-2.4m_YFOSC_None.dat::Fe_II_5169
C2_SN2012aw_spectral_state_00049,C2_SN2012aw,C2_SN2012aw,SN2012aw,10,2012aw_2012-03-20_12-32-20.954_Lijiang-2.4m_YFOSC_None,2012aw_2012-03-20_12-32-20.954_Lijiang-2.4m_YFOSC_None.dat,2012-03-20 12:32:20.00,,early_spectral_state,He_I_5876,He I 5876,He,5875.6,112,9.8779305e-15,5.24934705357e-16,0.000902144182465,314.504831512,-6570.69477234,90.9058736647,0.000523835225079,-4.001489896e-17,0.000276312125241,-0.34577601,-1315.60444412,9.6625190316,-4.0260026841e-05,1,1,1.0161992816,date_ordered_line_window_proxy_change,early_spectral_state,early_post_boundary_spectral_state,yes,post-collapse spectral element-line structural state,C2_SN2012aw/2012aw_2012-03-20_12-32-20.954_Lijiang-2.4m_YFOSC_None.dat::He_I_5876
C2_SN2012aw_spectral_state_00050,C2_SN2012aw,C2_SN2012aw,SN2012aw,10,2012aw_2012-03-20_12-32-20.954_Lijiang-2.4m_YFOSC_None,2012aw_2012-03-20_12-32-20.954_Lijiang-2.4m_YFOSC_None.dat,2012-03-20 12:32:20.00,,early_spectral_state,Ni_Co_decay_proxy,Ni/Co decay proxy blend,NiCo,5890,184,1.01976325e-14,-8.05917228261e-17,0.00229124126362,516.835923292,13166.250515,173.636739288,8.03415282442e-05,5.87187360874e-16,-0.00032323607097,2.444247959,973.8359226,55.589090723,-0.000586260559272,1,1,2.76798470291,date_ordered_line_window_proxy_change,early_spectral_state,early_post_boundary_spectral_state,yes,post-collapse spectral element-line structural state,C2_SN2012aw/2012aw_2012-03-20_12-32-20.954_Lijiang-2.4m_YFOSC_None.dat::Ni_Co_decay_proxy
C2_SN2012aw_spectral_state_00051,C2_SN2012aw,C2_SN2012aw,SN2012aw,10,2012aw_2012-03-20_12-32-20.954_Lijiang-2.4m_YFOSC_None,2012aw_2012-03-20_12-32-20.954_Lijiang-2.4m_YFOSC_None.dat,2012-03-20 12:32:20.00,,early_spectral_state,Si_II_6355,Si II 6355,Si,6355,113,7.928153e-15,-1.71570637168e-16,0.00104906981401,318.148287424,-4126.10825286,88.8357695519,0.00017138367604,-3.38855162348e-16,-0.00037573486004,1.106427822,232.70851587,-7.7213875009,4.225846547e-06,1,1,0.536468331489,date_ordered_line_window_proxy_change,early_spectral_state,early_post_boundary_spectral_state,yes,post-collapse spectral element-line structural state,C2_SN2012aw/2012aw_2012-03-20_12-32-20.954_Lijiang-2.4m_YFOSC_None.dat::Si_II_6355
C2_SN2012aw_spectral_state_00052,C2_SN2012aw,C2_SN2012aw,SN2012aw,10,2012aw_2012-03-20_12-32-20.954_Lijiang-2.4m_YFOSC_None,2012aw_2012-03-20_12-32-20.954_Lijiang-2.4m_YFOSC_None.dat,2012-03-20 12:32:20.00,,early_spectral_state,H_alpha,H alpha,H,6562.8,127,6.031539e-15,1.64636982677e-15,-0.000245926683617,357.587840709,-6636.34662777,90.7912110477,0.00164475044772,4.1005669856e-16,-0.000603593281927,0.744121733,-692.66733758,10.0140855714,0.00040947776968,1,1,0.857819725227,date_ordered_line_window_proxy_change,early_spectral_state,early_post_boundary_spectral_state,yes,post-collapse spectral element-line structural state,C2_SN2012aw/2012aw_2012-03-20_12-32-20.954_Lijiang-2.4m_YFOSC_None.dat::H_alpha
C2_SN2012aw_spectral_state_00053,C2_SN2012aw,C2_SN2012aw,SN2012aw,10,2012aw_2012-03-20_12-32-20.954_Lijiang-2.4m_YFOSC_None,2012aw_2012-03-20_12-32-20.954_Lijiang-2.4m_YFOSC_None.dat,2012-03-20 12:32:20.00,,early_spectral_state,O_I_7774,O I 7774,O,7774,127,3.2729265e-15,-1.08626574803e-17,0.000397000147696,359.166284531,-6474.53638782,122.678501561,1.08565955877e-05,1.21430709539e-15,-0.00334265990876,154.934202701,-354.22892952,64.721966031,-0.00121390767996,1,1,7.69455310898,date_ordered_line_window_proxy_change,early_spectral_state,early_post_boundary_spectral_state,yes,post-collapse spectral element-line structural state,C2_SN2012aw/2012aw_2012-03-20_12-32-20.954_Lijiang-2.4m_YFOSC_None.dat::O_I_7774
C2_SN2012aw_spectral_state_00054,C2_SN2012aw,C2_SN2012aw,SN2012aw,10,2012aw_2012-03-20_12-32-20.954_Lijiang-2.4m_YFOSC_None,2012aw_2012-03-20_12-32-20.954_Lijiang-2.4m_YFOSC_None.dat,2012-03-20 12:32:20.00,,early_spectral_state,Ca_II_NIR,Ca II near-infrared triplet,Ca,8579,212,2.9248535e-15,-6.34714117925e-16,0.00107801446562,600.135405412,5955.02945188,162.941186972,0.000634622818054,-3.4357434592e-17,-0.00044814893743,-115.434564081,-3695.93841742,-36.868277098,3.4662444096e-05,1,1,6.53691621818,date_ordered_line_window_proxy_change,early_spectral_state,early_post_boundary_spectral_state,yes,post-collapse spectral element-line structural state,C2_SN2012aw/2012aw_2012-03-20_12-32-20.954_Lijiang-2.4m_YFOSC_None.dat::Ca_II_NIR
C2_SN2012aw_spectral_state_00055,C2_SN2012aw,C2_SN2012aw,SN2012aw,11,2012aw_2012-03-20_20-38-27_TNG_DOLORES_None,2012aw_2012-03-20_20-38-27_TNG_DOLORES_None.dat,2012-03-20 20:38:27.00,,early_spectral_state,H_beta,H beta,H,4861.3,106,1.944697e-14,1.26831896226e-15,0.000783660183913,274.30220511,-6116.21087591,67.3999283949,0.00126452722696,1.5387522489e-16,-0.00230919471676,0.468925158,880.47397253,-20.7450497456,0.00015825007386,1,1,1.37401753389,date_ordered_line_window_proxy_change,early_spectral_state,early_post_boundary_spectral_state,yes,post-collapse spectral element-line structural state,C2_SN2012aw/2012aw_2012-03-20_20-38-27_TNG_DOLORES_None.dat::H_beta
C2_SN2012aw_spectral_state_00056,C2_SN2012aw,C2_SN2012aw,SN2012aw,11,2012aw_2012-03-20_20-38-27_TNG_DOLORES_None,2012aw_2012-03-20_20-38-27_TNG_DOLORES_None.dat,2012-03-20 20:38:27.00,,early_spectral_state,Fe_II_5169,Fe II 5169,Fe,5169,136,1.683757e-14,-5.23801764706e-16,0.00232683180658,353.471168427,10170.9947964,117.234452165,0.000521749171029,4.5493917786e-15,-0.00587240039724,-0.625054541,-198.8982007,24.1519431493,-0.00451585053552,1,1,2.21852369382,date_ordered_line_window_proxy_change,early_spectral_state,early_post_boundary_spectral_state,yes,post-collapse spectral element-line structural state,C2_SN2012aw/2012aw_2012-03-20_20-38-27_TNG_DOLORES_None.dat::Fe_II_5169
C2_SN2012aw_spectral_state_00057,C2_SN2012aw,C2_SN2012aw,SN2012aw,11,2012aw_2012-03-20_20-38-27_TNG_DOLORES_None,2012aw_2012-03-20_20-38-27_TNG_DOLORES_None.dat,2012-03-20 20:38:27.00,,early_spectral_state,He_I_5876,He I 5876,He,5875.6,121,1.094225e-14,1.56452471074e-15,-0.000285189386436,315.659070323,-4252.86517063,79.4321473953,0.00156224308669,1.03959000538e-15,-0.0011873335689,1.154238811,2317.82960171,-11.4737262694,0.00103840786161,1,1,1.7774591342,date_ordered_line_window_proxy_change,early_spectral_state,early_post_boundary_spectral_state,yes,post-collapse spectral element-line structural state,C2_SN2012aw/2012aw_2012-03-20_20-38-27_TNG_DOLORES_None.dat::He_I_5876
C2_SN2012aw_spectral_state_00058,C2_SN2012aw,C2_SN2012aw,SN2012aw,11,2012aw_2012-03-20_20-38-27_TNG_DOLORES_None,2012aw_2012-03-20_20-38-27_TNG_DOLORES_None.dat,2012-03-20 20:38:27.00,,early_spectral_state,Ni_Co_decay_proxy,Ni/Co decay proxy blend,NiCo,5890,197,1.178185e-14,3.84990050761e-16,0.00141834922222,514.10444282,-4975.40678977,156.655028597,0.000384296161753,4.65581773587e-16,-0.0008728920414,-2.731480472,-18141.6573048,-16.981710691,0.000303954633509,1,1,8.75350396911,date_ordered_line_window_proxy_change,early_spectral_state,early_post_boundary_spectral_state,yes,post-collapse spectral element-line structural state,C2_SN2012aw/2012aw_2012-03-20_20-38-27_TNG_DOLORES_None.dat::Ni_Co_decay_proxy
C2_SN2012aw_spectral_state_00059,C2_SN2012aw,C2_SN2012aw,SN2012aw,11,2012aw_2012-03-20_20-38-27_TNG_DOLORES_None,2012aw_2012-03-20_20-38-27_TNG_DOLORES_None.dat,2012-03-20 20:38:27.00,,early_spectral_state,Si_II_6355,Si II 6355,Si,6355,121,1.077874e-14,-1.65205710744e-16,0.00135025989961,316.25708248,-4176.07875344,99.1561112004,0.000165063014754,6.364926424e-18,0.0003011900856,-1.891204944,-49.97050058,10.3203416485,-6.320661286e-06,1,1,0.53398735333,date_ordered_line_window_proxy_change,early_spectral_state,early_post_boundary_spectral_state,yes,post-collapse spectral element-line structural state,C2_SN2012aw/2012aw_2012-03-20_20-38-27_TNG_DOLORES_None.dat::Si_II_6355
C2_SN2012aw_spectral_state_00060,C2_SN2012aw,C2_SN2012aw,SN2012aw,11,2012aw_2012-03-20_20-38-27_TNG_DOLORES_None,2012aw_2012-03-20_20-38-27_TNG_DOLORES_None.dat,2012-03-20 20:38:27.00,,early_spectral_state,H_alpha,H alpha,H,6562.8,136,9.0877195e-15,1.82635008088e-15,-6.78687280368e-05,355.349194316,-4269.34123803,84.698521962,0.00182483491804,1.7998025411e-16,0.00017805795558,-2.238646393,2367.00538974,-6.0926890857,0.00018008447032,1,1,1.41535649538,date_ordered_line_window_proxy_change,early_spectral_state,early_post_boundary_spectral_state,yes,post-collapse spectral element-line structural state,C2_SN2012aw/2012aw_2012-03-20_20-38-27_TNG_DOLORES_None.dat::H_alpha
C2_SN2012aw_spectral_state_00061,C2_SN2012aw,C2_SN2012aw,SN2012aw,11,2012aw_2012-03-20_20-38-27_TNG_DOLORES_None,2012aw_2012-03-20_20-38-27_TNG_DOLORES_None.dat,2012-03-20 20:38:27.00,,early_spectral_state,O_I_7774,O I 7774,O,7774,136,5.7475e-15,-4.93740220588e-17,0.000405353232297,357.199329961,6481.64586169,121.640412337,4.93455668812e-05,-3.85113645785e-17,8.353084601e-06,-1.96695457,12956.1822495,-1.038089224,3.84889712935e-05,1,1,5.76901543074,date_ordered_line_window_proxy_change,early_spectral_state,early_post_boundary_spectral_state,yes,post-collapse spectral element-line structural state,C2_SN2012aw/2012aw_2012-03-20_20-38-27_TNG_DOLORES_None.dat::O_I_7774
C2_SN2012aw_spectral_state_00062,C2_SN2012aw,C2_SN2012aw,SN2012aw,11,2012aw_2012-03-20_20-38-27_TNG_DOLORES_None,2012aw_2012-03-20_20-38-27_TNG_DOLORES_None.dat,2012-03-20 20:38:27.00,,early_spectral_state,Ca_II_NIR,Ca II near-infrared triplet,Ca,8579,273,4.140517e-15,3.23246186813e-16,0.000621449876223,717.905029123,-12498.2493931,206.426490239,0.000322922203543,9.57960304738e-16,-0.000456564589397,117.769623711,-18453.278845,43.485303267,-0.000311700614511,1,1,13.3827424926,date_ordered_line_window_proxy_change,early_spectral_state,early_post_boundary_spectral_state,yes,post-collapse spectral element-line structural state,C2_SN2012aw/2012aw_2012-03-20_20-38-27_TNG_DOLORES_None.dat::Ca_II_NIR
C2_SN2012aw_spectral_state_00063,C2_SN2012aw,C2_SN2012aw,SN2012aw,12,2012aw_2012-03-21_00-38-57_Ekar_BC-Ekar_None,2012aw_2012-03-21_00-38-57_Ekar_BC-Ekar_None.dat,2012-03-21 00:38:57.00,,early_spectral_state,H_beta,H beta,H,4861.3,123,2.0359885e-14,1.70593646341e-15,0.000987666229156,274.24738447,-6028.46529491,65.198003067,0.00169986638954,4.3761750115e-16,0.000204006045243,-0.05482064,87.745581,-2.2019253279,0.00043533916258,1,1,0.265347075126,date_ordered_line_window_proxy_change,early_spectral_state,early_post_boundary_spectral_state,yes,post-collapse spectral element-line structural state,C2_SN2012aw/2012aw_2012-03-21_00-38-57_Ekar_BC-Ekar_None.dat::H_beta
C2_SN2012aw_spectral_state_00064,C2_SN2012aw,C2_SN2012aw,SN2012aw,12,2012aw_2012-03-21_00-38-57_Ekar_BC-Ekar_None,2012aw_2012-03-21_00-38-57_Ekar_BC-Ekar_None.dat,2012-03-21 00:38:57.00,,early_spectral_state,Fe_II_5169,Fe II 5169,Fe,5169,158,1.437508e-14,2.43889556962e-15,-3.15662328771e-05,353.211659809,-10334.3999189,86.3079918836,0.00242745015785,2.96269733433e-15,-0.00235839803946,-0.259508618,-20505.3947153,-30.9264602814,0.00190570098682,1,1,10.7172382509,date_ordered_line_window_proxy_change,early_spectral_state,early_post_boundary_spectral_state,yes,post-collapse spectral element-line structural state,C2_SN2012aw/2012aw_2012-03-21_00-38-57_Ekar_BC-Ekar_None.dat::Fe_II_5169
C2_SN2012aw_spectral_state_00065,C2_SN2012aw,C2_SN2012aw,SN2012aw,12,2012aw_2012-03-21_00-38-57_Ekar_BC-Ekar_None,2012aw_2012-03-21_00-38-57_Ekar_BC-Ekar_None.dat,2012-03-21 00:38:57.00,,early_spectral_state,He_I_5876,He I 5876,He,5875.6,140,1.115756e-14,8.71698142857e-16,0.000830642061362,316.321667953,-1932.13569154,75.8417952884,0.000870212313309,-6.92826567883e-16,0.0011158314478,0.66259763,2320.72947909,-3.5903521069,-0.000692030773381,1,1,1.39779846198,date_ordered_line_window_proxy_change,early_spectral_state,early_post_boundary_spectral_state,yes,post-collapse spectral element-line structural state,C2_SN2012aw/2012aw_2012-03-21_00-38-57_Ekar_BC-Ekar_None.dat::He_I_5876
C2_SN2012aw_spectral_state_00066,C2_SN2012aw,C2_SN2012aw,SN2012aw,12,2012aw_2012-03-21_00-38-57_Ekar_BC-Ekar_None,2012aw_2012-03-21_00-38-57_Ekar_BC-Ekar_None.dat,2012-03-21 00:38:57.00,,early_spectral_state,Ni_Co_decay_proxy,Ni/Co decay proxy blend,NiCo,5890,227,1.2426685e-14,-7.70341885463e-16,0.00320012801717,513.199260851,11172.9564422,114.637196805,0.000768605460258,-1.15533193622e-15,0.00178177879495,-0.905181969,16148.363232,-42.017831792,0.000384309298505,1,1,8.91571142912,date_ordered_line_window_proxy_change,early_spectral_state,early_post_boundary_spectral_state,yes,post-collapse spectral element-line structural state,C2_SN2012aw/2012aw_2012-03-21_00-38-57_Ekar_BC-Ekar_None.dat::Ni_Co_decay_proxy
C2_SN2012aw_spectral_state_00067,C2_SN2012aw,C2_SN2012aw,SN2012aw,12,2012aw_2012-03-21_00-38-57_Ekar_BC-Ekar_None,2012aw_2012-03-21_00-38-57_Ekar_BC-Ekar_None.dat,2012-03-21 00:38:57.00,,early_spectral_state,Si_II_6355,Si II 6355,Si,6355,139,1.009428e-14,-3.05451913669e-16,0.00178834197536,316.7827225,-3367.39785108,93.9441256865,0.000305176869418,-1.40246202925e-16,0.00043808207575,0.52564002,808.68090236,-5.2119855139,0.000140113854664,1,1,0.661268622878,date_ordered_line_window_proxy_change,early_spectral_state,early_post_boundary_spectral_state,yes,post-collapse spectral element-line structural state,C2_SN2012aw/2012aw_2012-03-21_00-38-57_Ekar_BC-Ekar_None.dat::Si_II_6355
C2_SN2012aw_spectral_state_00068,C2_SN2012aw,C2_SN2012aw,SN2012aw,12,2012aw_2012-03-21_00-38-57_Ekar_BC-Ekar_None,2012aw_2012-03-21_00-38-57_Ekar_BC-Ekar_None.dat,2012-03-21 00:38:57.00,,early_spectral_state,H_alpha,H alpha,H,6562.8,156,8.314093e-15,1.90471628205e-15,2.1509170754e-05,356.188739421,-1317.23258834,87.1014644291,0.00190269687837,7.836620117e-17,8.93778987908e-05,0.839545105,2952.10864969,2.4029424671,7.786196033e-05,1,1,1.46404173327,date_ordered_line_window_proxy_change,early_spectral_state,early_post_boundary_spectral_state,yes,post-collapse spectral element-line structural state,C2_SN2012aw/2012aw_2012-03-21_00-38-57_Ekar_BC-Ekar_None.dat::H_alpha
C2_SN2012aw_spectral_state_00069,C2_SN2012aw,C2_SN2012aw,SN2012aw,12,2012aw_2012-03-21_00-38-57_Ekar_BC-Ekar_None,2012aw_2012-03-21_00-38-57_Ekar_BC-Ekar_None.dat,2012-03-21 00:38:57.00,,early_spectral_state,O_I_7774,O I 7774,O,7774,153,5.4826435e-15,-8.01166539216e-16,0.00331725019975,357.851231538,-6216.5008671,115.191848147,0.000800698355368,-7.51792517157e-16,0.00291189696745,0.651901577,-12698.1467288,-6.44856419,0.000751352788487,1,1,6.10336843749,date_ordered_line_window_proxy_change,early_spectral_state,early_post_boundary_spectral_state,yes,post-collapse spectral element-line structural state,C2_SN2012aw/2012aw_2012-03-21_00-38-57_Ekar_BC-Ekar_None.dat::O_I_7774
C2_SN2012aw_spectral_state_00070,C2_SN2012aw,C2_SN2012aw,SN2012aw,13,2012aw_2012-03-21_22-25-29_Ekar_BC-Ekar_None,2012aw_2012-03-21_22-25-29_Ekar_BC-Ekar_None.dat,2012-03-21 22:25:29.00,,early_spectral_state,H_beta,H beta,H,4861.3,122,2.126042e-14,3.02203590164e-15,-0.0010475976343,273.445339044,-4002.94145243,73.1911533158,0.00301212326671,1.31609943823e-15,-0.00203526386346,-0.802045426,2025.52384248,7.9931502488,0.00131225687717,1,1,1.60397405744,date_ordered_line_window_proxy_change,early_spectral_state,early_post_boundary_spectral_state,yes,post-collapse spectral element-line structural state,C2_SN2012aw/2012aw_2012-03-21_22-25-29_Ekar_BC-Ekar_None.dat::H_beta
C2_SN2012aw_spectral_state_00071,C2_SN2012aw,C2_SN2012aw,SN2012aw,13,2012aw_2012-03-21_22-25-29_Ekar_BC-Ekar_None,2012aw_2012-03-21_22-25-29_Ekar_BC-Ekar_None.dat,2012-03-21 22:25:29.00,,early_spectral_state,Fe_II_5169,Fe II 5169,Fe,5169,157,1.636939e-14,2.8883766879e-15,-0.000499867474364,353.63357389,-10055.6978274,89.6587041995,0.00287463880636,4.4948111828e-16,-0.000468301241487,0.421914081,278.7020915,3.3507123159,0.00044718864851,1,1,0.418049299591,date_ordered_line_window_proxy_change,early_spectral_state,early_post_boundary_spectral_state,yes,post-collapse spectral element-line structural state,C2_SN2012aw/2012aw_2012-03-21_22-25-29_Ekar_BC-Ekar_None.dat::Fe_II_5169
C2_SN2012aw_spectral_state_00072,C2_SN2012aw,C2_SN2012aw,SN2012aw,13,2012aw_2012-03-21_22-25-29_Ekar_BC-Ekar_None,2012aw_2012-03-21_22-25-29_Ekar_BC-Ekar_None.dat,2012-03-21 22:25:29.00,,early_spectral_state,He_I_5876,He I 5876,He,5875.6,139,1.3595715e-14,1.27295838129e-15,0.000127590318394,314.454981574,-2017.89064864,73.079776753,0.00127112899973,4.01260238433e-16,-0.000703051742968,-1.866686379,-85.7549571,-2.7620185354,0.000400916686421,1,1,0.358594737323,date_ordered_line_window_proxy_change,early_spectral_state,early_post_boundary_spectral_state,yes,post-collapse spectral element-line structural state,C2_SN2012aw/2012aw_2012-03-21_22-25-29_Ekar_BC-Ekar_None.dat::He_I_5876
C2_SN2012aw_spectral_state_00073,C2_SN2012aw,C2_SN2012aw,SN2012aw,13,2012aw_2012-03-21_22-25-29_Ekar_BC-Ekar_None,2012aw_2012-03-21_22-25-29_Ekar_BC-Ekar_None.dat,2012-03-21 22:25:29.00,,early_spectral_state,Ni_Co_decay_proxy,Ni/Co decay proxy blend,NiCo,5890,226,1.419434e-14,1.84313141593e-16,0.00173013191929,511.527326003,12756.2970097,146.262797671,0.000183907514953,9.54655027056e-16,-0.00146999609788,-1.671934848,1583.3405675,31.625600866,-0.000584697945305,1,1,2.20905074124,date_ordered_line_window_proxy_change,early_spectral_state,early_post_boundary_spectral_state,yes,post-collapse spectral element-line structural state,C2_SN2012aw/2012aw_2012-03-21_22-25-29_Ekar_BC-Ekar_None.dat::Ni_Co_decay_proxy
C2_SN2012aw_spectral_state_00074,C2_SN2012aw,C2_SN2012aw,SN2012aw,13,2012aw_2012-03-21_22-25-29_Ekar_BC-Ekar_None,2012aw_2012-03-21_22-25-29_Ekar_BC-Ekar_None.dat,2012-03-21 22:25:29.00,,early_spectral_state,Si_II_6355,Si II 6355,Si,6355,140,1.2905555e-14,-6.40245071429e-16,0.00258870630836,317.540178432,-4495.60453196,89.3543993084,0.000639493304699,-3.3479315776e-16,0.000800364333,0.757455932,-1128.20668088,-4.5897263781,0.000334316435281,1,1,0.838219558431,date_ordered_line_window_proxy_change,early_spectral_state,early_post_boundary_spectral_state,yes,post-collapse spectral element-line structural state,C2_SN2012aw/2012aw_2012-03-21_22-25-29_Ekar_BC-Ekar_None.dat::Si_II_6355
C2_SN2012aw_spectral_state_00075,C2_SN2012aw,C2_SN2012aw,SN2012aw,13,2012aw_2012-03-21_22-25-29_Ekar_BC-Ekar_None,2012aw_2012-03-21_22-25-29_Ekar_BC-Ekar_None.dat,2012-03-21 22:25:29.00,,early_spectral_state,H_alpha,H alpha,H,6562.8,157,1.0283495e-14,2.62169595541e-15,-0.000337603258578,355.858994259,-3698.6417322,88.4205017266,0.00261823102607,7.1697967336e-16,-0.000359112429332,-0.329745162,-2381.40914386,1.3190372975,0.0007155341477,1,1,1.29459443927,date_ordered_line_window_proxy_change,early_spectral_state,early_post_boundary_spectral_state,yes,post-collapse spectral element-line structural state,C2_SN2012aw/2012aw_2012-03-21_22-25-29_Ekar_BC-Ekar_None.dat::H_alpha
C2_SN2012aw_spectral_state_00076,C2_SN2012aw,C2_SN2012aw,SN2012aw,13,2012aw_2012-03-21_22-25-29_Ekar_BC-Ekar_None,2012aw_2012-03-21_22-25-29_Ekar_BC-Ekar_None.dat,2012-03-21 22:25:29.00,,early_spectral_state,O_I_7774,O I 7774,O,7774,157,7.615653e-15,-5.37933484076e-16,0.00378234199583,357.931517281,-6381.71122632,113.469679674,0.000537612581877,2.6323305514e-16,0.00046509179608,0.080285743,-165.21035922,-1.722168473,-0.000263085773491,1,1,0.262100468417,date_ordered_line_window_proxy_change,early_spectral_state,early_post_boundary_spectral_state,yes,post-collapse spectral element-line structural state,C2_SN2012aw/2012aw_2012-03-21_22-25-29_Ekar_BC-Ekar_None.dat::O_I_7774
C2_SN2012aw_spectral_state_00077,C2_SN2012aw,C2_SN2012aw,SN2012aw,14,2012aw_2012-03-22_01-55-44.00_TNG_SARG_None,2012aw_2012-03-22_01-55-44.00_TNG_SARG_None.dat,2012-03-22 01:55:44.00,,rising_or_near_peak_spectral_state,He_I_5876,He I 5876,He,5875.6,1672,1637.342,-189.337660712,1.02287811587,8.13467396447,2183.10152509,20.2537069414,0,-189.337660712,1.02275052555,-306.32030761,4200.99217373,-52.8260698116,-0.00127112899973,1,1,2.3468567547e+16,date_ordered_line_window_proxy_change,rising_or_near_peak_spectral_state,peak_response_spectral_state,yes,post-collapse spectral element-line structural state,C2_SN2012aw/2012aw_2012-03-22_01-55-44.00_TNG_SARG_None.dat::He_I_5876
C2_SN2012aw_spectral_state_00078,C2_SN2012aw,C2_SN2012aw,SN2012aw,14,2012aw_2012-03-22_01-55-44.00_TNG_SARG_None,2012aw_2012-03-22_01-55-44.00_TNG_SARG_None.dat,2012-03-22 01:55:44.00,,rising_or_near_peak_spectral_state,Ni_Co_decay_proxy,Ni/Co decay proxy blend,NiCo,5890,1672,1637.342,-189.337660712,1.02287811587,8.13467396447,1444.8251147,20.2537069414,0,-189.337660712,1.02114798395,-503.392652039,-11311.471895,-126.00909073,-0.000183907514953,1,1,2.3468567547e+16,date_ordered_line_window_proxy_change,rising_or_near_peak_spectral_state,peak_response_spectral_state,yes,post-collapse spectral element-line structural state,C2_SN2012aw/2012aw_2012-03-22_01-55-44.00_TNG_SARG_None.dat::Ni_Co_decay_proxy
C2_SN2012aw_spectral_state_00079,C2_SN2012aw,C2_SN2012aw,SN2012aw,15,2012aw_2012-03-22_18-20-09_HCT-2m_HFOSC_None,2012aw_2012-03-22_18-20-09_HCT-2m_HFOSC_None.txt,2012-03-22 18:20:09.00,,rising_or_near_peak_spectral_state,H_beta,H beta,H,4861.3,195,1.2598176075e-14,1.66748432417e-15,-8.0743510313e-05,275.882776406,-4967.39406223,67.9499912717,0.0016636678839,-1.35455157747e-15,0.000966854123987,2.437437362,-964.4526098,-5.2411620441,-0.00134845538281,1,1,1.04255201966,date_ordered_line_window_proxy_change,rising_or_near_peak_spectral_state,peak_response_spectral_state,yes,post-collapse spectral element-line structural state,C2_SN2012aw/2012aw_2012-03-22_18-20-09_HCT-2m_HFOSC_None.txt::H_beta
C2_SN2012aw_spectral_state_00080,C2_SN2012aw,C2_SN2012aw,SN2012aw,15,2012aw_2012-03-22_18-20-09_HCT-2m_HFOSC_None,2012aw_2012-03-22_18-20-09_HCT-2m_HFOSC_None.txt,2012-03-22 18:20:09.00,,rising_or_near_peak_spectral_state,Fe_II_5169,Fe II 5169,Fe,5169,251,1.11260579578e-14,-1.39661002597e-16,0.00196141094586,356.27140747,10022.9512888,123.493073518,0.000139204673094,-3.0280376905e-15,0.00246127842022,2.63783358,20078.6491162,33.8343693185,-0.00273543413327,1,1,10.7802484083,date_ordered_line_window_proxy_change,rising_or_near_peak_spectral_state,peak_response_spectral_state,yes,post-collapse spectral element-line structural state,C2_SN2012aw/2012aw_2012-03-22_18-20-09_HCT-2m_HFOSC_None.txt::Fe_II_5169
C2_SN2012aw_spectral_state_00081,C2_SN2012aw,C2_SN2012aw,SN2012aw,15,2012aw_2012-03-22_18-20-09_HCT-2m_HFOSC_None,2012aw_2012-03-22_18-20-09_HCT-2m_HFOSC_None.txt,2012-03-22 18:20:09.00,,rising_or_near_peak_spectral_state,He_I_5876,He I 5876,He,5875.6,223,7.13216642538e-15,7.04224562985e-16,0.000219882789325,317.515074267,-2113.52126381,70.9895008525,0.000703653692331,189.337660712,-1.02265823308,309.380400303,-4296.6227889,50.7357939111,0.000703653692331,1,1,2.3468567547e+16,date_ordered_line_window_proxy_change,rising_or_near_peak_spectral_state,peak_response_spectral_state,yes,post-collapse spectral element-line structural state,C2_SN2012aw/2012aw_2012-03-22_18-20-09_HCT-2m_HFOSC_None.txt::He_I_5876
C2_SN2012aw_spectral_state_00082,C2_SN2012aw,C2_SN2012aw,SN2012aw,15,2012aw_2012-03-22_18-20-09_HCT-2m_HFOSC_None,2012aw_2012-03-22_18-20-09_HCT-2m_HFOSC_None.txt,2012-03-22 18:20:09.00,,rising_or_near_peak_spectral_state,Ni_Co_decay_proxy,Ni/Co decay proxy blend,NiCo,5890,363,7.71350952441e-15,-1.61422060702e-16,0.00143488322116,517.001191941,13040.0879354,144.513042575,0.000161215649958,189.337660712,-1.02144323265,508.866517977,11595.2628207,124.259335634,0.000161215649958,1,1,2.3468567547e+16,date_ordered_line_window_proxy_change,rising_or_near_peak_spectral_state,peak_response_spectral_state,yes,post-collapse spectral element-line structural state,C2_SN2012aw/2012aw_2012-03-22_18-20-09_HCT-2m_HFOSC_None.txt::Ni_Co_decay_proxy
C2_SN2012aw_spectral_state_00083,C2_SN2012aw,C2_SN2012aw,SN2012aw,15,2012aw_2012-03-22_18-20-09_HCT-2m_HFOSC_None,2012aw_2012-03-22_18-20-09_HCT-2m_HFOSC_None.txt,2012-03-22 18:20:09.00,,rising_or_near_peak_spectral_state,Si_II_6355,Si II 6355,Si,6355,223,6.77154890996e-15,-1.80380075927e-16,0.00130233952065,317.909979551,-4448.50978202,98.6372386174,0.000180256664167,4.59864995502e-16,-0.00128636678771,0.369801119,47.09474994,9.282839309,-0.000459236640532,1,1,0.583336610616,date_ordered_line_window_proxy_change,rising_or_near_peak_spectral_state,peak_response_spectral_state,yes,post-collapse spectral element-line structural state,C2_SN2012aw/2012aw_2012-03-22_18-20-09_HCT-2m_HFOSC_None.txt::Si_II_6355
C2_SN2012aw_spectral_state_00084,C2_SN2012aw,C2_SN2012aw,SN2012aw,15,2012aw_2012-03-22_18-20-09_HCT-2m_HFOSC_None,2012aw_2012-03-22_18-20-09_HCT-2m_HFOSC_None.txt,2012-03-22 18:20:09.00,,rising_or_near_peak_spectral_state,H_alpha,H alpha,H,6562.8,251,5.25208124948e-15,1.69726644927e-15,-5.84416405879e-05,357.695026741,-4058.16683704,85.0364856932,0.00169576430999,-9.2442950614e-16,0.00027916161799,1.836032482,-359.52510484,-3.3840160334,-0.00092246671608,1,1,0.576725478463,date_ordered_line_window_proxy_change,rising_or_near_peak_spectral_state,peak_response_spectral_state,yes,post-collapse spectral element-line structural state,C2_SN2012aw/2012aw_2012-03-22_18-20-09_HCT-2m_HFOSC_None.txt::H_alpha
C2_SN2012aw_spectral_state_00085,C2_SN2012aw,C2_SN2012aw,SN2012aw,15,2012aw_2012-03-22_18-20-09_HCT-2m_HFOSC_None,2012aw_2012-03-22_18-20-09_HCT-2m_HFOSC_None.txt,2012-03-22 18:20:09.00,,rising_or_near_peak_spectral_state,O_I_7774,O I 7774,O,7774,251,3.00800773927e-15,-9.48678536738e-17,0.00118355923596,359.138877455,-6364.06349794,112.835577179,9.48373879534e-05,4.43065630402e-16,-0.00259878275987,1.207360174,17.64772838,-0.634102495,-0.000442775193924,1,1,0.3330977741,date_ordered_line_window_proxy_change,rising_or_near_peak_spectral_state,peak_response_spectral_state,yes,post-collapse spectral element-line structural state,C2_SN2012aw/2012aw_2012-03-22_18-20-09_HCT-2m_HFOSC_None.txt::O_I_7774
C2_SN2012aw_spectral_state_00086,C2_SN2012aw,C2_SN2012aw,SN2012aw,15,2012aw_2012-03-22_18-20-09_HCT-2m_HFOSC_None,2012aw_2012-03-22_18-20-09_HCT-2m_HFOSC_None.txt,2012-03-22 18:20:09.00,,rising_or_near_peak_spectral_state,Ca_II_NIR,Ca II near-infrared triplet,Ca,8579,502,2.50958890782e-15,-3.57635771033e-16,0.000839796704825,718.823678151,10866.9100225,192.700243786,0.000357326866514,-6.80881957846e-16,0.000218346828602,0.918649028,23365.1594156,-13.726246453,3.4404662971e-05,1,1,10.8154623807,date_ordered_line_window_proxy_change,rising_or_near_peak_spectral_state,peak_response_spectral_state,yes,post-collapse spectral element-line structural state,C2_SN2012aw/2012aw_2012-03-22_18-20-09_HCT-2m_HFOSC_None.txt::Ca_II_NIR
C2_SN2012aw_spectral_state_00087,C2_SN2012aw,C2_SN2012aw,SN2012aw,16,2012aw_2012-03-22_20-57-40_Ekar_BC-Ekar_None,2012aw_2012-03-22_20-57-40_Ekar_BC-Ekar_None.dat,2012-03-22 20:57:40.00,,rising_or_near_peak_spectral_state,H_beta,H beta,H,4861.3,123,2.1944095e-14,1.98144760163e-15,0.000417180354665,273.895823997,-4801.95719661,63.6510575173,0.00197472180702,3.1396327746e-16,0.000497923864978,-1.986952409,165.43686562,-4.2989337544,0.00031105392312,1,1,0.427647156669,date_ordered_line_window_proxy_change,rising_or_near_peak_spectral_state,peak_response_spectral_state,yes,post-collapse spectral element-line structural state,C2_SN2012aw/2012aw_2012-03-22_20-57-40_Ekar_BC-Ekar_None.dat::H_beta
C2_SN2012aw_spectral_state_00088,C2_SN2012aw,C2_SN2012aw,SN2012aw,16,2012aw_2012-03-22_20-57-40_Ekar_BC-Ekar_None,2012aw_2012-03-22_20-57-40_Ekar_BC-Ekar_None.dat,2012-03-22 20:57:40.00,,rising_or_near_peak_spectral_state,Fe_II_5169,Fe II 5169,Fe,5169,158,2.257037e-14,-3.8011206962e-15,0.00668788202811,353.631759171,9821.66491577,90.2685615726,0.00378170055745,-3.6614596936e-15,0.00472647108225,-2.639648299,-201.28637303,-33.2245119454,0.00364249588436,1,1,2.39756740528,date_ordered_line_window_proxy_change,rising_or_near_peak_spectral_state,peak_response_spectral_state,yes,post-collapse spectral element-line structural state,C2_SN2012aw/2012aw_2012-03-22_20-57-40_Ekar_BC-Ekar_None.dat::Fe_II_5169
C2_SN2012aw_spectral_state_00089,C2_SN2012aw,C2_SN2012aw,SN2012aw,16,2012aw_2012-03-22_20-57-40_Ekar_BC-Ekar_None,2012aw_2012-03-22_20-57-40_Ekar_BC-Ekar_None.dat,2012-03-22 20:57:40.00,,rising_or_near_peak_spectral_state,He_I_5876,He I 5876,He,5875.6,140,1.283387e-14,5.43345357143e-16,0.000753914361099,316.069957484,-3823.37265488,79.3546881034,0.000542504125954,-1.60879205842e-16,0.000534031571774,-1.445116783,-1709.85139107,8.3651872509,-0.000161149566377,1,1,1.20695876519,date_ordered_line_window_proxy_change,rising_or_near_peak_spectral_state,peak_response_spectral_state,yes,post-collapse spectral element-line structural state,C2_SN2012aw/2012aw_2012-03-22_20-57-40_Ekar_BC-Ekar_None.dat::He_I_5876
C2_SN2012aw_spectral_state_00090,C2_SN2012aw,C2_SN2012aw,SN2012aw,16,2012aw_2012-03-22_20-57-40_Ekar_BC-Ekar_None,2012aw_2012-03-22_20-57-40_Ekar_BC-Ekar_None.dat,2012-03-22 20:57:40.00,,rising_or_near_peak_spectral_state,Ni_Co_decay_proxy,Ni/Co decay proxy blend,NiCo,5890,227,1.335078e-14,-4.43915770925e-16,0.00259458032884,512.790834926,13006.439655,146.408524577,0.000442848426756,-2.82493710223e-16,0.00115969710768,-4.210357015,-33.6482804,1.895482002,0.000281632776798,1,1,0.374477487891,date_ordered_line_window_proxy_change,rising_or_near_peak_spectral_state,peak_response_spectral_state,yes,post-collapse spectral element-line structural state,C2_SN2012aw/2012aw_2012-03-22_20-57-40_Ekar_BC-Ekar_None.dat::Ni_Co_decay_proxy
C2_SN2012aw_spectral_state_00091,C2_SN2012aw,C2_SN2012aw,SN2012aw,16,2012aw_2012-03-22_20-57-40_Ekar_BC-Ekar_None,2012aw_2012-03-22_20-57-40_Ekar_BC-Ekar_None.dat,2012-03-22 20:57:40.00,,rising_or_near_peak_spectral_state,Si_II_6355,Si II 6355,Si,6355,140,1.162588e-14,-6.24464371429e-16,0.00251768074577,318.309217716,-4374.41271598,91.6756803445,0.000623874417277,-4.44084295502e-16,0.00121534122512,0.399238165,74.09706604,-6.9615582729,0.00044361775311,1,1,0.501841982425,date_ordered_line_window_proxy_change,rising_or_near_peak_spectral_state,peak_response_spectral_state,yes,post-collapse spectral element-line structural state,C2_SN2012aw/2012aw_2012-03-22_20-57-40_Ekar_BC-Ekar_None.dat::Si_II_6355
C2_SN2012aw_spectral_state_00092,C2_SN2012aw,C2_SN2012aw,SN2012aw,16,2012aw_2012-03-22_20-57-40_Ekar_BC-Ekar_None,2012aw_2012-03-22_20-57-40_Ekar_BC-Ekar_None.dat,2012-03-22 20:57:40.00,,rising_or_near_peak_spectral_state,H_alpha,H alpha,H,6562.8,157,9.208482e-15,2.72709749045e-15,-0.000370880751278,357.504082357,-3462.25419058,90.2398457413,0.00272422534945,1.02983104118e-15,-0.00031243911069,-0.190944384,595.91264646,5.2033600481,0.00102846103946,1,1,0.719913876433,date_ordered_line_window_proxy_change,rising_or_near_peak_spectral_state,peak_response_spectral_state,yes,post-collapse spectral element-line structural state,C2_SN2012aw/2012aw_2012-03-22_20-57-40_Ekar_BC-Ekar_None.dat::H_alpha
C2_SN2012aw_spectral_state_00093,C2_SN2012aw,C2_SN2012aw,SN2012aw,16,2012aw_2012-03-22_20-57-40_Ekar_BC-Ekar_None,2012aw_2012-03-22_20-57-40_Ekar_BC-Ekar_None.dat,2012-03-22 20:57:40.00,,rising_or_near_peak_spectral_state,O_I_7774,O I 7774,O,7774,153,6.572484e-15,-9.7869824183e-16,0.00382333320369,357.13328437,-6350.3573318,122.775625516,0.000977956194414,-8.83830388156e-16,0.00263977396773,-2.005593085,13.70616614,9.940048337,0.000883118806461,1,1,0.791310492379,date_ordered_line_window_proxy_change,rising_or_near_peak_spectral_state,peak_response_spectral_state,yes,post-collapse spectral element-line structural state,C2_SN2012aw/2012aw_2012-03-22_20-57-40_Ekar_BC-Ekar_None.dat::O_I_7774
C2_SN2012aw_spectral_state_00094,C2_SN2012aw,C2_SN2012aw,SN2012aw,17,2012aw_2012-03-23_00-18-46_Ekar_BC-Ekar_None,2012aw_2012-03-23_00-18-46_Ekar_BC-Ekar_None.dat,2012-03-23 00:18:46.00,,rising_or_near_peak_spectral_state,H_beta,H beta,H,4861.3,123,2.2322375e-14,2.67417792683e-15,-0.000195364011279,273.572887467,-2841.41195185,64.4381727177,0.00266607468261,6.927303252e-16,-0.000612544365944,-0.32293653,1960.54524476,0.7871152004,0.00069135287559,1,1,1.10028987446,date_ordered_line_window_proxy_change,rising_or_near_peak_spectral_state,peak_response_spectral_state,yes,post-collapse spectral element-line structural state,C2_SN2012aw/2012aw_2012-03-23_00-18-46_Ekar_BC-Ekar_None.dat::H_beta
C2_SN2012aw_spectral_state_00095,C2_SN2012aw,C2_SN2012aw,SN2012aw,17,2012aw_2012-03-23_00-18-46_Ekar_BC-Ekar_None,2012aw_2012-03-23_00-18-46_Ekar_BC-Ekar_None.dat,2012-03-23 00:18:46.00,,rising_or_near_peak_spectral_state,Fe_II_5169,Fe II 5169,Fe,5169,158,2.342838e-14,-3.692675e-15,0.0069538720433,353.293830156,9553.35799418,89.986505756,0.00367280994313,1.084456962e-16,0.00026599001519,-0.337929015,-268.30692159,-0.2820558166,-0.00010889061432,1,1,0.220980000092,date_ordered_line_window_proxy_change,rising_or_near_peak_spectral_state,peak_response_spectral_state,yes,post-collapse spectral element-line structural state,C2_SN2012aw/2012aw_2012-03-23_00-18-46_Ekar_BC-Ekar_None.dat::Fe_II_5169
C2_SN2012aw_spectral_state_00096,C2_SN2012aw,C2_SN2012aw,SN2012aw,17,2012aw_2012-03-23_00-18-46_Ekar_BC-Ekar_None,2012aw_2012-03-23_00-18-46_Ekar_BC-Ekar_None.dat,2012-03-23 00:18:46.00,,rising_or_near_peak_spectral_state,He_I_5876,He I 5876,He,5875.6,140,1.310498e-14,1.11484264286e-15,0.000874657629262,315.808386466,-3824.53429781,72.8314574464,0.00111299285125,5.71497285717e-16,0.000120743268163,-0.261571018,-1.16164293,-6.523230657,0.000570488725296,1,1,0.418045644286,date_ordered_line_window_proxy_change,rising_or_near_peak_spectral_state,peak_response_spectral_state,yes,post-collapse spectral element-line structural state,C2_SN2012aw/2012aw_2012-03-23_00-18-46_Ekar_BC-Ekar_None.dat::He_I_5876
C2_SN2012aw_spectral_state_00097,C2_SN2012aw,C2_SN2012aw,SN2012aw,17,2012aw_2012-03-23_00-18-46_Ekar_BC-Ekar_None,2012aw_2012-03-23_00-18-46_Ekar_BC-Ekar_None.dat,2012-03-23 00:18:46.00,,rising_or_near_peak_spectral_state,Ni_Co_decay_proxy,Ni/Co decay proxy blend,NiCo,5890,227,1.405535e-14,-4.80361674009e-16,0.00294209778589,512.453724622,13004.1636275,148.057531437,0.000479101696238,-3.6445903084e-17,0.00034751745705,-0.337110304,-2.2760275,1.64900686,3.6253269482e-05,1,1,0.147758245341,date_ordered_line_window_proxy_change,rising_or_near_peak_spectral_state,peak_response_spectral_state,yes,post-collapse spectral element-line structural state,C2_SN2012aw/2012aw_2012-03-23_00-18-46_Ekar_BC-Ekar_None.dat::Ni_Co_decay_proxy
C2_SN2012aw_spectral_state_00098,C2_SN2012aw,C2_SN2012aw,SN2012aw,17,2012aw_2012-03-23_00-18-46_Ekar_BC-Ekar_None,2012aw_2012-03-23_00-18-46_Ekar_BC-Ekar_None.dat,2012-03-23 00:18:46.00,,rising_or_near_peak_spectral_state,Si_II_6355,Si II 6355,Si,6355,140,1.222992e-14,-7.27275057143e-16,0.00285190147314,318.067716491,-2324.94335119,92.713202895,0.000726502304906,-1.02810685714e-16,0.00033422072737,-0.241501225,2049.46936479,1.0375225505,0.000102627887629,1,1,1.02059316282,date_ordered_line_window_proxy_change,rising_or_near_peak_spectral_state,peak_response_spectral_state,yes,post-collapse spectral element-line structural state,C2_SN2012aw/2012aw_2012-03-23_00-18-46_Ekar_BC-Ekar_None.dat::Si_II_6355
C2_SN2012aw_spectral_state_00099,C2_SN2012aw,C2_SN2012aw,SN2012aw,17,2012aw_2012-03-23_00-18-46_Ekar_BC-Ekar_None,2012aw_2012-03-23_00-18-46_Ekar_BC-Ekar_None.dat,2012-03-23 00:18:46.00,,rising_or_near_peak_spectral_state,H_alpha,H alpha,H,6562.8,157,9.631444e-15,3.28013408917e-15,-0.000954423523283,357.095784813,-1999.62315139,90.0743566342,0.00327687823234,5.5303659872e-16,-0.000583542772005,-0.408297544,1462.63103919,-0.1654891071,0.00055265288289,1,1,0.835968302411,date_ordered_line_window_proxy_change,rising_or_near_peak_spectral_state,peak_response_spectral_state,yes,post-collapse spectral element-line structural state,C2_SN2012aw/2012aw_2012-03-23_00-18-46_Ekar_BC-Ekar_None.dat::H_alpha
C2_SN2012aw_spectral_state_00100,C2_SN2012aw,C2_SN2012aw,SN2012aw,17,2012aw_2012-03-23_00-18-46_Ekar_BC-Ekar_None,2012aw_2012-03-23_00-18-46_Ekar_BC-Ekar_None.dat,2012-03-23 00:18:46.00,,rising_or_near_peak_spectral_state,O_I_7774,O I 7774,O,7774,155,6.9124625e-15,-7.20542112903e-16,0.00371848163514,356.482156881,-6479.43824553,118.514919237,0.000720074066473,2.58156128927e-16,-0.00010485156855,-0.651127489,-129.08091373,-4.260706279,-0.000257882127941,1,1,0.340056144097,date_ordered_line_window_proxy_change,rising_or_near_peak_spectral_state,peak_response_spectral_state,yes,post-collapse spectral element-line structural state,C2_SN2012aw/2012aw_2012-03-23_00-18-46_Ekar_BC-Ekar_None.dat::O_I_7774
C2_SN2012aw_spectral_state_00101,C2_SN2012aw,C2_SN2012aw,SN2012aw,18,2012aw_2012-03-23_18-27-13_IGO_IFOSC_None,2012aw_2012-03-23_18-27-13_IGO_IFOSC_None.txt,2012-03-23 18:27:13.00,,rising_or_near_peak_spectral_state,H_beta,H beta,H,4861.3,102,6.766496e-14,6.72985058824e-15,0.0016504053856,261.697464592,-4497.80596841,60.8823052755,0.00664596396386,4.05567266141e-15,0.00184576939688,-11.875422875,-1656.39401656,-3.5558674422,0.00397988928125,1,1,2.11136218909,date_ordered_line_window_proxy_change,rising_or_near_peak_spectral_state,peak_response_spectral_state,yes,post-collapse spectral element-line structural state,C2_SN2012aw/2012aw_2012-03-23_18-27-13_IGO_IFOSC_None.txt::H_beta
C2_SN2012aw_spectral_state_00102,C2_SN2012aw,C2_SN2012aw,SN2012aw,18,2012aw_2012-03-23_18-27-13_IGO_IFOSC_None,2012aw_2012-03-23_18-27-13_IGO_IFOSC_None.txt,2012-03-23 18:27:13.00,,rising_or_near_peak_spectral_state,Fe_II_5169,Fe II 5169,Fe,5169,130,6.897174e-14,-1.27866893077e-14,0.0210639993158,339.673809785,9990.41335573,89.9269621076,0.0125557863928,-9.0940143077e-15,0.0141101272725,-13.620020371,437.05536155,-0.0595436484,0.00888297644967,1,1,3.06652198445,date_ordered_line_window_proxy_change,rising_or_near_peak_spectral_state,peak_response_spectral_state,yes,post-collapse spectral element-line structural state,C2_SN2012aw/2012aw_2012-03-23_18-27-13_IGO_IFOSC_None.txt::Fe_II_5169
C2_SN2012aw_spectral_state_00103,C2_SN2012aw,C2_SN2012aw,SN2012aw,18,2012aw_2012-03-23_18-27-13_IGO_IFOSC_None,2012aw_2012-03-23_18-27-13_IGO_IFOSC_None.txt,2012-03-23 18:27:13.00,,rising_or_near_peak_spectral_state,He_I_5876,He I 5876,He,5875.6,116,2.976366e-14,5.24679301724e-15,-0.000588552522819,309.031482036,-5088.92163796,78.5003351862,0.00521830814502,4.13195037438e-15,-0.00146321015208,-6.77690443,-1264.38734015,5.6688777398,0.00410531529377,1,1,1.86622139918,date_ordered_line_window_proxy_change,rising_or_near_peak_spectral_state,peak_response_spectral_state,yes,post-collapse spectral element-line structural state,C2_SN2012aw/2012aw_2012-03-23_18-27-13_IGO_IFOSC_None.txt::He_I_5876
C2_SN2012aw_spectral_state_00104,C2_SN2012aw,C2_SN2012aw,SN2012aw,18,2012aw_2012-03-23_18-27-13_IGO_IFOSC_None,2012aw_2012-03-23_18-27-13_IGO_IFOSC_None.txt,2012-03-23 18:27:13.00,,rising_or_near_peak_spectral_state,Ni_Co_decay_proxy,Ni/Co decay proxy blend,NiCo,5890,188,3.503218e-14,-1.27164244681e-15,0.0070638769898,501.559963721,12391.3680845,137.046553239,0.0012606911628,-7.91280772801e-16,0.00412177920391,-10.893760901,-612.795543,-11.010978198,0.000781589466562,1,1,1.41529255136,date_ordered_line_window_proxy_change,rising_or_near_peak_spectral_state,peak_response_spectral_state,yes,post-collapse spectral element-line structural state,C2_SN2012aw/2012aw_2012-03-23_18-27-13_IGO_IFOSC_None.txt::Ni_Co_decay_proxy
C2_SN2012aw_spectral_state_00105,C2_SN2012aw,C2_SN2012aw,SN2012aw,18,2012aw_2012-03-23_18-27-13_IGO_IFOSC_None,2012aw_2012-03-23_18-27-13_IGO_IFOSC_None.txt,2012-03-23 18:27:13.00,,rising_or_near_peak_spectral_state,Si_II_6355,Si II 6355,Si,6355,116,2.95267e-14,-1.70884681034e-15,0.00623573919938,311.263956526,-4352.55048905,91.2895542824,0.00170417990616,-9.81571753197e-16,0.00338383772624,-6.803759965,-2027.60713786,-1.4236486126,0.000977677601254,1,1,1.54279220787,date_ordered_line_window_proxy_change,rising_or_near_peak_spectral_state,peak_response_spectral_state,yes,post-collapse spectral element-line structural state,C2_SN2012aw/2012aw_2012-03-23_18-27-13_IGO_IFOSC_None.txt::Si_II_6355
C2_SN2012aw_spectral_state_00106,C2_SN2012aw,C2_SN2012aw,SN2012aw,18,2012aw_2012-03-23_18-27-13_IGO_IFOSC_None,2012aw_2012-03-23_18-27-13_IGO_IFOSC_None.txt,2012-03-23 18:27:13.00,,rising_or_near_peak_spectral_state,H_alpha,H alpha,H,6562.8,131,2.3175835e-14,7.09417072519e-15,-0.00128380182083,350.587179627,-3529.26215645,87.6194874157,0.00707616807364,3.81403663602e-15,-0.000329378297547,-6.508605186,-1529.63900506,-2.4548692185,0.0037992898413,1,1,1.73526096881,date_ordered_line_window_proxy_change,rising_or_near_peak_spectral_state,peak_response_spectral_state,yes,post-collapse spectral element-line structural state,C2_SN2012aw/2012aw_2012-03-23_18-27-13_IGO_IFOSC_None.txt::H_alpha
C2_SN2012aw_spectral_state_00107,C2_SN2012aw,C2_SN2012aw,SN2012aw,18,2012aw_2012-03-23_18-27-13_IGO_IFOSC_None,2012aw_2012-03-23_18-27-13_IGO_IFOSC_None.txt,2012-03-23 18:27:13.00,,rising_or_near_peak_spectral_state,O_I_7774,O I 7774,O,7774,130,1.2109885e-14,2.47610346154e-15,-0.000408992152072,353.350689685,-5984.12269804,96.2926776625,0.00246855698773,3.19664557444e-15,-0.00412747378721,-3.131467196,495.31554749,-22.2222415745,0.00174848292126,1,1,1.91476149092,date_ordered_line_window_proxy_change,rising_or_near_peak_spectral_state,peak_response_spectral_state,yes,post-collapse spectral element-line structural state,C2_SN2012aw/2012aw_2012-03-23_18-27-13_IGO_IFOSC_None.txt::O_I_7774
C2_SN2012aw_spectral_state_00108,C2_SN2012aw,C2_SN2012aw,SN2012aw,18,2012aw_2012-03-23_18-27-13_IGO_IFOSC_None,2012aw_2012-03-23_18-27-13_IGO_IFOSC_None.txt,2012-03-23 18:27:13.00,,rising_or_near_peak_spectral_state,Ca_II_NIR,Ca II near-infrared triplet,Ca,8579,193,1.246325e-14,-2.16429564249e-15,0.00700584144659,526.846277466,5953.1137357,140.905074246,0.00216154615326,-1.80665987146e-15,0.00616604474176,-191.977400685,-4913.7962868,-51.79516954,0.00180421928675,1,1,10.5497301605,date_ordered_line_window_proxy_change,rising_or_near_peak_spectral_state,peak_response_spectral_state,yes,post-collapse spectral element-line structural state,C2_SN2012aw/2012aw_2012-03-23_18-27-13_IGO_IFOSC_None.txt::Ca_II_NIR
C2_SN2012aw_spectral_state_00109,C2_SN2012aw,C2_SN2012aw,SN2012aw,19,2012aw_2012-03-24_21-00-34_CA-2.2m_CAFOS_None,2012aw_2012-03-24_21-00-34_CA-2.2m_CAFOS_None.dat,2012-03-24 21:00:34.00,,rising_or_near_peak_spectral_state,H_beta,H beta,H,4861.3,60,2.329403e-14,2.67958483333e-15,-0.000320406442711,272.433039243,-3182.1138113,63.6472847371,0.0026738929209,-4.05026575491e-15,-0.00197081182831,10.735574651,1315.69215711,2.7649794616,-0.00397207104296,1,1,1.90487785276,date_ordered_line_window_proxy_change,rising_or_near_peak_spectral_state,peak_response_spectral_state,yes,post-collapse spectral element-line structural state,C2_SN2012aw/2012aw_2012-03-24_21-00-34_CA-2.2m_CAFOS_None.dat::H_beta
C2_SN2012aw_spectral_state_00110,C2_SN2012aw,C2_SN2012aw,SN2012aw,19,2012aw_2012-03-24_21-00-34_CA-2.2m_CAFOS_None,2012aw_2012-03-24_21-00-34_CA-2.2m_CAFOS_None.dat,2012-03-24 21:00:34.00,,rising_or_near_peak_spectral_state,Fe_II_5169,Fe II 5169,Fe,5169,77,2.376952e-14,-2.28061649351e-15,0.00505021872501,351.19806745,9884.57060977,74.0028090299,0.00226943751685,1.05060728142e-14,-0.0160137805908,11.524257665,-105.84274596,-15.9241530777,-0.010286348876,1,1,3.82028932592,date_ordered_line_window_proxy_change,rising_or_near_peak_spectral_state,peak_response_spectral_state,yes,post-collapse spectral element-line structural state,C2_SN2012aw/2012aw_2012-03-24_21-00-34_CA-2.2m_CAFOS_None.dat::Fe_II_5169
C2_SN2012aw_spectral_state_00111,C2_SN2012aw,C2_SN2012aw,SN2012aw,19,2012aw_2012-03-24_21-00-34_CA-2.2m_CAFOS_None,2012aw_2012-03-24_21-00-34_CA-2.2m_CAFOS_None.dat,2012-03-24 21:00:34.00,,rising_or_near_peak_spectral_state,He_I_5876,He I 5876,He,5875.6,68,1.4720075e-14,1.72597176471e-15,-0.000259012319235,311.664034907,-3647.99047163,72.6021412324,0.00172332219144,-3.52082125253e-15,0.000329540203584,2.632552871,1440.93116633,-5.8981939538,-0.00349498595358,1,1,1.65427414109,date_ordered_line_window_proxy_change,rising_or_near_peak_spectral_state,peak_response_spectral_state,yes,post-collapse spectral element-line structural state,C2_SN2012aw/2012aw_2012-03-24_21-00-34_CA-2.2m_CAFOS_None.dat::He_I_5876
C2_SN2012aw_spectral_state_00112,C2_SN2012aw,C2_SN2012aw,SN2012aw,19,2012aw_2012-03-24_21-00-34_CA-2.2m_CAFOS_None,2012aw_2012-03-24_21-00-34_CA-2.2m_CAFOS_None.dat,2012-03-24 21:00:34.00,,rising_or_near_peak_spectral_state,Ni_Co_decay_proxy,Ni/Co decay proxy blend,NiCo,5890,112,1.674669e-14,-1.00854232143e-15,0.00330940836404,513.709142959,13129.915358,170.297489034,0.00100590018945,2.6310012538e-16,-0.00375446862576,12.149179238,738.5472735,33.250935795,-0.00025479097335,1,1,2.22782686674,date_ordered_line_window_proxy_change,rising_or_near_peak_spectral_state,peak_response_spectral_state,yes,post-collapse spectral element-line structural state,C2_SN2012aw/2012aw_2012-03-24_21-00-34_CA-2.2m_CAFOS_None.dat::Ni_Co_decay_proxy
C2_SN2012aw_spectral_state_00113,C2_SN2012aw,C2_SN2012aw,SN2012aw,19,2012aw_2012-03-24_21-00-34_CA-2.2m_CAFOS_None,2012aw_2012-03-24_21-00-34_CA-2.2m_CAFOS_None.dat,2012-03-24 21:00:34.00,,rising_or_near_peak_spectral_state,Si_II_6355,Si II 6355,Si,6355,68,1.472232e-14,-8.60226470588e-16,0.00320116147637,312.470762145,-1656.19491372,92.447231467,0.000859134510129,8.48620339752e-16,-0.00303457772301,1.206805619,2696.35557533,1.1576771846,-0.000845045396031,1,1,1.61166485898,date_ordered_line_window_proxy_change,rising_or_near_peak_spectral_state,peak_response_spectral_state,yes,post-collapse spectral element-line structural state,C2_SN2012aw/2012aw_2012-03-24_21-00-34_CA-2.2m_CAFOS_None.dat::Si_II_6355
C2_SN2012aw_spectral_state_00114,C2_SN2012aw,C2_SN2012aw,SN2012aw,19,2012aw_2012-03-24_21-00-34_CA-2.2m_CAFOS_None,2012aw_2012-03-24_21-00-34_CA-2.2m_CAFOS_None.dat,2012-03-24 21:00:34.00,,rising_or_near_peak_spectral_state,H_alpha,H alpha,H,6562.8,77,1.1635925e-14,4.27191538961e-15,-0.00142219642902,353.086810234,-2181.00886638,88.8514736432,0.00426841297914,-2.82225533558e-15,-0.00013839460819,2.499630607,1348.25329007,1.2319862275,-0.0028077550945,1,1,1.29360006844,date_ordered_line_window_proxy_change,rising_or_near_peak_spectral_state,peak_response_spectral_state,yes,post-collapse spectral element-line structural state,C2_SN2012aw/2012aw_2012-03-24_21-00-34_CA-2.2m_CAFOS_None.dat::H_alpha
C2_SN2012aw_spectral_state_00115,C2_SN2012aw,C2_SN2012aw,SN2012aw,19,2012aw_2012-03-24_21-00-34_CA-2.2m_CAFOS_None,2012aw_2012-03-24_21-00-34_CA-2.2m_CAFOS_None.dat,2012-03-24 21:00:34.00,,rising_or_near_peak_spectral_state,O_I_7774,O I 7774,O,7774,77,7.5008395e-15,1.39399863636e-16,0.000544585650442,356.007395565,-5005.00127093,115.421916931,0.000139262941087,-2.3367035979e-15,0.000953577802514,2.65670588,979.12142711,19.1292392685,-0.00232929404664,1,1,1.76340632819,date_ordered_line_window_proxy_change,rising_or_near_peak_spectral_state,peak_response_spectral_state,yes,post-collapse spectral element-line structural state,C2_SN2012aw/2012aw_2012-03-24_21-00-34_CA-2.2m_CAFOS_None.dat::O_I_7774
C2_SN2012aw_spectral_state_00116,C2_SN2012aw,C2_SN2012aw,SN2012aw,19,2012aw_2012-03-24_21-00-34_CA-2.2m_CAFOS_None,2012aw_2012-03-24_21-00-34_CA-2.2m_CAFOS_None.dat,2012-03-24 21:00:34.00,,rising_or_near_peak_spectral_state,Ca_II_NIR,Ca II near-infrared triplet,Ca,8579,120,6.950927e-15,-1.376247875e-15,0.00217246535193,555.961198161,5493.29663892,153.294762126,0.00137580703781,7.8804776749e-16,-0.00483337609466,29.114920695,-459.81709678,12.38968788,-0.00078573911545,1,1,1.98414026154,date_ordered_line_window_proxy_change,rising_or_near_peak_spectral_state,peak_response_spectral_state,yes,post-collapse spectral element-line structural state,C2_SN2012aw/2012aw_2012-03-24_21-00-34_CA-2.2m_CAFOS_None.dat::Ca_II_NIR
C2_SN2012aw_spectral_state_00117,C2_SN2012aw,C2_SN2012aw,SN2012aw,20,2012aw_2012-03-25_23-28-49_Ekar_BC-Ekar_None,2012aw_2012-03-25_23-28-49_Ekar_BC-Ekar_None.dat,2012-03-25 23:28:49.00,,rising_or_near_peak_spectral_state,H_beta,H beta,H,4861.3,122,2.317096e-14,3.22605942623e-15,0.000907404565118,273.466221716,-2434.39673415,62.2548918659,0.00321624778082,5.464745929e-16,0.00122781100783,1.033182473,747.71707715,-1.3923928712,0.00054235485992,1,1,0.62245717127,date_ordered_line_window_proxy_change,rising_or_near_peak_spectral_state,peak_response_spectral_state,yes,post-collapse spectral element-line structural state,C2_SN2012aw/2012aw_2012-03-25_23-28-49_Ekar_BC-Ekar_None.dat::H_beta
C2_SN2012aw_spectral_state_00118,C2_SN2012aw,C2_SN2012aw,SN2012aw,20,2012aw_2012-03-25_23-28-49_Ekar_BC-Ekar_None,2012aw_2012-03-25_23-28-49_Ekar_BC-Ekar_None.dat,2012-03-25 23:28:49.00,,rising_or_near_peak_spectral_state,Fe_II_5169,Fe II 5169,Fe,5169,156,1.798605e-14,3.17286282051e-15,0.000163460000262,351.477892649,-9354.2658437,86.7551289515,0.00315602470819,5.45347931402e-15,-0.00488675872475,0.279825199,-19238.8364535,12.7523199216,0.00088658719134,1,1,9.85519379694,date_ordered_line_window_proxy_change,rising_or_near_peak_spectral_state,peak_response_spectral_state,yes,post-collapse spectral element-line structural state,C2_SN2012aw/2012aw_2012-03-25_23-28-49_Ekar_BC-Ekar_None.dat::Fe_II_5169
C2_SN2012aw_spectral_state_00119,C2_SN2012aw,C2_SN2012aw,SN2012aw,20,2012aw_2012-03-25_23-28-49_Ekar_BC-Ekar_None,2012aw_2012-03-25_23-28-49_Ekar_BC-Ekar_None.dat,2012-03-25 23:28:49.00,,rising_or_near_peak_spectral_state,He_I_5876,He I 5876,He,5875.6,139,1.3661845e-14,1.41958708633e-15,0.000274415971531,315.064980089,-1893.99129543,71.7505329738,0.0014167442519,-3.0638467838e-16,0.000533428290766,3.400945182,1753.9991762,-0.8516082586,-0.00030657793954,1,1,1.02894820049,date_ordered_line_window_proxy_change,rising_or_near_peak_spectral_state,peak_response_spectral_state,yes,post-collapse spectral element-line structural state,C2_SN2012aw/2012aw_2012-03-25_23-28-49_Ekar_BC-Ekar_None.dat::He_I_5876
C2_SN2012aw_spectral_state_00120,C2_SN2012aw,C2_SN2012aw,SN2012aw,20,2012aw_2012-03-25_23-28-49_Ekar_BC-Ekar_None,2012aw_2012-03-25_23-28-49_Ekar_BC-Ekar_None.dat,2012-03-25 23:28:49.00,,rising_or_near_peak_spectral_state,Ni_Co_decay_proxy,Ni/Co decay proxy blend,NiCo,5890,226,1.620756e-14,-1.67402256637e-15,0.00394444024801,512.563667222,13030.068483,165.209331452,0.00166888793958,-6.6548024494e-16,0.00063503188397,-1.145475737,-99.846875,-5.088157582,0.00066298775013,1,1,0.476943017686,date_ordered_line_window_proxy_change,rising_or_near_peak_spectral_state,peak_response_spectral_state,yes,post-collapse spectral element-line structural state,C2_SN2012aw/2012aw_2012-03-25_23-28-49_Ekar_BC-Ekar_None.dat::Ni_Co_decay_proxy
C2_SN2012aw_spectral_state_00121,C2_SN2012aw,C2_SN2012aw,SN2012aw,20,2012aw_2012-03-25_23-28-49_Ekar_BC-Ekar_None,2012aw_2012-03-25_23-28-49_Ekar_BC-Ekar_None.dat,2012-03-25 23:28:49.00,,rising_or_near_peak_spectral_state,Si_II_6355,Si II 6355,Si,6355,139,1.3624855e-14,-9.91775280576e-16,0.0037462114127,315.837321334,-3255.4185283,92.1942428574,0.000990547340881,-1.31548809988e-16,0.00054504993633,3.366559189,-1599.22361458,-0.2529886096,0.000131412830752,1,1,0.90591118915,date_ordered_line_window_proxy_change,rising_or_near_peak_spectral_state,peak_response_spectral_state,yes,post-collapse spectral element-line structural state,C2_SN2012aw/2012aw_2012-03-25_23-28-49_Ekar_BC-Ekar_None.dat::Si_II_6355
C2_SN2012aw_spectral_state_00122,C2_SN2012aw,C2_SN2012aw,SN2012aw,20,2012aw_2012-03-25_23-28-49_Ekar_BC-Ekar_None,2012aw_2012-03-25_23-28-49_Ekar_BC-Ekar_None.dat,2012-03-25 23:28:49.00,,rising_or_near_peak_spectral_state,H_alpha,H alpha,H,6562.8,156,1.03041e-14,4.41051051282e-15,-0.00142425434085,353.710682013,-2056.54877933,88.7485315159,0.00440553744997,1.3859512321e-16,-2.05791183e-06,0.623871779,124.46008705,-0.1029421273,0.00013712447083,1,1,0.152666528088,date_ordered_line_window_proxy_change,rising_or_near_peak_spectral_state,peak_response_spectral_state,yes,post-collapse spectral element-line structural state,C2_SN2012aw/2012aw_2012-03-25_23-28-49_Ekar_BC-Ekar_None.dat::H_alpha
C2_SN2012aw_spectral_state_00123,C2_SN2012aw,C2_SN2012aw,SN2012aw,20,2012aw_2012-03-25_23-28-49_Ekar_BC-Ekar_None,2012aw_2012-03-25_23-28-49_Ekar_BC-Ekar_None.dat,2012-03-25 23:28:49.00,,rising_or_near_peak_spectral_state,O_I_7774,O I 7774,O,7774,123,7.7264235e-15,-1.37853484959e-15,0.0044310165893,281.22642922,-6406.45076595,95.046536883,0.00137810048931,-1.51793471323e-15,0.00388643093886,-74.780966345,-1401.44949502,-20.375380048,0.00123883754822,1,1,4.13619267231,date_ordered_line_window_proxy_change,rising_or_near_peak_spectral_state,peak_response_spectral_state,yes,post-collapse spectral element-line structural state,C2_SN2012aw/2012aw_2012-03-25_23-28-49_Ekar_BC-Ekar_None.dat::O_I_7774
C2_SN2012aw_spectral_state_00124,C2_SN2012aw,C2_SN2012aw,SN2012aw,21,2012aw_2012-03-26_21-02-19_Ekar_AFOSC_None,2012aw_2012-03-26_21-02-19_Ekar_AFOSC_None.dat,2012-03-26 21:02:19.00,,rising_or_near_peak_spectral_state,H_beta,H beta,H,4861.3,58,2.1277015e-14,2.73900172414e-15,0.00147112387524,273.429256213,-2696.90015075,61.5360720876,0.00273360424131,-4.8705770209e-16,0.000563719310122,-0.036965503,-262.5034166,-0.7188197783,-0.00048264353951,1,1,0.312034538462,date_ordered_line_window_proxy_change,rising_or_near_peak_spectral_state,peak_response_spectral_state,yes,post-collapse spectral element-line structural state,C2_SN2012aw/2012aw_2012-03-26_21-02-19_Ekar_AFOSC_None.dat::H_beta
C2_SN2012aw_spectral_state_00125,C2_SN2012aw,C2_SN2012aw,SN2012aw,21,2012aw_2012-03-26_21-02-19_Ekar_AFOSC_None,2012aw_2012-03-26_21-02-19_Ekar_AFOSC_None.dat,2012-03-26 21:02:19.00,,rising_or_near_peak_spectral_state,Fe_II_5169,Fe II 5169,Fe,5169,75,1.82347e-14,1.15652653333e-15,0.00150825737917,355.191461504,-10328.2993504,102.2534379,0.00115107623217,-2.01633628718e-15,0.00134479737891,3.713568855,-974.0335067,15.4983089485,-0.00200494847602,1,1,1.6152640298,date_ordered_line_window_proxy_change,rising_or_near_peak_spectral_state,peak_response_spectral_state,yes,post-collapse spectral element-line structural state,C2_SN2012aw/2012aw_2012-03-26_21-02-19_Ekar_AFOSC_None.dat::Fe_II_5169
C2_SN2012aw_spectral_state_00126,C2_SN2012aw,C2_SN2012aw,SN2012aw,21,2012aw_2012-03-26_21-02-19_Ekar_AFOSC_None,2012aw_2012-03-26_21-02-19_Ekar_AFOSC_None.dat,2012-03-26 21:02:19.00,,rising_or_near_peak_spectral_state,He_I_5876,He I 5876,He,5875.6,66,1.377989e-14,7.83011666667e-16,0.000424658255945,314.059390349,-2388.50957225,64.6823196154,0.00078168714725,-6.36575419663e-16,0.000150242284414,-1.00558974,-494.51827682,-7.0682133584,-0.00063505710465,1,1,0.688404112102,date_ordered_line_window_proxy_change,rising_or_near_peak_spectral_state,peak_response_spectral_state,yes,post-collapse spectral element-line structural state,C2_SN2012aw/2012aw_2012-03-26_21-02-19_Ekar_AFOSC_None.dat::He_I_5876
C2_SN2012aw_spectral_state_00127,C2_SN2012aw,C2_SN2012aw,SN2012aw,21,2012aw_2012-03-26_21-02-19_Ekar_AFOSC_None,2012aw_2012-03-26_21-02-19_Ekar_AFOSC_None.dat,2012-03-26 21:02:19.00,,rising_or_near_peak_spectral_state,Ni_Co_decay_proxy,Ni/Co decay proxy blend,NiCo,5890,108,1.553507e-14,-1.52851351852e-15,0.00352619038553,514.213955004,13060.5539936,168.643676542,0.00152439140675,1.4550904785e-16,-0.00041824986248,1.650287782,30.4855106,3.43434509,-0.00014449653283,1,1,0.290810238348,date_ordered_line_window_proxy_change,rising_or_near_peak_spectral_state,peak_response_spectral_state,yes,post-collapse spectral element-line structural state,C2_SN2012aw/2012aw_2012-03-26_21-02-19_Ekar_AFOSC_None.dat::Ni_Co_decay_proxy
C2_SN2012aw_spectral_state_00128,C2_SN2012aw,C2_SN2012aw,SN2012aw,21,2012aw_2012-03-26_21-02-19_Ekar_AFOSC_None,2012aw_2012-03-26_21-02-19_Ekar_AFOSC_None.dat,2012-03-26 21:02:19.00,,rising_or_near_peak_spectral_state,Si_II_6355,Si II 6355,Si,6355,66,1.341455e-14,-8.85929954545e-16,0.00368852213539,314.697356643,-2334.85905865,94.6352392218,0.000884701475123,1.05845326031e-16,-5.768927731e-05,-1.139964691,920.55946965,2.4409963644,-0.000105845865758,1,1,0.597954648352,date_ordered_line_window_proxy_change,rising_or_near_peak_spectral_state,peak_response_spectral_state,yes,post-collapse spectral element-line structural state,C2_SN2012aw/2012aw_2012-03-26_21-02-19_Ekar_AFOSC_None.dat::Si_II_6355
C2_SN2012aw_spectral_state_00129,C2_SN2012aw,C2_SN2012aw,SN2012aw,21,2012aw_2012-03-26_21-02-19_Ekar_AFOSC_None,2012aw_2012-03-26_21-02-19_Ekar_AFOSC_None.dat,2012-03-26 21:02:19.00,,rising_or_near_peak_spectral_state,H_alpha,H alpha,H,6562.8,74,1.005685e-14,5.11873689189e-15,-0.00223613156032,351.891570755,-1634.8664003,89.5037034758,0.00511504215053,7.0822637907e-16,-0.00081187721947,-1.819111258,421.68237903,0.7551719599,0.00070950470056,1,1,0.490521686516,date_ordered_line_window_proxy_change,rising_or_near_peak_spectral_state,peak_response_spectral_state,yes,post-collapse spectral element-line structural state,C2_SN2012aw/2012aw_2012-03-26_21-02-19_Ekar_AFOSC_None.dat::H_alpha
C2_SN2012aw_spectral_state_00130,C2_SN2012aw,C2_SN2012aw,SN2012aw,21,2012aw_2012-03-26_21-02-19_Ekar_AFOSC_None,2012aw_2012-03-26_21-02-19_Ekar_AFOSC_None.dat,2012-03-26 21:02:19.00,,rising_or_near_peak_spectral_state,O_I_7774,O I 7774,O,7774,75,7.184111e-15,2.70761333333e-17,0.00127840479803,359.494581615,-6120.95729695,98.802401026,2.70588421429e-05,1.40561098292e-15,-0.00315261179127,78.268152395,285.493469,3.755864143,-0.00135104164717,1,1,3.08698794641,date_ordered_line_window_proxy_change,rising_or_near_peak_spectral_state,peak_response_spectral_state,yes,post-collapse spectral element-line structural state,C2_SN2012aw/2012aw_2012-03-26_21-02-19_Ekar_AFOSC_None.dat::O_I_7774
C2_SN2012aw_spectral_state_00131,C2_SN2012aw,C2_SN2012aw,SN2012aw,21,2012aw_2012-03-26_21-02-19_Ekar_AFOSC_None,2012aw_2012-03-26_21-02-19_Ekar_AFOSC_None.dat,2012-03-26 21:02:19.00,,rising_or_near_peak_spectral_state,Ca_II_NIR,Ca II near-infrared triplet,Ca,8579,149,6.507714e-15,-1.1611504698e-16,0.000822370249613,714.778196738,12429.0889981,199.882490346,0.000116033871659,1.26013282802e-15,-0.00135009510232,158.816998577,6935.79235918,46.58772822,-0.00125977316615,1,1,9.88647607501,date_ordered_line_window_proxy_change,rising_or_near_peak_spectral_state,peak_response_spectral_state,yes,post-collapse spectral element-line structural state,C2_SN2012aw/2012aw_2012-03-26_21-02-19_Ekar_AFOSC_None.dat::Ca_II_NIR
C2_SN2012aw_spectral_state_00132,C2_SN2012aw,C2_SN2012aw,SN2012aw,22,2012aw_2012-03-27_15-08-38_HCT-2m_HFOSC_None,2012aw_2012-03-27_15-08-38_HCT-2m_HFOSC_None.txt,2012-03-27 15:08:38.00,,rising_or_near_peak_spectral_state,H_beta,H beta,H,4861.3,188,9.01310092157e-16,6.58049743191e-17,0.000151565406751,280.412790718,-515.272104209,67.0969924253,6.58012617699e-05,-2.67319674982e-15,-0.00131955846849,6.983534505,2181.62804654,5.5609203377,-0.00266780297954,1,1,1.98490576989,date_ordered_line_window_proxy_change,rising_or_near_peak_spectral_state,peak_response_spectral_state,yes,post-collapse spectral element-line structural state,C2_SN2012aw/2012aw_2012-03-27_15-08-38_HCT-2m_HFOSC_None.txt::H_beta
C2_SN2012aw_spectral_state_00133,C2_SN2012aw,C2_SN2012aw,SN2012aw,22,2012aw_2012-03-27_15-08-38_HCT-2m_HFOSC_None,2012aw_2012-03-27_15-08-38_HCT-2m_HFOSC_None.txt,2012-03-27 15:08:38.00,,rising_or_near_peak_spectral_state,Fe_II_5169,Fe II 5169,Fe,5169,241,7.85729128682e-16,8.67055360021e-17,-3.89195074473e-06,359.499333123,-10298.4887189,83.1425460981,8.66929677075e-05,-1.06982099733e-15,-0.00151214932991,4.307871619,29.8106315,-19.1108918019,-0.00106438326446,1,1,1.19071810416,date_ordered_line_window_proxy_change,rising_or_near_peak_spectral_state,peak_response_spectral_state,yes,post-collapse spectral element-line structural state,C2_SN2012aw/2012aw_2012-03-27_15-08-38_HCT-2m_HFOSC_None.txt::Fe_II_5169
C2_SN2012aw_spectral_state_00134,C2_SN2012aw,C2_SN2012aw,SN2012aw,22,2012aw_2012-03-27_15-08-38_HCT-2m_HFOSC_None,2012aw_2012-03-27_15-08-38_HCT-2m_HFOSC_None.txt,2012-03-27 15:08:38.00,,rising_or_near_peak_spectral_state,He_I_5876,He I 5876,He,5875.6,214,5.61435736538e-16,3.6450798293e-17,4.09488783605e-05,319.311081245,-3171.75580313,78.1422431912,3.64468562881e-05,-7.46560868374e-16,-0.000383709377584,5.251690896,-783.24623088,13.4599235758,-0.000745240290962,1,1,1.214551085,date_ordered_line_window_proxy_change,rising_or_near_peak_spectral_state,peak_response_spectral_state,yes,post-collapse spectral element-line structural state,C2_SN2012aw/2012aw_2012-03-27_15-08-38_HCT-2m_HFOSC_None.txt::He_I_5876
C2_SN2012aw_spectral_state_00135,C2_SN2012aw,C2_SN2012aw,SN2012aw,22,2012aw_2012-03-27_15-08-38_HCT-2m_HFOSC_None,2012aw_2012-03-27_15-08-38_HCT-2m_HFOSC_None.txt,2012-03-27 15:08:38.00,,rising_or_near_peak_spectral_state,Ni_Co_decay_proxy,Ni/Co decay proxy blend,NiCo,5890,348,7.19885236745e-16,-1.40246945855e-16,0.00024890124318,519.263057455,13156.9000649,150.831577197,0.0001402259412,1.38826657266e-15,-0.00327728914235,5.049102451,96.3460713,-17.812099345,-0.00138416546555,1,1,1.34246625634,date_ordered_line_window_proxy_change,rising_or_near_peak_spectral_state,peak_response_spectral_state,yes,post-collapse spectral element-line structural state,C2_SN2012aw/2012aw_2012-03-27_15-08-38_HCT-2m_HFOSC_None.txt::Ni_Co_decay_proxy
C2_SN2012aw_spectral_state_00136,C2_SN2012aw,C2_SN2012aw,SN2012aw,22,2012aw_2012-03-27_15-08-38_HCT-2m_HFOSC_None,2012aw_2012-03-27_15-08-38_HCT-2m_HFOSC_None.txt,2012-03-27 15:08:38.00,,rising_or_near_peak_spectral_state,Si_II_6355,Si II 6355,Si,6355,214,5.54417447347e-16,-2.00010697463e-17,0.000157776406927,319.331347511,6415.40957272,98.9205940223,1.99993872766e-05,8.65928884799e-16,-0.00353074572846,4.633990868,8750.26863137,4.2853548005,-0.000864702087846,1,1,4.48386997766,date_ordered_line_window_proxy_change,rising_or_near_peak_spectral_state,peak_response_spectral_state,yes,post-collapse spectral element-line structural state,C2_SN2012aw/2012aw_2012-03-27_15-08-38_HCT-2m_HFOSC_None.txt::Si_II_6355
C2_SN2012aw_spectral_state_00137,C2_SN2012aw,C2_SN2012aw,SN2012aw,22,2012aw_2012-03-27_15-08-38_HCT-2m_HFOSC_None,2012aw_2012-03-27_15-08-38_HCT-2m_HFOSC_None.txt,2012-03-27 15:08:38.00,,rising_or_near_peak_spectral_state,H_alpha,H alpha,H,6562.8,241,4.27853288714e-16,2.5435170889e-16,-8.10194409868e-05,359.567638752,-1919.65501684,89.7671469896,0.000254343886973,-4.864385183e-15,0.00215511211933,7.676067997,-284.78861654,0.2634435138,-0.00486069826356,1,1,1.43964971201,date_ordered_line_window_proxy_change,rising_or_near_peak_spectral_state,peak_response_spectral_state,yes,post-collapse spectral element-line structural state,C2_SN2012aw/2012aw_2012-03-27_15-08-38_HCT-2m_HFOSC_None.txt::H_alpha
C2_SN2012aw_spectral_state_00138,C2_SN2012aw,C2_SN2012aw,SN2012aw,22,2012aw_2012-03-27_15-08-38_HCT-2m_HFOSC_None,2012aw_2012-03-27_15-08-38_HCT-2m_HFOSC_None.txt,2012-03-27 15:08:38.00,,rising_or_near_peak_spectral_state,O_I_7774,O I 7774,O,7774,241,1.98180999765e-16,2.0568748023e-19,7.68018048779e-05,359.741632035,-6407.49071521,100.217023408,2.05683519162e-07,-2.68704458531e-17,-0.00120160299315,0.24705042,-286.53341826,1.414622382,-2.68531586237e-05,1,1,0.300893820938,date_ordered_line_window_proxy_change,rising_or_near_peak_spectral_state,peak_response_spectral_state,yes,post-collapse spectral element-line structural state,C2_SN2012aw/2012aw_2012-03-27_15-08-38_HCT-2m_HFOSC_None.txt::O_I_7774
C2_SN2012aw_spectral_state_00139,C2_SN2012aw,C2_SN2012aw,SN2012aw,22,2012aw_2012-03-27_15-08-38_HCT-2m_HFOSC_None,2012aw_2012-03-27_15-08-38_HCT-2m_HFOSC_None.txt,2012-03-27 15:08:38.00,,rising_or_near_peak_spectral_state,Ca_II_NIR,Ca II near-infrared triplet,Ca,8579,482,1.67787588181e-16,-1.07629613402e-17,4.94971845588e-05,719.513019953,10867.5706784,196.027410687,1.07623275764e-05,1.0535208564e-16,-0.000772873065054,4.734823215,-1561.5183197,-3.855079659,-0.000105271544083,1,1,1.07308373022,date_ordered_line_window_proxy_change,rising_or_near_peak_spectral_state,peak_response_spectral_state,yes,post-collapse spectral element-line structural state,C2_SN2012aw/2012aw_2012-03-27_15-08-38_HCT-2m_HFOSC_None.txt::Ca_II_NIR
C2_SN2012aw_spectral_state_00140,C2_SN2012aw,C2_SN2012aw,SN2012aw,23,2012aw_2012-03-27_21-13-15_Ekar_AFOSC_None,2012aw_2012-03-27_21-13-15_Ekar_AFOSC_None.dat,2012-03-27 21:13:15.00,,rising_or_near_peak_spectral_state,H_beta,H beta,H,4861.3,58,2.158903e-14,3.17791758621e-15,0.00191038660625,273.565563643,-1759.03865311,61.4088306305,0.00317050285906,3.11211261189e-15,0.0017588211995,-6.847227075,-1243.7665489,-5.6881617948,0.00310470159729,1,1,1.68415844099,date_ordered_line_window_proxy_change,rising_or_near_peak_spectral_state,peak_response_spectral_state,yes,post-collapse spectral element-line structural state,C2_SN2012aw/2012aw_2012-03-27_21-13-15_Ekar_AFOSC_None.dat::H_beta
C2_SN2012aw_spectral_state_00141,C2_SN2012aw,C2_SN2012aw,SN2012aw,23,2012aw_2012-03-27_21-13-15_Ekar_AFOSC_None,2012aw_2012-03-27_21-13-15_Ekar_AFOSC_None.dat,2012-03-27 21:13:15.00,,rising_or_near_peak_spectral_state,Fe_II_5169,Fe II 5169,Fe,5169,74,2.030454e-14,-5.18748243243e-16,0.00310568058435,350.767329412,10140.2082716,119.811070777,0.000516107724666,-6.05453779245e-16,0.00310957253509,-8.732003711,20438.6969905,36.6685246789,0.000429414756958,1,1,10.809926286,date_ordered_line_window_proxy_change,rising_or_near_peak_spectral_state,peak_response_spectral_state,yes,post-collapse spectral element-line structural state,C2_SN2012aw/2012aw_2012-03-27_21-13-15_Ekar_AFOSC_None.dat::Fe_II_5169
C2_SN2012aw_spectral_state_00142,C2_SN2012aw,C2_SN2012aw,SN2012aw,23,2012aw_2012-03-27_21-13-15_Ekar_AFOSC_None,2012aw_2012-03-27_21-13-15_Ekar_AFOSC_None.dat,2012-03-27 21:13:15.00,,rising_or_near_peak_spectral_state,He_I_5876,He I 5876,He,5875.6,66,1.228218e-14,1.81675378788e-15,-0.000454586684515,314.589790841,-2286.32125738,76.9723899979,0.00181297942335,1.78030298959e-15,-0.000495535562875,-4.721290404,885.43454575,-1.1698531933,0.00177653256706,1,1,0.979900590796,date_ordered_line_window_proxy_change,rising_or_near_peak_spectral_state,peak_response_spectral_state,yes,post-collapse spectral element-line structural state,C2_SN2012aw/2012aw_2012-03-27_21-13-15_Ekar_AFOSC_None.dat::He_I_5876
C2_SN2012aw_spectral_state_00143,C2_SN2012aw,C2_SN2012aw,SN2012aw,23,2012aw_2012-03-27_21-13-15_Ekar_AFOSC_None,2012aw_2012-03-27_21-13-15_Ekar_AFOSC_None.dat,2012-03-27 21:13:15.00,,rising_or_near_peak_spectral_state,Ni_Co_decay_proxy,Ni/Co decay proxy blend,NiCo,5890,108,1.55663e-14,-1.95921009259e-15,0.00415403701363,515.059640852,13182.6293225,159.591916115,0.00195315462946,-1.81896314674e-15,0.00390513577045,-4.203416603,25.7292576,8.760338918,0.00181292868826,1,1,1.05811796166,date_ordered_line_window_proxy_change,rising_or_near_peak_spectral_state,peak_response_spectral_state,yes,post-collapse spectral element-line structural state,C2_SN2012aw/2012aw_2012-03-27_21-13-15_Ekar_AFOSC_None.dat::Ni_Co_decay_proxy
C2_SN2012aw_spectral_state_00144,C2_SN2012aw,C2_SN2012aw,SN2012aw,23,2012aw_2012-03-27_21-13-15_Ekar_AFOSC_None,2012aw_2012-03-27_21-13-15_Ekar_AFOSC_None.dat,2012-03-27 21:13:15.00,,rising_or_near_peak_spectral_state,Si_II_6355,Si II 6355,Si,6355,66,1.264046e-14,-9.98778e-16,0.00367313686044,315.365522249,-2439.8268605,93.2446086388,0.000997448747038,-9.78776930254e-16,0.00351536045351,-3.965825262,-8855.23643322,-5.6759853835,0.000977449359761,1,1,4.58218778759,date_ordered_line_window_proxy_change,rising_or_near_peak_spectral_state,peak_response_spectral_state,yes,post-collapse spectral element-line structural state,C2_SN2012aw/2012aw_2012-03-27_21-13-15_Ekar_AFOSC_None.dat::Si_II_6355
C2_SN2012aw_spectral_state_00145,C2_SN2012aw,C2_SN2012aw,SN2012aw,23,2012aw_2012-03-27_21-13-15_Ekar_AFOSC_None,2012aw_2012-03-27_21-13-15_Ekar_AFOSC_None.dat,2012-03-27 21:13:15.00,,rising_or_near_peak_spectral_state,H_alpha,H alpha,H,6562.8,75,9.135448e-15,4.91321386667e-15,-0.001788800506,357.490713961,-1944.15552323,88.4859183488,0.00490902007064,4.65886215778e-15,-0.00170778106501,-2.076924791,-24.50050639,-1.2812286408,0.00465467618367,1,1,1.13565434969,date_ordered_line_window_proxy_change,rising_or_near_peak_spectral_state,peak_response_spectral_state,yes,post-collapse spectral element-line structural state,C2_SN2012aw/2012aw_2012-03-27_21-13-15_Ekar_AFOSC_None.dat::H_alpha
C2_SN2012aw_spectral_state_00146,C2_SN2012aw,C2_SN2012aw,SN2012aw,23,2012aw_2012-03-27_21-13-15_Ekar_AFOSC_None,2012aw_2012-03-27_21-13-15_Ekar_AFOSC_None.dat,2012-03-27 21:13:15.00,,rising_or_near_peak_spectral_state,O_I_7774,O I 7774,O,7774,75,5.7457545e-15,-3.1210554e-16,0.00120094814678,360.579128324,-6887.59713692,133.373252939,0.00031183967212,-3.1231122748e-16,0.0011241463419,0.837496289,-480.10642171,33.156229531,0.000311633988601,1,1,1.64895551948,date_ordered_line_window_proxy_change,rising_or_near_peak_spectral_state,peak_response_spectral_state,yes,post-collapse spectral element-line structural state,C2_SN2012aw/2012aw_2012-03-27_21-13-15_Ekar_AFOSC_None.dat::O_I_7774
C2_SN2012aw_spectral_state_00147,C2_SN2012aw,C2_SN2012aw,SN2012aw,24,2012aw_2012-03-28_21-00-37_Ekar_AFOSC_None,2012aw_2012-03-28_21-00-37_Ekar_AFOSC_None.dat,2012-03-28 21:00:37.00,,rising_or_near_peak_spectral_state,H_beta,H beta,H,4861.3,58,2.13955e-14,3.465635e-15,0.00188208191636,273.387164135,-2884.70321691,60.874807272,0.00345742078627,2.8771741379e-16,-2.830468989e-05,-0.178399508,-1125.6645638,-0.5340233585,0.00028691792721,1,1,0.618780254147,date_ordered_line_window_proxy_change,rising_or_near_peak_spectral_state,peak_response_spectral_state,yes,post-collapse spectral element-line structural state,C2_SN2012aw/2012aw_2012-03-28_21-00-37_Ekar_AFOSC_None.dat::H_beta
C2_SN2012aw_spectral_state_00148,C2_SN2012aw,C2_SN2012aw,SN2012aw,24,2012aw_2012-03-28_21-00-37_Ekar_AFOSC_None,2012aw_2012-03-28_21-00-37_Ekar_AFOSC_None.dat,2012-03-28 21:00:37.00,,rising_or_near_peak_spectral_state,Fe_II_5169,Fe II 5169,Fe,5169,74,2.045592e-14,-7.75365945946e-16,0.00341434640313,350.611263464,10183.0553716,112.222338944,0.000771353307052,-2.56617702703e-16,0.00030866581878,-0.156065948,42.8471,-7.588731833,0.000255245582386,1,1,0.423270664466,date_ordered_line_window_proxy_change,rising_or_near_peak_spectral_state,peak_response_spectral_state,yes,post-collapse spectral element-line structural state,C2_SN2012aw/2012aw_2012-03-28_21-00-37_Ekar_AFOSC_None.dat::Fe_II_5169
C2_SN2012aw_spectral_state_00149,C2_SN2012aw,C2_SN2012aw,SN2012aw,24,2012aw_2012-03-28_21-00-37_Ekar_AFOSC_None,2012aw_2012-03-28_21-00-37_Ekar_AFOSC_None.dat,2012-03-28 21:00:37.00,,rising_or_near_peak_spectral_state,He_I_5876,He I 5876,He,5875.6,66,1.3039025e-14,8.71690151515e-16,0.000357108651367,314.478392774,-3245.82153096,66.1930953703,0.000869825402814,-9.45063636365e-16,0.000811695335882,-0.111398067,-959.50027358,-10.7792946276,-0.000943154020536,1,1,1.09456692502,date_ordered_line_window_proxy_change,rising_or_near_peak_spectral_state,peak_response_spectral_state,yes,post-collapse spectral element-line structural state,C2_SN2012aw/2012aw_2012-03-28_21-00-37_Ekar_AFOSC_None.dat::He_I_5876
C2_SN2012aw_spectral_state_00150,C2_SN2012aw,C2_SN2012aw,SN2012aw,24,2012aw_2012-03-28_21-00-37_Ekar_AFOSC_None,2012aw_2012-03-28_21-00-37_Ekar_AFOSC_None.dat,2012-03-28 21:00:37.00,,rising_or_near_peak_spectral_state,Ni_Co_decay_proxy,Ni/Co decay proxy blend,NiCo,5890,108,1.567703e-14,-2.19976027778e-15,0.00434394976915,514.842281398,13197.5699618,156.896617268,0.00219278309048,-2.4055018519e-16,0.00018991275552,-0.217359454,14.9406393,-2.695298847,0.00023962846102,1,1,0.219519063352,date_ordered_line_window_proxy_change,rising_or_near_peak_spectral_state,peak_response_spectral_state,yes,post-collapse spectral element-line structural state,C2_SN2012aw/2012aw_2012-03-28_21-00-37_Ekar_AFOSC_None.dat::Ni_Co_decay_proxy
C2_SN2012aw_spectral_state_00151,C2_SN2012aw,C2_SN2012aw,SN2012aw,24,2012aw_2012-03-28_21-00-37_Ekar_AFOSC_None,2012aw_2012-03-28_21-00-37_Ekar_AFOSC_None.dat,2012-03-28 21:00:37.00,,rising_or_near_peak_spectral_state,Si_II_6355,Si II 6355,Si,6355,66,1.254855e-14,-7.27490121212e-16,0.00369489146965,315.134315238,6662.66517772,95.6031597847,0.000726465460269,2.71287878788e-16,2.175460921e-05,-0.231207011,9102.49203822,2.3585511459,-0.000270983286769,1,1,4.1416308702,date_ordered_line_window_proxy_change,rising_or_near_peak_spectral_state,peak_response_spectral_state,yes,post-collapse spectral element-line structural state,C2_SN2012aw/2012aw_2012-03-28_21-00-37_Ekar_AFOSC_None.dat::Si_II_6355
C2_SN2012aw_spectral_state_00152,C2_SN2012aw,C2_SN2012aw,SN2012aw,24,2012aw_2012-03-28_21-00-37_Ekar_AFOSC_None,2012aw_2012-03-28_21-00-37_Ekar_AFOSC_None.dat,2012-03-28 21:00:37.00,,rising_or_near_peak_spectral_state,H_alpha,H alpha,H,6562.8,75,9.095859e-15,5.2544882e-15,-0.00166681984174,357.184508384,-3040.71974889,88.0187622509,0.00525017754688,3.4127433333e-16,0.00012198066426,-0.306205577,-1096.56422566,-0.4671560979,0.00034115747624,1,1,0.622378667621,date_ordered_line_window_proxy_change,rising_or_near_peak_spectral_state,peak_response_spectral_state,yes,post-collapse spectral element-line structural state,C2_SN2012aw/2012aw_2012-03-28_21-00-37_Ekar_AFOSC_None.dat::H_alpha
C2_SN2012aw_spectral_state_00153,C2_SN2012aw,C2_SN2012aw,SN2012aw,24,2012aw_2012-03-28_21-00-37_Ekar_AFOSC_None,2012aw_2012-03-28_21-00-37_Ekar_AFOSC_None.dat,2012-03-28 21:00:37.00,,rising_or_near_peak_spectral_state,O_I_7774,O I 7774,O,7774,75,5.647643e-15,-2.07983533333e-16,0.000945996350334,360.377382795,-6349.64806887,132.979550096,0.000207808953406,1.04122006667e-16,-0.000254951796446,-0.201745529,537.94906805,-0.393702843,-0.000104030718714,1,1,0.336509760318,date_ordered_line_window_proxy_change,rising_or_near_peak_spectral_state,peak_response_spectral_state,yes,post-collapse spectral element-line structural state,C2_SN2012aw/2012aw_2012-03-28_21-00-37_Ekar_AFOSC_None.dat::O_I_7774
C2_SN2012aw_spectral_state_00154,C2_SN2012aw,C2_SN2012aw,SN2012aw,25,2012aw_2012-03-29_01-46-07_TNG_SARG_None,2012aw_2012-03-29_01-46-07_TNG_SARG_None.dat,2012-03-29 01:46:07.00,,rising_or_near_peak_spectral_state,O_I_7774,O I 7774,O,7774,3991,844.8622,-102.732071885,1.20606520211,13.6680403515,562.416877362,31.6620815457,0,-102.732071885,1.20511920576,-346.709342444,6912.06494623,-101.31746855,-0.000207808953406,0,0,1.27337295666e+16,date_ordered_line_window_proxy_change,rising_or_near_peak_spectral_state,peak_response_spectral_state,yes,post-collapse spectral element-line structural state,C2_SN2012aw/2012aw_2012-03-29_01-46-07_TNG_SARG_None.dat::O_I_7774
C2_SN2012aw_spectral_state_00155,C2_SN2012aw,C2_SN2012aw,SN2012aw,26,2012aw_2012-03-29_22-15-44_Ekar_BC-Ekar_None,2012aw_2012-03-29_22-15-44_Ekar_BC-Ekar_None.dat,2012-03-29 22:15:44.00,,rising_or_near_peak_spectral_state,H_beta,H beta,H,4861.3,123,2.1834635e-14,3.12784369919e-15,0.00351556394445,273.815387809,-1975.52995031,65.2308395323,0.00312268452392,-3.3779130081e-16,0.00163348202809,0.428223674,909.1732666,4.3560322603,-0.00033473626235,1,1,0.767281749797,date_ordered_line_window_proxy_change,rising_or_near_peak_spectral_state,peak_response_spectral_state,yes,post-collapse spectral element-line structural state,C2_SN2012aw/2012aw_2012-03-29_22-15-44_Ekar_BC-Ekar_None.dat::H_beta
C2_SN2012aw_spectral_state_00156,C2_SN2012aw,C2_SN2012aw,SN2012aw,26,2012aw_2012-03-29_22-15-44_Ekar_BC-Ekar_None,2012aw_2012-03-29_22-15-44_Ekar_BC-Ekar_None.dat,2012-03-29 22:15:44.00,,rising_or_near_peak_spectral_state,Fe_II_5169,Fe II 5169,Fe,5169,158,1.82239e-14,2.83685563291e-15,-0.00015289368085,353.016803374,-9936.53461931,92.5646378832,0.00282425800252,3.61222157886e-15,-0.00356724008398,2.40553991,-20119.5899909,-19.6577010608,0.00205290469547,1,1,10.3410281318,date_ordered_line_window_proxy_change,rising_or_near_peak_spectral_state,peak_response_spectral_state,yes,post-collapse spectral element-line structural state,C2_SN2012aw/2012aw_2012-03-29_22-15-44_Ekar_BC-Ekar_None.dat::Fe_II_5169
C2_SN2012aw_spectral_state_00157,C2_SN2012aw,C2_SN2012aw,SN2012aw,26,2012aw_2012-03-29_22-15-44_Ekar_BC-Ekar_None,2012aw_2012-03-29_22-15-44_Ekar_BC-Ekar_None.dat,2012-03-29 22:15:44.00,,rising_or_near_peak_spectral_state,He_I_5876,He I 5876,He,5875.6,140,1.519953e-14,7.88798928571e-16,0.000316588011029,315.199375374,-1339.84748814,66.5120310786,0.0007873728673,-8.2891222944e-17,-4.0520640338e-05,0.7209826,1905.97404282,0.3189357083,-8.2452535514e-05,1,1,0.927067322005,date_ordered_line_window_proxy_change,rising_or_near_peak_spectral_state,peak_response_spectral_state,yes,post-collapse spectral element-line structural state,C2_SN2012aw/2012aw_2012-03-29_22-15-44_Ekar_BC-Ekar_None.dat::He_I_5876
C2_SN2012aw_spectral_state_00158,C2_SN2012aw,C2_SN2012aw,SN2012aw,26,2012aw_2012-03-29_22-15-44_Ekar_BC-Ekar_None,2012aw_2012-03-29_22-15-44_Ekar_BC-Ekar_None.dat,2012-03-29 22:15:44.00,,rising_or_near_peak_spectral_state,Ni_Co_decay_proxy,Ni/Co decay proxy blend,NiCo,5890,227,1.7754675e-14,-2.14182645374e-15,0.00411045520376,511.336558982,12575.2044086,160.232875871,0.00213385346564,5.793382404e-17,-0.00023349456539,-3.505722416,-622.3655532,3.336258603,-5.892962484e-05,1,1,0.573512175342,date_ordered_line_window_proxy_change,rising_or_near_peak_spectral_state,peak_response_spectral_state,yes,post-collapse spectral element-line structural state,C2_SN2012aw/2012aw_2012-03-29_22-15-44_Ekar_BC-Ekar_None.dat::Ni_Co_decay_proxy
C2_SN2012aw_spectral_state_00159,C2_SN2012aw,C2_SN2012aw,SN2012aw,26,2012aw_2012-03-29_22-15-44_Ekar_BC-Ekar_None,2012aw_2012-03-29_22-15-44_Ekar_BC-Ekar_None.dat,2012-03-29 22:15:44.00,,rising_or_near_peak_spectral_state,Si_II_6355,Si II 6355,Si,6355,139,1.545245e-14,1.24206258993e-16,0.0044994524362,314.381175775,6031.77973519,96.667030065,0.000123898474732,8.51696380205e-16,0.00080456096655,-0.753139463,-630.88544253,1.0638702803,-0.000602566985537,1,1,0.571296361947,date_ordered_line_window_proxy_change,rising_or_near_peak_spectral_state,peak_response_spectral_state,yes,post-collapse spectral element-line structural state,C2_SN2012aw/2012aw_2012-03-29_22-15-44_Ekar_BC-Ekar_None.dat::Si_II_6355
C2_SN2012aw_spectral_state_00160,C2_SN2012aw,C2_SN2012aw,SN2012aw,26,2012aw_2012-03-29_22-15-44_Ekar_BC-Ekar_None,2012aw_2012-03-29_22-15-44_Ekar_BC-Ekar_None.dat,2012-03-29 22:15:44.00,,rising_or_near_peak_spectral_state,H_alpha,H alpha,H,6562.8,156,1.194627e-14,7.95012807692e-15,-0.00244751136837,352.11990993,-3651.62926727,87.6957157844,0.00794199880412,2.69563987692e-15,-0.00078069152663,-5.064598454,-610.90951838,-0.3230464665,0.00269182125724,1,1,1.0263172627,date_ordered_line_window_proxy_change,rising_or_near_peak_spectral_state,peak_response_spectral_state,yes,post-collapse spectral element-line structural state,C2_SN2012aw/2012aw_2012-03-29_22-15-44_Ekar_BC-Ekar_None.dat::H_alpha
C2_SN2012aw_spectral_state_00161,C2_SN2012aw,C2_SN2012aw,SN2012aw,26,2012aw_2012-03-29_22-15-44_Ekar_BC-Ekar_None,2012aw_2012-03-29_22-15-44_Ekar_BC-Ekar_None.dat,2012-03-29 22:15:44.00,,rising_or_near_peak_spectral_state,O_I_7774,O I 7774,O,7774,153,9.007462e-15,-1.09165262092e-15,0.00514128209688,356.759073695,-6437.22225814,115.454938796,0.00109024922336,102.732071885,-1.20092392001,343.091033343,-6999.6391355,83.7928572503,0.00109024922336,1,1,1.27337295666e+16,date_ordered_line_window_proxy_change,rising_or_near_peak_spectral_state,peak_response_spectral_state,yes,post-collapse spectral element-line structural state,C2_SN2012aw/2012aw_2012-03-29_22-15-44_Ekar_BC-Ekar_None.dat::O_I_7774
C2_SN2012aw_spectral_state_00162,C2_SN2012aw,C2_SN2012aw,SN2012aw,27,2012aw_2012-03-30_00-00-00_NOT_ALFOSC_None,2012aw_2012-03-30_00-00-00_NOT_ALFOSC_None.dat,2012-03-30 00:00:00.00,,rising_or_near_peak_spectral_state,H_beta,H beta,H,4861.3,94,1.989183e-14,3.25277468085e-15,0.00290806329922,271.10219495,-2094.7290437,61.3759100056,0.00324587742278,1.2493098166e-16,-0.00060750064523,-2.713192859,-119.19909339,-3.8549295267,0.00012319289886,1,1,0.382693330691,date_ordered_line_window_proxy_change,rising_or_near_peak_spectral_state,peak_response_spectral_state,yes,post-collapse spectral element-line structural state,C2_SN2012aw/2012aw_2012-03-30_00-00-00_NOT_ALFOSC_None.dat::H_beta
C2_SN2012aw_spectral_state_00163,C2_SN2012aw,C2_SN2012aw,SN2012aw,27,2012aw_2012-03-30_00-00-00_NOT_ALFOSC_None,2012aw_2012-03-30_00-00-00_NOT_ALFOSC_None.dat,2012-03-30 00:00:00.00,,rising_or_near_peak_spectral_state,Fe_II_5169,Fe II 5169,Fe,5169,122,1.706034e-14,2.03099491803e-15,5.7784182205e-05,353.268099608,-10256.2195471,85.9270780059,0.00202210349257,-8.0586071488e-16,0.000210677863055,0.251296234,-319.68492779,-6.6375598773,-0.00080215450995,1,1,0.608600197409,date_ordered_line_window_proxy_change,rising_or_near_peak_spectral_state,peak_response_spectral_state,yes,post-collapse spectral element-line structural state,C2_SN2012aw/2012aw_2012-03-30_00-00-00_NOT_ALFOSC_None.dat::Fe_II_5169
C2_SN2012aw_spectral_state_00164,C2_SN2012aw,C2_SN2012aw,SN2012aw,27,2012aw_2012-03-30_00-00-00_NOT_ALFOSC_None,2012aw_2012-03-30_00-00-00_NOT_ALFOSC_None.dat,2012-03-30 00:00:00.00,,rising_or_near_peak_spectral_state,He_I_5876,He I 5876,He,5875.6,109,1.360025e-14,3.7960587156e-16,0.000422464378832,317.226277183,-2724.60680907,70.565238488,0.000378927501387,-4.09193057011e-16,0.000105876367803,2.026901809,-1384.75932093,4.0532074094,-0.000408445365913,1,1,0.946044465943,date_ordered_line_window_proxy_change,rising_or_near_peak_spectral_state,peak_response_spectral_state,yes,post-collapse spectral element-line structural state,C2_SN2012aw/2012aw_2012-03-30_00-00-00_NOT_ALFOSC_None.dat::He_I_5876
C2_SN2012aw_spectral_state_00165,C2_SN2012aw,C2_SN2012aw,SN2012aw,27,2012aw_2012-03-30_00-00-00_NOT_ALFOSC_None,2012aw_2012-03-30_00-00-00_NOT_ALFOSC_None.dat,2012-03-30 00:00:00.00,,rising_or_near_peak_spectral_state,Ni_Co_decay_proxy,Ni/Co decay proxy blend,NiCo,5890,177,1.602791e-14,-2.2703479661e-15,0.00377383333889,515.26040194,13028.7209603,154.716393615,0.00226234164603,-1.2852151236e-16,-0.00033662186487,3.923842958,453.5165517,-5.516482256,0.00012848818039,1,1,0.613577017755,date_ordered_line_window_proxy_change,rising_or_near_peak_spectral_state,peak_response_spectral_state,yes,post-collapse spectral element-line structural state,C2_SN2012aw/2012aw_2012-03-30_00-00-00_NOT_ALFOSC_None.dat::Ni_Co_decay_proxy
C2_SN2012aw_spectral_state_00166,C2_SN2012aw,C2_SN2012aw,SN2012aw,27,2012aw_2012-03-30_00-00-00_NOT_ALFOSC_None,2012aw_2012-03-30_00-00-00_NOT_ALFOSC_None.dat,2012-03-30 00:00:00.00,,rising_or_near_peak_spectral_state,Si_II_6355,Si II 6355,Si,6355,109,1.3474145e-14,4.20010275229e-17,0.00386286815437,317.37290028,6662.82028474,97.5387757422,4.19038009654e-05,-8.22052314701e-17,-0.00063658428183,2.991724505,631.04054955,0.8717456772,-8.19946737666e-05,1,1,0.493864598993,date_ordered_line_window_proxy_change,rising_or_near_peak_spectral_state,peak_response_spectral_state,yes,post-collapse spectral element-line structural state,C2_SN2012aw/2012aw_2012-03-30_00-00-00_NOT_ALFOSC_None.dat::Si_II_6355
C2_SN2012aw_spectral_state_00167,C2_SN2012aw,C2_SN2012aw,SN2012aw,27,2012aw_2012-03-30_00-00-00_NOT_ALFOSC_None,2012aw_2012-03-30_00-00-00_NOT_ALFOSC_None.dat,2012-03-30 00:00:00.00,,rising_or_near_peak_spectral_state,H_alpha,H alpha,H,6562.8,122,1.059162e-14,6.97054393443e-15,-0.00139049243254,353.769613201,-3040.56955307,85.4268763619,0.0069650484429,-9.7958414249e-16,0.00105701893583,1.649703271,611.0597142,-2.2688394225,-0.00097695036122,1,1,0.687866216295,date_ordered_line_window_proxy_change,rising_or_near_peak_spectral_state,peak_response_spectral_state,yes,post-collapse spectral element-line structural state,C2_SN2012aw/2012aw_2012-03-30_00-00-00_NOT_ALFOSC_None.dat::H_alpha
C2_SN2012aw_spectral_state_00168,C2_SN2012aw,C2_SN2012aw,SN2012aw,27,2012aw_2012-03-30_00-00-00_NOT_ALFOSC_None,2012aw_2012-03-30_00-00-00_NOT_ALFOSC_None.dat,2012-03-30 00:00:00.00,,rising_or_near_peak_spectral_state,O_I_7774,O I 7774,O,7774,122,7.8463445e-15,-2.20111852459e-16,0.00365033372406,357.30191695,-6823.0886403,98.2132628614,0.000219936771994,8.71540768461e-16,-0.00149094837282,0.542843255,-385.86638216,-17.2416759346,-0.000870312451366,1,1,1.12326951468,date_ordered_line_window_proxy_change,rising_or_near_peak_spectral_state,peak_response_spectral_state,yes,post-collapse spectral element-line structural state,C2_SN2012aw/2012aw_2012-03-30_00-00-00_NOT_ALFOSC_None.dat::O_I_7774
C2_SN2012aw_spectral_state_00169,C2_SN2012aw,C2_SN2012aw,SN2012aw,27,2012aw_2012-03-30_00-00-00_NOT_ALFOSC_None,2012aw_2012-03-30_00-00-00_NOT_ALFOSC_None.dat,2012-03-30 00:00:00.00,,rising_or_near_peak_spectral_state,Ca_II_NIR,Ca II near-infrared triplet,Ca,8579,244,7.552237e-15,-1.0154774959e-15,0.00239613581445,715.380841021,7343.46793937,198.120266194,0.0010147538755,-1.00471453456e-15,0.00234663862989,-4.132178932,-3524.10273903,2.092855507,0.00100399154792,1,1,2.08809425831,date_ordered_line_window_proxy_change,rising_or_near_peak_spectral_state,peak_response_spectral_state,yes,post-collapse spectral element-line structural state,C2_SN2012aw/2012aw_2012-03-30_00-00-00_NOT_ALFOSC_None.dat::Ca_II_NIR
C2_SN2012aw_spectral_state_00170,C2_SN2012aw,C2_SN2012aw,SN2012aw,28,2012aw_2012-03-30_16-06-14_HCT-2m_HFOSC_None,2012aw_2012-03-30_16-06-14_HCT-2m_HFOSC_None.txt,2012-03-30 16:06:14.00,,rising_or_near_peak_spectral_state,H_beta,H beta,H,4861.3,188,1.58882991988e-16,2.42181353808e-17,2.32364410247e-05,280.632614608,-1521.56879566,62.6256328105,2.42177211957e-05,-3.22855654547e-15,-0.0028848268582,9.530419658,573.16024804,1.2497228049,-0.00322165970158,1,1,1.38596360011,date_ordered_line_window_proxy_change,rising_or_near_peak_spectral_state,peak_response_spectral_state,yes,post-collapse spectral element-line structural state,C2_SN2012aw/2012aw_2012-03-30_16-06-14_HCT-2m_HFOSC_None.txt::H_beta
C2_SN2012aw_spectral_state_00171,C2_SN2012aw,C2_SN2012aw,SN2012aw,28,2012aw_2012-03-30_16-06-14_HCT-2m_HFOSC_None,2012aw_2012-03-30_16-06-14_HCT-2m_HFOSC_None.txt,2012-03-30 16:06:14.00,,rising_or_near_peak_spectral_state,Fe_II_5169,Fe II 5169,Fe,5169,241,1.33606472306e-16,1.56895404216e-17,4.21452232089e-06,359.75928853,-10294.8442925,80.0390616255,1.56889314248e-05,-2.01530537761e-15,-5.35696598841e-05,6.491188922,-38.6247454,-5.8880163804,-0.00200641456115,1,1,0.865595209555,date_ordered_line_window_proxy_change,rising_or_near_peak_spectral_state,peak_response_spectral_state,yes,post-collapse spectral element-line structural state,C2_SN2012aw/2012aw_2012-03-30_16-06-14_HCT-2m_HFOSC_None.txt::Fe_II_5169
C2_SN2012aw_spectral_state_00172,C2_SN2012aw,C2_SN2012aw,SN2012aw,28,2012aw_2012-03-30_16-06-14_HCT-2m_HFOSC_None,2012aw_2012-03-30_16-06-14_HCT-2m_HFOSC_None.txt,2012-03-30 16:06:14.00,,rising_or_near_peak_spectral_state,He_I_5876,He I 5876,He,5875.6,214,9.57259072503e-17,2.48657246724e-18,6.80699311551e-06,319.47062392,-4080.31692979,84.2075285358,2.48653659483e-06,-3.77119299093e-16,-0.000415657385716,2.244346737,-1355.71012072,13.6422900478,-0.000376440964792,1,1,1.3111643222,date_ordered_line_window_proxy_change,rising_or_near_peak_spectral_state,peak_response_spectral_state,yes,post-collapse spectral element-line structural state,C2_SN2012aw/2012aw_2012-03-30_16-06-14_HCT-2m_HFOSC_None.txt::He_I_5876
C2_SN2012aw_spectral_state_00173,C2_SN2012aw,C2_SN2012aw,SN2012aw,28,2012aw_2012-03-30_16-06-14_HCT-2m_HFOSC_None,2012aw_2012-03-30_16-06-14_HCT-2m_HFOSC_None.txt,2012-03-30 16:06:14.00,,rising_or_near_peak_spectral_state,Ni_Co_decay_proxy,Ni/Co decay proxy blend,NiCo,5890,348,1.1863755044e-16,-2.20406426258e-17,3.57182144539e-05,519.513817678,13160.0983739,151.657549185,2.20400389662e-05,2.24830732347e-15,-0.00373811512444,4.253415738,131.3774136,-3.05884443,-0.00224030160706,1,1,0.962763932016,date_ordered_line_window_proxy_change,rising_or_near_peak_spectral_state,peak_response_spectral_state,yes,post-collapse spectral element-line structural state,C2_SN2012aw/2012aw_2012-03-30_16-06-14_HCT-2m_HFOSC_None.txt::Ni_Co_decay_proxy
C2_SN2012aw_spectral_state_00174,C2_SN2012aw,C2_SN2012aw,SN2012aw,28,2012aw_2012-03-30_16-06-14_HCT-2m_HFOSC_None,2012aw_2012-03-30_16-06-14_HCT-2m_HFOSC_None.txt,2012-03-30 16:06:14.00,,rising_or_near_peak_spectral_state,Si_II_6355,Si II 6355,Si,6355,214,9.50345763404e-17,2.4430169929e-18,2.77903679253e-05,319.470858674,6910.11603815,97.2448083718,2.44297160601e-06,-3.955801053e-17,-0.00383507778644,2.097958394,247.29575341,-0.2939673704,-3.94608293594e-05,1,1,0.433182085667,date_ordered_line_window_proxy_change,rising_or_near_peak_spectral_state,peak_response_spectral_state,yes,post-collapse spectral element-line structural state,C2_SN2012aw/2012aw_2012-03-30_16-06-14_HCT-2m_HFOSC_None.txt::Si_II_6355
C2_SN2012aw_spectral_state_00175,C2_SN2012aw,C2_SN2012aw,SN2012aw,28,2012aw_2012-03-30_16-06-14_HCT-2m_HFOSC_None,2012aw_2012-03-30_16-06-14_HCT-2m_HFOSC_None.txt,2012-03-30 16:06:14.00,,rising_or_near_peak_spectral_state,H_alpha,H alpha,H,6562.8,241,7.24063759483e-17,5.57977373377e-17,-1.53577000346e-05,359.766873833,-2052.83373007,87.3305801861,5.5797419421e-05,-6.91474619709e-15,0.00137513473251,5.997260632,987.735823,1.9037038242,-0.00690925102348,1,1,2.10235616862,date_ordered_line_window_proxy_change,rising_or_near_peak_spectral_state,peak_response_spectral_state,yes,post-collapse spectral element-line structural state,C2_SN2012aw/2012aw_2012-03-30_16-06-14_HCT-2m_HFOSC_None.txt::H_alpha
C2_SN2012aw_spectral_state_00176,C2_SN2012aw,C2_SN2012aw,SN2012aw,28,2012aw_2012-03-30_16-06-14_HCT-2m_HFOSC_None,2012aw_2012-03-30_16-06-14_HCT-2m_HFOSC_None.txt,2012-03-30 16:06:14.00,,rising_or_near_peak_spectral_state,O_I_7774,O I 7774,O,7774,242,3.38598076002e-17,1.14052622321e-18,1.27000454565e-05,361.293354598,-6405.06750449,103.059843226,1.14052283242e-06,2.21252378682e-16,-0.0036376336786,3.991437648,418.02113581,4.8465803646,-0.000218796249162,1,1,0.759716658272,date_ordered_line_window_proxy_change,rising_or_near_peak_spectral_state,peak_response_spectral_state,yes,post-collapse spectral element-line structural state,C2_SN2012aw/2012aw_2012-03-30_16-06-14_HCT-2m_HFOSC_None.txt::O_I_7774
C2_SN2012aw_spectral_state_00177,C2_SN2012aw,C2_SN2012aw,SN2012aw,28,2012aw_2012-03-30_16-06-14_HCT-2m_HFOSC_None,2012aw_2012-03-30_16-06-14_HCT-2m_HFOSC_None.txt,2012-03-30 16:06:14.00,,rising_or_near_peak_spectral_state,Ca_II_NIR,Ca II near-infrared triplet,Ca,8579,483,2.99237788971e-17,-2.82213115883e-18,9.29362957772e-06,721.099457072,10869.7665101,202.722302018,2.82210093347e-06,1.01265536474e-15,-0.00238684218487,5.718616051,3526.29857073,4.602035824,-0.00101193177457,1,1,2.23481740867,date_ordered_line_window_proxy_change,rising_or_near_peak_spectral_state,peak_response_spectral_state,yes,post-collapse spectral element-line structural state,C2_SN2012aw/2012aw_2012-03-30_16-06-14_HCT-2m_HFOSC_None.txt::Ca_II_NIR
C2_SN2012aw_spectral_state_00178,C2_SN2012aw,C2_SN2012aw,SN2012aw,29,2012aw_2012-03-31_00-00-00_Ekar_BC-Ekar_None,2012aw_2012-03-31_00-00-00_Ekar_BC-Ekar_None.dat,2012-03-31 00:00:00.00,,rising_or_near_peak_spectral_state,H_beta,H beta,H,4861.3,123,2.011593e-14,3.43685707317e-15,0.00347717342283,273.965104929,-2088.00864614,64.3050983897,0.00342846179902,3.41263893779e-15,0.00345393698181,-6.667509679,-566.43985048,1.6794655792,0.00340424407782,1,1,1.3767392136,date_ordered_line_window_proxy_change,rising_or_near_peak_spectral_state,peak_response_spectral_state,yes,post-collapse spectral element-line structural state,C2_SN2012aw/2012aw_2012-03-31_00-00-00_Ekar_BC-Ekar_None.dat::H_beta
C2_SN2012aw_spectral_state_00179,C2_SN2012aw,C2_SN2012aw,SN2012aw,29,2012aw_2012-03-31_00-00-00_Ekar_BC-Ekar_None,2012aw_2012-03-31_00-00-00_Ekar_BC-Ekar_None.dat,2012-03-31 00:00:00.00,,rising_or_near_peak_spectral_state,Fe_II_5169,Fe II 5169,Fe,5169,158,1.717479e-14,2.38118626582e-15,-0.000158733780651,353.314105887,-10314.1637968,94.0618462251,0.00237071539681,2.3654967254e-15,-0.000162948302972,-6.445182643,-19.3195043,14.0227845996,0.00235502646539,1,1,1.23397018817,date_ordered_line_window_proxy_change,rising_or_near_peak_spectral_state,peak_response_spectral_state,yes,post-collapse spectral element-line structural state,C2_SN2012aw/2012aw_2012-03-31_00-00-00_Ekar_BC-Ekar_None.dat::Fe_II_5169
C2_SN2012aw_spectral_state_00180,C2_SN2012aw,C2_SN2012aw,SN2012aw,29,2012aw_2012-03-31_00-00-00_Ekar_BC-Ekar_None,2012aw_2012-03-31_00-00-00_Ekar_BC-Ekar_None.dat,2012-03-31 00:00:00.00,,rising_or_near_peak_spectral_state,He_I_5876,He I 5876,He,5875.6,140,1.407933e-14,1.19937928571e-16,0.000778025916375,315.972878267,-1683.23668977,87.5654052422,0.000119697506274,1.17451356104e-16,0.000771218923259,-3.497745653,2397.08024002,3.3578767064,0.000117210969679,1,1,1.38137402808,date_ordered_line_window_proxy_change,rising_or_near_peak_spectral_state,peak_response_spectral_state,yes,post-collapse spectral element-line structural state,C2_SN2012aw/2012aw_2012-03-31_00-00-00_Ekar_BC-Ekar_None.dat::He_I_5876
C2_SN2012aw_spectral_state_00181,C2_SN2012aw,C2_SN2012aw,SN2012aw,29,2012aw_2012-03-31_00-00-00_Ekar_BC-Ekar_None,2012aw_2012-03-31_00-00-00_Ekar_BC-Ekar_None.dat,2012-03-31 00:00:00.00,,rising_or_near_peak_spectral_state,Ni_Co_decay_proxy,Ni/Co decay proxy blend,NiCo,5890,227,1.656523e-14,-2.56816339207e-15,0.00418601765476,512.67247098,12949.0622727,153.397432906,0.00255823562508,-2.54612274944e-15,0.00415029944031,-6.841346698,-211.0361012,1.739883721,0.00253619558611,1,1,1.10217623134,date_ordered_line_window_proxy_change,rising_or_near_peak_spectral_state,peak_response_spectral_state,yes,post-collapse spectral element-line structural state,C2_SN2012aw/2012aw_2012-03-31_00-00-00_Ekar_BC-Ekar_None.dat::Ni_Co_decay_proxy
C2_SN2012aw_spectral_state_00182,C2_SN2012aw,C2_SN2012aw,SN2012aw,29,2012aw_2012-03-31_00-00-00_Ekar_BC-Ekar_None,2012aw_2012-03-31_00-00-00_Ekar_BC-Ekar_None.dat,2012-03-31 00:00:00.00,,rising_or_near_peak_spectral_state,Si_II_6355,Si II 6355,Si,6355,139,1.371767e-14,-2.66814388489e-18,0.00437260800633,315.786005899,7394.47244294,97.1347744041,2.66174842794e-06,-5.11116087779e-18,0.0043448176384,-3.684852775,484.35640479,-0.1100339677,2.1877682193e-07,1,1,0.595659075698,date_ordered_line_window_proxy_change,rising_or_near_peak_spectral_state,peak_response_spectral_state,yes,post-collapse spectral element-line structural state,C2_SN2012aw/2012aw_2012-03-31_00-00-00_Ekar_BC-Ekar_None.dat::Si_II_6355
C2_SN2012aw_spectral_state_00183,C2_SN2012aw,C2_SN2012aw,SN2012aw,29,2012aw_2012-03-31_00-00-00_Ekar_BC-Ekar_None,2012aw_2012-03-31_00-00-00_Ekar_BC-Ekar_None.dat,2012-03-31 00:00:00.00,,rising_or_near_peak_spectral_state,H_alpha,H alpha,H,6562.8,156,1.03355e-14,7.64930583333e-15,-0.00185674956487,353.792071487,-2332.08392721,85.6285211701,0.00764222383281,7.59350809599e-15,-0.00184139186484,-5.974802346,-279.25019714,-1.702059016,0.00758642641339,1,1,1.93860253365,date_ordered_line_window_proxy_change,rising_or_near_peak_spectral_state,peak_response_spectral_state,yes,post-collapse spectral element-line structural state,C2_SN2012aw/2012aw_2012-03-31_00-00-00_Ekar_BC-Ekar_None.dat::H_alpha
C2_SN2012aw_spectral_state_00184,C2_SN2012aw,C2_SN2012aw,SN2012aw,29,2012aw_2012-03-31_00-00-00_Ekar_BC-Ekar_None,2012aw_2012-03-31_00-00-00_Ekar_BC-Ekar_None.dat,2012-03-31 00:00:00.00,,rising_or_near_peak_spectral_state,O_I_7774,O I 7774,O,7774,138,8.644431e-15,-9.74877550725e-16,0.00481633651135,323.614439031,-6264.63551639,104.813715978,0.000974509866547,-9.76018076948e-16,0.00480363646589,-37.678915567,140.4319881,1.753872752,0.000973369343715,1,1,1.73588043374,date_ordered_line_window_proxy_change,rising_or_near_peak_spectral_state,peak_response_spectral_state,yes,post-collapse spectral element-line structural state,C2_SN2012aw/2012aw_2012-03-31_00-00-00_Ekar_BC-Ekar_None.dat::O_I_7774
C2_SN2012aw_spectral_state_00185,C2_SN2012aw,C2_SN2012aw,SN2012aw,30,2012aw_2012-03-31_12-34-20.022_Lijiang-2.4m_YFOSC_None,2012aw_2012-03-31_12-34-20.022_Lijiang-2.4m_YFOSC_None.dat,2012-03-31 12:34:20.00,,rising_or_near_peak_spectral_state,H_beta,H beta,H,4861.3,99,1.627667e-14,1.24130070707e-15,0.0046503970223,276.017743813,-8591.45956962,67.3500063577,0.00123992860174,-2.1955563661e-15,0.00117322359947,2.052638884,-6503.45092348,3.044907968,-0.00218853319728,1,1,3.51681697067,date_ordered_line_window_proxy_change,rising_or_near_peak_spectral_state,peak_response_spectral_state,yes,post-collapse spectral element-line structural state,C2_SN2012aw/2012aw_2012-03-31_12-34-20.022_Lijiang-2.4m_YFOSC_None.dat::H_beta
C2_SN2012aw_spectral_state_00186,C2_SN2012aw,C2_SN2012aw,SN2012aw,30,2012aw_2012-03-31_12-34-20.022_Lijiang-2.4m_YFOSC_None,2012aw_2012-03-31_12-34-20.022_Lijiang-2.4m_YFOSC_None.dat,2012-03-31 12:34:20.00,,rising_or_near_peak_spectral_state,Fe_II_5169,Fe II 5169,Fe,5169,127,1.402376e-14,1.85986094488e-15,-0.000498341380088,354.650272676,-2129.73811454,92.9553098227,0.00185497938656,-5.2132532094e-16,-0.000339607599437,1.336166789,8184.42568226,-1.1065364024,-0.00051573601025,1,1,3.79277305322,date_ordered_line_window_proxy_change,rising_or_near_peak_spectral_state,peak_response_spectral_state,yes,post-collapse spectral element-line structural state,C2_SN2012aw/2012aw_2012-03-31_12-34-20.022_Lijiang-2.4m_YFOSC_None.dat::Fe_II_5169
C2_SN2012aw_spectral_state_00187,C2_SN2012aw,C2_SN2012aw,SN2012aw,30,2012aw_2012-03-31_12-34-20.022_Lijiang-2.4m_YFOSC_None,2012aw_2012-03-31_12-34-20.022_Lijiang-2.4m_YFOSC_None.dat,2012-03-31 12:34:20.00,,rising_or_near_peak_spectral_state,He_I_5876,He I 5876,He,5875.6,113,1.231068e-14,3.07152389381e-16,0.000507650477421,316.580672611,-2987.59142263,67.5761381307,0.000306760944697,1.8721446081e-16,-0.000270375438954,0.607794344,-1304.35473286,-19.9892671115,0.000187063438423,1,1,1.43592227195,date_ordered_line_window_proxy_change,rising_or_near_peak_spectral_state,peak_response_spectral_state,yes,post-collapse spectral element-line structural state,C2_SN2012aw/2012aw_2012-03-31_12-34-20.022_Lijiang-2.4m_YFOSC_None.dat::He_I_5876
C2_SN2012aw_spectral_state_00188,C2_SN2012aw,C2_SN2012aw,SN2012aw,30,2012aw_2012-03-31_12-34-20.022_Lijiang-2.4m_YFOSC_None,2012aw_2012-03-31_12-34-20.022_Lijiang-2.4m_YFOSC_None.dat,2012-03-31 12:34:20.00,,rising_or_near_peak_spectral_state,Ni_Co_decay_proxy,Ni/Co decay proxy blend,NiCo,5890,183,1.3677615e-14,-1.25993204918e-15,0.00229590252913,512.803828104,12561.4178753,161.511260619,0.0012560571055,1.30823134289e-15,-0.00189011512563,0.131357124,-387.6443974,8.113827713,-0.00130217851958,1,1,0.869801061934,date_ordered_line_window_proxy_change,rising_or_near_peak_spectral_state,peak_response_spectral_state,yes,post-collapse spectral element-line structural state,C2_SN2012aw/2012aw_2012-03-31_12-34-20.022_Lijiang-2.4m_YFOSC_None.dat::Ni_Co_decay_proxy
C2_SN2012aw_spectral_state_00189,C2_SN2012aw,C2_SN2012aw,SN2012aw,30,2012aw_2012-03-31_12-34-20.022_Lijiang-2.4m_YFOSC_None,2012aw_2012-03-31_12-34-20.022_Lijiang-2.4m_YFOSC_None.dat,2012-03-31 12:34:20.00,,rising_or_near_peak_spectral_state,Si_II_6355,Si II 6355,Si,6355,113,1.236306e-14,6.28132831858e-17,0.00375641718891,316.641665424,7459.77494381,96.5221368509,6.26875783516e-05,6.54814270707e-17,-0.00061619081742,0.855659525,65.30250087,-0.6126375532,6.00258299237e-05,1,1,0.170324774134,date_ordered_line_window_proxy_change,rising_or_near_peak_spectral_state,peak_response_spectral_state,yes,post-collapse spectral element-line structural state,C2_SN2012aw/2012aw_2012-03-31_12-34-20.022_Lijiang-2.4m_YFOSC_None.dat::Si_II_6355
C2_SN2012aw_spectral_state_00190,C2_SN2012aw,C2_SN2012aw,SN2012aw,30,2012aw_2012-03-31_12-34-20.022_Lijiang-2.4m_YFOSC_None,2012aw_2012-03-31_12-34-20.022_Lijiang-2.4m_YFOSC_None.dat,2012-03-31 12:34:20.00,,rising_or_near_peak_spectral_state,H_alpha,H alpha,H,6562.8,127,9.917671e-15,6.09092695276e-15,-0.00137598245867,354.582740748,-2268.84911996,85.169838745,0.00608582576662,-1.55837888057e-15,0.0004807671062,0.790669261,63.23480725,-0.4586824251,-0.00155639806619,1,1,0.43638412201,date_ordered_line_window_proxy_change,rising_or_near_peak_spectral_state,peak_response_spectral_state,yes,post-collapse spectral element-line structural state,C2_SN2012aw/2012aw_2012-03-31_12-34-20.022_Lijiang-2.4m_YFOSC_None.dat::H_alpha
C2_SN2012aw_spectral_state_00191,C2_SN2012aw,C2_SN2012aw,SN2012aw,30,2012aw_2012-03-31_12-34-20.022_Lijiang-2.4m_YFOSC_None,2012aw_2012-03-31_12-34-20.022_Lijiang-2.4m_YFOSC_None.dat,2012-03-31 12:34:20.00,,rising_or_near_peak_spectral_state,O_I_7774,O I 7774,O,7774,127,7.935981e-15,3.84639732283e-16,0.000209666093863,357.319634358,-5957.57350397,87.634663596,0.000384498372956,1.35951728301e-15,-0.00460667041749,33.705195327,307.06201242,-17.179052382,-0.000590011493591,1,1,2.28307453817,date_ordered_line_window_proxy_change,rising_or_near_peak_spectral_state,peak_response_spectral_state,yes,post-collapse spectral element-line structural state,C2_SN2012aw/2012aw_2012-03-31_12-34-20.022_Lijiang-2.4m_YFOSC_None.dat::O_I_7774
C2_SN2012aw_spectral_state_00192,C2_SN2012aw,C2_SN2012aw,SN2012aw,30,2012aw_2012-03-31_12-34-20.022_Lijiang-2.4m_YFOSC_None,2012aw_2012-03-31_12-34-20.022_Lijiang-2.4m_YFOSC_None.dat,2012-03-31 12:34:20.00,,rising_or_near_peak_spectral_state,Ca_II_NIR,Ca II near-infrared triplet,Ca,8579,211,7.911213e-15,-1.06336143128e-15,0.00185454628929,594.53158657,6418.60571168,160.438251155,0.00106309259261,-1.06053930012e-15,0.00184525265971,-126.567870502,-4451.16079842,-42.284050863,0.00106027049168,1,1,7.66683737613,date_ordered_line_window_proxy_change,rising_or_near_peak_spectral_state,peak_response_spectral_state,yes,post-collapse spectral element-line structural state,C2_SN2012aw/2012aw_2012-03-31_12-34-20.022_Lijiang-2.4m_YFOSC_None.dat::Ca_II_NIR
C2_SN2012aw_spectral_state_00193,C2_SN2012aw,C2_SN2012aw,SN2012aw,31,2012aw_2012-03-31_19-42-14_HCT-2m_HFOSC_None,2012aw_2012-03-31_19-42-14_HCT-2m_HFOSC_None.txt,2012-03-31 19:42:14.00,,decline_spectral_state,H_beta,H beta,H,4861.3,187,5.71362658634e-15,7.47610225882e-16,0.000866105660505,277.397329198,-352.517761569,61.6084917475,0.000746834159115,-4.93690481188e-16,-0.0037842913618,1.379585385,8238.94180805,-5.7415146102,-0.000493094442625,1,1,4.16225546347,date_ordered_line_window_proxy_change,decline_spectral_state,relaxation_spectral_state,yes,post-collapse spectral element-line structural state,C2_SN2012aw/2012aw_2012-03-31_19-42-14_HCT-2m_HFOSC_None.txt::H_beta
C2_SN2012aw_spectral_state_00194,C2_SN2012aw,C2_SN2012aw,SN2012aw,31,2012aw_2012-03-31_19-42-14_HCT-2m_HFOSC_None,2012aw_2012-03-31_19-42-14_HCT-2m_HFOSC_None.txt,2012-03-31 19:42:14.00,,decline_spectral_state,Fe_II_5169,Fe II 5169,Fe,5169,242,4.75932551577e-15,6.10740851674e-16,0.000118025619714,359.374953281,-10145.4228095,85.2543929538,0.00060989362146,-1.24912009321e-15,0.000616366999802,4.724680605,-8015.68469496,-7.7009168689,-0.0012450857651,1,1,4.22133040151,date_ordered_line_window_proxy_change,decline_spectral_state,relaxation_spectral_state,yes,post-collapse spectral element-line structural state,C2_SN2012aw/2012aw_2012-03-31_19-42-14_HCT-2m_HFOSC_None.txt::Fe_II_5169
C2_SN2012aw_spectral_state_00195,C2_SN2012aw,C2_SN2012aw,SN2012aw,31,2012aw_2012-03-31_19-42-14_HCT-2m_HFOSC_None,2012aw_2012-03-31_19-42-14_HCT-2m_HFOSC_None.txt,2012-03-31 19:42:14.00,,decline_spectral_state,He_I_5876,He I 5876,He,5875.6,215,2.829238177e-15,4.92649131858e-17,0.000388162881756,320.073621699,7600.18725608,102.279579889,4.92262397101e-05,-2.57887476195e-16,-0.000119487595665,3.492949088,10587.7786787,34.7034417583,-0.000257534704987,1,1,6.10488221239,date_ordered_line_window_proxy_change,decline_spectral_state,relaxation_spectral_state,yes,post-collapse spectral element-line structural state,C2_SN2012aw/2012aw_2012-03-31_19-42-14_HCT-2m_HFOSC_None.txt::He_I_5876
C2_SN2012aw_spectral_state_00196,C2_SN2012aw,C2_SN2012aw,SN2012aw,31,2012aw_2012-03-31_19-42-14_HCT-2m_HFOSC_None,2012aw_2012-03-31_19-42-14_HCT-2m_HFOSC_None.txt,2012-03-31 19:42:14.00,,decline_spectral_state,Ni_Co_decay_proxy,Ni/Co decay proxy blend,NiCo,5890,348,3.980588522e-15,-1.13814745872e-15,0.00179705983398,518.093025297,13063.8445024,145.306336803,0.00113684687131,1.2178459046e-16,-0.00049884269515,5.289197193,502.4266271,-16.204923816,-0.00011921023419,1,1,1.08551201354,date_ordered_line_window_proxy_change,decline_spectral_state,relaxation_spectral_state,yes,post-collapse spectral element-line structural state,C2_SN2012aw/2012aw_2012-03-31_19-42-14_HCT-2m_HFOSC_None.txt::Ni_Co_decay_proxy
C2_SN2012aw_spectral_state_00197,C2_SN2012aw,C2_SN2012aw,SN2012aw,31,2012aw_2012-03-31_19-42-14_HCT-2m_HFOSC_None,2012aw_2012-03-31_19-42-14_HCT-2m_HFOSC_None.txt,2012-03-31 19:42:14.00,,decline_spectral_state,Si_II_6355,Si II 6355,Si,6355,215,2.66990261619e-15,-1.10158505448e-16,0.000951787344413,320.175522863,6329.16295382,99.1695127446,0.000110105992739,-1.72971788634e-16,-0.0028046298445,3.533857439,-1130.61198999,2.6473758937,4.74184143874e-05,1,1,0.912499894126,date_ordered_line_window_proxy_change,decline_spectral_state,relaxation_spectral_state,yes,post-collapse spectral element-line structural state,C2_SN2012aw/2012aw_2012-03-31_19-42-14_HCT-2m_HFOSC_None.txt::Si_II_6355
C2_SN2012aw_spectral_state_00198,C2_SN2012aw,C2_SN2012aw,SN2012aw,31,2012aw_2012-03-31_19-42-14_HCT-2m_HFOSC_None,2012aw_2012-03-31_19-42-14_HCT-2m_HFOSC_None.txt,2012-03-31 19:42:14.00,,decline_spectral_state,H_alpha,H alpha,H,6562.8,242,2.0428049292e-15,1.38953870294e-15,-0.000248580254888,360.068401823,-3363.662187,86.293027281,0.00138926908965,-4.70138824982e-15,0.00112740220378,5.485661075,-1094.81306704,1.123188536,-0.00469655667697,1,1,1.67430082523,date_ordered_line_window_proxy_change,decline_spectral_state,relaxation_spectral_state,yes,post-collapse spectral element-line structural state,C2_SN2012aw/2012aw_2012-03-31_19-42-14_HCT-2m_HFOSC_None.txt::H_alpha
C2_SN2012aw_spectral_state_00199,C2_SN2012aw,C2_SN2012aw,SN2012aw,31,2012aw_2012-03-31_19-42-14_HCT-2m_HFOSC_None,2012aw_2012-03-31_19-42-14_HCT-2m_HFOSC_None.txt,2012-03-31 19:42:14.00,,decline_spectral_state,O_I_7774,O I 7774,O,7774,241,1.02192943796e-15,4.46252533289e-17,0.000408758308274,359.429631532,-6133.43712183,106.822159068,4.46191775559e-05,-3.40014478954e-16,0.000199092214411,2.109997174,-175.86361786,19.187495472,-0.0003398791954,1,1,0.987083319212,date_ordered_line_window_proxy_change,decline_spectral_state,relaxation_spectral_state,yes,post-collapse spectral element-line structural state,C2_SN2012aw/2012aw_2012-03-31_19-42-14_HCT-2m_HFOSC_None.txt::O_I_7774
C2_SN2012aw_spectral_state_00200,C2_SN2012aw,C2_SN2012aw,SN2012aw,31,2012aw_2012-03-31_19-42-14_HCT-2m_HFOSC_None,2012aw_2012-03-31_19-42-14_HCT-2m_HFOSC_None.txt,2012-03-31 19:42:14.00,,decline_spectral_state,Ca_II_NIR,Ca II near-infrared triplet,Ca,8579,482,8.13937748257e-16,-4.80518634346e-17,0.000791910185146,719.075296843,11167.9465129,215.6254044,4.80370938943e-05,1.01530956785e-15,-0.00106263610414,124.543710273,4749.34080122,55.187153245,-0.00101505549872,1,1,8.17345862769,date_ordered_line_window_proxy_change,decline_spectral_state,relaxation_spectral_state,yes,post-collapse spectral element-line structural state,C2_SN2012aw/2012aw_2012-03-31_19-42-14_HCT-2m_HFOSC_None.txt::Ca_II_NIR
C2_SN2012aw_spectral_state_00201,C2_SN2012aw,C2_SN2012aw,SN2012aw,32,2012aw_2012-03-31_20-32-55_WHT-4.2m_ISIS_None,2012aw_2012-03-31_20-32-55_WHT-4.2m_ISIS_None.dat,2012-03-31 20:32:55.00,,decline_spectral_state,He_I_5876,He I 5876,He,5875.6,177,1.233576e-14,1.05883836158e-15,-0.00010357235627,315.879127376,-3074.36389404,75.784774695,0.00105666053869,1.00957344839e-15,-0.000491735238026,-4.194494323,-10674.5511501,-26.494805194,0.00100743429898,1,1,6.01451087944,date_ordered_line_window_proxy_change,decline_spectral_state,relaxation_spectral_state,yes,post-collapse spectral element-line structural state,C2_SN2012aw/2012aw_2012-03-31_20-32-55_WHT-4.2m_ISIS_None.dat::He_I_5876
C2_SN2012aw_spectral_state_00202,C2_SN2012aw,C2_SN2012aw,SN2012aw,32,2012aw_2012-03-31_20-32-55_WHT-4.2m_ISIS_None,2012aw_2012-03-31_20-32-55_WHT-4.2m_ISIS_None.dat,2012-03-31 20:32:55.00,,decline_spectral_state,Ni_Co_decay_proxy,Ni/Co decay proxy blend,NiCo,5890,288,1.521304e-14,-2.0684890625e-15,0.00375152785666,514.12063897,12726.8587646,154.716884461,0.00206038176799,-9.3034160378e-16,0.00195446802268,-3.972386327,-336.9857378,9.410547658,0.00092353489668,1,1,0.944084375549,date_ordered_line_window_proxy_change,decline_spectral_state,relaxation_spectral_state,yes,post-collapse spectral element-line structural state,C2_SN2012aw/2012aw_2012-03-31_20-32-55_WHT-4.2m_ISIS_None.dat::Ni_Co_decay_proxy
C2_SN2012aw_spectral_state_00203,C2_SN2012aw,C2_SN2012aw,SN2012aw,32,2012aw_2012-03-31_20-32-55_WHT-4.2m_ISIS_None,2012aw_2012-03-31_20-32-55_WHT-4.2m_ISIS_None.dat,2012-03-31 20:32:55.00,,decline_spectral_state,Si_II_6355,Si II 6355,Si,6355,177,1.298256e-14,-4.40595423729e-16,0.00431950674452,316.151274368,7389.48070863,97.5680615857,0.000439625257403,-3.30436918281e-16,0.00336771940011,-4.024248495,1060.31775481,-1.6014511589,0.000329519264664,1,1,0.923617300864,date_ordered_line_window_proxy_change,decline_spectral_state,relaxation_spectral_state,yes,post-collapse spectral element-line structural state,C2_SN2012aw/2012aw_2012-03-31_20-32-55_WHT-4.2m_ISIS_None.dat::Si_II_6355
C2_SN2012aw_spectral_state_00204,C2_SN2012aw,C2_SN2012aw,SN2012aw,32,2012aw_2012-03-31_20-32-55_WHT-4.2m_ISIS_None,2012aw_2012-03-31_20-32-55_WHT-4.2m_ISIS_None.dat,2012-03-31 20:32:55.00,,decline_spectral_state,H_alpha,H alpha,H,6562.8,199,9.9038475e-15,6.80768712312e-15,-0.000753876224835,353.94740446,-2336.91760667,85.5134898192,0.00680151331114,5.41814842018e-15,-0.000505295969947,-6.120997363,1026.74458033,-0.7795374618,0.00541224422149,1,1,1.75439566563,date_ordered_line_window_proxy_change,decline_spectral_state,relaxation_spectral_state,yes,post-collapse spectral element-line structural state,C2_SN2012aw/2012aw_2012-03-31_20-32-55_WHT-4.2m_ISIS_None.dat::H_alpha
C2_SN2012aw_spectral_state_00205,C2_SN2012aw,C2_SN2012aw,SN2012aw,32,2012aw_2012-03-31_20-32-55_WHT-4.2m_ISIS_None,2012aw_2012-03-31_20-32-55_WHT-4.2m_ISIS_None.dat,2012-03-31 20:32:55.00,,decline_spectral_state,O_I_7774,O I 7774,O,7774,199,8.00996e-15,-1.42094603015e-16,0.00493895814283,357.093785599,-6873.09227987,97.5105126318,0.0001420075894,-1.86719856344e-16,0.00453019983456,-2.335845933,-739.65515804,-9.3116464362,9.73884118441e-05,1,1,1.05083109958,date_ordered_line_window_proxy_change,decline_spectral_state,relaxation_spectral_state,yes,post-collapse spectral element-line structural state,C2_SN2012aw/2012aw_2012-03-31_20-32-55_WHT-4.2m_ISIS_None.dat::O_I_7774
C2_SN2012aw_spectral_state_00206,C2_SN2012aw,C2_SN2012aw,SN2012aw,32,2012aw_2012-03-31_20-32-55_WHT-4.2m_ISIS_None,2012aw_2012-03-31_20-32-55_WHT-4.2m_ISIS_None.dat,2012-03-31 20:32:55.00,,decline_spectral_state,Ca_II_NIR,Ca II near-infrared triplet,Ca,8579,398,7.5048375e-15,1.03123924623e-16,0.000569266249305,714.370441255,12288.0512087,191.649919417,0.000103019307174,1.51175788058e-16,-0.000222643935841,-4.704855588,1120.1046958,-23.975484983,5.49822132797e-05,1,1,1.61400413328,date_ordered_line_window_proxy_change,decline_spectral_state,relaxation_spectral_state,yes,post-collapse spectral element-line structural state,C2_SN2012aw/2012aw_2012-03-31_20-32-55_WHT-4.2m_ISIS_None.dat::Ca_II_NIR
C2_SN2012aw_spectral_state_00207,C2_SN2012aw,C2_SN2012aw,SN2012aw,33,2012aw_2012-03-31_20-32-55_WHT-4.2m_ISIS_None_0,2012aw_2012-03-31_20-32-55_WHT-4.2m_ISIS_None_0.dat,2012-03-31 20:32:55.00,,decline_spectral_state,H_beta,H beta,H,4861.3,325,2.129682e-14,-5.6060192e-15,0.00839372044652,275.86791726,-8205.25490776,87.1216344415,0.0055844652012,-6.35362942588e-15,0.00752761478601,-1.529411938,-7852.73714619,25.513142694,0.00483763104208,1,1,5.94129027342,date_ordered_line_window_proxy_change,decline_spectral_state,relaxation_spectral_state,yes,post-collapse spectral element-line structural state,C2_SN2012aw/2012aw_2012-03-31_20-32-55_WHT-4.2m_ISIS_None_0.dat::H_beta
C2_SN2012aw_spectral_state_00208,C2_SN2012aw,C2_SN2012aw,SN2012aw,33,2012aw_2012-03-31_20-32-55_WHT-4.2m_ISIS_None_0,2012aw_2012-03-31_20-32-55_WHT-4.2m_ISIS_None_0.dat,2012-03-31 20:32:55.00,,decline_spectral_state,Fe_II_5169,Fe II 5169,Fe,5169,229,1.612901e-14,2.16039065502e-15,0.00214648925337,193.860496967,967.458709926,54.2520703309,0.00215787429888,1.54964980335e-15,0.00202846363366,-165.514456314,11112.8815194,-31.0023226229,0.00154798067742,1,1,11.3986064285,date_ordered_line_window_proxy_change,decline_spectral_state,relaxation_spectral_state,yes,post-collapse spectral element-line structural state,C2_SN2012aw/2012aw_2012-03-31_20-32-55_WHT-4.2m_ISIS_None_0.dat::Fe_II_5169
C2_SN2012aw_spectral_state_00209,C2_SN2012aw,C2_SN2012aw,SN2012aw,34,2012aw_2012-04-01_04-29-03.986_VLT-UT1_FORS2_None,2012aw_2012-04-01_04-29-03.986_VLT-UT1_FORS2_None.ascii,2012-04-01 04:29:03.00,,decline_spectral_state,H_beta,H beta,H,4861.3,84,2.9248261e-13,2.97930947619e-14,0.0506805116705,210.810689305,-1970.47974764,65.0871800652,0.0290102349797,3.53991139619e-14,0.042286791224,-65.057227955,6234.77516012,-22.0344543763,0.0234257697785,1,1,13.5792492928,date_ordered_line_window_proxy_change,decline_spectral_state,relaxation_spectral_state,yes,post-collapse spectral element-line structural state,C2_SN2012aw/2012aw_2012-04-01_04-29-03.986_VLT-UT1_FORS2_None.ascii::H_beta
C2_SN2012aw_spectral_state_00210,C2_SN2012aw,C2_SN2012aw,SN2012aw,34,2012aw_2012-04-01_04-29-03.986_VLT-UT1_FORS2_None,2012aw_2012-04-01_04-29-03.986_VLT-UT1_FORS2_None.ascii,2012-04-01 04:29:03.00,,decline_spectral_state,Fe_II_5169,Fe II 5169,Fe,5169,107,2.45735195e-13,3.78764914486e-14,-0.008531560353,276.28834121,-165.549712004,92.5925065853,0.0359043008708,3.57161007936e-14,-0.0106780496064,82.427844243,-1133.00842193,38.3404362544,0.0337464265719,1,1,11.6072782126,date_ordered_line_window_proxy_change,decline_spectral_state,relaxation_spectral_state,yes,post-collapse spectral element-line structural state,C2_SN2012aw/2012aw_2012-04-01_04-29-03.986_VLT-UT1_FORS2_None.ascii::Fe_II_5169
C2_SN2012aw_spectral_state_00211,C2_SN2012aw,C2_SN2012aw,SN2012aw,34,2012aw_2012-04-01_04-29-03.986_VLT-UT1_FORS2_None,2012aw_2012-04-01_04-29-03.986_VLT-UT1_FORS2_None.ascii,2012-04-01 04:29:03.00,,decline_spectral_state,He_I_5876,He I 5876,He,5875.6,96,1.9421417e-13,1.3479610625e-14,-0.00153853475043,265.136041611,-2340.04346769,74.9106611987,0.0131356189159,1.24207722634e-14,-0.00143496239416,-50.743085765,734.32042635,-0.8741134963,0.0120789583772,1,1,4.31650512176,date_ordered_line_window_proxy_change,decline_spectral_state,relaxation_spectral_state,yes,post-collapse spectral element-line structural state,C2_SN2012aw/2012aw_2012-04-01_04-29-03.986_VLT-UT1_FORS2_None.ascii::He_I_5876
C2_SN2012aw_spectral_state_00212,C2_SN2012aw,C2_SN2012aw,SN2012aw,34,2012aw_2012-04-01_04-29-03.986_VLT-UT1_FORS2_None,2012aw_2012-04-01_04-29-03.986_VLT-UT1_FORS2_None.ascii,2012-04-01 04:29:03.00,,decline_spectral_state,Ni_Co_decay_proxy,Ni/Co decay proxy blend,NiCo,5890,155,2.38494375e-13,-3.37144915806e-14,0.0454817850909,432.525736015,13056.9009829,152.966255668,0.0318690935005,-3.16460025181e-14,0.0417302572342,-81.594902955,330.0422183,-1.750628793,0.0298087117325,1,1,10.6713742729,date_ordered_line_window_proxy_change,decline_spectral_state,relaxation_spectral_state,yes,post-collapse spectral element-line structural state,C2_SN2012aw/2012aw_2012-04-01_04-29-03.986_VLT-UT1_FORS2_None.ascii::Ni_Co_decay_proxy
C2_SN2012aw_spectral_state_00213,C2_SN2012aw,C2_SN2012aw,SN2012aw,34,2012aw_2012-04-01_04-29-03.986_VLT-UT1_FORS2_None,2012aw_2012-04-01_04-29-03.986_VLT-UT1_FORS2_None.ascii,2012-04-01 04:29:03.00,,decline_spectral_state,Si_II_6355,Si II 6355,Si,6355,96,2.01361485e-13,7.28104989583e-15,0.0492266363941,265.214662252,7154.84601742,96.1627483161,0.0070071044083,7.72164531956e-15,0.0449071296496,-50.936612116,-234.63469121,-1.4053132696,0.0065674791509,1,1,5.3926916976,date_ordered_line_window_proxy_change,decline_spectral_state,relaxation_spectral_state,yes,post-collapse spectral element-line structural state,C2_SN2012aw/2012aw_2012-04-01_04-29-03.986_VLT-UT1_FORS2_None.ascii::Si_II_6355
C2_SN2012aw_spectral_state_00214,C2_SN2012aw,C2_SN2012aw,SN2012aw,34,2012aw_2012-04-01_04-29-03.986_VLT-UT1_FORS2_None,2012aw_2012-04-01_04-29-03.986_VLT-UT1_FORS2_None.ascii,2012-04-01 04:29:03.00,,decline_spectral_state,H_alpha,H alpha,H,6562.8,108,1.5422719e-13,1.19951125e-13,-0.0241318868948,275.304262965,-2564.12298587,86.2143486482,0.118442254428,1.13143437877e-13,-0.02337801067,-78.643141495,-227.2053792,0.700858829,0.111640741117,1,1,24.9485993253,date_ordered_line_window_proxy_change,decline_spectral_state,relaxation_spectral_state,yes,post-collapse spectral element-line structural state,C2_SN2012aw/2012aw_2012-04-01_04-29-03.986_VLT-UT1_FORS2_None.ascii::H_alpha
C2_SN2012aw_spectral_state_00215,C2_SN2012aw,C2_SN2012aw,SN2012aw,34,2012aw_2012-04-01_04-29-03.986_VLT-UT1_FORS2_None,2012aw_2012-04-01_04-29-03.986_VLT-UT1_FORS2_None.ascii,2012-04-01 04:29:03.00,,decline_spectral_state,O_I_7774,O I 7774,O,7774,107,1.14218702e-13,2.89490966355e-15,0.0496246669534,320.131166231,-6436.33716474,99.3726522126,0.00285550313545,3.03700426656e-15,0.0446857088106,-36.962619368,436.75511513,1.8621395808,0.00271349554605,1,1,4.23731313282,date_ordered_line_window_proxy_change,decline_spectral_state,relaxation_spectral_state,yes,post-collapse spectral element-line structural state,C2_SN2012aw/2012aw_2012-04-01_04-29-03.986_VLT-UT1_FORS2_None.ascii::O_I_7774
C2_SN2012aw_spectral_state_00216,C2_SN2012aw,C2_SN2012aw,SN2012aw,34,2012aw_2012-04-01_04-29-03.986_VLT-UT1_FORS2_None,2012aw_2012-04-01_04-29-03.986_VLT-UT1_FORS2_None.ascii,2012-04-01 04:29:03.00,,decline_spectral_state,Ca_II_NIR,Ca II near-infrared triplet,Ca,8579,216,9.568947e-14,1.03072661574e-15,0.0179134184798,658.403427307,12531.8242268,215.126732598,0.00100842184607,9.27602691117e-16,0.0173441522305,-55.967013948,243.7730181,23.476813181,0.000905402538896,1,1,3.77444724411,date_ordered_line_window_proxy_change,decline_spectral_state,relaxation_spectral_state,yes,post-collapse spectral element-line structural state,C2_SN2012aw/2012aw_2012-04-01_04-29-03.986_VLT-UT1_FORS2_None.ascii::Ca_II_NIR
C2_SN2012aw_spectral_state_00217,C2_SN2012aw,C2_SN2012aw,SN2012aw,35,2012aw_2012-04-02_00-00-00_Ekar_BC-Ekar_None,2012aw_2012-04-02_00-00-00_Ekar_BC-Ekar_None.dat,2012-04-02 00:00:00.00,,decline_spectral_state,H_beta,H beta,H,4861.3,123,2.153193e-14,1.67879861789e-15,0.00537554415945,273.94777979,-8386.2203469,72.3386882561,0.0016734356008,-2.8114296144e-14,-0.0453049675111,63.137090485,-6415.74059926,7.2515081909,-0.0273367993789,1,1,12.5451034969,date_ordered_line_window_proxy_change,decline_spectral_state,relaxation_spectral_state,yes,post-collapse spectral element-line structural state,C2_SN2012aw/2012aw_2012-04-02_00-00-00_Ekar_BC-Ekar_None.dat::H_beta
C2_SN2012aw_spectral_state_00218,C2_SN2012aw,C2_SN2012aw,SN2012aw,35,2012aw_2012-04-02_00-00-00_Ekar_BC-Ekar_None,2012aw_2012-04-02_00-00-00_Ekar_BC-Ekar_None.dat,2012-04-02 00:00:00.00,,decline_spectral_state,Fe_II_5169,Fe II 5169,Fe,5169,158,1.8314605e-14,2.10420670886e-15,8.80719961784e-05,353.01662061,2879.70109072,91.7352782335,0.00209621668968,-3.57722847397e-14,0.00861963234918,76.7282794,3045.25080272,-0.8572283518,-0.0338080841811,1,1,10.7580200283,date_ordered_line_window_proxy_change,decline_spectral_state,relaxation_spectral_state,yes,post-collapse spectral element-line structural state,C2_SN2012aw/2012aw_2012-04-02_00-00-00_Ekar_BC-Ekar_None.dat::Fe_II_5169
C2_SN2012aw_spectral_state_00219,C2_SN2012aw,C2_SN2012aw,SN2012aw,35,2012aw_2012-04-02_00-00-00_Ekar_BC-Ekar_None,2012aw_2012-04-02_00-00-00_Ekar_BC-Ekar_None.dat,2012-04-02 00:00:00.00,,decline_spectral_state,He_I_5876,He I 5876,He,5875.6,140,1.44422e-14,4.18603571429e-17,0.0015417142544,316.298521344,7324.66366886,89.6046388248,4.17695207195e-05,-1.34377502679e-14,0.00308024900483,51.162479733,9664.70713655,14.6939776261,-0.0130938493952,1,1,8.99407331343,date_ordered_line_window_proxy_change,decline_spectral_state,relaxation_spectral_state,yes,post-collapse spectral element-line structural state,C2_SN2012aw/2012aw_2012-04-02_00-00-00_Ekar_BC-Ekar_None.dat::He_I_5876
C2_SN2012aw_spectral_state_00220,C2_SN2012aw,C2_SN2012aw,SN2012aw,35,2012aw_2012-04-02_00-00-00_Ekar_BC-Ekar_None,2012aw_2012-04-02_00-00-00_Ekar_BC-Ekar_None.dat,2012-04-02 00:00:00.00,,decline_spectral_state,Ni_Co_decay_proxy,Ni/Co decay proxy blend,NiCo,5890,227,1.7506575e-14,-3.17362381057e-15,0.00501232633312,512.955098782,10420.0121053,151.499957011,0.00315933418303,3.054086777e-14,-0.0404694587578,80.429362767,-2636.8888776,-1.466298657,-0.0287097593175,1,1,11.3532472486,date_ordered_line_window_proxy_change,decline_spectral_state,relaxation_spectral_state,yes,post-collapse spectral element-line structural state,C2_SN2012aw/2012aw_2012-04-02_00-00-00_Ekar_BC-Ekar_None.dat::Ni_Co_decay_proxy
C2_SN2012aw_spectral_state_00221,C2_SN2012aw,C2_SN2012aw,SN2012aw,35,2012aw_2012-04-02_00-00-00_Ekar_BC-Ekar_None,2012aw_2012-04-02_00-00-00_Ekar_BC-Ekar_None.dat,2012-04-02 00:00:00.00,,decline_spectral_state,Si_II_6355,Si II 6355,Si,6355,139,1.417515e-14,1.11500935252e-16,0.00539283870247,315.470480768,6882.5919372,97.2069710804,0.000111182573227,-7.16954896058e-15,-0.0438337976916,50.255818516,-272.25408022,1.0442227643,-0.00689592183507,1,1,5.27325009707,date_ordered_line_window_proxy_change,decline_spectral_state,relaxation_spectral_state,yes,post-collapse spectral element-line structural state,C2_SN2012aw/2012aw_2012-04-02_00-00-00_Ekar_BC-Ekar_None.dat::Si_II_6355
C2_SN2012aw_spectral_state_00222,C2_SN2012aw,C2_SN2012aw,SN2012aw,35,2012aw_2012-04-02_00-00-00_Ekar_BC-Ekar_None,2012aw_2012-04-02_00-00-00_Ekar_BC-Ekar_None.dat,2012-04-02 00:00:00.00,,decline_spectral_state,H_alpha,H alpha,H,6562.8,156,1.088919e-14,8.32025358974e-15,-0.00104981832875,352.900108918,-2827.75659955,83.6068929546,0.00831016639245,-1.1163087141e-13,0.023082068566,77.595845953,-263.63361368,-2.6074556936,-0.110132088036,1,1,24.7049891192,date_ordered_line_window_proxy_change,decline_spectral_state,relaxation_spectral_state,yes,post-collapse spectral element-line structural state,C2_SN2012aw/2012aw_2012-04-02_00-00-00_Ekar_BC-Ekar_None.dat::H_alpha
C2_SN2012aw_spectral_state_00223,C2_SN2012aw,C2_SN2012aw,SN2012aw,36,SN_2012aw_2012-04-02_10-12-00_Lick-3m_KAST_UCB-SNDB,SN_2012aw_2012-04-02_10-12-00_Lick-3m_KAST_UCB-SNDB.flm,2012-04-02 10:12:00.00,,decline_spectral_state,H_beta,H beta,H,4861.3,140,37.96225,1.96915,0.279676520754,-14.5239547182,-8606.11708724,73.7486827553,0.438415988922,1.96915,0.274300976595,-288.471734508,-219.89674034,1.4099944992,0.436742553321,1,0,2.44077853352e+14,date_ordered_line_window_proxy_change,decline_spectral_state,relaxation_spectral_state,yes,post-collapse spectral element-line structural state,C2_SN2012aw/SN_2012aw_2012-04-02_10-12-00_Lick-3m_KAST_UCB-SNDB.flm::H_beta
C2_SN2012aw_spectral_state_00224,C2_SN2012aw,C2_SN2012aw,SN2012aw,36,SN_2012aw_2012-04-02_10-12-00_Lick-3m_KAST_UCB-SNDB,SN_2012aw_2012-04-02_10-12-00_Lick-3m_KAST_UCB-SNDB.flm,2012-04-02 10:12:00.00,,decline_spectral_state,Fe_II_5169,Fe II 5169,Fe,5169,180,31.74475,4.54754444444,-0.0433504752754,-51.5712361886,3909.74326132,91.2266640187,0.697404978849,4.54754444444,-0.0434385472716,-404.587856799,1030.0421706,-0.5086142148,0.695308762159,1,1,5.6367208492e+14,date_ordered_line_window_proxy_change,decline_spectral_state,relaxation_spectral_state,yes,post-collapse spectral element-line structural state,C2_SN2012aw/SN_2012aw_2012-04-02_10-12-00_Lick-3m_KAST_UCB-SNDB.flm::Fe_II_5169
C2_SN2012aw_spectral_state_00225,C2_SN2012aw,C2_SN2012aw,SN2012aw,36,SN_2012aw_2012-04-02_10-12-00_Lick-3m_KAST_UCB-SNDB,SN_2012aw_2012-04-02_10-12-00_Lick-3m_KAST_UCB-SNDB.flm,2012-04-02 10:12:00.00,,decline_spectral_state,He_I_5876,He I 5876,He,5875.6,160,24.66665,0.423040625,0.0352439427324,-5.48809830276,-2078.76332823,73.9439022841,0.121580281608,0.423040625,0.033702228478,-321.786619647,-9403.42699709,-15.6607365407,0.121538512087,1,1,5.24362530181e+13,date_ordered_line_window_proxy_change,decline_spectral_state,relaxation_spectral_state,yes,post-collapse spectral element-line structural state,C2_SN2012aw/SN_2012aw_2012-04-02_10-12-00_Lick-3m_KAST_UCB-SNDB.flm::He_I_5876
C2_SN2012aw_spectral_state_00226,C2_SN2012aw,C2_SN2012aw,SN2012aw,36,SN_2012aw_2012-04-02_10-12-00_Lick-3m_KAST_UCB-SNDB,SN_2012aw_2012-04-02_10-12-00_Lick-3m_KAST_UCB-SNDB.flm,2012-04-02 10:12:00.00,,decline_spectral_state,Ni_Co_decay_proxy,Ni/Co decay proxy blend,NiCo,5890,260,30.31185,-5.39753153846,0.243833682207,92.594691515,13134.1580615,151.363055822,0.698470082521,-5.39753153846,0.238821355874,-420.360407267,2714.1459562,-0.136901189,0.695310748338,1,1,6.69028723715e+14,date_ordered_line_window_proxy_change,decline_spectral_state,relaxation_spectral_state,yes,post-collapse spectral element-line structural state,C2_SN2012aw/SN_2012aw_2012-04-02_10-12-00_Lick-3m_KAST_UCB-SNDB.flm::Ni_Co_decay_proxy
C2_SN2012aw_spectral_state_00227,C2_SN2012aw,C2_SN2012aw,SN2012aw,36,SN_2012aw_2012-04-02_10-12-00_Lick-3m_KAST_UCB-SNDB,SN_2012aw_2012-04-02_10-12-00_Lick-3m_KAST_UCB-SNDB.flm,2012-04-02 10:12:00.00,,decline_spectral_state,Si_II_6355,Si II 6355,Si,6355,160,24.51715,1.006378125,0.303389668049,-13.1353358771,7364.07674419,95.3492214527,0.197389227265,1.006378125,0.297996829347,-328.605816645,481.48480699,-1.8577496277,0.197278044692,1,1,1.24741442963e+14,date_ordered_line_window_proxy_change,decline_spectral_state,relaxation_spectral_state,yes,post-collapse spectral element-line structural state,C2_SN2012aw/SN_2012aw_2012-04-02_10-12-00_Lick-3m_KAST_UCB-SNDB.flm::Si_II_6355
C2_SN2012aw_spectral_state_00228,C2_SN2012aw,C2_SN2012aw,SN2012aw,36,SN_2012aw_2012-04-02_10-12-00_Lick-3m_KAST_UCB-SNDB,SN_2012aw_2012-04-02_10-12-00_Lick-3m_KAST_UCB-SNDB.flm,2012-04-02 10:12:00.00,,decline_spectral_state,H_alpha,H alpha,H,6562.8,180,19.73245,14.3234133333,-0.0829521929613,-261.31721099,-1905.89381994,83.7534984115,10.2027566958,14.3234133333,-0.0819023746326,-614.217319908,921.86277961,0.1466054569,10.1944465294,1,1,1.77539952724e+15,date_ordered_line_window_proxy_change,decline_spectral_state,relaxation_spectral_state,yes,post-collapse spectral element-line structural state,C2_SN2012aw/SN_2012aw_2012-04-02_10-12-00_Lick-3m_KAST_UCB-SNDB.flm::H_alpha
C2_SN2012aw_spectral_state_00229,C2_SN2012aw,C2_SN2012aw,SN2012aw,36,SN_2012aw_2012-04-02_10-12-00_Lick-3m_KAST_UCB-SNDB,SN_2012aw_2012-04-02_10-12-00_Lick-3m_KAST_UCB-SNDB.flm,2012-04-02 10:12:00.00,,decline_spectral_state,O_I_7774,O I 7774,O,7774,180,14.58775,0.90879,0.0336892255488,-22.4273380062,-1776.00306177,77.2551072011,0.668740232672,0.90879,-0.0159354414046,-342.558504237,4660.33410297,-22.1175450115,0.665884729537,1,1,1.12645310082e+14,date_ordered_line_window_proxy_change,decline_spectral_state,relaxation_spectral_state,yes,post-collapse spectral element-line structural state,C2_SN2012aw/SN_2012aw_2012-04-02_10-12-00_Lick-3m_KAST_UCB-SNDB.flm::O_I_7774
C2_SN2012aw_spectral_state_00230,C2_SN2012aw,C2_SN2012aw,SN2012aw,36,SN_2012aw_2012-04-02_10-12-00_Lick-3m_KAST_UCB-SNDB,SN_2012aw_2012-04-02_10-12-00_Lick-3m_KAST_UCB-SNDB.flm,2012-04-02 10:12:00.00,,decline_spectral_state,Ca_II_NIR,Ca II near-infrared triplet,Ca,8579,360,12.5045,-0.509326111111,0.146571234356,29.3266264145,12085.3521034,195.368664083,0.250814455614,-0.509326111111,0.128657815876,-629.076800893,-446.4721234,-19.758068515,0.249806033768,1,1,6.31314139887e+13,date_ordered_line_window_proxy_change,decline_spectral_state,relaxation_spectral_state,yes,post-collapse spectral element-line structural state,C2_SN2012aw/SN_2012aw_2012-04-02_10-12-00_Lick-3m_KAST_UCB-SNDB.flm::Ca_II_NIR
C2_SN2012aw_spectral_state_00231,C2_SN2012aw,C2_SN2012aw,SN2012aw,37,2012aw_2012-04-02_14-44-35.894_Lijiang-2.4m_YFOSC_None,2012aw_2012-04-02_14-44-35.894_Lijiang-2.4m_YFOSC_None.dat,2012-04-02 14:44:35.00,,decline_spectral_state,H_beta,H beta,H,4861.3,98,1.890526e-15,1.41109173469e-16,0.000497237958711,277.275410373,-3061.94688612,72.3192375531,0.000141052114029,-1.96915,-0.279179282795,291.799365091,5544.17020112,-1.4294452022,-0.438274936808,1,1,2.44077853352e+14,date_ordered_line_window_proxy_change,decline_spectral_state,relaxation_spectral_state,yes,post-collapse spectral element-line structural state,C2_SN2012aw/2012aw_2012-04-02_14-44-35.894_Lijiang-2.4m_YFOSC_None.dat::H_beta
C2_SN2012aw_spectral_state_00232,C2_SN2012aw,C2_SN2012aw,SN2012aw,37,2012aw_2012-04-02_14-44-35.894_Lijiang-2.4m_YFOSC_None,2012aw_2012-04-02_14-44-35.894_Lijiang-2.4m_YFOSC_None.dat,2012-04-02 14:44:35.00,,decline_spectral_state,Fe_II_5169,Fe II 5169,Fe,5169,127,1.472848e-15,2.52828047244e-16,4.1533826986e-05,359.435993142,-10229.4264422,93.1414284249,0.000252723009903,-4.54754444444,0.0433920091024,411.007229331,-14139.1697035,1.9147644062,-0.697152255839,1,1,5.6367208492e+14,date_ordered_line_window_proxy_change,decline_spectral_state,relaxation_spectral_state,yes,post-collapse spectral element-line structural state,C2_SN2012aw/2012aw_2012-04-02_14-44-35.894_Lijiang-2.4m_YFOSC_None.dat::Fe_II_5169
C2_SN2012aw_spectral_state_00233,C2_SN2012aw,C2_SN2012aw,SN2012aw,37,2012aw_2012-04-02_14-44-35.894_Lijiang-2.4m_YFOSC_None,2012aw_2012-04-02_14-44-35.894_Lijiang-2.4m_YFOSC_None.dat,2012-04-02 14:44:35.00,,decline_spectral_state,He_I_5876,He I 5876,He,5875.6,113,1.024557e-15,1.52754663717e-17,0.000173879650387,320.032376042,-325.117575411,91.6584948496,1.52723607525e-05,-0.423040625,-0.035070063082,325.520474345,1753.64575282,17.7145925655,-0.121565009247,1,1,5.24362530181e+13,date_ordered_line_window_proxy_change,decline_spectral_state,relaxation_spectral_state,yes,post-collapse spectral element-line structural state,C2_SN2012aw/2012aw_2012-04-02_14-44-35.894_Lijiang-2.4m_YFOSC_None.dat::He_I_5876
C2_SN2012aw_spectral_state_00234,C2_SN2012aw,C2_SN2012aw,SN2012aw,37,2012aw_2012-04-02_14-44-35.894_Lijiang-2.4m_YFOSC_None,2012aw_2012-04-02_14-44-35.894_Lijiang-2.4m_YFOSC_None.dat,2012-04-02 14:44:35.00,,decline_spectral_state,Ni_Co_decay_proxy,Ni/Co decay proxy blend,NiCo,5890,184,1.329855e-15,-3.00858571196e-16,0.000485496859574,521.120475811,12328.0859697,149.604940619,0.000300750384535,5.39753153846,-0.243348185347,428.525784296,-806.0720918,-1.758115203,-0.698169332136,1,1,6.69028723715e+14,date_ordered_line_window_proxy_change,decline_spectral_state,relaxation_spectral_state,yes,post-collapse spectral element-line structural state,C2_SN2012aw/2012aw_2012-04-02_14-44-35.894_Lijiang-2.4m_YFOSC_None.dat::Ni_Co_decay_proxy
C2_SN2012aw_spectral_state_00235,C2_SN2012aw,C2_SN2012aw,SN2012aw,37,2012aw_2012-04-02_14-44-35.894_Lijiang-2.4m_YFOSC_None,2012aw_2012-04-02_14-44-35.894_Lijiang-2.4m_YFOSC_None.dat,2012-04-02 14:44:35.00,,decline_spectral_state,Si_II_6355,Si II 6355,Si,6355,113,9.908294e-16,-4.05670672566e-17,0.000392051443903,320.061031576,7498.60851947,97.1481260687,4.05606201053e-05,-1.006378125,-0.302997616605,333.196367453,134.53177528,1.798904616,-0.197348666645,1,1,1.24741442963e+14,date_ordered_line_window_proxy_change,decline_spectral_state,relaxation_spectral_state,yes,post-collapse spectral element-line structural state,C2_SN2012aw/2012aw_2012-04-02_14-44-35.894_Lijiang-2.4m_YFOSC_None.dat::Si_II_6355
C2_SN2012aw_spectral_state_00236,C2_SN2012aw,C2_SN2012aw,SN2012aw,37,2012aw_2012-04-02_14-44-35.894_Lijiang-2.4m_YFOSC_None,2012aw_2012-04-02_14-44-35.894_Lijiang-2.4m_YFOSC_None.dat,2012-04-02 14:44:35.00,,decline_spectral_state,H_alpha,H alpha,H,6562.8,127,7.243087e-16,5.06706385827e-16,2.02008683353e-05,359.613506009,-2231.24514402,83.5292819271,0.000506664254869,-14.3234133333,0.0829723938296,620.930716999,-325.35132408,-0.2242164844,-10.2022500315,1,1,1.77539952724e+15,date_ordered_line_window_proxy_change,decline_spectral_state,relaxation_spectral_state,yes,post-collapse spectral element-line structural state,C2_SN2012aw/2012aw_2012-04-02_14-44-35.894_Lijiang-2.4m_YFOSC_None.dat::H_alpha
C2_SN2012aw_spectral_state_00237,C2_SN2012aw,C2_SN2012aw,SN2012aw,37,2012aw_2012-04-02_14-44-35.894_Lijiang-2.4m_YFOSC_None,2012aw_2012-04-02_14-44-35.894_Lijiang-2.4m_YFOSC_None.dat,2012-04-02 14:44:35.00,,decline_spectral_state,O_I_7774,O I 7774,O,7774,127,4.8727e-16,1.29487976378e-17,0.000122458929437,359.876400816,-4972.51903582,106.290376565,1.29479362301e-05,-0.90879,-0.0335667666194,382.303738822,-3196.51597405,29.0352693639,-0.668727284736,1,1,1.12645310082e+14,date_ordered_line_window_proxy_change,decline_spectral_state,relaxation_spectral_state,yes,post-collapse spectral element-line structural state,C2_SN2012aw/2012aw_2012-04-02_14-44-35.894_Lijiang-2.4m_YFOSC_None.dat::O_I_7774
C2_SN2012aw_spectral_state_00238,C2_SN2012aw,C2_SN2012aw,SN2012aw,37,2012aw_2012-04-02_14-44-35.894_Lijiang-2.4m_YFOSC_None,2012aw_2012-04-02_14-44-35.894_Lijiang-2.4m_YFOSC_None.dat,2012-04-02 14:44:35.00,,decline_spectral_state,Ca_II_NIR,Ca II near-infrared triplet,Ca,8579,217,4.6279205e-16,-9.27777652074e-17,0.000252469908933,614.986980205,3826.35348807,184.235681713,9.2772764429e-05,0.509326111111,-0.146318764447,585.660353791,-8258.99861533,-11.13298237,-0.25072168285,1,1,6.31314139887e+13,date_ordered_line_window_proxy_change,decline_spectral_state,relaxation_spectral_state,yes,post-collapse spectral element-line structural state,C2_SN2012aw/2012aw_2012-04-02_14-44-35.894_Lijiang-2.4m_YFOSC_None.dat::Ca_II_NIR
C2_SN2012aw_spectral_state_00239,C2_SN2012aw,C2_SN2012aw,SN2012aw,38,2012aw_2012-04-04_17-29-45_HCT-2m_HFOSC_None,2012aw_2012-04-04_17-29-45_HCT-2m_HFOSC_None.txt,2012-04-04 17:29:45.00,,decline_spectral_state,H_beta,H beta,H,4861.3,173,2.86462693627e-14,1.83094248948e-15,0.00616943293384,271.284828791,-8419.10817091,79.4058042119,0.00182101175917,1.68983331601e-15,0.00567219497513,-5.990581582,-5357.16128479,7.0865666588,0.00167995964514,1,1,3.42351340468,date_ordered_line_window_proxy_change,decline_spectral_state,relaxation_spectral_state,yes,post-collapse spectral element-line structural state,C2_SN2012aw/2012aw_2012-04-04_17-29-45_HCT-2m_HFOSC_None.txt::H_beta
C2_SN2012aw_spectral_state_00240,C2_SN2012aw,C2_SN2012aw,SN2012aw,38,2012aw_2012-04-04_17-29-45_HCT-2m_HFOSC_None,2012aw_2012-04-04_17-29-45_HCT-2m_HFOSC_None.txt,2012-04-04 17:29:45.00,,decline_spectral_state,Fe_II_5169,Fe II 5169,Fe,5169,222,2.21042534694e-14,4.15420824025e-15,-0.0014172324309,349.535449317,-10339.3669201,97.6919353757,0.00412778063872,3.90138019301e-15,-0.00145876625789,-9.900543825,-109.9404779,4.5505069508,0.00387505762882,1,1,1.3740524164,date_ordered_line_window_proxy_change,decline_spectral_state,relaxation_spectral_state,yes,post-collapse spectral element-line structural state,C2_SN2012aw/2012aw_2012-04-04_17-29-45_HCT-2m_HFOSC_None.txt::Fe_II_5169
C2_SN2012aw_spectral_state_00241,C2_SN2012aw,C2_SN2012aw,SN2012aw,38,2012aw_2012-04-04_17-29-45_HCT-2m_HFOSC_None,2012aw_2012-04-04_17-29-45_HCT-2m_HFOSC_None.txt,2012-04-04 17:29:45.00,,decline_spectral_state,He_I_5876,He I 5876,He,5875.6,198,1.56566623105e-14,-5.30741717432e-16,0.000964243722755,315.20279662,-5180.26205872,98.5231257795,0.000529754031481,-5.46017183804e-16,0.000790364072368,-4.829579422,-4855.14448331,6.8646309299,0.000514481670728,1,1,2.69822398111,date_ordered_line_window_proxy_change,decline_spectral_state,relaxation_spectral_state,yes,post-collapse spectral element-line structural state,C2_SN2012aw/2012aw_2012-04-04_17-29-45_HCT-2m_HFOSC_None.txt::He_I_5876
C2_SN2012aw_spectral_state_00242,C2_SN2012aw,C2_SN2012aw,SN2012aw,38,2012aw_2012-04-04_17-29-45_HCT-2m_HFOSC_None,2012aw_2012-04-04_17-29-45_HCT-2m_HFOSC_None.txt,2012-04-04 17:29:45.00,,decline_spectral_state,Ni_Co_decay_proxy,Ni/Co decay proxy blend,NiCo,5890,321,1.99115914686e-14,-4.67073545694e-15,0.00513208180301,510.984366672,-5900.53635779,147.504985466,0.00464202747215,-4.36987688574e-15,0.00464658494344,-10.136109139,-18228.6223275,-2.099955153,0.00434127708761,1,1,9.38830148268,date_ordered_line_window_proxy_change,decline_spectral_state,relaxation_spectral_state,yes,post-collapse spectral element-line structural state,C2_SN2012aw/2012aw_2012-04-04_17-29-45_HCT-2m_HFOSC_None.txt::Ni_Co_decay_proxy
C2_SN2012aw_spectral_state_00243,C2_SN2012aw,C2_SN2012aw,SN2012aw,38,2012aw_2012-04-04_17-29-45_HCT-2m_HFOSC_None,2012aw_2012-04-04_17-29-45_HCT-2m_HFOSC_None.txt,2012-04-04 17:29:45.00,,decline_spectral_state,Si_II_6355,Si II 6355,Si,6355,198,1.56662648255e-14,1.57946564179e-15,0.00470554569567,314.535032423,7343.765355,91.0360862149,0.00157295333615,1.62003270905e-15,0.00431349425177,-5.525999153,-154.84316447,-6.1120398538,0.00153239271604,1,1,1.03188929626,date_ordered_line_window_proxy_change,decline_spectral_state,relaxation_spectral_state,yes,post-collapse spectral element-line structural state,C2_SN2012aw/2012aw_2012-04-04_17-29-45_HCT-2m_HFOSC_None.txt::Si_II_6355
C2_SN2012aw_spectral_state_00244,C2_SN2012aw,C2_SN2012aw,SN2012aw,38,2012aw_2012-04-04_17-29-45_HCT-2m_HFOSC_None,2012aw_2012-04-04_17-29-45_HCT-2m_HFOSC_None.txt,2012-04-04 17:29:45.00,,decline_spectral_state,H_alpha,H alpha,H,6562.8,223,1.19288627976e-14,1.17291891351e-14,-0.00169664711,351.942897038,-2160.29924729,83.7289619518,0.0117123362986,1.12224827493e-14,-0.00171684797834,-7.670608971,70.94589673,0.1996800247,0.0112056720437,1,1,2.51962507077,date_ordered_line_window_proxy_change,decline_spectral_state,relaxation_spectral_state,yes,post-collapse spectral element-line structural state,C2_SN2012aw/2012aw_2012-04-04_17-29-45_HCT-2m_HFOSC_None.txt::H_alpha
C2_SN2012aw_spectral_state_00245,C2_SN2012aw,C2_SN2012aw,SN2012aw,38,2012aw_2012-04-04_17-29-45_HCT-2m_HFOSC_None,2012aw_2012-04-04_17-29-45_HCT-2m_HFOSC_None.txt,2012-04-04 17:29:45.00,,decline_spectral_state,O_I_7774,O I 7774,O,7774,223,7.17226690262e-15,1.42631047229e-16,0.00295110524262,357.75071671,-6451.3257513,101.947947441,0.000142530948048,1.29682249591e-16,0.00282864631318,-2.125684106,-1478.80671548,-4.342429124,0.000129583011818,1,1,1.08611915315,date_ordered_line_window_proxy_change,decline_spectral_state,relaxation_spectral_state,yes,post-collapse spectral element-line structural state,C2_SN2012aw/2012aw_2012-04-04_17-29-45_HCT-2m_HFOSC_None.txt::O_I_7774
C2_SN2012aw_spectral_state_00246,C2_SN2012aw,C2_SN2012aw,SN2012aw,38,2012aw_2012-04-04_17-29-45_HCT-2m_HFOSC_None,2012aw_2012-04-04_17-29-45_HCT-2m_HFOSC_None.txt,2012-04-04 17:29:45.00,,decline_spectral_state,Ca_II_NIR,Ca II near-infrared triplet,Ca,8579,445,6.27790859749e-15,-7.70890981367e-16,0.00172365352504,715.1845002,-8743.11111503,223.09939451,0.000769465703386,-6.7811321616e-16,0.00147118361611,100.197519995,-12569.4646031,38.863712797,0.000676692938957,1,1,10.1720307026,date_ordered_line_window_proxy_change,decline_spectral_state,relaxation_spectral_state,yes,post-collapse spectral element-line structural state,C2_SN2012aw/2012aw_2012-04-04_17-29-45_HCT-2m_HFOSC_None.txt::Ca_II_NIR
C2_SN2012aw_spectral_state_00247,C2_SN2012aw,C2_SN2012aw,SN2012aw,39,2012aw_2012-04-08_00-35-26_Magellan-Baade_FIRE_None,2012aw_2012-04-08_00-35-26_Magellan-Baade_FIRE_None.txt,2012-04-08 00:35:26.00,,decline_spectral_state,Ca_II_NIR,Ca II near-infrared triplet,Ca,8579,305,4.876555e-14,2.57845885246e-15,0.0152773420141,681.660347842,2703.9225809,183.127599176,0.00255985651434,3.34934983383e-15,0.0135536884891,-33.524152358,11447.0336959,-39.971795334,0.00179039081095,0,0,8.69105023988,date_ordered_line_window_proxy_change,decline_spectral_state,relaxation_spectral_state,yes,post-collapse spectral element-line structural state,C2_SN2012aw/2012aw_2012-04-08_00-35-26_Magellan-Baade_FIRE_None.txt::Ca_II_NIR
C2_SN2012aw_spectral_state_00248,C2_SN2012aw,C2_SN2012aw,SN2012aw,40,2012aw_2012-04-08_21-34-37_TNG_DOLORES_None,2012aw_2012-04-08_21-34-37_TNG_DOLORES_None.dat,2012-04-08 21:34:37.00,,decline_spectral_state,H_beta,H beta,H,4861.3,106,1.70674e-14,-6.62766981132e-17,0.00622535930264,277.267042035,-7764.09333204,90.9299693193,6.61023107383e-05,-1.89721918759e-15,5.59263688e-05,5.982213244,655.01483887,11.5241651074,-0.00175490944843,1,1,1.29909273743,date_ordered_line_window_proxy_change,decline_spectral_state,relaxation_spectral_state,yes,post-collapse spectral element-line structural state,C2_SN2012aw/2012aw_2012-04-08_21-34-37_TNG_DOLORES_None.dat::H_beta
C2_SN2012aw_spectral_state_00249,C2_SN2012aw,C2_SN2012aw,SN2012aw,40,2012aw_2012-04-08_21-34-37_TNG_DOLORES_None,2012aw_2012-04-08_21-34-37_TNG_DOLORES_None.dat,2012-04-08 21:34:37.00,,decline_spectral_state,Fe_II_5169,Fe II 5169,Fe,5169,136,1.574467e-14,1.09521992647e-15,0.00274697971095,355.788398951,6091.11905687,109.765353835,0.00109301705268,-3.05898831378e-15,0.00416421214185,6.252949634,16430.485977,12.0734184593,-0.00303476358604,1,1,8.59742294798,date_ordered_line_window_proxy_change,decline_spectral_state,relaxation_spectral_state,yes,post-collapse spectral element-line structural state,C2_SN2012aw/2012aw_2012-04-08_21-34-37_TNG_DOLORES_None.dat::Fe_II_5169
C2_SN2012aw_spectral_state_00250,C2_SN2012aw,C2_SN2012aw,SN2012aw,40,2012aw_2012-04-08_21-34-37_TNG_DOLORES_None,2012aw_2012-04-08_21-34-37_TNG_DOLORES_None.dat,2012-04-08 21:34:37.00,,decline_spectral_state,He_I_5876,He I 5876,He,5875.6,120,1.333671e-14,-2.83948666667e-16,0.000859072795261,315.111392793,-5513.67508389,103.616398808,0.000283556815929,2.46793050765e-16,-0.000105170927494,-0.091403827,-333.41302517,5.0932730285,-0.000246197215552,1,1,0.441013448384,date_ordered_line_window_proxy_change,decline_spectral_state,relaxation_spectral_state,yes,post-collapse spectral element-line structural state,C2_SN2012aw/2012aw_2012-04-08_21-34-37_TNG_DOLORES_None.dat::He_I_5876
C2_SN2012aw_spectral_state_00251,C2_SN2012aw,C2_SN2012aw,SN2012aw,40,2012aw_2012-04-08_21-34-37_TNG_DOLORES_None,2012aw_2012-04-08_21-34-37_TNG_DOLORES_None.dat,2012-04-08 21:34:37.00,,decline_spectral_state,Ni_Co_decay_proxy,Ni/Co decay proxy blend,NiCo,5890,195,1.56847e-14,-2.58471558974e-15,0.00316881803969,512.047341811,-6233.13424756,149.109633197,0.0025724635246,2.0860198672e-15,-0.00196326376332,1.062975139,-332.59788977,1.604647731,-0.00206956394755,1,1,0.778159581462,date_ordered_line_window_proxy_change,decline_spectral_state,relaxation_spectral_state,yes,post-collapse spectral element-line structural state,C2_SN2012aw/2012aw_2012-04-08_21-34-37_TNG_DOLORES_None.dat::Ni_Co_decay_proxy
C2_SN2012aw_spectral_state_00252,C2_SN2012aw,C2_SN2012aw,SN2012aw,40,2012aw_2012-04-08_21-34-37_TNG_DOLORES_None,2012aw_2012-04-08_21-34-37_TNG_DOLORES_None.dat,2012-04-08 21:34:37.00,,decline_spectral_state,Si_II_6355,Si II 6355,Si,6355,120,1.324581e-14,-4.11191533333e-16,0.00585848758654,315.179749861,7333.92587379,87.9490732567,0.000409944685144,-1.99065717512e-15,0.00115294189087,0.644717438,-9.83948121,-3.0870129582,-0.00116300865101,1,1,0.570249774369,date_ordered_line_window_proxy_change,decline_spectral_state,relaxation_spectral_state,yes,post-collapse spectral element-line structural state,C2_SN2012aw/2012aw_2012-04-08_21-34-37_TNG_DOLORES_None.dat::Si_II_6355
C2_SN2012aw_spectral_state_00253,C2_SN2012aw,C2_SN2012aw,SN2012aw,40,2012aw_2012-04-08_21-34-37_TNG_DOLORES_None,2012aw_2012-04-08_21-34-37_TNG_DOLORES_None.dat,2012-04-08 21:34:37.00,,decline_spectral_state,H_alpha,H alpha,H,6562.8,135,1.097772e-14,7.36612507407e-15,0.00291757369292,352.609989084,-2027.09939715,77.857016311,0.00735557125069,-4.36306406103e-15,0.00461422080292,0.667092046,133.19985014,-5.8719456408,-0.00435676504791,1,1,1.40500454147,date_ordered_line_window_proxy_change,decline_spectral_state,relaxation_spectral_state,yes,post-collapse spectral element-line structural state,C2_SN2012aw/2012aw_2012-04-08_21-34-37_TNG_DOLORES_None.dat::H_alpha
C2_SN2012aw_spectral_state_00254,C2_SN2012aw,C2_SN2012aw,SN2012aw,40,2012aw_2012-04-08_21-34-37_TNG_DOLORES_None,2012aw_2012-04-08_21-34-37_TNG_DOLORES_None.dat,2012-04-08 21:34:37.00,,decline_spectral_state,O_I_7774,O I 7774,O,7774,135,8.505597e-15,5.83765118519e-16,0.000265991582791,355.889513273,-21.6130083451,77.0208703273,0.000583264594009,4.4113407129e-16,-0.00268511365983,-1.861203437,6429.71274295,-24.9270771137,0.000440733645961,1,1,4.05053421391,date_ordered_line_window_proxy_change,decline_spectral_state,relaxation_spectral_state,yes,post-collapse spectral element-line structural state,C2_SN2012aw/2012aw_2012-04-08_21-34-37_TNG_DOLORES_None.dat::O_I_7774
C2_SN2012aw_spectral_state_00255,C2_SN2012aw,C2_SN2012aw,SN2012aw,40,2012aw_2012-04-08_21-34-37_TNG_DOLORES_None,2012aw_2012-04-08_21-34-37_TNG_DOLORES_None.dat,2012-04-08 21:34:37.00,,decline_spectral_state,Ca_II_NIR,Ca II near-infrared triplet,Ca,8579,270,7.296781e-15,-1.41123444444e-16,0.00324747885797,713.150085074,-9420.87300896,172.982214803,0.000140917989132,-2.7195822969e-15,-0.0120298631561,31.489737232,-12124.7955899,-10.145384373,-0.00241893852521,1,1,7.73435020614,date_ordered_line_window_proxy_change,decline_spectral_state,relaxation_spectral_state,yes,post-collapse spectral element-line structural state,C2_SN2012aw/2012aw_2012-04-08_21-34-37_TNG_DOLORES_None.dat::Ca_II_NIR
C2_SN2012aw_spectral_state_00256,C2_SN2012aw,C2_SN2012aw,SN2012aw,41,2012aw_2012-04-10_17-47-36_IGO_IFOSC_None,2012aw_2012-04-10_17-47-36_IGO_IFOSC_None.txt,2012-04-10 17:47:36.00,,decline_spectral_state,H_beta,H beta,H,4861.3,241,1.47351055088e-14,2.17125801945e-16,0.00592753808712,276.152999741,-7368.02020398,91.1491095307,0.000216734955118,2.83402500058e-16,-0.00029782121552,-1.114042294,396.07312806,0.2191402114,0.00015063264438,1,1,0.323261835119,date_ordered_line_window_proxy_change,decline_spectral_state,relaxation_spectral_state,yes,post-collapse spectral element-line structural state,C2_SN2012aw/2012aw_2012-04-10_17-47-36_IGO_IFOSC_None.txt::H_beta
C2_SN2012aw_spectral_state_00257,C2_SN2012aw,C2_SN2012aw,SN2012aw,41,2012aw_2012-04-10_17-47-36_IGO_IFOSC_None,2012aw_2012-04-10_17-47-36_IGO_IFOSC_None.txt,2012-04-10 17:47:36.00,,decline_spectral_state,Fe_II_5169,Fe II 5169,Fe,5169,310,1.35522223813e-14,9.91116641418e-16,0.00272195816184,355.356798361,-10378.1135352,116.03862258,0.000988995374576,-1.04103285052e-16,-2.502154911e-05,-0.43160059,-16469.2325921,6.273268745,-0.000104021678104,1,1,7.45546755882,date_ordered_line_window_proxy_change,decline_spectral_state,relaxation_spectral_state,yes,post-collapse spectral element-line structural state,C2_SN2012aw/2012aw_2012-04-10_17-47-36_IGO_IFOSC_None.txt::Fe_II_5169
C2_SN2012aw_spectral_state_00258,C2_SN2012aw,C2_SN2012aw,SN2012aw,41,2012aw_2012-04-10_17-47-36_IGO_IFOSC_None,2012aw_2012-04-10_17-47-36_IGO_IFOSC_None.txt,2012-04-10 17:47:36.00,,decline_spectral_state,He_I_5876,He I 5876,He,5875.6,275,1.03069350577e-14,-2.99435990832e-16,0.000870658288003,316.657003941,8084.75074785,92.7572499984,0.000298914788962,-1.5487324165e-17,1.1585492742e-05,1.545611148,13598.4258317,-10.8591488096,1.5357973033e-05,1,1,6.40067467878,date_ordered_line_window_proxy_change,decline_spectral_state,relaxation_spectral_state,yes,post-collapse spectral element-line structural state,C2_SN2012aw/2012aw_2012-04-10_17-47-36_IGO_IFOSC_None.txt::He_I_5876
C2_SN2012aw_spectral_state_00259,C2_SN2012aw,C2_SN2012aw,SN2012aw,41,2012aw_2012-04-10_17-47-36_IGO_IFOSC_None,2012aw_2012-04-10_17-47-36_IGO_IFOSC_None.txt,2012-04-10 17:47:36.00,,decline_spectral_state,Ni_Co_decay_proxy,Ni/Co decay proxy blend,NiCo,5890,447,1.32885375743e-14,-3.22159883767e-15,0.00381059735689,514.696223488,7332.0458572,147.086538337,0.00320878680954,-6.3688324793e-16,0.0006417793172,2.648881677,13565.1801048,-2.02309486,0.00063632328494,1,1,6.23533270673,date_ordered_line_window_proxy_change,decline_spectral_state,relaxation_spectral_state,yes,post-collapse spectral element-line structural state,C2_SN2012aw/2012aw_2012-04-10_17-47-36_IGO_IFOSC_None.txt::Ni_Co_decay_proxy
C2_SN2012aw_spectral_state_00260,C2_SN2012aw,C2_SN2012aw,SN2012aw,41,2012aw_2012-04-10_17-47-36_IGO_IFOSC_None,2012aw_2012-04-10_17-47-36_IGO_IFOSC_None.txt,2012-04-10 17:47:36.00,,decline_spectral_state,Si_II_6355,Si II 6355,Si,6355,275,9.79158519785e-15,-1.08957623101e-15,0.00496220761373,317.068866894,7459.57014486,85.9908019712,0.00108739826982,-6.78384697677e-16,-0.00089627997281,1.889117033,125.64427107,-1.9582712855,0.000677453584676,1,1,0.408239028984,date_ordered_line_window_proxy_change,decline_spectral_state,relaxation_spectral_state,yes,post-collapse spectral element-line structural state,C2_SN2012aw/2012aw_2012-04-10_17-47-36_IGO_IFOSC_None.txt::Si_II_6355
C2_SN2012aw_spectral_state_00261,C2_SN2012aw,C2_SN2012aw,SN2012aw,41,2012aw_2012-04-10_17-47-36_IGO_IFOSC_None,2012aw_2012-04-10_17-47-36_IGO_IFOSC_None.txt,2012-04-10 17:47:36.00,,decline_spectral_state,H_alpha,H alpha,H,6562.8,309,7.11385526307e-15,5.38559457957e-15,0.00208278659854,354.906839147,-2269.0474343,78.5484620977,0.00537886669148,-1.9805304945e-15,-0.00083478709438,2.296850063,-241.94803715,0.6914457867,-0.00197670455921,1,1,0.665212213603,date_ordered_line_window_proxy_change,decline_spectral_state,relaxation_spectral_state,yes,post-collapse spectral element-line structural state,C2_SN2012aw/2012aw_2012-04-10_17-47-36_IGO_IFOSC_None.txt::H_alpha
C2_SN2012aw_spectral_state_00262,C2_SN2012aw,C2_SN2012aw,SN2012aw,41,2012aw_2012-04-10_17-47-36_IGO_IFOSC_None,2012aw_2012-04-10_17-47-36_IGO_IFOSC_None.txt,2012-04-10 17:47:36.00,,decline_spectral_state,O_I_7774,O I 7774,O,7774,309,5.96879571638e-15,-6.18891066513e-16,0.00356016801324,357.45582821,-6171.76416088,119.717647295,0.000618285538513,-1.20265618503e-15,0.00329417643045,1.566314937,-6150.15115253,42.6967769677,3.5020944504e-05,1,1,4.68957936749,date_ordered_line_window_proxy_change,decline_spectral_state,relaxation_spectral_state,yes,post-collapse spectral element-line structural state,C2_SN2012aw/2012aw_2012-04-10_17-47-36_IGO_IFOSC_None.txt::O_I_7774
C2_SN2012aw_spectral_state_00263,C2_SN2012aw,C2_SN2012aw,SN2012aw,41,2012aw_2012-04-10_17-47-36_IGO_IFOSC_None,2012aw_2012-04-10_17-47-36_IGO_IFOSC_None.txt,2012-04-10 17:47:36.00,,decline_spectral_state,Ca_II_NIR,Ca II near-infrared triplet,Ca,8579,33,5.26570856399e-15,-1.76729573665e-15,0.0039660695353,38.2454377142,-11225.9624139,10.0207305333,0.0017663768818,-1.62617229221e-15,0.00071859067733,-674.90464736,-1805.08940494,-162.96148427,0.00162545889267,1,1,27.586150399,date_ordered_line_window_proxy_change,decline_spectral_state,relaxation_spectral_state,yes,post-collapse spectral element-line structural state,C2_SN2012aw/2012aw_2012-04-10_17-47-36_IGO_IFOSC_None.txt::Ca_II_NIR
C2_SN2012aw_spectral_state_00264,C2_SN2012aw,C2_SN2012aw,SN2012aw,42,2012aw_2012-04-11_01-12-01_Magellan-Baade_FIRE_None,2012aw_2012-04-11_01-12-01_Magellan-Baade_FIRE_None.txt,2012-04-11 01:12:01.00,,decline_spectral_state,Ca_II_NIR,Ca II near-infrared triplet,Ca,8579,305,9.04531e-14,9.07130295082e-15,0.0370459765762,658.262125097,45.2235023715,181.440422162,0.00889589668064,1.08385986875e-14,0.0330799070409,620.016687383,11271.1859163,171.419691629,0.00712951979884,0,0,33.4460852426,date_ordered_line_window_proxy_change,decline_spectral_state,relaxation_spectral_state,yes,post-collapse spectral element-line structural state,C2_SN2012aw/2012aw_2012-04-11_01-12-01_Magellan-Baade_FIRE_None.txt::Ca_II_NIR
C2_SN2012aw_spectral_state_00265,C2_SN2012aw,C2_SN2012aw,SN2012aw,43,2012aw_2012-04-14_02-53-42_ESO-NTT_EFOSC2-NTT_None,2012aw_2012-04-14_02-53-42_ESO-NTT_EFOSC2-NTT_None.dat,2012-04-14 02:53:42.00,,decline_spectral_state,H_beta,H beta,H,4861.3,51,1.836237e-14,-6.52528823529e-16,0.00775322246049,276.398789821,-6683.43478708,89.7351993234,0.000650999241766,-8.69654625474e-16,0.00182568437337,0.24579008,684.5854169,-1.4139102073,0.000434264286648,1,1,0.635680153084,date_ordered_line_window_proxy_change,decline_spectral_state,relaxation_spectral_state,yes,post-collapse spectral element-line structural state,C2_SN2012aw/2012aw_2012-04-14_02-53-42_ESO-NTT_EFOSC2-NTT_None.dat::H_beta
C2_SN2012aw_spectral_state_00266,C2_SN2012aw,C2_SN2012aw,SN2012aw,43,2012aw_2012-04-14_02-53-42_ESO-NTT_EFOSC2-NTT_None,2012aw_2012-04-14_02-53-42_ESO-NTT_EFOSC2-NTT_None.dat,2012-04-14 02:53:42.00,,decline_spectral_state,Fe_II_5169,Fe II 5169,Fe,5169,66,1.7356325e-14,9.16646818182e-16,0.00393408376362,357.484796028,-5307.01997763,118.763572965,0.000914344212088,-7.4469823236e-17,0.00121212560178,2.127997667,5071.09355757,2.724950385,-7.4651162488e-05,1,1,2.48915635916,date_ordered_line_window_proxy_change,decline_spectral_state,relaxation_spectral_state,yes,post-collapse spectral element-line structural state,C2_SN2012aw/2012aw_2012-04-14_02-53-42_ESO-NTT_EFOSC2-NTT_None.dat::Fe_II_5169
C2_SN2012aw_spectral_state_00267,C2_SN2012aw,C2_SN2012aw,SN2012aw,43,2012aw_2012-04-14_02-53-42_ESO-NTT_EFOSC2-NTT_None,2012aw_2012-04-14_02-53-42_ESO-NTT_EFOSC2-NTT_None.dat,2012-04-14 02:53:42.00,,decline_spectral_state,He_I_5876,He I 5876,He,5875.6,58,1.4669145e-14,-3.15780517241e-16,0.00147514587132,315.37384026,-5354.83351855,98.2939118143,0.000315229102117,-1.6344526409e-17,0.000604487583317,-1.283163681,-13439.5842664,5.5366618159,1.6314313155e-05,1,1,6.15356077686,date_ordered_line_window_proxy_change,decline_spectral_state,relaxation_spectral_state,yes,post-collapse spectral element-line structural state,C2_SN2012aw/2012aw_2012-04-14_02-53-42_ESO-NTT_EFOSC2-NTT_None.dat::He_I_5876
C2_SN2012aw_spectral_state_00268,C2_SN2012aw,C2_SN2012aw,SN2012aw,43,2012aw_2012-04-14_02-53-42_ESO-NTT_EFOSC2-NTT_None,2012aw_2012-04-14_02-53-42_ESO-NTT_EFOSC2-NTT_None.dat,2012-04-14 02:53:42.00,,decline_spectral_state,Ni_Co_decay_proxy,Ni/Co decay proxy blend,NiCo,5890,94,1.7296315e-14,-2.89859893617e-15,0.00405383853179,511.119457107,-6074.68102152,149.517132604,0.00288349399957,3.229999015e-16,0.0002432411749,-3.576766381,-13406.7268787,2.430594267,-0.00032529280997,1,1,6.13072728926,date_ordered_line_window_proxy_change,decline_spectral_state,relaxation_spectral_state,yes,post-collapse spectral element-line structural state,C2_SN2012aw/2012aw_2012-04-14_02-53-42_ESO-NTT_EFOSC2-NTT_None.dat::Ni_Co_decay_proxy
C2_SN2012aw_spectral_state_00269,C2_SN2012aw,C2_SN2012aw,SN2012aw,43,2012aw_2012-04-14_02-53-42_ESO-NTT_EFOSC2-NTT_None,2012aw_2012-04-14_02-53-42_ESO-NTT_EFOSC2-NTT_None.dat,2012-04-14 02:53:42.00,,decline_spectral_state,Si_II_6355,Si II 6355,Si,6355,58,1.43526e-14,-1.86715108621e-15,0.00774523178626,315.961517603,7468.47319736,82.8643905571,0.00186139871641,-7.775748552e-16,0.00278302417253,-1.107349291,8.9030525,-3.1264114141,0.00077400044659,1,1,0.492439755636,date_ordered_line_window_proxy_change,decline_spectral_state,relaxation_spectral_state,yes,post-collapse spectral element-line structural state,C2_SN2012aw/2012aw_2012-04-14_02-53-42_ESO-NTT_EFOSC2-NTT_None.dat::Si_II_6355
C2_SN2012aw_spectral_state_00270,C2_SN2012aw,C2_SN2012aw,SN2012aw,43,2012aw_2012-04-14_02-53-42_ESO-NTT_EFOSC2-NTT_None,2012aw_2012-04-14_02-53-42_ESO-NTT_EFOSC2-NTT_None.dat,2012-04-14 02:53:42.00,,decline_spectral_state,H_alpha,H alpha,H,6562.8,65,1.0961175e-14,7.27441276923e-15,0.00406568630096,352.040883471,-1003.93057124,78.3193922039,0.00726147871755,1.88881818966e-15,0.00198289970242,-2.865955676,1265.11686306,-0.2290698938,0.00188261202607,1,1,1.14894141006,date_ordered_line_window_proxy_change,decline_spectral_state,relaxation_spectral_state,yes,post-collapse spectral element-line structural state,C2_SN2012aw/2012aw_2012-04-14_02-53-42_ESO-NTT_EFOSC2-NTT_None.dat::H_alpha
C2_SN2012aw_spectral_state_00271,C2_SN2012aw,C2_SN2012aw,SN2012aw,43,2012aw_2012-04-14_02-53-42_ESO-NTT_EFOSC2-NTT_None,2012aw_2012-04-14_02-53-42_ESO-NTT_EFOSC2-NTT_None.dat,2012-04-14 02:53:42.00,,decline_spectral_state,O_I_7774,O I 7774,O,7774,65,9.402033e-15,-9.308322e-16,0.00521510639755,355.498895515,-6823.49199305,111.138525238,0.000929645537486,-3.11941133487e-16,0.00165493838431,-1.956932695,-651.72783217,-8.579122057,0.000311359998973,1,1,0.857238434487,date_ordered_line_window_proxy_change,decline_spectral_state,relaxation_spectral_state,yes,post-collapse spectral element-line structural state,C2_SN2012aw/2012aw_2012-04-14_02-53-42_ESO-NTT_EFOSC2-NTT_None.dat::O_I_7774
C2_SN2012aw_spectral_state_00272,C2_SN2012aw,C2_SN2012aw,SN2012aw,43,2012aw_2012-04-14_02-53-42_ESO-NTT_EFOSC2-NTT_None,2012aw_2012-04-14_02-53-42_ESO-NTT_EFOSC2-NTT_None.dat,2012-04-14 02:53:42.00,,decline_spectral_state,Ca_II_NIR,Ca II near-infrared triplet,Ca,8579,130,7.434381e-15,-7.41669853846e-16,0.00513802595744,712.251831961,-8745.97227043,178.726795845,0.000740464985857,-9.81297280467e-15,-0.0319079506188,53.989706864,-8791.1957728,-2.713626317,-0.00815543169478,1,1,8.94310432593,date_ordered_line_window_proxy_change,decline_spectral_state,relaxation_spectral_state,yes,post-collapse spectral element-line structural state,C2_SN2012aw/2012aw_2012-04-14_02-53-42_ESO-NTT_EFOSC2-NTT_None.dat::Ca_II_NIR
C2_SN2012aw_spectral_state_00273,C2_SN2012aw,C2_SN2012aw,SN2012aw,44,2012aw_2012-04-15_19-15-38_IGO_IFOSC_None,2012aw_2012-04-15_19-15-38_IGO_IFOSC_None.txt,2012-04-15 19:15:38.00,,decline_spectral_state,H_beta,H beta,H,4861.3,97,7.513118e-15,-1.68471226804e-16,0.00331057128727,278.623666636,-6446.48488697,88.3053467214,0.000168269146005,4.84057596725e-16,-0.00444265117322,2.224876815,236.94990011,-1.429852602,-0.000482730095761,1,1,0.589841004131,date_ordered_line_window_proxy_change,decline_spectral_state,relaxation_spectral_state,yes,post-collapse spectral element-line structural state,C2_SN2012aw/2012aw_2012-04-15_19-15-38_IGO_IFOSC_None.txt::H_beta
C2_SN2012aw_spectral_state_00274,C2_SN2012aw,C2_SN2012aw,SN2012aw,44,2012aw_2012-04-15_19-15-38_IGO_IFOSC_None,2012aw_2012-04-15_19-15-38_IGO_IFOSC_None.txt,2012-04-15 19:15:38.00,,decline_spectral_state,Fe_II_5169,Fe II 5169,Fe,5169,125,7.1255105e-15,2.39395404e-16,0.00197774803561,359.042826403,-5496.59386508,119.772135766,0.000239127378679,-6.77251414182e-16,-0.00195633572801,1.558030375,-189.57388745,1.008562801,-0.000675216833409,1,1,0.443669443331,date_ordered_line_window_proxy_change,decline_spectral_state,relaxation_spectral_state,yes,post-collapse spectral element-line structural state,C2_SN2012aw/2012aw_2012-04-15_19-15-38_IGO_IFOSC_None.txt::Fe_II_5169
C2_SN2012aw_spectral_state_00275,C2_SN2012aw,C2_SN2012aw,SN2012aw,44,2012aw_2012-04-15_19-15-38_IGO_IFOSC_None,2012aw_2012-04-15_19-15-38_IGO_IFOSC_None.txt,2012-04-15 19:15:38.00,,decline_spectral_state,He_I_5876,He I 5876,He,5875.6,110,5.9725555e-15,-2.45775745455e-16,0.000793726921907,316.473315429,-5105.93740497,85.2617934271,0.00024560337059,7.0004771786e-17,-0.000681418949413,1.099475169,248.89611358,-13.0321183872,-6.9625731527e-05,1,1,0.729883290778,date_ordered_line_window_proxy_change,decline_spectral_state,relaxation_spectral_state,yes,post-collapse spectral element-line structural state,C2_SN2012aw/2012aw_2012-04-15_19-15-38_IGO_IFOSC_None.txt::He_I_5876
C2_SN2012aw_spectral_state_00276,C2_SN2012aw,C2_SN2012aw,SN2012aw,44,2012aw_2012-04-15_19-15-38_IGO_IFOSC_None,2012aw_2012-04-15_19-15-38_IGO_IFOSC_None.txt,2012-04-15 19:15:38.00,,decline_spectral_state,Ni_Co_decay_proxy,Ni/Co decay proxy blend,NiCo,5890,180,7.05387e-15,-1.27199117778e-15,0.00186661513947,517.840112598,-5826.39341458,147.099757074,0.00126935541126,1.62660775839e-15,-0.00218722339232,6.720655491,248.28760694,-2.41737553,-0.00161413858831,1,1,0.867209165949,date_ordered_line_window_proxy_change,decline_spectral_state,relaxation_spectral_state,yes,post-collapse spectral element-line structural state,C2_SN2012aw/2012aw_2012-04-15_19-15-38_IGO_IFOSC_None.txt::Ni_Co_decay_proxy
C2_SN2012aw_spectral_state_00277,C2_SN2012aw,C2_SN2012aw,SN2012aw,44,2012aw_2012-04-15_19-15-38_IGO_IFOSC_None,2012aw_2012-04-15_19-15-38_IGO_IFOSC_None.txt,2012-04-15 19:15:38.00,,decline_spectral_state,Si_II_6355,Si II 6355,Si,6355,111,5.841819e-15,-1.10430832432e-15,0.00333206567543,319.665994767,7517.15383801,77.9699847218,0.00110308166396,7.6284276189e-16,-0.00441316611083,3.704477164,48.68064065,-4.8944058353,-0.00075831705245,1,1,0.734159082613,date_ordered_line_window_proxy_change,decline_spectral_state,relaxation_spectral_state,yes,post-collapse spectral element-line structural state,C2_SN2012aw/2012aw_2012-04-15_19-15-38_IGO_IFOSC_None.txt::Si_II_6355
C2_SN2012aw_spectral_state_00278,C2_SN2012aw,C2_SN2012aw,SN2012aw,44,2012aw_2012-04-15_19-15-38_IGO_IFOSC_None,2012aw_2012-04-15_19-15-38_IGO_IFOSC_None.txt,2012-04-15 19:15:38.00,,decline_spectral_state,H_alpha,H alpha,H,6562.8,124,3.9681785e-15,2.69170352419e-15,0.00147204914623,356.414191072,-2081.45230678,77.3261984504,0.00268926980483,-4.58270924504e-15,-0.00259363715473,4.373307601,-1077.52173554,-0.9931937535,-0.00457220891272,1,1,1.68013750698,date_ordered_line_window_proxy_change,decline_spectral_state,relaxation_spectral_state,yes,post-collapse spectral element-line structural state,C2_SN2012aw/2012aw_2012-04-15_19-15-38_IGO_IFOSC_None.txt::H_alpha
C2_SN2012aw_spectral_state_00279,C2_SN2012aw,C2_SN2012aw,SN2012aw,44,2012aw_2012-04-15_19-15-38_IGO_IFOSC_None,2012aw_2012-04-15_19-15-38_IGO_IFOSC_None.txt,2012-04-15 19:15:38.00,,decline_spectral_state,O_I_7774,O I 7774,O,7774,124,2.699954e-15,-2.83783822581e-16,0.00161657332638,357.929700299,-6173.25776003,117.813490962,0.000283637773263,6.47048377419e-16,-0.00359853307117,2.430804784,650.23423302,6.674965724,-0.000646007764223,1,1,0.96073810816,date_ordered_line_window_proxy_change,decline_spectral_state,relaxation_spectral_state,yes,post-collapse spectral element-line structural state,C2_SN2012aw/2012aw_2012-04-15_19-15-38_IGO_IFOSC_None.txt::O_I_7774
C2_SN2012aw_spectral_state_00280,C2_SN2012aw,C2_SN2012aw,SN2012aw,44,2012aw_2012-04-15_19-15-38_IGO_IFOSC_None,2012aw_2012-04-15_19-15-38_IGO_IFOSC_None.txt,2012-04-15 19:15:38.00,,decline_spectral_state,Ca_II_NIR,Ca II near-infrared triplet,Ca,8579,249,2.3201885e-15,-5.21825620884e-16,0.00171610960224,719.189361345,-8410.93325079,186.523934469,0.000521631681906,2.19844232962e-16,-0.0034219163552,6.937529384,335.03901964,7.797138624,-0.000218833303951,1,1,0.912359474009,date_ordered_line_window_proxy_change,decline_spectral_state,relaxation_spectral_state,yes,post-collapse spectral element-line structural state,C2_SN2012aw/2012aw_2012-04-15_19-15-38_IGO_IFOSC_None.txt::Ca_II_NIR
C2_SN2012aw_spectral_state_00281,C2_SN2012aw,C2_SN2012aw,SN2012aw,45,SN_2012aw_2012-04-23_08-25-26_Lick-3m_KAST_UCB-SNDB,SN_2012aw_2012-04-23_08-25-26_Lick-3m_KAST_UCB-SNDB.flm,2012-04-23 08:25:26.00,,decline_spectral_state,H_beta,H beta,H,4861.3,140,22.75215,-0.936767857143,0.50195036513,11.528361056,-5530.63820139,88.0119336735,0.253191905101,-0.936767857143,0.498639793843,-267.09530558,915.84668558,-0.2934130479,0.253023635955,1,1,1.16113189783e+14,date_ordered_line_window_proxy_change,decline_spectral_state,relaxation_spectral_state,yes,post-collapse spectral element-line structural state,C2_SN2012aw/SN_2012aw_2012-04-23_08-25-26_Lick-3m_KAST_UCB-SNDB.flm::H_beta
C2_SN2012aw_spectral_state_00282,C2_SN2012aw,C2_SN2012aw,SN2012aw,45,SN_2012aw_2012-04-23_08-25-26_Lick-3m_KAST_UCB-SNDB,SN_2012aw_2012-04-23_08-25-26_Lick-3m_KAST_UCB-SNDB.flm,2012-04-23 08:25:26.00,,decline_spectral_state,Fe_II_5169,Fe II 5169,Fe,5169,180,22.7802,0.104109444444,0.381506747087,-1.64526211357,-4998.85464235,112.535380361,0.0258464432648,0.104109444444,0.379528999051,-360.688088517,497.73922273,-7.236755405,0.0256073158861,1,1,1.2904456092e+13,date_ordered_line_window_proxy_change,decline_spectral_state,relaxation_spectral_state,yes,post-collapse spectral element-line structural state,C2_SN2012aw/SN_2012aw_2012-04-23_08-25-26_Lick-3m_KAST_UCB-SNDB.flm::Fe_II_5169
C2_SN2012aw_spectral_state_00283,C2_SN2012aw,C2_SN2012aw,SN2012aw,45,SN_2012aw_2012-04-23_08-25-26_Lick-3m_KAST_UCB-SNDB,SN_2012aw_2012-04-23_08-25-26_Lick-3m_KAST_UCB-SNDB.flm,2012-04-23 08:25:26.00,,decline_spectral_state,He_I_5876,He I 5876,He,5875.6,160,20.42475,-0.65018375,0.252715455514,10.1866020392,-4012.63006285,68.4538139246,0.343221515361,-0.65018375,0.251921728592,-306.28671339,1093.30734212,-16.8079795025,0.34297591199,1,1,8.059084071e+13,date_ordered_line_window_proxy_change,decline_spectral_state,relaxation_spectral_state,yes,post-collapse spectral element-line structural state,C2_SN2012aw/SN_2012aw_2012-04-23_08-25-26_Lick-3m_KAST_UCB-SNDB.flm::He_I_5876
C2_SN2012aw_spectral_state_00284,C2_SN2012aw,C2_SN2012aw,SN2012aw,45,SN_2012aw_2012-04-23_08-25-26_Lick-3m_KAST_UCB-SNDB,SN_2012aw_2012-04-23_08-25-26_Lick-3m_KAST_UCB-SNDB.flm,2012-04-23 08:25:26.00,,decline_spectral_state,Ni_Co_decay_proxy,Ni/Co decay proxy blend,NiCo,5890,260,22.9132,-2.94680076923,0.333873051342,66.8757048339,-4735.759014,148.68369698,0.417539722472,-2.94680076923,0.332006436203,-450.964407764,1090.63440058,1.583939906,0.416270367061,1,1,3.65258515607e+14,date_ordered_line_window_proxy_change,decline_spectral_state,relaxation_spectral_state,yes,post-collapse spectral element-line structural state,C2_SN2012aw/SN_2012aw_2012-04-23_08-25-26_Lick-3m_KAST_UCB-SNDB.flm::Ni_Co_decay_proxy
C2_SN2012aw_spectral_state_00285,C2_SN2012aw,C2_SN2012aw,SN2012aw,45,SN_2012aw_2012-04-23_08-25-26_Lick-3m_KAST_UCB-SNDB,SN_2012aw_2012-04-23_08-25-26_Lick-3m_KAST_UCB-SNDB.flm,2012-04-23 08:25:26.00,,decline_spectral_state,Si_II_6355,Si II 6355,Si,6355,160,20.6501,-4.5110949375,0.620336463262,69.905248885,7458.18107469,74.1764392992,0.988489329383,-4.5110949375,0.617004397587,-249.760745882,-58.97276332,-3.7935454226,0.987386247719,1,1,5.59154136866e+14,date_ordered_line_window_proxy_change,decline_spectral_state,relaxation_spectral_state,yes,post-collapse spectral element-line structural state,C2_SN2012aw/SN_2012aw_2012-04-23_08-25-26_Lick-3m_KAST_UCB-SNDB.flm::Si_II_6355
C2_SN2012aw_spectral_state_00286,C2_SN2012aw,C2_SN2012aw,SN2012aw,45,SN_2012aw_2012-04-23_08-25-26_Lick-3m_KAST_UCB-SNDB,SN_2012aw_2012-04-23_08-25-26_Lick-3m_KAST_UCB-SNDB.flm,2012-04-23 08:25:26.00,,decline_spectral_state,H_alpha,H alpha,H,6562.8,180,16.9204,7.27262777778,0.536648660788,-154.733103236,-903.522389543,81.7195442818,3.61048203664,7.27262777778,0.535176611642,-511.147294308,1177.92991724,4.3933458314,3.60779276684,1,1,9.01448531714e+14,date_ordered_line_window_proxy_change,decline_spectral_state,relaxation_spectral_state,yes,post-collapse spectral element-line structural state,C2_SN2012aw/SN_2012aw_2012-04-23_08-25-26_Lick-3m_KAST_UCB-SNDB.flm::H_alpha
C2_SN2012aw_spectral_state_00287,C2_SN2012aw,C2_SN2012aw,SN2012aw,45,SN_2012aw_2012-04-23_08-25-26_Lick-3m_KAST_UCB-SNDB,SN_2012aw_2012-04-23_08-25-26_Lick-3m_KAST_UCB-SNDB.flm,2012-04-23 08:25:26.00,,decline_spectral_state,O_I_7774,O I 7774,O,7774,180,13.83215,-0.108266666667,0.172970217934,2.81778320799,-4622.3140666,97.5689044038,0.0653862790917,-0.108266666667,0.171353644608,-355.111917091,1550.94369343,-20.2445865582,0.0651026413184,1,1,1.34197473984e+13,date_ordered_line_window_proxy_change,decline_spectral_state,relaxation_spectral_state,yes,post-collapse spectral element-line structural state,C2_SN2012aw/SN_2012aw_2012-04-23_08-25-26_Lick-3m_KAST_UCB-SNDB.flm::O_I_7774
C2_SN2012aw_spectral_state_00288,C2_SN2012aw,C2_SN2012aw,SN2012aw,45,SN_2012aw_2012-04-23_08-25-26_Lick-3m_KAST_UCB-SNDB,SN_2012aw_2012-04-23_08-25-26_Lick-3m_KAST_UCB-SNDB.flm,2012-04-23 08:25:26.00,,decline_spectral_state,Ca_II_NIR,Ca II near-infrared triplet,Ca,8579,360,11.07005,-0.186655833333,0.751645204854,12.1401619686,-8548.49496646,166.958264092,0.0977845374108,-0.186655833333,0.749929095252,-707.049199376,-137.56171567,-19.565670377,0.0972629057289,1,1,2.31361527134e+13,date_ordered_line_window_proxy_change,decline_spectral_state,relaxation_spectral_state,yes,post-collapse spectral element-line structural state,C2_SN2012aw/SN_2012aw_2012-04-23_08-25-26_Lick-3m_KAST_UCB-SNDB.flm::Ca_II_NIR
C2_SN2012aw_spectral_state_00289,C2_SN2012aw,C2_SN2012aw,SN2012aw,46,2012aw_2012-04-25_00-00-00_NOT_ALFOSC_None,2012aw_2012-04-25_00-00-00_NOT_ALFOSC_None.dat,2012-04-25 00:00:00.00,,decline_spectral_state,H_beta,H beta,H,4861.3,92,1.550113e-14,-6.04613282609e-16,0.00761868970052,277.91981665,-5538.91442575,88.7752090975,0.000602912890404,0.936767857143,-0.494331675429,266.391455594,-8.27622436,0.763275424,-0.252588992211,1,1,1.16113189783e+14,date_ordered_line_window_proxy_change,decline_spectral_state,relaxation_spectral_state,yes,post-collapse spectral element-line structural state,C2_SN2012aw/2012aw_2012-04-25_00-00-00_NOT_ALFOSC_None.dat::H_beta
C2_SN2012aw_spectral_state_00290,C2_SN2012aw,C2_SN2012aw,SN2012aw,46,2012aw_2012-04-25_00-00-00_NOT_ALFOSC_None,2012aw_2012-04-25_00-00-00_NOT_ALFOSC_None.dat,2012-04-25 00:00:00.00,,decline_spectral_state,Fe_II_5169,Fe II 5169,Fe,5169,117,1.5539555e-14,5.74536324786e-17,0.00606463822081,353.194281096,-4787.88000776,113.566991861,5.7289709435e-05,-0.104109444444,-0.375442108866,354.83954321,210.97463459,1.0316115,-0.0257891535554,1,1,1.2904456092e+13,date_ordered_line_window_proxy_change,decline_spectral_state,relaxation_spectral_state,yes,post-collapse spectral element-line structural state,C2_SN2012aw/2012aw_2012-04-25_00-00-00_NOT_ALFOSC_None.dat::Fe_II_5169
C2_SN2012aw_spectral_state_00291,C2_SN2012aw,C2_SN2012aw,SN2012aw,46,2012aw_2012-04-25_00-00-00_NOT_ALFOSC_None,2012aw_2012-04-25_00-00-00_NOT_ALFOSC_None.dat,2012-04-25 00:00:00.00,,decline_spectral_state,He_I_5876,He I 5876,He,5875.6,105,1.4272955e-14,-2.13606333333e-16,0.00410574390204,317.451080177,-3911.46073978,70.3852701494,0.000213310474402,0.65018375,-0.248609711612,307.264478138,101.16932307,1.9314562248,-0.343008204887,1,1,8.059084071e+13,date_ordered_line_window_proxy_change,decline_spectral_state,relaxation_spectral_state,yes,post-collapse spectral element-line structural state,C2_SN2012aw/2012aw_2012-04-25_00-00-00_NOT_ALFOSC_None.dat::He_I_5876
C2_SN2012aw_spectral_state_00292,C2_SN2012aw,C2_SN2012aw,SN2012aw,46,2012aw_2012-04-25_00-00-00_NOT_ALFOSC_None,2012aw_2012-04-25_00-00-00_NOT_ALFOSC_None.dat,2012-04-25 00:00:00.00,,decline_spectral_state,Ni_Co_decay_proxy,Ni/Co decay proxy blend,NiCo,5890,170,1.564507e-14,-1.44647711765e-15,0.00545117597036,513.906720515,-4634.8370319,145.619656043,0.00143944069835,2.94680076923,-0.328421875372,447.031015681,100.9219821,-3.064040937,-0.416100281774,1,1,3.65258515607e+14,date_ordered_line_window_proxy_change,decline_spectral_state,relaxation_spectral_state,yes,post-collapse spectral element-line structural state,C2_SN2012aw/2012aw_2012-04-25_00-00-00_NOT_ALFOSC_None.dat::Ni_Co_decay_proxy
C2_SN2012aw_spectral_state_00293,C2_SN2012aw,C2_SN2012aw,SN2012aw,46,2012aw_2012-04-25_00-00-00_NOT_ALFOSC_None,2012aw_2012-04-25_00-00-00_NOT_ALFOSC_None.dat,2012-04-25 00:00:00.00,,decline_spectral_state,Si_II_6355,Si II 6355,Si,6355,105,1.454257e-14,-3.52542167619e-15,0.00919384092478,318.417552954,7523.80452944,73.5079726306,0.00351389697696,4.5110949375,-0.611142622337,248.512304069,65.62345475,-0.6684666686,-0.984975432406,1,1,5.59154136866e+14,date_ordered_line_window_proxy_change,decline_spectral_state,relaxation_spectral_state,yes,post-collapse spectral element-line structural state,C2_SN2012aw/2012aw_2012-04-25_00-00-00_NOT_ALFOSC_None.dat::Si_II_6355
C2_SN2012aw_spectral_state_00294,C2_SN2012aw,C2_SN2012aw,SN2012aw,46,2012aw_2012-04-25_00-00-00_NOT_ALFOSC_None,2012aw_2012-04-25_00-00-00_NOT_ALFOSC_None.dat,2012-04-25 00:00:00.00,,decline_spectral_state,H_alpha,H alpha,H,6562.8,117,1.138753e-14,5.19156059829e-15,0.00610300484919,352.823355033,-670.291316626,81.0276904775,0.00518390324756,-7.27262777778,-0.530545655939,507.556458269,233.231072917,-0.6918538043,-3.60529813339,1,1,9.01448531714e+14,date_ordered_line_window_proxy_change,decline_spectral_state,relaxation_spectral_state,yes,post-collapse spectral element-line structural state,C2_SN2012aw/2012aw_2012-04-25_00-00-00_NOT_ALFOSC_None.dat::H_alpha
C2_SN2012aw_spectral_state_00295,C2_SN2012aw,C2_SN2012aw,SN2012aw,46,2012aw_2012-04-25_00-00-00_NOT_ALFOSC_None,2012aw_2012-04-25_00-00-00_NOT_ALFOSC_None.dat,2012-04-25 00:00:00.00,,decline_spectral_state,O_I_7774,O I 7774,O,7774,117,8.998427e-15,-7.1959542735e-16,0.00612400954714,355.760210884,-6826.19214971,91.7310839627,0.000718721193568,0.108266666667,-0.166846208387,352.942427676,-2203.87808311,-5.8378204411,-0.0646675578981,1,1,1.34197473984e+13,date_ordered_line_window_proxy_change,decline_spectral_state,relaxation_spectral_state,yes,post-collapse spectral element-line structural state,C2_SN2012aw/2012aw_2012-04-25_00-00-00_NOT_ALFOSC_None.dat::O_I_7774
C2_SN2012aw_spectral_state_00296,C2_SN2012aw,C2_SN2012aw,SN2012aw,46,2012aw_2012-04-25_00-00-00_NOT_ALFOSC_None,2012aw_2012-04-25_00-00-00_NOT_ALFOSC_None.dat,2012-04-25 00:00:00.00,,decline_spectral_state,Ca_II_NIR,Ca II near-infrared triplet,Ca,8579,235,8.264025e-15,-1.24477808936e-15,0.00650290780731,715.456859628,-8349.76716154,176.802850501,0.00124355485327,0.186655833333,-0.745142297047,703.316697659,198.72780492,9.844586409,-0.0965409825575,1,1,2.31361527134e+13,date_ordered_line_window_proxy_change,decline_spectral_state,relaxation_spectral_state,yes,post-collapse spectral element-line structural state,C2_SN2012aw/2012aw_2012-04-25_00-00-00_NOT_ALFOSC_None.dat::Ca_II_NIR
C2_SN2012aw_spectral_state_00297,C2_SN2012aw,C2_SN2012aw,SN2012aw,47,SN_2012aw_2012-04-28_03-56-09_Lick-3m_KAST_UCB-SNDB,SN_2012aw_2012-04-28_03-56-09_Lick-3m_KAST_UCB-SNDB.flm,2012-04-28 03:56:09.00,,decline_spectral_state,H_beta,H beta,H,4861.3,140,43.5254,-1.97445,0.500213668341,12.7016868311,-5284.59989052,86.7313452434,0.238846820735,-1.97445,0.49259497864,-265.218129819,254.31453523,-2.0438638541,0.238243907845,1,1,2.44734792956e+14,date_ordered_line_window_proxy_change,decline_spectral_state,relaxation_spectral_state,yes,post-collapse spectral element-line structural state,C2_SN2012aw/SN_2012aw_2012-04-28_03-56-09_Lick-3m_KAST_UCB-SNDB.flm::H_beta
C2_SN2012aw_spectral_state_00298,C2_SN2012aw,C2_SN2012aw,SN2012aw,47,SN_2012aw_2012-04-28_03-56-09_Lick-3m_KAST_UCB-SNDB,SN_2012aw_2012-04-28_03-56-09_Lick-3m_KAST_UCB-SNDB.flm,2012-04-28 03:56:09.00,,decline_spectral_state,Fe_II_5169,Fe II 5169,Fe,5169,180,43.5104,0.533542777778,0.414089505038,-4.41447102301,-4651.76641233,114.311411947,0.0640680837422,0.533542777778,0.408024866817,-357.608752119,136.11359543,0.744420086,0.0640107940328,1,1,6.61330908622e+13,date_ordered_line_window_proxy_change,decline_spectral_state,relaxation_spectral_state,yes,post-collapse spectral element-line structural state,C2_SN2012aw/SN_2012aw_2012-04-28_03-56-09_Lick-3m_KAST_UCB-SNDB.flm::Fe_II_5169
C2_SN2012aw_spectral_state_00299,C2_SN2012aw,C2_SN2012aw,SN2012aw,47,SN_2012aw_2012-04-28_03-56-09_Lick-3m_KAST_UCB-SNDB,SN_2012aw_2012-04-28_03-56-09_Lick-3m_KAST_UCB-SNDB.flm,2012-04-28 03:56:09.00,,decline_spectral_state,He_I_5876,He I 5876,He,5875.6,160,35.9387,-0.72438,0.313403100279,6.44991610716,-3809.06514342,68.4839647734,0.125598632825,-0.72438,0.309297356377,-311.00116407,102.39559636,-1.901305376,0.125385322351,1,1,8.97875303612e+13,date_ordered_line_window_proxy_change,decline_spectral_state,relaxation_spectral_state,yes,post-collapse spectral element-line structural state,C2_SN2012aw/SN_2012aw_2012-04-28_03-56-09_Lick-3m_KAST_UCB-SNDB.flm::He_I_5876
C2_SN2012aw_spectral_state_00300,C2_SN2012aw,C2_SN2012aw,SN2012aw,47,SN_2012aw_2012-04-28_03-56-09_Lick-3m_KAST_UCB-SNDB,SN_2012aw_2012-04-28_03-56-09_Lick-3m_KAST_UCB-SNDB.flm,2012-04-28 03:56:09.00,,decline_spectral_state,Ni_Co_decay_proxy,Ni/Co decay proxy blend,NiCo,5890,260,43.22515,-7.58052846154,0.429142524664,91.1940108941,-4532.69177451,147.363569645,0.543653726528,-7.58052846154,0.423691348694,-422.712709621,102.14525739,1.743913602,0.54221428583,1,1,9.39613088979e+14,date_ordered_line_window_proxy_change,decline_spectral_state,relaxation_spectral_state,yes,post-collapse spectral element-line structural state,C2_SN2012aw/SN_2012aw_2012-04-28_03-56-09_Lick-3m_KAST_UCB-SNDB.flm::Ni_Co_decay_proxy
C2_SN2012aw_spectral_state_00301,C2_SN2012aw,C2_SN2012aw,SN2012aw,47,SN_2012aw_2012-04-28_03-56-09_Lick-3m_KAST_UCB-SNDB,SN_2012aw_2012-04-28_03-56-09_Lick-3m_KAST_UCB-SNDB.flm,2012-04-28 03:56:09.00,,decline_spectral_state,Si_II_6355,Si II 6355,Si,6355,160,34.92795,-9.34679375,0.66265412084,85.6326809904,2752.96454981,71.713297106,1.35286261471,-9.34679375,0.653460279915,-232.784871964,-4770.83997963,-1.7946755246,1.34934871773,1,1,1.15854320606e+15,date_ordered_line_window_proxy_change,decline_spectral_state,relaxation_spectral_state,yes,post-collapse spectral element-line structural state,C2_SN2012aw/SN_2012aw_2012-04-28_03-56-09_Lick-3m_KAST_UCB-SNDB.flm::Si_II_6355
C2_SN2012aw_spectral_state_00302,C2_SN2012aw,C2_SN2012aw,SN2012aw,47,SN_2012aw_2012-04-28_03-56-09_Lick-3m_KAST_UCB-SNDB,SN_2012aw_2012-04-28_03-56-09_Lick-3m_KAST_UCB-SNDB.flm,2012-04-28 03:56:09.00,,decline_spectral_state,H_alpha,H alpha,H,6562.8,180,25.37095,11.664265,0.535579077646,-165.509584781,-903.522389543,80.5305952468,3.30738150045,11.664265,0.529476072797,-518.332939814,-233.231072917,-0.4970952307,3.3021975972,1,1,1.44579578098e+15,date_ordered_line_window_proxy_change,decline_spectral_state,relaxation_spectral_state,yes,post-collapse spectral element-line structural state,C2_SN2012aw/SN_2012aw_2012-04-28_03-56-09_Lick-3m_KAST_UCB-SNDB.flm::H_alpha
C2_SN2012aw_spectral_state_00303,C2_SN2012aw,C2_SN2012aw,SN2012aw,47,SN_2012aw_2012-04-28_03-56-09_Lick-3m_KAST_UCB-SNDB,SN_2012aw_2012-04-28_03-56-09_Lick-3m_KAST_UCB-SNDB.flm,2012-04-28 03:56:09.00,,decline_spectral_state,O_I_7774,O I 7774,O,7774,180,18.81465,-0.134242222222,0.183125915178,2.56859415404,-4083.82279542,99.4760057821,0.0513388899145,-0.134242222222,0.177001905631,-353.19161673,2742.36935429,7.7449218194,0.0506201687209,1,1,1.66394400778e+13,date_ordered_line_window_proxy_change,decline_spectral_state,relaxation_spectral_state,yes,post-collapse spectral element-line structural state,C2_SN2012aw/SN_2012aw_2012-04-28_03-56-09_Lick-3m_KAST_UCB-SNDB.flm::O_I_7774
C2_SN2012aw_spectral_state_00304,C2_SN2012aw,C2_SN2012aw,SN2012aw,47,SN_2012aw_2012-04-28_03-56-09_Lick-3m_KAST_UCB-SNDB,SN_2012aw_2012-04-28_03-56-09_Lick-3m_KAST_UCB-SNDB.flm,2012-04-28 03:56:09.00,,decline_spectral_state,Ca_II_NIR,Ca II near-infrared triplet,Ca,8579,360,14.8228,-0.654371972222,0.776809374747,31.7853455488,-8339.36813805,166.149250156,0.242751145739,-0.654371972222,0.77030646694,-683.671514079,10.39902349,-10.653600345,0.241507590886,1,1,8.11099744933e+13,date_ordered_line_window_proxy_change,decline_spectral_state,relaxation_spectral_state,yes,post-collapse spectral element-line structural state,C2_SN2012aw/SN_2012aw_2012-04-28_03-56-09_Lick-3m_KAST_UCB-SNDB.flm::Ca_II_NIR
C2_SN2012aw_spectral_state_00305,C2_SN2012aw,C2_SN2012aw,SN2012aw,48,SN_2012aw_2012-04-29_05-45-36_Keck1_LRIS_UCB-SNDB,SN_2012aw_2012-04-29_05-45-36_Keck1_LRIS_UCB-SNDB.flm,2012-04-29 05:45:36.00,,decline_spectral_state,H_beta,H beta,H,4861.3,280,23.93615,-0.999880714286,0.511475320801,11.696392277,-5161.58073508,86.3015528523,0.214116796557,0.974569285714,0.01126165246,-1.0052945541,123.01915544,-0.4297923911,-0.024730024178,1,1,1.20798709697e+14,date_ordered_line_window_proxy_change,decline_spectral_state,relaxation_spectral_state,yes,post-collapse spectral element-line structural state,C2_SN2012aw/SN_2012aw_2012-04-29_05-45-36_Keck1_LRIS_UCB-SNDB.flm::H_beta
C2_SN2012aw_spectral_state_00306,C2_SN2012aw,C2_SN2012aw,SN2012aw,48,SN_2012aw_2012-04-29_05-45-36_Keck1_LRIS_UCB-SNDB,SN_2012aw_2012-04-29_05-45-36_Keck1_LRIS_UCB-SNDB.flm,2012-04-29 05:45:36.00,,decline_spectral_state,Fe_II_5169,Fe II 5169,Fe,5169,360,24.40755,-0.130856388889,0.4376248333,1.93007081827,-4536.07033566,110.016341205,0.027582151442,-0.664399166667,0.023535328262,6.34454184128,115.69607667,-4.295070742,-0.0364859323002,1,1,8.23528539566e+13,date_ordered_line_window_proxy_change,decline_spectral_state,relaxation_spectral_state,yes,post-collapse spectral element-line structural state,C2_SN2012aw/SN_2012aw_2012-04-29_05-45-36_Keck1_LRIS_UCB-SNDB.flm::Fe_II_5169
C2_SN2012aw_spectral_state_00307,C2_SN2012aw,C2_SN2012aw,SN2012aw,49,SN_2012aw_2012-04-29_05-45-36_Keck1_LRIS_UCB-SNDB_0,SN_2012aw_2012-04-29_05-45-36_Keck1_LRIS_UCB-SNDB_0.flm,2012-04-29 05:45:36.00,,decline_spectral_state,He_I_5876,He I 5876,He,5875.6,320,15.73175,-0.0234834375,0.355583453843,0.477677308648,-3707.2826837,75.8499505095,0.0233797032025,0.7008965625,0.042180353564,-5.97223879851,101.78245972,7.3659857361,-0.102218929622,1,1,8.687673788e+13,date_ordered_line_window_proxy_change,decline_spectral_state,relaxation_spectral_state,yes,post-collapse spectral element-line structural state,C2_SN2012aw/SN_2012aw_2012-04-29_05-45-36_Keck1_LRIS_UCB-SNDB_0.flm::He_I_5876
C2_SN2012aw_spectral_state_00308,C2_SN2012aw,C2_SN2012aw,SN2012aw,49,SN_2012aw_2012-04-29_05-45-36_Keck1_LRIS_UCB-SNDB_0,SN_2012aw_2012-04-29_05-45-36_Keck1_LRIS_UCB-SNDB_0.flm,2012-04-29 05:45:36.00,,decline_spectral_state,Ni_Co_decay_proxy,Ni/Co decay proxy blend,NiCo,5890,437,11.86365,3.88198569794,0.145473779149,-142.993745601,-217.512935244,110.39383453,0.5651447855,11.4625141595,-0.283668745515,-234.187756495,4315.17883927,-36.969735115,0.021491058972,1,1,1.42078858901e+15,date_ordered_line_window_proxy_change,decline_spectral_state,relaxation_spectral_state,yes,post-collapse spectral element-line structural state,C2_SN2012aw/SN_2012aw_2012-04-29_05-45-36_Keck1_LRIS_UCB-SNDB_0.flm::Ni_Co_decay_proxy
C2_SN2012aw_spectral_state_00309,C2_SN2012aw,C2_SN2012aw,SN2012aw,49,SN_2012aw_2012-04-29_05-45-36_Keck1_LRIS_UCB-SNDB_0,SN_2012aw_2012-04-29_05-45-36_Keck1_LRIS_UCB-SNDB_0.flm,2012-04-29 05:45:36.00,,decline_spectral_state,Si_II_6355,Si II 6355,Si,6355,320,16.3913,-3.8688436875,0.661390493737,75.5297005119,7505.23323993,71.6917392757,1.05462724134,5.4779500625,-0.001263627103,-10.1029804785,4752.26869012,-0.0215578303,-0.29823537337,1,1,6.7899666964e+14,date_ordered_line_window_proxy_change,decline_spectral_state,relaxation_spectral_state,yes,post-collapse spectral element-line structural state,C2_SN2012aw/SN_2012aw_2012-04-29_05-45-36_Keck1_LRIS_UCB-SNDB_0.flm::Si_II_6355
C2_SN2012aw_spectral_state_00310,C2_SN2012aw,C2_SN2012aw,SN2012aw,49,SN_2012aw_2012-04-29_05-45-36_Keck1_LRIS_UCB-SNDB_0,SN_2012aw_2012-04-29_05-45-36_Keck1_LRIS_UCB-SNDB_0.flm,2012-04-29 05:45:36.00,,decline_spectral_state,H_alpha,H alpha,H,6562.8,360,13.1933,5.42949144444,0.579312984621,-148.152237878,-630.14836307,81.0555656401,3.87422559902,-6.23477355556,0.043733906975,17.357346903,273.374026473,0.5249703933,0.56684409857,1,1,7.72805599154e+14,date_ordered_line_window_proxy_change,decline_spectral_state,relaxation_spectral_state,yes,post-collapse spectral element-line structural state,C2_SN2012aw/SN_2012aw_2012-04-29_05-45-36_Keck1_LRIS_UCB-SNDB_0.flm::H_alpha
C2_SN2012aw_spectral_state_00311,C2_SN2012aw,C2_SN2012aw,SN2012aw,50,2012aw_2012-04-29_16-27-39_IGO_IFOSC_None,2012aw_2012-04-29_16-27-39_IGO_IFOSC_None.txt,2012-04-29 16:27:39.00,,decline_spectral_state,H_beta,H beta,H,4861.3,97,3.098359e-14,-2.12228865979e-17,0.0140909614284,272.310912888,-5103.50329813,85.9258897798,2.10792974646e-05,0.999880714286,-0.497384359373,260.614520611,58.07743695,-0.3756630725,-0.21409571726,1,0,1.2393608326e+14,date_ordered_line_window_proxy_change,decline_spectral_state,relaxation_spectral_state,yes,post-collapse spectral element-line structural state,C2_SN2012aw/2012aw_2012-04-29_16-27-39_IGO_IFOSC_None.txt::H_beta
C2_SN2012aw_spectral_state_00312,C2_SN2012aw,C2_SN2012aw,SN2012aw,50,2012aw_2012-04-29_16-27-39_IGO_IFOSC_None,2012aw_2012-04-29_16-27-39_IGO_IFOSC_None.txt,2012-04-29 16:27:39.00,,decline_spectral_state,Fe_II_5169,Fe II 5169,Fe,5169,124,3.1267825e-14,1.2032016129e-17,0.0121763277158,348.001278248,-4396.23367137,108.975885575,1.19613994274e-05,0.130856388889,-0.425448505584,346.07120743,139.83666429,-1.04045563,-0.0275701900426,1,1,1.62197630944e+13,date_ordered_line_window_proxy_change,decline_spectral_state,relaxation_spectral_state,yes,post-collapse spectral element-line structural state,C2_SN2012aw/2012aw_2012-04-29_16-27-39_IGO_IFOSC_None.txt::Fe_II_5169
C2_SN2012aw_spectral_state_00313,C2_SN2012aw,C2_SN2012aw,SN2012aw,50,2012aw_2012-04-29_16-27-39_IGO_IFOSC_None,2012aw_2012-04-29_16-27-39_IGO_IFOSC_None.txt,2012-04-29 16:27:39.00,,decline_spectral_state,He_I_5876,He I 5876,He,5875.6,111,2.6487565e-14,-8.45842567568e-16,0.00900438087626,313.23647162,-3539.50750078,68.3833346871,0.000842987290409,0.0234834375,-0.346579072967,312.758794311,167.77518292,-7.4666158224,-0.0225367159121,1,1,2.91079248121e+12,date_ordered_line_window_proxy_change,decline_spectral_state,relaxation_spectral_state,yes,post-collapse spectral element-line structural state,C2_SN2012aw/2012aw_2012-04-29_16-27-39_IGO_IFOSC_None.txt::He_I_5876
C2_SN2012aw_spectral_state_00314,C2_SN2012aw,C2_SN2012aw,SN2012aw,50,2012aw_2012-04-29_16-27-39_IGO_IFOSC_None,2012aw_2012-04-29_16-27-39_IGO_IFOSC_None.txt,2012-04-29 16:27:39.00,,decline_spectral_state,Ni_Co_decay_proxy,Ni/Co decay proxy blend,NiCo,5890,179,3.0313235e-14,-4.1604223743e-15,0.0126840601053,504.920147329,-4263.79315226,142.874826918,0.00412137951695,-3.88198569794,-0.132789719044,647.91389293,-4046.28021702,32.480992388,-0.561023405983,1,1,4.81175500035e+14,date_ordered_line_window_proxy_change,decline_spectral_state,relaxation_spectral_state,yes,post-collapse spectral element-line structural state,C2_SN2012aw/2012aw_2012-04-29_16-27-39_IGO_IFOSC_None.txt::Ni_Co_decay_proxy
C2_SN2012aw_spectral_state_00315,C2_SN2012aw,C2_SN2012aw,SN2012aw,50,2012aw_2012-04-29_16-27-39_IGO_IFOSC_None,2012aw_2012-04-29_16-27-39_IGO_IFOSC_None.txt,2012-04-29 16:27:39.00,,decline_spectral_state,Si_II_6355,Si II 6355,Si,6355,111,2.6610815e-14,-6.85296078378e-15,0.0169887397884,315.078698513,2710.09855378,70.893104049,0.00681640991729,3.8688436875,-0.644401753949,239.548998001,-4795.13468615,-0.7986352267,-1.04781083142,1,1,4.79546536423e+14,date_ordered_line_window_proxy_change,decline_spectral_state,relaxation_spectral_state,yes,post-collapse spectral element-line structural state,C2_SN2012aw/2012aw_2012-04-29_16-27-39_IGO_IFOSC_None.txt::Si_II_6355
C2_SN2012aw_spectral_state_00316,C2_SN2012aw,C2_SN2012aw,SN2012aw,50,2012aw_2012-04-29_16-27-39_IGO_IFOSC_None,2012aw_2012-04-29_16-27-39_IGO_IFOSC_None.txt,2012-04-29 16:27:39.00,,decline_spectral_state,H_alpha,H alpha,H,6562.8,125,1.91325e-14,9.321679744e-15,0.00977547963587,351.68016005,-1197.7793208,80.9511615344,0.00929299230355,-5.42949144444,-0.569537504985,499.832397928,-567.63095773,-0.1044041057,-3.86493260672,1,1,6.7299018183e+14,date_ordered_line_window_proxy_change,decline_spectral_state,relaxation_spectral_state,yes,post-collapse spectral element-line structural state,C2_SN2012aw/2012aw_2012-04-29_16-27-39_IGO_IFOSC_None.txt::H_alpha
C2_SN2012aw_spectral_state_00317,C2_SN2012aw,C2_SN2012aw,SN2012aw,50,2012aw_2012-04-29_16-27-39_IGO_IFOSC_None,2012aw_2012-04-29_16-27-39_IGO_IFOSC_None.txt,2012-04-29 16:27:39.00,,decline_spectral_state,O_I_7774,O I 7774,O,7774,124,1.355882e-14,-1.0519983871e-16,0.00560835926621,354.123102876,-6863.55559225,96.2982853599,0.000104898835753,0.134242222222,-0.177517555912,351.554508722,-2779.73279683,-3.1777204222,-0.0512339910787,1,1,1.66394400778e+13,date_ordered_line_window_proxy_change,decline_spectral_state,relaxation_spectral_state,yes,post-collapse spectral element-line structural state,C2_SN2012aw/2012aw_2012-04-29_16-27-39_IGO_IFOSC_None.txt::O_I_7774
C2_SN2012aw_spectral_state_00318,C2_SN2012aw,C2_SN2012aw,SN2012aw,50,2012aw_2012-04-29_16-27-39_IGO_IFOSC_None,2012aw_2012-04-29_16-27-39_IGO_IFOSC_None.txt,2012-04-29 16:27:39.00,,decline_spectral_state,Ca_II_NIR,Ca II near-infrared triplet,Ca,8579,248,1.3000645e-14,-3.22185140726e-15,0.0107822606569,710.844798163,-8021.152046,187.785761509,0.00321527340701,0.654371972222,-0.76602711409,679.059452614,318.21609205,21.636511353,-0.239535872332,1,1,8.11099744933e+13,date_ordered_line_window_proxy_change,decline_spectral_state,relaxation_spectral_state,yes,post-collapse spectral element-line structural state,C2_SN2012aw/2012aw_2012-04-29_16-27-39_IGO_IFOSC_None.txt::Ca_II_NIR
C2_SN2012aw_spectral_state_00319,C2_SN2012aw,C2_SN2012aw,SN2012aw,51,2012aw_2012-04-30_01-28-43_Magellan-Baade_FIRE_None,2012aw_2012-04-30_01-28-43_Magellan-Baade_FIRE_None.txt,2012-04-30 01:28:43.00,,decline_spectral_state,Ca_II_NIR,Ca II near-infrared triplet,Ca,8579,305,5.676495e-14,4.98400672131e-15,0.0396139652436,680.612382859,2913.04940931,172.891171098,0.00493320693591,8.20585812857e-15,0.0288317045867,-30.232415304,10934.2014553,-14.894590411,0.0017179335289,0,0,8.79679427066,date_ordered_line_window_proxy_change,decline_spectral_state,relaxation_spectral_state,yes,post-collapse spectral element-line structural state,C2_SN2012aw/2012aw_2012-04-30_01-28-43_Magellan-Baade_FIRE_None.txt::Ca_II_NIR
C2_SN2012aw_spectral_state_00320,C2_SN2012aw,C2_SN2012aw,SN2012aw,52,2012aw_2012-05-01_00-49-53.865_VLT-UT1_FORS2_None,2012aw_2012-05-01_00-49-53.865_VLT-UT1_FORS2_None.ascii,2012-05-01 00:49:53.00,,decline_spectral_state,H_beta,H beta,H,4861.3,84,4.6451514e-14,-2.21268057143e-15,0.0220674065554,268.963754324,-5055.14253277,85.8252981143,0.002192758059,-2.19145768483e-15,0.007976445127,-3.347158564,48.36076536,-0.1005916655,0.00217167876154,1,1,0.991546549714,date_ordered_line_window_proxy_change,decline_spectral_state,relaxation_spectral_state,yes,post-collapse spectral element-line structural state,C2_SN2012aw/2012aw_2012-05-01_00-49-53.865_VLT-UT1_FORS2_None.ascii::H_beta
C2_SN2012aw_spectral_state_00321,C2_SN2012aw,C2_SN2012aw,SN2012aw,52,2012aw_2012-05-01_00-49-53.865_VLT-UT1_FORS2_None,2012aw_2012-05-01_00-49-53.865_VLT-UT1_FORS2_None.ascii,2012-05-01 00:49:53.00,,decline_spectral_state,Fe_II_5169,Fe II 5169,Fe,5169,107,4.90868605e-14,-7.62288864486e-16,0.0207443171003,341.25337182,-4420.40708406,108.203378485,0.000754606682937,-7.74320880615e-16,0.0085679893845,-6.747906428,-24.17341269,-0.77250709,0.00074264528351,1,1,0.870682079118,date_ordered_line_window_proxy_change,decline_spectral_state,relaxation_spectral_state,yes,post-collapse spectral element-line structural state,C2_SN2012aw/2012aw_2012-05-01_00-49-53.865_VLT-UT1_FORS2_None.ascii::Fe_II_5169
C2_SN2012aw_spectral_state_00322,C2_SN2012aw,C2_SN2012aw,SN2012aw,52,2012aw_2012-05-01_00-49-53.865_VLT-UT1_FORS2_None,2012aw_2012-05-01_00-49-53.865_VLT-UT1_FORS2_None.ascii,2012-05-01 00:49:53.00,,decline_spectral_state,He_I_5876,He I 5876,He,5875.6,96,4.8216903e-14,-7.41471416667e-16,0.0169189725421,306.418979221,-3531.05145986,70.1647760782,0.000738156367999,1.04371150901e-16,0.00791459166584,-6.817492399,8.45604092,1.7814413911,-0.00010483092241,1,1,0.746671983305,date_ordered_line_window_proxy_change,decline_spectral_state,relaxation_spectral_state,yes,post-collapse spectral element-line structural state,C2_SN2012aw/2012aw_2012-05-01_00-49-53.865_VLT-UT1_FORS2_None.ascii::He_I_5876
C2_SN2012aw_spectral_state_00323,C2_SN2012aw,C2_SN2012aw,SN2012aw,52,2012aw_2012-05-01_00-49-53.865_VLT-UT1_FORS2_None,2012aw_2012-05-01_00-49-53.865_VLT-UT1_FORS2_None.ascii,2012-05-01 00:49:53.00,,decline_spectral_state,Ni_Co_decay_proxy,Ni/Co decay proxy blend,NiCo,5890,155,5.04160885e-14,-2.39093177097e-15,0.0189771831546,494.516915603,-4255.35778485,114.354007777,0.00235281477118,1.76949060333e-15,0.0062931230493,-10.403231726,8.43536741,-28.520819141,-0.00176856474577,1,1,2.0938903246,date_ordered_line_window_proxy_change,decline_spectral_state,relaxation_spectral_state,yes,post-collapse spectral element-line structural state,C2_SN2012aw/2012aw_2012-05-01_00-49-53.865_VLT-UT1_FORS2_None.ascii::Ni_Co_decay_proxy
C2_SN2012aw_spectral_state_00324,C2_SN2012aw,C2_SN2012aw,SN2012aw,52,2012aw_2012-05-01_00-49-53.865_VLT-UT1_FORS2_None,2012aw_2012-05-01_00-49-53.865_VLT-UT1_FORS2_None.ascii,2012-05-01 00:49:53.00,,decline_spectral_state,Si_II_6355,Si II 6355,Si,6355,96,4.95829405e-14,-1.15563332604e-14,0.0306414826871,309.327287138,7469.46382382,71.0455469803,0.0114200144316,-4.70337247662e-15,0.0136527428987,-5.751411375,4759.36527004,0.1524429313,0.00460360451431,1,1,3.86283131423,date_ordered_line_window_proxy_change,decline_spectral_state,relaxation_spectral_state,yes,post-collapse spectral element-line structural state,C2_SN2012aw/2012aw_2012-05-01_00-49-53.865_VLT-UT1_FORS2_None.ascii::Si_II_6355
C2_SN2012aw_spectral_state_00325,C2_SN2012aw,C2_SN2012aw,SN2012aw,52,2012aw_2012-05-01_00-49-53.865_VLT-UT1_FORS2_None,2012aw_2012-05-01_00-49-53.865_VLT-UT1_FORS2_None.ascii,2012-05-01 00:49:53.00,,decline_spectral_state,H_alpha,H alpha,H,6562.8,108,4.0320142e-14,1.68186031111e-14,0.0220105120295,341.243266366,-736.187202683,82.3117995039,0.0167442271418,7.4969233671e-15,0.0122350323936,-10.436893684,461.592118117,1.3606379695,0.00745123483825,1,1,2.64518521633,date_ordered_line_window_proxy_change,decline_spectral_state,relaxation_spectral_state,yes,post-collapse spectral element-line structural state,C2_SN2012aw/2012aw_2012-05-01_00-49-53.865_VLT-UT1_FORS2_None.ascii::H_alpha
C2_SN2012aw_spectral_state_00326,C2_SN2012aw,C2_SN2012aw,SN2012aw,52,2012aw_2012-05-01_00-49-53.865_VLT-UT1_FORS2_None,2012aw_2012-05-01_00-49-53.865_VLT-UT1_FORS2_None.ascii,2012-05-01 00:49:53.00,,decline_spectral_state,O_I_7774,O I 7774,O,7774,107,3.383094e-14,-1.67396186916e-15,0.0151228517111,346.604603304,-6307.74209401,83.9516346389,0.00166668860146,-1.56876203045e-15,0.00951449244489,-7.518499572,555.81349824,-12.346650721,0.00156178976571,1,1,1.75981176338,date_ordered_line_window_proxy_change,decline_spectral_state,relaxation_spectral_state,yes,post-collapse spectral element-line structural state,C2_SN2012aw/2012aw_2012-05-01_00-49-53.865_VLT-UT1_FORS2_None.ascii::O_I_7774
C2_SN2012aw_spectral_state_00327,C2_SN2012aw,C2_SN2012aw,SN2012aw,52,2012aw_2012-05-01_00-49-53.865_VLT-UT1_FORS2_None,2012aw_2012-05-01_00-49-53.865_VLT-UT1_FORS2_None.ascii,2012-05-01 00:49:53.00,,decline_spectral_state,Ca_II_NIR,Ca II near-infrared triplet,Ca,8579,216,2.7797228e-14,-8.38485145833e-16,0.0212548384106,703.208311886,-8093.72188918,164.520220927,0.000834004321184,-5.82249186714e-15,-0.018359126833,22.595929027,-11006.7712985,-8.370950171,-0.00409920261473,1,1,7.73001407793,date_ordered_line_window_proxy_change,decline_spectral_state,relaxation_spectral_state,yes,post-collapse spectral element-line structural state,C2_SN2012aw/2012aw_2012-05-01_00-49-53.865_VLT-UT1_FORS2_None.ascii::Ca_II_NIR
C2_SN2012aw_spectral_state_00328,C2_SN2012aw,C2_SN2012aw,SN2012aw,53,2012aw_2012-05-01_01-24-27_ESO-NTT_EFOSC2-NTT_None,2012aw_2012-05-01_01-24-27_ESO-NTT_EFOSC2-NTT_None.dat,2012-05-01 01:24:27.00,,decline_spectral_state,H_beta,H beta,H,4861.3,51,1.467408e-14,-6.51167960784e-16,0.00701875522434,277.467213974,-4988.47605728,86.9958855432,0.000649312672269,1.56151261065e-15,-0.0150486513311,8.50345965,66.66647549,1.1705874289,-0.00154344538673,1,1,1.43474342353,date_ordered_line_window_proxy_change,decline_spectral_state,relaxation_spectral_state,yes,post-collapse spectral element-line structural state,C2_SN2012aw/2012aw_2012-05-01_01-24-27_ESO-NTT_EFOSC2-NTT_None.dat::H_beta
C2_SN2012aw_spectral_state_00329,C2_SN2012aw,C2_SN2012aw,SN2012aw,53,2012aw_2012-05-01_01-24-27_ESO-NTT_EFOSC2-NTT_None,2012aw_2012-05-01_01-24-27_ESO-NTT_EFOSC2-NTT_None.dat,2012-05-01 01:24:27.00,,decline_spectral_state,Fe_II_5169,Fe II 5169,Fe,5169,66,1.541065e-14,-1.95019469697e-16,0.00658471427299,358.651181766,-4346.87781918,109.182245936,0.000194415020235,5.67269394789e-16,-0.0141596028273,17.397809946,73.52926488,0.978867451,-0.000560191662702,1,1,1.46583009216,date_ordered_line_window_proxy_change,decline_spectral_state,relaxation_spectral_state,yes,post-collapse spectral element-line structural state,C2_SN2012aw/2012aw_2012-05-01_01-24-27_ESO-NTT_EFOSC2-NTT_None.dat::Fe_II_5169
C2_SN2012aw_spectral_state_00330,C2_SN2012aw,C2_SN2012aw,SN2012aw,53,2012aw_2012-05-01_01-24-27_ESO-NTT_EFOSC2-NTT_None,2012aw_2012-05-01_01-24-27_ESO-NTT_EFOSC2-NTT_None.dat,2012-05-01 01:24:27.00,,decline_spectral_state,He_I_5876,He I 5876,He,5875.6,58,1.483593e-14,-1.20144603448e-16,0.00521524301963,315.333194751,-3659.71853322,73.0849205969,0.000119962973877,6.21326813219e-16,-0.0117037295225,8.91421553,-128.66707336,2.9201445187,-0.000618193394122,1,1,1.19402098327,date_ordered_line_window_proxy_change,decline_spectral_state,relaxation_spectral_state,yes,post-collapse spectral element-line structural state,C2_SN2012aw/2012aw_2012-05-01_01-24-27_ESO-NTT_EFOSC2-NTT_None.dat::He_I_5876
C2_SN2012aw_spectral_state_00331,C2_SN2012aw,C2_SN2012aw,SN2012aw,53,2012aw_2012-05-01_01-24-27_ESO-NTT_EFOSC2-NTT_None,2012aw_2012-05-01_01-24-27_ESO-NTT_EFOSC2-NTT_None.dat,2012-05-01 01:24:27.00,,decline_spectral_state,Ni_Co_decay_proxy,Ni/Co decay proxy blend,NiCo,5890,94,1.5836305e-14,-9.76467521277e-16,0.0061948868819,510.991114392,-4383.71029015,123.002138905,0.000971581463835,1.41446424969e-15,-0.0127822962727,16.474198789,-128.3525053,8.648131128,-0.00138123330735,1,1,1.83909494972,date_ordered_line_window_proxy_change,decline_spectral_state,relaxation_spectral_state,yes,post-collapse spectral element-line structural state,C2_SN2012aw/2012aw_2012-05-01_01-24-27_ESO-NTT_EFOSC2-NTT_None.dat::Ni_Co_decay_proxy
C2_SN2012aw_spectral_state_00332,C2_SN2012aw,C2_SN2012aw,SN2012aw,53,2012aw_2012-05-01_01-24-27_ESO-NTT_EFOSC2-NTT_None,2012aw_2012-05-01_01-24-27_ESO-NTT_EFOSC2-NTT_None.dat,2012-05-01 01:24:27.00,,decline_spectral_state,Si_II_6355,Si II 6355,Si,6355,58,1.52214e-14,-3.60636274138e-15,0.00980322124809,316.312236598,7486.35302554,72.6862743226,0.00359444583341,7.94997051902e-15,-0.020838261439,6.98494946,16.88920172,1.6407273423,-0.00782556859819,1,1,2.87606650367,date_ordered_line_window_proxy_change,decline_spectral_state,relaxation_spectral_state,yes,post-collapse spectral element-line structural state,C2_SN2012aw/2012aw_2012-05-01_01-24-27_ESO-NTT_EFOSC2-NTT_None.dat::Si_II_6355
C2_SN2012aw_spectral_state_00333,C2_SN2012aw,C2_SN2012aw,SN2012aw,53,2012aw_2012-05-01_01-24-27_ESO-NTT_EFOSC2-NTT_None,2012aw_2012-05-01_01-24-27_ESO-NTT_EFOSC2-NTT_None.dat,2012-05-01 01:24:27.00,,decline_spectral_state,H_alpha,H alpha,H,6562.8,65,1.176747e-14,5.33972795385e-15,0.00642292838294,352.527315483,-1237.6837274,80.6835960604,0.00533201939829,-1.14788751572e-14,-0.0155875836466,11.284049117,-501.496524717,-1.6282034435,-0.0114122077435,1,1,3.61713293752,date_ordered_line_window_proxy_change,decline_spectral_state,relaxation_spectral_state,yes,post-collapse spectral element-line structural state,C2_SN2012aw/2012aw_2012-05-01_01-24-27_ESO-NTT_EFOSC2-NTT_None.dat::H_alpha
C2_SN2012aw_spectral_state_00334,C2_SN2012aw,C2_SN2012aw,SN2012aw,53,2012aw_2012-05-01_01-24-27_ESO-NTT_EFOSC2-NTT_None,2012aw_2012-05-01_01-24-27_ESO-NTT_EFOSC2-NTT_None.dat,2012-05-01 01:24:27.00,,decline_spectral_state,O_I_7774,O I 7774,O,7774,65,9.9547785e-15,-4.78719592308e-16,0.00441730619526,355.225914494,-6162.63159001,85.6835134375,0.000478138801662,1.19524227685e-15,-0.0107055455158,8.62131119,145.110504,1.7318787986,-0.0011885497998,1,1,1.20485729425,date_ordered_line_window_proxy_change,decline_spectral_state,relaxation_spectral_state,yes,post-collapse spectral element-line structural state,C2_SN2012aw/2012aw_2012-05-01_01-24-27_ESO-NTT_EFOSC2-NTT_None.dat::O_I_7774
C2_SN2012aw_spectral_state_00335,C2_SN2012aw,C2_SN2012aw,SN2012aw,53,2012aw_2012-05-01_01-24-27_ESO-NTT_EFOSC2-NTT_None,2012aw_2012-05-01_01-24-27_ESO-NTT_EFOSC2-NTT_None.dat,2012-05-01 01:24:27.00,,decline_spectral_state,Ca_II_NIR,Ca II near-infrared triplet,Ca,8579,130,8.43092e-15,-3.44243069231e-16,0.00656015386755,711.429768127,-8333.4986849,165.562029929,0.000343769189141,4.94242076602e-16,-0.0146946845431,8.221456241,-239.77679572,1.041809002,-0.000490235132043,1,1,1.27823196087,date_ordered_line_window_proxy_change,decline_spectral_state,relaxation_spectral_state,yes,post-collapse spectral element-line structural state,C2_SN2012aw/2012aw_2012-05-01_01-24-27_ESO-NTT_EFOSC2-NTT_None.dat::Ca_II_NIR
C2_SN2012aw_spectral_state_00336,C2_SN2012aw,C2_SN2012aw,SN2012aw,54,2012aw_2012-05-02_21-57-25_Ekar_BC-Ekar_None,2012aw_2012-05-02_21-57-25_Ekar_BC-Ekar_None.dat,2012-05-02 21:57:25.00,,decline_spectral_state,H_beta,H beta,H,4861.3,122,1.367684e-14,-1.24692405738e-15,0.0074620319825,277.187089297,-5001.05077904,84.390708184,0.00124372016456,-5.95756096596e-16,0.00044327675816,-0.280124677,-12.57472176,-2.6051773592,0.000594407492291,1,1,0.296747116895,date_ordered_line_window_proxy_change,decline_spectral_state,relaxation_spectral_state,yes,post-collapse spectral element-line structural state,C2_SN2012aw/2012aw_2012-05-02_21-57-25_Ekar_BC-Ekar_None.dat::H_beta
C2_SN2012aw_spectral_state_00337,C2_SN2012aw,C2_SN2012aw,SN2012aw,54,2012aw_2012-05-02_21-57-25_Ekar_BC-Ekar_None,2012aw_2012-05-02_21-57-25_Ekar_BC-Ekar_None.dat,2012-05-02 21:57:25.00,,decline_spectral_state,Fe_II_5169,Fe II 5169,Fe,5169,156,1.54242e-14,-7.67682762821e-16,0.00713770461645,353.6566737,-4452.69484086,102.548734298,0.000764775816937,-5.72663293124e-16,0.00055299034346,-4.994508066,-105.81702168,-6.633511638,0.000570360796702,1,1,0.631735398215,date_ordered_line_window_proxy_change,decline_spectral_state,relaxation_spectral_state,yes,post-collapse spectral element-line structural state,C2_SN2012aw/2012aw_2012-05-02_21-57-25_Ekar_BC-Ekar_None.dat::Fe_II_5169
C2_SN2012aw_spectral_state_00338,C2_SN2012aw,C2_SN2012aw,SN2012aw,54,2012aw_2012-05-02_21-57-25_Ekar_BC-Ekar_None,2012aw_2012-05-02_21-57-25_Ekar_BC-Ekar_None.dat,2012-05-02 21:57:25.00,,decline_spectral_state,He_I_5876,He I 5876,He,5875.6,140,1.4702655e-14,-5.08448071429e-16,0.00609359004782,317.52761076,-3329.99233873,67.4178240192,0.000507472820733,-3.88303467981e-16,0.00087834702819,2.194416009,329.72619449,-5.6670965777,0.000387509846856,1,1,0.590074454172,date_ordered_line_window_proxy_change,decline_spectral_state,relaxation_spectral_state,yes,post-collapse spectral element-line structural state,C2_SN2012aw/2012aw_2012-05-02_21-57-25_Ekar_BC-Ekar_None.dat::He_I_5876
C2_SN2012aw_spectral_state_00339,C2_SN2012aw,C2_SN2012aw,SN2012aw,54,2012aw_2012-05-02_21-57-25_Ekar_BC-Ekar_None,2012aw_2012-05-02_21-57-25_Ekar_BC-Ekar_None.dat,2012-05-02 21:57:25.00,,decline_spectral_state,Ni_Co_decay_proxy,Ni/Co decay proxy blend,NiCo,5890,226,1.608106e-14,-1.59273106195e-15,0.00744191314815,512.439670913,-4054.79021743,133.803877396,0.00158456541737,-6.16263540673e-16,0.00124702626625,1.448556521,328.92007272,10.801738491,0.000612983953535,1,1,0.822400673569,date_ordered_line_window_proxy_change,decline_spectral_state,relaxation_spectral_state,yes,post-collapse spectral element-line structural state,C2_SN2012aw/2012aw_2012-05-02_21-57-25_Ekar_BC-Ekar_None.dat::Ni_Co_decay_proxy
C2_SN2012aw_spectral_state_00340,C2_SN2012aw,C2_SN2012aw,SN2012aw,54,2012aw_2012-05-02_21-57-25_Ekar_BC-Ekar_None,2012aw_2012-05-02_21-57-25_Ekar_BC-Ekar_None.dat,2012-05-02 21:57:25.00,,decline_spectral_state,Si_II_6355,Si II 6355,Si,6355,139,1.502171e-14,-3.93159769784e-15,0.00999066118497,316.238753013,2878.81532806,71.5003548977,0.00391830714681,-3.2523495646e-16,0.00018743993688,-0.073483585,-4607.53769748,-1.1859194249,0.0003238613134,1,1,2.16379583177,date_ordered_line_window_proxy_change,decline_spectral_state,relaxation_spectral_state,yes,post-collapse spectral element-line structural state,C2_SN2012aw/2012aw_2012-05-02_21-57-25_Ekar_BC-Ekar_None.dat::Si_II_6355
C2_SN2012aw_spectral_state_00341,C2_SN2012aw,C2_SN2012aw,SN2012aw,54,2012aw_2012-05-02_21-57-25_Ekar_BC-Ekar_None,2012aw_2012-05-02_21-57-25_Ekar_BC-Ekar_None.dat,2012-05-02 21:57:25.00,,decline_spectral_state,H_alpha,H alpha,H,6562.8,157,1.141251e-14,5.22649474522e-15,0.00645783786083,355.19515864,-416.525624971,81.4580455745,0.00521855568122,-1.1323320863e-16,3.490947789e-05,2.667843157,821.158102429,0.7744495141,-0.00011346371707,1,1,0.538196693605,date_ordered_line_window_proxy_change,decline_spectral_state,relaxation_spectral_state,yes,post-collapse spectral element-line structural state,C2_SN2012aw/2012aw_2012-05-02_21-57-25_Ekar_BC-Ekar_None.dat::H_alpha
C2_SN2012aw_spectral_state_00342,C2_SN2012aw,C2_SN2012aw,SN2012aw,54,2012aw_2012-05-02_21-57-25_Ekar_BC-Ekar_None,2012aw_2012-05-02_21-57-25_Ekar_BC-Ekar_None.dat,2012-05-02 21:57:25.00,,decline_spectral_state,O_I_7774,O I 7774,O,7774,47,1.025083e-14,-3.55821534043e-15,0.00653673108093,107.394665349,-6272.59053085,30.1945081703,0.00355727611663,-3.07949574812e-15,0.00211942488567,-247.831249145,-109.95894084,-55.4890052672,0.00307913731497,1,1,10.3198653956,date_ordered_line_window_proxy_change,decline_spectral_state,relaxation_spectral_state,yes,post-collapse spectral element-line structural state,C2_SN2012aw/2012aw_2012-05-02_21-57-25_Ekar_BC-Ekar_None.dat::O_I_7774
C2_SN2012aw_spectral_state_00343,C2_SN2012aw,C2_SN2012aw,SN2012aw,55,2012aw_2012-05-03_20-04-35_Ekar_BC-Ekar_None,2012aw_2012-05-03_20-04-35_Ekar_BC-Ekar_None.dat,2012-05-03 20:04:35.00,,late_decline_spectral_state,H_beta,H beta,H,4861.3,123,1.463622e-14,-5.82861227642e-16,0.00754206960993,276.324162036,-4594.93400951,85.6343797478,0.00058114567443,6.64062829738e-16,8.003762743e-05,-0.862927261,406.11676953,1.2436715638,-0.00066257449013,1,1,0.427860086664,date_ordered_line_window_proxy_change,late_decline_spectral_state,relaxation_spectral_state,yes,post-collapse spectral element-line structural state,C2_SN2012aw/2012aw_2012-05-03_20-04-35_Ekar_BC-Ekar_None.dat::H_beta
C2_SN2012aw_spectral_state_00344,C2_SN2012aw,C2_SN2012aw,SN2012aw,55,2012aw_2012-05-03_20-04-35_Ekar_BC-Ekar_None,2012aw_2012-05-03_20-04-35_Ekar_BC-Ekar_None.dat,2012-05-03 20:04:35.00,,late_decline_spectral_state,Fe_II_5169,Fe II 5169,Fe,5169,158,1.5606045e-14,-5.40108544304e-16,0.00761738376616,354.908800255,-4109.94012552,105.517087156,0.00053832163237,2.27574218517e-16,0.00047967914971,1.252126555,342.75471534,2.968352858,-0.000226454184567,1,1,0.415147877269,date_ordered_line_window_proxy_change,late_decline_spectral_state,relaxation_spectral_state,yes,post-collapse spectral element-line structural state,C2_SN2012aw/2012aw_2012-05-03_20-04-35_Ekar_BC-Ekar_None.dat::Fe_II_5169
C2_SN2012aw_spectral_state_00345,C2_SN2012aw,C2_SN2012aw,SN2012aw,55,2012aw_2012-05-03_20-04-35_Ekar_BC-Ekar_None,2012aw_2012-05-03_20-04-35_Ekar_BC-Ekar_None.dat,2012-05-03 20:04:35.00,,late_decline_spectral_state,He_I_5876,He I 5876,He,5875.6,139,1.491228e-14,-3.3293005036e-16,0.00611850415289,314.033316439,-3633.68749003,71.8859719153,0.000332378171506,1.75518021069e-16,2.491410507e-05,-3.494294321,-303.6951513,4.4681478961,-0.000175094649227,1,1,0.489269765333,date_ordered_line_window_proxy_change,late_decline_spectral_state,relaxation_spectral_state,yes,post-collapse spectral element-line structural state,C2_SN2012aw/2012aw_2012-05-03_20-04-35_Ekar_BC-Ekar_None.dat::He_I_5876
C2_SN2012aw_spectral_state_00346,C2_SN2012aw,C2_SN2012aw,SN2012aw,55,2012aw_2012-05-03_20-04-35_Ekar_BC-Ekar_None,2012aw_2012-05-03_20-04-35_Ekar_BC-Ekar_None.dat,2012-05-03 20:04:35.00,,late_decline_spectral_state,Ni_Co_decay_proxy,Ni/Co decay proxy blend,NiCo,5890,227,1.59995e-14,-1.20117787225e-15,0.00718205569983,512.815196989,-4357.74288822,124.422259812,0.0011952825082,3.915531897e-16,-0.00025985744832,0.375526076,-302.95267079,-9.381617584,-0.00038928290917,1,1,0.633036942933,date_ordered_line_window_proxy_change,late_decline_spectral_state,relaxation_spectral_state,yes,post-collapse spectral element-line structural state,C2_SN2012aw/2012aw_2012-05-03_20-04-35_Ekar_BC-Ekar_None.dat::Ni_Co_decay_proxy
C2_SN2012aw_spectral_state_00347,C2_SN2012aw,C2_SN2012aw,SN2012aw,55,2012aw_2012-05-03_20-04-35_Ekar_BC-Ekar_None,2012aw_2012-05-03_20-04-35_Ekar_BC-Ekar_None.dat,2012-05-03 20:04:35.00,,late_decline_spectral_state,Si_II_6355,Si II 6355,Si,6355,139,1.531587e-14,-3.96340453957e-15,0.010805038436,316.882954622,2466.59209437,70.4459180017,0.00395098368347,-3.180684173e-17,0.00081437725103,0.644201609,-412.22323369,-1.054436896,3.267653666e-05,1,1,0.335043423569,date_ordered_line_window_proxy_change,late_decline_spectral_state,relaxation_spectral_state,yes,post-collapse spectral element-line structural state,C2_SN2012aw/2012aw_2012-05-03_20-04-35_Ekar_BC-Ekar_None.dat::Si_II_6355
C2_SN2012aw_spectral_state_00348,C2_SN2012aw,C2_SN2012aw,SN2012aw,55,2012aw_2012-05-03_20-04-35_Ekar_BC-Ekar_None,2012aw_2012-05-03_20-04-35_Ekar_BC-Ekar_None.dat,2012-05-03 20:04:35.00,,late_decline_spectral_state,H_alpha,H alpha,H,6562.8,156,1.154932e-14,4.76512946795e-15,0.00712172590853,354.920049576,-579.703264382,81.5001274196,0.0047569286129,-4.6136527727e-16,0.0006638880477,-0.275109064,-163.177639411,0.0420818451,-0.00046162706832,1,1,0.251181555238,date_ordered_line_window_proxy_change,late_decline_spectral_state,relaxation_spectral_state,yes,post-collapse spectral element-line structural state,C2_SN2012aw/2012aw_2012-05-03_20-04-35_Ekar_BC-Ekar_None.dat::H_alpha
C2_SN2012aw_spectral_state_00349,C2_SN2012aw,C2_SN2012aw,SN2012aw,55,2012aw_2012-05-03_20-04-35_Ekar_BC-Ekar_None,2012aw_2012-05-03_20-04-35_Ekar_BC-Ekar_None.dat,2012-05-03 20:04:35.00,,late_decline_spectral_state,O_I_7774,O I 7774,O,7774,61,1.0190885e-14,-3.68526376066e-15,0.0356934570836,142.887422299,-1570.95562792,48.7764137513,0.00368036701597,-1.2704842023e-16,0.0291567260027,35.49275695,4701.63490293,18.581905581,0.00012309089934,1,1,5.35580307391,date_ordered_line_window_proxy_change,late_decline_spectral_state,relaxation_spectral_state,yes,post-collapse spectral element-line structural state,C2_SN2012aw/2012aw_2012-05-03_20-04-35_Ekar_BC-Ekar_None.dat::O_I_7774
C2_SN2012aw_spectral_state_00350,C2_SN2012aw,C2_SN2012aw,SN2012aw,56,2012aw_2012-05-03_21-13-34_Ekar_BC-Ekar_None,2012aw_2012-05-03_21-13-34_Ekar_BC-Ekar_None.dat,2012-05-03 21:13:34.00,,late_decline_spectral_state,H_beta,H beta,H,4861.3,123,1.4324595e-14,-5.2173696748e-16,0.00801030068683,276.392080793,-4595.02931882,84.0885266938,0.000520201158214,6.1124260162e-17,0.0004682310769,0.067918757,-0.0953093100006,-1.545853054,-6.0944516216e-05,1,1,0.145614891501,date_ordered_line_window_proxy_change,late_decline_spectral_state,relaxation_spectral_state,yes,post-collapse spectral element-line structural state,C2_SN2012aw/2012aw_2012-05-03_21-13-34_Ekar_BC-Ekar_None.dat::H_beta
C2_SN2012aw_spectral_state_00351,C2_SN2012aw,C2_SN2012aw,SN2012aw,56,2012aw_2012-05-03_21-13-34_Ekar_BC-Ekar_None,2012aw_2012-05-03_21-13-34_Ekar_BC-Ekar_None.dat,2012-05-03 21:13:34.00,,late_decline_spectral_state,Fe_II_5169,Fe II 5169,Fe,5169,158,1.5470705e-14,-3.8308321519e-16,0.00747236425693,354.900280227,-3714.44935735,106.683064855,0.000381714702221,1.57025329114e-16,-0.00014501950923,-0.00852002800002,395.49076817,1.165977699,-0.000156606930149,1,1,0.302476499739,date_ordered_line_window_proxy_change,late_decline_spectral_state,relaxation_spectral_state,yes,post-collapse spectral element-line structural state,C2_SN2012aw/2012aw_2012-05-03_21-13-34_Ekar_BC-Ekar_None.dat::Fe_II_5169
C2_SN2012aw_spectral_state_00352,C2_SN2012aw,C2_SN2012aw,SN2012aw,56,2012aw_2012-05-03_21-13-34_Ekar_BC-Ekar_None,2012aw_2012-05-03_21-13-34_Ekar_BC-Ekar_None.dat,2012-05-03 21:13:34.00,,late_decline_spectral_state,He_I_5876,He I 5876,He,5875.6,139,1.521758e-14,-4.71115151079e-16,0.00697039741963,313.982145037,-3866.91200479,72.8333019019,0.000470367888012,-1.38185100719e-16,0.00085189326674,-0.051171402,-233.22451476,0.9473299866,0.000137989716506,1,1,0.257529625946,date_ordered_line_window_proxy_change,late_decline_spectral_state,relaxation_spectral_state,yes,post-collapse spectral element-line structural state,C2_SN2012aw/2012aw_2012-05-03_21-13-34_Ekar_BC-Ekar_None.dat::He_I_5876
C2_SN2012aw_spectral_state_00353,C2_SN2012aw,C2_SN2012aw,SN2012aw,56,2012aw_2012-05-03_21-13-34_Ekar_BC-Ekar_None,2012aw_2012-05-03_21-13-34_Ekar_BC-Ekar_None.dat,2012-05-03 21:13:34.00,,late_decline_spectral_state,Ni_Co_decay_proxy,Ni/Co decay proxy blend,NiCo,5890,227,1.574963e-14,-7.13522140969e-16,0.00749054666158,512.691343083,-4590.39721062,107.104391753,0.000709993825865,4.87655731281e-16,0.00030849096175,-0.123853906,-232.6543224,-17.317868059,-0.000485288682335,1,1,0.91478795685,date_ordered_line_window_proxy_change,late_decline_spectral_state,relaxation_spectral_state,yes,post-collapse spectral element-line structural state,C2_SN2012aw/2012aw_2012-05-03_21-13-34_Ekar_BC-Ekar_None.dat::Ni_Co_decay_proxy
C2_SN2012aw_spectral_state_00354,C2_SN2012aw,C2_SN2012aw,SN2012aw,56,2012aw_2012-05-03_21-13-34_Ekar_BC-Ekar_None,2012aw_2012-05-03_21-13-34_Ekar_BC-Ekar_None.dat,2012-05-03 21:13:34.00,,late_decline_spectral_state,Si_II_6355,Si II 6355,Si,6355,139,1.579493e-14,-4.22634758993e-15,0.0107747781336,316.81636096,3986.6673905,70.428122345,0.00421164952436,-2.6294305036e-16,-3.02603024e-05,-0.066593662,1520.07529613,-0.0177956567,0.00026066584089,1,1,0.762170313667,date_ordered_line_window_proxy_change,late_decline_spectral_state,relaxation_spectral_state,yes,post-collapse spectral element-line structural state,C2_SN2012aw/2012aw_2012-05-03_21-13-34_Ekar_BC-Ekar_None.dat::Si_II_6355
C2_SN2012aw_spectral_state_00355,C2_SN2012aw,C2_SN2012aw,SN2012aw,56,2012aw_2012-05-03_21-13-34_Ekar_BC-Ekar_None,2012aw_2012-05-03_21-13-34_Ekar_BC-Ekar_None.dat,2012-05-03 21:13:34.00,,late_decline_spectral_state,H_alpha,H alpha,H,6562.8,156,1.187946e-14,5.05697804487e-15,0.00694696876247,354.700092461,-685.13749408,80.7021756082,0.00504765199148,2.9184857692e-16,-0.00017475714606,-0.219957115,-105.434229698,-0.7979518114,0.00029072337858,1,1,0.196159451877,date_ordered_line_window_proxy_change,late_decline_spectral_state,relaxation_spectral_state,yes,post-collapse spectral element-line structural state,C2_SN2012aw/2012aw_2012-05-03_21-13-34_Ekar_BC-Ekar_None.dat::H_alpha
C2_SN2012aw_spectral_state_00356,C2_SN2012aw,C2_SN2012aw,SN2012aw,56,2012aw_2012-05-03_21-13-34_Ekar_BC-Ekar_None,2012aw_2012-05-03_21-13-34_Ekar_BC-Ekar_None.dat,2012-05-03 21:13:34.00,,late_decline_spectral_state,O_I_7774,O I 7774,O,7774,61,1.052228e-14,-3.07992024262e-15,0.00946503010305,142.754366973,-1480.24598555,46.5926525874,0.00307286260137,6.0534351804e-16,-0.0262284269806,-0.133055326,90.70964237,-2.1837611639,-0.0006075044146,1,1,1.62011486488,date_ordered_line_window_proxy_change,late_decline_spectral_state,relaxation_spectral_state,yes,post-collapse spectral element-line structural state,C2_SN2012aw/2012aw_2012-05-03_21-13-34_Ekar_BC-Ekar_None.dat::O_I_7774
C2_SN2012aw_spectral_state_00357,C2_SN2012aw,C2_SN2012aw,SN2012aw,57,2012aw_2012-05-06_23-04-03_Magellan-Baade_FIRE_None,2012aw_2012-05-06_23-04-03_Magellan-Baade_FIRE_None.txt,2012-05-06 23:04:03.00,,late_decline_spectral_state,Ca_II_NIR,Ca II near-infrared triplet,Ca,8579,304,3.460105e-14,4.74888391447e-15,0.0248141542095,696.001697959,2140.67432305,175.514712585,0.00471163810355,5.0931269837e-15,0.0182540003419,-15.428070168,10474.1730079,9.952682656,0.00436786891441,1,1,7.26524291789,date_ordered_line_window_proxy_change,late_decline_spectral_state,relaxation_spectral_state,yes,post-collapse spectral element-line structural state,C2_SN2012aw/2012aw_2012-05-06_23-04-03_Magellan-Baade_FIRE_None.txt::Ca_II_NIR
C2_SN2012aw_spectral_state_00358,C2_SN2012aw,C2_SN2012aw,SN2012aw,58,2012aw_2012-05-09_17-29-45_HCT-2m_HFOSC_None,2012aw_2012-05-09_17-29-45_HCT-2m_HFOSC_None.txt,2012-05-09 17:29:45.00,,late_decline_spectral_state,H_beta,H beta,H,4861.3,187,1.91336210137e-14,-1.44074172964e-15,0.00947930207258,274.711554196,-4484.97069164,83.1337164859,0.00143472726716,-9.1900476216e-16,0.00146900138575,-1.680526597,110.05862718,-0.9548102079,0.000914526108946,1,1,0.431559301374,date_ordered_line_window_proxy_change,late_decline_spectral_state,relaxation_spectral_state,yes,post-collapse spectral element-line structural state,C2_SN2012aw/2012aw_2012-05-09_17-29-45_HCT-2m_HFOSC_None.txt::H_beta
C2_SN2012aw_spectral_state_00359,C2_SN2012aw,C2_SN2012aw,SN2012aw,58,2012aw_2012-05-09_17-29-45_HCT-2m_HFOSC_None,2012aw_2012-05-09_17-29-45_HCT-2m_HFOSC_None.txt,2012-05-09 17:29:45.00,,late_decline_spectral_state,Fe_II_5169,Fe II 5169,Fe,5169,241,2.07619026574e-14,-3.06450396495e-16,0.0098635401698,353.074905722,-3989.11272374,109.541975123,0.000304902436104,7.6632818695e-17,0.00239117591287,-1.825374505,-274.66336639,2.858910268,-7.6812266117e-05,1,1,0.467322456898,date_ordered_line_window_proxy_change,late_decline_spectral_state,relaxation_spectral_state,yes,post-collapse spectral element-line structural state,C2_SN2012aw/2012aw_2012-05-09_17-29-45_HCT-2m_HFOSC_None.txt::Fe_II_5169
C2_SN2012aw_spectral_state_00360,C2_SN2012aw,C2_SN2012aw,SN2012aw,58,2012aw_2012-05-09_17-29-45_HCT-2m_HFOSC_None,2012aw_2012-05-09_17-29-45_HCT-2m_HFOSC_None.txt,2012-05-09 17:29:45.00,,late_decline_spectral_state,He_I_5876,He I 5876,He,5875.6,215,1.71947491979e-14,1.27256345001e-16,0.00718869201065,315.95139169,-3271.14096464,67.8242431686,0.000126794907228,5.9837149608e-16,0.00021829459102,1.969246653,595.77104015,-5.0090587333,-0.000343572980784,1,1,0.663492713472,date_ordered_line_window_proxy_change,late_decline_spectral_state,relaxation_spectral_state,yes,post-collapse spectral element-line structural state,C2_SN2012aw/2012aw_2012-05-09_17-29-45_HCT-2m_HFOSC_None.txt::He_I_5876
C2_SN2012aw_spectral_state_00361,C2_SN2012aw,C2_SN2012aw,SN2012aw,58,2012aw_2012-05-09_17-29-45_HCT-2m_HFOSC_None,2012aw_2012-05-09_17-29-45_HCT-2m_HFOSC_None.txt,2012-05-09 17:29:45.00,,late_decline_spectral_state,Ni_Co_decay_proxy,Ni/Co decay proxy blend,NiCo,5890,348,2.08533818948e-14,-3.13916301215e-15,0.0107468248216,511.232259406,-3996.08272445,142.78678146,0.0031167660186,-2.42564087118e-15,0.00325627816002,-1.459083677,594.31448617,35.682389707,0.00240677219273,1,1,2.31758514605,date_ordered_line_window_proxy_change,late_decline_spectral_state,relaxation_spectral_state,yes,post-collapse spectral element-line structural state,C2_SN2012aw/2012aw_2012-05-09_17-29-45_HCT-2m_HFOSC_None.txt::Ni_Co_decay_proxy
C2_SN2012aw_spectral_state_00362,C2_SN2012aw,C2_SN2012aw,SN2012aw,58,2012aw_2012-05-09_17-29-45_HCT-2m_HFOSC_None,2012aw_2012-05-09_17-29-45_HCT-2m_HFOSC_None.txt,2012-05-09 17:29:45.00,,late_decline_spectral_state,Si_II_6355,Si II 6355,Si,6355,214,1.77620130428e-14,-4.68232495427e-15,0.0116444169361,315.818444885,7491.82695938,75.0512329293,0.00466009587557,-4.5597736434e-16,0.0008696388025,-0.997916075,3505.15956888,4.6231105843,0.00044844635121,1,1,1.9023864886,date_ordered_line_window_proxy_change,late_decline_spectral_state,relaxation_spectral_state,yes,post-collapse spectral element-line structural state,C2_SN2012aw/2012aw_2012-05-09_17-29-45_HCT-2m_HFOSC_None.txt::Si_II_6355
C2_SN2012aw_spectral_state_00363,C2_SN2012aw,C2_SN2012aw,SN2012aw,58,2012aw_2012-05-09_17-29-45_HCT-2m_HFOSC_None,2012aw_2012-05-09_17-29-45_HCT-2m_HFOSC_None.txt,2012-05-09 17:29:45.00,,late_decline_spectral_state,H_alpha,H alpha,H,6562.8,241,1.36645649927e-14,6.72259709979e-15,0.00764927318098,353.048625983,-739.26668899,81.1058943059,0.00671332044912,1.66561905492e-15,0.00070230441851,-1.651466478,-54.12919491,0.4037186977,0.00166566845764,1,1,0.487795002174,date_ordered_line_window_proxy_change,late_decline_spectral_state,relaxation_spectral_state,yes,post-collapse spectral element-line structural state,C2_SN2012aw/2012aw_2012-05-09_17-29-45_HCT-2m_HFOSC_None.txt::H_alpha
C2_SN2012aw_spectral_state_00364,C2_SN2012aw,C2_SN2012aw,SN2012aw,58,2012aw_2012-05-09_17-29-45_HCT-2m_HFOSC_None,2012aw_2012-05-09_17-29-45_HCT-2m_HFOSC_None.txt,2012-05-09 17:29:45.00,,late_decline_spectral_state,O_I_7774,O I 7774,O,7774,241,1.12057670649e-14,-1.82244804408e-16,0.00496636553078,356.367293017,-6389.90873238,93.5875272819,0.000181978537338,2.89767543821e-15,-0.00449866457227,213.612926044,-4909.66274683,46.9948746945,-0.00289088406403,1,1,11.1374622628,date_ordered_line_window_proxy_change,late_decline_spectral_state,relaxation_spectral_state,yes,post-collapse spectral element-line structural state,C2_SN2012aw/2012aw_2012-05-09_17-29-45_HCT-2m_HFOSC_None.txt::O_I_7774
C2_SN2012aw_spectral_state_00365,C2_SN2012aw,C2_SN2012aw,SN2012aw,58,2012aw_2012-05-09_17-29-45_HCT-2m_HFOSC_None,2012aw_2012-05-09_17-29-45_HCT-2m_HFOSC_None.txt,2012-05-09 17:29:45.00,,late_decline_spectral_state,Ca_II_NIR,Ca II near-infrared triplet,Ca,8579,481,8.76094451941e-15,-7.12339344995e-17,0.00734982935639,712.900541871,-7241.97244919,164.34177634,7.10011594078e-05,-4.82011784897e-15,-0.0174643248531,16.898843912,-9382.64677224,-11.172936245,-0.00464063694414,1,1,6.82622719181,date_ordered_line_window_proxy_change,late_decline_spectral_state,relaxation_spectral_state,yes,post-collapse spectral element-line structural state,C2_SN2012aw/2012aw_2012-05-09_17-29-45_HCT-2m_HFOSC_None.txt::Ca_II_NIR
C2_SN2012aw_spectral_state_00366,C2_SN2012aw,C2_SN2012aw,SN2012aw,59,2012aw_2012-05-11_22-06-56_NOT_ALFOSC_None,2012aw_2012-05-11_22-06-56_NOT_ALFOSC_None.dat,2012-05-11 22:06:56.00,,late_decline_spectral_state,H_beta,H beta,H,4861.3,90,1.324778e-14,1.84538266667e-16,0.00535127942743,276.700508567,2611.70201553,80.6710078886,0.000183911849041,1.62527999631e-15,-0.00412802264515,1.988954371,7096.67270717,-2.4627085973,-0.00125081541812,1,1,3.76864638026,date_ordered_line_window_proxy_change,late_decline_spectral_state,relaxation_spectral_state,yes,post-collapse spectral element-line structural state,C2_SN2012aw/2012aw_2012-05-11_22-06-56_NOT_ALFOSC_None.dat::H_beta
C2_SN2012aw_spectral_state_00367,C2_SN2012aw,C2_SN2012aw,SN2012aw,59,2012aw_2012-05-11_22-06-56_NOT_ALFOSC_None,2012aw_2012-05-11_22-06-56_NOT_ALFOSC_None.dat,2012-05-11 22:06:56.00,,late_decline_spectral_state,Fe_II_5169,Fe II 5169,Fe,5169,116,1.458901e-14,-6.18237172414e-16,0.00720472322088,356.450730985,-3854.42018426,100.038356457,0.000616186379374,-3.11786775919e-16,-0.00265881694892,3.375825263,134.69253948,-9.503618666,0.00031128394327,1,1,0.761592572957,date_ordered_line_window_proxy_change,late_decline_spectral_state,relaxation_spectral_state,yes,post-collapse spectral element-line structural state,C2_SN2012aw/2012aw_2012-05-11_22-06-56_NOT_ALFOSC_None.dat::Fe_II_5169
C2_SN2012aw_spectral_state_00368,C2_SN2012aw,C2_SN2012aw,SN2012aw,59,2012aw_2012-05-11_22-06-56_NOT_ALFOSC_None,2012aw_2012-05-11_22-06-56_NOT_ALFOSC_None.dat,2012-05-11 22:06:56.00,,late_decline_spectral_state,He_I_5876,He I 5876,He,5875.6,103,1.383456e-14,4.20002524272e-17,0.00622242942675,316.530200211,-3291.21962094,71.5949576486,4.19215244043e-05,-8.52560925738e-17,-0.0009662625839,0.578808521,-20.0786563,3.77071448,-8.48733828237e-05,1,1,0.283285211898,date_ordered_line_window_proxy_change,late_decline_spectral_state,relaxation_spectral_state,yes,post-collapse spectral element-line structural state,C2_SN2012aw/2012aw_2012-05-11_22-06-56_NOT_ALFOSC_None.dat::He_I_5876
C2_SN2012aw_spectral_state_00369,C2_SN2012aw,C2_SN2012aw,SN2012aw,59,2012aw_2012-05-11_22-06-56_NOT_ALFOSC_None,2012aw_2012-05-11_22-06-56_NOT_ALFOSC_None.dat,2012-05-11 22:06:56.00,,late_decline_spectral_state,Ni_Co_decay_proxy,Ni/Co decay proxy blend,NiCo,5890,167,1.426811e-14,-1.85027988024e-16,0.00664722072352,513.106255817,-4016.11229202,102.56628448,0.000184168330138,2.95413502413e-15,-0.00409960409808,1.873996411,-20.02956757,-40.22049698,-0.00293259768846,1,1,2.3945281015,date_ordered_line_window_proxy_change,late_decline_spectral_state,relaxation_spectral_state,yes,post-collapse spectral element-line structural state,C2_SN2012aw/2012aw_2012-05-11_22-06-56_NOT_ALFOSC_None.dat::Ni_Co_decay_proxy
C2_SN2012aw_spectral_state_00370,C2_SN2012aw,C2_SN2012aw,SN2012aw,59,2012aw_2012-05-11_22-06-56_NOT_ALFOSC_None,2012aw_2012-05-11_22-06-56_NOT_ALFOSC_None.dat,2012-05-11 22:06:56.00,,late_decline_spectral_state,Si_II_6355,Si II 6355,Si,6355,103,1.4244505e-14,-3.99254817476e-15,0.00969852826563,317.678856514,3222.50814904,69.5604338693,0.0039801511146,6.8977677951e-16,-0.00194588867047,1.860411629,-4269.31881034,-5.49079906,-0.00067994476097,1,1,2.39056296437,date_ordered_line_window_proxy_change,late_decline_spectral_state,relaxation_spectral_state,yes,post-collapse spectral element-line structural state,C2_SN2012aw/2012aw_2012-05-11_22-06-56_NOT_ALFOSC_None.dat::Si_II_6355
C2_SN2012aw_spectral_state_00371,C2_SN2012aw,C2_SN2012aw,SN2012aw,59,2012aw_2012-05-11_22-06-56_NOT_ALFOSC_None,2012aw_2012-05-11_22-06-56_NOT_ALFOSC_None.dat,2012-05-11 22:06:56.00,,late_decline_spectral_state,H_alpha,H alpha,H,6562.8,115,1.0360965e-14,3.82909132174e-15,0.00589209124879,353.279466847,-977.429404142,76.2631626236,0.00382230813782,-2.89350577805e-15,-0.00175718193219,0.230840864,-238.162715152,-4.8427316823,-0.0028910123113,1,1,0.976960739788,date_ordered_line_window_proxy_change,late_decline_spectral_state,relaxation_spectral_state,yes,post-collapse spectral element-line structural state,C2_SN2012aw/2012aw_2012-05-11_22-06-56_NOT_ALFOSC_None.dat::H_alpha
C2_SN2012aw_spectral_state_00372,C2_SN2012aw,C2_SN2012aw,SN2012aw,59,2012aw_2012-05-11_22-06-56_NOT_ALFOSC_None,2012aw_2012-05-11_22-06-56_NOT_ALFOSC_None.dat,2012-05-11 22:06:56.00,,late_decline_spectral_state,O_I_7774,O I 7774,O,7774,116,6.737083e-15,-3.77274068966e-16,0.00308041399524,359.144318478,-6187.27481324,109.491589425,0.000376741495316,-1.95029264558e-16,-0.00188595153554,2.777025461,202.63391914,15.9040621431,0.000194762957978,1,1,0.953151023782,date_ordered_line_window_proxy_change,late_decline_spectral_state,relaxation_spectral_state,yes,post-collapse spectral element-line structural state,C2_SN2012aw/2012aw_2012-05-11_22-06-56_NOT_ALFOSC_None.dat::O_I_7774
C2_SN2012aw_spectral_state_00373,C2_SN2012aw,C2_SN2012aw,SN2012aw,59,2012aw_2012-05-11_22-06-56_NOT_ALFOSC_None,2012aw_2012-05-11_22-06-56_NOT_ALFOSC_None.dat,2012-05-11 22:06:56.00,,late_decline_spectral_state,Ca_II_NIR,Ca II near-infrared triplet,Ca,8579,231,5.7961315e-15,-8.66788539827e-16,0.00496792743928,716.211941146,-7565.24502162,174.276780205,0.000866035610152,-7.95554605328e-16,-0.00238190191711,3.311399275,-323.27257243,9.935003865,0.000795034450744,1,1,0.934747422462,date_ordered_line_window_proxy_change,late_decline_spectral_state,relaxation_spectral_state,yes,post-collapse spectral element-line structural state,C2_SN2012aw/2012aw_2012-05-11_22-06-56_NOT_ALFOSC_None.dat::Ca_II_NIR
C2_SN2012aw_spectral_state_00374,C2_SN2012aw,C2_SN2012aw,SN2012aw,60,2012aw_2012-05-15_16-53-19_IGO_IFOSC_None,2012aw_2012-05-15_16-53-19_IGO_IFOSC_None.txt,2012-05-15 16:53:19.00,,late_decline_spectral_state,H_beta,H beta,H,4861.3,202,2.37284165712e-14,1.13340435505e-16,0.00975141608566,274.24087456,2790.01323281,79.3615907814,0.000112620633525,-7.1197831162e-17,0.00440013665823,-2.459634007,178.31121728,-1.3094171072,-7.1291215516e-05,1,1,0.487072699034,date_ordered_line_window_proxy_change,late_decline_spectral_state,relaxation_spectral_state,yes,post-collapse spectral element-line structural state,C2_SN2012aw/2012aw_2012-05-15_16-53-19_IGO_IFOSC_None.txt::H_beta
C2_SN2012aw_spectral_state_00375,C2_SN2012aw,C2_SN2012aw,SN2012aw,60,2012aw_2012-05-15_16-53-19_IGO_IFOSC_None,2012aw_2012-05-15_16-53-19_IGO_IFOSC_None.txt,2012-05-15 16:53:19.00,,late_decline_spectral_state,Fe_II_5169,Fe II 5169,Fe,5169,259,2.7400749414e-14,-2.32742777102e-15,0.0148092844779,351.224093887,-3723.647954,94.5446738148,0.00231139519246,-1.70919059861e-15,0.00760456125702,-5.226637098,130.77223026,-5.4936826422,0.00169520881309,1,1,1.17763216877,date_ordered_line_window_proxy_change,late_decline_spectral_state,relaxation_spectral_state,yes,post-collapse spectral element-line structural state,C2_SN2012aw/2012aw_2012-05-15_16-53-19_IGO_IFOSC_None.txt::Fe_II_5169
C2_SN2012aw_spectral_state_00376,C2_SN2012aw,C2_SN2012aw,SN2012aw,60,2012aw_2012-05-15_16-53-19_IGO_IFOSC_None,2012aw_2012-05-15_16-53-19_IGO_IFOSC_None.txt,2012-05-15 16:53:19.00,,late_decline_spectral_state,He_I_5876,He I 5876,He,5875.6,231,2.81007227046e-14,-1.6128438557e-15,0.0142778451877,312.817471023,-3039.89110899,70.9288949667,0.00160720441955,-1.65484410813e-15,0.00805541576095,-3.712729188,251.32851195,-0.6660626819,0.00156528289515,1,1,1.01014840381,date_ordered_line_window_proxy_change,late_decline_spectral_state,relaxation_spectral_state,yes,post-collapse spectral element-line structural state,C2_SN2012aw/2012aw_2012-05-15_16-53-19_IGO_IFOSC_None.txt::He_I_5876
C2_SN2012aw_spectral_state_00377,C2_SN2012aw,C2_SN2012aw,SN2012aw,60,2012aw_2012-05-15_16-53-19_IGO_IFOSC_None,2012aw_2012-05-15_16-53-19_IGO_IFOSC_None.txt,2012-05-15 16:53:19.00,,late_decline_spectral_state,Ni_Co_decay_proxy,Ni/Co decay proxy blend,NiCo,5890,374,2.77043202225e-14,-4.47898611802e-16,0.0138976359183,506.072451325,-3765.39823347,106.869843194,0.000443996904178,-2.62870623778e-16,0.00725041519478,-7.033804492,250.71405855,4.303558714,0.00025982857404,1,1,0.949165475842,date_ordered_line_window_proxy_change,late_decline_spectral_state,relaxation_spectral_state,yes,post-collapse spectral element-line structural state,C2_SN2012aw/2012aw_2012-05-15_16-53-19_IGO_IFOSC_None.txt::Ni_Co_decay_proxy
C2_SN2012aw_spectral_state_00378,C2_SN2012aw,C2_SN2012aw,SN2012aw,60,2012aw_2012-05-15_16-53-19_IGO_IFOSC_None,2012aw_2012-05-15_16-53-19_IGO_IFOSC_None.txt,2012-05-15 16:53:19.00,,late_decline_spectral_state,Si_II_6355,Si II 6355,Si,6355,230,2.88269886698e-14,-8.0812768815e-15,0.0192326263436,313.25343111,3547.3969935,67.2101628938,0.00802857638968,-4.08872870674e-15,0.00953409807797,-4.425425404,324.88884446,-2.3502709755,0.00404842527508,1,1,1.66378448736,date_ordered_line_window_proxy_change,late_decline_spectral_state,relaxation_spectral_state,yes,post-collapse spectral element-line structural state,C2_SN2012aw/2012aw_2012-05-15_16-53-19_IGO_IFOSC_None.txt::Si_II_6355
C2_SN2012aw_spectral_state_00379,C2_SN2012aw,C2_SN2012aw,SN2012aw,60,2012aw_2012-05-15_16-53-19_IGO_IFOSC_None,2012aw_2012-05-15_16-53-19_IGO_IFOSC_None.txt,2012-05-15 16:53:19.00,,late_decline_spectral_state,H_alpha,H alpha,H,6562.8,259,2.24865665181e-14,6.8410542306e-15,0.0131509042113,349.68396043,-484.163063999,78.97184392,0.00681878277623,3.01196290886e-15,0.00725881296251,-3.595506417,493.266340143,2.7086812964,0.00299647463841,1,1,1.40859292894,date_ordered_line_window_proxy_change,late_decline_spectral_state,relaxation_spectral_state,yes,post-collapse spectral element-line structural state,C2_SN2012aw/2012aw_2012-05-15_16-53-19_IGO_IFOSC_None.txt::H_alpha
C2_SN2012aw_spectral_state_00380,C2_SN2012aw,C2_SN2012aw,SN2012aw,60,2012aw_2012-05-15_16-53-19_IGO_IFOSC_None,2012aw_2012-05-15_16-53-19_IGO_IFOSC_None.txt,2012-05-15 16:53:19.00,,late_decline_spectral_state,O_I_7774,O I 7774,O,7774,259,1.94114285413e-14,-2.49992988498e-15,0.0107072881081,354.037623724,-6216.47599839,121.450501895,0.00249039350444,-2.12265581601e-15,0.00762687411286,-5.106694754,-29.20118515,11.95891247,0.00211365200912,1,1,1.45313715816,date_ordered_line_window_proxy_change,late_decline_spectral_state,relaxation_spectral_state,yes,post-collapse spectral element-line structural state,C2_SN2012aw/2012aw_2012-05-15_16-53-19_IGO_IFOSC_None.txt::O_I_7774
C2_SN2012aw_spectral_state_00381,C2_SN2012aw,C2_SN2012aw,SN2012aw,60,2012aw_2012-05-15_16-53-19_IGO_IFOSC_None,2012aw_2012-05-15_16-53-19_IGO_IFOSC_None.txt,2012-05-15 16:53:19.00,,late_decline_spectral_state,Ca_II_NIR,Ca II near-infrared triplet,Ca,8579,27,1.63862806719e-14,-7.08069399961e-16,0.00888066443721,36.951083027,-11284.0802787,12.0372363736,0.000706805245925,1.58719139866e-16,0.00391273699793,-679.260858119,-3718.83525708,-162.239543831,-0.000159230364227,1,1,28.4043847254,date_ordered_line_window_proxy_change,late_decline_spectral_state,relaxation_spectral_state,yes,post-collapse spectral element-line structural state,C2_SN2012aw/2012aw_2012-05-15_16-53-19_IGO_IFOSC_None.txt::Ca_II_NIR
C2_SN2012aw_spectral_state_00382,C2_SN2012aw,C2_SN2012aw,SN2012aw,61,2012aw_2012-05-17_20-33-02_Ekar_BC-Ekar_None,2012aw_2012-05-17_20-33-02_Ekar_BC-Ekar_None.dat,2012-05-17 20:33:02.00,,late_decline_spectral_state,H_beta,H beta,H,4861.3,122,1.1918225e-14,3.01448008197e-16,0.0047345891018,274.68172002,3146.25553533,78.4893227619,0.000300488262659,1.88107572692e-16,-0.00501682698386,0.44084546,356.24230252,-0.8722680195,0.000187867629134,1,1,0.540343386639,date_ordered_line_window_proxy_change,late_decline_spectral_state,relaxation_spectral_state,yes,post-collapse spectral element-line structural state,C2_SN2012aw/2012aw_2012-05-17_20-33-02_Ekar_BC-Ekar_None.dat::H_beta
C2_SN2012aw_spectral_state_00383,C2_SN2012aw,C2_SN2012aw,SN2012aw,61,2012aw_2012-05-17_20-33-02_Ekar_BC-Ekar_None,2012aw_2012-05-17_20-33-02_Ekar_BC-Ekar_None.dat,2012-05-17 20:33:02.00,,late_decline_spectral_state,Fe_II_5169,Fe II 5169,Fe,5169,158,1.404879e-14,-1.00823010127e-15,0.00779709623242,355.548318065,-3548.88878163,95.0916114147,0.00100456598662,1.31919766975e-15,-0.00701218824548,4.324224178,174.75917237,0.5469375999,-0.00130682920584,1,1,0.879660035997,date_ordered_line_window_proxy_change,late_decline_spectral_state,relaxation_spectral_state,yes,post-collapse spectral element-line structural state,C2_SN2012aw/2012aw_2012-05-17_20-33-02_Ekar_BC-Ekar_None.dat::Fe_II_5169
C2_SN2012aw_spectral_state_00384,C2_SN2012aw,C2_SN2012aw,SN2012aw,61,2012aw_2012-05-17_20-33-02_Ekar_BC-Ekar_None,2012aw_2012-05-17_20-33-02_Ekar_BC-Ekar_None.dat,2012-05-17 20:33:02.00,,late_decline_spectral_state,He_I_5876,He I 5876,He,5875.6,140,1.449961e-14,-2.71977114286e-16,0.00781686944167,315.96109766,-3396.15950985,74.6133773125,0.000271472657174,1.34086674141e-15,-0.00646097574603,3.143626637,-356.26840086,3.6844823458,-0.00133573176238,1,1,1.01772079546,date_ordered_line_window_proxy_change,late_decline_spectral_state,relaxation_spectral_state,yes,post-collapse spectral element-line structural state,C2_SN2012aw/2012aw_2012-05-17_20-33-02_Ekar_BC-Ekar_None.dat::He_I_5876
C2_SN2012aw_spectral_state_00385,C2_SN2012aw,C2_SN2012aw,SN2012aw,61,2012aw_2012-05-17_20-33-02_Ekar_BC-Ekar_None,2012aw_2012-05-17_20-33-02_Ekar_BC-Ekar_None.dat,2012-05-17 20:33:02.00,,late_decline_spectral_state,Ni_Co_decay_proxy,Ni/Co decay proxy blend,NiCo,5890,227,1.4396165e-14,8.76728590308e-17,0.00771568965859,512.233356917,-4120.79562161,107.182272331,8.72607006692e-05,5.35571470833e-16,-0.00618194625971,6.160905592,-355.39738814,0.312429137,-0.000356736203509,1,1,0.803703199506,date_ordered_line_window_proxy_change,late_decline_spectral_state,relaxation_spectral_state,yes,post-collapse spectral element-line structural state,C2_SN2012aw/2012aw_2012-05-17_20-33-02_Ekar_BC-Ekar_None.dat::Ni_Co_decay_proxy
C2_SN2012aw_spectral_state_00386,C2_SN2012aw,C2_SN2012aw,SN2012aw,61,2012aw_2012-05-17_20-33-02_Ekar_BC-Ekar_None,2012aw_2012-05-17_20-33-02_Ekar_BC-Ekar_None.dat,2012-05-17 20:33:02.00,,late_decline_spectral_state,Si_II_6355,Si II 6355,Si,6355,139,1.548277e-14,-4.48759531655e-15,0.0105989193692,316.317017207,3287.12201247,70.6254900924,0.00447029141312,3.59368156495e-15,-0.0086337069744,3.063586097,-260.27498103,3.4153271986,-0.00355828497656,1,1,1.49639881657,date_ordered_line_window_proxy_change,late_decline_spectral_state,relaxation_spectral_state,yes,post-collapse spectral element-line structural state,C2_SN2012aw/2012aw_2012-05-17_20-33-02_Ekar_BC-Ekar_None.dat::Si_II_6355
C2_SN2012aw_spectral_state_00387,C2_SN2012aw,C2_SN2012aw,SN2012aw,61,2012aw_2012-05-17_20-33-02_Ekar_BC-Ekar_None,2012aw_2012-05-17_20-33-02_Ekar_BC-Ekar_None.dat,2012-05-17 20:33:02.00,,late_decline_spectral_state,H_alpha,H alpha,H,6562.8,157,1.212725e-14,4.19364129299e-15,0.00731874376468,356.305287562,-849.951220921,80.7715731088,0.0041874547837,-2.64741293761e-15,-0.00583216044662,6.621327132,-365.788156922,1.7997291888,-0.00263132799253,1,1,1.26886362887,date_ordered_line_window_proxy_change,late_decline_spectral_state,relaxation_spectral_state,yes,post-collapse spectral element-line structural state,C2_SN2012aw/2012aw_2012-05-17_20-33-02_Ekar_BC-Ekar_None.dat::H_alpha
C2_SN2012aw_spectral_state_00388,C2_SN2012aw,C2_SN2012aw,SN2012aw,61,2012aw_2012-05-17_20-33-02_Ekar_BC-Ekar_None,2012aw_2012-05-17_20-33-02_Ekar_BC-Ekar_None.dat,2012-05-17 20:33:02.00,,late_decline_spectral_state,O_I_7774,O I 7774,O,7774,58,1.107721e-14,-4.46155072414e-15,0.00771726127622,135.233062321,-6297.64022354,38.5981984902,0.00445857462406,-1.96162083916e-15,-0.00299002683188,-218.804561403,-81.16422515,-82.8523034048,0.00196818111962,1,1,10.3012140891,date_ordered_line_window_proxy_change,late_decline_spectral_state,relaxation_spectral_state,yes,post-collapse spectral element-line structural state,C2_SN2012aw/2012aw_2012-05-17_20-33-02_Ekar_BC-Ekar_None.dat::O_I_7774
C2_SN2012aw_spectral_state_00389,C2_SN2012aw,C2_SN2012aw,SN2012aw,62,2012aw_2012-05-18_02-10-31.285_VLT-UT1_FORS2_None,2012aw_2012-05-18_02-10-31.285_VLT-UT1_FORS2_None.ascii,2012-05-18 02:10:31.00,,late_decline_spectral_state,H_beta,H beta,H,4861.3,84,5.54823035e-13,-2.15609880952e-15,0.146649573532,181.012006759,3170.62489426,80.1630430615,0.00187814625397,-2.45754681772e-15,0.14191498443,-93.669713261,24.36935893,1.6737202996,0.00157765799131,1,1,10.540721178,date_ordered_line_window_proxy_change,late_decline_spectral_state,relaxation_spectral_state,yes,post-collapse spectral element-line structural state,C2_SN2012aw/2012aw_2012-05-18_02-10-31.285_VLT-UT1_FORS2_None.ascii::H_beta
C2_SN2012aw_spectral_state_00390,C2_SN2012aw,C2_SN2012aw,SN2012aw,62,2012aw_2012-05-18_02-10-31.285_VLT-UT1_FORS2_None,2012aw_2012-05-18_02-10-31.285_VLT-UT1_FORS2_None.ascii,2012-05-18 02:10:31.00,,late_decline_spectral_state,Fe_II_5169,Fe II 5169,Fe,5169,107,6.6231945e-13,-5.32379880374e-14,0.217417163711,226.657187529,-3840.1992606,93.7105973265,0.0453019783723,-5.22297579361e-14,0.209620067479,-128.891130536,-291.31047897,-1.3810140882,0.0442974123857,1,1,24.0621884311,date_ordered_line_window_proxy_change,late_decline_spectral_state,relaxation_spectral_state,yes,post-collapse spectral element-line structural state,C2_SN2012aw/2012aw_2012-05-18_02-10-31.285_VLT-UT1_FORS2_None.ascii::Fe_II_5169
C2_SN2012aw_spectral_state_00391,C2_SN2012aw,C2_SN2012aw,SN2012aw,62,2012aw_2012-05-18_02-10-31.285_VLT-UT1_FORS2_None,2012aw_2012-05-18_02-10-31.285_VLT-UT1_FORS2_None.ascii,2012-05-18 02:10:31.00,,late_decline_spectral_state,He_I_5876,He I 5876,He,5875.6,96,7.019743e-13,-3.18925144792e-14,0.218444608711,194.59262947,-3020.61946322,69.4680712741,0.0293386883193,-3.16205373649e-14,0.210627739269,-121.36846819,375.54004663,-5.1453060384,0.0290672156621,1,1,20.5287350569,date_ordered_line_window_proxy_change,late_decline_spectral_state,relaxation_spectral_state,yes,post-collapse spectral element-line structural state,C2_SN2012aw/2012aw_2012-05-18_02-10-31.285_VLT-UT1_FORS2_None.ascii::He_I_5876
C2_SN2012aw_spectral_state_00392,C2_SN2012aw,C2_SN2012aw,SN2012aw,62,2012aw_2012-05-18_02-10-31.285_VLT-UT1_FORS2_None,2012aw_2012-05-18_02-10-31.285_VLT-UT1_FORS2_None.ascii,2012-05-18 02:10:31.00,,late_decline_spectral_state,Ni_Co_decay_proxy,Ni/Co decay proxy blend,NiCo,5890,155,6.9232304e-13,-8.41870935484e-15,0.213987425238,308.789848962,-3746.17370344,104.548433713,0.00685974860592,-8.50638221387e-15,0.206271735579,-203.443507955,374.62191817,-2.633838618,0.00677248790525,1,1,18.3741848297,date_ordered_line_window_proxy_change,late_decline_spectral_state,relaxation_spectral_state,yes,post-collapse spectral element-line structural state,C2_SN2012aw/2012aw_2012-05-18_02-10-31.285_VLT-UT1_FORS2_None.ascii::Ni_Co_decay_proxy
C2_SN2012aw_spectral_state_00393,C2_SN2012aw,C2_SN2012aw,SN2012aw,62,2012aw_2012-05-18_02-10-31.285_VLT-UT1_FORS2_None,2012aw_2012-05-18_02-10-31.285_VLT-UT1_FORS2_None.ascii,2012-05-18 02:10:31.00,,late_decline_spectral_state,Si_II_6355,Si II 6355,Si,6355,96,7.30886e-13,-1.92129675417e-13,0.28545276812,221.054803319,3379.43234066,68.6051996903,0.160565966929,-1.876420801e-13,0.274853848751,-95.262213888,92.31032819,-2.0202904021,0.156095675516,1,1,50.2955155719,date_ordered_line_window_proxy_change,late_decline_spectral_state,relaxation_spectral_state,yes,post-collapse spectral element-line structural state,C2_SN2012aw/2012aw_2012-05-18_02-10-31.285_VLT-UT1_FORS2_None.ascii::Si_II_6355
C2_SN2012aw_spectral_state_00394,C2_SN2012aw,C2_SN2012aw,SN2012aw,62,2012aw_2012-05-18_02-10-31.285_VLT-UT1_FORS2_None,2012aw_2012-05-18_02-10-31.285_VLT-UT1_FORS2_None.ascii,2012-05-18 02:10:31.00,,late_decline_spectral_state,H_alpha,H alpha,H,6562.8,108,5.939763e-13,2.07816641759e-13,0.224078927648,179.44910633,-583.85922075,80.4135957721,0.196135532273,2.03623000466e-13,0.216760183883,-176.856181232,266.092000171,-0.3579773367,0.191948077489,1,1,54.1057541924,date_ordered_line_window_proxy_change,late_decline_spectral_state,relaxation_spectral_state,yes,post-collapse spectral element-line structural state,C2_SN2012aw/2012aw_2012-05-18_02-10-31.285_VLT-UT1_FORS2_None.ascii::H_alpha
C2_SN2012aw_spectral_state_00395,C2_SN2012aw,C2_SN2012aw,SN2012aw,62,2012aw_2012-05-18_02-10-31.285_VLT-UT1_FORS2_None,2012aw_2012-05-18_02-10-31.285_VLT-UT1_FORS2_None.ascii,2012-05-18 02:10:31.00,,late_decline_spectral_state,O_I_7774,O I 7774,O,7774,107,4.97492625e-13,-2.49875498598e-14,0.172664199264,244.856346514,-6307.74209401,87.6759384324,0.0233234597919,-2.05259991357e-14,0.164946937988,109.623284193,-10.10187047,49.0777399422,0.0188648851678,1,1,17.3237174195,date_ordered_line_window_proxy_change,late_decline_spectral_state,relaxation_spectral_state,yes,post-collapse spectral element-line structural state,C2_SN2012aw/2012aw_2012-05-18_02-10-31.285_VLT-UT1_FORS2_None.ascii::O_I_7774
C2_SN2012aw_spectral_state_00396,C2_SN2012aw,C2_SN2012aw,SN2012aw,62,2012aw_2012-05-18_02-10-31.285_VLT-UT1_FORS2_None,2012aw_2012-05-18_02-10-31.285_VLT-UT1_FORS2_None.ascii,2012-05-18 02:10:31.00,,late_decline_spectral_state,Ca_II_NIR,Ca II near-infrared triplet,Ca,8579,216,3.928932e-13,1.3945322537e-14,0.227967004218,511.223277083,2626.90095077,158.963945161,0.0128760466543,1.4653391937e-14,0.219086339781,474.272194056,13910.9812295,146.926708787,0.0121692414084,1,1,39.5715626353,date_ordered_line_window_proxy_change,late_decline_spectral_state,relaxation_spectral_state,yes,post-collapse spectral element-line structural state,C2_SN2012aw/2012aw_2012-05-18_02-10-31.285_VLT-UT1_FORS2_None.ascii::Ca_II_NIR
C2_SN2012aw_spectral_state_00397,C2_SN2012aw,C2_SN2012aw,SN2012aw,63,2012aw_2012-05-20_17-48-28_HCT-2m_HFOSC_None,2012aw_2012-05-20_17-48-28_HCT-2m_HFOSC_None.txt,2012-05-20 17:48:28.00,,late_decline_spectral_state,H_beta,H beta,H,4861.3,187,6.80116294334e-14,-3.00947257645e-15,0.0288404760979,262.549896905,2847.40153928,80.0313442701,0.00295662357409,-8.5337376693e-16,-0.117809097434,81.537890146,-323.22335498,-0.1316987914,0.00107847732012,1,1,8.79408052289,date_ordered_line_window_proxy_change,late_decline_spectral_state,relaxation_spectral_state,yes,post-collapse spectral element-line structural state,C2_SN2012aw/2012aw_2012-05-20_17-48-28_HCT-2m_HFOSC_None.txt::H_beta
C2_SN2012aw_spectral_state_00398,C2_SN2012aw,C2_SN2012aw,SN2012aw,63,2012aw_2012-05-20_17-48-28_HCT-2m_HFOSC_None,2012aw_2012-05-20_17-48-28_HCT-2m_HFOSC_None.txt,2012-05-20 17:48:28.00,,late_decline_spectral_state,Fe_II_5169,Fe II 5169,Fe,5169,241,7.84627688815e-14,-4.33377430552e-15,0.0396669976806,335.529837148,-3406.46728163,99.2145399392,0.00424141022217,4.89042137319e-14,-0.17775016603,108.872649619,433.73197897,5.5039426127,-0.0410605681501,1,1,21.4407444887,date_ordered_line_window_proxy_change,late_decline_spectral_state,relaxation_spectral_state,yes,post-collapse spectral element-line structural state,C2_SN2012aw/2012aw_2012-05-20_17-48-28_HCT-2m_HFOSC_None.txt::Fe_II_5169
C2_SN2012aw_spectral_state_00399,C2_SN2012aw,C2_SN2012aw,SN2012aw,63,2012aw_2012-05-20_17-48-28_HCT-2m_HFOSC_None,2012aw_2012-05-20_17-48-28_HCT-2m_HFOSC_None.txt,2012-05-20 17:48:28.00,,late_decline_spectral_state,He_I_5876,He I 5876,He,5875.6,214,6.84095020513e-14,-1.11470757264e-15,0.0328187594125,299.778902919,-3291.14121797,68.5751940855,0.00109887383059,3.07778069066e-14,-0.185625849298,105.186273449,-270.52175475,-0.8928771886,-0.0282398144887,1,1,18.4110689142,date_ordered_line_window_proxy_change,late_decline_spectral_state,relaxation_spectral_state,yes,post-collapse spectral element-line structural state,C2_SN2012aw/2012aw_2012-05-20_17-48-28_HCT-2m_HFOSC_None.txt::He_I_5876
C2_SN2012aw_spectral_state_00400,C2_SN2012aw,C2_SN2012aw,SN2012aw,63,2012aw_2012-05-20_17-48-28_HCT-2m_HFOSC_None,2012aw_2012-05-20_17-48-28_HCT-2m_HFOSC_None.txt,2012-05-20 17:48:28.00,,late_decline_spectral_state,Ni_Co_decay_proxy,Ni/Co decay proxy blend,NiCo,5890,347,7.38316899166e-14,-4.64306591541e-15,0.0377024282738,485.3401748,-4016.03408073,125.562860751,0.00452035867464,3.77564343943e-15,-0.176284996964,176.550325838,-269.86037729,21.014427038,-0.00233938993128,1,1,15.8208720187,date_ordered_line_window_proxy_change,late_decline_spectral_state,relaxation_spectral_state,yes,post-collapse spectral element-line structural state,C2_SN2012aw/2012aw_2012-05-20_17-48-28_HCT-2m_HFOSC_None.txt::Ni_Co_decay_proxy
C2_SN2012aw_spectral_state_00401,C2_SN2012aw,C2_SN2012aw,SN2012aw,63,2012aw_2012-05-20_17-48-28_HCT-2m_HFOSC_None,2012aw_2012-05-20_17-48-28_HCT-2m_HFOSC_None.txt,2012-05-20 17:48:28.00,,late_decline_spectral_state,Si_II_6355,Si II 6355,Si,6355,214,7.18982763003e-14,-1.97350097273e-14,0.045296365042,304.360804449,7473.33545844,73.6440044462,0.019326833357,1.7239466569e-13,-0.240156403078,83.30600113,4093.90311778,5.0388047559,-0.141239133572,1,1,47.1757538141,date_ordered_line_window_proxy_change,late_decline_spectral_state,relaxation_spectral_state,yes,post-collapse spectral element-line structural state,C2_SN2012aw/2012aw_2012-05-20_17-48-28_HCT-2m_HFOSC_None.txt::Si_II_6355
C2_SN2012aw_spectral_state_00402,C2_SN2012aw,C2_SN2012aw,SN2012aw,63,2012aw_2012-05-20_17-48-28_HCT-2m_HFOSC_None,2012aw_2012-05-20_17-48-28_HCT-2m_HFOSC_None.txt,2012-05-20 17:48:28.00,,late_decline_spectral_state,H_alpha,H alpha,H,6562.8,241,5.7716120986e-14,2.37607177862e-14,0.0324954301206,332.541147106,-552.825602935,80.748402024,0.0236407551436,-1.84055923973e-13,-0.191583497527,153.092040776,31.033617815,0.3348062519,-0.172494777129,1,1,48.3321495784,date_ordered_line_window_proxy_change,late_decline_spectral_state,relaxation_spectral_state,yes,post-collapse spectral element-line structural state,C2_SN2012aw/2012aw_2012-05-20_17-48-28_HCT-2m_HFOSC_None.txt::H_alpha
C2_SN2012aw_spectral_state_00403,C2_SN2012aw,C2_SN2012aw,SN2012aw,63,2012aw_2012-05-20_17-48-28_HCT-2m_HFOSC_None,2012aw_2012-05-20_17-48-28_HCT-2m_HFOSC_None.txt,2012-05-20 17:48:28.00,,late_decline_spectral_state,O_I_7774,O I 7774,O,7774,241,5.12718347341e-14,-2.61723258927e-15,0.0257521558067,343.619950502,-6405.02495163,92.9185996204,0.00259800210544,2.23703172705e-14,-0.146912043457,98.763603988,-97.28285762,5.242661188,-0.0207254576865,1,1,14.8167344451,date_ordered_line_window_proxy_change,late_decline_spectral_state,relaxation_spectral_state,yes,post-collapse spectral element-line structural state,C2_SN2012aw/2012aw_2012-05-20_17-48-28_HCT-2m_HFOSC_None.txt::O_I_7774
C2_SN2012aw_spectral_state_00404,C2_SN2012aw,C2_SN2012aw,SN2012aw,63,2012aw_2012-05-20_17-48-28_HCT-2m_HFOSC_None,2012aw_2012-05-20_17-48-28_HCT-2m_HFOSC_None.txt,2012-05-20 17:48:28.00,,late_decline_spectral_state,Ca_II_NIR,Ca II near-infrared triplet,Ca,8579,482,3.74363393284e-14,3.17207582318e-15,0.0318339864599,692.383914706,2071.56056303,163.554205996,0.00312561093838,-1.07732467138e-14,-0.196133017758,181.160637623,-555.34038774,4.590260835,-0.00975043571592,1,1,17.8159417495,date_ordered_line_window_proxy_change,late_decline_spectral_state,relaxation_spectral_state,yes,post-collapse spectral element-line structural state,C2_SN2012aw/2012aw_2012-05-20_17-48-28_HCT-2m_HFOSC_None.txt::Ca_II_NIR
C2_SN2012aw_spectral_state_00405,C2_SN2012aw,C2_SN2012aw,SN2012aw,64,SN_2012aw_2012-05-21_04-07-40_Lick-3m_KAST_UCB-SNDB,SN_2012aw_2012-05-21_04-07-40_Lick-3m_KAST_UCB-SNDB.flm,2012-05-21 04:07:40.00,,late_decline_spectral_state,H_beta,H beta,H,4861.3,140,5.914075,0.221725928571,0.37598187375,-10.4975435719,3449.76014531,77.1903801876,0.126717733227,0.221725928571,0.347141397652,-273.047440477,602.35860603,-2.8409640825,0.123761109653,1,1,2.7483121488e+13,date_ordered_line_window_proxy_change,late_decline_spectral_state,relaxation_spectral_state,yes,post-collapse spectral element-line structural state,C2_SN2012aw/SN_2012aw_2012-05-21_04-07-40_Lick-3m_KAST_UCB-SNDB.flm::H_beta
C2_SN2012aw_spectral_state_00406,C2_SN2012aw,C2_SN2012aw,SN2012aw,64,SN_2012aw_2012-05-21_04-07-40_Lick-3m_KAST_UCB-SNDB,SN_2012aw_2012-05-21_04-07-40_Lick-3m_KAST_UCB-SNDB.flm,2012-05-21 04:07:40.00,,late_decline_spectral_state,Fe_II_5169,Fe II 5169,Fe,5169,180,6.94782,-0.540319277778,0.554503426974,27.9965428005,-3726.19779897,90.0303755038,0.298517580494,-0.540319277778,0.514836429293,-307.533294348,-319.73051734,-9.1841644354,0.294276170272,1,1,6.69730439248e+13,date_ordered_line_window_proxy_change,late_decline_spectral_state,relaxation_spectral_state,yes,post-collapse spectral element-line structural state,C2_SN2012aw/SN_2012aw_2012-05-21_04-07-40_Lick-3m_KAST_UCB-SNDB.flm::Fe_II_5169
C2_SN2012aw_spectral_state_00407,C2_SN2012aw,C2_SN2012aw,SN2012aw,64,SN_2012aw_2012-05-21_04-07-40_Lick-3m_KAST_UCB-SNDB,SN_2012aw_2012-05-21_04-07-40_Lick-3m_KAST_UCB-SNDB.flm,2012-05-21 04:07:40.00,,late_decline_spectral_state,He_I_5876,He I 5876,He,5875.6,160,7.002935,-0.4075846875,0.548812033811,18.6246338143,-2994.80546568,70.5974586061,0.440412918173,-0.4075846875,0.515993274398,-281.154269105,296.33575229,2.0222645206,0.439314044342,1,1,5.05204761364e+13,date_ordered_line_window_proxy_change,late_decline_spectral_state,relaxation_spectral_state,yes,post-collapse spectral element-line structural state,C2_SN2012aw/SN_2012aw_2012-05-21_04-07-40_Lick-3m_KAST_UCB-SNDB.flm::He_I_5876
C2_SN2012aw_spectral_state_00408,C2_SN2012aw,C2_SN2012aw,SN2012aw,64,SN_2012aw_2012-05-21_04-07-40_Lick-3m_KAST_UCB-SNDB,SN_2012aw_2012-05-21_04-07-40_Lick-3m_KAST_UCB-SNDB.flm,2012-05-21 04:07:40.00,,late_decline_spectral_state,Ni_Co_decay_proxy,Ni/Co decay proxy blend,NiCo,5890,260,6.991055,-0.218743730769,0.548045323631,16.2703254374,-3720.42281653,108.037119595,0.0971850397317,-0.218743730769,0.510342895357,-469.069849363,295.6112642,-17.525741156,0.0926646810571,1,1,2.71134754794e+13,date_ordered_line_window_proxy_change,late_decline_spectral_state,relaxation_spectral_state,yes,post-collapse spectral element-line structural state,C2_SN2012aw/SN_2012aw_2012-05-21_04-07-40_Lick-3m_KAST_UCB-SNDB.flm::Ni_Co_decay_proxy
C2_SN2012aw_spectral_state_00409,C2_SN2012aw,C2_SN2012aw,SN2012aw,64,SN_2012aw_2012-05-21_04-07-40_Lick-3m_KAST_UCB-SNDB,SN_2012aw_2012-05-21_04-07-40_Lick-3m_KAST_UCB-SNDB.flm,2012-05-21 04:07:40.00,,late_decline_spectral_state,Si_II_6355,Si II 6355,Si,6355,160,7.34134,-2.04732575,0.679329659163,89.2404165997,3882.21651578,69.0544705389,1.02256058021,-2.04732575,0.634033294121,-215.120387849,-3591.11894266,-4.5895339073,1.00323374685,1,1,2.53767805485e+14,date_ordered_line_window_proxy_change,late_decline_spectral_state,relaxation_spectral_state,yes,post-collapse spectral element-line structural state,C2_SN2012aw/SN_2012aw_2012-05-21_04-07-40_Lick-3m_KAST_UCB-SNDB.flm::Si_II_6355
C2_SN2012aw_spectral_state_00410,C2_SN2012aw,C2_SN2012aw,SN2012aw,64,SN_2012aw_2012-05-21_04-07-40_Lick-3m_KAST_UCB-SNDB,SN_2012aw_2012-05-21_04-07-40_Lick-3m_KAST_UCB-SNDB.flm,2012-05-21 04:07:40.00,,late_decline_spectral_state,H_alpha,H alpha,H,6562.8,180,5.98852,1.85203894444,0.606889515272,-111.335358319,-539.023687579,79.6511936553,3.71324302201,1.85203894444,0.574394085151,-443.876505425,13.801915356,-1.0972083687,3.68960226687,1,1,2.29561836266e+14,date_ordered_line_window_proxy_change,late_decline_spectral_state,relaxation_spectral_state,yes,post-collapse spectral element-line structural state,C2_SN2012aw/SN_2012aw_2012-05-21_04-07-40_Lick-3m_KAST_UCB-SNDB.flm::H_alpha
C2_SN2012aw_spectral_state_00411,C2_SN2012aw,C2_SN2012aw,SN2012aw,64,SN_2012aw_2012-05-21_04-07-40_Lick-3m_KAST_UCB-SNDB,SN_2012aw_2012-05-21_04-07-40_Lick-3m_KAST_UCB-SNDB.flm,2012-05-21 04:07:40.00,,late_decline_spectral_state,O_I_7774,O I 7774,O,7774,180,5.004405,-0.0779932777778,0.203635597039,5.61057308518,-3083.7675775,98.2330204446,0.118740341414,-0.0779932777778,0.177883441232,-338.009377417,3321.25737413,5.3144208242,0.116142339309,1,1,9.66733454328e+12,date_ordered_line_window_proxy_change,late_decline_spectral_state,relaxation_spectral_state,yes,post-collapse spectral element-line structural state,C2_SN2012aw/SN_2012aw_2012-05-21_04-07-40_Lick-3m_KAST_UCB-SNDB.flm::O_I_7774
C2_SN2012aw_spectral_state_00412,C2_SN2012aw,C2_SN2012aw,SN2012aw,64,SN_2012aw_2012-05-21_04-07-40_Lick-3m_KAST_UCB-SNDB,SN_2012aw_2012-05-21_04-07-40_Lick-3m_KAST_UCB-SNDB.flm,2012-05-21 04:07:40.00,,late_decline_spectral_state,Ca_II_NIR,Ca II near-infrared triplet,Ca,8579,360,4.031365,0.0533947833333,0.810522242466,-9.53628460813,2395.80905371,160.560363335,0.082044194853,0.0533947833333,0.778688256006,-701.920199314,324.24849068,-2.993842661,0.0789185839146,1,1,6.61832978508e+12,date_ordered_line_window_proxy_change,late_decline_spectral_state,relaxation_spectral_state,yes,post-collapse spectral element-line structural state,C2_SN2012aw/SN_2012aw_2012-05-21_04-07-40_Lick-3m_KAST_UCB-SNDB.flm::Ca_II_NIR
C2_SN2012aw_spectral_state_00413,C2_SN2012aw,C2_SN2012aw,SN2012aw,65,PTF12bvh_2012-05-21_04-09-00.000000_Lick-3m_KAST_PTF,PTF12bvh_2012-05-21_04-09-00.000000_Lick-3m_KAST_PTF.ascii,2012-05-21 04:09:00.00,,late_decline_spectral_state,H_beta,H beta,H,4861.3,140,5.914075,0.221725928571,0.37598187375,-10.4975435719,3449.76014531,77.1903801876,0.126717733227,0,0,0,0,0,0,1,1,0.050000000001,date_ordered_line_window_proxy_change,late_decline_spectral_state,relaxation_spectral_state,yes,post-collapse spectral element-line structural state,C2_SN2012aw/PTF12bvh_2012-05-21_04-09-00.000000_Lick-3m_KAST_PTF.ascii::H_beta
C2_SN2012aw_spectral_state_00414,C2_SN2012aw,C2_SN2012aw,SN2012aw,65,PTF12bvh_2012-05-21_04-09-00.000000_Lick-3m_KAST_PTF,PTF12bvh_2012-05-21_04-09-00.000000_Lick-3m_KAST_PTF.ascii,2012-05-21 04:09:00.00,,late_decline_spectral_state,Fe_II_5169,Fe II 5169,Fe,5169,180,6.94782,-0.540319277778,0.554503426974,27.9965428005,-3726.19779897,90.0303755038,0.298517580494,0,0,0,0,0,0,1,1,0.050000000001,date_ordered_line_window_proxy_change,late_decline_spectral_state,relaxation_spectral_state,yes,post-collapse spectral element-line structural state,C2_SN2012aw/PTF12bvh_2012-05-21_04-09-00.000000_Lick-3m_KAST_PTF.ascii::Fe_II_5169
C2_SN2012aw_spectral_state_00415,C2_SN2012aw,C2_SN2012aw,SN2012aw,65,PTF12bvh_2012-05-21_04-09-00.000000_Lick-3m_KAST_PTF,PTF12bvh_2012-05-21_04-09-00.000000_Lick-3m_KAST_PTF.ascii,2012-05-21 04:09:00.00,,late_decline_spectral_state,He_I_5876,He I 5876,He,5875.6,160,7.002935,-0.4075846875,0.548812033811,18.6246338143,-2994.80546568,70.5974586061,0.440412918173,0,0,0,0,0,0,1,1,0.050000000001,date_ordered_line_window_proxy_change,late_decline_spectral_state,relaxation_spectral_state,yes,post-collapse spectral element-line structural state,C2_SN2012aw/PTF12bvh_2012-05-21_04-09-00.000000_Lick-3m_KAST_PTF.ascii::He_I_5876
C2_SN2012aw_spectral_state_00416,C2_SN2012aw,C2_SN2012aw,SN2012aw,65,PTF12bvh_2012-05-21_04-09-00.000000_Lick-3m_KAST_PTF,PTF12bvh_2012-05-21_04-09-00.000000_Lick-3m_KAST_PTF.ascii,2012-05-21 04:09:00.00,,late_decline_spectral_state,Ni_Co_decay_proxy,Ni/Co decay proxy blend,NiCo,5890,260,6.991055,-0.218743730769,0.548045323631,16.2703254374,-3720.42281653,108.037119595,0.0971850397317,0,0,0,0,0,0,1,1,0.050000000001,date_ordered_line_window_proxy_change,late_decline_spectral_state,relaxation_spectral_state,yes,post-collapse spectral element-line structural state,C2_SN2012aw/PTF12bvh_2012-05-21_04-09-00.000000_Lick-3m_KAST_PTF.ascii::Ni_Co_decay_proxy
C2_SN2012aw_spectral_state_00417,C2_SN2012aw,C2_SN2012aw,SN2012aw,65,PTF12bvh_2012-05-21_04-09-00.000000_Lick-3m_KAST_PTF,PTF12bvh_2012-05-21_04-09-00.000000_Lick-3m_KAST_PTF.ascii,2012-05-21 04:09:00.00,,late_decline_spectral_state,Si_II_6355,Si II 6355,Si,6355,160,7.34134,-2.04732575,0.679329659163,89.2404165997,3882.21651578,69.0544705389,1.02256058021,0,0,0,0,0,0,1,1,0.050000000001,date_ordered_line_window_proxy_change,late_decline_spectral_state,relaxation_spectral_state,yes,post-collapse spectral element-line structural state,C2_SN2012aw/PTF12bvh_2012-05-21_04-09-00.000000_Lick-3m_KAST_PTF.ascii::Si_II_6355
C2_SN2012aw_spectral_state_00418,C2_SN2012aw,C2_SN2012aw,SN2012aw,65,PTF12bvh_2012-05-21_04-09-00.000000_Lick-3m_KAST_PTF,PTF12bvh_2012-05-21_04-09-00.000000_Lick-3m_KAST_PTF.ascii,2012-05-21 04:09:00.00,,late_decline_spectral_state,H_alpha,H alpha,H,6562.8,180,5.98852,1.85203894444,0.606889515272,-111.335358319,-539.023687579,79.6511936553,3.71324302201,0,0,0,0,0,0,1,1,0.050000000001,date_ordered_line_window_proxy_change,late_decline_spectral_state,relaxation_spectral_state,yes,post-collapse spectral element-line structural state,C2_SN2012aw/PTF12bvh_2012-05-21_04-09-00.000000_Lick-3m_KAST_PTF.ascii::H_alpha
C2_SN2012aw_spectral_state_00419,C2_SN2012aw,C2_SN2012aw,SN2012aw,65,PTF12bvh_2012-05-21_04-09-00.000000_Lick-3m_KAST_PTF,PTF12bvh_2012-05-21_04-09-00.000000_Lick-3m_KAST_PTF.ascii,2012-05-21 04:09:00.00,,late_decline_spectral_state,O_I_7774,O I 7774,O,7774,180,5.004405,-0.0779932777778,0.203635597039,5.61057308518,-3083.7675775,98.2330204446,0.118740341414,0,0,0,0,0,0,1,1,0.050000000001,date_ordered_line_window_proxy_change,late_decline_spectral_state,relaxation_spectral_state,yes,post-collapse spectral element-line structural state,C2_SN2012aw/PTF12bvh_2012-05-21_04-09-00.000000_Lick-3m_KAST_PTF.ascii::O_I_7774
C2_SN2012aw_spectral_state_00420,C2_SN2012aw,C2_SN2012aw,SN2012aw,65,PTF12bvh_2012-05-21_04-09-00.000000_Lick-3m_KAST_PTF,PTF12bvh_2012-05-21_04-09-00.000000_Lick-3m_KAST_PTF.ascii,2012-05-21 04:09:00.00,,late_decline_spectral_state,Ca_II_NIR,Ca II near-infrared triplet,Ca,8579,360,4.031365,0.0533947833333,0.810522242466,-9.53628460813,2395.80905371,160.560363335,0.082044194853,0,0,0,0,0,0,1,1,0.050000000001,date_ordered_line_window_proxy_change,late_decline_spectral_state,relaxation_spectral_state,yes,post-collapse spectral element-line structural state,C2_SN2012aw/PTF12bvh_2012-05-21_04-09-00.000000_Lick-3m_KAST_PTF.ascii::Ca_II_NIR
C2_SN2012aw_spectral_state_00421,C2_SN2012aw,C2_SN2012aw,SN2012aw,66,2012aw_2456070.0311_BAO-2.16m_Cassegrain_None,2012aw_2456070.0311_BAO-2.16m_Cassegrain_None.txt,2012-05-22 12:44:47.00,,late_decline_spectral_state,H_beta,H beta,H,4861.3,62,1.443001515e-14,9.00346003226e-17,0.00575441072604,276.767184854,3483.21828011,78.655031515,8.96762148978e-05,-0.221725928571,-0.370227463024,287.264728426,33.4581348,1.4646513274,-0.126628057012,1,1,2.7483121488e+13,date_ordered_line_window_proxy_change,late_decline_spectral_state,relaxation_spectral_state,yes,post-collapse spectral element-line structural state,C2_SN2012aw/2012aw_2456070.0311_BAO-2.16m_Cassegrain_None.txt::H_beta
C2_SN2012aw_spectral_state_00422,C2_SN2012aw,C2_SN2012aw,SN2012aw,66,2012aw_2456070.0311_BAO-2.16m_Cassegrain_None,2012aw_2456070.0311_BAO-2.16m_Cassegrain_None.txt,2012-05-22 12:44:47.00,,late_decline_spectral_state,Fe_II_5169,Fe II 5169,Fe,5169,80,1.92381697e-14,-2.25952021325e-15,0.0107735854646,356.269462638,-3566.43771453,88.1324854458,0.00224639745611,0.540319277778,-0.543729841509,328.272919838,159.76008444,-1.897890058,-0.296271183038,1,1,6.69730439248e+13,date_ordered_line_window_proxy_change,late_decline_spectral_state,relaxation_spectral_state,yes,post-collapse spectral element-line structural state,C2_SN2012aw/2012aw_2456070.0311_BAO-2.16m_Cassegrain_None.txt::Fe_II_5169
C2_SN2012aw_spectral_state_00423,C2_SN2012aw,C2_SN2012aw,SN2012aw,66,2012aw_2456070.0311_BAO-2.16m_Cassegrain_None,2012aw_2456070.0311_BAO-2.16m_Cassegrain_None.txt,2012-05-22 12:44:47.00,,late_decline_spectral_state,He_I_5876,He I 5876,He,5875.6,71,2.27300148e-14,-1.58784030394e-15,0.0127752837904,314.898427014,-3004.24833338,71.9799111148,0.00158341951406,0.4075846875,-0.536036750021,296.2737932,-9.4428677,1.3824525087,-0.438829498659,1,1,5.05204761364e+13,date_ordered_line_window_proxy_change,late_decline_spectral_state,relaxation_spectral_state,yes,post-collapse spectral element-line structural state,C2_SN2012aw/2012aw_2456070.0311_BAO-2.16m_Cassegrain_None.txt::He_I_5876
C2_SN2012aw_spectral_state_00424,C2_SN2012aw,C2_SN2012aw,SN2012aw,66,2012aw_2456070.0311_BAO-2.16m_Cassegrain_None,2012aw_2456070.0311_BAO-2.16m_Cassegrain_None.txt,2012-05-22 12:44:47.00,,late_decline_spectral_state,Ni_Co_decay_proxy,Ni/Co decay proxy blend,NiCo,5890,115,2.06523734e-14,9.89981915826e-16,0.0107656877761,509.769602227,-3729.8425981,117.799309961,0.000983069003116,0.218743730769,-0.537279635855,493.49927679,-9.41978157,9.762190366,-0.0962019707286,1,1,2.71134754794e+13,date_ordered_line_window_proxy_change,late_decline_spectral_state,relaxation_spectral_state,yes,post-collapse spectral element-line structural state,C2_SN2012aw/2012aw_2456070.0311_BAO-2.16m_Cassegrain_None.txt::Ni_Co_decay_proxy
C2_SN2012aw_spectral_state_00425,C2_SN2012aw,C2_SN2012aw,SN2012aw,66,2012aw_2456070.0311_BAO-2.16m_Cassegrain_None,2012aw_2456070.0311_BAO-2.16m_Cassegrain_None.txt,2012-05-22 12:44:47.00,,late_decline_spectral_state,Si_II_6355,Si II 6355,Si,6355,71,2.45308907e-14,-6.71197317775e-15,0.0160509268088,315.953103783,3801.59827688,71.8910517139,0.0066640907774,2.04732575,-0.663278732354,226.712687183,-80.6182389,2.836581175,-1.01589648943,1,1,2.53767805485e+14,date_ordered_line_window_proxy_change,late_decline_spectral_state,relaxation_spectral_state,yes,post-collapse spectral element-line structural state,C2_SN2012aw/2012aw_2456070.0311_BAO-2.16m_Cassegrain_None.txt::Si_II_6355
C2_SN2012aw_spectral_state_00426,C2_SN2012aw,C2_SN2012aw,SN2012aw,66,2012aw_2456070.0311_BAO-2.16m_Cassegrain_None,2012aw_2456070.0311_BAO-2.16m_Cassegrain_None.txt,2012-05-22 12:44:47.00,,late_decline_spectral_state,H_alpha,H alpha,H,6562.8,79,2.123458235e-14,6.13526605101e-15,0.0128749674338,348.187326654,-239.687329811,80.7453933578,0.00612692332698,-1.85203894444,-0.594014547838,459.522684973,299.336357768,1.0941997025,-3.70711609868,1,1,2.29561836266e+14,date_ordered_line_window_proxy_change,late_decline_spectral_state,relaxation_spectral_state,yes,post-collapse spectral element-line structural state,C2_SN2012aw/2012aw_2456070.0311_BAO-2.16m_Cassegrain_None.txt::H_alpha
C2_SN2012aw_spectral_state_00427,C2_SN2012aw,C2_SN2012aw,SN2012aw,66,2012aw_2456070.0311_BAO-2.16m_Cassegrain_None,2012aw_2456070.0311_BAO-2.16m_Cassegrain_None.txt,2012-05-22 12:44:47.00,,late_decline_spectral_state,O_I_7774,O I 7774,O,7774,80,1.30092817e-14,-9.2867169875e-16,0.00348781055004,357.98414562,-6844.02250716,121.444706232,0.000926095126756,0.0779932777778,-0.200147786489,352.373572535,-3760.25492966,23.2116857874,-0.117814246287,1,1,9.66733454329e+12,date_ordered_line_window_proxy_change,late_decline_spectral_state,relaxation_spectral_state,yes,post-collapse spectral element-line structural state,C2_SN2012aw/2012aw_2456070.0311_BAO-2.16m_Cassegrain_None.txt::O_I_7774
C2_SN2012aw_spectral_state_00428,C2_SN2012aw,C2_SN2012aw,SN2012aw,66,2012aw_2456070.0311_BAO-2.16m_Cassegrain_None,2012aw_2456070.0311_BAO-2.16m_Cassegrain_None.txt,2012-05-22 12:44:47.00,,late_decline_spectral_state,Ca_II_NIR,Ca II near-infrared triplet,Ca,8579,97,1.11073463e-14,-2.43467713887e-15,0.00912242659867,435.572726691,2763.65303709,122.46832591,0.00243201292487,-0.0533947833333,-0.801399815867,445.109011299,367.84398338,-38.092037425,-0.0796121819281,1,1,6.61832978507e+12,date_ordered_line_window_proxy_change,late_decline_spectral_state,relaxation_spectral_state,yes,post-collapse spectral element-line structural state,C2_SN2012aw/2012aw_2456070.0311_BAO-2.16m_Cassegrain_None.txt::Ca_II_NIR
C2_SN2012aw_spectral_state_00429,C2_SN2012aw,C2_SN2012aw,SN2012aw,67,2012aw_2012-05-27_00-04-25.093_VLT-UT1_FORS2_None,2012aw_2012-05-27_00-04-25.093_VLT-UT1_FORS2_None.ascii,2012-05-27 00:04:25.00,,late_decline_spectral_state,H_beta,H beta,H,4861.3,84,2.26154095e-13,2.50073559524e-15,0.0691233388573,228.465436378,3376.26907994,77.9959151377,0.00234491432621,2.41070099492e-15,0.0633689281313,-48.301748476,-106.94920017,-0.6591163773,0.00225523811131,1,1,5.22998683611,date_ordered_line_window_proxy_change,late_decline_spectral_state,relaxation_spectral_state,yes,post-collapse spectral element-line structural state,C2_SN2012aw/2012aw_2012-05-27_00-04-25.093_VLT-UT1_FORS2_None.ascii::H_beta
C2_SN2012aw_spectral_state_00430,C2_SN2012aw,C2_SN2012aw,SN2012aw,67,2012aw_2012-05-27_00-04-25.093_VLT-UT1_FORS2_None,2012aw_2012-05-27_00-04-25.093_VLT-UT1_FORS2_None.ascii,2012-05-27 00:04:25.00,,late_decline_spectral_state,Fe_II_5169,Fe II 5169,Fe,5169,107,2.7975922e-13,-2.75260498131e-14,0.126050555041,287.224869596,-3646.79665278,91.0891393478,0.0254038097128,-2.52665295998e-14,0.115276969576,-69.044593042,-80.35893825,2.956653902,0.0231574122567,1,1,12.7421367825,date_ordered_line_window_proxy_change,late_decline_spectral_state,relaxation_spectral_state,yes,post-collapse spectral element-line structural state,C2_SN2012aw/2012aw_2012-05-27_00-04-25.093_VLT-UT1_FORS2_None.ascii::Fe_II_5169
C2_SN2012aw_spectral_state_00431,C2_SN2012aw,C2_SN2012aw,SN2012aw,67,2012aw_2012-05-27_00-04-25.093_VLT-UT1_FORS2_None,2012aw_2012-05-27_00-04-25.093_VLT-UT1_FORS2_None.ascii,2012-05-27 00:04:25.00,,late_decline_spectral_state,He_I_5876,He I 5876,He,5875.6,96,3.0941748e-13,-2.07481266667e-14,0.136040019872,250.198890685,-3360.90746098,69.8238141417,0.0198482286514,-1.91602863628e-14,0.123264736082,-64.699536329,-356.6591276,-2.1560969731,0.0182648091373,1,1,12.0338008607,date_ordered_line_window_proxy_change,late_decline_spectral_state,relaxation_spectral_state,yes,post-collapse spectral element-line structural state,C2_SN2012aw/2012aw_2012-05-27_00-04-25.093_VLT-UT1_FORS2_None.ascii::He_I_5876
C2_SN2012aw_spectral_state_00432,C2_SN2012aw,C2_SN2012aw,SN2012aw,67,2012aw_2012-05-27_00-04-25.093_VLT-UT1_FORS2_None,2012aw_2012-05-27_00-04-25.093_VLT-UT1_FORS2_None.ascii,2012-05-27 00:04:25.00,,late_decline_spectral_state,Ni_Co_decay_proxy,Ni/Co decay proxy blend,NiCo,5890,155,2.924985e-13,3.88130567742e-15,0.124730666999,399.38010839,-4085.62975771,112.868505621,0.00352435584849,2.89132376159e-15,0.113964979223,-110.389493837,-355.78715961,-4.93080434,0.00254128684537,1,1,10.0075438908,date_ordered_line_window_proxy_change,late_decline_spectral_state,relaxation_spectral_state,yes,post-collapse spectral element-line structural state,C2_SN2012aw/2012aw_2012-05-27_00-04-25.093_VLT-UT1_FORS2_None.ascii::Ni_Co_decay_proxy
C2_SN2012aw_spectral_state_00433,C2_SN2012aw,C2_SN2012aw,SN2012aw,67,2012aw_2012-05-27_00-04-25.093_VLT-UT1_FORS2_None,2012aw_2012-05-27_00-04-25.093_VLT-UT1_FORS2_None.ascii,2012-05-27 00:04:25.00,,late_decline_spectral_state,Si_II_6355,Si II 6355,Si,6355,96,3.2598952e-13,-9.00397738542e-14,0.170292092505,263.843971662,3536.74124386,69.2888201757,0.0822727871589,-8.33278006765e-14,0.154241165696,-52.109132121,-264.85703302,-2.6022315382,0.0756086963815,1,1,24.8568018154,date_ordered_line_window_proxy_change,late_decline_spectral_state,relaxation_spectral_state,yes,post-collapse spectral element-line structural state,C2_SN2012aw/2012aw_2012-05-27_00-04-25.093_VLT-UT1_FORS2_None.ascii::Si_II_6355
C2_SN2012aw_spectral_state_00434,C2_SN2012aw,C2_SN2012aw,SN2012aw,67,2012aw_2012-05-27_00-04-25.093_VLT-UT1_FORS2_None,2012aw_2012-05-27_00-04-25.093_VLT-UT1_FORS2_None.ascii,2012-05-27 00:04:25.00,,late_decline_spectral_state,H_alpha,H alpha,H,6562.8,108,2.6659745e-13,8.74437287037e-14,0.131386226934,260.146800888,-583.85922075,79.4240922701,0.0850493365079,8.13084626527e-14,0.1185112595,-88.040525766,-344.171890939,-1.3213010877,0.0789224131809,1,1,24.0732120576,date_ordered_line_window_proxy_change,late_decline_spectral_state,relaxation_spectral_state,yes,post-collapse spectral element-line structural state,C2_SN2012aw/2012aw_2012-05-27_00-04-25.093_VLT-UT1_FORS2_None.ascii::H_alpha
C2_SN2012aw_spectral_state_00435,C2_SN2012aw,C2_SN2012aw,SN2012aw,67,2012aw_2012-05-27_00-04-25.093_VLT-UT1_FORS2_None,2012aw_2012-05-27_00-04-25.093_VLT-UT1_FORS2_None.ascii,2012-05-27 00:04:25.00,,late_decline_spectral_state,O_I_7774,O I 7774,O,7774,107,2.2025718e-13,-9.12634878505e-15,0.0886310130132,295.836422067,-6307.74209401,93.5050825201,0.00879622821853,-8.1976770863e-15,0.0851432024632,-62.147723553,536.28041315,-27.9396237119,0.00787013309177,1,1,9.04414026183,date_ordered_line_window_proxy_change,late_decline_spectral_state,relaxation_spectral_state,yes,post-collapse spectral element-line structural state,C2_SN2012aw/2012aw_2012-05-27_00-04-25.093_VLT-UT1_FORS2_None.ascii::O_I_7774
C2_SN2012aw_spectral_state_00436,C2_SN2012aw,C2_SN2012aw,SN2012aw,67,2012aw_2012-05-27_00-04-25.093_VLT-UT1_FORS2_None,2012aw_2012-05-27_00-04-25.093_VLT-UT1_FORS2_None.ascii,2012-05-27 00:04:25.00,,late_decline_spectral_state,Ca_II_NIR,Ca II near-infrared triplet,Ca,8579,216,1.5897815e-13,2.34518510509e-14,0.109279778916,608.479362936,2626.90095077,157.825806526,0.0224902699288,2.58865281898e-14,0.100157352317,172.906636245,-136.75208632,35.357480616,0.0200582570039,1,1,16.217156882,date_ordered_line_window_proxy_change,late_decline_spectral_state,relaxation_spectral_state,yes,post-collapse spectral element-line structural state,C2_SN2012aw/2012aw_2012-05-27_00-04-25.093_VLT-UT1_FORS2_None.ascii::Ca_II_NIR
C2_SN2012aw_spectral_state_00437,C2_SN2012aw,C2_SN2012aw,SN2012aw,68,2012aw_2012-06-01_00-00-00_NOT_ALFOSC_None,2012aw_2012-06-01_00-00-00_NOT_ALFOSC_None.dat,2012-06-01 00:00:00.00,,late_decline_spectral_state,H_beta,H beta,H,4861.3,91,1.0294485e-14,4.41580318681e-16,0.00379826284017,276.546665297,3191.5760586,76.6228296257,0.000440124654272,-2.05915527656e-15,-0.0653250760171,48.081228919,-184.69302134,-1.373085512,-0.00190478967194,1,1,5.31699323464,date_ordered_line_window_proxy_change,late_decline_spectral_state,relaxation_spectral_state,yes,post-collapse spectral element-line structural state,C2_SN2012aw/2012aw_2012-06-01_00-00-00_NOT_ALFOSC_None.dat::H_beta
C2_SN2012aw_spectral_state_00438,C2_SN2012aw,C2_SN2012aw,SN2012aw,68,2012aw_2012-06-01_00-00-00_NOT_ALFOSC_None,2012aw_2012-06-01_00-00-00_NOT_ALFOSC_None.dat,2012-06-01 00:00:00.00,,late_decline_spectral_state,Fe_II_5169,Fe II 5169,Fe,5169,118,1.2675135e-14,-1.1487000339e-15,0.00743533907347,358.32514286,-3650.1676772,93.1223505876,0.00114415127746,2.63773497792e-14,-0.118615215968,71.100273264,-3.37102442,2.0332112398,-0.0242596584353,1,1,13.113808257,date_ordered_line_window_proxy_change,late_decline_spectral_state,relaxation_spectral_state,yes,post-collapse spectral element-line structural state,C2_SN2012aw/2012aw_2012-06-01_00-00-00_NOT_ALFOSC_None.dat::Fe_II_5169
C2_SN2012aw_spectral_state_00439,C2_SN2012aw,C2_SN2012aw,SN2012aw,68,2012aw_2012-06-01_00-00-00_NOT_ALFOSC_None,2012aw_2012-06-01_00-00-00_NOT_ALFOSC_None.dat,2012-06-01 00:00:00.00,,late_decline_spectral_state,He_I_5876,He I 5876,He,5875.6,104,1.408675e-14,-1.09103648077e-15,0.00852759983305,315.354213456,-3623.68796659,70.0584770002,0.00108850581121,1.96570901859e-14,-0.127512420039,65.155322771,-262.78050561,0.2346628585,-0.0187597228402,1,1,12.2433228643,date_ordered_line_window_proxy_change,late_decline_spectral_state,relaxation_spectral_state,yes,post-collapse spectral element-line structural state,C2_SN2012aw/2012aw_2012-06-01_00-00-00_NOT_ALFOSC_None.dat::He_I_5876
C2_SN2012aw_spectral_state_00440,C2_SN2012aw,C2_SN2012aw,SN2012aw,68,2012aw_2012-06-01_00-00-00_NOT_ALFOSC_None,2012aw_2012-06-01_00-00-00_NOT_ALFOSC_None.dat,2012-06-01 00:00:00.00,,late_decline_spectral_state,Ni_Co_decay_proxy,Ni/Co decay proxy blend,NiCo,5890,169,1.3123e-14,2.75704e-16,0.00758444532401,512.237784778,-4347.76781184,115.83793267,0.000274433720065,-3.60560167742e-15,-0.117146221675,112.857676388,-262.13805413,2.969427049,-0.00324992212842,1,1,10.2627478024,date_ordered_line_window_proxy_change,late_decline_spectral_state,relaxation_spectral_state,yes,post-collapse spectral element-line structural state,C2_SN2012aw/2012aw_2012-06-01_00-00-00_NOT_ALFOSC_None.dat::Ni_Co_decay_proxy
C2_SN2012aw_spectral_state_00441,C2_SN2012aw,C2_SN2012aw,SN2012aw,68,2012aw_2012-06-01_00-00-00_NOT_ALFOSC_None,2012aw_2012-06-01_00-00-00_NOT_ALFOSC_None.dat,2012-06-01 00:00:00.00,,late_decline_spectral_state,Si_II_6355,Si II 6355,Si,6355,104,1.4780805e-14,-4.36543868269e-15,0.0103383538083,316.169293976,3373.13742357,69.2005597902,0.00434633457744,8.56743351715e-14,-0.159953738697,52.325322314,-163.60382029,-0.0882603855,-0.0779264525815,1,1,25.45476276,date_ordered_line_window_proxy_change,late_decline_spectral_state,relaxation_spectral_state,yes,post-collapse spectral element-line structural state,C2_SN2012aw/2012aw_2012-06-01_00-00-00_NOT_ALFOSC_None.dat::Si_II_6355
C2_SN2012aw_spectral_state_00442,C2_SN2012aw,C2_SN2012aw,SN2012aw,68,2012aw_2012-06-01_00-00-00_NOT_ALFOSC_None,2012aw_2012-06-01_00-00-00_NOT_ALFOSC_None.dat,2012-06-01 00:00:00.00,,late_decline_spectral_state,H_alpha,H alpha,H,6562.8,118,1.1814865e-14,3.77155638136e-15,0.00743735169378,356.867273791,-768.041025858,77.5795080761,0.00376606855094,-8.36721723223e-14,-0.12394887524,96.720472903,-184.181805108,-1.844584194,-0.081283267957,1,1,25.005362868,date_ordered_line_window_proxy_change,late_decline_spectral_state,relaxation_spectral_state,yes,post-collapse spectral element-line structural state,C2_SN2012aw/2012aw_2012-06-01_00-00-00_NOT_ALFOSC_None.dat::H_alpha
C2_SN2012aw_spectral_state_00443,C2_SN2012aw,C2_SN2012aw,SN2012aw,68,2012aw_2012-06-01_00-00-00_NOT_ALFOSC_None,2012aw_2012-06-01_00-00-00_NOT_ALFOSC_None.dat,2012-06-01 00:00:00.00,,late_decline_spectral_state,O_I_7774,O I 7774,O,7774,117,9.423295e-15,-7.41146547009e-16,0.00527558560059,356.287946085,-6832.52781923,110.453535722,0.000739956643752,8.38520223804e-15,-0.0833554274126,60.451524018,-524.78572522,16.9484532019,-0.00805627157478,1,1,8.51843950211,date_ordered_line_window_proxy_change,late_decline_spectral_state,relaxation_spectral_state,yes,post-collapse spectral element-line structural state,C2_SN2012aw/2012aw_2012-06-01_00-00-00_NOT_ALFOSC_None.dat::O_I_7774
C2_SN2012aw_spectral_state_00444,C2_SN2012aw,C2_SN2012aw,SN2012aw,68,2012aw_2012-06-01_00-00-00_NOT_ALFOSC_None,2012aw_2012-06-01_00-00-00_NOT_ALFOSC_None.dat,2012-06-01 00:00:00.00,,late_decline_spectral_state,Ca_II_NIR,Ca II near-infrared triplet,Ca,8579,234,8.1159025e-15,-4.11154029915e-16,0.006898127966,713.264733218,2506.41301592,166.280792863,0.000410624025707,-2.38630050808e-14,-0.10238165095,104.785370282,-120.48793485,8.454986337,-0.0220796459031,1,1,13.1425881838,date_ordered_line_window_proxy_change,late_decline_spectral_state,relaxation_spectral_state,yes,post-collapse spectral element-line structural state,C2_SN2012aw/2012aw_2012-06-01_00-00-00_NOT_ALFOSC_None.dat::Ca_II_NIR
C2_SN2012aw_spectral_state_00445,C2_SN2012aw,C2_SN2012aw,SN2012aw,69,2012aw_2012-06-16_00-00-00_Ekar_BC-Ekar_None,2012aw_2012-06-16_00-00-00_Ekar_BC-Ekar_None.dat,2012-06-16 00:00:00.00,,late_decline_spectral_state,H_beta,H beta,H,4861.3,122,9.61111e-15,1.60046786885e-16,0.00486191559441,275.347109553,3573.76345399,73.2259689372,0.000159542503106,-2.81533531796e-16,0.00106365275424,-1.199555744,382.18739539,-3.3968606885,-0.000280582151166,1,1,0.486606007441,date_ordered_line_window_proxy_change,late_decline_spectral_state,relaxation_spectral_state,yes,post-collapse spectral element-line structural state,C2_SN2012aw/2012aw_2012-06-16_00-00-00_Ekar_BC-Ekar_None.dat::H_beta
C2_SN2012aw_spectral_state_00446,C2_SN2012aw,C2_SN2012aw,SN2012aw,69,2012aw_2012-06-16_00-00-00_Ekar_BC-Ekar_None,2012aw_2012-06-16_00-00-00_Ekar_BC-Ekar_None.dat,2012-06-16 00:00:00.00,,late_decline_spectral_state,Fe_II_5169,Fe II 5169,Fe,5169,158,1.292514e-14,-2.14663627848e-15,0.00859031695077,356.406697787,-3276.42930091,83.7941396381,0.00213682319816,-9.9793624458e-16,0.0011549778773,-1.918445073,373.73837629,-9.3282109495,0.0009926719207,1,1,0.867511817348,date_ordered_line_window_proxy_change,late_decline_spectral_state,relaxation_spectral_state,yes,post-collapse spectral element-line structural state,C2_SN2012aw/2012aw_2012-06-16_00-00-00_Ekar_BC-Ekar_None.dat::Fe_II_5169
C2_SN2012aw_spectral_state_00447,C2_SN2012aw,C2_SN2012aw,SN2012aw,69,2012aw_2012-06-16_00-00-00_Ekar_BC-Ekar_None,2012aw_2012-06-16_00-00-00_Ekar_BC-Ekar_None.dat,2012-06-16 00:00:00.00,,late_decline_spectral_state,He_I_5876,He I 5876,He,5875.6,140,1.35278e-14,-5.22902271429e-16,0.00881705070152,316.209872147,-3625.50047732,76.5479024824,0.000521391430174,5.68134209341e-16,0.00028945086847,0.855658691,-1.81251073,6.4894254822,-0.000567114381036,1,1,0.44281596779,date_ordered_line_window_proxy_change,late_decline_spectral_state,relaxation_spectral_state,yes,post-collapse spectral element-line structural state,C2_SN2012aw/2012aw_2012-06-16_00-00-00_Ekar_BC-Ekar_None.dat::He_I_5876
C2_SN2012aw_spectral_state_00448,C2_SN2012aw,C2_SN2012aw,SN2012aw,69,2012aw_2012-06-16_00-00-00_Ekar_BC-Ekar_None,2012aw_2012-06-16_00-00-00_Ekar_BC-Ekar_None.dat,2012-06-16 00:00:00.00,,late_decline_spectral_state,Ni_Co_decay_proxy,Ni/Co decay proxy blend,NiCo,5890,227,1.2896065e-14,4.33769942731e-16,0.00819885799438,512.54094891,-4349.5758913,117.243184544,0.000431793117185,1.58065942731e-16,0.00061441267037,0.303164132,-1.80807946,1.405251874,0.00015735939712,1,1,0.173770870814,date_ordered_line_window_proxy_change,late_decline_spectral_state,relaxation_spectral_state,yes,post-collapse spectral element-line structural state,C2_SN2012aw/2012aw_2012-06-16_00-00-00_Ekar_BC-Ekar_None.dat::Ni_Co_decay_proxy
C2_SN2012aw_spectral_state_00449,C2_SN2012aw,C2_SN2012aw,SN2012aw,69,2012aw_2012-06-16_00-00-00_Ekar_BC-Ekar_None,2012aw_2012-06-16_00-00-00_Ekar_BC-Ekar_None.dat,2012-06-16 00:00:00.00,,late_decline_spectral_state,Si_II_6355,Si II 6355,Si,6355,139,1.488069e-14,-4.82963035971e-15,0.0109905608708,316.258544823,3592.23402135,77.2855392617,0.00480627174044,-4.6419167702e-16,0.0006522070625,0.089250847,219.09659778,8.0849794715,0.000459937163,1,1,0.572688636352,date_ordered_line_window_proxy_change,late_decline_spectral_state,relaxation_spectral_state,yes,post-collapse spectral element-line structural state,C2_SN2012aw/2012aw_2012-06-16_00-00-00_Ekar_BC-Ekar_None.dat::Si_II_6355
C2_SN2012aw_spectral_state_00450,C2_SN2012aw,C2_SN2012aw,SN2012aw,69,2012aw_2012-06-16_00-00-00_Ekar_BC-Ekar_None,2012aw_2012-06-16_00-00-00_Ekar_BC-Ekar_None.dat,2012-06-16 00:00:00.00,,late_decline_spectral_state,H_alpha,H alpha,H,6562.8,156,1.0857e-14,4.29627084615e-15,0.00705383451863,354.036047777,-454.186614696,74.986922466,0.00428693675008,5.2471446479e-16,-0.00038351717515,-2.831226014,313.854411162,-2.5925856101,0.00052086819914,1,1,0.486828630873,date_ordered_line_window_proxy_change,late_decline_spectral_state,relaxation_spectral_state,yes,post-collapse spectral element-line structural state,C2_SN2012aw/2012aw_2012-06-16_00-00-00_Ekar_BC-Ekar_None.dat::H_alpha
C2_SN2012aw_spectral_state_00451,C2_SN2012aw,C2_SN2012aw,SN2012aw,69,2012aw_2012-06-16_00-00-00_Ekar_BC-Ekar_None,2012aw_2012-06-16_00-00-00_Ekar_BC-Ekar_None.dat,2012-06-16 00:00:00.00,,late_decline_spectral_state,O_I_7774,O I 7774,O,7774,153,9.347531e-15,-2.09794727451e-15,0.00685147462851,357.119452773,-6255.94272872,118.423106081,0.00209595898609,-1.3568007275e-15,0.00157588902792,0.831506688,576.58509051,7.969570359,0.00135600234234,1,1,0.960800380411,date_ordered_line_window_proxy_change,late_decline_spectral_state,relaxation_spectral_state,yes,post-collapse spectral element-line structural state,C2_SN2012aw/2012aw_2012-06-16_00-00-00_Ekar_BC-Ekar_None.dat::O_I_7774
C2_SN2012aw_spectral_state_00452,C2_SN2012aw,C2_SN2012aw,SN2012aw,70,2012aw_2012-06-16_00-06-15.926_VLT-UT1_FORS2_None,2012aw_2012-06-16_00-06-15.926_VLT-UT1_FORS2_None.ascii,2012-06-16 00:06:15.00,,late_decline_spectral_state,H_beta,H beta,H,4861.3,84,2.51440085e-13,6.07095869048e-15,0.0844148723269,223.047979763,3376.26907994,75.675832238,0.00560021529521,5.9109119036e-15,0.0795529567325,-52.29912979,-197.49437405,2.4498633008,0.0054406727921,1,1,6.91695125329,date_ordered_line_window_proxy_change,late_decline_spectral_state,relaxation_spectral_state,yes,post-collapse spectral element-line structural state,C2_SN2012aw/2012aw_2012-06-16_00-06-15.926_VLT-UT1_FORS2_None.ascii::H_beta
C2_SN2012aw_spectral_state_00453,C2_SN2012aw,C2_SN2012aw,SN2012aw,70,2012aw_2012-06-16_00-06-15.926_VLT-UT1_FORS2_None,2012aw_2012-06-16_00-06-15.926_VLT-UT1_FORS2_None.ascii,2012-06-16 00:06:15.00,,late_decline_spectral_state,Fe_II_5169,Fe II 5169,Fe,5169,107,3.4100022e-13,-4.99454972897e-14,0.161853963007,280.088561723,-3259.99143714,84.8017669753,0.0444701310794,-4.77988610112e-14,0.153263646056,-76.318136064,16.43786377,1.0076273372,0.0423333078812,1,1,18.8159961401,date_ordered_line_window_proxy_change,late_decline_spectral_state,relaxation_spectral_state,yes,post-collapse spectral element-line structural state,C2_SN2012aw/2012aw_2012-06-16_00-06-15.926_VLT-UT1_FORS2_None.ascii::Fe_II_5169
C2_SN2012aw_spectral_state_00454,C2_SN2012aw,C2_SN2012aw,SN2012aw,70,2012aw_2012-06-16_00-06-15.926_VLT-UT1_FORS2_None,2012aw_2012-06-16_00-06-15.926_VLT-UT1_FORS2_None.ascii,2012-06-16 00:06:15.00,,late_decline_spectral_state,He_I_5876,He I 5876,He,5875.6,96,3.926188e-13,-3.27157196875e-14,0.189908006412,238.009042121,-4041.4834565,72.0687955156,0.0304050947499,-3.21928174161e-14,0.18109095571,-78.200830026,-415.98297918,-4.4791069668,0.0298837033197,1,1,17.8503414864,date_ordered_line_window_proxy_change,late_decline_spectral_state,relaxation_spectral_state,yes,post-collapse spectral element-line structural state,C2_SN2012aw/2012aw_2012-06-16_00-06-15.926_VLT-UT1_FORS2_None.ascii::He_I_5876
C2_SN2012aw_spectral_state_00455,C2_SN2012aw,C2_SN2012aw,SN2012aw,70,2012aw_2012-06-16_00-06-15.926_VLT-UT1_FORS2_None,2012aw_2012-06-16_00-06-15.926_VLT-UT1_FORS2_None.ascii,2012-06-16 00:06:15.00,,late_decline_spectral_state,Ni_Co_decay_proxy,Ni/Co decay proxy blend,NiCo,5890,155,3.6279444e-13,7.72910025806e-15,0.172179378718,377.316058935,-4764.54186625,116.376819358,0.00680989287772,7.29533031533e-15,0.163980520724,-135.224889975,-414.96597495,-0.866365186,0.00637809976053,1,1,13.9558911289,date_ordered_line_window_proxy_change,late_decline_spectral_state,relaxation_spectral_state,yes,post-collapse spectral element-line structural state,C2_SN2012aw/2012aw_2012-06-16_00-06-15.926_VLT-UT1_FORS2_None.ascii::Ni_Co_decay_proxy
C2_SN2012aw_spectral_state_00456,C2_SN2012aw,C2_SN2012aw,SN2012aw,70,2012aw_2012-06-16_00-06-15.926_VLT-UT1_FORS2_None,2012aw_2012-06-16_00-06-15.926_VLT-UT1_FORS2_None.ascii,2012-06-16 00:06:15.00,,late_decline_spectral_state,Si_II_6355,Si II 6355,Si,6355,96,4.27824025e-13,-1.28966259271e-13,0.220383065063,253.776381029,3851.35905026,74.1632556559,0.112321841065,-1.24136628911e-13,0.209392504192,-62.482163794,259.12502891,-3.1222836058,0.107515569325,1,1,35.0992848524,date_ordered_line_window_proxy_change,late_decline_spectral_state,relaxation_spectral_state,yes,post-collapse spectral element-line structural state,C2_SN2012aw/2012aw_2012-06-16_00-06-15.926_VLT-UT1_FORS2_None.ascii::Si_II_6355
C2_SN2012aw_spectral_state_00457,C2_SN2012aw,C2_SN2012aw,SN2012aw,70,2012aw_2012-06-16_00-06-15.926_VLT-UT1_FORS2_None,2012aw_2012-06-16_00-06-15.926_VLT-UT1_FORS2_None.ascii,2012-06-16 00:06:15.00,,late_decline_spectral_state,H_alpha,H alpha,H,6562.8,108,3.4047838e-13,1.23682422685e-13,0.169583182684,236.047363515,-736.187202683,76.8394485008,0.118297370834,1.19386151839e-13,0.162529348165,-117.988684262,-282.000587987,1.8525260348,0.114010434084,1,1,34.181544994,date_ordered_line_window_proxy_change,late_decline_spectral_state,relaxation_spectral_state,yes,post-collapse spectral element-line structural state,C2_SN2012aw/2012aw_2012-06-16_00-06-15.926_VLT-UT1_FORS2_None.ascii::H_alpha
C2_SN2012aw_spectral_state_00458,C2_SN2012aw,C2_SN2012aw,SN2012aw,70,2012aw_2012-06-16_00-06-15.926_VLT-UT1_FORS2_None,2012aw_2012-06-16_00-06-15.926_VLT-UT1_FORS2_None.ascii,2012-06-16 00:06:15.00,,late_decline_spectral_state,O_I_7774,O I 7774,O,7774,107,2.847679e-13,-1.03866152336e-14,0.125842761171,281.332803718,-6436.33716474,91.3719273761,0.00987642326246,-8.28866795909e-15,0.118991286542,-75.786649055,-180.39443602,-27.0511787049,0.00778046427637,1,1,10.9882667652,date_ordered_line_window_proxy_change,late_decline_spectral_state,relaxation_spectral_state,yes,post-collapse spectral element-line structural state,C2_SN2012aw/2012aw_2012-06-16_00-06-15.926_VLT-UT1_FORS2_None.ascii::O_I_7774
C2_SN2012aw_spectral_state_00459,C2_SN2012aw,C2_SN2012aw,SN2012aw,70,2012aw_2012-06-16_00-06-15.926_VLT-UT1_FORS2_None,2012aw_2012-06-16_00-06-15.926_VLT-UT1_FORS2_None.ascii,2012-06-16 00:06:15.00,,late_decline_spectral_state,Ca_II_NIR,Ca II near-infrared triplet,Ca,8579,216,2.0744067e-13,4.42746503472e-14,0.137570951623,571.603324403,2626.90095077,152.888550752,0.0419708638189,4.46858043771e-14,0.130672823657,-141.661408815,120.48793485,-13.392242111,0.0415602397932,1,1,19.7087417711,date_ordered_line_window_proxy_change,late_decline_spectral_state,relaxation_spectral_state,yes,post-collapse spectral element-line structural state,C2_SN2012aw/2012aw_2012-06-16_00-06-15.926_VLT-UT1_FORS2_None.ascii::Ca_II_NIR
C2_SN2012aw_spectral_state_00460,C2_SN2012aw,C2_SN2012aw,SN2012aw,71,SN_2012aw_2012-06-16_07-00-28_Keck1_LRIS_UCB-SNDB,SN_2012aw_2012-06-16_07-00-28_Keck1_LRIS_UCB-SNDB.flm,2012-06-16 07:00:28.00,,late_decline_spectral_state,H_beta,H beta,H,4861.3,280,1.994355,0.0947843928571,0.41424169719,-13.307375066,3265.23141216,74.5175780203,0.132694258941,0.0947843928571,0.329826824863,-236.355354829,-111.03766778,-1.1582542177,0.127094043646,1,1,1.17486078459e+13,date_ordered_line_window_proxy_change,late_decline_spectral_state,relaxation_spectral_state,yes,post-collapse spectral element-line structural state,C2_SN2012aw/SN_2012aw_2012-06-16_07-00-28_Keck1_LRIS_UCB-SNDB.flm::H_beta
C2_SN2012aw_spectral_state_00461,C2_SN2012aw,C2_SN2012aw,SN2012aw,71,SN_2012aw_2012-06-16_07-00-28_Keck1_LRIS_UCB-SNDB,SN_2012aw_2012-06-16_07-00-28_Keck1_LRIS_UCB-SNDB.flm,2012-06-16 07:00:28.00,,late_decline_spectral_state,Fe_II_5169,Fe II 5169,Fe,5169,360,2.615015,-0.342635563889,0.64372976828,47.16944377,-3494.80564562,86.723955739,0.376328126928,-0.342635563889,0.481875805273,-232.919117953,-234.81420848,1.9221887637,0.331857995849,1,1,4.24699758353e+13,date_ordered_line_window_proxy_change,late_decline_spectral_state,relaxation_spectral_state,yes,post-collapse spectral element-line structural state,C2_SN2012aw/SN_2012aw_2012-06-16_07-00-28_Keck1_LRIS_UCB-SNDB.flm::Fe_II_5169
C2_SN2012aw_spectral_state_00462,C2_SN2012aw,C2_SN2012aw,SN2012aw,71,SN_2012aw_2012-06-16_07-00-28_Keck1_LRIS_UCB-SNDB,SN_2012aw_2012-06-16_07-00-28_Keck1_LRIS_UCB-SNDB.flm,2012-06-16 07:00:28.00,,late_decline_spectral_state,He_I_5876,He I 5876,He,5875.6,320,3.06935,-0.24428723125,0.689025363676,25.4685565349,-3961.73883299,73.4454830115,0.409105791197,-0.24428723125,0.499117357264,-212.540485586,79.74462351,1.3766874959,0.378700696447,1,1,3.02796145569e+13,date_ordered_line_window_proxy_change,late_decline_spectral_state,relaxation_spectral_state,yes,post-collapse spectral element-line structural state,C2_SN2012aw/SN_2012aw_2012-06-16_07-00-28_Keck1_LRIS_UCB-SNDB.flm::He_I_5876
C2_SN2012aw_spectral_state_00463,C2_SN2012aw,C2_SN2012aw,SN2012aw,71,SN_2012aw_2012-06-16_07-00-28_Keck1_LRIS_UCB-SNDB,SN_2012aw_2012-06-16_07-00-28_Keck1_LRIS_UCB-SNDB.flm,2012-06-16 07:00:28.00,,late_decline_spectral_state,Ni_Co_decay_proxy,Ni/Co decay proxy blend,NiCo,5890,520,2.791135,0.0950666846154,0.658028006528,-17.7113167222,-4684.99220413,115.862348408,0.0941141693663,0.0950666846154,0.48584862781,-395.027375657,79.54966212,-0.51447095,0.0873042764886,1,1,1.17835981547e+13,date_ordered_line_window_proxy_change,late_decline_spectral_state,relaxation_spectral_state,yes,post-collapse spectral element-line structural state,C2_SN2012aw/SN_2012aw_2012-06-16_07-00-28_Keck1_LRIS_UCB-SNDB.flm::Ni_Co_decay_proxy
C2_SN2012aw_spectral_state_00464,C2_SN2012aw,C2_SN2012aw,SN2012aw,71,SN_2012aw_2012-06-16_07-00-28_Keck1_LRIS_UCB-SNDB,SN_2012aw_2012-06-16_07-00-28_Keck1_LRIS_UCB-SNDB.flm,2012-06-16 07:00:28.00,,late_decline_spectral_state,Si_II_6355,Si II 6355,Si,6355,320,3.313995,-1.0191177875,0.743380421515,98.4062112345,3976.32084627,74.7451333409,0.895368723242,-1.0191177875,0.522997356452,-155.370169794,124.96179601,0.581877685,0.783046882177,1,1,1.26320535198e+14,date_ordered_line_window_proxy_change,late_decline_spectral_state,relaxation_spectral_state,yes,post-collapse spectral element-line structural state,C2_SN2012aw/SN_2012aw_2012-06-16_07-00-28_Keck1_LRIS_UCB-SNDB.flm::Si_II_6355
C2_SN2012aw_spectral_state_00465,C2_SN2012aw,C2_SN2012aw,SN2012aw,71,SN_2012aw_2012-06-16_07-00-28_Keck1_LRIS_UCB-SNDB,SN_2012aw_2012-06-16_07-00-28_Keck1_LRIS_UCB-SNDB.flm,2012-06-16 07:00:28.00,,late_decline_spectral_state,H_alpha,H alpha,H,6562.8,360,2.56577,0.956532355556,0.668545504858,-134.209866044,-766.835376306,75.9702176168,2.81608589319,0.956532355556,0.498962322174,-370.257229559,-30.648173623,-0.869230884,2.69778852236,1,1,1.18563016533e+14,date_ordered_line_window_proxy_change,late_decline_spectral_state,relaxation_spectral_state,yes,post-collapse spectral element-line structural state,C2_SN2012aw/SN_2012aw_2012-06-16_07-00-28_Keck1_LRIS_UCB-SNDB.flm::H_alpha
C2_SN2012aw_spectral_state_00466,C2_SN2012aw,C2_SN2012aw,SN2012aw,71,SN_2012aw_2012-06-16_07-00-28_Keck1_LRIS_UCB-SNDB,SN_2012aw_2012-06-16_07-00-28_Keck1_LRIS_UCB-SNDB.flm,2012-06-16 07:00:28.00,,late_decline_spectral_state,O_I_7774,O I 7774,O,7774,360,2.14525,0.0414553611111,0.155557627316,-6.95673231541,-6.67459930631,77.1777946914,0.125057983149,0.0414553611111,0.029714866145,-288.289536033,6429.66256543,-14.1941326847,0.115181559887,1,1,5.1384280273e+12,date_ordered_line_window_proxy_change,late_decline_spectral_state,relaxation_spectral_state,yes,post-collapse spectral element-line structural state,C2_SN2012aw/SN_2012aw_2012-06-16_07-00-28_Keck1_LRIS_UCB-SNDB.flm::O_I_7774
C2_SN2012aw_spectral_state_00467,C2_SN2012aw,C2_SN2012aw,SN2012aw,71,SN_2012aw_2012-06-16_07-00-28_Keck1_LRIS_UCB-SNDB,SN_2012aw_2012-06-16_07-00-28_Keck1_LRIS_UCB-SNDB.flm,2012-06-16 07:00:28.00,,late_decline_spectral_state,Ca_II_NIR,Ca II near-infrared triplet,Ca,8579,720,1.772955,0.1517906375,0.833399606871,-61.6424325486,2709.49929633,156.006953948,0.509331880369,0.1517906375,0.695828655248,-633.245756952,82.59834556,3.118403196,0.46736101655,1,1,1.88145813981e+13,date_ordered_line_window_proxy_change,late_decline_spectral_state,relaxation_spectral_state,yes,post-collapse spectral element-line structural state,C2_SN2012aw/SN_2012aw_2012-06-16_07-00-28_Keck1_LRIS_UCB-SNDB.flm::Ca_II_NIR
C2_SN2012aw_spectral_state_00468,C2_SN2012aw,C2_SN2012aw,SN2012aw,72,2012aw_2012-06-27_15-28-48_HCT-2m_HFOSC_None,2012aw_2012-06-27_15-28-48_HCT-2m_HFOSC_None.txt,2012-06-27 15:28:48.00,,late_nebular_or_tail_spectral_state,H_beta,H beta,H,4861.3,192,3.23106520356e-15,1.01050120155e-16,0.00146192800922,279.006225128,3732.24233131,75.6926969862,0.000100932147559,-0.0947843928571,-0.412779769181,292.313600194,467.01091915,1.1751189659,-0.132593326793,1,1,1.1748607846e+13,date_ordered_line_window_proxy_change,late_nebular_or_tail_spectral_state,late_element_redistribution_state,yes,post-collapse spectral element-line structural state,C2_SN2012aw/2012aw_2012-06-27_15-28-48_HCT-2m_HFOSC_None.txt::H_beta
C2_SN2012aw_spectral_state_00469,C2_SN2012aw,C2_SN2012aw,SN2012aw,72,2012aw_2012-06-27_15-28-48_HCT-2m_HFOSC_None,2012aw_2012-06-27_15-28-48_HCT-2m_HFOSC_None.txt,2012-06-27 15:28:48.00,,late_nebular_or_tail_spectral_state,Fe_II_5169,Fe II 5169,Fe,5169,247,3.93181608387e-15,-3.78747579344e-16,0.00240982559261,358.851458913,-8600.67649419,88.0055532866,0.000378236946042,0.342635563889,-0.641319942687,311.682015143,-5105.87084857,1.2815975476,-0.375949889982,1,1,4.24699758353e+13,date_ordered_line_window_proxy_change,late_nebular_or_tail_spectral_state,late_element_redistribution_state,yes,post-collapse spectral element-line structural state,C2_SN2012aw/2012aw_2012-06-27_15-28-48_HCT-2m_HFOSC_None.txt::Fe_II_5169
C2_SN2012aw_spectral_state_00470,C2_SN2012aw,C2_SN2012aw,SN2012aw,72,2012aw_2012-06-27_15-28-48_HCT-2m_HFOSC_None,2012aw_2012-06-27_15-28-48_HCT-2m_HFOSC_None.txt,2012-06-27 15:28:48.00,,late_nebular_or_tail_spectral_state,He_I_5876,He I 5876,He,5875.6,219,3.26548898338e-15,-1.45667845029e-16,0.00223136312699,318.309077249,-3996.93057321,71.8400774983,0.000145517367502,0.24428723125,-0.686794000549,292.840520714,-35.19174022,-1.6054055132,-0.408960273829,1,1,3.02796145569e+13,date_ordered_line_window_proxy_change,late_nebular_or_tail_spectral_state,late_element_redistribution_state,yes,post-collapse spectral element-line structural state,C2_SN2012aw/2012aw_2012-06-27_15-28-48_HCT-2m_HFOSC_None.txt::He_I_5876
C2_SN2012aw_spectral_state_00471,C2_SN2012aw,C2_SN2012aw,SN2012aw,72,2012aw_2012-06-27_15-28-48_HCT-2m_HFOSC_None,2012aw_2012-06-27_15-28-48_HCT-2m_HFOSC_None.txt,2012-06-27 15:28:48.00,,late_nebular_or_tail_spectral_state,Ni_Co_decay_proxy,Ni/Co decay proxy blend,NiCo,5890,357,3.28730531224e-15,-5.35618916725e-17,0.00225305945324,518.828332153,-4720.09790682,120.952220527,5.34868082328e-05,-0.0950666846154,-0.655774947075,536.539648875,-35.10570269,5.089872119,-0.0940606825581,1,1,1.17835981547e+13,date_ordered_line_window_proxy_change,late_nebular_or_tail_spectral_state,late_element_redistribution_state,yes,post-collapse spectral element-line structural state,C2_SN2012aw/2012aw_2012-06-27_15-28-48_HCT-2m_HFOSC_None.txt::Ni_Co_decay_proxy
C2_SN2012aw_spectral_state_00472,C2_SN2012aw,C2_SN2012aw,SN2012aw,72,2012aw_2012-06-27_15-28-48_HCT-2m_HFOSC_None,2012aw_2012-06-27_15-28-48_HCT-2m_HFOSC_None.txt,2012-06-27 15:28:48.00,,late_nebular_or_tail_spectral_state,Si_II_6355,Si II 6355,Si,6355,220,3.42211229055e-15,-1.09276339294e-15,0.00251996060968,320.0153862,4217.15693363,81.057354401,0.00109140004351,1.0191177875,-0.740860460905,221.609174966,240.83608736,6.3122210601,-0.894277323198,1,1,1.26320535198e+14,date_ordered_line_window_proxy_change,late_nebular_or_tail_spectral_state,late_element_redistribution_state,yes,post-collapse spectral element-line structural state,C2_SN2012aw/2012aw_2012-06-27_15-28-48_HCT-2m_HFOSC_None.txt::Si_II_6355
C2_SN2012aw_spectral_state_00473,C2_SN2012aw,C2_SN2012aw,SN2012aw,72,2012aw_2012-06-27_15-28-48_HCT-2m_HFOSC_None,2012aw_2012-06-27_15-28-48_HCT-2m_HFOSC_None.txt,2012-06-27 15:28:48.00,,late_nebular_or_tail_spectral_state,H_alpha,H alpha,H,6562.8,247,2.6328928468e-15,1.04781553169e-15,0.00173479721892,358.803961999,-559.413240873,75.0107482069,0.00104738672052,-0.956532355556,-0.666810707639,493.013828043,207.422135433,-0.9594694099,-2.81503850647,1,1,1.18563016533e+14,date_ordered_line_window_proxy_change,late_nebular_or_tail_spectral_state,late_element_redistribution_state,yes,post-collapse spectral element-line structural state,C2_SN2012aw/2012aw_2012-06-27_15-28-48_HCT-2m_HFOSC_None.txt::H_alpha
C2_SN2012aw_spectral_state_00474,C2_SN2012aw,C2_SN2012aw,SN2012aw,72,2012aw_2012-06-27_15-28-48_HCT-2m_HFOSC_None,2012aw_2012-06-27_15-28-48_HCT-2m_HFOSC_None.txt,2012-06-27 15:28:48.00,,late_nebular_or_tail_spectral_state,O_I_7774,O I 7774,O,7774,247,2.07739641166e-15,-1.04767876369e-16,0.00123086048562,359.417077888,-6466.24314567,111.061792106,0.000104719213934,-0.0414553611111,-0.15432676683,366.373810203,-6459.56854636,33.8839974146,-0.124953263935,1,1,5.13842802731e+12,date_ordered_line_window_proxy_change,late_nebular_or_tail_spectral_state,late_element_redistribution_state,yes,post-collapse spectral element-line structural state,C2_SN2012aw/2012aw_2012-06-27_15-28-48_HCT-2m_HFOSC_None.txt::O_I_7774
C2_SN2012aw_spectral_state_00475,C2_SN2012aw,C2_SN2012aw,SN2012aw,72,2012aw_2012-06-27_15-28-48_HCT-2m_HFOSC_None,2012aw_2012-06-27_15-28-48_HCT-2m_HFOSC_None.txt,2012-06-27 15:28:48.00,,late_nebular_or_tail_spectral_state,Ca_II_NIR,Ca II near-infrared triplet,Ca,8579,494,1.26706373997e-15,3.94669559486e-16,0.00175095928861,719.056647855,7934.55021994,169.326990641,0.000394440365663,-0.1517906375,-0.831648647582,780.699080404,5225.05092361,13.320036693,-0.508937440003,1,1,1.88145813981e+13,date_ordered_line_window_proxy_change,late_nebular_or_tail_spectral_state,late_element_redistribution_state,yes,post-collapse spectral element-line structural state,C2_SN2012aw/2012aw_2012-06-27_15-28-48_HCT-2m_HFOSC_None.txt::Ca_II_NIR
C2_SN2012aw_spectral_state_00476,C2_SN2012aw,C2_SN2012aw,SN2012aw,73,2012aw_2012-07-01_23-34-24.319_VLT-UT1_FORS2_None,2012aw_2012-07-01_23-34-24.319_VLT-UT1_FORS2_None.ascii,2012-07-01 23:34:24.00,,late_nebular_or_tail_spectral_state,H_beta,H beta,H,4861.3,84,2.0151434e-13,3.88710897619e-15,0.0816134329283,232.826590026,3787.55745129,75.3932911139,0.0036262554088,3.78605885604e-15,0.0801515049191,-46.179635102,55.31511998,-0.2994058723,0.00352532326124,1,1,6.23392914649,date_ordered_line_window_proxy_change,late_nebular_or_tail_spectral_state,late_element_redistribution_state,yes,post-collapse spectral element-line structural state,C2_SN2012aw/2012aw_2012-07-01_23-34-24.319_VLT-UT1_FORS2_None.ascii::H_beta
C2_SN2012aw_spectral_state_00477,C2_SN2012aw,C2_SN2012aw,SN2012aw,73,2012aw_2012-07-01_23-34-24.319_VLT-UT1_FORS2_None,2012aw_2012-07-01_23-34-24.319_VLT-UT1_FORS2_None.ascii,2012-07-01 23:34:24.00,,late_nebular_or_tail_spectral_state,Fe_II_5169,Fe II 5169,Fe,5169,107,2.84651155e-13,-4.88731283645e-14,0.149208175507,292.07555766,-3259.99143714,82.9404880837,0.0439940672808,-4.84943807852e-14,0.146798349914,-66.775901253,5340.68505705,-5.0650652029,0.0436158303348,1,1,20.830114024,date_ordered_line_window_proxy_change,late_nebular_or_tail_spectral_state,late_element_redistribution_state,yes,post-collapse spectral element-line structural state,C2_SN2012aw/2012aw_2012-07-01_23-34-24.319_VLT-UT1_FORS2_None.ascii::Fe_II_5169
C2_SN2012aw_spectral_state_00478,C2_SN2012aw,C2_SN2012aw,SN2012aw,73,2012aw_2012-07-01_23-34-24.319_VLT-UT1_FORS2_None,2012aw_2012-07-01_23-34-24.319_VLT-UT1_FORS2_None.ascii,2012-07-01 23:34:24.00,,late_nebular_or_tail_spectral_state,He_I_5876,He I 5876,He,5875.6,96,3.2796465e-13,-2.89437044063e-14,0.183673865114,248.68524723,-4381.77145426,73.5765843107,0.0269793440387,-2.87980365613e-14,0.181442501987,-69.623830019,-384.84088105,1.7365068124,0.0268338266712,1,1,16.8761751891,date_ordered_line_window_proxy_change,late_nebular_or_tail_spectral_state,late_element_redistribution_state,yes,post-collapse spectral element-line structural state,C2_SN2012aw/2012aw_2012-07-01_23-34-24.319_VLT-UT1_FORS2_None.ascii::He_I_5876
C2_SN2012aw_spectral_state_00479,C2_SN2012aw,C2_SN2012aw,SN2012aw,73,2012aw_2012-07-01_23-34-24.319_VLT-UT1_FORS2_None,2012aw_2012-07-01_23-34-24.319_VLT-UT1_FORS2_None.ascii,2012-07-01 23:34:24.00,,late_nebular_or_tail_spectral_state,Ni_Co_decay_proxy,Ni/Co decay proxy blend,NiCo,5890,155,3.0067505e-13,5.32774198065e-15,0.166546440635,396.293166353,-5103.99792052,116.93587007,0.00478523132432,5.38130387232e-15,0.164293381182,-122.5351658,-383.9000137,-4.016350457,0.00473174451609,1,1,13.3525207302,date_ordered_line_window_proxy_change,late_nebular_or_tail_spectral_state,late_element_redistribution_state,yes,post-collapse spectral element-line structural state,C2_SN2012aw/2012aw_2012-07-01_23-34-24.319_VLT-UT1_FORS2_None.ascii::Ni_Co_decay_proxy
C2_SN2012aw_spectral_state_00480,C2_SN2012aw,C2_SN2012aw,SN2012aw,73,2012aw_2012-07-01_23-34-24.319_VLT-UT1_FORS2_None,2012aw_2012-07-01_23-34-24.319_VLT-UT1_FORS2_None.ascii,2012-07-01 23:34:24.00,,late_nebular_or_tail_spectral_state,Si_II_6355,Si II 6355,Si,6355,96,3.57756585e-13,-1.11854543854e-13,0.203544286254,262.827606442,4008.66795345,78.5268091204,0.0978574617535,-1.10761780461e-13,0.201024325644,-57.187779758,-208.48898018,-2.5305452806,0.09676606171,1,1,32.1203315069,date_ordered_line_window_proxy_change,late_nebular_or_tail_spectral_state,late_element_redistribution_state,yes,post-collapse spectral element-line structural state,C2_SN2012aw/2012aw_2012-07-01_23-34-24.319_VLT-UT1_FORS2_None.ascii::Si_II_6355
C2_SN2012aw_spectral_state_00481,C2_SN2012aw,C2_SN2012aw,SN2012aw,73,2012aw_2012-07-01_23-34-24.319_VLT-UT1_FORS2_None,2012aw_2012-07-01_23-34-24.319_VLT-UT1_FORS2_None.ascii,2012-07-01 23:34:24.00,,late_nebular_or_tail_spectral_state,H_alpha,H alpha,H,6562.8,108,2.7253445e-13,1.19075346111e-13,0.150205332359,249.957781275,-583.85922075,74.4192503218,0.113880678192,1.18027530579e-13,0.14847053514,-108.846180724,-24.445979877,-0.5914978851,0.112833291471,1,1,32.7904835215,date_ordered_line_window_proxy_change,late_nebular_or_tail_spectral_state,late_element_redistribution_state,yes,post-collapse spectral element-line structural state,C2_SN2012aw/2012aw_2012-07-01_23-34-24.319_VLT-UT1_FORS2_None.ascii::H_alpha
C2_SN2012aw_spectral_state_00482,C2_SN2012aw,C2_SN2012aw,SN2012aw,73,2012aw_2012-07-01_23-34-24.319_VLT-UT1_FORS2_None,2012aw_2012-07-01_23-34-24.319_VLT-UT1_FORS2_None.ascii,2012-07-01 23:34:24.00,,late_nebular_or_tail_spectral_state,O_I_7774,O I 7774,O,7774,107,2.25613155e-13,-6.38046391589e-15,0.110912839378,293.742137566,-6436.33716474,89.3951754245,0.00611130977185,-6.27569603952e-15,0.109681978892,-65.674940322,29.90598093,-21.6666166815,0.00600659055792,1,1,9.58031462699,date_ordered_line_window_proxy_change,late_nebular_or_tail_spectral_state,late_element_redistribution_state,yes,post-collapse spectral element-line structural state,C2_SN2012aw/2012aw_2012-07-01_23-34-24.319_VLT-UT1_FORS2_None.ascii::O_I_7774
C2_SN2012aw_spectral_state_00483,C2_SN2012aw,C2_SN2012aw,SN2012aw,73,2012aw_2012-07-01_23-34-24.319_VLT-UT1_FORS2_None,2012aw_2012-07-01_23-34-24.319_VLT-UT1_FORS2_None.ascii,2012-07-01 23:34:24.00,,late_nebular_or_tail_spectral_state,Ca_II_NIR,Ca II near-infrared triplet,Ca,8579,216,1.7112428e-13,3.69402467778e-14,0.117597567015,593.851269853,3209.54349642,149.282472097,0.0355147356694,3.65455772183e-14,0.115846607726,-125.205378002,-4725.00672352,-20.044518544,0.0351202953037,1,1,19.2838028712,date_ordered_line_window_proxy_change,late_nebular_or_tail_spectral_state,late_element_redistribution_state,yes,post-collapse spectral element-line structural state,C2_SN2012aw/2012aw_2012-07-01_23-34-24.319_VLT-UT1_FORS2_None.ascii::Ca_II_NIR
C2_SN2012aw_spectral_state_00484,C2_SN2012aw,C2_SN2012aw,SN2012aw,74,2012aw_2012-07-14_23-29-27.419_VLT-UT1_FORS2_None,2012aw_2012-07-14_23-29-27.419_VLT-UT1_FORS2_None.ascii,2012-07-14 23:29:27.00,,late_nebular_or_tail_spectral_state,H_beta,H beta,H,4861.3,84,2.05020005e-14,-1.83422083333e-16,0.0113809620112,275.244574426,3787.55745129,77.1401213858,0.000182128562798,-4.07053105952e-15,-0.0702324709171,42.4179844,0,1.7468302719,-0.003444126846,1,1,5.67851047527,date_ordered_line_window_proxy_change,late_nebular_or_tail_spectral_state,late_element_redistribution_state,yes,post-collapse spectral element-line structural state,C2_SN2012aw/2012aw_2012-07-14_23-29-27.419_VLT-UT1_FORS2_None.ascii::H_beta
C2_SN2012aw_spectral_state_00485,C2_SN2012aw,C2_SN2012aw,SN2012aw,74,2012aw_2012-07-14_23-29-27.419_VLT-UT1_FORS2_None,2012aw_2012-07-14_23-29-27.419_VLT-UT1_FORS2_None.ascii,2012-07-14 23:29:27.00,,late_nebular_or_tail_spectral_state,Fe_II_5169,Fe II 5169,Fe,5169,107,2.9047474e-14,-5.37283055607e-15,0.019691645441,349.501626151,-3259.99143714,82.5505991087,0.00531020627062,4.35002978084e-14,-0.129516530066,57.426068491,0,-0.389888975,-0.0386838610102,1,1,16.2455860715,date_ordered_line_window_proxy_change,late_nebular_or_tail_spectral_state,late_element_redistribution_state,yes,post-collapse spectral element-line structural state,C2_SN2012aw/2012aw_2012-07-14_23-29-27.419_VLT-UT1_FORS2_None.ascii::Fe_II_5169
C2_SN2012aw_spectral_state_00486,C2_SN2012aw,C2_SN2012aw,SN2012aw,74,2012aw_2012-07-14_23-29-27.419_VLT-UT1_FORS2_None,2012aw_2012-07-14_23-29-27.419_VLT-UT1_FORS2_None.ascii,2012-07-14 23:29:27.00,,late_nebular_or_tail_spectral_state,He_I_5876,He I 5876,He,5875.6,96,3.6062357e-14,-3.1347297e-15,0.027421881326,310.755120897,-4892.20345091,75.0051056146,0.00311013486855,2.58089747063e-14,-0.156251983788,62.069873667,-510.43199665,1.4285213039,-0.0238692091702,1,1,14.8527494752,date_ordered_line_window_proxy_change,late_nebular_or_tail_spectral_state,late_element_redistribution_state,yes,post-collapse spectral element-line structural state,C2_SN2012aw/2012aw_2012-07-14_23-29-27.419_VLT-UT1_FORS2_None.ascii::He_I_5876
C2_SN2012aw_spectral_state_00487,C2_SN2012aw,C2_SN2012aw,SN2012aw,74,2012aw_2012-07-14_23-29-27.419_VLT-UT1_FORS2_None,2012aw_2012-07-14_23-29-27.419_VLT-UT1_FORS2_None.ascii,2012-07-14 23:29:27.00,,late_nebular_or_tail_spectral_state,Ni_Co_decay_proxy,Ni/Co decay proxy blend,NiCo,5890,155,3.15230835e-14,1.72697940194e-15,0.0231419983535,501.505581102,497.026974937,118.254303968,0.00170447928994,-3.60076257871e-15,-0.143404442281,105.212414749,5601.02489546,1.318433898,-0.00308075203438,1,1,13.6042002519,date_ordered_line_window_proxy_change,late_nebular_or_tail_spectral_state,late_element_redistribution_state,yes,post-collapse spectral element-line structural state,C2_SN2012aw/2012aw_2012-07-14_23-29-27.419_VLT-UT1_FORS2_None.ascii::Ni_Co_decay_proxy
C2_SN2012aw_spectral_state_00488,C2_SN2012aw,C2_SN2012aw,SN2012aw,74,2012aw_2012-07-14_23-29-27.419_VLT-UT1_FORS2_None,2012aw_2012-07-14_23-29-27.419_VLT-UT1_FORS2_None.ascii,2012-07-14 23:29:27.00,,late_nebular_or_tail_spectral_state,Si_II_6355,Si II 6355,Si,6355,96,3.95686215e-14,-1.16219662458e-14,0.0304097130735,312.327346332,3851.35905026,78.2622047637,0.0114172407787,1.00232577608e-13,-0.173134573181,49.49973989,-157.30890319,-0.2646043567,-0.0864402209748,1,1,28.3960878739,date_ordered_line_window_proxy_change,late_nebular_or_tail_spectral_state,late_element_redistribution_state,yes,post-collapse spectral element-line structural state,C2_SN2012aw/2012aw_2012-07-14_23-29-27.419_VLT-UT1_FORS2_None.ascii::Si_II_6355
C2_SN2012aw_spectral_state_00489,C2_SN2012aw,C2_SN2012aw,SN2012aw,74,2012aw_2012-07-14_23-29-27.419_VLT-UT1_FORS2_None,2012aw_2012-07-14_23-29-27.419_VLT-UT1_FORS2_None.ascii,2012-07-14 23:29:27.00,,late_nebular_or_tail_spectral_state,H_alpha,H alpha,H,6562.8,108,3.0957982e-14,1.47486441333e-14,0.0223116212315,345.067073551,-583.85922075,72.6390942919,0.0146748154496,-1.04326701978e-13,-0.127893711128,95.109292276,0,-1.7801560299,-0.0992058627424,1,1,28.7911942984,date_ordered_line_window_proxy_change,late_nebular_or_tail_spectral_state,late_element_redistribution_state,yes,post-collapse spectral element-line structural state,C2_SN2012aw/2012aw_2012-07-14_23-29-27.419_VLT-UT1_FORS2_None.ascii::H_alpha
C2_SN2012aw_spectral_state_00490,C2_SN2012aw,C2_SN2012aw,SN2012aw,74,2012aw_2012-07-14_23-29-27.419_VLT-UT1_FORS2_None,2012aw_2012-07-14_23-29-27.419_VLT-UT1_FORS2_None.ascii,2012-07-14 23:29:27.00,,late_nebular_or_tail_spectral_state,O_I_7774,O I 7774,O,7774,107,2.57483985e-14,4.75713588785e-16,0.0162115393252,348.58602386,-6564.93223547,86.3528044467,0.00047318987089,6.85617750467e-15,-0.0947013000528,54.843886294,-128.59507073,-3.0423709778,-0.00563811990096,1,1,7.88406581842,date_ordered_line_window_proxy_change,late_nebular_or_tail_spectral_state,late_element_redistribution_state,yes,post-collapse spectral element-line structural state,C2_SN2012aw/2012aw_2012-07-14_23-29-27.419_VLT-UT1_FORS2_None.ascii::O_I_7774
C2_SN2012aw_spectral_state_00491,C2_SN2012aw,C2_SN2012aw,SN2012aw,74,2012aw_2012-07-14_23-29-27.419_VLT-UT1_FORS2_None,2012aw_2012-07-14_23-29-27.419_VLT-UT1_FORS2_None.ascii,2012-07-14 23:29:27.00,,late_nebular_or_tail_spectral_state,Ca_II_NIR,Ca II near-infrared triplet,Ca,8579,216,2.0774252e-14,5.84983666481e-15,0.0160774624437,703.314744061,2859.95796903,143.359801873,0.00582297234373,-3.1090410113e-14,-0.101520104571,109.463474208,-349.58552739,-5.922670224,-0.0296917633257,1,1,14.6300776449,date_ordered_line_window_proxy_change,late_nebular_or_tail_spectral_state,late_element_redistribution_state,yes,post-collapse spectral element-line structural state,C2_SN2012aw/2012aw_2012-07-14_23-29-27.419_VLT-UT1_FORS2_None.ascii::Ca_II_NIR
C2_SN2012aw_spectral_state_00492,C2_SN2012aw,C2_SN2012aw,SN2012aw,75,2012aw_2012-11-21_00-00-00_WHT-4.2m_ISIS_None,2012aw_2012-11-21_00-00-00_WHT-4.2m_ISIS_None.dat,2012-11-21 00:00:00.00,,late_nebular_or_tail_spectral_state,H_beta,H beta,H,4861.3,325,4.341424e-16,-5.15568088e-17,0.000375695304739,279.8494898,-3024.96710966,69.2564637034,5.15513476452e-05,1.31865274533e-16,-0.0110052667065,4.604915374,-6812.52456095,-7.8836576824,-0.000130577215153,1,1,4.01989351514,date_ordered_line_window_proxy_change,late_nebular_or_tail_spectral_state,late_element_redistribution_state,yes,post-collapse spectral element-line structural state,C2_SN2012aw/2012aw_2012-11-21_00-00-00_WHT-4.2m_ISIS_None.dat::H_beta
C2_SN2012aw_spectral_state_00493,C2_SN2012aw,C2_SN2012aw,SN2012aw,75,2012aw_2012-11-21_00-00-00_WHT-4.2m_ISIS_None,2012aw_2012-11-21_00-00-00_WHT-4.2m_ISIS_None.dat,2012-11-21 00:00:00.00,,late_nebular_or_tail_spectral_state,Fe_II_5169,Fe II 5169,Fe,5169,418,4.810629e-16,1.28814557416e-17,0.000228901883796,359.88942675,-2253.61578227,101.903743773,1.28793753552e-05,5.38571201181e-15,-0.0194627435572,10.387800599,1006.37565487,19.3531446643,-0.00529732689526,1,1,3.52398228493,date_ordered_line_window_proxy_change,late_nebular_or_tail_spectral_state,late_element_redistribution_state,yes,post-collapse spectral element-line structural state,C2_SN2012aw/2012aw_2012-11-21_00-00-00_WHT-4.2m_ISIS_None.dat::Fe_II_5169
C2_SN2012aw_spectral_state_00494,C2_SN2012aw,C2_SN2012aw,SN2012aw,75,2012aw_2012-11-21_00-00-00_WHT-4.2m_ISIS_None,2012aw_2012-11-21_00-00-00_WHT-4.2m_ISIS_None.dat,2012-11-21 00:00:00.00,,late_nebular_or_tail_spectral_state,He_I_5876,He I 5876,He,5875.6,372,4.8564325e-16,-8.36355804032e-17,0.000421873499982,320.31381707,1023.95749269,73.1580763425,8.36261398525e-05,3.0510941196e-15,-0.027000007826,9.558696173,5916.1609436,-1.8470292721,-0.0030265087287,1,1,4.91263286295,date_ordered_line_window_proxy_change,late_nebular_or_tail_spectral_state,late_element_redistribution_state,yes,post-collapse spectral element-line structural state,C2_SN2012aw/2012aw_2012-11-21_00-00-00_WHT-4.2m_ISIS_None.dat::He_I_5876
C2_SN2012aw_spectral_state_00495,C2_SN2012aw,C2_SN2012aw,SN2012aw,75,2012aw_2012-11-21_00-00-00_WHT-4.2m_ISIS_None,2012aw_2012-11-21_00-00-00_WHT-4.2m_ISIS_None.dat,2012-11-21 00:00:00.00,,late_nebular_or_tail_spectral_state,Ni_Co_decay_proxy,Ni/Co decay proxy blend,NiCo,5890,604,5.4495225e-16,-1.42484729983e-16,0.000481125189745,520.079196682,-5790.06235953,127.020523145,0.000142427975144,-1.86946413192e-15,-0.0226608731638,18.57361558,-6287.08933447,8.766219177,-0.0015620513148,1,1,5.14389214934,date_ordered_line_window_proxy_change,late_nebular_or_tail_spectral_state,late_element_redistribution_state,yes,post-collapse spectral element-line structural state,C2_SN2012aw/2012aw_2012-11-21_00-00-00_WHT-4.2m_ISIS_None.dat::Ni_Co_decay_proxy
C2_SN2012aw_spectral_state_00496,C2_SN2012aw,C2_SN2012aw,SN2012aw,75,2012aw_2012-11-21_00-00-00_WHT-4.2m_ISIS_None,2012aw_2012-11-21_00-00-00_WHT-4.2m_ISIS_None.dat,2012-11-21 00:00:00.00,,late_nebular_or_tail_spectral_state,Si_II_6355,Si II 6355,Si,6355,372,4.995547e-16,1.32976620699e-16,0.000357522597906,320.239986151,-3267.57370353,80.4135625108,0.000132807262527,1.17549428665e-14,-0.0300521904756,7.912639819,-7118.93275379,2.1513577471,-0.0112844335162,1,1,7.16214693965,date_ordered_line_window_proxy_change,late_nebular_or_tail_spectral_state,late_element_redistribution_state,yes,post-collapse spectral element-line structural state,C2_SN2012aw/2012aw_2012-11-21_00-00-00_WHT-4.2m_ISIS_None.dat::Si_II_6355
C2_SN2012aw_spectral_state_00497,C2_SN2012aw,C2_SN2012aw,SN2012aw,75,2012aw_2012-11-21_00-00-00_WHT-4.2m_ISIS_None,2012aw_2012-11-21_00-00-00_WHT-4.2m_ISIS_None.dat,2012-11-21 00:00:00.00,,late_nebular_or_tail_spectral_state,H_alpha,H alpha,H,6562.8,418,3.5991425e-16,1.04665265144e-15,0.000217982295066,359.560918009,-175.792744553,44.4337923816,0.00104636267346,-1.37019914819e-14,-0.0220936389364,14.493844458,408.066476197,-28.2053019103,-0.0136284527761,1,1,5.4234993811,date_ordered_line_window_proxy_change,late_nebular_or_tail_spectral_state,late_element_redistribution_state,yes,post-collapse spectral element-line structural state,C2_SN2012aw/2012aw_2012-11-21_00-00-00_WHT-4.2m_ISIS_None.dat::H_alpha
C2_SN2012aw_spectral_state_00498,C2_SN2012aw,C2_SN2012aw,SN2012aw,75,2012aw_2012-11-21_00-00-00_WHT-4.2m_ISIS_None,2012aw_2012-11-21_00-00-00_WHT-4.2m_ISIS_None.dat,2012-11-21 00:00:00.00,,late_nebular_or_tail_spectral_state,O_I_7774,O I 7774,O,7774,418,3.836246e-16,-3.25710984211e-17,0.000335617818749,359.940840014,-2557.95568063,103.706221698,3.25617967329e-05,-5.08284687206e-16,-0.0158759215065,11.354816154,4006.97655484,17.3534172513,-0.000440628074157,1,1,3.67781894764,date_ordered_line_window_proxy_change,late_nebular_or_tail_spectral_state,late_element_redistribution_state,yes,post-collapse spectral element-line structural state,C2_SN2012aw/2012aw_2012-11-21_00-00-00_WHT-4.2m_ISIS_None.dat::O_I_7774
C2_SN2012aw_spectral_state_00499,C2_SN2012aw,C2_SN2012aw,SN2012aw,75,2012aw_2012-11-21_00-00-00_WHT-4.2m_ISIS_None,2012aw_2012-11-21_00-00-00_WHT-4.2m_ISIS_None.dat,2012-11-21 00:00:00.00,,late_nebular_or_tail_spectral_state,Ca_II_NIR,Ca II near-infrared triplet,Ca,8579,836,3.1393165e-16,4.95456078349e-16,0.000157052646204,719.551703767,-1805.87982843,111.069086399,0.000495417468823,-5.35438058646e-15,-0.0159204097975,16.236959706,-4665.83779746,-32.290715474,-0.00532755487491,1,1,5.59120329459,date_ordered_line_window_proxy_change,late_nebular_or_tail_spectral_state,late_element_redistribution_state,yes,post-collapse spectral element-line structural state,C2_SN2012aw/2012aw_2012-11-21_00-00-00_WHT-4.2m_ISIS_None.dat::Ca_II_NIR
C2_SN2012aw_spectral_state_00500,C2_SN2012aw,C2_SN2012aw,SN2012aw,76,2012aw_2012-12-10_21-01-26_HCT-2m_HFOSC_None,2012aw_2012-12-10_21-01-26_HCT-2m_HFOSC_None.txt,2012-12-10 21:01:26.00,,late_nebular_or_tail_spectral_state,H_beta,H beta,H,4861.3,156,3.64232695279e-18,-4.96153075329e-19,2.87185857879e-06,279.083121956,-2692.57397939,70.4236570247,4.96152612327e-07,5.10606557247e-17,-0.00037282344616,-0.766367844,332.39313027,1.1671933213,-5.10551950329e-05,1,1,0.289554594475,date_ordered_line_window_proxy_change,late_nebular_or_tail_spectral_state,late_element_redistribution_state,yes,post-collapse spectral element-line structural state,C2_SN2012aw/2012aw_2012-12-10_21-01-26_HCT-2m_HFOSC_None.txt::H_beta
C2_SN2012aw_spectral_state_00501,C2_SN2012aw,C2_SN2012aw,SN2012aw,76,2012aw_2012-12-10_21-01-26_HCT-2m_HFOSC_None,2012aw_2012-12-10_21-01-26_HCT-2m_HFOSC_None.txt,2012-12-10 21:01:26.00,,late_nebular_or_tail_spectral_state,Fe_II_5169,Fe II 5169,Fe,5169,201,4.93327100848e-18,-1.94483933035e-19,2.26242702739e-06,359.587295993,-2164.05779818,98.8403843644,1.94483577268e-07,-1.30759396746e-17,-0.000226639456769,-0.302130757,89.55798409,-3.0633594086,-1.26848917779e-05,1,1,0.227294267152,date_ordered_line_window_proxy_change,late_nebular_or_tail_spectral_state,late_element_redistribution_state,yes,post-collapse spectral element-line structural state,C2_SN2012aw/2012aw_2012-12-10_21-01-26_HCT-2m_HFOSC_None.txt::Fe_II_5169
C2_SN2012aw_spectral_state_00502,C2_SN2012aw,C2_SN2012aw,SN2012aw,76,2012aw_2012-12-10_21-01-26_HCT-2m_HFOSC_None,2012aw_2012-12-10_21-01-26_HCT-2m_HFOSC_None.txt,2012-12-10 21:01:26.00,,late_nebular_or_tail_spectral_state,He_I_5876,He I 5876,He,5875.6,179,4.91649846141e-18,-4.08214818409e-19,3.98335995153e-06,320.229556315,919.096530771,72.3059542617,4.08214324955e-07,8.32273655848e-17,-0.00041789014003,-0.084260755,-104.860961919,-0.8521220808,-8.32179255275e-05,1,1,0.166964331988,date_ordered_line_window_proxy_change,late_nebular_or_tail_spectral_state,late_element_redistribution_state,yes,post-collapse spectral element-line structural state,C2_SN2012aw/2012aw_2012-12-10_21-01-26_HCT-2m_HFOSC_None.txt::He_I_5876
C2_SN2012aw_spectral_state_00503,C2_SN2012aw,C2_SN2012aw,SN2012aw,76,2012aw_2012-12-10_21-01-26_HCT-2m_HFOSC_None,2012aw_2012-12-10_21-01-26_HCT-2m_HFOSC_None.txt,2012-12-10 21:01:26.00,,late_nebular_or_tail_spectral_state,Ni_Co_decay_proxy,Ni/Co decay proxy blend,NiCo,5890,291,5.47134302511e-18,-1.05266074546e-18,4.53819926936e-06,520.596699651,183.910387267,123.665064493,1.05265763883e-06,1.41432069238e-16,-0.000476586990476,0.517502969,5973.9727468,-3.355458652,-0.000141375317505,1,1,2.83102441344,date_ordered_line_window_proxy_change,late_nebular_or_tail_spectral_state,late_element_redistribution_state,yes,post-collapse spectral element-line structural state,C2_SN2012aw/2012aw_2012-12-10_21-01-26_HCT-2m_HFOSC_None.txt::Ni_Co_decay_proxy
C2_SN2012aw_spectral_state_00504,C2_SN2012aw,C2_SN2012aw,SN2012aw,76,2012aw_2012-12-10_21-01-26_HCT-2m_HFOSC_None,2012aw_2012-12-10_21-01-26_HCT-2m_HFOSC_None.txt,2012-12-10 21:01:26.00,,late_nebular_or_tail_spectral_state,Si_II_6355,Si II 6355,Si,6355,179,4.62940066329e-18,9.37500445682e-19,3.51748416601e-06,320.229217314,-3162.61246028,80.5529462575,9.37491877899e-07,-1.32039120253e-16,-0.00035400511374,-0.010768837,104.96124325,0.1393837467,-0.000131869770649,1,1,0.143879608256,date_ordered_line_window_proxy_change,late_nebular_or_tail_spectral_state,late_element_redistribution_state,yes,post-collapse spectral element-line structural state,C2_SN2012aw/2012aw_2012-12-10_21-01-26_HCT-2m_HFOSC_None.txt::Si_II_6355
C2_SN2012aw_spectral_state_00505,C2_SN2012aw,C2_SN2012aw,SN2012aw,76,2012aw_2012-12-10_21-01-26_HCT-2m_HFOSC_None,2012aw_2012-12-10_21-01-26_HCT-2m_HFOSC_None.txt,2012-12-10 21:01:26.00,,late_nebular_or_tail_spectral_state,H_alpha,H alpha,H,6562.8,201,3.64407253085e-18,6.52952004184e-18,2.53216309003e-06,359.585341701,-2.19910867257,45.1150885297,6.52950153132e-06,-1.0401231314e-15,-0.000215450131976,0.024423692,173.59363588,0.6812961481,-0.00103983317193,1,1,0.358558473577,date_ordered_line_window_proxy_change,late_nebular_or_tail_spectral_state,late_element_redistribution_state,yes,post-collapse spectral element-line structural state,C2_SN2012aw/2012aw_2012-12-10_21-01-26_HCT-2m_HFOSC_None.txt::H_alpha
C2_SN2012aw_spectral_state_00506,C2_SN2012aw,C2_SN2012aw,SN2012aw,76,2012aw_2012-12-10_21-01-26_HCT-2m_HFOSC_None,2012aw_2012-12-10_21-01-26_HCT-2m_HFOSC_None.txt,2012-12-10 21:01:26.00,,late_nebular_or_tail_spectral_state,O_I_7774,O I 7774,O,7774,201,2.96816612722e-18,-2.89320376758e-19,2.69036129291e-06,359.588036719,-3014.64068111,105.745845164,2.89319732534e-07,3.22817780443e-17,-0.000332927457456,-0.352803295,-456.68500048,2.039623466,-3.22724770004e-05,1,1,0.358310594135,date_ordered_line_window_proxy_change,late_nebular_or_tail_spectral_state,late_element_redistribution_state,yes,post-collapse spectral element-line structural state,C2_SN2012aw/2012aw_2012-12-10_21-01-26_HCT-2m_HFOSC_None.txt::O_I_7774
C2_SN2012aw_spectral_state_00507,C2_SN2012aw,C2_SN2012aw,SN2012aw,76,2012aw_2012-12-10_21-01-26_HCT-2m_HFOSC_None,2012aw_2012-12-10_21-01-26_HCT-2m_HFOSC_None.txt,2012-12-10 21:01:26.00,,late_nebular_or_tail_spectral_state,Ca_II_NIR,Ca II near-infrared triplet,Ca,8579,403,2.44095076844e-18,3.51620268249e-18,3.16432995093e-06,720.9627051,-1680.44925792,125.777537178,3.5161997479e-06,-4.91939875667e-16,-0.000153888316253,1.411001333,125.43057051,14.708450779,-0.000491901269075,1,1,0.801730591938,date_ordered_line_window_proxy_change,late_nebular_or_tail_spectral_state,late_element_redistribution_state,yes,post-collapse spectral element-line structural state,C2_SN2012aw/2012aw_2012-12-10_21-01-26_HCT-2m_HFOSC_None.txt::Ca_II_NIR
C2_SN2012aw_spectral_state_00508,C2_SN2012aw,C2_SN2012aw,SN2012aw,77,2012aw_2013-01-16_00-00-00_WHT-4.2m_LIRIS_None,2012aw_2013-01-16_00-00-00_WHT-4.2m_LIRIS_None.dat,2013-01-16 00:00:00.00,,late_nebular_or_tail_spectral_state,Ca_II_NIR,Ca II near-infrared triplet,Ca,8579,117,1.0759e-16,-8.61735136752e-17,0.000107578425637,717.042867461,8949.09051534,189.136261277,8.61681048524e-05,-8.96897163577e-17,0.000104414095686,-3.919837639,10629.5397733,63.358724099,8.26519051045e-05,0,0,7.13318978634,date_ordered_line_window_proxy_change,late_nebular_or_tail_spectral_state,late_element_redistribution_state,yes,post-collapse spectral element-line structural state,C2_SN2012aw/2012aw_2013-01-16_00-00-00_WHT-4.2m_LIRIS_None.dat::Ca_II_NIR
C2_SN2012aw_spectral_state_00509,C2_SN2012aw,C2_SN2012aw,SN2012aw,78,2012aw_2013-02-11_00-00-00_WHT-4.2m_ISIS_None,2012aw_2013-02-11_00-00-00_WHT-4.2m_ISIS_None.dat,2013-02-11 00:00:00.00,,late_nebular_or_tail_spectral_state,H_beta,H beta,H,4861.3,324,3.2876665e-16,-4.86189721605e-17,0.000268470036006,279.906774177,-3085.19644986,71.485452341,4.86150779993e-05,-4.81228190852e-17,0.000265598177427,0.823652221,-392.62247047,1.0617953163,4.8118925387e-05,1,1,0.307403263327,date_ordered_line_window_proxy_change,late_nebular_or_tail_spectral_state,late_element_redistribution_state,yes,post-collapse spectral element-line structural state,C2_SN2012aw/2012aw_2013-02-11_00-00-00_WHT-4.2m_ISIS_None.dat::H_beta
C2_SN2012aw_spectral_state_00510,C2_SN2012aw,C2_SN2012aw,SN2012aw,78,2012aw_2013-02-11_00-00-00_WHT-4.2m_ISIS_None,2012aw_2013-02-11_00-00-00_WHT-4.2m_ISIS_None.dat,2013-02-11 00:00:00.00,,late_nebular_or_tail_spectral_state,Fe_II_5169,Fe II 5169,Fe,5169,417,3.2723105e-16,7.13772044365e-17,0.000122633820406,360.207711669,6046.79197051,102.698346818,7.13697223955e-05,7.15716883695e-17,0.000120371393379,0.620415676,8210.84976869,3.8579624536,7.11752388182e-05,1,1,3.79090806051,date_ordered_line_window_proxy_change,late_nebular_or_tail_spectral_state,late_element_redistribution_state,yes,post-collapse spectral element-line structural state,C2_SN2012aw/2012aw_2013-02-11_00-00-00_WHT-4.2m_ISIS_None.dat::Fe_II_5169
C2_SN2012aw_spectral_state_00511,C2_SN2012aw,C2_SN2012aw,SN2012aw,78,2012aw_2013-02-11_00-00-00_WHT-4.2m_ISIS_None,2012aw_2013-02-11_00-00-00_WHT-4.2m_ISIS_None.dat,2013-02-11 00:00:00.00,,late_nebular_or_tail_spectral_state,He_I_5876,He I 5876,He,5875.6,370,2.981188e-16,-4.70071721081e-17,0.000264342244607,319.655903197,1414.27984323,71.4381440376,4.70035033376e-05,-4.65989572897e-17,0.000260358884655,-0.573653118,495.183312459,-0.8678102241,4.65952890126e-05,1,1,0.336463054089,date_ordered_line_window_proxy_change,late_nebular_or_tail_spectral_state,late_element_redistribution_state,yes,post-collapse spectral element-line structural state,C2_SN2012aw/2012aw_2013-02-11_00-00-00_WHT-4.2m_ISIS_None.dat::He_I_5876
C2_SN2012aw_spectral_state_00512,C2_SN2012aw,C2_SN2012aw,SN2012aw,78,2012aw_2013-02-11_00-00-00_WHT-4.2m_ISIS_None,2012aw_2013-02-11_00-00-00_WHT-4.2m_ISIS_None.dat,2013-02-11 00:00:00.00,,late_nebular_or_tail_spectral_state,Ni_Co_decay_proxy,Ni/Co decay proxy blend,NiCo,5890,602,3.663863e-16,-1.21699568738e-16,0.000332566702117,520.092143894,-4454.93390467,136.071798792,0.000121666808037,-1.20646907993e-16,0.000328028502848,-0.504555757,-4638.84429194,12.406734299,0.000120614150398,1,1,2.58198337654,date_ordered_line_window_proxy_change,late_nebular_or_tail_spectral_state,late_element_redistribution_state,yes,post-collapse spectral element-line structural state,C2_SN2012aw/2012aw_2013-02-11_00-00-00_WHT-4.2m_ISIS_None.dat::Ni_Co_decay_proxy
C2_SN2012aw_spectral_state_00513,C2_SN2012aw,C2_SN2012aw,SN2012aw,78,2012aw_2013-02-11_00-00-00_WHT-4.2m_ISIS_None,2012aw_2013-02-11_00-00-00_WHT-4.2m_ISIS_None.dat,2013-02-11 00:00:00.00,,late_nebular_or_tail_spectral_state,Si_II_6355,Si II 6355,Si,6355,371,2.885993e-16,2.1200915035e-16,0.000207335553105,320.439871621,-2848.01465387,62.2842587331,0.000211801552871,2.11071649904e-16,0.000203818068939,0.210654307,314.59780641,-18.2686875244,0.000210864060993,1,1,0.931445915187,date_ordered_line_window_proxy_change,late_nebular_or_tail_spectral_state,late_element_redistribution_state,yes,post-collapse spectral element-line structural state,C2_SN2012aw/2012aw_2013-02-11_00-00-00_WHT-4.2m_ISIS_None.dat::Si_II_6355
C2_SN2012aw_spectral_state_00514,C2_SN2012aw,C2_SN2012aw,SN2012aw,78,2012aw_2013-02-11_00-00-00_WHT-4.2m_ISIS_None,2012aw_2013-02-11_00-00-00_WHT-4.2m_ISIS_None.dat,2013-02-11 00:00:00.00,,late_nebular_or_tail_spectral_state,H_alpha,H alpha,H,6562.8,417,1.80017e-16,7.44194270935e-16,9.87953051656e-05,360.018322892,191.53744339,48.8346328283,0.000743964199872,7.37664750893e-16,9.62631420756e-05,0.432981191,193.736552063,3.7195442986,0.000737434698341,1,1,0.431051603748,date_ordered_line_window_proxy_change,late_nebular_or_tail_spectral_state,late_element_redistribution_state,yes,post-collapse spectral element-line structural state,C2_SN2012aw/2012aw_2013-02-11_00-00-00_WHT-4.2m_ISIS_None.dat::H_alpha
C2_SN2012aw_spectral_state_00515,C2_SN2012aw,C2_SN2012aw,SN2012aw,78,2012aw_2013-02-11_00-00-00_WHT-4.2m_ISIS_None,2012aw_2013-02-11_00-00-00_WHT-4.2m_ISIS_None.dat,2013-02-11 00:00:00.00,,late_nebular_or_tail_spectral_state,O_I_7774,O I 7774,O,7774,416,2.488992e-16,-7.01909813221e-17,0.000233043725603,359.422924556,-6892.92302128,110.851658257,7.01700674002e-05,-6.99016609453e-17,0.00023035336431,-0.165112163,-3878.28234017,5.105813093,6.98807476677e-05,1,1,1.95252626364,date_ordered_line_window_proxy_change,late_nebular_or_tail_spectral_state,late_element_redistribution_state,yes,post-collapse spectral element-line structural state,C2_SN2012aw/2012aw_2013-02-11_00-00-00_WHT-4.2m_ISIS_None.dat::O_I_7774
C2_SN2012aw_spectral_state_00516,C2_SN2012aw,C2_SN2012aw,SN2012aw,78,2012aw_2013-02-11_00-00-00_WHT-4.2m_ISIS_None,2012aw_2013-02-11_00-00-00_WHT-4.2m_ISIS_None.dat,2013-02-11 00:00:00.00,,late_nebular_or_tail_spectral_state,Ca_II_NIR,Ca II near-infrared triplet,Ca,8579,833,1.968388e-16,2.75459460984e-16,8.47347209192e-05,719.498544021,-1426.00101883,113.400669486,0.000275446284116,3.61632974659e-16,-2.28437047178e-05,2.45567656,-10375.0915342,-75.735591791,0.000189278179264,1,1,7.53203430469,date_ordered_line_window_proxy_change,late_nebular_or_tail_spectral_state,late_element_redistribution_state,yes,post-collapse spectral element-line structural state,C2_SN2012aw/2012aw_2013-02-11_00-00-00_WHT-4.2m_ISIS_None.dat::Ca_II_NIR
C2_SN2012aw_spectral_state_00517,C2_SN2012aw,C2_SN2012aw,SN2012aw,79,SN2012aw_2013-03-16_00-00-00_HET_HET-LRS_TS3,SN2012aw_2013-03-16_00-00-00_HET_HET-LRS_TS3.flm,2013-03-16 00:00:00.00,,late_nebular_or_tail_spectral_state,H_beta,H beta,H,4861.3,70,0.2027535,-0.0238299928571,0.800584453532,32.9089164934,-2578.17847097,68.4256083244,0.436541868469,-0.0238299928571,0.800315983496,-246.997857684,507.01797889,-3.0598440166,0.436493253391,1,1,2.95374831886e+12,date_ordered_line_window_proxy_change,late_nebular_or_tail_spectral_state,late_element_redistribution_state,yes,post-collapse spectral element-line structural state,C2_SN2012aw/SN2012aw_2013-03-16_00-00-00_HET_HET-LRS_TS3.flm::H_beta
C2_SN2012aw_spectral_state_00518,C2_SN2012aw,C2_SN2012aw,SN2012aw,79,SN2012aw_2013-03-16_00-00-00_HET_HET-LRS_TS3,SN2012aw_2013-03-16_00-00-00_HET_HET-LRS_TS3.flm,2013-03-16 00:00:00.00,,late_nebular_or_tail_spectral_state,Fe_II_5169,Fe II 5169,Fe,5169,90,0.19881,0.0647595222222,0.228087118353,-117.26486595,5876.57656473,98.2540447601,1.02751709282,0.0647595222222,0.227964484533,-477.472577619,-170.21540578,-4.4443020579,1.0274457231,1,1,8.02699904438e+12,date_ordered_line_window_proxy_change,late_nebular_or_tail_spectral_state,late_element_redistribution_state,yes,post-collapse spectral element-line structural state,C2_SN2012aw/SN2012aw_2013-03-16_00-00-00_HET_HET-LRS_TS3.flm::Fe_II_5169
C2_SN2012aw_spectral_state_00519,C2_SN2012aw,C2_SN2012aw,SN2012aw,79,SN2012aw_2013-03-16_00-00-00_HET_HET-LRS_TS3,SN2012aw_2013-03-16_00-00-00_HET_HET-LRS_TS3.flm,2013-03-16 00:00:00.00,,late_nebular_or_tail_spectral_state,He_I_5876,He I 5876,He,5875.6,80,0.1750945,-0.02625908,0.905516735244,47.9906884584,1076.49292299,75.4522146275,0.434777596004,-0.02625908,0.905252392999,-271.665214739,-337.78692024,4.0140705899,0.434730592501,1,1,3.25483578069e+12,date_ordered_line_window_proxy_change,late_nebular_or_tail_spectral_state,late_element_redistribution_state,yes,post-collapse spectral element-line structural state,C2_SN2012aw/SN2012aw_2013-03-16_00-00-00_HET_HET-LRS_TS3.flm::He_I_5876
C2_SN2012aw_spectral_state_00520,C2_SN2012aw,C2_SN2012aw,SN2012aw,79,SN2012aw_2013-03-16_00-00-00_HET_HET-LRS_TS3,SN2012aw_2013-03-16_00-00-00_HET_HET-LRS_TS3.flm,2013-03-16 00:00:00.00,,late_nebular_or_tail_spectral_state,Ni_Co_decay_proxy,Ni/Co decay proxy blend,NiCo,5890,130,0.249075,-0.10318276,0.93358024691,215.417184383,-5344.96073249,142.572633362,0.521052860776,-0.10318276,0.933247680208,-304.674959511,-890.02682782,6.50083457,0.520931193968,1,1,1.27895927501e+13,date_ordered_line_window_proxy_change,late_nebular_or_tail_spectral_state,late_element_redistribution_state,yes,post-collapse spectral element-line structural state,C2_SN2012aw/SN2012aw_2013-03-16_00-00-00_HET_HET-LRS_TS3.flm::Ni_Co_decay_proxy
C2_SN2012aw_spectral_state_00521,C2_SN2012aw,C2_SN2012aw,SN2012aw,79,SN2012aw_2013-03-16_00-00-00_HET_HET-LRS_TS3,SN2012aw_2013-03-16_00-00-00_HET_HET-LRS_TS3.flm,2013-03-16 00:00:00.00,,late_nebular_or_tail_spectral_state,Si_II_6355,Si II 6355,Si,6355,80,0.160236,0.1715886075,0.775155395786,-342.671774129,-2987.39961055,59.0263587472,0.300992296336,0.1715886075,0.774948060233,-663.11164575,-139.38495668,-3.2578999859,0.300780494783,1,1,2.12685569806e+13,date_ordered_line_window_proxy_change,late_nebular_or_tail_spectral_state,late_element_redistribution_state,yes,post-collapse spectral element-line structural state,C2_SN2012aw/SN2012aw_2013-03-16_00-00-00_HET_HET-LRS_TS3.flm::Si_II_6355
C2_SN2012aw_spectral_state_00522,C2_SN2012aw,C2_SN2012aw,SN2012aw,79,SN2012aw_2013-03-16_00-00-00_HET_HET-LRS_TS3,SN2012aw_2013-03-16_00-00-00_HET_HET-LRS_TS3.flm,2013-03-16 00:00:00.00,,late_nebular_or_tail_spectral_state,H_alpha,H alpha,H,6562.8,90,0.11918605,0.433083992222,0.697714623476,-1308.12487869,7.7243653674,46.9088849826,1.92883786231,0.433083992222,0.697615828171,-1668.14320158,-183.813078023,-1.9257478457,1.92809389811,1,1,5.36811371114e+13,date_ordered_line_window_proxy_change,late_nebular_or_tail_spectral_state,late_element_redistribution_state,yes,post-collapse spectral element-line structural state,C2_SN2012aw/SN2012aw_2013-03-16_00-00-00_HET_HET-LRS_TS3.flm::H_alpha
C2_SN2012aw_spectral_state_00523,C2_SN2012aw,C2_SN2012aw,SN2012aw,79,SN2012aw_2013-03-16_00-00-00_HET_HET-LRS_TS3,SN2012aw_2013-03-16_00-00-00_HET_HET-LRS_TS3.flm,2013-03-16 00:00:00.00,,late_nebular_or_tail_spectral_state,O_I_7774,O I 7774,O,7774,90,0.138598,-0.0414245466667,0.846983361947,107.597777748,-6545.49717797,110.402544631,0.229930347265,-0.0414245466667,0.846750318221,-251.825146808,347.42584331,-0.449113626,0.229860177198,1,1,5.13460855018e+12,date_ordered_line_window_proxy_change,late_nebular_or_tail_spectral_state,late_element_redistribution_state,yes,post-collapse spectral element-line structural state,C2_SN2012aw/SN2012aw_2013-03-16_00-00-00_HET_HET-LRS_TS3.flm::O_I_7774
C2_SN2012aw_spectral_state_00524,C2_SN2012aw,C2_SN2012aw,SN2012aw,79,SN2012aw_2013-03-16_00-00-00_HET_HET-LRS_TS3,SN2012aw_2013-03-16_00-00-00_HET_HET-LRS_TS3.flm,2013-03-16 00:00:00.00,,late_nebular_or_tail_spectral_state,Ca_II_NIR,Ca II near-infrared triplet,Ca,8579,180,0.107815,0.117475384444,0.3896758336,-784.513071451,-1577.6006861,115.949923727,4.19660611149,0.117475384444,0.389591098879,-1504.01161547,-151.59966727,2.549254241,4.19633066521,1,1,1.4561175968e+13,date_ordered_line_window_proxy_change,late_nebular_or_tail_spectral_state,late_element_redistribution_state,yes,post-collapse spectral element-line structural state,C2_SN2012aw/SN2012aw_2013-03-16_00-00-00_HET_HET-LRS_TS3.flm::Ca_II_NIR
C2_SN2012aw_spectral_state_00525,C2_SN2012aw,C2_SN2012aw,SN2012aw,80,2012aw_2013-03-20_00-00-00_NOT_ALFOSC_None,2012aw_2013-03-20_00-00-00_NOT_ALFOSC_None.dat,2013-03-20 00:00:00.00,,late_nebular_or_tail_spectral_state,H_beta,H beta,H,4861.3,95,2.4220055e-16,-3.19093962105e-17,0.000191806124451,280.571000283,-2457.92724653,70.6995542866,3.19072831331e-05,0.0238299928571,-0.800392647408,247.66208379,120.25122444,2.2739459622,-0.436509961186,1,1,2.95374831886e+12,date_ordered_line_window_proxy_change,late_nebular_or_tail_spectral_state,late_element_redistribution_state,yes,post-collapse spectral element-line structural state,C2_SN2012aw/2012aw_2013-03-20_00-00-00_NOT_ALFOSC_None.dat::H_beta
C2_SN2012aw_spectral_state_00526,C2_SN2012aw,C2_SN2012aw,SN2012aw,80,2012aw_2013-03-20_00-00-00_NOT_ALFOSC_None,2012aw_2013-03-20_00-00-00_NOT_ALFOSC_None.dat,2013-03-20 00:00:00.00,,late_nebular_or_tail_spectral_state,Fe_II_5169,Fe II 5169,Fe,5169,120,2.254164e-16,8.25658558333e-17,6.28774263969e-05,361.808560182,5797.84538455,101.05140617,8.25598523321e-05,-0.0647595222222,-0.228024240927,479.073426132,-78.73118018,2.7973614099,-1.02743453297,1,1,8.02699904438e+12,date_ordered_line_window_proxy_change,late_nebular_or_tail_spectral_state,late_element_redistribution_state,yes,post-collapse spectral element-line structural state,C2_SN2012aw/2012aw_2013-03-20_00-00-00_NOT_ALFOSC_None.dat::Fe_II_5169
C2_SN2012aw_spectral_state_00527,C2_SN2012aw,C2_SN2012aw,SN2012aw,80,2012aw_2013-03-20_00-00-00_NOT_ALFOSC_None,2012aw_2013-03-20_00-00-00_NOT_ALFOSC_None.dat,2013-03-20 00:00:00.00,,late_nebular_or_tail_spectral_state,He_I_5876,He I 5876,He,5875.6,103,2.052336e-16,-3.14109016505e-17,0.000184597334425,322.385463849,1248.70884483,76.5401219445,3.14088183275e-05,0.02625908,-0.90533213791,274.394775391,172.21592184,1.087907317,-0.434746187186,1,1,3.25483578069e+12,date_ordered_line_window_proxy_change,late_nebular_or_tail_spectral_state,late_element_redistribution_state,yes,post-collapse spectral element-line structural state,C2_SN2012aw/2012aw_2013-03-20_00-00-00_NOT_ALFOSC_None.dat::He_I_5876
C2_SN2012aw_spectral_state_00528,C2_SN2012aw,C2_SN2012aw,SN2012aw,80,2012aw_2013-03-20_00-00-00_NOT_ALFOSC_None,2012aw_2013-03-20_00-00-00_NOT_ALFOSC_None.dat,2013-03-20 00:00:00.00,,late_nebular_or_tail_spectral_state,Ni_Co_decay_proxy,Ni/Co decay proxy blend,NiCo,5890,166,2.807004e-16,-1.08994000663e-16,0.000260029029747,519.988724339,-5359.32773968,138.987724002,0.00010896919128,0.10318276,-0.93332021788,304.571539956,-14.36700719,-3.58490936,-0.520943891585,1,1,1.27895927501e+13,date_ordered_line_window_proxy_change,late_nebular_or_tail_spectral_state,late_element_redistribution_state,yes,post-collapse spectral element-line structural state,C2_SN2012aw/2012aw_2013-03-20_00-00-00_NOT_ALFOSC_None.dat::Ni_Co_decay_proxy
C2_SN2012aw_spectral_state_00529,C2_SN2012aw,C2_SN2012aw,SN2012aw,80,2012aw_2013-03-20_00-00-00_NOT_ALFOSC_None,2012aw_2013-03-20_00-00-00_NOT_ALFOSC_None.dat,2013-03-20 00:00:00.00,,late_nebular_or_tail_spectral_state,Si_II_6355,Si II 6355,Si,6355,101,1.856706e-16,1.99049220693e-16,0.000128002773648,321.86414783,-3032.19327187,59.6640192732,0.000198921971634,-0.1715886075,-0.775027393012,664.535921959,-44.79366132,0.637660526,-0.300793374364,1,1,2.12685569806e+13,date_ordered_line_window_proxy_change,late_nebular_or_tail_spectral_state,late_element_redistribution_state,yes,post-collapse spectral element-line structural state,C2_SN2012aw/2012aw_2013-03-20_00-00-00_NOT_ALFOSC_None.dat::Si_II_6355
C2_SN2012aw_spectral_state_00530,C2_SN2012aw,C2_SN2012aw,SN2012aw,80,2012aw_2013-03-20_00-00-00_NOT_ALFOSC_None,2012aw_2013-03-20_00-00-00_NOT_ALFOSC_None.dat,2013-03-20 00:00:00.00,,late_nebular_or_tail_spectral_state,H_alpha,H alpha,H,6562.8,112,1.652057e-16,4.55434892768e-16,0.000107543873139,359.184973651,-53.6481035758,44.2316183076,0.000455314121835,-0.433083992222,-0.697607079603,1667.30985234,-61.3724689432,-2.677266675,-1.92838254819,1,1,5.36811371114e+13,date_ordered_line_window_proxy_change,late_nebular_or_tail_spectral_state,late_element_redistribution_state,yes,post-collapse spectral element-line structural state,C2_SN2012aw/2012aw_2013-03-20_00-00-00_NOT_ALFOSC_None.dat::H_alpha
C2_SN2012aw_spectral_state_00531,C2_SN2012aw,C2_SN2012aw,SN2012aw,80,2012aw_2013-03-20_00-00-00_NOT_ALFOSC_None,2012aw_2013-03-20_00-00-00_NOT_ALFOSC_None.dat,2013-03-20 00:00:00.00,,late_nebular_or_tail_spectral_state,O_I_7774,O I 7774,O,7774,109,1.6064685e-16,-5.42348383486e-17,0.000152783647788,356.828031271,-6442.76073616,112.009457183,5.42226014258e-05,0.0414245466667,-0.846830578299,249.230253523,102.73644181,1.606912552,-0.229876124664,1,1,5.13460855018e+12,date_ordered_line_window_proxy_change,late_nebular_or_tail_spectral_state,late_element_redistribution_state,yes,post-collapse spectral element-line structural state,C2_SN2012aw/2012aw_2013-03-20_00-00-00_NOT_ALFOSC_None.dat::O_I_7774
C2_SN2012aw_spectral_state_00532,C2_SN2012aw,C2_SN2012aw,SN2012aw,80,2012aw_2013-03-20_00-00-00_NOT_ALFOSC_None,2012aw_2013-03-20_00-00-00_NOT_ALFOSC_None.dat,2013-03-20 00:00:00.00,,late_nebular_or_tail_spectral_state,Ca_II_NIR,Ca II near-infrared triplet,Ca,8579,220,1.194873e-16,1.51650987091e-16,5.34703109769e-05,718.985026064,-1556.68800326,119.620723752,0.000151644835959,-0.117475384444,-0.389622363289,1503.49809751,20.91268284,3.670800025,-4.19645446665,1,1,1.4561175968e+13,date_ordered_line_window_proxy_change,late_nebular_or_tail_spectral_state,late_element_redistribution_state,yes,post-collapse spectral element-line structural state,C2_SN2012aw/2012aw_2013-03-20_00-00-00_NOT_ALFOSC_None.dat::Ca_II_NIR
C2_SN2012aw_spectral_state_00533,C2_SN2012aw,C2_SN2012aw,SN2012aw,81,2012aw_2013-06-10_00-00-00_WHT-4.2m_ISIS_None,2012aw_2013-06-10_00-00-00_WHT-4.2m_ISIS_None.dat,2013-06-10 00:00:00.00,,late_nebular_or_tail_spectral_state,H_beta,H beta,H,4861.3,324,5.770579e-17,-7.8181762963e-18,4.55231530505e-05,279.447399097,-2262.28242827,70.6266003586,7.81798779186e-06,2.40912199142e-17,-0.0001462829714,-1.123601186,195.64481826,-0.072953928,-2.40892953412e-05,1,1,0.183213070696,date_ordered_line_window_proxy_change,late_nebular_or_tail_spectral_state,late_element_redistribution_state,yes,post-collapse spectral element-line structural state,C2_SN2012aw/2012aw_2013-06-10_00-00-00_WHT-4.2m_ISIS_None.dat::H_beta
C2_SN2012aw_spectral_state_00534,C2_SN2012aw,C2_SN2012aw,SN2012aw,81,2012aw_2013-06-10_00-00-00_WHT-4.2m_ISIS_None,2012aw_2013-06-10_00-00-00_WHT-4.2m_ISIS_None.dat,2013-06-10 00:00:00.00,,late_nebular_or_tail_spectral_state,Fe_II_5169,Fe II 5169,Fe,5169,417,5.4472045e-17,2.70809776859e-17,1.83895032861e-05,359.647763781,5922.35669977,89.1566569783,2.70804998612e-05,-5.54848781474e-17,-4.44879231108e-05,-2.160796401,124.51131522,-11.8947491917,-5.54793524709e-05,1,1,0.629971917326,date_ordered_line_window_proxy_change,late_nebular_or_tail_spectral_state,late_element_redistribution_state,yes,post-collapse spectral element-line structural state,C2_SN2012aw/2012aw_2013-06-10_00-00-00_WHT-4.2m_ISIS_None.dat::Fe_II_5169
C2_SN2012aw_spectral_state_00535,C2_SN2012aw,C2_SN2012aw,SN2012aw,81,2012aw_2013-06-10_00-00-00_WHT-4.2m_ISIS_None,2012aw_2013-06-10_00-00-00_WHT-4.2m_ISIS_None.dat,2013-06-10 00:00:00.00,,late_nebular_or_tail_spectral_state,He_I_5876,He I 5876,He,5875.6,371,4.614699e-17,-2.92299790458e-18,4.69386207239e-05,319.986653884,1112.97511621,75.3934773478,2.92295381894e-06,2.84879037459e-17,-0.000137658713701,-2.398809965,-135.73372862,-1.1466445967,-2.84858645086e-05,1,1,0.236421080359,date_ordered_line_window_proxy_change,late_nebular_or_tail_spectral_state,late_element_redistribution_state,yes,post-collapse spectral element-line structural state,C2_SN2012aw/2012aw_2013-06-10_00-00-00_WHT-4.2m_ISIS_None.dat::He_I_5876
C2_SN2012aw_spectral_state_00536,C2_SN2012aw,C2_SN2012aw,SN2012aw,81,2012aw_2013-06-10_00-00-00_WHT-4.2m_ISIS_None,2012aw_2013-06-10_00-00-00_WHT-4.2m_ISIS_None.dat,2013-06-10 00:00:00.00,,late_nebular_or_tail_spectral_state,Ni_Co_decay_proxy,Ni/Co decay proxy blend,NiCo,5890,603,7.37764e-17,-3.16814044985e-17,7.45646956852e-05,520.086712555,-5227.56827025,143.395326053,3.16795048975e-05,7.73125961645e-17,-0.000185464334062,0.097988216,131.75946943,4.407602051,-7.72896863825e-05,1,1,0.300166030218,date_ordered_line_window_proxy_change,late_nebular_or_tail_spectral_state,late_element_redistribution_state,yes,post-collapse spectral element-line structural state,C2_SN2012aw/2012aw_2013-06-10_00-00-00_WHT-4.2m_ISIS_None.dat::Ni_Co_decay_proxy
C2_SN2012aw_spectral_state_00537,C2_SN2012aw,C2_SN2012aw,SN2012aw,81,2012aw_2013-06-10_00-00-00_WHT-4.2m_ISIS_None,2012aw_2013-06-10_00-00-00_WHT-4.2m_ISIS_None.dat,2013-06-10 00:00:00.00,,late_nebular_or_tail_spectral_state,Si_II_6355,Si II 6355,Si,6355,371,3.861386e-17,5.91871223989e-17,2.45753010528e-05,319.969189791,-2633.53387637,51.7980739148,5.91793640378e-05,-1.39862098294e-16,-0.000103427472595,-1.894958039,398.6593955,-7.8659453584,-0.000139742607596,1,1,0.60776047717,date_ordered_line_window_proxy_change,late_nebular_or_tail_spectral_state,late_element_redistribution_state,yes,post-collapse spectral element-line structural state,C2_SN2012aw/2012aw_2013-06-10_00-00-00_WHT-4.2m_ISIS_None.dat::Si_II_6355
C2_SN2012aw_spectral_state_00538,C2_SN2012aw,C2_SN2012aw,SN2012aw,81,2012aw_2013-06-10_00-00-00_WHT-4.2m_ISIS_None,2012aw_2013-06-10_00-00-00_WHT-4.2m_ISIS_None.dat,2013-06-10 00:00:00.00,,late_nebular_or_tail_spectral_state,H_alpha,H alpha,H,6562.8,418,2.9823155e-17,9.60621204545e-17,1.57850742393e-05,360.49424466,140.154074673,50.6576239314,9.60546264094e-05,-3.59372772314e-16,-9.17587988997e-05,1.309271009,193.802178249,6.4260056238,-0.000359259495426,1,1,0.487912879048,date_ordered_line_window_proxy_change,late_nebular_or_tail_spectral_state,late_element_redistribution_state,yes,post-collapse spectral element-line structural state,C2_SN2012aw/2012aw_2013-06-10_00-00-00_WHT-4.2m_ISIS_None.dat::H_alpha
C2_SN2012aw_spectral_state_00539,C2_SN2012aw,C2_SN2012aw,SN2012aw,81,2012aw_2013-06-10_00-00-00_WHT-4.2m_ISIS_None,2012aw_2013-06-10_00-00-00_WHT-4.2m_ISIS_None.dat,2013-06-10 00:00:00.00,,late_nebular_or_tail_spectral_state,O_I_7774,O I 7774,O,7774,417,3.7693755e-17,-1.41746563089e-17,3.81496381969e-05,359.668635975,-6313.79012612,112.424154322,1.41737197924e-05,4.00601820397e-17,-0.000114634009591,2.840604704,128.97061004,0.414697139,-4.00488816334e-05,1,1,0.220176814854,date_ordered_line_window_proxy_change,late_nebular_or_tail_spectral_state,late_element_redistribution_state,yes,post-collapse spectral element-line structural state,C2_SN2012aw/2012aw_2013-06-10_00-00-00_WHT-4.2m_ISIS_None.dat::O_I_7774
C2_SN2012aw_spectral_state_00540,C2_SN2012aw,C2_SN2012aw,SN2012aw,81,2012aw_2013-06-10_00-00-00_WHT-4.2m_ISIS_None,2012aw_2013-06-10_00-00-00_WHT-4.2m_ISIS_None.dat,2013-06-10 00:00:00.00,,late_nebular_or_tail_spectral_state,Ca_II_NIR,Ca II near-infrared triplet,Ca,8579,835,2.959142e-17,2.13252607988e-17,2.10213879473e-05,720.180054914,-1413.80852672,125.003009715,2.13250484323e-05,-1.30325726292e-16,-3.24489230296e-05,1.19502885,142.87947654,5.382285963,-0.000130319787527,1,1,0.376904713998,date_ordered_line_window_proxy_change,late_nebular_or_tail_spectral_state,late_element_redistribution_state,yes,post-collapse spectral element-line structural state,C2_SN2012aw/2012aw_2013-06-10_00-00-00_WHT-4.2m_ISIS_None.dat::Ca_II_NIR
C2_SN2012aw_spectral_state_00541,C2_SN2012aw,C2_SN2012aw,SN2012aw,82,SN_2012aw_2015-01-21_00-00-00_Keck1_LRIS_UCB-SNDB,SN_2012aw_2015-01-21_00-00-00_Keck1_LRIS_UCB-SNDB.flm,2015-01-21 00:00:00.00,,late_nebular_or_tail_spectral_state,H_beta,H beta,H,4861.3,459,0.0125411444545,0.000962231161433,0.389687440378,-21.4728932169,2962.38870336,73.6356209764,0.312186044225,0.000962231161433,0.389641917225,-300.920292314,5224.67113163,3.0090206178,0.312178226237,1,1,119269388524,date_ordered_line_window_proxy_change,late_nebular_or_tail_spectral_state,late_element_redistribution_state,yes,post-collapse spectral element-line structural state,C2_SN2012aw/SN_2012aw_2015-01-21_00-00-00_Keck1_LRIS_UCB-SNDB.flm::H_beta
C2_SN2012aw_spectral_state_00542,C2_SN2012aw,C2_SN2012aw,SN2012aw,82,SN_2012aw_2015-01-21_00-00-00_Keck1_LRIS_UCB-SNDB,SN_2012aw_2015-01-21_00-00-00_Keck1_LRIS_UCB-SNDB.flm,2015-01-21 00:00:00.00,,late_nebular_or_tail_spectral_state,Fe_II_5169,Fe II 5169,Fe,5169,591,0.0123504704552,-0.000519650165628,0.478594276997,15.1617971888,-9240.18617578,102.354313609,0.162450438339,-0.000519650165628,0.478575887494,-344.485966592,-15162.5428755,13.1976566307,0.162423357839,1,1,64411089568.1,date_ordered_line_window_proxy_change,late_nebular_or_tail_spectral_state,late_element_redistribution_state,yes,post-collapse spectral element-line structural state,C2_SN2012aw/SN_2012aw_2015-01-21_00-00-00_Keck1_LRIS_UCB-SNDB.flm::Fe_II_5169
C2_SN2012aw_spectral_state_00543,C2_SN2012aw,C2_SN2012aw,SN2012aw,82,SN_2012aw_2015-01-21_00-00-00_Keck1_LRIS_UCB-SNDB,SN_2012aw_2015-01-21_00-00-00_Keck1_LRIS_UCB-SNDB.flm,2015-01-21 00:00:00.00,,late_nebular_or_tail_spectral_state,He_I_5876,He I 5876,He,5875.6,525,0.00916684156675,0.000408276684233,0.545192326598,-14.2570537969,345.7028322,78.9092951074,0.11017369336,0.000408276684233,0.545145387977,-334.243707681,-767.27228401,3.5158177596,0.110170770406,1,1,50606249778,date_ordered_line_window_proxy_change,late_nebular_or_tail_spectral_state,late_element_redistribution_state,yes,post-collapse spectral element-line structural state,C2_SN2012aw/SN_2012aw_2015-01-21_00-00-00_Keck1_LRIS_UCB-SNDB.flm::He_I_5876
C2_SN2012aw_spectral_state_00544,C2_SN2012aw,C2_SN2012aw,SN2012aw,82,SN_2012aw_2015-01-21_00-00-00_Keck1_LRIS_UCB-SNDB,SN_2012aw_2015-01-21_00-00-00_Keck1_LRIS_UCB-SNDB.flm,2015-01-21 00:00:00.00,,late_nebular_or_tail_spectral_state,Ni_Co_decay_proxy,Ni/Co decay proxy blend,NiCo,5890,852,0.0100425679636,-0.000499152260396,0.58485221105,25.8204311948,-388.08146593,143.6766714,0.140187611552,-0.000499152260396,0.584777646354,-494.26628136,4839.48680432,0.281345347,0.140155932047,1,1,61870356408.9,date_ordered_line_window_proxy_change,late_nebular_or_tail_spectral_state,late_element_redistribution_state,yes,post-collapse spectral element-line structural state,C2_SN2012aw/SN_2012aw_2015-01-21_00-00-00_Keck1_LRIS_UCB-SNDB.flm::Ni_Co_decay_proxy
C2_SN2012aw_spectral_state_00545,C2_SN2012aw,C2_SN2012aw,SN2012aw,82,SN_2012aw_2015-01-21_00-00-00_Keck1_LRIS_UCB-SNDB,SN_2012aw_2015-01-21_00-00-00_Keck1_LRIS_UCB-SNDB.flm,2015-01-21 00:00:00.00,,late_nebular_or_tail_spectral_state,Si_II_6355,Si II 6355,Si,6355,525,0.00888801676776,-0.00111759938337,0.58528687743,40.2509582814,-5885.6169891,94.9715288729,0.334638827077,-0.00111759938337,0.585262302129,-279.71823151,-3252.08311273,43.1734549581,0.334579647713,1,1,138527414632,date_ordered_line_window_proxy_change,late_nebular_or_tail_spectral_state,late_element_redistribution_state,yes,post-collapse spectral element-line structural state,C2_SN2012aw/SN_2012aw_2015-01-21_00-00-00_Keck1_LRIS_UCB-SNDB.flm::Si_II_6355
C2_SN2012aw_spectral_state_00546,C2_SN2012aw,C2_SN2012aw,SN2012aw,82,SN_2012aw_2015-01-21_00-00-00_Keck1_LRIS_UCB-SNDB,SN_2012aw_2015-01-21_00-00-00_Keck1_LRIS_UCB-SNDB.flm,2015-01-21 00:00:00.00,,late_nebular_or_tail_spectral_state,H_alpha,H alpha,H,6562.8,591,0.00670597407567,0.00358139425655,0.450344253425,-192.447988312,198.771047961,61.7215842044,1.20354358353,0.00358139425655,0.450328468351,-552.942232972,58.616973288,11.063960273,1.2034475289,1,1,443916929830,date_ordered_line_window_proxy_change,late_nebular_or_tail_spectral_state,late_element_redistribution_state,yes,post-collapse spectral element-line structural state,C2_SN2012aw/SN_2012aw_2015-01-21_00-00-00_Keck1_LRIS_UCB-SNDB.flm::H_alpha
C2_SN2012aw_spectral_state_00547,C2_SN2012aw,C2_SN2012aw,SN2012aw,82,SN_2012aw_2015-01-21_00-00-00_Keck1_LRIS_UCB-SNDB,SN_2012aw_2015-01-21_00-00-00_Keck1_LRIS_UCB-SNDB.flm,2015-01-21 00:00:00.00,,late_nebular_or_tail_spectral_state,O_I_7774,O I 7774,O,7774,590,0.00365100048676,-0.0001256430779,1.27469234768,12.3798198056,-1324.15905333,103.334957531,0.081998332942,-0.0001256430779,1.27465419804,-347.288816169,4989.63107279,-9.089196791,0.0819841592222,1,1,15573568750.8,date_ordered_line_window_proxy_change,late_nebular_or_tail_spectral_state,late_element_redistribution_state,yes,post-collapse spectral element-line structural state,C2_SN2012aw/SN_2012aw_2015-01-21_00-00-00_Keck1_LRIS_UCB-SNDB.flm::O_I_7774
C2_SN2012aw_spectral_state_00548,C2_SN2012aw,C2_SN2012aw,SN2012aw,82,SN_2012aw_2015-01-21_00-00-00_Keck1_LRIS_UCB-SNDB,SN_2012aw_2015-01-21_00-00-00_Keck1_LRIS_UCB-SNDB.flm,2015-01-21 00:00:00.00,,late_nebular_or_tail_spectral_state,Ca_II_NIR,Ca II near-infrared triplet,Ca,8579,1181,0.00235791389145,0.000230042533563,4.44742880372,-70.2531381995,12344.059704,210.573551226,0.141833764445,0.000230042533563,4.44740778233,-790.433193114,13757.8682307,85.570541511,0.141812439397,1,1,28513972170.1,date_ordered_line_window_proxy_change,late_nebular_or_tail_spectral_state,late_element_redistribution_state,yes,post-collapse spectral element-line structural state,C2_SN2012aw/SN_2012aw_2015-01-21_00-00-00_Keck1_LRIS_UCB-SNDB.flm::Ca_II_NIR
C2_SN2012aw_spectral_state_00549,C2_SN2012aw,C2_SN2012aw,SN2012aw,83,2012aw_2015-05-18_Gemini-N_GMOS_None,2012aw_2015-05-18_Gemini-N_GMOS_None.txt,2015-05-18 00:00:00.00,,late_nebular_or_tail_spectral_state,H_beta,H beta,H,4861.3,300,1.31664554403e-16,2.29445035784e-18,8.61772896325e-05,276.494826519,-577.063870192,84.1101725731,2.29436256376e-06,-0.000962231161433,-0.389601263088,297.967719736,-3539.45257355,10.4745515967,-0.312183749862,1,1,119269388523,date_ordered_line_window_proxy_change,late_nebular_or_tail_spectral_state,late_element_redistribution_state,yes,post-collapse spectral element-line structural state,C2_SN2012aw/2012aw_2015-05-18_Gemini-N_GMOS_None.txt::H_beta
C2_SN2012aw_spectral_state_00550,C2_SN2012aw,C2_SN2012aw,SN2012aw,83,2012aw_2015-05-18_Gemini-N_GMOS_None,2012aw_2015-05-18_Gemini-N_GMOS_None.txt,2015-05-18 00:00:00.00,,late_nebular_or_tail_spectral_state,Fe_II_5169,Fe II 5169,Fe,5169,382,1.21720840316e-16,-2.79639848327e-18,0.000171858895142,352.075371917,1180.70600313,100.391372368,2.79630345631e-06,0.000519650165628,-0.478422418102,336.913574728,10420.8921789,-1.962941241,-0.162447642036,1,1,64411089565.4,date_ordered_line_window_proxy_change,late_nebular_or_tail_spectral_state,late_element_redistribution_state,yes,post-collapse spectral element-line structural state,C2_SN2012aw/2012aw_2015-05-18_Gemini-N_GMOS_None.txt::Fe_II_5169
C2_SN2012aw_spectral_state_00551,C2_SN2012aw,C2_SN2012aw,SN2012aw,83,2012aw_2015-05-18_Gemini-N_GMOS_None,2012aw_2015-05-18_Gemini-N_GMOS_None.txt,2015-05-18 00:00:00.00,,late_nebular_or_tail_spectral_state,He_I_5876,He I 5876,He,5875.6,347,7.66802191124e-17,5.45556420822e-18,4.72093373607e-05,319.828921641,27.5420471569,77.9357211598,5.45543176047e-06,-0.000408276684233,-0.545145117261,334.085975438,-318.160785043,-0.9735739476,-0.110168237928,1,1,50606249777.7,date_ordered_line_window_proxy_change,late_nebular_or_tail_spectral_state,late_element_redistribution_state,yes,post-collapse spectral element-line structural state,C2_SN2012aw/2012aw_2015-05-18_Gemini-N_GMOS_None.txt::He_I_5876
C2_SN2012aw_spectral_state_00552,C2_SN2012aw,C2_SN2012aw,SN2012aw,83,2012aw_2015-05-18_Gemini-N_GMOS_None,2012aw_2015-05-18_Gemini-N_GMOS_None.txt,2015-05-18 00:00:00.00,,late_nebular_or_tail_spectral_state,Ni_Co_decay_proxy,Ni/Co decay proxy blend,NiCo,5890,564,8.20221935646e-17,3.13157046754e-19,5.25506215179e-05,519.837106299,-705.464404571,142.197530055,3.13146414215e-07,0.000499152260396,-0.584799660428,494.016675104,-317.382938641,-1.479141345,-0.140187298406,1,1,61870356407,date_ordered_line_window_proxy_change,late_nebular_or_tail_spectral_state,late_element_redistribution_state,yes,post-collapse spectral element-line structural state,C2_SN2012aw/2012aw_2015-05-18_Gemini-N_GMOS_None.txt::Ni_Co_decay_proxy
C2_SN2012aw_spectral_state_00553,C2_SN2012aw,C2_SN2012aw,SN2012aw,83,2012aw_2015-05-18_Gemini-N_GMOS_None,2012aw_2015-05-18_Gemini-N_GMOS_None.txt,2015-05-18 00:00:00.00,,late_nebular_or_tail_spectral_state,Si_II_6355,Si II 6355,Si,6355,332,7.50859927197e-17,-1.20537054368e-17,8.02810337797e-05,306.00930967,-3463.08670769,83.1809980661,1.20533789869e-05,0.00111759938337,-0.585206596396,265.758351389,2422.53028141,-11.7905308068,-0.334626773698,1,1,138527414630,date_ordered_line_window_proxy_change,late_nebular_or_tail_spectral_state,late_element_redistribution_state,yes,post-collapse spectral element-line structural state,C2_SN2012aw/2012aw_2015-05-18_Gemini-N_GMOS_None.txt::Si_II_6355
C2_SN2012aw_spectral_state_00554,C2_SN2012aw,C2_SN2012aw,SN2012aw,83,2012aw_2015-05-18_Gemini-N_GMOS_None,2012aw_2015-05-18_Gemini-N_GMOS_None.txt,2015-05-18 00:00:00.00,,late_nebular_or_tail_spectral_state,H_alpha,H alpha,H,6562.8,384,5.60476978791e-17,2.26521826234e-17,8.0419837175e-05,353.932932827,173.562763573,63.4494809781,2.26518363498e-05,-0.00358139425655,-0.450263833588,546.380921139,-25.208284388,1.7278967737,-1.20352093169,1,1,443916929830,date_ordered_line_window_proxy_change,late_nebular_or_tail_spectral_state,late_element_redistribution_state,yes,post-collapse spectral element-line structural state,C2_SN2012aw/2012aw_2015-05-18_Gemini-N_GMOS_None.txt::H_alpha
C2_SN2012aw_spectral_state_00555,C2_SN2012aw,C2_SN2012aw,SN2012aw,84,2012aw_2017-04-22_Gemini-N_GMOS_None,2012aw_2017-04-22_Gemini-N_GMOS_None.txt,2017-04-22 00:00:00.00,,late_nebular_or_tail_spectral_state,H_beta,H beta,H,4861.3,137,1.79509204705e-17,1.44005690569e-18,1.86219548498e-05,279.974760538,-4398.94103296,81.3516647507,1.44004739789e-06,-8.5439345215e-19,-6.75553347827e-05,3.479934019,-3821.87716277,-2.7585078224,-8.5431516587e-07,1,0,1.89787418939,date_ordered_line_window_proxy_change,late_nebular_or_tail_spectral_state,late_element_redistribution_state,yes,post-collapse spectral element-line structural state,C2_SN2012aw/2012aw_2017-04-22_Gemini-N_GMOS_None.txt::H_beta
C2_SN2012aw_spectral_state_00556,C2_SN2012aw,C2_SN2012aw,SN2012aw,84,2012aw_2017-04-22_Gemini-N_GMOS_None,2012aw_2017-04-22_Gemini-N_GMOS_None.txt,2017-04-22 00:00:00.00,,late_nebular_or_tail_spectral_state,Fe_II_5169,Fe II 5169,Fe,5169,177,2.09747996529e-17,-8.8398224266e-19,2.02497655933e-05,361.718963045,-7087.24154282,98.6611275518,8.83975657731e-07,1.91241624061e-18,-0.000151609129549,9.643591128,-8267.94754595,-1.7302448162,-1.91232779858e-06,1,1,3.9948827053,date_ordered_line_window_proxy_change,late_nebular_or_tail_spectral_state,late_element_redistribution_state,yes,post-collapse spectral element-line structural state,C2_SN2012aw/2012aw_2017-04-22_Gemini-N_GMOS_None.txt::Fe_II_5169
C2_SN2012aw_spectral_state_00557,C2_SN2012aw,C2_SN2012aw,SN2012aw,84,2012aw_2017-04-22_Gemini-N_GMOS_None,2012aw_2017-04-22_Gemini-N_GMOS_None.txt,2017-04-22 00:00:00.00,,late_nebular_or_tail_spectral_state,He_I_5876,He I 5876,He,5875.6,156,1.75642113152e-17,2.99397603877e-19,7.26373922751e-06,318.803863891,249.612704994,70.7929742637,2.99396407075e-07,-5.15616660434e-18,-3.99455981332e-05,-1.02505775,222.070657837,-7.1427468961,-5.1560353534e-06,1,1,0.449268506445,date_ordered_line_window_proxy_change,late_nebular_or_tail_spectral_state,late_element_redistribution_state,yes,post-collapse spectral element-line structural state,C2_SN2012aw/2012aw_2017-04-22_Gemini-N_GMOS_None.txt::He_I_5876
C2_SN2012aw_spectral_state_00558,C2_SN2012aw,C2_SN2012aw,SN2012aw,84,2012aw_2017-04-22_Gemini-N_GMOS_None,2012aw_2017-04-22_Gemini-N_GMOS_None.txt,2017-04-22 00:00:00.00,,late_nebular_or_tail_spectral_state,Ni_Co_decay_proxy,Ni/Co decay proxy blend,NiCo,5890,254,1.73580267091e-17,4.72082224972e-19,7.05755969789e-06,519.078103467,-483.936669904,130.469170595,4.72079293181e-07,1.58925178218e-19,-4.549306182e-05,-0.759002832,221.527734667,-11.72835946,1.58932878966e-07,1,1,0.613258472357,date_ordered_line_window_proxy_change,late_nebular_or_tail_spectral_state,late_element_redistribution_state,yes,post-collapse spectral element-line structural state,C2_SN2012aw/2012aw_2017-04-22_Gemini-N_GMOS_None.txt::Ni_Co_decay_proxy
C2_SN2012aw_spectral_state_00559,C2_SN2012aw,C2_SN2012aw,SN2012aw,84,2012aw_2017-04-22_Gemini-N_GMOS_None,2012aw_2017-04-22_Gemini-N_GMOS_None.txt,2017-04-22 00:00:00.00,,late_nebular_or_tail_spectral_state,Si_II_6355,Si II 6355,Si,6355,157,1.72026098078e-17,-1.58962229732e-18,1.01056852238e-05,320.848200508,-3152.91909552,86.8886059423,1.58961321505e-06,1.04640831395e-17,-7.01753485559e-05,14.838890838,310.16761217,3.7076078762,-1.04637657719e-05,1,1,0.775301362452,date_ordered_line_window_proxy_change,late_nebular_or_tail_spectral_state,late_element_redistribution_state,yes,post-collapse spectral element-line structural state,C2_SN2012aw/2012aw_2017-04-22_Gemini-N_GMOS_None.txt::Si_II_6355
C2_SN2012aw_spectral_state_00560,C2_SN2012aw,C2_SN2012aw,SN2012aw,84,2012aw_2017-04-22_Gemini-N_GMOS_None,2012aw_2017-04-22_Gemini-N_GMOS_None.txt,2017-04-22 00:00:00.00,,late_nebular_or_tail_spectral_state,H_alpha,H alpha,H,6562.8,176,1.40207257927e-17,6.32643810949e-18,3.71927564641e-06,359.675260832,304.155384459,56.6104530237,6.32641994383e-06,-1.63257445139e-17,-7.67005615286e-05,5.742328005,130.592620886,-6.8390279544,-1.6325416406e-05,1,1,0.543817368931,date_ordered_line_window_proxy_change,late_nebular_or_tail_spectral_state,late_element_redistribution_state,yes,post-collapse spectral element-line structural state,C2_SN2012aw/2012aw_2017-04-22_Gemini-N_GMOS_None.txt::H_alpha
